GAME_ID,EVENTNUM,EVENTMSGTYPE,EVENTMSGACTIONTYPE,PERIOD,WCTIMESTRING,PCTIMESTRING,HOMEDESCRIPTION,NEUTRALDESCRIPTION,VISITORDESCRIPTION,SCORE,SCOREMARGIN,PERSON1TYPE,PLAYER1_ID,PLAYER1_NAME,PLAYER1_TEAM_ID,PLAYER1_TEAM_CITY,PLAYER1_TEAM_NICKNAME,PLAYER1_TEAM_ABBREVIATION,PERSON2TYPE,PLAYER2_ID,PLAYER2_NAME,PLAYER2_TEAM_ID,PLAYER2_TEAM_CITY,PLAYER2_TEAM_NICKNAME,PLAYER2_TEAM_ABBREVIATION,PERSON3TYPE,PLAYER3_ID,PLAYER3_NAME,PLAYER3_TEAM_ID,PLAYER3_TEAM_CITY,PLAYER3_TEAM_NICKNAME,PLAYER3_TEAM_ABBREVIATION
0021500153,1,12,0,1,8:12 PM,12:00,,,,,,0.0,0,,,,,,0,0,,,,,,0,0,,,,,
0021500153,2,10,0,1,8:12 PM,12:00,Jump Ball Gasol vs. Mahinmi: Tip to Mirotic,,,,,4.0,2200,Pau Gasol,1610612741.0,Chicago,Bulls,CHI,5,101133,Ian Mahinmi,1610612754.0,Indiana,Pacers,IND,4,202703,Nikola Mirotic,1610612741.0,Chicago,Bulls,CHI
0021500153,3,2,1,1,8:13 PM,11:39,MISS Gasol 8' Jump Shot,,,,,4.0,2200,Pau Gasol,1610612741.0,Chicago,Bulls,CHI,0,0,,,,,,0,0,,,,,
0021500153,4,4,0,1,8:13 PM,11:39,,,Pacers Rebound,,,3.0,1610612754,,,,,,0,0,,,,,,0,0,,,,,
0021500153,5,5,45,1,8:13 PM,11:23,,,Ellis Out of Bounds - Bad Pass Turnover Turnover (P1.T1),,,5.0,101145,Monta Ellis,1610612754.0,Indiana,Pacers,IND,0,0,,,,,,0,0,,,,,
0021500153,6,2,1,1,8:13 PM,11:07,MISS Mirotic 21' Jump Shot,,,,,4.0,202703,Nikola Mirotic,1610612741.0,Chicago,Bulls,CHI,0,0,,,,,,0,0,,,,,
0021500153,8,4,0,1,8:13 PM,11:05,Mirotic REBOUND (Off:1 Def:0),,,,,4.0,202703,Nikola Mirotic,1610612741.0,Chicago,Bulls,CHI,0,0,,,,,,0,0,,,,,
0021500153,7,2,5,1,8:13 PM,11:05,MISS Mirotic 2' Layup,,,,,4.0,202703,Nikola Mirotic,1610612741.0,Chicago,Bulls,CHI,0,0,,,,,,0,0,,,,,
0021500153,9,4,0,1,8:13 PM,11:04,Gasol REBOUND (Off:1 Def:0),,,,,4.0,2200,Pau Gasol,1610612741.0,Chicago,Bulls,CHI,0,0,,,,,,0,0,,,,,
0021500153,10,1,1,1,8:14 PM,11:00,Snell 25' 3PT Jump Shot (3 PTS) (Rose 1 AST),,,0 - 3,3,4.0,203503,Tony Snell,1610612741.0,Chicago,Bulls,CHI,4,201565,Derrick Rose,1610612741.0,Chicago,Bulls,CHI,0,0,,,,,
0021500153,11,2,1,1,8:14 PM,10:44,,,MISS George 18' Jump Shot,,,5.0,202331,Paul George,1610612754.0,Indiana,Pacers,IND,0,0,,,,,,0,0,,,,,
0021500153,12,4,0,1,8:14 PM,10:43,Gasol REBOUND (Off:1 Def:1),,,,,4.0,2200,Pau Gasol,1610612741.0,Chicago,Bulls,CHI,0,0,,,,,,0,0,,,,,
0021500153,13,2,1,1,8:14 PM,10:30,MISS Butler 21' Jump Shot,,,,,4.0,202710,Jimmy Butler,1610612741.0,Chicago,Bulls,CHI,0,0,,,,,,0,0,,,,,
0021500153,14,4,0,1,8:14 PM,10:29,,,Budinger REBOUND (Off:0 Def:1),,,5.0,201978,Chase Budinger,1610612754.0,Indiana,Pacers,IND,0,0,,,,,,0,0,,,,,
0021500153,15,2,1,1,8:14 PM,10:25,,,MISS Miles 15' Jump Shot,,,5.0,101139,CJ Miles,1610612754.0,Indiana,Pacers,IND,0,0,,,,,,0,0,,,,,
0021500153,16,4,0,1,8:14 PM,10:24,Gasol REBOUND (Off:1 Def:2),,,,,4.0,2200,Pau Gasol,1610612741.0,Chicago,Bulls,CHI,0,0,,,,,,0,0,,,,,
0021500153,17,1,66,1,8:14 PM,10:18,Rose 16' Jump Bank Shot (2 PTS),,,0 - 5,5,4.0,201565,Derrick Rose,1610612741.0,Chicago,Bulls,CHI,0,0,,,,,,0,0,,,,,
0021500153,18,2,5,1,8:14 PM,10:04,,,MISS Miles 2' Layup,,,5.0,101139,CJ Miles,1610612754.0,Indiana,Pacers,IND,0,0,,,,,,0,0,,,,,
0021500153,19,4,0,1,8:14 PM,10:02,Mirotic REBOUND (Off:1 Def:1),,,,,4.0,202703,Nikola Mirotic,1610612741.0,Chicago,Bulls,CHI,0,0,,,,,,0,0,,,,,
0021500153,20,1,1,1,8:15 PM,9:52,Rose 8' Jump Shot (4 PTS),,,0 - 7,7,4.0,201565,Derrick Rose,1610612741.0,Chicago,Bulls,CHI,0,0,,,,,,0,0,,,,,
0021500153,21,1,1,1,8:15 PM,9:32,,,George 21' Jump Shot (2 PTS),2 - 7,5,5.0,202331,Paul George,1610612754.0,Indiana,Pacers,IND,0,0,,,,,,0,0,,,,,
0021500153,23,1,76,1,8:15 PM,9:13,Mirotic 1' Running Finger Roll Layup (2 PTS),,,2 - 9,7,4.0,202703,Nikola Mirotic,1610612741.0,Chicago,Bulls,CHI,0,0,,,,,,0,0,,,,,
0021500153,24,9,1,1,8:15 PM,9:12,,,Pacers Timeout: Regular (Reg.1 Short 0),,,3.0,1610612754,,,,,,0,0,,,,,,0,0,,,,,
0021500153,26,2,1,1,8:18 PM,8:51,,,MISS Miles 25' 3PT Jump Shot,,,5.0,101139,CJ Miles,1610612754.0,Indiana,Pacers,IND,0,0,,,,,,0,0,,,,,
0021500153,27,4,0,1,8:18 PM,8:50,Gasol REBOUND (Off:1 Def:3),,,,,4.0,2200,Pau Gasol,1610612741.0,Chicago,Bulls,CHI,0,0,,,,,,0,0,,,,,
0021500153,28,1,1,1,8:18 PM,8:32,Rose 25' 3PT Jump Shot (7 PTS) (Gasol 1 AST),,,2 - 12,10,4.0,201565,Derrick Rose,1610612741.0,Chicago,Bulls,CHI,4,2200,Pau Gasol,1610612741.0,Chicago,Bulls,CHI,0,0,,,,,
0021500153,29,2,73,1,8:19 PM,8:18,,,MISS Mahinmi 2' Driving Reverse Layup,,,5.0,101133,Ian Mahinmi,1610612754.0,Indiana,Pacers,IND,0,0,,,,,,0,0,,,,,
0021500153,30,4,0,1,8:19 PM,8:17,Gasol REBOUND (Off:1 Def:4),,,,,4.0,2200,Pau Gasol,1610612741.0,Chicago,Bulls,CHI,0,0,,,,,,0,0,,,,,
0021500153,31,2,1,1,8:19 PM,8:10,MISS Gasol 20' Jump Shot,,,,,4.0,2200,Pau Gasol,1610612741.0,Chicago,Bulls,CHI,0,0,,,,,,0,0,,,,,
0021500153,32,4,0,1,8:19 PM,8:09,,,Budinger REBOUND (Off:0 Def:2),,,5.0,201978,Chase Budinger,1610612754.0,Indiana,Pacers,IND,0,0,,,,,,0,0,,,,,
0021500153,33,2,42,1,8:19 PM,7:55,,,MISS George 3' Driving Layup,,,5.0,202331,Paul George,1610612754.0,Indiana,Pacers,IND,0,0,,,,,,0,0,,,,,
0021500153,34,4,0,1,8:19 PM,7:54,Gasol REBOUND (Off:1 Def:5),,,,,4.0,2200,Pau Gasol,1610612741.0,Chicago,Bulls,CHI,0,0,,,,,,0,0,,,,,
0021500153,35,1,1,1,8:19 PM,7:45,Snell 25' 3PT Jump Shot (6 PTS) (Butler 1 AST),,,2 - 15,13,4.0,203503,Tony Snell,1610612741.0,Chicago,Bulls,CHI,4,202710,Jimmy Butler,1610612741.0,Chicago,Bulls,CHI,0,0,,,,,
0021500153,36,1,1,1,8:19 PM,7:33,,,Miles  3PT Jump Shot (3 PTS) (George 1 AST),5 - 15,10,5.0,101139,CJ Miles,1610612754.0,Indiana,Pacers,IND,5,202331,Paul George,1610612754.0,Indiana,Pacers,IND,0,0,,,,,
0021500153,37,5,1,1,8:20 PM,7:17,Butler Bad Pass Turnover (P1.T1),,Budinger STEAL (1 STL),,,4.0,202710,Jimmy Butler,1610612741.0,Chicago,Bulls,CHI,5,201978,Chase Budinger,1610612754.0,Indiana,Pacers,IND,0,0,,,,,
0021500153,38,2,44,1,8:20 PM,7:11,,,MISS Ellis 1' Reverse Layup,,,5.0,101145,Monta Ellis,1610612754.0,Indiana,Pacers,IND,0,0,,,,,,0,0,,,,,
0021500153,39,4,0,1,8:20 PM,7:09,Mirotic REBOUND (Off:1 Def:2),,,,,4.0,202703,Nikola Mirotic,1610612741.0,Chicago,Bulls,CHI,0,0,,,,,,0,0,,,,,
0021500153,40,6,2,1,8:20 PM,7:00,,,Miles S.FOUL (P1.T1) (M.Smith),,,5.0,101139,CJ Miles,1610612754.0,Indiana,Pacers,IND,4,202710,Jimmy Butler,1610612741.0,Chicago,Bulls,CHI,1,0,,,,,
0021500153,41,3,11,1,8:20 PM,7:00,MISS Butler Free Throw 1 of 2,,,,,4.0,202710,Jimmy Butler,1610612741.0,Chicago,Bulls,CHI,0,0,,,,,,0,0,,,,,
0021500153,42,4,1,1,8:20 PM,7:00,BULLS Rebound,,,,,2.0,1610612741,,,,,,0,0,,,,,,0,0,,,,,
0021500153,43,3,12,1,8:20 PM,7:00,Butler Free Throw 2 of 2 (1 PTS),,,5 - 16,11,4.0,202710,Jimmy Butler,1610612741.0,Chicago,Bulls,CHI,0,0,,,,,,0,0,,,,,
0021500153,45,2,42,1,8:21 PM,6:46,Rose BLOCK (1 BLK),,MISS Mahinmi 1' Driving Layup,,,5.0,101133,Ian Mahinmi,1610612754.0,Indiana,Pacers,IND,0,0,,,,,,4,201565,Derrick Rose,1610612741.0,Chicago,Bulls,CHI
0021500153,46,4,0,1,8:21 PM,6:45,BULLS Rebound,,,,,2.0,1610612741,,,,,,0,0,,,,,,0,0,,,,,
0021500153,47,2,79,1,8:21 PM,6:35,MISS Rose 20' Pullup Jump Shot,,,,,4.0,201565,Derrick Rose,1610612741.0,Chicago,Bulls,CHI,0,0,,,,,,0,0,,,,,
0021500153,48,4,0,1,8:21 PM,6:34,,,Mahinmi REBOUND (Off:0 Def:1),,,5.0,101133,Ian Mahinmi,1610612754.0,Indiana,Pacers,IND,0,0,,,,,,0,0,,,,,
0021500153,49,1,1,1,8:21 PM,6:22,,,Miles 25' 3PT Jump Shot (6 PTS) (Mahinmi 1 AST),8 - 16,8,5.0,101139,CJ Miles,1610612754.0,Indiana,Pacers,IND,5,101133,Ian Mahinmi,1610612754.0,Indiana,Pacers,IND,0,0,,,,,
0021500153,50,5,1,1,8:22 PM,6:02,Mirotic Bad Pass Turnover (P1.T2),,Mahinmi STEAL (1 STL),,,4.0,202703,Nikola Mirotic,1610612741.0,Chicago,Bulls,CHI,5,101133,Ian Mahinmi,1610612754.0,Indiana,Pacers,IND,0,0,,,,,
0021500153,51,5,1,1,8:22 PM,5:59,,,Budinger Bad Pass Turnover (P1.T2),,,5.0,201978,Chase Budinger,1610612754.0,Indiana,Pacers,IND,0,0,,,,,,0,0,,,,,
0021500153,52,2,1,1,8:22 PM,5:44,MISS Mirotic 26' 3PT Jump Shot,,,,,4.0,202703,Nikola Mirotic,1610612741.0,Chicago,Bulls,CHI,0,0,,,,,,0,0,,,,,
0021500153,53,4,0,1,8:22 PM,5:43,,,Mahinmi REBOUND (Off:0 Def:2),,,5.0,101133,Ian Mahinmi,1610612754.0,Indiana,Pacers,IND,0,0,,,,,,0,0,,,,,
0021500153,54,2,63,1,8:23 PM,5:23,,,MISS Ellis 6' Fadeaway Jumper,,,5.0,101145,Monta Ellis,1610612754.0,Indiana,Pacers,IND,0,0,,,,,,0,0,,,,,
0021500153,55,4,0,1,8:23 PM,5:22,,,Mahinmi REBOUND (Off:1 Def:2),,,5.0,101133,Ian Mahinmi,1610612754.0,Indiana,Pacers,IND,0,0,,,,,,0,0,,,,,
0021500153,56,2,72,1,8:23 PM,5:21,,,MISS Mahinmi 2' Putback Layup,,,5.0,101133,Ian Mahinmi,1610612754.0,Indiana,Pacers,IND,0,0,,,,,,0,0,,,,,
0021500153,57,4,0,1,8:23 PM,5:20,Mirotic REBOUND (Off:1 Def:3),,,,,4.0,202703,Nikola Mirotic,1610612741.0,Chicago,Bulls,CHI,0,0,,,,,,0,0,,,,,
0021500153,58,2,1,1,8:23 PM,5:11,MISS Snell 25' 3PT Jump Shot,,,,,4.0,203503,Tony Snell,1610612741.0,Chicago,Bulls,CHI,0,0,,,,,,0,0,,,,,
0021500153,59,4,0,1,8:23 PM,5:10,,,George REBOUND (Off:0 Def:1),,,5.0,202331,Paul George,1610612754.0,Indiana,Pacers,IND,0,0,,,,,,0,0,,,,,
0021500153,60,1,1,1,8:23 PM,4:59,,,Ellis 20' Jump Shot (2 PTS) (Mahinmi 2 AST),10 - 16,6,5.0,101145,Monta Ellis,1610612754.0,Indiana,Pacers,IND,5,101133,Ian Mahinmi,1610612754.0,Indiana,Pacers,IND,0,0,,,,,
0021500153,61,2,55,1,8:23 PM,4:37,MISS Mirotic 6' Hook Shot,,,,,4.0,202703,Nikola Mirotic,1610612741.0,Chicago,Bulls,CHI,0,0,,,,,,0,0,,,,,
0021500153,62,4,0,1,8:23 PM,4:36,,,Miles REBOUND (Off:0 Def:1),,,5.0,101139,CJ Miles,1610612754.0,Indiana,Pacers,IND,0,0,,,,,,0,0,,,,,
0021500153,63,6,1,1,8:24 PM,4:29,Butler P.FOUL (P1.T1) (J.Goble),,,,,4.0,202710,Jimmy Butler,1610612741.0,Chicago,Bulls,CHI,5,202331,Paul George,1610612754.0,Indiana,Pacers,IND,1,0,,,,,
0021500153,64,7,1,1,8:24 PM,4:29,BULLS Violation: Delay of game Violation,,,,,2.0,1610612741,,,,,,0,0,,,,,,1,0,,,,,
0021500153,67,8,0,1,8:24 PM,4:29,SUB: Hinrich FOR Rose,,,,,4.0,201565,Derrick Rose,1610612741.0,Chicago,Bulls,CHI,4,2550,Kirk Hinrich,1610612741.0,Chicago,Bulls,CHI,0,0,,,,,
0021500153,66,8,0,1,8:24 PM,4:29,SUB: Gibson FOR Gasol,,,,,4.0,2200,Pau Gasol,1610612741.0,Chicago,Bulls,CHI,4,201959,Taj Gibson,1610612741.0,Chicago,Bulls,CHI,0,0,,,,,
0021500153,65,8,0,1,8:24 PM,4:29,SUB: Noah FOR Mirotic,,,,,4.0,202703,Nikola Mirotic,1610612741.0,Chicago,Bulls,CHI,4,201149,Joakim Noah,1610612741.0,Chicago,Bulls,CHI,0,0,,,,,
0021500153,69,8,0,1,8:24 PM,4:29,,,SUB: Hill FOR Ellis,,,5.0,101145,Monta Ellis,1610612754.0,Indiana,Pacers,IND,5,201941,Jordan Hill,1610612754.0,Indiana,Pacers,IND,0,0,,,,,
0021500153,68,8,0,1,8:24 PM,4:29,,,SUB: Young FOR Mahinmi,,,5.0,101133,Ian Mahinmi,1610612754.0,Indiana,Pacers,IND,5,1626202,Joe Young,1610612754.0,Indiana,Pacers,IND,0,0,,,,,
0021500153,70,2,1,1,8:24 PM,4:19,,,MISS Miles 24' 3PT Jump Shot,,,5.0,101139,CJ Miles,1610612754.0,Indiana,Pacers,IND,0,0,,,,,,0,0,,,,,
0021500153,71,4,0,1,8:25 PM,4:18,Butler REBOUND (Off:0 Def:1),,,,,4.0,202710,Jimmy Butler,1610612741.0,Chicago,Bulls,CHI,0,0,,,,,,0,0,,,,,
0021500153,73,8,0,1,8:25 PM,4:06,,,SUB: Allen FOR Miles,,,5.0,101139,CJ Miles,1610612754.0,Indiana,Pacers,IND,5,202730,Lavoy Allen,1610612754.0,Indiana,Pacers,IND,0,0,,,,,
0021500153,74,1,5,1,8:25 PM,4:04,Gibson 3' Layup (2 PTS) (Hinrich 1 AST),,,10 - 18,8,4.0,201959,Taj Gibson,1610612741.0,Chicago,Bulls,CHI,4,2550,Kirk Hinrich,1610612741.0,Chicago,Bulls,CHI,0,0,,,,,
0021500153,75,6,2,1,8:25 PM,3:53,Noah S.FOUL (P1.T2) (M.Smith),,,,,4.0,201149,Joakim Noah,1610612741.0,Chicago,Bulls,CHI,5,202331,Paul George,1610612754.0,Indiana,Pacers,IND,1,0,,,,,
0021500153,76,3,11,1,8:26 PM,3:53,,,George Free Throw 1 of 2 (3 PTS),11 - 18,7,5.0,202331,Paul George,1610612754.0,Indiana,Pacers,IND,0,0,,,,,,0,0,,,,,
0021500153,78,8,0,1,8:26 PM,3:53,SUB: McDermott FOR Snell,,,,,4.0,203503,Tony Snell,1610612741.0,Chicago,Bulls,CHI,4,203926,Doug McDermott,1610612741.0,Chicago,Bulls,CHI,0,0,,,,,
0021500153,79,8,0,1,8:26 PM,3:53,,,SUB: Robinson III FOR Budinger,,,5.0,201978,Chase Budinger,1610612754.0,Indiana,Pacers,IND,5,203922,Glenn Robinson III,1610612754.0,Indiana,Pacers,IND,0,0,,,,,
0021500153,80,3,12,1,8:26 PM,3:53,,,George Free Throw 2 of 2 (4 PTS),12 - 18,6,5.0,202331,Paul George,1610612754.0,Indiana,Pacers,IND,0,0,,,,,,0,0,,,,,
0021500153,82,1,42,1,8:26 PM,3:28,Butler 2' Driving Layup (3 PTS) (Gibson 1 AST),,,12 - 20,8,4.0,202710,Jimmy Butler,1610612741.0,Chicago,Bulls,CHI,4,201959,Taj Gibson,1610612741.0,Chicago,Bulls,CHI,0,0,,,,,
0021500153,83,1,1,1,8:27 PM,3:05,,,George 25' 3PT Jump Shot (7 PTS) (Hill 1 AST),15 - 20,5,5.0,202331,Paul George,1610612754.0,Indiana,Pacers,IND,5,201941,Jordan Hill,1610612754.0,Indiana,Pacers,IND,0,0,,,,,
0021500153,84,1,5,1,8:27 PM,2:40,McDermott 2' Layup (2 PTS) (Gibson 2 AST),,,15 - 22,7,4.0,203926,Doug McDermott,1610612741.0,Chicago,Bulls,CHI,4,201959,Taj Gibson,1610612741.0,Chicago,Bulls,CHI,0,0,,,,,
0021500153,85,5,1,1,8:27 PM,2:29,Noah STEAL (1 STL),,Allen Bad Pass Turnover (P1.T3),,,5.0,202730,Lavoy Allen,1610612754.0,Indiana,Pacers,IND,4,201149,Joakim Noah,1610612741.0,Chicago,Bulls,CHI,0,0,,,,,
0021500153,86,6,1,1,8:28 PM,2:21,,,Young P.FOUL (P1.T2) (M.Smith),,,5.0,1626202,Joe Young,1610612754.0,Indiana,Pacers,IND,4,2550,Kirk Hinrich,1610612741.0,Chicago,Bulls,CHI,1,0,,,,,
0021500153,87,9,1,1,8:28 PM,2:21,BULLS Timeout: Regular (Full 1 Short 0),,,,,2.0,1610612741,,,,,,0,0,,,,,,0,0,,,,,
0021500153,88,1,42,1,8:30 PM,2:14,Noah 2' Driving Layup (2 PTS) (Butler 2 AST),,,15 - 24,9,4.0,201149,Joakim Noah,1610612741.0,Chicago,Bulls,CHI,4,202710,Jimmy Butler,1610612741.0,Chicago,Bulls,CHI,0,0,,,,,
0021500153,89,1,1,1,8:30 PM,2:02,,,George 17' Jump Shot (9 PTS),17 - 24,7,5.0,202331,Paul George,1610612754.0,Indiana,Pacers,IND,0,0,,,,,,0,0,,,,,
0021500153,90,1,1,1,8:31 PM,1:49,McDermott 26' 3PT Jump Shot (5 PTS) (Noah 1 AST),,,17 - 27,10,4.0,203926,Doug McDermott,1610612741.0,Chicago,Bulls,CHI,4,201149,Joakim Noah,1610612741.0,Chicago,Bulls,CHI,0,0,,,,,
0021500153,93,2,1,1,8:31 PM,1:27,,,MISS Robinson III  3PT Jump Shot,,,5.0,203922,Glenn Robinson III,1610612754.0,Indiana,Pacers,IND,0,0,,,,,,0,0,,,,,
0021500153,94,4,0,1,8:31 PM,1:26,Hinrich REBOUND (Off:0 Def:1),,,,,4.0,2550,Kirk Hinrich,1610612741.0,Chicago,Bulls,CHI,0,0,,,,,,0,0,,,,,
0021500153,95,1,5,1,8:31 PM,1:16,McDermott 2' Layup (7 PTS),,,17 - 29,12,4.0,203926,Doug McDermott,1610612741.0,Chicago,Bulls,CHI,0,0,,,,,,0,0,,,,,
0021500153,96,1,5,1,8:32 PM,1:04,,,Robinson III 2' Layup (2 PTS) (Allen 1 AST),19 - 29,10,5.0,203922,Glenn Robinson III,1610612754.0,Indiana,Pacers,IND,5,202730,Lavoy Allen,1610612754.0,Indiana,Pacers,IND,0,0,,,,,
0021500153,97,2,42,1,8:32 PM,0:42,MISS Hinrich 2' Driving Layup,,,,,4.0,2550,Kirk Hinrich,1610612741.0,Chicago,Bulls,CHI,0,0,,,,,,0,0,,,,,
0021500153,99,4,0,1,8:32 PM,0:41,Gibson REBOUND (Off:1 Def:0),,,,,4.0,201959,Taj Gibson,1610612741.0,Chicago,Bulls,CHI,0,0,,,,,,0,0,,,,,
0021500153,98,2,97,1,8:32 PM,0:41,MISS Gibson 3' Tip Layup Shot,,,,,4.0,201959,Taj Gibson,1610612741.0,Chicago,Bulls,CHI,0,0,,,,,,0,0,,,,,
0021500153,100,4,0,1,8:32 PM,0:40,,,Hill REBOUND (Off:0 Def:1),,,5.0,201941,Jordan Hill,1610612754.0,Indiana,Pacers,IND,0,0,,,,,,0,0,,,,,
0021500153,101,2,1,1,8:32 PM,0:32,,,MISS George 19' Jump Shot,,,5.0,202331,Paul George,1610612754.0,Indiana,Pacers,IND,0,0,,,,,,0,0,,,,,
0021500153,102,4,0,1,8:32 PM,0:30,,,Hill REBOUND (Off:1 Def:1),,,5.0,201941,Jordan Hill,1610612754.0,Indiana,Pacers,IND,0,0,,,,,,0,0,,,,,
0021500153,103,6,2,1,8:32 PM,0:30,Gibson S.FOUL (P1.T3) (H.Workman),,,,,4.0,201959,Taj Gibson,1610612741.0,Chicago,Bulls,CHI,5,203922,Glenn Robinson III,1610612754.0,Indiana,Pacers,IND,1,0,,,,,
0021500153,104,3,11,1,8:32 PM,0:30,,,Robinson III Free Throw 1 of 2 (3 PTS),20 - 29,9,5.0,203922,Glenn Robinson III,1610612754.0,Indiana,Pacers,IND,0,0,,,,,,0,0,,,,,
0021500153,107,8,0,1,8:33 PM,0:30,SUB: Mirotic FOR Gibson,,,,,4.0,201959,Taj Gibson,1610612741.0,Chicago,Bulls,CHI,4,202703,Nikola Mirotic,1610612741.0,Chicago,Bulls,CHI,0,0,,,,,
0021500153,108,3,12,1,8:33 PM,0:30,,,Robinson III Free Throw 2 of 2 (4 PTS),21 - 29,8,5.0,203922,Glenn Robinson III,1610612754.0,Indiana,Pacers,IND,0,0,,,,,,0,0,,,,,
0021500153,110,1,47,1,8:33 PM,0:11,Hinrich 4' Turnaround Jump Shot (2 PTS),,,21 - 31,10,4.0,2550,Kirk Hinrich,1610612741.0,Chicago,Bulls,CHI,0,0,,,,,,0,0,,,,,
0021500153,111,5,1,1,8:33 PM,0:00,Hinrich STEAL (1 STL),,George Bad Pass Turnover (P1.T4),,,5.0,202331,Paul George,1610612754.0,Indiana,Pacers,IND,4,2550,Kirk Hinrich,1610612741.0,Chicago,Bulls,CHI,0,0,,,,,
0021500153,112,2,1,1,8:34 PM,0:00,MISS Hinrich 44' 3PT Jump Shot,,,,,4.0,2550,Kirk Hinrich,1610612741.0,Chicago,Bulls,CHI,0,0,,,,,,0,0,,,,,
0021500153,114,4,0,1,8:34 PM,0:00,BULLS Rebound,,,,,2.0,1610612741,,,,,,0,0,,,,,,0,0,,,,,
0021500153,113,13,0,1,8:34 PM,0:00,,,,21 - 31,10,0.0,0,,,,,,0,0,,,,,,0,0,,,,,
0021500153,115,12,0,2,8:36 PM,12:00,,,,21 - 31,10,0.0,0,,,,,,0,0,,,,,,0,0,,,,,
0021500153,116,6,2,2,8:36 PM,11:50,Rose S.FOUL (P1.T1) (H.Workman),,,,,4.0,201565,Derrick Rose,1610612741.0,Chicago,Bulls,CHI,5,1626202,Joe Young,1610612754.0,Indiana,Pacers,IND,1,0,,,,,
0021500153,117,3,11,2,8:37 PM,11:50,,,Young Free Throw 1 of 2 (1 PTS),22 - 31,9,5.0,1626202,Joe Young,1610612754.0,Indiana,Pacers,IND,0,0,,,,,,0,0,,,,,
0021500153,119,3,12,2,8:37 PM,11:50,,,MISS Young Free Throw 2 of 2,,,5.0,1626202,Joe Young,1610612754.0,Indiana,Pacers,IND,0,0,,,,,,0,0,,,,,
0021500153,121,4,0,2,8:37 PM,11:48,Gibson REBOUND (Off:1 Def:1),,,,,4.0,201959,Taj Gibson,1610612741.0,Chicago,Bulls,CHI,0,0,,,,,,0,0,,,,,
0021500153,123,1,52,2,8:38 PM,11:26,Gibson  Alley Oop Dunk (4 PTS) (Noah 2 AST),,,22 - 33,11,4.0,201959,Taj Gibson,1610612741.0,Chicago,Bulls,CHI,4,201149,Joakim Noah,1610612741.0,Chicago,Bulls,CHI,0,0,,,,,
0021500153,124,1,71,2,8:38 PM,11:07,,,Allen 4' Finger Roll Layup (2 PTS),24 - 33,9,5.0,202730,Lavoy Allen,1610612754.0,Indiana,Pacers,IND,0,0,,,,,,0,0,,,,,
0021500153,125,2,1,2,8:38 PM,10:49,MISS McDermott 11' Jump Shot,,,,,4.0,203926,Doug McDermott,1610612741.0,Chicago,Bulls,CHI,0,0,,,,,,0,0,,,,,
0021500153,126,4,0,2,8:38 PM,10:48,,,Hill REBOUND (Off:1 Def:2),,,5.0,201941,Jordan Hill,1610612754.0,Indiana,Pacers,IND,0,0,,,,,,0,0,,,,,
0021500153,128,5,1,2,8:39 PM,10:30,Rose STEAL (1 STL),,S. Hill Bad Pass Turnover (P1.T5),,,5.0,203524,Solomon Hill,1610612754.0,Indiana,Pacers,IND,4,201565,Derrick Rose,1610612741.0,Chicago,Bulls,CHI,0,0,,,,,
0021500153,129,1,41,2,8:39 PM,10:24,Moore 2' Running Layup (2 PTS),,,24 - 35,11,4.0,202734,E'Twaun Moore,1610612741.0,Chicago,Bulls,CHI,0,0,,,,,,0,0,,,,,
0021500153,130,2,5,2,8:39 PM,10:01,Gibson BLOCK (1 BLK),,MISS Hill 2' Layup,,,5.0,201941,Jordan Hill,1610612754.0,Indiana,Pacers,IND,0,0,,,,,,4,201959,Taj Gibson,1610612741.0,Chicago,Bulls,CHI
0021500153,131,4,0,2,8:39 PM,10:01,,,Pacers Rebound,,,3.0,1610612754,,,,,,0,0,,,,,,0,0,,,,,
0021500153,132,2,1,2,8:39 PM,9:58,,,MISS S. Hill 12' Jump Shot,,,5.0,203524,Solomon Hill,1610612754.0,Indiana,Pacers,IND,0,0,,,,,,0,0,,,,,
0021500153,133,4,0,2,8:39 PM,9:57,Gibson REBOUND (Off:1 Def:2),,,,,4.0,201959,Taj Gibson,1610612741.0,Chicago,Bulls,CHI,0,0,,,,,,0,0,,,,,
0021500153,134,1,1,2,8:40 PM,9:48,Gibson 16' Jump Shot (6 PTS) (Rose 2 AST),,,24 - 37,13,4.0,201959,Taj Gibson,1610612741.0,Chicago,Bulls,CHI,4,201565,Derrick Rose,1610612741.0,Chicago,Bulls,CHI,0,0,,,,,
0021500153,135,9,1,2,8:40 PM,9:48,,,Pacers Timeout: Regular (Reg.2 Short 0),,,3.0,1610612754,,,,,,0,0,,,,,,0,0,,,,,
0021500153,136,18,0,2,8:40 PM,9:48,,,,,,,123,Robert Pack,,,,,0,0,,,,,,1,0,,,,,
0021500153,138,8,0,2,8:42 PM,9:48,,,SUB: Ellis FOR Young,,,5.0,1626202,Joe Young,1610612754.0,Indiana,Pacers,IND,5,101145,Monta Ellis,1610612754.0,Indiana,Pacers,IND,0,0,,,,,
0021500153,139,1,3,2,8:42 PM,9:31,,,Hill 6' Hook Shot (2 PTS) (Allen 2 AST),26 - 37,11,5.0,201941,Jordan Hill,1610612754.0,Indiana,Pacers,IND,5,202730,Lavoy Allen,1610612754.0,Indiana,Pacers,IND,0,0,,,,,
0021500153,141,1,5,2,8:43 PM,9:18,Noah 1' Layup (4 PTS) (Gibson 3 AST),,,26 - 39,13,4.0,201149,Joakim Noah,1610612741.0,Chicago,Bulls,CHI,4,201959,Taj Gibson,1610612741.0,Chicago,Bulls,CHI,0,0,,,,,
0021500153,142,6,2,2,8:43 PM,9:18,,,Allen S.FOUL (P1.T1) (M.Smith),,,5.0,202730,Lavoy Allen,1610612754.0,Indiana,Pacers,IND,4,201149,Joakim Noah,1610612741.0,Chicago,Bulls,CHI,1,0,,,,,
0021500153,143,3,10,2,8:43 PM,9:18,MISS Noah Free Throw 1 of 1,,,,,4.0,201149,Joakim Noah,1610612741.0,Chicago,Bulls,CHI,0,0,,,,,,0,0,,,,,
0021500153,145,4,0,2,8:43 PM,9:17,,,Hill REBOUND (Off:1 Def:3),,,5.0,201941,Jordan Hill,1610612754.0,Indiana,Pacers,IND,0,0,,,,,,0,0,,,,,
0021500153,146,1,1,2,8:43 PM,9:00,,,S. Hill 4' Jump Shot (2 PTS),28 - 39,11,5.0,203524,Solomon Hill,1610612754.0,Indiana,Pacers,IND,0,0,,,,,,0,0,,,,,
0021500153,147,2,58,2,8:44 PM,8:42,MISS Noah 7' Turnaround Hook Shot,,,,,4.0,201149,Joakim Noah,1610612741.0,Chicago,Bulls,CHI,0,0,,,,,,0,0,,,,,
0021500153,148,4,0,2,8:44 PM,8:41,,,Allen REBOUND (Off:0 Def:1),,,5.0,202730,Lavoy Allen,1610612754.0,Indiana,Pacers,IND,0,0,,,,,,0,0,,,,,
0021500153,149,2,1,2,8:44 PM,8:20,,,MISS Hill 21' Jump Shot,,,5.0,201941,Jordan Hill,1610612754.0,Indiana,Pacers,IND,0,0,,,,,,0,0,,,,,
0021500153,150,4,0,2,8:44 PM,8:19,Gibson REBOUND (Off:1 Def:3),,,,,4.0,201959,Taj Gibson,1610612741.0,Chicago,Bulls,CHI,0,0,,,,,,0,0,,,,,
0021500153,151,1,66,2,8:44 PM,8:13,Rose 16' Jump Bank Shot (9 PTS),,,28 - 41,13,4.0,201565,Derrick Rose,1610612741.0,Chicago,Bulls,CHI,0,0,,,,,,0,0,,,,,
0021500153,152,1,98,2,8:45 PM,7:49,,,Allen 2' Cutting Layup Shot (4 PTS) (Ellis 1 AST),30 - 41,11,5.0,202730,Lavoy Allen,1610612754.0,Indiana,Pacers,IND,5,101145,Monta Ellis,1610612754.0,Indiana,Pacers,IND,0,0,,,,,
0021500153,153,6,2,2,8:45 PM,7:49,McDermott S.FOUL (P1.T2) (M.Smith),,,,,4.0,203926,Doug McDermott,1610612741.0,Chicago,Bulls,CHI,5,202730,Lavoy Allen,1610612754.0,Indiana,Pacers,IND,1,0,,,,,
0021500153,154,3,10,2,8:45 PM,7:49,,,MISS Allen Free Throw 1 of 1,,,5.0,202730,Lavoy Allen,1610612754.0,Indiana,Pacers,IND,0,0,,,,,,0,0,,,,,
0021500153,156,4,0,2,8:45 PM,7:47,Gibson REBOUND (Off:1 Def:4),,,,,4.0,201959,Taj Gibson,1610612741.0,Chicago,Bulls,CHI,0,0,,,,,,0,0,,,,,
0021500153,158,2,1,2,8:45 PM,7:34,MISS McDermott 21' Jump Shot,,,,,4.0,203926,Doug McDermott,1610612741.0,Chicago,Bulls,CHI,0,0,,,,,,0,0,,,,,
0021500153,159,4,0,2,8:45 PM,7:33,,,Hill REBOUND (Off:1 Def:4),,,5.0,201941,Jordan Hill,1610612754.0,Indiana,Pacers,IND,0,0,,,,,,0,0,,,,,
0021500153,160,2,1,2,8:45 PM,7:19,,,MISS Robinson III 17' Jump Shot,,,5.0,203922,Glenn Robinson III,1610612754.0,Indiana,Pacers,IND,0,0,,,,,,0,0,,,,,
0021500153,161,4,0,2,8:45 PM,7:18,,,Allen REBOUND (Off:1 Def:1),,,5.0,202730,Lavoy Allen,1610612754.0,Indiana,Pacers,IND,0,0,,,,,,0,0,,,,,
0021500153,162,2,1,2,8:46 PM,7:11,,,MISS Robinson III 24' 3PT Jump Shot,,,5.0,203922,Glenn Robinson III,1610612754.0,Indiana,Pacers,IND,0,0,,,,,,0,0,,,,,
0021500153,163,4,0,2,8:46 PM,7:09,,,S. Hill REBOUND (Off:1 Def:0),,,5.0,203524,Solomon Hill,1610612754.0,Indiana,Pacers,IND,0,0,,,,,,0,0,,,,,
0021500153,164,2,5,2,8:46 PM,7:05,Gibson BLOCK (2 BLK),,MISS Robinson III 2' Layup,,,5.0,203922,Glenn Robinson III,1610612754.0,Indiana,Pacers,IND,0,0,,,,,,4,201959,Taj Gibson,1610612741.0,Chicago,Bulls,CHI
0021500153,165,4,0,2,8:46 PM,7:04,Moore REBOUND (Off:0 Def:1),,,,,4.0,202734,E'Twaun Moore,1610612741.0,Chicago,Bulls,CHI,0,0,,,,,,0,0,,,,,
0021500153,166,2,46,2,8:46 PM,6:58,MISS McDermott 26' 3PT Running Jump Shot,,,,,4.0,203926,Doug McDermott,1610612741.0,Chicago,Bulls,CHI,0,0,,,,,,0,0,,,,,
0021500153,167,4,0,2,8:46 PM,6:57,,,Hill REBOUND (Off:1 Def:5),,,5.0,201941,Jordan Hill,1610612754.0,Indiana,Pacers,IND,0,0,,,,,,0,0,,,,,
0021500153,168,2,1,2,8:46 PM,6:47,,,MISS Allen 21' Jump Shot,,,5.0,202730,Lavoy Allen,1610612754.0,Indiana,Pacers,IND,0,0,,,,,,0,0,,,,,
0021500153,169,4,0,2,8:46 PM,6:46,Noah REBOUND (Off:0 Def:1),,,,,4.0,201149,Joakim Noah,1610612741.0,Chicago,Bulls,CHI,0,0,,,,,,0,0,,,,,
0021500153,170,2,1,2,8:46 PM,6:38,MISS Rose 17' Jump Shot,,Ellis BLOCK (1 BLK),,,4.0,201565,Derrick Rose,1610612741.0,Chicago,Bulls,CHI,0,0,,,,,,5,101145,Monta Ellis,1610612754.0,Indiana,Pacers,IND
0021500153,171,4,0,2,8:46 PM,6:35,,,Ellis REBOUND (Off:0 Def:1),,,5.0,101145,Monta Ellis,1610612754.0,Indiana,Pacers,IND,0,0,,,,,,0,0,,,,,
0021500153,172,2,1,2,8:46 PM,6:29,,,MISS Ellis 23' Jump Shot,,,5.0,101145,Monta Ellis,1610612754.0,Indiana,Pacers,IND,0,0,,,,,,0,0,,,,,
0021500153,173,4,0,2,8:46 PM,6:27,McDermott REBOUND (Off:0 Def:1),,,,,4.0,203926,Doug McDermott,1610612741.0,Chicago,Bulls,CHI,0,0,,,,,,0,0,,,,,
0021500153,174,6,2,2,8:46 PM,6:20,,,Robinson III S.FOUL (P1.T2) (M.Smith),,,5.0,203922,Glenn Robinson III,1610612754.0,Indiana,Pacers,IND,4,201959,Taj Gibson,1610612741.0,Chicago,Bulls,CHI,1,0,,,,,
0021500153,176,3,11,2,8:47 PM,6:20,Gibson Free Throw 1 of 2 (7 PTS),,,30 - 42,12,4.0,201959,Taj Gibson,1610612741.0,Chicago,Bulls,CHI,0,0,,,,,,0,0,,,,,
0021500153,178,8,0,2,8:47 PM,6:20,,,SUB: Mahinmi FOR Allen,,,5.0,202730,Lavoy Allen,1610612754.0,Indiana,Pacers,IND,5,101133,Ian Mahinmi,1610612754.0,Indiana,Pacers,IND,0,0,,,,,
0021500153,179,8,0,2,8:47 PM,6:20,SUB: Butler FOR Noah,,,,,4.0,201149,Joakim Noah,1610612741.0,Chicago,Bulls,CHI,4,202710,Jimmy Butler,1610612741.0,Chicago,Bulls,CHI,0,0,,,,,
0021500153,180,8,0,2,8:47 PM,6:20,SUB: Snell FOR McDermott,,,,,4.0,203926,Doug McDermott,1610612741.0,Chicago,Bulls,CHI,4,203503,Tony Snell,1610612741.0,Chicago,Bulls,CHI,0,0,,,,,
0021500153,181,8,0,2,8:47 PM,6:20,SUB: Gasol FOR Moore,,,,,4.0,202734,E'Twaun Moore,1610612741.0,Chicago,Bulls,CHI,4,2200,Pau Gasol,1610612741.0,Chicago,Bulls,CHI,0,0,,,,,
0021500153,182,3,12,2,8:47 PM,6:20,MISS Gibson Free Throw 2 of 2,,,,,4.0,201959,Taj Gibson,1610612741.0,Chicago,Bulls,CHI,0,0,,,,,,0,0,,,,,
0021500153,184,4,0,2,8:47 PM,6:18,,,Mahinmi REBOUND (Off:1 Def:3),,,5.0,101133,Ian Mahinmi,1610612754.0,Indiana,Pacers,IND,0,0,,,,,,0,0,,,,,
0021500153,185,1,5,2,8:48 PM,6:00,,,Mahinmi 3' Layup (2 PTS) (Ellis 2 AST),32 - 42,10,5.0,101133,Ian Mahinmi,1610612754.0,Indiana,Pacers,IND,5,101145,Monta Ellis,1610612754.0,Indiana,Pacers,IND,0,0,,,,,
0021500153,186,1,1,2,8:48 PM,5:45,Rose 20' Jump Shot (11 PTS) (Gibson 4 AST),,,32 - 44,12,4.0,201565,Derrick Rose,1610612741.0,Chicago,Bulls,CHI,4,201959,Taj Gibson,1610612741.0,Chicago,Bulls,CHI,0,0,,,,,
0021500153,187,2,1,2,8:48 PM,5:24,,,MISS S. Hill 26' 3PT Jump Shot,,,5.0,203524,Solomon Hill,1610612754.0,Indiana,Pacers,IND,0,0,,,,,,0,0,,,,,
0021500153,188,4,0,2,8:48 PM,5:23,Gibson REBOUND (Off:1 Def:5),,,,,4.0,201959,Taj Gibson,1610612741.0,Chicago,Bulls,CHI,0,0,,,,,,0,0,,,,,
0021500153,189,6,26,2,8:48 PM,5:20,Snell Offensive Charge Foul (P1.T3) (J.Goble),,,,,4.0,203503,Tony Snell,1610612741.0,Chicago,Bulls,CHI,5,203524,Solomon Hill,1610612754.0,Indiana,Pacers,IND,1,0,,,,,
0021500153,190,5,5,2,8:48 PM,5:20,Snell Foul Turnover (P1.T3),,,,,4.0,203503,Tony Snell,1610612741.0,Chicago,Bulls,CHI,0,0,,,,,,1,0,,,,,
0021500153,191,9,1,2,8:49 PM,5:20,,,,,,1.0,0,,,,,,0,0,,,,,,0,0,,,,,
0021500153,193,8,0,2,8:51 PM,5:20,,,SUB: George FOR Robinson III,,,5.0,203922,Glenn Robinson III,1610612754.0,Indiana,Pacers,IND,5,202331,Paul George,1610612754.0,Indiana,Pacers,IND,0,0,,,,,
0021500153,195,2,1,2,8:51 PM,5:05,,,MISS Ellis 21' Jump Shot,,,5.0,101145,Monta Ellis,1610612754.0,Indiana,Pacers,IND,0,0,,,,,,0,0,,,,,
0021500153,196,4,0,2,8:51 PM,5:04,Snell REBOUND (Off:0 Def:1),,,,,4.0,203503,Tony Snell,1610612741.0,Chicago,Bulls,CHI,0,0,,,,,,0,0,,,,,
0021500153,198,2,1,2,8:52 PM,4:44,MISS Gasol  3PT Jump Shot,,,,,4.0,2200,Pau Gasol,1610612741.0,Chicago,Bulls,CHI,0,0,,,,,,0,0,,,,,
0021500153,200,4,0,2,8:52 PM,4:41,Gibson REBOUND (Off:2 Def:5),,,,,4.0,201959,Taj Gibson,1610612741.0,Chicago,Bulls,CHI,0,0,,,,,,0,0,,,,,
0021500153,199,2,72,2,8:52 PM,4:41,MISS Gibson 1' Putback Layup,,Hill BLOCK (1 BLK),,,4.0,201959,Taj Gibson,1610612741.0,Chicago,Bulls,CHI,0,0,,,,,,5,201941,Jordan Hill,1610612754.0,Indiana,Pacers,IND
0021500153,201,4,0,2,8:52 PM,4:39,,,Ellis REBOUND (Off:0 Def:2),,,5.0,101145,Monta Ellis,1610612754.0,Indiana,Pacers,IND,0,0,,,,,,0,0,,,,,
0021500153,202,1,1,2,8:52 PM,4:33,,,George 24' 3PT Jump Shot (12 PTS) (Ellis 3 AST),35 - 44,9,5.0,202331,Paul George,1610612754.0,Indiana,Pacers,IND,5,101145,Monta Ellis,1610612754.0,Indiana,Pacers,IND,0,0,,,,,
0021500153,203,1,1,2,8:52 PM,4:06,Butler 23' Jump Shot (5 PTS) (Snell 1 AST),,,35 - 46,11,4.0,202710,Jimmy Butler,1610612741.0,Chicago,Bulls,CHI,4,203503,Tony Snell,1610612741.0,Chicago,Bulls,CHI,0,0,,,,,
0021500153,205,2,1,2,8:53 PM,3:40,,,MISS S. Hill 29' 3PT Jump Shot,,,5.0,203524,Solomon Hill,1610612754.0,Indiana,Pacers,IND,0,0,,,,,,0,0,,,,,
0021500153,206,4,0,2,8:53 PM,3:40,,,Pacers Rebound,,,3.0,1610612754,,,,,,0,0,,,,,,0,0,,,,,
0021500153,207,5,11,2,8:53 PM,3:40,,,Pacers Turnover: Shot Clock (T#6),,,3.0,1610612754,,,,,,0,0,,,,,,1,0,,,,,
0021500153,208,2,1,2,8:54 PM,3:27,MISS Snell 26' 3PT Jump Shot,,,,,4.0,203503,Tony Snell,1610612741.0,Chicago,Bulls,CHI,0,0,,,,,,0,0,,,,,
0021500153,209,4,0,2,8:54 PM,3:26,,,Mahinmi REBOUND (Off:1 Def:4),,,5.0,101133,Ian Mahinmi,1610612754.0,Indiana,Pacers,IND,0,0,,,,,,0,0,,,,,
0021500153,210,2,5,2,8:54 PM,3:09,,,MISS Hill 2' Layup,,,5.0,201941,Jordan Hill,1610612754.0,Indiana,Pacers,IND,0,0,,,,,,0,0,,,,,
0021500153,211,4,0,2,8:54 PM,3:08,Gibson REBOUND (Off:2 Def:6),,,,,4.0,201959,Taj Gibson,1610612741.0,Chicago,Bulls,CHI,0,0,,,,,,0,0,,,,,
0021500153,212,2,78,2,8:54 PM,2:53,MISS Rose 12' Floating Jump Shot,,,,,4.0,201565,Derrick Rose,1610612741.0,Chicago,Bulls,CHI,0,0,,,,,,0,0,,,,,
0021500153,213,4,0,2,8:54 PM,2:51,,,Mahinmi REBOUND (Off:1 Def:5),,,5.0,101133,Ian Mahinmi,1610612754.0,Indiana,Pacers,IND,0,0,,,,,,0,0,,,,,
0021500153,214,5,1,2,8:54 PM,2:41,Snell STEAL (1 STL),,George Bad Pass Turnover (P2.T7),,,5.0,202331,Paul George,1610612754.0,Indiana,Pacers,IND,4,203503,Tony Snell,1610612741.0,Chicago,Bulls,CHI,0,0,,,,,
0021500153,215,1,1,2,8:55 PM,2:32,Gasol 19' Jump Shot (2 PTS) (Gibson 5 AST),,,35 - 48,13,4.0,2200,Pau Gasol,1610612741.0,Chicago,Bulls,CHI,4,201959,Taj Gibson,1610612741.0,Chicago,Bulls,CHI,0,0,,,,,
0021500153,216,9,2,2,8:55 PM,2:32,,,Pacers Timeout: Short (Reg.2 Short 1),,,3.0,1610612754,,,,,,0,0,,,,,,0,0,,,,,
0021500153,217,9,1,2,8:55 PM,2:32,BULLS Timeout: Regular (Full 2 Short 0),,,,,2.0,1610612741,,,,,,0,0,,,,,,0,0,,,,,
0021500153,218,18,1,2,8:55 PM,2:32,,,,,,,203,Nate McMillan,,,,,0,0,,,,,,1,0,,,,,
0021500153,220,8,0,2,8:57 PM,2:32,SUB: Mirotic FOR Gibson,,,,,4.0,201959,Taj Gibson,1610612741.0,Chicago,Bulls,CHI,4,202703,Nikola Mirotic,1610612741.0,Chicago,Bulls,CHI,0,0,,,,,
0021500153,221,8,0,2,8:58 PM,2:32,,,SUB: Miles FOR Hill,,,5.0,201941,Jordan Hill,1610612754.0,Indiana,Pacers,IND,5,101139,CJ Miles,1610612754.0,Indiana,Pacers,IND,0,0,,,,,
0021500153,222,2,66,2,8:58 PM,2:22,,,MISS Ellis 14' Jump Bank Shot,,,5.0,101145,Monta Ellis,1610612754.0,Indiana,Pacers,IND,0,0,,,,,,0,0,,,,,
0021500153,223,4,0,2,8:58 PM,2:21,Gasol REBOUND (Off:1 Def:6),,,,,4.0,2200,Pau Gasol,1610612741.0,Chicago,Bulls,CHI,0,0,,,,,,0,0,,,,,
0021500153,224,5,1,2,8:58 PM,2:02,Butler Bad Pass Turnover (P2.T4),,Miles STEAL (1 STL),,,4.0,202710,Jimmy Butler,1610612741.0,Chicago,Bulls,CHI,5,101139,CJ Miles,1610612754.0,Indiana,Pacers,IND,0,0,,,,,
0021500153,225,2,42,2,8:58 PM,1:51,Gasol BLOCK (1 BLK),,MISS Miles 3' Driving Layup,,,5.0,101139,CJ Miles,1610612754.0,Indiana,Pacers,IND,0,0,,,,,,4,2200,Pau Gasol,1610612741.0,Chicago,Bulls,CHI
0021500153,226,4,0,2,8:58 PM,1:50,,,Pacers Rebound,,,3.0,1610612754,,,,,,0,0,,,,,,0,0,,,,,
0021500153,227,6,1,2,8:58 PM,1:50,Butler P.FOUL (P2.T4) (H.Workman),,,,,4.0,202710,Jimmy Butler,1610612741.0,Chicago,Bulls,CHI,5,101133,Ian Mahinmi,1610612754.0,Indiana,Pacers,IND,1,0,,,,,
0021500153,228,8,0,2,8:59 PM,1:50,,,SUB: Budinger FOR S. Hill,,,5.0,203524,Solomon Hill,1610612754.0,Indiana,Pacers,IND,5,201978,Chase Budinger,1610612754.0,Indiana,Pacers,IND,0,0,,,,,
0021500153,229,1,1,2,8:59 PM,1:41,,,Miles 26' 3PT Jump Shot (9 PTS) (Mahinmi 3 AST),38 - 48,10,5.0,101139,CJ Miles,1610612754.0,Indiana,Pacers,IND,5,101133,Ian Mahinmi,1610612754.0,Indiana,Pacers,IND,0,0,,,,,
0021500153,231,2,42,2,8:59 PM,1:29,MISS Rose 1' Driving Layup,,,,,4.0,201565,Derrick Rose,1610612741.0,Chicago,Bulls,CHI,0,0,,,,,,0,0,,,,,
0021500153,232,4,0,2,8:59 PM,1:29,,,Pacers Rebound,,,3.0,1610612754,,,,,,0,0,,,,,,0,0,,,,,
0021500153,234,1,1,2,8:59 PM,1:12,,,Miles 24' 3PT Jump Shot (12 PTS) (Ellis 4 AST),41 - 48,7,5.0,101139,CJ Miles,1610612754.0,Indiana,Pacers,IND,5,101145,Monta Ellis,1610612754.0,Indiana,Pacers,IND,0,0,,,,,
0021500153,235,2,3,2,9:00 PM,0:49,MISS Gasol 11' Hook Shot,,,,,4.0,2200,Pau Gasol,1610612741.0,Chicago,Bulls,CHI,0,0,,,,,,0,0,,,,,
0021500153,236,4,0,2,9:00 PM,0:48,,,Mahinmi REBOUND (Off:1 Def:6),,,5.0,101133,Ian Mahinmi,1610612754.0,Indiana,Pacers,IND,0,0,,,,,,0,0,,,,,
0021500153,237,2,42,2,9:00 PM,0:43,Snell BLOCK (1 BLK),,MISS Budinger 1' Driving Layup,,,5.0,201978,Chase Budinger,1610612754.0,Indiana,Pacers,IND,0,0,,,,,,4,203503,Tony Snell,1610612741.0,Chicago,Bulls,CHI
0021500153,238,4,0,2,9:00 PM,0:42,,,Ellis REBOUND (Off:1 Def:2),,,5.0,101145,Monta Ellis,1610612754.0,Indiana,Pacers,IND,0,0,,,,,,0,0,,,,,
0021500153,239,1,72,2,9:00 PM,0:42,,,Ellis 3' Putback Layup (4 PTS),43 - 48,5,5.0,101145,Monta Ellis,1610612754.0,Indiana,Pacers,IND,0,0,,,,,,0,0,,,,,
0021500153,241,9,2,2,9:00 PM,0:42,BULLS Timeout: Short (Full 2 Short 1),,,,,2.0,1610612741,,,,,,0,0,,,,,,0,0,,,,,
0021500153,243,1,5,2,9:01 PM,0:36,Gasol 3' Layup (4 PTS) (Rose 3 AST),,,43 - 50,7,4.0,2200,Pau Gasol,1610612741.0,Chicago,Bulls,CHI,4,201565,Derrick Rose,1610612741.0,Chicago,Bulls,CHI,0,0,,,,,
0021500153,244,6,2,2,9:01 PM,0:36,,,Mahinmi S.FOUL (P1.T3) (J.Goble),,,5.0,101133,Ian Mahinmi,1610612754.0,Indiana,Pacers,IND,4,2200,Pau Gasol,1610612741.0,Chicago,Bulls,CHI,1,0,,,,,
0021500153,245,8,0,2,9:02 PM,0:36,SUB: Hinrich FOR Butler,,,,,4.0,202710,Jimmy Butler,1610612741.0,Chicago,Bulls,CHI,4,2550,Kirk Hinrich,1610612741.0,Chicago,Bulls,CHI,0,0,,,,,
0021500153,246,3,10,2,9:02 PM,0:36,MISS Gasol Free Throw 1 of 1,,,,,4.0,2200,Pau Gasol,1610612741.0,Chicago,Bulls,CHI,0,0,,,,,,0,0,,,,,
0021500153,248,4,0,2,9:02 PM,0:35,,,Mahinmi REBOUND (Off:1 Def:7),,,5.0,101133,Ian Mahinmi,1610612754.0,Indiana,Pacers,IND,0,0,,,,,,0,0,,,,,
0021500153,249,5,1,2,9:02 PM,0:26,Hinrich STEAL (2 STL),,George Bad Pass Turnover (P3.T8),,,5.0,202331,Paul George,1610612754.0,Indiana,Pacers,IND,4,2550,Kirk Hinrich,1610612741.0,Chicago,Bulls,CHI,0,0,,,,,
0021500153,250,6,3,2,9:02 PM,0:26,,,Budinger L.B.FOUL (P1.PN) (J.Goble),,,5.0,201978,Chase Budinger,1610612754.0,Indiana,Pacers,IND,4,2550,Kirk Hinrich,1610612741.0,Chicago,Bulls,CHI,1,0,,,,,
0021500153,251,3,11,2,9:03 PM,0:26,MISS Hinrich Free Throw 1 of 2,,,,,4.0,2550,Kirk Hinrich,1610612741.0,Chicago,Bulls,CHI,0,0,,,,,,0,0,,,,,
0021500153,253,4,0,2,9:03 PM,0:26,BULLS Rebound,,,,,2.0,1610612741,,,,,,0,0,,,,,,0,0,,,,,
0021500153,252,8,0,2,9:03 PM,0:26,SUB: Noah FOR Mirotic,,,,,4.0,202703,Nikola Mirotic,1610612741.0,Chicago,Bulls,CHI,4,201149,Joakim Noah,1610612741.0,Chicago,Bulls,CHI,0,0,,,,,
0021500153,254,8,0,2,9:03 PM,0:26,SUB: Gibson FOR Gasol,,,,,4.0,2200,Pau Gasol,1610612741.0,Chicago,Bulls,CHI,4,201959,Taj Gibson,1610612741.0,Chicago,Bulls,CHI,0,0,,,,,
0021500153,255,3,12,2,9:03 PM,0:26,Hinrich Free Throw 2 of 2 (3 PTS),,,43 - 51,8,4.0,2550,Kirk Hinrich,1610612741.0,Chicago,Bulls,CHI,0,0,,,,,,0,0,,,,,
0021500153,258,1,5,2,9:03 PM,0:08,,,Ellis 2' Layup (6 PTS) (George 2 AST),45 - 51,6,5.0,101145,Monta Ellis,1610612754.0,Indiana,Pacers,IND,5,202331,Paul George,1610612754.0,Indiana,Pacers,IND,0,0,,,,,
0021500153,259,2,5,2,9:04 PM,0:03,MISS Hinrich 2' Layup,,Mahinmi BLOCK (1 BLK),,,4.0,2550,Kirk Hinrich,1610612741.0,Chicago,Bulls,CHI,0,0,,,,,,5,101133,Ian Mahinmi,1610612754.0,Indiana,Pacers,IND
0021500153,260,4,0,2,9:04 PM,0:03,BULLS Rebound,,,,,2.0,1610612741,,,,,,0,0,,,,,,0,0,,,,,
0021500153,261,8,0,2,9:04 PM,0:03,SUB: Gasol FOR Noah,,,,,4.0,201149,Joakim Noah,1610612741.0,Chicago,Bulls,CHI,4,2200,Pau Gasol,1610612741.0,Chicago,Bulls,CHI,0,0,,,,,
0021500153,262,8,0,2,9:04 PM,0:03,SUB: Mirotic FOR Gibson,,,,,4.0,201959,Taj Gibson,1610612741.0,Chicago,Bulls,CHI,4,202703,Nikola Mirotic,1610612741.0,Chicago,Bulls,CHI,0,0,,,,,
0021500153,263,8,0,2,9:04 PM,0:03,SUB: Butler FOR Hinrich,,,,,4.0,2550,Kirk Hinrich,1610612741.0,Chicago,Bulls,CHI,4,202710,Jimmy Butler,1610612741.0,Chicago,Bulls,CHI,0,0,,,,,
0021500153,264,8,0,2,9:04 PM,0:03,,,SUB: Allen FOR Miles,,,5.0,101139,CJ Miles,1610612754.0,Indiana,Pacers,IND,5,202730,Lavoy Allen,1610612754.0,Indiana,Pacers,IND,0,0,,,,,
0021500153,265,6,1,2,9:05 PM,0:00,,,Ellis P.FOUL (P1.PN) (H.Workman),,,5.0,101145,Monta Ellis,1610612754.0,Indiana,Pacers,IND,4,202710,Jimmy Butler,1610612741.0,Chicago,Bulls,CHI,1,0,,,,,
0021500153,266,3,11,2,9:05 PM,0:00,Butler Free Throw 1 of 2 (6 PTS),,,45 - 52,7,4.0,202710,Jimmy Butler,1610612741.0,Chicago,Bulls,CHI,0,0,,,,,,0,0,,,,,
0021500153,268,3,12,2,9:05 PM,0:00,Butler Free Throw 2 of 2 (7 PTS),,,45 - 53,8,4.0,202710,Jimmy Butler,1610612741.0,Chicago,Bulls,CHI,0,0,,,,,,0,0,,,,,
0021500153,270,13,0,2,9:06 PM,0:00,,,,45 - 53,8,0.0,0,,,,,,0,0,,,,,,0,0,,,,,
0021500153,271,12,0,3,9:21 PM,12:00,,,,45 - 53,8,0.0,0,,,,,,0,0,,,,,,0,0,,,,,
0021500153,272,2,1,3,9:21 PM,11:48,,,MISS George 15' Jump Shot,,,5.0,202331,Paul George,1610612754.0,Indiana,Pacers,IND,0,0,,,,,,0,0,,,,,
0021500153,273,4,0,3,9:21 PM,11:46,Rose REBOUND (Off:0 Def:1),,,,,4.0,201565,Derrick Rose,1610612741.0,Chicago,Bulls,CHI,0,0,,,,,,0,0,,,,,
0021500153,274,6,2,3,9:21 PM,11:43,,,George S.FOUL (P1.T1) (J.Goble),,,5.0,202331,Paul George,1610612754.0,Indiana,Pacers,IND,4,202710,Jimmy Butler,1610612741.0,Chicago,Bulls,CHI,1,0,,,,,
0021500153,275,3,11,3,9:22 PM,11:43,MISS Butler Free Throw 1 of 2,,,,,4.0,202710,Jimmy Butler,1610612741.0,Chicago,Bulls,CHI,0,0,,,,,,0,0,,,,,
0021500153,276,4,1,3,9:22 PM,11:43,BULLS Rebound,,,,,2.0,1610612741,,,,,,0,0,,,,,,0,0,,,,,
0021500153,277,3,12,3,9:22 PM,11:43,Butler Free Throw 2 of 2 (8 PTS),,,45 - 54,9,4.0,202710,Jimmy Butler,1610612741.0,Chicago,Bulls,CHI,0,0,,,,,,0,0,,,,,
0021500153,279,2,1,3,9:22 PM,11:29,,,MISS Ellis 15' Jump Shot,,,5.0,101145,Monta Ellis,1610612754.0,Indiana,Pacers,IND,0,0,,,,,,0,0,,,,,
0021500153,280,4,0,3,9:22 PM,11:28,Mirotic REBOUND (Off:1 Def:4),,,,,4.0,202703,Nikola Mirotic,1610612741.0,Chicago,Bulls,CHI,0,0,,,,,,0,0,,,,,
0021500153,281,7,5,3,9:22 PM,11:17,,,Ellis Violation:Kicked Ball (.),,,5.0,101145,Monta Ellis,1610612754.0,Indiana,Pacers,IND,0,0,,,,,,0,0,,,,,
0021500153,282,2,1,3,9:23 PM,11:05,MISS Mirotic  3PT Jump Shot,,,,,4.0,202703,Nikola Mirotic,1610612741.0,Chicago,Bulls,CHI,0,0,,,,,,0,0,,,,,
0021500153,283,4,0,3,9:23 PM,11:03,,,Budinger REBOUND (Off:0 Def:3),,,5.0,201978,Chase Budinger,1610612754.0,Indiana,Pacers,IND,0,0,,,,,,0,0,,,,,
0021500153,284,2,1,3,9:23 PM,10:46,,,MISS George 25' 3PT Jump Shot,,,5.0,202331,Paul George,1610612754.0,Indiana,Pacers,IND,0,0,,,,,,0,0,,,,,
0021500153,285,4,0,3,9:23 PM,10:44,Snell REBOUND (Off:0 Def:2),,,,,4.0,203503,Tony Snell,1610612741.0,Chicago,Bulls,CHI,0,0,,,,,,0,0,,,,,
0021500153,286,1,1,3,9:23 PM,10:39,Butler 19' Jump Shot (10 PTS) (Snell 2 AST),,,45 - 56,11,4.0,202710,Jimmy Butler,1610612741.0,Chicago,Bulls,CHI,4,203503,Tony Snell,1610612741.0,Chicago,Bulls,CHI,0,0,,,,,
0021500153,288,1,5,3,9:23 PM,10:25,,,Mahinmi 2' Layup (4 PTS) (George 3 AST),47 - 56,9,5.0,101133,Ian Mahinmi,1610612754.0,Indiana,Pacers,IND,5,202331,Paul George,1610612754.0,Indiana,Pacers,IND,0,0,,,,,
0021500153,289,2,1,3,9:24 PM,10:03,MISS Gasol 16' Jump Shot,,,,,4.0,2200,Pau Gasol,1610612741.0,Chicago,Bulls,CHI,0,0,,,,,,0,0,,,,,
0021500153,290,4,0,3,9:24 PM,10:02,,,George REBOUND (Off:0 Def:2),,,5.0,202331,Paul George,1610612754.0,Indiana,Pacers,IND,0,0,,,,,,0,0,,,,,
0021500153,291,2,82,3,9:24 PM,9:55,,,MISS Ellis 4' Driving Bank Shot,,,5.0,101145,Monta Ellis,1610612754.0,Indiana,Pacers,IND,0,0,,,,,,0,0,,,,,
0021500153,292,4,0,3,9:24 PM,9:54,Gasol REBOUND (Off:1 Def:7),,,,,4.0,2200,Pau Gasol,1610612741.0,Chicago,Bulls,CHI,0,0,,,,,,0,0,,,,,
0021500153,293,1,82,3,9:24 PM,9:48,Rose 14' Driving Bank Shot (13 PTS) (Gasol 2 AST),,,47 - 58,11,4.0,201565,Derrick Rose,1610612741.0,Chicago,Bulls,CHI,4,2200,Pau Gasol,1610612741.0,Chicago,Bulls,CHI,0,0,,,,,
0021500153,294,1,1,3,9:24 PM,9:30,,,Miles 17' Jump Shot (14 PTS),49 - 58,9,5.0,101139,CJ Miles,1610612754.0,Indiana,Pacers,IND,0,0,,,,,,0,0,,,,,
0021500153,295,5,1,3,9:25 PM,9:20,Gasol Bad Pass Turnover (P1.T5),,Ellis STEAL (1 STL),,,4.0,2200,Pau Gasol,1610612741.0,Chicago,Bulls,CHI,5,101145,Monta Ellis,1610612754.0,Indiana,Pacers,IND,0,0,,,,,
0021500153,296,1,50,3,9:25 PM,9:17,,,Ellis  Running Dunk (8 PTS),51 - 58,7,5.0,101145,Monta Ellis,1610612754.0,Indiana,Pacers,IND,0,0,,,,,,0,0,,,,,
0021500153,297,2,1,3,9:25 PM,9:01,MISS Gasol 18' Jump Shot,,,,,4.0,2200,Pau Gasol,1610612741.0,Chicago,Bulls,CHI,0,0,,,,,,0,0,,,,,
0021500153,298,4,0,3,9:25 PM,9:00,,,George REBOUND (Off:0 Def:3),,,5.0,202331,Paul George,1610612754.0,Indiana,Pacers,IND,0,0,,,,,,0,0,,,,,
0021500153,299,2,42,3,9:25 PM,8:54,,,MISS George 3' Driving Layup,,,5.0,202331,Paul George,1610612754.0,Indiana,Pacers,IND,0,0,,,,,,0,0,,,,,
0021500153,300,4,0,3,9:25 PM,8:53,Gasol REBOUND (Off:1 Def:8),,,,,4.0,2200,Pau Gasol,1610612741.0,Chicago,Bulls,CHI,0,0,,,,,,0,0,,,,,
0021500153,301,1,102,3,9:25 PM,8:47,Rose 12' Driving Floating Bank Jump Shot (15 PTS) (Butler 3 AST),,,51 - 60,9,4.0,201565,Derrick Rose,1610612741.0,Chicago,Bulls,CHI,4,202710,Jimmy Butler,1610612741.0,Chicago,Bulls,CHI,0,0,,,,,
0021500153,304,2,1,3,9:26 PM,8:29,,,MISS Budinger 24' 3PT Jump Shot,,,5.0,201978,Chase Budinger,1610612754.0,Indiana,Pacers,IND,0,0,,,,,,0,0,,,,,
0021500153,305,4,0,3,9:26 PM,8:28,Gasol REBOUND (Off:1 Def:9),,,,,4.0,2200,Pau Gasol,1610612741.0,Chicago,Bulls,CHI,0,0,,,,,,0,0,,,,,
0021500153,306,1,1,3,9:26 PM,8:21,Mirotic 25' 3PT Jump Shot (5 PTS) (Rose 4 AST),,,51 - 63,12,4.0,202703,Nikola Mirotic,1610612741.0,Chicago,Bulls,CHI,4,201565,Derrick Rose,1610612741.0,Chicago,Bulls,CHI,0,0,,,,,
0021500153,307,2,1,3,9:26 PM,8:07,,,MISS Ellis 25' 3PT Jump Shot,,,5.0,101145,Monta Ellis,1610612754.0,Indiana,Pacers,IND,0,0,,,,,,0,0,,,,,
0021500153,308,4,0,3,9:26 PM,8:05,Mirotic REBOUND (Off:1 Def:5),,,,,4.0,202703,Nikola Mirotic,1610612741.0,Chicago,Bulls,CHI,0,0,,,,,,0,0,,,,,
0021500153,309,2,1,3,9:26 PM,7:55,MISS Rose 10' Jump Shot,,,,,4.0,201565,Derrick Rose,1610612741.0,Chicago,Bulls,CHI,0,0,,,,,,0,0,,,,,
0021500153,310,4,0,3,9:26 PM,7:54,,,Mahinmi REBOUND (Off:1 Def:8),,,5.0,101133,Ian Mahinmi,1610612754.0,Indiana,Pacers,IND,0,0,,,,,,0,0,,,,,
0021500153,311,6,2,3,9:26 PM,7:49,Butler S.FOUL (P3.T1) (J.Goble),,,,,4.0,202710,Jimmy Butler,1610612741.0,Chicago,Bulls,CHI,5,101139,CJ Miles,1610612754.0,Indiana,Pacers,IND,1,0,,,,,
0021500153,312,18,0,3,9:26 PM,7:49,,,,,,,311,,,,,,0,0,,,,,,1,0,,,,,
0021500153,313,3,11,3,9:27 PM,7:49,,,MISS Miles Free Throw 1 of 2,,,5.0,101139,CJ Miles,1610612754.0,Indiana,Pacers,IND,0,0,,,,,,0,0,,,,,
0021500153,314,4,1,3,9:27 PM,7:49,,,Pacers Rebound,,,3.0,1610612754,,,,,,0,0,,,,,,0,0,,,,,
0021500153,315,8,0,3,9:27 PM,7:49,SUB: Hinrich FOR Rose,,,,,4.0,201565,Derrick Rose,1610612741.0,Chicago,Bulls,CHI,4,2550,Kirk Hinrich,1610612741.0,Chicago,Bulls,CHI,0,0,,,,,
0021500153,316,3,12,3,9:27 PM,7:49,,,Miles Free Throw 2 of 2 (15 PTS),52 - 63,11,5.0,101139,CJ Miles,1610612754.0,Indiana,Pacers,IND,0,0,,,,,,0,0,,,,,
0021500153,318,6,2,3,9:28 PM,7:30,,,Ellis S.FOUL (P2.T2) (M.Smith),,,5.0,101145,Monta Ellis,1610612754.0,Indiana,Pacers,IND,4,2550,Kirk Hinrich,1610612741.0,Chicago,Bulls,CHI,1,0,,,,,
0021500153,319,3,11,3,9:28 PM,7:30,Hinrich Free Throw 1 of 2 (4 PTS),,,52 - 64,12,4.0,2550,Kirk Hinrich,1610612741.0,Chicago,Bulls,CHI,0,0,,,,,,0,0,,,,,
0021500153,321,3,12,3,9:28 PM,7:30,Hinrich Free Throw 2 of 2 (5 PTS),,,52 - 65,13,4.0,2550,Kirk Hinrich,1610612741.0,Chicago,Bulls,CHI,0,0,,,,,,0,0,,,,,
0021500153,323,2,1,3,9:29 PM,7:07,,,MISS Ellis 26' 3PT Jump Shot,,,5.0,101145,Monta Ellis,1610612754.0,Indiana,Pacers,IND,0,0,,,,,,0,0,,,,,
0021500153,324,4,0,3,9:29 PM,7:05,Butler REBOUND (Off:0 Def:2),,,,,4.0,202710,Jimmy Butler,1610612741.0,Chicago,Bulls,CHI,0,0,,,,,,0,0,,,,,
0021500153,325,6,1,3,9:29 PM,7:00,,,Miles P.FOUL (P2.T3) (M.Smith),,,5.0,101139,CJ Miles,1610612754.0,Indiana,Pacers,IND,4,202703,Nikola Mirotic,1610612741.0,Chicago,Bulls,CHI,1,0,,,,,
0021500153,326,1,1,3,9:30 PM,6:49,Hinrich 20' Jump Shot (7 PTS) (Butler 4 AST),,,52 - 67,15,4.0,2550,Kirk Hinrich,1610612741.0,Chicago,Bulls,CHI,4,202710,Jimmy Butler,1610612741.0,Chicago,Bulls,CHI,0,0,,,,,
0021500153,328,9,1,3,9:30 PM,6:43,,,Pacers Timeout: Regular (Reg.3 Short 1),,,3.0,1610612754,,,,,,0,0,,,,,,0,0,,,,,
0021500153,329,1,5,3,9:32 PM,6:31,,,Ellis 2' Layup (10 PTS),54 - 67,13,5.0,101145,Monta Ellis,1610612754.0,Indiana,Pacers,IND,0,0,,,,,,0,0,,,,,
0021500153,330,6,2,3,9:33 PM,6:19,,,George S.FOUL (P2.T4) (J.Goble),,,5.0,202331,Paul George,1610612754.0,Indiana,Pacers,IND,4,202710,Jimmy Butler,1610612741.0,Chicago,Bulls,CHI,1,0,,,,,
0021500153,331,3,11,3,9:33 PM,6:19,MISS Butler Free Throw 1 of 2,,,,,4.0,202710,Jimmy Butler,1610612741.0,Chicago,Bulls,CHI,0,0,,,,,,0,0,,,,,
0021500153,332,4,1,3,9:33 PM,6:19,BULLS Rebound,,,,,2.0,1610612741,,,,,,0,0,,,,,,0,0,,,,,
0021500153,333,3,12,3,9:33 PM,6:19,Butler Free Throw 2 of 2 (11 PTS),,,54 - 68,14,4.0,202710,Jimmy Butler,1610612741.0,Chicago,Bulls,CHI,0,0,,,,,,0,0,,,,,
0021500153,335,1,1,3,9:34 PM,6:07,,,Miles 26' 3PT Jump Shot (18 PTS) (George 4 AST),57 - 68,11,5.0,101139,CJ Miles,1610612754.0,Indiana,Pacers,IND,5,202331,Paul George,1610612754.0,Indiana,Pacers,IND,0,0,,,,,
0021500153,336,6,2,3,9:34 PM,6:07,Mirotic S.FOUL (P1.T2) (M.Smith),,,,,4.0,202703,Nikola Mirotic,1610612741.0,Chicago,Bulls,CHI,5,101139,CJ Miles,1610612754.0,Indiana,Pacers,IND,1,0,,,,,
0021500153,337,3,10,3,9:34 PM,6:07,,,Miles Free Throw 1 of 1 (19 PTS),58 - 68,10,5.0,101139,CJ Miles,1610612754.0,Indiana,Pacers,IND,0,0,,,,,,0,0,,,,,
0021500153,339,6,1,3,9:34 PM,5:58,,,Ellis P.FOUL (P3.PN) (H.Workman),,,5.0,101145,Monta Ellis,1610612754.0,Indiana,Pacers,IND,4,202703,Nikola Mirotic,1610612741.0,Chicago,Bulls,CHI,1,0,,,,,
0021500153,340,3,11,3,9:35 PM,5:58,Mirotic Free Throw 1 of 2 (6 PTS),,,58 - 69,11,4.0,202703,Nikola Mirotic,1610612741.0,Chicago,Bulls,CHI,0,0,,,,,,0,0,,,,,
0021500153,342,3,12,3,9:35 PM,5:58,MISS Mirotic Free Throw 2 of 2,,,,,4.0,202703,Nikola Mirotic,1610612741.0,Chicago,Bulls,CHI,0,0,,,,,,0,0,,,,,
0021500153,344,4,0,3,9:35 PM,5:57,,,Miles REBOUND (Off:0 Def:2),,,5.0,101139,CJ Miles,1610612754.0,Indiana,Pacers,IND,0,0,,,,,,0,0,,,,,
0021500153,345,1,79,3,9:35 PM,5:50,,,Ellis 20' Pullup Jump Shot (12 PTS),60 - 69,9,5.0,101145,Monta Ellis,1610612754.0,Indiana,Pacers,IND,0,0,,,,,,0,0,,,,,
0021500153,347,8,0,3,9:36 PM,5:36,SUB: Gibson FOR Snell,,,,,4.0,203503,Tony Snell,1610612741.0,Chicago,Bulls,CHI,4,201959,Taj Gibson,1610612741.0,Chicago,Bulls,CHI,0,0,,,,,
0021500153,348,8,0,3,9:36 PM,5:36,SUB: McDermott FOR Mirotic,,,,,4.0,202703,Nikola Mirotic,1610612741.0,Chicago,Bulls,CHI,4,203926,Doug McDermott,1610612741.0,Chicago,Bulls,CHI,0,0,,,,,
0021500153,349,8,0,3,9:36 PM,5:36,,,SUB: Allen FOR Miles,,,5.0,101139,CJ Miles,1610612754.0,Indiana,Pacers,IND,5,202730,Lavoy Allen,1610612754.0,Indiana,Pacers,IND,0,0,,,,,
0021500153,350,5,45,3,9:36 PM,5:36,Hinrich Out of Bounds - Bad Pass Turnover Turnover (P1.T6),,,,,4.0,2550,Kirk Hinrich,1610612741.0,Chicago,Bulls,CHI,0,0,,,,,,0,0,,,,,
0021500153,351,1,1,3,9:37 PM,5:25,,,George 24' 3PT Jump Shot (15 PTS) (Ellis 5 AST),63 - 69,6,5.0,202331,Paul George,1610612754.0,Indiana,Pacers,IND,5,101145,Monta Ellis,1610612754.0,Indiana,Pacers,IND,0,0,,,,,
0021500153,352,9,1,3,9:37 PM,5:24,BULLS Timeout: Regular (Full 3 Short 1),,,,,2.0,1610612741,,,,,,0,0,,,,,,0,0,,,,,
0021500153,354,1,52,3,9:39 PM,5:15,Butler  Alley Oop Dunk (13 PTS) (Gasol 3 AST),,,63 - 71,8,4.0,202710,Jimmy Butler,1610612741.0,Chicago,Bulls,CHI,4,2200,Pau Gasol,1610612741.0,Chicago,Bulls,CHI,0,0,,,,,
0021500153,355,6,1,3,9:40 PM,5:04,Hinrich P.FOUL (P1.T3) (J.Goble),,,,,4.0,2550,Kirk Hinrich,1610612741.0,Chicago,Bulls,CHI,5,101133,Ian Mahinmi,1610612754.0,Indiana,Pacers,IND,1,0,,,,,
0021500153,356,8,0,3,9:40 PM,5:04,SUB: Noah FOR Gasol,,,,,4.0,2200,Pau Gasol,1610612741.0,Chicago,Bulls,CHI,4,201149,Joakim Noah,1610612741.0,Chicago,Bulls,CHI,0,0,,,,,
0021500153,357,5,1,3,9:40 PM,4:58,Butler STEAL (1 STL),,Mahinmi Bad Pass Turnover (P1.T9),,,5.0,101133,Ian Mahinmi,1610612754.0,Indiana,Pacers,IND,4,202710,Jimmy Butler,1610612741.0,Chicago,Bulls,CHI,0,0,,,,,
0021500153,358,1,1,3,9:40 PM,4:47,Butler 17' Jump Shot (15 PTS),,,63 - 73,10,4.0,202710,Jimmy Butler,1610612741.0,Chicago,Bulls,CHI,0,0,,,,,,0,0,,,,,
0021500153,360,5,1,3,9:41 PM,4:39,Butler STEAL (2 STL),,Ellis Bad Pass Turnover (P2.T10),,,5.0,101145,Monta Ellis,1610612754.0,Indiana,Pacers,IND,4,202710,Jimmy Butler,1610612741.0,Chicago,Bulls,CHI,0,0,,,,,
0021500153,361,2,1,3,9:41 PM,4:29,MISS Gibson 19' Jump Shot,,,,,4.0,201959,Taj Gibson,1610612741.0,Chicago,Bulls,CHI,0,0,,,,,,0,0,,,,,
0021500153,362,4,0,3,9:41 PM,4:27,,,Mahinmi REBOUND (Off:1 Def:9),,,5.0,101133,Ian Mahinmi,1610612754.0,Indiana,Pacers,IND,0,0,,,,,,0,0,,,,,
0021500153,363,1,41,3,9:41 PM,4:23,,,Ellis 2' Running Layup (14 PTS),65 - 73,8,5.0,101145,Monta Ellis,1610612754.0,Indiana,Pacers,IND,0,0,,,,,,0,0,,,,,
0021500153,364,2,5,3,9:41 PM,4:00,MISS McDermott 1' Layup,,,,,4.0,203926,Doug McDermott,1610612741.0,Chicago,Bulls,CHI,0,0,,,,,,0,0,,,,,
0021500153,365,4,0,3,9:41 PM,3:59,,,Budinger REBOUND (Off:0 Def:4),,,5.0,201978,Chase Budinger,1610612754.0,Indiana,Pacers,IND,0,0,,,,,,0,0,,,,,
0021500153,366,2,5,3,9:41 PM,3:53,,,MISS Ellis 2' Layup,,,5.0,101145,Monta Ellis,1610612754.0,Indiana,Pacers,IND,0,0,,,,,,0,0,,,,,
0021500153,367,4,0,3,9:41 PM,3:49,,,George REBOUND (Off:1 Def:3),,,5.0,202331,Paul George,1610612754.0,Indiana,Pacers,IND,0,0,,,,,,0,0,,,,,
0021500153,369,8,0,3,9:42 PM,3:41,,,SUB: Young FOR Budinger,,,5.0,201978,Chase Budinger,1610612754.0,Indiana,Pacers,IND,5,1626202,Joe Young,1610612754.0,Indiana,Pacers,IND,0,0,,,,,
0021500153,370,8,0,3,9:42 PM,3:41,,,SUB: Robinson III FOR Mahinmi,,,5.0,101133,Ian Mahinmi,1610612754.0,Indiana,Pacers,IND,5,203922,Glenn Robinson III,1610612754.0,Indiana,Pacers,IND,0,0,,,,,
0021500153,371,8,0,3,9:42 PM,3:41,,,SUB: Hill FOR Ellis,,,5.0,101145,Monta Ellis,1610612754.0,Indiana,Pacers,IND,5,201941,Jordan Hill,1610612754.0,Indiana,Pacers,IND,0,0,,,,,
0021500153,372,6,2,3,9:42 PM,3:39,Butler S.FOUL (P4.T4) (M.Smith),,,,,4.0,202710,Jimmy Butler,1610612741.0,Chicago,Bulls,CHI,5,202331,Paul George,1610612754.0,Indiana,Pacers,IND,1,0,,,,,
0021500153,373,3,11,3,9:42 PM,3:39,,,MISS George Free Throw 1 of 2,,,5.0,202331,Paul George,1610612754.0,Indiana,Pacers,IND,0,0,,,,,,0,0,,,,,
0021500153,374,4,1,3,9:42 PM,3:39,,,Pacers Rebound,,,3.0,1610612754,,,,,,0,0,,,,,,0,0,,,,,
0021500153,375,8,0,3,9:42 PM,3:39,SUB: Snell FOR Butler,,,,,4.0,202710,Jimmy Butler,1610612741.0,Chicago,Bulls,CHI,4,203503,Tony Snell,1610612741.0,Chicago,Bulls,CHI,0,0,,,,,
0021500153,376,3,12,3,9:43 PM,3:39,,,George Free Throw 2 of 2 (16 PTS),66 - 73,7,5.0,202331,Paul George,1610612754.0,Indiana,Pacers,IND,0,0,,,,,,0,0,,,,,
0021500153,378,6,2,3,9:43 PM,3:24,,,Robinson III S.FOUL (P2.PN) (J.Goble),,,5.0,203922,Glenn Robinson III,1610612754.0,Indiana,Pacers,IND,4,203926,Doug McDermott,1610612741.0,Chicago,Bulls,CHI,1,0,,,,,
0021500153,379,3,11,3,9:43 PM,3:24,McDermott Free Throw 1 of 2 (8 PTS),,,66 - 74,8,4.0,203926,Doug McDermott,1610612741.0,Chicago,Bulls,CHI,0,0,,,,,,0,0,,,,,
0021500153,382,8,0,3,9:44 PM,3:24,SUB: Rose FOR Hinrich,,,,,4.0,2550,Kirk Hinrich,1610612741.0,Chicago,Bulls,CHI,4,201565,Derrick Rose,1610612741.0,Chicago,Bulls,CHI,0,0,,,,,
0021500153,383,3,12,3,9:44 PM,3:24,McDermott Free Throw 2 of 2 (9 PTS),,,66 - 75,9,4.0,203926,Doug McDermott,1610612741.0,Chicago,Bulls,CHI,0,0,,,,,,0,0,,,,,
0021500153,385,1,5,3,9:44 PM,3:11,,,George 2' Layup (18 PTS) (Hill 2 AST),68 - 75,7,5.0,202331,Paul George,1610612754.0,Indiana,Pacers,IND,5,201941,Jordan Hill,1610612754.0,Indiana,Pacers,IND,0,0,,,,,
0021500153,386,1,7,3,9:44 PM,2:56,Noah  Dunk (6 PTS) (Rose 5 AST),,,68 - 77,9,4.0,201149,Joakim Noah,1610612741.0,Chicago,Bulls,CHI,4,201565,Derrick Rose,1610612741.0,Chicago,Bulls,CHI,0,0,,,,,
0021500153,387,1,1,3,9:45 PM,2:37,,,Young 18' Jump Shot (3 PTS),70 - 77,7,5.0,1626202,Joe Young,1610612754.0,Indiana,Pacers,IND,0,0,,,,,,0,0,,,,,
0021500153,388,2,78,3,9:45 PM,2:24,MISS Rose 6' Floating Jump Shot,,,,,4.0,201565,Derrick Rose,1610612741.0,Chicago,Bulls,CHI,0,0,,,,,,0,0,,,,,
0021500153,389,4,0,3,9:45 PM,2:22,,,Young REBOUND (Off:0 Def:1),,,5.0,1626202,Joe Young,1610612754.0,Indiana,Pacers,IND,0,0,,,,,,0,0,,,,,
0021500153,390,6,1,3,9:45 PM,2:18,Gibson P.FOUL (P2.PN) (J.Goble),,,,,4.0,201959,Taj Gibson,1610612741.0,Chicago,Bulls,CHI,5,201941,Jordan Hill,1610612754.0,Indiana,Pacers,IND,1,0,,,,,
0021500153,391,3,11,3,9:45 PM,2:18,,,MISS Hill Free Throw 1 of 2,,,5.0,201941,Jordan Hill,1610612754.0,Indiana,Pacers,IND,0,0,,,,,,0,0,,,,,
0021500153,392,4,1,3,9:45 PM,2:18,,,Pacers Rebound,,,3.0,1610612754,,,,,,0,0,,,,,,0,0,,,,,
0021500153,393,3,12,3,9:45 PM,2:18,,,Hill Free Throw 2 of 2 (3 PTS),71 - 77,6,5.0,201941,Jordan Hill,1610612754.0,Indiana,Pacers,IND,0,0,,,,,,0,0,,,,,
0021500153,395,5,40,3,9:46 PM,2:09,Gibson Out of Bounds Lost Ball Turnover (P1.T7),,,,,4.0,201959,Taj Gibson,1610612741.0,Chicago,Bulls,CHI,0,0,,,,,,0,0,,,,,
0021500153,396,2,1,3,9:46 PM,1:51,,,MISS George 22' Jump Shot,,,5.0,202331,Paul George,1610612754.0,Indiana,Pacers,IND,0,0,,,,,,0,0,,,,,
0021500153,397,4,0,3,9:46 PM,1:50,,,Hill REBOUND (Off:2 Def:5),,,5.0,201941,Jordan Hill,1610612754.0,Indiana,Pacers,IND,0,0,,,,,,0,0,,,,,
0021500153,398,6,2,3,9:46 PM,1:50,Noah S.FOUL (P2.PN) (M.Smith),,,,,4.0,201149,Joakim Noah,1610612741.0,Chicago,Bulls,CHI,5,201941,Jordan Hill,1610612754.0,Indiana,Pacers,IND,1,0,,,,,
0021500153,399,3,11,3,9:46 PM,1:50,,,Hill Free Throw 1 of 2 (4 PTS),72 - 77,5,5.0,201941,Jordan Hill,1610612754.0,Indiana,Pacers,IND,0,0,,,,,,0,0,,,,,
0021500153,401,3,12,3,9:47 PM,1:50,,,Hill Free Throw 2 of 2 (5 PTS),73 - 77,4,5.0,201941,Jordan Hill,1610612754.0,Indiana,Pacers,IND,0,0,,,,,,0,0,,,,,
0021500153,403,2,42,3,9:47 PM,1:39,MISS Rose 3' Driving Layup,,,,,4.0,201565,Derrick Rose,1610612741.0,Chicago,Bulls,CHI,0,0,,,,,,0,0,,,,,
0021500153,404,4,0,3,9:47 PM,1:37,,,Pacers Rebound,,,3.0,1610612754,,,,,,0,0,,,,,,0,0,,,,,
0021500153,405,2,5,3,9:47 PM,1:24,Gibson BLOCK (3 BLK),,MISS George 3' Layup,,,5.0,202331,Paul George,1610612754.0,Indiana,Pacers,IND,0,0,,,,,,4,201959,Taj Gibson,1610612741.0,Chicago,Bulls,CHI
0021500153,406,4,0,3,9:47 PM,1:23,Noah REBOUND (Off:0 Def:2),,,,,4.0,201149,Joakim Noah,1610612741.0,Chicago,Bulls,CHI,0,0,,,,,,0,0,,,,,
0021500153,407,2,5,3,9:48 PM,1:14,MISS McDermott 3' Layup,,,,,4.0,203926,Doug McDermott,1610612741.0,Chicago,Bulls,CHI,0,0,,,,,,0,0,,,,,
0021500153,408,4,0,3,9:48 PM,1:13,Gibson REBOUND (Off:3 Def:6),,,,,4.0,201959,Taj Gibson,1610612741.0,Chicago,Bulls,CHI,0,0,,,,,,0,0,,,,,
0021500153,409,6,1,3,9:48 PM,1:06,,,George P.FOUL (P3.PN) (M.Smith),,,5.0,202331,Paul George,1610612754.0,Indiana,Pacers,IND,4,201959,Taj Gibson,1610612741.0,Chicago,Bulls,CHI,1,0,,,,,
0021500153,410,3,11,3,9:48 PM,1:06,MISS Gibson Free Throw 1 of 2,,,,,4.0,201959,Taj Gibson,1610612741.0,Chicago,Bulls,CHI,0,0,,,,,,0,0,,,,,
0021500153,411,4,1,3,9:48 PM,1:06,BULLS Rebound,,,,,2.0,1610612741,,,,,,0,0,,,,,,0,0,,,,,
0021500153,413,8,0,3,9:48 PM,1:06,,,SUB: S. Hill FOR George,,,5.0,202331,Paul George,1610612754.0,Indiana,Pacers,IND,5,203524,Solomon Hill,1610612754.0,Indiana,Pacers,IND,0,0,,,,,
0021500153,414,3,12,3,9:48 PM,1:06,MISS Gibson Free Throw 2 of 2,,,,,4.0,201959,Taj Gibson,1610612741.0,Chicago,Bulls,CHI,0,0,,,,,,0,0,,,,,
0021500153,416,4,0,3,9:49 PM,1:05,,,Hill REBOUND (Off:2 Def:6),,,5.0,201941,Jordan Hill,1610612754.0,Indiana,Pacers,IND,0,0,,,,,,0,0,,,,,
0021500153,417,6,2,3,9:49 PM,0:51,Rose S.FOUL (P2.PN) (J.Goble),,,,,4.0,201565,Derrick Rose,1610612741.0,Chicago,Bulls,CHI,5,1626202,Joe Young,1610612754.0,Indiana,Pacers,IND,1,0,,,,,
0021500153,418,3,11,3,9:49 PM,0:51,,,Young Free Throw 1 of 2 (4 PTS),74 - 77,3,5.0,1626202,Joe Young,1610612754.0,Indiana,Pacers,IND,0,0,,,,,,0,0,,,,,
0021500153,420,3,12,3,9:49 PM,0:51,,,Young Free Throw 2 of 2 (5 PTS),75 - 77,2,5.0,1626202,Joe Young,1610612754.0,Indiana,Pacers,IND,0,0,,,,,,0,0,,,,,
0021500153,422,6,2,3,9:50 PM,0:39,,,Hill S.FOUL (P1.PN) (H.Workman),,,5.0,201941,Jordan Hill,1610612754.0,Indiana,Pacers,IND,4,201565,Derrick Rose,1610612741.0,Chicago,Bulls,CHI,1,0,,,,,
0021500153,423,3,11,3,9:50 PM,0:39,Rose Free Throw 1 of 2 (16 PTS),,,75 - 78,3,4.0,201565,Derrick Rose,1610612741.0,Chicago,Bulls,CHI,0,0,,,,,,0,0,,,,,
0021500153,425,3,12,3,9:50 PM,0:39,Rose Free Throw 2 of 2 (17 PTS),,,75 - 79,4,4.0,201565,Derrick Rose,1610612741.0,Chicago,Bulls,CHI,0,0,,,,,,0,0,,,,,
0021500153,428,2,1,3,9:51 PM,0:27,,,MISS Robinson III 19' Jump Shot,,,5.0,203922,Glenn Robinson III,1610612754.0,Indiana,Pacers,IND,0,0,,,,,,0,0,,,,,
0021500153,429,4,0,3,9:51 PM,0:26,Noah REBOUND (Off:0 Def:3),,,,,4.0,201149,Joakim Noah,1610612741.0,Chicago,Bulls,CHI,0,0,,,,,,0,0,,,,,
0021500153,431,2,1,3,9:51 PM,0:19,MISS Snell 19' Jump Shot,,,,,4.0,203503,Tony Snell,1610612741.0,Chicago,Bulls,CHI,0,0,,,,,,0,0,,,,,
0021500153,432,4,0,3,9:51 PM,0:18,,,Hill REBOUND (Off:2 Def:7),,,5.0,201941,Jordan Hill,1610612754.0,Indiana,Pacers,IND,0,0,,,,,,0,0,,,,,
0021500153,433,2,1,3,9:51 PM,0:00,,,MISS Hill 21' Jump Shot,,,5.0,201941,Jordan Hill,1610612754.0,Indiana,Pacers,IND,0,0,,,,,,0,0,,,,,
0021500153,435,4,0,3,9:51 PM,0:00,,,Pacers Rebound,,,3.0,1610612754,,,,,,0,0,,,,,,0,0,,,,,
0021500153,434,13,0,3,9:51 PM,0:00,,,,75 - 79,4,0.0,0,,,,,,0,0,,,,,,0,0,,,,,
0021500153,437,12,0,4,9:54 PM,12:00,,,,75 - 79,4,0.0,0,,,,,,0,0,,,,,,0,0,,,,,
0021500153,438,6,1,4,9:54 PM,11:51,,,Robinson III P.FOUL (P3.T1) (J.Goble),,,5.0,203922,Glenn Robinson III,1610612754.0,Indiana,Pacers,IND,4,203926,Doug McDermott,1610612741.0,Chicago,Bulls,CHI,1,0,,,,,
0021500153,439,1,5,4,9:54 PM,11:47,McDermott 2' Layup (11 PTS) (Noah 3 AST),,,75 - 81,6,4.0,203926,Doug McDermott,1610612741.0,Chicago,Bulls,CHI,4,201149,Joakim Noah,1610612741.0,Chicago,Bulls,CHI,0,0,,,,,
0021500153,440,2,1,4,9:55 PM,11:29,,,MISS Young 24' 3PT Jump Shot,,,5.0,1626202,Joe Young,1610612754.0,Indiana,Pacers,IND,0,0,,,,,,0,0,,,,,
0021500153,441,4,0,4,9:55 PM,11:28,Moore REBOUND (Off:0 Def:2),,,,,4.0,202734,E'Twaun Moore,1610612741.0,Chicago,Bulls,CHI,0,0,,,,,,0,0,,,,,
0021500153,442,2,1,4,9:55 PM,11:20,MISS Rose 19' Jump Shot,,,,,4.0,201565,Derrick Rose,1610612741.0,Chicago,Bulls,CHI,0,0,,,,,,0,0,,,,,
0021500153,443,4,0,4,9:55 PM,11:18,,,Robinson III REBOUND (Off:0 Def:1),,,5.0,203922,Glenn Robinson III,1610612754.0,Indiana,Pacers,IND,0,0,,,,,,0,0,,,,,
0021500153,444,2,1,4,9:55 PM,11:13,McDermott BLOCK (1 BLK),,MISS Robinson III 12' Jump Shot,,,5.0,203922,Glenn Robinson III,1610612754.0,Indiana,Pacers,IND,0,0,,,,,,4,203926,Doug McDermott,1610612741.0,Chicago,Bulls,CHI
0021500153,445,4,0,4,9:55 PM,11:11,,,Hill REBOUND (Off:3 Def:7),,,5.0,201941,Jordan Hill,1610612754.0,Indiana,Pacers,IND,0,0,,,,,,0,0,,,,,
0021500153,446,1,66,4,9:55 PM,10:56,,,S. Hill 11' Jump Bank Shot (4 PTS),77 - 81,4,5.0,203524,Solomon Hill,1610612754.0,Indiana,Pacers,IND,0,0,,,,,,0,0,,,,,
0021500153,447,1,73,4,9:56 PM,10:40,Rose 3' Driving Reverse Layup (19 PTS) (Noah 4 AST),,,77 - 83,6,4.0,201565,Derrick Rose,1610612741.0,Chicago,Bulls,CHI,4,201149,Joakim Noah,1610612741.0,Chicago,Bulls,CHI,0,0,,,,,
0021500153,448,2,58,4,9:56 PM,10:26,,,MISS Allen 9' Turnaround Hook Shot,,,5.0,202730,Lavoy Allen,1610612754.0,Indiana,Pacers,IND,0,0,,,,,,0,0,,,,,
0021500153,449,4,0,4,9:56 PM,10:24,,,Hill REBOUND (Off:4 Def:7),,,5.0,201941,Jordan Hill,1610612754.0,Indiana,Pacers,IND,0,0,,,,,,0,0,,,,,
0021500153,450,5,2,4,9:56 PM,10:23,Rose STEAL (2 STL),,Hill Lost Ball Turnover (P1.T11),,,5.0,201941,Jordan Hill,1610612754.0,Indiana,Pacers,IND,4,201565,Derrick Rose,1610612741.0,Chicago,Bulls,CHI,0,0,,,,,
0021500153,451,1,5,4,9:56 PM,10:17,Noah 1' Layup (8 PTS) (Rose 6 AST),,,77 - 85,8,4.0,201149,Joakim Noah,1610612741.0,Chicago,Bulls,CHI,4,201565,Derrick Rose,1610612741.0,Chicago,Bulls,CHI,0,0,,,,,
0021500153,452,9,1,4,9:56 PM,10:17,,,Pacers Timeout: Regular (Reg.4 Short 1),,,3.0,1610612754,,,,,,0,0,,,,,,0,0,,,,,
0021500153,454,8,0,4,9:58 PM,10:17,,,SUB: Ellis FOR Young,,,5.0,1626202,Joe Young,1610612754.0,Indiana,Pacers,IND,5,101145,Monta Ellis,1610612754.0,Indiana,Pacers,IND,0,0,,,,,
0021500153,455,8,0,4,9:58 PM,10:17,,,SUB: Miles FOR Robinson III,,,5.0,203922,Glenn Robinson III,1610612754.0,Indiana,Pacers,IND,5,101139,CJ Miles,1610612754.0,Indiana,Pacers,IND,0,0,,,,,
0021500153,456,8,0,4,9:58 PM,10:17,,,SUB: George FOR S. Hill,,,5.0,203524,Solomon Hill,1610612754.0,Indiana,Pacers,IND,5,202331,Paul George,1610612754.0,Indiana,Pacers,IND,0,0,,,,,
0021500153,457,8,0,4,9:58 PM,10:17,SUB: Butler FOR McDermott,,,,,4.0,203926,Doug McDermott,1610612741.0,Chicago,Bulls,CHI,4,202710,Jimmy Butler,1610612741.0,Chicago,Bulls,CHI,0,0,,,,,
0021500153,458,1,1,4,9:59 PM,9:58,,,George 25' 3PT Jump Shot (21 PTS) (Hill 3 AST),80 - 85,5,5.0,202331,Paul George,1610612754.0,Indiana,Pacers,IND,5,201941,Jordan Hill,1610612754.0,Indiana,Pacers,IND,0,0,,,,,
0021500153,459,2,1,4,9:59 PM,9:32,MISS Moore 25' 3PT Jump Shot,,,,,4.0,202734,E'Twaun Moore,1610612741.0,Chicago,Bulls,CHI,0,0,,,,,,0,0,,,,,
0021500153,460,4,0,4,9:59 PM,9:31,Rose REBOUND (Off:1 Def:1),,,,,4.0,201565,Derrick Rose,1610612741.0,Chicago,Bulls,CHI,0,0,,,,,,0,0,,,,,
0021500153,461,2,1,4,10:00 PM,9:16,MISS Butler 14' Jump Shot,,,,,4.0,202710,Jimmy Butler,1610612741.0,Chicago,Bulls,CHI,0,0,,,,,,0,0,,,,,
0021500153,462,4,0,4,10:00 PM,9:15,Gibson REBOUND (Off:4 Def:6),,,,,4.0,201959,Taj Gibson,1610612741.0,Chicago,Bulls,CHI,0,0,,,,,,0,0,,,,,
0021500153,463,1,1,4,10:00 PM,8:59,Rose 25' 3PT Jump Shot (22 PTS) (Moore 1 AST),,,80 - 88,8,4.0,201565,Derrick Rose,1610612741.0,Chicago,Bulls,CHI,4,202734,E'Twaun Moore,1610612741.0,Chicago,Bulls,CHI,0,0,,,,,
0021500153,464,6,1,4,10:00 PM,8:41,Rose P.FOUL (P3.T1) (J.Goble),,,,,4.0,201565,Derrick Rose,1610612741.0,Chicago,Bulls,CHI,5,201941,Jordan Hill,1610612754.0,Indiana,Pacers,IND,1,0,,,,,
0021500153,465,1,7,4,10:01 PM,8:38,,,Allen  Dunk (6 PTS) (George 5 AST),82 - 88,6,5.0,202730,Lavoy Allen,1610612754.0,Indiana,Pacers,IND,5,202331,Paul George,1610612754.0,Indiana,Pacers,IND,0,0,,,,,
0021500153,466,2,42,4,10:01 PM,8:21,MISS Noah 3' Driving Layup,,,,,4.0,201149,Joakim Noah,1610612741.0,Chicago,Bulls,CHI,0,0,,,,,,0,0,,,,,
0021500153,467,4,0,4,10:01 PM,8:20,,,Allen REBOUND (Off:1 Def:2),,,5.0,202730,Lavoy Allen,1610612754.0,Indiana,Pacers,IND,0,0,,,,,,0,0,,,,,
0021500153,468,2,3,4,10:01 PM,8:12,,,MISS Hill 7' Hook Shot,,,5.0,201941,Jordan Hill,1610612754.0,Indiana,Pacers,IND,0,0,,,,,,0,0,,,,,
0021500153,469,4,0,4,10:01 PM,8:10,Noah REBOUND (Off:0 Def:4),,,,,4.0,201149,Joakim Noah,1610612741.0,Chicago,Bulls,CHI,0,0,,,,,,0,0,,,,,
0021500153,470,2,1,4,10:01 PM,7:56,MISS Rose 17' Jump Shot,,,,,4.0,201565,Derrick Rose,1610612741.0,Chicago,Bulls,CHI,0,0,,,,,,0,0,,,,,
0021500153,471,4,0,4,10:01 PM,7:55,,,Allen REBOUND (Off:1 Def:3),,,5.0,202730,Lavoy Allen,1610612754.0,Indiana,Pacers,IND,0,0,,,,,,0,0,,,,,
0021500153,472,1,1,4,10:01 PM,7:45,,,Allen 19' Jump Shot (8 PTS) (Ellis 6 AST),84 - 88,4,5.0,202730,Lavoy Allen,1610612754.0,Indiana,Pacers,IND,5,101145,Monta Ellis,1610612754.0,Indiana,Pacers,IND,0,0,,,,,
0021500153,473,2,1,4,10:02 PM,7:25,MISS Noah 7' Jump Shot,,Allen BLOCK (1 BLK),,,4.0,201149,Joakim Noah,1610612741.0,Chicago,Bulls,CHI,0,0,,,,,,5,202730,Lavoy Allen,1610612754.0,Indiana,Pacers,IND
0021500153,474,4,0,4,10:02 PM,7:23,,,Allen REBOUND (Off:1 Def:4),,,5.0,202730,Lavoy Allen,1610612754.0,Indiana,Pacers,IND,0,0,,,,,,0,0,,,,,
0021500153,475,2,5,4,10:02 PM,7:17,Gibson BLOCK (4 BLK),,MISS Hill 3' Layup,,,5.0,201941,Jordan Hill,1610612754.0,Indiana,Pacers,IND,0,0,,,,,,4,201959,Taj Gibson,1610612741.0,Chicago,Bulls,CHI
0021500153,476,4,0,4,10:02 PM,7:16,Noah REBOUND (Off:0 Def:5),,,,,4.0,201149,Joakim Noah,1610612741.0,Chicago,Bulls,CHI,0,0,,,,,,0,0,,,,,
0021500153,478,8,0,4,10:02 PM,7:09,SUB: Gasol FOR Noah,,,,,4.0,201149,Joakim Noah,1610612741.0,Chicago,Bulls,CHI,4,2200,Pau Gasol,1610612741.0,Chicago,Bulls,CHI,0,0,,,,,
0021500153,479,6,2,4,10:03 PM,7:02,,,Ellis S.FOUL (P4.T2) (J.Goble),,,5.0,101145,Monta Ellis,1610612754.0,Indiana,Pacers,IND,4,201565,Derrick Rose,1610612741.0,Chicago,Bulls,CHI,1,0,,,,,
0021500153,480,3,11,4,10:03 PM,7:02,MISS Rose Free Throw 1 of 2,,,,,4.0,201565,Derrick Rose,1610612741.0,Chicago,Bulls,CHI,0,0,,,,,,0,0,,,,,
0021500153,481,4,1,4,10:03 PM,7:02,BULLS Rebound,,,,,2.0,1610612741,,,,,,0,0,,,,,,0,0,,,,,
0021500153,482,3,12,4,10:03 PM,7:02,Rose Free Throw 2 of 2 (23 PTS),,,84 - 89,5,4.0,201565,Derrick Rose,1610612741.0,Chicago,Bulls,CHI,0,0,,,,,,0,0,,,,,
0021500153,484,2,1,4,10:03 PM,6:48,,,MISS George 20' Jump Shot,,,5.0,202331,Paul George,1610612754.0,Indiana,Pacers,IND,0,0,,,,,,0,0,,,,,
0021500153,485,4,0,4,10:04 PM,6:45,,,Ellis REBOUND (Off:2 Def:2),,,5.0,101145,Monta Ellis,1610612754.0,Indiana,Pacers,IND,0,0,,,,,,0,0,,,,,
0021500153,486,5,1,4,10:04 PM,6:42,Moore STEAL (1 STL),,George Bad Pass Turnover (P4.T12),,,5.0,202331,Paul George,1610612754.0,Indiana,Pacers,IND,4,202734,E'Twaun Moore,1610612741.0,Chicago,Bulls,CHI,0,0,,,,,
0021500153,487,2,1,4,10:04 PM,6:28,MISS Moore 26' 3PT Jump Shot,,,,,4.0,202734,E'Twaun Moore,1610612741.0,Chicago,Bulls,CHI,0,0,,,,,,0,0,,,,,
0021500153,488,4,0,4,10:04 PM,6:27,,,Hill REBOUND (Off:4 Def:8),,,5.0,201941,Jordan Hill,1610612754.0,Indiana,Pacers,IND,0,0,,,,,,0,0,,,,,
0021500153,489,2,1,4,10:04 PM,6:09,,,MISS Ellis 21' Jump Shot,,,5.0,101145,Monta Ellis,1610612754.0,Indiana,Pacers,IND,0,0,,,,,,0,0,,,,,
0021500153,490,4,0,4,10:04 PM,6:08,Gasol REBOUND (Off:1 Def:10),,,,,4.0,2200,Pau Gasol,1610612741.0,Chicago,Bulls,CHI,0,0,,,,,,0,0,,,,,
0021500153,491,2,42,4,10:04 PM,5:54,MISS Butler 3' Driving Layup,,,,,4.0,202710,Jimmy Butler,1610612741.0,Chicago,Bulls,CHI,0,0,,,,,,0,0,,,,,
0021500153,493,4,0,4,10:04 PM,5:53,Gasol REBOUND (Off:2 Def:10),,,,,4.0,2200,Pau Gasol,1610612741.0,Chicago,Bulls,CHI,0,0,,,,,,0,0,,,,,
0021500153,492,2,97,4,10:04 PM,5:53,MISS Gasol 2' Tip Layup Shot,,,,,4.0,2200,Pau Gasol,1610612741.0,Chicago,Bulls,CHI,0,0,,,,,,0,0,,,,,
0021500153,494,4,0,4,10:04 PM,5:53,Gasol REBOUND (Off:3 Def:10),,,,,4.0,2200,Pau Gasol,1610612741.0,Chicago,Bulls,CHI,0,0,,,,,,0,0,,,,,
0021500153,495,6,2,4,10:05 PM,5:53,,,Allen S.FOUL (P2.T3) (M.Smith),,,5.0,202730,Lavoy Allen,1610612754.0,Indiana,Pacers,IND,4,201959,Taj Gibson,1610612741.0,Chicago,Bulls,CHI,1,0,,,,,
0021500153,496,9,1,4,10:05 PM,5:53,,,,,,1.0,0,,,,,,0,0,,,,,,0,0,,,,,
0021500153,497,8,0,4,10:07 PM,5:53,SUB: Hinrich FOR Rose,,,,,4.0,201565,Derrick Rose,1610612741.0,Chicago,Bulls,CHI,4,2550,Kirk Hinrich,1610612741.0,Chicago,Bulls,CHI,0,0,,,,,
0021500153,498,8,0,4,10:07 PM,5:53,,,SUB: Mahinmi FOR Allen,,,5.0,202730,Lavoy Allen,1610612754.0,Indiana,Pacers,IND,5,101133,Ian Mahinmi,1610612754.0,Indiana,Pacers,IND,0,0,,,,,
0021500153,499,3,11,4,10:07 PM,5:53,Gibson Free Throw 1 of 2 (8 PTS),,,84 - 90,6,4.0,201959,Taj Gibson,1610612741.0,Chicago,Bulls,CHI,0,0,,,,,,0,0,,,,,
0021500153,501,3,12,4,10:07 PM,5:53,Gibson Free Throw 2 of 2 (9 PTS),,,84 - 91,7,4.0,201959,Taj Gibson,1610612741.0,Chicago,Bulls,CHI,0,0,,,,,,0,0,,,,,
0021500153,504,5,4,4,10:08 PM,5:38,,,Ellis Traveling Turnover (P3.T13),,,5.0,101145,Monta Ellis,1610612754.0,Indiana,Pacers,IND,0,0,,,,,,1,0,,,,,
0021500153,506,2,1,4,10:09 PM,5:12,MISS Butler 22' Jump Shot,,,,,4.0,202710,Jimmy Butler,1610612741.0,Chicago,Bulls,CHI,0,0,,,,,,0,0,,,,,
0021500153,507,4,0,4,10:09 PM,5:11,,,Mahinmi REBOUND (Off:1 Def:10),,,5.0,101133,Ian Mahinmi,1610612754.0,Indiana,Pacers,IND,0,0,,,,,,0,0,,,,,
0021500153,508,6,2,4,10:10 PM,4:56,Gasol S.FOUL (P1.T2) (J.Goble),,,,,4.0,2200,Pau Gasol,1610612741.0,Chicago,Bulls,CHI,5,101145,Monta Ellis,1610612754.0,Indiana,Pacers,IND,1,0,,,,,
0021500153,509,3,11,4,10:10 PM,4:56,,,Ellis Free Throw 1 of 2 (15 PTS),85 - 91,6,5.0,101145,Monta Ellis,1610612754.0,Indiana,Pacers,IND,0,0,,,,,,0,0,,,,,
0021500153,511,3,12,4,10:10 PM,4:56,,,Ellis Free Throw 2 of 2 (16 PTS),86 - 91,5,5.0,101145,Monta Ellis,1610612754.0,Indiana,Pacers,IND,0,0,,,,,,0,0,,,,,
0021500153,513,2,1,4,10:11 PM,4:43,MISS Butler 20' Jump Shot,,,,,4.0,202710,Jimmy Butler,1610612741.0,Chicago,Bulls,CHI,0,0,,,,,,0,0,,,,,
0021500153,515,4,0,4,10:11 PM,4:42,Gibson REBOUND (Off:5 Def:6),,,,,4.0,201959,Taj Gibson,1610612741.0,Chicago,Bulls,CHI,0,0,,,,,,0,0,,,,,
0021500153,514,2,97,4,10:11 PM,4:42,MISS Gibson 1' Tip Layup Shot,,,,,4.0,201959,Taj Gibson,1610612741.0,Chicago,Bulls,CHI,0,0,,,,,,0,0,,,,,
0021500153,516,4,0,4,10:11 PM,4:42,BULLS Rebound,,,,,2.0,1610612741,,,,,,0,0,,,,,,0,0,,,,,
0021500153,517,6,1,4,10:11 PM,4:42,,,Mahinmi P.FOUL (P2.T4) (J.Goble),,,5.0,101133,Ian Mahinmi,1610612754.0,Indiana,Pacers,IND,4,202710,Jimmy Butler,1610612741.0,Chicago,Bulls,CHI,1,0,,,,,
0021500153,518,2,1,4,10:11 PM,4:29,MISS Gasol 9' Jump Shot,,Mahinmi BLOCK (2 BLK),,,4.0,2200,Pau Gasol,1610612741.0,Chicago,Bulls,CHI,0,0,,,,,,5,101133,Ian Mahinmi,1610612754.0,Indiana,Pacers,IND
0021500153,519,4,0,4,10:11 PM,4:26,,,George REBOUND (Off:1 Def:4),,,5.0,202331,Paul George,1610612754.0,Indiana,Pacers,IND,0,0,,,,,,0,0,,,,,
0021500153,520,6,1,4,10:12 PM,4:24,Hinrich P.FOUL (P2.T3) (J.Goble),,,,,4.0,2550,Kirk Hinrich,1610612741.0,Chicago,Bulls,CHI,5,101145,Monta Ellis,1610612754.0,Indiana,Pacers,IND,1,0,,,,,
0021500153,521,6,2,4,10:12 PM,4:18,Butler S.FOUL (P5.T4) (H.Workman),,,,,4.0,202710,Jimmy Butler,1610612741.0,Chicago,Bulls,CHI,5,202331,Paul George,1610612754.0,Indiana,Pacers,IND,1,0,,,,,
0021500153,522,3,11,4,10:12 PM,4:18,,,George Free Throw 1 of 2 (22 PTS),87 - 91,4,5.0,202331,Paul George,1610612754.0,Indiana,Pacers,IND,0,0,,,,,,0,0,,,,,
0021500153,524,3,12,4,10:12 PM,4:18,,,MISS George Free Throw 2 of 2,,,5.0,202331,Paul George,1610612754.0,Indiana,Pacers,IND,0,0,,,,,,0,0,,,,,
0021500153,526,4,0,4,10:13 PM,4:17,BULLS Rebound,,,,,2.0,1610612741,,,,,,0,0,,,,,,0,0,,,,,
0021500153,527,6,1,4,10:13 PM,4:09,,,Ellis P.FOUL (P5.PN) (M.Smith),,,5.0,101145,Monta Ellis,1610612754.0,Indiana,Pacers,IND,4,2550,Kirk Hinrich,1610612741.0,Chicago,Bulls,CHI,1,0,,,,,
0021500153,528,3,11,4,10:13 PM,4:09,Hinrich Free Throw 1 of 2 (8 PTS),,,87 - 92,5,4.0,2550,Kirk Hinrich,1610612741.0,Chicago,Bulls,CHI,0,0,,,,,,0,0,,,,,
0021500153,531,8,0,4,10:14 PM,4:09,SUB: Snell FOR Moore,,,,,4.0,202734,E'Twaun Moore,1610612741.0,Chicago,Bulls,CHI,4,203503,Tony Snell,1610612741.0,Chicago,Bulls,CHI,0,0,,,,,
0021500153,532,3,12,4,10:14 PM,4:09,Hinrich Free Throw 2 of 2 (9 PTS),,,87 - 93,6,4.0,2550,Kirk Hinrich,1610612741.0,Chicago,Bulls,CHI,0,0,,,,,,0,0,,,,,
0021500153,534,1,42,4,10:14 PM,3:53,,,George 1' Driving Layup (24 PTS),89 - 93,4,5.0,202331,Paul George,1610612754.0,Indiana,Pacers,IND,0,0,,,,,,0,0,,,,,
0021500153,535,2,1,4,10:15 PM,3:29,MISS Hinrich 15' Jump Shot,,,,,4.0,2550,Kirk Hinrich,1610612741.0,Chicago,Bulls,CHI,0,0,,,,,,0,0,,,,,
0021500153,536,4,0,4,10:15 PM,3:27,,,George REBOUND (Off:1 Def:5),,,5.0,202331,Paul George,1610612754.0,Indiana,Pacers,IND,0,0,,,,,,0,0,,,,,
0021500153,537,1,42,4,10:15 PM,3:19,,,George 2' Driving Layup (26 PTS),91 - 93,2,5.0,202331,Paul George,1610612754.0,Indiana,Pacers,IND,0,0,,,,,,0,0,,,,,
0021500153,538,2,1,4,10:15 PM,2:54,MISS Gibson 12' Jump Shot,,,,,4.0,201959,Taj Gibson,1610612741.0,Chicago,Bulls,CHI,0,0,,,,,,0,0,,,,,
0021500153,539,4,0,4,10:15 PM,2:53,,,George REBOUND (Off:1 Def:6),,,5.0,202331,Paul George,1610612754.0,Indiana,Pacers,IND,0,0,,,,,,0,0,,,,,
0021500153,540,2,1,4,10:16 PM,2:40,,,MISS George 15' Jump Shot,,,5.0,202331,Paul George,1610612754.0,Indiana,Pacers,IND,0,0,,,,,,0,0,,,,,
0021500153,541,4,0,4,10:16 PM,2:40,,,Pacers Rebound,,,3.0,1610612754,,,,,,0,0,,,,,,0,0,,,,,
0021500153,542,9,1,4,10:16 PM,2:40,BULLS Timeout: Regular (Full 4 Short 1),,,,,2.0,1610612741,,,,,,0,0,,,,,,0,0,,,,,
0021500153,545,8,0,4,10:18 PM,2:40,,,SUB: Allen FOR Hill,,,5.0,201941,Jordan Hill,1610612754.0,Indiana,Pacers,IND,5,202730,Lavoy Allen,1610612754.0,Indiana,Pacers,IND,0,0,,,,,
0021500153,546,1,42,4,10:18 PM,2:33,,,Ellis 2' Driving Layup (18 PTS),93 - 93,TIE,5.0,101145,Monta Ellis,1610612754.0,Indiana,Pacers,IND,0,0,,,,,,0,0,,,,,
0021500153,548,2,1,4,10:19 PM,2:11,MISS Gasol 18' Jump Shot,,,,,4.0,2200,Pau Gasol,1610612741.0,Chicago,Bulls,CHI,0,0,,,,,,0,0,,,,,
0021500153,549,4,0,4,10:19 PM,2:11,BULLS Rebound,,,,,2.0,1610612741,,,,,,0,0,,,,,,0,0,,,,,
0021500153,550,6,2,4,10:19 PM,2:01,,,Mahinmi S.FOUL (P3.PN) (M.Smith),,,5.0,101133,Ian Mahinmi,1610612754.0,Indiana,Pacers,IND,4,2200,Pau Gasol,1610612741.0,Chicago,Bulls,CHI,1,0,,,,,
0021500153,551,3,11,4,10:19 PM,2:01,MISS Gasol Free Throw 1 of 2,,,,,4.0,2200,Pau Gasol,1610612741.0,Chicago,Bulls,CHI,0,0,,,,,,0,0,,,,,
0021500153,552,4,1,4,10:19 PM,2:01,BULLS Rebound,,,,,2.0,1610612741,,,,,,0,0,,,,,,0,0,,,,,
0021500153,553,8,0,4,10:20 PM,2:01,SUB: Moore FOR Hinrich,,,,,4.0,2550,Kirk Hinrich,1610612741.0,Chicago,Bulls,CHI,4,202734,E'Twaun Moore,1610612741.0,Chicago,Bulls,CHI,0,0,,,,,
0021500153,554,3,12,4,10:20 PM,2:01,Gasol Free Throw 2 of 2 (5 PTS),,,93 - 94,1,4.0,2200,Pau Gasol,1610612741.0,Chicago,Bulls,CHI,0,0,,,,,,0,0,,,,,
0021500153,556,2,1,4,10:20 PM,1:42,,,MISS Miles 25' 3PT Jump Shot,,,5.0,101139,CJ Miles,1610612754.0,Indiana,Pacers,IND,0,0,,,,,,0,0,,,,,
0021500153,557,4,0,4,10:20 PM,1:41,Butler REBOUND (Off:0 Def:3),,,,,4.0,202710,Jimmy Butler,1610612741.0,Chicago,Bulls,CHI,0,0,,,,,,0,0,,,,,
0021500153,558,1,1,4,10:21 PM,1:24,Butler 15' Jump Shot (17 PTS),,,93 - 96,3,4.0,202710,Jimmy Butler,1610612741.0,Chicago,Bulls,CHI,0,0,,,,,,0,0,,,,,
0021500153,559,2,1,4,10:21 PM,1:08,,,MISS Allen 20' Jump Shot,,,5.0,202730,Lavoy Allen,1610612754.0,Indiana,Pacers,IND,0,0,,,,,,0,0,,,,,
0021500153,560,4,0,4,10:21 PM,1:08,,,Mahinmi REBOUND (Off:2 Def:10),,,5.0,101133,Ian Mahinmi,1610612754.0,Indiana,Pacers,IND,0,0,,,,,,0,0,,,,,
0021500153,561,6,1,4,10:21 PM,1:08,Gibson P.FOUL (P3.PN) (J.Goble),,,,,4.0,201959,Taj Gibson,1610612741.0,Chicago,Bulls,CHI,5,101133,Ian Mahinmi,1610612754.0,Indiana,Pacers,IND,1,0,,,,,
0021500153,562,3,11,4,10:21 PM,1:08,,,MISS Mahinmi Free Throw 1 of 2,,,5.0,101133,Ian Mahinmi,1610612754.0,Indiana,Pacers,IND,0,0,,,,,,0,0,,,,,
0021500153,563,4,1,4,10:21 PM,1:08,,,Pacers Rebound,,,3.0,1610612754,,,,,,0,0,,,,,,0,0,,,,,
0021500153,564,3,12,4,10:22 PM,1:08,,,MISS Mahinmi Free Throw 2 of 2,,,5.0,101133,Ian Mahinmi,1610612754.0,Indiana,Pacers,IND,0,0,,,,,,0,0,,,,,
0021500153,566,4,0,4,10:22 PM,1:04,Snell REBOUND (Off:0 Def:3),,,,,4.0,203503,Tony Snell,1610612741.0,Chicago,Bulls,CHI,0,0,,,,,,0,0,,,,,
0021500153,567,6,26,4,10:22 PM,1:02,Snell Offensive Charge Foul (P2.PN) (J.Goble),,,,,4.0,203503,Tony Snell,1610612741.0,Chicago,Bulls,CHI,5,202331,Paul George,1610612754.0,Indiana,Pacers,IND,1,0,,,,,
0021500153,568,5,5,4,10:22 PM,1:02,Snell Foul Turnover (P2.T8),,,,,4.0,203503,Tony Snell,1610612741.0,Chicago,Bulls,CHI,0,0,,,,,,1,0,,,,,
0021500153,569,9,2,4,10:22 PM,1:02,,,Pacers Timeout: Short (Reg.4 Short 2),,,3.0,1610612754,,,,,,0,0,,,,,,0,0,,,,,
0021500153,571,8,0,4,10:24 PM,1:02,SUB: Noah FOR Gasol,,,,,4.0,2200,Pau Gasol,1610612741.0,Chicago,Bulls,CHI,4,201149,Joakim Noah,1610612741.0,Chicago,Bulls,CHI,0,0,,,,,
0021500153,573,1,42,4,10:24 PM,0:45,,,Ellis 1' Driving Layup (20 PTS),95 - 96,1,5.0,101145,Monta Ellis,1610612754.0,Indiana,Pacers,IND,0,0,,,,,,0,0,,,,,
0021500153,574,9,2,4,10:24 PM,0:30,BULLS Timeout: Short (Full 4 Short 2),,,,,2.0,1610612741,,,,,,0,0,,,,,,0,0,,,,,
0021500153,575,8,0,4,10:25 PM,0:30,SUB: Gasol FOR Noah,,,,,4.0,201149,Joakim Noah,1610612741.0,Chicago,Bulls,CHI,4,2200,Pau Gasol,1610612741.0,Chicago,Bulls,CHI,0,0,,,,,
0021500153,576,2,42,4,10:26 PM,0:24,MISS Butler 2' Driving Layup,,,,,4.0,202710,Jimmy Butler,1610612741.0,Chicago,Bulls,CHI,0,0,,,,,,0,0,,,,,
0021500153,577,4,0,4,10:26 PM,0:23,,,Allen REBOUND (Off:1 Def:5),,,5.0,202730,Lavoy Allen,1610612754.0,Indiana,Pacers,IND,0,0,,,,,,0,0,,,,,
0021500153,579,9,1,4,10:26 PM,0:05,,,Pacers Timeout: Regular (Reg.5 Short 2),,,3.0,1610612754,,,,,,0,0,,,,,,0,0,,,,,
0021500153,581,8,0,4,10:27 PM,0:05,SUB: Noah FOR Gasol,,,,,4.0,2200,Pau Gasol,1610612741.0,Chicago,Bulls,CHI,4,201149,Joakim Noah,1610612741.0,Chicago,Bulls,CHI,0,0,,,,,
0021500153,583,2,1,4,10:28 PM,0:01,Butler BLOCK (1 BLK),,MISS George 9' Jump Shot,,,5.0,202331,Paul George,1610612754.0,Indiana,Pacers,IND,0,0,,,,,,4,202710,Jimmy Butler,1610612741.0,Chicago,Bulls,CHI
0021500153,584,4,0,4,10:28 PM,0:00,Noah REBOUND (Off:0 Def:6),,,,,4.0,201149,Joakim Noah,1610612741.0,Chicago,Bulls,CHI,0,0,,,,,,0,0,,,,,
0021500153,586,13,0,4,10:29 PM,0:00,,,,95 - 96,1,0.0,0,,,,,,0,0,,,,,,0,0,,,,,
