GAME_ID,EVENTNUM,EVENTMSGTYPE,EVENTMSGACTIONTYPE,PERIOD,WCTIMESTRING,PCTIMESTRING,HOMEDESCRIPTION,NEUTRALDESCRIPTION,VISITORDESCRIPTION,SCORE,SCOREMARGIN,PERSON1TYPE,PLAYER1_ID,PLAYER1_NAME,PLAYER1_TEAM_ID,PLAYER1_TEAM_CITY,PLAYER1_TEAM_NICKNAME,PLAYER1_TEAM_ABBREVIATION,PERSON2TYPE,PLAYER2_ID,PLAYER2_NAME,PLAYER2_TEAM_ID,PLAYER2_TEAM_CITY,PLAYER2_TEAM_NICKNAME,PLAYER2_TEAM_ABBREVIATION,PERSON3TYPE,PLAYER3_ID,PLAYER3_NAME,PLAYER3_TEAM_ID,PLAYER3_TEAM_CITY,PLAYER3_TEAM_NICKNAME,PLAYER3_TEAM_ABBREVIATION
0021500253,0,12,0,1,9:41 PM,12:00,,,,,,0.0,0,,,,,,0,0,,,,,,0,0,,,,,
0021500253,1,10,0,1,9:41 PM,12:00,Jump Ball Hibbert vs. Mahinmi: Tip to Russell,,,,,4.0,201579,Roy Hibbert,1610612747.0,Los Angeles,Lakers,LAL,5,101133,Ian Mahinmi,1610612754.0,Indiana,Pacers,IND,4,1626156,D'Angelo Russell,1610612747.0,Los Angeles,Lakers,LAL
0021500253,2,2,1,1,9:41 PM,11:39,MISS Russell 26' 3PT Jump Shot,,,,,4.0,1626156,D'Angelo Russell,1610612747.0,Los Angeles,Lakers,LAL,0,0,,,,,,0,0,,,,,
0021500253,3,4,0,1,9:41 PM,11:38,,,George REBOUND (Off:0 Def:1),,,5.0,202331,Paul George,1610612754.0,Indiana,Pacers,IND,0,0,,,,,,0,0,,,,,
0021500253,4,2,1,1,9:42 PM,11:28,,,MISS Miles 24' 3PT Jump Shot,,,5.0,101139,CJ Miles,1610612754.0,Indiana,Pacers,IND,0,0,,,,,,0,0,,,,,
0021500253,5,4,0,1,9:42 PM,11:27,Russell REBOUND (Off:0 Def:1),,,,,4.0,1626156,D'Angelo Russell,1610612747.0,Los Angeles,Lakers,LAL,0,0,,,,,,0,0,,,,,
0021500253,6,6,2,1,9:42 PM,11:20,,,Mahinmi S.FOUL (P1.T1) (G.Zielinski),,,5.0,101133,Ian Mahinmi,1610612754.0,Indiana,Pacers,IND,4,203944,Julius Randle,1610612747.0,Los Angeles,Lakers,LAL,1,0,,,,,
0021500253,7,3,11,1,9:42 PM,11:20,Randle Free Throw 1 of 2 (1 PTS),,,0 - 1,1,4.0,203944,Julius Randle,1610612747.0,Los Angeles,Lakers,LAL,0,0,,,,,,0,0,,,,,
0021500253,9,3,12,1,9:42 PM,11:20,Randle Free Throw 2 of 2 (2 PTS),,,0 - 2,2,4.0,203944,Julius Randle,1610612747.0,Los Angeles,Lakers,LAL,0,0,,,,,,0,0,,,,,
0021500253,11,1,42,1,9:43 PM,10:58,,,Ellis  Driving Layup (2 PTS),2 - 2,TIE,5.0,101145,Monta Ellis,1610612754.0,Indiana,Pacers,IND,0,0,,,,,,0,0,,,,,
0021500253,12,2,47,1,9:43 PM,10:36,MISS Randle 5' Turnaround Jump Shot,,,,,4.0,203944,Julius Randle,1610612747.0,Los Angeles,Lakers,LAL,0,0,,,,,,0,0,,,,,
0021500253,13,4,0,1,9:43 PM,10:34,,,G. Hill REBOUND (Off:0 Def:1),,,5.0,201588,George Hill,1610612754.0,Indiana,Pacers,IND,0,0,,,,,,0,0,,,,,
0021500253,15,5,40,1,9:43 PM,10:31,,,G. Hill Out of Bounds Lost Ball Turnover (P1.T1),,,5.0,201588,George Hill,1610612754.0,Indiana,Pacers,IND,0,0,,,,,,0,0,,,,,
0021500253,16,5,1,1,9:44 PM,10:13,Russell Bad Pass Turnover (P1.T1),,G. Hill STEAL (1 STL),,,4.0,1626156,D'Angelo Russell,1610612747.0,Los Angeles,Lakers,LAL,5,201588,George Hill,1610612754.0,Indiana,Pacers,IND,0,0,,,,,
0021500253,17,2,1,1,9:44 PM,10:04,,,MISS Ellis 24' 3PT Jump Shot,,,5.0,101145,Monta Ellis,1610612754.0,Indiana,Pacers,IND,0,0,,,,,,0,0,,,,,
0021500253,18,4,0,1,9:44 PM,10:04,Randle REBOUND (Off:0 Def:1),,,,,4.0,203944,Julius Randle,1610612747.0,Los Angeles,Lakers,LAL,0,0,,,,,,0,0,,,,,
0021500253,19,5,45,1,9:44 PM,10:00,Russell Out of Bounds - Bad Pass Turnover Turnover (P2.T2),,,,,4.0,1626156,D'Angelo Russell,1610612747.0,Los Angeles,Lakers,LAL,0,0,,,,,,0,0,,,,,
0021500253,20,2,5,1,9:44 PM,9:49,Randle BLOCK (1 BLK),,MISS Miles 2' Layup,,,5.0,101139,CJ Miles,1610612754.0,Indiana,Pacers,IND,0,0,,,,,,4,203944,Julius Randle,1610612747.0,Los Angeles,Lakers,LAL
0021500253,21,4,0,1,9:44 PM,9:49,,,Pacers Rebound,,,3.0,1610612754,,,,,,0,0,,,,,,0,0,,,,,
0021500253,22,2,1,1,9:45 PM,9:34,,,MISS George 24' 3PT Jump Shot,,,5.0,202331,Paul George,1610612754.0,Indiana,Pacers,IND,0,0,,,,,,0,0,,,,,
0021500253,23,4,0,1,9:45 PM,9:34,Russell REBOUND (Off:0 Def:2),,,,,4.0,1626156,D'Angelo Russell,1610612747.0,Los Angeles,Lakers,LAL,0,0,,,,,,0,0,,,,,
0021500253,24,2,1,1,9:45 PM,9:09,MISS Bryant 30' 3PT Jump Shot,,,,,4.0,977,Kobe Bryant,1610612747.0,Los Angeles,Lakers,LAL,0,0,,,,,,0,0,,,,,
0021500253,25,4,0,1,9:45 PM,9:08,,,Pacers Rebound,,,3.0,1610612754,,,,,,0,0,,,,,,0,0,,,,,
0021500253,27,2,1,1,9:46 PM,8:54,,,MISS George 18' Jump Shot,,,5.0,202331,Paul George,1610612754.0,Indiana,Pacers,IND,0,0,,,,,,0,0,,,,,
0021500253,28,4,0,1,9:46 PM,8:53,Hibbert REBOUND (Off:0 Def:1),,,,,4.0,201579,Roy Hibbert,1610612747.0,Los Angeles,Lakers,LAL,0,0,,,,,,0,0,,,,,
0021500253,29,2,1,1,9:46 PM,8:46,MISS Bryant 25' 3PT Jump Shot,,,,,4.0,977,Kobe Bryant,1610612747.0,Los Angeles,Lakers,LAL,0,0,,,,,,0,0,,,,,
0021500253,30,4,0,1,9:46 PM,8:45,,,G. Hill REBOUND (Off:0 Def:2),,,5.0,201588,George Hill,1610612754.0,Indiana,Pacers,IND,0,0,,,,,,0,0,,,,,
0021500253,31,2,1,1,9:46 PM,8:33,,,MISS G. Hill 25' 3PT Jump Shot,,,5.0,201588,George Hill,1610612754.0,Indiana,Pacers,IND,0,0,,,,,,0,0,,,,,
0021500253,32,4,0,1,9:46 PM,8:33,Hibbert REBOUND (Off:0 Def:2),,,,,4.0,201579,Roy Hibbert,1610612747.0,Los Angeles,Lakers,LAL,0,0,,,,,,0,0,,,,,
0021500253,33,2,1,1,9:46 PM,8:26,MISS Clarkson 25' 3PT Jump Shot,,,,,4.0,203903,Jordan Clarkson,1610612747.0,Los Angeles,Lakers,LAL,0,0,,,,,,0,0,,,,,
0021500253,34,4,0,1,9:46 PM,8:25,,,Mahinmi REBOUND (Off:0 Def:1),,,5.0,101133,Ian Mahinmi,1610612754.0,Indiana,Pacers,IND,0,0,,,,,,0,0,,,,,
0021500253,35,1,46,1,9:46 PM,8:18,,,George 25' 3PT Running Jump Shot (3 PTS) (Ellis 1 AST),5 - 2,-3,5.0,202331,Paul George,1610612754.0,Indiana,Pacers,IND,5,101145,Monta Ellis,1610612754.0,Indiana,Pacers,IND,0,0,,,,,
0021500253,36,2,1,1,9:47 PM,8:01,MISS Hibbert 18' Jump Shot,,,,,4.0,201579,Roy Hibbert,1610612747.0,Los Angeles,Lakers,LAL,0,0,,,,,,0,0,,,,,
0021500253,37,4,0,1,9:47 PM,8:01,Bryant REBOUND (Off:1 Def:0),,,,,4.0,977,Kobe Bryant,1610612747.0,Los Angeles,Lakers,LAL,0,0,,,,,,0,0,,,,,
0021500253,38,2,1,1,9:47 PM,7:56,MISS Bryant 13' Jump Shot,,,,,4.0,977,Kobe Bryant,1610612747.0,Los Angeles,Lakers,LAL,0,0,,,,,,0,0,,,,,
0021500253,39,4,0,1,9:47 PM,7:55,,,G. Hill REBOUND (Off:0 Def:3),,,5.0,201588,George Hill,1610612754.0,Indiana,Pacers,IND,0,0,,,,,,0,0,,,,,
0021500253,40,2,1,1,9:47 PM,7:49,,,MISS George 14' Jump Shot,,,5.0,202331,Paul George,1610612754.0,Indiana,Pacers,IND,0,0,,,,,,0,0,,,,,
0021500253,41,4,0,1,9:47 PM,7:49,Clarkson REBOUND (Off:0 Def:1),,,,,4.0,203903,Jordan Clarkson,1610612747.0,Los Angeles,Lakers,LAL,0,0,,,,,,0,0,,,,,
0021500253,42,6,29,1,9:47 PM,7:46,,,Ellis Shooting Block Foul (P1.T2) (K.Mauer),,,5.0,101145,Monta Ellis,1610612754.0,Indiana,Pacers,IND,4,203903,Jordan Clarkson,1610612747.0,Los Angeles,Lakers,LAL,1,0,,,,,
0021500253,43,3,11,1,9:47 PM,7:46,Clarkson Free Throw 1 of 2 (1 PTS),,,5 - 3,-2,4.0,203903,Jordan Clarkson,1610612747.0,Los Angeles,Lakers,LAL,0,0,,,,,,0,0,,,,,
0021500253,45,3,12,1,9:47 PM,7:46,Clarkson Free Throw 2 of 2 (2 PTS),,,5 - 4,-1,4.0,203903,Jordan Clarkson,1610612747.0,Los Angeles,Lakers,LAL,0,0,,,,,,0,0,,,,,
0021500253,47,1,78,1,9:48 PM,7:32,,,G. Hill 6' Floating Jump Shot (2 PTS),7 - 4,-3,5.0,201588,George Hill,1610612754.0,Indiana,Pacers,IND,0,0,,,,,,0,0,,,,,
0021500253,48,2,1,1,9:48 PM,7:18,MISS Bryant 4' Jump Shot,,,,,4.0,977,Kobe Bryant,1610612747.0,Los Angeles,Lakers,LAL,0,0,,,,,,0,0,,,,,
0021500253,49,4,0,1,9:48 PM,7:16,,,Ellis REBOUND (Off:0 Def:1),,,5.0,101145,Monta Ellis,1610612754.0,Indiana,Pacers,IND,0,0,,,,,,0,0,,,,,
0021500253,50,1,1,1,9:48 PM,7:10,,,Ellis 26' 3PT Jump Shot (5 PTS),10 - 4,-6,5.0,101145,Monta Ellis,1610612754.0,Indiana,Pacers,IND,0,0,,,,,,0,0,,,,,
0021500253,51,2,1,1,9:48 PM,6:54,MISS Russell 25' 3PT Jump Shot,,,,,4.0,1626156,D'Angelo Russell,1610612747.0,Los Angeles,Lakers,LAL,0,0,,,,,,0,0,,,,,
0021500253,52,4,0,1,9:48 PM,6:53,Clarkson REBOUND (Off:1 Def:1),,,,,4.0,203903,Jordan Clarkson,1610612747.0,Los Angeles,Lakers,LAL,0,0,,,,,,0,0,,,,,
0021500253,53,6,2,1,9:49 PM,6:44,,,Miles S.FOUL (P1.T3) (K.Mauer),,,5.0,101139,CJ Miles,1610612754.0,Indiana,Pacers,IND,4,201579,Roy Hibbert,1610612747.0,Los Angeles,Lakers,LAL,1,0,,,,,
0021500253,54,3,11,1,9:49 PM,6:44,Hibbert Free Throw 1 of 2 (1 PTS),,,10 - 5,-5,4.0,201579,Roy Hibbert,1610612747.0,Los Angeles,Lakers,LAL,0,0,,,,,,0,0,,,,,
0021500253,56,3,12,1,9:49 PM,6:44,Hibbert Free Throw 2 of 2 (2 PTS),,,10 - 6,-4,4.0,201579,Roy Hibbert,1610612747.0,Los Angeles,Lakers,LAL,0,0,,,,,,0,0,,,,,
0021500253,58,1,1,1,9:50 PM,6:24,,,G. Hill 25' 3PT Jump Shot (5 PTS) (Miles 1 AST),13 - 6,-7,5.0,201588,George Hill,1610612754.0,Indiana,Pacers,IND,5,101139,CJ Miles,1610612754.0,Indiana,Pacers,IND,0,0,,,,,
0021500253,60,2,1,1,9:50 PM,6:09,MISS Bryant 25' 3PT Jump Shot,,,,,4.0,977,Kobe Bryant,1610612747.0,Los Angeles,Lakers,LAL,0,0,,,,,,0,0,,,,,
0021500253,61,4,0,1,9:50 PM,6:09,,,Pacers Rebound,,,3.0,1610612754,,,,,,0,0,,,,,,0,0,,,,,
0021500253,62,2,5,1,9:50 PM,5:59,Hibbert BLOCK (1 BLK),,MISS George 2' Layup,,,5.0,202331,Paul George,1610612754.0,Indiana,Pacers,IND,0,0,,,,,,4,201579,Roy Hibbert,1610612747.0,Los Angeles,Lakers,LAL
0021500253,63,4,0,1,9:50 PM,5:58,Randle REBOUND (Off:0 Def:2),,,,,4.0,203944,Julius Randle,1610612747.0,Los Angeles,Lakers,LAL,0,0,,,,,,0,0,,,,,
0021500253,64,5,40,1,9:50 PM,5:52,Randle Out of Bounds Lost Ball Turnover (P1.T3),,,,,4.0,203944,Julius Randle,1610612747.0,Los Angeles,Lakers,LAL,0,0,,,,,,0,0,,,,,
0021500253,65,9,1,1,9:50 PM,5:52,LAKERS Timeout: Regular (Full 1 Short 0),,,,,2.0,1610612747,,,,,,0,0,,,,,,0,0,,,,,
0021500253,67,8,0,1,9:53 PM,5:52,SUB: World Peace FOR Russell,,,,,4.0,1626156,D'Angelo Russell,1610612747.0,Los Angeles,Lakers,LAL,4,1897,Metta World Peace,1610612747.0,Los Angeles,Lakers,LAL,0,0,,,,,
0021500253,68,8,0,1,9:53 PM,5:52,SUB: Young FOR Randle,,,,,4.0,203944,Julius Randle,1610612747.0,Los Angeles,Lakers,LAL,4,201156,Nick Young,1610612747.0,Los Angeles,Lakers,LAL,0,0,,,,,
0021500253,70,1,44,1,9:53 PM,5:37,,,Mahinmi 2' Reverse Layup (2 PTS) (Ellis 2 AST),15 - 6,-9,5.0,101133,Ian Mahinmi,1610612754.0,Indiana,Pacers,IND,5,101145,Monta Ellis,1610612754.0,Indiana,Pacers,IND,0,0,,,,,
0021500253,71,1,1,1,9:53 PM,5:19,Clarkson 25' 3PT Jump Shot (5 PTS) (Bryant 1 AST),,,15 - 9,-6,4.0,203903,Jordan Clarkson,1610612747.0,Los Angeles,Lakers,LAL,4,977,Kobe Bryant,1610612747.0,Los Angeles,Lakers,LAL,0,0,,,,,
0021500253,72,2,1,1,9:54 PM,5:06,,,MISS Miles 27' 3PT Jump Shot,,,5.0,101139,CJ Miles,1610612754.0,Indiana,Pacers,IND,0,0,,,,,,0,0,,,,,
0021500253,73,4,0,1,9:54 PM,5:05,,,Mahinmi REBOUND (Off:1 Def:1),,,5.0,101133,Ian Mahinmi,1610612754.0,Indiana,Pacers,IND,0,0,,,,,,0,0,,,,,
0021500253,74,5,2,1,9:54 PM,4:57,World Peace STEAL (1 STL),,George Lost Ball Turnover (P1.T2),,,5.0,202331,Paul George,1610612754.0,Indiana,Pacers,IND,4,1897,Metta World Peace,1610612747.0,Los Angeles,Lakers,LAL,0,0,,,,,
0021500253,75,6,1,1,9:54 PM,4:49,,,George P.FOUL (P1.T4) (G.Zielinski),,,5.0,202331,Paul George,1610612754.0,Indiana,Pacers,IND,4,977,Kobe Bryant,1610612747.0,Los Angeles,Lakers,LAL,1,0,,,,,
0021500253,76,8,0,1,9:54 PM,4:49,,,SUB: Hill FOR G. Hill,,,5.0,201588,George Hill,1610612754.0,Indiana,Pacers,IND,5,201941,Jordan Hill,1610612754.0,Indiana,Pacers,IND,0,0,,,,,
0021500253,77,8,0,1,9:54 PM,4:49,,,SUB: Stuckey FOR Mahinmi,,,5.0,101133,Ian Mahinmi,1610612754.0,Indiana,Pacers,IND,5,201155,Rodney Stuckey,1610612754.0,Indiana,Pacers,IND,0,0,,,,,
0021500253,78,2,1,1,9:55 PM,4:40,MISS Bryant 12' Jump Shot,,,,,4.0,977,Kobe Bryant,1610612747.0,Los Angeles,Lakers,LAL,0,0,,,,,,0,0,,,,,
0021500253,79,4,0,1,9:55 PM,4:38,,,Hill REBOUND (Off:0 Def:1),,,5.0,201941,Jordan Hill,1610612754.0,Indiana,Pacers,IND,0,0,,,,,,0,0,,,,,
0021500253,80,1,41,1,9:55 PM,4:29,,,Miles 2' Running Layup (2 PTS) (Ellis 3 AST),17 - 9,-8,5.0,101139,CJ Miles,1610612754.0,Indiana,Pacers,IND,5,101145,Monta Ellis,1610612754.0,Indiana,Pacers,IND,0,0,,,,,
0021500253,81,2,1,1,9:55 PM,4:15,MISS World Peace 19' Jump Shot,,,,,4.0,1897,Metta World Peace,1610612747.0,Los Angeles,Lakers,LAL,0,0,,,,,,0,0,,,,,
0021500253,82,4,0,1,9:55 PM,4:14,LAKERS Rebound,,,,,2.0,1610612747,,,,,,0,0,,,,,,0,0,,,,,
0021500253,83,6,3,1,9:55 PM,4:14,,,Hill L.B.FOUL (P1.PN) (G.Zielinski),,,5.0,201941,Jordan Hill,1610612754.0,Indiana,Pacers,IND,4,201579,Roy Hibbert,1610612747.0,Los Angeles,Lakers,LAL,1,0,,,,,
0021500253,84,3,11,1,9:55 PM,4:14,Hibbert Free Throw 1 of 2 (3 PTS),,,17 - 10,-7,4.0,201579,Roy Hibbert,1610612747.0,Los Angeles,Lakers,LAL,0,0,,,,,,0,0,,,,,
0021500253,86,3,12,1,9:56 PM,4:14,MISS Hibbert Free Throw 2 of 2,,,,,4.0,201579,Roy Hibbert,1610612747.0,Los Angeles,Lakers,LAL,0,0,,,,,,0,0,,,,,
0021500253,88,4,0,1,9:56 PM,4:13,,,George REBOUND (Off:0 Def:2),,,5.0,202331,Paul George,1610612754.0,Indiana,Pacers,IND,0,0,,,,,,0,0,,,,,
0021500253,89,2,1,1,9:56 PM,3:56,,,MISS George 16' Jump Shot,,,5.0,202331,Paul George,1610612754.0,Indiana,Pacers,IND,0,0,,,,,,0,0,,,,,
0021500253,90,4,0,1,9:56 PM,3:56,World Peace REBOUND (Off:0 Def:1),,,,,4.0,1897,Metta World Peace,1610612747.0,Los Angeles,Lakers,LAL,0,0,,,,,,0,0,,,,,
0021500253,91,1,5,1,9:57 PM,3:34,Bryant 2' Layup (2 PTS),,,17 - 12,-5,4.0,977,Kobe Bryant,1610612747.0,Los Angeles,Lakers,LAL,0,0,,,,,,0,0,,,,,
0021500253,92,1,79,1,9:57 PM,3:16,,,Ellis 18' Pullup Jump Shot (7 PTS),19 - 12,-7,5.0,101145,Monta Ellis,1610612754.0,Indiana,Pacers,IND,0,0,,,,,,0,0,,,,,
0021500253,93,2,3,1,9:57 PM,2:53,MISS Bryant 3' Hook Shot,,,,,4.0,977,Kobe Bryant,1610612747.0,Los Angeles,Lakers,LAL,0,0,,,,,,0,0,,,,,
0021500253,94,4,0,1,9:57 PM,2:52,,,Stuckey REBOUND (Off:0 Def:1),,,5.0,201155,Rodney Stuckey,1610612754.0,Indiana,Pacers,IND,0,0,,,,,,0,0,,,,,
0021500253,95,2,1,1,9:58 PM,2:37,,,MISS Hill 15' Jump Shot,,,5.0,201941,Jordan Hill,1610612754.0,Indiana,Pacers,IND,0,0,,,,,,0,0,,,,,
0021500253,96,4,0,1,9:58 PM,2:36,Clarkson REBOUND (Off:1 Def:2),,,,,4.0,203903,Jordan Clarkson,1610612747.0,Los Angeles,Lakers,LAL,0,0,,,,,,0,0,,,,,
0021500253,97,2,5,1,9:58 PM,2:25,MISS Clarkson 2' Layup,,,,,4.0,203903,Jordan Clarkson,1610612747.0,Los Angeles,Lakers,LAL,0,0,,,,,,0,0,,,,,
0021500253,98,4,0,1,9:58 PM,2:25,Hibbert REBOUND (Off:1 Def:2),,,,,4.0,201579,Roy Hibbert,1610612747.0,Los Angeles,Lakers,LAL,0,0,,,,,,0,0,,,,,
0021500253,99,2,1,1,9:58 PM,2:21,MISS World Peace 26' 3PT Jump Shot,,,,,4.0,1897,Metta World Peace,1610612747.0,Los Angeles,Lakers,LAL,0,0,,,,,,0,0,,,,,
0021500253,100,4,0,1,9:58 PM,2:20,,,Hill REBOUND (Off:0 Def:2),,,5.0,201941,Jordan Hill,1610612754.0,Indiana,Pacers,IND,0,0,,,,,,0,0,,,,,
0021500253,102,1,1,1,9:58 PM,2:10,,,George 4' Jump Shot (5 PTS),21 - 12,-9,5.0,202331,Paul George,1610612754.0,Indiana,Pacers,IND,0,0,,,,,,0,0,,,,,
0021500253,104,9,1,1,9:58 PM,2:03,,,Pacers Timeout: Regular (Reg.1 Short 0),,,3.0,1610612754,,,,,,0,0,,,,,,0,0,,,,,
0021500253,106,8,0,1,10:00 PM,2:03,SUB: Nance Jr. FOR Bryant,,,,,4.0,977,Kobe Bryant,1610612747.0,Los Angeles,Lakers,LAL,4,1626204,Larry Nance Jr.,1610612747.0,Los Angeles,Lakers,LAL,0,0,,,,,
0021500253,107,8,0,1,10:00 PM,2:03,SUB: Bass FOR Hibbert,,,,,4.0,201579,Roy Hibbert,1610612747.0,Los Angeles,Lakers,LAL,4,101138,Brandon Bass,1610612747.0,Los Angeles,Lakers,LAL,0,0,,,,,
0021500253,108,8,0,1,10:00 PM,2:03,,,SUB: Allen FOR Miles,,,5.0,101139,CJ Miles,1610612754.0,Indiana,Pacers,IND,5,202730,Lavoy Allen,1610612754.0,Indiana,Pacers,IND,0,0,,,,,
0021500253,109,2,1,1,10:01 PM,1:54,MISS Young 25' 3PT Jump Shot,,,,,4.0,201156,Nick Young,1610612747.0,Los Angeles,Lakers,LAL,0,0,,,,,,0,0,,,,,
0021500253,110,4,0,1,10:01 PM,1:53,,,Hill REBOUND (Off:0 Def:3),,,5.0,201941,Jordan Hill,1610612754.0,Indiana,Pacers,IND,0,0,,,,,,0,0,,,,,
0021500253,111,6,1,1,10:01 PM,1:40,World Peace P.FOUL (P1.T1) (M.Kogut),,,,,4.0,1897,Metta World Peace,1610612747.0,Los Angeles,Lakers,LAL,5,202331,Paul George,1610612754.0,Indiana,Pacers,IND,1,0,,,,,
0021500253,112,1,1,1,10:01 PM,1:31,,,Stuckey 16' Jump Shot (2 PTS) (Ellis 4 AST),23 - 12,-11,5.0,201155,Rodney Stuckey,1610612754.0,Indiana,Pacers,IND,5,101145,Monta Ellis,1610612754.0,Indiana,Pacers,IND,0,0,,,,,
0021500253,114,2,1,1,10:02 PM,1:05,MISS Nance Jr. 19' Jump Shot,,,,,4.0,1626204,Larry Nance Jr.,1610612747.0,Los Angeles,Lakers,LAL,0,0,,,,,,0,0,,,,,
0021500253,115,4,0,1,10:02 PM,1:04,LAKERS Rebound,,,,,2.0,1610612747,,,,,,0,0,,,,,,0,0,,,,,
0021500253,116,2,1,1,10:03 PM,0:50,MISS Nance Jr. 18' Jump Shot,,,,,4.0,1626204,Larry Nance Jr.,1610612747.0,Los Angeles,Lakers,LAL,0,0,,,,,,0,0,,,,,
0021500253,117,4,0,1,10:03 PM,0:49,,,Allen REBOUND (Off:0 Def:1),,,5.0,202730,Lavoy Allen,1610612754.0,Indiana,Pacers,IND,0,0,,,,,,0,0,,,,,
0021500253,118,2,46,1,10:03 PM,0:44,Nance Jr. BLOCK (1 BLK),,MISS Stuckey 3' Running Jump Shot,,,5.0,201155,Rodney Stuckey,1610612754.0,Indiana,Pacers,IND,0,0,,,,,,4,1626204,Larry Nance Jr.,1610612747.0,Los Angeles,Lakers,LAL
0021500253,119,4,0,1,10:03 PM,0:44,,,Pacers Rebound,,,3.0,1610612754,,,,,,0,0,,,,,,0,0,,,,,
0021500253,120,1,98,1,10:03 PM,0:35,,,Hill 2' Cutting Layup Shot (2 PTS) (George 1 AST),25 - 12,-13,5.0,201941,Jordan Hill,1610612754.0,Indiana,Pacers,IND,5,202331,Paul George,1610612754.0,Indiana,Pacers,IND,0,0,,,,,
0021500253,121,5,4,1,10:04 PM,0:17,Nance Jr. Traveling Turnover (P1.T4),,,,,4.0,1626204,Larry Nance Jr.,1610612747.0,Los Angeles,Lakers,LAL,0,0,,,,,,1,0,,,,,
0021500253,122,1,1,1,10:04 PM,0:01,,,George 25' 3PT Jump Shot (8 PTS),28 - 12,-16,5.0,202331,Paul George,1610612754.0,Indiana,Pacers,IND,0,0,,,,,,0,0,,,,,
0021500253,123,13,0,1,10:04 PM,0:00,,,,28 - 12,-16,0.0,0,,,,,,0,0,,,,,,0,0,,,,,
0021500253,125,12,0,2,10:07 PM,12:00,,,,28 - 12,-16,0.0,0,,,,,,0,0,,,,,,0,0,,,,,
0021500253,126,5,1,2,10:07 PM,11:47,Nance Jr. STEAL (1 STL),,Stuckey Bad Pass Turnover (P1.T3),,,5.0,201155,Rodney Stuckey,1610612754.0,Indiana,Pacers,IND,4,1626204,Larry Nance Jr.,1610612747.0,Los Angeles,Lakers,LAL,0,0,,,,,
0021500253,127,2,5,2,10:07 PM,11:41,MISS Nance Jr. 2' Layup,,,,,4.0,1626204,Larry Nance Jr.,1610612747.0,Los Angeles,Lakers,LAL,0,0,,,,,,0,0,,,,,
0021500253,128,4,0,2,10:07 PM,11:40,,,G. Hill REBOUND (Off:0 Def:4),,,5.0,201588,George Hill,1610612754.0,Indiana,Pacers,IND,0,0,,,,,,0,0,,,,,
0021500253,129,2,3,2,10:07 PM,11:33,,,MISS Hill 8' Hook Shot,,,5.0,201941,Jordan Hill,1610612754.0,Indiana,Pacers,IND,0,0,,,,,,0,0,,,,,
0021500253,130,4,0,2,10:07 PM,11:31,Nance Jr. REBOUND (Off:0 Def:1),,,,,4.0,1626204,Larry Nance Jr.,1610612747.0,Los Angeles,Lakers,LAL,0,0,,,,,,0,0,,,,,
0021500253,131,2,1,2,10:08 PM,11:26,MISS Young 25' 3PT Jump Shot,,,,,4.0,201156,Nick Young,1610612747.0,Los Angeles,Lakers,LAL,0,0,,,,,,0,0,,,,,
0021500253,132,4,0,2,10:08 PM,11:24,,,Hill REBOUND (Off:0 Def:4),,,5.0,201941,Jordan Hill,1610612754.0,Indiana,Pacers,IND,0,0,,,,,,0,0,,,,,
0021500253,133,2,1,2,10:08 PM,11:14,,,MISS Stuckey 25' 3PT Jump Shot,,,5.0,201155,Rodney Stuckey,1610612754.0,Indiana,Pacers,IND,0,0,,,,,,0,0,,,,,
0021500253,134,4,0,2,10:08 PM,11:13,LAKERS Rebound,,,,,2.0,1610612747,,,,,,0,0,,,,,,0,0,,,,,
0021500253,135,2,1,2,10:08 PM,10:51,MISS Russell 20' Jump Shot,,,,,4.0,1626156,D'Angelo Russell,1610612747.0,Los Angeles,Lakers,LAL,0,0,,,,,,0,0,,,,,
0021500253,136,4,0,2,10:08 PM,10:50,,,Allen REBOUND (Off:0 Def:2),,,5.0,202730,Lavoy Allen,1610612754.0,Indiana,Pacers,IND,0,0,,,,,,0,0,,,,,
0021500253,137,2,1,2,10:09 PM,10:33,,,MISS Hill 16' Jump Shot,,,5.0,201941,Jordan Hill,1610612754.0,Indiana,Pacers,IND,0,0,,,,,,0,0,,,,,
0021500253,138,4,0,2,10:09 PM,10:33,,,Allen REBOUND (Off:1 Def:2),,,5.0,202730,Lavoy Allen,1610612754.0,Indiana,Pacers,IND,0,0,,,,,,0,0,,,,,
0021500253,139,1,5,2,10:09 PM,10:30,,,Allen 2' Layup (2 PTS),30 - 12,-18,5.0,202730,Lavoy Allen,1610612754.0,Indiana,Pacers,IND,0,0,,,,,,0,0,,,,,
0021500253,140,2,5,2,10:09 PM,10:11,MISS World Peace 3' Layup,,,,,4.0,1897,Metta World Peace,1610612747.0,Los Angeles,Lakers,LAL,0,0,,,,,,0,0,,,,,
0021500253,141,4,0,2,10:09 PM,10:11,,,Allen REBOUND (Off:1 Def:3),,,5.0,202730,Lavoy Allen,1610612754.0,Indiana,Pacers,IND,0,0,,,,,,0,0,,,,,
0021500253,142,5,45,2,10:09 PM,10:06,,,G. Hill Out of Bounds - Bad Pass Turnover Turnover (P2.T4),,,5.0,201588,George Hill,1610612754.0,Indiana,Pacers,IND,0,0,,,,,,0,0,,,,,
0021500253,143,2,1,2,10:09 PM,9:54,MISS Young 25' 3PT Jump Shot,,,,,4.0,201156,Nick Young,1610612747.0,Los Angeles,Lakers,LAL,0,0,,,,,,0,0,,,,,
0021500253,144,4,0,2,10:09 PM,9:54,,,Allen REBOUND (Off:1 Def:4),,,5.0,202730,Lavoy Allen,1610612754.0,Indiana,Pacers,IND,0,0,,,,,,0,0,,,,,
0021500253,145,5,2,2,10:10 PM,9:49,World Peace STEAL (2 STL),,Budinger Lost Ball Turnover (P1.T5),,,5.0,201978,Chase Budinger,1610612754.0,Indiana,Pacers,IND,4,1897,Metta World Peace,1610612747.0,Los Angeles,Lakers,LAL,0,0,,,,,
0021500253,146,1,98,2,10:10 PM,9:39,Nance Jr. 2' Cutting Layup Shot (2 PTS) (Russell 1 AST),,,30 - 14,-16,4.0,1626204,Larry Nance Jr.,1610612747.0,Los Angeles,Lakers,LAL,4,1626156,D'Angelo Russell,1610612747.0,Los Angeles,Lakers,LAL,0,0,,,,,
0021500253,147,5,11,2,10:10 PM,9:13,,,Pacers Turnover: Shot Clock (T#6),,,3.0,1610612754,,,,,,0,0,,,,,,1,0,,,,,
0021500253,148,8,0,2,10:10 PM,9:13,SUB: Bryant FOR Young,,,,,4.0,201156,Nick Young,1610612747.0,Los Angeles,Lakers,LAL,4,977,Kobe Bryant,1610612747.0,Los Angeles,Lakers,LAL,0,0,,,,,
0021500253,150,2,1,2,10:11 PM,8:50,MISS Bryant 20' Jump Shot,,,,,4.0,977,Kobe Bryant,1610612747.0,Los Angeles,Lakers,LAL,0,0,,,,,,0,0,,,,,
0021500253,151,4,0,2,10:11 PM,8:49,Nance Jr. REBOUND (Off:1 Def:1),,,,,4.0,1626204,Larry Nance Jr.,1610612747.0,Los Angeles,Lakers,LAL,0,0,,,,,,0,0,,,,,
0021500253,153,2,5,2,10:11 PM,8:47,MISS Nance Jr.  Layup,,,,,4.0,1626204,Larry Nance Jr.,1610612747.0,Los Angeles,Lakers,LAL,0,0,,,,,,0,0,,,,,
0021500253,154,4,0,2,10:11 PM,8:46,Bass REBOUND (Off:1 Def:0),,,,,4.0,101138,Brandon Bass,1610612747.0,Los Angeles,Lakers,LAL,0,0,,,,,,0,0,,,,,
0021500253,155,1,87,2,10:11 PM,8:44,Bass  Putback Dunk (2 PTS),,,30 - 16,-14,4.0,101138,Brandon Bass,1610612747.0,Los Angeles,Lakers,LAL,0,0,,,,,,0,0,,,,,
0021500253,156,2,1,2,10:11 PM,8:34,,,MISS Allen 20' Jump Shot,,,5.0,202730,Lavoy Allen,1610612754.0,Indiana,Pacers,IND,0,0,,,,,,0,0,,,,,
0021500253,157,4,0,2,10:11 PM,8:32,,,Hill REBOUND (Off:1 Def:4),,,5.0,201941,Jordan Hill,1610612754.0,Indiana,Pacers,IND,0,0,,,,,,0,0,,,,,
0021500253,158,1,97,2,10:11 PM,8:29,,,Hill  Tip Layup Shot (4 PTS),32 - 16,-16,5.0,201941,Jordan Hill,1610612754.0,Indiana,Pacers,IND,0,0,,,,,,0,0,,,,,
0021500253,159,2,1,2,10:11 PM,8:17,MISS World Peace 25' 3PT Jump Shot,,,,,4.0,1897,Metta World Peace,1610612747.0,Los Angeles,Lakers,LAL,0,0,,,,,,0,0,,,,,
0021500253,160,4,0,2,10:11 PM,8:17,,,Hill REBOUND (Off:1 Def:5),,,5.0,201941,Jordan Hill,1610612754.0,Indiana,Pacers,IND,0,0,,,,,,0,0,,,,,
0021500253,161,1,41,2,10:12 PM,8:10,,,Allen 1' Running Layup (4 PTS) (Stuckey 1 AST),34 - 16,-18,5.0,202730,Lavoy Allen,1610612754.0,Indiana,Pacers,IND,5,201155,Rodney Stuckey,1610612754.0,Indiana,Pacers,IND,0,0,,,,,
0021500253,162,1,1,2,10:12 PM,7:47,Bass 14' Jump Shot (4 PTS),,,34 - 18,-16,4.0,101138,Brandon Bass,1610612747.0,Los Angeles,Lakers,LAL,0,0,,,,,,0,0,,,,,
0021500253,163,2,1,2,10:12 PM,7:26,,,MISS Hill 18' Jump Shot,,,5.0,201941,Jordan Hill,1610612754.0,Indiana,Pacers,IND,0,0,,,,,,0,0,,,,,
0021500253,164,4,0,2,10:12 PM,7:26,Bass REBOUND (Off:1 Def:1),,,,,4.0,101138,Brandon Bass,1610612747.0,Los Angeles,Lakers,LAL,0,0,,,,,,0,0,,,,,
0021500253,165,2,1,2,10:13 PM,7:07,MISS Bryant 6' Jump Shot,,,,,4.0,977,Kobe Bryant,1610612747.0,Los Angeles,Lakers,LAL,0,0,,,,,,0,0,,,,,
0021500253,166,4,0,2,10:13 PM,7:07,,,Allen REBOUND (Off:1 Def:5),,,5.0,202730,Lavoy Allen,1610612754.0,Indiana,Pacers,IND,0,0,,,,,,0,0,,,,,
0021500253,167,2,1,2,10:13 PM,6:59,,,MISS Stuckey 18' Jump Shot,,,5.0,201155,Rodney Stuckey,1610612754.0,Indiana,Pacers,IND,0,0,,,,,,0,0,,,,,
0021500253,168,4,0,2,10:13 PM,6:59,Russell REBOUND (Off:0 Def:3),,,,,4.0,1626156,D'Angelo Russell,1610612747.0,Los Angeles,Lakers,LAL,0,0,,,,,,0,0,,,,,
0021500253,169,1,79,2,10:13 PM,6:53,Russell 14' Pullup Jump Shot (2 PTS),,,34 - 20,-14,4.0,1626156,D'Angelo Russell,1610612747.0,Los Angeles,Lakers,LAL,0,0,,,,,,0,0,,,,,
0021500253,170,9,1,2,10:13 PM,6:53,,,Pacers Timeout: Regular (Reg.2 Short 0),,,3.0,1610612754,,,,,,0,0,,,,,,0,0,,,,,
0021500253,172,8,0,2,10:15 PM,6:53,SUB: Hibbert FOR Bass,,,,,4.0,101138,Brandon Bass,1610612747.0,Los Angeles,Lakers,LAL,4,201579,Roy Hibbert,1610612747.0,Los Angeles,Lakers,LAL,0,0,,,,,
0021500253,173,8,0,2,10:15 PM,6:53,SUB: Randle FOR Nance Jr.,,,,,4.0,1626204,Larry Nance Jr.,1610612747.0,Los Angeles,Lakers,LAL,4,203944,Julius Randle,1610612747.0,Los Angeles,Lakers,LAL,0,0,,,,,
0021500253,175,1,79,2,10:15 PM,6:43,,,Budinger 11' Pullup Jump Shot (2 PTS) (G. Hill 1 AST),36 - 20,-16,5.0,201978,Chase Budinger,1610612754.0,Indiana,Pacers,IND,5,201588,George Hill,1610612754.0,Indiana,Pacers,IND,0,0,,,,,
0021500253,176,6,2,2,10:16 PM,6:30,,,Budinger S.FOUL (P1.T1) (M.Kogut),,,5.0,201978,Chase Budinger,1610612754.0,Indiana,Pacers,IND,4,977,Kobe Bryant,1610612747.0,Los Angeles,Lakers,LAL,1,0,,,,,
0021500253,177,3,11,2,10:16 PM,6:30,Bryant Free Throw 1 of 2 (3 PTS),,,36 - 21,-15,4.0,977,Kobe Bryant,1610612747.0,Los Angeles,Lakers,LAL,0,0,,,,,,0,0,,,,,
0021500253,179,3,12,2,10:16 PM,6:30,Bryant Free Throw 2 of 2 (4 PTS),,,36 - 22,-14,4.0,977,Kobe Bryant,1610612747.0,Los Angeles,Lakers,LAL,0,0,,,,,,0,0,,,,,
0021500253,181,1,79,2,10:17 PM,6:17,,,Stuckey 12' Pullup Jump Shot (4 PTS) (Hill 1 AST),38 - 22,-16,5.0,201155,Rodney Stuckey,1610612754.0,Indiana,Pacers,IND,5,201941,Jordan Hill,1610612754.0,Indiana,Pacers,IND,0,0,,,,,
0021500253,182,6,1,2,10:17 PM,6:10,,,Hill P.FOUL (P2.T2) (G.Zielinski),,,5.0,201941,Jordan Hill,1610612754.0,Indiana,Pacers,IND,4,201579,Roy Hibbert,1610612747.0,Los Angeles,Lakers,LAL,1,0,,,,,
0021500253,183,8,0,2,10:17 PM,6:10,SUB: Clarkson FOR World Peace,,,,,4.0,1897,Metta World Peace,1610612747.0,Los Angeles,Lakers,LAL,4,203903,Jordan Clarkson,1610612747.0,Los Angeles,Lakers,LAL,0,0,,,,,
0021500253,184,8,0,2,10:17 PM,6:10,,,SUB: Mahinmi FOR Hill,,,5.0,201941,Jordan Hill,1610612754.0,Indiana,Pacers,IND,5,101133,Ian Mahinmi,1610612754.0,Indiana,Pacers,IND,0,0,,,,,
0021500253,185,2,1,2,10:17 PM,5:56,MISS Bryant 12' Jump Shot,,,,,4.0,977,Kobe Bryant,1610612747.0,Los Angeles,Lakers,LAL,0,0,,,,,,0,0,,,,,
0021500253,186,4,0,2,10:17 PM,5:55,,,Mahinmi REBOUND (Off:1 Def:2),,,5.0,101133,Ian Mahinmi,1610612754.0,Indiana,Pacers,IND,0,0,,,,,,0,0,,,,,
0021500253,187,2,41,2,10:17 PM,5:48,,,MISS Stuckey 2' Running Layup,,,5.0,201155,Rodney Stuckey,1610612754.0,Indiana,Pacers,IND,0,0,,,,,,0,0,,,,,
0021500253,188,4,0,2,10:17 PM,5:47,Clarkson REBOUND (Off:1 Def:3),,,,,4.0,203903,Jordan Clarkson,1610612747.0,Los Angeles,Lakers,LAL,0,0,,,,,,0,0,,,,,
0021500253,190,6,2,2,10:18 PM,5:44,,,G. Hill S.FOUL (P1.T3) (M.Kogut),,,5.0,201588,George Hill,1610612754.0,Indiana,Pacers,IND,4,203903,Jordan Clarkson,1610612747.0,Los Angeles,Lakers,LAL,1,0,,,,,
0021500253,191,9,4,2,10:18 PM,5:44,,,,,,1.0,0,,,,,,0,0,,,,,,0,0,,,,,
0021500253,194,8,0,2,10:20 PM,5:44,,,SUB: Ellis FOR G. Hill,,,5.0,201588,George Hill,1610612754.0,Indiana,Pacers,IND,5,101145,Monta Ellis,1610612754.0,Indiana,Pacers,IND,0,0,,,,,
0021500253,195,3,11,2,10:20 PM,5:44,Clarkson Free Throw 1 of 2 (6 PTS),,,38 - 23,-15,4.0,203903,Jordan Clarkson,1610612747.0,Los Angeles,Lakers,LAL,0,0,,,,,,0,0,,,,,
0021500253,197,3,12,2,10:21 PM,5:44,Clarkson Free Throw 2 of 2 (7 PTS),,,38 - 24,-14,4.0,203903,Jordan Clarkson,1610612747.0,Los Angeles,Lakers,LAL,0,0,,,,,,0,0,,,,,
0021500253,199,2,78,2,10:21 PM,5:20,,,MISS Stuckey 10' Floating Jump Shot,,,5.0,201155,Rodney Stuckey,1610612754.0,Indiana,Pacers,IND,0,0,,,,,,0,0,,,,,
0021500253,200,4,0,2,10:21 PM,5:18,Bryant REBOUND (Off:1 Def:1),,,,,4.0,977,Kobe Bryant,1610612747.0,Los Angeles,Lakers,LAL,0,0,,,,,,0,0,,,,,
0021500253,201,2,1,2,10:21 PM,5:11,MISS Randle 16' Jump Shot,,,,,4.0,203944,Julius Randle,1610612747.0,Los Angeles,Lakers,LAL,0,0,,,,,,0,0,,,,,
0021500253,202,4,0,2,10:21 PM,5:10,,,Mahinmi REBOUND (Off:1 Def:3),,,5.0,101133,Ian Mahinmi,1610612754.0,Indiana,Pacers,IND,0,0,,,,,,0,0,,,,,
0021500253,203,5,45,2,10:21 PM,4:59,,,Ellis Out of Bounds - Bad Pass Turnover Turnover (P1.T7),,,5.0,101145,Monta Ellis,1610612754.0,Indiana,Pacers,IND,0,0,,,,,,0,0,,,,,
0021500253,204,2,1,2,10:22 PM,4:39,MISS Randle 18' Jump Shot,,,,,4.0,203944,Julius Randle,1610612747.0,Los Angeles,Lakers,LAL,0,0,,,,,,0,0,,,,,
0021500253,205,4,0,2,10:22 PM,4:38,,,Stuckey REBOUND (Off:0 Def:2),,,5.0,201155,Rodney Stuckey,1610612754.0,Indiana,Pacers,IND,0,0,,,,,,0,0,,,,,
0021500253,206,2,1,2,10:22 PM,4:28,,,MISS Allen 15' Jump Shot,,,5.0,202730,Lavoy Allen,1610612754.0,Indiana,Pacers,IND,0,0,,,,,,0,0,,,,,
0021500253,207,4,0,2,10:22 PM,4:28,Hibbert REBOUND (Off:1 Def:3),,,,,4.0,201579,Roy Hibbert,1610612747.0,Los Angeles,Lakers,LAL,0,0,,,,,,0,0,,,,,
0021500253,208,1,86,2,10:22 PM,4:16,Clarkson 8' Turnaround Fadeaway (9 PTS),,,38 - 26,-12,4.0,203903,Jordan Clarkson,1610612747.0,Los Angeles,Lakers,LAL,0,0,,,,,,0,0,,,,,
0021500253,209,6,28,2,10:22 PM,4:08,Clarkson Personal Take Foul (P1.T1) (G.Zielinski),,,,,4.0,203903,Jordan Clarkson,1610612747.0,Los Angeles,Lakers,LAL,5,101145,Monta Ellis,1610612754.0,Indiana,Pacers,IND,1,0,,,,,
0021500253,210,8,0,2,10:23 PM,4:08,,,SUB: George FOR Stuckey,,,5.0,201155,Rodney Stuckey,1610612754.0,Indiana,Pacers,IND,5,202331,Paul George,1610612754.0,Indiana,Pacers,IND,0,0,,,,,
0021500253,211,8,0,2,10:23 PM,4:08,,,SUB: Miles FOR Allen,,,5.0,202730,Lavoy Allen,1610612754.0,Indiana,Pacers,IND,5,101139,CJ Miles,1610612754.0,Indiana,Pacers,IND,0,0,,,,,
0021500253,212,8,0,2,10:23 PM,4:08,,,SUB: G. Hill FOR Budinger,,,5.0,201978,Chase Budinger,1610612754.0,Indiana,Pacers,IND,5,201588,George Hill,1610612754.0,Indiana,Pacers,IND,0,0,,,,,
0021500253,213,9,1,2,10:23 PM,4:08,LAKERS Timeout: Regular (Full 2 Short 0),,,,,2.0,1610612747,,,,,,0,0,,,,,,0,0,,,,,
0021500253,217,1,98,2,10:26 PM,3:58,,,G. Hill 1' Cutting Layup Shot (7 PTS) (Mahinmi 1 AST),40 - 26,-14,5.0,201588,George Hill,1610612754.0,Indiana,Pacers,IND,5,101133,Ian Mahinmi,1610612754.0,Indiana,Pacers,IND,0,0,,,,,
0021500253,218,2,5,2,10:26 PM,3:43,MISS Russell 3' Layup,,,,,4.0,1626156,D'Angelo Russell,1610612747.0,Los Angeles,Lakers,LAL,0,0,,,,,,0,0,,,,,
0021500253,219,4,0,2,10:26 PM,3:42,Russell REBOUND (Off:1 Def:3),,,,,4.0,1626156,D'Angelo Russell,1610612747.0,Los Angeles,Lakers,LAL,0,0,,,,,,0,0,,,,,
0021500253,220,1,5,2,10:26 PM,3:40,Russell 1' Layup (4 PTS),,,40 - 28,-12,4.0,1626156,D'Angelo Russell,1610612747.0,Los Angeles,Lakers,LAL,0,0,,,,,,0,0,,,,,
0021500253,221,2,1,2,10:26 PM,3:29,Hibbert BLOCK (2 BLK),,MISS Miles 12' Jump Shot,,,5.0,101139,CJ Miles,1610612754.0,Indiana,Pacers,IND,0,0,,,,,,4,201579,Roy Hibbert,1610612747.0,Los Angeles,Lakers,LAL
0021500253,222,4,0,2,10:26 PM,3:28,Russell REBOUND (Off:1 Def:4),,,,,4.0,1626156,D'Angelo Russell,1610612747.0,Los Angeles,Lakers,LAL,0,0,,,,,,0,0,,,,,
0021500253,223,1,1,2,10:26 PM,3:13,Clarkson  3PT Jump Shot (12 PTS) (Russell 2 AST),,,40 - 31,-9,4.0,203903,Jordan Clarkson,1610612747.0,Los Angeles,Lakers,LAL,4,1626156,D'Angelo Russell,1610612747.0,Los Angeles,Lakers,LAL,0,0,,,,,
0021500253,224,5,40,2,10:27 PM,3:02,,,Mahinmi Out of Bounds Lost Ball Turnover (P1.T8),,,5.0,101133,Ian Mahinmi,1610612754.0,Indiana,Pacers,IND,0,0,,,,,,0,0,,,,,
0021500253,225,1,1,2,10:27 PM,2:48,Bryant 20' Jump Shot (6 PTS) (Russell 3 AST),,,40 - 33,-7,4.0,977,Kobe Bryant,1610612747.0,Los Angeles,Lakers,LAL,4,1626156,D'Angelo Russell,1610612747.0,Los Angeles,Lakers,LAL,0,0,,,,,
0021500253,226,2,1,2,10:27 PM,2:39,,,MISS G. Hill 25' 3PT Jump Shot,,,5.0,201588,George Hill,1610612754.0,Indiana,Pacers,IND,0,0,,,,,,0,0,,,,,
0021500253,227,4,0,2,10:27 PM,2:38,Randle REBOUND (Off:0 Def:3),,,,,4.0,203944,Julius Randle,1610612747.0,Los Angeles,Lakers,LAL,0,0,,,,,,0,0,,,,,
0021500253,228,2,5,2,10:27 PM,2:28,MISS Randle 2' Layup,,,,,4.0,203944,Julius Randle,1610612747.0,Los Angeles,Lakers,LAL,0,0,,,,,,0,0,,,,,
0021500253,229,4,0,2,10:27 PM,2:27,Hibbert REBOUND (Off:2 Def:3),,,,,4.0,201579,Roy Hibbert,1610612747.0,Los Angeles,Lakers,LAL,0,0,,,,,,0,0,,,,,
0021500253,230,9,2,2,10:28 PM,2:27,LAKERS Timeout: Short (Full 2 Short 1),,,,,2.0,1610612747,,,,,,0,0,,,,,,0,0,,,,,
0021500253,232,8,0,2,10:28 PM,2:27,SUB: World Peace FOR Randle,,,,,4.0,203944,Julius Randle,1610612747.0,Los Angeles,Lakers,LAL,4,1897,Metta World Peace,1610612747.0,Los Angeles,Lakers,LAL,0,0,,,,,
0021500253,234,2,1,2,10:29 PM,2:24,MISS Russell 24' 3PT Jump Shot,,,,,4.0,1626156,D'Angelo Russell,1610612747.0,Los Angeles,Lakers,LAL,0,0,,,,,,0,0,,,,,
0021500253,235,4,0,2,10:29 PM,2:23,,,Mahinmi REBOUND (Off:1 Def:4),,,5.0,101133,Ian Mahinmi,1610612754.0,Indiana,Pacers,IND,0,0,,,,,,0,0,,,,,
0021500253,236,1,79,2,10:30 PM,1:58,,,Ellis 14' Pullup Jump Shot (9 PTS),42 - 33,-9,5.0,101145,Monta Ellis,1610612754.0,Indiana,Pacers,IND,0,0,,,,,,0,0,,,,,
0021500253,237,2,1,2,10:30 PM,1:43,MISS Bryant 25' 3PT Jump Shot,,George BLOCK (1 BLK),,,4.0,977,Kobe Bryant,1610612747.0,Los Angeles,Lakers,LAL,0,0,,,,,,5,202331,Paul George,1610612754.0,Indiana,Pacers,IND
0021500253,238,4,0,2,10:30 PM,1:41,,,Ellis REBOUND (Off:0 Def:2),,,5.0,101145,Monta Ellis,1610612754.0,Indiana,Pacers,IND,0,0,,,,,,0,0,,,,,
0021500253,239,6,2,2,10:30 PM,1:40,Clarkson S.FOUL (P2.T2) (G.Zielinski),,,,,4.0,203903,Jordan Clarkson,1610612747.0,Los Angeles,Lakers,LAL,5,202331,Paul George,1610612754.0,Indiana,Pacers,IND,1,0,,,,,
0021500253,240,3,11,2,10:30 PM,1:40,,,George Free Throw 1 of 2 (9 PTS),43 - 33,-10,5.0,202331,Paul George,1610612754.0,Indiana,Pacers,IND,0,0,,,,,,0,0,,,,,
0021500253,242,3,12,2,10:30 PM,1:40,,,George Free Throw 2 of 2 (10 PTS),44 - 33,-11,5.0,202331,Paul George,1610612754.0,Indiana,Pacers,IND,0,0,,,,,,0,0,,,,,
0021500253,244,2,5,2,10:31 PM,1:25,MISS World Peace 2' Layup,,,,,4.0,1897,Metta World Peace,1610612747.0,Los Angeles,Lakers,LAL,0,0,,,,,,0,0,,,,,
0021500253,245,4,0,2,10:31 PM,1:24,,,Mahinmi REBOUND (Off:1 Def:5),,,5.0,101133,Ian Mahinmi,1610612754.0,Indiana,Pacers,IND,0,0,,,,,,0,0,,,,,
0021500253,246,2,1,2,10:31 PM,1:17,,,MISS George 25' 3PT Jump Shot,,,5.0,202331,Paul George,1610612754.0,Indiana,Pacers,IND,0,0,,,,,,0,0,,,,,
0021500253,247,4,0,2,10:31 PM,1:17,Clarkson REBOUND (Off:1 Def:4),,,,,4.0,203903,Jordan Clarkson,1610612747.0,Los Angeles,Lakers,LAL,0,0,,,,,,0,0,,,,,
0021500253,248,2,1,2,10:31 PM,1:02,MISS Bryant 6' Jump Shot,,,,,4.0,977,Kobe Bryant,1610612747.0,Los Angeles,Lakers,LAL,0,0,,,,,,0,0,,,,,
0021500253,249,4,0,2,10:31 PM,1:02,Hibbert REBOUND (Off:3 Def:3),,,,,4.0,201579,Roy Hibbert,1610612747.0,Los Angeles,Lakers,LAL,0,0,,,,,,0,0,,,,,
0021500253,250,1,107,2,10:31 PM,1:00,Hibbert  Tip Dunk Shot (5 PTS),,,44 - 35,-9,4.0,201579,Roy Hibbert,1610612747.0,Los Angeles,Lakers,LAL,0,0,,,,,,0,0,,,,,
0021500253,251,6,2,2,10:32 PM,0:53,Hibbert S.FOUL (P1.PN) (K.Mauer),,,,,4.0,201579,Roy Hibbert,1610612747.0,Los Angeles,Lakers,LAL,5,201588,George Hill,1610612754.0,Indiana,Pacers,IND,1,0,,,,,
0021500253,252,3,11,2,10:32 PM,0:53,,,G. Hill Free Throw 1 of 2 (8 PTS),45 - 35,-10,5.0,201588,George Hill,1610612754.0,Indiana,Pacers,IND,0,0,,,,,,0,0,,,,,
0021500253,254,3,12,2,10:32 PM,0:53,,,G. Hill Free Throw 2 of 2 (9 PTS),46 - 35,-11,5.0,201588,George Hill,1610612754.0,Indiana,Pacers,IND,0,0,,,,,,0,0,,,,,
0021500253,256,2,1,2,10:33 PM,0:40,MISS Bryant 20' Jump Shot,,,,,4.0,977,Kobe Bryant,1610612747.0,Los Angeles,Lakers,LAL,0,0,,,,,,0,0,,,,,
0021500253,257,4,0,2,10:33 PM,0:39,World Peace REBOUND (Off:1 Def:1),,,,,4.0,1897,Metta World Peace,1610612747.0,Los Angeles,Lakers,LAL,0,0,,,,,,0,0,,,,,
0021500253,258,2,97,2,10:33 PM,0:36,MISS World Peace 1' Tip Layup Shot,,,,,4.0,1897,Metta World Peace,1610612747.0,Los Angeles,Lakers,LAL,0,0,,,,,,0,0,,,,,
0021500253,259,4,0,2,10:33 PM,0:35,,,Mahinmi REBOUND (Off:1 Def:6),,,5.0,101133,Ian Mahinmi,1610612754.0,Indiana,Pacers,IND,0,0,,,,,,0,0,,,,,
0021500253,260,2,1,2,10:33 PM,0:29,,,MISS Miles 25' 3PT Jump Shot,,,5.0,101139,CJ Miles,1610612754.0,Indiana,Pacers,IND,0,0,,,,,,0,0,,,,,
0021500253,261,4,0,2,10:33 PM,0:29,Hibbert REBOUND (Off:3 Def:4),,,,,4.0,201579,Roy Hibbert,1610612747.0,Los Angeles,Lakers,LAL,0,0,,,,,,0,0,,,,,
0021500253,262,5,10,2,10:33 PM,0:21,LAKERS Turnover: 8 Second Violation (T#5),,,,,2.0,1610612747,,,,,,0,0,,,,,,1,0,,,,,
0021500253,263,9,2,2,10:34 PM,0:21,,,Pacers Timeout: Short (Reg.2 Short 1),,,3.0,1610612754,,,,,,0,0,,,,,,0,0,,,,,
0021500253,266,1,98,2,10:35 PM,0:02,,,George 2' Cutting Layup Shot (12 PTS) (Ellis 5 AST),48 - 35,-13,5.0,202331,Paul George,1610612754.0,Indiana,Pacers,IND,5,101145,Monta Ellis,1610612754.0,Indiana,Pacers,IND,0,0,,,,,
0021500253,267,13,0,2,10:35 PM,0:00,,,,48 - 35,-13,0.0,0,,,,,,0,0,,,,,,0,0,,,,,
0021500253,269,12,0,3,10:52 PM,12:00,,,,48 - 35,-13,0.0,0,,,,,,0,0,,,,,,0,0,,,,,
0021500253,270,1,108,3,10:52 PM,11:44,,,Mahinmi  Cutting Dunk Shot (4 PTS) (Ellis 6 AST),50 - 35,-15,5.0,101133,Ian Mahinmi,1610612754.0,Indiana,Pacers,IND,5,101145,Monta Ellis,1610612754.0,Indiana,Pacers,IND,0,0,,,,,
0021500253,271,1,3,3,10:52 PM,11:19,Randle 1' Hook Shot (4 PTS),,,50 - 37,-13,4.0,203944,Julius Randle,1610612747.0,Los Angeles,Lakers,LAL,0,0,,,,,,0,0,,,,,
0021500253,272,1,1,3,10:52 PM,11:11,,,Miles 25' 3PT Jump Shot (5 PTS) (G. Hill 2 AST),53 - 37,-16,5.0,101139,CJ Miles,1610612754.0,Indiana,Pacers,IND,5,201588,George Hill,1610612754.0,Indiana,Pacers,IND,0,0,,,,,
0021500253,273,6,1,3,10:53 PM,11:01,,,Miles P.FOUL (P2.T1) (M.Kogut),,,5.0,101139,CJ Miles,1610612754.0,Indiana,Pacers,IND,4,203944,Julius Randle,1610612747.0,Los Angeles,Lakers,LAL,1,0,,,,,
0021500253,274,1,63,3,10:53 PM,10:49,Randle 10' Fadeaway Jumper (6 PTS),,,53 - 39,-14,4.0,203944,Julius Randle,1610612747.0,Los Angeles,Lakers,LAL,0,0,,,,,,0,0,,,,,
0021500253,275,2,1,3,10:53 PM,10:34,,,MISS George 25' 3PT Jump Shot,,,5.0,202331,Paul George,1610612754.0,Indiana,Pacers,IND,0,0,,,,,,0,0,,,,,
0021500253,276,4,0,3,10:53 PM,10:34,Russell REBOUND (Off:1 Def:5),,,,,4.0,1626156,D'Angelo Russell,1610612747.0,Los Angeles,Lakers,LAL,0,0,,,,,,0,0,,,,,
0021500253,277,5,13,3,10:54 PM,10:22,LAKERS Turnover: Backcourt (T#6),,,,,2.0,1610612747,,,,,,0,0,,,,,,1,0,,,,,
0021500253,278,5,2,3,10:54 PM,10:06,Bryant STEAL (1 STL),,Ellis Lost Ball Turnover (P2.T9),,,5.0,101145,Monta Ellis,1610612754.0,Indiana,Pacers,IND,4,977,Kobe Bryant,1610612747.0,Los Angeles,Lakers,LAL,0,0,,,,,
0021500253,279,1,108,3,10:54 PM,9:53,Hibbert  Cutting Dunk Shot (7 PTS) (Bryant 2 AST),,,53 - 41,-12,4.0,201579,Roy Hibbert,1610612747.0,Los Angeles,Lakers,LAL,4,977,Kobe Bryant,1610612747.0,Los Angeles,Lakers,LAL,0,0,,,,,
0021500253,280,6,1,3,10:55 PM,9:43,Hibbert P.FOUL (P2.T1) (K.Mauer),,,,,4.0,201579,Roy Hibbert,1610612747.0,Los Angeles,Lakers,LAL,5,101133,Ian Mahinmi,1610612754.0,Indiana,Pacers,IND,1,0,,,,,
0021500253,281,1,43,3,10:55 PM,9:36,,,George 1' Alley Oop Layup (14 PTS) (Mahinmi 2 AST),55 - 41,-14,5.0,202331,Paul George,1610612754.0,Indiana,Pacers,IND,5,101133,Ian Mahinmi,1610612754.0,Indiana,Pacers,IND,0,0,,,,,
0021500253,282,6,1,3,10:55 PM,9:25,,,Mahinmi P.FOUL (P2.T2) (K.Mauer),,,5.0,101133,Ian Mahinmi,1610612754.0,Indiana,Pacers,IND,4,201579,Roy Hibbert,1610612747.0,Los Angeles,Lakers,LAL,1,0,,,,,
0021500253,283,1,79,3,10:55 PM,9:21,Clarkson 19' Pullup Jump Shot (14 PTS) (Hibbert 1 AST),,,55 - 43,-12,4.0,203903,Jordan Clarkson,1610612747.0,Los Angeles,Lakers,LAL,4,201579,Roy Hibbert,1610612747.0,Los Angeles,Lakers,LAL,0,0,,,,,
0021500253,284,1,1,3,10:56 PM,9:10,,,Miles 24' 3PT Jump Shot (8 PTS) (G. Hill 3 AST),58 - 43,-15,5.0,101139,CJ Miles,1610612754.0,Indiana,Pacers,IND,5,201588,George Hill,1610612754.0,Indiana,Pacers,IND,0,0,,,,,
0021500253,285,5,2,3,10:56 PM,8:55,Hibbert Lost Ball Turnover (P1.T7),,G. Hill STEAL (2 STL),,,4.0,201579,Roy Hibbert,1610612747.0,Los Angeles,Lakers,LAL,5,201588,George Hill,1610612754.0,Indiana,Pacers,IND,0,0,,,,,
0021500253,286,2,1,3,10:56 PM,8:49,,,MISS Miles 25' 3PT Jump Shot,,,5.0,101139,CJ Miles,1610612754.0,Indiana,Pacers,IND,0,0,,,,,,0,0,,,,,
0021500253,287,4,0,3,10:56 PM,8:46,,,George REBOUND (Off:1 Def:2),,,5.0,202331,Paul George,1610612754.0,Indiana,Pacers,IND,0,0,,,,,,0,0,,,,,
0021500253,288,6,2,3,10:56 PM,8:39,Clarkson S.FOUL (P3.T2) (K.Mauer),,,,,4.0,203903,Jordan Clarkson,1610612747.0,Los Angeles,Lakers,LAL,5,202331,Paul George,1610612754.0,Indiana,Pacers,IND,1,0,,,,,
0021500253,289,3,11,3,10:56 PM,8:39,,,George Free Throw 1 of 2 (15 PTS),59 - 43,-16,5.0,202331,Paul George,1610612754.0,Indiana,Pacers,IND,0,0,,,,,,0,0,,,,,
0021500253,291,3,12,3,10:57 PM,8:39,,,George Free Throw 2 of 2 (16 PTS),60 - 43,-17,5.0,202331,Paul George,1610612754.0,Indiana,Pacers,IND,0,0,,,,,,0,0,,,,,
0021500253,293,1,79,3,10:57 PM,8:28,Russell 19' Pullup Jump Shot (6 PTS),,,60 - 45,-15,4.0,1626156,D'Angelo Russell,1610612747.0,Los Angeles,Lakers,LAL,0,0,,,,,,0,0,,,,,
0021500253,294,2,1,3,10:57 PM,8:20,,,MISS George 25' 3PT Jump Shot,,,5.0,202331,Paul George,1610612754.0,Indiana,Pacers,IND,0,0,,,,,,0,0,,,,,
0021500253,295,4,0,3,10:57 PM,8:19,Randle REBOUND (Off:0 Def:4),,,,,4.0,203944,Julius Randle,1610612747.0,Los Angeles,Lakers,LAL,0,0,,,,,,0,0,,,,,
0021500253,296,2,1,3,10:57 PM,8:03,MISS Clarkson 11' Jump Shot,,,,,4.0,203903,Jordan Clarkson,1610612747.0,Los Angeles,Lakers,LAL,0,0,,,,,,0,0,,,,,
0021500253,297,4,0,3,10:58 PM,8:02,,,Ellis REBOUND (Off:0 Def:3),,,5.0,101145,Monta Ellis,1610612754.0,Indiana,Pacers,IND,0,0,,,,,,0,0,,,,,
0021500253,300,1,1,3,10:58 PM,7:47,,,George 26' 3PT Jump Shot (19 PTS),63 - 45,-18,5.0,202331,Paul George,1610612754.0,Indiana,Pacers,IND,0,0,,,,,,0,0,,,,,
0021500253,301,2,1,3,10:58 PM,7:34,MISS Russell 17' Jump Shot,,,,,4.0,1626156,D'Angelo Russell,1610612747.0,Los Angeles,Lakers,LAL,0,0,,,,,,0,0,,,,,
0021500253,302,4,0,3,10:58 PM,7:32,,,Mahinmi REBOUND (Off:1 Def:7),,,5.0,101133,Ian Mahinmi,1610612754.0,Indiana,Pacers,IND,0,0,,,,,,0,0,,,,,
0021500253,303,2,1,3,10:59 PM,7:22,,,MISS George 24' 3PT Jump Shot,,,5.0,202331,Paul George,1610612754.0,Indiana,Pacers,IND,0,0,,,,,,0,0,,,,,
0021500253,304,4,0,3,10:59 PM,7:21,Hibbert REBOUND (Off:3 Def:5),,,,,4.0,201579,Roy Hibbert,1610612747.0,Los Angeles,Lakers,LAL,0,0,,,,,,0,0,,,,,
0021500253,306,6,2,3,10:59 PM,7:13,,,Mahinmi S.FOUL (P3.T3) (M.Kogut),,,5.0,101133,Ian Mahinmi,1610612754.0,Indiana,Pacers,IND,4,203944,Julius Randle,1610612747.0,Los Angeles,Lakers,LAL,1,0,,,,,
0021500253,307,3,11,3,10:59 PM,7:13,MISS Randle Free Throw 1 of 2,,,,,4.0,203944,Julius Randle,1610612747.0,Los Angeles,Lakers,LAL,0,0,,,,,,0,0,,,,,
0021500253,308,4,1,3,10:59 PM,7:13,LAKERS Rebound,,,,,2.0,1610612747,,,,,,0,0,,,,,,0,0,,,,,
0021500253,309,3,12,3,10:59 PM,7:13,Randle Free Throw 2 of 2 (7 PTS),,,63 - 46,-17,4.0,203944,Julius Randle,1610612747.0,Los Angeles,Lakers,LAL,0,0,,,,,,0,0,,,,,
0021500253,311,6,2,3,11:00 PM,6:53,Hibbert S.FOUL (P3.T3) (K.Mauer),,,,,4.0,201579,Roy Hibbert,1610612747.0,Los Angeles,Lakers,LAL,5,101145,Monta Ellis,1610612754.0,Indiana,Pacers,IND,1,0,,,,,
0021500253,312,3,11,3,11:00 PM,6:53,,,Ellis Free Throw 1 of 2 (10 PTS),64 - 46,-18,5.0,101145,Monta Ellis,1610612754.0,Indiana,Pacers,IND,0,0,,,,,,0,0,,,,,
0021500253,315,8,0,3,11:00 PM,6:53,SUB: Young FOR Russell,,,,,4.0,1626156,D'Angelo Russell,1610612747.0,Los Angeles,Lakers,LAL,4,201156,Nick Young,1610612747.0,Los Angeles,Lakers,LAL,0,0,,,,,
0021500253,316,3,12,3,11:00 PM,6:53,,,Ellis Free Throw 2 of 2 (11 PTS),65 - 46,-19,5.0,101145,Monta Ellis,1610612754.0,Indiana,Pacers,IND,0,0,,,,,,0,0,,,,,
0021500253,318,6,4,3,11:01 PM,6:42,Randle OFF.Foul (P1) (K.Mauer),,,,,4.0,203944,Julius Randle,1610612747.0,Los Angeles,Lakers,LAL,5,101139,CJ Miles,1610612754.0,Indiana,Pacers,IND,1,0,,,,,
0021500253,319,5,5,3,11:01 PM,6:42,Randle Foul Turnover (P2.T8),,,,,4.0,203944,Julius Randle,1610612747.0,Los Angeles,Lakers,LAL,0,0,,,,,,1,0,,,,,
0021500253,320,2,5,3,11:01 PM,6:30,,,MISS G. Hill 3' Layup,,,5.0,201588,George Hill,1610612754.0,Indiana,Pacers,IND,0,0,,,,,,0,0,,,,,
0021500253,321,4,0,3,11:01 PM,6:27,Randle REBOUND (Off:0 Def:5),,,,,4.0,203944,Julius Randle,1610612747.0,Los Angeles,Lakers,LAL,0,0,,,,,,0,0,,,,,
0021500253,322,5,1,3,11:01 PM,6:25,Randle Bad Pass Turnover (P3.T9),,George STEAL (1 STL),,,4.0,203944,Julius Randle,1610612747.0,Los Angeles,Lakers,LAL,5,202331,Paul George,1610612754.0,Indiana,Pacers,IND,0,0,,,,,
0021500253,323,1,1,3,11:01 PM,6:20,,,George 25' 3PT Jump Shot (22 PTS),68 - 46,-22,5.0,202331,Paul George,1610612754.0,Indiana,Pacers,IND,0,0,,,,,,0,0,,,,,
0021500253,324,9,1,3,11:01 PM,6:11,LAKERS Timeout: Regular (Full 3 Short 1),,,,,2.0,1610612747,,,,,,0,0,,,,,,0,0,,,,,
0021500253,326,18,1,3,11:02 PM,6:11,,,,,,,272,,,,,,0,0,,,,,,1,0,,,,,
0021500253,329,1,1,3,11:04 PM,6:05,Young  3PT Jump Shot (3 PTS) (Clarkson 1 AST),,,68 - 49,-19,4.0,201156,Nick Young,1610612747.0,Los Angeles,Lakers,LAL,4,203903,Jordan Clarkson,1610612747.0,Los Angeles,Lakers,LAL,0,0,,,,,
0021500253,330,2,1,3,11:05 PM,5:43,,,MISS Miles 24' 3PT Jump Shot,,,5.0,101139,CJ Miles,1610612754.0,Indiana,Pacers,IND,0,0,,,,,,0,0,,,,,
0021500253,331,4,0,3,11:05 PM,5:42,Hibbert REBOUND (Off:3 Def:6),,,,,4.0,201579,Roy Hibbert,1610612747.0,Los Angeles,Lakers,LAL,0,0,,,,,,0,0,,,,,
0021500253,332,6,2,3,11:05 PM,5:34,,,Miles S.FOUL (P3.T4) (K.Mauer),,,5.0,101139,CJ Miles,1610612754.0,Indiana,Pacers,IND,4,201579,Roy Hibbert,1610612747.0,Los Angeles,Lakers,LAL,1,0,,,,,
0021500253,333,8,0,3,11:05 PM,5:34,SUB: World Peace FOR Bryant,,,,,4.0,977,Kobe Bryant,1610612747.0,Los Angeles,Lakers,LAL,4,1897,Metta World Peace,1610612747.0,Los Angeles,Lakers,LAL,0,0,,,,,
0021500253,334,3,11,3,11:06 PM,5:34,MISS Hibbert Free Throw 1 of 2,,,,,4.0,201579,Roy Hibbert,1610612747.0,Los Angeles,Lakers,LAL,0,0,,,,,,0,0,,,,,
0021500253,335,4,1,3,11:06 PM,5:34,LAKERS Rebound,,,,,2.0,1610612747,,,,,,0,0,,,,,,0,0,,,,,
0021500253,336,3,12,3,11:06 PM,5:34,Hibbert Free Throw 2 of 2 (8 PTS),,,68 - 50,-18,4.0,201579,Roy Hibbert,1610612747.0,Los Angeles,Lakers,LAL,0,0,,,,,,0,0,,,,,
0021500253,338,2,79,3,11:06 PM,5:20,,,MISS George 24' 3PT Pullup Jump Shot,,,5.0,202331,Paul George,1610612754.0,Indiana,Pacers,IND,0,0,,,,,,0,0,,,,,
0021500253,339,4,0,3,11:06 PM,5:19,Clarkson REBOUND (Off:1 Def:5),,,,,4.0,203903,Jordan Clarkson,1610612747.0,Los Angeles,Lakers,LAL,0,0,,,,,,0,0,,,,,
0021500253,340,2,1,3,11:06 PM,5:04,MISS Randle 3' Jump Shot,,,,,4.0,203944,Julius Randle,1610612747.0,Los Angeles,Lakers,LAL,0,0,,,,,,0,0,,,,,
0021500253,341,4,0,3,11:06 PM,5:04,,,Mahinmi REBOUND (Off:1 Def:8),,,5.0,101133,Ian Mahinmi,1610612754.0,Indiana,Pacers,IND,0,0,,,,,,0,0,,,,,
0021500253,342,2,1,3,11:06 PM,4:55,,,MISS G. Hill 19' Jump Shot,,,5.0,201588,George Hill,1610612754.0,Indiana,Pacers,IND,0,0,,,,,,0,0,,,,,
0021500253,343,4,0,3,11:06 PM,4:55,,,Mahinmi REBOUND (Off:2 Def:8),,,5.0,101133,Ian Mahinmi,1610612754.0,Indiana,Pacers,IND,0,0,,,,,,0,0,,,,,
0021500253,344,5,2,3,11:07 PM,4:52,Clarkson STEAL (1 STL),,Mahinmi Lost Ball Turnover (P2.T10),,,5.0,101133,Ian Mahinmi,1610612754.0,Indiana,Pacers,IND,4,203903,Jordan Clarkson,1610612747.0,Los Angeles,Lakers,LAL,0,0,,,,,
0021500253,345,2,1,3,11:07 PM,4:46,MISS World Peace 4' Jump Shot,,Mahinmi BLOCK (1 BLK),,,4.0,1897,Metta World Peace,1610612747.0,Los Angeles,Lakers,LAL,0,0,,,,,,5,101133,Ian Mahinmi,1610612754.0,Indiana,Pacers,IND
0021500253,346,4,0,3,11:07 PM,4:45,Young REBOUND (Off:1 Def:0),,,,,4.0,201156,Nick Young,1610612747.0,Los Angeles,Lakers,LAL,0,0,,,,,,0,0,,,,,
0021500253,347,1,1,3,11:07 PM,4:41,Young 24' 3PT Jump Shot (6 PTS),,,68 - 53,-15,4.0,201156,Nick Young,1610612747.0,Los Angeles,Lakers,LAL,0,0,,,,,,0,0,,,,,
0021500253,348,1,42,3,11:07 PM,4:31,,,G. Hill 2' Driving Layup (11 PTS),70 - 53,-17,5.0,201588,George Hill,1610612754.0,Indiana,Pacers,IND,0,0,,,,,,0,0,,,,,
0021500253,349,6,11,3,11:07 PM,4:31,Young T.FOUL (P0.T3) (M.Kogut),,,,,4.0,201156,Nick Young,1610612747.0,Los Angeles,Lakers,LAL,0,0,,,,,,1,0,,,,,
0021500253,350,3,16,3,11:07 PM,4:31,,,MISS George Free Throw Technical,,,5.0,202331,Paul George,1610612754.0,Indiana,Pacers,IND,0,0,,,,,,0,0,,,,,
0021500253,351,4,1,3,11:07 PM,4:31,LAKERS Rebound,,,,,2.0,1610612747,,,,,,0,0,,,,,,0,0,,,,,
0021500253,352,8,0,3,11:07 PM,4:31,,,SUB: Hill FOR Mahinmi,,,5.0,101133,Ian Mahinmi,1610612754.0,Indiana,Pacers,IND,5,201941,Jordan Hill,1610612754.0,Indiana,Pacers,IND,0,0,,,,,
0021500253,353,8,0,3,11:07 PM,4:31,,,SUB: Stuckey FOR G. Hill,,,5.0,201588,George Hill,1610612754.0,Indiana,Pacers,IND,5,201155,Rodney Stuckey,1610612754.0,Indiana,Pacers,IND,0,0,,,,,
0021500253,354,8,0,3,11:07 PM,4:31,SUB: Nance Jr. FOR Randle,,,,,4.0,203944,Julius Randle,1610612747.0,Los Angeles,Lakers,LAL,4,1626204,Larry Nance Jr.,1610612747.0,Los Angeles,Lakers,LAL,0,0,,,,,
0021500253,356,1,1,3,11:08 PM,4:16,Young 25' 3PT Jump Shot (9 PTS),,,70 - 56,-14,4.0,201156,Nick Young,1610612747.0,Los Angeles,Lakers,LAL,0,0,,,,,,0,0,,,,,
0021500253,357,5,1,3,11:08 PM,4:03,Hibbert STEAL (1 STL),,Ellis Bad Pass Turnover (P3.T11),,,5.0,101145,Monta Ellis,1610612754.0,Indiana,Pacers,IND,4,201579,Roy Hibbert,1610612747.0,Los Angeles,Lakers,LAL,0,0,,,,,
0021500253,358,2,1,3,11:08 PM,3:55,MISS Young 25' 3PT Jump Shot,,,,,4.0,201156,Nick Young,1610612747.0,Los Angeles,Lakers,LAL,0,0,,,,,,0,0,,,,,
0021500253,359,4,0,3,11:08 PM,3:54,,,Stuckey REBOUND (Off:0 Def:3),,,5.0,201155,Rodney Stuckey,1610612754.0,Indiana,Pacers,IND,0,0,,,,,,0,0,,,,,
0021500253,361,7,2,3,11:08 PM,3:52,Clarkson Violation:Defensive Goaltending (M.Kogut),,,,,4.0,203903,Jordan Clarkson,1610612747.0,Los Angeles,Lakers,LAL,0,0,,,,,,1,0,,,,,
0021500253,360,1,41,3,11:08 PM,3:52,,,Stuckey 2' Running Layup (6 PTS),72 - 56,-16,5.0,201155,Rodney Stuckey,1610612754.0,Indiana,Pacers,IND,0,0,,,,,,0,0,,,,,
0021500253,362,6,2,3,11:08 PM,3:52,Young S.FOUL (P1.T4) (M.Kogut),,,,,4.0,201156,Nick Young,1610612747.0,Los Angeles,Lakers,LAL,5,201155,Rodney Stuckey,1610612754.0,Indiana,Pacers,IND,1,0,,,,,
0021500253,363,3,10,3,11:09 PM,3:52,,,Stuckey Free Throw 1 of 1 (7 PTS),73 - 56,-17,5.0,201155,Rodney Stuckey,1610612754.0,Indiana,Pacers,IND,0,0,,,,,,0,0,,,,,
0021500253,366,1,3,3,11:09 PM,3:36,Clarkson 3' Hook Shot (16 PTS),,,73 - 58,-15,4.0,203903,Jordan Clarkson,1610612747.0,Los Angeles,Lakers,LAL,0,0,,,,,,0,0,,,,,
0021500253,367,1,63,3,11:09 PM,3:19,,,George 10' Fadeaway Jumper (24 PTS),75 - 58,-17,5.0,202331,Paul George,1610612754.0,Indiana,Pacers,IND,0,0,,,,,,0,0,,,,,
0021500253,368,1,1,3,11:10 PM,2:59,Young 24' 3PT Jump Shot (12 PTS) (World Peace 1 AST),,,75 - 61,-14,4.0,201156,Nick Young,1610612747.0,Los Angeles,Lakers,LAL,4,1897,Metta World Peace,1610612747.0,Los Angeles,Lakers,LAL,0,0,,,,,
0021500253,369,1,46,3,11:10 PM,2:51,,,George 25' 3PT Running Jump Shot (27 PTS) (Miles 2 AST),78 - 61,-17,5.0,202331,Paul George,1610612754.0,Indiana,Pacers,IND,5,101139,CJ Miles,1610612754.0,Indiana,Pacers,IND,0,0,,,,,
0021500253,370,2,1,3,11:10 PM,2:35,MISS Young 27' 3PT Jump Shot,,,,,4.0,201156,Nick Young,1610612747.0,Los Angeles,Lakers,LAL,0,0,,,,,,0,0,,,,,
0021500253,371,4,0,3,11:10 PM,2:34,,,Miles REBOUND (Off:0 Def:1),,,5.0,101139,CJ Miles,1610612754.0,Indiana,Pacers,IND,0,0,,,,,,0,0,,,,,
0021500253,372,2,1,3,11:10 PM,2:26,,,MISS Miles 26' 3PT Jump Shot,,,5.0,101139,CJ Miles,1610612754.0,Indiana,Pacers,IND,0,0,,,,,,0,0,,,,,
0021500253,373,4,0,3,11:10 PM,2:25,Clarkson REBOUND (Off:1 Def:6),,,,,4.0,203903,Jordan Clarkson,1610612747.0,Los Angeles,Lakers,LAL,0,0,,,,,,0,0,,,,,
0021500253,374,2,1,3,11:10 PM,2:19,MISS Clarkson 7' Jump Shot,,,,,4.0,203903,Jordan Clarkson,1610612747.0,Los Angeles,Lakers,LAL,0,0,,,,,,0,0,,,,,
0021500253,375,4,0,3,11:10 PM,2:18,Clarkson REBOUND (Off:2 Def:6),,,,,4.0,203903,Jordan Clarkson,1610612747.0,Los Angeles,Lakers,LAL,0,0,,,,,,0,0,,,,,
0021500253,376,2,1,3,11:10 PM,2:14,MISS Nance Jr. 3' Jump Shot,,,,,4.0,1626204,Larry Nance Jr.,1610612747.0,Los Angeles,Lakers,LAL,0,0,,,,,,0,0,,,,,
0021500253,377,4,0,3,11:10 PM,2:13,Nance Jr. REBOUND (Off:2 Def:1),,,,,4.0,1626204,Larry Nance Jr.,1610612747.0,Los Angeles,Lakers,LAL,0,0,,,,,,0,0,,,,,
0021500253,378,1,97,3,11:11 PM,2:10,Nance Jr. 1' Tip Layup Shot (4 PTS),,,78 - 63,-15,4.0,1626204,Larry Nance Jr.,1610612747.0,Los Angeles,Lakers,LAL,0,0,,,,,,0,0,,,,,
0021500253,379,9,1,3,11:11 PM,2:10,,,Pacers Timeout: Regular (Reg.3 Short 1),,,3.0,1610612754,,,,,,0,0,,,,,,0,0,,,,,
0021500253,381,8,0,3,11:13 PM,2:10,SUB: Bass FOR Hibbert,,,,,4.0,201579,Roy Hibbert,1610612747.0,Los Angeles,Lakers,LAL,4,101138,Brandon Bass,1610612747.0,Los Angeles,Lakers,LAL,0,0,,,,,
0021500253,382,8,0,3,11:13 PM,2:10,,,SUB: Allen FOR Miles,,,5.0,101139,CJ Miles,1610612754.0,Indiana,Pacers,IND,5,202730,Lavoy Allen,1610612754.0,Indiana,Pacers,IND,0,0,,,,,
0021500253,383,2,1,3,11:13 PM,1:52,,,MISS Stuckey 20' Jump Shot,,,5.0,201155,Rodney Stuckey,1610612754.0,Indiana,Pacers,IND,0,0,,,,,,0,0,,,,,
0021500253,384,4,0,3,11:13 PM,1:51,Clarkson REBOUND (Off:2 Def:7),,,,,4.0,203903,Jordan Clarkson,1610612747.0,Los Angeles,Lakers,LAL,0,0,,,,,,0,0,,,,,
0021500253,385,2,1,3,11:14 PM,1:32,MISS Clarkson 27' 3PT Jump Shot,,,,,4.0,203903,Jordan Clarkson,1610612747.0,Los Angeles,Lakers,LAL,0,0,,,,,,0,0,,,,,
0021500253,386,4,0,3,11:14 PM,1:32,World Peace REBOUND (Off:2 Def:1),,,,,4.0,1897,Metta World Peace,1610612747.0,Los Angeles,Lakers,LAL,0,0,,,,,,0,0,,,,,
0021500253,388,5,1,3,11:14 PM,1:15,Nance Jr. Bad Pass Turnover (P2.T10),,George STEAL (2 STL),,,4.0,1626204,Larry Nance Jr.,1610612747.0,Los Angeles,Lakers,LAL,5,202331,Paul George,1610612754.0,Indiana,Pacers,IND,0,0,,,,,
0021500253,389,10,0,3,11:15 PM,1:15,Jump Ball World Peace vs. George: Tip to,,,,,4.0,1897,Metta World Peace,1610612747.0,Los Angeles,Lakers,LAL,5,202331,Paul George,1610612754.0,Indiana,Pacers,IND,2,1610612747,,,,,
0021500253,391,2,1,3,11:15 PM,1:02,MISS World Peace 25' 3PT Jump Shot,,,,,4.0,1897,Metta World Peace,1610612747.0,Los Angeles,Lakers,LAL,0,0,,,,,,0,0,,,,,
0021500253,392,4,0,3,11:15 PM,1:01,,,Hill REBOUND (Off:1 Def:6),,,5.0,201941,Jordan Hill,1610612754.0,Indiana,Pacers,IND,0,0,,,,,,0,0,,,,,
0021500253,393,2,5,3,11:15 PM,0:55,Nance Jr. BLOCK (2 BLK),,MISS Allen 2' Layup,,,5.0,202730,Lavoy Allen,1610612754.0,Indiana,Pacers,IND,0,0,,,,,,4,1626204,Larry Nance Jr.,1610612747.0,Los Angeles,Lakers,LAL
0021500253,394,4,0,3,11:15 PM,0:54,Bass REBOUND (Off:1 Def:2),,,,,4.0,101138,Brandon Bass,1610612747.0,Los Angeles,Lakers,LAL,0,0,,,,,,0,0,,,,,
0021500253,395,6,1,3,11:15 PM,0:43,,,Hill P.FOUL (P3.PN) (M.Kogut),,,5.0,201941,Jordan Hill,1610612754.0,Indiana,Pacers,IND,4,1897,Metta World Peace,1610612747.0,Los Angeles,Lakers,LAL,1,0,,,,,
0021500253,396,3,11,3,11:16 PM,0:43,World Peace Free Throw 1 of 2 (1 PTS),,,78 - 64,-14,4.0,1897,Metta World Peace,1610612747.0,Los Angeles,Lakers,LAL,0,0,,,,,,0,0,,,,,
0021500253,398,3,12,3,11:16 PM,0:43,World Peace Free Throw 2 of 2 (2 PTS),,,78 - 65,-13,4.0,1897,Metta World Peace,1610612747.0,Los Angeles,Lakers,LAL,0,0,,,,,,0,0,,,,,
0021500253,400,5,4,3,11:17 PM,0:37,,,Ellis Traveling Turnover (P4.T12),,,5.0,101145,Monta Ellis,1610612754.0,Indiana,Pacers,IND,0,0,,,,,,1,0,,,,,
0021500253,401,2,1,3,11:17 PM,0:30,MISS Young 19' Jump Shot,,,,,4.0,201156,Nick Young,1610612747.0,Los Angeles,Lakers,LAL,0,0,,,,,,0,0,,,,,
0021500253,402,4,0,3,11:17 PM,0:29,Bass REBOUND (Off:2 Def:2),,,,,4.0,101138,Brandon Bass,1610612747.0,Los Angeles,Lakers,LAL,0,0,,,,,,0,0,,,,,
0021500253,404,2,1,3,11:18 PM,0:07,MISS Bass 18' Jump Shot,,,,,4.0,101138,Brandon Bass,1610612747.0,Los Angeles,Lakers,LAL,0,0,,,,,,0,0,,,,,
0021500253,405,4,0,3,11:18 PM,0:03,,,Stuckey REBOUND (Off:0 Def:4),,,5.0,201155,Rodney Stuckey,1610612754.0,Indiana,Pacers,IND,0,0,,,,,,0,0,,,,,
0021500253,406,6,1,3,11:18 PM,0:00,Nance Jr. P.FOUL (P1.PN) (K.Mauer),,,,,4.0,1626204,Larry Nance Jr.,1610612747.0,Los Angeles,Lakers,LAL,5,201155,Rodney Stuckey,1610612754.0,Indiana,Pacers,IND,1,0,,,,,
0021500253,407,3,11,3,11:18 PM,0:00,,,Stuckey Free Throw 1 of 2 (8 PTS),79 - 65,-14,5.0,201155,Rodney Stuckey,1610612754.0,Indiana,Pacers,IND,0,0,,,,,,0,0,,,,,
0021500253,409,3,12,3,11:18 PM,0:00,,,Stuckey Free Throw 2 of 2 (9 PTS),80 - 65,-15,5.0,201155,Rodney Stuckey,1610612754.0,Indiana,Pacers,IND,0,0,,,,,,0,0,,,,,
0021500253,411,13,0,3,11:19 PM,0:00,,,,80 - 65,-15,0.0,0,,,,,,0,0,,,,,,0,0,,,,,
0021500253,413,12,0,4,11:21 PM,12:00,,,,80 - 65,-15,0.0,0,,,,,,0,0,,,,,,0,0,,,,,
0021500253,414,1,1,4,11:22 PM,11:39,Young 16' Jump Shot (14 PTS),,,80 - 67,-13,4.0,201156,Nick Young,1610612747.0,Los Angeles,Lakers,LAL,0,0,,,,,,0,0,,,,,
0021500253,415,1,1,4,11:22 PM,11:19,,,Allen 10' Jump Shot (6 PTS) (Stuckey 2 AST),82 - 67,-15,5.0,202730,Lavoy Allen,1610612754.0,Indiana,Pacers,IND,5,201155,Rodney Stuckey,1610612754.0,Indiana,Pacers,IND,0,0,,,,,
0021500253,416,1,78,4,11:22 PM,11:04,Russell 4' Floating Jump Shot (8 PTS),,,82 - 69,-13,4.0,1626156,D'Angelo Russell,1610612747.0,Los Angeles,Lakers,LAL,0,0,,,,,,0,0,,,,,
0021500253,417,6,17,4,11:23 PM,10:52,LAKERS T.Foul (Def. 3 Sec Nance Jr. ) (M.Kogut),,,,,4.0,1626204,Larry Nance Jr.,1610612747.0,Los Angeles,Lakers,LAL,0,0,,,,,,1,0,,,,,
0021500253,418,3,16,4,11:23 PM,10:52,,,MISS G. Hill Free Throw Technical,,,5.0,201588,George Hill,1610612754.0,Indiana,Pacers,IND,0,0,,,,,,0,0,,,,,
0021500253,419,4,1,4,11:23 PM,10:52,,,Pacers Rebound,,,3.0,1610612754,,,,,,0,0,,,,,,0,0,,,,,
0021500253,420,2,1,4,11:23 PM,10:44,,,MISS Hill 9' Jump Shot,,,5.0,201941,Jordan Hill,1610612754.0,Indiana,Pacers,IND,0,0,,,,,,0,0,,,,,
0021500253,421,4,0,4,11:23 PM,10:44,,,Pacers Rebound,,,3.0,1610612754,,,,,,0,0,,,,,,0,0,,,,,
0021500253,422,2,1,4,11:24 PM,10:35,,,MISS Stuckey 17' Jump Shot,,,5.0,201155,Rodney Stuckey,1610612754.0,Indiana,Pacers,IND,0,0,,,,,,0,0,,,,,
0021500253,423,4,0,4,11:24 PM,10:34,Bryant REBOUND (Off:1 Def:2),,,,,4.0,977,Kobe Bryant,1610612747.0,Los Angeles,Lakers,LAL,0,0,,,,,,0,0,,,,,
0021500253,424,2,1,4,11:24 PM,10:26,MISS Bryant 20' Jump Shot,,,,,4.0,977,Kobe Bryant,1610612747.0,Los Angeles,Lakers,LAL,0,0,,,,,,0,0,,,,,
0021500253,425,4,0,4,11:24 PM,10:25,,,Stuckey REBOUND (Off:0 Def:5),,,5.0,201155,Rodney Stuckey,1610612754.0,Indiana,Pacers,IND,0,0,,,,,,0,0,,,,,
0021500253,426,2,41,4,11:24 PM,10:20,,,MISS Budinger 1' Running Layup,,,5.0,201978,Chase Budinger,1610612754.0,Indiana,Pacers,IND,0,0,,,,,,0,0,,,,,
0021500253,427,4,0,4,11:24 PM,10:19,Bryant REBOUND (Off:1 Def:3),,,,,4.0,977,Kobe Bryant,1610612747.0,Los Angeles,Lakers,LAL,0,0,,,,,,0,0,,,,,
0021500253,428,6,1,4,11:24 PM,10:10,,,Hill P.FOUL (P4.T1) (G.Zielinski),,,5.0,201941,Jordan Hill,1610612754.0,Indiana,Pacers,IND,4,1626204,Larry Nance Jr.,1610612747.0,Los Angeles,Lakers,LAL,1,0,,,,,
0021500253,429,2,1,4,11:25 PM,9:57,MISS Bryant 15' Jump Shot,,,,,4.0,977,Kobe Bryant,1610612747.0,Los Angeles,Lakers,LAL,0,0,,,,,,0,0,,,,,
0021500253,430,4,0,4,11:25 PM,9:56,,,G. Hill REBOUND (Off:0 Def:5),,,5.0,201588,George Hill,1610612754.0,Indiana,Pacers,IND,0,0,,,,,,0,0,,,,,
0021500253,431,2,41,4,11:25 PM,9:51,,,MISS G. Hill 2' Running Layup,,,5.0,201588,George Hill,1610612754.0,Indiana,Pacers,IND,0,0,,,,,,0,0,,,,,
0021500253,432,4,0,4,11:25 PM,9:48,,,Hill REBOUND (Off:2 Def:6),,,5.0,201941,Jordan Hill,1610612754.0,Indiana,Pacers,IND,0,0,,,,,,0,0,,,,,
0021500253,433,1,87,4,11:25 PM,9:45,,,Hill  Putback Dunk (6 PTS),84 - 69,-15,5.0,201941,Jordan Hill,1610612754.0,Indiana,Pacers,IND,0,0,,,,,,0,0,,,,,
0021500253,434,1,66,4,11:25 PM,9:29,Young 14' Jump Bank Shot (16 PTS) (Bass 1 AST),,,84 - 71,-13,4.0,201156,Nick Young,1610612747.0,Los Angeles,Lakers,LAL,4,101138,Brandon Bass,1610612747.0,Los Angeles,Lakers,LAL,0,0,,,,,
0021500253,435,2,1,4,11:25 PM,9:13,,,MISS Budinger 25' 3PT Jump Shot,,,5.0,201978,Chase Budinger,1610612754.0,Indiana,Pacers,IND,0,0,,,,,,0,0,,,,,
0021500253,436,4,0,4,11:25 PM,9:12,Russell REBOUND (Off:1 Def:6),,,,,4.0,1626156,D'Angelo Russell,1610612747.0,Los Angeles,Lakers,LAL,0,0,,,,,,0,0,,,,,
0021500253,437,2,46,4,11:25 PM,9:05,MISS Russell 25' 3PT Running Jump Shot,,,,,4.0,1626156,D'Angelo Russell,1610612747.0,Los Angeles,Lakers,LAL,0,0,,,,,,0,0,,,,,
0021500253,438,4,0,4,11:25 PM,9:03,,,Hill REBOUND (Off:2 Def:7),,,5.0,201941,Jordan Hill,1610612754.0,Indiana,Pacers,IND,0,0,,,,,,0,0,,,,,
0021500253,439,6,1,4,11:26 PM,9:02,Young P.FOUL (P2.T1) (M.Kogut),,,,,4.0,201156,Nick Young,1610612747.0,Los Angeles,Lakers,LAL,5,201155,Rodney Stuckey,1610612754.0,Indiana,Pacers,IND,1,0,,,,,
0021500253,440,8,0,4,11:26 PM,9:02,SUB: Clarkson FOR Russell,,,,,4.0,1626156,D'Angelo Russell,1610612747.0,Los Angeles,Lakers,LAL,4,203903,Jordan Clarkson,1610612747.0,Los Angeles,Lakers,LAL,0,0,,,,,
0021500253,441,8,0,4,11:26 PM,9:02,SUB: Randle FOR Nance Jr.,,,,,4.0,1626204,Larry Nance Jr.,1610612747.0,Los Angeles,Lakers,LAL,4,203944,Julius Randle,1610612747.0,Los Angeles,Lakers,LAL,0,0,,,,,
0021500253,442,6,1,4,11:26 PM,9:00,Young P.FOUL (P3.T2) (K.Mauer),,,,,4.0,201156,Nick Young,1610612747.0,Los Angeles,Lakers,LAL,5,201155,Rodney Stuckey,1610612754.0,Indiana,Pacers,IND,1,0,,,,,
0021500253,443,2,5,4,11:26 PM,8:49,,,MISS G. Hill 2' Layup,,,5.0,201588,George Hill,1610612754.0,Indiana,Pacers,IND,0,0,,,,,,0,0,,,,,
0021500253,444,4,0,4,11:26 PM,8:48,Young REBOUND (Off:1 Def:1),,,,,4.0,201156,Nick Young,1610612747.0,Los Angeles,Lakers,LAL,0,0,,,,,,0,0,,,,,
0021500253,445,6,2,4,11:26 PM,8:41,,,G. Hill S.FOUL (P2.T2) (G.Zielinski),,,5.0,201588,George Hill,1610612754.0,Indiana,Pacers,IND,4,201156,Nick Young,1610612747.0,Los Angeles,Lakers,LAL,1,0,,,,,
0021500253,446,9,4,4,11:27 PM,8:41,,,,,,1.0,0,,,,,,0,0,,,,,,0,0,,,,,
0021500253,449,8,0,4,11:29 PM,8:41,,,SUB: Mahinmi FOR Hill,,,5.0,201941,Jordan Hill,1610612754.0,Indiana,Pacers,IND,5,101133,Ian Mahinmi,1610612754.0,Indiana,Pacers,IND,0,0,,,,,
0021500253,450,8,0,4,11:29 PM,8:41,,,SUB: George FOR Budinger,,,5.0,201978,Chase Budinger,1610612754.0,Indiana,Pacers,IND,5,202331,Paul George,1610612754.0,Indiana,Pacers,IND,0,0,,,,,
0021500253,451,3,11,4,11:29 PM,8:41,MISS Young Free Throw 1 of 2,,,,,4.0,201156,Nick Young,1610612747.0,Los Angeles,Lakers,LAL,0,0,,,,,,0,0,,,,,
0021500253,452,4,1,4,11:29 PM,8:41,LAKERS Rebound,,,,,2.0,1610612747,,,,,,0,0,,,,,,0,0,,,,,
0021500253,453,3,12,4,11:29 PM,8:41,MISS Young Free Throw 2 of 2,,,,,4.0,201156,Nick Young,1610612747.0,Los Angeles,Lakers,LAL,0,0,,,,,,0,0,,,,,
0021500253,455,4,0,4,11:29 PM,8:40,,,Allen REBOUND (Off:1 Def:6),,,5.0,202730,Lavoy Allen,1610612754.0,Indiana,Pacers,IND,0,0,,,,,,0,0,,,,,
0021500253,456,6,1,4,11:30 PM,8:30,Randle P.FOUL (P2.T3) (G.Zielinski),,,,,4.0,203944,Julius Randle,1610612747.0,Los Angeles,Lakers,LAL,5,201588,George Hill,1610612754.0,Indiana,Pacers,IND,1,0,,,,,
0021500253,457,2,80,4,11:30 PM,8:23,,,MISS George 16' Step Back Jump Shot,,,5.0,202331,Paul George,1610612754.0,Indiana,Pacers,IND,0,0,,,,,,0,0,,,,,
0021500253,458,4,0,4,11:30 PM,8:21,,,Stuckey REBOUND (Off:1 Def:5),,,5.0,201155,Rodney Stuckey,1610612754.0,Indiana,Pacers,IND,0,0,,,,,,0,0,,,,,
0021500253,459,2,5,4,11:30 PM,8:19,,,MISS Stuckey 2' Layup,,,5.0,201155,Rodney Stuckey,1610612754.0,Indiana,Pacers,IND,0,0,,,,,,0,0,,,,,
0021500253,460,4,0,4,11:30 PM,8:18,Clarkson REBOUND (Off:2 Def:8),,,,,4.0,203903,Jordan Clarkson,1610612747.0,Los Angeles,Lakers,LAL,0,0,,,,,,0,0,,,,,
0021500253,461,6,2,4,11:31 PM,7:58,,,G. Hill S.FOUL (P3.T3) (G.Zielinski),,,5.0,201588,George Hill,1610612754.0,Indiana,Pacers,IND,4,977,Kobe Bryant,1610612747.0,Los Angeles,Lakers,LAL,1,0,,,,,
0021500253,462,3,11,4,11:31 PM,7:58,MISS Bryant Free Throw 1 of 2,,,,,4.0,977,Kobe Bryant,1610612747.0,Los Angeles,Lakers,LAL,0,0,,,,,,0,0,,,,,
0021500253,463,4,1,4,11:31 PM,7:58,LAKERS Rebound,,,,,2.0,1610612747,,,,,,0,0,,,,,,0,0,,,,,
0021500253,464,3,12,4,11:31 PM,7:58,Bryant Free Throw 2 of 2 (7 PTS),,,84 - 72,-12,4.0,977,Kobe Bryant,1610612747.0,Los Angeles,Lakers,LAL,0,0,,,,,,0,0,,,,,
0021500253,466,6,1,4,11:32 PM,7:42,Randle P.FOUL (P3.T4) (M.Kogut),,,,,4.0,203944,Julius Randle,1610612747.0,Los Angeles,Lakers,LAL,5,202331,Paul George,1610612754.0,Indiana,Pacers,IND,1,0,,,,,
0021500253,467,8,0,4,11:32 PM,7:42,SUB: World Peace FOR Bryant,,,,,4.0,977,Kobe Bryant,1610612747.0,Los Angeles,Lakers,LAL,4,1897,Metta World Peace,1610612747.0,Los Angeles,Lakers,LAL,0,0,,,,,
0021500253,468,5,45,4,11:32 PM,7:39,,,George Out of Bounds - Bad Pass Turnover Turnover (P2.T13),,,5.0,202331,Paul George,1610612754.0,Indiana,Pacers,IND,0,0,,,,,,0,0,,,,,
0021500253,469,1,1,4,11:32 PM,7:24,Young 25' 3PT Jump Shot (19 PTS),,,84 - 75,-9,4.0,201156,Nick Young,1610612747.0,Los Angeles,Lakers,LAL,0,0,,,,,,0,0,,,,,
0021500253,470,6,2,4,11:33 PM,7:12,Bass S.FOUL (P1.PN) (M.Kogut),,,,,4.0,101138,Brandon Bass,1610612747.0,Los Angeles,Lakers,LAL,5,201155,Rodney Stuckey,1610612754.0,Indiana,Pacers,IND,1,0,,,,,
0021500253,471,3,11,4,11:33 PM,7:12,,,Stuckey Free Throw 1 of 2 (10 PTS),85 - 75,-10,5.0,201155,Rodney Stuckey,1610612754.0,Indiana,Pacers,IND,0,0,,,,,,0,0,,,,,
0021500253,473,8,0,4,11:33 PM,7:12,,,SUB: Miles FOR Allen,,,5.0,202730,Lavoy Allen,1610612754.0,Indiana,Pacers,IND,5,101139,CJ Miles,1610612754.0,Indiana,Pacers,IND,0,0,,,,,
0021500253,474,3,12,4,11:33 PM,7:12,,,Stuckey Free Throw 2 of 2 (11 PTS),86 - 75,-11,5.0,201155,Rodney Stuckey,1610612754.0,Indiana,Pacers,IND,0,0,,,,,,0,0,,,,,
0021500253,476,1,1,4,11:34 PM,7:03,Bass 17' Jump Shot (6 PTS) (Clarkson 2 AST),,,86 - 77,-9,4.0,101138,Brandon Bass,1610612747.0,Los Angeles,Lakers,LAL,4,203903,Jordan Clarkson,1610612747.0,Los Angeles,Lakers,LAL,0,0,,,,,
0021500253,477,2,1,4,11:34 PM,6:40,,,MISS Miles 3' Jump Shot,,,5.0,101139,CJ Miles,1610612754.0,Indiana,Pacers,IND,0,0,,,,,,0,0,,,,,
0021500253,478,4,0,4,11:34 PM,6:40,,,Miles REBOUND (Off:1 Def:1),,,5.0,101139,CJ Miles,1610612754.0,Indiana,Pacers,IND,0,0,,,,,,0,0,,,,,
0021500253,479,6,2,4,11:34 PM,6:40,Randle S.FOUL (P4.PN) (G.Zielinski),,,,,4.0,203944,Julius Randle,1610612747.0,Los Angeles,Lakers,LAL,5,101139,CJ Miles,1610612754.0,Indiana,Pacers,IND,1,0,,,,,
0021500253,480,3,11,4,11:34 PM,6:40,,,Miles Free Throw 1 of 2 (9 PTS),87 - 77,-10,5.0,101139,CJ Miles,1610612754.0,Indiana,Pacers,IND,0,0,,,,,,0,0,,,,,
0021500253,482,8,0,4,11:35 PM,6:40,,,SUB: Ellis FOR G. Hill,,,5.0,201588,George Hill,1610612754.0,Indiana,Pacers,IND,5,101145,Monta Ellis,1610612754.0,Indiana,Pacers,IND,0,0,,,,,
0021500253,483,3,12,4,11:35 PM,6:40,,,MISS Miles Free Throw 2 of 2,,,5.0,101139,CJ Miles,1610612754.0,Indiana,Pacers,IND,0,0,,,,,,0,0,,,,,
0021500253,485,4,0,4,11:35 PM,6:39,Randle REBOUND (Off:0 Def:6),,,,,4.0,203944,Julius Randle,1610612747.0,Los Angeles,Lakers,LAL,0,0,,,,,,0,0,,,,,
0021500253,486,1,78,4,11:35 PM,6:26,Clarkson 8' Floating Jump Shot (18 PTS),,,87 - 79,-8,4.0,203903,Jordan Clarkson,1610612747.0,Los Angeles,Lakers,LAL,0,0,,,,,,0,0,,,,,
0021500253,487,2,5,4,11:35 PM,6:11,,,MISS Mahinmi 1' Layup,,,5.0,101133,Ian Mahinmi,1610612754.0,Indiana,Pacers,IND,0,0,,,,,,0,0,,,,,
0021500253,488,4,0,4,11:35 PM,6:10,Randle REBOUND (Off:0 Def:7),,,,,4.0,203944,Julius Randle,1610612747.0,Los Angeles,Lakers,LAL,0,0,,,,,,0,0,,,,,
0021500253,489,1,50,4,11:35 PM,6:06,Randle  Running Dunk (9 PTS),,,87 - 81,-6,4.0,203944,Julius Randle,1610612747.0,Los Angeles,Lakers,LAL,0,0,,,,,,0,0,,,,,
0021500253,490,9,1,4,11:36 PM,6:06,,,Pacers Timeout: Regular (Reg.4 Short 1),,,3.0,1610612754,,,,,,0,0,,,,,,0,0,,,,,
0021500253,494,6,1,4,11:38 PM,5:52,World Peace P.FOUL (P2.PN) (M.Kogut),,,,,4.0,1897,Metta World Peace,1610612747.0,Los Angeles,Lakers,LAL,5,101145,Monta Ellis,1610612754.0,Indiana,Pacers,IND,1,0,,,,,
0021500253,495,3,11,4,11:39 PM,5:52,,,Ellis Free Throw 1 of 2 (12 PTS),88 - 81,-7,5.0,101145,Monta Ellis,1610612754.0,Indiana,Pacers,IND,0,0,,,,,,0,0,,,,,
0021500253,497,3,12,4,11:39 PM,5:52,,,Ellis Free Throw 2 of 2 (13 PTS),89 - 81,-8,5.0,101145,Monta Ellis,1610612754.0,Indiana,Pacers,IND,0,0,,,,,,0,0,,,,,
0021500253,499,2,5,4,11:40 PM,5:30,MISS Randle 2' Layup,,Mahinmi BLOCK (2 BLK),,,4.0,203944,Julius Randle,1610612747.0,Los Angeles,Lakers,LAL,0,0,,,,,,5,101133,Ian Mahinmi,1610612754.0,Indiana,Pacers,IND
0021500253,500,4,0,4,11:40 PM,5:29,,,Miles REBOUND (Off:1 Def:2),,,5.0,101139,CJ Miles,1610612754.0,Indiana,Pacers,IND,0,0,,,,,,0,0,,,,,
0021500253,501,5,45,4,11:40 PM,5:27,,,George Out of Bounds - Bad Pass Turnover Turnover (P3.T14),,,5.0,202331,Paul George,1610612754.0,Indiana,Pacers,IND,0,0,,,,,,0,0,,,,,
0021500253,502,2,1,4,11:40 PM,5:10,MISS Randle 3' Jump Shot,,Miles BLOCK (1 BLK),,,4.0,203944,Julius Randle,1610612747.0,Los Angeles,Lakers,LAL,0,0,,,,,,5,101139,CJ Miles,1610612754.0,Indiana,Pacers,IND
0021500253,503,4,0,4,11:40 PM,5:08,,,Stuckey REBOUND (Off:1 Def:6),,,5.0,201155,Rodney Stuckey,1610612754.0,Indiana,Pacers,IND,0,0,,,,,,0,0,,,,,
0021500253,504,5,13,4,11:41 PM,5:07,,,Stuckey Backcourt Turnover (P2.T15),,,5.0,201155,Rodney Stuckey,1610612754.0,Indiana,Pacers,IND,0,0,,,,,,1,0,,,,,
0021500253,505,2,1,4,11:41 PM,4:58,MISS Clarkson 6' Jump Shot,,Ellis BLOCK (1 BLK),,,4.0,203903,Jordan Clarkson,1610612747.0,Los Angeles,Lakers,LAL,0,0,,,,,,5,101145,Monta Ellis,1610612754.0,Indiana,Pacers,IND
0021500253,506,10,0,4,11:41 PM,4:58,Jump Ball Clarkson vs. Ellis: Tip to World Peace,,,,,4.0,203903,Jordan Clarkson,1610612747.0,Los Angeles,Lakers,LAL,5,101145,Monta Ellis,1610612754.0,Indiana,Pacers,IND,4,1897,Metta World Peace,1610612747.0,Los Angeles,Lakers,LAL
0021500253,507,4,0,4,11:41 PM,4:58,LAKERS Rebound,,,,,2.0,1610612747,,,,,,0,0,,,,,,0,0,,,,,
0021500253,508,6,10,4,11:42 PM,4:49,,,,,,5.0,201155,Rodney Stuckey,1610612754.0,Indiana,Pacers,IND,4,1897,Metta World Peace,1610612747.0,Los Angeles,Lakers,LAL,1,0,,,,,
0021500253,509,1,7,4,11:42 PM,4:39,Bass  Dunk (8 PTS) (Young 1 AST),,,89 - 83,-6,4.0,101138,Brandon Bass,1610612747.0,Los Angeles,Lakers,LAL,4,201156,Nick Young,1610612747.0,Los Angeles,Lakers,LAL,0,0,,,,,
0021500253,510,2,1,4,11:42 PM,4:29,,,MISS Miles 25' 3PT Jump Shot,,,5.0,101139,CJ Miles,1610612754.0,Indiana,Pacers,IND,0,0,,,,,,0,0,,,,,
0021500253,511,4,0,4,11:42 PM,4:28,Randle REBOUND (Off:0 Def:8),,,,,4.0,203944,Julius Randle,1610612747.0,Los Angeles,Lakers,LAL,0,0,,,,,,0,0,,,,,
0021500253,512,5,4,4,11:42 PM,4:24,Randle Traveling Turnover (P4.T11),,,,,4.0,203944,Julius Randle,1610612747.0,Los Angeles,Lakers,LAL,0,0,,,,,,1,0,,,,,
0021500253,513,6,1,4,11:43 PM,4:17,Bass P.FOUL (P2.PN) (M.Kogut),,,,,4.0,101138,Brandon Bass,1610612747.0,Los Angeles,Lakers,LAL,5,101133,Ian Mahinmi,1610612754.0,Indiana,Pacers,IND,1,0,,,,,
0021500253,514,3,11,4,11:43 PM,4:17,,,MISS Mahinmi Free Throw 1 of 2,,,5.0,101133,Ian Mahinmi,1610612754.0,Indiana,Pacers,IND,0,0,,,,,,0,0,,,,,
0021500253,515,4,1,4,11:43 PM,4:17,,,Pacers Rebound,,,3.0,1610612754,,,,,,0,0,,,,,,0,0,,,,,
0021500253,516,3,12,4,11:43 PM,4:17,,,MISS Mahinmi Free Throw 2 of 2,,,5.0,101133,Ian Mahinmi,1610612754.0,Indiana,Pacers,IND,0,0,,,,,,0,0,,,,,
0021500253,518,4,0,4,11:43 PM,4:17,Randle REBOUND (Off:0 Def:9),,,,,4.0,203944,Julius Randle,1610612747.0,Los Angeles,Lakers,LAL,0,0,,,,,,0,0,,,,,
0021500253,520,1,1,4,11:44 PM,4:01,Clarkson 15' Jump Shot (20 PTS),,,89 - 85,-4,4.0,203903,Jordan Clarkson,1610612747.0,Los Angeles,Lakers,LAL,0,0,,,,,,0,0,,,,,
0021500253,521,6,28,4,11:44 PM,3:54,Bass Personal Take Foul (P3.PN) (G.Zielinski),,,,,4.0,101138,Brandon Bass,1610612747.0,Los Angeles,Lakers,LAL,5,101133,Ian Mahinmi,1610612754.0,Indiana,Pacers,IND,1,0,,,,,
0021500253,522,3,11,4,11:44 PM,3:54,,,Mahinmi Free Throw 1 of 2 (5 PTS),90 - 85,-5,5.0,101133,Ian Mahinmi,1610612754.0,Indiana,Pacers,IND,0,0,,,,,,0,0,,,,,
0021500253,524,3,12,4,11:44 PM,3:54,,,Mahinmi Free Throw 2 of 2 (6 PTS),91 - 85,-6,5.0,101133,Ian Mahinmi,1610612754.0,Indiana,Pacers,IND,0,0,,,,,,0,0,,,,,
0021500253,526,2,1,4,11:45 PM,3:46,MISS Young 25' 3PT Jump Shot,,,,,4.0,201156,Nick Young,1610612747.0,Los Angeles,Lakers,LAL,0,0,,,,,,0,0,,,,,
0021500253,527,4,0,4,11:45 PM,3:45,Randle REBOUND (Off:1 Def:9),,,,,4.0,203944,Julius Randle,1610612747.0,Los Angeles,Lakers,LAL,0,0,,,,,,0,0,,,,,
0021500253,528,1,5,4,11:45 PM,3:41,Randle 3' Layup (11 PTS),,,91 - 87,-4,4.0,203944,Julius Randle,1610612747.0,Los Angeles,Lakers,LAL,0,0,,,,,,0,0,,,,,
0021500253,529,6,28,4,11:45 PM,3:35,Bass Personal Take Foul (P4.PN) (G.Zielinski),,,,,4.0,101138,Brandon Bass,1610612747.0,Los Angeles,Lakers,LAL,5,101133,Ian Mahinmi,1610612754.0,Indiana,Pacers,IND,1,0,,,,,
0021500253,530,3,11,4,11:45 PM,3:35,,,Mahinmi Free Throw 1 of 2 (7 PTS),92 - 87,-5,5.0,101133,Ian Mahinmi,1610612754.0,Indiana,Pacers,IND,0,0,,,,,,0,0,,,,,
0021500253,532,8,0,4,11:46 PM,3:35,SUB: Bryant FOR Bass,,,,,4.0,101138,Brandon Bass,1610612747.0,Los Angeles,Lakers,LAL,4,977,Kobe Bryant,1610612747.0,Los Angeles,Lakers,LAL,0,0,,,,,
0021500253,533,3,12,4,11:46 PM,3:35,,,Mahinmi Free Throw 2 of 2 (8 PTS),93 - 87,-6,5.0,101133,Ian Mahinmi,1610612754.0,Indiana,Pacers,IND,0,0,,,,,,0,0,,,,,
0021500253,535,7,5,4,11:46 PM,3:24,,,Ellis Violation:Kicked Ball (K.Mauer),,,5.0,101145,Monta Ellis,1610612754.0,Indiana,Pacers,IND,0,0,,,,,,1,0,,,,,
0021500253,536,8,0,4,11:46 PM,3:24,,,SUB: Hill FOR Mahinmi,,,5.0,101133,Ian Mahinmi,1610612754.0,Indiana,Pacers,IND,5,201941,Jordan Hill,1610612754.0,Indiana,Pacers,IND,0,0,,,,,
0021500253,537,2,1,4,11:47 PM,3:14,MISS Clarkson 18' Jump Shot,,,,,4.0,203903,Jordan Clarkson,1610612747.0,Los Angeles,Lakers,LAL,0,0,,,,,,0,0,,,,,
0021500253,538,4,0,4,11:47 PM,3:14,,,George REBOUND (Off:1 Def:3),,,5.0,202331,Paul George,1610612754.0,Indiana,Pacers,IND,0,0,,,,,,0,0,,,,,
0021500253,539,1,5,4,11:47 PM,2:55,,,Ellis 2' Layup (15 PTS),95 - 87,-8,5.0,101145,Monta Ellis,1610612754.0,Indiana,Pacers,IND,0,0,,,,,,0,0,,,,,
0021500253,540,9,1,4,11:47 PM,2:46,LAKERS Timeout: Regular (Full 4 Short 1),,,,,2.0,1610612747,,,,,,0,0,,,,,,0,0,,,,,
0021500253,544,8,0,4,11:49 PM,2:46,,,SUB: G. Hill FOR Stuckey,,,5.0,201155,Rodney Stuckey,1610612754.0,Indiana,Pacers,IND,5,201588,George Hill,1610612754.0,Indiana,Pacers,IND,0,0,,,,,
0021500253,545,5,45,4,11:50 PM,2:36,Bryant Out of Bounds - Bad Pass Turnover Turnover (P1.T12),,,,,4.0,977,Kobe Bryant,1610612747.0,Los Angeles,Lakers,LAL,0,0,,,,,,0,0,,,,,
0021500253,546,2,1,4,11:50 PM,2:20,,,MISS Ellis 19' Jump Shot,,,5.0,101145,Monta Ellis,1610612754.0,Indiana,Pacers,IND,0,0,,,,,,0,0,,,,,
0021500253,547,4,0,4,11:50 PM,2:19,,,Hill REBOUND (Off:3 Def:7),,,5.0,201941,Jordan Hill,1610612754.0,Indiana,Pacers,IND,0,0,,,,,,0,0,,,,,
0021500253,548,2,1,4,11:50 PM,2:08,,,MISS George 4' Jump Shot,,,5.0,202331,Paul George,1610612754.0,Indiana,Pacers,IND,0,0,,,,,,0,0,,,,,
0021500253,549,4,0,4,11:50 PM,2:08,Randle REBOUND (Off:1 Def:10),,,,,4.0,203944,Julius Randle,1610612747.0,Los Angeles,Lakers,LAL,0,0,,,,,,0,0,,,,,
0021500253,550,2,1,4,11:50 PM,2:02,MISS Young  3PT Jump Shot,,,,,4.0,201156,Nick Young,1610612747.0,Los Angeles,Lakers,LAL,0,0,,,,,,0,0,,,,,
0021500253,551,4,0,4,11:50 PM,1:59,,,G. Hill REBOUND (Off:0 Def:6),,,5.0,201588,George Hill,1610612754.0,Indiana,Pacers,IND,0,0,,,,,,0,0,,,,,
0021500253,552,6,1,4,11:51 PM,1:53,World Peace P.FOUL (P4.PN) (G.Zielinski),,,,,4.0,1897,Metta World Peace,1610612747.0,Los Angeles,Lakers,LAL,5,202331,Paul George,1610612754.0,Indiana,Pacers,IND,1,0,,,,,
0021500253,553,3,11,4,11:51 PM,1:53,,,George Free Throw 1 of 2 (28 PTS),96 - 87,-9,5.0,202331,Paul George,1610612754.0,Indiana,Pacers,IND,0,0,,,,,,0,0,,,,,
0021500253,555,8,0,4,11:51 PM,1:53,,,SUB: Mahinmi FOR Hill,,,5.0,201941,Jordan Hill,1610612754.0,Indiana,Pacers,IND,5,101133,Ian Mahinmi,1610612754.0,Indiana,Pacers,IND,0,0,,,,,
0021500253,556,3,12,4,11:51 PM,1:53,,,MISS George Free Throw 2 of 2,,,5.0,202331,Paul George,1610612754.0,Indiana,Pacers,IND,0,0,,,,,,0,0,,,,,
0021500253,558,4,0,4,11:51 PM,1:52,Randle REBOUND (Off:1 Def:11),,,,,4.0,203944,Julius Randle,1610612747.0,Los Angeles,Lakers,LAL,0,0,,,,,,0,0,,,,,
0021500253,559,1,42,4,11:52 PM,1:40,World Peace 1' Driving Layup (4 PTS) (Clarkson 3 AST),,,96 - 89,-7,4.0,1897,Metta World Peace,1610612747.0,Los Angeles,Lakers,LAL,4,203903,Jordan Clarkson,1610612747.0,Los Angeles,Lakers,LAL,0,0,,,,,
0021500253,560,1,80,4,11:52 PM,1:27,,,George 18' Step Back Jump Shot (30 PTS),98 - 89,-9,5.0,202331,Paul George,1610612754.0,Indiana,Pacers,IND,0,0,,,,,,0,0,,,,,
0021500253,561,1,1,4,11:52 PM,1:19,Bryant 26' 3PT Jump Shot (10 PTS) (Clarkson 4 AST),,,98 - 92,-6,4.0,977,Kobe Bryant,1610612747.0,Los Angeles,Lakers,LAL,4,203903,Jordan Clarkson,1610612747.0,Los Angeles,Lakers,LAL,0,0,,,,,
0021500253,562,6,2,4,11:53 PM,1:07,World Peace S.FOUL (P5.PN) (G.Zielinski),,,,,4.0,1897,Metta World Peace,1610612747.0,Los Angeles,Lakers,LAL,5,202331,Paul George,1610612754.0,Indiana,Pacers,IND,1,0,,,,,
0021500253,563,3,11,4,11:53 PM,1:07,,,George Free Throw 1 of 2 (31 PTS),99 - 92,-7,5.0,202331,Paul George,1610612754.0,Indiana,Pacers,IND,0,0,,,,,,0,0,,,,,
0021500253,565,8,0,4,11:53 PM,1:07,,,SUB: Stuckey FOR Miles,,,5.0,101139,CJ Miles,1610612754.0,Indiana,Pacers,IND,5,201155,Rodney Stuckey,1610612754.0,Indiana,Pacers,IND,0,0,,,,,
0021500253,566,3,12,4,11:53 PM,1:07,,,George Free Throw 2 of 2 (32 PTS),100 - 92,-8,5.0,202331,Paul George,1610612754.0,Indiana,Pacers,IND,0,0,,,,,,0,0,,,,,
0021500253,568,1,1,4,11:54 PM,0:57,Young 25' 3PT Jump Shot (22 PTS) (Clarkson 5 AST),,,100 - 95,-5,4.0,201156,Nick Young,1610612747.0,Los Angeles,Lakers,LAL,4,203903,Jordan Clarkson,1610612747.0,Los Angeles,Lakers,LAL,0,0,,,,,
0021500253,573,18,1,4,11:56 PM,0:47,,,,,,,569,,,,,,0,0,,,,,,1,0,,,,,
0021500253,574,5,45,4,11:56 PM,0:47,,,George Out of Bounds - Bad Pass Turnover Turnover (P4.T16),,,5.0,202331,Paul George,1610612754.0,Indiana,Pacers,IND,0,0,,,,,,0,0,,,,,
0021500253,575,6,1,4,11:57 PM,0:39,,,Mahinmi P.FOUL (P4.T4) (M.Kogut),,,5.0,101133,Ian Mahinmi,1610612754.0,Indiana,Pacers,IND,4,977,Kobe Bryant,1610612747.0,Los Angeles,Lakers,LAL,1,0,,,,,
0021500253,577,1,1,4,11:57 PM,0:23,World Peace 25' 3PT Jump Shot (7 PTS) (Randle 1 AST),,,100 - 98,-2,4.0,1897,Metta World Peace,1610612747.0,Los Angeles,Lakers,LAL,4,203944,Julius Randle,1610612747.0,Los Angeles,Lakers,LAL,0,0,,,,,
0021500253,578,9,2,4,11:57 PM,0:23,,,Pacers Timeout: Short (Reg.4 Short 2),,,3.0,1610612754,,,,,,0,0,,,,,,0,0,,,,,
0021500253,580,8,0,4,11:59 PM,0:23,,,SUB: Budinger FOR Mahinmi,,,5.0,101133,Ian Mahinmi,1610612754.0,Indiana,Pacers,IND,5,201978,Chase Budinger,1610612754.0,Indiana,Pacers,IND,0,0,,,,,
0021500253,581,8,0,4,11:59 PM,0:23,,,SUB: Miles FOR Stuckey,,,5.0,201155,Rodney Stuckey,1610612754.0,Indiana,Pacers,IND,5,101139,CJ Miles,1610612754.0,Indiana,Pacers,IND,0,0,,,,,
0021500253,583,6,1,4,11:59 PM,0:22,World Peace P.FOUL (P6.PN) (K.Mauer),,,,,4.0,1897,Metta World Peace,1610612747.0,Los Angeles,Lakers,LAL,5,202331,Paul George,1610612754.0,Indiana,Pacers,IND,1,0,,,,,
0021500253,584,8,0,4,12:00 AM,0:22,SUB: Bass FOR World Peace,,,,,4.0,1897,Metta World Peace,1610612747.0,Los Angeles,Lakers,LAL,4,101138,Brandon Bass,1610612747.0,Los Angeles,Lakers,LAL,0,0,,,,,
0021500253,585,3,11,4,12:00 AM,0:22,,,George Free Throw 1 of 2 (33 PTS),101 - 98,-3,5.0,202331,Paul George,1610612754.0,Indiana,Pacers,IND,0,0,,,,,,0,0,,,,,
0021500253,587,8,0,4,12:00 AM,0:22,,,SUB: Mahinmi FOR Budinger,,,5.0,201978,Chase Budinger,1610612754.0,Indiana,Pacers,IND,5,101133,Ian Mahinmi,1610612754.0,Indiana,Pacers,IND,0,0,,,,,
0021500253,588,3,12,4,12:00 AM,0:22,,,George Free Throw 2 of 2 (34 PTS),102 - 98,-4,5.0,202331,Paul George,1610612754.0,Indiana,Pacers,IND,0,0,,,,,,0,0,,,,,
0021500253,590,9,1,4,12:01 AM,0:22,LAKERS Timeout: Regular (Full 5 Short 1),,,,,2.0,1610612747,,,,,,0,0,,,,,,0,0,,,,,
0021500253,594,1,78,4,12:03 AM,0:17,Clarkson 7' Floating Jump Shot (22 PTS) (Bryant 3 AST),,,102 - 100,-2,4.0,203903,Jordan Clarkson,1610612747.0,Los Angeles,Lakers,LAL,4,977,Kobe Bryant,1610612747.0,Los Angeles,Lakers,LAL,0,0,,,,,
0021500253,595,6,1,4,12:03 AM,0:14,Bryant P.FOUL (P1.PN) (K.Mauer),,,,,4.0,977,Kobe Bryant,1610612747.0,Los Angeles,Lakers,LAL,5,202331,Paul George,1610612754.0,Indiana,Pacers,IND,1,0,,,,,
0021500253,596,3,11,4,12:03 AM,0:14,,,George Free Throw 1 of 2 (35 PTS),103 - 100,-3,5.0,202331,Paul George,1610612754.0,Indiana,Pacers,IND,0,0,,,,,,0,0,,,,,
0021500253,598,3,12,4,12:04 AM,0:14,,,George Free Throw 2 of 2 (36 PTS),104 - 100,-4,5.0,202331,Paul George,1610612754.0,Indiana,Pacers,IND,0,0,,,,,,0,0,,,,,
0021500253,600,9,2,4,12:04 AM,0:14,LAKERS Timeout: Short (Full 5 Short 2),,,,,2.0,1610612747,,,,,,0,0,,,,,,0,0,,,,,
0021500253,602,8,0,4,12:05 AM,0:14,,,SUB: Allen FOR Miles,,,5.0,101139,CJ Miles,1610612754.0,Indiana,Pacers,IND,5,202730,Lavoy Allen,1610612754.0,Indiana,Pacers,IND,0,0,,,,,
0021500253,603,1,47,4,12:05 AM,0:12,Bryant 25' 3PT Turnaround Jump Shot (13 PTS) (Clarkson 6 AST),,,104 - 103,-1,4.0,977,Kobe Bryant,1610612747.0,Los Angeles,Lakers,LAL,4,203903,Jordan Clarkson,1610612747.0,Los Angeles,Lakers,LAL,0,0,,,,,
0021500253,604,6,28,4,12:05 AM,0:10,Young Personal Take Foul (P4.PN) (M.Kogut),,,,,4.0,201156,Nick Young,1610612747.0,Los Angeles,Lakers,LAL,5,202331,Paul George,1610612754.0,Indiana,Pacers,IND,1,0,,,,,
0021500253,605,3,11,4,12:06 AM,0:10,,,George Free Throw 1 of 2 (37 PTS),105 - 103,-2,5.0,202331,Paul George,1610612754.0,Indiana,Pacers,IND,0,0,,,,,,0,0,,,,,
0021500253,607,3,12,4,12:06 AM,0:10,,,George Free Throw 2 of 2 (38 PTS),106 - 103,-3,5.0,202331,Paul George,1610612754.0,Indiana,Pacers,IND,0,0,,,,,,0,0,,,,,
0021500253,609,9,2,4,12:06 AM,0:10,LAKERS Timeout: Short (Full 5 Short 3),,,,,2.0,1610612747,,,,,,0,0,,,,,,0,0,,,,,
0021500253,611,8,0,4,12:07 AM,0:10,,,SUB: Miles FOR Allen,,,5.0,202730,Lavoy Allen,1610612754.0,Indiana,Pacers,IND,5,101139,CJ Miles,1610612754.0,Indiana,Pacers,IND,0,0,,,,,
0021500253,612,2,1,4,12:08 AM,0:07,MISS Bryant 27' 3PT Jump Shot,,,,,4.0,977,Kobe Bryant,1610612747.0,Los Angeles,Lakers,LAL,0,0,,,,,,0,0,,,,,
0021500253,613,4,0,4,12:08 AM,0:07,,,Pacers Rebound,,,3.0,1610612754,,,,,,0,0,,,,,,0,0,,,,,
0021500253,614,6,1,4,12:08 AM,0:05,Randle P.FOUL (P5.PN) (M.Kogut),,,,,4.0,203944,Julius Randle,1610612747.0,Los Angeles,Lakers,LAL,5,202331,Paul George,1610612754.0,Indiana,Pacers,IND,1,0,,,,,
0021500253,615,3,11,4,12:09 AM,0:05,,,MISS George Free Throw 1 of 2,,,5.0,202331,Paul George,1610612754.0,Indiana,Pacers,IND,0,0,,,,,,0,0,,,,,
0021500253,616,4,1,4,12:09 AM,0:05,,,Pacers Rebound,,,3.0,1610612754,,,,,,0,0,,,,,,0,0,,,,,
0021500253,617,3,12,4,12:09 AM,0:05,,,George Free Throw 2 of 2 (39 PTS),107 - 103,-4,5.0,202331,Paul George,1610612754.0,Indiana,Pacers,IND,0,0,,,,,,0,0,,,,,
0021500253,619,2,1,4,12:09 AM,0:01,MISS Young 27' 3PT Jump Shot,,,,,4.0,201156,Nick Young,1610612747.0,Los Angeles,Lakers,LAL,0,0,,,,,,0,0,,,,,
0021500253,620,4,0,4,12:09 AM,0:00,LAKERS Rebound,,,,,2.0,1610612747,,,,,,0,0,,,,,,0,0,,,,,
0021500253,621,13,0,4,12:10 AM,0:00,,,,107 - 103,-4,0.0,0,,,,,,0,0,,,,,,0,0,,,,,
