GAME_ID,EVENTNUM,EVENTMSGTYPE,EVENTMSGACTIONTYPE,PERIOD,WCTIMESTRING,PCTIMESTRING,HOMEDESCRIPTION,NEUTRALDESCRIPTION,VISITORDESCRIPTION,SCORE,SCOREMARGIN,PERSON1TYPE,PLAYER1_ID,PLAYER1_NAME,PLAYER1_TEAM_ID,PLAYER1_TEAM_CITY,PLAYER1_TEAM_NICKNAME,PLAYER1_TEAM_ABBREVIATION,PERSON2TYPE,PLAYER2_ID,PLAYER2_NAME,PLAYER2_TEAM_ID,PLAYER2_TEAM_CITY,PLAYER2_TEAM_NICKNAME,PLAYER2_TEAM_ABBREVIATION,PERSON3TYPE,PLAYER3_ID,PLAYER3_NAME,PLAYER3_TEAM_ID,PLAYER3_TEAM_CITY,PLAYER3_TEAM_NICKNAME,PLAYER3_TEAM_ABBREVIATION
0021500491,0,12,0,1,7:42 PM,12:00,,,,,,0,0,,,,,,0,0,,,,,,0,0,,,,,
0021500491,1,10,0,1,7:42 PM,12:00,Jump Ball Whiteside vs. Pachulia: Tip to Dragic,,,,,4,202355,Hassan Whiteside,1610612748.0,Miami,Heat,MIA,5,2585,Zaza Pachulia,1610612742.0,Dallas,Mavericks,DAL,4,201609,Goran Dragic,1610612748.0,Miami,Heat,MIA
0021500491,2,2,1,1,7:42 PM,11:40,MISS Deng 12' Jump Shot,,,,,4,2736,Luol Deng,1610612748.0,Miami,Heat,MIA,0,0,,,,,,0,0,,,,,
0021500491,3,4,0,1,7:42 PM,11:39,,,Parsons REBOUND (Off:0 Def:1),,,5,202718,Chandler Parsons,1610612742.0,Dallas,Mavericks,DAL,0,0,,,,,,0,0,,,,,
0021500491,4,2,1,1,7:43 PM,11:14,,,MISS Barea  3PT Jump Shot,,,5,200826,J.J. Barea,1610612742.0,Dallas,Mavericks,DAL,0,0,,,,,,0,0,,,,,
0021500491,5,4,0,1,7:43 PM,11:13,Whiteside REBOUND (Off:0 Def:1),,,,,4,202355,Hassan Whiteside,1610612748.0,Miami,Heat,MIA,0,0,,,,,,0,0,,,,,
0021500491,6,1,1,1,7:43 PM,11:03,Dragic 15' Jump Shot (2 PTS),,,0 - 2,2,4,201609,Goran Dragic,1610612748.0,Miami,Heat,MIA,0,0,,,,,,0,0,,,,,
0021500491,7,2,1,1,7:43 PM,10:43,,,MISS Barea 24' 3PT Jump Shot,,,5,200826,J.J. Barea,1610612742.0,Dallas,Mavericks,DAL,0,0,,,,,,0,0,,,,,
0021500491,8,4,0,1,7:43 PM,10:42,Johnson REBOUND (Off:0 Def:1),,,,,4,204020,Tyler Johnson,1610612748.0,Miami,Heat,MIA,0,0,,,,,,0,0,,,,,
0021500491,9,2,1,1,7:43 PM,10:30,MISS Johnson 20' Jump Shot,,,,,4,204020,Tyler Johnson,1610612748.0,Miami,Heat,MIA,0,0,,,,,,0,0,,,,,
0021500491,10,4,0,1,7:43 PM,10:29,,,Pachulia REBOUND (Off:0 Def:1),,,5,2585,Zaza Pachulia,1610612742.0,Dallas,Mavericks,DAL,0,0,,,,,,0,0,,,,,
0021500491,11,2,1,1,7:44 PM,10:07,,,MISS Nowitzki 25' 3PT Jump Shot,,,5,1717,Dirk Nowitzki,1610612742.0,Dallas,Mavericks,DAL,0,0,,,,,,0,0,,,,,
0021500491,12,4,0,1,7:44 PM,10:06,Johnson REBOUND (Off:0 Def:2),,,,,4,204020,Tyler Johnson,1610612748.0,Miami,Heat,MIA,0,0,,,,,,0,0,,,,,
0021500491,13,7,5,1,7:44 PM,9:59,,,Nowitzki Violation:Kicked Ball (S.Foster),,,5,1717,Dirk Nowitzki,1610612742.0,Dallas,Mavericks,DAL,0,0,,,,,,1,0,,,,,
0021500491,14,2,1,1,7:44 PM,9:45,MISS Whiteside 4' Jump Shot,,,,,4,202355,Hassan Whiteside,1610612748.0,Miami,Heat,MIA,0,0,,,,,,0,0,,,,,
0021500491,15,4,0,1,7:44 PM,9:44,,,Nowitzki REBOUND (Off:0 Def:1),,,5,1717,Dirk Nowitzki,1610612742.0,Dallas,Mavericks,DAL,0,0,,,,,,0,0,,,,,
0021500491,16,2,42,1,7:45 PM,9:32,,,MISS Parsons 3' Driving Layup,,,5,202718,Chandler Parsons,1610612742.0,Dallas,Mavericks,DAL,0,0,,,,,,0,0,,,,,
0021500491,17,4,0,1,7:45 PM,9:31,Dragic REBOUND (Off:0 Def:1),,,,,4,201609,Goran Dragic,1610612748.0,Miami,Heat,MIA,0,0,,,,,,0,0,,,,,
0021500491,18,2,74,1,7:45 PM,9:27,MISS Dragic 2' Running Reverse Layup,,,,,4,201609,Goran Dragic,1610612748.0,Miami,Heat,MIA,0,0,,,,,,0,0,,,,,
0021500491,19,4,0,1,7:45 PM,9:26,Bosh REBOUND (Off:1 Def:0),,,,,4,2547,Chris Bosh,1610612748.0,Miami,Heat,MIA,0,0,,,,,,0,0,,,,,
0021500491,20,1,97,1,7:45 PM,9:25,Bosh 1' Tip Layup Shot (2 PTS),,,0 - 4,4,4,2547,Chris Bosh,1610612748.0,Miami,Heat,MIA,0,0,,,,,,0,0,,,,,
0021500491,21,2,1,1,7:45 PM,9:07,,,MISS Nowitzki 16' Jump Shot,,,5,1717,Dirk Nowitzki,1610612742.0,Dallas,Mavericks,DAL,0,0,,,,,,0,0,,,,,
0021500491,22,4,0,1,7:45 PM,9:06,HEAT Rebound,,,,,2,1610612748,,,,,,0,0,,,,,,0,0,,,,,
0021500491,23,2,1,1,7:45 PM,8:55,MISS Dragic 16' Jump Shot,,,,,4,201609,Goran Dragic,1610612748.0,Miami,Heat,MIA,0,0,,,,,,0,0,,,,,
0021500491,24,4,0,1,7:45 PM,8:54,,,Pachulia REBOUND (Off:0 Def:2),,,5,2585,Zaza Pachulia,1610612742.0,Dallas,Mavericks,DAL,0,0,,,,,,0,0,,,,,
0021500491,25,1,1,1,7:45 PM,8:45,,,Pachulia 9' Jump Shot (2 PTS) (Barea 1 AST),2 - 4,2,5,2585,Zaza Pachulia,1610612742.0,Dallas,Mavericks,DAL,5,200826,J.J. Barea,1610612742.0,Dallas,Mavericks,DAL,0,0,,,,,
0021500491,26,2,44,1,7:46 PM,8:27,MISS Dragic 2' Reverse Layup,,Pachulia BLOCK (1 BLK),,,4,201609,Goran Dragic,1610612748.0,Miami,Heat,MIA,0,0,,,,,,5,2585,Zaza Pachulia,1610612742.0,Dallas,Mavericks,DAL
0021500491,27,4,0,1,7:46 PM,8:26,,,Pachulia REBOUND (Off:0 Def:3),,,5,2585,Zaza Pachulia,1610612742.0,Dallas,Mavericks,DAL,0,0,,,,,,0,0,,,,,
0021500491,28,5,1,1,7:46 PM,8:23,Dragic STEAL (1 STL),,Pachulia Bad Pass Turnover (P1.T1),,,5,2585,Zaza Pachulia,1610612742.0,Dallas,Mavericks,DAL,4,201609,Goran Dragic,1610612748.0,Miami,Heat,MIA,0,0,,,,,
0021500491,29,6,1,1,7:46 PM,8:23,,,Barea P.FOUL (P1.T1) (S.Anderson),,,5,200826,J.J. Barea,1610612742.0,Dallas,Mavericks,DAL,4,201609,Goran Dragic,1610612748.0,Miami,Heat,MIA,1,0,,,,,
0021500491,30,6,1,1,7:46 PM,8:05,,,Nowitzki P.FOUL (P1.T2) (S.Foster),,,5,1717,Dirk Nowitzki,1610612742.0,Dallas,Mavericks,DAL,4,2547,Chris Bosh,1610612748.0,Miami,Heat,MIA,1,0,,,,,
0021500491,31,2,1,1,7:47 PM,7:58,MISS Bosh 14' Jump Shot,,,,,4,2547,Chris Bosh,1610612748.0,Miami,Heat,MIA,0,0,,,,,,0,0,,,,,
0021500491,32,4,0,1,7:47 PM,7:57,,,Pachulia REBOUND (Off:0 Def:4),,,5,2585,Zaza Pachulia,1610612742.0,Dallas,Mavericks,DAL,0,0,,,,,,0,0,,,,,
0021500491,33,1,42,1,7:47 PM,7:49,,,Barea 2' Driving Layup (2 PTS),4 - 4,TIE,5,200826,J.J. Barea,1610612742.0,Dallas,Mavericks,DAL,0,0,,,,,,0,0,,,,,
0021500491,34,7,5,1,7:47 PM,7:40,,,Nowitzki Violation:Kicked Ball (S.Anderson),,,5,1717,Dirk Nowitzki,1610612742.0,Dallas,Mavericks,DAL,0,0,,,,,,1,0,,,,,
0021500491,35,2,3,1,7:48 PM,7:33,MISS Whiteside 6' Hook Shot,,,,,4,202355,Hassan Whiteside,1610612748.0,Miami,Heat,MIA,0,0,,,,,,0,0,,,,,
0021500491,36,4,0,1,7:48 PM,7:32,Whiteside REBOUND (Off:1 Def:1),,,,,4,202355,Hassan Whiteside,1610612748.0,Miami,Heat,MIA,0,0,,,,,,0,0,,,,,
0021500491,37,1,3,1,7:48 PM,7:28,Whiteside 6' Hook Shot (2 PTS),,,4 - 6,2,4,202355,Hassan Whiteside,1610612748.0,Miami,Heat,MIA,0,0,,,,,,0,0,,,,,
0021500491,38,2,1,1,7:48 PM,7:14,,,MISS Nowitzki 15' Jump Shot,,,5,1717,Dirk Nowitzki,1610612742.0,Dallas,Mavericks,DAL,0,0,,,,,,0,0,,,,,
0021500491,39,4,0,1,7:48 PM,7:13,,,Pachulia REBOUND (Off:1 Def:4),,,5,2585,Zaza Pachulia,1610612742.0,Dallas,Mavericks,DAL,0,0,,,,,,0,0,,,,,
0021500491,40,2,42,1,7:48 PM,7:06,,,MISS Pachulia 2' Driving Layup,,,5,2585,Zaza Pachulia,1610612742.0,Dallas,Mavericks,DAL,0,0,,,,,,0,0,,,,,
0021500491,41,4,0,1,7:48 PM,7:05,Whiteside REBOUND (Off:1 Def:2),,,,,4,202355,Hassan Whiteside,1610612748.0,Miami,Heat,MIA,0,0,,,,,,0,0,,,,,
0021500491,42,2,1,1,7:48 PM,6:57,MISS Bosh 25' 3PT Jump Shot,,,,,4,2547,Chris Bosh,1610612748.0,Miami,Heat,MIA,0,0,,,,,,0,0,,,,,
0021500491,43,4,0,1,7:48 PM,6:56,,,Pachulia REBOUND (Off:1 Def:5),,,5,2585,Zaza Pachulia,1610612742.0,Dallas,Mavericks,DAL,0,0,,,,,,0,0,,,,,
0021500491,44,2,1,1,7:48 PM,6:47,,,MISS Barea 25' 3PT Jump Shot,,,5,200826,J.J. Barea,1610612742.0,Dallas,Mavericks,DAL,0,0,,,,,,0,0,,,,,
0021500491,45,4,0,1,7:48 PM,6:46,Whiteside REBOUND (Off:1 Def:3),,,,,4,202355,Hassan Whiteside,1610612748.0,Miami,Heat,MIA,0,0,,,,,,0,0,,,,,
0021500491,46,1,66,1,7:49 PM,6:36,Dragic 2' Jump Bank Shot (4 PTS),,,4 - 8,4,4,201609,Goran Dragic,1610612748.0,Miami,Heat,MIA,0,0,,,,,,0,0,,,,,
0021500491,47,9,1,1,7:49 PM,6:35,,,Mavericks Timeout: Regular (Reg.1 Short 0),,,3,1610612742,,,,,,0,0,,,,,,0,0,,,,,
0021500491,49,8,0,1,7:51 PM,6:35,,,SUB: Felton FOR Parsons,,,5,202718,Chandler Parsons,1610612742.0,Dallas,Mavericks,DAL,5,101109,Raymond Felton,1610612742.0,Dallas,Mavericks,DAL,0,0,,,,,
0021500491,50,8,0,1,7:51 PM,6:35,,,SUB: D. Williams FOR Nowitzki,,,5,1717,Dirk Nowitzki,1610612742.0,Dallas,Mavericks,DAL,5,101114,Deron Williams,1610612742.0,Dallas,Mavericks,DAL,0,0,,,,,
0021500491,51,8,0,1,7:51 PM,6:35,,,SUB: Powell FOR Barea,,,5,200826,J.J. Barea,1610612742.0,Dallas,Mavericks,DAL,5,203939,Dwight Powell,1610612742.0,Dallas,Mavericks,DAL,0,0,,,,,
0021500491,52,8,0,1,7:51 PM,6:35,SUB: Green FOR Bosh,,,,,4,2547,Chris Bosh,1610612748.0,Miami,Heat,MIA,4,101123,Gerald Green,1610612748.0,Miami,Heat,MIA,0,0,,,,,
0021500491,53,2,1,1,7:51 PM,6:24,,,MISS Matthews  3PT Jump Shot,,,5,202083,Wesley Matthews,1610612742.0,Dallas,Mavericks,DAL,0,0,,,,,,0,0,,,,,
0021500491,54,4,0,1,7:51 PM,6:23,,,Powell REBOUND (Off:1 Def:0),,,5,203939,Dwight Powell,1610612742.0,Dallas,Mavericks,DAL,0,0,,,,,,0,0,,,,,
0021500491,55,1,5,1,7:51 PM,6:13,,,Pachulia 1' Layup (4 PTS) (Felton 1 AST),6 - 8,2,5,2585,Zaza Pachulia,1610612742.0,Dallas,Mavericks,DAL,5,101109,Raymond Felton,1610612742.0,Dallas,Mavericks,DAL,0,0,,,,,
0021500491,56,5,1,1,7:52 PM,5:50,Johnson Bad Pass Turnover (P1.T1),,Pachulia STEAL (1 STL),,,4,204020,Tyler Johnson,1610612748.0,Miami,Heat,MIA,5,2585,Zaza Pachulia,1610612742.0,Dallas,Mavericks,DAL,0,0,,,,,
0021500491,57,2,1,1,7:52 PM,5:37,,,MISS Felton 17' Jump Shot,,,5,101109,Raymond Felton,1610612742.0,Dallas,Mavericks,DAL,0,0,,,,,,0,0,,,,,
0021500491,58,4,0,1,7:52 PM,5:36,Whiteside REBOUND (Off:1 Def:4),,,,,4,202355,Hassan Whiteside,1610612748.0,Miami,Heat,MIA,0,0,,,,,,0,0,,,,,
0021500491,59,1,1,1,7:52 PM,5:30,Deng 24' 3PT Jump Shot (3 PTS) (Dragic 1 AST),,,6 - 11,5,4,2736,Luol Deng,1610612748.0,Miami,Heat,MIA,4,201609,Goran Dragic,1610612748.0,Miami,Heat,MIA,0,0,,,,,
0021500491,60,1,63,1,7:52 PM,5:10,,,D. Williams 14' Fadeaway Jumper (2 PTS) (Pachulia 1 AST),8 - 11,3,5,101114,Deron Williams,1610612742.0,Dallas,Mavericks,DAL,5,2585,Zaza Pachulia,1610612742.0,Dallas,Mavericks,DAL,0,0,,,,,
0021500491,61,1,1,1,7:53 PM,4:52,Johnson 24' 3PT Jump Shot (3 PTS) (Dragic 2 AST),,,8 - 14,6,4,204020,Tyler Johnson,1610612748.0,Miami,Heat,MIA,4,201609,Goran Dragic,1610612748.0,Miami,Heat,MIA,0,0,,,,,
0021500491,62,2,1,1,7:53 PM,4:34,,,MISS D. Williams 18' Jump Shot,,,5,101114,Deron Williams,1610612742.0,Dallas,Mavericks,DAL,0,0,,,,,,0,0,,,,,
0021500491,63,4,0,1,7:53 PM,4:33,Whiteside REBOUND (Off:1 Def:5),,,,,4,202355,Hassan Whiteside,1610612748.0,Miami,Heat,MIA,0,0,,,,,,0,0,,,,,
0021500491,64,1,1,1,7:53 PM,4:16,Whiteside 15' Jump Shot (4 PTS) (Deng 1 AST),,,8 - 16,8,4,202355,Hassan Whiteside,1610612748.0,Miami,Heat,MIA,4,2736,Luol Deng,1610612748.0,Miami,Heat,MIA,0,0,,,,,
0021500491,65,2,1,1,7:54 PM,3:58,,,MISS D. Williams 25' 3PT Jump Shot,,,5,101114,Deron Williams,1610612742.0,Dallas,Mavericks,DAL,0,0,,,,,,0,0,,,,,
0021500491,66,4,0,1,7:54 PM,3:57,Whiteside REBOUND (Off:1 Def:6),,,,,4,202355,Hassan Whiteside,1610612748.0,Miami,Heat,MIA,0,0,,,,,,0,0,,,,,
0021500491,67,1,1,1,7:54 PM,3:48,Whiteside 18' Jump Shot (6 PTS) (Dragic 3 AST),,,8 - 18,10,4,202355,Hassan Whiteside,1610612748.0,Miami,Heat,MIA,4,201609,Goran Dragic,1610612748.0,Miami,Heat,MIA,0,0,,,,,
0021500491,68,9,2,1,7:54 PM,3:48,,,Mavericks Timeout: Short (Reg.1 Short 1),,,3,1610612742,,,,,,0,0,,,,,,0,0,,,,,
0021500491,71,8,0,1,7:55 PM,3:48,SUB: Udrih FOR Dragic,,,,,4,201609,Goran Dragic,1610612748.0,Miami,Heat,MIA,4,2757,Beno Udrih,1610612748.0,Miami,Heat,MIA,0,0,,,,,
0021500491,72,2,78,1,7:55 PM,3:33,,,MISS Felton 7' Floating Jump Shot,,,5,101109,Raymond Felton,1610612742.0,Dallas,Mavericks,DAL,0,0,,,,,,0,0,,,,,
0021500491,73,4,0,1,7:56 PM,3:32,,,Felton REBOUND (Off:1 Def:0),,,5,101109,Raymond Felton,1610612742.0,Dallas,Mavericks,DAL,0,0,,,,,,0,0,,,,,
0021500491,74,2,1,1,7:56 PM,3:27,,,MISS Powell 14' Jump Shot,,,5,203939,Dwight Powell,1610612742.0,Dallas,Mavericks,DAL,0,0,,,,,,0,0,,,,,
0021500491,75,4,0,1,7:56 PM,3:26,Deng REBOUND (Off:0 Def:1),,,,,4,2736,Luol Deng,1610612748.0,Miami,Heat,MIA,0,0,,,,,,0,0,,,,,
0021500491,76,2,3,1,7:56 PM,3:13,MISS Whiteside 4' Hook Shot,,,,,4,202355,Hassan Whiteside,1610612748.0,Miami,Heat,MIA,0,0,,,,,,0,0,,,,,
0021500491,77,4,0,1,7:56 PM,3:12,,,Pachulia REBOUND (Off:1 Def:6),,,5,2585,Zaza Pachulia,1610612742.0,Dallas,Mavericks,DAL,0,0,,,,,,0,0,,,,,
0021500491,78,2,1,1,7:56 PM,2:56,,,MISS Pachulia 13' Jump Shot,,,5,2585,Zaza Pachulia,1610612742.0,Dallas,Mavericks,DAL,0,0,,,,,,0,0,,,,,
0021500491,79,4,0,1,7:56 PM,2:55,Udrih REBOUND (Off:0 Def:1),,,,,4,2757,Beno Udrih,1610612748.0,Miami,Heat,MIA,0,0,,,,,,0,0,,,,,
0021500491,80,2,1,1,7:56 PM,2:45,MISS Deng 26' 3PT Jump Shot,,,,,4,2736,Luol Deng,1610612748.0,Miami,Heat,MIA,0,0,,,,,,0,0,,,,,
0021500491,81,4,0,1,7:56 PM,2:44,,,Matthews REBOUND (Off:0 Def:1),,,5,202083,Wesley Matthews,1610612742.0,Dallas,Mavericks,DAL,0,0,,,,,,0,0,,,,,
0021500491,82,2,78,1,7:57 PM,2:31,,,MISS Matthews 12' Floating Jump Shot,,,5,202083,Wesley Matthews,1610612742.0,Dallas,Mavericks,DAL,0,0,,,,,,0,0,,,,,
0021500491,83,4,0,1,7:57 PM,2:30,Whiteside REBOUND (Off:1 Def:7),,,,,4,202355,Hassan Whiteside,1610612748.0,Miami,Heat,MIA,0,0,,,,,,0,0,,,,,
0021500491,84,9,1,1,7:57 PM,2:22,HEAT Timeout: Regular (Full 1 Short 0),,,,,2,1610612748,,,,,,0,0,,,,,,0,0,,,,,
0021500491,86,8,0,1,7:59 PM,2:22,,,SUB: Parsons FOR Pachulia,,,5,2585,Zaza Pachulia,1610612742.0,Dallas,Mavericks,DAL,5,202718,Chandler Parsons,1610612742.0,Dallas,Mavericks,DAL,0,0,,,,,
0021500491,87,8,0,1,7:59 PM,2:22,,,SUB: Harris FOR Matthews,,,5,202083,Wesley Matthews,1610612742.0,Dallas,Mavericks,DAL,5,2734,Devin Harris,1610612742.0,Dallas,Mavericks,DAL,0,0,,,,,
0021500491,88,8,0,1,7:59 PM,2:22,,,SUB: Nowitzki FOR Felton,,,5,101109,Raymond Felton,1610612742.0,Dallas,Mavericks,DAL,5,1717,Dirk Nowitzki,1610612742.0,Dallas,Mavericks,DAL,0,0,,,,,
0021500491,89,8,0,1,7:59 PM,2:22,,,SUB: Barea FOR D. Williams,,,5,101114,Deron Williams,1610612742.0,Dallas,Mavericks,DAL,5,200826,J.J. Barea,1610612742.0,Dallas,Mavericks,DAL,0,0,,,,,
0021500491,90,8,0,1,7:59 PM,2:22,SUB: Bosh FOR Deng,,,,,4,2736,Luol Deng,1610612748.0,Miami,Heat,MIA,4,2547,Chris Bosh,1610612748.0,Miami,Heat,MIA,0,0,,,,,
0021500491,91,8,0,1,7:59 PM,2:22,SUB: Dragic FOR Johnson,,,,,4,204020,Tyler Johnson,1610612748.0,Miami,Heat,MIA,4,201609,Goran Dragic,1610612748.0,Miami,Heat,MIA,0,0,,,,,
0021500491,92,1,1,1,7:59 PM,2:07,Dragic 17' Jump Shot (6 PTS) (Bosh 1 AST),,,8 - 20,12,4,201609,Goran Dragic,1610612748.0,Miami,Heat,MIA,4,2547,Chris Bosh,1610612748.0,Miami,Heat,MIA,0,0,,,,,
0021500491,93,2,1,1,8:00 PM,1:53,,,MISS Nowitzki 19' Jump Shot,,,5,1717,Dirk Nowitzki,1610612742.0,Dallas,Mavericks,DAL,0,0,,,,,,0,0,,,,,
0021500491,94,4,0,1,8:00 PM,1:52,Whiteside REBOUND (Off:1 Def:8),,,,,4,202355,Hassan Whiteside,1610612748.0,Miami,Heat,MIA,0,0,,,,,,0,0,,,,,
0021500491,95,2,1,1,8:00 PM,1:35,MISS Bosh 15' Jump Shot,,,,,4,2547,Chris Bosh,1610612748.0,Miami,Heat,MIA,0,0,,,,,,0,0,,,,,
0021500491,96,4,0,1,8:00 PM,1:34,,,Nowitzki REBOUND (Off:0 Def:2),,,5,1717,Dirk Nowitzki,1610612742.0,Dallas,Mavericks,DAL,0,0,,,,,,0,0,,,,,
0021500491,97,2,1,1,8:00 PM,1:09,,,MISS Parsons 25' 3PT Jump Shot,,,5,202718,Chandler Parsons,1610612742.0,Dallas,Mavericks,DAL,0,0,,,,,,0,0,,,,,
0021500491,98,4,0,1,8:00 PM,1:08,,,Powell REBOUND (Off:2 Def:0),,,5,203939,Dwight Powell,1610612742.0,Dallas,Mavericks,DAL,0,0,,,,,,0,0,,,,,
0021500491,99,1,1,1,8:01 PM,0:56,,,Nowitzki 17' Jump Shot (2 PTS),10 - 20,10,5,1717,Dirk Nowitzki,1610612742.0,Dallas,Mavericks,DAL,0,0,,,,,,0,0,,,,,
0021500491,100,1,1,1,8:01 PM,0:40,Green 18' Jump Shot (2 PTS) (Bosh 2 AST),,,10 - 22,12,4,101123,Gerald Green,1610612748.0,Miami,Heat,MIA,4,2547,Chris Bosh,1610612748.0,Miami,Heat,MIA,0,0,,,,,
0021500491,101,5,1,1,8:01 PM,0:29,Dragic STEAL (2 STL),,Barea Bad Pass Turnover (P1.T2),,,5,200826,J.J. Barea,1610612742.0,Dallas,Mavericks,DAL,4,201609,Goran Dragic,1610612748.0,Miami,Heat,MIA,0,0,,,,,
0021500491,102,5,4,1,8:02 PM,0:07,Whiteside Traveling Turnover (P1.T2),,,,,4,202355,Hassan Whiteside,1610612748.0,Miami,Heat,MIA,0,0,,,,,,1,0,,,,,
0021500491,103,6,26,1,8:02 PM,0:02,,,Harris Offensive Charge Foul (P1.T3) (S.Anderson),,,5,2734,Devin Harris,1610612742.0,Dallas,Mavericks,DAL,4,2547,Chris Bosh,1610612748.0,Miami,Heat,MIA,1,0,,,,,
0021500491,104,5,5,1,8:02 PM,0:02,,,Harris Foul Turnover (P1.T3),,,5,2734,Devin Harris,1610612742.0,Dallas,Mavericks,DAL,0,0,,,,,,1,0,,,,,
0021500491,105,8,0,1,8:02 PM,0:02,,,SUB: Pachulia FOR Nowitzki,,,5,1717,Dirk Nowitzki,1610612742.0,Dallas,Mavericks,DAL,5,2585,Zaza Pachulia,1610612742.0,Dallas,Mavericks,DAL,0,0,,,,,
0021500491,106,13,0,1,8:03 PM,0:00,,,,10 - 22,12,0,0,,,,,,0,0,,,,,,0,0,,,,,
0021500491,108,12,0,2,8:05 PM,12:00,,,,10 - 22,12,0,0,,,,,,0,0,,,,,,0,0,,,,,
0021500491,110,8,0,2,8:06 PM,11:47,,,SUB: D. Williams FOR Harris,,,5,2734,Devin Harris,1610612742.0,Dallas,Mavericks,DAL,5,101114,Deron Williams,1610612742.0,Dallas,Mavericks,DAL,0,0,,,,,
0021500491,111,2,1,2,8:06 PM,11:42,,,MISS Nowitzki 18' Jump Shot,,,5,1717,Dirk Nowitzki,1610612742.0,Dallas,Mavericks,DAL,0,0,,,,,,0,0,,,,,
0021500491,112,4,0,2,8:06 PM,11:41,Stoudemire REBOUND (Off:0 Def:1),,,,,4,2405,Amar'e Stoudemire,1610612748.0,Miami,Heat,MIA,0,0,,,,,,0,0,,,,,
0021500491,113,6,2,2,8:06 PM,11:30,,,D. Williams S.FOUL (P1.T1) (S.Anderson),,,5,101114,Deron Williams,1610612742.0,Dallas,Mavericks,DAL,4,2547,Chris Bosh,1610612748.0,Miami,Heat,MIA,1,0,,,,,
0021500491,114,3,11,2,8:07 PM,11:30,Bosh Free Throw 1 of 2 (3 PTS),,,10 - 23,13,4,2547,Chris Bosh,1610612748.0,Miami,Heat,MIA,0,0,,,,,,0,0,,,,,
0021500491,116,3,12,2,8:07 PM,11:30,MISS Bosh Free Throw 2 of 2,,,,,4,2547,Chris Bosh,1610612748.0,Miami,Heat,MIA,0,0,,,,,,0,0,,,,,
0021500491,118,4,0,2,8:07 PM,11:29,,,Villanueva REBOUND (Off:0 Def:1),,,5,101111,Charlie Villanueva,1610612742.0,Dallas,Mavericks,DAL,0,0,,,,,,0,0,,,,,
0021500491,119,2,1,2,8:07 PM,11:12,,,MISS Villanueva  3PT Jump Shot,,,5,101111,Charlie Villanueva,1610612742.0,Dallas,Mavericks,DAL,0,0,,,,,,0,0,,,,,
0021500491,120,4,0,2,8:07 PM,11:11,,,Parsons REBOUND (Off:1 Def:1),,,5,202718,Chandler Parsons,1610612742.0,Dallas,Mavericks,DAL,0,0,,,,,,0,0,,,,,
0021500491,121,1,1,2,8:07 PM,11:06,,,Villanueva 26' 3PT Jump Shot (3 PTS) (D. Williams 1 AST),13 - 23,10,5,101111,Charlie Villanueva,1610612742.0,Dallas,Mavericks,DAL,5,101114,Deron Williams,1610612742.0,Dallas,Mavericks,DAL,0,0,,,,,
0021500491,122,1,1,2,8:08 PM,10:45,Bosh 24' 3PT Jump Shot (6 PTS) (Dragic 4 AST),,,13 - 26,13,4,2547,Chris Bosh,1610612748.0,Miami,Heat,MIA,4,201609,Goran Dragic,1610612748.0,Miami,Heat,MIA,0,0,,,,,
0021500491,123,1,42,2,8:08 PM,10:31,,,Villanueva 2' Driving Layup (5 PTS) (Parsons 1 AST),15 - 26,11,5,101111,Charlie Villanueva,1610612742.0,Dallas,Mavericks,DAL,5,202718,Chandler Parsons,1610612742.0,Dallas,Mavericks,DAL,0,0,,,,,
0021500491,124,1,1,2,8:08 PM,10:10,Dragic 25' 3PT Jump Shot (9 PTS) (Udrih 1 AST),,,15 - 29,14,4,201609,Goran Dragic,1610612748.0,Miami,Heat,MIA,4,2757,Beno Udrih,1610612748.0,Miami,Heat,MIA,0,0,,,,,
0021500491,125,2,1,2,8:09 PM,9:58,,,MISS Nowitzki 10' Jump Shot,,,5,1717,Dirk Nowitzki,1610612742.0,Dallas,Mavericks,DAL,0,0,,,,,,0,0,,,,,
0021500491,126,4,0,2,8:09 PM,9:57,Udrih REBOUND (Off:0 Def:2),,,,,4,2757,Beno Udrih,1610612748.0,Miami,Heat,MIA,0,0,,,,,,0,0,,,,,
0021500491,127,1,74,2,8:09 PM,9:51,Dragic 2' Running Reverse Layup (11 PTS),,,15 - 31,16,4,201609,Goran Dragic,1610612748.0,Miami,Heat,MIA,0,0,,,,,,0,0,,,,,
0021500491,128,9,1,2,8:09 PM,9:50,,,Mavericks Timeout: Regular (Reg.2 Short 1),,,3,1610612742,,,,,,0,0,,,,,,0,0,,,,,
0021500491,132,1,1,2,8:11 PM,9:40,,,D. Williams 24' 3PT Jump Shot (5 PTS) (Barea 2 AST),18 - 31,13,5,101114,Deron Williams,1610612742.0,Dallas,Mavericks,DAL,5,200826,J.J. Barea,1610612742.0,Dallas,Mavericks,DAL,0,0,,,,,
0021500491,133,5,4,2,8:12 PM,9:24,Stoudemire Traveling Turnover (P1.T3),,,,,4,2405,Amar'e Stoudemire,1610612748.0,Miami,Heat,MIA,0,0,,,,,,1,0,,,,,
0021500491,134,1,1,2,8:12 PM,8:58,,,Nowitzki 12' Jump Shot (4 PTS) (Barea 3 AST),20 - 31,11,5,1717,Dirk Nowitzki,1610612742.0,Dallas,Mavericks,DAL,5,200826,J.J. Barea,1610612742.0,Dallas,Mavericks,DAL,0,0,,,,,
0021500491,135,1,42,2,8:12 PM,8:46,Udrih 1' Driving Layup (2 PTS),,,20 - 33,13,4,2757,Beno Udrih,1610612748.0,Miami,Heat,MIA,0,0,,,,,,0,0,,,,,
0021500491,136,2,1,2,8:13 PM,8:31,,,MISS Villanueva 25' 3PT Jump Shot,,,5,101111,Charlie Villanueva,1610612742.0,Dallas,Mavericks,DAL,0,0,,,,,,0,0,,,,,
0021500491,137,4,0,2,8:13 PM,8:30,Bosh REBOUND (Off:1 Def:1),,,,,4,2547,Chris Bosh,1610612748.0,Miami,Heat,MIA,0,0,,,,,,0,0,,,,,
0021500491,138,1,1,2,8:13 PM,8:13,Green 25' 3PT Jump Shot (5 PTS) (Bosh 3 AST),,,20 - 36,16,4,101123,Gerald Green,1610612748.0,Miami,Heat,MIA,4,2547,Chris Bosh,1610612748.0,Miami,Heat,MIA,0,0,,,,,
0021500491,139,1,5,2,8:13 PM,7:53,,,Villanueva 2' Layup (7 PTS) (Barea 4 AST),22 - 36,14,5,101111,Charlie Villanueva,1610612742.0,Dallas,Mavericks,DAL,5,200826,J.J. Barea,1610612742.0,Dallas,Mavericks,DAL,0,0,,,,,
0021500491,140,9,1,2,8:13 PM,7:46,HEAT Timeout: Regular (Full 2 Short 0),,,,,2,1610612748,,,,,,0,0,,,,,,0,0,,,,,
0021500491,142,8,0,2,8:16 PM,7:46,,,SUB: Felton FOR Parsons,,,5,202718,Chandler Parsons,1610612742.0,Dallas,Mavericks,DAL,5,101109,Raymond Felton,1610612742.0,Dallas,Mavericks,DAL,0,0,,,,,
0021500491,143,8,0,2,8:16 PM,7:46,,,SUB: McGee FOR Nowitzki,,,5,1717,Dirk Nowitzki,1610612742.0,Dallas,Mavericks,DAL,5,201580,JaVale McGee,1610612742.0,Dallas,Mavericks,DAL,0,0,,,,,
0021500491,144,8,0,2,8:16 PM,7:46,,,SUB: Matthews FOR Barea,,,5,200826,J.J. Barea,1610612742.0,Dallas,Mavericks,DAL,5,202083,Wesley Matthews,1610612742.0,Dallas,Mavericks,DAL,0,0,,,,,
0021500491,145,8,0,2,8:16 PM,7:46,SUB: Wade FOR Dragic,,,,,4,201609,Goran Dragic,1610612748.0,Miami,Heat,MIA,4,2548,Dwyane Wade,1610612748.0,Miami,Heat,MIA,0,0,,,,,
0021500491,146,8,0,2,8:16 PM,7:46,SUB: Deng FOR Stoudemire,,,,,4,2405,Amar'e Stoudemire,1610612748.0,Miami,Heat,MIA,4,2736,Luol Deng,1610612748.0,Miami,Heat,MIA,0,0,,,,,
0021500491,147,2,1,2,8:16 PM,7:36,MISS Udrih 19' Jump Shot,,,,,4,2757,Beno Udrih,1610612748.0,Miami,Heat,MIA,0,0,,,,,,0,0,,,,,
0021500491,148,4,0,2,8:16 PM,7:35,,,Felton REBOUND (Off:1 Def:1),,,5,101109,Raymond Felton,1610612742.0,Dallas,Mavericks,DAL,0,0,,,,,,0,0,,,,,
0021500491,149,1,52,2,8:16 PM,7:21,,,McGee  Alley Oop Dunk (2 PTS) (Felton 2 AST),24 - 36,12,5,201580,JaVale McGee,1610612742.0,Dallas,Mavericks,DAL,5,101109,Raymond Felton,1610612742.0,Dallas,Mavericks,DAL,0,0,,,,,
0021500491,150,2,42,2,8:17 PM,7:01,MISS Bosh 2' Driving Layup,,McGee BLOCK (1 BLK),,,4,2547,Chris Bosh,1610612748.0,Miami,Heat,MIA,0,0,,,,,,5,201580,JaVale McGee,1610612742.0,Dallas,Mavericks,DAL
0021500491,151,4,0,2,8:17 PM,7:00,,,Matthews REBOUND (Off:0 Def:2),,,5,202083,Wesley Matthews,1610612742.0,Dallas,Mavericks,DAL,0,0,,,,,,0,0,,,,,
0021500491,152,6,1,2,8:17 PM,6:50,Deng P.FOUL (P1.T1) (S.Anderson),,,,,4,2736,Luol Deng,1610612748.0,Miami,Heat,MIA,5,201580,JaVale McGee,1610612742.0,Dallas,Mavericks,DAL,1,0,,,,,
0021500491,153,8,0,2,8:17 PM,6:50,SUB: Whiteside FOR Bosh,,,,,4,2547,Chris Bosh,1610612748.0,Miami,Heat,MIA,4,202355,Hassan Whiteside,1610612748.0,Miami,Heat,MIA,0,0,,,,,
0021500491,154,1,80,2,8:18 PM,6:35,,,D. Williams 25' 3PT Step Back Jump Shot (8 PTS),27 - 36,9,5,101114,Deron Williams,1610612742.0,Dallas,Mavericks,DAL,0,0,,,,,,0,0,,,,,
0021500491,155,1,1,2,8:18 PM,6:19,Green 25' 3PT Jump Shot (8 PTS) (Wade 1 AST),,,27 - 39,12,4,101123,Gerald Green,1610612748.0,Miami,Heat,MIA,4,2548,Dwyane Wade,1610612748.0,Miami,Heat,MIA,0,0,,,,,
0021500491,156,6,2,2,8:18 PM,6:01,Udrih S.FOUL (P1.T2) (S.Anderson),,,,,4,2757,Beno Udrih,1610612748.0,Miami,Heat,MIA,5,101109,Raymond Felton,1610612742.0,Dallas,Mavericks,DAL,1,0,,,,,
0021500491,157,3,11,2,8:18 PM,6:01,,,Felton Free Throw 1 of 2 (1 PTS),28 - 39,11,5,101109,Raymond Felton,1610612742.0,Dallas,Mavericks,DAL,0,0,,,,,,0,0,,,,,
0021500491,159,3,12,2,8:19 PM,6:01,,,Felton Free Throw 2 of 2 (2 PTS),29 - 39,10,5,101109,Raymond Felton,1610612742.0,Dallas,Mavericks,DAL,0,0,,,,,,0,0,,,,,
0021500491,160,2,1,2,8:19 PM,5:47,MISS Green  3PT Jump Shot,,,,,4,101123,Gerald Green,1610612748.0,Miami,Heat,MIA,0,0,,,,,,0,0,,,,,
0021500491,161,4,0,2,8:19 PM,5:46,,,McGee REBOUND (Off:0 Def:1),,,5,201580,JaVale McGee,1610612742.0,Dallas,Mavericks,DAL,0,0,,,,,,0,0,,,,,
0021500491,162,1,42,2,8:19 PM,5:34,,,Villanueva 2' Driving Layup (9 PTS) (D. Williams 2 AST),31 - 39,8,5,101111,Charlie Villanueva,1610612742.0,Dallas,Mavericks,DAL,5,101114,Deron Williams,1610612742.0,Dallas,Mavericks,DAL,0,0,,,,,
0021500491,163,6,2,2,8:20 PM,5:22,,,Villanueva S.FOUL (P1.T2) (D.Jones),,,5,101111,Charlie Villanueva,1610612742.0,Dallas,Mavericks,DAL,4,2736,Luol Deng,1610612748.0,Miami,Heat,MIA,1,0,,,,,
0021500491,164,3,11,2,8:20 PM,5:22,Deng Free Throw 1 of 2 (4 PTS),,,31 - 40,9,4,2736,Luol Deng,1610612748.0,Miami,Heat,MIA,0,0,,,,,,0,0,,,,,
0021500491,167,8,0,2,8:20 PM,5:22,SUB: Johnson FOR Udrih,,,,,4,2757,Beno Udrih,1610612748.0,Miami,Heat,MIA,4,204020,Tyler Johnson,1610612748.0,Miami,Heat,MIA,0,0,,,,,
0021500491,168,3,12,2,8:20 PM,5:22,Deng Free Throw 2 of 2 (5 PTS),,,31 - 41,10,4,2736,Luol Deng,1610612748.0,Miami,Heat,MIA,0,0,,,,,,0,0,,,,,
0021500491,170,2,58,2,8:21 PM,5:05,,,MISS Villanueva 9' Turnaround Hook Shot,,,5,101111,Charlie Villanueva,1610612742.0,Dallas,Mavericks,DAL,0,0,,,,,,0,0,,,,,
0021500491,171,4,0,2,8:21 PM,5:04,Green REBOUND (Off:0 Def:1),,,,,4,101123,Gerald Green,1610612748.0,Miami,Heat,MIA,0,0,,,,,,0,0,,,,,
0021500491,172,2,42,2,8:21 PM,4:48,MISS Wade 2' Driving Layup,,,,,4,2548,Dwyane Wade,1610612748.0,Miami,Heat,MIA,0,0,,,,,,0,0,,,,,
0021500491,173,4,0,2,8:21 PM,4:47,,,Matthews REBOUND (Off:0 Def:3),,,5,202083,Wesley Matthews,1610612742.0,Dallas,Mavericks,DAL,0,0,,,,,,0,0,,,,,
0021500491,174,2,1,2,8:21 PM,4:41,,,MISS D. Williams 26' 3PT Jump Shot,,,5,101114,Deron Williams,1610612742.0,Dallas,Mavericks,DAL,0,0,,,,,,0,0,,,,,
0021500491,175,4,0,2,8:21 PM,4:40,Deng REBOUND (Off:0 Def:2),,,,,4,2736,Luol Deng,1610612748.0,Miami,Heat,MIA,0,0,,,,,,0,0,,,,,
0021500491,176,1,3,2,8:21 PM,4:31,Whiteside 8' Hook Shot (8 PTS) (Wade 2 AST),,,31 - 43,12,4,202355,Hassan Whiteside,1610612748.0,Miami,Heat,MIA,4,2548,Dwyane Wade,1610612748.0,Miami,Heat,MIA,0,0,,,,,
0021500491,177,5,40,2,8:21 PM,4:25,,,Villanueva Out of Bounds Lost Ball Turnover (P1.T4),,,5,101111,Charlie Villanueva,1610612742.0,Dallas,Mavericks,DAL,0,0,,,,,,0,0,,,,,
0021500491,178,2,1,2,8:22 PM,4:08,MISS Green 25' 3PT Jump Shot,,,,,4,101123,Gerald Green,1610612748.0,Miami,Heat,MIA,0,0,,,,,,0,0,,,,,
0021500491,179,4,0,2,8:22 PM,4:07,,,D. Williams REBOUND (Off:0 Def:1),,,5,101114,Deron Williams,1610612742.0,Dallas,Mavericks,DAL,0,0,,,,,,0,0,,,,,
0021500491,180,1,52,2,8:22 PM,3:57,,,McGee  Alley Oop Dunk (4 PTS) (D. Williams 3 AST),33 - 43,10,5,201580,JaVale McGee,1610612742.0,Dallas,Mavericks,DAL,5,101114,Deron Williams,1610612742.0,Dallas,Mavericks,DAL,0,0,,,,,
0021500491,181,2,3,2,8:22 PM,3:40,MISS Green 7' Hook Shot,,,,,4,101123,Gerald Green,1610612748.0,Miami,Heat,MIA,0,0,,,,,,0,0,,,,,
0021500491,182,4,0,2,8:23 PM,3:39,Whiteside REBOUND (Off:2 Def:8),,,,,4,202355,Hassan Whiteside,1610612748.0,Miami,Heat,MIA,0,0,,,,,,0,0,,,,,
0021500491,183,1,97,2,8:23 PM,3:34,Whiteside 1' Tip Layup Shot (10 PTS),,,33 - 45,12,4,202355,Hassan Whiteside,1610612748.0,Miami,Heat,MIA,0,0,,,,,,0,0,,,,,
0021500491,185,8,0,2,8:23 PM,3:25,,,SUB: Pachulia FOR Villanueva,,,5,101111,Charlie Villanueva,1610612742.0,Dallas,Mavericks,DAL,5,2585,Zaza Pachulia,1610612742.0,Dallas,Mavericks,DAL,0,0,,,,,
0021500491,186,8,0,2,8:23 PM,3:25,,,SUB: Nowitzki FOR McGee,,,5,201580,JaVale McGee,1610612742.0,Dallas,Mavericks,DAL,5,1717,Dirk Nowitzki,1610612742.0,Dallas,Mavericks,DAL,0,0,,,,,
0021500491,187,8,0,2,8:23 PM,3:25,SUB: Bosh FOR Green,,,,,4,101123,Gerald Green,1610612748.0,Miami,Heat,MIA,4,2547,Chris Bosh,1610612748.0,Miami,Heat,MIA,0,0,,,,,
0021500491,188,1,5,2,8:23 PM,3:18,,,Pachulia 2' Layup (6 PTS) (Nowitzki 1 AST),35 - 45,10,5,2585,Zaza Pachulia,1610612742.0,Dallas,Mavericks,DAL,5,1717,Dirk Nowitzki,1610612742.0,Dallas,Mavericks,DAL,0,0,,,,,
0021500491,189,6,2,2,8:23 PM,3:18,Wade S.FOUL (P1.T3) (S.Anderson),,,,,4,2548,Dwyane Wade,1610612748.0,Miami,Heat,MIA,5,2585,Zaza Pachulia,1610612742.0,Dallas,Mavericks,DAL,1,0,,,,,
0021500491,190,8,0,2,8:24 PM,3:18,,,SUB: Parsons FOR D. Williams,,,5,101114,Deron Williams,1610612742.0,Dallas,Mavericks,DAL,5,202718,Chandler Parsons,1610612742.0,Dallas,Mavericks,DAL,0,0,,,,,
0021500491,191,3,10,2,8:24 PM,3:18,,,MISS Pachulia Free Throw 1 of 1,,,5,2585,Zaza Pachulia,1610612742.0,Dallas,Mavericks,DAL,0,0,,,,,,0,0,,,,,
0021500491,193,4,0,2,8:24 PM,3:17,Whiteside REBOUND (Off:2 Def:9),,,,,4,202355,Hassan Whiteside,1610612748.0,Miami,Heat,MIA,0,0,,,,,,0,0,,,,,
0021500491,194,1,58,2,8:24 PM,3:02,Wade 8' Turnaround Hook Shot (2 PTS),,,35 - 47,12,4,2548,Dwyane Wade,1610612748.0,Miami,Heat,MIA,0,0,,,,,,0,0,,,,,
0021500491,195,1,1,2,8:24 PM,2:50,,,Matthews 26' 3PT Jump Shot (3 PTS) (Felton 3 AST),38 - 47,9,5,202083,Wesley Matthews,1610612742.0,Dallas,Mavericks,DAL,5,101109,Raymond Felton,1610612742.0,Dallas,Mavericks,DAL,0,0,,,,,
0021500491,196,6,1,2,8:25 PM,2:34,,,Pachulia P.FOUL (P1.T3) (S.Anderson),,,5,2585,Zaza Pachulia,1610612742.0,Dallas,Mavericks,DAL,4,2547,Chris Bosh,1610612748.0,Miami,Heat,MIA,1,0,,,,,
0021500491,197,9,4,2,8:25 PM,2:34,,,,,,1,0,,,,,,0,0,,,,,,0,0,,,,,
0021500491,199,8,0,2,8:27 PM,2:34,,,SUB: Barea FOR Felton,,,5,101109,Raymond Felton,1610612742.0,Dallas,Mavericks,DAL,5,200826,J.J. Barea,1610612742.0,Dallas,Mavericks,DAL,0,0,,,,,
0021500491,200,8,0,2,8:27 PM,2:34,SUB: Dragic FOR Johnson,,,,,4,204020,Tyler Johnson,1610612748.0,Miami,Heat,MIA,4,201609,Goran Dragic,1610612748.0,Miami,Heat,MIA,0,0,,,,,
0021500491,201,1,63,2,8:27 PM,2:24,Whiteside 17' Fadeaway Jumper (12 PTS) (Dragic 5 AST),,,38 - 49,11,4,202355,Hassan Whiteside,1610612748.0,Miami,Heat,MIA,4,201609,Goran Dragic,1610612748.0,Miami,Heat,MIA,0,0,,,,,
0021500491,203,6,1,2,8:28 PM,2:01,Deng P.FOUL (P2.T4) (S.Foster),,,,,4,2736,Luol Deng,1610612748.0,Miami,Heat,MIA,5,202718,Chandler Parsons,1610612742.0,Dallas,Mavericks,DAL,1,0,,,,,
0021500491,204,1,75,2,8:28 PM,1:56,,,Parsons 3' Driving Finger Roll Layup (2 PTS),40 - 49,9,5,202718,Chandler Parsons,1610612742.0,Dallas,Mavericks,DAL,0,0,,,,,,0,0,,,,,
0021500491,205,1,43,2,8:29 PM,1:33,Whiteside 1' Alley Oop Layup (14 PTS) (Wade 3 AST),,,40 - 51,11,4,202355,Hassan Whiteside,1610612748.0,Miami,Heat,MIA,4,2548,Dwyane Wade,1610612748.0,Miami,Heat,MIA,0,0,,,,,
0021500491,206,2,73,2,8:29 PM,1:20,,,MISS Parsons 2' Driving Reverse Layup,,,5,202718,Chandler Parsons,1610612742.0,Dallas,Mavericks,DAL,0,0,,,,,,0,0,,,,,
0021500491,207,4,0,2,8:29 PM,1:19,Whiteside REBOUND (Off:2 Def:10),,,,,4,202355,Hassan Whiteside,1610612748.0,Miami,Heat,MIA,0,0,,,,,,0,0,,,,,
0021500491,208,1,1,2,8:29 PM,1:09,Bosh 25' 3PT Jump Shot (9 PTS) (Wade 4 AST),,,40 - 54,14,4,2547,Chris Bosh,1610612748.0,Miami,Heat,MIA,4,2548,Dwyane Wade,1610612748.0,Miami,Heat,MIA,0,0,,,,,
0021500491,209,1,1,2,8:29 PM,0:47,,,Matthews 25' 3PT Jump Shot (6 PTS) (Parsons 2 AST),43 - 54,11,5,202083,Wesley Matthews,1610612742.0,Dallas,Mavericks,DAL,5,202718,Chandler Parsons,1610612742.0,Dallas,Mavericks,DAL,0,0,,,,,
0021500491,210,2,1,2,8:30 PM,0:33,MISS Dragic 18' Jump Shot,,,,,4,201609,Goran Dragic,1610612748.0,Miami,Heat,MIA,0,0,,,,,,0,0,,,,,
0021500491,211,4,0,2,8:30 PM,0:32,Whiteside REBOUND (Off:3 Def:10),,,,,4,202355,Hassan Whiteside,1610612748.0,Miami,Heat,MIA,0,0,,,,,,0,0,,,,,
0021500491,212,1,5,2,8:30 PM,0:31,Whiteside 1' Layup (16 PTS),,,43 - 56,13,4,202355,Hassan Whiteside,1610612748.0,Miami,Heat,MIA,0,0,,,,,,0,0,,,,,
0021500491,213,6,2,2,8:30 PM,0:21,Whiteside S.FOUL (P1.PN) (S.Foster),,,,,4,202355,Hassan Whiteside,1610612748.0,Miami,Heat,MIA,5,2585,Zaza Pachulia,1610612742.0,Dallas,Mavericks,DAL,1,0,,,,,
0021500491,214,3,11,2,8:30 PM,0:21,,,Pachulia Free Throw 1 of 2 (7 PTS),44 - 56,12,5,2585,Zaza Pachulia,1610612742.0,Dallas,Mavericks,DAL,0,0,,,,,,0,0,,,,,
0021500491,216,8,0,2,8:31 PM,0:21,,,SUB: Powell FOR Nowitzki,,,5,1717,Dirk Nowitzki,1610612742.0,Dallas,Mavericks,DAL,5,203939,Dwight Powell,1610612742.0,Dallas,Mavericks,DAL,0,0,,,,,
0021500491,217,8,0,2,8:31 PM,0:21,,,SUB: Felton FOR Barea,,,5,200826,J.J. Barea,1610612742.0,Dallas,Mavericks,DAL,5,101109,Raymond Felton,1610612742.0,Dallas,Mavericks,DAL,0,0,,,,,
0021500491,218,8,0,2,8:31 PM,0:21,SUB: Johnson FOR Deng,,,,,4,2736,Luol Deng,1610612748.0,Miami,Heat,MIA,4,204020,Tyler Johnson,1610612748.0,Miami,Heat,MIA,0,0,,,,,
0021500491,219,3,12,2,8:31 PM,0:21,,,Pachulia Free Throw 2 of 2 (8 PTS),45 - 56,11,5,2585,Zaza Pachulia,1610612742.0,Dallas,Mavericks,DAL,0,0,,,,,,0,0,,,,,
0021500491,221,9,2,2,8:31 PM,0:17,HEAT Timeout: Short (Full 2 Short 1),,,,,2,1610612748,,,,,,0,0,,,,,,0,0,,,,,
0021500491,224,8,0,2,8:32 PM,0:17,SUB: Green FOR Johnson,,,,,4,204020,Tyler Johnson,1610612748.0,Miami,Heat,MIA,4,101123,Gerald Green,1610612748.0,Miami,Heat,MIA,0,0,,,,,
0021500491,225,1,7,2,8:33 PM,0:05,Whiteside  Dunk (18 PTS) (Wade 5 AST),,,45 - 58,13,4,202355,Hassan Whiteside,1610612748.0,Miami,Heat,MIA,4,2548,Dwyane Wade,1610612748.0,Miami,Heat,MIA,0,0,,,,,
0021500491,226,7,5,2,8:33 PM,0:03,Dragic Violation:Kicked Ball (S.Foster),,,,,4,201609,Goran Dragic,1610612748.0,Miami,Heat,MIA,0,0,,,,,,1,0,,,,,
0021500491,227,8,0,2,8:33 PM,0:03,,,SUB: Villanueva FOR Powell,,,5,203939,Dwight Powell,1610612742.0,Dallas,Mavericks,DAL,5,101111,Charlie Villanueva,1610612742.0,Dallas,Mavericks,DAL,0,0,,,,,
0021500491,228,8,0,2,8:33 PM,0:03,,,SUB: D. Williams FOR Parsons,,,5,202718,Chandler Parsons,1610612742.0,Dallas,Mavericks,DAL,5,101114,Deron Williams,1610612742.0,Dallas,Mavericks,DAL,0,0,,,,,
0021500491,229,8,0,2,8:34 PM,0:03,,,SUB: McGee FOR Pachulia,,,5,2585,Zaza Pachulia,1610612742.0,Dallas,Mavericks,DAL,5,201580,JaVale McGee,1610612742.0,Dallas,Mavericks,DAL,0,0,,,,,
0021500491,230,2,1,2,8:34 PM,0:00,,,MISS Villanueva 30' 3PT Jump Shot,,,5,101111,Charlie Villanueva,1610612742.0,Dallas,Mavericks,DAL,0,0,,,,,,0,0,,,,,
0021500491,231,4,0,2,8:34 PM,0:00,,,Mavericks Rebound,,,3,1610612742,,,,,,0,0,,,,,,0,0,,,,,
0021500491,232,13,0,2,8:34 PM,0:00,,,,45 - 58,13,0,0,,,,,,0,0,,,,,,0,0,,,,,
0021500491,235,12,0,3,8:50 PM,12:00,,,,45 - 58,13,0,0,,,,,,0,0,,,,,,0,0,,,,,
0021500491,236,5,1,3,8:50 PM,11:42,Wade STEAL (1 STL),,Barea Bad Pass Turnover (P2.T5),,,5,200826,J.J. Barea,1610612742.0,Dallas,Mavericks,DAL,4,2548,Dwyane Wade,1610612748.0,Miami,Heat,MIA,0,0,,,,,
0021500491,237,1,98,3,8:50 PM,11:37,Deng 1' Cutting Layup Shot (7 PTS) (Wade 6 AST),,,45 - 60,15,4,2736,Luol Deng,1610612748.0,Miami,Heat,MIA,4,2548,Dwyane Wade,1610612748.0,Miami,Heat,MIA,0,0,,,,,
0021500491,238,2,1,3,8:50 PM,11:24,,,MISS Nowitzki 24' 3PT Jump Shot,,,5,1717,Dirk Nowitzki,1610612742.0,Dallas,Mavericks,DAL,0,0,,,,,,0,0,,,,,
0021500491,239,4,0,3,8:50 PM,11:23,Whiteside REBOUND (Off:3 Def:11),,,,,4,202355,Hassan Whiteside,1610612748.0,Miami,Heat,MIA,0,0,,,,,,0,0,,,,,
0021500491,240,2,1,3,8:51 PM,11:07,MISS Bosh  3PT Jump Shot,,,,,4,2547,Chris Bosh,1610612748.0,Miami,Heat,MIA,0,0,,,,,,0,0,,,,,
0021500491,241,4,0,3,8:51 PM,11:06,,,Pachulia REBOUND (Off:1 Def:7),,,5,2585,Zaza Pachulia,1610612742.0,Dallas,Mavericks,DAL,0,0,,,,,,0,0,,,,,
0021500491,242,2,1,3,8:51 PM,10:50,,,MISS Barea 8' Jump Shot,,,5,200826,J.J. Barea,1610612742.0,Dallas,Mavericks,DAL,0,0,,,,,,0,0,,,,,
0021500491,243,4,0,3,8:51 PM,10:49,Dragic REBOUND (Off:0 Def:2),,,,,4,201609,Goran Dragic,1610612748.0,Miami,Heat,MIA,0,0,,,,,,0,0,,,,,
0021500491,244,5,1,3,8:51 PM,10:42,Dragic Bad Pass Turnover (P1.T4),,Nowitzki STEAL (1 STL),,,4,201609,Goran Dragic,1610612748.0,Miami,Heat,MIA,5,1717,Dirk Nowitzki,1610612742.0,Dallas,Mavericks,DAL,0,0,,,,,
0021500491,245,2,42,3,8:51 PM,10:31,,,MISS Parsons 1' Driving Layup,,,5,202718,Chandler Parsons,1610612742.0,Dallas,Mavericks,DAL,0,0,,,,,,0,0,,,,,
0021500491,246,4,0,3,8:51 PM,10:30,,,Pachulia REBOUND (Off:2 Def:7),,,5,2585,Zaza Pachulia,1610612742.0,Dallas,Mavericks,DAL,0,0,,,,,,0,0,,,,,
0021500491,247,2,97,3,8:51 PM,10:28,,,MISS Pachulia 1' Tip Layup Shot,,,5,2585,Zaza Pachulia,1610612742.0,Dallas,Mavericks,DAL,0,0,,,,,,0,0,,,,,
0021500491,248,4,0,3,8:51 PM,10:27,Bosh REBOUND (Off:1 Def:2),,,,,4,2547,Chris Bosh,1610612748.0,Miami,Heat,MIA,0,0,,,,,,0,0,,,,,
0021500491,249,1,1,3,8:51 PM,10:11,Bosh 20' Jump Shot (11 PTS) (Dragic 6 AST),,,45 - 62,17,4,2547,Chris Bosh,1610612748.0,Miami,Heat,MIA,4,201609,Goran Dragic,1610612748.0,Miami,Heat,MIA,0,0,,,,,
0021500491,250,5,40,3,8:52 PM,9:48,,,Pachulia Out of Bounds Lost Ball Turnover (P2.T6),,,5,2585,Zaza Pachulia,1610612742.0,Dallas,Mavericks,DAL,0,0,,,,,,0,0,,,,,
0021500491,251,9,2,3,8:52 PM,9:48,,,Mavericks Timeout: Short (Reg.2 Short 2),,,3,1610612742,,,,,,0,0,,,,,,0,0,,,,,
0021500491,255,2,52,3,8:53 PM,9:35,MISS Whiteside  Alley Oop Dunk,,,,,4,202355,Hassan Whiteside,1610612748.0,Miami,Heat,MIA,0,0,,,,,,0,0,,,,,
0021500491,256,4,0,3,8:53 PM,9:34,,,Pachulia REBOUND (Off:2 Def:8),,,5,2585,Zaza Pachulia,1610612742.0,Dallas,Mavericks,DAL,0,0,,,,,,0,0,,,,,
0021500491,257,1,42,3,8:53 PM,9:28,,,Barea 1' Driving Layup (4 PTS),47 - 62,15,5,200826,J.J. Barea,1610612742.0,Dallas,Mavericks,DAL,0,0,,,,,,0,0,,,,,
0021500491,258,6,4,3,8:54 PM,9:19,Bosh OFF.Foul (P1) (S.Foster),,,,,4,2547,Chris Bosh,1610612748.0,Miami,Heat,MIA,5,200826,J.J. Barea,1610612742.0,Dallas,Mavericks,DAL,1,0,,,,,
0021500491,259,5,5,3,8:54 PM,9:19,Bosh Foul Turnover (P1.T5),,,,,4,2547,Chris Bosh,1610612748.0,Miami,Heat,MIA,0,0,,,,,,1,0,,,,,
0021500491,260,2,1,3,8:54 PM,9:05,,,MISS Nowitzki 17' Jump Shot,,,5,1717,Dirk Nowitzki,1610612742.0,Dallas,Mavericks,DAL,0,0,,,,,,0,0,,,,,
0021500491,261,4,0,3,8:54 PM,9:04,,,Pachulia REBOUND (Off:3 Def:8),,,5,2585,Zaza Pachulia,1610612742.0,Dallas,Mavericks,DAL,0,0,,,,,,0,0,,,,,
0021500491,262,2,1,3,8:54 PM,8:59,,,MISS Barea 24' 3PT Jump Shot,,,5,200826,J.J. Barea,1610612742.0,Dallas,Mavericks,DAL,0,0,,,,,,0,0,,,,,
0021500491,263,4,0,3,8:54 PM,8:58,Wade REBOUND (Off:0 Def:1),,,,,4,2548,Dwyane Wade,1610612748.0,Miami,Heat,MIA,0,0,,,,,,0,0,,,,,
0021500491,264,2,1,3,8:54 PM,8:42,MISS Deng 20' Jump Shot,,,,,4,2736,Luol Deng,1610612748.0,Miami,Heat,MIA,0,0,,,,,,0,0,,,,,
0021500491,265,4,0,3,8:54 PM,8:41,,,Pachulia REBOUND (Off:3 Def:9),,,5,2585,Zaza Pachulia,1610612742.0,Dallas,Mavericks,DAL,0,0,,,,,,0,0,,,,,
0021500491,266,1,1,3,8:55 PM,8:31,,,Pachulia 14' Jump Shot (10 PTS) (Matthews 1 AST),49 - 62,13,5,2585,Zaza Pachulia,1610612742.0,Dallas,Mavericks,DAL,5,202083,Wesley Matthews,1610612742.0,Dallas,Mavericks,DAL,0,0,,,,,
0021500491,267,2,1,3,8:55 PM,8:16,MISS Dragic 26' 3PT Jump Shot,,,,,4,201609,Goran Dragic,1610612748.0,Miami,Heat,MIA,0,0,,,,,,0,0,,,,,
0021500491,268,4,0,3,8:55 PM,8:15,,,Parsons REBOUND (Off:1 Def:2),,,5,202718,Chandler Parsons,1610612742.0,Dallas,Mavericks,DAL,0,0,,,,,,0,0,,,,,
0021500491,269,1,1,3,8:55 PM,8:05,,,Nowitzki 18' Jump Shot (6 PTS) (Parsons 3 AST),51 - 62,11,5,1717,Dirk Nowitzki,1610612742.0,Dallas,Mavericks,DAL,5,202718,Chandler Parsons,1610612742.0,Dallas,Mavericks,DAL,0,0,,,,,
0021500491,270,9,1,3,8:55 PM,7:56,HEAT Timeout: Regular (Full 3 Short 1),,,,,2,1610612748,,,,,,0,0,,,,,,0,0,,,,,
0021500491,274,1,5,3,8:58 PM,7:45,Whiteside 1' Layup (20 PTS) (Wade 7 AST),,,51 - 64,13,4,202355,Hassan Whiteside,1610612748.0,Miami,Heat,MIA,4,2548,Dwyane Wade,1610612748.0,Miami,Heat,MIA,0,0,,,,,
0021500491,275,1,7,3,8:58 PM,7:26,,,Pachulia  Dunk (12 PTS) (Barea 5 AST),53 - 64,11,5,2585,Zaza Pachulia,1610612742.0,Dallas,Mavericks,DAL,5,200826,J.J. Barea,1610612742.0,Dallas,Mavericks,DAL,0,0,,,,,
0021500491,276,1,1,3,8:59 PM,7:02,Wade 19' Jump Shot (4 PTS) (Dragic 7 AST),,,53 - 66,13,4,2548,Dwyane Wade,1610612748.0,Miami,Heat,MIA,4,201609,Goran Dragic,1610612748.0,Miami,Heat,MIA,0,0,,,,,
0021500491,277,2,1,3,8:59 PM,6:38,,,MISS Nowitzki 16' Jump Shot,,,5,1717,Dirk Nowitzki,1610612742.0,Dallas,Mavericks,DAL,0,0,,,,,,0,0,,,,,
0021500491,278,4,0,3,8:59 PM,6:37,Wade REBOUND (Off:0 Def:2),,,,,4,2548,Dwyane Wade,1610612748.0,Miami,Heat,MIA,0,0,,,,,,0,0,,,,,
0021500491,279,1,1,3,8:59 PM,6:14,Deng 18' Jump Shot (9 PTS),,,53 - 68,15,4,2736,Luol Deng,1610612748.0,Miami,Heat,MIA,0,0,,,,,,0,0,,,,,
0021500491,280,2,1,3,9:00 PM,5:54,,,MISS Nowitzki 17' Jump Shot,,,5,1717,Dirk Nowitzki,1610612742.0,Dallas,Mavericks,DAL,0,0,,,,,,0,0,,,,,
0021500491,281,4,0,3,9:00 PM,5:53,Bosh REBOUND (Off:1 Def:3),,,,,4,2547,Chris Bosh,1610612748.0,Miami,Heat,MIA,0,0,,,,,,0,0,,,,,
0021500491,282,1,55,3,9:00 PM,5:40,Whiteside 5' Hook Shot (22 PTS) (Bosh 4 AST),,,53 - 70,17,4,202355,Hassan Whiteside,1610612748.0,Miami,Heat,MIA,4,2547,Chris Bosh,1610612748.0,Miami,Heat,MIA,0,0,,,,,
0021500491,283,9,1,3,9:00 PM,5:40,,,Mavericks Timeout: Regular (Reg.3 Short 2),,,3,1610612742,,,,,,0,0,,,,,,0,0,,,,,
0021500491,285,8,0,3,9:02 PM,5:40,,,SUB: Villanueva FOR Parsons,,,5,202718,Chandler Parsons,1610612742.0,Dallas,Mavericks,DAL,5,101111,Charlie Villanueva,1610612742.0,Dallas,Mavericks,DAL,0,0,,,,,
0021500491,286,8,0,3,9:02 PM,5:40,,,SUB: D. Williams FOR Nowitzki,,,5,1717,Dirk Nowitzki,1610612742.0,Dallas,Mavericks,DAL,5,101114,Deron Williams,1610612742.0,Dallas,Mavericks,DAL,0,0,,,,,
0021500491,287,8,0,3,9:02 PM,5:40,,,SUB: McGee FOR Pachulia,,,5,2585,Zaza Pachulia,1610612742.0,Dallas,Mavericks,DAL,5,201580,JaVale McGee,1610612742.0,Dallas,Mavericks,DAL,0,0,,,,,
0021500491,288,8,0,3,9:02 PM,5:40,,,SUB: Felton FOR Barea,,,5,200826,J.J. Barea,1610612742.0,Dallas,Mavericks,DAL,5,101109,Raymond Felton,1610612742.0,Dallas,Mavericks,DAL,0,0,,,,,
0021500491,289,8,0,3,9:02 PM,5:40,SUB: Green FOR Bosh,,,,,4,2547,Chris Bosh,1610612748.0,Miami,Heat,MIA,4,101123,Gerald Green,1610612748.0,Miami,Heat,MIA,0,0,,,,,
0021500491,290,1,1,3,9:03 PM,5:18,,,Matthews 25' 3PT Jump Shot (9 PTS) (Felton 4 AST),56 - 70,14,5,202083,Wesley Matthews,1610612742.0,Dallas,Mavericks,DAL,5,101109,Raymond Felton,1610612742.0,Dallas,Mavericks,DAL,0,0,,,,,
0021500491,291,1,47,3,9:03 PM,4:58,Dragic 16' Turnaround Jump Shot (13 PTS),,,56 - 72,16,4,201609,Goran Dragic,1610612748.0,Miami,Heat,MIA,0,0,,,,,,0,0,,,,,
0021500491,292,5,45,3,9:03 PM,4:47,,,Villanueva Out of Bounds - Bad Pass Turnover Turnover (P2.T7),,,5,101111,Charlie Villanueva,1610612742.0,Dallas,Mavericks,DAL,0,0,,,,,,0,0,,,,,
0021500491,293,6,4,3,9:04 PM,4:36,Whiteside OFF.Foul (P2) (S.Foster),,,,,4,202355,Hassan Whiteside,1610612748.0,Miami,Heat,MIA,5,201580,JaVale McGee,1610612742.0,Dallas,Mavericks,DAL,1,0,,,,,
0021500491,294,5,5,3,9:04 PM,4:36,Whiteside Foul Turnover (P2.T6),,,,,4,202355,Hassan Whiteside,1610612748.0,Miami,Heat,MIA,0,0,,,,,,1,0,,,,,
0021500491,295,6,1,3,9:04 PM,4:28,Whiteside P.FOUL (P3.T1) (S.Anderson),,,,,4,202355,Hassan Whiteside,1610612748.0,Miami,Heat,MIA,5,101109,Raymond Felton,1610612742.0,Dallas,Mavericks,DAL,1,0,,,,,
0021500491,296,2,1,3,9:04 PM,4:20,,,MISS Felton 25' 3PT Jump Shot,,,5,101109,Raymond Felton,1610612742.0,Dallas,Mavericks,DAL,0,0,,,,,,0,0,,,,,
0021500491,297,4,0,3,9:05 PM,4:19,Green REBOUND (Off:0 Def:2),,,,,4,101123,Gerald Green,1610612748.0,Miami,Heat,MIA,0,0,,,,,,0,0,,,,,
0021500491,298,2,1,3,9:05 PM,4:03,MISS Deng 25' 3PT Jump Shot,,,,,4,2736,Luol Deng,1610612748.0,Miami,Heat,MIA,0,0,,,,,,0,0,,,,,
0021500491,299,4,0,3,9:05 PM,4:02,,,Matthews REBOUND (Off:0 Def:4),,,5,202083,Wesley Matthews,1610612742.0,Dallas,Mavericks,DAL,0,0,,,,,,0,0,,,,,
0021500491,300,2,41,3,9:05 PM,3:56,,,MISS Matthews 2' Running Layup,,,5,202083,Wesley Matthews,1610612742.0,Dallas,Mavericks,DAL,0,0,,,,,,0,0,,,,,
0021500491,301,4,0,3,9:05 PM,3:55,Whiteside REBOUND (Off:3 Def:12),,,,,4,202355,Hassan Whiteside,1610612748.0,Miami,Heat,MIA,0,0,,,,,,0,0,,,,,
0021500491,302,1,5,3,9:05 PM,3:46,Wade 1' Layup (6 PTS) (Green 1 AST),,,56 - 74,18,4,2548,Dwyane Wade,1610612748.0,Miami,Heat,MIA,4,101123,Gerald Green,1610612748.0,Miami,Heat,MIA,0,0,,,,,
0021500491,303,9,1,3,9:05 PM,3:41,,,Mavericks Timeout: Regular (Reg.4 Short 2),,,3,1610612742,,,,,,0,0,,,,,,0,0,,,,,
0021500491,305,8,0,3,9:07 PM,3:41,,,SUB: Jenkins FOR Matthews,,,5,202083,Wesley Matthews,1610612742.0,Dallas,Mavericks,DAL,5,203098,John Jenkins,1610612742.0,Dallas,Mavericks,DAL,0,0,,,,,
0021500491,307,2,75,3,9:07 PM,3:33,,,MISS D. Williams 2' Driving Finger Roll Layup,,,5,101114,Deron Williams,1610612742.0,Dallas,Mavericks,DAL,0,0,,,,,,0,0,,,,,
0021500491,308,4,0,3,9:07 PM,3:32,Dragic REBOUND (Off:0 Def:3),,,,,4,201609,Goran Dragic,1610612748.0,Miami,Heat,MIA,0,0,,,,,,0,0,,,,,
0021500491,309,5,1,3,9:08 PM,3:23,Wade Bad Pass Turnover (P1.T7),,McGee STEAL (1 STL),,,4,2548,Dwyane Wade,1610612748.0,Miami,Heat,MIA,5,201580,JaVale McGee,1610612742.0,Dallas,Mavericks,DAL,0,0,,,,,
0021500491,310,6,1,3,9:08 PM,3:21,Dragic P.FOUL (P1.T2) (D.Jones),,,,,4,201609,Goran Dragic,1610612748.0,Miami,Heat,MIA,5,203098,John Jenkins,1610612742.0,Dallas,Mavericks,DAL,1,0,,,,,
0021500491,311,5,1,3,9:08 PM,3:11,Dragic STEAL (3 STL),,Jenkins Bad Pass Turnover (P1.T8),,,5,203098,John Jenkins,1610612742.0,Dallas,Mavericks,DAL,4,201609,Goran Dragic,1610612748.0,Miami,Heat,MIA,0,0,,,,,
0021500491,312,2,43,3,9:08 PM,3:06,MISS Green 1' Alley Oop Layup,,,,,4,101123,Gerald Green,1610612748.0,Miami,Heat,MIA,0,0,,,,,,0,0,,,,,
0021500491,313,4,0,3,9:08 PM,3:05,,,Felton REBOUND (Off:1 Def:2),,,5,101109,Raymond Felton,1610612742.0,Dallas,Mavericks,DAL,0,0,,,,,,0,0,,,,,
0021500491,314,2,1,3,9:08 PM,3:00,,,MISS Jenkins 24' 3PT Jump Shot,,,5,203098,John Jenkins,1610612742.0,Dallas,Mavericks,DAL,0,0,,,,,,0,0,,,,,
0021500491,315,4,0,3,9:08 PM,2:59,,,McGee REBOUND (Off:1 Def:1),,,5,201580,JaVale McGee,1610612742.0,Dallas,Mavericks,DAL,0,0,,,,,,0,0,,,,,
0021500491,316,2,3,3,9:08 PM,2:55,,,MISS McGee 11' Hook Shot,,,5,201580,JaVale McGee,1610612742.0,Dallas,Mavericks,DAL,0,0,,,,,,0,0,,,,,
0021500491,317,4,0,3,9:08 PM,2:54,Deng REBOUND (Off:0 Def:3),,,,,4,2736,Luol Deng,1610612748.0,Miami,Heat,MIA,0,0,,,,,,0,0,,,,,
0021500491,318,1,41,3,9:08 PM,2:50,Dragic 1' Running Layup (15 PTS),,,56 - 76,20,4,201609,Goran Dragic,1610612748.0,Miami,Heat,MIA,0,0,,,,,,0,0,,,,,
0021500491,320,1,1,3,9:09 PM,2:32,,,McGee 17' Jump Shot (6 PTS) (D. Williams 4 AST),58 - 76,18,5,201580,JaVale McGee,1610612742.0,Dallas,Mavericks,DAL,5,101114,Deron Williams,1610612742.0,Dallas,Mavericks,DAL,0,0,,,,,
0021500491,321,1,47,3,9:09 PM,2:10,Wade 16' Turnaround Jump Shot (8 PTS),,,58 - 78,20,4,2548,Dwyane Wade,1610612748.0,Miami,Heat,MIA,0,0,,,,,,0,0,,,,,
0021500491,322,6,2,3,9:09 PM,2:03,Whiteside S.FOUL (P4.T3) (S.Anderson),,,,,4,202355,Hassan Whiteside,1610612748.0,Miami,Heat,MIA,5,101114,Deron Williams,1610612742.0,Dallas,Mavericks,DAL,1,0,,,,,
0021500491,323,3,11,3,9:10 PM,2:03,,,D. Williams Free Throw 1 of 2 (9 PTS),59 - 78,19,5,101114,Deron Williams,1610612742.0,Dallas,Mavericks,DAL,0,0,,,,,,0,0,,,,,
0021500491,325,8,0,3,9:10 PM,2:03,SUB: Bosh FOR Whiteside,,,,,4,202355,Hassan Whiteside,1610612748.0,Miami,Heat,MIA,4,2547,Chris Bosh,1610612748.0,Miami,Heat,MIA,0,0,,,,,
0021500491,326,3,12,3,9:10 PM,2:03,,,MISS D. Williams Free Throw 2 of 2,,,5,101114,Deron Williams,1610612742.0,Dallas,Mavericks,DAL,0,0,,,,,,0,0,,,,,
0021500491,328,4,0,3,9:10 PM,2:02,Bosh REBOUND (Off:1 Def:4),,,,,4,2547,Chris Bosh,1610612748.0,Miami,Heat,MIA,0,0,,,,,,0,0,,,,,
0021500491,329,1,86,3,9:11 PM,1:42,Wade 20' Turnaround Fadeaway (10 PTS),,,59 - 80,21,4,2548,Dwyane Wade,1610612748.0,Miami,Heat,MIA,0,0,,,,,,0,0,,,,,
0021500491,330,1,98,3,9:11 PM,1:26,,,Jenkins 2' Cutting Layup Shot (2 PTS) (D. Williams 5 AST),61 - 80,19,5,203098,John Jenkins,1610612742.0,Dallas,Mavericks,DAL,5,101114,Deron Williams,1610612742.0,Dallas,Mavericks,DAL,0,0,,,,,
0021500491,331,5,1,3,9:11 PM,1:02,Wade Bad Pass Turnover (P2.T8),,Jenkins STEAL (1 STL),,,4,2548,Dwyane Wade,1610612748.0,Miami,Heat,MIA,5,203098,John Jenkins,1610612742.0,Dallas,Mavericks,DAL,0,0,,,,,
0021500491,332,6,1,3,9:11 PM,0:59,Dragic P.FOUL (P2.T4) (D.Jones),,,,,4,201609,Goran Dragic,1610612748.0,Miami,Heat,MIA,5,203098,John Jenkins,1610612742.0,Dallas,Mavericks,DAL,1,0,,,,,
0021500491,333,8,0,3,9:11 PM,0:59,SUB: Johnson FOR Dragic,,,,,4,201609,Goran Dragic,1610612748.0,Miami,Heat,MIA,4,204020,Tyler Johnson,1610612748.0,Miami,Heat,MIA,0,0,,,,,
0021500491,334,8,0,3,9:12 PM,0:59,SUB: Udrih FOR Wade,,,,,4,2548,Dwyane Wade,1610612748.0,Miami,Heat,MIA,4,2757,Beno Udrih,1610612748.0,Miami,Heat,MIA,0,0,,,,,
0021500491,335,2,3,3,9:12 PM,0:48,,,MISS McGee 6' Hook Shot,,,5,201580,JaVale McGee,1610612742.0,Dallas,Mavericks,DAL,0,0,,,,,,0,0,,,,,
0021500491,336,4,0,3,9:12 PM,0:47,Deng REBOUND (Off:0 Def:4),,,,,4,2736,Luol Deng,1610612748.0,Miami,Heat,MIA,0,0,,,,,,0,0,,,,,
0021500491,337,2,66,3,9:12 PM,0:37,MISS Bosh 11' Jump Bank Shot,,,,,4,2547,Chris Bosh,1610612748.0,Miami,Heat,MIA,0,0,,,,,,0,0,,,,,
0021500491,338,4,0,3,9:12 PM,0:36,HEAT Rebound,,,,,2,1610612748,,,,,,0,0,,,,,,0,0,,,,,
0021500491,339,8,0,3,9:12 PM,0:36,,,SUB: Powell FOR McGee,,,5,201580,JaVale McGee,1610612742.0,Dallas,Mavericks,DAL,5,203939,Dwight Powell,1610612742.0,Dallas,Mavericks,DAL,0,0,,,,,
0021500491,340,2,63,3,9:13 PM,0:19,MISS Johnson 17' Fadeaway Jumper,,,,,4,204020,Tyler Johnson,1610612748.0,Miami,Heat,MIA,0,0,,,,,,0,0,,,,,
0021500491,341,4,0,3,9:13 PM,0:18,,,Jenkins REBOUND (Off:0 Def:1),,,5,203098,John Jenkins,1610612742.0,Dallas,Mavericks,DAL,0,0,,,,,,0,0,,,,,
0021500491,342,2,1,3,9:13 PM,0:02,,,MISS D. Williams 25' 3PT Jump Shot,,,5,101114,Deron Williams,1610612742.0,Dallas,Mavericks,DAL,0,0,,,,,,0,0,,,,,
0021500491,343,4,0,3,9:13 PM,0:01,,,Powell REBOUND (Off:3 Def:0),,,5,203939,Dwight Powell,1610612742.0,Dallas,Mavericks,DAL,0,0,,,,,,0,0,,,,,
0021500491,344,2,1,3,9:13 PM,0:01,,,MISS Powell 16' Jump Shot,,,5,203939,Dwight Powell,1610612742.0,Dallas,Mavericks,DAL,0,0,,,,,,0,0,,,,,
0021500491,345,4,0,3,9:13 PM,0:00,,,Mavericks Rebound,,,3,1610612742,,,,,,0,0,,,,,,0,0,,,,,
0021500491,346,13,0,3,9:13 PM,0:00,,,,61 - 80,19,0,0,,,,,,0,0,,,,,,0,0,,,,,
0021500491,348,12,0,4,9:16 PM,12:00,,,,61 - 80,19,0,0,,,,,,0,0,,,,,,0,0,,,,,
0021500491,349,2,1,4,9:16 PM,11:40,MISS Bosh 19' Jump Shot,,,,,4,2547,Chris Bosh,1610612748.0,Miami,Heat,MIA,0,0,,,,,,0,0,,,,,
0021500491,350,4,0,4,9:16 PM,11:39,,,Parsons REBOUND (Off:1 Def:3),,,5,202718,Chandler Parsons,1610612742.0,Dallas,Mavericks,DAL,0,0,,,,,,0,0,,,,,
0021500491,351,6,1,4,9:16 PM,11:32,Green P.FOUL (P1.T1) (D.Jones),,,,,4,101123,Gerald Green,1610612748.0,Miami,Heat,MIA,5,202718,Chandler Parsons,1610612742.0,Dallas,Mavericks,DAL,1,0,,,,,
0021500491,352,8,0,4,9:16 PM,11:32,SUB: Stoudemire FOR Deng,,,,,4,2736,Luol Deng,1610612748.0,Miami,Heat,MIA,4,2405,Amar'e Stoudemire,1610612748.0,Miami,Heat,MIA,0,0,,,,,
0021500491,353,2,1,4,9:17 PM,11:15,,,MISS Matthews 24' 3PT Jump Shot,,,5,202083,Wesley Matthews,1610612742.0,Dallas,Mavericks,DAL,0,0,,,,,,0,0,,,,,
0021500491,354,4,0,4,9:17 PM,11:14,Udrih REBOUND (Off:0 Def:3),,,,,4,2757,Beno Udrih,1610612748.0,Miami,Heat,MIA,0,0,,,,,,0,0,,,,,
0021500491,355,1,1,4,9:17 PM,11:03,Bosh 25' 3PT Jump Shot (14 PTS) (Udrih 2 AST),,,61 - 83,22,4,2547,Chris Bosh,1610612748.0,Miami,Heat,MIA,4,2757,Beno Udrih,1610612748.0,Miami,Heat,MIA,0,0,,,,,
0021500491,356,1,42,4,9:17 PM,10:48,,,Barea 1' Driving Layup (6 PTS),63 - 83,20,5,200826,J.J. Barea,1610612742.0,Dallas,Mavericks,DAL,0,0,,,,,,0,0,,,,,
0021500491,357,5,45,4,9:17 PM,10:43,Udrih Out of Bounds - Bad Pass Turnover Turnover (P1.T9),,,,,4,2757,Beno Udrih,1610612748.0,Miami,Heat,MIA,0,0,,,,,,0,0,,,,,
0021500491,358,1,1,4,9:18 PM,10:33,,,Matthews 24' 3PT Jump Shot (12 PTS) (Parsons 4 AST),66 - 83,17,5,202083,Wesley Matthews,1610612742.0,Dallas,Mavericks,DAL,5,202718,Chandler Parsons,1610612742.0,Dallas,Mavericks,DAL,0,0,,,,,
0021500491,359,2,1,4,9:18 PM,10:12,MISS Green 12' Jump Shot,,Parsons BLOCK (1 BLK),,,4,101123,Gerald Green,1610612748.0,Miami,Heat,MIA,0,0,,,,,,5,202718,Chandler Parsons,1610612742.0,Dallas,Mavericks,DAL
0021500491,360,4,0,4,9:18 PM,10:11,HEAT Rebound,,,,,2,1610612748,,,,,,0,0,,,,,,0,0,,,,,
0021500491,361,1,1,4,9:18 PM,10:08,Johnson 19' Jump Shot (5 PTS) (Green 2 AST),,,66 - 85,19,4,204020,Tyler Johnson,1610612748.0,Miami,Heat,MIA,4,101123,Gerald Green,1610612748.0,Miami,Heat,MIA,0,0,,,,,
0021500491,362,6,1,4,9:19 PM,9:56,Stoudemire P.FOUL (P1.T2) (S.Foster),,,,,4,2405,Amar'e Stoudemire,1610612748.0,Miami,Heat,MIA,5,2585,Zaza Pachulia,1610612742.0,Dallas,Mavericks,DAL,1,0,,,,,
0021500491,363,6,11,4,9:19 PM,9:56,Stoudemire T.FOUL (P1.T2) (S.Foster),,,,,4,2405,Amar'e Stoudemire,1610612748.0,Miami,Heat,MIA,0,0,,,,,,1,0,,,,,
0021500491,364,3,16,4,9:19 PM,9:56,,,Nowitzki Free Throw Technical (7 PTS),67 - 85,18,5,1717,Dirk Nowitzki,1610612742.0,Dallas,Mavericks,DAL,0,0,,,,,,0,0,,,,,
0021500491,366,2,3,4,9:20 PM,9:42,,,MISS Pachulia 9' Hook Shot,,,5,2585,Zaza Pachulia,1610612742.0,Dallas,Mavericks,DAL,0,0,,,,,,0,0,,,,,
0021500491,367,4,0,4,9:20 PM,9:41,Green REBOUND (Off:0 Def:3),,,,,4,101123,Gerald Green,1610612748.0,Miami,Heat,MIA,0,0,,,,,,0,0,,,,,
0021500491,368,1,46,4,9:20 PM,9:36,Green 10' Running Jump Shot (10 PTS),,,67 - 87,20,4,101123,Gerald Green,1610612748.0,Miami,Heat,MIA,0,0,,,,,,0,0,,,,,
0021500491,369,6,2,4,9:20 PM,9:36,,,Parsons S.FOUL (P1.T1) (S.Foster),,,5,202718,Chandler Parsons,1610612742.0,Dallas,Mavericks,DAL,4,101123,Gerald Green,1610612748.0,Miami,Heat,MIA,1,0,,,,,
0021500491,370,3,10,4,9:20 PM,9:36,Green Free Throw 1 of 1 (11 PTS),,,67 - 88,21,4,101123,Gerald Green,1610612748.0,Miami,Heat,MIA,0,0,,,,,,0,0,,,,,
0021500491,372,2,1,4,9:20 PM,9:23,,,MISS Parsons 26' 3PT Jump Shot,,,5,202718,Chandler Parsons,1610612742.0,Dallas,Mavericks,DAL,0,0,,,,,,0,0,,,,,
0021500491,373,4,0,4,9:20 PM,9:22,,,Pachulia REBOUND (Off:4 Def:9),,,5,2585,Zaza Pachulia,1610612742.0,Dallas,Mavericks,DAL,0,0,,,,,,0,0,,,,,
0021500491,374,1,3,4,9:21 PM,9:08,,,Parsons 4' Hook Shot (4 PTS),69 - 88,19,5,202718,Chandler Parsons,1610612742.0,Dallas,Mavericks,DAL,0,0,,,,,,0,0,,,,,
0021500491,375,1,1,4,9:21 PM,8:52,Johnson 17' Jump Shot (7 PTS) (Stoudemire 1 AST),,,69 - 90,21,4,204020,Tyler Johnson,1610612748.0,Miami,Heat,MIA,4,2405,Amar'e Stoudemire,1610612748.0,Miami,Heat,MIA,0,0,,,,,
0021500491,376,2,1,4,9:21 PM,8:39,,,MISS Barea 25' 3PT Jump Shot,,,5,200826,J.J. Barea,1610612742.0,Dallas,Mavericks,DAL,0,0,,,,,,0,0,,,,,
0021500491,377,4,0,4,9:21 PM,8:38,,,Nowitzki REBOUND (Off:1 Def:2),,,5,1717,Dirk Nowitzki,1610612742.0,Dallas,Mavericks,DAL,0,0,,,,,,0,0,,,,,
0021500491,378,1,1,4,9:21 PM,8:34,,,Nowitzki 13' Jump Shot (9 PTS),71 - 90,19,5,1717,Dirk Nowitzki,1610612742.0,Dallas,Mavericks,DAL,0,0,,,,,,0,0,,,,,
0021500491,379,2,42,4,9:21 PM,8:21,MISS Johnson 2' Driving Layup,,,,,4,204020,Tyler Johnson,1610612748.0,Miami,Heat,MIA,0,0,,,,,,0,0,,,,,
0021500491,380,4,0,4,9:22 PM,8:20,,,Mavericks Rebound,,,3,1610612742,,,,,,0,0,,,,,,0,0,,,,,
0021500491,381,9,4,4,9:22 PM,8:20,,,,,,1,0,,,,,,0,0,,,,,,0,0,,,,,
0021500491,385,2,1,4,9:24 PM,8:05,,,MISS Matthews 25' 3PT Jump Shot,,,5,202083,Wesley Matthews,1610612742.0,Dallas,Mavericks,DAL,0,0,,,,,,0,0,,,,,
0021500491,386,4,0,4,9:24 PM,8:04,Stoudemire REBOUND (Off:0 Def:2),,,,,4,2405,Amar'e Stoudemire,1610612748.0,Miami,Heat,MIA,0,0,,,,,,0,0,,,,,
0021500491,387,6,1,4,9:25 PM,7:50,,,Matthews P.FOUL (P1.T2) (S.Foster),,,5,202083,Wesley Matthews,1610612742.0,Dallas,Mavericks,DAL,4,204020,Tyler Johnson,1610612748.0,Miami,Heat,MIA,1,0,,,,,
0021500491,388,1,1,4,9:25 PM,7:38,Bosh 20' Jump Shot (16 PTS),,,71 - 92,21,4,2547,Chris Bosh,1610612748.0,Miami,Heat,MIA,0,0,,,,,,0,0,,,,,
0021500491,389,6,2,4,9:25 PM,7:20,Green S.FOUL (P2.T3) (S.Anderson),,,,,4,101123,Gerald Green,1610612748.0,Miami,Heat,MIA,5,1717,Dirk Nowitzki,1610612742.0,Dallas,Mavericks,DAL,1,0,,,,,
0021500491,390,3,11,4,9:26 PM,7:20,,,Nowitzki Free Throw 1 of 2 (10 PTS),72 - 92,20,5,1717,Dirk Nowitzki,1610612742.0,Dallas,Mavericks,DAL,0,0,,,,,,0,0,,,,,
0021500491,392,3,12,4,9:26 PM,7:20,,,Nowitzki Free Throw 2 of 2 (11 PTS),73 - 92,19,5,1717,Dirk Nowitzki,1610612742.0,Dallas,Mavericks,DAL,0,0,,,,,,0,0,,,,,
0021500491,394,1,79,4,9:26 PM,7:02,Green 14' Pullup Jump Shot (13 PTS),,,73 - 94,21,4,101123,Gerald Green,1610612748.0,Miami,Heat,MIA,0,0,,,,,,0,0,,,,,
0021500491,395,2,1,4,9:27 PM,6:49,,,MISS Parsons 24' 3PT Jump Shot,,,5,202718,Chandler Parsons,1610612742.0,Dallas,Mavericks,DAL,0,0,,,,,,0,0,,,,,
0021500491,396,4,0,4,9:27 PM,6:48,Bosh REBOUND (Off:1 Def:5),,,,,4,2547,Chris Bosh,1610612748.0,Miami,Heat,MIA,0,0,,,,,,0,0,,,,,
0021500491,397,2,1,4,9:27 PM,6:37,MISS Bosh 25' 3PT Jump Shot,,,,,4,2547,Chris Bosh,1610612748.0,Miami,Heat,MIA,0,0,,,,,,0,0,,,,,
0021500491,398,4,0,4,9:27 PM,6:36,,,Parsons REBOUND (Off:1 Def:4),,,5,202718,Chandler Parsons,1610612742.0,Dallas,Mavericks,DAL,0,0,,,,,,0,0,,,,,
0021500491,399,6,2,4,9:27 PM,6:30,Green S.FOUL (P3.T4) (S.Foster),,,,,4,101123,Gerald Green,1610612748.0,Miami,Heat,MIA,5,2585,Zaza Pachulia,1610612742.0,Dallas,Mavericks,DAL,1,0,,,,,
0021500491,400,3,11,4,9:28 PM,6:30,,,Pachulia Free Throw 1 of 2 (13 PTS),74 - 94,20,5,2585,Zaza Pachulia,1610612742.0,Dallas,Mavericks,DAL,0,0,,,,,,0,0,,,,,
0021500491,402,8,0,4,9:28 PM,6:30,SUB: Whiteside FOR Stoudemire,,,,,4,2405,Amar'e Stoudemire,1610612748.0,Miami,Heat,MIA,4,202355,Hassan Whiteside,1610612748.0,Miami,Heat,MIA,0,0,,,,,
0021500491,403,8,0,4,9:28 PM,6:30,,,SUB: Felton FOR Parsons,,,5,202718,Chandler Parsons,1610612742.0,Dallas,Mavericks,DAL,5,101109,Raymond Felton,1610612742.0,Dallas,Mavericks,DAL,0,0,,,,,
0021500491,404,8,0,4,9:28 PM,6:30,,,SUB: Villanueva FOR Nowitzki,,,5,1717,Dirk Nowitzki,1610612742.0,Dallas,Mavericks,DAL,5,101111,Charlie Villanueva,1610612742.0,Dallas,Mavericks,DAL,0,0,,,,,
0021500491,405,8,0,4,9:28 PM,6:30,,,SUB: D. Williams FOR Barea,,,5,200826,J.J. Barea,1610612742.0,Dallas,Mavericks,DAL,5,101114,Deron Williams,1610612742.0,Dallas,Mavericks,DAL,0,0,,,,,
0021500491,406,3,12,4,9:28 PM,6:30,,,Pachulia Free Throw 2 of 2 (14 PTS),75 - 94,19,5,2585,Zaza Pachulia,1610612742.0,Dallas,Mavericks,DAL,0,0,,,,,,0,0,,,,,
0021500491,408,6,1,4,9:29 PM,6:20,,,Villanueva P.FOUL (P2.T3) (S.Anderson),,,5,101111,Charlie Villanueva,1610612742.0,Dallas,Mavericks,DAL,4,204020,Tyler Johnson,1610612748.0,Miami,Heat,MIA,1,0,,,,,
0021500491,409,8,0,4,9:29 PM,6:20,,,SUB: Evans FOR Matthews,,,5,202083,Wesley Matthews,1610612742.0,Dallas,Mavericks,DAL,5,202379,Jeremy Evans,1610612742.0,Dallas,Mavericks,DAL,0,0,,,,,
0021500491,410,8,0,4,9:29 PM,6:20,,,SUB: Powell FOR Pachulia,,,5,2585,Zaza Pachulia,1610612742.0,Dallas,Mavericks,DAL,5,203939,Dwight Powell,1610612742.0,Dallas,Mavericks,DAL,0,0,,,,,
0021500491,411,2,1,4,9:29 PM,6:05,MISS Bosh 17' Jump Shot,,,,,4,2547,Chris Bosh,1610612748.0,Miami,Heat,MIA,0,0,,,,,,0,0,,,,,
0021500491,412,4,0,4,9:29 PM,6:04,,,Villanueva REBOUND (Off:0 Def:2),,,5,101111,Charlie Villanueva,1610612742.0,Dallas,Mavericks,DAL,0,0,,,,,,0,0,,,,,
0021500491,413,2,1,4,9:29 PM,5:55,,,MISS Villanueva  3PT Jump Shot,,,5,101111,Charlie Villanueva,1610612742.0,Dallas,Mavericks,DAL,0,0,,,,,,0,0,,,,,
0021500491,414,4,0,4,9:29 PM,5:54,Bosh REBOUND (Off:1 Def:6),,,,,4,2547,Chris Bosh,1610612748.0,Miami,Heat,MIA,0,0,,,,,,0,0,,,,,
0021500491,415,1,1,4,9:30 PM,5:36,Green 19' Jump Shot (15 PTS),,,75 - 96,21,4,101123,Gerald Green,1610612748.0,Miami,Heat,MIA,0,0,,,,,,0,0,,,,,
0021500491,416,1,79,4,9:30 PM,5:20,,,Felton 13' Pullup Jump Shot (4 PTS),77 - 96,19,5,101109,Raymond Felton,1610612742.0,Dallas,Mavericks,DAL,0,0,,,,,,0,0,,,,,
0021500491,417,6,2,4,9:30 PM,5:07,,,Powell S.FOUL (P1.T4) (D.Jones),,,5,203939,Dwight Powell,1610612742.0,Dallas,Mavericks,DAL,4,202355,Hassan Whiteside,1610612748.0,Miami,Heat,MIA,1,0,,,,,
0021500491,418,9,1,4,9:31 PM,5:07,HEAT Timeout: Regular (Full 4 Short 1),,,,,2,1610612748,,,,,,0,0,,,,,,0,0,,,,,
0021500491,421,8,0,4,9:32 PM,5:07,SUB: Dragic FOR Udrih,,,,,4,2757,Beno Udrih,1610612748.0,Miami,Heat,MIA,4,201609,Goran Dragic,1610612748.0,Miami,Heat,MIA,0,0,,,,,
0021500491,422,3,11,4,9:33 PM,5:07,MISS Whiteside Free Throw 1 of 2,,,,,4,202355,Hassan Whiteside,1610612748.0,Miami,Heat,MIA,0,0,,,,,,0,0,,,,,
0021500491,423,4,1,4,9:33 PM,5:07,HEAT Rebound,,,,,2,1610612748,,,,,,0,0,,,,,,0,0,,,,,
0021500491,424,3,12,4,9:33 PM,5:07,Whiteside Free Throw 2 of 2 (23 PTS),,,77 - 97,20,4,202355,Hassan Whiteside,1610612748.0,Miami,Heat,MIA,0,0,,,,,,0,0,,,,,
0021500491,426,2,80,4,9:33 PM,4:54,,,MISS Villanueva 24' 3PT Step Back Jump Shot,,,5,101111,Charlie Villanueva,1610612742.0,Dallas,Mavericks,DAL,0,0,,,,,,0,0,,,,,
0021500491,427,4,0,4,9:33 PM,4:53,Whiteside REBOUND (Off:3 Def:13),,,,,4,202355,Hassan Whiteside,1610612748.0,Miami,Heat,MIA,0,0,,,,,,0,0,,,,,
0021500491,428,2,46,4,9:34 PM,4:37,MISS Bosh 6' Running Jump Shot,,,,,4,2547,Chris Bosh,1610612748.0,Miami,Heat,MIA,0,0,,,,,,0,0,,,,,
0021500491,450,4,0,4,9:34 PM,4:36,Whiteside REBOUND (Off:4 Def:13),,,,,4,202355,Hassan Whiteside,1610612748.0,Miami,Heat,MIA,0,0,,,,,,0,0,,,,,
0021500491,429,5,41,4,9:34 PM,4:35,Whiteside Poss Lost Ball Turnover (P3.T10),,Powell STEAL (1 STL),,,4,202355,Hassan Whiteside,1610612748.0,Miami,Heat,MIA,5,203939,Dwight Powell,1610612742.0,Dallas,Mavericks,DAL,0,0,,,,,
0021500491,430,2,46,4,9:34 PM,4:29,,,MISS D. Williams 12' Running Jump Shot,,,5,101114,Deron Williams,1610612742.0,Dallas,Mavericks,DAL,0,0,,,,,,0,0,,,,,
0021500491,431,4,0,4,9:34 PM,4:28,,,Powell REBOUND (Off:4 Def:0),,,5,203939,Dwight Powell,1610612742.0,Dallas,Mavericks,DAL,0,0,,,,,,0,0,,,,,
0021500491,432,6,2,4,9:34 PM,4:28,Johnson S.FOUL (P1.PN) (S.Foster),,,,,4,204020,Tyler Johnson,1610612748.0,Miami,Heat,MIA,5,203939,Dwight Powell,1610612742.0,Dallas,Mavericks,DAL,1,0,,,,,
0021500491,433,3,11,4,9:34 PM,4:28,,,Powell Free Throw 1 of 2 (1 PTS),78 - 97,19,5,203939,Dwight Powell,1610612742.0,Dallas,Mavericks,DAL,0,0,,,,,,0,0,,,,,
0021500491,435,8,0,4,9:34 PM,4:28,,,SUB: Jenkins FOR D. Williams,,,5,101114,Deron Williams,1610612742.0,Dallas,Mavericks,DAL,5,203098,John Jenkins,1610612742.0,Dallas,Mavericks,DAL,0,0,,,,,
0021500491,436,3,12,4,9:34 PM,4:28,,,MISS Powell Free Throw 2 of 2,,,5,203939,Dwight Powell,1610612742.0,Dallas,Mavericks,DAL,0,0,,,,,,0,0,,,,,
0021500491,438,4,0,4,9:34 PM,4:27,Whiteside REBOUND (Off:4 Def:14),,,,,4,202355,Hassan Whiteside,1610612748.0,Miami,Heat,MIA,0,0,,,,,,0,0,,,,,
0021500491,439,5,8,4,9:35 PM,4:12,Whiteside 3 Second Violation Turnover (P4.T11),,,,,4,202355,Hassan Whiteside,1610612748.0,Miami,Heat,MIA,0,0,,,,,,1,0,,,,,
0021500491,440,2,3,4,9:35 PM,4:01,,,MISS Villanueva 12' Hook Shot,,,5,101111,Charlie Villanueva,1610612742.0,Dallas,Mavericks,DAL,0,0,,,,,,0,0,,,,,
0021500491,441,4,0,4,9:35 PM,4:00,Dragic REBOUND (Off:0 Def:4),,,,,4,201609,Goran Dragic,1610612748.0,Miami,Heat,MIA,0,0,,,,,,0,0,,,,,
0021500491,442,1,49,4,9:35 PM,3:48,Green  Driving Dunk (17 PTS),,,78 - 99,21,4,101123,Gerald Green,1610612748.0,Miami,Heat,MIA,0,0,,,,,,0,0,,,,,
0021500491,443,2,98,4,9:36 PM,3:36,Whiteside BLOCK (1 BLK),,MISS Powell 1' Cutting Layup Shot,,,5,203939,Dwight Powell,1610612742.0,Dallas,Mavericks,DAL,0,0,,,,,,4,202355,Hassan Whiteside,1610612748.0,Miami,Heat,MIA
0021500491,444,4,0,4,9:36 PM,3:35,,,Powell REBOUND (Off:5 Def:0),,,5,203939,Dwight Powell,1610612742.0,Dallas,Mavericks,DAL,0,0,,,,,,0,0,,,,,
0021500491,445,2,3,4,9:36 PM,3:32,,,MISS Powell 4' Hook Shot,,,5,203939,Dwight Powell,1610612742.0,Dallas,Mavericks,DAL,0,0,,,,,,0,0,,,,,
0021500491,446,4,0,4,9:36 PM,3:31,Whiteside REBOUND (Off:4 Def:15),,,,,4,202355,Hassan Whiteside,1610612748.0,Miami,Heat,MIA,0,0,,,,,,0,0,,,,,
0021500491,447,1,63,4,9:36 PM,3:05,Whiteside 12' Fadeaway Jumper (25 PTS),,,78 - 101,23,4,202355,Hassan Whiteside,1610612748.0,Miami,Heat,MIA,0,0,,,,,,0,0,,,,,
0021500491,448,9,1,4,9:36 PM,2:58,,,Mavericks Timeout: Regular (Reg.5 Short 2),,,3,1610612742,,,,,,0,0,,,,,,0,0,,,,,
0021500491,452,8,0,4,9:39 PM,2:58,SUB: Udrih FOR Bosh,,,,,4,2547,Chris Bosh,1610612748.0,Miami,Heat,MIA,4,2757,Beno Udrih,1610612748.0,Miami,Heat,MIA,0,0,,,,,
0021500491,453,8,0,4,9:39 PM,2:58,SUB: Haslem FOR Whiteside,,,,,4,202355,Hassan Whiteside,1610612748.0,Miami,Heat,MIA,4,2617,Udonis Haslem,1610612748.0,Miami,Heat,MIA,0,0,,,,,
0021500491,454,8,0,4,9:39 PM,2:58,SUB: Andersen FOR Dragic,,,,,4,201609,Goran Dragic,1610612748.0,Miami,Heat,MIA,4,2365,Chris Andersen,1610612748.0,Miami,Heat,MIA,0,0,,,,,
0021500491,456,1,1,4,9:39 PM,2:49,,,Jenkins 20' Jump Shot (4 PTS) (Felton 5 AST),80 - 101,21,5,203098,John Jenkins,1610612742.0,Dallas,Mavericks,DAL,5,101109,Raymond Felton,1610612742.0,Dallas,Mavericks,DAL,0,0,,,,,
0021500491,457,1,57,4,9:39 PM,2:29,Haslem 6' Driving Hook Shot (2 PTS),,,80 - 103,23,4,2617,Udonis Haslem,1610612748.0,Miami,Heat,MIA,0,0,,,,,,0,0,,,,,
0021500491,458,2,1,4,9:40 PM,2:14,,,MISS Powell 14' Jump Shot,,,5,203939,Dwight Powell,1610612742.0,Dallas,Mavericks,DAL,0,0,,,,,,0,0,,,,,
0021500491,459,4,0,4,9:40 PM,2:13,Haslem REBOUND (Off:0 Def:1),,,,,4,2617,Udonis Haslem,1610612748.0,Miami,Heat,MIA,0,0,,,,,,0,0,,,,,
0021500491,460,1,49,4,9:40 PM,2:03,Green  Driving Dunk (19 PTS),,,80 - 105,25,4,101123,Gerald Green,1610612748.0,Miami,Heat,MIA,0,0,,,,,,0,0,,,,,
0021500491,461,5,4,4,9:40 PM,1:48,,,Jenkins Traveling Turnover (P2.T9),,,5,203098,John Jenkins,1610612742.0,Dallas,Mavericks,DAL,0,0,,,,,,1,0,,,,,
0021500491,464,2,1,4,9:41 PM,1:26,MISS Andersen 25' 3PT Jump Shot,,,,,4,2365,Chris Andersen,1610612748.0,Miami,Heat,MIA,0,0,,,,,,0,0,,,,,
0021500491,465,4,0,4,9:41 PM,1:25,Johnson REBOUND (Off:1 Def:2),,,,,4,204020,Tyler Johnson,1610612748.0,Miami,Heat,MIA,0,0,,,,,,0,0,,,,,
0021500491,466,2,1,4,9:41 PM,1:14,MISS Johnson 26' 3PT Jump Shot,,,,,4,204020,Tyler Johnson,1610612748.0,Miami,Heat,MIA,0,0,,,,,,0,0,,,,,
0021500491,467,4,0,4,9:41 PM,1:13,Andersen REBOUND (Off:1 Def:0),,,,,4,2365,Chris Andersen,1610612748.0,Miami,Heat,MIA,0,0,,,,,,0,0,,,,,
0021500491,468,5,1,4,9:41 PM,1:02,Johnson Bad Pass Turnover (P2.T12),,Evans STEAL (1 STL),,,4,204020,Tyler Johnson,1610612748.0,Miami,Heat,MIA,5,202379,Jeremy Evans,1610612742.0,Dallas,Mavericks,DAL,0,0,,,,,
0021500491,469,2,1,4,9:42 PM,0:44,,,MISS Evans 25' 3PT Jump Shot,,,5,202379,Jeremy Evans,1610612742.0,Dallas,Mavericks,DAL,0,0,,,,,,0,0,,,,,
0021500491,470,4,0,4,9:42 PM,0:43,HEAT Rebound,,,,,2,1610612748,,,,,,0,0,,,,,,0,0,,,,,
0021500491,471,6,1,4,9:42 PM,0:43,,,Powell P.FOUL (P2.PN) (S.Foster),,,5,203939,Dwight Powell,1610612742.0,Dallas,Mavericks,DAL,4,204020,Tyler Johnson,1610612748.0,Miami,Heat,MIA,1,0,,,,,
0021500491,472,3,11,4,9:42 PM,0:43,Johnson Free Throw 1 of 2 (8 PTS),,,80 - 106,26,4,204020,Tyler Johnson,1610612748.0,Miami,Heat,MIA,0,0,,,,,,0,0,,,,,
0021500491,474,3,12,4,9:42 PM,0:43,MISS Johnson Free Throw 2 of 2,,,,,4,204020,Tyler Johnson,1610612748.0,Miami,Heat,MIA,0,0,,,,,,0,0,,,,,
0021500491,476,4,0,4,9:42 PM,0:42,,,Evans REBOUND (Off:0 Def:1),,,5,202379,Jeremy Evans,1610612742.0,Dallas,Mavericks,DAL,0,0,,,,,,0,0,,,,,
0021500491,477,1,66,4,9:43 PM,0:31,,,Jenkins 7' Jump Bank Shot (6 PTS),82 - 106,24,5,203098,John Jenkins,1610612742.0,Dallas,Mavericks,DAL,0,0,,,,,,0,0,,,,,
0021500491,479,2,1,4,9:43 PM,0:09,MISS Andersen 6' Jump Shot,,,,,4,2365,Chris Andersen,1610612748.0,Miami,Heat,MIA,0,0,,,,,,0,0,,,,,
0021500491,480,4,0,4,9:43 PM,0:08,Haslem REBOUND (Off:1 Def:1),,,,,4,2617,Udonis Haslem,1610612748.0,Miami,Heat,MIA,0,0,,,,,,0,0,,,,,
0021500491,481,5,11,4,9:43 PM,0:07,HEAT Turnover: Shot Clock (T#13),,,,,2,1610612748,,,,,,0,0,,,,,,1,0,,,,,
0021500491,482,13,0,4,9:44 PM,0:00,,,,82 - 106,24,0,0,,,,,,0,0,,,,,,0,0,,,,,
