GAME_ID,EVENTNUM,EVENTMSGTYPE,EVENTMSGACTIONTYPE,PERIOD,WCTIMESTRING,PCTIMESTRING,HOMEDESCRIPTION,NEUTRALDESCRIPTION,VISITORDESCRIPTION,SCORE,SCOREMARGIN,PERSON1TYPE,PLAYER1_ID,PLAYER1_NAME,PLAYER1_TEAM_ID,PLAYER1_TEAM_CITY,PLAYER1_TEAM_NICKNAME,PLAYER1_TEAM_ABBREVIATION,PERSON2TYPE,PLAYER2_ID,PLAYER2_NAME,PLAYER2_TEAM_ID,PLAYER2_TEAM_CITY,PLAYER2_TEAM_NICKNAME,PLAYER2_TEAM_ABBREVIATION,PERSON3TYPE,PLAYER3_ID,PLAYER3_NAME,PLAYER3_TEAM_ID,PLAYER3_TEAM_CITY,PLAYER3_TEAM_NICKNAME,PLAYER3_TEAM_ABBREVIATION
0021500045,0,12,0,1,9:41 PM,12:00,,,,,,0.0,0,,,,,,0,0,,,,,,0,0,,,,,
0021500045,1,10,0,1,9:41 PM,12:00,Jump Ball Hibbert vs. Pachulia: Tip to Parsons,,,,,4.0,201579,Roy Hibbert,1610612747.0,Los Angeles,Lakers,LAL,5,2585,Zaza Pachulia,1610612742.0,Dallas,Mavericks,DAL,5,202718,Chandler Parsons,1610612742.0,Dallas,Mavericks,DAL
0021500045,2,6,2,1,9:41 PM,11:44,Hibbert S.FOUL (P1.T1) (L.Holtkamp),,,,,4.0,201579,Roy Hibbert,1610612747.0,Los Angeles,Lakers,LAL,5,2585,Zaza Pachulia,1610612742.0,Dallas,Mavericks,DAL,1,0,,,,,
0021500045,3,3,11,1,9:42 PM,11:44,,,MISS Pachulia Free Throw 1 of 2,,,5.0,2585,Zaza Pachulia,1610612742.0,Dallas,Mavericks,DAL,0,0,,,,,,0,0,,,,,
0021500045,4,4,1,1,9:42 PM,11:44,,,Mavericks Rebound,,,3.0,1610612742,,,,,,0,0,,,,,,0,0,,,,,
0021500045,5,3,12,1,9:42 PM,11:44,,,Pachulia Free Throw 2 of 2 (1 PTS),1 - 0,-1,5.0,2585,Zaza Pachulia,1610612742.0,Dallas,Mavericks,DAL,0,0,,,,,,0,0,,,,,
0021500045,7,2,1,1,9:42 PM,11:28,MISS Bryant 20' Jump Shot,,,,,4.0,977,Kobe Bryant,1610612747.0,Los Angeles,Lakers,LAL,0,0,,,,,,0,0,,,,,
0021500045,8,4,0,1,9:42 PM,11:27,,,Pachulia REBOUND (Off:0 Def:1),,,5.0,2585,Zaza Pachulia,1610612742.0,Dallas,Mavericks,DAL,0,0,,,,,,0,0,,,,,
0021500045,9,2,5,1,9:43 PM,11:12,Hibbert BLOCK (1 BLK),,MISS Parsons 3' Layup,,,5.0,202718,Chandler Parsons,1610612742.0,Dallas,Mavericks,DAL,0,0,,,,,,4,201579,Roy Hibbert,1610612747.0,Los Angeles,Lakers,LAL
0021500045,10,4,0,1,9:43 PM,11:08,Randle REBOUND (Off:0 Def:1),,,,,4.0,203944,Julius Randle,1610612747.0,Los Angeles,Lakers,LAL,0,0,,,,,,0,0,,,,,
0021500045,11,2,42,1,9:43 PM,11:04,MISS Randle  Driving Layup,,,,,4.0,203944,Julius Randle,1610612747.0,Los Angeles,Lakers,LAL,0,0,,,,,,0,0,,,,,
0021500045,12,4,0,1,9:43 PM,11:03,,,D. Williams REBOUND (Off:0 Def:1),,,5.0,101114,Deron Williams,1610612742.0,Dallas,Mavericks,DAL,0,0,,,,,,0,0,,,,,
0021500045,13,2,44,1,9:43 PM,10:52,,,MISS Parsons 2' Reverse Layup,,,5.0,202718,Chandler Parsons,1610612742.0,Dallas,Mavericks,DAL,0,0,,,,,,0,0,,,,,
0021500045,14,4,0,1,9:43 PM,10:50,Randle REBOUND (Off:0 Def:2),,,,,4.0,203944,Julius Randle,1610612747.0,Los Angeles,Lakers,LAL,0,0,,,,,,0,0,,,,,
0021500045,15,2,1,1,9:43 PM,10:40,MISS Russell 15' Jump Shot,,,,,4.0,1626156,D'Angelo Russell,1610612747.0,Los Angeles,Lakers,LAL,0,0,,,,,,0,0,,,,,
0021500045,16,4,0,1,9:43 PM,10:40,,,D. Williams REBOUND (Off:0 Def:2),,,5.0,101114,Deron Williams,1610612742.0,Dallas,Mavericks,DAL,0,0,,,,,,0,0,,,,,
0021500045,17,2,1,1,9:44 PM,10:24,,,MISS Matthews 7' Jump Shot,,,5.0,202083,Wesley Matthews,1610612742.0,Dallas,Mavericks,DAL,0,0,,,,,,0,0,,,,,
0021500045,18,4,0,1,9:44 PM,10:23,Bryant REBOUND (Off:0 Def:1),,,,,4.0,977,Kobe Bryant,1610612747.0,Los Angeles,Lakers,LAL,0,0,,,,,,0,0,,,,,
0021500045,19,2,1,1,9:44 PM,10:15,MISS Bryant 10' Jump Shot,,,,,4.0,977,Kobe Bryant,1610612747.0,Los Angeles,Lakers,LAL,0,0,,,,,,0,0,,,,,
0021500045,20,4,0,1,9:44 PM,10:15,,,Nowitzki REBOUND (Off:0 Def:1),,,5.0,1717,Dirk Nowitzki,1610612742.0,Dallas,Mavericks,DAL,0,0,,,,,,0,0,,,,,
0021500045,21,1,1,1,9:44 PM,9:53,,,Matthews  3PT Jump Shot (3 PTS) (D. Williams 1 AST),4 - 0,-4,5.0,202083,Wesley Matthews,1610612742.0,Dallas,Mavericks,DAL,5,101114,Deron Williams,1610612742.0,Dallas,Mavericks,DAL,0,0,,,,,
0021500045,22,2,1,1,9:44 PM,9:33,MISS Russell 25' 3PT Jump Shot,,,,,4.0,1626156,D'Angelo Russell,1610612747.0,Los Angeles,Lakers,LAL,0,0,,,,,,0,0,,,,,
0021500045,23,4,0,1,9:44 PM,9:32,,,Pachulia REBOUND (Off:0 Def:2),,,5.0,2585,Zaza Pachulia,1610612742.0,Dallas,Mavericks,DAL,0,0,,,,,,0,0,,,,,
0021500045,24,1,1,1,9:45 PM,9:23,,,Matthews 25' 3PT Jump Shot (6 PTS) (D. Williams 2 AST),7 - 0,-7,5.0,202083,Wesley Matthews,1610612742.0,Dallas,Mavericks,DAL,5,101114,Deron Williams,1610612742.0,Dallas,Mavericks,DAL,0,0,,,,,
0021500045,25,9,1,1,9:45 PM,9:17,LAKERS Timeout: Regular (Full 1 Short 0),,,,,2.0,1610612747,,,,,,0,0,,,,,,0,0,,,,,
0021500045,27,5,40,1,9:47 PM,9:03,Bryant Out of Bounds Lost Ball Turnover (P1.T1),,,,,4.0,977,Kobe Bryant,1610612747.0,Los Angeles,Lakers,LAL,0,0,,,,,,0,0,,,,,
0021500045,28,6,1,1,9:48 PM,8:50,Bryant P.FOUL (P1.T2) (C.Kirkland),,,,,4.0,977,Kobe Bryant,1610612747.0,Los Angeles,Lakers,LAL,5,202718,Chandler Parsons,1610612742.0,Dallas,Mavericks,DAL,1,0,,,,,
0021500045,29,1,1,1,9:48 PM,8:34,,,Nowitzki 26' 3PT Jump Shot (3 PTS) (Parsons 1 AST),10 - 0,-10,5.0,1717,Dirk Nowitzki,1610612742.0,Dallas,Mavericks,DAL,5,202718,Chandler Parsons,1610612742.0,Dallas,Mavericks,DAL,0,0,,,,,
0021500045,30,5,2,1,9:49 PM,8:21,Clarkson Lost Ball Turnover (P1.T2),,Parsons STEAL (1 STL),,,4.0,203903,Jordan Clarkson,1610612747.0,Los Angeles,Lakers,LAL,5,202718,Chandler Parsons,1610612742.0,Dallas,Mavericks,DAL,0,0,,,,,
0021500045,31,2,41,1,9:49 PM,8:16,Clarkson BLOCK (1 BLK),,MISS Parsons 1' Running Layup,,,5.0,202718,Chandler Parsons,1610612742.0,Dallas,Mavericks,DAL,0,0,,,,,,4,203903,Jordan Clarkson,1610612747.0,Los Angeles,Lakers,LAL
0021500045,32,4,0,1,9:49 PM,8:16,,,Mavericks Rebound,,,3.0,1610612742,,,,,,0,0,,,,,,0,0,,,,,
0021500045,33,1,73,1,9:49 PM,8:06,,,D. Williams 1' Driving Reverse Layup (2 PTS),12 - 0,-12,5.0,101114,Deron Williams,1610612742.0,Dallas,Mavericks,DAL,0,0,,,,,,0,0,,,,,
0021500045,34,5,45,1,9:49 PM,7:59,Russell Out of Bounds - Bad Pass Turnover Turnover (P1.T3),,,,,4.0,1626156,D'Angelo Russell,1610612747.0,Los Angeles,Lakers,LAL,0,0,,,,,,0,0,,,,,
0021500045,35,1,1,1,9:50 PM,7:49,,,Nowitzki 25' 3PT Jump Shot (6 PTS) (D. Williams 3 AST),15 - 0,-15,5.0,1717,Dirk Nowitzki,1610612742.0,Dallas,Mavericks,DAL,5,101114,Deron Williams,1610612742.0,Dallas,Mavericks,DAL,0,0,,,,,
0021500045,36,6,2,1,9:50 PM,7:32,,,Parsons S.FOUL (P1.T1) (C.Kirkland),,,5.0,202718,Chandler Parsons,1610612742.0,Dallas,Mavericks,DAL,4,977,Kobe Bryant,1610612747.0,Los Angeles,Lakers,LAL,1,0,,,,,
0021500045,37,18,1,1,9:51 PM,7:32,,,,,,,36,Sarunas Marciulionis,,,,,0,0,,,,,,1,0,,,,,
0021500045,39,3,13,1,9:51 PM,7:32,Bryant Free Throw 1 of 3 (1 PTS),,,15 - 1,-14,4.0,977,Kobe Bryant,1610612747.0,Los Angeles,Lakers,LAL,0,0,,,,,,0,0,,,,,
0021500045,42,3,14,1,9:51 PM,7:32,Bryant Free Throw 2 of 3 (2 PTS),,,15 - 2,-13,4.0,977,Kobe Bryant,1610612747.0,Los Angeles,Lakers,LAL,0,0,,,,,,0,0,,,,,
0021500045,45,8,0,1,9:52 PM,7:32,,,SUB: Felton FOR Parsons,,,5.0,202718,Chandler Parsons,1610612742.0,Dallas,Mavericks,DAL,5,101109,Raymond Felton,1610612742.0,Dallas,Mavericks,DAL,0,0,,,,,
0021500045,46,3,15,1,9:52 PM,7:32,Bryant Free Throw 3 of 3 (3 PTS),,,15 - 3,-12,4.0,977,Kobe Bryant,1610612747.0,Los Angeles,Lakers,LAL,0,0,,,,,,0,0,,,,,
0021500045,49,2,1,1,9:52 PM,7:21,,,MISS Matthews 5' Jump Shot,,,5.0,202083,Wesley Matthews,1610612742.0,Dallas,Mavericks,DAL,0,0,,,,,,0,0,,,,,
0021500045,50,4,0,1,9:52 PM,7:20,Randle REBOUND (Off:0 Def:3),,,,,4.0,203944,Julius Randle,1610612747.0,Los Angeles,Lakers,LAL,0,0,,,,,,0,0,,,,,
0021500045,51,1,49,1,9:52 PM,7:11,Randle  Driving Dunk (2 PTS),,,15 - 5,-10,4.0,203944,Julius Randle,1610612747.0,Los Angeles,Lakers,LAL,0,0,,,,,,0,0,,,,,
0021500045,53,2,1,1,9:52 PM,7:00,Hibbert BLOCK (2 BLK),,MISS D. Williams 3' Jump Shot,,,5.0,101114,Deron Williams,1610612742.0,Dallas,Mavericks,DAL,0,0,,,,,,4,201579,Roy Hibbert,1610612747.0,Los Angeles,Lakers,LAL
0021500045,54,4,0,1,9:52 PM,6:58,Randle REBOUND (Off:0 Def:4),,,,,4.0,203944,Julius Randle,1610612747.0,Los Angeles,Lakers,LAL,0,0,,,,,,0,0,,,,,
0021500045,55,2,5,1,9:52 PM,6:54,MISS Randle 1' Layup,,,,,4.0,203944,Julius Randle,1610612747.0,Los Angeles,Lakers,LAL,0,0,,,,,,0,0,,,,,
0021500045,56,4,0,1,9:53 PM,6:52,,,D. Williams REBOUND (Off:0 Def:3),,,5.0,101114,Deron Williams,1610612742.0,Dallas,Mavericks,DAL,0,0,,,,,,0,0,,,,,
0021500045,57,1,1,1,9:53 PM,6:44,,,D. Williams 15' Jump Shot (4 PTS),17 - 5,-12,5.0,101114,Deron Williams,1610612742.0,Dallas,Mavericks,DAL,0,0,,,,,,0,0,,,,,
0021500045,58,6,2,1,9:53 PM,6:29,,,Felton S.FOUL (P1.T2) (S.Wright),,,5.0,101109,Raymond Felton,1610612742.0,Dallas,Mavericks,DAL,4,203903,Jordan Clarkson,1610612747.0,Los Angeles,Lakers,LAL,1,0,,,,,
0021500045,59,3,11,1,9:53 PM,6:29,Clarkson Free Throw 1 of 2 (1 PTS),,,17 - 6,-11,4.0,203903,Jordan Clarkson,1610612747.0,Los Angeles,Lakers,LAL,0,0,,,,,,0,0,,,,,
0021500045,61,8,0,1,9:53 PM,6:29,,,SUB: Powell FOR Nowitzki,,,5.0,1717,Dirk Nowitzki,1610612742.0,Dallas,Mavericks,DAL,5,203939,Dwight Powell,1610612742.0,Dallas,Mavericks,DAL,0,0,,,,,
0021500045,62,8,0,1,9:53 PM,6:29,,,SUB: Harris FOR Matthews,,,5.0,202083,Wesley Matthews,1610612742.0,Dallas,Mavericks,DAL,5,2734,Devin Harris,1610612742.0,Dallas,Mavericks,DAL,0,0,,,,,
0021500045,63,7,3,1,9:54 PM,6:29,,,Harris Violation:Lane (C.Kirkland),,,5.0,2734,Devin Harris,1610612742.0,Dallas,Mavericks,DAL,0,0,,,,,,1,0,,,,,
0021500045,68,3,12,1,9:54 PM,6:29,Clarkson Free Throw 2 of 2 (2 PTS),,,17 - 7,-10,4.0,203903,Jordan Clarkson,1610612747.0,Los Angeles,Lakers,LAL,0,0,,,,,,0,0,,,,,
0021500045,71,1,66,1,9:54 PM,6:12,,,Pachulia 3' Jump Bank Shot (3 PTS),19 - 7,-12,5.0,2585,Zaza Pachulia,1610612742.0,Dallas,Mavericks,DAL,0,0,,,,,,0,0,,,,,
0021500045,72,2,1,1,9:55 PM,6:02,MISS Russell 26' 3PT Jump Shot,,,,,4.0,1626156,D'Angelo Russell,1610612747.0,Los Angeles,Lakers,LAL,0,0,,,,,,0,0,,,,,
0021500045,73,4,0,1,9:55 PM,6:00,,,Pachulia REBOUND (Off:0 Def:3),,,5.0,2585,Zaza Pachulia,1610612742.0,Dallas,Mavericks,DAL,0,0,,,,,,0,0,,,,,
0021500045,74,7,5,1,9:55 PM,5:56,Hibbert Violation:Kicked Ball (C.Kirkland),,,,,4.0,201579,Roy Hibbert,1610612747.0,Los Angeles,Lakers,LAL,0,0,,,,,,1,0,,,,,
0021500045,75,8,0,1,9:55 PM,5:56,SUB: Williams FOR Russell,,,,,4.0,1626156,D'Angelo Russell,1610612747.0,Los Angeles,Lakers,LAL,4,101150,Lou Williams,1610612747.0,Los Angeles,Lakers,LAL,0,0,,,,,
0021500045,76,2,1,1,9:55 PM,5:45,,,MISS Harris 25' 3PT Jump Shot,,,5.0,2734,Devin Harris,1610612742.0,Dallas,Mavericks,DAL,0,0,,,,,,0,0,,,,,
0021500045,77,4,0,1,9:55 PM,5:45,Randle REBOUND (Off:0 Def:5),,,,,4.0,203944,Julius Randle,1610612747.0,Los Angeles,Lakers,LAL,0,0,,,,,,0,0,,,,,
0021500045,78,2,1,1,9:55 PM,5:34,MISS Williams 17' Jump Shot,,,,,4.0,101150,Lou Williams,1610612747.0,Los Angeles,Lakers,LAL,0,0,,,,,,0,0,,,,,
0021500045,79,4,0,1,9:55 PM,5:32,Hibbert REBOUND (Off:1 Def:0),,,,,4.0,201579,Roy Hibbert,1610612747.0,Los Angeles,Lakers,LAL,0,0,,,,,,0,0,,,,,
0021500045,80,1,5,1,9:56 PM,5:25,Randle 1' Layup (4 PTS),,,19 - 9,-10,4.0,203944,Julius Randle,1610612747.0,Los Angeles,Lakers,LAL,0,0,,,,,,0,0,,,,,
0021500045,81,2,5,1,9:56 PM,5:16,Clarkson BLOCK (2 BLK),,MISS Felton 1' Layup,,,5.0,101109,Raymond Felton,1610612742.0,Dallas,Mavericks,DAL,0,0,,,,,,4,203903,Jordan Clarkson,1610612747.0,Los Angeles,Lakers,LAL
0021500045,82,4,0,1,9:56 PM,5:15,Hibbert REBOUND (Off:1 Def:1),,,,,4.0,201579,Roy Hibbert,1610612747.0,Los Angeles,Lakers,LAL,0,0,,,,,,0,0,,,,,
0021500045,83,2,5,1,9:56 PM,5:11,MISS Clarkson 1' Layup,,,,,4.0,203903,Jordan Clarkson,1610612747.0,Los Angeles,Lakers,LAL,0,0,,,,,,0,0,,,,,
0021500045,84,4,0,1,9:56 PM,5:10,,,Pachulia REBOUND (Off:0 Def:4),,,5.0,2585,Zaza Pachulia,1610612742.0,Dallas,Mavericks,DAL,0,0,,,,,,0,0,,,,,
0021500045,85,9,1,1,9:56 PM,5:05,,,Mavericks Timeout: Regular (Reg.1 Short 0),,,3.0,1610612742,,,,,,0,0,,,,,,0,0,,,,,
0021500045,87,8,0,1,9:58 PM,5:05,SUB: Young FOR Bryant,,,,,4.0,977,Kobe Bryant,1610612747.0,Los Angeles,Lakers,LAL,4,201156,Nick Young,1610612747.0,Los Angeles,Lakers,LAL,0,0,,,,,
0021500045,88,8,0,1,9:58 PM,5:05,,,SUB: Barea FOR D. Williams,,,5.0,101114,Deron Williams,1610612742.0,Dallas,Mavericks,DAL,5,200826,J.J. Barea,1610612742.0,Dallas,Mavericks,DAL,0,0,,,,,
0021500045,89,2,1,1,9:59 PM,4:57,,,MISS Powell 15' Jump Shot,,,5.0,203939,Dwight Powell,1610612742.0,Dallas,Mavericks,DAL,0,0,,,,,,0,0,,,,,
0021500045,90,4,0,1,9:59 PM,4:56,Randle REBOUND (Off:0 Def:6),,,,,4.0,203944,Julius Randle,1610612747.0,Los Angeles,Lakers,LAL,0,0,,,,,,0,0,,,,,
0021500045,91,1,42,1,9:59 PM,4:44,Randle 3' Driving Layup (6 PTS) (Williams 1 AST),,,19 - 11,-8,4.0,203944,Julius Randle,1610612747.0,Los Angeles,Lakers,LAL,4,101150,Lou Williams,1610612747.0,Los Angeles,Lakers,LAL,0,0,,,,,
0021500045,92,2,1,1,9:59 PM,4:29,,,MISS Pachulia 5' Jump Shot,,,5.0,2585,Zaza Pachulia,1610612742.0,Dallas,Mavericks,DAL,0,0,,,,,,0,0,,,,,
0021500045,93,4,0,1,9:59 PM,4:29,Randle REBOUND (Off:0 Def:7),,,,,4.0,203944,Julius Randle,1610612747.0,Los Angeles,Lakers,LAL,0,0,,,,,,0,0,,,,,
0021500045,94,6,4,1,9:59 PM,4:24,Hibbert OFF.Foul (P2) (S.Wright),,,,,4.0,201579,Roy Hibbert,1610612747.0,Los Angeles,Lakers,LAL,5,2585,Zaza Pachulia,1610612742.0,Dallas,Mavericks,DAL,1,0,,,,,
0021500045,95,5,5,1,9:59 PM,4:24,Hibbert Foul Turnover (P1.T4),,,,,4.0,201579,Roy Hibbert,1610612747.0,Los Angeles,Lakers,LAL,0,0,,,,,,1,0,,,,,
0021500045,96,8,0,1,9:59 PM,4:24,SUB: Bass FOR Hibbert,,,,,4.0,201579,Roy Hibbert,1610612747.0,Los Angeles,Lakers,LAL,4,101138,Brandon Bass,1610612747.0,Los Angeles,Lakers,LAL,0,0,,,,,
0021500045,97,1,1,1,10:00 PM,4:10,,,Felton 24' 3PT Jump Shot (3 PTS) (Barea 1 AST),22 - 11,-11,5.0,101109,Raymond Felton,1610612742.0,Dallas,Mavericks,DAL,5,200826,J.J. Barea,1610612742.0,Dallas,Mavericks,DAL,0,0,,,,,
0021500045,98,1,1,1,10:00 PM,3:56,Randle 19' Jump Shot (8 PTS) (Clarkson 1 AST),,,22 - 13,-9,4.0,203944,Julius Randle,1610612747.0,Los Angeles,Lakers,LAL,4,203903,Jordan Clarkson,1610612747.0,Los Angeles,Lakers,LAL,0,0,,,,,
0021500045,100,2,5,1,10:00 PM,3:36,,,MISS Harris 2' Layup,,,5.0,2734,Devin Harris,1610612742.0,Dallas,Mavericks,DAL,0,0,,,,,,0,0,,,,,
0021500045,101,4,0,1,10:00 PM,3:35,Randle REBOUND (Off:0 Def:8),,,,,4.0,203944,Julius Randle,1610612747.0,Los Angeles,Lakers,LAL,0,0,,,,,,0,0,,,,,
0021500045,102,5,45,1,10:00 PM,3:31,Williams Out of Bounds - Bad Pass Turnover Turnover (P1.T5),,,,,4.0,101150,Lou Williams,1610612747.0,Los Angeles,Lakers,LAL,0,0,,,,,,0,0,,,,,
0021500045,104,2,1,1,10:01 PM,3:20,,,MISS Powell 16' Jump Shot,,,5.0,203939,Dwight Powell,1610612742.0,Dallas,Mavericks,DAL,0,0,,,,,,0,0,,,,,
0021500045,105,4,0,1,10:01 PM,3:20,Bass REBOUND (Off:0 Def:1),,,,,4.0,101138,Brandon Bass,1610612747.0,Los Angeles,Lakers,LAL,0,0,,,,,,0,0,,,,,
0021500045,106,5,4,1,10:01 PM,3:06,Randle Traveling Turnover (P1.T6),,,,,4.0,203944,Julius Randle,1610612747.0,Los Angeles,Lakers,LAL,0,0,,,,,,1,0,,,,,
0021500045,107,8,0,1,10:01 PM,3:06,SUB: Kelly FOR Randle,,,,,4.0,203944,Julius Randle,1610612747.0,Los Angeles,Lakers,LAL,4,203527,Ryan Kelly,1610612747.0,Los Angeles,Lakers,LAL,0,0,,,,,
0021500045,108,1,5,1,10:01 PM,2:49,,,Pachulia 1' Layup (5 PTS) (Powell 1 AST),24 - 13,-11,5.0,2585,Zaza Pachulia,1610612742.0,Dallas,Mavericks,DAL,5,203939,Dwight Powell,1610612742.0,Dallas,Mavericks,DAL,0,0,,,,,
0021500045,109,2,1,1,10:02 PM,2:34,MISS Kelly 3' Jump Shot,,,,,4.0,203527,Ryan Kelly,1610612747.0,Los Angeles,Lakers,LAL,0,0,,,,,,0,0,,,,,
0021500045,110,4,0,1,10:02 PM,2:32,,,Powell REBOUND (Off:0 Def:1),,,5.0,203939,Dwight Powell,1610612742.0,Dallas,Mavericks,DAL,0,0,,,,,,0,0,,,,,
0021500045,111,2,5,1,10:02 PM,2:20,,,MISS Pachulia 2' Layup,,,5.0,2585,Zaza Pachulia,1610612742.0,Dallas,Mavericks,DAL,0,0,,,,,,0,0,,,,,
0021500045,112,4,0,1,10:02 PM,2:18,Bass REBOUND (Off:0 Def:2),,,,,4.0,101138,Brandon Bass,1610612747.0,Los Angeles,Lakers,LAL,0,0,,,,,,0,0,,,,,
0021500045,113,6,4,1,10:02 PM,2:15,Williams OFF.Foul (P1) (L.Holtkamp),,,,,4.0,101150,Lou Williams,1610612747.0,Los Angeles,Lakers,LAL,5,2734,Devin Harris,1610612742.0,Dallas,Mavericks,DAL,1,0,,,,,
0021500045,114,5,5,1,10:02 PM,2:15,Williams Foul Turnover (P2.T7),,,,,4.0,101150,Lou Williams,1610612747.0,Los Angeles,Lakers,LAL,0,0,,,,,,1,0,,,,,
0021500045,115,8,0,1,10:02 PM,2:15,,,SUB: Nowitzki FOR Pachulia,,,5.0,2585,Zaza Pachulia,1610612742.0,Dallas,Mavericks,DAL,5,1717,Dirk Nowitzki,1610612742.0,Dallas,Mavericks,DAL,0,0,,,,,
0021500045,116,6,1,1,10:03 PM,2:05,Clarkson P.FOUL (P1.T3) (S.Wright),,,,,4.0,203903,Jordan Clarkson,1610612747.0,Los Angeles,Lakers,LAL,5,1717,Dirk Nowitzki,1610612742.0,Dallas,Mavericks,DAL,1,0,,,,,
0021500045,117,1,86,1,10:03 PM,1:55,,,Nowitzki 14' Turnaround Fadeaway (8 PTS) (Barea 2 AST),26 - 13,-13,5.0,1717,Dirk Nowitzki,1610612742.0,Dallas,Mavericks,DAL,5,200826,J.J. Barea,1610612742.0,Dallas,Mavericks,DAL,0,0,,,,,
0021500045,118,1,1,1,10:03 PM,1:37,Young 24' 3PT Jump Shot (3 PTS) (Bass 1 AST),,,26 - 16,-10,4.0,201156,Nick Young,1610612747.0,Los Angeles,Lakers,LAL,4,101138,Brandon Bass,1610612747.0,Los Angeles,Lakers,LAL,0,0,,,,,
0021500045,119,1,5,1,10:04 PM,1:26,,,Powell 2' Layup (2 PTS) (Barea 3 AST),28 - 16,-12,5.0,203939,Dwight Powell,1610612742.0,Dallas,Mavericks,DAL,5,200826,J.J. Barea,1610612742.0,Dallas,Mavericks,DAL,0,0,,,,,
0021500045,120,6,2,1,10:04 PM,1:13,,,Harris S.FOUL (P1.T3) (S.Wright),,,5.0,2734,Devin Harris,1610612742.0,Dallas,Mavericks,DAL,4,201156,Nick Young,1610612747.0,Los Angeles,Lakers,LAL,1,0,,,,,
0021500045,121,3,11,1,10:04 PM,1:13,Young Free Throw 1 of 2 (4 PTS),,,28 - 17,-11,4.0,201156,Nick Young,1610612747.0,Los Angeles,Lakers,LAL,0,0,,,,,,0,0,,,,,
0021500045,123,3,12,1,10:04 PM,1:13,Young Free Throw 2 of 2 (5 PTS),,,28 - 18,-10,4.0,201156,Nick Young,1610612747.0,Los Angeles,Lakers,LAL,0,0,,,,,,0,0,,,,,
0021500045,125,1,98,1,10:05 PM,1:04,,,Harris 1' Cutting Layup Shot (2 PTS) (Barea 4 AST),30 - 18,-12,5.0,2734,Devin Harris,1610612742.0,Dallas,Mavericks,DAL,5,200826,J.J. Barea,1610612742.0,Dallas,Mavericks,DAL,0,0,,,,,
0021500045,126,2,1,1,10:05 PM,0:47,MISS Clarkson 11' Jump Shot,,,,,4.0,203903,Jordan Clarkson,1610612747.0,Los Angeles,Lakers,LAL,0,0,,,,,,0,0,,,,,
0021500045,127,4,0,1,10:05 PM,0:46,,,Nowitzki REBOUND (Off:0 Def:2),,,5.0,1717,Dirk Nowitzki,1610612742.0,Dallas,Mavericks,DAL,0,0,,,,,,0,0,,,,,
0021500045,128,5,1,1,10:05 PM,0:31,Kelly STEAL (1 STL),,Powell Bad Pass Turnover (P1.T1),,,5.0,203939,Dwight Powell,1610612742.0,Dallas,Mavericks,DAL,4,203527,Ryan Kelly,1610612747.0,Los Angeles,Lakers,LAL,0,0,,,,,
0021500045,129,1,108,1,10:05 PM,0:27,Bass  Cutting Dunk Shot (2 PTS) (Clarkson 2 AST),,,30 - 20,-10,4.0,101138,Brandon Bass,1610612747.0,Los Angeles,Lakers,LAL,4,203903,Jordan Clarkson,1610612747.0,Los Angeles,Lakers,LAL,0,0,,,,,
0021500045,130,6,2,1,10:05 PM,0:27,,,Nowitzki S.FOUL (P1.PN) (L.Holtkamp),,,5.0,1717,Dirk Nowitzki,1610612742.0,Dallas,Mavericks,DAL,4,101138,Brandon Bass,1610612747.0,Los Angeles,Lakers,LAL,1,0,,,,,
0021500045,131,3,10,1,10:06 PM,0:27,Bass Free Throw 1 of 1 (3 PTS),,,30 - 21,-9,4.0,101138,Brandon Bass,1610612747.0,Los Angeles,Lakers,LAL,0,0,,,,,,0,0,,,,,
0021500045,133,1,75,1,10:06 PM,0:03,,,Barea 3' Driving Finger Roll Layup (2 PTS),32 - 21,-11,5.0,200826,J.J. Barea,1610612742.0,Dallas,Mavericks,DAL,0,0,,,,,,0,0,,,,,
0021500045,134,2,1,1,10:07 PM,0:00,MISS Kelly 43' 3PT Jump Shot,,,,,4.0,203527,Ryan Kelly,1610612747.0,Los Angeles,Lakers,LAL,0,0,,,,,,0,0,,,,,
0021500045,135,4,0,1,10:07 PM,0:00,LAKERS Rebound,,,,,2.0,1610612747,,,,,,0,0,,,,,,0,0,,,,,
0021500045,136,13,0,1,10:07 PM,0:00,,,,32 - 21,-11,0.0,0,,,,,,0,0,,,,,,0,0,,,,,
0021500045,138,12,0,2,10:09 PM,12:00,,,,32 - 21,-11,0.0,0,,,,,,0,0,,,,,,0,0,,,,,
0021500045,139,2,1,2,10:10 PM,11:47,MISS Williams 25' 3PT Jump Shot,,,,,4.0,101150,Lou Williams,1610612747.0,Los Angeles,Lakers,LAL,0,0,,,,,,0,0,,,,,
0021500045,140,4,0,2,10:10 PM,11:46,,,Parsons REBOUND (Off:0 Def:1),,,5.0,202718,Chandler Parsons,1610612742.0,Dallas,Mavericks,DAL,0,0,,,,,,0,0,,,,,
0021500045,141,2,1,2,10:10 PM,11:29,,,MISS Harris 26' 3PT Jump Shot,,,5.0,2734,Devin Harris,1610612742.0,Dallas,Mavericks,DAL,0,0,,,,,,0,0,,,,,
0021500045,142,4,0,2,10:10 PM,11:28,,,Powell REBOUND (Off:1 Def:1),,,5.0,203939,Dwight Powell,1610612742.0,Dallas,Mavericks,DAL,0,0,,,,,,0,0,,,,,
0021500045,143,1,49,2,10:10 PM,11:13,,,Nowitzki  Driving Dunk (10 PTS) (Parsons 2 AST),34 - 21,-13,5.0,1717,Dirk Nowitzki,1610612742.0,Dallas,Mavericks,DAL,5,202718,Chandler Parsons,1610612742.0,Dallas,Mavericks,DAL,0,0,,,,,
0021500045,144,2,5,2,10:11 PM,10:49,MISS Bass  Layup,,,,,4.0,101138,Brandon Bass,1610612747.0,Los Angeles,Lakers,LAL,0,0,,,,,,0,0,,,,,
0021500045,145,4,0,2,10:11 PM,10:49,,,Mavericks Rebound,,,3.0,1610612742,,,,,,0,0,,,,,,0,0,,,,,
0021500045,146,1,1,2,10:11 PM,10:31,,,Harris 24' 3PT Jump Shot (5 PTS) (Barea 5 AST),37 - 21,-16,5.0,2734,Devin Harris,1610612742.0,Dallas,Mavericks,DAL,5,200826,J.J. Barea,1610612742.0,Dallas,Mavericks,DAL,0,0,,,,,
0021500045,147,1,1,2,10:11 PM,10:13,Williams 24' 3PT Jump Shot (3 PTS) (Huertas 1 AST),,,37 - 24,-13,4.0,101150,Lou Williams,1610612747.0,Los Angeles,Lakers,LAL,4,1626273,Marcelo Huertas,1610612747.0,Los Angeles,Lakers,LAL,0,0,,,,,
0021500045,148,2,5,2,10:12 PM,9:50,,,MISS Harris 2' Layup,,,5.0,2734,Devin Harris,1610612742.0,Dallas,Mavericks,DAL,0,0,,,,,,0,0,,,,,
0021500045,149,4,0,2,10:12 PM,9:49,Kelly REBOUND (Off:0 Def:1),,,,,4.0,203527,Ryan Kelly,1610612747.0,Los Angeles,Lakers,LAL,0,0,,,,,,0,0,,,,,
0021500045,150,2,1,2,10:12 PM,9:37,MISS Williams  3PT Jump Shot,,,,,4.0,101150,Lou Williams,1610612747.0,Los Angeles,Lakers,LAL,0,0,,,,,,0,0,,,,,
0021500045,151,4,0,2,10:12 PM,9:37,Huertas REBOUND (Off:1 Def:0),,,,,4.0,1626273,Marcelo Huertas,1610612747.0,Los Angeles,Lakers,LAL,0,0,,,,,,0,0,,,,,
0021500045,152,2,5,2,10:12 PM,9:33,MISS Huertas 2' Layup,,Powell BLOCK (1 BLK),,,4.0,1626273,Marcelo Huertas,1610612747.0,Los Angeles,Lakers,LAL,0,0,,,,,,5,203939,Dwight Powell,1610612742.0,Dallas,Mavericks,DAL
0021500045,153,4,0,2,10:12 PM,9:32,,,Nowitzki REBOUND (Off:0 Def:3),,,5.0,1717,Dirk Nowitzki,1610612742.0,Dallas,Mavericks,DAL,0,0,,,,,,0,0,,,,,
0021500045,154,6,28,2,10:12 PM,9:30,Huertas Personal Take Foul (P1.T1) (C.Kirkland),,,,,4.0,1626273,Marcelo Huertas,1610612747.0,Los Angeles,Lakers,LAL,5,2734,Devin Harris,1610612742.0,Dallas,Mavericks,DAL,1,0,,,,,
0021500045,155,8,0,2,10:12 PM,9:30,,,SUB: Matthews FOR Harris,,,5.0,2734,Devin Harris,1610612742.0,Dallas,Mavericks,DAL,5,202083,Wesley Matthews,1610612742.0,Dallas,Mavericks,DAL,0,0,,,,,
0021500045,156,2,1,2,10:13 PM,9:21,Huertas BLOCK (1 BLK),,MISS Barea 3' Jump Shot,,,5.0,200826,J.J. Barea,1610612742.0,Dallas,Mavericks,DAL,0,0,,,,,,4,1626273,Marcelo Huertas,1610612747.0,Los Angeles,Lakers,LAL
0021500045,157,4,0,2,10:13 PM,9:20,Bass REBOUND (Off:0 Def:3),,,,,4.0,101138,Brandon Bass,1610612747.0,Los Angeles,Lakers,LAL,0,0,,,,,,0,0,,,,,
0021500045,158,6,28,2,10:13 PM,9:20,,,Parsons Personal Take Foul (P2.T1) (S.Wright),,,5.0,202718,Chandler Parsons,1610612742.0,Dallas,Mavericks,DAL,4,1626273,Marcelo Huertas,1610612747.0,Los Angeles,Lakers,LAL,1,0,,,,,
0021500045,159,2,1,2,10:13 PM,9:01,MISS Young 19' Jump Shot,,,,,4.0,201156,Nick Young,1610612747.0,Los Angeles,Lakers,LAL,0,0,,,,,,0,0,,,,,
0021500045,160,4,0,2,10:13 PM,9:00,Bass REBOUND (Off:1 Def:3),,,,,4.0,101138,Brandon Bass,1610612747.0,Los Angeles,Lakers,LAL,0,0,,,,,,0,0,,,,,
0021500045,161,1,107,2,10:13 PM,8:57,Bass  Tip Dunk Shot (5 PTS),,,37 - 26,-11,4.0,101138,Brandon Bass,1610612747.0,Los Angeles,Lakers,LAL,0,0,,,,,,0,0,,,,,
0021500045,162,6,1,2,10:14 PM,8:47,Young P.FOUL (P1.T2) (L.Holtkamp),,,,,4.0,201156,Nick Young,1610612747.0,Los Angeles,Lakers,LAL,5,1717,Dirk Nowitzki,1610612742.0,Dallas,Mavericks,DAL,1,0,,,,,
0021500045,163,9,4,2,10:14 PM,8:47,,,,,,1.0,0,,,,,,0,0,,,,,,0,0,,,,,
0021500045,166,8,0,2,10:16 PM,8:47,,,SUB: D. Williams FOR Barea,,,5.0,200826,J.J. Barea,1610612742.0,Dallas,Mavericks,DAL,5,101114,Deron Williams,1610612742.0,Dallas,Mavericks,DAL,0,0,,,,,
0021500045,167,1,42,2,10:16 PM,8:31,,,Parsons  Driving Layup (2 PTS),39 - 26,-13,5.0,202718,Chandler Parsons,1610612742.0,Dallas,Mavericks,DAL,0,0,,,,,,0,0,,,,,
0021500045,168,1,1,2,10:16 PM,8:17,Young 24' 3PT Jump Shot (8 PTS) (Kelly 1 AST),,,39 - 29,-10,4.0,201156,Nick Young,1610612747.0,Los Angeles,Lakers,LAL,4,203527,Ryan Kelly,1610612747.0,Los Angeles,Lakers,LAL,0,0,,,,,
0021500045,169,2,1,2,10:17 PM,8:05,,,MISS Parsons 6' Jump Shot,,,5.0,202718,Chandler Parsons,1610612742.0,Dallas,Mavericks,DAL,0,0,,,,,,0,0,,,,,
0021500045,170,4,0,2,10:17 PM,8:03,Kelly REBOUND (Off:0 Def:2),,,,,4.0,203527,Ryan Kelly,1610612747.0,Los Angeles,Lakers,LAL,0,0,,,,,,0,0,,,,,
0021500045,171,2,1,2,10:17 PM,7:39,MISS Kelly 25' 3PT Jump Shot,,,,,4.0,203527,Ryan Kelly,1610612747.0,Los Angeles,Lakers,LAL,0,0,,,,,,0,0,,,,,
0021500045,172,4,0,2,10:17 PM,7:37,,,Nowitzki REBOUND (Off:0 Def:4),,,5.0,1717,Dirk Nowitzki,1610612742.0,Dallas,Mavericks,DAL,0,0,,,,,,0,0,,,,,
0021500045,173,1,42,2,10:17 PM,7:25,,,Powell 1' Driving Layup (4 PTS) (Nowitzki 1 AST),41 - 29,-12,5.0,203939,Dwight Powell,1610612742.0,Dallas,Mavericks,DAL,5,1717,Dirk Nowitzki,1610612742.0,Dallas,Mavericks,DAL,0,0,,,,,
0021500045,174,2,1,2,10:18 PM,7:06,MISS Young 25' 3PT Jump Shot,,,,,4.0,201156,Nick Young,1610612747.0,Los Angeles,Lakers,LAL,0,0,,,,,,0,0,,,,,
0021500045,175,4,0,2,10:18 PM,7:05,,,Powell REBOUND (Off:1 Def:2),,,5.0,203939,Dwight Powell,1610612742.0,Dallas,Mavericks,DAL,0,0,,,,,,0,0,,,,,
0021500045,176,2,1,2,10:18 PM,6:57,,,MISS Parsons 24' 3PT Jump Shot,,,5.0,202718,Chandler Parsons,1610612742.0,Dallas,Mavericks,DAL,0,0,,,,,,0,0,,,,,
0021500045,177,4,0,2,10:18 PM,6:56,Kelly REBOUND (Off:0 Def:3),,,,,4.0,203527,Ryan Kelly,1610612747.0,Los Angeles,Lakers,LAL,0,0,,,,,,0,0,,,,,
0021500045,178,2,1,2,10:18 PM,6:47,MISS Williams  3PT Jump Shot,,,,,4.0,101150,Lou Williams,1610612747.0,Los Angeles,Lakers,LAL,0,0,,,,,,0,0,,,,,
0021500045,179,4,0,2,10:18 PM,6:45,,,Mavericks Rebound,,,3.0,1610612742,,,,,,0,0,,,,,,0,0,,,,,
0021500045,180,8,0,2,10:18 PM,6:45,SUB: Bryant FOR Williams,,,,,4.0,101150,Lou Williams,1610612747.0,Los Angeles,Lakers,LAL,4,977,Kobe Bryant,1610612747.0,Los Angeles,Lakers,LAL,0,0,,,,,
0021500045,181,8,0,2,10:18 PM,6:45,,,SUB: Villanueva FOR Powell,,,5.0,203939,Dwight Powell,1610612742.0,Dallas,Mavericks,DAL,5,101111,Charlie Villanueva,1610612742.0,Dallas,Mavericks,DAL,0,0,,,,,
0021500045,182,8,0,2,10:18 PM,6:45,,,SUB: Pachulia FOR Nowitzki,,,5.0,1717,Dirk Nowitzki,1610612742.0,Dallas,Mavericks,DAL,5,2585,Zaza Pachulia,1610612742.0,Dallas,Mavericks,DAL,0,0,,,,,
0021500045,183,2,1,2,10:19 PM,6:34,,,MISS D. Williams 11' Jump Shot,,,5.0,101114,Deron Williams,1610612742.0,Dallas,Mavericks,DAL,0,0,,,,,,0,0,,,,,
0021500045,184,4,0,2,10:19 PM,6:34,,,Mavericks Rebound,,,3.0,1610612742,,,,,,0,0,,,,,,0,0,,,,,
0021500045,185,8,0,2,10:19 PM,6:34,SUB: Hibbert FOR Bass,,,,,4.0,101138,Brandon Bass,1610612747.0,Los Angeles,Lakers,LAL,4,201579,Roy Hibbert,1610612747.0,Los Angeles,Lakers,LAL,0,0,,,,,
0021500045,186,2,1,2,10:19 PM,6:31,,,MISS Villanueva 18' Jump Shot,,,5.0,101111,Charlie Villanueva,1610612742.0,Dallas,Mavericks,DAL,0,0,,,,,,0,0,,,,,
0021500045,187,4,0,2,10:19 PM,6:30,Hibbert REBOUND (Off:1 Def:2),,,,,4.0,201579,Roy Hibbert,1610612747.0,Los Angeles,Lakers,LAL,0,0,,,,,,0,0,,,,,
0021500045,188,2,1,2,10:19 PM,6:15,MISS Bryant 26' 3PT Jump Shot,,,,,4.0,977,Kobe Bryant,1610612747.0,Los Angeles,Lakers,LAL,0,0,,,,,,0,0,,,,,
0021500045,189,4,0,2,10:19 PM,6:14,,,Parsons REBOUND (Off:0 Def:2),,,5.0,202718,Chandler Parsons,1610612742.0,Dallas,Mavericks,DAL,0,0,,,,,,0,0,,,,,
0021500045,190,1,46,2,10:19 PM,6:07,,,Matthews 25' 3PT Running Jump Shot (9 PTS) (Parsons 3 AST),44 - 29,-15,5.0,202083,Wesley Matthews,1610612742.0,Dallas,Mavericks,DAL,5,202718,Chandler Parsons,1610612742.0,Dallas,Mavericks,DAL,0,0,,,,,
0021500045,191,9,1,2,10:20 PM,6:00,LAKERS Timeout: Regular (Full 2 Short 0),,,,,2.0,1610612747,,,,,,0,0,,,,,,0,0,,,,,
0021500045,193,8,0,2,10:22 PM,6:00,SUB: Randle FOR Young,,,,,4.0,201156,Nick Young,1610612747.0,Los Angeles,Lakers,LAL,4,203944,Julius Randle,1610612747.0,Los Angeles,Lakers,LAL,0,0,,,,,
0021500045,194,8,0,2,10:22 PM,6:00,SUB: Clarkson FOR Kelly,,,,,4.0,203527,Ryan Kelly,1610612747.0,Los Angeles,Lakers,LAL,4,203903,Jordan Clarkson,1610612747.0,Los Angeles,Lakers,LAL,0,0,,,,,
0021500045,195,8,0,2,10:22 PM,6:00,SUB: Russell FOR Huertas,,,,,4.0,1626273,Marcelo Huertas,1610612747.0,Los Angeles,Lakers,LAL,4,1626156,D'Angelo Russell,1610612747.0,Los Angeles,Lakers,LAL,0,0,,,,,
0021500045,196,2,1,2,10:22 PM,5:43,MISS Russell  3PT Jump Shot,,,,,4.0,1626156,D'Angelo Russell,1610612747.0,Los Angeles,Lakers,LAL,0,0,,,,,,0,0,,,,,
0021500045,197,4,0,2,10:22 PM,5:42,,,Parsons REBOUND (Off:0 Def:3),,,5.0,202718,Chandler Parsons,1610612742.0,Dallas,Mavericks,DAL,0,0,,,,,,0,0,,,,,
0021500045,198,2,1,2,10:23 PM,5:25,,,MISS Matthews 24' 3PT Jump Shot,,,5.0,202083,Wesley Matthews,1610612742.0,Dallas,Mavericks,DAL,0,0,,,,,,0,0,,,,,
0021500045,199,4,0,2,10:23 PM,5:25,LAKERS Rebound,,,,,2.0,1610612747,,,,,,0,0,,,,,,0,0,,,,,
0021500045,200,6,3,2,10:23 PM,5:25,,,Pachulia L.B.FOUL (P1.T2) (C.Kirkland),,,5.0,2585,Zaza Pachulia,1610612742.0,Dallas,Mavericks,DAL,4,201579,Roy Hibbert,1610612747.0,Los Angeles,Lakers,LAL,1,0,,,,,
0021500045,201,6,2,2,10:23 PM,5:07,,,Matthews S.FOUL (P1.T3) (L.Holtkamp),,,5.0,202083,Wesley Matthews,1610612742.0,Dallas,Mavericks,DAL,4,977,Kobe Bryant,1610612747.0,Los Angeles,Lakers,LAL,1,0,,,,,
0021500045,203,3,11,2,10:23 PM,5:07,Bryant Free Throw 1 of 2 (4 PTS),,,44 - 30,-14,4.0,977,Kobe Bryant,1610612747.0,Los Angeles,Lakers,LAL,0,0,,,,,,0,0,,,,,
0021500045,205,3,12,2,10:24 PM,5:07,Bryant Free Throw 2 of 2 (5 PTS),,,44 - 31,-13,4.0,977,Kobe Bryant,1610612747.0,Los Angeles,Lakers,LAL,0,0,,,,,,0,0,,,,,
0021500045,208,2,1,2,10:24 PM,4:44,,,MISS Villanueva 26' 3PT Jump Shot,,,5.0,101111,Charlie Villanueva,1610612742.0,Dallas,Mavericks,DAL,0,0,,,,,,0,0,,,,,
0021500045,209,4,0,2,10:24 PM,4:44,Russell REBOUND (Off:0 Def:1),,,,,4.0,1626156,D'Angelo Russell,1610612747.0,Los Angeles,Lakers,LAL,0,0,,,,,,0,0,,,,,
0021500045,210,6,2,2,10:25 PM,4:36,,,Pachulia S.FOUL (P2.T4) (C.Kirkland),,,5.0,2585,Zaza Pachulia,1610612742.0,Dallas,Mavericks,DAL,4,977,Kobe Bryant,1610612747.0,Los Angeles,Lakers,LAL,1,0,,,,,
0021500045,211,3,11,2,10:25 PM,4:36,Bryant Free Throw 1 of 2 (6 PTS),,,44 - 32,-12,4.0,977,Kobe Bryant,1610612747.0,Los Angeles,Lakers,LAL,0,0,,,,,,0,0,,,,,
0021500045,213,8,0,2,10:25 PM,4:36,,,SUB: Powell FOR Pachulia,,,5.0,2585,Zaza Pachulia,1610612742.0,Dallas,Mavericks,DAL,5,203939,Dwight Powell,1610612742.0,Dallas,Mavericks,DAL,0,0,,,,,
0021500045,214,8,0,2,10:25 PM,4:36,,,SUB: Harris FOR Parsons,,,5.0,202718,Chandler Parsons,1610612742.0,Dallas,Mavericks,DAL,5,2734,Devin Harris,1610612742.0,Dallas,Mavericks,DAL,0,0,,,,,
0021500045,215,3,12,2,10:25 PM,4:36,Bryant Free Throw 2 of 2 (7 PTS),,,44 - 33,-11,4.0,977,Kobe Bryant,1610612747.0,Los Angeles,Lakers,LAL,0,0,,,,,,0,0,,,,,
0021500045,217,2,1,2,10:26 PM,4:21,,,MISS Harris 19' Jump Shot,,,5.0,2734,Devin Harris,1610612742.0,Dallas,Mavericks,DAL,0,0,,,,,,0,0,,,,,
0021500045,218,4,0,2,10:26 PM,4:20,,,Powell REBOUND (Off:2 Def:2),,,5.0,203939,Dwight Powell,1610612742.0,Dallas,Mavericks,DAL,0,0,,,,,,0,0,,,,,
0021500045,219,1,1,2,10:26 PM,4:14,,,D. Williams 25' 3PT Jump Shot (7 PTS) (Powell 2 AST),47 - 33,-14,5.0,101114,Deron Williams,1610612742.0,Dallas,Mavericks,DAL,5,203939,Dwight Powell,1610612742.0,Dallas,Mavericks,DAL,0,0,,,,,
0021500045,220,2,1,2,10:26 PM,4:00,MISS Bryant 12' Jump Shot,,,,,4.0,977,Kobe Bryant,1610612747.0,Los Angeles,Lakers,LAL,0,0,,,,,,0,0,,,,,
0021500045,221,4,0,2,10:26 PM,3:59,,,Harris REBOUND (Off:0 Def:1),,,5.0,2734,Devin Harris,1610612742.0,Dallas,Mavericks,DAL,0,0,,,,,,0,0,,,,,
0021500045,222,1,75,2,10:26 PM,3:48,,,D. Williams 2' Driving Finger Roll Layup (9 PTS),49 - 33,-16,5.0,101114,Deron Williams,1610612742.0,Dallas,Mavericks,DAL,0,0,,,,,,0,0,,,,,
0021500045,223,2,1,2,10:27 PM,3:34,MISS Clarkson 24' 3PT Jump Shot,,,,,4.0,203903,Jordan Clarkson,1610612747.0,Los Angeles,Lakers,LAL,0,0,,,,,,0,0,,,,,
0021500045,224,4,0,2,10:27 PM,3:34,LAKERS Rebound,,,,,2.0,1610612747,,,,,,0,0,,,,,,0,0,,,,,
0021500045,225,6,3,2,10:27 PM,3:34,,,Powell L.B.FOUL (P1.PN) (S.Wright),,,5.0,203939,Dwight Powell,1610612742.0,Dallas,Mavericks,DAL,4,201579,Roy Hibbert,1610612747.0,Los Angeles,Lakers,LAL,1,0,,,,,
0021500045,226,3,11,2,10:27 PM,3:34,MISS Hibbert Free Throw 1 of 2,,,,,4.0,201579,Roy Hibbert,1610612747.0,Los Angeles,Lakers,LAL,0,0,,,,,,0,0,,,,,
0021500045,227,4,1,2,10:27 PM,3:34,LAKERS Rebound,,,,,2.0,1610612747,,,,,,0,0,,,,,,0,0,,,,,
0021500045,228,3,12,2,10:27 PM,3:34,Hibbert Free Throw 2 of 2 (1 PTS),,,49 - 34,-15,4.0,201579,Roy Hibbert,1610612747.0,Los Angeles,Lakers,LAL,0,0,,,,,,0,0,,,,,
0021500045,230,9,1,2,10:27 PM,3:29,,,Mavericks Timeout: Regular (Reg.2 Short 0),,,3.0,1610612742,,,,,,0,0,,,,,,0,0,,,,,
0021500045,232,8,0,2,10:30 PM,3:29,,,SUB: Nowitzki FOR Villanueva,,,5.0,101111,Charlie Villanueva,1610612742.0,Dallas,Mavericks,DAL,5,1717,Dirk Nowitzki,1610612742.0,Dallas,Mavericks,DAL,0,0,,,,,
0021500045,233,2,1,2,10:30 PM,3:20,,,MISS D. Williams 24' 3PT Jump Shot,,,5.0,101114,Deron Williams,1610612742.0,Dallas,Mavericks,DAL,0,0,,,,,,0,0,,,,,
0021500045,234,4,0,2,10:30 PM,3:19,Bryant REBOUND (Off:0 Def:2),,,,,4.0,977,Kobe Bryant,1610612747.0,Los Angeles,Lakers,LAL,0,0,,,,,,0,0,,,,,
0021500045,235,1,82,2,10:30 PM,3:10,Randle 5' Driving Bank Shot (10 PTS),,,49 - 36,-13,4.0,203944,Julius Randle,1610612747.0,Los Angeles,Lakers,LAL,0,0,,,,,,0,0,,,,,
0021500045,236,6,2,2,10:30 PM,3:10,,,Powell S.FOUL (P2.PN) (S.Wright),,,5.0,203939,Dwight Powell,1610612742.0,Dallas,Mavericks,DAL,4,203944,Julius Randle,1610612747.0,Los Angeles,Lakers,LAL,1,0,,,,,
0021500045,237,3,10,2,10:31 PM,3:10,Randle Free Throw 1 of 1 (11 PTS),,,49 - 37,-12,4.0,203944,Julius Randle,1610612747.0,Los Angeles,Lakers,LAL,0,0,,,,,,0,0,,,,,
0021500045,239,2,1,2,10:31 PM,2:58,,,MISS Powell 5' Jump Shot,,,5.0,203939,Dwight Powell,1610612742.0,Dallas,Mavericks,DAL,0,0,,,,,,0,0,,,,,
0021500045,240,4,0,2,10:31 PM,2:57,Randle REBOUND (Off:0 Def:9),,,,,4.0,203944,Julius Randle,1610612747.0,Los Angeles,Lakers,LAL,0,0,,,,,,0,0,,,,,
0021500045,241,6,2,2,10:31 PM,2:45,,,Harris S.FOUL (P2.PN) (S.Wright),,,5.0,2734,Devin Harris,1610612742.0,Dallas,Mavericks,DAL,4,201579,Roy Hibbert,1610612747.0,Los Angeles,Lakers,LAL,1,0,,,,,
0021500045,242,3,11,2,10:31 PM,2:45,Hibbert Free Throw 1 of 2 (2 PTS),,,49 - 38,-11,4.0,201579,Roy Hibbert,1610612747.0,Los Angeles,Lakers,LAL,0,0,,,,,,0,0,,,,,
0021500045,244,8,0,2,10:32 PM,2:45,,,SUB: Felton FOR Matthews,,,5.0,202083,Wesley Matthews,1610612742.0,Dallas,Mavericks,DAL,5,101109,Raymond Felton,1610612742.0,Dallas,Mavericks,DAL,0,0,,,,,
0021500045,246,8,0,2,10:32 PM,2:45,,,SUB: Pachulia FOR Powell,,,5.0,203939,Dwight Powell,1610612742.0,Dallas,Mavericks,DAL,5,2585,Zaza Pachulia,1610612742.0,Dallas,Mavericks,DAL,0,0,,,,,
0021500045,245,3,12,2,10:32 PM,2:45,MISS Hibbert Free Throw 2 of 2,,,,,4.0,201579,Roy Hibbert,1610612747.0,Los Angeles,Lakers,LAL,0,0,,,,,,0,0,,,,,
0021500045,247,4,0,2,10:32 PM,2:43,,,Pachulia REBOUND (Off:0 Def:5),,,5.0,2585,Zaza Pachulia,1610612742.0,Dallas,Mavericks,DAL,0,0,,,,,,0,0,,,,,
0021500045,248,5,1,2,10:32 PM,2:35,Randle STEAL (1 STL),,Harris Bad Pass Turnover (P1.T2),,,5.0,2734,Devin Harris,1610612742.0,Dallas,Mavericks,DAL,4,203944,Julius Randle,1610612747.0,Los Angeles,Lakers,LAL,0,0,,,,,
0021500045,249,2,1,2,10:33 PM,2:26,MISS Bryant 12' Jump Shot,,,,,4.0,977,Kobe Bryant,1610612747.0,Los Angeles,Lakers,LAL,0,0,,,,,,0,0,,,,,
0021500045,250,4,0,2,10:33 PM,2:26,LAKERS Rebound,,,,,2.0,1610612747,,,,,,0,0,,,,,,0,0,,,,,
0021500045,251,6,3,2,10:33 PM,2:26,,,Nowitzki L.B.FOUL (P2.PN) (L.Holtkamp),,,5.0,1717,Dirk Nowitzki,1610612742.0,Dallas,Mavericks,DAL,4,203944,Julius Randle,1610612747.0,Los Angeles,Lakers,LAL,1,0,,,,,
0021500045,252,3,11,2,10:33 PM,2:26,MISS Randle Free Throw 1 of 2,,,,,4.0,203944,Julius Randle,1610612747.0,Los Angeles,Lakers,LAL,0,0,,,,,,0,0,,,,,
0021500045,253,4,1,2,10:33 PM,2:26,LAKERS Rebound,,,,,2.0,1610612747,,,,,,0,0,,,,,,0,0,,,,,
0021500045,254,3,12,2,10:33 PM,2:26,MISS Randle Free Throw 2 of 2,,,,,4.0,203944,Julius Randle,1610612747.0,Los Angeles,Lakers,LAL,0,0,,,,,,0,0,,,,,
0021500045,256,4,0,2,10:33 PM,2:24,,,Nowitzki REBOUND (Off:0 Def:5),,,5.0,1717,Dirk Nowitzki,1610612742.0,Dallas,Mavericks,DAL,0,0,,,,,,0,0,,,,,
0021500045,257,1,1,2,10:33 PM,2:07,,,Nowitzki 25' 3PT Jump Shot (13 PTS) (D. Williams 4 AST),52 - 38,-14,5.0,1717,Dirk Nowitzki,1610612742.0,Dallas,Mavericks,DAL,5,101114,Deron Williams,1610612742.0,Dallas,Mavericks,DAL,0,0,,,,,
0021500045,258,2,1,2,10:34 PM,1:48,MISS Randle 4' Jump Shot,,Pachulia BLOCK (1 BLK),,,4.0,203944,Julius Randle,1610612747.0,Los Angeles,Lakers,LAL,0,0,,,,,,5,2585,Zaza Pachulia,1610612742.0,Dallas,Mavericks,DAL
0021500045,259,4,0,2,10:34 PM,1:48,LAKERS Rebound,,,,,2.0,1610612747,,,,,,0,0,,,,,,0,0,,,,,
0021500045,260,2,1,2,10:34 PM,1:44,MISS Bryant 25' 3PT Jump Shot,,,,,4.0,977,Kobe Bryant,1610612747.0,Los Angeles,Lakers,LAL,0,0,,,,,,0,0,,,,,
0021500045,261,4,0,2,10:34 PM,1:44,,,Harris REBOUND (Off:0 Def:2),,,5.0,2734,Devin Harris,1610612742.0,Dallas,Mavericks,DAL,0,0,,,,,,0,0,,,,,
0021500045,262,2,1,2,10:34 PM,1:32,,,MISS Felton 24' 3PT Jump Shot,,,5.0,101109,Raymond Felton,1610612742.0,Dallas,Mavericks,DAL,0,0,,,,,,0,0,,,,,
0021500045,263,4,0,2,10:34 PM,1:31,Randle REBOUND (Off:0 Def:10),,,,,4.0,203944,Julius Randle,1610612747.0,Los Angeles,Lakers,LAL,0,0,,,,,,0,0,,,,,
0021500045,264,2,5,2,10:35 PM,1:10,MISS Randle 1' Layup,,,,,4.0,203944,Julius Randle,1610612747.0,Los Angeles,Lakers,LAL,0,0,,,,,,0,0,,,,,
0021500045,265,4,0,2,10:35 PM,1:10,LAKERS Rebound,,,,,2.0,1610612747,,,,,,0,0,,,,,,0,0,,,,,
0021500045,266,8,0,2,10:35 PM,1:10,,,SUB: Barea FOR D. Williams,,,5.0,101114,Deron Williams,1610612742.0,Dallas,Mavericks,DAL,5,200826,J.J. Barea,1610612742.0,Dallas,Mavericks,DAL,0,0,,,,,
0021500045,267,2,1,2,10:35 PM,1:06,MISS Russell 14' Jump Shot,,,,,4.0,1626156,D'Angelo Russell,1610612747.0,Los Angeles,Lakers,LAL,0,0,,,,,,0,0,,,,,
0021500045,268,4,0,2,10:35 PM,1:05,Hibbert REBOUND (Off:2 Def:2),,,,,4.0,201579,Roy Hibbert,1610612747.0,Los Angeles,Lakers,LAL,0,0,,,,,,0,0,,,,,
0021500045,269,1,1,2,10:35 PM,1:00,Clarkson 25' 3PT Jump Shot (5 PTS) (Hibbert 1 AST),,,52 - 41,-11,4.0,203903,Jordan Clarkson,1610612747.0,Los Angeles,Lakers,LAL,4,201579,Roy Hibbert,1610612747.0,Los Angeles,Lakers,LAL,0,0,,,,,
0021500045,270,5,2,2,10:35 PM,0:45,Clarkson STEAL (1 STL),,Barea Lost Ball Turnover (P1.T3),,,5.0,200826,J.J. Barea,1610612742.0,Dallas,Mavericks,DAL,4,203903,Jordan Clarkson,1610612747.0,Los Angeles,Lakers,LAL,0,0,,,,,
0021500045,271,1,50,2,10:36 PM,0:41,Randle  Running Dunk (13 PTS) (Clarkson 3 AST),,,52 - 43,-9,4.0,203944,Julius Randle,1610612747.0,Los Angeles,Lakers,LAL,4,203903,Jordan Clarkson,1610612747.0,Los Angeles,Lakers,LAL,0,0,,,,,
0021500045,272,9,2,2,10:36 PM,0:41,,,Mavericks Timeout: Short (Reg.2 Short 1),,,3.0,1610612742,,,,,,0,0,,,,,,0,0,,,,,
0021500045,274,8,0,2,10:37 PM,0:41,,,SUB: Matthews FOR Harris,,,5.0,2734,Devin Harris,1610612742.0,Dallas,Mavericks,DAL,5,202083,Wesley Matthews,1610612742.0,Dallas,Mavericks,DAL,0,0,,,,,
0021500045,275,2,1,2,10:37 PM,0:32,,,MISS Barea 25' 3PT Jump Shot,,,5.0,200826,J.J. Barea,1610612742.0,Dallas,Mavericks,DAL,0,0,,,,,,0,0,,,,,
0021500045,276,4,0,2,10:37 PM,0:30,,,Felton REBOUND (Off:1 Def:0),,,5.0,101109,Raymond Felton,1610612742.0,Dallas,Mavericks,DAL,0,0,,,,,,0,0,,,,,
0021500045,277,6,2,2,10:37 PM,0:13,Randle S.FOUL (P1.T3) (S.Wright),,,,,4.0,203944,Julius Randle,1610612747.0,Los Angeles,Lakers,LAL,5,1717,Dirk Nowitzki,1610612742.0,Dallas,Mavericks,DAL,1,0,,,,,
0021500045,278,3,11,2,10:38 PM,0:13,,,Nowitzki Free Throw 1 of 2 (14 PTS),53 - 43,-10,5.0,1717,Dirk Nowitzki,1610612742.0,Dallas,Mavericks,DAL,0,0,,,,,,0,0,,,,,
0021500045,280,3,12,2,10:38 PM,0:13,,,Nowitzki Free Throw 2 of 2 (15 PTS),54 - 43,-11,5.0,1717,Dirk Nowitzki,1610612742.0,Dallas,Mavericks,DAL,0,0,,,,,,0,0,,,,,
0021500045,283,8,0,2,10:39 PM,0:06,,,SUB: Powell FOR Nowitzki,,,5.0,1717,Dirk Nowitzki,1610612742.0,Dallas,Mavericks,DAL,5,203939,Dwight Powell,1610612742.0,Dallas,Mavericks,DAL,0,0,,,,,
0021500045,284,2,5,2,10:39 PM,0:00,MISS Randle 2' Layup,,,,,4.0,203944,Julius Randle,1610612747.0,Los Angeles,Lakers,LAL,0,0,,,,,,0,0,,,,,
0021500045,285,4,0,2,10:39 PM,0:00,Hibbert REBOUND (Off:3 Def:2),,,,,4.0,201579,Roy Hibbert,1610612747.0,Los Angeles,Lakers,LAL,0,0,,,,,,0,0,,,,,
0021500045,286,1,5,2,10:39 PM,0:00,Hibbert 2' Layup (4 PTS),,,54 - 45,-9,4.0,201579,Roy Hibbert,1610612747.0,Los Angeles,Lakers,LAL,0,0,,,,,,0,0,,,,,
0021500045,287,18,0,2,10:39 PM,0:00,,,,,,,286,,,,,,0,0,,,,,,1,0,,,,,
0021500045,288,13,0,2,10:40 PM,0:00,,,,54 - 45,-9,0.0,0,,,,,,0,0,,,,,,0,0,,,,,
0021500045,290,12,0,3,10:55 PM,12:00,,,,54 - 45,-9,0.0,0,,,,,,0,0,,,,,,0,0,,,,,
0021500045,291,5,1,3,10:56 PM,11:40,Randle Bad Pass Turnover (P2.T8),,Felton STEAL (1 STL),,,4.0,203944,Julius Randle,1610612747.0,Los Angeles,Lakers,LAL,5,101109,Raymond Felton,1610612742.0,Dallas,Mavericks,DAL,0,0,,,,,
0021500045,292,6,4,3,10:56 PM,11:23,,,Pachulia OFF.Foul (P3) (L.Holtkamp),,,5.0,2585,Zaza Pachulia,1610612742.0,Dallas,Mavericks,DAL,4,201579,Roy Hibbert,1610612747.0,Los Angeles,Lakers,LAL,1,0,,,,,
0021500045,293,5,5,3,10:56 PM,11:23,,,Pachulia Foul Turnover (P1.T4),,,5.0,2585,Zaza Pachulia,1610612742.0,Dallas,Mavericks,DAL,0,0,,,,,,1,0,,,,,
0021500045,294,2,1,3,10:56 PM,11:06,MISS Bryant 24' 3PT Jump Shot,,,,,4.0,977,Kobe Bryant,1610612747.0,Los Angeles,Lakers,LAL,0,0,,,,,,0,0,,,,,
0021500045,295,4,0,3,10:56 PM,11:06,,,Nowitzki REBOUND (Off:0 Def:6),,,5.0,1717,Dirk Nowitzki,1610612742.0,Dallas,Mavericks,DAL,0,0,,,,,,0,0,,,,,
0021500045,296,1,5,3,10:57 PM,10:52,,,D. Williams 1' Layup (11 PTS) (Pachulia 1 AST),56 - 45,-11,5.0,101114,Deron Williams,1610612742.0,Dallas,Mavericks,DAL,5,2585,Zaza Pachulia,1610612742.0,Dallas,Mavericks,DAL,0,0,,,,,
0021500045,297,1,1,3,10:57 PM,10:41,Russell 17' Jump Shot (2 PTS),,,56 - 47,-9,4.0,1626156,D'Angelo Russell,1610612747.0,Los Angeles,Lakers,LAL,0,0,,,,,,0,0,,,,,
0021500045,298,2,1,3,10:57 PM,10:26,,,MISS Matthews 25' 3PT Jump Shot,,,5.0,202083,Wesley Matthews,1610612742.0,Dallas,Mavericks,DAL,0,0,,,,,,0,0,,,,,
0021500045,302,4,0,3,10:57 PM,10:20,,,Matthews REBOUND (Off:1 Def:0),,,5.0,202083,Wesley Matthews,1610612742.0,Dallas,Mavericks,DAL,0,0,,,,,,0,0,,,,,
0021500045,301,2,1,3,10:57 PM,10:20,,,MISS Matthews 25' 3PT Jump Shot,,,5.0,202083,Wesley Matthews,1610612742.0,Dallas,Mavericks,DAL,0,0,,,,,,0,0,,,,,
0021500045,303,4,0,3,10:57 PM,10:20,Randle REBOUND (Off:0 Def:11),,,,,4.0,203944,Julius Randle,1610612747.0,Los Angeles,Lakers,LAL,0,0,,,,,,0,0,,,,,
0021500045,304,2,1,3,10:57 PM,10:15,MISS Russell 25' 3PT Jump Shot,,,,,4.0,1626156,D'Angelo Russell,1610612747.0,Los Angeles,Lakers,LAL,0,0,,,,,,0,0,,,,,
0021500045,305,4,0,3,10:57 PM,10:13,Bryant REBOUND (Off:1 Def:2),,,,,4.0,977,Kobe Bryant,1610612747.0,Los Angeles,Lakers,LAL,0,0,,,,,,0,0,,,,,
0021500045,306,1,5,3,10:57 PM,10:11,Bryant 1' Layup (9 PTS),,,56 - 49,-7,4.0,977,Kobe Bryant,1610612747.0,Los Angeles,Lakers,LAL,0,0,,,,,,0,0,,,,,
0021500045,307,2,5,3,10:57 PM,10:02,Russell BLOCK (1 BLK),,MISS D. Williams 1' Layup,,,5.0,101114,Deron Williams,1610612742.0,Dallas,Mavericks,DAL,0,0,,,,,,4,1626156,D'Angelo Russell,1610612747.0,Los Angeles,Lakers,LAL
0021500045,308,4,0,3,10:58 PM,10:01,Russell REBOUND (Off:0 Def:2),,,,,4.0,1626156,D'Angelo Russell,1610612747.0,Los Angeles,Lakers,LAL,0,0,,,,,,0,0,,,,,
0021500045,309,2,1,3,10:58 PM,9:56,MISS Clarkson 25' 3PT Jump Shot,,,,,4.0,203903,Jordan Clarkson,1610612747.0,Los Angeles,Lakers,LAL,0,0,,,,,,0,0,,,,,
0021500045,310,4,0,3,10:58 PM,9:54,,,Pachulia REBOUND (Off:0 Def:6),,,5.0,2585,Zaza Pachulia,1610612742.0,Dallas,Mavericks,DAL,0,0,,,,,,0,0,,,,,
0021500045,311,1,104,3,10:58 PM,9:36,,,Nowitzki 11' Step Back Bank Jump Shot (17 PTS),58 - 49,-9,5.0,1717,Dirk Nowitzki,1610612742.0,Dallas,Mavericks,DAL,0,0,,,,,,0,0,,,,,
0021500045,312,2,5,3,10:58 PM,9:16,MISS Randle 2' Layup,,,,,4.0,203944,Julius Randle,1610612747.0,Los Angeles,Lakers,LAL,0,0,,,,,,0,0,,,,,
0021500045,313,4,0,3,10:58 PM,9:16,,,Nowitzki REBOUND (Off:0 Def:7),,,5.0,1717,Dirk Nowitzki,1610612742.0,Dallas,Mavericks,DAL,0,0,,,,,,0,0,,,,,
0021500045,314,5,1,3,10:58 PM,9:09,Randle STEAL (2 STL),,Felton Bad Pass Turnover (P1.T5),,,5.0,101109,Raymond Felton,1610612742.0,Dallas,Mavericks,DAL,4,203944,Julius Randle,1610612747.0,Los Angeles,Lakers,LAL,0,0,,,,,
0021500045,315,2,5,3,10:58 PM,9:02,MISS Randle 1' Layup,,,,,4.0,203944,Julius Randle,1610612747.0,Los Angeles,Lakers,LAL,0,0,,,,,,0,0,,,,,
0021500045,316,4,0,3,10:59 PM,9:01,,,Matthews REBOUND (Off:1 Def:1),,,5.0,202083,Wesley Matthews,1610612742.0,Dallas,Mavericks,DAL,0,0,,,,,,0,0,,,,,
0021500045,317,2,1,3,10:59 PM,8:55,,,MISS D. Williams 25' 3PT Jump Shot,,,5.0,101114,Deron Williams,1610612742.0,Dallas,Mavericks,DAL,0,0,,,,,,0,0,,,,,
0021500045,318,4,0,3,10:59 PM,8:53,Hibbert REBOUND (Off:3 Def:3),,,,,4.0,201579,Roy Hibbert,1610612747.0,Los Angeles,Lakers,LAL,0,0,,,,,,0,0,,,,,
0021500045,319,6,4,3,10:59 PM,8:42,Hibbert OFF.Foul (P3) (S.Wright),,,,,4.0,201579,Roy Hibbert,1610612747.0,Los Angeles,Lakers,LAL,5,101114,Deron Williams,1610612742.0,Dallas,Mavericks,DAL,1,0,,,,,
0021500045,320,5,5,3,10:59 PM,8:42,Hibbert Foul Turnover (P2.T9),,,,,4.0,201579,Roy Hibbert,1610612747.0,Los Angeles,Lakers,LAL,0,0,,,,,,1,0,,,,,
0021500045,321,2,1,3,10:59 PM,8:28,,,MISS Nowitzki 24' 3PT Jump Shot,,,5.0,1717,Dirk Nowitzki,1610612742.0,Dallas,Mavericks,DAL,0,0,,,,,,0,0,,,,,
0021500045,322,4,0,3,10:59 PM,8:28,Hibbert REBOUND (Off:3 Def:4),,,,,4.0,201579,Roy Hibbert,1610612747.0,Los Angeles,Lakers,LAL,0,0,,,,,,0,0,,,,,
0021500045,323,2,5,3,11:00 PM,8:15,MISS Hibbert 1' Layup,,,,,4.0,201579,Roy Hibbert,1610612747.0,Los Angeles,Lakers,LAL,0,0,,,,,,0,0,,,,,
0021500045,324,4,0,3,11:00 PM,8:14,,,Pachulia REBOUND (Off:0 Def:7),,,5.0,2585,Zaza Pachulia,1610612742.0,Dallas,Mavericks,DAL,0,0,,,,,,0,0,,,,,
0021500045,325,6,2,3,11:00 PM,8:06,Bryant S.FOUL (P2.T1) (S.Wright),,,,,4.0,977,Kobe Bryant,1610612747.0,Los Angeles,Lakers,LAL,5,2585,Zaza Pachulia,1610612742.0,Dallas,Mavericks,DAL,1,0,,,,,
0021500045,326,3,11,3,11:00 PM,8:06,,,Pachulia Free Throw 1 of 2 (6 PTS),59 - 49,-10,5.0,2585,Zaza Pachulia,1610612742.0,Dallas,Mavericks,DAL,0,0,,,,,,0,0,,,,,
0021500045,328,3,12,3,11:00 PM,8:06,,,Pachulia Free Throw 2 of 2 (7 PTS),60 - 49,-11,5.0,2585,Zaza Pachulia,1610612742.0,Dallas,Mavericks,DAL,0,0,,,,,,0,0,,,,,
0021500045,330,5,1,3,11:01 PM,7:57,Hibbert Bad Pass Turnover (P3.T10),,Nowitzki STEAL (1 STL),,,4.0,201579,Roy Hibbert,1610612747.0,Los Angeles,Lakers,LAL,5,1717,Dirk Nowitzki,1610612742.0,Dallas,Mavericks,DAL,0,0,,,,,
0021500045,331,2,5,3,11:01 PM,7:51,Randle BLOCK (1 BLK),,MISS Pachulia 1' Layup,,,5.0,2585,Zaza Pachulia,1610612742.0,Dallas,Mavericks,DAL,0,0,,,,,,4,203944,Julius Randle,1610612747.0,Los Angeles,Lakers,LAL
0021500045,332,4,0,3,11:01 PM,7:48,Russell REBOUND (Off:0 Def:3),,,,,4.0,1626156,D'Angelo Russell,1610612747.0,Los Angeles,Lakers,LAL,0,0,,,,,,0,0,,,,,
0021500045,333,2,5,3,11:01 PM,7:41,MISS Bryant 1' Layup,,,,,4.0,977,Kobe Bryant,1610612747.0,Los Angeles,Lakers,LAL,0,0,,,,,,0,0,,,,,
0021500045,334,4,0,3,11:01 PM,7:41,,,D. Williams REBOUND (Off:0 Def:4),,,5.0,101114,Deron Williams,1610612742.0,Dallas,Mavericks,DAL,0,0,,,,,,0,0,,,,,
0021500045,335,6,1,3,11:01 PM,7:41,Clarkson P.FOUL (P2.T2) (C.Kirkland),,,,,4.0,203903,Jordan Clarkson,1610612747.0,Los Angeles,Lakers,LAL,5,202083,Wesley Matthews,1610612742.0,Dallas,Mavericks,DAL,1,0,,,,,
0021500045,336,1,78,3,11:02 PM,7:19,,,Pachulia 4' Floating Jump Shot (9 PTS) (Felton 1 AST),62 - 49,-13,5.0,2585,Zaza Pachulia,1610612742.0,Dallas,Mavericks,DAL,5,101109,Raymond Felton,1610612742.0,Dallas,Mavericks,DAL,0,0,,,,,
0021500045,337,1,1,3,11:02 PM,6:53,Bryant 24' 3PT Jump Shot (12 PTS) (Randle 1 AST),,,62 - 52,-10,4.0,977,Kobe Bryant,1610612747.0,Los Angeles,Lakers,LAL,4,203944,Julius Randle,1610612747.0,Los Angeles,Lakers,LAL,0,0,,,,,
0021500045,338,6,1,3,11:02 PM,6:36,Bryant P.FOUL (P3.T3) (S.Wright),,,,,4.0,977,Kobe Bryant,1610612747.0,Los Angeles,Lakers,LAL,5,202083,Wesley Matthews,1610612742.0,Dallas,Mavericks,DAL,1,0,,,,,
0021500045,339,8,0,3,11:03 PM,6:36,,,SUB: Powell FOR Nowitzki,,,5.0,1717,Dirk Nowitzki,1610612742.0,Dallas,Mavericks,DAL,5,203939,Dwight Powell,1610612742.0,Dallas,Mavericks,DAL,0,0,,,,,
0021500045,340,2,1,3,11:03 PM,6:22,,,MISS Matthews 24' 3PT Jump Shot,,,5.0,202083,Wesley Matthews,1610612742.0,Dallas,Mavericks,DAL,0,0,,,,,,0,0,,,,,
0021500045,341,4,0,3,11:03 PM,6:22,LAKERS Rebound,,,,,2.0,1610612747,,,,,,0,0,,,,,,0,0,,,,,
0021500045,342,1,3,3,11:04 PM,6:04,Randle 5' Hook Shot (15 PTS) (Hibbert 2 AST),,,62 - 54,-8,4.0,203944,Julius Randle,1610612747.0,Los Angeles,Lakers,LAL,4,201579,Roy Hibbert,1610612747.0,Los Angeles,Lakers,LAL,0,0,,,,,
0021500045,343,9,1,3,11:04 PM,6:02,,,Mavericks Timeout: Regular (Reg.3 Short 1),,,3.0,1610612742,,,,,,0,0,,,,,,0,0,,,,,
0021500045,345,1,1,3,11:07 PM,5:44,,,Felton 16' Jump Shot (5 PTS) (D. Williams 5 AST),64 - 54,-10,5.0,101109,Raymond Felton,1610612742.0,Dallas,Mavericks,DAL,5,101114,Deron Williams,1610612742.0,Dallas,Mavericks,DAL,0,0,,,,,
0021500045,346,1,1,3,11:07 PM,5:18,Russell 24' 3PT Jump Shot (5 PTS) (Randle 2 AST),,,64 - 57,-7,4.0,1626156,D'Angelo Russell,1610612747.0,Los Angeles,Lakers,LAL,4,203944,Julius Randle,1610612747.0,Los Angeles,Lakers,LAL,0,0,,,,,
0021500045,347,2,1,3,11:07 PM,5:01,,,MISS D. Williams 25' 3PT Jump Shot,,,5.0,101114,Deron Williams,1610612742.0,Dallas,Mavericks,DAL,0,0,,,,,,0,0,,,,,
0021500045,348,4,0,3,11:07 PM,5:00,,,Pachulia REBOUND (Off:1 Def:7),,,5.0,2585,Zaza Pachulia,1610612742.0,Dallas,Mavericks,DAL,0,0,,,,,,0,0,,,,,
0021500045,349,1,78,3,11:07 PM,4:52,,,Felton 5' Floating Jump Shot (7 PTS),66 - 57,-9,5.0,101109,Raymond Felton,1610612742.0,Dallas,Mavericks,DAL,0,0,,,,,,0,0,,,,,
0021500045,350,2,1,3,11:08 PM,4:37,MISS Bryant 25' 3PT Jump Shot,,,,,4.0,977,Kobe Bryant,1610612747.0,Los Angeles,Lakers,LAL,0,0,,,,,,0,0,,,,,
0021500045,351,4,0,3,11:08 PM,4:37,,,Pachulia REBOUND (Off:1 Def:8),,,5.0,2585,Zaza Pachulia,1610612742.0,Dallas,Mavericks,DAL,0,0,,,,,,0,0,,,,,
0021500045,352,1,3,3,11:08 PM,4:15,,,Pachulia 3' Hook Shot (11 PTS) (Matthews 1 AST),68 - 57,-11,5.0,2585,Zaza Pachulia,1610612742.0,Dallas,Mavericks,DAL,5,202083,Wesley Matthews,1610612742.0,Dallas,Mavericks,DAL,0,0,,,,,
0021500045,353,1,1,3,11:08 PM,3:55,Russell 24' 3PT Jump Shot (8 PTS) (Randle 3 AST),,,68 - 60,-8,4.0,1626156,D'Angelo Russell,1610612747.0,Los Angeles,Lakers,LAL,4,203944,Julius Randle,1610612747.0,Los Angeles,Lakers,LAL,0,0,,,,,
0021500045,354,1,79,3,11:09 PM,3:42,,,Felton 3' Pullup Jump Shot (9 PTS),70 - 60,-10,5.0,101109,Raymond Felton,1610612742.0,Dallas,Mavericks,DAL,0,0,,,,,,0,0,,,,,
0021500045,355,9,1,3,11:09 PM,3:42,LAKERS Timeout: Regular (Full 3 Short 0),,,,,2.0,1610612747,,,,,,0,0,,,,,,0,0,,,,,
0021500045,357,8,0,3,11:11 PM,3:42,SUB: Williams FOR Bryant,,,,,4.0,977,Kobe Bryant,1610612747.0,Los Angeles,Lakers,LAL,4,101150,Lou Williams,1610612747.0,Los Angeles,Lakers,LAL,0,0,,,,,
0021500045,358,8,0,3,11:11 PM,3:42,SUB: Young FOR Hibbert,,,,,4.0,201579,Roy Hibbert,1610612747.0,Los Angeles,Lakers,LAL,4,201156,Nick Young,1610612747.0,Los Angeles,Lakers,LAL,0,0,,,,,
0021500045,359,8,0,3,11:11 PM,3:42,SUB: Bass FOR Russell,,,,,4.0,1626156,D'Angelo Russell,1610612747.0,Los Angeles,Lakers,LAL,4,101138,Brandon Bass,1610612747.0,Los Angeles,Lakers,LAL,0,0,,,,,
0021500045,360,8,0,3,11:11 PM,3:42,,,SUB: Harris FOR Matthews,,,5.0,202083,Wesley Matthews,1610612742.0,Dallas,Mavericks,DAL,5,2734,Devin Harris,1610612742.0,Dallas,Mavericks,DAL,0,0,,,,,
0021500045,361,1,5,3,11:11 PM,3:26,Randle 1' Layup (17 PTS),,,70 - 62,-8,4.0,203944,Julius Randle,1610612747.0,Los Angeles,Lakers,LAL,0,0,,,,,,0,0,,,,,
0021500045,362,6,2,3,11:11 PM,3:26,,,Powell S.FOUL (P3.T1) (C.Kirkland),,,5.0,203939,Dwight Powell,1610612742.0,Dallas,Mavericks,DAL,4,203944,Julius Randle,1610612747.0,Los Angeles,Lakers,LAL,1,0,,,,,
0021500045,364,8,0,3,11:12 PM,3:26,,,SUB: Nowitzki FOR Pachulia,,,5.0,2585,Zaza Pachulia,1610612742.0,Dallas,Mavericks,DAL,5,1717,Dirk Nowitzki,1610612742.0,Dallas,Mavericks,DAL,0,0,,,,,
0021500045,365,3,10,3,11:12 PM,3:26,MISS Randle Free Throw 1 of 1,,,,,4.0,203944,Julius Randle,1610612747.0,Los Angeles,Lakers,LAL,0,0,,,,,,0,0,,,,,
0021500045,367,4,0,3,11:12 PM,3:23,,,Powell REBOUND (Off:2 Def:3),,,5.0,203939,Dwight Powell,1610612742.0,Dallas,Mavericks,DAL,0,0,,,,,,0,0,,,,,
0021500045,368,1,1,3,11:12 PM,3:04,,,Harris 16' Jump Shot (7 PTS),72 - 62,-10,5.0,2734,Devin Harris,1610612742.0,Dallas,Mavericks,DAL,0,0,,,,,,0,0,,,,,
0021500045,369,5,2,3,11:13 PM,2:50,Young Lost Ball Turnover (P1.T11),,Harris STEAL (1 STL),,,4.0,201156,Nick Young,1610612747.0,Los Angeles,Lakers,LAL,5,2734,Devin Harris,1610612742.0,Dallas,Mavericks,DAL,0,0,,,,,
0021500045,370,2,1,3,11:13 PM,2:44,,,MISS Harris 25' 3PT Jump Shot,,,5.0,2734,Devin Harris,1610612742.0,Dallas,Mavericks,DAL,0,0,,,,,,0,0,,,,,
0021500045,371,4,0,3,11:13 PM,2:44,Randle REBOUND (Off:0 Def:12),,,,,4.0,203944,Julius Randle,1610612747.0,Los Angeles,Lakers,LAL,0,0,,,,,,0,0,,,,,
0021500045,372,6,1,3,11:13 PM,2:44,,,Powell P.FOUL (P4.T2) (S.Wright),,,5.0,203939,Dwight Powell,1610612742.0,Dallas,Mavericks,DAL,4,203944,Julius Randle,1610612747.0,Los Angeles,Lakers,LAL,1,0,,,,,
0021500045,373,8,0,3,11:13 PM,2:44,,,SUB: Villanueva FOR Powell,,,5.0,203939,Dwight Powell,1610612742.0,Dallas,Mavericks,DAL,5,101111,Charlie Villanueva,1610612742.0,Dallas,Mavericks,DAL,0,0,,,,,
0021500045,374,8,0,3,11:13 PM,2:44,SUB: Kelly FOR Randle,,,,,4.0,203944,Julius Randle,1610612747.0,Los Angeles,Lakers,LAL,4,203527,Ryan Kelly,1610612747.0,Los Angeles,Lakers,LAL,0,0,,,,,
0021500045,375,2,1,3,11:14 PM,2:29,MISS Bass 15' Jump Shot,,,,,4.0,101138,Brandon Bass,1610612747.0,Los Angeles,Lakers,LAL,0,0,,,,,,0,0,,,,,
0021500045,376,4,0,3,11:14 PM,2:28,,,D. Williams REBOUND (Off:0 Def:5),,,5.0,101114,Deron Williams,1610612742.0,Dallas,Mavericks,DAL,0,0,,,,,,0,0,,,,,
0021500045,377,2,1,3,11:14 PM,2:24,Young BLOCK (1 BLK),,MISS Harris 3' Jump Shot,,,5.0,2734,Devin Harris,1610612742.0,Dallas,Mavericks,DAL,0,0,,,,,,4,201156,Nick Young,1610612747.0,Los Angeles,Lakers,LAL
0021500045,378,4,0,3,11:14 PM,2:24,,,Mavericks Rebound,,,3.0,1610612742,,,,,,0,0,,,,,,0,0,,,,,
0021500045,379,5,45,3,11:14 PM,2:11,,,Nowitzki Out of Bounds - Bad Pass Turnover Turnover (P1.T6),,,5.0,1717,Dirk Nowitzki,1610612742.0,Dallas,Mavericks,DAL,0,0,,,,,,0,0,,,,,
0021500045,380,8,0,3,11:14 PM,2:11,,,SUB: Barea FOR D. Williams,,,5.0,101114,Deron Williams,1610612742.0,Dallas,Mavericks,DAL,5,200826,J.J. Barea,1610612742.0,Dallas,Mavericks,DAL,0,0,,,,,
0021500045,381,2,1,3,11:15 PM,1:49,MISS Kelly 3' Jump Shot,,Villanueva BLOCK (1 BLK),,,4.0,203527,Ryan Kelly,1610612747.0,Los Angeles,Lakers,LAL,0,0,,,,,,5,101111,Charlie Villanueva,1610612742.0,Dallas,Mavericks,DAL
0021500045,382,4,0,3,11:15 PM,1:48,,,Nowitzki REBOUND (Off:0 Def:8),,,5.0,1717,Dirk Nowitzki,1610612742.0,Dallas,Mavericks,DAL,0,0,,,,,,0,0,,,,,
0021500045,383,1,66,3,11:15 PM,1:35,,,Nowitzki 6' Jump Bank Shot (19 PTS) (Felton 2 AST),74 - 62,-12,5.0,1717,Dirk Nowitzki,1610612742.0,Dallas,Mavericks,DAL,5,101109,Raymond Felton,1610612742.0,Dallas,Mavericks,DAL,0,0,,,,,
0021500045,384,1,42,3,11:15 PM,1:24,Clarkson 1' Driving Layup (7 PTS),,,74 - 64,-10,4.0,203903,Jordan Clarkson,1610612747.0,Los Angeles,Lakers,LAL,0,0,,,,,,0,0,,,,,
0021500045,385,1,1,3,11:16 PM,1:12,,,Villanueva 25' 3PT Jump Shot (3 PTS) (Barea 6 AST),77 - 64,-13,5.0,101111,Charlie Villanueva,1610612742.0,Dallas,Mavericks,DAL,5,200826,J.J. Barea,1610612742.0,Dallas,Mavericks,DAL,0,0,,,,,
0021500045,386,2,1,3,11:16 PM,1:00,MISS Clarkson 18' Jump Shot,,,,,4.0,203903,Jordan Clarkson,1610612747.0,Los Angeles,Lakers,LAL,0,0,,,,,,0,0,,,,,
0021500045,387,4,0,3,11:16 PM,0:59,,,Villanueva REBOUND (Off:0 Def:1),,,5.0,101111,Charlie Villanueva,1610612742.0,Dallas,Mavericks,DAL,0,0,,,,,,0,0,,,,,
0021500045,388,1,1,3,11:16 PM,0:43,,,Nowitzki 20' Jump Shot (21 PTS) (Harris 1 AST),79 - 64,-15,5.0,1717,Dirk Nowitzki,1610612742.0,Dallas,Mavericks,DAL,5,2734,Devin Harris,1610612742.0,Dallas,Mavericks,DAL,0,0,,,,,
0021500045,389,2,1,3,11:16 PM,0:34,MISS Williams 26' 3PT Jump Shot,,,,,4.0,101150,Lou Williams,1610612747.0,Los Angeles,Lakers,LAL,0,0,,,,,,0,0,,,,,
0021500045,390,4,0,3,11:16 PM,0:33,,,Nowitzki REBOUND (Off:0 Def:9),,,5.0,1717,Dirk Nowitzki,1610612742.0,Dallas,Mavericks,DAL,0,0,,,,,,0,0,,,,,
0021500045,391,1,1,3,11:17 PM,0:11,,,Nowitzki 19' Jump Shot (23 PTS) (Harris 2 AST),81 - 64,-17,5.0,1717,Dirk Nowitzki,1610612742.0,Dallas,Mavericks,DAL,5,2734,Devin Harris,1610612742.0,Dallas,Mavericks,DAL,0,0,,,,,
0021500045,394,6,1,3,11:17 PM,0:02,,,Felton P.FOUL (P2.T3) (S.Wright),,,5.0,101109,Raymond Felton,1610612742.0,Dallas,Mavericks,DAL,4,203527,Ryan Kelly,1610612747.0,Los Angeles,Lakers,LAL,1,0,,,,,
0021500045,395,8,0,3,11:17 PM,0:02,,,SUB: Evans FOR Nowitzki,,,5.0,1717,Dirk Nowitzki,1610612742.0,Dallas,Mavericks,DAL,5,202379,Jeremy Evans,1610612742.0,Dallas,Mavericks,DAL,0,0,,,,,
0021500045,396,2,1,3,11:17 PM,0:01,MISS Clarkson 26' 3PT Jump Shot,,,,,4.0,203903,Jordan Clarkson,1610612747.0,Los Angeles,Lakers,LAL,0,0,,,,,,0,0,,,,,
0021500045,397,4,0,3,11:17 PM,0:00,,,Felton REBOUND (Off:1 Def:1),,,5.0,101109,Raymond Felton,1610612742.0,Dallas,Mavericks,DAL,0,0,,,,,,0,0,,,,,
0021500045,398,13,0,3,11:18 PM,0:00,,,,81 - 64,-17,0.0,0,,,,,,0,0,,,,,,0,0,,,,,
0021500045,400,12,0,4,11:20 PM,12:00,,,,81 - 64,-17,0.0,0,,,,,,0,0,,,,,,0,0,,,,,
0021500045,402,5,1,4,11:21 PM,11:41,Williams STEAL (1 STL),,Barea Bad Pass Turnover (P2.T7),,,5.0,200826,J.J. Barea,1610612742.0,Dallas,Mavericks,DAL,4,101150,Lou Williams,1610612747.0,Los Angeles,Lakers,LAL,0,0,,,,,
0021500045,403,5,1,4,11:21 PM,11:36,Williams Bad Pass Turnover (P3.T12),,Harris STEAL (2 STL),,,4.0,101150,Lou Williams,1610612747.0,Los Angeles,Lakers,LAL,5,2734,Devin Harris,1610612742.0,Dallas,Mavericks,DAL,0,0,,,,,
0021500045,404,6,1,4,11:21 PM,11:22,Young P.FOUL (P2.T1) (L.Holtkamp),,,,,4.0,201156,Nick Young,1610612747.0,Los Angeles,Lakers,LAL,5,1717,Dirk Nowitzki,1610612742.0,Dallas,Mavericks,DAL,1,0,,,,,
0021500045,405,2,44,4,11:22 PM,11:08,Kelly BLOCK (1 BLK),,MISS Barea 1' Reverse Layup,,,5.0,200826,J.J. Barea,1610612742.0,Dallas,Mavericks,DAL,0,0,,,,,,4,203527,Ryan Kelly,1610612747.0,Los Angeles,Lakers,LAL
0021500045,406,4,0,4,11:22 PM,11:07,Kelly REBOUND (Off:0 Def:4),,,,,4.0,203527,Ryan Kelly,1610612747.0,Los Angeles,Lakers,LAL,0,0,,,,,,0,0,,,,,
0021500045,407,6,2,4,11:22 PM,10:54,,,Harris S.FOUL (P3.T1) (L.Holtkamp),,,5.0,2734,Devin Harris,1610612742.0,Dallas,Mavericks,DAL,4,101138,Brandon Bass,1610612747.0,Los Angeles,Lakers,LAL,1,0,,,,,
0021500045,408,3,11,4,11:22 PM,10:54,MISS Bass Free Throw 1 of 2,,,,,4.0,101138,Brandon Bass,1610612747.0,Los Angeles,Lakers,LAL,0,0,,,,,,0,0,,,,,
0021500045,409,4,1,4,11:22 PM,10:54,LAKERS Rebound,,,,,2.0,1610612747,,,,,,0,0,,,,,,0,0,,,,,
0021500045,410,8,0,4,11:22 PM,10:54,,,SUB: Powell FOR Nowitzki,,,5.0,1717,Dirk Nowitzki,1610612742.0,Dallas,Mavericks,DAL,5,203939,Dwight Powell,1610612742.0,Dallas,Mavericks,DAL,0,0,,,,,
0021500045,411,3,12,4,11:22 PM,10:54,Bass Free Throw 2 of 2 (6 PTS),,,81 - 65,-16,4.0,101138,Brandon Bass,1610612747.0,Los Angeles,Lakers,LAL,0,0,,,,,,0,0,,,,,
0021500045,413,2,5,4,11:23 PM,10:33,,,MISS Villanueva 2' Layup,,,5.0,101111,Charlie Villanueva,1610612742.0,Dallas,Mavericks,DAL,0,0,,,,,,0,0,,,,,
0021500045,414,4,0,4,11:23 PM,10:33,LAKERS Rebound,,,,,2.0,1610612747,,,,,,0,0,,,,,,0,0,,,,,
0021500045,415,1,46,4,11:23 PM,10:21,Williams 4' Running Jump Shot (5 PTS) (Huertas 2 AST),,,81 - 67,-14,4.0,101150,Lou Williams,1610612747.0,Los Angeles,Lakers,LAL,4,1626273,Marcelo Huertas,1610612747.0,Los Angeles,Lakers,LAL,0,0,,,,,
0021500045,416,1,42,4,11:23 PM,10:16,,,Barea 3' Driving Layup (4 PTS),83 - 67,-16,5.0,200826,J.J. Barea,1610612742.0,Dallas,Mavericks,DAL,0,0,,,,,,0,0,,,,,
0021500045,417,6,2,4,11:23 PM,10:16,Huertas S.FOUL (P2.T2) (S.Wright),,,,,4.0,1626273,Marcelo Huertas,1610612747.0,Los Angeles,Lakers,LAL,5,200826,J.J. Barea,1610612742.0,Dallas,Mavericks,DAL,1,0,,,,,
0021500045,418,3,10,4,11:24 PM,10:16,,,Barea Free Throw 1 of 1 (5 PTS),84 - 67,-17,5.0,200826,J.J. Barea,1610612742.0,Dallas,Mavericks,DAL,0,0,,,,,,0,0,,,,,
0021500045,420,1,1,4,11:24 PM,10:05,Williams 25' 3PT Jump Shot (8 PTS),,,84 - 70,-14,4.0,101150,Lou Williams,1610612747.0,Los Angeles,Lakers,LAL,0,0,,,,,,0,0,,,,,
0021500045,421,1,44,4,11:25 PM,9:42,,,Powell  Reverse Layup (6 PTS) (Barea 7 AST),86 - 70,-16,5.0,203939,Dwight Powell,1610612742.0,Dallas,Mavericks,DAL,5,200826,J.J. Barea,1610612742.0,Dallas,Mavericks,DAL,0,0,,,,,
0021500045,422,2,1,4,11:25 PM,9:30,MISS Young 25' 3PT Jump Shot,,,,,4.0,201156,Nick Young,1610612747.0,Los Angeles,Lakers,LAL,0,0,,,,,,0,0,,,,,
0021500045,423,4,0,4,11:25 PM,9:29,,,Powell REBOUND (Off:2 Def:4),,,5.0,203939,Dwight Powell,1610612742.0,Dallas,Mavericks,DAL,0,0,,,,,,0,0,,,,,
0021500045,432,6,1,4,11:25 PM,9:28,Williams P.FOUL (P2.T3) (C.Kirkland),,,,,4.0,101150,Lou Williams,1610612747.0,Los Angeles,Lakers,LAL,5,2734,Devin Harris,1610612742.0,Dallas,Mavericks,DAL,1,0,,,,,
0021500045,425,8,0,4,11:25 PM,9:27,SUB: Randle FOR Kelly,,,,,4.0,203527,Ryan Kelly,1610612747.0,Los Angeles,Lakers,LAL,4,203944,Julius Randle,1610612747.0,Los Angeles,Lakers,LAL,0,0,,,,,
0021500045,426,8,0,4,11:25 PM,9:23,SUB: Bryant FOR Young,,,,,4.0,201156,Nick Young,1610612747.0,Los Angeles,Lakers,LAL,4,977,Kobe Bryant,1610612747.0,Los Angeles,Lakers,LAL,0,0,,,,,
0021500045,427,1,5,4,11:26 PM,9:22,,,Powell 1' Layup (8 PTS) (Villanueva 1 AST),88 - 70,-18,5.0,203939,Dwight Powell,1610612742.0,Dallas,Mavericks,DAL,5,101111,Charlie Villanueva,1610612742.0,Dallas,Mavericks,DAL,0,0,,,,,
0021500045,428,6,2,4,11:26 PM,9:22,Williams S.FOUL (P3.T4) (S.Wright),,,,,4.0,101150,Lou Williams,1610612747.0,Los Angeles,Lakers,LAL,5,203939,Dwight Powell,1610612742.0,Dallas,Mavericks,DAL,1,0,,,,,
0021500045,429,3,10,4,11:26 PM,9:22,,,MISS Powell Free Throw 1 of 1,,,5.0,203939,Dwight Powell,1610612742.0,Dallas,Mavericks,DAL,0,0,,,,,,0,0,,,,,
0021500045,431,4,0,4,11:26 PM,9:11,Randle REBOUND (Off:0 Def:13),,,,,4.0,203944,Julius Randle,1610612747.0,Los Angeles,Lakers,LAL,0,0,,,,,,0,0,,,,,
0021500045,433,1,7,4,11:26 PM,9:02,Bass  Dunk (8 PTS) (Huertas 3 AST),,,88 - 72,-16,4.0,101138,Brandon Bass,1610612747.0,Los Angeles,Lakers,LAL,4,1626273,Marcelo Huertas,1610612747.0,Los Angeles,Lakers,LAL,0,0,,,,,
0021500045,434,2,1,4,11:26 PM,8:43,,,MISS Villanueva 25' 3PT Jump Shot,,,5.0,101111,Charlie Villanueva,1610612742.0,Dallas,Mavericks,DAL,0,0,,,,,,0,0,,,,,
0021500045,435,4,0,4,11:26 PM,8:42,Randle REBOUND (Off:0 Def:14),,,,,4.0,203944,Julius Randle,1610612747.0,Los Angeles,Lakers,LAL,0,0,,,,,,0,0,,,,,
0021500045,436,1,42,4,11:27 PM,8:32,Huertas 1' Driving Layup (2 PTS),,,88 - 74,-14,4.0,1626273,Marcelo Huertas,1610612747.0,Los Angeles,Lakers,LAL,0,0,,,,,,0,0,,,,,
0021500045,437,9,1,4,11:27 PM,8:32,,,Mavericks Timeout: Regular (Reg.4 Short 1),,,3.0,1610612742,,,,,,0,0,,,,,,0,0,,,,,
0021500045,440,2,1,4,11:29 PM,8:16,,,MISS Matthews 25' 3PT Jump Shot,,,5.0,202083,Wesley Matthews,1610612742.0,Dallas,Mavericks,DAL,0,0,,,,,,0,0,,,,,
0021500045,441,4,0,4,11:29 PM,8:16,LAKERS Rebound,,,,,2.0,1610612747,,,,,,0,0,,,,,,0,0,,,,,
0021500045,442,2,1,4,11:30 PM,7:57,MISS Bryant 11' Jump Shot,,,,,4.0,977,Kobe Bryant,1610612747.0,Los Angeles,Lakers,LAL,0,0,,,,,,0,0,,,,,
0021500045,443,4,0,4,11:30 PM,7:57,,,Villanueva REBOUND (Off:0 Def:2),,,5.0,101111,Charlie Villanueva,1610612742.0,Dallas,Mavericks,DAL,0,0,,,,,,0,0,,,,,
0021500045,444,6,1,4,11:30 PM,7:55,Bryant P.FOUL (P4.PN) (C.Kirkland),,,,,4.0,977,Kobe Bryant,1610612747.0,Los Angeles,Lakers,LAL,5,202083,Wesley Matthews,1610612742.0,Dallas,Mavericks,DAL,1,0,,,,,
0021500045,445,3,11,4,11:30 PM,7:55,,,MISS Matthews Free Throw 1 of 2,,,5.0,202083,Wesley Matthews,1610612742.0,Dallas,Mavericks,DAL,0,0,,,,,,0,0,,,,,
0021500045,446,4,1,4,11:30 PM,7:55,,,Mavericks Rebound,,,3.0,1610612742,,,,,,0,0,,,,,,0,0,,,,,
0021500045,447,8,0,4,11:30 PM,7:55,,,SUB: D. Williams FOR Harris,,,5.0,2734,Devin Harris,1610612742.0,Dallas,Mavericks,DAL,5,101114,Deron Williams,1610612742.0,Dallas,Mavericks,DAL,0,0,,,,,
0021500045,448,3,12,4,11:30 PM,7:55,,,Matthews Free Throw 2 of 2 (10 PTS),89 - 74,-15,5.0,202083,Wesley Matthews,1610612742.0,Dallas,Mavericks,DAL,0,0,,,,,,0,0,,,,,
0021500045,450,1,78,4,11:31 PM,7:39,Huertas 4' Floating Jump Shot (4 PTS) (Bass 2 AST),,,89 - 76,-13,4.0,1626273,Marcelo Huertas,1610612747.0,Los Angeles,Lakers,LAL,4,101138,Brandon Bass,1610612747.0,Los Angeles,Lakers,LAL,0,0,,,,,
0021500045,451,1,1,4,11:31 PM,7:13,,,Barea 25' 3PT Jump Shot (8 PTS) (D. Williams 6 AST),92 - 76,-16,5.0,200826,J.J. Barea,1610612742.0,Dallas,Mavericks,DAL,5,101114,Deron Williams,1610612742.0,Dallas,Mavericks,DAL,0,0,,,,,
0021500045,452,2,5,4,11:31 PM,7:00,MISS Williams 1' Layup,,Powell BLOCK (2 BLK),,,4.0,101150,Lou Williams,1610612747.0,Los Angeles,Lakers,LAL,0,0,,,,,,5,203939,Dwight Powell,1610612742.0,Dallas,Mavericks,DAL
0021500045,453,4,0,4,11:31 PM,7:00,Bass REBOUND (Off:2 Def:3),,,,,4.0,101138,Brandon Bass,1610612747.0,Los Angeles,Lakers,LAL,0,0,,,,,,0,0,,,,,
0021500045,454,6,1,4,11:32 PM,7:00,,,Villanueva P.FOUL (P1.T2) (C.Kirkland),,,5.0,101111,Charlie Villanueva,1610612742.0,Dallas,Mavericks,DAL,4,101138,Brandon Bass,1610612747.0,Los Angeles,Lakers,LAL,1,0,,,,,
0021500045,455,8,0,4,11:32 PM,7:00,,,SUB: Evans FOR Matthews,,,5.0,202083,Wesley Matthews,1610612742.0,Dallas,Mavericks,DAL,5,202379,Jeremy Evans,1610612742.0,Dallas,Mavericks,DAL,0,0,,,,,
0021500045,456,8,0,4,11:32 PM,7:00,SUB: Russell FOR Huertas,,,,,4.0,1626273,Marcelo Huertas,1610612747.0,Los Angeles,Lakers,LAL,4,1626156,D'Angelo Russell,1610612747.0,Los Angeles,Lakers,LAL,0,0,,,,,
0021500045,458,6,2,4,11:32 PM,6:51,,,Villanueva S.FOUL (P2.T3) (L.Holtkamp),,,5.0,101111,Charlie Villanueva,1610612742.0,Dallas,Mavericks,DAL,4,203944,Julius Randle,1610612747.0,Los Angeles,Lakers,LAL,1,0,,,,,
0021500045,459,3,11,4,11:32 PM,6:51,MISS Randle Free Throw 1 of 2,,,,,4.0,203944,Julius Randle,1610612747.0,Los Angeles,Lakers,LAL,0,0,,,,,,0,0,,,,,
0021500045,460,4,1,4,11:32 PM,6:51,LAKERS Rebound,,,,,2.0,1610612747,,,,,,0,0,,,,,,0,0,,,,,
0021500045,461,3,12,4,11:33 PM,6:51,Randle Free Throw 2 of 2 (18 PTS),,,92 - 77,-15,4.0,203944,Julius Randle,1610612747.0,Los Angeles,Lakers,LAL,0,0,,,,,,0,0,,,,,
0021500045,463,5,1,4,11:33 PM,6:35,Randle STEAL (3 STL),,D. Williams Bad Pass Turnover (P1.T8),,,5.0,101114,Deron Williams,1610612742.0,Dallas,Mavericks,DAL,4,203944,Julius Randle,1610612747.0,Los Angeles,Lakers,LAL,0,0,,,,,
0021500045,464,1,50,4,11:33 PM,6:29,Bass  Running Dunk (10 PTS) (Randle 4 AST),,,92 - 79,-13,4.0,101138,Brandon Bass,1610612747.0,Los Angeles,Lakers,LAL,4,203944,Julius Randle,1610612747.0,Los Angeles,Lakers,LAL,0,0,,,,,
0021500045,465,2,1,4,11:33 PM,6:14,,,MISS Villanueva 25' 3PT Jump Shot,,,5.0,101111,Charlie Villanueva,1610612742.0,Dallas,Mavericks,DAL,0,0,,,,,,0,0,,,,,
0021500045,466,4,0,4,11:33 PM,6:13,Bryant REBOUND (Off:1 Def:3),,,,,4.0,977,Kobe Bryant,1610612747.0,Los Angeles,Lakers,LAL,0,0,,,,,,0,0,,,,,
0021500045,467,1,1,4,11:34 PM,6:04,Williams  3PT Jump Shot (11 PTS),,,92 - 82,-10,4.0,101150,Lou Williams,1610612747.0,Los Angeles,Lakers,LAL,0,0,,,,,,0,0,,,,,
0021500045,468,9,1,4,11:34 PM,6:04,,,Mavericks Timeout: Regular (Reg.5 Short 1),,,3.0,1610612742,,,,,,0,0,,,,,,0,0,,,,,
0021500045,470,8,0,4,11:36 PM,6:04,,,SUB: Pachulia FOR Powell,,,5.0,203939,Dwight Powell,1610612742.0,Dallas,Mavericks,DAL,5,2585,Zaza Pachulia,1610612742.0,Dallas,Mavericks,DAL,0,0,,,,,
0021500045,471,8,0,4,11:36 PM,6:04,,,SUB: Nowitzki FOR Villanueva,,,5.0,101111,Charlie Villanueva,1610612742.0,Dallas,Mavericks,DAL,5,1717,Dirk Nowitzki,1610612742.0,Dallas,Mavericks,DAL,0,0,,,,,
0021500045,472,8,0,4,11:36 PM,6:04,,,SUB: Felton FOR Evans,,,5.0,202379,Jeremy Evans,1610612742.0,Dallas,Mavericks,DAL,5,101109,Raymond Felton,1610612742.0,Dallas,Mavericks,DAL,0,0,,,,,
0021500045,473,1,1,4,11:36 PM,5:52,,,Nowitzki 17' Jump Shot (25 PTS) (D. Williams 7 AST),94 - 82,-12,5.0,1717,Dirk Nowitzki,1610612742.0,Dallas,Mavericks,DAL,5,101114,Deron Williams,1610612742.0,Dallas,Mavericks,DAL,0,0,,,,,
0021500045,474,2,1,4,11:37 PM,5:32,MISS Bryant 25' 3PT Jump Shot,,,,,4.0,977,Kobe Bryant,1610612747.0,Los Angeles,Lakers,LAL,0,0,,,,,,0,0,,,,,
0021500045,475,4,0,4,11:37 PM,5:31,,,Barea REBOUND (Off:0 Def:1),,,5.0,200826,J.J. Barea,1610612742.0,Dallas,Mavericks,DAL,0,0,,,,,,0,0,,,,,
0021500045,476,2,5,4,11:37 PM,5:10,,,MISS Felton 1' Layup,,,5.0,101109,Raymond Felton,1610612742.0,Dallas,Mavericks,DAL,0,0,,,,,,0,0,,,,,
0021500045,477,4,0,4,11:37 PM,5:09,,,Pachulia REBOUND (Off:2 Def:8),,,5.0,2585,Zaza Pachulia,1610612742.0,Dallas,Mavericks,DAL,0,0,,,,,,0,0,,,,,
0021500045,478,6,2,4,11:37 PM,5:09,Bryant S.FOUL (P5.PN) (L.Holtkamp),,,,,4.0,977,Kobe Bryant,1610612747.0,Los Angeles,Lakers,LAL,5,2585,Zaza Pachulia,1610612742.0,Dallas,Mavericks,DAL,1,0,,,,,
0021500045,479,3,11,4,11:37 PM,5:09,,,Pachulia Free Throw 1 of 2 (12 PTS),95 - 82,-13,5.0,2585,Zaza Pachulia,1610612742.0,Dallas,Mavericks,DAL,0,0,,,,,,0,0,,,,,
0021500045,481,8,0,4,11:38 PM,5:09,SUB: Hibbert FOR Bass,,,,,4.0,101138,Brandon Bass,1610612747.0,Los Angeles,Lakers,LAL,4,201579,Roy Hibbert,1610612747.0,Los Angeles,Lakers,LAL,0,0,,,,,
0021500045,482,3,12,4,11:38 PM,5:09,,,Pachulia Free Throw 2 of 2 (13 PTS),96 - 82,-14,5.0,2585,Zaza Pachulia,1610612742.0,Dallas,Mavericks,DAL,0,0,,,,,,0,0,,,,,
0021500045,484,1,1,4,11:38 PM,5:00,Russell 16' Jump Shot (10 PTS),,,96 - 84,-12,4.0,1626156,D'Angelo Russell,1610612747.0,Los Angeles,Lakers,LAL,0,0,,,,,,0,0,,,,,
0021500045,485,2,1,4,11:39 PM,4:29,,,MISS Nowitzki 25' 3PT Jump Shot,,,5.0,1717,Dirk Nowitzki,1610612742.0,Dallas,Mavericks,DAL,0,0,,,,,,0,0,,,,,
0021500045,486,4,0,4,11:39 PM,4:29,Hibbert REBOUND (Off:3 Def:5),,,,,4.0,201579,Roy Hibbert,1610612747.0,Los Angeles,Lakers,LAL,0,0,,,,,,0,0,,,,,
0021500045,487,2,1,4,11:39 PM,4:22,MISS Russell 17' Jump Shot,,,,,4.0,1626156,D'Angelo Russell,1610612747.0,Los Angeles,Lakers,LAL,0,0,,,,,,0,0,,,,,
0021500045,488,4,0,4,11:39 PM,4:20,,,Pachulia REBOUND (Off:2 Def:9),,,5.0,2585,Zaza Pachulia,1610612742.0,Dallas,Mavericks,DAL,0,0,,,,,,0,0,,,,,
0021500045,489,2,1,4,11:39 PM,4:03,,,MISS Pachulia 11' Jump Shot,,,5.0,2585,Zaza Pachulia,1610612742.0,Dallas,Mavericks,DAL,0,0,,,,,,0,0,,,,,
0021500045,490,4,0,4,11:39 PM,4:02,,,Barea REBOUND (Off:1 Def:1),,,5.0,200826,J.J. Barea,1610612742.0,Dallas,Mavericks,DAL,0,0,,,,,,0,0,,,,,
0021500045,491,9,2,4,11:39 PM,3:57,,,Mavericks Timeout: Short (Reg.5 Short 2),,,3.0,1610612742,,,,,,0,0,,,,,,0,0,,,,,
0021500045,494,6,4,4,11:41 PM,3:46,,,Pachulia OFF.Foul (P4) (C.Kirkland),,,5.0,2585,Zaza Pachulia,1610612742.0,Dallas,Mavericks,DAL,4,101150,Lou Williams,1610612747.0,Los Angeles,Lakers,LAL,1,0,,,,,
0021500045,495,5,5,4,11:41 PM,3:46,,,Pachulia Foul Turnover (P2.T9),,,5.0,2585,Zaza Pachulia,1610612742.0,Dallas,Mavericks,DAL,0,0,,,,,,1,0,,,,,
0021500045,496,1,1,4,11:42 PM,3:36,Bryant 24' 3PT Jump Shot (15 PTS) (Russell 1 AST),,,96 - 87,-9,4.0,977,Kobe Bryant,1610612747.0,Los Angeles,Lakers,LAL,4,1626156,D'Angelo Russell,1610612747.0,Los Angeles,Lakers,LAL,0,0,,,,,
0021500045,497,2,5,4,11:42 PM,3:19,,,MISS D. Williams 2' Layup,,,5.0,101114,Deron Williams,1610612742.0,Dallas,Mavericks,DAL,0,0,,,,,,0,0,,,,,
0021500045,498,4,0,4,11:42 PM,3:18,Randle REBOUND (Off:0 Def:15),,,,,4.0,203944,Julius Randle,1610612747.0,Los Angeles,Lakers,LAL,0,0,,,,,,0,0,,,,,
0021500045,499,6,2,4,11:42 PM,3:13,,,Nowitzki S.FOUL (P3.T4) (C.Kirkland),,,5.0,1717,Dirk Nowitzki,1610612742.0,Dallas,Mavericks,DAL,4,203944,Julius Randle,1610612747.0,Los Angeles,Lakers,LAL,1,0,,,,,
0021500045,500,3,11,4,11:42 PM,3:13,Randle Free Throw 1 of 2 (19 PTS),,,96 - 88,-8,4.0,203944,Julius Randle,1610612747.0,Los Angeles,Lakers,LAL,0,0,,,,,,0,0,,,,,
0021500045,502,3,12,4,11:43 PM,3:13,Randle Free Throw 2 of 2 (20 PTS),,,96 - 89,-7,4.0,203944,Julius Randle,1610612747.0,Los Angeles,Lakers,LAL,0,0,,,,,,0,0,,,,,
0021500045,504,6,2,4,11:43 PM,3:00,Hibbert S.FOUL (P4.PN) (C.Kirkland),,,,,4.0,201579,Roy Hibbert,1610612747.0,Los Angeles,Lakers,LAL,5,2585,Zaza Pachulia,1610612742.0,Dallas,Mavericks,DAL,1,0,,,,,
0021500045,505,3,11,4,11:43 PM,3:00,,,MISS Pachulia Free Throw 1 of 2,,,5.0,2585,Zaza Pachulia,1610612742.0,Dallas,Mavericks,DAL,0,0,,,,,,0,0,,,,,
0021500045,506,4,1,4,11:43 PM,3:00,,,Mavericks Rebound,,,3.0,1610612742,,,,,,0,0,,,,,,0,0,,,,,
0021500045,507,3,12,4,11:44 PM,3:00,,,Pachulia Free Throw 2 of 2 (14 PTS),97 - 89,-8,5.0,2585,Zaza Pachulia,1610612742.0,Dallas,Mavericks,DAL,0,0,,,,,,0,0,,,,,
0021500045,509,2,78,4,11:44 PM,2:43,MISS Russell 6' Floating Jump Shot,,,,,4.0,1626156,D'Angelo Russell,1610612747.0,Los Angeles,Lakers,LAL,0,0,,,,,,0,0,,,,,
0021500045,510,4,0,4,11:44 PM,2:41,,,Barea REBOUND (Off:1 Def:2),,,5.0,200826,J.J. Barea,1610612742.0,Dallas,Mavericks,DAL,0,0,,,,,,0,0,,,,,
0021500045,511,2,1,4,11:45 PM,2:33,,,MISS Nowitzki 16' Jump Shot,,,5.0,1717,Dirk Nowitzki,1610612742.0,Dallas,Mavericks,DAL,0,0,,,,,,0,0,,,,,
0021500045,512,4,0,4,11:45 PM,2:32,Williams REBOUND (Off:0 Def:1),,,,,4.0,101150,Lou Williams,1610612747.0,Los Angeles,Lakers,LAL,0,0,,,,,,0,0,,,,,
0021500045,513,6,2,4,11:45 PM,2:27,,,D. Williams S.FOUL (P1.PN) (S.Wright),,,5.0,101114,Deron Williams,1610612742.0,Dallas,Mavericks,DAL,4,101150,Lou Williams,1610612747.0,Los Angeles,Lakers,LAL,1,0,,,,,
0021500045,514,9,4,4,11:45 PM,2:27,,,,,,1.0,0,,,,,,0,0,,,,,,0,0,,,,,
0021500045,515,8,0,4,11:47 PM,2:27,,,SUB: Powell FOR Nowitzki,,,5.0,1717,Dirk Nowitzki,1610612742.0,Dallas,Mavericks,DAL,5,203939,Dwight Powell,1610612742.0,Dallas,Mavericks,DAL,0,0,,,,,
0021500045,516,3,11,4,11:47 PM,2:27,Williams Free Throw 1 of 2 (12 PTS),,,97 - 90,-7,4.0,101150,Lou Williams,1610612747.0,Los Angeles,Lakers,LAL,0,0,,,,,,0,0,,,,,
0021500045,518,3,12,4,11:47 PM,2:27,Williams Free Throw 2 of 2 (13 PTS),,,97 - 91,-6,4.0,101150,Lou Williams,1610612747.0,Los Angeles,Lakers,LAL,0,0,,,,,,0,0,,,,,
0021500045,520,1,1,4,11:48 PM,2:05,,,Felton 16' Jump Shot (11 PTS),99 - 91,-8,5.0,101109,Raymond Felton,1610612742.0,Dallas,Mavericks,DAL,0,0,,,,,,0,0,,,,,
0021500045,521,2,5,4,11:48 PM,1:51,MISS Randle 3' Layup,,,,,4.0,203944,Julius Randle,1610612747.0,Los Angeles,Lakers,LAL,0,0,,,,,,0,0,,,,,
0021500045,522,10,0,4,11:49 PM,1:51,Jump Ball Randle vs. Pachulia: Tip to Powell,,,,,4.0,203944,Julius Randle,1610612747.0,Los Angeles,Lakers,LAL,5,2585,Zaza Pachulia,1610612742.0,Dallas,Mavericks,DAL,5,203939,Dwight Powell,1610612742.0,Dallas,Mavericks,DAL
0021500045,523,4,0,4,11:49 PM,1:51,,,Pachulia REBOUND (Off:3 Def:9),,,5.0,2585,Zaza Pachulia,1610612742.0,Dallas,Mavericks,DAL,0,0,,,,,,0,0,,,,,
0021500045,525,1,1,4,11:49 PM,1:32,,,Barea 12' Jump Shot (10 PTS) (D. Williams 8 AST),101 - 91,-10,5.0,200826,J.J. Barea,1610612742.0,Dallas,Mavericks,DAL,5,101114,Deron Williams,1610612742.0,Dallas,Mavericks,DAL,0,0,,,,,
0021500045,526,9,1,4,11:49 PM,1:32,LAKERS Timeout: Regular (Full 4 Short 0),,,,,2.0,1610612747,,,,,,0,0,,,,,,0,0,,,,,
0021500045,528,8,0,4,11:51 PM,1:32,SUB: Young FOR Hibbert,,,,,4.0,201579,Roy Hibbert,1610612747.0,Los Angeles,Lakers,LAL,4,201156,Nick Young,1610612747.0,Los Angeles,Lakers,LAL,0,0,,,,,
0021500045,529,8,0,4,11:51 PM,1:32,,,SUB: Harris FOR D. Williams,,,5.0,101114,Deron Williams,1610612742.0,Dallas,Mavericks,DAL,5,2734,Devin Harris,1610612742.0,Dallas,Mavericks,DAL,0,0,,,,,
0021500045,530,2,1,4,11:51 PM,1:23,MISS Williams 26' 3PT Jump Shot,,,,,4.0,101150,Lou Williams,1610612747.0,Los Angeles,Lakers,LAL,0,0,,,,,,0,0,,,,,
0021500045,531,4,0,4,11:51 PM,1:22,Bryant REBOUND (Off:2 Def:3),,,,,4.0,977,Kobe Bryant,1610612747.0,Los Angeles,Lakers,LAL,0,0,,,,,,0,0,,,,,
0021500045,532,2,1,4,11:51 PM,1:18,MISS Bryant 25' 3PT Jump Shot,,,,,4.0,977,Kobe Bryant,1610612747.0,Los Angeles,Lakers,LAL,0,0,,,,,,0,0,,,,,
0021500045,533,4,0,4,11:51 PM,1:16,,,Harris REBOUND (Off:0 Def:3),,,5.0,2734,Devin Harris,1610612742.0,Dallas,Mavericks,DAL,0,0,,,,,,0,0,,,,,
0021500045,534,5,1,4,11:52 PM,1:06,Randle STEAL (4 STL),,Pachulia Bad Pass Turnover (P3.T10),,,5.0,2585,Zaza Pachulia,1610612742.0,Dallas,Mavericks,DAL,4,203944,Julius Randle,1610612747.0,Los Angeles,Lakers,LAL,0,0,,,,,
0021500045,535,2,1,4,11:52 PM,0:58,MISS Russell 25' 3PT Jump Shot,,,,,4.0,1626156,D'Angelo Russell,1610612747.0,Los Angeles,Lakers,LAL,0,0,,,,,,0,0,,,,,
0021500045,536,4,0,4,11:52 PM,0:57,,,Powell REBOUND (Off:2 Def:5),,,5.0,203939,Dwight Powell,1610612742.0,Dallas,Mavericks,DAL,0,0,,,,,,0,0,,,,,
0021500045,537,5,2,4,11:52 PM,0:35,Russell STEAL (1 STL),,Barea Lost Ball Turnover (P3.T11),,,5.0,200826,J.J. Barea,1610612742.0,Dallas,Mavericks,DAL,4,1626156,D'Angelo Russell,1610612747.0,Los Angeles,Lakers,LAL,0,0,,,,,
0021500045,538,1,42,4,11:52 PM,0:32,Randle 1' Driving Layup (22 PTS) (Bryant 1 AST),,,101 - 93,-8,4.0,203944,Julius Randle,1610612747.0,Los Angeles,Lakers,LAL,4,977,Kobe Bryant,1610612747.0,Los Angeles,Lakers,LAL,0,0,,,,,
0021500045,539,6,28,4,11:52 PM,0:30,Randle Personal Take Foul (P2.PN) (S.Wright),,,,,4.0,203944,Julius Randle,1610612747.0,Los Angeles,Lakers,LAL,5,2585,Zaza Pachulia,1610612742.0,Dallas,Mavericks,DAL,1,0,,,,,
0021500045,540,3,11,4,11:52 PM,0:30,,,Pachulia Free Throw 1 of 2 (15 PTS),102 - 93,-9,5.0,2585,Zaza Pachulia,1610612742.0,Dallas,Mavericks,DAL,0,0,,,,,,0,0,,,,,
0021500045,542,3,12,4,11:53 PM,0:30,,,Pachulia Free Throw 2 of 2 (16 PTS),103 - 93,-10,5.0,2585,Zaza Pachulia,1610612742.0,Dallas,Mavericks,DAL,0,0,,,,,,0,0,,,,,
0021500045,544,2,1,4,11:54 PM,0:16,MISS Williams 27' 3PT Jump Shot,,,,,4.0,101150,Lou Williams,1610612747.0,Los Angeles,Lakers,LAL,0,0,,,,,,0,0,,,,,
0021500045,545,4,0,4,11:54 PM,0:15,,,Powell REBOUND (Off:2 Def:6),,,5.0,203939,Dwight Powell,1610612742.0,Dallas,Mavericks,DAL,0,0,,,,,,0,0,,,,,
0021500045,546,13,0,4,11:54 PM,0:00,,,,103 - 93,-10,0.0,0,,,,,,0,0,,,,,,0,0,,,,,
