GAME_ID,EVENTNUM,EVENTMSGTYPE,EVENTMSGACTIONTYPE,PERIOD,WCTIMESTRING,PCTIMESTRING,HOMEDESCRIPTION,NEUTRALDESCRIPTION,VISITORDESCRIPTION,SCORE,SCOREMARGIN,PERSON1TYPE,PLAYER1_ID,PLAYER1_NAME,PLAYER1_TEAM_ID,PLAYER1_TEAM_CITY,PLAYER1_TEAM_NICKNAME,PLAYER1_TEAM_ABBREVIATION,PERSON2TYPE,PLAYER2_ID,PLAYER2_NAME,PLAYER2_TEAM_ID,PLAYER2_TEAM_CITY,PLAYER2_TEAM_NICKNAME,PLAYER2_TEAM_ABBREVIATION,PERSON3TYPE,PLAYER3_ID,PLAYER3_NAME,PLAYER3_TEAM_ID,PLAYER3_TEAM_CITY,PLAYER3_TEAM_NICKNAME,PLAYER3_TEAM_ABBREVIATION
0021500388,0,12,0,1,7:11 PM,12:00,,,,,,0.0,0,,,,,,0,0,,,,,,0,0,,,,,
0021500388,1,10,0,1,7:11 PM,12:00,Jump Ball Noel vs. Lopez: Tip to Marshall,,,,,4.0,203457,Nerlens Noel,1610612755.0,Philadelphia,76ers,PHI,5,201577,Robin Lopez,1610612752.0,New York,Knicks,NYK,4,203088,Kendall Marshall,1610612755.0,Philadelphia,76ers,PHI
0021500388,2,1,42,1,7:11 PM,11:47,Noel 1' Driving Layup (2 PTS) (Canaan 1 AST),,,0 - 2,2,4.0,203457,Nerlens Noel,1610612755.0,Philadelphia,76ers,PHI,4,203477,Isaiah Canaan,1610612755.0,Philadelphia,76ers,PHI,0,0,,,,,
0021500388,3,6,1,1,7:12 PM,11:34,Noel P.FOUL (P1.T1) (M.Lindsay),,,,,4.0,203457,Nerlens Noel,1610612755.0,Philadelphia,76ers,PHI,5,204001,Kristaps Porzingis,1610612752.0,New York,Knicks,NYK,1,0,,,,,
0021500388,4,1,1,1,7:12 PM,11:21,,,Afflalo 26' 3PT Jump Shot (3 PTS),3 - 2,-1,5.0,201167,Arron Afflalo,1610612752.0,New York,Knicks,NYK,0,0,,,,,,0,0,,,,,
0021500388,5,6,17,1,7:12 PM,11:05,,,Knicks T.Foul (Def. 3 Sec Porzingis ) (B.Taylor),,,5.0,204001,Kristaps Porzingis,1610612752.0,New York,Knicks,NYK,0,0,,,,,,1,0,,,,,
0021500388,6,3,16,1,7:13 PM,11:05,Canaan Free Throw Technical (1 PTS),,,3 - 3,TIE,4.0,203477,Isaiah Canaan,1610612755.0,Philadelphia,76ers,PHI,0,0,,,,,,0,0,,,,,
0021500388,8,2,79,1,7:13 PM,10:57,MISS Marshall 16' Pullup Jump Shot,,,,,4.0,203088,Kendall Marshall,1610612755.0,Philadelphia,76ers,PHI,0,0,,,,,,0,0,,,,,
0021500388,9,4,0,1,7:13 PM,10:55,76ERS Rebound,,,,,2.0,1610612755,,,,,,0,0,,,,,,0,0,,,,,
0021500388,10,1,67,1,7:14 PM,10:39,Canaan 8' Hook Bank Shot (3 PTS),,,3 - 5,2,4.0,203477,Isaiah Canaan,1610612755.0,Philadelphia,76ers,PHI,0,0,,,,,,0,0,,,,,
0021500388,11,2,86,1,7:14 PM,10:22,,,MISS Anthony 13' Turnaround Fadeaway Shot,,,5.0,2546,Carmelo Anthony,1610612752.0,New York,Knicks,NYK,0,0,,,,,,0,0,,,,,
0021500388,12,4,0,1,7:14 PM,10:20,Noel REBOUND (Off:0 Def:1),,,,,4.0,203457,Nerlens Noel,1610612755.0,Philadelphia,76ers,PHI,0,0,,,,,,0,0,,,,,
0021500388,13,2,1,1,7:14 PM,10:13,MISS Covington 25' 3PT Jump Shot,,,,,4.0,203496,Robert Covington,1610612755.0,Philadelphia,76ers,PHI,0,0,,,,,,0,0,,,,,
0021500388,14,4,0,1,7:14 PM,10:11,,,Calderon REBOUND (Off:0 Def:1),,,5.0,101181,Jose Calderon,1610612752.0,New York,Knicks,NYK,0,0,,,,,,0,0,,,,,
0021500388,15,6,3,1,7:14 PM,10:11,Covington L.B.FOUL (P1.T2) (B.Taylor),,,,,4.0,203496,Robert Covington,1610612755.0,Philadelphia,76ers,PHI,5,101181,Jose Calderon,1610612752.0,New York,Knicks,NYK,1,0,,,,,
0021500388,18,2,1,1,7:15 PM,9:49,,,MISS Porzingis 16' Jump Shot,,,5.0,204001,Kristaps Porzingis,1610612752.0,New York,Knicks,NYK,0,0,,,,,,0,0,,,,,
0021500388,19,4,0,1,7:15 PM,9:47,Covington REBOUND (Off:0 Def:1),,,,,4.0,203496,Robert Covington,1610612755.0,Philadelphia,76ers,PHI,0,0,,,,,,0,0,,,,,
0021500388,20,1,81,1,7:15 PM,9:37,Okafor 13' Pullup Bank Shot (2 PTS),,,3 - 7,4,4.0,1626143,Jahlil Okafor,1610612755.0,Philadelphia,76ers,PHI,0,0,,,,,,0,0,,,,,
0021500388,21,6,2,1,7:15 PM,9:18,Covington S.FOUL (P2.T3) (M.Lindsay),,,,,4.0,203496,Robert Covington,1610612755.0,Philadelphia,76ers,PHI,5,2546,Carmelo Anthony,1610612752.0,New York,Knicks,NYK,1,0,,,,,
0021500388,22,3,11,1,7:16 PM,9:18,,,Anthony Free Throw 1 of 2 (1 PTS),4 - 7,3,5.0,2546,Carmelo Anthony,1610612752.0,New York,Knicks,NYK,0,0,,,,,,0,0,,,,,
0021500388,23,8,0,1,7:16 PM,9:18,SUB: Thompson FOR Covington,,,,,4.0,203496,Robert Covington,1610612755.0,Philadelphia,76ers,PHI,4,203138,Hollis Thompson,1610612755.0,Philadelphia,76ers,PHI,0,0,,,,,
0021500388,25,3,12,1,7:16 PM,9:18,,,Anthony Free Throw 2 of 2 (2 PTS),5 - 7,2,5.0,2546,Carmelo Anthony,1610612752.0,New York,Knicks,NYK,0,0,,,,,,0,0,,,,,
0021500388,27,2,1,1,7:16 PM,9:03,MISS Marshall  3PT Jump Shot,,,,,4.0,203088,Kendall Marshall,1610612755.0,Philadelphia,76ers,PHI,0,0,,,,,,0,0,,,,,
0021500388,28,4,0,1,7:17 PM,9:02,,,Calderon REBOUND (Off:0 Def:2),,,5.0,101181,Jose Calderon,1610612752.0,New York,Knicks,NYK,0,0,,,,,,0,0,,,,,
0021500388,29,2,1,1,7:17 PM,8:52,,,MISS Afflalo 7' Jump Shot,,,5.0,201167,Arron Afflalo,1610612752.0,New York,Knicks,NYK,0,0,,,,,,0,0,,,,,
0021500388,31,4,0,1,7:17 PM,8:49,,,Lopez REBOUND (Off:1 Def:0),,,5.0,201577,Robin Lopez,1610612752.0,New York,Knicks,NYK,0,0,,,,,,0,0,,,,,
0021500388,30,1,3,1,7:17 PM,8:49,,,Lopez 4' Hook Shot (2 PTS),7 - 7,TIE,5.0,201577,Robin Lopez,1610612752.0,New York,Knicks,NYK,0,0,,,,,,0,0,,,,,
0021500388,32,1,42,1,7:17 PM,8:40,Marshall 2' Driving Layup (2 PTS),,,7 - 9,2,4.0,203088,Kendall Marshall,1610612755.0,Philadelphia,76ers,PHI,0,0,,,,,,0,0,,,,,
0021500388,33,1,80,1,7:17 PM,8:28,,,Anthony 7' Step Back Jump Shot (4 PTS),9 - 9,TIE,5.0,2546,Carmelo Anthony,1610612752.0,New York,Knicks,NYK,0,0,,,,,,0,0,,,,,
0021500388,34,1,79,1,7:17 PM,8:11,Okafor 14' Pullup Jump Shot (4 PTS),,,9 - 11,2,4.0,1626143,Jahlil Okafor,1610612755.0,Philadelphia,76ers,PHI,0,0,,,,,,0,0,,,,,
0021500388,36,1,1,1,7:18 PM,7:55,,,Porzingis 15' Jump Shot (2 PTS),11 - 11,TIE,5.0,204001,Kristaps Porzingis,1610612752.0,New York,Knicks,NYK,0,0,,,,,,0,0,,,,,
0021500388,37,2,1,1,7:18 PM,7:40,MISS Okafor 9' Jump Shot,,,,,4.0,1626143,Jahlil Okafor,1610612755.0,Philadelphia,76ers,PHI,0,0,,,,,,0,0,,,,,
0021500388,38,4,0,1,7:18 PM,7:39,,,Anthony REBOUND (Off:0 Def:1),,,5.0,2546,Carmelo Anthony,1610612752.0,New York,Knicks,NYK,0,0,,,,,,0,0,,,,,
0021500388,39,1,82,1,7:18 PM,7:27,,,Afflalo 6' Driving Bank Shot (5 PTS),13 - 11,-2,5.0,201167,Arron Afflalo,1610612752.0,New York,Knicks,NYK,0,0,,,,,,0,0,,,,,
0021500388,40,6,2,1,7:18 PM,7:27,Canaan S.FOUL (P1.T4) (B.Taylor),,,,,4.0,203477,Isaiah Canaan,1610612755.0,Philadelphia,76ers,PHI,5,201167,Arron Afflalo,1610612752.0,New York,Knicks,NYK,1,0,,,,,
0021500388,41,8,0,1,7:18 PM,7:27,SUB: Wroten FOR Marshall,,,,,4.0,203088,Kendall Marshall,1610612755.0,Philadelphia,76ers,PHI,4,203100,Tony Wroten,1610612755.0,Philadelphia,76ers,PHI,0,0,,,,,
0021500388,42,8,0,1,7:18 PM,7:27,SUB: Grant FOR Noel,,,,,4.0,203457,Nerlens Noel,1610612755.0,Philadelphia,76ers,PHI,4,203924,Jerami Grant,1610612755.0,Philadelphia,76ers,PHI,0,0,,,,,
0021500388,43,3,10,1,7:19 PM,7:27,,,Afflalo Free Throw 1 of 1 (6 PTS),14 - 11,-3,5.0,201167,Arron Afflalo,1610612752.0,New York,Knicks,NYK,0,0,,,,,,0,0,,,,,
0021500388,45,2,1,1,7:19 PM,7:14,MISS Canaan 27' 3PT Jump Shot,,,,,4.0,203477,Isaiah Canaan,1610612755.0,Philadelphia,76ers,PHI,0,0,,,,,,0,0,,,,,
0021500388,46,4,0,1,7:19 PM,7:12,,,Afflalo REBOUND (Off:0 Def:1),,,5.0,201167,Arron Afflalo,1610612752.0,New York,Knicks,NYK,0,0,,,,,,0,0,,,,,
0021500388,48,2,1,1,7:19 PM,7:03,,,MISS Calderon 16' Jump Shot,,,5.0,101181,Jose Calderon,1610612752.0,New York,Knicks,NYK,0,0,,,,,,0,0,,,,,
0021500388,49,4,0,1,7:19 PM,7:02,Okafor REBOUND (Off:0 Def:1),,,,,4.0,1626143,Jahlil Okafor,1610612755.0,Philadelphia,76ers,PHI,0,0,,,,,,0,0,,,,,
0021500388,50,5,1,1,7:20 PM,6:54,Wroten Bad Pass Turnover (P1.T1),,Anthony STEAL (1 STL),,,4.0,203100,Tony Wroten,1610612755.0,Philadelphia,76ers,PHI,5,2546,Carmelo Anthony,1610612752.0,New York,Knicks,NYK,0,0,,,,,
0021500388,51,2,1,1,7:20 PM,6:44,,,MISS Porzingis 25' 3PT Jump Shot,,,5.0,204001,Kristaps Porzingis,1610612752.0,New York,Knicks,NYK,0,0,,,,,,0,0,,,,,
0021500388,52,4,0,1,7:20 PM,6:43,,,Lopez REBOUND (Off:2 Def:0),,,5.0,201577,Robin Lopez,1610612752.0,New York,Knicks,NYK,0,0,,,,,,0,0,,,,,
0021500388,53,1,72,1,7:20 PM,6:42,,,Lopez 1' Putback Layup (4 PTS),16 - 11,-5,5.0,201577,Robin Lopez,1610612752.0,New York,Knicks,NYK,0,0,,,,,,0,0,,,,,
0021500388,54,9,1,1,7:20 PM,6:42,76ERS Timeout: Regular (Full 1 Short 0),,,,,2.0,1610612755,,,,,,0,0,,,,,,0,0,,,,,
0021500388,55,2,1,1,7:22 PM,6:25,MISS Okafor 4' Jump Shot,,Lopez BLOCK (1 BLK),,,4.0,1626143,Jahlil Okafor,1610612755.0,Philadelphia,76ers,PHI,0,0,,,,,,5,201577,Robin Lopez,1610612752.0,New York,Knicks,NYK
0021500388,56,4,0,1,7:23 PM,6:23,Thompson REBOUND (Off:1 Def:0),,,,,4.0,203138,Hollis Thompson,1610612755.0,Philadelphia,76ers,PHI,0,0,,,,,,0,0,,,,,
0021500388,57,6,2,1,7:23 PM,6:18,,,Lopez S.FOUL (P1.T1) (B.Taylor),,,5.0,201577,Robin Lopez,1610612752.0,New York,Knicks,NYK,4,203924,Jerami Grant,1610612755.0,Philadelphia,76ers,PHI,1,0,,,,,
0021500388,58,3,11,1,7:23 PM,6:18,MISS Grant Free Throw 1 of 2,,,,,4.0,203924,Jerami Grant,1610612755.0,Philadelphia,76ers,PHI,0,0,,,,,,0,0,,,,,
0021500388,59,4,1,1,7:23 PM,6:18,76ERS Rebound,,,,,2.0,1610612755,,,,,,0,0,,,,,,0,0,,,,,
0021500388,60,3,12,1,7:23 PM,6:18,MISS Grant Free Throw 2 of 2,,,,,4.0,203924,Jerami Grant,1610612755.0,Philadelphia,76ers,PHI,0,0,,,,,,0,0,,,,,
0021500388,62,4,0,1,7:23 PM,6:17,,,Anthony REBOUND (Off:0 Def:2),,,5.0,2546,Carmelo Anthony,1610612752.0,New York,Knicks,NYK,0,0,,,,,,0,0,,,,,
0021500388,63,2,1,1,7:24 PM,5:59,,,MISS Anthony 18' Jump Shot,,,5.0,2546,Carmelo Anthony,1610612752.0,New York,Knicks,NYK,0,0,,,,,,0,0,,,,,
0021500388,64,4,0,1,7:24 PM,5:57,Okafor REBOUND (Off:0 Def:2),,,,,4.0,1626143,Jahlil Okafor,1610612755.0,Philadelphia,76ers,PHI,0,0,,,,,,0,0,,,,,
0021500388,65,2,1,1,7:24 PM,5:42,MISS Canaan 4' Jump Shot,,,,,4.0,203477,Isaiah Canaan,1610612755.0,Philadelphia,76ers,PHI,0,0,,,,,,0,0,,,,,
0021500388,66,4,0,1,7:24 PM,5:41,,,Porzingis REBOUND (Off:0 Def:1),,,5.0,204001,Kristaps Porzingis,1610612752.0,New York,Knicks,NYK,0,0,,,,,,0,0,,,,,
0021500388,67,2,1,1,7:24 PM,5:26,,,MISS Afflalo 5' Jump Shot,,,5.0,201167,Arron Afflalo,1610612752.0,New York,Knicks,NYK,0,0,,,,,,0,0,,,,,
0021500388,68,4,0,1,7:24 PM,5:25,Thompson REBOUND (Off:1 Def:1),,,,,4.0,203138,Hollis Thompson,1610612755.0,Philadelphia,76ers,PHI,0,0,,,,,,0,0,,,,,
0021500388,70,7,2,1,7:24 PM,5:21,,,Porzingis Violation:Defensive Goaltending (D.Stafford),,,5.0,204001,Kristaps Porzingis,1610612752.0,New York,Knicks,NYK,0,0,,,,,,1,0,,,,,
0021500388,69,1,76,1,7:24 PM,5:21,Wroten 2' Running Finger Roll Layup (2 PTS),,,16 - 13,-3,4.0,203100,Tony Wroten,1610612755.0,Philadelphia,76ers,PHI,0,0,,,,,,0,0,,,,,
0021500388,71,1,79,1,7:25 PM,5:07,,,Anthony 17' Pullup Jump Shot (6 PTS),18 - 13,-5,5.0,2546,Carmelo Anthony,1610612752.0,New York,Knicks,NYK,0,0,,,,,,0,0,,,,,
0021500388,72,5,1,1,7:25 PM,4:54,Wroten Bad Pass Turnover (P2.T2),,,,,4.0,203100,Tony Wroten,1610612755.0,Philadelphia,76ers,PHI,0,0,,,,,,0,0,,,,,
0021500388,73,8,0,1,7:25 PM,4:54,SUB: Sampson FOR Canaan,,,,,4.0,203477,Isaiah Canaan,1610612755.0,Philadelphia,76ers,PHI,4,203960,JaKarr Sampson,1610612755.0,Philadelphia,76ers,PHI,0,0,,,,,
0021500388,74,8,0,1,7:25 PM,4:54,SUB: Holmes FOR Okafor,,,,,4.0,1626143,Jahlil Okafor,1610612755.0,Philadelphia,76ers,PHI,4,1626158,Richaun Holmes,1610612755.0,Philadelphia,76ers,PHI,0,0,,,,,
0021500388,75,8,0,1,7:25 PM,4:54,,,SUB: Thomas FOR Porzingis,,,5.0,204001,Kristaps Porzingis,1610612752.0,New York,Knicks,NYK,5,202498,Lance Thomas,1610612752.0,New York,Knicks,NYK,0,0,,,,,
0021500388,76,1,1,1,7:26 PM,4:37,,,Thomas 17' Jump Shot (2 PTS) (Anthony 1 AST),20 - 13,-7,5.0,202498,Lance Thomas,1610612752.0,New York,Knicks,NYK,5,2546,Carmelo Anthony,1610612752.0,New York,Knicks,NYK,0,0,,,,,
0021500388,77,2,1,1,7:26 PM,4:20,MISS Thompson 25' 3PT Jump Shot,,,,,4.0,203138,Hollis Thompson,1610612755.0,Philadelphia,76ers,PHI,0,0,,,,,,0,0,,,,,
0021500388,78,4,0,1,7:26 PM,4:19,,,Calderon REBOUND (Off:0 Def:3),,,5.0,101181,Jose Calderon,1610612752.0,New York,Knicks,NYK,0,0,,,,,,0,0,,,,,
0021500388,79,6,17,1,7:26 PM,4:10,76ERS T.Foul (Def. 3 Sec Holmes ) (D.Stafford),,,,,4.0,1626158,Richaun Holmes,1610612755.0,Philadelphia,76ers,PHI,0,0,,,,,,1,0,,,,,
0021500388,80,3,16,1,7:26 PM,4:10,,,Anthony Free Throw Technical (7 PTS),21 - 13,-8,5.0,2546,Carmelo Anthony,1610612752.0,New York,Knicks,NYK,0,0,,,,,,0,0,,,,,
0021500388,82,8,0,1,7:26 PM,4:10,,,SUB: O'Quinn FOR Lopez,,,5.0,201577,Robin Lopez,1610612752.0,New York,Knicks,NYK,5,203124,Kyle O'Quinn,1610612752.0,New York,Knicks,NYK,0,0,,,,,
0021500388,83,6,3,1,7:27 PM,4:05,Wroten L.B.FOUL (P1.PN) (M.Lindsay),,,,,4.0,203100,Tony Wroten,1610612755.0,Philadelphia,76ers,PHI,5,101181,Jose Calderon,1610612752.0,New York,Knicks,NYK,1,0,,,,,
0021500388,84,3,11,1,7:27 PM,4:05,,,Calderon Free Throw 1 of 2 (1 PTS),22 - 13,-9,5.0,101181,Jose Calderon,1610612752.0,New York,Knicks,NYK,0,0,,,,,,0,0,,,,,
0021500388,86,3,12,1,7:27 PM,4:05,,,MISS Calderon Free Throw 2 of 2,,,5.0,101181,Jose Calderon,1610612752.0,New York,Knicks,NYK,0,0,,,,,,0,0,,,,,
0021500388,88,4,0,1,7:27 PM,4:03,Thompson REBOUND (Off:1 Def:2),,,,,4.0,203138,Hollis Thompson,1610612755.0,Philadelphia,76ers,PHI,0,0,,,,,,0,0,,,,,
0021500388,89,2,5,1,7:28 PM,3:51,MISS Holmes 1' Layup,,Afflalo BLOCK (1 BLK),,,4.0,1626158,Richaun Holmes,1610612755.0,Philadelphia,76ers,PHI,0,0,,,,,,5,201167,Arron Afflalo,1610612752.0,New York,Knicks,NYK
0021500388,90,4,0,1,7:28 PM,3:51,76ERS Rebound,,,,,2.0,1610612755,,,,,,0,0,,,,,,0,0,,,,,
0021500388,91,1,42,1,7:28 PM,3:42,Sampson 2' Driving Layup (2 PTS),,,22 - 15,-7,4.0,203960,JaKarr Sampson,1610612755.0,Philadelphia,76ers,PHI,0,0,,,,,,0,0,,,,,
0021500388,92,1,98,1,7:28 PM,3:31,,,O'Quinn 1' Cutting Layup Shot (2 PTS) (Calderon 1 AST),24 - 15,-9,5.0,203124,Kyle O'Quinn,1610612752.0,New York,Knicks,NYK,5,101181,Jose Calderon,1610612752.0,New York,Knicks,NYK,0,0,,,,,
0021500388,93,2,1,1,7:28 PM,3:22,MISS Holmes 26' 3PT Jump Shot,,,,,4.0,1626158,Richaun Holmes,1610612755.0,Philadelphia,76ers,PHI,0,0,,,,,,0,0,,,,,
0021500388,94,4,0,1,7:28 PM,3:21,,,Afflalo REBOUND (Off:0 Def:2),,,5.0,201167,Arron Afflalo,1610612752.0,New York,Knicks,NYK,0,0,,,,,,0,0,,,,,
0021500388,95,5,8,1,7:29 PM,3:05,,,Anthony 3 Second Violation Turnover (P1.T1),,,5.0,2546,Carmelo Anthony,1610612752.0,New York,Knicks,NYK,0,0,,,,,,1,0,,,,,
0021500388,97,1,42,1,7:29 PM,2:56,Wroten 1' Driving Layup (4 PTS),,,24 - 17,-7,4.0,203100,Tony Wroten,1610612755.0,Philadelphia,76ers,PHI,0,0,,,,,,0,0,,,,,
0021500388,99,2,1,1,7:29 PM,2:45,,,MISS O'Quinn 20' Jump Shot,,,5.0,203124,Kyle O'Quinn,1610612752.0,New York,Knicks,NYK,0,0,,,,,,0,0,,,,,
0021500388,100,4,0,1,7:29 PM,2:43,Sampson REBOUND (Off:0 Def:1),,,,,4.0,203960,JaKarr Sampson,1610612755.0,Philadelphia,76ers,PHI,0,0,,,,,,0,0,,,,,
0021500388,101,6,2,1,7:29 PM,2:39,,,O'Quinn S.FOUL (P1.T2) (M.Lindsay),,,5.0,203124,Kyle O'Quinn,1610612752.0,New York,Knicks,NYK,4,203960,JaKarr Sampson,1610612755.0,Philadelphia,76ers,PHI,1,0,,,,,
0021500388,102,9,1,1,7:30 PM,2:39,,,Knicks Timeout: Regular (Reg.1 Short 0),,,3.0,1610612752,,,,,,0,0,,,,,,0,0,,,,,
0021500388,103,8,0,1,7:32 PM,2:39,SUB: McConnell FOR Thompson,,,,,4.0,203138,Hollis Thompson,1610612755.0,Philadelphia,76ers,PHI,4,204456,T.J. McConnell,1610612755.0,Philadelphia,76ers,PHI,0,0,,,,,
0021500388,104,8,0,1,7:32 PM,2:39,SUB: Noel FOR Holmes,,,,,4.0,1626158,Richaun Holmes,1610612755.0,Philadelphia,76ers,PHI,4,203457,Nerlens Noel,1610612755.0,Philadelphia,76ers,PHI,0,0,,,,,
0021500388,105,8,0,1,7:32 PM,2:39,,,SUB: Galloway FOR Calderon,,,5.0,101181,Jose Calderon,1610612752.0,New York,Knicks,NYK,5,204038,Langston Galloway,1610612752.0,New York,Knicks,NYK,0,0,,,,,
0021500388,106,3,11,1,7:32 PM,2:39,MISS Sampson Free Throw 1 of 2,,,,,4.0,203960,JaKarr Sampson,1610612755.0,Philadelphia,76ers,PHI,0,0,,,,,,0,0,,,,,
0021500388,107,4,1,1,7:32 PM,2:39,76ERS Rebound,,,,,2.0,1610612755,,,,,,0,0,,,,,,0,0,,,,,
0021500388,108,3,12,1,7:32 PM,2:39,MISS Sampson Free Throw 2 of 2,,,,,4.0,203960,JaKarr Sampson,1610612755.0,Philadelphia,76ers,PHI,0,0,,,,,,0,0,,,,,
0021500388,110,4,0,1,7:32 PM,2:38,,,Afflalo REBOUND (Off:0 Def:3),,,5.0,201167,Arron Afflalo,1610612752.0,New York,Knicks,NYK,0,0,,,,,,0,0,,,,,
0021500388,111,1,1,1,7:33 PM,2:13,,,Anthony 15' Jump Shot (9 PTS) (O'Quinn 1 AST),26 - 17,-9,5.0,2546,Carmelo Anthony,1610612752.0,New York,Knicks,NYK,5,203124,Kyle O'Quinn,1610612752.0,New York,Knicks,NYK,0,0,,,,,
0021500388,112,1,52,1,7:33 PM,1:59,Noel  Alley Oop Dunk (4 PTS) (Wroten 1 AST),,,26 - 19,-7,4.0,203457,Nerlens Noel,1610612755.0,Philadelphia,76ers,PHI,4,203100,Tony Wroten,1610612755.0,Philadelphia,76ers,PHI,0,0,,,,,
0021500388,113,1,42,1,7:33 PM,1:38,,,Afflalo 1' Driving Layup (8 PTS),28 - 19,-9,5.0,201167,Arron Afflalo,1610612752.0,New York,Knicks,NYK,0,0,,,,,,0,0,,,,,
0021500388,114,1,74,1,7:33 PM,1:32,Wroten  Running Reverse Layup (6 PTS),,,28 - 21,-7,4.0,203100,Tony Wroten,1610612755.0,Philadelphia,76ers,PHI,0,0,,,,,,0,0,,,,,
0021500388,115,6,2,1,7:34 PM,1:13,Sampson S.FOUL (P1.PN) (M.Lindsay),,,,,4.0,203960,JaKarr Sampson,1610612755.0,Philadelphia,76ers,PHI,5,2546,Carmelo Anthony,1610612752.0,New York,Knicks,NYK,1,0,,,,,
0021500388,116,3,11,1,7:34 PM,1:13,,,Anthony Free Throw 1 of 2 (10 PTS),29 - 21,-8,5.0,2546,Carmelo Anthony,1610612752.0,New York,Knicks,NYK,0,0,,,,,,0,0,,,,,
0021500388,118,8,0,1,7:34 PM,1:13,SUB: Canaan FOR Wroten,,,,,4.0,203100,Tony Wroten,1610612755.0,Philadelphia,76ers,PHI,4,203477,Isaiah Canaan,1610612755.0,Philadelphia,76ers,PHI,0,0,,,,,
0021500388,119,8,0,1,7:35 PM,1:13,,,SUB: Grant FOR Afflalo,,,5.0,201167,Arron Afflalo,1610612752.0,New York,Knicks,NYK,5,1626170,Jerian Grant,1610612752.0,New York,Knicks,NYK,0,0,,,,,
0021500388,120,3,12,1,7:35 PM,1:13,,,Anthony Free Throw 2 of 2 (11 PTS),30 - 21,-9,5.0,2546,Carmelo Anthony,1610612752.0,New York,Knicks,NYK,0,0,,,,,,0,0,,,,,
0021500388,122,5,2,1,7:35 PM,0:58,Sampson Lost Ball Turnover (P1.T3),,Galloway STEAL (1 STL),,,4.0,203960,JaKarr Sampson,1610612755.0,Philadelphia,76ers,PHI,5,204038,Langston Galloway,1610612752.0,New York,Knicks,NYK,0,0,,,,,
0021500388,123,2,5,1,7:35 PM,0:48,Grant BLOCK (1 BLK),,MISS O'Quinn 2' Layup,,,5.0,203124,Kyle O'Quinn,1610612752.0,New York,Knicks,NYK,0,0,,,,,,4,203924,Jerami Grant,1610612755.0,Philadelphia,76ers,PHI
0021500388,124,4,0,1,7:35 PM,0:46,,,Thomas REBOUND (Off:1 Def:0),,,5.0,202498,Lance Thomas,1610612752.0,New York,Knicks,NYK,0,0,,,,,,0,0,,,,,
0021500388,125,2,5,1,7:35 PM,0:42,Noel BLOCK (1 BLK),,MISS Thomas 3' Layup,,,5.0,202498,Lance Thomas,1610612752.0,New York,Knicks,NYK,0,0,,,,,,4,203457,Nerlens Noel,1610612755.0,Philadelphia,76ers,PHI
0021500388,126,4,0,1,7:35 PM,0:39,Sampson REBOUND (Off:0 Def:2),,,,,4.0,203960,JaKarr Sampson,1610612755.0,Philadelphia,76ers,PHI,0,0,,,,,,0,0,,,,,
0021500388,127,2,1,1,7:35 PM,0:29,MISS Sampson 26' 3PT Jump Shot,,,,,4.0,203960,JaKarr Sampson,1610612755.0,Philadelphia,76ers,PHI,0,0,,,,,,0,0,,,,,
0021500388,128,4,0,1,7:36 PM,0:28,,,Grant REBOUND (Off:0 Def:1),,,5.0,1626170,Jerian Grant,1610612752.0,New York,Knicks,NYK,0,0,,,,,,0,0,,,,,
0021500388,129,5,1,1,7:36 PM,0:03,Grant STEAL (1 STL),,Thomas Bad Pass Turnover (P1.T2),,,5.0,202498,Lance Thomas,1610612752.0,New York,Knicks,NYK,4,203924,Jerami Grant,1610612755.0,Philadelphia,76ers,PHI,0,0,,,,,
0021500388,130,2,1,1,7:36 PM,0:01,MISS Grant 37' 3PT Jump Shot,,,,,4.0,203924,Jerami Grant,1610612755.0,Philadelphia,76ers,PHI,0,0,,,,,,0,0,,,,,
0021500388,132,4,0,1,7:36 PM,0:00,McConnell REBOUND (Off:1 Def:0),,,,,4.0,204456,T.J. McConnell,1610612755.0,Philadelphia,76ers,PHI,0,0,,,,,,0,0,,,,,
0021500388,131,1,5,1,7:36 PM,0:00,McConnell  Layup (2 PTS),,,30 - 23,-7,4.0,204456,T.J. McConnell,1610612755.0,Philadelphia,76ers,PHI,0,0,,,,,,0,0,,,,,
0021500388,134,18,0,1,7:36 PM,0:00,,,,,,,131,,,,,,0,0,,,,,,1,0,,,,,
0021500388,133,13,0,1,7:36 PM,0:00,,,,30 - 23,-7,0.0,0,,,,,,0,0,,,,,,0,0,,,,,
0021500388,136,12,0,2,7:39 PM,12:00,,,,30 - 23,-7,0.0,0,,,,,,0,0,,,,,,0,0,,,,,
0021500388,137,2,1,2,7:39 PM,11:41,,,MISS Williams  3PT Jump Shot,,,5.0,202682,Derrick Williams,1610612752.0,New York,Knicks,NYK,0,0,,,,,,0,0,,,,,
0021500388,138,4,0,2,7:39 PM,11:40,,,O'Quinn REBOUND (Off:1 Def:0),,,5.0,203124,Kyle O'Quinn,1610612752.0,New York,Knicks,NYK,0,0,,,,,,0,0,,,,,
0021500388,139,6,2,2,7:40 PM,11:40,Covington S.FOUL (P3.T1) (D.Stafford),,,,,4.0,203496,Robert Covington,1610612755.0,Philadelphia,76ers,PHI,5,203124,Kyle O'Quinn,1610612752.0,New York,Knicks,NYK,1,0,,,,,
0021500388,140,3,11,2,7:40 PM,11:40,,,O'Quinn Free Throw 1 of 2 (3 PTS),31 - 23,-8,5.0,203124,Kyle O'Quinn,1610612752.0,New York,Knicks,NYK,0,0,,,,,,0,0,,,,,
0021500388,142,8,0,2,7:40 PM,11:40,SUB: Holmes FOR Covington,,,,,4.0,203496,Robert Covington,1610612755.0,Philadelphia,76ers,PHI,4,1626158,Richaun Holmes,1610612755.0,Philadelphia,76ers,PHI,0,0,,,,,
0021500388,143,3,12,2,7:40 PM,11:40,,,O'Quinn Free Throw 2 of 2 (4 PTS),32 - 23,-9,5.0,203124,Kyle O'Quinn,1610612752.0,New York,Knicks,NYK,0,0,,,,,,0,0,,,,,
0021500388,145,2,1,2,7:40 PM,11:31,MISS McConnell 17' Jump Shot,,,,,4.0,204456,T.J. McConnell,1610612755.0,Philadelphia,76ers,PHI,0,0,,,,,,0,0,,,,,
0021500388,146,4,0,2,7:40 PM,11:30,,,O'Quinn REBOUND (Off:1 Def:1),,,5.0,203124,Kyle O'Quinn,1610612752.0,New York,Knicks,NYK,0,0,,,,,,0,0,,,,,
0021500388,147,6,2,2,7:41 PM,11:22,Noel S.FOUL (P2.T2) (M.Lindsay),,,,,4.0,203457,Nerlens Noel,1610612755.0,Philadelphia,76ers,PHI,5,202498,Lance Thomas,1610612752.0,New York,Knicks,NYK,1,0,,,,,
0021500388,148,3,11,2,7:41 PM,11:22,,,Thomas Free Throw 1 of 2 (3 PTS),33 - 23,-10,5.0,202498,Lance Thomas,1610612752.0,New York,Knicks,NYK,0,0,,,,,,0,0,,,,,
0021500388,150,3,12,2,7:41 PM,11:22,,,Thomas Free Throw 2 of 2 (4 PTS),34 - 23,-11,5.0,202498,Lance Thomas,1610612752.0,New York,Knicks,NYK,0,0,,,,,,0,0,,,,,
0021500388,152,6,2,2,7:42 PM,11:09,,,Thomas S.FOUL (P1.T1) (B.Taylor),,,5.0,202498,Lance Thomas,1610612752.0,New York,Knicks,NYK,4,203138,Hollis Thompson,1610612755.0,Philadelphia,76ers,PHI,1,0,,,,,
0021500388,153,3,11,2,7:42 PM,11:09,MISS Thompson Free Throw 1 of 2,,,,,4.0,203138,Hollis Thompson,1610612755.0,Philadelphia,76ers,PHI,0,0,,,,,,0,0,,,,,
0021500388,154,4,1,2,7:42 PM,11:09,76ERS Rebound,,,,,2.0,1610612755,,,,,,0,0,,,,,,0,0,,,,,
0021500388,155,3,12,2,7:42 PM,11:09,MISS Thompson Free Throw 2 of 2,,,,,4.0,203138,Hollis Thompson,1610612755.0,Philadelphia,76ers,PHI,0,0,,,,,,0,0,,,,,
0021500388,157,4,0,2,7:42 PM,11:07,,,Williams REBOUND (Off:0 Def:1),,,5.0,202682,Derrick Williams,1610612752.0,New York,Knicks,NYK,0,0,,,,,,0,0,,,,,
0021500388,158,1,58,2,7:43 PM,10:50,,,Thomas 6' Turnaround Hook Shot (6 PTS),36 - 23,-13,5.0,202498,Lance Thomas,1610612752.0,New York,Knicks,NYK,0,0,,,,,,0,0,,,,,
0021500388,159,9,2,2,7:43 PM,10:43,76ERS Timeout: Short (Full 1 Short 1),,,,,2.0,1610612755,,,,,,0,0,,,,,,0,0,,,,,
0021500388,160,8,0,2,7:44 PM,10:43,SUB: Marshall FOR McConnell,,,,,4.0,204456,T.J. McConnell,1610612755.0,Philadelphia,76ers,PHI,4,203088,Kendall Marshall,1610612755.0,Philadelphia,76ers,PHI,0,0,,,,,
0021500388,161,6,1,2,7:44 PM,10:33,,,Galloway P.FOUL (P1.T2) (M.Lindsay),,,5.0,204038,Langston Galloway,1610612752.0,New York,Knicks,NYK,4,203457,Nerlens Noel,1610612755.0,Philadelphia,76ers,PHI,1,0,,,,,
0021500388,162,1,80,2,7:45 PM,10:19,Canaan 25' 3PT Step Back Jump Shot (6 PTS),,,36 - 26,-10,4.0,203477,Isaiah Canaan,1610612755.0,Philadelphia,76ers,PHI,0,0,,,,,,0,0,,,,,
0021500388,163,1,1,2,7:45 PM,10:01,,,Williams 18' Jump Shot (2 PTS) (Galloway 1 AST),38 - 26,-12,5.0,202682,Derrick Williams,1610612752.0,New York,Knicks,NYK,5,204038,Langston Galloway,1610612752.0,New York,Knicks,NYK,0,0,,,,,
0021500388,164,7,5,2,7:45 PM,9:51,,,Williams Violation:Kicked Ball (M.Lindsay),,,5.0,202682,Derrick Williams,1610612752.0,New York,Knicks,NYK,0,0,,,,,,1,0,,,,,
0021500388,165,6,1,2,7:46 PM,9:49,,,Galloway P.FOUL (P2.T3) (M.Lindsay),,,5.0,204038,Langston Galloway,1610612752.0,New York,Knicks,NYK,4,203088,Kendall Marshall,1610612755.0,Philadelphia,76ers,PHI,1,0,,,,,
0021500388,166,5,1,2,7:46 PM,9:43,Marshall Bad Pass Turnover (P1.T4),,Williams STEAL (1 STL),,,4.0,203088,Kendall Marshall,1610612755.0,Philadelphia,76ers,PHI,5,202682,Derrick Williams,1610612752.0,New York,Knicks,NYK,0,0,,,,,
0021500388,167,6,2,2,7:46 PM,9:39,Marshall S.FOUL (P1.T3) (D.Stafford),,,,,4.0,203088,Kendall Marshall,1610612755.0,Philadelphia,76ers,PHI,5,202682,Derrick Williams,1610612752.0,New York,Knicks,NYK,1,0,,,,,
0021500388,168,3,11,2,7:46 PM,9:39,,,MISS Williams Free Throw 1 of 2,,,5.0,202682,Derrick Williams,1610612752.0,New York,Knicks,NYK,0,0,,,,,,0,0,,,,,
0021500388,169,4,1,2,7:46 PM,9:39,,,Knicks Rebound,,,3.0,1610612752,,,,,,0,0,,,,,,0,0,,,,,
0021500388,170,3,12,2,7:47 PM,9:39,,,Williams Free Throw 2 of 2 (3 PTS),39 - 26,-13,5.0,202682,Derrick Williams,1610612752.0,New York,Knicks,NYK,0,0,,,,,,0,0,,,,,
0021500388,172,1,108,2,7:47 PM,9:29,Holmes  Cutting Dunk Shot (2 PTS) (Canaan 2 AST),,,39 - 28,-11,4.0,1626158,Richaun Holmes,1610612755.0,Philadelphia,76ers,PHI,4,203477,Isaiah Canaan,1610612755.0,Philadelphia,76ers,PHI,0,0,,,,,
0021500388,173,2,1,2,7:47 PM,9:12,,,MISS Galloway 16' Jump Shot,,,5.0,204038,Langston Galloway,1610612752.0,New York,Knicks,NYK,0,0,,,,,,0,0,,,,,
0021500388,174,4,0,2,7:47 PM,9:09,,,Thomas REBOUND (Off:2 Def:0),,,5.0,202498,Lance Thomas,1610612752.0,New York,Knicks,NYK,0,0,,,,,,0,0,,,,,
0021500388,175,1,79,2,7:47 PM,9:07,,,Thomas 26' 3PT Pullup Jump Shot (9 PTS),42 - 28,-14,5.0,202498,Lance Thomas,1610612752.0,New York,Knicks,NYK,0,0,,,,,,0,0,,,,,
0021500388,176,1,49,2,7:48 PM,8:50,Holmes  Driving Dunk (4 PTS) (Marshall 1 AST),,,42 - 30,-12,4.0,1626158,Richaun Holmes,1610612755.0,Philadelphia,76ers,PHI,4,203088,Kendall Marshall,1610612755.0,Philadelphia,76ers,PHI,0,0,,,,,
0021500388,177,9,1,2,7:48 PM,8:42,,,Knicks Timeout: Regular (Reg.2 Short 0),,,3.0,1610612752,,,,,,0,0,,,,,,0,0,,,,,
0021500388,179,8,0,2,7:50 PM,8:42,,,SUB: Porzingis FOR O'Quinn,,,5.0,203124,Kyle O'Quinn,1610612752.0,New York,Knicks,NYK,5,204001,Kristaps Porzingis,1610612752.0,New York,Knicks,NYK,0,0,,,,,
0021500388,180,8,0,2,7:50 PM,8:42,SUB: Stauskas FOR Noel,,,,,4.0,203457,Nerlens Noel,1610612755.0,Philadelphia,76ers,PHI,4,203917,Nik Stauskas,1610612755.0,Philadelphia,76ers,PHI,0,0,,,,,
0021500388,181,8,0,2,7:50 PM,8:42,SUB: Okafor FOR Thompson,,,,,4.0,203138,Hollis Thompson,1610612755.0,Philadelphia,76ers,PHI,4,1626143,Jahlil Okafor,1610612755.0,Philadelphia,76ers,PHI,0,0,,,,,
0021500388,182,5,41,2,7:51 PM,8:23,Holmes STEAL (1 STL),,Porzingis Poss Lost Ball Turnover (P1.T3),,,5.0,204001,Kristaps Porzingis,1610612752.0,New York,Knicks,NYK,4,1626158,Richaun Holmes,1610612755.0,Philadelphia,76ers,PHI,4,1626158,Richaun Holmes,1610612755.0,Philadelphia,76ers,PHI
0021500388,184,2,1,2,7:51 PM,8:05,MISS Canaan 27' 3PT Jump Shot,,,,,4.0,203477,Isaiah Canaan,1610612755.0,Philadelphia,76ers,PHI,0,0,,,,,,0,0,,,,,
0021500388,185,4,0,2,7:51 PM,8:03,,,Williams REBOUND (Off:0 Def:2),,,5.0,202682,Derrick Williams,1610612752.0,New York,Knicks,NYK,0,0,,,,,,0,0,,,,,
0021500388,186,1,41,2,7:51 PM,7:58,,,Williams 1' Running Layup (5 PTS),44 - 30,-14,5.0,202682,Derrick Williams,1610612752.0,New York,Knicks,NYK,0,0,,,,,,0,0,,,,,
0021500388,187,5,2,2,7:51 PM,7:44,Holmes Lost Ball Turnover (P1.T5),,Thomas STEAL (1 STL),,,4.0,1626158,Richaun Holmes,1610612755.0,Philadelphia,76ers,PHI,5,202498,Lance Thomas,1610612752.0,New York,Knicks,NYK,0,0,,,,,
0021500388,188,1,52,2,7:51 PM,7:39,,,Williams  Alley Oop Dunk (7 PTS) (Galloway 2 AST),46 - 30,-16,5.0,202682,Derrick Williams,1610612752.0,New York,Knicks,NYK,5,204038,Langston Galloway,1610612752.0,New York,Knicks,NYK,0,0,,,,,
0021500388,189,9,1,2,7:52 PM,7:31,76ERS Timeout: Regular (Full 2 Short 1),,,,,2.0,1610612755,,,,,,0,0,,,,,,0,0,,,,,
0021500388,191,8,0,2,7:54 PM,7:31,,,SUB: Afflalo FOR Galloway,,,5.0,204038,Langston Galloway,1610612752.0,New York,Knicks,NYK,5,201167,Arron Afflalo,1610612752.0,New York,Knicks,NYK,0,0,,,,,
0021500388,192,8,0,2,7:54 PM,7:31,,,SUB: Anthony FOR Thomas,,,5.0,202498,Lance Thomas,1610612752.0,New York,Knicks,NYK,5,2546,Carmelo Anthony,1610612752.0,New York,Knicks,NYK,0,0,,,,,
0021500388,193,8,0,2,7:54 PM,7:31,SUB: Sampson FOR Canaan,,,,,4.0,203477,Isaiah Canaan,1610612755.0,Philadelphia,76ers,PHI,4,203960,JaKarr Sampson,1610612755.0,Philadelphia,76ers,PHI,0,0,,,,,
0021500388,194,1,108,2,7:54 PM,7:18,Holmes  Cutting Dunk Shot (6 PTS) (Marshall 2 AST),,,46 - 32,-14,4.0,1626158,Richaun Holmes,1610612755.0,Philadelphia,76ers,PHI,4,203088,Kendall Marshall,1610612755.0,Philadelphia,76ers,PHI,0,0,,,,,
0021500388,195,1,80,2,7:55 PM,6:56,,,Afflalo 13' Step Back Jump Shot (10 PTS) (Anthony 2 AST),48 - 32,-16,5.0,201167,Arron Afflalo,1610612752.0,New York,Knicks,NYK,5,2546,Carmelo Anthony,1610612752.0,New York,Knicks,NYK,0,0,,,,,
0021500388,196,1,49,2,7:55 PM,6:40,Okafor  Driving Dunk (6 PTS),,,48 - 34,-14,4.0,1626143,Jahlil Okafor,1610612755.0,Philadelphia,76ers,PHI,0,0,,,,,,0,0,,,,,
0021500388,197,1,42,2,7:55 PM,6:29,,,Grant 1' Driving Layup (2 PTS),50 - 34,-16,5.0,1626170,Jerian Grant,1610612752.0,New York,Knicks,NYK,0,0,,,,,,0,0,,,,,
0021500388,198,5,1,2,7:55 PM,6:18,Marshall Bad Pass Turnover (P2.T6),,Porzingis STEAL (1 STL),,,4.0,203088,Kendall Marshall,1610612755.0,Philadelphia,76ers,PHI,5,204001,Kristaps Porzingis,1610612752.0,New York,Knicks,NYK,0,0,,,,,
0021500388,199,6,1,2,7:55 PM,6:17,Holmes P.FOUL (P1.T4) (B.Taylor),,,,,4.0,1626158,Richaun Holmes,1610612755.0,Philadelphia,76ers,PHI,5,202682,Derrick Williams,1610612752.0,New York,Knicks,NYK,1,0,,,,,
0021500388,200,8,0,2,7:56 PM,6:17,SUB: Wroten FOR Marshall,,,,,4.0,203088,Kendall Marshall,1610612755.0,Philadelphia,76ers,PHI,4,203100,Tony Wroten,1610612755.0,Philadelphia,76ers,PHI,0,0,,,,,
0021500388,201,8,0,2,7:56 PM,6:17,SUB: Grant FOR Holmes,,,,,4.0,1626158,Richaun Holmes,1610612755.0,Philadelphia,76ers,PHI,4,203924,Jerami Grant,1610612755.0,Philadelphia,76ers,PHI,0,0,,,,,
0021500388,202,2,86,2,7:56 PM,5:59,,,MISS Anthony 14' Turnaround Fadeaway Shot,,,5.0,2546,Carmelo Anthony,1610612752.0,New York,Knicks,NYK,0,0,,,,,,0,0,,,,,
0021500388,203,4,0,2,7:56 PM,5:57,Okafor REBOUND (Off:0 Def:3),,,,,4.0,1626143,Jahlil Okafor,1610612755.0,Philadelphia,76ers,PHI,0,0,,,,,,0,0,,,,,
0021500388,204,5,1,2,7:56 PM,5:52,Wroten Bad Pass Turnover (P3.T7),,,,,4.0,203100,Tony Wroten,1610612755.0,Philadelphia,76ers,PHI,0,0,,,,,,0,0,,,,,
0021500388,205,1,108,2,7:57 PM,5:38,,,Grant  Cutting Dunk Shot (4 PTS) (Anthony 3 AST),52 - 34,-18,5.0,1626170,Jerian Grant,1610612752.0,New York,Knicks,NYK,5,2546,Carmelo Anthony,1610612752.0,New York,Knicks,NYK,0,0,,,,,
0021500388,206,2,1,2,7:57 PM,5:22,MISS Okafor 16' Jump Shot,,,,,4.0,1626143,Jahlil Okafor,1610612755.0,Philadelphia,76ers,PHI,0,0,,,,,,0,0,,,,,
0021500388,207,4,0,2,7:57 PM,5:20,,,Williams REBOUND (Off:0 Def:3),,,5.0,202682,Derrick Williams,1610612752.0,New York,Knicks,NYK,0,0,,,,,,0,0,,,,,
0021500388,208,6,27,2,7:57 PM,5:17,Grant Personal Block Foul (P1.PN) (M.Lindsay),,,,,4.0,203924,Jerami Grant,1610612755.0,Philadelphia,76ers,PHI,5,202682,Derrick Williams,1610612752.0,New York,Knicks,NYK,1,0,,,,,
0021500388,209,3,11,2,7:57 PM,5:17,,,Williams Free Throw 1 of 2 (8 PTS),53 - 34,-19,5.0,202682,Derrick Williams,1610612752.0,New York,Knicks,NYK,0,0,,,,,,0,0,,,,,
0021500388,211,3,12,2,7:57 PM,5:17,,,MISS Williams Free Throw 2 of 2,,,5.0,202682,Derrick Williams,1610612752.0,New York,Knicks,NYK,0,0,,,,,,0,0,,,,,
0021500388,213,4,0,2,7:58 PM,5:16,Okafor REBOUND (Off:0 Def:4),,,,,4.0,1626143,Jahlil Okafor,1610612755.0,Philadelphia,76ers,PHI,0,0,,,,,,0,0,,,,,
0021500388,214,2,5,2,7:58 PM,4:58,MISS Wroten 2' Layup,,,,,4.0,203100,Tony Wroten,1610612755.0,Philadelphia,76ers,PHI,0,0,,,,,,0,0,,,,,
0021500388,215,4,0,2,7:58 PM,4:56,,,Porzingis REBOUND (Off:0 Def:2),,,5.0,204001,Kristaps Porzingis,1610612752.0,New York,Knicks,NYK,0,0,,,,,,0,0,,,,,
0021500388,216,2,1,2,7:58 PM,4:34,,,MISS Anthony 25' 3PT Jump Shot,,,5.0,2546,Carmelo Anthony,1610612752.0,New York,Knicks,NYK,0,0,,,,,,0,0,,,,,
0021500388,217,4,0,2,7:58 PM,4:33,,,Afflalo REBOUND (Off:1 Def:3),,,5.0,201167,Arron Afflalo,1610612752.0,New York,Knicks,NYK,0,0,,,,,,0,0,,,,,
0021500388,218,2,42,2,7:58 PM,4:28,,,MISS Porzingis 2' Driving Layup,,,5.0,204001,Kristaps Porzingis,1610612752.0,New York,Knicks,NYK,0,0,,,,,,0,0,,,,,
0021500388,219,4,0,2,7:59 PM,4:26,Wroten REBOUND (Off:0 Def:1),,,,,4.0,203100,Tony Wroten,1610612755.0,Philadelphia,76ers,PHI,0,0,,,,,,0,0,,,,,
0021500388,220,6,2,2,7:59 PM,4:22,,,Williams S.FOUL (P1.T4) (M.Lindsay),,,5.0,202682,Derrick Williams,1610612752.0,New York,Knicks,NYK,4,203100,Tony Wroten,1610612755.0,Philadelphia,76ers,PHI,1,0,,,,,
0021500388,221,3,11,2,7:59 PM,4:22,Wroten Free Throw 1 of 2 (7 PTS),,,53 - 35,-18,4.0,203100,Tony Wroten,1610612755.0,Philadelphia,76ers,PHI,0,0,,,,,,0,0,,,,,
0021500388,224,8,0,2,7:59 PM,4:22,SUB: Canaan FOR Sampson,,,,,4.0,203960,JaKarr Sampson,1610612755.0,Philadelphia,76ers,PHI,4,203477,Isaiah Canaan,1610612755.0,Philadelphia,76ers,PHI,0,0,,,,,
0021500388,225,8,0,2,7:59 PM,4:22,SUB: Covington FOR Stauskas,,,,,4.0,203917,Nik Stauskas,1610612755.0,Philadelphia,76ers,PHI,4,203496,Robert Covington,1610612755.0,Philadelphia,76ers,PHI,0,0,,,,,
0021500388,226,8,0,2,7:59 PM,4:22,,,SUB: Calderon FOR Grant,,,5.0,1626170,Jerian Grant,1610612752.0,New York,Knicks,NYK,5,101181,Jose Calderon,1610612752.0,New York,Knicks,NYK,0,0,,,,,
0021500388,227,3,12,2,7:59 PM,4:22,Wroten Free Throw 2 of 2 (8 PTS),,,53 - 36,-17,4.0,203100,Tony Wroten,1610612755.0,Philadelphia,76ers,PHI,0,0,,,,,,0,0,,,,,
0021500388,230,1,1,2,8:00 PM,4:07,,,Afflalo  3PT Jump Shot (13 PTS) (Calderon 2 AST),56 - 36,-20,5.0,201167,Arron Afflalo,1610612752.0,New York,Knicks,NYK,5,101181,Jose Calderon,1610612752.0,New York,Knicks,NYK,0,0,,,,,
0021500388,231,2,5,2,8:00 PM,3:51,MISS Wroten 2' Layup,,Porzingis BLOCK (1 BLK),,,4.0,203100,Tony Wroten,1610612755.0,Philadelphia,76ers,PHI,0,0,,,,,,5,204001,Kristaps Porzingis,1610612752.0,New York,Knicks,NYK
0021500388,232,4,0,2,8:00 PM,3:51,76ERS Rebound,,,,,2.0,1610612755,,,,,,0,0,,,,,,0,0,,,,,
0021500388,233,1,73,2,8:01 PM,3:42,Wroten 1' Driving Reverse Layup (10 PTS),,,56 - 38,-18,4.0,203100,Tony Wroten,1610612755.0,Philadelphia,76ers,PHI,0,0,,,,,,0,0,,,,,
0021500388,234,2,43,2,8:01 PM,3:32,,,MISS Anthony 2' Alley Oop Layup,,,5.0,2546,Carmelo Anthony,1610612752.0,New York,Knicks,NYK,0,0,,,,,,0,0,,,,,
0021500388,235,4,0,2,8:01 PM,3:30,Wroten REBOUND (Off:0 Def:2),,,,,4.0,203100,Tony Wroten,1610612755.0,Philadelphia,76ers,PHI,0,0,,,,,,0,0,,,,,
0021500388,236,1,42,2,8:01 PM,3:15,Okafor 2' Driving Layup (8 PTS) (Canaan 3 AST),,,56 - 40,-16,4.0,1626143,Jahlil Okafor,1610612755.0,Philadelphia,76ers,PHI,4,203477,Isaiah Canaan,1610612755.0,Philadelphia,76ers,PHI,0,0,,,,,
0021500388,237,6,2,2,8:01 PM,3:02,Grant S.FOUL (P2.PN) (M.Lindsay),,,,,4.0,203924,Jerami Grant,1610612755.0,Philadelphia,76ers,PHI,5,2546,Carmelo Anthony,1610612752.0,New York,Knicks,NYK,1,0,,,,,
0021500388,238,3,11,2,8:02 PM,3:02,,,MISS Anthony Free Throw 1 of 2,,,5.0,2546,Carmelo Anthony,1610612752.0,New York,Knicks,NYK,0,0,,,,,,0,0,,,,,
0021500388,239,4,1,2,8:02 PM,3:02,,,Knicks Rebound,,,3.0,1610612752,,,,,,0,0,,,,,,0,0,,,,,
0021500388,240,8,0,2,8:02 PM,3:02,,,SUB: Lopez FOR Williams,,,5.0,202682,Derrick Williams,1610612752.0,New York,Knicks,NYK,5,201577,Robin Lopez,1610612752.0,New York,Knicks,NYK,0,0,,,,,
0021500388,241,3,12,2,8:02 PM,3:02,,,Anthony Free Throw 2 of 2 (12 PTS),57 - 40,-17,5.0,2546,Carmelo Anthony,1610612752.0,New York,Knicks,NYK,0,0,,,,,,0,0,,,,,
0021500388,243,2,5,2,8:03 PM,2:49,MISS Wroten 1' Layup,,Porzingis BLOCK (2 BLK),,,4.0,203100,Tony Wroten,1610612755.0,Philadelphia,76ers,PHI,0,0,,,,,,5,204001,Kristaps Porzingis,1610612752.0,New York,Knicks,NYK
0021500388,244,4,0,2,8:03 PM,2:49,76ERS Rebound,,,,,2.0,1610612755,,,,,,0,0,,,,,,0,0,,,,,
0021500388,245,9,4,2,8:03 PM,2:49,,,,,,1.0,0,,,,,,0,0,,,,,,0,0,,,,,
0021500388,247,2,1,2,8:05 PM,2:38,MISS Canaan 26' 3PT Jump Shot,,,,,4.0,203477,Isaiah Canaan,1610612755.0,Philadelphia,76ers,PHI,0,0,,,,,,0,0,,,,,
0021500388,249,4,0,2,8:05 PM,2:36,,,Anthony REBOUND (Off:0 Def:3),,,5.0,2546,Carmelo Anthony,1610612752.0,New York,Knicks,NYK,0,0,,,,,,0,0,,,,,
0021500388,250,1,1,2,8:05 PM,2:22,,,Afflalo 3' Jump Shot (15 PTS) (Anthony 4 AST),59 - 40,-19,5.0,201167,Arron Afflalo,1610612752.0,New York,Knicks,NYK,5,2546,Carmelo Anthony,1610612752.0,New York,Knicks,NYK,0,0,,,,,
0021500388,252,2,1,2,8:06 PM,2:11,MISS Covington 27' 3PT Jump Shot,,,,,4.0,203496,Robert Covington,1610612755.0,Philadelphia,76ers,PHI,0,0,,,,,,0,0,,,,,
0021500388,253,4,0,2,8:06 PM,2:09,,,Afflalo REBOUND (Off:1 Def:4),,,5.0,201167,Arron Afflalo,1610612752.0,New York,Knicks,NYK,0,0,,,,,,0,0,,,,,
0021500388,254,1,50,2,8:06 PM,2:03,,,Porzingis  Running Dunk (4 PTS) (Afflalo 1 AST),61 - 40,-21,5.0,204001,Kristaps Porzingis,1610612752.0,New York,Knicks,NYK,5,201167,Arron Afflalo,1610612752.0,New York,Knicks,NYK,0,0,,,,,
0021500388,257,8,0,2,8:08 PM,2:03,SUB: Thompson FOR Covington,,,,,4.0,203496,Robert Covington,1610612755.0,Philadelphia,76ers,PHI,4,203138,Hollis Thompson,1610612755.0,Philadelphia,76ers,PHI,0,0,,,,,
0021500388,321,9,1,2,8:08 PM,2:03,76ERS Timeout: Regular (Full 3 Short 1),,,,,2.0,1610612755,,,,,,0,0,,,,,,0,0,,,,,
0021500388,260,6,1,2,8:08 PM,1:51,,,Lopez P.FOUL (P2.PN) (D.Stafford),,,5.0,201577,Robin Lopez,1610612752.0,New York,Knicks,NYK,4,1626143,Jahlil Okafor,1610612755.0,Philadelphia,76ers,PHI,1,0,,,,,
0021500388,262,3,11,2,8:08 PM,1:51,Okafor Free Throw 1 of 2 (9 PTS),,,61 - 41,-20,4.0,1626143,Jahlil Okafor,1610612755.0,Philadelphia,76ers,PHI,0,0,,,,,,0,0,,,,,
0021500388,264,8,0,2,8:09 PM,1:51,SUB: Noel FOR Grant,,,,,4.0,203924,Jerami Grant,1610612755.0,Philadelphia,76ers,PHI,4,203457,Nerlens Noel,1610612755.0,Philadelphia,76ers,PHI,0,0,,,,,
0021500388,265,3,12,2,8:09 PM,1:51,MISS Okafor Free Throw 2 of 2,,,,,4.0,1626143,Jahlil Okafor,1610612755.0,Philadelphia,76ers,PHI,0,0,,,,,,0,0,,,,,
0021500388,267,4,0,2,8:09 PM,1:48,,,Lopez REBOUND (Off:2 Def:1),,,5.0,201577,Robin Lopez,1610612752.0,New York,Knicks,NYK,0,0,,,,,,0,0,,,,,
0021500388,269,6,1,2,8:09 PM,1:35,Thompson P.FOUL (P1.PN) (D.Stafford),,,,,4.0,203138,Hollis Thompson,1610612755.0,Philadelphia,76ers,PHI,5,2546,Carmelo Anthony,1610612752.0,New York,Knicks,NYK,1,0,,,,,
0021500388,270,3,11,2,8:10 PM,1:35,,,Anthony Free Throw 1 of 2 (13 PTS),62 - 41,-21,5.0,2546,Carmelo Anthony,1610612752.0,New York,Knicks,NYK,0,0,,,,,,0,0,,,,,
0021500388,272,3,12,2,8:10 PM,1:35,,,Anthony Free Throw 2 of 2 (14 PTS),63 - 41,-22,5.0,2546,Carmelo Anthony,1610612752.0,New York,Knicks,NYK,0,0,,,,,,0,0,,,,,
0021500388,274,6,17,2,8:10 PM,1:27,,,Knicks T.Foul (Def. 3 Sec Porzingis ) (M.Lindsay),,,5.0,204001,Kristaps Porzingis,1610612752.0,New York,Knicks,NYK,0,0,,,,,,1,0,,,,,
0021500388,276,3,16,2,8:11 PM,1:27,MISS Canaan Free Throw Technical,,,,,4.0,203477,Isaiah Canaan,1610612755.0,Philadelphia,76ers,PHI,0,0,,,,,,0,0,,,,,
0021500388,277,4,1,2,8:11 PM,1:27,76ERS Rebound,,,,,2.0,1610612755,,,,,,0,0,,,,,,0,0,,,,,
0021500388,279,1,1,2,8:11 PM,1:17,Thompson 26' 3PT Jump Shot (3 PTS) (Wroten 2 AST),,,63 - 44,-19,4.0,203138,Hollis Thompson,1610612755.0,Philadelphia,76ers,PHI,4,203100,Tony Wroten,1610612755.0,Philadelphia,76ers,PHI,0,0,,,,,
0021500388,281,2,1,2,8:11 PM,1:03,,,MISS Lopez 22' Jump Shot,,,5.0,201577,Robin Lopez,1610612752.0,New York,Knicks,NYK,0,0,,,,,,0,0,,,,,
0021500388,283,4,0,2,8:11 PM,1:01,,,Anthony REBOUND (Off:1 Def:3),,,5.0,2546,Carmelo Anthony,1610612752.0,New York,Knicks,NYK,0,0,,,,,,0,0,,,,,
0021500388,282,1,44,2,8:11 PM,1:01,,,Anthony 1' Reverse Layup (16 PTS),65 - 44,-21,5.0,2546,Carmelo Anthony,1610612752.0,New York,Knicks,NYK,0,0,,,,,,0,0,,,,,
0021500388,285,2,1,2,8:11 PM,0:53,MISS Thompson 27' 3PT Jump Shot,,,,,4.0,203138,Hollis Thompson,1610612755.0,Philadelphia,76ers,PHI,0,0,,,,,,0,0,,,,,
0021500388,286,4,0,2,8:11 PM,0:52,,,Anthony REBOUND (Off:1 Def:4),,,5.0,2546,Carmelo Anthony,1610612752.0,New York,Knicks,NYK,0,0,,,,,,0,0,,,,,
0021500388,287,5,45,2,8:11 PM,0:49,,,Anthony Out of Bounds - Bad Pass Turnover Turnover (P2.T4),,,5.0,2546,Carmelo Anthony,1610612752.0,New York,Knicks,NYK,0,0,,,,,,0,0,,,,,
0021500388,288,8,0,2,8:12 PM,0:49,,,SUB: O'Quinn FOR Lopez,,,5.0,201577,Robin Lopez,1610612752.0,New York,Knicks,NYK,5,203124,Kyle O'Quinn,1610612752.0,New York,Knicks,NYK,0,0,,,,,
0021500388,289,2,1,2,8:12 PM,0:33,MISS Canaan 11' Jump Shot,,,,,4.0,203477,Isaiah Canaan,1610612755.0,Philadelphia,76ers,PHI,0,0,,,,,,0,0,,,,,
0021500388,290,4,0,2,8:12 PM,0:31,,,Calderon REBOUND (Off:0 Def:4),,,5.0,101181,Jose Calderon,1610612752.0,New York,Knicks,NYK,0,0,,,,,,0,0,,,,,
0021500388,291,2,1,2,8:12 PM,0:26,,,MISS Afflalo 25' 3PT Jump Shot,,,5.0,201167,Arron Afflalo,1610612752.0,New York,Knicks,NYK,0,0,,,,,,0,0,,,,,
0021500388,292,4,0,2,8:12 PM,0:23,Noel REBOUND (Off:0 Def:2),,,,,4.0,203457,Nerlens Noel,1610612755.0,Philadelphia,76ers,PHI,0,0,,,,,,0,0,,,,,
0021500388,293,5,40,2,8:13 PM,0:01,Wroten Out of Bounds Lost Ball Turnover (P4.T8),,,,,4.0,203100,Tony Wroten,1610612755.0,Philadelphia,76ers,PHI,0,0,,,,,,0,0,,,,,
0021500388,294,9,2,2,8:13 PM,0:01,,,Knicks Timeout: Short (Reg.2 Short 1),,,3.0,1610612752,,,,,,0,0,,,,,,0,0,,,,,
0021500388,296,8,0,2,8:14 PM,0:01,SUB: Grant FOR Canaan,,,,,4.0,203477,Isaiah Canaan,1610612755.0,Philadelphia,76ers,PHI,4,203924,Jerami Grant,1610612755.0,Philadelphia,76ers,PHI,0,0,,,,,
0021500388,297,2,1,2,8:14 PM,0:01,,,MISS Porzingis 27' 3PT Jump Shot,,,5.0,204001,Kristaps Porzingis,1610612752.0,New York,Knicks,NYK,0,0,,,,,,0,0,,,,,
0021500388,298,4,0,2,8:14 PM,0:00,,,Knicks Rebound,,,3.0,1610612752,,,,,,0,0,,,,,,0,0,,,,,
0021500388,299,13,0,2,8:14 PM,0:00,,,,65 - 44,-21,0.0,0,,,,,,0,0,,,,,,0,0,,,,,
0021500388,300,12,0,3,8:30 PM,12:00,,,,65 - 44,-21,0.0,0,,,,,,0,0,,,,,,0,0,,,,,
0021500388,301,2,81,3,8:31 PM,11:39,,,MISS Porzingis 13' Pullup Bank Shot,,,5.0,204001,Kristaps Porzingis,1610612752.0,New York,Knicks,NYK,0,0,,,,,,0,0,,,,,
0021500388,302,4,0,3,8:31 PM,11:37,Covington REBOUND (Off:0 Def:2),,,,,4.0,203496,Robert Covington,1610612755.0,Philadelphia,76ers,PHI,0,0,,,,,,0,0,,,,,
0021500388,303,2,1,3,8:31 PM,11:21,MISS Okafor 6' Jump Shot,,,,,4.0,1626143,Jahlil Okafor,1610612755.0,Philadelphia,76ers,PHI,0,0,,,,,,0,0,,,,,
0021500388,305,4,0,3,8:31 PM,11:19,Noel REBOUND (Off:1 Def:2),,,,,4.0,203457,Nerlens Noel,1610612755.0,Philadelphia,76ers,PHI,0,0,,,,,,0,0,,,,,
0021500388,304,1,87,3,8:31 PM,11:19,Noel  Putback Dunk (6 PTS),,,65 - 46,-19,4.0,203457,Nerlens Noel,1610612755.0,Philadelphia,76ers,PHI,0,0,,,,,,0,0,,,,,
0021500388,306,2,5,3,8:31 PM,10:58,Noel BLOCK (2 BLK),,MISS Lopez 2' Layup,,,5.0,201577,Robin Lopez,1610612752.0,New York,Knicks,NYK,0,0,,,,,,4,203457,Nerlens Noel,1610612755.0,Philadelphia,76ers,PHI
0021500388,307,4,0,3,8:32 PM,10:55,Marshall REBOUND (Off:0 Def:1),,,,,4.0,203088,Kendall Marshall,1610612755.0,Philadelphia,76ers,PHI,0,0,,,,,,0,0,,,,,
0021500388,308,1,42,3,8:32 PM,10:41,Okafor 1' Driving Layup (11 PTS),,,65 - 48,-17,4.0,1626143,Jahlil Okafor,1610612755.0,Philadelphia,76ers,PHI,0,0,,,,,,0,0,,,,,
0021500388,309,7,5,3,8:32 PM,10:19,Marshall Violation:Kicked Ball (D.Stafford),,,,,4.0,203088,Kendall Marshall,1610612755.0,Philadelphia,76ers,PHI,0,0,,,,,,1,0,,,,,
0021500388,310,1,1,3,8:33 PM,10:12,,,Afflalo 26' 3PT Jump Shot (18 PTS) (Calderon 3 AST),68 - 48,-20,5.0,201167,Arron Afflalo,1610612752.0,New York,Knicks,NYK,5,101181,Jose Calderon,1610612752.0,New York,Knicks,NYK,0,0,,,,,
0021500388,311,1,83,3,8:33 PM,9:53,Okafor 15' Fadeaway Bank Shot (13 PTS),,,68 - 50,-18,4.0,1626143,Jahlil Okafor,1610612755.0,Philadelphia,76ers,PHI,0,0,,,,,,0,0,,,,,
0021500388,312,5,2,3,8:33 PM,9:38,Marshall STEAL (1 STL),,Porzingis Lost Ball Turnover (P2.T5),,,5.0,204001,Kristaps Porzingis,1610612752.0,New York,Knicks,NYK,4,203088,Kendall Marshall,1610612755.0,Philadelphia,76ers,PHI,0,0,,,,,
0021500388,313,6,26,3,8:33 PM,9:33,Covington Offensive Charge Foul (P4.T1) (D.Stafford),,,,,4.0,203496,Robert Covington,1610612755.0,Philadelphia,76ers,PHI,5,101181,Jose Calderon,1610612752.0,New York,Knicks,NYK,1,0,,,,,
0021500388,314,5,5,3,8:33 PM,9:33,Covington Foul Turnover (P1.T9),,,,,4.0,203496,Robert Covington,1610612755.0,Philadelphia,76ers,PHI,0,0,,,,,,1,0,,,,,
0021500388,315,2,5,3,8:34 PM,9:17,Noel BLOCK (3 BLK),,MISS Anthony 2' Layup,,,5.0,2546,Carmelo Anthony,1610612752.0,New York,Knicks,NYK,0,0,,,,,,4,203457,Nerlens Noel,1610612755.0,Philadelphia,76ers,PHI
0021500388,316,4,0,3,8:34 PM,9:15,,,Porzingis REBOUND (Off:1 Def:2),,,5.0,204001,Kristaps Porzingis,1610612752.0,New York,Knicks,NYK,0,0,,,,,,0,0,,,,,
0021500388,317,1,1,3,8:34 PM,9:14,,,Porzingis 7' Jump Shot (6 PTS),70 - 50,-20,5.0,204001,Kristaps Porzingis,1610612752.0,New York,Knicks,NYK,0,0,,,,,,0,0,,,,,
0021500388,318,1,46,3,8:34 PM,9:08,Covington 27' 3PT Running Jump Shot (3 PTS) (Marshall 3 AST),,,70 - 53,-17,4.0,203496,Robert Covington,1610612755.0,Philadelphia,76ers,PHI,4,203088,Kendall Marshall,1610612755.0,Philadelphia,76ers,PHI,0,0,,,,,
0021500388,319,9,1,3,8:34 PM,9:05,,,Knicks Timeout: Regular (Reg.3 Short 1),,,3.0,1610612752,,,,,,0,0,,,,,,0,0,,,,,
0021500388,322,1,1,3,8:37 PM,8:50,,,Lopez 3' Jump Shot (6 PTS) (Calderon 4 AST),72 - 53,-19,5.0,201577,Robin Lopez,1610612752.0,New York,Knicks,NYK,5,101181,Jose Calderon,1610612752.0,New York,Knicks,NYK,0,0,,,,,
0021500388,323,2,1,3,8:37 PM,8:32,MISS Okafor 7' Jump Shot,,,,,4.0,1626143,Jahlil Okafor,1610612755.0,Philadelphia,76ers,PHI,0,0,,,,,,0,0,,,,,
0021500388,324,4,0,3,8:37 PM,8:30,,,Porzingis REBOUND (Off:1 Def:3),,,5.0,204001,Kristaps Porzingis,1610612752.0,New York,Knicks,NYK,0,0,,,,,,0,0,,,,,
0021500388,325,7,5,3,8:37 PM,8:27,Covington Violation:Kicked Ball (D.Stafford),,,,,4.0,203496,Robert Covington,1610612755.0,Philadelphia,76ers,PHI,0,0,,,,,,1,0,,,,,
0021500388,326,1,79,3,8:38 PM,8:20,,,Afflalo 16' Pullup Jump Shot (20 PTS) (Calderon 5 AST),74 - 53,-21,5.0,201167,Arron Afflalo,1610612752.0,New York,Knicks,NYK,5,101181,Jose Calderon,1610612752.0,New York,Knicks,NYK,0,0,,,,,
0021500388,327,2,1,3,8:38 PM,8:05,MISS Okafor 13' Jump Shot,,,,,4.0,1626143,Jahlil Okafor,1610612755.0,Philadelphia,76ers,PHI,0,0,,,,,,0,0,,,,,
0021500388,328,4,0,3,8:38 PM,8:04,,,Lopez REBOUND (Off:2 Def:2),,,5.0,201577,Robin Lopez,1610612752.0,New York,Knicks,NYK,0,0,,,,,,0,0,,,,,
0021500388,329,2,1,3,8:38 PM,7:58,,,MISS Anthony 26' 3PT Jump Shot,,,5.0,2546,Carmelo Anthony,1610612752.0,New York,Knicks,NYK,0,0,,,,,,0,0,,,,,
0021500388,330,4,0,3,8:38 PM,7:56,,,Calderon REBOUND (Off:1 Def:4),,,5.0,101181,Jose Calderon,1610612752.0,New York,Knicks,NYK,0,0,,,,,,0,0,,,,,
0021500388,331,2,1,3,8:38 PM,7:52,,,MISS Afflalo 26' 3PT Jump Shot,,,5.0,201167,Arron Afflalo,1610612752.0,New York,Knicks,NYK,0,0,,,,,,0,0,,,,,
0021500388,332,4,0,3,8:38 PM,7:51,Covington REBOUND (Off:0 Def:3),,,,,4.0,203496,Robert Covington,1610612755.0,Philadelphia,76ers,PHI,0,0,,,,,,0,0,,,,,
0021500388,333,2,1,3,8:38 PM,7:41,MISS Marshall 27' 3PT Jump Shot,,,,,4.0,203088,Kendall Marshall,1610612755.0,Philadelphia,76ers,PHI,0,0,,,,,,0,0,,,,,
0021500388,334,4,0,3,8:38 PM,7:39,,,Lopez REBOUND (Off:2 Def:3),,,5.0,201577,Robin Lopez,1610612752.0,New York,Knicks,NYK,0,0,,,,,,0,0,,,,,
0021500388,335,6,26,3,8:38 PM,7:35,,,Anthony Offensive Charge Foul (P1.T1) (B.Taylor),,,5.0,2546,Carmelo Anthony,1610612752.0,New York,Knicks,NYK,4,203088,Kendall Marshall,1610612755.0,Philadelphia,76ers,PHI,1,0,,,,,
0021500388,336,5,5,3,8:38 PM,7:35,,,Anthony Foul Turnover (P3.T6),,,5.0,2546,Carmelo Anthony,1610612752.0,New York,Knicks,NYK,0,0,,,,,,1,0,,,,,
0021500388,337,8,0,3,8:39 PM,7:35,SUB: Grant FOR Marshall,,,,,4.0,203088,Kendall Marshall,1610612755.0,Philadelphia,76ers,PHI,4,203924,Jerami Grant,1610612755.0,Philadelphia,76ers,PHI,0,0,,,,,
0021500388,338,2,82,3,8:39 PM,7:15,MISS Grant 10' Driving Bank Shot,,,,,4.0,203924,Jerami Grant,1610612755.0,Philadelphia,76ers,PHI,0,0,,,,,,0,0,,,,,
0021500388,339,4,0,3,8:39 PM,7:13,,,Afflalo REBOUND (Off:1 Def:5),,,5.0,201167,Arron Afflalo,1610612752.0,New York,Knicks,NYK,0,0,,,,,,0,0,,,,,
0021500388,340,2,1,3,8:39 PM,7:04,,,MISS Anthony 21' Jump Shot,,,5.0,2546,Carmelo Anthony,1610612752.0,New York,Knicks,NYK,0,0,,,,,,0,0,,,,,
0021500388,341,4,0,3,8:39 PM,7:02,Covington REBOUND (Off:0 Def:4),,,,,4.0,203496,Robert Covington,1610612755.0,Philadelphia,76ers,PHI,0,0,,,,,,0,0,,,,,
0021500388,342,2,1,3,8:39 PM,6:54,MISS Covington 27' 3PT Jump Shot,,,,,4.0,203496,Robert Covington,1610612755.0,Philadelphia,76ers,PHI,0,0,,,,,,0,0,,,,,
0021500388,343,4,0,3,8:39 PM,6:52,,,Knicks Rebound,,,3.0,1610612752,,,,,,0,0,,,,,,0,0,,,,,
0021500388,344,2,1,3,8:40 PM,6:38,,,MISS Anthony 14' Jump Shot,,,5.0,2546,Carmelo Anthony,1610612752.0,New York,Knicks,NYK,0,0,,,,,,0,0,,,,,
0021500388,345,4,0,3,8:40 PM,6:36,76ERS Rebound,,,,,2.0,1610612755,,,,,,0,0,,,,,,0,0,,,,,
0021500388,346,8,0,3,8:40 PM,6:36,SUB: Wroten FOR Covington,,,,,4.0,203496,Robert Covington,1610612755.0,Philadelphia,76ers,PHI,4,203100,Tony Wroten,1610612755.0,Philadelphia,76ers,PHI,0,0,,,,,
0021500388,347,6,2,3,8:40 PM,6:25,,,Lopez S.FOUL (P3.T2) (M.Lindsay),,,5.0,201577,Robin Lopez,1610612752.0,New York,Knicks,NYK,4,203100,Tony Wroten,1610612755.0,Philadelphia,76ers,PHI,1,0,,,,,
0021500388,348,3,11,3,8:40 PM,6:25,Wroten Free Throw 1 of 2 (11 PTS),,,74 - 54,-20,4.0,203100,Tony Wroten,1610612755.0,Philadelphia,76ers,PHI,0,0,,,,,,0,0,,,,,
0021500388,349,3,12,3,8:41 PM,6:25,Wroten Free Throw 2 of 2 (12 PTS),,,74 - 55,-19,4.0,203100,Tony Wroten,1610612755.0,Philadelphia,76ers,PHI,0,0,,,,,,0,0,,,,,
0021500388,350,2,1,3,8:41 PM,6:04,,,MISS Anthony 15' Jump Shot,,,5.0,2546,Carmelo Anthony,1610612752.0,New York,Knicks,NYK,0,0,,,,,,0,0,,,,,
0021500388,352,4,0,3,8:41 PM,6:03,,,Lopez REBOUND (Off:3 Def:3),,,5.0,201577,Robin Lopez,1610612752.0,New York,Knicks,NYK,0,0,,,,,,0,0,,,,,
0021500388,351,1,97,3,8:41 PM,6:03,,,Lopez 1' Tip Layup Shot (8 PTS),76 - 55,-21,5.0,201577,Robin Lopez,1610612752.0,New York,Knicks,NYK,0,0,,,,,,0,0,,,,,
0021500388,353,5,1,3,8:42 PM,5:48,Canaan Bad Pass Turnover (P1.T10),,Afflalo STEAL (1 STL),,,4.0,203477,Isaiah Canaan,1610612755.0,Philadelphia,76ers,PHI,5,201167,Arron Afflalo,1610612752.0,New York,Knicks,NYK,0,0,,,,,
0021500388,354,6,2,3,8:42 PM,5:45,Canaan S.FOUL (P2.T2) (M.Lindsay),,,,,4.0,203477,Isaiah Canaan,1610612755.0,Philadelphia,76ers,PHI,5,204001,Kristaps Porzingis,1610612752.0,New York,Knicks,NYK,1,0,,,,,
0021500388,355,3,11,3,8:42 PM,5:45,,,Porzingis Free Throw 1 of 2 (7 PTS),77 - 55,-22,5.0,204001,Kristaps Porzingis,1610612752.0,New York,Knicks,NYK,0,0,,,,,,0,0,,,,,
0021500388,357,8,0,3,8:42 PM,5:45,SUB: Holmes FOR Okafor,,,,,4.0,1626143,Jahlil Okafor,1610612755.0,Philadelphia,76ers,PHI,4,1626158,Richaun Holmes,1610612755.0,Philadelphia,76ers,PHI,0,0,,,,,
0021500388,359,8,0,3,8:42 PM,5:45,,,SUB: O'Quinn FOR Lopez,,,5.0,201577,Robin Lopez,1610612752.0,New York,Knicks,NYK,5,203124,Kyle O'Quinn,1610612752.0,New York,Knicks,NYK,0,0,,,,,
0021500388,362,3,12,3,8:43 PM,5:45,,,Porzingis Free Throw 2 of 2 (8 PTS),78 - 55,-23,5.0,204001,Kristaps Porzingis,1610612752.0,New York,Knicks,NYK,0,0,,,,,,0,0,,,,,
0021500388,365,6,2,3,8:43 PM,5:28,,,Calderon S.FOUL (P1.T3) (B.Taylor),,,5.0,101181,Jose Calderon,1610612752.0,New York,Knicks,NYK,4,203477,Isaiah Canaan,1610612755.0,Philadelphia,76ers,PHI,1,0,,,,,
0021500388,366,3,13,3,8:43 PM,5:28,Canaan Free Throw 1 of 3 (7 PTS),,,78 - 56,-22,4.0,203477,Isaiah Canaan,1610612755.0,Philadelphia,76ers,PHI,0,0,,,,,,0,0,,,,,
0021500388,367,18,0,3,8:44 PM,5:28,,,,,,,365,Derrick McKey,,,,,0,0,,,,,,1,0,,,,,
0021500388,368,3,14,3,8:45 PM,5:28,Canaan Free Throw 2 of 3 (8 PTS),,,78 - 57,-21,4.0,203477,Isaiah Canaan,1610612755.0,Philadelphia,76ers,PHI,0,0,,,,,,0,0,,,,,
0021500388,370,3,15,3,8:45 PM,5:28,Canaan Free Throw 3 of 3 (9 PTS),,,78 - 58,-20,4.0,203477,Isaiah Canaan,1610612755.0,Philadelphia,76ers,PHI,0,0,,,,,,0,0,,,,,
0021500388,372,1,86,3,8:45 PM,5:11,,,Afflalo 9' Turnaround Fadeaway (22 PTS),80 - 58,-22,5.0,201167,Arron Afflalo,1610612752.0,New York,Knicks,NYK,0,0,,,,,,0,0,,,,,
0021500388,373,6,1,3,8:45 PM,5:09,,,Calderon P.FOUL (P2.T4) (B.Taylor),,,5.0,101181,Jose Calderon,1610612752.0,New York,Knicks,NYK,4,203100,Tony Wroten,1610612755.0,Philadelphia,76ers,PHI,1,0,,,,,
0021500388,374,8,0,3,8:46 PM,5:09,SUB: Thompson FOR Canaan,,,,,4.0,203477,Isaiah Canaan,1610612755.0,Philadelphia,76ers,PHI,4,203138,Hollis Thompson,1610612755.0,Philadelphia,76ers,PHI,0,0,,,,,
0021500388,375,5,1,3,8:46 PM,4:57,Wroten Bad Pass Turnover (P5.T11),,Anthony STEAL (2 STL),,,4.0,203100,Tony Wroten,1610612755.0,Philadelphia,76ers,PHI,5,2546,Carmelo Anthony,1610612752.0,New York,Knicks,NYK,0,0,,,,,
0021500388,376,1,5,3,8:46 PM,4:51,,,O'Quinn 2' Layup (6 PTS) (Porzingis 1 AST),82 - 58,-24,5.0,203124,Kyle O'Quinn,1610612752.0,New York,Knicks,NYK,5,204001,Kristaps Porzingis,1610612752.0,New York,Knicks,NYK,0,0,,,,,
0021500388,377,6,2,3,8:46 PM,4:51,Thompson S.FOUL (P2.T3) (B.Taylor),,,,,4.0,203138,Hollis Thompson,1610612755.0,Philadelphia,76ers,PHI,5,203124,Kyle O'Quinn,1610612752.0,New York,Knicks,NYK,1,0,,,,,
0021500388,378,3,10,3,8:46 PM,4:51,,,O'Quinn Free Throw 1 of 1 (7 PTS),83 - 58,-25,5.0,203124,Kyle O'Quinn,1610612752.0,New York,Knicks,NYK,0,0,,,,,,0,0,,,,,
0021500388,379,2,1,3,8:47 PM,4:39,MISS Wroten 9' Jump Shot,,Porzingis BLOCK (3 BLK),,,4.0,203100,Tony Wroten,1610612755.0,Philadelphia,76ers,PHI,0,0,,,,,,5,204001,Kristaps Porzingis,1610612752.0,New York,Knicks,NYK
0021500388,380,4,0,3,8:47 PM,4:37,,,Afflalo REBOUND (Off:1 Def:6),,,5.0,201167,Arron Afflalo,1610612752.0,New York,Knicks,NYK,0,0,,,,,,0,0,,,,,
0021500388,381,2,1,3,8:47 PM,4:34,,,MISS Porzingis 5' Jump Shot,,,5.0,204001,Kristaps Porzingis,1610612752.0,New York,Knicks,NYK,0,0,,,,,,0,0,,,,,
0021500388,382,4,0,3,8:47 PM,4:31,Thompson REBOUND (Off:1 Def:3),,,,,4.0,203138,Hollis Thompson,1610612755.0,Philadelphia,76ers,PHI,0,0,,,,,,0,0,,,,,
0021500388,383,2,1,3,8:47 PM,4:24,MISS Grant 27' 3PT Jump Shot,,,,,4.0,203924,Jerami Grant,1610612755.0,Philadelphia,76ers,PHI,0,0,,,,,,0,0,,,,,
0021500388,384,4,0,3,8:47 PM,4:23,,,Knicks Rebound,,,3.0,1610612752,,,,,,0,0,,,,,,0,0,,,,,
0021500388,385,8,0,3,8:47 PM,4:23,,,SUB: Galloway FOR Afflalo,,,5.0,201167,Arron Afflalo,1610612752.0,New York,Knicks,NYK,5,204038,Langston Galloway,1610612752.0,New York,Knicks,NYK,0,0,,,,,
0021500388,386,1,1,3,8:48 PM,4:09,,,Galloway 23' Jump Shot (2 PTS) (Calderon 6 AST),85 - 58,-27,5.0,204038,Langston Galloway,1610612752.0,New York,Knicks,NYK,5,101181,Jose Calderon,1610612752.0,New York,Knicks,NYK,0,0,,,,,
0021500388,387,9,1,3,8:48 PM,4:07,76ERS Timeout: Regular (Full 4 Short 1),,,,,2.0,1610612755,,,,,,0,0,,,,,,0,0,,,,,
0021500388,388,8,0,3,8:50 PM,4:07,SUB: Sampson FOR Noel,,,,,4.0,203457,Nerlens Noel,1610612755.0,Philadelphia,76ers,PHI,4,203960,JaKarr Sampson,1610612755.0,Philadelphia,76ers,PHI,0,0,,,,,
0021500388,389,1,57,3,8:50 PM,3:56,Holmes 10' Driving Hook Shot (8 PTS),,,85 - 60,-25,4.0,1626158,Richaun Holmes,1610612755.0,Philadelphia,76ers,PHI,0,0,,,,,,0,0,,,,,
0021500388,390,5,45,3,8:51 PM,3:44,,,Galloway Out of Bounds - Bad Pass Turnover Turnover (P1.T7),,,5.0,204038,Langston Galloway,1610612752.0,New York,Knicks,NYK,0,0,,,,,,0,0,,,,,
0021500388,391,1,42,3,8:51 PM,3:33,Thompson 1' Driving Layup (5 PTS),,,85 - 62,-23,4.0,203138,Hollis Thompson,1610612755.0,Philadelphia,76ers,PHI,0,0,,,,,,0,0,,,,,
0021500388,392,6,14,3,8:51 PM,3:11,Sampson FLAGRANT.FOUL.TYPE1 (P2.T4) (M.Lindsay),,,,,4.0,203960,JaKarr Sampson,1610612755.0,Philadelphia,76ers,PHI,5,203124,Kyle O'Quinn,1610612752.0,New York,Knicks,NYK,1,0,,,,,
0021500388,393,3,18,3,8:51 PM,3:11,,,MISS O'Quinn Free Throw Flagrant 1 of 2,,,5.0,203124,Kyle O'Quinn,1610612752.0,New York,Knicks,NYK,0,0,,,,,,0,0,,,,,
0021500388,397,4,0,3,8:52 PM,3:11,,,Knicks Rebound,,,3.0,1610612752,,,,,,0,0,,,,,,0,0,,,,,
0021500388,394,18,0,3,8:52 PM,3:11,,,,,,,392,,,,,,0,0,,,,,,1,0,,,,,
0021500388,396,3,19,3,8:54 PM,3:11,,,O'Quinn Free Throw Flagrant 2 of 2 (8 PTS),86 - 62,-24,5.0,203124,Kyle O'Quinn,1610612752.0,New York,Knicks,NYK,0,0,,,,,,0,0,,,,,
0021500388,399,8,0,3,8:54 PM,3:11,,,SUB: Thomas FOR Anthony,,,5.0,2546,Carmelo Anthony,1610612752.0,New York,Knicks,NYK,5,202498,Lance Thomas,1610612752.0,New York,Knicks,NYK,0,0,,,,,
0021500388,401,2,1,3,8:54 PM,3:01,,,MISS Calderon 25' 3PT Jump Shot,,,5.0,101181,Jose Calderon,1610612752.0,New York,Knicks,NYK,0,0,,,,,,0,0,,,,,
0021500388,402,4,0,3,8:55 PM,3:00,,,O'Quinn REBOUND (Off:2 Def:1),,,5.0,203124,Kyle O'Quinn,1610612752.0,New York,Knicks,NYK,0,0,,,,,,0,0,,,,,
0021500388,403,5,8,3,8:55 PM,2:52,,,O'Quinn 3 Second Violation Turnover (P1.T8),,,5.0,203124,Kyle O'Quinn,1610612752.0,New York,Knicks,NYK,0,0,,,,,,1,0,,,,,
0021500388,405,6,2,3,8:55 PM,2:42,,,Porzingis S.FOUL (P1.PN) (B.Taylor),,,5.0,204001,Kristaps Porzingis,1610612752.0,New York,Knicks,NYK,4,203924,Jerami Grant,1610612755.0,Philadelphia,76ers,PHI,1,0,,,,,
0021500388,406,3,11,3,8:55 PM,2:42,Grant Free Throw 1 of 2 (1 PTS),,,86 - 63,-23,4.0,203924,Jerami Grant,1610612755.0,Philadelphia,76ers,PHI,0,0,,,,,,0,0,,,,,
0021500388,408,3,12,3,8:56 PM,2:42,Grant Free Throw 2 of 2 (2 PTS),,,86 - 64,-22,4.0,203924,Jerami Grant,1610612755.0,Philadelphia,76ers,PHI,0,0,,,,,,0,0,,,,,
0021500388,410,2,1,3,8:56 PM,2:19,,,MISS Galloway 21' Jump Shot,,,5.0,204038,Langston Galloway,1610612752.0,New York,Knicks,NYK,0,0,,,,,,0,0,,,,,
0021500388,411,4,0,3,8:56 PM,2:18,,,Knicks Rebound,,,3.0,1610612752,,,,,,0,0,,,,,,0,0,,,,,
0021500388,412,6,3,3,8:56 PM,2:18,Thompson L.B.FOUL (P3.PN) (B.Taylor),,,,,4.0,203138,Hollis Thompson,1610612755.0,Philadelphia,76ers,PHI,5,204001,Kristaps Porzingis,1610612752.0,New York,Knicks,NYK,1,0,,,,,
0021500388,413,5,1,3,8:57 PM,2:15,,,Thomas Bad Pass Turnover (P2.T9),,,5.0,202498,Lance Thomas,1610612752.0,New York,Knicks,NYK,0,0,,,,,,0,0,,,,,
0021500388,414,2,1,3,8:57 PM,1:58,MISS Wroten 27' 3PT Jump Shot,,,,,4.0,203100,Tony Wroten,1610612755.0,Philadelphia,76ers,PHI,0,0,,,,,,0,0,,,,,
0021500388,415,4,0,3,8:57 PM,1:57,,,O'Quinn REBOUND (Off:2 Def:2),,,5.0,203124,Kyle O'Quinn,1610612752.0,New York,Knicks,NYK,0,0,,,,,,0,0,,,,,
0021500388,416,5,1,3,8:57 PM,1:37,Wroten STEAL (1 STL),,O'Quinn Bad Pass Turnover (P2.T10),,,5.0,203124,Kyle O'Quinn,1610612752.0,New York,Knicks,NYK,4,203100,Tony Wroten,1610612755.0,Philadelphia,76ers,PHI,0,0,,,,,
0021500388,419,6,2,3,8:58 PM,1:31,,,O'Quinn S.FOUL (P2.PN) (B.Taylor),,,5.0,203124,Kyle O'Quinn,1610612752.0,New York,Knicks,NYK,4,203100,Tony Wroten,1610612755.0,Philadelphia,76ers,PHI,1,0,,,,,
0021500388,420,7,1,3,8:58 PM,1:31,,,Knicks Violation: Delay of game Violation,,,3.0,1610612752,,,,,,0,0,,,,,,1,0,,,,,
0021500388,421,8,0,3,8:58 PM,1:31,,,SUB: Grant FOR Calderon,,,5.0,101181,Jose Calderon,1610612752.0,New York,Knicks,NYK,5,1626170,Jerian Grant,1610612752.0,New York,Knicks,NYK,0,0,,,,,
0021500388,422,8,0,3,8:58 PM,1:31,,,SUB: Williams FOR Porzingis,,,5.0,204001,Kristaps Porzingis,1610612752.0,New York,Knicks,NYK,5,202682,Derrick Williams,1610612752.0,New York,Knicks,NYK,0,0,,,,,
0021500388,423,3,11,3,8:58 PM,1:31,MISS Wroten Free Throw 1 of 2,,,,,4.0,203100,Tony Wroten,1610612755.0,Philadelphia,76ers,PHI,0,0,,,,,,0,0,,,,,
0021500388,425,4,0,3,8:59 PM,1:31,76ERS Rebound,,,,,2.0,1610612755,,,,,,0,0,,,,,,0,0,,,,,
0021500388,424,3,12,3,8:59 PM,1:31,MISS Wroten Free Throw 2 of 2,,,,,4.0,203100,Tony Wroten,1610612755.0,Philadelphia,76ers,PHI,0,0,,,,,,0,0,,,,,
0021500388,426,4,0,3,8:59 PM,1:29,,,Galloway REBOUND (Off:0 Def:1),,,5.0,204038,Langston Galloway,1610612752.0,New York,Knicks,NYK,0,0,,,,,,0,0,,,,,
0021500388,427,2,1,3,8:59 PM,1:15,,,MISS Williams 18' Jump Shot,,,5.0,202682,Derrick Williams,1610612752.0,New York,Knicks,NYK,0,0,,,,,,0,0,,,,,
0021500388,428,4,0,3,8:59 PM,1:14,Wroten REBOUND (Off:0 Def:3),,,,,4.0,203100,Tony Wroten,1610612755.0,Philadelphia,76ers,PHI,0,0,,,,,,0,0,,,,,
0021500388,429,6,26,3,8:59 PM,1:11,Wroten Offensive Charge Foul (P2.PN) (B.Taylor),,,,,4.0,203100,Tony Wroten,1610612755.0,Philadelphia,76ers,PHI,5,204038,Langston Galloway,1610612752.0,New York,Knicks,NYK,1,0,,,,,
0021500388,430,5,5,3,8:59 PM,1:11,Wroten Foul Turnover (P6.T12),,,,,4.0,203100,Tony Wroten,1610612755.0,Philadelphia,76ers,PHI,0,0,,,,,,1,0,,,,,
0021500388,432,7,5,3,9:00 PM,1:05,Thompson Violation:Kicked Ball (B.Taylor),,,,,4.0,203138,Hollis Thompson,1610612755.0,Philadelphia,76ers,PHI,0,0,,,,,,1,0,,,,,
0021500388,433,5,40,3,9:00 PM,0:51,,,Grant Out of Bounds Lost Ball Turnover (P1.T11),,,5.0,1626170,Jerian Grant,1610612752.0,New York,Knicks,NYK,0,0,,,,,,0,0,,,,,
0021500388,434,1,108,3,9:00 PM,0:43,Holmes  Cutting Dunk Shot (10 PTS) (Wroten 3 AST),,,86 - 66,-20,4.0,1626158,Richaun Holmes,1610612755.0,Philadelphia,76ers,PHI,4,203100,Tony Wroten,1610612755.0,Philadelphia,76ers,PHI,0,0,,,,,
0021500388,435,1,1,3,9:00 PM,0:31,,,Galloway  3PT Jump Shot (5 PTS) (Grant 1 AST),89 - 66,-23,5.0,204038,Langston Galloway,1610612752.0,New York,Knicks,NYK,5,1626170,Jerian Grant,1610612752.0,New York,Knicks,NYK,0,0,,,,,
0021500388,436,1,42,3,9:01 PM,0:09,Wroten 2' Driving Layup (14 PTS),,,89 - 68,-21,4.0,203100,Tony Wroten,1610612755.0,Philadelphia,76ers,PHI,0,0,,,,,,0,0,,,,,
0021500388,437,2,1,3,9:01 PM,0:01,Sampson BLOCK (1 BLK),,MISS Grant 5' Jump Shot,,,5.0,1626170,Jerian Grant,1610612752.0,New York,Knicks,NYK,0,0,,,,,,4,203960,JaKarr Sampson,1610612755.0,Philadelphia,76ers,PHI
0021500388,438,4,0,3,9:01 PM,0:01,Thompson REBOUND (Off:1 Def:4),,,,,4.0,203138,Hollis Thompson,1610612755.0,Philadelphia,76ers,PHI,0,0,,,,,,0,0,,,,,
0021500388,444,2,1,3,9:02 PM,0:00,MISS Thompson 50' 3PT Jump Shot,,,,,4.0,203138,Hollis Thompson,1610612755.0,Philadelphia,76ers,PHI,0,0,,,,,,0,0,,,,,
0021500388,445,4,0,3,9:02 PM,0:00,76ERS Rebound,,,,,2.0,1610612755,,,,,,0,0,,,,,,0,0,,,,,
0021500388,446,13,0,3,9:02 PM,0:00,,,,89 - 68,-21,0.0,0,,,,,,0,0,,,,,,0,0,,,,,
0021500388,448,12,0,4,9:04 PM,12:00,,,,89 - 68,-21,0.0,0,,,,,,0,0,,,,,,0,0,,,,,
0021500388,449,5,36,4,9:04 PM,11:52,Thompson Illegal Screen Turnover (P1.T13),,,,,4.0,203138,Hollis Thompson,1610612755.0,Philadelphia,76ers,PHI,0,0,,,,,,1,0,,,,,
0021500388,450,1,80,4,9:05 PM,11:33,,,Williams 17' Step Back Jump Shot (10 PTS) (Galloway 3 AST),91 - 68,-23,5.0,202682,Derrick Williams,1610612752.0,New York,Knicks,NYK,5,204038,Langston Galloway,1610612752.0,New York,Knicks,NYK,0,0,,,,,
0021500388,451,2,1,4,9:05 PM,11:19,MISS Covington 22' Jump Shot,,,,,4.0,203496,Robert Covington,1610612755.0,Philadelphia,76ers,PHI,0,0,,,,,,0,0,,,,,
0021500388,452,4,0,4,9:05 PM,11:17,,,Grant REBOUND (Off:0 Def:2),,,5.0,1626170,Jerian Grant,1610612752.0,New York,Knicks,NYK,0,0,,,,,,0,0,,,,,
0021500388,453,1,1,4,9:05 PM,11:04,,,Thomas 18' Jump Shot (11 PTS) (O'Quinn 2 AST),93 - 68,-25,5.0,202498,Lance Thomas,1610612752.0,New York,Knicks,NYK,5,203124,Kyle O'Quinn,1610612752.0,New York,Knicks,NYK,0,0,,,,,
0021500388,454,9,1,4,9:05 PM,11:03,76ERS Timeout: Regular (Full 5 Short 1),,,,,2.0,1610612755,,,,,,0,0,,,,,,0,0,,,,,
0021500388,455,2,1,4,9:08 PM,10:47,MISS Thompson 3' Jump Shot,,,,,4.0,203138,Hollis Thompson,1610612755.0,Philadelphia,76ers,PHI,0,0,,,,,,0,0,,,,,
0021500388,456,4,0,4,9:08 PM,10:46,,,O'Quinn REBOUND (Off:2 Def:3),,,5.0,203124,Kyle O'Quinn,1610612752.0,New York,Knicks,NYK,0,0,,,,,,0,0,,,,,
0021500388,457,6,1,4,9:08 PM,10:37,Thompson P.FOUL (P4.T1) (B.Taylor),,,,,4.0,203138,Hollis Thompson,1610612755.0,Philadelphia,76ers,PHI,5,203124,Kyle O'Quinn,1610612752.0,New York,Knicks,NYK,1,0,,,,,
0021500388,458,1,98,4,9:09 PM,10:27,,,Galloway 3' Cutting Layup Shot (7 PTS) (O'Quinn 3 AST),95 - 68,-27,5.0,204038,Langston Galloway,1610612752.0,New York,Knicks,NYK,5,203124,Kyle O'Quinn,1610612752.0,New York,Knicks,NYK,0,0,,,,,
0021500388,459,6,2,4,9:09 PM,10:27,Canaan S.FOUL (P3.T2) (D.Stafford),,,,,4.0,203477,Isaiah Canaan,1610612755.0,Philadelphia,76ers,PHI,5,204038,Langston Galloway,1610612752.0,New York,Knicks,NYK,1,0,,,,,
0021500388,460,8,0,4,9:09 PM,10:27,SUB: Okafor FOR Thompson,,,,,4.0,203138,Hollis Thompson,1610612755.0,Philadelphia,76ers,PHI,4,1626143,Jahlil Okafor,1610612755.0,Philadelphia,76ers,PHI,0,0,,,,,
0021500388,461,3,10,4,9:09 PM,10:27,,,MISS Galloway Free Throw 1 of 1,,,5.0,204038,Langston Galloway,1610612752.0,New York,Knicks,NYK,0,0,,,,,,0,0,,,,,
0021500388,462,4,0,4,9:09 PM,10:26,,,Galloway REBOUND (Off:1 Def:1),,,5.0,204038,Langston Galloway,1610612752.0,New York,Knicks,NYK,0,0,,,,,,0,0,,,,,
0021500388,463,1,1,4,9:10 PM,10:20,,,Williams 24' 3PT Jump Shot (13 PTS) (Thomas 1 AST),98 - 68,-30,5.0,202682,Derrick Williams,1610612752.0,New York,Knicks,NYK,5,202498,Lance Thomas,1610612752.0,New York,Knicks,NYK,0,0,,,,,
0021500388,464,9,2,4,9:10 PM,10:18,76ERS Timeout: Short (Full 5 Short 2),,,,,2.0,1610612755,,,,,,0,0,,,,,,0,0,,,,,
0021500388,465,2,1,4,9:11 PM,9:58,MISS Canaan  3PT Jump Shot,,,,,4.0,203477,Isaiah Canaan,1610612755.0,Philadelphia,76ers,PHI,0,0,,,,,,0,0,,,,,
0021500388,466,4,0,4,9:11 PM,9:56,,,O'Quinn REBOUND (Off:2 Def:4),,,5.0,203124,Kyle O'Quinn,1610612752.0,New York,Knicks,NYK,0,0,,,,,,0,0,,,,,
0021500388,467,5,1,4,9:11 PM,9:53,Marshall STEAL (2 STL),,Williams Bad Pass Turnover (P1.T12),,,5.0,202682,Derrick Williams,1610612752.0,New York,Knicks,NYK,4,203088,Kendall Marshall,1610612755.0,Philadelphia,76ers,PHI,0,0,,,,,
0021500388,468,1,98,4,9:11 PM,9:40,Noel 2' Cutting Layup Shot (8 PTS) (Okafor 1 AST),,,98 - 70,-28,4.0,203457,Nerlens Noel,1610612755.0,Philadelphia,76ers,PHI,4,1626143,Jahlil Okafor,1610612755.0,Philadelphia,76ers,PHI,0,0,,,,,
0021500388,469,9,1,4,9:11 PM,9:40,,,Knicks Timeout: Regular (Reg.4 Short 1),,,3.0,1610612752,,,,,,0,0,,,,,,0,0,,,,,
0021500388,470,8,0,4,9:13 PM,9:40,SUB: McConnell FOR Marshall,,,,,4.0,203088,Kendall Marshall,1610612755.0,Philadelphia,76ers,PHI,4,204456,T.J. McConnell,1610612755.0,Philadelphia,76ers,PHI,0,0,,,,,
0021500388,471,5,1,4,9:14 PM,9:22,McConnell STEAL (1 STL),,Galloway Bad Pass Turnover (P2.T13),,,5.0,204038,Langston Galloway,1610612752.0,New York,Knicks,NYK,4,204456,T.J. McConnell,1610612755.0,Philadelphia,76ers,PHI,0,0,,,,,
0021500388,473,6,1,4,9:14 PM,9:22,,,O'Quinn P.FOUL (P3.T1) (B.Taylor),,,5.0,203124,Kyle O'Quinn,1610612752.0,New York,Knicks,NYK,4,204456,T.J. McConnell,1610612755.0,Philadelphia,76ers,PHI,1,0,,,,,
0021500388,474,1,1,4,9:15 PM,9:08,Canaan 26' 3PT Jump Shot (12 PTS) (Covington 1 AST),,,98 - 73,-25,4.0,203477,Isaiah Canaan,1610612755.0,Philadelphia,76ers,PHI,4,203496,Robert Covington,1610612755.0,Philadelphia,76ers,PHI,0,0,,,,,
0021500388,475,1,79,4,9:15 PM,8:45,,,Williams 18' Pullup Jump Shot (15 PTS) (O'Quinn 4 AST),100 - 73,-27,5.0,202682,Derrick Williams,1610612752.0,New York,Knicks,NYK,5,203124,Kyle O'Quinn,1610612752.0,New York,Knicks,NYK,0,0,,,,,
0021500388,476,1,1,4,9:16 PM,8:20,Canaan 12' Jump Shot (14 PTS),,,100 - 75,-25,4.0,203477,Isaiah Canaan,1610612755.0,Philadelphia,76ers,PHI,0,0,,,,,,0,0,,,,,
0021500388,477,1,42,4,9:16 PM,7:58,,,O'Quinn 2' Driving Layup (10 PTS) (Grant 2 AST),102 - 75,-27,5.0,203124,Kyle O'Quinn,1610612752.0,New York,Knicks,NYK,5,1626170,Jerian Grant,1610612752.0,New York,Knicks,NYK,0,0,,,,,
0021500388,478,5,1,4,9:16 PM,7:37,Canaan Bad Pass Turnover (P2.T14),,O'Quinn STEAL (1 STL),,,4.0,203477,Isaiah Canaan,1610612755.0,Philadelphia,76ers,PHI,5,203124,Kyle O'Quinn,1610612752.0,New York,Knicks,NYK,0,0,,,,,
0021500388,479,2,1,4,9:16 PM,7:29,,,MISS Thomas 24' 3PT Jump Shot,,,5.0,202498,Lance Thomas,1610612752.0,New York,Knicks,NYK,0,0,,,,,,0,0,,,,,
0021500388,480,4,0,4,9:16 PM,7:28,Noel REBOUND (Off:1 Def:3),,,,,4.0,203457,Nerlens Noel,1610612755.0,Philadelphia,76ers,PHI,0,0,,,,,,0,0,,,,,
0021500388,481,1,5,4,9:17 PM,7:16,Okafor 2' Layup (15 PTS),,,102 - 77,-25,4.0,1626143,Jahlil Okafor,1610612755.0,Philadelphia,76ers,PHI,0,0,,,,,,0,0,,,,,
0021500388,482,6,2,4,9:17 PM,7:16,,,Williams S.FOUL (P2.T2) (B.Taylor),,,5.0,202682,Derrick Williams,1610612752.0,New York,Knicks,NYK,4,1626143,Jahlil Okafor,1610612755.0,Philadelphia,76ers,PHI,1,0,,,,,
0021500388,483,8,0,4,9:17 PM,7:16,SUB: Wroten FOR Canaan,,,,,4.0,203477,Isaiah Canaan,1610612755.0,Philadelphia,76ers,PHI,4,203100,Tony Wroten,1610612755.0,Philadelphia,76ers,PHI,0,0,,,,,
0021500388,484,3,10,4,9:17 PM,7:16,Okafor Free Throw 1 of 1 (16 PTS),,,102 - 78,-24,4.0,1626143,Jahlil Okafor,1610612755.0,Philadelphia,76ers,PHI,0,0,,,,,,0,0,,,,,
0021500388,486,6,2,4,9:18 PM,7:03,Okafor S.FOUL (P1.T3) (B.Taylor),,,,,4.0,1626143,Jahlil Okafor,1610612755.0,Philadelphia,76ers,PHI,5,202498,Lance Thomas,1610612752.0,New York,Knicks,NYK,1,0,,,,,
0021500388,487,3,11,4,9:18 PM,7:03,,,Thomas Free Throw 1 of 2 (12 PTS),103 - 78,-25,5.0,202498,Lance Thomas,1610612752.0,New York,Knicks,NYK,0,0,,,,,,0,0,,,,,
0021500388,489,8,0,4,9:18 PM,7:03,,,SUB: Vujacic FOR Galloway,,,5.0,204038,Langston Galloway,1610612752.0,New York,Knicks,NYK,5,2756,Sasha Vujacic,1610612752.0,New York,Knicks,NYK,0,0,,,,,
0021500388,491,8,0,4,9:18 PM,7:03,SUB: Grant FOR Covington,,,,,4.0,203496,Robert Covington,1610612755.0,Philadelphia,76ers,PHI,4,203924,Jerami Grant,1610612755.0,Philadelphia,76ers,PHI,0,0,,,,,
0021500388,492,3,12,4,9:18 PM,7:03,,,MISS Thomas Free Throw 2 of 2,,,5.0,202498,Lance Thomas,1610612752.0,New York,Knicks,NYK,0,0,,,,,,0,0,,,,,
0021500388,494,4,0,4,9:19 PM,7:02,Noel REBOUND (Off:1 Def:4),,,,,4.0,203457,Nerlens Noel,1610612755.0,Philadelphia,76ers,PHI,0,0,,,,,,0,0,,,,,
0021500388,495,2,1,4,9:19 PM,6:52,MISS Okafor 15' Jump Shot,,,,,4.0,1626143,Jahlil Okafor,1610612755.0,Philadelphia,76ers,PHI,0,0,,,,,,0,0,,,,,
0021500388,496,4,0,4,9:19 PM,6:50,,,Thomas REBOUND (Off:2 Def:1),,,5.0,202498,Lance Thomas,1610612752.0,New York,Knicks,NYK,0,0,,,,,,0,0,,,,,
0021500388,497,2,1,4,9:19 PM,6:36,,,MISS Grant 25' 3PT Jump Shot,,,5.0,1626170,Jerian Grant,1610612752.0,New York,Knicks,NYK,0,0,,,,,,0,0,,,,,
0021500388,498,4,0,4,9:19 PM,6:33,,,Vujacic REBOUND (Off:1 Def:0),,,5.0,2756,Sasha Vujacic,1610612752.0,New York,Knicks,NYK,0,0,,,,,,0,0,,,,,
0021500388,499,5,4,4,9:19 PM,6:21,,,O'Quinn Traveling Turnover (P3.T14),,,5.0,203124,Kyle O'Quinn,1610612752.0,New York,Knicks,NYK,0,0,,,,,,1,0,,,,,
0021500388,500,1,73,4,9:20 PM,6:07,Okafor 1' Driving Reverse Layup (18 PTS),,,103 - 80,-23,4.0,1626143,Jahlil Okafor,1610612755.0,Philadelphia,76ers,PHI,0,0,,,,,,0,0,,,,,
0021500388,501,1,43,4,9:20 PM,5:51,,,Williams 1' Alley Oop Layup (17 PTS) (O'Quinn 5 AST),105 - 80,-25,5.0,202682,Derrick Williams,1610612752.0,New York,Knicks,NYK,5,203124,Kyle O'Quinn,1610612752.0,New York,Knicks,NYK,0,0,,,,,
0021500388,502,2,81,4,9:20 PM,5:30,MISS Okafor 14' Pullup Bank Shot,,,,,4.0,1626143,Jahlil Okafor,1610612755.0,Philadelphia,76ers,PHI,0,0,,,,,,0,0,,,,,
0021500388,503,4,0,4,9:20 PM,5:28,,,O'Quinn REBOUND (Off:2 Def:5),,,5.0,203124,Kyle O'Quinn,1610612752.0,New York,Knicks,NYK,0,0,,,,,,0,0,,,,,
0021500388,504,2,1,4,9:20 PM,5:18,,,MISS Williams 26' 3PT Jump Shot,,,5.0,202682,Derrick Williams,1610612752.0,New York,Knicks,NYK,0,0,,,,,,0,0,,,,,
0021500388,505,4,0,4,9:20 PM,5:16,McConnell REBOUND (Off:1 Def:1),,,,,4.0,204456,T.J. McConnell,1610612755.0,Philadelphia,76ers,PHI,0,0,,,,,,0,0,,,,,
0021500388,506,1,108,4,9:21 PM,5:03,Grant  Cutting Dunk Shot (4 PTS) (Okafor 2 AST),,,105 - 82,-23,4.0,203924,Jerami Grant,1610612755.0,Philadelphia,76ers,PHI,4,1626143,Jahlil Okafor,1610612755.0,Philadelphia,76ers,PHI,0,0,,,,,
0021500388,507,9,1,4,9:21 PM,5:02,,,Knicks Timeout: Regular (Reg.5 Short 1),,,3.0,1610612752,,,,,,0,0,,,,,,0,0,,,,,
0021500388,508,8,0,4,9:23 PM,5:02,,,SUB: Seraphin FOR Thomas,,,5.0,202498,Lance Thomas,1610612752.0,New York,Knicks,NYK,5,202338,Kevin Seraphin,1610612752.0,New York,Knicks,NYK,0,0,,,,,
0021500388,509,8,0,4,9:23 PM,5:02,,,SUB: Amundson FOR O'Quinn,,,5.0,203124,Kyle O'Quinn,1610612752.0,New York,Knicks,NYK,5,200811,Lou Amundson,1610612752.0,New York,Knicks,NYK,0,0,,,,,
0021500388,510,8,0,4,9:23 PM,5:02,SUB: Holmes FOR Noel,,,,,4.0,203457,Nerlens Noel,1610612755.0,Philadelphia,76ers,PHI,4,1626158,Richaun Holmes,1610612755.0,Philadelphia,76ers,PHI,0,0,,,,,
0021500388,511,2,1,4,9:23 PM,4:50,,,MISS Williams 16' Jump Shot,,,5.0,202682,Derrick Williams,1610612752.0,New York,Knicks,NYK,0,0,,,,,,0,0,,,,,
0021500388,512,4,0,4,9:24 PM,4:48,Okafor REBOUND (Off:0 Def:5),,,,,4.0,1626143,Jahlil Okafor,1610612755.0,Philadelphia,76ers,PHI,0,0,,,,,,0,0,,,,,
0021500388,513,6,2,4,9:24 PM,4:34,,,Grant S.FOUL (P1.T3) (M.Lindsay),,,5.0,1626170,Jerian Grant,1610612752.0,New York,Knicks,NYK,4,203100,Tony Wroten,1610612755.0,Philadelphia,76ers,PHI,1,0,,,,,
0021500388,514,3,11,4,9:24 PM,4:34,Wroten Free Throw 1 of 2 (15 PTS),,,105 - 83,-22,4.0,203100,Tony Wroten,1610612755.0,Philadelphia,76ers,PHI,0,0,,,,,,0,0,,,,,
0021500388,516,3,12,4,9:24 PM,4:34,MISS Wroten Free Throw 2 of 2,,,,,4.0,203100,Tony Wroten,1610612755.0,Philadelphia,76ers,PHI,0,0,,,,,,0,0,,,,,
0021500388,518,4,0,4,9:24 PM,4:34,,,Amundson REBOUND (Off:0 Def:1),,,5.0,200811,Lou Amundson,1610612752.0,New York,Knicks,NYK,0,0,,,,,,0,0,,,,,
0021500388,519,2,80,4,9:25 PM,4:16,,,MISS Grant 9' Step Back Jump Shot,,,5.0,1626170,Jerian Grant,1610612752.0,New York,Knicks,NYK,0,0,,,,,,0,0,,,,,
0021500388,520,4,0,4,9:25 PM,4:15,McConnell REBOUND (Off:1 Def:2),,,,,4.0,204456,T.J. McConnell,1610612755.0,Philadelphia,76ers,PHI,0,0,,,,,,0,0,,,,,
0021500388,521,2,1,4,9:25 PM,4:01,MISS Grant 4' Jump Shot,,,,,4.0,203924,Jerami Grant,1610612755.0,Philadelphia,76ers,PHI,0,0,,,,,,0,0,,,,,
0021500388,522,4,0,4,9:25 PM,4:00,,,Seraphin REBOUND (Off:0 Def:1),,,5.0,202338,Kevin Seraphin,1610612752.0,New York,Knicks,NYK,0,0,,,,,,0,0,,,,,
0021500388,523,2,1,4,9:25 PM,3:56,,,MISS Amundson 17' Jump Shot,,,5.0,200811,Lou Amundson,1610612752.0,New York,Knicks,NYK,0,0,,,,,,0,0,,,,,
0021500388,524,4,0,4,9:25 PM,3:55,McConnell REBOUND (Off:1 Def:3),,,,,4.0,204456,T.J. McConnell,1610612755.0,Philadelphia,76ers,PHI,0,0,,,,,,0,0,,,,,
0021500388,525,2,1,4,9:25 PM,3:48,MISS Grant  3PT Jump Shot,,,,,4.0,203924,Jerami Grant,1610612755.0,Philadelphia,76ers,PHI,0,0,,,,,,0,0,,,,,
0021500388,526,4,0,4,9:25 PM,3:45,McConnell REBOUND (Off:2 Def:3),,,,,4.0,204456,T.J. McConnell,1610612755.0,Philadelphia,76ers,PHI,0,0,,,,,,0,0,,,,,
0021500388,527,1,42,4,9:25 PM,3:33,Okafor 2' Driving Layup (20 PTS) (McConnell 1 AST),,,105 - 85,-20,4.0,1626143,Jahlil Okafor,1610612755.0,Philadelphia,76ers,PHI,4,204456,T.J. McConnell,1610612755.0,Philadelphia,76ers,PHI,0,0,,,,,
0021500388,528,2,1,4,9:26 PM,3:18,,,MISS Vujacic 14' Jump Shot,,,5.0,2756,Sasha Vujacic,1610612752.0,New York,Knicks,NYK,0,0,,,,,,0,0,,,,,
0021500388,529,4,0,4,9:26 PM,3:16,Holmes REBOUND (Off:0 Def:1),,,,,4.0,1626158,Richaun Holmes,1610612755.0,Philadelphia,76ers,PHI,0,0,,,,,,0,0,,,,,
0021500388,530,5,4,4,9:26 PM,3:08,Wroten Traveling Turnover (P7.T15),,,,,4.0,203100,Tony Wroten,1610612755.0,Philadelphia,76ers,PHI,0,0,,,,,,1,0,,,,,
0021500388,531,8,0,4,9:26 PM,3:08,SUB: Stauskas FOR Wroten,,,,,4.0,203100,Tony Wroten,1610612755.0,Philadelphia,76ers,PHI,4,203917,Nik Stauskas,1610612755.0,Philadelphia,76ers,PHI,0,0,,,,,
0021500388,532,2,1,4,9:26 PM,2:57,,,MISS Vujacic 26' 3PT Jump Shot,,,5.0,2756,Sasha Vujacic,1610612752.0,New York,Knicks,NYK,0,0,,,,,,0,0,,,,,
0021500388,533,4,0,4,9:26 PM,2:53,Holmes REBOUND (Off:0 Def:2),,,,,4.0,1626158,Richaun Holmes,1610612755.0,Philadelphia,76ers,PHI,0,0,,,,,,0,0,,,,,
0021500388,534,1,7,4,9:27 PM,2:48,Grant  Dunk (6 PTS) (McConnell 2 AST),,,105 - 87,-18,4.0,203924,Jerami Grant,1610612755.0,Philadelphia,76ers,PHI,4,204456,T.J. McConnell,1610612755.0,Philadelphia,76ers,PHI,0,0,,,,,
0021500388,535,1,63,4,9:27 PM,2:30,,,Seraphin 5' Fadeaway Jumper (2 PTS) (Amundson 1 AST),107 - 87,-20,5.0,202338,Kevin Seraphin,1610612752.0,New York,Knicks,NYK,5,200811,Lou Amundson,1610612752.0,New York,Knicks,NYK,0,0,,,,,
0021500388,536,9,1,4,9:27 PM,2:29,76ERS Timeout: Regular (Full 6 Short 2),,,,,2.0,1610612755,,,,,,0,0,,,,,,0,0,,,,,
0021500388,538,8,0,4,9:29 PM,2:29,SUB: Thompson FOR Okafor,,,,,4.0,1626143,Jahlil Okafor,1610612755.0,Philadelphia,76ers,PHI,4,203138,Hollis Thompson,1610612755.0,Philadelphia,76ers,PHI,0,0,,,,,
0021500388,539,6,2,4,9:29 PM,2:13,,,Williams S.FOUL (P3.T4) (M.Lindsay),,,5.0,202682,Derrick Williams,1610612752.0,New York,Knicks,NYK,4,203138,Hollis Thompson,1610612755.0,Philadelphia,76ers,PHI,1,0,,,,,
0021500388,540,3,11,4,9:29 PM,2:13,Thompson Free Throw 1 of 2 (6 PTS),,,107 - 88,-19,4.0,203138,Hollis Thompson,1610612755.0,Philadelphia,76ers,PHI,0,0,,,,,,0,0,,,,,
0021500388,542,3,12,4,9:29 PM,2:13,Thompson Free Throw 2 of 2 (7 PTS),,,107 - 89,-18,4.0,203138,Hollis Thompson,1610612755.0,Philadelphia,76ers,PHI,0,0,,,,,,0,0,,,,,
0021500388,544,2,1,4,9:30 PM,2:01,,,MISS Seraphin 11' Jump Shot,,,5.0,202338,Kevin Seraphin,1610612752.0,New York,Knicks,NYK,0,0,,,,,,0,0,,,,,
0021500388,545,4,0,4,9:30 PM,2:00,Grant REBOUND (Off:0 Def:1),,,,,4.0,203924,Jerami Grant,1610612755.0,Philadelphia,76ers,PHI,0,0,,,,,,0,0,,,,,
0021500388,546,6,2,4,9:30 PM,1:49,,,Seraphin S.FOUL (P1.PN) (B.Taylor),,,5.0,202338,Kevin Seraphin,1610612752.0,New York,Knicks,NYK,4,203917,Nik Stauskas,1610612755.0,Philadelphia,76ers,PHI,1,0,,,,,
0021500388,547,3,11,4,9:30 PM,1:49,MISS Stauskas Free Throw 1 of 2,,,,,4.0,203917,Nik Stauskas,1610612755.0,Philadelphia,76ers,PHI,0,0,,,,,,0,0,,,,,
0021500388,548,4,1,4,9:30 PM,1:49,76ERS Rebound,,,,,2.0,1610612755,,,,,,0,0,,,,,,0,0,,,,,
0021500388,549,3,12,4,9:30 PM,1:49,MISS Stauskas Free Throw 2 of 2,,,,,4.0,203917,Nik Stauskas,1610612755.0,Philadelphia,76ers,PHI,0,0,,,,,,0,0,,,,,
0021500388,551,4,0,4,9:31 PM,1:49,,,Seraphin REBOUND (Off:0 Def:2),,,5.0,202338,Kevin Seraphin,1610612752.0,New York,Knicks,NYK,0,0,,,,,,0,0,,,,,
0021500388,552,2,1,4,9:31 PM,1:30,,,MISS Seraphin 7' Jump Shot,,,5.0,202338,Kevin Seraphin,1610612752.0,New York,Knicks,NYK,0,0,,,,,,0,0,,,,,
0021500388,553,4,0,4,9:31 PM,1:28,Thompson REBOUND (Off:1 Def:5),,,,,4.0,203138,Hollis Thompson,1610612755.0,Philadelphia,76ers,PHI,0,0,,,,,,0,0,,,,,
0021500388,554,6,2,4,9:31 PM,1:22,,,Williams S.FOUL (P4.PN) (M.Lindsay),,,5.0,202682,Derrick Williams,1610612752.0,New York,Knicks,NYK,4,203924,Jerami Grant,1610612755.0,Philadelphia,76ers,PHI,1,0,,,,,
0021500388,555,3,11,4,9:31 PM,1:22,Grant Free Throw 1 of 2 (7 PTS),,,107 - 90,-17,4.0,203924,Jerami Grant,1610612755.0,Philadelphia,76ers,PHI,0,0,,,,,,0,0,,,,,
0021500388,557,3,12,4,9:32 PM,1:22,Grant Free Throw 2 of 2 (8 PTS),,,107 - 91,-16,4.0,203924,Jerami Grant,1610612755.0,Philadelphia,76ers,PHI,0,0,,,,,,0,0,,,,,
0021500388,559,2,1,4,9:32 PM,1:02,,,MISS Vujacic 25' 3PT Jump Shot,,,5.0,2756,Sasha Vujacic,1610612752.0,New York,Knicks,NYK,0,0,,,,,,0,0,,,,,
0021500388,560,4,0,4,9:32 PM,1:00,,,Amundson REBOUND (Off:1 Def:1),,,5.0,200811,Lou Amundson,1610612752.0,New York,Knicks,NYK,0,0,,,,,,0,0,,,,,
0021500388,561,5,2,4,9:32 PM,0:57,Stauskas STEAL (1 STL),,Amundson Lost Ball Turnover (P1.T15),,,5.0,200811,Lou Amundson,1610612752.0,New York,Knicks,NYK,4,203917,Nik Stauskas,1610612755.0,Philadelphia,76ers,PHI,0,0,,,,,
0021500388,562,2,1,4,9:32 PM,0:53,MISS Grant 5' Jump Shot,,Seraphin BLOCK (1 BLK),,,4.0,203924,Jerami Grant,1610612755.0,Philadelphia,76ers,PHI,0,0,,,,,,5,202338,Kevin Seraphin,1610612752.0,New York,Knicks,NYK
0021500388,563,4,0,4,9:32 PM,0:52,,,Knicks Rebound,,,3.0,1610612752,,,,,,0,0,,,,,,0,0,,,,,
0021500388,565,2,80,4,9:33 PM,0:34,,,MISS Grant 14' Step Back Jump Shot,,,5.0,1626170,Jerian Grant,1610612752.0,New York,Knicks,NYK,0,0,,,,,,0,0,,,,,
0021500388,566,4,0,4,9:33 PM,0:31,Thompson REBOUND (Off:1 Def:6),,,,,4.0,203138,Hollis Thompson,1610612755.0,Philadelphia,76ers,PHI,0,0,,,,,,0,0,,,,,
0021500388,567,1,1,4,9:33 PM,0:25,McConnell 27' 3PT Jump Shot (5 PTS),,,107 - 94,-13,4.0,204456,T.J. McConnell,1610612755.0,Philadelphia,76ers,PHI,0,0,,,,,,0,0,,,,,
0021500388,568,2,1,4,9:33 PM,0:09,,,MISS Seraphin 15' Jump Shot,,,5.0,202338,Kevin Seraphin,1610612752.0,New York,Knicks,NYK,0,0,,,,,,0,0,,,,,
0021500388,569,4,0,4,9:33 PM,0:08,Holmes REBOUND (Off:0 Def:3),,,,,4.0,1626158,Richaun Holmes,1610612755.0,Philadelphia,76ers,PHI,0,0,,,,,,0,0,,,,,
0021500388,570,1,79,4,9:33 PM,0:00,Thompson 27' 3PT Pullup Jump Shot (10 PTS) (McConnell 3 AST),,,107 - 97,-10,4.0,203138,Hollis Thompson,1610612755.0,Philadelphia,76ers,PHI,4,204456,T.J. McConnell,1610612755.0,Philadelphia,76ers,PHI,0,0,,,,,
0021500388,571,13,0,4,9:34 PM,0:00,,,,107 - 97,-10,0.0,0,,,,,,0,0,,,,,,0,0,,,,,
