GAME_ID,EVENTNUM,EVENTMSGTYPE,EVENTMSGACTIONTYPE,PERIOD,WCTIMESTRING,PCTIMESTRING,HOMEDESCRIPTION,NEUTRALDESCRIPTION,VISITORDESCRIPTION,SCORE,SCOREMARGIN,PERSON1TYPE,PLAYER1_ID,PLAYER1_NAME,PLAYER1_TEAM_ID,PLAYER1_TEAM_CITY,PLAYER1_TEAM_NICKNAME,PLAYER1_TEAM_ABBREVIATION,PERSON2TYPE,PLAYER2_ID,PLAYER2_NAME,PLAYER2_TEAM_ID,PLAYER2_TEAM_CITY,PLAYER2_TEAM_NICKNAME,PLAYER2_TEAM_ABBREVIATION,PERSON3TYPE,PLAYER3_ID,PLAYER3_NAME,PLAYER3_TEAM_ID,PLAYER3_TEAM_CITY,PLAYER3_TEAM_NICKNAME,PLAYER3_TEAM_ABBREVIATION
0021500422,0,12,0,1,9:11 PM,12:00,,,,,,0.0,0,,,,,,0,0,,,,,,0,0,,,,,
0021500422,1,10,0,1,9:11 PM,12:00,Jump Ball Lauvergne vs. Hibbert: Tip to Nance Jr.,,,,,4.0,203530,Joffrey Lauvergne,1610612743.0,Denver,Nuggets,DEN,5,201579,Roy Hibbert,1610612747.0,Los Angeles,Lakers,LAL,5,1626204,Larry Nance Jr.,1610612747.0,Los Angeles,Lakers,LAL
0021500422,2,2,5,1,9:11 PM,11:43,Harris BLOCK (1 BLK),,MISS Williams 2' Layup,,,5.0,101150,Lou Williams,1610612747.0,Los Angeles,Lakers,LAL,0,0,,,,,,4,203914,Gary Harris,1610612743.0,Denver,Nuggets,DEN
0021500422,3,4,0,1,9:11 PM,11:42,,,Lakers Rebound,,,3.0,1610612747,,,,,,0,0,,,,,,0,0,,,,,
0021500422,5,1,1,1,9:11 PM,11:37,,,Clarkson 19' Jump Shot (2 PTS),2 - 0,-2,5.0,203903,Jordan Clarkson,1610612747.0,Los Angeles,Lakers,LAL,0,0,,,,,,0,0,,,,,
0021500422,6,2,1,1,9:12 PM,11:17,MISS Faried 17' Jump Shot,,,,,4.0,202702,Kenneth Faried,1610612743.0,Denver,Nuggets,DEN,0,0,,,,,,0,0,,,,,
0021500422,7,4,0,1,9:12 PM,11:15,,,Williams REBOUND (Off:0 Def:1),,,5.0,101150,Lou Williams,1610612747.0,Los Angeles,Lakers,LAL,0,0,,,,,,0,0,,,,,
0021500422,8,1,5,1,9:12 PM,11:08,,,Nance Jr. 1' Layup (2 PTS) (Williams 1 AST),4 - 0,-4,5.0,1626204,Larry Nance Jr.,1610612747.0,Los Angeles,Lakers,LAL,5,101150,Lou Williams,1610612747.0,Los Angeles,Lakers,LAL,0,0,,,,,
0021500422,9,1,1,1,9:12 PM,10:56,Papanikolaou 24' 3PT Jump Shot (3 PTS) (Faried 1 AST),,,4 - 3,-1,4.0,203123,Kostas Papanikolaou,1610612743.0,Denver,Nuggets,DEN,4,202702,Kenneth Faried,1610612743.0,Denver,Nuggets,DEN,0,0,,,,,
0021500422,10,1,1,1,9:12 PM,10:44,,,Bryant 13' Jump Shot (2 PTS),6 - 3,-3,5.0,977,Kobe Bryant,1610612747.0,Los Angeles,Lakers,LAL,0,0,,,,,,0,0,,,,,
0021500422,11,2,1,1,9:12 PM,10:34,MISS Nelson 26' 3PT Jump Shot,,,,,4.0,2749,Jameer Nelson,1610612743.0,Denver,Nuggets,DEN,0,0,,,,,,0,0,,,,,
0021500422,12,4,0,1,9:12 PM,10:33,,,Hibbert REBOUND (Off:0 Def:1),,,5.0,201579,Roy Hibbert,1610612747.0,Los Angeles,Lakers,LAL,0,0,,,,,,0,0,,,,,
0021500422,13,1,1,1,9:13 PM,10:24,,,Nance Jr. 15' Jump Shot (4 PTS) (Williams 2 AST),8 - 3,-5,5.0,1626204,Larry Nance Jr.,1610612747.0,Los Angeles,Lakers,LAL,5,101150,Lou Williams,1610612747.0,Los Angeles,Lakers,LAL,0,0,,,,,
0021500422,14,9,1,1,9:13 PM,10:22,NUGGETS Timeout: Regular (Full 1 Short 0),,,,,2.0,1610612743,,,,,,0,0,,,,,,0,0,,,,,
0021500422,18,5,45,1,9:15 PM,10:08,Nelson Out of Bounds - Bad Pass Turnover Turnover (P1.T1),,,,,4.0,2749,Jameer Nelson,1610612743.0,Denver,Nuggets,DEN,0,0,,,,,,1,0,,,,,
0021500422,19,2,42,1,9:16 PM,9:51,,,MISS Clarkson 3' Driving Layup,,,5.0,203903,Jordan Clarkson,1610612747.0,Los Angeles,Lakers,LAL,0,0,,,,,,0,0,,,,,
0021500422,20,4,0,1,9:16 PM,9:49,,,Williams REBOUND (Off:1 Def:1),,,5.0,101150,Lou Williams,1610612747.0,Los Angeles,Lakers,LAL,0,0,,,,,,0,0,,,,,
0021500422,21,5,45,1,9:16 PM,9:45,,,Williams Out of Bounds - Bad Pass Turnover Turnover (P1.T1),,,5.0,101150,Lou Williams,1610612747.0,Los Angeles,Lakers,LAL,0,0,,,,,,1,0,,,,,
0021500422,22,2,1,1,9:16 PM,9:25,MISS Papanikolaou 26' 3PT Jump Shot,,,,,4.0,203123,Kostas Papanikolaou,1610612743.0,Denver,Nuggets,DEN,0,0,,,,,,0,0,,,,,
0021500422,23,4,0,1,9:16 PM,9:23,,,Clarkson REBOUND (Off:0 Def:1),,,5.0,203903,Jordan Clarkson,1610612747.0,Los Angeles,Lakers,LAL,0,0,,,,,,0,0,,,,,
0021500422,25,1,1,1,9:17 PM,9:00,,,Williams  3PT Jump Shot (3 PTS),11 - 3,-8,5.0,101150,Lou Williams,1610612747.0,Los Angeles,Lakers,LAL,0,0,,,,,,0,0,,,,,
0021500422,26,2,78,1,9:17 PM,8:50,MISS Harris 5' Floating Jump Shot,,,,,4.0,203914,Gary Harris,1610612743.0,Denver,Nuggets,DEN,0,0,,,,,,0,0,,,,,
0021500422,27,4,0,1,9:17 PM,8:49,,,Hibbert REBOUND (Off:0 Def:2),,,5.0,201579,Roy Hibbert,1610612747.0,Los Angeles,Lakers,LAL,0,0,,,,,,0,0,,,,,
0021500422,28,2,1,1,9:17 PM,8:40,,,MISS Williams  3PT Jump Shot,,,5.0,101150,Lou Williams,1610612747.0,Los Angeles,Lakers,LAL,0,0,,,,,,0,0,,,,,
0021500422,29,4,0,1,9:17 PM,8:38,Harris REBOUND (Off:0 Def:1),,,,,4.0,203914,Gary Harris,1610612743.0,Denver,Nuggets,DEN,0,0,,,,,,0,0,,,,,
0021500422,30,6,2,1,9:18 PM,8:30,,,Hibbert S.FOUL (P1.T1) (S.Twardoski),,,5.0,201579,Roy Hibbert,1610612747.0,Los Angeles,Lakers,LAL,4,203914,Gary Harris,1610612743.0,Denver,Nuggets,DEN,1,0,,,,,
0021500422,31,9,2,1,9:18 PM,8:30,NUGGETS Timeout: Short (Full 1 Short 1),,,,,2.0,1610612743,,,,,,0,0,,,,,,0,0,,,,,
0021500422,35,3,11,1,9:19 PM,8:30,MISS Harris Free Throw 1 of 2,,,,,4.0,203914,Gary Harris,1610612743.0,Denver,Nuggets,DEN,0,0,,,,,,0,0,,,,,
0021500422,36,4,1,1,9:19 PM,8:30,NUGGETS Rebound,,,,,2.0,1610612743,,,,,,0,0,,,,,,0,0,,,,,
0021500422,37,3,12,1,9:20 PM,8:30,Harris Free Throw 2 of 2 (1 PTS),,,11 - 4,-7,4.0,203914,Gary Harris,1610612743.0,Denver,Nuggets,DEN,0,0,,,,,,0,0,,,,,
0021500422,39,6,28,1,9:20 PM,8:29,Papanikolaou Personal Take Foul (P1.T1) (N.Buchert),,,,,4.0,203123,Kostas Papanikolaou,1610612743.0,Denver,Nuggets,DEN,5,977,Kobe Bryant,1610612747.0,Los Angeles,Lakers,LAL,1,0,,,,,
0021500422,40,8,0,1,9:20 PM,8:29,SUB: Barton FOR Harris,,,,,4.0,203914,Gary Harris,1610612743.0,Denver,Nuggets,DEN,4,203115,Will Barton,1610612743.0,Denver,Nuggets,DEN,0,0,,,,,
0021500422,41,2,78,1,9:20 PM,8:14,,,MISS Williams 5' Floating Jump Shot,,,5.0,101150,Lou Williams,1610612747.0,Los Angeles,Lakers,LAL,0,0,,,,,,0,0,,,,,
0021500422,42,4,0,1,9:20 PM,8:11,,,Lakers Rebound,,,3.0,1610612747,,,,,,0,0,,,,,,0,0,,,,,
0021500422,44,2,49,1,9:21 PM,7:54,Faried BLOCK (1 BLK),,MISS Nance Jr.  Driving Dunk,,,5.0,1626204,Larry Nance Jr.,1610612747.0,Los Angeles,Lakers,LAL,0,0,,,,,,4,202702,Kenneth Faried,1610612743.0,Denver,Nuggets,DEN
0021500422,45,4,0,1,9:21 PM,7:52,Barton REBOUND (Off:0 Def:1),,,,,4.0,203115,Will Barton,1610612743.0,Denver,Nuggets,DEN,0,0,,,,,,0,0,,,,,
0021500422,46,1,46,1,9:21 PM,7:44,Barton 7' Running Jump Shot (2 PTS),,,11 - 6,-5,4.0,203115,Will Barton,1610612743.0,Denver,Nuggets,DEN,0,0,,,,,,0,0,,,,,
0021500422,47,2,1,1,9:21 PM,7:27,,,MISS Nance Jr. 21' Jump Shot,,,5.0,1626204,Larry Nance Jr.,1610612747.0,Los Angeles,Lakers,LAL,0,0,,,,,,0,0,,,,,
0021500422,48,4,0,1,9:22 PM,7:26,Nelson REBOUND (Off:0 Def:1),,,,,4.0,2749,Jameer Nelson,1610612743.0,Denver,Nuggets,DEN,0,0,,,,,,0,0,,,,,
0021500422,49,1,1,1,9:22 PM,7:19,Barton 25' 3PT Jump Shot (5 PTS) (Nelson 1 AST),,,11 - 9,-2,4.0,203115,Will Barton,1610612743.0,Denver,Nuggets,DEN,4,2749,Jameer Nelson,1610612743.0,Denver,Nuggets,DEN,0,0,,,,,
0021500422,50,6,1,1,9:22 PM,7:07,Lauvergne P.FOUL (P1.T2) (N.Buchert),,,,,4.0,203530,Joffrey Lauvergne,1610612743.0,Denver,Nuggets,DEN,5,201579,Roy Hibbert,1610612747.0,Los Angeles,Lakers,LAL,1,0,,,,,
0021500422,51,1,3,1,9:22 PM,6:53,,,Hibbert 7' Hook Shot (2 PTS),13 - 9,-4,5.0,201579,Roy Hibbert,1610612747.0,Los Angeles,Lakers,LAL,0,0,,,,,,0,0,,,,,
0021500422,52,1,1,1,9:22 PM,6:41,Barton 26' 3PT Jump Shot (8 PTS) (Nelson 2 AST),,,13 - 12,-1,4.0,203115,Will Barton,1610612743.0,Denver,Nuggets,DEN,4,2749,Jameer Nelson,1610612743.0,Denver,Nuggets,DEN,0,0,,,,,
0021500422,53,6,2,1,9:22 PM,6:41,,,Clarkson S.FOUL (P1.T2) (S.Twardoski),,,5.0,203903,Jordan Clarkson,1610612747.0,Los Angeles,Lakers,LAL,4,203115,Will Barton,1610612743.0,Denver,Nuggets,DEN,1,0,,,,,
0021500422,54,8,0,1,9:23 PM,6:41,,,SUB: Sacre FOR Hibbert,,,5.0,201579,Roy Hibbert,1610612747.0,Los Angeles,Lakers,LAL,5,203135,Robert Sacre,1610612747.0,Los Angeles,Lakers,LAL,0,0,,,,,
0021500422,55,3,10,1,9:23 PM,6:41,Barton Free Throw 1 of 1 (9 PTS),,,13 - 13,TIE,4.0,203115,Will Barton,1610612743.0,Denver,Nuggets,DEN,0,0,,,,,,0,0,,,,,
0021500422,57,1,1,1,9:23 PM,6:33,,,Bryant 28' 3PT Jump Shot (5 PTS) (Clarkson 1 AST),16 - 13,-3,5.0,977,Kobe Bryant,1610612747.0,Los Angeles,Lakers,LAL,5,203903,Jordan Clarkson,1610612747.0,Los Angeles,Lakers,LAL,0,0,,,,,
0021500422,58,6,2,1,9:23 PM,6:33,Papanikolaou S.FOUL (P2.T3) (J.Goble),,,,,4.0,203123,Kostas Papanikolaou,1610612743.0,Denver,Nuggets,DEN,5,977,Kobe Bryant,1610612747.0,Los Angeles,Lakers,LAL,1,0,,,,,
0021500422,59,3,10,1,9:24 PM,6:33,,,Bryant Free Throw 1 of 1 (6 PTS),17 - 13,-4,5.0,977,Kobe Bryant,1610612747.0,Los Angeles,Lakers,LAL,0,0,,,,,,0,0,,,,,
0021500422,62,8,0,1,9:24 PM,6:21,,,SUB: Russell FOR Nance Jr.,,,5.0,1626204,Larry Nance Jr.,1610612747.0,Los Angeles,Lakers,LAL,5,1626156,D'Angelo Russell,1610612747.0,Los Angeles,Lakers,LAL,0,0,,,,,
0021500422,63,8,0,1,9:24 PM,6:21,,,SUB: Randle FOR Clarkson,,,5.0,203903,Jordan Clarkson,1610612747.0,Los Angeles,Lakers,LAL,5,203944,Julius Randle,1610612747.0,Los Angeles,Lakers,LAL,0,0,,,,,
0021500422,64,1,1,1,9:25 PM,6:13,Papanikolaou 24' 3PT Jump Shot (6 PTS) (Nelson 3 AST),,,17 - 16,-1,4.0,203123,Kostas Papanikolaou,1610612743.0,Denver,Nuggets,DEN,4,2749,Jameer Nelson,1610612743.0,Denver,Nuggets,DEN,0,0,,,,,
0021500422,65,2,1,1,9:25 PM,5:57,,,MISS Russell  3PT Jump Shot,,,5.0,1626156,D'Angelo Russell,1610612747.0,Los Angeles,Lakers,LAL,0,0,,,,,,0,0,,,,,
0021500422,66,4,0,1,9:25 PM,5:57,Lauvergne REBOUND (Off:0 Def:1),,,,,4.0,203530,Joffrey Lauvergne,1610612743.0,Denver,Nuggets,DEN,0,0,,,,,,0,0,,,,,
0021500422,67,5,2,1,9:25 PM,5:48,Faried Lost Ball Turnover (P1.T2),,Russell STEAL (1 STL),,,4.0,202702,Kenneth Faried,1610612743.0,Denver,Nuggets,DEN,5,1626156,D'Angelo Russell,1610612747.0,Los Angeles,Lakers,LAL,0,0,,,,,
0021500422,68,6,17,1,9:25 PM,5:37,NUGGETS T.Foul (Def. 3 Sec Lauvergne ) (S.Twardoski),,,,,4.0,203530,Joffrey Lauvergne,1610612743.0,Denver,Nuggets,DEN,0,0,,,,,,1,0,,,,,
0021500422,69,3,16,1,9:25 PM,5:37,,,MISS Williams Free Throw Technical,,,5.0,101150,Lou Williams,1610612747.0,Los Angeles,Lakers,LAL,0,0,,,,,,0,0,,,,,
0021500422,70,4,1,1,9:25 PM,5:37,,,Lakers Rebound,,,3.0,1610612747,,,,,,0,0,,,,,,0,0,,,,,
0021500422,71,8,0,1,9:26 PM,5:37,SUB: Jokic FOR Lauvergne,,,,,4.0,203530,Joffrey Lauvergne,1610612743.0,Denver,Nuggets,DEN,4,203999,Nikola Jokic,1610612743.0,Denver,Nuggets,DEN,0,0,,,,,
0021500422,72,2,1,1,9:26 PM,5:26,,,MISS Bryant 25' 3PT Jump Shot,,,5.0,977,Kobe Bryant,1610612747.0,Los Angeles,Lakers,LAL,0,0,,,,,,0,0,,,,,
0021500422,73,4,0,1,9:26 PM,5:25,Barton REBOUND (Off:0 Def:2),,,,,4.0,203115,Will Barton,1610612743.0,Denver,Nuggets,DEN,0,0,,,,,,0,0,,,,,
0021500422,74,1,42,1,9:26 PM,5:19,Barton 2' Driving Layup (11 PTS),,,17 - 18,1,4.0,203115,Will Barton,1610612743.0,Denver,Nuggets,DEN,0,0,,,,,,0,0,,,,,
0021500422,75,6,2,1,9:26 PM,5:19,,,Russell S.FOUL (P1.T3) (S.Twardoski),,,5.0,1626156,D'Angelo Russell,1610612747.0,Los Angeles,Lakers,LAL,4,203115,Will Barton,1610612743.0,Denver,Nuggets,DEN,1,0,,,,,
0021500422,76,8,0,1,9:26 PM,5:19,SUB: Foye FOR Papanikolaou,,,,,4.0,203123,Kostas Papanikolaou,1610612743.0,Denver,Nuggets,DEN,4,200751,Randy Foye,1610612743.0,Denver,Nuggets,DEN,0,0,,,,,
0021500422,77,3,10,1,9:27 PM,5:19,Barton Free Throw 1 of 1 (12 PTS),,,17 - 19,2,4.0,203115,Will Barton,1610612743.0,Denver,Nuggets,DEN,0,0,,,,,,0,0,,,,,
0021500422,79,2,47,1,9:27 PM,5:09,,,MISS Bryant 6' Turnaround Jump Shot,,,5.0,977,Kobe Bryant,1610612747.0,Los Angeles,Lakers,LAL,0,0,,,,,,0,0,,,,,
0021500422,80,4,0,1,9:27 PM,5:06,Faried REBOUND (Off:0 Def:1),,,,,4.0,202702,Kenneth Faried,1610612743.0,Denver,Nuggets,DEN,0,0,,,,,,0,0,,,,,
0021500422,81,6,2,1,9:27 PM,4:58,,,Sacre S.FOUL (P1.T4) (N.Buchert),,,5.0,203135,Robert Sacre,1610612747.0,Los Angeles,Lakers,LAL,4,202702,Kenneth Faried,1610612743.0,Denver,Nuggets,DEN,1,0,,,,,
0021500422,82,3,11,1,9:27 PM,4:58,Faried Free Throw 1 of 2 (1 PTS),,,17 - 20,3,4.0,202702,Kenneth Faried,1610612743.0,Denver,Nuggets,DEN,0,0,,,,,,0,0,,,,,
0021500422,84,3,12,1,9:28 PM,4:58,Faried Free Throw 2 of 2 (2 PTS),,,17 - 21,4,4.0,202702,Kenneth Faried,1610612743.0,Denver,Nuggets,DEN,0,0,,,,,,0,0,,,,,
0021500422,86,2,78,1,9:28 PM,4:34,,,MISS Russell 10' Floating Jump Shot,,,5.0,1626156,D'Angelo Russell,1610612747.0,Los Angeles,Lakers,LAL,0,0,,,,,,0,0,,,,,
0021500422,87,4,0,1,9:28 PM,4:33,NUGGETS Rebound,,,,,2.0,1610612743,,,,,,0,0,,,,,,0,0,,,,,
0021500422,88,6,3,1,9:28 PM,4:33,,,Sacre L.B.FOUL (P2.PN) (N.Buchert),,,5.0,203135,Robert Sacre,1610612747.0,Los Angeles,Lakers,LAL,4,203999,Nikola Jokic,1610612743.0,Denver,Nuggets,DEN,1,0,,,,,
0021500422,89,3,11,1,9:28 PM,4:33,Jokic Free Throw 1 of 2 (1 PTS),,,17 - 22,5,4.0,203999,Nikola Jokic,1610612743.0,Denver,Nuggets,DEN,0,0,,,,,,0,0,,,,,
0021500422,91,8,0,1,9:29 PM,4:33,,,SUB: Bass FOR Sacre,,,5.0,203135,Robert Sacre,1610612747.0,Los Angeles,Lakers,LAL,5,101138,Brandon Bass,1610612747.0,Los Angeles,Lakers,LAL,0,0,,,,,
0021500422,92,3,12,1,9:29 PM,4:33,Jokic Free Throw 2 of 2 (2 PTS),,,17 - 23,6,4.0,203999,Nikola Jokic,1610612743.0,Denver,Nuggets,DEN,0,0,,,,,,0,0,,,,,
0021500422,94,2,1,1,9:29 PM,4:16,,,MISS Bryant 25' 3PT Jump Shot,,,5.0,977,Kobe Bryant,1610612747.0,Los Angeles,Lakers,LAL,0,0,,,,,,0,0,,,,,
0021500422,95,4,0,1,9:29 PM,4:14,,,Bass REBOUND (Off:1 Def:0),,,5.0,101138,Brandon Bass,1610612747.0,Los Angeles,Lakers,LAL,0,0,,,,,,0,0,,,,,
0021500422,96,1,7,1,9:29 PM,4:10,,,Bass  Dunk (2 PTS),19 - 23,4,5.0,101138,Brandon Bass,1610612747.0,Los Angeles,Lakers,LAL,0,0,,,,,,0,0,,,,,
0021500422,97,5,1,1,9:30 PM,3:52,Nelson Bad Pass Turnover (P2.T3),,Bryant STEAL (1 STL),,,4.0,2749,Jameer Nelson,1610612743.0,Denver,Nuggets,DEN,5,977,Kobe Bryant,1610612747.0,Los Angeles,Lakers,LAL,0,0,,,,,
0021500422,98,6,2,1,9:30 PM,3:45,Barton S.FOUL (P1.T4) (N.Buchert),,,,,4.0,203115,Will Barton,1610612743.0,Denver,Nuggets,DEN,5,977,Kobe Bryant,1610612747.0,Los Angeles,Lakers,LAL,1,0,,,,,
0021500422,99,3,11,1,9:30 PM,3:45,,,MISS Bryant Free Throw 1 of 2,,,5.0,977,Kobe Bryant,1610612747.0,Los Angeles,Lakers,LAL,0,0,,,,,,0,0,,,,,
0021500422,100,4,1,1,9:30 PM,3:45,,,Lakers Rebound,,,3.0,1610612747,,,,,,0,0,,,,,,0,0,,,,,
0021500422,101,8,0,1,9:30 PM,3:45,SUB: Arthur FOR Faried,,,,,4.0,202702,Kenneth Faried,1610612743.0,Denver,Nuggets,DEN,4,201589,Darrell Arthur,1610612743.0,Denver,Nuggets,DEN,0,0,,,,,
0021500422,102,3,12,1,9:30 PM,3:45,,,Bryant Free Throw 2 of 2 (7 PTS),20 - 23,3,5.0,977,Kobe Bryant,1610612747.0,Los Angeles,Lakers,LAL,0,0,,,,,,0,0,,,,,
0021500422,104,2,1,1,9:31 PM,3:28,MISS Barton 6' Jump Shot,,,,,4.0,203115,Will Barton,1610612743.0,Denver,Nuggets,DEN,0,0,,,,,,0,0,,,,,
0021500422,105,4,0,1,9:31 PM,3:27,Barton REBOUND (Off:1 Def:2),,,,,4.0,203115,Will Barton,1610612743.0,Denver,Nuggets,DEN,0,0,,,,,,0,0,,,,,
0021500422,106,1,3,1,9:31 PM,3:22,Barton 4' Hook Shot (14 PTS),,,20 - 25,5,4.0,203115,Will Barton,1610612743.0,Denver,Nuggets,DEN,0,0,,,,,,0,0,,,,,
0021500422,107,2,1,1,9:31 PM,3:12,,,MISS Randle 19' Jump Shot,,,5.0,203944,Julius Randle,1610612747.0,Los Angeles,Lakers,LAL,0,0,,,,,,0,0,,,,,
0021500422,108,4,0,1,9:31 PM,3:11,,,Bryant REBOUND (Off:1 Def:0),,,5.0,977,Kobe Bryant,1610612747.0,Los Angeles,Lakers,LAL,0,0,,,,,,0,0,,,,,
0021500422,109,1,1,1,9:31 PM,3:05,,,Bryant 10' Jump Shot (9 PTS),22 - 25,3,5.0,977,Kobe Bryant,1610612747.0,Los Angeles,Lakers,LAL,0,0,,,,,,0,0,,,,,
0021500422,110,1,1,1,9:31 PM,2:56,Foye 26' 3PT Jump Shot (3 PTS),,,22 - 28,6,4.0,200751,Randy Foye,1610612743.0,Denver,Nuggets,DEN,0,0,,,,,,0,0,,,,,
0021500422,111,2,47,1,9:32 PM,2:42,,,MISS Bryant 15' Turnaround Jump Shot,,,5.0,977,Kobe Bryant,1610612747.0,Los Angeles,Lakers,LAL,0,0,,,,,,0,0,,,,,
0021500422,112,4,0,1,9:32 PM,2:40,Nelson REBOUND (Off:0 Def:2),,,,,4.0,2749,Jameer Nelson,1610612743.0,Denver,Nuggets,DEN,0,0,,,,,,0,0,,,,,
0021500422,113,2,1,1,9:32 PM,2:27,MISS Foye 25' 3PT Jump Shot,,,,,4.0,200751,Randy Foye,1610612743.0,Denver,Nuggets,DEN,0,0,,,,,,0,0,,,,,
0021500422,114,4,0,1,9:32 PM,2:26,,,Bryant REBOUND (Off:1 Def:1),,,5.0,977,Kobe Bryant,1610612747.0,Los Angeles,Lakers,LAL,0,0,,,,,,0,0,,,,,
0021500422,115,1,47,1,9:32 PM,2:05,,,Bryant 12' Turnaround Jump Shot (11 PTS),24 - 28,4,5.0,977,Kobe Bryant,1610612747.0,Los Angeles,Lakers,LAL,0,0,,,,,,0,0,,,,,
0021500422,116,2,1,1,9:32 PM,1:51,MISS Nelson 27' 3PT Jump Shot,,,,,4.0,2749,Jameer Nelson,1610612743.0,Denver,Nuggets,DEN,0,0,,,,,,0,0,,,,,
0021500422,117,4,0,1,9:32 PM,1:50,,,Bass REBOUND (Off:1 Def:1),,,5.0,101138,Brandon Bass,1610612747.0,Los Angeles,Lakers,LAL,0,0,,,,,,0,0,,,,,
0021500422,118,6,2,1,9:33 PM,1:43,Foye S.FOUL (P1.PN) (S.Twardoski),,,,,4.0,200751,Randy Foye,1610612743.0,Denver,Nuggets,DEN,5,977,Kobe Bryant,1610612747.0,Los Angeles,Lakers,LAL,1,0,,,,,
0021500422,119,9,1,1,9:33 PM,1:43,,,Lakers Timeout: Regular (Reg.1 Short 0),,,3.0,1610612747,,,,,,0,0,,,,,,0,0,,,,,
0021500422,122,8,0,1,9:35 PM,1:43,SUB: Harris FOR Nelson,,,,,4.0,2749,Jameer Nelson,1610612743.0,Denver,Nuggets,DEN,4,203914,Gary Harris,1610612743.0,Denver,Nuggets,DEN,0,0,,,,,
0021500422,123,3,11,1,9:35 PM,1:43,,,Bryant Free Throw 1 of 2 (12 PTS),25 - 28,3,5.0,977,Kobe Bryant,1610612747.0,Los Angeles,Lakers,LAL,0,0,,,,,,0,0,,,,,
0021500422,125,3,12,1,9:36 PM,1:43,,,Bryant Free Throw 2 of 2 (13 PTS),26 - 28,2,5.0,977,Kobe Bryant,1610612747.0,Los Angeles,Lakers,LAL,0,0,,,,,,0,0,,,,,
0021500422,127,1,44,1,9:36 PM,1:30,Barton 2' Reverse Layup (16 PTS) (Jokic 1 AST),,,26 - 30,4,4.0,203115,Will Barton,1610612743.0,Denver,Nuggets,DEN,4,203999,Nikola Jokic,1610612743.0,Denver,Nuggets,DEN,0,0,,,,,
0021500422,128,2,1,1,9:36 PM,1:12,,,MISS Bryant 24' 3PT Jump Shot,,,5.0,977,Kobe Bryant,1610612747.0,Los Angeles,Lakers,LAL,0,0,,,,,,0,0,,,,,
0021500422,129,4,0,1,9:36 PM,1:11,Foye REBOUND (Off:0 Def:1),,,,,4.0,200751,Randy Foye,1610612743.0,Denver,Nuggets,DEN,0,0,,,,,,0,0,,,,,
0021500422,130,1,41,1,9:36 PM,1:06,Barton 2' Running Layup (18 PTS) (Foye 1 AST),,,26 - 32,6,4.0,203115,Will Barton,1610612743.0,Denver,Nuggets,DEN,4,200751,Randy Foye,1610612743.0,Denver,Nuggets,DEN,0,0,,,,,
0021500422,131,2,5,1,9:37 PM,0:46,,,MISS Randle 1' Layup,,,5.0,203944,Julius Randle,1610612747.0,Los Angeles,Lakers,LAL,0,0,,,,,,0,0,,,,,
0021500422,132,4,0,1,9:37 PM,0:45,Arthur REBOUND (Off:0 Def:1),,,,,4.0,201589,Darrell Arthur,1610612743.0,Denver,Nuggets,DEN,0,0,,,,,,0,0,,,,,
0021500422,133,1,3,1,9:37 PM,0:31,Jokic 7' Hook Shot (4 PTS),,,26 - 34,8,4.0,203999,Nikola Jokic,1610612743.0,Denver,Nuggets,DEN,0,0,,,,,,0,0,,,,,
0021500422,134,2,1,1,9:37 PM,0:08,,,MISS Bryant 27' 3PT Jump Shot,,,5.0,977,Kobe Bryant,1610612747.0,Los Angeles,Lakers,LAL,0,0,,,,,,0,0,,,,,
0021500422,135,4,0,1,9:37 PM,0:07,Foye REBOUND (Off:0 Def:2),,,,,4.0,200751,Randy Foye,1610612743.0,Denver,Nuggets,DEN,0,0,,,,,,0,0,,,,,
0021500422,136,2,1,1,9:38 PM,0:00,MISS Barton 27' 3PT Jump Shot,,,,,4.0,203115,Will Barton,1610612743.0,Denver,Nuggets,DEN,0,0,,,,,,0,0,,,,,
0021500422,137,4,0,1,9:38 PM,0:00,NUGGETS Rebound,,,,,2.0,1610612743,,,,,,0,0,,,,,,0,0,,,,,
0021500422,138,13,0,1,9:38 PM,0:00,,,,26 - 34,8,0.0,0,,,,,,0,0,,,,,,0,0,,,,,
0021500422,140,12,0,2,9:40 PM,12:00,,,,26 - 34,8,0.0,0,,,,,,0,0,,,,,,0,0,,,,,
0021500422,141,1,5,2,9:41 PM,11:41,Barton 2' Layup (20 PTS),,,26 - 36,10,4.0,203115,Will Barton,1610612743.0,Denver,Nuggets,DEN,0,0,,,,,,0,0,,,,,
0021500422,142,2,1,2,9:41 PM,11:31,,,MISS Russell 27' 3PT Jump Shot,,,5.0,1626156,D'Angelo Russell,1610612747.0,Los Angeles,Lakers,LAL,0,0,,,,,,0,0,,,,,
0021500422,143,4,0,2,9:41 PM,11:30,Jokic REBOUND (Off:0 Def:1),,,,,4.0,203999,Nikola Jokic,1610612743.0,Denver,Nuggets,DEN,0,0,,,,,,0,0,,,,,
0021500422,144,2,1,2,9:41 PM,11:22,MISS Barton 19' Jump Shot,,,,,4.0,203115,Will Barton,1610612743.0,Denver,Nuggets,DEN,0,0,,,,,,0,0,,,,,
0021500422,145,4,0,2,9:41 PM,11:21,,,Randle REBOUND (Off:0 Def:1),,,5.0,203944,Julius Randle,1610612747.0,Los Angeles,Lakers,LAL,0,0,,,,,,0,0,,,,,
0021500422,147,6,2,2,9:42 PM,11:04,Arthur S.FOUL (P1.T1) (J.Goble),,,,,4.0,201589,Darrell Arthur,1610612743.0,Denver,Nuggets,DEN,5,203944,Julius Randle,1610612747.0,Los Angeles,Lakers,LAL,1,0,,,,,
0021500422,148,3,11,2,9:42 PM,11:04,,,Randle Free Throw 1 of 2 (1 PTS),27 - 36,9,5.0,203944,Julius Randle,1610612747.0,Los Angeles,Lakers,LAL,0,0,,,,,,0,0,,,,,
0021500422,150,3,12,2,9:42 PM,11:04,,,Randle Free Throw 2 of 2 (2 PTS),28 - 36,8,5.0,203944,Julius Randle,1610612747.0,Los Angeles,Lakers,LAL,0,0,,,,,,0,0,,,,,
0021500422,152,1,78,2,9:42 PM,10:48,Barton 5' Floating Jump Shot (22 PTS) (Jokic 2 AST),,,28 - 38,10,4.0,203115,Will Barton,1610612743.0,Denver,Nuggets,DEN,4,203999,Nikola Jokic,1610612743.0,Denver,Nuggets,DEN,0,0,,,,,
0021500422,153,5,40,2,9:43 PM,10:30,,,Russell Out of Bounds Lost Ball Turnover (P1.T2),,,5.0,1626156,D'Angelo Russell,1610612747.0,Los Angeles,Lakers,LAL,0,0,,,,,,1,0,,,,,
0021500422,154,8,0,2,9:43 PM,10:30,,,SUB: Hibbert FOR Bass,,,5.0,101138,Brandon Bass,1610612747.0,Los Angeles,Lakers,LAL,5,201579,Roy Hibbert,1610612747.0,Los Angeles,Lakers,LAL,0,0,,,,,
0021500422,155,2,1,2,9:43 PM,10:14,MISS Barton 25' 3PT Jump Shot,,,,,4.0,203115,Will Barton,1610612743.0,Denver,Nuggets,DEN,0,0,,,,,,0,0,,,,,
0021500422,156,4,0,2,9:43 PM,10:13,Jokic REBOUND (Off:1 Def:1),,,,,4.0,203999,Nikola Jokic,1610612743.0,Denver,Nuggets,DEN,0,0,,,,,,0,0,,,,,
0021500422,157,2,80,2,9:43 PM,10:01,MISS Foye 13' Step Back Jump Shot,,,,,4.0,200751,Randy Foye,1610612743.0,Denver,Nuggets,DEN,0,0,,,,,,0,0,,,,,
0021500422,158,4,0,2,9:43 PM,9:57,Jokic REBOUND (Off:2 Def:1),,,,,4.0,203999,Nikola Jokic,1610612743.0,Denver,Nuggets,DEN,0,0,,,,,,0,0,,,,,
0021500422,159,1,5,2,9:44 PM,9:51,Foye 2' Layup (5 PTS) (Jokic 3 AST),,,28 - 40,12,4.0,200751,Randy Foye,1610612743.0,Denver,Nuggets,DEN,4,203999,Nikola Jokic,1610612743.0,Denver,Nuggets,DEN,0,0,,,,,
0021500422,160,9,1,2,9:44 PM,9:44,,,Lakers Timeout: Regular (Reg.2 Short 0),,,3.0,1610612747,,,,,,0,0,,,,,,0,0,,,,,
0021500422,164,6,2,2,9:46 PM,9:39,Arthur S.FOUL (P2.T2) (N.Buchert),,,,,4.0,201589,Darrell Arthur,1610612743.0,Denver,Nuggets,DEN,5,203903,Jordan Clarkson,1610612747.0,Los Angeles,Lakers,LAL,1,0,,,,,
0021500422,165,3,11,2,9:47 PM,9:39,,,Clarkson Free Throw 1 of 2 (3 PTS),29 - 40,11,5.0,203903,Jordan Clarkson,1610612747.0,Los Angeles,Lakers,LAL,0,0,,,,,,0,0,,,,,
0021500422,167,3,12,2,9:47 PM,9:39,,,Clarkson Free Throw 2 of 2 (4 PTS),30 - 40,10,5.0,203903,Jordan Clarkson,1610612747.0,Los Angeles,Lakers,LAL,0,0,,,,,,0,0,,,,,
0021500422,169,2,1,2,9:47 PM,9:19,MISS Harris 24' 3PT Jump Shot,,,,,4.0,203914,Gary Harris,1610612743.0,Denver,Nuggets,DEN,0,0,,,,,,0,0,,,,,
0021500422,170,4,0,2,9:47 PM,9:18,,,Hibbert REBOUND (Off:0 Def:3),,,5.0,201579,Roy Hibbert,1610612747.0,Los Angeles,Lakers,LAL,0,0,,,,,,0,0,,,,,
0021500422,171,2,1,2,9:48 PM,9:10,,,MISS Young 25' 3PT Jump Shot,,,5.0,201156,Nick Young,1610612747.0,Los Angeles,Lakers,LAL,0,0,,,,,,0,0,,,,,
0021500422,172,4,0,2,9:48 PM,9:07,,,Clarkson REBOUND (Off:1 Def:1),,,5.0,203903,Jordan Clarkson,1610612747.0,Los Angeles,Lakers,LAL,0,0,,,,,,0,0,,,,,
0021500422,173,5,9,2,9:48 PM,8:57,,,Randle 5 Second Violation Turnover (P1.T3),,,5.0,203944,Julius Randle,1610612747.0,Los Angeles,Lakers,LAL,0,0,,,,,,1,0,,,,,
0021500422,174,5,45,2,9:48 PM,8:45,Jokic Out of Bounds - Bad Pass Turnover Turnover (P1.T4),,,,,4.0,203999,Nikola Jokic,1610612743.0,Denver,Nuggets,DEN,0,0,,,,,,1,0,,,,,
0021500422,175,2,42,2,9:49 PM,8:34,,,MISS Randle 2' Driving Layup,,,5.0,203944,Julius Randle,1610612747.0,Los Angeles,Lakers,LAL,0,0,,,,,,0,0,,,,,
0021500422,176,4,0,2,9:49 PM,8:33,,,Hibbert REBOUND (Off:1 Def:3),,,5.0,201579,Roy Hibbert,1610612747.0,Los Angeles,Lakers,LAL,0,0,,,,,,0,0,,,,,
0021500422,177,6,4,2,9:49 PM,8:29,,,Hibbert OFF.Foul (P2) (J.Goble),,,5.0,201579,Roy Hibbert,1610612747.0,Los Angeles,Lakers,LAL,4,203999,Nikola Jokic,1610612743.0,Denver,Nuggets,DEN,1,0,,,,,
0021500422,178,5,5,2,9:49 PM,8:29,,,Hibbert Foul Turnover (P1.T4),,,5.0,201579,Roy Hibbert,1610612747.0,Los Angeles,Lakers,LAL,0,0,,,,,,1,0,,,,,
0021500422,179,2,1,2,9:49 PM,8:14,MISS Jokic 3' Jump Shot,,,,,4.0,203999,Nikola Jokic,1610612743.0,Denver,Nuggets,DEN,0,0,,,,,,0,0,,,,,
0021500422,181,4,0,2,9:49 PM,8:13,Jokic REBOUND (Off:3 Def:1),,,,,4.0,203999,Nikola Jokic,1610612743.0,Denver,Nuggets,DEN,0,0,,,,,,0,0,,,,,
0021500422,180,1,97,2,9:49 PM,8:13,Jokic 1' Tip Layup Shot (6 PTS),,,30 - 42,12,4.0,203999,Nikola Jokic,1610612743.0,Denver,Nuggets,DEN,0,0,,,,,,0,0,,,,,
0021500422,182,6,1,2,9:50 PM,7:58,Barton P.FOUL (P2.T3) (N.Buchert),,,,,4.0,203115,Will Barton,1610612743.0,Denver,Nuggets,DEN,5,203903,Jordan Clarkson,1610612747.0,Los Angeles,Lakers,LAL,1,0,,,,,
0021500422,183,8,0,2,9:50 PM,7:58,SUB: Faried FOR Arthur,,,,,4.0,201589,Darrell Arthur,1610612743.0,Denver,Nuggets,DEN,4,202702,Kenneth Faried,1610612743.0,Denver,Nuggets,DEN,0,0,,,,,
0021500422,184,6,1,2,9:50 PM,7:57,Jokic P.FOUL (P1.T4) (J.Goble),,,,,4.0,203999,Nikola Jokic,1610612743.0,Denver,Nuggets,DEN,5,201579,Roy Hibbert,1610612747.0,Los Angeles,Lakers,LAL,1,0,,,,,
0021500422,185,6,11,2,9:50 PM,7:57,,,Hibbert T.FOUL (P2.T0) (N.Buchert),,,5.0,201579,Roy Hibbert,1610612747.0,Los Angeles,Lakers,LAL,0,0,,,,,,1,0,,,,,
0021500422,186,3,16,2,9:50 PM,7:57,Barton Free Throw Technical (23 PTS),,,30 - 43,13,4.0,203115,Will Barton,1610612743.0,Denver,Nuggets,DEN,0,0,,,,,,0,0,,,,,
0021500422,188,1,1,2,9:51 PM,7:49,,,Russell 26' 3PT Jump Shot (3 PTS),33 - 43,10,5.0,1626156,D'Angelo Russell,1610612747.0,Los Angeles,Lakers,LAL,0,0,,,,,,0,0,,,,,
0021500422,189,1,1,2,9:51 PM,7:33,Harris 18' Jump Shot (3 PTS) (Faried 2 AST),,,33 - 45,12,4.0,203914,Gary Harris,1610612743.0,Denver,Nuggets,DEN,4,202702,Kenneth Faried,1610612743.0,Denver,Nuggets,DEN,0,0,,,,,
0021500422,190,2,1,2,9:52 PM,7:23,,,MISS Russell 24' 3PT Jump Shot,,,5.0,1626156,D'Angelo Russell,1610612747.0,Los Angeles,Lakers,LAL,0,0,,,,,,0,0,,,,,
0021500422,191,4,0,2,9:52 PM,7:23,Faried REBOUND (Off:0 Def:2),,,,,4.0,202702,Kenneth Faried,1610612743.0,Denver,Nuggets,DEN,0,0,,,,,,0,0,,,,,
0021500422,192,2,5,2,9:52 PM,7:17,MISS Faried 2' Layup,,,,,4.0,202702,Kenneth Faried,1610612743.0,Denver,Nuggets,DEN,0,0,,,,,,0,0,,,,,
0021500422,193,4,0,2,9:52 PM,7:16,,,Russell REBOUND (Off:0 Def:1),,,5.0,1626156,D'Angelo Russell,1610612747.0,Los Angeles,Lakers,LAL,0,0,,,,,,0,0,,,,,
0021500422,194,1,5,2,9:52 PM,7:10,,,Clarkson 2' Layup (6 PTS) (Russell 1 AST),35 - 45,10,5.0,203903,Jordan Clarkson,1610612747.0,Los Angeles,Lakers,LAL,5,1626156,D'Angelo Russell,1610612747.0,Los Angeles,Lakers,LAL,0,0,,,,,
0021500422,195,6,2,2,9:52 PM,6:58,,,Hibbert S.FOUL (P3.T1) (J.Goble),,,5.0,201579,Roy Hibbert,1610612747.0,Los Angeles,Lakers,LAL,4,203999,Nikola Jokic,1610612743.0,Denver,Nuggets,DEN,1,0,,,,,
0021500422,196,3,11,2,9:52 PM,6:58,Jokic Free Throw 1 of 2 (7 PTS),,,35 - 46,11,4.0,203999,Nikola Jokic,1610612743.0,Denver,Nuggets,DEN,0,0,,,,,,0,0,,,,,
0021500422,198,8,0,2,9:53 PM,6:58,,,SUB: Williams FOR Russell,,,5.0,1626156,D'Angelo Russell,1610612747.0,Los Angeles,Lakers,LAL,5,101150,Lou Williams,1610612747.0,Los Angeles,Lakers,LAL,0,0,,,,,
0021500422,199,8,0,2,9:53 PM,6:58,,,SUB: Bass FOR Hibbert,,,5.0,201579,Roy Hibbert,1610612747.0,Los Angeles,Lakers,LAL,5,101138,Brandon Bass,1610612747.0,Los Angeles,Lakers,LAL,0,0,,,,,
0021500422,200,3,12,2,9:53 PM,6:58,Jokic Free Throw 2 of 2 (8 PTS),,,35 - 47,12,4.0,203999,Nikola Jokic,1610612743.0,Denver,Nuggets,DEN,0,0,,,,,,0,0,,,,,
0021500422,202,5,45,2,9:53 PM,6:44,,,Randle Out of Bounds - Bad Pass Turnover Turnover (P2.T5),,,5.0,203944,Julius Randle,1610612747.0,Los Angeles,Lakers,LAL,0,0,,,,,,1,0,,,,,
0021500422,203,1,42,2,9:53 PM,6:27,Harris 1' Driving Layup (5 PTS) (Barton 1 AST),,,35 - 49,14,4.0,203914,Gary Harris,1610612743.0,Denver,Nuggets,DEN,4,203115,Will Barton,1610612743.0,Denver,Nuggets,DEN,0,0,,,,,
0021500422,204,6,17,2,9:54 PM,6:13,NUGGETS T.Foul (Def. 3 Sec Jokic ) (N.Buchert),,,,,4.0,203999,Nikola Jokic,1610612743.0,Denver,Nuggets,DEN,0,0,,,,,,1,0,,,,,
0021500422,205,3,16,2,9:54 PM,6:13,,,Clarkson Free Throw Technical (7 PTS),36 - 49,13,5.0,203903,Jordan Clarkson,1610612747.0,Los Angeles,Lakers,LAL,0,0,,,,,,0,0,,,,,
0021500422,207,8,0,2,9:54 PM,6:13,SUB: Lauvergne FOR Jokic,,,,,4.0,203999,Nikola Jokic,1610612743.0,Denver,Nuggets,DEN,4,203530,Joffrey Lauvergne,1610612743.0,Denver,Nuggets,DEN,0,0,,,,,
0021500422,208,8,0,2,9:54 PM,6:13,SUB: Nelson FOR Barton,,,,,4.0,203115,Will Barton,1610612743.0,Denver,Nuggets,DEN,4,2749,Jameer Nelson,1610612743.0,Denver,Nuggets,DEN,0,0,,,,,
0021500422,209,2,1,2,9:54 PM,6:02,,,MISS Young 25' 3PT Jump Shot,,,5.0,201156,Nick Young,1610612747.0,Los Angeles,Lakers,LAL,0,0,,,,,,0,0,,,,,
0021500422,210,4,0,2,9:54 PM,6:01,,,Randle REBOUND (Off:1 Def:1),,,5.0,203944,Julius Randle,1610612747.0,Los Angeles,Lakers,LAL,0,0,,,,,,0,0,,,,,
0021500422,211,1,63,2,9:55 PM,5:54,,,Williams 12' Fadeaway Jumper (5 PTS),38 - 49,11,5.0,101150,Lou Williams,1610612747.0,Los Angeles,Lakers,LAL,0,0,,,,,,0,0,,,,,
0021500422,212,1,44,2,9:55 PM,5:33,Harris 2' Reverse Layup (7 PTS) (Nelson 4 AST),,,38 - 51,13,4.0,203914,Gary Harris,1610612743.0,Denver,Nuggets,DEN,4,2749,Jameer Nelson,1610612743.0,Denver,Nuggets,DEN,0,0,,,,,
0021500422,213,1,1,2,9:55 PM,5:17,,,Young 13' Jump Shot (2 PTS),40 - 51,11,5.0,201156,Nick Young,1610612747.0,Los Angeles,Lakers,LAL,0,0,,,,,,0,0,,,,,
0021500422,214,2,1,2,9:55 PM,5:05,MISS Lauvergne 25' 3PT Jump Shot,,,,,4.0,203530,Joffrey Lauvergne,1610612743.0,Denver,Nuggets,DEN,0,0,,,,,,0,0,,,,,
0021500422,215,4,0,2,9:55 PM,5:04,,,Randle REBOUND (Off:1 Def:2),,,5.0,203944,Julius Randle,1610612747.0,Los Angeles,Lakers,LAL,0,0,,,,,,0,0,,,,,
0021500422,216,1,5,2,9:56 PM,4:57,,,Bass 2' Layup (4 PTS) (Williams 3 AST),42 - 51,9,5.0,101138,Brandon Bass,1610612747.0,Los Angeles,Lakers,LAL,5,101150,Lou Williams,1610612747.0,Los Angeles,Lakers,LAL,0,0,,,,,
0021500422,217,6,2,2,9:56 PM,4:57,Lauvergne S.FOUL (P2.PN) (N.Buchert),,,,,4.0,203530,Joffrey Lauvergne,1610612743.0,Denver,Nuggets,DEN,5,101138,Brandon Bass,1610612747.0,Los Angeles,Lakers,LAL,1,0,,,,,
0021500422,218,9,4,2,9:56 PM,4:57,,,,,,1.0,0,,,,,,0,0,,,,,,0,0,,,,,
0021500422,221,8,0,2,9:58 PM,4:57,,,SUB: Nance Jr. FOR Randle,,,5.0,203944,Julius Randle,1610612747.0,Los Angeles,Lakers,LAL,5,1626204,Larry Nance Jr.,1610612747.0,Los Angeles,Lakers,LAL,0,0,,,,,
0021500422,222,3,10,2,9:59 PM,4:57,,,Bass Free Throw 1 of 1 (5 PTS),43 - 51,8,5.0,101138,Brandon Bass,1610612747.0,Los Angeles,Lakers,LAL,0,0,,,,,,0,0,,,,,
0021500422,224,1,1,2,9:59 PM,4:42,Harris 16' Jump Shot (9 PTS) (Foye 2 AST),,,43 - 53,10,4.0,203914,Gary Harris,1610612743.0,Denver,Nuggets,DEN,4,200751,Randy Foye,1610612743.0,Denver,Nuggets,DEN,0,0,,,,,
0021500422,225,5,45,2,9:59 PM,4:33,,,Clarkson Out of Bounds - Bad Pass Turnover Turnover (P1.T6),,,5.0,203903,Jordan Clarkson,1610612747.0,Los Angeles,Lakers,LAL,0,0,,,,,,1,0,,,,,
0021500422,226,8,0,2,9:59 PM,4:33,SUB: Barton FOR Foye,,,,,4.0,200751,Randy Foye,1610612743.0,Denver,Nuggets,DEN,4,203115,Will Barton,1610612743.0,Denver,Nuggets,DEN,0,0,,,,,
0021500422,227,6,1,2,10:00 PM,4:16,,,Nance Jr. P.FOUL (P1.T2) (N.Buchert),,,5.0,1626204,Larry Nance Jr.,1610612747.0,Los Angeles,Lakers,LAL,4,203914,Gary Harris,1610612743.0,Denver,Nuggets,DEN,1,0,,,,,
0021500422,228,1,42,2,10:00 PM,4:06,Nelson 2' Driving Layup (2 PTS),,,43 - 55,12,4.0,2749,Jameer Nelson,1610612743.0,Denver,Nuggets,DEN,0,0,,,,,,0,0,,,,,
0021500422,229,2,1,2,10:00 PM,3:52,,,MISS Nance Jr. 19' Jump Shot,,,5.0,1626204,Larry Nance Jr.,1610612747.0,Los Angeles,Lakers,LAL,0,0,,,,,,0,0,,,,,
0021500422,230,4,0,2,10:00 PM,3:51,Faried REBOUND (Off:0 Def:3),,,,,4.0,202702,Kenneth Faried,1610612743.0,Denver,Nuggets,DEN,0,0,,,,,,0,0,,,,,
0021500422,231,2,1,2,10:01 PM,3:37,MISS Lauvergne 19' Jump Shot,,,,,4.0,203530,Joffrey Lauvergne,1610612743.0,Denver,Nuggets,DEN,0,0,,,,,,0,0,,,,,
0021500422,232,4,0,2,10:01 PM,3:37,NUGGETS Rebound,,,,,2.0,1610612743,,,,,,0,0,,,,,,0,0,,,,,
0021500422,233,6,3,2,10:01 PM,3:37,,,Nance Jr. L.B.FOUL (P2.T3) (S.Twardoski),,,5.0,1626204,Larry Nance Jr.,1610612747.0,Los Angeles,Lakers,LAL,4,202702,Kenneth Faried,1610612743.0,Denver,Nuggets,DEN,1,0,,,,,
0021500422,234,1,71,2,10:01 PM,3:25,Faried 1' Finger Roll Layup (4 PTS) (Nelson 5 AST),,,43 - 57,14,4.0,202702,Kenneth Faried,1610612743.0,Denver,Nuggets,DEN,4,2749,Jameer Nelson,1610612743.0,Denver,Nuggets,DEN,0,0,,,,,
0021500422,235,2,1,2,10:01 PM,3:06,Lauvergne BLOCK (1 BLK),,MISS Bass 6' Jump Shot,,,5.0,101138,Brandon Bass,1610612747.0,Los Angeles,Lakers,LAL,0,0,,,,,,4,203530,Joffrey Lauvergne,1610612743.0,Denver,Nuggets,DEN
0021500422,236,4,0,2,10:01 PM,3:06,Lauvergne REBOUND (Off:0 Def:2),,,,,4.0,203530,Joffrey Lauvergne,1610612743.0,Denver,Nuggets,DEN,0,0,,,,,,0,0,,,,,
0021500422,237,6,28,2,10:02 PM,3:06,,,Williams Personal Take Foul (P1.T4) (J.Goble),,,5.0,101150,Lou Williams,1610612747.0,Los Angeles,Lakers,LAL,4,203115,Will Barton,1610612743.0,Denver,Nuggets,DEN,1,0,,,,,
0021500422,238,1,7,2,10:02 PM,2:55,Faried  Dunk (6 PTS) (Lauvergne 1 AST),,,43 - 59,16,4.0,202702,Kenneth Faried,1610612743.0,Denver,Nuggets,DEN,4,203530,Joffrey Lauvergne,1610612743.0,Denver,Nuggets,DEN,0,0,,,,,
0021500422,239,2,1,2,10:02 PM,2:36,,,MISS Young 25' 3PT Jump Shot,,,5.0,201156,Nick Young,1610612747.0,Los Angeles,Lakers,LAL,0,0,,,,,,0,0,,,,,
0021500422,240,4,0,2,10:02 PM,2:35,Lauvergne REBOUND (Off:0 Def:3),,,,,4.0,203530,Joffrey Lauvergne,1610612743.0,Denver,Nuggets,DEN,0,0,,,,,,0,0,,,,,
0021500422,241,6,1,2,10:02 PM,2:31,,,Nance Jr. P.FOUL (P3.PN) (J.Goble),,,5.0,1626204,Larry Nance Jr.,1610612747.0,Los Angeles,Lakers,LAL,4,202702,Kenneth Faried,1610612743.0,Denver,Nuggets,DEN,1,0,,,,,
0021500422,242,9,1,2,10:03 PM,2:31,NUGGETS Timeout: Regular (Full 2 Short 1),,,,,2.0,1610612743,,,,,,0,0,,,,,,0,0,,,,,
0021500422,246,3,11,2,10:05 PM,2:31,Faried Free Throw 1 of 2 (7 PTS),,,43 - 60,17,4.0,202702,Kenneth Faried,1610612743.0,Denver,Nuggets,DEN,0,0,,,,,,0,0,,,,,
0021500422,248,3,12,2,10:05 PM,2:31,Faried Free Throw 2 of 2 (8 PTS),,,43 - 61,18,4.0,202702,Kenneth Faried,1610612743.0,Denver,Nuggets,DEN,0,0,,,,,,0,0,,,,,
0021500422,250,2,1,2,10:05 PM,2:21,,,MISS Williams 24' 3PT Jump Shot,,,5.0,101150,Lou Williams,1610612747.0,Los Angeles,Lakers,LAL,0,0,,,,,,0,0,,,,,
0021500422,251,4,0,2,10:05 PM,2:20,Faried REBOUND (Off:0 Def:4),,,,,4.0,202702,Kenneth Faried,1610612743.0,Denver,Nuggets,DEN,0,0,,,,,,0,0,,,,,
0021500422,252,2,5,2,10:06 PM,2:13,MISS Barton 3' Layup,,,,,4.0,203115,Will Barton,1610612743.0,Denver,Nuggets,DEN,0,0,,,,,,0,0,,,,,
0021500422,254,4,0,2,10:06 PM,2:12,Faried REBOUND (Off:1 Def:4),,,,,4.0,202702,Kenneth Faried,1610612743.0,Denver,Nuggets,DEN,0,0,,,,,,0,0,,,,,
0021500422,253,1,87,2,10:06 PM,2:11,Faried  Putback Dunk (10 PTS),,,43 - 63,20,4.0,202702,Kenneth Faried,1610612743.0,Denver,Nuggets,DEN,0,0,,,,,,0,0,,,,,
0021500422,255,2,5,2,10:06 PM,1:56,,,MISS Clarkson 3' Layup,,,5.0,203903,Jordan Clarkson,1610612747.0,Los Angeles,Lakers,LAL,0,0,,,,,,0,0,,,,,
0021500422,256,4,0,2,10:06 PM,1:56,Nelson REBOUND (Off:0 Def:3),,,,,4.0,2749,Jameer Nelson,1610612743.0,Denver,Nuggets,DEN,0,0,,,,,,0,0,,,,,
0021500422,257,6,1,2,10:06 PM,1:56,,,Clarkson P.FOUL (P2.PN) (N.Buchert),,,5.0,203903,Jordan Clarkson,1610612747.0,Los Angeles,Lakers,LAL,4,2749,Jameer Nelson,1610612743.0,Denver,Nuggets,DEN,1,0,,,,,
0021500422,258,3,11,2,10:06 PM,1:56,MISS Nelson Free Throw 1 of 2,,,,,4.0,2749,Jameer Nelson,1610612743.0,Denver,Nuggets,DEN,0,0,,,,,,0,0,,,,,
0021500422,259,4,1,2,10:06 PM,1:56,NUGGETS Rebound,,,,,2.0,1610612743,,,,,,0,0,,,,,,0,0,,,,,
0021500422,260,3,12,2,10:06 PM,1:56,Nelson Free Throw 2 of 2 (3 PTS),,,43 - 64,21,4.0,2749,Jameer Nelson,1610612743.0,Denver,Nuggets,DEN,0,0,,,,,,0,0,,,,,
0021500422,262,1,63,2,10:07 PM,1:42,,,Young 16' Fadeaway Jumper (4 PTS),45 - 64,19,5.0,201156,Nick Young,1610612747.0,Los Angeles,Lakers,LAL,0,0,,,,,,0,0,,,,,
0021500422,263,2,78,2,10:07 PM,1:26,MISS Nelson 11' Floating Jump Shot,,,,,4.0,2749,Jameer Nelson,1610612743.0,Denver,Nuggets,DEN,0,0,,,,,,0,0,,,,,
0021500422,264,4,0,2,10:07 PM,1:25,,,Nance Jr. REBOUND (Off:0 Def:1),,,5.0,1626204,Larry Nance Jr.,1610612747.0,Los Angeles,Lakers,LAL,0,0,,,,,,0,0,,,,,
0021500422,265,1,63,2,10:07 PM,1:20,,,Williams 12' Fadeaway Jumper (7 PTS),47 - 64,17,5.0,101150,Lou Williams,1610612747.0,Los Angeles,Lakers,LAL,0,0,,,,,,0,0,,,,,
0021500422,266,6,2,2,10:07 PM,1:20,Harris S.FOUL (P1.PN) (J.Goble),,,,,4.0,203914,Gary Harris,1610612743.0,Denver,Nuggets,DEN,5,101150,Lou Williams,1610612747.0,Los Angeles,Lakers,LAL,1,0,,,,,
0021500422,267,3,10,2,10:08 PM,1:20,,,MISS Williams Free Throw 1 of 1,,,5.0,101150,Lou Williams,1610612747.0,Los Angeles,Lakers,LAL,0,0,,,,,,0,0,,,,,
0021500422,269,4,0,2,10:08 PM,1:17,Barton REBOUND (Off:1 Def:3),,,,,4.0,203115,Will Barton,1610612743.0,Denver,Nuggets,DEN,0,0,,,,,,0,0,,,,,
0021500422,270,2,5,2,10:08 PM,1:04,MISS Lauvergne 3' Layup,,Bass BLOCK (1 BLK),,,4.0,203530,Joffrey Lauvergne,1610612743.0,Denver,Nuggets,DEN,0,0,,,,,,5,101138,Brandon Bass,1610612747.0,Los Angeles,Lakers,LAL
0021500422,271,4,0,2,10:08 PM,1:04,,,Lakers Rebound,,,3.0,1610612747,,,,,,0,0,,,,,,0,0,,,,,
0021500422,273,8,0,2,10:08 PM,1:04,SUB: Jokic FOR Lauvergne,,,,,4.0,203530,Joffrey Lauvergne,1610612743.0,Denver,Nuggets,DEN,4,203999,Nikola Jokic,1610612743.0,Denver,Nuggets,DEN,0,0,,,,,
0021500422,274,7,1,2,10:08 PM,1:04,NUGGETS Violation: Delay of game Violation,,,,,2.0,1610612743,,,,,,0,0,,,,,,1,0,,,,,
0021500422,275,2,1,2,10:08 PM,0:54,,,MISS Young 16' Jump Shot,,,5.0,201156,Nick Young,1610612747.0,Los Angeles,Lakers,LAL,0,0,,,,,,0,0,,,,,
0021500422,276,4,0,2,10:08 PM,0:53,Barton REBOUND (Off:1 Def:4),,,,,4.0,203115,Will Barton,1610612743.0,Denver,Nuggets,DEN,0,0,,,,,,0,0,,,,,
0021500422,277,2,42,2,10:09 PM,0:47,MISS Barton 2' Driving Layup,,,,,4.0,203115,Will Barton,1610612743.0,Denver,Nuggets,DEN,0,0,,,,,,0,0,,,,,
0021500422,278,4,0,2,10:09 PM,0:46,,,Williams REBOUND (Off:1 Def:2),,,5.0,101150,Lou Williams,1610612747.0,Los Angeles,Lakers,LAL,0,0,,,,,,0,0,,,,,
0021500422,279,2,1,2,10:09 PM,0:39,,,MISS Clarkson 26' 3PT Jump Shot,,,5.0,203903,Jordan Clarkson,1610612747.0,Los Angeles,Lakers,LAL,0,0,,,,,,0,0,,,,,
0021500422,280,4,0,2,10:09 PM,0:39,,,Nance Jr. REBOUND (Off:1 Def:1),,,5.0,1626204,Larry Nance Jr.,1610612747.0,Los Angeles,Lakers,LAL,0,0,,,,,,0,0,,,,,
0021500422,281,1,7,2,10:09 PM,0:38,,,Nance Jr.  Dunk (6 PTS),49 - 64,15,5.0,1626204,Larry Nance Jr.,1610612747.0,Los Angeles,Lakers,LAL,0,0,,,,,,0,0,,,,,
0021500422,282,2,1,2,10:09 PM,0:23,MISS Nelson 26' 3PT Jump Shot,,,,,4.0,2749,Jameer Nelson,1610612743.0,Denver,Nuggets,DEN,0,0,,,,,,0,0,,,,,
0021500422,283,4,0,2,10:09 PM,0:22,Jokic REBOUND (Off:4 Def:1),,,,,4.0,203999,Nikola Jokic,1610612743.0,Denver,Nuggets,DEN,0,0,,,,,,0,0,,,,,
0021500422,284,5,2,2,10:09 PM,0:18,Jokic Lost Ball Turnover (P2.T5),,Clarkson STEAL (1 STL),,,4.0,203999,Nikola Jokic,1610612743.0,Denver,Nuggets,DEN,5,203903,Jordan Clarkson,1610612747.0,Los Angeles,Lakers,LAL,0,0,,,,,
0021500422,285,6,2,2,10:09 PM,0:04,Nelson S.FOUL (P1.PN) (S.Twardoski),,,,,4.0,2749,Jameer Nelson,1610612743.0,Denver,Nuggets,DEN,5,101138,Brandon Bass,1610612747.0,Los Angeles,Lakers,LAL,1,0,,,,,
0021500422,286,3,11,2,10:10 PM,0:04,,,Bass Free Throw 1 of 2 (6 PTS),50 - 64,14,5.0,101138,Brandon Bass,1610612747.0,Los Angeles,Lakers,LAL,0,0,,,,,,0,0,,,,,
0021500422,288,3,12,2,10:10 PM,0:04,,,Bass Free Throw 2 of 2 (7 PTS),51 - 64,13,5.0,101138,Brandon Bass,1610612747.0,Los Angeles,Lakers,LAL,0,0,,,,,,0,0,,,,,
0021500422,290,2,1,2,10:10 PM,0:00,MISS Barton 33' 3PT Jump Shot,,,,,4.0,203115,Will Barton,1610612743.0,Denver,Nuggets,DEN,0,0,,,,,,0,0,,,,,
0021500422,291,4,0,2,10:10 PM,0:00,NUGGETS Rebound,,,,,2.0,1610612743,,,,,,0,0,,,,,,0,0,,,,,
0021500422,292,13,0,2,10:10 PM,0:00,,,,51 - 64,13,0.0,0,,,,,,0,0,,,,,,0,0,,,,,
0021500422,293,12,0,3,10:26 PM,12:00,,,,51 - 64,13,0.0,0,,,,,,0,0,,,,,,0,0,,,,,
0021500422,294,5,39,3,10:26 PM,11:48,Harris Step Out of Bounds Turnover (P1.T6),,,,,4.0,203914,Gary Harris,1610612743.0,Denver,Nuggets,DEN,0,0,,,,,,1,0,,,,,
0021500422,295,1,7,3,10:27 PM,11:36,,,Nance Jr.  Dunk (8 PTS) (Williams 4 AST),53 - 64,11,5.0,1626204,Larry Nance Jr.,1610612747.0,Los Angeles,Lakers,LAL,5,101150,Lou Williams,1610612747.0,Los Angeles,Lakers,LAL,0,0,,,,,
0021500422,296,1,1,3,10:27 PM,11:12,Papanikolaou 24' 3PT Jump Shot (9 PTS) (Harris 1 AST),,,53 - 67,14,4.0,203123,Kostas Papanikolaou,1610612743.0,Denver,Nuggets,DEN,4,203914,Gary Harris,1610612743.0,Denver,Nuggets,DEN,0,0,,,,,
0021500422,297,1,1,3,10:27 PM,10:54,,,Bryant 25' 3PT Jump Shot (16 PTS) (Clarkson 2 AST),56 - 67,11,5.0,977,Kobe Bryant,1610612747.0,Los Angeles,Lakers,LAL,5,203903,Jordan Clarkson,1610612747.0,Los Angeles,Lakers,LAL,0,0,,,,,
0021500422,298,6,4,3,10:28 PM,10:45,Lauvergne OFF.Foul (P3) (N.Buchert),,,,,4.0,203530,Joffrey Lauvergne,1610612743.0,Denver,Nuggets,DEN,5,101150,Lou Williams,1610612747.0,Los Angeles,Lakers,LAL,1,0,,,,,
0021500422,299,5,5,3,10:28 PM,10:45,Lauvergne Foul Turnover (P1.T7),,,,,4.0,203530,Joffrey Lauvergne,1610612743.0,Denver,Nuggets,DEN,0,0,,,,,,1,0,,,,,
0021500422,300,2,1,3,10:28 PM,10:32,,,MISS Nance Jr. 14' Jump Shot,,,5.0,1626204,Larry Nance Jr.,1610612747.0,Los Angeles,Lakers,LAL,0,0,,,,,,0,0,,,,,
0021500422,301,4,0,3,10:28 PM,10:31,Lauvergne REBOUND (Off:0 Def:4),,,,,4.0,203530,Joffrey Lauvergne,1610612743.0,Denver,Nuggets,DEN,0,0,,,,,,0,0,,,,,
0021500422,302,1,1,3,10:28 PM,10:20,Harris 25' 3PT Jump Shot (12 PTS) (Lauvergne 2 AST),,,56 - 70,14,4.0,203914,Gary Harris,1610612743.0,Denver,Nuggets,DEN,4,203530,Joffrey Lauvergne,1610612743.0,Denver,Nuggets,DEN,0,0,,,,,
0021500422,303,5,1,3,10:28 PM,10:06,Papanikolaou STEAL (1 STL),,Bryant Bad Pass Turnover (P1.T7),,,5.0,977,Kobe Bryant,1610612747.0,Los Angeles,Lakers,LAL,4,203123,Kostas Papanikolaou,1610612743.0,Denver,Nuggets,DEN,0,0,,,,,
0021500422,304,6,1,3,10:28 PM,10:05,,,Bryant P.FOUL (P1.T1) (J.Goble),,,5.0,977,Kobe Bryant,1610612747.0,Los Angeles,Lakers,LAL,4,203123,Kostas Papanikolaou,1610612743.0,Denver,Nuggets,DEN,1,0,,,,,
0021500422,305,2,1,3,10:29 PM,9:52,MISS Faried 12' Jump Shot,,,,,4.0,202702,Kenneth Faried,1610612743.0,Denver,Nuggets,DEN,0,0,,,,,,0,0,,,,,
0021500422,306,4,0,3,10:29 PM,9:51,NUGGETS Rebound,,,,,2.0,1610612743,,,,,,0,0,,,,,,0,0,,,,,
0021500422,308,6,1,3,10:29 PM,9:42,,,Clarkson P.FOUL (P3.T2) (N.Buchert),,,5.0,203903,Jordan Clarkson,1610612747.0,Los Angeles,Lakers,LAL,4,202702,Kenneth Faried,1610612743.0,Denver,Nuggets,DEN,1,0,,,,,
0021500422,309,2,5,3,10:30 PM,9:33,MISS Lauvergne 2' Layup,,,,,4.0,203530,Joffrey Lauvergne,1610612743.0,Denver,Nuggets,DEN,0,0,,,,,,0,0,,,,,
0021500422,310,4,0,3,10:30 PM,9:32,Faried REBOUND (Off:2 Def:4),,,,,4.0,202702,Kenneth Faried,1610612743.0,Denver,Nuggets,DEN,0,0,,,,,,0,0,,,,,
0021500422,311,2,5,3,10:30 PM,9:31,MISS Faried 2' Layup,,Nance Jr. BLOCK (1 BLK),,,4.0,202702,Kenneth Faried,1610612743.0,Denver,Nuggets,DEN,0,0,,,,,,5,1626204,Larry Nance Jr.,1610612747.0,Los Angeles,Lakers,LAL
0021500422,312,4,0,3,10:30 PM,9:30,NUGGETS Rebound,,,,,2.0,1610612743,,,,,,0,0,,,,,,0,0,,,,,
0021500422,314,2,1,3,10:30 PM,9:15,MISS Nelson 17' Jump Shot,,,,,4.0,2749,Jameer Nelson,1610612743.0,Denver,Nuggets,DEN,0,0,,,,,,0,0,,,,,
0021500422,315,4,0,3,10:30 PM,9:15,,,Lakers Rebound,,,3.0,1610612747,,,,,,0,0,,,,,,0,0,,,,,
0021500422,316,6,3,3,10:30 PM,9:15,Faried L.B.FOUL (P1.T1) (J.Goble),,,,,4.0,202702,Kenneth Faried,1610612743.0,Denver,Nuggets,DEN,5,201579,Roy Hibbert,1610612747.0,Los Angeles,Lakers,LAL,1,0,,,,,
0021500422,317,1,1,3,10:31 PM,8:57,,,Williams 25' 3PT Jump Shot (10 PTS) (Hibbert 1 AST),59 - 70,11,5.0,101150,Lou Williams,1610612747.0,Los Angeles,Lakers,LAL,5,201579,Roy Hibbert,1610612747.0,Los Angeles,Lakers,LAL,0,0,,,,,
0021500422,318,2,1,3,10:31 PM,8:38,MISS Faried 3' Jump Shot,,,,,4.0,202702,Kenneth Faried,1610612743.0,Denver,Nuggets,DEN,0,0,,,,,,0,0,,,,,
0021500422,319,4,0,3,10:31 PM,8:37,Faried REBOUND (Off:3 Def:4),,,,,4.0,202702,Kenneth Faried,1610612743.0,Denver,Nuggets,DEN,0,0,,,,,,0,0,,,,,
0021500422,320,2,1,3,10:31 PM,8:35,MISS Nelson 26' 3PT Jump Shot,,,,,4.0,2749,Jameer Nelson,1610612743.0,Denver,Nuggets,DEN,0,0,,,,,,0,0,,,,,
0021500422,321,4,0,3,10:31 PM,8:33,,,Bryant REBOUND (Off:1 Def:2),,,5.0,977,Kobe Bryant,1610612747.0,Los Angeles,Lakers,LAL,0,0,,,,,,0,0,,,,,
0021500422,322,1,1,3,10:32 PM,8:18,,,Clarkson 12' Jump Shot (9 PTS),61 - 70,9,5.0,203903,Jordan Clarkson,1610612747.0,Los Angeles,Lakers,LAL,0,0,,,,,,0,0,,,,,
0021500422,323,9,1,3,10:32 PM,8:18,NUGGETS Timeout: Regular (Full 3 Short 1),,,,,2.0,1610612743,,,,,,0,0,,,,,,0,0,,,,,
0021500422,326,8,0,3,10:34 PM,8:18,SUB: Foye FOR Nelson,,,,,4.0,2749,Jameer Nelson,1610612743.0,Denver,Nuggets,DEN,4,200751,Randy Foye,1610612743.0,Denver,Nuggets,DEN,0,0,,,,,
0021500422,327,2,1,3,10:34 PM,8:01,MISS Harris 18' Jump Shot,,,,,4.0,203914,Gary Harris,1610612743.0,Denver,Nuggets,DEN,0,0,,,,,,0,0,,,,,
0021500422,328,4,0,3,10:34 PM,8:00,,,Hibbert REBOUND (Off:1 Def:4),,,5.0,201579,Roy Hibbert,1610612747.0,Los Angeles,Lakers,LAL,0,0,,,,,,0,0,,,,,
0021500422,329,1,43,3,10:34 PM,7:45,,,Nance Jr.  Alley Oop Layup (10 PTS) (Bryant 1 AST),63 - 70,7,5.0,1626204,Larry Nance Jr.,1610612747.0,Los Angeles,Lakers,LAL,5,977,Kobe Bryant,1610612747.0,Los Angeles,Lakers,LAL,0,0,,,,,
0021500422,330,2,78,3,10:35 PM,7:34,MISS Papanikolaou 13' Floating Jump Shot,,,,,4.0,203123,Kostas Papanikolaou,1610612743.0,Denver,Nuggets,DEN,0,0,,,,,,0,0,,,,,
0021500422,331,4,0,3,10:35 PM,7:33,,,Hibbert REBOUND (Off:1 Def:5),,,5.0,201579,Roy Hibbert,1610612747.0,Los Angeles,Lakers,LAL,0,0,,,,,,0,0,,,,,
0021500422,332,1,5,3,10:35 PM,7:27,,,Hibbert 2' Layup (4 PTS) (Bryant 2 AST),65 - 70,5,5.0,201579,Roy Hibbert,1610612747.0,Los Angeles,Lakers,LAL,5,977,Kobe Bryant,1610612747.0,Los Angeles,Lakers,LAL,0,0,,,,,
0021500422,333,6,2,3,10:35 PM,7:27,Lauvergne S.FOUL (P4.T2) (N.Buchert),,,,,4.0,203530,Joffrey Lauvergne,1610612743.0,Denver,Nuggets,DEN,5,201579,Roy Hibbert,1610612747.0,Los Angeles,Lakers,LAL,1,0,,,,,
0021500422,334,8,0,3,10:35 PM,7:27,SUB: Jokic FOR Lauvergne,,,,,4.0,203530,Joffrey Lauvergne,1610612743.0,Denver,Nuggets,DEN,4,203999,Nikola Jokic,1610612743.0,Denver,Nuggets,DEN,0,0,,,,,
0021500422,335,8,0,3,10:35 PM,7:27,SUB: Barton FOR Papanikolaou,,,,,4.0,203123,Kostas Papanikolaou,1610612743.0,Denver,Nuggets,DEN,4,203115,Will Barton,1610612743.0,Denver,Nuggets,DEN,0,0,,,,,
0021500422,336,3,10,3,10:35 PM,7:27,,,Hibbert Free Throw 1 of 1 (5 PTS),66 - 70,4,5.0,201579,Roy Hibbert,1610612747.0,Los Angeles,Lakers,LAL,0,0,,,,,,0,0,,,,,
0021500422,338,2,1,3,10:36 PM,7:08,MISS Foye 18' Jump Shot,,,,,4.0,200751,Randy Foye,1610612743.0,Denver,Nuggets,DEN,0,0,,,,,,0,0,,,,,
0021500422,339,4,0,3,10:36 PM,7:07,,,Clarkson REBOUND (Off:1 Def:2),,,5.0,203903,Jordan Clarkson,1610612747.0,Los Angeles,Lakers,LAL,0,0,,,,,,0,0,,,,,
0021500422,340,1,42,3,10:36 PM,7:05,,,Clarkson 2' Driving Layup (11 PTS),68 - 70,2,5.0,203903,Jordan Clarkson,1610612747.0,Los Angeles,Lakers,LAL,0,0,,,,,,0,0,,,,,
0021500422,341,9,2,3,10:36 PM,7:05,NUGGETS Timeout: Short (Full 3 Short 2),,,,,2.0,1610612743,,,,,,0,0,,,,,,0,0,,,,,
0021500422,345,6,1,3,10:37 PM,6:50,,,Nance Jr. P.FOUL (P4.T3) (J.Goble),,,5.0,1626204,Larry Nance Jr.,1610612747.0,Los Angeles,Lakers,LAL,4,203999,Nikola Jokic,1610612743.0,Denver,Nuggets,DEN,1,0,,,,,
0021500422,346,1,5,3,10:38 PM,6:37,Jokic 1' Layup (10 PTS) (Foye 3 AST),,,68 - 72,4,4.0,203999,Nikola Jokic,1610612743.0,Denver,Nuggets,DEN,4,200751,Randy Foye,1610612743.0,Denver,Nuggets,DEN,0,0,,,,,
0021500422,347,6,4,3,10:38 PM,6:16,,,Hibbert OFF.Foul (P4) (S.Twardoski),,,5.0,201579,Roy Hibbert,1610612747.0,Los Angeles,Lakers,LAL,4,203115,Will Barton,1610612743.0,Denver,Nuggets,DEN,1,0,,,,,
0021500422,348,5,5,3,10:38 PM,6:16,,,Hibbert Foul Turnover (P2.T8),,,5.0,201579,Roy Hibbert,1610612747.0,Los Angeles,Lakers,LAL,0,0,,,,,,1,0,,,,,
0021500422,349,5,1,3,10:39 PM,6:05,Harris Bad Pass Turnover (P2.T8),,Williams STEAL (1 STL),,,4.0,203914,Gary Harris,1610612743.0,Denver,Nuggets,DEN,5,101150,Lou Williams,1610612747.0,Los Angeles,Lakers,LAL,0,0,,,,,
0021500422,350,2,1,3,10:39 PM,5:54,,,MISS Williams 4' Jump Shot,,,5.0,101150,Lou Williams,1610612747.0,Los Angeles,Lakers,LAL,0,0,,,,,,0,0,,,,,
0021500422,351,4,0,3,10:39 PM,5:53,Faried REBOUND (Off:3 Def:5),,,,,4.0,202702,Kenneth Faried,1610612743.0,Denver,Nuggets,DEN,0,0,,,,,,0,0,,,,,
0021500422,352,6,1,3,10:40 PM,5:39,,,Hibbert P.FOUL (P5.T4) (J.Goble),,,5.0,201579,Roy Hibbert,1610612747.0,Los Angeles,Lakers,LAL,4,202702,Kenneth Faried,1610612743.0,Denver,Nuggets,DEN,1,0,,,,,
0021500422,353,8,0,3,10:40 PM,5:39,,,SUB: Bass FOR Hibbert,,,5.0,201579,Roy Hibbert,1610612747.0,Los Angeles,Lakers,LAL,5,101138,Brandon Bass,1610612747.0,Los Angeles,Lakers,LAL,0,0,,,,,
0021500422,354,1,5,3,10:40 PM,5:29,Foye 2' Layup (7 PTS),,,68 - 74,6,4.0,200751,Randy Foye,1610612743.0,Denver,Nuggets,DEN,0,0,,,,,,0,0,,,,,
0021500422,355,1,1,3,10:41 PM,5:06,,,Bryant 5' Jump Shot (18 PTS),70 - 74,4,5.0,977,Kobe Bryant,1610612747.0,Los Angeles,Lakers,LAL,0,0,,,,,,0,0,,,,,
0021500422,356,1,44,3,10:41 PM,4:53,Harris 3' Reverse Layup (14 PTS) (Faried 3 AST),,,70 - 76,6,4.0,203914,Gary Harris,1610612743.0,Denver,Nuggets,DEN,4,202702,Kenneth Faried,1610612743.0,Denver,Nuggets,DEN,0,0,,,,,
0021500422,357,6,17,3,10:41 PM,4:36,NUGGETS T.Foul (Def. 3 Sec Jokic ) (S.Twardoski),,,,,4.0,203999,Nikola Jokic,1610612743.0,Denver,Nuggets,DEN,0,0,,,,,,1,0,,,,,
0021500422,358,3,16,3,10:41 PM,4:36,,,MISS Bryant Free Throw Technical,,,5.0,977,Kobe Bryant,1610612747.0,Los Angeles,Lakers,LAL,0,0,,,,,,0,0,,,,,
0021500422,359,4,1,3,10:41 PM,4:36,,,Lakers Rebound,,,3.0,1610612747,,,,,,0,0,,,,,,0,0,,,,,
0021500422,360,8,0,3,10:42 PM,4:36,,,SUB: Randle FOR Nance Jr.,,,5.0,1626204,Larry Nance Jr.,1610612747.0,Los Angeles,Lakers,LAL,5,203944,Julius Randle,1610612747.0,Los Angeles,Lakers,LAL,0,0,,,,,
0021500422,361,2,1,3,10:42 PM,4:26,,,MISS Bryant 16' Jump Shot,,,5.0,977,Kobe Bryant,1610612747.0,Los Angeles,Lakers,LAL,0,0,,,,,,0,0,,,,,
0021500422,362,4,0,3,10:42 PM,4:24,Jokic REBOUND (Off:4 Def:2),,,,,4.0,203999,Nikola Jokic,1610612743.0,Denver,Nuggets,DEN,0,0,,,,,,0,0,,,,,
0021500422,363,2,1,3,10:42 PM,4:18,MISS Barton 3' Jump Shot,,Bryant BLOCK (1 BLK),,,4.0,203115,Will Barton,1610612743.0,Denver,Nuggets,DEN,0,0,,,,,,5,977,Kobe Bryant,1610612747.0,Los Angeles,Lakers,LAL
0021500422,364,4,0,3,10:42 PM,4:16,,,Bass REBOUND (Off:1 Def:2),,,5.0,101138,Brandon Bass,1610612747.0,Los Angeles,Lakers,LAL,0,0,,,,,,0,0,,,,,
0021500422,365,1,5,3,10:42 PM,4:08,,,Clarkson 2' Layup (13 PTS),72 - 76,4,5.0,203903,Jordan Clarkson,1610612747.0,Los Angeles,Lakers,LAL,0,0,,,,,,0,0,,,,,
0021500422,366,2,5,3,10:42 PM,3:51,MISS Foye 2' Layup,,Bass BLOCK (2 BLK),,,4.0,200751,Randy Foye,1610612743.0,Denver,Nuggets,DEN,0,0,,,,,,5,101138,Brandon Bass,1610612747.0,Los Angeles,Lakers,LAL
0021500422,367,4,0,3,10:43 PM,3:49,,,Bass REBOUND (Off:1 Def:3),,,5.0,101138,Brandon Bass,1610612747.0,Los Angeles,Lakers,LAL,0,0,,,,,,0,0,,,,,
0021500422,368,1,1,3,10:43 PM,3:43,,,Williams 25' 3PT Jump Shot (13 PTS) (Bryant 3 AST),75 - 76,1,5.0,101150,Lou Williams,1610612747.0,Los Angeles,Lakers,LAL,5,977,Kobe Bryant,1610612747.0,Los Angeles,Lakers,LAL,0,0,,,,,
0021500422,369,2,1,3,10:43 PM,3:32,MISS Barton 24' 3PT Jump Shot,,,,,4.0,203115,Will Barton,1610612743.0,Denver,Nuggets,DEN,0,0,,,,,,0,0,,,,,
0021500422,370,4,0,3,10:43 PM,3:31,,,Clarkson REBOUND (Off:1 Def:3),,,5.0,203903,Jordan Clarkson,1610612747.0,Los Angeles,Lakers,LAL,0,0,,,,,,0,0,,,,,
0021500422,371,5,45,3,10:43 PM,3:26,,,Clarkson Out of Bounds - Bad Pass Turnover Turnover (P2.T9),,,5.0,203903,Jordan Clarkson,1610612747.0,Los Angeles,Lakers,LAL,0,0,,,,,,1,0,,,,,
0021500422,372,8,0,3,10:43 PM,3:26,,,SUB: Russell FOR Williams,,,5.0,101150,Lou Williams,1610612747.0,Los Angeles,Lakers,LAL,5,1626156,D'Angelo Russell,1610612747.0,Los Angeles,Lakers,LAL,0,0,,,,,
0021500422,373,8,0,3,10:43 PM,3:26,SUB: Arthur FOR Faried,,,,,4.0,202702,Kenneth Faried,1610612743.0,Denver,Nuggets,DEN,4,201589,Darrell Arthur,1610612743.0,Denver,Nuggets,DEN,0,0,,,,,
0021500422,374,1,1,3,10:43 PM,3:09,Arthur 20' Jump Shot (2 PTS) (Jokic 4 AST),,,75 - 78,3,4.0,201589,Darrell Arthur,1610612743.0,Denver,Nuggets,DEN,4,203999,Nikola Jokic,1610612743.0,Denver,Nuggets,DEN,0,0,,,,,
0021500422,375,6,1,3,10:44 PM,2:55,Barton P.FOUL (P3.T3) (N.Buchert),,,,,4.0,203115,Will Barton,1610612743.0,Denver,Nuggets,DEN,5,977,Kobe Bryant,1610612747.0,Los Angeles,Lakers,LAL,1,0,,,,,
0021500422,376,9,1,3,10:44 PM,2:55,,,Lakers Timeout: Regular (Reg.3 Short 0),,,3.0,1610612747,,,,,,0,0,,,,,,0,0,,,,,
0021500422,380,1,47,3,10:47 PM,2:43,,,Bryant 15' Turnaround Jump Shot (20 PTS),77 - 78,1,5.0,977,Kobe Bryant,1610612747.0,Los Angeles,Lakers,LAL,0,0,,,,,,0,0,,,,,
0021500422,381,5,1,3,10:47 PM,2:32,Foye Bad Pass Turnover (P1.T9),,Clarkson STEAL (2 STL),,,4.0,200751,Randy Foye,1610612743.0,Denver,Nuggets,DEN,5,203903,Jordan Clarkson,1610612747.0,Los Angeles,Lakers,LAL,0,0,,,,,
0021500422,382,1,42,3,10:47 PM,2:27,,,Clarkson  Driving Layup (15 PTS),79 - 78,-1,5.0,203903,Jordan Clarkson,1610612747.0,Los Angeles,Lakers,LAL,0,0,,,,,,0,0,,,,,
0021500422,383,2,1,3,10:47 PM,2:06,MISS Barton 15' Jump Shot,,,,,4.0,203115,Will Barton,1610612743.0,Denver,Nuggets,DEN,0,0,,,,,,0,0,,,,,
0021500422,384,4,0,3,10:47 PM,2:06,,,Randle REBOUND (Off:1 Def:3),,,5.0,203944,Julius Randle,1610612747.0,Los Angeles,Lakers,LAL,0,0,,,,,,0,0,,,,,
0021500422,385,2,1,3,10:48 PM,1:46,,,MISS Clarkson 16' Jump Shot,,,5.0,203903,Jordan Clarkson,1610612747.0,Los Angeles,Lakers,LAL,0,0,,,,,,0,0,,,,,
0021500422,386,4,0,3,10:48 PM,1:45,Arthur REBOUND (Off:0 Def:2),,,,,4.0,201589,Darrell Arthur,1610612743.0,Denver,Nuggets,DEN,0,0,,,,,,0,0,,,,,
0021500422,387,5,40,3,10:48 PM,1:34,Harris Out of Bounds Lost Ball Turnover (P3.T10),,,,,4.0,203914,Gary Harris,1610612743.0,Denver,Nuggets,DEN,0,0,,,,,,1,0,,,,,
0021500422,388,1,7,3,10:48 PM,1:20,,,Bass  Dunk (9 PTS) (Randle 1 AST),81 - 78,-3,5.0,101138,Brandon Bass,1610612747.0,Los Angeles,Lakers,LAL,5,203944,Julius Randle,1610612747.0,Los Angeles,Lakers,LAL,0,0,,,,,
0021500422,389,1,78,3,10:48 PM,1:01,Barton 5' Floating Jump Shot (25 PTS) (Arthur 1 AST),,,81 - 80,-1,4.0,203115,Will Barton,1610612743.0,Denver,Nuggets,DEN,4,201589,Darrell Arthur,1610612743.0,Denver,Nuggets,DEN,0,0,,,,,
0021500422,390,1,7,3,10:49 PM,0:43,,,Randle  Dunk (4 PTS) (Bryant 4 AST),83 - 80,-3,5.0,203944,Julius Randle,1610612747.0,Los Angeles,Lakers,LAL,5,977,Kobe Bryant,1610612747.0,Los Angeles,Lakers,LAL,0,0,,,,,
0021500422,391,2,1,3,10:49 PM,0:30,MISS Foye 22' Jump Shot,,,,,4.0,200751,Randy Foye,1610612743.0,Denver,Nuggets,DEN,0,0,,,,,,0,0,,,,,
0021500422,392,4,0,3,10:49 PM,0:29,,,Randle REBOUND (Off:1 Def:4),,,5.0,203944,Julius Randle,1610612747.0,Los Angeles,Lakers,LAL,0,0,,,,,,0,0,,,,,
0021500422,393,2,1,3,10:49 PM,0:09,,,MISS Clarkson 24' 3PT Jump Shot,,,5.0,203903,Jordan Clarkson,1610612747.0,Los Angeles,Lakers,LAL,0,0,,,,,,0,0,,,,,
0021500422,394,4,0,3,10:49 PM,0:08,Foye REBOUND (Off:0 Def:3),,,,,4.0,200751,Randy Foye,1610612743.0,Denver,Nuggets,DEN,0,0,,,,,,0,0,,,,,
0021500422,395,2,1,3,10:50 PM,0:01,MISS Harris  3PT Jump Shot,,,,,4.0,203914,Gary Harris,1610612743.0,Denver,Nuggets,DEN,0,0,,,,,,0,0,,,,,
0021500422,396,4,0,3,10:50 PM,0:00,Foye REBOUND (Off:1 Def:3),,,,,4.0,200751,Randy Foye,1610612743.0,Denver,Nuggets,DEN,0,0,,,,,,0,0,,,,,
0021500422,397,2,1,3,10:50 PM,0:00,MISS Foye 13' Jump Shot,,Bass BLOCK (3 BLK),,,4.0,200751,Randy Foye,1610612743.0,Denver,Nuggets,DEN,0,0,,,,,,5,101138,Brandon Bass,1610612747.0,Los Angeles,Lakers,LAL
0021500422,398,4,0,3,10:50 PM,0:00,NUGGETS Rebound,,,,,2.0,1610612743,,,,,,0,0,,,,,,0,0,,,,,
0021500422,399,13,0,3,10:50 PM,0:00,,,,83 - 80,-3,0.0,0,,,,,,0,0,,,,,,0,0,,,,,
0021500422,401,12,0,4,10:52 PM,12:00,,,,83 - 80,-3,0.0,0,,,,,,0,0,,,,,,0,0,,,,,
0021500422,402,2,1,4,10:53 PM,11:36,Foye BLOCK (1 BLK),,MISS Clarkson 17' Jump Shot,,,5.0,203903,Jordan Clarkson,1610612747.0,Los Angeles,Lakers,LAL,0,0,,,,,,4,200751,Randy Foye,1610612743.0,Denver,Nuggets,DEN
0021500422,403,4,0,4,10:53 PM,11:34,Foye REBOUND (Off:1 Def:4),,,,,4.0,200751,Randy Foye,1610612743.0,Denver,Nuggets,DEN,0,0,,,,,,0,0,,,,,
0021500422,404,5,2,4,10:53 PM,11:25,Barton Lost Ball Turnover (P1.T11),,Clarkson STEAL (3 STL),,,4.0,203115,Will Barton,1610612743.0,Denver,Nuggets,DEN,5,203903,Jordan Clarkson,1610612747.0,Los Angeles,Lakers,LAL,0,0,,,,,
0021500422,405,2,5,4,10:53 PM,11:19,Barton BLOCK (1 BLK),,MISS Clarkson 1' Layup,,,5.0,203903,Jordan Clarkson,1610612747.0,Los Angeles,Lakers,LAL,0,0,,,,,,4,203115,Will Barton,1610612743.0,Denver,Nuggets,DEN
0021500422,406,4,0,4,10:53 PM,11:18,,,Randle REBOUND (Off:2 Def:4),,,5.0,203944,Julius Randle,1610612747.0,Los Angeles,Lakers,LAL,0,0,,,,,,0,0,,,,,
0021500422,407,2,5,4,10:53 PM,11:14,,,MISS Randle 2' Layup,,,5.0,203944,Julius Randle,1610612747.0,Los Angeles,Lakers,LAL,0,0,,,,,,0,0,,,,,
0021500422,409,4,0,4,10:53 PM,11:13,,,Randle REBOUND (Off:3 Def:4),,,5.0,203944,Julius Randle,1610612747.0,Los Angeles,Lakers,LAL,0,0,,,,,,0,0,,,,,
0021500422,408,1,5,4,10:53 PM,11:12,,,Randle 3' Layup (6 PTS),85 - 80,-5,5.0,203944,Julius Randle,1610612747.0,Los Angeles,Lakers,LAL,0,0,,,,,,0,0,,,,,
0021500422,410,2,3,4,10:54 PM,10:47,MISS Jokic 5' Hook Shot,,,,,4.0,203999,Nikola Jokic,1610612743.0,Denver,Nuggets,DEN,0,0,,,,,,0,0,,,,,
0021500422,412,4,0,4,10:54 PM,10:46,Jokic REBOUND (Off:5 Def:2),,,,,4.0,203999,Nikola Jokic,1610612743.0,Denver,Nuggets,DEN,0,0,,,,,,0,0,,,,,
0021500422,411,1,5,4,10:54 PM,10:46,Jokic 2' Layup (12 PTS),,,85 - 82,-3,4.0,203999,Nikola Jokic,1610612743.0,Denver,Nuggets,DEN,0,0,,,,,,0,0,,,,,
0021500422,413,2,1,4,10:54 PM,10:25,,,MISS Young 25' 3PT Jump Shot,,,5.0,201156,Nick Young,1610612747.0,Los Angeles,Lakers,LAL,0,0,,,,,,0,0,,,,,
0021500422,414,4,0,4,10:54 PM,10:24,Jokic REBOUND (Off:5 Def:3),,,,,4.0,203999,Nikola Jokic,1610612743.0,Denver,Nuggets,DEN,0,0,,,,,,0,0,,,,,
0021500422,415,2,1,4,10:54 PM,10:16,MISS Arthur 20' Jump Shot,,,,,4.0,201589,Darrell Arthur,1610612743.0,Denver,Nuggets,DEN,0,0,,,,,,0,0,,,,,
0021500422,416,4,0,4,10:54 PM,10:16,,,Bass REBOUND (Off:1 Def:4),,,5.0,101138,Brandon Bass,1610612747.0,Los Angeles,Lakers,LAL,0,0,,,,,,0,0,,,,,
0021500422,417,5,1,4,10:54 PM,10:03,Harris STEAL (1 STL),,Russell Bad Pass Turnover (P2.T10),,,5.0,1626156,D'Angelo Russell,1610612747.0,Los Angeles,Lakers,LAL,4,203914,Gary Harris,1610612743.0,Denver,Nuggets,DEN,0,0,,,,,
0021500422,418,1,42,4,10:54 PM,9:58,Harris 1' Driving Layup (16 PTS),,,85 - 84,-1,4.0,203914,Gary Harris,1610612743.0,Denver,Nuggets,DEN,0,0,,,,,,0,0,,,,,
0021500422,419,5,40,4,10:55 PM,9:37,,,Bass Out of Bounds Lost Ball Turnover (P1.T11),,,5.0,101138,Brandon Bass,1610612747.0,Los Angeles,Lakers,LAL,0,0,,,,,,1,0,,,,,
0021500422,420,8,0,4,10:55 PM,9:37,,,SUB: Nance Jr. FOR Randle,,,5.0,203944,Julius Randle,1610612747.0,Los Angeles,Lakers,LAL,5,1626204,Larry Nance Jr.,1610612747.0,Los Angeles,Lakers,LAL,0,0,,,,,
0021500422,421,8,0,4,10:55 PM,9:37,SUB: Nelson FOR Harris,,,,,4.0,203914,Gary Harris,1610612743.0,Denver,Nuggets,DEN,4,2749,Jameer Nelson,1610612743.0,Denver,Nuggets,DEN,0,0,,,,,
0021500422,423,1,42,4,10:55 PM,9:31,Foye 3' Driving Layup (9 PTS),,,85 - 86,1,4.0,200751,Randy Foye,1610612743.0,Denver,Nuggets,DEN,0,0,,,,,,0,0,,,,,
0021500422,422,9,1,4,10:55 PM,9:31,,,Lakers Timeout: Regular (Reg.4 Short 0),,,3.0,1610612747,,,,,,0,0,,,,,,0,0,,,,,
0021500422,425,8,0,4,10:57 PM,9:31,,,SUB: Williams FOR Clarkson,,,5.0,203903,Jordan Clarkson,1610612747.0,Los Angeles,Lakers,LAL,5,101150,Lou Williams,1610612747.0,Los Angeles,Lakers,LAL,0,0,,,,,
0021500422,427,2,1,4,10:58 PM,9:11,,,MISS Young 26' 3PT Jump Shot,,,5.0,201156,Nick Young,1610612747.0,Los Angeles,Lakers,LAL,0,0,,,,,,0,0,,,,,
0021500422,428,4,0,4,10:58 PM,9:11,,,Lakers Rebound,,,3.0,1610612747,,,,,,0,0,,,,,,0,0,,,,,
0021500422,429,6,3,4,10:58 PM,9:11,Foye L.B.FOUL (P2.T1) (S.Twardoski),,,,,4.0,200751,Randy Foye,1610612743.0,Denver,Nuggets,DEN,5,1626156,D'Angelo Russell,1610612747.0,Los Angeles,Lakers,LAL,1,0,,,,,
0021500422,430,1,1,4,10:59 PM,8:58,,,Williams 19' Jump Shot (15 PTS) (Bass 1 AST),87 - 86,-1,5.0,101150,Lou Williams,1610612747.0,Los Angeles,Lakers,LAL,5,101138,Brandon Bass,1610612747.0,Los Angeles,Lakers,LAL,0,0,,,,,
0021500422,431,1,1,4,10:59 PM,8:43,Arthur 20' Jump Shot (4 PTS) (Foye 4 AST),,,87 - 88,1,4.0,201589,Darrell Arthur,1610612743.0,Denver,Nuggets,DEN,4,200751,Randy Foye,1610612743.0,Denver,Nuggets,DEN,0,0,,,,,
0021500422,432,1,1,4,10:59 PM,8:25,,,Russell 26' 3PT Jump Shot (6 PTS) (Williams 5 AST),90 - 88,-2,5.0,1626156,D'Angelo Russell,1610612747.0,Los Angeles,Lakers,LAL,5,101150,Lou Williams,1610612747.0,Los Angeles,Lakers,LAL,0,0,,,,,
0021500422,433,6,2,4,10:59 PM,8:11,,,Bass S.FOUL (P1.T1) (J.Goble),,,5.0,101138,Brandon Bass,1610612747.0,Los Angeles,Lakers,LAL,4,203999,Nikola Jokic,1610612743.0,Denver,Nuggets,DEN,1,0,,,,,
0021500422,434,3,11,4,11:00 PM,8:11,Jokic Free Throw 1 of 2 (13 PTS),,,90 - 89,-1,4.0,203999,Nikola Jokic,1610612743.0,Denver,Nuggets,DEN,0,0,,,,,,0,0,,,,,
0021500422,436,8,0,4,11:00 PM,8:11,,,SUB: Randle FOR Nance Jr.,,,5.0,1626204,Larry Nance Jr.,1610612747.0,Los Angeles,Lakers,LAL,5,203944,Julius Randle,1610612747.0,Los Angeles,Lakers,LAL,0,0,,,,,
0021500422,437,8,0,4,11:00 PM,8:11,,,SUB: Bryant FOR Young,,,5.0,201156,Nick Young,1610612747.0,Los Angeles,Lakers,LAL,5,977,Kobe Bryant,1610612747.0,Los Angeles,Lakers,LAL,0,0,,,,,
0021500422,438,3,12,4,11:00 PM,8:11,MISS Jokic Free Throw 2 of 2,,,,,4.0,203999,Nikola Jokic,1610612743.0,Denver,Nuggets,DEN,0,0,,,,,,0,0,,,,,
0021500422,440,4,0,4,11:00 PM,8:11,,,Randle REBOUND (Off:3 Def:5),,,5.0,203944,Julius Randle,1610612747.0,Los Angeles,Lakers,LAL,0,0,,,,,,0,0,,,,,
0021500422,441,1,5,4,11:00 PM,7:52,,,Randle 2' Layup (8 PTS),92 - 89,-3,5.0,203944,Julius Randle,1610612747.0,Los Angeles,Lakers,LAL,0,0,,,,,,0,0,,,,,
0021500422,442,6,2,4,11:00 PM,7:52,Arthur S.FOUL (P3.T2) (J.Goble),,,,,4.0,201589,Darrell Arthur,1610612743.0,Denver,Nuggets,DEN,5,203944,Julius Randle,1610612747.0,Los Angeles,Lakers,LAL,1,0,,,,,
0021500422,443,3,10,4,11:01 PM,7:52,,,MISS Randle Free Throw 1 of 1,,,5.0,203944,Julius Randle,1610612747.0,Los Angeles,Lakers,LAL,0,0,,,,,,0,0,,,,,
0021500422,445,4,0,4,11:01 PM,7:48,Barton REBOUND (Off:1 Def:5),,,,,4.0,203115,Will Barton,1610612743.0,Denver,Nuggets,DEN,0,0,,,,,,0,0,,,,,
0021500422,446,2,5,4,11:01 PM,7:32,MISS Foye 1' Layup,,,,,4.0,200751,Randy Foye,1610612743.0,Denver,Nuggets,DEN,0,0,,,,,,0,0,,,,,
0021500422,447,4,0,4,11:01 PM,7:31,Foye REBOUND (Off:2 Def:4),,,,,4.0,200751,Randy Foye,1610612743.0,Denver,Nuggets,DEN,0,0,,,,,,0,0,,,,,
0021500422,448,2,1,4,11:01 PM,7:25,MISS Foye 25' 3PT Jump Shot,,,,,4.0,200751,Randy Foye,1610612743.0,Denver,Nuggets,DEN,0,0,,,,,,0,0,,,,,
0021500422,450,4,0,4,11:01 PM,7:23,Jokic REBOUND (Off:6 Def:3),,,,,4.0,203999,Nikola Jokic,1610612743.0,Denver,Nuggets,DEN,0,0,,,,,,0,0,,,,,
0021500422,449,1,97,4,11:01 PM,7:23,Jokic 1' Tip Layup Shot (15 PTS),,,92 - 91,-1,4.0,203999,Nikola Jokic,1610612743.0,Denver,Nuggets,DEN,0,0,,,,,,0,0,,,,,
0021500422,451,2,1,4,11:02 PM,6:53,,,MISS Bryant  3PT Jump Shot,,,5.0,977,Kobe Bryant,1610612747.0,Los Angeles,Lakers,LAL,0,0,,,,,,0,0,,,,,
0021500422,452,4,0,4,11:02 PM,6:53,Barton REBOUND (Off:1 Def:6),,,,,4.0,203115,Will Barton,1610612743.0,Denver,Nuggets,DEN,0,0,,,,,,0,0,,,,,
0021500422,453,2,1,4,11:02 PM,6:36,MISS Arthur 3' Jump Shot,,,,,4.0,201589,Darrell Arthur,1610612743.0,Denver,Nuggets,DEN,0,0,,,,,,0,0,,,,,
0021500422,454,4,0,4,11:02 PM,6:36,,,Bass REBOUND (Off:1 Def:5),,,5.0,101138,Brandon Bass,1610612747.0,Los Angeles,Lakers,LAL,0,0,,,,,,0,0,,,,,
0021500422,455,1,1,4,11:02 PM,6:13,,,Bryant 18' Jump Shot (22 PTS),94 - 91,-3,5.0,977,Kobe Bryant,1610612747.0,Los Angeles,Lakers,LAL,0,0,,,,,,0,0,,,,,
0021500422,456,1,1,4,11:03 PM,5:58,Arthur 18' Jump Shot (6 PTS) (Nelson 6 AST),,,94 - 93,-1,4.0,201589,Darrell Arthur,1610612743.0,Denver,Nuggets,DEN,4,2749,Jameer Nelson,1610612743.0,Denver,Nuggets,DEN,0,0,,,,,
0021500422,458,9,4,4,11:03 PM,5:37,,,,,,1.0,0,,,,,,0,0,,,,,,0,0,,,,,
0021500422,461,8,0,4,11:06 PM,5:36,,,SUB: Clarkson FOR Russell,,,5.0,1626156,D'Angelo Russell,1610612747.0,Los Angeles,Lakers,LAL,5,203903,Jordan Clarkson,1610612747.0,Los Angeles,Lakers,LAL,0,0,,,,,
0021500422,462,2,1,4,11:06 PM,5:27,,,MISS Bryant 26' 3PT Jump Shot,,,5.0,977,Kobe Bryant,1610612747.0,Los Angeles,Lakers,LAL,0,0,,,,,,0,0,,,,,
0021500422,463,4,0,4,11:06 PM,5:27,NUGGETS Rebound,,,,,2.0,1610612743,,,,,,0,0,,,,,,0,0,,,,,
0021500422,465,2,1,4,11:06 PM,5:09,MISS Arthur 22' Jump Shot,,,,,4.0,201589,Darrell Arthur,1610612743.0,Denver,Nuggets,DEN,0,0,,,,,,0,0,,,,,
0021500422,466,4,0,4,11:06 PM,5:08,,,Clarkson REBOUND (Off:1 Def:4),,,5.0,203903,Jordan Clarkson,1610612747.0,Los Angeles,Lakers,LAL,0,0,,,,,,0,0,,,,,
0021500422,467,6,2,4,11:07 PM,4:50,Arthur S.FOUL (P4.T3) (S.Twardoski),,,,,4.0,201589,Darrell Arthur,1610612743.0,Denver,Nuggets,DEN,5,101150,Lou Williams,1610612747.0,Los Angeles,Lakers,LAL,1,0,,,,,
0021500422,468,3,13,4,11:07 PM,4:50,,,MISS Williams Free Throw 1 of 3,,,5.0,101150,Lou Williams,1610612747.0,Los Angeles,Lakers,LAL,0,0,,,,,,0,0,,,,,
0021500422,469,4,1,4,11:07 PM,4:50,,,Lakers Rebound,,,3.0,1610612747,,,,,,0,0,,,,,,0,0,,,,,
0021500422,470,3,14,4,11:07 PM,4:50,,,Williams Free Throw 2 of 3 (16 PTS),95 - 93,-2,5.0,101150,Lou Williams,1610612747.0,Los Angeles,Lakers,LAL,0,0,,,,,,0,0,,,,,
0021500422,472,8,0,4,11:07 PM,4:50,SUB: Faried FOR Arthur,,,,,4.0,201589,Darrell Arthur,1610612743.0,Denver,Nuggets,DEN,4,202702,Kenneth Faried,1610612743.0,Denver,Nuggets,DEN,0,0,,,,,
0021500422,473,3,15,4,11:08 PM,4:50,,,Williams Free Throw 3 of 3 (17 PTS),96 - 93,-3,5.0,101150,Lou Williams,1610612747.0,Los Angeles,Lakers,LAL,0,0,,,,,,0,0,,,,,
0021500422,475,5,4,4,11:08 PM,4:38,Jokic Traveling Turnover (P3.T12),,,,,4.0,203999,Nikola Jokic,1610612743.0,Denver,Nuggets,DEN,0,0,,,,,,1,0,,,,,
0021500422,476,1,1,4,11:09 PM,4:25,,,Bryant 22' Jump Shot (24 PTS) (Bass 2 AST),98 - 93,-5,5.0,977,Kobe Bryant,1610612747.0,Los Angeles,Lakers,LAL,5,101138,Brandon Bass,1610612747.0,Los Angeles,Lakers,LAL,0,0,,,,,
0021500422,477,6,1,4,11:09 PM,4:16,,,Bryant P.FOUL (P2.T2) (J.Goble),,,5.0,977,Kobe Bryant,1610612747.0,Los Angeles,Lakers,LAL,4,202702,Kenneth Faried,1610612743.0,Denver,Nuggets,DEN,1,0,,,,,
0021500422,478,1,49,4,11:09 PM,4:08,Faried  Driving Dunk (12 PTS) (Jokic 5 AST),,,98 - 95,-3,4.0,202702,Kenneth Faried,1610612743.0,Denver,Nuggets,DEN,4,203999,Nikola Jokic,1610612743.0,Denver,Nuggets,DEN,0,0,,,,,
0021500422,479,6,2,4,11:10 PM,3:48,Foye S.FOUL (P3.T4) (S.Twardoski),,,,,4.0,200751,Randy Foye,1610612743.0,Denver,Nuggets,DEN,5,977,Kobe Bryant,1610612747.0,Los Angeles,Lakers,LAL,1,0,,,,,
0021500422,480,3,13,4,11:10 PM,3:48,,,Bryant Free Throw 1 of 3 (25 PTS),99 - 95,-4,5.0,977,Kobe Bryant,1610612747.0,Los Angeles,Lakers,LAL,0,0,,,,,,0,0,,,,,
0021500422,482,3,14,4,11:10 PM,3:48,,,Bryant Free Throw 2 of 3 (26 PTS),100 - 95,-5,5.0,977,Kobe Bryant,1610612747.0,Los Angeles,Lakers,LAL,0,0,,,,,,0,0,,,,,
0021500422,484,8,0,4,11:11 PM,3:48,SUB: Harris FOR Foye,,,,,4.0,200751,Randy Foye,1610612743.0,Denver,Nuggets,DEN,4,203914,Gary Harris,1610612743.0,Denver,Nuggets,DEN,0,0,,,,,
0021500422,485,3,15,4,11:11 PM,3:48,,,Bryant Free Throw 3 of 3 (27 PTS),101 - 95,-6,5.0,977,Kobe Bryant,1610612747.0,Los Angeles,Lakers,LAL,0,0,,,,,,0,0,,,,,
0021500422,487,2,5,4,11:11 PM,3:33,MISS Barton 2' Layup,,,,,4.0,203115,Will Barton,1610612743.0,Denver,Nuggets,DEN,0,0,,,,,,0,0,,,,,
0021500422,488,4,0,4,11:11 PM,3:32,,,Williams REBOUND (Off:1 Def:3),,,5.0,101150,Lou Williams,1610612747.0,Los Angeles,Lakers,LAL,0,0,,,,,,0,0,,,,,
0021500422,489,2,47,4,11:11 PM,3:16,,,MISS Bryant 18' Turnaround Jump Shot,,,5.0,977,Kobe Bryant,1610612747.0,Los Angeles,Lakers,LAL,0,0,,,,,,0,0,,,,,
0021500422,490,4,0,4,11:12 PM,3:16,Barton REBOUND (Off:1 Def:7),,,,,4.0,203115,Will Barton,1610612743.0,Denver,Nuggets,DEN,0,0,,,,,,0,0,,,,,
0021500422,491,1,49,4,11:12 PM,3:11,Harris  Driving Dunk (18 PTS) (Barton 2 AST),,,101 - 97,-4,4.0,203914,Gary Harris,1610612743.0,Denver,Nuggets,DEN,4,203115,Will Barton,1610612743.0,Denver,Nuggets,DEN,0,0,,,,,
0021500422,492,1,1,4,11:12 PM,2:49,,,Bass 11' Jump Shot (11 PTS) (Bryant 5 AST),103 - 97,-6,5.0,101138,Brandon Bass,1610612747.0,Los Angeles,Lakers,LAL,5,977,Kobe Bryant,1610612747.0,Los Angeles,Lakers,LAL,0,0,,,,,
0021500422,493,1,1,4,11:12 PM,2:38,Harris 25' 3PT Jump Shot (21 PTS) (Nelson 7 AST),,,103 - 100,-3,4.0,203914,Gary Harris,1610612743.0,Denver,Nuggets,DEN,4,2749,Jameer Nelson,1610612743.0,Denver,Nuggets,DEN,0,0,,,,,
0021500422,494,2,47,4,11:12 PM,2:18,,,MISS Bryant 18' Turnaround Jump Shot,,,5.0,977,Kobe Bryant,1610612747.0,Los Angeles,Lakers,LAL,0,0,,,,,,0,0,,,,,
0021500422,495,4,0,4,11:12 PM,2:17,Faried REBOUND (Off:3 Def:6),,,,,4.0,202702,Kenneth Faried,1610612743.0,Denver,Nuggets,DEN,0,0,,,,,,0,0,,,,,
0021500422,496,2,42,4,11:13 PM,2:11,MISS Harris 2' Driving Layup,,,,,4.0,203914,Gary Harris,1610612743.0,Denver,Nuggets,DEN,0,0,,,,,,0,0,,,,,
0021500422,497,4,0,4,11:13 PM,2:09,,,Clarkson REBOUND (Off:1 Def:5),,,5.0,203903,Jordan Clarkson,1610612747.0,Los Angeles,Lakers,LAL,0,0,,,,,,0,0,,,,,
0021500422,498,2,5,4,11:13 PM,1:56,,,MISS Clarkson 2' Layup,,,5.0,203903,Jordan Clarkson,1610612747.0,Los Angeles,Lakers,LAL,0,0,,,,,,0,0,,,,,
0021500422,499,4,0,4,11:13 PM,1:56,Jokic REBOUND (Off:6 Def:4),,,,,4.0,203999,Nikola Jokic,1610612743.0,Denver,Nuggets,DEN,0,0,,,,,,0,0,,,,,
0021500422,500,6,3,4,11:13 PM,1:56,,,Randle L.B.FOUL (P1.T3) (N.Buchert),,,5.0,203944,Julius Randle,1610612747.0,Los Angeles,Lakers,LAL,4,203999,Nikola Jokic,1610612743.0,Denver,Nuggets,DEN,1,0,,,,,
0021500422,501,9,1,4,11:14 PM,1:56,NUGGETS Timeout: Regular (Full 4 Short 2),,,,,2.0,1610612743,,,,,,0,0,,,,,,0,0,,,,,
0021500422,504,8,0,4,11:15 PM,1:56,SUB: Arthur FOR Jokic,,,,,4.0,203999,Nikola Jokic,1610612743.0,Denver,Nuggets,DEN,4,201589,Darrell Arthur,1610612743.0,Denver,Nuggets,DEN,0,0,,,,,
0021500422,505,2,1,4,11:16 PM,1:43,MISS Harris 26' 3PT Jump Shot,,,,,4.0,203914,Gary Harris,1610612743.0,Denver,Nuggets,DEN,0,0,,,,,,0,0,,,,,
0021500422,506,4,0,4,11:16 PM,1:42,,,Randle REBOUND (Off:3 Def:6),,,5.0,203944,Julius Randle,1610612747.0,Los Angeles,Lakers,LAL,0,0,,,,,,0,0,,,,,
0021500422,507,6,2,4,11:16 PM,1:23,Harris S.FOUL (P2.PN) (N.Buchert),,,,,4.0,203914,Gary Harris,1610612743.0,Denver,Nuggets,DEN,5,977,Kobe Bryant,1610612747.0,Los Angeles,Lakers,LAL,1,0,,,,,
0021500422,508,3,11,4,11:16 PM,1:23,,,Bryant Free Throw 1 of 2 (28 PTS),104 - 100,-4,5.0,977,Kobe Bryant,1610612747.0,Los Angeles,Lakers,LAL,0,0,,,,,,0,0,,,,,
0021500422,510,3,12,4,11:17 PM,1:23,,,Bryant Free Throw 2 of 2 (29 PTS),105 - 100,-5,5.0,977,Kobe Bryant,1610612747.0,Los Angeles,Lakers,LAL,0,0,,,,,,0,0,,,,,
0021500422,512,2,5,4,11:17 PM,1:13,MISS Nelson 2' Layup,,Bass BLOCK (4 BLK),,,4.0,2749,Jameer Nelson,1610612743.0,Denver,Nuggets,DEN,0,0,,,,,,5,101138,Brandon Bass,1610612747.0,Los Angeles,Lakers,LAL
0021500422,513,4,0,4,11:17 PM,1:12,Arthur REBOUND (Off:1 Def:2),,,,,4.0,201589,Darrell Arthur,1610612743.0,Denver,Nuggets,DEN,0,0,,,,,,0,0,,,,,
0021500422,514,2,1,4,11:17 PM,1:08,MISS Arthur 26' 3PT Jump Shot,,,,,4.0,201589,Darrell Arthur,1610612743.0,Denver,Nuggets,DEN,0,0,,,,,,0,0,,,,,
0021500422,515,4,0,4,11:17 PM,1:06,,,Randle REBOUND (Off:3 Def:7),,,5.0,203944,Julius Randle,1610612747.0,Los Angeles,Lakers,LAL,0,0,,,,,,0,0,,,,,
0021500422,517,2,1,4,11:18 PM,0:51,,,MISS Bryant 31' 3PT Jump Shot,,,5.0,977,Kobe Bryant,1610612747.0,Los Angeles,Lakers,LAL,0,0,,,,,,0,0,,,,,
0021500422,518,4,0,4,11:18 PM,0:50,,,Clarkson REBOUND (Off:2 Def:5),,,5.0,203903,Jordan Clarkson,1610612747.0,Los Angeles,Lakers,LAL,0,0,,,,,,0,0,,,,,
0021500422,519,1,47,4,11:18 PM,0:32,,,Bryant 16' Turnaround Jump Shot (31 PTS),107 - 100,-7,5.0,977,Kobe Bryant,1610612747.0,Los Angeles,Lakers,LAL,0,0,,,,,,0,0,,,,,
0021500422,520,9,2,4,11:18 PM,0:32,NUGGETS Timeout: Short (Full 4 Short 3),,,,,2.0,1610612743,,,,,,0,0,,,,,,0,0,,,,,
0021500422,524,6,2,4,11:20 PM,0:23,,,Williams S.FOUL (P2.PN) (S.Twardoski),,,5.0,101150,Lou Williams,1610612747.0,Los Angeles,Lakers,LAL,4,202702,Kenneth Faried,1610612743.0,Denver,Nuggets,DEN,1,0,,,,,
0021500422,525,3,11,4,11:20 PM,0:23,Faried Free Throw 1 of 2 (13 PTS),,,107 - 101,-6,4.0,202702,Kenneth Faried,1610612743.0,Denver,Nuggets,DEN,0,0,,,,,,0,0,,,,,
0021500422,527,8,0,4,11:20 PM,0:23,,,SUB: Young FOR Randle,,,5.0,203944,Julius Randle,1610612747.0,Los Angeles,Lakers,LAL,5,201156,Nick Young,1610612747.0,Los Angeles,Lakers,LAL,0,0,,,,,
0021500422,528,3,12,4,11:20 PM,0:23,Faried Free Throw 2 of 2 (14 PTS),,,107 - 102,-5,4.0,202702,Kenneth Faried,1610612743.0,Denver,Nuggets,DEN,0,0,,,,,,0,0,,,,,
0021500422,530,6,28,4,11:21 PM,0:22,Harris Personal Take Foul (P3.PN) (J.Goble),,,,,4.0,203914,Gary Harris,1610612743.0,Denver,Nuggets,DEN,5,203903,Jordan Clarkson,1610612747.0,Los Angeles,Lakers,LAL,1,0,,,,,
0021500422,531,3,11,4,11:21 PM,0:22,,,Clarkson Free Throw 1 of 2 (16 PTS),108 - 102,-6,5.0,203903,Jordan Clarkson,1610612747.0,Los Angeles,Lakers,LAL,0,0,,,,,,0,0,,,,,
0021500422,535,3,12,4,11:21 PM,0:22,,,MISS Clarkson Free Throw 2 of 2,,,5.0,203903,Jordan Clarkson,1610612747.0,Los Angeles,Lakers,LAL,0,0,,,,,,0,0,,,,,
0021500422,537,4,0,4,11:22 PM,0:20,,,Clarkson REBOUND (Off:3 Def:5),,,5.0,203903,Jordan Clarkson,1610612747.0,Los Angeles,Lakers,LAL,0,0,,,,,,0,0,,,,,
0021500422,538,6,28,4,11:22 PM,0:16,Nelson Personal Take Foul (P2.PN) (J.Goble),,,,,4.0,2749,Jameer Nelson,1610612743.0,Denver,Nuggets,DEN,5,203903,Jordan Clarkson,1610612747.0,Los Angeles,Lakers,LAL,1,0,,,,,
0021500422,539,3,11,4,11:22 PM,0:16,,,MISS Clarkson Free Throw 1 of 2,,,5.0,203903,Jordan Clarkson,1610612747.0,Los Angeles,Lakers,LAL,0,0,,,,,,0,0,,,,,
0021500422,540,4,1,4,11:22 PM,0:16,,,Lakers Rebound,,,3.0,1610612747,,,,,,0,0,,,,,,0,0,,,,,
0021500422,541,3,12,4,11:22 PM,0:16,,,Clarkson Free Throw 2 of 2 (17 PTS),109 - 102,-7,5.0,203903,Jordan Clarkson,1610612747.0,Los Angeles,Lakers,LAL,0,0,,,,,,0,0,,,,,
0021500422,543,1,42,4,11:22 PM,0:09,Nelson 2' Driving Layup (5 PTS),,,109 - 104,-5,4.0,2749,Jameer Nelson,1610612743.0,Denver,Nuggets,DEN,0,0,,,,,,0,0,,,,,
0021500422,544,6,28,4,11:23 PM,0:08,Harris Personal Take Foul (P4.PN) (J.Goble),,,,,4.0,203914,Gary Harris,1610612743.0,Denver,Nuggets,DEN,5,203903,Jordan Clarkson,1610612747.0,Los Angeles,Lakers,LAL,1,0,,,,,
0021500422,545,3,11,4,11:23 PM,0:08,,,Clarkson Free Throw 1 of 2 (18 PTS),110 - 104,-6,5.0,203903,Jordan Clarkson,1610612747.0,Los Angeles,Lakers,LAL,0,0,,,,,,0,0,,,,,
0021500422,547,3,12,4,11:23 PM,0:08,,,Clarkson Free Throw 2 of 2 (19 PTS),111 - 104,-7,5.0,203903,Jordan Clarkson,1610612747.0,Los Angeles,Lakers,LAL,0,0,,,,,,0,0,,,,,
0021500422,549,1,1,4,11:24 PM,0:00,Arthur 26' 3PT Jump Shot (9 PTS) (Nelson 8 AST),,,111 - 107,-4,4.0,201589,Darrell Arthur,1610612743.0,Denver,Nuggets,DEN,4,2749,Jameer Nelson,1610612743.0,Denver,Nuggets,DEN,0,0,,,,,
0021500422,550,18,0,4,11:24 PM,0:00,,,,,,,549,,,,,,0,0,,,,,,1,0,,,,,
0021500422,551,13,0,4,11:24 PM,0:00,,,,111 - 107,-4,0.0,0,,,,,,0,0,,,,,,0,0,,,,,
