GAME_ID,EVENTNUM,EVENTMSGTYPE,EVENTMSGACTIONTYPE,PERIOD,WCTIMESTRING,PCTIMESTRING,HOMEDESCRIPTION,NEUTRALDESCRIPTION,VISITORDESCRIPTION,SCORE,SCOREMARGIN,PERSON1TYPE,PLAYER1_ID,PLAYER1_NAME,PLAYER1_TEAM_ID,PLAYER1_TEAM_CITY,PLAYER1_TEAM_NICKNAME,PLAYER1_TEAM_ABBREVIATION,PERSON2TYPE,PLAYER2_ID,PLAYER2_NAME,PLAYER2_TEAM_ID,PLAYER2_TEAM_CITY,PLAYER2_TEAM_NICKNAME,PLAYER2_TEAM_ABBREVIATION,PERSON3TYPE,PLAYER3_ID,PLAYER3_NAME,PLAYER3_TEAM_ID,PLAYER3_TEAM_CITY,PLAYER3_TEAM_NICKNAME,PLAYER3_TEAM_ABBREVIATION
0021500235,0,12,0,1,9:11 PM,12:00,,,,,,0.0,0,,,,,,0,0,,,,,,0,0,,,,,
0021500235,1,10,0,1,9:11 PM,12:00,Jump Ball Jokic vs. Marjanovic: Tip to Parker,,,,,4.0,203999,Nikola Jokic,1610612743.0,Denver,Nuggets,DEN,5,1626246,Boban Marjanovic,1610612759.0,San Antonio,Spurs,SAS,5,2225,Tony Parker,1610612759.0,San Antonio,Spurs,SAS
0021500235,2,2,1,1,9:11 PM,11:37,,,MISS Aldridge 24' 3PT Jump Shot,,,5.0,200746,LaMarcus Aldridge,1610612759.0,San Antonio,Spurs,SAS,0,0,,,,,,0,0,,,,,
0021500235,3,4,0,1,9:11 PM,11:36,Gallinari REBOUND (Off:0 Def:1),,,,,4.0,201568,Danilo Gallinari,1610612743.0,Denver,Nuggets,DEN,0,0,,,,,,0,0,,,,,
0021500235,4,1,5,1,9:11 PM,11:30,Jokic 2' Layup (2 PTS) (Gallinari 1 AST),,,0 - 2,2,4.0,203999,Nikola Jokic,1610612743.0,Denver,Nuggets,DEN,4,201568,Danilo Gallinari,1610612743.0,Denver,Nuggets,DEN,0,0,,,,,
0021500235,5,2,63,1,9:12 PM,11:04,,,MISS Aldridge 12' Fadeaway Jumper,,,5.0,200746,LaMarcus Aldridge,1610612759.0,San Antonio,Spurs,SAS,0,0,,,,,,0,0,,,,,
0021500235,6,4,0,1,9:12 PM,11:03,,,Marjanovic REBOUND (Off:1 Def:0),,,5.0,1626246,Boban Marjanovic,1610612759.0,San Antonio,Spurs,SAS,0,0,,,,,,0,0,,,,,
0021500235,7,2,1,1,9:12 PM,10:53,,,MISS Leonard 17' Jump Shot,,,5.0,202695,Kawhi Leonard,1610612759.0,San Antonio,Spurs,SAS,0,0,,,,,,0,0,,,,,
0021500235,8,4,0,1,9:12 PM,10:51,Harris REBOUND (Off:0 Def:1),,,,,4.0,203914,Gary Harris,1610612743.0,Denver,Nuggets,DEN,0,0,,,,,,0,0,,,,,
0021500235,10,7,2,1,9:12 PM,10:48,,,Green Violation:Defensive Goaltending (C.Blair),,,5.0,201980,Danny Green,1610612759.0,San Antonio,Spurs,SAS,0,0,,,,,,1,0,,,,,
0021500235,9,1,76,1,9:12 PM,10:48,Harris 2' Running Finger Roll Layup (2 PTS),,,0 - 4,4,4.0,203914,Gary Harris,1610612743.0,Denver,Nuggets,DEN,0,0,,,,,,0,0,,,,,
0021500235,11,6,1,1,9:12 PM,10:35,Harris P.FOUL (P1.T1) (C.Blair),,,,,4.0,203914,Gary Harris,1610612743.0,Denver,Nuggets,DEN,5,2225,Tony Parker,1610612759.0,San Antonio,Spurs,SAS,1,0,,,,,
0021500235,13,2,63,1,9:13 PM,10:25,,,MISS Green 16' Fadeaway Jumper,,,5.0,201980,Danny Green,1610612759.0,San Antonio,Spurs,SAS,0,0,,,,,,0,0,,,,,
0021500235,14,4,0,1,9:13 PM,10:24,,,Marjanovic REBOUND (Off:2 Def:0),,,5.0,1626246,Boban Marjanovic,1610612759.0,San Antonio,Spurs,SAS,0,0,,,,,,0,0,,,,,
0021500235,15,6,2,1,9:13 PM,10:23,Jokic S.FOUL (P1.T2) (T.Washington),,,,,4.0,203999,Nikola Jokic,1610612743.0,Denver,Nuggets,DEN,5,1626246,Boban Marjanovic,1610612759.0,San Antonio,Spurs,SAS,1,0,,,,,
0021500235,16,3,11,1,9:14 PM,10:23,,,Marjanovic Free Throw 1 of 2 (1 PTS),1 - 4,3,5.0,1626246,Boban Marjanovic,1610612759.0,San Antonio,Spurs,SAS,0,0,,,,,,0,0,,,,,
0021500235,18,3,12,1,9:14 PM,10:23,,,Marjanovic Free Throw 2 of 2 (2 PTS),2 - 4,2,5.0,1626246,Boban Marjanovic,1610612759.0,San Antonio,Spurs,SAS,0,0,,,,,,0,0,,,,,
0021500235,20,2,1,1,9:14 PM,10:06,MISS Arthur 21' Jump Shot,,,,,4.0,201589,Darrell Arthur,1610612743.0,Denver,Nuggets,DEN,0,0,,,,,,0,0,,,,,
0021500235,21,4,0,1,9:14 PM,10:06,Jokic REBOUND (Off:1 Def:0),,,,,4.0,203999,Nikola Jokic,1610612743.0,Denver,Nuggets,DEN,0,0,,,,,,0,0,,,,,
0021500235,22,2,1,1,9:14 PM,10:00,MISS Gallinari 27' 3PT Jump Shot,,,,,4.0,201568,Danilo Gallinari,1610612743.0,Denver,Nuggets,DEN,0,0,,,,,,0,0,,,,,
0021500235,23,4,0,1,9:14 PM,9:59,Arthur REBOUND (Off:1 Def:0),,,,,4.0,201589,Darrell Arthur,1610612743.0,Denver,Nuggets,DEN,0,0,,,,,,0,0,,,,,
0021500235,24,2,78,1,9:15 PM,9:39,MISS Mudiay 12' Floating Jump Shot,,,,,4.0,1626144,Emmanuel Mudiay,1610612743.0,Denver,Nuggets,DEN,0,0,,,,,,0,0,,,,,
0021500235,25,4,0,1,9:15 PM,9:38,,,Marjanovic REBOUND (Off:2 Def:1),,,5.0,1626246,Boban Marjanovic,1610612759.0,San Antonio,Spurs,SAS,0,0,,,,,,0,0,,,,,
0021500235,26,1,43,1,9:15 PM,9:22,,,Aldridge 1' Alley Oop Layup (2 PTS) (Marjanovic 1 AST),4 - 4,TIE,5.0,200746,LaMarcus Aldridge,1610612759.0,San Antonio,Spurs,SAS,5,1626246,Boban Marjanovic,1610612759.0,San Antonio,Spurs,SAS,0,0,,,,,
0021500235,27,5,40,1,9:15 PM,9:02,Harris Out of Bounds Lost Ball Turnover (P1.T1),,,,,4.0,203914,Gary Harris,1610612743.0,Denver,Nuggets,DEN,0,0,,,,,,1,0,,,,,
0021500235,28,2,1,1,9:16 PM,8:39,,,MISS Leonard 21' Jump Shot,,,5.0,202695,Kawhi Leonard,1610612759.0,San Antonio,Spurs,SAS,0,0,,,,,,0,0,,,,,
0021500235,29,4,0,1,9:16 PM,8:38,Arthur REBOUND (Off:1 Def:1),,,,,4.0,201589,Darrell Arthur,1610612743.0,Denver,Nuggets,DEN,0,0,,,,,,0,0,,,,,
0021500235,30,1,1,1,9:16 PM,8:32,Gallinari 27' 3PT Jump Shot (3 PTS) (Mudiay 1 AST),,,4 - 7,3,4.0,201568,Danilo Gallinari,1610612743.0,Denver,Nuggets,DEN,4,1626144,Emmanuel Mudiay,1610612743.0,Denver,Nuggets,DEN,0,0,,,,,
0021500235,31,1,1,1,9:16 PM,8:13,,,Aldridge 21' Jump Shot (4 PTS) (Parker 1 AST),6 - 7,1,5.0,200746,LaMarcus Aldridge,1610612759.0,San Antonio,Spurs,SAS,5,2225,Tony Parker,1610612759.0,San Antonio,Spurs,SAS,0,0,,,,,
0021500235,32,6,2,1,9:17 PM,7:53,,,Marjanovic S.FOUL (P1.T1) (C.Blair),,,5.0,1626246,Boban Marjanovic,1610612759.0,San Antonio,Spurs,SAS,4,1626144,Emmanuel Mudiay,1610612743.0,Denver,Nuggets,DEN,1,0,,,,,
0021500235,33,3,11,1,9:17 PM,7:53,Mudiay Free Throw 1 of 2 (1 PTS),,,6 - 8,2,4.0,1626144,Emmanuel Mudiay,1610612743.0,Denver,Nuggets,DEN,0,0,,,,,,0,0,,,,,
0021500235,35,3,12,1,9:17 PM,7:53,Mudiay Free Throw 2 of 2 (2 PTS),,,6 - 9,3,4.0,1626144,Emmanuel Mudiay,1610612743.0,Denver,Nuggets,DEN,0,0,,,,,,0,0,,,,,
0021500235,37,5,6,1,9:18 PM,7:34,,,Leonard Double Dribble Turnover (P1.T1),,,5.0,202695,Kawhi Leonard,1610612759.0,San Antonio,Spurs,SAS,0,0,,,,,,1,0,,,,,
0021500235,39,2,5,1,9:18 PM,7:10,MISS Jokic 2' Layup,,,,,4.0,203999,Nikola Jokic,1610612743.0,Denver,Nuggets,DEN,0,0,,,,,,0,0,,,,,
0021500235,40,4,0,1,9:18 PM,7:10,,,Marjanovic REBOUND (Off:2 Def:2),,,5.0,1626246,Boban Marjanovic,1610612759.0,San Antonio,Spurs,SAS,0,0,,,,,,0,0,,,,,
0021500235,41,2,63,1,9:19 PM,6:50,,,MISS Leonard 17' Fadeaway Jumper,,,5.0,202695,Kawhi Leonard,1610612759.0,San Antonio,Spurs,SAS,0,0,,,,,,0,0,,,,,
0021500235,42,4,0,1,9:19 PM,6:49,,,Spurs Rebound,,,3.0,1610612759,,,,,,0,0,,,,,,0,0,,,,,
0021500235,44,2,3,1,9:19 PM,6:44,,,MISS Green 5' Hook Shot,,,5.0,201980,Danny Green,1610612759.0,San Antonio,Spurs,SAS,0,0,,,,,,0,0,,,,,
0021500235,45,4,0,1,9:19 PM,6:43,NUGGETS Rebound,,,,,2.0,1610612743,,,,,,0,0,,,,,,0,0,,,,,
0021500235,47,6,1,1,9:19 PM,6:36,,,Marjanovic P.FOUL (P2.T2) (C.Blair),,,5.0,1626246,Boban Marjanovic,1610612759.0,San Antonio,Spurs,SAS,4,201568,Danilo Gallinari,1610612743.0,Denver,Nuggets,DEN,1,0,,,,,
0021500235,48,2,71,1,9:20 PM,6:26,MISS Mudiay 3' Finger Roll Layup,,,,,4.0,1626144,Emmanuel Mudiay,1610612743.0,Denver,Nuggets,DEN,0,0,,,,,,0,0,,,,,
0021500235,49,4,0,1,9:20 PM,6:24,,,Parker REBOUND (Off:0 Def:1),,,5.0,2225,Tony Parker,1610612759.0,San Antonio,Spurs,SAS,0,0,,,,,,0,0,,,,,
0021500235,50,5,4,1,9:20 PM,6:05,,,Parker Traveling Turnover (P1.T2),,,5.0,2225,Tony Parker,1610612759.0,San Antonio,Spurs,SAS,0,0,,,,,,1,0,,,,,
0021500235,51,1,78,1,9:21 PM,5:45,Jokic 8' Floating Jump Shot (4 PTS) (Harris 1 AST),,,6 - 11,5,4.0,203999,Nikola Jokic,1610612743.0,Denver,Nuggets,DEN,4,203914,Gary Harris,1610612743.0,Denver,Nuggets,DEN,0,0,,,,,
0021500235,52,9,1,1,9:21 PM,5:45,,,Spurs Timeout: Regular (Reg.1 Short 0),,,3.0,1610612759,,,,,,0,0,,,,,,0,0,,,,,
0021500235,54,8,0,1,9:23 PM,5:45,,,SUB: Anderson FOR Marjanovic,,,5.0,1626246,Boban Marjanovic,1610612759.0,San Antonio,Spurs,SAS,5,203937,Kyle Anderson,1610612759.0,San Antonio,Spurs,SAS,0,0,,,,,
0021500235,55,8,0,1,9:23 PM,5:45,,,SUB: Mills FOR Green,,,5.0,201980,Danny Green,1610612759.0,San Antonio,Spurs,SAS,5,201988,Patty Mills,1610612759.0,San Antonio,Spurs,SAS,0,0,,,,,
0021500235,56,8,0,1,9:23 PM,5:45,,,SUB: Diaw FOR Parker,,,5.0,2225,Tony Parker,1610612759.0,San Antonio,Spurs,SAS,5,2564,Boris Diaw,1610612759.0,San Antonio,Spurs,SAS,0,0,,,,,
0021500235,58,1,1,1,9:24 PM,5:25,,,Aldridge 20' Jump Shot (6 PTS) (Leonard 1 AST),8 - 11,3,5.0,200746,LaMarcus Aldridge,1610612759.0,San Antonio,Spurs,SAS,5,202695,Kawhi Leonard,1610612759.0,San Antonio,Spurs,SAS,0,0,,,,,
0021500235,59,6,4,1,9:24 PM,5:08,Jokic OFF.Foul (P2) (T.Washington),,,,,4.0,203999,Nikola Jokic,1610612743.0,Denver,Nuggets,DEN,5,203937,Kyle Anderson,1610612759.0,San Antonio,Spurs,SAS,1,0,,,,,
0021500235,60,5,5,1,9:24 PM,5:08,Jokic Foul Turnover (P1.T2),,,,,4.0,203999,Nikola Jokic,1610612743.0,Denver,Nuggets,DEN,0,0,,,,,,1,0,,,,,
0021500235,61,8,0,1,9:25 PM,5:08,SUB: Barton FOR Jokic,,,,,4.0,203999,Nikola Jokic,1610612743.0,Denver,Nuggets,DEN,4,203115,Will Barton,1610612743.0,Denver,Nuggets,DEN,0,0,,,,,
0021500235,62,2,47,1,9:25 PM,4:54,,,MISS Aldridge 14' Turnaround Jump Shot,,,5.0,200746,LaMarcus Aldridge,1610612759.0,San Antonio,Spurs,SAS,0,0,,,,,,0,0,,,,,
0021500235,63,4,0,1,9:25 PM,4:54,Gallinari REBOUND (Off:0 Def:2),,,,,4.0,201568,Danilo Gallinari,1610612743.0,Denver,Nuggets,DEN,0,0,,,,,,0,0,,,,,
0021500235,64,2,73,1,9:25 PM,4:31,MISS Mudiay 2' Driving Reverse Layup,,Leonard BLOCK (1 BLK),,,4.0,1626144,Emmanuel Mudiay,1610612743.0,Denver,Nuggets,DEN,0,0,,,,,,5,202695,Kawhi Leonard,1610612759.0,San Antonio,Spurs,SAS
0021500235,65,4,0,1,9:25 PM,4:29,,,Diaw REBOUND (Off:0 Def:1),,,5.0,2564,Boris Diaw,1610612759.0,San Antonio,Spurs,SAS,0,0,,,,,,0,0,,,,,
0021500235,66,2,5,1,9:25 PM,4:22,,,MISS Aldridge 2' Layup,,,5.0,200746,LaMarcus Aldridge,1610612759.0,San Antonio,Spurs,SAS,0,0,,,,,,0,0,,,,,
0021500235,67,4,0,1,9:25 PM,4:21,Mudiay REBOUND (Off:0 Def:1),,,,,4.0,1626144,Emmanuel Mudiay,1610612743.0,Denver,Nuggets,DEN,0,0,,,,,,0,0,,,,,
0021500235,68,1,7,1,9:25 PM,4:10,Gallinari  Dunk (5 PTS) (Mudiay 2 AST),,,8 - 13,5,4.0,201568,Danilo Gallinari,1610612743.0,Denver,Nuggets,DEN,4,1626144,Emmanuel Mudiay,1610612743.0,Denver,Nuggets,DEN,0,0,,,,,
0021500235,69,1,47,1,9:26 PM,3:56,,,Leonard 17' Turnaround Jump Shot (2 PTS),10 - 13,3,5.0,202695,Kawhi Leonard,1610612759.0,San Antonio,Spurs,SAS,0,0,,,,,,0,0,,,,,
0021500235,70,2,75,1,9:26 PM,3:34,MISS Gallinari 3' Driving Finger Roll Layup,,,,,4.0,201568,Danilo Gallinari,1610612743.0,Denver,Nuggets,DEN,0,0,,,,,,0,0,,,,,
0021500235,71,4,0,1,9:26 PM,3:33,,,Aldridge REBOUND (Off:0 Def:1),,,5.0,200746,LaMarcus Aldridge,1610612759.0,San Antonio,Spurs,SAS,0,0,,,,,,0,0,,,,,
0021500235,72,1,75,1,9:26 PM,3:25,,,Mills  Driving Finger Roll Layup (2 PTS) (Leonard 2 AST),12 - 13,1,5.0,201988,Patty Mills,1610612759.0,San Antonio,Spurs,SAS,5,202695,Kawhi Leonard,1610612759.0,San Antonio,Spurs,SAS,0,0,,,,,
0021500235,73,9,1,1,9:26 PM,3:25,NUGGETS Timeout: Regular (Full 1 Short 0),,,,,2.0,1610612743,,,,,,0,0,,,,,,0,0,,,,,
0021500235,75,8,0,1,9:29 PM,3:25,SUB: Hickson FOR Arthur,,,,,4.0,201589,Darrell Arthur,1610612743.0,Denver,Nuggets,DEN,4,201581,JJ Hickson,1610612743.0,Denver,Nuggets,DEN,0,0,,,,,
0021500235,77,2,63,1,9:29 PM,3:08,MISS Mudiay 8' Fadeaway Jumper,,,,,4.0,1626144,Emmanuel Mudiay,1610612743.0,Denver,Nuggets,DEN,0,0,,,,,,0,0,,,,,
0021500235,78,4,0,1,9:29 PM,3:07,,,Aldridge REBOUND (Off:0 Def:2),,,5.0,200746,LaMarcus Aldridge,1610612759.0,San Antonio,Spurs,SAS,0,0,,,,,,0,0,,,,,
0021500235,79,2,105,1,9:30 PM,2:56,,,MISS Leonard 14' Turnaround Fadeaway Bank Jump Shot,,,5.0,202695,Kawhi Leonard,1610612759.0,San Antonio,Spurs,SAS,0,0,,,,,,0,0,,,,,
0021500235,80,4,0,1,9:30 PM,2:55,,,Aldridge REBOUND (Off:1 Def:2),,,5.0,200746,LaMarcus Aldridge,1610612759.0,San Antonio,Spurs,SAS,0,0,,,,,,0,0,,,,,
0021500235,81,1,3,1,9:30 PM,2:51,,,Aldridge 4' Hook Shot (8 PTS),14 - 13,-1,5.0,200746,LaMarcus Aldridge,1610612759.0,San Antonio,Spurs,SAS,0,0,,,,,,0,0,,,,,
0021500235,83,8,0,1,9:30 PM,2:42,SUB: Nelson FOR Mudiay,,,,,4.0,1626144,Emmanuel Mudiay,1610612743.0,Denver,Nuggets,DEN,4,2749,Jameer Nelson,1610612743.0,Denver,Nuggets,DEN,0,0,,,,,
0021500235,84,8,0,1,9:30 PM,2:42,,,SUB: West FOR Aldridge,,,5.0,200746,LaMarcus Aldridge,1610612759.0,San Antonio,Spurs,SAS,5,2561,David West,1610612759.0,San Antonio,Spurs,SAS,0,0,,,,,
0021500235,85,5,2,1,9:30 PM,2:30,Barton Lost Ball Turnover (P1.T3),,Leonard STEAL (1 STL),,,4.0,203115,Will Barton,1610612743.0,Denver,Nuggets,DEN,5,202695,Kawhi Leonard,1610612759.0,San Antonio,Spurs,SAS,0,0,,,,,
0021500235,86,2,1,1,9:30 PM,2:24,,,MISS Mills 25' 3PT Jump Shot,,,5.0,201988,Patty Mills,1610612759.0,San Antonio,Spurs,SAS,0,0,,,,,,0,0,,,,,
0021500235,87,4,0,1,9:30 PM,2:23,Barton REBOUND (Off:0 Def:1),,,,,4.0,203115,Will Barton,1610612743.0,Denver,Nuggets,DEN,0,0,,,,,,0,0,,,,,
0021500235,88,2,1,1,9:31 PM,2:09,MISS Barton 20' Jump Shot,,,,,4.0,203115,Will Barton,1610612743.0,Denver,Nuggets,DEN,0,0,,,,,,0,0,,,,,
0021500235,89,4,0,1,9:31 PM,2:08,,,Diaw REBOUND (Off:0 Def:2),,,5.0,2564,Boris Diaw,1610612759.0,San Antonio,Spurs,SAS,0,0,,,,,,0,0,,,,,
0021500235,90,2,47,1,9:31 PM,1:59,,,MISS Anderson 16' Turnaround Jump Shot,,,5.0,203937,Kyle Anderson,1610612759.0,San Antonio,Spurs,SAS,0,0,,,,,,0,0,,,,,
0021500235,91,4,0,1,9:31 PM,1:58,Gallinari REBOUND (Off:0 Def:3),,,,,4.0,201568,Danilo Gallinari,1610612743.0,Denver,Nuggets,DEN,0,0,,,,,,0,0,,,,,
0021500235,92,2,1,1,9:31 PM,1:50,MISS Gallinari 25' 3PT Jump Shot,,,,,4.0,201568,Danilo Gallinari,1610612743.0,Denver,Nuggets,DEN,0,0,,,,,,0,0,,,,,
0021500235,93,4,0,1,9:31 PM,1:49,,,Anderson REBOUND (Off:0 Def:1),,,5.0,203937,Kyle Anderson,1610612759.0,San Antonio,Spurs,SAS,0,0,,,,,,0,0,,,,,
0021500235,94,5,4,1,9:31 PM,1:32,,,Mills Traveling Turnover (P1.T3),,,5.0,201988,Patty Mills,1610612759.0,San Antonio,Spurs,SAS,0,0,,,,,,1,0,,,,,
0021500235,95,8,0,1,9:31 PM,1:32,SUB: Foye FOR Harris,,,,,4.0,203914,Gary Harris,1610612743.0,Denver,Nuggets,DEN,4,200751,Randy Foye,1610612743.0,Denver,Nuggets,DEN,0,0,,,,,
0021500235,96,8,0,1,9:32 PM,1:32,,,SUB: Simmons FOR Leonard,,,5.0,202695,Kawhi Leonard,1610612759.0,San Antonio,Spurs,SAS,5,203613,Jonathon Simmons,1610612759.0,San Antonio,Spurs,SAS,0,0,,,,,
0021500235,97,2,1,1,9:32 PM,1:13,MISS Barton 15' Jump Shot,,,,,4.0,203115,Will Barton,1610612743.0,Denver,Nuggets,DEN,0,0,,,,,,0,0,,,,,
0021500235,98,4,0,1,9:32 PM,1:10,Barton REBOUND (Off:1 Def:1),,,,,4.0,203115,Will Barton,1610612743.0,Denver,Nuggets,DEN,0,0,,,,,,0,0,,,,,
0021500235,99,1,1,1,9:32 PM,0:59,Barton 26' 3PT Jump Shot (3 PTS),,,14 - 16,2,4.0,203115,Will Barton,1610612743.0,Denver,Nuggets,DEN,0,0,,,,,,0,0,,,,,
0021500235,100,2,1,1,9:32 PM,0:43,,,MISS Simmons  3PT Jump Shot,,,5.0,203613,Jonathon Simmons,1610612759.0,San Antonio,Spurs,SAS,0,0,,,,,,0,0,,,,,
0021500235,101,4,0,1,9:33 PM,0:42,,,Spurs Rebound,,,3.0,1610612759,,,,,,0,0,,,,,,0,0,,,,,
0021500235,103,8,0,1,9:33 PM,0:42,SUB: Miller FOR Gallinari,,,,,4.0,201568,Danilo Gallinari,1610612743.0,Denver,Nuggets,DEN,4,2034,Mike Miller,1610612743.0,Denver,Nuggets,DEN,0,0,,,,,
0021500235,104,5,8,1,9:33 PM,0:39,,,Simmons 3 Second Violation Turnover (P1.T4),,,5.0,203613,Jonathon Simmons,1610612759.0,San Antonio,Spurs,SAS,0,0,,,,,,1,0,,,,,
0021500235,105,2,1,1,9:34 PM,0:29,MISS Nelson 27' 3PT Jump Shot,,,,,4.0,2749,Jameer Nelson,1610612743.0,Denver,Nuggets,DEN,0,0,,,,,,0,0,,,,,
0021500235,106,4,0,1,9:34 PM,0:28,,,Diaw REBOUND (Off:0 Def:3),,,5.0,2564,Boris Diaw,1610612759.0,San Antonio,Spurs,SAS,0,0,,,,,,0,0,,,,,
0021500235,107,6,28,1,9:34 PM,0:12,Hickson Personal Take Foul (P1.T3) (C.Blair),,,,,4.0,201581,JJ Hickson,1610612743.0,Denver,Nuggets,DEN,5,203937,Kyle Anderson,1610612759.0,San Antonio,Spurs,SAS,1,0,,,,,
0021500235,108,6,2,1,9:34 PM,0:03,Miller S.FOUL (P1.PN) (C.Blair),,,,,4.0,2034,Mike Miller,1610612743.0,Denver,Nuggets,DEN,5,203937,Kyle Anderson,1610612759.0,San Antonio,Spurs,SAS,1,0,,,,,
0021500235,109,3,11,1,9:35 PM,0:03,,,Anderson Free Throw 1 of 2 (1 PTS),15 - 16,1,5.0,203937,Kyle Anderson,1610612759.0,San Antonio,Spurs,SAS,0,0,,,,,,0,0,,,,,
0021500235,111,8,0,1,9:35 PM,0:03,,,SUB: Green FOR West,,,5.0,2561,David West,1610612759.0,San Antonio,Spurs,SAS,5,201980,Danny Green,1610612759.0,San Antonio,Spurs,SAS,0,0,,,,,
0021500235,112,8,0,1,9:35 PM,0:03,,,SUB: Leonard FOR Diaw,,,5.0,2564,Boris Diaw,1610612759.0,San Antonio,Spurs,SAS,5,202695,Kawhi Leonard,1610612759.0,San Antonio,Spurs,SAS,0,0,,,,,
0021500235,113,3,12,1,9:35 PM,0:03,,,Anderson Free Throw 2 of 2 (2 PTS),16 - 16,TIE,5.0,203937,Kyle Anderson,1610612759.0,San Antonio,Spurs,SAS,0,0,,,,,,0,0,,,,,
0021500235,115,6,28,1,9:35 PM,0:02,,,Mills Personal Take Foul (P1.T3) (C.Kirkland),,,5.0,201988,Patty Mills,1610612759.0,San Antonio,Spurs,SAS,4,2749,Jameer Nelson,1610612743.0,Denver,Nuggets,DEN,1,0,,,,,
0021500235,116,2,47,1,9:36 PM,0:01,MISS Hickson 22' Turnaround Jump Shot,,,,,4.0,201581,JJ Hickson,1610612743.0,Denver,Nuggets,DEN,0,0,,,,,,0,0,,,,,
0021500235,117,4,0,1,9:36 PM,0:00,NUGGETS Rebound,,,,,2.0,1610612743,,,,,,0,0,,,,,,0,0,,,,,
0021500235,118,13,0,1,9:36 PM,0:00,,,,16 - 16,TIE,0.0,0,,,,,,0,0,,,,,,0,0,,,,,
0021500235,120,12,0,2,9:38 PM,12:00,,,,16 - 16,TIE,0.0,0,,,,,,0,0,,,,,,0,0,,,,,
0021500235,121,6,1,2,9:39 PM,11:47,,,Diaw P.FOUL (P1.T1) (C.Blair),,,5.0,2564,Boris Diaw,1610612759.0,San Antonio,Spurs,SAS,4,201581,JJ Hickson,1610612743.0,Denver,Nuggets,DEN,1,0,,,,,
0021500235,122,1,78,2,9:39 PM,11:36,Barton 4' Floating Jump Shot (5 PTS) (Nelson 1 AST),,,16 - 18,2,4.0,203115,Will Barton,1610612743.0,Denver,Nuggets,DEN,4,2749,Jameer Nelson,1610612743.0,Denver,Nuggets,DEN,0,0,,,,,
0021500235,123,1,63,2,9:40 PM,11:12,,,Diaw 11' Fadeaway Jumper (2 PTS),18 - 18,TIE,5.0,2564,Boris Diaw,1610612759.0,San Antonio,Spurs,SAS,0,0,,,,,,0,0,,,,,
0021500235,124,1,1,2,9:40 PM,11:00,Hickson 17' Jump Shot (2 PTS) (Foye 1 AST),,,18 - 20,2,4.0,201581,JJ Hickson,1610612743.0,Denver,Nuggets,DEN,4,200751,Randy Foye,1610612743.0,Denver,Nuggets,DEN,0,0,,,,,
0021500235,125,2,75,2,9:40 PM,10:44,Hickson BLOCK (1 BLK),,MISS Simmons 2' Driving Finger Roll Layup,,,5.0,203613,Jonathon Simmons,1610612759.0,San Antonio,Spurs,SAS,0,0,,,,,,4,201581,JJ Hickson,1610612743.0,Denver,Nuggets,DEN
0021500235,126,4,0,2,9:40 PM,10:43,,,Spurs Rebound,,,3.0,1610612759,,,,,,0,0,,,,,,0,0,,,,,
0021500235,128,2,1,2,9:40 PM,10:36,,,MISS Anderson 22' Jump Shot,,,5.0,203937,Kyle Anderson,1610612759.0,San Antonio,Spurs,SAS,0,0,,,,,,0,0,,,,,
0021500235,129,4,0,2,9:40 PM,10:35,Nelson REBOUND (Off:0 Def:1),,,,,4.0,2749,Jameer Nelson,1610612743.0,Denver,Nuggets,DEN,0,0,,,,,,0,0,,,,,
0021500235,130,6,1,2,9:41 PM,10:31,,,Anderson P.FOUL (P1.T2) (T.Washington),,,5.0,203937,Kyle Anderson,1610612759.0,San Antonio,Spurs,SAS,4,201581,JJ Hickson,1610612743.0,Denver,Nuggets,DEN,1,0,,,,,
0021500235,131,8,0,2,9:41 PM,10:31,,,SUB: Green FOR Anderson,,,5.0,203937,Kyle Anderson,1610612759.0,San Antonio,Spurs,SAS,5,201980,Danny Green,1610612759.0,San Antonio,Spurs,SAS,0,0,,,,,
0021500235,132,5,4,2,9:41 PM,10:27,Barton Traveling Turnover (P2.T4),,,,,4.0,203115,Will Barton,1610612743.0,Denver,Nuggets,DEN,0,0,,,,,,1,0,,,,,
0021500235,133,5,45,2,9:42 PM,10:12,,,West Out of Bounds - Bad Pass Turnover Turnover (P1.T5),,,5.0,2561,David West,1610612759.0,San Antonio,Spurs,SAS,0,0,,,,,,1,0,,,,,
0021500235,134,1,1,2,9:42 PM,9:53,Miller 25' 3PT Jump Shot (3 PTS) (Foye 2 AST),,,18 - 23,5,4.0,2034,Mike Miller,1610612743.0,Denver,Nuggets,DEN,4,200751,Randy Foye,1610612743.0,Denver,Nuggets,DEN,0,0,,,,,
0021500235,135,9,1,2,9:42 PM,9:53,,,Spurs Timeout: Regular (Reg.2 Short 0),,,3.0,1610612759,,,,,,0,0,,,,,,0,0,,,,,
0021500235,139,6,1,2,9:45 PM,9:47,Nelson P.FOUL (P1.T1) (C.Blair),,,,,4.0,2749,Jameer Nelson,1610612743.0,Denver,Nuggets,DEN,5,2561,David West,1610612759.0,San Antonio,Spurs,SAS,1,0,,,,,
0021500235,140,5,1,2,9:45 PM,9:40,Miller STEAL (1 STL),,Mills Bad Pass Turnover (P2.T6),,,5.0,201988,Patty Mills,1610612759.0,San Antonio,Spurs,SAS,4,2034,Mike Miller,1610612743.0,Denver,Nuggets,DEN,0,0,,,,,
0021500235,141,1,81,2,9:45 PM,9:34,Nelson 25' 3PT Pullup Bank Shot (3 PTS),,,18 - 26,8,4.0,2749,Jameer Nelson,1610612743.0,Denver,Nuggets,DEN,0,0,,,,,,0,0,,,,,
0021500235,142,6,2,2,9:46 PM,9:21,Miller S.FOUL (P2.T2) (C.Kirkland),,,,,4.0,2034,Mike Miller,1610612743.0,Denver,Nuggets,DEN,5,2561,David West,1610612759.0,San Antonio,Spurs,SAS,1,0,,,,,
0021500235,143,3,11,2,9:46 PM,9:21,,,West Free Throw 1 of 2 (1 PTS),19 - 26,7,5.0,2561,David West,1610612759.0,San Antonio,Spurs,SAS,0,0,,,,,,0,0,,,,,
0021500235,145,8,0,2,9:46 PM,9:21,,,SUB: Parker FOR Mills,,,5.0,201988,Patty Mills,1610612759.0,San Antonio,Spurs,SAS,5,2225,Tony Parker,1610612759.0,San Antonio,Spurs,SAS,0,0,,,,,
0021500235,146,3,12,2,9:46 PM,9:21,,,West Free Throw 2 of 2 (2 PTS),20 - 26,6,5.0,2561,David West,1610612759.0,San Antonio,Spurs,SAS,0,0,,,,,,0,0,,,,,
0021500235,148,1,1,2,9:47 PM,9:10,Nelson 25' 3PT Jump Shot (6 PTS),,,20 - 29,9,4.0,2749,Jameer Nelson,1610612743.0,Denver,Nuggets,DEN,0,0,,,,,,0,0,,,,,
0021500235,149,6,1,2,9:47 PM,8:56,Hickson P.FOUL (P2.T3) (T.Washington),,,,,4.0,201581,JJ Hickson,1610612743.0,Denver,Nuggets,DEN,5,2561,David West,1610612759.0,San Antonio,Spurs,SAS,1,0,,,,,
0021500235,150,2,3,2,9:47 PM,8:45,Hickson BLOCK (2 BLK),,MISS West 4' Hook Shot,,,5.0,2561,David West,1610612759.0,San Antonio,Spurs,SAS,0,0,,,,,,4,201581,JJ Hickson,1610612743.0,Denver,Nuggets,DEN
0021500235,151,4,0,2,9:47 PM,8:44,NUGGETS Rebound,,,,,2.0,1610612743,,,,,,0,0,,,,,,0,0,,,,,
0021500235,153,1,1,2,9:48 PM,8:30,Barton 14' Jump Shot (7 PTS),,,20 - 31,11,4.0,203115,Will Barton,1610612743.0,Denver,Nuggets,DEN,0,0,,,,,,0,0,,,,,
0021500235,154,1,1,2,9:48 PM,8:15,,,Green 25' 3PT Jump Shot (3 PTS) (Parker 2 AST),23 - 31,8,5.0,201980,Danny Green,1610612759.0,San Antonio,Spurs,SAS,5,2225,Tony Parker,1610612759.0,San Antonio,Spurs,SAS,0,0,,,,,
0021500235,155,2,1,2,9:48 PM,8:00,MISS Miller 25' 3PT Jump Shot,,,,,4.0,2034,Mike Miller,1610612743.0,Denver,Nuggets,DEN,0,0,,,,,,0,0,,,,,
0021500235,156,4,0,2,9:48 PM,7:59,,,Green REBOUND (Off:0 Def:1),,,5.0,201980,Danny Green,1610612759.0,San Antonio,Spurs,SAS,0,0,,,,,,0,0,,,,,
0021500235,157,1,1,2,9:48 PM,7:49,,,Parker 19' Jump Shot (2 PTS),25 - 31,6,5.0,2225,Tony Parker,1610612759.0,San Antonio,Spurs,SAS,0,0,,,,,,0,0,,,,,
0021500235,158,1,108,2,9:48 PM,7:38,Hickson  Cutting Dunk Shot (4 PTS) (Foye 3 AST),,,25 - 33,8,4.0,201581,JJ Hickson,1610612743.0,Denver,Nuggets,DEN,4,200751,Randy Foye,1610612743.0,Denver,Nuggets,DEN,0,0,,,,,
0021500235,159,1,44,2,9:49 PM,7:11,,,Simmons 1' Reverse Layup (2 PTS) (Diaw 1 AST),27 - 33,6,5.0,203613,Jonathon Simmons,1610612759.0,San Antonio,Spurs,SAS,5,2564,Boris Diaw,1610612759.0,San Antonio,Spurs,SAS,0,0,,,,,
0021500235,160,5,1,2,9:49 PM,6:52,Nelson Bad Pass Turnover (P1.T5),,West STEAL (1 STL),,,4.0,2749,Jameer Nelson,1610612743.0,Denver,Nuggets,DEN,5,2561,David West,1610612759.0,San Antonio,Spurs,SAS,0,0,,,,,
0021500235,161,5,1,2,9:49 PM,6:49,Barton STEAL (1 STL),,Green Bad Pass Turnover (P1.T7),,,5.0,201980,Danny Green,1610612759.0,San Antonio,Spurs,SAS,4,203115,Will Barton,1610612743.0,Denver,Nuggets,DEN,0,0,,,,,
0021500235,162,5,2,2,9:49 PM,6:46,Barton Lost Ball Turnover (P3.T6),,Green STEAL (1 STL),,,4.0,203115,Will Barton,1610612743.0,Denver,Nuggets,DEN,5,201980,Danny Green,1610612759.0,San Antonio,Spurs,SAS,0,0,,,,,
0021500235,163,5,1,2,9:50 PM,6:35,Barton STEAL (2 STL),,Simmons Bad Pass Turnover (P2.T8),,,5.0,203613,Jonathon Simmons,1610612759.0,San Antonio,Spurs,SAS,4,203115,Will Barton,1610612743.0,Denver,Nuggets,DEN,0,0,,,,,
0021500235,164,6,28,2,9:50 PM,6:32,,,Parker Personal Take Foul (P1.T3) (C.Blair),,,5.0,2225,Tony Parker,1610612759.0,San Antonio,Spurs,SAS,4,203115,Will Barton,1610612743.0,Denver,Nuggets,DEN,1,0,,,,,
0021500235,170,8,0,2,9:50 PM,6:32,,,SUB: Leonard FOR Simmons,,,5.0,203613,Jonathon Simmons,1610612759.0,San Antonio,Spurs,SAS,5,202695,Kawhi Leonard,1610612759.0,San Antonio,Spurs,SAS,0,0,,,,,
0021500235,165,8,0,2,9:50 PM,6:32,SUB: Gallinari FOR Miller,,,,,4.0,2034,Mike Miller,1610612743.0,Denver,Nuggets,DEN,4,201568,Danilo Gallinari,1610612743.0,Denver,Nuggets,DEN,0,0,,,,,
0021500235,166,8,0,2,9:50 PM,6:32,,,SUB: Aldridge FOR West,,,5.0,2561,David West,1610612759.0,San Antonio,Spurs,SAS,5,200746,LaMarcus Aldridge,1610612759.0,San Antonio,Spurs,SAS,0,0,,,,,
0021500235,167,8,0,2,9:50 PM,6:32,,,SUB: Anderson FOR Diaw,,,5.0,2564,Boris Diaw,1610612759.0,San Antonio,Spurs,SAS,5,203937,Kyle Anderson,1610612759.0,San Antonio,Spurs,SAS,0,0,,,,,
0021500235,168,6,2,2,9:50 PM,6:27,,,Leonard S.FOUL (P1.T4) (T.Washington),,,5.0,202695,Kawhi Leonard,1610612759.0,San Antonio,Spurs,SAS,4,201581,JJ Hickson,1610612743.0,Denver,Nuggets,DEN,1,0,,,,,
0021500235,171,3,11,2,9:51 PM,6:27,Hickson Free Throw 1 of 2 (5 PTS),,,27 - 34,7,4.0,201581,JJ Hickson,1610612743.0,Denver,Nuggets,DEN,0,0,,,,,,0,0,,,,,
0021500235,173,3,12,2,9:51 PM,6:27,MISS Hickson Free Throw 2 of 2,,,,,4.0,201581,JJ Hickson,1610612743.0,Denver,Nuggets,DEN,0,0,,,,,,0,0,,,,,
0021500235,175,4,0,2,9:51 PM,6:26,,,Aldridge REBOUND (Off:1 Def:3),,,5.0,200746,LaMarcus Aldridge,1610612759.0,San Antonio,Spurs,SAS,0,0,,,,,,0,0,,,,,
0021500235,176,1,42,2,9:51 PM,6:08,,,Leonard 1' Driving Layup (4 PTS),29 - 34,5,5.0,202695,Kawhi Leonard,1610612759.0,San Antonio,Spurs,SAS,0,0,,,,,,0,0,,,,,
0021500235,177,2,1,2,9:51 PM,5:59,MISS Gallinari 16' Jump Shot,,,,,4.0,201568,Danilo Gallinari,1610612743.0,Denver,Nuggets,DEN,0,0,,,,,,0,0,,,,,
0021500235,178,4,0,2,9:52 PM,5:58,,,Leonard REBOUND (Off:0 Def:1),,,5.0,202695,Kawhi Leonard,1610612759.0,San Antonio,Spurs,SAS,0,0,,,,,,0,0,,,,,
0021500235,179,2,1,2,9:52 PM,5:50,,,MISS Green 25' 3PT Jump Shot,,,5.0,201980,Danny Green,1610612759.0,San Antonio,Spurs,SAS,0,0,,,,,,0,0,,,,,
0021500235,180,4,0,2,9:52 PM,5:49,Gallinari REBOUND (Off:0 Def:4),,,,,4.0,201568,Danilo Gallinari,1610612743.0,Denver,Nuggets,DEN,0,0,,,,,,0,0,,,,,
0021500235,181,2,42,2,9:52 PM,5:45,MISS Hickson 1' Driving Layup,,,,,4.0,201581,JJ Hickson,1610612743.0,Denver,Nuggets,DEN,0,0,,,,,,0,0,,,,,
0021500235,183,4,0,2,9:52 PM,5:44,Gallinari REBOUND (Off:1 Def:4),,,,,4.0,201568,Danilo Gallinari,1610612743.0,Denver,Nuggets,DEN,0,0,,,,,,0,0,,,,,
0021500235,182,1,87,2,9:52 PM,5:43,Gallinari  Putback Dunk (7 PTS),,,29 - 36,7,4.0,201568,Danilo Gallinari,1610612743.0,Denver,Nuggets,DEN,0,0,,,,,,0,0,,,,,
0021500235,184,1,1,2,9:52 PM,5:17,,,Leonard 17' Jump Shot (6 PTS) (Parker 3 AST),31 - 36,5,5.0,202695,Kawhi Leonard,1610612759.0,San Antonio,Spurs,SAS,5,2225,Tony Parker,1610612759.0,San Antonio,Spurs,SAS,0,0,,,,,
0021500235,185,2,47,2,9:52 PM,5:01,MISS Hickson 13' Turnaround Jump Shot,,Aldridge BLOCK (1 BLK),,,4.0,201581,JJ Hickson,1610612743.0,Denver,Nuggets,DEN,0,0,,,,,,5,200746,LaMarcus Aldridge,1610612759.0,San Antonio,Spurs,SAS
0021500235,186,4,0,2,9:53 PM,4:59,,,Anderson REBOUND (Off:0 Def:2),,,5.0,203937,Kyle Anderson,1610612759.0,San Antonio,Spurs,SAS,0,0,,,,,,0,0,,,,,
0021500235,187,5,4,2,9:53 PM,4:42,,,Parker Traveling Turnover (P2.T9),,,5.0,2225,Tony Parker,1610612759.0,San Antonio,Spurs,SAS,0,0,,,,,,1,0,,,,,
0021500235,188,9,4,2,9:53 PM,4:42,,,,,,1.0,0,,,,,,0,0,,,,,,0,0,,,,,
0021500235,190,8,0,2,9:55 PM,4:42,SUB: Mudiay FOR Hickson,,,,,4.0,201581,JJ Hickson,1610612743.0,Denver,Nuggets,DEN,4,1626144,Emmanuel Mudiay,1610612743.0,Denver,Nuggets,DEN,0,0,,,,,
0021500235,191,8,0,2,9:55 PM,4:42,SUB: Arthur FOR Nelson,,,,,4.0,2749,Jameer Nelson,1610612743.0,Denver,Nuggets,DEN,4,201589,Darrell Arthur,1610612743.0,Denver,Nuggets,DEN,0,0,,,,,
0021500235,193,2,80,2,9:56 PM,4:27,MISS Mudiay 21' Step Back Jump Shot,,,,,4.0,1626144,Emmanuel Mudiay,1610612743.0,Denver,Nuggets,DEN,0,0,,,,,,0,0,,,,,
0021500235,194,4,0,2,9:56 PM,4:26,,,Leonard REBOUND (Off:0 Def:2),,,5.0,202695,Kawhi Leonard,1610612759.0,San Antonio,Spurs,SAS,0,0,,,,,,0,0,,,,,
0021500235,195,1,42,2,9:56 PM,4:22,,,Leonard 3' Driving Layup (8 PTS),33 - 36,3,5.0,202695,Kawhi Leonard,1610612759.0,San Antonio,Spurs,SAS,0,0,,,,,,0,0,,,,,
0021500235,196,6,2,2,9:56 PM,4:22,Mudiay S.FOUL (P1.T4) (T.Washington),,,,,4.0,1626144,Emmanuel Mudiay,1610612743.0,Denver,Nuggets,DEN,5,202695,Kawhi Leonard,1610612759.0,San Antonio,Spurs,SAS,1,0,,,,,
0021500235,197,3,10,2,9:56 PM,4:22,,,Leonard Free Throw 1 of 1 (9 PTS),34 - 36,2,5.0,202695,Kawhi Leonard,1610612759.0,San Antonio,Spurs,SAS,0,0,,,,,,0,0,,,,,
0021500235,199,2,42,2,9:56 PM,4:12,MISS Gallinari 2' Driving Layup,,,,,4.0,201568,Danilo Gallinari,1610612743.0,Denver,Nuggets,DEN,0,0,,,,,,0,0,,,,,
0021500235,201,4,0,2,9:56 PM,4:09,Barton REBOUND (Off:2 Def:1),,,,,4.0,203115,Will Barton,1610612743.0,Denver,Nuggets,DEN,0,0,,,,,,0,0,,,,,
0021500235,200,1,87,2,9:56 PM,4:09,Barton  Putback Dunk (9 PTS),,,34 - 38,4,4.0,203115,Will Barton,1610612743.0,Denver,Nuggets,DEN,0,0,,,,,,0,0,,,,,
0021500235,202,2,1,2,9:57 PM,3:51,,,MISS Aldridge 20' Jump Shot,,,5.0,200746,LaMarcus Aldridge,1610612759.0,San Antonio,Spurs,SAS,0,0,,,,,,0,0,,,,,
0021500235,203,4,0,2,9:57 PM,3:50,Mudiay REBOUND (Off:0 Def:2),,,,,4.0,1626144,Emmanuel Mudiay,1610612743.0,Denver,Nuggets,DEN,0,0,,,,,,0,0,,,,,
0021500235,204,1,98,2,9:57 PM,3:35,Mudiay 2' Cutting Layup Shot (4 PTS) (Barton 1 AST),,,34 - 40,6,4.0,1626144,Emmanuel Mudiay,1610612743.0,Denver,Nuggets,DEN,4,203115,Will Barton,1610612743.0,Denver,Nuggets,DEN,0,0,,,,,
0021500235,206,8,0,2,9:58 PM,3:16,SUB: Harris FOR Foye,,,,,4.0,200751,Randy Foye,1610612743.0,Denver,Nuggets,DEN,4,203914,Gary Harris,1610612743.0,Denver,Nuggets,DEN,0,0,,,,,
0021500235,207,2,98,2,9:58 PM,3:10,,,MISS Green 2' Cutting Layup Shot,,,5.0,201980,Danny Green,1610612759.0,San Antonio,Spurs,SAS,0,0,,,,,,0,0,,,,,
0021500235,208,4,0,2,9:58 PM,3:09,Barton REBOUND (Off:2 Def:2),,,,,4.0,203115,Will Barton,1610612743.0,Denver,Nuggets,DEN,0,0,,,,,,0,0,,,,,
0021500235,209,1,80,2,9:58 PM,3:01,Barton 20' Step Back Jump Shot (11 PTS),,,34 - 42,8,4.0,203115,Will Barton,1610612743.0,Denver,Nuggets,DEN,0,0,,,,,,0,0,,,,,
0021500235,210,1,1,2,9:58 PM,2:38,,,Parker 20' Jump Shot (4 PTS),36 - 42,6,5.0,2225,Tony Parker,1610612759.0,San Antonio,Spurs,SAS,0,0,,,,,,0,0,,,,,
0021500235,211,2,5,2,9:59 PM,2:24,MISS Arthur 2' Layup,,Leonard BLOCK (2 BLK),,,4.0,201589,Darrell Arthur,1610612743.0,Denver,Nuggets,DEN,0,0,,,,,,5,202695,Kawhi Leonard,1610612759.0,San Antonio,Spurs,SAS
0021500235,212,4,0,2,9:59 PM,2:23,NUGGETS Rebound,,,,,2.0,1610612743,,,,,,0,0,,,,,,0,0,,,,,
0021500235,214,9,1,2,9:59 PM,2:23,NUGGETS Timeout: Regular (Full 2 Short 0),,,,,2.0,1610612743,,,,,,0,0,,,,,,0,0,,,,,
0021500235,217,8,0,2,10:01 PM,2:23,,,SUB: Diaw FOR Aldridge,,,5.0,200746,LaMarcus Aldridge,1610612759.0,San Antonio,Spurs,SAS,5,2564,Boris Diaw,1610612759.0,San Antonio,Spurs,SAS,0,0,,,,,
0021500235,218,8,0,2,10:01 PM,2:23,,,SUB: Simmons FOR Green,,,5.0,201980,Danny Green,1610612759.0,San Antonio,Spurs,SAS,5,203613,Jonathon Simmons,1610612759.0,San Antonio,Spurs,SAS,0,0,,,,,
0021500235,219,2,71,2,10:02 PM,2:12,MISS Gallinari 2' Finger Roll Layup,,Leonard BLOCK (3 BLK),,,4.0,201568,Danilo Gallinari,1610612743.0,Denver,Nuggets,DEN,0,0,,,,,,5,202695,Kawhi Leonard,1610612759.0,San Antonio,Spurs,SAS
0021500235,220,4,0,2,10:02 PM,2:10,,,Diaw REBOUND (Off:0 Def:4),,,5.0,2564,Boris Diaw,1610612759.0,San Antonio,Spurs,SAS,0,0,,,,,,0,0,,,,,
0021500235,221,2,42,2,10:02 PM,2:02,,,MISS Parker 2' Driving Layup,,,5.0,2225,Tony Parker,1610612759.0,San Antonio,Spurs,SAS,0,0,,,,,,0,0,,,,,
0021500235,222,4,0,2,10:02 PM,2:01,Arthur REBOUND (Off:1 Def:2),,,,,4.0,201589,Darrell Arthur,1610612743.0,Denver,Nuggets,DEN,0,0,,,,,,0,0,,,,,
0021500235,223,2,5,2,10:02 PM,1:53,MISS Arthur 2' Layup,,,,,4.0,201589,Darrell Arthur,1610612743.0,Denver,Nuggets,DEN,0,0,,,,,,0,0,,,,,
0021500235,225,4,0,2,10:02 PM,1:53,Mudiay REBOUND (Off:1 Def:2),,,,,4.0,1626144,Emmanuel Mudiay,1610612743.0,Denver,Nuggets,DEN,0,0,,,,,,0,0,,,,,
0021500235,224,2,1,2,10:02 PM,1:53,MISS Mudiay 4' Jump Shot,,Leonard BLOCK (4 BLK),,,4.0,1626144,Emmanuel Mudiay,1610612743.0,Denver,Nuggets,DEN,0,0,,,,,,5,202695,Kawhi Leonard,1610612759.0,San Antonio,Spurs,SAS
0021500235,226,4,0,2,10:02 PM,1:51,,,Simmons REBOUND (Off:0 Def:1),,,5.0,203613,Jonathon Simmons,1610612759.0,San Antonio,Spurs,SAS,0,0,,,,,,0,0,,,,,
0021500235,227,1,1,2,10:02 PM,1:40,,,Leonard  3PT Jump Shot (12 PTS) (Anderson 1 AST),39 - 42,3,5.0,202695,Kawhi Leonard,1610612759.0,San Antonio,Spurs,SAS,5,203937,Kyle Anderson,1610612759.0,San Antonio,Spurs,SAS,0,0,,,,,
0021500235,228,2,1,2,10:02 PM,1:22,MISS Gallinari 21' Jump Shot,,,,,4.0,201568,Danilo Gallinari,1610612743.0,Denver,Nuggets,DEN,0,0,,,,,,0,0,,,,,
0021500235,229,4,0,2,10:02 PM,1:21,,,Anderson REBOUND (Off:0 Def:3),,,5.0,203937,Kyle Anderson,1610612759.0,San Antonio,Spurs,SAS,0,0,,,,,,0,0,,,,,
0021500235,230,1,1,2,10:03 PM,1:03,,,Parker 22' Jump Shot (6 PTS),41 - 42,1,5.0,2225,Tony Parker,1610612759.0,San Antonio,Spurs,SAS,0,0,,,,,,0,0,,,,,
0021500235,231,2,1,2,10:03 PM,0:52,MISS Barton 22' Jump Shot,,,,,4.0,203115,Will Barton,1610612743.0,Denver,Nuggets,DEN,0,0,,,,,,0,0,,,,,
0021500235,232,4,0,2,10:03 PM,0:51,,,Leonard REBOUND (Off:0 Def:3),,,5.0,202695,Kawhi Leonard,1610612759.0,San Antonio,Spurs,SAS,0,0,,,,,,0,0,,,,,
0021500235,233,1,1,2,10:03 PM,0:35,,,Parker 24' 3PT Jump Shot (9 PTS) (Leonard 3 AST),44 - 42,-2,5.0,2225,Tony Parker,1610612759.0,San Antonio,Spurs,SAS,5,202695,Kawhi Leonard,1610612759.0,San Antonio,Spurs,SAS,0,0,,,,,
0021500235,234,9,1,2,10:03 PM,0:35,NUGGETS Timeout: Regular (Full 3 Short 0),,,,,2.0,1610612743,,,,,,0,0,,,,,,0,0,,,,,
0021500235,238,5,1,2,10:05 PM,0:22,Mudiay Bad Pass Turnover (P1.T7),,Leonard STEAL (2 STL),,,4.0,1626144,Emmanuel Mudiay,1610612743.0,Denver,Nuggets,DEN,5,202695,Kawhi Leonard,1610612759.0,San Antonio,Spurs,SAS,0,0,,,,,
0021500235,239,1,63,2,10:06 PM,0:02,,,Parker 18' Fadeaway Jumper (11 PTS),46 - 42,-4,5.0,2225,Tony Parker,1610612759.0,San Antonio,Spurs,SAS,0,0,,,,,,0,0,,,,,
0021500235,240,13,0,2,10:06 PM,0:00,,,,46 - 42,-4,0.0,0,,,,,,0,0,,,,,,0,0,,,,,
0021500235,242,12,0,3,10:22 PM,12:00,,,,46 - 42,-4,0.0,0,,,,,,0,0,,,,,,0,0,,,,,
0021500235,243,6,4,3,10:22 PM,11:45,Jokic OFF.Foul (P3) (C.Kirkland),,,,,4.0,203999,Nikola Jokic,1610612743.0,Denver,Nuggets,DEN,5,2225,Tony Parker,1610612759.0,San Antonio,Spurs,SAS,1,0,,,,,
0021500235,244,5,5,3,10:22 PM,11:45,Jokic Foul Turnover (P2.T8),,,,,4.0,203999,Nikola Jokic,1610612743.0,Denver,Nuggets,DEN,0,0,,,,,,1,0,,,,,
0021500235,245,2,1,3,10:23 PM,11:29,,,MISS Aldridge 15' Jump Shot,,,5.0,200746,LaMarcus Aldridge,1610612759.0,San Antonio,Spurs,SAS,0,0,,,,,,0,0,,,,,
0021500235,246,4,0,3,10:23 PM,11:28,,,Leonard REBOUND (Off:1 Def:3),,,5.0,202695,Kawhi Leonard,1610612759.0,San Antonio,Spurs,SAS,0,0,,,,,,0,0,,,,,
0021500235,247,5,40,3,10:23 PM,11:27,,,Leonard Out of Bounds Lost Ball Turnover (P2.T10),,,5.0,202695,Kawhi Leonard,1610612759.0,San Antonio,Spurs,SAS,0,0,,,,,,1,0,,,,,
0021500235,248,6,1,3,10:23 PM,11:20,,,Diaw P.FOUL (P2.T1) (T.Washington),,,5.0,2564,Boris Diaw,1610612759.0,San Antonio,Spurs,SAS,4,203999,Nikola Jokic,1610612743.0,Denver,Nuggets,DEN,1,0,,,,,
0021500235,249,2,47,3,10:23 PM,11:04,MISS Arthur 8' Turnaround Jump Shot,,,,,4.0,201589,Darrell Arthur,1610612743.0,Denver,Nuggets,DEN,0,0,,,,,,0,0,,,,,
0021500235,250,4,0,3,10:23 PM,11:02,,,Green REBOUND (Off:0 Def:2),,,5.0,201980,Danny Green,1610612759.0,San Antonio,Spurs,SAS,0,0,,,,,,0,0,,,,,
0021500235,251,1,1,3,10:24 PM,10:48,,,Leonard 19' Jump Shot (14 PTS) (Aldridge 1 AST),48 - 42,-6,5.0,202695,Kawhi Leonard,1610612759.0,San Antonio,Spurs,SAS,5,200746,LaMarcus Aldridge,1610612759.0,San Antonio,Spurs,SAS,0,0,,,,,
0021500235,252,2,80,3,10:24 PM,10:31,MISS Mudiay 16' Step Back Jump Shot,,,,,4.0,1626144,Emmanuel Mudiay,1610612743.0,Denver,Nuggets,DEN,0,0,,,,,,0,0,,,,,
0021500235,253,4,0,3,10:24 PM,10:30,,,Leonard REBOUND (Off:1 Def:4),,,5.0,202695,Kawhi Leonard,1610612759.0,San Antonio,Spurs,SAS,0,0,,,,,,0,0,,,,,
0021500235,254,2,3,3,10:24 PM,10:21,,,MISS Aldridge 3' Hook Shot,,,5.0,200746,LaMarcus Aldridge,1610612759.0,San Antonio,Spurs,SAS,0,0,,,,,,0,0,,,,,
0021500235,255,4,0,3,10:24 PM,10:20,Jokic REBOUND (Off:1 Def:1),,,,,4.0,203999,Nikola Jokic,1610612743.0,Denver,Nuggets,DEN,0,0,,,,,,0,0,,,,,
0021500235,256,5,39,3,10:24 PM,10:16,Harris Step Out of Bounds Turnover (P2.T9),,,,,4.0,203914,Gary Harris,1610612743.0,Denver,Nuggets,DEN,0,0,,,,,,1,0,,,,,
0021500235,257,1,75,3,10:25 PM,10:00,,,Parker 2' Driving Finger Roll Layup (13 PTS),50 - 42,-8,5.0,2225,Tony Parker,1610612759.0,San Antonio,Spurs,SAS,0,0,,,,,,0,0,,,,,
0021500235,258,9,1,3,10:25 PM,10:00,NUGGETS Timeout: Regular (Full 4 Short 0),,,,,2.0,1610612743,,,,,,0,0,,,,,,0,0,,,,,
0021500235,261,8,0,3,10:27 PM,10:00,SUB: Miller FOR Jokic,,,,,4.0,203999,Nikola Jokic,1610612743.0,Denver,Nuggets,DEN,4,2034,Mike Miller,1610612743.0,Denver,Nuggets,DEN,0,0,,,,,
0021500235,262,1,1,3,10:27 PM,9:40,Harris 24' 3PT Jump Shot (5 PTS) (Miller 1 AST),,,50 - 45,-5,4.0,203914,Gary Harris,1610612743.0,Denver,Nuggets,DEN,4,2034,Mike Miller,1610612743.0,Denver,Nuggets,DEN,0,0,,,,,
0021500235,263,2,1,3,10:28 PM,9:25,,,MISS Green 25' 3PT Jump Shot,,,5.0,201980,Danny Green,1610612759.0,San Antonio,Spurs,SAS,0,0,,,,,,0,0,,,,,
0021500235,264,4,0,3,10:28 PM,9:24,Gallinari REBOUND (Off:1 Def:5),,,,,4.0,201568,Danilo Gallinari,1610612743.0,Denver,Nuggets,DEN,0,0,,,,,,0,0,,,,,
0021500235,265,2,41,3,10:28 PM,9:18,MISS Gallinari 3' Running Layup,,Leonard BLOCK (5 BLK),,,4.0,201568,Danilo Gallinari,1610612743.0,Denver,Nuggets,DEN,0,0,,,,,,5,202695,Kawhi Leonard,1610612759.0,San Antonio,Spurs,SAS
0021500235,266,4,0,3,10:28 PM,9:15,,,Diaw REBOUND (Off:0 Def:5),,,5.0,2564,Boris Diaw,1610612759.0,San Antonio,Spurs,SAS,0,0,,,,,,0,0,,,,,
0021500235,267,2,1,3,10:28 PM,9:03,,,MISS Leonard  3PT Jump Shot,,,5.0,202695,Kawhi Leonard,1610612759.0,San Antonio,Spurs,SAS,0,0,,,,,,0,0,,,,,
0021500235,268,4,0,3,10:28 PM,9:02,Miller REBOUND (Off:0 Def:1),,,,,4.0,2034,Mike Miller,1610612743.0,Denver,Nuggets,DEN,0,0,,,,,,0,0,,,,,
0021500235,269,2,5,3,10:28 PM,8:53,MISS Mudiay 2' Layup,,,,,4.0,1626144,Emmanuel Mudiay,1610612743.0,Denver,Nuggets,DEN,0,0,,,,,,0,0,,,,,
0021500235,270,4,0,3,10:28 PM,8:52,,,Green REBOUND (Off:0 Def:3),,,5.0,201980,Danny Green,1610612759.0,San Antonio,Spurs,SAS,0,0,,,,,,0,0,,,,,
0021500235,271,1,63,3,10:29 PM,8:29,,,Leonard 15' Fadeaway Jumper (16 PTS),52 - 45,-7,5.0,202695,Kawhi Leonard,1610612759.0,San Antonio,Spurs,SAS,0,0,,,,,,0,0,,,,,
0021500235,272,6,1,3,10:29 PM,8:20,,,Diaw P.FOUL (P3.T2) (C.Kirkland),,,5.0,2564,Boris Diaw,1610612759.0,San Antonio,Spurs,SAS,4,201568,Danilo Gallinari,1610612743.0,Denver,Nuggets,DEN,1,0,,,,,
0021500235,273,1,86,3,10:29 PM,8:12,Mudiay 10' Turnaround Fadeaway (6 PTS) (Harris 2 AST),,,52 - 47,-5,4.0,1626144,Emmanuel Mudiay,1610612743.0,Denver,Nuggets,DEN,4,203914,Gary Harris,1610612743.0,Denver,Nuggets,DEN,0,0,,,,,
0021500235,274,6,2,3,10:29 PM,8:12,,,Parker S.FOUL (P2.T3) (C.Blair),,,5.0,2225,Tony Parker,1610612759.0,San Antonio,Spurs,SAS,4,1626144,Emmanuel Mudiay,1610612743.0,Denver,Nuggets,DEN,1,0,,,,,
0021500235,275,3,10,3,10:30 PM,8:12,Mudiay Free Throw 1 of 1 (7 PTS),,,52 - 48,-4,4.0,1626144,Emmanuel Mudiay,1610612743.0,Denver,Nuggets,DEN,0,0,,,,,,0,0,,,,,
0021500235,277,6,1,3,10:30 PM,8:04,Arthur P.FOUL (P1.T1) (C.Kirkland),,,,,4.0,201589,Darrell Arthur,1610612743.0,Denver,Nuggets,DEN,5,2564,Boris Diaw,1610612759.0,San Antonio,Spurs,SAS,1,0,,,,,
0021500235,278,2,3,3,10:30 PM,7:51,,,MISS Diaw 3' Hook Shot,,,5.0,2564,Boris Diaw,1610612759.0,San Antonio,Spurs,SAS,0,0,,,,,,0,0,,,,,
0021500235,279,4,0,3,10:30 PM,7:50,Gallinari REBOUND (Off:1 Def:6),,,,,4.0,201568,Danilo Gallinari,1610612743.0,Denver,Nuggets,DEN,0,0,,,,,,0,0,,,,,
0021500235,280,2,41,3,10:31 PM,7:43,MISS Gallinari 3' Running Layup,,Parker BLOCK (1 BLK),,,4.0,201568,Danilo Gallinari,1610612743.0,Denver,Nuggets,DEN,0,0,,,,,,5,2225,Tony Parker,1610612759.0,San Antonio,Spurs,SAS
0021500235,281,4,0,3,10:31 PM,7:42,,,Leonard REBOUND (Off:1 Def:5),,,5.0,202695,Kawhi Leonard,1610612759.0,San Antonio,Spurs,SAS,0,0,,,,,,0,0,,,,,
0021500235,282,5,2,3,10:31 PM,7:32,Arthur STEAL (1 STL),,Aldridge Lost Ball Turnover (P1.T11),,,5.0,200746,LaMarcus Aldridge,1610612759.0,San Antonio,Spurs,SAS,4,201589,Darrell Arthur,1610612743.0,Denver,Nuggets,DEN,0,0,,,,,
0021500235,283,5,2,3,10:31 PM,7:28,Mudiay Lost Ball Turnover (P2.T10),,Leonard STEAL (3 STL),,,4.0,1626144,Emmanuel Mudiay,1610612743.0,Denver,Nuggets,DEN,5,202695,Kawhi Leonard,1610612759.0,San Antonio,Spurs,SAS,0,0,,,,,
0021500235,284,6,2,3,10:31 PM,7:21,Mudiay S.FOUL (P2.T2) (T.Washington),,,,,4.0,1626144,Emmanuel Mudiay,1610612743.0,Denver,Nuggets,DEN,5,2225,Tony Parker,1610612759.0,San Antonio,Spurs,SAS,1,0,,,,,
0021500235,285,3,11,3,10:31 PM,7:21,,,MISS Parker Free Throw 1 of 2,,,5.0,2225,Tony Parker,1610612759.0,San Antonio,Spurs,SAS,0,0,,,,,,0,0,,,,,
0021500235,286,4,1,3,10:31 PM,7:21,,,Spurs Rebound,,,3.0,1610612759,,,,,,0,0,,,,,,0,0,,,,,
0021500235,287,3,12,3,10:32 PM,7:21,,,MISS Parker Free Throw 2 of 2,,,5.0,2225,Tony Parker,1610612759.0,San Antonio,Spurs,SAS,0,0,,,,,,0,0,,,,,
0021500235,289,4,0,3,10:32 PM,7:20,Arthur REBOUND (Off:1 Def:3),,,,,4.0,201589,Darrell Arthur,1610612743.0,Denver,Nuggets,DEN,0,0,,,,,,0,0,,,,,
0021500235,290,6,17,3,10:32 PM,7:06,,,Spurs T.Foul (Def. 3 Sec Aldridge ) (C.Kirkland),,,5.0,200746,LaMarcus Aldridge,1610612759.0,San Antonio,Spurs,SAS,0,0,,,,,,1,0,,,,,
0021500235,291,3,16,3,10:32 PM,7:06,Gallinari Free Throw Technical (8 PTS),,,52 - 49,-3,4.0,201568,Danilo Gallinari,1610612743.0,Denver,Nuggets,DEN,0,0,,,,,,0,0,,,,,
0021500235,293,8,0,3,10:32 PM,7:06,,,SUB: Anderson FOR Diaw,,,5.0,2564,Boris Diaw,1610612759.0,San Antonio,Spurs,SAS,5,203937,Kyle Anderson,1610612759.0,San Antonio,Spurs,SAS,0,0,,,,,
0021500235,294,8,0,3,10:33 PM,7:06,,,SUB: Mills FOR Parker,,,5.0,2225,Tony Parker,1610612759.0,San Antonio,Spurs,SAS,5,201988,Patty Mills,1610612759.0,San Antonio,Spurs,SAS,0,0,,,,,
0021500235,295,1,71,3,10:33 PM,7:00,Mudiay 2' Finger Roll Layup (9 PTS) (Harris 3 AST),,,52 - 51,-1,4.0,1626144,Emmanuel Mudiay,1610612743.0,Denver,Nuggets,DEN,4,203914,Gary Harris,1610612743.0,Denver,Nuggets,DEN,0,0,,,,,
0021500235,296,9,1,3,10:33 PM,7:00,,,Spurs Timeout: Regular (Reg.3 Short 0),,,3.0,1610612759,,,,,,0,0,,,,,,0,0,,,,,
0021500235,297,18,1,3,10:33 PM,7:00,,,,,,,262,Michael Cage,,,,,0,0,,,,,,1,0,,,,,
0021500235,299,8,0,3,10:35 PM,7:00,,,SUB: McCallum FOR Aldridge,,,5.0,200746,LaMarcus Aldridge,1610612759.0,San Antonio,Spurs,SAS,5,203492,Ray McCallum,1610612759.0,San Antonio,Spurs,SAS,0,0,,,,,
0021500235,300,8,0,3,10:35 PM,7:00,,,SUB: West FOR Mills,,,5.0,201988,Patty Mills,1610612759.0,San Antonio,Spurs,SAS,5,2561,David West,1610612759.0,San Antonio,Spurs,SAS,0,0,,,,,
0021500235,302,1,1,3,10:36 PM,6:47,,,Leonard 17' Jump Shot (18 PTS) (McCallum 1 AST),54 - 51,-3,5.0,202695,Kawhi Leonard,1610612759.0,San Antonio,Spurs,SAS,5,203492,Ray McCallum,1610612759.0,San Antonio,Spurs,SAS,0,0,,,,,
0021500235,303,1,1,3,10:36 PM,6:25,Gallinari 25' 3PT Jump Shot (11 PTS),,,54 - 54,TIE,4.0,201568,Danilo Gallinari,1610612743.0,Denver,Nuggets,DEN,0,0,,,,,,0,0,,,,,
0021500235,304,2,1,3,10:36 PM,6:12,,,MISS Leonard 18' Jump Shot,,,5.0,202695,Kawhi Leonard,1610612759.0,San Antonio,Spurs,SAS,0,0,,,,,,0,0,,,,,
0021500235,305,4,0,3,10:36 PM,6:11,Miller REBOUND (Off:0 Def:2),,,,,4.0,2034,Mike Miller,1610612743.0,Denver,Nuggets,DEN,0,0,,,,,,0,0,,,,,
0021500235,306,2,63,3,10:36 PM,5:59,MISS Mudiay 9' Fadeaway Jumper,,,,,4.0,1626144,Emmanuel Mudiay,1610612743.0,Denver,Nuggets,DEN,0,0,,,,,,0,0,,,,,
0021500235,307,4,0,3,10:36 PM,5:58,Arthur REBOUND (Off:2 Def:3),,,,,4.0,201589,Darrell Arthur,1610612743.0,Denver,Nuggets,DEN,0,0,,,,,,0,0,,,,,
0021500235,309,2,3,3,10:37 PM,5:41,MISS Arthur 4' Hook Shot,,,,,4.0,201589,Darrell Arthur,1610612743.0,Denver,Nuggets,DEN,0,0,,,,,,0,0,,,,,
0021500235,310,4,0,3,10:37 PM,5:40,,,Green REBOUND (Off:0 Def:4),,,5.0,201980,Danny Green,1610612759.0,San Antonio,Spurs,SAS,0,0,,,,,,0,0,,,,,
0021500235,311,1,1,3,10:37 PM,5:27,,,Leonard 17' Jump Shot (20 PTS) (Anderson 2 AST),56 - 54,-2,5.0,202695,Kawhi Leonard,1610612759.0,San Antonio,Spurs,SAS,5,203937,Kyle Anderson,1610612759.0,San Antonio,Spurs,SAS,0,0,,,,,
0021500235,312,2,71,3,10:37 PM,5:12,MISS Gallinari 2' Finger Roll Layup,,,,,4.0,201568,Danilo Gallinari,1610612743.0,Denver,Nuggets,DEN,0,0,,,,,,0,0,,,,,
0021500235,313,4,0,3,10:37 PM,5:11,,,West REBOUND (Off:0 Def:1),,,5.0,2561,David West,1610612759.0,San Antonio,Spurs,SAS,0,0,,,,,,0,0,,,,,
0021500235,314,6,1,3,10:38 PM,5:11,Arthur P.FOUL (P2.T3) (T.Washington),,,,,4.0,201589,Darrell Arthur,1610612743.0,Denver,Nuggets,DEN,5,2561,David West,1610612759.0,San Antonio,Spurs,SAS,1,0,,,,,
0021500235,315,8,0,3,10:38 PM,5:11,,,SUB: Simmons FOR Green,,,5.0,201980,Danny Green,1610612759.0,San Antonio,Spurs,SAS,5,203613,Jonathon Simmons,1610612759.0,San Antonio,Spurs,SAS,0,0,,,,,
0021500235,316,5,1,3,10:38 PM,4:52,Miller STEAL (2 STL),,West Bad Pass Turnover (P2.T12),,,5.0,2561,David West,1610612759.0,San Antonio,Spurs,SAS,4,2034,Mike Miller,1610612743.0,Denver,Nuggets,DEN,0,0,,,,,
0021500235,317,5,1,3,10:38 PM,4:49,Miller Bad Pass Turnover (P1.T11),,Leonard STEAL (4 STL),,,4.0,2034,Mike Miller,1610612743.0,Denver,Nuggets,DEN,5,202695,Kawhi Leonard,1610612759.0,San Antonio,Spurs,SAS,0,0,,,,,
0021500235,318,1,98,3,10:38 PM,4:31,,,Simmons 3' Cutting Layup Shot (4 PTS) (Leonard 4 AST),58 - 54,-4,5.0,203613,Jonathon Simmons,1610612759.0,San Antonio,Spurs,SAS,5,202695,Kawhi Leonard,1610612759.0,San Antonio,Spurs,SAS,0,0,,,,,
0021500235,320,8,0,3,10:39 PM,4:17,SUB: Hickson FOR Arthur,,,,,4.0,201589,Darrell Arthur,1610612743.0,Denver,Nuggets,DEN,4,201581,JJ Hickson,1610612743.0,Denver,Nuggets,DEN,0,0,,,,,
0021500235,321,8,0,3,10:39 PM,4:17,,,SUB: Mills FOR McCallum,,,5.0,203492,Ray McCallum,1610612759.0,San Antonio,Spurs,SAS,5,201988,Patty Mills,1610612759.0,San Antonio,Spurs,SAS,0,0,,,,,
0021500235,322,1,108,3,10:39 PM,4:10,Hickson  Cutting Dunk Shot (7 PTS) (Mudiay 3 AST),,,58 - 56,-2,4.0,201581,JJ Hickson,1610612743.0,Denver,Nuggets,DEN,4,1626144,Emmanuel Mudiay,1610612743.0,Denver,Nuggets,DEN,0,0,,,,,
0021500235,323,1,1,3,10:40 PM,3:46,,,Anderson 14' Jump Shot (4 PTS),60 - 56,-4,5.0,203937,Kyle Anderson,1610612759.0,San Antonio,Spurs,SAS,0,0,,,,,,0,0,,,,,
0021500235,324,2,1,3,10:40 PM,3:35,MISS Harris  3PT Jump Shot,,,,,4.0,203914,Gary Harris,1610612743.0,Denver,Nuggets,DEN,0,0,,,,,,0,0,,,,,
0021500235,325,4,0,3,10:40 PM,3:34,,,West REBOUND (Off:0 Def:2),,,5.0,2561,David West,1610612759.0,San Antonio,Spurs,SAS,0,0,,,,,,0,0,,,,,
0021500235,326,1,1,3,10:40 PM,3:22,,,Leonard 26' 3PT Jump Shot (23 PTS) (Mills 1 AST),63 - 56,-7,5.0,202695,Kawhi Leonard,1610612759.0,San Antonio,Spurs,SAS,5,201988,Patty Mills,1610612759.0,San Antonio,Spurs,SAS,0,0,,,,,
0021500235,327,6,4,3,10:40 PM,3:09,Miller OFF.Foul (P3) (T.Washington),,,,,4.0,2034,Mike Miller,1610612743.0,Denver,Nuggets,DEN,5,202695,Kawhi Leonard,1610612759.0,San Antonio,Spurs,SAS,1,0,,,,,
0021500235,328,5,5,3,10:40 PM,3:09,Miller Foul Turnover (P2.T12),,,,,4.0,2034,Mike Miller,1610612743.0,Denver,Nuggets,DEN,0,0,,,,,,1,0,,,,,
0021500235,329,8,0,3,10:41 PM,3:09,SUB: Barton FOR Harris,,,,,4.0,203914,Gary Harris,1610612743.0,Denver,Nuggets,DEN,4,203115,Will Barton,1610612743.0,Denver,Nuggets,DEN,0,0,,,,,
0021500235,330,8,0,3,10:41 PM,3:09,SUB: Nelson FOR Mudiay,,,,,4.0,1626144,Emmanuel Mudiay,1610612743.0,Denver,Nuggets,DEN,4,2749,Jameer Nelson,1610612743.0,Denver,Nuggets,DEN,0,0,,,,,
0021500235,331,1,79,3,10:41 PM,2:49,,,Leonard 17' Pullup Jump Shot (25 PTS),65 - 56,-9,5.0,202695,Kawhi Leonard,1610612759.0,San Antonio,Spurs,SAS,0,0,,,,,,0,0,,,,,
0021500235,332,6,1,3,10:41 PM,2:37,,,Anderson P.FOUL (P2.T4) (C.Blair),,,5.0,203937,Kyle Anderson,1610612759.0,San Antonio,Spurs,SAS,4,201568,Danilo Gallinari,1610612743.0,Denver,Nuggets,DEN,1,0,,,,,
0021500235,333,2,1,3,10:42 PM,2:33,MISS Nelson 22' Jump Shot,,,,,4.0,2749,Jameer Nelson,1610612743.0,Denver,Nuggets,DEN,0,0,,,,,,0,0,,,,,
0021500235,334,4,0,3,10:42 PM,2:32,Hickson REBOUND (Off:1 Def:0),,,,,4.0,201581,JJ Hickson,1610612743.0,Denver,Nuggets,DEN,0,0,,,,,,0,0,,,,,
0021500235,335,6,2,3,10:42 PM,2:30,,,Anderson S.FOUL (P3.PN) (T.Washington),,,5.0,203937,Kyle Anderson,1610612759.0,San Antonio,Spurs,SAS,4,201581,JJ Hickson,1610612743.0,Denver,Nuggets,DEN,1,0,,,,,
0021500235,336,3,11,3,10:42 PM,2:30,Hickson Free Throw 1 of 2 (8 PTS),,,65 - 57,-8,4.0,201581,JJ Hickson,1610612743.0,Denver,Nuggets,DEN,0,0,,,,,,0,0,,,,,
0021500235,338,3,12,3,10:42 PM,2:30,Hickson Free Throw 2 of 2 (9 PTS),,,65 - 58,-7,4.0,201581,JJ Hickson,1610612743.0,Denver,Nuggets,DEN,0,0,,,,,,0,0,,,,,
0021500235,340,2,3,3,10:43 PM,2:11,,,MISS West 8' Hook Shot,,,5.0,2561,David West,1610612759.0,San Antonio,Spurs,SAS,0,0,,,,,,0,0,,,,,
0021500235,341,4,0,3,10:43 PM,2:10,Barton REBOUND (Off:2 Def:3),,,,,4.0,203115,Will Barton,1610612743.0,Denver,Nuggets,DEN,0,0,,,,,,0,0,,,,,
0021500235,342,2,1,3,10:43 PM,2:00,MISS Barton 25' 3PT Jump Shot,,,,,4.0,203115,Will Barton,1610612743.0,Denver,Nuggets,DEN,0,0,,,,,,0,0,,,,,
0021500235,343,4,0,3,10:43 PM,1:59,,,West REBOUND (Off:0 Def:3),,,5.0,2561,David West,1610612759.0,San Antonio,Spurs,SAS,0,0,,,,,,0,0,,,,,
0021500235,344,2,1,3,10:43 PM,1:50,,,MISS West 19' Jump Shot,,,5.0,2561,David West,1610612759.0,San Antonio,Spurs,SAS,0,0,,,,,,0,0,,,,,
0021500235,345,4,0,3,10:43 PM,1:49,Miller REBOUND (Off:0 Def:3),,,,,4.0,2034,Mike Miller,1610612743.0,Denver,Nuggets,DEN,0,0,,,,,,0,0,,,,,
0021500235,346,2,102,3,10:43 PM,1:38,MISS Nelson 4' Driving Floating Bank Jump Shot,,,,,4.0,2749,Jameer Nelson,1610612743.0,Denver,Nuggets,DEN,0,0,,,,,,0,0,,,,,
0021500235,347,4,0,3,10:43 PM,1:37,,,Leonard REBOUND (Off:1 Def:6),,,5.0,202695,Kawhi Leonard,1610612759.0,San Antonio,Spurs,SAS,0,0,,,,,,0,0,,,,,
0021500235,348,1,41,3,10:44 PM,1:34,,,Simmons 2' Running Layup (6 PTS) (Leonard 5 AST),67 - 58,-9,5.0,203613,Jonathon Simmons,1610612759.0,San Antonio,Spurs,SAS,5,202695,Kawhi Leonard,1610612759.0,San Antonio,Spurs,SAS,0,0,,,,,
0021500235,349,6,2,3,10:44 PM,1:34,Miller S.FOUL (P4.T4) (C.Kirkland),,,,,4.0,2034,Mike Miller,1610612743.0,Denver,Nuggets,DEN,5,203613,Jonathon Simmons,1610612759.0,San Antonio,Spurs,SAS,1,0,,,,,
0021500235,350,8,0,3,10:44 PM,1:34,,,SUB: Green FOR Leonard,,,5.0,202695,Kawhi Leonard,1610612759.0,San Antonio,Spurs,SAS,5,201980,Danny Green,1610612759.0,San Antonio,Spurs,SAS,0,0,,,,,
0021500235,351,3,10,3,10:44 PM,1:34,,,Simmons Free Throw 1 of 1 (7 PTS),68 - 58,-10,5.0,203613,Jonathon Simmons,1610612759.0,San Antonio,Spurs,SAS,0,0,,,,,,0,0,,,,,
0021500235,353,2,1,3,10:44 PM,1:16,MISS Miller 24' 3PT Jump Shot,,,,,4.0,2034,Mike Miller,1610612743.0,Denver,Nuggets,DEN,0,0,,,,,,0,0,,,,,
0021500235,354,4,0,3,10:44 PM,1:15,,,West REBOUND (Off:0 Def:4),,,5.0,2561,David West,1610612759.0,San Antonio,Spurs,SAS,0,0,,,,,,0,0,,,,,
0021500235,355,1,1,3,10:45 PM,0:59,,,Mills 21' Jump Shot (4 PTS),70 - 58,-12,5.0,201988,Patty Mills,1610612759.0,San Antonio,Spurs,SAS,0,0,,,,,,0,0,,,,,
0021500235,356,5,40,3,10:45 PM,0:47,Barton Out of Bounds Lost Ball Turnover (P4.T13),,,,,4.0,203115,Will Barton,1610612743.0,Denver,Nuggets,DEN,0,0,,,,,,1,0,,,,,
0021500235,357,8,0,3,10:45 PM,0:47,SUB: Foye FOR Gallinari,,,,,4.0,201568,Danilo Gallinari,1610612743.0,Denver,Nuggets,DEN,4,200751,Randy Foye,1610612743.0,Denver,Nuggets,DEN,0,0,,,,,
0021500235,358,5,1,3,10:46 PM,0:29,Foye STEAL (1 STL),,Simmons Bad Pass Turnover (P3.T13),,,5.0,203613,Jonathon Simmons,1610612759.0,San Antonio,Spurs,SAS,4,200751,Randy Foye,1610612743.0,Denver,Nuggets,DEN,4,200751,Randy Foye,1610612743.0,Denver,Nuggets,DEN
0021500235,360,5,1,3,10:46 PM,0:14,Foye Bad Pass Turnover (P1.T14),,Simmons STEAL (1 STL),,,4.0,200751,Randy Foye,1610612743.0,Denver,Nuggets,DEN,5,203613,Jonathon Simmons,1610612759.0,San Antonio,Spurs,SAS,0,0,,,,,
0021500235,361,2,1,3,10:46 PM,0:09,,,MISS Green 26' 3PT Jump Shot,,,5.0,201980,Danny Green,1610612759.0,San Antonio,Spurs,SAS,0,0,,,,,,0,0,,,,,
0021500235,362,4,0,3,10:46 PM,0:08,NUGGETS Rebound,,,,,2.0,1610612743,,,,,,0,0,,,,,,0,0,,,,,
0021500235,364,8,0,3,10:47 PM,0:08,SUB: Harris FOR Hickson,,,,,4.0,201581,JJ Hickson,1610612743.0,Denver,Nuggets,DEN,4,203914,Gary Harris,1610612743.0,Denver,Nuggets,DEN,0,0,,,,,
0021500235,365,8,0,3,10:47 PM,0:08,,,SUB: Leonard FOR West,,,5.0,2561,David West,1610612759.0,San Antonio,Spurs,SAS,5,202695,Kawhi Leonard,1610612759.0,San Antonio,Spurs,SAS,0,0,,,,,
0021500235,366,6,2,3,10:47 PM,0:03,,,Simmons S.FOUL (P1.PN) (C.Kirkland),,,5.0,203613,Jonathon Simmons,1610612759.0,San Antonio,Spurs,SAS,4,203115,Will Barton,1610612743.0,Denver,Nuggets,DEN,1,0,,,,,
0021500235,367,3,11,3,10:47 PM,0:03,MISS Barton Free Throw 1 of 2,,,,,4.0,203115,Will Barton,1610612743.0,Denver,Nuggets,DEN,0,0,,,,,,0,0,,,,,
0021500235,368,4,1,3,10:47 PM,0:03,NUGGETS Rebound,,,,,2.0,1610612743,,,,,,0,0,,,,,,0,0,,,,,
0021500235,369,8,0,3,10:47 PM,0:03,SUB: Mudiay FOR Miller,,,,,4.0,2034,Mike Miller,1610612743.0,Denver,Nuggets,DEN,4,1626144,Emmanuel Mudiay,1610612743.0,Denver,Nuggets,DEN,0,0,,,,,
0021500235,370,3,12,3,10:48 PM,0:03,Barton Free Throw 2 of 2 (12 PTS),,,70 - 59,-11,4.0,203115,Will Barton,1610612743.0,Denver,Nuggets,DEN,0,0,,,,,,0,0,,,,,
0021500235,372,2,78,3,10:48 PM,0:00,,,MISS Simmons 31' 3PT Floating Jump Shot,,,5.0,203613,Jonathon Simmons,1610612759.0,San Antonio,Spurs,SAS,0,0,,,,,,0,0,,,,,
0021500235,373,4,0,3,10:48 PM,0:00,,,Spurs Rebound,,,3.0,1610612759,,,,,,0,0,,,,,,0,0,,,,,
0021500235,374,13,0,3,10:48 PM,0:00,,,,70 - 59,-11,0.0,0,,,,,,0,0,,,,,,0,0,,,,,
0021500235,376,12,0,4,10:51 PM,12:00,,,,70 - 59,-11,0.0,0,,,,,,0,0,,,,,,0,0,,,,,
0021500235,377,1,80,4,10:51 PM,11:45,,,Green 25' 3PT Step Back Jump Shot (6 PTS) (Simmons 1 AST),73 - 59,-14,5.0,201980,Danny Green,1610612759.0,San Antonio,Spurs,SAS,5,203613,Jonathon Simmons,1610612759.0,San Antonio,Spurs,SAS,0,0,,,,,
0021500235,378,2,1,4,10:51 PM,11:23,MISS Nelson 25' 3PT Jump Shot,,,,,4.0,2749,Jameer Nelson,1610612743.0,Denver,Nuggets,DEN,0,0,,,,,,0,0,,,,,
0021500235,379,4,0,4,10:51 PM,11:22,,,Simmons REBOUND (Off:0 Def:2),,,5.0,203613,Jonathon Simmons,1610612759.0,San Antonio,Spurs,SAS,0,0,,,,,,0,0,,,,,
0021500235,380,2,1,4,10:52 PM,11:12,,,MISS Mills 24' 3PT Jump Shot,,,5.0,201988,Patty Mills,1610612759.0,San Antonio,Spurs,SAS,0,0,,,,,,0,0,,,,,
0021500235,381,4,0,4,10:52 PM,11:11,,,West REBOUND (Off:1 Def:4),,,5.0,2561,David West,1610612759.0,San Antonio,Spurs,SAS,0,0,,,,,,0,0,,,,,
0021500235,382,1,1,4,10:52 PM,11:08,,,Mills  3PT Jump Shot (7 PTS) (West 1 AST),76 - 59,-17,5.0,201988,Patty Mills,1610612759.0,San Antonio,Spurs,SAS,5,2561,David West,1610612759.0,San Antonio,Spurs,SAS,0,0,,,,,
0021500235,383,9,1,4,10:52 PM,11:01,NUGGETS Timeout: Regular (Full 5 Short 0),,,,,2.0,1610612743,,,,,,0,0,,,,,,0,0,,,,,
0021500235,387,5,1,4,10:54 PM,10:51,Miller Bad Pass Turnover (P3.T15),,West STEAL (2 STL),,,4.0,2034,Mike Miller,1610612743.0,Denver,Nuggets,DEN,5,2561,David West,1610612759.0,San Antonio,Spurs,SAS,0,0,,,,,
0021500235,388,1,1,4,10:55 PM,10:39,,,Green  3PT Jump Shot (9 PTS) (Anderson 3 AST),79 - 59,-20,5.0,201980,Danny Green,1610612759.0,San Antonio,Spurs,SAS,5,203937,Kyle Anderson,1610612759.0,San Antonio,Spurs,SAS,0,0,,,,,
0021500235,389,1,75,4,10:55 PM,10:28,Nelson 2' Driving Finger Roll Layup (8 PTS),,,79 - 61,-18,4.0,2749,Jameer Nelson,1610612743.0,Denver,Nuggets,DEN,0,0,,,,,,0,0,,,,,
0021500235,390,6,4,4,10:55 PM,10:22,,,Simmons OFF.Foul (P2) (C.Blair),,,5.0,203613,Jonathon Simmons,1610612759.0,San Antonio,Spurs,SAS,4,203115,Will Barton,1610612743.0,Denver,Nuggets,DEN,1,0,,,,,
0021500235,391,5,5,4,10:55 PM,10:22,,,Simmons Foul Turnover (P4.T14),,,5.0,203613,Jonathon Simmons,1610612759.0,San Antonio,Spurs,SAS,0,0,,,,,,1,0,,,,,
0021500235,392,8,0,4,10:55 PM,10:22,SUB: Arthur FOR Hickson,,,,,4.0,201581,JJ Hickson,1610612743.0,Denver,Nuggets,DEN,4,201589,Darrell Arthur,1610612743.0,Denver,Nuggets,DEN,0,0,,,,,
0021500235,396,2,1,4,10:58 PM,10:01,MISS Barton 26' 3PT Jump Shot,,,,,4.0,203115,Will Barton,1610612743.0,Denver,Nuggets,DEN,0,0,,,,,,0,0,,,,,
0021500235,397,4,0,4,10:58 PM,10:00,,,Mills REBOUND (Off:0 Def:1),,,5.0,201988,Patty Mills,1610612759.0,San Antonio,Spurs,SAS,0,0,,,,,,0,0,,,,,
0021500235,398,6,2,4,10:59 PM,9:37,Nelson S.FOUL (P2.T1) (T.Washington),,,,,4.0,2749,Jameer Nelson,1610612743.0,Denver,Nuggets,DEN,5,203937,Kyle Anderson,1610612759.0,San Antonio,Spurs,SAS,1,0,,,,,
0021500235,399,3,11,4,10:59 PM,9:37,,,Anderson Free Throw 1 of 2 (5 PTS),80 - 61,-19,5.0,203937,Kyle Anderson,1610612759.0,San Antonio,Spurs,SAS,0,0,,,,,,0,0,,,,,
0021500235,401,8,0,4,10:59 PM,9:37,SUB: Gallinari FOR Miller,,,,,4.0,2034,Mike Miller,1610612743.0,Denver,Nuggets,DEN,4,201568,Danilo Gallinari,1610612743.0,Denver,Nuggets,DEN,0,0,,,,,
0021500235,402,3,12,4,11:00 PM,9:37,,,MISS Anderson Free Throw 2 of 2,,,5.0,203937,Kyle Anderson,1610612759.0,San Antonio,Spurs,SAS,0,0,,,,,,0,0,,,,,
0021500235,404,4,0,4,11:00 PM,9:36,Barton REBOUND (Off:2 Def:4),,,,,4.0,203115,Will Barton,1610612743.0,Denver,Nuggets,DEN,0,0,,,,,,0,0,,,,,
0021500235,405,2,80,4,11:00 PM,9:16,MISS Nelson 22' Step Back Jump Shot,,,,,4.0,2749,Jameer Nelson,1610612743.0,Denver,Nuggets,DEN,0,0,,,,,,0,0,,,,,
0021500235,406,4,0,4,11:00 PM,9:14,,,Anderson REBOUND (Off:0 Def:4),,,5.0,203937,Kyle Anderson,1610612759.0,San Antonio,Spurs,SAS,0,0,,,,,,0,0,,,,,
0021500235,407,2,1,4,11:00 PM,9:01,,,MISS West 18' Jump Shot,,,5.0,2561,David West,1610612759.0,San Antonio,Spurs,SAS,0,0,,,,,,0,0,,,,,
0021500235,408,4,0,4,11:00 PM,9:00,Gallinari REBOUND (Off:1 Def:7),,,,,4.0,201568,Danilo Gallinari,1610612743.0,Denver,Nuggets,DEN,0,0,,,,,,0,0,,,,,
0021500235,409,1,3,4,11:01 PM,8:40,Arthur 3' Hook Shot (2 PTS) (Barton 2 AST),,,80 - 63,-17,4.0,201589,Darrell Arthur,1610612743.0,Denver,Nuggets,DEN,4,203115,Will Barton,1610612743.0,Denver,Nuggets,DEN,0,0,,,,,
0021500235,410,2,1,4,11:01 PM,8:16,,,MISS Mills 26' 3PT Jump Shot,,,5.0,201988,Patty Mills,1610612759.0,San Antonio,Spurs,SAS,0,0,,,,,,0,0,,,,,
0021500235,411,4,0,4,11:01 PM,8:15,Barton REBOUND (Off:2 Def:5),,,,,4.0,203115,Will Barton,1610612743.0,Denver,Nuggets,DEN,0,0,,,,,,0,0,,,,,
0021500235,412,2,1,4,11:01 PM,8:05,MISS Foye 24' 3PT Jump Shot,,,,,4.0,200751,Randy Foye,1610612743.0,Denver,Nuggets,DEN,0,0,,,,,,0,0,,,,,
0021500235,413,4,0,4,11:01 PM,8:04,,,West REBOUND (Off:1 Def:5),,,5.0,2561,David West,1610612759.0,San Antonio,Spurs,SAS,0,0,,,,,,0,0,,,,,
0021500235,414,5,1,4,11:02 PM,7:50,Foye STEAL (2 STL),,Green Bad Pass Turnover (P2.T15),,,5.0,201980,Danny Green,1610612759.0,San Antonio,Spurs,SAS,4,200751,Randy Foye,1610612743.0,Denver,Nuggets,DEN,0,0,,,,,
0021500235,415,1,76,4,11:02 PM,7:46,Foye 2' Running Finger Roll Layup (2 PTS),,,80 - 65,-15,4.0,200751,Randy Foye,1610612743.0,Denver,Nuggets,DEN,0,0,,,,,,0,0,,,,,
0021500235,416,9,1,4,11:02 PM,7:46,,,Spurs Timeout: Regular (Reg.4 Short 0),,,3.0,1610612759,,,,,,0,0,,,,,,0,0,,,,,
0021500235,418,8,0,4,11:04 PM,7:46,SUB: Mudiay FOR Barton,,,,,4.0,203115,Will Barton,1610612743.0,Denver,Nuggets,DEN,4,1626144,Emmanuel Mudiay,1610612743.0,Denver,Nuggets,DEN,0,0,,,,,
0021500235,419,8,0,4,11:04 PM,7:46,,,SUB: Parker FOR Green,,,5.0,201980,Danny Green,1610612759.0,San Antonio,Spurs,SAS,5,2225,Tony Parker,1610612759.0,San Antonio,Spurs,SAS,0,0,,,,,
0021500235,420,8,0,4,11:04 PM,7:46,,,SUB: Diaw FOR Anderson,,,5.0,203937,Kyle Anderson,1610612759.0,San Antonio,Spurs,SAS,5,2564,Boris Diaw,1610612759.0,San Antonio,Spurs,SAS,0,0,,,,,
0021500235,421,8,0,4,11:04 PM,7:46,,,SUB: Leonard FOR West,,,5.0,2561,David West,1610612759.0,San Antonio,Spurs,SAS,5,202695,Kawhi Leonard,1610612759.0,San Antonio,Spurs,SAS,0,0,,,,,
0021500235,422,1,1,4,11:04 PM,7:30,,,Simmons 25' 3PT Jump Shot (10 PTS) (Leonard 6 AST),83 - 65,-18,5.0,203613,Jonathon Simmons,1610612759.0,San Antonio,Spurs,SAS,5,202695,Kawhi Leonard,1610612759.0,San Antonio,Spurs,SAS,0,0,,,,,
0021500235,423,1,75,4,11:05 PM,7:15,Nelson 1' Driving Finger Roll Layup (10 PTS),,,83 - 67,-16,4.0,2749,Jameer Nelson,1610612743.0,Denver,Nuggets,DEN,0,0,,,,,,0,0,,,,,
0021500235,424,2,105,4,11:05 PM,6:52,,,MISS Diaw 11' Turnaround Fadeaway Bank Jump Shot,,,5.0,2564,Boris Diaw,1610612759.0,San Antonio,Spurs,SAS,0,0,,,,,,0,0,,,,,
0021500235,425,4,0,4,11:05 PM,6:52,Gallinari REBOUND (Off:1 Def:8),,,,,4.0,201568,Danilo Gallinari,1610612743.0,Denver,Nuggets,DEN,0,0,,,,,,0,0,,,,,
0021500235,426,6,1,4,11:05 PM,6:46,,,Diaw P.FOUL (P4.T1) (C.Kirkland),,,5.0,2564,Boris Diaw,1610612759.0,San Antonio,Spurs,SAS,4,201589,Darrell Arthur,1610612743.0,Denver,Nuggets,DEN,1,0,,,,,
0021500235,427,2,1,4,11:06 PM,6:35,MISS Mudiay 26' 3PT Jump Shot,,,,,4.0,1626144,Emmanuel Mudiay,1610612743.0,Denver,Nuggets,DEN,0,0,,,,,,0,0,,,,,
0021500235,428,4,0,4,11:06 PM,6:33,,,Mills REBOUND (Off:0 Def:2),,,5.0,201988,Patty Mills,1610612759.0,San Antonio,Spurs,SAS,0,0,,,,,,0,0,,,,,
0021500235,429,2,1,4,11:06 PM,6:22,,,MISS Simmons 25' 3PT Jump Shot,,,5.0,203613,Jonathon Simmons,1610612759.0,San Antonio,Spurs,SAS,0,0,,,,,,0,0,,,,,
0021500235,430,4,0,4,11:06 PM,6:22,Gallinari REBOUND (Off:1 Def:9),,,,,4.0,201568,Danilo Gallinari,1610612743.0,Denver,Nuggets,DEN,0,0,,,,,,0,0,,,,,
0021500235,431,1,98,4,11:06 PM,6:16,Nelson 2' Cutting Layup Shot (12 PTS) (Gallinari 2 AST),,,83 - 69,-14,4.0,2749,Jameer Nelson,1610612743.0,Denver,Nuggets,DEN,4,201568,Danilo Gallinari,1610612743.0,Denver,Nuggets,DEN,0,0,,,,,
0021500235,432,6,2,4,11:07 PM,5:53,Mudiay S.FOUL (P3.T2) (C.Kirkland),,,,,4.0,1626144,Emmanuel Mudiay,1610612743.0,Denver,Nuggets,DEN,5,203613,Jonathon Simmons,1610612759.0,San Antonio,Spurs,SAS,1,0,,,,,
0021500235,433,3,11,4,11:07 PM,5:53,,,Simmons Free Throw 1 of 2 (11 PTS),84 - 69,-15,5.0,203613,Jonathon Simmons,1610612759.0,San Antonio,Spurs,SAS,0,0,,,,,,0,0,,,,,
0021500235,435,8,0,4,11:07 PM,5:53,SUB: Harris FOR Arthur,,,,,4.0,201589,Darrell Arthur,1610612743.0,Denver,Nuggets,DEN,4,203914,Gary Harris,1610612743.0,Denver,Nuggets,DEN,0,0,,,,,
0021500235,436,3,12,4,11:07 PM,5:53,,,Simmons Free Throw 2 of 2 (12 PTS),85 - 69,-16,5.0,203613,Jonathon Simmons,1610612759.0,San Antonio,Spurs,SAS,0,0,,,,,,0,0,,,,,
0021500235,438,6,2,4,11:08 PM,5:43,,,Mills S.FOUL (P2.T2) (C.Kirkland),,,5.0,201988,Patty Mills,1610612759.0,San Antonio,Spurs,SAS,4,201568,Danilo Gallinari,1610612743.0,Denver,Nuggets,DEN,1,0,,,,,
0021500235,439,3,11,4,11:08 PM,5:43,Gallinari Free Throw 1 of 2 (12 PTS),,,85 - 70,-15,4.0,201568,Danilo Gallinari,1610612743.0,Denver,Nuggets,DEN,0,0,,,,,,0,0,,,,,
0021500235,441,3,12,4,11:08 PM,5:43,Gallinari Free Throw 2 of 2 (13 PTS),,,85 - 71,-14,4.0,201568,Danilo Gallinari,1610612743.0,Denver,Nuggets,DEN,0,0,,,,,,0,0,,,,,
0021500235,443,5,2,4,11:08 PM,5:24,Harris STEAL (1 STL),,Diaw Lost Ball Turnover (P1.T16),,,5.0,2564,Boris Diaw,1610612759.0,San Antonio,Spurs,SAS,4,203914,Gary Harris,1610612743.0,Denver,Nuggets,DEN,0,0,,,,,
0021500235,444,5,1,4,11:09 PM,5:20,Foye Bad Pass Turnover (P2.T16),,Mills STEAL (1 STL),,,4.0,200751,Randy Foye,1610612743.0,Denver,Nuggets,DEN,5,201988,Patty Mills,1610612759.0,San Antonio,Spurs,SAS,0,0,,,,,
0021500235,445,1,43,4,11:09 PM,5:14,,,Mills 1' Alley Oop Layup (9 PTS) (Diaw 2 AST),87 - 71,-16,5.0,201988,Patty Mills,1610612759.0,San Antonio,Spurs,SAS,5,2564,Boris Diaw,1610612759.0,San Antonio,Spurs,SAS,0,0,,,,,
0021500235,446,1,5,4,11:09 PM,4:57,Gallinari 2' Layup (15 PTS) (Nelson 2 AST),,,87 - 73,-14,4.0,201568,Danilo Gallinari,1610612743.0,Denver,Nuggets,DEN,4,2749,Jameer Nelson,1610612743.0,Denver,Nuggets,DEN,0,0,,,,,
0021500235,447,6,2,4,11:09 PM,4:57,,,Mills S.FOUL (P3.T3) (C.Blair),,,5.0,201988,Patty Mills,1610612759.0,San Antonio,Spurs,SAS,4,201568,Danilo Gallinari,1610612743.0,Denver,Nuggets,DEN,1,0,,,,,
0021500235,448,8,0,4,11:09 PM,4:57,SUB: Barton FOR Foye,,,,,4.0,200751,Randy Foye,1610612743.0,Denver,Nuggets,DEN,4,203115,Will Barton,1610612743.0,Denver,Nuggets,DEN,0,0,,,,,
0021500235,449,3,10,4,11:09 PM,4:57,Gallinari Free Throw 1 of 1 (16 PTS),,,87 - 74,-13,4.0,201568,Danilo Gallinari,1610612743.0,Denver,Nuggets,DEN,0,0,,,,,,0,0,,,,,
0021500235,451,2,1,4,11:10 PM,4:34,,,MISS Leonard 28' 3PT Jump Shot,,,5.0,202695,Kawhi Leonard,1610612759.0,San Antonio,Spurs,SAS,0,0,,,,,,0,0,,,,,
0021500235,452,4,0,4,11:10 PM,4:34,Barton REBOUND (Off:2 Def:6),,,,,4.0,203115,Will Barton,1610612743.0,Denver,Nuggets,DEN,0,0,,,,,,0,0,,,,,
0021500235,453,5,2,4,11:10 PM,4:27,Barton Lost Ball Turnover (P5.T17),,Simmons STEAL (2 STL),,,4.0,203115,Will Barton,1610612743.0,Denver,Nuggets,DEN,5,203613,Jonathon Simmons,1610612759.0,San Antonio,Spurs,SAS,0,0,,,,,
0021500235,454,6,28,4,11:10 PM,4:25,Nelson Personal Take Foul (P3.T3) (T.Washington),,,,,4.0,2749,Jameer Nelson,1610612743.0,Denver,Nuggets,DEN,5,203613,Jonathon Simmons,1610612759.0,San Antonio,Spurs,SAS,1,0,,,,,
0021500235,455,1,3,4,11:11 PM,4:07,,,Diaw 5' Hook Shot (4 PTS) (Parker 4 AST),89 - 74,-15,5.0,2564,Boris Diaw,1610612759.0,San Antonio,Spurs,SAS,5,2225,Tony Parker,1610612759.0,San Antonio,Spurs,SAS,0,0,,,,,
0021500235,456,2,1,4,11:11 PM,3:48,MISS Harris 24' 3PT Jump Shot,,,,,4.0,203914,Gary Harris,1610612743.0,Denver,Nuggets,DEN,0,0,,,,,,0,0,,,,,
0021500235,457,4,0,4,11:11 PM,3:47,,,Mills REBOUND (Off:0 Def:3),,,5.0,201988,Patty Mills,1610612759.0,San Antonio,Spurs,SAS,0,0,,,,,,0,0,,,,,
0021500235,458,1,5,4,11:11 PM,3:32,,,Diaw 2' Layup (6 PTS) (Parker 5 AST),91 - 74,-17,5.0,2564,Boris Diaw,1610612759.0,San Antonio,Spurs,SAS,5,2225,Tony Parker,1610612759.0,San Antonio,Spurs,SAS,0,0,,,,,
0021500235,459,9,1,4,11:11 PM,3:32,NUGGETS Timeout: Regular (Full 6 Short 0),,,,,2.0,1610612743,,,,,,0,0,,,,,,0,0,,,,,
0021500235,461,8,0,4,11:14 PM,3:32,,,SUB: Anderson FOR Leonard,,,5.0,202695,Kawhi Leonard,1610612759.0,San Antonio,Spurs,SAS,5,203937,Kyle Anderson,1610612759.0,San Antonio,Spurs,SAS,0,0,,,,,
0021500235,462,8,0,4,11:14 PM,3:32,,,SUB: McCallum FOR Parker,,,5.0,2225,Tony Parker,1610612759.0,San Antonio,Spurs,SAS,5,203492,Ray McCallum,1610612759.0,San Antonio,Spurs,SAS,0,0,,,,,
0021500235,463,8,0,4,11:14 PM,3:32,,,SUB: Bonner FOR Diaw,,,5.0,2564,Boris Diaw,1610612759.0,San Antonio,Spurs,SAS,5,2588,Matt Bonner,1610612759.0,San Antonio,Spurs,SAS,0,0,,,,,
0021500235,464,8,0,4,11:14 PM,3:32,,,SUB: Butler FOR Mills,,,5.0,201988,Patty Mills,1610612759.0,San Antonio,Spurs,SAS,5,2446,Rasual Butler,1610612759.0,San Antonio,Spurs,SAS,0,0,,,,,
0021500235,465,8,0,4,11:14 PM,3:32,SUB: Papanikolaou FOR Gallinari,,,,,4.0,201568,Danilo Gallinari,1610612743.0,Denver,Nuggets,DEN,4,203123,Kostas Papanikolaou,1610612743.0,Denver,Nuggets,DEN,0,0,,,,,
0021500235,466,8,0,4,11:14 PM,3:32,SUB: Jokic FOR Harris,,,,,4.0,203914,Gary Harris,1610612743.0,Denver,Nuggets,DEN,4,203999,Nikola Jokic,1610612743.0,Denver,Nuggets,DEN,0,0,,,,,
0021500235,467,8,0,4,11:14 PM,3:32,SUB: Foye FOR Nelson,,,,,4.0,2749,Jameer Nelson,1610612743.0,Denver,Nuggets,DEN,4,200751,Randy Foye,1610612743.0,Denver,Nuggets,DEN,0,0,,,,,
0021500235,468,1,42,4,11:14 PM,3:08,Foye 2' Driving Layup (4 PTS),,,91 - 76,-15,4.0,200751,Randy Foye,1610612743.0,Denver,Nuggets,DEN,0,0,,,,,,0,0,,,,,
0021500235,469,6,1,4,11:15 PM,2:57,Jokic P.FOUL (P4.T4) (C.Kirkland),,,,,4.0,203999,Nikola Jokic,1610612743.0,Denver,Nuggets,DEN,5,203613,Jonathon Simmons,1610612759.0,San Antonio,Spurs,SAS,1,0,,,,,
0021500235,470,2,1,4,11:15 PM,2:41,,,MISS Butler  3PT Jump Shot,,,5.0,2446,Rasual Butler,1610612759.0,San Antonio,Spurs,SAS,0,0,,,,,,0,0,,,,,
0021500235,471,4,0,4,11:15 PM,2:40,Barton REBOUND (Off:2 Def:7),,,,,4.0,203115,Will Barton,1610612743.0,Denver,Nuggets,DEN,0,0,,,,,,0,0,,,,,
0021500235,472,2,41,4,11:15 PM,2:34,MISS Mudiay 1' Running Layup,,,,,4.0,1626144,Emmanuel Mudiay,1610612743.0,Denver,Nuggets,DEN,0,0,,,,,,0,0,,,,,
0021500235,473,4,0,4,11:15 PM,2:32,,,Bonner REBOUND (Off:0 Def:1),,,5.0,2588,Matt Bonner,1610612759.0,San Antonio,Spurs,SAS,0,0,,,,,,0,0,,,,,
0021500235,474,2,1,4,11:16 PM,2:14,,,MISS McCallum 18' Jump Shot,,,5.0,203492,Ray McCallum,1610612759.0,San Antonio,Spurs,SAS,0,0,,,,,,0,0,,,,,
0021500235,475,4,0,4,11:16 PM,2:13,Foye REBOUND (Off:0 Def:1),,,,,4.0,200751,Randy Foye,1610612743.0,Denver,Nuggets,DEN,0,0,,,,,,0,0,,,,,
0021500235,476,5,1,4,11:16 PM,2:02,Jokic Bad Pass Turnover (P3.T18),,Bonner STEAL (1 STL),,,4.0,203999,Nikola Jokic,1610612743.0,Denver,Nuggets,DEN,5,2588,Matt Bonner,1610612759.0,San Antonio,Spurs,SAS,0,0,,,,,
0021500235,477,5,45,4,11:16 PM,1:50,,,Simmons Out of Bounds - Bad Pass Turnover Turnover (P5.T17),,,5.0,203613,Jonathon Simmons,1610612759.0,San Antonio,Spurs,SAS,0,0,,,,,,1,0,,,,,
0021500235,478,8,0,4,11:16 PM,1:50,SUB: Miller FOR Mudiay,,,,,4.0,1626144,Emmanuel Mudiay,1610612743.0,Denver,Nuggets,DEN,4,2034,Mike Miller,1610612743.0,Denver,Nuggets,DEN,0,0,,,,,
0021500235,479,1,71,4,11:17 PM,1:35,Jokic 2' Finger Roll Layup (6 PTS) (Miller 2 AST),,,91 - 78,-13,4.0,203999,Nikola Jokic,1610612743.0,Denver,Nuggets,DEN,4,2034,Mike Miller,1610612743.0,Denver,Nuggets,DEN,0,0,,,,,
0021500235,480,2,1,4,11:17 PM,1:16,,,MISS McCallum  3PT Jump Shot,,,5.0,203492,Ray McCallum,1610612759.0,San Antonio,Spurs,SAS,0,0,,,,,,0,0,,,,,
0021500235,481,4,0,4,11:17 PM,1:15,Papanikolaou REBOUND (Off:0 Def:1),,,,,4.0,203123,Kostas Papanikolaou,1610612743.0,Denver,Nuggets,DEN,0,0,,,,,,0,0,,,,,
0021500235,482,2,1,4,11:17 PM,0:54,MISS Papanikolaou 24' 3PT Jump Shot,,,,,4.0,203123,Kostas Papanikolaou,1610612743.0,Denver,Nuggets,DEN,0,0,,,,,,0,0,,,,,
0021500235,483,4,0,4,11:17 PM,0:53,,,McCallum REBOUND (Off:0 Def:1),,,5.0,203492,Ray McCallum,1610612759.0,San Antonio,Spurs,SAS,0,0,,,,,,0,0,,,,,
0021500235,484,5,4,4,11:18 PM,0:36,,,Anderson Traveling Turnover (P1.T18),,,5.0,203937,Kyle Anderson,1610612759.0,San Antonio,Spurs,SAS,0,0,,,,,,1,0,,,,,
0021500235,485,1,63,4,11:18 PM,0:25,Foye 14' Fadeaway Jumper (6 PTS),,,91 - 80,-11,4.0,200751,Randy Foye,1610612743.0,Denver,Nuggets,DEN,0,0,,,,,,0,0,,,,,
0021500235,486,5,11,4,11:19 PM,0:01,,,Spurs Turnover: Shot Clock (T#19),,,3.0,1610612759,,,,,,0,0,,,,,,1,0,,,,,
0021500235,487,13,0,4,11:19 PM,0:00,,,,91 - 80,-11,0.0,0,,,,,,0,0,,,,,,0,0,,,,,
