GAME_ID,EVENTNUM,EVENTMSGTYPE,EVENTMSGACTIONTYPE,PERIOD,WCTIMESTRING,PCTIMESTRING,HOMEDESCRIPTION,NEUTRALDESCRIPTION,VISITORDESCRIPTION,SCORE,SCOREMARGIN,PERSON1TYPE,PLAYER1_ID,PLAYER1_NAME,PLAYER1_TEAM_ID,PLAYER1_TEAM_CITY,PLAYER1_TEAM_NICKNAME,PLAYER1_TEAM_ABBREVIATION,PERSON2TYPE,PLAYER2_ID,PLAYER2_NAME,PLAYER2_TEAM_ID,PLAYER2_TEAM_CITY,PLAYER2_TEAM_NICKNAME,PLAYER2_TEAM_ABBREVIATION,PERSON3TYPE,PLAYER3_ID,PLAYER3_NAME,PLAYER3_TEAM_ID,PLAYER3_TEAM_CITY,PLAYER3_TEAM_NICKNAME,PLAYER3_TEAM_ABBREVIATION
0021500416,0,12,0,1,8:41 PM,12:00,,,,,,0.0,0,,,,,,0,0,,,,,,0,0,,,,,
0021500416,1,10,0,1,8:41 PM,12:00,Jump Ball Duncan vs. Mahinmi: Tip to Parker,,,,,4.0,1495,Tim Duncan,1610612759.0,San Antonio,Spurs,SAS,5,101133,Ian Mahinmi,1610612754.0,Indiana,Pacers,IND,4,2225,Tony Parker,1610612759.0,San Antonio,Spurs,SAS
0021500416,2,2,1,1,8:41 PM,11:45,MISS Leonard  3PT Jump Shot,,,,,4.0,202695,Kawhi Leonard,1610612759.0,San Antonio,Spurs,SAS,0,0,,,,,,0,0,,,,,
0021500416,3,4,0,1,8:41 PM,11:44,,,G. Hill REBOUND (Off:0 Def:1),,,5.0,201588,George Hill,1610612754.0,Indiana,Pacers,IND,0,0,,,,,,0,0,,,,,
0021500416,4,2,79,1,8:41 PM,11:26,,,MISS Ellis 18' Pullup Jump Shot,,,5.0,101145,Monta Ellis,1610612754.0,Indiana,Pacers,IND,0,0,,,,,,0,0,,,,,
0021500416,5,4,0,1,8:41 PM,11:23,Leonard REBOUND (Off:0 Def:1),,,,,4.0,202695,Kawhi Leonard,1610612759.0,San Antonio,Spurs,SAS,0,0,,,,,,0,0,,,,,
0021500416,6,1,49,1,8:41 PM,11:16,Leonard  Driving Dunk (2 PTS),,,0 - 2,2,4.0,202695,Kawhi Leonard,1610612759.0,San Antonio,Spurs,SAS,0,0,,,,,,0,0,,,,,
0021500416,7,6,1,1,8:42 PM,11:09,Aldridge P.FOUL (P1.T1) (M.McCutchen),,,,,4.0,200746,LaMarcus Aldridge,1610612759.0,San Antonio,Spurs,SAS,5,201588,George Hill,1610612754.0,Indiana,Pacers,IND,1,0,,,,,
0021500416,8,2,1,1,8:42 PM,11:03,,,MISS Allen 7' Jump Shot,,,5.0,202730,Lavoy Allen,1610612754.0,Indiana,Pacers,IND,0,0,,,,,,0,0,,,,,
0021500416,9,4,0,1,8:42 PM,11:02,Aldridge REBOUND (Off:0 Def:1),,,,,4.0,200746,LaMarcus Aldridge,1610612759.0,San Antonio,Spurs,SAS,0,0,,,,,,0,0,,,,,
0021500416,10,2,78,1,8:42 PM,10:47,MISS Green 8' Floating Jump Shot,,Ellis BLOCK (1 BLK),,,4.0,201980,Danny Green,1610612759.0,San Antonio,Spurs,SAS,0,0,,,,,,5,101145,Monta Ellis,1610612754.0,Indiana,Pacers,IND
0021500416,11,4,0,1,8:42 PM,10:46,,,G. Hill REBOUND (Off:0 Def:2),,,5.0,201588,George Hill,1610612754.0,Indiana,Pacers,IND,0,0,,,,,,0,0,,,,,
0021500416,12,2,1,1,8:42 PM,10:33,,,MISS G. Hill 16' Jump Shot,,,5.0,201588,George Hill,1610612754.0,Indiana,Pacers,IND,0,0,,,,,,0,0,,,,,
0021500416,13,4,0,1,8:43 PM,10:32,,,Mahinmi REBOUND (Off:1 Def:0),,,5.0,101133,Ian Mahinmi,1610612754.0,Indiana,Pacers,IND,0,0,,,,,,0,0,,,,,
0021500416,14,1,97,1,8:43 PM,10:32,,,Mahinmi 1' Tip Layup Shot (2 PTS),2 - 2,TIE,5.0,101133,Ian Mahinmi,1610612754.0,Indiana,Pacers,IND,0,0,,,,,,0,0,,,,,
0021500416,15,2,1,1,8:43 PM,10:15,MISS Leonard 24' 3PT Jump Shot,,,,,4.0,202695,Kawhi Leonard,1610612759.0,San Antonio,Spurs,SAS,0,0,,,,,,0,0,,,,,
0021500416,16,4,0,1,8:43 PM,10:14,,,Ellis REBOUND (Off:0 Def:1),,,5.0,101145,Monta Ellis,1610612754.0,Indiana,Pacers,IND,0,0,,,,,,0,0,,,,,
0021500416,17,2,1,1,8:43 PM,10:10,,,MISS George 24' 3PT Jump Shot,,,5.0,202331,Paul George,1610612754.0,Indiana,Pacers,IND,0,0,,,,,,0,0,,,,,
0021500416,18,4,0,1,8:43 PM,10:09,,,Allen REBOUND (Off:1 Def:0),,,5.0,202730,Lavoy Allen,1610612754.0,Indiana,Pacers,IND,0,0,,,,,,0,0,,,,,
0021500416,19,5,1,1,8:43 PM,9:57,,,Mahinmi Bad Pass Turnover (P1.T1),,,5.0,101133,Ian Mahinmi,1610612754.0,Indiana,Pacers,IND,0,0,,,,,,0,0,,,,,
0021500416,20,2,101,1,8:44 PM,9:46,MISS Parker 8' Driving Floating Jump Shot,,,,,4.0,2225,Tony Parker,1610612759.0,San Antonio,Spurs,SAS,0,0,,,,,,0,0,,,,,
0021500416,21,4,0,1,8:44 PM,9:45,,,Mahinmi REBOUND (Off:1 Def:1),,,5.0,101133,Ian Mahinmi,1610612754.0,Indiana,Pacers,IND,0,0,,,,,,0,0,,,,,
0021500416,22,6,17,1,8:44 PM,9:32,SPURS T.Foul (Def. 3 Sec Duncan ) (M.McCutchen),,,,,4.0,1495,Tim Duncan,1610612759.0,San Antonio,Spurs,SAS,0,0,,,,,,1,0,,,,,
0021500416,23,3,16,1,8:44 PM,9:32,,,MISS George Free Throw Technical,,,5.0,202331,Paul George,1610612754.0,Indiana,Pacers,IND,0,0,,,,,,0,0,,,,,
0021500416,24,4,1,1,8:44 PM,9:32,,,Pacers Rebound,,,3.0,1610612754,,,,,,0,0,,,,,,0,0,,,,,
0021500416,25,1,98,1,8:45 PM,9:24,,,Mahinmi 2' Cutting Layup Shot (4 PTS) (George 1 AST),4 - 2,-2,5.0,101133,Ian Mahinmi,1610612754.0,Indiana,Pacers,IND,5,202331,Paul George,1610612754.0,Indiana,Pacers,IND,0,0,,,,,
0021500416,26,1,47,1,8:45 PM,8:56,Leonard 15' Turnaround Jump Shot (4 PTS),,,4 - 4,TIE,4.0,202695,Kawhi Leonard,1610612759.0,San Antonio,Spurs,SAS,0,0,,,,,,0,0,,,,,
0021500416,27,5,2,1,8:45 PM,8:49,Duncan STEAL (1 STL),,George Lost Ball Turnover (P1.T2),,,5.0,202331,Paul George,1610612754.0,Indiana,Pacers,IND,4,1495,Tim Duncan,1610612759.0,San Antonio,Spurs,SAS,0,0,,,,,
0021500416,28,1,99,1,8:45 PM,8:42,Duncan 2' Cutting Finger Roll Layup Shot (2 PTS) (Leonard 1 AST),,,4 - 6,2,4.0,1495,Tim Duncan,1610612759.0,San Antonio,Spurs,SAS,4,202695,Kawhi Leonard,1610612759.0,San Antonio,Spurs,SAS,0,0,,,,,
0021500416,29,2,1,1,8:46 PM,8:24,,,MISS Allen 16' Jump Shot,,,5.0,202730,Lavoy Allen,1610612754.0,Indiana,Pacers,IND,0,0,,,,,,0,0,,,,,
0021500416,30,4,0,1,8:46 PM,8:23,Duncan REBOUND (Off:0 Def:1),,,,,4.0,1495,Tim Duncan,1610612759.0,San Antonio,Spurs,SAS,0,0,,,,,,0,0,,,,,
0021500416,31,2,1,1,8:46 PM,8:09,MISS Leonard  3PT Jump Shot,,,,,4.0,202695,Kawhi Leonard,1610612759.0,San Antonio,Spurs,SAS,0,0,,,,,,0,0,,,,,
0021500416,32,4,0,1,8:46 PM,8:09,,,Mahinmi REBOUND (Off:1 Def:2),,,5.0,101133,Ian Mahinmi,1610612754.0,Indiana,Pacers,IND,0,0,,,,,,0,0,,,,,
0021500416,33,2,58,1,8:46 PM,7:51,,,MISS Allen 9' Turnaround Hook Shot,,,5.0,202730,Lavoy Allen,1610612754.0,Indiana,Pacers,IND,0,0,,,,,,0,0,,,,,
0021500416,34,4,0,1,8:46 PM,7:49,Duncan REBOUND (Off:0 Def:2),,,,,4.0,1495,Tim Duncan,1610612759.0,San Antonio,Spurs,SAS,0,0,,,,,,0,0,,,,,
0021500416,35,2,63,1,8:46 PM,7:37,MISS Aldridge 15' Fadeaway Jumper,,,,,4.0,200746,LaMarcus Aldridge,1610612759.0,San Antonio,Spurs,SAS,0,0,,,,,,0,0,,,,,
0021500416,36,4,0,1,8:46 PM,7:36,,,George REBOUND (Off:0 Def:1),,,5.0,202331,Paul George,1610612754.0,Indiana,Pacers,IND,0,0,,,,,,0,0,,,,,
0021500416,37,6,2,1,8:47 PM,7:29,Parker S.FOUL (P1.T2) (M.McCutchen),,,,,4.0,2225,Tony Parker,1610612759.0,San Antonio,Spurs,SAS,5,202730,Lavoy Allen,1610612754.0,Indiana,Pacers,IND,1,0,,,,,
0021500416,38,3,11,1,8:47 PM,7:29,,,MISS Allen Free Throw 1 of 2,,,5.0,202730,Lavoy Allen,1610612754.0,Indiana,Pacers,IND,0,0,,,,,,0,0,,,,,
0021500416,39,4,1,1,8:47 PM,7:29,,,Pacers Rebound,,,3.0,1610612754,,,,,,0,0,,,,,,0,0,,,,,
0021500416,40,3,12,1,8:47 PM,7:29,,,MISS Allen Free Throw 2 of 2,,,5.0,202730,Lavoy Allen,1610612754.0,Indiana,Pacers,IND,0,0,,,,,,0,0,,,,,
0021500416,42,4,0,1,8:47 PM,7:28,Aldridge REBOUND (Off:0 Def:2),,,,,4.0,200746,LaMarcus Aldridge,1610612759.0,San Antonio,Spurs,SAS,0,0,,,,,,0,0,,,,,
0021500416,43,5,1,1,8:47 PM,7:17,Green Bad Pass Turnover (P1.T1),,George STEAL (1 STL),,,4.0,201980,Danny Green,1610612759.0,San Antonio,Spurs,SAS,5,202331,Paul George,1610612754.0,Indiana,Pacers,IND,0,0,,,,,
0021500416,44,5,4,1,8:48 PM,7:13,,,George Traveling Turnover (P2.T3),,,5.0,202331,Paul George,1610612754.0,Indiana,Pacers,IND,0,0,,,,,,1,0,,,,,
0021500416,45,6,1,1,8:48 PM,7:05,,,Mahinmi P.FOUL (P1.T1) (M.McCutchen),,,5.0,101133,Ian Mahinmi,1610612754.0,Indiana,Pacers,IND,4,1495,Tim Duncan,1610612759.0,San Antonio,Spurs,SAS,1,0,,,,,
0021500416,46,6,27,1,8:48 PM,6:58,,,Allen Personal Block Foul (P1.T2) (T.Brown),,,5.0,202730,Lavoy Allen,1610612754.0,Indiana,Pacers,IND,4,200746,LaMarcus Aldridge,1610612759.0,San Antonio,Spurs,SAS,1,0,,,,,
0021500416,47,2,66,1,8:49 PM,6:52,MISS Duncan 11' Jump Bank Shot,,,,,4.0,1495,Tim Duncan,1610612759.0,San Antonio,Spurs,SAS,0,0,,,,,,0,0,,,,,
0021500416,48,4,0,1,8:49 PM,6:51,,,Allen REBOUND (Off:1 Def:1),,,5.0,202730,Lavoy Allen,1610612754.0,Indiana,Pacers,IND,0,0,,,,,,0,0,,,,,
0021500416,49,1,1,1,8:49 PM,6:43,,,Allen 17' Jump Shot (2 PTS) (Ellis 1 AST),6 - 6,TIE,5.0,202730,Lavoy Allen,1610612754.0,Indiana,Pacers,IND,5,101145,Monta Ellis,1610612754.0,Indiana,Pacers,IND,0,0,,,,,
0021500416,50,9,1,1,8:49 PM,6:43,SPURS Timeout: Regular (Full 1 Short 0),,,,,2.0,1610612759,,,,,,0,0,,,,,,0,0,,,,,
0021500416,52,6,1,1,8:52 PM,6:32,,,Allen P.FOUL (P2.T3) (E.Roe),,,5.0,202730,Lavoy Allen,1610612754.0,Indiana,Pacers,IND,4,200746,LaMarcus Aldridge,1610612759.0,San Antonio,Spurs,SAS,1,0,,,,,
0021500416,53,8,0,1,8:52 PM,6:32,,,SUB: Hill FOR Allen,,,5.0,202730,Lavoy Allen,1610612754.0,Indiana,Pacers,IND,5,201941,Jordan Hill,1610612754.0,Indiana,Pacers,IND,0,0,,,,,
0021500416,54,2,82,1,8:52 PM,6:19,MISS Leonard 11' Driving Bank Shot,,,,,4.0,202695,Kawhi Leonard,1610612759.0,San Antonio,Spurs,SAS,0,0,,,,,,0,0,,,,,
0021500416,55,4,0,1,8:52 PM,6:18,,,Mahinmi REBOUND (Off:1 Def:3),,,5.0,101133,Ian Mahinmi,1610612754.0,Indiana,Pacers,IND,0,0,,,,,,0,0,,,,,
0021500416,56,1,1,1,8:52 PM,6:10,,,Ellis 19' Jump Shot (2 PTS),8 - 6,-2,5.0,101145,Monta Ellis,1610612754.0,Indiana,Pacers,IND,0,0,,,,,,0,0,,,,,
0021500416,57,1,5,1,8:53 PM,5:54,Duncan 1' Layup (4 PTS) (Parker 1 AST),,,8 - 8,TIE,4.0,1495,Tim Duncan,1610612759.0,San Antonio,Spurs,SAS,4,2225,Tony Parker,1610612759.0,San Antonio,Spurs,SAS,0,0,,,,,
0021500416,58,1,99,1,8:53 PM,5:41,,,Hill 2' Cutting Finger Roll Layup Shot (2 PTS) (George 2 AST),10 - 8,-2,5.0,201941,Jordan Hill,1610612754.0,Indiana,Pacers,IND,5,202331,Paul George,1610612754.0,Indiana,Pacers,IND,0,0,,,,,
0021500416,59,1,1,1,8:53 PM,5:27,Aldridge 19' Jump Shot (2 PTS) (Parker 2 AST),,,10 - 10,TIE,4.0,200746,LaMarcus Aldridge,1610612759.0,San Antonio,Spurs,SAS,4,2225,Tony Parker,1610612759.0,San Antonio,Spurs,SAS,0,0,,,,,
0021500416,60,2,98,1,8:53 PM,5:08,Duncan BLOCK (1 BLK),,MISS Mahinmi 2' Cutting Layup Shot,,,5.0,101133,Ian Mahinmi,1610612754.0,Indiana,Pacers,IND,0,0,,,,,,4,1495,Tim Duncan,1610612759.0,San Antonio,Spurs,SAS
0021500416,61,4,0,1,8:53 PM,5:07,Duncan REBOUND (Off:0 Def:3),,,,,4.0,1495,Tim Duncan,1610612759.0,San Antonio,Spurs,SAS,0,0,,,,,,0,0,,,,,
0021500416,62,2,79,1,8:54 PM,4:54,MISS Parker 12' Pullup Jump Shot,,,,,4.0,2225,Tony Parker,1610612759.0,San Antonio,Spurs,SAS,0,0,,,,,,0,0,,,,,
0021500416,63,4,0,1,8:54 PM,4:53,Aldridge REBOUND (Off:1 Def:2),,,,,4.0,200746,LaMarcus Aldridge,1610612759.0,San Antonio,Spurs,SAS,0,0,,,,,,0,0,,,,,
0021500416,64,2,1,1,8:54 PM,4:52,MISS Aldridge 4' Jump Shot,,,,,4.0,200746,LaMarcus Aldridge,1610612759.0,San Antonio,Spurs,SAS,0,0,,,,,,0,0,,,,,
0021500416,65,4,0,1,8:54 PM,4:51,,,Mahinmi REBOUND (Off:1 Def:4),,,5.0,101133,Ian Mahinmi,1610612754.0,Indiana,Pacers,IND,0,0,,,,,,0,0,,,,,
0021500416,66,2,1,1,8:54 PM,4:42,,,MISS George  3PT Jump Shot,,,5.0,202331,Paul George,1610612754.0,Indiana,Pacers,IND,0,0,,,,,,0,0,,,,,
0021500416,67,4,0,1,8:54 PM,4:41,Green REBOUND (Off:0 Def:1),,,,,4.0,201980,Danny Green,1610612759.0,San Antonio,Spurs,SAS,0,0,,,,,,0,0,,,,,
0021500416,68,1,85,1,8:54 PM,4:33,Aldridge 6' Turnaround Bank Shot (4 PTS) (Duncan 1 AST),,,10 - 12,2,4.0,200746,LaMarcus Aldridge,1610612759.0,San Antonio,Spurs,SAS,4,1495,Tim Duncan,1610612759.0,San Antonio,Spurs,SAS,0,0,,,,,
0021500416,69,9,1,1,8:54 PM,4:32,,,Pacers Timeout: Regular (Reg.1 Short 0),,,3.0,1610612754,,,,,,0,0,,,,,,0,0,,,,,
0021500416,72,8,0,1,8:57 PM,4:32,SUB: Mills FOR Duncan,,,,,4.0,1495,Tim Duncan,1610612759.0,San Antonio,Spurs,SAS,4,201988,Patty Mills,1610612759.0,San Antonio,Spurs,SAS,0,0,,,,,
0021500416,73,8,0,1,8:57 PM,4:32,SUB: Diaw FOR Green,,,,,4.0,201980,Danny Green,1610612759.0,San Antonio,Spurs,SAS,4,2564,Boris Diaw,1610612759.0,San Antonio,Spurs,SAS,0,0,,,,,
0021500416,74,8,0,1,8:57 PM,4:32,SUB: Ginobili FOR Parker,,,,,4.0,2225,Tony Parker,1610612759.0,San Antonio,Spurs,SAS,4,1938,Manu Ginobili,1610612759.0,San Antonio,Spurs,SAS,0,0,,,,,
0021500416,75,8,0,1,8:57 PM,4:32,,,SUB: Stuckey FOR Mahinmi,,,5.0,101133,Ian Mahinmi,1610612754.0,Indiana,Pacers,IND,5,201155,Rodney Stuckey,1610612754.0,Indiana,Pacers,IND,0,0,,,,,
0021500416,76,8,0,1,8:57 PM,4:32,,,SUB: Miles FOR G. Hill,,,5.0,201588,George Hill,1610612754.0,Indiana,Pacers,IND,5,101139,CJ Miles,1610612754.0,Indiana,Pacers,IND,0,0,,,,,
0021500416,77,2,58,1,8:57 PM,4:20,,,MISS Hill 8' Turnaround Hook Shot,,,5.0,201941,Jordan Hill,1610612754.0,Indiana,Pacers,IND,0,0,,,,,,0,0,,,,,
0021500416,78,4,0,1,8:57 PM,4:17,Diaw REBOUND (Off:0 Def:1),,,,,4.0,2564,Boris Diaw,1610612759.0,San Antonio,Spurs,SAS,0,0,,,,,,0,0,,,,,
0021500416,79,2,5,1,8:57 PM,4:03,MISS Leonard 1' Layup,,,,,4.0,202695,Kawhi Leonard,1610612759.0,San Antonio,Spurs,SAS,0,0,,,,,,0,0,,,,,
0021500416,80,4,0,1,8:57 PM,4:00,,,Miles REBOUND (Off:0 Def:1),,,5.0,101139,CJ Miles,1610612754.0,Indiana,Pacers,IND,0,0,,,,,,0,0,,,,,
0021500416,81,2,1,1,8:57 PM,3:54,,,MISS George 12' Jump Shot,,,5.0,202331,Paul George,1610612754.0,Indiana,Pacers,IND,0,0,,,,,,0,0,,,,,
0021500416,82,4,0,1,8:57 PM,3:53,Aldridge REBOUND (Off:1 Def:3),,,,,4.0,200746,LaMarcus Aldridge,1610612759.0,San Antonio,Spurs,SAS,0,0,,,,,,0,0,,,,,
0021500416,83,6,2,1,8:57 PM,3:48,,,Miles S.FOUL (P1.T4) (M.McCutchen),,,5.0,101139,CJ Miles,1610612754.0,Indiana,Pacers,IND,4,202695,Kawhi Leonard,1610612759.0,San Antonio,Spurs,SAS,1,0,,,,,
0021500416,84,3,11,1,8:58 PM,3:48,Leonard Free Throw 1 of 2 (5 PTS),,,10 - 13,3,4.0,202695,Kawhi Leonard,1610612759.0,San Antonio,Spurs,SAS,0,0,,,,,,0,0,,,,,
0021500416,86,3,12,1,8:58 PM,3:48,Leonard Free Throw 2 of 2 (6 PTS),,,10 - 14,4,4.0,202695,Kawhi Leonard,1610612759.0,San Antonio,Spurs,SAS,0,0,,,,,,0,0,,,,,
0021500416,88,1,101,1,8:58 PM,3:29,,,Miles 6' Driving Floating Jump Shot (2 PTS) (Hill 1 AST),12 - 14,2,5.0,101139,CJ Miles,1610612754.0,Indiana,Pacers,IND,5,201941,Jordan Hill,1610612754.0,Indiana,Pacers,IND,0,0,,,,,
0021500416,89,2,1,1,8:59 PM,3:15,MISS Aldridge 15' Jump Shot,,,,,4.0,200746,LaMarcus Aldridge,1610612759.0,San Antonio,Spurs,SAS,0,0,,,,,,0,0,,,,,
0021500416,90,4,0,1,8:59 PM,3:14,,,George REBOUND (Off:0 Def:2),,,5.0,202331,Paul George,1610612754.0,Indiana,Pacers,IND,0,0,,,,,,0,0,,,,,
0021500416,92,2,79,1,8:59 PM,2:58,,,MISS George 13' Pullup Jump Shot,,,5.0,202331,Paul George,1610612754.0,Indiana,Pacers,IND,0,0,,,,,,0,0,,,,,
0021500416,94,4,0,1,8:59 PM,2:57,Diaw REBOUND (Off:0 Def:2),,,,,4.0,2564,Boris Diaw,1610612759.0,San Antonio,Spurs,SAS,0,0,,,,,,0,0,,,,,
0021500416,95,1,99,1,8:59 PM,2:47,Aldridge 1' Cutting Finger Roll Layup Shot (6 PTS) (Diaw 1 AST),,,12 - 16,4,4.0,200746,LaMarcus Aldridge,1610612759.0,San Antonio,Spurs,SAS,4,2564,Boris Diaw,1610612759.0,San Antonio,Spurs,SAS,0,0,,,,,
0021500416,96,1,75,1,9:00 PM,2:26,,,Miles 1' Driving Finger Roll Layup (4 PTS),14 - 16,2,5.0,101139,CJ Miles,1610612754.0,Indiana,Pacers,IND,0,0,,,,,,0,0,,,,,
0021500416,97,1,76,1,9:00 PM,2:20,Diaw 2' Running Finger Roll Layup (2 PTS) (Ginobili 1 AST),,,14 - 18,4,4.0,2564,Boris Diaw,1610612759.0,San Antonio,Spurs,SAS,4,1938,Manu Ginobili,1610612759.0,San Antonio,Spurs,SAS,0,0,,,,,
0021500416,98,2,1,1,9:00 PM,2:05,,,MISS Miles 24' 3PT Jump Shot,,,5.0,101139,CJ Miles,1610612754.0,Indiana,Pacers,IND,0,0,,,,,,0,0,,,,,
0021500416,99,4,0,1,9:00 PM,2:04,,,Hill REBOUND (Off:1 Def:0),,,5.0,201941,Jordan Hill,1610612754.0,Indiana,Pacers,IND,0,0,,,,,,0,0,,,,,
0021500416,100,2,5,1,9:00 PM,2:00,,,MISS Hill 2' Layup,,,5.0,201941,Jordan Hill,1610612754.0,Indiana,Pacers,IND,0,0,,,,,,0,0,,,,,
0021500416,101,4,0,1,9:00 PM,1:59,Aldridge REBOUND (Off:1 Def:4),,,,,4.0,200746,LaMarcus Aldridge,1610612759.0,San Antonio,Spurs,SAS,0,0,,,,,,0,0,,,,,
0021500416,102,1,99,1,9:00 PM,1:47,Ginobili 1' Cutting Finger Roll Layup Shot (2 PTS) (Mills 1 AST),,,14 - 20,6,4.0,1938,Manu Ginobili,1610612759.0,San Antonio,Spurs,SAS,4,201988,Patty Mills,1610612759.0,San Antonio,Spurs,SAS,0,0,,,,,
0021500416,103,6,1,1,9:00 PM,1:36,Mills P.FOUL (P1.T3) (E.Roe),,,,,4.0,201988,Patty Mills,1610612759.0,San Antonio,Spurs,SAS,5,101145,Monta Ellis,1610612754.0,Indiana,Pacers,IND,1,0,,,,,
0021500416,104,8,0,1,9:01 PM,1:36,SUB: West FOR Aldridge,,,,,4.0,200746,LaMarcus Aldridge,1610612759.0,San Antonio,Spurs,SAS,4,2561,David West,1610612759.0,San Antonio,Spurs,SAS,0,0,,,,,
0021500416,106,7,5,1,9:01 PM,1:22,Diaw Violation:Kicked Ball (T.Brown),,,,,4.0,2564,Boris Diaw,1610612759.0,San Antonio,Spurs,SAS,0,0,,,,,,1,0,,,,,
0021500416,107,2,79,1,9:01 PM,1:12,,,MISS Ellis 15' Pullup Jump Shot,,,5.0,101145,Monta Ellis,1610612754.0,Indiana,Pacers,IND,0,0,,,,,,0,0,,,,,
0021500416,108,4,0,1,9:02 PM,1:11,West REBOUND (Off:0 Def:1),,,,,4.0,2561,David West,1610612759.0,San Antonio,Spurs,SAS,0,0,,,,,,0,0,,,,,
0021500416,109,1,58,1,9:02 PM,0:57,Diaw 6' Turnaround Hook Shot (4 PTS) (Ginobili 2 AST),,,14 - 22,8,4.0,2564,Boris Diaw,1610612759.0,San Antonio,Spurs,SAS,4,1938,Manu Ginobili,1610612759.0,San Antonio,Spurs,SAS,0,0,,,,,
0021500416,110,1,1,1,9:02 PM,0:44,,,Hill 19' Jump Shot (4 PTS) (Ellis 2 AST),16 - 22,6,5.0,201941,Jordan Hill,1610612754.0,Indiana,Pacers,IND,5,101145,Monta Ellis,1610612754.0,Indiana,Pacers,IND,0,0,,,,,
0021500416,111,2,79,1,9:02 PM,0:31,MISS Ginobili 19' Pullup Jump Shot,,,,,4.0,1938,Manu Ginobili,1610612759.0,San Antonio,Spurs,SAS,0,0,,,,,,0,0,,,,,
0021500416,112,4,0,1,9:02 PM,0:30,,,Miles REBOUND (Off:0 Def:2),,,5.0,101139,CJ Miles,1610612754.0,Indiana,Pacers,IND,0,0,,,,,,0,0,,,,,
0021500416,113,1,1,1,9:02 PM,0:21,,,George 25' 3PT Jump Shot (3 PTS) (Ellis 3 AST),19 - 22,3,5.0,202331,Paul George,1610612754.0,Indiana,Pacers,IND,5,101145,Monta Ellis,1610612754.0,Indiana,Pacers,IND,0,0,,,,,
0021500416,114,6,1,1,9:03 PM,0:05,,,Ellis P.FOUL (P1.PN) (M.McCutchen),,,5.0,101145,Monta Ellis,1610612754.0,Indiana,Pacers,IND,4,201988,Patty Mills,1610612759.0,San Antonio,Spurs,SAS,1,0,,,,,
0021500416,115,3,11,1,9:03 PM,0:05,MISS Mills Free Throw 1 of 2,,,,,4.0,201988,Patty Mills,1610612759.0,San Antonio,Spurs,SAS,0,0,,,,,,0,0,,,,,
0021500416,116,4,1,1,9:03 PM,0:05,SPURS Rebound,,,,,2.0,1610612759,,,,,,0,0,,,,,,0,0,,,,,
0021500416,117,3,12,1,9:03 PM,0:05,Mills Free Throw 2 of 2 (1 PTS),,,19 - 23,4,4.0,201988,Patty Mills,1610612759.0,San Antonio,Spurs,SAS,0,0,,,,,,0,0,,,,,
0021500416,119,1,103,1,9:04 PM,0:00,,,Ellis 15' Running Pull-Up Jump Shot (4 PTS),21 - 23,2,5.0,101145,Monta Ellis,1610612754.0,Indiana,Pacers,IND,0,0,,,,,,0,0,,,,,
0021500416,124,18,0,1,9:04 PM,0:00,,,,,,,119,,,,,,0,0,,,,,,1,0,,,,,
0021500416,125,13,0,1,9:04 PM,0:00,,,,21 - 23,2,0.0,0,,,,,,0,0,,,,,,0,0,,,,,
0021500416,126,12,0,2,9:06 PM,12:00,,,,21 - 23,2,0.0,0,,,,,,0,0,,,,,,0,0,,,,,
0021500416,127,1,44,2,9:07 PM,11:47,,,Budinger 2' Reverse Layup (2 PTS) (Stuckey 1 AST),23 - 23,TIE,5.0,201978,Chase Budinger,1610612754.0,Indiana,Pacers,IND,5,201155,Rodney Stuckey,1610612754.0,Indiana,Pacers,IND,0,0,,,,,
0021500416,128,1,5,2,9:07 PM,11:31,Diaw  Layup (6 PTS),,,23 - 25,2,4.0,2564,Boris Diaw,1610612759.0,San Antonio,Spurs,SAS,0,0,,,,,,0,0,,,,,
0021500416,129,1,79,2,9:07 PM,11:21,,,Stuckey 20' Pullup Jump Shot (2 PTS),25 - 25,TIE,5.0,201155,Rodney Stuckey,1610612754.0,Indiana,Pacers,IND,0,0,,,,,,0,0,,,,,
0021500416,130,1,75,2,9:07 PM,11:12,Mills 1' Driving Finger Roll Layup (3 PTS),,,25 - 27,2,4.0,201988,Patty Mills,1610612759.0,San Antonio,Spurs,SAS,0,0,,,,,,0,0,,,,,
0021500416,131,2,79,2,9:08 PM,10:46,,,MISS Stuckey 20' Pullup Jump Shot,,,5.0,201155,Rodney Stuckey,1610612754.0,Indiana,Pacers,IND,0,0,,,,,,0,0,,,,,
0021500416,132,4,0,2,9:08 PM,10:43,Anderson REBOUND (Off:0 Def:1),,,,,4.0,203937,Kyle Anderson,1610612759.0,San Antonio,Spurs,SAS,0,0,,,,,,0,0,,,,,
0021500416,133,1,85,2,9:08 PM,10:33,West 6' Turnaround Bank Shot (2 PTS),,,25 - 29,4,4.0,2561,David West,1610612759.0,San Antonio,Spurs,SAS,0,0,,,,,,0,0,,,,,
0021500416,134,1,76,2,9:08 PM,10:25,,,Miles  Running Finger Roll Layup (6 PTS),27 - 29,2,5.0,101139,CJ Miles,1610612754.0,Indiana,Pacers,IND,0,0,,,,,,0,0,,,,,
0021500416,135,2,1,2,9:08 PM,10:06,MISS West 16' Jump Shot,,,,,4.0,2561,David West,1610612759.0,San Antonio,Spurs,SAS,0,0,,,,,,0,0,,,,,
0021500416,136,4,0,2,9:08 PM,10:05,,,Stuckey REBOUND (Off:0 Def:1),,,5.0,201155,Rodney Stuckey,1610612754.0,Indiana,Pacers,IND,0,0,,,,,,0,0,,,,,
0021500416,137,5,45,2,9:08 PM,9:57,,,Stuckey Out of Bounds - Bad Pass Turnover Turnover (P1.T4),,,5.0,201155,Rodney Stuckey,1610612754.0,Indiana,Pacers,IND,0,0,,,,,,0,0,,,,,
0021500416,138,8,0,2,9:09 PM,9:57,SUB: Simmons FOR Anderson,,,,,4.0,203937,Kyle Anderson,1610612759.0,San Antonio,Spurs,SAS,4,203613,Jonathon Simmons,1610612759.0,San Antonio,Spurs,SAS,0,0,,,,,
0021500416,139,1,3,2,9:09 PM,9:41,Diaw 3' Hook Shot (8 PTS) (Ginobili 3 AST),,,27 - 31,4,4.0,2564,Boris Diaw,1610612759.0,San Antonio,Spurs,SAS,4,1938,Manu Ginobili,1610612759.0,San Antonio,Spurs,SAS,0,0,,,,,
0021500416,140,2,1,2,9:09 PM,9:23,,,MISS Miles 25' 3PT Jump Shot,,,5.0,101139,CJ Miles,1610612754.0,Indiana,Pacers,IND,0,0,,,,,,0,0,,,,,
0021500416,141,4,0,2,9:09 PM,9:23,Simmons REBOUND (Off:0 Def:1),,,,,4.0,203613,Jonathon Simmons,1610612759.0,San Antonio,Spurs,SAS,0,0,,,,,,0,0,,,,,
0021500416,142,1,103,2,9:09 PM,9:17,Mills 24' 3PT Running Pull-Up Jump Shot (6 PTS) (Simmons 1 AST),,,27 - 34,7,4.0,201988,Patty Mills,1610612759.0,San Antonio,Spurs,SAS,4,203613,Jonathon Simmons,1610612759.0,San Antonio,Spurs,SAS,0,0,,,,,
0021500416,143,9,1,2,9:09 PM,9:17,,,Pacers Timeout: Regular (Reg.2 Short 0),,,3.0,1610612754,,,,,,0,0,,,,,,0,0,,,,,
0021500416,145,8,0,2,9:12 PM,9:17,SUB: Green FOR Ginobili,,,,,4.0,1938,Manu Ginobili,1610612759.0,San Antonio,Spurs,SAS,4,201980,Danny Green,1610612759.0,San Antonio,Spurs,SAS,0,0,,,,,
0021500416,146,2,79,2,9:12 PM,9:01,,,MISS G. Hill 15' Pullup Jump Shot,,,5.0,201588,George Hill,1610612754.0,Indiana,Pacers,IND,0,0,,,,,,0,0,,,,,
0021500416,147,4,0,2,9:12 PM,8:58,Diaw REBOUND (Off:0 Def:3),,,,,4.0,2564,Boris Diaw,1610612759.0,San Antonio,Spurs,SAS,0,0,,,,,,0,0,,,,,
0021500416,148,6,1,2,9:13 PM,8:47,,,Miles P.FOUL (P2.T1) (E.Roe),,,5.0,101139,CJ Miles,1610612754.0,Indiana,Pacers,IND,4,2561,David West,1610612759.0,San Antonio,Spurs,SAS,1,0,,,,,
0021500416,149,2,1,2,9:13 PM,8:36,MISS Mills 19' Jump Shot,,,,,4.0,201988,Patty Mills,1610612759.0,San Antonio,Spurs,SAS,0,0,,,,,,0,0,,,,,
0021500416,150,4,0,2,9:13 PM,8:35,,,Stuckey REBOUND (Off:0 Def:2),,,5.0,201155,Rodney Stuckey,1610612754.0,Indiana,Pacers,IND,0,0,,,,,,0,0,,,,,
0021500416,151,1,98,2,9:13 PM,8:25,,,G. Hill 2' Cutting Layup Shot (2 PTS) (Miles 1 AST),29 - 34,5,5.0,201588,George Hill,1610612754.0,Indiana,Pacers,IND,5,101139,CJ Miles,1610612754.0,Indiana,Pacers,IND,0,0,,,,,
0021500416,152,2,1,2,9:14 PM,8:03,MISS Mills 24' 3PT Jump Shot,,,,,4.0,201988,Patty Mills,1610612759.0,San Antonio,Spurs,SAS,0,0,,,,,,0,0,,,,,
0021500416,153,4,0,2,9:14 PM,8:03,,,Hill REBOUND (Off:1 Def:1),,,5.0,201941,Jordan Hill,1610612754.0,Indiana,Pacers,IND,0,0,,,,,,0,0,,,,,
0021500416,154,2,79,2,9:14 PM,7:42,,,MISS G. Hill 15' Pullup Jump Shot,,,5.0,201588,George Hill,1610612754.0,Indiana,Pacers,IND,0,0,,,,,,0,0,,,,,
0021500416,155,4,0,2,9:14 PM,7:41,Simmons REBOUND (Off:0 Def:2),,,,,4.0,203613,Jonathon Simmons,1610612759.0,San Antonio,Spurs,SAS,0,0,,,,,,0,0,,,,,
0021500416,156,1,3,2,9:14 PM,7:30,West 6' Hook Shot (4 PTS),,,29 - 36,7,4.0,2561,David West,1610612759.0,San Antonio,Spurs,SAS,0,0,,,,,,0,0,,,,,
0021500416,157,6,2,2,9:14 PM,7:30,,,Miles S.FOUL (P3.T2) (M.McCutchen),,,5.0,101139,CJ Miles,1610612754.0,Indiana,Pacers,IND,4,2561,David West,1610612759.0,San Antonio,Spurs,SAS,1,0,,,,,
0021500416,158,8,0,2,9:14 PM,7:30,SUB: Parker FOR Mills,,,,,4.0,201988,Patty Mills,1610612759.0,San Antonio,Spurs,SAS,4,2225,Tony Parker,1610612759.0,San Antonio,Spurs,SAS,0,0,,,,,
0021500416,159,8,0,2,9:14 PM,7:30,,,SUB: Allen FOR Miles,,,5.0,101139,CJ Miles,1610612754.0,Indiana,Pacers,IND,5,202730,Lavoy Allen,1610612754.0,Indiana,Pacers,IND,0,0,,,,,
0021500416,161,8,0,2,9:15 PM,7:30,SUB: Duncan FOR Diaw,,,,,4.0,2564,Boris Diaw,1610612759.0,San Antonio,Spurs,SAS,4,1495,Tim Duncan,1610612759.0,San Antonio,Spurs,SAS,0,0,,,,,
0021500416,162,3,10,2,9:15 PM,7:30,West Free Throw 1 of 1 (5 PTS),,,29 - 37,8,4.0,2561,David West,1610612759.0,San Antonio,Spurs,SAS,0,0,,,,,,0,0,,,,,
0021500416,164,2,73,2,9:15 PM,7:10,,,MISS Budinger 2' Driving Reverse Layup,,,5.0,201978,Chase Budinger,1610612754.0,Indiana,Pacers,IND,0,0,,,,,,0,0,,,,,
0021500416,165,4,0,2,9:15 PM,7:10,,,Hill REBOUND (Off:2 Def:1),,,5.0,201941,Jordan Hill,1610612754.0,Indiana,Pacers,IND,0,0,,,,,,0,0,,,,,
0021500416,166,6,2,2,9:16 PM,7:10,Duncan S.FOUL (P1.T1) (E.Roe),,,,,4.0,1495,Tim Duncan,1610612759.0,San Antonio,Spurs,SAS,5,201941,Jordan Hill,1610612754.0,Indiana,Pacers,IND,1,0,,,,,
0021500416,167,3,11,2,9:16 PM,7:10,,,Hill Free Throw 1 of 2 (5 PTS),30 - 37,7,5.0,201941,Jordan Hill,1610612754.0,Indiana,Pacers,IND,0,0,,,,,,0,0,,,,,
0021500416,169,3,12,2,9:16 PM,7:10,,,MISS Hill Free Throw 2 of 2,,,5.0,201941,Jordan Hill,1610612754.0,Indiana,Pacers,IND,0,0,,,,,,0,0,,,,,
0021500416,171,4,0,2,9:16 PM,7:09,West REBOUND (Off:0 Def:2),,,,,4.0,2561,David West,1610612759.0,San Antonio,Spurs,SAS,0,0,,,,,,0,0,,,,,
0021500416,172,1,1,2,9:16 PM,6:53,Simmons  3PT Jump Shot (3 PTS) (West 1 AST),,,30 - 40,10,4.0,203613,Jonathon Simmons,1610612759.0,San Antonio,Spurs,SAS,4,2561,David West,1610612759.0,San Antonio,Spurs,SAS,0,0,,,,,
0021500416,173,1,79,2,9:17 PM,6:32,,,G. Hill 25' 3PT Pullup Jump Shot (5 PTS),33 - 40,7,5.0,201588,George Hill,1610612754.0,Indiana,Pacers,IND,0,0,,,,,,0,0,,,,,
0021500416,174,2,79,2,9:17 PM,6:12,MISS Green 24' 3PT Pullup Jump Shot,,,,,4.0,201980,Danny Green,1610612759.0,San Antonio,Spurs,SAS,0,0,,,,,,0,0,,,,,
0021500416,175,4,0,2,9:17 PM,6:11,,,Hill REBOUND (Off:2 Def:2),,,5.0,201941,Jordan Hill,1610612754.0,Indiana,Pacers,IND,0,0,,,,,,0,0,,,,,
0021500416,176,1,76,2,9:17 PM,6:04,,,Stuckey 1' Running Finger Roll Layup (4 PTS),35 - 40,5,5.0,201155,Rodney Stuckey,1610612754.0,Indiana,Pacers,IND,0,0,,,,,,0,0,,,,,
0021500416,177,9,1,2,9:17 PM,6:04,SPURS Timeout: Regular (Full 2 Short 0),,,,,2.0,1610612759,,,,,,0,0,,,,,,0,0,,,,,
0021500416,179,8,0,2,9:19 PM,6:04,SUB: Aldridge FOR West,,,,,4.0,2561,David West,1610612759.0,San Antonio,Spurs,SAS,4,200746,LaMarcus Aldridge,1610612759.0,San Antonio,Spurs,SAS,0,0,,,,,
0021500416,180,2,42,2,9:20 PM,5:48,MISS Simmons  Driving Layup,,,,,4.0,203613,Jonathon Simmons,1610612759.0,San Antonio,Spurs,SAS,0,0,,,,,,0,0,,,,,
0021500416,181,4,0,2,9:20 PM,5:48,,,Hill REBOUND (Off:2 Def:3),,,5.0,201941,Jordan Hill,1610612754.0,Indiana,Pacers,IND,0,0,,,,,,0,0,,,,,
0021500416,182,6,1,2,9:20 PM,5:44,Simmons P.FOUL (P1.T2) (T.Brown),,,,,4.0,203613,Jonathon Simmons,1610612759.0,San Antonio,Spurs,SAS,5,201588,George Hill,1610612754.0,Indiana,Pacers,IND,1,0,,,,,
0021500416,183,5,1,2,9:20 PM,5:36,Aldridge STEAL (1 STL),,Stuckey Bad Pass Turnover (P2.T5),,,5.0,201155,Rodney Stuckey,1610612754.0,Indiana,Pacers,IND,4,200746,LaMarcus Aldridge,1610612759.0,San Antonio,Spurs,SAS,0,0,,,,,
0021500416,184,1,79,2,9:20 PM,5:26,Parker 16' Pullup Jump Shot (2 PTS),,,35 - 42,7,4.0,2225,Tony Parker,1610612759.0,San Antonio,Spurs,SAS,0,0,,,,,,0,0,,,,,
0021500416,185,1,80,2,9:21 PM,5:08,,,Stuckey 19' Step Back Jump Shot (6 PTS),37 - 42,5,5.0,201155,Rodney Stuckey,1610612754.0,Indiana,Pacers,IND,0,0,,,,,,0,0,,,,,
0021500416,187,8,0,2,9:21 PM,4:45,SUB: Leonard FOR Green,,,,,4.0,201980,Danny Green,1610612759.0,San Antonio,Spurs,SAS,4,202695,Kawhi Leonard,1610612759.0,San Antonio,Spurs,SAS,0,0,,,,,
0021500416,188,8,0,2,9:21 PM,4:45,SUB: Ginobili FOR Simmons,,,,,4.0,203613,Jonathon Simmons,1610612759.0,San Antonio,Spurs,SAS,4,1938,Manu Ginobili,1610612759.0,San Antonio,Spurs,SAS,0,0,,,,,
0021500416,189,8,0,2,9:21 PM,4:45,,,SUB: George FOR Budinger,,,5.0,201978,Chase Budinger,1610612754.0,Indiana,Pacers,IND,5,202331,Paul George,1610612754.0,Indiana,Pacers,IND,0,0,,,,,
0021500416,190,8,0,2,9:21 PM,4:45,,,SUB: Ellis FOR G. Hill,,,5.0,201588,George Hill,1610612754.0,Indiana,Pacers,IND,5,101145,Monta Ellis,1610612754.0,Indiana,Pacers,IND,0,0,,,,,
0021500416,191,8,0,2,9:22 PM,4:45,,,SUB: Mahinmi FOR Hill,,,5.0,201941,Jordan Hill,1610612754.0,Indiana,Pacers,IND,5,101133,Ian Mahinmi,1610612754.0,Indiana,Pacers,IND,0,0,,,,,
0021500416,192,5,1,2,9:22 PM,4:43,Duncan Bad Pass Turnover (P1.T2),,Mahinmi STEAL (1 STL),,,4.0,1495,Tim Duncan,1610612759.0,San Antonio,Spurs,SAS,5,101133,Ian Mahinmi,1610612754.0,Indiana,Pacers,IND,0,0,,,,,
0021500416,193,1,1,2,9:22 PM,4:32,,,Stuckey  3PT Jump Shot (9 PTS) (George 3 AST),40 - 42,2,5.0,201155,Rodney Stuckey,1610612754.0,Indiana,Pacers,IND,5,202331,Paul George,1610612754.0,Indiana,Pacers,IND,0,0,,,,,
0021500416,195,2,1,2,9:23 PM,4:01,MISS Leonard 25' 3PT Jump Shot,,,,,4.0,202695,Kawhi Leonard,1610612759.0,San Antonio,Spurs,SAS,0,0,,,,,,0,0,,,,,
0021500416,196,4,0,2,9:23 PM,4:00,,,George REBOUND (Off:0 Def:3),,,5.0,202331,Paul George,1610612754.0,Indiana,Pacers,IND,0,0,,,,,,0,0,,,,,
0021500416,197,5,1,2,9:23 PM,3:45,Aldridge STEAL (2 STL),,Stuckey Bad Pass Turnover (P3.T6),,,5.0,201155,Rodney Stuckey,1610612754.0,Indiana,Pacers,IND,4,200746,LaMarcus Aldridge,1610612759.0,San Antonio,Spurs,SAS,0,0,,,,,
0021500416,198,2,1,2,9:23 PM,3:30,MISS Aldridge 19' Jump Shot,,,,,4.0,200746,LaMarcus Aldridge,1610612759.0,San Antonio,Spurs,SAS,0,0,,,,,,0,0,,,,,
0021500416,199,4,0,2,9:23 PM,3:30,,,Allen REBOUND (Off:1 Def:2),,,5.0,202730,Lavoy Allen,1610612754.0,Indiana,Pacers,IND,0,0,,,,,,0,0,,,,,
0021500416,200,5,1,2,9:23 PM,3:20,Aldridge STEAL (3 STL),,Allen Bad Pass Turnover (P1.T7),,,5.0,202730,Lavoy Allen,1610612754.0,Indiana,Pacers,IND,4,200746,LaMarcus Aldridge,1610612759.0,San Antonio,Spurs,SAS,0,0,,,,,
0021500416,201,1,101,2,9:24 PM,3:10,Parker 14' Driving Floating Jump Shot (4 PTS),,,40 - 44,4,4.0,2225,Tony Parker,1610612759.0,San Antonio,Spurs,SAS,0,0,,,,,,0,0,,,,,
0021500416,202,1,5,2,9:24 PM,2:54,,,Allen 1' Layup (4 PTS) (George 4 AST),42 - 44,2,5.0,202730,Lavoy Allen,1610612754.0,Indiana,Pacers,IND,5,202331,Paul George,1610612754.0,Indiana,Pacers,IND,0,0,,,,,
0021500416,203,6,2,2,9:24 PM,2:54,Leonard S.FOUL (P1.T3) (T.Brown),,,,,4.0,202695,Kawhi Leonard,1610612759.0,San Antonio,Spurs,SAS,5,202730,Lavoy Allen,1610612754.0,Indiana,Pacers,IND,1,0,,,,,
0021500416,204,9,4,2,9:24 PM,2:54,,,,,,1.0,0,,,,,,0,0,,,,,,0,0,,,,,
0021500416,205,18,0,2,9:24 PM,2:54,,,,,,,193,Anthony Mason,,,,,0,0,,,,,,1,0,,,,,
0021500416,206,8,0,2,9:26 PM,2:54,,,SUB: G. Hill FOR Stuckey,,,5.0,201155,Rodney Stuckey,1610612754.0,Indiana,Pacers,IND,5,201588,George Hill,1610612754.0,Indiana,Pacers,IND,0,0,,,,,
0021500416,207,3,10,2,9:27 PM,2:54,,,Allen Free Throw 1 of 1 (5 PTS),43 - 44,1,5.0,202730,Lavoy Allen,1610612754.0,Indiana,Pacers,IND,0,0,,,,,,0,0,,,,,
0021500416,209,2,63,2,9:27 PM,2:39,MISS Aldridge 15' Fadeaway Jumper,,,,,4.0,200746,LaMarcus Aldridge,1610612759.0,San Antonio,Spurs,SAS,0,0,,,,,,0,0,,,,,
0021500416,210,4,0,2,9:27 PM,2:39,,,George REBOUND (Off:0 Def:4),,,5.0,202331,Paul George,1610612754.0,Indiana,Pacers,IND,0,0,,,,,,0,0,,,,,
0021500416,211,1,1,2,9:27 PM,2:29,,,G. Hill 25' 3PT Jump Shot (8 PTS) (Ellis 4 AST),46 - 44,-2,5.0,201588,George Hill,1610612754.0,Indiana,Pacers,IND,5,101145,Monta Ellis,1610612754.0,Indiana,Pacers,IND,0,0,,,,,
0021500416,212,1,52,2,9:27 PM,2:14,Leonard  Alley Oop Dunk (8 PTS) (Duncan 2 AST),,,46 - 46,TIE,4.0,202695,Kawhi Leonard,1610612759.0,San Antonio,Spurs,SAS,4,1495,Tim Duncan,1610612759.0,San Antonio,Spurs,SAS,0,0,,,,,
0021500416,213,2,1,2,9:28 PM,1:59,,,MISS Ellis 19' Jump Shot,,,5.0,101145,Monta Ellis,1610612754.0,Indiana,Pacers,IND,0,0,,,,,,0,0,,,,,
0021500416,214,4,0,2,9:28 PM,1:59,Duncan REBOUND (Off:0 Def:4),,,,,4.0,1495,Tim Duncan,1610612759.0,San Antonio,Spurs,SAS,0,0,,,,,,0,0,,,,,
0021500416,215,1,1,2,9:28 PM,1:42,Leonard 11' Jump Shot (10 PTS),,,46 - 48,2,4.0,202695,Kawhi Leonard,1610612759.0,San Antonio,Spurs,SAS,0,0,,,,,,0,0,,,,,
0021500416,216,2,80,2,9:28 PM,1:22,,,MISS George 18' Step Back Jump Shot,,,5.0,202331,Paul George,1610612754.0,Indiana,Pacers,IND,0,0,,,,,,0,0,,,,,
0021500416,217,4,0,2,9:28 PM,1:21,,,Mahinmi REBOUND (Off:2 Def:4),,,5.0,101133,Ian Mahinmi,1610612754.0,Indiana,Pacers,IND,0,0,,,,,,0,0,,,,,
0021500416,218,6,1,2,9:28 PM,1:20,Leonard P.FOUL (P2.T4) (M.McCutchen),,,,,4.0,202695,Kawhi Leonard,1610612759.0,San Antonio,Spurs,SAS,5,202331,Paul George,1610612754.0,Indiana,Pacers,IND,1,0,,,,,
0021500416,219,3,11,2,9:29 PM,1:20,,,George Free Throw 1 of 2 (4 PTS),47 - 48,1,5.0,202331,Paul George,1610612754.0,Indiana,Pacers,IND,0,0,,,,,,0,0,,,,,
0021500416,221,8,0,2,9:29 PM,1:20,SUB: Diaw FOR Duncan,,,,,4.0,1495,Tim Duncan,1610612759.0,San Antonio,Spurs,SAS,4,2564,Boris Diaw,1610612759.0,San Antonio,Spurs,SAS,0,0,,,,,
0021500416,222,3,12,2,9:29 PM,1:20,,,George Free Throw 2 of 2 (5 PTS),48 - 48,TIE,5.0,202331,Paul George,1610612754.0,Indiana,Pacers,IND,0,0,,,,,,0,0,,,,,
0021500416,224,2,41,2,9:29 PM,1:12,MISS Parker 1' Running Layup,,,,,4.0,2225,Tony Parker,1610612759.0,San Antonio,Spurs,SAS,0,0,,,,,,0,0,,,,,
0021500416,225,4,0,2,9:29 PM,1:11,,,Mahinmi REBOUND (Off:2 Def:5),,,5.0,101133,Ian Mahinmi,1610612754.0,Indiana,Pacers,IND,0,0,,,,,,0,0,,,,,
0021500416,226,6,4,2,9:29 PM,1:05,,,G. Hill OFF.Foul (P1) (E.Roe),,,5.0,201588,George Hill,1610612754.0,Indiana,Pacers,IND,4,1938,Manu Ginobili,1610612759.0,San Antonio,Spurs,SAS,1,0,,,,,
0021500416,227,5,5,2,9:29 PM,1:05,,,G. Hill Foul Turnover (P1.T8),,,5.0,201588,George Hill,1610612754.0,Indiana,Pacers,IND,0,0,,,,,,1,0,,,,,
0021500416,228,8,0,2,9:29 PM,1:05,,,SUB: Hill FOR Allen,,,5.0,202730,Lavoy Allen,1610612754.0,Indiana,Pacers,IND,5,201941,Jordan Hill,1610612754.0,Indiana,Pacers,IND,0,0,,,,,
0021500416,229,5,1,2,9:30 PM,0:49,Diaw Bad Pass Turnover (P1.T3),,G. Hill STEAL (1 STL),,,4.0,2564,Boris Diaw,1610612759.0,San Antonio,Spurs,SAS,5,201588,George Hill,1610612754.0,Indiana,Pacers,IND,0,0,,,,,
0021500416,230,5,1,2,9:30 PM,0:47,Leonard STEAL (1 STL),,George Bad Pass Turnover (P3.T9),,,5.0,202331,Paul George,1610612754.0,Indiana,Pacers,IND,4,202695,Kawhi Leonard,1610612759.0,San Antonio,Spurs,SAS,0,0,,,,,
0021500416,231,2,1,2,9:30 PM,0:38,MISS Diaw 25' 3PT Jump Shot,,,,,4.0,2564,Boris Diaw,1610612759.0,San Antonio,Spurs,SAS,0,0,,,,,,0,0,,,,,
0021500416,232,4,0,2,9:30 PM,0:38,,,George REBOUND (Off:0 Def:5),,,5.0,202331,Paul George,1610612754.0,Indiana,Pacers,IND,0,0,,,,,,0,0,,,,,
0021500416,233,2,79,2,9:30 PM,0:29,,,MISS George 25' 3PT Pullup Jump Shot,,,5.0,202331,Paul George,1610612754.0,Indiana,Pacers,IND,0,0,,,,,,0,0,,,,,
0021500416,234,4,0,2,9:30 PM,0:29,SPURS Rebound,,,,,2.0,1610612759,,,,,,0,0,,,,,,0,0,,,,,
0021500416,235,1,75,2,9:31 PM,0:09,Parker 1' Driving Finger Roll Layup (6 PTS),,,48 - 50,2,4.0,2225,Tony Parker,1610612759.0,San Antonio,Spurs,SAS,0,0,,,,,,0,0,,,,,
0021500416,236,2,1,2,9:31 PM,0:00,,,MISS G. Hill 15' Jump Shot,,,5.0,201588,George Hill,1610612754.0,Indiana,Pacers,IND,0,0,,,,,,0,0,,,,,
0021500416,237,4,0,2,9:31 PM,0:00,Aldridge REBOUND (Off:1 Def:5),,,,,4.0,200746,LaMarcus Aldridge,1610612759.0,San Antonio,Spurs,SAS,0,0,,,,,,0,0,,,,,
0021500416,238,13,0,2,9:31 PM,0:00,,,,48 - 50,2,0.0,0,,,,,,0,0,,,,,,0,0,,,,,
0021500416,240,12,0,3,9:46 PM,12:00,,,,48 - 50,2,0.0,0,,,,,,0,0,,,,,,0,0,,,,,
0021500416,241,1,79,3,9:47 PM,11:37,,,G. Hill 25' 3PT Pullup Jump Shot (11 PTS),51 - 50,-1,5.0,201588,George Hill,1610612754.0,Indiana,Pacers,IND,0,0,,,,,,0,0,,,,,
0021500416,242,2,66,3,9:47 PM,11:18,MISS Green 20' Jump Bank Shot,,,,,4.0,201980,Danny Green,1610612759.0,San Antonio,Spurs,SAS,0,0,,,,,,0,0,,,,,
0021500416,243,4,0,3,9:47 PM,11:17,,,Allen REBOUND (Off:1 Def:3),,,5.0,202730,Lavoy Allen,1610612754.0,Indiana,Pacers,IND,0,0,,,,,,0,0,,,,,
0021500416,244,2,1,3,9:47 PM,11:06,,,MISS George 19' Jump Shot,,,5.0,202331,Paul George,1610612754.0,Indiana,Pacers,IND,0,0,,,,,,0,0,,,,,
0021500416,245,4,0,3,9:47 PM,11:04,Green REBOUND (Off:0 Def:2),,,,,4.0,201980,Danny Green,1610612759.0,San Antonio,Spurs,SAS,0,0,,,,,,0,0,,,,,
0021500416,246,2,5,3,9:48 PM,10:45,MISS Aldridge 2' Layup,,Allen BLOCK (1 BLK),,,4.0,200746,LaMarcus Aldridge,1610612759.0,San Antonio,Spurs,SAS,0,0,,,,,,5,202730,Lavoy Allen,1610612754.0,Indiana,Pacers,IND
0021500416,247,4,0,3,9:48 PM,10:42,Aldridge REBOUND (Off:2 Def:5),,,,,4.0,200746,LaMarcus Aldridge,1610612759.0,San Antonio,Spurs,SAS,0,0,,,,,,0,0,,,,,
0021500416,248,2,47,3,9:48 PM,10:40,MISS Aldridge 8' Turnaround Jump Shot,,,,,4.0,200746,LaMarcus Aldridge,1610612759.0,San Antonio,Spurs,SAS,0,0,,,,,,0,0,,,,,
0021500416,249,4,0,3,9:48 PM,10:39,,,Mahinmi REBOUND (Off:2 Def:6),,,5.0,101133,Ian Mahinmi,1610612754.0,Indiana,Pacers,IND,0,0,,,,,,0,0,,,,,
0021500416,250,1,79,3,9:48 PM,10:26,,,Ellis 19' Pullup Jump Shot (6 PTS) (Allen 1 AST),53 - 50,-3,5.0,101145,Monta Ellis,1610612754.0,Indiana,Pacers,IND,5,202730,Lavoy Allen,1610612754.0,Indiana,Pacers,IND,0,0,,,,,
0021500416,251,1,79,3,9:48 PM,10:05,Leonard 18' Pullup Jump Shot (12 PTS),,,53 - 52,-1,4.0,202695,Kawhi Leonard,1610612759.0,San Antonio,Spurs,SAS,0,0,,,,,,0,0,,,,,
0021500416,252,6,2,3,9:49 PM,9:47,Aldridge S.FOUL (P2.T1) (E.Roe),,,,,4.0,200746,LaMarcus Aldridge,1610612759.0,San Antonio,Spurs,SAS,5,202331,Paul George,1610612754.0,Indiana,Pacers,IND,1,0,,,,,
0021500416,253,3,11,3,9:49 PM,9:47,,,George Free Throw 1 of 2 (6 PTS),54 - 52,-2,5.0,202331,Paul George,1610612754.0,Indiana,Pacers,IND,0,0,,,,,,0,0,,,,,
0021500416,255,3,12,3,9:49 PM,9:47,,,George Free Throw 2 of 2 (7 PTS),55 - 52,-3,5.0,202331,Paul George,1610612754.0,Indiana,Pacers,IND,0,0,,,,,,0,0,,,,,
0021500416,257,1,57,3,9:49 PM,9:28,Leonard 5' Driving Hook Shot (14 PTS) (Aldridge 1 AST),,,55 - 54,-1,4.0,202695,Kawhi Leonard,1610612759.0,San Antonio,Spurs,SAS,4,200746,LaMarcus Aldridge,1610612759.0,San Antonio,Spurs,SAS,0,0,,,,,
0021500416,258,1,55,3,9:50 PM,9:10,,,Mahinmi 4' Hook Shot (6 PTS) (G. Hill 1 AST),57 - 54,-3,5.0,101133,Ian Mahinmi,1610612754.0,Indiana,Pacers,IND,5,201588,George Hill,1610612754.0,Indiana,Pacers,IND,0,0,,,,,
0021500416,259,2,5,3,9:50 PM,8:58,MISS Duncan 3' Layup,,,,,4.0,1495,Tim Duncan,1610612759.0,San Antonio,Spurs,SAS,0,0,,,,,,0,0,,,,,
0021500416,260,4,0,3,9:50 PM,8:57,,,Allen REBOUND (Off:1 Def:4),,,5.0,202730,Lavoy Allen,1610612754.0,Indiana,Pacers,IND,0,0,,,,,,0,0,,,,,
0021500416,261,2,1,3,9:50 PM,8:48,,,MISS Allen 21' Jump Shot,,,5.0,202730,Lavoy Allen,1610612754.0,Indiana,Pacers,IND,0,0,,,,,,0,0,,,,,
0021500416,262,4,0,3,9:50 PM,8:47,Leonard REBOUND (Off:0 Def:2),,,,,4.0,202695,Kawhi Leonard,1610612759.0,San Antonio,Spurs,SAS,0,0,,,,,,0,0,,,,,
0021500416,263,7,5,3,9:50 PM,8:41,,,G. Hill Violation:Kicked Ball (T.Brown),,,5.0,201588,George Hill,1610612754.0,Indiana,Pacers,IND,0,0,,,,,,1,0,,,,,
0021500416,264,1,3,3,9:51 PM,8:27,Duncan 4' Hook Shot (6 PTS) (Green 1 AST),,,57 - 56,-1,4.0,1495,Tim Duncan,1610612759.0,San Antonio,Spurs,SAS,4,201980,Danny Green,1610612759.0,San Antonio,Spurs,SAS,0,0,,,,,
0021500416,265,6,2,3,9:51 PM,8:27,,,George S.FOUL (P1.T1) (M.McCutchen),,,5.0,202331,Paul George,1610612754.0,Indiana,Pacers,IND,4,1495,Tim Duncan,1610612759.0,San Antonio,Spurs,SAS,1,0,,,,,
0021500416,266,3,10,3,9:51 PM,8:27,Duncan Free Throw 1 of 1 (7 PTS),,,57 - 57,TIE,4.0,1495,Tim Duncan,1610612759.0,San Antonio,Spurs,SAS,0,0,,,,,,0,0,,,,,
0021500416,268,2,79,3,9:51 PM,8:13,,,MISS George 18' Pullup Jump Shot,,,5.0,202331,Paul George,1610612754.0,Indiana,Pacers,IND,0,0,,,,,,0,0,,,,,
0021500416,269,4,0,3,9:51 PM,8:12,Green REBOUND (Off:0 Def:3),,,,,4.0,201980,Danny Green,1610612759.0,San Antonio,Spurs,SAS,0,0,,,,,,0,0,,,,,
0021500416,270,2,1,3,9:52 PM,7:52,MISS Green 25' 3PT Jump Shot,,,,,4.0,201980,Danny Green,1610612759.0,San Antonio,Spurs,SAS,0,0,,,,,,0,0,,,,,
0021500416,271,4,0,3,9:52 PM,7:50,,,George REBOUND (Off:0 Def:6),,,5.0,202331,Paul George,1610612754.0,Indiana,Pacers,IND,0,0,,,,,,0,0,,,,,
0021500416,272,2,80,3,9:52 PM,7:34,,,MISS Allen 12' Step Back Jump Shot,,,5.0,202730,Lavoy Allen,1610612754.0,Indiana,Pacers,IND,0,0,,,,,,0,0,,,,,
0021500416,273,4,0,3,9:52 PM,7:33,,,Mahinmi REBOUND (Off:3 Def:6),,,5.0,101133,Ian Mahinmi,1610612754.0,Indiana,Pacers,IND,0,0,,,,,,0,0,,,,,
0021500416,274,1,1,3,9:52 PM,7:22,,,Mahinmi 20' Jump Shot (8 PTS) (Ellis 5 AST),59 - 57,-2,5.0,101133,Ian Mahinmi,1610612754.0,Indiana,Pacers,IND,5,101145,Monta Ellis,1610612754.0,Indiana,Pacers,IND,0,0,,,,,
0021500416,275,1,79,3,9:53 PM,7:02,Leonard 16' Pullup Jump Shot (16 PTS) (Parker 3 AST),,,59 - 59,TIE,4.0,202695,Kawhi Leonard,1610612759.0,San Antonio,Spurs,SAS,4,2225,Tony Parker,1610612759.0,San Antonio,Spurs,SAS,0,0,,,,,
0021500416,276,6,2,3,9:53 PM,6:57,Duncan S.FOUL (P2.T2) (T.Brown),,,,,4.0,1495,Tim Duncan,1610612759.0,San Antonio,Spurs,SAS,5,101133,Ian Mahinmi,1610612754.0,Indiana,Pacers,IND,1,0,,,,,
0021500416,277,3,11,3,9:53 PM,6:57,,,MISS Mahinmi Free Throw 1 of 2,,,5.0,101133,Ian Mahinmi,1610612754.0,Indiana,Pacers,IND,0,0,,,,,,0,0,,,,,
0021500416,278,4,1,3,9:53 PM,6:57,,,Pacers Rebound,,,3.0,1610612754,,,,,,0,0,,,,,,0,0,,,,,
0021500416,279,3,12,3,9:53 PM,6:57,,,Mahinmi Free Throw 2 of 2 (9 PTS),60 - 59,-1,5.0,101133,Ian Mahinmi,1610612754.0,Indiana,Pacers,IND,0,0,,,,,,0,0,,,,,
0021500416,281,2,1,3,9:54 PM,6:38,MISS Duncan 6' Jump Shot,,Mahinmi BLOCK (1 BLK),,,4.0,1495,Tim Duncan,1610612759.0,San Antonio,Spurs,SAS,0,0,,,,,,5,101133,Ian Mahinmi,1610612754.0,Indiana,Pacers,IND
0021500416,282,4,0,3,9:54 PM,6:38,Aldridge REBOUND (Off:3 Def:5),,,,,4.0,200746,LaMarcus Aldridge,1610612759.0,San Antonio,Spurs,SAS,0,0,,,,,,0,0,,,,,
0021500416,283,6,2,3,9:54 PM,6:38,,,Allen S.FOUL (P3.T2) (E.Roe),,,5.0,202730,Lavoy Allen,1610612754.0,Indiana,Pacers,IND,4,200746,LaMarcus Aldridge,1610612759.0,San Antonio,Spurs,SAS,1,0,,,,,
0021500416,284,3,11,3,9:54 PM,6:38,Aldridge Free Throw 1 of 2 (7 PTS),,,60 - 60,TIE,4.0,200746,LaMarcus Aldridge,1610612759.0,San Antonio,Spurs,SAS,0,0,,,,,,0,0,,,,,
0021500416,286,8,0,3,9:54 PM,6:38,SUB: Ginobili FOR Green,,,,,4.0,201980,Danny Green,1610612759.0,San Antonio,Spurs,SAS,4,1938,Manu Ginobili,1610612759.0,San Antonio,Spurs,SAS,0,0,,,,,
0021500416,287,3,12,3,9:54 PM,6:38,Aldridge Free Throw 2 of 2 (8 PTS),,,60 - 61,1,4.0,200746,LaMarcus Aldridge,1610612759.0,San Antonio,Spurs,SAS,0,0,,,,,,0,0,,,,,
0021500416,289,2,5,3,9:55 PM,6:27,Aldridge BLOCK (1 BLK),,MISS Mahinmi 1' Layup,,,5.0,101133,Ian Mahinmi,1610612754.0,Indiana,Pacers,IND,0,0,,,,,,4,200746,LaMarcus Aldridge,1610612759.0,San Antonio,Spurs,SAS
0021500416,290,4,0,3,9:55 PM,6:27,,,Pacers Rebound,,,3.0,1610612754,,,,,,0,0,,,,,,0,0,,,,,
0021500416,291,6,4,3,9:55 PM,6:19,,,G. Hill OFF.Foul (P2) (M.McCutchen),,,5.0,201588,George Hill,1610612754.0,Indiana,Pacers,IND,4,2225,Tony Parker,1610612759.0,San Antonio,Spurs,SAS,1,0,,,,,
0021500416,292,5,5,3,9:55 PM,6:19,,,G. Hill Foul Turnover (P2.T10),,,5.0,201588,George Hill,1610612754.0,Indiana,Pacers,IND,0,0,,,,,,1,0,,,,,
0021500416,293,2,1,3,9:56 PM,5:59,MISS Ginobili  3PT Jump Shot,,,,,4.0,1938,Manu Ginobili,1610612759.0,San Antonio,Spurs,SAS,0,0,,,,,,0,0,,,,,
0021500416,294,4,0,3,9:56 PM,5:58,,,Allen REBOUND (Off:1 Def:5),,,5.0,202730,Lavoy Allen,1610612754.0,Indiana,Pacers,IND,0,0,,,,,,0,0,,,,,
0021500416,295,2,79,3,9:56 PM,5:47,,,MISS Ellis 21' Pullup Jump Shot,,,5.0,101145,Monta Ellis,1610612754.0,Indiana,Pacers,IND,0,0,,,,,,0,0,,,,,
0021500416,296,4,0,3,9:56 PM,5:46,SPURS Rebound,,,,,2.0,1610612759,,,,,,0,0,,,,,,0,0,,,,,
0021500416,297,9,1,3,9:56 PM,5:46,SPURS Timeout: Regular (Full 3 Short 0),,,,,2.0,1610612759,,,,,,0,0,,,,,,0,0,,,,,
0021500416,299,1,42,3,9:59 PM,5:24,Leonard 1' Driving Layup (18 PTS),,,60 - 63,3,4.0,202695,Kawhi Leonard,1610612759.0,San Antonio,Spurs,SAS,0,0,,,,,,0,0,,,,,
0021500416,300,2,5,3,9:59 PM,5:04,Duncan BLOCK (2 BLK),,MISS George 2' Layup,,,5.0,202331,Paul George,1610612754.0,Indiana,Pacers,IND,0,0,,,,,,4,1495,Tim Duncan,1610612759.0,San Antonio,Spurs,SAS
0021500416,301,4,0,3,9:59 PM,5:04,,,Pacers Rebound,,,3.0,1610612754,,,,,,0,0,,,,,,0,0,,,,,
0021500416,302,8,0,3,9:59 PM,5:04,SUB: Diaw FOR Duncan,,,,,4.0,1495,Tim Duncan,1610612759.0,San Antonio,Spurs,SAS,4,2564,Boris Diaw,1610612759.0,San Antonio,Spurs,SAS,0,0,,,,,
0021500416,303,8,0,3,9:59 PM,5:04,SUB: Mills FOR Parker,,,,,4.0,2225,Tony Parker,1610612759.0,San Antonio,Spurs,SAS,4,201988,Patty Mills,1610612759.0,San Antonio,Spurs,SAS,0,0,,,,,
0021500416,304,2,79,3,10:00 PM,4:59,,,MISS G. Hill 20' Pullup Jump Shot,,,5.0,201588,George Hill,1610612754.0,Indiana,Pacers,IND,0,0,,,,,,0,0,,,,,
0021500416,305,4,0,3,10:00 PM,4:57,,,Mahinmi REBOUND (Off:4 Def:6),,,5.0,101133,Ian Mahinmi,1610612754.0,Indiana,Pacers,IND,0,0,,,,,,0,0,,,,,
0021500416,306,2,1,3,10:00 PM,4:52,,,MISS G. Hill 25' 3PT Jump Shot,,,5.0,201588,George Hill,1610612754.0,Indiana,Pacers,IND,0,0,,,,,,0,0,,,,,
0021500416,307,4,0,3,10:00 PM,4:51,,,Allen REBOUND (Off:2 Def:5),,,5.0,202730,Lavoy Allen,1610612754.0,Indiana,Pacers,IND,0,0,,,,,,0,0,,,,,
0021500416,308,1,72,3,10:00 PM,4:49,,,Allen 1' Putback Layup (7 PTS),62 - 63,1,5.0,202730,Lavoy Allen,1610612754.0,Indiana,Pacers,IND,0,0,,,,,,0,0,,,,,
0021500416,309,1,1,3,10:00 PM,4:35,Leonard 25' 3PT Jump Shot (21 PTS) (Ginobili 4 AST),,,62 - 66,4,4.0,202695,Kawhi Leonard,1610612759.0,San Antonio,Spurs,SAS,4,1938,Manu Ginobili,1610612759.0,San Antonio,Spurs,SAS,0,0,,,,,
0021500416,310,2,79,3,10:00 PM,4:25,,,MISS George 13' Pullup Jump Shot,,,5.0,202331,Paul George,1610612754.0,Indiana,Pacers,IND,0,0,,,,,,0,0,,,,,
0021500416,311,4,0,3,10:00 PM,4:24,Leonard REBOUND (Off:0 Def:3),,,,,4.0,202695,Kawhi Leonard,1610612759.0,San Antonio,Spurs,SAS,0,0,,,,,,0,0,,,,,
0021500416,312,1,98,3,10:01 PM,4:04,Aldridge 2' Cutting Layup Shot (10 PTS) (Mills 2 AST),,,62 - 68,6,4.0,200746,LaMarcus Aldridge,1610612759.0,San Antonio,Spurs,SAS,4,201988,Patty Mills,1610612759.0,San Antonio,Spurs,SAS,0,0,,,,,
0021500416,313,9,1,3,10:01 PM,4:03,,,Pacers Timeout: Regular (Reg.3 Short 0),,,3.0,1610612754,,,,,,0,0,,,,,,0,0,,,,,
0021500416,315,8,0,3,10:03 PM,4:03,,,SUB: Hill FOR Mahinmi,,,5.0,101133,Ian Mahinmi,1610612754.0,Indiana,Pacers,IND,5,201941,Jordan Hill,1610612754.0,Indiana,Pacers,IND,0,0,,,,,
0021500416,316,8,0,3,10:03 PM,4:03,,,SUB: Stuckey FOR G. Hill,,,5.0,201588,George Hill,1610612754.0,Indiana,Pacers,IND,5,201155,Rodney Stuckey,1610612754.0,Indiana,Pacers,IND,0,0,,,,,
0021500416,317,5,1,3,10:03 PM,3:48,Leonard STEAL (2 STL),,George Bad Pass Turnover (P4.T11),,,5.0,202331,Paul George,1610612754.0,Indiana,Pacers,IND,4,202695,Kawhi Leonard,1610612759.0,San Antonio,Spurs,SAS,0,0,,,,,
0021500416,318,1,76,3,10:04 PM,3:43,Mills 1' Running Finger Roll Layup (8 PTS) (Leonard 2 AST),,,62 - 70,8,4.0,201988,Patty Mills,1610612759.0,San Antonio,Spurs,SAS,4,202695,Kawhi Leonard,1610612759.0,San Antonio,Spurs,SAS,0,0,,,,,
0021500416,319,1,3,3,10:04 PM,3:29,,,Hill 10' Hook Shot (7 PTS) (Ellis 6 AST),64 - 70,6,5.0,201941,Jordan Hill,1610612754.0,Indiana,Pacers,IND,5,101145,Monta Ellis,1610612754.0,Indiana,Pacers,IND,0,0,,,,,
0021500416,320,2,1,3,10:04 PM,3:10,MISS Mills  3PT Jump Shot,,,,,4.0,201988,Patty Mills,1610612759.0,San Antonio,Spurs,SAS,0,0,,,,,,0,0,,,,,
0021500416,321,4,0,3,10:04 PM,3:09,,,Stuckey REBOUND (Off:0 Def:3),,,5.0,201155,Rodney Stuckey,1610612754.0,Indiana,Pacers,IND,0,0,,,,,,0,0,,,,,
0021500416,322,1,3,3,10:04 PM,2:48,,,Hill 9' Hook Shot (9 PTS),66 - 70,4,5.0,201941,Jordan Hill,1610612754.0,Indiana,Pacers,IND,0,0,,,,,,0,0,,,,,
0021500416,323,2,1,3,10:05 PM,2:35,MISS Leonard 16' Jump Shot,,,,,4.0,202695,Kawhi Leonard,1610612759.0,San Antonio,Spurs,SAS,0,0,,,,,,0,0,,,,,
0021500416,324,4,0,3,10:05 PM,2:33,,,Ellis REBOUND (Off:0 Def:2),,,5.0,101145,Monta Ellis,1610612754.0,Indiana,Pacers,IND,0,0,,,,,,0,0,,,,,
0021500416,325,2,75,3,10:05 PM,2:28,,,MISS Ellis 1' Driving Finger Roll Layup,,,5.0,101145,Monta Ellis,1610612754.0,Indiana,Pacers,IND,0,0,,,,,,0,0,,,,,
0021500416,326,4,0,3,10:05 PM,2:26,Diaw REBOUND (Off:0 Def:4),,,,,4.0,2564,Boris Diaw,1610612759.0,San Antonio,Spurs,SAS,0,0,,,,,,0,0,,,,,
0021500416,327,1,42,3,10:05 PM,2:19,Ginobili 2' Driving Layup (4 PTS) (Mills 3 AST),,,66 - 72,6,4.0,1938,Manu Ginobili,1610612759.0,San Antonio,Spurs,SAS,4,201988,Patty Mills,1610612759.0,San Antonio,Spurs,SAS,0,0,,,,,
0021500416,328,1,79,3,10:05 PM,2:04,,,Stuckey 19' Pullup Jump Shot (11 PTS),68 - 72,4,5.0,201155,Rodney Stuckey,1610612754.0,Indiana,Pacers,IND,0,0,,,,,,0,0,,,,,
0021500416,329,2,78,3,10:05 PM,1:53,MISS Ginobili 13' Floating Jump Shot,,,,,4.0,1938,Manu Ginobili,1610612759.0,San Antonio,Spurs,SAS,0,0,,,,,,0,0,,,,,
0021500416,330,4,0,3,10:05 PM,1:52,,,George REBOUND (Off:0 Def:7),,,5.0,202331,Paul George,1610612754.0,Indiana,Pacers,IND,0,0,,,,,,0,0,,,,,
0021500416,331,2,1,3,10:06 PM,1:43,,,MISS Hill 18' Jump Shot,,,5.0,201941,Jordan Hill,1610612754.0,Indiana,Pacers,IND,0,0,,,,,,0,0,,,,,
0021500416,332,4,0,3,10:06 PM,1:42,Aldridge REBOUND (Off:3 Def:6),,,,,4.0,200746,LaMarcus Aldridge,1610612759.0,San Antonio,Spurs,SAS,0,0,,,,,,0,0,,,,,
0021500416,333,6,1,3,10:06 PM,1:24,,,Ellis P.FOUL (P2.T3) (E.Roe),,,5.0,101145,Monta Ellis,1610612754.0,Indiana,Pacers,IND,4,1938,Manu Ginobili,1610612759.0,San Antonio,Spurs,SAS,1,0,,,,,
0021500416,334,8,0,3,10:06 PM,1:24,SUB: West FOR Aldridge,,,,,4.0,200746,LaMarcus Aldridge,1610612759.0,San Antonio,Spurs,SAS,4,2561,David West,1610612759.0,San Antonio,Spurs,SAS,0,0,,,,,
0021500416,335,8,0,3,10:06 PM,1:24,,,SUB: Miles FOR Allen,,,5.0,202730,Lavoy Allen,1610612754.0,Indiana,Pacers,IND,5,101139,CJ Miles,1610612754.0,Indiana,Pacers,IND,0,0,,,,,
0021500416,336,8,0,3,10:07 PM,1:24,SUB: Green FOR Ginobili,,,,,4.0,1938,Manu Ginobili,1610612759.0,San Antonio,Spurs,SAS,4,201980,Danny Green,1610612759.0,San Antonio,Spurs,SAS,0,0,,,,,
0021500416,337,2,1,3,10:07 PM,1:18,MISS Mills 24' 3PT Jump Shot,,,,,4.0,201988,Patty Mills,1610612759.0,San Antonio,Spurs,SAS,0,0,,,,,,0,0,,,,,
0021500416,338,4,0,3,10:07 PM,1:17,Leonard REBOUND (Off:1 Def:3),,,,,4.0,202695,Kawhi Leonard,1610612759.0,San Antonio,Spurs,SAS,0,0,,,,,,0,0,,,,,
0021500416,339,2,101,3,10:07 PM,1:03,MISS Leonard 15' Driving Floating Jump Shot,,,,,4.0,202695,Kawhi Leonard,1610612759.0,San Antonio,Spurs,SAS,0,0,,,,,,0,0,,,,,
0021500416,340,4,0,3,10:07 PM,1:01,Diaw REBOUND (Off:1 Def:4),,,,,4.0,2564,Boris Diaw,1610612759.0,San Antonio,Spurs,SAS,0,0,,,,,,0,0,,,,,
0021500416,341,1,72,3,10:07 PM,1:00,Diaw 2' Putback Layup (10 PTS),,,68 - 74,6,4.0,2564,Boris Diaw,1610612759.0,San Antonio,Spurs,SAS,0,0,,,,,,0,0,,,,,
0021500416,342,2,5,3,10:07 PM,0:50,West BLOCK (1 BLK),,MISS George 2' Layup,,,5.0,202331,Paul George,1610612754.0,Indiana,Pacers,IND,0,0,,,,,,4,2561,David West,1610612759.0,San Antonio,Spurs,SAS
0021500416,343,4,0,3,10:07 PM,0:47,West REBOUND (Off:0 Def:3),,,,,4.0,2561,David West,1610612759.0,San Antonio,Spurs,SAS,0,0,,,,,,0,0,,,,,
0021500416,344,1,79,3,10:07 PM,0:44,Green 26' 3PT Pullup Jump Shot (3 PTS) (Leonard 3 AST),,,68 - 77,9,4.0,201980,Danny Green,1610612759.0,San Antonio,Spurs,SAS,4,202695,Kawhi Leonard,1610612759.0,San Antonio,Spurs,SAS,0,0,,,,,
0021500416,345,2,49,3,10:08 PM,0:33,,,MISS Stuckey  Driving Dunk,,,5.0,201155,Rodney Stuckey,1610612754.0,Indiana,Pacers,IND,0,0,,,,,,0,0,,,,,
0021500416,346,4,0,3,10:08 PM,0:31,,,Ellis REBOUND (Off:1 Def:2),,,5.0,101145,Monta Ellis,1610612754.0,Indiana,Pacers,IND,0,0,,,,,,0,0,,,,,
0021500416,347,2,1,3,10:08 PM,0:28,,,MISS Ellis 25' 3PT Jump Shot,,,5.0,101145,Monta Ellis,1610612754.0,Indiana,Pacers,IND,0,0,,,,,,0,0,,,,,
0021500416,349,4,0,3,10:08 PM,0:28,,,Hill REBOUND (Off:3 Def:3),,,5.0,201941,Jordan Hill,1610612754.0,Indiana,Pacers,IND,0,0,,,,,,0,0,,,,,
0021500416,348,1,87,3,10:08 PM,0:28,,,Hill  Putback Dunk (11 PTS),70 - 77,7,5.0,201941,Jordan Hill,1610612754.0,Indiana,Pacers,IND,0,0,,,,,,0,0,,,,,
0021500416,350,1,99,3,10:08 PM,0:08,Mills 3' Cutting Finger Roll Layup Shot (10 PTS) (Leonard 4 AST),,,70 - 79,9,4.0,201988,Patty Mills,1610612759.0,San Antonio,Spurs,SAS,4,202695,Kawhi Leonard,1610612759.0,San Antonio,Spurs,SAS,0,0,,,,,
0021500416,351,2,5,3,10:08 PM,0:00,West BLOCK (2 BLK),,MISS Ellis 2' Layup,,,5.0,101145,Monta Ellis,1610612754.0,Indiana,Pacers,IND,0,0,,,,,,4,2561,David West,1610612759.0,San Antonio,Spurs,SAS
0021500416,352,4,0,3,10:08 PM,0:00,West REBOUND (Off:0 Def:4),,,,,4.0,2561,David West,1610612759.0,San Antonio,Spurs,SAS,0,0,,,,,,0,0,,,,,
0021500416,353,13,0,3,10:08 PM,0:00,,,,70 - 79,9,0.0,0,,,,,,0,0,,,,,,0,0,,,,,
0021500416,355,12,0,4,10:11 PM,12:00,,,,70 - 79,9,0.0,0,,,,,,0,0,,,,,,0,0,,,,,
0021500416,356,2,1,4,10:12 PM,11:42,MISS Green  3PT Jump Shot,,,,,4.0,201980,Danny Green,1610612759.0,San Antonio,Spurs,SAS,0,0,,,,,,0,0,,,,,
0021500416,357,4,0,4,10:12 PM,11:41,,,Hill REBOUND (Off:3 Def:4),,,5.0,201941,Jordan Hill,1610612754.0,Indiana,Pacers,IND,0,0,,,,,,0,0,,,,,
0021500416,358,2,1,4,10:12 PM,11:26,,,MISS Miles 25' 3PT Jump Shot,,,5.0,101139,CJ Miles,1610612754.0,Indiana,Pacers,IND,0,0,,,,,,0,0,,,,,
0021500416,359,4,0,4,10:12 PM,11:25,,,Hill REBOUND (Off:4 Def:4),,,5.0,201941,Jordan Hill,1610612754.0,Indiana,Pacers,IND,0,0,,,,,,0,0,,,,,
0021500416,360,1,1,4,10:12 PM,11:17,,,Stuckey 26' 3PT Jump Shot (14 PTS) (Budinger 1 AST),73 - 79,6,5.0,201155,Rodney Stuckey,1610612754.0,Indiana,Pacers,IND,5,201978,Chase Budinger,1610612754.0,Indiana,Pacers,IND,0,0,,,,,
0021500416,361,1,58,4,10:12 PM,10:57,Diaw 8' Turnaround Hook Shot (12 PTS),,,73 - 81,8,4.0,2564,Boris Diaw,1610612759.0,San Antonio,Spurs,SAS,0,0,,,,,,0,0,,,,,
0021500416,362,2,1,4,10:13 PM,10:35,,,MISS Stuckey 25' 3PT Jump Shot,,,5.0,201155,Rodney Stuckey,1610612754.0,Indiana,Pacers,IND,0,0,,,,,,0,0,,,,,
0021500416,363,4,0,4,10:13 PM,10:34,Leonard REBOUND (Off:1 Def:4),,,,,4.0,202695,Kawhi Leonard,1610612759.0,San Antonio,Spurs,SAS,0,0,,,,,,0,0,,,,,
0021500416,364,1,79,4,10:13 PM,10:26,Leonard 11' Pullup Jump Shot (23 PTS),,,73 - 83,10,4.0,202695,Kawhi Leonard,1610612759.0,San Antonio,Spurs,SAS,0,0,,,,,,0,0,,,,,
0021500416,365,6,2,4,10:13 PM,10:26,,,Hill S.FOUL (P1.T1) (T.Brown),,,5.0,201941,Jordan Hill,1610612754.0,Indiana,Pacers,IND,4,202695,Kawhi Leonard,1610612759.0,San Antonio,Spurs,SAS,1,0,,,,,
0021500416,366,3,10,4,10:13 PM,10:26,Leonard Free Throw 1 of 1 (24 PTS),,,73 - 84,11,4.0,202695,Kawhi Leonard,1610612759.0,San Antonio,Spurs,SAS,0,0,,,,,,0,0,,,,,
0021500416,368,2,79,4,10:14 PM,10:10,,,MISS Miles 25' 3PT Pullup Jump Shot,,,5.0,101139,CJ Miles,1610612754.0,Indiana,Pacers,IND,0,0,,,,,,0,0,,,,,
0021500416,369,4,0,4,10:14 PM,10:09,Leonard REBOUND (Off:1 Def:5),,,,,4.0,202695,Kawhi Leonard,1610612759.0,San Antonio,Spurs,SAS,0,0,,,,,,0,0,,,,,
0021500416,370,2,75,4,10:14 PM,9:58,MISS Diaw 1' Driving Finger Roll Layup,,,,,4.0,2564,Boris Diaw,1610612759.0,San Antonio,Spurs,SAS,0,0,,,,,,0,0,,,,,
0021500416,371,4,0,4,10:14 PM,9:57,,,Stuckey REBOUND (Off:0 Def:4),,,5.0,201155,Rodney Stuckey,1610612754.0,Indiana,Pacers,IND,0,0,,,,,,0,0,,,,,
0021500416,372,6,2,4,10:14 PM,9:53,Green S.FOUL (P1.T1) (T.Brown),,,,,4.0,201980,Danny Green,1610612759.0,San Antonio,Spurs,SAS,5,201155,Rodney Stuckey,1610612754.0,Indiana,Pacers,IND,1,0,,,,,
0021500416,373,3,11,4,10:14 PM,9:53,,,Stuckey Free Throw 1 of 2 (15 PTS),74 - 84,10,5.0,201155,Rodney Stuckey,1610612754.0,Indiana,Pacers,IND,0,0,,,,,,0,0,,,,,
0021500416,375,8,0,4,10:14 PM,9:53,SUB: Simmons FOR Leonard,,,,,4.0,202695,Kawhi Leonard,1610612759.0,San Antonio,Spurs,SAS,4,203613,Jonathon Simmons,1610612759.0,San Antonio,Spurs,SAS,0,0,,,,,
0021500416,376,3,12,4,10:15 PM,9:53,,,MISS Stuckey Free Throw 2 of 2,,,5.0,201155,Rodney Stuckey,1610612754.0,Indiana,Pacers,IND,0,0,,,,,,0,0,,,,,
0021500416,378,4,0,4,10:15 PM,9:53,West REBOUND (Off:0 Def:5),,,,,4.0,2561,David West,1610612759.0,San Antonio,Spurs,SAS,0,0,,,,,,0,0,,,,,
0021500416,379,1,75,4,10:15 PM,9:40,Simmons 2' Driving Finger Roll Layup (5 PTS) (Mills 4 AST),,,74 - 86,12,4.0,203613,Jonathon Simmons,1610612759.0,San Antonio,Spurs,SAS,4,201988,Patty Mills,1610612759.0,San Antonio,Spurs,SAS,0,0,,,,,
0021500416,380,1,1,4,10:15 PM,9:19,,,Hill 19' Jump Shot (13 PTS) (Stuckey 2 AST),76 - 86,10,5.0,201941,Jordan Hill,1610612754.0,Indiana,Pacers,IND,5,201155,Rodney Stuckey,1610612754.0,Indiana,Pacers,IND,0,0,,,,,
0021500416,381,2,102,4,10:15 PM,9:07,MISS West 8' Driving Floating Bank Jump Shot,,,,,4.0,2561,David West,1610612759.0,San Antonio,Spurs,SAS,0,0,,,,,,0,0,,,,,
0021500416,382,4,0,4,10:16 PM,9:05,Diaw REBOUND (Off:2 Def:4),,,,,4.0,2564,Boris Diaw,1610612759.0,San Antonio,Spurs,SAS,0,0,,,,,,0,0,,,,,
0021500416,383,1,73,4,10:16 PM,8:57,Diaw 1' Driving Reverse Layup (14 PTS) (Simmons 2 AST),,,76 - 88,12,4.0,2564,Boris Diaw,1610612759.0,San Antonio,Spurs,SAS,4,203613,Jonathon Simmons,1610612759.0,San Antonio,Spurs,SAS,0,0,,,,,
0021500416,384,6,17,4,10:16 PM,8:49,SPURS T.Foul (Def. 3 Sec Simmons ) (M.McCutchen),,,,,4.0,203613,Jonathon Simmons,1610612759.0,San Antonio,Spurs,SAS,0,0,,,,,,1,0,,,,,
0021500416,385,9,4,4,10:16 PM,8:49,,,,,,1.0,0,,,,,,0,0,,,,,,0,0,,,,,
0021500416,386,3,16,4,10:19 PM,8:49,,,Stuckey Free Throw Technical (16 PTS),77 - 88,11,5.0,201155,Rodney Stuckey,1610612754.0,Indiana,Pacers,IND,0,0,,,,,,0,0,,,,,
0021500416,388,1,80,4,10:19 PM,8:40,,,Miles 25' 3PT Step Back Jump Shot (9 PTS) (Stuckey 3 AST),80 - 88,8,5.0,101139,CJ Miles,1610612754.0,Indiana,Pacers,IND,5,201155,Rodney Stuckey,1610612754.0,Indiana,Pacers,IND,0,0,,,,,
0021500416,390,6,1,4,10:20 PM,8:30,,,G. Hill P.FOUL (P3.T2) (E.Roe),,,5.0,201588,George Hill,1610612754.0,Indiana,Pacers,IND,4,201988,Patty Mills,1610612759.0,San Antonio,Spurs,SAS,1,0,,,,,
0021500416,391,1,5,4,10:20 PM,8:18,Simmons 2' Layup (7 PTS),,,80 - 90,10,4.0,203613,Jonathon Simmons,1610612759.0,San Antonio,Spurs,SAS,0,0,,,,,,0,0,,,,,
0021500416,392,2,1,4,10:21 PM,8:02,Green BLOCK (1 BLK),,MISS Budinger 7' Jump Shot,,,5.0,201978,Chase Budinger,1610612754.0,Indiana,Pacers,IND,0,0,,,,,,4,201980,Danny Green,1610612759.0,San Antonio,Spurs,SAS
0021500416,393,4,0,4,10:21 PM,8:00,Diaw REBOUND (Off:2 Def:5),,,,,4.0,2564,Boris Diaw,1610612759.0,San Antonio,Spurs,SAS,0,0,,,,,,0,0,,,,,
0021500416,394,2,79,4,10:21 PM,7:55,MISS Green 25' 3PT Pullup Jump Shot,,,,,4.0,201980,Danny Green,1610612759.0,San Antonio,Spurs,SAS,0,0,,,,,,0,0,,,,,
0021500416,395,4,0,4,10:21 PM,7:54,SPURS Rebound,,,,,2.0,1610612759,,,,,,0,0,,,,,,0,0,,,,,
0021500416,396,8,0,4,10:21 PM,7:54,SUB: Parker FOR Mills,,,,,4.0,201988,Patty Mills,1610612759.0,San Antonio,Spurs,SAS,4,2225,Tony Parker,1610612759.0,San Antonio,Spurs,SAS,0,0,,,,,
0021500416,397,8,0,4,10:21 PM,7:54,,,SUB: George FOR Budinger,,,5.0,201978,Chase Budinger,1610612754.0,Indiana,Pacers,IND,5,202331,Paul George,1610612754.0,Indiana,Pacers,IND,0,0,,,,,
0021500416,398,6,4,4,10:21 PM,7:54,West OFF.Foul (P1) (M.McCutchen),,,,,4.0,2561,David West,1610612759.0,San Antonio,Spurs,SAS,5,201155,Rodney Stuckey,1610612754.0,Indiana,Pacers,IND,1,0,,,,,
0021500416,399,5,5,4,10:21 PM,7:54,West Foul Turnover (P1.T4),,,,,4.0,2561,David West,1610612759.0,San Antonio,Spurs,SAS,0,0,,,,,,1,0,,,,,
0021500416,400,1,78,4,10:22 PM,7:39,,,G. Hill 5' Floating Jump Shot (13 PTS) (George 5 AST),82 - 90,8,5.0,201588,George Hill,1610612754.0,Indiana,Pacers,IND,5,202331,Paul George,1610612754.0,Indiana,Pacers,IND,0,0,,,,,
0021500416,401,1,71,4,10:22 PM,7:17,Parker 1' Finger Roll Layup (8 PTS) (Green 2 AST),,,82 - 92,10,4.0,2225,Tony Parker,1610612759.0,San Antonio,Spurs,SAS,4,201980,Danny Green,1610612759.0,San Antonio,Spurs,SAS,0,0,,,,,
0021500416,402,2,1,4,10:22 PM,7:04,,,MISS George 20' Jump Shot,,,5.0,202331,Paul George,1610612754.0,Indiana,Pacers,IND,0,0,,,,,,0,0,,,,,
0021500416,403,4,0,4,10:22 PM,7:02,Green REBOUND (Off:0 Def:4),,,,,4.0,201980,Danny Green,1610612759.0,San Antonio,Spurs,SAS,0,0,,,,,,0,0,,,,,
0021500416,404,1,1,4,10:22 PM,6:57,West 14' Jump Shot (7 PTS) (Parker 4 AST),,,82 - 94,12,4.0,2561,David West,1610612759.0,San Antonio,Spurs,SAS,4,2225,Tony Parker,1610612759.0,San Antonio,Spurs,SAS,0,0,,,,,
0021500416,405,2,102,4,10:23 PM,6:35,,,MISS G. Hill 10' Driving Floating Bank Jump Shot,,,5.0,201588,George Hill,1610612754.0,Indiana,Pacers,IND,0,0,,,,,,0,0,,,,,
0021500416,407,4,0,4,10:23 PM,6:33,,,Hill REBOUND (Off:5 Def:4),,,5.0,201941,Jordan Hill,1610612754.0,Indiana,Pacers,IND,0,0,,,,,,0,0,,,,,
0021500416,406,1,72,4,10:23 PM,6:33,,,Hill 1' Putback Layup (15 PTS),84 - 94,10,5.0,201941,Jordan Hill,1610612754.0,Indiana,Pacers,IND,0,0,,,,,,0,0,,,,,
0021500416,408,1,73,4,10:23 PM,6:10,Parker 2' Driving Reverse Layup (10 PTS),,,84 - 96,12,4.0,2225,Tony Parker,1610612759.0,San Antonio,Spurs,SAS,0,0,,,,,,0,0,,,,,
0021500416,409,2,1,4,10:23 PM,5:53,,,MISS Miles 21' Jump Shot,,,5.0,101139,CJ Miles,1610612754.0,Indiana,Pacers,IND,0,0,,,,,,0,0,,,,,
0021500416,410,4,0,4,10:23 PM,5:52,Simmons REBOUND (Off:0 Def:3),,,,,4.0,203613,Jonathon Simmons,1610612759.0,San Antonio,Spurs,SAS,0,0,,,,,,0,0,,,,,
0021500416,411,9,1,4,10:24 PM,5:49,SPURS Timeout: Regular (Full 4 Short 0),,,,,2.0,1610612759,,,,,,0,0,,,,,,0,0,,,,,
0021500416,413,8,0,4,10:26 PM,5:49,SUB: Leonard FOR Simmons,,,,,4.0,203613,Jonathon Simmons,1610612759.0,San Antonio,Spurs,SAS,4,202695,Kawhi Leonard,1610612759.0,San Antonio,Spurs,SAS,0,0,,,,,
0021500416,414,8,0,4,10:26 PM,5:49,,,SUB: Allen FOR Miles,,,5.0,101139,CJ Miles,1610612754.0,Indiana,Pacers,IND,5,202730,Lavoy Allen,1610612754.0,Indiana,Pacers,IND,0,0,,,,,
0021500416,415,8,0,4,10:26 PM,5:49,,,SUB: Mahinmi FOR Hill,,,5.0,201941,Jordan Hill,1610612754.0,Indiana,Pacers,IND,5,101133,Ian Mahinmi,1610612754.0,Indiana,Pacers,IND,0,0,,,,,
0021500416,416,5,45,4,10:26 PM,5:49,Diaw Out of Bounds - Bad Pass Turnover Turnover (P2.T5),,,,,4.0,2564,Boris Diaw,1610612759.0,San Antonio,Spurs,SAS,0,0,,,,,,0,0,,,,,
0021500416,417,2,79,4,10:27 PM,5:29,,,MISS Stuckey 19' Pullup Jump Shot,,,5.0,201155,Rodney Stuckey,1610612754.0,Indiana,Pacers,IND,0,0,,,,,,0,0,,,,,
0021500416,418,4,0,4,10:27 PM,5:28,Green REBOUND (Off:0 Def:5),,,,,4.0,201980,Danny Green,1610612759.0,San Antonio,Spurs,SAS,0,0,,,,,,0,0,,,,,
0021500416,419,2,73,4,10:27 PM,5:18,MISS Parker 1' Driving Reverse Layup,,,,,4.0,2225,Tony Parker,1610612759.0,San Antonio,Spurs,SAS,0,0,,,,,,0,0,,,,,
0021500416,420,4,0,4,10:27 PM,5:17,,,Allen REBOUND (Off:2 Def:6),,,5.0,202730,Lavoy Allen,1610612754.0,Indiana,Pacers,IND,0,0,,,,,,0,0,,,,,
0021500416,421,2,1,4,10:27 PM,5:11,,,MISS Stuckey 24' 3PT Jump Shot,,,5.0,201155,Rodney Stuckey,1610612754.0,Indiana,Pacers,IND,0,0,,,,,,0,0,,,,,
0021500416,422,4,0,4,10:27 PM,5:10,Diaw REBOUND (Off:2 Def:6),,,,,4.0,2564,Boris Diaw,1610612759.0,San Antonio,Spurs,SAS,0,0,,,,,,0,0,,,,,
0021500416,423,6,4,4,10:27 PM,5:02,Diaw OFF.Foul (P1) (M.McCutchen),,,,,4.0,2564,Boris Diaw,1610612759.0,San Antonio,Spurs,SAS,5,201588,George Hill,1610612754.0,Indiana,Pacers,IND,1,0,,,,,
0021500416,424,5,5,4,10:27 PM,5:02,Diaw Foul Turnover (P3.T6),,,,,4.0,2564,Boris Diaw,1610612759.0,San Antonio,Spurs,SAS,0,0,,,,,,1,0,,,,,
0021500416,425,8,0,4,10:27 PM,5:02,SUB: Ginobili FOR Green,,,,,4.0,201980,Danny Green,1610612759.0,San Antonio,Spurs,SAS,4,1938,Manu Ginobili,1610612759.0,San Antonio,Spurs,SAS,0,0,,,,,
0021500416,426,1,108,4,10:28 PM,4:48,,,Allen  Cutting Dunk Shot (9 PTS) (Stuckey 4 AST),86 - 96,10,5.0,202730,Lavoy Allen,1610612754.0,Indiana,Pacers,IND,5,201155,Rodney Stuckey,1610612754.0,Indiana,Pacers,IND,0,0,,,,,
0021500416,427,2,1,4,10:28 PM,4:29,MISS Parker 19' Jump Shot,,,,,4.0,2225,Tony Parker,1610612759.0,San Antonio,Spurs,SAS,0,0,,,,,,0,0,,,,,
0021500416,428,4,0,4,10:28 PM,4:28,,,Mahinmi REBOUND (Off:4 Def:7),,,5.0,101133,Ian Mahinmi,1610612754.0,Indiana,Pacers,IND,0,0,,,,,,0,0,,,,,
0021500416,429,6,1,4,10:28 PM,4:15,Parker P.FOUL (P2.T2) (T.Brown),,,,,4.0,2225,Tony Parker,1610612759.0,San Antonio,Spurs,SAS,5,201588,George Hill,1610612754.0,Indiana,Pacers,IND,1,0,,,,,
0021500416,430,8,0,4,10:29 PM,4:15,SUB: Duncan FOR West,,,,,4.0,2561,David West,1610612759.0,San Antonio,Spurs,SAS,4,1495,Tim Duncan,1610612759.0,San Antonio,Spurs,SAS,0,0,,,,,
0021500416,431,2,1,4,10:29 PM,4:05,,,MISS George  3PT Jump Shot,,,5.0,202331,Paul George,1610612754.0,Indiana,Pacers,IND,0,0,,,,,,0,0,,,,,
0021500416,432,4,0,4,10:29 PM,4:03,Parker REBOUND (Off:0 Def:1),,,,,4.0,2225,Tony Parker,1610612759.0,San Antonio,Spurs,SAS,0,0,,,,,,0,0,,,,,
0021500416,433,1,80,4,10:29 PM,3:44,Parker 14' Step Back Jump Shot (12 PTS),,,86 - 98,12,4.0,2225,Tony Parker,1610612759.0,San Antonio,Spurs,SAS,0,0,,,,,,0,0,,,,,
0021500416,434,5,1,4,10:29 PM,3:33,Leonard STEAL (3 STL),,George Bad Pass Turnover (P5.T12),,,5.0,202331,Paul George,1610612754.0,Indiana,Pacers,IND,4,202695,Kawhi Leonard,1610612759.0,San Antonio,Spurs,SAS,0,0,,,,,
0021500416,435,6,1,4,10:30 PM,3:32,,,Mahinmi P.FOUL (P2.T3) (T.Brown),,,5.0,101133,Ian Mahinmi,1610612754.0,Indiana,Pacers,IND,4,202695,Kawhi Leonard,1610612759.0,San Antonio,Spurs,SAS,1,0,,,,,
0021500416,439,5,1,4,10:30 PM,3:17,Diaw Bad Pass Turnover (P4.T7),,George STEAL (2 STL),,,4.0,2564,Boris Diaw,1610612759.0,San Antonio,Spurs,SAS,5,202331,Paul George,1610612754.0,Indiana,Pacers,IND,0,0,,,,,
0021500416,438,5,1,4,10:30 PM,3:14,Duncan STEAL (2 STL),,George Bad Pass Turnover (P6.T13),,,5.0,202331,Paul George,1610612754.0,Indiana,Pacers,IND,4,1495,Tim Duncan,1610612759.0,San Antonio,Spurs,SAS,0,0,,,,,
0021500416,436,1,1,4,10:30 PM,3:12,Ginobili 25' 3PT Jump Shot (7 PTS) (Duncan 3 AST),,,86 - 101,15,4.0,1938,Manu Ginobili,1610612759.0,San Antonio,Spurs,SAS,4,1495,Tim Duncan,1610612759.0,San Antonio,Spurs,SAS,0,0,,,,,
0021500416,437,9,1,4,10:30 PM,3:11,,,Pacers Timeout: Regular (Reg.4 Short 0),,,3.0,1610612754,,,,,,0,0,,,,,,0,0,,,,,
0021500416,441,8,0,4,10:32 PM,3:11,,,SUB: Miles FOR Stuckey,,,5.0,201155,Rodney Stuckey,1610612754.0,Indiana,Pacers,IND,5,101139,CJ Miles,1610612754.0,Indiana,Pacers,IND,0,0,,,,,
0021500416,442,6,1,4,10:33 PM,3:00,Duncan P.FOUL (P3.T3) (T.Brown),,,,,4.0,1495,Tim Duncan,1610612759.0,San Antonio,Spurs,SAS,5,101133,Ian Mahinmi,1610612754.0,Indiana,Pacers,IND,1,0,,,,,
0021500416,443,5,45,4,10:33 PM,3:00,,,Miles Out of Bounds - Bad Pass Turnover Turnover (P1.T14),,,5.0,101139,CJ Miles,1610612754.0,Indiana,Pacers,IND,0,0,,,,,,0,0,,,,,
0021500416,444,1,1,4,10:34 PM,2:40,Parker 24' 3PT Jump Shot (15 PTS) (Leonard 5 AST),,,86 - 104,18,4.0,2225,Tony Parker,1610612759.0,San Antonio,Spurs,SAS,4,202695,Kawhi Leonard,1610612759.0,San Antonio,Spurs,SAS,0,0,,,,,
0021500416,445,1,98,4,10:34 PM,2:30,,,G. Hill 2' Cutting Layup Shot (15 PTS) (George 6 AST),88 - 104,16,5.0,201588,George Hill,1610612754.0,Indiana,Pacers,IND,5,202331,Paul George,1610612754.0,Indiana,Pacers,IND,0,0,,,,,
0021500416,446,2,79,4,10:34 PM,2:03,MISS Leonard 24' 3PT Pullup Jump Shot,,,,,4.0,202695,Kawhi Leonard,1610612759.0,San Antonio,Spurs,SAS,0,0,,,,,,0,0,,,,,
0021500416,447,4,0,4,10:34 PM,2:01,Duncan REBOUND (Off:1 Def:4),,,,,4.0,1495,Tim Duncan,1610612759.0,San Antonio,Spurs,SAS,0,0,,,,,,0,0,,,,,
0021500416,448,9,2,4,10:34 PM,1:57,SPURS Timeout: Short (Full 4 Short 1),,,,,2.0,1610612759,,,,,,0,0,,,,,,0,0,,,,,
0021500416,449,8,0,4,10:35 PM,1:57,,,SUB: Budinger FOR George,,,5.0,202331,Paul George,1610612754.0,Indiana,Pacers,IND,5,201978,Chase Budinger,1610612754.0,Indiana,Pacers,IND,0,0,,,,,
0021500416,450,8,0,4,10:35 PM,1:57,,,SUB: Robinson III FOR Mahinmi,,,5.0,101133,Ian Mahinmi,1610612754.0,Indiana,Pacers,IND,5,203922,Glenn Robinson III,1610612754.0,Indiana,Pacers,IND,0,0,,,,,
0021500416,451,8,0,4,10:35 PM,1:57,,,SUB: Young FOR G. Hill,,,5.0,201588,George Hill,1610612754.0,Indiana,Pacers,IND,5,1626202,Joe Young,1610612754.0,Indiana,Pacers,IND,0,0,,,,,
0021500416,452,8,0,4,10:35 PM,1:57,,,SUB: S. Hill FOR Miles,,,5.0,101139,CJ Miles,1610612754.0,Indiana,Pacers,IND,5,203524,Solomon Hill,1610612754.0,Indiana,Pacers,IND,0,0,,,,,
0021500416,453,8,0,4,10:35 PM,1:57,SUB: Butler FOR Leonard,,,,,4.0,202695,Kawhi Leonard,1610612759.0,San Antonio,Spurs,SAS,4,2446,Rasual Butler,1610612759.0,San Antonio,Spurs,SAS,0,0,,,,,
0021500416,454,8,0,4,10:35 PM,1:57,SUB: Marjanovic FOR Duncan,,,,,4.0,1495,Tim Duncan,1610612759.0,San Antonio,Spurs,SAS,4,1626246,Boban Marjanovic,1610612759.0,San Antonio,Spurs,SAS,0,0,,,,,
0021500416,455,8,0,4,10:35 PM,1:57,SUB: Mills FOR Parker,,,,,4.0,2225,Tony Parker,1610612759.0,San Antonio,Spurs,SAS,4,201988,Patty Mills,1610612759.0,San Antonio,Spurs,SAS,0,0,,,,,
0021500416,456,8,0,4,10:35 PM,1:57,SUB: Anderson FOR Diaw,,,,,4.0,2564,Boris Diaw,1610612759.0,San Antonio,Spurs,SAS,4,203937,Kyle Anderson,1610612759.0,San Antonio,Spurs,SAS,0,0,,,,,
0021500416,457,8,0,4,10:35 PM,1:57,SUB: Simmons FOR Ginobili,,,,,4.0,1938,Manu Ginobili,1610612759.0,San Antonio,Spurs,SAS,4,203613,Jonathon Simmons,1610612759.0,San Antonio,Spurs,SAS,0,0,,,,,
0021500416,458,5,1,4,10:36 PM,1:49,Simmons Bad Pass Turnover (P1.T8),,,,,4.0,203613,Jonathon Simmons,1610612759.0,San Antonio,Spurs,SAS,0,0,,,,,,0,0,,,,,
0021500416,459,1,79,4,10:36 PM,1:40,,,Young 17' Pullup Jump Shot (2 PTS),90 - 104,14,5.0,1626202,Joe Young,1610612754.0,Indiana,Pacers,IND,0,0,,,,,,0,0,,,,,
0021500416,460,2,75,4,10:36 PM,1:26,MISS Butler 2' Driving Finger Roll Layup,,,,,4.0,2446,Rasual Butler,1610612759.0,San Antonio,Spurs,SAS,0,0,,,,,,0,0,,,,,
0021500416,461,4,0,4,10:36 PM,1:25,,,S. Hill REBOUND (Off:0 Def:1),,,5.0,203524,Solomon Hill,1610612754.0,Indiana,Pacers,IND,0,0,,,,,,0,0,,,,,
0021500416,462,2,73,4,10:36 PM,1:13,,,MISS Budinger 1' Driving Reverse Layup,,,5.0,201978,Chase Budinger,1610612754.0,Indiana,Pacers,IND,0,0,,,,,,0,0,,,,,
0021500416,463,4,0,4,10:36 PM,1:12,Marjanovic REBOUND (Off:0 Def:1),,,,,4.0,1626246,Boban Marjanovic,1610612759.0,San Antonio,Spurs,SAS,0,0,,,,,,0,0,,,,,
0021500416,464,1,58,4,10:37 PM,0:58,Marjanovic 9' Turnaround Hook Shot (2 PTS),,,90 - 106,16,4.0,1626246,Boban Marjanovic,1610612759.0,San Antonio,Spurs,SAS,0,0,,,,,,0,0,,,,,
0021500416,465,2,79,4,10:37 PM,0:44,,,MISS S. Hill 21' Pullup Jump Shot,,,5.0,203524,Solomon Hill,1610612754.0,Indiana,Pacers,IND,0,0,,,,,,0,0,,,,,
0021500416,466,4,0,4,10:37 PM,0:43,Marjanovic REBOUND (Off:0 Def:2),,,,,4.0,1626246,Boban Marjanovic,1610612759.0,San Antonio,Spurs,SAS,0,0,,,,,,0,0,,,,,
0021500416,467,5,1,4,10:37 PM,0:28,Simmons Bad Pass Turnover (P2.T9),,Young STEAL (1 STL),,,4.0,203613,Jonathon Simmons,1610612759.0,San Antonio,Spurs,SAS,5,1626202,Joe Young,1610612754.0,Indiana,Pacers,IND,0,0,,,,,
0021500416,468,2,1,4,10:37 PM,0:22,Marjanovic BLOCK (1 BLK),,MISS Young 14' Jump Shot,,,5.0,1626202,Joe Young,1610612754.0,Indiana,Pacers,IND,0,0,,,,,,4,1626246,Boban Marjanovic,1610612759.0,San Antonio,Spurs,SAS
0021500416,469,4,0,4,10:37 PM,0:19,,,Budinger REBOUND (Off:1 Def:0),,,5.0,201978,Chase Budinger,1610612754.0,Indiana,Pacers,IND,0,0,,,,,,0,0,,,,,
0021500416,470,1,71,4,10:37 PM,0:17,,,Budinger 2' Finger Roll Layup (4 PTS),92 - 106,14,5.0,201978,Chase Budinger,1610612754.0,Indiana,Pacers,IND,0,0,,,,,,0,0,,,,,
0021500416,471,13,0,4,10:38 PM,0:00,,,,92 - 106,14,0.0,0,,,,,,0,0,,,,,,0,0,,,,,
