GAME_ID,EVENTNUM,EVENTMSGTYPE,EVENTMSGACTIONTYPE,PERIOD,WCTIMESTRING,PCTIMESTRING,HOMEDESCRIPTION,NEUTRALDESCRIPTION,VISITORDESCRIPTION,SCORE,SCOREMARGIN,PERSON1TYPE,PLAYER1_ID,PLAYER1_NAME,PLAYER1_TEAM_ID,PLAYER1_TEAM_CITY,PLAYER1_TEAM_NICKNAME,PLAYER1_TEAM_ABBREVIATION,PERSON2TYPE,PLAYER2_ID,PLAYER2_NAME,PLAYER2_TEAM_ID,PLAYER2_TEAM_CITY,PLAYER2_TEAM_NICKNAME,PLAYER2_TEAM_ABBREVIATION,PERSON3TYPE,PLAYER3_ID,PLAYER3_NAME,PLAYER3_TEAM_ID,PLAYER3_TEAM_CITY,PLAYER3_TEAM_NICKNAME,PLAYER3_TEAM_ABBREVIATION
0021500362,0,12,0,1,8:11 PM,12:00,,,,,,0.0,0,,,,,,0,0,,,,,,0,0,,,,,
0021500362,1,10,0,1,8:11 PM,12:00,Jump Ball Gasol vs. Gortat: Tip to Dudley,,,,,4.0,201188,Marc Gasol,1610612763.0,Memphis,Grizzlies,MEM,5,101162,Marcin Gortat,1610612764.0,Washington,Wizards,WAS,5,201162,Jared Dudley,1610612764.0,Washington,Wizards,WAS
0021500362,2,2,1,1,8:11 PM,11:32,,,MISS Porter Jr. 22' Jump Shot,,,5.0,203490,Otto Porter Jr.,1610612764.0,Washington,Wizards,WAS,0,0,,,,,,0,0,,,,,
0021500362,4,4,0,1,8:11 PM,11:31,,,Dudley REBOUND (Off:1 Def:0),,,5.0,201162,Jared Dudley,1610612764.0,Washington,Wizards,WAS,0,0,,,,,,0,0,,,,,
0021500362,3,2,97,1,8:11 PM,11:31,,,MISS Dudley 1' Tip Layup Shot,,,5.0,201162,Jared Dudley,1610612764.0,Washington,Wizards,WAS,0,0,,,,,,0,0,,,,,
0021500362,6,4,0,1,8:11 PM,11:28,,,Gortat REBOUND (Off:1 Def:0),,,5.0,101162,Marcin Gortat,1610612764.0,Washington,Wizards,WAS,0,0,,,,,,0,0,,,,,
0021500362,5,2,97,1,8:11 PM,11:28,,,MISS Gortat  Tip Layup Shot,,,5.0,101162,Marcin Gortat,1610612764.0,Washington,Wizards,WAS,0,0,,,,,,0,0,,,,,
0021500362,8,4,0,1,8:11 PM,11:28,,,Gortat REBOUND (Off:2 Def:0),,,5.0,101162,Marcin Gortat,1610612764.0,Washington,Wizards,WAS,0,0,,,,,,0,0,,,,,
0021500362,7,2,97,1,8:11 PM,11:28,,,MISS Gortat  Tip Layup Shot,,,5.0,101162,Marcin Gortat,1610612764.0,Washington,Wizards,WAS,0,0,,,,,,0,0,,,,,
0021500362,9,4,0,1,8:11 PM,11:27,Lee REBOUND (Off:0 Def:1),,,,,4.0,201584,Courtney Lee,1610612763.0,Memphis,Grizzlies,MEM,0,0,,,,,,0,0,,,,,
0021500362,10,2,78,1,8:11 PM,11:05,MISS Barnes 9' Floating Jump Shot,,,,,4.0,2440,Matt Barnes,1610612763.0,Memphis,Grizzlies,MEM,0,0,,,,,,0,0,,,,,
0021500362,11,4,0,1,8:11 PM,11:03,,,Gortat REBOUND (Off:2 Def:1),,,5.0,101162,Marcin Gortat,1610612764.0,Washington,Wizards,WAS,0,0,,,,,,0,0,,,,,
0021500362,12,2,1,1,8:12 PM,10:51,,,MISS Gortat 13' Jump Shot,,,5.0,101162,Marcin Gortat,1610612764.0,Washington,Wizards,WAS,0,0,,,,,,0,0,,,,,
0021500362,13,4,0,1,8:12 PM,10:50,Green REBOUND (Off:0 Def:1),,,,,4.0,201145,Jeff Green,1610612763.0,Memphis,Grizzlies,MEM,0,0,,,,,,0,0,,,,,
0021500362,14,2,1,1,8:12 PM,10:35,MISS Lee 11' Jump Shot,,,,,4.0,201584,Courtney Lee,1610612763.0,Memphis,Grizzlies,MEM,0,0,,,,,,0,0,,,,,
0021500362,15,4,0,1,8:12 PM,10:35,,,Gortat REBOUND (Off:2 Def:2),,,5.0,101162,Marcin Gortat,1610612764.0,Washington,Wizards,WAS,0,0,,,,,,0,0,,,,,
0021500362,16,2,79,1,8:12 PM,10:23,,,MISS Wall 15' Pullup Jump Shot,,,5.0,202322,John Wall,1610612764.0,Washington,Wizards,WAS,0,0,,,,,,0,0,,,,,
0021500362,17,4,0,1,8:12 PM,10:21,Barnes REBOUND (Off:0 Def:1),,,,,4.0,2440,Matt Barnes,1610612763.0,Memphis,Grizzlies,MEM,0,0,,,,,,0,0,,,,,
0021500362,18,2,86,1,8:12 PM,10:06,MISS Gasol 6' Turnaround Fadeaway Shot,,,,,4.0,201188,Marc Gasol,1610612763.0,Memphis,Grizzlies,MEM,0,0,,,,,,0,0,,,,,
0021500362,19,4,0,1,8:12 PM,10:04,,,Porter Jr. REBOUND (Off:0 Def:1),,,5.0,203490,Otto Porter Jr.,1610612764.0,Washington,Wizards,WAS,0,0,,,,,,0,0,,,,,
0021500362,20,5,1,1,8:13 PM,9:57,Barnes STEAL (1 STL),,Wall Bad Pass Turnover (P1.T1),,,5.0,202322,John Wall,1610612764.0,Washington,Wizards,WAS,4,2440,Matt Barnes,1610612763.0,Memphis,Grizzlies,MEM,0,0,,,,,
0021500362,21,1,1,1,8:13 PM,9:51,Lee 24' 3PT Jump Shot (3 PTS) (Green 1 AST),,,0 - 3,3,4.0,201584,Courtney Lee,1610612763.0,Memphis,Grizzlies,MEM,4,201145,Jeff Green,1610612763.0,Memphis,Grizzlies,MEM,0,0,,,,,
0021500362,22,1,1,1,8:13 PM,9:31,,,Dudley 24' 3PT Jump Shot (3 PTS) (Porter Jr. 1 AST),3 - 3,TIE,5.0,201162,Jared Dudley,1610612764.0,Washington,Wizards,WAS,5,203490,Otto Porter Jr.,1610612764.0,Washington,Wizards,WAS,0,0,,,,,
0021500362,23,1,1,1,8:13 PM,9:14,Gasol 10' Jump Shot (2 PTS) (Conley 1 AST),,,3 - 5,2,4.0,201188,Marc Gasol,1610612763.0,Memphis,Grizzlies,MEM,4,201144,Mike Conley,1610612763.0,Memphis,Grizzlies,MEM,0,0,,,,,
0021500362,24,5,1,1,8:14 PM,9:01,Gasol STEAL (1 STL),,Temple Bad Pass Turnover (P1.T2),,,5.0,202066,Garrett Temple,1610612764.0,Washington,Wizards,WAS,4,201188,Marc Gasol,1610612763.0,Memphis,Grizzlies,MEM,0,0,,,,,
0021500362,25,2,5,1,8:14 PM,8:55,MISS Lee 2' Layup,,Temple BLOCK (1 BLK),,,4.0,201584,Courtney Lee,1610612763.0,Memphis,Grizzlies,MEM,0,0,,,,,,5,202066,Garrett Temple,1610612764.0,Washington,Wizards,WAS
0021500362,26,4,0,1,8:14 PM,8:53,,,Porter Jr. REBOUND (Off:0 Def:2),,,5.0,203490,Otto Porter Jr.,1610612764.0,Washington,Wizards,WAS,0,0,,,,,,0,0,,,,,
0021500362,27,5,45,1,8:14 PM,8:48,,,Wall Out of Bounds - Bad Pass Turnover Turnover (P2.T3),,,5.0,202322,John Wall,1610612764.0,Washington,Wizards,WAS,0,0,,,,,,0,0,,,,,
0021500362,28,6,2,1,8:14 PM,8:34,,,Dudley S.FOUL (P1.T1) (M.Davis),,,5.0,201162,Jared Dudley,1610612764.0,Washington,Wizards,WAS,4,2440,Matt Barnes,1610612763.0,Memphis,Grizzlies,MEM,1,0,,,,,
0021500362,29,3,11,1,8:14 PM,8:34,Barnes Free Throw 1 of 2 (1 PTS),,,3 - 6,3,4.0,2440,Matt Barnes,1610612763.0,Memphis,Grizzlies,MEM,0,0,,,,,,0,0,,,,,
0021500362,31,3,12,1,8:15 PM,8:34,Barnes Free Throw 2 of 2 (2 PTS),,,3 - 7,4,4.0,2440,Matt Barnes,1610612763.0,Memphis,Grizzlies,MEM,0,0,,,,,,0,0,,,,,
0021500362,33,1,1,1,8:15 PM,8:14,,,Wall 24' 3PT Jump Shot (3 PTS) (Temple 1 AST),6 - 7,1,5.0,202322,John Wall,1610612764.0,Washington,Wizards,WAS,5,202066,Garrett Temple,1610612764.0,Washington,Wizards,WAS,0,0,,,,,
0021500362,34,1,1,1,8:15 PM,8:04,Conley 25' 3PT Jump Shot (3 PTS) (Gasol 1 AST),,,6 - 10,4,4.0,201144,Mike Conley,1610612763.0,Memphis,Grizzlies,MEM,4,201188,Marc Gasol,1610612763.0,Memphis,Grizzlies,MEM,0,0,,,,,
0021500362,35,5,40,1,8:16 PM,7:55,,,Wall Out of Bounds Lost Ball Turnover (P3.T4),,,5.0,202322,John Wall,1610612764.0,Washington,Wizards,WAS,0,0,,,,,,0,0,,,,,
0021500362,36,5,1,1,8:16 PM,7:42,Barnes Bad Pass Turnover (P1.T1),,Porter Jr. STEAL (1 STL),,,4.0,2440,Matt Barnes,1610612763.0,Memphis,Grizzlies,MEM,5,203490,Otto Porter Jr.,1610612764.0,Washington,Wizards,WAS,0,0,,,,,
0021500362,37,1,41,1,8:16 PM,7:36,,,Temple  Running Layup (2 PTS) (Porter Jr. 2 AST),8 - 10,2,5.0,202066,Garrett Temple,1610612764.0,Washington,Wizards,WAS,5,203490,Otto Porter Jr.,1610612764.0,Washington,Wizards,WAS,0,0,,,,,
0021500362,38,1,1,1,8:16 PM,7:16,Gasol 14' Jump Shot (4 PTS) (Conley 2 AST),,,8 - 12,4,4.0,201188,Marc Gasol,1610612763.0,Memphis,Grizzlies,MEM,4,201144,Mike Conley,1610612763.0,Memphis,Grizzlies,MEM,0,0,,,,,
0021500362,39,1,1,1,8:16 PM,7:03,,,Gortat 6' Jump Shot (2 PTS),10 - 12,2,5.0,101162,Marcin Gortat,1610612764.0,Washington,Wizards,WAS,0,0,,,,,,0,0,,,,,
0021500362,40,2,1,1,8:17 PM,6:45,MISS Green 26' 3PT Jump Shot,,,,,4.0,201145,Jeff Green,1610612763.0,Memphis,Grizzlies,MEM,0,0,,,,,,0,0,,,,,
0021500362,41,4,0,1,8:17 PM,6:45,,,Gortat REBOUND (Off:2 Def:3),,,5.0,101162,Marcin Gortat,1610612764.0,Washington,Wizards,WAS,0,0,,,,,,0,0,,,,,
0021500362,42,2,1,1,8:17 PM,6:31,,,MISS Temple 24' 3PT Jump Shot,,,5.0,202066,Garrett Temple,1610612764.0,Washington,Wizards,WAS,0,0,,,,,,0,0,,,,,
0021500362,43,4,0,1,8:17 PM,6:30,Green REBOUND (Off:0 Def:2),,,,,4.0,201145,Jeff Green,1610612763.0,Memphis,Grizzlies,MEM,0,0,,,,,,0,0,,,,,
0021500362,44,2,3,1,8:17 PM,6:19,MISS Gasol 6' Hook Shot,,,,,4.0,201188,Marc Gasol,1610612763.0,Memphis,Grizzlies,MEM,0,0,,,,,,0,0,,,,,
0021500362,46,4,0,1,8:17 PM,6:18,Barnes REBOUND (Off:1 Def:1),,,,,4.0,2440,Matt Barnes,1610612763.0,Memphis,Grizzlies,MEM,0,0,,,,,,0,0,,,,,
0021500362,45,1,97,1,8:17 PM,6:18,Barnes 1' Tip Layup Shot (4 PTS),,,10 - 14,4,4.0,2440,Matt Barnes,1610612763.0,Memphis,Grizzlies,MEM,0,0,,,,,,0,0,,,,,
0021500362,47,1,1,1,8:17 PM,6:05,,,Wall 24' 3PT Jump Shot (6 PTS) (Porter Jr. 3 AST),13 - 14,1,5.0,202322,John Wall,1610612764.0,Washington,Wizards,WAS,5,203490,Otto Porter Jr.,1610612764.0,Washington,Wizards,WAS,0,0,,,,,
0021500362,48,2,79,1,8:18 PM,5:46,MISS Conley 17' Pullup Jump Shot,,,,,4.0,201144,Mike Conley,1610612763.0,Memphis,Grizzlies,MEM,0,0,,,,,,0,0,,,,,
0021500362,49,4,0,1,8:18 PM,5:43,,,Porter Jr. REBOUND (Off:0 Def:3),,,5.0,203490,Otto Porter Jr.,1610612764.0,Washington,Wizards,WAS,0,0,,,,,,0,0,,,,,
0021500362,50,1,1,1,8:18 PM,5:27,,,Temple 20' Jump Shot (4 PTS),15 - 14,-1,5.0,202066,Garrett Temple,1610612764.0,Washington,Wizards,WAS,0,0,,,,,,0,0,,,,,
0021500362,51,1,1,1,8:19 PM,5:03,Gasol 16' Jump Shot (6 PTS) (Conley 3 AST),,,15 - 16,1,4.0,201188,Marc Gasol,1610612763.0,Memphis,Grizzlies,MEM,4,201144,Mike Conley,1610612763.0,Memphis,Grizzlies,MEM,0,0,,,,,
0021500362,52,2,1,1,8:19 PM,4:47,,,MISS Porter Jr. 12' Jump Shot,,,5.0,203490,Otto Porter Jr.,1610612764.0,Washington,Wizards,WAS,0,0,,,,,,0,0,,,,,
0021500362,53,4,0,1,8:19 PM,4:47,Gasol REBOUND (Off:0 Def:1),,,,,4.0,201188,Marc Gasol,1610612763.0,Memphis,Grizzlies,MEM,0,0,,,,,,0,0,,,,,
0021500362,54,2,5,1,8:19 PM,4:38,MISS Gasol 1' Layup,,,,,4.0,201188,Marc Gasol,1610612763.0,Memphis,Grizzlies,MEM,0,0,,,,,,0,0,,,,,
0021500362,55,4,0,1,8:19 PM,4:38,,,Dudley REBOUND (Off:1 Def:1),,,5.0,201162,Jared Dudley,1610612764.0,Washington,Wizards,WAS,0,0,,,,,,0,0,,,,,
0021500362,56,2,1,1,8:19 PM,4:29,,,MISS Temple  3PT Jump Shot,,,5.0,202066,Garrett Temple,1610612764.0,Washington,Wizards,WAS,0,0,,,,,,0,0,,,,,
0021500362,57,4,0,1,8:19 PM,4:28,,,Dudley REBOUND (Off:2 Def:1),,,5.0,201162,Jared Dudley,1610612764.0,Washington,Wizards,WAS,0,0,,,,,,0,0,,,,,
0021500362,58,2,1,1,8:19 PM,4:21,,,MISS Wall  3PT Jump Shot,,,5.0,202322,John Wall,1610612764.0,Washington,Wizards,WAS,0,0,,,,,,0,0,,,,,
0021500362,59,4,0,1,8:19 PM,4:20,Lee REBOUND (Off:0 Def:2),,,,,4.0,201584,Courtney Lee,1610612763.0,Memphis,Grizzlies,MEM,0,0,,,,,,0,0,,,,,
0021500362,60,6,26,1,8:19 PM,4:17,Barnes Offensive Charge Foul (P1.T1) (B.Forte),,,,,4.0,2440,Matt Barnes,1610612763.0,Memphis,Grizzlies,MEM,5,202066,Garrett Temple,1610612764.0,Washington,Wizards,WAS,1,0,,,,,
0021500362,61,5,5,1,8:19 PM,4:17,Barnes Foul Turnover (P2.T2),,,,,4.0,2440,Matt Barnes,1610612763.0,Memphis,Grizzlies,MEM,0,0,,,,,,1,0,,,,,
0021500362,63,9,1,1,8:20 PM,4:17,GRIZZLIES Timeout: Regular (Full 1 Short 0),,,,,2.0,1610612763,,,,,,0,0,,,,,,0,0,,,,,
0021500362,65,8,0,1,8:22 PM,4:17,SUB: Randolph FOR Barnes,,,,,4.0,2440,Matt Barnes,1610612763.0,Memphis,Grizzlies,MEM,4,2216,Zach Randolph,1610612763.0,Memphis,Grizzlies,MEM,0,0,,,,,
0021500362,66,8,0,1,8:22 PM,4:17,SUB: Chalmers FOR Conley,,,,,4.0,201144,Mike Conley,1610612763.0,Memphis,Grizzlies,MEM,4,201596,Mario Chalmers,1610612763.0,Memphis,Grizzlies,MEM,0,0,,,,,
0021500362,68,5,6,1,8:22 PM,4:08,,,Gortat Double Dribble Turnover (P1.T5),,,5.0,101162,Marcin Gortat,1610612764.0,Washington,Wizards,WAS,0,0,,,,,,1,0,,,,,
0021500362,69,1,5,1,8:23 PM,3:52,Green 1' Layup (2 PTS),,,15 - 18,3,4.0,201145,Jeff Green,1610612763.0,Memphis,Grizzlies,MEM,0,0,,,,,,0,0,,,,,
0021500362,70,1,44,1,8:23 PM,3:31,,,Porter Jr. 1' Reverse Layup (2 PTS) (Wall 1 AST),17 - 18,1,5.0,203490,Otto Porter Jr.,1610612764.0,Washington,Wizards,WAS,5,202322,John Wall,1610612764.0,Washington,Wizards,WAS,0,0,,,,,
0021500362,71,1,49,1,8:23 PM,3:13,Green  Driving Dunk (4 PTS),,,17 - 20,3,4.0,201145,Jeff Green,1610612763.0,Memphis,Grizzlies,MEM,0,0,,,,,,0,0,,,,,
0021500362,73,1,1,1,8:24 PM,2:58,,,Dudley 20' Jump Shot (5 PTS) (Wall 2 AST),19 - 20,1,5.0,201162,Jared Dudley,1610612764.0,Washington,Wizards,WAS,5,202322,John Wall,1610612764.0,Washington,Wizards,WAS,0,0,,,,,
0021500362,74,2,1,1,8:24 PM,2:30,MISS Gasol 20' Jump Shot,,,,,4.0,201188,Marc Gasol,1610612763.0,Memphis,Grizzlies,MEM,0,0,,,,,,0,0,,,,,
0021500362,75,4,0,1,8:24 PM,2:29,,,Dudley REBOUND (Off:2 Def:2),,,5.0,201162,Jared Dudley,1610612764.0,Washington,Wizards,WAS,0,0,,,,,,0,0,,,,,
0021500362,76,5,1,1,8:24 PM,2:21,Green STEAL (1 STL),,Wall Bad Pass Turnover (P4.T6),,,5.0,202322,John Wall,1610612764.0,Washington,Wizards,WAS,4,201145,Jeff Green,1610612763.0,Memphis,Grizzlies,MEM,0,0,,,,,
0021500362,77,1,1,1,8:25 PM,2:05,Chalmers  3PT Jump Shot (3 PTS) (Gasol 2 AST),,,19 - 23,4,4.0,201596,Mario Chalmers,1610612763.0,Memphis,Grizzlies,MEM,4,201188,Marc Gasol,1610612763.0,Memphis,Grizzlies,MEM,0,0,,,,,
0021500362,78,9,1,1,8:25 PM,1:57,,,Wizards Timeout: Regular (Reg.1 Short 0),,,3.0,1610612764,,,,,,0,0,,,,,,0,0,,,,,
0021500362,80,8,0,1,8:27 PM,1:57,,,SUB: Neal FOR Porter Jr.,,,5.0,203490,Otto Porter Jr.,1610612764.0,Washington,Wizards,WAS,5,202390,Gary Neal,1610612764.0,Washington,Wizards,WAS,0,0,,,,,
0021500362,81,8,0,1,8:27 PM,1:57,,,SUB: Oubre Jr. FOR Temple,,,5.0,202066,Garrett Temple,1610612764.0,Washington,Wizards,WAS,5,1626162,Kelly Oubre Jr.,1610612764.0,Washington,Wizards,WAS,0,0,,,,,
0021500362,82,8,0,1,8:27 PM,1:57,SUB: Green FOR Gasol,,,,,4.0,201188,Marc Gasol,1610612763.0,Memphis,Grizzlies,MEM,4,203210,JaMychal Green,1610612763.0,Memphis,Grizzlies,MEM,0,0,,,,,
0021500362,83,7,1,1,8:27 PM,1:57,GRIZZLIES Violation: Delay of game Violation,,,,,2.0,1610612763,,,,,,0,0,,,,,,1,0,,,,,
0021500362,84,6,1,1,8:28 PM,1:49,Green P.FOUL (P1.T2) (B.Forte),,,,,4.0,201145,Jeff Green,1610612763.0,Memphis,Grizzlies,MEM,5,1626162,Kelly Oubre Jr.,1610612764.0,Washington,Wizards,WAS,1,0,,,,,
0021500362,85,1,1,1,8:28 PM,1:39,,,Dudley 10' Jump Shot (7 PTS) (Wall 3 AST),21 - 23,2,5.0,201162,Jared Dudley,1610612764.0,Washington,Wizards,WAS,5,202322,John Wall,1610612764.0,Washington,Wizards,WAS,0,0,,,,,
0021500362,86,5,1,1,8:29 PM,1:23,Green Bad Pass Turnover (P1.T3),,Gortat STEAL (1 STL),,,4.0,201145,Jeff Green,1610612763.0,Memphis,Grizzlies,MEM,5,101162,Marcin Gortat,1610612764.0,Washington,Wizards,WAS,0,0,,,,,
0021500362,87,5,45,1,8:29 PM,1:20,,,Gortat Out of Bounds - Bad Pass Turnover Turnover (P2.T7),,,5.0,101162,Marcin Gortat,1610612764.0,Washington,Wizards,WAS,0,0,,,,,,0,0,,,,,
0021500362,88,8,0,1,8:29 PM,1:20,,,SUB: Blair FOR Gortat,,,5.0,101162,Marcin Gortat,1610612764.0,Washington,Wizards,WAS,5,201971,DeJuan Blair,1610612764.0,Washington,Wizards,WAS,0,0,,,,,
0021500362,89,2,47,1,8:29 PM,1:06,MISS Green 8' Turnaround Jump Shot,,,,,4.0,201145,Jeff Green,1610612763.0,Memphis,Grizzlies,MEM,0,0,,,,,,0,0,,,,,
0021500362,91,4,0,1,8:29 PM,1:05,Randolph REBOUND (Off:1 Def:0),,,,,4.0,2216,Zach Randolph,1610612763.0,Memphis,Grizzlies,MEM,0,0,,,,,,0,0,,,,,
0021500362,90,1,97,1,8:29 PM,1:05,Randolph 1' Tip Layup Shot (2 PTS),,,21 - 25,4,4.0,2216,Zach Randolph,1610612763.0,Memphis,Grizzlies,MEM,0,0,,,,,,0,0,,,,,
0021500362,92,2,5,1,8:29 PM,0:58,,,MISS Wall  Layup,,,5.0,202322,John Wall,1610612764.0,Washington,Wizards,WAS,0,0,,,,,,0,0,,,,,
0021500362,93,4,0,1,8:29 PM,0:57,Randolph REBOUND (Off:1 Def:1),,,,,4.0,2216,Zach Randolph,1610612763.0,Memphis,Grizzlies,MEM,0,0,,,,,,0,0,,,,,
0021500362,94,5,1,1,8:30 PM,0:47,Chalmers Bad Pass Turnover (P1.T4),,Blair STEAL (1 STL),,,4.0,201596,Mario Chalmers,1610612763.0,Memphis,Grizzlies,MEM,5,201971,DeJuan Blair,1610612764.0,Washington,Wizards,WAS,0,0,,,,,
0021500362,95,6,1,1,8:30 PM,0:39,Chalmers P.FOUL (P1.PN) (M.Davis),,,,,4.0,201596,Mario Chalmers,1610612763.0,Memphis,Grizzlies,MEM,5,202390,Gary Neal,1610612764.0,Washington,Wizards,WAS,1,0,,,,,
0021500362,96,3,11,1,8:30 PM,0:39,,,MISS Neal Free Throw 1 of 2,,,5.0,202390,Gary Neal,1610612764.0,Washington,Wizards,WAS,0,0,,,,,,0,0,,,,,
0021500362,97,4,1,1,8:30 PM,0:39,,,Wizards Rebound,,,3.0,1610612764,,,,,,0,0,,,,,,0,0,,,,,
0021500362,98,3,12,1,8:30 PM,0:39,,,MISS Neal Free Throw 2 of 2,,,5.0,202390,Gary Neal,1610612764.0,Washington,Wizards,WAS,0,0,,,,,,0,0,,,,,
0021500362,100,4,0,1,8:30 PM,0:39,Randolph REBOUND (Off:1 Def:2),,,,,4.0,2216,Zach Randolph,1610612763.0,Memphis,Grizzlies,MEM,0,0,,,,,,0,0,,,,,
0021500362,102,8,0,1,8:31 PM,0:21,,,SUB: Porter Jr. FOR Dudley,,,5.0,201162,Jared Dudley,1610612764.0,Washington,Wizards,WAS,5,203490,Otto Porter Jr.,1610612764.0,Washington,Wizards,WAS,0,0,,,,,
0021500362,103,2,79,1,8:32 PM,0:17,MISS Lee 19' Pullup Jump Shot,,,,,4.0,201584,Courtney Lee,1610612763.0,Memphis,Grizzlies,MEM,0,0,,,,,,0,0,,,,,
0021500362,104,4,0,1,8:32 PM,0:15,,,Wall REBOUND (Off:0 Def:1),,,5.0,202322,John Wall,1610612764.0,Washington,Wizards,WAS,0,0,,,,,,0,0,,,,,
0021500362,105,2,1,1,8:32 PM,0:01,,,MISS Wall 27' 3PT Jump Shot,,,5.0,202322,John Wall,1610612764.0,Washington,Wizards,WAS,0,0,,,,,,0,0,,,,,
0021500362,108,4,0,1,8:32 PM,0:00,,,Wizards Rebound,,,3.0,1610612764,,,,,,0,0,,,,,,0,0,,,,,
0021500362,107,13,0,1,8:32 PM,0:00,,,,21 - 25,4,0.0,0,,,,,,0,0,,,,,,0,0,,,,,
0021500362,110,12,0,2,8:35 PM,12:00,,,,21 - 25,4,0.0,0,,,,,,0,0,,,,,,0,0,,,,,
0021500362,111,5,1,2,8:35 PM,11:49,Green Bad Pass Turnover (P1.T5),,Oubre Jr. STEAL (1 STL),,,4.0,203210,JaMychal Green,1610612763.0,Memphis,Grizzlies,MEM,5,1626162,Kelly Oubre Jr.,1610612764.0,Washington,Wizards,WAS,0,0,,,,,
0021500362,112,2,41,2,8:35 PM,11:42,Green BLOCK (1 BLK),,MISS Oubre Jr.  Running Layup,,,5.0,1626162,Kelly Oubre Jr.,1610612764.0,Washington,Wizards,WAS,0,0,,,,,,4,201145,Jeff Green,1610612763.0,Memphis,Grizzlies,MEM
0021500362,113,4,0,2,8:35 PM,11:42,,,Wizards Rebound,,,3.0,1610612764,,,,,,0,0,,,,,,0,0,,,,,
0021500362,114,2,1,2,8:36 PM,11:33,,,MISS Porter Jr. 20' Jump Shot,,,5.0,203490,Otto Porter Jr.,1610612764.0,Washington,Wizards,WAS,0,0,,,,,,0,0,,,,,
0021500362,115,4,0,2,8:36 PM,11:32,Conley REBOUND (Off:0 Def:1),,,,,4.0,201144,Mike Conley,1610612763.0,Memphis,Grizzlies,MEM,0,0,,,,,,0,0,,,,,
0021500362,116,1,42,2,8:36 PM,11:17,Chalmers  Driving Layup (5 PTS),,,21 - 27,6,4.0,201596,Mario Chalmers,1610612763.0,Memphis,Grizzlies,MEM,0,0,,,,,,0,0,,,,,
0021500362,117,1,47,2,8:36 PM,11:02,,,Blair 8' Turnaround Jump Shot (2 PTS),23 - 27,4,5.0,201971,DeJuan Blair,1610612764.0,Washington,Wizards,WAS,0,0,,,,,,0,0,,,,,
0021500362,118,1,58,2,8:36 PM,10:36,Green 5' Turnaround Hook Shot (6 PTS),,,23 - 29,6,4.0,201145,Jeff Green,1610612763.0,Memphis,Grizzlies,MEM,0,0,,,,,,0,0,,,,,
0021500362,119,6,1,2,8:37 PM,10:26,Randolph P.FOUL (P1.T1) (B.Nansel),,,,,4.0,2216,Zach Randolph,1610612763.0,Memphis,Grizzlies,MEM,5,201196,Ramon Sessions,1610612764.0,Washington,Wizards,WAS,1,0,,,,,
0021500362,120,8,0,2,8:37 PM,10:26,SUB: Gasol FOR Green,,,,,4.0,203210,JaMychal Green,1610612763.0,Memphis,Grizzlies,MEM,4,201188,Marc Gasol,1610612763.0,Memphis,Grizzlies,MEM,0,0,,,,,
0021500362,121,5,2,2,8:37 PM,10:12,Randolph STEAL (1 STL),,Sessions Lost Ball Turnover (P1.T8),,,5.0,201196,Ramon Sessions,1610612764.0,Washington,Wizards,WAS,4,2216,Zach Randolph,1610612763.0,Memphis,Grizzlies,MEM,0,0,,,,,
0021500362,122,6,1,2,8:38 PM,9:59,,,Blair P.FOUL (P1.T1) (B.Forte),,,5.0,201971,DeJuan Blair,1610612764.0,Washington,Wizards,WAS,4,201188,Marc Gasol,1610612763.0,Memphis,Grizzlies,MEM,1,0,,,,,
0021500362,123,8,0,2,8:38 PM,9:59,,,SUB: Humphries FOR Oubre Jr.,,,5.0,1626162,Kelly Oubre Jr.,1610612764.0,Washington,Wizards,WAS,5,2743,Kris Humphries,1610612764.0,Washington,Wizards,WAS,0,0,,,,,
0021500362,124,1,102,2,8:38 PM,9:52,Conley 10' Driving Floating Bank Jump Shot (5 PTS),,,23 - 31,8,4.0,201144,Mike Conley,1610612763.0,Memphis,Grizzlies,MEM,0,0,,,,,,0,0,,,,,
0021500362,125,1,79,2,8:38 PM,9:38,,,Neal 18' Pullup Jump Shot (2 PTS) (Humphries 1 AST),25 - 31,6,5.0,202390,Gary Neal,1610612764.0,Washington,Wizards,WAS,5,2743,Kris Humphries,1610612764.0,Washington,Wizards,WAS,0,0,,,,,
0021500362,126,5,1,2,8:38 PM,9:26,Conley Bad Pass Turnover (P1.T6),,Sessions STEAL (1 STL),,,4.0,201144,Mike Conley,1610612763.0,Memphis,Grizzlies,MEM,5,201196,Ramon Sessions,1610612764.0,Washington,Wizards,WAS,0,0,,,,,
0021500362,127,1,41,2,8:38 PM,9:21,,,Sessions 2' Running Layup (2 PTS) (Porter Jr. 4 AST),27 - 31,4,5.0,201196,Ramon Sessions,1610612764.0,Washington,Wizards,WAS,5,203490,Otto Porter Jr.,1610612764.0,Washington,Wizards,WAS,0,0,,,,,
0021500362,128,1,1,2,8:39 PM,9:01,Green 7' Jump Shot (8 PTS),,,27 - 33,6,4.0,201145,Jeff Green,1610612763.0,Memphis,Grizzlies,MEM,0,0,,,,,,0,0,,,,,
0021500362,129,1,79,2,8:39 PM,8:51,,,Neal 15' Pullup Jump Shot (4 PTS),29 - 33,4,5.0,202390,Gary Neal,1610612764.0,Washington,Wizards,WAS,0,0,,,,,,0,0,,,,,
0021500362,131,9,1,2,8:39 PM,8:34,,,,,,1.0,0,,,,,,0,0,,,,,,0,0,,,,,
0021500362,135,6,1,2,8:42 PM,8:30,,,Porter Jr. P.FOUL (P1.T2) (M.Davis),,,5.0,203490,Otto Porter Jr.,1610612764.0,Washington,Wizards,WAS,4,201188,Marc Gasol,1610612763.0,Memphis,Grizzlies,MEM,1,0,,,,,
0021500362,136,1,1,2,8:42 PM,8:19,Conley 24' 3PT Jump Shot (8 PTS) (Green 2 AST),,,29 - 36,7,4.0,201144,Mike Conley,1610612763.0,Memphis,Grizzlies,MEM,4,201145,Jeff Green,1610612763.0,Memphis,Grizzlies,MEM,0,0,,,,,
0021500362,137,2,3,2,8:43 PM,8:07,Gasol BLOCK (1 BLK),,MISS Blair 9' Hook Shot,,,5.0,201971,DeJuan Blair,1610612764.0,Washington,Wizards,WAS,0,0,,,,,,4,201188,Marc Gasol,1610612763.0,Memphis,Grizzlies,MEM
0021500362,138,4,0,2,8:43 PM,8:07,GRIZZLIES Rebound,,,,,2.0,1610612763,,,,,,0,0,,,,,,0,0,,,,,
0021500362,139,1,1,2,8:43 PM,7:52,Randolph 18' Jump Shot (4 PTS) (Conley 4 AST),,,29 - 38,9,4.0,2216,Zach Randolph,1610612763.0,Memphis,Grizzlies,MEM,4,201144,Mike Conley,1610612763.0,Memphis,Grizzlies,MEM,0,0,,,,,
0021500362,140,1,1,2,8:43 PM,7:35,,,Neal 25' 3PT Jump Shot (7 PTS),32 - 38,6,5.0,202390,Gary Neal,1610612764.0,Washington,Wizards,WAS,0,0,,,,,,0,0,,,,,
0021500362,142,2,7,2,8:44 PM,7:07,MISS Gasol  Dunk,,,,,4.0,201188,Marc Gasol,1610612763.0,Memphis,Grizzlies,MEM,0,0,,,,,,0,0,,,,,
0021500362,143,4,0,2,8:44 PM,7:05,,,Blair REBOUND (Off:0 Def:1),,,5.0,201971,DeJuan Blair,1610612764.0,Washington,Wizards,WAS,0,0,,,,,,0,0,,,,,
0021500362,144,1,5,2,8:44 PM,6:54,,,Humphries 3' Layup (2 PTS) (Blair 1 AST),34 - 38,4,5.0,2743,Kris Humphries,1610612764.0,Washington,Wizards,WAS,5,201971,DeJuan Blair,1610612764.0,Washington,Wizards,WAS,0,0,,,,,
0021500362,145,1,75,2,8:45 PM,6:34,Chalmers 1' Driving Finger Roll Layup (7 PTS),,,34 - 40,6,4.0,201596,Mario Chalmers,1610612763.0,Memphis,Grizzlies,MEM,0,0,,,,,,0,0,,,,,
0021500362,146,5,40,2,8:45 PM,6:27,,,Sessions Out of Bounds Lost Ball Turnover (P2.T9),,,5.0,201196,Ramon Sessions,1610612764.0,Washington,Wizards,WAS,0,0,,,,,,0,0,,,,,
0021500362,147,2,1,2,8:45 PM,6:06,MISS Gasol 13' Jump Shot,,,,,4.0,201188,Marc Gasol,1610612763.0,Memphis,Grizzlies,MEM,0,0,,,,,,0,0,,,,,
0021500362,148,4,0,2,8:45 PM,6:05,,,Humphries REBOUND (Off:0 Def:1),,,5.0,2743,Kris Humphries,1610612764.0,Washington,Wizards,WAS,0,0,,,,,,0,0,,,,,
0021500362,149,2,78,2,8:45 PM,5:56,,,MISS Neal 10' Floating Jump Shot,,,5.0,202390,Gary Neal,1610612764.0,Washington,Wizards,WAS,0,0,,,,,,0,0,,,,,
0021500362,150,4,0,2,8:45 PM,5:55,Gasol REBOUND (Off:0 Def:2),,,,,4.0,201188,Marc Gasol,1610612763.0,Memphis,Grizzlies,MEM,0,0,,,,,,0,0,,,,,
0021500362,151,9,1,2,8:46 PM,5:49,GRIZZLIES Timeout: Regular (Full 2 Short 0),,,,,2.0,1610612763,,,,,,0,0,,,,,,0,0,,,,,
0021500362,153,8,0,2,8:48 PM,5:49,,,SUB: Wall FOR Porter Jr.,,,5.0,203490,Otto Porter Jr.,1610612764.0,Washington,Wizards,WAS,5,202322,John Wall,1610612764.0,Washington,Wizards,WAS,0,0,,,,,
0021500362,154,8,0,2,8:48 PM,5:49,SUB: Barnes FOR Green,,,,,4.0,201145,Jeff Green,1610612763.0,Memphis,Grizzlies,MEM,4,2440,Matt Barnes,1610612763.0,Memphis,Grizzlies,MEM,0,0,,,,,
0021500362,155,8,0,2,8:48 PM,5:49,SUB: Lee FOR Chalmers,,,,,4.0,201596,Mario Chalmers,1610612763.0,Memphis,Grizzlies,MEM,4,201584,Courtney Lee,1610612763.0,Memphis,Grizzlies,MEM,0,0,,,,,
0021500362,156,1,1,2,8:48 PM,5:33,Barnes 26' 3PT Jump Shot (7 PTS) (Randolph 1 AST),,,34 - 43,9,4.0,2440,Matt Barnes,1610612763.0,Memphis,Grizzlies,MEM,4,2216,Zach Randolph,1610612763.0,Memphis,Grizzlies,MEM,0,0,,,,,
0021500362,157,2,1,2,8:49 PM,5:16,,,MISS Humphries 24' 3PT Jump Shot,,,5.0,2743,Kris Humphries,1610612764.0,Washington,Wizards,WAS,0,0,,,,,,0,0,,,,,
0021500362,158,4,0,2,8:49 PM,5:15,,,Blair REBOUND (Off:1 Def:1),,,5.0,201971,DeJuan Blair,1610612764.0,Washington,Wizards,WAS,0,0,,,,,,0,0,,,,,
0021500362,159,2,78,2,8:49 PM,4:59,,,MISS Humphries 8' Floating Jump Shot,,,5.0,2743,Kris Humphries,1610612764.0,Washington,Wizards,WAS,0,0,,,,,,0,0,,,,,
0021500362,160,4,0,2,8:49 PM,4:57,Randolph REBOUND (Off:1 Def:3),,,,,4.0,2216,Zach Randolph,1610612763.0,Memphis,Grizzlies,MEM,0,0,,,,,,0,0,,,,,
0021500362,161,2,44,2,8:49 PM,4:48,MISS Conley 2' Reverse Layup,,,,,4.0,201144,Mike Conley,1610612763.0,Memphis,Grizzlies,MEM,0,0,,,,,,0,0,,,,,
0021500362,162,4,0,2,8:49 PM,4:46,,,Blair REBOUND (Off:1 Def:2),,,5.0,201971,DeJuan Blair,1610612764.0,Washington,Wizards,WAS,0,0,,,,,,0,0,,,,,
0021500362,163,2,79,2,8:49 PM,4:38,,,MISS Wall 18' Pullup Jump Shot,,,5.0,202322,John Wall,1610612764.0,Washington,Wizards,WAS,0,0,,,,,,0,0,,,,,
0021500362,164,4,0,2,8:49 PM,4:36,Gasol REBOUND (Off:0 Def:3),,,,,4.0,201188,Marc Gasol,1610612763.0,Memphis,Grizzlies,MEM,0,0,,,,,,0,0,,,,,
0021500362,165,2,5,2,8:49 PM,4:32,MISS Conley 1' Layup,,,,,4.0,201144,Mike Conley,1610612763.0,Memphis,Grizzlies,MEM,0,0,,,,,,0,0,,,,,
0021500362,166,4,0,2,8:49 PM,4:29,Conley REBOUND (Off:1 Def:1),,,,,4.0,201144,Mike Conley,1610612763.0,Memphis,Grizzlies,MEM,0,0,,,,,,0,0,,,,,
0021500362,167,6,1,2,8:50 PM,4:22,,,Humphries P.FOUL (P1.T3) (B.Nansel),,,5.0,2743,Kris Humphries,1610612764.0,Washington,Wizards,WAS,4,2216,Zach Randolph,1610612763.0,Memphis,Grizzlies,MEM,1,0,,,,,
0021500362,168,8,0,2,8:50 PM,4:22,,,SUB: Gortat FOR Blair,,,5.0,201971,DeJuan Blair,1610612764.0,Washington,Wizards,WAS,5,101162,Marcin Gortat,1610612764.0,Washington,Wizards,WAS,0,0,,,,,
0021500362,169,8,0,2,8:50 PM,4:22,,,SUB: Dudley FOR Humphries,,,5.0,2743,Kris Humphries,1610612764.0,Washington,Wizards,WAS,5,201162,Jared Dudley,1610612764.0,Washington,Wizards,WAS,0,0,,,,,
0021500362,170,2,1,2,8:50 PM,4:09,MISS Conley 25' 3PT Jump Shot,,,,,4.0,201144,Mike Conley,1610612763.0,Memphis,Grizzlies,MEM,0,0,,,,,,0,0,,,,,
0021500362,171,4,0,2,8:50 PM,4:09,,,Dudley REBOUND (Off:2 Def:3),,,5.0,201162,Jared Dudley,1610612764.0,Washington,Wizards,WAS,0,0,,,,,,0,0,,,,,
0021500362,172,1,1,2,8:50 PM,3:58,,,Dudley 21' Jump Shot (9 PTS) (Wall 4 AST),36 - 43,7,5.0,201162,Jared Dudley,1610612764.0,Washington,Wizards,WAS,5,202322,John Wall,1610612764.0,Washington,Wizards,WAS,0,0,,,,,
0021500362,173,1,5,2,8:51 PM,3:42,Randolph 1' Layup (6 PTS) (Gasol 3 AST),,,36 - 45,9,4.0,2216,Zach Randolph,1610612763.0,Memphis,Grizzlies,MEM,4,201188,Marc Gasol,1610612763.0,Memphis,Grizzlies,MEM,0,0,,,,,
0021500362,174,6,2,2,8:51 PM,3:38,Conley S.FOUL (P1.T2) (B.Nansel),,,,,4.0,201144,Mike Conley,1610612763.0,Memphis,Grizzlies,MEM,5,201196,Ramon Sessions,1610612764.0,Washington,Wizards,WAS,1,0,,,,,
0021500362,175,3,11,2,8:51 PM,3:38,,,Sessions Free Throw 1 of 2 (3 PTS),37 - 45,8,5.0,201196,Ramon Sessions,1610612764.0,Washington,Wizards,WAS,0,0,,,,,,0,0,,,,,
0021500362,177,3,12,2,8:51 PM,3:38,,,Sessions Free Throw 2 of 2 (4 PTS),38 - 45,7,5.0,201196,Ramon Sessions,1610612764.0,Washington,Wizards,WAS,0,0,,,,,,0,0,,,,,
0021500362,179,1,75,2,8:52 PM,3:18,Randolph 1' Driving Finger Roll Layup (8 PTS),,,38 - 47,9,4.0,2216,Zach Randolph,1610612763.0,Memphis,Grizzlies,MEM,0,0,,,,,,0,0,,,,,
0021500362,180,1,1,2,8:52 PM,3:07,,,Neal 24' 3PT Jump Shot (10 PTS) (Wall 5 AST),41 - 47,6,5.0,202390,Gary Neal,1610612764.0,Washington,Wizards,WAS,5,202322,John Wall,1610612764.0,Washington,Wizards,WAS,0,0,,,,,
0021500362,181,1,1,2,8:52 PM,2:49,Gasol 20' Jump Shot (8 PTS) (Conley 5 AST),,,41 - 49,8,4.0,201188,Marc Gasol,1610612763.0,Memphis,Grizzlies,MEM,4,201144,Mike Conley,1610612763.0,Memphis,Grizzlies,MEM,0,0,,,,,
0021500362,183,9,1,2,8:53 PM,2:37,,,Wizards Timeout: Regular (Reg.2 Short 0),,,3.0,1610612764,,,,,,0,0,,,,,,0,0,,,,,
0021500362,185,18,0,2,8:53 PM,2:37,,,,,,,180,John Crotty,,,,,0,0,,,,,,1,0,,,,,
0021500362,188,8,0,2,8:55 PM,2:37,SUB: Green FOR Randolph,,,,,4.0,2216,Zach Randolph,1610612763.0,Memphis,Grizzlies,MEM,4,201145,Jeff Green,1610612763.0,Memphis,Grizzlies,MEM,0,0,,,,,
0021500362,189,1,42,2,8:55 PM,2:27,,,Neal 3' Driving Layup (12 PTS),43 - 49,6,5.0,202390,Gary Neal,1610612764.0,Washington,Wizards,WAS,0,0,,,,,,0,0,,,,,
0021500362,190,6,2,2,8:55 PM,2:27,Gasol S.FOUL (P1.T3) (B.Nansel),,,,,4.0,201188,Marc Gasol,1610612763.0,Memphis,Grizzlies,MEM,5,202390,Gary Neal,1610612764.0,Washington,Wizards,WAS,1,0,,,,,
0021500362,191,3,10,2,8:56 PM,2:27,,,Neal Free Throw 1 of 1 (13 PTS),44 - 49,5,5.0,202390,Gary Neal,1610612764.0,Washington,Wizards,WAS,0,0,,,,,,0,0,,,,,
0021500362,193,5,1,2,8:56 PM,2:14,Gasol Bad Pass Turnover (P1.T7),,Gortat STEAL (2 STL),,,4.0,201188,Marc Gasol,1610612763.0,Memphis,Grizzlies,MEM,5,101162,Marcin Gortat,1610612764.0,Washington,Wizards,WAS,0,0,,,,,
0021500362,194,2,5,2,8:56 PM,2:09,,,MISS Dudley 2' Layup,,,5.0,201162,Jared Dudley,1610612764.0,Washington,Wizards,WAS,0,0,,,,,,0,0,,,,,
0021500362,195,4,0,2,8:56 PM,2:09,GRIZZLIES Rebound,,,,,2.0,1610612763,,,,,,0,0,,,,,,0,0,,,,,
0021500362,196,1,7,2,8:57 PM,1:52,Gasol  Dunk (10 PTS) (Green 3 AST),,,44 - 51,7,4.0,201188,Marc Gasol,1610612763.0,Memphis,Grizzlies,MEM,4,201145,Jeff Green,1610612763.0,Memphis,Grizzlies,MEM,0,0,,,,,
0021500362,197,5,1,2,8:57 PM,1:44,Conley STEAL (1 STL),,Dudley Bad Pass Turnover (P1.T10),,,5.0,201162,Jared Dudley,1610612764.0,Washington,Wizards,WAS,4,201144,Mike Conley,1610612763.0,Memphis,Grizzlies,MEM,0,0,,,,,
0021500362,198,1,5,2,8:57 PM,1:39,Barnes 1' Layup (9 PTS) (Conley 6 AST),,,44 - 53,9,4.0,2440,Matt Barnes,1610612763.0,Memphis,Grizzlies,MEM,4,201144,Mike Conley,1610612763.0,Memphis,Grizzlies,MEM,0,0,,,,,
0021500362,199,1,79,2,8:57 PM,1:28,,,Neal 19' Pullup Jump Shot (15 PTS),46 - 53,7,5.0,202390,Gary Neal,1610612764.0,Washington,Wizards,WAS,0,0,,,,,,0,0,,,,,
0021500362,200,1,42,2,8:57 PM,1:06,Conley 1' Driving Layup (10 PTS),,,46 - 55,9,4.0,201144,Mike Conley,1610612763.0,Memphis,Grizzlies,MEM,0,0,,,,,,0,0,,,,,
0021500362,201,6,1,2,8:58 PM,0:59,Gasol P.FOUL (P2.T4) (B.Forte),,,,,4.0,201188,Marc Gasol,1610612763.0,Memphis,Grizzlies,MEM,5,101162,Marcin Gortat,1610612764.0,Washington,Wizards,WAS,1,0,,,,,
0021500362,202,8,0,2,8:58 PM,0:59,,,SUB: Porter Jr. FOR Sessions,,,5.0,201196,Ramon Sessions,1610612764.0,Washington,Wizards,WAS,5,203490,Otto Porter Jr.,1610612764.0,Washington,Wizards,WAS,0,0,,,,,
0021500362,203,2,5,2,8:58 PM,0:49,Gasol BLOCK (2 BLK),,MISS Gortat 1' Layup,,,5.0,101162,Marcin Gortat,1610612764.0,Washington,Wizards,WAS,0,0,,,,,,4,201188,Marc Gasol,1610612763.0,Memphis,Grizzlies,MEM
0021500362,204,4,0,2,8:58 PM,0:48,Gasol REBOUND (Off:0 Def:4),,,,,4.0,201188,Marc Gasol,1610612763.0,Memphis,Grizzlies,MEM,0,0,,,,,,0,0,,,,,
0021500362,205,1,41,2,8:58 PM,0:44,Conley  Running Layup (12 PTS),,,46 - 57,11,4.0,201144,Mike Conley,1610612763.0,Memphis,Grizzlies,MEM,0,0,,,,,,0,0,,,,,
0021500362,206,9,2,2,8:58 PM,0:40,,,Wizards Timeout: Short (Reg.2 Short 1),,,3.0,1610612764,,,,,,0,0,,,,,,0,0,,,,,
0021500362,208,2,5,2,9:00 PM,0:32,,,MISS Gortat 1' Layup,,,5.0,101162,Marcin Gortat,1610612764.0,Washington,Wizards,WAS,0,0,,,,,,0,0,,,,,
0021500362,209,4,0,2,9:00 PM,0:31,Gasol REBOUND (Off:0 Def:5),,,,,4.0,201188,Marc Gasol,1610612763.0,Memphis,Grizzlies,MEM,0,0,,,,,,0,0,,,,,
0021500362,210,6,26,2,9:00 PM,0:12,Gasol Offensive Charge Foul (P3.PN) (M.Davis),,,,,4.0,201188,Marc Gasol,1610612763.0,Memphis,Grizzlies,MEM,5,202390,Gary Neal,1610612764.0,Washington,Wizards,WAS,1,0,,,,,
0021500362,211,5,5,2,9:00 PM,0:12,Gasol Foul Turnover (P2.T8),,,,,4.0,201188,Marc Gasol,1610612763.0,Memphis,Grizzlies,MEM,0,0,,,,,,1,0,,,,,
0021500362,212,8,0,2,9:01 PM,0:12,SUB: Green FOR Gasol,,,,,4.0,201188,Marc Gasol,1610612763.0,Memphis,Grizzlies,MEM,4,203210,JaMychal Green,1610612763.0,Memphis,Grizzlies,MEM,0,0,,,,,
0021500362,213,2,79,2,9:01 PM,0:01,,,MISS Neal 21' Pullup Jump Shot,,,5.0,202390,Gary Neal,1610612764.0,Washington,Wizards,WAS,0,0,,,,,,0,0,,,,,
0021500362,216,4,0,2,9:01 PM,0:00,,,Wizards Rebound,,,3.0,1610612764,,,,,,0,0,,,,,,0,0,,,,,
0021500362,215,13,0,2,9:01 PM,0:00,,,,46 - 57,11,0.0,0,,,,,,0,0,,,,,,0,0,,,,,
0021500362,218,12,0,3,9:18 PM,12:00,,,,46 - 57,11,0.0,0,,,,,,0,0,,,,,,0,0,,,,,
0021500362,219,5,45,3,9:18 PM,11:43,Green Out of Bounds - Bad Pass Turnover Turnover (P2.T9),,,,,4.0,201145,Jeff Green,1610612763.0,Memphis,Grizzlies,MEM,0,0,,,,,,0,0,,,,,
0021500362,220,2,5,3,9:19 PM,11:30,,,MISS Gortat 2' Layup,,,5.0,101162,Marcin Gortat,1610612764.0,Washington,Wizards,WAS,0,0,,,,,,0,0,,,,,
0021500362,221,4,0,3,9:19 PM,11:29,Gasol REBOUND (Off:0 Def:6),,,,,4.0,201188,Marc Gasol,1610612763.0,Memphis,Grizzlies,MEM,0,0,,,,,,0,0,,,,,
0021500362,222,1,1,3,9:19 PM,11:15,Lee  3PT Jump Shot (6 PTS) (Gasol 4 AST),,,46 - 60,14,4.0,201584,Courtney Lee,1610612763.0,Memphis,Grizzlies,MEM,4,201188,Marc Gasol,1610612763.0,Memphis,Grizzlies,MEM,0,0,,,,,
0021500362,223,5,2,3,9:19 PM,11:08,Conley STEAL (2 STL),,Temple Lost Ball Turnover (P2.T11),,,5.0,202066,Garrett Temple,1610612764.0,Washington,Wizards,WAS,4,201144,Mike Conley,1610612763.0,Memphis,Grizzlies,MEM,0,0,,,,,
0021500362,224,1,79,3,9:19 PM,10:56,Lee 20' Pullup Jump Shot (8 PTS) (Conley 7 AST),,,46 - 62,16,4.0,201584,Courtney Lee,1610612763.0,Memphis,Grizzlies,MEM,4,201144,Mike Conley,1610612763.0,Memphis,Grizzlies,MEM,0,0,,,,,
0021500362,225,2,1,3,9:19 PM,10:39,,,MISS Porter Jr. 11' Jump Shot,,,5.0,203490,Otto Porter Jr.,1610612764.0,Washington,Wizards,WAS,0,0,,,,,,0,0,,,,,
0021500362,226,4,0,3,9:19 PM,10:38,Gasol REBOUND (Off:0 Def:7),,,,,4.0,201188,Marc Gasol,1610612763.0,Memphis,Grizzlies,MEM,0,0,,,,,,0,0,,,,,
0021500362,228,1,1,3,9:20 PM,10:22,Gasol 17' Jump Shot (12 PTS) (Conley 8 AST),,,46 - 64,18,4.0,201188,Marc Gasol,1610612763.0,Memphis,Grizzlies,MEM,4,201144,Mike Conley,1610612763.0,Memphis,Grizzlies,MEM,0,0,,,,,
0021500362,230,9,1,3,9:20 PM,10:22,,,Wizards Timeout: Regular (Reg.3 Short 1),,,3.0,1610612764,,,,,,0,0,,,,,,0,0,,,,,
0021500362,234,2,1,3,9:23 PM,10:10,,,MISS Porter Jr. 19' Jump Shot,,,5.0,203490,Otto Porter Jr.,1610612764.0,Washington,Wizards,WAS,0,0,,,,,,0,0,,,,,
0021500362,235,4,0,3,9:23 PM,10:09,Gasol REBOUND (Off:0 Def:8),,,,,4.0,201188,Marc Gasol,1610612763.0,Memphis,Grizzlies,MEM,0,0,,,,,,0,0,,,,,
0021500362,236,1,1,3,9:23 PM,9:56,Gasol 19' Jump Shot (14 PTS) (Conley 9 AST),,,46 - 66,20,4.0,201188,Marc Gasol,1610612763.0,Memphis,Grizzlies,MEM,4,201144,Mike Conley,1610612763.0,Memphis,Grizzlies,MEM,0,0,,,,,
0021500362,237,1,1,3,9:23 PM,9:44,,,Dudley 21' Jump Shot (11 PTS) (Wall 6 AST),48 - 66,18,5.0,201162,Jared Dudley,1610612764.0,Washington,Wizards,WAS,5,202322,John Wall,1610612764.0,Washington,Wizards,WAS,0,0,,,,,
0021500362,238,1,1,3,9:23 PM,9:29,Gasol 18' Jump Shot (16 PTS) (Conley 10 AST),,,48 - 68,20,4.0,201188,Marc Gasol,1610612763.0,Memphis,Grizzlies,MEM,4,201144,Mike Conley,1610612763.0,Memphis,Grizzlies,MEM,0,0,,,,,
0021500362,239,2,79,3,9:24 PM,9:12,,,MISS Wall 17' Pullup Jump Shot,,,5.0,202322,John Wall,1610612764.0,Washington,Wizards,WAS,0,0,,,,,,0,0,,,,,
0021500362,240,4,0,3,9:24 PM,9:11,Green REBOUND (Off:0 Def:3),,,,,4.0,201145,Jeff Green,1610612763.0,Memphis,Grizzlies,MEM,0,0,,,,,,0,0,,,,,
0021500362,241,2,41,3,9:24 PM,8:57,MISS Green  Running Layup,,,,,4.0,201145,Jeff Green,1610612763.0,Memphis,Grizzlies,MEM,0,0,,,,,,0,0,,,,,
0021500362,242,4,0,3,9:24 PM,8:54,,,Dudley REBOUND (Off:2 Def:4),,,5.0,201162,Jared Dudley,1610612764.0,Washington,Wizards,WAS,0,0,,,,,,0,0,,,,,
0021500362,243,2,5,3,9:24 PM,8:52,Barnes BLOCK (1 BLK),,MISS Porter Jr. 2' Layup,,,5.0,203490,Otto Porter Jr.,1610612764.0,Washington,Wizards,WAS,0,0,,,,,,4,2440,Matt Barnes,1610612763.0,Memphis,Grizzlies,MEM
0021500362,244,4,0,3,9:24 PM,8:52,,,Wizards Rebound,,,3.0,1610612764,,,,,,0,0,,,,,,0,0,,,,,
0021500362,245,2,1,3,9:24 PM,8:46,,,MISS Temple 26' 3PT Jump Shot,,,5.0,202066,Garrett Temple,1610612764.0,Washington,Wizards,WAS,0,0,,,,,,0,0,,,,,
0021500362,246,4,0,3,9:24 PM,8:45,Barnes REBOUND (Off:1 Def:2),,,,,4.0,2440,Matt Barnes,1610612763.0,Memphis,Grizzlies,MEM,0,0,,,,,,0,0,,,,,
0021500362,247,1,5,3,9:24 PM,8:26,Gasol 3' Layup (18 PTS) (Barnes 1 AST),,,48 - 70,22,4.0,201188,Marc Gasol,1610612763.0,Memphis,Grizzlies,MEM,4,2440,Matt Barnes,1610612763.0,Memphis,Grizzlies,MEM,0,0,,,,,
0021500362,248,6,1,3,9:25 PM,8:21,Barnes P.FOUL (P2.T1) (B.Forte),,,,,4.0,2440,Matt Barnes,1610612763.0,Memphis,Grizzlies,MEM,5,101162,Marcin Gortat,1610612764.0,Washington,Wizards,WAS,1,0,,,,,
0021500362,249,1,5,3,9:25 PM,8:02,,,Gortat 2' Layup (4 PTS) (Wall 7 AST),50 - 70,20,5.0,101162,Marcin Gortat,1610612764.0,Washington,Wizards,WAS,5,202322,John Wall,1610612764.0,Washington,Wizards,WAS,0,0,,,,,
0021500362,250,2,5,3,9:26 PM,7:45,MISS Green 2' Layup,,,,,4.0,201145,Jeff Green,1610612763.0,Memphis,Grizzlies,MEM,0,0,,,,,,0,0,,,,,
0021500362,251,4,0,3,9:26 PM,7:44,,,Gortat REBOUND (Off:2 Def:4),,,5.0,101162,Marcin Gortat,1610612764.0,Washington,Wizards,WAS,0,0,,,,,,0,0,,,,,
0021500362,252,2,1,3,9:26 PM,7:38,,,MISS Wall 26' 3PT Jump Shot,,,5.0,202322,John Wall,1610612764.0,Washington,Wizards,WAS,0,0,,,,,,0,0,,,,,
0021500362,253,4,0,3,9:26 PM,7:34,,,Gortat REBOUND (Off:3 Def:4),,,5.0,101162,Marcin Gortat,1610612764.0,Washington,Wizards,WAS,0,0,,,,,,0,0,,,,,
0021500362,254,2,79,3,9:26 PM,7:25,,,MISS Dudley 22' Pullup Jump Shot,,,5.0,201162,Jared Dudley,1610612764.0,Washington,Wizards,WAS,0,0,,,,,,0,0,,,,,
0021500362,255,4,0,3,9:26 PM,7:21,Conley REBOUND (Off:1 Def:2),,,,,4.0,201144,Mike Conley,1610612763.0,Memphis,Grizzlies,MEM,0,0,,,,,,0,0,,,,,
0021500362,256,2,1,3,9:26 PM,7:10,MISS Gasol 20' Jump Shot,,,,,4.0,201188,Marc Gasol,1610612763.0,Memphis,Grizzlies,MEM,0,0,,,,,,0,0,,,,,
0021500362,257,4,0,3,9:26 PM,7:08,,,Wall REBOUND (Off:0 Def:2),,,5.0,202322,John Wall,1610612764.0,Washington,Wizards,WAS,0,0,,,,,,0,0,,,,,
0021500362,258,2,1,3,9:26 PM,7:01,,,MISS Porter Jr. 25' 3PT Jump Shot,,,5.0,203490,Otto Porter Jr.,1610612764.0,Washington,Wizards,WAS,0,0,,,,,,0,0,,,,,
0021500362,259,4,0,3,9:27 PM,7:01,,,Wizards Rebound,,,3.0,1610612764,,,,,,0,0,,,,,,0,0,,,,,
0021500362,260,6,3,3,9:27 PM,7:01,Green L.B.FOUL (P2.T2) (M.Davis),,,,,4.0,201145,Jeff Green,1610612763.0,Memphis,Grizzlies,MEM,5,101162,Marcin Gortat,1610612764.0,Washington,Wizards,WAS,1,0,,,,,
0021500362,261,8,0,3,9:27 PM,7:01,,,SUB: Neal FOR Temple,,,5.0,202066,Garrett Temple,1610612764.0,Washington,Wizards,WAS,5,202390,Gary Neal,1610612764.0,Washington,Wizards,WAS,0,0,,,,,
0021500362,262,6,2,3,9:27 PM,6:55,Lee S.FOUL (P1.T3) (B.Nansel),,,,,4.0,201584,Courtney Lee,1610612763.0,Memphis,Grizzlies,MEM,5,101162,Marcin Gortat,1610612764.0,Washington,Wizards,WAS,1,0,,,,,
0021500362,263,3,11,3,9:28 PM,6:55,,,Gortat Free Throw 1 of 2 (5 PTS),51 - 70,19,5.0,101162,Marcin Gortat,1610612764.0,Washington,Wizards,WAS,0,0,,,,,,0,0,,,,,
0021500362,265,3,12,3,9:28 PM,6:55,,,Gortat Free Throw 2 of 2 (6 PTS),52 - 70,18,5.0,101162,Marcin Gortat,1610612764.0,Washington,Wizards,WAS,0,0,,,,,,0,0,,,,,
0021500362,267,1,5,3,9:28 PM,6:42,Lee 1' Layup (10 PTS) (Gasol 5 AST),,,52 - 72,20,4.0,201584,Courtney Lee,1610612763.0,Memphis,Grizzlies,MEM,4,201188,Marc Gasol,1610612763.0,Memphis,Grizzlies,MEM,0,0,,,,,
0021500362,268,1,1,3,9:28 PM,6:28,,,Gortat 9' Jump Shot (8 PTS) (Dudley 1 AST),54 - 72,18,5.0,101162,Marcin Gortat,1610612764.0,Washington,Wizards,WAS,5,201162,Jared Dudley,1610612764.0,Washington,Wizards,WAS,0,0,,,,,
0021500362,269,1,1,3,9:29 PM,6:05,Barnes  3PT Jump Shot (12 PTS) (Green 4 AST),,,54 - 75,21,4.0,2440,Matt Barnes,1610612763.0,Memphis,Grizzlies,MEM,4,201145,Jeff Green,1610612763.0,Memphis,Grizzlies,MEM,0,0,,,,,
0021500362,270,5,45,3,9:29 PM,5:53,,,Gortat Out of Bounds - Bad Pass Turnover Turnover (P3.T12),,,5.0,101162,Marcin Gortat,1610612764.0,Washington,Wizards,WAS,0,0,,,,,,0,0,,,,,
0021500362,271,8,0,3,9:29 PM,5:53,SUB: Chalmers FOR Lee,,,,,4.0,201584,Courtney Lee,1610612763.0,Memphis,Grizzlies,MEM,4,201596,Mario Chalmers,1610612763.0,Memphis,Grizzlies,MEM,0,0,,,,,
0021500362,272,5,40,3,9:30 PM,5:40,Green Out of Bounds Lost Ball Turnover (P3.T10),,,,,4.0,201145,Jeff Green,1610612763.0,Memphis,Grizzlies,MEM,0,0,,,,,,0,0,,,,,
0021500362,273,7,5,3,9:30 PM,5:32,Gasol Violation:Kicked Ball (.),,,,,4.0,201188,Marc Gasol,1610612763.0,Memphis,Grizzlies,MEM,0,0,,,,,,0,0,,,,,
0021500362,274,1,1,3,9:30 PM,5:25,,,Neal 21' Jump Shot (17 PTS),56 - 75,19,5.0,202390,Gary Neal,1610612764.0,Washington,Wizards,WAS,0,0,,,,,,0,0,,,,,
0021500362,275,2,1,3,9:31 PM,5:01,MISS Chalmers 21' Jump Shot,,,,,4.0,201596,Mario Chalmers,1610612763.0,Memphis,Grizzlies,MEM,0,0,,,,,,0,0,,,,,
0021500362,276,4,0,3,9:31 PM,5:00,,,Gortat REBOUND (Off:3 Def:5),,,5.0,101162,Marcin Gortat,1610612764.0,Washington,Wizards,WAS,0,0,,,,,,0,0,,,,,
0021500362,277,2,1,3,9:31 PM,4:53,,,MISS Wall 25' 3PT Jump Shot,,,5.0,202322,John Wall,1610612764.0,Washington,Wizards,WAS,0,0,,,,,,0,0,,,,,
0021500362,278,4,0,3,9:31 PM,4:52,Chalmers REBOUND (Off:0 Def:1),,,,,4.0,201596,Mario Chalmers,1610612763.0,Memphis,Grizzlies,MEM,0,0,,,,,,0,0,,,,,
0021500362,280,9,1,3,9:31 PM,4:52,GRIZZLIES Timeout: Regular (Full 3 Short 0),,,,,2.0,1610612763,,,,,,0,0,,,,,,0,0,,,,,
0021500362,283,8,0,3,9:33 PM,4:52,SUB: Randolph FOR Green,,,,,4.0,201145,Jeff Green,1610612763.0,Memphis,Grizzlies,MEM,4,2216,Zach Randolph,1610612763.0,Memphis,Grizzlies,MEM,0,0,,,,,
0021500362,284,6,1,3,9:33 PM,4:39,,,Gortat P.FOUL (P1.T1) (B.Nansel),,,5.0,101162,Marcin Gortat,1610612764.0,Washington,Wizards,WAS,4,201188,Marc Gasol,1610612763.0,Memphis,Grizzlies,MEM,1,0,,,,,
0021500362,285,5,8,3,9:34 PM,4:27,Randolph 3 Second Violation Turnover (P1.T11),,,,,4.0,2216,Zach Randolph,1610612763.0,Memphis,Grizzlies,MEM,0,0,,,,,,1,0,,,,,
0021500362,286,2,86,3,9:34 PM,4:08,,,MISS Gortat 10' Turnaround Fadeaway Shot,,,5.0,101162,Marcin Gortat,1610612764.0,Washington,Wizards,WAS,0,0,,,,,,0,0,,,,,
0021500362,287,4,0,3,9:34 PM,4:07,GRIZZLIES Rebound,,,,,2.0,1610612763,,,,,,0,0,,,,,,0,0,,,,,
0021500362,288,5,2,3,9:35 PM,3:52,Conley Lost Ball Turnover (P2.T12),,Dudley STEAL (1 STL),,,4.0,201144,Mike Conley,1610612763.0,Memphis,Grizzlies,MEM,5,201162,Jared Dudley,1610612764.0,Washington,Wizards,WAS,0,0,,,,,
0021500362,289,2,1,3,9:35 PM,3:46,,,MISS Neal 26' 3PT Jump Shot,,,5.0,202390,Gary Neal,1610612764.0,Washington,Wizards,WAS,0,0,,,,,,0,0,,,,,
0021500362,290,4,0,3,9:35 PM,3:44,Barnes REBOUND (Off:1 Def:3),,,,,4.0,2440,Matt Barnes,1610612763.0,Memphis,Grizzlies,MEM,0,0,,,,,,0,0,,,,,
0021500362,291,1,1,3,9:35 PM,3:26,Barnes 25' 3PT Jump Shot (15 PTS) (Gasol 6 AST),,,56 - 78,22,4.0,2440,Matt Barnes,1610612763.0,Memphis,Grizzlies,MEM,4,201188,Marc Gasol,1610612763.0,Memphis,Grizzlies,MEM,0,0,,,,,
0021500362,292,1,1,3,9:36 PM,3:08,,,Dudley 25' 3PT Jump Shot (14 PTS) (Wall 8 AST),59 - 78,19,5.0,201162,Jared Dudley,1610612764.0,Washington,Wizards,WAS,5,202322,John Wall,1610612764.0,Washington,Wizards,WAS,0,0,,,,,
0021500362,293,2,78,3,9:36 PM,2:47,MISS Conley 12' Floating Jump Shot,,,,,4.0,201144,Mike Conley,1610612763.0,Memphis,Grizzlies,MEM,0,0,,,,,,0,0,,,,,
0021500362,294,4,0,3,9:36 PM,2:45,,,Gortat REBOUND (Off:3 Def:6),,,5.0,101162,Marcin Gortat,1610612764.0,Washington,Wizards,WAS,0,0,,,,,,0,0,,,,,
0021500362,295,6,2,3,9:36 PM,2:41,Randolph S.FOUL (P2.T4) (M.Davis),,,,,4.0,2216,Zach Randolph,1610612763.0,Memphis,Grizzlies,MEM,5,201162,Jared Dudley,1610612764.0,Washington,Wizards,WAS,1,0,,,,,
0021500362,296,3,11,3,9:36 PM,2:41,,,MISS Dudley Free Throw 1 of 2,,,5.0,201162,Jared Dudley,1610612764.0,Washington,Wizards,WAS,0,0,,,,,,0,0,,,,,
0021500362,297,4,1,3,9:36 PM,2:41,,,Wizards Rebound,,,3.0,1610612764,,,,,,0,0,,,,,,0,0,,,,,
0021500362,298,8,0,3,9:37 PM,2:41,,,SUB: Sessions FOR Porter Jr.,,,5.0,203490,Otto Porter Jr.,1610612764.0,Washington,Wizards,WAS,5,201196,Ramon Sessions,1610612764.0,Washington,Wizards,WAS,0,0,,,,,
0021500362,299,8,0,3,9:37 PM,2:41,SUB: Lee FOR Conley,,,,,4.0,201144,Mike Conley,1610612763.0,Memphis,Grizzlies,MEM,4,201584,Courtney Lee,1610612763.0,Memphis,Grizzlies,MEM,0,0,,,,,
0021500362,300,3,12,3,9:37 PM,2:41,,,MISS Dudley Free Throw 2 of 2,,,5.0,201162,Jared Dudley,1610612764.0,Washington,Wizards,WAS,0,0,,,,,,0,0,,,,,
0021500362,302,4,0,3,9:37 PM,2:39,Barnes REBOUND (Off:1 Def:4),,,,,4.0,2440,Matt Barnes,1610612763.0,Memphis,Grizzlies,MEM,0,0,,,,,,0,0,,,,,
0021500362,303,5,1,3,9:37 PM,2:22,Gasol Bad Pass Turnover (P3.T13),,,,,4.0,201188,Marc Gasol,1610612763.0,Memphis,Grizzlies,MEM,0,0,,,,,,0,0,,,,,
0021500362,304,8,0,3,9:37 PM,2:22,SUB: Green FOR Gasol,,,,,4.0,201188,Marc Gasol,1610612763.0,Memphis,Grizzlies,MEM,4,203210,JaMychal Green,1610612763.0,Memphis,Grizzlies,MEM,0,0,,,,,
0021500362,305,2,1,3,9:38 PM,2:14,,,MISS Wall 26' 3PT Jump Shot,,,5.0,202322,John Wall,1610612764.0,Washington,Wizards,WAS,0,0,,,,,,0,0,,,,,
0021500362,306,4,0,3,9:38 PM,2:13,Green REBOUND (Off:0 Def:1),,,,,4.0,203210,JaMychal Green,1610612763.0,Memphis,Grizzlies,MEM,0,0,,,,,,0,0,,,,,
0021500362,307,1,5,3,9:38 PM,1:56,Lee 1' Layup (12 PTS) (Chalmers 1 AST),,,59 - 80,21,4.0,201584,Courtney Lee,1610612763.0,Memphis,Grizzlies,MEM,4,201596,Mario Chalmers,1610612763.0,Memphis,Grizzlies,MEM,0,0,,,,,
0021500362,308,1,43,3,9:38 PM,1:46,,,Gortat 1' Alley Oop Layup (10 PTS) (Wall 9 AST),61 - 80,19,5.0,101162,Marcin Gortat,1610612764.0,Washington,Wizards,WAS,5,202322,John Wall,1610612764.0,Washington,Wizards,WAS,0,0,,,,,
0021500362,309,2,1,3,9:38 PM,1:28,MISS Randolph 20' Jump Shot,,,,,4.0,2216,Zach Randolph,1610612763.0,Memphis,Grizzlies,MEM,0,0,,,,,,0,0,,,,,
0021500362,310,4,0,3,9:38 PM,1:27,,,Neal REBOUND (Off:0 Def:1),,,5.0,202390,Gary Neal,1610612764.0,Washington,Wizards,WAS,0,0,,,,,,0,0,,,,,
0021500362,311,6,1,3,9:39 PM,1:21,Chalmers P.FOUL (P2.PN) (B.Forte),,,,,4.0,201596,Mario Chalmers,1610612763.0,Memphis,Grizzlies,MEM,5,101162,Marcin Gortat,1610612764.0,Washington,Wizards,WAS,1,0,,,,,
0021500362,312,3,11,3,9:39 PM,1:21,,,MISS Gortat Free Throw 1 of 2,,,5.0,101162,Marcin Gortat,1610612764.0,Washington,Wizards,WAS,0,0,,,,,,0,0,,,,,
0021500362,313,4,1,3,9:39 PM,1:21,,,Wizards Rebound,,,3.0,1610612764,,,,,,0,0,,,,,,0,0,,,,,
0021500362,314,8,0,3,9:39 PM,1:21,,,SUB: Oubre Jr. FOR Wall,,,5.0,202322,John Wall,1610612764.0,Washington,Wizards,WAS,5,1626162,Kelly Oubre Jr.,1610612764.0,Washington,Wizards,WAS,0,0,,,,,
0021500362,315,3,12,3,9:39 PM,1:21,,,MISS Gortat Free Throw 2 of 2,,,5.0,101162,Marcin Gortat,1610612764.0,Washington,Wizards,WAS,0,0,,,,,,0,0,,,,,
0021500362,317,4,0,3,9:40 PM,1:20,Lee REBOUND (Off:0 Def:3),,,,,4.0,201584,Courtney Lee,1610612763.0,Memphis,Grizzlies,MEM,0,0,,,,,,0,0,,,,,
0021500362,318,1,1,3,9:40 PM,1:06,Chalmers 5' Jump Shot (9 PTS),,,61 - 82,21,4.0,201596,Mario Chalmers,1610612763.0,Memphis,Grizzlies,MEM,0,0,,,,,,0,0,,,,,
0021500362,319,6,2,3,9:40 PM,1:06,,,Neal S.FOUL (P1.T2) (B.Forte),,,5.0,202390,Gary Neal,1610612764.0,Washington,Wizards,WAS,4,201596,Mario Chalmers,1610612763.0,Memphis,Grizzlies,MEM,1,0,,,,,
0021500362,320,8,0,3,9:40 PM,1:06,,,SUB: Blair FOR Gortat,,,5.0,101162,Marcin Gortat,1610612764.0,Washington,Wizards,WAS,5,201971,DeJuan Blair,1610612764.0,Washington,Wizards,WAS,0,0,,,,,
0021500362,321,3,10,3,9:40 PM,1:06,Chalmers Free Throw 1 of 1 (10 PTS),,,61 - 83,22,4.0,201596,Mario Chalmers,1610612763.0,Memphis,Grizzlies,MEM,0,0,,,,,,0,0,,,,,
0021500362,323,5,1,3,9:41 PM,0:52,Chalmers STEAL (1 STL),,Oubre Jr. Bad Pass Turnover (P1.T13),,,5.0,1626162,Kelly Oubre Jr.,1610612764.0,Washington,Wizards,WAS,4,201596,Mario Chalmers,1610612763.0,Memphis,Grizzlies,MEM,0,0,,,,,
0021500362,324,2,52,3,9:41 PM,0:48,MISS Green  Alley Oop Dunk,,,,,4.0,203210,JaMychal Green,1610612763.0,Memphis,Grizzlies,MEM,0,0,,,,,,0,0,,,,,
0021500362,325,4,0,3,9:41 PM,0:45,,,Sessions REBOUND (Off:0 Def:1),,,5.0,201196,Ramon Sessions,1610612764.0,Washington,Wizards,WAS,0,0,,,,,,0,0,,,,,
0021500362,326,2,1,3,9:41 PM,0:38,,,MISS Dudley 24' 3PT Jump Shot,,,5.0,201162,Jared Dudley,1610612764.0,Washington,Wizards,WAS,0,0,,,,,,0,0,,,,,
0021500362,327,4,0,3,9:41 PM,0:36,GRIZZLIES Rebound,,,,,2.0,1610612763,,,,,,0,0,,,,,,0,0,,,,,
0021500362,328,8,0,3,9:41 PM,0:36,,,SUB: Humphries FOR Dudley,,,5.0,201162,Jared Dudley,1610612764.0,Washington,Wizards,WAS,5,2743,Kris Humphries,1610612764.0,Washington,Wizards,WAS,0,0,,,,,
0021500362,329,2,40,3,9:41 PM,0:24,MISS Randolph 1' Layup,,Blair BLOCK (1 BLK),,,4.0,2216,Zach Randolph,1610612763.0,Memphis,Grizzlies,MEM,0,0,,,,,,5,201971,DeJuan Blair,1610612764.0,Washington,Wizards,WAS
0021500362,335,4,0,3,9:41 PM,0:24,,,Wizards Rebound,,,3.0,1610612764,,,,,,0,0,,,,,,0,0,,,,,
0021500362,330,2,1,3,9:42 PM,0:04,,,MISS Sessions 6' Jump Shot,,,5.0,201196,Ramon Sessions,1610612764.0,Washington,Wizards,WAS,0,0,,,,,,0,0,,,,,
0021500362,331,4,0,3,9:42 PM,0:03,Green REBOUND (Off:0 Def:2),,,,,4.0,203210,JaMychal Green,1610612763.0,Memphis,Grizzlies,MEM,0,0,,,,,,0,0,,,,,
0021500362,332,5,1,3,9:42 PM,0:03,Green Bad Pass Turnover (P2.T14),,,,,4.0,203210,JaMychal Green,1610612763.0,Memphis,Grizzlies,MEM,0,0,,,,,,0,0,,,,,
0021500362,333,13,0,3,9:42 PM,0:00,,,,61 - 83,22,0.0,0,,,,,,0,0,,,,,,0,0,,,,,
0021500362,336,12,0,4,9:45 PM,12:00,,,,61 - 83,22,0.0,0,,,,,,0,0,,,,,,0,0,,,,,
0021500362,338,2,46,4,9:45 PM,11:39,,,MISS Neal 14' Running Jump Shot,,,5.0,202390,Gary Neal,1610612764.0,Washington,Wizards,WAS,0,0,,,,,,0,0,,,,,
0021500362,339,4,0,4,9:45 PM,11:36,Green REBOUND (Off:0 Def:3),,,,,4.0,203210,JaMychal Green,1610612763.0,Memphis,Grizzlies,MEM,0,0,,,,,,0,0,,,,,
0021500362,340,5,1,4,9:46 PM,11:18,Randolph Bad Pass Turnover (P2.T15),,,,,4.0,2216,Zach Randolph,1610612763.0,Memphis,Grizzlies,MEM,0,0,,,,,,0,0,,,,,
0021500362,341,6,2,4,9:46 PM,11:12,Lee S.FOUL (P2.T1) (M.Davis),,,,,4.0,201584,Courtney Lee,1610612763.0,Memphis,Grizzlies,MEM,5,201196,Ramon Sessions,1610612764.0,Washington,Wizards,WAS,1,0,,,,,
0021500362,342,3,11,4,9:46 PM,11:12,,,MISS Sessions Free Throw 1 of 2,,,5.0,201196,Ramon Sessions,1610612764.0,Washington,Wizards,WAS,0,0,,,,,,0,0,,,,,
0021500362,343,4,1,4,9:46 PM,11:12,,,Wizards Rebound,,,3.0,1610612764,,,,,,0,0,,,,,,0,0,,,,,
0021500362,344,3,12,4,9:47 PM,11:12,,,Sessions Free Throw 2 of 2 (5 PTS),62 - 83,21,5.0,201196,Ramon Sessions,1610612764.0,Washington,Wizards,WAS,0,0,,,,,,0,0,,,,,
0021500362,347,1,1,4,9:47 PM,10:54,Chalmers 8' Jump Shot (12 PTS),,,62 - 85,23,4.0,201596,Mario Chalmers,1610612763.0,Memphis,Grizzlies,MEM,0,0,,,,,,0,0,,,,,
0021500362,348,1,82,4,9:48 PM,10:32,,,Sessions 8' Driving Bank Shot (7 PTS),64 - 85,21,5.0,201196,Ramon Sessions,1610612764.0,Washington,Wizards,WAS,0,0,,,,,,0,0,,,,,
0021500362,349,6,2,4,9:48 PM,10:32,Lee S.FOUL (P3.T2) (B.Nansel),,,,,4.0,201584,Courtney Lee,1610612763.0,Memphis,Grizzlies,MEM,5,201196,Ramon Sessions,1610612764.0,Washington,Wizards,WAS,1,0,,,,,
0021500362,350,3,10,4,9:48 PM,10:32,,,Sessions Free Throw 1 of 1 (8 PTS),65 - 85,20,5.0,201196,Ramon Sessions,1610612764.0,Washington,Wizards,WAS,0,0,,,,,,0,0,,,,,
0021500362,352,1,47,4,9:48 PM,10:20,Green 15' Turnaround Jump Shot (10 PTS),,,65 - 87,22,4.0,201145,Jeff Green,1610612763.0,Memphis,Grizzlies,MEM,0,0,,,,,,0,0,,,,,
0021500362,353,1,5,4,9:49 PM,10:12,,,Blair 3' Layup (4 PTS) (Sessions 1 AST),67 - 87,20,5.0,201971,DeJuan Blair,1610612764.0,Washington,Wizards,WAS,5,201196,Ramon Sessions,1610612764.0,Washington,Wizards,WAS,0,0,,,,,
0021500362,354,2,3,4,9:49 PM,9:48,MISS Randolph 5' Hook Shot,,,,,4.0,2216,Zach Randolph,1610612763.0,Memphis,Grizzlies,MEM,0,0,,,,,,0,0,,,,,
0021500362,355,4,0,4,9:49 PM,9:47,GRIZZLIES Rebound,,,,,2.0,1610612763,,,,,,0,0,,,,,,0,0,,,,,
0021500362,356,8,0,4,9:49 PM,9:47,SUB: Gasol FOR Randolph,,,,,4.0,2216,Zach Randolph,1610612763.0,Memphis,Grizzlies,MEM,4,201188,Marc Gasol,1610612763.0,Memphis,Grizzlies,MEM,0,0,,,,,
0021500362,357,8,0,4,9:49 PM,9:47,SUB: Conley FOR Chalmers,,,,,4.0,201596,Mario Chalmers,1610612763.0,Memphis,Grizzlies,MEM,4,201144,Mike Conley,1610612763.0,Memphis,Grizzlies,MEM,0,0,,,,,
0021500362,358,2,1,4,9:50 PM,9:26,MISS Conley 25' 3PT Jump Shot,,,,,4.0,201144,Mike Conley,1610612763.0,Memphis,Grizzlies,MEM,0,0,,,,,,0,0,,,,,
0021500362,359,4,0,4,9:50 PM,9:25,,,Humphries REBOUND (Off:0 Def:2),,,5.0,2743,Kris Humphries,1610612764.0,Washington,Wizards,WAS,0,0,,,,,,0,0,,,,,
0021500362,360,1,1,4,9:50 PM,9:13,,,Sessions 19' Jump Shot (10 PTS),69 - 87,18,5.0,201196,Ramon Sessions,1610612764.0,Washington,Wizards,WAS,0,0,,,,,,0,0,,,,,
0021500362,361,9,1,4,9:50 PM,9:11,GRIZZLIES Timeout: Regular (Full 4 Short 0),,,,,2.0,1610612763,,,,,,0,0,,,,,,0,0,,,,,
0021500362,365,2,79,4,9:53 PM,8:50,MISS Lee 21' Pullup Jump Shot,,,,,4.0,201584,Courtney Lee,1610612763.0,Memphis,Grizzlies,MEM,0,0,,,,,,0,0,,,,,
0021500362,366,4,0,4,9:53 PM,8:46,,,Oubre Jr. REBOUND (Off:0 Def:1),,,5.0,1626162,Kelly Oubre Jr.,1610612764.0,Washington,Wizards,WAS,0,0,,,,,,0,0,,,,,
0021500362,367,1,1,4,9:53 PM,8:32,,,Oubre Jr. 25' 3PT Jump Shot (3 PTS) (Sessions 2 AST),72 - 87,15,5.0,1626162,Kelly Oubre Jr.,1610612764.0,Washington,Wizards,WAS,5,201196,Ramon Sessions,1610612764.0,Washington,Wizards,WAS,0,0,,,,,
0021500362,368,6,2,4,9:53 PM,8:22,,,Blair S.FOUL (P2.T1) (B.Forte),,,5.0,201971,DeJuan Blair,1610612764.0,Washington,Wizards,WAS,4,201144,Mike Conley,1610612763.0,Memphis,Grizzlies,MEM,1,0,,,,,
0021500362,369,3,11,4,9:54 PM,8:22,Conley Free Throw 1 of 2 (13 PTS),,,72 - 88,16,4.0,201144,Mike Conley,1610612763.0,Memphis,Grizzlies,MEM,0,0,,,,,,0,0,,,,,
0021500362,371,3,12,4,9:54 PM,8:22,Conley Free Throw 2 of 2 (14 PTS),,,72 - 89,17,4.0,201144,Mike Conley,1610612763.0,Memphis,Grizzlies,MEM,0,0,,,,,,0,0,,,,,
0021500362,373,1,1,4,9:55 PM,8:07,,,Oubre Jr. 24' 3PT Jump Shot (6 PTS) (Humphries 2 AST),75 - 89,14,5.0,1626162,Kelly Oubre Jr.,1610612764.0,Washington,Wizards,WAS,5,2743,Kris Humphries,1610612764.0,Washington,Wizards,WAS,0,0,,,,,
0021500362,374,2,1,4,9:55 PM,7:53,MISS Green 4' Jump Shot,,Humphries BLOCK (1 BLK),,,4.0,201145,Jeff Green,1610612763.0,Memphis,Grizzlies,MEM,0,0,,,,,,5,2743,Kris Humphries,1610612764.0,Washington,Wizards,WAS
0021500362,375,4,0,4,9:55 PM,7:51,,,Oubre Jr. REBOUND (Off:0 Def:2),,,5.0,1626162,Kelly Oubre Jr.,1610612764.0,Washington,Wizards,WAS,0,0,,,,,,0,0,,,,,
0021500362,376,1,5,4,9:55 PM,7:45,,,Blair 1' Layup (6 PTS) (Sessions 3 AST),77 - 89,12,5.0,201971,DeJuan Blair,1610612764.0,Washington,Wizards,WAS,5,201196,Ramon Sessions,1610612764.0,Washington,Wizards,WAS,0,0,,,,,
0021500362,377,6,1,4,9:56 PM,7:28,,,Blair P.FOUL (P3.T2) (B.Nansel),,,5.0,201971,DeJuan Blair,1610612764.0,Washington,Wizards,WAS,4,201145,Jeff Green,1610612763.0,Memphis,Grizzlies,MEM,1,0,,,,,
0021500362,378,8,0,4,9:56 PM,7:28,SUB: Barnes FOR Green,,,,,4.0,203210,JaMychal Green,1610612763.0,Memphis,Grizzlies,MEM,4,2440,Matt Barnes,1610612763.0,Memphis,Grizzlies,MEM,0,0,,,,,
0021500362,379,6,2,4,9:56 PM,7:16,,,Oubre Jr. S.FOUL (P1.T3) (M.Davis),,,5.0,1626162,Kelly Oubre Jr.,1610612764.0,Washington,Wizards,WAS,4,201145,Jeff Green,1610612763.0,Memphis,Grizzlies,MEM,1,0,,,,,
0021500362,380,3,11,4,9:57 PM,7:16,MISS Green Free Throw 1 of 2,,,,,4.0,201145,Jeff Green,1610612763.0,Memphis,Grizzlies,MEM,0,0,,,,,,0,0,,,,,
0021500362,381,4,1,4,9:57 PM,7:16,GRIZZLIES Rebound,,,,,2.0,1610612763,,,,,,0,0,,,,,,0,0,,,,,
0021500362,382,3,12,4,9:57 PM,7:16,Green Free Throw 2 of 2 (11 PTS),,,77 - 90,13,4.0,201145,Jeff Green,1610612763.0,Memphis,Grizzlies,MEM,0,0,,,,,,0,0,,,,,
0021500362,384,1,1,4,9:57 PM,7:04,,,Neal 20' Jump Shot (19 PTS),79 - 90,11,5.0,202390,Gary Neal,1610612764.0,Washington,Wizards,WAS,0,0,,,,,,0,0,,,,,
0021500362,385,2,1,4,9:58 PM,6:42,MISS Gasol 8' Jump Shot,,,,,4.0,201188,Marc Gasol,1610612763.0,Memphis,Grizzlies,MEM,0,0,,,,,,0,0,,,,,
0021500362,386,4,0,4,9:58 PM,6:40,,,Oubre Jr. REBOUND (Off:0 Def:3),,,5.0,1626162,Kelly Oubre Jr.,1610612764.0,Washington,Wizards,WAS,0,0,,,,,,0,0,,,,,
0021500362,387,2,1,4,9:58 PM,6:30,,,MISS Oubre Jr. 8' Jump Shot,,,5.0,1626162,Kelly Oubre Jr.,1610612764.0,Washington,Wizards,WAS,0,0,,,,,,0,0,,,,,
0021500362,388,4,0,4,9:58 PM,6:28,Green REBOUND (Off:0 Def:4),,,,,4.0,201145,Jeff Green,1610612763.0,Memphis,Grizzlies,MEM,0,0,,,,,,0,0,,,,,
0021500362,389,6,2,4,9:58 PM,6:23,,,Oubre Jr. S.FOUL (P2.T4) (M.Davis),,,5.0,1626162,Kelly Oubre Jr.,1610612764.0,Washington,Wizards,WAS,4,201145,Jeff Green,1610612763.0,Memphis,Grizzlies,MEM,1,0,,,,,
0021500362,390,3,11,4,9:58 PM,6:23,Green Free Throw 1 of 2 (12 PTS),,,79 - 91,12,4.0,201145,Jeff Green,1610612763.0,Memphis,Grizzlies,MEM,0,0,,,,,,0,0,,,,,
0021500362,392,3,12,4,9:59 PM,6:23,Green Free Throw 2 of 2 (13 PTS),,,79 - 92,13,4.0,201145,Jeff Green,1610612763.0,Memphis,Grizzlies,MEM,0,0,,,,,,0,0,,,,,
0021500362,394,2,1,4,9:59 PM,6:03,,,MISS Neal 15' Jump Shot,,,5.0,202390,Gary Neal,1610612764.0,Washington,Wizards,WAS,0,0,,,,,,0,0,,,,,
0021500362,396,4,0,4,9:59 PM,6:01,,,Humphries REBOUND (Off:1 Def:2),,,5.0,2743,Kris Humphries,1610612764.0,Washington,Wizards,WAS,0,0,,,,,,0,0,,,,,
0021500362,395,1,97,4,9:59 PM,6:01,,,Humphries 2' Tip Layup Shot (4 PTS),81 - 92,11,5.0,2743,Kris Humphries,1610612764.0,Washington,Wizards,WAS,0,0,,,,,,0,0,,,,,
0021500362,397,1,1,4,9:59 PM,5:47,Conley 12' Jump Shot (16 PTS),,,81 - 94,13,4.0,201144,Mike Conley,1610612763.0,Memphis,Grizzlies,MEM,0,0,,,,,,0,0,,,,,
0021500362,398,2,1,4,10:00 PM,5:34,,,MISS Humphries 7' Jump Shot,,,5.0,2743,Kris Humphries,1610612764.0,Washington,Wizards,WAS,0,0,,,,,,0,0,,,,,
0021500362,399,4,0,4,10:00 PM,5:33,Gasol REBOUND (Off:0 Def:9),,,,,4.0,201188,Marc Gasol,1610612763.0,Memphis,Grizzlies,MEM,0,0,,,,,,0,0,,,,,
0021500362,400,1,1,4,10:00 PM,5:21,Barnes 24' 3PT Jump Shot (18 PTS) (Conley 11 AST),,,81 - 97,16,4.0,2440,Matt Barnes,1610612763.0,Memphis,Grizzlies,MEM,4,201144,Mike Conley,1610612763.0,Memphis,Grizzlies,MEM,0,0,,,,,
0021500362,401,9,1,4,10:00 PM,5:20,,,Wizards Timeout: Regular (Reg.4 Short 1),,,3.0,1610612764,,,,,,0,0,,,,,,0,0,,,,,
0021500362,406,6,2,4,10:03 PM,5:12,Gasol S.FOUL (P4.T3) (M.Davis),,,,,4.0,201188,Marc Gasol,1610612763.0,Memphis,Grizzlies,MEM,5,202390,Gary Neal,1610612764.0,Washington,Wizards,WAS,1,0,,,,,
0021500362,407,3,11,4,10:03 PM,5:12,,,Neal Free Throw 1 of 2 (20 PTS),82 - 97,15,5.0,202390,Gary Neal,1610612764.0,Washington,Wizards,WAS,0,0,,,,,,0,0,,,,,
0021500362,409,3,12,4,10:03 PM,5:12,,,Neal Free Throw 2 of 2 (21 PTS),83 - 97,14,5.0,202390,Gary Neal,1610612764.0,Washington,Wizards,WAS,0,0,,,,,,0,0,,,,,
0021500362,411,6,2,4,10:04 PM,4:58,,,Blair S.FOUL (P4.PN) (B.Forte),,,5.0,201971,DeJuan Blair,1610612764.0,Washington,Wizards,WAS,4,201188,Marc Gasol,1610612763.0,Memphis,Grizzlies,MEM,1,0,,,,,
0021500362,412,3,11,4,10:04 PM,4:58,Gasol Free Throw 1 of 2 (19 PTS),,,83 - 98,15,4.0,201188,Marc Gasol,1610612763.0,Memphis,Grizzlies,MEM,0,0,,,,,,0,0,,,,,
0021500362,414,3,12,4,10:04 PM,4:58,Gasol Free Throw 2 of 2 (20 PTS),,,83 - 99,16,4.0,201188,Marc Gasol,1610612763.0,Memphis,Grizzlies,MEM,0,0,,,,,,0,0,,,,,
0021500362,416,2,1,4,10:05 PM,4:35,,,MISS Sessions 25' 3PT Jump Shot,,,5.0,201196,Ramon Sessions,1610612764.0,Washington,Wizards,WAS,0,0,,,,,,0,0,,,,,
0021500362,417,4,0,4,10:05 PM,4:34,Gasol REBOUND (Off:0 Def:10),,,,,4.0,201188,Marc Gasol,1610612763.0,Memphis,Grizzlies,MEM,0,0,,,,,,0,0,,,,,
0021500362,418,6,1,4,10:05 PM,4:33,,,Humphries P.FOUL (P2.PN) (M.Davis),,,5.0,2743,Kris Humphries,1610612764.0,Washington,Wizards,WAS,4,201188,Marc Gasol,1610612763.0,Memphis,Grizzlies,MEM,1,0,,,,,
0021500362,419,3,11,4,10:05 PM,4:33,Gasol Free Throw 1 of 2 (21 PTS),,,83 - 100,17,4.0,201188,Marc Gasol,1610612763.0,Memphis,Grizzlies,MEM,0,0,,,,,,0,0,,,,,
0021500362,421,3,12,4,10:06 PM,4:33,Gasol Free Throw 2 of 2 (22 PTS),,,83 - 101,18,4.0,201188,Marc Gasol,1610612763.0,Memphis,Grizzlies,MEM,0,0,,,,,,0,0,,,,,
0021500362,423,2,1,4,10:06 PM,4:20,,,MISS Humphries 26' 3PT Jump Shot,,,5.0,2743,Kris Humphries,1610612764.0,Washington,Wizards,WAS,0,0,,,,,,0,0,,,,,
0021500362,424,4,0,4,10:06 PM,4:18,,,Neal REBOUND (Off:1 Def:1),,,5.0,202390,Gary Neal,1610612764.0,Washington,Wizards,WAS,0,0,,,,,,0,0,,,,,
0021500362,425,1,46,4,10:06 PM,4:13,,,Sessions 5' Running Jump Shot (12 PTS),85 - 101,16,5.0,201196,Ramon Sessions,1610612764.0,Washington,Wizards,WAS,0,0,,,,,,0,0,,,,,
0021500362,426,1,48,4,10:06 PM,4:06,Green  Dunk (15 PTS) (Barnes 2 AST),,,85 - 103,18,4.0,201145,Jeff Green,1610612763.0,Memphis,Grizzlies,MEM,4,2440,Matt Barnes,1610612763.0,Memphis,Grizzlies,MEM,0,0,,,,,
0021500362,427,1,79,4,10:07 PM,3:54,,,Neal 27' 3PT Pullup Jump Shot (24 PTS),88 - 103,15,5.0,202390,Gary Neal,1610612764.0,Washington,Wizards,WAS,0,0,,,,,,0,0,,,,,
0021500362,428,5,1,4,10:07 PM,3:36,Barnes Bad Pass Turnover (P3.T16),,Neal STEAL (1 STL),,,4.0,2440,Matt Barnes,1610612763.0,Memphis,Grizzlies,MEM,5,202390,Gary Neal,1610612764.0,Washington,Wizards,WAS,0,0,,,,,
0021500362,429,2,5,4,10:07 PM,3:30,,,MISS Sessions 2' Layup,,,5.0,201196,Ramon Sessions,1610612764.0,Washington,Wizards,WAS,0,0,,,,,,0,0,,,,,
0021500362,453,4,0,4,10:07 PM,3:30,,,Humphries REBOUND (Off:2 Def:2),,,5.0,2743,Kris Humphries,1610612764.0,Washington,Wizards,WAS,0,0,,,,,,0,0,,,,,
0021500362,454,2,97,4,10:07 PM,3:30,,,MISS Humphries 1' Tip Layup Shot,,,5.0,2743,Kris Humphries,1610612764.0,Washington,Wizards,WAS,0,0,,,,,,0,0,,,,,
0021500362,430,4,0,4,10:07 PM,3:29,,,Humphries REBOUND (Off:3 Def:2),,,5.0,2743,Kris Humphries,1610612764.0,Washington,Wizards,WAS,0,0,,,,,,0,0,,,,,
0021500362,431,6,2,4,10:07 PM,3:29,Green S.FOUL (P3.T4) (B.Forte),,,,,4.0,201145,Jeff Green,1610612763.0,Memphis,Grizzlies,MEM,5,2743,Kris Humphries,1610612764.0,Washington,Wizards,WAS,1,0,,,,,
0021500362,432,3,11,4,10:07 PM,3:29,,,MISS Humphries Free Throw 1 of 2,,,5.0,2743,Kris Humphries,1610612764.0,Washington,Wizards,WAS,0,0,,,,,,0,0,,,,,
0021500362,433,4,1,4,10:07 PM,3:29,,,Wizards Rebound,,,3.0,1610612764,,,,,,0,0,,,,,,0,0,,,,,
0021500362,436,3,12,4,10:08 PM,3:29,,,Humphries Free Throw 2 of 2 (5 PTS),89 - 103,14,5.0,2743,Kris Humphries,1610612764.0,Washington,Wizards,WAS,0,0,,,,,,0,0,,,,,
0021500362,438,2,1,4,10:09 PM,3:07,MISS Lee 25' 3PT Jump Shot,,,,,4.0,201584,Courtney Lee,1610612763.0,Memphis,Grizzlies,MEM,0,0,,,,,,0,0,,,,,
0021500362,439,4,0,4,10:09 PM,3:05,Green REBOUND (Off:1 Def:4),,,,,4.0,201145,Jeff Green,1610612763.0,Memphis,Grizzlies,MEM,0,0,,,,,,0,0,,,,,
0021500362,440,1,42,4,10:09 PM,2:50,Conley 2' Driving Layup (18 PTS),,,89 - 105,16,4.0,201144,Mike Conley,1610612763.0,Memphis,Grizzlies,MEM,0,0,,,,,,0,0,,,,,
0021500362,441,2,1,4,10:09 PM,2:40,,,MISS Blair 14' Jump Shot,,,5.0,201971,DeJuan Blair,1610612764.0,Washington,Wizards,WAS,0,0,,,,,,0,0,,,,,
0021500362,442,4,0,4,10:09 PM,2:37,Barnes REBOUND (Off:1 Def:5),,,,,4.0,2440,Matt Barnes,1610612763.0,Memphis,Grizzlies,MEM,0,0,,,,,,0,0,,,,,
0021500362,443,2,1,4,10:10 PM,2:22,MISS Conley 22' Jump Shot,,,,,4.0,201144,Mike Conley,1610612763.0,Memphis,Grizzlies,MEM,0,0,,,,,,0,0,,,,,
0021500362,444,4,0,4,10:10 PM,2:20,Green REBOUND (Off:2 Def:4),,,,,4.0,201145,Jeff Green,1610612763.0,Memphis,Grizzlies,MEM,0,0,,,,,,0,0,,,,,
0021500362,445,2,5,4,10:10 PM,2:18,MISS Green 1' Layup,,,,,4.0,201145,Jeff Green,1610612763.0,Memphis,Grizzlies,MEM,0,0,,,,,,0,0,,,,,
0021500362,446,4,0,4,10:10 PM,2:16,,,Oubre Jr. REBOUND (Off:0 Def:4),,,5.0,1626162,Kelly Oubre Jr.,1610612764.0,Washington,Wizards,WAS,0,0,,,,,,0,0,,,,,
0021500362,447,2,1,4,10:10 PM,2:07,Gasol BLOCK (3 BLK),,MISS Oubre Jr. 6' Jump Shot,,,5.0,1626162,Kelly Oubre Jr.,1610612764.0,Washington,Wizards,WAS,0,0,,,,,,4,201188,Marc Gasol,1610612763.0,Memphis,Grizzlies,MEM
0021500362,448,4,0,4,10:10 PM,2:05,Conley REBOUND (Off:1 Def:3),,,,,4.0,201144,Mike Conley,1610612763.0,Memphis,Grizzlies,MEM,0,0,,,,,,0,0,,,,,
0021500362,449,1,71,4,10:10 PM,2:01,Barnes 3' Finger Roll Layup (20 PTS),,,89 - 107,18,4.0,2440,Matt Barnes,1610612763.0,Memphis,Grizzlies,MEM,0,0,,,,,,0,0,,,,,
0021500362,451,9,1,4,10:10 PM,2:01,,,Wizards Timeout: Regular (Reg.5 Short 1),,,3.0,1610612764,,,,,,0,0,,,,,,0,0,,,,,
0021500362,455,8,0,4,10:12 PM,2:01,,,SUB: Temple FOR Neal,,,5.0,202390,Gary Neal,1610612764.0,Washington,Wizards,WAS,5,202066,Garrett Temple,1610612764.0,Washington,Wizards,WAS,0,0,,,,,
0021500362,458,2,1,4,10:13 PM,1:48,,,MISS Oubre Jr. 24' 3PT Jump Shot,,,5.0,1626162,Kelly Oubre Jr.,1610612764.0,Washington,Wizards,WAS,0,0,,,,,,0,0,,,,,
0021500362,459,4,0,4,10:13 PM,1:46,Gasol REBOUND (Off:0 Def:11),,,,,4.0,201188,Marc Gasol,1610612763.0,Memphis,Grizzlies,MEM,0,0,,,,,,0,0,,,,,
0021500362,460,2,1,4,10:14 PM,1:25,MISS Barnes 25' 3PT Jump Shot,,,,,4.0,2440,Matt Barnes,1610612763.0,Memphis,Grizzlies,MEM,0,0,,,,,,0,0,,,,,
0021500362,461,4,0,4,10:14 PM,1:24,Gasol REBOUND (Off:1 Def:11),,,,,4.0,201188,Marc Gasol,1610612763.0,Memphis,Grizzlies,MEM,0,0,,,,,,0,0,,,,,
0021500362,462,6,1,4,10:14 PM,1:24,,,Blair P.FOUL (P5.PN) (M.Davis),,,5.0,201971,DeJuan Blair,1610612764.0,Washington,Wizards,WAS,4,201188,Marc Gasol,1610612763.0,Memphis,Grizzlies,MEM,1,0,,,,,
0021500362,463,3,11,4,10:14 PM,1:24,Gasol Free Throw 1 of 2 (23 PTS),,,89 - 108,19,4.0,201188,Marc Gasol,1610612763.0,Memphis,Grizzlies,MEM,0,0,,,,,,0,0,,,,,
0021500362,465,8,0,4,10:14 PM,1:24,SUB: Smith FOR Conley,,,,,4.0,201144,Mike Conley,1610612763.0,Memphis,Grizzlies,MEM,4,203893,Russ Smith,1610612763.0,Memphis,Grizzlies,MEM,0,0,,,,,
0021500362,466,3,12,4,10:14 PM,1:24,Gasol Free Throw 2 of 2 (24 PTS),,,89 - 109,20,4.0,201188,Marc Gasol,1610612763.0,Memphis,Grizzlies,MEM,0,0,,,,,,0,0,,,,,
0021500362,468,5,1,4,10:15 PM,1:14,Barnes STEAL (2 STL),,Sessions Bad Pass Turnover (P3.T14),,,5.0,201196,Ramon Sessions,1610612764.0,Washington,Wizards,WAS,4,2440,Matt Barnes,1610612763.0,Memphis,Grizzlies,MEM,0,0,,,,,
0021500362,469,5,1,4,10:15 PM,1:10,Barnes Bad Pass Turnover (P4.T17),,Oubre Jr. STEAL (2 STL),,,4.0,2440,Matt Barnes,1610612763.0,Memphis,Grizzlies,MEM,5,1626162,Kelly Oubre Jr.,1610612764.0,Washington,Wizards,WAS,0,0,,,,,
0021500362,470,1,5,4,10:15 PM,1:06,,,Sessions 2' Layup (14 PTS) (Oubre Jr. 1 AST),91 - 109,18,5.0,201196,Ramon Sessions,1610612764.0,Washington,Wizards,WAS,5,1626162,Kelly Oubre Jr.,1610612764.0,Washington,Wizards,WAS,0,0,,,,,
0021500362,471,1,1,4,10:15 PM,0:47,Lee 24' 3PT Jump Shot (15 PTS) (Smith 1 AST),,,91 - 112,21,4.0,201584,Courtney Lee,1610612763.0,Memphis,Grizzlies,MEM,4,203893,Russ Smith,1610612763.0,Memphis,Grizzlies,MEM,0,0,,,,,
0021500362,472,6,1,4,10:15 PM,0:40,Barnes P.FOUL (P3.PN) (B.Nansel),,,,,4.0,2440,Matt Barnes,1610612763.0,Memphis,Grizzlies,MEM,5,202066,Garrett Temple,1610612764.0,Washington,Wizards,WAS,1,0,,,,,
0021500362,473,3,11,4,10:16 PM,0:40,,,Temple Free Throw 1 of 2 (5 PTS),92 - 112,20,5.0,202066,Garrett Temple,1610612764.0,Washington,Wizards,WAS,0,0,,,,,,0,0,,,,,
0021500362,475,8,0,4,10:16 PM,0:40,SUB: Green FOR Gasol,,,,,4.0,201188,Marc Gasol,1610612763.0,Memphis,Grizzlies,MEM,4,203210,JaMychal Green,1610612763.0,Memphis,Grizzlies,MEM,0,0,,,,,
0021500362,476,3,12,4,10:16 PM,0:40,,,Temple Free Throw 2 of 2 (6 PTS),93 - 112,19,5.0,202066,Garrett Temple,1610612764.0,Washington,Wizards,WAS,0,0,,,,,,0,0,,,,,
0021500362,478,2,1,4,10:16 PM,0:20,MISS Green 19' Jump Shot,,,,,4.0,203210,JaMychal Green,1610612763.0,Memphis,Grizzlies,MEM,0,0,,,,,,0,0,,,,,
0021500362,479,4,0,4,10:16 PM,0:18,,,Blair REBOUND (Off:1 Def:3),,,5.0,201971,DeJuan Blair,1610612764.0,Washington,Wizards,WAS,0,0,,,,,,0,0,,,,,
0021500362,480,1,42,4,10:17 PM,0:07,,,Oubre Jr. 1' Driving Layup (8 PTS),95 - 112,17,5.0,1626162,Kelly Oubre Jr.,1610612764.0,Washington,Wizards,WAS,0,0,,,,,,0,0,,,,,
0021500362,481,13,0,4,10:17 PM,0:00,,,,95 - 112,17,0.0,0,,,,,,0,0,,,,,,0,0,,,,,
