GAME_ID,EVENTNUM,EVENTMSGTYPE,EVENTMSGACTIONTYPE,PERIOD,WCTIMESTRING,PCTIMESTRING,HOMEDESCRIPTION,NEUTRALDESCRIPTION,VISITORDESCRIPTION,SCORE,SCOREMARGIN,PERSON1TYPE,PLAYER1_ID,PLAYER1_NAME,PLAYER1_TEAM_ID,PLAYER1_TEAM_CITY,PLAYER1_TEAM_NICKNAME,PLAYER1_TEAM_ABBREVIATION,PERSON2TYPE,PLAYER2_ID,PLAYER2_NAME,PLAYER2_TEAM_ID,PLAYER2_TEAM_CITY,PLAYER2_TEAM_NICKNAME,PLAYER2_TEAM_ABBREVIATION,PERSON3TYPE,PLAYER3_ID,PLAYER3_NAME,PLAYER3_TEAM_ID,PLAYER3_TEAM_CITY,PLAYER3_TEAM_NICKNAME,PLAYER3_TEAM_ABBREVIATION
0021500266,0,12,0,1,8:11 PM,12:00,,,,,,0,0,,,,,,0,0,,,,,,0,0,,,,,
0021500266,1,10,0,1,8:11 PM,12:00,Jump Ball Davis vs. Gasol: Tip to Allen,,,,,4,203076,Anthony Davis,1610612740.0,New Orleans,Pelicans,NOP,5,201188,Marc Gasol,1610612763.0,Memphis,Grizzlies,MEM,5,2754,Tony Allen,1610612763.0,Memphis,Grizzlies,MEM
0021500266,2,2,3,1,8:11 PM,11:39,,,MISS Green 7' Hook Shot,,,5,201145,Jeff Green,1610612763.0,Memphis,Grizzlies,MEM,0,0,,,,,,0,0,,,,,
0021500266,3,4,0,1,8:11 PM,11:39,PELICANS Rebound,,,,,2,1610612740,,,,,,0,0,,,,,,0,0,,,,,
0021500266,4,1,1,1,8:12 PM,11:19,Holiday 25' 3PT Jump Shot (3 PTS) (Davis 1 AST),,,0 - 3,3,4,201950,Jrue Holiday,1610612740.0,New Orleans,Pelicans,NOP,4,203076,Anthony Davis,1610612740.0,New Orleans,Pelicans,NOP,0,0,,,,,
0021500266,5,1,1,1,8:12 PM,11:01,,,Gasol 17' Jump Shot (2 PTS) (Allen 1 AST),2 - 3,1,5,201188,Marc Gasol,1610612763.0,Memphis,Grizzlies,MEM,5,2754,Tony Allen,1610612763.0,Memphis,Grizzlies,MEM,0,0,,,,,
0021500266,6,2,1,1,8:13 PM,10:38,MISS Davis 16' Jump Shot,,,,,4,203076,Anthony Davis,1610612740.0,New Orleans,Pelicans,NOP,0,0,,,,,,0,0,,,,,
0021500266,7,4,0,1,8:13 PM,10:36,,,Conley REBOUND (Off:0 Def:1),,,5,201144,Mike Conley,1610612763.0,Memphis,Grizzlies,MEM,0,0,,,,,,0,0,,,,,
0021500266,8,5,1,1,8:13 PM,10:31,Holiday STEAL (1 STL),,Conley Bad Pass Turnover (P1.T1),,,5,201144,Mike Conley,1610612763.0,Memphis,Grizzlies,MEM,4,201950,Jrue Holiday,1610612740.0,New Orleans,Pelicans,NOP,0,0,,,,,
0021500266,9,1,5,1,8:13 PM,10:25,Gee 2' Layup (2 PTS) (Evans 1 AST),,,2 - 5,3,4,202087,Alonzo Gee,1610612740.0,New Orleans,Pelicans,NOP,4,201936,Tyreke Evans,1610612740.0,New Orleans,Pelicans,NOP,0,0,,,,,
0021500266,10,2,1,1,8:13 PM,10:07,,,MISS Gasol 5' Jump Shot,,,5,201188,Marc Gasol,1610612763.0,Memphis,Grizzlies,MEM,0,0,,,,,,0,0,,,,,
0021500266,11,4,0,1,8:13 PM,10:07,PELICANS Rebound,,,,,2,1610612740,,,,,,0,0,,,,,,0,0,,,,,
0021500266,12,1,1,1,8:13 PM,9:58,Evans 24' 3PT Jump Shot (3 PTS),,,2 - 8,6,4,201936,Tyreke Evans,1610612740.0,New Orleans,Pelicans,NOP,0,0,,,,,,0,0,,,,,
0021500266,13,1,1,1,8:14 PM,9:30,,,Conley 24' 3PT Jump Shot (3 PTS),5 - 8,3,5,201144,Mike Conley,1610612763.0,Memphis,Grizzlies,MEM,0,0,,,,,,0,0,,,,,
0021500266,14,1,1,1,8:14 PM,9:15,Ajinca 16' Jump Shot (2 PTS) (Evans 2 AST),,,5 - 10,5,4,201582,Alexis Ajinca,1610612740.0,New Orleans,Pelicans,NOP,4,201936,Tyreke Evans,1610612740.0,New Orleans,Pelicans,NOP,0,0,,,,,
0021500266,15,1,1,1,8:14 PM,9:02,,,Randolph 17' Jump Shot (2 PTS),7 - 10,3,5,2216,Zach Randolph,1610612763.0,Memphis,Grizzlies,MEM,0,0,,,,,,0,0,,,,,
0021500266,16,1,66,1,8:14 PM,8:56,Holiday 6' Jump Bank Shot (5 PTS),,,7 - 12,5,4,201950,Jrue Holiday,1610612740.0,New Orleans,Pelicans,NOP,0,0,,,,,,0,0,,,,,
0021500266,17,2,1,1,8:15 PM,8:42,,,MISS Allen 21' Jump Shot,,,5,2754,Tony Allen,1610612763.0,Memphis,Grizzlies,MEM,0,0,,,,,,0,0,,,,,
0021500266,18,4,0,1,8:15 PM,8:42,Evans REBOUND (Off:0 Def:1),,,,,4,201936,Tyreke Evans,1610612740.0,New Orleans,Pelicans,NOP,0,0,,,,,,0,0,,,,,
0021500266,19,10,0,1,8:15 PM,8:28,Jump Ball Evans vs. Randolph: Tip to Holiday,,,,,4,201936,Tyreke Evans,1610612740.0,New Orleans,Pelicans,NOP,5,2216,Zach Randolph,1610612763.0,Memphis,Grizzlies,MEM,4,201950,Jrue Holiday,1610612740.0,New Orleans,Pelicans,NOP
0021500266,21,1,49,1,8:15 PM,8:20,Gee  Driving Dunk (4 PTS) (Holiday 1 AST),,,7 - 14,7,4,202087,Alonzo Gee,1610612740.0,New Orleans,Pelicans,NOP,4,201950,Jrue Holiday,1610612740.0,New Orleans,Pelicans,NOP,0,0,,,,,
0021500266,22,6,2,1,8:16 PM,8:00,Ajinca S.FOUL (P1.T1) (E.Malloy),,,,,4,201582,Alexis Ajinca,1610612740.0,New Orleans,Pelicans,NOP,5,201188,Marc Gasol,1610612763.0,Memphis,Grizzlies,MEM,1,0,,,,,
0021500266,23,3,11,1,8:16 PM,8:00,,,Gasol Free Throw 1 of 2 (3 PTS),8 - 14,6,5,201188,Marc Gasol,1610612763.0,Memphis,Grizzlies,MEM,0,0,,,,,,0,0,,,,,
0021500266,25,3,12,1,8:16 PM,8:00,,,Gasol Free Throw 2 of 2 (4 PTS),9 - 14,5,5,201188,Marc Gasol,1610612763.0,Memphis,Grizzlies,MEM,0,0,,,,,,0,0,,,,,
0021500266,27,2,5,1,8:17 PM,7:41,MISS Davis 3' Layup,,,,,4,203076,Anthony Davis,1610612740.0,New Orleans,Pelicans,NOP,0,0,,,,,,0,0,,,,,
0021500266,29,4,0,1,8:17 PM,7:40,Ajinca REBOUND (Off:1 Def:0),,,,,4,201582,Alexis Ajinca,1610612740.0,New Orleans,Pelicans,NOP,0,0,,,,,,0,0,,,,,
0021500266,28,1,97,1,8:17 PM,7:40,Ajinca 2' Tip Layup Shot (4 PTS),,,9 - 16,7,4,201582,Alexis Ajinca,1610612740.0,New Orleans,Pelicans,NOP,0,0,,,,,,0,0,,,,,
0021500266,30,6,2,1,8:17 PM,7:23,Ajinca S.FOUL (P2.T2) (J.Williams),,,,,4,201582,Alexis Ajinca,1610612740.0,New Orleans,Pelicans,NOP,5,201188,Marc Gasol,1610612763.0,Memphis,Grizzlies,MEM,1,0,,,,,
0021500266,31,3,11,1,8:18 PM,7:23,,,Gasol Free Throw 1 of 2 (5 PTS),10 - 16,6,5,201188,Marc Gasol,1610612763.0,Memphis,Grizzlies,MEM,0,0,,,,,,0,0,,,,,
0021500266,33,8,0,1,8:18 PM,7:23,SUB: Anderson FOR Ajinca,,,,,4,201582,Alexis Ajinca,1610612740.0,New Orleans,Pelicans,NOP,4,201583,Ryan Anderson,1610612740.0,New Orleans,Pelicans,NOP,0,0,,,,,
0021500266,34,3,12,1,8:18 PM,7:23,,,Gasol Free Throw 2 of 2 (6 PTS),11 - 16,5,5,201188,Marc Gasol,1610612763.0,Memphis,Grizzlies,MEM,0,0,,,,,,0,0,,,,,
0021500266,37,1,42,1,8:18 PM,7:10,Evans 2' Driving Layup (5 PTS),,,11 - 18,7,4,201936,Tyreke Evans,1610612740.0,New Orleans,Pelicans,NOP,0,0,,,,,,0,0,,,,,
0021500266,38,9,1,1,8:19 PM,7:01,,,Grizzlies Timeout: Regular (Reg.1 Short 0),,,3,1610612763,,,,,,0,0,,,,,,0,0,,,,,
0021500266,39,2,1,1,8:21 PM,6:46,,,MISS Conley 24' 3PT Jump Shot,,,5,201144,Mike Conley,1610612763.0,Memphis,Grizzlies,MEM,0,0,,,,,,0,0,,,,,
0021500266,40,4,0,1,8:21 PM,6:45,Davis REBOUND (Off:0 Def:1),,,,,4,203076,Anthony Davis,1610612740.0,New Orleans,Pelicans,NOP,0,0,,,,,,0,0,,,,,
0021500266,41,2,1,1,8:22 PM,6:29,MISS Davis 14' Jump Shot,,,,,4,203076,Anthony Davis,1610612740.0,New Orleans,Pelicans,NOP,0,0,,,,,,0,0,,,,,
0021500266,42,4,0,1,8:22 PM,6:28,,,Green REBOUND (Off:0 Def:1),,,5,201145,Jeff Green,1610612763.0,Memphis,Grizzlies,MEM,0,0,,,,,,0,0,,,,,
0021500266,43,1,42,1,8:22 PM,6:17,,,Green 1' Driving Layup (2 PTS),13 - 18,5,5,201145,Jeff Green,1610612763.0,Memphis,Grizzlies,MEM,0,0,,,,,,0,0,,,,,
0021500266,44,6,2,1,8:22 PM,6:07,,,Allen S.FOUL (P1.T1) (J.Williams),,,5,2754,Tony Allen,1610612763.0,Memphis,Grizzlies,MEM,4,201936,Tyreke Evans,1610612740.0,New Orleans,Pelicans,NOP,1,0,,,,,
0021500266,45,3,11,1,8:22 PM,6:07,Evans Free Throw 1 of 2 (6 PTS),,,13 - 19,6,4,201936,Tyreke Evans,1610612740.0,New Orleans,Pelicans,NOP,0,0,,,,,,0,0,,,,,
0021500266,47,8,0,1,8:22 PM,6:07,,,SUB: Lee FOR Allen,,,5,2754,Tony Allen,1610612763.0,Memphis,Grizzlies,MEM,5,201584,Courtney Lee,1610612763.0,Memphis,Grizzlies,MEM,0,0,,,,,
0021500266,48,8,0,1,8:22 PM,6:07,,,SUB: Barnes FOR Gasol,,,5,201188,Marc Gasol,1610612763.0,Memphis,Grizzlies,MEM,5,2440,Matt Barnes,1610612763.0,Memphis,Grizzlies,MEM,0,0,,,,,
0021500266,49,3,12,1,8:23 PM,6:07,Evans Free Throw 2 of 2 (7 PTS),,,13 - 20,7,4,201936,Tyreke Evans,1610612740.0,New Orleans,Pelicans,NOP,0,0,,,,,,0,0,,,,,
0021500266,52,2,1,1,8:23 PM,5:51,,,MISS Conley 16' Jump Shot,,,5,201144,Mike Conley,1610612763.0,Memphis,Grizzlies,MEM,0,0,,,,,,0,0,,,,,
0021500266,53,4,0,1,8:23 PM,5:51,Davis REBOUND (Off:0 Def:2),,,,,4,203076,Anthony Davis,1610612740.0,New Orleans,Pelicans,NOP,0,0,,,,,,0,0,,,,,
0021500266,54,6,1,1,8:23 PM,5:51,,,Randolph P.FOUL (P1.T2) (J.Williams),,,5,2216,Zach Randolph,1610612763.0,Memphis,Grizzlies,MEM,4,203076,Anthony Davis,1610612740.0,New Orleans,Pelicans,NOP,1,0,,,,,
0021500266,55,8,0,1,8:23 PM,5:51,SUB: Gordon FOR Evans,,,,,4,201936,Tyreke Evans,1610612740.0,New Orleans,Pelicans,NOP,4,201569,Eric Gordon,1610612740.0,New Orleans,Pelicans,NOP,0,0,,,,,
0021500266,56,1,5,1,8:24 PM,5:33,Holiday 1' Layup (7 PTS) (Davis 2 AST),,,13 - 22,9,4,201950,Jrue Holiday,1610612740.0,New Orleans,Pelicans,NOP,4,203076,Anthony Davis,1610612740.0,New Orleans,Pelicans,NOP,0,0,,,,,
0021500266,57,1,66,1,8:24 PM,5:16,,,Randolph 5' Jump Bank Shot (4 PTS),15 - 22,7,5,2216,Zach Randolph,1610612763.0,Memphis,Grizzlies,MEM,0,0,,,,,,0,0,,,,,
0021500266,58,6,1,1,8:24 PM,5:13,,,Green P.FOUL (P1.T3) (M.Ervin),,,5,201145,Jeff Green,1610612763.0,Memphis,Grizzlies,MEM,4,203076,Anthony Davis,1610612740.0,New Orleans,Pelicans,NOP,1,0,,,,,
0021500266,59,1,98,1,8:25 PM,5:08,Gordon 2' Cutting Layup Shot (2 PTS) (Holiday 2 AST),,,15 - 24,9,4,201569,Eric Gordon,1610612740.0,New Orleans,Pelicans,NOP,4,201950,Jrue Holiday,1610612740.0,New Orleans,Pelicans,NOP,0,0,,,,,
0021500266,60,6,1,1,8:25 PM,5:01,Anderson P.FOUL (P1.T3) (M.Ervin),,,,,4,201583,Ryan Anderson,1610612740.0,New Orleans,Pelicans,NOP,5,2216,Zach Randolph,1610612763.0,Memphis,Grizzlies,MEM,1,0,,,,,
0021500266,61,8,0,1,8:25 PM,5:01,,,SUB: Chalmers FOR Conley,,,5,201144,Mike Conley,1610612763.0,Memphis,Grizzlies,MEM,5,201596,Mario Chalmers,1610612763.0,Memphis,Grizzlies,MEM,0,0,,,,,
0021500266,62,8,0,1,8:25 PM,5:01,SUB: Cole FOR Holiday,,,,,4,201950,Jrue Holiday,1610612740.0,New Orleans,Pelicans,NOP,4,202708,Norris Cole,1610612740.0,New Orleans,Pelicans,NOP,0,0,,,,,
0021500266,64,2,1,1,8:25 PM,4:50,,,MISS Randolph 15' Jump Shot,,,5,2216,Zach Randolph,1610612763.0,Memphis,Grizzlies,MEM,0,0,,,,,,0,0,,,,,
0021500266,65,4,0,1,8:25 PM,4:49,,,Randolph REBOUND (Off:1 Def:0),,,5,2216,Zach Randolph,1610612763.0,Memphis,Grizzlies,MEM,0,0,,,,,,0,0,,,,,
0021500266,66,1,5,1,8:25 PM,4:47,,,Randolph 3' Layup (6 PTS),17 - 24,7,5,2216,Zach Randolph,1610612763.0,Memphis,Grizzlies,MEM,0,0,,,,,,0,0,,,,,
0021500266,67,2,1,1,8:26 PM,4:23,MISS Cole 18' Jump Shot,,,,,4,202708,Norris Cole,1610612740.0,New Orleans,Pelicans,NOP,0,0,,,,,,0,0,,,,,
0021500266,68,4,0,1,8:26 PM,4:22,,,Randolph REBOUND (Off:1 Def:1),,,5,2216,Zach Randolph,1610612763.0,Memphis,Grizzlies,MEM,0,0,,,,,,0,0,,,,,
0021500266,69,1,98,1,8:26 PM,4:12,,,Green 1' Cutting Layup Shot (4 PTS) (Barnes 1 AST),19 - 24,5,5,201145,Jeff Green,1610612763.0,Memphis,Grizzlies,MEM,5,2440,Matt Barnes,1610612763.0,Memphis,Grizzlies,MEM,0,0,,,,,
0021500266,70,1,108,1,8:26 PM,3:51,Gee  Cutting Dunk Shot (6 PTS) (Cole 1 AST),,,19 - 26,7,4,202087,Alonzo Gee,1610612740.0,New Orleans,Pelicans,NOP,4,202708,Norris Cole,1610612740.0,New Orleans,Pelicans,NOP,0,0,,,,,
0021500266,71,2,1,1,8:27 PM,3:39,,,MISS Barnes 25' 3PT Jump Shot,,,5,2440,Matt Barnes,1610612763.0,Memphis,Grizzlies,MEM,0,0,,,,,,0,0,,,,,
0021500266,72,4,0,1,8:27 PM,3:38,,,Lee REBOUND (Off:1 Def:0),,,5,201584,Courtney Lee,1610612763.0,Memphis,Grizzlies,MEM,0,0,,,,,,0,0,,,,,
0021500266,73,5,40,1,8:27 PM,3:37,,,Lee Out of Bounds Lost Ball Turnover (P1.T2),,,5,201584,Courtney Lee,1610612763.0,Memphis,Grizzlies,MEM,0,0,,,,,,0,0,,,,,
0021500266,74,6,2,1,8:27 PM,3:25,,,Barnes S.FOUL (P1.T4) (J.Williams),,,5,2440,Matt Barnes,1610612763.0,Memphis,Grizzlies,MEM,4,201583,Ryan Anderson,1610612740.0,New Orleans,Pelicans,NOP,1,0,,,,,
0021500266,75,3,11,1,8:27 PM,3:25,Anderson Free Throw 1 of 2 (1 PTS),,,19 - 27,8,4,201583,Ryan Anderson,1610612740.0,New Orleans,Pelicans,NOP,0,0,,,,,,0,0,,,,,
0021500266,77,3,12,1,8:28 PM,3:25,Anderson Free Throw 2 of 2 (2 PTS),,,19 - 28,9,4,201583,Ryan Anderson,1610612740.0,New Orleans,Pelicans,NOP,0,0,,,,,,0,0,,,,,
0021500266,80,2,42,1,8:28 PM,3:09,Davis BLOCK (1 BLK),,MISS Green 3' Driving Layup,,,5,201145,Jeff Green,1610612763.0,Memphis,Grizzlies,MEM,0,0,,,,,,4,203076,Anthony Davis,1610612740.0,New Orleans,Pelicans,NOP
0021500266,81,4,0,1,8:28 PM,3:09,,,Grizzlies Rebound,,,3,1610612763,,,,,,0,0,,,,,,0,0,,,,,
0021500266,82,2,1,1,8:29 PM,3:01,,,MISS Green 25' 3PT Jump Shot,,,5,201145,Jeff Green,1610612763.0,Memphis,Grizzlies,MEM,0,0,,,,,,0,0,,,,,
0021500266,83,4,0,1,8:29 PM,3:01,Davis REBOUND (Off:0 Def:3),,,,,4,203076,Anthony Davis,1610612740.0,New Orleans,Pelicans,NOP,0,0,,,,,,0,0,,,,,
0021500266,84,6,2,1,8:29 PM,2:52,,,Green S.FOUL (P2.PN) (M.Ervin),,,5,201145,Jeff Green,1610612763.0,Memphis,Grizzlies,MEM,4,203076,Anthony Davis,1610612740.0,New Orleans,Pelicans,NOP,1,0,,,,,
0021500266,86,9,1,1,8:29 PM,2:52,PELICANS Timeout: Regular (Full 1 Short 0),,,,,2,1610612740,,,,,,0,0,,,,,,0,0,,,,,
0021500266,87,8,0,1,8:31 PM,2:52,,,SUB: Gasol FOR Green,,,5,201145,Jeff Green,1610612763.0,Memphis,Grizzlies,MEM,5,201188,Marc Gasol,1610612763.0,Memphis,Grizzlies,MEM,0,0,,,,,
0021500266,88,8,0,1,8:31 PM,2:52,,,SUB: Green FOR Randolph,,,5,2216,Zach Randolph,1610612763.0,Memphis,Grizzlies,MEM,5,203210,JaMychal Green,1610612763.0,Memphis,Grizzlies,MEM,0,0,,,,,
0021500266,89,8,0,1,8:32 PM,2:52,SUB: Cunningham FOR Gee,,,,,4,202087,Alonzo Gee,1610612740.0,New Orleans,Pelicans,NOP,4,201967,Dante Cunningham,1610612740.0,New Orleans,Pelicans,NOP,0,0,,,,,
0021500266,90,3,11,1,8:32 PM,2:52,MISS Davis Free Throw 1 of 2,,,,,4,203076,Anthony Davis,1610612740.0,New Orleans,Pelicans,NOP,0,0,,,,,,0,0,,,,,
0021500266,91,4,1,1,8:32 PM,2:52,PELICANS Rebound,,,,,2,1610612740,,,,,,0,0,,,,,,0,0,,,,,
0021500266,92,3,12,1,8:32 PM,2:52,Davis Free Throw 2 of 2 (1 PTS),,,19 - 29,10,4,203076,Anthony Davis,1610612740.0,New Orleans,Pelicans,NOP,0,0,,,,,,0,0,,,,,
0021500266,95,2,1,1,8:32 PM,2:37,,,MISS Lee 17' Jump Shot,,,5,201584,Courtney Lee,1610612763.0,Memphis,Grizzlies,MEM,0,0,,,,,,0,0,,,,,
0021500266,96,4,0,1,8:32 PM,2:36,Anderson REBOUND (Off:0 Def:1),,,,,4,201583,Ryan Anderson,1610612740.0,New Orleans,Pelicans,NOP,0,0,,,,,,0,0,,,,,
0021500266,97,1,1,1,8:33 PM,2:16,Anderson 25' 3PT Jump Shot (5 PTS) (Gordon 1 AST),,,19 - 32,13,4,201583,Ryan Anderson,1610612740.0,New Orleans,Pelicans,NOP,4,201569,Eric Gordon,1610612740.0,New Orleans,Pelicans,NOP,0,0,,,,,
0021500266,98,6,2,1,8:33 PM,2:01,Cunningham S.FOUL (P1.T4) (M.Ervin),,,,,4,201967,Dante Cunningham,1610612740.0,New Orleans,Pelicans,NOP,5,201188,Marc Gasol,1610612763.0,Memphis,Grizzlies,MEM,1,0,,,,,
0021500266,99,3,11,1,8:33 PM,2:01,,,Gasol Free Throw 1 of 2 (7 PTS),20 - 32,12,5,201188,Marc Gasol,1610612763.0,Memphis,Grizzlies,MEM,0,0,,,,,,0,0,,,,,
0021500266,101,3,12,1,8:33 PM,2:01,,,Gasol Free Throw 2 of 2 (8 PTS),21 - 32,11,5,201188,Marc Gasol,1610612763.0,Memphis,Grizzlies,MEM,0,0,,,,,,0,0,,,,,
0021500266,104,1,1,1,8:34 PM,1:48,Cole 18' Jump Shot (2 PTS) (Anderson 1 AST),,,21 - 34,13,4,202708,Norris Cole,1610612740.0,New Orleans,Pelicans,NOP,4,201583,Ryan Anderson,1610612740.0,New Orleans,Pelicans,NOP,0,0,,,,,
0021500266,105,1,73,1,8:34 PM,1:38,,,Chalmers 2' Driving Reverse Layup (2 PTS),23 - 34,11,5,201596,Mario Chalmers,1610612763.0,Memphis,Grizzlies,MEM,0,0,,,,,,0,0,,,,,
0021500266,106,2,1,1,8:34 PM,1:26,MISS Cunningham 24' 3PT Jump Shot,,,,,4,201967,Dante Cunningham,1610612740.0,New Orleans,Pelicans,NOP,0,0,,,,,,0,0,,,,,
0021500266,107,4,0,1,8:34 PM,1:23,,,Gasol REBOUND (Off:0 Def:1),,,5,201188,Marc Gasol,1610612763.0,Memphis,Grizzlies,MEM,0,0,,,,,,0,0,,,,,
0021500266,108,1,42,1,8:34 PM,1:10,,,Lee 1' Driving Layup (2 PTS),25 - 34,9,5,201584,Courtney Lee,1610612763.0,Memphis,Grizzlies,MEM,0,0,,,,,,0,0,,,,,
0021500266,109,1,47,1,8:35 PM,0:57,Anderson 7' Turnaround Jump Shot (7 PTS) (Gordon 2 AST),,,25 - 36,11,4,201583,Ryan Anderson,1610612740.0,New Orleans,Pelicans,NOP,4,201569,Eric Gordon,1610612740.0,New Orleans,Pelicans,NOP,0,0,,,,,
0021500266,110,6,2,1,8:35 PM,0:51,Cole S.FOUL (P1.PN) (J.Williams),,,,,4,202708,Norris Cole,1610612740.0,New Orleans,Pelicans,NOP,5,201596,Mario Chalmers,1610612763.0,Memphis,Grizzlies,MEM,1,0,,,,,
0021500266,111,3,11,1,8:35 PM,0:51,,,Chalmers Free Throw 1 of 2 (3 PTS),26 - 36,10,5,201596,Mario Chalmers,1610612763.0,Memphis,Grizzlies,MEM,0,0,,,,,,0,0,,,,,
0021500266,113,8,0,1,8:35 PM,0:51,SUB: Smith FOR Davis,,,,,4,203076,Anthony Davis,1610612740.0,New Orleans,Pelicans,NOP,4,202397,Ish Smith,1610612740.0,New Orleans,Pelicans,NOP,0,0,,,,,
0021500266,114,3,12,1,8:35 PM,0:51,,,Chalmers Free Throw 2 of 2 (4 PTS),27 - 36,9,5,201596,Mario Chalmers,1610612763.0,Memphis,Grizzlies,MEM,0,0,,,,,,0,0,,,,,
0021500266,117,2,1,1,8:36 PM,0:35,MISS Anderson 25' 3PT Jump Shot,,,,,4,201583,Ryan Anderson,1610612740.0,New Orleans,Pelicans,NOP,0,0,,,,,,0,0,,,,,
0021500266,118,4,0,1,8:36 PM,0:34,Cunningham REBOUND (Off:1 Def:0),,,,,4,201967,Dante Cunningham,1610612740.0,New Orleans,Pelicans,NOP,0,0,,,,,,0,0,,,,,
0021500266,119,6,2,1,8:36 PM,0:17,,,Chalmers S.FOUL (P1.PN) (M.Ervin),,,5,201596,Mario Chalmers,1610612763.0,Memphis,Grizzlies,MEM,4,202397,Ish Smith,1610612740.0,New Orleans,Pelicans,NOP,1,0,,,,,
0021500266,120,3,11,1,8:36 PM,0:17,Smith Free Throw 1 of 2 (1 PTS),,,27 - 37,10,4,202397,Ish Smith,1610612740.0,New Orleans,Pelicans,NOP,0,0,,,,,,0,0,,,,,
0021500266,122,3,12,1,8:37 PM,0:17,Smith Free Throw 2 of 2 (2 PTS),,,27 - 38,11,4,202397,Ish Smith,1610612740.0,New Orleans,Pelicans,NOP,0,0,,,,,,0,0,,,,,
0021500266,125,2,1,1,8:37 PM,0:01,Gordon BLOCK (1 BLK),,MISS Barnes 25' 3PT Jump Shot,,,5,2440,Matt Barnes,1610612763.0,Memphis,Grizzlies,MEM,0,0,,,,,,4,201569,Eric Gordon,1610612740.0,New Orleans,Pelicans,NOP
0021500266,126,4,0,1,8:37 PM,0:00,,,Lee REBOUND (Off:2 Def:0),,,5,201584,Courtney Lee,1610612763.0,Memphis,Grizzlies,MEM,0,0,,,,,,0,0,,,,,
0021500266,127,13,0,1,8:37 PM,0:00,,,,27 - 38,11,0,0,,,,,,0,0,,,,,,0,0,,,,,
0021500266,129,12,0,2,8:40 PM,12:00,,,,27 - 38,11,0,0,,,,,,0,0,,,,,,0,0,,,,,
0021500266,130,1,1,2,8:40 PM,11:45,Cole 25' 3PT Jump Shot (5 PTS) (Gordon 3 AST),,,27 - 41,14,4,202708,Norris Cole,1610612740.0,New Orleans,Pelicans,NOP,4,201569,Eric Gordon,1610612740.0,New Orleans,Pelicans,NOP,0,0,,,,,
0021500266,132,1,1,2,8:40 PM,11:30,,,Lee 20' Jump Shot (4 PTS) (Gasol 1 AST),29 - 41,12,5,201584,Courtney Lee,1610612763.0,Memphis,Grizzlies,MEM,5,201188,Marc Gasol,1610612763.0,Memphis,Grizzlies,MEM,0,0,,,,,
0021500266,133,2,1,2,8:41 PM,11:12,MISS Cunningham 4' Jump Shot,,Gasol BLOCK (1 BLK),,,4,201967,Dante Cunningham,1610612740.0,New Orleans,Pelicans,NOP,0,0,,,,,,5,201188,Marc Gasol,1610612763.0,Memphis,Grizzlies,MEM
0021500266,134,4,0,2,8:41 PM,11:11,,,Gasol REBOUND (Off:0 Def:2),,,5,201188,Marc Gasol,1610612763.0,Memphis,Grizzlies,MEM,0,0,,,,,,0,0,,,,,
0021500266,135,6,1,2,8:41 PM,11:10,Cunningham P.FOUL (P2.T1) (E.Malloy),,,,,4,201967,Dante Cunningham,1610612740.0,New Orleans,Pelicans,NOP,5,201596,Mario Chalmers,1610612763.0,Memphis,Grizzlies,MEM,1,0,,,,,
0021500266,136,2,3,2,8:41 PM,10:56,,,MISS Gasol 2' Hook Shot,,,5,201188,Marc Gasol,1610612763.0,Memphis,Grizzlies,MEM,0,0,,,,,,0,0,,,,,
0021500266,138,4,0,2,8:41 PM,10:55,,,Green REBOUND (Off:1 Def:0),,,5,203210,JaMychal Green,1610612763.0,Memphis,Grizzlies,MEM,0,0,,,,,,0,0,,,,,
0021500266,137,2,97,2,8:41 PM,10:55,,,MISS Green 3' Tip Layup Shot,,,5,203210,JaMychal Green,1610612763.0,Memphis,Grizzlies,MEM,0,0,,,,,,0,0,,,,,
0021500266,140,4,0,2,8:41 PM,10:54,,,Green REBOUND (Off:2 Def:0),,,5,203210,JaMychal Green,1610612763.0,Memphis,Grizzlies,MEM,0,0,,,,,,0,0,,,,,
0021500266,139,1,97,2,8:41 PM,10:54,,,Green 2' Tip Layup Shot (2 PTS),31 - 41,10,5,203210,JaMychal Green,1610612763.0,Memphis,Grizzlies,MEM,0,0,,,,,,0,0,,,,,
0021500266,141,1,79,2,8:42 PM,10:43,Gordon 18' Pullup Jump Shot (4 PTS) (Smith 1 AST),,,31 - 43,12,4,201569,Eric Gordon,1610612740.0,New Orleans,Pelicans,NOP,4,202397,Ish Smith,1610612740.0,New Orleans,Pelicans,NOP,0,0,,,,,
0021500266,142,1,79,2,8:42 PM,10:23,,,Lee 17' Pullup Jump Shot (6 PTS),33 - 43,10,5,201584,Courtney Lee,1610612763.0,Memphis,Grizzlies,MEM,0,0,,,,,,0,0,,,,,
0021500266,143,2,80,2,8:42 PM,10:07,MISS Anderson 17' Step Back Jump Shot,,,,,4,201583,Ryan Anderson,1610612740.0,New Orleans,Pelicans,NOP,0,0,,,,,,0,0,,,,,
0021500266,144,4,0,2,8:42 PM,10:06,,,Gasol REBOUND (Off:0 Def:3),,,5,201188,Marc Gasol,1610612763.0,Memphis,Grizzlies,MEM,0,0,,,,,,0,0,,,,,
0021500266,145,6,4,2,8:42 PM,9:59,,,Gasol OFF.Foul (P1) (M.Ervin),,,5,201188,Marc Gasol,1610612763.0,Memphis,Grizzlies,MEM,4,201583,Ryan Anderson,1610612740.0,New Orleans,Pelicans,NOP,1,0,,,,,
0021500266,146,5,5,2,8:42 PM,9:59,,,Gasol Foul Turnover (P1.T3),,,5,201188,Marc Gasol,1610612763.0,Memphis,Grizzlies,MEM,0,0,,,,,,1,0,,,,,
0021500266,147,2,1,2,8:43 PM,9:49,MISS Gordon 25' 3PT Jump Shot,,,,,4,201569,Eric Gordon,1610612740.0,New Orleans,Pelicans,NOP,0,0,,,,,,0,0,,,,,
0021500266,148,4,0,2,8:43 PM,9:48,,,Barnes REBOUND (Off:0 Def:1),,,5,2440,Matt Barnes,1610612763.0,Memphis,Grizzlies,MEM,0,0,,,,,,0,0,,,,,
0021500266,149,1,5,2,8:43 PM,9:42,,,Gasol 1' Layup (10 PTS) (Barnes 2 AST),35 - 43,8,5,201188,Marc Gasol,1610612763.0,Memphis,Grizzlies,MEM,5,2440,Matt Barnes,1610612763.0,Memphis,Grizzlies,MEM,0,0,,,,,
0021500266,150,2,1,2,8:43 PM,9:29,MISS Cole 25' 3PT Jump Shot,,,,,4,202708,Norris Cole,1610612740.0,New Orleans,Pelicans,NOP,0,0,,,,,,0,0,,,,,
0021500266,151,4,0,2,8:43 PM,9:28,,,Chalmers REBOUND (Off:0 Def:1),,,5,201596,Mario Chalmers,1610612763.0,Memphis,Grizzlies,MEM,0,0,,,,,,0,0,,,,,
0021500266,152,1,5,2,8:43 PM,9:22,,,Barnes 2' Layup (2 PTS) (Chalmers 1 AST),37 - 43,6,5,2440,Matt Barnes,1610612763.0,Memphis,Grizzlies,MEM,5,201596,Mario Chalmers,1610612763.0,Memphis,Grizzlies,MEM,0,0,,,,,
0021500266,153,9,1,2,8:43 PM,9:15,PELICANS Timeout: Regular (Full 2 Short 0),,,,,2,1610612740,,,,,,0,0,,,,,,0,0,,,,,
0021500266,155,8,0,2,8:46 PM,9:15,SUB: Holiday FOR Anderson,,,,,4,201583,Ryan Anderson,1610612740.0,New Orleans,Pelicans,NOP,4,201950,Jrue Holiday,1610612740.0,New Orleans,Pelicans,NOP,0,0,,,,,
0021500266,156,8,0,2,8:46 PM,9:15,SUB: Davis FOR Cole,,,,,4,202708,Norris Cole,1610612740.0,New Orleans,Pelicans,NOP,4,203076,Anthony Davis,1610612740.0,New Orleans,Pelicans,NOP,0,0,,,,,
0021500266,157,8,0,2,8:46 PM,9:15,SUB: Ajinca FOR Cunningham,,,,,4,201967,Dante Cunningham,1610612740.0,New Orleans,Pelicans,NOP,4,201582,Alexis Ajinca,1610612740.0,New Orleans,Pelicans,NOP,0,0,,,,,
0021500266,158,8,0,2,8:46 PM,9:15,SUB: Evans FOR Smith,,,,,4,202397,Ish Smith,1610612740.0,New Orleans,Pelicans,NOP,4,201936,Tyreke Evans,1610612740.0,New Orleans,Pelicans,NOP,0,0,,,,,
0021500266,159,7,1,2,8:46 PM,9:15,PELICANS Violation: Delay of game Violation,,,,,2,1610612740,,,,,,0,0,,,,,,1,0,,,,,
0021500266,161,6,2,2,8:46 PM,9:06,,,Green S.FOUL (P1.T1) (M.Ervin),,,5,203210,JaMychal Green,1610612763.0,Memphis,Grizzlies,MEM,4,201569,Eric Gordon,1610612740.0,New Orleans,Pelicans,NOP,1,0,,,,,
0021500266,162,3,11,2,8:47 PM,9:06,Gordon Free Throw 1 of 2 (5 PTS),,,37 - 44,7,4,201569,Eric Gordon,1610612740.0,New Orleans,Pelicans,NOP,0,0,,,,,,0,0,,,,,
0021500266,164,3,12,2,8:47 PM,9:06,Gordon Free Throw 2 of 2 (6 PTS),,,37 - 45,8,4,201569,Eric Gordon,1610612740.0,New Orleans,Pelicans,NOP,0,0,,,,,,0,0,,,,,
0021500266,167,6,1,2,8:47 PM,8:49,Holiday P.FOUL (P1.T2) (E.Malloy),,,,,4,201950,Jrue Holiday,1610612740.0,New Orleans,Pelicans,NOP,5,201596,Mario Chalmers,1610612763.0,Memphis,Grizzlies,MEM,1,0,,,,,
0021500266,168,1,1,2,8:48 PM,8:35,,,Barnes 26' 3PT Jump Shot (5 PTS) (Chalmers 2 AST),40 - 45,5,5,2440,Matt Barnes,1610612763.0,Memphis,Grizzlies,MEM,5,201596,Mario Chalmers,1610612763.0,Memphis,Grizzlies,MEM,0,0,,,,,
0021500266,169,2,1,2,8:48 PM,8:24,MISS Holiday 24' 3PT Jump Shot,,,,,4,201950,Jrue Holiday,1610612740.0,New Orleans,Pelicans,NOP,0,0,,,,,,0,0,,,,,
0021500266,170,4,0,2,8:48 PM,8:23,,,Green REBOUND (Off:2 Def:1),,,5,203210,JaMychal Green,1610612763.0,Memphis,Grizzlies,MEM,0,0,,,,,,0,0,,,,,
0021500266,171,1,1,2,8:48 PM,8:14,,,Gasol 17' Jump Shot (12 PTS) (Barnes 3 AST),42 - 45,3,5,201188,Marc Gasol,1610612763.0,Memphis,Grizzlies,MEM,5,2440,Matt Barnes,1610612763.0,Memphis,Grizzlies,MEM,0,0,,,,,
0021500266,172,1,108,2,8:48 PM,8:00,Davis  Cutting Dunk Shot (3 PTS) (Evans 3 AST),,,42 - 47,5,4,203076,Anthony Davis,1610612740.0,New Orleans,Pelicans,NOP,4,201936,Tyreke Evans,1610612740.0,New Orleans,Pelicans,NOP,0,0,,,,,
0021500266,173,6,2,2,8:49 PM,7:39,Ajinca S.FOUL (P3.T3) (M.Ervin),,,,,4,201582,Alexis Ajinca,1610612740.0,New Orleans,Pelicans,NOP,5,201188,Marc Gasol,1610612763.0,Memphis,Grizzlies,MEM,1,0,,,,,
0021500266,174,3,11,2,8:49 PM,7:39,,,Gasol Free Throw 1 of 2 (13 PTS),43 - 47,4,5,201188,Marc Gasol,1610612763.0,Memphis,Grizzlies,MEM,0,0,,,,,,0,0,,,,,
0021500266,176,8,0,2,8:49 PM,7:39,SUB: Asik FOR Ajinca,,,,,4,201582,Alexis Ajinca,1610612740.0,New Orleans,Pelicans,NOP,4,201600,Omer Asik,1610612740.0,New Orleans,Pelicans,NOP,0,0,,,,,
0021500266,177,8,0,2,8:49 PM,7:39,,,SUB: Carter FOR Green,,,5,203210,JaMychal Green,1610612763.0,Memphis,Grizzlies,MEM,5,1713,Vince Carter,1610612763.0,Memphis,Grizzlies,MEM,0,0,,,,,
0021500266,178,3,12,2,8:49 PM,7:39,,,Gasol Free Throw 2 of 2 (14 PTS),44 - 47,3,5,201188,Marc Gasol,1610612763.0,Memphis,Grizzlies,MEM,0,0,,,,,,0,0,,,,,
0021500266,181,2,1,2,8:50 PM,7:22,MISS Holiday 24' 3PT Jump Shot,,,,,4,201950,Jrue Holiday,1610612740.0,New Orleans,Pelicans,NOP,0,0,,,,,,0,0,,,,,
0021500266,182,4,0,2,8:50 PM,7:21,Davis REBOUND (Off:1 Def:3),,,,,4,203076,Anthony Davis,1610612740.0,New Orleans,Pelicans,NOP,0,0,,,,,,0,0,,,,,
0021500266,183,6,2,2,8:50 PM,7:21,,,Carter S.FOUL (P1.T2) (E.Malloy),,,5,1713,Vince Carter,1610612763.0,Memphis,Grizzlies,MEM,4,203076,Anthony Davis,1610612740.0,New Orleans,Pelicans,NOP,1,0,,,,,
0021500266,184,3,11,2,8:50 PM,7:21,Davis Free Throw 1 of 2 (4 PTS),,,44 - 48,4,4,203076,Anthony Davis,1610612740.0,New Orleans,Pelicans,NOP,0,0,,,,,,0,0,,,,,
0021500266,186,3,12,2,8:51 PM,7:21,MISS Davis Free Throw 2 of 2,,,,,4,203076,Anthony Davis,1610612740.0,New Orleans,Pelicans,NOP,0,0,,,,,,0,0,,,,,
0021500266,188,4,0,2,8:51 PM,7:20,,,Gasol REBOUND (Off:0 Def:4),,,5,201188,Marc Gasol,1610612763.0,Memphis,Grizzlies,MEM,0,0,,,,,,0,0,,,,,
0021500266,190,1,1,2,8:51 PM,7:08,,,Gasol 17' Jump Shot (16 PTS) (Chalmers 3 AST),46 - 48,2,5,201188,Marc Gasol,1610612763.0,Memphis,Grizzlies,MEM,5,201596,Mario Chalmers,1610612763.0,Memphis,Grizzlies,MEM,0,0,,,,,
0021500266,191,6,2,2,8:51 PM,7:00,,,Lee S.FOUL (P1.T3) (J.Williams),,,5,201584,Courtney Lee,1610612763.0,Memphis,Grizzlies,MEM,4,201569,Eric Gordon,1610612740.0,New Orleans,Pelicans,NOP,1,0,,,,,
0021500266,192,3,11,2,8:51 PM,7:00,Gordon Free Throw 1 of 2 (7 PTS),,,46 - 49,3,4,201569,Eric Gordon,1610612740.0,New Orleans,Pelicans,NOP,0,0,,,,,,0,0,,,,,
0021500266,194,3,12,2,8:52 PM,7:00,Gordon Free Throw 2 of 2 (8 PTS),,,46 - 50,4,4,201569,Eric Gordon,1610612740.0,New Orleans,Pelicans,NOP,0,0,,,,,,0,0,,,,,
0021500266,197,1,80,2,8:52 PM,6:46,,,Chalmers 12' Step Back Jump Shot (6 PTS),48 - 50,2,5,201596,Mario Chalmers,1610612763.0,Memphis,Grizzlies,MEM,0,0,,,,,,0,0,,,,,
0021500266,198,1,1,2,8:52 PM,6:28,Davis  3PT Jump Shot (7 PTS) (Evans 4 AST),,,48 - 53,5,4,203076,Anthony Davis,1610612740.0,New Orleans,Pelicans,NOP,4,201936,Tyreke Evans,1610612740.0,New Orleans,Pelicans,NOP,0,0,,,,,
0021500266,199,6,2,2,8:53 PM,6:11,Asik S.FOUL (P1.T4) (J.Williams),,,,,4,201600,Omer Asik,1610612740.0,New Orleans,Pelicans,NOP,5,201188,Marc Gasol,1610612763.0,Memphis,Grizzlies,MEM,1,0,,,,,
0021500266,200,3,11,2,8:53 PM,6:11,,,Gasol Free Throw 1 of 2 (17 PTS),49 - 53,4,5,201188,Marc Gasol,1610612763.0,Memphis,Grizzlies,MEM,0,0,,,,,,0,0,,,,,
0021500266,202,8,0,2,8:53 PM,6:11,SUB: Gee FOR Gordon,,,,,4,201569,Eric Gordon,1610612740.0,New Orleans,Pelicans,NOP,4,202087,Alonzo Gee,1610612740.0,New Orleans,Pelicans,NOP,0,0,,,,,
0021500266,203,3,12,2,8:53 PM,6:11,,,Gasol Free Throw 2 of 2 (18 PTS),50 - 53,3,5,201188,Marc Gasol,1610612763.0,Memphis,Grizzlies,MEM,0,0,,,,,,0,0,,,,,
0021500266,205,5,4,2,8:54 PM,5:56,Davis Traveling Turnover (P1.T1),,,,,4,203076,Anthony Davis,1610612740.0,New Orleans,Pelicans,NOP,0,0,,,,,,1,0,,,,,
0021500266,207,9,4,2,8:54 PM,5:56,,,,,,1,0,,,,,,0,0,,,,,,0,0,,,,,
0021500266,208,1,98,2,8:56 PM,5:46,,,Chalmers 2' Cutting Layup Shot (8 PTS) (Gasol 2 AST),52 - 53,1,5,201596,Mario Chalmers,1610612763.0,Memphis,Grizzlies,MEM,5,201188,Marc Gasol,1610612763.0,Memphis,Grizzlies,MEM,0,0,,,,,
0021500266,209,2,44,2,8:57 PM,5:19,MISS Davis 2' Reverse Layup,,,,,4,203076,Anthony Davis,1610612740.0,New Orleans,Pelicans,NOP,0,0,,,,,,0,0,,,,,
0021500266,210,4,0,2,8:57 PM,5:17,,,Carter REBOUND (Off:0 Def:1),,,5,1713,Vince Carter,1610612763.0,Memphis,Grizzlies,MEM,0,0,,,,,,0,0,,,,,
0021500266,211,2,1,2,8:57 PM,5:08,,,MISS Gasol 16' Jump Shot,,,5,201188,Marc Gasol,1610612763.0,Memphis,Grizzlies,MEM,0,0,,,,,,0,0,,,,,
0021500266,213,4,0,2,8:57 PM,5:07,,,Carter REBOUND (Off:1 Def:1),,,5,1713,Vince Carter,1610612763.0,Memphis,Grizzlies,MEM,0,0,,,,,,0,0,,,,,
0021500266,212,1,97,2,8:57 PM,5:07,,,Carter 2' Tip Layup Shot (2 PTS),54 - 53,-1,5,1713,Vince Carter,1610612763.0,Memphis,Grizzlies,MEM,0,0,,,,,,0,0,,,,,
0021500266,214,6,2,2,8:57 PM,4:56,,,Carter S.FOUL (P2.T4) (J.Williams),,,5,1713,Vince Carter,1610612763.0,Memphis,Grizzlies,MEM,4,201950,Jrue Holiday,1610612740.0,New Orleans,Pelicans,NOP,1,0,,,,,
0021500266,215,3,11,2,8:58 PM,4:56,Holiday Free Throw 1 of 2 (8 PTS),,,54 - 54,TIE,4,201950,Jrue Holiday,1610612740.0,New Orleans,Pelicans,NOP,0,0,,,,,,0,0,,,,,
0021500266,217,3,12,2,8:58 PM,4:56,Holiday Free Throw 2 of 2 (9 PTS),,,54 - 55,1,4,201950,Jrue Holiday,1610612740.0,New Orleans,Pelicans,NOP,0,0,,,,,,0,0,,,,,
0021500266,220,6,1,2,8:58 PM,4:46,Gee P.FOUL (P1.PN) (J.Williams),,,,,4,202087,Alonzo Gee,1610612740.0,New Orleans,Pelicans,NOP,5,201596,Mario Chalmers,1610612763.0,Memphis,Grizzlies,MEM,1,0,,,,,
0021500266,221,3,11,2,8:59 PM,4:46,,,MISS Chalmers Free Throw 1 of 2,,,5,201596,Mario Chalmers,1610612763.0,Memphis,Grizzlies,MEM,0,0,,,,,,0,0,,,,,
0021500266,222,4,1,2,8:59 PM,4:46,,,Grizzlies Rebound,,,3,1610612763,,,,,,0,0,,,,,,0,0,,,,,
0021500266,223,8,0,2,8:59 PM,4:46,SUB: Anderson FOR Asik,,,,,4,201600,Omer Asik,1610612740.0,New Orleans,Pelicans,NOP,4,201583,Ryan Anderson,1610612740.0,New Orleans,Pelicans,NOP,0,0,,,,,
0021500266,224,3,12,2,8:59 PM,4:46,,,Chalmers Free Throw 2 of 2 (9 PTS),55 - 55,TIE,5,201596,Mario Chalmers,1610612763.0,Memphis,Grizzlies,MEM,0,0,,,,,,0,0,,,,,
0021500266,227,2,1,2,8:59 PM,4:32,MISS Evans 24' 3PT Jump Shot,,,,,4,201936,Tyreke Evans,1610612740.0,New Orleans,Pelicans,NOP,0,0,,,,,,0,0,,,,,
0021500266,228,4,0,2,8:59 PM,4:31,,,Carter REBOUND (Off:1 Def:2),,,5,1713,Vince Carter,1610612763.0,Memphis,Grizzlies,MEM,0,0,,,,,,0,0,,,,,
0021500266,229,6,17,2,9:00 PM,4:20,PELICANS T.Foul (Def. 3 Sec Evans ) (E.Malloy),,,,,4,201936,Tyreke Evans,1610612740.0,New Orleans,Pelicans,NOP,0,0,,,,,,1,0,,,,,
0021500266,230,3,16,2,9:00 PM,4:20,,,Lee Free Throw Technical (7 PTS),56 - 55,-1,5,201584,Courtney Lee,1610612763.0,Memphis,Grizzlies,MEM,0,0,,,,,,0,0,,,,,
0021500266,232,8,0,2,9:00 PM,4:20,,,SUB: Green FOR Barnes,,,5,2440,Matt Barnes,1610612763.0,Memphis,Grizzlies,MEM,5,201145,Jeff Green,1610612763.0,Memphis,Grizzlies,MEM,0,0,,,,,
0021500266,233,1,86,2,9:00 PM,4:05,,,Gasol 10' Turnaround Fadeaway (20 PTS) (Lee 1 AST),58 - 55,-3,5,201188,Marc Gasol,1610612763.0,Memphis,Grizzlies,MEM,5,201584,Courtney Lee,1610612763.0,Memphis,Grizzlies,MEM,0,0,,,,,
0021500266,234,2,1,2,9:01 PM,3:41,MISS Davis 13' Jump Shot,,,,,4,203076,Anthony Davis,1610612740.0,New Orleans,Pelicans,NOP,0,0,,,,,,0,0,,,,,
0021500266,235,4,0,2,9:01 PM,3:40,,,Gasol REBOUND (Off:0 Def:5),,,5,201188,Marc Gasol,1610612763.0,Memphis,Grizzlies,MEM,0,0,,,,,,0,0,,,,,
0021500266,236,1,63,2,9:01 PM,3:19,,,Gasol 16' Fadeaway Jumper (22 PTS) (Carter 1 AST),60 - 55,-5,5,201188,Marc Gasol,1610612763.0,Memphis,Grizzlies,MEM,5,1713,Vince Carter,1610612763.0,Memphis,Grizzlies,MEM,0,0,,,,,
0021500266,237,2,1,2,9:01 PM,3:04,MISS Davis 13' Jump Shot,,,,,4,203076,Anthony Davis,1610612740.0,New Orleans,Pelicans,NOP,0,0,,,,,,0,0,,,,,
0021500266,239,4,0,2,9:01 PM,3:03,Anderson REBOUND (Off:1 Def:1),,,,,4,201583,Ryan Anderson,1610612740.0,New Orleans,Pelicans,NOP,0,0,,,,,,0,0,,,,,
0021500266,238,2,97,2,9:01 PM,3:03,MISS Anderson 2' Tip Layup Shot,,,,,4,201583,Ryan Anderson,1610612740.0,New Orleans,Pelicans,NOP,0,0,,,,,,0,0,,,,,
0021500266,240,4,0,2,9:02 PM,3:02,,,Gasol REBOUND (Off:0 Def:6),,,5,201188,Marc Gasol,1610612763.0,Memphis,Grizzlies,MEM,0,0,,,,,,0,0,,,,,
0021500266,241,2,5,2,9:02 PM,2:58,,,MISS Lee 2' Layup,,,5,201584,Courtney Lee,1610612763.0,Memphis,Grizzlies,MEM,0,0,,,,,,0,0,,,,,
0021500266,242,4,0,2,9:02 PM,2:57,Holiday REBOUND (Off:0 Def:1),,,,,4,201950,Jrue Holiday,1610612740.0,New Orleans,Pelicans,NOP,0,0,,,,,,0,0,,,,,
0021500266,243,2,1,2,9:02 PM,2:41,MISS Anderson 12' Jump Shot,,,,,4,201583,Ryan Anderson,1610612740.0,New Orleans,Pelicans,NOP,0,0,,,,,,0,0,,,,,
0021500266,244,4,0,2,9:02 PM,2:40,Evans REBOUND (Off:1 Def:1),,,,,4,201936,Tyreke Evans,1610612740.0,New Orleans,Pelicans,NOP,0,0,,,,,,0,0,,,,,
0021500266,245,1,72,2,9:02 PM,2:39,Evans 2' Putback Layup (9 PTS),,,60 - 57,-3,4,201936,Tyreke Evans,1610612740.0,New Orleans,Pelicans,NOP,0,0,,,,,,0,0,,,,,
0021500266,247,9,1,2,9:02 PM,2:32,,,Grizzlies Timeout: Regular (Reg.2 Short 0),,,3,1610612763,,,,,,0,0,,,,,,0,0,,,,,
0021500266,248,8,0,2,9:04 PM,2:32,SUB: Smith FOR Holiday,,,,,4,201950,Jrue Holiday,1610612740.0,New Orleans,Pelicans,NOP,4,202397,Ish Smith,1610612740.0,New Orleans,Pelicans,NOP,0,0,,,,,
0021500266,249,8,0,2,9:05 PM,2:32,,,SUB: Conley FOR Chalmers,,,5,201596,Mario Chalmers,1610612763.0,Memphis,Grizzlies,MEM,5,201144,Mike Conley,1610612763.0,Memphis,Grizzlies,MEM,0,0,,,,,
0021500266,250,1,5,2,9:05 PM,2:17,,,Lee 2' Layup (9 PTS) (Green 1 AST),62 - 57,-5,5,201584,Courtney Lee,1610612763.0,Memphis,Grizzlies,MEM,5,201145,Jeff Green,1610612763.0,Memphis,Grizzlies,MEM,0,0,,,,,
0021500266,251,1,7,2,9:05 PM,2:02,Anderson  Dunk (9 PTS) (Evans 5 AST),,,62 - 59,-3,4,201583,Ryan Anderson,1610612740.0,New Orleans,Pelicans,NOP,4,201936,Tyreke Evans,1610612740.0,New Orleans,Pelicans,NOP,0,0,,,,,
0021500266,254,2,1,2,9:06 PM,1:40,,,MISS Gasol 19' Jump Shot,,,5,201188,Marc Gasol,1610612763.0,Memphis,Grizzlies,MEM,0,0,,,,,,0,0,,,,,
0021500266,255,4,0,2,9:06 PM,1:39,Evans REBOUND (Off:1 Def:2),,,,,4,201936,Tyreke Evans,1610612740.0,New Orleans,Pelicans,NOP,0,0,,,,,,0,0,,,,,
0021500266,256,1,42,2,9:06 PM,1:27,Evans 2' Driving Layup (11 PTS),,,62 - 61,-1,4,201936,Tyreke Evans,1610612740.0,New Orleans,Pelicans,NOP,0,0,,,,,,0,0,,,,,
0021500266,257,2,1,2,9:06 PM,1:18,,,MISS Lee 12' Jump Shot,,,5,201584,Courtney Lee,1610612763.0,Memphis,Grizzlies,MEM,0,0,,,,,,0,0,,,,,
0021500266,258,4,0,2,9:06 PM,1:17,Gee REBOUND (Off:0 Def:1),,,,,4,202087,Alonzo Gee,1610612740.0,New Orleans,Pelicans,NOP,0,0,,,,,,0,0,,,,,
0021500266,259,1,1,2,9:06 PM,1:09,Anderson 25' 3PT Jump Shot (12 PTS) (Evans 6 AST),,,62 - 64,2,4,201583,Ryan Anderson,1610612740.0,New Orleans,Pelicans,NOP,4,201936,Tyreke Evans,1610612740.0,New Orleans,Pelicans,NOP,0,0,,,,,
0021500266,260,2,3,2,9:06 PM,0:49,,,MISS Gasol 7' Hook Shot,,,5,201188,Marc Gasol,1610612763.0,Memphis,Grizzlies,MEM,0,0,,,,,,0,0,,,,,
0021500266,261,4,0,2,9:07 PM,0:48,Anderson REBOUND (Off:1 Def:2),,,,,4,201583,Ryan Anderson,1610612740.0,New Orleans,Pelicans,NOP,0,0,,,,,,0,0,,,,,
0021500266,263,2,1,2,9:07 PM,0:38,MISS Anderson 22' Jump Shot,,,,,4,201583,Ryan Anderson,1610612740.0,New Orleans,Pelicans,NOP,0,0,,,,,,0,0,,,,,
0021500266,264,4,0,2,9:07 PM,0:37,,,Green REBOUND (Off:0 Def:2),,,5,201145,Jeff Green,1610612763.0,Memphis,Grizzlies,MEM,0,0,,,,,,0,0,,,,,
0021500266,265,2,1,2,9:07 PM,0:30,Davis BLOCK (2 BLK),,MISS Green 3' Jump Shot,,,5,201145,Jeff Green,1610612763.0,Memphis,Grizzlies,MEM,0,0,,,,,,4,203076,Anthony Davis,1610612740.0,New Orleans,Pelicans,NOP
0021500266,266,4,0,2,9:07 PM,0:29,Davis REBOUND (Off:1 Def:4),,,,,4,203076,Anthony Davis,1610612740.0,New Orleans,Pelicans,NOP,0,0,,,,,,0,0,,,,,
0021500266,267,6,1,2,9:07 PM,0:24,,,Carter P.FOUL (P3.PN) (J.Williams),,,5,1713,Vince Carter,1610612763.0,Memphis,Grizzlies,MEM,4,203076,Anthony Davis,1610612740.0,New Orleans,Pelicans,NOP,1,0,,,,,
0021500266,268,3,11,2,9:08 PM,0:24,Davis Free Throw 1 of 2 (8 PTS),,,62 - 65,3,4,203076,Anthony Davis,1610612740.0,New Orleans,Pelicans,NOP,0,0,,,,,,0,0,,,,,
0021500266,270,3,12,2,9:08 PM,0:24,MISS Davis Free Throw 2 of 2,,,,,4,203076,Anthony Davis,1610612740.0,New Orleans,Pelicans,NOP,0,0,,,,,,0,0,,,,,
0021500266,272,4,0,2,9:08 PM,0:23,,,Green REBOUND (Off:0 Def:3),,,5,201145,Jeff Green,1610612763.0,Memphis,Grizzlies,MEM,0,0,,,,,,0,0,,,,,
0021500266,274,1,42,2,9:08 PM,0:04,,,Conley 2' Driving Layup (5 PTS),64 - 65,1,5,201144,Mike Conley,1610612763.0,Memphis,Grizzlies,MEM,0,0,,,,,,0,0,,,,,
0021500266,275,2,1,2,9:08 PM,0:00,MISS Evans 42' 3PT Jump Shot,,,,,4,201936,Tyreke Evans,1610612740.0,New Orleans,Pelicans,NOP,0,0,,,,,,0,0,,,,,
0021500266,277,4,0,2,9:09 PM,0:00,PELICANS Rebound,,,,,2,1610612740,,,,,,0,0,,,,,,0,0,,,,,
0021500266,276,13,0,2,9:09 PM,0:00,,,,64 - 65,1,0,0,,,,,,0,0,,,,,,0,0,,,,,
0021500266,279,12,0,3,9:24 PM,12:00,,,,64 - 65,1,0,0,,,,,,0,0,,,,,,0,0,,,,,
0021500266,282,7,1,3,9:24 PM,12:00,,,Grizzlies Violation: Delay of game Violation,,,3,1610612763,,,,,,0,0,,,,,,1,0,,,,,
0021500266,280,2,1,3,9:25 PM,11:45,MISS Davis 13' Jump Shot,,,,,4,203076,Anthony Davis,1610612740.0,New Orleans,Pelicans,NOP,0,0,,,,,,0,0,,,,,
0021500266,281,4,0,3,9:25 PM,11:44,,,Gasol REBOUND (Off:0 Def:7),,,5,201188,Marc Gasol,1610612763.0,Memphis,Grizzlies,MEM,0,0,,,,,,0,0,,,,,
0021500266,283,2,1,3,9:25 PM,11:26,Davis BLOCK (3 BLK),,MISS Randolph 5' Jump Shot,,,5,2216,Zach Randolph,1610612763.0,Memphis,Grizzlies,MEM,0,0,,,,,,4,203076,Anthony Davis,1610612740.0,New Orleans,Pelicans,NOP
0021500266,284,4,0,3,9:25 PM,11:24,,,Allen REBOUND (Off:1 Def:0),,,5,2754,Tony Allen,1610612763.0,Memphis,Grizzlies,MEM,0,0,,,,,,0,0,,,,,
0021500266,285,1,1,3,9:25 PM,11:19,,,Gasol 19' Jump Shot (24 PTS) (Allen 2 AST),66 - 65,-1,5,201188,Marc Gasol,1610612763.0,Memphis,Grizzlies,MEM,5,2754,Tony Allen,1610612763.0,Memphis,Grizzlies,MEM,0,0,,,,,
0021500266,286,6,1,3,9:25 PM,11:11,,,Allen P.FOUL (P2.T1) (E.Malloy),,,5,2754,Tony Allen,1610612763.0,Memphis,Grizzlies,MEM,4,201936,Tyreke Evans,1610612740.0,New Orleans,Pelicans,NOP,1,0,,,,,
0021500266,287,2,1,3,9:26 PM,10:58,MISS Holiday 21' Jump Shot,,,,,4,201950,Jrue Holiday,1610612740.0,New Orleans,Pelicans,NOP,0,0,,,,,,0,0,,,,,
0021500266,288,4,0,3,9:26 PM,10:57,,,Gasol REBOUND (Off:0 Def:8),,,5,201188,Marc Gasol,1610612763.0,Memphis,Grizzlies,MEM,0,0,,,,,,0,0,,,,,
0021500266,289,2,1,3,9:26 PM,10:44,,,MISS Randolph 4' Jump Shot,,,5,2216,Zach Randolph,1610612763.0,Memphis,Grizzlies,MEM,0,0,,,,,,0,0,,,,,
0021500266,290,4,0,3,9:26 PM,10:43,Ajinca REBOUND (Off:1 Def:1),,,,,4,201582,Alexis Ajinca,1610612740.0,New Orleans,Pelicans,NOP,0,0,,,,,,0,0,,,,,
0021500266,292,1,42,3,9:27 PM,10:25,Evans 2' Driving Layup (13 PTS),,,66 - 67,1,4,201936,Tyreke Evans,1610612740.0,New Orleans,Pelicans,NOP,0,0,,,,,,0,0,,,,,
0021500266,293,2,1,3,9:27 PM,10:07,,,MISS Gasol 18' Jump Shot,,,5,201188,Marc Gasol,1610612763.0,Memphis,Grizzlies,MEM,0,0,,,,,,0,0,,,,,
0021500266,294,4,0,3,9:27 PM,10:06,,,Grizzlies Rebound,,,3,1610612763,,,,,,0,0,,,,,,0,0,,,,,
0021500266,296,2,1,3,9:27 PM,10:05,Davis BLOCK (4 BLK),,MISS Randolph 4' Jump Shot,,,5,2216,Zach Randolph,1610612763.0,Memphis,Grizzlies,MEM,0,0,,,,,,4,203076,Anthony Davis,1610612740.0,New Orleans,Pelicans,NOP
0021500266,297,4,0,3,9:27 PM,10:05,PELICANS Rebound,,,,,2,1610612740,,,,,,0,0,,,,,,0,0,,,,,
0021500266,298,6,1,3,9:28 PM,9:56,,,Allen P.FOUL (P3.T2) (J.Williams),,,5,2754,Tony Allen,1610612763.0,Memphis,Grizzlies,MEM,4,201936,Tyreke Evans,1610612740.0,New Orleans,Pelicans,NOP,1,0,,,,,
0021500266,299,2,7,3,9:28 PM,9:51,MISS Ajinca  Dunk,,,,,4,201582,Alexis Ajinca,1610612740.0,New Orleans,Pelicans,NOP,0,0,,,,,,0,0,,,,,
0021500266,300,4,0,3,9:28 PM,9:50,Davis REBOUND (Off:2 Def:4),,,,,4,203076,Anthony Davis,1610612740.0,New Orleans,Pelicans,NOP,0,0,,,,,,0,0,,,,,
0021500266,301,1,7,3,9:28 PM,9:41,Ajinca  Dunk (6 PTS) (Evans 7 AST),,,66 - 69,3,4,201582,Alexis Ajinca,1610612740.0,New Orleans,Pelicans,NOP,4,201936,Tyreke Evans,1610612740.0,New Orleans,Pelicans,NOP,0,0,,,,,
0021500266,302,5,40,3,9:29 PM,9:21,,,Gasol Out of Bounds Lost Ball Turnover (P2.T4),,,5,201188,Marc Gasol,1610612763.0,Memphis,Grizzlies,MEM,0,0,,,,,,0,0,,,,,
0021500266,303,2,1,3,9:29 PM,9:08,MISS Evans 17' Jump Shot,,,,,4,201936,Tyreke Evans,1610612740.0,New Orleans,Pelicans,NOP,0,0,,,,,,0,0,,,,,
0021500266,304,4,0,3,9:29 PM,9:07,,,Green REBOUND (Off:0 Def:4),,,5,201145,Jeff Green,1610612763.0,Memphis,Grizzlies,MEM,0,0,,,,,,0,0,,,,,
0021500266,305,2,1,3,9:29 PM,8:58,,,MISS Conley 20' Jump Shot,,,5,201144,Mike Conley,1610612763.0,Memphis,Grizzlies,MEM,0,0,,,,,,0,0,,,,,
0021500266,306,4,0,3,9:29 PM,8:56,,,Randolph REBOUND (Off:2 Def:1),,,5,2216,Zach Randolph,1610612763.0,Memphis,Grizzlies,MEM,0,0,,,,,,0,0,,,,,
0021500266,307,2,5,3,9:29 PM,8:55,,,MISS Randolph 2' Layup,,,5,2216,Zach Randolph,1610612763.0,Memphis,Grizzlies,MEM,0,0,,,,,,0,0,,,,,
0021500266,309,4,0,3,9:29 PM,8:55,,,Randolph REBOUND (Off:3 Def:1),,,5,2216,Zach Randolph,1610612763.0,Memphis,Grizzlies,MEM,0,0,,,,,,0,0,,,,,
0021500266,308,1,97,3,9:29 PM,8:54,,,Randolph 1' Tip Layup Shot (8 PTS),68 - 69,1,5,2216,Zach Randolph,1610612763.0,Memphis,Grizzlies,MEM,0,0,,,,,,0,0,,,,,
0021500266,310,5,45,3,9:29 PM,8:39,Holiday Out of Bounds - Bad Pass Turnover Turnover (P1.T2),,,,,4,201950,Jrue Holiday,1610612740.0,New Orleans,Pelicans,NOP,0,0,,,,,,0,0,,,,,
0021500266,312,2,1,3,9:30 PM,8:21,,,MISS Allen 24' 3PT Jump Shot,,,5,2754,Tony Allen,1610612763.0,Memphis,Grizzlies,MEM,0,0,,,,,,0,0,,,,,
0021500266,313,4,0,3,9:30 PM,8:20,Ajinca REBOUND (Off:1 Def:2),,,,,4,201582,Alexis Ajinca,1610612740.0,New Orleans,Pelicans,NOP,0,0,,,,,,0,0,,,,,
0021500266,314,1,1,3,9:30 PM,8:07,Ajinca 17' Jump Shot (8 PTS) (Holiday 3 AST),,,68 - 71,3,4,201582,Alexis Ajinca,1610612740.0,New Orleans,Pelicans,NOP,4,201950,Jrue Holiday,1610612740.0,New Orleans,Pelicans,NOP,0,0,,,,,
0021500266,315,5,1,3,9:30 PM,7:49,Davis STEAL (1 STL),,Conley Bad Pass Turnover (P2.T5),,,5,201144,Mike Conley,1610612763.0,Memphis,Grizzlies,MEM,4,203076,Anthony Davis,1610612740.0,New Orleans,Pelicans,NOP,0,0,,,,,
0021500266,316,1,1,3,9:30 PM,7:37,Davis 14' Jump Shot (10 PTS),,,68 - 73,5,4,203076,Anthony Davis,1610612740.0,New Orleans,Pelicans,NOP,0,0,,,,,,0,0,,,,,
0021500266,317,1,1,3,9:31 PM,7:20,,,Gasol 17' Jump Shot (26 PTS) (Conley 1 AST),70 - 73,3,5,201188,Marc Gasol,1610612763.0,Memphis,Grizzlies,MEM,5,201144,Mike Conley,1610612763.0,Memphis,Grizzlies,MEM,0,0,,,,,
0021500266,318,5,40,3,9:31 PM,7:13,Holiday Out of Bounds Lost Ball Turnover (P2.T3),,,,,4,201950,Jrue Holiday,1610612740.0,New Orleans,Pelicans,NOP,0,0,,,,,,0,0,,,,,
0021500266,319,6,1,3,9:31 PM,7:04,Gee P.FOUL (P2.T1) (E.Malloy),,,,,4,202087,Alonzo Gee,1610612740.0,New Orleans,Pelicans,NOP,5,201145,Jeff Green,1610612763.0,Memphis,Grizzlies,MEM,1,0,,,,,
0021500266,320,2,1,3,9:32 PM,6:53,,,MISS Conley 25' 3PT Jump Shot,,,5,201144,Mike Conley,1610612763.0,Memphis,Grizzlies,MEM,0,0,,,,,,0,0,,,,,
0021500266,321,4,0,3,9:32 PM,6:52,Davis REBOUND (Off:2 Def:5),,,,,4,203076,Anthony Davis,1610612740.0,New Orleans,Pelicans,NOP,0,0,,,,,,0,0,,,,,
0021500266,322,1,1,3,9:32 PM,6:44,Holiday 24' 3PT Jump Shot (12 PTS) (Evans 8 AST),,,70 - 76,6,4,201950,Jrue Holiday,1610612740.0,New Orleans,Pelicans,NOP,4,201936,Tyreke Evans,1610612740.0,New Orleans,Pelicans,NOP,0,0,,,,,
0021500266,323,6,1,3,9:32 PM,6:33,Ajinca P.FOUL (P4.T2) (J.Williams),,,,,4,201582,Alexis Ajinca,1610612740.0,New Orleans,Pelicans,NOP,5,201188,Marc Gasol,1610612763.0,Memphis,Grizzlies,MEM,1,0,,,,,
0021500266,324,8,0,3,9:33 PM,6:33,SUB: Anderson FOR Ajinca,,,,,4,201582,Alexis Ajinca,1610612740.0,New Orleans,Pelicans,NOP,4,201583,Ryan Anderson,1610612740.0,New Orleans,Pelicans,NOP,0,0,,,,,
0021500266,325,8,0,3,9:33 PM,6:33,SUB: Gordon FOR Holiday,,,,,4,201950,Jrue Holiday,1610612740.0,New Orleans,Pelicans,NOP,4,201569,Eric Gordon,1610612740.0,New Orleans,Pelicans,NOP,0,0,,,,,
0021500266,326,1,5,3,9:33 PM,6:22,,,Allen 2' Layup (2 PTS) (Gasol 3 AST),72 - 76,4,5,2754,Tony Allen,1610612763.0,Memphis,Grizzlies,MEM,5,201188,Marc Gasol,1610612763.0,Memphis,Grizzlies,MEM,0,0,,,,,
0021500266,327,6,2,3,9:33 PM,6:22,Gordon S.FOUL (P1.T3) (E.Malloy),,,,,4,201569,Eric Gordon,1610612740.0,New Orleans,Pelicans,NOP,5,2754,Tony Allen,1610612763.0,Memphis,Grizzlies,MEM,1,0,,,,,
0021500266,328,3,10,3,9:34 PM,6:22,,,Allen Free Throw 1 of 1 (3 PTS),73 - 76,3,5,2754,Tony Allen,1610612763.0,Memphis,Grizzlies,MEM,0,0,,,,,,0,0,,,,,
0021500266,331,5,2,3,9:34 PM,6:04,Gordon Lost Ball Turnover (P1.T4),,Allen STEAL (1 STL),,,4,201569,Eric Gordon,1610612740.0,New Orleans,Pelicans,NOP,5,2754,Tony Allen,1610612763.0,Memphis,Grizzlies,MEM,0,0,,,,,
0021500266,332,2,5,3,9:34 PM,6:01,,,MISS Conley 1' Layup,,,5,201144,Mike Conley,1610612763.0,Memphis,Grizzlies,MEM,0,0,,,,,,0,0,,,,,
0021500266,333,4,0,3,9:34 PM,6:00,Davis REBOUND (Off:2 Def:6),,,,,4,203076,Anthony Davis,1610612740.0,New Orleans,Pelicans,NOP,0,0,,,,,,0,0,,,,,
0021500266,334,2,1,3,9:34 PM,5:53,MISS Gordon  3PT Jump Shot,,,,,4,201569,Eric Gordon,1610612740.0,New Orleans,Pelicans,NOP,0,0,,,,,,0,0,,,,,
0021500266,335,4,0,3,9:34 PM,5:52,,,Grizzlies Rebound,,,3,1610612763,,,,,,0,0,,,,,,0,0,,,,,
0021500266,336,9,1,3,9:34 PM,5:52,PELICANS Timeout: Regular (Full 3 Short 0),,,,,2,1610612740,,,,,,0,0,,,,,,0,0,,,,,
0021500266,338,8,0,3,9:37 PM,5:52,SUB: Smith FOR Evans,,,,,4,201936,Tyreke Evans,1610612740.0,New Orleans,Pelicans,NOP,4,202397,Ish Smith,1610612740.0,New Orleans,Pelicans,NOP,0,0,,,,,
0021500266,339,2,5,3,9:37 PM,5:31,Davis BLOCK (5 BLK),,MISS Randolph 2' Layup,,,5,2216,Zach Randolph,1610612763.0,Memphis,Grizzlies,MEM,0,0,,,,,,4,203076,Anthony Davis,1610612740.0,New Orleans,Pelicans,NOP
0021500266,340,4,0,3,9:37 PM,5:29,,,Allen REBOUND (Off:2 Def:0),,,5,2754,Tony Allen,1610612763.0,Memphis,Grizzlies,MEM,0,0,,,,,,0,0,,,,,
0021500266,341,2,44,3,9:37 PM,5:16,,,MISS Green 2' Reverse Layup,,,5,201145,Jeff Green,1610612763.0,Memphis,Grizzlies,MEM,0,0,,,,,,0,0,,,,,
0021500266,343,4,0,3,9:38 PM,5:16,,,Randolph REBOUND (Off:4 Def:1),,,5,2216,Zach Randolph,1610612763.0,Memphis,Grizzlies,MEM,0,0,,,,,,0,0,,,,,
0021500266,342,1,72,3,9:38 PM,5:16,,,Randolph 2' Putback Layup (10 PTS),75 - 76,1,5,2216,Zach Randolph,1610612763.0,Memphis,Grizzlies,MEM,0,0,,,,,,0,0,,,,,
0021500266,344,6,2,3,9:38 PM,5:16,Davis S.FOUL (P1.T4) (J.Williams),,,,,4,203076,Anthony Davis,1610612740.0,New Orleans,Pelicans,NOP,5,2216,Zach Randolph,1610612763.0,Memphis,Grizzlies,MEM,1,0,,,,,
0021500266,345,3,10,3,9:38 PM,5:16,,,Randolph Free Throw 1 of 1 (11 PTS),76 - 76,TIE,5,2216,Zach Randolph,1610612763.0,Memphis,Grizzlies,MEM,0,0,,,,,,0,0,,,,,
0021500266,348,1,101,3,9:38 PM,4:54,Smith 6' Driving Floating Jump Shot (4 PTS) (Gordon 4 AST),,,76 - 78,2,4,202397,Ish Smith,1610612740.0,New Orleans,Pelicans,NOP,4,201569,Eric Gordon,1610612740.0,New Orleans,Pelicans,NOP,0,0,,,,,
0021500266,349,7,5,3,9:39 PM,4:40,Davis Violation:Kicked Ball (M.Ervin),,,,,4,203076,Anthony Davis,1610612740.0,New Orleans,Pelicans,NOP,0,0,,,,,,1,0,,,,,
0021500266,350,2,1,3,9:39 PM,4:29,,,MISS Green 25' 3PT Jump Shot,,,5,201145,Jeff Green,1610612763.0,Memphis,Grizzlies,MEM,0,0,,,,,,0,0,,,,,
0021500266,351,4,0,3,9:39 PM,4:29,Gordon REBOUND (Off:0 Def:1),,,,,4,201569,Eric Gordon,1610612740.0,New Orleans,Pelicans,NOP,0,0,,,,,,0,0,,,,,
0021500266,352,2,5,3,9:39 PM,4:23,MISS Gee 2' Layup,,,,,4,202087,Alonzo Gee,1610612740.0,New Orleans,Pelicans,NOP,0,0,,,,,,0,0,,,,,
0021500266,353,4,0,3,9:39 PM,4:22,,,Gasol REBOUND (Off:0 Def:9),,,5,201188,Marc Gasol,1610612763.0,Memphis,Grizzlies,MEM,0,0,,,,,,0,0,,,,,
0021500266,355,8,0,3,9:39 PM,4:17,,,SUB: Chalmers FOR Conley,,,5,201144,Mike Conley,1610612763.0,Memphis,Grizzlies,MEM,5,201596,Mario Chalmers,1610612763.0,Memphis,Grizzlies,MEM,0,0,,,,,
0021500266,356,8,0,3,9:40 PM,4:17,,,SUB: Barnes FOR Green,,,5,201145,Jeff Green,1610612763.0,Memphis,Grizzlies,MEM,5,2440,Matt Barnes,1610612763.0,Memphis,Grizzlies,MEM,0,0,,,,,
0021500266,357,2,3,3,9:40 PM,4:07,,,MISS Randolph 6' Hook Shot,,,5,2216,Zach Randolph,1610612763.0,Memphis,Grizzlies,MEM,0,0,,,,,,0,0,,,,,
0021500266,358,4,0,3,9:40 PM,4:06,,,Barnes REBOUND (Off:1 Def:1),,,5,2440,Matt Barnes,1610612763.0,Memphis,Grizzlies,MEM,0,0,,,,,,0,0,,,,,
0021500266,360,7,2,3,9:40 PM,4:06,Davis Violation:Defensive Goaltending (J.Williams),,,,,4,203076,Anthony Davis,1610612740.0,New Orleans,Pelicans,NOP,0,0,,,,,,1,0,,,,,
0021500266,359,1,72,3,9:40 PM,4:06,,,Barnes 2' Putback Layup (7 PTS),78 - 78,TIE,5,2440,Matt Barnes,1610612763.0,Memphis,Grizzlies,MEM,0,0,,,,,,0,0,,,,,
0021500266,361,2,5,3,9:40 PM,3:47,MISS Smith 2' Layup,,Gasol BLOCK (2 BLK),,,4,202397,Ish Smith,1610612740.0,New Orleans,Pelicans,NOP,0,0,,,,,,5,201188,Marc Gasol,1610612763.0,Memphis,Grizzlies,MEM
0021500266,363,4,0,3,9:40 PM,3:46,Anderson REBOUND (Off:2 Def:2),,,,,4,201583,Ryan Anderson,1610612740.0,New Orleans,Pelicans,NOP,0,0,,,,,,0,0,,,,,
0021500266,362,1,97,3,9:40 PM,3:46,Anderson 2' Tip Layup Shot (14 PTS),,,78 - 80,2,4,201583,Ryan Anderson,1610612740.0,New Orleans,Pelicans,NOP,0,0,,,,,,0,0,,,,,
0021500266,364,1,5,3,9:41 PM,3:39,,,Barnes 3' Layup (9 PTS) (Chalmers 4 AST),80 - 80,TIE,5,2440,Matt Barnes,1610612763.0,Memphis,Grizzlies,MEM,5,201596,Mario Chalmers,1610612763.0,Memphis,Grizzlies,MEM,0,0,,,,,
0021500266,365,5,45,3,9:41 PM,3:32,Smith Out of Bounds - Bad Pass Turnover Turnover (P1.T5),,,,,4,202397,Ish Smith,1610612740.0,New Orleans,Pelicans,NOP,0,0,,,,,,0,0,,,,,
0021500266,366,8,0,3,9:41 PM,3:32,,,SUB: Lee FOR Allen,,,5,2754,Tony Allen,1610612763.0,Memphis,Grizzlies,MEM,5,201584,Courtney Lee,1610612763.0,Memphis,Grizzlies,MEM,0,0,,,,,
0021500266,367,2,1,3,9:41 PM,3:07,,,MISS Lee 14' Jump Shot,,,5,201584,Courtney Lee,1610612763.0,Memphis,Grizzlies,MEM,0,0,,,,,,0,0,,,,,
0021500266,368,4,0,3,9:41 PM,3:06,Davis REBOUND (Off:2 Def:7),,,,,4,203076,Anthony Davis,1610612740.0,New Orleans,Pelicans,NOP,0,0,,,,,,0,0,,,,,
0021500266,369,5,2,3,9:42 PM,3:03,Smith Lost Ball Turnover (P2.T6),,Lee STEAL (1 STL),,,4,202397,Ish Smith,1610612740.0,New Orleans,Pelicans,NOP,5,201584,Courtney Lee,1610612763.0,Memphis,Grizzlies,MEM,0,0,,,,,
0021500266,370,6,2,3,9:42 PM,2:57,Smith S.FOUL (P1.PN) (E.Malloy),,,,,4,202397,Ish Smith,1610612740.0,New Orleans,Pelicans,NOP,5,201188,Marc Gasol,1610612763.0,Memphis,Grizzlies,MEM,1,0,,,,,
0021500266,371,9,1,3,9:42 PM,2:57,,,Grizzlies Timeout: Regular (Reg.3 Short 0),,,3,1610612763,,,,,,0,0,,,,,,0,0,,,,,
0021500266,372,8,0,3,9:44 PM,2:57,SUB: Cole FOR Gee,,,,,4,202087,Alonzo Gee,1610612740.0,New Orleans,Pelicans,NOP,4,202708,Norris Cole,1610612740.0,New Orleans,Pelicans,NOP,0,0,,,,,
0021500266,373,3,11,3,9:44 PM,2:57,,,Gasol Free Throw 1 of 2 (27 PTS),81 - 80,-1,5,201188,Marc Gasol,1610612763.0,Memphis,Grizzlies,MEM,0,0,,,,,,0,0,,,,,
0021500266,375,3,12,3,9:45 PM,2:57,,,Gasol Free Throw 2 of 2 (28 PTS),82 - 80,-2,5,201188,Marc Gasol,1610612763.0,Memphis,Grizzlies,MEM,0,0,,,,,,0,0,,,,,
0021500266,378,2,1,3,9:45 PM,2:39,MISS Cole 25' 3PT Jump Shot,,,,,4,202708,Norris Cole,1610612740.0,New Orleans,Pelicans,NOP,0,0,,,,,,0,0,,,,,
0021500266,379,4,0,3,9:45 PM,2:39,,,Chalmers REBOUND (Off:0 Def:2),,,5,201596,Mario Chalmers,1610612763.0,Memphis,Grizzlies,MEM,0,0,,,,,,0,0,,,,,
0021500266,380,1,1,3,9:45 PM,2:25,,,Chalmers 7' Jump Shot (11 PTS),84 - 80,-4,5,201596,Mario Chalmers,1610612763.0,Memphis,Grizzlies,MEM,0,0,,,,,,0,0,,,,,
0021500266,381,2,1,3,9:46 PM,2:12,MISS Davis 3' Jump Shot,,Gasol BLOCK (3 BLK),,,4,203076,Anthony Davis,1610612740.0,New Orleans,Pelicans,NOP,0,0,,,,,,5,201188,Marc Gasol,1610612763.0,Memphis,Grizzlies,MEM
0021500266,382,4,0,3,9:46 PM,2:11,,,Barnes REBOUND (Off:1 Def:2),,,5,2440,Matt Barnes,1610612763.0,Memphis,Grizzlies,MEM,0,0,,,,,,0,0,,,,,
0021500266,383,6,2,3,9:46 PM,2:06,Cole S.FOUL (P2.PN) (M.Ervin),,,,,4,202708,Norris Cole,1610612740.0,New Orleans,Pelicans,NOP,5,201188,Marc Gasol,1610612763.0,Memphis,Grizzlies,MEM,1,0,,,,,
0021500266,384,3,11,3,9:46 PM,2:06,,,Gasol Free Throw 1 of 2 (29 PTS),85 - 80,-5,5,201188,Marc Gasol,1610612763.0,Memphis,Grizzlies,MEM,0,0,,,,,,0,0,,,,,
0021500266,386,3,12,3,9:46 PM,2:06,,,Gasol Free Throw 2 of 2 (30 PTS),86 - 80,-6,5,201188,Marc Gasol,1610612763.0,Memphis,Grizzlies,MEM,0,0,,,,,,0,0,,,,,
0021500266,389,6,2,3,9:47 PM,1:51,,,Barnes S.FOUL (P2.T3) (M.Ervin),,,5,2440,Matt Barnes,1610612763.0,Memphis,Grizzlies,MEM,4,203076,Anthony Davis,1610612740.0,New Orleans,Pelicans,NOP,1,0,,,,,
0021500266,390,3,11,3,9:47 PM,1:51,Davis Free Throw 1 of 2 (11 PTS),,,86 - 81,-5,4,203076,Anthony Davis,1610612740.0,New Orleans,Pelicans,NOP,0,0,,,,,,0,0,,,,,
0021500266,392,8,0,3,9:47 PM,1:51,,,SUB: Green FOR Gasol,,,5,201188,Marc Gasol,1610612763.0,Memphis,Grizzlies,MEM,5,203210,JaMychal Green,1610612763.0,Memphis,Grizzlies,MEM,0,0,,,,,
0021500266,393,3,12,3,9:47 PM,1:51,Davis Free Throw 2 of 2 (12 PTS),,,86 - 82,-4,4,203076,Anthony Davis,1610612740.0,New Orleans,Pelicans,NOP,0,0,,,,,,0,0,,,,,
0021500266,395,2,1,3,9:48 PM,1:30,Davis BLOCK (6 BLK),,MISS Barnes 16' Jump Shot,,,5,2440,Matt Barnes,1610612763.0,Memphis,Grizzlies,MEM,0,0,,,,,,4,203076,Anthony Davis,1610612740.0,New Orleans,Pelicans,NOP
0021500266,396,4,0,3,9:48 PM,1:29,PELICANS Rebound,,,,,2,1610612740,,,,,,0,0,,,,,,0,0,,,,,
0021500266,397,6,3,3,9:48 PM,1:29,,,Randolph L.B.FOUL (P2.PN) (E.Malloy),,,5,2216,Zach Randolph,1610612763.0,Memphis,Grizzlies,MEM,4,203076,Anthony Davis,1610612740.0,New Orleans,Pelicans,NOP,1,0,,,,,
0021500266,399,3,11,3,9:48 PM,1:29,Davis Free Throw 1 of 2 (13 PTS),,,86 - 83,-3,4,203076,Anthony Davis,1610612740.0,New Orleans,Pelicans,NOP,0,0,,,,,,0,0,,,,,
0021500266,401,3,12,3,9:48 PM,1:29,Davis Free Throw 2 of 2 (14 PTS),,,86 - 84,-2,4,203076,Anthony Davis,1610612740.0,New Orleans,Pelicans,NOP,0,0,,,,,,0,0,,,,,
0021500266,403,1,42,3,9:49 PM,1:09,,,Lee 2' Driving Layup (11 PTS),88 - 84,-4,5,201584,Courtney Lee,1610612763.0,Memphis,Grizzlies,MEM,0,0,,,,,,0,0,,,,,
0021500266,404,6,27,3,9:49 PM,1:04,,,Lee Personal Block Foul (P2.PN) (M.Ervin),,,5,201584,Courtney Lee,1610612763.0,Memphis,Grizzlies,MEM,4,202708,Norris Cole,1610612740.0,New Orleans,Pelicans,NOP,1,0,,,,,
0021500266,405,3,11,3,9:49 PM,1:04,Cole Free Throw 1 of 2 (6 PTS),,,88 - 85,-3,4,202708,Norris Cole,1610612740.0,New Orleans,Pelicans,NOP,0,0,,,,,,0,0,,,,,
0021500266,407,8,0,3,9:50 PM,1:04,SUB: Asik FOR Davis,,,,,4,203076,Anthony Davis,1610612740.0,New Orleans,Pelicans,NOP,4,201600,Omer Asik,1610612740.0,New Orleans,Pelicans,NOP,0,0,,,,,
0021500266,408,3,12,3,9:50 PM,1:04,MISS Cole Free Throw 2 of 2,,,,,4,202708,Norris Cole,1610612740.0,New Orleans,Pelicans,NOP,0,0,,,,,,0,0,,,,,
0021500266,410,4,0,3,9:50 PM,1:03,,,Green REBOUND (Off:2 Def:2),,,5,203210,JaMychal Green,1610612763.0,Memphis,Grizzlies,MEM,0,0,,,,,,0,0,,,,,
0021500266,412,1,42,3,9:50 PM,0:46,,,Randolph 2' Driving Layup (13 PTS),90 - 85,-5,5,2216,Zach Randolph,1610612763.0,Memphis,Grizzlies,MEM,0,0,,,,,,0,0,,,,,
0021500266,413,6,2,3,9:50 PM,0:46,Asik S.FOUL (P2.PN) (J.Williams),,,,,4,201600,Omer Asik,1610612740.0,New Orleans,Pelicans,NOP,5,2216,Zach Randolph,1610612763.0,Memphis,Grizzlies,MEM,1,0,,,,,
0021500266,414,8,0,3,9:51 PM,0:46,,,SUB: Allen FOR Green,,,5,203210,JaMychal Green,1610612763.0,Memphis,Grizzlies,MEM,5,2754,Tony Allen,1610612763.0,Memphis,Grizzlies,MEM,0,0,,,,,
0021500266,415,3,10,3,9:51 PM,0:46,,,Randolph Free Throw 1 of 1 (14 PTS),91 - 85,-6,5,2216,Zach Randolph,1610612763.0,Memphis,Grizzlies,MEM,0,0,,,,,,0,0,,,,,
0021500266,417,2,79,3,9:51 PM,0:27,MISS Cole 20' Pullup Jump Shot,,,,,4,202708,Norris Cole,1610612740.0,New Orleans,Pelicans,NOP,0,0,,,,,,0,0,,,,,
0021500266,418,4,0,3,9:51 PM,0:26,,,Allen REBOUND (Off:2 Def:1),,,5,2754,Tony Allen,1610612763.0,Memphis,Grizzlies,MEM,0,0,,,,,,0,0,,,,,
0021500266,419,7,5,3,9:51 PM,0:14,Smith Violation:Kicked Ball (E.Malloy),,,,,4,202397,Ish Smith,1610612740.0,New Orleans,Pelicans,NOP,0,0,,,,,,1,0,,,,,
0021500266,420,8,0,3,9:52 PM,0:14,,,SUB: Carter FOR Allen,,,5,2754,Tony Allen,1610612763.0,Memphis,Grizzlies,MEM,5,1713,Vince Carter,1610612763.0,Memphis,Grizzlies,MEM,0,0,,,,,
0021500266,421,2,1,3,9:52 PM,0:01,,,MISS Randolph 14' Jump Shot,,,5,2216,Zach Randolph,1610612763.0,Memphis,Grizzlies,MEM,0,0,,,,,,0,0,,,,,
0021500266,422,4,0,3,9:52 PM,0:00,,,Chalmers REBOUND (Off:1 Def:2),,,5,201596,Mario Chalmers,1610612763.0,Memphis,Grizzlies,MEM,0,0,,,,,,0,0,,,,,
0021500266,423,13,0,3,9:52 PM,0:00,,,,91 - 85,-6,0,0,,,,,,0,0,,,,,,0,0,,,,,
0021500266,425,12,0,4,9:55 PM,12:00,,,,91 - 85,-6,0,0,,,,,,0,0,,,,,,0,0,,,,,
0021500266,426,2,5,4,9:55 PM,11:37,,,MISS Lee 2' Layup,,,5,201584,Courtney Lee,1610612763.0,Memphis,Grizzlies,MEM,0,0,,,,,,0,0,,,,,
0021500266,427,4,0,4,9:55 PM,11:36,Anderson REBOUND (Off:2 Def:3),,,,,4,201583,Ryan Anderson,1610612740.0,New Orleans,Pelicans,NOP,0,0,,,,,,0,0,,,,,
0021500266,428,2,1,4,9:56 PM,11:27,MISS Anderson 25' 3PT Jump Shot,,,,,4,201583,Ryan Anderson,1610612740.0,New Orleans,Pelicans,NOP,0,0,,,,,,0,0,,,,,
0021500266,429,4,0,4,9:56 PM,11:26,,,Randolph REBOUND (Off:4 Def:2),,,5,2216,Zach Randolph,1610612763.0,Memphis,Grizzlies,MEM,0,0,,,,,,0,0,,,,,
0021500266,430,6,2,4,9:56 PM,11:17,Gordon S.FOUL (P2.T1) (E.Malloy),,,,,4,201569,Eric Gordon,1610612740.0,New Orleans,Pelicans,NOP,5,2440,Matt Barnes,1610612763.0,Memphis,Grizzlies,MEM,1,0,,,,,
0021500266,431,3,11,4,9:56 PM,11:17,,,Barnes Free Throw 1 of 2 (10 PTS),92 - 85,-7,5,2440,Matt Barnes,1610612763.0,Memphis,Grizzlies,MEM,0,0,,,,,,0,0,,,,,
0021500266,433,8,0,4,9:56 PM,11:17,,,SUB: Gasol FOR Randolph,,,5,2216,Zach Randolph,1610612763.0,Memphis,Grizzlies,MEM,5,201188,Marc Gasol,1610612763.0,Memphis,Grizzlies,MEM,0,0,,,,,
0021500266,434,8,0,4,9:56 PM,11:17,,,SUB: Green FOR Green,,,5,203210,JaMychal Green,1610612763.0,Memphis,Grizzlies,MEM,5,201145,Jeff Green,1610612763.0,Memphis,Grizzlies,MEM,0,0,,,,,
0021500266,435,3,12,4,9:56 PM,11:17,,,Barnes Free Throw 2 of 2 (11 PTS),93 - 85,-8,5,2440,Matt Barnes,1610612763.0,Memphis,Grizzlies,MEM,0,0,,,,,,0,0,,,,,
0021500266,437,2,1,4,9:57 PM,10:52,MISS Gordon 25' 3PT Jump Shot,,,,,4,201569,Eric Gordon,1610612740.0,New Orleans,Pelicans,NOP,0,0,,,,,,0,0,,,,,
0021500266,438,4,0,4,9:57 PM,10:51,,,Barnes REBOUND (Off:1 Def:3),,,5,2440,Matt Barnes,1610612763.0,Memphis,Grizzlies,MEM,0,0,,,,,,0,0,,,,,
0021500266,439,1,5,4,9:57 PM,10:43,,,Lee 2' Layup (13 PTS) (Gasol 4 AST),95 - 85,-10,5,201584,Courtney Lee,1610612763.0,Memphis,Grizzlies,MEM,5,201188,Marc Gasol,1610612763.0,Memphis,Grizzlies,MEM,0,0,,,,,
0021500266,441,9,1,4,9:57 PM,10:43,PELICANS Timeout: Regular (Full 4 Short 0),,,,,2,1610612740,,,,,,0,0,,,,,,0,0,,,,,
0021500266,443,8,0,4,9:59 PM,10:43,SUB: Evans FOR Gordon,,,,,4,201569,Eric Gordon,1610612740.0,New Orleans,Pelicans,NOP,4,201936,Tyreke Evans,1610612740.0,New Orleans,Pelicans,NOP,0,0,,,,,
0021500266,444,8,0,4,9:59 PM,10:43,SUB: Davis FOR Smith,,,,,4,202397,Ish Smith,1610612740.0,New Orleans,Pelicans,NOP,4,203076,Anthony Davis,1610612740.0,New Orleans,Pelicans,NOP,0,0,,,,,
0021500266,445,8,0,4,9:59 PM,10:43,SUB: Holiday FOR Asik,,,,,4,201600,Omer Asik,1610612740.0,New Orleans,Pelicans,NOP,4,201950,Jrue Holiday,1610612740.0,New Orleans,Pelicans,NOP,0,0,,,,,
0021500266,446,2,1,4,10:00 PM,10:28,MISS Cole 19' Jump Shot,,,,,4,202708,Norris Cole,1610612740.0,New Orleans,Pelicans,NOP,0,0,,,,,,0,0,,,,,
0021500266,447,4,0,4,10:00 PM,10:27,Evans REBOUND (Off:2 Def:2),,,,,4,201936,Tyreke Evans,1610612740.0,New Orleans,Pelicans,NOP,0,0,,,,,,0,0,,,,,
0021500266,448,1,42,4,10:00 PM,10:13,Evans 2' Driving Layup (15 PTS),,,95 - 87,-8,4,201936,Tyreke Evans,1610612740.0,New Orleans,Pelicans,NOP,0,0,,,,,,0,0,,,,,
0021500266,449,5,1,4,10:01 PM,9:56,Davis STEAL (2 STL),,Gasol Bad Pass Turnover (P3.T6),,,5,201188,Marc Gasol,1610612763.0,Memphis,Grizzlies,MEM,4,203076,Anthony Davis,1610612740.0,New Orleans,Pelicans,NOP,0,0,,,,,
0021500266,450,6,1,4,10:01 PM,9:56,,,Chalmers P.FOUL (P2.T1) (E.Malloy),,,5,201596,Mario Chalmers,1610612763.0,Memphis,Grizzlies,MEM,4,202708,Norris Cole,1610612740.0,New Orleans,Pelicans,NOP,1,0,,,,,
0021500266,451,2,44,4,10:01 PM,9:42,MISS Davis 2' Reverse Layup,,,,,4,203076,Anthony Davis,1610612740.0,New Orleans,Pelicans,NOP,0,0,,,,,,0,0,,,,,
0021500266,452,4,0,4,10:01 PM,9:42,,,Grizzlies Rebound,,,3,1610612763,,,,,,0,0,,,,,,0,0,,,,,
0021500266,454,2,1,4,10:01 PM,9:25,Davis BLOCK (7 BLK),,MISS Gasol 13' Jump Shot,,,5,201188,Marc Gasol,1610612763.0,Memphis,Grizzlies,MEM,0,0,,,,,,4,203076,Anthony Davis,1610612740.0,New Orleans,Pelicans,NOP
0021500266,455,4,0,4,10:02 PM,9:23,Davis REBOUND (Off:2 Def:8),,,,,4,203076,Anthony Davis,1610612740.0,New Orleans,Pelicans,NOP,0,0,,,,,,0,0,,,,,
0021500266,456,2,1,4,10:02 PM,9:17,MISS Anderson 25' 3PT Jump Shot,,,,,4,201583,Ryan Anderson,1610612740.0,New Orleans,Pelicans,NOP,0,0,,,,,,0,0,,,,,
0021500266,457,4,0,4,10:02 PM,9:16,,,Chalmers REBOUND (Off:1 Def:3),,,5,201596,Mario Chalmers,1610612763.0,Memphis,Grizzlies,MEM,0,0,,,,,,0,0,,,,,
0021500266,458,2,5,4,10:02 PM,9:10,Evans BLOCK (1 BLK),,MISS Barnes 2' Layup,,,5,2440,Matt Barnes,1610612763.0,Memphis,Grizzlies,MEM,0,0,,,,,,4,201936,Tyreke Evans,1610612740.0,New Orleans,Pelicans,NOP
0021500266,459,4,0,4,10:02 PM,9:09,Anderson REBOUND (Off:2 Def:4),,,,,4,201583,Ryan Anderson,1610612740.0,New Orleans,Pelicans,NOP,0,0,,,,,,0,0,,,,,
0021500266,460,6,29,4,10:02 PM,9:06,,,Chalmers Shooting Block Foul (P3.T2) (M.Ervin),,,5,201596,Mario Chalmers,1610612763.0,Memphis,Grizzlies,MEM,4,202708,Norris Cole,1610612740.0,New Orleans,Pelicans,NOP,1,0,,,,,
0021500266,461,3,11,4,10:02 PM,9:06,Cole Free Throw 1 of 2 (7 PTS),,,95 - 88,-7,4,202708,Norris Cole,1610612740.0,New Orleans,Pelicans,NOP,0,0,,,,,,0,0,,,,,
0021500266,463,3,12,4,10:03 PM,9:06,MISS Cole Free Throw 2 of 2,,,,,4,202708,Norris Cole,1610612740.0,New Orleans,Pelicans,NOP,0,0,,,,,,0,0,,,,,
0021500266,465,4,0,4,10:03 PM,9:05,,,Gasol REBOUND (Off:0 Def:10),,,5,201188,Marc Gasol,1610612763.0,Memphis,Grizzlies,MEM,0,0,,,,,,0,0,,,,,
0021500266,467,6,1,4,10:03 PM,8:56,Cole P.FOUL (P3.T2) (J.Williams),,,,,4,202708,Norris Cole,1610612740.0,New Orleans,Pelicans,NOP,5,201596,Mario Chalmers,1610612763.0,Memphis,Grizzlies,MEM,1,0,,,,,
0021500266,468,6,1,4,10:03 PM,8:50,Cole P.FOUL (P4.T3) (J.Williams),,,,,4,202708,Norris Cole,1610612740.0,New Orleans,Pelicans,NOP,5,201188,Marc Gasol,1610612763.0,Memphis,Grizzlies,MEM,1,0,,,,,
0021500266,469,2,73,4,10:04 PM,8:39,,,MISS Green 3' Driving Reverse Layup,,,5,201145,Jeff Green,1610612763.0,Memphis,Grizzlies,MEM,0,0,,,,,,0,0,,,,,
0021500266,470,4,0,4,10:04 PM,8:38,Anderson REBOUND (Off:2 Def:5),,,,,4,201583,Ryan Anderson,1610612740.0,New Orleans,Pelicans,NOP,0,0,,,,,,0,0,,,,,
0021500266,472,6,2,4,10:04 PM,8:29,,,Lee S.FOUL (P3.T3) (E.Malloy),,,5,201584,Courtney Lee,1610612763.0,Memphis,Grizzlies,MEM,4,201936,Tyreke Evans,1610612740.0,New Orleans,Pelicans,NOP,1,0,,,,,
0021500266,473,3,11,4,10:05 PM,8:29,Evans Free Throw 1 of 2 (16 PTS),,,95 - 89,-6,4,201936,Tyreke Evans,1610612740.0,New Orleans,Pelicans,NOP,0,0,,,,,,0,0,,,,,
0021500266,475,3,12,4,10:05 PM,8:29,Evans Free Throw 2 of 2 (17 PTS),,,95 - 90,-5,4,201936,Tyreke Evans,1610612740.0,New Orleans,Pelicans,NOP,0,0,,,,,,0,0,,,,,
0021500266,478,1,3,4,10:05 PM,8:12,,,Gasol 7' Hook Shot (32 PTS),97 - 90,-7,5,201188,Marc Gasol,1610612763.0,Memphis,Grizzlies,MEM,0,0,,,,,,0,0,,,,,
0021500266,479,2,5,4,10:06 PM,8:01,MISS Anderson 2' Layup,,Gasol BLOCK (4 BLK),,,4,201583,Ryan Anderson,1610612740.0,New Orleans,Pelicans,NOP,0,0,,,,,,5,201188,Marc Gasol,1610612763.0,Memphis,Grizzlies,MEM
0021500266,480,4,0,4,10:06 PM,8:01,PELICANS Rebound,,,,,2,1610612740,,,,,,0,0,,,,,,0,0,,,,,
0021500266,481,8,0,4,10:06 PM,8:01,SUB: Gee FOR Holiday,,,,,4,201950,Jrue Holiday,1610612740.0,New Orleans,Pelicans,NOP,4,202087,Alonzo Gee,1610612740.0,New Orleans,Pelicans,NOP,0,0,,,,,
0021500266,482,5,1,4,10:06 PM,7:59,Gee Bad Pass Turnover (P1.T7),,Green STEAL (1 STL),,,4,202087,Alonzo Gee,1610612740.0,New Orleans,Pelicans,NOP,5,201145,Jeff Green,1610612763.0,Memphis,Grizzlies,MEM,0,0,,,,,
0021500266,483,1,5,4,10:06 PM,7:54,,,Barnes 2' Layup (13 PTS),99 - 90,-9,5,2440,Matt Barnes,1610612763.0,Memphis,Grizzlies,MEM,0,0,,,,,,0,0,,,,,
0021500266,484,2,1,4,10:06 PM,7:36,MISS Evans 25' 3PT Jump Shot,,,,,4,201936,Tyreke Evans,1610612740.0,New Orleans,Pelicans,NOP,0,0,,,,,,0,0,,,,,
0021500266,485,4,0,4,10:06 PM,7:35,,,Gasol REBOUND (Off:0 Def:11),,,5,201188,Marc Gasol,1610612763.0,Memphis,Grizzlies,MEM,0,0,,,,,,0,0,,,,,
0021500266,486,2,1,4,10:07 PM,7:18,,,MISS Green 15' Jump Shot,,,5,201145,Jeff Green,1610612763.0,Memphis,Grizzlies,MEM,0,0,,,,,,0,0,,,,,
0021500266,487,4,0,4,10:07 PM,7:17,Davis REBOUND (Off:2 Def:9),,,,,4,203076,Anthony Davis,1610612740.0,New Orleans,Pelicans,NOP,0,0,,,,,,0,0,,,,,
0021500266,488,6,2,4,10:07 PM,7:11,,,Chalmers S.FOUL (P4.T4) (M.Ervin),,,5,201596,Mario Chalmers,1610612763.0,Memphis,Grizzlies,MEM,4,202708,Norris Cole,1610612740.0,New Orleans,Pelicans,NOP,1,0,,,,,
0021500266,489,3,11,4,10:07 PM,7:11,MISS Cole Free Throw 1 of 2,,,,,4,202708,Norris Cole,1610612740.0,New Orleans,Pelicans,NOP,0,0,,,,,,0,0,,,,,
0021500266,490,4,1,4,10:07 PM,7:11,PELICANS Rebound,,,,,2,1610612740,,,,,,0,0,,,,,,0,0,,,,,
0021500266,491,3,12,4,10:07 PM,7:11,Cole Free Throw 2 of 2 (8 PTS),,,99 - 91,-8,4,202708,Norris Cole,1610612740.0,New Orleans,Pelicans,NOP,0,0,,,,,,0,0,,,,,
0021500266,494,9,1,4,10:08 PM,7:09,,,Grizzlies Timeout: Regular (Reg.4 Short 0),,,3,1610612763,,,,,,0,0,,,,,,0,0,,,,,
0021500266,496,8,0,4,10:10 PM,7:09,,,SUB: Conley FOR Chalmers,,,5,201596,Mario Chalmers,1610612763.0,Memphis,Grizzlies,MEM,5,201144,Mike Conley,1610612763.0,Memphis,Grizzlies,MEM,0,0,,,,,
0021500266,497,1,78,4,10:10 PM,6:57,,,Conley 8' Floating Jump Shot (7 PTS) (Gasol 5 AST),101 - 91,-10,5,201144,Mike Conley,1610612763.0,Memphis,Grizzlies,MEM,5,201188,Marc Gasol,1610612763.0,Memphis,Grizzlies,MEM,0,0,,,,,
0021500266,498,1,5,4,10:11 PM,6:45,Davis 2' Layup (16 PTS) (Evans 9 AST),,,101 - 93,-8,4,203076,Anthony Davis,1610612740.0,New Orleans,Pelicans,NOP,4,201936,Tyreke Evans,1610612740.0,New Orleans,Pelicans,NOP,0,0,,,,,
0021500266,499,6,2,4,10:11 PM,6:45,,,Green S.FOUL (P3.PN) (J.Williams),,,5,201145,Jeff Green,1610612763.0,Memphis,Grizzlies,MEM,4,203076,Anthony Davis,1610612740.0,New Orleans,Pelicans,NOP,1,0,,,,,
0021500266,500,3,10,4,10:11 PM,6:45,MISS Davis Free Throw 1 of 1,,,,,4,203076,Anthony Davis,1610612740.0,New Orleans,Pelicans,NOP,0,0,,,,,,0,0,,,,,
0021500266,502,4,0,4,10:11 PM,6:44,,,Barnes REBOUND (Off:1 Def:4),,,5,2440,Matt Barnes,1610612763.0,Memphis,Grizzlies,MEM,0,0,,,,,,0,0,,,,,
0021500266,503,2,1,4,10:11 PM,6:24,Davis BLOCK (8 BLK),,MISS Gasol 11' Jump Shot,,,5,201188,Marc Gasol,1610612763.0,Memphis,Grizzlies,MEM,0,0,,,,,,4,203076,Anthony Davis,1610612740.0,New Orleans,Pelicans,NOP
0021500266,504,4,0,4,10:11 PM,6:22,Anderson REBOUND (Off:2 Def:6),,,,,4,201583,Ryan Anderson,1610612740.0,New Orleans,Pelicans,NOP,0,0,,,,,,0,0,,,,,
0021500266,505,2,3,4,10:12 PM,6:10,MISS Davis 8' Hook Shot,,,,,4,203076,Anthony Davis,1610612740.0,New Orleans,Pelicans,NOP,0,0,,,,,,0,0,,,,,
0021500266,506,4,0,4,10:12 PM,6:08,,,Barnes REBOUND (Off:1 Def:5),,,5,2440,Matt Barnes,1610612763.0,Memphis,Grizzlies,MEM,0,0,,,,,,0,0,,,,,
0021500266,507,1,1,4,10:12 PM,5:55,,,Gasol 20' Jump Shot (34 PTS) (Conley 2 AST),103 - 93,-10,5,201188,Marc Gasol,1610612763.0,Memphis,Grizzlies,MEM,5,201144,Mike Conley,1610612763.0,Memphis,Grizzlies,MEM,0,0,,,,,
0021500266,508,1,5,4,10:12 PM,5:34,Anderson 2' Layup (16 PTS) (Evans 10 AST),,,103 - 95,-8,4,201583,Ryan Anderson,1610612740.0,New Orleans,Pelicans,NOP,4,201936,Tyreke Evans,1610612740.0,New Orleans,Pelicans,NOP,0,0,,,,,
0021500266,509,1,1,4,10:12 PM,5:18,,,Gasol 21' Jump Shot (36 PTS) (Conley 3 AST),105 - 95,-10,5,201188,Marc Gasol,1610612763.0,Memphis,Grizzlies,MEM,5,201144,Mike Conley,1610612763.0,Memphis,Grizzlies,MEM,0,0,,,,,
0021500266,510,6,2,4,10:13 PM,5:04,,,Barnes S.FOUL (P3.PN) (M.Ervin),,,5,2440,Matt Barnes,1610612763.0,Memphis,Grizzlies,MEM,4,203076,Anthony Davis,1610612740.0,New Orleans,Pelicans,NOP,1,0,,,,,
0021500266,511,3,11,4,10:13 PM,5:04,MISS Davis Free Throw 1 of 2,,,,,4,203076,Anthony Davis,1610612740.0,New Orleans,Pelicans,NOP,0,0,,,,,,0,0,,,,,
0021500266,512,4,1,4,10:13 PM,5:04,PELICANS Rebound,,,,,2,1610612740,,,,,,0,0,,,,,,0,0,,,,,
0021500266,513,8,0,4,10:13 PM,5:04,SUB: Holiday FOR Gee,,,,,4,202087,Alonzo Gee,1610612740.0,New Orleans,Pelicans,NOP,4,201950,Jrue Holiday,1610612740.0,New Orleans,Pelicans,NOP,0,0,,,,,
0021500266,514,3,12,4,10:13 PM,5:04,Davis Free Throw 2 of 2 (17 PTS),,,105 - 96,-9,4,203076,Anthony Davis,1610612740.0,New Orleans,Pelicans,NOP,0,0,,,,,,0,0,,,,,
0021500266,516,2,1,4,10:14 PM,4:45,,,MISS Barnes 24' 3PT Jump Shot,,,5,2440,Matt Barnes,1610612763.0,Memphis,Grizzlies,MEM,0,0,,,,,,0,0,,,,,
0021500266,517,4,0,4,10:14 PM,4:44,Davis REBOUND (Off:2 Def:10),,,,,4,203076,Anthony Davis,1610612740.0,New Orleans,Pelicans,NOP,0,0,,,,,,0,0,,,,,
0021500266,518,2,1,4,10:14 PM,4:21,MISS Cole 26' 3PT Jump Shot,,,,,4,202708,Norris Cole,1610612740.0,New Orleans,Pelicans,NOP,0,0,,,,,,0,0,,,,,
0021500266,519,4,0,4,10:14 PM,4:20,PELICANS Rebound,,,,,2,1610612740,,,,,,0,0,,,,,,0,0,,,,,
0021500266,520,8,0,4,10:15 PM,4:20,,,SUB: Randolph FOR Green,,,5,201145,Jeff Green,1610612763.0,Memphis,Grizzlies,MEM,5,2216,Zach Randolph,1610612763.0,Memphis,Grizzlies,MEM,0,0,,,,,
0021500266,521,2,5,4,10:15 PM,4:10,MISS Anderson 1' Layup,,,,,4,201583,Ryan Anderson,1610612740.0,New Orleans,Pelicans,NOP,0,0,,,,,,0,0,,,,,
0021500266,523,4,0,4,10:15 PM,4:09,Davis REBOUND (Off:3 Def:10),,,,,4,203076,Anthony Davis,1610612740.0,New Orleans,Pelicans,NOP,0,0,,,,,,0,0,,,,,
0021500266,522,2,97,4,10:15 PM,4:09,MISS Davis 1' Tip Layup Shot,,,,,4,203076,Anthony Davis,1610612740.0,New Orleans,Pelicans,NOP,0,0,,,,,,0,0,,,,,
0021500266,524,4,0,4,10:15 PM,4:08,,,Gasol REBOUND (Off:0 Def:12),,,5,201188,Marc Gasol,1610612763.0,Memphis,Grizzlies,MEM,0,0,,,,,,0,0,,,,,
0021500266,525,6,2,4,10:15 PM,3:56,Anderson S.FOUL (P2.T4) (M.Ervin),,,,,4,201583,Ryan Anderson,1610612740.0,New Orleans,Pelicans,NOP,5,201188,Marc Gasol,1610612763.0,Memphis,Grizzlies,MEM,1,0,,,,,
0021500266,526,3,11,4,10:15 PM,3:56,,,Gasol Free Throw 1 of 2 (37 PTS),106 - 96,-10,5,201188,Marc Gasol,1610612763.0,Memphis,Grizzlies,MEM,0,0,,,,,,0,0,,,,,
0021500266,528,3,12,4,10:16 PM,3:56,,,Gasol Free Throw 2 of 2 (38 PTS),107 - 96,-11,5,201188,Marc Gasol,1610612763.0,Memphis,Grizzlies,MEM,0,0,,,,,,0,0,,,,,
0021500266,532,2,44,4,10:16 PM,3:37,MISS Evans 1' Reverse Layup,,,,,4,201936,Tyreke Evans,1610612740.0,New Orleans,Pelicans,NOP,0,0,,,,,,0,0,,,,,
0021500266,533,4,0,4,10:16 PM,3:36,,,Gasol REBOUND (Off:0 Def:13),,,5,201188,Marc Gasol,1610612763.0,Memphis,Grizzlies,MEM,0,0,,,,,,0,0,,,,,
0021500266,534,2,5,4,10:16 PM,3:31,Davis BLOCK (9 BLK),,MISS Barnes 2' Layup,,,5,2440,Matt Barnes,1610612763.0,Memphis,Grizzlies,MEM,0,0,,,,,,4,203076,Anthony Davis,1610612740.0,New Orleans,Pelicans,NOP
0021500266,535,4,0,4,10:16 PM,3:30,Evans REBOUND (Off:2 Def:3),,,,,4,201936,Tyreke Evans,1610612740.0,New Orleans,Pelicans,NOP,0,0,,,,,,0,0,,,,,
0021500266,536,1,1,4,10:16 PM,3:24,Cole 24' 3PT Jump Shot (11 PTS) (Anderson 2 AST),,,107 - 99,-8,4,202708,Norris Cole,1610612740.0,New Orleans,Pelicans,NOP,4,201583,Ryan Anderson,1610612740.0,New Orleans,Pelicans,NOP,0,0,,,,,
0021500266,537,2,1,4,10:17 PM,3:03,,,MISS Lee 15' Jump Shot,,,5,201584,Courtney Lee,1610612763.0,Memphis,Grizzlies,MEM,0,0,,,,,,0,0,,,,,
0021500266,538,4,0,4,10:17 PM,3:02,Cole REBOUND (Off:0 Def:1),,,,,4,202708,Norris Cole,1610612740.0,New Orleans,Pelicans,NOP,0,0,,,,,,0,0,,,,,
0021500266,539,1,1,4,10:17 PM,2:54,Evans 25' 3PT Jump Shot (20 PTS) (Holiday 4 AST),,,107 - 102,-5,4,201936,Tyreke Evans,1610612740.0,New Orleans,Pelicans,NOP,4,201950,Jrue Holiday,1610612740.0,New Orleans,Pelicans,NOP,0,0,,,,,
0021500266,541,9,2,4,10:17 PM,2:53,,,Grizzlies Timeout: Short (Reg.4 Short 1),,,3,1610612763,,,,,,0,0,,,,,,0,0,,,,,
0021500266,542,9,4,4,10:18 PM,2:53,,,,,,1,0,,,,,,0,0,,,,,,0,0,,,,,
0021500266,544,8,0,4,10:19 PM,2:53,,,SUB: Green FOR Barnes,,,5,2440,Matt Barnes,1610612763.0,Memphis,Grizzlies,MEM,5,201145,Jeff Green,1610612763.0,Memphis,Grizzlies,MEM,0,0,,,,,
0021500266,546,2,1,4,10:20 PM,2:33,,,MISS Gasol 14' Jump Shot,,,5,201188,Marc Gasol,1610612763.0,Memphis,Grizzlies,MEM,0,0,,,,,,0,0,,,,,
0021500266,547,4,0,4,10:20 PM,2:32,Davis REBOUND (Off:3 Def:11),,,,,4,203076,Anthony Davis,1610612740.0,New Orleans,Pelicans,NOP,0,0,,,,,,0,0,,,,,
0021500266,548,5,45,4,10:21 PM,2:16,Evans Out of Bounds - Bad Pass Turnover Turnover (P1.T8),,,,,4,201936,Tyreke Evans,1610612740.0,New Orleans,Pelicans,NOP,0,0,,,,,,0,0,,,,,
0021500266,549,7,5,4,10:21 PM,2:00,Holiday Violation:Kicked Ball (E.Malloy),,,,,4,201950,Jrue Holiday,1610612740.0,New Orleans,Pelicans,NOP,0,0,,,,,,1,0,,,,,
0021500266,550,1,1,4,10:21 PM,1:50,,,Green 19' Jump Shot (6 PTS),109 - 102,-7,5,201145,Jeff Green,1610612763.0,Memphis,Grizzlies,MEM,0,0,,,,,,0,0,,,,,
0021500266,551,2,1,4,10:22 PM,1:34,MISS Cole 26' 3PT Jump Shot,,,,,4,202708,Norris Cole,1610612740.0,New Orleans,Pelicans,NOP,0,0,,,,,,0,0,,,,,
0021500266,552,4,0,4,10:22 PM,1:34,,,Lee REBOUND (Off:2 Def:1),,,5,201584,Courtney Lee,1610612763.0,Memphis,Grizzlies,MEM,0,0,,,,,,0,0,,,,,
0021500266,553,1,42,4,10:22 PM,1:22,,,Conley 2' Driving Layup (9 PTS),111 - 102,-9,5,201144,Mike Conley,1610612763.0,Memphis,Grizzlies,MEM,0,0,,,,,,0,0,,,,,
0021500266,554,9,1,4,10:22 PM,1:22,PELICANS Timeout: Regular (Full 5 Short 0),,,,,2,1610612740,,,,,,0,0,,,,,,0,0,,,,,
0021500266,557,2,1,4,10:24 PM,1:12,MISS Cole 24' 3PT Jump Shot,,,,,4,202708,Norris Cole,1610612740.0,New Orleans,Pelicans,NOP,0,0,,,,,,0,0,,,,,
0021500266,558,4,0,4,10:24 PM,1:12,,,Grizzlies Rebound,,,3,1610612763,,,,,,0,0,,,,,,0,0,,,,,
0021500266,559,1,1,4,10:25 PM,0:56,,,Conley 23' Jump Shot (11 PTS) (Gasol 6 AST),113 - 102,-11,5,201144,Mike Conley,1610612763.0,Memphis,Grizzlies,MEM,5,201188,Marc Gasol,1610612763.0,Memphis,Grizzlies,MEM,0,0,,,,,
0021500266,560,9,2,4,10:25 PM,0:56,PELICANS Timeout: Short (Full 5 Short 1),,,,,2,1610612740,,,,,,0,0,,,,,,0,0,,,,,
0021500266,562,8,0,4,10:26 PM,0:56,SUB: Ajinca FOR Davis,,,,,4,203076,Anthony Davis,1610612740.0,New Orleans,Pelicans,NOP,4,201582,Alexis Ajinca,1610612740.0,New Orleans,Pelicans,NOP,0,0,,,,,
0021500266,563,8,0,4,10:26 PM,0:56,SUB: Gee FOR Holiday,,,,,4,201950,Jrue Holiday,1610612740.0,New Orleans,Pelicans,NOP,4,202087,Alonzo Gee,1610612740.0,New Orleans,Pelicans,NOP,0,0,,,,,
0021500266,564,8,0,4,10:26 PM,0:56,SUB: Smith FOR Evans,,,,,4,201936,Tyreke Evans,1610612740.0,New Orleans,Pelicans,NOP,4,202397,Ish Smith,1610612740.0,New Orleans,Pelicans,NOP,0,0,,,,,
0021500266,565,1,5,4,10:27 PM,0:54,Ajinca 3' Layup (10 PTS) (Cole 2 AST),,,113 - 104,-9,4,201582,Alexis Ajinca,1610612740.0,New Orleans,Pelicans,NOP,4,202708,Norris Cole,1610612740.0,New Orleans,Pelicans,NOP,0,0,,,,,
0021500266,566,2,5,4,10:27 PM,0:34,,,MISS Gasol 2' Layup,,,5,201188,Marc Gasol,1610612763.0,Memphis,Grizzlies,MEM,0,0,,,,,,0,0,,,,,
0021500266,567,4,0,4,10:27 PM,0:32,Cole REBOUND (Off:0 Def:2),,,,,4,202708,Norris Cole,1610612740.0,New Orleans,Pelicans,NOP,0,0,,,,,,0,0,,,,,
0021500266,568,2,5,4,10:27 PM,0:26,MISS Cole 2' Layup,,,,,4,202708,Norris Cole,1610612740.0,New Orleans,Pelicans,NOP,0,0,,,,,,0,0,,,,,
0021500266,569,4,0,4,10:27 PM,0:24,,,Conley REBOUND (Off:0 Def:2),,,5,201144,Mike Conley,1610612763.0,Memphis,Grizzlies,MEM,0,0,,,,,,0,0,,,,,
0021500266,570,2,5,4,10:27 PM,0:05,,,MISS Gasol 2' Layup,,,5,201188,Marc Gasol,1610612763.0,Memphis,Grizzlies,MEM,0,0,,,,,,0,0,,,,,
0021500266,571,4,0,4,10:27 PM,0:04,Smith REBOUND (Off:0 Def:1),,,,,4,202397,Ish Smith,1610612740.0,New Orleans,Pelicans,NOP,0,0,,,,,,0,0,,,,,
0021500266,572,2,1,4,10:27 PM,0:01,MISS Anderson 25' 3PT Jump Shot,,,,,4,201583,Ryan Anderson,1610612740.0,New Orleans,Pelicans,NOP,0,0,,,,,,0,0,,,,,
0021500266,573,4,0,4,10:27 PM,0:00,,,Lee REBOUND (Off:2 Def:2),,,5,201584,Courtney Lee,1610612763.0,Memphis,Grizzlies,MEM,0,0,,,,,,0,0,,,,,
0021500266,574,13,0,4,10:28 PM,0:00,,,,113 - 104,-9,0,0,,,,,,0,0,,,,,,0,0,,,,,
