GAME_ID,EVENTNUM,EVENTMSGTYPE,EVENTMSGACTIONTYPE,PERIOD,WCTIMESTRING,PCTIMESTRING,HOMEDESCRIPTION,NEUTRALDESCRIPTION,VISITORDESCRIPTION,SCORE,SCOREMARGIN,PERSON1TYPE,PLAYER1_ID,PLAYER1_NAME,PLAYER1_TEAM_ID,PLAYER1_TEAM_CITY,PLAYER1_TEAM_NICKNAME,PLAYER1_TEAM_ABBREVIATION,PERSON2TYPE,PLAYER2_ID,PLAYER2_NAME,PLAYER2_TEAM_ID,PLAYER2_TEAM_CITY,PLAYER2_TEAM_NICKNAME,PLAYER2_TEAM_ABBREVIATION,PERSON3TYPE,PLAYER3_ID,PLAYER3_NAME,PLAYER3_TEAM_ID,PLAYER3_TEAM_CITY,PLAYER3_TEAM_NICKNAME,PLAYER3_TEAM_ABBREVIATION
0021500246,0,12,0,1,2:12 PM,12:00,,,,,,0.0,0,,,,,,0,0,,,,,,0,0,,,,,
0021500246,1,10,0,1,2:12 PM,12:00,Jump Ball Jefferson vs. Monroe: Tip to Antetokounmpo,,,,,4.0,2744,Al Jefferson,1610612766.0,Charlotte,Hornets,CHA,5,202328,Greg Monroe,1610612749.0,Milwaukee,Bucks,MIL,5,203507,Giannis Antetokounmpo,1610612749.0,Milwaukee,Bucks,MIL
0021500246,2,2,1,1,2:12 PM,11:47,,,MISS Mayo 25' 3PT Jump Shot,,,5.0,201564,O.J. Mayo,1610612749.0,Milwaukee,Bucks,MIL,0,0,,,,,,0,0,,,,,
0021500246,3,4,0,1,2:12 PM,11:46,Jefferson REBOUND (Off:0 Def:1),,,,,4.0,2744,Al Jefferson,1610612766.0,Charlotte,Hornets,CHA,0,0,,,,,,0,0,,,,,
0021500246,4,5,1,1,2:13 PM,11:33,Batum Bad Pass Turnover (P1.T1),,Monroe STEAL (1 STL),,,4.0,201587,Nicolas Batum,1610612766.0,Charlotte,Hornets,CHA,5,202328,Greg Monroe,1610612749.0,Milwaukee,Bucks,MIL,0,0,,,,,
0021500246,5,1,41,1,2:13 PM,11:27,,,Antetokounmpo  Running Layup (2 PTS) (Middleton 1 AST),2 - 0,-2,5.0,203507,Giannis Antetokounmpo,1610612749.0,Milwaukee,Bucks,MIL,5,203114,Khris Middleton,1610612749.0,Milwaukee,Bucks,MIL,0,0,,,,,
0021500246,6,1,1,1,2:13 PM,11:13,Batum 26' 3PT Jump Shot (3 PTS) (Walker 1 AST),,,2 - 3,1,4.0,201587,Nicolas Batum,1610612766.0,Charlotte,Hornets,CHA,4,202689,Kemba Walker,1610612766.0,Charlotte,Hornets,CHA,0,0,,,,,
0021500246,7,1,1,1,2:13 PM,10:58,,,Middleton 25' 3PT Jump Shot (3 PTS) (Mayo 1 AST),5 - 3,-2,5.0,203114,Khris Middleton,1610612749.0,Milwaukee,Bucks,MIL,5,201564,O.J. Mayo,1610612749.0,Milwaukee,Bucks,MIL,0,0,,,,,
0021500246,8,1,1,1,2:14 PM,10:43,Williams 25' 3PT Jump Shot (3 PTS) (Batum 1 AST),,,5 - 6,1,4.0,101107,Marvin Williams,1610612766.0,Charlotte,Hornets,CHA,4,201587,Nicolas Batum,1610612766.0,Charlotte,Hornets,CHA,0,0,,,,,
0021500246,9,1,1,1,2:14 PM,10:31,,,Mayo 18' Jump Shot (2 PTS) (Bayless 1 AST),7 - 6,-1,5.0,201564,O.J. Mayo,1610612749.0,Milwaukee,Bucks,MIL,5,201573,Jerryd Bayless,1610612749.0,Milwaukee,Bucks,MIL,0,0,,,,,
0021500246,10,6,2,1,2:14 PM,10:11,,,Antetokounmpo S.FOUL (P1.T1) (E.Malloy),,,5.0,203507,Giannis Antetokounmpo,1610612749.0,Milwaukee,Bucks,MIL,4,201587,Nicolas Batum,1610612766.0,Charlotte,Hornets,CHA,1,0,,,,,
0021500246,11,3,11,1,2:14 PM,10:11,Batum Free Throw 1 of 2 (4 PTS),,,7 - 7,TIE,4.0,201587,Nicolas Batum,1610612766.0,Charlotte,Hornets,CHA,0,0,,,,,,0,0,,,,,
0021500246,13,3,12,1,2:15 PM,10:11,Batum Free Throw 2 of 2 (5 PTS),,,7 - 8,1,4.0,201587,Nicolas Batum,1610612766.0,Charlotte,Hornets,CHA,0,0,,,,,,0,0,,,,,
0021500246,15,1,108,1,2:15 PM,10:11,,,Antetokounmpo  Cutting Dunk Shot (4 PTS) (Monroe 1 AST),9 - 8,-1,5.0,203507,Giannis Antetokounmpo,1610612749.0,Milwaukee,Bucks,MIL,5,202328,Greg Monroe,1610612749.0,Milwaukee,Bucks,MIL,0,0,,,,,
0021500246,16,6,26,1,2:15 PM,9:51,Walker Offensive Charge Foul (P1.T1) (N.Buchert),,,,,4.0,202689,Kemba Walker,1610612766.0,Charlotte,Hornets,CHA,5,202328,Greg Monroe,1610612749.0,Milwaukee,Bucks,MIL,1,0,,,,,
0021500246,17,5,5,1,2:15 PM,9:51,Walker Foul Turnover (P1.T2),,,,,4.0,202689,Kemba Walker,1610612766.0,Charlotte,Hornets,CHA,0,0,,,,,,1,0,,,,,
0021500246,18,1,5,1,2:16 PM,9:51,,,Middleton 1' Layup (5 PTS) (Bayless 2 AST),11 - 8,-3,5.0,203114,Khris Middleton,1610612749.0,Milwaukee,Bucks,MIL,5,201573,Jerryd Bayless,1610612749.0,Milwaukee,Bucks,MIL,0,0,,,,,
0021500246,19,6,2,1,2:16 PM,9:51,Jefferson S.FOUL (P1.T2) (E.Dalen),,,,,4.0,2744,Al Jefferson,1610612766.0,Charlotte,Hornets,CHA,5,203114,Khris Middleton,1610612749.0,Milwaukee,Bucks,MIL,1,0,,,,,
0021500246,20,3,10,1,2:16 PM,9:51,,,Middleton Free Throw 1 of 1 (6 PTS),12 - 8,-4,5.0,203114,Khris Middleton,1610612749.0,Milwaukee,Bucks,MIL,0,0,,,,,,0,0,,,,,
0021500246,22,6,2,1,2:17 PM,9:51,,,Mayo S.FOUL (P1.T2) (N.Buchert),,,5.0,201564,O.J. Mayo,1610612749.0,Milwaukee,Bucks,MIL,4,2744,Al Jefferson,1610612766.0,Charlotte,Hornets,CHA,1,0,,,,,
0021500246,23,3,11,1,2:17 PM,9:51,Jefferson Free Throw 1 of 2 (1 PTS),,,12 - 9,-3,4.0,2744,Al Jefferson,1610612766.0,Charlotte,Hornets,CHA,0,0,,,,,,0,0,,,,,
0021500246,25,3,12,1,2:17 PM,9:51,MISS Jefferson Free Throw 2 of 2,,,,,4.0,2744,Al Jefferson,1610612766.0,Charlotte,Hornets,CHA,0,0,,,,,,0,0,,,,,
0021500246,27,4,0,1,2:17 PM,9:51,,,Bucks Rebound,,,3.0,1610612749,,,,,,0,0,,,,,,0,0,,,,,
0021500246,28,2,58,1,2:18 PM,9:51,,,MISS Monroe 5' Turnaround Hook Shot,,,5.0,202328,Greg Monroe,1610612749.0,Milwaukee,Bucks,MIL,0,0,,,,,,0,0,,,,,
0021500246,29,4,0,1,2:18 PM,9:50,Williams REBOUND (Off:0 Def:1),,,,,4.0,101107,Marvin Williams,1610612766.0,Charlotte,Hornets,CHA,0,0,,,,,,0,0,,,,,
0021500246,30,2,1,1,2:18 PM,9:27,MISS Hairston 22' Jump Shot,,,,,4.0,203798,PJ Hairston,1610612766.0,Charlotte,Hornets,CHA,0,0,,,,,,0,0,,,,,
0021500246,31,4,0,1,2:18 PM,9:26,,,Antetokounmpo REBOUND (Off:0 Def:1),,,5.0,203507,Giannis Antetokounmpo,1610612749.0,Milwaukee,Bucks,MIL,0,0,,,,,,0,0,,,,,
0021500246,32,2,1,1,2:18 PM,9:14,,,MISS Bayless 25' 3PT Jump Shot,,,5.0,201573,Jerryd Bayless,1610612749.0,Milwaukee,Bucks,MIL,0,0,,,,,,0,0,,,,,
0021500246,33,4,0,1,2:18 PM,9:12,,,Bucks Rebound,,,3.0,1610612749,,,,,,0,0,,,,,,0,0,,,,,
0021500246,34,2,1,1,2:19 PM,8:55,,,MISS Bayless 25' 3PT Jump Shot,,,5.0,201573,Jerryd Bayless,1610612749.0,Milwaukee,Bucks,MIL,0,0,,,,,,0,0,,,,,
0021500246,35,4,0,1,2:19 PM,8:54,Hairston REBOUND (Off:0 Def:1),,,,,4.0,203798,PJ Hairston,1610612766.0,Charlotte,Hornets,CHA,0,0,,,,,,0,0,,,,,
0021500246,36,5,2,1,2:19 PM,8:47,Batum Lost Ball Turnover (P2.T3),,Middleton STEAL (1 STL),,,4.0,201587,Nicolas Batum,1610612766.0,Charlotte,Hornets,CHA,5,203114,Khris Middleton,1610612749.0,Milwaukee,Bucks,MIL,0,0,,,,,
0021500246,37,1,5,1,2:19 PM,8:41,,,Middleton  Layup (8 PTS) (Mayo 2 AST),14 - 9,-5,5.0,203114,Khris Middleton,1610612749.0,Milwaukee,Bucks,MIL,5,201564,O.J. Mayo,1610612749.0,Milwaukee,Bucks,MIL,0,0,,,,,
0021500246,38,9,1,1,2:19 PM,7:56,HORNETS Timeout: Regular (Full 1 Short 0),,,,,2.0,1610612766,,,,,,0,0,,,,,,0,0,,,,,
0021500246,42,5,2,1,2:21 PM,7:44,Batum Lost Ball Turnover (P3.T4),,Middleton STEAL (2 STL),,,4.0,201587,Nicolas Batum,1610612766.0,Charlotte,Hornets,CHA,5,203114,Khris Middleton,1610612749.0,Milwaukee,Bucks,MIL,0,0,,,,,
0021500246,43,5,1,1,2:22 PM,7:40,Walker STEAL (1 STL),,Bayless Bad Pass Turnover (P1.T1),,,5.0,201573,Jerryd Bayless,1610612749.0,Milwaukee,Bucks,MIL,4,202689,Kemba Walker,1610612766.0,Charlotte,Hornets,CHA,0,0,,,,,
0021500246,44,2,1,1,2:22 PM,7:30,MISS Jefferson 17' Jump Shot,,,,,4.0,2744,Al Jefferson,1610612766.0,Charlotte,Hornets,CHA,0,0,,,,,,0,0,,,,,
0021500246,46,4,0,1,2:22 PM,7:28,Batum REBOUND (Off:1 Def:0),,,,,4.0,201587,Nicolas Batum,1610612766.0,Charlotte,Hornets,CHA,0,0,,,,,,0,0,,,,,
0021500246,45,2,97,1,2:22 PM,7:28,MISS Batum 1' Tip Layup Shot,,,,,4.0,201587,Nicolas Batum,1610612766.0,Charlotte,Hornets,CHA,0,0,,,,,,0,0,,,,,
0021500246,47,4,0,1,2:22 PM,7:24,,,Middleton REBOUND (Off:0 Def:1),,,5.0,203114,Khris Middleton,1610612749.0,Milwaukee,Bucks,MIL,0,0,,,,,,0,0,,,,,
0021500246,48,1,7,1,2:22 PM,7:05,,,Antetokounmpo  Dunk (6 PTS) (Bayless 3 AST),16 - 9,-7,5.0,203507,Giannis Antetokounmpo,1610612749.0,Milwaukee,Bucks,MIL,5,201573,Jerryd Bayless,1610612749.0,Milwaukee,Bucks,MIL,0,0,,,,,
0021500246,49,6,17,1,2:23 PM,6:45,,,Bucks T.Foul (Def. 3 Sec Antetokounmpo ) (N.Buchert),,,5.0,203507,Giannis Antetokounmpo,1610612749.0,Milwaukee,Bucks,MIL,0,0,,,,,,1,0,,,,,
0021500246,50,3,16,1,2:23 PM,6:45,Batum Free Throw Technical (6 PTS),,,16 - 10,-6,4.0,201587,Nicolas Batum,1610612766.0,Charlotte,Hornets,CHA,0,0,,,,,,0,0,,,,,
0021500246,52,2,1,1,2:23 PM,6:34,MISS Walker 25' 3PT Jump Shot,,,,,4.0,202689,Kemba Walker,1610612766.0,Charlotte,Hornets,CHA,0,0,,,,,,0,0,,,,,
0021500246,53,4,0,1,2:23 PM,6:33,,,Bucks Rebound,,,3.0,1610612749,,,,,,0,0,,,,,,0,0,,,,,
0021500246,54,8,0,1,2:23 PM,6:33,SUB: Lamb FOR Hairston,,,,,4.0,203798,PJ Hairston,1610612766.0,Charlotte,Hornets,CHA,4,203087,Jeremy Lamb,1610612766.0,Charlotte,Hornets,CHA,0,0,,,,,
0021500246,55,1,7,1,2:24 PM,6:24,,,Bayless  Dunk (2 PTS) (Monroe 2 AST),18 - 10,-8,5.0,201573,Jerryd Bayless,1610612749.0,Milwaukee,Bucks,MIL,5,202328,Greg Monroe,1610612749.0,Milwaukee,Bucks,MIL,0,0,,,,,
0021500246,56,6,1,1,2:24 PM,6:11,,,Bayless P.FOUL (P1.T3) (E.Dalen),,,5.0,201573,Jerryd Bayless,1610612749.0,Milwaukee,Bucks,MIL,4,202689,Kemba Walker,1610612766.0,Charlotte,Hornets,CHA,1,0,,,,,
0021500246,57,2,1,1,2:24 PM,5:59,MISS Williams 26' 3PT Jump Shot,,,,,4.0,101107,Marvin Williams,1610612766.0,Charlotte,Hornets,CHA,0,0,,,,,,0,0,,,,,
0021500246,58,4,0,1,2:24 PM,5:58,,,Monroe REBOUND (Off:0 Def:1),,,5.0,202328,Greg Monroe,1610612749.0,Milwaukee,Bucks,MIL,0,0,,,,,,0,0,,,,,
0021500246,59,2,1,1,2:24 PM,5:48,Walker BLOCK (1 BLK),,MISS Monroe 5' Jump Shot,,,5.0,202328,Greg Monroe,1610612749.0,Milwaukee,Bucks,MIL,0,0,,,,,,4,202689,Kemba Walker,1610612766.0,Charlotte,Hornets,CHA
0021500246,61,4,0,1,2:24 PM,5:45,,,Monroe REBOUND (Off:1 Def:1),,,5.0,202328,Greg Monroe,1610612749.0,Milwaukee,Bucks,MIL,0,0,,,,,,0,0,,,,,
0021500246,60,2,5,1,2:24 PM,5:45,Batum BLOCK (1 BLK),,MISS Monroe 2' Layup,,,5.0,202328,Greg Monroe,1610612749.0,Milwaukee,Bucks,MIL,0,0,,,,,,4,201587,Nicolas Batum,1610612766.0,Charlotte,Hornets,CHA
0021500246,62,4,0,1,2:25 PM,5:43,,,Mayo REBOUND (Off:1 Def:0),,,5.0,201564,O.J. Mayo,1610612749.0,Milwaukee,Bucks,MIL,0,0,,,,,,0,0,,,,,
0021500246,63,2,47,1,2:25 PM,5:35,,,MISS Middleton 16' Turnaround Jump Shot,,,5.0,203114,Khris Middleton,1610612749.0,Milwaukee,Bucks,MIL,0,0,,,,,,0,0,,,,,
0021500246,64,4,0,1,2:25 PM,5:32,Lamb REBOUND (Off:0 Def:1),,,,,4.0,203087,Jeremy Lamb,1610612766.0,Charlotte,Hornets,CHA,0,0,,,,,,0,0,,,,,
0021500246,65,6,1,1,2:25 PM,5:09,,,Middleton P.FOUL (P1.T4) (E.Dalen),,,5.0,203114,Khris Middleton,1610612749.0,Milwaukee,Bucks,MIL,4,202689,Kemba Walker,1610612766.0,Charlotte,Hornets,CHA,1,0,,,,,
0021500246,66,8,0,1,2:25 PM,5:09,SUB: Zeller FOR Jefferson,,,,,4.0,2744,Al Jefferson,1610612766.0,Charlotte,Hornets,CHA,4,203469,Cody Zeller,1610612766.0,Charlotte,Hornets,CHA,0,0,,,,,
0021500246,67,8,0,1,2:25 PM,5:09,,,SUB: Carter-Williams FOR Bayless,,,5.0,201573,Jerryd Bayless,1610612749.0,Milwaukee,Bucks,MIL,5,203487,Michael Carter-Williams,1610612749.0,Milwaukee,Bucks,MIL,0,0,,,,,
0021500246,68,7,1,1,2:26 PM,5:09,,,Bucks Violation: Delay of game Violation,,,3.0,1610612749,,,,,,0,0,,,,,,1,0,,,,,
0021500246,69,2,1,1,2:26 PM,5:09,MISS Batum 26' 3PT Jump Shot,,,,,4.0,201587,Nicolas Batum,1610612766.0,Charlotte,Hornets,CHA,0,0,,,,,,0,0,,,,,
0021500246,70,4,0,1,2:26 PM,5:08,,,Monroe REBOUND (Off:1 Def:2),,,5.0,202328,Greg Monroe,1610612749.0,Milwaukee,Bucks,MIL,0,0,,,,,,0,0,,,,,
0021500246,71,5,45,1,2:26 PM,4:43,,,Middleton Out of Bounds - Bad Pass Turnover Turnover (P1.T2),,,5.0,203114,Khris Middleton,1610612749.0,Milwaukee,Bucks,MIL,0,0,,,,,,0,0,,,,,
0021500246,72,6,1,1,2:27 PM,4:28,,,Antetokounmpo P.FOUL (P2.PN) (E.Dalen),,,5.0,203507,Giannis Antetokounmpo,1610612749.0,Milwaukee,Bucks,MIL,4,202689,Kemba Walker,1610612766.0,Charlotte,Hornets,CHA,1,0,,,,,
0021500246,73,3,11,1,2:27 PM,4:28,Walker Free Throw 1 of 2 (1 PTS),,,18 - 11,-7,4.0,202689,Kemba Walker,1610612766.0,Charlotte,Hornets,CHA,0,0,,,,,,0,0,,,,,
0021500246,75,8,0,1,2:27 PM,4:28,,,SUB: Parker FOR Antetokounmpo,,,5.0,203507,Giannis Antetokounmpo,1610612749.0,Milwaukee,Bucks,MIL,5,203953,Jabari Parker,1610612749.0,Milwaukee,Bucks,MIL,0,0,,,,,
0021500246,76,3,12,1,2:27 PM,4:28,Walker Free Throw 2 of 2 (2 PTS),,,18 - 12,-6,4.0,202689,Kemba Walker,1610612766.0,Charlotte,Hornets,CHA,0,0,,,,,,0,0,,,,,
0021500246,78,1,49,1,2:28 PM,4:13,,,Parker  Driving Dunk (2 PTS) (Carter-Williams 1 AST),20 - 12,-8,5.0,203953,Jabari Parker,1610612749.0,Milwaukee,Bucks,MIL,5,203487,Michael Carter-Williams,1610612749.0,Milwaukee,Bucks,MIL,0,0,,,,,
0021500246,79,5,4,1,2:28 PM,3:50,Batum Traveling Turnover (P4.T5),,,,,4.0,201587,Nicolas Batum,1610612766.0,Charlotte,Hornets,CHA,0,0,,,,,,1,0,,,,,
0021500246,80,8,0,1,2:28 PM,3:50,SUB: Kaminsky FOR Williams,,,,,4.0,101107,Marvin Williams,1610612766.0,Charlotte,Hornets,CHA,4,1626163,Frank Kaminsky,1610612766.0,Charlotte,Hornets,CHA,0,0,,,,,
0021500246,81,1,1,1,2:28 PM,3:44,,,Middleton 25' 3PT Jump Shot (11 PTS) (Carter-Williams 2 AST),23 - 12,-11,5.0,203114,Khris Middleton,1610612749.0,Milwaukee,Bucks,MIL,5,203487,Michael Carter-Williams,1610612749.0,Milwaukee,Bucks,MIL,0,0,,,,,
0021500246,82,9,2,1,2:29 PM,3:36,HORNETS Timeout: Short (Full 1 Short 1),,,,,2.0,1610612766,,,,,,0,0,,,,,,0,0,,,,,
0021500246,86,2,1,1,2:30 PM,3:29,MISS Lamb 26' 3PT Jump Shot,,,,,4.0,203087,Jeremy Lamb,1610612766.0,Charlotte,Hornets,CHA,0,0,,,,,,0,0,,,,,
0021500246,87,4,0,1,2:30 PM,3:28,,,Monroe REBOUND (Off:1 Def:3),,,5.0,202328,Greg Monroe,1610612749.0,Milwaukee,Bucks,MIL,0,0,,,,,,0,0,,,,,
0021500246,88,5,2,1,2:30 PM,3:12,Walker STEAL (2 STL),,Carter-Williams Lost Ball Turnover (P1.T3),,,5.0,203487,Michael Carter-Williams,1610612749.0,Milwaukee,Bucks,MIL,4,202689,Kemba Walker,1610612766.0,Charlotte,Hornets,CHA,0,0,,,,,
0021500246,89,1,73,1,2:30 PM,3:05,Walker 2' Driving Reverse Layup (4 PTS),,,23 - 14,-9,4.0,202689,Kemba Walker,1610612766.0,Charlotte,Hornets,CHA,0,0,,,,,,0,0,,,,,
0021500246,90,5,2,1,2:30 PM,2:57,Walker STEAL (3 STL),,Parker Lost Ball Turnover (P1.T4),,,5.0,203953,Jabari Parker,1610612749.0,Milwaukee,Bucks,MIL,4,202689,Kemba Walker,1610612766.0,Charlotte,Hornets,CHA,0,0,,,,,
0021500246,91,2,1,1,2:30 PM,2:48,MISS Batum 25' 3PT Jump Shot,,,,,4.0,201587,Nicolas Batum,1610612766.0,Charlotte,Hornets,CHA,0,0,,,,,,0,0,,,,,
0021500246,92,4,0,1,2:30 PM,2:47,,,Parker REBOUND (Off:0 Def:1),,,5.0,203953,Jabari Parker,1610612749.0,Milwaukee,Bucks,MIL,0,0,,,,,,0,0,,,,,
0021500246,93,2,42,1,2:31 PM,2:32,,,MISS Monroe 2' Driving Layup,,,5.0,202328,Greg Monroe,1610612749.0,Milwaukee,Bucks,MIL,0,0,,,,,,0,0,,,,,
0021500246,94,4,0,1,2:31 PM,2:31,Kaminsky REBOUND (Off:0 Def:1),,,,,4.0,1626163,Frank Kaminsky,1610612766.0,Charlotte,Hornets,CHA,0,0,,,,,,0,0,,,,,
0021500246,95,1,1,1,2:31 PM,2:17,Walker 25' 3PT Jump Shot (7 PTS) (Kaminsky 1 AST),,,23 - 17,-6,4.0,202689,Kemba Walker,1610612766.0,Charlotte,Hornets,CHA,4,1626163,Frank Kaminsky,1610612766.0,Charlotte,Hornets,CHA,0,0,,,,,
0021500246,96,9,1,1,2:31 PM,2:15,,,Bucks Timeout: Regular (Reg.1 Short 0),,,3.0,1610612749,,,,,,0,0,,,,,,0,0,,,,,
0021500246,98,8,0,1,2:33 PM,2:15,SUB: Lin FOR Batum,,,,,4.0,201587,Nicolas Batum,1610612766.0,Charlotte,Hornets,CHA,4,202391,Jeremy Lin,1610612766.0,Charlotte,Hornets,CHA,0,0,,,,,
0021500246,99,8,0,1,2:34 PM,2:15,,,SUB: Bayless FOR Monroe,,,5.0,202328,Greg Monroe,1610612749.0,Milwaukee,Bucks,MIL,5,201573,Jerryd Bayless,1610612749.0,Milwaukee,Bucks,MIL,0,0,,,,,
0021500246,100,8,0,1,2:34 PM,2:15,,,SUB: Henson FOR Mayo,,,5.0,201564,O.J. Mayo,1610612749.0,Milwaukee,Bucks,MIL,5,203089,John Henson,1610612749.0,Milwaukee,Bucks,MIL,0,0,,,,,
0021500246,101,2,1,1,2:34 PM,1:59,,,MISS Middleton 22' Jump Shot,,,5.0,203114,Khris Middleton,1610612749.0,Milwaukee,Bucks,MIL,0,0,,,,,,0,0,,,,,
0021500246,102,4,0,1,2:34 PM,1:58,Walker REBOUND (Off:0 Def:1),,,,,4.0,202689,Kemba Walker,1610612766.0,Charlotte,Hornets,CHA,0,0,,,,,,0,0,,,,,
0021500246,103,1,5,1,2:34 PM,1:46,Kaminsky 2' Layup (2 PTS) (Walker 2 AST),,,23 - 19,-4,4.0,1626163,Frank Kaminsky,1610612766.0,Charlotte,Hornets,CHA,4,202689,Kemba Walker,1610612766.0,Charlotte,Hornets,CHA,0,0,,,,,
0021500246,104,2,1,1,2:34 PM,1:27,,,MISS Carter-Williams 24' 3PT Jump Shot,,,5.0,203487,Michael Carter-Williams,1610612749.0,Milwaukee,Bucks,MIL,0,0,,,,,,0,0,,,,,
0021500246,105,4,0,1,2:34 PM,1:26,Kaminsky REBOUND (Off:0 Def:2),,,,,4.0,1626163,Frank Kaminsky,1610612766.0,Charlotte,Hornets,CHA,0,0,,,,,,0,0,,,,,
0021500246,106,2,1,1,2:35 PM,1:18,MISS Kaminsky 26' 3PT Jump Shot,,,,,4.0,1626163,Frank Kaminsky,1610612766.0,Charlotte,Hornets,CHA,0,0,,,,,,0,0,,,,,
0021500246,107,4,0,1,2:35 PM,1:14,,,Bucks Rebound,,,3.0,1610612749,,,,,,0,0,,,,,,0,0,,,,,
0021500246,108,6,3,1,2:35 PM,1:14,Zeller L.B.FOUL (P1.T3) (E.Dalen),,,,,4.0,203469,Cody Zeller,1610612766.0,Charlotte,Hornets,CHA,5,203089,John Henson,1610612749.0,Milwaukee,Bucks,MIL,1,0,,,,,
0021500246,109,6,26,1,2:35 PM,1:06,,,Henson Offensive Charge Foul (P1.PN) (N.Buchert),,,5.0,203089,John Henson,1610612749.0,Milwaukee,Bucks,MIL,4,202689,Kemba Walker,1610612766.0,Charlotte,Hornets,CHA,1,0,,,,,
0021500246,110,5,5,1,2:35 PM,1:06,,,Henson Foul Turnover (P1.T5),,,5.0,203089,John Henson,1610612749.0,Milwaukee,Bucks,MIL,0,0,,,,,,1,0,,,,,
0021500246,111,2,5,1,2:36 PM,1:00,MISS Kaminsky 2' Layup,,,,,4.0,1626163,Frank Kaminsky,1610612766.0,Charlotte,Hornets,CHA,0,0,,,,,,0,0,,,,,
0021500246,112,4,0,1,2:36 PM,0:57,,,Parker REBOUND (Off:0 Def:2),,,5.0,203953,Jabari Parker,1610612749.0,Milwaukee,Bucks,MIL,0,0,,,,,,0,0,,,,,
0021500246,113,6,2,1,2:36 PM,0:42,Lin S.FOUL (P1.PN) (E.Malloy),,,,,4.0,202391,Jeremy Lin,1610612766.0,Charlotte,Hornets,CHA,5,203953,Jabari Parker,1610612749.0,Milwaukee,Bucks,MIL,1,0,,,,,
0021500246,114,3,11,1,2:36 PM,0:42,,,Parker Free Throw 1 of 2 (3 PTS),24 - 19,-5,5.0,203953,Jabari Parker,1610612749.0,Milwaukee,Bucks,MIL,0,0,,,,,,0,0,,,,,
0021500246,116,3,12,1,2:36 PM,0:42,,,Parker Free Throw 2 of 2 (4 PTS),25 - 19,-6,5.0,203953,Jabari Parker,1610612749.0,Milwaukee,Bucks,MIL,0,0,,,,,,0,0,,,,,
0021500246,118,1,1,1,2:37 PM,0:23,Lamb 28' 3PT Jump Shot (3 PTS) (Lin 1 AST),,,25 - 22,-3,4.0,203087,Jeremy Lamb,1610612766.0,Charlotte,Hornets,CHA,4,202391,Jeremy Lin,1610612766.0,Charlotte,Hornets,CHA,0,0,,,,,
0021500246,119,1,1,1,2:37 PM,0:00,,,Bayless 25' 3PT Jump Shot (5 PTS) (Middleton 2 AST),28 - 22,-6,5.0,201573,Jerryd Bayless,1610612749.0,Milwaukee,Bucks,MIL,5,203114,Khris Middleton,1610612749.0,Milwaukee,Bucks,MIL,0,0,,,,,
0021500246,121,18,0,1,2:37 PM,0:00,,,,,,,119,,,,,,0,0,,,,,,1,0,,,,,
0021500246,120,13,0,1,2:37 PM,0:00,,,,28 - 22,-6,0.0,0,,,,,,0,0,,,,,,0,0,,,,,
0021500246,123,12,0,2,2:40 PM,12:00,,,,28 - 22,-6,0.0,0,,,,,,0,0,,,,,,0,0,,,,,
0021500246,124,1,1,2,2:40 PM,11:37,Williams  3PT Jump Shot (6 PTS) (Lin 2 AST),,,28 - 25,-3,4.0,101107,Marvin Williams,1610612766.0,Charlotte,Hornets,CHA,4,202391,Jeremy Lin,1610612766.0,Charlotte,Hornets,CHA,0,0,,,,,
0021500246,125,5,1,2,2:41 PM,11:16,Kaminsky STEAL (1 STL),,Henson Bad Pass Turnover (P2.T6),,,5.0,203089,John Henson,1610612749.0,Milwaukee,Bucks,MIL,4,1626163,Frank Kaminsky,1610612766.0,Charlotte,Hornets,CHA,0,0,,,,,
0021500246,126,1,1,2,2:41 PM,11:04,Lamb 25' 3PT Jump Shot (6 PTS) (Kaminsky 2 AST),,,28 - 28,TIE,4.0,203087,Jeremy Lamb,1610612766.0,Charlotte,Hornets,CHA,4,1626163,Frank Kaminsky,1610612766.0,Charlotte,Hornets,CHA,0,0,,,,,
0021500246,127,6,1,2,2:41 PM,10:51,Zeller P.FOUL (P2.T1) (E.Dalen),,,,,4.0,203469,Cody Zeller,1610612766.0,Charlotte,Hornets,CHA,5,201573,Jerryd Bayless,1610612749.0,Milwaukee,Bucks,MIL,1,0,,,,,
0021500246,128,8,0,2,2:42 PM,10:51,SUB: Hawes FOR Zeller,,,,,4.0,203469,Cody Zeller,1610612766.0,Charlotte,Hornets,CHA,4,201150,Spencer Hawes,1610612766.0,Charlotte,Hornets,CHA,0,0,,,,,
0021500246,129,2,5,2,2:42 PM,10:47,,,MISS Parker 2' Layup,,,5.0,203953,Jabari Parker,1610612749.0,Milwaukee,Bucks,MIL,0,0,,,,,,0,0,,,,,
0021500246,130,4,0,2,2:42 PM,10:46,Lamb REBOUND (Off:0 Def:2),,,,,4.0,203087,Jeremy Lamb,1610612766.0,Charlotte,Hornets,CHA,0,0,,,,,,0,0,,,,,
0021500246,131,2,41,2,2:42 PM,10:41,MISS Kaminsky 1' Running Layup,,,,,4.0,1626163,Frank Kaminsky,1610612766.0,Charlotte,Hornets,CHA,0,0,,,,,,0,0,,,,,
0021500246,132,4,0,2,2:42 PM,10:39,,,Carter-Williams REBOUND (Off:0 Def:1),,,5.0,203487,Michael Carter-Williams,1610612749.0,Milwaukee,Bucks,MIL,0,0,,,,,,0,0,,,,,
0021500246,133,2,1,2,2:42 PM,10:33,,,MISS Bayless 25' 3PT Jump Shot,,,5.0,201573,Jerryd Bayless,1610612749.0,Milwaukee,Bucks,MIL,0,0,,,,,,0,0,,,,,
0021500246,134,4,0,2,2:42 PM,10:32,Lin REBOUND (Off:0 Def:1),,,,,4.0,202391,Jeremy Lin,1610612766.0,Charlotte,Hornets,CHA,0,0,,,,,,0,0,,,,,
0021500246,135,6,2,2,2:42 PM,10:29,,,Bayless S.FOUL (P2.T1) (E.Dalen),,,5.0,201573,Jerryd Bayless,1610612749.0,Milwaukee,Bucks,MIL,4,203087,Jeremy Lamb,1610612766.0,Charlotte,Hornets,CHA,1,0,,,,,
0021500246,136,3,11,2,2:42 PM,10:29,Lamb Free Throw 1 of 2 (7 PTS),,,28 - 29,1,4.0,203087,Jeremy Lamb,1610612766.0,Charlotte,Hornets,CHA,0,0,,,,,,0,0,,,,,
0021500246,138,3,12,2,2:43 PM,10:29,MISS Lamb Free Throw 2 of 2,,,,,4.0,203087,Jeremy Lamb,1610612766.0,Charlotte,Hornets,CHA,0,0,,,,,,0,0,,,,,
0021500246,140,4,0,2,2:43 PM,10:29,,,Parker REBOUND (Off:0 Def:3),,,5.0,203953,Jabari Parker,1610612749.0,Milwaukee,Bucks,MIL,0,0,,,,,,0,0,,,,,
0021500246,141,6,4,2,2:43 PM,10:17,,,Henson OFF.Foul (P2) (E.Dalen),,,5.0,203089,John Henson,1610612749.0,Milwaukee,Bucks,MIL,4,201150,Spencer Hawes,1610612766.0,Charlotte,Hornets,CHA,1,0,,,,,
0021500246,142,5,5,2,2:43 PM,10:17,,,Henson Foul Turnover (P3.T7),,,5.0,203089,John Henson,1610612749.0,Milwaukee,Bucks,MIL,0,0,,,,,,1,0,,,,,
0021500246,143,6,1,2,2:43 PM,10:09,,,Carter-Williams P.FOUL (P1.T2) (E.Malloy),,,5.0,203487,Michael Carter-Williams,1610612749.0,Milwaukee,Bucks,MIL,4,202391,Jeremy Lin,1610612766.0,Charlotte,Hornets,CHA,1,0,,,,,
0021500246,144,2,1,2,2:44 PM,10:03,MISS Lamb 25' 3PT Jump Shot,,,,,4.0,203087,Jeremy Lamb,1610612766.0,Charlotte,Hornets,CHA,0,0,,,,,,0,0,,,,,
0021500246,145,4,0,2,2:44 PM,10:03,Lamb REBOUND (Off:1 Def:2),,,,,4.0,203087,Jeremy Lamb,1610612766.0,Charlotte,Hornets,CHA,0,0,,,,,,0,0,,,,,
0021500246,146,1,1,2,2:44 PM,9:53,Lin 27' 3PT Jump Shot (3 PTS) (Lamb 1 AST),,,28 - 32,4,4.0,202391,Jeremy Lin,1610612766.0,Charlotte,Hornets,CHA,4,203087,Jeremy Lamb,1610612766.0,Charlotte,Hornets,CHA,0,0,,,,,
0021500246,147,2,73,2,2:44 PM,9:27,,,MISS Carter-Williams 2' Driving Reverse Layup,,,5.0,203487,Michael Carter-Williams,1610612749.0,Milwaukee,Bucks,MIL,0,0,,,,,,0,0,,,,,
0021500246,148,4,0,2,2:44 PM,9:26,Lamb REBOUND (Off:1 Def:3),,,,,4.0,203087,Jeremy Lamb,1610612766.0,Charlotte,Hornets,CHA,0,0,,,,,,0,0,,,,,
0021500246,149,1,5,2,2:45 PM,9:12,Kaminsky 2' Layup (4 PTS) (Lin 3 AST),,,28 - 34,6,4.0,1626163,Frank Kaminsky,1610612766.0,Charlotte,Hornets,CHA,4,202391,Jeremy Lin,1610612766.0,Charlotte,Hornets,CHA,0,0,,,,,
0021500246,150,9,1,2,2:45 PM,9:12,,,Bucks Timeout: Regular (Reg.2 Short 0),,,3.0,1610612749,,,,,,0,0,,,,,,0,0,,,,,
0021500246,153,8,0,2,2:47 PM,9:12,,,SUB: Ennis FOR Carter-Williams,,,5.0,203487,Michael Carter-Williams,1610612749.0,Milwaukee,Bucks,MIL,5,203898,Tyler Ennis,1610612749.0,Milwaukee,Bucks,MIL,0,0,,,,,
0021500246,154,8,0,2,2:47 PM,9:12,,,SUB: Monroe FOR Henson,,,5.0,203089,John Henson,1610612749.0,Milwaukee,Bucks,MIL,5,202328,Greg Monroe,1610612749.0,Milwaukee,Bucks,MIL,0,0,,,,,
0021500246,155,2,1,2,2:47 PM,8:51,,,MISS Mayo 26' 3PT Jump Shot,,,5.0,201564,O.J. Mayo,1610612749.0,Milwaukee,Bucks,MIL,0,0,,,,,,0,0,,,,,
0021500246,156,4,0,2,2:47 PM,8:50,Lamb REBOUND (Off:1 Def:4),,,,,4.0,203087,Jeremy Lamb,1610612766.0,Charlotte,Hornets,CHA,0,0,,,,,,0,0,,,,,
0021500246,157,5,1,2,2:48 PM,8:40,Hawes Bad Pass Turnover (P1.T6),,Bayless STEAL (1 STL),,,4.0,201150,Spencer Hawes,1610612766.0,Charlotte,Hornets,CHA,5,201573,Jerryd Bayless,1610612749.0,Milwaukee,Bucks,MIL,0,0,,,,,
0021500246,158,2,44,2,2:48 PM,8:34,,,MISS Parker 2' Reverse Layup,,,5.0,203953,Jabari Parker,1610612749.0,Milwaukee,Bucks,MIL,0,0,,,,,,0,0,,,,,
0021500246,159,4,0,2,2:48 PM,8:33,Hawes REBOUND (Off:0 Def:1),,,,,4.0,201150,Spencer Hawes,1610612766.0,Charlotte,Hornets,CHA,0,0,,,,,,0,0,,,,,
0021500246,160,6,2,2,2:48 PM,8:28,,,Parker S.FOUL (P1.T3) (E.Dalen),,,5.0,203953,Jabari Parker,1610612749.0,Milwaukee,Bucks,MIL,4,202391,Jeremy Lin,1610612766.0,Charlotte,Hornets,CHA,1,0,,,,,
0021500246,161,3,11,2,2:48 PM,8:28,Lin Free Throw 1 of 2 (4 PTS),,,28 - 35,7,4.0,202391,Jeremy Lin,1610612766.0,Charlotte,Hornets,CHA,0,0,,,,,,0,0,,,,,
0021500246,163,3,12,2,2:48 PM,8:28,Lin Free Throw 2 of 2 (5 PTS),,,28 - 36,8,4.0,202391,Jeremy Lin,1610612766.0,Charlotte,Hornets,CHA,0,0,,,,,,0,0,,,,,
0021500246,165,1,98,2,2:49 PM,8:07,,,Mayo 1' Cutting Layup Shot (4 PTS) (Monroe 3 AST),30 - 36,6,5.0,201564,O.J. Mayo,1610612749.0,Milwaukee,Bucks,MIL,5,202328,Greg Monroe,1610612749.0,Milwaukee,Bucks,MIL,0,0,,,,,
0021500246,166,2,1,2,2:49 PM,7:40,MISS Lin 18' Jump Shot,,,,,4.0,202391,Jeremy Lin,1610612766.0,Charlotte,Hornets,CHA,0,0,,,,,,0,0,,,,,
0021500246,167,4,0,2,2:49 PM,7:39,,,Monroe REBOUND (Off:1 Def:4),,,5.0,202328,Greg Monroe,1610612749.0,Milwaukee,Bucks,MIL,0,0,,,,,,0,0,,,,,
0021500246,168,2,5,2,2:49 PM,7:25,,,MISS Monroe 2' Layup,,,5.0,202328,Greg Monroe,1610612749.0,Milwaukee,Bucks,MIL,0,0,,,,,,0,0,,,,,
0021500246,170,4,0,2,2:49 PM,7:24,,,Monroe REBOUND (Off:2 Def:4),,,5.0,202328,Greg Monroe,1610612749.0,Milwaukee,Bucks,MIL,0,0,,,,,,0,0,,,,,
0021500246,169,2,97,2,2:49 PM,7:24,,,MISS Monroe 1' Tip Layup Shot,,,5.0,202328,Greg Monroe,1610612749.0,Milwaukee,Bucks,MIL,0,0,,,,,,0,0,,,,,
0021500246,171,4,0,2,2:50 PM,7:23,,,Monroe REBOUND (Off:3 Def:4),,,5.0,202328,Greg Monroe,1610612749.0,Milwaukee,Bucks,MIL,0,0,,,,,,0,0,,,,,
0021500246,172,1,72,2,2:50 PM,7:20,,,Monroe 1' Putback Layup (2 PTS),32 - 36,4,5.0,202328,Greg Monroe,1610612749.0,Milwaukee,Bucks,MIL,0,0,,,,,,0,0,,,,,
0021500246,173,6,2,2,2:50 PM,6:56,,,Monroe S.FOUL (P1.T4) (E.Malloy),,,5.0,202328,Greg Monroe,1610612749.0,Milwaukee,Bucks,MIL,4,202391,Jeremy Lin,1610612766.0,Charlotte,Hornets,CHA,1,0,,,,,
0021500246,174,3,11,2,2:50 PM,6:56,Lin Free Throw 1 of 2 (6 PTS),,,32 - 37,5,4.0,202391,Jeremy Lin,1610612766.0,Charlotte,Hornets,CHA,0,0,,,,,,0,0,,,,,
0021500246,176,3,12,2,2:51 PM,6:56,Lin Free Throw 2 of 2 (7 PTS),,,32 - 38,6,4.0,202391,Jeremy Lin,1610612766.0,Charlotte,Hornets,CHA,0,0,,,,,,0,0,,,,,
0021500246,178,5,45,2,2:51 PM,6:36,,,Monroe Out of Bounds - Bad Pass Turnover Turnover (P1.T8),,,5.0,202328,Greg Monroe,1610612749.0,Milwaukee,Bucks,MIL,0,0,,,,,,0,0,,,,,
0021500246,179,1,1,2,2:51 PM,6:33,Lamb 17' Jump Shot (9 PTS) (Williams 1 AST),,,32 - 40,8,4.0,203087,Jeremy Lamb,1610612766.0,Charlotte,Hornets,CHA,4,101107,Marvin Williams,1610612766.0,Charlotte,Hornets,CHA,0,0,,,,,
0021500246,180,1,5,2,2:52 PM,6:15,,,Monroe 2' Layup (4 PTS),34 - 40,6,5.0,202328,Greg Monroe,1610612749.0,Milwaukee,Bucks,MIL,0,0,,,,,,0,0,,,,,
0021500246,181,5,45,2,2:52 PM,6:02,Hawes Out of Bounds - Bad Pass Turnover Turnover (P2.T7),,,,,4.0,201150,Spencer Hawes,1610612766.0,Charlotte,Hornets,CHA,0,0,,,,,,0,0,,,,,
0021500246,182,2,1,2,2:52 PM,5:47,,,MISS Ennis  3PT Jump Shot,,,5.0,203898,Tyler Ennis,1610612749.0,Milwaukee,Bucks,MIL,0,0,,,,,,0,0,,,,,
0021500246,183,4,0,2,2:52 PM,5:46,Lamb REBOUND (Off:1 Def:5),,,,,4.0,203087,Jeremy Lamb,1610612766.0,Charlotte,Hornets,CHA,0,0,,,,,,0,0,,,,,
0021500246,184,6,2,2,2:53 PM,5:36,,,Monroe S.FOUL (P2.PN) (E.Malloy),,,5.0,202328,Greg Monroe,1610612749.0,Milwaukee,Bucks,MIL,4,201150,Spencer Hawes,1610612766.0,Charlotte,Hornets,CHA,1,0,,,,,
0021500246,185,9,4,2,2:53 PM,5:36,,,,,,1.0,0,,,,,,0,0,,,,,,0,0,,,,,
0021500246,187,8,0,2,2:55 PM,5:36,SUB: Walker FOR Lamb,,,,,4.0,203087,Jeremy Lamb,1610612766.0,Charlotte,Hornets,CHA,4,202689,Kemba Walker,1610612766.0,Charlotte,Hornets,CHA,0,0,,,,,
0021500246,188,8,0,2,2:55 PM,5:36,SUB: Batum FOR Kaminsky,,,,,4.0,1626163,Frank Kaminsky,1610612766.0,Charlotte,Hornets,CHA,4,201587,Nicolas Batum,1610612766.0,Charlotte,Hornets,CHA,0,0,,,,,
0021500246,189,8,0,2,2:55 PM,5:36,,,SUB: Middleton FOR Monroe,,,5.0,202328,Greg Monroe,1610612749.0,Milwaukee,Bucks,MIL,5,203114,Khris Middleton,1610612749.0,Milwaukee,Bucks,MIL,0,0,,,,,
0021500246,190,8,0,2,2:55 PM,5:36,,,SUB: Antetokounmpo FOR Parker,,,5.0,203953,Jabari Parker,1610612749.0,Milwaukee,Bucks,MIL,5,203507,Giannis Antetokounmpo,1610612749.0,Milwaukee,Bucks,MIL,0,0,,,,,
0021500246,191,8,0,2,2:55 PM,5:36,,,SUB: Henson FOR Ennis,,,5.0,203898,Tyler Ennis,1610612749.0,Milwaukee,Bucks,MIL,5,203089,John Henson,1610612749.0,Milwaukee,Bucks,MIL,0,0,,,,,
0021500246,192,3,11,2,2:55 PM,5:36,Hawes Free Throw 1 of 2 (1 PTS),,,34 - 41,7,4.0,201150,Spencer Hawes,1610612766.0,Charlotte,Hornets,CHA,0,0,,,,,,0,0,,,,,
0021500246,194,3,12,2,2:56 PM,5:36,Hawes Free Throw 2 of 2 (2 PTS),,,34 - 42,8,4.0,201150,Spencer Hawes,1610612766.0,Charlotte,Hornets,CHA,0,0,,,,,,0,0,,,,,
0021500246,196,2,1,2,2:56 PM,5:18,,,MISS Mayo 25' 3PT Jump Shot,,,5.0,201564,O.J. Mayo,1610612749.0,Milwaukee,Bucks,MIL,0,0,,,,,,0,0,,,,,
0021500246,197,4,0,2,2:56 PM,5:17,,,Henson REBOUND (Off:1 Def:0),,,5.0,203089,John Henson,1610612749.0,Milwaukee,Bucks,MIL,0,0,,,,,,0,0,,,,,
0021500246,198,6,1,2,2:56 PM,5:08,Hawes P.FOUL (P1.T2) (E.Malloy),,,,,4.0,201150,Spencer Hawes,1610612766.0,Charlotte,Hornets,CHA,5,203507,Giannis Antetokounmpo,1610612749.0,Milwaukee,Bucks,MIL,1,0,,,,,
0021500246,199,2,1,2,2:57 PM,4:57,,,MISS Bayless 19' Jump Shot,,,5.0,201573,Jerryd Bayless,1610612749.0,Milwaukee,Bucks,MIL,0,0,,,,,,0,0,,,,,
0021500246,200,4,0,2,2:57 PM,4:55,,,Bayless REBOUND (Off:1 Def:0),,,5.0,201573,Jerryd Bayless,1610612749.0,Milwaukee,Bucks,MIL,0,0,,,,,,0,0,,,,,
0021500246,201,2,1,2,2:57 PM,4:51,,,MISS Mayo 25' 3PT Jump Shot,,,5.0,201564,O.J. Mayo,1610612749.0,Milwaukee,Bucks,MIL,0,0,,,,,,0,0,,,,,
0021500246,202,4,0,2,2:57 PM,4:50,Hawes REBOUND (Off:0 Def:2),,,,,4.0,201150,Spencer Hawes,1610612766.0,Charlotte,Hornets,CHA,0,0,,,,,,0,0,,,,,
0021500246,203,2,1,2,2:57 PM,4:43,MISS Williams 25' 3PT Jump Shot,,,,,4.0,101107,Marvin Williams,1610612766.0,Charlotte,Hornets,CHA,0,0,,,,,,0,0,,,,,
0021500246,204,4,0,2,2:57 PM,4:42,,,Antetokounmpo REBOUND (Off:0 Def:2),,,5.0,203507,Giannis Antetokounmpo,1610612749.0,Milwaukee,Bucks,MIL,0,0,,,,,,0,0,,,,,
0021500246,205,1,1,2,2:57 PM,4:21,,,Mayo 26' 3PT Jump Shot (7 PTS) (Middleton 3 AST),37 - 42,5,5.0,201564,O.J. Mayo,1610612749.0,Milwaukee,Bucks,MIL,5,203114,Khris Middleton,1610612749.0,Milwaukee,Bucks,MIL,0,0,,,,,
0021500246,206,6,18,2,2:58 PM,4:21,,,Bucks Delay,,,3.0,1610612749,,,,,,0,0,,,,,,1,0,,,,,
0021500246,207,3,16,2,2:58 PM,4:21,MISS Batum Free Throw Technical,,,,,4.0,201587,Nicolas Batum,1610612766.0,Charlotte,Hornets,CHA,0,0,,,,,,0,0,,,,,
0021500246,208,4,1,2,2:58 PM,4:21,HORNETS Rebound,,,,,2.0,1610612766,,,,,,0,0,,,,,,0,0,,,,,
0021500246,210,2,5,2,2:58 PM,3:59,MISS Hawes 1' Layup,,Henson BLOCK (1 BLK),,,4.0,201150,Spencer Hawes,1610612766.0,Charlotte,Hornets,CHA,0,0,,,,,,5,203089,John Henson,1610612749.0,Milwaukee,Bucks,MIL
0021500246,211,4,0,2,2:59 PM,3:58,Williams REBOUND (Off:1 Def:1),,,,,4.0,101107,Marvin Williams,1610612766.0,Charlotte,Hornets,CHA,0,0,,,,,,0,0,,,,,
0021500246,212,5,11,2,2:59 PM,3:56,HORNETS Turnover: Shot Clock (T#8),,,,,2.0,1610612766,,,,,,0,0,,,,,,1,0,,,,,
0021500246,213,2,1,2,2:59 PM,3:41,,,MISS Middleton 17' Jump Shot,,,5.0,203114,Khris Middleton,1610612749.0,Milwaukee,Bucks,MIL,0,0,,,,,,0,0,,,,,
0021500246,214,4,0,2,2:59 PM,3:40,Williams REBOUND (Off:1 Def:2),,,,,4.0,101107,Marvin Williams,1610612766.0,Charlotte,Hornets,CHA,0,0,,,,,,0,0,,,,,
0021500246,215,5,4,2,2:59 PM,3:24,Batum Traveling Turnover (P5.T9),,,,,4.0,201587,Nicolas Batum,1610612766.0,Charlotte,Hornets,CHA,0,0,,,,,,1,0,,,,,
0021500246,216,6,1,2,3:00 PM,3:16,Lin P.FOUL (P2.T3) (N.Buchert),,,,,4.0,202391,Jeremy Lin,1610612766.0,Charlotte,Hornets,CHA,5,201564,O.J. Mayo,1610612749.0,Milwaukee,Bucks,MIL,1,0,,,,,
0021500246,217,8,0,2,3:00 PM,3:16,SUB: Lamb FOR Lin,,,,,4.0,202391,Jeremy Lin,1610612766.0,Charlotte,Hornets,CHA,4,203087,Jeremy Lamb,1610612766.0,Charlotte,Hornets,CHA,0,0,,,,,
0021500246,218,2,1,2,3:00 PM,3:02,,,MISS Antetokounmpo 4' Jump Shot,,,5.0,203507,Giannis Antetokounmpo,1610612749.0,Milwaukee,Bucks,MIL,0,0,,,,,,0,0,,,,,
0021500246,219,4,0,2,3:00 PM,3:02,,,Henson REBOUND (Off:2 Def:0),,,5.0,203089,John Henson,1610612749.0,Milwaukee,Bucks,MIL,0,0,,,,,,0,0,,,,,
0021500246,220,2,3,2,3:01 PM,2:49,,,MISS Henson 7' Hook Shot,,,5.0,203089,John Henson,1610612749.0,Milwaukee,Bucks,MIL,0,0,,,,,,0,0,,,,,
0021500246,221,4,0,2,3:01 PM,2:49,Williams REBOUND (Off:1 Def:3),,,,,4.0,101107,Marvin Williams,1610612766.0,Charlotte,Hornets,CHA,0,0,,,,,,0,0,,,,,
0021500246,222,2,78,2,3:01 PM,2:28,MISS Williams 7' Floating Jump Shot,,,,,4.0,101107,Marvin Williams,1610612766.0,Charlotte,Hornets,CHA,0,0,,,,,,0,0,,,,,
0021500246,223,4,0,2,3:01 PM,2:27,,,Bayless REBOUND (Off:1 Def:1),,,5.0,201573,Jerryd Bayless,1610612749.0,Milwaukee,Bucks,MIL,0,0,,,,,,0,0,,,,,
0021500246,224,2,1,2,3:01 PM,2:14,,,MISS Bayless 25' 3PT Jump Shot,,,5.0,201573,Jerryd Bayless,1610612749.0,Milwaukee,Bucks,MIL,0,0,,,,,,0,0,,,,,
0021500246,225,4,0,2,3:01 PM,2:12,HORNETS Rebound,,,,,2.0,1610612766,,,,,,0,0,,,,,,0,0,,,,,
0021500246,226,9,1,2,3:01 PM,2:12,HORNETS Timeout: Regular (Full 2 Short 1),,,,,2.0,1610612766,,,,,,0,0,,,,,,0,0,,,,,
0021500246,230,1,1,2,3:04 PM,1:48,Hawes 27' 3PT Jump Shot (5 PTS) (Williams 2 AST),,,37 - 45,8,4.0,201150,Spencer Hawes,1610612766.0,Charlotte,Hornets,CHA,4,101107,Marvin Williams,1610612766.0,Charlotte,Hornets,CHA,0,0,,,,,
0021500246,231,2,1,2,3:04 PM,1:31,,,MISS Middleton 24' 3PT Jump Shot,,,5.0,203114,Khris Middleton,1610612749.0,Milwaukee,Bucks,MIL,0,0,,,,,,0,0,,,,,
0021500246,232,4,0,2,3:04 PM,1:30,,,Henson REBOUND (Off:3 Def:0),,,5.0,203089,John Henson,1610612749.0,Milwaukee,Bucks,MIL,0,0,,,,,,0,0,,,,,
0021500246,233,2,1,2,3:04 PM,1:26,,,MISS Mayo 16' Jump Shot,,,5.0,201564,O.J. Mayo,1610612749.0,Milwaukee,Bucks,MIL,0,0,,,,,,0,0,,,,,
0021500246,234,4,0,2,3:04 PM,1:26,Hawes REBOUND (Off:0 Def:3),,,,,4.0,201150,Spencer Hawes,1610612766.0,Charlotte,Hornets,CHA,0,0,,,,,,0,0,,,,,
0021500246,235,2,1,2,3:05 PM,1:02,MISS Lamb 5' Jump Shot,,,,,4.0,203087,Jeremy Lamb,1610612766.0,Charlotte,Hornets,CHA,0,0,,,,,,0,0,,,,,
0021500246,236,4,0,2,3:05 PM,1:01,,,Middleton REBOUND (Off:0 Def:2),,,5.0,203114,Khris Middleton,1610612749.0,Milwaukee,Bucks,MIL,0,0,,,,,,0,0,,,,,
0021500246,237,2,1,2,3:05 PM,0:57,,,MISS Mayo 26' 3PT Jump Shot,,,5.0,201564,O.J. Mayo,1610612749.0,Milwaukee,Bucks,MIL,0,0,,,,,,0,0,,,,,
0021500246,238,4,0,2,3:05 PM,0:57,Williams REBOUND (Off:1 Def:4),,,,,4.0,101107,Marvin Williams,1610612766.0,Charlotte,Hornets,CHA,0,0,,,,,,0,0,,,,,
0021500246,239,2,47,2,3:05 PM,0:36,MISS Hawes 15' Turnaround Jump Shot,,,,,4.0,201150,Spencer Hawes,1610612766.0,Charlotte,Hornets,CHA,0,0,,,,,,0,0,,,,,
0021500246,240,4,0,2,3:05 PM,0:35,,,Mayo REBOUND (Off:1 Def:1),,,5.0,201564,O.J. Mayo,1610612749.0,Milwaukee,Bucks,MIL,0,0,,,,,,0,0,,,,,
0021500246,241,2,1,2,3:05 PM,0:25,,,MISS Henson 5' Jump Shot,,,5.0,203089,John Henson,1610612749.0,Milwaukee,Bucks,MIL,0,0,,,,,,0,0,,,,,
0021500246,242,4,0,2,3:05 PM,0:23,Hawes REBOUND (Off:0 Def:4),,,,,4.0,201150,Spencer Hawes,1610612766.0,Charlotte,Hornets,CHA,0,0,,,,,,0,0,,,,,
0021500246,243,13,0,2,3:06 PM,0:00,,,,37 - 45,8,0.0,0,,,,,,0,0,,,,,,0,0,,,,,
0021500246,244,12,0,3,3:22 PM,12:00,,,,37 - 45,8,0.0,0,,,,,,0,0,,,,,,0,0,,,,,
0021500246,245,2,1,3,3:22 PM,11:42,MISS Williams  3PT Jump Shot,,,,,4.0,101107,Marvin Williams,1610612766.0,Charlotte,Hornets,CHA,0,0,,,,,,0,0,,,,,
0021500246,246,4,0,3,3:22 PM,11:42,Zeller REBOUND (Off:1 Def:0),,,,,4.0,203469,Cody Zeller,1610612766.0,Charlotte,Hornets,CHA,0,0,,,,,,0,0,,,,,
0021500246,247,6,1,3,3:22 PM,11:42,,,Bayless P.FOUL (P3.T1) (E.Dalen),,,5.0,201573,Jerryd Bayless,1610612749.0,Milwaukee,Bucks,MIL,4,203469,Cody Zeller,1610612766.0,Charlotte,Hornets,CHA,1,0,,,,,
0021500246,248,1,5,3,3:22 PM,11:36,Williams 1' Layup (8 PTS) (Zeller 1 AST),,,37 - 47,10,4.0,101107,Marvin Williams,1610612766.0,Charlotte,Hornets,CHA,4,203469,Cody Zeller,1610612766.0,Charlotte,Hornets,CHA,0,0,,,,,
0021500246,249,6,2,3,3:22 PM,11:36,,,Mayo S.FOUL (P2.T2) (N.Buchert),,,5.0,201564,O.J. Mayo,1610612749.0,Milwaukee,Bucks,MIL,4,101107,Marvin Williams,1610612766.0,Charlotte,Hornets,CHA,1,0,,,,,
0021500246,250,3,10,3,3:23 PM,11:36,Williams Free Throw 1 of 1 (9 PTS),,,37 - 48,11,4.0,101107,Marvin Williams,1610612766.0,Charlotte,Hornets,CHA,0,0,,,,,,0,0,,,,,
0021500246,252,1,1,3,3:23 PM,11:20,,,Mayo 21' Jump Shot (9 PTS) (Middleton 4 AST),39 - 48,9,5.0,201564,O.J. Mayo,1610612749.0,Milwaukee,Bucks,MIL,5,203114,Khris Middleton,1610612749.0,Milwaukee,Bucks,MIL,0,0,,,,,
0021500246,254,2,1,3,3:24 PM,10:55,MISS Batum 21' Jump Shot,,,,,4.0,201587,Nicolas Batum,1610612766.0,Charlotte,Hornets,CHA,0,0,,,,,,0,0,,,,,
0021500246,255,4,0,3,3:24 PM,10:54,,,Bucks Rebound,,,3.0,1610612749,,,,,,0,0,,,,,,0,0,,,,,
0021500246,256,2,5,3,3:24 PM,10:37,,,MISS Monroe 3' Layup,,,5.0,202328,Greg Monroe,1610612749.0,Milwaukee,Bucks,MIL,0,0,,,,,,0,0,,,,,
0021500246,257,4,0,3,3:24 PM,10:36,Williams REBOUND (Off:1 Def:5),,,,,4.0,101107,Marvin Williams,1610612766.0,Charlotte,Hornets,CHA,0,0,,,,,,0,0,,,,,
0021500246,258,2,1,3,3:24 PM,10:26,MISS Walker 18' Jump Shot,,,,,4.0,202689,Kemba Walker,1610612766.0,Charlotte,Hornets,CHA,0,0,,,,,,0,0,,,,,
0021500246,259,4,0,3,3:24 PM,10:25,,,Mayo REBOUND (Off:1 Def:2),,,5.0,201564,O.J. Mayo,1610612749.0,Milwaukee,Bucks,MIL,0,0,,,,,,0,0,,,,,
0021500246,260,1,5,3,3:25 PM,10:11,,,Monroe 1' Layup (6 PTS) (Mayo 3 AST),41 - 48,7,5.0,202328,Greg Monroe,1610612749.0,Milwaukee,Bucks,MIL,5,201564,O.J. Mayo,1610612749.0,Milwaukee,Bucks,MIL,0,0,,,,,
0021500246,261,1,1,3,3:25 PM,9:47,Zeller 9' Jump Shot (2 PTS) (Batum 2 AST),,,41 - 50,9,4.0,203469,Cody Zeller,1610612766.0,Charlotte,Hornets,CHA,4,201587,Nicolas Batum,1610612766.0,Charlotte,Hornets,CHA,0,0,,,,,
0021500246,262,1,5,3,3:25 PM,9:27,,,Monroe 2' Layup (8 PTS) (Middleton 5 AST),43 - 50,7,5.0,202328,Greg Monroe,1610612749.0,Milwaukee,Bucks,MIL,5,203114,Khris Middleton,1610612749.0,Milwaukee,Bucks,MIL,0,0,,,,,
0021500246,263,1,42,3,3:26 PM,9:11,Walker 2' Driving Layup (9 PTS),,,43 - 52,9,4.0,202689,Kemba Walker,1610612766.0,Charlotte,Hornets,CHA,0,0,,,,,,0,0,,,,,
0021500246,264,2,101,3,3:26 PM,8:58,,,MISS Middleton 6' Driving Floating Jump Shot,,,5.0,203114,Khris Middleton,1610612749.0,Milwaukee,Bucks,MIL,0,0,,,,,,0,0,,,,,
0021500246,266,4,0,3,3:26 PM,8:57,,,Middleton REBOUND (Off:1 Def:2),,,5.0,203114,Khris Middleton,1610612749.0,Milwaukee,Bucks,MIL,0,0,,,,,,0,0,,,,,
0021500246,265,1,72,3,3:26 PM,8:57,,,Middleton 1' Putback Layup (13 PTS),45 - 52,7,5.0,203114,Khris Middleton,1610612749.0,Milwaukee,Bucks,MIL,0,0,,,,,,0,0,,,,,
0021500246,267,2,1,3,3:26 PM,8:37,MISS Batum 19' Jump Shot,,,,,4.0,201587,Nicolas Batum,1610612766.0,Charlotte,Hornets,CHA,0,0,,,,,,0,0,,,,,
0021500246,268,4,0,3,3:26 PM,8:35,,,Middleton REBOUND (Off:1 Def:3),,,5.0,203114,Khris Middleton,1610612749.0,Milwaukee,Bucks,MIL,0,0,,,,,,0,0,,,,,
0021500246,269,6,1,3,3:26 PM,8:26,Zeller P.FOUL (P3.T1) (N.Buchert),,,,,4.0,203469,Cody Zeller,1610612766.0,Charlotte,Hornets,CHA,5,202328,Greg Monroe,1610612749.0,Milwaukee,Bucks,MIL,1,0,,,,,
0021500246,270,1,5,3,3:27 PM,8:18,,,Monroe 2' Layup (10 PTS) (Bayless 4 AST),47 - 52,5,5.0,202328,Greg Monroe,1610612749.0,Milwaukee,Bucks,MIL,5,201573,Jerryd Bayless,1610612749.0,Milwaukee,Bucks,MIL,0,0,,,,,
0021500246,271,6,2,3,3:27 PM,8:18,Zeller S.FOUL (P4.T2) (E.Dalen),,,,,4.0,203469,Cody Zeller,1610612766.0,Charlotte,Hornets,CHA,5,202328,Greg Monroe,1610612749.0,Milwaukee,Bucks,MIL,1,0,,,,,
0021500246,272,8,0,3,3:27 PM,8:18,SUB: Hawes FOR Zeller,,,,,4.0,203469,Cody Zeller,1610612766.0,Charlotte,Hornets,CHA,4,201150,Spencer Hawes,1610612766.0,Charlotte,Hornets,CHA,0,0,,,,,
0021500246,273,3,10,3,3:27 PM,8:18,,,MISS Monroe Free Throw 1 of 1,,,5.0,202328,Greg Monroe,1610612749.0,Milwaukee,Bucks,MIL,0,0,,,,,,0,0,,,,,
0021500246,275,4,0,3,3:27 PM,8:16,Batum REBOUND (Off:1 Def:1),,,,,4.0,201587,Nicolas Batum,1610612766.0,Charlotte,Hornets,CHA,0,0,,,,,,0,0,,,,,
0021500246,276,6,1,3,3:27 PM,8:09,,,Mayo P.FOUL (P3.T3) (E.Malloy),,,5.0,201564,O.J. Mayo,1610612749.0,Milwaukee,Bucks,MIL,4,201587,Nicolas Batum,1610612766.0,Charlotte,Hornets,CHA,1,0,,,,,
0021500246,277,1,1,3,3:28 PM,7:58,Hairston 27' 3PT Jump Shot (3 PTS) (Batum 3 AST),,,47 - 55,8,4.0,203798,PJ Hairston,1610612766.0,Charlotte,Hornets,CHA,4,201587,Nicolas Batum,1610612766.0,Charlotte,Hornets,CHA,0,0,,,,,
0021500246,278,6,2,3,3:28 PM,7:42,Hawes S.FOUL (P2.T3) (E.Dalen),,,,,4.0,201150,Spencer Hawes,1610612766.0,Charlotte,Hornets,CHA,5,202328,Greg Monroe,1610612749.0,Milwaukee,Bucks,MIL,1,0,,,,,
0021500246,279,3,11,3,3:28 PM,7:42,,,Monroe Free Throw 1 of 2 (11 PTS),48 - 55,7,5.0,202328,Greg Monroe,1610612749.0,Milwaukee,Bucks,MIL,0,0,,,,,,0,0,,,,,
0021500246,281,3,12,3,3:29 PM,7:42,,,MISS Monroe Free Throw 2 of 2,,,5.0,202328,Greg Monroe,1610612749.0,Milwaukee,Bucks,MIL,0,0,,,,,,0,0,,,,,
0021500246,283,4,0,3,3:29 PM,7:40,Williams REBOUND (Off:1 Def:6),,,,,4.0,101107,Marvin Williams,1610612766.0,Charlotte,Hornets,CHA,0,0,,,,,,0,0,,,,,
0021500246,284,5,1,3,3:29 PM,7:23,Batum Bad Pass Turnover (P6.T10),,Antetokounmpo STEAL (1 STL),,,4.0,201587,Nicolas Batum,1610612766.0,Charlotte,Hornets,CHA,5,203507,Giannis Antetokounmpo,1610612749.0,Milwaukee,Bucks,MIL,0,0,,,,,
0021500246,285,2,1,3,3:29 PM,7:12,,,MISS Monroe 18' Jump Shot,,,5.0,202328,Greg Monroe,1610612749.0,Milwaukee,Bucks,MIL,0,0,,,,,,0,0,,,,,
0021500246,286,4,0,3,3:30 PM,7:11,Batum REBOUND (Off:1 Def:2),,,,,4.0,201587,Nicolas Batum,1610612766.0,Charlotte,Hornets,CHA,0,0,,,,,,0,0,,,,,
0021500246,287,2,3,3,3:30 PM,6:56,MISS Hawes 10' Hook Shot,,,,,4.0,201150,Spencer Hawes,1610612766.0,Charlotte,Hornets,CHA,0,0,,,,,,0,0,,,,,
0021500246,288,4,0,3,3:30 PM,6:55,,,Antetokounmpo REBOUND (Off:0 Def:3),,,5.0,203507,Giannis Antetokounmpo,1610612749.0,Milwaukee,Bucks,MIL,0,0,,,,,,0,0,,,,,
0021500246,289,5,1,3,3:30 PM,6:43,Batum STEAL (1 STL),,Mayo Bad Pass Turnover (P1.T9),,,5.0,201564,O.J. Mayo,1610612749.0,Milwaukee,Bucks,MIL,4,201587,Nicolas Batum,1610612766.0,Charlotte,Hornets,CHA,0,0,,,,,
0021500246,290,6,1,3,3:30 PM,6:42,,,Middleton P.FOUL (P2.T4) (N.Buchert),,,5.0,203114,Khris Middleton,1610612749.0,Milwaukee,Bucks,MIL,4,201587,Nicolas Batum,1610612766.0,Charlotte,Hornets,CHA,1,0,,,,,
0021500246,291,5,1,3,3:31 PM,6:26,Walker Bad Pass Turnover (P2.T11),,Monroe STEAL (2 STL),,,4.0,202689,Kemba Walker,1610612766.0,Charlotte,Hornets,CHA,5,202328,Greg Monroe,1610612749.0,Milwaukee,Bucks,MIL,0,0,,,,,
0021500246,292,1,1,3,3:31 PM,6:20,,,Bayless 24' 3PT Jump Shot (8 PTS) (Antetokounmpo 1 AST),51 - 55,4,5.0,201573,Jerryd Bayless,1610612749.0,Milwaukee,Bucks,MIL,5,203507,Giannis Antetokounmpo,1610612749.0,Milwaukee,Bucks,MIL,0,0,,,,,
0021500246,293,9,1,3,3:31 PM,6:20,HORNETS Timeout: Regular (Full 3 Short 1),,,,,2.0,1610612766,,,,,,0,0,,,,,,0,0,,,,,
0021500246,297,2,1,3,3:33 PM,6:00,MISS Batum 26' 3PT Jump Shot,,,,,4.0,201587,Nicolas Batum,1610612766.0,Charlotte,Hornets,CHA,0,0,,,,,,0,0,,,,,
0021500246,298,4,0,3,3:34 PM,6:00,,,Bucks Rebound,,,3.0,1610612749,,,,,,0,0,,,,,,0,0,,,,,
0021500246,299,2,1,3,3:34 PM,5:39,,,MISS Middleton 16' Jump Shot,,,5.0,203114,Khris Middleton,1610612749.0,Milwaukee,Bucks,MIL,0,0,,,,,,0,0,,,,,
0021500246,300,4,0,3,3:34 PM,5:38,Hawes REBOUND (Off:0 Def:5),,,,,4.0,201150,Spencer Hawes,1610612766.0,Charlotte,Hornets,CHA,0,0,,,,,,0,0,,,,,
0021500246,301,5,2,3,3:34 PM,5:28,Batum Lost Ball Turnover (P7.T12),,Mayo STEAL (1 STL),,,4.0,201587,Nicolas Batum,1610612766.0,Charlotte,Hornets,CHA,5,201564,O.J. Mayo,1610612749.0,Milwaukee,Bucks,MIL,0,0,,,,,
0021500246,302,1,1,3,3:34 PM,5:22,,,Mayo 25' 3PT Jump Shot (12 PTS) (Antetokounmpo 2 AST),54 - 55,1,5.0,201564,O.J. Mayo,1610612749.0,Milwaukee,Bucks,MIL,5,203507,Giannis Antetokounmpo,1610612749.0,Milwaukee,Bucks,MIL,0,0,,,,,
0021500246,303,2,1,3,3:35 PM,4:56,MISS Williams 18' Jump Shot,,,,,4.0,101107,Marvin Williams,1610612766.0,Charlotte,Hornets,CHA,0,0,,,,,,0,0,,,,,
0021500246,304,4,0,3,3:35 PM,4:55,,,Antetokounmpo REBOUND (Off:0 Def:4),,,5.0,203507,Giannis Antetokounmpo,1610612749.0,Milwaukee,Bucks,MIL,0,0,,,,,,0,0,,,,,
0021500246,305,1,79,3,3:35 PM,4:30,,,Middleton 29' 3PT Pullup Jump Shot (16 PTS),57 - 55,-2,5.0,203114,Khris Middleton,1610612749.0,Milwaukee,Bucks,MIL,0,0,,,,,,0,0,,,,,
0021500246,306,2,1,3,3:35 PM,4:06,MISS Hairston 9' Jump Shot,,,,,4.0,203798,PJ Hairston,1610612766.0,Charlotte,Hornets,CHA,0,0,,,,,,0,0,,,,,
0021500246,307,4,0,3,3:36 PM,4:05,,,Bayless REBOUND (Off:1 Def:2),,,5.0,201573,Jerryd Bayless,1610612749.0,Milwaukee,Bucks,MIL,0,0,,,,,,0,0,,,,,
0021500246,308,2,1,3,3:36 PM,3:58,,,MISS Mayo  3PT Jump Shot,,,5.0,201564,O.J. Mayo,1610612749.0,Milwaukee,Bucks,MIL,0,0,,,,,,0,0,,,,,
0021500246,309,4,0,3,3:36 PM,3:57,Hawes REBOUND (Off:0 Def:6),,,,,4.0,201150,Spencer Hawes,1610612766.0,Charlotte,Hornets,CHA,0,0,,,,,,0,0,,,,,
0021500246,310,2,1,3,3:36 PM,3:49,MISS Williams 26' 3PT Jump Shot,,,,,4.0,101107,Marvin Williams,1610612766.0,Charlotte,Hornets,CHA,0,0,,,,,,0,0,,,,,
0021500246,311,4,0,3,3:36 PM,3:47,,,Monroe REBOUND (Off:3 Def:5),,,5.0,202328,Greg Monroe,1610612749.0,Milwaukee,Bucks,MIL,0,0,,,,,,0,0,,,,,
0021500246,312,2,1,3,3:36 PM,3:34,,,MISS Middleton 25' 3PT Jump Shot,,,5.0,203114,Khris Middleton,1610612749.0,Milwaukee,Bucks,MIL,0,0,,,,,,0,0,,,,,
0021500246,313,4,0,3,3:36 PM,3:32,Hawes REBOUND (Off:0 Def:7),,,,,4.0,201150,Spencer Hawes,1610612766.0,Charlotte,Hornets,CHA,0,0,,,,,,0,0,,,,,
0021500246,314,1,1,3,3:36 PM,3:20,Williams 25' 3PT Jump Shot (12 PTS) (Walker 3 AST),,,57 - 58,1,4.0,101107,Marvin Williams,1610612766.0,Charlotte,Hornets,CHA,4,202689,Kemba Walker,1610612766.0,Charlotte,Hornets,CHA,0,0,,,,,
0021500246,315,2,1,3,3:37 PM,3:01,,,MISS Bayless 25' 3PT Jump Shot,,,5.0,201573,Jerryd Bayless,1610612749.0,Milwaukee,Bucks,MIL,0,0,,,,,,0,0,,,,,
0021500246,316,4,0,3,3:37 PM,3:00,Hawes REBOUND (Off:0 Def:8),,,,,4.0,201150,Spencer Hawes,1610612766.0,Charlotte,Hornets,CHA,0,0,,,,,,0,0,,,,,
0021500246,317,2,80,3,3:37 PM,2:51,MISS Walker 12' Step Back Jump Shot,,,,,4.0,202689,Kemba Walker,1610612766.0,Charlotte,Hornets,CHA,0,0,,,,,,0,0,,,,,
0021500246,318,4,0,3,3:37 PM,2:49,,,Monroe REBOUND (Off:3 Def:6),,,5.0,202328,Greg Monroe,1610612749.0,Milwaukee,Bucks,MIL,0,0,,,,,,0,0,,,,,
0021500246,319,9,1,3,3:37 PM,2:45,,,Bucks Timeout: Regular (Reg.3 Short 0),,,3.0,1610612749,,,,,,0,0,,,,,,0,0,,,,,
0021500246,321,8,0,3,3:39 PM,2:45,SUB: Lamb FOR Hairston,,,,,4.0,203798,PJ Hairston,1610612766.0,Charlotte,Hornets,CHA,4,203087,Jeremy Lamb,1610612766.0,Charlotte,Hornets,CHA,0,0,,,,,
0021500246,322,8,0,3,3:39 PM,2:45,SUB: Kaminsky FOR Williams,,,,,4.0,101107,Marvin Williams,1610612766.0,Charlotte,Hornets,CHA,4,1626163,Frank Kaminsky,1610612766.0,Charlotte,Hornets,CHA,0,0,,,,,
0021500246,323,8,0,3,3:39 PM,2:45,SUB: Hansbrough FOR Hawes,,,,,4.0,201150,Spencer Hawes,1610612766.0,Charlotte,Hornets,CHA,4,201946,Tyler Hansbrough,1610612766.0,Charlotte,Hornets,CHA,0,0,,,,,
0021500246,325,2,1,3,3:40 PM,2:28,,,MISS Middleton 24' 3PT Jump Shot,,,5.0,203114,Khris Middleton,1610612749.0,Milwaukee,Bucks,MIL,0,0,,,,,,0,0,,,,,
0021500246,326,4,0,3,3:40 PM,2:27,Kaminsky REBOUND (Off:0 Def:3),,,,,4.0,1626163,Frank Kaminsky,1610612766.0,Charlotte,Hornets,CHA,0,0,,,,,,0,0,,,,,
0021500246,327,1,1,3,3:40 PM,2:07,Lamb  3PT Jump Shot (12 PTS) (Batum 4 AST),,,57 - 61,4,4.0,203087,Jeremy Lamb,1610612766.0,Charlotte,Hornets,CHA,4,201587,Nicolas Batum,1610612766.0,Charlotte,Hornets,CHA,0,0,,,,,
0021500246,328,6,1,3,3:41 PM,1:53,Hansbrough P.FOUL (P1.T4) (E.Malloy),,,,,4.0,201946,Tyler Hansbrough,1610612766.0,Charlotte,Hornets,CHA,5,202328,Greg Monroe,1610612749.0,Milwaukee,Bucks,MIL,1,0,,,,,
0021500246,329,5,6,3,3:41 PM,1:50,,,Bayless Double Dribble Turnover (P2.T10),,,5.0,201573,Jerryd Bayless,1610612749.0,Milwaukee,Bucks,MIL,0,0,,,,,,1,0,,,,,
0021500246,330,6,2,3,3:41 PM,1:30,,,Monroe S.FOUL (P3.PN) (E.Malloy),,,5.0,202328,Greg Monroe,1610612749.0,Milwaukee,Bucks,MIL,4,202689,Kemba Walker,1610612766.0,Charlotte,Hornets,CHA,1,0,,,,,
0021500246,331,3,11,3,3:42 PM,1:30,Walker Free Throw 1 of 2 (10 PTS),,,57 - 62,5,4.0,202689,Kemba Walker,1610612766.0,Charlotte,Hornets,CHA,0,0,,,,,,0,0,,,,,
0021500246,333,8,0,3,3:42 PM,1:30,SUB: Lin FOR Batum,,,,,4.0,201587,Nicolas Batum,1610612766.0,Charlotte,Hornets,CHA,4,202391,Jeremy Lin,1610612766.0,Charlotte,Hornets,CHA,0,0,,,,,
0021500246,334,3,12,3,3:42 PM,1:30,MISS Walker Free Throw 2 of 2,,,,,4.0,202689,Kemba Walker,1610612766.0,Charlotte,Hornets,CHA,0,0,,,,,,0,0,,,,,
0021500246,336,4,0,3,3:42 PM,1:29,,,Bucks Rebound,,,3.0,1610612749,,,,,,0,0,,,,,,0,0,,,,,
0021500246,337,6,3,3,3:42 PM,1:29,Hansbrough L.B.FOUL (P2.PN) (N.Buchert),,,,,4.0,201946,Tyler Hansbrough,1610612766.0,Charlotte,Hornets,CHA,5,202328,Greg Monroe,1610612749.0,Milwaukee,Bucks,MIL,1,0,,,,,
0021500246,338,3,11,3,3:43 PM,1:29,,,Monroe Free Throw 1 of 2 (12 PTS),58 - 62,4,5.0,202328,Greg Monroe,1610612749.0,Milwaukee,Bucks,MIL,0,0,,,,,,0,0,,,,,
0021500246,340,8,0,3,3:43 PM,1:29,,,SUB: Carter-Williams FOR Mayo,,,5.0,201564,O.J. Mayo,1610612749.0,Milwaukee,Bucks,MIL,5,203487,Michael Carter-Williams,1610612749.0,Milwaukee,Bucks,MIL,0,0,,,,,
0021500246,341,3,12,3,3:43 PM,1:29,,,Monroe Free Throw 2 of 2 (13 PTS),59 - 62,3,5.0,202328,Greg Monroe,1610612749.0,Milwaukee,Bucks,MIL,0,0,,,,,,0,0,,,,,
0021500246,343,1,1,3,3:43 PM,1:10,Walker 25' 3PT Jump Shot (13 PTS) (Lin 4 AST),,,59 - 65,6,4.0,202689,Kemba Walker,1610612766.0,Charlotte,Hornets,CHA,4,202391,Jeremy Lin,1610612766.0,Charlotte,Hornets,CHA,0,0,,,,,
0021500246,344,6,4,3,3:44 PM,0:57,,,Middleton OFF.Foul (P3) (E.Malloy),,,5.0,203114,Khris Middleton,1610612749.0,Milwaukee,Bucks,MIL,4,203087,Jeremy Lamb,1610612766.0,Charlotte,Hornets,CHA,1,0,,,,,
0021500246,345,5,5,3,3:44 PM,0:57,,,Middleton Foul Turnover (P2.T11),,,5.0,203114,Khris Middleton,1610612749.0,Milwaukee,Bucks,MIL,0,0,,,,,,1,0,,,,,
0021500246,346,8,0,3,3:44 PM,0:57,,,SUB: Henson FOR Monroe,,,5.0,202328,Greg Monroe,1610612749.0,Milwaukee,Bucks,MIL,5,203089,John Henson,1610612749.0,Milwaukee,Bucks,MIL,0,0,,,,,
0021500246,347,2,1,3,3:44 PM,0:44,MISS Lamb 25' 3PT Jump Shot,,,,,4.0,203087,Jeremy Lamb,1610612766.0,Charlotte,Hornets,CHA,0,0,,,,,,0,0,,,,,
0021500246,348,4,0,3,3:44 PM,0:43,,,Bayless REBOUND (Off:1 Def:3),,,5.0,201573,Jerryd Bayless,1610612749.0,Milwaukee,Bucks,MIL,0,0,,,,,,0,0,,,,,
0021500246,349,2,1,3,3:44 PM,0:27,,,MISS Bayless 25' 3PT Jump Shot,,,5.0,201573,Jerryd Bayless,1610612749.0,Milwaukee,Bucks,MIL,0,0,,,,,,0,0,,,,,
0021500246,350,4,0,3,3:44 PM,0:26,Lamb REBOUND (Off:1 Def:6),,,,,4.0,203087,Jeremy Lamb,1610612766.0,Charlotte,Hornets,CHA,0,0,,,,,,0,0,,,,,
0021500246,351,2,101,3,3:45 PM,0:01,MISS Lamb 12' Driving Floating Jump Shot,,,,,4.0,203087,Jeremy Lamb,1610612766.0,Charlotte,Hornets,CHA,0,0,,,,,,0,0,,,,,
0021500246,352,4,0,3,3:45 PM,0:00,,,Middleton REBOUND (Off:1 Def:4),,,5.0,203114,Khris Middleton,1610612749.0,Milwaukee,Bucks,MIL,0,0,,,,,,0,0,,,,,
0021500246,353,2,46,3,3:45 PM,0:00,,,MISS Middleton 27' 3PT Running Jump Shot,,,5.0,203114,Khris Middleton,1610612749.0,Milwaukee,Bucks,MIL,0,0,,,,,,0,0,,,,,
0021500246,355,4,0,3,3:45 PM,0:00,,,Bucks Rebound,,,3.0,1610612749,,,,,,0,0,,,,,,0,0,,,,,
0021500246,354,13,0,3,3:45 PM,0:00,,,,59 - 65,6,0.0,0,,,,,,0,0,,,,,,0,0,,,,,
0021500246,357,12,0,4,3:48 PM,12:00,,,,59 - 65,6,0.0,0,,,,,,0,0,,,,,,0,0,,,,,
0021500246,358,1,42,4,3:48 PM,11:48,,,Parker 2' Driving Layup (6 PTS),61 - 65,4,5.0,203953,Jabari Parker,1610612749.0,Milwaukee,Bucks,MIL,0,0,,,,,,0,0,,,,,
0021500246,359,6,1,4,3:48 PM,11:33,,,Parker P.FOUL (P2.T1) (N.Buchert),,,5.0,203953,Jabari Parker,1610612749.0,Milwaukee,Bucks,MIL,4,202391,Jeremy Lin,1610612766.0,Charlotte,Hornets,CHA,1,0,,,,,
0021500246,360,2,101,4,3:49 PM,11:22,MISS Kaminsky 7' Driving Floating Jump Shot,,,,,4.0,1626163,Frank Kaminsky,1610612766.0,Charlotte,Hornets,CHA,0,0,,,,,,0,0,,,,,
0021500246,361,4,0,4,3:49 PM,11:21,,,Carter-Williams REBOUND (Off:0 Def:2),,,5.0,203487,Michael Carter-Williams,1610612749.0,Milwaukee,Bucks,MIL,0,0,,,,,,0,0,,,,,
0021500246,362,6,2,4,3:49 PM,11:08,Lin S.FOUL (P3.T1) (N.Buchert),,,,,4.0,202391,Jeremy Lin,1610612766.0,Charlotte,Hornets,CHA,5,201564,O.J. Mayo,1610612749.0,Milwaukee,Bucks,MIL,1,0,,,,,
0021500246,363,3,11,4,3:50 PM,11:08,,,MISS Mayo Free Throw 1 of 2,,,5.0,201564,O.J. Mayo,1610612749.0,Milwaukee,Bucks,MIL,0,0,,,,,,0,0,,,,,
0021500246,364,4,1,4,3:50 PM,11:08,,,Bucks Rebound,,,3.0,1610612749,,,,,,0,0,,,,,,0,0,,,,,
0021500246,365,3,12,4,3:50 PM,11:08,,,MISS Mayo Free Throw 2 of 2,,,5.0,201564,O.J. Mayo,1610612749.0,Milwaukee,Bucks,MIL,0,0,,,,,,0,0,,,,,
0021500246,367,4,0,4,3:50 PM,11:05,,,Parker REBOUND (Off:1 Def:3),,,5.0,203953,Jabari Parker,1610612749.0,Milwaukee,Bucks,MIL,0,0,,,,,,0,0,,,,,
0021500246,368,2,5,4,3:50 PM,11:03,Hansbrough BLOCK (1 BLK),,MISS Parker 1' Layup,,,5.0,203953,Jabari Parker,1610612749.0,Milwaukee,Bucks,MIL,0,0,,,,,,4,201946,Tyler Hansbrough,1610612766.0,Charlotte,Hornets,CHA
0021500246,369,4,0,4,3:50 PM,11:01,Hansbrough REBOUND (Off:0 Def:1),,,,,4.0,201946,Tyler Hansbrough,1610612766.0,Charlotte,Hornets,CHA,0,0,,,,,,0,0,,,,,
0021500246,370,2,101,4,3:50 PM,10:52,MISS Walker 11' Driving Floating Jump Shot,,,,,4.0,202689,Kemba Walker,1610612766.0,Charlotte,Hornets,CHA,0,0,,,,,,0,0,,,,,
0021500246,371,4,0,4,3:50 PM,10:51,,,Carter-Williams REBOUND (Off:0 Def:3),,,5.0,203487,Michael Carter-Williams,1610612749.0,Milwaukee,Bucks,MIL,0,0,,,,,,0,0,,,,,
0021500246,372,6,2,4,3:50 PM,10:40,Kaminsky S.FOUL (P1.T2) (N.Buchert),,,,,4.0,1626163,Frank Kaminsky,1610612766.0,Charlotte,Hornets,CHA,5,203487,Michael Carter-Williams,1610612749.0,Milwaukee,Bucks,MIL,1,0,,,,,
0021500246,373,3,11,4,3:51 PM,10:40,,,MISS Carter-Williams Free Throw 1 of 2,,,5.0,203487,Michael Carter-Williams,1610612749.0,Milwaukee,Bucks,MIL,0,0,,,,,,0,0,,,,,
0021500246,374,4,1,4,3:51 PM,10:40,,,Bucks Rebound,,,3.0,1610612749,,,,,,0,0,,,,,,0,0,,,,,
0021500246,375,3,12,4,3:51 PM,10:40,,,Carter-Williams Free Throw 2 of 2 (1 PTS),62 - 65,3,5.0,203487,Michael Carter-Williams,1610612749.0,Milwaukee,Bucks,MIL,0,0,,,,,,0,0,,,,,
0021500246,377,6,1,4,3:51 PM,10:27,,,Parker P.FOUL (P3.T2) (E.Dalen),,,5.0,203953,Jabari Parker,1610612749.0,Milwaukee,Bucks,MIL,4,202391,Jeremy Lin,1610612766.0,Charlotte,Hornets,CHA,1,0,,,,,
0021500246,378,1,42,4,3:52 PM,10:12,Walker 2' Driving Layup (15 PTS),,,62 - 67,5,4.0,202689,Kemba Walker,1610612766.0,Charlotte,Hornets,CHA,0,0,,,,,,0,0,,,,,
0021500246,379,2,1,4,3:52 PM,10:00,,,MISS Bayless  3PT Jump Shot,,,5.0,201573,Jerryd Bayless,1610612749.0,Milwaukee,Bucks,MIL,0,0,,,,,,0,0,,,,,
0021500246,380,4,0,4,3:52 PM,9:59,Kaminsky REBOUND (Off:0 Def:4),,,,,4.0,1626163,Frank Kaminsky,1610612766.0,Charlotte,Hornets,CHA,0,0,,,,,,0,0,,,,,
0021500246,381,2,1,4,3:52 PM,9:41,MISS Kaminsky 25' 3PT Jump Shot,,,,,4.0,1626163,Frank Kaminsky,1610612766.0,Charlotte,Hornets,CHA,0,0,,,,,,0,0,,,,,
0021500246,382,4,0,4,3:52 PM,9:40,,,Henson REBOUND (Off:3 Def:1),,,5.0,203089,John Henson,1610612749.0,Milwaukee,Bucks,MIL,0,0,,,,,,0,0,,,,,
0021500246,383,6,2,4,3:53 PM,9:32,Hansbrough S.FOUL (P3.T3) (N.Buchert),,,,,4.0,201946,Tyler Hansbrough,1610612766.0,Charlotte,Hornets,CHA,5,201573,Jerryd Bayless,1610612749.0,Milwaukee,Bucks,MIL,1,0,,,,,
0021500246,384,3,11,4,3:53 PM,9:32,,,MISS Bayless Free Throw 1 of 2,,,5.0,201573,Jerryd Bayless,1610612749.0,Milwaukee,Bucks,MIL,0,0,,,,,,0,0,,,,,
0021500246,385,4,1,4,3:53 PM,9:32,,,Bucks Rebound,,,3.0,1610612749,,,,,,0,0,,,,,,0,0,,,,,
0021500246,386,3,12,4,3:53 PM,9:32,,,Bayless Free Throw 2 of 2 (9 PTS),63 - 67,4,5.0,201573,Jerryd Bayless,1610612749.0,Milwaukee,Bucks,MIL,0,0,,,,,,0,0,,,,,
0021500246,388,2,79,4,3:53 PM,9:21,MISS Walker 12' Pullup Jump Shot,,,,,4.0,202689,Kemba Walker,1610612766.0,Charlotte,Hornets,CHA,0,0,,,,,,0,0,,,,,
0021500246,389,4,0,4,3:53 PM,9:19,,,Parker REBOUND (Off:1 Def:4),,,5.0,203953,Jabari Parker,1610612749.0,Milwaukee,Bucks,MIL,0,0,,,,,,0,0,,,,,
0021500246,390,1,1,4,3:53 PM,9:11,,,Parker 19' Jump Shot (8 PTS) (Bayless 5 AST),65 - 67,2,5.0,203953,Jabari Parker,1610612749.0,Milwaukee,Bucks,MIL,5,201573,Jerryd Bayless,1610612749.0,Milwaukee,Bucks,MIL,0,0,,,,,
0021500246,391,2,1,4,3:54 PM,8:53,MISS Lin 11' Jump Shot,,,,,4.0,202391,Jeremy Lin,1610612766.0,Charlotte,Hornets,CHA,0,0,,,,,,0,0,,,,,
0021500246,392,4,0,4,3:54 PM,8:50,Hansbrough REBOUND (Off:1 Def:1),,,,,4.0,201946,Tyler Hansbrough,1610612766.0,Charlotte,Hornets,CHA,0,0,,,,,,0,0,,,,,
0021500246,393,1,72,4,3:54 PM,8:45,Hansbrough 2' Putback Layup (2 PTS),,,65 - 69,4,4.0,201946,Tyler Hansbrough,1610612766.0,Charlotte,Hornets,CHA,0,0,,,,,,0,0,,,,,
0021500246,394,2,5,4,3:54 PM,8:37,Kaminsky BLOCK (1 BLK),,MISS Bayless 2' Layup,,,5.0,201573,Jerryd Bayless,1610612749.0,Milwaukee,Bucks,MIL,0,0,,,,,,4,1626163,Frank Kaminsky,1610612766.0,Charlotte,Hornets,CHA
0021500246,395,4,0,4,3:54 PM,8:35,,,Bayless REBOUND (Off:2 Def:3),,,5.0,201573,Jerryd Bayless,1610612749.0,Milwaukee,Bucks,MIL,0,0,,,,,,0,0,,,,,
0021500246,396,2,5,4,3:54 PM,8:34,,,MISS Parker 1' Layup,,,5.0,203953,Jabari Parker,1610612749.0,Milwaukee,Bucks,MIL,0,0,,,,,,0,0,,,,,
0021500246,398,4,0,4,3:54 PM,8:32,,,Henson REBOUND (Off:4 Def:1),,,5.0,203089,John Henson,1610612749.0,Milwaukee,Bucks,MIL,0,0,,,,,,0,0,,,,,
0021500246,397,1,97,4,3:54 PM,8:32,,,Henson  Tip Layup Shot (2 PTS),67 - 69,2,5.0,203089,John Henson,1610612749.0,Milwaukee,Bucks,MIL,0,0,,,,,,0,0,,,,,
0021500246,399,2,42,4,3:54 PM,8:14,MISS Kaminsky 1' Driving Layup,,,,,4.0,1626163,Frank Kaminsky,1610612766.0,Charlotte,Hornets,CHA,0,0,,,,,,0,0,,,,,
0021500246,400,4,0,4,3:54 PM,8:11,,,Parker REBOUND (Off:1 Def:5),,,5.0,203953,Jabari Parker,1610612749.0,Milwaukee,Bucks,MIL,0,0,,,,,,0,0,,,,,
0021500246,401,2,1,4,3:55 PM,7:59,,,MISS Parker 18' Jump Shot,,,5.0,203953,Jabari Parker,1610612749.0,Milwaukee,Bucks,MIL,0,0,,,,,,0,0,,,,,
0021500246,402,4,0,4,3:55 PM,7:57,Lamb REBOUND (Off:1 Def:7),,,,,4.0,203087,Jeremy Lamb,1610612766.0,Charlotte,Hornets,CHA,0,0,,,,,,0,0,,,,,
0021500246,403,1,79,4,3:55 PM,7:49,Lamb 18' Pullup Jump Shot (14 PTS),,,67 - 71,4,4.0,203087,Jeremy Lamb,1610612766.0,Charlotte,Hornets,CHA,0,0,,,,,,0,0,,,,,
0021500246,404,9,1,4,3:55 PM,7:48,,,Bucks Timeout: Regular (Reg.4 Short 0),,,3.0,1610612749,,,,,,0,0,,,,,,0,0,,,,,
0021500246,406,8,0,4,3:57 PM,7:48,,,SUB: Middleton FOR Bayless,,,5.0,201573,Jerryd Bayless,1610612749.0,Milwaukee,Bucks,MIL,5,203114,Khris Middleton,1610612749.0,Milwaukee,Bucks,MIL,0,0,,,,,
0021500246,407,8,0,4,3:57 PM,7:48,SUB: Batum FOR Walker,,,,,4.0,202689,Kemba Walker,1610612766.0,Charlotte,Hornets,CHA,4,201587,Nicolas Batum,1610612766.0,Charlotte,Hornets,CHA,0,0,,,,,
0021500246,408,8,0,4,3:57 PM,7:48,SUB: Williams FOR Kaminsky,,,,,4.0,1626163,Frank Kaminsky,1610612766.0,Charlotte,Hornets,CHA,4,101107,Marvin Williams,1610612766.0,Charlotte,Hornets,CHA,0,0,,,,,
0021500246,409,2,5,4,3:58 PM,7:38,Williams BLOCK (1 BLK),,MISS Mayo 2' Layup,,,5.0,201564,O.J. Mayo,1610612749.0,Milwaukee,Bucks,MIL,0,0,,,,,,4,101107,Marvin Williams,1610612766.0,Charlotte,Hornets,CHA
0021500246,410,4,0,4,3:58 PM,7:36,,,Parker REBOUND (Off:2 Def:5),,,5.0,203953,Jabari Parker,1610612749.0,Milwaukee,Bucks,MIL,0,0,,,,,,0,0,,,,,
0021500246,411,1,42,4,3:58 PM,7:30,,,Carter-Williams 2' Driving Layup (3 PTS),69 - 71,2,5.0,203487,Michael Carter-Williams,1610612749.0,Milwaukee,Bucks,MIL,0,0,,,,,,0,0,,,,,
0021500246,412,2,47,4,3:58 PM,7:15,MISS Lin 10' Turnaround Jump Shot,,,,,4.0,202391,Jeremy Lin,1610612766.0,Charlotte,Hornets,CHA,0,0,,,,,,0,0,,,,,
0021500246,413,4,0,4,3:58 PM,7:13,,,Carter-Williams REBOUND (Off:0 Def:4),,,5.0,203487,Michael Carter-Williams,1610612749.0,Milwaukee,Bucks,MIL,0,0,,,,,,0,0,,,,,
0021500246,414,5,4,4,3:58 PM,6:54,,,Carter-Williams Traveling Turnover (P2.T12),,,5.0,203487,Michael Carter-Williams,1610612749.0,Milwaukee,Bucks,MIL,0,0,,,,,,1,0,,,,,
0021500246,415,6,17,4,3:59 PM,6:38,,,Bucks T.Foul (Def. 3 Sec Henson ) (N.Buchert),,,5.0,203089,John Henson,1610612749.0,Milwaukee,Bucks,MIL,0,0,,,,,,1,0,,,,,
0021500246,416,3,16,4,3:59 PM,6:38,Batum Free Throw Technical (7 PTS),,,69 - 72,3,4.0,201587,Nicolas Batum,1610612766.0,Charlotte,Hornets,CHA,0,0,,,,,,0,0,,,,,
0021500246,418,1,1,4,3:59 PM,6:34,Batum 29' 3PT Jump Shot (10 PTS) (Hansbrough 1 AST),,,69 - 75,6,4.0,201587,Nicolas Batum,1610612766.0,Charlotte,Hornets,CHA,4,201946,Tyler Hansbrough,1610612766.0,Charlotte,Hornets,CHA,0,0,,,,,
0021500246,419,2,5,4,4:00 PM,6:18,Hansbrough BLOCK (2 BLK),,MISS Parker 3' Layup,,,5.0,203953,Jabari Parker,1610612749.0,Milwaukee,Bucks,MIL,0,0,,,,,,4,201946,Tyler Hansbrough,1610612766.0,Charlotte,Hornets,CHA
0021500246,420,4,0,4,4:00 PM,6:16,Lin REBOUND (Off:0 Def:2),,,,,4.0,202391,Jeremy Lin,1610612766.0,Charlotte,Hornets,CHA,0,0,,,,,,0,0,,,,,
0021500246,421,5,2,4,4:00 PM,6:09,Batum Lost Ball Turnover (P8.T13),,Mayo STEAL (2 STL),,,4.0,201587,Nicolas Batum,1610612766.0,Charlotte,Hornets,CHA,5,201564,O.J. Mayo,1610612749.0,Milwaukee,Bucks,MIL,0,0,,,,,
0021500246,422,1,50,4,4:00 PM,6:03,,,Parker  Running Dunk (10 PTS) (Mayo 4 AST),71 - 75,4,5.0,203953,Jabari Parker,1610612749.0,Milwaukee,Bucks,MIL,5,201564,O.J. Mayo,1610612749.0,Milwaukee,Bucks,MIL,0,0,,,,,
0021500246,423,6,1,4,4:00 PM,5:50,,,Carter-Williams P.FOUL (P2.T3) (E.Malloy),,,5.0,203487,Michael Carter-Williams,1610612749.0,Milwaukee,Bucks,MIL,4,202391,Jeremy Lin,1610612766.0,Charlotte,Hornets,CHA,1,0,,,,,
0021500246,424,9,4,4,4:00 PM,5:50,,,,,,1.0,0,,,,,,0,0,,,,,,0,0,,,,,
0021500246,426,8,0,4,4:03 PM,5:50,,,SUB: Bayless FOR Carter-Williams,,,5.0,203487,Michael Carter-Williams,1610612749.0,Milwaukee,Bucks,MIL,5,201573,Jerryd Bayless,1610612749.0,Milwaukee,Bucks,MIL,0,0,,,,,
0021500246,427,8,0,4,4:03 PM,5:50,,,SUB: Monroe FOR Parker,,,5.0,203953,Jabari Parker,1610612749.0,Milwaukee,Bucks,MIL,5,202328,Greg Monroe,1610612749.0,Milwaukee,Bucks,MIL,0,0,,,,,
0021500246,428,8,0,4,4:03 PM,5:50,,,SUB: Antetokounmpo FOR Henson,,,5.0,203089,John Henson,1610612749.0,Milwaukee,Bucks,MIL,5,203507,Giannis Antetokounmpo,1610612749.0,Milwaukee,Bucks,MIL,0,0,,,,,
0021500246,429,8,0,4,4:03 PM,5:50,SUB: Walker FOR Lamb,,,,,4.0,203087,Jeremy Lamb,1610612766.0,Charlotte,Hornets,CHA,4,202689,Kemba Walker,1610612766.0,Charlotte,Hornets,CHA,0,0,,,,,
0021500246,430,8,0,4,4:03 PM,5:50,SUB: Zeller FOR Hansbrough,,,,,4.0,201946,Tyler Hansbrough,1610612766.0,Charlotte,Hornets,CHA,4,203469,Cody Zeller,1610612766.0,Charlotte,Hornets,CHA,0,0,,,,,
0021500246,431,2,1,4,4:03 PM,5:37,MISS Zeller 19' Jump Shot,,,,,4.0,203469,Cody Zeller,1610612766.0,Charlotte,Hornets,CHA,0,0,,,,,,0,0,,,,,
0021500246,432,4,0,4,4:03 PM,5:36,,,Mayo REBOUND (Off:1 Def:3),,,5.0,201564,O.J. Mayo,1610612749.0,Milwaukee,Bucks,MIL,0,0,,,,,,0,0,,,,,
0021500246,433,2,75,4,4:03 PM,5:12,,,MISS Bayless 3' Driving Finger Roll Layup,,,5.0,201573,Jerryd Bayless,1610612749.0,Milwaukee,Bucks,MIL,0,0,,,,,,0,0,,,,,
0021500246,434,4,0,4,4:03 PM,5:11,Batum REBOUND (Off:1 Def:3),,,,,4.0,201587,Nicolas Batum,1610612766.0,Charlotte,Hornets,CHA,0,0,,,,,,0,0,,,,,
0021500246,435,1,1,4,4:04 PM,4:57,Walker 26' 3PT Jump Shot (18 PTS) (Batum 5 AST),,,71 - 78,7,4.0,202689,Kemba Walker,1610612766.0,Charlotte,Hornets,CHA,4,201587,Nicolas Batum,1610612766.0,Charlotte,Hornets,CHA,0,0,,,,,
0021500246,436,6,4,4,4:04 PM,4:39,,,Monroe OFF.Foul (P4) (E.Dalen),,,5.0,202328,Greg Monroe,1610612749.0,Milwaukee,Bucks,MIL,4,203469,Cody Zeller,1610612766.0,Charlotte,Hornets,CHA,1,0,,,,,
0021500246,437,5,5,4,4:04 PM,4:39,,,Monroe Foul Turnover (P2.T13),,,5.0,202328,Greg Monroe,1610612749.0,Milwaukee,Bucks,MIL,0,0,,,,,,1,0,,,,,
0021500246,438,5,1,4,4:05 PM,4:21,Batum Bad Pass Turnover (P9.T14),,Middleton STEAL (3 STL),,,4.0,201587,Nicolas Batum,1610612766.0,Charlotte,Hornets,CHA,5,203114,Khris Middleton,1610612749.0,Milwaukee,Bucks,MIL,0,0,,,,,
0021500246,439,1,1,4,4:05 PM,3:58,,,Middleton 24' 3PT Jump Shot (19 PTS) (Bayless 6 AST),74 - 78,4,5.0,203114,Khris Middleton,1610612749.0,Milwaukee,Bucks,MIL,5,201573,Jerryd Bayless,1610612749.0,Milwaukee,Bucks,MIL,0,0,,,,,
0021500246,440,2,1,4,4:05 PM,3:40,MISS Batum 24' 3PT Jump Shot,,,,,4.0,201587,Nicolas Batum,1610612766.0,Charlotte,Hornets,CHA,0,0,,,,,,0,0,,,,,
0021500246,441,4,0,4,4:05 PM,3:38,,,Monroe REBOUND (Off:3 Def:7),,,5.0,202328,Greg Monroe,1610612749.0,Milwaukee,Bucks,MIL,0,0,,,,,,0,0,,,,,
0021500246,442,2,47,4,4:05 PM,3:31,,,MISS Middleton 16' Turnaround Jump Shot,,,5.0,203114,Khris Middleton,1610612749.0,Milwaukee,Bucks,MIL,0,0,,,,,,0,0,,,,,
0021500246,443,4,0,4,4:05 PM,3:30,Lin REBOUND (Off:0 Def:3),,,,,4.0,202391,Jeremy Lin,1610612766.0,Charlotte,Hornets,CHA,0,0,,,,,,0,0,,,,,
0021500246,444,6,1,4,4:06 PM,3:18,,,Monroe P.FOUL (P5.T4) (E.Dalen),,,5.0,202328,Greg Monroe,1610612749.0,Milwaukee,Bucks,MIL,4,202391,Jeremy Lin,1610612766.0,Charlotte,Hornets,CHA,1,0,,,,,
0021500246,445,1,63,4,4:06 PM,3:03,Batum 17' Fadeaway Jumper (12 PTS),,,74 - 80,6,4.0,201587,Nicolas Batum,1610612766.0,Charlotte,Hornets,CHA,0,0,,,,,,0,0,,,,,
0021500246,446,1,42,4,4:07 PM,2:43,,,Bayless 2' Driving Layup (11 PTS) (Antetokounmpo 3 AST),76 - 80,4,5.0,201573,Jerryd Bayless,1610612749.0,Milwaukee,Bucks,MIL,5,203507,Giannis Antetokounmpo,1610612749.0,Milwaukee,Bucks,MIL,0,0,,,,,
0021500246,447,2,1,4,4:07 PM,2:14,MISS Zeller 29' 3PT Jump Shot,,,,,4.0,203469,Cody Zeller,1610612766.0,Charlotte,Hornets,CHA,0,0,,,,,,0,0,,,,,
0021500246,448,4,0,4,4:07 PM,2:13,,,Antetokounmpo REBOUND (Off:0 Def:5),,,5.0,203507,Giannis Antetokounmpo,1610612749.0,Milwaukee,Bucks,MIL,0,0,,,,,,0,0,,,,,
0021500246,450,9,1,4,4:07 PM,2:08,HORNETS Timeout: Regular (Full 4 Short 1),,,,,2.0,1610612766,,,,,,0,0,,,,,,0,0,,,,,
0021500246,453,8,0,4,4:10 PM,2:08,SUB: Lamb FOR Lin,,,,,4.0,202391,Jeremy Lin,1610612766.0,Charlotte,Hornets,CHA,4,203087,Jeremy Lamb,1610612766.0,Charlotte,Hornets,CHA,0,0,,,,,
0021500246,454,1,67,4,4:10 PM,2:00,,,Antetokounmpo 7' Hook Bank Shot (8 PTS),78 - 80,2,5.0,203507,Giannis Antetokounmpo,1610612749.0,Milwaukee,Bucks,MIL,0,0,,,,,,0,0,,,,,
0021500246,455,2,1,4,4:10 PM,1:39,MISS Batum 29' 3PT Jump Shot,,,,,4.0,201587,Nicolas Batum,1610612766.0,Charlotte,Hornets,CHA,0,0,,,,,,0,0,,,,,
0021500246,456,4,0,4,4:10 PM,1:37,Walker REBOUND (Off:1 Def:1),,,,,4.0,202689,Kemba Walker,1610612766.0,Charlotte,Hornets,CHA,0,0,,,,,,0,0,,,,,
0021500246,457,2,5,4,4:11 PM,1:19,MISS Walker 1' Layup,,,,,4.0,202689,Kemba Walker,1610612766.0,Charlotte,Hornets,CHA,0,0,,,,,,0,0,,,,,
0021500246,459,4,0,4,4:11 PM,1:18,Batum REBOUND (Off:2 Def:3),,,,,4.0,201587,Nicolas Batum,1610612766.0,Charlotte,Hornets,CHA,0,0,,,,,,0,0,,,,,
0021500246,458,2,5,4,4:11 PM,1:18,MISS Batum 1' Layup,,Antetokounmpo BLOCK (1 BLK),,,4.0,201587,Nicolas Batum,1610612766.0,Charlotte,Hornets,CHA,0,0,,,,,,5,203507,Giannis Antetokounmpo,1610612749.0,Milwaukee,Bucks,MIL
0021500246,460,4,0,4,4:11 PM,1:18,,,Bayless REBOUND (Off:2 Def:4),,,5.0,201573,Jerryd Bayless,1610612749.0,Milwaukee,Bucks,MIL,0,0,,,,,,0,0,,,,,
0021500246,461,6,1,4,4:11 PM,1:18,Batum P.FOUL (P1.T4) (N.Buchert),,,,,4.0,201587,Nicolas Batum,1610612766.0,Charlotte,Hornets,CHA,5,201573,Jerryd Bayless,1610612749.0,Milwaukee,Bucks,MIL,1,0,,,,,
0021500246,463,1,5,4,4:11 PM,1:04,,,Monroe 1' Layup (15 PTS) (Middleton 6 AST),80 - 80,TIE,5.0,202328,Greg Monroe,1610612749.0,Milwaukee,Bucks,MIL,5,203114,Khris Middleton,1610612749.0,Milwaukee,Bucks,MIL,0,0,,,,,
0021500246,464,1,1,4,4:12 PM,0:45,Batum 25' 3PT Jump Shot (15 PTS) (Lamb 2 AST),,,80 - 83,3,4.0,201587,Nicolas Batum,1610612766.0,Charlotte,Hornets,CHA,4,203087,Jeremy Lamb,1610612766.0,Charlotte,Hornets,CHA,0,0,,,,,
0021500246,465,9,1,4,4:12 PM,0:45,,,Bucks Timeout: Regular (Reg.5 Short 0),,,3.0,1610612749,,,,,,0,0,,,,,,0,0,,,,,
0021500246,469,5,1,4,4:14 PM,0:40,Batum STEAL (2 STL),,Middleton Bad Pass Turnover (P3.T14),,,5.0,203114,Khris Middleton,1610612749.0,Milwaukee,Bucks,MIL,4,201587,Nicolas Batum,1610612766.0,Charlotte,Hornets,CHA,0,0,,,,,
0021500246,470,1,101,4,4:14 PM,0:24,Walker 6' Driving Floating Jump Shot (20 PTS),,,80 - 85,5,4.0,202689,Kemba Walker,1610612766.0,Charlotte,Hornets,CHA,0,0,,,,,,0,0,,,,,
0021500246,471,9,2,4,4:14 PM,0:24,,,Bucks Timeout: Short (Reg.5 Short 1),,,3.0,1610612749,,,,,,0,0,,,,,,0,0,,,,,
0021500246,475,2,1,4,4:16 PM,0:22,,,MISS Middleton 27' 3PT Jump Shot,,,5.0,203114,Khris Middleton,1610612749.0,Milwaukee,Bucks,MIL,0,0,,,,,,0,0,,,,,
0021500246,476,4,0,4,4:16 PM,0:20,Lamb REBOUND (Off:1 Def:8),,,,,4.0,203087,Jeremy Lamb,1610612766.0,Charlotte,Hornets,CHA,0,0,,,,,,0,0,,,,,
0021500246,477,6,1,4,4:16 PM,0:18,,,Mayo P.FOUL (P4.PN) (E.Dalen),,,5.0,201564,O.J. Mayo,1610612749.0,Milwaukee,Bucks,MIL,4,202689,Kemba Walker,1610612766.0,Charlotte,Hornets,CHA,1,0,,,,,
0021500246,478,3,11,4,4:16 PM,0:18,Walker Free Throw 1 of 2 (21 PTS),,,80 - 86,6,4.0,202689,Kemba Walker,1610612766.0,Charlotte,Hornets,CHA,0,0,,,,,,0,0,,,,,
0021500246,480,3,12,4,4:17 PM,0:18,Walker Free Throw 2 of 2 (22 PTS),,,80 - 87,7,4.0,202689,Kemba Walker,1610612766.0,Charlotte,Hornets,CHA,0,0,,,,,,0,0,,,,,
0021500246,482,1,5,4,4:17 PM,0:07,,,Monroe 1' Layup (17 PTS) (Mayo 5 AST),82 - 87,5,5.0,202328,Greg Monroe,1610612749.0,Milwaukee,Bucks,MIL,5,201564,O.J. Mayo,1610612749.0,Milwaukee,Bucks,MIL,0,0,,,,,
0021500246,483,13,0,4,4:17 PM,0:00,,,,82 - 87,5,0.0,0,,,,,,0,0,,,,,,0,0,,,,,
