GAME_ID,EVENTNUM,EVENTMSGTYPE,EVENTMSGACTIONTYPE,PERIOD,WCTIMESTRING,PCTIMESTRING,HOMEDESCRIPTION,NEUTRALDESCRIPTION,VISITORDESCRIPTION,SCORE,SCOREMARGIN,PERSON1TYPE,PLAYER1_ID,PLAYER1_NAME,PLAYER1_TEAM_ID,PLAYER1_TEAM_CITY,PLAYER1_TEAM_NICKNAME,PLAYER1_TEAM_ABBREVIATION,PERSON2TYPE,PLAYER2_ID,PLAYER2_NAME,PLAYER2_TEAM_ID,PLAYER2_TEAM_CITY,PLAYER2_TEAM_NICKNAME,PLAYER2_TEAM_ABBREVIATION,PERSON3TYPE,PLAYER3_ID,PLAYER3_NAME,PLAYER3_TEAM_ID,PLAYER3_TEAM_CITY,PLAYER3_TEAM_NICKNAME,PLAYER3_TEAM_ABBREVIATION
0021500142,0,12,0,1,8:42 PM,12:00,,,,,,0.0,0,,,,,,0,0,,,,,,0,0,,,,,
0021500142,1,10,0,1,8:42 PM,12:00,Jump Ball Duncan vs. Noel: Tip to Stauskas,,,,,4.0,1495,Tim Duncan,1610612759.0,San Antonio,Spurs,SAS,5,203457,Nerlens Noel,1610612755.0,Philadelphia,76ers,PHI,5,203917,Nik Stauskas,1610612755.0,Philadelphia,76ers,PHI
0021500142,2,1,42,1,8:43 PM,11:35,,,Noel 1' Driving Layup (2 PTS),2 - 0,-2,5.0,203457,Nerlens Noel,1610612755.0,Philadelphia,76ers,PHI,0,0,,,,,,0,0,,,,,
0021500142,3,2,1,1,8:43 PM,11:16,MISS Aldridge 17' Jump Shot,,,,,4.0,200746,LaMarcus Aldridge,1610612759.0,San Antonio,Spurs,SAS,0,0,,,,,,0,0,,,,,
0021500142,4,4,0,1,8:43 PM,11:15,,,Noel REBOUND (Off:0 Def:1),,,5.0,203457,Nerlens Noel,1610612755.0,Philadelphia,76ers,PHI,0,0,,,,,,0,0,,,,,
0021500142,5,2,1,1,8:43 PM,11:00,,,MISS Noel 6' Jump Shot,,,5.0,203457,Nerlens Noel,1610612755.0,Philadelphia,76ers,PHI,0,0,,,,,,0,0,,,,,
0021500142,6,4,0,1,8:44 PM,10:59,Duncan REBOUND (Off:0 Def:1),,,,,4.0,1495,Tim Duncan,1610612759.0,San Antonio,Spurs,SAS,0,0,,,,,,0,0,,,,,
0021500142,7,1,5,1,8:44 PM,10:47,Aldridge 3' Layup (2 PTS) (Duncan 1 AST),,,2 - 2,TIE,4.0,200746,LaMarcus Aldridge,1610612759.0,San Antonio,Spurs,SAS,4,1495,Tim Duncan,1610612759.0,San Antonio,Spurs,SAS,0,0,,,,,
0021500142,8,2,79,1,8:44 PM,10:25,,,MISS Stauskas 11' Pullup Jump Shot,,,5.0,203917,Nik Stauskas,1610612755.0,Philadelphia,76ers,PHI,0,0,,,,,,0,0,,,,,
0021500142,9,4,0,1,8:44 PM,10:24,Anderson REBOUND (Off:0 Def:1),,,,,4.0,203937,Kyle Anderson,1610612759.0,San Antonio,Spurs,SAS,0,0,,,,,,0,0,,,,,
0021500142,11,1,1,1,8:45 PM,10:12,Parker 7' Jump Shot (2 PTS),,,2 - 4,2,4.0,2225,Tony Parker,1610612759.0,San Antonio,Spurs,SAS,0,0,,,,,,0,0,,,,,
0021500142,12,2,1,1,8:45 PM,9:48,,,MISS Noel 13' Jump Shot,,,5.0,203457,Nerlens Noel,1610612755.0,Philadelphia,76ers,PHI,0,0,,,,,,0,0,,,,,
0021500142,13,4,0,1,8:45 PM,9:47,Green REBOUND (Off:0 Def:1),,,,,4.0,201980,Danny Green,1610612759.0,San Antonio,Spurs,SAS,0,0,,,,,,0,0,,,,,
0021500142,14,6,29,1,8:45 PM,9:43,,,McConnell Shooting Block Foul (P1.T1) (S.Twardoski),,,5.0,204456,T.J. McConnell,1610612755.0,Philadelphia,76ers,PHI,4,2225,Tony Parker,1610612759.0,San Antonio,Spurs,SAS,1,0,,,,,
0021500142,15,3,11,1,8:45 PM,9:43,Parker Free Throw 1 of 2 (3 PTS),,,2 - 5,3,4.0,2225,Tony Parker,1610612759.0,San Antonio,Spurs,SAS,0,0,,,,,,0,0,,,,,
0021500142,17,3,12,1,8:45 PM,9:43,Parker Free Throw 2 of 2 (4 PTS),,,2 - 6,4,4.0,2225,Tony Parker,1610612759.0,San Antonio,Spurs,SAS,0,0,,,,,,0,0,,,,,
0021500142,19,2,1,1,8:46 PM,9:25,,,MISS Grant 25' 3PT Jump Shot,,,5.0,203924,Jerami Grant,1610612755.0,Philadelphia,76ers,PHI,0,0,,,,,,0,0,,,,,
0021500142,20,4,0,1,8:46 PM,9:24,Green REBOUND (Off:0 Def:2),,,,,4.0,201980,Danny Green,1610612759.0,San Antonio,Spurs,SAS,0,0,,,,,,0,0,,,,,
0021500142,21,2,5,1,8:46 PM,9:21,MISS Aldridge 1' Layup,,,,,4.0,200746,LaMarcus Aldridge,1610612759.0,San Antonio,Spurs,SAS,0,0,,,,,,0,0,,,,,
0021500142,22,4,0,1,8:46 PM,9:20,SPURS Rebound,,,,,2.0,1610612759,,,,,,0,0,,,,,,0,0,,,,,
0021500142,23,6,2,1,8:47 PM,9:13,,,Okafor S.FOUL (P1.T2) (E.Malloy),,,5.0,1626143,Jahlil Okafor,1610612755.0,Philadelphia,76ers,PHI,4,2225,Tony Parker,1610612759.0,San Antonio,Spurs,SAS,1,0,,,,,
0021500142,24,3,11,1,8:47 PM,9:13,Parker Free Throw 1 of 2 (5 PTS),,,2 - 7,5,4.0,2225,Tony Parker,1610612759.0,San Antonio,Spurs,SAS,0,0,,,,,,0,0,,,,,
0021500142,26,3,12,1,8:47 PM,9:13,Parker Free Throw 2 of 2 (6 PTS),,,2 - 8,6,4.0,2225,Tony Parker,1610612759.0,San Antonio,Spurs,SAS,0,0,,,,,,0,0,,,,,
0021500142,28,2,82,1,8:47 PM,9:02,Duncan BLOCK (1 BLK),,MISS Grant 5' Driving Bank Shot,,,5.0,203924,Jerami Grant,1610612755.0,Philadelphia,76ers,PHI,0,0,,,,,,4,1495,Tim Duncan,1610612759.0,San Antonio,Spurs,SAS
0021500142,29,4,0,1,8:47 PM,9:01,Aldridge REBOUND (Off:0 Def:1),,,,,4.0,200746,LaMarcus Aldridge,1610612759.0,San Antonio,Spurs,SAS,0,0,,,,,,0,0,,,,,
0021500142,30,1,1,1,8:48 PM,8:44,Duncan 20' Jump Shot (2 PTS) (Parker 1 AST),,,2 - 10,8,4.0,1495,Tim Duncan,1610612759.0,San Antonio,Spurs,SAS,4,2225,Tony Parker,1610612759.0,San Antonio,Spurs,SAS,0,0,,,,,
0021500142,31,9,1,1,8:48 PM,8:40,,,76ers Timeout: Regular (Reg.1 Short 0),,,3.0,1610612755,,,,,,0,0,,,,,,0,0,,,,,
0021500142,33,2,1,1,8:50 PM,8:30,,,MISS Noel 16' Jump Shot,,,5.0,203457,Nerlens Noel,1610612755.0,Philadelphia,76ers,PHI,0,0,,,,,,0,0,,,,,
0021500142,34,4,0,1,8:50 PM,8:29,Anderson REBOUND (Off:0 Def:2),,,,,4.0,203937,Kyle Anderson,1610612759.0,San Antonio,Spurs,SAS,0,0,,,,,,0,0,,,,,
0021500142,35,2,1,1,8:50 PM,8:21,MISS Anderson 15' Jump Shot,,,,,4.0,203937,Kyle Anderson,1610612759.0,San Antonio,Spurs,SAS,0,0,,,,,,0,0,,,,,
0021500142,36,4,0,1,8:51 PM,8:19,,,McConnell REBOUND (Off:0 Def:1),,,5.0,204456,T.J. McConnell,1610612755.0,Philadelphia,76ers,PHI,0,0,,,,,,0,0,,,,,
0021500142,37,1,41,1,8:51 PM,8:12,,,McConnell 2' Running Layup (2 PTS),4 - 10,6,5.0,204456,T.J. McConnell,1610612755.0,Philadelphia,76ers,PHI,0,0,,,,,,0,0,,,,,
0021500142,38,1,1,1,8:51 PM,8:01,Parker 17' Jump Shot (8 PTS),,,4 - 12,8,4.0,2225,Tony Parker,1610612759.0,San Antonio,Spurs,SAS,0,0,,,,,,0,0,,,,,
0021500142,39,5,45,1,8:51 PM,7:39,,,McConnell Out of Bounds - Bad Pass Turnover Turnover (P1.T1),,,5.0,204456,T.J. McConnell,1610612755.0,Philadelphia,76ers,PHI,0,0,,,,,,0,0,,,,,
0021500142,40,8,0,1,8:51 PM,7:39,,,SUB: Thompson FOR Grant,,,5.0,203924,Jerami Grant,1610612755.0,Philadelphia,76ers,PHI,5,203138,Hollis Thompson,1610612755.0,Philadelphia,76ers,PHI,0,0,,,,,
0021500142,41,2,1,1,8:52 PM,7:26,MISS Aldridge 18' Jump Shot,,,,,4.0,200746,LaMarcus Aldridge,1610612759.0,San Antonio,Spurs,SAS,0,0,,,,,,0,0,,,,,
0021500142,42,4,0,1,8:52 PM,7:25,,,Okafor REBOUND (Off:0 Def:1),,,5.0,1626143,Jahlil Okafor,1610612755.0,Philadelphia,76ers,PHI,0,0,,,,,,0,0,,,,,
0021500142,43,2,1,1,8:52 PM,7:15,,,MISS McConnell 16' Jump Shot,,,5.0,204456,T.J. McConnell,1610612755.0,Philadelphia,76ers,PHI,0,0,,,,,,0,0,,,,,
0021500142,44,4,0,1,8:52 PM,7:14,Duncan REBOUND (Off:0 Def:2),,,,,4.0,1495,Tim Duncan,1610612759.0,San Antonio,Spurs,SAS,0,0,,,,,,0,0,,,,,
0021500142,45,2,1,1,8:52 PM,7:04,MISS Duncan 8' Jump Shot,,,,,4.0,1495,Tim Duncan,1610612759.0,San Antonio,Spurs,SAS,0,0,,,,,,0,0,,,,,
0021500142,46,4,0,1,8:52 PM,7:00,Aldridge REBOUND (Off:1 Def:1),,,,,4.0,200746,LaMarcus Aldridge,1610612759.0,San Antonio,Spurs,SAS,0,0,,,,,,0,0,,,,,
0021500142,47,2,1,1,8:52 PM,6:57,MISS Anderson 17' Jump Shot,,,,,4.0,203937,Kyle Anderson,1610612759.0,San Antonio,Spurs,SAS,0,0,,,,,,0,0,,,,,
0021500142,48,4,0,1,8:52 PM,6:56,Duncan REBOUND (Off:1 Def:2),,,,,4.0,1495,Tim Duncan,1610612759.0,San Antonio,Spurs,SAS,0,0,,,,,,0,0,,,,,
0021500142,49,2,1,1,8:52 PM,6:52,MISS Green 25' 3PT Jump Shot,,,,,4.0,201980,Danny Green,1610612759.0,San Antonio,Spurs,SAS,0,0,,,,,,0,0,,,,,
0021500142,50,4,0,1,8:52 PM,6:50,Aldridge REBOUND (Off:2 Def:1),,,,,4.0,200746,LaMarcus Aldridge,1610612759.0,San Antonio,Spurs,SAS,0,0,,,,,,0,0,,,,,
0021500142,51,5,2,1,8:53 PM,6:35,Parker Lost Ball Turnover (P1.T1),,McConnell STEAL (1 STL),,,4.0,2225,Tony Parker,1610612759.0,San Antonio,Spurs,SAS,5,204456,T.J. McConnell,1610612755.0,Philadelphia,76ers,PHI,0,0,,,,,
0021500142,52,2,1,1,8:53 PM,6:27,,,MISS Stauskas 24' 3PT Jump Shot,,,5.0,203917,Nik Stauskas,1610612755.0,Philadelphia,76ers,PHI,0,0,,,,,,0,0,,,,,
0021500142,53,4,0,1,8:53 PM,6:26,,,Okafor REBOUND (Off:1 Def:1),,,5.0,1626143,Jahlil Okafor,1610612755.0,Philadelphia,76ers,PHI,0,0,,,,,,0,0,,,,,
0021500142,54,2,1,1,8:53 PM,6:22,,,MISS Thompson 24' 3PT Jump Shot,,,5.0,203138,Hollis Thompson,1610612755.0,Philadelphia,76ers,PHI,0,0,,,,,,0,0,,,,,
0021500142,55,4,0,1,8:53 PM,6:21,Parker REBOUND (Off:0 Def:1),,,,,4.0,2225,Tony Parker,1610612759.0,San Antonio,Spurs,SAS,0,0,,,,,,0,0,,,,,
0021500142,56,1,5,1,8:53 PM,6:17,Anderson  Layup (2 PTS) (Parker 2 AST),,,4 - 14,10,4.0,203937,Kyle Anderson,1610612759.0,San Antonio,Spurs,SAS,4,2225,Tony Parker,1610612759.0,San Antonio,Spurs,SAS,0,0,,,,,
0021500142,57,6,1,1,8:53 PM,6:11,Duncan P.FOUL (P1.T1) (E.Malloy),,,,,4.0,1495,Tim Duncan,1610612759.0,San Antonio,Spurs,SAS,5,1626143,Jahlil Okafor,1610612755.0,Philadelphia,76ers,PHI,1,0,,,,,
0021500142,58,8,0,1,8:53 PM,6:11,,,SUB: Wood FOR Noel,,,5.0,203457,Nerlens Noel,1610612755.0,Philadelphia,76ers,PHI,5,1626174,Christian Wood,1610612755.0,Philadelphia,76ers,PHI,0,0,,,,,
0021500142,59,8,0,1,8:53 PM,6:11,SUB: Butler FOR Green,,,,,4.0,201980,Danny Green,1610612759.0,San Antonio,Spurs,SAS,4,2446,Rasual Butler,1610612759.0,San Antonio,Spurs,SAS,0,0,,,,,
0021500142,60,6,2,1,8:54 PM,5:59,Anderson S.FOUL (P1.T2) (E.Malloy),,,,,4.0,203937,Kyle Anderson,1610612759.0,San Antonio,Spurs,SAS,5,1626143,Jahlil Okafor,1610612755.0,Philadelphia,76ers,PHI,1,0,,,,,
0021500142,61,3,11,1,8:54 PM,5:59,,,Okafor Free Throw 1 of 2 (1 PTS),5 - 14,9,5.0,1626143,Jahlil Okafor,1610612755.0,Philadelphia,76ers,PHI,0,0,,,,,,0,0,,,,,
0021500142,63,8,0,1,8:54 PM,5:59,,,SUB: Canaan FOR McConnell,,,5.0,204456,T.J. McConnell,1610612755.0,Philadelphia,76ers,PHI,5,203477,Isaiah Canaan,1610612755.0,Philadelphia,76ers,PHI,0,0,,,,,
0021500142,64,3,12,1,8:54 PM,5:59,,,Okafor Free Throw 2 of 2 (2 PTS),6 - 14,8,5.0,1626143,Jahlil Okafor,1610612755.0,Philadelphia,76ers,PHI,0,0,,,,,,0,0,,,,,
0021500142,67,2,1,1,8:55 PM,5:40,MISS Duncan 17' Jump Shot,,,,,4.0,1495,Tim Duncan,1610612759.0,San Antonio,Spurs,SAS,0,0,,,,,,0,0,,,,,
0021500142,68,4,0,1,8:55 PM,5:38,,,Thompson REBOUND (Off:0 Def:1),,,5.0,203138,Hollis Thompson,1610612755.0,Philadelphia,76ers,PHI,0,0,,,,,,0,0,,,,,
0021500142,69,2,1,1,8:55 PM,5:26,,,MISS Stauskas 25' 3PT Jump Shot,,,5.0,203917,Nik Stauskas,1610612755.0,Philadelphia,76ers,PHI,0,0,,,,,,0,0,,,,,
0021500142,70,4,0,1,8:55 PM,5:25,Anderson REBOUND (Off:0 Def:3),,,,,4.0,203937,Kyle Anderson,1610612759.0,San Antonio,Spurs,SAS,0,0,,,,,,0,0,,,,,
0021500142,71,2,1,1,8:55 PM,5:14,MISS Anderson 6' Jump Shot,,,,,4.0,203937,Kyle Anderson,1610612759.0,San Antonio,Spurs,SAS,0,0,,,,,,0,0,,,,,
0021500142,72,4,0,1,8:55 PM,5:13,,,Canaan REBOUND (Off:0 Def:1),,,5.0,203477,Isaiah Canaan,1610612755.0,Philadelphia,76ers,PHI,0,0,,,,,,0,0,,,,,
0021500142,73,2,5,1,8:55 PM,5:08,Anderson BLOCK (1 BLK),,MISS Stauskas 3' Layup,,,5.0,203917,Nik Stauskas,1610612755.0,Philadelphia,76ers,PHI,0,0,,,,,,4,203937,Kyle Anderson,1610612759.0,San Antonio,Spurs,SAS
0021500142,74,4,0,1,8:55 PM,5:06,Anderson REBOUND (Off:0 Def:4),,,,,4.0,203937,Kyle Anderson,1610612759.0,San Antonio,Spurs,SAS,0,0,,,,,,0,0,,,,,
0021500142,75,2,1,1,8:55 PM,4:59,MISS Butler  3PT Jump Shot,,,,,4.0,2446,Rasual Butler,1610612759.0,San Antonio,Spurs,SAS,0,0,,,,,,0,0,,,,,
0021500142,76,4,0,1,8:55 PM,4:58,,,Thompson REBOUND (Off:0 Def:2),,,5.0,203138,Hollis Thompson,1610612755.0,Philadelphia,76ers,PHI,0,0,,,,,,0,0,,,,,
0021500142,77,1,1,1,8:56 PM,4:38,,,Okafor 11' Jump Shot (4 PTS) (Canaan 1 AST),8 - 14,6,5.0,1626143,Jahlil Okafor,1610612755.0,Philadelphia,76ers,PHI,5,203477,Isaiah Canaan,1610612755.0,Philadelphia,76ers,PHI,0,0,,,,,
0021500142,78,9,1,1,8:56 PM,4:38,SPURS Timeout: Regular (Full 1 Short 0),,,,,2.0,1610612759,,,,,,0,0,,,,,,0,0,,,,,
0021500142,80,8,0,1,8:58 PM,4:38,,,SUB: Sampson FOR Okafor,,,5.0,1626143,Jahlil Okafor,1610612755.0,Philadelphia,76ers,PHI,5,203960,JaKarr Sampson,1610612755.0,Philadelphia,76ers,PHI,0,0,,,,,
0021500142,81,8,0,1,8:58 PM,4:38,SUB: Mills FOR Parker,,,,,4.0,2225,Tony Parker,1610612759.0,San Antonio,Spurs,SAS,4,201988,Patty Mills,1610612759.0,San Antonio,Spurs,SAS,0,0,,,,,
0021500142,82,8,0,1,8:58 PM,4:38,SUB: Diaw FOR Duncan,,,,,4.0,1495,Tim Duncan,1610612759.0,San Antonio,Spurs,SAS,4,2564,Boris Diaw,1610612759.0,San Antonio,Spurs,SAS,0,0,,,,,
0021500142,83,8,0,1,8:58 PM,4:38,SUB: Green FOR Anderson,,,,,4.0,203937,Kyle Anderson,1610612759.0,San Antonio,Spurs,SAS,4,201980,Danny Green,1610612759.0,San Antonio,Spurs,SAS,0,0,,,,,
0021500142,114,8,0,1,8:59 PM,4:38,,,SUB: Grant FOR Stauskas,,,5.0,203917,Nik Stauskas,1610612755.0,Philadelphia,76ers,PHI,5,203924,Jerami Grant,1610612755.0,Philadelphia,76ers,PHI,0,0,,,,,
0021500142,84,1,5,1,8:59 PM,4:32,Aldridge 3' Layup (4 PTS) (Green 1 AST),,,8 - 16,8,4.0,200746,LaMarcus Aldridge,1610612759.0,San Antonio,Spurs,SAS,4,201980,Danny Green,1610612759.0,San Antonio,Spurs,SAS,0,0,,,,,
0021500142,85,2,1,1,8:59 PM,4:09,,,MISS Canaan 28' 3PT Jump Shot,,,5.0,203477,Isaiah Canaan,1610612755.0,Philadelphia,76ers,PHI,0,0,,,,,,0,0,,,,,
0021500142,86,4,0,1,8:59 PM,4:08,Diaw REBOUND (Off:0 Def:1),,,,,4.0,2564,Boris Diaw,1610612759.0,San Antonio,Spurs,SAS,0,0,,,,,,0,0,,,,,
0021500142,87,6,2,1,8:59 PM,3:55,,,Sampson S.FOUL (P1.T3) (B.Forte),,,5.0,203960,JaKarr Sampson,1610612755.0,Philadelphia,76ers,PHI,4,2564,Boris Diaw,1610612759.0,San Antonio,Spurs,SAS,1,0,,,,,
0021500142,88,3,11,1,9:00 PM,3:55,Diaw Free Throw 1 of 2 (1 PTS),,,8 - 17,9,4.0,2564,Boris Diaw,1610612759.0,San Antonio,Spurs,SAS,0,0,,,,,,0,0,,,,,
0021500142,90,8,0,1,9:00 PM,3:55,,,SUB: Noel FOR Thompson,,,5.0,203138,Hollis Thompson,1610612755.0,Philadelphia,76ers,PHI,5,203457,Nerlens Noel,1610612755.0,Philadelphia,76ers,PHI,0,0,,,,,
0021500142,91,3,12,1,9:00 PM,3:55,Diaw Free Throw 2 of 2 (2 PTS),,,8 - 18,10,4.0,2564,Boris Diaw,1610612759.0,San Antonio,Spurs,SAS,0,0,,,,,,0,0,,,,,
0021500142,93,2,101,1,9:00 PM,3:43,Aldridge BLOCK (1 BLK),,MISS Sampson 6' Driving Floating Jump Shot,,,5.0,203960,JaKarr Sampson,1610612755.0,Philadelphia,76ers,PHI,0,0,,,,,,4,200746,LaMarcus Aldridge,1610612759.0,San Antonio,Spurs,SAS
0021500142,94,4,0,1,9:00 PM,3:41,Green REBOUND (Off:0 Def:3),,,,,4.0,201980,Danny Green,1610612759.0,San Antonio,Spurs,SAS,0,0,,,,,,0,0,,,,,
0021500142,95,2,1,1,9:00 PM,3:36,MISS Mills 26' 3PT Jump Shot,,,,,4.0,201988,Patty Mills,1610612759.0,San Antonio,Spurs,SAS,0,0,,,,,,0,0,,,,,
0021500142,96,4,0,1,9:00 PM,3:36,,,76ers Rebound,,,3.0,1610612755,,,,,,0,0,,,,,,0,0,,,,,
0021500142,97,2,1,1,9:01 PM,3:17,,,MISS Noel 11' Jump Shot,,,5.0,203457,Nerlens Noel,1610612755.0,Philadelphia,76ers,PHI,0,0,,,,,,0,0,,,,,
0021500142,98,4,0,1,9:01 PM,3:16,Diaw REBOUND (Off:0 Def:2),,,,,4.0,2564,Boris Diaw,1610612759.0,San Antonio,Spurs,SAS,0,0,,,,,,0,0,,,,,
0021500142,99,2,1,1,9:01 PM,2:56,MISS Aldridge 16' Jump Shot,,,,,4.0,200746,LaMarcus Aldridge,1610612759.0,San Antonio,Spurs,SAS,0,0,,,,,,0,0,,,,,
0021500142,100,4,0,1,9:01 PM,2:55,,,Canaan REBOUND (Off:0 Def:2),,,5.0,203477,Isaiah Canaan,1610612755.0,Philadelphia,76ers,PHI,0,0,,,,,,0,0,,,,,
0021500142,101,2,1,1,9:01 PM,2:47,,,MISS Canaan 17' Jump Shot,,,5.0,203477,Isaiah Canaan,1610612755.0,Philadelphia,76ers,PHI,0,0,,,,,,0,0,,,,,
0021500142,102,4,0,1,9:01 PM,2:46,Butler REBOUND (Off:0 Def:1),,,,,4.0,2446,Rasual Butler,1610612759.0,San Antonio,Spurs,SAS,0,0,,,,,,0,0,,,,,
0021500142,103,2,1,1,9:02 PM,2:30,MISS Diaw 5' Jump Shot,,,,,4.0,2564,Boris Diaw,1610612759.0,San Antonio,Spurs,SAS,0,0,,,,,,0,0,,,,,
0021500142,105,4,0,1,9:02 PM,2:28,Aldridge REBOUND (Off:3 Def:1),,,,,4.0,200746,LaMarcus Aldridge,1610612759.0,San Antonio,Spurs,SAS,0,0,,,,,,0,0,,,,,
0021500142,104,1,97,1,9:02 PM,2:28,Aldridge 1' Tip Layup Shot (6 PTS),,,8 - 20,12,4.0,200746,LaMarcus Aldridge,1610612759.0,San Antonio,Spurs,SAS,0,0,,,,,,0,0,,,,,
0021500142,106,2,1,1,9:02 PM,2:15,,,MISS Wood 25' 3PT Jump Shot,,,5.0,1626174,Christian Wood,1610612755.0,Philadelphia,76ers,PHI,0,0,,,,,,0,0,,,,,
0021500142,107,4,0,1,9:02 PM,2:14,Mills REBOUND (Off:0 Def:1),,,,,4.0,201988,Patty Mills,1610612759.0,San Antonio,Spurs,SAS,0,0,,,,,,0,0,,,,,
0021500142,108,2,1,1,9:02 PM,1:56,MISS Mills  3PT Jump Shot,,,,,4.0,201988,Patty Mills,1610612759.0,San Antonio,Spurs,SAS,0,0,,,,,,0,0,,,,,
0021500142,109,4,0,1,9:02 PM,1:54,,,Wood REBOUND (Off:0 Def:1),,,5.0,1626174,Christian Wood,1610612755.0,Philadelphia,76ers,PHI,0,0,,,,,,0,0,,,,,
0021500142,110,2,1,1,9:02 PM,1:41,,,MISS Wood 10' Jump Shot,,,5.0,1626174,Christian Wood,1610612755.0,Philadelphia,76ers,PHI,0,0,,,,,,0,0,,,,,
0021500142,111,4,0,1,9:03 PM,1:40,Aldridge REBOUND (Off:3 Def:2),,,,,4.0,200746,LaMarcus Aldridge,1610612759.0,San Antonio,Spurs,SAS,0,0,,,,,,0,0,,,,,
0021500142,112,5,45,1,9:03 PM,1:36,Aldridge Out of Bounds - Bad Pass Turnover Turnover (P1.T2),,,,,4.0,200746,LaMarcus Aldridge,1610612759.0,San Antonio,Spurs,SAS,0,0,,,,,,0,0,,,,,
0021500142,113,8,0,1,9:03 PM,1:36,,,SUB: Okafor FOR Wood,,,5.0,1626174,Christian Wood,1610612755.0,Philadelphia,76ers,PHI,5,1626143,Jahlil Okafor,1610612755.0,Philadelphia,76ers,PHI,0,0,,,,,
0021500142,115,8,0,1,9:03 PM,1:36,SUB: West FOR Aldridge,,,,,4.0,200746,LaMarcus Aldridge,1610612759.0,San Antonio,Spurs,SAS,4,2561,David West,1610612759.0,San Antonio,Spurs,SAS,0,0,,,,,
0021500142,116,1,42,1,9:03 PM,1:21,,,Grant 3' Driving Layup (2 PTS) (Okafor 1 AST),10 - 20,10,5.0,203924,Jerami Grant,1610612755.0,Philadelphia,76ers,PHI,5,1626143,Jahlil Okafor,1610612755.0,Philadelphia,76ers,PHI,0,0,,,,,
0021500142,117,6,4,1,9:03 PM,1:13,West OFF.Foul (P1) (S.Twardoski),,,,,4.0,2561,David West,1610612759.0,San Antonio,Spurs,SAS,5,1626143,Jahlil Okafor,1610612755.0,Philadelphia,76ers,PHI,1,0,,,,,
0021500142,118,5,5,1,9:03 PM,1:13,West Foul Turnover (P1.T3),,,,,4.0,2561,David West,1610612759.0,San Antonio,Spurs,SAS,0,0,,,,,,1,0,,,,,
0021500142,119,5,2,1,9:04 PM,1:02,Mills STEAL (1 STL),,Noel Lost Ball Turnover (P1.T2),,,5.0,203457,Nerlens Noel,1610612755.0,Philadelphia,76ers,PHI,4,201988,Patty Mills,1610612759.0,San Antonio,Spurs,SAS,0,0,,,,,
0021500142,120,2,5,1,9:04 PM,1:00,MISS Mills 3' Layup,,,,,4.0,201988,Patty Mills,1610612759.0,San Antonio,Spurs,SAS,0,0,,,,,,0,0,,,,,
0021500142,121,4,0,1,9:04 PM,0:59,,,Okafor REBOUND (Off:1 Def:2),,,5.0,1626143,Jahlil Okafor,1610612755.0,Philadelphia,76ers,PHI,0,0,,,,,,0,0,,,,,
0021500142,122,6,26,1,9:04 PM,0:54,,,Grant Offensive Charge Foul (P1.T4) (B.Forte),,,5.0,203924,Jerami Grant,1610612755.0,Philadelphia,76ers,PHI,4,201980,Danny Green,1610612759.0,San Antonio,Spurs,SAS,1,0,,,,,
0021500142,123,5,5,1,9:04 PM,0:54,,,Grant Foul Turnover (P1.T3),,,5.0,203924,Jerami Grant,1610612755.0,Philadelphia,76ers,PHI,0,0,,,,,,1,0,,,,,
0021500142,130,2,45,1,9:04 PM,0:44,MISS Green 14' Jump Shot,,,,,4.0,201980,Danny Green,1610612759.0,San Antonio,Spurs,SAS,0,0,,,,,,0,0,,,,,
0021500142,124,4,0,1,9:04 PM,0:44,,,76ers Rebound,,,3.0,1610612755,,,,,,0,0,,,,,,0,0,,,,,
0021500142,125,2,1,1,9:05 PM,0:30,West BLOCK (1 BLK),,MISS Canaan 8' Jump Shot,,,5.0,203477,Isaiah Canaan,1610612755.0,Philadelphia,76ers,PHI,0,0,,,,,,4,2561,David West,1610612759.0,San Antonio,Spurs,SAS
0021500142,126,4,0,1,9:05 PM,0:28,,,Canaan REBOUND (Off:1 Def:2),,,5.0,203477,Isaiah Canaan,1610612755.0,Philadelphia,76ers,PHI,0,0,,,,,,0,0,,,,,
0021500142,127,1,5,1,9:05 PM,0:27,,,Sampson 3' Layup (2 PTS) (Canaan 2 AST),12 - 20,8,5.0,203960,JaKarr Sampson,1610612755.0,Philadelphia,76ers,PHI,5,203477,Isaiah Canaan,1610612755.0,Philadelphia,76ers,PHI,0,0,,,,,
0021500142,128,2,1,1,9:05 PM,0:04,MISS Green 26' 3PT Jump Shot,,,,,4.0,201980,Danny Green,1610612759.0,San Antonio,Spurs,SAS,0,0,,,,,,0,0,,,,,
0021500142,129,4,0,1,9:05 PM,0:03,West REBOUND (Off:1 Def:0),,,,,4.0,2561,David West,1610612759.0,San Antonio,Spurs,SAS,0,0,,,,,,0,0,,,,,
0021500142,131,6,3,1,9:05 PM,0:03,,,Grant L.B.FOUL (P2.PN) (E.Malloy),,,5.0,203924,Jerami Grant,1610612755.0,Philadelphia,76ers,PHI,4,2561,David West,1610612759.0,San Antonio,Spurs,SAS,1,0,,,,,
0021500142,132,2,1,1,9:06 PM,0:00,MISS Butler 24' 3PT Jump Shot,,,,,4.0,2446,Rasual Butler,1610612759.0,San Antonio,Spurs,SAS,0,0,,,,,,0,0,,,,,
0021500142,133,4,0,1,9:06 PM,0:00,SPURS Rebound,,,,,2.0,1610612759,,,,,,0,0,,,,,,0,0,,,,,
0021500142,135,13,0,1,9:06 PM,0:00,,,,12 - 20,8,0.0,0,,,,,,0,0,,,,,,0,0,,,,,
0021500142,137,12,0,2,9:09 PM,12:00,,,,12 - 20,8,0.0,0,,,,,,0,0,,,,,,0,0,,,,,
0021500142,138,6,2,2,9:09 PM,11:45,,,Noel S.FOUL (P1.T1) (E.Malloy),,,5.0,203457,Nerlens Noel,1610612755.0,Philadelphia,76ers,PHI,4,2561,David West,1610612759.0,San Antonio,Spurs,SAS,1,0,,,,,
0021500142,139,3,11,2,9:09 PM,11:45,West Free Throw 1 of 2 (1 PTS),,,12 - 21,9,4.0,2561,David West,1610612759.0,San Antonio,Spurs,SAS,0,0,,,,,,0,0,,,,,
0021500142,142,8,0,2,9:09 PM,11:45,SUB: Parker FOR Butler,,,,,4.0,2446,Rasual Butler,1610612759.0,San Antonio,Spurs,SAS,4,2225,Tony Parker,1610612759.0,San Antonio,Spurs,SAS,0,0,,,,,
0021500142,143,3,12,2,9:09 PM,11:45,West Free Throw 2 of 2 (2 PTS),,,12 - 22,10,4.0,2561,David West,1610612759.0,San Antonio,Spurs,SAS,0,0,,,,,,0,0,,,,,
0021500142,146,2,1,2,9:10 PM,11:23,,,MISS Okafor 9' Jump Shot,,,5.0,1626143,Jahlil Okafor,1610612755.0,Philadelphia,76ers,PHI,0,0,,,,,,0,0,,,,,
0021500142,147,4,0,2,9:10 PM,11:22,Anderson REBOUND (Off:0 Def:5),,,,,4.0,203937,Kyle Anderson,1610612759.0,San Antonio,Spurs,SAS,0,0,,,,,,0,0,,,,,
0021500142,148,2,5,2,9:10 PM,11:07,MISS West 1' Layup,,,,,4.0,2561,David West,1610612759.0,San Antonio,Spurs,SAS,0,0,,,,,,0,0,,,,,
0021500142,150,4,0,2,9:10 PM,11:06,Diaw REBOUND (Off:1 Def:2),,,,,4.0,2564,Boris Diaw,1610612759.0,San Antonio,Spurs,SAS,0,0,,,,,,0,0,,,,,
0021500142,149,2,97,2,9:10 PM,11:06,MISS Diaw 2' Tip Layup Shot,,,,,4.0,2564,Boris Diaw,1610612759.0,San Antonio,Spurs,SAS,0,0,,,,,,0,0,,,,,
0021500142,151,4,0,2,9:10 PM,11:04,,,Pressey REBOUND (Off:0 Def:1),,,5.0,203515,Phil Pressey,1610612755.0,Philadelphia,76ers,PHI,0,0,,,,,,0,0,,,,,
0021500142,152,5,2,2,9:10 PM,10:59,Anderson STEAL (1 STL),,Stauskas Lost Ball Turnover (P1.T4),,,5.0,203917,Nik Stauskas,1610612755.0,Philadelphia,76ers,PHI,4,203937,Kyle Anderson,1610612759.0,San Antonio,Spurs,SAS,0,0,,,,,
0021500142,153,1,5,2,9:11 PM,10:46,Parker 1' Layup (10 PTS) (West 1 AST),,,12 - 24,12,4.0,2225,Tony Parker,1610612759.0,San Antonio,Spurs,SAS,4,2561,David West,1610612759.0,San Antonio,Spurs,SAS,0,0,,,,,
0021500142,154,6,2,2,9:11 PM,10:31,West S.FOUL (P2.T1) (E.Malloy),,,,,4.0,2561,David West,1610612759.0,San Antonio,Spurs,SAS,5,203457,Nerlens Noel,1610612755.0,Philadelphia,76ers,PHI,1,0,,,,,
0021500142,155,3,11,2,9:11 PM,10:31,,,MISS Noel Free Throw 1 of 2,,,5.0,203457,Nerlens Noel,1610612755.0,Philadelphia,76ers,PHI,0,0,,,,,,0,0,,,,,
0021500142,156,4,1,2,9:11 PM,10:31,,,76ers Rebound,,,3.0,1610612755,,,,,,0,0,,,,,,0,0,,,,,
0021500142,157,8,0,2,9:11 PM,10:31,,,SUB: Thompson FOR Canaan,,,5.0,203477,Isaiah Canaan,1610612755.0,Philadelphia,76ers,PHI,5,203138,Hollis Thompson,1610612755.0,Philadelphia,76ers,PHI,0,0,,,,,
0021500142,158,3,12,2,9:12 PM,10:31,,,Noel Free Throw 2 of 2 (3 PTS),13 - 24,11,5.0,203457,Nerlens Noel,1610612755.0,Philadelphia,76ers,PHI,0,0,,,,,,0,0,,,,,
0021500142,160,1,1,2,9:12 PM,10:12,West 17' Jump Shot (4 PTS) (Diaw 1 AST),,,13 - 26,13,4.0,2561,David West,1610612759.0,San Antonio,Spurs,SAS,4,2564,Boris Diaw,1610612759.0,San Antonio,Spurs,SAS,0,0,,,,,
0021500142,161,2,1,2,9:12 PM,10:01,,,MISS Stauskas 24' 3PT Jump Shot,,,5.0,203917,Nik Stauskas,1610612755.0,Philadelphia,76ers,PHI,0,0,,,,,,0,0,,,,,
0021500142,162,4,0,2,9:12 PM,10:00,Diaw REBOUND (Off:1 Def:3),,,,,4.0,2564,Boris Diaw,1610612759.0,San Antonio,Spurs,SAS,0,0,,,,,,0,0,,,,,
0021500142,163,2,1,2,9:12 PM,9:52,MISS Mills 16' Jump Shot,,,,,4.0,201988,Patty Mills,1610612759.0,San Antonio,Spurs,SAS,0,0,,,,,,0,0,,,,,
0021500142,164,4,0,2,9:12 PM,9:51,,,Noel REBOUND (Off:0 Def:2),,,5.0,203457,Nerlens Noel,1610612755.0,Philadelphia,76ers,PHI,0,0,,,,,,0,0,,,,,
0021500142,165,1,1,2,9:13 PM,9:41,,,Thompson 26' 3PT Jump Shot (3 PTS) (Pressey 1 AST),16 - 26,10,5.0,203138,Hollis Thompson,1610612755.0,Philadelphia,76ers,PHI,5,203515,Phil Pressey,1610612755.0,Philadelphia,76ers,PHI,0,0,,,,,
0021500142,166,2,1,2,9:13 PM,9:27,MISS Mills 24' 3PT Jump Shot,,,,,4.0,201988,Patty Mills,1610612759.0,San Antonio,Spurs,SAS,0,0,,,,,,0,0,,,,,
0021500142,167,4,0,2,9:13 PM,9:26,,,Pressey REBOUND (Off:0 Def:2),,,5.0,203515,Phil Pressey,1610612755.0,Philadelphia,76ers,PHI,0,0,,,,,,0,0,,,,,
0021500142,168,9,1,2,9:13 PM,9:22,,,76ers Timeout: Regular (Reg.2 Short 0),,,3.0,1610612755,,,,,,0,0,,,,,,0,0,,,,,
0021500142,170,8,0,2,9:15 PM,9:22,SUB: McCallum FOR Mills,,,,,4.0,201988,Patty Mills,1610612759.0,San Antonio,Spurs,SAS,4,203492,Ray McCallum,1610612759.0,San Antonio,Spurs,SAS,0,0,,,,,
0021500142,171,8,0,2,9:15 PM,9:22,,,SUB: Grant FOR Noel,,,5.0,203457,Nerlens Noel,1610612755.0,Philadelphia,76ers,PHI,5,203924,Jerami Grant,1610612755.0,Philadelphia,76ers,PHI,0,0,,,,,
0021500142,172,1,1,2,9:16 PM,9:13,,,Pressey 18' Jump Shot (2 PTS),18 - 26,8,5.0,203515,Phil Pressey,1610612755.0,Philadelphia,76ers,PHI,0,0,,,,,,0,0,,,,,
0021500142,173,1,5,2,9:16 PM,9:00,McCallum 4' Layup (2 PTS) (West 2 AST),,,18 - 28,10,4.0,203492,Ray McCallum,1610612759.0,San Antonio,Spurs,SAS,4,2561,David West,1610612759.0,San Antonio,Spurs,SAS,0,0,,,,,
0021500142,174,2,1,2,9:16 PM,8:51,,,MISS Okafor 6' Jump Shot,,,5.0,1626143,Jahlil Okafor,1610612755.0,Philadelphia,76ers,PHI,0,0,,,,,,0,0,,,,,
0021500142,175,4,0,2,9:16 PM,8:49,West REBOUND (Off:1 Def:1),,,,,4.0,2561,David West,1610612759.0,San Antonio,Spurs,SAS,0,0,,,,,,0,0,,,,,
0021500142,176,2,1,2,9:16 PM,8:38,MISS Diaw 5' Jump Shot,,,,,4.0,2564,Boris Diaw,1610612759.0,San Antonio,Spurs,SAS,0,0,,,,,,0,0,,,,,
0021500142,177,4,0,2,9:16 PM,8:37,,,Okafor REBOUND (Off:1 Def:3),,,5.0,1626143,Jahlil Okafor,1610612755.0,Philadelphia,76ers,PHI,0,0,,,,,,0,0,,,,,
0021500142,178,1,1,2,9:16 PM,8:26,,,Grant 24' 3PT Jump Shot (5 PTS) (Pressey 2 AST),21 - 28,7,5.0,203924,Jerami Grant,1610612755.0,Philadelphia,76ers,PHI,5,203515,Phil Pressey,1610612755.0,Philadelphia,76ers,PHI,0,0,,,,,
0021500142,179,2,1,2,9:17 PM,8:16,MISS Parker 7' Jump Shot,,,,,4.0,2225,Tony Parker,1610612759.0,San Antonio,Spurs,SAS,0,0,,,,,,0,0,,,,,
0021500142,180,4,0,2,9:17 PM,8:15,,,Grant REBOUND (Off:0 Def:1),,,5.0,203924,Jerami Grant,1610612755.0,Philadelphia,76ers,PHI,0,0,,,,,,0,0,,,,,
0021500142,181,1,46,2,9:17 PM,8:06,,,Thompson 10' Running Jump Shot (5 PTS),23 - 28,5,5.0,203138,Hollis Thompson,1610612755.0,Philadelphia,76ers,PHI,0,0,,,,,,0,0,,,,,
0021500142,182,2,1,2,9:17 PM,7:53,MISS McCallum 11' Jump Shot,,,,,4.0,203492,Ray McCallum,1610612759.0,San Antonio,Spurs,SAS,0,0,,,,,,0,0,,,,,
0021500142,183,4,0,2,9:17 PM,7:52,,,Grant REBOUND (Off:0 Def:2),,,5.0,203924,Jerami Grant,1610612755.0,Philadelphia,76ers,PHI,0,0,,,,,,0,0,,,,,
0021500142,184,2,1,2,9:17 PM,7:40,,,MISS Stauskas 17' Jump Shot,,,5.0,203917,Nik Stauskas,1610612755.0,Philadelphia,76ers,PHI,0,0,,,,,,0,0,,,,,
0021500142,185,4,0,2,9:17 PM,7:39,Anderson REBOUND (Off:0 Def:6),,,,,4.0,203937,Kyle Anderson,1610612759.0,San Antonio,Spurs,SAS,0,0,,,,,,0,0,,,,,
0021500142,186,7,5,2,9:17 PM,7:38,,,Pressey Violation:Kicked Ball (E.Malloy),,,5.0,203515,Phil Pressey,1610612755.0,Philadelphia,76ers,PHI,0,0,,,,,,1,0,,,,,
0021500142,187,8,0,2,9:17 PM,7:38,SUB: Duncan FOR Diaw,,,,,4.0,2564,Boris Diaw,1610612759.0,San Antonio,Spurs,SAS,4,1495,Tim Duncan,1610612759.0,San Antonio,Spurs,SAS,0,0,,,,,
0021500142,188,8,0,2,9:17 PM,7:38,,,SUB: McConnell FOR Pressey,,,5.0,203515,Phil Pressey,1610612755.0,Philadelphia,76ers,PHI,5,204456,T.J. McConnell,1610612755.0,Philadelphia,76ers,PHI,0,0,,,,,
0021500142,189,8,0,2,9:17 PM,7:38,,,SUB: Noel FOR Okafor,,,5.0,1626143,Jahlil Okafor,1610612755.0,Philadelphia,76ers,PHI,5,203457,Nerlens Noel,1610612755.0,Philadelphia,76ers,PHI,0,0,,,,,
0021500142,190,2,42,2,9:18 PM,7:32,MISS Parker 3' Driving Layup,,,,,4.0,2225,Tony Parker,1610612759.0,San Antonio,Spurs,SAS,0,0,,,,,,0,0,,,,,
0021500142,191,4,0,2,9:18 PM,7:31,,,McConnell REBOUND (Off:0 Def:2),,,5.0,204456,T.J. McConnell,1610612755.0,Philadelphia,76ers,PHI,0,0,,,,,,0,0,,,,,
0021500142,192,5,2,2,9:18 PM,7:27,Parker STEAL (1 STL),,Stauskas Lost Ball Turnover (P2.T5),,,5.0,203917,Nik Stauskas,1610612755.0,Philadelphia,76ers,PHI,4,2225,Tony Parker,1610612759.0,San Antonio,Spurs,SAS,0,0,,,,,
0021500142,193,1,1,2,9:18 PM,7:03,Duncan 8' Jump Shot (4 PTS) (West 3 AST),,,23 - 30,7,4.0,1495,Tim Duncan,1610612759.0,San Antonio,Spurs,SAS,4,2561,David West,1610612759.0,San Antonio,Spurs,SAS,0,0,,,,,
0021500142,194,5,1,2,9:18 PM,6:49,Anderson STEAL (2 STL),,Thompson Bad Pass Turnover (P1.T6),,,5.0,203138,Hollis Thompson,1610612755.0,Philadelphia,76ers,PHI,4,203937,Kyle Anderson,1610612759.0,San Antonio,Spurs,SAS,0,0,,,,,
0021500142,195,1,1,2,9:19 PM,6:38,West 16' Jump Shot (6 PTS) (Anderson 1 AST),,,23 - 32,9,4.0,2561,David West,1610612759.0,San Antonio,Spurs,SAS,4,203937,Kyle Anderson,1610612759.0,San Antonio,Spurs,SAS,0,0,,,,,
0021500142,196,1,42,2,9:19 PM,6:23,,,Grant 3' Driving Layup (7 PTS) (Thompson 1 AST),25 - 32,7,5.0,203924,Jerami Grant,1610612755.0,Philadelphia,76ers,PHI,5,203138,Hollis Thompson,1610612755.0,Philadelphia,76ers,PHI,0,0,,,,,
0021500142,197,1,5,2,9:19 PM,6:05,Duncan 1' Layup (6 PTS) (West 4 AST),,,25 - 34,9,4.0,1495,Tim Duncan,1610612759.0,San Antonio,Spurs,SAS,4,2561,David West,1610612759.0,San Antonio,Spurs,SAS,0,0,,,,,
0021500142,198,6,2,2,9:19 PM,6:05,,,Noel S.FOUL (P2.T2) (S.Twardoski),,,5.0,203457,Nerlens Noel,1610612755.0,Philadelphia,76ers,PHI,4,1495,Tim Duncan,1610612759.0,San Antonio,Spurs,SAS,1,0,,,,,
0021500142,199,8,0,2,9:19 PM,6:05,,,SUB: Canaan FOR Stauskas,,,5.0,203917,Nik Stauskas,1610612755.0,Philadelphia,76ers,PHI,5,203477,Isaiah Canaan,1610612755.0,Philadelphia,76ers,PHI,0,0,,,,,
0021500142,201,8,0,2,9:20 PM,6:05,SUB: Aldridge FOR West,,,,,4.0,2561,David West,1610612759.0,San Antonio,Spurs,SAS,4,200746,LaMarcus Aldridge,1610612759.0,San Antonio,Spurs,SAS,0,0,,,,,
0021500142,202,3,10,2,9:20 PM,6:05,MISS Duncan Free Throw 1 of 1,,,,,4.0,1495,Tim Duncan,1610612759.0,San Antonio,Spurs,SAS,0,0,,,,,,0,0,,,,,
0021500142,204,4,0,2,9:20 PM,6:04,,,Grant REBOUND (Off:0 Def:3),,,5.0,203924,Jerami Grant,1610612755.0,Philadelphia,76ers,PHI,0,0,,,,,,0,0,,,,,
0021500142,205,6,2,2,9:20 PM,5:55,Aldridge S.FOUL (P1.T2) (S.Twardoski),,,,,4.0,200746,LaMarcus Aldridge,1610612759.0,San Antonio,Spurs,SAS,5,203457,Nerlens Noel,1610612755.0,Philadelphia,76ers,PHI,1,0,,,,,
0021500142,206,9,4,2,9:20 PM,5:55,,,,,,1.0,0,,,,,,0,0,,,,,,0,0,,,,,
0021500142,207,3,11,2,9:23 PM,5:55,,,MISS Noel Free Throw 1 of 2,,,5.0,203457,Nerlens Noel,1610612755.0,Philadelphia,76ers,PHI,0,0,,,,,,0,0,,,,,
0021500142,208,4,1,2,9:23 PM,5:55,,,76ers Rebound,,,3.0,1610612755,,,,,,0,0,,,,,,0,0,,,,,
0021500142,209,3,12,2,9:23 PM,5:55,,,Noel Free Throw 2 of 2 (4 PTS),26 - 34,8,5.0,203457,Nerlens Noel,1610612755.0,Philadelphia,76ers,PHI,0,0,,,,,,0,0,,,,,
0021500142,211,6,2,2,9:23 PM,5:38,,,Noel S.FOUL (P3.T3) (S.Twardoski),,,5.0,203457,Nerlens Noel,1610612755.0,Philadelphia,76ers,PHI,4,200746,LaMarcus Aldridge,1610612759.0,San Antonio,Spurs,SAS,1,0,,,,,
0021500142,212,3,11,2,9:24 PM,5:38,Aldridge Free Throw 1 of 2 (7 PTS),,,26 - 35,9,4.0,200746,LaMarcus Aldridge,1610612759.0,San Antonio,Spurs,SAS,0,0,,,,,,0,0,,,,,
0021500142,214,8,0,2,9:24 PM,5:38,,,SUB: Okafor FOR Noel,,,5.0,203457,Nerlens Noel,1610612755.0,Philadelphia,76ers,PHI,5,1626143,Jahlil Okafor,1610612755.0,Philadelphia,76ers,PHI,0,0,,,,,
0021500142,215,3,12,2,9:24 PM,5:38,MISS Aldridge Free Throw 2 of 2,,,,,4.0,200746,LaMarcus Aldridge,1610612759.0,San Antonio,Spurs,SAS,0,0,,,,,,0,0,,,,,
0021500142,217,4,0,2,9:24 PM,5:38,,,Canaan REBOUND (Off:1 Def:3),,,5.0,203477,Isaiah Canaan,1610612755.0,Philadelphia,76ers,PHI,0,0,,,,,,0,0,,,,,
0021500142,218,1,42,2,9:24 PM,5:19,,,Okafor 3' Driving Layup (6 PTS),28 - 35,7,5.0,1626143,Jahlil Okafor,1610612755.0,Philadelphia,76ers,PHI,0,0,,,,,,0,0,,,,,
0021500142,219,2,1,2,9:25 PM,5:03,MISS Duncan 3' Jump Shot,,Grant BLOCK (1 BLK),,,4.0,1495,Tim Duncan,1610612759.0,San Antonio,Spurs,SAS,0,0,,,,,,5,203924,Jerami Grant,1610612755.0,Philadelphia,76ers,PHI
0021500142,220,4,0,2,9:25 PM,5:02,,,Canaan REBOUND (Off:1 Def:4),,,5.0,203477,Isaiah Canaan,1610612755.0,Philadelphia,76ers,PHI,0,0,,,,,,0,0,,,,,
0021500142,221,2,1,2,9:25 PM,4:56,,,MISS Thompson 24' 3PT Jump Shot,,,5.0,203138,Hollis Thompson,1610612755.0,Philadelphia,76ers,PHI,0,0,,,,,,0,0,,,,,
0021500142,222,4,0,2,9:25 PM,4:55,McCallum REBOUND (Off:0 Def:1),,,,,4.0,203492,Ray McCallum,1610612759.0,San Antonio,Spurs,SAS,0,0,,,,,,0,0,,,,,
0021500142,223,1,7,2,9:25 PM,4:51,McCallum  Dunk (4 PTS),,,28 - 37,9,4.0,203492,Ray McCallum,1610612759.0,San Antonio,Spurs,SAS,0,0,,,,,,0,0,,,,,
0021500142,224,2,46,2,9:25 PM,4:28,,,MISS Okafor 4' Running Jump Shot,,,5.0,1626143,Jahlil Okafor,1610612755.0,Philadelphia,76ers,PHI,0,0,,,,,,0,0,,,,,
0021500142,225,4,0,2,9:25 PM,4:28,McCallum REBOUND (Off:0 Def:2),,,,,4.0,203492,Ray McCallum,1610612759.0,San Antonio,Spurs,SAS,0,0,,,,,,0,0,,,,,
0021500142,226,1,1,2,9:26 PM,4:16,Aldridge 16' Jump Shot (9 PTS) (Parker 3 AST),,,28 - 39,11,4.0,200746,LaMarcus Aldridge,1610612759.0,San Antonio,Spurs,SAS,4,2225,Tony Parker,1610612759.0,San Antonio,Spurs,SAS,0,0,,,,,
0021500142,228,1,63,2,9:26 PM,3:48,,,Okafor 10' Fadeaway Jumper (8 PTS),30 - 39,9,5.0,1626143,Jahlil Okafor,1610612755.0,Philadelphia,76ers,PHI,0,0,,,,,,0,0,,,,,
0021500142,229,9,1,2,9:26 PM,3:42,SPURS Timeout: Regular (Full 2 Short 0),,,,,2.0,1610612759,,,,,,0,0,,,,,,0,0,,,,,
0021500142,231,8,0,2,9:29 PM,3:42,,,SUB: Sampson FOR Thompson,,,5.0,203138,Hollis Thompson,1610612755.0,Philadelphia,76ers,PHI,5,203960,JaKarr Sampson,1610612755.0,Philadelphia,76ers,PHI,0,0,,,,,
0021500142,232,8,0,2,9:29 PM,3:42,SUB: Green FOR Anderson,,,,,4.0,203937,Kyle Anderson,1610612759.0,San Antonio,Spurs,SAS,4,201980,Danny Green,1610612759.0,San Antonio,Spurs,SAS,0,0,,,,,
0021500142,233,2,1,2,9:29 PM,3:34,MISS Aldridge 18' Jump Shot,,,,,4.0,200746,LaMarcus Aldridge,1610612759.0,San Antonio,Spurs,SAS,0,0,,,,,,0,0,,,,,
0021500142,234,4,0,2,9:29 PM,3:33,,,Sampson REBOUND (Off:0 Def:1),,,5.0,203960,JaKarr Sampson,1610612755.0,Philadelphia,76ers,PHI,0,0,,,,,,0,0,,,,,
0021500142,235,1,1,2,9:29 PM,3:22,,,Canaan 25' 3PT Jump Shot (3 PTS),33 - 39,6,5.0,203477,Isaiah Canaan,1610612755.0,Philadelphia,76ers,PHI,0,0,,,,,,0,0,,,,,
0021500142,236,2,44,2,9:29 PM,3:13,MISS Parker 2' Reverse Layup,,,,,4.0,2225,Tony Parker,1610612759.0,San Antonio,Spurs,SAS,0,0,,,,,,0,0,,,,,
0021500142,237,4,0,2,9:29 PM,3:12,Aldridge REBOUND (Off:4 Def:2),,,,,4.0,200746,LaMarcus Aldridge,1610612759.0,San Antonio,Spurs,SAS,0,0,,,,,,0,0,,,,,
0021500142,238,2,78,2,9:30 PM,2:56,MISS Green 8' Floating Jump Shot,,,,,4.0,201980,Danny Green,1610612759.0,San Antonio,Spurs,SAS,0,0,,,,,,0,0,,,,,
0021500142,239,4,0,2,9:30 PM,2:55,,,Okafor REBOUND (Off:1 Def:4),,,5.0,1626143,Jahlil Okafor,1610612755.0,Philadelphia,76ers,PHI,0,0,,,,,,0,0,,,,,
0021500142,241,2,47,2,9:30 PM,2:33,,,MISS Okafor 9' Turnaround Jump Shot,,,5.0,1626143,Jahlil Okafor,1610612755.0,Philadelphia,76ers,PHI,0,0,,,,,,0,0,,,,,
0021500142,242,4,0,2,9:30 PM,2:32,Green REBOUND (Off:0 Def:4),,,,,4.0,201980,Danny Green,1610612759.0,San Antonio,Spurs,SAS,0,0,,,,,,0,0,,,,,
0021500142,243,1,57,2,9:30 PM,2:20,Duncan 5' Driving Hook Shot (8 PTS),,,33 - 41,8,4.0,1495,Tim Duncan,1610612759.0,San Antonio,Spurs,SAS,0,0,,,,,,0,0,,,,,
0021500142,244,6,2,2,9:31 PM,2:06,Aldridge S.FOUL (P2.T3) (B.Forte),,,,,4.0,200746,LaMarcus Aldridge,1610612759.0,San Antonio,Spurs,SAS,5,203924,Jerami Grant,1610612755.0,Philadelphia,76ers,PHI,1,0,,,,,
0021500142,246,8,0,2,9:32 PM,2:06,SUB: Mills FOR Parker,,,,,4.0,2225,Tony Parker,1610612759.0,San Antonio,Spurs,SAS,4,201988,Patty Mills,1610612759.0,San Antonio,Spurs,SAS,0,0,,,,,
0021500142,247,3,11,2,9:32 PM,2:06,,,Grant Free Throw 1 of 2 (8 PTS),34 - 41,7,5.0,203924,Jerami Grant,1610612755.0,Philadelphia,76ers,PHI,0,0,,,,,,0,0,,,,,
0021500142,249,3,12,2,9:32 PM,2:06,,,Grant Free Throw 2 of 2 (9 PTS),35 - 41,6,5.0,203924,Jerami Grant,1610612755.0,Philadelphia,76ers,PHI,0,0,,,,,,0,0,,,,,
0021500142,251,6,1,2,9:32 PM,1:49,,,Grant P.FOUL (P3.T4) (B.Forte),,,5.0,203924,Jerami Grant,1610612755.0,Philadelphia,76ers,PHI,4,200746,LaMarcus Aldridge,1610612759.0,San Antonio,Spurs,SAS,1,0,,,,,
0021500142,252,8,0,2,9:32 PM,1:49,,,SUB: Wood FOR Grant,,,5.0,203924,Jerami Grant,1610612755.0,Philadelphia,76ers,PHI,5,1626174,Christian Wood,1610612755.0,Philadelphia,76ers,PHI,0,0,,,,,
0021500142,253,2,85,2,9:33 PM,1:35,MISS Duncan 8' Turnaround Bank Shot,,,,,4.0,1495,Tim Duncan,1610612759.0,San Antonio,Spurs,SAS,0,0,,,,,,0,0,,,,,
0021500142,254,4,0,2,9:33 PM,1:34,,,McConnell REBOUND (Off:0 Def:3),,,5.0,204456,T.J. McConnell,1610612755.0,Philadelphia,76ers,PHI,0,0,,,,,,0,0,,,,,
0021500142,255,6,26,2,9:33 PM,1:26,,,Okafor Offensive Charge Foul (P2.PN) (B.Forte),,,5.0,1626143,Jahlil Okafor,1610612755.0,Philadelphia,76ers,PHI,4,1495,Tim Duncan,1610612759.0,San Antonio,Spurs,SAS,1,0,,,,,
0021500142,256,5,5,2,9:33 PM,1:26,,,Okafor Foul Turnover (P1.T7),,,5.0,1626143,Jahlil Okafor,1610612755.0,Philadelphia,76ers,PHI,0,0,,,,,,1,0,,,,,
0021500142,257,5,1,2,9:33 PM,1:12,Duncan Bad Pass Turnover (P1.T4),,Wood STEAL (1 STL),,,4.0,1495,Tim Duncan,1610612759.0,San Antonio,Spurs,SAS,5,1626174,Christian Wood,1610612755.0,Philadelphia,76ers,PHI,0,0,,,,,
0021500142,258,6,2,2,9:34 PM,1:06,Green S.FOUL (P1.T4) (E.Malloy),,,,,4.0,201980,Danny Green,1610612759.0,San Antonio,Spurs,SAS,5,203960,JaKarr Sampson,1610612755.0,Philadelphia,76ers,PHI,1,0,,,,,
0021500142,259,3,11,2,9:34 PM,1:06,,,Sampson Free Throw 1 of 2 (3 PTS),36 - 41,5,5.0,203960,JaKarr Sampson,1610612755.0,Philadelphia,76ers,PHI,0,0,,,,,,0,0,,,,,
0021500142,261,3,12,2,9:34 PM,1:06,,,Sampson Free Throw 2 of 2 (4 PTS),37 - 41,4,5.0,203960,JaKarr Sampson,1610612755.0,Philadelphia,76ers,PHI,0,0,,,,,,0,0,,,,,
0021500142,263,2,1,2,9:35 PM,0:48,MISS Duncan 6' Jump Shot,,Okafor BLOCK (1 BLK),,,4.0,1495,Tim Duncan,1610612759.0,San Antonio,Spurs,SAS,0,0,,,,,,5,1626143,Jahlil Okafor,1610612755.0,Philadelphia,76ers,PHI
0021500142,264,4,0,2,9:35 PM,0:47,,,Wood REBOUND (Off:0 Def:2),,,5.0,1626174,Christian Wood,1610612755.0,Philadelphia,76ers,PHI,0,0,,,,,,0,0,,,,,
0021500142,265,9,2,2,9:35 PM,0:37,,,76ers Timeout: Short (Reg.2 Short 1),,,3.0,1610612755,,,,,,0,0,,,,,,0,0,,,,,
0021500142,266,8,0,2,9:36 PM,0:37,,,SUB: Thompson FOR McConnell,,,5.0,204456,T.J. McConnell,1610612755.0,Philadelphia,76ers,PHI,5,203138,Hollis Thompson,1610612755.0,Philadelphia,76ers,PHI,0,0,,,,,
0021500142,267,2,1,2,9:36 PM,0:29,,,MISS Canaan 4' Jump Shot,,,5.0,203477,Isaiah Canaan,1610612755.0,Philadelphia,76ers,PHI,0,0,,,,,,0,0,,,,,
0021500142,268,4,0,2,9:36 PM,0:28,Green REBOUND (Off:0 Def:5),,,,,4.0,201980,Danny Green,1610612759.0,San Antonio,Spurs,SAS,0,0,,,,,,0,0,,,,,
0021500142,269,1,42,2,9:37 PM,0:10,McCallum 3' Driving Layup (6 PTS),,,37 - 43,6,4.0,203492,Ray McCallum,1610612759.0,San Antonio,Spurs,SAS,0,0,,,,,,0,0,,,,,
0021500142,270,2,1,2,9:37 PM,0:00,,,MISS Canaan 24' 3PT Jump Shot,,,5.0,203477,Isaiah Canaan,1610612755.0,Philadelphia,76ers,PHI,0,0,,,,,,0,0,,,,,
0021500142,272,4,0,2,9:37 PM,0:00,,,Sampson REBOUND (Off:1 Def:1),,,5.0,203960,JaKarr Sampson,1610612755.0,Philadelphia,76ers,PHI,0,0,,,,,,0,0,,,,,
0021500142,271,1,97,2,9:37 PM,0:00,,,Sampson 2' Tip Layup Shot (6 PTS),39 - 43,4,5.0,203960,JaKarr Sampson,1610612755.0,Philadelphia,76ers,PHI,0,0,,,,,,0,0,,,,,
0021500142,273,18,0,2,9:37 PM,0:00,,,,,,,271,Johnny Newman,,,,,0,0,,,,,,1,0,,,,,
0021500142,275,13,0,2,9:37 PM,0:00,,,,39 - 43,4,0.0,0,,,,,,0,0,,,,,,0,0,,,,,
0021500142,277,12,0,3,9:53 PM,12:00,,,,39 - 43,4,0.0,0,,,,,,0,0,,,,,,0,0,,,,,
0021500142,278,2,5,3,9:53 PM,11:43,MISS Green 3' Layup,,,,,4.0,201980,Danny Green,1610612759.0,San Antonio,Spurs,SAS,0,0,,,,,,0,0,,,,,
0021500142,279,4,0,3,9:53 PM,11:41,,,Okafor REBOUND (Off:1 Def:5),,,5.0,1626143,Jahlil Okafor,1610612755.0,Philadelphia,76ers,PHI,0,0,,,,,,0,0,,,,,
0021500142,280,1,66,3,9:53 PM,11:29,,,McConnell 7' Jump Bank Shot (4 PTS),41 - 43,2,5.0,204456,T.J. McConnell,1610612755.0,Philadelphia,76ers,PHI,0,0,,,,,,0,0,,,,,
0021500142,281,6,2,3,9:54 PM,11:13,,,McConnell S.FOUL (P2.T1) (S.Twardoski),,,5.0,204456,T.J. McConnell,1610612755.0,Philadelphia,76ers,PHI,4,2225,Tony Parker,1610612759.0,San Antonio,Spurs,SAS,1,0,,,,,
0021500142,282,3,11,3,9:54 PM,11:13,Parker Free Throw 1 of 2 (11 PTS),,,41 - 44,3,4.0,2225,Tony Parker,1610612759.0,San Antonio,Spurs,SAS,0,0,,,,,,0,0,,,,,
0021500142,284,3,12,3,9:54 PM,11:13,Parker Free Throw 2 of 2 (12 PTS),,,41 - 45,4,4.0,2225,Tony Parker,1610612759.0,San Antonio,Spurs,SAS,0,0,,,,,,0,0,,,,,
0021500142,287,2,46,3,9:54 PM,10:53,,,MISS Grant 8' Running Jump Shot,,,5.0,203924,Jerami Grant,1610612755.0,Philadelphia,76ers,PHI,0,0,,,,,,0,0,,,,,
0021500142,288,4,0,3,9:55 PM,10:52,Duncan REBOUND (Off:1 Def:3),,,,,4.0,1495,Tim Duncan,1610612759.0,San Antonio,Spurs,SAS,0,0,,,,,,0,0,,,,,
0021500142,289,1,5,3,9:55 PM,10:46,Anderson 1' Layup (4 PTS) (Duncan 2 AST),,,41 - 47,6,4.0,203937,Kyle Anderson,1610612759.0,San Antonio,Spurs,SAS,4,1495,Tim Duncan,1610612759.0,San Antonio,Spurs,SAS,0,0,,,,,
0021500142,290,1,1,3,9:55 PM,10:31,,,Grant 24' 3PT Jump Shot (12 PTS) (McConnell 1 AST),44 - 47,3,5.0,203924,Jerami Grant,1610612755.0,Philadelphia,76ers,PHI,5,204456,T.J. McConnell,1610612755.0,Philadelphia,76ers,PHI,0,0,,,,,
0021500142,291,1,1,3,9:55 PM,10:12,Anderson  3PT Jump Shot (7 PTS) (Aldridge 1 AST),,,44 - 50,6,4.0,203937,Kyle Anderson,1610612759.0,San Antonio,Spurs,SAS,4,200746,LaMarcus Aldridge,1610612759.0,San Antonio,Spurs,SAS,0,0,,,,,
0021500142,292,2,5,3,9:56 PM,9:56,Duncan BLOCK (2 BLK),,MISS Canaan 1' Layup,,,5.0,203477,Isaiah Canaan,1610612755.0,Philadelphia,76ers,PHI,0,0,,,,,,4,1495,Tim Duncan,1610612759.0,San Antonio,Spurs,SAS
0021500142,294,10,0,3,9:56 PM,9:55,Jump Ball Duncan vs. Canaan: Tip to,,,,,4.0,1495,Tim Duncan,1610612759.0,San Antonio,Spurs,SAS,5,203477,Isaiah Canaan,1610612755.0,Philadelphia,76ers,PHI,2,1610612759,,,,,
0021500142,295,4,0,3,9:56 PM,9:55,SPURS Rebound,,,,,2.0,1610612759,,,,,,0,0,,,,,,0,0,,,,,
0021500142,297,1,47,3,9:56 PM,9:33,Duncan 5' Turnaround Jump Shot (10 PTS),,,44 - 52,8,4.0,1495,Tim Duncan,1610612759.0,San Antonio,Spurs,SAS,0,0,,,,,,0,0,,,,,
0021500142,299,2,1,3,9:57 PM,9:19,,,MISS McConnell 8' Jump Shot,,,5.0,204456,T.J. McConnell,1610612755.0,Philadelphia,76ers,PHI,0,0,,,,,,0,0,,,,,
0021500142,300,4,0,3,9:57 PM,9:18,,,Okafor REBOUND (Off:2 Def:5),,,5.0,1626143,Jahlil Okafor,1610612755.0,Philadelphia,76ers,PHI,0,0,,,,,,0,0,,,,,
0021500142,301,1,5,3,9:57 PM,9:15,,,Okafor 1' Layup (10 PTS),46 - 52,6,5.0,1626143,Jahlil Okafor,1610612755.0,Philadelphia,76ers,PHI,0,0,,,,,,0,0,,,,,
0021500142,302,6,2,3,9:57 PM,8:56,,,Okafor S.FOUL (P3.T2) (B.Forte),,,5.0,1626143,Jahlil Okafor,1610612755.0,Philadelphia,76ers,PHI,4,1495,Tim Duncan,1610612759.0,San Antonio,Spurs,SAS,1,0,,,,,
0021500142,303,3,11,3,9:57 PM,8:56,Duncan Free Throw 1 of 2 (11 PTS),,,46 - 53,7,4.0,1495,Tim Duncan,1610612759.0,San Antonio,Spurs,SAS,0,0,,,,,,0,0,,,,,
0021500142,305,3,12,3,9:57 PM,8:56,MISS Duncan Free Throw 2 of 2,,,,,4.0,1495,Tim Duncan,1610612759.0,San Antonio,Spurs,SAS,0,0,,,,,,0,0,,,,,
0021500142,307,4,0,3,9:58 PM,8:55,,,Okafor REBOUND (Off:2 Def:6),,,5.0,1626143,Jahlil Okafor,1610612755.0,Philadelphia,76ers,PHI,0,0,,,,,,0,0,,,,,
0021500142,308,1,1,3,9:58 PM,8:37,,,McConnell 17' Jump Shot (6 PTS) (Okafor 2 AST),48 - 53,5,5.0,204456,T.J. McConnell,1610612755.0,Philadelphia,76ers,PHI,5,1626143,Jahlil Okafor,1610612755.0,Philadelphia,76ers,PHI,0,0,,,,,
0021500142,309,1,1,3,9:58 PM,8:13,Parker 21' Jump Shot (14 PTS),,,48 - 55,7,4.0,2225,Tony Parker,1610612759.0,San Antonio,Spurs,SAS,0,0,,,,,,0,0,,,,,
0021500142,310,6,1,3,9:59 PM,7:58,Duncan P.FOUL (P2.T1) (B.Forte),,,,,4.0,1495,Tim Duncan,1610612759.0,San Antonio,Spurs,SAS,5,1626143,Jahlil Okafor,1610612755.0,Philadelphia,76ers,PHI,1,0,,,,,
0021500142,311,5,4,3,9:59 PM,7:46,,,Okafor Traveling Turnover (P2.T8),,,5.0,1626143,Jahlil Okafor,1610612755.0,Philadelphia,76ers,PHI,0,0,,,,,,1,0,,,,,
0021500142,312,6,1,3,10:00 PM,7:27,,,Grant P.FOUL (P4.T3) (S.Twardoski),,,5.0,203924,Jerami Grant,1610612755.0,Philadelphia,76ers,PHI,4,203937,Kyle Anderson,1610612759.0,San Antonio,Spurs,SAS,1,0,,,,,
0021500142,313,8,0,3,10:00 PM,7:27,,,SUB: Sampson FOR Grant,,,5.0,203924,Jerami Grant,1610612755.0,Philadelphia,76ers,PHI,5,203960,JaKarr Sampson,1610612755.0,Philadelphia,76ers,PHI,0,0,,,,,
0021500142,314,1,1,3,10:00 PM,7:19,Parker 19' Jump Shot (16 PTS),,,48 - 57,9,4.0,2225,Tony Parker,1610612759.0,San Antonio,Spurs,SAS,0,0,,,,,,0,0,,,,,
0021500142,315,5,2,3,10:00 PM,7:00,Duncan STEAL (1 STL),,Noel Lost Ball Turnover (P2.T9),,,5.0,203457,Nerlens Noel,1610612755.0,Philadelphia,76ers,PHI,4,1495,Tim Duncan,1610612759.0,San Antonio,Spurs,SAS,0,0,,,,,
0021500142,316,1,1,3,10:00 PM,6:53,Green 25' 3PT Jump Shot (3 PTS) (Anderson 2 AST),,,48 - 60,12,4.0,201980,Danny Green,1610612759.0,San Antonio,Spurs,SAS,4,203937,Kyle Anderson,1610612759.0,San Antonio,Spurs,SAS,0,0,,,,,
0021500142,317,9,1,3,10:01 PM,6:53,,,76ers Timeout: Regular (Reg.3 Short 1),,,3.0,1610612755,,,,,,0,0,,,,,,0,0,,,,,
0021500142,319,2,1,3,10:03 PM,6:38,Duncan BLOCK (3 BLK),,MISS Sampson 5' Jump Shot,,,5.0,203960,JaKarr Sampson,1610612755.0,Philadelphia,76ers,PHI,0,0,,,,,,4,1495,Tim Duncan,1610612759.0,San Antonio,Spurs,SAS
0021500142,320,4,0,3,10:03 PM,6:37,Aldridge REBOUND (Off:4 Def:3),,,,,4.0,200746,LaMarcus Aldridge,1610612759.0,San Antonio,Spurs,SAS,0,0,,,,,,0,0,,,,,
0021500142,321,5,1,3,10:03 PM,6:32,Parker Bad Pass Turnover (P2.T5),,,,,4.0,2225,Tony Parker,1610612759.0,San Antonio,Spurs,SAS,0,0,,,,,,0,0,,,,,
0021500142,322,8,0,3,10:04 PM,6:32,,,SUB: Thompson FOR Noel,,,5.0,203457,Nerlens Noel,1610612755.0,Philadelphia,76ers,PHI,5,203138,Hollis Thompson,1610612755.0,Philadelphia,76ers,PHI,0,0,,,,,
0021500142,323,8,0,3,10:04 PM,6:32,,,SUB: Wood FOR Canaan,,,5.0,203477,Isaiah Canaan,1610612755.0,Philadelphia,76ers,PHI,5,1626174,Christian Wood,1610612755.0,Philadelphia,76ers,PHI,0,0,,,,,
0021500142,324,2,1,3,10:04 PM,6:09,,,MISS Okafor 15' Jump Shot,,,5.0,1626143,Jahlil Okafor,1610612755.0,Philadelphia,76ers,PHI,0,0,,,,,,0,0,,,,,
0021500142,325,4,0,3,10:04 PM,6:08,Anderson REBOUND (Off:0 Def:7),,,,,4.0,203937,Kyle Anderson,1610612759.0,San Antonio,Spurs,SAS,0,0,,,,,,0,0,,,,,
0021500142,326,1,1,3,10:04 PM,5:55,Duncan 6' Jump Shot (13 PTS) (Green 2 AST),,,48 - 62,14,4.0,1495,Tim Duncan,1610612759.0,San Antonio,Spurs,SAS,4,201980,Danny Green,1610612759.0,San Antonio,Spurs,SAS,0,0,,,,,
0021500142,327,2,42,3,10:05 PM,5:32,,,MISS Okafor 2' Driving Layup,,,5.0,1626143,Jahlil Okafor,1610612755.0,Philadelphia,76ers,PHI,0,0,,,,,,0,0,,,,,
0021500142,329,4,0,3,10:05 PM,5:31,,,Okafor REBOUND (Off:3 Def:6),,,5.0,1626143,Jahlil Okafor,1610612755.0,Philadelphia,76ers,PHI,0,0,,,,,,0,0,,,,,
0021500142,328,1,72,3,10:05 PM,5:31,,,Okafor 1' Putback Layup (12 PTS),50 - 62,12,5.0,1626143,Jahlil Okafor,1610612755.0,Philadelphia,76ers,PHI,0,0,,,,,,0,0,,,,,
0021500142,330,1,57,3,10:05 PM,5:12,Aldridge 6' Driving Hook Shot (11 PTS),,,50 - 64,14,4.0,200746,LaMarcus Aldridge,1610612759.0,San Antonio,Spurs,SAS,0,0,,,,,,0,0,,,,,
0021500142,331,2,1,3,10:05 PM,5:01,Duncan BLOCK (4 BLK),,MISS Sampson 3' Jump Shot,,,5.0,203960,JaKarr Sampson,1610612755.0,Philadelphia,76ers,PHI,0,0,,,,,,4,1495,Tim Duncan,1610612759.0,San Antonio,Spurs,SAS
0021500142,332,4,0,3,10:05 PM,4:59,Aldridge REBOUND (Off:4 Def:4),,,,,4.0,200746,LaMarcus Aldridge,1610612759.0,San Antonio,Spurs,SAS,0,0,,,,,,0,0,,,,,
0021500142,333,2,1,3,10:05 PM,4:50,MISS Parker 4' Jump Shot,,,,,4.0,2225,Tony Parker,1610612759.0,San Antonio,Spurs,SAS,0,0,,,,,,0,0,,,,,
0021500142,334,4,0,3,10:06 PM,4:50,Aldridge REBOUND (Off:5 Def:4),,,,,4.0,200746,LaMarcus Aldridge,1610612759.0,San Antonio,Spurs,SAS,0,0,,,,,,0,0,,,,,
0021500142,335,6,2,3,10:06 PM,4:50,,,Sampson S.FOUL (P2.T4) (E.Malloy),,,5.0,203960,JaKarr Sampson,1610612755.0,Philadelphia,76ers,PHI,4,200746,LaMarcus Aldridge,1610612759.0,San Antonio,Spurs,SAS,1,0,,,,,
0021500142,336,3,11,3,10:06 PM,4:50,Aldridge Free Throw 1 of 2 (12 PTS),,,50 - 65,15,4.0,200746,LaMarcus Aldridge,1610612759.0,San Antonio,Spurs,SAS,0,0,,,,,,0,0,,,,,
0021500142,338,8,0,3,10:06 PM,4:50,,,SUB: Pressey FOR McConnell,,,5.0,204456,T.J. McConnell,1610612755.0,Philadelphia,76ers,PHI,5,203515,Phil Pressey,1610612755.0,Philadelphia,76ers,PHI,0,0,,,,,
0021500142,339,8,0,3,10:06 PM,4:50,SUB: West FOR Duncan,,,,,4.0,1495,Tim Duncan,1610612759.0,San Antonio,Spurs,SAS,4,2561,David West,1610612759.0,San Antonio,Spurs,SAS,0,0,,,,,
0021500142,340,8,0,3,10:06 PM,4:50,SUB: Mills FOR Parker,,,,,4.0,2225,Tony Parker,1610612759.0,San Antonio,Spurs,SAS,4,201988,Patty Mills,1610612759.0,San Antonio,Spurs,SAS,0,0,,,,,
0021500142,341,8,0,3,10:06 PM,4:50,SUB: Butler FOR Green,,,,,4.0,201980,Danny Green,1610612759.0,San Antonio,Spurs,SAS,4,2446,Rasual Butler,1610612759.0,San Antonio,Spurs,SAS,0,0,,,,,
0021500142,342,3,12,3,10:06 PM,4:50,Aldridge Free Throw 2 of 2 (13 PTS),,,50 - 66,16,4.0,200746,LaMarcus Aldridge,1610612759.0,San Antonio,Spurs,SAS,0,0,,,,,,0,0,,,,,
0021500142,345,1,5,3,10:06 PM,4:38,,,Wood 1' Layup (2 PTS) (Pressey 3 AST),52 - 66,14,5.0,1626174,Christian Wood,1610612755.0,Philadelphia,76ers,PHI,5,203515,Phil Pressey,1610612755.0,Philadelphia,76ers,PHI,0,0,,,,,
0021500142,346,2,1,3,10:07 PM,4:21,MISS West 19' Jump Shot,,,,,4.0,2561,David West,1610612759.0,San Antonio,Spurs,SAS,0,0,,,,,,0,0,,,,,
0021500142,347,4,0,3,10:07 PM,4:20,,,76ers Rebound,,,3.0,1610612755,,,,,,0,0,,,,,,0,0,,,,,
0021500142,348,2,41,3,10:07 PM,4:04,,,MISS Okafor 2' Running Layup,,,5.0,1626143,Jahlil Okafor,1610612755.0,Philadelphia,76ers,PHI,0,0,,,,,,0,0,,,,,
0021500142,349,4,0,3,10:07 PM,4:03,West REBOUND (Off:1 Def:2),,,,,4.0,2561,David West,1610612759.0,San Antonio,Spurs,SAS,0,0,,,,,,0,0,,,,,
0021500142,350,2,1,3,10:07 PM,3:48,MISS Aldridge 4' Jump Shot,,,,,4.0,200746,LaMarcus Aldridge,1610612759.0,San Antonio,Spurs,SAS,0,0,,,,,,0,0,,,,,
0021500142,351,4,0,3,10:08 PM,3:45,,,Pressey REBOUND (Off:0 Def:3),,,5.0,203515,Phil Pressey,1610612755.0,Philadelphia,76ers,PHI,0,0,,,,,,0,0,,,,,
0021500142,352,2,1,3,10:08 PM,3:39,,,MISS Thompson 26' 3PT Jump Shot,,,5.0,203138,Hollis Thompson,1610612755.0,Philadelphia,76ers,PHI,0,0,,,,,,0,0,,,,,
0021500142,353,4,0,3,10:08 PM,3:38,Aldridge REBOUND (Off:5 Def:5),,,,,4.0,200746,LaMarcus Aldridge,1610612759.0,San Antonio,Spurs,SAS,0,0,,,,,,0,0,,,,,
0021500142,354,2,1,3,10:08 PM,3:30,MISS Mills 24' 3PT Jump Shot,,,,,4.0,201988,Patty Mills,1610612759.0,San Antonio,Spurs,SAS,0,0,,,,,,0,0,,,,,
0021500142,355,4,0,3,10:08 PM,3:29,,,Okafor REBOUND (Off:3 Def:7),,,5.0,1626143,Jahlil Okafor,1610612755.0,Philadelphia,76ers,PHI,0,0,,,,,,0,0,,,,,
0021500142,356,1,1,3,10:08 PM,3:20,,,Sampson  3PT Jump Shot (9 PTS),55 - 66,11,5.0,203960,JaKarr Sampson,1610612755.0,Philadelphia,76ers,PHI,0,0,,,,,,0,0,,,,,
0021500142,357,1,1,3,10:08 PM,2:57,Anderson  3PT Jump Shot (10 PTS) (Aldridge 2 AST),,,55 - 69,14,4.0,203937,Kyle Anderson,1610612759.0,San Antonio,Spurs,SAS,4,200746,LaMarcus Aldridge,1610612759.0,San Antonio,Spurs,SAS,0,0,,,,,
0021500142,358,2,1,3,10:09 PM,2:27,,,MISS Pressey 7' Jump Shot,,,5.0,203515,Phil Pressey,1610612755.0,Philadelphia,76ers,PHI,0,0,,,,,,0,0,,,,,
0021500142,359,4,0,3,10:09 PM,2:26,Aldridge REBOUND (Off:5 Def:6),,,,,4.0,200746,LaMarcus Aldridge,1610612759.0,San Antonio,Spurs,SAS,0,0,,,,,,0,0,,,,,
0021500142,360,2,1,3,10:09 PM,2:07,MISS West 19' Jump Shot,,,,,4.0,2561,David West,1610612759.0,San Antonio,Spurs,SAS,0,0,,,,,,0,0,,,,,
0021500142,361,4,0,3,10:09 PM,2:07,Aldridge REBOUND (Off:6 Def:6),,,,,4.0,200746,LaMarcus Aldridge,1610612759.0,San Antonio,Spurs,SAS,0,0,,,,,,0,0,,,,,
0021500142,362,6,1,3,10:09 PM,2:07,,,Wood P.FOUL (P1.PN) (S.Twardoski),,,5.0,1626174,Christian Wood,1610612755.0,Philadelphia,76ers,PHI,4,200746,LaMarcus Aldridge,1610612759.0,San Antonio,Spurs,SAS,1,0,,,,,
0021500142,363,9,1,3,10:10 PM,2:07,SPURS Timeout: Regular (Full 3 Short 0),,,,,2.0,1610612759,,,,,,0,0,,,,,,0,0,,,,,
0021500142,373,18,1,3,10:10 PM,2:07,,,,,,,356,Chris Morris,,,,,0,0,,,,,,1,0,,,,,
0021500142,364,8,0,3,10:12 PM,2:07,,,SUB: Stauskas FOR Okafor,,,5.0,1626143,Jahlil Okafor,1610612755.0,Philadelphia,76ers,PHI,5,203917,Nik Stauskas,1610612755.0,Philadelphia,76ers,PHI,0,0,,,,,
0021500142,365,8,0,3,10:12 PM,2:07,,,SUB: Noel FOR Sampson,,,5.0,203960,JaKarr Sampson,1610612755.0,Philadelphia,76ers,PHI,5,203457,Nerlens Noel,1610612755.0,Philadelphia,76ers,PHI,0,0,,,,,
0021500142,366,3,11,3,10:12 PM,2:07,Aldridge Free Throw 1 of 2 (14 PTS),,,55 - 70,15,4.0,200746,LaMarcus Aldridge,1610612759.0,San Antonio,Spurs,SAS,0,0,,,,,,0,0,,,,,
0021500142,368,3,12,3,10:12 PM,2:07,Aldridge Free Throw 2 of 2 (15 PTS),,,55 - 71,16,4.0,200746,LaMarcus Aldridge,1610612759.0,San Antonio,Spurs,SAS,0,0,,,,,,0,0,,,,,
0021500142,370,8,0,3,10:12 PM,2:07,SUB: Simmons FOR Anderson,,,,,4.0,203937,Kyle Anderson,1610612759.0,San Antonio,Spurs,SAS,4,203613,Jonathon Simmons,1610612759.0,San Antonio,Spurs,SAS,0,0,,,,,
0021500142,371,2,1,3,10:13 PM,1:53,,,MISS Thompson 15' Jump Shot,,,5.0,203138,Hollis Thompson,1610612755.0,Philadelphia,76ers,PHI,0,0,,,,,,0,0,,,,,
0021500142,372,4,0,3,10:13 PM,1:52,Aldridge REBOUND (Off:6 Def:7),,,,,4.0,200746,LaMarcus Aldridge,1610612759.0,San Antonio,Spurs,SAS,0,0,,,,,,0,0,,,,,
0021500142,374,1,1,3,10:13 PM,1:35,Butler 24' 3PT Jump Shot (3 PTS) (Simmons 1 AST),,,55 - 74,19,4.0,2446,Rasual Butler,1610612759.0,San Antonio,Spurs,SAS,4,203613,Jonathon Simmons,1610612759.0,San Antonio,Spurs,SAS,0,0,,,,,
0021500142,375,1,1,3,10:13 PM,1:22,,,Wood 26' 3PT Jump Shot (5 PTS),58 - 74,16,5.0,1626174,Christian Wood,1610612755.0,Philadelphia,76ers,PHI,0,0,,,,,,0,0,,,,,
0021500142,376,5,2,3,10:13 PM,1:17,Mills Lost Ball Turnover (P1.T6),,Pressey STEAL (1 STL),,,4.0,201988,Patty Mills,1610612759.0,San Antonio,Spurs,SAS,5,203515,Phil Pressey,1610612755.0,Philadelphia,76ers,PHI,0,0,,,,,
0021500142,377,1,7,3,10:13 PM,1:12,,,Pressey  Dunk (4 PTS),60 - 74,14,5.0,203515,Phil Pressey,1610612755.0,Philadelphia,76ers,PHI,0,0,,,,,,0,0,,,,,
0021500142,379,6,27,3,10:14 PM,0:53,,,Pressey Personal Block Foul (P1.PN) (S.Twardoski),,,5.0,203515,Phil Pressey,1610612755.0,Philadelphia,76ers,PHI,4,203613,Jonathon Simmons,1610612759.0,San Antonio,Spurs,SAS,1,0,,,,,
0021500142,380,3,11,3,10:14 PM,0:53,Simmons Free Throw 1 of 2 (1 PTS),,,60 - 75,15,4.0,203613,Jonathon Simmons,1610612759.0,San Antonio,Spurs,SAS,0,0,,,,,,0,0,,,,,
0021500142,382,8,0,3,10:14 PM,0:53,SUB: Diaw FOR Aldridge,,,,,4.0,200746,LaMarcus Aldridge,1610612759.0,San Antonio,Spurs,SAS,4,2564,Boris Diaw,1610612759.0,San Antonio,Spurs,SAS,0,0,,,,,
0021500142,383,3,12,3,10:14 PM,0:53,Simmons Free Throw 2 of 2 (2 PTS),,,60 - 76,16,4.0,203613,Jonathon Simmons,1610612759.0,San Antonio,Spurs,SAS,0,0,,,,,,0,0,,,,,
0021500142,385,2,1,3,10:15 PM,0:41,,,MISS Wood 17' Jump Shot,,,5.0,1626174,Christian Wood,1610612755.0,Philadelphia,76ers,PHI,0,0,,,,,,0,0,,,,,
0021500142,386,4,0,3,10:15 PM,0:40,Butler REBOUND (Off:0 Def:2),,,,,4.0,2446,Rasual Butler,1610612759.0,San Antonio,Spurs,SAS,0,0,,,,,,0,0,,,,,
0021500142,387,2,79,3,10:15 PM,0:30,MISS Mills 20' Pullup Jump Shot,,,,,4.0,201988,Patty Mills,1610612759.0,San Antonio,Spurs,SAS,0,0,,,,,,0,0,,,,,
0021500142,388,4,0,3,10:15 PM,0:29,SPURS Rebound,,,,,2.0,1610612759,,,,,,0,0,,,,,,0,0,,,,,
0021500142,389,2,5,3,10:16 PM,0:06,MISS West 2' Layup,,,,,4.0,2561,David West,1610612759.0,San Antonio,Spurs,SAS,0,0,,,,,,0,0,,,,,
0021500142,390,4,0,3,10:16 PM,0:06,,,Wood REBOUND (Off:0 Def:3),,,5.0,1626174,Christian Wood,1610612755.0,Philadelphia,76ers,PHI,0,0,,,,,,0,0,,,,,
0021500142,391,2,46,3,10:16 PM,0:01,,,MISS Pressey 18' Running Jump Shot,,,5.0,203515,Phil Pressey,1610612755.0,Philadelphia,76ers,PHI,0,0,,,,,,0,0,,,,,
0021500142,392,4,0,3,10:16 PM,0:00,Simmons REBOUND (Off:0 Def:1),,,,,4.0,203613,Jonathon Simmons,1610612759.0,San Antonio,Spurs,SAS,0,0,,,,,,0,0,,,,,
0021500142,393,13,0,3,10:16 PM,0:00,,,,60 - 76,16,0.0,0,,,,,,0,0,,,,,,0,0,,,,,
0021500142,395,12,0,4,10:19 PM,12:00,,,,60 - 76,16,0.0,0,,,,,,0,0,,,,,,0,0,,,,,
0021500142,396,2,43,4,10:19 PM,11:42,,,MISS Noel 3' Alley Oop Layup,,,5.0,203457,Nerlens Noel,1610612755.0,Philadelphia,76ers,PHI,0,0,,,,,,0,0,,,,,
0021500142,397,4,0,4,10:19 PM,11:41,West REBOUND (Off:1 Def:3),,,,,4.0,2561,David West,1610612759.0,San Antonio,Spurs,SAS,0,0,,,,,,0,0,,,,,
0021500142,398,1,5,4,10:19 PM,11:32,West 1' Layup (8 PTS) (Diaw 2 AST),,,60 - 78,18,4.0,2561,David West,1610612759.0,San Antonio,Spurs,SAS,4,2564,Boris Diaw,1610612759.0,San Antonio,Spurs,SAS,0,0,,,,,
0021500142,399,10,0,4,10:20 PM,11:10,Jump Ball Diaw vs. Okafor: Tip to Simmons,,,,,4.0,2564,Boris Diaw,1610612759.0,San Antonio,Spurs,SAS,5,1626143,Jahlil Okafor,1610612755.0,Philadelphia,76ers,PHI,4,203613,Jonathon Simmons,1610612759.0,San Antonio,Spurs,SAS
0021500142,400,5,2,4,10:20 PM,11:10,Simmons STEAL (1 STL),,Thompson Lost Ball Turnover (P2.T10),,,5.0,203138,Hollis Thompson,1610612755.0,Philadelphia,76ers,PHI,4,203613,Jonathon Simmons,1610612759.0,San Antonio,Spurs,SAS,0,0,,,,,
0021500142,401,2,1,4,10:20 PM,10:53,MISS Diaw 16' Jump Shot,,,,,4.0,2564,Boris Diaw,1610612759.0,San Antonio,Spurs,SAS,0,0,,,,,,0,0,,,,,
0021500142,402,4,0,4,10:20 PM,10:52,,,Noel REBOUND (Off:0 Def:3),,,5.0,203457,Nerlens Noel,1610612755.0,Philadelphia,76ers,PHI,0,0,,,,,,0,0,,,,,
0021500142,404,1,42,4,10:20 PM,10:45,,,Pressey 1' Driving Layup (6 PTS),62 - 78,16,5.0,203515,Phil Pressey,1610612755.0,Philadelphia,76ers,PHI,0,0,,,,,,0,0,,,,,
0021500142,406,2,1,4,10:21 PM,10:27,MISS Butler 24' 3PT Jump Shot,,,,,4.0,2446,Rasual Butler,1610612759.0,San Antonio,Spurs,SAS,0,0,,,,,,0,0,,,,,
0021500142,408,4,0,4,10:21 PM,10:23,Simmons REBOUND (Off:1 Def:1),,,,,4.0,203613,Jonathon Simmons,1610612759.0,San Antonio,Spurs,SAS,0,0,,,,,,0,0,,,,,
0021500142,409,2,1,4,10:21 PM,10:19,MISS Mills 26' 3PT Jump Shot,,,,,4.0,201988,Patty Mills,1610612759.0,San Antonio,Spurs,SAS,0,0,,,,,,0,0,,,,,
0021500142,410,4,0,4,10:21 PM,10:18,,,Okafor REBOUND (Off:3 Def:8),,,5.0,1626143,Jahlil Okafor,1610612755.0,Philadelphia,76ers,PHI,0,0,,,,,,0,0,,,,,
0021500142,412,1,1,4,10:21 PM,10:05,,,Thompson 25' 3PT Jump Shot (8 PTS) (Pressey 4 AST),65 - 78,13,5.0,203138,Hollis Thompson,1610612755.0,Philadelphia,76ers,PHI,5,203515,Phil Pressey,1610612755.0,Philadelphia,76ers,PHI,0,0,,,,,
0021500142,413,1,5,4,10:21 PM,9:49,West 3' Layup (10 PTS) (Simmons 2 AST),,,65 - 80,15,4.0,2561,David West,1610612759.0,San Antonio,Spurs,SAS,4,203613,Jonathon Simmons,1610612759.0,San Antonio,Spurs,SAS,0,0,,,,,
0021500142,414,1,102,4,10:22 PM,9:33,,,Pressey 13' Driving Floating Bank Jump Shot (8 PTS) (Noel 1 AST),67 - 80,13,5.0,203515,Phil Pressey,1610612755.0,Philadelphia,76ers,PHI,5,203457,Nerlens Noel,1610612755.0,Philadelphia,76ers,PHI,0,0,,,,,
0021500142,415,1,1,4,10:22 PM,9:12,Mills 24' 3PT Jump Shot (3 PTS) (West 5 AST),,,67 - 83,16,4.0,201988,Patty Mills,1610612759.0,San Antonio,Spurs,SAS,4,2561,David West,1610612759.0,San Antonio,Spurs,SAS,0,0,,,,,
0021500142,416,9,1,4,10:22 PM,9:12,,,76ers Timeout: Regular (Reg.4 Short 1),,,3.0,1610612755,,,,,,0,0,,,,,,0,0,,,,,
0021500142,418,8,0,4,10:24 PM,9:12,SUB: McCallum FOR Mills,,,,,4.0,201988,Patty Mills,1610612759.0,San Antonio,Spurs,SAS,4,203492,Ray McCallum,1610612759.0,San Antonio,Spurs,SAS,0,0,,,,,
0021500142,419,8,0,4,10:24 PM,9:12,SUB: Green FOR Butler,,,,,4.0,2446,Rasual Butler,1610612759.0,San Antonio,Spurs,SAS,4,201980,Danny Green,1610612759.0,San Antonio,Spurs,SAS,0,0,,,,,
0021500142,420,8,0,4,10:25 PM,9:12,,,SUB: Sampson FOR Stauskas,,,5.0,203917,Nik Stauskas,1610612755.0,Philadelphia,76ers,PHI,5,203960,JaKarr Sampson,1610612755.0,Philadelphia,76ers,PHI,0,0,,,,,
0021500142,421,2,1,4,10:25 PM,8:52,,,MISS Sampson 26' 3PT Jump Shot,,,5.0,203960,JaKarr Sampson,1610612755.0,Philadelphia,76ers,PHI,0,0,,,,,,0,0,,,,,
0021500142,422,4,0,4,10:25 PM,8:51,McCallum REBOUND (Off:0 Def:3),,,,,4.0,203492,Ray McCallum,1610612759.0,San Antonio,Spurs,SAS,0,0,,,,,,0,0,,,,,
0021500142,423,2,1,4,10:25 PM,8:45,MISS Green 25' 3PT Jump Shot,,,,,4.0,201980,Danny Green,1610612759.0,San Antonio,Spurs,SAS,0,0,,,,,,0,0,,,,,
0021500142,424,4,0,4,10:25 PM,8:44,SPURS Rebound,,,,,2.0,1610612759,,,,,,0,0,,,,,,0,0,,,,,
0021500142,425,6,3,4,10:25 PM,8:44,,,Sampson L.B.FOUL (P3.T1) (B.Forte),,,5.0,203960,JaKarr Sampson,1610612755.0,Philadelphia,76ers,PHI,4,2561,David West,1610612759.0,San Antonio,Spurs,SAS,1,0,,,,,
0021500142,426,5,45,4,10:26 PM,8:30,West Out of Bounds - Bad Pass Turnover Turnover (P2.T7),,,,,4.0,2561,David West,1610612759.0,San Antonio,Spurs,SAS,0,0,,,,,,0,0,,,,,
0021500142,427,1,1,4,10:26 PM,8:18,,,Okafor 14' Jump Shot (14 PTS) (Pressey 5 AST),69 - 83,14,5.0,1626143,Jahlil Okafor,1610612755.0,Philadelphia,76ers,PHI,5,203515,Phil Pressey,1610612755.0,Philadelphia,76ers,PHI,0,0,,,,,
0021500142,428,5,1,4,10:26 PM,8:05,Diaw Bad Pass Turnover (P1.T8),,,,,4.0,2564,Boris Diaw,1610612759.0,San Antonio,Spurs,SAS,0,0,,,,,,0,0,,,,,
0021500142,429,8,0,4,10:26 PM,8:05,,,SUB: Grant FOR Noel,,,5.0,203457,Nerlens Noel,1610612755.0,Philadelphia,76ers,PHI,5,203924,Jerami Grant,1610612755.0,Philadelphia,76ers,PHI,0,0,,,,,
0021500142,430,5,2,4,10:27 PM,7:53,Diaw STEAL (1 STL),,Sampson Lost Ball Turnover (P1.T11),,,5.0,203960,JaKarr Sampson,1610612755.0,Philadelphia,76ers,PHI,4,2564,Boris Diaw,1610612759.0,San Antonio,Spurs,SAS,0,0,,,,,
0021500142,431,2,5,4,10:27 PM,7:33,MISS Green 2' Layup,,Okafor BLOCK (2 BLK),,,4.0,201980,Danny Green,1610612759.0,San Antonio,Spurs,SAS,0,0,,,,,,5,1626143,Jahlil Okafor,1610612755.0,Philadelphia,76ers,PHI
0021500142,432,4,0,4,10:27 PM,7:33,SPURS Rebound,,,,,2.0,1610612759,,,,,,0,0,,,,,,0,0,,,,,
0021500142,433,8,0,4,10:27 PM,7:33,,,SUB: Canaan FOR Sampson,,,5.0,203960,JaKarr Sampson,1610612755.0,Philadelphia,76ers,PHI,5,203477,Isaiah Canaan,1610612755.0,Philadelphia,76ers,PHI,0,0,,,,,
0021500142,434,1,1,4,10:27 PM,7:31,McCallum 17' Jump Shot (8 PTS) (Diaw 3 AST),,,69 - 85,16,4.0,203492,Ray McCallum,1610612759.0,San Antonio,Spurs,SAS,4,2564,Boris Diaw,1610612759.0,San Antonio,Spurs,SAS,0,0,,,,,
0021500142,435,1,5,4,10:28 PM,7:07,,,Okafor 1' Layup (16 PTS),71 - 85,14,5.0,1626143,Jahlil Okafor,1610612755.0,Philadelphia,76ers,PHI,0,0,,,,,,0,0,,,,,
0021500142,436,6,2,4,10:28 PM,7:07,West S.FOUL (P3.T1) (S.Twardoski),,,,,4.0,2561,David West,1610612759.0,San Antonio,Spurs,SAS,5,1626143,Jahlil Okafor,1610612755.0,Philadelphia,76ers,PHI,1,0,,,,,
0021500142,437,8,0,4,10:28 PM,7:07,SUB: Aldridge FOR West,,,,,4.0,2561,David West,1610612759.0,San Antonio,Spurs,SAS,4,200746,LaMarcus Aldridge,1610612759.0,San Antonio,Spurs,SAS,0,0,,,,,
0021500142,438,3,10,4,10:28 PM,7:07,,,Okafor Free Throw 1 of 1 (17 PTS),72 - 85,13,5.0,1626143,Jahlil Okafor,1610612755.0,Philadelphia,76ers,PHI,0,0,,,,,,0,0,,,,,
0021500142,440,2,79,4,10:29 PM,6:49,MISS Green 20' Pullup Jump Shot,,,,,4.0,201980,Danny Green,1610612759.0,San Antonio,Spurs,SAS,0,0,,,,,,0,0,,,,,
0021500142,441,4,0,4,10:29 PM,6:47,,,Okafor REBOUND (Off:3 Def:9),,,5.0,1626143,Jahlil Okafor,1610612755.0,Philadelphia,76ers,PHI,0,0,,,,,,0,0,,,,,
0021500142,442,9,2,4,10:29 PM,6:42,,,76ers Timeout: Short (Reg.4 Short 2),,,3.0,1610612755,,,,,,0,0,,,,,,0,0,,,,,
0021500142,443,1,1,4,10:30 PM,6:32,,,Canaan 26' 3PT Jump Shot (6 PTS) (Pressey 6 AST),75 - 85,10,5.0,203477,Isaiah Canaan,1610612755.0,Philadelphia,76ers,PHI,5,203515,Phil Pressey,1610612755.0,Philadelphia,76ers,PHI,0,0,,,,,
0021500142,445,2,1,4,10:30 PM,6:16,MISS Aldridge 18' Jump Shot,,,,,4.0,200746,LaMarcus Aldridge,1610612759.0,San Antonio,Spurs,SAS,0,0,,,,,,0,0,,,,,
0021500142,446,4,0,4,10:31 PM,6:14,,,Grant REBOUND (Off:0 Def:4),,,5.0,203924,Jerami Grant,1610612755.0,Philadelphia,76ers,PHI,0,0,,,,,,0,0,,,,,
0021500142,447,2,1,4,10:31 PM,6:08,,,MISS Canaan 26' 3PT Jump Shot,,,5.0,203477,Isaiah Canaan,1610612755.0,Philadelphia,76ers,PHI,0,0,,,,,,0,0,,,,,
0021500142,448,4,0,4,10:31 PM,6:06,Aldridge REBOUND (Off:6 Def:8),,,,,4.0,200746,LaMarcus Aldridge,1610612759.0,San Antonio,Spurs,SAS,0,0,,,,,,0,0,,,,,
0021500142,449,5,1,4,10:31 PM,5:56,McCallum Bad Pass Turnover (P1.T9),,Grant STEAL (1 STL),,,4.0,203492,Ray McCallum,1610612759.0,San Antonio,Spurs,SAS,5,203924,Jerami Grant,1610612755.0,Philadelphia,76ers,PHI,0,0,,,,,
0021500142,450,2,78,4,10:31 PM,5:51,,,MISS Pressey 6' Floating Jump Shot,,,5.0,203515,Phil Pressey,1610612755.0,Philadelphia,76ers,PHI,0,0,,,,,,0,0,,,,,
0021500142,451,4,0,4,10:31 PM,5:49,,,Thompson REBOUND (Off:1 Def:2),,,5.0,203138,Hollis Thompson,1610612755.0,Philadelphia,76ers,PHI,0,0,,,,,,0,0,,,,,
0021500142,452,1,1,4,10:31 PM,5:36,,,Okafor 11' Jump Shot (19 PTS) (Canaan 3 AST),77 - 85,8,5.0,1626143,Jahlil Okafor,1610612755.0,Philadelphia,76ers,PHI,5,203477,Isaiah Canaan,1610612755.0,Philadelphia,76ers,PHI,0,0,,,,,
0021500142,453,9,1,4,10:31 PM,5:36,SPURS Timeout: Regular (Full 4 Short 0),,,,,2.0,1610612759,,,,,,0,0,,,,,,0,0,,,,,
0021500142,455,8,0,4,10:33 PM,5:36,,,SUB: Noel FOR Okafor,,,5.0,1626143,Jahlil Okafor,1610612755.0,Philadelphia,76ers,PHI,5,203457,Nerlens Noel,1610612755.0,Philadelphia,76ers,PHI,0,0,,,,,
0021500142,456,8,0,4,10:33 PM,5:36,,,SUB: McConnell FOR Pressey,,,5.0,203515,Phil Pressey,1610612755.0,Philadelphia,76ers,PHI,5,204456,T.J. McConnell,1610612755.0,Philadelphia,76ers,PHI,0,0,,,,,
0021500142,457,8,0,4,10:34 PM,5:36,SUB: Anderson FOR Diaw,,,,,4.0,2564,Boris Diaw,1610612759.0,San Antonio,Spurs,SAS,4,203937,Kyle Anderson,1610612759.0,San Antonio,Spurs,SAS,0,0,,,,,
0021500142,458,8,0,4,10:34 PM,5:36,SUB: Parker FOR McCallum,,,,,4.0,203492,Ray McCallum,1610612759.0,San Antonio,Spurs,SAS,4,2225,Tony Parker,1610612759.0,San Antonio,Spurs,SAS,0,0,,,,,
0021500142,459,8,0,4,10:34 PM,5:36,SUB: Duncan FOR Simmons,,,,,4.0,203613,Jonathon Simmons,1610612759.0,San Antonio,Spurs,SAS,4,1495,Tim Duncan,1610612759.0,San Antonio,Spurs,SAS,0,0,,,,,
0021500142,460,5,1,4,10:34 PM,5:29,Parker Bad Pass Turnover (P3.T10),,Noel STEAL (1 STL),,,4.0,2225,Tony Parker,1610612759.0,San Antonio,Spurs,SAS,5,203457,Nerlens Noel,1610612755.0,Philadelphia,76ers,PHI,0,0,,,,,
0021500142,461,1,7,4,10:34 PM,5:23,,,Noel  Dunk (6 PTS),79 - 85,6,5.0,203457,Nerlens Noel,1610612755.0,Philadelphia,76ers,PHI,0,0,,,,,,0,0,,,,,
0021500142,462,2,46,4,10:34 PM,5:02,MISS Parker 8' Running Jump Shot,,,,,4.0,2225,Tony Parker,1610612759.0,San Antonio,Spurs,SAS,0,0,,,,,,0,0,,,,,
0021500142,463,4,0,4,10:34 PM,5:01,Parker REBOUND (Off:1 Def:1),,,,,4.0,2225,Tony Parker,1610612759.0,San Antonio,Spurs,SAS,0,0,,,,,,0,0,,,,,
0021500142,464,5,4,4,10:35 PM,4:43,Parker Traveling Turnover (P4.T11),,,,,4.0,2225,Tony Parker,1610612759.0,San Antonio,Spurs,SAS,0,0,,,,,,1,0,,,,,
0021500142,465,8,0,4,10:35 PM,4:43,SUB: Mills FOR Parker,,,,,4.0,2225,Tony Parker,1610612759.0,San Antonio,Spurs,SAS,4,201988,Patty Mills,1610612759.0,San Antonio,Spurs,SAS,0,0,,,,,
0021500142,466,2,1,4,10:35 PM,4:27,,,MISS Noel 5' Jump Shot,,,5.0,203457,Nerlens Noel,1610612755.0,Philadelphia,76ers,PHI,0,0,,,,,,0,0,,,,,
0021500142,467,4,0,4,10:35 PM,4:26,Aldridge REBOUND (Off:6 Def:9),,,,,4.0,200746,LaMarcus Aldridge,1610612759.0,San Antonio,Spurs,SAS,0,0,,,,,,0,0,,,,,
0021500142,468,6,1,4,10:35 PM,4:17,,,Canaan P.FOUL (P1.T2) (B.Forte),,,5.0,203477,Isaiah Canaan,1610612755.0,Philadelphia,76ers,PHI,4,201980,Danny Green,1610612759.0,San Antonio,Spurs,SAS,1,0,,,,,
0021500142,469,2,79,4,10:36 PM,4:07,MISS Anderson 10' Pullup Jump Shot,,,,,4.0,203937,Kyle Anderson,1610612759.0,San Antonio,Spurs,SAS,0,0,,,,,,0,0,,,,,
0021500142,470,4,0,4,10:36 PM,4:06,Aldridge REBOUND (Off:7 Def:9),,,,,4.0,200746,LaMarcus Aldridge,1610612759.0,San Antonio,Spurs,SAS,0,0,,,,,,0,0,,,,,
0021500142,471,6,2,4,10:36 PM,4:06,,,Grant S.FOUL (P5.T3) (B.Forte),,,5.0,203924,Jerami Grant,1610612755.0,Philadelphia,76ers,PHI,4,200746,LaMarcus Aldridge,1610612759.0,San Antonio,Spurs,SAS,1,0,,,,,
0021500142,472,3,11,4,10:36 PM,4:06,Aldridge Free Throw 1 of 2 (16 PTS),,,79 - 86,7,4.0,200746,LaMarcus Aldridge,1610612759.0,San Antonio,Spurs,SAS,0,0,,,,,,0,0,,,,,
0021500142,474,8,0,4,10:36 PM,4:06,,,SUB: Okafor FOR Grant,,,5.0,203924,Jerami Grant,1610612755.0,Philadelphia,76ers,PHI,5,1626143,Jahlil Okafor,1610612755.0,Philadelphia,76ers,PHI,0,0,,,,,
0021500142,475,3,12,4,10:36 PM,4:06,Aldridge Free Throw 2 of 2 (17 PTS),,,79 - 87,8,4.0,200746,LaMarcus Aldridge,1610612759.0,San Antonio,Spurs,SAS,0,0,,,,,,0,0,,,,,
0021500142,477,1,5,4,10:37 PM,3:45,,,Okafor 2' Layup (21 PTS) (Noel 2 AST),81 - 87,6,5.0,1626143,Jahlil Okafor,1610612755.0,Philadelphia,76ers,PHI,5,203457,Nerlens Noel,1610612755.0,Philadelphia,76ers,PHI,0,0,,,,,
0021500142,478,5,11,4,10:37 PM,3:20,SPURS Turnover: Shot Clock (T#12),,,,,2.0,1610612759,,,,,,0,0,,,,,,1,0,,,,,
0021500142,479,1,79,4,10:38 PM,3:07,,,McConnell 18' Pullup Jump Shot (8 PTS),83 - 87,4,5.0,204456,T.J. McConnell,1610612755.0,Philadelphia,76ers,PHI,0,0,,,,,,0,0,,,,,
0021500142,480,2,80,4,10:38 PM,2:45,MISS Anderson 15' Step Back Jump Shot,,,,,4.0,203937,Kyle Anderson,1610612759.0,San Antonio,Spurs,SAS,0,0,,,,,,0,0,,,,,
0021500142,481,4,0,4,10:38 PM,2:44,,,McConnell REBOUND (Off:0 Def:4),,,5.0,204456,T.J. McConnell,1610612755.0,Philadelphia,76ers,PHI,0,0,,,,,,0,0,,,,,
0021500142,482,2,1,4,10:38 PM,2:35,,,MISS Canaan 25' 3PT Jump Shot,,,5.0,203477,Isaiah Canaan,1610612755.0,Philadelphia,76ers,PHI,0,0,,,,,,0,0,,,,,
0021500142,483,4,0,4,10:38 PM,2:34,Aldridge REBOUND (Off:7 Def:10),,,,,4.0,200746,LaMarcus Aldridge,1610612759.0,San Antonio,Spurs,SAS,0,0,,,,,,0,0,,,,,
0021500142,484,2,1,4,10:38 PM,2:28,MISS Mills 21' Jump Shot,,,,,4.0,201988,Patty Mills,1610612759.0,San Antonio,Spurs,SAS,0,0,,,,,,0,0,,,,,
0021500142,485,4,0,4,10:38 PM,2:26,,,McConnell REBOUND (Off:0 Def:5),,,5.0,204456,T.J. McConnell,1610612755.0,Philadelphia,76ers,PHI,0,0,,,,,,0,0,,,,,
0021500142,486,5,1,4,10:39 PM,2:14,Mills STEAL (2 STL),,McConnell Bad Pass Turnover (P2.T12),,,5.0,204456,T.J. McConnell,1610612755.0,Philadelphia,76ers,PHI,4,201988,Patty Mills,1610612759.0,San Antonio,Spurs,SAS,0,0,,,,,
0021500142,487,1,5,4,10:39 PM,2:09,Mills 1' Layup (5 PTS) (Anderson 3 AST),,,83 - 89,6,4.0,201988,Patty Mills,1610612759.0,San Antonio,Spurs,SAS,4,203937,Kyle Anderson,1610612759.0,San Antonio,Spurs,SAS,0,0,,,,,
0021500142,488,9,1,4,10:39 PM,2:09,,,76ers Timeout: Regular (Reg.5 Short 2),,,3.0,1610612755,,,,,,0,0,,,,,,0,0,,,,,
0021500142,490,8,0,4,10:40 PM,2:09,SUB: Butler FOR Green,,,,,4.0,201980,Danny Green,1610612759.0,San Antonio,Spurs,SAS,4,2446,Rasual Butler,1610612759.0,San Antonio,Spurs,SAS,0,0,,,,,
0021500142,491,5,1,4,10:41 PM,2:01,Anderson STEAL (3 STL),,Canaan Bad Pass Turnover (P1.T13),,,5.0,203477,Isaiah Canaan,1610612755.0,Philadelphia,76ers,PHI,4,203937,Kyle Anderson,1610612759.0,San Antonio,Spurs,SAS,0,0,,,,,
0021500142,492,5,1,4,10:41 PM,1:56,Anderson Bad Pass Turnover (P1.T13),,McConnell STEAL (2 STL),,,4.0,203937,Kyle Anderson,1610612759.0,San Antonio,Spurs,SAS,5,204456,T.J. McConnell,1610612755.0,Philadelphia,76ers,PHI,0,0,,,,,
0021500142,493,2,1,4,10:42 PM,1:42,,,MISS Okafor 11' Jump Shot,,,5.0,1626143,Jahlil Okafor,1610612755.0,Philadelphia,76ers,PHI,0,0,,,,,,0,0,,,,,
0021500142,494,4,0,4,10:42 PM,1:41,Aldridge REBOUND (Off:7 Def:11),,,,,4.0,200746,LaMarcus Aldridge,1610612759.0,San Antonio,Spurs,SAS,0,0,,,,,,0,0,,,,,
0021500142,495,2,1,4,10:42 PM,1:25,MISS Aldridge 8' Jump Shot,,,,,4.0,200746,LaMarcus Aldridge,1610612759.0,San Antonio,Spurs,SAS,0,0,,,,,,0,0,,,,,
0021500142,496,4,0,4,10:42 PM,1:24,,,76ers Rebound,,,3.0,1610612755,,,,,,0,0,,,,,,0,0,,,,,
0021500142,497,18,1,4,10:43 PM,1:24,,,,,,,496,,,,,,0,0,,,,,,1,0,,,,,
0021500142,498,5,1,4,10:44 PM,1:12,Mills STEAL (3 STL),,McConnell Bad Pass Turnover (P3.T14),,,5.0,204456,T.J. McConnell,1610612755.0,Philadelphia,76ers,PHI,4,201988,Patty Mills,1610612759.0,San Antonio,Spurs,SAS,0,0,,,,,
0021500142,499,5,2,4,10:44 PM,0:56,Aldridge Lost Ball Turnover (P2.T14),,Noel STEAL (2 STL),,,4.0,200746,LaMarcus Aldridge,1610612759.0,San Antonio,Spurs,SAS,5,203457,Nerlens Noel,1610612755.0,Philadelphia,76ers,PHI,0,0,,,,,
0021500142,500,2,1,4,10:44 PM,0:43,,,MISS Canaan 22' Jump Shot,,,5.0,203477,Isaiah Canaan,1610612755.0,Philadelphia,76ers,PHI,0,0,,,,,,0,0,,,,,
0021500142,501,4,0,4,10:44 PM,0:42,Aldridge REBOUND (Off:7 Def:12),,,,,4.0,200746,LaMarcus Aldridge,1610612759.0,San Antonio,Spurs,SAS,0,0,,,,,,0,0,,,,,
0021500142,502,1,1,4,10:45 PM,0:22,Duncan 4' Jump Shot (15 PTS) (Mills 1 AST),,,83 - 91,8,4.0,1495,Tim Duncan,1610612759.0,San Antonio,Spurs,SAS,4,201988,Patty Mills,1610612759.0,San Antonio,Spurs,SAS,0,0,,,,,
0021500142,503,9,1,4,10:45 PM,0:22,,,76ers Timeout: Regular (Reg.6 Short 2),,,3.0,1610612755,,,,,,0,0,,,,,,0,0,,,,,
0021500142,505,5,45,4,10:47 PM,0:20,,,Noel Out of Bounds - Bad Pass Turnover Turnover (P3.T15),,,5.0,203457,Nerlens Noel,1610612755.0,Philadelphia,76ers,PHI,0,0,,,,,,0,0,,,,,
0021500142,506,8,0,4,10:47 PM,0:20,,,SUB: Sampson FOR Okafor,,,5.0,1626143,Jahlil Okafor,1610612755.0,Philadelphia,76ers,PHI,5,203960,JaKarr Sampson,1610612755.0,Philadelphia,76ers,PHI,0,0,,,,,
0021500142,507,8,0,4,10:47 PM,0:20,,,SUB: Wood FOR Thompson,,,5.0,203138,Hollis Thompson,1610612755.0,Philadelphia,76ers,PHI,5,1626174,Christian Wood,1610612755.0,Philadelphia,76ers,PHI,0,0,,,,,
0021500142,508,8,0,4,10:47 PM,0:20,,,SUB: Grant FOR Canaan,,,5.0,203477,Isaiah Canaan,1610612755.0,Philadelphia,76ers,PHI,5,203924,Jerami Grant,1610612755.0,Philadelphia,76ers,PHI,0,0,,,,,
0021500142,509,8,0,4,10:47 PM,0:20,SUB: McCallum FOR Aldridge,,,,,4.0,200746,LaMarcus Aldridge,1610612759.0,San Antonio,Spurs,SAS,4,203492,Ray McCallum,1610612759.0,San Antonio,Spurs,SAS,0,0,,,,,
0021500142,510,8,0,4,10:47 PM,0:20,SUB: Bonner FOR Duncan,,,,,4.0,1495,Tim Duncan,1610612759.0,San Antonio,Spurs,SAS,4,2588,Matt Bonner,1610612759.0,San Antonio,Spurs,SAS,0,0,,,,,
0021500142,511,8,0,4,10:47 PM,0:20,SUB: Marjanovic FOR Mills,,,,,4.0,201988,Patty Mills,1610612759.0,San Antonio,Spurs,SAS,4,1626246,Boban Marjanovic,1610612759.0,San Antonio,Spurs,SAS,0,0,,,,,
0021500142,512,6,28,4,10:48 PM,0:19,,,Wood Personal Take Foul (P2.T4) (S.Twardoski),,,5.0,1626174,Christian Wood,1610612755.0,Philadelphia,76ers,PHI,4,2446,Rasual Butler,1610612759.0,San Antonio,Spurs,SAS,1,0,,,,,
0021500142,513,6,28,4,10:48 PM,0:18,,,Wood Personal Take Foul (P3.PN) (E.Malloy),,,5.0,1626174,Christian Wood,1610612755.0,Philadelphia,76ers,PHI,4,2588,Matt Bonner,1610612759.0,San Antonio,Spurs,SAS,1,0,,,,,
0021500142,514,3,11,4,10:48 PM,0:18,Bonner Free Throw 1 of 2 (1 PTS),,,83 - 92,9,4.0,2588,Matt Bonner,1610612759.0,San Antonio,Spurs,SAS,0,0,,,,,,0,0,,,,,
0021500142,516,8,0,4,10:48 PM,0:18,,,SUB: Canaan FOR Grant,,,5.0,203924,Jerami Grant,1610612755.0,Philadelphia,76ers,PHI,5,203477,Isaiah Canaan,1610612755.0,Philadelphia,76ers,PHI,0,0,,,,,
0021500142,517,8,0,4,10:48 PM,0:18,,,SUB: Thompson FOR Sampson,,,5.0,203960,JaKarr Sampson,1610612755.0,Philadelphia,76ers,PHI,5,203138,Hollis Thompson,1610612755.0,Philadelphia,76ers,PHI,0,0,,,,,
0021500142,518,3,12,4,10:48 PM,0:18,MISS Bonner Free Throw 2 of 2,,,,,4.0,2588,Matt Bonner,1610612759.0,San Antonio,Spurs,SAS,0,0,,,,,,0,0,,,,,
0021500142,520,4,0,4,10:49 PM,0:17,,,Wood REBOUND (Off:0 Def:4),,,5.0,1626174,Christian Wood,1610612755.0,Philadelphia,76ers,PHI,0,0,,,,,,0,0,,,,,
0021500142,521,2,1,4,10:49 PM,0:10,,,MISS Thompson 24' 3PT Jump Shot,,,5.0,203138,Hollis Thompson,1610612755.0,Philadelphia,76ers,PHI,0,0,,,,,,0,0,,,,,
0021500142,522,4,0,4,10:49 PM,0:08,Marjanovic REBOUND (Off:0 Def:1),,,,,4.0,1626246,Boban Marjanovic,1610612759.0,San Antonio,Spurs,SAS,0,0,,,,,,0,0,,,,,
0021500142,523,13,0,4,10:49 PM,0:00,,,,83 - 92,9,0.0,0,,,,,,0,0,,,,,,0,0,,,,,
