GAME_ID,EVENTNUM,EVENTMSGTYPE,EVENTMSGACTIONTYPE,PERIOD,WCTIMESTRING,PCTIMESTRING,HOMEDESCRIPTION,NEUTRALDESCRIPTION,VISITORDESCRIPTION,SCORE,SCOREMARGIN,PERSON1TYPE,PLAYER1_ID,PLAYER1_NAME,PLAYER1_TEAM_ID,PLAYER1_TEAM_CITY,PLAYER1_TEAM_NICKNAME,PLAYER1_TEAM_ABBREVIATION,PERSON2TYPE,PLAYER2_ID,PLAYER2_NAME,PLAYER2_TEAM_ID,PLAYER2_TEAM_CITY,PLAYER2_TEAM_NICKNAME,PLAYER2_TEAM_ABBREVIATION,PERSON3TYPE,PLAYER3_ID,PLAYER3_NAME,PLAYER3_TEAM_ID,PLAYER3_TEAM_CITY,PLAYER3_TEAM_NICKNAME,PLAYER3_TEAM_ABBREVIATION
0021500021,0,12,0,1,7:11 PM,12:00,,,,,,0.0,0,,,,,,0,0,,,,,,0,0,,,,,
0021500021,1,10,0,1,7:11 PM,12:00,Jump Ball Mozgov vs. Whiteside: Tip to Love,,,,,4.0,202389,Timofey Mozgov,1610612739.0,Cleveland,Cavaliers,CLE,5,202355,Hassan Whiteside,1610612748.0,Miami,Heat,MIA,4,201567,Kevin Love,1610612739.0,Cleveland,Cavaliers,CLE
0021500021,2,2,47,1,7:12 PM,11:46,MISS Love 17' Turnaround Jump Shot,,,,,4.0,201567,Kevin Love,1610612739.0,Cleveland,Cavaliers,CLE,0,0,,,,,,0,0,,,,,
0021500021,3,4,0,1,7:12 PM,11:45,,,Whiteside REBOUND (Off:0 Def:1),,,5.0,202355,Hassan Whiteside,1610612748.0,Miami,Heat,MIA,0,0,,,,,,0,0,,,,,
0021500021,4,1,1,1,7:12 PM,11:27,,,Wade 25' 3PT Jump Shot (3 PTS) (Dragic 1 AST),3 - 0,-3,5.0,2548,Dwyane Wade,1610612748.0,Miami,Heat,MIA,5,201609,Goran Dragic,1610612748.0,Miami,Heat,MIA,0,0,,,,,
0021500021,5,2,1,1,7:12 PM,11:01,MISS Williams 25' 3PT Jump Shot,,,,,4.0,2590,Mo Williams,1610612739.0,Cleveland,Cavaliers,CLE,0,0,,,,,,0,0,,,,,
0021500021,6,4,0,1,7:12 PM,11:00,,,Wade REBOUND (Off:0 Def:1),,,5.0,2548,Dwyane Wade,1610612748.0,Miami,Heat,MIA,0,0,,,,,,0,0,,,,,
0021500021,7,2,78,1,7:13 PM,10:51,,,MISS Wade 4' Floating Jump Shot,,,5.0,2548,Dwyane Wade,1610612748.0,Miami,Heat,MIA,0,0,,,,,,0,0,,,,,
0021500021,8,4,0,1,7:13 PM,10:50,,,Whiteside REBOUND (Off:1 Def:1),,,5.0,202355,Hassan Whiteside,1610612748.0,Miami,Heat,MIA,0,0,,,,,,0,0,,,,,
0021500021,9,6,2,1,7:13 PM,10:50,Love S.FOUL (P1.T1) (R.Mott),,,,,4.0,201567,Kevin Love,1610612739.0,Cleveland,Cavaliers,CLE,5,202355,Hassan Whiteside,1610612748.0,Miami,Heat,MIA,1,0,,,,,
0021500021,10,3,11,1,7:13 PM,10:50,,,Whiteside Free Throw 1 of 2 (1 PTS),4 - 0,-4,5.0,202355,Hassan Whiteside,1610612748.0,Miami,Heat,MIA,0,0,,,,,,0,0,,,,,
0021500021,12,3,12,1,7:13 PM,10:50,,,Whiteside Free Throw 2 of 2 (2 PTS),5 - 0,-5,5.0,202355,Hassan Whiteside,1610612748.0,Miami,Heat,MIA,0,0,,,,,,0,0,,,,,
0021500021,15,1,5,1,7:14 PM,10:30,James 2' Layup (2 PTS) (Love 1 AST),,,5 - 2,-3,4.0,2544,LeBron James,1610612739.0,Cleveland,Cavaliers,CLE,4,201567,Kevin Love,1610612739.0,Cleveland,Cavaliers,CLE,0,0,,,,,
0021500021,16,2,1,1,7:14 PM,10:08,,,MISS Deng 26' 3PT Jump Shot,,,5.0,2736,Luol Deng,1610612748.0,Miami,Heat,MIA,0,0,,,,,,0,0,,,,,
0021500021,17,4,0,1,7:14 PM,10:08,Smith REBOUND (Off:0 Def:1),,,,,4.0,2747,JR Smith,1610612739.0,Cleveland,Cavaliers,CLE,0,0,,,,,,0,0,,,,,
0021500021,18,1,47,1,7:14 PM,9:53,James 6' Turnaround Jump Shot (4 PTS),,,5 - 4,-1,4.0,2544,LeBron James,1610612739.0,Cleveland,Cavaliers,CLE,0,0,,,,,,0,0,,,,,
0021500021,19,6,2,1,7:14 PM,9:53,,,Deng S.FOUL (P1.T1) (R.Mott),,,5.0,2736,Luol Deng,1610612748.0,Miami,Heat,MIA,4,2544,LeBron James,1610612739.0,Cleveland,Cavaliers,CLE,1,0,,,,,
0021500021,20,3,10,1,7:15 PM,9:53,James Free Throw 1 of 1 (5 PTS),,,5 - 5,TIE,4.0,2544,LeBron James,1610612739.0,Cleveland,Cavaliers,CLE,0,0,,,,,,0,0,,,,,
0021500021,23,1,1,1,7:15 PM,9:35,,,Bosh 24' 3PT Jump Shot (3 PTS) (Dragic 2 AST),8 - 5,-3,5.0,2547,Chris Bosh,1610612748.0,Miami,Heat,MIA,5,201609,Goran Dragic,1610612748.0,Miami,Heat,MIA,0,0,,,,,
0021500021,24,1,49,1,7:15 PM,9:22,Mozgov  Driving Dunk (2 PTS),,,8 - 7,-1,4.0,202389,Timofey Mozgov,1610612739.0,Cleveland,Cavaliers,CLE,0,0,,,,,,0,0,,,,,
0021500021,25,2,5,1,7:16 PM,8:56,,,MISS Whiteside 2' Layup,,,5.0,202355,Hassan Whiteside,1610612748.0,Miami,Heat,MIA,0,0,,,,,,0,0,,,,,
0021500021,26,4,0,1,7:16 PM,8:56,Mozgov REBOUND (Off:0 Def:1),,,,,4.0,202389,Timofey Mozgov,1610612739.0,Cleveland,Cavaliers,CLE,0,0,,,,,,0,0,,,,,
0021500021,27,2,44,1,7:16 PM,8:50,MISS Smith 1' Reverse Layup,,,,,4.0,2747,JR Smith,1610612739.0,Cleveland,Cavaliers,CLE,0,0,,,,,,0,0,,,,,
0021500021,28,4,0,1,7:16 PM,8:48,Love REBOUND (Off:1 Def:0),,,,,4.0,201567,Kevin Love,1610612739.0,Cleveland,Cavaliers,CLE,0,0,,,,,,0,0,,,,,
0021500021,29,2,1,1,7:16 PM,8:34,MISS Love 25' 3PT Jump Shot,,,,,4.0,201567,Kevin Love,1610612739.0,Cleveland,Cavaliers,CLE,0,0,,,,,,0,0,,,,,
0021500021,30,4,0,1,7:16 PM,8:34,,,Wade REBOUND (Off:0 Def:2),,,5.0,2548,Dwyane Wade,1610612748.0,Miami,Heat,MIA,0,0,,,,,,0,0,,,,,
0021500021,31,2,42,1,7:17 PM,8:18,Smith BLOCK (1 BLK),,MISS Bosh 3' Driving Layup,,,5.0,2547,Chris Bosh,1610612748.0,Miami,Heat,MIA,0,0,,,,,,4,2747,JR Smith,1610612739.0,Cleveland,Cavaliers,CLE
0021500021,32,4,0,1,7:17 PM,8:16,Mozgov REBOUND (Off:0 Def:2),,,,,4.0,202389,Timofey Mozgov,1610612739.0,Cleveland,Cavaliers,CLE,0,0,,,,,,0,0,,,,,
0021500021,33,2,1,1,7:17 PM,8:13,MISS Williams 27' 3PT Jump Shot,,Wade BLOCK (1 BLK),,,4.0,2590,Mo Williams,1610612739.0,Cleveland,Cavaliers,CLE,0,0,,,,,,5,2548,Dwyane Wade,1610612748.0,Miami,Heat,MIA
0021500021,34,4,0,1,7:17 PM,8:13,,,Wade REBOUND (Off:0 Def:3),,,5.0,2548,Dwyane Wade,1610612748.0,Miami,Heat,MIA,0,0,,,,,,0,0,,,,,
0021500021,39,5,39,1,7:17 PM,8:13,,,Wade Step Out of Bounds Turnover (P1.T1),,,5.0,2548,Dwyane Wade,1610612748.0,Miami,Heat,MIA,0,0,,,,,,1,0,,,,,
0021500021,35,2,44,1,7:17 PM,8:03,MISS James 2' Reverse Layup,,,,,4.0,2544,LeBron James,1610612739.0,Cleveland,Cavaliers,CLE,0,0,,,,,,0,0,,,,,
0021500021,36,4,0,1,7:17 PM,7:57,Love REBOUND (Off:2 Def:0),,,,,4.0,201567,Kevin Love,1610612739.0,Cleveland,Cavaliers,CLE,0,0,,,,,,0,0,,,,,
0021500021,37,1,7,1,7:17 PM,7:56,Love  Dunk (2 PTS),,,8 - 9,1,4.0,201567,Kevin Love,1610612739.0,Cleveland,Cavaliers,CLE,0,0,,,,,,0,0,,,,,
0021500021,38,1,1,1,7:18 PM,7:38,,,Wade 11' Jump Shot (5 PTS),10 - 9,-1,5.0,2548,Dwyane Wade,1610612748.0,Miami,Heat,MIA,0,0,,,,,,0,0,,,,,
0021500021,40,2,1,1,7:18 PM,7:22,MISS Love 25' 3PT Jump Shot,,,,,4.0,201567,Kevin Love,1610612739.0,Cleveland,Cavaliers,CLE,0,0,,,,,,0,0,,,,,
0021500021,41,4,0,1,7:18 PM,7:21,,,Whiteside REBOUND (Off:1 Def:2),,,5.0,202355,Hassan Whiteside,1610612748.0,Miami,Heat,MIA,0,0,,,,,,0,0,,,,,
0021500021,42,6,4,1,7:18 PM,7:18,,,Deng OFF.Foul (P2) (R.Mott),,,5.0,2736,Luol Deng,1610612748.0,Miami,Heat,MIA,4,201567,Kevin Love,1610612739.0,Cleveland,Cavaliers,CLE,1,0,,,,,
0021500021,43,5,5,1,7:18 PM,7:18,,,Deng Foul Turnover (P1.T2),,,5.0,2736,Luol Deng,1610612748.0,Miami,Heat,MIA,0,0,,,,,,1,0,,,,,
0021500021,44,8,0,1,7:18 PM,7:18,,,SUB: Winslow FOR Deng,,,5.0,2736,Luol Deng,1610612748.0,Miami,Heat,MIA,5,1626159,Justise Winslow,1610612748.0,Miami,Heat,MIA,0,0,,,,,
0021500021,46,2,1,1,7:19 PM,7:03,MISS Williams 27' 3PT Jump Shot,,,,,4.0,2590,Mo Williams,1610612739.0,Cleveland,Cavaliers,CLE,0,0,,,,,,0,0,,,,,
0021500021,48,4,0,1,7:19 PM,7:03,Love REBOUND (Off:3 Def:0),,,,,4.0,201567,Kevin Love,1610612739.0,Cleveland,Cavaliers,CLE,0,0,,,,,,0,0,,,,,
0021500021,47,2,5,1,7:19 PM,7:03,MISS Love 2' Layup,,,,,4.0,201567,Kevin Love,1610612739.0,Cleveland,Cavaliers,CLE,0,0,,,,,,0,0,,,,,
0021500021,49,4,0,1,7:19 PM,6:59,,,Bosh REBOUND (Off:0 Def:1),,,5.0,2547,Chris Bosh,1610612748.0,Miami,Heat,MIA,0,0,,,,,,0,0,,,,,
0021500021,50,2,5,1,7:19 PM,6:54,,,MISS Dragic  Layup,,,5.0,201609,Goran Dragic,1610612748.0,Miami,Heat,MIA,0,0,,,,,,0,0,,,,,
0021500021,51,4,0,1,7:19 PM,6:51,Smith REBOUND (Off:0 Def:2),,,,,4.0,2747,JR Smith,1610612739.0,Cleveland,Cavaliers,CLE,0,0,,,,,,0,0,,,,,
0021500021,52,2,1,1,7:19 PM,6:44,MISS Love 6' Jump Shot,,Whiteside BLOCK (1 BLK),,,4.0,201567,Kevin Love,1610612739.0,Cleveland,Cavaliers,CLE,0,0,,,,,,5,202355,Hassan Whiteside,1610612748.0,Miami,Heat,MIA
0021500021,53,4,0,1,7:19 PM,6:43,Love REBOUND (Off:4 Def:0),,,,,4.0,201567,Kevin Love,1610612739.0,Cleveland,Cavaliers,CLE,0,0,,,,,,0,0,,,,,
0021500021,55,6,2,1,7:19 PM,6:42,,,Winslow S.FOUL (P1.T2) (T.Maddox),,,5.0,1626159,Justise Winslow,1610612748.0,Miami,Heat,MIA,4,201567,Kevin Love,1610612739.0,Cleveland,Cavaliers,CLE,1,0,,,,,
0021500021,56,3,11,1,7:20 PM,6:42,Love Free Throw 1 of 2 (3 PTS),,,10 - 10,TIE,4.0,201567,Kevin Love,1610612739.0,Cleveland,Cavaliers,CLE,0,0,,,,,,0,0,,,,,
0021500021,58,3,12,1,7:20 PM,6:42,Love Free Throw 2 of 2 (4 PTS),,,10 - 11,1,4.0,201567,Kevin Love,1610612739.0,Cleveland,Cavaliers,CLE,0,0,,,,,,0,0,,,,,
0021500021,61,5,45,1,7:20 PM,6:35,,,Wade Out of Bounds - Bad Pass Turnover Turnover (P2.T3),,,5.0,2548,Dwyane Wade,1610612748.0,Miami,Heat,MIA,0,0,,,,,,0,0,,,,,
0021500021,62,6,2,1,7:21 PM,6:21,,,Wade S.FOUL (P1.T3) (T.Maddox),,,5.0,2548,Dwyane Wade,1610612748.0,Miami,Heat,MIA,4,2544,LeBron James,1610612739.0,Cleveland,Cavaliers,CLE,1,0,,,,,
0021500021,63,3,11,1,7:21 PM,6:21,James Free Throw 1 of 2 (6 PTS),,,10 - 12,2,4.0,2544,LeBron James,1610612739.0,Cleveland,Cavaliers,CLE,0,0,,,,,,0,0,,,,,
0021500021,65,3,12,1,7:21 PM,6:21,MISS James Free Throw 2 of 2,,,,,4.0,2544,LeBron James,1610612739.0,Cleveland,Cavaliers,CLE,0,0,,,,,,0,0,,,,,
0021500021,67,4,0,1,7:22 PM,6:20,,,Whiteside REBOUND (Off:1 Def:3),,,5.0,202355,Hassan Whiteside,1610612748.0,Miami,Heat,MIA,0,0,,,,,,0,0,,,,,
0021500021,69,1,1,1,7:22 PM,6:06,,,Bosh 19' Jump Shot (5 PTS) (Dragic 3 AST),12 - 12,TIE,5.0,2547,Chris Bosh,1610612748.0,Miami,Heat,MIA,5,201609,Goran Dragic,1610612748.0,Miami,Heat,MIA,0,0,,,,,
0021500021,70,1,1,1,7:22 PM,5:48,Williams 17' Jump Shot (2 PTS) (James 1 AST),,,12 - 14,2,4.0,2590,Mo Williams,1610612739.0,Cleveland,Cavaliers,CLE,4,2544,LeBron James,1610612739.0,Cleveland,Cavaliers,CLE,0,0,,,,,
0021500021,71,2,82,1,7:22 PM,5:31,,,MISS Dragic 8' Driving Bank Shot,,,5.0,201609,Goran Dragic,1610612748.0,Miami,Heat,MIA,0,0,,,,,,0,0,,,,,
0021500021,72,4,0,1,7:22 PM,5:30,Mozgov REBOUND (Off:0 Def:3),,,,,4.0,202389,Timofey Mozgov,1610612739.0,Cleveland,Cavaliers,CLE,0,0,,,,,,0,0,,,,,
0021500021,73,2,5,1,7:23 PM,5:16,MISS Mozgov 2' Layup,,,,,4.0,202389,Timofey Mozgov,1610612739.0,Cleveland,Cavaliers,CLE,0,0,,,,,,0,0,,,,,
0021500021,74,4,0,1,7:23 PM,5:16,,,Whiteside REBOUND (Off:1 Def:4),,,5.0,202355,Hassan Whiteside,1610612748.0,Miami,Heat,MIA,0,0,,,,,,0,0,,,,,
0021500021,75,1,98,1,7:23 PM,5:12,,,Whiteside 1' Cutting Layup Shot (4 PTS) (Dragic 4 AST),14 - 14,TIE,5.0,202355,Hassan Whiteside,1610612748.0,Miami,Heat,MIA,5,201609,Goran Dragic,1610612748.0,Miami,Heat,MIA,0,0,,,,,
0021500021,76,6,2,1,7:23 PM,5:12,Mozgov S.FOUL (P1.T2) (D.Crawford),,,,,4.0,202389,Timofey Mozgov,1610612739.0,Cleveland,Cavaliers,CLE,5,202355,Hassan Whiteside,1610612748.0,Miami,Heat,MIA,1,0,,,,,
0021500021,77,9,1,1,7:23 PM,5:12,CAVALIERS Timeout: Regular (Full 1 Short 0),,,,,2.0,1610612739,,,,,,0,0,,,,,,0,0,,,,,
0021500021,81,3,10,1,7:26 PM,5:12,,,Whiteside Free Throw 1 of 1 (5 PTS),15 - 14,-1,5.0,202355,Hassan Whiteside,1610612748.0,Miami,Heat,MIA,0,0,,,,,,0,0,,,,,
0021500021,84,6,4,1,7:26 PM,5:04,James OFF.Foul (P1) (D.Crawford),,,,,4.0,2544,LeBron James,1610612739.0,Cleveland,Cavaliers,CLE,5,201609,Goran Dragic,1610612748.0,Miami,Heat,MIA,1,0,,,,,
0021500021,85,5,5,1,7:26 PM,5:04,James Foul Turnover (P1.T1),,,,,4.0,2544,LeBron James,1610612739.0,Cleveland,Cavaliers,CLE,0,0,,,,,,1,0,,,,,
0021500021,86,2,1,1,7:27 PM,4:55,,,MISS Dragic 25' 3PT Jump Shot,,,5.0,201609,Goran Dragic,1610612748.0,Miami,Heat,MIA,0,0,,,,,,0,0,,,,,
0021500021,87,4,0,1,7:27 PM,4:54,Love REBOUND (Off:4 Def:1),,,,,4.0,201567,Kevin Love,1610612739.0,Cleveland,Cavaliers,CLE,0,0,,,,,,0,0,,,,,
0021500021,89,1,80,1,7:27 PM,4:39,James 7' Step Back Jump Shot (8 PTS),,,15 - 16,1,4.0,2544,LeBron James,1610612739.0,Cleveland,Cavaliers,CLE,0,0,,,,,,0,0,,,,,
0021500021,90,5,45,1,7:28 PM,4:25,,,Wade Out of Bounds - Bad Pass Turnover Turnover (P3.T4),,,5.0,2548,Dwyane Wade,1610612748.0,Miami,Heat,MIA,0,0,,,,,,0,0,,,,,
0021500021,92,8,0,1,7:28 PM,4:25,SUB: Dellavedova FOR Williams,,,,,4.0,2590,Mo Williams,1610612739.0,Cleveland,Cavaliers,CLE,4,203521,Matthew Dellavedova,1610612739.0,Cleveland,Cavaliers,CLE,0,0,,,,,
0021500021,93,8,0,1,7:28 PM,4:25,,,SUB: Chalmers FOR Dragic,,,5.0,201609,Goran Dragic,1610612748.0,Miami,Heat,MIA,5,201596,Mario Chalmers,1610612748.0,Miami,Heat,MIA,0,0,,,,,
0021500021,94,1,86,1,7:29 PM,4:01,James 12' Turnaround Fadeaway (10 PTS),,,15 - 18,3,4.0,2544,LeBron James,1610612739.0,Cleveland,Cavaliers,CLE,0,0,,,,,,0,0,,,,,
0021500021,95,9,1,1,7:29 PM,3:55,,,Heat Timeout: Regular (Reg.1 Short 0),,,3.0,1610612748,,,,,,0,0,,,,,,0,0,,,,,
0021500021,97,8,0,1,7:32 PM,3:55,SUB: Jefferson FOR James,,,,,4.0,2544,LeBron James,1610612739.0,Cleveland,Cavaliers,CLE,4,2210,Richard Jefferson,1610612739.0,Cleveland,Cavaliers,CLE,0,0,,,,,
0021500021,98,8,0,1,7:32 PM,3:55,SUB: Thompson FOR Mozgov,,,,,4.0,202389,Timofey Mozgov,1610612739.0,Cleveland,Cavaliers,CLE,4,202684,Tristan Thompson,1610612739.0,Cleveland,Cavaliers,CLE,0,0,,,,,
0021500021,99,8,0,1,7:32 PM,3:55,,,SUB: Green FOR Bosh,,,5.0,2547,Chris Bosh,1610612748.0,Miami,Heat,MIA,5,101123,Gerald Green,1610612748.0,Miami,Heat,MIA,0,0,,,,,
0021500021,100,8,0,1,7:32 PM,3:55,,,SUB: McRoberts FOR Wade,,,5.0,2548,Dwyane Wade,1610612748.0,Miami,Heat,MIA,5,201177,Josh McRoberts,1610612748.0,Miami,Heat,MIA,0,0,,,,,
0021500021,101,2,47,1,7:33 PM,3:40,,,MISS Whiteside 6' Turnaround Jump Shot,,,5.0,202355,Hassan Whiteside,1610612748.0,Miami,Heat,MIA,0,0,,,,,,0,0,,,,,
0021500021,102,4,0,1,7:33 PM,3:39,Thompson REBOUND (Off:0 Def:1),,,,,4.0,202684,Tristan Thompson,1610612739.0,Cleveland,Cavaliers,CLE,0,0,,,,,,0,0,,,,,
0021500021,103,1,1,1,7:34 PM,3:17,Smith 17' Jump Shot (2 PTS),,,15 - 20,5,4.0,2747,JR Smith,1610612739.0,Cleveland,Cavaliers,CLE,0,0,,,,,,0,0,,,,,
0021500021,104,1,42,1,7:34 PM,3:02,,,Winslow 3' Driving Layup (2 PTS) (Chalmers 1 AST),17 - 20,3,5.0,1626159,Justise Winslow,1610612748.0,Miami,Heat,MIA,5,201596,Mario Chalmers,1610612748.0,Miami,Heat,MIA,0,0,,,,,
0021500021,105,2,46,1,7:34 PM,2:46,MISS Smith 6' Running Jump Shot,,,,,4.0,2747,JR Smith,1610612739.0,Cleveland,Cavaliers,CLE,0,0,,,,,,0,0,,,,,
0021500021,106,4,0,1,7:34 PM,2:45,,,Winslow REBOUND (Off:0 Def:1),,,5.0,1626159,Justise Winslow,1610612748.0,Miami,Heat,MIA,0,0,,,,,,0,0,,,,,
0021500021,108,1,47,1,7:34 PM,2:34,,,Whiteside 6' Turnaround Jump Shot (7 PTS) (McRoberts 1 AST),19 - 20,1,5.0,202355,Hassan Whiteside,1610612748.0,Miami,Heat,MIA,5,201177,Josh McRoberts,1610612748.0,Miami,Heat,MIA,0,0,,,,,
0021500021,109,6,2,1,7:35 PM,2:23,,,McRoberts S.FOUL (P1.T4) (D.Crawford),,,5.0,201177,Josh McRoberts,1610612748.0,Miami,Heat,MIA,4,201567,Kevin Love,1610612739.0,Cleveland,Cavaliers,CLE,1,0,,,,,
0021500021,110,18,0,1,7:35 PM,2:23,,,,,,,109,Robert Horry,,,,,0,0,,,,,,1,0,,,,,
0021500021,111,3,11,1,7:35 PM,2:23,Love Free Throw 1 of 2 (5 PTS),,,19 - 21,2,4.0,201567,Kevin Love,1610612739.0,Cleveland,Cavaliers,CLE,0,0,,,,,,0,0,,,,,
0021500021,115,8,0,1,7:36 PM,2:23,,,SUB: Stoudemire FOR Whiteside,,,5.0,202355,Hassan Whiteside,1610612748.0,Miami,Heat,MIA,5,2405,Amar'e Stoudemire,1610612748.0,Miami,Heat,MIA,0,0,,,,,
0021500021,116,3,12,1,7:36 PM,2:23,Love Free Throw 2 of 2 (6 PTS),,,19 - 22,3,4.0,201567,Kevin Love,1610612739.0,Cleveland,Cavaliers,CLE,0,0,,,,,,0,0,,,,,
0021500021,119,2,1,1,7:36 PM,2:06,,,MISS McRoberts 26' 3PT Jump Shot,,,5.0,201177,Josh McRoberts,1610612748.0,Miami,Heat,MIA,0,0,,,,,,0,0,,,,,
0021500021,120,4,0,1,7:36 PM,2:06,Love REBOUND (Off:4 Def:2),,,,,4.0,201567,Kevin Love,1610612739.0,Cleveland,Cavaliers,CLE,0,0,,,,,,0,0,,,,,
0021500021,121,1,52,1,7:36 PM,1:52,Thompson  Alley Oop Dunk (2 PTS) (Dellavedova 1 AST),,,19 - 24,5,4.0,202684,Tristan Thompson,1610612739.0,Cleveland,Cavaliers,CLE,4,203521,Matthew Dellavedova,1610612739.0,Cleveland,Cavaliers,CLE,0,0,,,,,
0021500021,122,1,52,1,7:37 PM,1:33,,,McRoberts 2' Alley Oop Dunk (2 PTS) (Chalmers 2 AST),21 - 24,3,5.0,201177,Josh McRoberts,1610612748.0,Miami,Heat,MIA,5,201596,Mario Chalmers,1610612748.0,Miami,Heat,MIA,0,0,,,,,
0021500021,123,2,1,1,7:37 PM,1:10,MISS Smith 16' Jump Shot,,,,,4.0,2747,JR Smith,1610612739.0,Cleveland,Cavaliers,CLE,0,0,,,,,,0,0,,,,,
0021500021,124,4,0,1,7:37 PM,1:09,Dellavedova REBOUND (Off:1 Def:0),,,,,4.0,203521,Matthew Dellavedova,1610612739.0,Cleveland,Cavaliers,CLE,0,0,,,,,,0,0,,,,,
0021500021,125,1,5,1,7:37 PM,1:06,Love 1' Layup (8 PTS) (Thompson 1 AST),,,21 - 26,5,4.0,201567,Kevin Love,1610612739.0,Cleveland,Cavaliers,CLE,4,202684,Tristan Thompson,1610612739.0,Cleveland,Cavaliers,CLE,0,0,,,,,
0021500021,126,6,2,1,7:37 PM,1:06,,,Green S.FOUL (P1.PN) (D.Crawford),,,5.0,101123,Gerald Green,1610612748.0,Miami,Heat,MIA,4,201567,Kevin Love,1610612739.0,Cleveland,Cavaliers,CLE,1,0,,,,,
0021500021,127,8,0,1,7:38 PM,1:06,SUB: Cunningham FOR Smith,,,,,4.0,2747,JR Smith,1610612739.0,Cleveland,Cavaliers,CLE,4,203099,Jared Cunningham,1610612739.0,Cleveland,Cavaliers,CLE,0,0,,,,,
0021500021,128,3,10,1,7:38 PM,1:06,Love Free Throw 1 of 1 (9 PTS),,,21 - 27,6,4.0,201567,Kevin Love,1610612739.0,Cleveland,Cavaliers,CLE,0,0,,,,,,0,0,,,,,
0021500021,131,2,47,1,7:38 PM,0:43,,,MISS Stoudemire 5' Turnaround Jump Shot,,,5.0,2405,Amar'e Stoudemire,1610612748.0,Miami,Heat,MIA,0,0,,,,,,0,0,,,,,
0021500021,132,4,0,1,7:38 PM,0:42,Thompson REBOUND (Off:0 Def:2),,,,,4.0,202684,Tristan Thompson,1610612739.0,Cleveland,Cavaliers,CLE,0,0,,,,,,0,0,,,,,
0021500021,133,1,1,1,7:38 PM,0:35,Thompson 15' Jump Shot (4 PTS) (Dellavedova 2 AST),,,21 - 29,8,4.0,202684,Tristan Thompson,1610612739.0,Cleveland,Cavaliers,CLE,4,203521,Matthew Dellavedova,1610612739.0,Cleveland,Cavaliers,CLE,0,0,,,,,
0021500021,135,1,42,1,7:39 PM,0:23,,,Chalmers 1' Driving Layup (2 PTS),23 - 29,6,5.0,201596,Mario Chalmers,1610612748.0,Miami,Heat,MIA,0,0,,,,,,0,0,,,,,
0021500021,136,5,39,1,7:39 PM,0:01,Jefferson Step Out of Bounds Turnover (P1.T2),,,,,4.0,2210,Richard Jefferson,1610612739.0,Cleveland,Cavaliers,CLE,0,0,,,,,,1,0,,,,,
0021500021,137,2,1,1,7:40 PM,0:00,,,MISS Chalmers 59' 3PT Jump Shot,,,5.0,201596,Mario Chalmers,1610612748.0,Miami,Heat,MIA,0,0,,,,,,0,0,,,,,
0021500021,138,4,0,1,7:40 PM,0:00,,,Heat Rebound,,,3.0,1610612748,,,,,,0,0,,,,,,0,0,,,,,
0021500021,139,13,0,1,7:40 PM,0:00,,,,23 - 29,6,0.0,0,,,,,,0,0,,,,,,0,0,,,,,
0021500021,141,12,0,2,7:44 PM,12:00,,,,23 - 29,6,0.0,0,,,,,,0,0,,,,,,0,0,,,,,
0021500021,142,2,1,2,7:44 PM,11:48,,,MISS Green 16' Jump Shot,,,5.0,101123,Gerald Green,1610612748.0,Miami,Heat,MIA,0,0,,,,,,0,0,,,,,
0021500021,143,4,0,2,7:44 PM,11:48,CAVALIERS Rebound,,,,,2.0,1610612739,,,,,,0,0,,,,,,0,0,,,,,
0021500021,144,6,1,2,7:44 PM,11:48,,,Stoudemire P.FOUL (P1.T1) (T.Maddox),,,5.0,2405,Amar'e Stoudemire,1610612748.0,Miami,Heat,MIA,4,2760,Anderson Varejao,1610612739.0,Cleveland,Cavaliers,CLE,1,0,,,,,
0021500021,145,2,1,2,7:44 PM,11:28,MISS Dellavedova 26' 3PT Jump Shot,,,,,4.0,203521,Matthew Dellavedova,1610612739.0,Cleveland,Cavaliers,CLE,0,0,,,,,,0,0,,,,,
0021500021,146,4,0,2,7:44 PM,11:27,,,Stoudemire REBOUND (Off:0 Def:1),,,5.0,2405,Amar'e Stoudemire,1610612748.0,Miami,Heat,MIA,0,0,,,,,,0,0,,,,,
0021500021,147,6,4,2,7:45 PM,11:12,,,McRoberts OFF.Foul (P2) (R.Mott),,,5.0,201177,Josh McRoberts,1610612748.0,Miami,Heat,MIA,4,2760,Anderson Varejao,1610612739.0,Cleveland,Cavaliers,CLE,1,0,,,,,
0021500021,148,5,5,2,7:45 PM,11:12,,,McRoberts Foul Turnover (P1.T5),,,5.0,201177,Josh McRoberts,1610612748.0,Miami,Heat,MIA,0,0,,,,,,1,0,,,,,
0021500021,150,2,1,2,7:45 PM,10:57,MISS Jefferson 25' 3PT Jump Shot,,,,,4.0,2210,Richard Jefferson,1610612739.0,Cleveland,Cavaliers,CLE,0,0,,,,,,0,0,,,,,
0021500021,151,4,0,2,7:45 PM,10:56,,,McRoberts REBOUND (Off:0 Def:1),,,5.0,201177,Josh McRoberts,1610612748.0,Miami,Heat,MIA,0,0,,,,,,0,0,,,,,
0021500021,152,2,1,2,7:45 PM,10:38,,,MISS Chalmers 24' 3PT Jump Shot,,,5.0,201596,Mario Chalmers,1610612748.0,Miami,Heat,MIA,0,0,,,,,,0,0,,,,,
0021500021,153,4,0,2,7:45 PM,10:37,,,McRoberts REBOUND (Off:1 Def:1),,,5.0,201177,Josh McRoberts,1610612748.0,Miami,Heat,MIA,0,0,,,,,,0,0,,,,,
0021500021,154,6,2,2,7:46 PM,10:28,Jefferson S.FOUL (P1.T1) (D.Crawford),,,,,4.0,2210,Richard Jefferson,1610612739.0,Cleveland,Cavaliers,CLE,5,101123,Gerald Green,1610612748.0,Miami,Heat,MIA,1,0,,,,,
0021500021,155,3,11,2,7:46 PM,10:28,,,Green Free Throw 1 of 2 (1 PTS),24 - 29,5,5.0,101123,Gerald Green,1610612748.0,Miami,Heat,MIA,0,0,,,,,,0,0,,,,,
0021500021,159,8,0,2,7:46 PM,10:28,SUB: James FOR Cunningham,,,,,4.0,203099,Jared Cunningham,1610612739.0,Cleveland,Cavaliers,CLE,4,2544,LeBron James,1610612739.0,Cleveland,Cavaliers,CLE,0,0,,,,,
0021500021,160,3,12,2,7:46 PM,10:28,,,Green Free Throw 2 of 2 (2 PTS),25 - 29,4,5.0,101123,Gerald Green,1610612748.0,Miami,Heat,MIA,0,0,,,,,,0,0,,,,,
0021500021,163,1,86,2,7:47 PM,10:08,James 14' Turnaround Fadeaway (12 PTS),,,25 - 31,6,4.0,2544,LeBron James,1610612739.0,Cleveland,Cavaliers,CLE,0,0,,,,,,0,0,,,,,
0021500021,164,2,79,2,7:47 PM,9:56,,,MISS Green 11' Pullup Jump Shot,,,5.0,101123,Gerald Green,1610612748.0,Miami,Heat,MIA,0,0,,,,,,0,0,,,,,
0021500021,165,4,0,2,7:47 PM,9:55,Thompson REBOUND (Off:0 Def:3),,,,,4.0,202684,Tristan Thompson,1610612739.0,Cleveland,Cavaliers,CLE,0,0,,,,,,0,0,,,,,
0021500021,166,1,82,2,7:47 PM,9:47,James 9' Driving Bank Shot (14 PTS),,,25 - 33,8,4.0,2544,LeBron James,1610612739.0,Cleveland,Cavaliers,CLE,0,0,,,,,,0,0,,,,,
0021500021,167,2,1,2,7:47 PM,9:29,,,MISS Green 24' 3PT Jump Shot,,,5.0,101123,Gerald Green,1610612748.0,Miami,Heat,MIA,0,0,,,,,,0,0,,,,,
0021500021,168,4,0,2,7:47 PM,9:29,Thompson REBOUND (Off:0 Def:4),,,,,4.0,202684,Tristan Thompson,1610612739.0,Cleveland,Cavaliers,CLE,0,0,,,,,,0,0,,,,,
0021500021,169,1,1,2,7:48 PM,9:18,Dellavedova 26' 3PT Jump Shot (3 PTS) (James 2 AST),,,25 - 36,11,4.0,203521,Matthew Dellavedova,1610612739.0,Cleveland,Cavaliers,CLE,4,2544,LeBron James,1610612739.0,Cleveland,Cavaliers,CLE,0,0,,,,,
0021500021,171,9,1,2,7:48 PM,9:18,,,Heat Timeout: Regular (Reg.2 Short 0),,,3.0,1610612748,,,,,,0,0,,,,,,0,0,,,,,
0021500021,173,8,0,2,7:50 PM,9:18,,,SUB: Bosh FOR Winslow,,,5.0,1626159,Justise Winslow,1610612748.0,Miami,Heat,MIA,5,2547,Chris Bosh,1610612748.0,Miami,Heat,MIA,0,0,,,,,
0021500021,174,8,0,2,7:50 PM,9:18,,,SUB: Dragic FOR Chalmers,,,5.0,201596,Mario Chalmers,1610612748.0,Miami,Heat,MIA,5,201609,Goran Dragic,1610612748.0,Miami,Heat,MIA,0,0,,,,,
0021500021,175,8,0,2,7:50 PM,9:18,,,SUB: Deng FOR McRoberts,,,5.0,201177,Josh McRoberts,1610612748.0,Miami,Heat,MIA,5,2736,Luol Deng,1610612748.0,Miami,Heat,MIA,0,0,,,,,
0021500021,176,2,80,2,7:51 PM,8:54,,,MISS Bosh 12' Step Back Jump Shot,,,5.0,2547,Chris Bosh,1610612748.0,Miami,Heat,MIA,0,0,,,,,,0,0,,,,,
0021500021,177,4,0,2,7:51 PM,8:53,Varejao REBOUND (Off:0 Def:1),,,,,4.0,2760,Anderson Varejao,1610612739.0,Cleveland,Cavaliers,CLE,0,0,,,,,,0,0,,,,,
0021500021,178,2,1,2,7:51 PM,8:40,MISS Jefferson 13' Jump Shot,,,,,4.0,2210,Richard Jefferson,1610612739.0,Cleveland,Cavaliers,CLE,0,0,,,,,,0,0,,,,,
0021500021,179,4,0,2,7:51 PM,8:40,Thompson REBOUND (Off:1 Def:4),,,,,4.0,202684,Tristan Thompson,1610612739.0,Cleveland,Cavaliers,CLE,0,0,,,,,,0,0,,,,,
0021500021,180,2,1,2,7:51 PM,8:35,MISS James 26' 3PT Jump Shot,,,,,4.0,2544,LeBron James,1610612739.0,Cleveland,Cavaliers,CLE,0,0,,,,,,0,0,,,,,
0021500021,181,4,0,2,7:51 PM,8:35,,,Dragic REBOUND (Off:0 Def:1),,,5.0,201609,Goran Dragic,1610612748.0,Miami,Heat,MIA,0,0,,,,,,0,0,,,,,
0021500021,182,2,1,2,7:52 PM,8:15,,,MISS Green 12' Jump Shot,,,5.0,101123,Gerald Green,1610612748.0,Miami,Heat,MIA,0,0,,,,,,0,0,,,,,
0021500021,183,4,0,2,7:52 PM,8:15,,,Stoudemire REBOUND (Off:1 Def:1),,,5.0,2405,Amar'e Stoudemire,1610612748.0,Miami,Heat,MIA,0,0,,,,,,0,0,,,,,
0021500021,184,2,1,2,7:52 PM,8:13,,,MISS Deng 25' 3PT Jump Shot,,,5.0,2736,Luol Deng,1610612748.0,Miami,Heat,MIA,0,0,,,,,,0,0,,,,,
0021500021,185,4,0,2,7:52 PM,8:11,Dellavedova REBOUND (Off:1 Def:1),,,,,4.0,203521,Matthew Dellavedova,1610612739.0,Cleveland,Cavaliers,CLE,0,0,,,,,,0,0,,,,,
0021500021,186,2,78,2,7:52 PM,7:54,MISS Dellavedova 7' Floating Jump Shot,,,,,4.0,203521,Matthew Dellavedova,1610612739.0,Cleveland,Cavaliers,CLE,0,0,,,,,,0,0,,,,,
0021500021,187,4,0,2,7:52 PM,7:52,Varejao REBOUND (Off:1 Def:1),,,,,4.0,2760,Anderson Varejao,1610612739.0,Cleveland,Cavaliers,CLE,0,0,,,,,,0,0,,,,,
0021500021,188,2,1,2,7:52 PM,7:40,MISS Dellavedova 25' 3PT Jump Shot,,,,,4.0,203521,Matthew Dellavedova,1610612739.0,Cleveland,Cavaliers,CLE,0,0,,,,,,0,0,,,,,
0021500021,189,4,0,2,7:52 PM,7:39,,,Deng REBOUND (Off:0 Def:1),,,5.0,2736,Luol Deng,1610612748.0,Miami,Heat,MIA,0,0,,,,,,0,0,,,,,
0021500021,190,1,47,2,7:52 PM,7:27,,,Stoudemire 9' Turnaround Jump Shot (2 PTS),27 - 36,9,5.0,2405,Amar'e Stoudemire,1610612748.0,Miami,Heat,MIA,0,0,,,,,,0,0,,,,,
0021500021,191,1,5,2,7:53 PM,7:09,Thompson 1' Layup (6 PTS) (Dellavedova 3 AST),,,27 - 38,11,4.0,202684,Tristan Thompson,1610612739.0,Cleveland,Cavaliers,CLE,4,203521,Matthew Dellavedova,1610612739.0,Cleveland,Cavaliers,CLE,0,0,,,,,
0021500021,192,6,1,2,7:53 PM,6:59,Varejao P.FOUL (P1.T2) (T.Maddox),,,,,4.0,2760,Anderson Varejao,1610612739.0,Cleveland,Cavaliers,CLE,5,2405,Amar'e Stoudemire,1610612748.0,Miami,Heat,MIA,1,0,,,,,
0021500021,193,8,0,2,7:53 PM,6:59,,,SUB: Wade FOR Green,,,5.0,101123,Gerald Green,1610612748.0,Miami,Heat,MIA,5,2548,Dwyane Wade,1610612748.0,Miami,Heat,MIA,0,0,,,,,
0021500021,194,8,0,2,7:53 PM,6:59,,,SUB: Whiteside FOR Stoudemire,,,5.0,2405,Amar'e Stoudemire,1610612748.0,Miami,Heat,MIA,5,202355,Hassan Whiteside,1610612748.0,Miami,Heat,MIA,0,0,,,,,
0021500021,195,8,0,2,7:53 PM,6:59,SUB: Smith FOR Jefferson,,,,,4.0,2210,Richard Jefferson,1610612739.0,Cleveland,Cavaliers,CLE,4,2747,JR Smith,1610612739.0,Cleveland,Cavaliers,CLE,0,0,,,,,
0021500021,196,1,1,2,7:54 PM,6:44,,,Bosh 25' 3PT Jump Shot (8 PTS) (Wade 1 AST),30 - 38,8,5.0,2547,Chris Bosh,1610612748.0,Miami,Heat,MIA,5,2548,Dwyane Wade,1610612748.0,Miami,Heat,MIA,0,0,,,,,
0021500021,198,2,1,2,7:54 PM,6:30,MISS Smith 27' 3PT Jump Shot,,,,,4.0,2747,JR Smith,1610612739.0,Cleveland,Cavaliers,CLE,0,0,,,,,,0,0,,,,,
0021500021,199,4,0,2,7:54 PM,6:29,,,Deng REBOUND (Off:0 Def:2),,,5.0,2736,Luol Deng,1610612748.0,Miami,Heat,MIA,0,0,,,,,,0,0,,,,,
0021500021,200,2,5,2,7:54 PM,6:16,,,MISS Bosh 1' Layup,,,5.0,2547,Chris Bosh,1610612748.0,Miami,Heat,MIA,0,0,,,,,,0,0,,,,,
0021500021,201,4,0,2,7:54 PM,6:15,James REBOUND (Off:0 Def:1),,,,,4.0,2544,LeBron James,1610612739.0,Cleveland,Cavaliers,CLE,0,0,,,,,,0,0,,,,,
0021500021,202,6,4,2,7:54 PM,6:09,James OFF.Foul (P2) (D.Crawford),,,,,4.0,2544,LeBron James,1610612739.0,Cleveland,Cavaliers,CLE,5,2736,Luol Deng,1610612748.0,Miami,Heat,MIA,1,0,,,,,
0021500021,203,5,5,2,7:54 PM,6:09,James Foul Turnover (P2.T3),,,,,4.0,2544,LeBron James,1610612739.0,Cleveland,Cavaliers,CLE,0,0,,,,,,1,0,,,,,
0021500021,204,2,1,2,7:55 PM,5:53,,,MISS Dragic  3PT Jump Shot,,,5.0,201609,Goran Dragic,1610612748.0,Miami,Heat,MIA,0,0,,,,,,0,0,,,,,
0021500021,205,4,0,2,7:55 PM,5:53,James REBOUND (Off:0 Def:2),,,,,4.0,2544,LeBron James,1610612739.0,Cleveland,Cavaliers,CLE,0,0,,,,,,0,0,,,,,
0021500021,208,9,4,2,7:55 PM,5:52,,,,,,1.0,0,,,,,,0,0,,,,,,0,0,,,,,
0021500021,210,8,0,2,7:58 PM,5:52,SUB: Love FOR Thompson,,,,,4.0,202684,Tristan Thompson,1610612739.0,Cleveland,Cavaliers,CLE,4,201567,Kevin Love,1610612739.0,Cleveland,Cavaliers,CLE,0,0,,,,,
0021500021,211,2,1,2,7:58 PM,5:38,MISS Smith 26' 3PT Jump Shot,,,,,4.0,2747,JR Smith,1610612739.0,Cleveland,Cavaliers,CLE,0,0,,,,,,0,0,,,,,
0021500021,213,4,0,2,7:58 PM,5:37,James REBOUND (Off:1 Def:2),,,,,4.0,2544,LeBron James,1610612739.0,Cleveland,Cavaliers,CLE,0,0,,,,,,0,0,,,,,
0021500021,212,2,97,2,7:58 PM,5:37,MISS James 1' Tip Layup Shot,,,,,4.0,2544,LeBron James,1610612739.0,Cleveland,Cavaliers,CLE,0,0,,,,,,0,0,,,,,
0021500021,214,4,0,2,7:58 PM,5:35,,,Bosh REBOUND (Off:0 Def:2),,,5.0,2547,Chris Bosh,1610612748.0,Miami,Heat,MIA,0,0,,,,,,0,0,,,,,
0021500021,215,2,3,2,7:59 PM,5:25,,,MISS Wade 4' Hook Shot,,,5.0,2548,Dwyane Wade,1610612748.0,Miami,Heat,MIA,0,0,,,,,,0,0,,,,,
0021500021,216,4,0,2,7:59 PM,5:22,Varejao REBOUND (Off:1 Def:2),,,,,4.0,2760,Anderson Varejao,1610612739.0,Cleveland,Cavaliers,CLE,0,0,,,,,,0,0,,,,,
0021500021,218,8,0,2,7:59 PM,5:17,SUB: Williams FOR Dellavedova,,,,,4.0,203521,Matthew Dellavedova,1610612739.0,Cleveland,Cavaliers,CLE,4,2590,Mo Williams,1610612739.0,Cleveland,Cavaliers,CLE,0,0,,,,,
0021500021,219,5,1,2,7:59 PM,5:02,Smith Bad Pass Turnover (P1.T4),,Deng STEAL (1 STL),,,4.0,2747,JR Smith,1610612739.0,Cleveland,Cavaliers,CLE,5,2736,Luol Deng,1610612748.0,Miami,Heat,MIA,0,0,,,,,
0021500021,220,1,50,2,7:59 PM,4:57,,,Deng  Running Dunk (2 PTS),32 - 38,6,5.0,2736,Luol Deng,1610612748.0,Miami,Heat,MIA,0,0,,,,,,0,0,,,,,
0021500021,221,5,2,2,8:00 PM,4:40,Smith Lost Ball Turnover (P2.T5),,Wade STEAL (1 STL),,,4.0,2747,JR Smith,1610612739.0,Cleveland,Cavaliers,CLE,5,2548,Dwyane Wade,1610612748.0,Miami,Heat,MIA,0,0,,,,,
0021500021,222,1,5,2,8:00 PM,4:34,,,Bosh 1' Layup (10 PTS) (Deng 1 AST),34 - 38,4,5.0,2547,Chris Bosh,1610612748.0,Miami,Heat,MIA,5,2736,Luol Deng,1610612748.0,Miami,Heat,MIA,0,0,,,,,
0021500021,224,1,1,2,8:00 PM,4:10,James 19' Jump Shot (16 PTS),,,34 - 40,6,4.0,2544,LeBron James,1610612739.0,Cleveland,Cavaliers,CLE,0,0,,,,,,0,0,,,,,
0021500021,225,5,1,2,8:00 PM,3:55,James STEAL (1 STL),,Wade Bad Pass Turnover (P4.T6),,,5.0,2548,Dwyane Wade,1610612748.0,Miami,Heat,MIA,4,2544,LeBron James,1610612739.0,Cleveland,Cavaliers,CLE,0,0,,,,,
0021500021,226,1,1,2,8:01 PM,3:48,James 6' Jump Shot (18 PTS),,,34 - 42,8,4.0,2544,LeBron James,1610612739.0,Cleveland,Cavaliers,CLE,0,0,,,,,,0,0,,,,,
0021500021,228,8,0,2,8:01 PM,3:27,SUB: Mozgov FOR Varejao,,,,,4.0,2760,Anderson Varejao,1610612739.0,Cleveland,Cavaliers,CLE,4,202389,Timofey Mozgov,1610612739.0,Cleveland,Cavaliers,CLE,0,0,,,,,
0021500021,230,1,1,2,8:01 PM,3:23,,,Bosh 15' Jump Shot (12 PTS) (Wade 2 AST),36 - 42,6,5.0,2547,Chris Bosh,1610612748.0,Miami,Heat,MIA,5,2548,Dwyane Wade,1610612748.0,Miami,Heat,MIA,0,0,,,,,
0021500021,231,2,47,2,8:02 PM,2:59,MISS Mozgov 6' Turnaround Jump Shot,,Whiteside BLOCK (2 BLK),,,4.0,202389,Timofey Mozgov,1610612739.0,Cleveland,Cavaliers,CLE,0,0,,,,,,5,202355,Hassan Whiteside,1610612748.0,Miami,Heat,MIA
0021500021,232,4,0,2,8:02 PM,2:57,,,Deng REBOUND (Off:0 Def:3),,,5.0,2736,Luol Deng,1610612748.0,Miami,Heat,MIA,0,0,,,,,,0,0,,,,,
0021500021,233,2,1,2,8:02 PM,2:46,,,MISS Whiteside 19' Jump Shot,,,5.0,202355,Hassan Whiteside,1610612748.0,Miami,Heat,MIA,0,0,,,,,,0,0,,,,,
0021500021,234,4,0,2,8:02 PM,2:46,Love REBOUND (Off:4 Def:3),,,,,4.0,201567,Kevin Love,1610612739.0,Cleveland,Cavaliers,CLE,0,0,,,,,,0,0,,,,,
0021500021,235,1,1,2,8:02 PM,2:37,Love 25' 3PT Jump Shot (12 PTS) (James 3 AST),,,36 - 45,9,4.0,201567,Kevin Love,1610612739.0,Cleveland,Cavaliers,CLE,4,2544,LeBron James,1610612739.0,Cleveland,Cavaliers,CLE,0,0,,,,,
0021500021,236,6,1,2,8:02 PM,2:27,Williams P.FOUL (P1.T3) (T.Maddox),,,,,4.0,2590,Mo Williams,1610612739.0,Cleveland,Cavaliers,CLE,5,201609,Goran Dragic,1610612748.0,Miami,Heat,MIA,1,0,,,,,
0021500021,237,9,1,2,8:03 PM,2:27,CAVALIERS Timeout: Regular (Full 2 Short 0),,,,,2.0,1610612739,,,,,,0,0,,,,,,0,0,,,,,
0021500021,241,2,1,2,8:06 PM,2:17,,,MISS Wade 17' Jump Shot,,,5.0,2548,Dwyane Wade,1610612748.0,Miami,Heat,MIA,0,0,,,,,,0,0,,,,,
0021500021,242,4,0,2,8:06 PM,2:16,,,Heat Rebound,,,3.0,1610612748,,,,,,0,0,,,,,,0,0,,,,,
0021500021,243,1,47,2,8:06 PM,2:04,,,Wade 14' Turnaround Jump Shot (7 PTS) (Deng 2 AST),38 - 45,7,5.0,2548,Dwyane Wade,1610612748.0,Miami,Heat,MIA,5,2736,Luol Deng,1610612748.0,Miami,Heat,MIA,0,0,,,,,
0021500021,244,2,57,2,8:07 PM,1:40,MISS James 5' Driving Hook Shot,,,,,4.0,2544,LeBron James,1610612739.0,Cleveland,Cavaliers,CLE,0,0,,,,,,0,0,,,,,
0021500021,245,4,0,2,8:07 PM,1:39,,,Dragic REBOUND (Off:0 Def:2),,,5.0,201609,Goran Dragic,1610612748.0,Miami,Heat,MIA,0,0,,,,,,0,0,,,,,
0021500021,246,2,1,2,8:07 PM,1:31,,,MISS Bosh 26' 3PT Jump Shot,,,5.0,2547,Chris Bosh,1610612748.0,Miami,Heat,MIA,0,0,,,,,,0,0,,,,,
0021500021,247,4,0,2,8:07 PM,1:30,Love REBOUND (Off:4 Def:4),,,,,4.0,201567,Kevin Love,1610612739.0,Cleveland,Cavaliers,CLE,0,0,,,,,,0,0,,,,,
0021500021,248,5,39,2,8:07 PM,1:24,Williams Step Out of Bounds Turnover (P1.T6),,,,,4.0,2590,Mo Williams,1610612739.0,Cleveland,Cavaliers,CLE,0,0,,,,,,1,0,,,,,
0021500021,249,8,0,2,8:07 PM,1:24,,,SUB: Winslow FOR Deng,,,5.0,2736,Luol Deng,1610612748.0,Miami,Heat,MIA,5,1626159,Justise Winslow,1610612748.0,Miami,Heat,MIA,0,0,,,,,
0021500021,250,8,0,2,8:07 PM,1:24,SUB: Jefferson FOR James,,,,,4.0,2544,LeBron James,1610612739.0,Cleveland,Cavaliers,CLE,4,2210,Richard Jefferson,1610612739.0,Cleveland,Cavaliers,CLE,0,0,,,,,
0021500021,251,6,2,2,8:07 PM,1:14,Smith S.FOUL (P1.T4) (T.Maddox),,,,,4.0,2747,JR Smith,1610612739.0,Cleveland,Cavaliers,CLE,5,2548,Dwyane Wade,1610612748.0,Miami,Heat,MIA,1,0,,,,,
0021500021,252,3,11,2,8:08 PM,1:14,,,Wade Free Throw 1 of 2 (8 PTS),39 - 45,6,5.0,2548,Dwyane Wade,1610612748.0,Miami,Heat,MIA,0,0,,,,,,0,0,,,,,
0021500021,254,3,12,2,8:08 PM,1:14,,,Wade Free Throw 2 of 2 (9 PTS),40 - 45,5,5.0,2548,Dwyane Wade,1610612748.0,Miami,Heat,MIA,0,0,,,,,,0,0,,,,,
0021500021,256,2,1,2,8:08 PM,1:01,MISS Love 24' 3PT Jump Shot,,,,,4.0,201567,Kevin Love,1610612739.0,Cleveland,Cavaliers,CLE,0,0,,,,,,0,0,,,,,
0021500021,257,4,0,2,8:08 PM,1:00,,,Whiteside REBOUND (Off:1 Def:5),,,5.0,202355,Hassan Whiteside,1610612748.0,Miami,Heat,MIA,0,0,,,,,,0,0,,,,,
0021500021,259,6,2,2,8:09 PM,0:52,Smith S.FOUL (P2.PN) (D.Crawford),,,,,4.0,2747,JR Smith,1610612739.0,Cleveland,Cavaliers,CLE,5,2548,Dwyane Wade,1610612748.0,Miami,Heat,MIA,1,0,,,,,
0021500021,260,3,11,2,8:09 PM,0:52,,,Wade Free Throw 1 of 2 (10 PTS),41 - 45,4,5.0,2548,Dwyane Wade,1610612748.0,Miami,Heat,MIA,0,0,,,,,,0,0,,,,,
0021500021,262,8,0,2,8:09 PM,0:52,SUB: Dellavedova FOR Smith,,,,,4.0,2747,JR Smith,1610612739.0,Cleveland,Cavaliers,CLE,4,203521,Matthew Dellavedova,1610612739.0,Cleveland,Cavaliers,CLE,0,0,,,,,
0021500021,263,3,12,2,8:09 PM,0:52,,,Wade Free Throw 2 of 2 (11 PTS),42 - 45,3,5.0,2548,Dwyane Wade,1610612748.0,Miami,Heat,MIA,0,0,,,,,,0,0,,,,,
0021500021,265,1,79,2,8:10 PM,0:39,Williams 17' Pullup Jump Shot (4 PTS),,,42 - 47,5,4.0,2590,Mo Williams,1610612739.0,Cleveland,Cavaliers,CLE,0,0,,,,,,0,0,,,,,
0021500021,266,2,47,2,8:10 PM,0:16,,,MISS Wade 6' Turnaround Jump Shot,,,5.0,2548,Dwyane Wade,1610612748.0,Miami,Heat,MIA,0,0,,,,,,0,0,,,,,
0021500021,267,4,0,2,8:10 PM,0:14,Love REBOUND (Off:4 Def:5),,,,,4.0,201567,Kevin Love,1610612739.0,Cleveland,Cavaliers,CLE,0,0,,,,,,0,0,,,,,
0021500021,269,2,1,2,8:10 PM,0:03,MISS Williams 25' 3PT Jump Shot,,,,,4.0,2590,Mo Williams,1610612739.0,Cleveland,Cavaliers,CLE,0,0,,,,,,0,0,,,,,
0021500021,270,4,0,2,8:11 PM,0:02,,,Bosh REBOUND (Off:0 Def:3),,,5.0,2547,Chris Bosh,1610612748.0,Miami,Heat,MIA,0,0,,,,,,0,0,,,,,
0021500021,271,13,0,2,8:11 PM,0:00,,,,42 - 47,5,0.0,0,,,,,,0,0,,,,,,0,0,,,,,
0021500021,273,12,0,3,8:27 PM,12:00,,,,42 - 47,5,0.0,0,,,,,,0,0,,,,,,0,0,,,,,
0021500021,274,1,5,3,8:27 PM,11:35,,,Bosh 1' Layup (14 PTS) (Whiteside 1 AST),44 - 47,3,5.0,2547,Chris Bosh,1610612748.0,Miami,Heat,MIA,5,202355,Hassan Whiteside,1610612748.0,Miami,Heat,MIA,0,0,,,,,
0021500021,275,2,63,3,8:27 PM,11:14,MISS Williams 6' Fadeaway Jumper,,,,,4.0,2590,Mo Williams,1610612739.0,Cleveland,Cavaliers,CLE,0,0,,,,,,0,0,,,,,
0021500021,276,4,0,3,8:27 PM,11:14,,,Whiteside REBOUND (Off:1 Def:6),,,5.0,202355,Hassan Whiteside,1610612748.0,Miami,Heat,MIA,0,0,,,,,,0,0,,,,,
0021500021,277,2,66,3,8:28 PM,11:04,,,MISS Dragic 5' Jump Bank Shot,,,5.0,201609,Goran Dragic,1610612748.0,Miami,Heat,MIA,0,0,,,,,,0,0,,,,,
0021500021,278,4,0,3,8:28 PM,11:02,Mozgov REBOUND (Off:0 Def:4),,,,,4.0,202389,Timofey Mozgov,1610612739.0,Cleveland,Cavaliers,CLE,0,0,,,,,,0,0,,,,,
0021500021,279,1,5,3,8:28 PM,10:52,Mozgov 2' Layup (4 PTS) (Williams 1 AST),,,44 - 49,5,4.0,202389,Timofey Mozgov,1610612739.0,Cleveland,Cavaliers,CLE,4,2590,Mo Williams,1610612739.0,Cleveland,Cavaliers,CLE,0,0,,,,,
0021500021,280,2,79,3,8:28 PM,10:27,,,MISS Dragic 8' Pullup Jump Shot,,,5.0,201609,Goran Dragic,1610612748.0,Miami,Heat,MIA,0,0,,,,,,0,0,,,,,
0021500021,281,4,0,3,8:28 PM,10:25,Love REBOUND (Off:4 Def:6),,,,,4.0,201567,Kevin Love,1610612739.0,Cleveland,Cavaliers,CLE,0,0,,,,,,0,0,,,,,
0021500021,282,2,1,3,8:29 PM,10:02,MISS Smith 16' Jump Shot,,,,,4.0,2747,JR Smith,1610612739.0,Cleveland,Cavaliers,CLE,0,0,,,,,,0,0,,,,,
0021500021,283,4,0,3,8:29 PM,10:02,Love REBOUND (Off:5 Def:6),,,,,4.0,201567,Kevin Love,1610612739.0,Cleveland,Cavaliers,CLE,0,0,,,,,,0,0,,,,,
0021500021,284,1,47,3,8:29 PM,9:43,Love 6' Turnaround Jump Shot (14 PTS) (Williams 2 AST),,,44 - 51,7,4.0,201567,Kevin Love,1610612739.0,Cleveland,Cavaliers,CLE,4,2590,Mo Williams,1610612739.0,Cleveland,Cavaliers,CLE,0,0,,,,,
0021500021,285,2,1,3,8:29 PM,9:32,,,MISS Deng 19' Jump Shot,,,5.0,2736,Luol Deng,1610612748.0,Miami,Heat,MIA,0,0,,,,,,0,0,,,,,
0021500021,286,4,0,3,8:29 PM,9:31,Love REBOUND (Off:5 Def:7),,,,,4.0,201567,Kevin Love,1610612739.0,Cleveland,Cavaliers,CLE,0,0,,,,,,0,0,,,,,
0021500021,287,1,7,3,8:29 PM,9:25,James  Dunk (20 PTS) (Love 2 AST),,,44 - 53,9,4.0,2544,LeBron James,1610612739.0,Cleveland,Cavaliers,CLE,4,201567,Kevin Love,1610612739.0,Cleveland,Cavaliers,CLE,0,0,,,,,
0021500021,288,6,2,3,8:30 PM,9:03,Smith S.FOUL (P3.T1) (D.Crawford),,,,,4.0,2747,JR Smith,1610612739.0,Cleveland,Cavaliers,CLE,5,2548,Dwyane Wade,1610612748.0,Miami,Heat,MIA,1,0,,,,,
0021500021,289,3,11,3,8:30 PM,9:03,,,Wade Free Throw 1 of 2 (12 PTS),45 - 53,8,5.0,2548,Dwyane Wade,1610612748.0,Miami,Heat,MIA,0,0,,,,,,0,0,,,,,
0021500021,291,3,12,3,8:30 PM,9:03,,,Wade Free Throw 2 of 2 (13 PTS),46 - 53,7,5.0,2548,Dwyane Wade,1610612748.0,Miami,Heat,MIA,0,0,,,,,,0,0,,,,,
0021500021,294,2,1,3,8:31 PM,8:50,MISS Williams 20' Jump Shot,,Whiteside BLOCK (3 BLK),,,4.0,2590,Mo Williams,1610612739.0,Cleveland,Cavaliers,CLE,0,0,,,,,,5,202355,Hassan Whiteside,1610612748.0,Miami,Heat,MIA
0021500021,295,4,0,3,8:31 PM,8:49,Mozgov REBOUND (Off:1 Def:4),,,,,4.0,202389,Timofey Mozgov,1610612739.0,Cleveland,Cavaliers,CLE,0,0,,,,,,0,0,,,,,
0021500021,296,6,2,3,8:31 PM,8:49,,,Deng S.FOUL (P3.T1) (T.Maddox),,,5.0,2736,Luol Deng,1610612748.0,Miami,Heat,MIA,4,201567,Kevin Love,1610612739.0,Cleveland,Cavaliers,CLE,1,0,,,,,
0021500021,298,18,0,3,8:31 PM,8:49,,,,,,,296,Rick Fox,,,,,0,0,,,,,,1,0,,,,,
0021500021,297,3,11,3,8:32 PM,8:49,Love Free Throw 1 of 2 (15 PTS),,,46 - 54,8,4.0,201567,Kevin Love,1610612739.0,Cleveland,Cavaliers,CLE,0,0,,,,,,0,0,,,,,
0021500021,302,3,12,3,8:32 PM,8:49,Love Free Throw 2 of 2 (16 PTS),,,46 - 55,9,4.0,201567,Kevin Love,1610612739.0,Cleveland,Cavaliers,CLE,0,0,,,,,,0,0,,,,,
0021500021,305,2,78,3,8:32 PM,8:33,Mozgov BLOCK (1 BLK),,MISS Deng 5' Floating Jump Shot,,,5.0,2736,Luol Deng,1610612748.0,Miami,Heat,MIA,0,0,,,,,,4,202389,Timofey Mozgov,1610612739.0,Cleveland,Cavaliers,CLE
0021500021,306,4,0,3,8:33 PM,8:31,,,Deng REBOUND (Off:1 Def:3),,,5.0,2736,Luol Deng,1610612748.0,Miami,Heat,MIA,0,0,,,,,,0,0,,,,,
0021500021,307,2,1,3,8:33 PM,8:28,,,MISS Bosh 26' 3PT Jump Shot,,,5.0,2547,Chris Bosh,1610612748.0,Miami,Heat,MIA,0,0,,,,,,0,0,,,,,
0021500021,308,4,0,3,8:33 PM,8:27,James REBOUND (Off:1 Def:3),,,,,4.0,2544,LeBron James,1610612739.0,Cleveland,Cavaliers,CLE,0,0,,,,,,0,0,,,,,
0021500021,309,2,1,3,8:33 PM,8:09,MISS James 24' 3PT Jump Shot,,,,,4.0,2544,LeBron James,1610612739.0,Cleveland,Cavaliers,CLE,0,0,,,,,,0,0,,,,,
0021500021,310,4,0,3,8:33 PM,8:09,,,Bosh REBOUND (Off:0 Def:4),,,5.0,2547,Chris Bosh,1610612748.0,Miami,Heat,MIA,0,0,,,,,,0,0,,,,,
0021500021,311,1,1,3,8:33 PM,7:58,,,Wade 16' Jump Shot (15 PTS),48 - 55,7,5.0,2548,Dwyane Wade,1610612748.0,Miami,Heat,MIA,0,0,,,,,,0,0,,,,,
0021500021,312,2,1,3,8:33 PM,7:41,MISS Smith 25' 3PT Jump Shot,,,,,4.0,2747,JR Smith,1610612739.0,Cleveland,Cavaliers,CLE,0,0,,,,,,0,0,,,,,
0021500021,313,4,0,3,8:33 PM,7:40,,,Whiteside REBOUND (Off:1 Def:7),,,5.0,202355,Hassan Whiteside,1610612748.0,Miami,Heat,MIA,0,0,,,,,,0,0,,,,,
0021500021,314,1,1,3,8:34 PM,7:19,,,Deng 24' 3PT Jump Shot (5 PTS) (Dragic 5 AST),51 - 55,4,5.0,2736,Luol Deng,1610612748.0,Miami,Heat,MIA,5,201609,Goran Dragic,1610612748.0,Miami,Heat,MIA,0,0,,,,,
0021500021,315,1,5,3,8:34 PM,7:00,Mozgov 1' Layup (6 PTS) (Love 3 AST),,,51 - 57,6,4.0,202389,Timofey Mozgov,1610612739.0,Cleveland,Cavaliers,CLE,4,201567,Kevin Love,1610612739.0,Cleveland,Cavaliers,CLE,0,0,,,,,
0021500021,316,6,2,3,8:34 PM,6:46,Smith S.FOUL (P4.T2) (T.Maddox),,,,,4.0,2747,JR Smith,1610612739.0,Cleveland,Cavaliers,CLE,5,2548,Dwyane Wade,1610612748.0,Miami,Heat,MIA,1,0,,,,,
0021500021,317,3,11,3,8:35 PM,6:46,,,Wade Free Throw 1 of 2 (16 PTS),52 - 57,5,5.0,2548,Dwyane Wade,1610612748.0,Miami,Heat,MIA,0,0,,,,,,0,0,,,,,
0021500021,319,8,0,3,8:35 PM,6:46,SUB: Dellavedova FOR Smith,,,,,4.0,2747,JR Smith,1610612739.0,Cleveland,Cavaliers,CLE,4,203521,Matthew Dellavedova,1610612739.0,Cleveland,Cavaliers,CLE,0,0,,,,,
0021500021,320,3,12,3,8:35 PM,6:46,,,Wade Free Throw 2 of 2 (17 PTS),53 - 57,4,5.0,2548,Dwyane Wade,1610612748.0,Miami,Heat,MIA,0,0,,,,,,0,0,,,,,
0021500021,323,1,5,3,8:36 PM,6:27,Mozgov 1' Layup (8 PTS) (Love 4 AST),,,53 - 59,6,4.0,202389,Timofey Mozgov,1610612739.0,Cleveland,Cavaliers,CLE,4,201567,Kevin Love,1610612739.0,Cleveland,Cavaliers,CLE,0,0,,,,,
0021500021,324,6,2,3,8:36 PM,6:27,,,Whiteside S.FOUL (P1.T2) (T.Maddox),,,5.0,202355,Hassan Whiteside,1610612748.0,Miami,Heat,MIA,4,202389,Timofey Mozgov,1610612739.0,Cleveland,Cavaliers,CLE,1,0,,,,,
0021500021,325,3,10,3,8:36 PM,6:27,Mozgov Free Throw 1 of 1 (9 PTS),,,53 - 60,7,4.0,202389,Timofey Mozgov,1610612739.0,Cleveland,Cavaliers,CLE,0,0,,,,,,0,0,,,,,
0021500021,327,5,4,3,8:36 PM,6:15,,,Whiteside Traveling Turnover (P1.T7),,,5.0,202355,Hassan Whiteside,1610612748.0,Miami,Heat,MIA,0,0,,,,,,1,0,,,,,
0021500021,328,2,1,3,8:37 PM,6:00,MISS Williams 10' Jump Shot,,,,,4.0,2590,Mo Williams,1610612739.0,Cleveland,Cavaliers,CLE,0,0,,,,,,0,0,,,,,
0021500021,329,4,0,3,8:37 PM,5:59,,,Dragic REBOUND (Off:0 Def:3),,,5.0,201609,Goran Dragic,1610612748.0,Miami,Heat,MIA,0,0,,,,,,0,0,,,,,
0021500021,330,1,44,3,8:37 PM,5:50,,,Deng 1' Reverse Layup (7 PTS) (Dragic 6 AST),55 - 60,5,5.0,2736,Luol Deng,1610612748.0,Miami,Heat,MIA,5,201609,Goran Dragic,1610612748.0,Miami,Heat,MIA,0,0,,,,,
0021500021,331,6,4,3,8:37 PM,5:28,Mozgov OFF.Foul (P2) (R.Mott),,,,,4.0,202389,Timofey Mozgov,1610612739.0,Cleveland,Cavaliers,CLE,5,202355,Hassan Whiteside,1610612748.0,Miami,Heat,MIA,1,0,,,,,
0021500021,332,5,5,3,8:37 PM,5:28,Mozgov Foul Turnover (P1.T7),,,,,4.0,202389,Timofey Mozgov,1610612739.0,Cleveland,Cavaliers,CLE,0,0,,,,,,1,0,,,,,
0021500021,334,9,1,3,8:38 PM,5:28,CAVALIERS Timeout: Regular (Full 3 Short 0),,,,,2.0,1610612739,,,,,,0,0,,,,,,0,0,,,,,
0021500021,335,8,0,3,8:40 PM,5:28,SUB: Thompson FOR Mozgov,,,,,4.0,202389,Timofey Mozgov,1610612739.0,Cleveland,Cavaliers,CLE,4,202684,Tristan Thompson,1610612739.0,Cleveland,Cavaliers,CLE,0,0,,,,,
0021500021,337,1,49,3,8:41 PM,5:15,,,Wade  Driving Dunk (19 PTS) (Bosh 1 AST),57 - 60,3,5.0,2548,Dwyane Wade,1610612748.0,Miami,Heat,MIA,5,2547,Chris Bosh,1610612748.0,Miami,Heat,MIA,0,0,,,,,
0021500021,338,5,40,3,8:41 PM,5:00,James Out of Bounds Lost Ball Turnover (P3.T8),,,,,4.0,2544,LeBron James,1610612739.0,Cleveland,Cavaliers,CLE,0,0,,,,,,0,0,,,,,
0021500021,339,2,1,3,8:41 PM,4:47,,,MISS Wade 15' Jump Shot,,,5.0,2548,Dwyane Wade,1610612748.0,Miami,Heat,MIA,0,0,,,,,,0,0,,,,,
0021500021,340,4,0,3,8:41 PM,4:47,Dellavedova REBOUND (Off:1 Def:2),,,,,4.0,203521,Matthew Dellavedova,1610612739.0,Cleveland,Cavaliers,CLE,0,0,,,,,,0,0,,,,,
0021500021,341,6,1,3,8:42 PM,4:47,,,Whiteside P.FOUL (P2.T3) (T.Maddox),,,5.0,202355,Hassan Whiteside,1610612748.0,Miami,Heat,MIA,4,203521,Matthew Dellavedova,1610612739.0,Cleveland,Cavaliers,CLE,1,0,,,,,
0021500021,342,8,0,3,8:42 PM,4:47,,,SUB: Green FOR Wade,,,5.0,2548,Dwyane Wade,1610612748.0,Miami,Heat,MIA,5,101123,Gerald Green,1610612748.0,Miami,Heat,MIA,0,0,,,,,
0021500021,344,1,1,3,8:42 PM,4:35,Love 25' 3PT Jump Shot (19 PTS) (Dellavedova 4 AST),,,57 - 63,6,4.0,201567,Kevin Love,1610612739.0,Cleveland,Cavaliers,CLE,4,203521,Matthew Dellavedova,1610612739.0,Cleveland,Cavaliers,CLE,0,0,,,,,
0021500021,345,1,42,3,8:42 PM,4:20,,,Dragic 1' Driving Layup (2 PTS),59 - 63,4,5.0,201609,Goran Dragic,1610612748.0,Miami,Heat,MIA,0,0,,,,,,0,0,,,,,
0021500021,346,1,1,3,8:42 PM,4:05,Love 26' 3PT Jump Shot (22 PTS) (Williams 3 AST),,,59 - 66,7,4.0,201567,Kevin Love,1610612739.0,Cleveland,Cavaliers,CLE,4,2590,Mo Williams,1610612739.0,Cleveland,Cavaliers,CLE,0,0,,,,,
0021500021,347,5,2,3,8:43 PM,3:48,Williams STEAL (1 STL),,Dragic Lost Ball Turnover (P1.T8),,,5.0,201609,Goran Dragic,1610612748.0,Miami,Heat,MIA,4,2590,Mo Williams,1610612739.0,Cleveland,Cavaliers,CLE,0,0,,,,,
0021500021,348,5,1,3,8:43 PM,3:43,James Bad Pass Turnover (P4.T9),,Bosh STEAL (1 STL),,,4.0,2544,LeBron James,1610612739.0,Cleveland,Cavaliers,CLE,5,2547,Chris Bosh,1610612748.0,Miami,Heat,MIA,0,0,,,,,
0021500021,349,2,1,3,8:43 PM,3:36,,,MISS Green 24' 3PT Jump Shot,,,5.0,101123,Gerald Green,1610612748.0,Miami,Heat,MIA,0,0,,,,,,0,0,,,,,
0021500021,350,4,0,3,8:43 PM,3:35,,,Deng REBOUND (Off:2 Def:3),,,5.0,2736,Luol Deng,1610612748.0,Miami,Heat,MIA,0,0,,,,,,0,0,,,,,
0021500021,351,6,2,3,8:43 PM,3:35,Thompson S.FOUL (P1.T3) (D.Crawford),,,,,4.0,202684,Tristan Thompson,1610612739.0,Cleveland,Cavaliers,CLE,5,2736,Luol Deng,1610612748.0,Miami,Heat,MIA,1,0,,,,,
0021500021,352,3,11,3,8:43 PM,3:35,,,Deng Free Throw 1 of 2 (8 PTS),60 - 66,6,5.0,2736,Luol Deng,1610612748.0,Miami,Heat,MIA,0,0,,,,,,0,0,,,,,
0021500021,354,8,0,3,8:44 PM,3:35,,,SUB: Chalmers FOR Dragic,,,5.0,201609,Goran Dragic,1610612748.0,Miami,Heat,MIA,5,201596,Mario Chalmers,1610612748.0,Miami,Heat,MIA,0,0,,,,,
0021500021,355,8,0,3,8:44 PM,3:35,,,SUB: McRoberts FOR Bosh,,,5.0,2547,Chris Bosh,1610612748.0,Miami,Heat,MIA,5,201177,Josh McRoberts,1610612748.0,Miami,Heat,MIA,0,0,,,,,
0021500021,356,8,0,3,8:44 PM,3:35,SUB: Varejao FOR Love,,,,,4.0,201567,Kevin Love,1610612739.0,Cleveland,Cavaliers,CLE,4,2760,Anderson Varejao,1610612739.0,Cleveland,Cavaliers,CLE,0,0,,,,,
0021500021,357,3,12,3,8:44 PM,3:35,,,MISS Deng Free Throw 2 of 2,,,5.0,2736,Luol Deng,1610612748.0,Miami,Heat,MIA,0,0,,,,,,0,0,,,,,
0021500021,359,4,0,3,8:44 PM,3:34,Thompson REBOUND (Off:1 Def:5),,,,,4.0,202684,Tristan Thompson,1610612739.0,Cleveland,Cavaliers,CLE,0,0,,,,,,0,0,,,,,
0021500021,361,2,1,3,8:44 PM,3:17,MISS Williams 16' Jump Shot,,,,,4.0,2590,Mo Williams,1610612739.0,Cleveland,Cavaliers,CLE,0,0,,,,,,0,0,,,,,
0021500021,362,4,0,3,8:44 PM,3:17,Varejao REBOUND (Off:2 Def:2),,,,,4.0,2760,Anderson Varejao,1610612739.0,Cleveland,Cavaliers,CLE,0,0,,,,,,0,0,,,,,
0021500021,363,1,44,3,8:44 PM,3:12,James 2' Reverse Layup (22 PTS) (Dellavedova 5 AST),,,60 - 68,8,4.0,2544,LeBron James,1610612739.0,Cleveland,Cavaliers,CLE,4,203521,Matthew Dellavedova,1610612739.0,Cleveland,Cavaliers,CLE,0,0,,,,,
0021500021,364,1,1,3,8:45 PM,2:46,,,Green 24' 3PT Jump Shot (5 PTS) (Whiteside 2 AST),63 - 68,5,5.0,101123,Gerald Green,1610612748.0,Miami,Heat,MIA,5,202355,Hassan Whiteside,1610612748.0,Miami,Heat,MIA,0,0,,,,,
0021500021,365,1,1,3,8:45 PM,2:15,Varejao 17' Jump Shot (2 PTS) (James 4 AST),,,63 - 70,7,4.0,2760,Anderson Varejao,1610612739.0,Cleveland,Cavaliers,CLE,4,2544,LeBron James,1610612739.0,Cleveland,Cavaliers,CLE,0,0,,,,,
0021500021,367,9,1,3,8:46 PM,2:03,,,Heat Timeout: Regular (Reg.3 Short 0),,,3.0,1610612748,,,,,,0,0,,,,,,0,0,,,,,
0021500021,369,8,0,3,8:48 PM,2:03,SUB: Jefferson FOR James,,,,,4.0,2544,LeBron James,1610612739.0,Cleveland,Cavaliers,CLE,4,2210,Richard Jefferson,1610612739.0,Cleveland,Cavaliers,CLE,0,0,,,,,
0021500021,370,2,1,3,8:49 PM,1:50,,,MISS Green 26' 3PT Jump Shot,,,5.0,101123,Gerald Green,1610612748.0,Miami,Heat,MIA,0,0,,,,,,0,0,,,,,
0021500021,371,4,0,3,8:49 PM,1:49,Thompson REBOUND (Off:1 Def:6),,,,,4.0,202684,Tristan Thompson,1610612739.0,Cleveland,Cavaliers,CLE,0,0,,,,,,0,0,,,,,
0021500021,372,1,52,3,8:49 PM,1:36,Thompson  Alley Oop Dunk (8 PTS) (Dellavedova 6 AST),,,63 - 72,9,4.0,202684,Tristan Thompson,1610612739.0,Cleveland,Cavaliers,CLE,4,203521,Matthew Dellavedova,1610612739.0,Cleveland,Cavaliers,CLE,0,0,,,,,
0021500021,373,6,2,3,8:49 PM,1:24,Williams S.FOUL (P2.T4) (T.Maddox),,,,,4.0,2590,Mo Williams,1610612739.0,Cleveland,Cavaliers,CLE,5,201596,Mario Chalmers,1610612748.0,Miami,Heat,MIA,1,0,,,,,
0021500021,374,3,11,3,8:50 PM,1:24,,,Chalmers Free Throw 1 of 2 (3 PTS),64 - 72,8,5.0,201596,Mario Chalmers,1610612748.0,Miami,Heat,MIA,0,0,,,,,,0,0,,,,,
0021500021,376,8,0,3,8:50 PM,1:24,,,SUB: Stoudemire FOR Whiteside,,,5.0,202355,Hassan Whiteside,1610612748.0,Miami,Heat,MIA,5,2405,Amar'e Stoudemire,1610612748.0,Miami,Heat,MIA,0,0,,,,,
0021500021,377,8,0,3,8:50 PM,1:24,,,SUB: Winslow FOR Deng,,,5.0,2736,Luol Deng,1610612748.0,Miami,Heat,MIA,5,1626159,Justise Winslow,1610612748.0,Miami,Heat,MIA,0,0,,,,,
0021500021,378,8,0,3,8:50 PM,1:24,SUB: Cunningham FOR Williams,,,,,4.0,2590,Mo Williams,1610612739.0,Cleveland,Cavaliers,CLE,4,203099,Jared Cunningham,1610612739.0,Cleveland,Cavaliers,CLE,0,0,,,,,
0021500021,379,3,12,3,8:50 PM,1:24,,,Chalmers Free Throw 2 of 2 (4 PTS),65 - 72,7,5.0,201596,Mario Chalmers,1610612748.0,Miami,Heat,MIA,0,0,,,,,,0,0,,,,,
0021500021,382,1,1,3,8:51 PM,1:07,Thompson 7' Jump Shot (10 PTS) (Cunningham 1 AST),,,65 - 74,9,4.0,202684,Tristan Thompson,1610612739.0,Cleveland,Cavaliers,CLE,4,203099,Jared Cunningham,1610612739.0,Cleveland,Cavaliers,CLE,0,0,,,,,
0021500021,383,1,1,3,8:51 PM,0:52,,,Chalmers 13' Jump Shot (6 PTS) (Winslow 1 AST),67 - 74,7,5.0,201596,Mario Chalmers,1610612748.0,Miami,Heat,MIA,5,1626159,Justise Winslow,1610612748.0,Miami,Heat,MIA,0,0,,,,,
0021500021,384,1,99,3,8:51 PM,0:43,Cunningham  Cutting Finger Roll Layup Shot (2 PTS) (Dellavedova 7 AST),,,67 - 76,9,4.0,203099,Jared Cunningham,1610612739.0,Cleveland,Cavaliers,CLE,4,203521,Matthew Dellavedova,1610612739.0,Cleveland,Cavaliers,CLE,0,0,,,,,
0021500021,385,2,44,3,8:52 PM,0:24,,,MISS Green 1' Reverse Layup,,,5.0,101123,Gerald Green,1610612748.0,Miami,Heat,MIA,0,0,,,,,,0,0,,,,,
0021500021,386,4,0,3,8:52 PM,0:23,Varejao REBOUND (Off:2 Def:3),,,,,4.0,2760,Anderson Varejao,1610612739.0,Cleveland,Cavaliers,CLE,0,0,,,,,,0,0,,,,,
0021500021,387,2,1,3,8:52 PM,0:01,MISS Cunningham 25' 3PT Jump Shot,,,,,4.0,203099,Jared Cunningham,1610612739.0,Cleveland,Cavaliers,CLE,0,0,,,,,,0,0,,,,,
0021500021,391,4,0,3,8:52 PM,0:00,CAVALIERS Rebound,,,,,2.0,1610612739,,,,,,0,0,,,,,,0,0,,,,,
0021500021,389,13,0,3,8:52 PM,0:00,,,,67 - 76,9,0.0,0,,,,,,0,0,,,,,,0,0,,,,,
0021500021,392,12,0,4,8:56 PM,12:00,,,,67 - 76,9,0.0,0,,,,,,0,0,,,,,,0,0,,,,,
0021500021,393,1,42,4,8:56 PM,11:44,Cunningham 1' Driving Layup (4 PTS),,,67 - 78,11,4.0,203099,Jared Cunningham,1610612739.0,Cleveland,Cavaliers,CLE,0,0,,,,,,0,0,,,,,
0021500021,394,5,4,4,8:56 PM,11:27,,,Green Traveling Turnover (P1.T9),,,5.0,101123,Gerald Green,1610612748.0,Miami,Heat,MIA,0,0,,,,,,1,0,,,,,
0021500021,395,2,1,4,8:57 PM,11:09,MISS Jefferson 6' Jump Shot,,,,,4.0,2210,Richard Jefferson,1610612739.0,Cleveland,Cavaliers,CLE,0,0,,,,,,0,0,,,,,
0021500021,396,4,0,4,8:57 PM,11:09,CAVALIERS Rebound,,,,,2.0,1610612739,,,,,,0,0,,,,,,0,0,,,,,
0021500021,397,6,3,4,8:57 PM,11:09,,,Stoudemire L.B.FOUL (P2.T1) (D.Crawford),,,5.0,2405,Amar'e Stoudemire,1610612748.0,Miami,Heat,MIA,4,202684,Tristan Thompson,1610612739.0,Cleveland,Cavaliers,CLE,1,0,,,,,
0021500021,398,2,1,4,8:57 PM,11:01,MISS Dellavedova 24' 3PT Jump Shot,,,,,4.0,203521,Matthew Dellavedova,1610612739.0,Cleveland,Cavaliers,CLE,0,0,,,,,,0,0,,,,,
0021500021,399,4,0,4,8:57 PM,10:58,,,Green REBOUND (Off:0 Def:1),,,5.0,101123,Gerald Green,1610612748.0,Miami,Heat,MIA,0,0,,,,,,0,0,,,,,
0021500021,400,2,78,4,8:58 PM,10:52,,,MISS Chalmers 6' Floating Jump Shot,,,5.0,201596,Mario Chalmers,1610612748.0,Miami,Heat,MIA,0,0,,,,,,0,0,,,,,
0021500021,401,4,0,4,8:58 PM,10:50,Thompson REBOUND (Off:1 Def:7),,,,,4.0,202684,Tristan Thompson,1610612739.0,Cleveland,Cavaliers,CLE,0,0,,,,,,0,0,,,,,
0021500021,402,1,1,4,8:58 PM,10:43,Jefferson  3PT Jump Shot (3 PTS) (Dellavedova 8 AST),,,67 - 81,14,4.0,2210,Richard Jefferson,1610612739.0,Cleveland,Cavaliers,CLE,4,203521,Matthew Dellavedova,1610612739.0,Cleveland,Cavaliers,CLE,0,0,,,,,
0021500021,403,6,1,4,8:58 PM,10:35,Cunningham P.FOUL (P1.T1) (R.Mott),,,,,4.0,203099,Jared Cunningham,1610612739.0,Cleveland,Cavaliers,CLE,5,101123,Gerald Green,1610612748.0,Miami,Heat,MIA,1,0,,,,,
0021500021,404,2,1,4,8:58 PM,10:31,,,MISS Green 16' Jump Shot,,,5.0,101123,Gerald Green,1610612748.0,Miami,Heat,MIA,0,0,,,,,,0,0,,,,,
0021500021,405,4,0,4,8:58 PM,10:30,Varejao REBOUND (Off:2 Def:4),,,,,4.0,2760,Anderson Varejao,1610612739.0,Cleveland,Cavaliers,CLE,0,0,,,,,,0,0,,,,,
0021500021,406,2,1,4,8:59 PM,10:20,MISS Varejao 15' Jump Shot,,,,,4.0,2760,Anderson Varejao,1610612739.0,Cleveland,Cavaliers,CLE,0,0,,,,,,0,0,,,,,
0021500021,407,4,0,4,8:59 PM,10:19,,,Winslow REBOUND (Off:0 Def:2),,,5.0,1626159,Justise Winslow,1610612748.0,Miami,Heat,MIA,0,0,,,,,,0,0,,,,,
0021500021,408,2,85,4,8:59 PM,9:59,,,MISS Winslow 4' Turnaround Bank Shot,,,5.0,1626159,Justise Winslow,1610612748.0,Miami,Heat,MIA,0,0,,,,,,0,0,,,,,
0021500021,409,4,0,4,8:59 PM,9:57,,,Stoudemire REBOUND (Off:2 Def:1),,,5.0,2405,Amar'e Stoudemire,1610612748.0,Miami,Heat,MIA,0,0,,,,,,0,0,,,,,
0021500021,410,1,42,4,8:59 PM,9:46,,,Chalmers 1' Driving Layup (8 PTS),69 - 81,12,5.0,201596,Mario Chalmers,1610612748.0,Miami,Heat,MIA,0,0,,,,,,0,0,,,,,
0021500021,412,6,2,4,8:59 PM,9:36,,,Winslow S.FOUL (P2.T2) (R.Mott),,,5.0,1626159,Justise Winslow,1610612748.0,Miami,Heat,MIA,4,202684,Tristan Thompson,1610612739.0,Cleveland,Cavaliers,CLE,1,0,,,,,
0021500021,413,3,11,4,9:00 PM,9:36,Thompson Free Throw 1 of 2 (11 PTS),,,69 - 82,13,4.0,202684,Tristan Thompson,1610612739.0,Cleveland,Cavaliers,CLE,0,0,,,,,,0,0,,,,,
0021500021,415,8,0,4,9:00 PM,9:36,,,SUB: Wade FOR Green,,,5.0,101123,Gerald Green,1610612748.0,Miami,Heat,MIA,5,2548,Dwyane Wade,1610612748.0,Miami,Heat,MIA,0,0,,,,,
0021500021,416,3,12,4,9:00 PM,9:36,MISS Thompson Free Throw 2 of 2,,,,,4.0,202684,Tristan Thompson,1610612739.0,Cleveland,Cavaliers,CLE,0,0,,,,,,0,0,,,,,
0021500021,418,4,0,4,9:00 PM,9:35,,,Heat Rebound,,,3.0,1610612748,,,,,,0,0,,,,,,0,0,,,,,
0021500021,419,6,26,4,9:01 PM,9:24,,,Wade Offensive Charge Foul (P2.T3) (D.Crawford),,,5.0,2548,Dwyane Wade,1610612748.0,Miami,Heat,MIA,4,2760,Anderson Varejao,1610612739.0,Cleveland,Cavaliers,CLE,1,0,,,,,
0021500021,420,5,5,4,9:01 PM,9:24,,,Wade Foul Turnover (P5.T10),,,5.0,2548,Dwyane Wade,1610612748.0,Miami,Heat,MIA,0,0,,,,,,1,0,,,,,
0021500021,422,2,1,4,9:01 PM,9:07,MISS Jefferson 19' Jump Shot,,,,,4.0,2210,Richard Jefferson,1610612739.0,Cleveland,Cavaliers,CLE,0,0,,,,,,0,0,,,,,
0021500021,423,4,0,4,9:01 PM,9:06,,,Chalmers REBOUND (Off:0 Def:1),,,5.0,201596,Mario Chalmers,1610612748.0,Miami,Heat,MIA,0,0,,,,,,0,0,,,,,
0021500021,424,2,1,4,9:01 PM,8:59,,,MISS Winslow 27' 3PT Jump Shot,,,5.0,1626159,Justise Winslow,1610612748.0,Miami,Heat,MIA,0,0,,,,,,0,0,,,,,
0021500021,425,4,0,4,9:01 PM,8:58,Varejao REBOUND (Off:2 Def:5),,,,,4.0,2760,Anderson Varejao,1610612739.0,Cleveland,Cavaliers,CLE,0,0,,,,,,0,0,,,,,
0021500021,426,1,52,4,9:01 PM,8:50,Thompson  Alley Oop Dunk (13 PTS) (Dellavedova 9 AST),,,69 - 84,15,4.0,202684,Tristan Thompson,1610612739.0,Cleveland,Cavaliers,CLE,4,203521,Matthew Dellavedova,1610612739.0,Cleveland,Cavaliers,CLE,0,0,,,,,
0021500021,427,9,1,4,9:02 PM,8:50,,,Heat Timeout: Regular (Reg.4 Short 0),,,3.0,1610612748,,,,,,0,0,,,,,,0,0,,,,,
0021500021,429,8,0,4,9:04 PM,8:50,,,SUB: Bosh FOR McRoberts,,,5.0,201177,Josh McRoberts,1610612748.0,Miami,Heat,MIA,5,2547,Chris Bosh,1610612748.0,Miami,Heat,MIA,0,0,,,,,
0021500021,430,8,0,4,9:04 PM,8:50,,,SUB: Whiteside FOR Stoudemire,,,5.0,2405,Amar'e Stoudemire,1610612748.0,Miami,Heat,MIA,5,202355,Hassan Whiteside,1610612748.0,Miami,Heat,MIA,0,0,,,,,
0021500021,432,2,86,4,9:05 PM,8:31,,,MISS Wade 16' Turnaround Fadeaway Shot,,,5.0,2548,Dwyane Wade,1610612748.0,Miami,Heat,MIA,0,0,,,,,,0,0,,,,,
0021500021,433,4,0,4,9:05 PM,8:30,Varejao REBOUND (Off:2 Def:6),,,,,4.0,2760,Anderson Varejao,1610612739.0,Cleveland,Cavaliers,CLE,0,0,,,,,,0,0,,,,,
0021500021,434,6,1,4,9:05 PM,8:18,,,Chalmers P.FOUL (P1.T4) (D.Crawford),,,5.0,201596,Mario Chalmers,1610612748.0,Miami,Heat,MIA,4,202684,Tristan Thompson,1610612739.0,Cleveland,Cavaliers,CLE,1,0,,,,,
0021500021,435,8,0,4,9:05 PM,8:18,SUB: Love FOR Cunningham,,,,,4.0,203099,Jared Cunningham,1610612739.0,Cleveland,Cavaliers,CLE,4,201567,Kevin Love,1610612739.0,Cleveland,Cavaliers,CLE,0,0,,,,,
0021500021,436,8,0,4,9:05 PM,8:18,SUB: James FOR Varejao,,,,,4.0,2760,Anderson Varejao,1610612739.0,Cleveland,Cavaliers,CLE,4,2544,LeBron James,1610612739.0,Cleveland,Cavaliers,CLE,0,0,,,,,
0021500021,437,8,0,4,9:06 PM,8:18,,,SUB: Dragic FOR Chalmers,,,5.0,201596,Mario Chalmers,1610612748.0,Miami,Heat,MIA,5,201609,Goran Dragic,1610612748.0,Miami,Heat,MIA,0,0,,,,,
0021500021,438,2,5,4,9:06 PM,8:07,MISS Love 1' Layup,,Whiteside BLOCK (4 BLK),,,4.0,201567,Kevin Love,1610612739.0,Cleveland,Cavaliers,CLE,0,0,,,,,,5,202355,Hassan Whiteside,1610612748.0,Miami,Heat,MIA
0021500021,439,4,0,4,9:06 PM,8:01,,,Winslow REBOUND (Off:0 Def:3),,,5.0,1626159,Justise Winslow,1610612748.0,Miami,Heat,MIA,0,0,,,,,,0,0,,,,,
0021500021,440,2,1,4,9:06 PM,7:56,,,MISS Winslow 25' 3PT Jump Shot,,,5.0,1626159,Justise Winslow,1610612748.0,Miami,Heat,MIA,0,0,,,,,,0,0,,,,,
0021500021,441,4,0,4,9:06 PM,7:55,Love REBOUND (Off:5 Def:8),,,,,4.0,201567,Kevin Love,1610612739.0,Cleveland,Cavaliers,CLE,0,0,,,,,,0,0,,,,,
0021500021,442,1,42,4,9:06 PM,7:43,James 1' Driving Layup (24 PTS) (Dellavedova 10 AST),,,69 - 86,17,4.0,2544,LeBron James,1610612739.0,Cleveland,Cavaliers,CLE,4,203521,Matthew Dellavedova,1610612739.0,Cleveland,Cavaliers,CLE,0,0,,,,,
0021500021,443,2,7,4,9:06 PM,7:28,Thompson BLOCK (1 BLK),,MISS Bosh  Dunk,,,5.0,2547,Chris Bosh,1610612748.0,Miami,Heat,MIA,0,0,,,,,,4,202684,Tristan Thompson,1610612739.0,Cleveland,Cavaliers,CLE
0021500021,444,4,0,4,9:06 PM,7:28,,,Heat Rebound,,,3.0,1610612748,,,,,,0,0,,,,,,0,0,,,,,
0021500021,445,8,0,4,9:07 PM,7:28,,,SUB: Deng FOR Winslow,,,5.0,1626159,Justise Winslow,1610612748.0,Miami,Heat,MIA,5,2736,Luol Deng,1610612748.0,Miami,Heat,MIA,0,0,,,,,
0021500021,446,6,1,4,9:07 PM,7:27,Love P.FOUL (P2.T2) (R.Mott),,,,,4.0,201567,Kevin Love,1610612739.0,Cleveland,Cavaliers,CLE,5,2547,Chris Bosh,1610612748.0,Miami,Heat,MIA,1,0,,,,,
0021500021,448,2,1,4,9:07 PM,7:14,,,MISS Wade 24' 3PT Jump Shot,,,5.0,2548,Dwyane Wade,1610612748.0,Miami,Heat,MIA,0,0,,,,,,0,0,,,,,
0021500021,449,4,0,4,9:07 PM,7:13,Dellavedova REBOUND (Off:1 Def:3),,,,,4.0,203521,Matthew Dellavedova,1610612739.0,Cleveland,Cavaliers,CLE,0,0,,,,,,0,0,,,,,
0021500021,450,6,2,4,9:08 PM,6:59,,,Dragic S.FOUL (P1.PN) (R.Mott),,,5.0,201609,Goran Dragic,1610612748.0,Miami,Heat,MIA,4,201567,Kevin Love,1610612739.0,Cleveland,Cavaliers,CLE,1,0,,,,,
0021500021,451,3,11,4,9:08 PM,6:59,Love Free Throw 1 of 2 (23 PTS),,,69 - 87,18,4.0,201567,Kevin Love,1610612739.0,Cleveland,Cavaliers,CLE,0,0,,,,,,0,0,,,,,
0021500021,453,3,12,4,9:08 PM,6:59,Love Free Throw 2 of 2 (24 PTS),,,69 - 88,19,4.0,201567,Kevin Love,1610612739.0,Cleveland,Cavaliers,CLE,0,0,,,,,,0,0,,,,,
0021500021,455,1,1,4,9:09 PM,6:46,,,Wade 7' Jump Shot (21 PTS),71 - 88,17,5.0,2548,Dwyane Wade,1610612748.0,Miami,Heat,MIA,0,0,,,,,,0,0,,,,,
0021500021,456,2,1,4,9:09 PM,6:23,MISS Love 17' Jump Shot,,,,,4.0,201567,Kevin Love,1610612739.0,Cleveland,Cavaliers,CLE,0,0,,,,,,0,0,,,,,
0021500021,457,4,0,4,9:09 PM,6:22,,,Whiteside REBOUND (Off:1 Def:8),,,5.0,202355,Hassan Whiteside,1610612748.0,Miami,Heat,MIA,0,0,,,,,,0,0,,,,,
0021500021,460,2,1,4,9:10 PM,6:06,,,MISS Bosh 19' Jump Shot,,,5.0,2547,Chris Bosh,1610612748.0,Miami,Heat,MIA,0,0,,,,,,0,0,,,,,
0021500021,461,4,0,4,9:10 PM,6:05,Dellavedova REBOUND (Off:1 Def:4),,,,,4.0,203521,Matthew Dellavedova,1610612739.0,Cleveland,Cavaliers,CLE,0,0,,,,,,0,0,,,,,
0021500021,462,2,1,4,9:10 PM,5:47,MISS Thompson 3' Jump Shot,,Whiteside BLOCK (5 BLK),,,4.0,202684,Tristan Thompson,1610612739.0,Cleveland,Cavaliers,CLE,0,0,,,,,,5,202355,Hassan Whiteside,1610612748.0,Miami,Heat,MIA
0021500021,463,4,0,4,9:10 PM,5:46,,,Deng REBOUND (Off:2 Def:4),,,5.0,2736,Luol Deng,1610612748.0,Miami,Heat,MIA,0,0,,,,,,0,0,,,,,
0021500021,464,1,98,4,9:10 PM,5:38,,,Deng 1' Cutting Layup Shot (10 PTS) (Bosh 2 AST),73 - 88,15,5.0,2736,Luol Deng,1610612748.0,Miami,Heat,MIA,5,2547,Chris Bosh,1610612748.0,Miami,Heat,MIA,0,0,,,,,
0021500021,465,9,1,4,9:10 PM,5:38,CAVALIERS Timeout: Regular (Full 4 Short 0),,,,,2.0,1610612739,,,,,,0,0,,,,,,0,0,,,,,
0021500021,469,2,1,4,9:13 PM,5:25,MISS Jefferson 26' 3PT Jump Shot,,,,,4.0,2210,Richard Jefferson,1610612739.0,Cleveland,Cavaliers,CLE,0,0,,,,,,0,0,,,,,
0021500021,470,4,0,4,9:13 PM,5:24,Love REBOUND (Off:6 Def:8),,,,,4.0,201567,Kevin Love,1610612739.0,Cleveland,Cavaliers,CLE,0,0,,,,,,0,0,,,,,
0021500021,471,1,7,4,9:13 PM,5:19,Jefferson  Dunk (5 PTS) (Love 5 AST),,,73 - 90,17,4.0,2210,Richard Jefferson,1610612739.0,Cleveland,Cavaliers,CLE,4,201567,Kevin Love,1610612739.0,Cleveland,Cavaliers,CLE,0,0,,,,,
0021500021,472,5,2,4,9:14 PM,5:06,Dellavedova STEAL (1 STL),,Wade Lost Ball Turnover (P6.T11),,,5.0,2548,Dwyane Wade,1610612748.0,Miami,Heat,MIA,4,203521,Matthew Dellavedova,1610612739.0,Cleveland,Cavaliers,CLE,0,0,,,,,
0021500021,473,6,2,4,9:14 PM,5:03,,,Wade S.FOUL (P3.PN) (T.Maddox),,,5.0,2548,Dwyane Wade,1610612748.0,Miami,Heat,MIA,4,2544,LeBron James,1610612739.0,Cleveland,Cavaliers,CLE,1,0,,,,,
0021500021,474,3,11,4,9:14 PM,5:03,MISS James Free Throw 1 of 2,,,,,4.0,2544,LeBron James,1610612739.0,Cleveland,Cavaliers,CLE,0,0,,,,,,0,0,,,,,
0021500021,475,4,1,4,9:14 PM,5:03,CAVALIERS Rebound,,,,,2.0,1610612739,,,,,,0,0,,,,,,0,0,,,,,
0021500021,476,3,12,4,9:14 PM,5:03,James Free Throw 2 of 2 (25 PTS),,,73 - 91,18,4.0,2544,LeBron James,1610612739.0,Cleveland,Cavaliers,CLE,0,0,,,,,,0,0,,,,,
0021500021,479,2,1,4,9:15 PM,4:48,Love BLOCK (1 BLK),,MISS Bosh 6' Jump Shot,,,5.0,2547,Chris Bosh,1610612748.0,Miami,Heat,MIA,0,0,,,,,,4,201567,Kevin Love,1610612739.0,Cleveland,Cavaliers,CLE
0021500021,480,4,0,4,9:15 PM,4:48,,,Heat Rebound,,,3.0,1610612748,,,,,,0,0,,,,,,0,0,,,,,
0021500021,481,1,1,4,9:15 PM,4:43,,,Bosh 14' Jump Shot (16 PTS) (Wade 3 AST),75 - 91,16,5.0,2547,Chris Bosh,1610612748.0,Miami,Heat,MIA,5,2548,Dwyane Wade,1610612748.0,Miami,Heat,MIA,0,0,,,,,
0021500021,482,1,80,4,9:15 PM,4:23,James 7' Step Back Jump Shot (27 PTS),,,75 - 93,18,4.0,2544,LeBron James,1610612739.0,Cleveland,Cavaliers,CLE,0,0,,,,,,0,0,,,,,
0021500021,483,1,3,4,9:16 PM,4:10,,,Whiteside 7' Hook Shot (9 PTS) (Bosh 3 AST),77 - 93,16,5.0,202355,Hassan Whiteside,1610612748.0,Miami,Heat,MIA,5,2547,Chris Bosh,1610612748.0,Miami,Heat,MIA,0,0,,,,,
0021500021,484,6,1,4,9:16 PM,4:02,,,Dragic P.FOUL (P2.PN) (R.Mott),,,5.0,201609,Goran Dragic,1610612748.0,Miami,Heat,MIA,4,203521,Matthew Dellavedova,1610612739.0,Cleveland,Cavaliers,CLE,1,0,,,,,
0021500021,485,3,11,4,9:16 PM,4:02,Dellavedova Free Throw 1 of 2 (4 PTS),,,77 - 94,17,4.0,203521,Matthew Dellavedova,1610612739.0,Cleveland,Cavaliers,CLE,0,0,,,,,,0,0,,,,,
0021500021,487,3,12,4,9:16 PM,4:02,Dellavedova Free Throw 2 of 2 (5 PTS),,,77 - 95,18,4.0,203521,Matthew Dellavedova,1610612739.0,Cleveland,Cavaliers,CLE,0,0,,,,,,0,0,,,,,
0021500021,489,5,2,4,9:17 PM,3:51,Jefferson STEAL (1 STL),,Whiteside Lost Ball Turnover (P2.T12),,,5.0,202355,Hassan Whiteside,1610612748.0,Miami,Heat,MIA,4,2210,Richard Jefferson,1610612739.0,Cleveland,Cavaliers,CLE,0,0,,,,,
0021500021,491,8,0,4,9:17 PM,3:48,SUB: Williams FOR Dellavedova,,,,,4.0,203521,Matthew Dellavedova,1610612739.0,Cleveland,Cavaliers,CLE,4,2590,Mo Williams,1610612739.0,Cleveland,Cavaliers,CLE,0,0,,,,,
0021500021,492,6,2,4,9:17 PM,3:39,,,Dragic S.FOUL (P3.PN) (T.Maddox),,,5.0,201609,Goran Dragic,1610612748.0,Miami,Heat,MIA,4,2590,Mo Williams,1610612739.0,Cleveland,Cavaliers,CLE,1,0,,,,,
0021500021,493,3,11,4,9:17 PM,3:39,Williams Free Throw 1 of 2 (5 PTS),,,77 - 96,19,4.0,2590,Mo Williams,1610612739.0,Cleveland,Cavaliers,CLE,0,0,,,,,,0,0,,,,,
0021500021,495,3,12,4,9:18 PM,3:39,Williams Free Throw 2 of 2 (6 PTS),,,77 - 97,20,4.0,2590,Mo Williams,1610612739.0,Cleveland,Cavaliers,CLE,0,0,,,,,,0,0,,,,,
0021500021,498,6,4,4,9:18 PM,3:32,,,Wade OFF.Foul (P4) (T.Maddox),,,5.0,2548,Dwyane Wade,1610612748.0,Miami,Heat,MIA,4,2210,Richard Jefferson,1610612739.0,Cleveland,Cavaliers,CLE,1,0,,,,,
0021500021,499,5,5,4,9:18 PM,3:32,,,Wade Foul Turnover (P7.T13),,,5.0,2548,Dwyane Wade,1610612748.0,Miami,Heat,MIA,0,0,,,,,,1,0,,,,,
0021500021,500,2,7,4,9:19 PM,3:12,MISS Thompson  Dunk,,Whiteside BLOCK (6 BLK),,,4.0,202684,Tristan Thompson,1610612739.0,Cleveland,Cavaliers,CLE,0,0,,,,,,5,202355,Hassan Whiteside,1610612748.0,Miami,Heat,MIA
0021500021,501,4,0,4,9:19 PM,3:09,James REBOUND (Off:2 Def:3),,,,,4.0,2544,LeBron James,1610612739.0,Cleveland,Cavaliers,CLE,0,0,,,,,,0,0,,,,,
0021500021,502,5,2,4,9:19 PM,3:07,Jefferson Lost Ball Turnover (P2.T10),,Wade STEAL (2 STL),,,4.0,2210,Richard Jefferson,1610612739.0,Cleveland,Cavaliers,CLE,5,2548,Dwyane Wade,1610612748.0,Miami,Heat,MIA,0,0,,,,,
0021500021,503,1,5,4,9:19 PM,3:02,,,Wade 2' Layup (23 PTS),79 - 97,18,5.0,2548,Dwyane Wade,1610612748.0,Miami,Heat,MIA,0,0,,,,,,0,0,,,,,
0021500021,504,2,1,4,9:19 PM,2:35,MISS Love 33' 3PT Jump Shot,,,,,4.0,201567,Kevin Love,1610612739.0,Cleveland,Cavaliers,CLE,0,0,,,,,,0,0,,,,,
0021500021,505,4,0,4,9:19 PM,2:34,,,Wade REBOUND (Off:0 Def:4),,,5.0,2548,Dwyane Wade,1610612748.0,Miami,Heat,MIA,0,0,,,,,,0,0,,,,,
0021500021,506,1,79,4,9:19 PM,2:24,,,Wade 9' Pullup Jump Shot (25 PTS),81 - 97,16,5.0,2548,Dwyane Wade,1610612748.0,Miami,Heat,MIA,0,0,,,,,,0,0,,,,,
0021500021,507,2,44,4,9:20 PM,2:02,MISS James 1' Reverse Layup,,,,,4.0,2544,LeBron James,1610612739.0,Cleveland,Cavaliers,CLE,0,0,,,,,,0,0,,,,,
0021500021,509,4,0,4,9:20 PM,2:01,Thompson REBOUND (Off:2 Def:7),,,,,4.0,202684,Tristan Thompson,1610612739.0,Cleveland,Cavaliers,CLE,0,0,,,,,,0,0,,,,,
0021500021,508,2,97,4,9:20 PM,2:01,MISS Thompson 2' Tip Layup Shot,,,,,4.0,202684,Tristan Thompson,1610612739.0,Cleveland,Cavaliers,CLE,0,0,,,,,,0,0,,,,,
0021500021,510,4,0,4,9:20 PM,2:00,,,Bosh REBOUND (Off:0 Def:5),,,5.0,2547,Chris Bosh,1610612748.0,Miami,Heat,MIA,0,0,,,,,,0,0,,,,,
0021500021,511,6,2,4,9:20 PM,1:53,Williams S.FOUL (P3.T3) (D.Crawford),,,,,4.0,2590,Mo Williams,1610612739.0,Cleveland,Cavaliers,CLE,5,201609,Goran Dragic,1610612748.0,Miami,Heat,MIA,1,0,,,,,
0021500021,515,3,11,4,9:24 PM,1:53,,,Dragic Free Throw 1 of 2 (3 PTS),82 - 97,15,5.0,201609,Goran Dragic,1610612748.0,Miami,Heat,MIA,0,0,,,,,,0,0,,,,,
0021500021,516,3,12,4,9:24 PM,1:53,,,Dragic Free Throw 2 of 2 (4 PTS),83 - 97,14,5.0,201609,Goran Dragic,1610612748.0,Miami,Heat,MIA,0,0,,,,,,0,0,,,,,
0021500021,518,1,1,4,9:25 PM,1:28,James 17' Jump Shot (29 PTS),,,83 - 99,16,4.0,2544,LeBron James,1610612739.0,Cleveland,Cavaliers,CLE,0,0,,,,,,0,0,,,,,
0021500021,519,6,1,4,9:25 PM,1:28,James P.FOUL (P3.PN) (D.Crawford),,,,,4.0,2544,LeBron James,1610612739.0,Cleveland,Cavaliers,CLE,5,201609,Goran Dragic,1610612748.0,Miami,Heat,MIA,1,0,,,,,
0021500021,521,3,11,4,9:26 PM,1:28,,,Dragic Free Throw 1 of 2 (5 PTS),84 - 99,15,5.0,201609,Goran Dragic,1610612748.0,Miami,Heat,MIA,0,0,,,,,,0,0,,,,,
0021500021,523,8,0,4,9:26 PM,1:28,,,SUB: Ennis FOR Deng,,,5.0,2736,Luol Deng,1610612748.0,Miami,Heat,MIA,5,203516,James Ennis III,1610612748.0,Miami,Heat,MIA,0,0,,,,,
0021500021,524,8,0,4,9:26 PM,1:28,,,SUB: Johnson FOR Bosh,,,5.0,2547,Chris Bosh,1610612748.0,Miami,Heat,MIA,5,204020,Tyler Johnson,1610612748.0,Miami,Heat,MIA,0,0,,,,,
0021500021,525,8,0,4,9:26 PM,1:28,,,SUB: Winslow FOR Wade,,,5.0,2548,Dwyane Wade,1610612748.0,Miami,Heat,MIA,5,1626159,Justise Winslow,1610612748.0,Miami,Heat,MIA,0,0,,,,,
0021500021,526,8,0,4,9:27 PM,1:28,SUB: Jones FOR James,,,,,4.0,2544,LeBron James,1610612739.0,Cleveland,Cavaliers,CLE,4,2592,James Jones,1610612739.0,Cleveland,Cavaliers,CLE,0,0,,,,,
0021500021,527,8,0,4,9:27 PM,1:28,SUB: Cunningham FOR Love,,,,,4.0,201567,Kevin Love,1610612739.0,Cleveland,Cavaliers,CLE,4,203099,Jared Cunningham,1610612739.0,Cleveland,Cavaliers,CLE,0,0,,,,,
0021500021,528,8,0,4,9:27 PM,1:28,SUB: Harris FOR Williams,,,,,4.0,2590,Mo Williams,1610612739.0,Cleveland,Cavaliers,CLE,4,203925,Joe Harris,1610612739.0,Cleveland,Cavaliers,CLE,0,0,,,,,
0021500021,529,8,0,4,9:27 PM,1:28,SUB: Kaun FOR Thompson,,,,,4.0,202684,Tristan Thompson,1610612739.0,Cleveland,Cavaliers,CLE,4,201619,Sasha Kaun,1610612739.0,Cleveland,Cavaliers,CLE,0,0,,,,,
0021500021,530,3,12,4,9:27 PM,1:28,,,Dragic Free Throw 2 of 2 (6 PTS),85 - 99,14,5.0,201609,Goran Dragic,1610612748.0,Miami,Heat,MIA,0,0,,,,,,0,0,,,,,
0021500021,533,1,1,4,9:27 PM,1:08,Harris  3PT Jump Shot (3 PTS) (Cunningham 2 AST),,,85 - 102,17,4.0,203925,Joe Harris,1610612739.0,Cleveland,Cavaliers,CLE,4,203099,Jared Cunningham,1610612739.0,Cleveland,Cavaliers,CLE,0,0,,,,,
0021500021,535,1,1,4,9:27 PM,0:57,,,Dragic 25' 3PT Jump Shot (9 PTS),88 - 102,14,5.0,201609,Goran Dragic,1610612748.0,Miami,Heat,MIA,0,0,,,,,,0,0,,,,,
0021500021,536,5,1,4,9:28 PM,0:44,Jefferson Bad Pass Turnover (P3.T11),,Dragic STEAL (1 STL),,,4.0,2210,Richard Jefferson,1610612739.0,Cleveland,Cavaliers,CLE,5,201609,Goran Dragic,1610612748.0,Miami,Heat,MIA,0,0,,,,,
0021500021,537,1,41,4,9:28 PM,0:40,,,Dragic 2' Running Layup (11 PTS),90 - 102,12,5.0,201609,Goran Dragic,1610612748.0,Miami,Heat,MIA,0,0,,,,,,0,0,,,,,
0021500021,538,2,5,4,9:28 PM,0:19,MISS Cunningham 1' Layup,,,,,4.0,203099,Jared Cunningham,1610612739.0,Cleveland,Cavaliers,CLE,0,0,,,,,,0,0,,,,,
0021500021,539,4,0,4,9:28 PM,0:18,,,Winslow REBOUND (Off:0 Def:4),,,5.0,1626159,Justise Winslow,1610612748.0,Miami,Heat,MIA,0,0,,,,,,0,0,,,,,
0021500021,540,1,1,4,9:28 PM,0:11,,,Whiteside 6' Jump Shot (11 PTS) (Ennis 1 AST),92 - 102,10,5.0,202355,Hassan Whiteside,1610612748.0,Miami,Heat,MIA,5,203516,James Ennis III,1610612748.0,Miami,Heat,MIA,0,0,,,,,
0021500021,541,6,2,4,9:28 PM,0:11,Kaun S.FOUL (P1.PN) (T.Maddox),,,,,4.0,201619,Sasha Kaun,1610612739.0,Cleveland,Cavaliers,CLE,5,202355,Hassan Whiteside,1610612748.0,Miami,Heat,MIA,1,0,,,,,
0021500021,542,3,10,4,9:29 PM,0:11,,,MISS Whiteside Free Throw 1 of 1,,,5.0,202355,Hassan Whiteside,1610612748.0,Miami,Heat,MIA,0,0,,,,,,0,0,,,,,
0021500021,544,4,0,4,9:29 PM,0:09,Jones REBOUND (Off:0 Def:1),,,,,4.0,2592,James Jones,1610612739.0,Cleveland,Cavaliers,CLE,0,0,,,,,,0,0,,,,,
0021500021,547,13,0,4,9:29 PM,0:00,,,,92 - 102,10,0.0,0,,,,,,0,0,,,,,,0,0,,,,,
