GAME_ID,EVENTNUM,EVENTMSGTYPE,EVENTMSGACTIONTYPE,PERIOD,WCTIMESTRING,PCTIMESTRING,HOMEDESCRIPTION,NEUTRALDESCRIPTION,VISITORDESCRIPTION,SCORE,SCOREMARGIN,PERSON1TYPE,PLAYER1_ID,PLAYER1_NAME,PLAYER1_TEAM_ID,PLAYER1_TEAM_CITY,PLAYER1_TEAM_NICKNAME,PLAYER1_TEAM_ABBREVIATION,PERSON2TYPE,PLAYER2_ID,PLAYER2_NAME,PLAYER2_TEAM_ID,PLAYER2_TEAM_CITY,PLAYER2_TEAM_NICKNAME,PLAYER2_TEAM_ABBREVIATION,PERSON3TYPE,PLAYER3_ID,PLAYER3_NAME,PLAYER3_TEAM_ID,PLAYER3_TEAM_CITY,PLAYER3_TEAM_NICKNAME,PLAYER3_TEAM_ABBREVIATION
0021500489,0,12,0,1,9:11 PM,12:00,,,,,,0.0,0,,,,,,0,0,,,,,,0,0,,,,,
0021500489,1,10,0,1,9:11 PM,12:00,Jump Ball Withey vs. Plumlee: Tip to Lyles,,,,,4.0,203481,Jeff Withey,1610612762.0,Utah,Jazz,UTA,5,203486,Mason Plumlee,1610612757.0,Portland,Trail Blazers,POR,4,1626168,Trey Lyles,1610612762.0,Utah,Jazz,UTA
0021500489,2,2,78,1,9:12 PM,11:36,MISS Hood 9' Floating Jump Shot,,,,,4.0,203918,Rodney Hood,1610612762.0,Utah,Jazz,UTA,0,0,,,,,,0,0,,,,,
0021500489,3,4,0,1,9:12 PM,11:36,Neto REBOUND (Off:1 Def:0),,,,,4.0,203526,Raul Neto,1610612762.0,Utah,Jazz,UTA,0,0,,,,,,0,0,,,,,
0021500489,4,1,79,1,9:12 PM,11:28,Lyles 7' Pullup Jump Shot (2 PTS),,,0 - 2,2,4.0,1626168,Trey Lyles,1610612762.0,Utah,Jazz,UTA,0,0,,,,,,0,0,,,,,
0021500489,5,5,1,1,9:12 PM,11:10,Withey STEAL (1 STL),,McCollum Bad Pass Turnover (P1.T1),,,5.0,203468,CJ McCollum,1610612757.0,Portland,Trail Blazers,POR,4,203481,Jeff Withey,1610612762.0,Utah,Jazz,UTA,0,0,,,,,
0021500489,6,1,1,1,9:12 PM,10:56,Lyles  3PT Jump Shot (5 PTS) (Neto 1 AST),,,0 - 5,5,4.0,1626168,Trey Lyles,1610612762.0,Utah,Jazz,UTA,4,203526,Raul Neto,1610612762.0,Utah,Jazz,UTA,0,0,,,,,
0021500489,7,1,63,1,9:13 PM,10:39,,,McCollum 14' Fadeaway Jumper (2 PTS),2 - 5,3,5.0,203468,CJ McCollum,1610612757.0,Portland,Trail Blazers,POR,0,0,,,,,,0,0,,,,,
0021500489,8,1,1,1,9:13 PM,10:22,Neto 19' Jump Shot (2 PTS),,,2 - 7,5,4.0,203526,Raul Neto,1610612762.0,Utah,Jazz,UTA,0,0,,,,,,0,0,,,,,
0021500489,9,1,3,1,9:13 PM,10:04,,,Plumlee 9' Hook Shot (2 PTS),4 - 7,3,5.0,203486,Mason Plumlee,1610612757.0,Portland,Trail Blazers,POR,0,0,,,,,,0,0,,,,,
0021500489,10,2,44,1,9:14 PM,9:40,MISS Withey 3' Reverse Layup,,,,,4.0,203481,Jeff Withey,1610612762.0,Utah,Jazz,UTA,0,0,,,,,,0,0,,,,,
0021500489,11,4,0,1,9:14 PM,9:39,,,Vonleh REBOUND (Off:0 Def:1),,,5.0,203943,Noah Vonleh,1610612757.0,Portland,Trail Blazers,POR,0,0,,,,,,0,0,,,,,
0021500489,12,1,5,1,9:14 PM,9:33,,,McCollum 2' Layup (4 PTS),6 - 7,1,5.0,203468,CJ McCollum,1610612757.0,Portland,Trail Blazers,POR,0,0,,,,,,0,0,,,,,
0021500489,13,2,1,1,9:14 PM,9:11,MISS Lyles 21' Jump Shot,,,,,4.0,1626168,Trey Lyles,1610612762.0,Utah,Jazz,UTA,0,0,,,,,,0,0,,,,,
0021500489,14,4,0,1,9:14 PM,9:10,,,Plumlee REBOUND (Off:0 Def:1),,,5.0,203486,Mason Plumlee,1610612757.0,Portland,Trail Blazers,POR,0,0,,,,,,0,0,,,,,
0021500489,15,2,1,1,9:14 PM,8:58,,,MISS McCollum 24' 3PT Jump Shot,,,5.0,203468,CJ McCollum,1610612757.0,Portland,Trail Blazers,POR,0,0,,,,,,0,0,,,,,
0021500489,16,4,0,1,9:14 PM,8:57,Hayward REBOUND (Off:0 Def:1),,,,,4.0,202330,Gordon Hayward,1610612762.0,Utah,Jazz,UTA,0,0,,,,,,0,0,,,,,
0021500489,17,2,1,1,9:15 PM,8:43,MISS Hayward 24' 3PT Jump Shot,,,,,4.0,202330,Gordon Hayward,1610612762.0,Utah,Jazz,UTA,0,0,,,,,,0,0,,,,,
0021500489,18,4,0,1,9:15 PM,8:43,,,Aminu REBOUND (Off:0 Def:1),,,5.0,202329,Al-Farouq Aminu,1610612757.0,Portland,Trail Blazers,POR,0,0,,,,,,0,0,,,,,
0021500489,19,1,1,1,9:15 PM,8:33,,,McCollum 24' 3PT Jump Shot (7 PTS) (Vonleh 1 AST),9 - 7,-2,5.0,203468,CJ McCollum,1610612757.0,Portland,Trail Blazers,POR,5,203943,Noah Vonleh,1610612757.0,Portland,Trail Blazers,POR,0,0,,,,,
0021500489,20,1,79,1,9:15 PM,8:08,Hood 8' Pullup Jump Shot (2 PTS),,,9 - 9,TIE,4.0,203918,Rodney Hood,1610612762.0,Utah,Jazz,UTA,0,0,,,,,,0,0,,,,,
0021500489,21,1,1,1,9:16 PM,7:50,,,Crabbe 24' 3PT Jump Shot (3 PTS) (Plumlee 1 AST),12 - 9,-3,5.0,203459,Allen Crabbe,1610612757.0,Portland,Trail Blazers,POR,5,203486,Mason Plumlee,1610612757.0,Portland,Trail Blazers,POR,0,0,,,,,
0021500489,22,2,1,1,9:16 PM,7:28,MISS Lyles 22' Jump Shot,,,,,4.0,1626168,Trey Lyles,1610612762.0,Utah,Jazz,UTA,0,0,,,,,,0,0,,,,,
0021500489,23,4,0,1,9:16 PM,7:28,,,Plumlee REBOUND (Off:0 Def:2),,,5.0,203486,Mason Plumlee,1610612757.0,Portland,Trail Blazers,POR,0,0,,,,,,0,0,,,,,
0021500489,24,2,78,1,9:16 PM,7:18,,,MISS Crabbe 4' Floating Jump Shot,,,5.0,203459,Allen Crabbe,1610612757.0,Portland,Trail Blazers,POR,0,0,,,,,,0,0,,,,,
0021500489,25,4,0,1,9:16 PM,7:17,Hood REBOUND (Off:0 Def:1),,,,,4.0,203918,Rodney Hood,1610612762.0,Utah,Jazz,UTA,0,0,,,,,,0,0,,,,,
0021500489,26,1,1,1,9:16 PM,6:57,Hood 25' 3PT Jump Shot (5 PTS),,,12 - 12,TIE,4.0,203918,Rodney Hood,1610612762.0,Utah,Jazz,UTA,0,0,,,,,,0,0,,,,,
0021500489,27,6,2,1,9:17 PM,6:41,Hood S.FOUL (P1.T1) (M.Ervin),,,,,4.0,203918,Rodney Hood,1610612762.0,Utah,Jazz,UTA,5,203459,Allen Crabbe,1610612757.0,Portland,Trail Blazers,POR,1,0,,,,,
0021500489,28,3,11,1,9:17 PM,6:41,,,MISS Crabbe Free Throw 1 of 2,,,5.0,203459,Allen Crabbe,1610612757.0,Portland,Trail Blazers,POR,0,0,,,,,,0,0,,,,,
0021500489,29,4,1,1,9:17 PM,6:41,,,Trail Blazers Rebound,,,3.0,1610612757,,,,,,0,0,,,,,,0,0,,,,,
0021500489,30,8,0,1,9:17 PM,6:41,SUB: Booker FOR Withey,,,,,4.0,203481,Jeff Withey,1610612762.0,Utah,Jazz,UTA,4,202344,Trevor Booker,1610612762.0,Utah,Jazz,UTA,0,0,,,,,
0021500489,31,3,12,1,9:17 PM,6:41,,,Crabbe Free Throw 2 of 2 (4 PTS),13 - 12,-1,5.0,203459,Allen Crabbe,1610612757.0,Portland,Trail Blazers,POR,0,0,,,,,,0,0,,,,,
0021500489,33,2,1,1,9:18 PM,6:27,MISS Booker 19' Jump Shot,,,,,4.0,202344,Trevor Booker,1610612762.0,Utah,Jazz,UTA,0,0,,,,,,0,0,,,,,
0021500489,34,4,0,1,9:18 PM,6:26,Hood REBOUND (Off:1 Def:1),,,,,4.0,203918,Rodney Hood,1610612762.0,Utah,Jazz,UTA,0,0,,,,,,0,0,,,,,
0021500489,35,2,1,1,9:18 PM,6:22,MISS Hood 25' 3PT Jump Shot,,,,,4.0,203918,Rodney Hood,1610612762.0,Utah,Jazz,UTA,0,0,,,,,,0,0,,,,,
0021500489,36,4,0,1,9:18 PM,6:21,,,Aminu REBOUND (Off:0 Def:2),,,5.0,202329,Al-Farouq Aminu,1610612757.0,Portland,Trail Blazers,POR,0,0,,,,,,0,0,,,,,
0021500489,37,2,1,1,9:18 PM,6:12,,,MISS Aminu 4' Jump Shot,,,5.0,202329,Al-Farouq Aminu,1610612757.0,Portland,Trail Blazers,POR,0,0,,,,,,0,0,,,,,
0021500489,38,4,0,1,9:18 PM,6:11,Neto REBOUND (Off:1 Def:1),,,,,4.0,203526,Raul Neto,1610612762.0,Utah,Jazz,UTA,0,0,,,,,,0,0,,,,,
0021500489,39,2,86,1,9:18 PM,6:03,MISS Hayward 16' Turnaround Fadeaway Shot,,,,,4.0,202330,Gordon Hayward,1610612762.0,Utah,Jazz,UTA,0,0,,,,,,0,0,,,,,
0021500489,40,4,0,1,9:18 PM,6:01,,,McCollum REBOUND (Off:0 Def:1),,,5.0,203468,CJ McCollum,1610612757.0,Portland,Trail Blazers,POR,0,0,,,,,,0,0,,,,,
0021500489,41,6,2,1,9:18 PM,5:53,Lyles S.FOUL (P1.T2) (M.McCutchen),,,,,4.0,1626168,Trey Lyles,1610612762.0,Utah,Jazz,UTA,5,203943,Noah Vonleh,1610612757.0,Portland,Trail Blazers,POR,1,0,,,,,
0021500489,42,9,1,1,9:19 PM,5:53,JAZZ Timeout: Regular (Full 1 Short 0),,,,,2.0,1610612762,,,,,,0,0,,,,,,0,0,,,,,
0021500489,44,8,0,1,9:21 PM,5:53,SUB: Burke FOR Neto,,,,,4.0,203526,Raul Neto,1610612762.0,Utah,Jazz,UTA,4,203504,Trey Burke,1610612762.0,Utah,Jazz,UTA,0,0,,,,,
0021500489,72,8,0,1,9:21 PM,5:53,SUB: Johnson FOR Hood,,,,,4.0,203918,Rodney Hood,1610612762.0,Utah,Jazz,UTA,4,203187,Chris Johnson,1610612762.0,Utah,Jazz,UTA,0,0,,,,,
0021500489,45,3,11,1,9:21 PM,5:53,,,Vonleh Free Throw 1 of 2 (1 PTS),14 - 12,-2,5.0,203943,Noah Vonleh,1610612757.0,Portland,Trail Blazers,POR,0,0,,,,,,0,0,,,,,
0021500489,47,3,12,1,9:21 PM,5:53,,,Vonleh Free Throw 2 of 2 (2 PTS),15 - 12,-3,5.0,203943,Noah Vonleh,1610612757.0,Portland,Trail Blazers,POR,0,0,,,,,,0,0,,,,,
0021500489,49,2,1,1,9:22 PM,5:40,MISS Hayward 25' 3PT Jump Shot,,,,,4.0,202330,Gordon Hayward,1610612762.0,Utah,Jazz,UTA,0,0,,,,,,0,0,,,,,
0021500489,50,4,0,1,9:22 PM,5:39,,,McCollum REBOUND (Off:0 Def:2),,,5.0,203468,CJ McCollum,1610612757.0,Portland,Trail Blazers,POR,0,0,,,,,,0,0,,,,,
0021500489,51,2,1,1,9:22 PM,5:29,,,MISS McCollum 24' 3PT Jump Shot,,,5.0,203468,CJ McCollum,1610612757.0,Portland,Trail Blazers,POR,0,0,,,,,,0,0,,,,,
0021500489,52,4,0,1,9:22 PM,5:28,JAZZ Rebound,,,,,2.0,1610612762,,,,,,0,0,,,,,,0,0,,,,,
0021500489,53,8,0,1,9:22 PM,5:27,,,SUB: Henderson FOR Crabbe,,,5.0,203459,Allen Crabbe,1610612757.0,Portland,Trail Blazers,POR,5,201945,Gerald Henderson,1610612757.0,Portland,Trail Blazers,POR,0,0,,,,,
0021500489,54,1,1,1,9:22 PM,5:07,Burke 18' Jump Shot (2 PTS),,,15 - 14,-1,4.0,203504,Trey Burke,1610612762.0,Utah,Jazz,UTA,0,0,,,,,,0,0,,,,,
0021500489,55,6,17,1,9:23 PM,4:50,JAZZ T.Foul (Def. 3 Sec Lyles ) (J.Williams),,,,,4.0,1626168,Trey Lyles,1610612762.0,Utah,Jazz,UTA,0,0,,,,,,1,0,,,,,
0021500489,56,3,16,1,9:23 PM,4:50,,,MISS McCollum Free Throw Technical,,,5.0,203468,CJ McCollum,1610612757.0,Portland,Trail Blazers,POR,0,0,,,,,,0,0,,,,,
0021500489,57,4,1,1,9:23 PM,4:50,,,Trail Blazers Rebound,,,3.0,1610612757,,,,,,0,0,,,,,,0,0,,,,,
0021500489,58,8,0,1,9:23 PM,4:50,,,SUB: Leonard FOR Vonleh,,,5.0,203943,Noah Vonleh,1610612757.0,Portland,Trail Blazers,POR,5,203086,Meyers Leonard,1610612757.0,Portland,Trail Blazers,POR,0,0,,,,,
0021500489,59,8,0,1,9:23 PM,4:50,,,SUB: Davis FOR Plumlee,,,5.0,203486,Mason Plumlee,1610612757.0,Portland,Trail Blazers,POR,5,202334,Ed Davis,1610612757.0,Portland,Trail Blazers,POR,0,0,,,,,
0021500489,60,2,63,1,9:23 PM,4:41,,,MISS McCollum 14' Fadeaway Jumper,,,5.0,203468,CJ McCollum,1610612757.0,Portland,Trail Blazers,POR,0,0,,,,,,0,0,,,,,
0021500489,61,4,0,1,9:23 PM,4:41,,,Leonard REBOUND (Off:1 Def:0),,,5.0,203086,Meyers Leonard,1610612757.0,Portland,Trail Blazers,POR,0,0,,,,,,0,0,,,,,
0021500489,62,1,78,1,9:24 PM,4:33,,,McCollum 7' Floating Jump Shot (9 PTS),17 - 14,-3,5.0,203468,CJ McCollum,1610612757.0,Portland,Trail Blazers,POR,0,0,,,,,,0,0,,,,,
0021500489,63,2,1,1,9:24 PM,4:12,MISS Booker 20' Jump Shot,,,,,4.0,202344,Trevor Booker,1610612762.0,Utah,Jazz,UTA,0,0,,,,,,0,0,,,,,
0021500489,64,4,0,1,9:24 PM,4:12,,,Leonard REBOUND (Off:1 Def:1),,,5.0,203086,Meyers Leonard,1610612757.0,Portland,Trail Blazers,POR,0,0,,,,,,0,0,,,,,
0021500489,65,2,1,1,9:24 PM,3:56,,,MISS Henderson 13' Jump Shot,,,5.0,201945,Gerald Henderson,1610612757.0,Portland,Trail Blazers,POR,0,0,,,,,,0,0,,,,,
0021500489,66,4,0,1,9:24 PM,3:55,Johnson REBOUND (Off:0 Def:1),,,,,4.0,203187,Chris Johnson,1610612762.0,Utah,Jazz,UTA,0,0,,,,,,0,0,,,,,
0021500489,67,1,79,1,9:24 PM,3:38,Hayward 17' Pullup Jump Shot (2 PTS),,,17 - 16,-1,4.0,202330,Gordon Hayward,1610612762.0,Utah,Jazz,UTA,0,0,,,,,,0,0,,,,,
0021500489,68,1,1,1,9:25 PM,3:15,,,Leonard 25' 3PT Jump Shot (3 PTS) (McCollum 1 AST),20 - 16,-4,5.0,203086,Meyers Leonard,1610612757.0,Portland,Trail Blazers,POR,5,203468,CJ McCollum,1610612757.0,Portland,Trail Blazers,POR,0,0,,,,,
0021500489,69,1,79,1,9:25 PM,2:53,Burke 22' Pullup Jump Shot (4 PTS),,,20 - 18,-2,4.0,203504,Trey Burke,1610612762.0,Utah,Jazz,UTA,0,0,,,,,,0,0,,,,,
0021500489,70,5,1,1,9:25 PM,2:41,,,Leonard Bad Pass Turnover (P1.T2),,,5.0,203086,Meyers Leonard,1610612757.0,Portland,Trail Blazers,POR,0,0,,,,,,0,0,,,,,
0021500489,71,9,1,1,9:26 PM,2:41,,,Trail Blazers Timeout: Regular (Reg.1 Short 0),,,3.0,1610612757,,,,,,0,0,,,,,,0,0,,,,,
0021500489,74,8,0,1,9:28 PM,2:41,SUB: Withey FOR Lyles,,,,,4.0,1626168,Trey Lyles,1610612762.0,Utah,Jazz,UTA,4,203481,Jeff Withey,1610612762.0,Utah,Jazz,UTA,0,0,,,,,
0021500489,75,8,0,1,9:28 PM,2:41,SUB: Ingles FOR Johnson,,,,,4.0,203187,Chris Johnson,1610612762.0,Utah,Jazz,UTA,4,204060,Joe Ingles,1610612762.0,Utah,Jazz,UTA,0,0,,,,,
0021500489,76,8,0,1,9:28 PM,2:41,,,SUB: Harkless FOR Aminu,,,5.0,202329,Al-Farouq Aminu,1610612757.0,Portland,Trail Blazers,POR,5,203090,Maurice Harkless,1610612757.0,Portland,Trail Blazers,POR,0,0,,,,,
0021500489,78,2,1,1,9:29 PM,2:21,MISS Burke 21' Jump Shot,,,,,4.0,203504,Trey Burke,1610612762.0,Utah,Jazz,UTA,0,0,,,,,,0,0,,,,,
0021500489,80,4,0,1,9:29 PM,2:19,Withey REBOUND (Off:1 Def:0),,,,,4.0,203481,Jeff Withey,1610612762.0,Utah,Jazz,UTA,0,0,,,,,,0,0,,,,,
0021500489,79,2,97,1,9:29 PM,2:19,MISS Withey 2' Tip Layup Shot,,,,,4.0,203481,Jeff Withey,1610612762.0,Utah,Jazz,UTA,0,0,,,,,,0,0,,,,,
0021500489,81,4,0,1,9:29 PM,2:19,JAZZ Rebound,,,,,2.0,1610612762,,,,,,0,0,,,,,,0,0,,,,,
0021500489,83,1,80,1,9:29 PM,2:08,Hayward 24' 3PT Step Back Jump Shot (5 PTS),,,20 - 21,1,4.0,202330,Gordon Hayward,1610612762.0,Utah,Jazz,UTA,0,0,,,,,,0,0,,,,,
0021500489,84,2,5,1,9:29 PM,1:48,,,MISS Davis 2' Layup,,,5.0,202334,Ed Davis,1610612757.0,Portland,Trail Blazers,POR,0,0,,,,,,0,0,,,,,
0021500489,85,4,0,1,9:29 PM,1:47,Booker REBOUND (Off:0 Def:1),,,,,4.0,202344,Trevor Booker,1610612762.0,Utah,Jazz,UTA,0,0,,,,,,0,0,,,,,
0021500489,86,1,80,1,9:30 PM,1:29,Hayward 21' Step Back Jump Shot (7 PTS),,,20 - 23,3,4.0,202330,Gordon Hayward,1610612762.0,Utah,Jazz,UTA,0,0,,,,,,0,0,,,,,
0021500489,87,2,1,1,9:30 PM,1:12,,,MISS Harkless 25' 3PT Jump Shot,,,5.0,203090,Maurice Harkless,1610612757.0,Portland,Trail Blazers,POR,0,0,,,,,,0,0,,,,,
0021500489,88,4,0,1,9:30 PM,1:11,Booker REBOUND (Off:0 Def:2),,,,,4.0,202344,Trevor Booker,1610612762.0,Utah,Jazz,UTA,0,0,,,,,,0,0,,,,,
0021500489,89,2,1,1,9:30 PM,0:58,MISS Hayward 25' 3PT Jump Shot,,,,,4.0,202330,Gordon Hayward,1610612762.0,Utah,Jazz,UTA,0,0,,,,,,0,0,,,,,
0021500489,90,4,0,1,9:30 PM,0:58,,,Henderson REBOUND (Off:0 Def:1),,,5.0,201945,Gerald Henderson,1610612757.0,Portland,Trail Blazers,POR,0,0,,,,,,0,0,,,,,
0021500489,91,6,1,1,9:31 PM,0:58,Booker P.FOUL (P1.T3) (M.Ervin),,,,,4.0,202344,Trevor Booker,1610612762.0,Utah,Jazz,UTA,5,203086,Meyers Leonard,1610612757.0,Portland,Trail Blazers,POR,1,0,,,,,
0021500489,92,1,1,1,9:31 PM,0:42,,,Henderson 19' Jump Shot (2 PTS) (Leonard 1 AST),22 - 23,1,5.0,201945,Gerald Henderson,1610612757.0,Portland,Trail Blazers,POR,5,203086,Meyers Leonard,1610612757.0,Portland,Trail Blazers,POR,0,0,,,,,
0021500489,93,1,78,1,9:31 PM,0:20,Burke 10' Floating Jump Shot (6 PTS),,,22 - 25,3,4.0,203504,Trey Burke,1610612762.0,Utah,Jazz,UTA,0,0,,,,,,0,0,,,,,
0021500489,94,1,5,1,9:32 PM,0:01,,,Davis 2' Layup (2 PTS) (McCollum 2 AST),24 - 25,1,5.0,202334,Ed Davis,1610612757.0,Portland,Trail Blazers,POR,5,203468,CJ McCollum,1610612757.0,Portland,Trail Blazers,POR,0,0,,,,,
0021500489,95,6,2,1,9:32 PM,0:01,Ingles S.FOUL (P1.PN) (M.McCutchen),,,,,4.0,204060,Joe Ingles,1610612762.0,Utah,Jazz,UTA,5,202334,Ed Davis,1610612757.0,Portland,Trail Blazers,POR,1,0,,,,,
0021500489,96,18,0,1,9:32 PM,0:01,,,,,,,95,Mark Bryant,,,,,0,0,,,,,,1,0,,,,,
0021500489,97,3,10,1,9:33 PM,0:01,,,Davis Free Throw 1 of 1 (3 PTS),25 - 25,TIE,5.0,202334,Ed Davis,1610612757.0,Portland,Trail Blazers,POR,0,0,,,,,,0,0,,,,,
0021500489,99,13,0,1,9:33 PM,0:00,,,,25 - 25,TIE,0.0,0,,,,,,0,0,,,,,,0,0,,,,,
0021500489,101,12,0,2,9:36 PM,12:00,,,,25 - 25,TIE,0.0,0,,,,,,0,0,,,,,,0,0,,,,,
0021500489,102,1,5,2,9:36 PM,11:43,,,Harkless 3' Layup (2 PTS),27 - 25,-2,5.0,203090,Maurice Harkless,1610612757.0,Portland,Trail Blazers,POR,0,0,,,,,,0,0,,,,,
0021500489,103,6,2,2,9:36 PM,11:31,,,Harkless S.FOUL (P1.T1) (J.Williams),,,5.0,203090,Maurice Harkless,1610612757.0,Portland,Trail Blazers,POR,4,203481,Jeff Withey,1610612762.0,Utah,Jazz,UTA,1,0,,,,,
0021500489,104,3,11,2,9:37 PM,11:31,Withey Free Throw 1 of 2 (1 PTS),,,27 - 26,-1,4.0,203481,Jeff Withey,1610612762.0,Utah,Jazz,UTA,0,0,,,,,,0,0,,,,,
0021500489,106,3,12,2,9:37 PM,11:31,MISS Withey Free Throw 2 of 2,,,,,4.0,203481,Jeff Withey,1610612762.0,Utah,Jazz,UTA,0,0,,,,,,0,0,,,,,
0021500489,108,4,0,2,9:37 PM,11:31,Ingles REBOUND (Off:1 Def:0),,,,,4.0,204060,Joe Ingles,1610612762.0,Utah,Jazz,UTA,0,0,,,,,,0,0,,,,,
0021500489,109,2,86,2,9:37 PM,11:20,MISS Hood 10' Turnaround Fadeaway Shot,,,,,4.0,203918,Rodney Hood,1610612762.0,Utah,Jazz,UTA,0,0,,,,,,0,0,,,,,
0021500489,110,4,0,2,9:37 PM,11:20,,,Davis REBOUND (Off:0 Def:1),,,5.0,202334,Ed Davis,1610612757.0,Portland,Trail Blazers,POR,0,0,,,,,,0,0,,,,,
0021500489,111,5,1,2,9:37 PM,11:10,,,Henderson Bad Pass Turnover (P1.T3),,,5.0,201945,Gerald Henderson,1610612757.0,Portland,Trail Blazers,POR,0,0,,,,,,0,0,,,,,
0021500489,112,1,1,2,9:38 PM,10:51,Ingles 25' 3PT Jump Shot (3 PTS) (Booker 1 AST),,,27 - 29,2,4.0,204060,Joe Ingles,1610612762.0,Utah,Jazz,UTA,4,202344,Trevor Booker,1610612762.0,Utah,Jazz,UTA,0,0,,,,,
0021500489,113,2,1,2,9:38 PM,10:24,Withey BLOCK (1 BLK),,MISS Frazier 5' Jump Shot,,,5.0,204025,Tim Frazier,1610612757.0,Portland,Trail Blazers,POR,0,0,,,,,,4,203481,Jeff Withey,1610612762.0,Utah,Jazz,UTA
0021500489,114,4,0,2,9:38 PM,10:24,,,Trail Blazers Rebound,,,3.0,1610612757,,,,,,0,0,,,,,,0,0,,,,,
0021500489,115,5,11,2,9:38 PM,10:24,,,Trail Blazers Turnover: Shot Clock (T#4),,,3.0,1610612757,,,,,,0,0,,,,,,1,0,,,,,
0021500489,116,1,1,2,9:39 PM,10:03,Burke 20' Jump Shot (8 PTS),,,27 - 31,4,4.0,203504,Trey Burke,1610612762.0,Utah,Jazz,UTA,0,0,,,,,,0,0,,,,,
0021500489,117,7,1,2,9:39 PM,10:01,JAZZ Violation: Delay of game Violation,,,,,2.0,1610612762,,,,,,0,0,,,,,,1,0,,,,,
0021500489,118,1,1,2,9:39 PM,9:36,,,Leonard 24' 3PT Jump Shot (6 PTS) (Harkless 1 AST),30 - 31,1,5.0,203086,Meyers Leonard,1610612757.0,Portland,Trail Blazers,POR,5,203090,Maurice Harkless,1610612757.0,Portland,Trail Blazers,POR,0,0,,,,,
0021500489,119,6,1,2,9:40 PM,9:20,,,Henderson P.FOUL (P1.T2) (M.Ervin),,,5.0,201945,Gerald Henderson,1610612757.0,Portland,Trail Blazers,POR,4,203481,Jeff Withey,1610612762.0,Utah,Jazz,UTA,1,0,,,,,
0021500489,120,8,0,2,9:40 PM,9:20,,,SUB: Crabbe FOR Henderson,,,5.0,201945,Gerald Henderson,1610612757.0,Portland,Trail Blazers,POR,5,203459,Allen Crabbe,1610612757.0,Portland,Trail Blazers,POR,0,0,,,,,
0021500489,121,1,1,2,9:40 PM,9:07,Burke 25' 3PT Jump Shot (11 PTS) (Hood 1 AST),,,30 - 34,4,4.0,203504,Trey Burke,1610612762.0,Utah,Jazz,UTA,4,203918,Rodney Hood,1610612762.0,Utah,Jazz,UTA,0,0,,,,,
0021500489,122,5,1,2,9:41 PM,8:58,Hood STEAL (1 STL),,Leonard Bad Pass Turnover (P2.T5),,,5.0,203086,Meyers Leonard,1610612757.0,Portland,Trail Blazers,POR,4,203918,Rodney Hood,1610612762.0,Utah,Jazz,UTA,0,0,,,,,
0021500489,123,2,1,2,9:41 PM,8:52,MISS Burke 25' 3PT Jump Shot,,,,,4.0,203504,Trey Burke,1610612762.0,Utah,Jazz,UTA,0,0,,,,,,0,0,,,,,
0021500489,124,4,0,2,9:41 PM,8:48,,,Crabbe REBOUND (Off:0 Def:1),,,5.0,203459,Allen Crabbe,1610612757.0,Portland,Trail Blazers,POR,0,0,,,,,,0,0,,,,,
0021500489,125,2,1,2,9:41 PM,8:25,,,MISS Harkless  3PT Jump Shot,,,5.0,203090,Maurice Harkless,1610612757.0,Portland,Trail Blazers,POR,0,0,,,,,,0,0,,,,,
0021500489,126,4,0,2,9:41 PM,8:24,,,Harkless REBOUND (Off:1 Def:0),,,5.0,203090,Maurice Harkless,1610612757.0,Portland,Trail Blazers,POR,0,0,,,,,,0,0,,,,,
0021500489,127,2,1,2,9:41 PM,8:21,,,MISS Harkless  3PT Jump Shot,,,5.0,203090,Maurice Harkless,1610612757.0,Portland,Trail Blazers,POR,0,0,,,,,,0,0,,,,,
0021500489,128,4,0,2,9:41 PM,8:19,Hood REBOUND (Off:1 Def:2),,,,,4.0,203918,Rodney Hood,1610612762.0,Utah,Jazz,UTA,0,0,,,,,,0,0,,,,,
0021500489,129,1,57,2,9:41 PM,8:09,Withey 4' Driving Hook Shot (3 PTS) (Booker 2 AST),,,30 - 36,6,4.0,203481,Jeff Withey,1610612762.0,Utah,Jazz,UTA,4,202344,Trevor Booker,1610612762.0,Utah,Jazz,UTA,0,0,,,,,
0021500489,130,9,1,2,9:41 PM,8:08,,,Trail Blazers Timeout: Regular (Reg.2 Short 0),,,3.0,1610612757,,,,,,0,0,,,,,,0,0,,,,,
0021500489,132,8,0,2,9:44 PM,8:08,SUB: Lyles FOR Booker,,,,,4.0,202344,Trevor Booker,1610612762.0,Utah,Jazz,UTA,4,1626168,Trey Lyles,1610612762.0,Utah,Jazz,UTA,0,0,,,,,
0021500489,133,2,1,2,9:44 PM,7:52,,,MISS Crabbe 24' 3PT Jump Shot,,,5.0,203459,Allen Crabbe,1610612757.0,Portland,Trail Blazers,POR,0,0,,,,,,0,0,,,,,
0021500489,134,4,0,2,9:44 PM,7:51,Lyles REBOUND (Off:0 Def:1),,,,,4.0,1626168,Trey Lyles,1610612762.0,Utah,Jazz,UTA,0,0,,,,,,0,0,,,,,
0021500489,135,1,1,2,9:45 PM,7:28,Ingles 24' 3PT Jump Shot (6 PTS) (Hood 2 AST),,,30 - 39,9,4.0,204060,Joe Ingles,1610612762.0,Utah,Jazz,UTA,4,203918,Rodney Hood,1610612762.0,Utah,Jazz,UTA,0,0,,,,,
0021500489,136,6,4,2,9:45 PM,7:15,,,Davis OFF.Foul (P1) (M.Ervin),,,5.0,202334,Ed Davis,1610612757.0,Portland,Trail Blazers,POR,4,203481,Jeff Withey,1610612762.0,Utah,Jazz,UTA,1,0,,,,,
0021500489,137,5,5,2,9:45 PM,7:15,,,Davis Foul Turnover (P1.T6),,,5.0,202334,Ed Davis,1610612757.0,Portland,Trail Blazers,POR,0,0,,,,,,0,0,,,,,
0021500489,138,8,0,2,9:45 PM,7:15,,,SUB: Plumlee FOR Davis,,,5.0,202334,Ed Davis,1610612757.0,Portland,Trail Blazers,POR,5,203486,Mason Plumlee,1610612757.0,Portland,Trail Blazers,POR,0,0,,,,,
0021500489,139,8,0,2,9:45 PM,7:15,,,SUB: McCollum FOR Frazier,,,5.0,204025,Tim Frazier,1610612757.0,Portland,Trail Blazers,POR,5,203468,CJ McCollum,1610612757.0,Portland,Trail Blazers,POR,0,0,,,,,
0021500489,140,8,0,2,9:45 PM,7:15,,,SUB: Aminu FOR Leonard,,,5.0,203086,Meyers Leonard,1610612757.0,Portland,Trail Blazers,POR,5,202329,Al-Farouq Aminu,1610612757.0,Portland,Trail Blazers,POR,0,0,,,,,
0021500489,141,1,1,2,9:46 PM,6:55,Hood 25' 3PT Jump Shot (8 PTS) (Burke 1 AST),,,30 - 42,12,4.0,203918,Rodney Hood,1610612762.0,Utah,Jazz,UTA,4,203504,Trey Burke,1610612762.0,Utah,Jazz,UTA,0,0,,,,,
0021500489,142,6,1,2,9:46 PM,6:44,Ingles P.FOUL (P2.T1) (M.Ervin),,,,,4.0,204060,Joe Ingles,1610612762.0,Utah,Jazz,UTA,5,203459,Allen Crabbe,1610612757.0,Portland,Trail Blazers,POR,1,0,,,,,
0021500489,143,8,0,2,9:46 PM,6:44,SUB: Johnson FOR Ingles,,,,,4.0,204060,Joe Ingles,1610612762.0,Utah,Jazz,UTA,4,203187,Chris Johnson,1610612762.0,Utah,Jazz,UTA,0,0,,,,,
0021500489,144,1,1,2,9:46 PM,6:36,,,McCollum 24' 3PT Jump Shot (12 PTS) (Plumlee 2 AST),33 - 42,9,5.0,203468,CJ McCollum,1610612757.0,Portland,Trail Blazers,POR,5,203486,Mason Plumlee,1610612757.0,Portland,Trail Blazers,POR,0,0,,,,,
0021500489,145,1,7,2,9:47 PM,6:16,Withey  Dunk (5 PTS) (Hood 3 AST),,,33 - 44,11,4.0,203481,Jeff Withey,1610612762.0,Utah,Jazz,UTA,4,203918,Rodney Hood,1610612762.0,Utah,Jazz,UTA,0,0,,,,,
0021500489,146,2,49,2,9:47 PM,5:55,,,MISS Harkless  Driving Dunk,,,5.0,203090,Maurice Harkless,1610612757.0,Portland,Trail Blazers,POR,0,0,,,,,,0,0,,,,,
0021500489,147,4,0,2,9:47 PM,5:55,Johnson REBOUND (Off:0 Def:2),,,,,4.0,203187,Chris Johnson,1610612762.0,Utah,Jazz,UTA,0,0,,,,,,0,0,,,,,
0021500489,148,2,78,2,9:47 PM,5:44,MISS Hood 15' Floating Jump Shot,,,,,4.0,203918,Rodney Hood,1610612762.0,Utah,Jazz,UTA,0,0,,,,,,0,0,,,,,
0021500489,149,4,0,2,9:47 PM,5:43,,,Aminu REBOUND (Off:0 Def:3),,,5.0,202329,Al-Farouq Aminu,1610612757.0,Portland,Trail Blazers,POR,0,0,,,,,,0,0,,,,,
0021500489,150,5,2,2,9:47 PM,5:39,Burke STEAL (1 STL),,Aminu Lost Ball Turnover (P1.T7),,,5.0,202329,Al-Farouq Aminu,1610612757.0,Portland,Trail Blazers,POR,4,203504,Trey Burke,1610612762.0,Utah,Jazz,UTA,0,0,,,,,
0021500489,151,1,73,2,9:47 PM,5:35,Burke 1' Driving Reverse Layup (13 PTS),,,33 - 46,13,4.0,203504,Trey Burke,1610612762.0,Utah,Jazz,UTA,0,0,,,,,,0,0,,,,,
0021500489,152,9,2,2,9:48 PM,5:35,,,Trail Blazers Timeout: Short (Reg.2 Short 1),,,3.0,1610612757,,,,,,0,0,,,,,,0,0,,,,,
0021500489,154,9,1,2,9:48 PM,5:35,,,,,,1.0,0,,,,,,0,0,,,,,,0,0,,,,,
0021500489,155,8,0,2,9:51 PM,5:35,SUB: Hayward FOR Johnson,,,,,4.0,203187,Chris Johnson,1610612762.0,Utah,Jazz,UTA,4,202330,Gordon Hayward,1610612762.0,Utah,Jazz,UTA,0,0,,,,,
0021500489,156,8,0,2,9:51 PM,5:35,SUB: Neto FOR Burke,,,,,4.0,203504,Trey Burke,1610612762.0,Utah,Jazz,UTA,4,203526,Raul Neto,1610612762.0,Utah,Jazz,UTA,0,0,,,,,
0021500489,157,5,1,2,9:51 PM,5:21,Hayward STEAL (1 STL),,Crabbe Bad Pass Turnover (P1.T8),,,5.0,203459,Allen Crabbe,1610612757.0,Portland,Trail Blazers,POR,4,202330,Gordon Hayward,1610612762.0,Utah,Jazz,UTA,0,0,,,,,
0021500489,158,1,41,2,9:51 PM,5:19,Hayward 2' Running Layup (9 PTS),,,33 - 48,15,4.0,202330,Gordon Hayward,1610612762.0,Utah,Jazz,UTA,0,0,,,,,,0,0,,,,,
0021500489,159,6,2,2,9:51 PM,5:19,,,Crabbe S.FOUL (P1.T3) (J.Williams),,,5.0,203459,Allen Crabbe,1610612757.0,Portland,Trail Blazers,POR,4,202330,Gordon Hayward,1610612762.0,Utah,Jazz,UTA,1,0,,,,,
0021500489,161,8,0,2,9:51 PM,5:19,,,SUB: Leonard FOR Harkless,,,5.0,203090,Maurice Harkless,1610612757.0,Portland,Trail Blazers,POR,5,203086,Meyers Leonard,1610612757.0,Portland,Trail Blazers,POR,0,0,,,,,
0021500489,162,3,10,2,9:51 PM,5:19,Hayward Free Throw 1 of 1 (10 PTS),,,33 - 49,16,4.0,202330,Gordon Hayward,1610612762.0,Utah,Jazz,UTA,0,0,,,,,,0,0,,,,,
0021500489,164,2,1,2,9:52 PM,5:00,,,MISS Aminu  3PT Jump Shot,,,5.0,202329,Al-Farouq Aminu,1610612757.0,Portland,Trail Blazers,POR,0,0,,,,,,0,0,,,,,
0021500489,165,4,0,2,9:52 PM,5:00,Neto REBOUND (Off:1 Def:2),,,,,4.0,203526,Raul Neto,1610612762.0,Utah,Jazz,UTA,0,0,,,,,,0,0,,,,,
0021500489,167,1,1,2,9:53 PM,4:36,Neto 24' 3PT Jump Shot (5 PTS) (Hood 4 AST),,,33 - 52,19,4.0,203526,Raul Neto,1610612762.0,Utah,Jazz,UTA,4,203918,Rodney Hood,1610612762.0,Utah,Jazz,UTA,0,0,,,,,
0021500489,168,2,5,2,9:53 PM,4:23,,,MISS Crabbe 2' Layup,,,5.0,203459,Allen Crabbe,1610612757.0,Portland,Trail Blazers,POR,0,0,,,,,,0,0,,,,,
0021500489,169,4,0,2,9:53 PM,4:22,Hayward REBOUND (Off:0 Def:2),,,,,4.0,202330,Gordon Hayward,1610612762.0,Utah,Jazz,UTA,0,0,,,,,,0,0,,,,,
0021500489,170,2,1,2,9:53 PM,4:14,MISS Hayward 10' Jump Shot,,,,,4.0,202330,Gordon Hayward,1610612762.0,Utah,Jazz,UTA,0,0,,,,,,0,0,,,,,
0021500489,171,4,0,2,9:53 PM,4:14,,,Aminu REBOUND (Off:0 Def:4),,,5.0,202329,Al-Farouq Aminu,1610612757.0,Portland,Trail Blazers,POR,0,0,,,,,,0,0,,,,,
0021500489,172,1,1,2,9:53 PM,3:59,,,Crabbe 24' 3PT Jump Shot (7 PTS) (Leonard 2 AST),36 - 52,16,5.0,203459,Allen Crabbe,1610612757.0,Portland,Trail Blazers,POR,5,203086,Meyers Leonard,1610612757.0,Portland,Trail Blazers,POR,0,0,,,,,
0021500489,173,6,1,2,9:53 PM,3:49,,,McCollum P.FOUL (P1.T4) (J.Williams),,,5.0,203468,CJ McCollum,1610612757.0,Portland,Trail Blazers,POR,4,203526,Raul Neto,1610612762.0,Utah,Jazz,UTA,1,0,,,,,
0021500489,174,8,0,2,9:54 PM,3:49,SUB: Johnson FOR Hood,,,,,4.0,203918,Rodney Hood,1610612762.0,Utah,Jazz,UTA,4,203187,Chris Johnson,1610612762.0,Utah,Jazz,UTA,0,0,,,,,
0021500489,175,2,3,2,9:54 PM,3:38,MISS Lyles 3' Hook Shot,,,,,4.0,1626168,Trey Lyles,1610612762.0,Utah,Jazz,UTA,0,0,,,,,,0,0,,,,,
0021500489,176,4,0,2,9:54 PM,3:37,,,Plumlee REBOUND (Off:0 Def:3),,,5.0,203486,Mason Plumlee,1610612757.0,Portland,Trail Blazers,POR,0,0,,,,,,0,0,,,,,
0021500489,177,6,1,2,9:54 PM,3:36,Johnson P.FOUL (P1.T2) (J.Williams),,,,,4.0,203187,Chris Johnson,1610612762.0,Utah,Jazz,UTA,5,203486,Mason Plumlee,1610612757.0,Portland,Trail Blazers,POR,1,0,,,,,
0021500489,178,1,1,2,9:55 PM,3:21,,,Aminu 24' 3PT Jump Shot (3 PTS) (McCollum 3 AST),39 - 52,13,5.0,202329,Al-Farouq Aminu,1610612757.0,Portland,Trail Blazers,POR,5,203468,CJ McCollum,1610612757.0,Portland,Trail Blazers,POR,0,0,,,,,
0021500489,179,2,1,2,9:55 PM,3:00,MISS Hayward 24' 3PT Jump Shot,,,,,4.0,202330,Gordon Hayward,1610612762.0,Utah,Jazz,UTA,0,0,,,,,,0,0,,,,,
0021500489,180,4,0,2,9:55 PM,2:59,,,Plumlee REBOUND (Off:0 Def:4),,,5.0,203486,Mason Plumlee,1610612757.0,Portland,Trail Blazers,POR,0,0,,,,,,0,0,,,,,
0021500489,181,2,66,2,9:55 PM,2:52,,,MISS Crabbe 10' Jump Bank Shot,,,5.0,203459,Allen Crabbe,1610612757.0,Portland,Trail Blazers,POR,0,0,,,,,,0,0,,,,,
0021500489,190,4,0,2,9:55 PM,2:52,,,Aminu REBOUND (Off:1 Def:4),,,5.0,202329,Al-Farouq Aminu,1610612757.0,Portland,Trail Blazers,POR,0,0,,,,,,0,0,,,,,
0021500489,191,2,97,2,9:55 PM,2:52,,,MISS Aminu 2' Tip Layup Shot,,,5.0,202329,Al-Farouq Aminu,1610612757.0,Portland,Trail Blazers,POR,0,0,,,,,,0,0,,,,,
0021500489,182,4,0,2,9:55 PM,2:51,Hayward REBOUND (Off:0 Def:3),,,,,4.0,202330,Gordon Hayward,1610612762.0,Utah,Jazz,UTA,0,0,,,,,,0,0,,,,,
0021500489,183,2,1,2,9:56 PM,2:30,MISS Hayward 25' 3PT Jump Shot,,,,,4.0,202330,Gordon Hayward,1610612762.0,Utah,Jazz,UTA,0,0,,,,,,0,0,,,,,
0021500489,184,4,0,2,9:56 PM,2:30,,,McCollum REBOUND (Off:0 Def:3),,,5.0,203468,CJ McCollum,1610612757.0,Portland,Trail Blazers,POR,0,0,,,,,,0,0,,,,,
0021500489,185,2,5,2,9:56 PM,2:21,,,MISS McCollum 2' Layup,,,5.0,203468,CJ McCollum,1610612757.0,Portland,Trail Blazers,POR,0,0,,,,,,0,0,,,,,
0021500489,186,4,0,2,9:56 PM,2:21,,,Plumlee REBOUND (Off:1 Def:4),,,5.0,203486,Mason Plumlee,1610612757.0,Portland,Trail Blazers,POR,0,0,,,,,,0,0,,,,,
0021500489,187,5,2,2,9:56 PM,2:18,Johnson STEAL (1 STL),,Plumlee Lost Ball Turnover (P1.T9),,,5.0,203486,Mason Plumlee,1610612757.0,Portland,Trail Blazers,POR,4,203187,Chris Johnson,1610612762.0,Utah,Jazz,UTA,0,0,,,,,
0021500489,188,9,1,2,9:56 PM,2:11,JAZZ Timeout: Regular (Full 2 Short 0),,,,,2.0,1610612762,,,,,,0,0,,,,,,0,0,,,,,
0021500489,192,8,0,2,9:58 PM,2:11,SUB: Booker FOR Withey,,,,,4.0,203481,Jeff Withey,1610612762.0,Utah,Jazz,UTA,4,202344,Trevor Booker,1610612762.0,Utah,Jazz,UTA,0,0,,,,,
0021500489,193,8,0,2,9:58 PM,2:11,SUB: Hood FOR Johnson,,,,,4.0,203187,Chris Johnson,1610612762.0,Utah,Jazz,UTA,4,203918,Rodney Hood,1610612762.0,Utah,Jazz,UTA,0,0,,,,,
0021500489,194,8,0,2,9:58 PM,2:11,SUB: Burke FOR Neto,,,,,4.0,203526,Raul Neto,1610612762.0,Utah,Jazz,UTA,4,203504,Trey Burke,1610612762.0,Utah,Jazz,UTA,0,0,,,,,
0021500489,195,1,1,2,9:59 PM,2:03,Hood 25' 3PT Jump Shot (11 PTS) (Hayward 1 AST),,,39 - 55,16,4.0,203918,Rodney Hood,1610612762.0,Utah,Jazz,UTA,4,202330,Gordon Hayward,1610612762.0,Utah,Jazz,UTA,0,0,,,,,
0021500489,196,5,1,2,9:59 PM,1:47,Lyles STEAL (1 STL),,Plumlee Bad Pass Turnover (P2.T10),,,5.0,203486,Mason Plumlee,1610612757.0,Portland,Trail Blazers,POR,4,1626168,Trey Lyles,1610612762.0,Utah,Jazz,UTA,0,0,,,,,
0021500489,197,2,79,2,9:59 PM,1:34,MISS Hood 12' Pullup Jump Shot,,,,,4.0,203918,Rodney Hood,1610612762.0,Utah,Jazz,UTA,0,0,,,,,,0,0,,,,,
0021500489,198,4,0,2,9:59 PM,1:34,Hood REBOUND (Off:2 Def:2),,,,,4.0,203918,Rodney Hood,1610612762.0,Utah,Jazz,UTA,0,0,,,,,,0,0,,,,,
0021500489,199,1,72,2,9:59 PM,1:30,Hood 2' Putback Layup (13 PTS),,,39 - 57,18,4.0,203918,Rodney Hood,1610612762.0,Utah,Jazz,UTA,0,0,,,,,,0,0,,,,,
0021500489,200,2,1,2,9:59 PM,1:15,,,MISS Leonard 24' 3PT Jump Shot,,,5.0,203086,Meyers Leonard,1610612757.0,Portland,Trail Blazers,POR,0,0,,,,,,0,0,,,,,
0021500489,201,4,0,2,9:59 PM,1:14,Hayward REBOUND (Off:0 Def:4),,,,,4.0,202330,Gordon Hayward,1610612762.0,Utah,Jazz,UTA,0,0,,,,,,0,0,,,,,
0021500489,202,2,1,2,10:00 PM,0:58,MISS Burke 20' Jump Shot,,,,,4.0,203504,Trey Burke,1610612762.0,Utah,Jazz,UTA,0,0,,,,,,0,0,,,,,
0021500489,203,4,0,2,10:00 PM,0:57,,,McCollum REBOUND (Off:0 Def:4),,,5.0,203468,CJ McCollum,1610612757.0,Portland,Trail Blazers,POR,0,0,,,,,,0,0,,,,,
0021500489,204,2,1,2,10:00 PM,0:50,,,MISS Crabbe 24' 3PT Jump Shot,,,5.0,203459,Allen Crabbe,1610612757.0,Portland,Trail Blazers,POR,0,0,,,,,,0,0,,,,,
0021500489,205,4,0,2,10:00 PM,0:50,,,Plumlee REBOUND (Off:2 Def:4),,,5.0,203486,Mason Plumlee,1610612757.0,Portland,Trail Blazers,POR,0,0,,,,,,0,0,,,,,
0021500489,206,6,1,2,10:00 PM,0:50,Lyles P.FOUL (P2.T3) (M.McCutchen),,,,,4.0,1626168,Trey Lyles,1610612762.0,Utah,Jazz,UTA,5,203486,Mason Plumlee,1610612757.0,Portland,Trail Blazers,POR,1,0,,,,,
0021500489,207,2,5,2,10:01 PM,0:31,,,MISS Plumlee 2' Layup,,,5.0,203486,Mason Plumlee,1610612757.0,Portland,Trail Blazers,POR,0,0,,,,,,0,0,,,,,
0021500489,208,4,0,2,10:01 PM,0:30,,,Plumlee REBOUND (Off:3 Def:4),,,5.0,203486,Mason Plumlee,1610612757.0,Portland,Trail Blazers,POR,0,0,,,,,,0,0,,,,,
0021500489,209,2,3,2,10:01 PM,0:28,,,MISS Plumlee 5' Hook Shot,,,5.0,203486,Mason Plumlee,1610612757.0,Portland,Trail Blazers,POR,0,0,,,,,,0,0,,,,,
0021500489,210,4,0,2,10:01 PM,0:27,Hayward REBOUND (Off:0 Def:5),,,,,4.0,202330,Gordon Hayward,1610612762.0,Utah,Jazz,UTA,0,0,,,,,,0,0,,,,,
0021500489,211,5,8,2,10:01 PM,0:04,Booker 3 Second Violation Turnover (P1.T1),,,,,4.0,202344,Trevor Booker,1610612762.0,Utah,Jazz,UTA,0,0,,,,,,1,0,,,,,
0021500489,212,8,0,2,10:01 PM,0:04,SUB: Withey FOR Lyles,,,,,4.0,1626168,Trey Lyles,1610612762.0,Utah,Jazz,UTA,4,203481,Jeff Withey,1610612762.0,Utah,Jazz,UTA,0,0,,,,,
0021500489,213,2,49,2,10:02 PM,0:01,Withey BLOCK (2 BLK),,MISS McCollum  Driving Dunk,,,5.0,203468,CJ McCollum,1610612757.0,Portland,Trail Blazers,POR,0,0,,,,,,4,203481,Jeff Withey,1610612762.0,Utah,Jazz,UTA
0021500489,214,4,0,2,10:02 PM,0:00,,,Trail Blazers Rebound,,,3.0,1610612757,,,,,,0,0,,,,,,0,0,,,,,
0021500489,215,13,0,2,10:02 PM,0:00,,,,39 - 57,18,0.0,0,,,,,,0,0,,,,,,0,0,,,,,
0021500489,217,12,0,3,10:17 PM,12:00,,,,39 - 57,18,0.0,0,,,,,,0,0,,,,,,0,0,,,,,
0021500489,218,2,1,3,10:18 PM,11:47,,,MISS McCollum 25' 3PT Jump Shot,,,5.0,203468,CJ McCollum,1610612757.0,Portland,Trail Blazers,POR,0,0,,,,,,0,0,,,,,
0021500489,219,4,0,3,10:18 PM,11:47,Hood REBOUND (Off:2 Def:3),,,,,4.0,203918,Rodney Hood,1610612762.0,Utah,Jazz,UTA,0,0,,,,,,0,0,,,,,
0021500489,220,1,1,3,10:18 PM,11:28,Hayward  3PT Jump Shot (13 PTS) (Hood 5 AST),,,39 - 60,21,4.0,202330,Gordon Hayward,1610612762.0,Utah,Jazz,UTA,4,203918,Rodney Hood,1610612762.0,Utah,Jazz,UTA,0,0,,,,,
0021500489,221,2,1,3,10:18 PM,11:12,,,MISS Aminu 25' 3PT Jump Shot,,,5.0,202329,Al-Farouq Aminu,1610612757.0,Portland,Trail Blazers,POR,0,0,,,,,,0,0,,,,,
0021500489,222,4,0,3,10:18 PM,11:11,Lyles REBOUND (Off:0 Def:2),,,,,4.0,1626168,Trey Lyles,1610612762.0,Utah,Jazz,UTA,0,0,,,,,,0,0,,,,,
0021500489,223,6,4,3,10:19 PM,10:54,Withey OFF.Foul (P1) (J.Williams),,,,,4.0,203481,Jeff Withey,1610612762.0,Utah,Jazz,UTA,5,202329,Al-Farouq Aminu,1610612757.0,Portland,Trail Blazers,POR,1,0,,,,,
0021500489,224,5,5,3,10:19 PM,10:54,Withey Foul Turnover (P1.T2),,,,,4.0,203481,Jeff Withey,1610612762.0,Utah,Jazz,UTA,0,0,,,,,,1,0,,,,,
0021500489,225,6,2,3,10:19 PM,10:33,Lyles S.FOUL (P3.T1) (M.Ervin),,,,,4.0,1626168,Trey Lyles,1610612762.0,Utah,Jazz,UTA,5,203943,Noah Vonleh,1610612757.0,Portland,Trail Blazers,POR,1,0,,,,,
0021500489,226,3,11,3,10:19 PM,10:33,,,Vonleh Free Throw 1 of 2 (3 PTS),40 - 60,20,5.0,203943,Noah Vonleh,1610612757.0,Portland,Trail Blazers,POR,0,0,,,,,,0,0,,,,,
0021500489,228,3,12,3,10:19 PM,10:33,,,Vonleh Free Throw 2 of 2 (4 PTS),41 - 60,19,5.0,203943,Noah Vonleh,1610612757.0,Portland,Trail Blazers,POR,0,0,,,,,,0,0,,,,,
0021500489,230,2,1,3,10:20 PM,10:20,MISS Lyles  3PT Jump Shot,,,,,4.0,1626168,Trey Lyles,1610612762.0,Utah,Jazz,UTA,0,0,,,,,,0,0,,,,,
0021500489,231,4,0,3,10:20 PM,10:18,,,Aminu REBOUND (Off:1 Def:5),,,5.0,202329,Al-Farouq Aminu,1610612757.0,Portland,Trail Blazers,POR,0,0,,,,,,0,0,,,,,
0021500489,232,2,1,3,10:20 PM,10:12,,,MISS Crabbe 24' 3PT Jump Shot,,,5.0,203459,Allen Crabbe,1610612757.0,Portland,Trail Blazers,POR,0,0,,,,,,0,0,,,,,
0021500489,233,4,0,3,10:20 PM,10:11,Hayward REBOUND (Off:0 Def:6),,,,,4.0,202330,Gordon Hayward,1610612762.0,Utah,Jazz,UTA,0,0,,,,,,0,0,,,,,
0021500489,234,1,42,3,10:20 PM,9:57,Hood 3' Driving Layup (15 PTS),,,41 - 62,21,4.0,203918,Rodney Hood,1610612762.0,Utah,Jazz,UTA,0,0,,,,,,0,0,,,,,
0021500489,235,6,2,3,10:21 PM,9:44,Withey S.FOUL (P2.T2) (J.Williams),,,,,4.0,203481,Jeff Withey,1610612762.0,Utah,Jazz,UTA,5,203486,Mason Plumlee,1610612757.0,Portland,Trail Blazers,POR,1,0,,,,,
0021500489,236,3,11,3,10:21 PM,9:44,,,MISS Plumlee Free Throw 1 of 2,,,5.0,203486,Mason Plumlee,1610612757.0,Portland,Trail Blazers,POR,0,0,,,,,,0,0,,,,,
0021500489,237,4,1,3,10:21 PM,9:44,,,Trail Blazers Rebound,,,3.0,1610612757,,,,,,0,0,,,,,,0,0,,,,,
0021500489,238,3,12,3,10:21 PM,9:44,,,Plumlee Free Throw 2 of 2 (3 PTS),42 - 62,20,5.0,203486,Mason Plumlee,1610612757.0,Portland,Trail Blazers,POR,0,0,,,,,,0,0,,,,,
0021500489,240,1,79,3,10:21 PM,9:24,Hood 24' 3PT Pullup Jump Shot (18 PTS),,,42 - 65,23,4.0,203918,Rodney Hood,1610612762.0,Utah,Jazz,UTA,0,0,,,,,,0,0,,,,,
0021500489,241,2,1,3,10:22 PM,9:07,,,MISS McCollum 24' 3PT Jump Shot,,,5.0,203468,CJ McCollum,1610612757.0,Portland,Trail Blazers,POR,0,0,,,,,,0,0,,,,,
0021500489,242,4,0,3,10:22 PM,9:07,Lyles REBOUND (Off:0 Def:3),,,,,4.0,1626168,Trey Lyles,1610612762.0,Utah,Jazz,UTA,0,0,,,,,,0,0,,,,,
0021500489,243,6,1,3,10:22 PM,9:00,,,Aminu P.FOUL (P1.T1) (M.McCutchen),,,5.0,202329,Al-Farouq Aminu,1610612757.0,Portland,Trail Blazers,POR,4,202330,Gordon Hayward,1610612762.0,Utah,Jazz,UTA,1,0,,,,,
0021500489,244,2,1,3,10:22 PM,8:43,MISS Hayward 25' 3PT Jump Shot,,,,,4.0,202330,Gordon Hayward,1610612762.0,Utah,Jazz,UTA,0,0,,,,,,0,0,,,,,
0021500489,245,4,0,3,10:22 PM,8:42,Lyles REBOUND (Off:1 Def:3),,,,,4.0,1626168,Trey Lyles,1610612762.0,Utah,Jazz,UTA,0,0,,,,,,0,0,,,,,
0021500489,246,1,1,3,10:23 PM,8:37,Hayward 24' 3PT Jump Shot (16 PTS) (Lyles 1 AST),,,42 - 68,26,4.0,202330,Gordon Hayward,1610612762.0,Utah,Jazz,UTA,4,1626168,Trey Lyles,1610612762.0,Utah,Jazz,UTA,0,0,,,,,
0021500489,247,6,17,3,10:23 PM,8:26,JAZZ T.Foul (Def. 3 Sec Lyles ) (M.Ervin),,,,,4.0,1626168,Trey Lyles,1610612762.0,Utah,Jazz,UTA,0,0,,,,,,1,0,,,,,
0021500489,248,3,16,3,10:23 PM,8:26,,,MISS McCollum Free Throw Technical,,,5.0,203468,CJ McCollum,1610612757.0,Portland,Trail Blazers,POR,0,0,,,,,,0,0,,,,,
0021500489,249,4,1,3,10:23 PM,8:26,,,Trail Blazers Rebound,,,3.0,1610612757,,,,,,0,0,,,,,,0,0,,,,,
0021500489,250,6,1,3,10:24 PM,8:20,Neto P.FOUL (P1.T3) (M.Ervin),,,,,4.0,203526,Raul Neto,1610612762.0,Utah,Jazz,UTA,5,203943,Noah Vonleh,1610612757.0,Portland,Trail Blazers,POR,1,0,,,,,
0021500489,251,1,1,3,10:24 PM,8:11,,,Aminu 19' Jump Shot (5 PTS) (McCollum 4 AST),44 - 68,24,5.0,202329,Al-Farouq Aminu,1610612757.0,Portland,Trail Blazers,POR,5,203468,CJ McCollum,1610612757.0,Portland,Trail Blazers,POR,0,0,,,,,
0021500489,254,2,1,3,10:24 PM,7:52,MISS Hayward 22' Jump Shot,,,,,4.0,202330,Gordon Hayward,1610612762.0,Utah,Jazz,UTA,0,0,,,,,,0,0,,,,,
0021500489,255,4,0,3,10:24 PM,7:51,,,McCollum REBOUND (Off:0 Def:5),,,5.0,203468,CJ McCollum,1610612757.0,Portland,Trail Blazers,POR,0,0,,,,,,0,0,,,,,
0021500489,256,2,1,3,10:24 PM,7:43,,,MISS McCollum 20' Jump Shot,,,5.0,203468,CJ McCollum,1610612757.0,Portland,Trail Blazers,POR,0,0,,,,,,0,0,,,,,
0021500489,257,4,0,3,10:25 PM,7:42,,,Plumlee REBOUND (Off:4 Def:4),,,5.0,203486,Mason Plumlee,1610612757.0,Portland,Trail Blazers,POR,0,0,,,,,,0,0,,,,,
0021500489,258,2,1,3,10:25 PM,7:39,,,MISS Aminu 24' 3PT Jump Shot,,,5.0,202329,Al-Farouq Aminu,1610612757.0,Portland,Trail Blazers,POR,0,0,,,,,,0,0,,,,,
0021500489,259,4,0,3,10:25 PM,7:38,Hayward REBOUND (Off:0 Def:7),,,,,4.0,202330,Gordon Hayward,1610612762.0,Utah,Jazz,UTA,0,0,,,,,,0,0,,,,,
0021500489,260,2,1,3,10:25 PM,7:18,MISS Hood  3PT Jump Shot,,,,,4.0,203918,Rodney Hood,1610612762.0,Utah,Jazz,UTA,0,0,,,,,,0,0,,,,,
0021500489,261,4,0,3,10:25 PM,7:17,,,Plumlee REBOUND (Off:4 Def:5),,,5.0,203486,Mason Plumlee,1610612757.0,Portland,Trail Blazers,POR,0,0,,,,,,0,0,,,,,
0021500489,262,1,46,3,10:25 PM,7:12,,,Crabbe 4' Running Jump Shot (9 PTS),46 - 68,22,5.0,203459,Allen Crabbe,1610612757.0,Portland,Trail Blazers,POR,0,0,,,,,,0,0,,,,,
0021500489,263,1,44,3,10:25 PM,6:54,Neto 2' Reverse Layup (7 PTS) (Lyles 2 AST),,,46 - 70,24,4.0,203526,Raul Neto,1610612762.0,Utah,Jazz,UTA,4,1626168,Trey Lyles,1610612762.0,Utah,Jazz,UTA,0,0,,,,,
0021500489,264,2,1,3,10:25 PM,6:44,Hood BLOCK (1 BLK),,MISS Plumlee 3' Jump Shot,,,5.0,203486,Mason Plumlee,1610612757.0,Portland,Trail Blazers,POR,0,0,,,,,,4,203918,Rodney Hood,1610612762.0,Utah,Jazz,UTA
0021500489,265,4,0,3,10:25 PM,6:42,Lyles REBOUND (Off:1 Def:4),,,,,4.0,1626168,Trey Lyles,1610612762.0,Utah,Jazz,UTA,0,0,,,,,,0,0,,,,,
0021500489,266,5,1,3,10:26 PM,6:34,Lyles Bad Pass Turnover (P1.T3),,,,,4.0,1626168,Trey Lyles,1610612762.0,Utah,Jazz,UTA,0,0,,,,,,0,0,,,,,
0021500489,267,8,0,3,10:26 PM,6:34,SUB: Booker FOR Lyles,,,,,4.0,1626168,Trey Lyles,1610612762.0,Utah,Jazz,UTA,4,202344,Trevor Booker,1610612762.0,Utah,Jazz,UTA,0,0,,,,,
0021500489,268,8,0,3,10:26 PM,6:34,SUB: Johnson FOR Hood,,,,,4.0,203918,Rodney Hood,1610612762.0,Utah,Jazz,UTA,4,203187,Chris Johnson,1610612762.0,Utah,Jazz,UTA,0,0,,,,,
0021500489,269,6,1,3,10:26 PM,6:27,Withey P.FOUL (P3.T4) (M.McCutchen),,,,,4.0,203481,Jeff Withey,1610612762.0,Utah,Jazz,UTA,5,203486,Mason Plumlee,1610612757.0,Portland,Trail Blazers,POR,1,0,,,,,
0021500489,270,8,0,3,10:26 PM,6:27,,,SUB: Frazier FOR Aminu,,,5.0,202329,Al-Farouq Aminu,1610612757.0,Portland,Trail Blazers,POR,5,204025,Tim Frazier,1610612757.0,Portland,Trail Blazers,POR,0,0,,,,,
0021500489,271,2,44,3,10:27 PM,6:19,Withey BLOCK (3 BLK),,MISS Plumlee 2' Reverse Layup,,,5.0,203486,Mason Plumlee,1610612757.0,Portland,Trail Blazers,POR,0,0,,,,,,4,203481,Jeff Withey,1610612762.0,Utah,Jazz,UTA
0021500489,272,4,0,3,10:27 PM,6:18,Hayward REBOUND (Off:0 Def:8),,,,,4.0,202330,Gordon Hayward,1610612762.0,Utah,Jazz,UTA,0,0,,,,,,0,0,,,,,
0021500489,273,1,41,3,10:27 PM,6:16,Johnson 2' Running Layup (2 PTS),,,46 - 72,26,4.0,203187,Chris Johnson,1610612762.0,Utah,Jazz,UTA,0,0,,,,,,0,0,,,,,
0021500489,274,6,2,3,10:27 PM,6:16,,,McCollum S.FOUL (P2.T2) (J.Williams),,,5.0,203468,CJ McCollum,1610612757.0,Portland,Trail Blazers,POR,4,203187,Chris Johnson,1610612762.0,Utah,Jazz,UTA,1,0,,,,,
0021500489,275,8,0,3,10:27 PM,6:16,,,SUB: Leonard FOR Plumlee,,,5.0,203486,Mason Plumlee,1610612757.0,Portland,Trail Blazers,POR,5,203086,Meyers Leonard,1610612757.0,Portland,Trail Blazers,POR,0,0,,,,,
0021500489,276,3,10,3,10:27 PM,6:16,Johnson Free Throw 1 of 1 (3 PTS),,,46 - 73,27,4.0,203187,Chris Johnson,1610612762.0,Utah,Jazz,UTA,0,0,,,,,,0,0,,,,,
0021500489,278,2,1,3,10:28 PM,6:01,,,MISS McCollum 25' 3PT Jump Shot,,,5.0,203468,CJ McCollum,1610612757.0,Portland,Trail Blazers,POR,0,0,,,,,,0,0,,,,,
0021500489,279,4,0,3,10:28 PM,6:00,Hayward REBOUND (Off:0 Def:9),,,,,4.0,202330,Gordon Hayward,1610612762.0,Utah,Jazz,UTA,0,0,,,,,,0,0,,,,,
0021500489,280,1,1,3,10:28 PM,5:44,Johnson 18' Jump Shot (5 PTS) (Withey 1 AST),,,46 - 75,29,4.0,203187,Chris Johnson,1610612762.0,Utah,Jazz,UTA,4,203481,Jeff Withey,1610612762.0,Utah,Jazz,UTA,0,0,,,,,
0021500489,281,9,1,3,10:28 PM,5:44,,,Trail Blazers Timeout: Regular (Reg.3 Short 1),,,3.0,1610612757,,,,,,0,0,,,,,,0,0,,,,,
0021500489,283,1,78,3,10:31 PM,5:26,,,Crabbe 16' Floating Jump Shot (11 PTS),48 - 75,27,5.0,203459,Allen Crabbe,1610612757.0,Portland,Trail Blazers,POR,0,0,,,,,,0,0,,,,,
0021500489,284,2,1,3,10:31 PM,5:11,MISS Neto 25' 3PT Jump Shot,,,,,4.0,203526,Raul Neto,1610612762.0,Utah,Jazz,UTA,0,0,,,,,,0,0,,,,,
0021500489,285,4,0,3,10:31 PM,5:11,,,Vonleh REBOUND (Off:0 Def:2),,,5.0,203943,Noah Vonleh,1610612757.0,Portland,Trail Blazers,POR,0,0,,,,,,0,0,,,,,
0021500489,286,2,79,3,10:31 PM,5:02,,,MISS McCollum 14' Pullup Jump Shot,,,5.0,203468,CJ McCollum,1610612757.0,Portland,Trail Blazers,POR,0,0,,,,,,0,0,,,,,
0021500489,287,4,0,3,10:31 PM,5:02,Hayward REBOUND (Off:0 Def:10),,,,,4.0,202330,Gordon Hayward,1610612762.0,Utah,Jazz,UTA,0,0,,,,,,0,0,,,,,
0021500489,288,6,1,3,10:32 PM,4:56,,,Crabbe P.FOUL (P2.T3) (J.Williams),,,5.0,203459,Allen Crabbe,1610612757.0,Portland,Trail Blazers,POR,4,202330,Gordon Hayward,1610612762.0,Utah,Jazz,UTA,1,0,,,,,
0021500489,289,8,0,3,10:32 PM,4:56,SUB: Burke FOR Neto,,,,,4.0,203526,Raul Neto,1610612762.0,Utah,Jazz,UTA,4,203504,Trey Burke,1610612762.0,Utah,Jazz,UTA,0,0,,,,,
0021500489,290,2,5,3,10:32 PM,4:44,MISS Withey 3' Layup,,,,,4.0,203481,Jeff Withey,1610612762.0,Utah,Jazz,UTA,0,0,,,,,,0,0,,,,,
0021500489,291,4,0,3,10:32 PM,4:43,,,Vonleh REBOUND (Off:0 Def:3),,,5.0,203943,Noah Vonleh,1610612757.0,Portland,Trail Blazers,POR,0,0,,,,,,0,0,,,,,
0021500489,292,1,1,3,10:32 PM,4:36,,,McCollum 24' 3PT Jump Shot (15 PTS) (Frazier 1 AST),51 - 75,24,5.0,203468,CJ McCollum,1610612757.0,Portland,Trail Blazers,POR,5,204025,Tim Frazier,1610612757.0,Portland,Trail Blazers,POR,0,0,,,,,
0021500489,293,2,63,3,10:33 PM,4:11,MISS Booker 13' Fadeaway Jumper,,,,,4.0,202344,Trevor Booker,1610612762.0,Utah,Jazz,UTA,0,0,,,,,,0,0,,,,,
0021500489,294,4,0,3,10:33 PM,4:09,,,Crabbe REBOUND (Off:0 Def:2),,,5.0,203459,Allen Crabbe,1610612757.0,Portland,Trail Blazers,POR,0,0,,,,,,0,0,,,,,
0021500489,295,1,1,3,10:33 PM,4:03,,,Crabbe 25' 3PT Jump Shot (14 PTS) (McCollum 5 AST),54 - 75,21,5.0,203459,Allen Crabbe,1610612757.0,Portland,Trail Blazers,POR,5,203468,CJ McCollum,1610612757.0,Portland,Trail Blazers,POR,0,0,,,,,
0021500489,296,6,2,3,10:33 PM,4:03,Johnson S.FOUL (P2.PN) (J.Williams),,,,,4.0,203187,Chris Johnson,1610612762.0,Utah,Jazz,UTA,5,203459,Allen Crabbe,1610612757.0,Portland,Trail Blazers,POR,1,0,,,,,
0021500489,297,8,0,3,10:33 PM,4:03,SUB: Lyles FOR Withey,,,,,4.0,203481,Jeff Withey,1610612762.0,Utah,Jazz,UTA,4,1626168,Trey Lyles,1610612762.0,Utah,Jazz,UTA,0,0,,,,,
0021500489,298,3,10,3,10:33 PM,4:03,,,Crabbe Free Throw 1 of 1 (15 PTS),55 - 75,20,5.0,203459,Allen Crabbe,1610612757.0,Portland,Trail Blazers,POR,0,0,,,,,,0,0,,,,,
0021500489,300,6,1,3,10:34 PM,3:50,,,Crabbe P.FOUL (P3.T4) (M.Ervin),,,5.0,203459,Allen Crabbe,1610612757.0,Portland,Trail Blazers,POR,4,202330,Gordon Hayward,1610612762.0,Utah,Jazz,UTA,1,0,,,,,
0021500489,301,10,0,3,10:34 PM,3:41,Jump Ball Hayward vs. Vonleh: Tip to Johnson,,,,,4.0,202330,Gordon Hayward,1610612762.0,Utah,Jazz,UTA,5,203943,Noah Vonleh,1610612757.0,Portland,Trail Blazers,POR,4,203187,Chris Johnson,1610612762.0,Utah,Jazz,UTA
0021500489,302,2,1,3,10:35 PM,3:34,MISS Johnson 25' 3PT Jump Shot,,,,,4.0,203187,Chris Johnson,1610612762.0,Utah,Jazz,UTA,0,0,,,,,,0,0,,,,,
0021500489,303,4,0,3,10:35 PM,3:33,Lyles REBOUND (Off:2 Def:4),,,,,4.0,1626168,Trey Lyles,1610612762.0,Utah,Jazz,UTA,0,0,,,,,,0,0,,,,,
0021500489,304,6,1,3,10:35 PM,3:28,,,Frazier P.FOUL (P1.PN) (M.McCutchen),,,5.0,204025,Tim Frazier,1610612757.0,Portland,Trail Blazers,POR,4,203504,Trey Burke,1610612762.0,Utah,Jazz,UTA,1,0,,,,,
0021500489,305,3,11,3,10:35 PM,3:28,Burke Free Throw 1 of 2 (14 PTS),,,55 - 76,21,4.0,203504,Trey Burke,1610612762.0,Utah,Jazz,UTA,0,0,,,,,,0,0,,,,,
0021500489,307,8,0,3,10:35 PM,3:28,,,SUB: Harkless FOR Vonleh,,,5.0,203943,Noah Vonleh,1610612757.0,Portland,Trail Blazers,POR,5,203090,Maurice Harkless,1610612757.0,Portland,Trail Blazers,POR,0,0,,,,,
0021500489,308,3,12,3,10:35 PM,3:28,MISS Burke Free Throw 2 of 2,,,,,4.0,203504,Trey Burke,1610612762.0,Utah,Jazz,UTA,0,0,,,,,,0,0,,,,,
0021500489,310,4,0,3,10:35 PM,3:28,,,Crabbe REBOUND (Off:0 Def:3),,,5.0,203459,Allen Crabbe,1610612757.0,Portland,Trail Blazers,POR,0,0,,,,,,0,0,,,,,
0021500489,311,1,1,3,10:36 PM,3:16,,,Leonard 19' Jump Shot (8 PTS) (McCollum 6 AST),57 - 76,19,5.0,203086,Meyers Leonard,1610612757.0,Portland,Trail Blazers,POR,5,203468,CJ McCollum,1610612757.0,Portland,Trail Blazers,POR,0,0,,,,,
0021500489,312,1,41,3,10:36 PM,3:05,Burke 3' Running Layup (16 PTS),,,57 - 78,21,4.0,203504,Trey Burke,1610612762.0,Utah,Jazz,UTA,0,0,,,,,,0,0,,,,,
0021500489,313,1,85,3,10:36 PM,2:39,,,Harkless 5' Turnaround Bank Shot (4 PTS),59 - 78,19,5.0,203090,Maurice Harkless,1610612757.0,Portland,Trail Blazers,POR,0,0,,,,,,0,0,,,,,
0021500489,314,9,1,3,10:36 PM,2:30,JAZZ Timeout: Regular (Full 3 Short 0),,,,,2.0,1610612762,,,,,,0,0,,,,,,0,0,,,,,
0021500489,316,2,1,3,10:39 PM,2:14,MISS Lyles 4' Jump Shot,,,,,4.0,1626168,Trey Lyles,1610612762.0,Utah,Jazz,UTA,0,0,,,,,,0,0,,,,,
0021500489,317,4,0,3,10:39 PM,2:13,Booker REBOUND (Off:1 Def:2),,,,,4.0,202344,Trevor Booker,1610612762.0,Utah,Jazz,UTA,0,0,,,,,,0,0,,,,,
0021500489,318,6,2,3,10:39 PM,2:12,,,Leonard S.FOUL (P1.PN) (M.Ervin),,,5.0,203086,Meyers Leonard,1610612757.0,Portland,Trail Blazers,POR,4,202344,Trevor Booker,1610612762.0,Utah,Jazz,UTA,1,0,,,,,
0021500489,319,3,11,3,10:40 PM,2:12,Booker Free Throw 1 of 2 (1 PTS),,,59 - 79,20,4.0,202344,Trevor Booker,1610612762.0,Utah,Jazz,UTA,0,0,,,,,,0,0,,,,,
0021500489,321,3,12,3,10:40 PM,2:12,MISS Booker Free Throw 2 of 2,,,,,4.0,202344,Trevor Booker,1610612762.0,Utah,Jazz,UTA,0,0,,,,,,0,0,,,,,
0021500489,323,4,0,3,10:40 PM,2:12,,,Harkless REBOUND (Off:1 Def:1),,,5.0,203090,Maurice Harkless,1610612757.0,Portland,Trail Blazers,POR,0,0,,,,,,0,0,,,,,
0021500489,324,1,42,3,10:40 PM,1:50,,,McCollum 3' Driving Layup (17 PTS),61 - 79,18,5.0,203468,CJ McCollum,1610612757.0,Portland,Trail Blazers,POR,0,0,,,,,,0,0,,,,,
0021500489,325,6,2,3,10:41 PM,1:33,,,Crabbe S.FOUL (P4.PN) (M.McCutchen),,,5.0,203459,Allen Crabbe,1610612757.0,Portland,Trail Blazers,POR,4,202330,Gordon Hayward,1610612762.0,Utah,Jazz,UTA,1,0,,,,,
0021500489,326,3,11,3,10:41 PM,1:33,Hayward Free Throw 1 of 2 (17 PTS),,,61 - 80,19,4.0,202330,Gordon Hayward,1610612762.0,Utah,Jazz,UTA,0,0,,,,,,0,0,,,,,
0021500489,328,8,0,3,10:41 PM,1:33,SUB: Ingles FOR Lyles,,,,,4.0,1626168,Trey Lyles,1610612762.0,Utah,Jazz,UTA,4,204060,Joe Ingles,1610612762.0,Utah,Jazz,UTA,0,0,,,,,
0021500489,329,3,12,3,10:41 PM,1:33,Hayward Free Throw 2 of 2 (18 PTS),,,61 - 81,20,4.0,202330,Gordon Hayward,1610612762.0,Utah,Jazz,UTA,0,0,,,,,,0,0,,,,,
0021500489,331,1,1,3,10:42 PM,1:19,,,McCollum 20' Jump Shot (19 PTS),63 - 81,18,5.0,203468,CJ McCollum,1610612757.0,Portland,Trail Blazers,POR,0,0,,,,,,0,0,,,,,
0021500489,332,1,1,3,10:42 PM,1:00,Burke 24' 3PT Jump Shot (19 PTS) (Johnson 1 AST),,,63 - 84,21,4.0,203504,Trey Burke,1610612762.0,Utah,Jazz,UTA,4,203187,Chris Johnson,1610612762.0,Utah,Jazz,UTA,0,0,,,,,
0021500489,333,1,1,3,10:43 PM,0:40,,,McCollum 24' 3PT Jump Shot (22 PTS),66 - 84,18,5.0,203468,CJ McCollum,1610612757.0,Portland,Trail Blazers,POR,0,0,,,,,,0,0,,,,,
0021500489,334,2,1,3,10:43 PM,0:33,MISS Hayward 25' 3PT Jump Shot,,,,,4.0,202330,Gordon Hayward,1610612762.0,Utah,Jazz,UTA,0,0,,,,,,0,0,,,,,
0021500489,335,4,0,3,10:43 PM,0:33,Ingles REBOUND (Off:2 Def:0),,,,,4.0,204060,Joe Ingles,1610612762.0,Utah,Jazz,UTA,0,0,,,,,,0,0,,,,,
0021500489,336,1,1,3,10:43 PM,0:20,Burke 13' Jump Shot (21 PTS),,,66 - 86,20,4.0,203504,Trey Burke,1610612762.0,Utah,Jazz,UTA,0,0,,,,,,0,0,,,,,
0021500489,337,1,1,3,10:43 PM,0:03,,,McCollum 26' 3PT Jump Shot (25 PTS),69 - 86,17,5.0,203468,CJ McCollum,1610612757.0,Portland,Trail Blazers,POR,0,0,,,,,,0,0,,,,,
0021500489,338,5,1,3,10:44 PM,0:02,Johnson Bad Pass Turnover (P1.T4),,Harkless STEAL (1 STL),,,4.0,203187,Chris Johnson,1610612762.0,Utah,Jazz,UTA,5,203090,Maurice Harkless,1610612757.0,Portland,Trail Blazers,POR,0,0,,,,,
0021500489,339,6,1,3,10:44 PM,0:02,Ingles P.FOUL (P3.PN) (M.Ervin),,,,,4.0,204060,Joe Ingles,1610612762.0,Utah,Jazz,UTA,5,203090,Maurice Harkless,1610612757.0,Portland,Trail Blazers,POR,1,0,,,,,
0021500489,340,3,11,3,10:44 PM,0:02,,,Harkless Free Throw 1 of 2 (5 PTS),70 - 86,16,5.0,203090,Maurice Harkless,1610612757.0,Portland,Trail Blazers,POR,0,0,,,,,,0,0,,,,,
0021500489,342,8,0,3,10:44 PM,0:02,SUB: Withey FOR Johnson,,,,,4.0,203187,Chris Johnson,1610612762.0,Utah,Jazz,UTA,4,203481,Jeff Withey,1610612762.0,Utah,Jazz,UTA,0,0,,,,,
0021500489,343,3,12,3,10:44 PM,0:02,,,Harkless Free Throw 2 of 2 (6 PTS),71 - 86,15,5.0,203090,Maurice Harkless,1610612757.0,Portland,Trail Blazers,POR,0,0,,,,,,0,0,,,,,
0021500489,345,2,1,3,10:45 PM,0:01,MISS Burke 67' 3PT Jump Shot,,,,,4.0,203504,Trey Burke,1610612762.0,Utah,Jazz,UTA,0,0,,,,,,0,0,,,,,
0021500489,346,4,0,3,10:45 PM,0:00,JAZZ Rebound,,,,,2.0,1610612762,,,,,,0,0,,,,,,0,0,,,,,
0021500489,348,13,0,3,10:45 PM,0:00,,,,71 - 86,15,0.0,0,,,,,,0,0,,,,,,0,0,,,,,
0021500489,350,12,0,4,10:47 PM,12:00,,,,71 - 86,15,0.0,0,,,,,,0,0,,,,,,0,0,,,,,
0021500489,351,2,1,4,10:48 PM,11:37,MISS Hood 24' 3PT Jump Shot,,,,,4.0,203918,Rodney Hood,1610612762.0,Utah,Jazz,UTA,0,0,,,,,,0,0,,,,,
0021500489,352,4,0,4,10:48 PM,11:36,JAZZ Rebound,,,,,2.0,1610612762,,,,,,0,0,,,,,,0,0,,,,,
0021500489,354,5,11,4,10:48 PM,11:36,JAZZ Turnover: Shot Clock (T#5),,,,,2.0,1610612762,,,,,,0,0,,,,,,1,0,,,,,
0021500489,355,1,1,4,10:48 PM,11:17,,,Leonard 24' 3PT Jump Shot (11 PTS) (Crabbe 1 AST),74 - 86,12,5.0,203086,Meyers Leonard,1610612757.0,Portland,Trail Blazers,POR,5,203459,Allen Crabbe,1610612757.0,Portland,Trail Blazers,POR,0,0,,,,,
0021500489,356,1,80,4,10:49 PM,10:52,Burke 20' Step Back Jump Shot (23 PTS),,,74 - 88,14,4.0,203504,Trey Burke,1610612762.0,Utah,Jazz,UTA,0,0,,,,,,0,0,,,,,
0021500489,357,2,1,4,10:49 PM,10:28,,,MISS McCollum 16' Jump Shot,,,5.0,203468,CJ McCollum,1610612757.0,Portland,Trail Blazers,POR,0,0,,,,,,0,0,,,,,
0021500489,358,4,0,4,10:49 PM,10:28,Hood REBOUND (Off:2 Def:4),,,,,4.0,203918,Rodney Hood,1610612762.0,Utah,Jazz,UTA,0,0,,,,,,0,0,,,,,
0021500489,359,1,49,4,10:50 PM,10:07,Withey  Driving Dunk (7 PTS) (Burke 2 AST),,,74 - 90,16,4.0,203481,Jeff Withey,1610612762.0,Utah,Jazz,UTA,4,203504,Trey Burke,1610612762.0,Utah,Jazz,UTA,0,0,,,,,
0021500489,360,6,2,4,10:50 PM,10:07,,,McCollum S.FOUL (P3.T1) (J.Williams),,,5.0,203468,CJ McCollum,1610612757.0,Portland,Trail Blazers,POR,4,203481,Jeff Withey,1610612762.0,Utah,Jazz,UTA,1,0,,,,,
0021500489,361,8,0,4,10:50 PM,10:07,,,SUB: Aminu FOR Crabbe,,,5.0,203459,Allen Crabbe,1610612757.0,Portland,Trail Blazers,POR,5,202329,Al-Farouq Aminu,1610612757.0,Portland,Trail Blazers,POR,0,0,,,,,
0021500489,362,3,10,4,10:50 PM,10:07,Withey Free Throw 1 of 1 (8 PTS),,,74 - 91,17,4.0,203481,Jeff Withey,1610612762.0,Utah,Jazz,UTA,0,0,,,,,,0,0,,,,,
0021500489,364,9,1,4,10:50 PM,9:53,,,Trail Blazers Timeout: Regular (Reg.4 Short 1),,,3.0,1610612757,,,,,,0,0,,,,,,0,0,,,,,
0021500489,366,2,1,4,10:53 PM,9:46,,,MISS Frazier  3PT Jump Shot,,,5.0,204025,Tim Frazier,1610612757.0,Portland,Trail Blazers,POR,0,0,,,,,,0,0,,,,,
0021500489,367,4,0,4,10:53 PM,9:46,Withey REBOUND (Off:1 Def:1),,,,,4.0,203481,Jeff Withey,1610612762.0,Utah,Jazz,UTA,0,0,,,,,,0,0,,,,,
0021500489,368,6,1,4,10:53 PM,9:35,,,Frazier P.FOUL (P2.T2) (J.Williams),,,5.0,204025,Tim Frazier,1610612757.0,Portland,Trail Blazers,POR,4,203504,Trey Burke,1610612762.0,Utah,Jazz,UTA,1,0,,,,,
0021500489,369,1,44,4,10:54 PM,9:19,Booker 2' Reverse Layup (3 PTS) (Hood 6 AST),,,74 - 93,19,4.0,202344,Trevor Booker,1610612762.0,Utah,Jazz,UTA,4,203918,Rodney Hood,1610612762.0,Utah,Jazz,UTA,0,0,,,,,
0021500489,370,6,1,4,10:54 PM,9:05,Hood P.FOUL (P2.T1) (M.McCutchen),,,,,4.0,203918,Rodney Hood,1610612762.0,Utah,Jazz,UTA,5,203468,CJ McCollum,1610612757.0,Portland,Trail Blazers,POR,1,0,,,,,
0021500489,371,1,1,4,10:55 PM,8:54,,,Leonard 25' 3PT Jump Shot (14 PTS) (Aminu 1 AST),77 - 93,16,5.0,203086,Meyers Leonard,1610612757.0,Portland,Trail Blazers,POR,5,202329,Al-Farouq Aminu,1610612757.0,Portland,Trail Blazers,POR,0,0,,,,,
0021500489,372,1,79,4,10:55 PM,8:33,Burke 17' Pullup Jump Shot (25 PTS),,,77 - 95,18,4.0,203504,Trey Burke,1610612762.0,Utah,Jazz,UTA,0,0,,,,,,0,0,,,,,
0021500489,373,5,1,4,10:55 PM,8:20,Booker STEAL (1 STL),,Frazier Bad Pass Turnover (P1.T11),,,5.0,204025,Tim Frazier,1610612757.0,Portland,Trail Blazers,POR,4,202344,Trevor Booker,1610612762.0,Utah,Jazz,UTA,0,0,,,,,
0021500489,374,2,1,4,10:55 PM,8:09,MISS Ingles 25' 3PT Jump Shot,,,,,4.0,204060,Joe Ingles,1610612762.0,Utah,Jazz,UTA,0,0,,,,,,0,0,,,,,
0021500489,375,4,0,4,10:56 PM,8:09,Booker REBOUND (Off:2 Def:2),,,,,4.0,202344,Trevor Booker,1610612762.0,Utah,Jazz,UTA,0,0,,,,,,0,0,,,,,
0021500489,376,2,1,4,10:56 PM,7:50,MISS Burke 24' 3PT Jump Shot,,,,,4.0,203504,Trey Burke,1610612762.0,Utah,Jazz,UTA,0,0,,,,,,0,0,,,,,
0021500489,377,4,0,4,10:56 PM,7:50,,,Harkless REBOUND (Off:1 Def:2),,,5.0,203090,Maurice Harkless,1610612757.0,Portland,Trail Blazers,POR,0,0,,,,,,0,0,,,,,
0021500489,378,2,63,4,10:56 PM,7:40,,,MISS McCollum 4' Fadeaway Jumper,,,5.0,203468,CJ McCollum,1610612757.0,Portland,Trail Blazers,POR,0,0,,,,,,0,0,,,,,
0021500489,379,4,0,4,10:56 PM,7:39,Hood REBOUND (Off:2 Def:5),,,,,4.0,203918,Rodney Hood,1610612762.0,Utah,Jazz,UTA,0,0,,,,,,0,0,,,,,
0021500489,380,1,1,4,10:56 PM,7:29,Ingles 24' 3PT Jump Shot (9 PTS) (Burke 3 AST),,,77 - 98,21,4.0,204060,Joe Ingles,1610612762.0,Utah,Jazz,UTA,4,203504,Trey Burke,1610612762.0,Utah,Jazz,UTA,0,0,,,,,
0021500489,381,1,42,4,10:56 PM,7:17,,,McCollum 2' Driving Layup (27 PTS),79 - 98,19,5.0,203468,CJ McCollum,1610612757.0,Portland,Trail Blazers,POR,0,0,,,,,,0,0,,,,,
0021500489,382,2,1,4,10:57 PM,6:54,MISS Hood 16' Jump Shot,,,,,4.0,203918,Rodney Hood,1610612762.0,Utah,Jazz,UTA,0,0,,,,,,0,0,,,,,
0021500489,383,4,0,4,10:57 PM,6:53,Withey REBOUND (Off:2 Def:1),,,,,4.0,203481,Jeff Withey,1610612762.0,Utah,Jazz,UTA,0,0,,,,,,0,0,,,,,
0021500489,384,2,78,4,10:57 PM,6:49,MISS Burke 4' Floating Jump Shot,,,,,4.0,203504,Trey Burke,1610612762.0,Utah,Jazz,UTA,0,0,,,,,,0,0,,,,,
0021500489,385,4,0,4,10:57 PM,6:47,,,Leonard REBOUND (Off:1 Def:2),,,5.0,203086,Meyers Leonard,1610612757.0,Portland,Trail Blazers,POR,0,0,,,,,,0,0,,,,,
0021500489,386,1,1,4,10:57 PM,6:39,,,McCollum 26' 3PT Jump Shot (30 PTS) (Frazier 2 AST),82 - 98,16,5.0,203468,CJ McCollum,1610612757.0,Portland,Trail Blazers,POR,5,204025,Tim Frazier,1610612757.0,Portland,Trail Blazers,POR,0,0,,,,,
0021500489,387,9,1,4,10:57 PM,6:35,JAZZ Timeout: Regular (Full 4 Short 0),,,,,2.0,1610612762,,,,,,0,0,,,,,,0,0,,,,,
0021500489,390,8,0,4,10:59 PM,6:35,,,SUB: Crabbe FOR Aminu,,,5.0,202329,Al-Farouq Aminu,1610612757.0,Portland,Trail Blazers,POR,5,203459,Allen Crabbe,1610612757.0,Portland,Trail Blazers,POR,0,0,,,,,
0021500489,391,8,0,4,10:59 PM,6:35,SUB: Lyles FOR Booker,,,,,4.0,202344,Trevor Booker,1610612762.0,Utah,Jazz,UTA,4,1626168,Trey Lyles,1610612762.0,Utah,Jazz,UTA,0,0,,,,,
0021500489,392,8,0,4,11:00 PM,6:35,SUB: Hayward FOR Hood,,,,,4.0,203918,Rodney Hood,1610612762.0,Utah,Jazz,UTA,4,202330,Gordon Hayward,1610612762.0,Utah,Jazz,UTA,0,0,,,,,
0021500489,393,2,1,4,11:00 PM,6:13,MISS Hayward 25' 3PT Jump Shot,,,,,4.0,202330,Gordon Hayward,1610612762.0,Utah,Jazz,UTA,0,0,,,,,,0,0,,,,,
0021500489,394,4,0,4,11:00 PM,6:12,,,McCollum REBOUND (Off:0 Def:6),,,5.0,203468,CJ McCollum,1610612757.0,Portland,Trail Blazers,POR,0,0,,,,,,0,0,,,,,
0021500489,395,2,1,4,11:00 PM,5:59,,,MISS Harkless 24' 3PT Jump Shot,,,5.0,203090,Maurice Harkless,1610612757.0,Portland,Trail Blazers,POR,0,0,,,,,,0,0,,,,,
0021500489,396,4,0,4,11:00 PM,5:58,Ingles REBOUND (Off:2 Def:1),,,,,4.0,204060,Joe Ingles,1610612762.0,Utah,Jazz,UTA,0,0,,,,,,0,0,,,,,
0021500489,397,1,1,4,11:01 PM,5:41,Hayward  3PT Jump Shot (21 PTS) (Lyles 3 AST),,,82 - 101,19,4.0,202330,Gordon Hayward,1610612762.0,Utah,Jazz,UTA,4,1626168,Trey Lyles,1610612762.0,Utah,Jazz,UTA,0,0,,,,,
0021500489,398,6,1,4,11:01 PM,5:30,Hayward P.FOUL (P1.T2) (M.Ervin),,,,,4.0,202330,Gordon Hayward,1610612762.0,Utah,Jazz,UTA,5,203468,CJ McCollum,1610612757.0,Portland,Trail Blazers,POR,1,0,,,,,
0021500489,399,2,79,4,11:01 PM,5:15,,,MISS McCollum 19' Pullup Jump Shot,,,5.0,203468,CJ McCollum,1610612757.0,Portland,Trail Blazers,POR,0,0,,,,,,0,0,,,,,
0021500489,400,4,0,4,11:01 PM,5:15,,,Trail Blazers Rebound,,,3.0,1610612757,,,,,,0,0,,,,,,0,0,,,,,
0021500489,401,6,1,4,11:01 PM,5:15,Hayward P.FOUL (P2.T3) (M.McCutchen),,,,,4.0,202330,Gordon Hayward,1610612762.0,Utah,Jazz,UTA,5,204025,Tim Frazier,1610612757.0,Portland,Trail Blazers,POR,1,0,,,,,
0021500489,402,1,1,4,11:02 PM,5:04,,,Leonard 24' 3PT Jump Shot (17 PTS) (Crabbe 2 AST),85 - 101,16,5.0,203086,Meyers Leonard,1610612757.0,Portland,Trail Blazers,POR,5,203459,Allen Crabbe,1610612757.0,Portland,Trail Blazers,POR,0,0,,,,,
0021500489,403,2,79,4,11:02 PM,4:46,MISS Burke 19' Pullup Jump Shot,,,,,4.0,203504,Trey Burke,1610612762.0,Utah,Jazz,UTA,0,0,,,,,,0,0,,,,,
0021500489,404,4,0,4,11:02 PM,4:45,,,McCollum REBOUND (Off:0 Def:7),,,5.0,203468,CJ McCollum,1610612757.0,Portland,Trail Blazers,POR,0,0,,,,,,0,0,,,,,
0021500489,405,1,7,4,11:02 PM,4:39,,,Harkless  Dunk (8 PTS) (Frazier 3 AST),87 - 101,14,5.0,203090,Maurice Harkless,1610612757.0,Portland,Trail Blazers,POR,5,204025,Tim Frazier,1610612757.0,Portland,Trail Blazers,POR,0,0,,,,,
0021500489,406,1,3,4,11:03 PM,4:15,Withey 4' Hook Shot (10 PTS) (Lyles 4 AST),,,87 - 103,16,4.0,203481,Jeff Withey,1610612762.0,Utah,Jazz,UTA,4,1626168,Trey Lyles,1610612762.0,Utah,Jazz,UTA,0,0,,,,,
0021500489,407,2,42,4,11:03 PM,4:02,Withey BLOCK (4 BLK),,MISS Leonard 3' Driving Layup,,,5.0,203086,Meyers Leonard,1610612757.0,Portland,Trail Blazers,POR,0,0,,,,,,4,203481,Jeff Withey,1610612762.0,Utah,Jazz,UTA
0021500489,408,4,0,4,11:03 PM,4:02,,,Trail Blazers Rebound,,,3.0,1610612757,,,,,,0,0,,,,,,0,0,,,,,
0021500489,410,8,0,4,11:03 PM,4:02,SUB: Hood FOR Ingles,,,,,4.0,204060,Joe Ingles,1610612762.0,Utah,Jazz,UTA,4,203918,Rodney Hood,1610612762.0,Utah,Jazz,UTA,0,0,,,,,
0021500489,412,1,42,4,11:03 PM,3:55,,,McCollum 2' Driving Layup (32 PTS),89 - 103,14,5.0,203468,CJ McCollum,1610612757.0,Portland,Trail Blazers,POR,0,0,,,,,,0,0,,,,,
0021500489,413,1,66,4,11:04 PM,3:35,Hayward 3' Jump Bank Shot (23 PTS),,,89 - 105,16,4.0,202330,Gordon Hayward,1610612762.0,Utah,Jazz,UTA,0,0,,,,,,0,0,,,,,
0021500489,414,2,1,4,11:04 PM,3:17,,,MISS Harkless 25' 3PT Jump Shot,,,5.0,203090,Maurice Harkless,1610612757.0,Portland,Trail Blazers,POR,0,0,,,,,,0,0,,,,,
0021500489,415,4,0,4,11:04 PM,3:17,Burke REBOUND (Off:0 Def:1),,,,,4.0,203504,Trey Burke,1610612762.0,Utah,Jazz,UTA,0,0,,,,,,0,0,,,,,
0021500489,416,1,63,4,11:04 PM,3:02,Burke 13' Fadeaway Jumper (27 PTS),,,89 - 107,18,4.0,203504,Trey Burke,1610612762.0,Utah,Jazz,UTA,0,0,,,,,,0,0,,,,,
0021500489,417,9,1,4,11:04 PM,3:02,,,Trail Blazers Timeout: Regular (Reg.5 Short 1),,,3.0,1610612757,,,,,,0,0,,,,,,0,0,,,,,
0021500489,418,8,0,4,11:07 PM,3:02,,,SUB: Montero FOR Crabbe,,,5.0,203459,Allen Crabbe,1610612757.0,Portland,Trail Blazers,POR,5,1626242,Luis Montero,1610612757.0,Portland,Trail Blazers,POR,0,0,,,,,
0021500489,419,8,0,4,11:07 PM,3:02,,,SUB: Vonleh FOR McCollum,,,5.0,203468,CJ McCollum,1610612757.0,Portland,Trail Blazers,POR,5,203943,Noah Vonleh,1610612757.0,Portland,Trail Blazers,POR,0,0,,,,,
0021500489,420,8,0,4,11:07 PM,3:02,,,SUB: Connaughton FOR Harkless,,,5.0,203090,Maurice Harkless,1610612757.0,Portland,Trail Blazers,POR,5,1626192,Pat Connaughton,1610612757.0,Portland,Trail Blazers,POR,0,0,,,,,
0021500489,421,8,0,4,11:07 PM,3:02,SUB: Booker FOR Withey,,,,,4.0,203481,Jeff Withey,1610612762.0,Utah,Jazz,UTA,4,202344,Trevor Booker,1610612762.0,Utah,Jazz,UTA,0,0,,,,,
0021500489,422,2,1,4,11:07 PM,2:47,,,MISS Montero 25' 3PT Jump Shot,,,5.0,1626242,Luis Montero,1610612757.0,Portland,Trail Blazers,POR,0,0,,,,,,0,0,,,,,
0021500489,423,4,0,4,11:07 PM,2:46,Lyles REBOUND (Off:2 Def:5),,,,,4.0,1626168,Trey Lyles,1610612762.0,Utah,Jazz,UTA,0,0,,,,,,0,0,,,,,
0021500489,424,6,1,4,11:07 PM,2:46,,,Vonleh P.FOUL (P1.T3) (M.McCutchen),,,5.0,203943,Noah Vonleh,1610612757.0,Portland,Trail Blazers,POR,4,1626168,Trey Lyles,1610612762.0,Utah,Jazz,UTA,1,0,,,,,
0021500489,425,8,0,4,11:07 PM,2:46,SUB: Johnson FOR Hayward,,,,,4.0,202330,Gordon Hayward,1610612762.0,Utah,Jazz,UTA,4,203187,Chris Johnson,1610612762.0,Utah,Jazz,UTA,0,0,,,,,
0021500489,426,2,86,4,11:08 PM,2:29,MISS Hood 10' Turnaround Fadeaway Shot,,,,,4.0,203918,Rodney Hood,1610612762.0,Utah,Jazz,UTA,0,0,,,,,,0,0,,,,,
0021500489,427,4,0,4,11:08 PM,2:28,,,Montero REBOUND (Off:0 Def:1),,,5.0,1626242,Luis Montero,1610612757.0,Portland,Trail Blazers,POR,0,0,,,,,,0,0,,,,,
0021500489,428,2,78,4,11:08 PM,2:19,,,MISS Frazier 6' Floating Jump Shot,,,5.0,204025,Tim Frazier,1610612757.0,Portland,Trail Blazers,POR,0,0,,,,,,0,0,,,,,
0021500489,429,4,0,4,11:08 PM,2:19,Lyles REBOUND (Off:2 Def:6),,,,,4.0,1626168,Trey Lyles,1610612762.0,Utah,Jazz,UTA,0,0,,,,,,0,0,,,,,
0021500489,431,8,0,4,11:08 PM,2:03,SUB: Neto FOR Burke,,,,,4.0,203504,Trey Burke,1610612762.0,Utah,Jazz,UTA,4,203526,Raul Neto,1610612762.0,Utah,Jazz,UTA,0,0,,,,,
0021500489,432,8,0,4,11:08 PM,2:03,SUB: Millsap FOR Hood,,,,,4.0,203918,Rodney Hood,1610612762.0,Utah,Jazz,UTA,4,202407,Elijah Millsap,1610612762.0,Utah,Jazz,UTA,0,0,,,,,
0021500489,433,8,0,4,11:08 PM,2:03,SUB: Pleiss FOR Booker,,,,,4.0,202344,Trevor Booker,1610612762.0,Utah,Jazz,UTA,4,202353,Tibor Pleiss,1610612762.0,Utah,Jazz,UTA,0,0,,,,,
0021500489,434,2,3,4,11:09 PM,1:57,MISS Pleiss 7' Hook Shot,,,,,4.0,202353,Tibor Pleiss,1610612762.0,Utah,Jazz,UTA,0,0,,,,,,0,0,,,,,
0021500489,435,4,0,4,11:09 PM,1:56,,,Vonleh REBOUND (Off:0 Def:4),,,5.0,203943,Noah Vonleh,1610612757.0,Portland,Trail Blazers,POR,0,0,,,,,,0,0,,,,,
0021500489,436,1,1,4,11:09 PM,1:40,,,Connaughton 24' 3PT Jump Shot (3 PTS),92 - 107,15,5.0,1626192,Pat Connaughton,1610612757.0,Portland,Trail Blazers,POR,0,0,,,,,,0,0,,,,,
0021500489,437,1,1,4,11:09 PM,1:22,Johnson 18' Jump Shot (7 PTS),,,92 - 109,17,4.0,203187,Chris Johnson,1610612762.0,Utah,Jazz,UTA,0,0,,,,,,0,0,,,,,
0021500489,438,2,1,4,11:10 PM,1:01,,,MISS Connaughton 24' 3PT Jump Shot,,,5.0,1626192,Pat Connaughton,1610612757.0,Portland,Trail Blazers,POR,0,0,,,,,,0,0,,,,,
0021500489,439,4,0,4,11:10 PM,1:00,,,Frazier REBOUND (Off:1 Def:0),,,5.0,204025,Tim Frazier,1610612757.0,Portland,Trail Blazers,POR,0,0,,,,,,0,0,,,,,
0021500489,440,1,7,4,11:10 PM,0:58,,,Vonleh  Dunk (6 PTS),94 - 109,15,5.0,203943,Noah Vonleh,1610612757.0,Portland,Trail Blazers,POR,0,0,,,,,,0,0,,,,,
0021500489,441,6,1,4,11:10 PM,0:49,,,Frazier P.FOUL (P3.T4) (J.Williams),,,5.0,204025,Tim Frazier,1610612757.0,Portland,Trail Blazers,POR,4,203526,Raul Neto,1610612762.0,Utah,Jazz,UTA,1,0,,,,,
0021500489,442,2,78,4,11:10 PM,0:39,MISS Neto 12' Floating Jump Shot,,,,,4.0,203526,Raul Neto,1610612762.0,Utah,Jazz,UTA,0,0,,,,,,0,0,,,,,
0021500489,443,4,0,4,11:10 PM,0:38,Neto REBOUND (Off:2 Def:2),,,,,4.0,203526,Raul Neto,1610612762.0,Utah,Jazz,UTA,0,0,,,,,,0,0,,,,,
0021500489,444,6,4,4,11:11 PM,0:28,Pleiss OFF.Foul (P1) (M.Ervin),,,,,4.0,202353,Tibor Pleiss,1610612762.0,Utah,Jazz,UTA,5,204025,Tim Frazier,1610612757.0,Portland,Trail Blazers,POR,1,0,,,,,
0021500489,445,5,5,4,11:11 PM,0:28,Pleiss Foul Turnover (P1.T6),,,,,4.0,202353,Tibor Pleiss,1610612762.0,Utah,Jazz,UTA,0,0,,,,,,1,0,,,,,
0021500489,446,1,1,4,11:11 PM,0:19,,,Montero 21' Jump Shot (2 PTS) (Vonleh 2 AST),96 - 109,13,5.0,1626242,Luis Montero,1610612757.0,Portland,Trail Blazers,POR,5,203943,Noah Vonleh,1610612757.0,Portland,Trail Blazers,POR,0,0,,,,,
0021500489,448,13,0,4,11:11 PM,0:00,,,,96 - 109,13,0.0,0,,,,,,0,0,,,,,,0,0,,,,,
