GAME_ID,EVENTNUM,EVENTMSGTYPE,EVENTMSGACTIONTYPE,PERIOD,WCTIMESTRING,PCTIMESTRING,HOMEDESCRIPTION,NEUTRALDESCRIPTION,VISITORDESCRIPTION,SCORE,SCOREMARGIN,PERSON1TYPE,PLAYER1_ID,PLAYER1_NAME,PLAYER1_TEAM_ID,PLAYER1_TEAM_CITY,PLAYER1_TEAM_NICKNAME,PLAYER1_TEAM_ABBREVIATION,PERSON2TYPE,PLAYER2_ID,PLAYER2_NAME,PLAYER2_TEAM_ID,PLAYER2_TEAM_CITY,PLAYER2_TEAM_NICKNAME,PLAYER2_TEAM_ABBREVIATION,PERSON3TYPE,PLAYER3_ID,PLAYER3_NAME,PLAYER3_TEAM_ID,PLAYER3_TEAM_CITY,PLAYER3_TEAM_NICKNAME,PLAYER3_TEAM_ABBREVIATION
0021500058,0,12,0,1,10:11 PM,12:00,,,,,,0.0,0,,,,,,0,0,,,,,,0,0,,,,,
0021500058,1,10,0,1,10:11 PM,12:00,Jump Ball Koufos vs. Gasol: Tip to Conley,,,,,4.0,201585,Kosta Koufos,1610612758.0,Sacramento,Kings,SAC,5,201188,Marc Gasol,1610612763.0,Memphis,Grizzlies,MEM,5,201144,Mike Conley,1610612763.0,Memphis,Grizzlies,MEM
0021500058,2,6,1,1,10:11 PM,11:43,Cauley-Stein P.FOUL (P1.T1) (E.Roe),,,,,4.0,1626161,Willie Cauley-Stein,1610612758.0,Sacramento,Kings,SAC,5,201188,Marc Gasol,1610612763.0,Memphis,Grizzlies,MEM,1,0,,,,,
0021500058,3,1,46,1,10:12 PM,11:33,,,Lee 8' Running Jump Shot (2 PTS) (Conley 1 AST),2 - 0,-2,5.0,201584,Courtney Lee,1610612763.0,Memphis,Grizzlies,MEM,5,201144,Mike Conley,1610612763.0,Memphis,Grizzlies,MEM,0,0,,,,,
0021500058,4,2,46,1,10:12 PM,11:12,MISS Rondo 13' Running Jump Shot,,,,,4.0,200765,Rajon Rondo,1610612758.0,Sacramento,Kings,SAC,0,0,,,,,,0,0,,,,,
0021500058,5,4,0,1,10:12 PM,11:11,,,Allen REBOUND (Off:0 Def:1),,,5.0,2754,Tony Allen,1610612763.0,Memphis,Grizzlies,MEM,0,0,,,,,,0,0,,,,,
0021500058,6,2,46,1,10:13 PM,10:47,,,MISS Allen 13' Running Jump Shot,,,5.0,2754,Tony Allen,1610612763.0,Memphis,Grizzlies,MEM,0,0,,,,,,0,0,,,,,
0021500058,7,4,0,1,10:13 PM,10:47,Koufos REBOUND (Off:0 Def:1),,,,,4.0,201585,Kosta Koufos,1610612758.0,Sacramento,Kings,SAC,0,0,,,,,,0,0,,,,,
0021500058,8,1,43,1,10:13 PM,10:41,Cauley-Stein 3' Alley Oop Layup (2 PTS) (Gay 1 AST),,,2 - 2,TIE,4.0,1626161,Willie Cauley-Stein,1610612758.0,Sacramento,Kings,SAC,4,200752,Rudy Gay,1610612758.0,Sacramento,Kings,SAC,0,0,,,,,
0021500058,9,2,1,1,10:13 PM,10:21,,,MISS Lee 25' 3PT Jump Shot,,,5.0,201584,Courtney Lee,1610612763.0,Memphis,Grizzlies,MEM,0,0,,,,,,0,0,,,,,
0021500058,10,4,0,1,10:13 PM,10:21,McLemore REBOUND (Off:0 Def:1),,,,,4.0,203463,Ben McLemore,1610612758.0,Sacramento,Kings,SAC,0,0,,,,,,0,0,,,,,
0021500058,11,2,1,1,10:13 PM,10:09,MISS Gay 9' Jump Shot,,,,,4.0,200752,Rudy Gay,1610612758.0,Sacramento,Kings,SAC,0,0,,,,,,0,0,,,,,
0021500058,12,4,0,1,10:13 PM,10:08,,,Gasol REBOUND (Off:0 Def:1),,,5.0,201188,Marc Gasol,1610612763.0,Memphis,Grizzlies,MEM,0,0,,,,,,0,0,,,,,
0021500058,13,1,1,1,10:13 PM,10:00,,,Conley 25' 3PT Jump Shot (3 PTS),5 - 2,-3,5.0,201144,Mike Conley,1610612763.0,Memphis,Grizzlies,MEM,0,0,,,,,,0,0,,,,,
0021500058,14,6,4,1,10:14 PM,9:48,Koufos OFF.Foul (P1) (Z.Zarba),,,,,4.0,201585,Kosta Koufos,1610612758.0,Sacramento,Kings,SAC,5,201188,Marc Gasol,1610612763.0,Memphis,Grizzlies,MEM,1,0,,,,,
0021500058,15,5,5,1,10:14 PM,9:48,Koufos Foul Turnover (P1.T1),,,,,4.0,201585,Kosta Koufos,1610612758.0,Sacramento,Kings,SAC,0,0,,,,,,1,0,,,,,
0021500058,16,1,1,1,10:14 PM,9:32,,,Lee 17' Jump Shot (4 PTS) (Gasol 1 AST),7 - 2,-5,5.0,201584,Courtney Lee,1610612763.0,Memphis,Grizzlies,MEM,5,201188,Marc Gasol,1610612763.0,Memphis,Grizzlies,MEM,0,0,,,,,
0021500058,17,2,98,1,10:14 PM,9:10,MISS Gay 2' Cutting Layup Shot,,,,,4.0,200752,Rudy Gay,1610612758.0,Sacramento,Kings,SAC,0,0,,,,,,0,0,,,,,
0021500058,18,4,0,1,10:14 PM,9:09,,,Randolph REBOUND (Off:0 Def:1),,,5.0,2216,Zach Randolph,1610612763.0,Memphis,Grizzlies,MEM,0,0,,,,,,0,0,,,,,
0021500058,19,1,1,1,10:15 PM,8:49,,,Randolph 10' Jump Shot (2 PTS) (Allen 1 AST),9 - 2,-7,5.0,2216,Zach Randolph,1610612763.0,Memphis,Grizzlies,MEM,5,2754,Tony Allen,1610612763.0,Memphis,Grizzlies,MEM,0,0,,,,,
0021500058,20,1,42,1,10:15 PM,8:38,Rondo 2' Driving Layup (2 PTS),,,9 - 4,-5,4.0,200765,Rajon Rondo,1610612758.0,Sacramento,Kings,SAC,0,0,,,,,,0,0,,,,,
0021500058,21,2,1,1,10:15 PM,8:15,,,MISS Randolph 18' Jump Shot,,,5.0,2216,Zach Randolph,1610612763.0,Memphis,Grizzlies,MEM,0,0,,,,,,0,0,,,,,
0021500058,22,4,0,1,10:15 PM,8:14,McLemore REBOUND (Off:0 Def:2),,,,,4.0,203463,Ben McLemore,1610612758.0,Sacramento,Kings,SAC,0,0,,,,,,0,0,,,,,
0021500058,23,6,29,1,10:16 PM,8:08,,,Conley Shooting Block Foul (P1.T1) (Z.Zarba),,,5.0,201144,Mike Conley,1610612763.0,Memphis,Grizzlies,MEM,4,200765,Rajon Rondo,1610612758.0,Sacramento,Kings,SAC,1,0,,,,,
0021500058,24,3,11,1,10:16 PM,8:08,MISS Rondo Free Throw 1 of 2,,,,,4.0,200765,Rajon Rondo,1610612758.0,Sacramento,Kings,SAC,0,0,,,,,,0,0,,,,,
0021500058,25,4,1,1,10:16 PM,8:08,KINGS Rebound,,,,,2.0,1610612758,,,,,,0,0,,,,,,0,0,,,,,
0021500058,26,3,12,1,10:16 PM,8:08,Rondo Free Throw 2 of 2 (3 PTS),,,9 - 5,-4,4.0,200765,Rajon Rondo,1610612758.0,Sacramento,Kings,SAC,0,0,,,,,,0,0,,,,,
0021500058,28,2,1,1,10:17 PM,7:49,,,MISS Randolph 16' Jump Shot,,,5.0,2216,Zach Randolph,1610612763.0,Memphis,Grizzlies,MEM,0,0,,,,,,0,0,,,,,
0021500058,29,4,0,1,10:17 PM,7:49,Rondo REBOUND (Off:0 Def:1),,,,,4.0,200765,Rajon Rondo,1610612758.0,Sacramento,Kings,SAC,0,0,,,,,,0,0,,,,,
0021500058,30,2,1,1,10:17 PM,7:42,MISS Koufos 6' Jump Shot,,,,,4.0,201585,Kosta Koufos,1610612758.0,Sacramento,Kings,SAC,0,0,,,,,,0,0,,,,,
0021500058,31,4,0,1,10:17 PM,7:42,,,Gasol REBOUND (Off:0 Def:2),,,5.0,201188,Marc Gasol,1610612763.0,Memphis,Grizzlies,MEM,0,0,,,,,,0,0,,,,,
0021500058,32,2,1,1,10:17 PM,7:23,,,MISS Gasol 13' Jump Shot,,,5.0,201188,Marc Gasol,1610612763.0,Memphis,Grizzlies,MEM,0,0,,,,,,0,0,,,,,
0021500058,33,4,0,1,10:17 PM,7:22,Rondo REBOUND (Off:0 Def:2),,,,,4.0,200765,Rajon Rondo,1610612758.0,Sacramento,Kings,SAC,0,0,,,,,,0,0,,,,,
0021500058,34,1,43,1,10:17 PM,7:17,Koufos 3' Alley Oop Layup (2 PTS) (McLemore 1 AST),,,9 - 7,-2,4.0,201585,Kosta Koufos,1610612758.0,Sacramento,Kings,SAC,4,203463,Ben McLemore,1610612758.0,Sacramento,Kings,SAC,0,0,,,,,
0021500058,35,1,79,1,10:18 PM,6:50,,,Conley 20' Pullup Jump Shot (5 PTS),11 - 7,-4,5.0,201144,Mike Conley,1610612763.0,Memphis,Grizzlies,MEM,0,0,,,,,,0,0,,,,,
0021500058,36,2,1,1,10:18 PM,6:33,MISS McLemore 25' 3PT Jump Shot,,,,,4.0,203463,Ben McLemore,1610612758.0,Sacramento,Kings,SAC,0,0,,,,,,0,0,,,,,
0021500058,37,4,0,1,10:18 PM,6:32,Gay REBOUND (Off:1 Def:0),,,,,4.0,200752,Rudy Gay,1610612758.0,Sacramento,Kings,SAC,0,0,,,,,,0,0,,,,,
0021500058,38,1,66,1,10:18 PM,6:30,Gay 5' Jump Bank Shot (2 PTS),,,11 - 9,-2,4.0,200752,Rudy Gay,1610612758.0,Sacramento,Kings,SAC,0,0,,,,,,0,0,,,,,
0021500058,39,1,1,1,10:18 PM,6:12,,,Gasol 18' Jump Shot (2 PTS),13 - 9,-4,5.0,201188,Marc Gasol,1610612763.0,Memphis,Grizzlies,MEM,0,0,,,,,,0,0,,,,,
0021500058,40,6,2,1,10:18 PM,6:06,,,Allen S.FOUL (P1.T2) (E.Roe),,,5.0,2754,Tony Allen,1610612763.0,Memphis,Grizzlies,MEM,4,200752,Rudy Gay,1610612758.0,Sacramento,Kings,SAC,1,0,,,,,
0021500058,41,3,11,1,10:19 PM,6:06,Gay Free Throw 1 of 2 (3 PTS),,,13 - 10,-3,4.0,200752,Rudy Gay,1610612758.0,Sacramento,Kings,SAC,0,0,,,,,,0,0,,,,,
0021500058,43,8,0,1,10:19 PM,6:06,SUB: Casspi FOR Cauley-Stein,,,,,4.0,1626161,Willie Cauley-Stein,1610612758.0,Sacramento,Kings,SAC,4,201956,Omri Casspi,1610612758.0,Sacramento,Kings,SAC,0,0,,,,,
0021500058,44,3,12,1,10:19 PM,6:06,Gay Free Throw 2 of 2 (4 PTS),,,13 - 11,-2,4.0,200752,Rudy Gay,1610612758.0,Sacramento,Kings,SAC,0,0,,,,,,0,0,,,,,
0021500058,46,1,1,1,10:20 PM,5:50,,,Gasol 12' Jump Shot (4 PTS) (Conley 2 AST),15 - 11,-4,5.0,201188,Marc Gasol,1610612763.0,Memphis,Grizzlies,MEM,5,201144,Mike Conley,1610612763.0,Memphis,Grizzlies,MEM,0,0,,,,,
0021500058,47,1,5,1,10:20 PM,5:29,Koufos 3' Layup (4 PTS) (McLemore 2 AST),,,15 - 13,-2,4.0,201585,Kosta Koufos,1610612758.0,Sacramento,Kings,SAC,4,203463,Ben McLemore,1610612758.0,Sacramento,Kings,SAC,0,0,,,,,
0021500058,48,1,46,1,10:20 PM,5:08,,,Conley 8' Running Jump Shot (7 PTS) (Gasol 2 AST),17 - 13,-4,5.0,201144,Mike Conley,1610612763.0,Memphis,Grizzlies,MEM,5,201188,Marc Gasol,1610612763.0,Memphis,Grizzlies,MEM,0,0,,,,,
0021500058,49,6,26,1,10:20 PM,5:00,Gay Offensive Charge Foul (P1.T2) (B.Kennedy),,,,,4.0,200752,Rudy Gay,1610612758.0,Sacramento,Kings,SAC,5,201188,Marc Gasol,1610612763.0,Memphis,Grizzlies,MEM,1,0,,,,,
0021500058,50,5,5,1,10:20 PM,5:00,Gay Foul Turnover (P1.T2),,,,,4.0,200752,Rudy Gay,1610612758.0,Sacramento,Kings,SAC,0,0,,,,,,1,0,,,,,
0021500058,51,9,1,1,10:20 PM,5:00,KINGS Timeout: Regular (Full 1 Short 0),,,,,2.0,1610612758,,,,,,0,0,,,,,,0,0,,,,,
0021500058,54,8,0,1,10:23 PM,5:00,,,SUB: Green FOR Allen,,,5.0,2754,Tony Allen,1610612763.0,Memphis,Grizzlies,MEM,5,201145,Jeff Green,1610612763.0,Memphis,Grizzlies,MEM,0,0,,,,,
0021500058,55,2,1,1,10:23 PM,4:50,,,MISS Gasol 11' Jump Shot,,,5.0,201188,Marc Gasol,1610612763.0,Memphis,Grizzlies,MEM,0,0,,,,,,0,0,,,,,
0021500058,56,4,0,1,10:23 PM,4:49,Rondo REBOUND (Off:0 Def:3),,,,,4.0,200765,Rajon Rondo,1610612758.0,Sacramento,Kings,SAC,0,0,,,,,,0,0,,,,,
0021500058,58,8,0,1,10:24 PM,4:28,SUB: Collison FOR McLemore,,,,,4.0,203463,Ben McLemore,1610612758.0,Sacramento,Kings,SAC,4,201954,Darren Collison,1610612758.0,Sacramento,Kings,SAC,0,0,,,,,
0021500058,59,2,1,1,10:24 PM,4:27,MISS Casspi 7' Jump Shot,,Gasol BLOCK (1 BLK),,,4.0,201956,Omri Casspi,1610612758.0,Sacramento,Kings,SAC,0,0,,,,,,5,201188,Marc Gasol,1610612763.0,Memphis,Grizzlies,MEM
0021500058,60,4,0,1,10:24 PM,4:27,KINGS Rebound,,,,,2.0,1610612758,,,,,,0,0,,,,,,0,0,,,,,
0021500058,61,1,1,1,10:24 PM,4:23,Casspi  3PT Jump Shot (3 PTS) (Rondo 1 AST),,,17 - 16,-1,4.0,201956,Omri Casspi,1610612758.0,Sacramento,Kings,SAC,4,200765,Rajon Rondo,1610612758.0,Sacramento,Kings,SAC,0,0,,,,,
0021500058,62,1,46,1,10:24 PM,4:05,,,Green 7' Running Jump Shot (2 PTS) (Conley 3 AST),19 - 16,-3,5.0,201145,Jeff Green,1610612763.0,Memphis,Grizzlies,MEM,5,201144,Mike Conley,1610612763.0,Memphis,Grizzlies,MEM,0,0,,,,,
0021500058,63,1,1,1,10:25 PM,3:54,Gay 15' Jump Shot (6 PTS) (Rondo 2 AST),,,19 - 18,-1,4.0,200752,Rudy Gay,1610612758.0,Sacramento,Kings,SAC,4,200765,Rajon Rondo,1610612758.0,Sacramento,Kings,SAC,0,0,,,,,
0021500058,64,2,1,1,10:25 PM,3:34,,,MISS Lee 11' Jump Shot,,,5.0,201584,Courtney Lee,1610612763.0,Memphis,Grizzlies,MEM,0,0,,,,,,0,0,,,,,
0021500058,65,4,0,1,10:25 PM,3:33,Koufos REBOUND (Off:0 Def:2),,,,,4.0,201585,Kosta Koufos,1610612758.0,Sacramento,Kings,SAC,0,0,,,,,,0,0,,,,,
0021500058,66,5,1,1,10:25 PM,3:25,Rondo Bad Pass Turnover (P1.T3),,,,,4.0,200765,Rajon Rondo,1610612758.0,Sacramento,Kings,SAC,0,0,,,,,,0,0,,,,,
0021500058,67,8,0,1,10:25 PM,3:25,,,SUB: Udrih FOR Conley,,,5.0,201144,Mike Conley,1610612763.0,Memphis,Grizzlies,MEM,5,2757,Beno Udrih,1610612763.0,Memphis,Grizzlies,MEM,0,0,,,,,
0021500058,68,8,0,1,10:26 PM,3:25,SUB: Belinelli FOR Rondo,,,,,4.0,200765,Rajon Rondo,1610612758.0,Sacramento,Kings,SAC,4,201158,Marco Belinelli,1610612758.0,Sacramento,Kings,SAC,0,0,,,,,
0021500058,69,2,1,1,10:26 PM,3:10,,,MISS Lee 17' Jump Shot,,,5.0,201584,Courtney Lee,1610612763.0,Memphis,Grizzlies,MEM,0,0,,,,,,0,0,,,,,
0021500058,70,4,0,1,10:26 PM,3:09,,,Randolph REBOUND (Off:1 Def:1),,,5.0,2216,Zach Randolph,1610612763.0,Memphis,Grizzlies,MEM,0,0,,,,,,0,0,,,,,
0021500058,71,2,5,1,10:26 PM,3:06,,,MISS Randolph 2' Layup,,,5.0,2216,Zach Randolph,1610612763.0,Memphis,Grizzlies,MEM,0,0,,,,,,0,0,,,,,
0021500058,73,4,0,1,10:26 PM,3:04,,,Randolph REBOUND (Off:2 Def:1),,,5.0,2216,Zach Randolph,1610612763.0,Memphis,Grizzlies,MEM,0,0,,,,,,0,0,,,,,
0021500058,72,1,97,1,10:26 PM,3:04,,,Randolph 2' Tip Layup Shot (4 PTS),21 - 18,-3,5.0,2216,Zach Randolph,1610612763.0,Memphis,Grizzlies,MEM,0,0,,,,,,0,0,,,,,
0021500058,74,5,40,1,10:26 PM,3:00,Collison Out of Bounds Lost Ball Turnover (P1.T4),,,,,4.0,201954,Darren Collison,1610612758.0,Sacramento,Kings,SAC,0,0,,,,,,0,0,,,,,
0021500058,75,8,0,1,10:26 PM,3:00,SUB: Cauley-Stein FOR Koufos,,,,,4.0,201585,Kosta Koufos,1610612758.0,Sacramento,Kings,SAC,4,1626161,Willie Cauley-Stein,1610612758.0,Sacramento,Kings,SAC,0,0,,,,,
0021500058,76,8,0,1,10:26 PM,3:00,,,SUB: Barnes FOR Lee,,,5.0,201584,Courtney Lee,1610612763.0,Memphis,Grizzlies,MEM,5,2440,Matt Barnes,1610612763.0,Memphis,Grizzlies,MEM,0,0,,,,,
0021500058,77,5,40,1,10:27 PM,2:41,,,Randolph Out of Bounds Lost Ball Turnover (P1.T1),,,5.0,2216,Zach Randolph,1610612763.0,Memphis,Grizzlies,MEM,0,0,,,,,,0,0,,,,,
0021500058,78,9,1,1,10:27 PM,2:41,,,Grizzlies Timeout: Regular (Reg.1 Short 0),,,3.0,1610612763,,,,,,0,0,,,,,,0,0,,,,,
0021500058,82,1,1,1,10:30 PM,2:27,Belinelli 25' 3PT Jump Shot (3 PTS) (Gay 2 AST),,,21 - 21,TIE,4.0,201158,Marco Belinelli,1610612758.0,Sacramento,Kings,SAC,4,200752,Rudy Gay,1610612758.0,Sacramento,Kings,SAC,0,0,,,,,
0021500058,83,1,1,1,10:30 PM,2:07,,,Gasol 21' Jump Shot (6 PTS) (Udrih 1 AST),23 - 21,-2,5.0,201188,Marc Gasol,1610612763.0,Memphis,Grizzlies,MEM,5,2757,Beno Udrih,1610612763.0,Memphis,Grizzlies,MEM,0,0,,,,,
0021500058,84,2,1,1,10:30 PM,1:53,MISS Collison 25' 3PT Jump Shot,,,,,4.0,201954,Darren Collison,1610612758.0,Sacramento,Kings,SAC,0,0,,,,,,0,0,,,,,
0021500058,85,4,0,1,10:30 PM,1:53,,,Randolph REBOUND (Off:2 Def:2),,,5.0,2216,Zach Randolph,1610612763.0,Memphis,Grizzlies,MEM,0,0,,,,,,0,0,,,,,
0021500058,86,1,3,1,10:30 PM,1:39,,,Gasol 8' Hook Shot (8 PTS),25 - 21,-4,5.0,201188,Marc Gasol,1610612763.0,Memphis,Grizzlies,MEM,0,0,,,,,,0,0,,,,,
0021500058,87,1,1,1,10:30 PM,1:32,Belinelli 27' 3PT Jump Shot (6 PTS) (Gay 3 AST),,,25 - 24,-1,4.0,201158,Marco Belinelli,1610612758.0,Sacramento,Kings,SAC,4,200752,Rudy Gay,1610612758.0,Sacramento,Kings,SAC,0,0,,,,,
0021500058,88,2,80,1,10:31 PM,1:04,,,MISS Randolph 14' Step Back Jump Shot,,,5.0,2216,Zach Randolph,1610612763.0,Memphis,Grizzlies,MEM,0,0,,,,,,0,0,,,,,
0021500058,89,4,0,1,10:31 PM,1:04,Gay REBOUND (Off:1 Def:1),,,,,4.0,200752,Rudy Gay,1610612758.0,Sacramento,Kings,SAC,0,0,,,,,,0,0,,,,,
0021500058,90,1,46,1,10:31 PM,0:57,Gay 8' Running Jump Shot (8 PTS),,,25 - 26,1,4.0,200752,Rudy Gay,1610612758.0,Sacramento,Kings,SAC,0,0,,,,,,0,0,,,,,
0021500058,91,5,2,1,10:32 PM,0:43,Collison STEAL (1 STL),,Gasol Lost Ball Turnover (P1.T2),,,5.0,201188,Marc Gasol,1610612763.0,Memphis,Grizzlies,MEM,4,201954,Darren Collison,1610612758.0,Sacramento,Kings,SAC,0,0,,,,,
0021500058,92,6,1,1,10:32 PM,0:42,,,Gasol P.FOUL (P1.T3) (E.Roe),,,5.0,201188,Marc Gasol,1610612763.0,Memphis,Grizzlies,MEM,4,201954,Darren Collison,1610612758.0,Sacramento,Kings,SAC,1,0,,,,,
0021500058,103,8,0,1,10:32 PM,0:42,,,SUB: Green FOR Gasol,,,5.0,201188,Marc Gasol,1610612763.0,Memphis,Grizzlies,MEM,5,203210,JaMychal Green,1610612763.0,Memphis,Grizzlies,MEM,0,0,,,,,
0021500058,93,8,0,1,10:32 PM,0:42,,,SUB: Wright FOR Randolph,,,5.0,2216,Zach Randolph,1610612763.0,Memphis,Grizzlies,MEM,5,201148,Brandan Wright,1610612763.0,Memphis,Grizzlies,MEM,0,0,,,,,
0021500058,95,6,1,1,10:32 PM,0:38,,,Green P.FOUL (P1.PN) (B.Kennedy),,,5.0,201145,Jeff Green,1610612763.0,Memphis,Grizzlies,MEM,4,201158,Marco Belinelli,1610612758.0,Sacramento,Kings,SAC,1,0,,,,,
0021500058,96,3,11,1,10:32 PM,0:38,Belinelli Free Throw 1 of 2 (7 PTS),,,25 - 27,2,4.0,201158,Marco Belinelli,1610612758.0,Sacramento,Kings,SAC,0,0,,,,,,0,0,,,,,
0021500058,98,3,12,1,10:32 PM,0:38,Belinelli Free Throw 2 of 2 (8 PTS),,,25 - 28,3,4.0,201158,Marco Belinelli,1610612758.0,Sacramento,Kings,SAC,0,0,,,,,,0,0,,,,,
0021500058,100,2,1,1,10:33 PM,0:27,,,MISS Barnes 26' 3PT Jump Shot,,,5.0,2440,Matt Barnes,1610612763.0,Memphis,Grizzlies,MEM,0,0,,,,,,0,0,,,,,
0021500058,101,4,0,1,10:33 PM,0:27,KINGS Rebound,,,,,2.0,1610612758,,,,,,0,0,,,,,,0,0,,,,,
0021500058,102,6,1,1,10:33 PM,0:27,,,Green P.FOUL (P1.PN) (Z.Zarba),,,5.0,203210,JaMychal Green,1610612763.0,Memphis,Grizzlies,MEM,4,1626161,Willie Cauley-Stein,1610612758.0,Sacramento,Kings,SAC,1,0,,,,,
0021500058,104,3,11,1,10:33 PM,0:27,MISS Cauley-Stein Free Throw 1 of 2,,,,,4.0,1626161,Willie Cauley-Stein,1610612758.0,Sacramento,Kings,SAC,0,0,,,,,,0,0,,,,,
0021500058,105,4,1,1,10:33 PM,0:27,KINGS Rebound,,,,,2.0,1610612758,,,,,,0,0,,,,,,0,0,,,,,
0021500058,106,8,0,1,10:34 PM,0:27,SUB: Butler FOR Gay,,,,,4.0,200752,Rudy Gay,1610612758.0,Sacramento,Kings,SAC,4,2406,Caron Butler,1610612758.0,Sacramento,Kings,SAC,0,0,,,,,
0021500058,109,7,3,1,10:34 PM,0:27,,,Barnes Violation:Lane (B.Kennedy),,,5.0,2440,Matt Barnes,1610612763.0,Memphis,Grizzlies,MEM,0,0,,,,,,1,0,,,,,
0021500058,111,3,12,1,10:34 PM,0:27,MISS Cauley-Stein Free Throw 2 of 2,,,,,4.0,1626161,Willie Cauley-Stein,1610612758.0,Sacramento,Kings,SAC,0,0,,,,,,0,0,,,,,
0021500058,113,4,0,1,10:34 PM,0:26,,,Barnes REBOUND (Off:0 Def:1),,,5.0,2440,Matt Barnes,1610612763.0,Memphis,Grizzlies,MEM,0,0,,,,,,0,0,,,,,
0021500058,114,2,1,1,10:34 PM,0:06,,,MISS Green 10' Jump Shot,,,5.0,201145,Jeff Green,1610612763.0,Memphis,Grizzlies,MEM,0,0,,,,,,0,0,,,,,
0021500058,115,4,0,1,10:34 PM,0:06,,,Green REBOUND (Off:1 Def:0),,,5.0,201145,Jeff Green,1610612763.0,Memphis,Grizzlies,MEM,0,0,,,,,,0,0,,,,,
0021500058,116,5,2,1,10:34 PM,0:03,Casspi STEAL (1 STL),,Green Lost Ball Turnover (P1.T3),,,5.0,201145,Jeff Green,1610612763.0,Memphis,Grizzlies,MEM,4,201956,Omri Casspi,1610612758.0,Sacramento,Kings,SAC,0,0,,,,,
0021500058,117,6,2,1,10:35 PM,0:00,,,Barnes S.FOUL (P1.PN) (E.Roe),,,5.0,2440,Matt Barnes,1610612763.0,Memphis,Grizzlies,MEM,4,1626161,Willie Cauley-Stein,1610612758.0,Sacramento,Kings,SAC,1,0,,,,,
0021500058,118,3,11,1,10:35 PM,0:00,Cauley-Stein Free Throw 1 of 2 (3 PTS),,,25 - 29,4,4.0,1626161,Willie Cauley-Stein,1610612758.0,Sacramento,Kings,SAC,0,0,,,,,,0,0,,,,,
0021500058,120,3,12,1,10:35 PM,0:00,MISS Cauley-Stein Free Throw 2 of 2,,,,,4.0,1626161,Willie Cauley-Stein,1610612758.0,Sacramento,Kings,SAC,0,0,,,,,,0,0,,,,,
0021500058,122,4,0,1,10:35 PM,0:00,,,Green REBOUND (Off:1 Def:1),,,5.0,201145,Jeff Green,1610612763.0,Memphis,Grizzlies,MEM,0,0,,,,,,0,0,,,,,
0021500058,123,13,0,1,10:35 PM,0:00,,,,25 - 29,4,0.0,0,,,,,,0,0,,,,,,0,0,,,,,
0021500058,125,12,0,2,10:38 PM,12:00,,,,25 - 29,4,0.0,0,,,,,,0,0,,,,,,0,0,,,,,
0021500058,126,5,39,2,10:38 PM,11:43,Casspi Step Out of Bounds Turnover (P1.T5),,,,,4.0,201956,Omri Casspi,1610612758.0,Sacramento,Kings,SAC,0,0,,,,,,0,0,,,,,
0021500058,127,2,1,2,10:39 PM,11:25,,,MISS Green 21' Jump Shot,,,5.0,201145,Jeff Green,1610612763.0,Memphis,Grizzlies,MEM,0,0,,,,,,0,0,,,,,
0021500058,128,4,0,2,10:39 PM,11:25,Cauley-Stein REBOUND (Off:0 Def:1),,,,,4.0,1626161,Willie Cauley-Stein,1610612758.0,Sacramento,Kings,SAC,0,0,,,,,,0,0,,,,,
0021500058,129,2,1,2,10:39 PM,11:15,MISS Collison 21' Jump Shot,,,,,4.0,201954,Darren Collison,1610612758.0,Sacramento,Kings,SAC,0,0,,,,,,0,0,,,,,
0021500058,130,4,0,2,10:39 PM,11:14,,,Green REBOUND (Off:0 Def:1),,,5.0,203210,JaMychal Green,1610612763.0,Memphis,Grizzlies,MEM,0,0,,,,,,0,0,,,,,
0021500058,131,2,1,2,10:39 PM,11:02,,,MISS Green 4' Jump Shot,,,5.0,203210,JaMychal Green,1610612763.0,Memphis,Grizzlies,MEM,0,0,,,,,,0,0,,,,,
0021500058,133,4,0,2,10:39 PM,11:02,,,Green REBOUND (Off:1 Def:1),,,5.0,203210,JaMychal Green,1610612763.0,Memphis,Grizzlies,MEM,0,0,,,,,,0,0,,,,,
0021500058,132,1,97,2,10:39 PM,11:02,,,Green 2' Tip Layup Shot (2 PTS),27 - 29,2,5.0,203210,JaMychal Green,1610612763.0,Memphis,Grizzlies,MEM,0,0,,,,,,0,0,,,,,
0021500058,134,5,1,2,10:40 PM,10:39,Cauley-Stein Bad Pass Turnover (P1.T6),,Udrih STEAL (1 STL),,,4.0,1626161,Willie Cauley-Stein,1610612758.0,Sacramento,Kings,SAC,5,2757,Beno Udrih,1610612763.0,Memphis,Grizzlies,MEM,0,0,,,,,
0021500058,136,6,4,2,10:40 PM,10:35,,,Green OFF.Foul (P2) (B.Kennedy),,,5.0,203210,JaMychal Green,1610612763.0,Memphis,Grizzlies,MEM,4,1626161,Willie Cauley-Stein,1610612758.0,Sacramento,Kings,SAC,1,0,,,,,
0021500058,137,5,5,2,10:40 PM,10:35,,,Green Foul Turnover (P1.T4),,,5.0,203210,JaMychal Green,1610612763.0,Memphis,Grizzlies,MEM,0,0,,,,,,1,0,,,,,
0021500058,138,8,0,2,10:40 PM,10:35,SUB: Koufos FOR Cauley-Stein,,,,,4.0,1626161,Willie Cauley-Stein,1610612758.0,Sacramento,Kings,SAC,4,201585,Kosta Koufos,1610612758.0,Sacramento,Kings,SAC,0,0,,,,,
0021500058,139,6,2,2,10:40 PM,10:28,,,Udrih S.FOUL (P1.T1) (Z.Zarba),,,5.0,2757,Beno Udrih,1610612763.0,Memphis,Grizzlies,MEM,4,201954,Darren Collison,1610612758.0,Sacramento,Kings,SAC,1,0,,,,,
0021500058,140,3,11,2,10:40 PM,10:28,Collison Free Throw 1 of 2 (1 PTS),,,27 - 30,3,4.0,201954,Darren Collison,1610612758.0,Sacramento,Kings,SAC,0,0,,,,,,0,0,,,,,
0021500058,142,3,12,2,10:41 PM,10:28,Collison Free Throw 2 of 2 (2 PTS),,,27 - 31,4,4.0,201954,Darren Collison,1610612758.0,Sacramento,Kings,SAC,0,0,,,,,,0,0,,,,,
0021500058,145,2,1,2,10:41 PM,10:07,,,MISS Green 25' 3PT Jump Shot,,,5.0,201145,Jeff Green,1610612763.0,Memphis,Grizzlies,MEM,0,0,,,,,,0,0,,,,,
0021500058,147,4,0,2,10:41 PM,10:06,,,Green REBOUND (Off:2 Def:1),,,5.0,203210,JaMychal Green,1610612763.0,Memphis,Grizzlies,MEM,0,0,,,,,,0,0,,,,,
0021500058,146,1,87,2,10:41 PM,10:06,,,Green  Putback Dunk (4 PTS),29 - 31,2,5.0,203210,JaMychal Green,1610612763.0,Memphis,Grizzlies,MEM,0,0,,,,,,0,0,,,,,
0021500058,148,6,13,2,10:42 PM,10:06,,,Green HANGING.TECH.FOUL (P2.T1) (E.Roe),,,5.0,203210,JaMychal Green,1610612763.0,Memphis,Grizzlies,MEM,0,0,,,,,,1,0,,,,,
0021500058,149,3,16,2,10:42 PM,10:06,MISS Belinelli Free Throw Technical,,,,,4.0,201158,Marco Belinelli,1610612758.0,Sacramento,Kings,SAC,0,0,,,,,,0,0,,,,,
0021500058,150,4,1,2,10:42 PM,10:06,KINGS Rebound,,,,,2.0,1610612758,,,,,,0,0,,,,,,0,0,,,,,
0021500058,151,2,1,2,10:42 PM,9:55,MISS Belinelli 24' 3PT Jump Shot,,,,,4.0,201158,Marco Belinelli,1610612758.0,Sacramento,Kings,SAC,0,0,,,,,,0,0,,,,,
0021500058,152,4,0,2,10:42 PM,9:55,,,Wright REBOUND (Off:0 Def:1),,,5.0,201148,Brandan Wright,1610612763.0,Memphis,Grizzlies,MEM,0,0,,,,,,0,0,,,,,
0021500058,153,6,1,2,10:42 PM,9:55,Koufos P.FOUL (P2.T1) (E.Roe),,,,,4.0,201585,Kosta Koufos,1610612758.0,Sacramento,Kings,SAC,5,201148,Brandan Wright,1610612763.0,Memphis,Grizzlies,MEM,1,0,,,,,
0021500058,154,6,1,2,10:43 PM,9:43,Collison P.FOUL (P1.T2) (B.Kennedy),,,,,4.0,201954,Darren Collison,1610612758.0,Sacramento,Kings,SAC,5,2757,Beno Udrih,1610612763.0,Memphis,Grizzlies,MEM,1,0,,,,,
0021500058,155,2,46,2,10:43 PM,9:32,,,MISS Green 8' Running Jump Shot,,,5.0,201145,Jeff Green,1610612763.0,Memphis,Grizzlies,MEM,0,0,,,,,,0,0,,,,,
0021500058,156,4,0,2,10:43 PM,9:32,,,Grizzlies Rebound,,,3.0,1610612763,,,,,,0,0,,,,,,0,0,,,,,
0021500058,157,6,3,2,10:43 PM,9:32,Casspi L.B.FOUL (P1.T3) (Z.Zarba),,,,,4.0,201956,Omri Casspi,1610612758.0,Sacramento,Kings,SAC,5,201148,Brandan Wright,1610612763.0,Memphis,Grizzlies,MEM,1,0,,,,,
0021500058,158,2,1,2,10:43 PM,9:24,,,MISS Barnes 20' Jump Shot,,,5.0,2440,Matt Barnes,1610612763.0,Memphis,Grizzlies,MEM,0,0,,,,,,0,0,,,,,
0021500058,159,4,0,2,10:44 PM,9:24,Koufos REBOUND (Off:0 Def:3),,,,,4.0,201585,Kosta Koufos,1610612758.0,Sacramento,Kings,SAC,0,0,,,,,,0,0,,,,,
0021500058,160,5,4,2,10:44 PM,9:07,Belinelli Traveling Turnover (P1.T7),,,,,4.0,201158,Marco Belinelli,1610612758.0,Sacramento,Kings,SAC,0,0,,,,,,1,0,,,,,
0021500058,161,2,1,2,10:44 PM,8:54,,,MISS Udrih 19' Jump Shot,,,5.0,2757,Beno Udrih,1610612763.0,Memphis,Grizzlies,MEM,0,0,,,,,,0,0,,,,,
0021500058,163,4,0,2,10:44 PM,8:53,,,Green REBOUND (Off:3 Def:1),,,5.0,203210,JaMychal Green,1610612763.0,Memphis,Grizzlies,MEM,0,0,,,,,,0,0,,,,,
0021500058,162,1,97,2,10:44 PM,8:53,,,Green 2' Tip Layup Shot (6 PTS),31 - 31,TIE,5.0,203210,JaMychal Green,1610612763.0,Memphis,Grizzlies,MEM,0,0,,,,,,0,0,,,,,
0021500058,164,2,1,2,10:45 PM,8:31,MISS Butler 25' 3PT Jump Shot,,,,,4.0,2406,Caron Butler,1610612758.0,Sacramento,Kings,SAC,0,0,,,,,,0,0,,,,,
0021500058,165,4,0,2,10:45 PM,8:31,,,Green REBOUND (Off:1 Def:2),,,5.0,201145,Jeff Green,1610612763.0,Memphis,Grizzlies,MEM,0,0,,,,,,0,0,,,,,
0021500058,166,6,2,2,10:45 PM,8:25,Belinelli S.FOUL (P1.T4) (E.Roe),,,,,4.0,201158,Marco Belinelli,1610612758.0,Sacramento,Kings,SAC,5,2440,Matt Barnes,1610612763.0,Memphis,Grizzlies,MEM,1,0,,,,,
0021500058,167,9,4,2,10:45 PM,8:25,,,,,,1.0,0,,,,,,0,0,,,,,,0,0,,,,,
0021500058,171,3,11,2,10:47 PM,8:25,,,Barnes Free Throw 1 of 2 (1 PTS),32 - 31,-1,5.0,2440,Matt Barnes,1610612763.0,Memphis,Grizzlies,MEM,0,0,,,,,,0,0,,,,,
0021500058,173,3,12,2,10:47 PM,8:25,,,Barnes Free Throw 2 of 2 (2 PTS),33 - 31,-2,5.0,2440,Matt Barnes,1610612763.0,Memphis,Grizzlies,MEM,0,0,,,,,,0,0,,,,,
0021500058,175,2,1,2,10:48 PM,7:59,MISS Casspi  3PT Jump Shot,,,,,4.0,201956,Omri Casspi,1610612758.0,Sacramento,Kings,SAC,0,0,,,,,,0,0,,,,,
0021500058,176,4,0,2,10:48 PM,7:59,,,Wright REBOUND (Off:0 Def:2),,,5.0,201148,Brandan Wright,1610612763.0,Memphis,Grizzlies,MEM,0,0,,,,,,0,0,,,,,
0021500058,177,1,5,2,10:48 PM,7:39,,,Wright 3' Layup (2 PTS) (Barnes 1 AST),35 - 31,-4,5.0,201148,Brandan Wright,1610612763.0,Memphis,Grizzlies,MEM,5,2440,Matt Barnes,1610612763.0,Memphis,Grizzlies,MEM,0,0,,,,,
0021500058,178,1,1,2,10:48 PM,7:30,Collison 21' Jump Shot (4 PTS),,,35 - 33,-2,4.0,201954,Darren Collison,1610612758.0,Sacramento,Kings,SAC,0,0,,,,,,0,0,,,,,
0021500058,179,2,1,2,10:49 PM,7:12,,,MISS Udrih  3PT Jump Shot,,,5.0,2757,Beno Udrih,1610612763.0,Memphis,Grizzlies,MEM,0,0,,,,,,0,0,,,,,
0021500058,180,4,0,2,10:49 PM,7:10,Butler REBOUND (Off:0 Def:1),,,,,4.0,2406,Caron Butler,1610612758.0,Sacramento,Kings,SAC,0,0,,,,,,0,0,,,,,
0021500058,181,5,1,2,10:49 PM,7:04,Butler Bad Pass Turnover (P1.T8),,Green STEAL (1 STL),,,4.0,2406,Caron Butler,1610612758.0,Sacramento,Kings,SAC,5,203210,JaMychal Green,1610612763.0,Memphis,Grizzlies,MEM,0,0,,,,,
0021500058,182,2,1,2,10:49 PM,6:57,,,MISS Green 4' Jump Shot,,,5.0,203210,JaMychal Green,1610612763.0,Memphis,Grizzlies,MEM,0,0,,,,,,0,0,,,,,
0021500058,183,4,0,2,10:49 PM,6:56,Collison REBOUND (Off:0 Def:1),,,,,4.0,201954,Darren Collison,1610612758.0,Sacramento,Kings,SAC,0,0,,,,,,0,0,,,,,
0021500058,184,6,2,2,10:49 PM,6:54,,,Wright S.FOUL (P1.T2) (E.Roe),,,5.0,201148,Brandan Wright,1610612763.0,Memphis,Grizzlies,MEM,4,201956,Omri Casspi,1610612758.0,Sacramento,Kings,SAC,1,0,,,,,
0021500058,185,3,11,2,10:49 PM,6:54,MISS Casspi Free Throw 1 of 2,,,,,4.0,201956,Omri Casspi,1610612758.0,Sacramento,Kings,SAC,0,0,,,,,,0,0,,,,,
0021500058,186,4,1,2,10:49 PM,6:54,KINGS Rebound,,,,,2.0,1610612758,,,,,,0,0,,,,,,0,0,,,,,
0021500058,187,8,0,2,10:50 PM,6:54,SUB: Gay FOR Butler,,,,,4.0,2406,Caron Butler,1610612758.0,Sacramento,Kings,SAC,4,200752,Rudy Gay,1610612758.0,Sacramento,Kings,SAC,0,0,,,,,
0021500058,188,8,0,2,10:50 PM,6:54,,,SUB: Lee FOR Green,,,5.0,201145,Jeff Green,1610612763.0,Memphis,Grizzlies,MEM,5,201584,Courtney Lee,1610612763.0,Memphis,Grizzlies,MEM,0,0,,,,,
0021500058,189,8,0,2,10:50 PM,6:54,,,SUB: Conley FOR Udrih,,,5.0,2757,Beno Udrih,1610612763.0,Memphis,Grizzlies,MEM,5,201144,Mike Conley,1610612763.0,Memphis,Grizzlies,MEM,0,0,,,,,
0021500058,190,3,12,2,10:50 PM,6:54,MISS Casspi Free Throw 2 of 2,,,,,4.0,201956,Omri Casspi,1610612758.0,Sacramento,Kings,SAC,0,0,,,,,,0,0,,,,,
0021500058,192,4,0,2,10:50 PM,6:54,,,Wright REBOUND (Off:0 Def:3),,,5.0,201148,Brandan Wright,1610612763.0,Memphis,Grizzlies,MEM,0,0,,,,,,0,0,,,,,
0021500058,193,2,1,2,10:50 PM,6:40,,,MISS Barnes 25' 3PT Jump Shot,,,5.0,2440,Matt Barnes,1610612763.0,Memphis,Grizzlies,MEM,0,0,,,,,,0,0,,,,,
0021500058,194,4,0,2,10:50 PM,6:39,Gay REBOUND (Off:1 Def:2),,,,,4.0,200752,Rudy Gay,1610612758.0,Sacramento,Kings,SAC,0,0,,,,,,0,0,,,,,
0021500058,195,2,1,2,10:51 PM,6:21,MISS Gay 5' Jump Shot,,Barnes BLOCK (1 BLK),,,4.0,200752,Rudy Gay,1610612758.0,Sacramento,Kings,SAC,0,0,,,,,,5,2440,Matt Barnes,1610612763.0,Memphis,Grizzlies,MEM
0021500058,196,4,0,2,10:51 PM,6:21,,,Grizzlies Rebound,,,3.0,1610612763,,,,,,0,0,,,,,,0,0,,,,,
0021500058,197,8,0,2,10:51 PM,6:21,SUB: Cauley-Stein FOR Koufos,,,,,4.0,201585,Kosta Koufos,1610612758.0,Sacramento,Kings,SAC,4,1626161,Willie Cauley-Stein,1610612758.0,Sacramento,Kings,SAC,0,0,,,,,
0021500058,198,8,0,2,10:51 PM,6:21,SUB: Rondo FOR Casspi,,,,,4.0,201956,Omri Casspi,1610612758.0,Sacramento,Kings,SAC,4,200765,Rajon Rondo,1610612758.0,Sacramento,Kings,SAC,0,0,,,,,
0021500058,199,8,0,2,10:51 PM,6:21,,,SUB: Gasol FOR Green,,,5.0,203210,JaMychal Green,1610612763.0,Memphis,Grizzlies,MEM,5,201188,Marc Gasol,1610612763.0,Memphis,Grizzlies,MEM,0,0,,,,,
0021500058,200,10,0,2,10:52 PM,6:18,Jump Ball Gay vs. Barnes: Tip to Conley,,,,,4.0,200752,Rudy Gay,1610612758.0,Sacramento,Kings,SAC,5,2440,Matt Barnes,1610612763.0,Memphis,Grizzlies,MEM,5,201144,Mike Conley,1610612763.0,Memphis,Grizzlies,MEM
0021500058,202,2,1,2,10:52 PM,6:04,,,MISS Barnes 24' 3PT Jump Shot,,,5.0,2440,Matt Barnes,1610612763.0,Memphis,Grizzlies,MEM,0,0,,,,,,0,0,,,,,
0021500058,203,4,0,2,10:52 PM,6:04,KINGS Rebound,,,,,2.0,1610612758,,,,,,0,0,,,,,,0,0,,,,,
0021500058,205,2,1,2,10:52 PM,5:54,MISS Belinelli 18' Jump Shot,,,,,4.0,201158,Marco Belinelli,1610612758.0,Sacramento,Kings,SAC,0,0,,,,,,0,0,,,,,
0021500058,206,4,0,2,10:52 PM,5:54,,,Barnes REBOUND (Off:0 Def:2),,,5.0,2440,Matt Barnes,1610612763.0,Memphis,Grizzlies,MEM,0,0,,,,,,0,0,,,,,
0021500058,208,2,1,2,10:52 PM,5:40,,,MISS Conley 25' 3PT Jump Shot,,,5.0,201144,Mike Conley,1610612763.0,Memphis,Grizzlies,MEM,0,0,,,,,,0,0,,,,,
0021500058,209,4,0,2,10:52 PM,5:40,Rondo REBOUND (Off:0 Def:4),,,,,4.0,200765,Rajon Rondo,1610612758.0,Sacramento,Kings,SAC,0,0,,,,,,0,0,,,,,
0021500058,210,2,1,2,10:52 PM,5:32,MISS Gay 24' 3PT Jump Shot,,,,,4.0,200752,Rudy Gay,1610612758.0,Sacramento,Kings,SAC,0,0,,,,,,0,0,,,,,
0021500058,211,4,0,2,10:52 PM,5:31,,,Lee REBOUND (Off:0 Def:1),,,5.0,201584,Courtney Lee,1610612763.0,Memphis,Grizzlies,MEM,0,0,,,,,,0,0,,,,,
0021500058,213,6,4,2,10:53 PM,5:14,,,Wright OFF.Foul (P2) (E.Roe),,,5.0,201148,Brandan Wright,1610612763.0,Memphis,Grizzlies,MEM,4,201158,Marco Belinelli,1610612758.0,Sacramento,Kings,SAC,1,0,,,,,
0021500058,214,5,5,2,10:53 PM,5:14,,,Wright Foul Turnover (P1.T5),,,5.0,201148,Brandan Wright,1610612763.0,Memphis,Grizzlies,MEM,0,0,,,,,,1,0,,,,,
0021500058,215,9,1,2,10:53 PM,5:14,KINGS Timeout: Regular (Full 2 Short 0),,,,,2.0,1610612758,,,,,,0,0,,,,,,0,0,,,,,
0021500058,218,8,0,2,10:55 PM,5:14,,,SUB: Allen FOR Barnes,,,5.0,2440,Matt Barnes,1610612763.0,Memphis,Grizzlies,MEM,5,2754,Tony Allen,1610612763.0,Memphis,Grizzlies,MEM,0,0,,,,,
0021500058,219,2,1,2,10:56 PM,5:02,MISS Collison 7' Jump Shot,,Wright BLOCK (1 BLK),,,4.0,201954,Darren Collison,1610612758.0,Sacramento,Kings,SAC,0,0,,,,,,5,201148,Brandan Wright,1610612763.0,Memphis,Grizzlies,MEM
0021500058,220,4,0,2,10:56 PM,5:00,,,Conley REBOUND (Off:0 Def:1),,,5.0,201144,Mike Conley,1610612763.0,Memphis,Grizzlies,MEM,0,0,,,,,,0,0,,,,,
0021500058,221,2,1,2,10:56 PM,4:45,,,MISS Gasol 19' Jump Shot,,,5.0,201188,Marc Gasol,1610612763.0,Memphis,Grizzlies,MEM,0,0,,,,,,0,0,,,,,
0021500058,222,4,0,2,10:56 PM,4:44,,,Allen REBOUND (Off:1 Def:1),,,5.0,2754,Tony Allen,1610612763.0,Memphis,Grizzlies,MEM,0,0,,,,,,0,0,,,,,
0021500058,223,5,1,2,10:56 PM,4:29,Cauley-Stein STEAL (1 STL),,Conley Bad Pass Turnover (P1.T6),,,5.0,201144,Mike Conley,1610612763.0,Memphis,Grizzlies,MEM,4,1626161,Willie Cauley-Stein,1610612758.0,Sacramento,Kings,SAC,0,0,,,,,
0021500058,224,6,2,2,10:57 PM,4:25,,,Conley S.FOUL (P2.T3) (Z.Zarba),,,5.0,201144,Mike Conley,1610612763.0,Memphis,Grizzlies,MEM,4,201954,Darren Collison,1610612758.0,Sacramento,Kings,SAC,1,0,,,,,
0021500058,225,3,11,2,10:57 PM,4:25,Collison Free Throw 1 of 2 (5 PTS),,,35 - 34,-1,4.0,201954,Darren Collison,1610612758.0,Sacramento,Kings,SAC,0,0,,,,,,0,0,,,,,
0021500058,227,8,0,2,10:57 PM,4:25,,,SUB: Randolph FOR Wright,,,5.0,201148,Brandan Wright,1610612763.0,Memphis,Grizzlies,MEM,5,2216,Zach Randolph,1610612763.0,Memphis,Grizzlies,MEM,0,0,,,,,
0021500058,228,3,12,2,10:58 PM,4:25,Collison Free Throw 2 of 2 (6 PTS),,,35 - 35,TIE,4.0,201954,Darren Collison,1610612758.0,Sacramento,Kings,SAC,0,0,,,,,,0,0,,,,,
0021500058,230,6,17,2,10:58 PM,4:16,KINGS T.Foul (Def. 3 Sec Rondo ) (B.Kennedy),,,,,4.0,200765,Rajon Rondo,1610612758.0,Sacramento,Kings,SAC,0,0,,,,,,1,0,,,,,
0021500058,231,3,16,2,10:58 PM,4:16,,,Lee Free Throw Technical (5 PTS),36 - 35,-1,5.0,201584,Courtney Lee,1610612763.0,Memphis,Grizzlies,MEM,0,0,,,,,,0,0,,,,,
0021500058,233,8,0,2,10:58 PM,4:16,SUB: Koufos FOR Belinelli,,,,,4.0,201158,Marco Belinelli,1610612758.0,Sacramento,Kings,SAC,4,201585,Kosta Koufos,1610612758.0,Sacramento,Kings,SAC,0,0,,,,,
0021500058,234,2,1,2,10:59 PM,4:07,,,MISS Lee  3PT Jump Shot,,,5.0,201584,Courtney Lee,1610612763.0,Memphis,Grizzlies,MEM,0,0,,,,,,0,0,,,,,
0021500058,235,4,0,2,10:59 PM,4:07,KINGS Rebound,,,,,2.0,1610612758,,,,,,0,0,,,,,,0,0,,,,,
0021500058,236,6,3,2,10:59 PM,4:07,,,Randolph L.B.FOUL (P1.T4) (Z.Zarba),,,5.0,2216,Zach Randolph,1610612763.0,Memphis,Grizzlies,MEM,4,201585,Kosta Koufos,1610612758.0,Sacramento,Kings,SAC,1,0,,,,,
0021500058,238,2,1,2,10:59 PM,3:48,MISS Rondo 10' Jump Shot,,,,,4.0,200765,Rajon Rondo,1610612758.0,Sacramento,Kings,SAC,0,0,,,,,,0,0,,,,,
0021500058,239,4,0,2,10:59 PM,3:48,,,Grizzlies Rebound,,,3.0,1610612763,,,,,,0,0,,,,,,0,0,,,,,
0021500058,240,6,3,2,10:59 PM,3:48,Koufos L.B.FOUL (P3.PN) (Z.Zarba),,,,,4.0,201585,Kosta Koufos,1610612758.0,Sacramento,Kings,SAC,5,2216,Zach Randolph,1610612763.0,Memphis,Grizzlies,MEM,1,0,,,,,
0021500058,241,3,11,2,11:00 PM,3:48,,,Randolph Free Throw 1 of 2 (5 PTS),37 - 35,-2,5.0,2216,Zach Randolph,1610612763.0,Memphis,Grizzlies,MEM,0,0,,,,,,0,0,,,,,
0021500058,243,8,0,2,11:00 PM,3:48,SUB: McLemore FOR Koufos,,,,,4.0,201585,Kosta Koufos,1610612758.0,Sacramento,Kings,SAC,4,203463,Ben McLemore,1610612758.0,Sacramento,Kings,SAC,0,0,,,,,
0021500058,244,3,12,2,11:00 PM,3:48,,,Randolph Free Throw 2 of 2 (6 PTS),38 - 35,-3,5.0,2216,Zach Randolph,1610612763.0,Memphis,Grizzlies,MEM,0,0,,,,,,0,0,,,,,
0021500058,246,2,1,2,11:01 PM,3:33,MISS Gay 25' 3PT Jump Shot,,,,,4.0,200752,Rudy Gay,1610612758.0,Sacramento,Kings,SAC,0,0,,,,,,0,0,,,,,
0021500058,247,4,0,2,11:01 PM,3:32,,,Grizzlies Rebound,,,3.0,1610612763,,,,,,0,0,,,,,,0,0,,,,,
0021500058,248,1,80,2,11:01 PM,3:19,,,Conley 18' Step Back Jump Shot (9 PTS) (Randolph 1 AST),40 - 35,-5,5.0,201144,Mike Conley,1610612763.0,Memphis,Grizzlies,MEM,5,2216,Zach Randolph,1610612763.0,Memphis,Grizzlies,MEM,0,0,,,,,
0021500058,249,1,1,2,11:01 PM,3:03,Collison 25' 3PT Jump Shot (9 PTS),,,40 - 38,-2,4.0,201954,Darren Collison,1610612758.0,Sacramento,Kings,SAC,0,0,,,,,,0,0,,,,,
0021500058,250,5,1,2,11:01 PM,2:50,Rondo STEAL (1 STL),,Lee Bad Pass Turnover (P1.T7),,,5.0,201584,Courtney Lee,1610612763.0,Memphis,Grizzlies,MEM,4,200765,Rajon Rondo,1610612758.0,Sacramento,Kings,SAC,0,0,,,,,
0021500058,251,6,1,2,11:02 PM,2:49,,,Lee P.FOUL (P1.PN) (Z.Zarba),,,5.0,201584,Courtney Lee,1610612763.0,Memphis,Grizzlies,MEM,4,200765,Rajon Rondo,1610612758.0,Sacramento,Kings,SAC,1,0,,,,,
0021500058,252,9,1,2,11:02 PM,2:49,,,Grizzlies Timeout: Regular (Reg.2 Short 0),,,3.0,1610612763,,,,,,0,0,,,,,,0,0,,,,,
0021500058,256,3,11,2,11:04 PM,2:49,MISS Rondo Free Throw 1 of 2,,,,,4.0,200765,Rajon Rondo,1610612758.0,Sacramento,Kings,SAC,0,0,,,,,,0,0,,,,,
0021500058,257,4,1,2,11:04 PM,2:49,KINGS Rebound,,,,,2.0,1610612758,,,,,,0,0,,,,,,0,0,,,,,
0021500058,258,3,12,2,11:05 PM,2:49,MISS Rondo Free Throw 2 of 2,,,,,4.0,200765,Rajon Rondo,1610612758.0,Sacramento,Kings,SAC,0,0,,,,,,0,0,,,,,
0021500058,260,4,0,2,11:05 PM,2:48,,,Allen REBOUND (Off:1 Def:2),,,5.0,2754,Tony Allen,1610612763.0,Memphis,Grizzlies,MEM,0,0,,,,,,0,0,,,,,
0021500058,261,2,1,2,11:05 PM,2:28,,,MISS Gasol 17' Jump Shot,,,5.0,201188,Marc Gasol,1610612763.0,Memphis,Grizzlies,MEM,0,0,,,,,,0,0,,,,,
0021500058,262,4,0,2,11:05 PM,2:28,Gay REBOUND (Off:1 Def:3),,,,,4.0,200752,Rudy Gay,1610612758.0,Sacramento,Kings,SAC,0,0,,,,,,0,0,,,,,
0021500058,263,5,1,2,11:05 PM,2:18,Gay Bad Pass Turnover (P2.T9),,Lee STEAL (1 STL),,,4.0,200752,Rudy Gay,1610612758.0,Sacramento,Kings,SAC,5,201584,Courtney Lee,1610612763.0,Memphis,Grizzlies,MEM,0,0,,,,,
0021500058,264,1,3,2,11:05 PM,2:01,,,Randolph 8' Hook Shot (8 PTS) (Conley 4 AST),42 - 38,-4,5.0,2216,Zach Randolph,1610612763.0,Memphis,Grizzlies,MEM,5,201144,Mike Conley,1610612763.0,Memphis,Grizzlies,MEM,0,0,,,,,
0021500058,265,2,1,2,11:06 PM,1:51,MISS Rondo 14' Jump Shot,,,,,4.0,200765,Rajon Rondo,1610612758.0,Sacramento,Kings,SAC,0,0,,,,,,0,0,,,,,
0021500058,266,4,0,2,11:06 PM,1:50,,,Lee REBOUND (Off:0 Def:2),,,5.0,201584,Courtney Lee,1610612763.0,Memphis,Grizzlies,MEM,0,0,,,,,,0,0,,,,,
0021500058,267,5,4,2,11:06 PM,1:36,,,Lee Traveling Turnover (P2.T8),,,5.0,201584,Courtney Lee,1610612763.0,Memphis,Grizzlies,MEM,0,0,,,,,,1,0,,,,,
0021500058,268,8,0,2,11:06 PM,1:36,,,SUB: Barnes FOR Conley,,,5.0,201144,Mike Conley,1610612763.0,Memphis,Grizzlies,MEM,5,2440,Matt Barnes,1610612763.0,Memphis,Grizzlies,MEM,0,0,,,,,
0021500058,269,2,5,2,11:07 PM,1:18,MISS Collison 4' Layup,,Barnes BLOCK (2 BLK),,,4.0,201954,Darren Collison,1610612758.0,Sacramento,Kings,SAC,0,0,,,,,,5,2440,Matt Barnes,1610612763.0,Memphis,Grizzlies,MEM
0021500058,270,4,0,2,11:07 PM,1:16,,,Lee REBOUND (Off:0 Def:3),,,5.0,201584,Courtney Lee,1610612763.0,Memphis,Grizzlies,MEM,0,0,,,,,,0,0,,,,,
0021500058,271,6,1,2,11:07 PM,1:14,Rondo P.FOUL (P1.PN) (Z.Zarba),,,,,4.0,200765,Rajon Rondo,1610612758.0,Sacramento,Kings,SAC,5,2440,Matt Barnes,1610612763.0,Memphis,Grizzlies,MEM,1,0,,,,,
0021500058,272,3,11,2,11:07 PM,1:14,,,Barnes Free Throw 1 of 2 (3 PTS),43 - 38,-5,5.0,2440,Matt Barnes,1610612763.0,Memphis,Grizzlies,MEM,0,0,,,,,,0,0,,,,,
0021500058,274,3,12,2,11:07 PM,1:14,,,Barnes Free Throw 2 of 2 (4 PTS),44 - 38,-6,5.0,2440,Matt Barnes,1610612763.0,Memphis,Grizzlies,MEM,0,0,,,,,,0,0,,,,,
0021500058,276,2,1,2,11:08 PM,1:03,MISS Gay 11' Jump Shot,,,,,4.0,200752,Rudy Gay,1610612758.0,Sacramento,Kings,SAC,0,0,,,,,,0,0,,,,,
0021500058,277,4,0,2,11:08 PM,1:03,,,Lee REBOUND (Off:0 Def:4),,,5.0,201584,Courtney Lee,1610612763.0,Memphis,Grizzlies,MEM,0,0,,,,,,0,0,,,,,
0021500058,278,1,5,2,11:08 PM,0:49,,,Randolph 3' Layup (10 PTS),46 - 38,-8,5.0,2216,Zach Randolph,1610612763.0,Memphis,Grizzlies,MEM,0,0,,,,,,0,0,,,,,
0021500058,279,6,2,2,11:08 PM,0:42,,,Allen S.FOUL (P2.PN) (Z.Zarba),,,5.0,2754,Tony Allen,1610612763.0,Memphis,Grizzlies,MEM,4,200752,Rudy Gay,1610612758.0,Sacramento,Kings,SAC,1,0,,,,,
0021500058,280,3,11,2,11:09 PM,0:42,Gay Free Throw 1 of 2 (9 PTS),,,46 - 39,-7,4.0,200752,Rudy Gay,1610612758.0,Sacramento,Kings,SAC,0,0,,,,,,0,0,,,,,
0021500058,282,3,12,2,11:09 PM,0:42,Gay Free Throw 2 of 2 (10 PTS),,,46 - 40,-6,4.0,200752,Rudy Gay,1610612758.0,Sacramento,Kings,SAC,0,0,,,,,,0,0,,,,,
0021500058,284,2,1,2,11:09 PM,0:20,,,MISS Barnes 25' 3PT Jump Shot,,,5.0,2440,Matt Barnes,1610612763.0,Memphis,Grizzlies,MEM,0,0,,,,,,0,0,,,,,
0021500058,286,4,0,2,11:09 PM,0:20,,,Lee REBOUND (Off:1 Def:4),,,5.0,201584,Courtney Lee,1610612763.0,Memphis,Grizzlies,MEM,0,0,,,,,,0,0,,,,,
0021500058,285,1,87,2,11:09 PM,0:20,,,Lee  Putback Dunk (7 PTS),48 - 40,-8,5.0,201584,Courtney Lee,1610612763.0,Memphis,Grizzlies,MEM,0,0,,,,,,0,0,,,,,
0021500058,287,5,2,2,11:10 PM,0:03,McLemore Lost Ball Turnover (P1.T10),,Barnes STEAL (1 STL),,,4.0,203463,Ben McLemore,1610612758.0,Sacramento,Kings,SAC,5,2440,Matt Barnes,1610612763.0,Memphis,Grizzlies,MEM,0,0,,,,,
0021500058,288,1,5,2,11:10 PM,0:00,,,Allen 3' Layup (2 PTS) (Barnes 2 AST),50 - 40,-10,5.0,2754,Tony Allen,1610612763.0,Memphis,Grizzlies,MEM,5,2440,Matt Barnes,1610612763.0,Memphis,Grizzlies,MEM,0,0,,,,,
0021500058,289,18,0,2,11:10 PM,0:00,,,,,,,288,Armen Gilliam,,,,,0,0,,,,,,1,0,,,,,
0021500058,290,13,0,2,11:11 PM,0:00,,,,50 - 40,-10,0.0,0,,,,,,0,0,,,,,,0,0,,,,,
0021500058,292,12,0,3,11:26 PM,12:00,,,,50 - 40,-10,0.0,0,,,,,,0,0,,,,,,0,0,,,,,
0021500058,293,1,47,3,11:26 PM,11:37,Gay 13' Turnaround Jump Shot (12 PTS),,,50 - 42,-8,4.0,200752,Rudy Gay,1610612758.0,Sacramento,Kings,SAC,0,0,,,,,,0,0,,,,,
0021500058,294,1,1,3,11:26 PM,11:11,,,Randolph 22' Jump Shot (12 PTS) (Lee 1 AST),52 - 42,-10,5.0,2216,Zach Randolph,1610612763.0,Memphis,Grizzlies,MEM,5,201584,Courtney Lee,1610612763.0,Memphis,Grizzlies,MEM,0,0,,,,,
0021500058,295,2,1,3,11:27 PM,10:56,MISS Gay 10' Jump Shot,,,,,4.0,200752,Rudy Gay,1610612758.0,Sacramento,Kings,SAC,0,0,,,,,,0,0,,,,,
0021500058,296,4,0,3,11:27 PM,10:56,,,Randolph REBOUND (Off:2 Def:3),,,5.0,2216,Zach Randolph,1610612763.0,Memphis,Grizzlies,MEM,0,0,,,,,,0,0,,,,,
0021500058,297,1,80,3,11:27 PM,10:41,,,Randolph 17' Step Back Jump Shot (14 PTS),54 - 42,-12,5.0,2216,Zach Randolph,1610612763.0,Memphis,Grizzlies,MEM,0,0,,,,,,0,0,,,,,
0021500058,298,2,1,3,11:27 PM,10:26,MISS McLemore 14' Jump Shot,,,,,4.0,203463,Ben McLemore,1610612758.0,Sacramento,Kings,SAC,0,0,,,,,,0,0,,,,,
0021500058,299,4,0,3,11:27 PM,10:25,,,Randolph REBOUND (Off:2 Def:4),,,5.0,2216,Zach Randolph,1610612763.0,Memphis,Grizzlies,MEM,0,0,,,,,,0,0,,,,,
0021500058,300,1,1,3,11:27 PM,10:15,,,Wright 3' Jump Shot (4 PTS) (Randolph 2 AST),56 - 42,-14,5.0,201148,Brandan Wright,1610612763.0,Memphis,Grizzlies,MEM,5,2216,Zach Randolph,1610612763.0,Memphis,Grizzlies,MEM,0,0,,,,,
0021500058,301,6,2,3,11:27 PM,10:15,Cauley-Stein S.FOUL (P2.T1) (B.Kennedy),,,,,4.0,1626161,Willie Cauley-Stein,1610612758.0,Sacramento,Kings,SAC,5,201148,Brandan Wright,1610612763.0,Memphis,Grizzlies,MEM,1,0,,,,,
0021500058,302,3,10,3,11:28 PM,10:15,,,MISS Wright Free Throw 1 of 1,,,5.0,201148,Brandan Wright,1610612763.0,Memphis,Grizzlies,MEM,0,0,,,,,,0,0,,,,,
0021500058,304,4,0,3,11:28 PM,10:12,Koufos REBOUND (Off:0 Def:4),,,,,4.0,201585,Kosta Koufos,1610612758.0,Sacramento,Kings,SAC,0,0,,,,,,0,0,,,,,
0021500058,305,6,1,3,11:28 PM,10:04,,,Allen P.FOUL (P3.T1) (B.Kennedy),,,5.0,2754,Tony Allen,1610612763.0,Memphis,Grizzlies,MEM,4,200752,Rudy Gay,1610612758.0,Sacramento,Kings,SAC,1,0,,,,,
0021500058,306,2,1,3,11:28 PM,9:55,MISS Rondo 9' Jump Shot,,Wright BLOCK (2 BLK),,,4.0,200765,Rajon Rondo,1610612758.0,Sacramento,Kings,SAC,0,0,,,,,,5,201148,Brandan Wright,1610612763.0,Memphis,Grizzlies,MEM
0021500058,307,4,0,3,11:29 PM,9:54,Rondo REBOUND (Off:1 Def:4),,,,,4.0,200765,Rajon Rondo,1610612758.0,Sacramento,Kings,SAC,0,0,,,,,,0,0,,,,,
0021500058,308,1,52,3,11:29 PM,9:52,Cauley-Stein  Alley Oop Dunk (5 PTS) (Rondo 3 AST),,,56 - 44,-12,4.0,1626161,Willie Cauley-Stein,1610612758.0,Sacramento,Kings,SAC,4,200765,Rajon Rondo,1610612758.0,Sacramento,Kings,SAC,0,0,,,,,
0021500058,309,1,1,3,11:29 PM,9:37,,,Randolph 19' Jump Shot (16 PTS) (Conley 5 AST),58 - 44,-14,5.0,2216,Zach Randolph,1610612763.0,Memphis,Grizzlies,MEM,5,201144,Mike Conley,1610612763.0,Memphis,Grizzlies,MEM,0,0,,,,,
0021500058,310,5,1,3,11:29 PM,9:28,Rondo Bad Pass Turnover (P2.T11),,Conley STEAL (1 STL),,,4.0,200765,Rajon Rondo,1610612758.0,Sacramento,Kings,SAC,5,201144,Mike Conley,1610612763.0,Memphis,Grizzlies,MEM,0,0,,,,,
0021500058,311,1,5,3,11:29 PM,9:24,,,Lee 2' Layup (9 PTS) (Conley 6 AST),60 - 44,-16,5.0,201584,Courtney Lee,1610612763.0,Memphis,Grizzlies,MEM,5,201144,Mike Conley,1610612763.0,Memphis,Grizzlies,MEM,0,0,,,,,
0021500058,312,6,2,3,11:29 PM,9:24,McLemore S.FOUL (P1.T2) (Z.Zarba),,,,,4.0,203463,Ben McLemore,1610612758.0,Sacramento,Kings,SAC,5,201584,Courtney Lee,1610612763.0,Memphis,Grizzlies,MEM,1,0,,,,,
0021500058,313,9,1,3,11:29 PM,9:24,KINGS Timeout: Regular (Full 3 Short 0),,,,,2.0,1610612758,,,,,,0,0,,,,,,0,0,,,,,
0021500058,317,3,10,3,11:32 PM,9:24,,,Lee Free Throw 1 of 1 (10 PTS),61 - 44,-17,5.0,201584,Courtney Lee,1610612763.0,Memphis,Grizzlies,MEM,0,0,,,,,,0,0,,,,,
0021500058,319,1,1,3,11:32 PM,9:07,Gay  3PT Jump Shot (15 PTS) (Rondo 4 AST),,,61 - 47,-14,4.0,200752,Rudy Gay,1610612758.0,Sacramento,Kings,SAC,4,200765,Rajon Rondo,1610612758.0,Sacramento,Kings,SAC,0,0,,,,,
0021500058,320,2,1,3,11:32 PM,8:51,,,MISS Randolph 21' Jump Shot,,,5.0,2216,Zach Randolph,1610612763.0,Memphis,Grizzlies,MEM,0,0,,,,,,0,0,,,,,
0021500058,321,4,0,3,11:32 PM,8:51,Rondo REBOUND (Off:1 Def:5),,,,,4.0,200765,Rajon Rondo,1610612758.0,Sacramento,Kings,SAC,0,0,,,,,,0,0,,,,,
0021500058,322,2,1,3,11:33 PM,8:33,MISS Rondo 19' Jump Shot,,,,,4.0,200765,Rajon Rondo,1610612758.0,Sacramento,Kings,SAC,0,0,,,,,,0,0,,,,,
0021500058,323,4,0,3,11:33 PM,8:32,,,Randolph REBOUND (Off:2 Def:5),,,5.0,2216,Zach Randolph,1610612763.0,Memphis,Grizzlies,MEM,0,0,,,,,,0,0,,,,,
0021500058,334,5,41,3,11:33 PM,8:18,,,Randolph Poss Lost Ball Turnover (P2.T9),,,5.0,2216,Zach Randolph,1610612763.0,Memphis,Grizzlies,MEM,0,0,,,,,,0,0,,,,,
0021500058,325,6,3,3,11:33 PM,8:18,,,Randolph L.B.FOUL (P2.T2) (B.Kennedy),,,5.0,2216,Zach Randolph,1610612763.0,Memphis,Grizzlies,MEM,4,201585,Kosta Koufos,1610612758.0,Sacramento,Kings,SAC,1,0,,,,,
0021500058,326,1,66,3,11:33 PM,8:02,Rondo 5' Jump Bank Shot (5 PTS),,,61 - 49,-12,4.0,200765,Rajon Rondo,1610612758.0,Sacramento,Kings,SAC,0,0,,,,,,0,0,,,,,
0021500058,327,2,1,3,11:34 PM,7:45,,,MISS Conley 5' Jump Shot,,,5.0,201144,Mike Conley,1610612763.0,Memphis,Grizzlies,MEM,0,0,,,,,,0,0,,,,,
0021500058,328,4,0,3,11:34 PM,7:44,Cauley-Stein REBOUND (Off:0 Def:2),,,,,4.0,1626161,Willie Cauley-Stein,1610612758.0,Sacramento,Kings,SAC,0,0,,,,,,0,0,,,,,
0021500058,329,2,1,3,11:34 PM,7:39,MISS Rondo 5' Jump Shot,,,,,4.0,200765,Rajon Rondo,1610612758.0,Sacramento,Kings,SAC,0,0,,,,,,0,0,,,,,
0021500058,331,4,0,3,11:34 PM,7:38,Koufos REBOUND (Off:1 Def:4),,,,,4.0,201585,Kosta Koufos,1610612758.0,Sacramento,Kings,SAC,0,0,,,,,,0,0,,,,,
0021500058,330,1,97,3,11:34 PM,7:38,Koufos 3' Tip Layup Shot (6 PTS),,,61 - 51,-10,4.0,201585,Kosta Koufos,1610612758.0,Sacramento,Kings,SAC,0,0,,,,,,0,0,,,,,
0021500058,333,9,1,3,11:34 PM,7:27,,,Grizzlies Timeout: Regular (Reg.3 Short 0),,,3.0,1610612763,,,,,,0,0,,,,,,0,0,,,,,
0021500058,335,7,1,3,11:35 PM,7:27,KINGS Violation: Delay of game Violation,,,,,2.0,1610612758,,,,,,0,0,,,,,,1,0,,,,,
0021500058,338,1,1,3,11:37 PM,7:16,,,Allen 24' 3PT Jump Shot (5 PTS) (Wright 1 AST),64 - 51,-13,5.0,2754,Tony Allen,1610612763.0,Memphis,Grizzlies,MEM,5,201148,Brandan Wright,1610612763.0,Memphis,Grizzlies,MEM,0,0,,,,,
0021500058,339,6,2,3,11:37 PM,6:55,,,Wright S.FOUL (P3.T3) (Z.Zarba),,,5.0,201148,Brandan Wright,1610612763.0,Memphis,Grizzlies,MEM,4,201585,Kosta Koufos,1610612758.0,Sacramento,Kings,SAC,1,0,,,,,
0021500058,340,3,11,3,11:38 PM,6:55,Koufos Free Throw 1 of 2 (7 PTS),,,64 - 52,-12,4.0,201585,Kosta Koufos,1610612758.0,Sacramento,Kings,SAC,0,0,,,,,,0,0,,,,,
0021500058,342,3,12,3,11:38 PM,6:55,MISS Koufos Free Throw 2 of 2,,,,,4.0,201585,Kosta Koufos,1610612758.0,Sacramento,Kings,SAC,0,0,,,,,,0,0,,,,,
0021500058,344,4,0,3,11:38 PM,6:52,,,Randolph REBOUND (Off:2 Def:6),,,5.0,2216,Zach Randolph,1610612763.0,Memphis,Grizzlies,MEM,0,0,,,,,,0,0,,,,,
0021500058,345,1,1,3,11:38 PM,6:40,,,Lee 21' Jump Shot (12 PTS) (Wright 2 AST),66 - 52,-14,5.0,201584,Courtney Lee,1610612763.0,Memphis,Grizzlies,MEM,5,201148,Brandan Wright,1610612763.0,Memphis,Grizzlies,MEM,0,0,,,,,
0021500058,347,2,1,3,11:39 PM,6:24,MISS McLemore  3PT Jump Shot,,,,,4.0,203463,Ben McLemore,1610612758.0,Sacramento,Kings,SAC,0,0,,,,,,0,0,,,,,
0021500058,348,4,0,3,11:39 PM,6:23,,,Allen REBOUND (Off:1 Def:3),,,5.0,2754,Tony Allen,1610612763.0,Memphis,Grizzlies,MEM,0,0,,,,,,0,0,,,,,
0021500058,349,1,5,3,11:39 PM,6:18,,,Conley 3' Layup (11 PTS) (Allen 2 AST),68 - 52,-16,5.0,201144,Mike Conley,1610612763.0,Memphis,Grizzlies,MEM,5,2754,Tony Allen,1610612763.0,Memphis,Grizzlies,MEM,0,0,,,,,
0021500058,350,5,39,3,11:39 PM,5:59,McLemore Step Out of Bounds Turnover (P2.T12),,,,,4.0,203463,Ben McLemore,1610612758.0,Sacramento,Kings,SAC,0,0,,,,,,0,0,,,,,
0021500058,351,8,0,3,11:39 PM,5:59,SUB: Casspi FOR Cauley-Stein,,,,,4.0,1626161,Willie Cauley-Stein,1610612758.0,Sacramento,Kings,SAC,4,201956,Omri Casspi,1610612758.0,Sacramento,Kings,SAC,0,0,,,,,
0021500058,352,2,1,3,11:40 PM,5:46,,,MISS Lee 19' Jump Shot,,,5.0,201584,Courtney Lee,1610612763.0,Memphis,Grizzlies,MEM,0,0,,,,,,0,0,,,,,
0021500058,353,4,0,3,11:40 PM,5:45,Gay REBOUND (Off:1 Def:4),,,,,4.0,200752,Rudy Gay,1610612758.0,Sacramento,Kings,SAC,0,0,,,,,,0,0,,,,,
0021500058,354,2,1,3,11:40 PM,5:38,MISS McLemore 18' Jump Shot,,,,,4.0,203463,Ben McLemore,1610612758.0,Sacramento,Kings,SAC,0,0,,,,,,0,0,,,,,
0021500058,355,4,0,3,11:40 PM,5:37,,,Conley REBOUND (Off:0 Def:2),,,5.0,201144,Mike Conley,1610612763.0,Memphis,Grizzlies,MEM,0,0,,,,,,0,0,,,,,
0021500058,356,6,1,3,11:41 PM,5:33,McLemore P.FOUL (P2.T3) (Z.Zarba),,,,,4.0,203463,Ben McLemore,1610612758.0,Sacramento,Kings,SAC,5,201148,Brandan Wright,1610612763.0,Memphis,Grizzlies,MEM,1,0,,,,,
0021500058,357,18,0,3,11:41 PM,5:33,,,,,,,356,Chris Morris,,,,,0,0,,,,,,1,0,,,,,
0021500058,358,8,0,3,11:42 PM,5:33,SUB: Collison FOR McLemore,,,,,4.0,203463,Ben McLemore,1610612758.0,Sacramento,Kings,SAC,4,201954,Darren Collison,1610612758.0,Sacramento,Kings,SAC,0,0,,,,,
0021500058,361,6,2,3,11:43 PM,5:22,Casspi S.FOUL (P2.T4) (Z.Zarba),,,,,4.0,201956,Omri Casspi,1610612758.0,Sacramento,Kings,SAC,5,201148,Brandan Wright,1610612763.0,Memphis,Grizzlies,MEM,1,0,,,,,
0021500058,363,3,11,3,11:43 PM,5:22,,,MISS Wright Free Throw 1 of 2,,,5.0,201148,Brandan Wright,1610612763.0,Memphis,Grizzlies,MEM,0,0,,,,,,0,0,,,,,
0021500058,364,4,1,3,11:43 PM,5:22,,,Grizzlies Rebound,,,3.0,1610612763,,,,,,0,0,,,,,,0,0,,,,,
0021500058,365,3,12,3,11:43 PM,5:22,,,Wright Free Throw 2 of 2 (5 PTS),69 - 52,-17,5.0,201148,Brandan Wright,1610612763.0,Memphis,Grizzlies,MEM,0,0,,,,,,0,0,,,,,
0021500058,368,1,1,3,11:43 PM,5:09,Collison 25' 3PT Jump Shot (12 PTS) (Casspi 1 AST),,,69 - 55,-14,4.0,201954,Darren Collison,1610612758.0,Sacramento,Kings,SAC,4,201956,Omri Casspi,1610612758.0,Sacramento,Kings,SAC,0,0,,,,,
0021500058,369,5,1,3,11:44 PM,4:58,Gay STEAL (1 STL),,Randolph Bad Pass Turnover (P3.T10),,,5.0,2216,Zach Randolph,1610612763.0,Memphis,Grizzlies,MEM,4,200752,Rudy Gay,1610612758.0,Sacramento,Kings,SAC,0,0,,,,,
0021500058,370,1,5,3,11:44 PM,4:52,Koufos 1' Layup (9 PTS) (Collison 1 AST),,,69 - 57,-12,4.0,201585,Kosta Koufos,1610612758.0,Sacramento,Kings,SAC,4,201954,Darren Collison,1610612758.0,Sacramento,Kings,SAC,0,0,,,,,
0021500058,372,2,1,3,11:44 PM,4:29,,,MISS Conley  3PT Jump Shot,,,5.0,201144,Mike Conley,1610612763.0,Memphis,Grizzlies,MEM,0,0,,,,,,0,0,,,,,
0021500058,373,4,0,3,11:44 PM,4:27,,,Wright REBOUND (Off:1 Def:3),,,5.0,201148,Brandan Wright,1610612763.0,Memphis,Grizzlies,MEM,0,0,,,,,,0,0,,,,,
0021500058,374,6,2,3,11:44 PM,4:27,Koufos S.FOUL (P4.PN) (B.Kennedy),,,,,4.0,201585,Kosta Koufos,1610612758.0,Sacramento,Kings,SAC,5,201148,Brandan Wright,1610612763.0,Memphis,Grizzlies,MEM,1,0,,,,,
0021500058,375,3,11,3,11:45 PM,4:27,,,Wright Free Throw 1 of 2 (6 PTS),70 - 57,-13,5.0,201148,Brandan Wright,1610612763.0,Memphis,Grizzlies,MEM,0,0,,,,,,0,0,,,,,
0021500058,377,8,0,3,11:45 PM,4:27,,,SUB: Udrih FOR Conley,,,5.0,201144,Mike Conley,1610612763.0,Memphis,Grizzlies,MEM,5,2757,Beno Udrih,1610612763.0,Memphis,Grizzlies,MEM,0,0,,,,,
0021500058,378,8,0,3,11:45 PM,4:27,SUB: Cauley-Stein FOR Gay,,,,,4.0,200752,Rudy Gay,1610612758.0,Sacramento,Kings,SAC,4,1626161,Willie Cauley-Stein,1610612758.0,Sacramento,Kings,SAC,0,0,,,,,
0021500058,379,8,0,3,11:45 PM,4:27,SUB: Belinelli FOR Koufos,,,,,4.0,201585,Kosta Koufos,1610612758.0,Sacramento,Kings,SAC,4,201158,Marco Belinelli,1610612758.0,Sacramento,Kings,SAC,0,0,,,,,
0021500058,380,3,12,3,11:45 PM,4:27,,,MISS Wright Free Throw 2 of 2,,,5.0,201148,Brandan Wright,1610612763.0,Memphis,Grizzlies,MEM,0,0,,,,,,0,0,,,,,
0021500058,382,4,0,3,11:45 PM,4:26,Cauley-Stein REBOUND (Off:0 Def:3),,,,,4.0,1626161,Willie Cauley-Stein,1610612758.0,Sacramento,Kings,SAC,0,0,,,,,,0,0,,,,,
0021500058,383,2,1,3,11:45 PM,4:07,MISS Casspi 13' Jump Shot,,,,,4.0,201956,Omri Casspi,1610612758.0,Sacramento,Kings,SAC,0,0,,,,,,0,0,,,,,
0021500058,384,4,0,3,11:46 PM,4:07,Cauley-Stein REBOUND (Off:1 Def:3),,,,,4.0,1626161,Willie Cauley-Stein,1610612758.0,Sacramento,Kings,SAC,0,0,,,,,,0,0,,,,,
0021500058,385,6,2,3,11:46 PM,4:07,,,Allen S.FOUL (P4.T4) (B.Kennedy),,,5.0,2754,Tony Allen,1610612763.0,Memphis,Grizzlies,MEM,4,1626161,Willie Cauley-Stein,1610612758.0,Sacramento,Kings,SAC,1,0,,,,,
0021500058,386,3,11,3,11:46 PM,4:07,Cauley-Stein Free Throw 1 of 2 (6 PTS),,,70 - 58,-12,4.0,1626161,Willie Cauley-Stein,1610612758.0,Sacramento,Kings,SAC,0,0,,,,,,0,0,,,,,
0021500058,388,8,0,3,11:46 PM,4:07,,,SUB: Green FOR Allen,,,5.0,2754,Tony Allen,1610612763.0,Memphis,Grizzlies,MEM,5,201145,Jeff Green,1610612763.0,Memphis,Grizzlies,MEM,0,0,,,,,
0021500058,389,3,12,3,11:46 PM,4:07,Cauley-Stein Free Throw 2 of 2 (7 PTS),,,70 - 59,-11,4.0,1626161,Willie Cauley-Stein,1610612758.0,Sacramento,Kings,SAC,0,0,,,,,,0,0,,,,,
0021500058,391,1,57,3,11:47 PM,3:48,,,Randolph 7' Driving Hook Shot (18 PTS),72 - 59,-13,5.0,2216,Zach Randolph,1610612763.0,Memphis,Grizzlies,MEM,0,0,,,,,,0,0,,,,,
0021500058,392,6,2,3,11:47 PM,3:44,,,Lee S.FOUL (P2.PN) (E.Roe),,,5.0,201584,Courtney Lee,1610612763.0,Memphis,Grizzlies,MEM,4,201954,Darren Collison,1610612758.0,Sacramento,Kings,SAC,1,0,,,,,
0021500058,393,3,11,3,11:47 PM,3:44,Collison Free Throw 1 of 2 (13 PTS),,,72 - 60,-12,4.0,201954,Darren Collison,1610612758.0,Sacramento,Kings,SAC,0,0,,,,,,0,0,,,,,
0021500058,395,3,12,3,11:47 PM,3:44,Collison Free Throw 2 of 2 (14 PTS),,,72 - 61,-11,4.0,201954,Darren Collison,1610612758.0,Sacramento,Kings,SAC,0,0,,,,,,0,0,,,,,
0021500058,398,1,42,3,11:48 PM,3:29,,,Udrih 4' Driving Layup (2 PTS),74 - 61,-13,5.0,2757,Beno Udrih,1610612763.0,Memphis,Grizzlies,MEM,0,0,,,,,,0,0,,,,,
0021500058,399,2,1,3,11:48 PM,3:17,MISS Rondo 24' 3PT Jump Shot,,,,,4.0,200765,Rajon Rondo,1610612758.0,Sacramento,Kings,SAC,0,0,,,,,,0,0,,,,,
0021500058,400,4,0,3,11:48 PM,3:16,,,Randolph REBOUND (Off:2 Def:7),,,5.0,2216,Zach Randolph,1610612763.0,Memphis,Grizzlies,MEM,0,0,,,,,,0,0,,,,,
0021500058,401,2,42,3,11:48 PM,3:11,Cauley-Stein BLOCK (1 BLK),,MISS Lee 3' Driving Layup,,,5.0,201584,Courtney Lee,1610612763.0,Memphis,Grizzlies,MEM,0,0,,,,,,4,1626161,Willie Cauley-Stein,1610612758.0,Sacramento,Kings,SAC
0021500058,402,4,0,3,11:48 PM,3:11,,,Grizzlies Rebound,,,3.0,1610612763,,,,,,0,0,,,,,,0,0,,,,,
0021500058,403,8,0,3,11:48 PM,3:11,,,SUB: Barnes FOR Randolph,,,5.0,2216,Zach Randolph,1610612763.0,Memphis,Grizzlies,MEM,5,2440,Matt Barnes,1610612763.0,Memphis,Grizzlies,MEM,0,0,,,,,
0021500058,404,2,1,3,11:49 PM,3:06,,,MISS Barnes 7' Jump Shot,,,5.0,2440,Matt Barnes,1610612763.0,Memphis,Grizzlies,MEM,0,0,,,,,,0,0,,,,,
0021500058,405,4,0,3,11:49 PM,3:06,Casspi REBOUND (Off:0 Def:1),,,,,4.0,201956,Omri Casspi,1610612758.0,Sacramento,Kings,SAC,0,0,,,,,,0,0,,,,,
0021500058,406,2,1,3,11:49 PM,2:59,MISS Belinelli  3PT Jump Shot,,,,,4.0,201158,Marco Belinelli,1610612758.0,Sacramento,Kings,SAC,0,0,,,,,,0,0,,,,,
0021500058,407,4,0,3,11:49 PM,2:59,,,Green REBOUND (Off:1 Def:3),,,5.0,201145,Jeff Green,1610612763.0,Memphis,Grizzlies,MEM,0,0,,,,,,0,0,,,,,
0021500058,408,1,5,3,11:49 PM,2:46,,,Udrih 4' Layup (4 PTS) (Green 1 AST),76 - 61,-15,5.0,2757,Beno Udrih,1610612763.0,Memphis,Grizzlies,MEM,5,201145,Jeff Green,1610612763.0,Memphis,Grizzlies,MEM,0,0,,,,,
0021500058,409,6,1,3,11:49 PM,2:39,,,Lee P.FOUL (P3.PN) (Z.Zarba),,,5.0,201584,Courtney Lee,1610612763.0,Memphis,Grizzlies,MEM,4,201158,Marco Belinelli,1610612758.0,Sacramento,Kings,SAC,1,0,,,,,
0021500058,410,3,11,3,11:50 PM,2:39,Belinelli Free Throw 1 of 2 (9 PTS),,,76 - 62,-14,4.0,201158,Marco Belinelli,1610612758.0,Sacramento,Kings,SAC,0,0,,,,,,0,0,,,,,
0021500058,412,8,0,3,11:50 PM,2:39,SUB: Butler FOR Rondo,,,,,4.0,200765,Rajon Rondo,1610612758.0,Sacramento,Kings,SAC,4,2406,Caron Butler,1610612758.0,Sacramento,Kings,SAC,0,0,,,,,
0021500058,413,3,12,3,11:50 PM,2:39,Belinelli Free Throw 2 of 2 (10 PTS),,,76 - 63,-13,4.0,201158,Marco Belinelli,1610612758.0,Sacramento,Kings,SAC,0,0,,,,,,0,0,,,,,
0021500058,415,1,1,3,11:50 PM,2:18,,,Lee 18' Jump Shot (14 PTS) (Green 2 AST),78 - 63,-15,5.0,201584,Courtney Lee,1610612763.0,Memphis,Grizzlies,MEM,5,201145,Jeff Green,1610612763.0,Memphis,Grizzlies,MEM,0,0,,,,,
0021500058,416,1,1,3,11:51 PM,1:57,Butler 22' Jump Shot (2 PTS) (Belinelli 1 AST),,,78 - 65,-13,4.0,2406,Caron Butler,1610612758.0,Sacramento,Kings,SAC,4,201158,Marco Belinelli,1610612758.0,Sacramento,Kings,SAC,0,0,,,,,
0021500058,417,5,1,3,11:51 PM,1:39,Casspi STEAL (2 STL),,Udrih Bad Pass Turnover (P1.T11),,,5.0,2757,Beno Udrih,1610612763.0,Memphis,Grizzlies,MEM,4,201956,Omri Casspi,1610612758.0,Sacramento,Kings,SAC,0,0,,,,,
0021500058,418,6,2,3,11:51 PM,1:36,,,Barnes S.FOUL (P2.PN) (B.Kennedy),,,5.0,2440,Matt Barnes,1610612763.0,Memphis,Grizzlies,MEM,4,201956,Omri Casspi,1610612758.0,Sacramento,Kings,SAC,1,0,,,,,
0021500058,419,3,11,3,11:51 PM,1:36,MISS Casspi Free Throw 1 of 2,,,,,4.0,201956,Omri Casspi,1610612758.0,Sacramento,Kings,SAC,0,0,,,,,,0,0,,,,,
0021500058,420,4,1,3,11:51 PM,1:36,KINGS Rebound,,,,,2.0,1610612758,,,,,,0,0,,,,,,0,0,,,,,
0021500058,421,8,0,3,11:51 PM,1:36,,,SUB: Green FOR Lee,,,5.0,201584,Courtney Lee,1610612763.0,Memphis,Grizzlies,MEM,5,203210,JaMychal Green,1610612763.0,Memphis,Grizzlies,MEM,0,0,,,,,
0021500058,422,3,12,3,11:52 PM,1:36,Casspi Free Throw 2 of 2 (4 PTS),,,78 - 66,-12,4.0,201956,Omri Casspi,1610612758.0,Sacramento,Kings,SAC,0,0,,,,,,0,0,,,,,
0021500058,424,5,19,3,11:52 PM,1:19,,,Udrih Kicked Ball Violation Turnover (P2.T12),,,5.0,2757,Beno Udrih,1610612763.0,Memphis,Grizzlies,MEM,0,0,,,,,,1,0,,,,,
0021500058,425,2,1,3,11:52 PM,1:08,MISS Casspi 9' Jump Shot,,,,,4.0,201956,Omri Casspi,1610612758.0,Sacramento,Kings,SAC,0,0,,,,,,0,0,,,,,
0021500058,426,4,0,3,11:52 PM,1:07,Casspi REBOUND (Off:1 Def:1),,,,,4.0,201956,Omri Casspi,1610612758.0,Sacramento,Kings,SAC,0,0,,,,,,0,0,,,,,
0021500058,427,2,5,3,11:53 PM,1:05,MISS Casspi 2' Layup,,Wright BLOCK (3 BLK),,,4.0,201956,Omri Casspi,1610612758.0,Sacramento,Kings,SAC,0,0,,,,,,5,201148,Brandan Wright,1610612763.0,Memphis,Grizzlies,MEM
0021500058,428,4,0,3,11:53 PM,1:04,Cauley-Stein REBOUND (Off:2 Def:3),,,,,4.0,1626161,Willie Cauley-Stein,1610612758.0,Sacramento,Kings,SAC,0,0,,,,,,0,0,,,,,
0021500058,429,2,55,3,11:53 PM,1:03,MISS Cauley-Stein 4' Hook Shot,,,,,4.0,1626161,Willie Cauley-Stein,1610612758.0,Sacramento,Kings,SAC,0,0,,,,,,0,0,,,,,
0021500058,430,4,0,3,11:53 PM,1:02,,,Barnes REBOUND (Off:0 Def:3),,,5.0,2440,Matt Barnes,1610612763.0,Memphis,Grizzlies,MEM,0,0,,,,,,0,0,,,,,
0021500058,431,1,1,3,11:53 PM,0:55,,,Green 25' 3PT Jump Shot (5 PTS) (Udrih 2 AST),81 - 66,-15,5.0,201145,Jeff Green,1610612763.0,Memphis,Grizzlies,MEM,5,2757,Beno Udrih,1610612763.0,Memphis,Grizzlies,MEM,0,0,,,,,
0021500058,432,6,2,3,11:53 PM,0:48,,,Udrih S.FOUL (P2.PN) (Z.Zarba),,,5.0,2757,Beno Udrih,1610612763.0,Memphis,Grizzlies,MEM,4,201954,Darren Collison,1610612758.0,Sacramento,Kings,SAC,1,0,,,,,
0021500058,433,3,11,3,11:53 PM,0:48,MISS Collison Free Throw 1 of 2,,,,,4.0,201954,Darren Collison,1610612758.0,Sacramento,Kings,SAC,0,0,,,,,,0,0,,,,,
0021500058,434,4,1,3,11:53 PM,0:48,KINGS Rebound,,,,,2.0,1610612758,,,,,,0,0,,,,,,0,0,,,,,
0021500058,435,3,12,3,11:54 PM,0:48,Collison Free Throw 2 of 2 (15 PTS),,,81 - 67,-14,4.0,201954,Darren Collison,1610612758.0,Sacramento,Kings,SAC,0,0,,,,,,0,0,,,,,
0021500058,439,1,79,3,11:54 PM,0:30,,,Udrih 20' Pullup Jump Shot (6 PTS),83 - 67,-16,5.0,2757,Beno Udrih,1610612763.0,Memphis,Grizzlies,MEM,0,0,,,,,,0,0,,,,,
0021500058,440,2,1,3,11:55 PM,0:04,MISS Belinelli 24' 3PT Jump Shot,,,,,4.0,201158,Marco Belinelli,1610612758.0,Sacramento,Kings,SAC,0,0,,,,,,0,0,,,,,
0021500058,441,4,0,3,11:55 PM,0:04,,,Green REBOUND (Off:3 Def:2),,,5.0,203210,JaMychal Green,1610612763.0,Memphis,Grizzlies,MEM,0,0,,,,,,0,0,,,,,
0021500058,442,2,1,3,11:55 PM,0:00,,,MISS Green 25' 3PT Jump Shot,,,5.0,201145,Jeff Green,1610612763.0,Memphis,Grizzlies,MEM,0,0,,,,,,0,0,,,,,
0021500058,444,4,0,3,11:55 PM,0:00,,,Grizzlies Rebound,,,3.0,1610612763,,,,,,0,0,,,,,,0,0,,,,,
0021500058,443,13,0,3,11:55 PM,0:00,,,,83 - 67,-16,0.0,0,,,,,,0,0,,,,,,0,0,,,,,
0021500058,446,12,0,4,11:58 PM,12:00,,,,83 - 67,-16,0.0,0,,,,,,0,0,,,,,,0,0,,,,,
0021500058,447,6,26,4,11:58 PM,11:42,,,Green Offensive Charge Foul (P3.T1) (E.Roe),,,5.0,203210,JaMychal Green,1610612763.0,Memphis,Grizzlies,MEM,4,201956,Omri Casspi,1610612758.0,Sacramento,Kings,SAC,1,0,,,,,
0021500058,448,5,5,4,11:58 PM,11:42,,,Green Foul Turnover (P2.T13),,,5.0,203210,JaMychal Green,1610612763.0,Memphis,Grizzlies,MEM,0,0,,,,,,1,0,,,,,
0021500058,449,1,1,4,11:58 PM,11:28,Collison 24' 3PT Jump Shot (18 PTS) (Belinelli 2 AST),,,83 - 70,-13,4.0,201954,Darren Collison,1610612758.0,Sacramento,Kings,SAC,4,201158,Marco Belinelli,1610612758.0,Sacramento,Kings,SAC,0,0,,,,,
0021500058,450,6,1,4,11:59 PM,11:18,Belinelli P.FOUL (P2.T1) (E.Roe),,,,,4.0,201158,Marco Belinelli,1610612758.0,Sacramento,Kings,SAC,5,2757,Beno Udrih,1610612763.0,Memphis,Grizzlies,MEM,1,0,,,,,
0021500058,451,1,5,4,11:59 PM,11:10,,,Wright 4' Layup (8 PTS) (Udrih 3 AST),85 - 70,-15,5.0,201148,Brandan Wright,1610612763.0,Memphis,Grizzlies,MEM,5,2757,Beno Udrih,1610612763.0,Memphis,Grizzlies,MEM,0,0,,,,,
0021500058,452,6,1,4,11:59 PM,11:02,,,Barnes P.FOUL (P3.T2) (E.Roe),,,5.0,2440,Matt Barnes,1610612763.0,Memphis,Grizzlies,MEM,4,201158,Marco Belinelli,1610612758.0,Sacramento,Kings,SAC,1,0,,,,,
0021500058,453,7,5,4,12:00 AM,10:54,,,Green Violation:Kicked Ball (E.Roe),,,5.0,203210,JaMychal Green,1610612763.0,Memphis,Grizzlies,MEM,0,0,,,,,,1,0,,,,,
0021500058,454,2,1,4,12:00 AM,10:49,MISS Belinelli 21' Jump Shot,,,,,4.0,201158,Marco Belinelli,1610612758.0,Sacramento,Kings,SAC,0,0,,,,,,0,0,,,,,
0021500058,455,4,0,4,12:00 AM,10:48,,,Green REBOUND (Off:3 Def:3),,,5.0,203210,JaMychal Green,1610612763.0,Memphis,Grizzlies,MEM,0,0,,,,,,0,0,,,,,
0021500058,456,2,1,4,12:00 AM,10:34,,,MISS Green  3PT Jump Shot,,,5.0,203210,JaMychal Green,1610612763.0,Memphis,Grizzlies,MEM,0,0,,,,,,0,0,,,,,
0021500058,457,4,0,4,12:00 AM,10:24,Butler REBOUND (Off:0 Def:2),,,,,4.0,2406,Caron Butler,1610612758.0,Sacramento,Kings,SAC,0,0,,,,,,0,0,,,,,
0021500058,458,2,5,4,12:00 AM,10:24,MISS Collison 3' Layup,,,,,4.0,201954,Darren Collison,1610612758.0,Sacramento,Kings,SAC,0,0,,,,,,0,0,,,,,
0021500058,459,4,0,4,12:00 AM,10:21,Butler REBOUND (Off:1 Def:2),,,,,4.0,2406,Caron Butler,1610612758.0,Sacramento,Kings,SAC,0,0,,,,,,0,0,,,,,
0021500058,460,5,1,4,12:01 AM,10:15,Casspi Bad Pass Turnover (P2.T13),,,,,4.0,201956,Omri Casspi,1610612758.0,Sacramento,Kings,SAC,0,0,,,,,,0,0,,,,,
0021500058,461,8,0,4,12:01 AM,10:15,SUB: Gay FOR Butler,,,,,4.0,2406,Caron Butler,1610612758.0,Sacramento,Kings,SAC,4,200752,Rudy Gay,1610612758.0,Sacramento,Kings,SAC,0,0,,,,,
0021500058,463,2,1,4,12:01 AM,9:55,,,MISS Wright 18' Jump Shot,,,5.0,201148,Brandan Wright,1610612763.0,Memphis,Grizzlies,MEM,0,0,,,,,,0,0,,,,,
0021500058,464,4,0,4,12:01 AM,9:54,Casspi REBOUND (Off:1 Def:2),,,,,4.0,201956,Omri Casspi,1610612758.0,Sacramento,Kings,SAC,0,0,,,,,,0,0,,,,,
0021500058,465,1,57,4,12:01 AM,9:42,Koufos 7' Driving Hook Shot (11 PTS),,,85 - 72,-13,4.0,201585,Kosta Koufos,1610612758.0,Sacramento,Kings,SAC,0,0,,,,,,0,0,,,,,
0021500058,466,2,3,4,12:02 AM,9:22,,,MISS Barnes 7' Hook Shot,,,5.0,2440,Matt Barnes,1610612763.0,Memphis,Grizzlies,MEM,0,0,,,,,,0,0,,,,,
0021500058,467,4,0,4,12:02 AM,9:22,Koufos REBOUND (Off:1 Def:5),,,,,4.0,201585,Kosta Koufos,1610612758.0,Sacramento,Kings,SAC,0,0,,,,,,0,0,,,,,
0021500058,468,2,1,4,12:02 AM,9:16,MISS Casspi 3' Jump Shot,,,,,4.0,201956,Omri Casspi,1610612758.0,Sacramento,Kings,SAC,0,0,,,,,,0,0,,,,,
0021500058,469,4,0,4,12:02 AM,9:15,,,Green REBOUND (Off:3 Def:4),,,5.0,203210,JaMychal Green,1610612763.0,Memphis,Grizzlies,MEM,0,0,,,,,,0,0,,,,,
0021500058,470,6,2,4,12:02 AM,9:09,Koufos S.FOUL (P5.T2) (Z.Zarba),,,,,4.0,201585,Kosta Koufos,1610612758.0,Sacramento,Kings,SAC,5,201148,Brandan Wright,1610612763.0,Memphis,Grizzlies,MEM,1,0,,,,,
0021500058,471,3,11,4,12:02 AM,9:09,,,MISS Wright Free Throw 1 of 2,,,5.0,201148,Brandan Wright,1610612763.0,Memphis,Grizzlies,MEM,0,0,,,,,,0,0,,,,,
0021500058,472,4,1,4,12:02 AM,9:09,,,Grizzlies Rebound,,,3.0,1610612763,,,,,,0,0,,,,,,0,0,,,,,
0021500058,473,8,0,4,12:03 AM,9:09,SUB: Cauley-Stein FOR Koufos,,,,,4.0,201585,Kosta Koufos,1610612758.0,Sacramento,Kings,SAC,4,1626161,Willie Cauley-Stein,1610612758.0,Sacramento,Kings,SAC,0,0,,,,,
0021500058,474,3,12,4,12:03 AM,9:09,,,MISS Wright Free Throw 2 of 2,,,5.0,201148,Brandan Wright,1610612763.0,Memphis,Grizzlies,MEM,0,0,,,,,,0,0,,,,,
0021500058,476,4,0,4,12:03 AM,9:08,,,Green REBOUND (Off:4 Def:4),,,5.0,203210,JaMychal Green,1610612763.0,Memphis,Grizzlies,MEM,0,0,,,,,,0,0,,,,,
0021500058,477,1,66,4,12:03 AM,8:45,,,Wright 8' Jump Bank Shot (10 PTS),87 - 72,-15,5.0,201148,Brandan Wright,1610612763.0,Memphis,Grizzlies,MEM,0,0,,,,,,0,0,,,,,
0021500058,478,2,1,4,12:04 AM,8:23,MISS Gay 17' Jump Shot,,,,,4.0,200752,Rudy Gay,1610612758.0,Sacramento,Kings,SAC,0,0,,,,,,0,0,,,,,
0021500058,479,4,0,4,12:04 AM,8:22,Cauley-Stein REBOUND (Off:3 Def:3),,,,,4.0,1626161,Willie Cauley-Stein,1610612758.0,Sacramento,Kings,SAC,0,0,,,,,,0,0,,,,,
0021500058,480,1,108,4,12:04 AM,8:07,Cauley-Stein  Cutting Dunk Shot (9 PTS) (Belinelli 3 AST),,,87 - 74,-13,4.0,1626161,Willie Cauley-Stein,1610612758.0,Sacramento,Kings,SAC,4,201158,Marco Belinelli,1610612758.0,Sacramento,Kings,SAC,0,0,,,,,
0021500058,481,1,1,4,12:04 AM,7:53,,,Barnes 3' Jump Shot (6 PTS) (Wright 3 AST),89 - 74,-15,5.0,2440,Matt Barnes,1610612763.0,Memphis,Grizzlies,MEM,5,201148,Brandan Wright,1610612763.0,Memphis,Grizzlies,MEM,0,0,,,,,
0021500058,482,6,2,4,12:04 AM,7:53,Belinelli S.FOUL (P3.T3) (B.Kennedy),,,,,4.0,201158,Marco Belinelli,1610612758.0,Sacramento,Kings,SAC,5,2440,Matt Barnes,1610612763.0,Memphis,Grizzlies,MEM,1,0,,,,,
0021500058,483,9,4,4,12:04 AM,7:53,,,,,,1.0,0,,,,,,0,0,,,,,,0,0,,,,,
0021500058,486,8,0,4,12:07 AM,7:53,,,SUB: Randolph FOR Wright,,,5.0,201148,Brandan Wright,1610612763.0,Memphis,Grizzlies,MEM,5,2216,Zach Randolph,1610612763.0,Memphis,Grizzlies,MEM,0,0,,,,,
0021500058,487,3,10,4,12:07 AM,7:53,,,Barnes Free Throw 1 of 1 (7 PTS),90 - 74,-16,5.0,2440,Matt Barnes,1610612763.0,Memphis,Grizzlies,MEM,0,0,,,,,,0,0,,,,,
0021500058,489,6,1,4,12:07 AM,7:45,,,Barnes P.FOUL (P4.T3) (B.Kennedy),,,5.0,2440,Matt Barnes,1610612763.0,Memphis,Grizzlies,MEM,4,201158,Marco Belinelli,1610612758.0,Sacramento,Kings,SAC,1,0,,,,,
0021500058,490,7,5,4,12:07 AM,7:45,,,Green Violation:Kicked Ball (B.Kennedy),,,5.0,203210,JaMychal Green,1610612763.0,Memphis,Grizzlies,MEM,0,0,,,,,,1,0,,,,,
0021500058,491,6,1,4,12:08 AM,7:33,,,Green P.FOUL (P2.T4) (Z.Zarba),,,5.0,201145,Jeff Green,1610612763.0,Memphis,Grizzlies,MEM,4,200752,Rudy Gay,1610612758.0,Sacramento,Kings,SAC,1,0,,,,,
0021500058,492,1,5,4,12:08 AM,7:21,Gay 3' Layup (17 PTS) (Casspi 2 AST),,,90 - 76,-14,4.0,200752,Rudy Gay,1610612758.0,Sacramento,Kings,SAC,4,201956,Omri Casspi,1610612758.0,Sacramento,Kings,SAC,0,0,,,,,
0021500058,493,2,1,4,12:09 AM,6:58,,,MISS Udrih 28' 3PT Jump Shot,,,5.0,2757,Beno Udrih,1610612763.0,Memphis,Grizzlies,MEM,0,0,,,,,,0,0,,,,,
0021500058,494,4,0,4,12:09 AM,6:58,KINGS Rebound,,,,,2.0,1610612758,,,,,,0,0,,,,,,0,0,,,,,
0021500058,495,8,0,4,12:09 AM,6:57,SUB: Rondo FOR Casspi,,,,,4.0,201956,Omri Casspi,1610612758.0,Sacramento,Kings,SAC,4,200765,Rajon Rondo,1610612758.0,Sacramento,Kings,SAC,0,0,,,,,
0021500058,496,6,1,4,12:09 AM,6:43,,,Udrih P.FOUL (P3.PN) (B.Kennedy),,,5.0,2757,Beno Udrih,1610612763.0,Memphis,Grizzlies,MEM,4,200752,Rudy Gay,1610612758.0,Sacramento,Kings,SAC,1,0,,,,,
0021500058,497,8,0,4,12:09 AM,6:43,,,SUB: Conley FOR Udrih,,,5.0,2757,Beno Udrih,1610612763.0,Memphis,Grizzlies,MEM,5,201144,Mike Conley,1610612763.0,Memphis,Grizzlies,MEM,0,0,,,,,
0021500058,498,2,1,4,12:10 AM,6:28,MISS Gay 26' 3PT Jump Shot,,,,,4.0,200752,Rudy Gay,1610612758.0,Sacramento,Kings,SAC,0,0,,,,,,0,0,,,,,
0021500058,499,4,0,4,12:10 AM,6:28,KINGS Rebound,,,,,2.0,1610612758,,,,,,0,0,,,,,,0,0,,,,,
0021500058,500,5,11,4,12:10 AM,6:28,KINGS Turnover: Shot Clock (T#14),,,,,2.0,1610612758,,,,,,0,0,,,,,,1,0,,,,,
0021500058,501,1,71,4,12:10 AM,6:08,,,Green 2' Finger Roll Layup (8 PTS),92 - 76,-16,5.0,203210,JaMychal Green,1610612763.0,Memphis,Grizzlies,MEM,0,0,,,,,,0,0,,,,,
0021500058,502,2,1,4,12:11 AM,5:52,MISS Collison 7' Jump Shot,,,,,4.0,201954,Darren Collison,1610612758.0,Sacramento,Kings,SAC,0,0,,,,,,0,0,,,,,
0021500058,503,4,0,4,12:11 AM,5:51,,,Green REBOUND (Off:4 Def:5),,,5.0,203210,JaMychal Green,1610612763.0,Memphis,Grizzlies,MEM,0,0,,,,,,0,0,,,,,
0021500058,504,6,2,4,12:11 AM,5:31,Gay S.FOUL (P2.T4) (E.Roe),,,,,4.0,200752,Rudy Gay,1610612758.0,Sacramento,Kings,SAC,5,201144,Mike Conley,1610612763.0,Memphis,Grizzlies,MEM,1,0,,,,,
0021500058,505,9,1,4,12:11 AM,5:31,KINGS Timeout: Regular (Full 4 Short 0),,,,,2.0,1610612758,,,,,,0,0,,,,,,0,0,,,,,
0021500058,506,18,0,4,12:12 AM,5:31,,,,,,,504,,,,,,0,0,,,,,,1,0,,,,,
0021500058,507,8,0,4,12:13 AM,5:31,SUB: Koufos FOR Cauley-Stein,,,,,4.0,1626161,Willie Cauley-Stein,1610612758.0,Sacramento,Kings,SAC,4,201585,Kosta Koufos,1610612758.0,Sacramento,Kings,SAC,0,0,,,,,
0021500058,509,3,13,4,12:14 AM,5:31,,,Conley Free Throw 1 of 3 (12 PTS),93 - 76,-17,5.0,201144,Mike Conley,1610612763.0,Memphis,Grizzlies,MEM,0,0,,,,,,0,0,,,,,
0021500058,511,3,14,4,12:14 AM,5:31,,,Conley Free Throw 2 of 3 (13 PTS),94 - 76,-18,5.0,201144,Mike Conley,1610612763.0,Memphis,Grizzlies,MEM,0,0,,,,,,0,0,,,,,
0021500058,513,3,15,4,12:14 AM,5:31,,,Conley Free Throw 3 of 3 (14 PTS),95 - 76,-19,5.0,201144,Mike Conley,1610612763.0,Memphis,Grizzlies,MEM,0,0,,,,,,0,0,,,,,
0021500058,515,1,63,4,12:15 AM,5:13,Gay 10' Fadeaway Jumper (19 PTS),,,95 - 78,-17,4.0,200752,Rudy Gay,1610612758.0,Sacramento,Kings,SAC,0,0,,,,,,0,0,,,,,
0021500058,517,5,1,4,12:15 AM,4:58,Koufos STEAL (1 STL),,Randolph Bad Pass Turnover (P4.T14),,,5.0,2216,Zach Randolph,1610612763.0,Memphis,Grizzlies,MEM,4,201585,Kosta Koufos,1610612758.0,Sacramento,Kings,SAC,0,0,,,,,
0021500058,518,2,1,4,12:15 AM,4:48,MISS Gay 7' Jump Shot,,,,,4.0,200752,Rudy Gay,1610612758.0,Sacramento,Kings,SAC,0,0,,,,,,0,0,,,,,
0021500058,519,4,0,4,12:15 AM,4:47,,,Green REBOUND (Off:4 Def:6),,,5.0,203210,JaMychal Green,1610612763.0,Memphis,Grizzlies,MEM,0,0,,,,,,0,0,,,,,
0021500058,520,6,1,4,12:15 AM,4:47,Gay P.FOUL (P3.PN) (E.Roe),,,,,4.0,200752,Rudy Gay,1610612758.0,Sacramento,Kings,SAC,5,203210,JaMychal Green,1610612763.0,Memphis,Grizzlies,MEM,1,0,,,,,
0021500058,521,3,11,4,12:16 AM,4:47,,,Green Free Throw 1 of 2 (9 PTS),96 - 78,-18,5.0,203210,JaMychal Green,1610612763.0,Memphis,Grizzlies,MEM,0,0,,,,,,0,0,,,,,
0021500058,523,3,12,4,12:16 AM,4:47,,,Green Free Throw 2 of 2 (10 PTS),97 - 78,-19,5.0,203210,JaMychal Green,1610612763.0,Memphis,Grizzlies,MEM,0,0,,,,,,0,0,,,,,
0021500058,525,2,1,4,12:16 AM,4:37,MISS Rondo 8' Jump Shot,,,,,4.0,200765,Rajon Rondo,1610612758.0,Sacramento,Kings,SAC,0,0,,,,,,0,0,,,,,
0021500058,526,4,0,4,12:16 AM,4:37,,,Randolph REBOUND (Off:2 Def:8),,,5.0,2216,Zach Randolph,1610612763.0,Memphis,Grizzlies,MEM,0,0,,,,,,0,0,,,,,
0021500058,527,2,1,4,12:16 AM,4:23,,,MISS Green  3PT Jump Shot,,,5.0,201145,Jeff Green,1610612763.0,Memphis,Grizzlies,MEM,0,0,,,,,,0,0,,,,,
0021500058,528,4,0,4,12:16 AM,4:23,,,Randolph REBOUND (Off:3 Def:8),,,5.0,2216,Zach Randolph,1610612763.0,Memphis,Grizzlies,MEM,0,0,,,,,,0,0,,,,,
0021500058,529,2,1,4,12:17 AM,4:15,,,MISS Conley 25' 3PT Jump Shot,,,5.0,201144,Mike Conley,1610612763.0,Memphis,Grizzlies,MEM,0,0,,,,,,0,0,,,,,
0021500058,530,4,0,4,12:17 AM,4:15,,,Conley REBOUND (Off:1 Def:2),,,5.0,201144,Mike Conley,1610612763.0,Memphis,Grizzlies,MEM,0,0,,,,,,0,0,,,,,
0021500058,531,9,1,4,12:17 AM,4:15,,,Grizzlies Timeout: Regular (Reg.4 Short 0),,,3.0,1610612763,,,,,,0,0,,,,,,0,0,,,,,
0021500058,532,8,0,4,12:19 AM,4:15,SUB: Anderson FOR Gay,,,,,4.0,200752,Rudy Gay,1610612758.0,Sacramento,Kings,SAC,4,202341,James Anderson,1610612758.0,Sacramento,Kings,SAC,0,0,,,,,
0021500058,533,8,0,4,12:19 AM,4:15,SUB: Moreland FOR Rondo,,,,,4.0,200765,Rajon Rondo,1610612758.0,Sacramento,Kings,SAC,4,203961,Eric Moreland,1610612758.0,Sacramento,Kings,SAC,0,0,,,,,
0021500058,534,8,0,4,12:19 AM,4:15,,,SUB: Lee FOR Green,,,5.0,201145,Jeff Green,1610612763.0,Memphis,Grizzlies,MEM,5,201584,Courtney Lee,1610612763.0,Memphis,Grizzlies,MEM,0,0,,,,,
0021500058,535,1,80,4,12:19 AM,4:02,,,Randolph 13' Step Back Jump Shot (20 PTS),99 - 78,-21,5.0,2216,Zach Randolph,1610612763.0,Memphis,Grizzlies,MEM,0,0,,,,,,0,0,,,,,
0021500058,536,2,1,4,12:20 AM,3:43,MISS Belinelli 25' 3PT Jump Shot,,,,,4.0,201158,Marco Belinelli,1610612758.0,Sacramento,Kings,SAC,0,0,,,,,,0,0,,,,,
0021500058,537,4,0,4,12:20 AM,3:43,,,Green REBOUND (Off:4 Def:7),,,5.0,203210,JaMychal Green,1610612763.0,Memphis,Grizzlies,MEM,0,0,,,,,,0,0,,,,,
0021500058,538,2,1,4,12:20 AM,3:22,,,MISS Barnes 26' 3PT Jump Shot,,,5.0,2440,Matt Barnes,1610612763.0,Memphis,Grizzlies,MEM,0,0,,,,,,0,0,,,,,
0021500058,539,4,0,4,12:20 AM,3:21,Anderson REBOUND (Off:0 Def:1),,,,,4.0,202341,James Anderson,1610612758.0,Sacramento,Kings,SAC,0,0,,,,,,0,0,,,,,
0021500058,540,6,29,4,12:20 AM,3:16,,,Lee Shooting Block Foul (P4.PN) (Z.Zarba),,,5.0,201584,Courtney Lee,1610612763.0,Memphis,Grizzlies,MEM,4,202341,James Anderson,1610612758.0,Sacramento,Kings,SAC,1,0,,,,,
0021500058,544,3,11,4,12:21 AM,3:16,Anderson Free Throw 1 of 2 (1 PTS),,,99 - 79,-20,4.0,202341,James Anderson,1610612758.0,Sacramento,Kings,SAC,0,0,,,,,,0,0,,,,,
0021500058,541,8,0,4,12:21 AM,3:16,SUB: Cauley-Stein FOR Koufos,,,,,4.0,201585,Kosta Koufos,1610612758.0,Sacramento,Kings,SAC,4,1626161,Willie Cauley-Stein,1610612758.0,Sacramento,Kings,SAC,0,0,,,,,
0021500058,542,8,0,4,12:21 AM,3:16,SUB: Curry FOR Collison,,,,,4.0,201954,Darren Collison,1610612758.0,Sacramento,Kings,SAC,4,203552,Seth Curry,1610612758.0,Sacramento,Kings,SAC,0,0,,,,,
0021500058,543,8,0,4,12:21 AM,3:16,,,SUB: Wright FOR Randolph,,,5.0,2216,Zach Randolph,1610612763.0,Memphis,Grizzlies,MEM,5,201148,Brandan Wright,1610612763.0,Memphis,Grizzlies,MEM,0,0,,,,,
0021500058,546,3,12,4,12:21 AM,3:16,Anderson Free Throw 2 of 2 (2 PTS),,,99 - 80,-19,4.0,202341,James Anderson,1610612758.0,Sacramento,Kings,SAC,0,0,,,,,,0,0,,,,,
0021500058,548,5,4,4,12:21 AM,3:05,,,Green Traveling Turnover (P3.T15),,,5.0,203210,JaMychal Green,1610612763.0,Memphis,Grizzlies,MEM,0,0,,,,,,1,0,,,,,
0021500058,549,1,1,4,12:22 AM,2:57,Belinelli 15' Jump Shot (12 PTS) (Curry 1 AST),,,99 - 82,-17,4.0,201158,Marco Belinelli,1610612758.0,Sacramento,Kings,SAC,4,203552,Seth Curry,1610612758.0,Sacramento,Kings,SAC,0,0,,,,,
0021500058,550,6,2,4,12:22 AM,2:57,,,Barnes S.FOUL (P5.PN) (E.Roe),,,5.0,2440,Matt Barnes,1610612763.0,Memphis,Grizzlies,MEM,4,201158,Marco Belinelli,1610612758.0,Sacramento,Kings,SAC,1,0,,,,,
0021500058,551,8,0,4,12:22 AM,2:57,,,SUB: Smith FOR Conley,,,5.0,201144,Mike Conley,1610612763.0,Memphis,Grizzlies,MEM,5,203893,Russ Smith,1610612763.0,Memphis,Grizzlies,MEM,0,0,,,,,
0021500058,552,8,0,4,12:22 AM,2:57,,,SUB: Udrih FOR Barnes,,,5.0,2440,Matt Barnes,1610612763.0,Memphis,Grizzlies,MEM,5,2757,Beno Udrih,1610612763.0,Memphis,Grizzlies,MEM,0,0,,,,,
0021500058,553,3,10,4,12:22 AM,2:57,MISS Belinelli Free Throw 1 of 1,,,,,4.0,201158,Marco Belinelli,1610612758.0,Sacramento,Kings,SAC,0,0,,,,,,0,0,,,,,
0021500058,555,4,0,4,12:22 AM,2:56,,,Green REBOUND (Off:4 Def:8),,,5.0,203210,JaMychal Green,1610612763.0,Memphis,Grizzlies,MEM,0,0,,,,,,0,0,,,,,
0021500058,557,6,1,4,12:22 AM,2:40,Cauley-Stein P.FOUL (P3.PN) (Z.Zarba),,,,,4.0,1626161,Willie Cauley-Stein,1610612758.0,Sacramento,Kings,SAC,5,203210,JaMychal Green,1610612763.0,Memphis,Grizzlies,MEM,1,0,,,,,
0021500058,558,3,11,4,12:23 AM,2:40,,,Green Free Throw 1 of 2 (11 PTS),100 - 82,-18,5.0,203210,JaMychal Green,1610612763.0,Memphis,Grizzlies,MEM,0,0,,,,,,0,0,,,,,
0021500058,560,8,0,4,12:23 AM,2:40,SUB: McLemore FOR Belinelli,,,,,4.0,201158,Marco Belinelli,1610612758.0,Sacramento,Kings,SAC,4,203463,Ben McLemore,1610612758.0,Sacramento,Kings,SAC,0,0,,,,,
0021500058,561,3,12,4,12:23 AM,2:40,,,Green Free Throw 2 of 2 (12 PTS),101 - 82,-19,5.0,203210,JaMychal Green,1610612763.0,Memphis,Grizzlies,MEM,0,0,,,,,,0,0,,,,,
0021500058,563,2,5,4,12:23 AM,2:30,MISS Anderson 3' Layup,,,,,4.0,202341,James Anderson,1610612758.0,Sacramento,Kings,SAC,0,0,,,,,,0,0,,,,,
0021500058,564,4,0,4,12:23 AM,2:30,KINGS Rebound,,,,,2.0,1610612758,,,,,,0,0,,,,,,0,0,,,,,
0021500058,565,6,3,4,12:23 AM,2:30,,,Udrih L.B.FOUL (P4.PN) (Z.Zarba),,,5.0,2757,Beno Udrih,1610612763.0,Memphis,Grizzlies,MEM,4,203961,Eric Moreland,1610612758.0,Sacramento,Kings,SAC,1,0,,,,,
0021500058,566,3,11,4,12:23 AM,2:30,MISS Moreland Free Throw 1 of 2,,,,,4.0,203961,Eric Moreland,1610612758.0,Sacramento,Kings,SAC,0,0,,,,,,0,0,,,,,
0021500058,567,4,1,4,12:23 AM,2:30,KINGS Rebound,,,,,2.0,1610612758,,,,,,0,0,,,,,,0,0,,,,,
0021500058,568,3,12,4,12:24 AM,2:30,MISS Moreland Free Throw 2 of 2,,,,,4.0,203961,Eric Moreland,1610612758.0,Sacramento,Kings,SAC,0,0,,,,,,0,0,,,,,
0021500058,570,4,0,4,12:24 AM,2:29,,,Wright REBOUND (Off:1 Def:4),,,5.0,201148,Brandan Wright,1610612763.0,Memphis,Grizzlies,MEM,0,0,,,,,,0,0,,,,,
0021500058,571,5,1,4,12:24 AM,2:13,Anderson STEAL (1 STL),,Udrih Bad Pass Turnover (P3.T16),,,5.0,2757,Beno Udrih,1610612763.0,Memphis,Grizzlies,MEM,4,202341,James Anderson,1610612758.0,Sacramento,Kings,SAC,0,0,,,,,
0021500058,572,6,27,4,12:24 AM,2:11,,,Udrih Personal Block Foul (P5.PN) (E.Roe),,,5.0,2757,Beno Udrih,1610612763.0,Memphis,Grizzlies,MEM,4,202341,James Anderson,1610612758.0,Sacramento,Kings,SAC,1,0,,,,,
0021500058,573,3,11,4,12:25 AM,2:11,MISS Anderson Free Throw 1 of 2,,,,,4.0,202341,James Anderson,1610612758.0,Sacramento,Kings,SAC,0,0,,,,,,0,0,,,,,
0021500058,574,4,1,4,12:25 AM,2:11,KINGS Rebound,,,,,2.0,1610612758,,,,,,0,0,,,,,,0,0,,,,,
0021500058,575,3,12,4,12:25 AM,2:11,Anderson Free Throw 2 of 2 (3 PTS),,,101 - 83,-18,4.0,202341,James Anderson,1610612758.0,Sacramento,Kings,SAC,0,0,,,,,,0,0,,,,,
0021500058,577,5,11,4,12:25 AM,1:46,,,Grizzlies Turnover: Shot Clock (T#17),,,3.0,1610612763,,,,,,0,0,,,,,,1,0,,,,,
0021500058,578,1,1,4,12:26 AM,1:38,Curry 22' Jump Shot (2 PTS),,,101 - 85,-16,4.0,203552,Seth Curry,1610612758.0,Sacramento,Kings,SAC,0,0,,,,,,0,0,,,,,
0021500058,579,2,1,4,12:26 AM,1:16,,,MISS Smith 26' 3PT Jump Shot,,,5.0,203893,Russ Smith,1610612763.0,Memphis,Grizzlies,MEM,0,0,,,,,,0,0,,,,,
0021500058,580,4,0,4,12:26 AM,1:15,Moreland REBOUND (Off:0 Def:1),,,,,4.0,203961,Eric Moreland,1610612758.0,Sacramento,Kings,SAC,0,0,,,,,,0,0,,,,,
0021500058,581,2,1,4,12:26 AM,1:07,MISS Moreland 5' Jump Shot,,Wright BLOCK (4 BLK),,,4.0,203961,Eric Moreland,1610612758.0,Sacramento,Kings,SAC,0,0,,,,,,5,201148,Brandan Wright,1610612763.0,Memphis,Grizzlies,MEM
0021500058,582,4,0,4,12:26 AM,1:03,,,Wright REBOUND (Off:1 Def:5),,,5.0,201148,Brandan Wright,1610612763.0,Memphis,Grizzlies,MEM,0,0,,,,,,0,0,,,,,
0021500058,583,6,1,4,12:27 AM,0:45,McLemore P.FOUL (P3.PN) (B.Kennedy),,,,,4.0,203463,Ben McLemore,1610612758.0,Sacramento,Kings,SAC,5,203893,Russ Smith,1610612763.0,Memphis,Grizzlies,MEM,1,0,,,,,
0021500058,584,3,11,4,12:27 AM,0:45,,,Smith Free Throw 1 of 2 (1 PTS),102 - 85,-17,5.0,203893,Russ Smith,1610612763.0,Memphis,Grizzlies,MEM,0,0,,,,,,0,0,,,,,
0021500058,586,3,12,4,12:27 AM,0:45,,,Smith Free Throw 2 of 2 (2 PTS),103 - 85,-18,5.0,203893,Russ Smith,1610612763.0,Memphis,Grizzlies,MEM,0,0,,,,,,0,0,,,,,
0021500058,588,1,80,4,12:27 AM,0:32,Curry 18' Step Back Jump Shot (4 PTS),,,103 - 87,-16,4.0,203552,Seth Curry,1610612758.0,Sacramento,Kings,SAC,0,0,,,,,,0,0,,,,,
0021500058,589,2,1,4,12:28 AM,0:09,,,MISS Udrih 20' Jump Shot,,,5.0,2757,Beno Udrih,1610612763.0,Memphis,Grizzlies,MEM,0,0,,,,,,0,0,,,,,
0021500058,590,4,0,4,12:28 AM,0:08,Cauley-Stein REBOUND (Off:3 Def:4),,,,,4.0,1626161,Willie Cauley-Stein,1610612758.0,Sacramento,Kings,SAC,0,0,,,,,,0,0,,,,,
0021500058,591,1,7,4,12:28 AM,0:05,McLemore  Dunk (2 PTS) (Cauley-Stein 1 AST),,,103 - 89,-14,4.0,203463,Ben McLemore,1610612758.0,Sacramento,Kings,SAC,4,1626161,Willie Cauley-Stein,1610612758.0,Sacramento,Kings,SAC,0,0,,,,,
0021500058,592,13,0,4,12:28 AM,0:00,,,,103 - 89,-14,0.0,0,,,,,,0,0,,,,,,0,0,,,,,
