GAME_ID,EVENTNUM,EVENTMSGTYPE,EVENTMSGACTIONTYPE,PERIOD,WCTIMESTRING,PCTIMESTRING,HOMEDESCRIPTION,NEUTRALDESCRIPTION,VISITORDESCRIPTION,SCORE,SCOREMARGIN,PERSON1TYPE,PLAYER1_ID,PLAYER1_NAME,PLAYER1_TEAM_ID,PLAYER1_TEAM_CITY,PLAYER1_TEAM_NICKNAME,PLAYER1_TEAM_ABBREVIATION,PERSON2TYPE,PLAYER2_ID,PLAYER2_NAME,PLAYER2_TEAM_ID,PLAYER2_TEAM_CITY,PLAYER2_TEAM_NICKNAME,PLAYER2_TEAM_ABBREVIATION,PERSON3TYPE,PLAYER3_ID,PLAYER3_NAME,PLAYER3_TEAM_ID,PLAYER3_TEAM_CITY,PLAYER3_TEAM_NICKNAME,PLAYER3_TEAM_ABBREVIATION
0021500346,0,12,0,1,7:41 PM,12:00,,,,,,0.0,0,,,,,,0,0,,,,,,0,0,,,,,
0021500346,1,10,0,1,7:41 PM,12:00,Jump Ball Drummond vs. Mahinmi: Tip to Caldwell-Pope,,,,,4.0,203083,Andre Drummond,1610612765.0,Detroit,Pistons,DET,5,101133,Ian Mahinmi,1610612754.0,Indiana,Pacers,IND,4,203484,Kentavious Caldwell-Pope,1610612765.0,Detroit,Pistons,DET
0021500346,2,2,5,1,7:42 PM,11:41,MISS Jackson  Layup,,,,,4.0,202704,Reggie Jackson,1610612765.0,Detroit,Pistons,DET,0,0,,,,,,0,0,,,,,
0021500346,3,4,0,1,7:42 PM,11:40,Drummond REBOUND (Off:1 Def:0),,,,,4.0,203083,Andre Drummond,1610612765.0,Detroit,Pistons,DET,0,0,,,,,,0,0,,,,,
0021500346,4,2,97,1,7:42 PM,11:39,MISS Drummond 1' Tip Layup Shot,,,,,4.0,203083,Andre Drummond,1610612765.0,Detroit,Pistons,DET,0,0,,,,,,0,0,,,,,
0021500346,5,4,0,1,7:42 PM,11:37,,,G. Hill REBOUND (Off:0 Def:1),,,5.0,201588,George Hill,1610612754.0,Indiana,Pacers,IND,0,0,,,,,,0,0,,,,,
0021500346,6,1,46,1,7:42 PM,11:30,,,Ellis 5' Running Jump Shot (2 PTS),2 - 0,-2,5.0,101145,Monta Ellis,1610612754.0,Indiana,Pacers,IND,0,0,,,,,,0,0,,,,,
0021500346,7,1,3,1,7:42 PM,11:08,Drummond 6' Hook Shot (2 PTS),,,2 - 2,TIE,4.0,203083,Andre Drummond,1610612765.0,Detroit,Pistons,DET,0,0,,,,,,0,0,,,,,
0021500346,8,1,44,1,7:42 PM,10:54,,,Mahinmi  Reverse Layup (2 PTS) (Ellis 1 AST),4 - 2,-2,5.0,101133,Ian Mahinmi,1610612754.0,Indiana,Pacers,IND,5,101145,Monta Ellis,1610612754.0,Indiana,Pacers,IND,0,0,,,,,
0021500346,9,6,1,1,7:43 PM,10:39,,,Ellis P.FOUL (P1.T1) (M.Lindsay),,,5.0,101145,Monta Ellis,1610612754.0,Indiana,Pacers,IND,4,101141,Ersan Ilyasova,1610612765.0,Detroit,Pistons,DET,1,0,,,,,
0021500346,10,6,2,1,7:43 PM,10:31,,,Ellis S.FOUL (P2.T2) (K.Scott),,,5.0,101145,Monta Ellis,1610612754.0,Indiana,Pacers,IND,4,203484,Kentavious Caldwell-Pope,1610612765.0,Detroit,Pistons,DET,1,0,,,,,
0021500346,11,3,11,1,7:43 PM,10:31,Caldwell-Pope Free Throw 1 of 2 (1 PTS),,,4 - 3,-1,4.0,203484,Kentavious Caldwell-Pope,1610612765.0,Detroit,Pistons,DET,0,0,,,,,,0,0,,,,,
0021500346,13,8,0,1,7:44 PM,10:31,,,SUB: Stuckey FOR Ellis,,,5.0,101145,Monta Ellis,1610612754.0,Indiana,Pacers,IND,5,201155,Rodney Stuckey,1610612754.0,Indiana,Pacers,IND,0,0,,,,,
0021500346,14,3,12,1,7:44 PM,10:31,Caldwell-Pope Free Throw 2 of 2 (2 PTS),,,4 - 4,TIE,4.0,203484,Kentavious Caldwell-Pope,1610612765.0,Detroit,Pistons,DET,0,0,,,,,,0,0,,,,,
0021500346,16,2,5,1,7:44 PM,10:19,Ilyasova BLOCK (1 BLK),,MISS George 3' Layup,,,5.0,202331,Paul George,1610612754.0,Indiana,Pacers,IND,0,0,,,,,,4,101141,Ersan Ilyasova,1610612765.0,Detroit,Pistons,DET
0021500346,17,4,0,1,7:45 PM,10:19,,,Pacers Rebound,,,3.0,1610612754,,,,,,0,0,,,,,,0,0,,,,,
0021500346,19,5,1,1,7:45 PM,10:17,,,Stuckey Bad Pass Turnover (P1.T1),,,5.0,201155,Rodney Stuckey,1610612754.0,Indiana,Pacers,IND,0,0,,,,,,1,0,,,,,
0021500346,20,1,42,1,7:45 PM,10:03,Ilyasova  Driving Layup (2 PTS) (Jackson 1 AST),,,4 - 6,2,4.0,101141,Ersan Ilyasova,1610612765.0,Detroit,Pistons,DET,4,202704,Reggie Jackson,1610612765.0,Detroit,Pistons,DET,0,0,,,,,
0021500346,21,1,42,1,7:46 PM,9:49,,,G. Hill  Driving Layup (2 PTS),6 - 6,TIE,5.0,201588,George Hill,1610612754.0,Indiana,Pacers,IND,0,0,,,,,,0,0,,,,,
0021500346,22,2,3,1,7:46 PM,9:29,MISS Drummond 7' Hook Shot,,,,,4.0,203083,Andre Drummond,1610612765.0,Detroit,Pistons,DET,0,0,,,,,,0,0,,,,,
0021500346,23,4,0,1,7:46 PM,9:28,,,George REBOUND (Off:0 Def:1),,,5.0,202331,Paul George,1610612754.0,Indiana,Pacers,IND,0,0,,,,,,0,0,,,,,
0021500346,24,6,2,1,7:46 PM,9:23,Drummond S.FOUL (P1.T1) (K.Scott),,,,,4.0,203083,Andre Drummond,1610612765.0,Detroit,Pistons,DET,5,202331,Paul George,1610612754.0,Indiana,Pacers,IND,1,0,,,,,
0021500346,25,3,11,1,7:46 PM,9:23,,,George Free Throw 1 of 2 (1 PTS),7 - 6,-1,5.0,202331,Paul George,1610612754.0,Indiana,Pacers,IND,0,0,,,,,,0,0,,,,,
0021500346,27,3,12,1,7:47 PM,9:23,,,George Free Throw 2 of 2 (2 PTS),8 - 6,-2,5.0,202331,Paul George,1610612754.0,Indiana,Pacers,IND,0,0,,,,,,0,0,,,,,
0021500346,29,9,1,1,7:47 PM,9:19,PISTONS Timeout: Regular (Full 1 Short 0),,,,,2.0,1610612765,,,,,,0,0,,,,,,0,0,,,,,
0021500346,31,1,1,1,7:50 PM,9:10,Marc Morris 26' 3PT Jump Shot (3 PTS) (Jackson 2 AST),,,8 - 9,1,4.0,202694,Marcus Morris,1610612765.0,Detroit,Pistons,DET,4,202704,Reggie Jackson,1610612765.0,Detroit,Pistons,DET,0,0,,,,,
0021500346,32,1,7,1,7:50 PM,8:45,,,Mahinmi  Dunk (4 PTS) (Stuckey 1 AST),10 - 9,-1,5.0,101133,Ian Mahinmi,1610612754.0,Indiana,Pacers,IND,5,201155,Rodney Stuckey,1610612754.0,Indiana,Pacers,IND,0,0,,,,,
0021500346,33,1,78,1,7:51 PM,8:32,Jackson 8' Floating Jump Shot (2 PTS),,,10 - 11,1,4.0,202704,Reggie Jackson,1610612765.0,Detroit,Pistons,DET,0,0,,,,,,0,0,,,,,
0021500346,34,1,1,1,7:51 PM,8:16,,,G. Hill 12' Jump Shot (4 PTS),12 - 11,-1,5.0,201588,George Hill,1610612754.0,Indiana,Pacers,IND,0,0,,,,,,0,0,,,,,
0021500346,35,5,39,1,7:51 PM,8:02,Marc Morris Step Out of Bounds Turnover (P1.T1),,,,,4.0,202694,Marcus Morris,1610612765.0,Detroit,Pistons,DET,0,0,,,,,,1,0,,,,,
0021500346,36,2,1,1,7:52 PM,7:41,,,MISS Stuckey 18' Jump Shot,,,5.0,201155,Rodney Stuckey,1610612754.0,Indiana,Pacers,IND,0,0,,,,,,0,0,,,,,
0021500346,37,4,0,1,7:52 PM,7:41,Drummond REBOUND (Off:1 Def:1),,,,,4.0,203083,Andre Drummond,1610612765.0,Detroit,Pistons,DET,0,0,,,,,,0,0,,,,,
0021500346,38,2,5,1,7:52 PM,7:26,MISS Drummond  Layup,,,,,4.0,203083,Andre Drummond,1610612765.0,Detroit,Pistons,DET,0,0,,,,,,0,0,,,,,
0021500346,39,4,0,1,7:52 PM,7:25,Drummond REBOUND (Off:2 Def:1),,,,,4.0,203083,Andre Drummond,1610612765.0,Detroit,Pistons,DET,0,0,,,,,,0,0,,,,,
0021500346,40,1,87,1,7:52 PM,7:22,Drummond  Putback Dunk (4 PTS),,,12 - 13,1,4.0,203083,Andre Drummond,1610612765.0,Detroit,Pistons,DET,0,0,,,,,,0,0,,,,,
0021500346,41,2,1,1,7:52 PM,7:16,,,MISS George 18' Jump Shot,,,5.0,202331,Paul George,1610612754.0,Indiana,Pacers,IND,0,0,,,,,,0,0,,,,,
0021500346,42,4,0,1,7:52 PM,7:16,Drummond REBOUND (Off:2 Def:2),,,,,4.0,203083,Andre Drummond,1610612765.0,Detroit,Pistons,DET,0,0,,,,,,0,0,,,,,
0021500346,43,2,1,1,7:52 PM,6:55,MISS Ilyasova 26' 3PT Jump Shot,,,,,4.0,101141,Ersan Ilyasova,1610612765.0,Detroit,Pistons,DET,0,0,,,,,,0,0,,,,,
0021500346,44,4,0,1,7:52 PM,6:55,,,Pacers Rebound,,,3.0,1610612754,,,,,,0,0,,,,,,0,0,,,,,
0021500346,45,2,1,1,7:53 PM,6:38,,,MISS Stuckey 24' 3PT Jump Shot,,,5.0,201155,Rodney Stuckey,1610612754.0,Indiana,Pacers,IND,0,0,,,,,,0,0,,,,,
0021500346,46,4,0,1,7:53 PM,6:37,Caldwell-Pope REBOUND (Off:0 Def:1),,,,,4.0,203484,Kentavious Caldwell-Pope,1610612765.0,Detroit,Pistons,DET,0,0,,,,,,0,0,,,,,
0021500346,47,6,2,1,7:53 PM,6:35,,,G. Hill S.FOUL (P1.T3) (M.Lindsay),,,5.0,201588,George Hill,1610612754.0,Indiana,Pacers,IND,4,203484,Kentavious Caldwell-Pope,1610612765.0,Detroit,Pistons,DET,1,0,,,,,
0021500346,48,3,11,1,7:53 PM,6:35,Caldwell-Pope Free Throw 1 of 2 (3 PTS),,,12 - 14,2,4.0,203484,Kentavious Caldwell-Pope,1610612765.0,Detroit,Pistons,DET,0,0,,,,,,0,0,,,,,
0021500346,50,3,12,1,7:53 PM,6:35,Caldwell-Pope Free Throw 2 of 2 (4 PTS),,,12 - 15,3,4.0,203484,Kentavious Caldwell-Pope,1610612765.0,Detroit,Pistons,DET,0,0,,,,,,0,0,,,,,
0021500346,52,1,1,1,7:54 PM,6:19,,,Miles 26' 3PT Jump Shot (3 PTS) (Stuckey 2 AST),15 - 15,TIE,5.0,101139,CJ Miles,1610612754.0,Indiana,Pacers,IND,5,201155,Rodney Stuckey,1610612754.0,Indiana,Pacers,IND,0,0,,,,,
0021500346,53,1,1,1,7:54 PM,5:58,Ilyasova 26' 3PT Jump Shot (5 PTS) (Jackson 3 AST),,,15 - 18,3,4.0,101141,Ersan Ilyasova,1610612765.0,Detroit,Pistons,DET,4,202704,Reggie Jackson,1610612765.0,Detroit,Pistons,DET,0,0,,,,,
0021500346,54,1,66,1,7:55 PM,5:37,,,Stuckey 10' Jump Bank Shot (2 PTS),17 - 18,1,5.0,201155,Rodney Stuckey,1610612754.0,Indiana,Pacers,IND,0,0,,,,,,0,0,,,,,
0021500346,55,2,1,1,7:55 PM,5:24,MISS Caldwell-Pope 26' 3PT Jump Shot,,,,,4.0,203484,Kentavious Caldwell-Pope,1610612765.0,Detroit,Pistons,DET,0,0,,,,,,0,0,,,,,
0021500346,56,4,0,1,7:55 PM,5:23,,,George REBOUND (Off:0 Def:2),,,5.0,202331,Paul George,1610612754.0,Indiana,Pacers,IND,0,0,,,,,,0,0,,,,,
0021500346,57,5,1,1,7:55 PM,5:19,Caldwell-Pope STEAL (1 STL),,George Bad Pass Turnover (P1.T2),,,5.0,202331,Paul George,1610612754.0,Indiana,Pacers,IND,4,203484,Kentavious Caldwell-Pope,1610612765.0,Detroit,Pistons,DET,0,0,,,,,
0021500346,58,1,44,1,7:55 PM,5:13,Ilyasova  Reverse Layup (7 PTS) (Caldwell-Pope 1 AST),,,17 - 20,3,4.0,101141,Ersan Ilyasova,1610612765.0,Detroit,Pistons,DET,4,203484,Kentavious Caldwell-Pope,1610612765.0,Detroit,Pistons,DET,0,0,,,,,
0021500346,59,1,7,1,7:55 PM,4:53,,,Mahinmi  Dunk (6 PTS) (G. Hill 1 AST),19 - 20,1,5.0,101133,Ian Mahinmi,1610612754.0,Indiana,Pacers,IND,5,201588,George Hill,1610612754.0,Indiana,Pacers,IND,0,0,,,,,
0021500346,60,2,1,1,7:56 PM,4:32,MISS Jackson 27' 3PT Jump Shot,,,,,4.0,202704,Reggie Jackson,1610612765.0,Detroit,Pistons,DET,0,0,,,,,,0,0,,,,,
0021500346,61,4,0,1,7:56 PM,4:31,Caldwell-Pope REBOUND (Off:1 Def:1),,,,,4.0,203484,Kentavious Caldwell-Pope,1610612765.0,Detroit,Pistons,DET,0,0,,,,,,0,0,,,,,
0021500346,62,1,40,1,7:56 PM,4:19,Jackson  Layup (4 PTS),,,19 - 22,3,4.0,202704,Reggie Jackson,1610612765.0,Detroit,Pistons,DET,0,0,,,,,,0,0,,,,,
0021500346,63,9,1,1,7:56 PM,4:19,,,Pacers Timeout: Regular (Reg.1 Short 0),,,3.0,1610612754,,,,,,0,0,,,,,,0,0,,,,,
0021500346,65,8,0,1,7:59 PM,4:19,,,SUB: Hill FOR Mahinmi,,,5.0,101133,Ian Mahinmi,1610612754.0,Indiana,Pacers,IND,5,201941,Jordan Hill,1610612754.0,Indiana,Pacers,IND,0,0,,,,,
0021500346,66,5,1,1,7:59 PM,4:04,Caldwell-Pope STEAL (2 STL),,George Bad Pass Turnover (P2.T3),,,5.0,202331,Paul George,1610612754.0,Indiana,Pacers,IND,4,203484,Kentavious Caldwell-Pope,1610612765.0,Detroit,Pistons,DET,0,0,,,,,
0021500346,67,6,2,1,7:59 PM,4:02,,,Miles S.FOUL (P1.T4) (D.Stafford),,,5.0,101139,CJ Miles,1610612754.0,Indiana,Pacers,IND,4,203484,Kentavious Caldwell-Pope,1610612765.0,Detroit,Pistons,DET,1,0,,,,,
0021500346,68,3,11,1,7:59 PM,4:02,Caldwell-Pope Free Throw 1 of 2 (5 PTS),,,19 - 23,4,4.0,203484,Kentavious Caldwell-Pope,1610612765.0,Detroit,Pistons,DET,0,0,,,,,,0,0,,,,,
0021500346,70,3,12,1,8:00 PM,4:02,Caldwell-Pope Free Throw 2 of 2 (6 PTS),,,19 - 24,5,4.0,203484,Kentavious Caldwell-Pope,1610612765.0,Detroit,Pistons,DET,0,0,,,,,,0,0,,,,,
0021500346,72,2,1,1,8:00 PM,3:45,,,MISS G. Hill 25' 3PT Jump Shot,,,5.0,201588,George Hill,1610612754.0,Indiana,Pacers,IND,0,0,,,,,,0,0,,,,,
0021500346,73,4,0,1,8:00 PM,3:45,Ilyasova REBOUND (Off:0 Def:1),,,,,4.0,101141,Ersan Ilyasova,1610612765.0,Detroit,Pistons,DET,0,0,,,,,,0,0,,,,,
0021500346,74,1,42,1,8:00 PM,3:38,Caldwell-Pope 1' Driving Layup (8 PTS) (Drummond 1 AST),,,19 - 26,7,4.0,203484,Kentavious Caldwell-Pope,1610612765.0,Detroit,Pistons,DET,4,203083,Andre Drummond,1610612765.0,Detroit,Pistons,DET,0,0,,,,,
0021500346,75,1,5,1,8:00 PM,3:18,,,Stuckey  Layup (4 PTS) (Hill 1 AST),21 - 26,5,5.0,201155,Rodney Stuckey,1610612754.0,Indiana,Pacers,IND,5,201941,Jordan Hill,1610612754.0,Indiana,Pacers,IND,0,0,,,,,
0021500346,76,2,3,1,8:01 PM,2:56,MISS Drummond 5' Hook Shot,,,,,4.0,203083,Andre Drummond,1610612765.0,Detroit,Pistons,DET,0,0,,,,,,0,0,,,,,
0021500346,77,4,0,1,8:01 PM,2:56,,,George REBOUND (Off:0 Def:3),,,5.0,202331,Paul George,1610612754.0,Indiana,Pacers,IND,0,0,,,,,,0,0,,,,,
0021500346,78,2,1,1,8:01 PM,2:46,,,MISS Miles 24' 3PT Jump Shot,,,5.0,101139,CJ Miles,1610612754.0,Indiana,Pacers,IND,0,0,,,,,,0,0,,,,,
0021500346,79,4,0,1,8:01 PM,2:46,PISTONS Rebound,,,,,2.0,1610612765,,,,,,0,0,,,,,,0,0,,,,,
0021500346,80,6,3,1,8:01 PM,2:46,,,Hill L.B.FOUL (P1.PN) (M.Lindsay),,,5.0,201941,Jordan Hill,1610612754.0,Indiana,Pacers,IND,4,203083,Andre Drummond,1610612765.0,Detroit,Pistons,DET,1,0,,,,,
0021500346,82,3,11,1,8:01 PM,2:46,MISS Drummond Free Throw 1 of 2,,,,,4.0,203083,Andre Drummond,1610612765.0,Detroit,Pistons,DET,0,0,,,,,,0,0,,,,,
0021500346,84,4,0,1,8:02 PM,2:46,PISTONS Rebound,,,,,2.0,1610612765,,,,,,0,0,,,,,,0,0,,,,,
0021500346,83,8,0,1,8:02 PM,2:46,,,SUB: Allen FOR Miles,,,5.0,101139,CJ Miles,1610612754.0,Indiana,Pacers,IND,5,202730,Lavoy Allen,1610612754.0,Indiana,Pacers,IND,0,0,,,,,
0021500346,85,8,0,1,8:02 PM,2:46,SUB: Johnson FOR Marc Morris,,,,,4.0,202694,Marcus Morris,1610612765.0,Detroit,Pistons,DET,4,1626169,Stanley Johnson,1610612765.0,Detroit,Pistons,DET,0,0,,,,,
0021500346,86,8,0,1,8:02 PM,2:46,SUB: Blake FOR Jackson,,,,,4.0,202704,Reggie Jackson,1610612765.0,Detroit,Pistons,DET,4,2581,Steve Blake,1610612765.0,Detroit,Pistons,DET,0,0,,,,,
0021500346,87,3,12,1,8:02 PM,2:46,MISS Drummond Free Throw 2 of 2,,,,,4.0,203083,Andre Drummond,1610612765.0,Detroit,Pistons,DET,0,0,,,,,,0,0,,,,,
0021500346,89,4,0,1,8:02 PM,2:44,,,George REBOUND (Off:0 Def:4),,,5.0,202331,Paul George,1610612754.0,Indiana,Pacers,IND,0,0,,,,,,0,0,,,,,
0021500346,90,6,1,1,8:02 PM,2:31,Caldwell-Pope P.FOUL (P1.T2) (K.Scott),,,,,4.0,203484,Kentavious Caldwell-Pope,1610612765.0,Detroit,Pistons,DET,5,202331,Paul George,1610612754.0,Indiana,Pacers,IND,1,0,,,,,
0021500346,91,6,2,1,8:03 PM,2:29,Ilyasova S.FOUL (P1.T3) (M.Lindsay),,,,,4.0,101141,Ersan Ilyasova,1610612765.0,Detroit,Pistons,DET,5,202331,Paul George,1610612754.0,Indiana,Pacers,IND,1,0,,,,,
0021500346,92,3,11,1,8:03 PM,2:29,,,George Free Throw 1 of 2 (3 PTS),22 - 26,4,5.0,202331,Paul George,1610612754.0,Indiana,Pacers,IND,0,0,,,,,,0,0,,,,,
0021500346,106,3,12,1,8:03 PM,2:29,,,George Free Throw 2 of 2 (4 PTS),23 - 26,3,5.0,202331,Paul George,1610612754.0,Indiana,Pacers,IND,0,0,,,,,,0,0,,,,,
0021500346,95,2,55,1,8:04 PM,2:15,MISS Drummond 4' Hook Shot,,,,,4.0,203083,Andre Drummond,1610612765.0,Detroit,Pistons,DET,0,0,,,,,,0,0,,,,,
0021500346,94,4,0,1,8:04 PM,2:12,,,G. Hill REBOUND (Off:0 Def:2),,,5.0,201588,George Hill,1610612754.0,Indiana,Pacers,IND,0,0,,,,,,0,0,,,,,
0021500346,96,1,42,1,8:04 PM,1:50,,,G. Hill 2' Driving Layup (6 PTS),25 - 26,1,5.0,201588,George Hill,1610612754.0,Indiana,Pacers,IND,0,0,,,,,,0,0,,,,,
0021500346,97,2,1,1,8:04 PM,1:34,MISS Johnson 24' 3PT Jump Shot,,,,,4.0,1626169,Stanley Johnson,1610612765.0,Detroit,Pistons,DET,0,0,,,,,,0,0,,,,,
0021500346,98,4,0,1,8:04 PM,1:33,,,Stuckey REBOUND (Off:0 Def:1),,,5.0,201155,Rodney Stuckey,1610612754.0,Indiana,Pacers,IND,0,0,,,,,,0,0,,,,,
0021500346,99,1,79,1,8:05 PM,1:21,,,Stuckey 15' Pullup Jump Shot (6 PTS),27 - 26,-1,5.0,201155,Rodney Stuckey,1610612754.0,Indiana,Pacers,IND,0,0,,,,,,0,0,,,,,
0021500346,100,2,1,1,8:05 PM,1:07,MISS Ilyasova 25' 3PT Jump Shot,,,,,4.0,101141,Ersan Ilyasova,1610612765.0,Detroit,Pistons,DET,0,0,,,,,,0,0,,,,,
0021500346,101,4,0,1,8:05 PM,1:07,,,G. Hill REBOUND (Off:0 Def:3),,,5.0,201588,George Hill,1610612754.0,Indiana,Pacers,IND,0,0,,,,,,0,0,,,,,
0021500346,102,2,1,1,8:05 PM,0:56,,,MISS Allen 16' Jump Shot,,,5.0,202730,Lavoy Allen,1610612754.0,Indiana,Pacers,IND,0,0,,,,,,0,0,,,,,
0021500346,103,4,0,1,8:05 PM,0:55,Drummond REBOUND (Off:2 Def:3),,,,,4.0,203083,Andre Drummond,1610612765.0,Detroit,Pistons,DET,0,0,,,,,,0,0,,,,,
0021500346,104,1,3,1,8:05 PM,0:49,Drummond 3' Hook Shot (6 PTS) (Ilyasova 1 AST),,,27 - 28,1,4.0,203083,Andre Drummond,1610612765.0,Detroit,Pistons,DET,4,101141,Ersan Ilyasova,1610612765.0,Detroit,Pistons,DET,0,0,,,,,
0021500346,105,1,7,1,8:05 PM,0:35,,,Hill  Dunk (2 PTS) (George 1 AST),29 - 28,-1,5.0,201941,Jordan Hill,1610612754.0,Indiana,Pacers,IND,5,202331,Paul George,1610612754.0,Indiana,Pacers,IND,0,0,,,,,
0021500346,107,2,1,1,8:06 PM,0:17,MISS Caldwell-Pope 8' Jump Shot,,,,,4.0,203484,Kentavious Caldwell-Pope,1610612765.0,Detroit,Pistons,DET,0,0,,,,,,0,0,,,,,
0021500346,108,4,0,1,8:06 PM,0:16,,,Allen REBOUND (Off:0 Def:1),,,5.0,202730,Lavoy Allen,1610612754.0,Indiana,Pacers,IND,0,0,,,,,,0,0,,,,,
0021500346,109,6,1,1,8:06 PM,0:03,Blake P.FOUL (P1.T4) (M.Lindsay),,,,,4.0,2581,Steve Blake,1610612765.0,Detroit,Pistons,DET,5,202331,Paul George,1610612754.0,Indiana,Pacers,IND,1,0,,,,,
0021500346,110,2,1,1,8:06 PM,0:01,,,MISS George 27' 3PT Jump Shot,,,5.0,202331,Paul George,1610612754.0,Indiana,Pacers,IND,0,0,,,,,,0,0,,,,,
0021500346,111,4,0,1,8:07 PM,0:00,,,Pacers Rebound,,,3.0,1610612754,,,,,,0,0,,,,,,0,0,,,,,
0021500346,113,13,0,1,8:07 PM,0:00,,,,29 - 28,-1,0.0,0,,,,,,0,0,,,,,,0,0,,,,,
0021500346,115,12,0,2,8:09 PM,12:00,,,,29 - 28,-1,0.0,0,,,,,,0,0,,,,,,0,0,,,,,
0021500346,116,1,1,2,8:10 PM,11:40,,,Ellis 18' Jump Shot (4 PTS),31 - 28,-3,5.0,101145,Monta Ellis,1610612754.0,Indiana,Pacers,IND,0,0,,,,,,0,0,,,,,
0021500346,117,1,1,2,8:10 PM,11:24,Marc Morris 16' Jump Shot (5 PTS),,,31 - 30,-1,4.0,202694,Marcus Morris,1610612765.0,Detroit,Pistons,DET,0,0,,,,,,0,0,,,,,
0021500346,118,1,1,2,8:10 PM,11:06,,,Hill 18' Jump Shot (4 PTS) (Budinger 1 AST),33 - 30,-3,5.0,201941,Jordan Hill,1610612754.0,Indiana,Pacers,IND,5,201978,Chase Budinger,1610612754.0,Indiana,Pacers,IND,0,0,,,,,
0021500346,119,5,1,2,8:11 PM,10:43,Blake Bad Pass Turnover (P1.T2),,Allen STEAL (1 STL),,,4.0,2581,Steve Blake,1610612765.0,Detroit,Pistons,DET,5,202730,Lavoy Allen,1610612754.0,Indiana,Pacers,IND,0,0,,,,,
0021500346,120,1,5,2,8:11 PM,10:39,,,Budinger  Layup (2 PTS) (Ellis 2 AST),35 - 30,-5,5.0,201978,Chase Budinger,1610612754.0,Indiana,Pacers,IND,5,101145,Monta Ellis,1610612754.0,Indiana,Pacers,IND,0,0,,,,,
0021500346,121,6,2,2,8:11 PM,10:39,Blake S.FOUL (P2.T1) (M.Lindsay),,,,,4.0,2581,Steve Blake,1610612765.0,Detroit,Pistons,DET,5,201978,Chase Budinger,1610612754.0,Indiana,Pacers,IND,1,0,,,,,
0021500346,122,3,10,2,8:11 PM,10:39,,,Budinger Free Throw 1 of 1 (3 PTS),36 - 30,-6,5.0,201978,Chase Budinger,1610612754.0,Indiana,Pacers,IND,0,0,,,,,,0,0,,,,,
0021500346,123,1,1,2,8:11 PM,10:25,Marc Morris 16' Jump Shot (7 PTS),,,36 - 32,-4,4.0,202694,Marcus Morris,1610612765.0,Detroit,Pistons,DET,0,0,,,,,,0,0,,,,,
0021500346,124,6,26,2,8:12 PM,10:14,,,Stuckey Offensive Charge Foul (P1.T1) (D.Stafford),,,5.0,201155,Rodney Stuckey,1610612754.0,Indiana,Pacers,IND,4,201229,Anthony Tolliver,1610612765.0,Detroit,Pistons,DET,1,0,,,,,
0021500346,125,5,5,2,8:12 PM,10:14,,,Stuckey Foul Turnover (P2.T4),,,5.0,201155,Rodney Stuckey,1610612754.0,Indiana,Pacers,IND,0,0,,,,,,1,0,,,,,
0021500346,126,1,1,2,8:12 PM,10:01,Blake 26' 3PT Jump Shot (3 PTS),,,36 - 35,-1,4.0,2581,Steve Blake,1610612765.0,Detroit,Pistons,DET,0,0,,,,,,0,0,,,,,
0021500346,127,1,1,2,8:12 PM,9:44,,,Ellis 27' 3PT Jump Shot (7 PTS),39 - 35,-4,5.0,101145,Monta Ellis,1610612754.0,Indiana,Pacers,IND,0,0,,,,,,0,0,,,,,
0021500346,128,6,2,2,8:13 PM,9:29,,,Stuckey S.FOUL (P2.T2) (M.Lindsay),,,5.0,201155,Rodney Stuckey,1610612754.0,Indiana,Pacers,IND,4,203382,Aron Baynes,1610612765.0,Detroit,Pistons,DET,1,0,,,,,
0021500346,129,3,11,2,8:13 PM,9:29,MISS Baynes Free Throw 1 of 2,,,,,4.0,203382,Aron Baynes,1610612765.0,Detroit,Pistons,DET,0,0,,,,,,0,0,,,,,
0021500346,130,4,1,2,8:13 PM,9:29,PISTONS Rebound,,,,,2.0,1610612765,,,,,,0,0,,,,,,0,0,,,,,
0021500346,132,8,0,2,8:13 PM,9:29,,,SUB: Robinson III FOR Stuckey,,,5.0,201155,Rodney Stuckey,1610612754.0,Indiana,Pacers,IND,5,203922,Glenn Robinson III,1610612754.0,Indiana,Pacers,IND,0,0,,,,,
0021500346,133,3,12,2,8:13 PM,9:29,Baynes Free Throw 2 of 2 (1 PTS),,,39 - 36,-3,4.0,203382,Aron Baynes,1610612765.0,Detroit,Pistons,DET,0,0,,,,,,0,0,,,,,
0021500346,135,1,1,2,8:14 PM,9:14,,,Budinger 26' 3PT Jump Shot (6 PTS) (Hill 2 AST),42 - 36,-6,5.0,201978,Chase Budinger,1610612754.0,Indiana,Pacers,IND,5,201941,Jordan Hill,1610612754.0,Indiana,Pacers,IND,0,0,,,,,
0021500346,136,1,1,2,8:14 PM,8:53,Blake 26' 3PT Jump Shot (6 PTS) (Johnson 1 AST),,,42 - 39,-3,4.0,2581,Steve Blake,1610612765.0,Detroit,Pistons,DET,4,1626169,Stanley Johnson,1610612765.0,Detroit,Pistons,DET,0,0,,,,,
0021500346,137,2,1,2,8:14 PM,8:37,,,MISS Ellis 17' Jump Shot,,,5.0,101145,Monta Ellis,1610612754.0,Indiana,Pacers,IND,0,0,,,,,,0,0,,,,,
0021500346,138,4,0,2,8:14 PM,8:37,Baynes REBOUND (Off:0 Def:1),,,,,4.0,203382,Aron Baynes,1610612765.0,Detroit,Pistons,DET,0,0,,,,,,0,0,,,,,
0021500346,139,6,2,2,8:14 PM,8:32,,,Allen S.FOUL (P1.T3) (K.Scott),,,5.0,202730,Lavoy Allen,1610612754.0,Indiana,Pacers,IND,4,203382,Aron Baynes,1610612765.0,Detroit,Pistons,DET,1,0,,,,,
0021500346,140,9,4,2,8:15 PM,8:32,,,,,,1.0,0,,,,,,0,0,,,,,,0,0,,,,,
0021500346,142,3,11,2,8:17 PM,8:32,Baynes Free Throw 1 of 2 (2 PTS),,,42 - 40,-2,4.0,203382,Aron Baynes,1610612765.0,Detroit,Pistons,DET,0,0,,,,,,0,0,,,,,
0021500346,144,3,12,2,8:17 PM,8:32,Baynes Free Throw 2 of 2 (3 PTS),,,42 - 41,-1,4.0,203382,Aron Baynes,1610612765.0,Detroit,Pistons,DET,0,0,,,,,,0,0,,,,,
0021500346,146,2,1,2,8:18 PM,8:14,,,MISS Ellis 10' Jump Shot,,,5.0,101145,Monta Ellis,1610612754.0,Indiana,Pacers,IND,0,0,,,,,,0,0,,,,,
0021500346,147,4,0,2,8:18 PM,8:13,Baynes REBOUND (Off:0 Def:2),,,,,4.0,203382,Aron Baynes,1610612765.0,Detroit,Pistons,DET,0,0,,,,,,0,0,,,,,
0021500346,148,1,63,2,8:18 PM,8:01,Marc Morris 12' Fadeaway Jumper (9 PTS),,,42 - 43,1,4.0,202694,Marcus Morris,1610612765.0,Detroit,Pistons,DET,0,0,,,,,,0,0,,,,,
0021500346,149,5,1,2,8:18 PM,7:51,Tolliver STEAL (1 STL),,Hill Bad Pass Turnover (P1.T5),,,5.0,201941,Jordan Hill,1610612754.0,Indiana,Pacers,IND,4,201229,Anthony Tolliver,1610612765.0,Detroit,Pistons,DET,0,0,,,,,
0021500346,150,1,1,2,8:18 PM,7:40,Tolliver 26' 3PT Jump Shot (3 PTS) (Blake 1 AST),,,42 - 46,4,4.0,201229,Anthony Tolliver,1610612765.0,Detroit,Pistons,DET,4,2581,Steve Blake,1610612765.0,Detroit,Pistons,DET,0,0,,,,,
0021500346,151,5,1,2,8:19 PM,7:18,Johnson STEAL (1 STL),,Ellis Bad Pass Turnover (P1.T6),,,5.0,101145,Monta Ellis,1610612754.0,Indiana,Pacers,IND,4,1626169,Stanley Johnson,1610612765.0,Detroit,Pistons,DET,0,0,,,,,
0021500346,152,2,5,2,8:19 PM,7:16,MISS Johnson 2' Layup,,,,,4.0,1626169,Stanley Johnson,1610612765.0,Detroit,Pistons,DET,0,0,,,,,,0,0,,,,,
0021500346,153,4,0,2,8:19 PM,7:15,Marc Morris REBOUND (Off:1 Def:0),,,,,4.0,202694,Marcus Morris,1610612765.0,Detroit,Pistons,DET,0,0,,,,,,0,0,,,,,
0021500346,154,2,97,2,8:19 PM,7:14,MISS Marc Morris 1' Tip Layup Shot,,,,,4.0,202694,Marcus Morris,1610612765.0,Detroit,Pistons,DET,0,0,,,,,,0,0,,,,,
0021500346,155,4,0,2,8:19 PM,7:14,PISTONS Rebound,,,,,2.0,1610612765,,,,,,0,0,,,,,,0,0,,,,,
0021500346,156,2,1,2,8:19 PM,7:02,MISS Johnson 15' Jump Shot,,,,,4.0,1626169,Stanley Johnson,1610612765.0,Detroit,Pistons,DET,0,0,,,,,,0,0,,,,,
0021500346,157,4,0,2,8:19 PM,7:01,,,Hill REBOUND (Off:0 Def:1),,,5.0,201941,Jordan Hill,1610612754.0,Indiana,Pacers,IND,0,0,,,,,,0,0,,,,,
0021500346,158,1,66,2,8:20 PM,6:37,,,Robinson III 8' Jump Bank Shot (2 PTS),44 - 46,2,5.0,203922,Glenn Robinson III,1610612754.0,Indiana,Pacers,IND,0,0,,,,,,0,0,,,,,
0021500346,159,5,1,2,8:20 PM,6:22,Blake Bad Pass Turnover (P2.T3),,Allen STEAL (2 STL),,,4.0,2581,Steve Blake,1610612765.0,Detroit,Pistons,DET,5,202730,Lavoy Allen,1610612754.0,Indiana,Pacers,IND,0,0,,,,,
0021500346,160,1,5,2,8:20 PM,6:16,,,Robinson III 1' Layup (4 PTS) (Budinger 2 AST),46 - 46,TIE,5.0,203922,Glenn Robinson III,1610612754.0,Indiana,Pacers,IND,5,201978,Chase Budinger,1610612754.0,Indiana,Pacers,IND,0,0,,,,,
0021500346,161,6,4,2,8:20 PM,6:07,Baynes OFF.Foul (P1) (M.Lindsay),,,,,4.0,203382,Aron Baynes,1610612765.0,Detroit,Pistons,DET,5,201978,Chase Budinger,1610612754.0,Indiana,Pacers,IND,1,0,,,,,
0021500346,162,5,5,2,8:20 PM,6:07,Baynes Foul Turnover (P1.T4),,,,,4.0,203382,Aron Baynes,1610612765.0,Detroit,Pistons,DET,0,0,,,,,,1,0,,,,,
0021500346,163,8,0,2,8:20 PM,6:07,,,SUB: Mahinmi FOR Hill,,,5.0,201941,Jordan Hill,1610612754.0,Indiana,Pacers,IND,5,101133,Ian Mahinmi,1610612754.0,Indiana,Pacers,IND,0,0,,,,,
0021500346,164,8,0,2,8:20 PM,6:07,,,SUB: Miles FOR Allen,,,5.0,202730,Lavoy Allen,1610612754.0,Indiana,Pacers,IND,5,101139,CJ Miles,1610612754.0,Indiana,Pacers,IND,0,0,,,,,
0021500346,165,2,1,2,8:21 PM,5:55,,,MISS Budinger  3PT Jump Shot,,,5.0,201978,Chase Budinger,1610612754.0,Indiana,Pacers,IND,0,0,,,,,,0,0,,,,,
0021500346,166,4,0,2,8:21 PM,5:55,Blake REBOUND (Off:0 Def:1),,,,,4.0,2581,Steve Blake,1610612765.0,Detroit,Pistons,DET,0,0,,,,,,0,0,,,,,
0021500346,167,2,1,2,8:21 PM,5:46,MISS Blake 13' Jump Shot,,Ellis BLOCK (1 BLK),,,4.0,2581,Steve Blake,1610612765.0,Detroit,Pistons,DET,0,0,,,,,,5,101145,Monta Ellis,1610612754.0,Indiana,Pacers,IND
0021500346,168,4,0,2,8:21 PM,5:44,,,Ellis REBOUND (Off:0 Def:1),,,5.0,101145,Monta Ellis,1610612754.0,Indiana,Pacers,IND,0,0,,,,,,0,0,,,,,
0021500346,169,5,2,2,8:21 PM,5:38,Johnson STEAL (2 STL),,Mahinmi Lost Ball Turnover (P1.T7),,,5.0,101133,Ian Mahinmi,1610612754.0,Indiana,Pacers,IND,4,1626169,Stanley Johnson,1610612765.0,Detroit,Pistons,DET,0,0,,,,,
0021500346,170,1,5,2,8:21 PM,5:32,Marc Morris  Layup (11 PTS) (Johnson 2 AST),,,46 - 48,2,4.0,202694,Marcus Morris,1610612765.0,Detroit,Pistons,DET,4,1626169,Stanley Johnson,1610612765.0,Detroit,Pistons,DET,0,0,,,,,
0021500346,171,2,1,2,8:21 PM,5:23,,,MISS Miles 8' Jump Shot,,,5.0,101139,CJ Miles,1610612754.0,Indiana,Pacers,IND,0,0,,,,,,0,0,,,,,
0021500346,172,4,0,2,8:21 PM,5:23,Marc Morris REBOUND (Off:1 Def:1),,,,,4.0,202694,Marcus Morris,1610612765.0,Detroit,Pistons,DET,0,0,,,,,,0,0,,,,,
0021500346,173,2,1,2,8:21 PM,5:17,MISS Johnson 24' 3PT Jump Shot,,,,,4.0,1626169,Stanley Johnson,1610612765.0,Detroit,Pistons,DET,0,0,,,,,,0,0,,,,,
0021500346,174,4,0,2,8:21 PM,5:16,,,Miles REBOUND (Off:0 Def:1),,,5.0,101139,CJ Miles,1610612754.0,Indiana,Pacers,IND,0,0,,,,,,0,0,,,,,
0021500346,175,2,1,2,8:22 PM,4:54,,,MISS Ellis 20' Jump Shot,,,5.0,101145,Monta Ellis,1610612754.0,Indiana,Pacers,IND,0,0,,,,,,0,0,,,,,
0021500346,176,4,0,2,8:22 PM,4:54,Johnson REBOUND (Off:0 Def:1),,,,,4.0,1626169,Stanley Johnson,1610612765.0,Detroit,Pistons,DET,0,0,,,,,,0,0,,,,,
0021500346,177,6,2,2,8:22 PM,4:47,,,Robinson III S.FOUL (P1.T4) (D.Stafford),,,5.0,203922,Glenn Robinson III,1610612754.0,Indiana,Pacers,IND,4,1626169,Stanley Johnson,1610612765.0,Detroit,Pistons,DET,1,0,,,,,
0021500346,178,9,1,2,8:22 PM,4:47,PISTONS Timeout: Regular (Full 2 Short 0),,,,,2.0,1610612765,,,,,,0,0,,,,,,0,0,,,,,
0021500346,180,8,0,2,8:24 PM,4:47,SUB: Drummond FOR Marc Morris,,,,,4.0,202694,Marcus Morris,1610612765.0,Detroit,Pistons,DET,4,203083,Andre Drummond,1610612765.0,Detroit,Pistons,DET,0,0,,,,,
0021500346,181,8,0,2,8:24 PM,4:47,SUB: Ilyasova FOR Blake,,,,,4.0,2581,Steve Blake,1610612765.0,Detroit,Pistons,DET,4,101141,Ersan Ilyasova,1610612765.0,Detroit,Pistons,DET,0,0,,,,,
0021500346,182,8,0,2,8:24 PM,4:47,SUB: Caldwell-Pope FOR Baynes,,,,,4.0,203382,Aron Baynes,1610612765.0,Detroit,Pistons,DET,4,203484,Kentavious Caldwell-Pope,1610612765.0,Detroit,Pistons,DET,0,0,,,,,
0021500346,183,8,0,2,8:24 PM,4:47,SUB: Jackson FOR Tolliver,,,,,4.0,201229,Anthony Tolliver,1610612765.0,Detroit,Pistons,DET,4,202704,Reggie Jackson,1610612765.0,Detroit,Pistons,DET,0,0,,,,,
0021500346,184,3,11,2,8:25 PM,4:47,Johnson Free Throw 1 of 2 (1 PTS),,,46 - 49,3,4.0,1626169,Stanley Johnson,1610612765.0,Detroit,Pistons,DET,0,0,,,,,,0,0,,,,,
0021500346,186,3,12,2,8:25 PM,4:47,Johnson Free Throw 2 of 2 (2 PTS),,,46 - 50,4,4.0,1626169,Stanley Johnson,1610612765.0,Detroit,Pistons,DET,0,0,,,,,,0,0,,,,,
0021500346,188,6,2,2,8:25 PM,4:26,Johnson S.FOUL (P1.T2) (D.Stafford),,,,,4.0,1626169,Stanley Johnson,1610612765.0,Detroit,Pistons,DET,5,203922,Glenn Robinson III,1610612754.0,Indiana,Pacers,IND,1,0,,,,,
0021500346,189,3,11,2,8:26 PM,4:26,,,Robinson III Free Throw 1 of 2 (5 PTS),47 - 50,3,5.0,203922,Glenn Robinson III,1610612754.0,Indiana,Pacers,IND,0,0,,,,,,0,0,,,,,
0021500346,191,3,12,2,8:26 PM,4:26,,,MISS Robinson III Free Throw 2 of 2,,,5.0,203922,Glenn Robinson III,1610612754.0,Indiana,Pacers,IND,0,0,,,,,,0,0,,,,,
0021500346,193,4,0,2,8:26 PM,4:26,Ilyasova REBOUND (Off:0 Def:2),,,,,4.0,101141,Ersan Ilyasova,1610612765.0,Detroit,Pistons,DET,0,0,,,,,,0,0,,,,,
0021500346,194,1,78,2,8:26 PM,4:03,Jackson 10' Floating Jump Shot (6 PTS),,,47 - 52,5,4.0,202704,Reggie Jackson,1610612765.0,Detroit,Pistons,DET,0,0,,,,,,0,0,,,,,
0021500346,195,2,1,2,8:27 PM,3:47,,,MISS Miles 17' Jump Shot,,,5.0,101139,CJ Miles,1610612754.0,Indiana,Pacers,IND,0,0,,,,,,0,0,,,,,
0021500346,196,4,0,2,8:27 PM,3:47,,,Pacers Rebound,,,3.0,1610612754,,,,,,0,0,,,,,,0,0,,,,,
0021500346,197,8,0,2,8:27 PM,3:47,,,SUB: George FOR Budinger,,,5.0,201978,Chase Budinger,1610612754.0,Indiana,Pacers,IND,5,202331,Paul George,1610612754.0,Indiana,Pacers,IND,0,0,,,,,
0021500346,199,2,1,2,8:28 PM,3:32,,,MISS George 12' Jump Shot,,,5.0,202331,Paul George,1610612754.0,Indiana,Pacers,IND,0,0,,,,,,0,0,,,,,
0021500346,200,4,0,2,8:28 PM,3:31,,,Mahinmi REBOUND (Off:1 Def:0),,,5.0,101133,Ian Mahinmi,1610612754.0,Indiana,Pacers,IND,0,0,,,,,,0,0,,,,,
0021500346,201,1,97,2,8:28 PM,3:28,,,Mahinmi  Tip Layup Shot (8 PTS),49 - 52,3,5.0,101133,Ian Mahinmi,1610612754.0,Indiana,Pacers,IND,0,0,,,,,,0,0,,,,,
0021500346,202,5,4,2,8:28 PM,3:10,Johnson Traveling Turnover (P1.T5),,,,,4.0,1626169,Stanley Johnson,1610612765.0,Detroit,Pistons,DET,0,0,,,,,,1,0,,,,,
0021500346,203,8,0,2,8:29 PM,3:10,,,SUB: G. Hill FOR Robinson III,,,5.0,203922,Glenn Robinson III,1610612754.0,Indiana,Pacers,IND,5,201588,George Hill,1610612754.0,Indiana,Pacers,IND,0,0,,,,,
0021500346,204,1,1,2,8:29 PM,2:55,,,George 17' Jump Shot (6 PTS),51 - 52,1,5.0,202331,Paul George,1610612754.0,Indiana,Pacers,IND,0,0,,,,,,0,0,,,,,
0021500346,205,6,2,2,8:29 PM,2:40,,,Miles S.FOUL (P2.PN) (D.Stafford),,,5.0,101139,CJ Miles,1610612754.0,Indiana,Pacers,IND,4,202704,Reggie Jackson,1610612765.0,Detroit,Pistons,DET,1,0,,,,,
0021500346,206,9,1,2,8:30 PM,2:40,,,Pacers Timeout: Regular (Reg.2 Short 0),,,3.0,1610612754,,,,,,0,0,,,,,,0,0,,,,,
0021500346,209,8,0,2,8:31 PM,2:40,SUB: Marc Morris FOR Johnson,,,,,4.0,1626169,Stanley Johnson,1610612765.0,Detroit,Pistons,DET,4,202694,Marcus Morris,1610612765.0,Detroit,Pistons,DET,0,0,,,,,
0021500346,210,3,11,2,8:32 PM,2:40,Jackson Free Throw 1 of 2 (7 PTS),,,51 - 53,2,4.0,202704,Reggie Jackson,1610612765.0,Detroit,Pistons,DET,0,0,,,,,,0,0,,,,,
0021500346,212,3,12,2,8:32 PM,2:40,Jackson Free Throw 2 of 2 (8 PTS),,,51 - 54,3,4.0,202704,Reggie Jackson,1610612765.0,Detroit,Pistons,DET,0,0,,,,,,0,0,,,,,
0021500346,214,2,1,2,8:32 PM,2:24,,,MISS George 9' Jump Shot,,,5.0,202331,Paul George,1610612754.0,Indiana,Pacers,IND,0,0,,,,,,0,0,,,,,
0021500346,215,4,0,2,8:32 PM,2:24,Jackson REBOUND (Off:0 Def:1),,,,,4.0,202704,Reggie Jackson,1610612765.0,Detroit,Pistons,DET,0,0,,,,,,0,0,,,,,
0021500346,216,1,1,2,8:33 PM,2:12,Jackson 24' 3PT Jump Shot (11 PTS) (Caldwell-Pope 2 AST),,,51 - 57,6,4.0,202704,Reggie Jackson,1610612765.0,Detroit,Pistons,DET,4,203484,Kentavious Caldwell-Pope,1610612765.0,Detroit,Pistons,DET,0,0,,,,,
0021500346,217,5,41,2,8:33 PM,1:49,Caldwell-Pope STEAL (3 STL),,Mahinmi Poss Lost Ball Turnover (P2.T8),,,5.0,101133,Ian Mahinmi,1610612754.0,Indiana,Pacers,IND,4,203484,Kentavious Caldwell-Pope,1610612765.0,Detroit,Pistons,DET,0,0,,,,,
0021500346,219,1,1,2,8:33 PM,1:44,Caldwell-Pope 26' 3PT Jump Shot (11 PTS),,,51 - 60,9,4.0,203484,Kentavious Caldwell-Pope,1610612765.0,Detroit,Pistons,DET,0,0,,,,,,0,0,,,,,
0021500346,220,2,1,2,8:33 PM,1:26,,,MISS Ellis 13' Jump Shot,,,5.0,101145,Monta Ellis,1610612754.0,Indiana,Pacers,IND,0,0,,,,,,0,0,,,,,
0021500346,221,4,0,2,8:33 PM,1:26,Jackson REBOUND (Off:0 Def:2),,,,,4.0,202704,Reggie Jackson,1610612765.0,Detroit,Pistons,DET,0,0,,,,,,0,0,,,,,
0021500346,222,1,1,2,8:33 PM,1:19,Ilyasova 24' 3PT Jump Shot (10 PTS) (Jackson 4 AST),,,51 - 63,12,4.0,101141,Ersan Ilyasova,1610612765.0,Detroit,Pistons,DET,4,202704,Reggie Jackson,1610612765.0,Detroit,Pistons,DET,0,0,,,,,
0021500346,223,9,2,2,8:34 PM,1:19,,,Pacers Timeout: Short (Reg.2 Short 1),,,3.0,1610612754,,,,,,0,0,,,,,,0,0,,,,,
0021500346,224,1,1,2,8:35 PM,1:07,,,George 5' Jump Shot (8 PTS),53 - 63,10,5.0,202331,Paul George,1610612754.0,Indiana,Pacers,IND,0,0,,,,,,0,0,,,,,
0021500346,225,6,2,2,8:35 PM,1:07,Drummond S.FOUL (P2.T3) (D.Stafford),,,,,4.0,203083,Andre Drummond,1610612765.0,Detroit,Pistons,DET,5,202331,Paul George,1610612754.0,Indiana,Pacers,IND,1,0,,,,,
0021500346,226,8,0,2,8:35 PM,1:07,SUB: Baynes FOR Drummond,,,,,4.0,203083,Andre Drummond,1610612765.0,Detroit,Pistons,DET,4,203382,Aron Baynes,1610612765.0,Detroit,Pistons,DET,0,0,,,,,
0021500346,227,8,0,2,8:35 PM,1:07,,,SUB: Budinger FOR Ellis,,,5.0,101145,Monta Ellis,1610612754.0,Indiana,Pacers,IND,5,201978,Chase Budinger,1610612754.0,Indiana,Pacers,IND,0,0,,,,,
0021500346,228,8,0,2,8:35 PM,1:07,,,SUB: Allen FOR Miles,,,5.0,101139,CJ Miles,1610612754.0,Indiana,Pacers,IND,5,202730,Lavoy Allen,1610612754.0,Indiana,Pacers,IND,0,0,,,,,
0021500346,229,3,10,2,8:36 PM,1:07,,,MISS George Free Throw 1 of 1,,,5.0,202331,Paul George,1610612754.0,Indiana,Pacers,IND,0,0,,,,,,0,0,,,,,
0021500346,232,4,0,2,8:36 PM,1:07,Marc Morris REBOUND (Off:1 Def:2),,,,,4.0,202694,Marcus Morris,1610612765.0,Detroit,Pistons,DET,0,0,,,,,,0,0,,,,,
0021500346,233,2,1,2,8:36 PM,0:47,MISS Marc Morris 26' 3PT Jump Shot,,,,,4.0,202694,Marcus Morris,1610612765.0,Detroit,Pistons,DET,0,0,,,,,,0,0,,,,,
0021500346,234,4,0,2,8:36 PM,0:47,,,Mahinmi REBOUND (Off:1 Def:1),,,5.0,101133,Ian Mahinmi,1610612754.0,Indiana,Pacers,IND,0,0,,,,,,0,0,,,,,
0021500346,235,1,42,2,8:36 PM,0:35,,,Budinger  Driving Layup (8 PTS) (Mahinmi 1 AST),55 - 63,8,5.0,201978,Chase Budinger,1610612754.0,Indiana,Pacers,IND,5,101133,Ian Mahinmi,1610612754.0,Indiana,Pacers,IND,0,0,,,,,
0021500346,236,2,1,2,8:37 PM,0:28,MISS Jackson 18' Jump Shot,,,,,4.0,202704,Reggie Jackson,1610612765.0,Detroit,Pistons,DET,0,0,,,,,,0,0,,,,,
0021500346,237,4,0,2,8:37 PM,0:28,,,Pacers Rebound,,,3.0,1610612754,,,,,,0,0,,,,,,0,0,,,,,
0021500346,238,6,26,2,8:37 PM,0:07,,,Mahinmi Offensive Charge Foul (P1.PN) (M.Lindsay),,,5.0,101133,Ian Mahinmi,1610612754.0,Indiana,Pacers,IND,4,101141,Ersan Ilyasova,1610612765.0,Detroit,Pistons,DET,1,0,,,,,
0021500346,239,5,5,2,8:37 PM,0:07,,,Mahinmi Foul Turnover (P3.T9),,,5.0,101133,Ian Mahinmi,1610612754.0,Indiana,Pacers,IND,0,0,,,,,,1,0,,,,,
0021500346,240,1,1,2,8:37 PM,0:00,Jackson 15' Jump Shot (13 PTS),,,55 - 65,10,4.0,202704,Reggie Jackson,1610612765.0,Detroit,Pistons,DET,0,0,,,,,,0,0,,,,,
0021500346,241,18,0,2,8:38 PM,0:00,,,,,,,240,Brooks Thompson,,,,,0,0,,,,,,1,0,,,,,
0021500346,242,13,0,2,8:38 PM,0:00,,,,55 - 65,10,0.0,0,,,,,,0,0,,,,,,0,0,,,,,
0021500346,244,12,0,3,8:55 PM,12:00,,,,55 - 65,10,0.0,0,,,,,,0,0,,,,,,0,0,,,,,
0021500346,245,2,1,3,8:55 PM,11:44,,,MISS George 17' Jump Shot,,,5.0,202331,Paul George,1610612754.0,Indiana,Pacers,IND,0,0,,,,,,0,0,,,,,
0021500346,246,4,0,3,8:55 PM,11:43,Ilyasova REBOUND (Off:0 Def:3),,,,,4.0,101141,Ersan Ilyasova,1610612765.0,Detroit,Pistons,DET,0,0,,,,,,0,0,,,,,
0021500346,247,5,1,3,8:55 PM,11:29,Caldwell-Pope Bad Pass Turnover (P1.T6),,Miles STEAL (1 STL),,,4.0,203484,Kentavious Caldwell-Pope,1610612765.0,Detroit,Pistons,DET,5,101139,CJ Miles,1610612754.0,Indiana,Pacers,IND,0,0,,,,,
0021500346,248,1,5,3,8:55 PM,11:23,,,Miles 1' Layup (5 PTS),57 - 65,8,5.0,101139,CJ Miles,1610612754.0,Indiana,Pacers,IND,0,0,,,,,,0,0,,,,,
0021500346,249,2,1,3,8:55 PM,11:04,MISS Caldwell-Pope 25' 3PT Jump Shot,,,,,4.0,203484,Kentavious Caldwell-Pope,1610612765.0,Detroit,Pistons,DET,0,0,,,,,,0,0,,,,,
0021500346,250,4,0,3,8:55 PM,11:04,,,G. Hill REBOUND (Off:0 Def:4),,,5.0,201588,George Hill,1610612754.0,Indiana,Pacers,IND,0,0,,,,,,0,0,,,,,
0021500346,251,6,2,3,8:56 PM,10:58,Caldwell-Pope S.FOUL (P2.T1) (M.Lindsay),,,,,4.0,203484,Kentavious Caldwell-Pope,1610612765.0,Detroit,Pistons,DET,5,101145,Monta Ellis,1610612754.0,Indiana,Pacers,IND,1,0,,,,,
0021500346,252,3,11,3,8:56 PM,10:58,,,MISS Ellis Free Throw 1 of 2,,,5.0,101145,Monta Ellis,1610612754.0,Indiana,Pacers,IND,0,0,,,,,,0,0,,,,,
0021500346,253,4,1,3,8:56 PM,10:58,,,Pacers Rebound,,,3.0,1610612754,,,,,,0,0,,,,,,0,0,,,,,
0021500346,254,3,12,3,8:56 PM,10:58,,,MISS Ellis Free Throw 2 of 2,,,5.0,101145,Monta Ellis,1610612754.0,Indiana,Pacers,IND,0,0,,,,,,0,0,,,,,
0021500346,256,4,0,3,8:56 PM,10:57,Drummond REBOUND (Off:2 Def:4),,,,,4.0,203083,Andre Drummond,1610612765.0,Detroit,Pistons,DET,0,0,,,,,,0,0,,,,,
0021500346,257,1,1,3,8:57 PM,10:36,Marc Morris 14' Jump Shot (13 PTS),,,57 - 67,10,4.0,202694,Marcus Morris,1610612765.0,Detroit,Pistons,DET,0,0,,,,,,0,0,,,,,
0021500346,258,6,2,3,8:57 PM,10:30,Drummond S.FOUL (P3.T2) (K.Scott),,,,,4.0,203083,Andre Drummond,1610612765.0,Detroit,Pistons,DET,5,101133,Ian Mahinmi,1610612754.0,Indiana,Pacers,IND,1,0,,,,,
0021500346,259,3,11,3,8:57 PM,10:30,,,Mahinmi Free Throw 1 of 2 (9 PTS),58 - 67,9,5.0,101133,Ian Mahinmi,1610612754.0,Indiana,Pacers,IND,0,0,,,,,,0,0,,,,,
0021500346,261,3,12,3,8:57 PM,10:30,,,MISS Mahinmi Free Throw 2 of 2,,,5.0,101133,Ian Mahinmi,1610612754.0,Indiana,Pacers,IND,0,0,,,,,,0,0,,,,,
0021500346,263,4,0,3,8:57 PM,10:28,Drummond REBOUND (Off:2 Def:5),,,,,4.0,203083,Andre Drummond,1610612765.0,Detroit,Pistons,DET,0,0,,,,,,0,0,,,,,
0021500346,264,1,1,3,8:58 PM,10:08,Marc Morris 25' 3PT Jump Shot (16 PTS) (Jackson 5 AST),,,58 - 70,12,4.0,202694,Marcus Morris,1610612765.0,Detroit,Pistons,DET,4,202704,Reggie Jackson,1610612765.0,Detroit,Pistons,DET,0,0,,,,,
0021500346,281,2,40,3,8:58 PM,10:08,Drummond BLOCK (1 BLK),,MISS George 2' Layup,,,5.0,202331,Paul George,1610612754.0,Indiana,Pacers,IND,0,0,,,,,,4,203083,Andre Drummond,1610612765.0,Detroit,Pistons,DET
0021500346,291,4,0,3,8:58 PM,10:08,Drummond REBOUND (Off:2 Def:6),,,,,4.0,203083,Andre Drummond,1610612765.0,Detroit,Pistons,DET,0,0,,,,,,0,0,,,,,
0021500346,292,5,1,3,8:58 PM,9:56,Drummond Bad Pass Turnover (P1.T7),,Ellis STEAL (1 STL),,,4.0,203083,Andre Drummond,1610612765.0,Detroit,Pistons,DET,5,101145,Monta Ellis,1610612754.0,Indiana,Pacers,IND,0,0,,,,,
0021500346,266,2,1,3,8:58 PM,9:50,,,MISS George 25' 3PT Jump Shot,,,5.0,202331,Paul George,1610612754.0,Indiana,Pacers,IND,0,0,,,,,,0,0,,,,,
0021500346,267,4,0,3,8:58 PM,9:50,PISTONS Rebound,,,,,2.0,1610612765,,,,,,0,0,,,,,,0,0,,,,,
0021500346,268,6,1,3,8:58 PM,9:44,,,George P.FOUL (P1.T1) (K.Scott),,,5.0,202331,Paul George,1610612754.0,Indiana,Pacers,IND,4,202694,Marcus Morris,1610612765.0,Detroit,Pistons,DET,1,0,,,,,
0021500346,269,6,11,3,8:59 PM,9:44,,,George T.FOUL (P1.T1) (K.Scott),,,5.0,202331,Paul George,1610612754.0,Indiana,Pacers,IND,0,0,,,,,,1,0,,,,,
0021500346,270,3,16,3,8:59 PM,9:44,Jackson Free Throw Technical (14 PTS),,,58 - 71,13,4.0,202704,Reggie Jackson,1610612765.0,Detroit,Pistons,DET,0,0,,,,,,0,0,,,,,
0021500346,272,2,1,3,8:59 PM,9:29,MISS Jackson 6' Jump Shot,,,,,4.0,202704,Reggie Jackson,1610612765.0,Detroit,Pistons,DET,0,0,,,,,,0,0,,,,,
0021500346,273,4,0,3,8:59 PM,9:29,Ilyasova REBOUND (Off:1 Def:3),,,,,4.0,101141,Ersan Ilyasova,1610612765.0,Detroit,Pistons,DET,0,0,,,,,,0,0,,,,,
0021500346,274,5,2,3,8:59 PM,9:20,Drummond Lost Ball Turnover (P2.T8),,Ellis STEAL (2 STL),,,4.0,203083,Andre Drummond,1610612765.0,Detroit,Pistons,DET,5,101145,Monta Ellis,1610612754.0,Indiana,Pacers,IND,0,0,,,,,
0021500346,275,6,1,3,9:00 PM,9:19,Ilyasova P.FOUL (P2.T3) (K.Scott),,,,,4.0,101141,Ersan Ilyasova,1610612765.0,Detroit,Pistons,DET,5,101145,Monta Ellis,1610612754.0,Indiana,Pacers,IND,1,0,,,,,
0021500346,277,1,1,3,9:00 PM,8:59,,,G. Hill 18' Jump Shot (8 PTS),60 - 71,11,5.0,201588,George Hill,1610612754.0,Indiana,Pacers,IND,0,0,,,,,,0,0,,,,,
0021500346,278,1,49,3,9:00 PM,8:41,Jackson  Driving Dunk (16 PTS),,,60 - 73,13,4.0,202704,Reggie Jackson,1610612765.0,Detroit,Pistons,DET,0,0,,,,,,0,0,,,,,
0021500346,279,2,5,3,9:01 PM,8:27,,,MISS Ellis 1' Layup,,,5.0,101145,Monta Ellis,1610612754.0,Indiana,Pacers,IND,0,0,,,,,,0,0,,,,,
0021500346,280,4,0,3,9:01 PM,8:27,Drummond REBOUND (Off:2 Def:7),,,,,4.0,203083,Andre Drummond,1610612765.0,Detroit,Pistons,DET,0,0,,,,,,0,0,,,,,
0021500346,282,2,5,3,9:01 PM,8:15,MISS Drummond 1' Layup,,,,,4.0,203083,Andre Drummond,1610612765.0,Detroit,Pistons,DET,0,0,,,,,,0,0,,,,,
0021500346,283,4,0,3,9:01 PM,8:14,,,George REBOUND (Off:0 Def:5),,,5.0,202331,Paul George,1610612754.0,Indiana,Pacers,IND,0,0,,,,,,0,0,,,,,
0021500346,284,5,4,3,9:01 PM,8:08,,,Ellis Traveling Turnover (P2.T10),,,5.0,101145,Monta Ellis,1610612754.0,Indiana,Pacers,IND,0,0,,,,,,1,0,,,,,
0021500346,285,2,1,3,9:01 PM,7:56,MISS Marc Morris 18' Jump Shot,,,,,4.0,202694,Marcus Morris,1610612765.0,Detroit,Pistons,DET,0,0,,,,,,0,0,,,,,
0021500346,286,4,0,3,9:01 PM,7:55,,,G. Hill REBOUND (Off:0 Def:5),,,5.0,201588,George Hill,1610612754.0,Indiana,Pacers,IND,0,0,,,,,,0,0,,,,,
0021500346,287,2,5,3,9:02 PM,7:48,Ilyasova BLOCK (2 BLK),,MISS George  Layup,,,5.0,202331,Paul George,1610612754.0,Indiana,Pacers,IND,0,0,,,,,,4,101141,Ersan Ilyasova,1610612765.0,Detroit,Pistons,DET
0021500346,288,4,0,3,9:02 PM,7:42,Caldwell-Pope REBOUND (Off:1 Def:2),,,,,4.0,203484,Kentavious Caldwell-Pope,1610612765.0,Detroit,Pistons,DET,0,0,,,,,,0,0,,,,,
0021500346,289,1,5,3,9:02 PM,7:42,Ilyasova  Layup (12 PTS) (Caldwell-Pope 3 AST),,,60 - 75,15,4.0,101141,Ersan Ilyasova,1610612765.0,Detroit,Pistons,DET,4,203484,Kentavious Caldwell-Pope,1610612765.0,Detroit,Pistons,DET,0,0,,,,,
0021500346,290,9,1,3,9:02 PM,7:42,,,Pacers Timeout: Regular (Reg.3 Short 1),,,3.0,1610612754,,,,,,0,0,,,,,,0,0,,,,,
0021500346,294,5,1,3,9:05 PM,7:33,Jackson STEAL (1 STL),,George Bad Pass Turnover (P3.T11),,,5.0,202331,Paul George,1610612754.0,Indiana,Pacers,IND,4,202704,Reggie Jackson,1610612765.0,Detroit,Pistons,DET,0,0,,,,,
0021500346,295,2,5,3,9:05 PM,7:27,MISS Ilyasova 1' Layup,,,,,4.0,101141,Ersan Ilyasova,1610612765.0,Detroit,Pistons,DET,0,0,,,,,,0,0,,,,,
0021500346,296,4,0,3,9:05 PM,7:26,Caldwell-Pope REBOUND (Off:2 Def:2),,,,,4.0,203484,Kentavious Caldwell-Pope,1610612765.0,Detroit,Pistons,DET,0,0,,,,,,0,0,,,,,
0021500346,297,1,97,3,9:05 PM,7:22,Caldwell-Pope 1' Tip Layup Shot (13 PTS),,,60 - 77,17,4.0,203484,Kentavious Caldwell-Pope,1610612765.0,Detroit,Pistons,DET,0,0,,,,,,0,0,,,,,
0021500346,298,5,1,3,9:05 PM,7:16,Caldwell-Pope STEAL (4 STL),,Ellis Bad Pass Turnover (P3.T12),,,5.0,101145,Monta Ellis,1610612754.0,Indiana,Pacers,IND,4,203484,Kentavious Caldwell-Pope,1610612765.0,Detroit,Pistons,DET,0,0,,,,,
0021500346,299,1,5,3,9:05 PM,7:12,Ilyasova 1' Layup (14 PTS) (Caldwell-Pope 4 AST),,,60 - 79,19,4.0,101141,Ersan Ilyasova,1610612765.0,Detroit,Pistons,DET,4,203484,Kentavious Caldwell-Pope,1610612765.0,Detroit,Pistons,DET,0,0,,,,,
0021500346,300,1,75,3,9:05 PM,6:52,,,G. Hill 1' Driving Finger Roll Layup (10 PTS),62 - 79,17,5.0,201588,George Hill,1610612754.0,Indiana,Pacers,IND,0,0,,,,,,0,0,,,,,
0021500346,301,6,1,3,9:06 PM,6:40,,,Ellis P.FOUL (P3.T2) (M.Lindsay),,,5.0,101145,Monta Ellis,1610612754.0,Indiana,Pacers,IND,4,203484,Kentavious Caldwell-Pope,1610612765.0,Detroit,Pistons,DET,1,0,,,,,
0021500346,302,1,5,3,9:06 PM,6:34,Ilyasova 1' Layup (16 PTS) (Caldwell-Pope 5 AST),,,62 - 81,19,4.0,101141,Ersan Ilyasova,1610612765.0,Detroit,Pistons,DET,4,203484,Kentavious Caldwell-Pope,1610612765.0,Detroit,Pistons,DET,0,0,,,,,
0021500346,303,1,42,3,9:06 PM,6:27,,,Ellis 1' Driving Layup (9 PTS),64 - 81,17,5.0,101145,Monta Ellis,1610612754.0,Indiana,Pacers,IND,0,0,,,,,,0,0,,,,,
0021500346,304,2,1,3,9:06 PM,6:11,MISS Jackson 7' Jump Shot,,,,,4.0,202704,Reggie Jackson,1610612765.0,Detroit,Pistons,DET,0,0,,,,,,0,0,,,,,
0021500346,305,4,0,3,9:06 PM,6:10,Jackson REBOUND (Off:1 Def:2),,,,,4.0,202704,Reggie Jackson,1610612765.0,Detroit,Pistons,DET,0,0,,,,,,0,0,,,,,
0021500346,306,1,52,3,9:06 PM,6:03,Drummond  Alley Oop Dunk (8 PTS) (Jackson 6 AST),,,64 - 83,19,4.0,203083,Andre Drummond,1610612765.0,Detroit,Pistons,DET,4,202704,Reggie Jackson,1610612765.0,Detroit,Pistons,DET,0,0,,,,,
0021500346,307,1,49,3,9:07 PM,5:42,,,George  Driving Dunk (10 PTS),66 - 83,17,5.0,202331,Paul George,1610612754.0,Indiana,Pacers,IND,0,0,,,,,,0,0,,,,,
0021500346,308,1,1,3,9:07 PM,5:18,Jackson 26' 3PT Jump Shot (19 PTS),,,66 - 86,20,4.0,202704,Reggie Jackson,1610612765.0,Detroit,Pistons,DET,0,0,,,,,,0,0,,,,,
0021500346,309,1,49,3,9:07 PM,5:15,,,Miles  Driving Dunk (7 PTS) (Ellis 3 AST),68 - 86,18,5.0,101139,CJ Miles,1610612754.0,Indiana,Pacers,IND,5,101145,Monta Ellis,1610612754.0,Indiana,Pacers,IND,0,0,,,,,
0021500346,310,2,5,3,9:08 PM,4:59,MISS Jackson 2' Layup,,Mahinmi BLOCK (1 BLK),,,4.0,202704,Reggie Jackson,1610612765.0,Detroit,Pistons,DET,0,0,,,,,,5,101133,Ian Mahinmi,1610612754.0,Indiana,Pacers,IND
0021500346,311,4,0,3,9:08 PM,4:59,PISTONS Rebound,,,,,2.0,1610612765,,,,,,0,0,,,,,,0,0,,,,,
0021500346,312,2,1,3,9:08 PM,4:54,MISS Marc Morris 24' 3PT Jump Shot,,,,,4.0,202694,Marcus Morris,1610612765.0,Detroit,Pistons,DET,0,0,,,,,,0,0,,,,,
0021500346,313,4,0,3,9:08 PM,4:53,,,George REBOUND (Off:0 Def:6),,,5.0,202331,Paul George,1610612754.0,Indiana,Pacers,IND,0,0,,,,,,0,0,,,,,
0021500346,314,6,2,3,9:08 PM,4:51,Jackson S.FOUL (P1.T4) (M.Lindsay),,,,,4.0,202704,Reggie Jackson,1610612765.0,Detroit,Pistons,DET,5,202331,Paul George,1610612754.0,Indiana,Pacers,IND,1,0,,,,,
0021500346,315,3,11,3,9:08 PM,4:51,,,George Free Throw 1 of 2 (11 PTS),69 - 86,17,5.0,202331,Paul George,1610612754.0,Indiana,Pacers,IND,0,0,,,,,,0,0,,,,,
0021500346,317,3,12,3,9:09 PM,4:51,,,MISS George Free Throw 2 of 2,,,5.0,202331,Paul George,1610612754.0,Indiana,Pacers,IND,0,0,,,,,,0,0,,,,,
0021500346,319,4,0,3,9:09 PM,4:50,Drummond REBOUND (Off:2 Def:8),,,,,4.0,203083,Andre Drummond,1610612765.0,Detroit,Pistons,DET,0,0,,,,,,0,0,,,,,
0021500346,320,5,1,3,9:09 PM,4:39,Jackson Bad Pass Turnover (P1.T9),,George STEAL (1 STL),,,4.0,202704,Reggie Jackson,1610612765.0,Detroit,Pistons,DET,5,202331,Paul George,1610612754.0,Indiana,Pacers,IND,0,0,,,,,
0021500346,321,1,52,3,9:09 PM,4:33,,,G. Hill  Alley Oop Dunk (12 PTS) (George 2 AST),71 - 86,15,5.0,201588,George Hill,1610612754.0,Indiana,Pacers,IND,5,202331,Paul George,1610612754.0,Indiana,Pacers,IND,0,0,,,,,
0021500346,322,9,1,3,9:09 PM,4:25,PISTONS Timeout: Regular (Full 3 Short 0),,,,,2.0,1610612765,,,,,,0,0,,,,,,0,0,,,,,
0021500346,324,2,5,3,9:12 PM,4:13,MISS Marc Morris 1' Layup,,,,,4.0,202694,Marcus Morris,1610612765.0,Detroit,Pistons,DET,0,0,,,,,,0,0,,,,,
0021500346,325,4,0,3,9:12 PM,4:13,Drummond REBOUND (Off:3 Def:8),,,,,4.0,203083,Andre Drummond,1610612765.0,Detroit,Pistons,DET,0,0,,,,,,0,0,,,,,
0021500346,326,2,1,3,9:12 PM,4:08,MISS Jackson 26' 3PT Jump Shot,,,,,4.0,202704,Reggie Jackson,1610612765.0,Detroit,Pistons,DET,0,0,,,,,,0,0,,,,,
0021500346,327,4,0,3,9:12 PM,4:08,PISTONS Rebound,,,,,2.0,1610612765,,,,,,0,0,,,,,,0,0,,,,,
0021500346,328,6,3,3,9:12 PM,4:08,,,G. Hill L.B.FOUL (P2.T3) (M.Lindsay),,,5.0,201588,George Hill,1610612754.0,Indiana,Pacers,IND,4,101141,Ersan Ilyasova,1610612765.0,Detroit,Pistons,DET,1,0,,,,,
0021500346,329,1,47,3,9:13 PM,3:45,Jackson 15' Turnaround Jump Shot (21 PTS),,,71 - 88,17,4.0,202704,Reggie Jackson,1610612765.0,Detroit,Pistons,DET,0,0,,,,,,0,0,,,,,
0021500346,331,8,0,3,9:14 PM,3:33,,,SUB: Stuckey FOR G. Hill,,,5.0,201588,George Hill,1610612754.0,Indiana,Pacers,IND,5,201155,Rodney Stuckey,1610612754.0,Indiana,Pacers,IND,0,0,,,,,
0021500346,332,8,0,3,9:14 PM,3:33,,,SUB: Hill FOR Mahinmi,,,5.0,101133,Ian Mahinmi,1610612754.0,Indiana,Pacers,IND,5,201941,Jordan Hill,1610612754.0,Indiana,Pacers,IND,0,0,,,,,
0021500346,333,6,1,3,9:14 PM,3:29,Marc Morris P.FOUL (P1.PN) (D.Stafford),,,,,4.0,202694,Marcus Morris,1610612765.0,Detroit,Pistons,DET,5,101145,Monta Ellis,1610612754.0,Indiana,Pacers,IND,1,0,,,,,
0021500346,334,3,11,3,9:14 PM,3:29,,,Ellis Free Throw 1 of 2 (10 PTS),72 - 88,16,5.0,101145,Monta Ellis,1610612754.0,Indiana,Pacers,IND,0,0,,,,,,0,0,,,,,
0021500346,336,8,0,3,9:14 PM,3:29,SUB: Johnson FOR Marc Morris,,,,,4.0,202694,Marcus Morris,1610612765.0,Detroit,Pistons,DET,4,1626169,Stanley Johnson,1610612765.0,Detroit,Pistons,DET,0,0,,,,,
0021500346,337,3,12,3,9:15 PM,3:29,,,Ellis Free Throw 2 of 2 (11 PTS),73 - 88,15,5.0,101145,Monta Ellis,1610612754.0,Indiana,Pacers,IND,0,0,,,,,,0,0,,,,,
0021500346,339,1,1,3,9:15 PM,3:14,Ilyasova 15' Jump Shot (18 PTS) (Jackson 7 AST),,,73 - 90,17,4.0,101141,Ersan Ilyasova,1610612765.0,Detroit,Pistons,DET,4,202704,Reggie Jackson,1610612765.0,Detroit,Pistons,DET,0,0,,,,,
0021500346,340,1,1,3,9:15 PM,3:02,,,George 15' Jump Shot (13 PTS) (Hill 3 AST),75 - 90,15,5.0,202331,Paul George,1610612754.0,Indiana,Pacers,IND,5,201941,Jordan Hill,1610612754.0,Indiana,Pacers,IND,0,0,,,,,
0021500346,341,1,1,3,9:16 PM,2:50,Johnson 24' 3PT Jump Shot (5 PTS) (Jackson 8 AST),,,75 - 93,18,4.0,1626169,Stanley Johnson,1610612765.0,Detroit,Pistons,DET,4,202704,Reggie Jackson,1610612765.0,Detroit,Pistons,DET,0,0,,,,,
0021500346,342,2,1,3,9:16 PM,2:36,,,MISS Miles 15' Jump Shot,,,5.0,101139,CJ Miles,1610612754.0,Indiana,Pacers,IND,0,0,,,,,,0,0,,,,,
0021500346,343,4,0,3,9:16 PM,2:36,Caldwell-Pope REBOUND (Off:2 Def:3),,,,,4.0,203484,Kentavious Caldwell-Pope,1610612765.0,Detroit,Pistons,DET,0,0,,,,,,0,0,,,,,
0021500346,344,1,5,3,9:16 PM,2:30,Johnson  Layup (7 PTS) (Caldwell-Pope 6 AST),,,75 - 95,20,4.0,1626169,Stanley Johnson,1610612765.0,Detroit,Pistons,DET,4,203484,Kentavious Caldwell-Pope,1610612765.0,Detroit,Pistons,DET,0,0,,,,,
0021500346,345,9,2,3,9:16 PM,2:30,,,Pacers Timeout: Short (Reg.3 Short 2),,,3.0,1610612754,,,,,,0,0,,,,,,0,0,,,,,
0021500346,346,8,0,3,9:17 PM,2:30,SUB: Blake FOR Jackson,,,,,4.0,202704,Reggie Jackson,1610612765.0,Detroit,Pistons,DET,4,2581,Steve Blake,1610612765.0,Detroit,Pistons,DET,0,0,,,,,
0021500346,347,8,0,3,9:17 PM,2:30,,,SUB: Allen FOR Miles,,,5.0,101139,CJ Miles,1610612754.0,Indiana,Pacers,IND,5,202730,Lavoy Allen,1610612754.0,Indiana,Pacers,IND,0,0,,,,,
0021500346,348,2,1,3,9:17 PM,2:15,,,MISS George 25' 3PT Jump Shot,,,5.0,202331,Paul George,1610612754.0,Indiana,Pacers,IND,0,0,,,,,,0,0,,,,,
0021500346,349,4,0,3,9:17 PM,2:14,,,Allen REBOUND (Off:1 Def:1),,,5.0,202730,Lavoy Allen,1610612754.0,Indiana,Pacers,IND,0,0,,,,,,0,0,,,,,
0021500346,350,6,4,3,9:18 PM,2:03,,,George OFF.Foul (P2) (K.Scott),,,5.0,202331,Paul George,1610612754.0,Indiana,Pacers,IND,4,101141,Ersan Ilyasova,1610612765.0,Detroit,Pistons,DET,1,0,,,,,
0021500346,351,5,5,3,9:18 PM,2:03,,,George Foul Turnover (P4.T13),,,5.0,202331,Paul George,1610612754.0,Indiana,Pacers,IND,0,0,,,,,,1,0,,,,,
0021500346,352,1,71,3,9:18 PM,1:46,Ilyasova  Finger Roll Layup (20 PTS) (Caldwell-Pope 7 AST),,,75 - 97,22,4.0,101141,Ersan Ilyasova,1610612765.0,Detroit,Pistons,DET,4,203484,Kentavious Caldwell-Pope,1610612765.0,Detroit,Pistons,DET,0,0,,,,,
0021500346,353,2,1,3,9:18 PM,1:27,,,MISS Hill 4' Jump Shot,,,5.0,201941,Jordan Hill,1610612754.0,Indiana,Pacers,IND,0,0,,,,,,0,0,,,,,
0021500346,354,4,0,3,9:18 PM,1:26,Caldwell-Pope REBOUND (Off:2 Def:4),,,,,4.0,203484,Kentavious Caldwell-Pope,1610612765.0,Detroit,Pistons,DET,0,0,,,,,,0,0,,,,,
0021500346,355,1,1,3,9:18 PM,1:21,Blake 24' 3PT Jump Shot (9 PTS) (Caldwell-Pope 8 AST),,,75 - 100,25,4.0,2581,Steve Blake,1610612765.0,Detroit,Pistons,DET,4,203484,Kentavious Caldwell-Pope,1610612765.0,Detroit,Pistons,DET,0,0,,,,,
0021500346,356,2,2,3,9:19 PM,1:04,Drummond BLOCK (2 BLK),,MISS Ellis 1' Running Jump Shot,,,5.0,101145,Monta Ellis,1610612754.0,Indiana,Pacers,IND,0,0,,,,,,4,203083,Andre Drummond,1610612765.0,Detroit,Pistons,DET
0021500346,399,4,0,3,9:19 PM,1:04,Blake REBOUND (Off:0 Def:2),,,,,4.0,2581,Steve Blake,1610612765.0,Detroit,Pistons,DET,0,0,,,,,,0,0,,,,,
0021500346,357,1,5,3,9:19 PM,1:00,Johnson 1' Layup (9 PTS) (Blake 2 AST),,,75 - 102,27,4.0,1626169,Stanley Johnson,1610612765.0,Detroit,Pistons,DET,4,2581,Steve Blake,1610612765.0,Detroit,Pistons,DET,0,0,,,,,
0021500346,358,2,1,3,9:19 PM,0:49,,,MISS George 15' Jump Shot,,,5.0,202331,Paul George,1610612754.0,Indiana,Pacers,IND,0,0,,,,,,0,0,,,,,
0021500346,359,4,0,3,9:19 PM,0:48,Ilyasova REBOUND (Off:1 Def:4),,,,,4.0,101141,Ersan Ilyasova,1610612765.0,Detroit,Pistons,DET,0,0,,,,,,0,0,,,,,
0021500346,360,2,1,3,9:20 PM,0:39,MISS Ilyasova 19' Jump Shot,,,,,4.0,101141,Ersan Ilyasova,1610612765.0,Detroit,Pistons,DET,0,0,,,,,,0,0,,,,,
0021500346,361,4,0,3,9:20 PM,0:38,,,Stuckey REBOUND (Off:0 Def:2),,,5.0,201155,Rodney Stuckey,1610612754.0,Indiana,Pacers,IND,0,0,,,,,,0,0,,,,,
0021500346,362,1,79,3,9:20 PM,0:30,,,Stuckey 14' Pullup Jump Shot (8 PTS),77 - 102,25,5.0,201155,Rodney Stuckey,1610612754.0,Indiana,Pacers,IND,0,0,,,,,,0,0,,,,,
0021500346,363,2,43,3,9:20 PM,0:13,MISS Drummond 1' Alley Oop Layup,,,,,4.0,203083,Andre Drummond,1610612765.0,Detroit,Pistons,DET,0,0,,,,,,0,0,,,,,
0021500346,364,4,0,3,9:20 PM,0:12,,,Hill REBOUND (Off:0 Def:2),,,5.0,201941,Jordan Hill,1610612754.0,Indiana,Pacers,IND,0,0,,,,,,0,0,,,,,
0021500346,365,1,42,3,9:20 PM,0:08,,,Stuckey 1' Driving Layup (10 PTS) (George 3 AST),79 - 102,23,5.0,201155,Rodney Stuckey,1610612754.0,Indiana,Pacers,IND,5,202331,Paul George,1610612754.0,Indiana,Pacers,IND,0,0,,,,,
0021500346,366,2,1,3,9:20 PM,0:01,MISS Caldwell-Pope 26' 3PT Jump Shot,,,,,4.0,203484,Kentavious Caldwell-Pope,1610612765.0,Detroit,Pistons,DET,0,0,,,,,,0,0,,,,,
0021500346,367,4,0,3,9:20 PM,0:00,PISTONS Rebound,,,,,2.0,1610612765,,,,,,0,0,,,,,,0,0,,,,,
0021500346,369,13,0,3,9:21 PM,0:00,,,,79 - 102,23,0.0,0,,,,,,0,0,,,,,,0,0,,,,,
0021500346,371,12,0,4,9:23 PM,12:00,,,,79 - 102,23,0.0,0,,,,,,0,0,,,,,,0,0,,,,,
0021500346,372,6,4,4,9:24 PM,11:49,Johnson OFF.Foul (P2) (D.Stafford),,,,,4.0,1626169,Stanley Johnson,1610612765.0,Detroit,Pistons,DET,5,202331,Paul George,1610612754.0,Indiana,Pacers,IND,1,0,,,,,
0021500346,373,5,5,4,9:24 PM,11:49,Johnson Foul Turnover (P2.T10),,,,,4.0,1626169,Stanley Johnson,1610612765.0,Detroit,Pistons,DET,0,0,,,,,,1,0,,,,,
0021500346,374,6,1,4,9:24 PM,11:42,Johnson P.FOUL (P3.T1) (K.Scott),,,,,4.0,1626169,Stanley Johnson,1610612765.0,Detroit,Pistons,DET,5,202331,Paul George,1610612754.0,Indiana,Pacers,IND,1,0,,,,,
0021500346,375,2,5,4,9:24 PM,11:36,Baynes BLOCK (1 BLK),,MISS Allen 1' Layup,,,5.0,202730,Lavoy Allen,1610612754.0,Indiana,Pacers,IND,0,0,,,,,,4,203382,Aron Baynes,1610612765.0,Detroit,Pistons,DET
0021500346,376,4,0,4,9:24 PM,11:35,,,Allen REBOUND (Off:2 Def:1),,,5.0,202730,Lavoy Allen,1610612754.0,Indiana,Pacers,IND,0,0,,,,,,0,0,,,,,
0021500346,377,1,5,4,9:24 PM,11:33,,,Allen  Layup (2 PTS),81 - 102,21,5.0,202730,Lavoy Allen,1610612754.0,Indiana,Pacers,IND,0,0,,,,,,0,0,,,,,
0021500346,378,1,79,4,9:25 PM,11:20,Caldwell-Pope 18' Pullup Jump Shot (15 PTS) (Baynes 1 AST),,,81 - 104,23,4.0,203484,Kentavious Caldwell-Pope,1610612765.0,Detroit,Pistons,DET,4,203382,Aron Baynes,1610612765.0,Detroit,Pistons,DET,0,0,,,,,
0021500346,379,1,3,4,9:25 PM,11:04,,,Allen 6' Hook Shot (4 PTS),83 - 104,21,5.0,202730,Lavoy Allen,1610612754.0,Indiana,Pacers,IND,0,0,,,,,,0,0,,,,,
0021500346,380,2,1,4,9:25 PM,10:46,MISS Tolliver 27' 3PT Jump Shot,,,,,4.0,201229,Anthony Tolliver,1610612765.0,Detroit,Pistons,DET,0,0,,,,,,0,0,,,,,
0021500346,381,4,0,4,9:25 PM,10:45,,,Hill REBOUND (Off:0 Def:3),,,5.0,201941,Jordan Hill,1610612754.0,Indiana,Pacers,IND,0,0,,,,,,0,0,,,,,
0021500346,382,1,1,4,9:25 PM,10:34,,,Hill 18' Jump Shot (6 PTS) (G. Hill 2 AST),85 - 104,19,5.0,201941,Jordan Hill,1610612754.0,Indiana,Pacers,IND,5,201588,George Hill,1610612754.0,Indiana,Pacers,IND,0,0,,,,,
0021500346,383,1,42,4,9:26 PM,10:22,Blake  Driving Layup (11 PTS),,,85 - 106,21,4.0,2581,Steve Blake,1610612765.0,Detroit,Pistons,DET,0,0,,,,,,0,0,,,,,
0021500346,384,2,1,4,9:26 PM,10:04,,,MISS G. Hill 13' Jump Shot,,,5.0,201588,George Hill,1610612754.0,Indiana,Pacers,IND,0,0,,,,,,0,0,,,,,
0021500346,385,4,0,4,9:26 PM,10:04,Tolliver REBOUND (Off:0 Def:1),,,,,4.0,201229,Anthony Tolliver,1610612765.0,Detroit,Pistons,DET,0,0,,,,,,0,0,,,,,
0021500346,386,2,5,4,9:26 PM,9:45,MISS Caldwell-Pope 1' Layup,,,,,4.0,203484,Kentavious Caldwell-Pope,1610612765.0,Detroit,Pistons,DET,0,0,,,,,,0,0,,,,,
0021500346,387,4,0,4,9:26 PM,9:45,Baynes REBOUND (Off:1 Def:2),,,,,4.0,203382,Aron Baynes,1610612765.0,Detroit,Pistons,DET,0,0,,,,,,0,0,,,,,
0021500346,388,2,5,4,9:26 PM,9:41,MISS Baynes 1' Layup,,,,,4.0,203382,Aron Baynes,1610612765.0,Detroit,Pistons,DET,0,0,,,,,,0,0,,,,,
0021500346,389,4,0,4,9:26 PM,9:41,,,G. Hill REBOUND (Off:0 Def:6),,,5.0,201588,George Hill,1610612754.0,Indiana,Pacers,IND,0,0,,,,,,0,0,,,,,
0021500346,390,1,1,4,9:26 PM,9:35,,,Hill 17' Jump Shot (8 PTS) (G. Hill 3 AST),87 - 106,19,5.0,201941,Jordan Hill,1610612754.0,Indiana,Pacers,IND,5,201588,George Hill,1610612754.0,Indiana,Pacers,IND,0,0,,,,,
0021500346,392,2,1,4,9:27 PM,9:14,MISS Blake 24' 3PT Jump Shot,,,,,4.0,2581,Steve Blake,1610612765.0,Detroit,Pistons,DET,0,0,,,,,,0,0,,,,,
0021500346,393,4,0,4,9:27 PM,9:14,PISTONS Rebound,,,,,2.0,1610612765,,,,,,0,0,,,,,,0,0,,,,,
0021500346,394,1,42,4,9:27 PM,9:02,Johnson  Driving Layup (11 PTS),,,87 - 108,21,4.0,1626169,Stanley Johnson,1610612765.0,Detroit,Pistons,DET,0,0,,,,,,0,0,,,,,
0021500346,395,1,46,4,9:28 PM,8:47,,,G. Hill 14' Running Jump Shot (14 PTS),89 - 108,19,5.0,201588,George Hill,1610612754.0,Indiana,Pacers,IND,0,0,,,,,,0,0,,,,,
0021500346,396,6,4,4,9:28 PM,8:30,Baynes OFF.Foul (P2) (D.Stafford),,,,,4.0,203382,Aron Baynes,1610612765.0,Detroit,Pistons,DET,5,201588,George Hill,1610612754.0,Indiana,Pacers,IND,1,0,,,,,
0021500346,397,5,5,4,9:28 PM,8:30,Baynes Foul Turnover (P2.T11),,,,,4.0,203382,Aron Baynes,1610612765.0,Detroit,Pistons,DET,0,0,,,,,,1,0,,,,,
0021500346,398,9,4,4,9:28 PM,8:30,,,,,,1.0,0,,,,,,0,0,,,,,,0,0,,,,,
0021500346,401,2,1,4,9:31 PM,8:08,,,MISS Hill 4' Jump Shot,,,5.0,201941,Jordan Hill,1610612754.0,Indiana,Pacers,IND,0,0,,,,,,0,0,,,,,
0021500346,402,4,0,4,9:31 PM,8:07,Baynes REBOUND (Off:1 Def:3),,,,,4.0,203382,Aron Baynes,1610612765.0,Detroit,Pistons,DET,0,0,,,,,,0,0,,,,,
0021500346,404,2,1,4,9:31 PM,7:55,MISS Caldwell-Pope 17' Jump Shot,,,,,4.0,203484,Kentavious Caldwell-Pope,1610612765.0,Detroit,Pistons,DET,0,0,,,,,,0,0,,,,,
0021500346,405,4,0,4,9:31 PM,7:54,,,G. Hill REBOUND (Off:0 Def:7),,,5.0,201588,George Hill,1610612754.0,Indiana,Pacers,IND,0,0,,,,,,0,0,,,,,
0021500346,406,2,1,4,9:31 PM,7:47,,,MISS G. Hill 27' 3PT Jump Shot,,,5.0,201588,George Hill,1610612754.0,Indiana,Pacers,IND,0,0,,,,,,0,0,,,,,
0021500346,408,4,0,4,9:31 PM,7:47,Baynes REBOUND (Off:1 Def:4),,,,,4.0,203382,Aron Baynes,1610612765.0,Detroit,Pistons,DET,0,0,,,,,,0,0,,,,,
0021500346,409,1,7,4,9:32 PM,7:28,Baynes  Dunk (5 PTS) (Blake 3 AST),,,89 - 110,21,4.0,203382,Aron Baynes,1610612765.0,Detroit,Pistons,DET,4,2581,Steve Blake,1610612765.0,Detroit,Pistons,DET,0,0,,,,,
0021500346,410,2,1,4,9:32 PM,6:59,,,MISS Allen 16' Jump Shot,,,5.0,202730,Lavoy Allen,1610612754.0,Indiana,Pacers,IND,0,0,,,,,,0,0,,,,,
0021500346,411,4,0,4,9:32 PM,6:58,Caldwell-Pope REBOUND (Off:2 Def:5),,,,,4.0,203484,Kentavious Caldwell-Pope,1610612765.0,Detroit,Pistons,DET,0,0,,,,,,0,0,,,,,
0021500346,412,2,1,4,9:32 PM,6:45,MISS Johnson 26' 3PT Jump Shot,,,,,4.0,1626169,Stanley Johnson,1610612765.0,Detroit,Pistons,DET,0,0,,,,,,0,0,,,,,
0021500346,413,4,0,4,9:32 PM,6:44,,,Stuckey REBOUND (Off:0 Def:3),,,5.0,201155,Rodney Stuckey,1610612754.0,Indiana,Pacers,IND,0,0,,,,,,0,0,,,,,
0021500346,414,2,66,4,9:33 PM,6:33,,,MISS Stuckey 6' Jump Bank Shot,,,5.0,201155,Rodney Stuckey,1610612754.0,Indiana,Pacers,IND,0,0,,,,,,0,0,,,,,
0021500346,415,4,0,4,9:33 PM,6:32,Baynes REBOUND (Off:1 Def:5),,,,,4.0,203382,Aron Baynes,1610612765.0,Detroit,Pistons,DET,0,0,,,,,,0,0,,,,,
0021500346,416,2,1,4,9:33 PM,6:17,MISS Caldwell-Pope 19' Jump Shot,,,,,4.0,203484,Kentavious Caldwell-Pope,1610612765.0,Detroit,Pistons,DET,0,0,,,,,,0,0,,,,,
0021500346,417,4,0,4,9:33 PM,6:16,,,Hill REBOUND (Off:0 Def:4),,,5.0,201941,Jordan Hill,1610612754.0,Indiana,Pacers,IND,0,0,,,,,,0,0,,,,,
0021500346,418,2,1,4,9:33 PM,6:06,,,MISS George 26' 3PT Jump Shot,,,5.0,202331,Paul George,1610612754.0,Indiana,Pacers,IND,0,0,,,,,,0,0,,,,,
0021500346,419,4,0,4,9:33 PM,6:05,Tolliver REBOUND (Off:0 Def:2),,,,,4.0,201229,Anthony Tolliver,1610612765.0,Detroit,Pistons,DET,0,0,,,,,,0,0,,,,,
0021500346,420,1,1,4,9:33 PM,5:52,Caldwell-Pope 27' 3PT Jump Shot (18 PTS) (Blake 4 AST),,,89 - 113,24,4.0,203484,Kentavious Caldwell-Pope,1610612765.0,Detroit,Pistons,DET,4,2581,Steve Blake,1610612765.0,Detroit,Pistons,DET,0,0,,,,,
0021500346,421,2,1,4,9:34 PM,5:36,,,MISS G. Hill 26' 3PT Jump Shot,,,5.0,201588,George Hill,1610612754.0,Indiana,Pacers,IND,0,0,,,,,,0,0,,,,,
0021500346,422,4,0,4,9:34 PM,5:36,Johnson REBOUND (Off:0 Def:2),,,,,4.0,1626169,Stanley Johnson,1610612765.0,Detroit,Pistons,DET,0,0,,,,,,0,0,,,,,
0021500346,423,6,2,4,9:34 PM,5:30,,,Hill S.FOUL (P2.T1) (M.Lindsay),,,5.0,201941,Jordan Hill,1610612754.0,Indiana,Pacers,IND,4,203382,Aron Baynes,1610612765.0,Detroit,Pistons,DET,1,0,,,,,
0021500346,424,9,1,4,9:34 PM,5:30,PISTONS Timeout: Regular (Full 4 Short 0),,,,,2.0,1610612765,,,,,,0,0,,,,,,0,0,,,,,
0021500346,426,8,0,4,9:36 PM,5:30,,,SUB: Budinger FOR George,,,5.0,202331,Paul George,1610612754.0,Indiana,Pacers,IND,5,201978,Chase Budinger,1610612754.0,Indiana,Pacers,IND,0,0,,,,,
0021500346,427,8,0,4,9:36 PM,5:30,,,SUB: S. Hill FOR Stuckey,,,5.0,201155,Rodney Stuckey,1610612754.0,Indiana,Pacers,IND,5,203524,Solomon Hill,1610612754.0,Indiana,Pacers,IND,0,0,,,,,
0021500346,428,8,0,4,9:36 PM,5:30,,,SUB: Robinson III FOR Allen,,,5.0,202730,Lavoy Allen,1610612754.0,Indiana,Pacers,IND,5,203922,Glenn Robinson III,1610612754.0,Indiana,Pacers,IND,0,0,,,,,
0021500346,429,8,0,4,9:36 PM,5:30,SUB: Jackson FOR Johnson,,,,,4.0,1626169,Stanley Johnson,1610612765.0,Detroit,Pistons,DET,4,202704,Reggie Jackson,1610612765.0,Detroit,Pistons,DET,0,0,,,,,
0021500346,430,8,0,4,9:36 PM,5:30,SUB: Marc Morris FOR Blake,,,,,4.0,2581,Steve Blake,1610612765.0,Detroit,Pistons,DET,4,202694,Marcus Morris,1610612765.0,Detroit,Pistons,DET,0,0,,,,,
0021500346,431,3,11,4,9:37 PM,5:30,MISS Baynes Free Throw 1 of 2,,,,,4.0,203382,Aron Baynes,1610612765.0,Detroit,Pistons,DET,0,0,,,,,,0,0,,,,,
0021500346,432,4,1,4,9:37 PM,5:30,PISTONS Rebound,,,,,2.0,1610612765,,,,,,0,0,,,,,,0,0,,,,,
0021500346,433,3,12,4,9:37 PM,5:30,Baynes Free Throw 2 of 2 (6 PTS),,,89 - 114,25,4.0,203382,Aron Baynes,1610612765.0,Detroit,Pistons,DET,0,0,,,,,,0,0,,,,,
0021500346,435,2,1,4,9:37 PM,5:13,Caldwell-Pope BLOCK (1 BLK),,MISS Robinson III 25' 3PT Jump Shot,,,5.0,203922,Glenn Robinson III,1610612754.0,Indiana,Pacers,IND,0,0,,,,,,4,203484,Kentavious Caldwell-Pope,1610612765.0,Detroit,Pistons,DET
0021500346,436,4,0,4,9:37 PM,5:11,Tolliver REBOUND (Off:0 Def:3),,,,,4.0,201229,Anthony Tolliver,1610612765.0,Detroit,Pistons,DET,0,0,,,,,,0,0,,,,,
0021500346,437,2,1,4,9:38 PM,4:51,MISS Jackson 20' Jump Shot,,,,,4.0,202704,Reggie Jackson,1610612765.0,Detroit,Pistons,DET,0,0,,,,,,0,0,,,,,
0021500346,438,4,0,4,9:38 PM,4:51,,,Robinson III REBOUND (Off:0 Def:1),,,5.0,203922,Glenn Robinson III,1610612754.0,Indiana,Pacers,IND,0,0,,,,,,0,0,,,,,
0021500346,439,1,42,4,9:38 PM,4:44,,,Robinson III 1' Driving Layup (7 PTS),91 - 114,23,5.0,203922,Glenn Robinson III,1610612754.0,Indiana,Pacers,IND,0,0,,,,,,0,0,,,,,
0021500346,440,2,1,4,9:38 PM,4:24,MISS Marc Morris 14' Jump Shot,,,,,4.0,202694,Marcus Morris,1610612765.0,Detroit,Pistons,DET,0,0,,,,,,0,0,,,,,
0021500346,441,4,0,4,9:38 PM,4:24,Baynes REBOUND (Off:2 Def:5),,,,,4.0,203382,Aron Baynes,1610612765.0,Detroit,Pistons,DET,0,0,,,,,,0,0,,,,,
0021500346,442,2,1,4,9:38 PM,4:00,MISS Jackson 18' Jump Shot,,,,,4.0,202704,Reggie Jackson,1610612765.0,Detroit,Pistons,DET,0,0,,,,,,0,0,,,,,
0021500346,443,4,0,4,9:38 PM,4:00,,,Pacers Rebound,,,3.0,1610612754,,,,,,0,0,,,,,,0,0,,,,,
0021500346,444,8,0,4,9:39 PM,4:00,SUB: Drummond FOR Baynes,,,,,4.0,203382,Aron Baynes,1610612765.0,Detroit,Pistons,DET,4,203083,Andre Drummond,1610612765.0,Detroit,Pistons,DET,0,0,,,,,
0021500346,446,2,1,4,9:39 PM,3:37,,,MISS Budinger 13' Jump Shot,,,5.0,201978,Chase Budinger,1610612754.0,Indiana,Pacers,IND,0,0,,,,,,0,0,,,,,
0021500346,448,4,0,4,9:39 PM,3:36,,,G. Hill REBOUND (Off:1 Def:7),,,5.0,201588,George Hill,1610612754.0,Indiana,Pacers,IND,0,0,,,,,,0,0,,,,,
0021500346,447,2,5,4,9:39 PM,3:36,,,MISS G. Hill 3' Layup,,,5.0,201588,George Hill,1610612754.0,Indiana,Pacers,IND,0,0,,,,,,0,0,,,,,
0021500346,449,4,0,4,9:39 PM,3:35,,,Hill REBOUND (Off:1 Def:4),,,5.0,201941,Jordan Hill,1610612754.0,Indiana,Pacers,IND,0,0,,,,,,0,0,,,,,
0021500346,450,5,1,4,9:39 PM,3:32,Drummond STEAL (1 STL),,Hill Bad Pass Turnover (P2.T14),,,5.0,201941,Jordan Hill,1610612754.0,Indiana,Pacers,IND,4,203083,Andre Drummond,1610612765.0,Detroit,Pistons,DET,0,0,,,,,
0021500346,451,1,44,4,9:40 PM,3:28,Tolliver  Reverse Layup (5 PTS) (Jackson 9 AST),,,91 - 116,25,4.0,201229,Anthony Tolliver,1610612765.0,Detroit,Pistons,DET,4,202704,Reggie Jackson,1610612765.0,Detroit,Pistons,DET,0,0,,,,,
0021500346,453,8,0,4,9:40 PM,3:23,SUB: Bullock FOR Marc Morris,,,,,4.0,202694,Marcus Morris,1610612765.0,Detroit,Pistons,DET,4,203493,Reggie Bullock,1610612765.0,Detroit,Pistons,DET,0,0,,,,,
0021500346,454,8,0,4,9:40 PM,3:23,SUB: Hilliard FOR Caldwell-Pope,,,,,4.0,203484,Kentavious Caldwell-Pope,1610612765.0,Detroit,Pistons,DET,4,1626199,Darrun Hilliard,1610612765.0,Detroit,Pistons,DET,0,0,,,,,
0021500346,455,8,0,4,9:40 PM,3:23,SUB: Dinwiddie FOR Jackson,,,,,4.0,202704,Reggie Jackson,1610612765.0,Detroit,Pistons,DET,4,203915,Spencer Dinwiddie,1610612765.0,Detroit,Pistons,DET,0,0,,,,,
0021500346,456,9,1,4,9:40 PM,3:23,,,Pacers Timeout: Regular (Reg.4 Short 2),,,3.0,1610612754,,,,,,0,0,,,,,,0,0,,,,,
0021500346,458,8,0,4,9:42 PM,3:23,SUB: Johnson FOR Drummond,,,,,4.0,203083,Andre Drummond,1610612765.0,Detroit,Pistons,DET,4,1626169,Stanley Johnson,1610612765.0,Detroit,Pistons,DET,0,0,,,,,
0021500346,459,8,0,4,9:42 PM,3:23,SUB: Anthony FOR Tolliver,,,,,4.0,201229,Anthony Tolliver,1610612765.0,Detroit,Pistons,DET,4,201202,Joel Anthony,1610612765.0,Detroit,Pistons,DET,0,0,,,,,
0021500346,460,8,0,4,9:42 PM,3:23,,,SUB: Allen FOR G. Hill,,,5.0,201588,George Hill,1610612754.0,Indiana,Pacers,IND,5,202730,Lavoy Allen,1610612754.0,Indiana,Pacers,IND,0,0,,,,,
0021500346,461,2,1,4,9:43 PM,3:11,,,MISS Budinger 24' 3PT Jump Shot,,,5.0,201978,Chase Budinger,1610612754.0,Indiana,Pacers,IND,0,0,,,,,,0,0,,,,,
0021500346,462,4,0,4,9:43 PM,3:10,Anthony REBOUND (Off:0 Def:1),,,,,4.0,201202,Joel Anthony,1610612765.0,Detroit,Pistons,DET,0,0,,,,,,0,0,,,,,
0021500346,464,2,1,4,9:43 PM,2:48,MISS Johnson 27' 3PT Jump Shot,,,,,4.0,1626169,Stanley Johnson,1610612765.0,Detroit,Pistons,DET,0,0,,,,,,0,0,,,,,
0021500346,465,4,0,4,9:43 PM,2:48,,,Robinson III REBOUND (Off:0 Def:2),,,5.0,203922,Glenn Robinson III,1610612754.0,Indiana,Pacers,IND,0,0,,,,,,0,0,,,,,
0021500346,466,2,1,4,9:43 PM,2:37,,,MISS S. Hill 28' 3PT Jump Shot,,,5.0,203524,Solomon Hill,1610612754.0,Indiana,Pacers,IND,0,0,,,,,,0,0,,,,,
0021500346,467,4,0,4,9:43 PM,2:36,Johnson REBOUND (Off:0 Def:3),,,,,4.0,1626169,Stanley Johnson,1610612765.0,Detroit,Pistons,DET,0,0,,,,,,0,0,,,,,
0021500346,468,2,1,4,9:44 PM,2:22,MISS Hilliard 12' Jump Shot,,,,,4.0,1626199,Darrun Hilliard,1610612765.0,Detroit,Pistons,DET,0,0,,,,,,0,0,,,,,
0021500346,469,4,0,4,9:44 PM,2:22,,,Hill REBOUND (Off:1 Def:5),,,5.0,201941,Jordan Hill,1610612754.0,Indiana,Pacers,IND,0,0,,,,,,0,0,,,,,
0021500346,470,5,1,4,9:44 PM,2:22,Johnson STEAL (3 STL),,Hill Bad Pass Turnover (P3.T15),,,5.0,201941,Jordan Hill,1610612754.0,Indiana,Pacers,IND,4,1626169,Stanley Johnson,1610612765.0,Detroit,Pistons,DET,0,0,,,,,
0021500346,471,5,1,4,9:44 PM,2:20,Johnson Bad Pass Turnover (P3.T12),,Allen STEAL (3 STL),,,4.0,1626169,Stanley Johnson,1610612765.0,Detroit,Pistons,DET,5,202730,Lavoy Allen,1610612754.0,Indiana,Pacers,IND,0,0,,,,,
0021500346,472,6,2,4,9:44 PM,2:06,Anthony S.FOUL (P1.T2) (D.Stafford),,,,,4.0,201202,Joel Anthony,1610612765.0,Detroit,Pistons,DET,5,201978,Chase Budinger,1610612754.0,Indiana,Pacers,IND,1,0,,,,,
0021500346,473,3,11,4,9:44 PM,2:06,,,MISS Budinger Free Throw 1 of 2,,,5.0,201978,Chase Budinger,1610612754.0,Indiana,Pacers,IND,0,0,,,,,,0,0,,,,,
0021500346,474,4,1,4,9:44 PM,2:06,,,Pacers Rebound,,,3.0,1610612754,,,,,,0,0,,,,,,0,0,,,,,
0021500346,475,3,12,4,9:44 PM,2:06,,,Budinger Free Throw 2 of 2 (9 PTS),92 - 116,24,5.0,201978,Chase Budinger,1610612754.0,Indiana,Pacers,IND,0,0,,,,,,0,0,,,,,
0021500346,477,5,4,4,9:45 PM,1:55,Hilliard Traveling Turnover (P1.T13),,,,,4.0,1626199,Darrun Hilliard,1610612765.0,Detroit,Pistons,DET,0,0,,,,,,1,0,,,,,
0021500346,478,5,1,4,9:45 PM,1:40,Anthony STEAL (1 STL),,Budinger Bad Pass Turnover (P1.T16),,,5.0,201978,Chase Budinger,1610612754.0,Indiana,Pacers,IND,4,201202,Joel Anthony,1610612765.0,Detroit,Pistons,DET,0,0,,,,,
0021500346,479,2,1,4,9:46 PM,1:16,MISS Hilliard 26' 3PT Jump Shot,,,,,4.0,1626199,Darrun Hilliard,1610612765.0,Detroit,Pistons,DET,0,0,,,,,,0,0,,,,,
0021500346,480,4,0,4,9:46 PM,1:16,,,Hill REBOUND (Off:1 Def:6),,,5.0,201941,Jordan Hill,1610612754.0,Indiana,Pacers,IND,0,0,,,,,,0,0,,,,,
0021500346,481,1,1,4,9:46 PM,1:08,,,S. Hill 16' Jump Shot (2 PTS),94 - 116,22,5.0,203524,Solomon Hill,1610612754.0,Indiana,Pacers,IND,0,0,,,,,,0,0,,,,,
0021500346,482,6,4,4,9:46 PM,0:52,Johnson OFF.Foul (P4) (M.Lindsay),,,,,4.0,1626169,Stanley Johnson,1610612765.0,Detroit,Pistons,DET,5,201978,Chase Budinger,1610612754.0,Indiana,Pacers,IND,1,0,,,,,
0021500346,483,5,5,4,9:46 PM,0:52,Johnson Foul Turnover (P4.T14),,,,,4.0,1626169,Stanley Johnson,1610612765.0,Detroit,Pistons,DET,0,0,,,,,,1,0,,,,,
0021500346,484,2,1,4,9:47 PM,0:38,,,MISS Budinger 18' Jump Shot,,,5.0,201978,Chase Budinger,1610612754.0,Indiana,Pacers,IND,0,0,,,,,,0,0,,,,,
0021500346,485,4,0,4,9:47 PM,0:37,Johnson REBOUND (Off:0 Def:4),,,,,4.0,1626169,Stanley Johnson,1610612765.0,Detroit,Pistons,DET,0,0,,,,,,0,0,,,,,
0021500346,486,1,42,4,9:47 PM,0:29,Hilliard  Driving Layup (2 PTS),,,94 - 118,24,4.0,1626199,Darrun Hilliard,1610612765.0,Detroit,Pistons,DET,0,0,,,,,,0,0,,,,,
0021500346,487,1,1,4,9:47 PM,0:10,,,S. Hill 19' Jump Shot (4 PTS),96 - 118,22,5.0,203524,Solomon Hill,1610612754.0,Indiana,Pacers,IND,0,0,,,,,,0,0,,,,,
0021500346,488,13,0,4,9:47 PM,0:00,,,,96 - 118,22,0.0,0,,,,,,0,0,,,,,,0,0,,,,,
