GAME_ID,EVENTNUM,EVENTMSGTYPE,EVENTMSGACTIONTYPE,PERIOD,WCTIMESTRING,PCTIMESTRING,HOMEDESCRIPTION,NEUTRALDESCRIPTION,VISITORDESCRIPTION,SCORE,SCOREMARGIN,PERSON1TYPE,PLAYER1_ID,PLAYER1_NAME,PLAYER1_TEAM_ID,PLAYER1_TEAM_CITY,PLAYER1_TEAM_NICKNAME,PLAYER1_TEAM_ABBREVIATION,PERSON2TYPE,PLAYER2_ID,PLAYER2_NAME,PLAYER2_TEAM_ID,PLAYER2_TEAM_CITY,PLAYER2_TEAM_NICKNAME,PLAYER2_TEAM_ABBREVIATION,PERSON3TYPE,PLAYER3_ID,PLAYER3_NAME,PLAYER3_TEAM_ID,PLAYER3_TEAM_CITY,PLAYER3_TEAM_NICKNAME,PLAYER3_TEAM_ABBREVIATION
0021500483,0,12,0,1,10:11 PM,12:00,,,,,,0.0,0,,,,,,0,0,,,,,,0,0,,,,,
0021500483,1,10,0,1,10:11 PM,12:00,Jump Ball Cousins vs. Noel: Tip to Rondo,,,,,4.0,202326,DeMarcus Cousins,1610612758.0,Sacramento,Kings,SAC,5,203457,Nerlens Noel,1610612755.0,Philadelphia,76ers,PHI,4,200765,Rajon Rondo,1610612758.0,Sacramento,Kings,SAC
0021500483,2,5,1,1,10:11 PM,11:45,Cousins Bad Pass Turnover (P1.T1),,Smith STEAL (1 STL),,,4.0,202326,DeMarcus Cousins,1610612758.0,Sacramento,Kings,SAC,5,202397,Ish Smith,1610612755.0,Philadelphia,76ers,PHI,0,0,,,,,
0021500483,3,1,98,1,10:11 PM,11:38,,,Grant 2' Cutting Layup Shot (2 PTS) (Smith 1 AST),2 - 0,-2,5.0,203924,Jerami Grant,1610612755.0,Philadelphia,76ers,PHI,5,202397,Ish Smith,1610612755.0,Philadelphia,76ers,PHI,0,0,,,,,
0021500483,4,2,1,1,10:11 PM,11:27,MISS Cousins 4' Jump Shot,,,,,4.0,202326,DeMarcus Cousins,1610612758.0,Sacramento,Kings,SAC,0,0,,,,,,0,0,,,,,
0021500483,6,4,0,1,10:11 PM,11:26,Cousins REBOUND (Off:1 Def:0),,,,,4.0,202326,DeMarcus Cousins,1610612758.0,Sacramento,Kings,SAC,0,0,,,,,,0,0,,,,,
0021500483,5,1,97,1,10:11 PM,11:26,Cousins 2' Tip Layup Shot (2 PTS),,,2 - 2,TIE,4.0,202326,DeMarcus Cousins,1610612758.0,Sacramento,Kings,SAC,0,0,,,,,,0,0,,,,,
0021500483,7,1,1,1,10:12 PM,11:03,,,Smith 17' Jump Shot (2 PTS),4 - 2,-2,5.0,202397,Ish Smith,1610612755.0,Philadelphia,76ers,PHI,0,0,,,,,,0,0,,,,,
0021500483,9,1,7,1,10:12 PM,10:45,Cousins  Dunk (4 PTS) (McLemore 1 AST),,,4 - 4,TIE,4.0,202326,DeMarcus Cousins,1610612758.0,Sacramento,Kings,SAC,4,203463,Ben McLemore,1610612758.0,Sacramento,Kings,SAC,0,0,,,,,
0021500483,10,2,1,1,10:12 PM,10:35,,,MISS Canaan  3PT Jump Shot,,,5.0,203477,Isaiah Canaan,1610612755.0,Philadelphia,76ers,PHI,0,0,,,,,,0,0,,,,,
0021500483,11,4,0,1,10:12 PM,10:34,Gay REBOUND (Off:0 Def:1),,,,,4.0,200752,Rudy Gay,1610612758.0,Sacramento,Kings,SAC,0,0,,,,,,0,0,,,,,
0021500483,12,5,2,1,10:13 PM,10:29,Casspi Lost Ball Turnover (P1.T2),,Canaan STEAL (1 STL),,,4.0,201956,Omri Casspi,1610612758.0,Sacramento,Kings,SAC,5,203477,Isaiah Canaan,1610612755.0,Philadelphia,76ers,PHI,0,0,,,,,
0021500483,13,2,1,1,10:13 PM,10:18,,,MISS Sampson  3PT Jump Shot,,,5.0,203960,JaKarr Sampson,1610612755.0,Philadelphia,76ers,PHI,0,0,,,,,,0,0,,,,,
0021500483,14,4,0,1,10:13 PM,10:17,,,Grant REBOUND (Off:1 Def:0),,,5.0,203924,Jerami Grant,1610612755.0,Philadelphia,76ers,PHI,0,0,,,,,,0,0,,,,,
0021500483,15,1,42,1,10:13 PM,10:13,,,Smith 2' Driving Layup (4 PTS),6 - 4,-2,5.0,202397,Ish Smith,1610612755.0,Philadelphia,76ers,PHI,0,0,,,,,,0,0,,,,,
0021500483,16,2,5,1,10:13 PM,10:02,MISS Gay 2' Layup,,Sampson BLOCK (1 BLK),,,4.0,200752,Rudy Gay,1610612758.0,Sacramento,Kings,SAC,0,0,,,,,,5,203960,JaKarr Sampson,1610612755.0,Philadelphia,76ers,PHI
0021500483,17,4,0,1,10:13 PM,10:01,,,Smith REBOUND (Off:0 Def:1),,,5.0,202397,Ish Smith,1610612755.0,Philadelphia,76ers,PHI,0,0,,,,,,0,0,,,,,
0021500483,18,2,46,1,10:13 PM,9:56,,,MISS Smith 8' Running Jump Shot,,,5.0,202397,Ish Smith,1610612755.0,Philadelphia,76ers,PHI,0,0,,,,,,0,0,,,,,
0021500483,20,4,0,1,10:13 PM,9:55,,,Sampson REBOUND (Off:1 Def:0),,,5.0,203960,JaKarr Sampson,1610612755.0,Philadelphia,76ers,PHI,0,0,,,,,,0,0,,,,,
0021500483,19,2,97,1,10:13 PM,9:55,,,MISS Sampson 3' Tip Layup Shot,,,5.0,203960,JaKarr Sampson,1610612755.0,Philadelphia,76ers,PHI,0,0,,,,,,0,0,,,,,
0021500483,21,4,0,1,10:13 PM,9:55,McLemore REBOUND (Off:0 Def:1),,,,,4.0,203463,Ben McLemore,1610612758.0,Sacramento,Kings,SAC,0,0,,,,,,0,0,,,,,
0021500483,22,2,5,1,10:13 PM,9:49,MISS Casspi 2' Layup,,,,,4.0,201956,Omri Casspi,1610612758.0,Sacramento,Kings,SAC,0,0,,,,,,0,0,,,,,
0021500483,23,4,0,1,10:13 PM,9:48,Casspi REBOUND (Off:1 Def:0),,,,,4.0,201956,Omri Casspi,1610612758.0,Sacramento,Kings,SAC,0,0,,,,,,0,0,,,,,
0021500483,24,1,1,1,10:13 PM,9:42,McLemore 25' 3PT Jump Shot (3 PTS),,,6 - 7,1,4.0,203463,Ben McLemore,1610612758.0,Sacramento,Kings,SAC,0,0,,,,,,0,0,,,,,
0021500483,25,2,1,1,10:14 PM,9:20,,,MISS Canaan 25' 3PT Jump Shot,,,5.0,203477,Isaiah Canaan,1610612755.0,Philadelphia,76ers,PHI,0,0,,,,,,0,0,,,,,
0021500483,26,4,0,1,10:14 PM,9:19,Gay REBOUND (Off:0 Def:2),,,,,4.0,200752,Rudy Gay,1610612758.0,Sacramento,Kings,SAC,0,0,,,,,,0,0,,,,,
0021500483,27,7,5,1,10:14 PM,9:07,,,Noel Violation:Kicked Ball (B.Nansel),,,5.0,203457,Nerlens Noel,1610612755.0,Philadelphia,76ers,PHI,0,0,,,,,,1,0,,,,,
0021500483,28,1,3,1,10:14 PM,8:59,Cousins 5' Hook Shot (6 PTS) (Rondo 1 AST),,,6 - 9,3,4.0,202326,DeMarcus Cousins,1610612758.0,Sacramento,Kings,SAC,4,200765,Rajon Rondo,1610612758.0,Sacramento,Kings,SAC,0,0,,,,,
0021500483,29,5,40,1,10:14 PM,8:51,,,Sampson Out of Bounds Lost Ball Turnover (P1.T1),,,5.0,203960,JaKarr Sampson,1610612755.0,Philadelphia,76ers,PHI,0,0,,,,,,0,0,,,,,
0021500483,30,6,2,1,10:15 PM,8:41,,,Sampson S.FOUL (P1.T1) (S.Wall),,,5.0,203960,JaKarr Sampson,1610612755.0,Philadelphia,76ers,PHI,4,200765,Rajon Rondo,1610612758.0,Sacramento,Kings,SAC,1,0,,,,,
0021500483,31,3,11,1,10:15 PM,8:41,MISS Rondo Free Throw 1 of 2,,,,,4.0,200765,Rajon Rondo,1610612758.0,Sacramento,Kings,SAC,0,0,,,,,,0,0,,,,,
0021500483,32,4,1,1,10:15 PM,8:41,KINGS Rebound,,,,,2.0,1610612758,,,,,,0,0,,,,,,0,0,,,,,
0021500483,33,3,12,1,10:15 PM,8:41,MISS Rondo Free Throw 2 of 2,,,,,4.0,200765,Rajon Rondo,1610612758.0,Sacramento,Kings,SAC,0,0,,,,,,0,0,,,,,
0021500483,35,4,0,1,10:15 PM,8:40,,,Canaan REBOUND (Off:0 Def:1),,,5.0,203477,Isaiah Canaan,1610612755.0,Philadelphia,76ers,PHI,0,0,,,,,,0,0,,,,,
0021500483,36,6,2,1,10:16 PM,8:35,McLemore S.FOUL (P1.T1) (S.Wall),,,,,4.0,203463,Ben McLemore,1610612758.0,Sacramento,Kings,SAC,5,202397,Ish Smith,1610612755.0,Philadelphia,76ers,PHI,1,0,,,,,
0021500483,37,3,11,1,10:16 PM,8:35,,,Smith Free Throw 1 of 2 (5 PTS),7 - 9,2,5.0,202397,Ish Smith,1610612755.0,Philadelphia,76ers,PHI,0,0,,,,,,0,0,,,,,
0021500483,39,3,12,1,10:16 PM,8:35,,,MISS Smith Free Throw 2 of 2,,,5.0,202397,Ish Smith,1610612755.0,Philadelphia,76ers,PHI,0,0,,,,,,0,0,,,,,
0021500483,41,4,0,1,10:16 PM,8:34,Gay REBOUND (Off:0 Def:3),,,,,4.0,200752,Rudy Gay,1610612758.0,Sacramento,Kings,SAC,0,0,,,,,,0,0,,,,,
0021500483,42,1,1,1,10:16 PM,8:20,Cousins 21' Jump Shot (8 PTS) (Rondo 2 AST),,,7 - 11,4,4.0,202326,DeMarcus Cousins,1610612758.0,Sacramento,Kings,SAC,4,200765,Rajon Rondo,1610612758.0,Sacramento,Kings,SAC,0,0,,,,,
0021500483,43,1,7,1,10:16 PM,8:11,,,Noel  Dunk (2 PTS) (Smith 2 AST),9 - 11,2,5.0,203457,Nerlens Noel,1610612755.0,Philadelphia,76ers,PHI,5,202397,Ish Smith,1610612755.0,Philadelphia,76ers,PHI,0,0,,,,,
0021500483,44,6,2,1,10:16 PM,8:11,Gay S.FOUL (P1.T2) (J.Capers),,,,,4.0,200752,Rudy Gay,1610612758.0,Sacramento,Kings,SAC,5,203457,Nerlens Noel,1610612755.0,Philadelphia,76ers,PHI,1,0,,,,,
0021500483,45,3,10,1,10:17 PM,8:11,,,MISS Noel Free Throw 1 of 1,,,5.0,203457,Nerlens Noel,1610612755.0,Philadelphia,76ers,PHI,0,0,,,,,,0,0,,,,,
0021500483,47,4,0,1,10:17 PM,8:09,Casspi REBOUND (Off:1 Def:1),,,,,4.0,201956,Omri Casspi,1610612758.0,Sacramento,Kings,SAC,0,0,,,,,,0,0,,,,,
0021500483,48,2,1,1,10:18 PM,7:46,MISS Rondo 25' 3PT Jump Shot,,Smith BLOCK (1 BLK),,,4.0,200765,Rajon Rondo,1610612758.0,Sacramento,Kings,SAC,0,0,,,,,,5,202397,Ish Smith,1610612755.0,Philadelphia,76ers,PHI
0021500483,49,4,0,1,10:18 PM,7:44,,,Sampson REBOUND (Off:1 Def:1),,,5.0,203960,JaKarr Sampson,1610612755.0,Philadelphia,76ers,PHI,0,0,,,,,,0,0,,,,,
0021500483,50,2,1,1,10:18 PM,7:40,,,MISS Sampson 4' Jump Shot,,,5.0,203960,JaKarr Sampson,1610612755.0,Philadelphia,76ers,PHI,0,0,,,,,,0,0,,,,,
0021500483,52,4,0,1,10:18 PM,7:39,,,Grant REBOUND (Off:2 Def:0),,,5.0,203924,Jerami Grant,1610612755.0,Philadelphia,76ers,PHI,0,0,,,,,,0,0,,,,,
0021500483,51,2,5,1,10:18 PM,7:39,,,MISS Grant 2' Layup,,,5.0,203924,Jerami Grant,1610612755.0,Philadelphia,76ers,PHI,0,0,,,,,,0,0,,,,,
0021500483,53,4,0,1,10:18 PM,7:38,,,Sampson REBOUND (Off:2 Def:1),,,5.0,203960,JaKarr Sampson,1610612755.0,Philadelphia,76ers,PHI,0,0,,,,,,0,0,,,,,
0021500483,54,2,45,1,10:18 PM,7:36,,,MISS Sampson 7' Jump Shot,,,5.0,203960,JaKarr Sampson,1610612755.0,Philadelphia,76ers,PHI,0,0,,,,,,0,0,,,,,
0021500483,55,4,0,1,10:18 PM,7:35,Cousins REBOUND (Off:1 Def:1),,,,,4.0,202326,DeMarcus Cousins,1610612758.0,Sacramento,Kings,SAC,0,0,,,,,,0,0,,,,,
0021500483,56,2,1,1,10:19 PM,7:20,MISS McLemore 25' 3PT Jump Shot,,,,,4.0,203463,Ben McLemore,1610612758.0,Sacramento,Kings,SAC,0,0,,,,,,0,0,,,,,
0021500483,57,4,0,1,10:19 PM,7:19,,,Noel REBOUND (Off:0 Def:1),,,5.0,203457,Nerlens Noel,1610612755.0,Philadelphia,76ers,PHI,0,0,,,,,,0,0,,,,,
0021500483,58,6,1,1,10:19 PM,7:15,McLemore P.FOUL (P2.T3) (B.Nansel),,,,,4.0,203463,Ben McLemore,1610612758.0,Sacramento,Kings,SAC,5,202397,Ish Smith,1610612755.0,Philadelphia,76ers,PHI,1,0,,,,,
0021500483,59,5,2,1,10:19 PM,6:58,Rondo STEAL (1 STL),,Sampson Lost Ball Turnover (P2.T2),,,5.0,203960,JaKarr Sampson,1610612755.0,Philadelphia,76ers,PHI,4,200765,Rajon Rondo,1610612758.0,Sacramento,Kings,SAC,0,0,,,,,
0021500483,60,5,40,1,10:19 PM,6:53,McLemore Out of Bounds Lost Ball Turnover (P1.T3),,,,,4.0,203463,Ben McLemore,1610612758.0,Sacramento,Kings,SAC,0,0,,,,,,0,0,,,,,
0021500483,61,2,1,1,10:20 PM,6:38,,,MISS Noel 7' Jump Shot,,,5.0,203457,Nerlens Noel,1610612755.0,Philadelphia,76ers,PHI,0,0,,,,,,0,0,,,,,
0021500483,63,4,0,1,10:20 PM,6:36,,,Sampson REBOUND (Off:3 Def:1),,,5.0,203960,JaKarr Sampson,1610612755.0,Philadelphia,76ers,PHI,0,0,,,,,,0,0,,,,,
0021500483,62,1,97,1,10:20 PM,6:36,,,Sampson 2' Tip Layup Shot (2 PTS),11 - 11,TIE,5.0,203960,JaKarr Sampson,1610612755.0,Philadelphia,76ers,PHI,0,0,,,,,,0,0,,,,,
0021500483,64,6,26,1,10:20 PM,6:32,Gay Offensive Charge Foul (P2.T4) (B.Nansel),,,,,4.0,200752,Rudy Gay,1610612758.0,Sacramento,Kings,SAC,5,203457,Nerlens Noel,1610612755.0,Philadelphia,76ers,PHI,1,0,,,,,
0021500483,65,5,5,1,10:20 PM,6:32,Gay Foul Turnover (P1.T4),,,,,4.0,200752,Rudy Gay,1610612758.0,Sacramento,Kings,SAC,0,0,,,,,,1,0,,,,,
0021500483,66,9,1,1,10:20 PM,6:32,,,76ers Timeout: Regular (Reg.1 Short 0),,,3.0,1610612755,,,,,,0,0,,,,,,0,0,,,,,
0021500483,68,8,0,1,10:22 PM,6:32,,,SUB: Stauskas FOR Sampson,,,5.0,203960,JaKarr Sampson,1610612755.0,Philadelphia,76ers,PHI,5,203917,Nik Stauskas,1610612755.0,Philadelphia,76ers,PHI,0,0,,,,,
0021500483,69,1,52,1,10:23 PM,6:21,,,Noel  Alley Oop Dunk (4 PTS) (Smith 3 AST),13 - 11,-2,5.0,203457,Nerlens Noel,1610612755.0,Philadelphia,76ers,PHI,5,202397,Ish Smith,1610612755.0,Philadelphia,76ers,PHI,0,0,,,,,
0021500483,70,1,1,1,10:23 PM,6:02,McLemore 24' 3PT Jump Shot (6 PTS) (Rondo 3 AST),,,13 - 14,1,4.0,203463,Ben McLemore,1610612758.0,Sacramento,Kings,SAC,4,200765,Rajon Rondo,1610612758.0,Sacramento,Kings,SAC,0,0,,,,,
0021500483,71,1,7,1,10:23 PM,5:44,,,Noel  Dunk (6 PTS) (Stauskas 1 AST),15 - 14,-1,5.0,203457,Nerlens Noel,1610612755.0,Philadelphia,76ers,PHI,5,203917,Nik Stauskas,1610612755.0,Philadelphia,76ers,PHI,0,0,,,,,
0021500483,72,1,73,1,10:23 PM,5:32,Rondo 2' Driving Reverse Layup (2 PTS),,,15 - 16,1,4.0,200765,Rajon Rondo,1610612758.0,Sacramento,Kings,SAC,0,0,,,,,,0,0,,,,,
0021500483,73,2,1,1,10:24 PM,5:20,,,MISS Stauskas  3PT Jump Shot,,,5.0,203917,Nik Stauskas,1610612755.0,Philadelphia,76ers,PHI,0,0,,,,,,0,0,,,,,
0021500483,74,4,0,1,10:24 PM,5:19,Cousins REBOUND (Off:1 Def:2),,,,,4.0,202326,DeMarcus Cousins,1610612758.0,Sacramento,Kings,SAC,0,0,,,,,,0,0,,,,,
0021500483,75,5,45,1,10:24 PM,5:17,Cousins Out of Bounds - Bad Pass Turnover Turnover (P2.T5),,,,,4.0,202326,DeMarcus Cousins,1610612758.0,Sacramento,Kings,SAC,0,0,,,,,,0,0,,,,,
0021500483,76,8,0,1,10:24 PM,5:17,SUB: Collison FOR Casspi,,,,,4.0,201956,Omri Casspi,1610612758.0,Sacramento,Kings,SAC,4,201954,Darren Collison,1610612758.0,Sacramento,Kings,SAC,0,0,,,,,
0021500483,79,8,0,1,10:24 PM,5:17,,,SUB: Thompson FOR Canaan,,,5.0,203477,Isaiah Canaan,1610612755.0,Philadelphia,76ers,PHI,5,203138,Hollis Thompson,1610612755.0,Philadelphia,76ers,PHI,0,0,,,,,
0021500483,77,8,0,1,10:24 PM,5:17,,,SUB: Covington FOR Grant,,,5.0,203924,Jerami Grant,1610612755.0,Philadelphia,76ers,PHI,5,203496,Robert Covington,1610612755.0,Philadelphia,76ers,PHI,0,0,,,,,
0021500483,78,8,0,1,10:24 PM,5:17,,,SUB: Okafor FOR Noel,,,5.0,203457,Nerlens Noel,1610612755.0,Philadelphia,76ers,PHI,5,1626143,Jahlil Okafor,1610612755.0,Philadelphia,76ers,PHI,0,0,,,,,
0021500483,80,1,5,1,10:24 PM,5:07,,,Thompson 3' Layup (2 PTS) (Covington 1 AST),17 - 16,-1,5.0,203138,Hollis Thompson,1610612755.0,Philadelphia,76ers,PHI,5,203496,Robert Covington,1610612755.0,Philadelphia,76ers,PHI,0,0,,,,,
0021500483,81,6,2,1,10:24 PM,5:07,Cousins S.FOUL (P1.PN) (S.Wall),,,,,4.0,202326,DeMarcus Cousins,1610612758.0,Sacramento,Kings,SAC,5,203138,Hollis Thompson,1610612755.0,Philadelphia,76ers,PHI,1,0,,,,,
0021500483,83,8,0,1,10:25 PM,5:07,SUB: Belinelli FOR McLemore,,,,,4.0,203463,Ben McLemore,1610612758.0,Sacramento,Kings,SAC,4,201158,Marco Belinelli,1610612758.0,Sacramento,Kings,SAC,0,0,,,,,
0021500483,84,3,10,1,10:25 PM,5:07,,,Thompson Free Throw 1 of 1 (3 PTS),18 - 16,-2,5.0,203138,Hollis Thompson,1610612755.0,Philadelphia,76ers,PHI,0,0,,,,,,0,0,,,,,
0021500483,86,1,1,1,10:25 PM,4:55,Belinelli 20' Jump Shot (2 PTS) (Rondo 4 AST),,,18 - 18,TIE,4.0,201158,Marco Belinelli,1610612758.0,Sacramento,Kings,SAC,4,200765,Rajon Rondo,1610612758.0,Sacramento,Kings,SAC,0,0,,,,,
0021500483,87,6,26,1,10:25 PM,4:42,,,Okafor Offensive Charge Foul (P1.T2) (J.Capers),,,5.0,1626143,Jahlil Okafor,1610612755.0,Philadelphia,76ers,PHI,4,200752,Rudy Gay,1610612758.0,Sacramento,Kings,SAC,1,0,,,,,
0021500483,88,5,5,1,10:25 PM,4:42,,,Okafor Foul Turnover (P1.T3),,,5.0,1626143,Jahlil Okafor,1610612755.0,Philadelphia,76ers,PHI,0,0,,,,,,1,0,,,,,
0021500483,89,1,1,1,10:26 PM,4:29,Belinelli 18' Jump Shot (4 PTS) (Rondo 5 AST),,,18 - 20,2,4.0,201158,Marco Belinelli,1610612758.0,Sacramento,Kings,SAC,4,200765,Rajon Rondo,1610612758.0,Sacramento,Kings,SAC,0,0,,,,,
0021500483,90,2,1,1,10:26 PM,4:07,Cousins BLOCK (1 BLK),,MISS Okafor 4' Jump Shot,,,5.0,1626143,Jahlil Okafor,1610612755.0,Philadelphia,76ers,PHI,0,0,,,,,,4,202326,DeMarcus Cousins,1610612758.0,Sacramento,Kings,SAC
0021500483,91,4,0,1,10:26 PM,4:06,Cousins REBOUND (Off:1 Def:3),,,,,4.0,202326,DeMarcus Cousins,1610612758.0,Sacramento,Kings,SAC,0,0,,,,,,0,0,,,,,
0021500483,92,2,1,1,10:26 PM,3:59,MISS Cousins 25' 3PT Jump Shot,,,,,4.0,202326,DeMarcus Cousins,1610612758.0,Sacramento,Kings,SAC,0,0,,,,,,0,0,,,,,
0021500483,93,4,0,1,10:26 PM,3:58,,,Stauskas REBOUND (Off:0 Def:1),,,5.0,203917,Nik Stauskas,1610612755.0,Philadelphia,76ers,PHI,0,0,,,,,,0,0,,,,,
0021500483,94,5,1,1,10:26 PM,3:56,Collison STEAL (1 STL),,Stauskas Bad Pass Turnover (P1.T4),,,5.0,203917,Nik Stauskas,1610612755.0,Philadelphia,76ers,PHI,4,201954,Darren Collison,1610612758.0,Sacramento,Kings,SAC,0,0,,,,,
0021500483,95,2,5,1,10:26 PM,3:54,MISS Collison 2' Layup,,,,,4.0,201954,Darren Collison,1610612758.0,Sacramento,Kings,SAC,0,0,,,,,,0,0,,,,,
0021500483,96,4,0,1,10:26 PM,3:53,,,Thompson REBOUND (Off:0 Def:1),,,5.0,203138,Hollis Thompson,1610612755.0,Philadelphia,76ers,PHI,0,0,,,,,,0,0,,,,,
0021500483,97,1,1,1,10:27 PM,3:39,,,Thompson 25' 3PT Jump Shot (6 PTS) (Okafor 1 AST),21 - 20,-1,5.0,203138,Hollis Thompson,1610612755.0,Philadelphia,76ers,PHI,5,1626143,Jahlil Okafor,1610612755.0,Philadelphia,76ers,PHI,0,0,,,,,
0021500483,98,5,45,1,10:27 PM,3:28,Rondo Out of Bounds - Bad Pass Turnover Turnover (P1.T6),,,,,4.0,200765,Rajon Rondo,1610612758.0,Sacramento,Kings,SAC,0,0,,,,,,0,0,,,,,
0021500483,99,8,0,1,10:27 PM,3:28,,,SUB: McConnell FOR Smith,,,5.0,202397,Ish Smith,1610612755.0,Philadelphia,76ers,PHI,5,204456,T.J. McConnell,1610612755.0,Philadelphia,76ers,PHI,0,0,,,,,
0021500483,100,2,1,1,10:27 PM,3:14,,,MISS Stauskas 25' 3PT Jump Shot,,,5.0,203917,Nik Stauskas,1610612755.0,Philadelphia,76ers,PHI,0,0,,,,,,0,0,,,,,
0021500483,101,4,0,1,10:27 PM,3:13,Gay REBOUND (Off:0 Def:4),,,,,4.0,200752,Rudy Gay,1610612758.0,Sacramento,Kings,SAC,0,0,,,,,,0,0,,,,,
0021500483,102,6,2,1,10:28 PM,3:07,,,Covington S.FOUL (P1.T3) (B.Nansel),,,5.0,203496,Robert Covington,1610612755.0,Philadelphia,76ers,PHI,4,202326,DeMarcus Cousins,1610612758.0,Sacramento,Kings,SAC,1,0,,,,,
0021500483,103,3,11,1,10:28 PM,3:07,MISS Cousins Free Throw 1 of 2,,,,,4.0,202326,DeMarcus Cousins,1610612758.0,Sacramento,Kings,SAC,0,0,,,,,,0,0,,,,,
0021500483,104,4,1,1,10:28 PM,3:07,KINGS Rebound,,,,,2.0,1610612758,,,,,,0,0,,,,,,0,0,,,,,
0021500483,105,8,0,1,10:28 PM,3:07,SUB: Casspi FOR Gay,,,,,4.0,200752,Rudy Gay,1610612758.0,Sacramento,Kings,SAC,4,201956,Omri Casspi,1610612758.0,Sacramento,Kings,SAC,0,0,,,,,
0021500483,106,3,12,1,10:28 PM,3:07,Cousins Free Throw 2 of 2 (9 PTS),,,21 - 21,TIE,4.0,202326,DeMarcus Cousins,1610612758.0,Sacramento,Kings,SAC,0,0,,,,,,0,0,,,,,
0021500483,108,1,1,1,10:28 PM,2:55,,,Stauskas  3PT Jump Shot (3 PTS) (McConnell 1 AST),24 - 21,-3,5.0,203917,Nik Stauskas,1610612755.0,Philadelphia,76ers,PHI,5,204456,T.J. McConnell,1610612755.0,Philadelphia,76ers,PHI,0,0,,,,,
0021500483,109,1,1,1,10:29 PM,2:39,Belinelli 20' Jump Shot (6 PTS) (Rondo 6 AST),,,24 - 23,-1,4.0,201158,Marco Belinelli,1610612758.0,Sacramento,Kings,SAC,4,200765,Rajon Rondo,1610612758.0,Sacramento,Kings,SAC,0,0,,,,,
0021500483,110,2,1,1,10:29 PM,2:26,Cousins BLOCK (2 BLK),,MISS Okafor 5' Jump Shot,,,5.0,1626143,Jahlil Okafor,1610612755.0,Philadelphia,76ers,PHI,0,0,,,,,,4,202326,DeMarcus Cousins,1610612758.0,Sacramento,Kings,SAC
0021500483,111,4,0,1,10:29 PM,2:24,Belinelli REBOUND (Off:0 Def:1),,,,,4.0,201158,Marco Belinelli,1610612758.0,Sacramento,Kings,SAC,0,0,,,,,,0,0,,,,,
0021500483,112,6,2,1,10:29 PM,2:17,,,Okafor S.FOUL (P2.T4) (S.Wall),,,5.0,1626143,Jahlil Okafor,1610612755.0,Philadelphia,76ers,PHI,4,202326,DeMarcus Cousins,1610612758.0,Sacramento,Kings,SAC,1,0,,,,,
0021500483,113,9,1,1,10:29 PM,2:17,KINGS Timeout: Regular (Full 1 Short 0),,,,,2.0,1610612758,,,,,,0,0,,,,,,0,0,,,,,
0021500483,117,3,11,1,10:32 PM,2:17,Cousins Free Throw 1 of 2 (10 PTS),,,24 - 24,TIE,4.0,202326,DeMarcus Cousins,1610612758.0,Sacramento,Kings,SAC,0,0,,,,,,0,0,,,,,
0021500483,119,3,12,1,10:32 PM,2:17,Cousins Free Throw 2 of 2 (11 PTS),,,24 - 25,1,4.0,202326,DeMarcus Cousins,1610612758.0,Sacramento,Kings,SAC,0,0,,,,,,0,0,,,,,
0021500483,121,1,63,1,10:32 PM,1:53,,,Thompson 16' Fadeaway Jumper (8 PTS),26 - 25,-1,5.0,203138,Hollis Thompson,1610612755.0,Philadelphia,76ers,PHI,0,0,,,,,,0,0,,,,,
0021500483,122,1,1,1,10:33 PM,1:35,Belinelli 21' Jump Shot (8 PTS) (Rondo 7 AST),,,26 - 27,1,4.0,201158,Marco Belinelli,1610612758.0,Sacramento,Kings,SAC,4,200765,Rajon Rondo,1610612758.0,Sacramento,Kings,SAC,0,0,,,,,
0021500483,123,2,1,1,10:33 PM,1:15,,,MISS Okafor 9' Jump Shot,,,5.0,1626143,Jahlil Okafor,1610612755.0,Philadelphia,76ers,PHI,0,0,,,,,,0,0,,,,,
0021500483,124,4,0,1,10:33 PM,1:14,Casspi REBOUND (Off:1 Def:2),,,,,4.0,201956,Omri Casspi,1610612758.0,Sacramento,Kings,SAC,0,0,,,,,,0,0,,,,,
0021500483,125,1,42,1,10:33 PM,1:10,Collison 3' Driving Layup (2 PTS) (Belinelli 1 AST),,,26 - 29,3,4.0,201954,Darren Collison,1610612758.0,Sacramento,Kings,SAC,4,201158,Marco Belinelli,1610612758.0,Sacramento,Kings,SAC,0,0,,,,,
0021500483,126,6,2,1,10:34 PM,0:53,Casspi S.FOUL (P1.PN) (J.Capers),,,,,4.0,201956,Omri Casspi,1610612758.0,Sacramento,Kings,SAC,5,203496,Robert Covington,1610612755.0,Philadelphia,76ers,PHI,1,0,,,,,
0021500483,127,3,13,1,10:34 PM,0:53,,,Covington Free Throw 1 of 3 (1 PTS),27 - 29,2,5.0,203496,Robert Covington,1610612755.0,Philadelphia,76ers,PHI,0,0,,,,,,0,0,,,,,
0021500483,129,3,14,1,10:34 PM,0:53,,,Covington Free Throw 2 of 3 (2 PTS),28 - 29,1,5.0,203496,Robert Covington,1610612755.0,Philadelphia,76ers,PHI,0,0,,,,,,0,0,,,,,
0021500483,131,8,0,1,10:34 PM,0:53,SUB: Koufos FOR Cousins,,,,,4.0,202326,DeMarcus Cousins,1610612758.0,Sacramento,Kings,SAC,4,201585,Kosta Koufos,1610612758.0,Sacramento,Kings,SAC,0,0,,,,,
0021500483,132,3,15,1,10:35 PM,0:53,,,MISS Covington Free Throw 3 of 3,,,5.0,203496,Robert Covington,1610612755.0,Philadelphia,76ers,PHI,0,0,,,,,,0,0,,,,,
0021500483,134,4,0,1,10:35 PM,0:52,Rondo REBOUND (Off:0 Def:1),,,,,4.0,200765,Rajon Rondo,1610612758.0,Sacramento,Kings,SAC,0,0,,,,,,0,0,,,,,
0021500483,135,6,2,1,10:35 PM,0:44,,,Covington S.FOUL (P2.PN) (S.Wall),,,5.0,203496,Robert Covington,1610612755.0,Philadelphia,76ers,PHI,4,201956,Omri Casspi,1610612758.0,Sacramento,Kings,SAC,1,0,,,,,
0021500483,136,3,11,1,10:35 PM,0:44,Casspi Free Throw 1 of 2 (1 PTS),,,28 - 30,2,4.0,201956,Omri Casspi,1610612758.0,Sacramento,Kings,SAC,0,0,,,,,,0,0,,,,,
0021500483,138,3,12,1,10:35 PM,0:44,Casspi Free Throw 2 of 2 (2 PTS),,,28 - 31,3,4.0,201956,Omri Casspi,1610612758.0,Sacramento,Kings,SAC,0,0,,,,,,0,0,,,,,
0021500483,140,2,1,1,10:36 PM,0:19,,,MISS Thompson 25' 3PT Jump Shot,,,5.0,203138,Hollis Thompson,1610612755.0,Philadelphia,76ers,PHI,0,0,,,,,,0,0,,,,,
0021500483,141,4,0,1,10:36 PM,0:19,,,Okafor REBOUND (Off:1 Def:0),,,5.0,1626143,Jahlil Okafor,1610612755.0,Philadelphia,76ers,PHI,0,0,,,,,,0,0,,,,,
0021500483,142,1,5,1,10:36 PM,0:18,,,Okafor 2' Layup (2 PTS),30 - 31,1,5.0,1626143,Jahlil Okafor,1610612755.0,Philadelphia,76ers,PHI,0,0,,,,,,0,0,,,,,
0021500483,143,2,1,1,10:36 PM,0:00,MISS Belinelli 25' 3PT Jump Shot,,,,,4.0,201158,Marco Belinelli,1610612758.0,Sacramento,Kings,SAC,0,0,,,,,,0,0,,,,,
0021500483,144,4,0,1,10:36 PM,0:00,,,Okafor REBOUND (Off:1 Def:1),,,5.0,1626143,Jahlil Okafor,1610612755.0,Philadelphia,76ers,PHI,0,0,,,,,,0,0,,,,,
0021500483,145,13,0,1,10:36 PM,0:00,,,,30 - 31,1,0.0,0,,,,,,0,0,,,,,,0,0,,,,,
0021500483,147,12,0,2,10:39 PM,12:00,,,,30 - 31,1,0.0,0,,,,,,0,0,,,,,,0,0,,,,,
0021500483,148,2,1,2,10:39 PM,11:41,,,MISS Thompson 25' 3PT Jump Shot,,,5.0,203138,Hollis Thompson,1610612755.0,Philadelphia,76ers,PHI,0,0,,,,,,0,0,,,,,
0021500483,149,4,0,2,10:39 PM,11:41,KINGS Rebound,,,,,2.0,1610612758,,,,,,0,0,,,,,,0,0,,,,,
0021500483,150,5,40,2,10:40 PM,11:36,McLemore Out of Bounds Lost Ball Turnover (P2.T7),,,,,4.0,203463,Ben McLemore,1610612758.0,Sacramento,Kings,SAC,0,0,,,,,,0,0,,,,,
0021500483,151,5,1,2,10:40 PM,11:21,Belinelli STEAL (1 STL),,McConnell Bad Pass Turnover (P1.T5),,,5.0,204456,T.J. McConnell,1610612755.0,Philadelphia,76ers,PHI,4,201158,Marco Belinelli,1610612758.0,Sacramento,Kings,SAC,0,0,,,,,
0021500483,152,2,1,2,10:40 PM,11:09,MISS Casspi 30' 3PT Jump Shot,,,,,4.0,201956,Omri Casspi,1610612758.0,Sacramento,Kings,SAC,0,0,,,,,,0,0,,,,,
0021500483,153,4,0,2,10:40 PM,11:09,,,Okafor REBOUND (Off:1 Def:2),,,5.0,1626143,Jahlil Okafor,1610612755.0,Philadelphia,76ers,PHI,0,0,,,,,,0,0,,,,,
0021500483,154,2,1,2,10:40 PM,10:56,,,MISS Thompson 7' Jump Shot,,,5.0,203138,Hollis Thompson,1610612755.0,Philadelphia,76ers,PHI,0,0,,,,,,0,0,,,,,
0021500483,156,4,0,2,10:40 PM,10:55,,,Okafor REBOUND (Off:2 Def:2),,,5.0,1626143,Jahlil Okafor,1610612755.0,Philadelphia,76ers,PHI,0,0,,,,,,0,0,,,,,
0021500483,155,2,97,2,10:40 PM,10:55,,,MISS Okafor 2' Tip Layup Shot,,,5.0,1626143,Jahlil Okafor,1610612755.0,Philadelphia,76ers,PHI,0,0,,,,,,0,0,,,,,
0021500483,157,4,0,2,10:40 PM,10:53,,,Okafor REBOUND (Off:3 Def:2),,,5.0,1626143,Jahlil Okafor,1610612755.0,Philadelphia,76ers,PHI,0,0,,,,,,0,0,,,,,
0021500483,158,2,47,2,10:41 PM,10:51,,,MISS Okafor 4' Turnaround Jump Shot,,,5.0,1626143,Jahlil Okafor,1610612755.0,Philadelphia,76ers,PHI,0,0,,,,,,0,0,,,,,
0021500483,159,4,0,2,10:41 PM,10:50,Casspi REBOUND (Off:1 Def:3),,,,,4.0,201956,Omri Casspi,1610612758.0,Sacramento,Kings,SAC,0,0,,,,,,0,0,,,,,
0021500483,160,1,42,2,10:41 PM,10:44,Collison 1' Driving Layup (4 PTS),,,30 - 33,3,4.0,201954,Darren Collison,1610612758.0,Sacramento,Kings,SAC,0,0,,,,,,0,0,,,,,
0021500483,161,1,3,2,10:41 PM,10:28,,,Okafor 5' Hook Shot (4 PTS),32 - 33,1,5.0,1626143,Jahlil Okafor,1610612755.0,Philadelphia,76ers,PHI,0,0,,,,,,0,0,,,,,
0021500483,162,6,2,2,10:41 PM,10:28,Koufos S.FOUL (P1.T1) (J.Capers),,,,,4.0,201585,Kosta Koufos,1610612758.0,Sacramento,Kings,SAC,5,1626143,Jahlil Okafor,1610612755.0,Philadelphia,76ers,PHI,1,0,,,,,
0021500483,163,8,0,2,10:41 PM,10:28,,,SUB: Sampson FOR Stauskas,,,5.0,203917,Nik Stauskas,1610612755.0,Philadelphia,76ers,PHI,5,203960,JaKarr Sampson,1610612755.0,Philadelphia,76ers,PHI,0,0,,,,,
0021500483,164,3,10,2,10:41 PM,10:28,,,Okafor Free Throw 1 of 1 (5 PTS),33 - 33,TIE,5.0,1626143,Jahlil Okafor,1610612755.0,Philadelphia,76ers,PHI,0,0,,,,,,0,0,,,,,
0021500483,166,1,3,2,10:42 PM,10:10,Koufos 7' Hook Shot (2 PTS),,,33 - 35,2,4.0,201585,Kosta Koufos,1610612758.0,Sacramento,Kings,SAC,0,0,,,,,,0,0,,,,,
0021500483,167,2,1,2,10:42 PM,9:53,,,MISS Covington 24' 3PT Jump Shot,,,5.0,203496,Robert Covington,1610612755.0,Philadelphia,76ers,PHI,0,0,,,,,,0,0,,,,,
0021500483,170,4,0,2,10:42 PM,9:51,Collison REBOUND (Off:0 Def:1),,,,,4.0,201954,Darren Collison,1610612758.0,Sacramento,Kings,SAC,0,0,,,,,,0,0,,,,,
0021500483,171,1,1,2,10:42 PM,9:43,Casspi 3' Jump Shot (4 PTS) (Collison 1 AST),,,33 - 37,4,4.0,201956,Omri Casspi,1610612758.0,Sacramento,Kings,SAC,4,201954,Darren Collison,1610612758.0,Sacramento,Kings,SAC,0,0,,,,,
0021500483,172,9,1,2,10:42 PM,9:43,,,76ers Timeout: Regular (Reg.2 Short 0),,,3.0,1610612755,,,,,,0,0,,,,,,0,0,,,,,
0021500483,175,8,0,2,10:45 PM,9:43,,,SUB: Noel FOR Okafor,,,5.0,1626143,Jahlil Okafor,1610612755.0,Philadelphia,76ers,PHI,5,203457,Nerlens Noel,1610612755.0,Philadelphia,76ers,PHI,0,0,,,,,
0021500483,176,1,98,2,10:45 PM,9:32,,,Sampson 2' Cutting Layup Shot (4 PTS) (McConnell 2 AST),35 - 37,2,5.0,203960,JaKarr Sampson,1610612755.0,Philadelphia,76ers,PHI,5,204456,T.J. McConnell,1610612755.0,Philadelphia,76ers,PHI,0,0,,,,,
0021500483,177,1,3,2,10:45 PM,9:19,Koufos 8' Hook Shot (4 PTS) (Collison 2 AST),,,35 - 39,4,4.0,201585,Kosta Koufos,1610612758.0,Sacramento,Kings,SAC,4,201954,Darren Collison,1610612758.0,Sacramento,Kings,SAC,0,0,,,,,
0021500483,178,2,1,2,10:46 PM,8:56,,,MISS Thompson 20' Jump Shot,,,5.0,203138,Hollis Thompson,1610612755.0,Philadelphia,76ers,PHI,0,0,,,,,,0,0,,,,,
0021500483,179,4,0,2,10:46 PM,8:56,Collison REBOUND (Off:0 Def:2),,,,,4.0,201954,Darren Collison,1610612758.0,Sacramento,Kings,SAC,0,0,,,,,,0,0,,,,,
0021500483,180,1,5,2,10:46 PM,8:50,McLemore 2' Layup (8 PTS) (Collison 3 AST),,,35 - 41,6,4.0,203463,Ben McLemore,1610612758.0,Sacramento,Kings,SAC,4,201954,Darren Collison,1610612758.0,Sacramento,Kings,SAC,0,0,,,,,
0021500483,181,5,4,2,10:46 PM,8:36,,,McConnell Traveling Turnover (P2.T6),,,5.0,204456,T.J. McConnell,1610612755.0,Philadelphia,76ers,PHI,0,0,,,,,,1,0,,,,,
0021500483,182,8,0,2,10:46 PM,8:36,,,SUB: Canaan FOR Thompson,,,5.0,203138,Hollis Thompson,1610612755.0,Philadelphia,76ers,PHI,5,203477,Isaiah Canaan,1610612755.0,Philadelphia,76ers,PHI,0,0,,,,,
0021500483,183,6,2,2,10:47 PM,8:28,,,McConnell S.FOUL (P1.T1) (S.Wall),,,5.0,204456,T.J. McConnell,1610612755.0,Philadelphia,76ers,PHI,4,201954,Darren Collison,1610612758.0,Sacramento,Kings,SAC,1,0,,,,,
0021500483,184,3,11,2,10:47 PM,8:28,Collison Free Throw 1 of 2 (5 PTS),,,35 - 42,7,4.0,201954,Darren Collison,1610612758.0,Sacramento,Kings,SAC,0,0,,,,,,0,0,,,,,
0021500483,186,3,12,2,10:47 PM,8:28,Collison Free Throw 2 of 2 (6 PTS),,,35 - 43,8,4.0,201954,Darren Collison,1610612758.0,Sacramento,Kings,SAC,0,0,,,,,,0,0,,,,,
0021500483,188,2,1,2,10:47 PM,8:13,,,MISS Sampson 24' 3PT Jump Shot,,,5.0,203960,JaKarr Sampson,1610612755.0,Philadelphia,76ers,PHI,0,0,,,,,,0,0,,,,,
0021500483,189,4,0,2,10:48 PM,8:13,KINGS Rebound,,,,,2.0,1610612758,,,,,,0,0,,,,,,0,0,,,,,
0021500483,190,6,2,2,10:48 PM,8:00,,,Covington S.FOUL (P3.T2) (B.Nansel),,,5.0,203496,Robert Covington,1610612755.0,Philadelphia,76ers,PHI,4,201585,Kosta Koufos,1610612758.0,Sacramento,Kings,SAC,1,0,,,,,
0021500483,191,3,11,2,10:48 PM,8:00,MISS Koufos Free Throw 1 of 2,,,,,4.0,201585,Kosta Koufos,1610612758.0,Sacramento,Kings,SAC,0,0,,,,,,0,0,,,,,
0021500483,192,4,1,2,10:48 PM,8:00,KINGS Rebound,,,,,2.0,1610612758,,,,,,0,0,,,,,,0,0,,,,,
0021500483,193,8,0,2,10:49 PM,8:00,,,SUB: Smith FOR Covington,,,5.0,203496,Robert Covington,1610612755.0,Philadelphia,76ers,PHI,5,202397,Ish Smith,1610612755.0,Philadelphia,76ers,PHI,0,0,,,,,
0021500483,194,8,0,2,10:49 PM,8:00,,,SUB: Grant FOR McConnell,,,5.0,204456,T.J. McConnell,1610612755.0,Philadelphia,76ers,PHI,5,203924,Jerami Grant,1610612755.0,Philadelphia,76ers,PHI,0,0,,,,,
0021500483,195,3,12,2,10:49 PM,8:00,Koufos Free Throw 2 of 2 (5 PTS),,,35 - 44,9,4.0,201585,Kosta Koufos,1610612758.0,Sacramento,Kings,SAC,0,0,,,,,,0,0,,,,,
0021500483,197,5,40,2,10:49 PM,7:43,,,Grant Out of Bounds Lost Ball Turnover (P1.T7),,,5.0,203924,Jerami Grant,1610612755.0,Philadelphia,76ers,PHI,0,0,,,,,,0,0,,,,,
0021500483,198,8,0,2,10:49 PM,7:43,SUB: Gay FOR Casspi,,,,,4.0,201956,Omri Casspi,1610612758.0,Sacramento,Kings,SAC,4,200752,Rudy Gay,1610612758.0,Sacramento,Kings,SAC,0,0,,,,,
0021500483,199,2,1,2,10:50 PM,7:25,MISS Belinelli 27' 3PT Jump Shot,,,,,4.0,201158,Marco Belinelli,1610612758.0,Sacramento,Kings,SAC,0,0,,,,,,0,0,,,,,
0021500483,200,4,0,2,10:50 PM,7:23,,,Noel REBOUND (Off:0 Def:2),,,5.0,203457,Nerlens Noel,1610612755.0,Philadelphia,76ers,PHI,0,0,,,,,,0,0,,,,,
0021500483,201,2,46,2,10:50 PM,7:11,,,MISS Sampson 5' Running Jump Shot,,,5.0,203960,JaKarr Sampson,1610612755.0,Philadelphia,76ers,PHI,0,0,,,,,,0,0,,,,,
0021500483,203,4,0,2,10:50 PM,7:10,,,Noel REBOUND (Off:1 Def:2),,,5.0,203457,Nerlens Noel,1610612755.0,Philadelphia,76ers,PHI,0,0,,,,,,0,0,,,,,
0021500483,202,1,87,2,10:50 PM,7:10,,,Noel  Putback Dunk (8 PTS),37 - 44,7,5.0,203457,Nerlens Noel,1610612755.0,Philadelphia,76ers,PHI,0,0,,,,,,0,0,,,,,
0021500483,204,6,2,2,10:50 PM,6:55,,,Canaan S.FOUL (P1.T3) (S.Wall),,,5.0,203477,Isaiah Canaan,1610612755.0,Philadelphia,76ers,PHI,4,203463,Ben McLemore,1610612758.0,Sacramento,Kings,SAC,1,0,,,,,
0021500483,205,3,11,2,10:50 PM,6:55,MISS McLemore Free Throw 1 of 2,,,,,4.0,203463,Ben McLemore,1610612758.0,Sacramento,Kings,SAC,0,0,,,,,,0,0,,,,,
0021500483,206,4,1,2,10:50 PM,6:55,KINGS Rebound,,,,,2.0,1610612758,,,,,,0,0,,,,,,0,0,,,,,
0021500483,207,8,0,2,10:51 PM,6:55,SUB: Cousins FOR Koufos,,,,,4.0,201585,Kosta Koufos,1610612758.0,Sacramento,Kings,SAC,4,202326,DeMarcus Cousins,1610612758.0,Sacramento,Kings,SAC,0,0,,,,,
0021500483,208,3,12,2,10:51 PM,6:55,McLemore Free Throw 2 of 2 (9 PTS),,,37 - 45,8,4.0,203463,Ben McLemore,1610612758.0,Sacramento,Kings,SAC,0,0,,,,,,0,0,,,,,
0021500483,210,1,1,2,10:51 PM,6:42,,,Smith 7' Jump Shot (7 PTS),39 - 45,6,5.0,202397,Ish Smith,1610612755.0,Philadelphia,76ers,PHI,0,0,,,,,,0,0,,,,,
0021500483,211,2,1,2,10:51 PM,6:27,MISS Gay 25' 3PT Jump Shot,,,,,4.0,200752,Rudy Gay,1610612758.0,Sacramento,Kings,SAC,0,0,,,,,,0,0,,,,,
0021500483,212,4,0,2,10:51 PM,6:26,,,Grant REBOUND (Off:2 Def:1),,,5.0,203924,Jerami Grant,1610612755.0,Philadelphia,76ers,PHI,0,0,,,,,,0,0,,,,,
0021500483,213,6,2,2,10:52 PM,6:19,Cousins S.FOUL (P2.T2) (S.Wall),,,,,4.0,202326,DeMarcus Cousins,1610612758.0,Sacramento,Kings,SAC,5,203457,Nerlens Noel,1610612755.0,Philadelphia,76ers,PHI,1,0,,,,,
0021500483,214,3,11,2,10:52 PM,6:19,,,Noel Free Throw 1 of 2 (9 PTS),40 - 45,5,5.0,203457,Nerlens Noel,1610612755.0,Philadelphia,76ers,PHI,0,0,,,,,,0,0,,,,,
0021500483,216,8,0,2,10:52 PM,6:19,SUB: Rondo FOR McLemore,,,,,4.0,203463,Ben McLemore,1610612758.0,Sacramento,Kings,SAC,4,200765,Rajon Rondo,1610612758.0,Sacramento,Kings,SAC,0,0,,,,,
0021500483,217,3,12,2,10:52 PM,6:19,,,Noel Free Throw 2 of 2 (10 PTS),41 - 45,4,5.0,203457,Nerlens Noel,1610612755.0,Philadelphia,76ers,PHI,0,0,,,,,,0,0,,,,,
0021500483,219,1,1,2,10:53 PM,6:06,Belinelli 21' Jump Shot (10 PTS) (Rondo 8 AST),,,41 - 47,6,4.0,201158,Marco Belinelli,1610612758.0,Sacramento,Kings,SAC,4,200765,Rajon Rondo,1610612758.0,Sacramento,Kings,SAC,0,0,,,,,
0021500483,220,2,1,2,10:53 PM,5:51,,,MISS Noel 17' Jump Shot,,,5.0,203457,Nerlens Noel,1610612755.0,Philadelphia,76ers,PHI,0,0,,,,,,0,0,,,,,
0021500483,221,4,0,2,10:53 PM,5:51,Cousins REBOUND (Off:1 Def:4),,,,,4.0,202326,DeMarcus Cousins,1610612758.0,Sacramento,Kings,SAC,0,0,,,,,,0,0,,,,,
0021500483,222,2,1,2,10:53 PM,5:35,MISS Cousins 4' Jump Shot,,Grant BLOCK (1 BLK),,,4.0,202326,DeMarcus Cousins,1610612758.0,Sacramento,Kings,SAC,0,0,,,,,,5,203924,Jerami Grant,1610612755.0,Philadelphia,76ers,PHI
0021500483,223,4,0,2,10:53 PM,5:33,,,Canaan REBOUND (Off:0 Def:2),,,5.0,203477,Isaiah Canaan,1610612755.0,Philadelphia,76ers,PHI,0,0,,,,,,0,0,,,,,
0021500483,225,7,2,2,10:53 PM,5:32,Gay Violation:Defensive Goaltending (J.Capers),,,,,4.0,200752,Rudy Gay,1610612758.0,Sacramento,Kings,SAC,0,0,,,,,,1,0,,,,,
0021500483,224,1,42,2,10:53 PM,5:32,,,Canaan 2' Driving Layup (2 PTS),43 - 47,4,5.0,203477,Isaiah Canaan,1610612755.0,Philadelphia,76ers,PHI,0,0,,,,,,0,0,,,,,
0021500483,226,2,1,2,10:54 PM,5:25,MISS Cousins 5' Jump Shot,,Grant BLOCK (2 BLK),,,4.0,202326,DeMarcus Cousins,1610612758.0,Sacramento,Kings,SAC,0,0,,,,,,5,203924,Jerami Grant,1610612755.0,Philadelphia,76ers,PHI
0021500483,227,4,0,2,10:54 PM,5:23,,,Smith REBOUND (Off:0 Def:2),,,5.0,202397,Ish Smith,1610612755.0,Philadelphia,76ers,PHI,0,0,,,,,,0,0,,,,,
0021500483,228,1,7,2,10:54 PM,5:19,,,Noel  Dunk (12 PTS) (Smith 4 AST),45 - 47,2,5.0,203457,Nerlens Noel,1610612755.0,Philadelphia,76ers,PHI,5,202397,Ish Smith,1610612755.0,Philadelphia,76ers,PHI,0,0,,,,,
0021500483,229,9,1,2,10:54 PM,5:16,KINGS Timeout: Regular (Full 2 Short 0),,,,,2.0,1610612758,,,,,,0,0,,,,,,0,0,,,,,
0021500483,233,5,45,2,10:57 PM,5:00,Rondo Out of Bounds - Bad Pass Turnover Turnover (P2.T8),,,,,4.0,200765,Rajon Rondo,1610612758.0,Sacramento,Kings,SAC,0,0,,,,,,0,0,,,,,
0021500483,234,2,5,2,10:57 PM,4:40,,,MISS Canaan 3' Layup,,,5.0,203477,Isaiah Canaan,1610612755.0,Philadelphia,76ers,PHI,0,0,,,,,,0,0,,,,,
0021500483,236,4,0,2,10:57 PM,4:38,,,Noel REBOUND (Off:2 Def:2),,,5.0,203457,Nerlens Noel,1610612755.0,Philadelphia,76ers,PHI,0,0,,,,,,0,0,,,,,
0021500483,235,2,87,2,10:57 PM,4:38,,,MISS Noel  Putback Dunk,,,5.0,203457,Nerlens Noel,1610612755.0,Philadelphia,76ers,PHI,0,0,,,,,,0,0,,,,,
0021500483,237,4,0,2,10:57 PM,4:37,Rondo REBOUND (Off:0 Def:2),,,,,4.0,200765,Rajon Rondo,1610612758.0,Sacramento,Kings,SAC,0,0,,,,,,0,0,,,,,
0021500483,238,5,1,2,10:57 PM,4:31,Collison Bad Pass Turnover (P1.T9),,Grant STEAL (1 STL),,,4.0,201954,Darren Collison,1610612758.0,Sacramento,Kings,SAC,5,203924,Jerami Grant,1610612755.0,Philadelphia,76ers,PHI,0,0,,,,,
0021500483,239,2,48,2,10:57 PM,4:27,Gay BLOCK (1 BLK),,MISS Sampson 4' Dunk,,,5.0,203960,JaKarr Sampson,1610612755.0,Philadelphia,76ers,PHI,0,0,,,,,,4,200752,Rudy Gay,1610612758.0,Sacramento,Kings,SAC
0021500483,240,4,0,2,10:57 PM,4:25,Gay REBOUND (Off:0 Def:5),,,,,4.0,200752,Rudy Gay,1610612758.0,Sacramento,Kings,SAC,0,0,,,,,,0,0,,,,,
0021500483,241,1,1,2,10:58 PM,4:17,Belinelli 24' 3PT Jump Shot (13 PTS) (Gay 1 AST),,,45 - 50,5,4.0,201158,Marco Belinelli,1610612758.0,Sacramento,Kings,SAC,4,200752,Rudy Gay,1610612758.0,Sacramento,Kings,SAC,0,0,,,,,
0021500483,242,1,52,2,10:58 PM,4:09,,,Noel  Alley Oop Dunk (14 PTS) (Smith 5 AST),47 - 50,3,5.0,203457,Nerlens Noel,1610612755.0,Philadelphia,76ers,PHI,5,202397,Ish Smith,1610612755.0,Philadelphia,76ers,PHI,0,0,,,,,
0021500483,243,6,1,2,10:58 PM,3:52,,,Sampson P.FOUL (P2.T4) (J.Capers),,,5.0,203960,JaKarr Sampson,1610612755.0,Philadelphia,76ers,PHI,4,200765,Rajon Rondo,1610612758.0,Sacramento,Kings,SAC,1,0,,,,,
0021500483,244,8,0,2,10:58 PM,3:52,,,SUB: Thompson FOR Sampson,,,5.0,203960,JaKarr Sampson,1610612755.0,Philadelphia,76ers,PHI,5,203138,Hollis Thompson,1610612755.0,Philadelphia,76ers,PHI,0,0,,,,,
0021500483,245,8,0,2,10:58 PM,3:52,SUB: Casspi FOR Collison,,,,,4.0,201954,Darren Collison,1610612758.0,Sacramento,Kings,SAC,4,201956,Omri Casspi,1610612758.0,Sacramento,Kings,SAC,0,0,,,,,
0021500483,246,2,1,2,10:59 PM,3:38,MISS Casspi 25' 3PT Jump Shot,,,,,4.0,201956,Omri Casspi,1610612758.0,Sacramento,Kings,SAC,0,0,,,,,,0,0,,,,,
0021500483,247,4,0,2,10:59 PM,3:36,,,Thompson REBOUND (Off:0 Def:2),,,5.0,203138,Hollis Thompson,1610612755.0,Philadelphia,76ers,PHI,0,0,,,,,,0,0,,,,,
0021500483,248,1,42,2,10:59 PM,3:30,,,Thompson 2' Driving Layup (10 PTS),49 - 50,1,5.0,203138,Hollis Thompson,1610612755.0,Philadelphia,76ers,PHI,0,0,,,,,,0,0,,,,,
0021500483,250,5,1,2,10:59 PM,3:19,Rondo Bad Pass Turnover (P3.T10),,Grant STEAL (2 STL),,,4.0,200765,Rajon Rondo,1610612758.0,Sacramento,Kings,SAC,5,203924,Jerami Grant,1610612755.0,Philadelphia,76ers,PHI,0,0,,,,,
0021500483,251,1,1,2,10:59 PM,3:08,,,Thompson 21' Jump Shot (12 PTS) (Smith 6 AST),51 - 50,-1,5.0,203138,Hollis Thompson,1610612755.0,Philadelphia,76ers,PHI,5,202397,Ish Smith,1610612755.0,Philadelphia,76ers,PHI,0,0,,,,,
0021500483,252,5,2,2,10:59 PM,2:51,Cousins Lost Ball Turnover (P3.T11),,Noel STEAL (1 STL),,,4.0,202326,DeMarcus Cousins,1610612758.0,Sacramento,Kings,SAC,5,203457,Nerlens Noel,1610612755.0,Philadelphia,76ers,PHI,0,0,,,,,
0021500483,253,1,98,2,11:00 PM,2:43,,,Canaan 3' Cutting Layup Shot (4 PTS) (Grant 1 AST),53 - 50,-3,5.0,203477,Isaiah Canaan,1610612755.0,Philadelphia,76ers,PHI,5,203924,Jerami Grant,1610612755.0,Philadelphia,76ers,PHI,0,0,,,,,
0021500483,254,9,2,2,11:00 PM,2:39,KINGS Timeout: Short (Full 2 Short 1),,,,,2.0,1610612758,,,,,,0,0,,,,,,0,0,,,,,
0021500483,255,9,4,2,11:00 PM,2:39,,,,,,1.0,0,,,,,,0,0,,,,,,0,0,,,,,
0021500483,259,2,5,2,11:03 PM,2:31,MISS Rondo 2' Layup,,Grant BLOCK (3 BLK),,,4.0,200765,Rajon Rondo,1610612758.0,Sacramento,Kings,SAC,0,0,,,,,,5,203924,Jerami Grant,1610612755.0,Philadelphia,76ers,PHI
0021500483,260,4,0,2,11:03 PM,2:31,KINGS Rebound,,,,,2.0,1610612758,,,,,,0,0,,,,,,0,0,,,,,
0021500483,261,2,1,2,11:03 PM,2:26,MISS Belinelli 19' Jump Shot,,,,,4.0,201158,Marco Belinelli,1610612758.0,Sacramento,Kings,SAC,0,0,,,,,,0,0,,,,,
0021500483,262,4,0,2,11:03 PM,2:25,,,Grant REBOUND (Off:2 Def:2),,,5.0,203924,Jerami Grant,1610612755.0,Philadelphia,76ers,PHI,0,0,,,,,,0,0,,,,,
0021500483,263,1,1,2,11:03 PM,2:15,,,Canaan 20' Jump Shot (6 PTS),55 - 50,-5,5.0,203477,Isaiah Canaan,1610612755.0,Philadelphia,76ers,PHI,0,0,,,,,,0,0,,,,,
0021500483,264,5,1,2,11:03 PM,2:05,Gay Bad Pass Turnover (P2.T12),,Noel STEAL (2 STL),,,4.0,200752,Rudy Gay,1610612758.0,Sacramento,Kings,SAC,5,203457,Nerlens Noel,1610612755.0,Philadelphia,76ers,PHI,0,0,,,,,
0021500483,265,2,43,2,11:04 PM,1:55,,,MISS Noel 3' Alley Oop Layup,,,5.0,203457,Nerlens Noel,1610612755.0,Philadelphia,76ers,PHI,0,0,,,,,,0,0,,,,,
0021500483,266,4,0,2,11:04 PM,1:54,Casspi REBOUND (Off:1 Def:4),,,,,4.0,201956,Omri Casspi,1610612758.0,Sacramento,Kings,SAC,0,0,,,,,,0,0,,,,,
0021500483,267,6,2,2,11:04 PM,1:46,,,Thompson S.FOUL (P1.PN) (B.Nansel),,,5.0,203138,Hollis Thompson,1610612755.0,Philadelphia,76ers,PHI,4,202326,DeMarcus Cousins,1610612758.0,Sacramento,Kings,SAC,1,0,,,,,
0021500483,268,3,11,2,11:04 PM,1:46,Cousins Free Throw 1 of 2 (12 PTS),,,55 - 51,-4,4.0,202326,DeMarcus Cousins,1610612758.0,Sacramento,Kings,SAC,0,0,,,,,,0,0,,,,,
0021500483,270,3,12,2,11:04 PM,1:46,MISS Cousins Free Throw 2 of 2,,,,,4.0,202326,DeMarcus Cousins,1610612758.0,Sacramento,Kings,SAC,0,0,,,,,,0,0,,,,,
0021500483,272,4,0,2,11:04 PM,1:43,,,Grant REBOUND (Off:2 Def:3),,,5.0,203924,Jerami Grant,1610612755.0,Philadelphia,76ers,PHI,0,0,,,,,,0,0,,,,,
0021500483,273,2,1,2,11:05 PM,1:31,,,MISS Thompson 25' 3PT Jump Shot,,,5.0,203138,Hollis Thompson,1610612755.0,Philadelphia,76ers,PHI,0,0,,,,,,0,0,,,,,
0021500483,274,4,0,2,11:05 PM,1:30,Rondo REBOUND (Off:0 Def:3),,,,,4.0,200765,Rajon Rondo,1610612758.0,Sacramento,Kings,SAC,0,0,,,,,,0,0,,,,,
0021500483,275,1,1,2,11:05 PM,1:22,Belinelli 24' 3PT Jump Shot (16 PTS) (Rondo 9 AST),,,55 - 54,-1,4.0,201158,Marco Belinelli,1610612758.0,Sacramento,Kings,SAC,4,200765,Rajon Rondo,1610612758.0,Sacramento,Kings,SAC,0,0,,,,,
0021500483,276,2,1,2,11:05 PM,1:07,,,MISS Canaan 5' Jump Shot,,,5.0,203477,Isaiah Canaan,1610612755.0,Philadelphia,76ers,PHI,0,0,,,,,,0,0,,,,,
0021500483,277,4,0,2,11:05 PM,1:06,Cousins REBOUND (Off:1 Def:5),,,,,4.0,202326,DeMarcus Cousins,1610612758.0,Sacramento,Kings,SAC,0,0,,,,,,0,0,,,,,
0021500483,279,8,0,2,11:05 PM,1:02,SUB: Collison FOR Belinelli,,,,,4.0,201158,Marco Belinelli,1610612758.0,Sacramento,Kings,SAC,4,201954,Darren Collison,1610612758.0,Sacramento,Kings,SAC,0,0,,,,,
0021500483,280,1,5,2,11:06 PM,0:58,Gay 3' Layup (2 PTS),,,55 - 56,1,4.0,200752,Rudy Gay,1610612758.0,Sacramento,Kings,SAC,0,0,,,,,,0,0,,,,,
0021500483,281,9,2,2,11:06 PM,0:54,,,76ers Timeout: Short (Reg.2 Short 1),,,3.0,1610612755,,,,,,0,0,,,,,,0,0,,,,,
0021500483,282,2,1,2,11:07 PM,0:45,,,MISS Smith 25' 3PT Jump Shot,,,5.0,202397,Ish Smith,1610612755.0,Philadelphia,76ers,PHI,0,0,,,,,,0,0,,,,,
0021500483,283,4,0,2,11:07 PM,0:44,Casspi REBOUND (Off:1 Def:5),,,,,4.0,201956,Omri Casspi,1610612758.0,Sacramento,Kings,SAC,0,0,,,,,,0,0,,,,,
0021500483,284,6,1,2,11:07 PM,0:36,,,Noel P.FOUL (P1.PN) (J.Capers),,,5.0,203457,Nerlens Noel,1610612755.0,Philadelphia,76ers,PHI,4,202326,DeMarcus Cousins,1610612758.0,Sacramento,Kings,SAC,1,0,,,,,
0021500483,285,3,11,2,11:08 PM,0:36,Cousins Free Throw 1 of 2 (13 PTS),,,55 - 57,2,4.0,202326,DeMarcus Cousins,1610612758.0,Sacramento,Kings,SAC,0,0,,,,,,0,0,,,,,
0021500483,287,8,0,2,11:08 PM,0:36,SUB: Belinelli FOR Gay,,,,,4.0,200752,Rudy Gay,1610612758.0,Sacramento,Kings,SAC,4,201158,Marco Belinelli,1610612758.0,Sacramento,Kings,SAC,0,0,,,,,
0021500483,288,3,12,2,11:08 PM,0:36,MISS Cousins Free Throw 2 of 2,,,,,4.0,202326,DeMarcus Cousins,1610612758.0,Sacramento,Kings,SAC,0,0,,,,,,0,0,,,,,
0021500483,290,4,0,2,11:08 PM,0:35,,,Grant REBOUND (Off:2 Def:4),,,5.0,203924,Jerami Grant,1610612755.0,Philadelphia,76ers,PHI,0,0,,,,,,0,0,,,,,
0021500483,291,1,41,2,11:08 PM,0:30,,,Smith 2' Running Layup (9 PTS),57 - 57,TIE,5.0,202397,Ish Smith,1610612755.0,Philadelphia,76ers,PHI,0,0,,,,,,0,0,,,,,
0021500483,292,2,44,2,11:09 PM,0:13,MISS Rondo 4' Reverse Layup,,,,,4.0,200765,Rajon Rondo,1610612758.0,Sacramento,Kings,SAC,0,0,,,,,,0,0,,,,,
0021500483,293,4,0,2,11:09 PM,0:12,,,Noel REBOUND (Off:2 Def:3),,,5.0,203457,Nerlens Noel,1610612755.0,Philadelphia,76ers,PHI,0,0,,,,,,0,0,,,,,
0021500483,294,6,28,2,11:09 PM,0:05,Collison Personal Take Foul (P1.T3) (S.Wall),,,,,4.0,201954,Darren Collison,1610612758.0,Sacramento,Kings,SAC,5,202397,Ish Smith,1610612755.0,Philadelphia,76ers,PHI,1,0,,,,,
0021500483,295,8,0,2,11:09 PM,0:05,SUB: Koufos FOR Cousins,,,,,4.0,202326,DeMarcus Cousins,1610612758.0,Sacramento,Kings,SAC,4,201585,Kosta Koufos,1610612758.0,Sacramento,Kings,SAC,0,0,,,,,
0021500483,296,8,0,2,11:09 PM,0:05,,,SUB: Covington FOR Grant,,,5.0,203924,Jerami Grant,1610612755.0,Philadelphia,76ers,PHI,5,203496,Robert Covington,1610612755.0,Philadelphia,76ers,PHI,0,0,,,,,
0021500483,297,2,1,2,11:09 PM,0:00,,,MISS Smith 25' 3PT Jump Shot,,,5.0,202397,Ish Smith,1610612755.0,Philadelphia,76ers,PHI,0,0,,,,,,0,0,,,,,
0021500483,299,4,0,2,11:10 PM,0:00,,,76ers Rebound,,,3.0,1610612755,,,,,,0,0,,,,,,0,0,,,,,
0021500483,298,13,0,2,11:10 PM,0:00,,,,57 - 57,TIE,0.0,0,,,,,,0,0,,,,,,0,0,,,,,
0021500483,301,12,0,3,11:25 PM,12:00,,,,57 - 57,TIE,0.0,0,,,,,,0,0,,,,,,0,0,,,,,
0021500483,302,1,102,3,11:26 PM,11:37,,,Smith 9' Driving Floating Bank Jump Shot (11 PTS),59 - 57,-2,5.0,202397,Ish Smith,1610612755.0,Philadelphia,76ers,PHI,0,0,,,,,,0,0,,,,,
0021500483,303,6,2,3,11:26 PM,11:24,,,Sampson S.FOUL (P3.T1) (J.Capers),,,5.0,203960,JaKarr Sampson,1610612755.0,Philadelphia,76ers,PHI,4,202326,DeMarcus Cousins,1610612758.0,Sacramento,Kings,SAC,1,0,,,,,
0021500483,304,3,11,3,11:26 PM,11:24,Cousins Free Throw 1 of 2 (14 PTS),,,59 - 58,-1,4.0,202326,DeMarcus Cousins,1610612758.0,Sacramento,Kings,SAC,0,0,,,,,,0,0,,,,,
0021500483,306,3,12,3,11:26 PM,11:24,Cousins Free Throw 2 of 2 (15 PTS),,,59 - 59,TIE,4.0,202326,DeMarcus Cousins,1610612758.0,Sacramento,Kings,SAC,0,0,,,,,,0,0,,,,,
0021500483,308,1,1,3,11:27 PM,11:16,,,Grant 24' 3PT Jump Shot (5 PTS) (Canaan 1 AST),62 - 59,-3,5.0,203924,Jerami Grant,1610612755.0,Philadelphia,76ers,PHI,5,203477,Isaiah Canaan,1610612755.0,Philadelphia,76ers,PHI,0,0,,,,,
0021500483,309,5,2,3,11:27 PM,11:02,Gay Lost Ball Turnover (P3.T13),,Noel STEAL (3 STL),,,4.0,200752,Rudy Gay,1610612758.0,Sacramento,Kings,SAC,5,203457,Nerlens Noel,1610612755.0,Philadelphia,76ers,PHI,0,0,,,,,
0021500483,310,6,1,3,11:27 PM,11:01,Rondo P.FOUL (P1.T1) (J.Capers),,,,,4.0,200765,Rajon Rondo,1610612758.0,Sacramento,Kings,SAC,5,203924,Jerami Grant,1610612755.0,Philadelphia,76ers,PHI,1,0,,,,,
0021500483,311,1,1,3,11:27 PM,10:56,,,Canaan 25' 3PT Jump Shot (9 PTS) (Smith 7 AST),65 - 59,-6,5.0,203477,Isaiah Canaan,1610612755.0,Philadelphia,76ers,PHI,5,202397,Ish Smith,1610612755.0,Philadelphia,76ers,PHI,0,0,,,,,
0021500483,312,5,1,3,11:28 PM,10:47,Rondo Bad Pass Turnover (P4.T14),,,,,4.0,200765,Rajon Rondo,1610612758.0,Sacramento,Kings,SAC,0,0,,,,,,0,0,,,,,
0021500483,313,2,1,3,11:28 PM,10:26,,,MISS Smith 20' Jump Shot,,,5.0,202397,Ish Smith,1610612755.0,Philadelphia,76ers,PHI,0,0,,,,,,0,0,,,,,
0021500483,314,4,0,3,11:28 PM,10:25,Cousins REBOUND (Off:1 Def:6),,,,,4.0,202326,DeMarcus Cousins,1610612758.0,Sacramento,Kings,SAC,0,0,,,,,,0,0,,,,,
0021500483,315,2,1,3,11:28 PM,9:59,MISS Gay 25' 3PT Jump Shot,,,,,4.0,200752,Rudy Gay,1610612758.0,Sacramento,Kings,SAC,0,0,,,,,,0,0,,,,,
0021500483,316,4,0,3,11:28 PM,9:58,,,Noel REBOUND (Off:2 Def:4),,,5.0,203457,Nerlens Noel,1610612755.0,Philadelphia,76ers,PHI,0,0,,,,,,0,0,,,,,
0021500483,317,1,1,3,11:28 PM,9:53,,,Canaan 25' 3PT Jump Shot (12 PTS),68 - 59,-9,5.0,203477,Isaiah Canaan,1610612755.0,Philadelphia,76ers,PHI,0,0,,,,,,0,0,,,,,
0021500483,318,9,1,3,11:29 PM,9:53,KINGS Timeout: Regular (Full 3 Short 1),,,,,2.0,1610612758,,,,,,0,0,,,,,,0,0,,,,,
0021500483,320,8,0,3,11:31 PM,9:53,SUB: Collison FOR Gay,,,,,4.0,200752,Rudy Gay,1610612758.0,Sacramento,Kings,SAC,4,201954,Darren Collison,1610612758.0,Sacramento,Kings,SAC,0,0,,,,,
0021500483,321,8,0,3,11:31 PM,9:53,SUB: Acy FOR McLemore,,,,,4.0,203463,Ben McLemore,1610612758.0,Sacramento,Kings,SAC,4,203112,Quincy Acy,1610612758.0,Sacramento,Kings,SAC,0,0,,,,,
0021500483,323,5,2,3,11:31 PM,9:48,Cousins Lost Ball Turnover (P4.T15),,Smith STEAL (2 STL),,,4.0,202326,DeMarcus Cousins,1610612758.0,Sacramento,Kings,SAC,5,202397,Ish Smith,1610612755.0,Philadelphia,76ers,PHI,0,0,,,,,
0021500483,324,6,2,3,11:31 PM,9:43,Cousins S.FOUL (P3.T2) (J.Capers),,,,,4.0,202326,DeMarcus Cousins,1610612758.0,Sacramento,Kings,SAC,5,203960,JaKarr Sampson,1610612755.0,Philadelphia,76ers,PHI,1,0,,,,,
0021500483,325,3,11,3,11:32 PM,9:43,,,Sampson Free Throw 1 of 2 (5 PTS),69 - 59,-10,5.0,203960,JaKarr Sampson,1610612755.0,Philadelphia,76ers,PHI,0,0,,,,,,0,0,,,,,
0021500483,327,3,12,3,11:32 PM,9:43,,,MISS Sampson Free Throw 2 of 2,,,5.0,203960,JaKarr Sampson,1610612755.0,Philadelphia,76ers,PHI,0,0,,,,,,0,0,,,,,
0021500483,329,4,0,3,11:32 PM,9:42,KINGS Rebound,,,,,2.0,1610612758,,,,,,0,0,,,,,,0,0,,,,,
0021500483,330,6,3,3,11:32 PM,9:42,,,Sampson L.B.FOUL (P4.T2) (J.Capers),,,5.0,203960,JaKarr Sampson,1610612755.0,Philadelphia,76ers,PHI,4,203112,Quincy Acy,1610612758.0,Sacramento,Kings,SAC,1,0,,,,,
0021500483,331,1,98,3,11:33 PM,9:27,Rondo 2' Cutting Layup Shot (4 PTS) (Cousins 1 AST),,,69 - 61,-8,4.0,200765,Rajon Rondo,1610612758.0,Sacramento,Kings,SAC,4,202326,DeMarcus Cousins,1610612758.0,Sacramento,Kings,SAC,0,0,,,,,
0021500483,332,1,80,3,11:33 PM,9:03,,,Grant  3PT Step Back Jump Shot (8 PTS) (Noel 1 AST),72 - 61,-11,5.0,203924,Jerami Grant,1610612755.0,Philadelphia,76ers,PHI,5,203457,Nerlens Noel,1610612755.0,Philadelphia,76ers,PHI,0,0,,,,,
0021500483,333,5,40,3,11:33 PM,8:54,Rondo Out of Bounds Lost Ball Turnover (P5.T16),,,,,4.0,200765,Rajon Rondo,1610612758.0,Sacramento,Kings,SAC,0,0,,,,,,0,0,,,,,
0021500483,334,8,0,3,11:33 PM,8:54,,,SUB: Covington FOR Sampson,,,5.0,203960,JaKarr Sampson,1610612755.0,Philadelphia,76ers,PHI,5,203496,Robert Covington,1610612755.0,Philadelphia,76ers,PHI,0,0,,,,,
0021500483,335,6,2,3,11:34 PM,8:42,Acy S.FOUL (P1.T3) (J.Capers),,,,,4.0,203112,Quincy Acy,1610612758.0,Sacramento,Kings,SAC,5,203924,Jerami Grant,1610612755.0,Philadelphia,76ers,PHI,1,0,,,,,
0021500483,336,3,11,3,11:34 PM,8:42,,,MISS Grant Free Throw 1 of 2,,,5.0,203924,Jerami Grant,1610612755.0,Philadelphia,76ers,PHI,0,0,,,,,,0,0,,,,,
0021500483,337,4,1,3,11:34 PM,8:42,,,76ers Rebound,,,3.0,1610612755,,,,,,0,0,,,,,,0,0,,,,,
0021500483,338,3,12,3,11:34 PM,8:42,,,Grant Free Throw 2 of 2 (9 PTS),73 - 61,-12,5.0,203924,Jerami Grant,1610612755.0,Philadelphia,76ers,PHI,0,0,,,,,,0,0,,,,,
0021500483,340,1,1,3,11:34 PM,8:33,Collison 12' Jump Shot (8 PTS),,,73 - 63,-10,4.0,201954,Darren Collison,1610612758.0,Sacramento,Kings,SAC,0,0,,,,,,0,0,,,,,
0021500483,341,6,1,3,11:35 PM,8:24,Casspi P.FOUL (P2.T4) (J.Capers),,,,,4.0,201956,Omri Casspi,1610612758.0,Sacramento,Kings,SAC,5,203496,Robert Covington,1610612755.0,Philadelphia,76ers,PHI,1,0,,,,,
0021500483,342,5,2,3,11:35 PM,8:10,Acy STEAL (1 STL),,Grant Lost Ball Turnover (P2.T8),,,5.0,203924,Jerami Grant,1610612755.0,Philadelphia,76ers,PHI,4,203112,Quincy Acy,1610612758.0,Sacramento,Kings,SAC,0,0,,,,,
0021500483,343,1,1,3,11:35 PM,7:58,Collison 25' 3PT Jump Shot (11 PTS) (Casspi 1 AST),,,73 - 66,-7,4.0,201954,Darren Collison,1610612758.0,Sacramento,Kings,SAC,4,201956,Omri Casspi,1610612758.0,Sacramento,Kings,SAC,0,0,,,,,
0021500483,344,6,1,3,11:36 PM,7:38,Cousins P.FOUL (P4.PN) (J.Capers),,,,,4.0,202326,DeMarcus Cousins,1610612758.0,Sacramento,Kings,SAC,5,203457,Nerlens Noel,1610612755.0,Philadelphia,76ers,PHI,1,0,,,,,
0021500483,345,3,11,3,11:36 PM,7:38,,,MISS Noel Free Throw 1 of 2,,,5.0,203457,Nerlens Noel,1610612755.0,Philadelphia,76ers,PHI,0,0,,,,,,0,0,,,,,
0021500483,346,4,1,3,11:36 PM,7:38,,,76ers Rebound,,,3.0,1610612755,,,,,,0,0,,,,,,0,0,,,,,
0021500483,347,3,12,3,11:36 PM,7:38,,,MISS Noel Free Throw 2 of 2,,,5.0,203457,Nerlens Noel,1610612755.0,Philadelphia,76ers,PHI,0,0,,,,,,0,0,,,,,
0021500483,349,4,0,3,11:36 PM,7:36,Casspi REBOUND (Off:1 Def:6),,,,,4.0,201956,Omri Casspi,1610612758.0,Sacramento,Kings,SAC,0,0,,,,,,0,0,,,,,
0021500483,350,2,1,3,11:37 PM,7:25,MISS Collison 15' Jump Shot,,,,,4.0,201954,Darren Collison,1610612758.0,Sacramento,Kings,SAC,0,0,,,,,,0,0,,,,,
0021500483,351,4,0,3,11:37 PM,7:24,,,Grant REBOUND (Off:2 Def:5),,,5.0,203924,Jerami Grant,1610612755.0,Philadelphia,76ers,PHI,0,0,,,,,,0,0,,,,,
0021500483,352,1,52,3,11:37 PM,7:19,,,Noel  Alley Oop Dunk (16 PTS) (Smith 8 AST),75 - 66,-9,5.0,203457,Nerlens Noel,1610612755.0,Philadelphia,76ers,PHI,5,202397,Ish Smith,1610612755.0,Philadelphia,76ers,PHI,0,0,,,,,
0021500483,353,1,1,3,11:37 PM,7:12,Casspi 27' 3PT Jump Shot (7 PTS) (Rondo 10 AST),,,75 - 69,-6,4.0,201956,Omri Casspi,1610612758.0,Sacramento,Kings,SAC,4,200765,Rajon Rondo,1610612758.0,Sacramento,Kings,SAC,0,0,,,,,
0021500483,354,2,1,3,11:37 PM,6:55,Cousins BLOCK (3 BLK),,MISS Canaan 5' Jump Shot,,,5.0,203477,Isaiah Canaan,1610612755.0,Philadelphia,76ers,PHI,0,0,,,,,,4,202326,DeMarcus Cousins,1610612758.0,Sacramento,Kings,SAC
0021500483,355,4,0,3,11:37 PM,6:53,Rondo REBOUND (Off:0 Def:4),,,,,4.0,200765,Rajon Rondo,1610612758.0,Sacramento,Kings,SAC,0,0,,,,,,0,0,,,,,
0021500483,356,2,1,3,11:37 PM,6:45,MISS Collison 24' 3PT Jump Shot,,,,,4.0,201954,Darren Collison,1610612758.0,Sacramento,Kings,SAC,0,0,,,,,,0,0,,,,,
0021500483,357,4,0,3,11:37 PM,6:45,Acy REBOUND (Off:1 Def:0),,,,,4.0,203112,Quincy Acy,1610612758.0,Sacramento,Kings,SAC,0,0,,,,,,0,0,,,,,
0021500483,358,1,79,3,11:38 PM,6:39,Rondo 17' Pullup Jump Shot (6 PTS),,,75 - 71,-4,4.0,200765,Rajon Rondo,1610612758.0,Sacramento,Kings,SAC,0,0,,,,,,0,0,,,,,
0021500483,359,9,1,3,11:38 PM,6:30,,,76ers Timeout: Regular (Reg.3 Short 1),,,3.0,1610612755,,,,,,0,0,,,,,,0,0,,,,,
0021500483,363,1,1,3,11:40 PM,6:25,,,Canaan 27' 3PT Jump Shot (15 PTS) (Noel 2 AST),78 - 71,-7,5.0,203477,Isaiah Canaan,1610612755.0,Philadelphia,76ers,PHI,5,203457,Nerlens Noel,1610612755.0,Philadelphia,76ers,PHI,0,0,,,,,
0021500483,364,5,2,3,11:41 PM,6:09,Cousins Lost Ball Turnover (P5.T17),,Noel STEAL (4 STL),,,4.0,202326,DeMarcus Cousins,1610612758.0,Sacramento,Kings,SAC,5,203457,Nerlens Noel,1610612755.0,Philadelphia,76ers,PHI,0,0,,,,,
0021500483,365,6,1,3,11:41 PM,6:05,Casspi P.FOUL (P3.PN) (S.Wall),,,,,4.0,201956,Omri Casspi,1610612758.0,Sacramento,Kings,SAC,5,203924,Jerami Grant,1610612755.0,Philadelphia,76ers,PHI,1,0,,,,,
0021500483,366,3,11,3,11:41 PM,6:05,,,Grant Free Throw 1 of 2 (10 PTS),79 - 71,-8,5.0,203924,Jerami Grant,1610612755.0,Philadelphia,76ers,PHI,0,0,,,,,,0,0,,,,,
0021500483,368,8,0,3,11:41 PM,6:05,,,SUB: Okafor FOR Noel,,,5.0,203457,Nerlens Noel,1610612755.0,Philadelphia,76ers,PHI,5,1626143,Jahlil Okafor,1610612755.0,Philadelphia,76ers,PHI,0,0,,,,,
0021500483,369,3,12,3,11:41 PM,6:05,,,Grant Free Throw 2 of 2 (11 PTS),80 - 71,-9,5.0,203924,Jerami Grant,1610612755.0,Philadelphia,76ers,PHI,0,0,,,,,,0,0,,,,,
0021500483,371,6,2,3,11:42 PM,5:53,,,Grant S.FOUL (P1.T3) (S.Wall),,,5.0,203924,Jerami Grant,1610612755.0,Philadelphia,76ers,PHI,4,202326,DeMarcus Cousins,1610612758.0,Sacramento,Kings,SAC,1,0,,,,,
0021500483,372,3,11,3,11:42 PM,5:53,Cousins Free Throw 1 of 2 (16 PTS),,,80 - 72,-8,4.0,202326,DeMarcus Cousins,1610612758.0,Sacramento,Kings,SAC,0,0,,,,,,0,0,,,,,
0021500483,374,3,12,3,11:43 PM,5:53,MISS Cousins Free Throw 2 of 2,,,,,4.0,202326,DeMarcus Cousins,1610612758.0,Sacramento,Kings,SAC,0,0,,,,,,0,0,,,,,
0021500483,376,4,0,3,11:43 PM,5:51,Rondo REBOUND (Off:1 Def:4),,,,,4.0,200765,Rajon Rondo,1610612758.0,Sacramento,Kings,SAC,0,0,,,,,,0,0,,,,,
0021500483,377,2,1,3,11:43 PM,5:45,MISS Casspi 28' 3PT Jump Shot,,,,,4.0,201956,Omri Casspi,1610612758.0,Sacramento,Kings,SAC,0,0,,,,,,0,0,,,,,
0021500483,378,4,0,3,11:43 PM,5:45,,,76ers Rebound,,,3.0,1610612755,,,,,,0,0,,,,,,0,0,,,,,
0021500483,379,6,1,3,11:43 PM,5:45,Rondo P.FOUL (P2.PN) (B.Nansel),,,,,4.0,200765,Rajon Rondo,1610612758.0,Sacramento,Kings,SAC,5,202397,Ish Smith,1610612755.0,Philadelphia,76ers,PHI,1,0,,,,,
0021500483,380,3,11,3,11:43 PM,5:45,,,Smith Free Throw 1 of 2 (12 PTS),81 - 72,-9,5.0,202397,Ish Smith,1610612755.0,Philadelphia,76ers,PHI,0,0,,,,,,0,0,,,,,
0021500483,382,3,12,3,11:43 PM,5:45,,,Smith Free Throw 2 of 2 (13 PTS),82 - 72,-10,5.0,202397,Ish Smith,1610612755.0,Philadelphia,76ers,PHI,0,0,,,,,,0,0,,,,,
0021500483,384,2,1,3,11:44 PM,5:33,MISS Cousins 25' 3PT Jump Shot,,,,,4.0,202326,DeMarcus Cousins,1610612758.0,Sacramento,Kings,SAC,0,0,,,,,,0,0,,,,,
0021500483,385,4,0,3,11:44 PM,5:33,,,Covington REBOUND (Off:0 Def:1),,,5.0,203496,Robert Covington,1610612755.0,Philadelphia,76ers,PHI,0,0,,,,,,0,0,,,,,
0021500483,386,2,57,3,11:44 PM,5:20,,,MISS Smith 6' Driving Hook Shot,,,5.0,202397,Ish Smith,1610612755.0,Philadelphia,76ers,PHI,0,0,,,,,,0,0,,,,,
0021500483,387,4,0,3,11:44 PM,5:20,KINGS Rebound,,,,,2.0,1610612758,,,,,,0,0,,,,,,0,0,,,,,
0021500483,388,6,3,3,11:44 PM,5:20,,,Grant L.B.FOUL (P2.T4) (S.Wall),,,5.0,203924,Jerami Grant,1610612755.0,Philadelphia,76ers,PHI,4,203112,Quincy Acy,1610612758.0,Sacramento,Kings,SAC,1,0,,,,,
0021500483,389,6,2,3,11:45 PM,5:04,,,Okafor S.FOUL (P3.PN) (B.Nansel),,,5.0,1626143,Jahlil Okafor,1610612755.0,Philadelphia,76ers,PHI,4,202326,DeMarcus Cousins,1610612758.0,Sacramento,Kings,SAC,1,0,,,,,
0021500483,390,3,11,3,11:45 PM,5:04,Cousins Free Throw 1 of 2 (17 PTS),,,82 - 73,-9,4.0,202326,DeMarcus Cousins,1610612758.0,Sacramento,Kings,SAC,0,0,,,,,,0,0,,,,,
0021500483,392,8,0,3,11:45 PM,5:04,,,SUB: Stauskas FOR Grant,,,5.0,203924,Jerami Grant,1610612755.0,Philadelphia,76ers,PHI,5,203917,Nik Stauskas,1610612755.0,Philadelphia,76ers,PHI,0,0,,,,,
0021500483,393,3,12,3,11:45 PM,5:04,MISS Cousins Free Throw 2 of 2,,,,,4.0,202326,DeMarcus Cousins,1610612758.0,Sacramento,Kings,SAC,0,0,,,,,,0,0,,,,,
0021500483,395,4,0,3,11:45 PM,5:03,KINGS Rebound,,,,,2.0,1610612758,,,,,,0,0,,,,,,0,0,,,,,
0021500483,396,6,3,3,11:45 PM,5:03,,,Covington L.B.FOUL (P4.PN) (J.Capers),,,5.0,203496,Robert Covington,1610612755.0,Philadelphia,76ers,PHI,4,203112,Quincy Acy,1610612758.0,Sacramento,Kings,SAC,1,0,,,,,
0021500483,397,3,11,3,11:45 PM,5:03,Acy Free Throw 1 of 2 (1 PTS),,,82 - 74,-8,4.0,203112,Quincy Acy,1610612758.0,Sacramento,Kings,SAC,0,0,,,,,,0,0,,,,,
0021500483,399,8,0,3,11:46 PM,5:03,,,SUB: Holmes FOR Covington,,,5.0,203496,Robert Covington,1610612755.0,Philadelphia,76ers,PHI,5,1626158,Richaun Holmes,1610612755.0,Philadelphia,76ers,PHI,0,0,,,,,
0021500483,400,3,12,3,11:46 PM,5:03,Acy Free Throw 2 of 2 (2 PTS),,,82 - 75,-7,4.0,203112,Quincy Acy,1610612758.0,Sacramento,Kings,SAC,0,0,,,,,,0,0,,,,,
0021500483,402,2,1,3,11:46 PM,4:38,,,MISS Okafor 9' Jump Shot,,,5.0,1626143,Jahlil Okafor,1610612755.0,Philadelphia,76ers,PHI,0,0,,,,,,0,0,,,,,
0021500483,403,4,0,3,11:46 PM,4:38,,,Holmes REBOUND (Off:1 Def:0),,,5.0,1626158,Richaun Holmes,1610612755.0,Philadelphia,76ers,PHI,0,0,,,,,,0,0,,,,,
0021500483,404,2,1,3,11:47 PM,4:35,,,MISS Stauskas 25' 3PT Jump Shot,,,5.0,203917,Nik Stauskas,1610612755.0,Philadelphia,76ers,PHI,0,0,,,,,,0,0,,,,,
0021500483,405,4,0,3,11:47 PM,4:34,Acy REBOUND (Off:1 Def:1),,,,,4.0,203112,Quincy Acy,1610612758.0,Sacramento,Kings,SAC,0,0,,,,,,0,0,,,,,
0021500483,406,2,5,3,11:47 PM,4:27,MISS Collison 3' Layup,,Smith BLOCK (2 BLK),,,4.0,201954,Darren Collison,1610612758.0,Sacramento,Kings,SAC,0,0,,,,,,5,202397,Ish Smith,1610612755.0,Philadelphia,76ers,PHI
0021500483,407,4,0,3,11:47 PM,4:26,,,Okafor REBOUND (Off:3 Def:3),,,5.0,1626143,Jahlil Okafor,1610612755.0,Philadelphia,76ers,PHI,0,0,,,,,,0,0,,,,,
0021500483,408,2,1,3,11:47 PM,4:20,,,MISS Canaan 25' 3PT Jump Shot,,,5.0,203477,Isaiah Canaan,1610612755.0,Philadelphia,76ers,PHI,0,0,,,,,,0,0,,,,,
0021500483,409,4,0,3,11:47 PM,4:19,Cousins REBOUND (Off:1 Def:7),,,,,4.0,202326,DeMarcus Cousins,1610612758.0,Sacramento,Kings,SAC,0,0,,,,,,0,0,,,,,
0021500483,410,2,5,3,11:47 PM,4:09,MISS Collison 3' Layup,,Stauskas BLOCK (1 BLK),,,4.0,201954,Darren Collison,1610612758.0,Sacramento,Kings,SAC,0,0,,,,,,5,203917,Nik Stauskas,1610612755.0,Philadelphia,76ers,PHI
0021500483,411,4,0,3,11:47 PM,4:08,,,Okafor REBOUND (Off:3 Def:4),,,5.0,1626143,Jahlil Okafor,1610612755.0,Philadelphia,76ers,PHI,0,0,,,,,,0,0,,,,,
0021500483,412,2,1,3,11:47 PM,4:00,,,MISS Canaan  3PT Jump Shot,,,5.0,203477,Isaiah Canaan,1610612755.0,Philadelphia,76ers,PHI,0,0,,,,,,0,0,,,,,
0021500483,413,4,0,3,11:47 PM,3:59,Cousins REBOUND (Off:1 Def:8),,,,,4.0,202326,DeMarcus Cousins,1610612758.0,Sacramento,Kings,SAC,0,0,,,,,,0,0,,,,,
0021500483,414,2,1,3,11:47 PM,3:44,MISS Cousins 5' Jump Shot,,,,,4.0,202326,DeMarcus Cousins,1610612758.0,Sacramento,Kings,SAC,0,0,,,,,,0,0,,,,,
0021500483,416,4,0,3,11:47 PM,3:43,Acy REBOUND (Off:2 Def:1),,,,,4.0,203112,Quincy Acy,1610612758.0,Sacramento,Kings,SAC,0,0,,,,,,0,0,,,,,
0021500483,415,2,97,3,11:47 PM,3:43,MISS Acy 2' Tip Layup Shot,,,,,4.0,203112,Quincy Acy,1610612758.0,Sacramento,Kings,SAC,0,0,,,,,,0,0,,,,,
0021500483,417,4,0,3,11:47 PM,3:42,Casspi REBOUND (Off:2 Def:6),,,,,4.0,201956,Omri Casspi,1610612758.0,Sacramento,Kings,SAC,0,0,,,,,,0,0,,,,,
0021500483,418,5,1,3,11:48 PM,3:36,Rondo Bad Pass Turnover (P6.T18),,Okafor STEAL (1 STL),,,4.0,200765,Rajon Rondo,1610612758.0,Sacramento,Kings,SAC,5,1626143,Jahlil Okafor,1610612755.0,Philadelphia,76ers,PHI,0,0,,,,,
0021500483,419,5,1,3,11:48 PM,3:29,Rondo STEAL (2 STL),,Smith Bad Pass Turnover (P1.T9),,,5.0,202397,Ish Smith,1610612755.0,Philadelphia,76ers,PHI,4,200765,Rajon Rondo,1610612758.0,Sacramento,Kings,SAC,0,0,,,,,
0021500483,420,1,42,3,11:48 PM,3:23,Collison 2' Driving Layup (13 PTS) (Rondo 11 AST),,,82 - 77,-5,4.0,201954,Darren Collison,1610612758.0,Sacramento,Kings,SAC,4,200765,Rajon Rondo,1610612758.0,Sacramento,Kings,SAC,0,0,,,,,
0021500483,421,2,46,3,11:48 PM,3:02,,,MISS Canaan 9' Running Jump Shot,,,5.0,203477,Isaiah Canaan,1610612755.0,Philadelphia,76ers,PHI,0,0,,,,,,0,0,,,,,
0021500483,422,4,0,3,11:48 PM,3:01,Acy REBOUND (Off:2 Def:2),,,,,4.0,203112,Quincy Acy,1610612758.0,Sacramento,Kings,SAC,0,0,,,,,,0,0,,,,,
0021500483,423,2,5,3,11:48 PM,2:54,MISS Casspi 3' Layup,,,,,4.0,201956,Omri Casspi,1610612758.0,Sacramento,Kings,SAC,0,0,,,,,,0,0,,,,,
0021500483,424,4,0,3,11:48 PM,2:53,Collison REBOUND (Off:1 Def:2),,,,,4.0,201954,Darren Collison,1610612758.0,Sacramento,Kings,SAC,0,0,,,,,,0,0,,,,,
0021500483,425,2,1,3,11:48 PM,2:49,MISS Rondo 25' 3PT Jump Shot,,,,,4.0,200765,Rajon Rondo,1610612758.0,Sacramento,Kings,SAC,0,0,,,,,,0,0,,,,,
0021500483,426,4,0,3,11:48 PM,2:48,,,Okafor REBOUND (Off:3 Def:5),,,5.0,1626143,Jahlil Okafor,1610612755.0,Philadelphia,76ers,PHI,0,0,,,,,,0,0,,,,,
0021500483,427,2,1,3,11:49 PM,2:29,,,MISS Smith 7' Jump Shot,,,5.0,202397,Ish Smith,1610612755.0,Philadelphia,76ers,PHI,0,0,,,,,,0,0,,,,,
0021500483,428,4,0,3,11:49 PM,2:27,Cousins REBOUND (Off:1 Def:9),,,,,4.0,202326,DeMarcus Cousins,1610612758.0,Sacramento,Kings,SAC,0,0,,,,,,0,0,,,,,
0021500483,429,1,78,3,11:49 PM,2:10,Rondo 7' Floating Jump Shot (8 PTS),,,82 - 79,-3,4.0,200765,Rajon Rondo,1610612758.0,Sacramento,Kings,SAC,0,0,,,,,,0,0,,,,,
0021500483,430,2,1,3,11:49 PM,1:46,,,MISS Canaan  3PT Jump Shot,,,5.0,203477,Isaiah Canaan,1610612755.0,Philadelphia,76ers,PHI,0,0,,,,,,0,0,,,,,
0021500483,431,4,0,3,11:49 PM,1:46,,,76ers Rebound,,,3.0,1610612755,,,,,,0,0,,,,,,0,0,,,,,
0021500483,432,7,1,3,11:50 PM,1:46,,,76ers Violation: Delay of game Violation,,,3.0,1610612755,,,,,,0,0,,,,,,1,0,,,,,
0021500483,433,8,0,3,11:50 PM,1:46,,,SUB: McConnell FOR Smith,,,5.0,202397,Ish Smith,1610612755.0,Philadelphia,76ers,PHI,5,204456,T.J. McConnell,1610612755.0,Philadelphia,76ers,PHI,0,0,,,,,
0021500483,434,8,0,3,11:50 PM,1:46,SUB: Belinelli FOR Casspi,,,,,4.0,201956,Omri Casspi,1610612758.0,Sacramento,Kings,SAC,4,201158,Marco Belinelli,1610612758.0,Sacramento,Kings,SAC,0,0,,,,,
0021500483,435,8,0,3,11:50 PM,1:46,SUB: Gay FOR Cousins,,,,,4.0,202326,DeMarcus Cousins,1610612758.0,Sacramento,Kings,SAC,4,200752,Rudy Gay,1610612758.0,Sacramento,Kings,SAC,0,0,,,,,
0021500483,436,8,0,3,11:50 PM,1:46,SUB: Koufos FOR Acy,,,,,4.0,203112,Quincy Acy,1610612758.0,Sacramento,Kings,SAC,4,201585,Kosta Koufos,1610612758.0,Sacramento,Kings,SAC,0,0,,,,,
0021500483,437,2,1,3,11:50 PM,1:37,,,MISS McConnell 19' Jump Shot,,,5.0,204456,T.J. McConnell,1610612755.0,Philadelphia,76ers,PHI,0,0,,,,,,0,0,,,,,
0021500483,438,4,0,3,11:50 PM,1:37,,,Holmes REBOUND (Off:2 Def:0),,,5.0,1626158,Richaun Holmes,1610612755.0,Philadelphia,76ers,PHI,0,0,,,,,,0,0,,,,,
0021500483,440,8,0,3,11:50 PM,1:37,,,SUB: Covington FOR Canaan,,,5.0,203477,Isaiah Canaan,1610612755.0,Philadelphia,76ers,PHI,5,203496,Robert Covington,1610612755.0,Philadelphia,76ers,PHI,0,0,,,,,
0021500483,442,10,0,3,11:51 PM,1:36,Jump Ball Rondo vs. Holmes: Tip to Covington,,,,,4.0,200765,Rajon Rondo,1610612758.0,Sacramento,Kings,SAC,5,1626158,Richaun Holmes,1610612755.0,Philadelphia,76ers,PHI,5,203496,Robert Covington,1610612755.0,Philadelphia,76ers,PHI
0021500483,444,2,1,3,11:51 PM,1:29,,,MISS Stauskas 24' 3PT Jump Shot,,,5.0,203917,Nik Stauskas,1610612755.0,Philadelphia,76ers,PHI,0,0,,,,,,0,0,,,,,
0021500483,445,4,0,3,11:51 PM,1:28,Collison REBOUND (Off:1 Def:3),,,,,4.0,201954,Darren Collison,1610612758.0,Sacramento,Kings,SAC,0,0,,,,,,0,0,,,,,
0021500483,446,2,1,3,11:51 PM,1:11,MISS Collison 24' 3PT Jump Shot,,,,,4.0,201954,Darren Collison,1610612758.0,Sacramento,Kings,SAC,0,0,,,,,,0,0,,,,,
0021500483,447,4,0,3,11:51 PM,1:11,,,McConnell REBOUND (Off:0 Def:1),,,5.0,204456,T.J. McConnell,1610612755.0,Philadelphia,76ers,PHI,0,0,,,,,,0,0,,,,,
0021500483,449,6,2,3,11:51 PM,0:59,Belinelli S.FOUL (P1.PN) (B.Nansel),,,,,4.0,201158,Marco Belinelli,1610612758.0,Sacramento,Kings,SAC,5,1626143,Jahlil Okafor,1610612755.0,Philadelphia,76ers,PHI,1,0,,,,,
0021500483,450,3,11,3,11:52 PM,0:59,,,MISS Okafor Free Throw 1 of 2,,,5.0,1626143,Jahlil Okafor,1610612755.0,Philadelphia,76ers,PHI,0,0,,,,,,0,0,,,,,
0021500483,451,4,1,3,11:52 PM,0:59,,,76ers Rebound,,,3.0,1610612755,,,,,,0,0,,,,,,0,0,,,,,
0021500483,452,8,0,3,11:52 PM,0:59,,,SUB: Grant FOR Covington,,,5.0,203496,Robert Covington,1610612755.0,Philadelphia,76ers,PHI,5,203924,Jerami Grant,1610612755.0,Philadelphia,76ers,PHI,0,0,,,,,
0021500483,453,8,0,3,11:52 PM,0:59,,,SUB: Sampson FOR Stauskas,,,5.0,203917,Nik Stauskas,1610612755.0,Philadelphia,76ers,PHI,5,203960,JaKarr Sampson,1610612755.0,Philadelphia,76ers,PHI,0,0,,,,,
0021500483,455,3,12,3,11:52 PM,0:59,,,Okafor Free Throw 2 of 2 (6 PTS),83 - 79,-4,5.0,1626143,Jahlil Okafor,1610612755.0,Philadelphia,76ers,PHI,0,0,,,,,,0,0,,,,,
0021500483,457,5,45,3,11:53 PM,0:51,Rondo Out of Bounds - Bad Pass Turnover Turnover (P7.T19),,,,,4.0,200765,Rajon Rondo,1610612758.0,Sacramento,Kings,SAC,0,0,,,,,,0,0,,,,,
0021500483,458,8,0,3,11:53 PM,0:51,,,SUB: Stauskas FOR Sampson,,,5.0,203960,JaKarr Sampson,1610612755.0,Philadelphia,76ers,PHI,5,203917,Nik Stauskas,1610612755.0,Philadelphia,76ers,PHI,0,0,,,,,
0021500483,459,8,0,3,11:53 PM,0:51,,,SUB: Covington FOR Grant,,,5.0,203924,Jerami Grant,1610612755.0,Philadelphia,76ers,PHI,5,203496,Robert Covington,1610612755.0,Philadelphia,76ers,PHI,0,0,,,,,
0021500483,460,6,2,3,11:53 PM,0:34,Koufos S.FOUL (P2.PN) (J.Capers),,,,,4.0,201585,Kosta Koufos,1610612758.0,Sacramento,Kings,SAC,5,1626143,Jahlil Okafor,1610612755.0,Philadelphia,76ers,PHI,1,0,,,,,
0021500483,461,3,11,3,11:54 PM,0:34,,,MISS Okafor Free Throw 1 of 2,,,5.0,1626143,Jahlil Okafor,1610612755.0,Philadelphia,76ers,PHI,0,0,,,,,,0,0,,,,,
0021500483,462,4,1,3,11:54 PM,0:34,,,76ers Rebound,,,3.0,1610612755,,,,,,0,0,,,,,,0,0,,,,,
0021500483,463,8,0,3,11:54 PM,0:34,,,SUB: Sampson FOR Stauskas,,,5.0,203917,Nik Stauskas,1610612755.0,Philadelphia,76ers,PHI,5,203960,JaKarr Sampson,1610612755.0,Philadelphia,76ers,PHI,0,0,,,,,
0021500483,464,8,0,3,11:54 PM,0:34,,,SUB: Grant FOR Covington,,,5.0,203496,Robert Covington,1610612755.0,Philadelphia,76ers,PHI,5,203924,Jerami Grant,1610612755.0,Philadelphia,76ers,PHI,0,0,,,,,
0021500483,465,3,12,3,11:54 PM,0:34,,,MISS Okafor Free Throw 2 of 2,,,5.0,1626143,Jahlil Okafor,1610612755.0,Philadelphia,76ers,PHI,0,0,,,,,,0,0,,,,,
0021500483,467,4,0,3,11:55 PM,0:32,KINGS Rebound,,,,,2.0,1610612758,,,,,,0,0,,,,,,0,0,,,,,
0021500483,468,1,1,3,11:55 PM,0:23,Gay 21' Jump Shot (4 PTS),,,83 - 81,-2,4.0,200752,Rudy Gay,1610612758.0,Sacramento,Kings,SAC,0,0,,,,,,0,0,,,,,
0021500483,469,1,5,3,11:55 PM,0:00,,,Holmes 2' Layup (2 PTS) (Grant 2 AST),85 - 81,-4,5.0,1626158,Richaun Holmes,1610612755.0,Philadelphia,76ers,PHI,5,203924,Jerami Grant,1610612755.0,Philadelphia,76ers,PHI,0,0,,,,,
0021500483,470,13,0,3,11:55 PM,0:00,,,,85 - 81,-4,0.0,0,,,,,,0,0,,,,,,0,0,,,,,
0021500483,472,12,0,4,11:58 PM,12:00,,,,85 - 81,-4,0.0,0,,,,,,0,0,,,,,,0,0,,,,,
0021500483,473,2,1,4,11:59 PM,11:44,MISS Belinelli 24' 3PT Jump Shot,,,,,4.0,201158,Marco Belinelli,1610612758.0,Sacramento,Kings,SAC,0,0,,,,,,0,0,,,,,
0021500483,474,4,0,4,11:59 PM,11:43,,,Stauskas REBOUND (Off:0 Def:2),,,5.0,203917,Nik Stauskas,1610612755.0,Philadelphia,76ers,PHI,0,0,,,,,,0,0,,,,,
0021500483,475,2,1,4,11:59 PM,11:30,,,MISS Stauskas 24' 3PT Jump Shot,,,5.0,203917,Nik Stauskas,1610612755.0,Philadelphia,76ers,PHI,0,0,,,,,,0,0,,,,,
0021500483,476,4,0,4,11:59 PM,11:29,Collison REBOUND (Off:1 Def:4),,,,,4.0,201954,Darren Collison,1610612758.0,Sacramento,Kings,SAC,0,0,,,,,,0,0,,,,,
0021500483,477,1,5,4,11:59 PM,11:27,Belinelli 1' Layup (18 PTS) (Collison 4 AST),,,85 - 83,-2,4.0,201158,Marco Belinelli,1610612758.0,Sacramento,Kings,SAC,4,201954,Darren Collison,1610612758.0,Sacramento,Kings,SAC,0,0,,,,,
0021500483,478,6,2,4,11:59 PM,11:27,,,Stauskas S.FOUL (P1.T1) (J.Capers),,,5.0,203917,Nik Stauskas,1610612755.0,Philadelphia,76ers,PHI,4,201158,Marco Belinelli,1610612758.0,Sacramento,Kings,SAC,1,0,,,,,
0021500483,479,3,10,4,11:59 PM,11:27,MISS Belinelli Free Throw 1 of 1,,,,,4.0,201158,Marco Belinelli,1610612758.0,Sacramento,Kings,SAC,0,0,,,,,,0,0,,,,,
0021500483,481,4,0,4,11:59 PM,11:26,,,Covington REBOUND (Off:0 Def:2),,,5.0,203496,Robert Covington,1610612755.0,Philadelphia,76ers,PHI,0,0,,,,,,0,0,,,,,
0021500483,482,2,1,4,12:00 AM,11:12,,,MISS Covington 8' Jump Shot,,,5.0,203496,Robert Covington,1610612755.0,Philadelphia,76ers,PHI,0,0,,,,,,0,0,,,,,
0021500483,483,4,0,4,12:00 AM,11:11,Gay REBOUND (Off:0 Def:6),,,,,4.0,200752,Rudy Gay,1610612758.0,Sacramento,Kings,SAC,0,0,,,,,,0,0,,,,,
0021500483,484,2,3,4,12:00 AM,11:03,MISS Koufos 7' Hook Shot,,,,,4.0,201585,Kosta Koufos,1610612758.0,Sacramento,Kings,SAC,0,0,,,,,,0,0,,,,,
0021500483,485,4,0,4,12:00 AM,11:02,,,Grant REBOUND (Off:2 Def:6),,,5.0,203924,Jerami Grant,1610612755.0,Philadelphia,76ers,PHI,0,0,,,,,,0,0,,,,,
0021500483,486,1,1,4,12:00 AM,10:42,,,Okafor 6' Jump Shot (8 PTS) (Stauskas 2 AST),87 - 83,-4,5.0,1626143,Jahlil Okafor,1610612755.0,Philadelphia,76ers,PHI,5,203917,Nik Stauskas,1610612755.0,Philadelphia,76ers,PHI,0,0,,,,,
0021500483,487,2,46,4,12:01 AM,10:21,MISS Gay 5' Running Jump Shot,,Grant BLOCK (4 BLK),,,4.0,200752,Rudy Gay,1610612758.0,Sacramento,Kings,SAC,0,0,,,,,,5,203924,Jerami Grant,1610612755.0,Philadelphia,76ers,PHI
0021500483,488,4,0,4,12:01 AM,10:21,KINGS Rebound,,,,,2.0,1610612758,,,,,,0,0,,,,,,0,0,,,,,
0021500483,489,1,1,4,12:01 AM,10:15,Gay 8' Jump Shot (6 PTS),,,87 - 85,-2,4.0,200752,Rudy Gay,1610612758.0,Sacramento,Kings,SAC,0,0,,,,,,0,0,,,,,
0021500483,490,1,1,4,12:01 AM,9:56,,,Covington 25' 3PT Jump Shot (5 PTS) (McConnell 3 AST),90 - 85,-5,5.0,203496,Robert Covington,1610612755.0,Philadelphia,76ers,PHI,5,204456,T.J. McConnell,1610612755.0,Philadelphia,76ers,PHI,0,0,,,,,
0021500483,491,6,2,4,12:02 AM,9:37,,,McConnell S.FOUL (P2.T2) (B.Nansel),,,5.0,204456,T.J. McConnell,1610612755.0,Philadelphia,76ers,PHI,4,201158,Marco Belinelli,1610612758.0,Sacramento,Kings,SAC,1,0,,,,,
0021500483,492,3,11,4,12:02 AM,9:37,Belinelli Free Throw 1 of 2 (19 PTS),,,90 - 86,-4,4.0,201158,Marco Belinelli,1610612758.0,Sacramento,Kings,SAC,0,0,,,,,,0,0,,,,,
0021500483,494,3,12,4,12:02 AM,9:37,MISS Belinelli Free Throw 2 of 2,,,,,4.0,201158,Marco Belinelli,1610612758.0,Sacramento,Kings,SAC,0,0,,,,,,0,0,,,,,
0021500483,496,4,0,4,12:02 AM,9:36,,,Covington REBOUND (Off:0 Def:3),,,5.0,203496,Robert Covington,1610612755.0,Philadelphia,76ers,PHI,0,0,,,,,,0,0,,,,,
0021500483,497,1,78,4,12:03 AM,9:20,,,Grant 6' Floating Jump Shot (13 PTS) (McConnell 4 AST),92 - 86,-6,5.0,203924,Jerami Grant,1610612755.0,Philadelphia,76ers,PHI,5,204456,T.J. McConnell,1610612755.0,Philadelphia,76ers,PHI,0,0,,,,,
0021500483,498,5,45,4,12:03 AM,9:07,Collison Out of Bounds - Bad Pass Turnover Turnover (P2.T20),,,,,4.0,201954,Darren Collison,1610612758.0,Sacramento,Kings,SAC,0,0,,,,,,0,0,,,,,
0021500483,499,9,1,4,12:03 AM,8:59,,,76ers Timeout: Regular (Reg.4 Short 1),,,3.0,1610612755,,,,,,0,0,,,,,,0,0,,,,,
0021500483,501,8,0,4,12:05 AM,8:59,SUB: Rondo FOR Collison,,,,,4.0,201954,Darren Collison,1610612758.0,Sacramento,Kings,SAC,4,200765,Rajon Rondo,1610612758.0,Sacramento,Kings,SAC,0,0,,,,,
0021500483,503,6,1,4,12:06 AM,8:45,Rondo P.FOUL (P3.T1) (S.Wall),,,,,4.0,200765,Rajon Rondo,1610612758.0,Sacramento,Kings,SAC,5,203924,Jerami Grant,1610612755.0,Philadelphia,76ers,PHI,1,0,,,,,
0021500483,504,1,1,4,12:06 AM,8:30,,,Covington 24' 3PT Jump Shot (8 PTS) (McConnell 5 AST),95 - 86,-9,5.0,203496,Robert Covington,1610612755.0,Philadelphia,76ers,PHI,5,204456,T.J. McConnell,1610612755.0,Philadelphia,76ers,PHI,0,0,,,,,
0021500483,505,1,1,4,12:07 AM,8:13,Belinelli 25' 3PT Jump Shot (22 PTS) (Rondo 12 AST),,,95 - 89,-6,4.0,201158,Marco Belinelli,1610612758.0,Sacramento,Kings,SAC,4,200765,Rajon Rondo,1610612758.0,Sacramento,Kings,SAC,0,0,,,,,
0021500483,506,5,45,4,12:07 AM,7:59,,,Okafor Out of Bounds - Bad Pass Turnover Turnover (P2.T10),,,5.0,1626143,Jahlil Okafor,1610612755.0,Philadelphia,76ers,PHI,0,0,,,,,,0,0,,,,,
0021500483,507,8,0,4,12:07 AM,7:59,SUB: Casspi FOR McLemore,,,,,4.0,203463,Ben McLemore,1610612758.0,Sacramento,Kings,SAC,4,201956,Omri Casspi,1610612758.0,Sacramento,Kings,SAC,0,0,,,,,
0021500483,508,8,0,4,12:07 AM,7:59,SUB: Cousins FOR Koufos,,,,,4.0,201585,Kosta Koufos,1610612758.0,Sacramento,Kings,SAC,4,202326,DeMarcus Cousins,1610612758.0,Sacramento,Kings,SAC,0,0,,,,,
0021500483,509,2,78,4,12:07 AM,7:42,MISS Belinelli 9' Floating Jump Shot,,,,,4.0,201158,Marco Belinelli,1610612758.0,Sacramento,Kings,SAC,0,0,,,,,,0,0,,,,,
0021500483,510,4,0,4,12:07 AM,7:42,,,Grant REBOUND (Off:2 Def:7),,,5.0,203924,Jerami Grant,1610612755.0,Philadelphia,76ers,PHI,0,0,,,,,,0,0,,,,,
0021500483,511,6,1,4,12:07 AM,7:42,Casspi P.FOUL (P4.T2) (J.Capers),,,,,4.0,201956,Omri Casspi,1610612758.0,Sacramento,Kings,SAC,5,203924,Jerami Grant,1610612755.0,Philadelphia,76ers,PHI,1,0,,,,,
0021500483,512,2,1,4,12:08 AM,7:27,Gay BLOCK (2 BLK),,MISS McConnell 11' Jump Shot,,,5.0,204456,T.J. McConnell,1610612755.0,Philadelphia,76ers,PHI,0,0,,,,,,4,200752,Rudy Gay,1610612758.0,Sacramento,Kings,SAC
0021500483,513,4,0,4,12:08 AM,7:26,,,Okafor REBOUND (Off:4 Def:5),,,5.0,1626143,Jahlil Okafor,1610612755.0,Philadelphia,76ers,PHI,0,0,,,,,,0,0,,,,,
0021500483,514,2,45,4,12:08 AM,7:23,,,MISS Okafor 7' Jump Shot,,,5.0,1626143,Jahlil Okafor,1610612755.0,Philadelphia,76ers,PHI,0,0,,,,,,0,0,,,,,
0021500483,515,4,0,4,12:08 AM,7:22,Casspi REBOUND (Off:2 Def:7),,,,,4.0,201956,Omri Casspi,1610612758.0,Sacramento,Kings,SAC,0,0,,,,,,0,0,,,,,
0021500483,516,6,1,4,12:08 AM,7:18,,,Okafor P.FOUL (P4.T3) (J.Capers),,,5.0,1626143,Jahlil Okafor,1610612755.0,Philadelphia,76ers,PHI,4,202326,DeMarcus Cousins,1610612758.0,Sacramento,Kings,SAC,1,0,,,,,
0021500483,517,1,1,4,12:08 AM,7:08,Casspi  3PT Jump Shot (10 PTS),,,95 - 92,-3,4.0,201956,Omri Casspi,1610612758.0,Sacramento,Kings,SAC,0,0,,,,,,0,0,,,,,
0021500483,519,2,1,4,12:09 AM,6:45,,,MISS Grant  3PT Jump Shot,,,5.0,203924,Jerami Grant,1610612755.0,Philadelphia,76ers,PHI,0,0,,,,,,0,0,,,,,
0021500483,520,4,0,4,12:09 AM,6:44,KINGS Rebound,,,,,2.0,1610612758,,,,,,0,0,,,,,,0,0,,,,,
0021500483,521,2,1,4,12:10 AM,6:20,MISS Casspi 25' 3PT Jump Shot,,,,,4.0,201956,Omri Casspi,1610612758.0,Sacramento,Kings,SAC,0,0,,,,,,0,0,,,,,
0021500483,522,4,0,4,12:10 AM,6:19,,,Stauskas REBOUND (Off:0 Def:3),,,5.0,203917,Nik Stauskas,1610612755.0,Philadelphia,76ers,PHI,0,0,,,,,,0,0,,,,,
0021500483,523,2,1,4,12:10 AM,6:14,,,MISS Stauskas 6' Jump Shot,,,5.0,203917,Nik Stauskas,1610612755.0,Philadelphia,76ers,PHI,0,0,,,,,,0,0,,,,,
0021500483,525,4,0,4,12:10 AM,6:12,,,Okafor REBOUND (Off:5 Def:5),,,5.0,1626143,Jahlil Okafor,1610612755.0,Philadelphia,76ers,PHI,0,0,,,,,,0,0,,,,,
0021500483,524,1,97,4,12:10 AM,6:12,,,Okafor 1' Tip Layup Shot (10 PTS),97 - 92,-5,5.0,1626143,Jahlil Okafor,1610612755.0,Philadelphia,76ers,PHI,0,0,,,,,,0,0,,,,,
0021500483,526,6,2,4,12:10 AM,5:48,,,Stauskas S.FOUL (P2.T4) (J.Capers),,,5.0,203917,Nik Stauskas,1610612755.0,Philadelphia,76ers,PHI,4,202326,DeMarcus Cousins,1610612758.0,Sacramento,Kings,SAC,1,0,,,,,
0021500483,527,9,4,4,12:10 AM,5:48,,,,,,1.0,0,,,,,,0,0,,,,,,0,0,,,,,
0021500483,530,8,0,4,12:13 AM,5:48,,,SUB: Canaan FOR Covington,,,5.0,203496,Robert Covington,1610612755.0,Philadelphia,76ers,PHI,5,203477,Isaiah Canaan,1610612755.0,Philadelphia,76ers,PHI,0,0,,,,,
0021500483,531,8,0,4,12:13 AM,5:48,,,SUB: Smith FOR Okafor,,,5.0,1626143,Jahlil Okafor,1610612755.0,Philadelphia,76ers,PHI,5,202397,Ish Smith,1610612755.0,Philadelphia,76ers,PHI,0,0,,,,,
0021500483,532,8,0,4,12:13 AM,5:48,,,SUB: Noel FOR McConnell,,,5.0,204456,T.J. McConnell,1610612755.0,Philadelphia,76ers,PHI,5,203457,Nerlens Noel,1610612755.0,Philadelphia,76ers,PHI,0,0,,,,,
0021500483,533,3,11,4,12:13 AM,5:48,Cousins Free Throw 1 of 2 (18 PTS),,,97 - 93,-4,4.0,202326,DeMarcus Cousins,1610612758.0,Sacramento,Kings,SAC,0,0,,,,,,0,0,,,,,
0021500483,535,3,12,4,12:13 AM,5:48,MISS Cousins Free Throw 2 of 2,,,,,4.0,202326,DeMarcus Cousins,1610612758.0,Sacramento,Kings,SAC,0,0,,,,,,0,0,,,,,
0021500483,537,4,0,4,12:13 AM,5:48,,,Canaan REBOUND (Off:0 Def:3),,,5.0,203477,Isaiah Canaan,1610612755.0,Philadelphia,76ers,PHI,0,0,,,,,,0,0,,,,,
0021500483,538,2,5,4,12:14 AM,5:26,,,MISS Smith 4' Layup,,,5.0,202397,Ish Smith,1610612755.0,Philadelphia,76ers,PHI,0,0,,,,,,0,0,,,,,
0021500483,539,4,0,4,12:14 AM,5:26,Casspi REBOUND (Off:2 Def:8),,,,,4.0,201956,Omri Casspi,1610612758.0,Sacramento,Kings,SAC,0,0,,,,,,0,0,,,,,
0021500483,540,2,1,4,12:14 AM,5:20,MISS Rondo 18' Jump Shot,,,,,4.0,200765,Rajon Rondo,1610612758.0,Sacramento,Kings,SAC,0,0,,,,,,0,0,,,,,
0021500483,541,4,0,4,12:14 AM,5:19,,,Noel REBOUND (Off:2 Def:5),,,5.0,203457,Nerlens Noel,1610612755.0,Philadelphia,76ers,PHI,0,0,,,,,,0,0,,,,,
0021500483,542,5,15,4,12:14 AM,5:12,,,Noel Offensive Goaltending Turnover (P1.T11),,,5.0,203457,Nerlens Noel,1610612755.0,Philadelphia,76ers,PHI,0,0,,,,,,1,0,,,,,
0021500483,543,6,1,4,12:14 AM,5:08,,,Noel P.FOUL (P2.PN) (B.Nansel),,,5.0,203457,Nerlens Noel,1610612755.0,Philadelphia,76ers,PHI,4,202326,DeMarcus Cousins,1610612758.0,Sacramento,Kings,SAC,1,0,,,,,
0021500483,544,3,11,4,12:15 AM,5:08,Cousins Free Throw 1 of 2 (19 PTS),,,97 - 94,-3,4.0,202326,DeMarcus Cousins,1610612758.0,Sacramento,Kings,SAC,0,0,,,,,,0,0,,,,,
0021500483,546,8,0,4,12:15 AM,5:08,,,SUB: Covington FOR Stauskas,,,5.0,203917,Nik Stauskas,1610612755.0,Philadelphia,76ers,PHI,5,203496,Robert Covington,1610612755.0,Philadelphia,76ers,PHI,0,0,,,,,
0021500483,547,3,12,4,12:15 AM,5:08,MISS Cousins Free Throw 2 of 2,,,,,4.0,202326,DeMarcus Cousins,1610612758.0,Sacramento,Kings,SAC,0,0,,,,,,0,0,,,,,
0021500483,549,4,0,4,12:15 AM,5:07,,,Covington REBOUND (Off:0 Def:4),,,5.0,203496,Robert Covington,1610612755.0,Philadelphia,76ers,PHI,0,0,,,,,,0,0,,,,,
0021500483,550,6,2,4,12:15 AM,4:56,Cousins S.FOUL (P5.T3) (B.Nansel),,,,,4.0,202326,DeMarcus Cousins,1610612758.0,Sacramento,Kings,SAC,5,203457,Nerlens Noel,1610612755.0,Philadelphia,76ers,PHI,1,0,,,,,
0021500483,551,3,11,4,12:16 AM,4:56,,,Noel Free Throw 1 of 2 (17 PTS),98 - 94,-4,5.0,203457,Nerlens Noel,1610612755.0,Philadelphia,76ers,PHI,0,0,,,,,,0,0,,,,,
0021500483,553,3,12,4,12:16 AM,4:56,,,Noel Free Throw 2 of 2 (18 PTS),99 - 94,-5,5.0,203457,Nerlens Noel,1610612755.0,Philadelphia,76ers,PHI,0,0,,,,,,0,0,,,,,
0021500483,555,2,1,4,12:17 AM,4:39,MISS Casspi  3PT Jump Shot,,Grant BLOCK (5 BLK),,,4.0,201956,Omri Casspi,1610612758.0,Sacramento,Kings,SAC,0,0,,,,,,5,203924,Jerami Grant,1610612755.0,Philadelphia,76ers,PHI
0021500483,556,4,0,4,12:17 AM,4:38,KINGS Rebound,,,,,2.0,1610612758,,,,,,0,0,,,,,,0,0,,,,,
0021500483,557,1,5,4,12:17 AM,4:36,Belinelli 3' Layup (24 PTS) (Rondo 13 AST),,,99 - 96,-3,4.0,201158,Marco Belinelli,1610612758.0,Sacramento,Kings,SAC,4,200765,Rajon Rondo,1610612758.0,Sacramento,Kings,SAC,0,0,,,,,
0021500483,558,7,1,4,12:17 AM,4:36,KINGS Violation: Delay of game Violation,,,,,2.0,1610612758,,,,,,0,0,,,,,,1,0,,,,,
0021500483,559,6,26,4,12:17 AM,4:26,,,Grant Offensive Charge Foul (P3.PN) (S.Wall),,,5.0,203924,Jerami Grant,1610612755.0,Philadelphia,76ers,PHI,4,202326,DeMarcus Cousins,1610612758.0,Sacramento,Kings,SAC,1,0,,,,,
0021500483,560,5,5,4,12:17 AM,4:26,,,Grant Foul Turnover (P3.T12),,,5.0,203924,Jerami Grant,1610612755.0,Philadelphia,76ers,PHI,0,0,,,,,,1,0,,,,,
0021500483,562,2,1,4,12:18 AM,4:15,MISS Belinelli 20' Jump Shot,,,,,4.0,201158,Marco Belinelli,1610612758.0,Sacramento,Kings,SAC,0,0,,,,,,0,0,,,,,
0021500483,563,4,0,4,12:18 AM,4:14,,,Noel REBOUND (Off:2 Def:6),,,5.0,203457,Nerlens Noel,1610612755.0,Philadelphia,76ers,PHI,0,0,,,,,,0,0,,,,,
0021500483,564,2,1,4,12:18 AM,4:08,,,MISS Canaan 25' 3PT Jump Shot,,,5.0,203477,Isaiah Canaan,1610612755.0,Philadelphia,76ers,PHI,0,0,,,,,,0,0,,,,,
0021500483,565,4,0,4,12:18 AM,4:07,Cousins REBOUND (Off:1 Def:10),,,,,4.0,202326,DeMarcus Cousins,1610612758.0,Sacramento,Kings,SAC,0,0,,,,,,0,0,,,,,
0021500483,566,6,29,4,12:18 AM,4:01,,,Grant Shooting Block Foul (P4.PN) (B.Nansel),,,5.0,203924,Jerami Grant,1610612755.0,Philadelphia,76ers,PHI,4,200752,Rudy Gay,1610612758.0,Sacramento,Kings,SAC,1,0,,,,,
0021500483,567,3,11,4,12:18 AM,4:01,Gay Free Throw 1 of 2 (7 PTS),,,99 - 97,-2,4.0,200752,Rudy Gay,1610612758.0,Sacramento,Kings,SAC,0,0,,,,,,0,0,,,,,
0021500483,569,3,12,4,12:19 AM,4:01,MISS Gay Free Throw 2 of 2,,,,,4.0,200752,Rudy Gay,1610612758.0,Sacramento,Kings,SAC,0,0,,,,,,0,0,,,,,
0021500483,571,4,0,4,12:19 AM,4:00,,,Grant REBOUND (Off:2 Def:8),,,5.0,203924,Jerami Grant,1610612755.0,Philadelphia,76ers,PHI,0,0,,,,,,0,0,,,,,
0021500483,572,1,52,4,12:19 AM,3:50,,,Noel  Alley Oop Dunk (20 PTS) (Smith 9 AST),101 - 97,-4,5.0,203457,Nerlens Noel,1610612755.0,Philadelphia,76ers,PHI,5,202397,Ish Smith,1610612755.0,Philadelphia,76ers,PHI,0,0,,,,,
0021500483,574,6,2,4,12:20 AM,3:28,,,Smith S.FOUL (P1.PN) (S.Wall),,,5.0,202397,Ish Smith,1610612755.0,Philadelphia,76ers,PHI,4,202326,DeMarcus Cousins,1610612758.0,Sacramento,Kings,SAC,1,0,,,,,
0021500483,575,3,11,4,12:20 AM,3:28,Cousins Free Throw 1 of 2 (20 PTS),,,101 - 98,-3,4.0,202326,DeMarcus Cousins,1610612758.0,Sacramento,Kings,SAC,0,0,,,,,,0,0,,,,,
0021500483,577,3,12,4,12:20 AM,3:28,Cousins Free Throw 2 of 2 (21 PTS),,,101 - 99,-2,4.0,202326,DeMarcus Cousins,1610612758.0,Sacramento,Kings,SAC,0,0,,,,,,0,0,,,,,
0021500483,579,1,1,4,12:20 AM,3:16,,,Smith 20' Jump Shot (15 PTS),103 - 99,-4,5.0,202397,Ish Smith,1610612755.0,Philadelphia,76ers,PHI,0,0,,,,,,0,0,,,,,
0021500483,580,1,1,4,12:21 AM,3:01,Belinelli 20' Jump Shot (26 PTS) (Rondo 14 AST),,,103 - 101,-2,4.0,201158,Marco Belinelli,1610612758.0,Sacramento,Kings,SAC,4,200765,Rajon Rondo,1610612758.0,Sacramento,Kings,SAC,0,0,,,,,
0021500483,582,6,26,4,12:21 AM,2:39,,,Noel Offensive Charge Foul (P3.PN) (S.Wall),,,5.0,203457,Nerlens Noel,1610612755.0,Philadelphia,76ers,PHI,4,202326,DeMarcus Cousins,1610612758.0,Sacramento,Kings,SAC,1,0,,,,,
0021500483,583,5,5,4,12:21 AM,2:39,,,Noel Foul Turnover (P2.T13),,,5.0,203457,Nerlens Noel,1610612755.0,Philadelphia,76ers,PHI,0,0,,,,,,1,0,,,,,
0021500483,584,9,1,4,12:21 AM,2:39,KINGS Timeout: Regular (Full 4 Short 1),,,,,2.0,1610612758,,,,,,0,0,,,,,,0,0,,,,,
0021500483,588,2,46,4,12:24 AM,2:21,MISS Gay 5' Running Jump Shot,,,,,4.0,200752,Rudy Gay,1610612758.0,Sacramento,Kings,SAC,0,0,,,,,,0,0,,,,,
0021500483,589,4,0,4,12:24 AM,2:21,,,Covington REBOUND (Off:0 Def:5),,,5.0,203496,Robert Covington,1610612755.0,Philadelphia,76ers,PHI,0,0,,,,,,0,0,,,,,
0021500483,590,1,78,4,12:24 AM,2:02,,,Smith 7' Floating Jump Shot (17 PTS),105 - 101,-4,5.0,202397,Ish Smith,1610612755.0,Philadelphia,76ers,PHI,0,0,,,,,,0,0,,,,,
0021500483,591,5,1,4,12:25 AM,1:47,Belinelli Bad Pass Turnover (P1.T21),,,,,4.0,201158,Marco Belinelli,1610612758.0,Sacramento,Kings,SAC,0,0,,,,,,0,0,,,,,
0021500483,592,6,3,4,12:25 AM,1:47,Cousins L.B.FOUL (P6.T4) (J.Capers),,,,,4.0,202326,DeMarcus Cousins,1610612758.0,Sacramento,Kings,SAC,5,203457,Nerlens Noel,1610612755.0,Philadelphia,76ers,PHI,1,0,,,,,
0021500483,593,9,2,4,12:25 AM,1:47,,,76ers Timeout: Short (Reg.4 Short 2),,,3.0,1610612755,,,,,,0,0,,,,,,0,0,,,,,
0021500483,594,8,0,4,12:26 AM,1:47,SUB: Collison FOR Cousins,,,,,4.0,202326,DeMarcus Cousins,1610612758.0,Sacramento,Kings,SAC,4,201954,Darren Collison,1610612758.0,Sacramento,Kings,SAC,0,0,,,,,
0021500483,595,8,0,4,12:26 AM,1:47,,,SUB: Sampson FOR Noel,,,5.0,203457,Nerlens Noel,1610612755.0,Philadelphia,76ers,PHI,5,203960,JaKarr Sampson,1610612755.0,Philadelphia,76ers,PHI,0,0,,,,,
0021500483,596,6,1,4,12:27 AM,1:27,Casspi P.FOUL (P5.PN) (J.Capers),,,,,4.0,201956,Omri Casspi,1610612758.0,Sacramento,Kings,SAC,5,203924,Jerami Grant,1610612755.0,Philadelphia,76ers,PHI,1,0,,,,,
0021500483,597,3,11,4,12:27 AM,1:27,,,Grant Free Throw 1 of 2 (14 PTS),106 - 101,-5,5.0,203924,Jerami Grant,1610612755.0,Philadelphia,76ers,PHI,0,0,,,,,,0,0,,,,,
0021500483,599,3,12,4,12:27 AM,1:27,,,Grant Free Throw 2 of 2 (15 PTS),107 - 101,-6,5.0,203924,Jerami Grant,1610612755.0,Philadelphia,76ers,PHI,0,0,,,,,,0,0,,,,,
0021500483,601,9,2,4,12:27 AM,1:27,KINGS Timeout: Short (Full 4 Short 2),,,,,2.0,1610612758,,,,,,0,0,,,,,,0,0,,,,,
0021500483,605,6,1,4,12:29 AM,1:15,,,Sampson P.FOUL (P5.PN) (B.Nansel),,,5.0,203960,JaKarr Sampson,1610612755.0,Philadelphia,76ers,PHI,4,201158,Marco Belinelli,1610612758.0,Sacramento,Kings,SAC,1,0,,,,,
0021500483,606,3,11,4,12:29 AM,1:15,Belinelli Free Throw 1 of 2 (27 PTS),,,107 - 102,-5,4.0,201158,Marco Belinelli,1610612758.0,Sacramento,Kings,SAC,0,0,,,,,,0,0,,,,,
0021500483,608,8,0,4,12:30 AM,1:15,SUB: Acy FOR Collison,,,,,4.0,201954,Darren Collison,1610612758.0,Sacramento,Kings,SAC,4,203112,Quincy Acy,1610612758.0,Sacramento,Kings,SAC,0,0,,,,,
0021500483,609,3,12,4,12:30 AM,1:15,Belinelli Free Throw 2 of 2 (28 PTS),,,107 - 103,-4,4.0,201158,Marco Belinelli,1610612758.0,Sacramento,Kings,SAC,0,0,,,,,,0,0,,,,,
0021500483,611,2,1,4,12:30 AM,0:51,,,MISS Canaan 24' 3PT Jump Shot,,,5.0,203477,Isaiah Canaan,1610612755.0,Philadelphia,76ers,PHI,0,0,,,,,,0,0,,,,,
0021500483,612,4,0,4,12:30 AM,0:50,,,Smith REBOUND (Off:1 Def:2),,,5.0,202397,Ish Smith,1610612755.0,Philadelphia,76ers,PHI,0,0,,,,,,0,0,,,,,
0021500483,613,6,1,4,12:30 AM,0:48,Rondo P.FOUL (P4.PN) (S.Wall),,,,,4.0,200765,Rajon Rondo,1610612758.0,Sacramento,Kings,SAC,5,202397,Ish Smith,1610612755.0,Philadelphia,76ers,PHI,1,0,,,,,
0021500483,614,3,11,4,12:31 AM,0:48,,,Smith Free Throw 1 of 2 (18 PTS),108 - 103,-5,5.0,202397,Ish Smith,1610612755.0,Philadelphia,76ers,PHI,0,0,,,,,,0,0,,,,,
0021500483,616,8,0,4,12:31 AM,0:48,,,SUB: Noel FOR Sampson,,,5.0,203960,JaKarr Sampson,1610612755.0,Philadelphia,76ers,PHI,5,203457,Nerlens Noel,1610612755.0,Philadelphia,76ers,PHI,0,0,,,,,
0021500483,617,3,12,4,12:31 AM,0:48,,,MISS Smith Free Throw 2 of 2,,,5.0,202397,Ish Smith,1610612755.0,Philadelphia,76ers,PHI,0,0,,,,,,0,0,,,,,
0021500483,619,4,0,4,12:31 AM,0:48,Acy REBOUND (Off:2 Def:3),,,,,4.0,203112,Quincy Acy,1610612758.0,Sacramento,Kings,SAC,0,0,,,,,,0,0,,,,,
0021500483,620,9,2,4,12:31 AM,0:48,KINGS Timeout: Short (Full 4 Short 3),,,,,2.0,1610612758,,,,,,0,0,,,,,,0,0,,,,,
0021500483,622,8,0,4,12:32 AM,0:48,SUB: Collison FOR Acy,,,,,4.0,203112,Quincy Acy,1610612758.0,Sacramento,Kings,SAC,4,201954,Darren Collison,1610612758.0,Sacramento,Kings,SAC,0,0,,,,,
0021500483,623,8,0,4,12:32 AM,0:48,,,SUB: Sampson FOR Noel,,,5.0,203457,Nerlens Noel,1610612755.0,Philadelphia,76ers,PHI,5,203960,JaKarr Sampson,1610612755.0,Philadelphia,76ers,PHI,0,0,,,,,
0021500483,624,6,2,4,12:33 AM,0:44,,,Grant S.FOUL (P5.PN) (S.Wall),,,5.0,203924,Jerami Grant,1610612755.0,Philadelphia,76ers,PHI,4,200752,Rudy Gay,1610612758.0,Sacramento,Kings,SAC,1,0,,,,,
0021500483,625,3,11,4,12:33 AM,0:44,MISS Gay Free Throw 1 of 2,,,,,4.0,200752,Rudy Gay,1610612758.0,Sacramento,Kings,SAC,0,0,,,,,,0,0,,,,,
0021500483,626,4,1,4,12:33 AM,0:44,KINGS Rebound,,,,,2.0,1610612758,,,,,,0,0,,,,,,0,0,,,,,
0021500483,627,8,0,4,12:33 AM,0:44,SUB: Acy FOR Belinelli,,,,,4.0,201158,Marco Belinelli,1610612758.0,Sacramento,Kings,SAC,4,203112,Quincy Acy,1610612758.0,Sacramento,Kings,SAC,0,0,,,,,
0021500483,628,8,0,4,12:33 AM,0:44,,,SUB: Noel FOR Sampson,,,5.0,203960,JaKarr Sampson,1610612755.0,Philadelphia,76ers,PHI,5,203457,Nerlens Noel,1610612755.0,Philadelphia,76ers,PHI,0,0,,,,,
0021500483,629,3,12,4,12:33 AM,0:44,MISS Gay Free Throw 2 of 2,,,,,4.0,200752,Rudy Gay,1610612758.0,Sacramento,Kings,SAC,0,0,,,,,,0,0,,,,,
0021500483,631,4,0,4,12:34 AM,0:42,,,Noel REBOUND (Off:2 Def:7),,,5.0,203457,Nerlens Noel,1610612755.0,Philadelphia,76ers,PHI,0,0,,,,,,0,0,,,,,
0021500483,632,2,1,4,12:34 AM,0:17,,,MISS Canaan 25' 3PT Jump Shot,,,5.0,203477,Isaiah Canaan,1610612755.0,Philadelphia,76ers,PHI,0,0,,,,,,0,0,,,,,
0021500483,633,4,0,4,12:34 AM,0:17,,,Grant REBOUND (Off:3 Def:8),,,5.0,203924,Jerami Grant,1610612755.0,Philadelphia,76ers,PHI,0,0,,,,,,0,0,,,,,
0021500483,634,6,1,4,12:34 AM,0:17,Rondo P.FOUL (P5.PN) (B.Nansel),,,,,4.0,200765,Rajon Rondo,1610612758.0,Sacramento,Kings,SAC,5,203924,Jerami Grant,1610612755.0,Philadelphia,76ers,PHI,1,0,,,,,
0021500483,635,3,11,4,12:35 AM,0:17,,,Grant Free Throw 1 of 2 (16 PTS),109 - 103,-6,5.0,203924,Jerami Grant,1610612755.0,Philadelphia,76ers,PHI,0,0,,,,,,0,0,,,,,
0021500483,637,8,0,4,12:35 AM,0:17,SUB: Belinelli FOR Acy,,,,,4.0,203112,Quincy Acy,1610612758.0,Sacramento,Kings,SAC,4,201158,Marco Belinelli,1610612758.0,Sacramento,Kings,SAC,0,0,,,,,
0021500483,638,8,0,4,12:35 AM,0:17,,,SUB: Sampson FOR Noel,,,5.0,203457,Nerlens Noel,1610612755.0,Philadelphia,76ers,PHI,5,203960,JaKarr Sampson,1610612755.0,Philadelphia,76ers,PHI,0,0,,,,,
0021500483,639,3,12,4,12:35 AM,0:17,,,MISS Grant Free Throw 2 of 2,,,5.0,203924,Jerami Grant,1610612755.0,Philadelphia,76ers,PHI,0,0,,,,,,0,0,,,,,
0021500483,641,4,0,4,12:35 AM,0:16,Casspi REBOUND (Off:2 Def:9),,,,,4.0,201956,Omri Casspi,1610612758.0,Sacramento,Kings,SAC,0,0,,,,,,0,0,,,,,
0021500483,642,5,13,4,12:35 AM,0:09,Casspi Backcourt Turnover (P2.T22),,,,,4.0,201956,Omri Casspi,1610612758.0,Sacramento,Kings,SAC,0,0,,,,,,1,0,,,,,
0021500483,643,6,1,4,12:35 AM,0:07,Casspi P.FOUL (P6.PN) (B.Nansel),,,,,4.0,201956,Omri Casspi,1610612758.0,Sacramento,Kings,SAC,5,203496,Robert Covington,1610612755.0,Philadelphia,76ers,PHI,1,0,,,,,
0021500483,644,8,0,4,12:36 AM,0:07,SUB: Acy FOR Casspi,,,,,4.0,201956,Omri Casspi,1610612758.0,Sacramento,Kings,SAC,4,203112,Quincy Acy,1610612758.0,Sacramento,Kings,SAC,0,0,,,,,
0021500483,645,3,11,4,12:36 AM,0:07,,,Covington Free Throw 1 of 2 (9 PTS),110 - 103,-7,5.0,203496,Robert Covington,1610612755.0,Philadelphia,76ers,PHI,0,0,,,,,,0,0,,,,,
0021500483,647,3,12,4,12:36 AM,0:07,,,MISS Covington Free Throw 2 of 2,,,5.0,203496,Robert Covington,1610612755.0,Philadelphia,76ers,PHI,0,0,,,,,,0,0,,,,,
0021500483,649,4,0,4,12:36 AM,0:06,Gay REBOUND (Off:0 Def:7),,,,,4.0,200752,Rudy Gay,1610612758.0,Sacramento,Kings,SAC,0,0,,,,,,0,0,,,,,
0021500483,650,1,41,4,12:36 AM,0:00,Gay 3' Running Layup (9 PTS),,,110 - 105,-5,4.0,200752,Rudy Gay,1610612758.0,Sacramento,Kings,SAC,0,0,,,,,,0,0,,,,,
0021500483,651,18,0,4,12:36 AM,0:00,,,,,,,650,,,,,,0,0,,,,,,1,0,,,,,
0021500483,652,13,0,4,12:37 AM,0:00,,,,110 - 105,-5,0.0,0,,,,,,0,0,,,,,,0,0,,,,,
