GAME_ID,EVENTNUM,EVENTMSGTYPE,EVENTMSGACTIONTYPE,PERIOD,WCTIMESTRING,PCTIMESTRING,HOMEDESCRIPTION,NEUTRALDESCRIPTION,VISITORDESCRIPTION,SCORE,SCOREMARGIN,PERSON1TYPE,PLAYER1_ID,PLAYER1_NAME,PLAYER1_TEAM_ID,PLAYER1_TEAM_CITY,PLAYER1_TEAM_NICKNAME,PLAYER1_TEAM_ABBREVIATION,PERSON2TYPE,PLAYER2_ID,PLAYER2_NAME,PLAYER2_TEAM_ID,PLAYER2_TEAM_CITY,PLAYER2_TEAM_NICKNAME,PLAYER2_TEAM_ABBREVIATION,PERSON3TYPE,PLAYER3_ID,PLAYER3_NAME,PLAYER3_TEAM_ID,PLAYER3_TEAM_CITY,PLAYER3_TEAM_NICKNAME,PLAYER3_TEAM_ABBREVIATION
0021500191,0,12,0,1,7:41 PM,12:00,,,,,,0.0,0,,,,,,0,0,,,,,,0,0,,,,,
0021500191,1,10,0,1,7:41 PM,12:00,Jump Ball Thompson vs. Horford: Tip to,,,,,4.0,202684,Tristan Thompson,1610612739.0,Cleveland,Cavaliers,CLE,5,201143,Al Horford,1610612737.0,Atlanta,Hawks,ATL,2,1610612739,,,,,
0021500191,2,2,47,1,7:42 PM,11:38,MISS Thompson 7' Turnaround Jump Shot,,,,,4.0,202684,Tristan Thompson,1610612739.0,Cleveland,Cavaliers,CLE,0,0,,,,,,0,0,,,,,
0021500191,3,4,0,1,7:42 PM,11:38,,,Horford REBOUND (Off:0 Def:1),,,5.0,201143,Al Horford,1610612737.0,Atlanta,Hawks,ATL,0,0,,,,,,0,0,,,,,
0021500191,4,5,45,1,7:42 PM,11:22,,,Horford Out of Bounds - Bad Pass Turnover Turnover (P1.T1),,,5.0,201143,Al Horford,1610612737.0,Atlanta,Hawks,ATL,0,0,,,,,,0,0,,,,,
0021500191,5,1,66,1,7:42 PM,11:09,Love 5' Jump Bank Shot (2 PTS) (James 1 AST),,,0 - 2,2,4.0,201567,Kevin Love,1610612739.0,Cleveland,Cavaliers,CLE,4,2544,LeBron James,1610612739.0,Cleveland,Cavaliers,CLE,0,0,,,,,
0021500191,6,1,1,1,7:42 PM,10:57,,,Millsap 12' Jump Shot (2 PTS) (Sefolosha 1 AST),2 - 2,TIE,5.0,200794,Paul Millsap,1610612737.0,Atlanta,Hawks,ATL,5,200757,Thabo Sefolosha,1610612737.0,Atlanta,Hawks,ATL,0,0,,,,,
0021500191,7,6,1,1,7:43 PM,10:51,,,Schroder P.FOUL (P1.T1) (M.Ayotte),,,5.0,203471,Dennis Schroder,1610612737.0,Atlanta,Hawks,ATL,4,202684,Tristan Thompson,1610612739.0,Cleveland,Cavaliers,CLE,1,0,,,,,
0021500191,8,5,1,1,7:43 PM,10:33,James Bad Pass Turnover (P1.T1),,Millsap STEAL (1 STL),,,4.0,2544,LeBron James,1610612739.0,Cleveland,Cavaliers,CLE,5,200794,Paul Millsap,1610612737.0,Atlanta,Hawks,ATL,0,0,,,,,
0021500191,9,2,1,1,7:43 PM,10:23,,,MISS Sefolosha 26' 3PT Jump Shot,,,5.0,200757,Thabo Sefolosha,1610612737.0,Atlanta,Hawks,ATL,0,0,,,,,,0,0,,,,,
0021500191,10,4,0,1,7:43 PM,10:23,Dellavedova REBOUND (Off:0 Def:1),,,,,4.0,203521,Matthew Dellavedova,1610612739.0,Cleveland,Cavaliers,CLE,0,0,,,,,,0,0,,,,,
0021500191,11,6,2,1,7:44 PM,10:12,,,Schroder S.FOUL (P2.T2) (T.Brothers),,,5.0,203471,Dennis Schroder,1610612737.0,Atlanta,Hawks,ATL,4,201567,Kevin Love,1610612739.0,Cleveland,Cavaliers,CLE,1,0,,,,,
0021500191,12,3,11,1,7:44 PM,10:12,MISS Love Free Throw 1 of 2,,,,,4.0,201567,Kevin Love,1610612739.0,Cleveland,Cavaliers,CLE,0,0,,,,,,0,0,,,,,
0021500191,13,4,1,1,7:44 PM,10:12,CAVALIERS Rebound,,,,,2.0,1610612739,,,,,,0,0,,,,,,0,0,,,,,
0021500191,14,8,0,1,7:44 PM,10:12,,,SUB: Teague FOR Schroder,,,5.0,203471,Dennis Schroder,1610612737.0,Atlanta,Hawks,ATL,5,201952,Jeff Teague,1610612737.0,Atlanta,Hawks,ATL,0,0,,,,,
0021500191,15,3,12,1,7:44 PM,10:12,Love Free Throw 2 of 2 (3 PTS),,,2 - 3,1,4.0,201567,Kevin Love,1610612739.0,Cleveland,Cavaliers,CLE,0,0,,,,,,0,0,,,,,
0021500191,18,2,1,1,7:45 PM,9:55,,,MISS Millsap 12' Jump Shot,,,5.0,200794,Paul Millsap,1610612737.0,Atlanta,Hawks,ATL,0,0,,,,,,0,0,,,,,
0021500191,19,4,0,1,7:45 PM,9:55,Thompson REBOUND (Off:0 Def:1),,,,,4.0,202684,Tristan Thompson,1610612739.0,Cleveland,Cavaliers,CLE,0,0,,,,,,0,0,,,,,
0021500191,20,2,1,1,7:45 PM,9:42,MISS Love 26' 3PT Jump Shot,,,,,4.0,201567,Kevin Love,1610612739.0,Cleveland,Cavaliers,CLE,0,0,,,,,,0,0,,,,,
0021500191,21,4,0,1,7:45 PM,9:40,Love REBOUND (Off:1 Def:0),,,,,4.0,201567,Kevin Love,1610612739.0,Cleveland,Cavaliers,CLE,0,0,,,,,,0,0,,,,,
0021500191,22,1,1,1,7:45 PM,9:24,Smith 26' 3PT Jump Shot (3 PTS) (Love 1 AST),,,2 - 6,4,4.0,2747,JR Smith,1610612739.0,Cleveland,Cavaliers,CLE,4,201567,Kevin Love,1610612739.0,Cleveland,Cavaliers,CLE,0,0,,,,,
0021500191,23,6,1,1,7:45 PM,9:10,James P.FOUL (P1.T1) (T.Brothers),,,,,4.0,2544,LeBron James,1610612739.0,Cleveland,Cavaliers,CLE,5,201143,Al Horford,1610612737.0,Atlanta,Hawks,ATL,1,0,,,,,
0021500191,24,1,1,1,7:46 PM,8:59,,,Sefolosha 20' Jump Shot (2 PTS) (Teague 1 AST),4 - 6,2,5.0,200757,Thabo Sefolosha,1610612737.0,Atlanta,Hawks,ATL,5,201952,Jeff Teague,1610612737.0,Atlanta,Hawks,ATL,0,0,,,,,
0021500191,25,1,108,1,7:46 PM,8:40,Love  Cutting Dunk Shot (5 PTS) (Thompson 1 AST),,,4 - 8,4,4.0,201567,Kevin Love,1610612739.0,Cleveland,Cavaliers,CLE,4,202684,Tristan Thompson,1610612739.0,Cleveland,Cavaliers,CLE,0,0,,,,,
0021500191,26,2,1,1,7:46 PM,8:26,,,MISS Horford 19' Jump Shot,,,5.0,201143,Al Horford,1610612737.0,Atlanta,Hawks,ATL,0,0,,,,,,0,0,,,,,
0021500191,27,4,0,1,7:46 PM,8:25,,,Millsap REBOUND (Off:1 Def:0),,,5.0,200794,Paul Millsap,1610612737.0,Atlanta,Hawks,ATL,0,0,,,,,,0,0,,,,,
0021500191,28,2,72,1,7:46 PM,8:22,James BLOCK (1 BLK),,MISS Millsap 2' Putback Layup,,,5.0,200794,Paul Millsap,1610612737.0,Atlanta,Hawks,ATL,0,0,,,,,,4,2544,LeBron James,1610612739.0,Cleveland,Cavaliers,CLE
0021500191,29,4,0,1,7:46 PM,8:21,James REBOUND (Off:0 Def:1),,,,,4.0,2544,LeBron James,1610612739.0,Cleveland,Cavaliers,CLE,0,0,,,,,,0,0,,,,,
0021500191,30,1,1,1,7:46 PM,8:18,Smith 27' 3PT Jump Shot (6 PTS) (Thompson 2 AST),,,4 - 11,7,4.0,2747,JR Smith,1610612739.0,Cleveland,Cavaliers,CLE,4,202684,Tristan Thompson,1610612739.0,Cleveland,Cavaliers,CLE,0,0,,,,,
0021500191,31,1,1,1,7:47 PM,7:52,,,Sefolosha 18' Jump Shot (4 PTS) (Horford 1 AST),6 - 11,5,5.0,200757,Thabo Sefolosha,1610612737.0,Atlanta,Hawks,ATL,5,201143,Al Horford,1610612737.0,Atlanta,Hawks,ATL,0,0,,,,,
0021500191,32,2,1,1,7:47 PM,7:36,MISS Smith 24' 3PT Jump Shot,,,,,4.0,2747,JR Smith,1610612739.0,Cleveland,Cavaliers,CLE,0,0,,,,,,0,0,,,,,
0021500191,33,4,0,1,7:47 PM,7:35,,,Horford REBOUND (Off:0 Def:2),,,5.0,201143,Al Horford,1610612737.0,Atlanta,Hawks,ATL,0,0,,,,,,0,0,,,,,
0021500191,34,1,1,1,7:47 PM,7:24,,,Sefolosha 16' Jump Shot (6 PTS),8 - 11,3,5.0,200757,Thabo Sefolosha,1610612737.0,Atlanta,Hawks,ATL,0,0,,,,,,0,0,,,,,
0021500191,35,2,1,1,7:48 PM,7:08,MISS Smith 26' 3PT Jump Shot,,,,,4.0,2747,JR Smith,1610612739.0,Cleveland,Cavaliers,CLE,0,0,,,,,,0,0,,,,,
0021500191,36,4,0,1,7:48 PM,7:07,Thompson REBOUND (Off:1 Def:1),,,,,4.0,202684,Tristan Thompson,1610612739.0,Cleveland,Cavaliers,CLE,0,0,,,,,,0,0,,,,,
0021500191,37,5,2,1,7:48 PM,7:05,Thompson Lost Ball Turnover (P1.T2),,Teague STEAL (1 STL),,,4.0,202684,Tristan Thompson,1610612739.0,Cleveland,Cavaliers,CLE,5,201952,Jeff Teague,1610612737.0,Atlanta,Hawks,ATL,0,0,,,,,
0021500191,38,1,1,1,7:48 PM,6:58,,,Korver 25' 3PT Jump Shot (3 PTS) (Horford 2 AST),11 - 11,TIE,5.0,2594,Kyle Korver,1610612737.0,Atlanta,Hawks,ATL,5,201143,Al Horford,1610612737.0,Atlanta,Hawks,ATL,0,0,,,,,
0021500191,39,2,46,1,7:48 PM,6:43,MISS Dellavedova 7' Running Jump Shot,,,,,4.0,203521,Matthew Dellavedova,1610612739.0,Cleveland,Cavaliers,CLE,0,0,,,,,,0,0,,,,,
0021500191,40,4,0,1,7:48 PM,6:41,,,Sefolosha REBOUND (Off:0 Def:1),,,5.0,200757,Thabo Sefolosha,1610612737.0,Atlanta,Hawks,ATL,0,0,,,,,,0,0,,,,,
0021500191,41,2,1,1,7:48 PM,6:36,,,MISS Teague 26' 3PT Jump Shot,,,5.0,201952,Jeff Teague,1610612737.0,Atlanta,Hawks,ATL,0,0,,,,,,0,0,,,,,
0021500191,42,4,0,1,7:48 PM,6:35,,,Horford REBOUND (Off:1 Def:2),,,5.0,201143,Al Horford,1610612737.0,Atlanta,Hawks,ATL,0,0,,,,,,0,0,,,,,
0021500191,43,2,1,1,7:48 PM,6:31,,,MISS Korver 26' 3PT Jump Shot,,,5.0,2594,Kyle Korver,1610612737.0,Atlanta,Hawks,ATL,0,0,,,,,,0,0,,,,,
0021500191,44,4,0,1,7:48 PM,6:30,James REBOUND (Off:0 Def:2),,,,,4.0,2544,LeBron James,1610612739.0,Cleveland,Cavaliers,CLE,0,0,,,,,,0,0,,,,,
0021500191,45,1,1,1,7:48 PM,6:19,Love 25' 3PT Jump Shot (8 PTS) (Smith 1 AST),,,11 - 14,3,4.0,201567,Kevin Love,1610612739.0,Cleveland,Cavaliers,CLE,4,2747,JR Smith,1610612739.0,Cleveland,Cavaliers,CLE,0,0,,,,,
0021500191,47,6,1,1,7:49 PM,6:11,Smith P.FOUL (P1.T2) (B.Taylor),,,,,4.0,2747,JR Smith,1610612739.0,Cleveland,Cavaliers,CLE,5,2594,Kyle Korver,1610612737.0,Atlanta,Hawks,ATL,1,0,,,,,
0021500191,48,8,0,1,7:49 PM,6:11,,,SUB: Splitter FOR Horford,,,5.0,201143,Al Horford,1610612737.0,Atlanta,Hawks,ATL,5,201168,Tiago Splitter,1610612737.0,Atlanta,Hawks,ATL,0,0,,,,,
0021500191,49,8,0,1,7:49 PM,6:11,,,SUB: Patterson FOR Korver,,,5.0,2594,Kyle Korver,1610612737.0,Atlanta,Hawks,ATL,5,203934,Lamar Patterson,1610612737.0,Atlanta,Hawks,ATL,0,0,,,,,
0021500191,50,8,0,1,7:49 PM,6:11,SUB: Cunningham FOR Dellavedova,,,,,4.0,203521,Matthew Dellavedova,1610612739.0,Cleveland,Cavaliers,CLE,4,203099,Jared Cunningham,1610612739.0,Cleveland,Cavaliers,CLE,0,0,,,,,
0021500191,52,1,1,1,7:49 PM,6:01,,,Teague 26' 3PT Jump Shot (3 PTS) (Patterson 1 AST),14 - 14,TIE,5.0,201952,Jeff Teague,1610612737.0,Atlanta,Hawks,ATL,5,203934,Lamar Patterson,1610612737.0,Atlanta,Hawks,ATL,0,0,,,,,
0021500191,53,2,1,1,7:50 PM,5:38,MISS James 24' 3PT Jump Shot,,,,,4.0,2544,LeBron James,1610612739.0,Cleveland,Cavaliers,CLE,0,0,,,,,,0,0,,,,,
0021500191,55,4,0,1,7:50 PM,5:37,Thompson REBOUND (Off:2 Def:1),,,,,4.0,202684,Tristan Thompson,1610612739.0,Cleveland,Cavaliers,CLE,0,0,,,,,,0,0,,,,,
0021500191,54,1,97,1,7:50 PM,5:37,Thompson 3' Tip Layup Shot (2 PTS),,,14 - 16,2,4.0,202684,Tristan Thompson,1610612739.0,Cleveland,Cavaliers,CLE,0,0,,,,,,0,0,,,,,
0021500191,56,2,42,1,7:50 PM,5:26,,,MISS Teague 1' Driving Layup,,,5.0,201952,Jeff Teague,1610612737.0,Atlanta,Hawks,ATL,0,0,,,,,,0,0,,,,,
0021500191,57,4,0,1,7:50 PM,5:24,Love REBOUND (Off:1 Def:1),,,,,4.0,201567,Kevin Love,1610612739.0,Cleveland,Cavaliers,CLE,0,0,,,,,,0,0,,,,,
0021500191,58,2,1,1,7:50 PM,5:20,MISS Cunningham 4' Jump Shot,,Millsap BLOCK (1 BLK),,,4.0,203099,Jared Cunningham,1610612739.0,Cleveland,Cavaliers,CLE,0,0,,,,,,5,200794,Paul Millsap,1610612737.0,Atlanta,Hawks,ATL
0021500191,59,4,0,1,7:50 PM,5:19,,,Patterson REBOUND (Off:0 Def:1),,,5.0,203934,Lamar Patterson,1610612737.0,Atlanta,Hawks,ATL,0,0,,,,,,0,0,,,,,
0021500191,60,9,1,1,7:50 PM,5:16,,,Hawks Timeout: Regular (Reg.1 Short 0),,,3.0,1610612737,,,,,,0,0,,,,,,0,0,,,,,
0021500191,64,6,1,1,7:53 PM,5:06,Love P.FOUL (P1.T3) (T.Brothers),,,,,4.0,201567,Kevin Love,1610612739.0,Cleveland,Cavaliers,CLE,5,200794,Paul Millsap,1610612737.0,Atlanta,Hawks,ATL,1,0,,,,,
0021500191,65,1,1,1,7:53 PM,4:53,,,Teague 25' 3PT Jump Shot (6 PTS) (Millsap 1 AST),17 - 16,-1,5.0,201952,Jeff Teague,1610612737.0,Atlanta,Hawks,ATL,5,200794,Paul Millsap,1610612737.0,Atlanta,Hawks,ATL,0,0,,,,,
0021500191,66,1,1,1,7:54 PM,4:32,Cunningham 25' 3PT Jump Shot (3 PTS) (James 2 AST),,,17 - 19,2,4.0,203099,Jared Cunningham,1610612739.0,Cleveland,Cavaliers,CLE,4,2544,LeBron James,1610612739.0,Cleveland,Cavaliers,CLE,0,0,,,,,
0021500191,68,2,1,1,7:54 PM,4:18,,,MISS Millsap 24' 3PT Jump Shot,,,5.0,200794,Paul Millsap,1610612737.0,Atlanta,Hawks,ATL,0,0,,,,,,0,0,,,,,
0021500191,69,4,0,1,7:54 PM,4:17,James REBOUND (Off:0 Def:3),,,,,4.0,2544,LeBron James,1610612739.0,Cleveland,Cavaliers,CLE,0,0,,,,,,0,0,,,,,
0021500191,70,2,47,1,7:54 PM,4:02,MISS James 14' Turnaround Jump Shot,,,,,4.0,2544,LeBron James,1610612739.0,Cleveland,Cavaliers,CLE,0,0,,,,,,0,0,,,,,
0021500191,71,4,0,1,7:54 PM,4:00,,,Patterson REBOUND (Off:0 Def:2),,,5.0,203934,Lamar Patterson,1610612737.0,Atlanta,Hawks,ATL,0,0,,,,,,0,0,,,,,
0021500191,72,2,5,1,7:54 PM,3:54,,,MISS Sefolosha 2' Layup,,,5.0,200757,Thabo Sefolosha,1610612737.0,Atlanta,Hawks,ATL,0,0,,,,,,0,0,,,,,
0021500191,73,4,0,1,7:54 PM,3:54,Thompson REBOUND (Off:2 Def:2),,,,,4.0,202684,Tristan Thompson,1610612739.0,Cleveland,Cavaliers,CLE,0,0,,,,,,0,0,,,,,
0021500191,74,2,1,1,7:54 PM,3:48,MISS Smith 22' Jump Shot,,,,,4.0,2747,JR Smith,1610612739.0,Cleveland,Cavaliers,CLE,0,0,,,,,,0,0,,,,,
0021500191,75,4,0,1,7:54 PM,3:47,,,Millsap REBOUND (Off:1 Def:1),,,5.0,200794,Paul Millsap,1610612737.0,Atlanta,Hawks,ATL,0,0,,,,,,0,0,,,,,
0021500191,76,2,1,1,7:55 PM,3:33,,,MISS Patterson 24' 3PT Jump Shot,,,5.0,203934,Lamar Patterson,1610612737.0,Atlanta,Hawks,ATL,0,0,,,,,,0,0,,,,,
0021500191,77,4,0,1,7:55 PM,3:32,Thompson REBOUND (Off:2 Def:3),,,,,4.0,202684,Tristan Thompson,1610612739.0,Cleveland,Cavaliers,CLE,0,0,,,,,,0,0,,,,,
0021500191,78,2,1,1,7:55 PM,3:19,MISS Smith 26' 3PT Jump Shot,,,,,4.0,2747,JR Smith,1610612739.0,Cleveland,Cavaliers,CLE,0,0,,,,,,0,0,,,,,
0021500191,79,4,0,1,7:55 PM,3:18,,,Millsap REBOUND (Off:1 Def:2),,,5.0,200794,Paul Millsap,1610612737.0,Atlanta,Hawks,ATL,0,0,,,,,,0,0,,,,,
0021500191,80,5,2,1,7:55 PM,3:01,Cunningham STEAL (1 STL),,Millsap Lost Ball Turnover (P1.T2),,,5.0,200794,Paul Millsap,1610612737.0,Atlanta,Hawks,ATL,4,203099,Jared Cunningham,1610612739.0,Cleveland,Cavaliers,CLE,0,0,,,,,
0021500191,81,2,1,1,7:55 PM,2:54,MISS Love 24' 3PT Jump Shot,,,,,4.0,201567,Kevin Love,1610612739.0,Cleveland,Cavaliers,CLE,0,0,,,,,,0,0,,,,,
0021500191,82,4,0,1,7:55 PM,2:52,,,Sefolosha REBOUND (Off:0 Def:2),,,5.0,200757,Thabo Sefolosha,1610612737.0,Atlanta,Hawks,ATL,0,0,,,,,,0,0,,,,,
0021500191,83,2,41,1,7:55 PM,2:47,,,MISS Millsap 1' Running Layup,,,5.0,200794,Paul Millsap,1610612737.0,Atlanta,Hawks,ATL,0,0,,,,,,0,0,,,,,
0021500191,84,4,0,1,7:55 PM,2:47,Love REBOUND (Off:1 Def:2),,,,,4.0,201567,Kevin Love,1610612739.0,Cleveland,Cavaliers,CLE,0,0,,,,,,0,0,,,,,
0021500191,85,9,1,1,7:55 PM,2:47,CAVALIERS Timeout: Regular (Full 1 Short 0),,,,,2.0,1610612739,,,,,,0,0,,,,,,0,0,,,,,
0021500191,87,8,0,1,7:58 PM,2:47,,,SUB: Horford FOR Sefolosha,,,5.0,200757,Thabo Sefolosha,1610612737.0,Atlanta,Hawks,ATL,5,201143,Al Horford,1610612737.0,Atlanta,Hawks,ATL,0,0,,,,,
0021500191,88,8,0,1,7:58 PM,2:47,,,SUB: Korver FOR Millsap,,,5.0,200794,Paul Millsap,1610612737.0,Atlanta,Hawks,ATL,5,2594,Kyle Korver,1610612737.0,Atlanta,Hawks,ATL,0,0,,,,,
0021500191,89,8,0,1,7:58 PM,2:47,SUB: Varejao FOR James,,,,,4.0,2544,LeBron James,1610612739.0,Cleveland,Cavaliers,CLE,4,2760,Anderson Varejao,1610612739.0,Cleveland,Cavaliers,CLE,0,0,,,,,
0021500191,90,8,0,1,7:58 PM,2:47,SUB: Jefferson FOR Thompson,,,,,4.0,202684,Tristan Thompson,1610612739.0,Cleveland,Cavaliers,CLE,4,2210,Richard Jefferson,1610612739.0,Cleveland,Cavaliers,CLE,0,0,,,,,
0021500191,91,2,1,1,7:58 PM,2:29,MISS Cunningham 24' 3PT Jump Shot,,,,,4.0,203099,Jared Cunningham,1610612739.0,Cleveland,Cavaliers,CLE,0,0,,,,,,0,0,,,,,
0021500191,92,4,0,1,7:58 PM,2:28,,,Patterson REBOUND (Off:0 Def:3),,,5.0,203934,Lamar Patterson,1610612737.0,Atlanta,Hawks,ATL,0,0,,,,,,0,0,,,,,
0021500191,93,2,1,1,7:58 PM,2:19,,,MISS Patterson 26' 3PT Jump Shot,,,5.0,203934,Lamar Patterson,1610612737.0,Atlanta,Hawks,ATL,0,0,,,,,,0,0,,,,,
0021500191,94,4,0,1,7:58 PM,2:18,Love REBOUND (Off:1 Def:3),,,,,4.0,201567,Kevin Love,1610612739.0,Cleveland,Cavaliers,CLE,0,0,,,,,,0,0,,,,,
0021500191,95,1,1,1,7:59 PM,2:05,Varejao 17' Jump Shot (2 PTS) (Smith 2 AST),,,17 - 21,4,4.0,2760,Anderson Varejao,1610612739.0,Cleveland,Cavaliers,CLE,4,2747,JR Smith,1610612739.0,Cleveland,Cavaliers,CLE,0,0,,,,,
0021500191,97,6,4,1,7:59 PM,1:51,,,Korver OFF.Foul (P1) (T.Brothers),,,5.0,2594,Kyle Korver,1610612737.0,Atlanta,Hawks,ATL,4,2747,JR Smith,1610612739.0,Cleveland,Cavaliers,CLE,1,0,,,,,
0021500191,98,5,5,1,7:59 PM,1:51,,,Korver Foul Turnover (P1.T3),,,5.0,2594,Kyle Korver,1610612737.0,Atlanta,Hawks,ATL,0,0,,,,,,1,0,,,,,
0021500191,99,8,0,1,7:59 PM,1:51,SUB: Dellavedova FOR Smith,,,,,4.0,2747,JR Smith,1610612739.0,Cleveland,Cavaliers,CLE,4,203521,Matthew Dellavedova,1610612739.0,Cleveland,Cavaliers,CLE,0,0,,,,,
0021500191,100,1,1,1,8:00 PM,1:32,Love 18' Jump Shot (10 PTS) (Dellavedova 1 AST),,,17 - 23,6,4.0,201567,Kevin Love,1610612739.0,Cleveland,Cavaliers,CLE,4,203521,Matthew Dellavedova,1610612739.0,Cleveland,Cavaliers,CLE,0,0,,,,,
0021500191,101,2,44,1,8:00 PM,1:20,Love BLOCK (1 BLK),,MISS Horford 2' Reverse Layup,,,5.0,201143,Al Horford,1610612737.0,Atlanta,Hawks,ATL,0,0,,,,,,4,201567,Kevin Love,1610612739.0,Cleveland,Cavaliers,CLE
0021500191,102,4,0,1,8:00 PM,1:18,Love REBOUND (Off:1 Def:4),,,,,4.0,201567,Kevin Love,1610612739.0,Cleveland,Cavaliers,CLE,0,0,,,,,,0,0,,,,,
0021500191,103,6,1,1,8:00 PM,1:17,,,Patterson P.FOUL (P1.T3) (M.Ayotte),,,5.0,203934,Lamar Patterson,1610612737.0,Atlanta,Hawks,ATL,4,203099,Jared Cunningham,1610612739.0,Cleveland,Cavaliers,CLE,1,0,,,,,
0021500191,104,8,0,1,8:00 PM,1:17,SUB: Thompson FOR Love,,,,,4.0,201567,Kevin Love,1610612739.0,Cleveland,Cavaliers,CLE,4,202684,Tristan Thompson,1610612739.0,Cleveland,Cavaliers,CLE,0,0,,,,,
0021500191,105,8,0,1,8:00 PM,1:17,,,SUB: Schroder FOR Teague,,,5.0,201952,Jeff Teague,1610612737.0,Atlanta,Hawks,ATL,5,203471,Dennis Schroder,1610612737.0,Atlanta,Hawks,ATL,0,0,,,,,
0021500191,107,6,2,1,8:01 PM,1:05,,,Splitter S.FOUL (P1.PN) (B.Taylor),,,5.0,201168,Tiago Splitter,1610612737.0,Atlanta,Hawks,ATL,4,2760,Anderson Varejao,1610612739.0,Cleveland,Cavaliers,CLE,1,0,,,,,
0021500191,108,3,11,1,8:01 PM,1:05,Varejao Free Throw 1 of 2 (3 PTS),,,17 - 24,7,4.0,2760,Anderson Varejao,1610612739.0,Cleveland,Cavaliers,CLE,0,0,,,,,,0,0,,,,,
0021500191,110,3,12,1,8:01 PM,1:05,Varejao Free Throw 2 of 2 (4 PTS),,,17 - 25,8,4.0,2760,Anderson Varejao,1610612739.0,Cleveland,Cavaliers,CLE,0,0,,,,,,0,0,,,,,
0021500191,112,2,1,1,8:01 PM,0:51,,,MISS Schroder 24' 3PT Jump Shot,,,5.0,203471,Dennis Schroder,1610612737.0,Atlanta,Hawks,ATL,0,0,,,,,,0,0,,,,,
0021500191,113,4,0,1,8:01 PM,0:51,Cunningham REBOUND (Off:0 Def:1),,,,,4.0,203099,Jared Cunningham,1610612739.0,Cleveland,Cavaliers,CLE,0,0,,,,,,0,0,,,,,
0021500191,114,1,1,1,8:02 PM,0:39,Dellavedova 7' Jump Shot (2 PTS),,,17 - 27,10,4.0,203521,Matthew Dellavedova,1610612739.0,Cleveland,Cavaliers,CLE,0,0,,,,,,0,0,,,,,
0021500191,116,1,3,1,8:02 PM,0:23,,,Splitter 6' Hook Shot (2 PTS),19 - 27,8,5.0,201168,Tiago Splitter,1610612737.0,Atlanta,Hawks,ATL,0,0,,,,,,0,0,,,,,
0021500191,118,2,1,1,8:02 PM,0:00,MISS Thompson 12' Jump Shot,,,,,4.0,202684,Tristan Thompson,1610612739.0,Cleveland,Cavaliers,CLE,0,0,,,,,,0,0,,,,,
0021500191,119,4,0,1,8:02 PM,0:00,CAVALIERS Rebound,,,,,2.0,1610612739,,,,,,0,0,,,,,,0,0,,,,,
0021500191,120,13,0,1,8:02 PM,0:00,,,,19 - 27,8,0.0,0,,,,,,0,0,,,,,,0,0,,,,,
0021500191,122,12,0,2,8:05 PM,12:00,,,,19 - 27,8,0.0,0,,,,,,0,0,,,,,,0,0,,,,,
0021500191,123,2,1,2,8:06 PM,11:43,,,MISS Schroder 18' Jump Shot,,,5.0,203471,Dennis Schroder,1610612737.0,Atlanta,Hawks,ATL,0,0,,,,,,0,0,,,,,
0021500191,124,4,0,2,8:06 PM,11:42,Varejao REBOUND (Off:0 Def:1),,,,,4.0,2760,Anderson Varejao,1610612739.0,Cleveland,Cavaliers,CLE,0,0,,,,,,0,0,,,,,
0021500191,125,2,3,2,8:06 PM,11:26,MISS Dellavedova 7' Hook Shot,,,,,4.0,203521,Matthew Dellavedova,1610612739.0,Cleveland,Cavaliers,CLE,0,0,,,,,,0,0,,,,,
0021500191,126,4,0,2,8:06 PM,11:25,,,Schroder REBOUND (Off:0 Def:1),,,5.0,203471,Dennis Schroder,1610612737.0,Atlanta,Hawks,ATL,0,0,,,,,,0,0,,,,,
0021500191,127,2,1,2,8:06 PM,11:15,,,MISS Horford 26' 3PT Jump Shot,,,5.0,201143,Al Horford,1610612737.0,Atlanta,Hawks,ATL,0,0,,,,,,0,0,,,,,
0021500191,128,4,0,2,8:06 PM,11:15,Varejao REBOUND (Off:0 Def:2),,,,,4.0,2760,Anderson Varejao,1610612739.0,Cleveland,Cavaliers,CLE,0,0,,,,,,0,0,,,,,
0021500191,129,2,1,2,8:06 PM,11:04,MISS Jefferson 24' 3PT Jump Shot,,,,,4.0,2210,Richard Jefferson,1610612739.0,Cleveland,Cavaliers,CLE,0,0,,,,,,0,0,,,,,
0021500191,130,4,0,2,8:06 PM,11:03,Thompson REBOUND (Off:3 Def:3),,,,,4.0,202684,Tristan Thompson,1610612739.0,Cleveland,Cavaliers,CLE,0,0,,,,,,0,0,,,,,
0021500191,131,1,1,2,8:06 PM,10:51,Jefferson 23' Jump Shot (2 PTS) (Varejao 1 AST),,,19 - 29,10,4.0,2210,Richard Jefferson,1610612739.0,Cleveland,Cavaliers,CLE,4,2760,Anderson Varejao,1610612739.0,Cleveland,Cavaliers,CLE,0,0,,,,,
0021500191,132,5,45,2,8:07 PM,10:43,,,Korver Out of Bounds - Bad Pass Turnover Turnover (P2.T4),,,5.0,2594,Kyle Korver,1610612737.0,Atlanta,Hawks,ATL,0,0,,,,,,0,0,,,,,
0021500191,133,1,1,2,8:07 PM,10:24,Smith 25' 3PT Jump Shot (9 PTS) (Thompson 3 AST),,,19 - 32,13,4.0,2747,JR Smith,1610612739.0,Cleveland,Cavaliers,CLE,4,202684,Tristan Thompson,1610612739.0,Cleveland,Cavaliers,CLE,0,0,,,,,
0021500191,134,2,1,2,8:07 PM,10:09,,,MISS Horford 16' Jump Shot,,,5.0,201143,Al Horford,1610612737.0,Atlanta,Hawks,ATL,0,0,,,,,,0,0,,,,,
0021500191,135,4,0,2,8:07 PM,10:08,Thompson REBOUND (Off:3 Def:4),,,,,4.0,202684,Tristan Thompson,1610612739.0,Cleveland,Cavaliers,CLE,0,0,,,,,,0,0,,,,,
0021500191,136,2,1,2,8:07 PM,10:00,MISS Varejao 14' Jump Shot,,,,,4.0,2760,Anderson Varejao,1610612739.0,Cleveland,Cavaliers,CLE,0,0,,,,,,0,0,,,,,
0021500191,137,4,0,2,8:07 PM,9:59,,,Horford REBOUND (Off:1 Def:3),,,5.0,201143,Al Horford,1610612737.0,Atlanta,Hawks,ATL,0,0,,,,,,0,0,,,,,
0021500191,138,1,1,2,8:08 PM,9:45,,,Holiday 24' 3PT Jump Shot (3 PTS) (Horford 3 AST),22 - 32,10,5.0,203200,Justin Holiday,1610612737.0,Atlanta,Hawks,ATL,5,201143,Al Horford,1610612737.0,Atlanta,Hawks,ATL,0,0,,,,,
0021500191,139,1,1,2,8:08 PM,9:17,Smith 26' 3PT Jump Shot (12 PTS),,,22 - 35,13,4.0,2747,JR Smith,1610612739.0,Cleveland,Cavaliers,CLE,0,0,,,,,,0,0,,,,,
0021500191,140,1,5,2,8:08 PM,9:02,,,Splitter 1' Layup (4 PTS) (Schroder 1 AST),24 - 35,11,5.0,201168,Tiago Splitter,1610612737.0,Atlanta,Hawks,ATL,5,203471,Dennis Schroder,1610612737.0,Atlanta,Hawks,ATL,0,0,,,,,
0021500191,141,6,1,2,8:09 PM,8:43,,,Schroder P.FOUL (P3.T1) (T.Brothers),,,5.0,203471,Dennis Schroder,1610612737.0,Atlanta,Hawks,ATL,4,203521,Matthew Dellavedova,1610612739.0,Cleveland,Cavaliers,CLE,1,0,,,,,
0021500191,143,9,4,2,8:09 PM,8:43,,,,,,1.0,0,,,,,,0,0,,,,,,0,0,,,,,
0021500191,144,8,0,2,8:11 PM,8:43,,,SUB: Teague FOR Korver,,,5.0,2594,Kyle Korver,1610612737.0,Atlanta,Hawks,ATL,5,201952,Jeff Teague,1610612737.0,Atlanta,Hawks,ATL,0,0,,,,,
0021500191,145,8,0,2,8:11 PM,8:43,,,SUB: Patterson FOR Schroder,,,5.0,203471,Dennis Schroder,1610612737.0,Atlanta,Hawks,ATL,5,203934,Lamar Patterson,1610612737.0,Atlanta,Hawks,ATL,0,0,,,,,
0021500191,146,8,0,2,8:11 PM,8:43,,,SUB: Muscala FOR Splitter,,,5.0,201168,Tiago Splitter,1610612737.0,Atlanta,Hawks,ATL,5,203488,Mike Muscala,1610612737.0,Atlanta,Hawks,ATL,0,0,,,,,
0021500191,148,2,1,2,8:11 PM,8:35,MISS Smith 25' 3PT Jump Shot,,,,,4.0,2747,JR Smith,1610612739.0,Cleveland,Cavaliers,CLE,0,0,,,,,,0,0,,,,,
0021500191,149,4,0,2,8:11 PM,8:34,Thompson REBOUND (Off:4 Def:4),,,,,4.0,202684,Tristan Thompson,1610612739.0,Cleveland,Cavaliers,CLE,0,0,,,,,,0,0,,,,,
0021500191,150,1,5,2,8:12 PM,8:27,Jefferson 2' Layup (4 PTS) (Thompson 4 AST),,,24 - 37,13,4.0,2210,Richard Jefferson,1610612739.0,Cleveland,Cavaliers,CLE,4,202684,Tristan Thompson,1610612739.0,Cleveland,Cavaliers,CLE,0,0,,,,,
0021500191,151,2,1,2,8:12 PM,8:10,,,MISS Muscala 16' Jump Shot,,,5.0,203488,Mike Muscala,1610612737.0,Atlanta,Hawks,ATL,0,0,,,,,,0,0,,,,,
0021500191,152,4,0,2,8:12 PM,8:09,Thompson REBOUND (Off:4 Def:5),,,,,4.0,202684,Tristan Thompson,1610612739.0,Cleveland,Cavaliers,CLE,0,0,,,,,,0,0,,,,,
0021500191,153,2,1,2,8:12 PM,7:58,MISS Varejao 17' Jump Shot,,,,,4.0,2760,Anderson Varejao,1610612739.0,Cleveland,Cavaliers,CLE,0,0,,,,,,0,0,,,,,
0021500191,154,4,0,2,8:12 PM,7:58,,,Holiday REBOUND (Off:0 Def:1),,,5.0,203200,Justin Holiday,1610612737.0,Atlanta,Hawks,ATL,0,0,,,,,,0,0,,,,,
0021500191,155,1,1,2,8:12 PM,7:43,,,Horford 25' 3PT Jump Shot (3 PTS) (Teague 2 AST),27 - 37,10,5.0,201143,Al Horford,1610612737.0,Atlanta,Hawks,ATL,5,201952,Jeff Teague,1610612737.0,Atlanta,Hawks,ATL,0,0,,,,,
0021500191,156,1,102,2,8:13 PM,7:24,Jefferson 6' Driving Floating Bank Jump Shot (6 PTS),,,27 - 39,12,4.0,2210,Richard Jefferson,1610612739.0,Cleveland,Cavaliers,CLE,0,0,,,,,,0,0,,,,,
0021500191,157,2,1,2,8:13 PM,7:08,,,MISS Holiday  3PT Jump Shot,,,5.0,203200,Justin Holiday,1610612737.0,Atlanta,Hawks,ATL,0,0,,,,,,0,0,,,,,
0021500191,158,4,0,2,8:13 PM,7:07,,,Horford REBOUND (Off:2 Def:3),,,5.0,201143,Al Horford,1610612737.0,Atlanta,Hawks,ATL,0,0,,,,,,0,0,,,,,
0021500191,159,1,97,2,8:13 PM,7:07,,,Horford 1' Tip Layup Shot (5 PTS),29 - 39,10,5.0,201143,Al Horford,1610612737.0,Atlanta,Hawks,ATL,0,0,,,,,,0,0,,,,,
0021500191,160,1,44,2,8:13 PM,6:46,Jefferson 1' Reverse Layup (8 PTS) (Smith 3 AST),,,29 - 41,12,4.0,2210,Richard Jefferson,1610612739.0,Cleveland,Cavaliers,CLE,4,2747,JR Smith,1610612739.0,Cleveland,Cavaliers,CLE,0,0,,,,,
0021500191,161,2,42,2,8:13 PM,6:31,Jefferson BLOCK (1 BLK),,MISS Holiday 3' Driving Layup,,,5.0,203200,Justin Holiday,1610612737.0,Atlanta,Hawks,ATL,0,0,,,,,,4,2210,Richard Jefferson,1610612739.0,Cleveland,Cavaliers,CLE
0021500191,162,4,0,2,8:14 PM,6:30,Thompson REBOUND (Off:4 Def:6),,,,,4.0,202684,Tristan Thompson,1610612739.0,Cleveland,Cavaliers,CLE,0,0,,,,,,0,0,,,,,
0021500191,163,6,11,2,8:14 PM,6:27,,,,,,7.0,1371,,,,,,0,0,,,,,,1,0,,,,,
0021500191,166,11,4,2,8:14 PM,6:27,,,,,,7.0,1371,,,,,,0,0,,,,,,1,0,,,,,
0021500191,164,3,16,2,8:15 PM,6:27,Dellavedova Free Throw Technical (3 PTS),,,29 - 42,13,4.0,203521,Matthew Dellavedova,1610612739.0,Cleveland,Cavaliers,CLE,0,0,,,,,,0,0,,,,,
0021500191,167,8,0,2,8:15 PM,6:27,SUB: James FOR Dellavedova,,,,,4.0,203521,Matthew Dellavedova,1610612739.0,Cleveland,Cavaliers,CLE,4,2544,LeBron James,1610612739.0,Cleveland,Cavaliers,CLE,0,0,,,,,
0021500191,168,8,0,2,8:15 PM,6:27,SUB: Cunningham FOR Jefferson,,,,,4.0,2210,Richard Jefferson,1610612739.0,Cleveland,Cavaliers,CLE,4,203099,Jared Cunningham,1610612739.0,Cleveland,Cavaliers,CLE,0,0,,,,,
0021500191,169,8,0,2,8:15 PM,6:27,SUB: Love FOR Varejao,,,,,4.0,2760,Anderson Varejao,1610612739.0,Cleveland,Cavaliers,CLE,4,201567,Kevin Love,1610612739.0,Cleveland,Cavaliers,CLE,0,0,,,,,
0021500191,170,8,0,2,8:15 PM,6:27,SUB: Jefferson FOR Smith,,,,,4.0,2747,JR Smith,1610612739.0,Cleveland,Cavaliers,CLE,4,2210,Richard Jefferson,1610612739.0,Cleveland,Cavaliers,CLE,0,0,,,,,
0021500191,171,8,0,2,8:16 PM,6:27,,,SUB: Millsap FOR Horford,,,5.0,201143,Al Horford,1610612737.0,Atlanta,Hawks,ATL,5,200794,Paul Millsap,1610612737.0,Atlanta,Hawks,ATL,0,0,,,,,
0021500191,172,8,0,2,8:16 PM,6:27,,,SUB: Sefolosha FOR Holiday,,,5.0,203200,Justin Holiday,1610612737.0,Atlanta,Hawks,ATL,5,200757,Thabo Sefolosha,1610612737.0,Atlanta,Hawks,ATL,0,0,,,,,
0021500191,173,2,1,2,8:16 PM,6:20,MISS Cunningham 3' Jump Shot,,Millsap BLOCK (2 BLK),,,4.0,203099,Jared Cunningham,1610612739.0,Cleveland,Cavaliers,CLE,0,0,,,,,,5,200794,Paul Millsap,1610612737.0,Atlanta,Hawks,ATL
0021500191,174,4,0,2,8:16 PM,6:18,Thompson REBOUND (Off:5 Def:6),,,,,4.0,202684,Tristan Thompson,1610612739.0,Cleveland,Cavaliers,CLE,0,0,,,,,,0,0,,,,,
0021500191,175,1,72,2,8:16 PM,6:18,Thompson 3' Putback Layup (4 PTS),,,29 - 44,15,4.0,202684,Tristan Thompson,1610612739.0,Cleveland,Cavaliers,CLE,0,0,,,,,,0,0,,,,,
0021500191,176,6,2,2,8:16 PM,5:59,Thompson S.FOUL (P1.T1) (B.Taylor),,,,,4.0,202684,Tristan Thompson,1610612739.0,Cleveland,Cavaliers,CLE,5,200794,Paul Millsap,1610612737.0,Atlanta,Hawks,ATL,1,0,,,,,
0021500191,177,9,1,2,8:16 PM,5:59,CAVALIERS Timeout: Regular (Full 2 Short 0),,,,,2.0,1610612739,,,,,,0,0,,,,,,0,0,,,,,
0021500191,179,18,1,2,8:16 PM,5:59,,,,,,,155,,,,,,0,0,,,,,,1,0,,,,,
0021500191,182,3,11,2,8:19 PM,5:59,,,Millsap Free Throw 1 of 2 (3 PTS),30 - 44,14,5.0,200794,Paul Millsap,1610612737.0,Atlanta,Hawks,ATL,0,0,,,,,,0,0,,,,,
0021500191,184,3,12,2,8:19 PM,5:59,,,Millsap Free Throw 2 of 2 (4 PTS),31 - 44,13,5.0,200794,Paul Millsap,1610612737.0,Atlanta,Hawks,ATL,0,0,,,,,,0,0,,,,,
0021500191,187,1,5,2,8:19 PM,5:40,James 2' Layup (2 PTS),,,31 - 46,15,4.0,2544,LeBron James,1610612739.0,Cleveland,Cavaliers,CLE,0,0,,,,,,0,0,,,,,
0021500191,188,6,1,2,8:20 PM,5:24,Cunningham P.FOUL (P1.T2) (B.Taylor),,,,,4.0,203099,Jared Cunningham,1610612739.0,Cleveland,Cavaliers,CLE,5,201952,Jeff Teague,1610612737.0,Atlanta,Hawks,ATL,1,0,,,,,
0021500191,189,8,0,2,8:20 PM,5:24,SUB: Smith FOR Jefferson,,,,,4.0,2210,Richard Jefferson,1610612739.0,Cleveland,Cavaliers,CLE,4,2747,JR Smith,1610612739.0,Cleveland,Cavaliers,CLE,0,0,,,,,
0021500191,190,6,4,2,8:20 PM,5:17,,,Millsap OFF.Foul (P1) (T.Brothers),,,5.0,200794,Paul Millsap,1610612737.0,Atlanta,Hawks,ATL,4,201567,Kevin Love,1610612739.0,Cleveland,Cavaliers,CLE,1,0,,,,,
0021500191,191,5,5,2,8:20 PM,5:17,,,Millsap Foul Turnover (P2.T5),,,5.0,200794,Paul Millsap,1610612737.0,Atlanta,Hawks,ATL,0,0,,,,,,1,0,,,,,
0021500191,192,5,2,2,8:21 PM,5:10,Cunningham Lost Ball Turnover (P1.T3),,Millsap STEAL (2 STL),,,4.0,203099,Jared Cunningham,1610612739.0,Cleveland,Cavaliers,CLE,5,200794,Paul Millsap,1610612737.0,Atlanta,Hawks,ATL,0,0,,,,,
0021500191,193,1,5,2,8:21 PM,5:07,,,Teague 1' Layup (8 PTS) (Millsap 2 AST),33 - 46,13,5.0,201952,Jeff Teague,1610612737.0,Atlanta,Hawks,ATL,5,200794,Paul Millsap,1610612737.0,Atlanta,Hawks,ATL,0,0,,,,,
0021500191,194,6,2,2,8:21 PM,5:07,Love S.FOUL (P2.T3) (M.Ayotte),,,,,4.0,201567,Kevin Love,1610612739.0,Cleveland,Cavaliers,CLE,5,201952,Jeff Teague,1610612737.0,Atlanta,Hawks,ATL,1,0,,,,,
0021500191,195,3,10,2,8:21 PM,5:07,,,Teague Free Throw 1 of 1 (9 PTS),34 - 46,12,5.0,201952,Jeff Teague,1610612737.0,Atlanta,Hawks,ATL,0,0,,,,,,0,0,,,,,
0021500191,198,2,42,2,8:21 PM,4:53,MISS James 1' Driving Layup,,Muscala BLOCK (1 BLK),,,4.0,2544,LeBron James,1610612739.0,Cleveland,Cavaliers,CLE,0,0,,,,,,5,203488,Mike Muscala,1610612737.0,Atlanta,Hawks,ATL
0021500191,199,4,0,2,8:22 PM,4:53,,,Hawks Rebound,,,3.0,1610612737,,,,,,0,0,,,,,,0,0,,,,,
0021500191,200,8,0,2,8:22 PM,4:53,,,SUB: Korver FOR Patterson,,,5.0,203934,Lamar Patterson,1610612737.0,Atlanta,Hawks,ATL,5,2594,Kyle Korver,1610612737.0,Atlanta,Hawks,ATL,0,0,,,,,
0021500191,202,2,42,2,8:22 PM,4:39,,,MISS Teague 1' Driving Layup,,,5.0,201952,Jeff Teague,1610612737.0,Atlanta,Hawks,ATL,0,0,,,,,,0,0,,,,,
0021500191,203,4,0,2,8:22 PM,4:39,Cunningham REBOUND (Off:0 Def:2),,,,,4.0,203099,Jared Cunningham,1610612739.0,Cleveland,Cavaliers,CLE,0,0,,,,,,0,0,,,,,
0021500191,204,6,1,2,8:22 PM,4:32,,,Millsap P.FOUL (P2.T2) (M.Ayotte),,,5.0,200794,Paul Millsap,1610612737.0,Atlanta,Hawks,ATL,4,201567,Kevin Love,1610612739.0,Cleveland,Cavaliers,CLE,1,0,,,,,
0021500191,206,1,1,2,8:23 PM,4:14,James 26' 3PT Jump Shot (5 PTS) (Smith 4 AST),,,34 - 49,15,4.0,2544,LeBron James,1610612739.0,Cleveland,Cavaliers,CLE,4,2747,JR Smith,1610612739.0,Cleveland,Cavaliers,CLE,0,0,,,,,
0021500191,207,5,1,2,8:23 PM,3:56,Love STEAL (1 STL),,Korver Bad Pass Turnover (P3.T6),,,5.0,2594,Kyle Korver,1610612737.0,Atlanta,Hawks,ATL,4,201567,Kevin Love,1610612739.0,Cleveland,Cavaliers,CLE,0,0,,,,,
0021500191,208,2,1,2,8:23 PM,3:40,MISS Love 25' 3PT Jump Shot,,,,,4.0,201567,Kevin Love,1610612739.0,Cleveland,Cavaliers,CLE,0,0,,,,,,0,0,,,,,
0021500191,209,4,0,2,8:23 PM,3:39,James REBOUND (Off:1 Def:3),,,,,4.0,2544,LeBron James,1610612739.0,Cleveland,Cavaliers,CLE,0,0,,,,,,0,0,,,,,
0021500191,210,6,2,2,8:24 PM,3:34,,,Teague S.FOUL (P1.T3) (B.Taylor),,,5.0,201952,Jeff Teague,1610612737.0,Atlanta,Hawks,ATL,4,203099,Jared Cunningham,1610612739.0,Cleveland,Cavaliers,CLE,1,0,,,,,
0021500191,211,3,11,2,8:24 PM,3:34,MISS Cunningham Free Throw 1 of 2,,,,,4.0,203099,Jared Cunningham,1610612739.0,Cleveland,Cavaliers,CLE,0,0,,,,,,0,0,,,,,
0021500191,212,4,1,2,8:24 PM,3:34,CAVALIERS Rebound,,,,,2.0,1610612739,,,,,,0,0,,,,,,0,0,,,,,
0021500191,213,3,12,2,8:24 PM,3:34,Cunningham Free Throw 2 of 2 (4 PTS),,,34 - 50,16,4.0,203099,Jared Cunningham,1610612739.0,Cleveland,Cavaliers,CLE,0,0,,,,,,0,0,,,,,
0021500191,215,6,29,2,8:25 PM,3:26,Cunningham Shooting Block Foul (P2.T4) (B.Taylor),,,,,4.0,203099,Jared Cunningham,1610612739.0,Cleveland,Cavaliers,CLE,5,201952,Jeff Teague,1610612737.0,Atlanta,Hawks,ATL,1,0,,,,,
0021500191,216,3,11,2,8:25 PM,3:26,,,Teague Free Throw 1 of 2 (10 PTS),35 - 50,15,5.0,201952,Jeff Teague,1610612737.0,Atlanta,Hawks,ATL,0,0,,,,,,0,0,,,,,
0021500191,218,8,0,2,8:25 PM,3:26,SUB: Dellavedova FOR Cunningham,,,,,4.0,203099,Jared Cunningham,1610612739.0,Cleveland,Cavaliers,CLE,4,203521,Matthew Dellavedova,1610612739.0,Cleveland,Cavaliers,CLE,0,0,,,,,
0021500191,219,3,12,2,8:25 PM,3:26,,,Teague Free Throw 2 of 2 (11 PTS),36 - 50,14,5.0,201952,Jeff Teague,1610612737.0,Atlanta,Hawks,ATL,0,0,,,,,,0,0,,,,,
0021500191,222,2,80,2,8:26 PM,3:08,MISS Smith 14' Step Back Jump Shot,,,,,4.0,2747,JR Smith,1610612739.0,Cleveland,Cavaliers,CLE,0,0,,,,,,0,0,,,,,
0021500191,223,4,0,2,8:26 PM,3:07,Love REBOUND (Off:2 Def:4),,,,,4.0,201567,Kevin Love,1610612739.0,Cleveland,Cavaliers,CLE,0,0,,,,,,0,0,,,,,
0021500191,224,2,1,2,8:26 PM,3:03,MISS Love 4' Jump Shot,,,,,4.0,201567,Kevin Love,1610612739.0,Cleveland,Cavaliers,CLE,0,0,,,,,,0,0,,,,,
0021500191,225,4,0,2,8:26 PM,3:03,,,Hawks Rebound,,,3.0,1610612737,,,,,,0,0,,,,,,0,0,,,,,
0021500191,226,9,1,2,8:26 PM,3:03,,,Hawks Timeout: Regular (Reg.2 Short 0),,,3.0,1610612737,,,,,,0,0,,,,,,0,0,,,,,
0021500191,228,8,0,2,8:28 PM,3:03,,,SUB: Horford FOR Teague,,,5.0,201952,Jeff Teague,1610612737.0,Atlanta,Hawks,ATL,5,201143,Al Horford,1610612737.0,Atlanta,Hawks,ATL,0,0,,,,,
0021500191,229,8,0,2,8:28 PM,3:03,,,SUB: Mack FOR Muscala,,,5.0,203488,Mike Muscala,1610612737.0,Atlanta,Hawks,ATL,5,202714,Shelvin Mack,1610612737.0,Atlanta,Hawks,ATL,0,0,,,,,
0021500191,231,2,98,2,8:29 PM,2:40,Smith BLOCK (1 BLK),,MISS Korver 3' Cutting Layup Shot,,,5.0,2594,Kyle Korver,1610612737.0,Atlanta,Hawks,ATL,0,0,,,,,,4,2747,JR Smith,1610612739.0,Cleveland,Cavaliers,CLE
0021500191,232,4,0,2,8:29 PM,2:38,Thompson REBOUND (Off:5 Def:7),,,,,4.0,202684,Tristan Thompson,1610612739.0,Cleveland,Cavaliers,CLE,0,0,,,,,,0,0,,,,,
0021500191,233,6,2,2,8:29 PM,2:29,,,Korver S.FOUL (P2.T4) (B.Taylor),,,5.0,2594,Kyle Korver,1610612737.0,Atlanta,Hawks,ATL,4,201567,Kevin Love,1610612739.0,Cleveland,Cavaliers,CLE,1,0,,,,,
0021500191,234,3,11,2,8:29 PM,2:29,Love Free Throw 1 of 2 (11 PTS),,,36 - 51,15,4.0,201567,Kevin Love,1610612739.0,Cleveland,Cavaliers,CLE,0,0,,,,,,0,0,,,,,
0021500191,236,3,12,2,8:29 PM,2:29,Love Free Throw 2 of 2 (12 PTS),,,36 - 52,16,4.0,201567,Kevin Love,1610612739.0,Cleveland,Cavaliers,CLE,0,0,,,,,,0,0,,,,,
0021500191,238,2,85,2,8:30 PM,2:12,,,MISS Horford 8' Turnaround Bank Shot,,,5.0,201143,Al Horford,1610612737.0,Atlanta,Hawks,ATL,0,0,,,,,,0,0,,,,,
0021500191,239,4,0,2,8:30 PM,2:11,Love REBOUND (Off:2 Def:5),,,,,4.0,201567,Kevin Love,1610612739.0,Cleveland,Cavaliers,CLE,0,0,,,,,,0,0,,,,,
0021500191,240,5,4,2,8:30 PM,2:06,Love Traveling Turnover (P1.T4),,,,,4.0,201567,Kevin Love,1610612739.0,Cleveland,Cavaliers,CLE,0,0,,,,,,1,0,,,,,
0021500191,241,2,1,2,8:31 PM,1:50,,,MISS Millsap 6' Jump Shot,,,5.0,200794,Paul Millsap,1610612737.0,Atlanta,Hawks,ATL,0,0,,,,,,0,0,,,,,
0021500191,242,4,0,2,8:31 PM,1:50,,,Hawks Rebound,,,3.0,1610612737,,,,,,0,0,,,,,,0,0,,,,,
0021500191,243,5,4,2,8:31 PM,1:50,,,Millsap Traveling Turnover (P3.T7),,,5.0,200794,Paul Millsap,1610612737.0,Atlanta,Hawks,ATL,0,0,,,,,,1,0,,,,,
0021500191,244,8,0,2,8:31 PM,1:50,SUB: Varejao FOR Love,,,,,4.0,201567,Kevin Love,1610612739.0,Cleveland,Cavaliers,CLE,4,2760,Anderson Varejao,1610612739.0,Cleveland,Cavaliers,CLE,0,0,,,,,
0021500191,245,2,1,2,8:31 PM,1:37,MISS Smith 25' 3PT Jump Shot,,,,,4.0,2747,JR Smith,1610612739.0,Cleveland,Cavaliers,CLE,0,0,,,,,,0,0,,,,,
0021500191,246,4,0,2,8:31 PM,1:36,Smith REBOUND (Off:1 Def:0),,,,,4.0,2747,JR Smith,1610612739.0,Cleveland,Cavaliers,CLE,0,0,,,,,,0,0,,,,,
0021500191,247,5,45,2,8:31 PM,1:35,Smith Out of Bounds - Bad Pass Turnover Turnover (P1.T5),,,,,4.0,2747,JR Smith,1610612739.0,Cleveland,Cavaliers,CLE,0,0,,,,,,0,0,,,,,
0021500191,248,1,7,2,8:31 PM,1:23,,,Millsap  Dunk (6 PTS) (Korver 1 AST),38 - 52,14,5.0,200794,Paul Millsap,1610612737.0,Atlanta,Hawks,ATL,5,2594,Kyle Korver,1610612737.0,Atlanta,Hawks,ATL,0,0,,,,,
0021500191,249,1,1,2,8:32 PM,1:05,Dellavedova 25' 3PT Jump Shot (6 PTS),,,38 - 55,17,4.0,203521,Matthew Dellavedova,1610612739.0,Cleveland,Cavaliers,CLE,0,0,,,,,,0,0,,,,,
0021500191,251,6,1,2,8:32 PM,0:56,Dellavedova P.FOUL (P1.PN) (M.Ayotte),,,,,4.0,203521,Matthew Dellavedova,1610612739.0,Cleveland,Cavaliers,CLE,5,200794,Paul Millsap,1610612737.0,Atlanta,Hawks,ATL,1,0,,,,,
0021500191,252,3,11,2,8:32 PM,0:56,,,Millsap Free Throw 1 of 2 (7 PTS),39 - 55,16,5.0,200794,Paul Millsap,1610612737.0,Atlanta,Hawks,ATL,0,0,,,,,,0,0,,,,,
0021500191,254,3,12,2,8:32 PM,0:56,,,Millsap Free Throw 2 of 2 (8 PTS),40 - 55,15,5.0,200794,Paul Millsap,1610612737.0,Atlanta,Hawks,ATL,0,0,,,,,,0,0,,,,,
0021500191,256,1,78,2,8:33 PM,0:42,Dellavedova 9' Floating Jump Shot (8 PTS) (Thompson 5 AST),,,40 - 57,17,4.0,203521,Matthew Dellavedova,1610612739.0,Cleveland,Cavaliers,CLE,4,202684,Tristan Thompson,1610612739.0,Cleveland,Cavaliers,CLE,0,0,,,,,
0021500191,257,2,42,2,8:33 PM,0:29,,,MISS Mack 1' Driving Layup,,,5.0,202714,Shelvin Mack,1610612737.0,Atlanta,Hawks,ATL,0,0,,,,,,0,0,,,,,
0021500191,258,4,0,2,8:33 PM,0:27,James REBOUND (Off:1 Def:4),,,,,4.0,2544,LeBron James,1610612739.0,Cleveland,Cavaliers,CLE,0,0,,,,,,0,0,,,,,
0021500191,260,2,42,2,8:34 PM,0:05,MISS James 2' Driving Layup,,,,,4.0,2544,LeBron James,1610612739.0,Cleveland,Cavaliers,CLE,0,0,,,,,,0,0,,,,,
0021500191,261,4,0,2,8:34 PM,0:04,,,Sefolosha REBOUND (Off:0 Def:3),,,5.0,200757,Thabo Sefolosha,1610612737.0,Atlanta,Hawks,ATL,0,0,,,,,,0,0,,,,,
0021500191,262,1,41,2,8:34 PM,0:00,,,Sefolosha 2' Running Layup (8 PTS),42 - 57,15,5.0,200757,Thabo Sefolosha,1610612737.0,Atlanta,Hawks,ATL,0,0,,,,,,0,0,,,,,
0021500191,263,2,1,2,8:34 PM,0:00,MISS Smith 69' 3PT Jump Shot,,,,,4.0,2747,JR Smith,1610612739.0,Cleveland,Cavaliers,CLE,0,0,,,,,,0,0,,,,,
0021500191,264,4,0,2,8:34 PM,0:00,CAVALIERS Rebound,,,,,2.0,1610612739,,,,,,0,0,,,,,,0,0,,,,,
0021500191,265,13,0,2,8:34 PM,0:00,,,,42 - 57,15,0.0,0,,,,,,0,0,,,,,,0,0,,,,,
0021500191,267,12,0,3,8:50 PM,12:00,,,,42 - 57,15,0.0,0,,,,,,0,0,,,,,,0,0,,,,,
0021500191,268,2,46,3,8:50 PM,11:36,,,MISS Teague 9' Running Jump Shot,,,5.0,201952,Jeff Teague,1610612737.0,Atlanta,Hawks,ATL,0,0,,,,,,0,0,,,,,
0021500191,269,4,0,3,8:50 PM,11:34,Thompson REBOUND (Off:5 Def:8),,,,,4.0,202684,Tristan Thompson,1610612739.0,Cleveland,Cavaliers,CLE,0,0,,,,,,0,0,,,,,
0021500191,270,2,1,3,8:50 PM,11:28,MISS James 6' Jump Shot,,,,,4.0,2544,LeBron James,1610612739.0,Cleveland,Cavaliers,CLE,0,0,,,,,,0,0,,,,,
0021500191,271,4,0,3,8:50 PM,11:27,James REBOUND (Off:2 Def:4),,,,,4.0,2544,LeBron James,1610612739.0,Cleveland,Cavaliers,CLE,0,0,,,,,,0,0,,,,,
0021500191,272,6,1,3,8:51 PM,11:27,,,Sefolosha P.FOUL (P1.T1) (B.Taylor),,,5.0,200757,Thabo Sefolosha,1610612737.0,Atlanta,Hawks,ATL,4,2544,LeBron James,1610612739.0,Cleveland,Cavaliers,CLE,1,0,,,,,
0021500191,273,6,2,3,8:51 PM,11:19,,,Teague S.FOUL (P2.T2) (T.Brothers),,,5.0,201952,Jeff Teague,1610612737.0,Atlanta,Hawks,ATL,4,203521,Matthew Dellavedova,1610612739.0,Cleveland,Cavaliers,CLE,1,0,,,,,
0021500191,275,3,11,3,8:51 PM,11:19,Dellavedova Free Throw 1 of 2 (9 PTS),,,42 - 58,16,4.0,203521,Matthew Dellavedova,1610612739.0,Cleveland,Cavaliers,CLE,0,0,,,,,,0,0,,,,,
0021500191,277,3,12,3,8:51 PM,11:19,Dellavedova Free Throw 2 of 2 (10 PTS),,,42 - 59,17,4.0,203521,Matthew Dellavedova,1610612739.0,Cleveland,Cavaliers,CLE,0,0,,,,,,0,0,,,,,
0021500191,279,2,46,3,8:52 PM,11:01,,,MISS Teague 4' Running Jump Shot,,,5.0,201952,Jeff Teague,1610612737.0,Atlanta,Hawks,ATL,0,0,,,,,,0,0,,,,,
0021500191,281,4,0,3,8:52 PM,10:59,,,Sefolosha REBOUND (Off:1 Def:3),,,5.0,200757,Thabo Sefolosha,1610612737.0,Atlanta,Hawks,ATL,0,0,,,,,,0,0,,,,,
0021500191,280,1,97,3,8:52 PM,10:59,,,Sefolosha 1' Tip Layup Shot (10 PTS),44 - 59,15,5.0,200757,Thabo Sefolosha,1610612737.0,Atlanta,Hawks,ATL,0,0,,,,,,0,0,,,,,
0021500191,282,1,1,3,8:52 PM,10:45,Love 26' 3PT Jump Shot (15 PTS) (James 3 AST),,,44 - 62,18,4.0,201567,Kevin Love,1610612739.0,Cleveland,Cavaliers,CLE,4,2544,LeBron James,1610612739.0,Cleveland,Cavaliers,CLE,0,0,,,,,
0021500191,283,2,1,3,8:53 PM,10:23,,,MISS Millsap 24' 3PT Jump Shot,,,5.0,200794,Paul Millsap,1610612737.0,Atlanta,Hawks,ATL,0,0,,,,,,0,0,,,,,
0021500191,284,4,0,3,8:53 PM,10:22,James REBOUND (Off:2 Def:5),,,,,4.0,2544,LeBron James,1610612739.0,Cleveland,Cavaliers,CLE,0,0,,,,,,0,0,,,,,
0021500191,285,1,50,3,8:53 PM,10:18,Love  Running Dunk (17 PTS) (James 4 AST),,,44 - 64,20,4.0,201567,Kevin Love,1610612739.0,Cleveland,Cavaliers,CLE,4,2544,LeBron James,1610612739.0,Cleveland,Cavaliers,CLE,0,0,,,,,
0021500191,286,6,1,3,8:53 PM,10:08,Dellavedova P.FOUL (P2.T1) (B.Taylor),,,,,4.0,203521,Matthew Dellavedova,1610612739.0,Cleveland,Cavaliers,CLE,5,200794,Paul Millsap,1610612737.0,Atlanta,Hawks,ATL,1,0,,,,,
0021500191,287,2,1,3,8:53 PM,10:01,,,MISS Sefolosha 26' 3PT Jump Shot,,,5.0,200757,Thabo Sefolosha,1610612737.0,Atlanta,Hawks,ATL,0,0,,,,,,0,0,,,,,
0021500191,288,4,0,3,8:53 PM,10:01,Dellavedova REBOUND (Off:0 Def:2),,,,,4.0,203521,Matthew Dellavedova,1610612739.0,Cleveland,Cavaliers,CLE,0,0,,,,,,0,0,,,,,
0021500191,289,1,41,3,8:53 PM,9:57,James  Running Layup (7 PTS) (Dellavedova 2 AST),,,44 - 66,22,4.0,2544,LeBron James,1610612739.0,Cleveland,Cavaliers,CLE,4,203521,Matthew Dellavedova,1610612739.0,Cleveland,Cavaliers,CLE,0,0,,,,,
0021500191,290,9,1,3,8:54 PM,9:57,,,Hawks Timeout: Regular (Reg.3 Short 0),,,3.0,1610612737,,,,,,0,0,,,,,,0,0,,,,,
0021500191,296,5,1,3,8:57 PM,9:45,Dellavedova STEAL (1 STL),,Teague Bad Pass Turnover (P1.T8),,,5.0,201952,Jeff Teague,1610612737.0,Atlanta,Hawks,ATL,4,203521,Matthew Dellavedova,1610612739.0,Cleveland,Cavaliers,CLE,0,0,,,,,
0021500191,297,6,2,3,8:57 PM,9:35,,,Millsap S.FOUL (P3.T3) (M.Ayotte),,,5.0,200794,Paul Millsap,1610612737.0,Atlanta,Hawks,ATL,4,201567,Kevin Love,1610612739.0,Cleveland,Cavaliers,CLE,1,0,,,,,
0021500191,298,3,11,3,8:57 PM,9:35,Love Free Throw 1 of 2 (18 PTS),,,44 - 67,23,4.0,201567,Kevin Love,1610612739.0,Cleveland,Cavaliers,CLE,0,0,,,,,,0,0,,,,,
0021500191,300,3,12,3,8:57 PM,9:35,Love Free Throw 2 of 2 (19 PTS),,,44 - 68,24,4.0,201567,Kevin Love,1610612739.0,Cleveland,Cavaliers,CLE,0,0,,,,,,0,0,,,,,
0021500191,302,6,1,3,8:58 PM,9:21,Dellavedova P.FOUL (P3.T2) (M.Ayotte),,,,,4.0,203521,Matthew Dellavedova,1610612739.0,Cleveland,Cavaliers,CLE,5,200794,Paul Millsap,1610612737.0,Atlanta,Hawks,ATL,1,0,,,,,
0021500191,303,6,5,3,8:58 PM,9:21,Smith IN.FOUL (P2.T3) (T.Brothers),,,,,4.0,2747,JR Smith,1610612739.0,Cleveland,Cavaliers,CLE,5,2594,Kyle Korver,1610612737.0,Atlanta,Hawks,ATL,1,0,,,,,
0021500191,304,3,11,3,8:58 PM,9:21,,,Korver Free Throw 1 of 2 (4 PTS),45 - 68,23,5.0,2594,Kyle Korver,1610612737.0,Atlanta,Hawks,ATL,0,0,,,,,,0,0,,,,,
0021500191,306,3,12,3,8:59 PM,9:21,,,Korver Free Throw 2 of 2 (5 PTS),46 - 68,22,5.0,2594,Kyle Korver,1610612737.0,Atlanta,Hawks,ATL,0,0,,,,,,0,0,,,,,
0021500191,309,2,47,3,8:59 PM,9:06,MISS Smith 14' Turnaround Jump Shot,,,,,4.0,2747,JR Smith,1610612739.0,Cleveland,Cavaliers,CLE,0,0,,,,,,0,0,,,,,
0021500191,310,4,0,3,8:59 PM,9:04,,,Sefolosha REBOUND (Off:1 Def:4),,,5.0,200757,Thabo Sefolosha,1610612737.0,Atlanta,Hawks,ATL,0,0,,,,,,0,0,,,,,
0021500191,311,2,80,3,8:59 PM,8:43,,,MISS Teague 16' Step Back Jump Shot,,,5.0,201952,Jeff Teague,1610612737.0,Atlanta,Hawks,ATL,0,0,,,,,,0,0,,,,,
0021500191,312,4,0,3,8:59 PM,8:42,James REBOUND (Off:2 Def:6),,,,,4.0,2544,LeBron James,1610612739.0,Cleveland,Cavaliers,CLE,0,0,,,,,,0,0,,,,,
0021500191,313,2,1,3,9:00 PM,8:32,MISS Love 26' 3PT Jump Shot,,,,,4.0,201567,Kevin Love,1610612739.0,Cleveland,Cavaliers,CLE,0,0,,,,,,0,0,,,,,
0021500191,314,4,0,3,9:00 PM,8:31,,,Horford REBOUND (Off:2 Def:4),,,5.0,201143,Al Horford,1610612737.0,Atlanta,Hawks,ATL,0,0,,,,,,0,0,,,,,
0021500191,315,2,1,3,9:00 PM,8:23,,,MISS Korver 26' 3PT Jump Shot,,,5.0,2594,Kyle Korver,1610612737.0,Atlanta,Hawks,ATL,0,0,,,,,,0,0,,,,,
0021500191,316,4,0,3,9:00 PM,8:23,,,Teague REBOUND (Off:1 Def:0),,,5.0,201952,Jeff Teague,1610612737.0,Atlanta,Hawks,ATL,0,0,,,,,,0,0,,,,,
0021500191,317,2,1,3,9:00 PM,8:14,,,MISS Korver  3PT Jump Shot,,,5.0,2594,Kyle Korver,1610612737.0,Atlanta,Hawks,ATL,0,0,,,,,,0,0,,,,,
0021500191,318,4,0,3,9:00 PM,8:14,Smith REBOUND (Off:1 Def:1),,,,,4.0,2747,JR Smith,1610612739.0,Cleveland,Cavaliers,CLE,0,0,,,,,,0,0,,,,,
0021500191,319,1,52,3,9:00 PM,8:00,Thompson  Alley Oop Dunk (6 PTS) (Dellavedova 3 AST),,,46 - 70,24,4.0,202684,Tristan Thompson,1610612739.0,Cleveland,Cavaliers,CLE,4,203521,Matthew Dellavedova,1610612739.0,Cleveland,Cavaliers,CLE,0,0,,,,,
0021500191,321,6,1,3,9:01 PM,7:43,Dellavedova P.FOUL (P4.T4) (B.Taylor),,,,,4.0,203521,Matthew Dellavedova,1610612739.0,Cleveland,Cavaliers,CLE,5,201952,Jeff Teague,1610612737.0,Atlanta,Hawks,ATL,1,0,,,,,
0021500191,322,8,0,3,9:01 PM,7:43,SUB: Cunningham FOR Dellavedova,,,,,4.0,203521,Matthew Dellavedova,1610612739.0,Cleveland,Cavaliers,CLE,4,203099,Jared Cunningham,1610612739.0,Cleveland,Cavaliers,CLE,0,0,,,,,
0021500191,323,2,1,3,9:01 PM,7:30,,,MISS Sefolosha 20' Jump Shot,,,5.0,200757,Thabo Sefolosha,1610612737.0,Atlanta,Hawks,ATL,0,0,,,,,,0,0,,,,,
0021500191,324,4,0,3,9:01 PM,7:30,Love REBOUND (Off:2 Def:6),,,,,4.0,201567,Kevin Love,1610612739.0,Cleveland,Cavaliers,CLE,0,0,,,,,,0,0,,,,,
0021500191,326,5,1,3,9:01 PM,7:20,Love Bad Pass Turnover (P2.T6),,Sefolosha STEAL (1 STL),,,4.0,201567,Kevin Love,1610612739.0,Cleveland,Cavaliers,CLE,5,200757,Thabo Sefolosha,1610612737.0,Atlanta,Hawks,ATL,0,0,,,,,
0021500191,327,2,42,3,9:02 PM,7:12,,,MISS Korver 1' Driving Layup,,,5.0,2594,Kyle Korver,1610612737.0,Atlanta,Hawks,ATL,0,0,,,,,,0,0,,,,,
0021500191,328,4,0,3,9:02 PM,7:10,Thompson REBOUND (Off:5 Def:9),,,,,4.0,202684,Tristan Thompson,1610612739.0,Cleveland,Cavaliers,CLE,0,0,,,,,,0,0,,,,,
0021500191,329,1,99,3,9:02 PM,7:03,Cunningham 1' Cutting Finger Roll Layup Shot (6 PTS) (James 5 AST),,,46 - 72,26,4.0,203099,Jared Cunningham,1610612739.0,Cleveland,Cavaliers,CLE,4,2544,LeBron James,1610612739.0,Cleveland,Cavaliers,CLE,0,0,,,,,
0021500191,330,2,75,3,9:02 PM,6:46,,,MISS Teague  Driving Finger Roll Layup,,,5.0,201952,Jeff Teague,1610612737.0,Atlanta,Hawks,ATL,0,0,,,,,,0,0,,,,,
0021500191,331,4,0,3,9:02 PM,6:45,Love REBOUND (Off:2 Def:7),,,,,4.0,201567,Kevin Love,1610612739.0,Cleveland,Cavaliers,CLE,0,0,,,,,,0,0,,,,,
0021500191,332,6,4,3,9:02 PM,6:38,Thompson OFF.Foul (P2) (B.Taylor),,,,,4.0,202684,Tristan Thompson,1610612739.0,Cleveland,Cavaliers,CLE,5,200794,Paul Millsap,1610612737.0,Atlanta,Hawks,ATL,1,0,,,,,
0021500191,333,5,5,3,9:02 PM,6:38,Thompson Foul Turnover (P2.T7),,,,,4.0,202684,Tristan Thompson,1610612739.0,Cleveland,Cavaliers,CLE,0,0,,,,,,1,0,,,,,
0021500191,334,2,3,3,9:03 PM,6:27,,,MISS Horford 6' Hook Shot,,,5.0,201143,Al Horford,1610612737.0,Atlanta,Hawks,ATL,0,0,,,,,,0,0,,,,,
0021500191,335,4,0,3,9:03 PM,6:24,James REBOUND (Off:2 Def:7),,,,,4.0,2544,LeBron James,1610612739.0,Cleveland,Cavaliers,CLE,0,0,,,,,,0,0,,,,,
0021500191,336,5,45,3,9:03 PM,6:11,Cunningham Out of Bounds - Bad Pass Turnover Turnover (P2.T8),,,,,4.0,203099,Jared Cunningham,1610612739.0,Cleveland,Cavaliers,CLE,0,0,,,,,,0,0,,,,,
0021500191,337,6,11,3,9:03 PM,6:06,CAVALIERS T.FOUL,,,,,2.0,1610612739,,,,,,0,0,,,,,,1,0,,,,,
0021500191,338,3,16,3,9:04 PM,6:06,,,Korver Free Throw Technical (6 PTS),47 - 72,25,5.0,2594,Kyle Korver,1610612737.0,Atlanta,Hawks,ATL,0,0,,,,,,0,0,,,,,
0021500191,340,8,0,3,9:04 PM,6:06,SUB: Jefferson FOR James,,,,,4.0,2544,LeBron James,1610612739.0,Cleveland,Cavaliers,CLE,4,2210,Richard Jefferson,1610612739.0,Cleveland,Cavaliers,CLE,0,0,,,,,
0021500191,341,1,1,3,9:04 PM,5:57,,,Korver 26' 3PT Jump Shot (9 PTS) (Teague 3 AST),50 - 72,22,5.0,2594,Kyle Korver,1610612737.0,Atlanta,Hawks,ATL,5,201952,Jeff Teague,1610612737.0,Atlanta,Hawks,ATL,0,0,,,,,
0021500191,342,9,1,3,9:04 PM,5:57,CAVALIERS Timeout: Regular (Full 3 Short 0),,,,,2.0,1610612739,,,,,,0,0,,,,,,0,0,,,,,
0021500191,344,8,0,3,9:06 PM,5:57,,,SUB: Muscala FOR Horford,,,5.0,201143,Al Horford,1610612737.0,Atlanta,Hawks,ATL,5,203488,Mike Muscala,1610612737.0,Atlanta,Hawks,ATL,0,0,,,,,
0021500191,345,8,0,3,9:06 PM,5:57,,,SUB: Schroder FOR Teague,,,5.0,201952,Jeff Teague,1610612737.0,Atlanta,Hawks,ATL,5,203471,Dennis Schroder,1610612737.0,Atlanta,Hawks,ATL,0,0,,,,,
0021500191,347,5,1,3,9:07 PM,5:46,Smith Bad Pass Turnover (P2.T9),,Millsap STEAL (3 STL),,,4.0,2747,JR Smith,1610612739.0,Cleveland,Cavaliers,CLE,5,200794,Paul Millsap,1610612737.0,Atlanta,Hawks,ATL,0,0,,,,,
0021500191,348,1,1,3,9:07 PM,5:36,,,Korver 24' 3PT Jump Shot (12 PTS) (Schroder 2 AST),53 - 72,19,5.0,2594,Kyle Korver,1610612737.0,Atlanta,Hawks,ATL,5,203471,Dennis Schroder,1610612737.0,Atlanta,Hawks,ATL,0,0,,,,,
0021500191,349,2,47,3,9:07 PM,5:18,MISS Thompson 7' Turnaround Jump Shot,,,,,4.0,202684,Tristan Thompson,1610612739.0,Cleveland,Cavaliers,CLE,0,0,,,,,,0,0,,,,,
0021500191,350,4,0,3,9:07 PM,5:17,,,Muscala REBOUND (Off:0 Def:1),,,5.0,203488,Mike Muscala,1610612737.0,Atlanta,Hawks,ATL,0,0,,,,,,0,0,,,,,
0021500191,351,1,42,3,9:07 PM,5:06,,,Schroder 1' Driving Layup (2 PTS),55 - 72,17,5.0,203471,Dennis Schroder,1610612737.0,Atlanta,Hawks,ATL,0,0,,,,,,0,0,,,,,
0021500191,352,6,1,3,9:08 PM,4:52,,,Korver P.FOUL (P3.T4) (M.Ayotte),,,5.0,2594,Kyle Korver,1610612737.0,Atlanta,Hawks,ATL,4,2210,Richard Jefferson,1610612739.0,Cleveland,Cavaliers,CLE,1,0,,,,,
0021500191,353,8,0,3,9:08 PM,4:52,,,SUB: Patterson FOR Sefolosha,,,5.0,200757,Thabo Sefolosha,1610612737.0,Atlanta,Hawks,ATL,5,203934,Lamar Patterson,1610612737.0,Atlanta,Hawks,ATL,0,0,,,,,
0021500191,354,2,1,3,9:08 PM,4:36,MISS Smith 25' 3PT Jump Shot,,,,,4.0,2747,JR Smith,1610612739.0,Cleveland,Cavaliers,CLE,0,0,,,,,,0,0,,,,,
0021500191,355,4,0,3,9:08 PM,4:36,,,Millsap REBOUND (Off:1 Def:3),,,5.0,200794,Paul Millsap,1610612737.0,Atlanta,Hawks,ATL,0,0,,,,,,0,0,,,,,
0021500191,356,6,11,3,9:08 PM,4:36,Smith T.FOUL (P2.T4) (M.Ayotte),,,,,4.0,2747,JR Smith,1610612739.0,Cleveland,Cavaliers,CLE,0,0,,,,,,1,0,,,,,
0021500191,357,3,16,3,9:08 PM,4:36,,,MISS Korver Free Throw Technical,,,5.0,2594,Kyle Korver,1610612737.0,Atlanta,Hawks,ATL,0,0,,,,,,0,0,,,,,
0021500191,358,4,1,3,9:08 PM,4:36,,,Hawks Rebound,,,3.0,1610612737,,,,,,0,0,,,,,,0,0,,,,,
0021500191,359,2,42,3,9:09 PM,4:18,,,MISS Schroder 1' Driving Layup,,,5.0,203471,Dennis Schroder,1610612737.0,Atlanta,Hawks,ATL,0,0,,,,,,0,0,,,,,
0021500191,360,4,0,3,9:09 PM,4:16,Cunningham REBOUND (Off:0 Def:3),,,,,4.0,203099,Jared Cunningham,1610612739.0,Cleveland,Cavaliers,CLE,0,0,,,,,,0,0,,,,,
0021500191,361,1,85,3,9:10 PM,3:54,Love 6' Turnaround Bank Shot (21 PTS) (Smith 5 AST),,,55 - 74,19,4.0,201567,Kevin Love,1610612739.0,Cleveland,Cavaliers,CLE,4,2747,JR Smith,1610612739.0,Cleveland,Cavaliers,CLE,0,0,,,,,
0021500191,362,5,40,3,9:10 PM,3:42,,,Korver Out of Bounds Lost Ball Turnover (P4.T9),,,5.0,2594,Kyle Korver,1610612737.0,Atlanta,Hawks,ATL,0,0,,,,,,0,0,,,,,
0021500191,363,8,0,3,9:10 PM,3:42,,,SUB: Holiday FOR Korver,,,5.0,2594,Kyle Korver,1610612737.0,Atlanta,Hawks,ATL,5,203200,Justin Holiday,1610612737.0,Atlanta,Hawks,ATL,0,0,,,,,
0021500191,365,5,1,3,9:10 PM,3:33,Jefferson Bad Pass Turnover (P1.T10),,Millsap STEAL (4 STL),,,4.0,2210,Richard Jefferson,1610612739.0,Cleveland,Cavaliers,CLE,5,200794,Paul Millsap,1610612737.0,Atlanta,Hawks,ATL,0,0,,,,,
0021500191,366,6,1,3,9:10 PM,3:32,Jefferson P.FOUL (P1.PN) (T.Brothers),,,,,4.0,2210,Richard Jefferson,1610612739.0,Cleveland,Cavaliers,CLE,5,203200,Justin Holiday,1610612737.0,Atlanta,Hawks,ATL,1,0,,,,,
0021500191,367,3,11,3,9:11 PM,3:32,,,Holiday Free Throw 1 of 2 (4 PTS),56 - 74,18,5.0,203200,Justin Holiday,1610612737.0,Atlanta,Hawks,ATL,0,0,,,,,,0,0,,,,,
0021500191,369,3,12,3,9:11 PM,3:32,,,MISS Holiday Free Throw 2 of 2,,,5.0,203200,Justin Holiday,1610612737.0,Atlanta,Hawks,ATL,0,0,,,,,,0,0,,,,,
0021500191,371,4,0,3,9:11 PM,3:30,Love REBOUND (Off:2 Def:8),,,,,4.0,201567,Kevin Love,1610612739.0,Cleveland,Cavaliers,CLE,0,0,,,,,,0,0,,,,,
0021500191,372,2,42,3,9:11 PM,3:10,MISS Smith 3' Driving Layup,,,,,4.0,2747,JR Smith,1610612739.0,Cleveland,Cavaliers,CLE,0,0,,,,,,0,0,,,,,
0021500191,373,4,0,3,9:11 PM,3:10,CAVALIERS Rebound,,,,,2.0,1610612739,,,,,,0,0,,,,,,0,0,,,,,
0021500191,374,6,3,3,9:11 PM,3:10,,,Millsap L.B.FOUL (P4.PN) (B.Taylor),,,5.0,200794,Paul Millsap,1610612737.0,Atlanta,Hawks,ATL,4,202684,Tristan Thompson,1610612739.0,Cleveland,Cavaliers,CLE,1,0,,,,,
0021500191,375,3,11,3,9:12 PM,3:10,Thompson Free Throw 1 of 2 (7 PTS),,,56 - 75,19,4.0,202684,Tristan Thompson,1610612739.0,Cleveland,Cavaliers,CLE,0,0,,,,,,0,0,,,,,
0021500191,377,8,0,3,9:12 PM,3:10,SUB: Varejao FOR Love,,,,,4.0,201567,Kevin Love,1610612739.0,Cleveland,Cavaliers,CLE,4,2760,Anderson Varejao,1610612739.0,Cleveland,Cavaliers,CLE,0,0,,,,,
0021500191,378,3,12,3,9:12 PM,3:10,MISS Thompson Free Throw 2 of 2,,,,,4.0,202684,Tristan Thompson,1610612739.0,Cleveland,Cavaliers,CLE,0,0,,,,,,0,0,,,,,
0021500191,380,4,0,3,9:12 PM,3:10,,,Hawks Rebound,,,3.0,1610612737,,,,,,0,0,,,,,,0,0,,,,,
0021500191,381,6,1,3,9:12 PM,3:10,Smith P.FOUL (P3.PN) (T.Brothers),,,,,4.0,2747,JR Smith,1610612739.0,Cleveland,Cavaliers,CLE,5,203488,Mike Muscala,1610612737.0,Atlanta,Hawks,ATL,1,0,,,,,
0021500191,382,3,11,3,9:13 PM,3:10,,,Muscala Free Throw 1 of 2 (1 PTS),57 - 75,18,5.0,203488,Mike Muscala,1610612737.0,Atlanta,Hawks,ATL,0,0,,,,,,0,0,,,,,
0021500191,384,3,12,3,9:13 PM,3:10,,,Muscala Free Throw 2 of 2 (2 PTS),58 - 75,17,5.0,203488,Mike Muscala,1610612737.0,Atlanta,Hawks,ATL,0,0,,,,,,0,0,,,,,
0021500191,387,2,47,3,9:13 PM,2:51,MISS Cunningham 8' Turnaround Jump Shot,,,,,4.0,203099,Jared Cunningham,1610612739.0,Cleveland,Cavaliers,CLE,0,0,,,,,,0,0,,,,,
0021500191,388,4,0,3,9:13 PM,2:50,,,Millsap REBOUND (Off:1 Def:4),,,5.0,200794,Paul Millsap,1610612737.0,Atlanta,Hawks,ATL,0,0,,,,,,0,0,,,,,
0021500191,389,2,78,3,9:13 PM,2:42,,,MISS Millsap 8' Floating Jump Shot,,,5.0,200794,Paul Millsap,1610612737.0,Atlanta,Hawks,ATL,0,0,,,,,,0,0,,,,,
0021500191,391,4,0,3,9:14 PM,2:41,,,Millsap REBOUND (Off:2 Def:4),,,5.0,200794,Paul Millsap,1610612737.0,Atlanta,Hawks,ATL,0,0,,,,,,0,0,,,,,
0021500191,390,2,97,3,9:14 PM,2:41,,,MISS Millsap 2' Tip Layup Shot,,,5.0,200794,Paul Millsap,1610612737.0,Atlanta,Hawks,ATL,0,0,,,,,,0,0,,,,,
0021500191,392,4,0,3,9:14 PM,2:40,,,Millsap REBOUND (Off:3 Def:4),,,5.0,200794,Paul Millsap,1610612737.0,Atlanta,Hawks,ATL,0,0,,,,,,0,0,,,,,
0021500191,393,6,1,3,9:14 PM,2:40,Cunningham P.FOUL (P3.PN) (B.Taylor),,,,,4.0,203099,Jared Cunningham,1610612739.0,Cleveland,Cavaliers,CLE,5,200794,Paul Millsap,1610612737.0,Atlanta,Hawks,ATL,1,0,,,,,
0021500191,394,3,11,3,9:14 PM,2:40,,,MISS Millsap Free Throw 1 of 2,,,5.0,200794,Paul Millsap,1610612737.0,Atlanta,Hawks,ATL,0,0,,,,,,0,0,,,,,
0021500191,395,4,1,3,9:14 PM,2:40,,,Hawks Rebound,,,3.0,1610612737,,,,,,0,0,,,,,,0,0,,,,,
0021500191,396,8,0,3,9:14 PM,2:40,SUB: James FOR Smith,,,,,4.0,2747,JR Smith,1610612739.0,Cleveland,Cavaliers,CLE,4,2544,LeBron James,1610612739.0,Cleveland,Cavaliers,CLE,0,0,,,,,
0021500191,397,3,12,3,9:14 PM,2:40,,,Millsap Free Throw 2 of 2 (9 PTS),59 - 75,16,5.0,200794,Paul Millsap,1610612737.0,Atlanta,Hawks,ATL,0,0,,,,,,0,0,,,,,
0021500191,399,1,1,3,9:15 PM,2:20,James 14' Jump Shot (9 PTS),,,59 - 77,18,4.0,2544,LeBron James,1610612739.0,Cleveland,Cavaliers,CLE,0,0,,,,,,0,0,,,,,
0021500191,401,1,1,3,9:15 PM,2:05,,,Schroder 25' 3PT Jump Shot (5 PTS) (Millsap 3 AST),62 - 77,15,5.0,203471,Dennis Schroder,1610612737.0,Atlanta,Hawks,ATL,5,200794,Paul Millsap,1610612737.0,Atlanta,Hawks,ATL,0,0,,,,,
0021500191,402,2,42,3,9:15 PM,1:50,MISS Thompson 2' Driving Layup,,,,,4.0,202684,Tristan Thompson,1610612739.0,Cleveland,Cavaliers,CLE,0,0,,,,,,0,0,,,,,
0021500191,403,4,0,3,9:15 PM,1:47,,,Millsap REBOUND (Off:3 Def:5),,,5.0,200794,Paul Millsap,1610612737.0,Atlanta,Hawks,ATL,0,0,,,,,,0,0,,,,,
0021500191,404,2,1,3,9:15 PM,1:43,,,MISS Millsap 24' 3PT Jump Shot,,,5.0,200794,Paul Millsap,1610612737.0,Atlanta,Hawks,ATL,0,0,,,,,,0,0,,,,,
0021500191,405,4,0,3,9:15 PM,1:42,Jefferson REBOUND (Off:0 Def:1),,,,,4.0,2210,Richard Jefferson,1610612739.0,Cleveland,Cavaliers,CLE,0,0,,,,,,0,0,,,,,
0021500191,406,2,1,3,9:16 PM,1:29,MISS Cunningham  3PT Jump Shot,,,,,4.0,203099,Jared Cunningham,1610612739.0,Cleveland,Cavaliers,CLE,0,0,,,,,,0,0,,,,,
0021500191,407,4,0,3,9:16 PM,1:27,,,Hawks Rebound,,,3.0,1610612737,,,,,,0,0,,,,,,0,0,,,,,
0021500191,408,8,0,3,9:16 PM,1:27,,,SUB: Horford FOR Millsap,,,5.0,200794,Paul Millsap,1610612737.0,Atlanta,Hawks,ATL,5,201143,Al Horford,1610612737.0,Atlanta,Hawks,ATL,0,0,,,,,
0021500191,409,10,0,3,9:16 PM,1:24,Jump Ball Thompson vs. Holiday: Tip to Horford,,,,,4.0,202684,Tristan Thompson,1610612739.0,Cleveland,Cavaliers,CLE,5,203200,Justin Holiday,1610612737.0,Atlanta,Hawks,ATL,5,201143,Al Horford,1610612737.0,Atlanta,Hawks,ATL
0021500191,411,2,5,3,9:16 PM,1:16,James BLOCK (2 BLK),,MISS Holiday 1' Layup,,,5.0,203200,Justin Holiday,1610612737.0,Atlanta,Hawks,ATL,0,0,,,,,,4,2544,LeBron James,1610612739.0,Cleveland,Cavaliers,CLE
0021500191,412,4,0,3,9:16 PM,1:14,Varejao REBOUND (Off:0 Def:3),,,,,4.0,2760,Anderson Varejao,1610612739.0,Cleveland,Cavaliers,CLE,0,0,,,,,,0,0,,,,,
0021500191,413,5,1,3,9:16 PM,1:10,Varejao Bad Pass Turnover (P1.T11),,Schroder STEAL (1 STL),,,4.0,2760,Anderson Varejao,1610612739.0,Cleveland,Cavaliers,CLE,5,203471,Dennis Schroder,1610612737.0,Atlanta,Hawks,ATL,0,0,,,,,
0021500191,414,1,5,3,9:16 PM,1:05,,,Schroder 1' Layup (7 PTS),64 - 77,13,5.0,203471,Dennis Schroder,1610612737.0,Atlanta,Hawks,ATL,0,0,,,,,,0,0,,,,,
0021500191,416,2,80,3,9:17 PM,0:47,MISS James 22' Step Back Jump Shot,,,,,4.0,2544,LeBron James,1610612739.0,Cleveland,Cavaliers,CLE,0,0,,,,,,0,0,,,,,
0021500191,417,4,0,3,9:17 PM,0:46,,,Muscala REBOUND (Off:0 Def:2),,,5.0,203488,Mike Muscala,1610612737.0,Atlanta,Hawks,ATL,0,0,,,,,,0,0,,,,,
0021500191,419,2,5,3,9:17 PM,0:32,,,MISS Holiday 2' Layup,,,5.0,203200,Justin Holiday,1610612737.0,Atlanta,Hawks,ATL,0,0,,,,,,0,0,,,,,
0021500191,421,4,0,3,9:17 PM,0:31,,,Schroder REBOUND (Off:1 Def:1),,,5.0,203471,Dennis Schroder,1610612737.0,Atlanta,Hawks,ATL,0,0,,,,,,0,0,,,,,
0021500191,420,2,42,3,9:17 PM,0:31,Thompson BLOCK (1 BLK),,MISS Schroder 3' Driving Layup,,,5.0,203471,Dennis Schroder,1610612737.0,Atlanta,Hawks,ATL,0,0,,,,,,4,202684,Tristan Thompson,1610612739.0,Cleveland,Cavaliers,CLE
0021500191,422,4,0,3,9:17 PM,0:30,Cunningham REBOUND (Off:0 Def:4),,,,,4.0,203099,Jared Cunningham,1610612739.0,Cleveland,Cavaliers,CLE,0,0,,,,,,0,0,,,,,
0021500191,423,5,1,3,9:17 PM,0:13,James Bad Pass Turnover (P2.T12),,Schroder STEAL (2 STL),,,4.0,2544,LeBron James,1610612739.0,Cleveland,Cavaliers,CLE,5,203471,Dennis Schroder,1610612737.0,Atlanta,Hawks,ATL,0,0,,,,,
0021500191,424,2,1,3,9:17 PM,0:01,,,MISS Schroder 26' 3PT Jump Shot,,,5.0,203471,Dennis Schroder,1610612737.0,Atlanta,Hawks,ATL,0,0,,,,,,0,0,,,,,
0021500191,425,4,0,3,9:18 PM,0:00,,,Hawks Rebound,,,3.0,1610612737,,,,,,0,0,,,,,,0,0,,,,,
0021500191,426,13,0,3,9:18 PM,0:00,,,,64 - 77,13,0.0,0,,,,,,0,0,,,,,,0,0,,,,,
0021500191,428,12,0,4,9:21 PM,12:00,,,,64 - 77,13,0.0,0,,,,,,0,0,,,,,,0,0,,,,,
0021500191,429,2,42,4,9:21 PM,11:41,MISS James 2' Driving Layup,,,,,4.0,2544,LeBron James,1610612739.0,Cleveland,Cavaliers,CLE,0,0,,,,,,0,0,,,,,
0021500191,430,4,0,4,9:21 PM,11:40,,,Horford REBOUND (Off:2 Def:5),,,5.0,201143,Al Horford,1610612737.0,Atlanta,Hawks,ATL,0,0,,,,,,0,0,,,,,
0021500191,431,2,1,4,9:21 PM,11:33,,,MISS Holiday  3PT Jump Shot,,,5.0,203200,Justin Holiday,1610612737.0,Atlanta,Hawks,ATL,0,0,,,,,,0,0,,,,,
0021500191,432,4,0,4,9:21 PM,11:33,James REBOUND (Off:2 Def:8),,,,,4.0,2544,LeBron James,1610612739.0,Cleveland,Cavaliers,CLE,0,0,,,,,,0,0,,,,,
0021500191,433,1,1,4,9:21 PM,11:22,Jones 25' 3PT Jump Shot (3 PTS) (Jefferson 1 AST),,,64 - 80,16,4.0,2592,James Jones,1610612739.0,Cleveland,Cavaliers,CLE,4,2210,Richard Jefferson,1610612739.0,Cleveland,Cavaliers,CLE,0,0,,,,,
0021500191,434,6,2,4,9:22 PM,11:08,Jones S.FOUL (P1.T1) (T.Brothers),,,,,4.0,2592,James Jones,1610612739.0,Cleveland,Cavaliers,CLE,5,203488,Mike Muscala,1610612737.0,Atlanta,Hawks,ATL,1,0,,,,,
0021500191,435,3,11,4,9:22 PM,11:08,,,Muscala Free Throw 1 of 2 (3 PTS),65 - 80,15,5.0,203488,Mike Muscala,1610612737.0,Atlanta,Hawks,ATL,0,0,,,,,,0,0,,,,,
0021500191,437,3,12,4,9:22 PM,11:08,,,Muscala Free Throw 2 of 2 (4 PTS),66 - 80,14,5.0,203488,Mike Muscala,1610612737.0,Atlanta,Hawks,ATL,0,0,,,,,,0,0,,,,,
0021500191,439,6,1,4,9:23 PM,10:56,,,Patterson P.FOUL (P2.T1) (B.Taylor),,,5.0,203934,Lamar Patterson,1610612737.0,Atlanta,Hawks,ATL,4,2544,LeBron James,1610612739.0,Cleveland,Cavaliers,CLE,1,0,,,,,
0021500191,440,1,1,4,9:23 PM,10:42,Jones 27' 3PT Jump Shot (6 PTS) (James 6 AST),,,66 - 83,17,4.0,2592,James Jones,1610612739.0,Cleveland,Cavaliers,CLE,4,2544,LeBron James,1610612739.0,Cleveland,Cavaliers,CLE,0,0,,,,,
0021500191,441,5,4,4,9:23 PM,10:21,,,Schroder Traveling Turnover (P1.T10),,,5.0,203471,Dennis Schroder,1610612737.0,Atlanta,Hawks,ATL,0,0,,,,,,1,0,,,,,
0021500191,443,6,2,4,9:24 PM,10:05,,,Muscala S.FOUL (P1.T2) (M.Ayotte),,,5.0,203488,Mike Muscala,1610612737.0,Atlanta,Hawks,ATL,4,2544,LeBron James,1610612739.0,Cleveland,Cavaliers,CLE,1,0,,,,,
0021500191,444,3,11,4,9:24 PM,10:05,James Free Throw 1 of 2 (10 PTS),,,66 - 84,18,4.0,2544,LeBron James,1610612739.0,Cleveland,Cavaliers,CLE,0,0,,,,,,0,0,,,,,
0021500191,446,8,0,4,9:24 PM,10:05,,,SUB: Sefolosha FOR Patterson,,,5.0,203934,Lamar Patterson,1610612737.0,Atlanta,Hawks,ATL,5,200757,Thabo Sefolosha,1610612737.0,Atlanta,Hawks,ATL,0,0,,,,,
0021500191,447,8,0,4,9:24 PM,10:05,,,SUB: Teague FOR Schroder,,,5.0,203471,Dennis Schroder,1610612737.0,Atlanta,Hawks,ATL,5,201952,Jeff Teague,1610612737.0,Atlanta,Hawks,ATL,0,0,,,,,
0021500191,448,3,12,4,9:24 PM,10:05,James Free Throw 2 of 2 (11 PTS),,,66 - 85,19,4.0,2544,LeBron James,1610612739.0,Cleveland,Cavaliers,CLE,0,0,,,,,,0,0,,,,,
0021500191,451,2,1,4,9:25 PM,9:51,,,MISS Horford 15' Jump Shot,,,5.0,201143,Al Horford,1610612737.0,Atlanta,Hawks,ATL,0,0,,,,,,0,0,,,,,
0021500191,452,4,0,4,9:25 PM,9:51,James REBOUND (Off:2 Def:9),,,,,4.0,2544,LeBron James,1610612739.0,Cleveland,Cavaliers,CLE,0,0,,,,,,0,0,,,,,
0021500191,453,1,42,4,9:25 PM,9:42,James 1' Driving Layup (13 PTS),,,66 - 87,21,4.0,2544,LeBron James,1610612739.0,Cleveland,Cavaliers,CLE,0,0,,,,,,0,0,,,,,
0021500191,454,9,1,4,9:25 PM,9:38,,,Hawks Timeout: Regular (Reg.4 Short 0),,,3.0,1610612737,,,,,,0,0,,,,,,0,0,,,,,
0021500191,456,8,0,4,9:28 PM,9:38,,,SUB: Millsap FOR Muscala,,,5.0,203488,Mike Muscala,1610612737.0,Atlanta,Hawks,ATL,5,200794,Paul Millsap,1610612737.0,Atlanta,Hawks,ATL,0,0,,,,,
0021500191,458,1,1,4,9:28 PM,9:27,,,Horford 17' Jump Shot (7 PTS) (Millsap 4 AST),68 - 87,19,5.0,201143,Al Horford,1610612737.0,Atlanta,Hawks,ATL,5,200794,Paul Millsap,1610612737.0,Atlanta,Hawks,ATL,0,0,,,,,
0021500191,459,1,1,4,9:28 PM,9:08,James 20' Jump Shot (15 PTS),,,68 - 89,21,4.0,2544,LeBron James,1610612739.0,Cleveland,Cavaliers,CLE,0,0,,,,,,0,0,,,,,
0021500191,460,2,5,4,9:29 PM,8:51,,,MISS Sefolosha 2' Layup,,,5.0,200757,Thabo Sefolosha,1610612737.0,Atlanta,Hawks,ATL,0,0,,,,,,0,0,,,,,
0021500191,461,4,0,4,9:29 PM,8:51,Jones REBOUND (Off:0 Def:1),,,,,4.0,2592,James Jones,1610612739.0,Cleveland,Cavaliers,CLE,0,0,,,,,,0,0,,,,,
0021500191,462,5,1,4,9:29 PM,8:47,James Bad Pass Turnover (P3.T13),,Teague STEAL (2 STL),,,4.0,2544,LeBron James,1610612739.0,Cleveland,Cavaliers,CLE,5,201952,Jeff Teague,1610612737.0,Atlanta,Hawks,ATL,0,0,,,,,
0021500191,463,2,41,4,9:29 PM,8:42,Jones BLOCK (1 BLK),,MISS Sefolosha 3' Running Layup,,,5.0,200757,Thabo Sefolosha,1610612737.0,Atlanta,Hawks,ATL,0,0,,,,,,4,2592,James Jones,1610612739.0,Cleveland,Cavaliers,CLE
0021500191,464,4,0,4,9:29 PM,8:41,,,Horford REBOUND (Off:3 Def:5),,,5.0,201143,Al Horford,1610612737.0,Atlanta,Hawks,ATL,0,0,,,,,,0,0,,,,,
0021500191,465,1,72,4,9:29 PM,8:41,,,Horford 3' Putback Layup (9 PTS),70 - 89,19,5.0,201143,Al Horford,1610612737.0,Atlanta,Hawks,ATL,0,0,,,,,,0,0,,,,,
0021500191,466,6,2,4,9:29 PM,8:41,Jefferson S.FOUL (P2.T2) (T.Brothers),,,,,4.0,2210,Richard Jefferson,1610612739.0,Cleveland,Cavaliers,CLE,5,201143,Al Horford,1610612737.0,Atlanta,Hawks,ATL,1,0,,,,,
0021500191,467,8,0,4,9:29 PM,8:41,SUB: Love FOR Jones,,,,,4.0,2592,James Jones,1610612739.0,Cleveland,Cavaliers,CLE,4,201567,Kevin Love,1610612739.0,Cleveland,Cavaliers,CLE,0,0,,,,,
0021500191,468,3,10,4,9:29 PM,8:41,,,Horford Free Throw 1 of 1 (10 PTS),71 - 89,18,5.0,201143,Al Horford,1610612737.0,Atlanta,Hawks,ATL,0,0,,,,,,0,0,,,,,
0021500191,470,1,98,4,9:30 PM,8:30,Varejao 1' Cutting Layup Shot (6 PTS) (James 7 AST),,,71 - 91,20,4.0,2760,Anderson Varejao,1610612739.0,Cleveland,Cavaliers,CLE,4,2544,LeBron James,1610612739.0,Cleveland,Cavaliers,CLE,0,0,,,,,
0021500191,471,6,2,4,9:30 PM,8:30,,,Sefolosha S.FOUL (P2.T3) (M.Ayotte),,,5.0,200757,Thabo Sefolosha,1610612737.0,Atlanta,Hawks,ATL,4,2760,Anderson Varejao,1610612739.0,Cleveland,Cavaliers,CLE,1,0,,,,,
0021500191,472,8,0,4,9:30 PM,8:30,SUB: Smith FOR Jefferson,,,,,4.0,2210,Richard Jefferson,1610612739.0,Cleveland,Cavaliers,CLE,4,2747,JR Smith,1610612739.0,Cleveland,Cavaliers,CLE,0,0,,,,,
0021500191,473,8,0,4,9:30 PM,8:30,,,SUB: Korver FOR Holiday,,,5.0,203200,Justin Holiday,1610612737.0,Atlanta,Hawks,ATL,5,2594,Kyle Korver,1610612737.0,Atlanta,Hawks,ATL,0,0,,,,,
0021500191,475,3,10,4,9:30 PM,8:30,Varejao Free Throw 1 of 1 (7 PTS),,,71 - 92,21,4.0,2760,Anderson Varejao,1610612739.0,Cleveland,Cavaliers,CLE,0,0,,,,,,0,0,,,,,
0021500191,478,2,1,4,9:31 PM,8:08,,,MISS Teague 6' Jump Shot,,,5.0,201952,Jeff Teague,1610612737.0,Atlanta,Hawks,ATL,0,0,,,,,,0,0,,,,,
0021500191,479,4,0,4,9:31 PM,8:07,,,Millsap REBOUND (Off:4 Def:5),,,5.0,200794,Paul Millsap,1610612737.0,Atlanta,Hawks,ATL,0,0,,,,,,0,0,,,,,
0021500191,480,6,1,4,9:31 PM,8:01,Varejao P.FOUL (P1.T3) (M.Ayotte),,,,,4.0,2760,Anderson Varejao,1610612739.0,Cleveland,Cavaliers,CLE,5,201952,Jeff Teague,1610612737.0,Atlanta,Hawks,ATL,1,0,,,,,
0021500191,481,6,2,4,9:31 PM,7:59,Dellavedova S.FOUL (P5.T4) (T.Brothers),,,,,4.0,203521,Matthew Dellavedova,1610612739.0,Cleveland,Cavaliers,CLE,5,201952,Jeff Teague,1610612737.0,Atlanta,Hawks,ATL,1,0,,,,,
0021500191,482,3,11,4,9:31 PM,7:59,,,Teague Free Throw 1 of 2 (12 PTS),72 - 92,20,5.0,201952,Jeff Teague,1610612737.0,Atlanta,Hawks,ATL,0,0,,,,,,0,0,,,,,
0021500191,484,3,12,4,9:31 PM,7:59,,,Teague Free Throw 2 of 2 (13 PTS),73 - 92,19,5.0,201952,Jeff Teague,1610612737.0,Atlanta,Hawks,ATL,0,0,,,,,,0,0,,,,,
0021500191,486,2,1,4,9:32 PM,7:35,MISS Smith  3PT Jump Shot,,,,,4.0,2747,JR Smith,1610612739.0,Cleveland,Cavaliers,CLE,0,0,,,,,,0,0,,,,,
0021500191,487,4,0,4,9:32 PM,7:34,,,Korver REBOUND (Off:0 Def:1),,,5.0,2594,Kyle Korver,1610612737.0,Atlanta,Hawks,ATL,0,0,,,,,,0,0,,,,,
0021500191,488,1,82,4,9:32 PM,7:29,,,Millsap 6' Driving Bank Shot (11 PTS) (Teague 4 AST),75 - 92,17,5.0,200794,Paul Millsap,1610612737.0,Atlanta,Hawks,ATL,5,201952,Jeff Teague,1610612737.0,Atlanta,Hawks,ATL,0,0,,,,,
0021500191,489,6,2,4,9:32 PM,7:29,Love S.FOUL (P3.PN) (T.Brothers),,,,,4.0,201567,Kevin Love,1610612739.0,Cleveland,Cavaliers,CLE,5,200794,Paul Millsap,1610612737.0,Atlanta,Hawks,ATL,1,0,,,,,
0021500191,490,8,0,4,9:33 PM,7:29,SUB: Thompson FOR Varejao,,,,,4.0,2760,Anderson Varejao,1610612739.0,Cleveland,Cavaliers,CLE,4,202684,Tristan Thompson,1610612739.0,Cleveland,Cavaliers,CLE,0,0,,,,,
0021500191,491,3,10,4,9:33 PM,7:29,,,Millsap Free Throw 1 of 1 (12 PTS),76 - 92,16,5.0,200794,Paul Millsap,1610612737.0,Atlanta,Hawks,ATL,0,0,,,,,,0,0,,,,,
0021500191,493,2,46,4,9:33 PM,7:03,MISS Smith 5' Running Jump Shot,,,,,4.0,2747,JR Smith,1610612739.0,Cleveland,Cavaliers,CLE,0,0,,,,,,0,0,,,,,
0021500191,495,4,0,4,9:33 PM,7:01,Thompson REBOUND (Off:6 Def:9),,,,,4.0,202684,Tristan Thompson,1610612739.0,Cleveland,Cavaliers,CLE,0,0,,,,,,0,0,,,,,
0021500191,494,1,97,4,9:33 PM,7:01,Thompson 2' Tip Layup Shot (9 PTS),,,76 - 94,18,4.0,202684,Tristan Thompson,1610612739.0,Cleveland,Cavaliers,CLE,0,0,,,,,,0,0,,,,,
0021500191,496,6,29,4,9:34 PM,6:50,Love Shooting Block Foul (P4.PN) (T.Brothers),,,,,4.0,201567,Kevin Love,1610612739.0,Cleveland,Cavaliers,CLE,5,200794,Paul Millsap,1610612737.0,Atlanta,Hawks,ATL,1,0,,,,,
0021500191,497,3,11,4,9:34 PM,6:50,,,Millsap Free Throw 1 of 2 (13 PTS),77 - 94,17,5.0,200794,Paul Millsap,1610612737.0,Atlanta,Hawks,ATL,0,0,,,,,,0,0,,,,,
0021500191,499,3,12,4,9:34 PM,6:50,,,Millsap Free Throw 2 of 2 (14 PTS),78 - 94,16,5.0,200794,Paul Millsap,1610612737.0,Atlanta,Hawks,ATL,0,0,,,,,,0,0,,,,,
0021500191,502,2,1,4,9:35 PM,6:37,MISS Thompson 7' Jump Shot,,Horford BLOCK (1 BLK),,,4.0,202684,Tristan Thompson,1610612739.0,Cleveland,Cavaliers,CLE,0,0,,,,,,5,201143,Al Horford,1610612737.0,Atlanta,Hawks,ATL
0021500191,503,4,0,4,9:35 PM,6:36,,,Millsap REBOUND (Off:4 Def:6),,,5.0,200794,Paul Millsap,1610612737.0,Atlanta,Hawks,ATL,0,0,,,,,,0,0,,,,,
0021500191,504,2,42,4,9:35 PM,6:25,Thompson BLOCK (2 BLK),,MISS Teague 2' Driving Layup,,,5.0,201952,Jeff Teague,1610612737.0,Atlanta,Hawks,ATL,0,0,,,,,,4,202684,Tristan Thompson,1610612739.0,Cleveland,Cavaliers,CLE
0021500191,505,4,0,4,9:35 PM,6:24,,,Millsap REBOUND (Off:5 Def:6),,,5.0,200794,Paul Millsap,1610612737.0,Atlanta,Hawks,ATL,0,0,,,,,,0,0,,,,,
0021500191,507,1,1,4,9:35 PM,6:21,,,Korver 20' Jump Shot (14 PTS) (Millsap 5 AST),80 - 94,14,5.0,2594,Kyle Korver,1610612737.0,Atlanta,Hawks,ATL,5,200794,Paul Millsap,1610612737.0,Atlanta,Hawks,ATL,0,0,,,,,
0021500191,509,9,1,4,9:36 PM,6:21,CAVALIERS Timeout: Regular (Full 4 Short 0),,,,,2.0,1610612739,,,,,,0,0,,,,,,0,0,,,,,
0021500191,513,1,1,4,9:38 PM,6:00,James 9' Jump Shot (17 PTS),,,80 - 96,16,4.0,2544,LeBron James,1610612739.0,Cleveland,Cavaliers,CLE,0,0,,,,,,0,0,,,,,
0021500191,514,2,1,4,9:39 PM,5:34,,,MISS Korver 20' Jump Shot,,,5.0,2594,Kyle Korver,1610612737.0,Atlanta,Hawks,ATL,0,0,,,,,,0,0,,,,,
0021500191,515,4,0,4,9:39 PM,5:33,,,Horford REBOUND (Off:4 Def:5),,,5.0,201143,Al Horford,1610612737.0,Atlanta,Hawks,ATL,0,0,,,,,,0,0,,,,,
0021500191,517,2,42,4,9:39 PM,5:24,,,MISS Millsap 3' Driving Layup,,,5.0,200794,Paul Millsap,1610612737.0,Atlanta,Hawks,ATL,0,0,,,,,,0,0,,,,,
0021500191,519,4,0,4,9:39 PM,5:22,Thompson REBOUND (Off:6 Def:10),,,,,4.0,202684,Tristan Thompson,1610612739.0,Cleveland,Cavaliers,CLE,0,0,,,,,,0,0,,,,,
0021500191,520,1,78,4,9:39 PM,5:03,Dellavedova 7' Floating Jump Shot (12 PTS) (Love 2 AST),,,80 - 98,18,4.0,203521,Matthew Dellavedova,1610612739.0,Cleveland,Cavaliers,CLE,4,201567,Kevin Love,1610612739.0,Cleveland,Cavaliers,CLE,0,0,,,,,
0021500191,521,2,1,4,9:39 PM,4:51,,,MISS Horford 25' 3PT Jump Shot,,,5.0,201143,Al Horford,1610612737.0,Atlanta,Hawks,ATL,0,0,,,,,,0,0,,,,,
0021500191,522,4,0,4,9:39 PM,4:50,CAVALIERS Rebound,,,,,2.0,1610612739,,,,,,0,0,,,,,,0,0,,,,,
0021500191,523,8,0,4,9:40 PM,4:50,,,SUB: Schroder FOR Millsap,,,5.0,200794,Paul Millsap,1610612737.0,Atlanta,Hawks,ATL,5,203471,Dennis Schroder,1610612737.0,Atlanta,Hawks,ATL,0,0,,,,,
0021500191,524,8,0,4,9:40 PM,4:50,,,SUB: Muscala FOR Korver,,,5.0,2594,Kyle Korver,1610612737.0,Atlanta,Hawks,ATL,5,203488,Mike Muscala,1610612737.0,Atlanta,Hawks,ATL,0,0,,,,,
0021500191,525,8,0,4,9:40 PM,4:50,,,SUB: Patterson FOR Teague,,,5.0,201952,Jeff Teague,1610612737.0,Atlanta,Hawks,ATL,5,203934,Lamar Patterson,1610612737.0,Atlanta,Hawks,ATL,0,0,,,,,
0021500191,526,8,0,4,9:40 PM,4:50,SUB: Jefferson FOR Dellavedova,,,,,4.0,203521,Matthew Dellavedova,1610612739.0,Cleveland,Cavaliers,CLE,4,2210,Richard Jefferson,1610612739.0,Cleveland,Cavaliers,CLE,0,0,,,,,
0021500191,528,1,1,4,9:40 PM,4:32,James 16' Jump Shot (19 PTS),,,80 - 100,20,4.0,2544,LeBron James,1610612739.0,Cleveland,Cavaliers,CLE,0,0,,,,,,0,0,,,,,
0021500191,530,1,1,4,9:40 PM,4:19,,,Sefolosha 25' 3PT Jump Shot (13 PTS) (Patterson 2 AST),83 - 100,17,5.0,200757,Thabo Sefolosha,1610612737.0,Atlanta,Hawks,ATL,5,203934,Lamar Patterson,1610612737.0,Atlanta,Hawks,ATL,0,0,,,,,
0021500191,531,1,5,4,9:40 PM,4:03,Love 1' Layup (23 PTS) (James 8 AST),,,83 - 102,19,4.0,201567,Kevin Love,1610612739.0,Cleveland,Cavaliers,CLE,4,2544,LeBron James,1610612739.0,Cleveland,Cavaliers,CLE,0,0,,,,,
0021500191,532,2,5,4,9:41 PM,3:45,,,MISS Muscala  Layup,,,5.0,203488,Mike Muscala,1610612737.0,Atlanta,Hawks,ATL,0,0,,,,,,0,0,,,,,
0021500191,533,4,0,4,9:41 PM,3:44,Love REBOUND (Off:2 Def:9),,,,,4.0,201567,Kevin Love,1610612739.0,Cleveland,Cavaliers,CLE,0,0,,,,,,0,0,,,,,
0021500191,534,2,1,4,9:41 PM,3:29,MISS Love 28' 3PT Jump Shot,,,,,4.0,201567,Kevin Love,1610612739.0,Cleveland,Cavaliers,CLE,0,0,,,,,,0,0,,,,,
0021500191,535,4,0,4,9:41 PM,3:29,,,Horford REBOUND (Off:4 Def:6),,,5.0,201143,Al Horford,1610612737.0,Atlanta,Hawks,ATL,0,0,,,,,,0,0,,,,,
0021500191,536,5,40,4,9:41 PM,3:09,,,Schroder Out of Bounds Lost Ball Turnover (P2.T11),,,5.0,203471,Dennis Schroder,1610612737.0,Atlanta,Hawks,ATL,0,0,,,,,,0,0,,,,,
0021500191,537,8,0,4,9:41 PM,3:09,,,SUB: Holiday FOR Sefolosha,,,5.0,200757,Thabo Sefolosha,1610612737.0,Atlanta,Hawks,ATL,5,203200,Justin Holiday,1610612737.0,Atlanta,Hawks,ATL,0,0,,,,,
0021500191,538,8,0,4,9:42 PM,3:09,,,SUB: Scott FOR Horford,,,5.0,201143,Al Horford,1610612737.0,Atlanta,Hawks,ATL,5,203118,Mike Scott,1610612737.0,Atlanta,Hawks,ATL,0,0,,,,,
0021500191,539,6,1,4,9:42 PM,2:54,,,Scott P.FOUL (P1.T4) (B.Taylor),,,5.0,203118,Mike Scott,1610612737.0,Atlanta,Hawks,ATL,4,201567,Kevin Love,1610612739.0,Cleveland,Cavaliers,CLE,1,0,,,,,
0021500191,540,9,4,4,9:42 PM,2:54,,,,,,1.0,0,,,,,,0,0,,,,,,0,0,,,,,
0021500191,542,8,0,4,9:44 PM,2:54,,,SUB: Mack FOR Schroder,,,5.0,203471,Dennis Schroder,1610612737.0,Atlanta,Hawks,ATL,5,202714,Shelvin Mack,1610612737.0,Atlanta,Hawks,ATL,0,0,,,,,
0021500191,543,8,0,4,9:44 PM,2:54,SUB: Cunningham FOR James,,,,,4.0,2544,LeBron James,1610612739.0,Cleveland,Cavaliers,CLE,4,203099,Jared Cunningham,1610612739.0,Cleveland,Cavaliers,CLE,0,0,,,,,
0021500191,544,5,41,4,9:45 PM,2:52,Love Poss Lost Ball Turnover (P3.T14),,Scott STEAL (1 STL),,,4.0,201567,Kevin Love,1610612739.0,Cleveland,Cavaliers,CLE,5,203118,Mike Scott,1610612737.0,Atlanta,Hawks,ATL,0,0,,,,,
0021500191,545,1,41,4,9:45 PM,2:44,,,Scott 1' Running Layup (2 PTS) (Mack 1 AST),85 - 102,17,5.0,203118,Mike Scott,1610612737.0,Atlanta,Hawks,ATL,5,202714,Shelvin Mack,1610612737.0,Atlanta,Hawks,ATL,0,0,,,,,
0021500191,546,1,58,4,9:45 PM,2:25,Love 6' Turnaround Hook Shot (25 PTS) (Jefferson 2 AST),,,85 - 104,19,4.0,201567,Kevin Love,1610612739.0,Cleveland,Cavaliers,CLE,4,2210,Richard Jefferson,1610612739.0,Cleveland,Cavaliers,CLE,0,0,,,,,
0021500191,547,1,1,4,9:45 PM,2:07,,,Holiday 25' 3PT Jump Shot (7 PTS) (Mack 2 AST),88 - 104,16,5.0,203200,Justin Holiday,1610612737.0,Atlanta,Hawks,ATL,5,202714,Shelvin Mack,1610612737.0,Atlanta,Hawks,ATL,0,0,,,,,
0021500191,549,8,0,4,9:46 PM,1:41,SUB: Jones FOR Love,,,,,4.0,201567,Kevin Love,1610612739.0,Cleveland,Cavaliers,CLE,4,2592,James Jones,1610612739.0,Cleveland,Cavaliers,CLE,0,0,,,,,
0021500191,550,8,0,4,9:46 PM,1:41,SUB: Kaun FOR Thompson,,,,,4.0,202684,Tristan Thompson,1610612739.0,Cleveland,Cavaliers,CLE,4,201619,Sasha Kaun,1610612739.0,Cleveland,Cavaliers,CLE,0,0,,,,,
0021500191,551,1,1,4,9:46 PM,1:40,Smith 20' Jump Shot (14 PTS) (Jefferson 3 AST),,,88 - 106,18,4.0,2747,JR Smith,1610612739.0,Cleveland,Cavaliers,CLE,4,2210,Richard Jefferson,1610612739.0,Cleveland,Cavaliers,CLE,0,0,,,,,
0021500191,552,6,2,4,9:46 PM,1:40,,,Holiday S.FOUL (P1.PN) (M.Ayotte),,,5.0,203200,Justin Holiday,1610612737.0,Atlanta,Hawks,ATL,4,2747,JR Smith,1610612739.0,Cleveland,Cavaliers,CLE,1,0,,,,,
0021500191,553,3,10,4,9:47 PM,1:40,Smith Free Throw 1 of 1 (15 PTS),,,88 - 107,19,4.0,2747,JR Smith,1610612739.0,Cleveland,Cavaliers,CLE,0,0,,,,,,0,0,,,,,
0021500191,556,1,1,4,9:47 PM,1:28,,,Muscala 25' 3PT Jump Shot (7 PTS) (Patterson 3 AST),91 - 107,16,5.0,203488,Mike Muscala,1610612737.0,Atlanta,Hawks,ATL,5,203934,Lamar Patterson,1610612737.0,Atlanta,Hawks,ATL,0,0,,,,,
0021500191,557,2,1,4,9:47 PM,1:15,MISS Jefferson 29' 3PT Jump Shot,,,,,4.0,2210,Richard Jefferson,1610612739.0,Cleveland,Cavaliers,CLE,0,0,,,,,,0,0,,,,,
0021500191,558,4,0,4,9:47 PM,1:15,,,Hawks Rebound,,,3.0,1610612737,,,,,,0,0,,,,,,0,0,,,,,
0021500191,559,8,0,4,9:47 PM,1:15,SUB: Varejao FOR Smith,,,,,4.0,2747,JR Smith,1610612739.0,Cleveland,Cavaliers,CLE,4,2760,Anderson Varejao,1610612739.0,Cleveland,Cavaliers,CLE,0,0,,,,,
0021500191,560,1,79,4,9:48 PM,1:07,,,Mack 17' Pullup Jump Shot (2 PTS),93 - 107,14,5.0,202714,Shelvin Mack,1610612737.0,Atlanta,Hawks,ATL,0,0,,,,,,0,0,,,,,
0021500191,561,2,63,4,9:48 PM,0:47,MISS Jones 14' Fadeaway Jumper,,,,,4.0,2592,James Jones,1610612739.0,Cleveland,Cavaliers,CLE,0,0,,,,,,0,0,,,,,
0021500191,562,4,0,4,9:48 PM,0:46,,,Scott REBOUND (Off:0 Def:1),,,5.0,203118,Mike Scott,1610612737.0,Atlanta,Hawks,ATL,0,0,,,,,,0,0,,,,,
0021500191,563,1,7,4,9:48 PM,0:43,,,Holiday  Dunk (9 PTS) (Scott 1 AST),95 - 107,12,5.0,203200,Justin Holiday,1610612737.0,Atlanta,Hawks,ATL,5,203118,Mike Scott,1610612737.0,Atlanta,Hawks,ATL,0,0,,,,,
0021500191,564,2,1,4,9:49 PM,0:19,MISS Cunningham 16' Jump Shot,,,,,4.0,203099,Jared Cunningham,1610612739.0,Cleveland,Cavaliers,CLE,0,0,,,,,,0,0,,,,,
0021500191,565,4,0,4,9:49 PM,0:19,,,Patterson REBOUND (Off:0 Def:4),,,5.0,203934,Lamar Patterson,1610612737.0,Atlanta,Hawks,ATL,0,0,,,,,,0,0,,,,,
0021500191,566,5,1,4,9:49 PM,0:13,Cunningham STEAL (2 STL),,Patterson Bad Pass Turnover (P1.T12),,,5.0,203934,Lamar Patterson,1610612737.0,Atlanta,Hawks,ATL,4,203099,Jared Cunningham,1610612739.0,Cleveland,Cavaliers,CLE,0,0,,,,,
0021500191,567,1,50,4,9:49 PM,0:10,Cunningham  Running Dunk (8 PTS),,,95 - 109,14,4.0,203099,Jared Cunningham,1610612739.0,Cleveland,Cavaliers,CLE,0,0,,,,,,0,0,,,,,
0021500191,569,1,42,4,9:49 PM,0:03,,,Mack 1' Driving Layup (4 PTS),97 - 109,12,5.0,202714,Shelvin Mack,1610612737.0,Atlanta,Hawks,ATL,0,0,,,,,,0,0,,,,,
0021500191,570,13,0,4,9:49 PM,0:00,,,,97 - 109,12,0.0,0,,,,,,0,0,,,,,,0,0,,,,,
