GAME_ID,EVENTNUM,EVENTMSGTYPE,EVENTMSGACTIONTYPE,PERIOD,WCTIMESTRING,PCTIMESTRING,HOMEDESCRIPTION,NEUTRALDESCRIPTION,VISITORDESCRIPTION,SCORE,SCOREMARGIN,PERSON1TYPE,PLAYER1_ID,PLAYER1_NAME,PLAYER1_TEAM_ID,PLAYER1_TEAM_CITY,PLAYER1_TEAM_NICKNAME,PLAYER1_TEAM_ABBREVIATION,PERSON2TYPE,PLAYER2_ID,PLAYER2_NAME,PLAYER2_TEAM_ID,PLAYER2_TEAM_CITY,PLAYER2_TEAM_NICKNAME,PLAYER2_TEAM_ABBREVIATION,PERSON3TYPE,PLAYER3_ID,PLAYER3_NAME,PLAYER3_TEAM_ID,PLAYER3_TEAM_CITY,PLAYER3_TEAM_NICKNAME,PLAYER3_TEAM_ABBREVIATION
0021500042,0,12,0,1,6:12 PM,12:00,,,,,,0,0,,,,,,0,0,,,,,,0,0,,,,,
0021500042,1,10,0,1,6:12 PM,12:00,Jump Ball Valanciunas vs. Monroe: Tip to Carroll,,,,,4,202685,Jonas Valanciunas,1610612761.0,Toronto,Raptors,TOR,5,202328,Greg Monroe,1610612749.0,Milwaukee,Bucks,MIL,4,201960,DeMarre Carroll,1610612761.0,Toronto,Raptors,TOR
0021500042,2,1,3,1,6:12 PM,11:42,Valanciunas 5' Hook Shot (2 PTS) (Lowry 1 AST),,,0 - 2,2,4,202685,Jonas Valanciunas,1610612761.0,Toronto,Raptors,TOR,4,200768,Kyle Lowry,1610612761.0,Toronto,Raptors,TOR,0,0,,,,,
0021500042,3,5,2,1,6:13 PM,11:29,Lowry STEAL (1 STL),,Monroe Lost Ball Turnover (P1.T1),,,5,202328,Greg Monroe,1610612749.0,Milwaukee,Bucks,MIL,4,200768,Kyle Lowry,1610612761.0,Toronto,Raptors,TOR,0,0,,,,,
0021500042,4,5,2,1,6:13 PM,11:23,DeRozan Lost Ball Turnover (P1.T1),,Monroe STEAL (1 STL),,,4,201942,DeMar DeRozan,1610612761.0,Toronto,Raptors,TOR,5,202328,Greg Monroe,1610612749.0,Milwaukee,Bucks,MIL,0,0,,,,,
0021500042,6,7,2,1,6:13 PM,11:20,Lowry Violation:Defensive Goaltending (S.Foster),,,,,4,200768,Kyle Lowry,1610612761.0,Toronto,Raptors,TOR,0,0,,,,,,1,0,,,,,
0021500042,5,1,41,1,6:13 PM,11:20,,,Monroe 2' Running Layup (2 PTS),2 - 2,TIE,5,202328,Greg Monroe,1610612749.0,Milwaukee,Bucks,MIL,0,0,,,,,,0,0,,,,,
0021500042,7,2,44,1,6:13 PM,11:05,MISS Valanciunas  Reverse Layup,,,,,4,202685,Jonas Valanciunas,1610612761.0,Toronto,Raptors,TOR,0,0,,,,,,0,0,,,,,
0021500042,8,4,0,1,6:13 PM,11:04,RAPTORS Rebound,,,,,2,1610612761,,,,,,0,0,,,,,,0,0,,,,,
0021500042,12,1,75,1,6:14 PM,10:54,Lowry 3' Driving Finger Roll Layup (2 PTS) (DeRozan 1 AST),,,2 - 4,2,4,200768,Kyle Lowry,1610612761.0,Toronto,Raptors,TOR,4,201942,DeMar DeRozan,1610612761.0,Toronto,Raptors,TOR,0,0,,,,,
0021500042,13,2,58,1,6:14 PM,10:30,,,MISS Monroe 6' Turnaround Hook Shot,,,5,202328,Greg Monroe,1610612749.0,Milwaukee,Bucks,MIL,0,0,,,,,,0,0,,,,,
0021500042,14,4,0,1,6:14 PM,10:29,,,Monroe REBOUND (Off:1 Def:0),,,5,202328,Greg Monroe,1610612749.0,Milwaukee,Bucks,MIL,0,0,,,,,,0,0,,,,,
0021500042,15,1,7,1,6:15 PM,10:25,,,Monroe  Dunk (4 PTS),4 - 4,TIE,5,202328,Greg Monroe,1610612749.0,Milwaukee,Bucks,MIL,0,0,,,,,,0,0,,,,,
0021500042,17,2,1,1,6:15 PM,10:07,MISS Carroll 21' Jump Shot,,,,,4,201960,DeMarre Carroll,1610612761.0,Toronto,Raptors,TOR,0,0,,,,,,0,0,,,,,
0021500042,18,4,0,1,6:15 PM,10:06,,,O'Bryant III REBOUND (Off:0 Def:1),,,5,203948,Johnny O'Bryant III,1610612749.0,Milwaukee,Bucks,MIL,0,0,,,,,,0,0,,,,,
0021500042,19,2,79,1,6:15 PM,9:50,,,MISS Carter-Williams 16' Pullup Jump Shot,,,5,203487,Michael Carter-Williams,1610612749.0,Milwaukee,Bucks,MIL,0,0,,,,,,0,0,,,,,
0021500042,20,4,0,1,6:15 PM,9:49,Lowry REBOUND (Off:0 Def:1),,,,,4,200768,Kyle Lowry,1610612761.0,Toronto,Raptors,TOR,0,0,,,,,,0,0,,,,,
0021500042,21,2,1,1,6:16 PM,9:35,MISS Lowry 28' 3PT Jump Shot,,,,,4,200768,Kyle Lowry,1610612761.0,Toronto,Raptors,TOR,0,0,,,,,,0,0,,,,,
0021500042,22,4,0,1,6:16 PM,9:35,,,Antetokounmpo REBOUND (Off:0 Def:1),,,5,203507,Giannis Antetokounmpo,1610612749.0,Milwaukee,Bucks,MIL,0,0,,,,,,0,0,,,,,
0021500042,23,1,44,1,6:16 PM,9:25,,,Middleton 1' Reverse Layup (2 PTS) (Monroe 1 AST),6 - 4,-2,5,203114,Khris Middleton,1610612749.0,Milwaukee,Bucks,MIL,5,202328,Greg Monroe,1610612749.0,Milwaukee,Bucks,MIL,0,0,,,,,
0021500042,24,6,2,1,6:16 PM,9:01,,,Monroe S.FOUL (P1.T1) (T.Maddox),,,5,202328,Greg Monroe,1610612749.0,Milwaukee,Bucks,MIL,4,202685,Jonas Valanciunas,1610612761.0,Toronto,Raptors,TOR,1,0,,,,,
0021500042,25,3,11,1,6:16 PM,9:01,Valanciunas Free Throw 1 of 2 (3 PTS),,,6 - 5,-1,4,202685,Jonas Valanciunas,1610612761.0,Toronto,Raptors,TOR,0,0,,,,,,0,0,,,,,
0021500042,27,3,12,1,6:17 PM,9:01,MISS Valanciunas Free Throw 2 of 2,,,,,4,202685,Jonas Valanciunas,1610612761.0,Toronto,Raptors,TOR,0,0,,,,,,0,0,,,,,
0021500042,29,4,0,1,6:17 PM,9:00,,,Monroe REBOUND (Off:1 Def:1),,,5,202328,Greg Monroe,1610612749.0,Milwaukee,Bucks,MIL,0,0,,,,,,0,0,,,,,
0021500042,30,1,1,1,6:17 PM,8:47,,,O'Bryant III 16' Jump Shot (2 PTS) (Carter-Williams 1 AST),8 - 5,-3,5,203948,Johnny O'Bryant III,1610612749.0,Milwaukee,Bucks,MIL,5,203487,Michael Carter-Williams,1610612749.0,Milwaukee,Bucks,MIL,0,0,,,,,
0021500042,31,2,47,1,6:17 PM,8:20,MISS Scola 6' Turnaround Jump Shot,,,,,4,2449,Luis Scola,1610612761.0,Toronto,Raptors,TOR,0,0,,,,,,0,0,,,,,
0021500042,32,4,0,1,6:17 PM,8:20,,,Antetokounmpo REBOUND (Off:0 Def:2),,,5,203507,Giannis Antetokounmpo,1610612749.0,Milwaukee,Bucks,MIL,0,0,,,,,,0,0,,,,,
0021500042,33,2,1,1,6:18 PM,8:01,,,MISS Middleton 26' 3PT Jump Shot,,,5,203114,Khris Middleton,1610612749.0,Milwaukee,Bucks,MIL,0,0,,,,,,0,0,,,,,
0021500042,34,4,0,1,6:18 PM,8:00,Valanciunas REBOUND (Off:0 Def:1),,,,,4,202685,Jonas Valanciunas,1610612761.0,Toronto,Raptors,TOR,0,0,,,,,,0,0,,,,,
0021500042,35,1,1,1,6:18 PM,7:52,Valanciunas 19' Jump Shot (5 PTS) (Lowry 2 AST),,,8 - 7,-1,4,202685,Jonas Valanciunas,1610612761.0,Toronto,Raptors,TOR,4,200768,Kyle Lowry,1610612761.0,Toronto,Raptors,TOR,0,0,,,,,
0021500042,36,1,108,1,6:18 PM,7:35,,,Antetokounmpo  Cutting Dunk Shot (2 PTS) (Monroe 2 AST),10 - 7,-3,5,203507,Giannis Antetokounmpo,1610612749.0,Milwaukee,Bucks,MIL,5,202328,Greg Monroe,1610612749.0,Milwaukee,Bucks,MIL,0,0,,,,,
0021500042,37,1,85,1,6:19 PM,7:13,DeRozan 5' Turnaround Bank Shot (2 PTS),,,10 - 9,-1,4,201942,DeMar DeRozan,1610612761.0,Toronto,Raptors,TOR,0,0,,,,,,0,0,,,,,
0021500042,38,2,79,1,6:19 PM,6:58,,,MISS Middleton 16' Pullup Jump Shot,,,5,203114,Khris Middleton,1610612749.0,Milwaukee,Bucks,MIL,0,0,,,,,,0,0,,,,,
0021500042,39,4,0,1,6:19 PM,6:58,Lowry REBOUND (Off:0 Def:2),,,,,4,200768,Kyle Lowry,1610612761.0,Toronto,Raptors,TOR,0,0,,,,,,0,0,,,,,
0021500042,40,2,1,1,6:19 PM,6:42,MISS Scola 19' Jump Shot,,,,,4,2449,Luis Scola,1610612761.0,Toronto,Raptors,TOR,0,0,,,,,,0,0,,,,,
0021500042,43,4,0,1,6:19 PM,6:41,Lowry REBOUND (Off:1 Def:2),,,,,4,200768,Kyle Lowry,1610612761.0,Toronto,Raptors,TOR,0,0,,,,,,0,0,,,,,
0021500042,44,1,1,1,6:19 PM,6:37,Carroll 26' 3PT Jump Shot (3 PTS) (Lowry 3 AST),,,10 - 12,2,4,201960,DeMarre Carroll,1610612761.0,Toronto,Raptors,TOR,4,200768,Kyle Lowry,1610612761.0,Toronto,Raptors,TOR,0,0,,,,,
0021500042,45,2,1,1,6:20 PM,6:18,DeRozan BLOCK (1 BLK),,MISS Carter-Williams 8' Jump Shot,,,5,203487,Michael Carter-Williams,1610612749.0,Milwaukee,Bucks,MIL,0,0,,,,,,4,201942,DeMar DeRozan,1610612761.0,Toronto,Raptors,TOR
0021500042,46,4,0,1,6:20 PM,6:18,,,Carter-Williams REBOUND (Off:1 Def:0),,,5,203487,Michael Carter-Williams,1610612749.0,Milwaukee,Bucks,MIL,0,0,,,,,,0,0,,,,,
0021500042,47,10,0,1,6:20 PM,6:17,Jump Ball DeRozan vs. Carter-Williams: Tip to Middleton,,,,,4,201942,DeMar DeRozan,1610612761.0,Toronto,Raptors,TOR,5,203487,Michael Carter-Williams,1610612749.0,Milwaukee,Bucks,MIL,5,203114,Khris Middleton,1610612749.0,Milwaukee,Bucks,MIL
0021500042,48,2,1,1,6:20 PM,6:09,,,MISS Antetokounmpo 22' Jump Shot,,,5,203507,Giannis Antetokounmpo,1610612749.0,Milwaukee,Bucks,MIL,0,0,,,,,,0,0,,,,,
0021500042,49,4,0,1,6:20 PM,6:08,Scola REBOUND (Off:0 Def:1),,,,,4,2449,Luis Scola,1610612761.0,Toronto,Raptors,TOR,0,0,,,,,,0,0,,,,,
0021500042,50,2,1,1,6:21 PM,5:55,MISS Valanciunas 3' Jump Shot,,Monroe BLOCK (1 BLK),,,4,202685,Jonas Valanciunas,1610612761.0,Toronto,Raptors,TOR,0,0,,,,,,5,202328,Greg Monroe,1610612749.0,Milwaukee,Bucks,MIL
0021500042,51,4,0,1,6:21 PM,5:54,,,O'Bryant III REBOUND (Off:0 Def:2),,,5,203948,Johnny O'Bryant III,1610612749.0,Milwaukee,Bucks,MIL,0,0,,,,,,0,0,,,,,
0021500042,52,6,2,1,6:21 PM,5:50,DeRozan S.FOUL (P1.T1) (T.Maddox),,,,,4,201942,DeMar DeRozan,1610612761.0,Toronto,Raptors,TOR,5,203507,Giannis Antetokounmpo,1610612749.0,Milwaukee,Bucks,MIL,1,0,,,,,
0021500042,53,9,1,1,6:21 PM,5:50,RAPTORS Timeout: Regular (Full 1 Short 0),,,,,2,1610612761,,,,,,0,0,,,,,,0,0,,,,,
0021500042,54,8,0,1,6:23 PM,5:50,SUB: Biyombo FOR Valanciunas,,,,,4,202685,Jonas Valanciunas,1610612761.0,Toronto,Raptors,TOR,4,202687,Bismack Biyombo,1610612761.0,Toronto,Raptors,TOR,0,0,,,,,
0021500042,55,8,0,1,6:23 PM,5:50,,,SUB: Vasquez FOR Monroe,,,5,202328,Greg Monroe,1610612749.0,Milwaukee,Bucks,MIL,5,202349,Greivis Vasquez,1610612749.0,Milwaukee,Bucks,MIL,0,0,,,,,
0021500042,56,8,0,1,6:23 PM,5:50,,,SUB: Plumlee FOR Carter-Williams,,,5,203487,Michael Carter-Williams,1610612749.0,Milwaukee,Bucks,MIL,5,203101,Miles Plumlee,1610612749.0,Milwaukee,Bucks,MIL,0,0,,,,,
0021500042,57,8,0,1,6:23 PM,5:50,SUB: Patterson FOR Scola,,,,,4,2449,Luis Scola,1610612761.0,Toronto,Raptors,TOR,4,202335,Patrick Patterson,1610612761.0,Toronto,Raptors,TOR,0,0,,,,,
0021500042,58,3,11,1,6:24 PM,5:50,,,Antetokounmpo Free Throw 1 of 2 (3 PTS),11 - 12,1,5,203507,Giannis Antetokounmpo,1610612749.0,Milwaukee,Bucks,MIL,0,0,,,,,,0,0,,,,,
0021500042,60,3,12,1,6:24 PM,5:50,,,Antetokounmpo Free Throw 2 of 2 (4 PTS),12 - 12,TIE,5,203507,Giannis Antetokounmpo,1610612749.0,Milwaukee,Bucks,MIL,0,0,,,,,,0,0,,,,,
0021500042,62,6,1,1,6:24 PM,5:41,,,Plumlee P.FOUL (P1.T2) (N.Buchert),,,5,203101,Miles Plumlee,1610612749.0,Milwaukee,Bucks,MIL,4,200768,Kyle Lowry,1610612761.0,Toronto,Raptors,TOR,1,0,,,,,
0021500042,63,1,79,1,6:25 PM,5:33,DeRozan 10' Pullup Jump Shot (4 PTS) (Lowry 4 AST),,,12 - 14,2,4,201942,DeMar DeRozan,1610612761.0,Toronto,Raptors,TOR,4,200768,Kyle Lowry,1610612761.0,Toronto,Raptors,TOR,0,0,,,,,
0021500042,64,6,2,1,6:25 PM,5:14,Biyombo S.FOUL (P1.T2) (N.Buchert),,,,,4,202687,Bismack Biyombo,1610612761.0,Toronto,Raptors,TOR,5,203101,Miles Plumlee,1610612749.0,Milwaukee,Bucks,MIL,1,0,,,,,
0021500042,65,3,11,1,6:25 PM,5:14,,,Plumlee Free Throw 1 of 2 (1 PTS),13 - 14,1,5,203101,Miles Plumlee,1610612749.0,Milwaukee,Bucks,MIL,0,0,,,,,,0,0,,,,,
0021500042,67,3,12,1,6:26 PM,5:14,,,Plumlee Free Throw 2 of 2 (2 PTS),14 - 14,TIE,5,203101,Miles Plumlee,1610612749.0,Milwaukee,Bucks,MIL,0,0,,,,,,0,0,,,,,
0021500042,70,2,79,1,6:26 PM,4:56,MISS Patterson 16' Pullup Jump Shot,,,,,4,202335,Patrick Patterson,1610612761.0,Toronto,Raptors,TOR,0,0,,,,,,0,0,,,,,
0021500042,71,4,0,1,6:26 PM,4:55,,,Middleton REBOUND (Off:0 Def:1),,,5,203114,Khris Middleton,1610612749.0,Milwaukee,Bucks,MIL,0,0,,,,,,0,0,,,,,
0021500042,72,2,102,1,6:26 PM,4:43,,,MISS Vasquez 9' Driving Floating Bank Jump Shot,,,5,202349,Greivis Vasquez,1610612749.0,Milwaukee,Bucks,MIL,0,0,,,,,,0,0,,,,,
0021500042,73,4,0,1,6:26 PM,4:43,RAPTORS Rebound,,,,,2,1610612761,,,,,,0,0,,,,,,0,0,,,,,
0021500042,74,6,3,1,6:26 PM,4:43,,,Plumlee L.B.FOUL (P2.T3) (S.Foster),,,5,203101,Miles Plumlee,1610612749.0,Milwaukee,Bucks,MIL,4,202687,Bismack Biyombo,1610612761.0,Toronto,Raptors,TOR,1,0,,,,,
0021500042,75,1,1,1,6:27 PM,4:33,Patterson 25' 3PT Jump Shot (3 PTS) (Lowry 5 AST),,,14 - 17,3,4,202335,Patrick Patterson,1610612761.0,Toronto,Raptors,TOR,4,200768,Kyle Lowry,1610612761.0,Toronto,Raptors,TOR,0,0,,,,,
0021500042,76,2,1,1,6:27 PM,4:15,,,MISS Middleton 19' Jump Shot,,,5,203114,Khris Middleton,1610612749.0,Milwaukee,Bucks,MIL,0,0,,,,,,0,0,,,,,
0021500042,77,4,0,1,6:27 PM,4:15,,,Bucks Rebound,,,3,1610612749,,,,,,0,0,,,,,,0,0,,,,,
0021500042,78,2,98,1,6:27 PM,4:06,Biyombo BLOCK (1 BLK),,MISS Antetokounmpo 2' Cutting Layup Shot,,,5,203507,Giannis Antetokounmpo,1610612749.0,Milwaukee,Bucks,MIL,0,0,,,,,,4,202687,Bismack Biyombo,1610612761.0,Toronto,Raptors,TOR
0021500042,79,4,0,1,6:27 PM,4:04,Biyombo REBOUND (Off:0 Def:1),,,,,4,202687,Bismack Biyombo,1610612761.0,Toronto,Raptors,TOR,0,0,,,,,,0,0,,,,,
0021500042,80,5,1,1,6:28 PM,3:58,DeRozan Bad Pass Turnover (P2.T2),,Vasquez STEAL (1 STL),,,4,201942,DeMar DeRozan,1610612761.0,Toronto,Raptors,TOR,5,202349,Greivis Vasquez,1610612749.0,Milwaukee,Bucks,MIL,0,0,,,,,
0021500042,81,2,46,1,6:28 PM,3:49,,,MISS Middleton 11' Running Jump Shot,,,5,203114,Khris Middleton,1610612749.0,Milwaukee,Bucks,MIL,0,0,,,,,,0,0,,,,,
0021500042,82,4,0,1,6:28 PM,3:49,Biyombo REBOUND (Off:0 Def:2),,,,,4,202687,Bismack Biyombo,1610612761.0,Toronto,Raptors,TOR,0,0,,,,,,0,0,,,,,
0021500042,83,2,1,1,6:28 PM,3:40,MISS Lowry 26' 3PT Jump Shot,,,,,4,200768,Kyle Lowry,1610612761.0,Toronto,Raptors,TOR,0,0,,,,,,0,0,,,,,
0021500042,84,4,0,1,6:28 PM,3:39,,,Middleton REBOUND (Off:0 Def:2),,,5,203114,Khris Middleton,1610612749.0,Milwaukee,Bucks,MIL,0,0,,,,,,0,0,,,,,
0021500042,85,5,45,1,6:28 PM,3:31,,,Vasquez Out of Bounds - Bad Pass Turnover Turnover (P1.T2),,,5,202349,Greivis Vasquez,1610612749.0,Milwaukee,Bucks,MIL,0,0,,,,,,1,0,,,,,
0021500042,86,6,1,1,6:28 PM,3:22,,,Middleton P.FOUL (P1.T4) (N.Buchert),,,5,203114,Khris Middleton,1610612749.0,Milwaukee,Bucks,MIL,4,201942,DeMar DeRozan,1610612761.0,Toronto,Raptors,TOR,1,0,,,,,
0021500042,87,8,0,1,6:29 PM,3:22,,,SUB: Copeland FOR O'Bryant III,,,5,203948,Johnny O'Bryant III,1610612749.0,Milwaukee,Bucks,MIL,5,203142,Chris Copeland,1610612749.0,Milwaukee,Bucks,MIL,0,0,,,,,
0021500042,88,8,0,1,6:29 PM,3:22,,,SUB: Bayless FOR Middleton,,,5,203114,Khris Middleton,1610612749.0,Milwaukee,Bucks,MIL,5,201573,Jerryd Bayless,1610612749.0,Milwaukee,Bucks,MIL,0,0,,,,,
0021500042,89,1,1,1,6:29 PM,3:15,Carroll 24' 3PT Jump Shot (6 PTS) (DeRozan 2 AST),,,14 - 20,6,4,201960,DeMarre Carroll,1610612761.0,Toronto,Raptors,TOR,4,201942,DeMar DeRozan,1610612761.0,Toronto,Raptors,TOR,0,0,,,,,
0021500042,90,5,2,1,6:29 PM,2:56,Lowry STEAL (2 STL),,Plumlee Lost Ball Turnover (P1.T3),,,5,203101,Miles Plumlee,1610612749.0,Milwaukee,Bucks,MIL,4,200768,Kyle Lowry,1610612761.0,Toronto,Raptors,TOR,0,0,,,,,
0021500042,91,2,1,1,6:29 PM,2:46,MISS Carroll 24' 3PT Jump Shot,,,,,4,201960,DeMarre Carroll,1610612761.0,Toronto,Raptors,TOR,0,0,,,,,,0,0,,,,,
0021500042,92,4,0,1,6:29 PM,2:46,Biyombo REBOUND (Off:1 Def:2),,,,,4,202687,Bismack Biyombo,1610612761.0,Toronto,Raptors,TOR,0,0,,,,,,0,0,,,,,
0021500042,94,2,1,1,6:30 PM,2:31,MISS Lowry 19' Jump Shot,,,,,4,200768,Kyle Lowry,1610612761.0,Toronto,Raptors,TOR,0,0,,,,,,0,0,,,,,
0021500042,95,4,0,1,6:30 PM,2:31,Carroll REBOUND (Off:1 Def:0),,,,,4,201960,DeMarre Carroll,1610612761.0,Toronto,Raptors,TOR,0,0,,,,,,0,0,,,,,
0021500042,96,6,4,1,6:30 PM,2:29,Carroll OFF.Foul (P1) (T.Maddox),,,,,4,201960,DeMarre Carroll,1610612761.0,Toronto,Raptors,TOR,5,202349,Greivis Vasquez,1610612749.0,Milwaukee,Bucks,MIL,1,0,,,,,
0021500042,97,5,5,1,6:30 PM,2:29,Carroll Foul Turnover (P1.T3),,,,,4,201960,DeMarre Carroll,1610612761.0,Toronto,Raptors,TOR,0,0,,,,,,1,0,,,,,
0021500042,98,9,1,1,6:30 PM,2:29,,,Bucks Timeout: Regular (Reg.1 Short 0),,,3,1610612749,,,,,,0,0,,,,,,0,0,,,,,
0021500042,99,8,0,1,6:33 PM,2:29,SUB: Ross FOR DeRozan,,,,,4,201942,DeMar DeRozan,1610612761.0,Toronto,Raptors,TOR,4,203082,Terrence Ross,1610612761.0,Toronto,Raptors,TOR,0,0,,,,,
0021500042,100,8,0,1,6:33 PM,2:29,,,SUB: Monroe FOR Plumlee,,,5,203101,Miles Plumlee,1610612749.0,Milwaukee,Bucks,MIL,5,202328,Greg Monroe,1610612749.0,Milwaukee,Bucks,MIL,0,0,,,,,
0021500042,101,5,1,1,6:33 PM,2:17,Ross STEAL (1 STL),,Bayless Bad Pass Turnover (P1.T4),,,5,201573,Jerryd Bayless,1610612749.0,Milwaukee,Bucks,MIL,4,203082,Terrence Ross,1610612761.0,Toronto,Raptors,TOR,0,0,,,,,
0021500042,102,6,2,1,6:34 PM,2:00,,,Monroe S.FOUL (P2.PN) (T.Maddox),,,5,202328,Greg Monroe,1610612749.0,Milwaukee,Bucks,MIL,4,200768,Kyle Lowry,1610612761.0,Toronto,Raptors,TOR,1,0,,,,,
0021500042,103,3,11,1,6:34 PM,2:00,Lowry Free Throw 1 of 2 (3 PTS),,,14 - 21,7,4,200768,Kyle Lowry,1610612761.0,Toronto,Raptors,TOR,0,0,,,,,,0,0,,,,,
0021500042,105,8,0,1,6:34 PM,2:00,,,SUB: Middleton FOR Monroe,,,5,202328,Greg Monroe,1610612749.0,Milwaukee,Bucks,MIL,5,203114,Khris Middleton,1610612749.0,Milwaukee,Bucks,MIL,0,0,,,,,
0021500042,106,3,12,1,6:34 PM,2:00,Lowry Free Throw 2 of 2 (4 PTS),,,14 - 22,8,4,200768,Kyle Lowry,1610612761.0,Toronto,Raptors,TOR,0,0,,,,,,0,0,,,,,
0021500042,108,2,1,1,6:35 PM,1:40,,,MISS Bayless 25' 3PT Jump Shot,,,5,201573,Jerryd Bayless,1610612749.0,Milwaukee,Bucks,MIL,0,0,,,,,,0,0,,,,,
0021500042,109,4,0,1,6:35 PM,1:39,Biyombo REBOUND (Off:1 Def:3),,,,,4,202687,Bismack Biyombo,1610612761.0,Toronto,Raptors,TOR,0,0,,,,,,0,0,,,,,
0021500042,110,2,1,1,6:35 PM,1:13,MISS Ross 25' 3PT Jump Shot,,,,,4,203082,Terrence Ross,1610612761.0,Toronto,Raptors,TOR,0,0,,,,,,0,0,,,,,
0021500042,111,4,0,1,6:35 PM,1:12,Lowry REBOUND (Off:2 Def:2),,,,,4,200768,Kyle Lowry,1610612761.0,Toronto,Raptors,TOR,0,0,,,,,,0,0,,,,,
0021500042,112,1,47,1,6:35 PM,1:00,Patterson 9' Turnaround Jump Shot (5 PTS),,,14 - 24,10,4,202335,Patrick Patterson,1610612761.0,Toronto,Raptors,TOR,0,0,,,,,,0,0,,,,,
0021500042,113,1,42,1,6:35 PM,0:53,,,Bayless 2' Driving Layup (2 PTS),16 - 24,8,5,201573,Jerryd Bayless,1610612749.0,Milwaukee,Bucks,MIL,0,0,,,,,,0,0,,,,,
0021500042,114,2,41,1,6:36 PM,0:46,MISS Patterson 2' Running Layup,,Antetokounmpo BLOCK (1 BLK),,,4,202335,Patrick Patterson,1610612761.0,Toronto,Raptors,TOR,0,0,,,,,,5,203507,Giannis Antetokounmpo,1610612749.0,Milwaukee,Bucks,MIL
0021500042,115,4,0,1,6:36 PM,0:46,RAPTORS Rebound,,,,,2,1610612761,,,,,,0,0,,,,,,0,0,,,,,
0021500042,116,8,0,1,6:36 PM,0:46,SUB: Joseph FOR Lowry,,,,,4,200768,Kyle Lowry,1610612761.0,Toronto,Raptors,TOR,4,202709,Cory Joseph,1610612761.0,Toronto,Raptors,TOR,0,0,,,,,
0021500042,118,2,1,1,6:36 PM,0:38,MISS Ross 20' Jump Shot,,,,,4,203082,Terrence Ross,1610612761.0,Toronto,Raptors,TOR,0,0,,,,,,0,0,,,,,
0021500042,119,4,0,1,6:36 PM,0:38,,,Antetokounmpo REBOUND (Off:0 Def:3),,,5,203507,Giannis Antetokounmpo,1610612749.0,Milwaukee,Bucks,MIL,0,0,,,,,,0,0,,,,,
0021500042,120,1,1,1,6:36 PM,0:30,,,Copeland 27' 3PT Jump Shot (3 PTS) (Bayless 1 AST),19 - 24,5,5,203142,Chris Copeland,1610612749.0,Milwaukee,Bucks,MIL,5,201573,Jerryd Bayless,1610612749.0,Milwaukee,Bucks,MIL,0,0,,,,,
0021500042,121,2,102,1,6:37 PM,0:11,MISS Carroll 10' Driving Floating Bank Jump Shot,,,,,4,201960,DeMarre Carroll,1610612761.0,Toronto,Raptors,TOR,0,0,,,,,,0,0,,,,,
0021500042,122,4,0,1,6:37 PM,0:10,Biyombo REBOUND (Off:2 Def:3),,,,,4,202687,Bismack Biyombo,1610612761.0,Toronto,Raptors,TOR,0,0,,,,,,0,0,,,,,
0021500042,123,2,72,1,6:37 PM,0:07,MISS Biyombo 1' Putback Layup,,,,,4,202687,Bismack Biyombo,1610612761.0,Toronto,Raptors,TOR,0,0,,,,,,0,0,,,,,
0021500042,124,4,0,1,6:37 PM,0:06,,,Antetokounmpo REBOUND (Off:0 Def:4),,,5,203507,Giannis Antetokounmpo,1610612749.0,Milwaukee,Bucks,MIL,0,0,,,,,,0,0,,,,,
0021500042,125,2,41,1,6:37 PM,0:00,,,MISS Antetokounmpo 3' Running Layup,,,5,203507,Giannis Antetokounmpo,1610612749.0,Milwaukee,Bucks,MIL,0,0,,,,,,0,0,,,,,
0021500042,126,4,0,1,6:37 PM,0:00,Biyombo REBOUND (Off:2 Def:4),,,,,4,202687,Bismack Biyombo,1610612761.0,Toronto,Raptors,TOR,0,0,,,,,,0,0,,,,,
0021500042,127,13,0,1,6:37 PM,0:00,,,,19 - 24,5,0,0,,,,,,0,0,,,,,,0,0,,,,,
0021500042,129,12,0,2,6:40 PM,12:00,,,,19 - 24,5,0,0,,,,,,0,0,,,,,,0,0,,,,,
0021500042,130,1,98,2,6:40 PM,11:42,,,Copeland 2' Cutting Layup Shot (5 PTS) (O'Bryant III 1 AST),21 - 24,3,5,203142,Chris Copeland,1610612749.0,Milwaukee,Bucks,MIL,5,203948,Johnny O'Bryant III,1610612749.0,Milwaukee,Bucks,MIL,0,0,,,,,
0021500042,131,9,1,2,6:41 PM,11:23,RAPTORS Timeout: Regular (Full 2 Short 0),,,,,2,1610612761,,,,,,0,0,,,,,,0,0,,,,,
0021500042,134,6,1,2,6:43 PM,11:18,,,Bayless P.FOUL (P1.T1) (N.Buchert),,,5,201573,Jerryd Bayless,1610612749.0,Milwaukee,Bucks,MIL,4,202709,Cory Joseph,1610612761.0,Toronto,Raptors,TOR,1,0,,,,,
0021500042,135,1,42,2,6:44 PM,11:08,DeRozan 3' Driving Layup (6 PTS),,,21 - 26,5,4,201942,DeMar DeRozan,1610612761.0,Toronto,Raptors,TOR,0,0,,,,,,0,0,,,,,
0021500042,136,5,39,2,6:44 PM,10:54,,,Bayless Step Out of Bounds Turnover (P2.T5),,,5,201573,Jerryd Bayless,1610612749.0,Milwaukee,Bucks,MIL,0,0,,,,,,1,0,,,,,
0021500042,137,6,26,2,6:44 PM,10:44,Patterson Offensive Charge Foul (P1.T1) (T.Maddox),,,,,4,202335,Patrick Patterson,1610612761.0,Toronto,Raptors,TOR,5,203948,Johnny O'Bryant III,1610612749.0,Milwaukee,Bucks,MIL,1,0,,,,,
0021500042,138,5,5,2,6:44 PM,10:44,Patterson Foul Turnover (P1.T4),,,,,4,202335,Patrick Patterson,1610612761.0,Toronto,Raptors,TOR,0,0,,,,,,1,0,,,,,
0021500042,139,1,101,2,6:45 PM,10:30,,,Middleton 7' Driving Floating Jump Shot (4 PTS),23 - 26,3,5,203114,Khris Middleton,1610612749.0,Milwaukee,Bucks,MIL,0,0,,,,,,0,0,,,,,
0021500042,140,1,47,2,6:45 PM,10:04,DeRozan 6' Turnaround Jump Shot (8 PTS),,,23 - 28,5,4,201942,DeMar DeRozan,1610612761.0,Toronto,Raptors,TOR,0,0,,,,,,0,0,,,,,
0021500042,141,2,1,2,6:45 PM,9:52,,,MISS O'Bryant III 18' Jump Shot,,,5,203948,Johnny O'Bryant III,1610612749.0,Milwaukee,Bucks,MIL,0,0,,,,,,0,0,,,,,
0021500042,142,4,0,2,6:46 PM,9:52,Ross REBOUND (Off:0 Def:1),,,,,4,203082,Terrence Ross,1610612761.0,Toronto,Raptors,TOR,0,0,,,,,,0,0,,,,,
0021500042,143,2,101,2,6:46 PM,9:32,MISS Ross 14' Driving Floating Jump Shot,,,,,4,203082,Terrence Ross,1610612761.0,Toronto,Raptors,TOR,0,0,,,,,,0,0,,,,,
0021500042,144,4,0,2,6:46 PM,9:31,RAPTORS Rebound,,,,,2,1610612761,,,,,,0,0,,,,,,0,0,,,,,
0021500042,145,8,0,2,6:46 PM,9:31,,,SUB: Carter-Williams FOR Vasquez,,,5,202349,Greivis Vasquez,1610612749.0,Milwaukee,Bucks,MIL,5,203487,Michael Carter-Williams,1610612749.0,Milwaukee,Bucks,MIL,0,0,,,,,
0021500042,146,1,3,2,6:46 PM,9:28,Biyombo 3' Hook Shot (2 PTS) (Joseph 1 AST),,,23 - 30,7,4,202687,Bismack Biyombo,1610612761.0,Toronto,Raptors,TOR,4,202709,Cory Joseph,1610612761.0,Toronto,Raptors,TOR,0,0,,,,,
0021500042,147,6,27,2,6:47 PM,9:11,Biyombo Personal Block Foul (P2.T2) (N.Buchert),,,,,4,202687,Bismack Biyombo,1610612761.0,Toronto,Raptors,TOR,5,203114,Khris Middleton,1610612749.0,Milwaukee,Bucks,MIL,1,0,,,,,
0021500042,148,8,0,2,6:47 PM,9:11,,,SUB: Plumlee FOR Copeland,,,5,203142,Chris Copeland,1610612749.0,Milwaukee,Bucks,MIL,5,203101,Miles Plumlee,1610612749.0,Milwaukee,Bucks,MIL,0,0,,,,,
0021500042,149,8,0,2,6:47 PM,9:11,SUB: Scola FOR Biyombo,,,,,4,202687,Bismack Biyombo,1610612761.0,Toronto,Raptors,TOR,4,2449,Luis Scola,1610612761.0,Toronto,Raptors,TOR,0,0,,,,,
0021500042,150,8,0,2,6:47 PM,9:11,SUB: Valanciunas FOR Patterson,,,,,4,202335,Patrick Patterson,1610612761.0,Toronto,Raptors,TOR,4,202685,Jonas Valanciunas,1610612761.0,Toronto,Raptors,TOR,0,0,,,,,
0021500042,151,2,45,2,6:47 PM,9:00,,,MISS Middleton 8' Jump Shot,,,5,203114,Khris Middleton,1610612749.0,Milwaukee,Bucks,MIL,0,0,,,,,,0,0,,,,,
0021500042,152,4,0,2,6:47 PM,8:59,Scola REBOUND (Off:0 Def:2),,,,,4,2449,Luis Scola,1610612761.0,Toronto,Raptors,TOR,0,0,,,,,,0,0,,,,,
0021500042,153,1,47,2,6:47 PM,8:48,Valanciunas 8' Turnaround Jump Shot (7 PTS),,,23 - 32,9,4,202685,Jonas Valanciunas,1610612761.0,Toronto,Raptors,TOR,0,0,,,,,,0,0,,,,,
0021500042,154,9,1,2,6:47 PM,8:44,,,Bucks Timeout: Regular (Reg.2 Short 0),,,3,1610612749,,,,,,0,0,,,,,,0,0,,,,,
0021500042,157,2,63,2,6:50 PM,8:19,,,MISS Carter-Williams 11' Fadeaway Jumper,,,5,203487,Michael Carter-Williams,1610612749.0,Milwaukee,Bucks,MIL,0,0,,,,,,0,0,,,,,
0021500042,158,4,0,2,6:50 PM,8:18,,,Plumlee REBOUND (Off:1 Def:0),,,5,203101,Miles Plumlee,1610612749.0,Milwaukee,Bucks,MIL,0,0,,,,,,0,0,,,,,
0021500042,159,1,3,2,6:50 PM,8:13,,,Plumlee 2' Hook Shot (4 PTS),25 - 32,7,5,203101,Miles Plumlee,1610612749.0,Milwaukee,Bucks,MIL,0,0,,,,,,0,0,,,,,
0021500042,160,1,86,2,6:51 PM,7:56,DeRozan 12' Turnaround Fadeaway (10 PTS),,,25 - 34,9,4,201942,DeMar DeRozan,1610612761.0,Toronto,Raptors,TOR,0,0,,,,,,0,0,,,,,
0021500042,161,5,2,2,6:51 PM,7:40,DeRozan STEAL (1 STL),,Middleton Lost Ball Turnover (P1.T6),,,5,203114,Khris Middleton,1610612749.0,Milwaukee,Bucks,MIL,4,201942,DeMar DeRozan,1610612761.0,Toronto,Raptors,TOR,0,0,,,,,
0021500042,162,1,63,2,6:51 PM,7:27,Valanciunas 8' Fadeaway Jumper (9 PTS),,,25 - 36,11,4,202685,Jonas Valanciunas,1610612761.0,Toronto,Raptors,TOR,0,0,,,,,,0,0,,,,,
0021500042,164,1,58,2,6:51 PM,7:12,,,Plumlee 5' Turnaround Hook Shot (6 PTS) (Carter-Williams 2 AST),27 - 36,9,5,203101,Miles Plumlee,1610612749.0,Milwaukee,Bucks,MIL,5,203487,Michael Carter-Williams,1610612749.0,Milwaukee,Bucks,MIL,0,0,,,,,
0021500042,165,6,1,2,6:52 PM,7:03,,,O'Bryant III P.FOUL (P1.T2) (N.Buchert),,,5,203948,Johnny O'Bryant III,1610612749.0,Milwaukee,Bucks,MIL,4,202709,Cory Joseph,1610612761.0,Toronto,Raptors,TOR,1,0,,,,,
0021500042,166,2,101,2,6:52 PM,6:50,MISS DeRozan 6' Driving Floating Jump Shot,,Plumlee BLOCK (1 BLK),,,4,201942,DeMar DeRozan,1610612761.0,Toronto,Raptors,TOR,0,0,,,,,,5,203101,Miles Plumlee,1610612749.0,Milwaukee,Bucks,MIL
0021500042,167,4,0,2,6:52 PM,6:49,Valanciunas REBOUND (Off:1 Def:1),,,,,4,202685,Jonas Valanciunas,1610612761.0,Toronto,Raptors,TOR,0,0,,,,,,0,0,,,,,
0021500042,168,2,97,2,6:52 PM,6:48,MISS Valanciunas 2' Tip Layup Shot,,,,,4,202685,Jonas Valanciunas,1610612761.0,Toronto,Raptors,TOR,0,0,,,,,,0,0,,,,,
0021500042,169,4,0,2,6:52 PM,6:48,Scola REBOUND (Off:1 Def:2),,,,,4,2449,Luis Scola,1610612761.0,Toronto,Raptors,TOR,0,0,,,,,,0,0,,,,,
0021500042,170,2,97,2,6:52 PM,6:48,MISS Scola 2' Tip Layup Shot,,,,,4,2449,Luis Scola,1610612761.0,Toronto,Raptors,TOR,0,0,,,,,,0,0,,,,,
0021500042,171,4,0,2,6:52 PM,6:48,,,Bucks Rebound,,,3,1610612749,,,,,,0,0,,,,,,0,0,,,,,
0021500042,172,1,1,2,6:53 PM,6:30,,,Carter-Williams 24' 3PT Jump Shot (3 PTS) (Bayless 2 AST),30 - 36,6,5,203487,Michael Carter-Williams,1610612749.0,Milwaukee,Bucks,MIL,5,201573,Jerryd Bayless,1610612749.0,Milwaukee,Bucks,MIL,0,0,,,,,
0021500042,173,2,1,2,6:53 PM,6:08,MISS Scola 19' Jump Shot,,,,,4,2449,Luis Scola,1610612761.0,Toronto,Raptors,TOR,0,0,,,,,,0,0,,,,,
0021500042,174,4,0,2,6:53 PM,6:07,Ross REBOUND (Off:1 Def:1),,,,,4,203082,Terrence Ross,1610612761.0,Toronto,Raptors,TOR,0,0,,,,,,0,0,,,,,
0021500042,175,6,2,2,6:53 PM,6:05,,,Plumlee S.FOUL (P3.T3) (S.Foster),,,5,203101,Miles Plumlee,1610612749.0,Milwaukee,Bucks,MIL,4,202685,Jonas Valanciunas,1610612761.0,Toronto,Raptors,TOR,1,0,,,,,
0021500042,176,3,11,2,6:53 PM,6:05,Valanciunas Free Throw 1 of 2 (10 PTS),,,30 - 37,7,4,202685,Jonas Valanciunas,1610612761.0,Toronto,Raptors,TOR,0,0,,,,,,0,0,,,,,
0021500042,178,8,0,2,6:54 PM,6:05,SUB: Lowry FOR Ross,,,,,4,203082,Terrence Ross,1610612761.0,Toronto,Raptors,TOR,4,200768,Kyle Lowry,1610612761.0,Toronto,Raptors,TOR,0,0,,,,,
0021500042,179,8,0,2,6:54 PM,6:05,,,SUB: Monroe FOR Plumlee,,,5,203101,Miles Plumlee,1610612749.0,Milwaukee,Bucks,MIL,5,202328,Greg Monroe,1610612749.0,Milwaukee,Bucks,MIL,0,0,,,,,
0021500042,180,3,12,2,6:54 PM,6:05,MISS Valanciunas Free Throw 2 of 2,,,,,4,202685,Jonas Valanciunas,1610612761.0,Toronto,Raptors,TOR,0,0,,,,,,0,0,,,,,
0021500042,182,4,0,2,6:54 PM,6:04,,,Monroe REBOUND (Off:1 Def:2),,,5,202328,Greg Monroe,1610612749.0,Milwaukee,Bucks,MIL,0,0,,,,,,0,0,,,,,
0021500042,184,5,1,2,6:54 PM,5:53,Joseph STEAL (1 STL),,Carter-Williams Bad Pass Turnover (P1.T7),,,5,203487,Michael Carter-Williams,1610612749.0,Milwaukee,Bucks,MIL,4,202709,Cory Joseph,1610612761.0,Toronto,Raptors,TOR,0,0,,,,,
0021500042,185,1,41,2,6:54 PM,5:48,Joseph 1' Running Layup (2 PTS),,,30 - 39,9,4,202709,Cory Joseph,1610612761.0,Toronto,Raptors,TOR,0,0,,,,,,0,0,,,,,
0021500042,186,9,2,2,6:54 PM,5:42,,,Bucks Timeout: Short (Reg.2 Short 1),,,3,1610612749,,,,,,0,0,,,,,,0,0,,,,,
0021500042,188,8,0,2,6:55 PM,5:42,,,SUB: Copeland FOR O'Bryant III,,,5,203948,Johnny O'Bryant III,1610612749.0,Milwaukee,Bucks,MIL,5,203142,Chris Copeland,1610612749.0,Milwaukee,Bucks,MIL,0,0,,,,,
0021500042,189,6,4,2,6:56 PM,5:39,,,Middleton OFF.Foul (P2) (S.Foster),,,5,203114,Khris Middleton,1610612749.0,Milwaukee,Bucks,MIL,4,201942,DeMar DeRozan,1610612761.0,Toronto,Raptors,TOR,1,0,,,,,
0021500042,190,5,5,2,6:56 PM,5:39,,,Middleton Foul Turnover (P2.T8),,,5,203114,Khris Middleton,1610612749.0,Milwaukee,Bucks,MIL,0,0,,,,,,1,0,,,,,
0021500042,191,6,17,2,6:56 PM,5:25,,,Bucks T.Foul (Def. 3 Sec Copeland ) (S.Foster),,,5,203142,Chris Copeland,1610612749.0,Milwaukee,Bucks,MIL,0,0,,,,,,1,0,,,,,
0021500042,192,3,16,2,6:56 PM,5:25,DeRozan Free Throw Technical (11 PTS),,,30 - 40,10,4,201942,DeMar DeRozan,1610612761.0,Toronto,Raptors,TOR,0,0,,,,,,0,0,,,,,
0021500042,194,8,0,2,6:57 PM,5:25,,,SUB: Antetokounmpo FOR Bayless,,,5,201573,Jerryd Bayless,1610612749.0,Milwaukee,Bucks,MIL,5,203507,Giannis Antetokounmpo,1610612749.0,Milwaukee,Bucks,MIL,0,0,,,,,
0021500042,195,1,42,2,6:57 PM,5:10,Joseph 3' Driving Layup (4 PTS),,,30 - 42,12,4,202709,Cory Joseph,1610612761.0,Toronto,Raptors,TOR,0,0,,,,,,0,0,,,,,
0021500042,196,1,3,2,6:57 PM,4:52,,,Monroe 7' Hook Shot (6 PTS),32 - 42,10,5,202328,Greg Monroe,1610612749.0,Milwaukee,Bucks,MIL,0,0,,,,,,0,0,,,,,
0021500042,197,2,1,2,6:58 PM,4:36,MISS DeRozan 25' 3PT Jump Shot,,,,,4,201942,DeMar DeRozan,1610612761.0,Toronto,Raptors,TOR,0,0,,,,,,0,0,,,,,
0021500042,198,4,0,2,6:58 PM,4:35,Scola REBOUND (Off:2 Def:2),,,,,4,2449,Luis Scola,1610612761.0,Toronto,Raptors,TOR,0,0,,,,,,0,0,,,,,
0021500042,199,1,97,2,6:58 PM,4:32,Scola 1' Tip Layup Shot (2 PTS),,,32 - 44,12,4,2449,Luis Scola,1610612761.0,Toronto,Raptors,TOR,0,0,,,,,,0,0,,,,,
0021500042,200,5,1,2,6:58 PM,4:18,Joseph STEAL (2 STL),,Copeland Bad Pass Turnover (P1.T9),,,5,203142,Chris Copeland,1610612749.0,Milwaukee,Bucks,MIL,4,202709,Cory Joseph,1610612761.0,Toronto,Raptors,TOR,0,0,,,,,
0021500042,201,1,41,2,6:58 PM,4:12,Scola 2' Running Layup (4 PTS) (Joseph 2 AST),,,32 - 46,14,4,2449,Luis Scola,1610612761.0,Toronto,Raptors,TOR,4,202709,Cory Joseph,1610612761.0,Toronto,Raptors,TOR,0,0,,,,,
0021500042,202,5,1,2,6:58 PM,3:55,Valanciunas STEAL (1 STL),,Monroe Bad Pass Turnover (P2.T10),,,5,202328,Greg Monroe,1610612749.0,Milwaukee,Bucks,MIL,4,202685,Jonas Valanciunas,1610612761.0,Toronto,Raptors,TOR,0,0,,,,,
0021500042,203,6,1,2,6:58 PM,3:48,,,Middleton P.FOUL (P3.T4) (S.Foster),,,5,203114,Khris Middleton,1610612749.0,Milwaukee,Bucks,MIL,4,202685,Jonas Valanciunas,1610612761.0,Toronto,Raptors,TOR,1,0,,,,,
0021500042,204,8,0,2,6:59 PM,3:48,SUB: Carroll FOR Joseph,,,,,4,202709,Cory Joseph,1610612761.0,Toronto,Raptors,TOR,4,201960,DeMarre Carroll,1610612761.0,Toronto,Raptors,TOR,0,0,,,,,
0021500042,205,6,26,2,6:59 PM,3:32,Lowry Offensive Charge Foul (P1.T3) (N.Buchert),,,,,4,200768,Kyle Lowry,1610612761.0,Toronto,Raptors,TOR,5,202328,Greg Monroe,1610612749.0,Milwaukee,Bucks,MIL,1,0,,,,,
0021500042,206,5,5,2,6:59 PM,3:32,Lowry Foul Turnover (P1.T5),,,,,4,200768,Kyle Lowry,1610612761.0,Toronto,Raptors,TOR,0,0,,,,,,1,0,,,,,
0021500042,208,1,98,2,7:00 PM,3:18,,,Monroe 3' Cutting Layup Shot (8 PTS) (Antetokounmpo 1 AST),34 - 46,12,5,202328,Greg Monroe,1610612749.0,Milwaukee,Bucks,MIL,5,203507,Giannis Antetokounmpo,1610612749.0,Milwaukee,Bucks,MIL,0,0,,,,,
0021500042,209,1,58,2,7:00 PM,2:53,Valanciunas 5' Turnaround Hook Shot (12 PTS),,,34 - 48,14,4,202685,Jonas Valanciunas,1610612761.0,Toronto,Raptors,TOR,0,0,,,,,,0,0,,,,,
0021500042,210,2,79,2,7:00 PM,2:39,,,MISS Carter-Williams 14' Pullup Jump Shot,,,5,203487,Michael Carter-Williams,1610612749.0,Milwaukee,Bucks,MIL,0,0,,,,,,0,0,,,,,
0021500042,211,4,0,2,7:00 PM,2:38,Scola REBOUND (Off:2 Def:3),,,,,4,2449,Luis Scola,1610612761.0,Toronto,Raptors,TOR,0,0,,,,,,0,0,,,,,
0021500042,212,6,2,2,7:01 PM,2:24,,,Monroe S.FOUL (P3.PN) (T.Maddox),,,5,202328,Greg Monroe,1610612749.0,Milwaukee,Bucks,MIL,4,202685,Jonas Valanciunas,1610612761.0,Toronto,Raptors,TOR,1,0,,,,,
0021500042,213,9,4,2,7:01 PM,2:24,,,,,,1,0,,,,,,0,0,,,,,,0,0,,,,,
0021500042,215,8,0,2,7:03 PM,2:24,,,SUB: O'Bryant III FOR Copeland,,,5,203142,Chris Copeland,1610612749.0,Milwaukee,Bucks,MIL,5,203948,Johnny O'Bryant III,1610612749.0,Milwaukee,Bucks,MIL,0,0,,,,,
0021500042,216,3,11,2,7:03 PM,2:24,MISS Valanciunas Free Throw 1 of 2,,,,,4,202685,Jonas Valanciunas,1610612761.0,Toronto,Raptors,TOR,0,0,,,,,,0,0,,,,,
0021500042,217,4,1,2,7:03 PM,2:24,RAPTORS Rebound,,,,,2,1610612761,,,,,,0,0,,,,,,0,0,,,,,
0021500042,218,3,12,2,7:04 PM,2:24,Valanciunas Free Throw 2 of 2 (13 PTS),,,34 - 49,15,4,202685,Jonas Valanciunas,1610612761.0,Toronto,Raptors,TOR,0,0,,,,,,0,0,,,,,
0021500042,220,5,2,2,7:04 PM,2:07,Lowry STEAL (3 STL),,Carter-Williams Lost Ball Turnover (P2.T11),,,5,203487,Michael Carter-Williams,1610612749.0,Milwaukee,Bucks,MIL,4,200768,Kyle Lowry,1610612761.0,Toronto,Raptors,TOR,0,0,,,,,
0021500042,222,7,2,2,7:04 PM,2:04,,,Antetokounmpo Violation:Defensive Goaltending (N.Buchert),,,5,203507,Giannis Antetokounmpo,1610612749.0,Milwaukee,Bucks,MIL,0,0,,,,,,1,0,,,,,
0021500042,221,1,76,2,7:04 PM,2:04,Lowry 1' Running Finger Roll Layup (6 PTS),,,34 - 51,17,4,200768,Kyle Lowry,1610612761.0,Toronto,Raptors,TOR,0,0,,,,,,0,0,,,,,
0021500042,223,1,1,2,7:05 PM,1:47,,,Carter-Williams 25' 3PT Jump Shot (6 PTS) (Monroe 3 AST),37 - 51,14,5,203487,Michael Carter-Williams,1610612749.0,Milwaukee,Bucks,MIL,5,202328,Greg Monroe,1610612749.0,Milwaukee,Bucks,MIL,0,0,,,,,
0021500042,224,2,1,2,7:05 PM,1:20,MISS DeRozan 20' Jump Shot,,,,,4,201942,DeMar DeRozan,1610612761.0,Toronto,Raptors,TOR,0,0,,,,,,0,0,,,,,
0021500042,225,4,0,2,7:05 PM,1:19,,,O'Bryant III REBOUND (Off:0 Def:3),,,5,203948,Johnny O'Bryant III,1610612749.0,Milwaukee,Bucks,MIL,0,0,,,,,,0,0,,,,,
0021500042,226,1,98,2,7:05 PM,1:05,,,Antetokounmpo 3' Cutting Layup Shot (6 PTS) (Monroe 4 AST),39 - 51,12,5,203507,Giannis Antetokounmpo,1610612749.0,Milwaukee,Bucks,MIL,5,202328,Greg Monroe,1610612749.0,Milwaukee,Bucks,MIL,0,0,,,,,
0021500042,227,2,1,2,7:06 PM,0:48,MISS Scola 20' Jump Shot,,,,,4,2449,Luis Scola,1610612761.0,Toronto,Raptors,TOR,0,0,,,,,,0,0,,,,,
0021500042,228,4,0,2,7:06 PM,0:48,,,Antetokounmpo REBOUND (Off:0 Def:5),,,5,203507,Giannis Antetokounmpo,1610612749.0,Milwaukee,Bucks,MIL,0,0,,,,,,0,0,,,,,
0021500042,229,2,1,2,7:06 PM,0:38,,,MISS Carter-Williams 26' 3PT Jump Shot,,,5,203487,Michael Carter-Williams,1610612749.0,Milwaukee,Bucks,MIL,0,0,,,,,,0,0,,,,,
0021500042,230,4,0,2,7:06 PM,0:37,RAPTORS Rebound,,,,,2,1610612761,,,,,,0,0,,,,,,0,0,,,,,
0021500042,231,1,80,2,7:06 PM,0:28,Lowry 19' Step Back Jump Shot (8 PTS),,,39 - 53,14,4,200768,Kyle Lowry,1610612761.0,Toronto,Raptors,TOR,0,0,,,,,,0,0,,,,,
0021500042,232,1,78,2,7:06 PM,0:17,,,Middleton 11' Floating Jump Shot (6 PTS) (Monroe 5 AST),41 - 53,12,5,203114,Khris Middleton,1610612749.0,Milwaukee,Bucks,MIL,5,202328,Greg Monroe,1610612749.0,Milwaukee,Bucks,MIL,0,0,,,,,
0021500042,233,1,102,2,7:07 PM,0:01,DeRozan 10' Driving Floating Bank Jump Shot (13 PTS),,,41 - 55,14,4,201942,DeMar DeRozan,1610612761.0,Toronto,Raptors,TOR,0,0,,,,,,0,0,,,,,
0021500042,234,6,2,2,7:07 PM,0:01,,,Middleton S.FOUL (P4.PN) (N.Buchert),,,5,203114,Khris Middleton,1610612749.0,Milwaukee,Bucks,MIL,4,201942,DeMar DeRozan,1610612761.0,Toronto,Raptors,TOR,1,0,,,,,
0021500042,235,3,10,2,7:07 PM,0:01,MISS DeRozan Free Throw 1 of 1,,,,,4,201942,DeMar DeRozan,1610612761.0,Toronto,Raptors,TOR,0,0,,,,,,0,0,,,,,
0021500042,237,4,0,2,7:07 PM,0:00,,,Antetokounmpo REBOUND (Off:0 Def:6),,,5,203507,Giannis Antetokounmpo,1610612749.0,Milwaukee,Bucks,MIL,0,0,,,,,,0,0,,,,,
0021500042,238,13,0,2,7:07 PM,0:00,,,,41 - 55,14,0,0,,,,,,0,0,,,,,,0,0,,,,,
0021500042,240,12,0,3,7:23 PM,12:00,,,,41 - 55,14,0,0,,,,,,0,0,,,,,,0,0,,,,,
0021500042,241,6,2,3,7:23 PM,11:44,Scola S.FOUL (P1.T1) (T.Maddox),,,,,4,2449,Luis Scola,1610612761.0,Toronto,Raptors,TOR,5,203114,Khris Middleton,1610612749.0,Milwaukee,Bucks,MIL,1,0,,,,,
0021500042,242,3,11,3,7:23 PM,11:44,,,Middleton Free Throw 1 of 2 (7 PTS),42 - 55,13,5,203114,Khris Middleton,1610612749.0,Milwaukee,Bucks,MIL,0,0,,,,,,0,0,,,,,
0021500042,244,3,12,3,7:24 PM,11:44,,,Middleton Free Throw 2 of 2 (8 PTS),43 - 55,12,5,203114,Khris Middleton,1610612749.0,Milwaukee,Bucks,MIL,0,0,,,,,,0,0,,,,,
0021500042,246,2,99,3,7:24 PM,11:32,MISS DeRozan 2' Cutting Finger Roll Layup Shot,,,,,4,201942,DeMar DeRozan,1610612761.0,Toronto,Raptors,TOR,0,0,,,,,,0,0,,,,,
0021500042,247,4,0,3,7:24 PM,11:31,Scola REBOUND (Off:3 Def:3),,,,,4,2449,Luis Scola,1610612761.0,Toronto,Raptors,TOR,0,0,,,,,,0,0,,,,,
0021500042,248,6,2,3,7:24 PM,11:31,,,O'Bryant III S.FOUL (P2.T1) (T.Maddox),,,5,203948,Johnny O'Bryant III,1610612749.0,Milwaukee,Bucks,MIL,4,2449,Luis Scola,1610612761.0,Toronto,Raptors,TOR,1,0,,,,,
0021500042,249,3,11,3,7:24 PM,11:31,MISS Scola Free Throw 1 of 2,,,,,4,2449,Luis Scola,1610612761.0,Toronto,Raptors,TOR,0,0,,,,,,0,0,,,,,
0021500042,250,4,1,3,7:24 PM,11:31,RAPTORS Rebound,,,,,2,1610612761,,,,,,0,0,,,,,,0,0,,,,,
0021500042,251,3,12,3,7:25 PM,11:31,Scola Free Throw 2 of 2 (5 PTS),,,43 - 56,13,4,2449,Luis Scola,1610612761.0,Toronto,Raptors,TOR,0,0,,,,,,0,0,,,,,
0021500042,253,6,2,3,7:25 PM,11:17,Valanciunas S.FOUL (P1.T2) (T.Maddox),,,,,4,202685,Jonas Valanciunas,1610612761.0,Toronto,Raptors,TOR,5,202328,Greg Monroe,1610612749.0,Milwaukee,Bucks,MIL,1,0,,,,,
0021500042,254,3,11,3,7:25 PM,11:17,,,Monroe Free Throw 1 of 2 (9 PTS),44 - 56,12,5,202328,Greg Monroe,1610612749.0,Milwaukee,Bucks,MIL,0,0,,,,,,0,0,,,,,
0021500042,256,3,12,3,7:26 PM,11:17,,,Monroe Free Throw 2 of 2 (10 PTS),45 - 56,11,5,202328,Greg Monroe,1610612749.0,Milwaukee,Bucks,MIL,0,0,,,,,,0,0,,,,,
0021500042,258,1,71,3,7:26 PM,10:58,Valanciunas 2' Finger Roll Layup (15 PTS) (Scola 1 AST),,,45 - 58,13,4,202685,Jonas Valanciunas,1610612761.0,Toronto,Raptors,TOR,4,2449,Luis Scola,1610612761.0,Toronto,Raptors,TOR,0,0,,,,,
0021500042,259,2,3,3,7:26 PM,10:37,,,MISS O'Bryant III 5' Hook Shot,,,5,203948,Johnny O'Bryant III,1610612749.0,Milwaukee,Bucks,MIL,0,0,,,,,,0,0,,,,,
0021500042,260,4,0,3,7:26 PM,10:37,Valanciunas REBOUND (Off:1 Def:2),,,,,4,202685,Jonas Valanciunas,1610612761.0,Toronto,Raptors,TOR,0,0,,,,,,0,0,,,,,
0021500042,261,2,1,3,7:27 PM,10:23,MISS Carroll 26' 3PT Jump Shot,,,,,4,201960,DeMarre Carroll,1610612761.0,Toronto,Raptors,TOR,0,0,,,,,,0,0,,,,,
0021500042,262,4,0,3,7:27 PM,10:23,,,Carter-Williams REBOUND (Off:1 Def:1),,,5,203487,Michael Carter-Williams,1610612749.0,Milwaukee,Bucks,MIL,0,0,,,,,,0,0,,,,,
0021500042,263,2,5,3,7:27 PM,10:09,Scola BLOCK (1 BLK),,MISS O'Bryant III 1' Layup,,,5,203948,Johnny O'Bryant III,1610612749.0,Milwaukee,Bucks,MIL,0,0,,,,,,4,2449,Luis Scola,1610612761.0,Toronto,Raptors,TOR
0021500042,264,4,0,3,7:27 PM,10:08,Scola REBOUND (Off:3 Def:4),,,,,4,2449,Luis Scola,1610612761.0,Toronto,Raptors,TOR,0,0,,,,,,0,0,,,,,
0021500042,265,1,41,3,7:27 PM,10:01,Scola 2' Running Layup (7 PTS) (Lowry 6 AST),,,45 - 60,15,4,2449,Luis Scola,1610612761.0,Toronto,Raptors,TOR,4,200768,Kyle Lowry,1610612761.0,Toronto,Raptors,TOR,0,0,,,,,
0021500042,266,6,1,3,7:27 PM,9:50,Valanciunas P.FOUL (P2.T3) (S.Foster),,,,,4,202685,Jonas Valanciunas,1610612761.0,Toronto,Raptors,TOR,5,202328,Greg Monroe,1610612749.0,Milwaukee,Bucks,MIL,1,0,,,,,
0021500042,267,2,1,3,7:28 PM,9:45,,,MISS Middleton 27' 3PT Jump Shot,,,5,203114,Khris Middleton,1610612749.0,Milwaukee,Bucks,MIL,0,0,,,,,,0,0,,,,,
0021500042,268,4,0,3,7:28 PM,9:44,Valanciunas REBOUND (Off:1 Def:3),,,,,4,202685,Jonas Valanciunas,1610612761.0,Toronto,Raptors,TOR,0,0,,,,,,0,0,,,,,
0021500042,269,2,79,3,7:28 PM,9:37,MISS Lowry 26' 3PT Pullup Jump Shot,,,,,4,200768,Kyle Lowry,1610612761.0,Toronto,Raptors,TOR,0,0,,,,,,0,0,,,,,
0021500042,270,4,0,3,7:28 PM,9:36,,,Carter-Williams REBOUND (Off:1 Def:2),,,5,203487,Michael Carter-Williams,1610612749.0,Milwaukee,Bucks,MIL,0,0,,,,,,0,0,,,,,
0021500042,271,6,29,3,7:28 PM,9:32,Lowry Shooting Block Foul (P2.T4) (T.Maddox),,,,,4,200768,Kyle Lowry,1610612761.0,Toronto,Raptors,TOR,5,203487,Michael Carter-Williams,1610612749.0,Milwaukee,Bucks,MIL,1,0,,,,,
0021500042,273,3,11,3,7:28 PM,9:32,,,Carter-Williams Free Throw 1 of 2 (7 PTS),46 - 60,14,5,203487,Michael Carter-Williams,1610612749.0,Milwaukee,Bucks,MIL,0,0,,,,,,0,0,,,,,
0021500042,275,3,12,3,7:28 PM,9:32,,,Carter-Williams Free Throw 2 of 2 (8 PTS),47 - 60,13,5,203487,Michael Carter-Williams,1610612749.0,Milwaukee,Bucks,MIL,0,0,,,,,,0,0,,,,,
0021500042,277,1,73,3,7:29 PM,9:13,DeRozan 3' Driving Reverse Layup (15 PTS),,,47 - 62,15,4,201942,DeMar DeRozan,1610612761.0,Toronto,Raptors,TOR,0,0,,,,,,0,0,,,,,
0021500042,278,6,2,3,7:29 PM,9:05,Scola S.FOUL (P2.PN) (N.Buchert),,,,,4,2449,Luis Scola,1610612761.0,Toronto,Raptors,TOR,5,202328,Greg Monroe,1610612749.0,Milwaukee,Bucks,MIL,1,0,,,,,
0021500042,279,3,11,3,7:29 PM,9:05,,,Monroe Free Throw 1 of 2 (11 PTS),48 - 62,14,5,202328,Greg Monroe,1610612749.0,Milwaukee,Bucks,MIL,0,0,,,,,,0,0,,,,,
0021500042,281,3,12,3,7:29 PM,9:05,,,Monroe Free Throw 2 of 2 (12 PTS),49 - 62,13,5,202328,Greg Monroe,1610612749.0,Milwaukee,Bucks,MIL,0,0,,,,,,0,0,,,,,
0021500042,283,6,1,3,7:30 PM,8:47,,,Carter-Williams P.FOUL (P1.T2) (S.Foster),,,5,203487,Michael Carter-Williams,1610612749.0,Milwaukee,Bucks,MIL,4,201942,DeMar DeRozan,1610612761.0,Toronto,Raptors,TOR,1,0,,,,,
0021500042,284,6,2,3,7:30 PM,8:41,,,Middleton S.FOUL (P5.T3) (S.Foster),,,5,203114,Khris Middleton,1610612749.0,Milwaukee,Bucks,MIL,4,201960,DeMarre Carroll,1610612761.0,Toronto,Raptors,TOR,1,0,,,,,
0021500042,285,3,11,3,7:31 PM,8:41,MISS Carroll Free Throw 1 of 2,,,,,4,201960,DeMarre Carroll,1610612761.0,Toronto,Raptors,TOR,0,0,,,,,,0,0,,,,,
0021500042,286,4,1,3,7:31 PM,8:41,RAPTORS Rebound,,,,,2,1610612761,,,,,,0,0,,,,,,0,0,,,,,
0021500042,287,8,0,3,7:31 PM,8:41,,,SUB: Vasquez FOR Middleton,,,5,203114,Khris Middleton,1610612749.0,Milwaukee,Bucks,MIL,5,202349,Greivis Vasquez,1610612749.0,Milwaukee,Bucks,MIL,0,0,,,,,
0021500042,288,3,12,3,7:31 PM,8:41,Carroll Free Throw 2 of 2 (7 PTS),,,49 - 63,14,4,201960,DeMarre Carroll,1610612761.0,Toronto,Raptors,TOR,0,0,,,,,,0,0,,,,,
0021500042,290,2,1,3,7:32 PM,8:20,,,MISS Carter-Williams 26' 3PT Jump Shot,,,5,203487,Michael Carter-Williams,1610612749.0,Milwaukee,Bucks,MIL,0,0,,,,,,0,0,,,,,
0021500042,291,4,0,3,7:32 PM,8:19,RAPTORS Rebound,,,,,2,1610612761,,,,,,0,0,,,,,,0,0,,,,,
0021500042,292,6,1,3,7:32 PM,8:06,,,Vasquez P.FOUL (P1.T4) (T.Maddox),,,5,202349,Greivis Vasquez,1610612749.0,Milwaukee,Bucks,MIL,4,201960,DeMarre Carroll,1610612761.0,Toronto,Raptors,TOR,1,0,,,,,
0021500042,293,5,2,3,7:32 PM,7:57,Carroll Lost Ball Turnover (P2.T6),,Carter-Williams STEAL (1 STL),,,4,201960,DeMarre Carroll,1610612761.0,Toronto,Raptors,TOR,5,203487,Michael Carter-Williams,1610612749.0,Milwaukee,Bucks,MIL,0,0,,,,,
0021500042,294,1,41,3,7:33 PM,7:51,,,Antetokounmpo 1' Running Layup (8 PTS) (Carter-Williams 3 AST),51 - 63,12,5,203507,Giannis Antetokounmpo,1610612749.0,Milwaukee,Bucks,MIL,5,203487,Michael Carter-Williams,1610612749.0,Milwaukee,Bucks,MIL,0,0,,,,,
0021500042,295,1,1,3,7:33 PM,7:33,Carroll  3PT Jump Shot (10 PTS) (DeRozan 3 AST),,,51 - 66,15,4,201960,DeMarre Carroll,1610612761.0,Toronto,Raptors,TOR,4,201942,DeMar DeRozan,1610612761.0,Toronto,Raptors,TOR,0,0,,,,,
0021500042,296,1,5,3,7:33 PM,7:13,,,Antetokounmpo 1' Layup (10 PTS),53 - 66,13,5,203507,Giannis Antetokounmpo,1610612749.0,Milwaukee,Bucks,MIL,0,0,,,,,,0,0,,,,,
0021500042,297,6,2,3,7:33 PM,6:58,,,Vasquez S.FOUL (P2.PN) (S.Foster),,,5,202349,Greivis Vasquez,1610612749.0,Milwaukee,Bucks,MIL,4,202685,Jonas Valanciunas,1610612761.0,Toronto,Raptors,TOR,1,0,,,,,
0021500042,298,3,11,3,7:34 PM,6:58,Valanciunas Free Throw 1 of 2 (16 PTS),,,53 - 67,14,4,202685,Jonas Valanciunas,1610612761.0,Toronto,Raptors,TOR,0,0,,,,,,0,0,,,,,
0021500042,300,3,12,3,7:34 PM,6:58,Valanciunas Free Throw 2 of 2 (17 PTS),,,53 - 68,15,4,202685,Jonas Valanciunas,1610612761.0,Toronto,Raptors,TOR,0,0,,,,,,0,0,,,,,
0021500042,302,1,3,3,7:34 PM,6:48,,,Monroe 4' Hook Shot (14 PTS) (Carter-Williams 4 AST),55 - 68,13,5,202328,Greg Monroe,1610612749.0,Milwaukee,Bucks,MIL,5,203487,Michael Carter-Williams,1610612749.0,Milwaukee,Bucks,MIL,0,0,,,,,
0021500042,303,2,42,3,7:35 PM,6:27,MISS Scola 3' Driving Layup,,,,,4,2449,Luis Scola,1610612761.0,Toronto,Raptors,TOR,0,0,,,,,,0,0,,,,,
0021500042,304,4,0,3,7:35 PM,6:26,Valanciunas REBOUND (Off:2 Def:3),,,,,4,202685,Jonas Valanciunas,1610612761.0,Toronto,Raptors,TOR,0,0,,,,,,0,0,,,,,
0021500042,305,1,1,3,7:35 PM,6:24,Valanciunas 2' Jump Shot (19 PTS),,,55 - 70,15,4,202685,Jonas Valanciunas,1610612761.0,Toronto,Raptors,TOR,0,0,,,,,,0,0,,,,,
0021500042,306,6,1,3,7:35 PM,6:14,Lowry P.FOUL (P3.PN) (S.Foster),,,,,4,200768,Kyle Lowry,1610612761.0,Toronto,Raptors,TOR,5,202349,Greivis Vasquez,1610612749.0,Milwaukee,Bucks,MIL,1,0,,,,,
0021500042,307,3,11,3,7:35 PM,6:14,,,Vasquez Free Throw 1 of 2 (1 PTS),56 - 70,14,5,202349,Greivis Vasquez,1610612749.0,Milwaukee,Bucks,MIL,0,0,,,,,,0,0,,,,,
0021500042,309,3,12,3,7:35 PM,6:14,,,Vasquez Free Throw 2 of 2 (2 PTS),57 - 70,13,5,202349,Greivis Vasquez,1610612749.0,Milwaukee,Bucks,MIL,0,0,,,,,,0,0,,,,,
0021500042,311,2,1,3,7:36 PM,5:58,MISS Carroll 27' 3PT Jump Shot,,,,,4,201960,DeMarre Carroll,1610612761.0,Toronto,Raptors,TOR,0,0,,,,,,0,0,,,,,
0021500042,312,4,0,3,7:36 PM,5:57,Carroll REBOUND (Off:2 Def:0),,,,,4,201960,DeMarre Carroll,1610612761.0,Toronto,Raptors,TOR,0,0,,,,,,0,0,,,,,
0021500042,313,6,4,3,7:36 PM,5:52,Valanciunas OFF.Foul (P3) (N.Buchert),,,,,4,202685,Jonas Valanciunas,1610612761.0,Toronto,Raptors,TOR,5,202328,Greg Monroe,1610612749.0,Milwaukee,Bucks,MIL,1,0,,,,,
0021500042,314,5,5,3,7:36 PM,5:52,Valanciunas Foul Turnover (P1.T7),,,,,4,202685,Jonas Valanciunas,1610612761.0,Toronto,Raptors,TOR,0,0,,,,,,1,0,,,,,
0021500042,315,9,1,3,7:36 PM,5:52,RAPTORS Timeout: Regular (Full 3 Short 0),,,,,2,1610612761,,,,,,0,0,,,,,,0,0,,,,,
0021500042,317,8,0,3,7:38 PM,5:52,SUB: Biyombo FOR Scola,,,,,4,2449,Luis Scola,1610612761.0,Toronto,Raptors,TOR,4,202687,Bismack Biyombo,1610612761.0,Toronto,Raptors,TOR,0,0,,,,,
0021500042,318,8,0,3,7:38 PM,5:52,SUB: Ross FOR Valanciunas,,,,,4,202685,Jonas Valanciunas,1610612761.0,Toronto,Raptors,TOR,4,203082,Terrence Ross,1610612761.0,Toronto,Raptors,TOR,0,0,,,,,
0021500042,319,8,0,3,7:38 PM,5:52,SUB: Patterson FOR DeRozan,,,,,4,201942,DeMar DeRozan,1610612761.0,Toronto,Raptors,TOR,4,202335,Patrick Patterson,1610612761.0,Toronto,Raptors,TOR,0,0,,,,,
0021500042,320,8,0,3,7:38 PM,5:52,,,SUB: Copeland FOR O'Bryant III,,,5,203948,Johnny O'Bryant III,1610612749.0,Milwaukee,Bucks,MIL,5,203142,Chris Copeland,1610612749.0,Milwaukee,Bucks,MIL,0,0,,,,,
0021500042,321,1,1,3,7:39 PM,5:39,,,Antetokounmpo 24' 3PT Jump Shot (13 PTS) (Carter-Williams 5 AST),60 - 70,10,5,203507,Giannis Antetokounmpo,1610612749.0,Milwaukee,Bucks,MIL,5,203487,Michael Carter-Williams,1610612749.0,Milwaukee,Bucks,MIL,0,0,,,,,
0021500042,322,1,79,3,7:39 PM,5:14,Lowry 26' 3PT Pullup Jump Shot (11 PTS),,,60 - 73,13,4,200768,Kyle Lowry,1610612761.0,Toronto,Raptors,TOR,0,0,,,,,,0,0,,,,,
0021500042,323,2,3,3,7:39 PM,4:53,,,MISS Monroe 4' Hook Shot,,,5,202328,Greg Monroe,1610612749.0,Milwaukee,Bucks,MIL,0,0,,,,,,0,0,,,,,
0021500042,324,4,0,3,7:39 PM,4:53,Ross REBOUND (Off:1 Def:2),,,,,4,203082,Terrence Ross,1610612761.0,Toronto,Raptors,TOR,0,0,,,,,,0,0,,,,,
0021500042,325,6,2,3,7:40 PM,4:47,,,Monroe S.FOUL (P4.PN) (S.Foster),,,5,202328,Greg Monroe,1610612749.0,Milwaukee,Bucks,MIL,4,202687,Bismack Biyombo,1610612761.0,Toronto,Raptors,TOR,1,0,,,,,
0021500042,326,3,11,3,7:40 PM,4:47,MISS Biyombo Free Throw 1 of 2,,,,,4,202687,Bismack Biyombo,1610612761.0,Toronto,Raptors,TOR,0,0,,,,,,0,0,,,,,
0021500042,327,4,1,3,7:40 PM,4:47,RAPTORS Rebound,,,,,2,1610612761,,,,,,0,0,,,,,,0,0,,,,,
0021500042,328,8,0,3,7:40 PM,4:47,,,SUB: Plumlee FOR Monroe,,,5,202328,Greg Monroe,1610612749.0,Milwaukee,Bucks,MIL,5,203101,Miles Plumlee,1610612749.0,Milwaukee,Bucks,MIL,0,0,,,,,
0021500042,329,3,12,3,7:40 PM,4:47,Biyombo Free Throw 2 of 2 (3 PTS),,,60 - 74,14,4,202687,Bismack Biyombo,1610612761.0,Toronto,Raptors,TOR,0,0,,,,,,0,0,,,,,
0021500042,331,1,1,3,7:41 PM,4:34,,,Copeland 25' 3PT Jump Shot (8 PTS) (Carter-Williams 6 AST),63 - 74,11,5,203142,Chris Copeland,1610612749.0,Milwaukee,Bucks,MIL,5,203487,Michael Carter-Williams,1610612749.0,Milwaukee,Bucks,MIL,0,0,,,,,
0021500042,332,1,101,3,7:41 PM,4:07,Carroll 5' Driving Floating Jump Shot (12 PTS) (Ross 1 AST),,,63 - 76,13,4,201960,DeMarre Carroll,1610612761.0,Toronto,Raptors,TOR,4,203082,Terrence Ross,1610612761.0,Toronto,Raptors,TOR,0,0,,,,,
0021500042,333,1,42,3,7:41 PM,3:53,,,Antetokounmpo 4' Driving Layup (15 PTS) (Vasquez 1 AST),65 - 76,11,5,203507,Giannis Antetokounmpo,1610612749.0,Milwaukee,Bucks,MIL,5,202349,Greivis Vasquez,1610612749.0,Milwaukee,Bucks,MIL,0,0,,,,,
0021500042,334,6,1,3,7:42 PM,3:46,,,Carter-Williams P.FOUL (P2.PN) (S.Foster),,,5,203487,Michael Carter-Williams,1610612749.0,Milwaukee,Bucks,MIL,4,200768,Kyle Lowry,1610612761.0,Toronto,Raptors,TOR,1,0,,,,,
0021500042,335,3,11,3,7:42 PM,3:46,Lowry Free Throw 1 of 2 (12 PTS),,,65 - 77,12,4,200768,Kyle Lowry,1610612761.0,Toronto,Raptors,TOR,0,0,,,,,,0,0,,,,,
0021500042,337,8,0,3,7:42 PM,3:46,,,SUB: Bayless FOR Carter-Williams,,,5,203487,Michael Carter-Williams,1610612749.0,Milwaukee,Bucks,MIL,5,201573,Jerryd Bayless,1610612749.0,Milwaukee,Bucks,MIL,0,0,,,,,
0021500042,338,3,12,3,7:42 PM,3:46,Lowry Free Throw 2 of 2 (13 PTS),,,65 - 78,13,4,200768,Kyle Lowry,1610612761.0,Toronto,Raptors,TOR,0,0,,,,,,0,0,,,,,
0021500042,340,2,101,3,7:42 PM,3:31,,,MISS Copeland 8' Driving Floating Jump Shot,,,5,203142,Chris Copeland,1610612749.0,Milwaukee,Bucks,MIL,0,0,,,,,,0,0,,,,,
0021500042,341,4,0,3,7:42 PM,3:30,Biyombo REBOUND (Off:2 Def:5),,,,,4,202687,Bismack Biyombo,1610612761.0,Toronto,Raptors,TOR,0,0,,,,,,0,0,,,,,
0021500042,342,2,1,3,7:43 PM,3:14,MISS Patterson 26' 3PT Jump Shot,,,,,4,202335,Patrick Patterson,1610612761.0,Toronto,Raptors,TOR,0,0,,,,,,0,0,,,,,
0021500042,343,4,0,3,7:43 PM,3:13,Carroll REBOUND (Off:3 Def:0),,,,,4,201960,DeMarre Carroll,1610612761.0,Toronto,Raptors,TOR,0,0,,,,,,0,0,,,,,
0021500042,344,2,80,3,7:43 PM,3:05,MISS Lowry 24' 3PT Step Back Jump Shot,,,,,4,200768,Kyle Lowry,1610612761.0,Toronto,Raptors,TOR,0,0,,,,,,0,0,,,,,
0021500042,345,4,0,3,7:43 PM,3:04,,,Antetokounmpo REBOUND (Off:0 Def:7),,,5,203507,Giannis Antetokounmpo,1610612749.0,Milwaukee,Bucks,MIL,0,0,,,,,,0,0,,,,,
0021500042,346,7,5,3,7:43 PM,2:52,Ross Violation:Kicked Ball (S.Foster),,,,,4,203082,Terrence Ross,1610612761.0,Toronto,Raptors,TOR,0,0,,,,,,1,0,,,,,
0021500042,347,9,1,3,7:43 PM,2:52,,,Bucks Timeout: Regular (Reg.3 Short 1),,,3,1610612749,,,,,,0,0,,,,,,0,0,,,,,
0021500042,350,8,0,3,7:45 PM,2:52,SUB: Scola FOR Lowry,,,,,4,200768,Kyle Lowry,1610612761.0,Toronto,Raptors,TOR,4,2449,Luis Scola,1610612761.0,Toronto,Raptors,TOR,0,0,,,,,
0021500042,351,8,0,3,7:45 PM,2:52,SUB: Joseph FOR Scola,,,,,4,2449,Luis Scola,1610612761.0,Toronto,Raptors,TOR,4,202709,Cory Joseph,1610612761.0,Toronto,Raptors,TOR,0,0,,,,,
0021500042,353,1,57,3,7:46 PM,2:41,,,Antetokounmpo 3' Driving Hook Shot (17 PTS) (Vasquez 2 AST),67 - 78,11,5,203507,Giannis Antetokounmpo,1610612749.0,Milwaukee,Bucks,MIL,5,202349,Greivis Vasquez,1610612749.0,Milwaukee,Bucks,MIL,0,0,,,,,
0021500042,354,2,1,3,7:46 PM,2:28,MISS Carroll 25' 3PT Jump Shot,,,,,4,201960,DeMarre Carroll,1610612761.0,Toronto,Raptors,TOR,0,0,,,,,,0,0,,,,,
0021500042,355,4,0,3,7:46 PM,2:27,Biyombo REBOUND (Off:3 Def:5),,,,,4,202687,Bismack Biyombo,1610612761.0,Toronto,Raptors,TOR,0,0,,,,,,0,0,,,,,
0021500042,356,2,97,3,7:46 PM,2:23,MISS Biyombo 1' Tip Layup Shot,,,,,4,202687,Bismack Biyombo,1610612761.0,Toronto,Raptors,TOR,0,0,,,,,,0,0,,,,,
0021500042,357,4,0,3,7:46 PM,2:22,,,Antetokounmpo REBOUND (Off:0 Def:8),,,5,203507,Giannis Antetokounmpo,1610612749.0,Milwaukee,Bucks,MIL,0,0,,,,,,0,0,,,,,
0021500042,358,6,1,3,7:46 PM,2:19,Biyombo P.FOUL (P3.PN) (T.Maddox),,,,,4,202687,Bismack Biyombo,1610612761.0,Toronto,Raptors,TOR,5,203142,Chris Copeland,1610612749.0,Milwaukee,Bucks,MIL,1,0,,,,,
0021500042,359,3,11,3,7:47 PM,2:19,,,Copeland Free Throw 1 of 2 (9 PTS),68 - 78,10,5,203142,Chris Copeland,1610612749.0,Milwaukee,Bucks,MIL,0,0,,,,,,0,0,,,,,
0021500042,361,3,12,3,7:47 PM,2:19,,,Copeland Free Throw 2 of 2 (10 PTS),69 - 78,9,5,203142,Chris Copeland,1610612749.0,Milwaukee,Bucks,MIL,0,0,,,,,,0,0,,,,,
0021500042,363,1,1,3,7:47 PM,2:06,Patterson 24' 3PT Jump Shot (8 PTS) (Ross 2 AST),,,69 - 81,12,4,202335,Patrick Patterson,1610612761.0,Toronto,Raptors,TOR,4,203082,Terrence Ross,1610612761.0,Toronto,Raptors,TOR,0,0,,,,,
0021500042,364,2,5,3,7:47 PM,1:44,,,MISS Antetokounmpo 3' Layup,,,5,203507,Giannis Antetokounmpo,1610612749.0,Milwaukee,Bucks,MIL,0,0,,,,,,0,0,,,,,
0021500042,365,4,0,3,7:48 PM,1:43,,,Plumlee REBOUND (Off:2 Def:0),,,5,203101,Miles Plumlee,1610612749.0,Milwaukee,Bucks,MIL,0,0,,,,,,0,0,,,,,
0021500042,366,2,97,3,7:48 PM,1:40,,,MISS Plumlee  Tip Layup Shot,,,5,203101,Miles Plumlee,1610612749.0,Milwaukee,Bucks,MIL,0,0,,,,,,0,0,,,,,
0021500042,367,4,0,3,7:48 PM,1:38,,,Plumlee REBOUND (Off:3 Def:0),,,5,203101,Miles Plumlee,1610612749.0,Milwaukee,Bucks,MIL,0,0,,,,,,0,0,,,,,
0021500042,368,2,97,3,7:48 PM,1:36,,,MISS Plumlee  Tip Layup Shot,,,5,203101,Miles Plumlee,1610612749.0,Milwaukee,Bucks,MIL,0,0,,,,,,0,0,,,,,
0021500042,369,4,0,3,7:48 PM,1:36,Ross REBOUND (Off:1 Def:3),,,,,4,203082,Terrence Ross,1610612761.0,Toronto,Raptors,TOR,0,0,,,,,,0,0,,,,,
0021500042,370,5,40,3,7:48 PM,1:33,Carroll Out of Bounds Lost Ball Turnover (P3.T8),,,,,4,201960,DeMarre Carroll,1610612761.0,Toronto,Raptors,TOR,0,0,,,,,,1,0,,,,,
0021500042,371,1,52,3,7:48 PM,1:22,,,Plumlee  Alley Oop Dunk (8 PTS) (Antetokounmpo 2 AST),71 - 81,10,5,203101,Miles Plumlee,1610612749.0,Milwaukee,Bucks,MIL,5,203507,Giannis Antetokounmpo,1610612749.0,Milwaukee,Bucks,MIL,0,0,,,,,
0021500042,372,5,13,3,7:48 PM,1:14,RAPTORS Turnover: Backcourt (T#9),,,,,2,1610612761,,,,,,0,0,,,,,,1,0,,,,,
0021500042,373,2,1,3,7:49 PM,1:04,,,MISS Copeland  3PT Jump Shot,,,5,203142,Chris Copeland,1610612749.0,Milwaukee,Bucks,MIL,0,0,,,,,,0,0,,,,,
0021500042,374,4,0,3,7:49 PM,1:03,Joseph REBOUND (Off:0 Def:1),,,,,4,202709,Cory Joseph,1610612761.0,Toronto,Raptors,TOR,0,0,,,,,,0,0,,,,,
0021500042,375,2,108,3,7:49 PM,0:54,MISS Biyombo  Cutting Dunk Shot,,,,,4,202687,Bismack Biyombo,1610612761.0,Toronto,Raptors,TOR,0,0,,,,,,0,0,,,,,
0021500042,376,4,0,3,7:49 PM,0:54,,,Antetokounmpo REBOUND (Off:0 Def:9),,,5,203507,Giannis Antetokounmpo,1610612749.0,Milwaukee,Bucks,MIL,0,0,,,,,,0,0,,,,,
0021500042,377,2,1,3,7:49 PM,0:47,,,MISS Vasquez 25' 3PT Jump Shot,,,5,202349,Greivis Vasquez,1610612749.0,Milwaukee,Bucks,MIL,0,0,,,,,,0,0,,,,,
0021500042,378,4,0,3,7:49 PM,0:47,Biyombo REBOUND (Off:3 Def:6),,,,,4,202687,Bismack Biyombo,1610612761.0,Toronto,Raptors,TOR,0,0,,,,,,0,0,,,,,
0021500042,379,2,42,3,7:49 PM,0:30,MISS Joseph 3' Driving Layup,,Plumlee BLOCK (2 BLK),,,4,202709,Cory Joseph,1610612761.0,Toronto,Raptors,TOR,0,0,,,,,,5,203101,Miles Plumlee,1610612749.0,Milwaukee,Bucks,MIL
0021500042,380,4,0,3,7:49 PM,0:29,Biyombo REBOUND (Off:4 Def:6),,,,,4,202687,Bismack Biyombo,1610612761.0,Toronto,Raptors,TOR,0,0,,,,,,0,0,,,,,
0021500042,381,2,72,3,7:49 PM,0:26,MISS Biyombo 2' Putback Layup,,,,,4,202687,Bismack Biyombo,1610612761.0,Toronto,Raptors,TOR,0,0,,,,,,0,0,,,,,
0021500042,382,4,0,3,7:49 PM,0:25,,,Vasquez REBOUND (Off:0 Def:1),,,5,202349,Greivis Vasquez,1610612749.0,Milwaukee,Bucks,MIL,0,0,,,,,,0,0,,,,,
0021500042,383,5,4,3,7:49 PM,0:22,,,Copeland Traveling Turnover (P2.T12),,,5,203142,Chris Copeland,1610612749.0,Milwaukee,Bucks,MIL,0,0,,,,,,1,0,,,,,
0021500042,384,2,58,3,7:50 PM,0:00,MISS Biyombo 4' Turnaround Hook Shot,,,,,4,202687,Bismack Biyombo,1610612761.0,Toronto,Raptors,TOR,0,0,,,,,,0,0,,,,,
0021500042,385,4,0,3,7:50 PM,0:00,RAPTORS Rebound,,,,,2,1610612761,,,,,,0,0,,,,,,0,0,,,,,
0021500042,386,13,0,3,7:50 PM,0:00,,,,71 - 81,10,0,0,,,,,,0,0,,,,,,0,0,,,,,
0021500042,388,12,0,4,7:53 PM,12:00,,,,71 - 81,10,0,0,,,,,,0,0,,,,,,0,0,,,,,
0021500042,389,1,78,4,7:53 PM,11:38,Patterson 5' Floating Jump Shot (10 PTS) (DeRozan 4 AST),,,71 - 83,12,4,202335,Patrick Patterson,1610612761.0,Toronto,Raptors,TOR,4,201942,DeMar DeRozan,1610612761.0,Toronto,Raptors,TOR,0,0,,,,,
0021500042,390,6,2,4,7:54 PM,11:13,Ross S.FOUL (P1.T1) (T.Maddox),,,,,4,203082,Terrence Ross,1610612761.0,Toronto,Raptors,TOR,5,202349,Greivis Vasquez,1610612749.0,Milwaukee,Bucks,MIL,1,0,,,,,
0021500042,391,3,11,4,7:54 PM,11:13,,,Vasquez Free Throw 1 of 2 (3 PTS),72 - 83,11,5,202349,Greivis Vasquez,1610612749.0,Milwaukee,Bucks,MIL,0,0,,,,,,0,0,,,,,
0021500042,393,3,12,4,7:54 PM,11:13,,,Vasquez Free Throw 2 of 2 (4 PTS),73 - 83,10,5,202349,Greivis Vasquez,1610612749.0,Milwaukee,Bucks,MIL,0,0,,,,,,0,0,,,,,
0021500042,395,5,45,4,7:54 PM,11:01,Ross Out of Bounds - Bad Pass Turnover Turnover (P1.T10),,,,,4,203082,Terrence Ross,1610612761.0,Toronto,Raptors,TOR,0,0,,,,,,1,0,,,,,
0021500042,396,2,1,4,7:55 PM,10:49,,,MISS Copeland 25' 3PT Jump Shot,,,5,203142,Chris Copeland,1610612749.0,Milwaukee,Bucks,MIL,0,0,,,,,,0,0,,,,,
0021500042,397,4,0,4,7:55 PM,10:48,,,Monroe REBOUND (Off:2 Def:2),,,5,202328,Greg Monroe,1610612749.0,Milwaukee,Bucks,MIL,0,0,,,,,,0,0,,,,,
0021500042,398,1,42,4,7:55 PM,10:29,,,Vasquez 3' Driving Layup (6 PTS) (Carter-Williams 7 AST),75 - 83,8,5,202349,Greivis Vasquez,1610612749.0,Milwaukee,Bucks,MIL,5,203487,Michael Carter-Williams,1610612749.0,Milwaukee,Bucks,MIL,0,0,,,,,
0021500042,399,2,86,4,7:55 PM,10:10,MISS DeRozan 15' Turnaround Fadeaway Shot,,,,,4,201942,DeMar DeRozan,1610612761.0,Toronto,Raptors,TOR,0,0,,,,,,0,0,,,,,
0021500042,400,4,0,4,7:55 PM,10:10,,,Monroe REBOUND (Off:2 Def:3),,,5,202328,Greg Monroe,1610612749.0,Milwaukee,Bucks,MIL,0,0,,,,,,0,0,,,,,
0021500042,401,1,99,4,7:56 PM,10:01,,,Carter-Williams 2' Cutting Finger Roll Layup Shot (10 PTS) (Vasquez 3 AST),77 - 83,6,5,203487,Michael Carter-Williams,1610612749.0,Milwaukee,Bucks,MIL,5,202349,Greivis Vasquez,1610612749.0,Milwaukee,Bucks,MIL,0,0,,,,,
0021500042,402,9,1,4,7:56 PM,9:52,RAPTORS Timeout: Regular (Full 4 Short 0),,,,,2,1610612761,,,,,,0,0,,,,,,0,0,,,,,
0021500042,403,8,0,4,7:58 PM,9:52,SUB: Valanciunas FOR Biyombo,,,,,4,202687,Bismack Biyombo,1610612761.0,Toronto,Raptors,TOR,4,202685,Jonas Valanciunas,1610612761.0,Toronto,Raptors,TOR,0,0,,,,,
0021500042,405,1,1,4,7:58 PM,9:39,Ross 24' 3PT Jump Shot (3 PTS) (Patterson 1 AST),,,77 - 86,9,4,203082,Terrence Ross,1610612761.0,Toronto,Raptors,TOR,4,202335,Patrick Patterson,1610612761.0,Toronto,Raptors,TOR,0,0,,,,,
0021500042,406,5,45,4,7:59 PM,9:25,,,Vasquez Out of Bounds - Bad Pass Turnover Turnover (P2.T13),,,5,202349,Greivis Vasquez,1610612749.0,Milwaukee,Bucks,MIL,0,0,,,,,,1,0,,,,,
0021500042,408,2,79,4,7:59 PM,9:02,MISS Joseph 17' Pullup Jump Shot,,,,,4,202709,Cory Joseph,1610612761.0,Toronto,Raptors,TOR,0,0,,,,,,0,0,,,,,
0021500042,409,4,0,4,7:59 PM,9:02,,,Carter-Williams REBOUND (Off:1 Def:3),,,5,203487,Michael Carter-Williams,1610612749.0,Milwaukee,Bucks,MIL,0,0,,,,,,0,0,,,,,
0021500042,410,2,1,4,7:59 PM,8:53,,,MISS Vasquez 25' 3PT Jump Shot,,,5,202349,Greivis Vasquez,1610612749.0,Milwaukee,Bucks,MIL,0,0,,,,,,0,0,,,,,
0021500042,411,4,0,4,7:59 PM,8:52,Joseph REBOUND (Off:0 Def:2),,,,,4,202709,Cory Joseph,1610612761.0,Toronto,Raptors,TOR,0,0,,,,,,0,0,,,,,
0021500042,412,1,1,4,8:00 PM,8:33,Patterson 25' 3PT Jump Shot (13 PTS) (Joseph 3 AST),,,77 - 89,12,4,202335,Patrick Patterson,1610612761.0,Toronto,Raptors,TOR,4,202709,Cory Joseph,1610612761.0,Toronto,Raptors,TOR,0,0,,,,,
0021500042,413,5,1,4,8:00 PM,8:17,Valanciunas STEAL (2 STL),,Carter-Williams Bad Pass Turnover (P3.T14),,,5,203487,Michael Carter-Williams,1610612749.0,Milwaukee,Bucks,MIL,4,202685,Jonas Valanciunas,1610612761.0,Toronto,Raptors,TOR,0,0,,,,,
0021500042,414,2,41,4,8:00 PM,8:11,MISS Joseph 2' Running Layup,,Bayless BLOCK (1 BLK),,,4,202709,Cory Joseph,1610612761.0,Toronto,Raptors,TOR,0,0,,,,,,5,201573,Jerryd Bayless,1610612749.0,Milwaukee,Bucks,MIL
0021500042,415,4,0,4,8:00 PM,8:11,RAPTORS Rebound,,,,,2,1610612761,,,,,,0,0,,,,,,0,0,,,,,
0021500042,416,1,5,4,8:01 PM,8:08,Ross 1' Layup (5 PTS) (Joseph 4 AST),,,77 - 91,14,4,203082,Terrence Ross,1610612761.0,Toronto,Raptors,TOR,4,202709,Cory Joseph,1610612761.0,Toronto,Raptors,TOR,0,0,,,,,
0021500042,417,5,1,4,8:01 PM,7:48,Ross STEAL (2 STL),,Carter-Williams Bad Pass Turnover (P4.T15),,,5,203487,Michael Carter-Williams,1610612749.0,Milwaukee,Bucks,MIL,4,203082,Terrence Ross,1610612761.0,Toronto,Raptors,TOR,0,0,,,,,
0021500042,418,5,1,4,8:01 PM,7:45,Valanciunas Bad Pass Turnover (P2.T11),,Carter-Williams STEAL (2 STL),,,4,202685,Jonas Valanciunas,1610612761.0,Toronto,Raptors,TOR,5,203487,Michael Carter-Williams,1610612749.0,Milwaukee,Bucks,MIL,0,0,,,,,
0021500042,419,6,1,4,8:01 PM,7:44,Ross P.FOUL (P2.T2) (N.Buchert),,,,,4,203082,Terrence Ross,1610612761.0,Toronto,Raptors,TOR,5,203487,Michael Carter-Williams,1610612749.0,Milwaukee,Bucks,MIL,1,0,,,,,
0021500042,420,2,66,4,8:01 PM,7:33,,,MISS Carter-Williams 25' 3PT Jump Bank Shot,,,5,203487,Michael Carter-Williams,1610612749.0,Milwaukee,Bucks,MIL,0,0,,,,,,0,0,,,,,
0021500042,421,4,0,4,8:01 PM,7:33,Patterson REBOUND (Off:0 Def:1),,,,,4,202335,Patrick Patterson,1610612761.0,Toronto,Raptors,TOR,0,0,,,,,,0,0,,,,,
0021500042,422,2,1,4,8:02 PM,7:18,MISS Ross 26' 3PT Jump Shot,,,,,4,203082,Terrence Ross,1610612761.0,Toronto,Raptors,TOR,0,0,,,,,,0,0,,,,,
0021500042,423,4,0,4,8:02 PM,7:17,,,Monroe REBOUND (Off:2 Def:4),,,5,202328,Greg Monroe,1610612749.0,Milwaukee,Bucks,MIL,0,0,,,,,,0,0,,,,,
0021500042,424,2,1,4,8:02 PM,7:03,,,MISS Vasquez  3PT Jump Shot,,,5,202349,Greivis Vasquez,1610612749.0,Milwaukee,Bucks,MIL,0,0,,,,,,0,0,,,,,
0021500042,425,4,0,4,8:02 PM,7:02,Valanciunas REBOUND (Off:2 Def:4),,,,,4,202685,Jonas Valanciunas,1610612761.0,Toronto,Raptors,TOR,0,0,,,,,,0,0,,,,,
0021500042,426,1,1,4,8:02 PM,6:50,Ross 24' 3PT Jump Shot (8 PTS) (Joseph 5 AST),,,77 - 94,17,4,203082,Terrence Ross,1610612761.0,Toronto,Raptors,TOR,4,202709,Cory Joseph,1610612761.0,Toronto,Raptors,TOR,0,0,,,,,
0021500042,427,9,1,4,8:02 PM,6:49,,,Bucks Timeout: Regular (Reg.4 Short 1),,,3,1610612749,,,,,,0,0,,,,,,0,0,,,,,
0021500042,429,8,0,4,8:05 PM,6:49,,,SUB: Antetokounmpo FOR Carter-Williams,,,5,203487,Michael Carter-Williams,1610612749.0,Milwaukee,Bucks,MIL,5,203507,Giannis Antetokounmpo,1610612749.0,Milwaukee,Bucks,MIL,0,0,,,,,
0021500042,430,8,0,4,8:05 PM,6:49,,,SUB: Middleton FOR Copeland,,,5,203142,Chris Copeland,1610612749.0,Milwaukee,Bucks,MIL,5,203114,Khris Middleton,1610612749.0,Milwaukee,Bucks,MIL,0,0,,,,,
0021500042,432,2,80,4,8:05 PM,6:32,,,MISS Bayless 18' Step Back Jump Shot,,,5,201573,Jerryd Bayless,1610612749.0,Milwaukee,Bucks,MIL,0,0,,,,,,0,0,,,,,
0021500042,433,4,0,4,8:05 PM,6:31,,,Bayless REBOUND (Off:1 Def:0),,,5,201573,Jerryd Bayless,1610612749.0,Milwaukee,Bucks,MIL,0,0,,,,,,0,0,,,,,
0021500042,434,5,2,4,8:05 PM,6:28,Joseph STEAL (3 STL),,Bayless Lost Ball Turnover (P3.T16),,,5,201573,Jerryd Bayless,1610612749.0,Milwaukee,Bucks,MIL,4,202709,Cory Joseph,1610612761.0,Toronto,Raptors,TOR,0,0,,,,,
0021500042,435,1,1,4,8:05 PM,6:14,Ross 25' 3PT Jump Shot (11 PTS) (Joseph 6 AST),,,77 - 97,20,4,203082,Terrence Ross,1610612761.0,Toronto,Raptors,TOR,4,202709,Cory Joseph,1610612761.0,Toronto,Raptors,TOR,0,0,,,,,
0021500042,436,6,17,4,8:06 PM,5:59,RAPTORS T.Foul (Def. 3 Sec Patterson ) (S.Foster),,,,,4,202335,Patrick Patterson,1610612761.0,Toronto,Raptors,TOR,0,0,,,,,,1,0,,,,,
0021500042,437,3,16,4,8:06 PM,5:59,,,Vasquez Free Throw Technical (7 PTS),78 - 97,19,5,202349,Greivis Vasquez,1610612749.0,Milwaukee,Bucks,MIL,0,0,,,,,,0,0,,,,,
0021500042,439,2,1,4,8:06 PM,5:53,,,MISS Vasquez 25' 3PT Jump Shot,,,5,202349,Greivis Vasquez,1610612749.0,Milwaukee,Bucks,MIL,0,0,,,,,,0,0,,,,,
0021500042,440,4,0,4,8:06 PM,5:53,DeRozan REBOUND (Off:0 Def:1),,,,,4,201942,DeMar DeRozan,1610612761.0,Toronto,Raptors,TOR,0,0,,,,,,0,0,,,,,
0021500042,441,2,80,4,8:06 PM,5:38,MISS Ross 20' Step Back Jump Shot,,,,,4,203082,Terrence Ross,1610612761.0,Toronto,Raptors,TOR,0,0,,,,,,0,0,,,,,
0021500042,442,4,0,4,8:06 PM,5:38,,,Vasquez REBOUND (Off:0 Def:2),,,5,202349,Greivis Vasquez,1610612749.0,Milwaukee,Bucks,MIL,0,0,,,,,,0,0,,,,,
0021500042,443,2,41,4,8:07 PM,5:31,,,MISS Middleton 1' Running Layup,,,5,203114,Khris Middleton,1610612749.0,Milwaukee,Bucks,MIL,0,0,,,,,,0,0,,,,,
0021500042,444,4,0,4,8:07 PM,5:31,Patterson REBOUND (Off:0 Def:2),,,,,4,202335,Patrick Patterson,1610612761.0,Toronto,Raptors,TOR,0,0,,,,,,0,0,,,,,
0021500042,445,6,1,4,8:07 PM,5:31,,,Antetokounmpo P.FOUL (P1.T1) (S.Foster),,,5,203507,Giannis Antetokounmpo,1610612749.0,Milwaukee,Bucks,MIL,4,202335,Patrick Patterson,1610612761.0,Toronto,Raptors,TOR,1,0,,,,,
0021500042,446,2,1,4,8:07 PM,5:18,MISS DeRozan 5' Jump Shot,,Monroe BLOCK (2 BLK),,,4,201942,DeMar DeRozan,1610612761.0,Toronto,Raptors,TOR,0,0,,,,,,5,202328,Greg Monroe,1610612749.0,Milwaukee,Bucks,MIL
0021500042,447,4,0,4,8:07 PM,5:17,,,Vasquez REBOUND (Off:0 Def:3),,,5,202349,Greivis Vasquez,1610612749.0,Milwaukee,Bucks,MIL,0,0,,,,,,0,0,,,,,
0021500042,454,1,40,4,8:07 PM,5:14,,,Antetokounmpo 3' Layup (19 PTS) (Vasquez 4 AST),80 - 97,17,5,203507,Giannis Antetokounmpo,1610612749.0,Milwaukee,Bucks,MIL,5,202349,Greivis Vasquez,1610612749.0,Milwaukee,Bucks,MIL,0,0,,,,,
0021500042,448,6,2,4,8:07 PM,5:14,Patterson S.FOUL (P2.T3) (S.Foster),,,,,4,202335,Patrick Patterson,1610612761.0,Toronto,Raptors,TOR,5,203507,Giannis Antetokounmpo,1610612749.0,Milwaukee,Bucks,MIL,1,0,,,,,
0021500042,449,8,0,4,8:08 PM,5:14,SUB: Carroll FOR Ross,,,,,4,203082,Terrence Ross,1610612761.0,Toronto,Raptors,TOR,4,201960,DeMarre Carroll,1610612761.0,Toronto,Raptors,TOR,0,0,,,,,
0021500042,450,8,0,4,8:08 PM,5:14,SUB: Lowry FOR Joseph,,,,,4,202709,Cory Joseph,1610612761.0,Toronto,Raptors,TOR,4,200768,Kyle Lowry,1610612761.0,Toronto,Raptors,TOR,0,0,,,,,
0021500042,452,3,10,4,8:08 PM,5:14,,,Antetokounmpo Free Throw 1 of 1 (20 PTS),81 - 97,16,5,203507,Giannis Antetokounmpo,1610612749.0,Milwaukee,Bucks,MIL,0,0,,,,,,0,0,,,,,
0021500042,455,1,1,4,8:08 PM,4:51,Patterson 24' 3PT Jump Shot (16 PTS) (Carroll 1 AST),,,81 - 100,19,4,202335,Patrick Patterson,1610612761.0,Toronto,Raptors,TOR,4,201960,DeMarre Carroll,1610612761.0,Toronto,Raptors,TOR,0,0,,,,,
0021500042,456,5,1,4,8:09 PM,4:38,Lowry STEAL (4 STL),,Vasquez Bad Pass Turnover (P3.T17),,,5,202349,Greivis Vasquez,1610612749.0,Milwaukee,Bucks,MIL,4,200768,Kyle Lowry,1610612761.0,Toronto,Raptors,TOR,0,0,,,,,
0021500042,457,1,98,4,8:09 PM,4:18,Carroll 2' Cutting Layup Shot (14 PTS) (Lowry 7 AST),,,81 - 102,21,4,201960,DeMarre Carroll,1610612761.0,Toronto,Raptors,TOR,4,200768,Kyle Lowry,1610612761.0,Toronto,Raptors,TOR,0,0,,,,,
0021500042,458,1,79,4,8:09 PM,3:53,,,Vasquez 18' Pullup Jump Shot (9 PTS),83 - 102,19,5,202349,Greivis Vasquez,1610612749.0,Milwaukee,Bucks,MIL,0,0,,,,,,0,0,,,,,
0021500042,460,2,1,4,8:10 PM,3:34,MISS Carroll  3PT Jump Shot,,,,,4,201960,DeMarre Carroll,1610612761.0,Toronto,Raptors,TOR,0,0,,,,,,0,0,,,,,
0021500042,462,4,0,4,8:10 PM,3:33,Valanciunas REBOUND (Off:3 Def:4),,,,,4,202685,Jonas Valanciunas,1610612761.0,Toronto,Raptors,TOR,0,0,,,,,,0,0,,,,,
0021500042,463,2,5,4,8:10 PM,3:33,MISS Valanciunas 1' Layup,,,,,4,202685,Jonas Valanciunas,1610612761.0,Toronto,Raptors,TOR,0,0,,,,,,0,0,,,,,
0021500042,464,4,0,4,8:10 PM,3:33,RAPTORS Rebound,,,,,2,1610612761,,,,,,0,0,,,,,,0,0,,,,,
0021500042,465,6,3,4,8:10 PM,3:33,,,Monroe L.B.FOUL (P5.T2) (N.Buchert),,,5,202328,Greg Monroe,1610612749.0,Milwaukee,Bucks,MIL,4,202685,Jonas Valanciunas,1610612761.0,Toronto,Raptors,TOR,1,0,,,,,
0021500042,466,8,0,4,8:10 PM,3:33,,,SUB: Vaughn FOR Antetokounmpo,,,5,203507,Giannis Antetokounmpo,1610612749.0,Milwaukee,Bucks,MIL,5,1626173,Rashad Vaughn,1610612749.0,Milwaukee,Bucks,MIL,0,0,,,,,
0021500042,467,8,0,4,8:10 PM,3:33,,,SUB: O'Bryant III FOR Monroe,,,5,202328,Greg Monroe,1610612749.0,Milwaukee,Bucks,MIL,5,203948,Johnny O'Bryant III,1610612749.0,Milwaukee,Bucks,MIL,0,0,,,,,
0021500042,468,8,0,4,8:10 PM,3:33,,,SUB: Plumlee FOR Middleton,,,5,203114,Khris Middleton,1610612749.0,Milwaukee,Bucks,MIL,5,203101,Miles Plumlee,1610612749.0,Milwaukee,Bucks,MIL,0,0,,,,,
0021500042,469,8,0,4,8:10 PM,3:33,,,SUB: Carter-Williams FOR Vasquez,,,5,202349,Greivis Vasquez,1610612749.0,Milwaukee,Bucks,MIL,5,203487,Michael Carter-Williams,1610612749.0,Milwaukee,Bucks,MIL,0,0,,,,,
0021500042,470,8,0,4,8:10 PM,3:33,,,SUB: Inglis FOR Bayless,,,5,201573,Jerryd Bayless,1610612749.0,Milwaukee,Bucks,MIL,5,203996,Damien Inglis,1610612749.0,Milwaukee,Bucks,MIL,0,0,,,,,
0021500042,472,2,98,4,8:10 PM,3:22,MISS Carroll 3' Cutting Layup Shot,,,,,4,201960,DeMarre Carroll,1610612761.0,Toronto,Raptors,TOR,0,0,,,,,,0,0,,,,,
0021500042,473,4,0,4,8:10 PM,3:21,Valanciunas REBOUND (Off:4 Def:4),,,,,4,202685,Jonas Valanciunas,1610612761.0,Toronto,Raptors,TOR,0,0,,,,,,0,0,,,,,
0021500042,474,2,58,4,8:10 PM,3:19,MISS Valanciunas 4' Turnaround Hook Shot,,,,,4,202685,Jonas Valanciunas,1610612761.0,Toronto,Raptors,TOR,0,0,,,,,,0,0,,,,,
0021500042,475,4,0,4,8:11 PM,3:19,,,Bucks Rebound,,,3,1610612749,,,,,,0,0,,,,,,0,0,,,,,
0021500042,477,2,1,4,8:11 PM,3:00,,,MISS O'Bryant III 18' Jump Shot,,,5,203948,Johnny O'Bryant III,1610612749.0,Milwaukee,Bucks,MIL,0,0,,,,,,0,0,,,,,
0021500042,478,4,0,4,8:11 PM,3:00,Lowry REBOUND (Off:2 Def:3),,,,,4,200768,Kyle Lowry,1610612761.0,Toronto,Raptors,TOR,0,0,,,,,,0,0,,,,,
0021500042,480,1,42,4,8:11 PM,2:46,Lowry 2' Driving Layup (15 PTS),,,83 - 104,21,4,200768,Kyle Lowry,1610612761.0,Toronto,Raptors,TOR,0,0,,,,,,0,0,,,,,
0021500042,481,2,80,4,8:11 PM,2:28,,,MISS Vaughn 20' Step Back Jump Shot,,,5,1626173,Rashad Vaughn,1610612749.0,Milwaukee,Bucks,MIL,0,0,,,,,,0,0,,,,,
0021500042,482,4,0,4,8:12 PM,2:27,Patterson REBOUND (Off:0 Def:3),,,,,4,202335,Patrick Patterson,1610612761.0,Toronto,Raptors,TOR,0,0,,,,,,0,0,,,,,
0021500042,483,9,2,4,8:12 PM,2:22,RAPTORS Timeout: Short (Full 4 Short 1),,,,,2,1610612761,,,,,,0,0,,,,,,0,0,,,,,
0021500042,484,9,4,4,8:12 PM,2:22,,,,,,1,0,,,,,,0,0,,,,,,0,0,,,,,
0021500042,485,8,0,4,8:14 PM,2:22,SUB: Biyombo FOR Carroll,,,,,4,201960,DeMarre Carroll,1610612761.0,Toronto,Raptors,TOR,4,202687,Bismack Biyombo,1610612761.0,Toronto,Raptors,TOR,0,0,,,,,
0021500042,486,8,0,4,8:14 PM,2:22,SUB: Bennett FOR Valanciunas,,,,,4,202685,Jonas Valanciunas,1610612761.0,Toronto,Raptors,TOR,4,203461,Anthony Bennett,1610612761.0,Toronto,Raptors,TOR,0,0,,,,,
0021500042,487,8,0,4,8:14 PM,2:22,SUB: Johnson FOR DeRozan,,,,,4,201942,DeMar DeRozan,1610612761.0,Toronto,Raptors,TOR,4,201949,James Johnson,1610612761.0,Toronto,Raptors,TOR,0,0,,,,,
0021500042,488,8,0,4,8:14 PM,2:22,SUB: Powell FOR Lowry,,,,,4,200768,Kyle Lowry,1610612761.0,Toronto,Raptors,TOR,4,1626181,Norman Powell,1610612761.0,Toronto,Raptors,TOR,0,0,,,,,
0021500042,489,8,0,4,8:14 PM,2:22,SUB: Wright FOR Patterson,,,,,4,202335,Patrick Patterson,1610612761.0,Toronto,Raptors,TOR,4,1626153,Delon Wright,1610612761.0,Toronto,Raptors,TOR,0,0,,,,,
0021500042,492,5,1,4,8:15 PM,2:16,Wright Bad Pass Turnover (P1.T12),,Inglis STEAL (1 STL),,,4,1626153,Delon Wright,1610612761.0,Toronto,Raptors,TOR,5,203996,Damien Inglis,1610612749.0,Milwaukee,Bucks,MIL,0,0,,,,,
0021500042,493,2,41,4,8:15 PM,2:10,,,MISS Inglis 2' Running Layup,,,5,203996,Damien Inglis,1610612749.0,Milwaukee,Bucks,MIL,0,0,,,,,,0,0,,,,,
0021500042,494,4,0,4,8:15 PM,2:10,,,Bucks Rebound,,,3,1610612749,,,,,,0,0,,,,,,0,0,,,,,
0021500042,495,2,1,4,8:15 PM,2:02,,,MISS Inglis 24' 3PT Jump Shot,,,5,203996,Damien Inglis,1610612749.0,Milwaukee,Bucks,MIL,0,0,,,,,,0,0,,,,,
0021500042,496,4,0,4,8:15 PM,2:02,Wright REBOUND (Off:0 Def:1),,,,,4,1626153,Delon Wright,1610612761.0,Toronto,Raptors,TOR,0,0,,,,,,0,0,,,,,
0021500042,497,5,1,4,8:16 PM,1:50,Johnson Bad Pass Turnover (P1.T13),,Plumlee STEAL (1 STL),,,4,201949,James Johnson,1610612761.0,Toronto,Raptors,TOR,5,203101,Miles Plumlee,1610612749.0,Milwaukee,Bucks,MIL,0,0,,,,,
0021500042,498,6,2,4,8:16 PM,1:33,Biyombo S.FOUL (P4.T4) (N.Buchert),,,,,4,202687,Bismack Biyombo,1610612761.0,Toronto,Raptors,TOR,5,203487,Michael Carter-Williams,1610612749.0,Milwaukee,Bucks,MIL,1,0,,,,,
0021500042,499,3,11,4,8:16 PM,1:33,,,Carter-Williams Free Throw 1 of 2 (11 PTS),84 - 104,20,5,203487,Michael Carter-Williams,1610612749.0,Milwaukee,Bucks,MIL,0,0,,,,,,0,0,,,,,
0021500042,501,3,12,4,8:16 PM,1:33,,,Carter-Williams Free Throw 2 of 2 (12 PTS),85 - 104,19,5,203487,Michael Carter-Williams,1610612749.0,Milwaukee,Bucks,MIL,0,0,,,,,,0,0,,,,,
0021500042,503,2,42,4,8:17 PM,1:19,MISS Biyombo 4' Driving Layup,,Plumlee BLOCK (3 BLK),,,4,202687,Bismack Biyombo,1610612761.0,Toronto,Raptors,TOR,0,0,,,,,,5,203101,Miles Plumlee,1610612749.0,Milwaukee,Bucks,MIL
0021500042,504,4,0,4,8:17 PM,1:17,,,Carter-Williams REBOUND (Off:1 Def:4),,,5,203487,Michael Carter-Williams,1610612749.0,Milwaukee,Bucks,MIL,0,0,,,,,,0,0,,,,,
0021500042,505,6,2,4,8:17 PM,1:13,Bennett S.FOUL (P1.PN) (S.Foster),,,,,4,203461,Anthony Bennett,1610612761.0,Toronto,Raptors,TOR,5,203996,Damien Inglis,1610612749.0,Milwaukee,Bucks,MIL,1,0,,,,,
0021500042,506,3,11,4,8:17 PM,1:13,,,Inglis Free Throw 1 of 2 (1 PTS),86 - 104,18,5,203996,Damien Inglis,1610612749.0,Milwaukee,Bucks,MIL,0,0,,,,,,0,0,,,,,
0021500042,508,3,12,4,8:17 PM,1:13,,,Inglis Free Throw 2 of 2 (2 PTS),87 - 104,17,5,203996,Damien Inglis,1610612749.0,Milwaukee,Bucks,MIL,0,0,,,,,,0,0,,,,,
0021500042,511,5,45,4,8:18 PM,1:00,Bennett Out of Bounds - Bad Pass Turnover Turnover (P1.T14),,,,,4,203461,Anthony Bennett,1610612761.0,Toronto,Raptors,TOR,0,0,,,,,,1,0,,,,,
0021500042,512,2,1,4,8:18 PM,0:49,,,MISS Vaughn  3PT Jump Shot,,,5,1626173,Rashad Vaughn,1610612749.0,Milwaukee,Bucks,MIL,0,0,,,,,,0,0,,,,,
0021500042,513,4,0,4,8:18 PM,0:48,Bennett REBOUND (Off:0 Def:1),,,,,4,203461,Anthony Bennett,1610612761.0,Toronto,Raptors,TOR,0,0,,,,,,0,0,,,,,
0021500042,514,2,1,4,8:18 PM,0:35,MISS Wright  3PT Jump Shot,,,,,4,1626153,Delon Wright,1610612761.0,Toronto,Raptors,TOR,0,0,,,,,,0,0,,,,,
0021500042,515,4,0,4,8:18 PM,0:34,,,O'Bryant III REBOUND (Off:0 Def:4),,,5,203948,Johnny O'Bryant III,1610612749.0,Milwaukee,Bucks,MIL,0,0,,,,,,0,0,,,,,
0021500042,517,5,45,4,8:18 PM,0:26,,,Inglis Out of Bounds - Bad Pass Turnover Turnover (P1.T18),,,5,203996,Damien Inglis,1610612749.0,Milwaukee,Bucks,MIL,0,0,,,,,,1,0,,,,,
0021500042,518,2,42,4,8:19 PM,0:11,MISS Powell 1' Driving Layup,,Plumlee BLOCK (4 BLK),,,4,1626181,Norman Powell,1610612761.0,Toronto,Raptors,TOR,0,0,,,,,,5,203101,Miles Plumlee,1610612749.0,Milwaukee,Bucks,MIL
0021500042,519,4,0,4,8:19 PM,0:11,Bennett REBOUND (Off:1 Def:1),,,,,4,203461,Anthony Bennett,1610612761.0,Toronto,Raptors,TOR,0,0,,,,,,0,0,,,,,
0021500042,520,1,87,4,8:19 PM,0:10,Bennett  Putback Dunk (2 PTS),,,87 - 106,19,4,203461,Anthony Bennett,1610612761.0,Toronto,Raptors,TOR,0,0,,,,,,0,0,,,,,
0021500042,521,13,0,4,8:19 PM,0:00,,,,87 - 106,19,0,0,,,,,,0,0,,,,,,0,0,,,,,
