GAME_ID,EVENTNUM,EVENTMSGTYPE,EVENTMSGACTIONTYPE,PERIOD,WCTIMESTRING,PCTIMESTRING,HOMEDESCRIPTION,NEUTRALDESCRIPTION,VISITORDESCRIPTION,SCORE,SCOREMARGIN,PERSON1TYPE,PLAYER1_ID,PLAYER1_NAME,PLAYER1_TEAM_ID,PLAYER1_TEAM_CITY,PLAYER1_TEAM_NICKNAME,PLAYER1_TEAM_ABBREVIATION,PERSON2TYPE,PLAYER2_ID,PLAYER2_NAME,PLAYER2_TEAM_ID,PLAYER2_TEAM_CITY,PLAYER2_TEAM_NICKNAME,PLAYER2_TEAM_ABBREVIATION,PERSON3TYPE,PLAYER3_ID,PLAYER3_NAME,PLAYER3_TEAM_ID,PLAYER3_TEAM_CITY,PLAYER3_TEAM_NICKNAME,PLAYER3_TEAM_ABBREVIATION
0021500345,0,12,0,1,7:13 PM,12:00,,,,,,0,0,,,,,,0,0,,,,,,0,0,,,,,
0021500345,1,10,0,1,7:13 PM,12:00,Jump Ball Zeller vs. Johnson: Tip to Sullinger,,,,,4,203469,Cody Zeller,1610612766.0,Charlotte,Hornets,CHA,5,101161,Amir Johnson,1610612738.0,Boston,Celtics,BOS,5,203096,Jared Sullinger,1610612738.0,Boston,Celtics,BOS
0021500345,2,2,79,1,7:13 PM,11:40,,,MISS Thomas 17' Pullup Jump Shot,,,5,202738,Isaiah Thomas,1610612738.0,Boston,Celtics,BOS,0,0,,,,,,0,0,,,,,
0021500345,3,4,0,1,7:13 PM,11:39,Batum REBOUND (Off:0 Def:1),,,,,4,201587,Nicolas Batum,1610612766.0,Charlotte,Hornets,CHA,0,0,,,,,,0,0,,,,,
0021500345,4,2,1,1,7:13 PM,11:29,MISS Williams 25' 3PT Jump Shot,,,,,4,101107,Marvin Williams,1610612766.0,Charlotte,Hornets,CHA,0,0,,,,,,0,0,,,,,
0021500345,5,4,0,1,7:13 PM,11:27,,,Crowder REBOUND (Off:0 Def:1),,,5,203109,Jae Crowder,1610612738.0,Boston,Celtics,BOS,0,0,,,,,,0,0,,,,,
0021500345,6,2,1,1,7:13 PM,11:20,,,MISS Sullinger 22' Jump Shot,,,5,203096,Jared Sullinger,1610612738.0,Boston,Celtics,BOS,0,0,,,,,,0,0,,,,,
0021500345,7,4,0,1,7:13 PM,11:19,Hairston REBOUND (Off:0 Def:1),,,,,4,203798,PJ Hairston,1610612766.0,Charlotte,Hornets,CHA,0,0,,,,,,0,0,,,,,
0021500345,8,2,1,1,7:14 PM,11:10,MISS Williams 26' 3PT Jump Shot,,,,,4,101107,Marvin Williams,1610612766.0,Charlotte,Hornets,CHA,0,0,,,,,,0,0,,,,,
0021500345,9,4,0,1,7:14 PM,11:08,,,Crowder REBOUND (Off:0 Def:2),,,5,203109,Jae Crowder,1610612738.0,Boston,Celtics,BOS,0,0,,,,,,0,0,,,,,
0021500345,10,2,5,1,7:14 PM,10:55,Williams BLOCK (1 BLK),,MISS Bradley 1' Layup,,,5,202340,Avery Bradley,1610612738.0,Boston,Celtics,BOS,0,0,,,,,,4,101107,Marvin Williams,1610612766.0,Charlotte,Hornets,CHA
0021500345,11,4,0,1,7:14 PM,10:53,Zeller REBOUND (Off:0 Def:1),,,,,4,203469,Cody Zeller,1610612766.0,Charlotte,Hornets,CHA,0,0,,,,,,0,0,,,,,
0021500345,13,2,80,1,7:14 PM,10:41,MISS Zeller 13' Step Back Jump Shot,,,,,4,203469,Cody Zeller,1610612766.0,Charlotte,Hornets,CHA,0,0,,,,,,0,0,,,,,
0021500345,14,4,0,1,7:14 PM,10:40,,,Johnson REBOUND (Off:0 Def:1),,,5,101161,Amir Johnson,1610612738.0,Boston,Celtics,BOS,0,0,,,,,,0,0,,,,,
0021500345,15,1,79,1,7:14 PM,10:30,,,Bradley 20' Pullup Jump Shot (2 PTS),2 - 0,-2,5,202340,Avery Bradley,1610612738.0,Boston,Celtics,BOS,0,0,,,,,,0,0,,,,,
0021500345,16,2,79,1,7:15 PM,10:09,MISS Walker 15' Pullup Jump Shot,,,,,4,202689,Kemba Walker,1610612766.0,Charlotte,Hornets,CHA,0,0,,,,,,0,0,,,,,
0021500345,17,4,0,1,7:15 PM,10:08,,,Johnson REBOUND (Off:0 Def:2),,,5,101161,Amir Johnson,1610612738.0,Boston,Celtics,BOS,0,0,,,,,,0,0,,,,,
0021500345,18,2,1,1,7:15 PM,9:57,,,MISS Bradley 24' 3PT Jump Shot,,,5,202340,Avery Bradley,1610612738.0,Boston,Celtics,BOS,0,0,,,,,,0,0,,,,,
0021500345,19,4,0,1,7:15 PM,9:56,Batum REBOUND (Off:0 Def:2),,,,,4,201587,Nicolas Batum,1610612766.0,Charlotte,Hornets,CHA,0,0,,,,,,0,0,,,,,
0021500345,20,2,1,1,7:15 PM,9:51,MISS Hairston  3PT Jump Shot,,,,,4,203798,PJ Hairston,1610612766.0,Charlotte,Hornets,CHA,0,0,,,,,,0,0,,,,,
0021500345,21,4,0,1,7:15 PM,9:48,,,Sullinger REBOUND (Off:0 Def:1),,,5,203096,Jared Sullinger,1610612738.0,Boston,Celtics,BOS,0,0,,,,,,0,0,,,,,
0021500345,22,2,1,1,7:15 PM,9:42,,,MISS Thomas 24' 3PT Jump Shot,,,5,202738,Isaiah Thomas,1610612738.0,Boston,Celtics,BOS,0,0,,,,,,0,0,,,,,
0021500345,23,4,0,1,7:15 PM,9:40,Batum REBOUND (Off:0 Def:3),,,,,4,201587,Nicolas Batum,1610612766.0,Charlotte,Hornets,CHA,0,0,,,,,,0,0,,,,,
0021500345,24,2,1,1,7:16 PM,9:29,MISS Williams 25' 3PT Jump Shot,,,,,4,101107,Marvin Williams,1610612766.0,Charlotte,Hornets,CHA,0,0,,,,,,0,0,,,,,
0021500345,25,4,0,1,7:16 PM,9:28,,,Thomas REBOUND (Off:0 Def:1),,,5,202738,Isaiah Thomas,1610612738.0,Boston,Celtics,BOS,0,0,,,,,,0,0,,,,,
0021500345,26,1,57,1,7:16 PM,9:07,,,Sullinger 8' Driving Hook Shot (2 PTS),4 - 0,-4,5,203096,Jared Sullinger,1610612738.0,Boston,Celtics,BOS,0,0,,,,,,0,0,,,,,
0021500345,27,2,1,1,7:16 PM,8:46,MISS Batum 25' 3PT Jump Shot,,,,,4,201587,Nicolas Batum,1610612766.0,Charlotte,Hornets,CHA,0,0,,,,,,0,0,,,,,
0021500345,28,4,0,1,7:16 PM,8:46,,,Celtics Rebound,,,3,1610612738,,,,,,0,0,,,,,,0,0,,,,,
0021500345,29,1,1,1,7:17 PM,8:23,,,Bradley 22' Jump Shot (4 PTS),6 - 0,-6,5,202340,Avery Bradley,1610612738.0,Boston,Celtics,BOS,0,0,,,,,,0,0,,,,,
0021500345,31,6,1,1,7:17 PM,8:06,,,Crowder P.FOUL (P1.T1) (D.Crawford),,,5,203109,Jae Crowder,1610612738.0,Boston,Celtics,BOS,4,201587,Nicolas Batum,1610612766.0,Charlotte,Hornets,CHA,1,0,,,,,
0021500345,32,2,1,1,7:17 PM,7:59,MISS Batum 24' 3PT Jump Shot,,,,,4,201587,Nicolas Batum,1610612766.0,Charlotte,Hornets,CHA,0,0,,,,,,0,0,,,,,
0021500345,33,4,0,1,7:18 PM,7:59,,,Celtics Rebound,,,3,1610612738,,,,,,0,0,,,,,,0,0,,,,,
0021500345,34,2,1,1,7:18 PM,7:46,,,MISS Crowder 25' 3PT Jump Shot,,,5,203109,Jae Crowder,1610612738.0,Boston,Celtics,BOS,0,0,,,,,,0,0,,,,,
0021500345,35,4,0,1,7:18 PM,7:45,Hairston REBOUND (Off:0 Def:2),,,,,4,203798,PJ Hairston,1610612766.0,Charlotte,Hornets,CHA,0,0,,,,,,0,0,,,,,
0021500345,36,1,1,1,7:18 PM,7:34,Batum 17' Jump Shot (2 PTS) (Walker 1 AST),,,6 - 2,-4,4,201587,Nicolas Batum,1610612766.0,Charlotte,Hornets,CHA,4,202689,Kemba Walker,1610612766.0,Charlotte,Hornets,CHA,0,0,,,,,
0021500345,37,2,42,1,7:18 PM,7:17,,,MISS Crowder 2' Driving Layup,,,5,203109,Jae Crowder,1610612738.0,Boston,Celtics,BOS,0,0,,,,,,0,0,,,,,
0021500345,38,4,0,1,7:18 PM,7:15,Williams REBOUND (Off:0 Def:1),,,,,4,101107,Marvin Williams,1610612766.0,Charlotte,Hornets,CHA,0,0,,,,,,0,0,,,,,
0021500345,39,5,1,1,7:19 PM,7:07,Batum Bad Pass Turnover (P1.T1),,Johnson STEAL (1 STL),,,4,201587,Nicolas Batum,1610612766.0,Charlotte,Hornets,CHA,5,101161,Amir Johnson,1610612738.0,Boston,Celtics,BOS,0,0,,,,,
0021500345,40,1,1,1,7:19 PM,6:59,,,Crowder  3PT Jump Shot (3 PTS) (Thomas 1 AST),9 - 2,-7,5,203109,Jae Crowder,1610612738.0,Boston,Celtics,BOS,5,202738,Isaiah Thomas,1610612738.0,Boston,Celtics,BOS,0,0,,,,,
0021500345,41,2,1,1,7:19 PM,6:41,MISS Walker 20' Jump Shot,,,,,4,202689,Kemba Walker,1610612766.0,Charlotte,Hornets,CHA,0,0,,,,,,0,0,,,,,
0021500345,42,4,0,1,7:19 PM,6:40,,,Sullinger REBOUND (Off:0 Def:2),,,5,203096,Jared Sullinger,1610612738.0,Boston,Celtics,BOS,0,0,,,,,,0,0,,,,,
0021500345,43,2,5,1,7:19 PM,6:36,Hairston BLOCK (1 BLK),,MISS Thomas 2' Layup,,,5,202738,Isaiah Thomas,1610612738.0,Boston,Celtics,BOS,0,0,,,,,,4,203798,PJ Hairston,1610612766.0,Charlotte,Hornets,CHA
0021500345,44,4,0,1,7:19 PM,6:36,,,Celtics Rebound,,,3,1610612738,,,,,,0,0,,,,,,0,0,,,,,
0021500345,45,1,1,1,7:19 PM,6:30,,,Bradley 18' Jump Shot (6 PTS) (Thomas 2 AST),11 - 2,-9,5,202340,Avery Bradley,1610612738.0,Boston,Celtics,BOS,5,202738,Isaiah Thomas,1610612738.0,Boston,Celtics,BOS,0,0,,,,,
0021500345,46,1,1,1,7:20 PM,6:14,Walker 19' Jump Shot (2 PTS) (Zeller 1 AST),,,11 - 4,-7,4,202689,Kemba Walker,1610612766.0,Charlotte,Hornets,CHA,4,203469,Cody Zeller,1610612766.0,Charlotte,Hornets,CHA,0,0,,,,,
0021500345,47,2,1,1,7:20 PM,6:03,,,MISS Crowder 25' 3PT Jump Shot,,,5,203109,Jae Crowder,1610612738.0,Boston,Celtics,BOS,0,0,,,,,,0,0,,,,,
0021500345,48,4,0,1,7:20 PM,5:58,Zeller REBOUND (Off:0 Def:2),,,,,4,203469,Cody Zeller,1610612766.0,Charlotte,Hornets,CHA,0,0,,,,,,0,0,,,,,
0021500345,49,1,1,1,7:20 PM,5:49,Hairston 26' 3PT Jump Shot (3 PTS) (Batum 1 AST),,,11 - 7,-4,4,203798,PJ Hairston,1610612766.0,Charlotte,Hornets,CHA,4,201587,Nicolas Batum,1610612766.0,Charlotte,Hornets,CHA,0,0,,,,,
0021500345,50,2,1,1,7:20 PM,5:32,,,MISS Sullinger 20' Jump Shot,,,5,203096,Jared Sullinger,1610612738.0,Boston,Celtics,BOS,0,0,,,,,,0,0,,,,,
0021500345,51,4,0,1,7:20 PM,5:31,Hairston REBOUND (Off:0 Def:3),,,,,4,203798,PJ Hairston,1610612766.0,Charlotte,Hornets,CHA,0,0,,,,,,0,0,,,,,
0021500345,52,1,1,1,7:21 PM,5:21,Batum 17' Jump Shot (4 PTS),,,11 - 9,-2,4,201587,Nicolas Batum,1610612766.0,Charlotte,Hornets,CHA,0,0,,,,,,0,0,,,,,
0021500345,53,9,1,1,7:21 PM,5:21,,,Celtics Timeout: Regular (Reg.1 Short 0),,,3,1610612738,,,,,,0,0,,,,,,0,0,,,,,
0021500345,55,8,0,1,7:23 PM,5:21,,,SUB: Turner FOR Crowder,,,5,203109,Jae Crowder,1610612738.0,Boston,Celtics,BOS,5,202323,Evan Turner,1610612738.0,Boston,Celtics,BOS,0,0,,,,,
0021500345,56,8,0,1,7:23 PM,5:21,,,SUB: Jerebko FOR Sullinger,,,5,203096,Jared Sullinger,1610612738.0,Boston,Celtics,BOS,5,201973,Jonas Jerebko,1610612738.0,Boston,Celtics,BOS,0,0,,,,,
0021500345,57,8,0,1,7:23 PM,5:21,,,SUB: Olynyk FOR Thomas,,,5,202738,Isaiah Thomas,1610612738.0,Boston,Celtics,BOS,5,203482,Kelly Olynyk,1610612738.0,Boston,Celtics,BOS,0,0,,,,,
0021500345,58,8,0,1,7:23 PM,5:21,SUB: Kaminsky FOR Williams,,,,,4,101107,Marvin Williams,1610612766.0,Charlotte,Hornets,CHA,4,1626163,Frank Kaminsky,1610612766.0,Charlotte,Hornets,CHA,0,0,,,,,
0021500345,59,2,1,1,7:23 PM,5:07,,,MISS Bradley 18' Jump Shot,,,5,202340,Avery Bradley,1610612738.0,Boston,Celtics,BOS,0,0,,,,,,0,0,,,,,
0021500345,60,4,0,1,7:23 PM,5:05,Walker REBOUND (Off:0 Def:1),,,,,4,202689,Kemba Walker,1610612766.0,Charlotte,Hornets,CHA,0,0,,,,,,0,0,,,,,
0021500345,61,2,1,1,7:23 PM,5:00,MISS Hairston 25' 3PT Jump Shot,,,,,4,203798,PJ Hairston,1610612766.0,Charlotte,Hornets,CHA,0,0,,,,,,0,0,,,,,
0021500345,62,4,0,1,7:24 PM,4:59,HORNETS Rebound,,,,,2,1610612766,,,,,,0,0,,,,,,0,0,,,,,
0021500345,63,6,3,1,7:24 PM,4:59,,,Jerebko L.B.FOUL (P1.T2) (B.Barnaky),,,5,201973,Jonas Jerebko,1610612738.0,Boston,Celtics,BOS,4,203469,Cody Zeller,1610612766.0,Charlotte,Hornets,CHA,1,0,,,,,
0021500345,64,2,1,1,7:24 PM,4:53,MISS Batum 25' 3PT Jump Shot,,,,,4,201587,Nicolas Batum,1610612766.0,Charlotte,Hornets,CHA,0,0,,,,,,0,0,,,,,
0021500345,65,4,0,1,7:24 PM,4:51,,,Turner REBOUND (Off:0 Def:1),,,5,202323,Evan Turner,1610612738.0,Boston,Celtics,BOS,0,0,,,,,,0,0,,,,,
0021500345,66,2,80,1,7:24 PM,4:36,,,MISS Olynyk 15' Step Back Jump Shot,,,5,203482,Kelly Olynyk,1610612738.0,Boston,Celtics,BOS,0,0,,,,,,0,0,,,,,
0021500345,67,4,0,1,7:24 PM,4:36,,,Celtics Rebound,,,3,1610612738,,,,,,0,0,,,,,,0,0,,,,,
0021500345,68,6,3,1,7:24 PM,4:36,Zeller L.B.FOUL (P1.T1) (D.Crawford),,,,,4,203469,Cody Zeller,1610612766.0,Charlotte,Hornets,CHA,5,101161,Amir Johnson,1610612738.0,Boston,Celtics,BOS,1,0,,,,,
0021500345,69,6,4,1,7:25 PM,4:27,,,Jerebko OFF.Foul (P2) (B.Barnaky),,,5,201973,Jonas Jerebko,1610612738.0,Boston,Celtics,BOS,4,203798,PJ Hairston,1610612766.0,Charlotte,Hornets,CHA,1,0,,,,,
0021500345,70,5,5,1,7:25 PM,4:27,,,Jerebko Foul Turnover (P1.T1),,,5,201973,Jonas Jerebko,1610612738.0,Boston,Celtics,BOS,0,0,,,,,,1,0,,,,,
0021500345,71,2,1,1,7:25 PM,4:12,MISS Hairston 17' Jump Shot,,,,,4,203798,PJ Hairston,1610612766.0,Charlotte,Hornets,CHA,0,0,,,,,,0,0,,,,,
0021500345,72,4,0,1,7:25 PM,4:11,,,Johnson REBOUND (Off:0 Def:3),,,5,101161,Amir Johnson,1610612738.0,Boston,Celtics,BOS,0,0,,,,,,0,0,,,,,
0021500345,73,1,108,1,7:26 PM,3:57,,,Johnson  Cutting Dunk Shot (2 PTS) (Bradley 1 AST),13 - 9,-4,5,101161,Amir Johnson,1610612738.0,Boston,Celtics,BOS,5,202340,Avery Bradley,1610612738.0,Boston,Celtics,BOS,0,0,,,,,
0021500345,74,2,1,1,7:26 PM,3:39,MISS Batum 20' Jump Shot,,,,,4,201587,Nicolas Batum,1610612766.0,Charlotte,Hornets,CHA,0,0,,,,,,0,0,,,,,
0021500345,75,4,0,1,7:26 PM,3:37,,,Olynyk REBOUND (Off:0 Def:1),,,5,203482,Kelly Olynyk,1610612738.0,Boston,Celtics,BOS,0,0,,,,,,0,0,,,,,
0021500345,76,2,42,1,7:26 PM,3:17,,,MISS Olynyk 1' Driving Layup,,,5,203482,Kelly Olynyk,1610612738.0,Boston,Celtics,BOS,0,0,,,,,,0,0,,,,,
0021500345,77,4,0,1,7:26 PM,3:16,,,Celtics Rebound,,,3,1610612738,,,,,,0,0,,,,,,0,0,,,,,
0021500345,78,8,0,1,7:26 PM,3:16,SUB: Lin FOR Hairston,,,,,4,203798,PJ Hairston,1610612766.0,Charlotte,Hornets,CHA,4,202391,Jeremy Lin,1610612766.0,Charlotte,Hornets,CHA,0,0,,,,,
0021500345,79,2,3,1,7:27 PM,3:11,,,MISS Jerebko 9' Hook Shot,,,5,201973,Jonas Jerebko,1610612738.0,Boston,Celtics,BOS,0,0,,,,,,0,0,,,,,
0021500345,80,4,0,1,7:27 PM,3:11,HORNETS Rebound,,,,,2,1610612766,,,,,,0,0,,,,,,0,0,,,,,
0021500345,81,1,1,1,7:27 PM,2:54,Kaminsky 24' 3PT Jump Shot (3 PTS) (Walker 2 AST),,,13 - 12,-1,4,1626163,Frank Kaminsky,1610612766.0,Charlotte,Hornets,CHA,4,202689,Kemba Walker,1610612766.0,Charlotte,Hornets,CHA,0,0,,,,,
0021500345,82,6,17,1,7:27 PM,2:41,HORNETS T.Foul (Def. 3 Sec Walker ) (D.Crawford),,,,,4,202689,Kemba Walker,1610612766.0,Charlotte,Hornets,CHA,0,0,,,,,,1,0,,,,,
0021500345,83,9,1,1,7:28 PM,2:41,HORNETS Timeout: Regular (Full 1 Short 0),,,,,2,1610612766,,,,,,0,0,,,,,,0,0,,,,,
0021500345,85,8,0,1,7:30 PM,2:41,,,SUB: Lee FOR Johnson,,,5,101161,Amir Johnson,1610612738.0,Boston,Celtics,BOS,5,101135,David Lee,1610612738.0,Boston,Celtics,BOS,0,0,,,,,
0021500345,86,8,0,1,7:30 PM,2:41,SUB: Hawes FOR Zeller,,,,,4,203469,Cody Zeller,1610612766.0,Charlotte,Hornets,CHA,4,201150,Spencer Hawes,1610612766.0,Charlotte,Hornets,CHA,0,0,,,,,
0021500345,87,3,16,1,7:30 PM,2:41,,,Bradley Free Throw Technical (7 PTS),14 - 12,-2,5,202340,Avery Bradley,1610612738.0,Boston,Celtics,BOS,0,0,,,,,,0,0,,,,,
0021500345,89,2,5,1,7:31 PM,2:33,Kaminsky BLOCK (1 BLK),,MISS Lee 2' Layup,,,5,101135,David Lee,1610612738.0,Boston,Celtics,BOS,0,0,,,,,,4,1626163,Frank Kaminsky,1610612766.0,Charlotte,Hornets,CHA
0021500345,91,4,0,1,7:31 PM,2:31,,,Lee REBOUND (Off:1 Def:0),,,5,101135,David Lee,1610612738.0,Boston,Celtics,BOS,0,0,,,,,,0,0,,,,,
0021500345,90,1,5,1,7:31 PM,2:31,,,Lee 1' Layup (2 PTS),16 - 12,-4,5,101135,David Lee,1610612738.0,Boston,Celtics,BOS,0,0,,,,,,0,0,,,,,
0021500345,92,1,1,1,7:31 PM,2:14,Walker 28' 3PT Jump Shot (5 PTS) (Kaminsky 1 AST),,,16 - 15,-1,4,202689,Kemba Walker,1610612766.0,Charlotte,Hornets,CHA,4,1626163,Frank Kaminsky,1610612766.0,Charlotte,Hornets,CHA,0,0,,,,,
0021500345,93,2,1,1,7:31 PM,1:54,,,MISS Turner 25' 3PT Jump Shot,,,5,202323,Evan Turner,1610612738.0,Boston,Celtics,BOS,0,0,,,,,,0,0,,,,,
0021500345,94,4,0,1,7:31 PM,1:53,Batum REBOUND (Off:0 Def:4),,,,,4,201587,Nicolas Batum,1610612766.0,Charlotte,Hornets,CHA,0,0,,,,,,0,0,,,,,
0021500345,95,1,42,1,7:31 PM,1:39,Lin 1' Driving Layup (2 PTS),,,16 - 17,1,4,202391,Jeremy Lin,1610612766.0,Charlotte,Hornets,CHA,0,0,,,,,,0,0,,,,,
0021500345,96,2,1,1,7:32 PM,1:23,,,MISS Olynyk 25' 3PT Jump Shot,,,5,203482,Kelly Olynyk,1610612738.0,Boston,Celtics,BOS,0,0,,,,,,0,0,,,,,
0021500345,97,4,0,1,7:32 PM,1:21,Hawes REBOUND (Off:0 Def:1),,,,,4,201150,Spencer Hawes,1610612766.0,Charlotte,Hornets,CHA,0,0,,,,,,0,0,,,,,
0021500345,98,5,1,1,7:32 PM,1:13,Batum Bad Pass Turnover (P2.T2),,,,,4,201587,Nicolas Batum,1610612766.0,Charlotte,Hornets,CHA,0,0,,,,,,0,0,,,,,
0021500345,99,8,0,1,7:32 PM,1:13,SUB: Lamb FOR Batum,,,,,4,201587,Nicolas Batum,1610612766.0,Charlotte,Hornets,CHA,4,203087,Jeremy Lamb,1610612766.0,Charlotte,Hornets,CHA,0,0,,,,,
0021500345,100,2,3,1,7:32 PM,0:52,,,MISS Lee 10' Hook Shot,,,5,101135,David Lee,1610612738.0,Boston,Celtics,BOS,0,0,,,,,,0,0,,,,,
0021500345,101,4,0,1,7:33 PM,0:51,Lin REBOUND (Off:0 Def:1),,,,,4,202391,Jeremy Lin,1610612766.0,Charlotte,Hornets,CHA,0,0,,,,,,0,0,,,,,
0021500345,102,2,1,1,7:33 PM,0:28,MISS Lamb 9' Jump Shot,,,,,4,203087,Jeremy Lamb,1610612766.0,Charlotte,Hornets,CHA,0,0,,,,,,0,0,,,,,
0021500345,103,4,0,1,7:33 PM,0:27,,,Turner REBOUND (Off:0 Def:2),,,5,202323,Evan Turner,1610612738.0,Boston,Celtics,BOS,0,0,,,,,,0,0,,,,,
0021500345,104,2,1,1,7:33 PM,0:20,,,MISS Turner 11' Jump Shot,,,5,202323,Evan Turner,1610612738.0,Boston,Celtics,BOS,0,0,,,,,,0,0,,,,,
0021500345,105,4,0,1,7:33 PM,0:18,,,Jerebko REBOUND (Off:1 Def:0),,,5,201973,Jonas Jerebko,1610612738.0,Boston,Celtics,BOS,0,0,,,,,,0,0,,,,,
0021500345,106,6,1,1,7:33 PM,0:05,Lin P.FOUL (P1.T2) (D.Crawford),,,,,4,202391,Jeremy Lin,1610612766.0,Charlotte,Hornets,CHA,5,202323,Evan Turner,1610612738.0,Boston,Celtics,BOS,1,0,,,,,
0021500345,107,2,1,1,7:34 PM,0:01,,,MISS Olynyk 20' Jump Shot,,,5,203482,Kelly Olynyk,1610612738.0,Boston,Celtics,BOS,0,0,,,,,,0,0,,,,,
0021500345,108,4,0,1,7:34 PM,0:00,Lin REBOUND (Off:0 Def:2),,,,,4,202391,Jeremy Lin,1610612766.0,Charlotte,Hornets,CHA,0,0,,,,,,0,0,,,,,
0021500345,109,13,0,1,7:34 PM,0:00,,,,16 - 17,1,0,0,,,,,,0,0,,,,,,0,0,,,,,
0021500345,111,12,0,2,7:36 PM,12:00,,,,16 - 17,1,0,0,,,,,,0,0,,,,,,0,0,,,,,
0021500345,112,2,5,2,7:37 PM,11:41,MISS Hairston 1' Layup,,Lee BLOCK (1 BLK),,,4,203798,PJ Hairston,1610612766.0,Charlotte,Hornets,CHA,0,0,,,,,,5,101135,David Lee,1610612738.0,Boston,Celtics,BOS
0021500345,113,4,0,2,7:37 PM,11:39,,,Young REBOUND (Off:0 Def:1),,,5,203923,James Young,1610612738.0,Boston,Celtics,BOS,0,0,,,,,,0,0,,,,,
0021500345,114,1,5,2,7:37 PM,11:35,,,Olynyk 1' Layup (2 PTS) (Turner 1 AST),18 - 17,-1,5,203482,Kelly Olynyk,1610612738.0,Boston,Celtics,BOS,5,202323,Evan Turner,1610612738.0,Boston,Celtics,BOS,0,0,,,,,
0021500345,115,1,42,2,7:37 PM,11:21,Lin 1' Driving Layup (4 PTS),,,18 - 19,1,4,202391,Jeremy Lin,1610612766.0,Charlotte,Hornets,CHA,0,0,,,,,,0,0,,,,,
0021500345,116,1,98,2,7:37 PM,11:02,,,Lee 2' Cutting Layup Shot (4 PTS) (Thomas 3 AST),20 - 19,-1,5,101135,David Lee,1610612738.0,Boston,Celtics,BOS,5,202738,Isaiah Thomas,1610612738.0,Boston,Celtics,BOS,0,0,,,,,
0021500345,117,2,42,2,7:38 PM,10:50,MISS Lin 1' Driving Layup,,,,,4,202391,Jeremy Lin,1610612766.0,Charlotte,Hornets,CHA,0,0,,,,,,0,0,,,,,
0021500345,119,4,0,2,7:38 PM,10:49,Hawes REBOUND (Off:1 Def:1),,,,,4,201150,Spencer Hawes,1610612766.0,Charlotte,Hornets,CHA,0,0,,,,,,0,0,,,,,
0021500345,118,1,97,2,7:38 PM,10:49,Hawes  Tip Layup Shot (2 PTS),,,20 - 21,1,4,201150,Spencer Hawes,1610612766.0,Charlotte,Hornets,CHA,0,0,,,,,,0,0,,,,,
0021500345,120,2,1,2,7:38 PM,10:32,,,MISS Olynyk 20' Jump Shot,,,5,203482,Kelly Olynyk,1610612738.0,Boston,Celtics,BOS,0,0,,,,,,0,0,,,,,
0021500345,121,4,0,2,7:38 PM,10:31,Hawes REBOUND (Off:1 Def:2),,,,,4,201150,Spencer Hawes,1610612766.0,Charlotte,Hornets,CHA,0,0,,,,,,0,0,,,,,
0021500345,122,2,1,2,7:38 PM,10:23,MISS Lamb 27' 3PT Jump Shot,,,,,4,203087,Jeremy Lamb,1610612766.0,Charlotte,Hornets,CHA,0,0,,,,,,0,0,,,,,
0021500345,123,4,0,2,7:38 PM,10:22,,,Olynyk REBOUND (Off:0 Def:2),,,5,203482,Kelly Olynyk,1610612738.0,Boston,Celtics,BOS,0,0,,,,,,0,0,,,,,
0021500345,124,1,5,2,7:38 PM,10:08,,,Lee 1' Layup (6 PTS),22 - 21,-1,5,101135,David Lee,1610612738.0,Boston,Celtics,BOS,0,0,,,,,,0,0,,,,,
0021500345,125,1,1,2,7:39 PM,9:53,Hawes 25' 3PT Jump Shot (5 PTS) (Kaminsky 2 AST),,,22 - 24,2,4,201150,Spencer Hawes,1610612766.0,Charlotte,Hornets,CHA,4,1626163,Frank Kaminsky,1610612766.0,Charlotte,Hornets,CHA,0,0,,,,,
0021500345,126,2,1,2,7:39 PM,9:37,,,MISS Lee 18' Jump Shot,,,5,101135,David Lee,1610612738.0,Boston,Celtics,BOS,0,0,,,,,,0,0,,,,,
0021500345,127,4,0,2,7:39 PM,9:36,Lamb REBOUND (Off:0 Def:1),,,,,4,203087,Jeremy Lamb,1610612766.0,Charlotte,Hornets,CHA,0,0,,,,,,0,0,,,,,
0021500345,128,2,1,2,7:39 PM,9:25,MISS Lamb 26' 3PT Jump Shot,,,,,4,203087,Jeremy Lamb,1610612766.0,Charlotte,Hornets,CHA,0,0,,,,,,0,0,,,,,
0021500345,129,4,0,2,7:39 PM,9:24,,,Celtics Rebound,,,3,1610612738,,,,,,0,0,,,,,,0,0,,,,,
0021500345,130,2,63,2,7:40 PM,9:06,,,MISS Olynyk 10' Fadeaway Jumper,,,5,203482,Kelly Olynyk,1610612738.0,Boston,Celtics,BOS,0,0,,,,,,0,0,,,,,
0021500345,131,4,0,2,7:40 PM,9:05,Hawes REBOUND (Off:1 Def:3),,,,,4,201150,Spencer Hawes,1610612766.0,Charlotte,Hornets,CHA,0,0,,,,,,0,0,,,,,
0021500345,132,5,2,2,7:40 PM,8:53,Kaminsky Lost Ball Turnover (P1.T3),,Turner STEAL (1 STL),,,4,1626163,Frank Kaminsky,1610612766.0,Charlotte,Hornets,CHA,5,202323,Evan Turner,1610612738.0,Boston,Celtics,BOS,0,0,,,,,
0021500345,133,6,26,2,7:40 PM,8:49,,,Olynyk Offensive Charge Foul (P1.T1) (D.Crawford),,,5,203482,Kelly Olynyk,1610612738.0,Boston,Celtics,BOS,4,202391,Jeremy Lin,1610612766.0,Charlotte,Hornets,CHA,1,0,,,,,
0021500345,134,5,5,2,7:40 PM,8:49,,,Olynyk Foul Turnover (P1.T2),,,5,203482,Kelly Olynyk,1610612738.0,Boston,Celtics,BOS,0,0,,,,,,1,0,,,,,
0021500345,135,9,4,2,7:40 PM,8:49,,,,,,1,0,,,,,,0,0,,,,,,0,0,,,,,
0021500345,137,8,0,2,7:42 PM,8:49,,,SUB: Crowder FOR Olynyk,,,5,203482,Kelly Olynyk,1610612738.0,Boston,Celtics,BOS,5,203109,Jae Crowder,1610612738.0,Boston,Celtics,BOS,0,0,,,,,
0021500345,139,5,1,2,7:43 PM,8:37,Hawes Bad Pass Turnover (P1.T4),,,,,4,201150,Spencer Hawes,1610612766.0,Charlotte,Hornets,CHA,0,0,,,,,,0,0,,,,,
0021500345,140,2,1,2,7:43 PM,8:25,,,MISS Crowder 25' 3PT Jump Shot,,,5,203109,Jae Crowder,1610612738.0,Boston,Celtics,BOS,0,0,,,,,,0,0,,,,,
0021500345,141,4,0,2,7:43 PM,8:24,Hawes REBOUND (Off:1 Def:4),,,,,4,201150,Spencer Hawes,1610612766.0,Charlotte,Hornets,CHA,0,0,,,,,,0,0,,,,,
0021500345,142,1,1,2,7:43 PM,8:02,Hairston 25' 3PT Jump Shot (6 PTS) (Lamb 1 AST),,,22 - 27,5,4,203798,PJ Hairston,1610612766.0,Charlotte,Hornets,CHA,4,203087,Jeremy Lamb,1610612766.0,Charlotte,Hornets,CHA,0,0,,,,,
0021500345,143,2,1,2,7:44 PM,7:46,,,MISS Thomas 25' 3PT Jump Shot,,,5,202738,Isaiah Thomas,1610612738.0,Boston,Celtics,BOS,0,0,,,,,,0,0,,,,,
0021500345,144,4,0,2,7:44 PM,7:45,Kaminsky REBOUND (Off:0 Def:1),,,,,4,1626163,Frank Kaminsky,1610612766.0,Charlotte,Hornets,CHA,0,0,,,,,,0,0,,,,,
0021500345,145,1,1,2,7:44 PM,7:35,Hawes 25' 3PT Jump Shot (8 PTS) (Lamb 2 AST),,,22 - 30,8,4,201150,Spencer Hawes,1610612766.0,Charlotte,Hornets,CHA,4,203087,Jeremy Lamb,1610612766.0,Charlotte,Hornets,CHA,0,0,,,,,
0021500345,146,1,1,2,7:44 PM,7:18,,,Crowder 17' Jump Shot (5 PTS),24 - 30,6,5,203109,Jae Crowder,1610612738.0,Boston,Celtics,BOS,0,0,,,,,,0,0,,,,,
0021500345,147,2,1,2,7:45 PM,6:50,MISS Lamb 5' Jump Shot,,Young BLOCK (1 BLK),,,4,203087,Jeremy Lamb,1610612766.0,Charlotte,Hornets,CHA,0,0,,,,,,5,203923,James Young,1610612738.0,Boston,Celtics,BOS
0021500345,148,4,0,2,7:45 PM,6:48,,,Crowder REBOUND (Off:0 Def:3),,,5,203109,Jae Crowder,1610612738.0,Boston,Celtics,BOS,0,0,,,,,,0,0,,,,,
0021500345,149,1,106,2,7:45 PM,6:45,,,Lee  Running Alley Oop Dunk Shot (8 PTS) (Turner 2 AST),26 - 30,4,5,101135,David Lee,1610612738.0,Boston,Celtics,BOS,5,202323,Evan Turner,1610612738.0,Boston,Celtics,BOS,0,0,,,,,
0021500345,151,8,0,2,7:45 PM,6:30,SUB: Williams FOR Kaminsky,,,,,4,1626163,Frank Kaminsky,1610612766.0,Charlotte,Hornets,CHA,4,101107,Marvin Williams,1610612766.0,Charlotte,Hornets,CHA,0,0,,,,,
0021500345,152,9,1,2,7:45 PM,6:30,HORNETS Timeout: Regular (Full 2 Short 0),,,,,2,1610612766,,,,,,0,0,,,,,,0,0,,,,,
0021500345,155,8,0,2,7:48 PM,6:30,SUB: Batum FOR Hairston,,,,,4,203798,PJ Hairston,1610612766.0,Charlotte,Hornets,CHA,4,201587,Nicolas Batum,1610612766.0,Charlotte,Hornets,CHA,0,0,,,,,
0021500345,156,2,1,2,7:48 PM,6:18,MISS Lin 19' Jump Shot,,,,,4,202391,Jeremy Lin,1610612766.0,Charlotte,Hornets,CHA,0,0,,,,,,0,0,,,,,
0021500345,157,4,0,2,7:48 PM,6:16,,,Lee REBOUND (Off:1 Def:1),,,5,101135,David Lee,1610612738.0,Boston,Celtics,BOS,0,0,,,,,,0,0,,,,,
0021500345,158,2,58,2,7:49 PM,6:00,,,MISS Lee 10' Turnaround Hook Shot,,,5,101135,David Lee,1610612738.0,Boston,Celtics,BOS,0,0,,,,,,0,0,,,,,
0021500345,159,4,0,2,7:49 PM,5:59,Williams REBOUND (Off:0 Def:2),,,,,4,101107,Marvin Williams,1610612766.0,Charlotte,Hornets,CHA,0,0,,,,,,0,0,,,,,
0021500345,160,7,5,2,7:49 PM,5:46,,,Turner Violation:Kicked Ball (B.Barnaky),,,5,202323,Evan Turner,1610612738.0,Boston,Celtics,BOS,0,0,,,,,,1,0,,,,,
0021500345,161,8,0,2,7:49 PM,5:46,SUB: Walker FOR Lamb,,,,,4,203087,Jeremy Lamb,1610612766.0,Charlotte,Hornets,CHA,4,202689,Kemba Walker,1610612766.0,Charlotte,Hornets,CHA,0,0,,,,,
0021500345,162,8,0,2,7:49 PM,5:46,SUB: Zeller FOR Hawes,,,,,4,201150,Spencer Hawes,1610612766.0,Charlotte,Hornets,CHA,4,203469,Cody Zeller,1610612766.0,Charlotte,Hornets,CHA,0,0,,,,,
0021500345,163,8,0,2,7:49 PM,5:46,,,SUB: Sullinger FOR Turner,,,5,202323,Evan Turner,1610612738.0,Boston,Celtics,BOS,5,203096,Jared Sullinger,1610612738.0,Boston,Celtics,BOS,0,0,,,,,
0021500345,164,2,1,2,7:49 PM,5:40,MISS Lin 25' 3PT Jump Shot,,,,,4,202391,Jeremy Lin,1610612766.0,Charlotte,Hornets,CHA,0,0,,,,,,0,0,,,,,
0021500345,165,4,0,2,7:49 PM,5:39,,,Sullinger REBOUND (Off:0 Def:3),,,5,203096,Jared Sullinger,1610612738.0,Boston,Celtics,BOS,0,0,,,,,,0,0,,,,,
0021500345,166,1,79,2,7:50 PM,5:27,,,Thomas 18' Pullup Jump Shot (2 PTS),28 - 30,2,5,202738,Isaiah Thomas,1610612738.0,Boston,Celtics,BOS,0,0,,,,,,0,0,,,,,
0021500345,167,2,1,2,7:50 PM,5:10,MISS Williams 25' 3PT Jump Shot,,,,,4,101107,Marvin Williams,1610612766.0,Charlotte,Hornets,CHA,0,0,,,,,,0,0,,,,,
0021500345,168,4,0,2,7:50 PM,5:09,,,Sullinger REBOUND (Off:0 Def:4),,,5,203096,Jared Sullinger,1610612738.0,Boston,Celtics,BOS,0,0,,,,,,0,0,,,,,
0021500345,169,1,80,2,7:50 PM,5:02,,,Thomas 19' Step Back Jump Shot (4 PTS) (Lee 1 AST),30 - 30,TIE,5,202738,Isaiah Thomas,1610612738.0,Boston,Celtics,BOS,5,101135,David Lee,1610612738.0,Boston,Celtics,BOS,0,0,,,,,
0021500345,170,1,1,2,7:50 PM,4:43,Zeller 19' Jump Shot (2 PTS),,,30 - 32,2,4,203469,Cody Zeller,1610612766.0,Charlotte,Hornets,CHA,0,0,,,,,,0,0,,,,,
0021500345,171,2,1,2,7:51 PM,4:23,Lin BLOCK (1 BLK),,MISS Thomas 5' Jump Shot,,,5,202738,Isaiah Thomas,1610612738.0,Boston,Celtics,BOS,0,0,,,,,,4,202391,Jeremy Lin,1610612766.0,Charlotte,Hornets,CHA
0021500345,172,4,0,2,7:51 PM,4:22,Walker REBOUND (Off:0 Def:2),,,,,4,202689,Kemba Walker,1610612766.0,Charlotte,Hornets,CHA,0,0,,,,,,0,0,,,,,
0021500345,173,6,2,2,7:51 PM,4:22,,,Sullinger S.FOUL (P1.T2) (D.Crawford),,,5,203096,Jared Sullinger,1610612738.0,Boston,Celtics,BOS,4,202689,Kemba Walker,1610612766.0,Charlotte,Hornets,CHA,1,0,,,,,
0021500345,174,3,11,2,7:51 PM,4:22,Walker Free Throw 1 of 2 (6 PTS),,,30 - 33,3,4,202689,Kemba Walker,1610612766.0,Charlotte,Hornets,CHA,0,0,,,,,,0,0,,,,,
0021500345,176,8,0,2,7:51 PM,4:22,,,SUB: Johnson FOR Lee,,,5,101135,David Lee,1610612738.0,Boston,Celtics,BOS,5,101161,Amir Johnson,1610612738.0,Boston,Celtics,BOS,0,0,,,,,
0021500345,177,8,0,2,7:51 PM,4:22,,,SUB: Bradley FOR Young,,,5,203923,James Young,1610612738.0,Boston,Celtics,BOS,5,202340,Avery Bradley,1610612738.0,Boston,Celtics,BOS,0,0,,,,,
0021500345,178,3,12,2,7:52 PM,4:22,Walker Free Throw 2 of 2 (7 PTS),,,30 - 34,4,4,202689,Kemba Walker,1610612766.0,Charlotte,Hornets,CHA,0,0,,,,,,0,0,,,,,
0021500345,180,5,8,2,7:52 PM,4:06,,,Sullinger 3 Second Violation Turnover (P1.T3),,,5,203096,Jared Sullinger,1610612738.0,Boston,Celtics,BOS,0,0,,,,,,1,0,,,,,
0021500345,181,2,1,2,7:53 PM,3:56,MISS Batum 20' Jump Shot,,,,,4,201587,Nicolas Batum,1610612766.0,Charlotte,Hornets,CHA,0,0,,,,,,0,0,,,,,
0021500345,182,4,0,2,7:53 PM,3:55,,,Sullinger REBOUND (Off:0 Def:5),,,5,203096,Jared Sullinger,1610612738.0,Boston,Celtics,BOS,0,0,,,,,,0,0,,,,,
0021500345,183,1,101,2,7:53 PM,3:44,,,Thomas 7' Driving Floating Jump Shot (6 PTS),32 - 34,2,5,202738,Isaiah Thomas,1610612738.0,Boston,Celtics,BOS,0,0,,,,,,0,0,,,,,
0021500345,184,2,1,2,7:53 PM,3:28,MISS Walker 17' Jump Shot,,,,,4,202689,Kemba Walker,1610612766.0,Charlotte,Hornets,CHA,0,0,,,,,,0,0,,,,,
0021500345,185,4,0,2,7:53 PM,3:27,,,Sullinger REBOUND (Off:0 Def:6),,,5,203096,Jared Sullinger,1610612738.0,Boston,Celtics,BOS,0,0,,,,,,0,0,,,,,
0021500345,186,2,1,2,7:54 PM,3:10,,,MISS Crowder 17' Jump Shot,,,5,203109,Jae Crowder,1610612738.0,Boston,Celtics,BOS,0,0,,,,,,0,0,,,,,
0021500345,187,4,0,2,7:54 PM,3:09,Williams REBOUND (Off:0 Def:3),,,,,4,101107,Marvin Williams,1610612766.0,Charlotte,Hornets,CHA,0,0,,,,,,0,0,,,,,
0021500345,188,5,4,2,7:54 PM,3:01,Zeller Traveling Turnover (P1.T5),,,,,4,203469,Cody Zeller,1610612766.0,Charlotte,Hornets,CHA,0,0,,,,,,1,0,,,,,
0021500345,189,2,1,2,7:54 PM,2:52,,,MISS Crowder 10' Jump Shot,,,5,203109,Jae Crowder,1610612738.0,Boston,Celtics,BOS,0,0,,,,,,0,0,,,,,
0021500345,190,4,0,2,7:54 PM,2:51,Zeller REBOUND (Off:0 Def:3),,,,,4,203469,Cody Zeller,1610612766.0,Charlotte,Hornets,CHA,0,0,,,,,,0,0,,,,,
0021500345,191,2,1,2,7:54 PM,2:34,MISS Williams  3PT Jump Shot,,,,,4,101107,Marvin Williams,1610612766.0,Charlotte,Hornets,CHA,0,0,,,,,,0,0,,,,,
0021500345,192,4,0,2,7:54 PM,2:33,,,Bradley REBOUND (Off:0 Def:1),,,5,202340,Avery Bradley,1610612738.0,Boston,Celtics,BOS,0,0,,,,,,0,0,,,,,
0021500345,193,1,3,2,7:54 PM,2:27,,,Johnson 6' Hook Shot (4 PTS) (Thomas 4 AST),34 - 34,TIE,5,101161,Amir Johnson,1610612738.0,Boston,Celtics,BOS,5,202738,Isaiah Thomas,1610612738.0,Boston,Celtics,BOS,0,0,,,,,
0021500345,194,1,79,2,7:55 PM,2:13,Batum 18' Pullup Jump Shot (6 PTS),,,34 - 36,2,4,201587,Nicolas Batum,1610612766.0,Charlotte,Hornets,CHA,0,0,,,,,,0,0,,,,,
0021500345,195,9,1,2,7:55 PM,2:12,,,Celtics Timeout: Regular (Reg.2 Short 0),,,3,1610612738,,,,,,0,0,,,,,,0,0,,,,,
0021500345,197,8,0,2,7:57 PM,2:12,,,SUB: Turner FOR Crowder,,,5,203109,Jae Crowder,1610612738.0,Boston,Celtics,BOS,5,202323,Evan Turner,1610612738.0,Boston,Celtics,BOS,0,0,,,,,
0021500345,199,2,58,2,7:57 PM,1:56,,,MISS Johnson 7' Turnaround Hook Shot,,,5,101161,Amir Johnson,1610612738.0,Boston,Celtics,BOS,0,0,,,,,,0,0,,,,,
0021500345,200,4,0,2,7:58 PM,1:56,,,Celtics Rebound,,,3,1610612738,,,,,,0,0,,,,,,0,0,,,,,
0021500345,201,1,1,2,7:58 PM,1:53,,,Turner 12' Jump Shot (2 PTS) (Thomas 5 AST),36 - 36,TIE,5,202323,Evan Turner,1610612738.0,Boston,Celtics,BOS,5,202738,Isaiah Thomas,1610612738.0,Boston,Celtics,BOS,0,0,,,,,
0021500345,202,2,1,2,7:58 PM,1:31,MISS Batum 25' 3PT Jump Shot,,,,,4,201587,Nicolas Batum,1610612766.0,Charlotte,Hornets,CHA,0,0,,,,,,0,0,,,,,
0021500345,203,4,0,2,7:58 PM,1:30,,,Sullinger REBOUND (Off:0 Def:7),,,5,203096,Jared Sullinger,1610612738.0,Boston,Celtics,BOS,0,0,,,,,,0,0,,,,,
0021500345,204,2,47,2,7:58 PM,1:17,,,MISS Turner 9' Turnaround Jump Shot,,,5,202323,Evan Turner,1610612738.0,Boston,Celtics,BOS,0,0,,,,,,0,0,,,,,
0021500345,205,4,0,2,7:58 PM,1:15,Batum REBOUND (Off:0 Def:5),,,,,4,201587,Nicolas Batum,1610612766.0,Charlotte,Hornets,CHA,0,0,,,,,,0,0,,,,,
0021500345,206,1,1,2,7:59 PM,1:04,Walker 8' Jump Shot (9 PTS),,,36 - 38,2,4,202689,Kemba Walker,1610612766.0,Charlotte,Hornets,CHA,0,0,,,,,,0,0,,,,,
0021500345,207,2,1,2,7:59 PM,0:52,,,MISS Bradley 5' Jump Shot,,,5,202340,Avery Bradley,1610612738.0,Boston,Celtics,BOS,0,0,,,,,,0,0,,,,,
0021500345,208,4,0,2,7:59 PM,0:51,Zeller REBOUND (Off:0 Def:4),,,,,4,203469,Cody Zeller,1610612766.0,Charlotte,Hornets,CHA,0,0,,,,,,0,0,,,,,
0021500345,209,1,5,2,7:59 PM,0:41,Zeller 1' Layup (4 PTS) (Lin 1 AST),,,36 - 40,4,4,203469,Cody Zeller,1610612766.0,Charlotte,Hornets,CHA,4,202391,Jeremy Lin,1610612766.0,Charlotte,Hornets,CHA,0,0,,,,,
0021500345,210,1,101,2,7:59 PM,0:32,,,Thomas 8' Driving Floating Jump Shot (8 PTS),38 - 40,2,5,202738,Isaiah Thomas,1610612738.0,Boston,Celtics,BOS,0,0,,,,,,0,0,,,,,
0021500345,211,6,2,2,8:00 PM,0:13,,,Thomas S.FOUL (P1.T3) (B.Barnaky),,,5,202738,Isaiah Thomas,1610612738.0,Boston,Celtics,BOS,4,202391,Jeremy Lin,1610612766.0,Charlotte,Hornets,CHA,1,0,,,,,
0021500345,212,3,11,2,8:00 PM,0:13,Lin Free Throw 1 of 2 (5 PTS),,,38 - 41,3,4,202391,Jeremy Lin,1610612766.0,Charlotte,Hornets,CHA,0,0,,,,,,0,0,,,,,
0021500345,214,8,0,2,8:00 PM,0:13,,,SUB: Olynyk FOR Johnson,,,5,101161,Amir Johnson,1610612738.0,Boston,Celtics,BOS,5,203482,Kelly Olynyk,1610612738.0,Boston,Celtics,BOS,0,0,,,,,
0021500345,215,8,0,2,8:00 PM,0:13,,,SUB: Crowder FOR Sullinger,,,5,203096,Jared Sullinger,1610612738.0,Boston,Celtics,BOS,5,203109,Jae Crowder,1610612738.0,Boston,Celtics,BOS,0,0,,,,,
0021500345,216,3,12,2,8:01 PM,0:13,Lin Free Throw 2 of 2 (6 PTS),,,38 - 42,4,4,202391,Jeremy Lin,1610612766.0,Charlotte,Hornets,CHA,0,0,,,,,,0,0,,,,,
0021500345,218,2,1,2,8:01 PM,0:02,,,MISS Bradley  3PT Jump Shot,,,5,202340,Avery Bradley,1610612738.0,Boston,Celtics,BOS,0,0,,,,,,0,0,,,,,
0021500345,219,4,0,2,8:01 PM,0:01,Lin REBOUND (Off:0 Def:3),,,,,4,202391,Jeremy Lin,1610612766.0,Charlotte,Hornets,CHA,0,0,,,,,,0,0,,,,,
0021500345,220,13,0,2,8:01 PM,0:00,,,,38 - 42,4,0,0,,,,,,0,0,,,,,,0,0,,,,,
0021500345,222,12,0,3,8:17 PM,12:00,,,,38 - 42,4,0,0,,,,,,0,0,,,,,,0,0,,,,,
0021500345,223,2,42,3,8:17 PM,11:44,MISS Zeller 1' Driving Layup,,Johnson BLOCK (1 BLK),,,4,203469,Cody Zeller,1610612766.0,Charlotte,Hornets,CHA,0,0,,,,,,5,101161,Amir Johnson,1610612738.0,Boston,Celtics,BOS
0021500345,225,4,0,3,8:17 PM,11:42,Williams REBOUND (Off:1 Def:3),,,,,4,101107,Marvin Williams,1610612766.0,Charlotte,Hornets,CHA,0,0,,,,,,0,0,,,,,
0021500345,224,1,72,3,8:17 PM,11:42,Williams  Putback Layup (2 PTS),,,38 - 44,6,4,101107,Marvin Williams,1610612766.0,Charlotte,Hornets,CHA,0,0,,,,,,0,0,,,,,
0021500345,226,6,1,3,8:17 PM,11:30,Batum P.FOUL (P1.T1) (D.Crawford),,,,,4,201587,Nicolas Batum,1610612766.0,Charlotte,Hornets,CHA,5,101161,Amir Johnson,1610612738.0,Boston,Celtics,BOS,1,0,,,,,
0021500345,227,1,1,3,8:18 PM,11:18,,,Crowder 25' 3PT Jump Shot (8 PTS) (Johnson 1 AST),41 - 44,3,5,203109,Jae Crowder,1610612738.0,Boston,Celtics,BOS,5,101161,Amir Johnson,1610612738.0,Boston,Celtics,BOS,0,0,,,,,
0021500345,228,5,1,3,8:18 PM,11:00,Batum Bad Pass Turnover (P3.T6),,Sullinger STEAL (1 STL),,,4,201587,Nicolas Batum,1610612766.0,Charlotte,Hornets,CHA,5,203096,Jared Sullinger,1610612738.0,Boston,Celtics,BOS,0,0,,,,,
0021500345,229,5,1,3,8:18 PM,10:52,,,Thomas Bad Pass Turnover (P1.T4),,,5,202738,Isaiah Thomas,1610612738.0,Boston,Celtics,BOS,0,0,,,,,,0,0,,,,,
0021500345,230,1,42,3,8:19 PM,10:29,Zeller 1' Driving Layup (6 PTS),,,41 - 46,5,4,203469,Cody Zeller,1610612766.0,Charlotte,Hornets,CHA,0,0,,,,,,0,0,,,,,
0021500345,231,1,98,3,8:19 PM,10:20,,,Crowder 2' Cutting Layup Shot (10 PTS) (Thomas 6 AST),43 - 46,3,5,203109,Jae Crowder,1610612738.0,Boston,Celtics,BOS,5,202738,Isaiah Thomas,1610612738.0,Boston,Celtics,BOS,0,0,,,,,
0021500345,232,6,2,3,8:19 PM,10:20,Zeller S.FOUL (P2.T2) (B.Barnaky),,,,,4,203469,Cody Zeller,1610612766.0,Charlotte,Hornets,CHA,5,203109,Jae Crowder,1610612738.0,Boston,Celtics,BOS,1,0,,,,,
0021500345,233,9,1,3,8:19 PM,10:20,HORNETS Timeout: Regular (Full 3 Short 0),,,,,2,1610612766,,,,,,0,0,,,,,,0,0,,,,,
0021500345,237,3,10,3,8:22 PM,10:20,,,Crowder Free Throw 1 of 1 (11 PTS),44 - 46,2,5,203109,Jae Crowder,1610612738.0,Boston,Celtics,BOS,0,0,,,,,,0,0,,,,,
0021500345,239,6,4,3,8:22 PM,10:08,Williams OFF.Foul (P1) (D.Crawford),,,,,4,101107,Marvin Williams,1610612766.0,Charlotte,Hornets,CHA,5,101161,Amir Johnson,1610612738.0,Boston,Celtics,BOS,1,0,,,,,
0021500345,240,5,5,3,8:22 PM,10:08,Williams Foul Turnover (P1.T7),,,,,4,101107,Marvin Williams,1610612766.0,Charlotte,Hornets,CHA,0,0,,,,,,1,0,,,,,
0021500345,241,2,79,3,8:23 PM,9:53,,,MISS Thomas 17' Pullup Jump Shot,,,5,202738,Isaiah Thomas,1610612738.0,Boston,Celtics,BOS,0,0,,,,,,0,0,,,,,
0021500345,242,4,0,3,8:23 PM,9:53,HORNETS Rebound,,,,,2,1610612766,,,,,,0,0,,,,,,0,0,,,,,
0021500345,243,6,3,3,8:23 PM,9:53,,,Johnson L.B.FOUL (P1.T1) (D.Crawford),,,5,101161,Amir Johnson,1610612738.0,Boston,Celtics,BOS,4,101107,Marvin Williams,1610612766.0,Charlotte,Hornets,CHA,1,0,,,,,
0021500345,244,1,1,3,8:23 PM,9:40,Batum 26' 3PT Jump Shot (9 PTS) (Walker 3 AST),,,44 - 49,5,4,201587,Nicolas Batum,1610612766.0,Charlotte,Hornets,CHA,4,202689,Kemba Walker,1610612766.0,Charlotte,Hornets,CHA,0,0,,,,,
0021500345,245,1,1,3,8:23 PM,9:23,,,Sullinger 18' Jump Shot (4 PTS) (Thomas 7 AST),46 - 49,3,5,203096,Jared Sullinger,1610612738.0,Boston,Celtics,BOS,5,202738,Isaiah Thomas,1610612738.0,Boston,Celtics,BOS,0,0,,,,,
0021500345,246,2,47,3,8:24 PM,9:06,MISS Batum 16' Turnaround Jump Shot,,,,,4,201587,Nicolas Batum,1610612766.0,Charlotte,Hornets,CHA,0,0,,,,,,0,0,,,,,
0021500345,247,4,0,3,8:24 PM,9:05,,,Crowder REBOUND (Off:0 Def:4),,,5,203109,Jae Crowder,1610612738.0,Boston,Celtics,BOS,0,0,,,,,,0,0,,,,,
0021500345,248,2,1,3,8:24 PM,8:57,,,MISS Sullinger 20' Jump Shot,,,5,203096,Jared Sullinger,1610612738.0,Boston,Celtics,BOS,0,0,,,,,,0,0,,,,,
0021500345,249,4,0,3,8:24 PM,8:56,Hairston REBOUND (Off:0 Def:4),,,,,4,203798,PJ Hairston,1610612766.0,Charlotte,Hornets,CHA,0,0,,,,,,0,0,,,,,
0021500345,250,1,73,3,8:24 PM,8:37,Zeller 1' Driving Reverse Layup (8 PTS),,,46 - 51,5,4,203469,Cody Zeller,1610612766.0,Charlotte,Hornets,CHA,0,0,,,,,,0,0,,,,,
0021500345,251,1,1,3,8:24 PM,8:23,,,Bradley 24' 3PT Jump Shot (10 PTS) (Thomas 8 AST),49 - 51,2,5,202340,Avery Bradley,1610612738.0,Boston,Celtics,BOS,5,202738,Isaiah Thomas,1610612738.0,Boston,Celtics,BOS,0,0,,,,,
0021500345,252,2,42,3,8:25 PM,7:53,MISS Williams 2' Driving Layup,,,,,4,101107,Marvin Williams,1610612766.0,Charlotte,Hornets,CHA,0,0,,,,,,0,0,,,,,
0021500345,253,4,0,3,8:25 PM,7:52,,,Crowder REBOUND (Off:0 Def:5),,,5,203109,Jae Crowder,1610612738.0,Boston,Celtics,BOS,0,0,,,,,,0,0,,,,,
0021500345,254,1,1,3,8:25 PM,7:44,,,Thomas 25' 3PT Jump Shot (11 PTS),52 - 51,-1,5,202738,Isaiah Thomas,1610612738.0,Boston,Celtics,BOS,0,0,,,,,,0,0,,,,,
0021500345,255,1,7,3,8:25 PM,7:30,Zeller  Dunk (10 PTS) (Walker 4 AST),,,52 - 53,1,4,203469,Cody Zeller,1610612766.0,Charlotte,Hornets,CHA,4,202689,Kemba Walker,1610612766.0,Charlotte,Hornets,CHA,0,0,,,,,
0021500345,256,1,1,3,8:25 PM,7:16,,,Bradley 24' 3PT Jump Shot (13 PTS) (Thomas 9 AST),55 - 53,-2,5,202340,Avery Bradley,1610612738.0,Boston,Celtics,BOS,5,202738,Isaiah Thomas,1610612738.0,Boston,Celtics,BOS,0,0,,,,,
0021500345,257,6,2,3,8:26 PM,7:05,,,Bradley S.FOUL (P1.T2) (M.Kogut),,,5,202340,Avery Bradley,1610612738.0,Boston,Celtics,BOS,4,202689,Kemba Walker,1610612766.0,Charlotte,Hornets,CHA,1,0,,,,,
0021500345,258,3,11,3,8:26 PM,7:05,Walker Free Throw 1 of 2 (10 PTS),,,55 - 54,-1,4,202689,Kemba Walker,1610612766.0,Charlotte,Hornets,CHA,0,0,,,,,,0,0,,,,,
0021500345,260,8,0,3,8:26 PM,7:05,,,SUB: Olynyk FOR Sullinger,,,5,203096,Jared Sullinger,1610612738.0,Boston,Celtics,BOS,5,203482,Kelly Olynyk,1610612738.0,Boston,Celtics,BOS,0,0,,,,,
0021500345,261,3,12,3,8:26 PM,7:05,Walker Free Throw 2 of 2 (11 PTS),,,55 - 55,TIE,4,202689,Kemba Walker,1610612766.0,Charlotte,Hornets,CHA,0,0,,,,,,0,0,,,,,
0021500345,263,2,3,3,8:27 PM,6:47,,,MISS Johnson 8' Hook Shot,,,5,101161,Amir Johnson,1610612738.0,Boston,Celtics,BOS,0,0,,,,,,0,0,,,,,
0021500345,264,4,0,3,8:27 PM,6:45,Batum REBOUND (Off:0 Def:6),,,,,4,201587,Nicolas Batum,1610612766.0,Charlotte,Hornets,CHA,0,0,,,,,,0,0,,,,,
0021500345,265,2,5,3,8:27 PM,6:40,MISS Zeller 1' Layup,,,,,4,203469,Cody Zeller,1610612766.0,Charlotte,Hornets,CHA,0,0,,,,,,0,0,,,,,
0021500345,266,4,0,3,8:27 PM,6:39,,,Johnson REBOUND (Off:0 Def:4),,,5,101161,Amir Johnson,1610612738.0,Boston,Celtics,BOS,0,0,,,,,,0,0,,,,,
0021500345,267,1,1,3,8:27 PM,6:29,,,Bradley 25' 3PT Jump Shot (16 PTS) (Thomas 10 AST),58 - 55,-3,5,202340,Avery Bradley,1610612738.0,Boston,Celtics,BOS,5,202738,Isaiah Thomas,1610612738.0,Boston,Celtics,BOS,0,0,,,,,
0021500345,268,2,1,3,8:27 PM,6:15,MISS Hairston 27' 3PT Jump Shot,,,,,4,203798,PJ Hairston,1610612766.0,Charlotte,Hornets,CHA,0,0,,,,,,0,0,,,,,
0021500345,269,4,0,3,8:27 PM,6:14,,,Bradley REBOUND (Off:0 Def:2),,,5,202340,Avery Bradley,1610612738.0,Boston,Celtics,BOS,0,0,,,,,,0,0,,,,,
0021500345,270,2,1,3,8:27 PM,6:00,,,MISS Crowder 25' 3PT Jump Shot,,,5,203109,Jae Crowder,1610612738.0,Boston,Celtics,BOS,0,0,,,,,,0,0,,,,,
0021500345,272,4,0,3,8:28 PM,5:58,,,Celtics Rebound,,,3,1610612738,,,,,,0,0,,,,,,0,0,,,,,
0021500345,273,1,1,3,8:28 PM,5:51,,,Crowder 25' 3PT Jump Shot (14 PTS) (Thomas 11 AST),61 - 55,-6,5,203109,Jae Crowder,1610612738.0,Boston,Celtics,BOS,5,202738,Isaiah Thomas,1610612738.0,Boston,Celtics,BOS,0,0,,,,,
0021500345,274,6,1,3,8:28 PM,5:37,,,Bradley P.FOUL (P2.T3) (D.Crawford),,,5,202340,Avery Bradley,1610612738.0,Boston,Celtics,BOS,4,202689,Kemba Walker,1610612766.0,Charlotte,Hornets,CHA,1,0,,,,,
0021500345,275,2,5,3,8:29 PM,5:26,MISS Walker 3' Layup,,,,,4,202689,Kemba Walker,1610612766.0,Charlotte,Hornets,CHA,0,0,,,,,,0,0,,,,,
0021500345,277,4,0,3,8:29 PM,5:25,Walker REBOUND (Off:1 Def:2),,,,,4,202689,Kemba Walker,1610612766.0,Charlotte,Hornets,CHA,0,0,,,,,,0,0,,,,,
0021500345,276,2,5,3,8:29 PM,5:25,MISS Walker 3' Layup,,,,,4,202689,Kemba Walker,1610612766.0,Charlotte,Hornets,CHA,0,0,,,,,,0,0,,,,,
0021500345,278,4,0,3,8:29 PM,5:24,,,Olynyk REBOUND (Off:0 Def:3),,,5,203482,Kelly Olynyk,1610612738.0,Boston,Celtics,BOS,0,0,,,,,,0,0,,,,,
0021500345,279,6,11,3,8:29 PM,5:24,Walker T.FOUL (P0.T2) (M.Kogut),,,,,4,202689,Kemba Walker,1610612766.0,Charlotte,Hornets,CHA,0,0,,,,,,1,0,,,,,
0021500345,280,3,16,3,8:29 PM,5:24,,,Thomas Free Throw Technical (12 PTS),62 - 55,-7,5,202738,Isaiah Thomas,1610612738.0,Boston,Celtics,BOS,0,0,,,,,,0,0,,,,,
0021500345,282,1,79,3,8:30 PM,5:10,,,Thomas 15' Pullup Jump Shot (14 PTS) (Johnson 2 AST),64 - 55,-9,5,202738,Isaiah Thomas,1610612738.0,Boston,Celtics,BOS,5,101161,Amir Johnson,1610612738.0,Boston,Celtics,BOS,0,0,,,,,
0021500345,283,1,1,3,8:30 PM,4:50,Batum 16' Jump Shot (11 PTS),,,64 - 57,-7,4,201587,Nicolas Batum,1610612766.0,Charlotte,Hornets,CHA,0,0,,,,,,0,0,,,,,
0021500345,285,8,0,3,8:30 PM,4:39,SUB: Lin FOR Hairston,,,,,4,203798,PJ Hairston,1610612766.0,Charlotte,Hornets,CHA,4,202391,Jeremy Lin,1610612766.0,Charlotte,Hornets,CHA,0,0,,,,,
0021500345,286,8,0,3,8:30 PM,4:39,SUB: Kaminsky FOR Williams,,,,,4,101107,Marvin Williams,1610612766.0,Charlotte,Hornets,CHA,4,1626163,Frank Kaminsky,1610612766.0,Charlotte,Hornets,CHA,0,0,,,,,
0021500345,287,1,1,3,8:31 PM,4:28,,,Thomas 28' 3PT Jump Shot (17 PTS),67 - 57,-10,5,202738,Isaiah Thomas,1610612738.0,Boston,Celtics,BOS,0,0,,,,,,0,0,,,,,
0021500345,288,5,4,3,8:31 PM,4:20,Lin Traveling Turnover (P1.T8),,,,,4,202391,Jeremy Lin,1610612766.0,Charlotte,Hornets,CHA,0,0,,,,,,1,0,,,,,
0021500345,289,1,98,3,8:31 PM,4:08,,,Olynyk 1' Cutting Layup Shot (4 PTS) (Thomas 12 AST),69 - 57,-12,5,203482,Kelly Olynyk,1610612738.0,Boston,Celtics,BOS,5,202738,Isaiah Thomas,1610612738.0,Boston,Celtics,BOS,0,0,,,,,
0021500345,290,9,2,3,8:32 PM,4:02,HORNETS Timeout: Short (Full 3 Short 1),,,,,2,1610612766,,,,,,0,0,,,,,,0,0,,,,,
0021500345,294,2,1,3,8:33 PM,3:56,MISS Batum 25' 3PT Jump Shot,,,,,4,201587,Nicolas Batum,1610612766.0,Charlotte,Hornets,CHA,0,0,,,,,,0,0,,,,,
0021500345,295,4,0,3,8:33 PM,3:54,,,Johnson REBOUND (Off:0 Def:5),,,5,101161,Amir Johnson,1610612738.0,Boston,Celtics,BOS,0,0,,,,,,0,0,,,,,
0021500345,296,2,1,3,8:33 PM,3:40,,,MISS Bradley 18' Jump Shot,,,5,202340,Avery Bradley,1610612738.0,Boston,Celtics,BOS,0,0,,,,,,0,0,,,,,
0021500345,297,4,0,3,8:33 PM,3:38,Kaminsky REBOUND (Off:0 Def:2),,,,,4,1626163,Frank Kaminsky,1610612766.0,Charlotte,Hornets,CHA,0,0,,,,,,0,0,,,,,
0021500345,298,2,5,3,8:34 PM,3:20,MISS Walker 2' Layup,,,,,4,202689,Kemba Walker,1610612766.0,Charlotte,Hornets,CHA,0,0,,,,,,0,0,,,,,
0021500345,300,4,0,3,8:34 PM,3:19,Zeller REBOUND (Off:1 Def:4),,,,,4,203469,Cody Zeller,1610612766.0,Charlotte,Hornets,CHA,0,0,,,,,,0,0,,,,,
0021500345,299,1,87,3,8:34 PM,3:19,Zeller  Putback Dunk (12 PTS),,,69 - 59,-10,4,203469,Cody Zeller,1610612766.0,Charlotte,Hornets,CHA,0,0,,,,,,0,0,,,,,
0021500345,301,1,98,3,8:34 PM,3:05,,,Bradley 1' Cutting Layup Shot (18 PTS) (Johnson 3 AST),71 - 59,-12,5,202340,Avery Bradley,1610612738.0,Boston,Celtics,BOS,5,101161,Amir Johnson,1610612738.0,Boston,Celtics,BOS,0,0,,,,,
0021500345,302,2,1,3,8:34 PM,2:46,MISS Lin 18' Jump Shot,,,,,4,202391,Jeremy Lin,1610612766.0,Charlotte,Hornets,CHA,0,0,,,,,,0,0,,,,,
0021500345,303,4,0,3,8:34 PM,2:45,,,Olynyk REBOUND (Off:0 Def:4),,,5,203482,Kelly Olynyk,1610612738.0,Boston,Celtics,BOS,0,0,,,,,,0,0,,,,,
0021500345,304,2,1,3,8:35 PM,2:37,,,MISS Crowder 25' 3PT Jump Shot,,,5,203109,Jae Crowder,1610612738.0,Boston,Celtics,BOS,0,0,,,,,,0,0,,,,,
0021500345,305,4,0,3,8:35 PM,2:35,Kaminsky REBOUND (Off:0 Def:3),,,,,4,1626163,Frank Kaminsky,1610612766.0,Charlotte,Hornets,CHA,0,0,,,,,,0,0,,,,,
0021500345,307,9,1,3,8:35 PM,2:28,,,Celtics Timeout: Regular (Reg.3 Short 0),,,3,1610612738,,,,,,0,0,,,,,,0,0,,,,,
0021500345,309,8,0,3,8:37 PM,2:28,,,SUB: Turner FOR Crowder,,,5,203109,Jae Crowder,1610612738.0,Boston,Celtics,BOS,5,202323,Evan Turner,1610612738.0,Boston,Celtics,BOS,0,0,,,,,
0021500345,310,8,0,3,8:37 PM,2:28,,,SUB: Young FOR Johnson,,,5,101161,Amir Johnson,1610612738.0,Boston,Celtics,BOS,5,203923,James Young,1610612738.0,Boston,Celtics,BOS,0,0,,,,,
0021500345,311,8,0,3,8:37 PM,2:28,,,SUB: Lee FOR Thomas,,,5,202738,Isaiah Thomas,1610612738.0,Boston,Celtics,BOS,5,101135,David Lee,1610612738.0,Boston,Celtics,BOS,0,0,,,,,
0021500345,312,8,0,3,8:37 PM,2:28,SUB: Hawes FOR Zeller,,,,,4,203469,Cody Zeller,1610612766.0,Charlotte,Hornets,CHA,4,201150,Spencer Hawes,1610612766.0,Charlotte,Hornets,CHA,0,0,,,,,
0021500345,313,8,0,3,8:37 PM,2:28,SUB: Lamb FOR Walker,,,,,4,202689,Kemba Walker,1610612766.0,Charlotte,Hornets,CHA,4,203087,Jeremy Lamb,1610612766.0,Charlotte,Hornets,CHA,0,0,,,,,
0021500345,314,1,1,3,8:37 PM,2:19,Lamb 25' 3PT Jump Shot (3 PTS) (Lin 2 AST),,,71 - 62,-9,4,203087,Jeremy Lamb,1610612766.0,Charlotte,Hornets,CHA,4,202391,Jeremy Lin,1610612766.0,Charlotte,Hornets,CHA,0,0,,,,,
0021500345,315,1,42,3,8:38 PM,1:58,,,Turner 1' Driving Layup (4 PTS),73 - 62,-11,5,202323,Evan Turner,1610612738.0,Boston,Celtics,BOS,0,0,,,,,,0,0,,,,,
0021500345,316,2,5,3,8:38 PM,1:42,MISS Lamb 2' Layup,,,,,4,203087,Jeremy Lamb,1610612766.0,Charlotte,Hornets,CHA,0,0,,,,,,0,0,,,,,
0021500345,317,4,0,3,8:38 PM,1:41,,,Lee REBOUND (Off:1 Def:2),,,5,101135,David Lee,1610612738.0,Boston,Celtics,BOS,0,0,,,,,,0,0,,,,,
0021500345,318,2,1,3,8:38 PM,1:22,,,MISS Young  3PT Jump Shot,,,5,203923,James Young,1610612738.0,Boston,Celtics,BOS,0,0,,,,,,0,0,,,,,
0021500345,319,4,0,3,8:38 PM,1:21,Kaminsky REBOUND (Off:0 Def:4),,,,,4,1626163,Frank Kaminsky,1610612766.0,Charlotte,Hornets,CHA,0,0,,,,,,0,0,,,,,
0021500345,320,1,42,3,8:38 PM,1:11,Batum 1' Driving Layup (13 PTS),,,73 - 64,-9,4,201587,Nicolas Batum,1610612766.0,Charlotte,Hornets,CHA,0,0,,,,,,0,0,,,,,
0021500345,321,2,3,3,8:39 PM,0:47,,,MISS Lee 5' Hook Shot,,,5,101135,David Lee,1610612738.0,Boston,Celtics,BOS,0,0,,,,,,0,0,,,,,
0021500345,322,4,0,3,8:39 PM,0:45,Kaminsky REBOUND (Off:0 Def:5),,,,,4,1626163,Frank Kaminsky,1610612766.0,Charlotte,Hornets,CHA,0,0,,,,,,0,0,,,,,
0021500345,323,6,1,3,8:39 PM,0:39,,,Turner P.FOUL (P1.T4) (B.Barnaky),,,5,202323,Evan Turner,1610612738.0,Boston,Celtics,BOS,4,201587,Nicolas Batum,1610612766.0,Charlotte,Hornets,CHA,1,0,,,,,
0021500345,324,1,86,3,8:39 PM,0:33,Batum 11' Turnaround Fadeaway (15 PTS),,,73 - 66,-7,4,201587,Nicolas Batum,1610612766.0,Charlotte,Hornets,CHA,0,0,,,,,,0,0,,,,,
0021500345,325,2,1,3,8:40 PM,0:28,,,MISS Turner 16' Jump Shot,,,5,202323,Evan Turner,1610612738.0,Boston,Celtics,BOS,0,0,,,,,,0,0,,,,,
0021500345,326,4,0,3,8:40 PM,0:27,Batum REBOUND (Off:0 Def:7),,,,,4,201587,Nicolas Batum,1610612766.0,Charlotte,Hornets,CHA,0,0,,,,,,0,0,,,,,
0021500345,327,1,79,3,8:40 PM,0:07,Batum 24' 3PT Pullup Jump Shot (18 PTS),,,73 - 69,-4,4,201587,Nicolas Batum,1610612766.0,Charlotte,Hornets,CHA,0,0,,,,,,0,0,,,,,
0021500345,328,2,1,3,8:40 PM,0:01,,,MISS Olynyk 20' Jump Shot,,,5,203482,Kelly Olynyk,1610612738.0,Boston,Celtics,BOS,0,0,,,,,,0,0,,,,,
0021500345,330,4,0,3,8:40 PM,0:00,,,Celtics Rebound,,,3,1610612738,,,,,,0,0,,,,,,0,0,,,,,
0021500345,332,18,0,3,8:40 PM,0:00,,,,73 - 69,-4,0,0,,,,,,0,0,,,,,,1,0,,,,,
0021500345,329,13,0,3,8:40 PM,0:00,,,,73 - 69,-4,0,0,,,,,,0,0,,,,,,0,0,,,,,
0021500345,334,12,0,4,8:43 PM,12:00,,,,73 - 69,-4,0,0,,,,,,0,0,,,,,,0,0,,,,,
0021500345,335,2,5,4,8:43 PM,11:49,,,MISS Lee 2' Layup,,,5,101135,David Lee,1610612738.0,Boston,Celtics,BOS,0,0,,,,,,0,0,,,,,
0021500345,336,4,0,4,8:43 PM,11:47,Lamb REBOUND (Off:0 Def:2),,,,,4,203087,Jeremy Lamb,1610612766.0,Charlotte,Hornets,CHA,0,0,,,,,,0,0,,,,,
0021500345,337,2,1,4,8:44 PM,11:33,MISS Lamb 18' Jump Shot,,,,,4,203087,Jeremy Lamb,1610612766.0,Charlotte,Hornets,CHA,0,0,,,,,,0,0,,,,,
0021500345,338,4,0,4,8:44 PM,11:32,,,Lee REBOUND (Off:1 Def:3),,,5,101135,David Lee,1610612738.0,Boston,Celtics,BOS,0,0,,,,,,0,0,,,,,
0021500345,339,1,98,4,8:44 PM,11:20,,,Turner 1' Cutting Layup Shot (6 PTS) (Lee 2 AST),75 - 69,-6,5,202323,Evan Turner,1610612738.0,Boston,Celtics,BOS,5,101135,David Lee,1610612738.0,Boston,Celtics,BOS,0,0,,,,,
0021500345,340,1,1,4,8:44 PM,11:08,Lin 21' Jump Shot (8 PTS) (Hawes 1 AST),,,75 - 71,-4,4,202391,Jeremy Lin,1610612766.0,Charlotte,Hornets,CHA,4,201150,Spencer Hawes,1610612766.0,Charlotte,Hornets,CHA,0,0,,,,,
0021500345,341,2,1,4,8:44 PM,10:51,,,MISS Olynyk 18' Jump Shot,,,5,203482,Kelly Olynyk,1610612738.0,Boston,Celtics,BOS,0,0,,,,,,0,0,,,,,
0021500345,342,4,0,4,8:44 PM,10:49,Lamb REBOUND (Off:0 Def:3),,,,,4,203087,Jeremy Lamb,1610612766.0,Charlotte,Hornets,CHA,0,0,,,,,,0,0,,,,,
0021500345,343,1,1,4,8:44 PM,10:38,Lin 18' Jump Shot (10 PTS) (Hawes 2 AST),,,75 - 73,-2,4,202391,Jeremy Lin,1610612766.0,Charlotte,Hornets,CHA,4,201150,Spencer Hawes,1610612766.0,Charlotte,Hornets,CHA,0,0,,,,,
0021500345,344,2,5,4,8:45 PM,10:20,,,MISS Lee 3' Layup,,,5,101135,David Lee,1610612738.0,Boston,Celtics,BOS,0,0,,,,,,0,0,,,,,
0021500345,345,4,0,4,8:45 PM,10:18,Hawes REBOUND (Off:1 Def:5),,,,,4,201150,Spencer Hawes,1610612766.0,Charlotte,Hornets,CHA,0,0,,,,,,0,0,,,,,
0021500345,346,5,1,4,8:45 PM,10:03,Lamb Bad Pass Turnover (P1.T9),,Young STEAL (1 STL),,,4,203087,Jeremy Lamb,1610612766.0,Charlotte,Hornets,CHA,5,203923,James Young,1610612738.0,Boston,Celtics,BOS,0,0,,,,,
0021500345,347,6,2,4,8:45 PM,9:51,Hawes S.FOUL (P1.T1) (M.Kogut),,,,,4,201150,Spencer Hawes,1610612766.0,Charlotte,Hornets,CHA,5,101135,David Lee,1610612738.0,Boston,Celtics,BOS,1,0,,,,,
0021500345,348,3,11,4,8:46 PM,9:51,,,Lee Free Throw 1 of 2 (9 PTS),76 - 73,-3,5,101135,David Lee,1610612738.0,Boston,Celtics,BOS,0,0,,,,,,0,0,,,,,
0021500345,350,3,12,4,8:46 PM,9:51,,,Lee Free Throw 2 of 2 (10 PTS),77 - 73,-4,5,101135,David Lee,1610612738.0,Boston,Celtics,BOS,0,0,,,,,,0,0,,,,,
0021500345,353,1,43,4,8:46 PM,9:41,Lamb 2' Alley Oop Layup (5 PTS) (Williams 1 AST),,,77 - 75,-2,4,203087,Jeremy Lamb,1610612766.0,Charlotte,Hornets,CHA,4,101107,Marvin Williams,1610612766.0,Charlotte,Hornets,CHA,0,0,,,,,
0021500345,354,6,2,4,8:46 PM,9:41,,,Turner S.FOUL (P2.T1) (D.Crawford),,,5,202323,Evan Turner,1610612738.0,Boston,Celtics,BOS,4,203087,Jeremy Lamb,1610612766.0,Charlotte,Hornets,CHA,1,0,,,,,
0021500345,355,3,10,4,8:47 PM,9:41,Lamb Free Throw 1 of 1 (6 PTS),,,77 - 76,-1,4,203087,Jeremy Lamb,1610612766.0,Charlotte,Hornets,CHA,0,0,,,,,,0,0,,,,,
0021500345,357,1,1,4,8:47 PM,9:27,,,Turner 17' Jump Shot (8 PTS) (Lee 3 AST),79 - 76,-3,5,202323,Evan Turner,1610612738.0,Boston,Celtics,BOS,5,101135,David Lee,1610612738.0,Boston,Celtics,BOS,0,0,,,,,
0021500345,358,6,1,4,8:47 PM,9:17,,,Thomas P.FOUL (P2.T2) (D.Crawford),,,5,202738,Isaiah Thomas,1610612738.0,Boston,Celtics,BOS,4,202391,Jeremy Lin,1610612766.0,Charlotte,Hornets,CHA,1,0,,,,,
0021500345,359,2,63,4,8:48 PM,9:05,MISS Hawes 7' Fadeaway Jumper,,,,,4,201150,Spencer Hawes,1610612766.0,Charlotte,Hornets,CHA,0,0,,,,,,0,0,,,,,
0021500345,360,4,0,4,8:48 PM,9:04,,,Young REBOUND (Off:0 Def:2),,,5,203923,James Young,1610612738.0,Boston,Celtics,BOS,0,0,,,,,,0,0,,,,,
0021500345,361,2,80,4,8:48 PM,8:43,,,MISS Thomas 26' 3PT Step Back Jump Shot,,,5,202738,Isaiah Thomas,1610612738.0,Boston,Celtics,BOS,0,0,,,,,,0,0,,,,,
0021500345,362,4,0,4,8:48 PM,8:43,HORNETS Rebound,,,,,2,1610612766,,,,,,0,0,,,,,,0,0,,,,,
0021500345,363,9,4,4,8:48 PM,8:43,,,,,,1,0,,,,,,0,0,,,,,,0,0,,,,,
0021500345,365,8,0,4,8:50 PM,8:43,,,SUB: Crowder FOR Young,,,5,203923,James Young,1610612738.0,Boston,Celtics,BOS,5,203109,Jae Crowder,1610612738.0,Boston,Celtics,BOS,0,0,,,,,
0021500345,367,6,2,4,8:51 PM,8:35,,,Lee S.FOUL (P1.T3) (B.Barnaky),,,5,101135,David Lee,1610612738.0,Boston,Celtics,BOS,4,202391,Jeremy Lin,1610612766.0,Charlotte,Hornets,CHA,1,0,,,,,
0021500345,368,3,11,4,8:51 PM,8:35,Lin Free Throw 1 of 2 (11 PTS),,,79 - 77,-2,4,202391,Jeremy Lin,1610612766.0,Charlotte,Hornets,CHA,0,0,,,,,,0,0,,,,,
0021500345,370,8,0,4,8:51 PM,8:35,SUB: Batum FOR Williams,,,,,4,101107,Marvin Williams,1610612766.0,Charlotte,Hornets,CHA,4,201587,Nicolas Batum,1610612766.0,Charlotte,Hornets,CHA,0,0,,,,,
0021500345,371,3,12,4,8:51 PM,8:35,Lin Free Throw 2 of 2 (12 PTS),,,79 - 78,-1,4,202391,Jeremy Lin,1610612766.0,Charlotte,Hornets,CHA,0,0,,,,,,0,0,,,,,
0021500345,373,1,5,4,8:52 PM,8:18,,,Olynyk 2' Layup (6 PTS),81 - 78,-3,5,203482,Kelly Olynyk,1610612738.0,Boston,Celtics,BOS,0,0,,,,,,0,0,,,,,
0021500345,374,1,1,4,8:52 PM,8:04,Lamb 25' 3PT Jump Shot (9 PTS) (Hawes 3 AST),,,81 - 81,TIE,4,203087,Jeremy Lamb,1610612766.0,Charlotte,Hornets,CHA,4,201150,Spencer Hawes,1610612766.0,Charlotte,Hornets,CHA,0,0,,,,,
0021500345,375,2,5,4,8:52 PM,7:48,,,MISS Lee 2' Layup,,,5,101135,David Lee,1610612738.0,Boston,Celtics,BOS,0,0,,,,,,0,0,,,,,
0021500345,376,4,0,4,8:52 PM,7:47,Hawes REBOUND (Off:1 Def:6),,,,,4,201150,Spencer Hawes,1610612766.0,Charlotte,Hornets,CHA,0,0,,,,,,0,0,,,,,
0021500345,377,2,1,4,8:52 PM,7:38,MISS Lin 16' Jump Shot,,,,,4,202391,Jeremy Lin,1610612766.0,Charlotte,Hornets,CHA,0,0,,,,,,0,0,,,,,
0021500345,378,4,0,4,8:52 PM,7:37,,,Thomas REBOUND (Off:0 Def:2),,,5,202738,Isaiah Thomas,1610612738.0,Boston,Celtics,BOS,0,0,,,,,,0,0,,,,,
0021500345,379,2,63,4,8:53 PM,7:19,,,MISS Turner 8' Fadeaway Jumper,,,5,202323,Evan Turner,1610612738.0,Boston,Celtics,BOS,0,0,,,,,,0,0,,,,,
0021500345,380,4,0,4,8:53 PM,7:18,Hawes REBOUND (Off:1 Def:7),,,,,4,201150,Spencer Hawes,1610612766.0,Charlotte,Hornets,CHA,0,0,,,,,,0,0,,,,,
0021500345,381,2,63,4,8:53 PM,7:04,MISS Lamb 13' Fadeaway Jumper,,,,,4,203087,Jeremy Lamb,1610612766.0,Charlotte,Hornets,CHA,0,0,,,,,,0,0,,,,,
0021500345,382,4,0,4,8:53 PM,7:03,,,Lee REBOUND (Off:1 Def:4),,,5,101135,David Lee,1610612738.0,Boston,Celtics,BOS,0,0,,,,,,0,0,,,,,
0021500345,383,5,1,4,8:53 PM,6:54,Lamb STEAL (1 STL),,Thomas Bad Pass Turnover (P2.T5),,,5,202738,Isaiah Thomas,1610612738.0,Boston,Celtics,BOS,4,203087,Jeremy Lamb,1610612766.0,Charlotte,Hornets,CHA,0,0,,,,,
0021500345,384,5,1,4,8:53 PM,6:54,Batum Bad Pass Turnover (P4.T10),,Lee STEAL (1 STL),,,4,201587,Nicolas Batum,1610612766.0,Charlotte,Hornets,CHA,5,101135,David Lee,1610612738.0,Boston,Celtics,BOS,0,0,,,,,
0021500345,385,6,1,4,8:53 PM,6:54,Lin P.FOUL (P2.T2) (D.Crawford),,,,,4,202391,Jeremy Lin,1610612766.0,Charlotte,Hornets,CHA,5,203109,Jae Crowder,1610612738.0,Boston,Celtics,BOS,1,0,,,,,
0021500345,386,6,11,4,8:54 PM,6:54,,,Thomas T.FOUL (P2.T3) (M.Kogut),,,5,202738,Isaiah Thomas,1610612738.0,Boston,Celtics,BOS,0,0,,,,,,1,0,,,,,
0021500345,387,3,16,4,8:54 PM,6:54,Batum Free Throw Technical (19 PTS),,,81 - 82,1,4,201587,Nicolas Batum,1610612766.0,Charlotte,Hornets,CHA,0,0,,,,,,0,0,,,,,
0021500345,389,8,0,4,8:54 PM,6:54,,,SUB: Johnson FOR Lee,,,5,101135,David Lee,1610612738.0,Boston,Celtics,BOS,5,101161,Amir Johnson,1610612738.0,Boston,Celtics,BOS,0,0,,,,,
0021500345,391,2,1,4,8:54 PM,6:43,,,MISS Olynyk 11' Jump Shot,,,5,203482,Kelly Olynyk,1610612738.0,Boston,Celtics,BOS,0,0,,,,,,0,0,,,,,
0021500345,392,4,0,4,8:54 PM,6:42,Lin REBOUND (Off:0 Def:4),,,,,4,202391,Jeremy Lin,1610612766.0,Charlotte,Hornets,CHA,0,0,,,,,,0,0,,,,,
0021500345,393,2,1,4,8:55 PM,6:35,MISS Lamb 25' 3PT Jump Shot,,,,,4,203087,Jeremy Lamb,1610612766.0,Charlotte,Hornets,CHA,0,0,,,,,,0,0,,,,,
0021500345,394,4,0,4,8:55 PM,6:33,,,Thomas REBOUND (Off:0 Def:3),,,5,202738,Isaiah Thomas,1610612738.0,Boston,Celtics,BOS,0,0,,,,,,0,0,,,,,
0021500345,395,6,1,4,8:55 PM,6:31,Lin P.FOUL (P3.T3) (M.Kogut),,,,,4,202391,Jeremy Lin,1610612766.0,Charlotte,Hornets,CHA,5,202738,Isaiah Thomas,1610612738.0,Boston,Celtics,BOS,1,0,,,,,
0021500345,396,8,0,4,8:55 PM,6:31,,,SUB: Bradley FOR Thomas,,,5,202738,Isaiah Thomas,1610612738.0,Boston,Celtics,BOS,5,202340,Avery Bradley,1610612738.0,Boston,Celtics,BOS,0,0,,,,,
0021500345,397,8,0,4,8:55 PM,6:31,SUB: Walker FOR Lamb,,,,,4,203087,Jeremy Lamb,1610612766.0,Charlotte,Hornets,CHA,4,202689,Kemba Walker,1610612766.0,Charlotte,Hornets,CHA,0,0,,,,,
0021500345,398,1,5,4,8:55 PM,6:23,,,Olynyk 2' Layup (8 PTS) (Turner 3 AST),83 - 82,-1,5,203482,Kelly Olynyk,1610612738.0,Boston,Celtics,BOS,5,202323,Evan Turner,1610612738.0,Boston,Celtics,BOS,0,0,,,,,
0021500345,399,1,42,4,8:56 PM,6:06,Hawes 2' Driving Layup (10 PTS),,,83 - 84,1,4,201150,Spencer Hawes,1610612766.0,Charlotte,Hornets,CHA,0,0,,,,,,0,0,,,,,
0021500345,400,2,1,4,8:56 PM,5:45,,,MISS Bradley 21' Jump Shot,,,5,202340,Avery Bradley,1610612738.0,Boston,Celtics,BOS,0,0,,,,,,0,0,,,,,
0021500345,401,4,0,4,8:56 PM,5:43,Walker REBOUND (Off:1 Def:3),,,,,4,202689,Kemba Walker,1610612766.0,Charlotte,Hornets,CHA,0,0,,,,,,0,0,,,,,
0021500345,402,2,1,4,8:56 PM,5:23,MISS Batum 29' 3PT Jump Shot,,,,,4,201587,Nicolas Batum,1610612766.0,Charlotte,Hornets,CHA,0,0,,,,,,0,0,,,,,
0021500345,403,4,0,4,8:56 PM,5:21,,,Bradley REBOUND (Off:0 Def:3),,,5,202340,Avery Bradley,1610612738.0,Boston,Celtics,BOS,0,0,,,,,,0,0,,,,,
0021500345,404,2,1,4,8:56 PM,5:10,,,MISS Johnson 25' 3PT Jump Shot,,,5,101161,Amir Johnson,1610612738.0,Boston,Celtics,BOS,0,0,,,,,,0,0,,,,,
0021500345,405,4,0,4,8:57 PM,5:07,Kaminsky REBOUND (Off:0 Def:6),,,,,4,1626163,Frank Kaminsky,1610612766.0,Charlotte,Hornets,CHA,0,0,,,,,,0,0,,,,,
0021500345,406,2,1,4,8:57 PM,4:55,MISS Hawes 24' 3PT Jump Shot,,,,,4,201150,Spencer Hawes,1610612766.0,Charlotte,Hornets,CHA,0,0,,,,,,0,0,,,,,
0021500345,407,4,0,4,8:57 PM,4:53,Walker REBOUND (Off:2 Def:3),,,,,4,202689,Kemba Walker,1610612766.0,Charlotte,Hornets,CHA,0,0,,,,,,0,0,,,,,
0021500345,408,5,4,4,8:57 PM,4:51,Walker Traveling Turnover (P1.T11),,,,,4,202689,Kemba Walker,1610612766.0,Charlotte,Hornets,CHA,0,0,,,,,,1,0,,,,,
0021500345,409,9,1,4,8:57 PM,4:51,HORNETS Timeout: Regular (Full 4 Short 1),,,,,2,1610612766,,,,,,0,0,,,,,,0,0,,,,,
0021500345,411,8,0,4,8:59 PM,4:51,,,SUB: Thomas FOR Olynyk,,,5,203482,Kelly Olynyk,1610612738.0,Boston,Celtics,BOS,5,202738,Isaiah Thomas,1610612738.0,Boston,Celtics,BOS,0,0,,,,,
0021500345,412,8,0,4,8:59 PM,4:51,SUB: Williams FOR Kaminsky,,,,,4,1626163,Frank Kaminsky,1610612766.0,Charlotte,Hornets,CHA,4,101107,Marvin Williams,1610612766.0,Charlotte,Hornets,CHA,0,0,,,,,
0021500345,413,2,1,4,8:59 PM,4:40,,,MISS Crowder 24' 3PT Jump Shot,,,5,203109,Jae Crowder,1610612738.0,Boston,Celtics,BOS,0,0,,,,,,0,0,,,,,
0021500345,414,4,0,4,8:59 PM,4:38,Batum REBOUND (Off:0 Def:8),,,,,4,201587,Nicolas Batum,1610612766.0,Charlotte,Hornets,CHA,0,0,,,,,,0,0,,,,,
0021500345,415,1,80,4,9:00 PM,4:24,Batum 17' Step Back Jump Shot (21 PTS),,,83 - 86,3,4,201587,Nicolas Batum,1610612766.0,Charlotte,Hornets,CHA,0,0,,,,,,0,0,,,,,
0021500345,416,1,1,4,9:00 PM,4:10,,,Bradley 24' 3PT Jump Shot (21 PTS) (Thomas 13 AST),86 - 86,TIE,5,202340,Avery Bradley,1610612738.0,Boston,Celtics,BOS,5,202738,Isaiah Thomas,1610612738.0,Boston,Celtics,BOS,0,0,,,,,
0021500345,417,1,1,4,9:00 PM,3:45,Walker 27' 3PT Jump Shot (14 PTS) (Batum 2 AST),,,86 - 89,3,4,202689,Kemba Walker,1610612766.0,Charlotte,Hornets,CHA,4,201587,Nicolas Batum,1610612766.0,Charlotte,Hornets,CHA,0,0,,,,,
0021500345,418,1,98,4,9:01 PM,3:24,,,Johnson 1' Cutting Layup Shot (6 PTS) (Bradley 2 AST),88 - 89,1,5,101161,Amir Johnson,1610612738.0,Boston,Celtics,BOS,5,202340,Avery Bradley,1610612738.0,Boston,Celtics,BOS,0,0,,,,,
0021500345,419,2,1,4,9:01 PM,3:04,MISS Batum 13' Jump Shot,,Johnson BLOCK (2 BLK),,,4,201587,Nicolas Batum,1610612766.0,Charlotte,Hornets,CHA,0,0,,,,,,5,101161,Amir Johnson,1610612738.0,Boston,Celtics,BOS
0021500345,420,4,0,4,9:01 PM,3:04,HORNETS Rebound,,,,,2,1610612766,,,,,,0,0,,,,,,0,0,,,,,
0021500345,421,8,0,4,9:01 PM,3:04,SUB: Zeller FOR Hawes,,,,,4,201150,Spencer Hawes,1610612766.0,Charlotte,Hornets,CHA,4,203469,Cody Zeller,1610612766.0,Charlotte,Hornets,CHA,0,0,,,,,
0021500345,422,2,42,4,9:02 PM,2:57,MISS Walker 2' Driving Layup,,,,,4,202689,Kemba Walker,1610612766.0,Charlotte,Hornets,CHA,0,0,,,,,,0,0,,,,,
0021500345,423,4,0,4,9:02 PM,2:54,,,Crowder REBOUND (Off:0 Def:6),,,5,203109,Jae Crowder,1610612738.0,Boston,Celtics,BOS,0,0,,,,,,0,0,,,,,
0021500345,424,1,41,4,9:02 PM,2:52,,,Thomas  Running Layup (19 PTS) (Bradley 3 AST),90 - 89,-1,5,202738,Isaiah Thomas,1610612738.0,Boston,Celtics,BOS,5,202340,Avery Bradley,1610612738.0,Boston,Celtics,BOS,0,0,,,,,
0021500345,425,2,1,4,9:02 PM,2:25,MISS Walker 25' 3PT Jump Shot,,,,,4,202689,Kemba Walker,1610612766.0,Charlotte,Hornets,CHA,0,0,,,,,,0,0,,,,,
0021500345,426,4,0,4,9:02 PM,2:24,Lin REBOUND (Off:1 Def:4),,,,,4,202391,Jeremy Lin,1610612766.0,Charlotte,Hornets,CHA,0,0,,,,,,0,0,,,,,
0021500345,427,2,1,4,9:02 PM,2:21,MISS Williams 26' 3PT Jump Shot,,,,,4,101107,Marvin Williams,1610612766.0,Charlotte,Hornets,CHA,0,0,,,,,,0,0,,,,,
0021500345,428,4,0,4,9:02 PM,2:20,,,Johnson REBOUND (Off:0 Def:6),,,5,101161,Amir Johnson,1610612738.0,Boston,Celtics,BOS,0,0,,,,,,0,0,,,,,
0021500345,429,6,1,4,9:03 PM,2:09,Walker P.FOUL (P1.T4) (M.Kogut),,,,,4,202689,Kemba Walker,1610612766.0,Charlotte,Hornets,CHA,5,202738,Isaiah Thomas,1610612738.0,Boston,Celtics,BOS,1,0,,,,,
0021500345,430,9,1,4,9:03 PM,2:09,,,Celtics Timeout: Regular (Reg.4 Short 0),,,3,1610612738,,,,,,0,0,,,,,,0,0,,,,,
0021500345,435,1,42,4,9:05 PM,2:04,,,Bradley 1' Driving Layup (23 PTS),92 - 89,-3,5,202340,Avery Bradley,1610612738.0,Boston,Celtics,BOS,0,0,,,,,,0,0,,,,,
0021500345,436,1,42,4,9:06 PM,1:42,Lin  Driving Layup (14 PTS),,,92 - 91,-1,4,202391,Jeremy Lin,1610612766.0,Charlotte,Hornets,CHA,0,0,,,,,,0,0,,,,,
0021500345,437,2,1,4,9:06 PM,1:29,,,MISS Crowder 25' 3PT Jump Shot,,,5,203109,Jae Crowder,1610612738.0,Boston,Celtics,BOS,0,0,,,,,,0,0,,,,,
0021500345,438,4,0,4,9:06 PM,1:27,Williams REBOUND (Off:1 Def:4),,,,,4,101107,Marvin Williams,1610612766.0,Charlotte,Hornets,CHA,0,0,,,,,,0,0,,,,,
0021500345,439,2,5,4,9:06 PM,1:09,MISS Walker 2' Layup,,Johnson BLOCK (3 BLK),,,4,202689,Kemba Walker,1610612766.0,Charlotte,Hornets,CHA,0,0,,,,,,5,101161,Amir Johnson,1610612738.0,Boston,Celtics,BOS
0021500345,440,4,0,4,9:06 PM,1:07,,,Thomas REBOUND (Off:0 Def:4),,,5,202738,Isaiah Thomas,1610612738.0,Boston,Celtics,BOS,0,0,,,,,,0,0,,,,,
0021500345,441,2,5,4,9:07 PM,1:01,Lin BLOCK (2 BLK),,MISS Thomas 2' Layup,,,5,202738,Isaiah Thomas,1610612738.0,Boston,Celtics,BOS,0,0,,,,,,4,202391,Jeremy Lin,1610612766.0,Charlotte,Hornets,CHA
0021500345,442,4,0,4,9:07 PM,1:01,,,Thomas REBOUND (Off:1 Def:4),,,5,202738,Isaiah Thomas,1610612738.0,Boston,Celtics,BOS,0,0,,,,,,0,0,,,,,
0021500345,443,6,1,4,9:07 PM,1:01,Zeller P.FOUL (P3.PN) (B.Barnaky),,,,,4,203469,Cody Zeller,1610612766.0,Charlotte,Hornets,CHA,5,202738,Isaiah Thomas,1610612738.0,Boston,Celtics,BOS,1,0,,,,,
0021500345,444,3,11,4,9:07 PM,1:01,,,Thomas Free Throw 1 of 2 (20 PTS),93 - 91,-2,5,202738,Isaiah Thomas,1610612738.0,Boston,Celtics,BOS,0,0,,,,,,0,0,,,,,
0021500345,446,3,12,4,9:07 PM,1:01,,,Thomas Free Throw 2 of 2 (21 PTS),94 - 91,-3,5,202738,Isaiah Thomas,1610612738.0,Boston,Celtics,BOS,0,0,,,,,,0,0,,,,,
0021500345,448,2,1,4,9:08 PM,0:48,MISS Batum 25' 3PT Jump Shot,,,,,4,201587,Nicolas Batum,1610612766.0,Charlotte,Hornets,CHA,0,0,,,,,,0,0,,,,,
0021500345,449,4,0,4,9:08 PM,0:46,Walker REBOUND (Off:3 Def:3),,,,,4,202689,Kemba Walker,1610612766.0,Charlotte,Hornets,CHA,0,0,,,,,,0,0,,,,,
0021500345,450,2,1,4,9:08 PM,0:42,MISS Walker 25' 3PT Jump Shot,,,,,4,202689,Kemba Walker,1610612766.0,Charlotte,Hornets,CHA,0,0,,,,,,0,0,,,,,
0021500345,451,4,0,4,9:08 PM,0:40,,,Crowder REBOUND (Off:0 Def:7),,,5,203109,Jae Crowder,1610612738.0,Boston,Celtics,BOS,0,0,,,,,,0,0,,,,,
0021500345,452,9,1,4,9:08 PM,0:29,,,Celtics Timeout: Regular (Reg.5 Short 0),,,3,1610612738,,,,,,0,0,,,,,,0,0,,,,,
0021500345,456,2,1,4,9:10 PM,0:22,,,MISS Bradley 18' Jump Shot,,,5,202340,Avery Bradley,1610612738.0,Boston,Celtics,BOS,0,0,,,,,,0,0,,,,,
0021500345,457,4,0,4,9:10 PM,0:21,Williams REBOUND (Off:1 Def:5),,,,,4,101107,Marvin Williams,1610612766.0,Charlotte,Hornets,CHA,0,0,,,,,,0,0,,,,,
0021500345,458,9,2,4,9:10 PM,0:21,HORNETS Timeout: Short (Full 4 Short 2),,,,,2,1610612766,,,,,,0,0,,,,,,0,0,,,,,
0021500345,461,8,0,4,9:11 PM,0:21,SUB: Hawes FOR Zeller,,,,,4,203469,Cody Zeller,1610612766.0,Charlotte,Hornets,CHA,4,201150,Spencer Hawes,1610612766.0,Charlotte,Hornets,CHA,0,0,,,,,
0021500345,462,1,79,4,9:12 PM,0:13,Walker 16' Pullup Jump Shot (16 PTS),,,94 - 93,-1,4,202689,Kemba Walker,1610612766.0,Charlotte,Hornets,CHA,0,0,,,,,,0,0,,,,,
0021500345,463,6,1,4,9:12 PM,0:06,Walker P.FOUL (P2.PN) (M.Kogut),,,,,4,202689,Kemba Walker,1610612766.0,Charlotte,Hornets,CHA,5,203109,Jae Crowder,1610612738.0,Boston,Celtics,BOS,1,0,,,,,
0021500345,464,3,11,4,9:13 PM,0:06,,,Crowder Free Throw 1 of 2 (15 PTS),95 - 93,-2,5,203109,Jae Crowder,1610612738.0,Boston,Celtics,BOS,0,0,,,,,,0,0,,,,,
0021500345,466,8,0,4,9:13 PM,0:06,SUB: Zeller FOR Hawes,,,,,4,201150,Spencer Hawes,1610612766.0,Charlotte,Hornets,CHA,4,203469,Cody Zeller,1610612766.0,Charlotte,Hornets,CHA,0,0,,,,,
0021500345,467,3,12,4,9:13 PM,0:06,,,Crowder Free Throw 2 of 2 (16 PTS),96 - 93,-3,5,203109,Jae Crowder,1610612738.0,Boston,Celtics,BOS,0,0,,,,,,0,0,,,,,
0021500345,469,9,1,4,9:13 PM,0:06,HORNETS Timeout: Regular (Full 5 Short 2),,,,,2,1610612766,,,,,,0,0,,,,,,0,0,,,,,
0021500345,471,8,0,4,9:15 PM,0:06,,,SUB: Jerebko FOR Johnson,,,5,101161,Amir Johnson,1610612738.0,Boston,Celtics,BOS,5,201973,Jonas Jerebko,1610612738.0,Boston,Celtics,BOS,0,0,,,,,
0021500345,472,8,0,4,9:15 PM,0:06,SUB: Hawes FOR Zeller,,,,,4,203469,Cody Zeller,1610612766.0,Charlotte,Hornets,CHA,4,201150,Spencer Hawes,1610612766.0,Charlotte,Hornets,CHA,0,0,,,,,
0021500345,473,2,1,4,9:15 PM,0:03,MISS Batum 30' 3PT Jump Shot,,,,,4,201587,Nicolas Batum,1610612766.0,Charlotte,Hornets,CHA,0,0,,,,,,0,0,,,,,
0021500345,474,4,0,4,9:15 PM,0:03,,,Celtics Rebound,,,3,1610612738,,,,,,0,0,,,,,,0,0,,,,,
0021500345,475,9,2,4,9:16 PM,0:03,,,Celtics Timeout: Short (Reg.5 Short 1),,,3,1610612738,,,,,,0,0,,,,,,0,0,,,,,
0021500345,476,8,0,4,9:17 PM,0:03,,,SUB: Olynyk FOR Jerebko,,,5,201973,Jonas Jerebko,1610612738.0,Boston,Celtics,BOS,5,203482,Kelly Olynyk,1610612738.0,Boston,Celtics,BOS,0,0,,,,,
0021500345,477,8,0,4,9:17 PM,0:03,SUB: Zeller FOR Hawes,,,,,4,201150,Spencer Hawes,1610612766.0,Charlotte,Hornets,CHA,4,203469,Cody Zeller,1610612766.0,Charlotte,Hornets,CHA,0,0,,,,,
0021500345,478,1,44,4,9:17 PM,0:02,,,Turner 1' Reverse Layup (10 PTS) (Crowder 1 AST),98 - 93,-5,5,202323,Evan Turner,1610612738.0,Boston,Celtics,BOS,5,203109,Jae Crowder,1610612738.0,Boston,Celtics,BOS,0,0,,,,,
0021500345,479,6,2,4,9:17 PM,0:02,Batum S.FOUL (P2.PN) (D.Crawford),,,,,4,201587,Nicolas Batum,1610612766.0,Charlotte,Hornets,CHA,5,202323,Evan Turner,1610612738.0,Boston,Celtics,BOS,1,0,,,,,
0021500345,480,3,10,4,9:17 PM,0:02,,,MISS Turner Free Throw 1 of 1,,,5,202323,Evan Turner,1610612738.0,Boston,Celtics,BOS,0,0,,,,,,0,0,,,,,
0021500345,482,4,0,4,9:17 PM,0:01,Williams REBOUND (Off:1 Def:6),,,,,4,101107,Marvin Williams,1610612766.0,Charlotte,Hornets,CHA,0,0,,,,,,0,0,,,,,
0021500345,483,13,0,4,9:18 PM,0:00,,,,98 - 93,-5,0,0,,,,,,0,0,,,,,,0,0,,,,,
