GAME_ID,EVENTNUM,EVENTMSGTYPE,EVENTMSGACTIONTYPE,PERIOD,WCTIMESTRING,PCTIMESTRING,HOMEDESCRIPTION,NEUTRALDESCRIPTION,VISITORDESCRIPTION,SCORE,SCOREMARGIN,PERSON1TYPE,PLAYER1_ID,PLAYER1_NAME,PLAYER1_TEAM_ID,PLAYER1_TEAM_CITY,PLAYER1_TEAM_NICKNAME,PLAYER1_TEAM_ABBREVIATION,PERSON2TYPE,PLAYER2_ID,PLAYER2_NAME,PLAYER2_TEAM_ID,PLAYER2_TEAM_CITY,PLAYER2_TEAM_NICKNAME,PLAYER2_TEAM_ABBREVIATION,PERSON3TYPE,PLAYER3_ID,PLAYER3_NAME,PLAYER3_TEAM_ID,PLAYER3_TEAM_CITY,PLAYER3_TEAM_NICKNAME,PLAYER3_TEAM_ABBREVIATION
0021500038,0,12,0,1,10:41 PM,12:00,,,,,,0.0,0,,,,,,0,0,,,,,,0,0,,,,,
0021500038,1,10,0,1,10:41 PM,12:00,Jump Ball Jordan vs. Cauley-Stein: Tip to Griffin,,,,,4.0,201599,DeAndre Jordan,1610612746.0,LA,Clippers,LAC,5,1626161,Willie Cauley-Stein,1610612758.0,Sacramento,Kings,SAC,4,201933,Blake Griffin,1610612746.0,LA,Clippers,LAC
0021500038,2,1,63,1,10:41 PM,11:38,Griffin 8' Fadeaway Jumper (2 PTS),,,0 - 2,2,4.0,201933,Blake Griffin,1610612746.0,LA,Clippers,LAC,0,0,,,,,,0,0,,,,,
0021500038,3,1,1,1,10:41 PM,11:23,,,Gay 24' 3PT Jump Shot (3 PTS) (Cousins 1 AST),3 - 2,-1,5.0,200752,Rudy Gay,1610612758.0,Sacramento,Kings,SAC,5,202326,DeMarcus Cousins,1610612758.0,Sacramento,Kings,SAC,0,0,,,,,
0021500038,4,2,1,1,10:41 PM,11:15,MISS Stephenson 19' Jump Shot,,,,,4.0,202362,Lance Stephenson,1610612746.0,LA,Clippers,LAC,0,0,,,,,,0,0,,,,,
0021500038,5,4,0,1,10:41 PM,11:15,,,McLemore REBOUND (Off:0 Def:1),,,5.0,203463,Ben McLemore,1610612758.0,Sacramento,Kings,SAC,0,0,,,,,,0,0,,,,,
0021500038,6,2,1,1,10:41 PM,11:05,,,MISS Cousins 26' 3PT Jump Shot,,,5.0,202326,DeMarcus Cousins,1610612758.0,Sacramento,Kings,SAC,0,0,,,,,,0,0,,,,,
0021500038,7,4,0,1,10:42 PM,11:04,Griffin REBOUND (Off:0 Def:1),,,,,4.0,201933,Blake Griffin,1610612746.0,LA,Clippers,LAC,0,0,,,,,,0,0,,,,,
0021500038,8,5,2,1,10:42 PM,11:00,Paul Lost Ball Turnover (P1.T1),,Gay STEAL (1 STL),,,4.0,101108,Chris Paul,1610612746.0,LA,Clippers,LAC,5,200752,Rudy Gay,1610612758.0,Sacramento,Kings,SAC,0,0,,,,,
0021500038,10,2,1,1,10:42 PM,10:44,,,MISS Rondo 20' Jump Shot,,,5.0,200765,Rajon Rondo,1610612758.0,Sacramento,Kings,SAC,0,0,,,,,,0,0,,,,,
0021500038,11,4,0,1,10:42 PM,10:44,Jordan REBOUND (Off:0 Def:1),,,,,4.0,201599,DeAndre Jordan,1610612746.0,LA,Clippers,LAC,0,0,,,,,,0,0,,,,,
0021500038,12,1,1,1,10:42 PM,10:34,Redick 21' Jump Shot (2 PTS) (Griffin 1 AST),,,3 - 4,1,4.0,200755,JJ Redick,1610612746.0,LA,Clippers,LAC,4,201933,Blake Griffin,1610612746.0,LA,Clippers,LAC,0,0,,,,,
0021500038,13,6,4,1,10:42 PM,10:29,,,Cauley-Stein OFF.Foul (P1) (T.Washington),,,5.0,1626161,Willie Cauley-Stein,1610612758.0,Sacramento,Kings,SAC,4,101108,Chris Paul,1610612746.0,LA,Clippers,LAC,1,0,,,,,
0021500038,14,5,5,1,10:42 PM,10:29,,,Cauley-Stein Foul Turnover (P1.T1),,,5.0,1626161,Willie Cauley-Stein,1610612758.0,Sacramento,Kings,SAC,0,0,,,,,,1,0,,,,,
0021500038,15,1,1,1,10:43 PM,10:12,Redick 24' 3PT Jump Shot (5 PTS) (Griffin 2 AST),,,3 - 7,4,4.0,200755,JJ Redick,1610612746.0,LA,Clippers,LAC,4,201933,Blake Griffin,1610612746.0,LA,Clippers,LAC,0,0,,,,,
0021500038,18,1,5,1,10:43 PM,10:04,,,McLemore 1' Layup (2 PTS) (Rondo 1 AST),5 - 7,2,5.0,203463,Ben McLemore,1610612758.0,Sacramento,Kings,SAC,5,200765,Rajon Rondo,1610612758.0,Sacramento,Kings,SAC,0,0,,,,,
0021500038,19,6,2,1,10:43 PM,10:04,Redick S.FOUL (P1.T1) (C.Blair),,,,,4.0,200755,JJ Redick,1610612746.0,LA,Clippers,LAC,5,203463,Ben McLemore,1610612758.0,Sacramento,Kings,SAC,1,0,,,,,
0021500038,20,3,10,1,10:44 PM,10:04,,,McLemore Free Throw 1 of 1 (3 PTS),6 - 7,1,5.0,203463,Ben McLemore,1610612758.0,Sacramento,Kings,SAC,0,0,,,,,,0,0,,,,,
0021500038,22,1,98,1,10:44 PM,9:56,Jordan 1' Cutting Layup Shot (2 PTS) (Paul 1 AST),,,6 - 9,3,4.0,201599,DeAndre Jordan,1610612746.0,LA,Clippers,LAC,4,101108,Chris Paul,1610612746.0,LA,Clippers,LAC,0,0,,,,,
0021500038,23,6,2,1,10:44 PM,9:56,,,Gay S.FOUL (P1.T1) (C.Blair),,,5.0,200752,Rudy Gay,1610612758.0,Sacramento,Kings,SAC,4,201599,DeAndre Jordan,1610612746.0,LA,Clippers,LAC,1,0,,,,,
0021500038,24,3,10,1,10:44 PM,9:56,MISS Jordan Free Throw 1 of 1,,,,,4.0,201599,DeAndre Jordan,1610612746.0,LA,Clippers,LAC,0,0,,,,,,0,0,,,,,
0021500038,26,4,0,1,10:44 PM,9:55,,,Kings Rebound,,,3.0,1610612758,,,,,,0,0,,,,,,0,0,,,,,
0021500038,27,2,5,1,10:45 PM,9:37,,,MISS McLemore 2' Layup,,,5.0,203463,Ben McLemore,1610612758.0,Sacramento,Kings,SAC,0,0,,,,,,0,0,,,,,
0021500038,28,4,0,1,10:45 PM,9:36,,,Cauley-Stein REBOUND (Off:1 Def:0),,,5.0,1626161,Willie Cauley-Stein,1610612758.0,Sacramento,Kings,SAC,0,0,,,,,,0,0,,,,,
0021500038,29,1,87,1,10:45 PM,9:33,,,Cauley-Stein  Putback Dunk (2 PTS),8 - 9,1,5.0,1626161,Willie Cauley-Stein,1610612758.0,Sacramento,Kings,SAC,0,0,,,,,,0,0,,,,,
0021500038,30,5,1,1,10:45 PM,9:33,Paul Bad Pass Turnover (P2.T2),,,,,4.0,101108,Chris Paul,1610612746.0,LA,Clippers,LAC,0,0,,,,,,0,0,,,,,
0021500038,32,6,1,1,10:45 PM,9:24,Paul P.FOUL (P1.T2) (M.Ayotte),,,,,4.0,101108,Chris Paul,1610612746.0,LA,Clippers,LAC,5,200765,Rajon Rondo,1610612758.0,Sacramento,Kings,SAC,1,0,,,,,
0021500038,33,1,1,1,10:46 PM,9:13,,,Cousins 20' Jump Shot (2 PTS) (Rondo 2 AST),10 - 9,-1,5.0,202326,DeMarcus Cousins,1610612758.0,Sacramento,Kings,SAC,5,200765,Rajon Rondo,1610612758.0,Sacramento,Kings,SAC,0,0,,,,,
0021500038,34,5,1,1,10:46 PM,9:10,Griffin Bad Pass Turnover (P1.T3),,Cauley-Stein STEAL (1 STL),,,4.0,201933,Blake Griffin,1610612746.0,LA,Clippers,LAC,5,1626161,Willie Cauley-Stein,1610612758.0,Sacramento,Kings,SAC,0,0,,,,,
0021500038,35,5,1,1,10:46 PM,9:06,Paul STEAL (1 STL),,Cauley-Stein Bad Pass Turnover (P2.T2),,,5.0,1626161,Willie Cauley-Stein,1610612758.0,Sacramento,Kings,SAC,4,101108,Chris Paul,1610612746.0,LA,Clippers,LAC,0,0,,,,,
0021500038,36,1,7,1,10:46 PM,8:54,Jordan  Dunk (4 PTS) (Stephenson 1 AST),,,10 - 11,1,4.0,201599,DeAndre Jordan,1610612746.0,LA,Clippers,LAC,4,202362,Lance Stephenson,1610612746.0,LA,Clippers,LAC,0,0,,,,,
0021500038,37,5,1,1,10:46 PM,8:41,Jordan STEAL (1 STL),,Gay Bad Pass Turnover (P1.T3),,,5.0,200752,Rudy Gay,1610612758.0,Sacramento,Kings,SAC,4,201599,DeAndre Jordan,1610612746.0,LA,Clippers,LAC,0,0,,,,,
0021500038,38,2,1,1,10:46 PM,8:33,MISS Redick 14' Jump Shot,,,,,4.0,200755,JJ Redick,1610612746.0,LA,Clippers,LAC,0,0,,,,,,0,0,,,,,
0021500038,39,4,0,1,10:46 PM,8:27,,,Cauley-Stein REBOUND (Off:1 Def:1),,,5.0,1626161,Willie Cauley-Stein,1610612758.0,Sacramento,Kings,SAC,0,0,,,,,,0,0,,,,,
0021500038,40,1,79,1,10:46 PM,8:21,,,Rondo 19' Pullup Jump Shot (2 PTS),12 - 11,-1,5.0,200765,Rajon Rondo,1610612758.0,Sacramento,Kings,SAC,0,0,,,,,,0,0,,,,,
0021500038,41,1,1,1,10:47 PM,8:02,Griffin 18' Jump Shot (4 PTS) (Paul 2 AST),,,12 - 13,1,4.0,201933,Blake Griffin,1610612746.0,LA,Clippers,LAC,4,101108,Chris Paul,1610612746.0,LA,Clippers,LAC,0,0,,,,,
0021500038,43,2,1,1,10:47 PM,7:37,,,MISS Cousins 22' Jump Shot,,,5.0,202326,DeMarcus Cousins,1610612758.0,Sacramento,Kings,SAC,0,0,,,,,,0,0,,,,,
0021500038,44,4,0,1,10:47 PM,7:36,Paul REBOUND (Off:0 Def:1),,,,,4.0,101108,Chris Paul,1610612746.0,LA,Clippers,LAC,0,0,,,,,,0,0,,,,,
0021500038,45,2,1,1,10:48 PM,7:27,MISS Griffin 19' Jump Shot,,,,,4.0,201933,Blake Griffin,1610612746.0,LA,Clippers,LAC,0,0,,,,,,0,0,,,,,
0021500038,46,4,0,1,10:48 PM,7:26,,,Cousins REBOUND (Off:0 Def:1),,,5.0,202326,DeMarcus Cousins,1610612758.0,Sacramento,Kings,SAC,0,0,,,,,,0,0,,,,,
0021500038,47,1,46,1,10:48 PM,7:17,,,Cousins 5' Running Jump Shot (4 PTS),14 - 13,-1,5.0,202326,DeMarcus Cousins,1610612758.0,Sacramento,Kings,SAC,0,0,,,,,,0,0,,,,,
0021500038,48,5,1,1,10:48 PM,7:03,Jordan Bad Pass Turnover (P1.T4),,Cousins STEAL (1 STL),,,4.0,201599,DeAndre Jordan,1610612746.0,LA,Clippers,LAC,5,202326,DeMarcus Cousins,1610612758.0,Sacramento,Kings,SAC,0,0,,,,,
0021500038,49,6,2,1,10:48 PM,6:59,Stephenson S.FOUL (P1.T3) (M.Ayotte),,,,,4.0,202362,Lance Stephenson,1610612746.0,LA,Clippers,LAC,5,200765,Rajon Rondo,1610612758.0,Sacramento,Kings,SAC,1,0,,,,,
0021500038,50,3,11,1,10:48 PM,6:59,,,Rondo Free Throw 1 of 2 (3 PTS),15 - 13,-2,5.0,200765,Rajon Rondo,1610612758.0,Sacramento,Kings,SAC,0,0,,,,,,0,0,,,,,
0021500038,52,8,0,1,10:49 PM,6:59,,,SUB: Casspi FOR Cauley-Stein,,,5.0,1626161,Willie Cauley-Stein,1610612758.0,Sacramento,Kings,SAC,5,201956,Omri Casspi,1610612758.0,Sacramento,Kings,SAC,0,0,,,,,
0021500038,53,3,12,1,10:49 PM,6:59,,,MISS Rondo Free Throw 2 of 2,,,5.0,200765,Rajon Rondo,1610612758.0,Sacramento,Kings,SAC,0,0,,,,,,0,0,,,,,
0021500038,55,4,0,1,10:49 PM,6:58,Paul REBOUND (Off:0 Def:2),,,,,4.0,101108,Chris Paul,1610612746.0,LA,Clippers,LAC,0,0,,,,,,0,0,,,,,
0021500038,56,2,1,1,10:49 PM,6:35,MISS Paul 26' 3PT Jump Shot,,,,,4.0,101108,Chris Paul,1610612746.0,LA,Clippers,LAC,0,0,,,,,,0,0,,,,,
0021500038,57,4,0,1,10:49 PM,6:35,,,Gay REBOUND (Off:0 Def:1),,,5.0,200752,Rudy Gay,1610612758.0,Sacramento,Kings,SAC,0,0,,,,,,0,0,,,,,
0021500038,58,2,41,1,10:50 PM,6:27,,,MISS Rondo 2' Running Layup,,,5.0,200765,Rajon Rondo,1610612758.0,Sacramento,Kings,SAC,0,0,,,,,,0,0,,,,,
0021500038,59,4,0,1,10:50 PM,6:23,,,Cousins REBOUND (Off:1 Def:1),,,5.0,202326,DeMarcus Cousins,1610612758.0,Sacramento,Kings,SAC,0,0,,,,,,0,0,,,,,
0021500038,60,1,5,1,10:50 PM,6:17,,,Cousins 2' Layup (6 PTS),17 - 13,-4,5.0,202326,DeMarcus Cousins,1610612758.0,Sacramento,Kings,SAC,0,0,,,,,,0,0,,,,,
0021500038,61,6,29,1,10:50 PM,6:09,,,McLemore Shooting Block Foul (P1.T2) (C.Blair),,,5.0,203463,Ben McLemore,1610612758.0,Sacramento,Kings,SAC,4,201933,Blake Griffin,1610612746.0,LA,Clippers,LAC,1,0,,,,,
0021500038,63,3,11,1,10:50 PM,6:09,Griffin Free Throw 1 of 2 (5 PTS),,,17 - 14,-3,4.0,201933,Blake Griffin,1610612746.0,LA,Clippers,LAC,0,0,,,,,,0,0,,,,,
0021500038,66,3,12,1,10:51 PM,6:09,MISS Griffin Free Throw 2 of 2,,,,,4.0,201933,Blake Griffin,1610612746.0,LA,Clippers,LAC,0,0,,,,,,0,0,,,,,
0021500038,68,4,0,1,10:51 PM,6:07,,,Gay REBOUND (Off:0 Def:2),,,5.0,200752,Rudy Gay,1610612758.0,Sacramento,Kings,SAC,0,0,,,,,,0,0,,,,,
0021500038,69,2,1,1,10:51 PM,5:53,,,MISS Cousins 21' Jump Shot,,,5.0,202326,DeMarcus Cousins,1610612758.0,Sacramento,Kings,SAC,0,0,,,,,,0,0,,,,,
0021500038,70,4,0,1,10:51 PM,5:52,Stephenson REBOUND (Off:0 Def:1),,,,,4.0,202362,Lance Stephenson,1610612746.0,LA,Clippers,LAC,0,0,,,,,,0,0,,,,,
0021500038,71,2,52,1,10:51 PM,5:41,MISS Jordan  Alley Oop Dunk,,,,,4.0,201599,DeAndre Jordan,1610612746.0,LA,Clippers,LAC,0,0,,,,,,0,0,,,,,
0021500038,72,4,0,1,10:51 PM,5:39,,,Cousins REBOUND (Off:1 Def:2),,,5.0,202326,DeMarcus Cousins,1610612758.0,Sacramento,Kings,SAC,0,0,,,,,,0,0,,,,,
0021500038,73,1,108,1,10:51 PM,5:33,,,Cousins  Cutting Dunk Shot (8 PTS) (Gay 1 AST),19 - 14,-5,5.0,202326,DeMarcus Cousins,1610612758.0,Sacramento,Kings,SAC,5,200752,Rudy Gay,1610612758.0,Sacramento,Kings,SAC,0,0,,,,,
0021500038,74,9,1,1,10:52 PM,5:31,CLIPPERS Timeout: Regular (Full 1 Short 0),,,,,2.0,1610612746,,,,,,0,0,,,,,,0,0,,,,,
0021500038,76,1,1,1,10:54 PM,5:21,Redick 19' Jump Shot (7 PTS) (Griffin 3 AST),,,19 - 16,-3,4.0,200755,JJ Redick,1610612746.0,LA,Clippers,LAC,4,201933,Blake Griffin,1610612746.0,LA,Clippers,LAC,0,0,,,,,
0021500038,77,5,40,1,10:55 PM,5:08,,,Cousins Out of Bounds Lost Ball Turnover (P1.T4),,,5.0,202326,DeMarcus Cousins,1610612758.0,Sacramento,Kings,SAC,0,0,,,,,,0,0,,,,,
0021500038,78,6,2,1,10:55 PM,4:57,,,Gay S.FOUL (P2.T3) (C.Blair),,,5.0,200752,Rudy Gay,1610612758.0,Sacramento,Kings,SAC,4,201599,DeAndre Jordan,1610612746.0,LA,Clippers,LAC,1,0,,,,,
0021500038,79,3,11,1,10:55 PM,4:57,Jordan Free Throw 1 of 2 (5 PTS),,,19 - 17,-2,4.0,201599,DeAndre Jordan,1610612746.0,LA,Clippers,LAC,0,0,,,,,,0,0,,,,,
0021500038,81,8,0,1,10:56 PM,4:57,,,SUB: Collison FOR McLemore,,,5.0,203463,Ben McLemore,1610612758.0,Sacramento,Kings,SAC,5,201954,Darren Collison,1610612758.0,Sacramento,Kings,SAC,0,0,,,,,
0021500038,82,8,0,1,10:56 PM,4:57,,,SUB: Koufos FOR Gay,,,5.0,200752,Rudy Gay,1610612758.0,Sacramento,Kings,SAC,5,201585,Kosta Koufos,1610612758.0,Sacramento,Kings,SAC,0,0,,,,,
0021500038,83,3,12,1,10:56 PM,4:57,MISS Jordan Free Throw 2 of 2,,,,,4.0,201599,DeAndre Jordan,1610612746.0,LA,Clippers,LAC,0,0,,,,,,0,0,,,,,
0021500038,85,4,0,1,10:56 PM,4:56,,,Koufos REBOUND (Off:0 Def:1),,,5.0,201585,Kosta Koufos,1610612758.0,Sacramento,Kings,SAC,0,0,,,,,,0,0,,,,,
0021500038,86,2,42,1,10:56 PM,4:51,Redick BLOCK (1 BLK),,MISS Collison 1' Driving Layup,,,5.0,201954,Darren Collison,1610612758.0,Sacramento,Kings,SAC,0,0,,,,,,4,200755,JJ Redick,1610612746.0,LA,Clippers,LAC
0021500038,87,4,0,1,10:56 PM,4:51,,,Kings Rebound,,,3.0,1610612758,,,,,,0,0,,,,,,0,0,,,,,
0021500038,88,2,1,1,10:56 PM,4:42,,,MISS Collison 19' Jump Shot,,,5.0,201954,Darren Collison,1610612758.0,Sacramento,Kings,SAC,0,0,,,,,,0,0,,,,,
0021500038,89,4,0,1,10:57 PM,4:41,Jordan REBOUND (Off:0 Def:2),,,,,4.0,201599,DeAndre Jordan,1610612746.0,LA,Clippers,LAC,0,0,,,,,,0,0,,,,,
0021500038,90,6,26,1,10:57 PM,4:27,Griffin Offensive Charge Foul (P1.T4) (C.Blair),,,,,4.0,201933,Blake Griffin,1610612746.0,LA,Clippers,LAC,5,202326,DeMarcus Cousins,1610612758.0,Sacramento,Kings,SAC,1,0,,,,,
0021500038,91,5,5,1,10:57 PM,4:27,Griffin Foul Turnover (P2.T5),,,,,4.0,201933,Blake Griffin,1610612746.0,LA,Clippers,LAC,0,0,,,,,,1,0,,,,,
0021500038,92,8,0,1,10:57 PM,4:27,SUB: Pierce FOR Stephenson,,,,,4.0,202362,Lance Stephenson,1610612746.0,LA,Clippers,LAC,4,1718,Paul Pierce,1610612746.0,LA,Clippers,LAC,0,0,,,,,
0021500038,93,1,1,1,10:57 PM,4:09,,,Rondo 25' 3PT Jump Shot (6 PTS),22 - 17,-5,5.0,200765,Rajon Rondo,1610612758.0,Sacramento,Kings,SAC,0,0,,,,,,0,0,,,,,
0021500038,94,1,1,1,10:58 PM,3:55,Griffin 17' Jump Shot (7 PTS) (Paul 3 AST),,,22 - 19,-3,4.0,201933,Blake Griffin,1610612746.0,LA,Clippers,LAC,4,101108,Chris Paul,1610612746.0,LA,Clippers,LAC,0,0,,,,,
0021500038,95,2,1,1,10:58 PM,3:43,,,MISS Rondo 9' Jump Shot,,,5.0,200765,Rajon Rondo,1610612758.0,Sacramento,Kings,SAC,0,0,,,,,,0,0,,,,,
0021500038,96,4,0,1,10:58 PM,3:42,,,Koufos REBOUND (Off:1 Def:1),,,5.0,201585,Kosta Koufos,1610612758.0,Sacramento,Kings,SAC,0,0,,,,,,0,0,,,,,
0021500038,97,2,1,1,10:58 PM,3:37,,,MISS Cousins 25' 3PT Jump Shot,,,5.0,202326,DeMarcus Cousins,1610612758.0,Sacramento,Kings,SAC,0,0,,,,,,0,0,,,,,
0021500038,98,4,0,1,10:58 PM,3:36,Griffin REBOUND (Off:0 Def:2),,,,,4.0,201933,Blake Griffin,1610612746.0,LA,Clippers,LAC,0,0,,,,,,0,0,,,,,
0021500038,99,2,1,1,10:58 PM,3:21,MISS Paul 24' 3PT Jump Shot,,,,,4.0,101108,Chris Paul,1610612746.0,LA,Clippers,LAC,0,0,,,,,,0,0,,,,,
0021500038,100,4,0,1,10:58 PM,3:21,,,Cousins REBOUND (Off:1 Def:3),,,5.0,202326,DeMarcus Cousins,1610612758.0,Sacramento,Kings,SAC,0,0,,,,,,0,0,,,,,
0021500038,101,1,42,1,10:58 PM,3:14,,,Collison 2' Driving Layup (2 PTS),24 - 19,-5,5.0,201954,Darren Collison,1610612758.0,Sacramento,Kings,SAC,0,0,,,,,,0,0,,,,,
0021500038,102,1,1,1,10:59 PM,3:01,Pierce 26' 3PT Jump Shot (3 PTS) (Griffin 4 AST),,,24 - 22,-2,4.0,1718,Paul Pierce,1610612746.0,LA,Clippers,LAC,4,201933,Blake Griffin,1610612746.0,LA,Clippers,LAC,0,0,,,,,
0021500038,103,6,26,1,10:59 PM,2:56,,,Collison Offensive Charge Foul (P1.T4) (T.Washington),,,5.0,201954,Darren Collison,1610612758.0,Sacramento,Kings,SAC,4,201933,Blake Griffin,1610612746.0,LA,Clippers,LAC,1,0,,,,,
0021500038,104,5,5,1,10:59 PM,2:56,,,Collison Foul Turnover (P1.T5),,,5.0,201954,Darren Collison,1610612758.0,Sacramento,Kings,SAC,0,0,,,,,,1,0,,,,,
0021500038,105,9,1,1,10:59 PM,2:56,,,Kings Timeout: Regular (Reg.1 Short 0),,,3.0,1610612758,,,,,,0,0,,,,,,0,0,,,,,
0021500038,108,8,0,1,11:01 PM,2:56,SUB: Crawford FOR Redick,,,,,4.0,200755,JJ Redick,1610612746.0,LA,Clippers,LAC,4,2037,Jamal Crawford,1610612746.0,LA,Clippers,LAC,0,0,,,,,
0021500038,107,8,0,1,11:01 PM,2:56,SUB: Smith FOR Griffin,,,,,4.0,201933,Blake Griffin,1610612746.0,LA,Clippers,LAC,4,2746,Josh Smith,1610612746.0,LA,Clippers,LAC,0,0,,,,,
0021500038,109,8,0,1,11:01 PM,2:56,SUB: Rivers FOR Paul,,,,,4.0,101108,Chris Paul,1610612746.0,LA,Clippers,LAC,4,203085,Austin Rivers,1610612746.0,LA,Clippers,LAC,0,0,,,,,
0021500038,110,8,0,1,11:01 PM,2:56,,,SUB: Belinelli FOR Cousins,,,5.0,202326,DeMarcus Cousins,1610612758.0,Sacramento,Kings,SAC,5,201158,Marco Belinelli,1610612758.0,Sacramento,Kings,SAC,0,0,,,,,
0021500038,111,8,0,1,11:01 PM,2:56,,,SUB: Cauley-Stein FOR Rondo,,,5.0,200765,Rajon Rondo,1610612758.0,Sacramento,Kings,SAC,5,1626161,Willie Cauley-Stein,1610612758.0,Sacramento,Kings,SAC,0,0,,,,,
0021500038,112,1,46,1,11:02 PM,2:42,Crawford 8' Running Jump Shot (2 PTS),,,24 - 24,TIE,4.0,2037,Jamal Crawford,1610612746.0,LA,Clippers,LAC,0,0,,,,,,0,0,,,,,
0021500038,113,2,1,1,11:02 PM,2:26,,,MISS Belinelli 19' Jump Shot,,,5.0,201158,Marco Belinelli,1610612758.0,Sacramento,Kings,SAC,0,0,,,,,,0,0,,,,,
0021500038,114,4,0,1,11:02 PM,2:25,Jordan REBOUND (Off:0 Def:3),,,,,4.0,201599,DeAndre Jordan,1610612746.0,LA,Clippers,LAC,0,0,,,,,,0,0,,,,,
0021500038,115,2,1,1,11:02 PM,2:15,MISS Smith 26' 3PT Jump Shot,,,,,4.0,2746,Josh Smith,1610612746.0,LA,Clippers,LAC,0,0,,,,,,0,0,,,,,
0021500038,116,4,0,1,11:02 PM,2:14,,,Kings Rebound,,,3.0,1610612758,,,,,,0,0,,,,,,0,0,,,,,
0021500038,117,8,0,1,11:02 PM,2:14,SUB: W. Johnson FOR Jordan,,,,,4.0,201599,DeAndre Jordan,1610612746.0,LA,Clippers,LAC,4,202325,Wesley Johnson,1610612746.0,LA,Clippers,LAC,0,0,,,,,
0021500038,118,2,1,1,11:03 PM,1:58,,,MISS Casspi 7' Jump Shot,,,5.0,201956,Omri Casspi,1610612758.0,Sacramento,Kings,SAC,0,0,,,,,,0,0,,,,,
0021500038,119,4,0,1,11:03 PM,1:58,,,Koufos REBOUND (Off:2 Def:1),,,5.0,201585,Kosta Koufos,1610612758.0,Sacramento,Kings,SAC,0,0,,,,,,0,0,,,,,
0021500038,120,2,97,1,11:03 PM,1:53,,,MISS Koufos 1' Tip Layup Shot,,,5.0,201585,Kosta Koufos,1610612758.0,Sacramento,Kings,SAC,0,0,,,,,,0,0,,,,,
0021500038,121,4,0,1,11:03 PM,1:51,,,Casspi REBOUND (Off:1 Def:0),,,5.0,201956,Omri Casspi,1610612758.0,Sacramento,Kings,SAC,0,0,,,,,,0,0,,,,,
0021500038,122,1,5,1,11:03 PM,1:48,,,Casspi 1' Layup (2 PTS),26 - 24,-2,5.0,201956,Omri Casspi,1610612758.0,Sacramento,Kings,SAC,0,0,,,,,,0,0,,,,,
0021500038,125,2,1,1,11:03 PM,1:32,MISS Crawford 25' 3PT Jump Shot,,,,,4.0,2037,Jamal Crawford,1610612746.0,LA,Clippers,LAC,0,0,,,,,,0,0,,,,,
0021500038,126,4,0,1,11:03 PM,1:31,,,Cauley-Stein REBOUND (Off:1 Def:2),,,5.0,1626161,Willie Cauley-Stein,1610612758.0,Sacramento,Kings,SAC,0,0,,,,,,0,0,,,,,
0021500038,127,2,3,1,11:04 PM,1:11,,,MISS Cauley-Stein 7' Hook Shot,,,5.0,1626161,Willie Cauley-Stein,1610612758.0,Sacramento,Kings,SAC,0,0,,,,,,0,0,,,,,
0021500038,128,4,0,1,11:04 PM,1:09,,,Cauley-Stein REBOUND (Off:2 Def:2),,,5.0,1626161,Willie Cauley-Stein,1610612758.0,Sacramento,Kings,SAC,0,0,,,,,,0,0,,,,,
0021500038,129,2,97,1,11:04 PM,1:07,,,MISS Cauley-Stein 1' Tip Layup Shot,,,5.0,1626161,Willie Cauley-Stein,1610612758.0,Sacramento,Kings,SAC,0,0,,,,,,0,0,,,,,
0021500038,130,4,0,1,11:04 PM,1:07,W. Johnson REBOUND (Off:0 Def:1),,,,,4.0,202325,Wesley Johnson,1610612746.0,LA,Clippers,LAC,0,0,,,,,,0,0,,,,,
0021500038,131,5,4,1,11:04 PM,1:07,Pierce Traveling Turnover (P1.T6),,,,,4.0,1718,Paul Pierce,1610612746.0,LA,Clippers,LAC,0,0,,,,,,1,0,,,,,
0021500038,132,1,1,1,11:04 PM,0:54,,,Casspi 26' 3PT Jump Shot (5 PTS) (Collison 1 AST),29 - 24,-5,5.0,201956,Omri Casspi,1610612758.0,Sacramento,Kings,SAC,5,201954,Darren Collison,1610612758.0,Sacramento,Kings,SAC,0,0,,,,,
0021500038,133,5,1,1,11:04 PM,0:46,Smith Bad Pass Turnover (P1.T7),,Cauley-Stein STEAL (2 STL),,,4.0,2746,Josh Smith,1610612746.0,LA,Clippers,LAC,5,1626161,Willie Cauley-Stein,1610612758.0,Sacramento,Kings,SAC,0,0,,,,,
0021500038,134,2,1,1,11:05 PM,0:35,Smith BLOCK (1 BLK),,MISS Belinelli 3' Jump Shot,,,5.0,201158,Marco Belinelli,1610612758.0,Sacramento,Kings,SAC,0,0,,,,,,4,2746,Josh Smith,1610612746.0,LA,Clippers,LAC
0021500038,135,4,0,1,11:05 PM,0:35,,,Kings Rebound,,,3.0,1610612758,,,,,,0,0,,,,,,0,0,,,,,
0021500038,136,5,45,1,11:05 PM,0:35,,,Casspi Out of Bounds - Bad Pass Turnover Turnover (P1.T6),,,5.0,201956,Omri Casspi,1610612758.0,Sacramento,Kings,SAC,0,0,,,,,,0,0,,,,,
0021500038,137,5,1,1,11:05 PM,0:26,Rivers Bad Pass Turnover (P1.T8),,Cauley-Stein STEAL (3 STL),,,4.0,203085,Austin Rivers,1610612746.0,LA,Clippers,LAC,5,1626161,Willie Cauley-Stein,1610612758.0,Sacramento,Kings,SAC,0,0,,,,,
0021500038,138,6,28,1,11:06 PM,0:11,Rivers Personal Take Foul (P1.PN) (C.Blair),,,,,4.0,203085,Austin Rivers,1610612746.0,LA,Clippers,LAC,5,201954,Darren Collison,1610612758.0,Sacramento,Kings,SAC,1,0,,,,,
0021500038,140,8,0,1,11:06 PM,0:11,,,SUB: Gay FOR Cauley-Stein,,,5.0,1626161,Willie Cauley-Stein,1610612758.0,Sacramento,Kings,SAC,5,200752,Rudy Gay,1610612758.0,Sacramento,Kings,SAC,0,0,,,,,
0021500038,141,1,47,1,11:06 PM,0:01,,,Gay 20' Turnaround Jump Shot (5 PTS) (Collison 2 AST),31 - 24,-7,5.0,200752,Rudy Gay,1610612758.0,Sacramento,Kings,SAC,5,201954,Darren Collison,1610612758.0,Sacramento,Kings,SAC,0,0,,,,,
0021500038,142,2,1,1,11:07 PM,0:00,MISS Rivers 52' 3PT Jump Shot,,,,,4.0,203085,Austin Rivers,1610612746.0,LA,Clippers,LAC,0,0,,,,,,0,0,,,,,
0021500038,143,4,0,1,11:07 PM,0:00,CLIPPERS Rebound,,,,,2.0,1610612746,,,,,,0,0,,,,,,0,0,,,,,
0021500038,144,13,0,1,11:07 PM,0:00,,,,31 - 24,-7,0.0,0,,,,,,0,0,,,,,,0,0,,,,,
0021500038,146,12,0,2,11:09 PM,12:00,,,,31 - 24,-7,0.0,0,,,,,,0,0,,,,,,0,0,,,,,
0021500038,147,2,1,2,11:10 PM,11:43,,,MISS Koufos 12' Jump Shot,,,5.0,201585,Kosta Koufos,1610612758.0,Sacramento,Kings,SAC,0,0,,,,,,0,0,,,,,
0021500038,148,4,0,2,11:10 PM,11:41,,,Gay REBOUND (Off:1 Def:2),,,5.0,200752,Rudy Gay,1610612758.0,Sacramento,Kings,SAC,0,0,,,,,,0,0,,,,,
0021500038,149,2,97,2,11:10 PM,11:41,,,MISS Gay 2' Tip Layup Shot,,,5.0,200752,Rudy Gay,1610612758.0,Sacramento,Kings,SAC,0,0,,,,,,0,0,,,,,
0021500038,150,4,0,2,11:10 PM,11:40,,,Gay REBOUND (Off:2 Def:2),,,5.0,200752,Rudy Gay,1610612758.0,Sacramento,Kings,SAC,0,0,,,,,,0,0,,,,,
0021500038,151,2,97,2,11:10 PM,11:38,,,MISS Gay 2' Tip Layup Shot,,,5.0,200752,Rudy Gay,1610612758.0,Sacramento,Kings,SAC,0,0,,,,,,0,0,,,,,
0021500038,152,4,0,2,11:10 PM,11:34,CLIPPERS Rebound,,,,,2.0,1610612746,,,,,,0,0,,,,,,0,0,,,,,
0021500038,153,5,1,2,11:10 PM,11:32,Smith Bad Pass Turnover (P2.T9),,Belinelli STEAL (1 STL),,,4.0,2746,Josh Smith,1610612746.0,LA,Clippers,LAC,5,201158,Marco Belinelli,1610612758.0,Sacramento,Kings,SAC,0,0,,,,,
0021500038,154,2,46,2,11:10 PM,11:21,,,MISS Casspi 5' Running Jump Shot,,,5.0,201956,Omri Casspi,1610612758.0,Sacramento,Kings,SAC,0,0,,,,,,0,0,,,,,
0021500038,155,4,0,2,11:10 PM,11:21,Pierce REBOUND (Off:0 Def:1),,,,,4.0,1718,Paul Pierce,1610612746.0,LA,Clippers,LAC,0,0,,,,,,0,0,,,,,
0021500038,156,2,98,2,11:10 PM,11:02,MISS Smith 2' Cutting Layup Shot,,,,,4.0,2746,Josh Smith,1610612746.0,LA,Clippers,LAC,0,0,,,,,,0,0,,,,,
0021500038,157,4,0,2,11:10 PM,11:01,,,Gay REBOUND (Off:2 Def:3),,,5.0,200752,Rudy Gay,1610612758.0,Sacramento,Kings,SAC,0,0,,,,,,0,0,,,,,
0021500038,158,1,1,2,11:11 PM,10:42,,,Collison 7' Jump Shot (4 PTS),33 - 24,-9,5.0,201954,Darren Collison,1610612758.0,Sacramento,Kings,SAC,0,0,,,,,,0,0,,,,,
0021500038,159,2,1,2,11:11 PM,10:26,MISS Rivers 22' Jump Shot,,,,,4.0,203085,Austin Rivers,1610612746.0,LA,Clippers,LAC,0,0,,,,,,0,0,,,,,
0021500038,160,4,0,2,11:11 PM,10:25,,,Belinelli REBOUND (Off:0 Def:1),,,5.0,201158,Marco Belinelli,1610612758.0,Sacramento,Kings,SAC,0,0,,,,,,0,0,,,,,
0021500038,161,6,1,2,11:11 PM,10:21,Rivers P.FOUL (P2.T1) (C.Blair),,,,,4.0,203085,Austin Rivers,1610612746.0,LA,Clippers,LAC,5,201954,Darren Collison,1610612758.0,Sacramento,Kings,SAC,1,0,,,,,
0021500038,163,1,58,2,11:12 PM,10:04,,,Gay 10' Turnaround Hook Shot (7 PTS),35 - 24,-11,5.0,200752,Rudy Gay,1610612758.0,Sacramento,Kings,SAC,0,0,,,,,,0,0,,,,,
0021500038,164,2,1,2,11:12 PM,9:49,MISS W. Johnson 26' 3PT Jump Shot,,,,,4.0,202325,Wesley Johnson,1610612746.0,LA,Clippers,LAC,0,0,,,,,,0,0,,,,,
0021500038,165,4,0,2,11:12 PM,9:48,,,Casspi REBOUND (Off:1 Def:1),,,5.0,201956,Omri Casspi,1610612758.0,Sacramento,Kings,SAC,0,0,,,,,,0,0,,,,,
0021500038,166,5,45,2,11:12 PM,9:46,,,Casspi Out of Bounds - Bad Pass Turnover Turnover (P2.T7),,,5.0,201956,Omri Casspi,1610612758.0,Sacramento,Kings,SAC,0,0,,,,,,0,0,,,,,
0021500038,167,8,0,2,11:12 PM,9:46,SUB: Griffin FOR Smith,,,,,4.0,2746,Josh Smith,1610612746.0,LA,Clippers,LAC,4,201933,Blake Griffin,1610612746.0,LA,Clippers,LAC,0,0,,,,,
0021500038,168,2,1,2,11:12 PM,9:33,MISS W. Johnson 25' 3PT Jump Shot,,,,,4.0,202325,Wesley Johnson,1610612746.0,LA,Clippers,LAC,0,0,,,,,,0,0,,,,,
0021500038,169,4,0,2,11:12 PM,9:32,,,Casspi REBOUND (Off:1 Def:2),,,5.0,201956,Omri Casspi,1610612758.0,Sacramento,Kings,SAC,0,0,,,,,,0,0,,,,,
0021500038,170,2,80,2,11:13 PM,9:21,,,MISS Collison 17' Step Back Jump Shot,,,5.0,201954,Darren Collison,1610612758.0,Sacramento,Kings,SAC,0,0,,,,,,0,0,,,,,
0021500038,171,4,0,2,11:13 PM,9:19,Griffin REBOUND (Off:0 Def:3),,,,,4.0,201933,Blake Griffin,1610612746.0,LA,Clippers,LAC,0,0,,,,,,0,0,,,,,
0021500038,172,2,79,2,11:13 PM,9:11,MISS Crawford 17' Pullup Jump Shot,,,,,4.0,2037,Jamal Crawford,1610612746.0,LA,Clippers,LAC,0,0,,,,,,0,0,,,,,
0021500038,173,4,0,2,11:13 PM,9:09,,,Koufos REBOUND (Off:2 Def:2),,,5.0,201585,Kosta Koufos,1610612758.0,Sacramento,Kings,SAC,0,0,,,,,,0,0,,,,,
0021500038,175,8,0,2,11:13 PM,9:00,,,SUB: Butler FOR Casspi,,,5.0,201956,Omri Casspi,1610612758.0,Sacramento,Kings,SAC,5,2406,Caron Butler,1610612758.0,Sacramento,Kings,SAC,0,0,,,,,
0021500038,176,8,0,2,11:13 PM,9:00,SUB: Paul FOR Rivers,,,,,4.0,203085,Austin Rivers,1610612746.0,LA,Clippers,LAC,4,101108,Chris Paul,1610612746.0,LA,Clippers,LAC,0,0,,,,,
0021500038,177,8,0,2,11:13 PM,9:00,SUB: Jordan FOR Pierce,,,,,4.0,1718,Paul Pierce,1610612746.0,LA,Clippers,LAC,4,201599,DeAndre Jordan,1610612746.0,LA,Clippers,LAC,0,0,,,,,
0021500038,178,5,2,2,11:14 PM,8:48,Griffin STEAL (1 STL),,Gay Lost Ball Turnover (P2.T8),,,5.0,200752,Rudy Gay,1610612758.0,Sacramento,Kings,SAC,4,201933,Blake Griffin,1610612746.0,LA,Clippers,LAC,0,0,,,,,
0021500038,179,1,5,2,11:14 PM,8:46,Griffin 2' Layup (9 PTS) (Paul 4 AST),,,35 - 26,-9,4.0,201933,Blake Griffin,1610612746.0,LA,Clippers,LAC,4,101108,Chris Paul,1610612746.0,LA,Clippers,LAC,0,0,,,,,
0021500038,180,6,2,2,11:14 PM,8:46,,,Collison S.FOUL (P2.T1) (T.Washington),,,5.0,201954,Darren Collison,1610612758.0,Sacramento,Kings,SAC,4,201933,Blake Griffin,1610612746.0,LA,Clippers,LAC,1,0,,,,,
0021500038,181,9,4,2,11:14 PM,8:46,,,,,,1.0,0,,,,,,0,0,,,,,,0,0,,,,,
0021500038,185,3,10,2,11:16 PM,8:46,Griffin Free Throw 1 of 1 (10 PTS),,,35 - 27,-8,4.0,201933,Blake Griffin,1610612746.0,LA,Clippers,LAC,0,0,,,,,,0,0,,,,,
0021500038,187,2,1,2,11:17 PM,8:35,,,MISS Belinelli 25' 3PT Jump Shot,,,5.0,201158,Marco Belinelli,1610612758.0,Sacramento,Kings,SAC,0,0,,,,,,0,0,,,,,
0021500038,188,4,0,2,11:17 PM,8:34,,,Collison REBOUND (Off:1 Def:0),,,5.0,201954,Darren Collison,1610612758.0,Sacramento,Kings,SAC,0,0,,,,,,0,0,,,,,
0021500038,189,1,75,2,11:17 PM,8:27,,,Gay 1' Driving Finger Roll Layup (9 PTS) (Collison 3 AST),37 - 27,-10,5.0,200752,Rudy Gay,1610612758.0,Sacramento,Kings,SAC,5,201954,Darren Collison,1610612758.0,Sacramento,Kings,SAC,0,0,,,,,
0021500038,190,2,5,2,11:17 PM,8:16,MISS Griffin 1' Layup,,,,,4.0,201933,Blake Griffin,1610612746.0,LA,Clippers,LAC,0,0,,,,,,0,0,,,,,
0021500038,191,4,0,2,11:17 PM,8:15,,,Collison REBOUND (Off:1 Def:1),,,5.0,201954,Darren Collison,1610612758.0,Sacramento,Kings,SAC,0,0,,,,,,0,0,,,,,
0021500038,192,6,2,2,11:17 PM,8:15,W. Johnson S.FOUL (P1.T2) (T.Washington),,,,,4.0,202325,Wesley Johnson,1610612746.0,LA,Clippers,LAC,5,201158,Marco Belinelli,1610612758.0,Sacramento,Kings,SAC,1,0,,,,,
0021500038,193,18,0,2,11:18 PM,8:15,,,,,,,192,Dennis Scott,,,,,0,0,,,,,,1,0,,,,,
0021500038,194,3,11,2,11:19 PM,8:15,,,Belinelli Free Throw 1 of 2 (1 PTS),38 - 27,-11,5.0,201158,Marco Belinelli,1610612758.0,Sacramento,Kings,SAC,0,0,,,,,,0,0,,,,,
0021500038,196,3,12,2,11:19 PM,8:15,,,Belinelli Free Throw 2 of 2 (2 PTS),39 - 27,-12,5.0,201158,Marco Belinelli,1610612758.0,Sacramento,Kings,SAC,0,0,,,,,,0,0,,,,,
0021500038,198,8,0,2,11:19 PM,8:15,SUB: Stephenson FOR W. Johnson,,,,,4.0,202325,Wesley Johnson,1610612746.0,LA,Clippers,LAC,4,202362,Lance Stephenson,1610612746.0,LA,Clippers,LAC,0,0,,,,,
0021500038,199,2,3,2,11:19 PM,7:57,MISS Griffin 7' Hook Shot,,,,,4.0,201933,Blake Griffin,1610612746.0,LA,Clippers,LAC,0,0,,,,,,0,0,,,,,
0021500038,200,4,0,2,11:19 PM,7:57,CLIPPERS Rebound,,,,,2.0,1610612746,,,,,,0,0,,,,,,0,0,,,,,
0021500038,201,6,3,2,11:19 PM,7:57,,,Belinelli L.B.FOUL (P1.T2) (C.Blair),,,5.0,201158,Marco Belinelli,1610612758.0,Sacramento,Kings,SAC,4,201599,DeAndre Jordan,1610612746.0,LA,Clippers,LAC,1,0,,,,,
0021500038,202,1,42,2,11:20 PM,7:44,Paul 3' Driving Layup (2 PTS),,,39 - 29,-10,4.0,101108,Chris Paul,1610612746.0,LA,Clippers,LAC,0,0,,,,,,0,0,,,,,
0021500038,203,2,1,2,11:20 PM,7:37,Jordan BLOCK (1 BLK),,MISS Collison 3' Jump Shot,,,5.0,201954,Darren Collison,1610612758.0,Sacramento,Kings,SAC,0,0,,,,,,4,201599,DeAndre Jordan,1610612746.0,LA,Clippers,LAC
0021500038,204,4,0,2,11:20 PM,7:35,Jordan REBOUND (Off:0 Def:4),,,,,4.0,201599,DeAndre Jordan,1610612746.0,LA,Clippers,LAC,0,0,,,,,,0,0,,,,,
0021500038,205,2,1,2,11:20 PM,7:28,MISS Crawford 25' 3PT Jump Shot,,,,,4.0,2037,Jamal Crawford,1610612746.0,LA,Clippers,LAC,0,0,,,,,,0,0,,,,,
0021500038,206,4,0,2,11:20 PM,7:27,,,Belinelli REBOUND (Off:0 Def:2),,,5.0,201158,Marco Belinelli,1610612758.0,Sacramento,Kings,SAC,0,0,,,,,,0,0,,,,,
0021500038,207,2,67,2,11:20 PM,7:20,,,MISS Koufos 5' Hook Bank Shot,,,5.0,201585,Kosta Koufos,1610612758.0,Sacramento,Kings,SAC,0,0,,,,,,0,0,,,,,
0021500038,208,4,0,2,11:20 PM,7:16,Jordan REBOUND (Off:0 Def:5),,,,,4.0,201599,DeAndre Jordan,1610612746.0,LA,Clippers,LAC,0,0,,,,,,0,0,,,,,
0021500038,209,1,79,2,11:20 PM,7:06,Paul 12' Pullup Jump Shot (4 PTS),,,39 - 31,-8,4.0,101108,Chris Paul,1610612746.0,LA,Clippers,LAC,0,0,,,,,,0,0,,,,,
0021500038,211,9,1,2,11:21 PM,7:03,,,Kings Timeout: Regular (Reg.2 Short 0),,,3.0,1610612758,,,,,,0,0,,,,,,0,0,,,,,
0021500038,213,8,0,2,11:23 PM,7:03,SUB: Redick FOR Crawford,,,,,4.0,2037,Jamal Crawford,1610612746.0,LA,Clippers,LAC,4,200755,JJ Redick,1610612746.0,LA,Clippers,LAC,0,0,,,,,
0021500038,214,8,0,2,11:23 PM,7:03,,,SUB: Cousins FOR Koufos,,,5.0,201585,Kosta Koufos,1610612758.0,Sacramento,Kings,SAC,5,202326,DeMarcus Cousins,1610612758.0,Sacramento,Kings,SAC,0,0,,,,,
0021500038,215,6,2,2,11:23 PM,6:57,Jordan S.FOUL (P1.T3) (M.Ayotte),,,,,4.0,201599,DeAndre Jordan,1610612746.0,LA,Clippers,LAC,5,202326,DeMarcus Cousins,1610612758.0,Sacramento,Kings,SAC,1,0,,,,,
0021500038,216,3,11,2,11:23 PM,6:57,,,MISS Cousins Free Throw 1 of 2,,,5.0,202326,DeMarcus Cousins,1610612758.0,Sacramento,Kings,SAC,0,0,,,,,,0,0,,,,,
0021500038,217,4,1,2,11:23 PM,6:57,,,Kings Rebound,,,3.0,1610612758,,,,,,0,0,,,,,,0,0,,,,,
0021500038,218,3,12,2,11:23 PM,6:57,,,Cousins Free Throw 2 of 2 (9 PTS),40 - 31,-9,5.0,202326,DeMarcus Cousins,1610612758.0,Sacramento,Kings,SAC,0,0,,,,,,0,0,,,,,
0021500038,220,1,1,2,11:24 PM,6:48,Redick 14' Jump Shot (9 PTS) (Paul 5 AST),,,40 - 33,-7,4.0,200755,JJ Redick,1610612746.0,LA,Clippers,LAC,4,101108,Chris Paul,1610612746.0,LA,Clippers,LAC,0,0,,,,,
0021500038,221,6,2,2,11:24 PM,6:48,,,Belinelli S.FOUL (P2.T3) (C.Blair),,,5.0,201158,Marco Belinelli,1610612758.0,Sacramento,Kings,SAC,4,200755,JJ Redick,1610612746.0,LA,Clippers,LAC,1,0,,,,,
0021500038,222,8,0,2,11:24 PM,6:48,,,SUB: Rondo FOR Belinelli,,,5.0,201158,Marco Belinelli,1610612758.0,Sacramento,Kings,SAC,5,200765,Rajon Rondo,1610612758.0,Sacramento,Kings,SAC,0,0,,,,,
0021500038,223,3,10,2,11:24 PM,6:48,Redick Free Throw 1 of 1 (10 PTS),,,40 - 34,-6,4.0,200755,JJ Redick,1610612746.0,LA,Clippers,LAC,0,0,,,,,,0,0,,,,,
0021500038,225,1,42,2,11:25 PM,6:31,,,Gay 2' Driving Layup (11 PTS),42 - 34,-8,5.0,200752,Rudy Gay,1610612758.0,Sacramento,Kings,SAC,0,0,,,,,,0,0,,,,,
0021500038,226,6,1,2,11:25 PM,6:24,,,Rondo P.FOUL (P1.T4) (T.Washington),,,5.0,200765,Rajon Rondo,1610612758.0,Sacramento,Kings,SAC,4,101108,Chris Paul,1610612746.0,LA,Clippers,LAC,1,0,,,,,
0021500038,228,6,27,2,11:25 PM,6:16,,,Gay Personal Block Foul (P3.PN) (M.Ayotte),,,5.0,200752,Rudy Gay,1610612758.0,Sacramento,Kings,SAC,4,201933,Blake Griffin,1610612746.0,LA,Clippers,LAC,1,0,,,,,
0021500038,229,3,11,2,11:26 PM,6:16,MISS Griffin Free Throw 1 of 2,,,,,4.0,201933,Blake Griffin,1610612746.0,LA,Clippers,LAC,0,0,,,,,,0,0,,,,,
0021500038,230,4,1,2,11:26 PM,6:16,CLIPPERS Rebound,,,,,2.0,1610612746,,,,,,0,0,,,,,,0,0,,,,,
0021500038,231,8,0,2,11:26 PM,6:16,,,SUB: Cauley-Stein FOR Gay,,,5.0,200752,Rudy Gay,1610612758.0,Sacramento,Kings,SAC,5,1626161,Willie Cauley-Stein,1610612758.0,Sacramento,Kings,SAC,0,0,,,,,
0021500038,232,3,12,2,11:26 PM,6:16,Griffin Free Throw 2 of 2 (11 PTS),,,42 - 35,-7,4.0,201933,Blake Griffin,1610612746.0,LA,Clippers,LAC,0,0,,,,,,0,0,,,,,
0021500038,234,2,1,2,11:26 PM,5:57,,,MISS Rondo  3PT Jump Shot,,,5.0,200765,Rajon Rondo,1610612758.0,Sacramento,Kings,SAC,0,0,,,,,,0,0,,,,,
0021500038,235,4,0,2,11:26 PM,5:57,,,Cousins REBOUND (Off:2 Def:3),,,5.0,202326,DeMarcus Cousins,1610612758.0,Sacramento,Kings,SAC,0,0,,,,,,0,0,,,,,
0021500038,236,1,5,2,11:27 PM,5:54,,,Cousins 1' Layup (11 PTS),44 - 35,-9,5.0,202326,DeMarcus Cousins,1610612758.0,Sacramento,Kings,SAC,0,0,,,,,,0,0,,,,,
0021500038,237,1,108,2,11:27 PM,5:46,Stephenson  Cutting Dunk Shot (2 PTS) (Paul 6 AST),,,44 - 37,-7,4.0,202362,Lance Stephenson,1610612746.0,LA,Clippers,LAC,4,101108,Chris Paul,1610612746.0,LA,Clippers,LAC,0,0,,,,,
0021500038,238,1,42,2,11:27 PM,5:31,,,Rondo 3' Driving Layup (8 PTS),46 - 37,-9,5.0,200765,Rajon Rondo,1610612758.0,Sacramento,Kings,SAC,0,0,,,,,,0,0,,,,,
0021500038,239,2,1,2,11:27 PM,5:21,MISS Paul 21' Jump Shot,,,,,4.0,101108,Chris Paul,1610612746.0,LA,Clippers,LAC,0,0,,,,,,0,0,,,,,
0021500038,240,4,0,2,11:27 PM,5:21,,,Cousins REBOUND (Off:2 Def:4),,,5.0,202326,DeMarcus Cousins,1610612758.0,Sacramento,Kings,SAC,0,0,,,,,,0,0,,,,,
0021500038,241,5,40,2,11:27 PM,5:16,,,Cousins Out of Bounds Lost Ball Turnover (P2.T9),,,5.0,202326,DeMarcus Cousins,1610612758.0,Sacramento,Kings,SAC,0,0,,,,,,1,0,,,,,
0021500038,250,5,36,2,11:28 PM,4:42,Stephenson Illegal Screen Turnover (P1.T10),,,,,4.0,202362,Lance Stephenson,1610612746.0,LA,Clippers,LAC,0,0,,,,,,1,0,,,,,
0021500038,244,1,1,2,11:28 PM,4:42,,,Rondo 18' Jump Shot (10 PTS),48 - 37,-11,5.0,200765,Rajon Rondo,1610612758.0,Sacramento,Kings,SAC,0,0,,,,,,0,0,,,,,
0021500038,246,6,1,2,11:28 PM,4:38,,,Cauley-Stein P.FOUL (P2.PN) (C.Blair),,,5.0,1626161,Willie Cauley-Stein,1610612758.0,Sacramento,Kings,SAC,4,201933,Blake Griffin,1610612746.0,LA,Clippers,LAC,1,0,,,,,
0021500038,247,3,11,2,11:29 PM,4:38,Griffin Free Throw 1 of 2 (12 PTS),,,48 - 38,-10,4.0,201933,Blake Griffin,1610612746.0,LA,Clippers,LAC,0,0,,,,,,0,0,,,,,
0021500038,251,3,12,2,11:29 PM,4:38,MISS Griffin Free Throw 2 of 2,,,,,4.0,201933,Blake Griffin,1610612746.0,LA,Clippers,LAC,0,0,,,,,,0,0,,,,,
0021500038,254,4,0,2,11:29 PM,4:37,,,Cousins REBOUND (Off:2 Def:5),,,5.0,202326,DeMarcus Cousins,1610612758.0,Sacramento,Kings,SAC,0,0,,,,,,0,0,,,,,
0021500038,257,2,1,2,11:30 PM,4:22,,,MISS Cousins 20' Jump Shot,,,5.0,202326,DeMarcus Cousins,1610612758.0,Sacramento,Kings,SAC,0,0,,,,,,0,0,,,,,
0021500038,258,4,0,2,11:30 PM,4:22,CLIPPERS Rebound,,,,,2.0,1610612746,,,,,,0,0,,,,,,0,0,,,,,
0021500038,260,2,82,2,11:30 PM,4:11,MISS Paul 9' Driving Bank Shot,,,,,4.0,101108,Chris Paul,1610612746.0,LA,Clippers,LAC,0,0,,,,,,0,0,,,,,
0021500038,261,4,0,2,11:30 PM,4:10,Jordan REBOUND (Off:1 Def:5),,,,,4.0,201599,DeAndre Jordan,1610612746.0,LA,Clippers,LAC,0,0,,,,,,0,0,,,,,
0021500038,262,1,107,2,11:30 PM,4:06,Jordan  Tip Dunk Shot (7 PTS),,,48 - 40,-8,4.0,201599,DeAndre Jordan,1610612746.0,LA,Clippers,LAC,0,0,,,,,,0,0,,,,,
0021500038,263,2,5,2,11:30 PM,3:54,,,MISS Rondo 1' Layup,,,5.0,200765,Rajon Rondo,1610612758.0,Sacramento,Kings,SAC,0,0,,,,,,0,0,,,,,
0021500038,264,4,0,2,11:30 PM,3:53,Stephenson REBOUND (Off:0 Def:2),,,,,4.0,202362,Lance Stephenson,1610612746.0,LA,Clippers,LAC,0,0,,,,,,0,0,,,,,
0021500038,265,1,41,2,11:30 PM,3:49,Redick 1' Running Layup (12 PTS) (Stephenson 2 AST),,,48 - 42,-6,4.0,200755,JJ Redick,1610612746.0,LA,Clippers,LAC,4,202362,Lance Stephenson,1610612746.0,LA,Clippers,LAC,0,0,,,,,
0021500038,266,1,1,2,11:31 PM,3:30,,,Cousins 13' Jump Shot (13 PTS) (Rondo 3 AST),50 - 42,-8,5.0,202326,DeMarcus Cousins,1610612758.0,Sacramento,Kings,SAC,5,200765,Rajon Rondo,1610612758.0,Sacramento,Kings,SAC,0,0,,,,,
0021500038,267,6,1,2,11:31 PM,3:22,,,Rondo P.FOUL (P2.PN) (C.Blair),,,5.0,200765,Rajon Rondo,1610612758.0,Sacramento,Kings,SAC,4,201599,DeAndre Jordan,1610612746.0,LA,Clippers,LAC,1,0,,,,,
0021500038,268,3,11,2,11:32 PM,3:22,MISS Jordan Free Throw 1 of 2,,,,,4.0,201599,DeAndre Jordan,1610612746.0,LA,Clippers,LAC,0,0,,,,,,0,0,,,,,
0021500038,269,4,1,2,11:32 PM,3:22,CLIPPERS Rebound,,,,,2.0,1610612746,,,,,,0,0,,,,,,0,0,,,,,
0021500038,270,8,0,2,11:32 PM,3:22,,,SUB: McLemore FOR Collison,,,5.0,201954,Darren Collison,1610612758.0,Sacramento,Kings,SAC,5,203463,Ben McLemore,1610612758.0,Sacramento,Kings,SAC,0,0,,,,,
0021500038,271,3,12,2,11:32 PM,3:22,Jordan Free Throw 2 of 2 (8 PTS),,,50 - 43,-7,4.0,201599,DeAndre Jordan,1610612746.0,LA,Clippers,LAC,0,0,,,,,,0,0,,,,,
0021500038,274,2,66,2,11:32 PM,3:06,,,MISS Cousins 17' Jump Bank Shot,,,5.0,202326,DeMarcus Cousins,1610612758.0,Sacramento,Kings,SAC,0,0,,,,,,0,0,,,,,
0021500038,275,4,0,2,11:32 PM,3:04,Griffin REBOUND (Off:0 Def:4),,,,,4.0,201933,Blake Griffin,1610612746.0,LA,Clippers,LAC,0,0,,,,,,0,0,,,,,
0021500038,276,6,2,2,11:33 PM,3:03,,,Cousins S.FOUL (P1.PN) (T.Washington),,,5.0,202326,DeMarcus Cousins,1610612758.0,Sacramento,Kings,SAC,4,201933,Blake Griffin,1610612746.0,LA,Clippers,LAC,1,0,,,,,
0021500038,277,3,11,2,11:33 PM,3:03,Griffin Free Throw 1 of 2 (13 PTS),,,50 - 44,-6,4.0,201933,Blake Griffin,1610612746.0,LA,Clippers,LAC,0,0,,,,,,0,0,,,,,
0021500038,279,8,0,2,11:33 PM,3:03,,,SUB: Belinelli FOR Butler,,,5.0,2406,Caron Butler,1610612758.0,Sacramento,Kings,SAC,5,201158,Marco Belinelli,1610612758.0,Sacramento,Kings,SAC,0,0,,,,,
0021500038,280,3,12,2,11:34 PM,3:03,Griffin Free Throw 2 of 2 (14 PTS),,,50 - 45,-5,4.0,201933,Blake Griffin,1610612746.0,LA,Clippers,LAC,0,0,,,,,,0,0,,,,,
0021500038,282,2,1,2,11:34 PM,2:46,,,MISS Cousins 25' 3PT Jump Shot,,,5.0,202326,DeMarcus Cousins,1610612758.0,Sacramento,Kings,SAC,0,0,,,,,,0,0,,,,,
0021500038,283,4,0,2,11:34 PM,2:45,Paul REBOUND (Off:0 Def:3),,,,,4.0,101108,Chris Paul,1610612746.0,LA,Clippers,LAC,0,0,,,,,,0,0,,,,,
0021500038,284,1,108,2,11:34 PM,2:31,Jordan  Cutting Dunk Shot (10 PTS) (Stephenson 3 AST),,,50 - 47,-3,4.0,201599,DeAndre Jordan,1610612746.0,LA,Clippers,LAC,4,202362,Lance Stephenson,1610612746.0,LA,Clippers,LAC,0,0,,,,,
0021500038,285,2,1,2,11:35 PM,2:12,,,MISS Belinelli 10' Jump Shot,,,5.0,201158,Marco Belinelli,1610612758.0,Sacramento,Kings,SAC,0,0,,,,,,0,0,,,,,
0021500038,286,4,0,2,11:35 PM,2:12,,,Cauley-Stein REBOUND (Off:3 Def:2),,,5.0,1626161,Willie Cauley-Stein,1610612758.0,Sacramento,Kings,SAC,0,0,,,,,,0,0,,,,,
0021500038,287,6,2,2,11:35 PM,2:12,Griffin S.FOUL (P2.T4) (T.Washington),,,,,4.0,201933,Blake Griffin,1610612746.0,LA,Clippers,LAC,5,1626161,Willie Cauley-Stein,1610612758.0,Sacramento,Kings,SAC,1,0,,,,,
0021500038,288,9,1,2,11:35 PM,2:12,CLIPPERS Timeout: Regular (Full 2 Short 0),,,,,2.0,1610612746,,,,,,0,0,,,,,,0,0,,,,,
0021500038,289,3,11,2,11:37 PM,2:12,,,Cauley-Stein Free Throw 1 of 2 (3 PTS),51 - 47,-4,5.0,1626161,Willie Cauley-Stein,1610612758.0,Sacramento,Kings,SAC,0,0,,,,,,0,0,,,,,
0021500038,291,3,12,2,11:37 PM,2:12,,,MISS Cauley-Stein Free Throw 2 of 2,,,5.0,1626161,Willie Cauley-Stein,1610612758.0,Sacramento,Kings,SAC,0,0,,,,,,0,0,,,,,
0021500038,293,4,0,2,11:38 PM,2:11,CLIPPERS Rebound,,,,,2.0,1610612746,,,,,,0,0,,,,,,0,0,,,,,
0021500038,294,6,3,2,11:38 PM,2:11,,,Cousins L.B.FOUL (P2.PN) (C.Blair),,,5.0,202326,DeMarcus Cousins,1610612758.0,Sacramento,Kings,SAC,4,201933,Blake Griffin,1610612746.0,LA,Clippers,LAC,1,0,,,,,
0021500038,295,3,11,2,11:38 PM,2:11,Griffin Free Throw 1 of 2 (15 PTS),,,51 - 48,-3,4.0,201933,Blake Griffin,1610612746.0,LA,Clippers,LAC,0,0,,,,,,0,0,,,,,
0021500038,297,3,12,2,11:38 PM,2:11,MISS Griffin Free Throw 2 of 2,,,,,4.0,201933,Blake Griffin,1610612746.0,LA,Clippers,LAC,0,0,,,,,,0,0,,,,,
0021500038,299,4,0,2,11:39 PM,2:09,Jordan REBOUND (Off:2 Def:5),,,,,4.0,201599,DeAndre Jordan,1610612746.0,LA,Clippers,LAC,0,0,,,,,,0,0,,,,,
0021500038,300,6,27,2,11:39 PM,2:06,,,Cauley-Stein Personal Block Foul (P3.PN) (T.Washington),,,5.0,1626161,Willie Cauley-Stein,1610612758.0,Sacramento,Kings,SAC,4,202362,Lance Stephenson,1610612746.0,LA,Clippers,LAC,1,0,,,,,
0021500038,301,7,1,2,11:39 PM,2:06,,,Kings Violation: Delay of game Violation,,,3.0,1610612758,,,,,,0,0,,,,,,1,0,,,,,
0021500038,302,3,11,2,11:39 PM,2:06,Stephenson Free Throw 1 of 2 (3 PTS),,,51 - 49,-2,4.0,202362,Lance Stephenson,1610612746.0,LA,Clippers,LAC,0,0,,,,,,0,0,,,,,
0021500038,304,8,0,2,11:39 PM,2:06,,,SUB: Koufos FOR Cauley-Stein,,,5.0,1626161,Willie Cauley-Stein,1610612758.0,Sacramento,Kings,SAC,5,201585,Kosta Koufos,1610612758.0,Sacramento,Kings,SAC,0,0,,,,,
0021500038,305,3,12,2,11:39 PM,2:06,MISS Stephenson Free Throw 2 of 2,,,,,4.0,202362,Lance Stephenson,1610612746.0,LA,Clippers,LAC,0,0,,,,,,0,0,,,,,
0021500038,307,4,0,2,11:40 PM,2:03,,,Cousins REBOUND (Off:2 Def:6),,,5.0,202326,DeMarcus Cousins,1610612758.0,Sacramento,Kings,SAC,0,0,,,,,,0,0,,,,,
0021500038,308,5,4,2,11:40 PM,1:54,,,Rondo Traveling Turnover (P1.T10),,,5.0,200765,Rajon Rondo,1610612758.0,Sacramento,Kings,SAC,0,0,,,,,,1,0,,,,,
0021500038,310,6,1,2,11:40 PM,1:48,,,Rondo P.FOUL (P3.PN) (C.Blair),,,5.0,200765,Rajon Rondo,1610612758.0,Sacramento,Kings,SAC,4,101108,Chris Paul,1610612746.0,LA,Clippers,LAC,1,0,,,,,
0021500038,312,3,11,2,11:41 PM,1:48,Paul Free Throw 1 of 2 (5 PTS),,,51 - 50,-1,4.0,101108,Chris Paul,1610612746.0,LA,Clippers,LAC,0,0,,,,,,0,0,,,,,
0021500038,314,8,0,2,11:41 PM,1:48,,,SUB: Collison FOR Rondo,,,5.0,200765,Rajon Rondo,1610612758.0,Sacramento,Kings,SAC,5,201954,Darren Collison,1610612758.0,Sacramento,Kings,SAC,0,0,,,,,
0021500038,315,3,12,2,11:41 PM,1:48,MISS Paul Free Throw 2 of 2,,,,,4.0,101108,Chris Paul,1610612746.0,LA,Clippers,LAC,0,0,,,,,,0,0,,,,,
0021500038,317,4,0,2,11:41 PM,1:45,,,Cousins REBOUND (Off:2 Def:7),,,5.0,202326,DeMarcus Cousins,1610612758.0,Sacramento,Kings,SAC,0,0,,,,,,0,0,,,,,
0021500038,318,2,5,2,11:41 PM,1:33,,,MISS McLemore 1' Layup,,,5.0,203463,Ben McLemore,1610612758.0,Sacramento,Kings,SAC,0,0,,,,,,0,0,,,,,
0021500038,319,4,0,2,11:41 PM,1:32,Griffin REBOUND (Off:0 Def:5),,,,,4.0,201933,Blake Griffin,1610612746.0,LA,Clippers,LAC,0,0,,,,,,0,0,,,,,
0021500038,320,1,103,2,11:41 PM,1:26,Paul 25' 3PT Running Pull-Up Jump Shot (8 PTS),,,51 - 53,2,4.0,101108,Chris Paul,1610612746.0,LA,Clippers,LAC,0,0,,,,,,0,0,,,,,
0021500038,321,6,1,2,11:42 PM,1:13,Redick P.FOUL (P2.PN) (C.Blair),,,,,4.0,200755,JJ Redick,1610612746.0,LA,Clippers,LAC,5,201158,Marco Belinelli,1610612758.0,Sacramento,Kings,SAC,1,0,,,,,
0021500038,322,3,11,2,11:42 PM,1:13,,,Belinelli Free Throw 1 of 2 (3 PTS),52 - 53,1,5.0,201158,Marco Belinelli,1610612758.0,Sacramento,Kings,SAC,0,0,,,,,,0,0,,,,,
0021500038,324,3,12,2,11:42 PM,1:13,,,Belinelli Free Throw 2 of 2 (4 PTS),53 - 53,TIE,5.0,201158,Marco Belinelli,1610612758.0,Sacramento,Kings,SAC,0,0,,,,,,0,0,,,,,
0021500038,326,1,1,2,11:42 PM,1:02,Redick 26' 3PT Jump Shot (15 PTS),,,53 - 56,3,4.0,200755,JJ Redick,1610612746.0,LA,Clippers,LAC,0,0,,,,,,0,0,,,,,
0021500038,327,2,1,2,11:43 PM,0:48,Jordan BLOCK (2 BLK),,MISS Cousins 6' Jump Shot,,,5.0,202326,DeMarcus Cousins,1610612758.0,Sacramento,Kings,SAC,0,0,,,,,,4,201599,DeAndre Jordan,1610612746.0,LA,Clippers,LAC
0021500038,328,4,0,2,11:43 PM,0:47,Paul REBOUND (Off:0 Def:4),,,,,4.0,101108,Chris Paul,1610612746.0,LA,Clippers,LAC,0,0,,,,,,0,0,,,,,
0021500038,331,6,3,2,11:43 PM,0:47,,,Cousins L.B.FOUL (P3.PN) (M.Ayotte),,,5.0,202326,DeMarcus Cousins,1610612758.0,Sacramento,Kings,SAC,4,101108,Chris Paul,1610612746.0,LA,Clippers,LAC,1,0,,,,,
0021500038,332,3,11,2,11:44 PM,0:47,Paul Free Throw 1 of 2 (9 PTS),,,53 - 57,4,4.0,101108,Chris Paul,1610612746.0,LA,Clippers,LAC,0,0,,,,,,0,0,,,,,
0021500038,334,8,0,2,11:44 PM,0:47,,,SUB: Casspi FOR Cousins,,,5.0,202326,DeMarcus Cousins,1610612758.0,Sacramento,Kings,SAC,5,201956,Omri Casspi,1610612758.0,Sacramento,Kings,SAC,0,0,,,,,
0021500038,335,8,0,2,11:44 PM,0:47,SUB: Pierce FOR Griffin,,,,,4.0,201933,Blake Griffin,1610612746.0,LA,Clippers,LAC,4,1718,Paul Pierce,1610612746.0,LA,Clippers,LAC,0,0,,,,,
0021500038,336,3,12,2,11:44 PM,0:47,Paul Free Throw 2 of 2 (10 PTS),,,53 - 58,5,4.0,101108,Chris Paul,1610612746.0,LA,Clippers,LAC,0,0,,,,,,0,0,,,,,
0021500038,339,1,5,2,11:44 PM,0:26,,,Koufos 1' Layup (2 PTS) (Casspi 1 AST),55 - 58,3,5.0,201585,Kosta Koufos,1610612758.0,Sacramento,Kings,SAC,5,201956,Omri Casspi,1610612758.0,Sacramento,Kings,SAC,0,0,,,,,
0021500038,340,9,2,2,11:45 PM,0:17,CLIPPERS Timeout: Short (Full 2 Short 1),,,,,2.0,1610612746,,,,,,0,0,,,,,,0,0,,,,,
0021500038,341,8,0,2,11:46 PM,0:17,SUB: Crawford FOR Stephenson,,,,,4.0,202362,Lance Stephenson,1610612746.0,LA,Clippers,LAC,4,2037,Jamal Crawford,1610612746.0,LA,Clippers,LAC,0,0,,,,,
0021500038,343,6,2,2,11:46 PM,0:16,,,Koufos S.FOUL (P1.PN) (T.Washington),,,5.0,201585,Kosta Koufos,1610612758.0,Sacramento,Kings,SAC,4,201599,DeAndre Jordan,1610612746.0,LA,Clippers,LAC,1,0,,,,,
0021500038,344,18,0,2,11:47 PM,0:16,,,,,,,343,,,,,,0,0,,,,,,1,0,,,,,
0021500038,345,3,13,2,11:47 PM,0:16,MISS Jordan Free Throw 1 of 3,,,,,4.0,201599,DeAndre Jordan,1610612746.0,LA,Clippers,LAC,0,0,,,,,,0,0,,,,,
0021500038,346,4,1,2,11:47 PM,0:16,CLIPPERS Rebound,,,,,2.0,1610612746,,,,,,0,0,,,,,,0,0,,,,,
0021500038,347,3,14,2,11:48 PM,0:16,MISS Jordan Free Throw 2 of 3,,,,,4.0,201599,DeAndre Jordan,1610612746.0,LA,Clippers,LAC,0,0,,,,,,0,0,,,,,
0021500038,348,4,1,2,11:48 PM,0:16,CLIPPERS Rebound,,,,,2.0,1610612746,,,,,,0,0,,,,,,0,0,,,,,
0021500038,349,8,0,2,11:48 PM,0:16,,,SUB: Gay FOR Koufos,,,5.0,201585,Kosta Koufos,1610612758.0,Sacramento,Kings,SAC,5,200752,Rudy Gay,1610612758.0,Sacramento,Kings,SAC,0,0,,,,,
0021500038,350,8,0,2,11:48 PM,0:16,SUB: W. Johnson FOR Redick,,,,,4.0,200755,JJ Redick,1610612746.0,LA,Clippers,LAC,4,202325,Wesley Johnson,1610612746.0,LA,Clippers,LAC,0,0,,,,,
0021500038,351,8,0,2,11:48 PM,0:16,SUB: Mbah a Moute FOR Pierce,,,,,4.0,1718,Paul Pierce,1610612746.0,LA,Clippers,LAC,4,201601,Luc Mbah a Moute,1610612746.0,LA,Clippers,LAC,0,0,,,,,
0021500038,352,8,0,2,11:48 PM,0:16,SUB: Rivers FOR Crawford,,,,,4.0,2037,Jamal Crawford,1610612746.0,LA,Clippers,LAC,4,203085,Austin Rivers,1610612746.0,LA,Clippers,LAC,0,0,,,,,
0021500038,353,3,15,2,11:48 PM,0:16,Jordan Free Throw 3 of 3 (11 PTS),,,55 - 59,4,4.0,201599,DeAndre Jordan,1610612746.0,LA,Clippers,LAC,0,0,,,,,,0,0,,,,,
0021500038,355,2,1,2,11:49 PM,0:02,,,MISS Gay 27' 3PT Jump Shot,,,5.0,200752,Rudy Gay,1610612758.0,Sacramento,Kings,SAC,0,0,,,,,,0,0,,,,,
0021500038,356,4,0,2,11:49 PM,0:00,Jordan REBOUND (Off:2 Def:6),,,,,4.0,201599,DeAndre Jordan,1610612746.0,LA,Clippers,LAC,0,0,,,,,,0,0,,,,,
0021500038,360,18,0,2,11:49 PM,0:00,,,,,,,320,Jamie Watson,,,,,0,0,,,,,,1,0,,,,,
0021500038,357,13,0,2,11:49 PM,0:00,,,,55 - 59,4,0.0,0,,,,,,0,0,,,,,,0,0,,,,,
0021500038,361,12,0,3,12:05 AM,12:00,,,,55 - 59,4,0.0,0,,,,,,0,0,,,,,,0,0,,,,,
0021500038,362,2,1,3,12:06 AM,11:41,,,MISS Collison 25' 3PT Jump Shot,,,5.0,201954,Darren Collison,1610612758.0,Sacramento,Kings,SAC,0,0,,,,,,0,0,,,,,
0021500038,363,4,0,3,12:06 AM,11:40,,,Cauley-Stein REBOUND (Off:4 Def:2),,,5.0,1626161,Willie Cauley-Stein,1610612758.0,Sacramento,Kings,SAC,0,0,,,,,,0,0,,,,,
0021500038,364,2,5,3,12:06 AM,11:37,Jordan BLOCK (3 BLK),,MISS Gay 3' Layup,,,5.0,200752,Rudy Gay,1610612758.0,Sacramento,Kings,SAC,0,0,,,,,,4,201599,DeAndre Jordan,1610612746.0,LA,Clippers,LAC
0021500038,365,4,0,3,12:06 AM,11:37,,,Kings Rebound,,,3.0,1610612758,,,,,,0,0,,,,,,0,0,,,,,
0021500038,366,2,42,3,12:06 AM,11:25,Jordan BLOCK (4 BLK),,MISS Collison 3' Driving Layup,,,5.0,201954,Darren Collison,1610612758.0,Sacramento,Kings,SAC,0,0,,,,,,4,201599,DeAndre Jordan,1610612746.0,LA,Clippers,LAC
0021500038,367,4,0,3,12:06 AM,11:22,,,Cauley-Stein REBOUND (Off:5 Def:2),,,5.0,1626161,Willie Cauley-Stein,1610612758.0,Sacramento,Kings,SAC,0,0,,,,,,0,0,,,,,
0021500038,368,1,72,3,12:06 AM,11:21,,,Cauley-Stein 1' Putback Layup (5 PTS),57 - 59,2,5.0,1626161,Willie Cauley-Stein,1610612758.0,Sacramento,Kings,SAC,0,0,,,,,,0,0,,,,,
0021500038,370,1,43,3,12:07 AM,10:56,Stephenson 2' Alley Oop Layup (5 PTS) (Griffin 5 AST),,,57 - 61,4,4.0,202362,Lance Stephenson,1610612746.0,LA,Clippers,LAC,4,201933,Blake Griffin,1610612746.0,LA,Clippers,LAC,0,0,,,,,
0021500038,371,6,2,3,12:07 AM,10:39,Griffin S.FOUL (P3.T1) (M.Ayotte),,,,,4.0,201933,Blake Griffin,1610612746.0,LA,Clippers,LAC,5,1626161,Willie Cauley-Stein,1610612758.0,Sacramento,Kings,SAC,1,0,,,,,
0021500038,374,7,3,3,12:08 AM,10:39,Griffin Violation:Lane (M.Ayotte),,,,,4.0,201933,Blake Griffin,1610612746.0,LA,Clippers,LAC,0,0,,,,,,1,0,,,,,
0021500038,376,3,11,3,12:08 AM,10:39,,,Cauley-Stein Free Throw 1 of 2 (6 PTS),58 - 61,3,5.0,1626161,Willie Cauley-Stein,1610612758.0,Sacramento,Kings,SAC,0,0,,,,,,0,0,,,,,
0021500038,378,3,12,3,12:08 AM,10:39,,,MISS Cauley-Stein Free Throw 2 of 2,,,5.0,1626161,Willie Cauley-Stein,1610612758.0,Sacramento,Kings,SAC,0,0,,,,,,0,0,,,,,
0021500038,380,4,0,3,12:08 AM,10:37,Jordan REBOUND (Off:2 Def:7),,,,,4.0,201599,DeAndre Jordan,1610612746.0,LA,Clippers,LAC,0,0,,,,,,0,0,,,,,
0021500038,381,2,3,3,12:09 AM,10:20,MISS Griffin 6' Hook Shot,,Cauley-Stein BLOCK (1 BLK),,,4.0,201933,Blake Griffin,1610612746.0,LA,Clippers,LAC,0,0,,,,,,5,1626161,Willie Cauley-Stein,1610612758.0,Sacramento,Kings,SAC
0021500038,382,4,0,3,12:09 AM,10:20,CLIPPERS Rebound,,,,,2.0,1610612746,,,,,,0,0,,,,,,0,0,,,,,
0021500038,384,1,98,3,12:09 AM,10:15,Redick 1' Cutting Layup Shot (17 PTS) (Paul 7 AST),,,58 - 63,5,4.0,200755,JJ Redick,1610612746.0,LA,Clippers,LAC,4,101108,Chris Paul,1610612746.0,LA,Clippers,LAC,0,0,,,,,
0021500038,386,5,40,3,12:09 AM,10:12,,,Collison Out of Bounds Lost Ball Turnover (P2.T11),,,5.0,201954,Darren Collison,1610612758.0,Sacramento,Kings,SAC,0,0,,,,,,0,0,,,,,
0021500038,387,1,47,3,12:10 AM,9:53,Stephenson 14' Turnaround Jump Shot (7 PTS) (Griffin 6 AST),,,58 - 65,7,4.0,202362,Lance Stephenson,1610612746.0,LA,Clippers,LAC,4,201933,Blake Griffin,1610612746.0,LA,Clippers,LAC,0,0,,,,,
0021500038,389,1,1,3,12:10 AM,9:43,,,Rondo 19' Jump Shot (12 PTS),60 - 65,5,5.0,200765,Rajon Rondo,1610612758.0,Sacramento,Kings,SAC,0,0,,,,,,0,0,,,,,
0021500038,390,1,1,3,12:10 AM,9:20,Redick 17' Jump Shot (19 PTS) (Jordan 1 AST),,,60 - 67,7,4.0,200755,JJ Redick,1610612746.0,LA,Clippers,LAC,4,201599,DeAndre Jordan,1610612746.0,LA,Clippers,LAC,0,0,,,,,
0021500038,391,6,1,3,12:11 AM,9:18,Stephenson P.FOUL (P2.T2) (T.Washington),,,,,4.0,202362,Lance Stephenson,1610612746.0,LA,Clippers,LAC,5,200752,Rudy Gay,1610612758.0,Sacramento,Kings,SAC,1,0,,,,,
0021500038,392,1,47,3,12:11 AM,9:09,,,Gay 10' Turnaround Jump Shot (13 PTS) (Collison 4 AST),62 - 67,5,5.0,200752,Rudy Gay,1610612758.0,Sacramento,Kings,SAC,5,201954,Darren Collison,1610612758.0,Sacramento,Kings,SAC,0,0,,,,,
0021500038,393,1,1,3,12:11 AM,8:47,Paul 15' Jump Shot (12 PTS),,,62 - 69,7,4.0,101108,Chris Paul,1610612746.0,LA,Clippers,LAC,0,0,,,,,,0,0,,,,,
0021500038,394,2,1,3,12:12 AM,8:32,,,MISS Collison 15' Jump Shot,,,5.0,201954,Darren Collison,1610612758.0,Sacramento,Kings,SAC,0,0,,,,,,0,0,,,,,
0021500038,395,4,0,3,12:12 AM,8:32,,,Koufos REBOUND (Off:3 Def:2),,,5.0,201585,Kosta Koufos,1610612758.0,Sacramento,Kings,SAC,0,0,,,,,,0,0,,,,,
0021500038,397,2,1,3,12:12 AM,8:16,,,MISS Rondo 19' Jump Shot,,,5.0,200765,Rajon Rondo,1610612758.0,Sacramento,Kings,SAC,0,0,,,,,,0,0,,,,,
0021500038,398,4,0,3,12:12 AM,8:15,Jordan REBOUND (Off:2 Def:8),,,,,4.0,201599,DeAndre Jordan,1610612746.0,LA,Clippers,LAC,0,0,,,,,,0,0,,,,,
0021500038,399,2,1,3,12:12 AM,8:08,MISS Griffin 19' Jump Shot,,,,,4.0,201933,Blake Griffin,1610612746.0,LA,Clippers,LAC,0,0,,,,,,0,0,,,,,
0021500038,400,4,0,3,12:12 AM,8:07,,,Gay REBOUND (Off:2 Def:4),,,5.0,200752,Rudy Gay,1610612758.0,Sacramento,Kings,SAC,0,0,,,,,,0,0,,,,,
0021500038,401,2,1,3,12:12 AM,7:56,,,MISS Gay 18' Jump Shot,,,5.0,200752,Rudy Gay,1610612758.0,Sacramento,Kings,SAC,0,0,,,,,,0,0,,,,,
0021500038,402,4,0,3,12:12 AM,7:55,Jordan REBOUND (Off:2 Def:9),,,,,4.0,201599,DeAndre Jordan,1610612746.0,LA,Clippers,LAC,0,0,,,,,,0,0,,,,,
0021500038,403,2,1,3,12:12 AM,7:46,MISS Paul 27' 3PT Jump Shot,,,,,4.0,101108,Chris Paul,1610612746.0,LA,Clippers,LAC,0,0,,,,,,0,0,,,,,
0021500038,404,4,0,3,12:12 AM,7:46,,,Cauley-Stein REBOUND (Off:5 Def:3),,,5.0,1626161,Willie Cauley-Stein,1610612758.0,Sacramento,Kings,SAC,0,0,,,,,,0,0,,,,,
0021500038,405,6,1,3,12:12 AM,7:45,Stephenson P.FOUL (P3.T3) (T.Washington),,,,,4.0,202362,Lance Stephenson,1610612746.0,LA,Clippers,LAC,5,200765,Rajon Rondo,1610612758.0,Sacramento,Kings,SAC,1,0,,,,,
0021500038,406,2,79,3,12:13 AM,7:31,,,MISS Collison 19' Pullup Jump Shot,,,5.0,201954,Darren Collison,1610612758.0,Sacramento,Kings,SAC,0,0,,,,,,0,0,,,,,
0021500038,407,4,0,3,12:13 AM,7:25,Jordan REBOUND (Off:2 Def:10),,,,,4.0,201599,DeAndre Jordan,1610612746.0,LA,Clippers,LAC,0,0,,,,,,0,0,,,,,
0021500038,408,6,1,3,12:13 AM,7:20,,,Koufos P.FOUL (P2.T1) (T.Washington),,,5.0,201585,Kosta Koufos,1610612758.0,Sacramento,Kings,SAC,4,101108,Chris Paul,1610612746.0,LA,Clippers,LAC,1,0,,,,,
0021500038,409,8,0,3,12:14 AM,7:20,,,SUB: Casspi FOR Cauley-Stein,,,5.0,1626161,Willie Cauley-Stein,1610612758.0,Sacramento,Kings,SAC,5,201956,Omri Casspi,1610612758.0,Sacramento,Kings,SAC,0,0,,,,,
0021500038,410,1,98,3,12:14 AM,7:11,Griffin 3' Cutting Layup Shot (17 PTS) (Redick 1 AST),,,62 - 71,9,4.0,201933,Blake Griffin,1610612746.0,LA,Clippers,LAC,4,200755,JJ Redick,1610612746.0,LA,Clippers,LAC,0,0,,,,,
0021500038,411,9,1,3,12:14 AM,7:11,,,Kings Timeout: Regular (Reg.3 Short 0),,,3.0,1610612758,,,,,,0,0,,,,,,0,0,,,,,
0021500038,413,5,1,3,12:17 AM,6:59,Griffin STEAL (2 STL),,Gay Bad Pass Turnover (P3.T12),,,5.0,200752,Rudy Gay,1610612758.0,Sacramento,Kings,SAC,4,201933,Blake Griffin,1610612746.0,LA,Clippers,LAC,0,0,,,,,
0021500038,414,2,43,3,12:17 AM,6:53,MISS Stephenson 1' Alley Oop Layup,,,,,4.0,202362,Lance Stephenson,1610612746.0,LA,Clippers,LAC,0,0,,,,,,0,0,,,,,
0021500038,415,4,0,3,12:17 AM,6:49,,,Rondo REBOUND (Off:0 Def:1),,,5.0,200765,Rajon Rondo,1610612758.0,Sacramento,Kings,SAC,0,0,,,,,,0,0,,,,,
0021500038,416,1,66,3,12:17 AM,6:43,,,Casspi 9' Jump Bank Shot (7 PTS) (Gay 2 AST),64 - 71,7,5.0,201956,Omri Casspi,1610612758.0,Sacramento,Kings,SAC,5,200752,Rudy Gay,1610612758.0,Sacramento,Kings,SAC,0,0,,,,,
0021500038,417,1,5,3,12:17 AM,6:28,Griffin 1' Layup (19 PTS) (Paul 8 AST),,,64 - 73,9,4.0,201933,Blake Griffin,1610612746.0,LA,Clippers,LAC,4,101108,Chris Paul,1610612746.0,LA,Clippers,LAC,0,0,,,,,
0021500038,418,2,1,3,12:17 AM,6:12,,,MISS Gay 25' 3PT Jump Shot,,,5.0,200752,Rudy Gay,1610612758.0,Sacramento,Kings,SAC,0,0,,,,,,0,0,,,,,
0021500038,419,4,0,3,12:17 AM,6:11,Paul REBOUND (Off:0 Def:5),,,,,4.0,101108,Chris Paul,1610612746.0,LA,Clippers,LAC,0,0,,,,,,0,0,,,,,
0021500038,420,6,1,3,12:17 AM,6:09,,,Rondo P.FOUL (P4.T2) (M.Ayotte),,,5.0,200765,Rajon Rondo,1610612758.0,Sacramento,Kings,SAC,4,101108,Chris Paul,1610612746.0,LA,Clippers,LAC,1,0,,,,,
0021500038,422,2,1,3,12:18 AM,6:02,MISS Stephenson 25' 3PT Jump Shot,,,,,4.0,202362,Lance Stephenson,1610612746.0,LA,Clippers,LAC,0,0,,,,,,0,0,,,,,
0021500038,423,4,0,3,12:18 AM,6:02,,,Rondo REBOUND (Off:0 Def:2),,,5.0,200765,Rajon Rondo,1610612758.0,Sacramento,Kings,SAC,0,0,,,,,,0,0,,,,,
0021500038,424,1,66,3,12:18 AM,5:52,,,Rondo 5' Jump Bank Shot (14 PTS),66 - 73,7,5.0,200765,Rajon Rondo,1610612758.0,Sacramento,Kings,SAC,0,0,,,,,,0,0,,,,,
0021500038,425,1,5,3,12:18 AM,5:33,Griffin 3' Layup (21 PTS) (Paul 9 AST),,,66 - 75,9,4.0,201933,Blake Griffin,1610612746.0,LA,Clippers,LAC,4,101108,Chris Paul,1610612746.0,LA,Clippers,LAC,0,0,,,,,
0021500038,426,2,1,3,12:19 AM,5:21,,,MISS Gay 7' Jump Shot,,,5.0,200752,Rudy Gay,1610612758.0,Sacramento,Kings,SAC,0,0,,,,,,0,0,,,,,
0021500038,427,4,0,3,12:19 AM,5:21,Jordan REBOUND (Off:2 Def:11),,,,,4.0,201599,DeAndre Jordan,1610612746.0,LA,Clippers,LAC,0,0,,,,,,0,0,,,,,
0021500038,428,1,52,3,12:19 AM,5:04,Jordan  Alley Oop Dunk (13 PTS) (Stephenson 4 AST),,,66 - 77,11,4.0,201599,DeAndre Jordan,1610612746.0,LA,Clippers,LAC,4,202362,Lance Stephenson,1610612746.0,LA,Clippers,LAC,0,0,,,,,
0021500038,429,1,42,3,12:19 AM,4:53,,,Rondo 1' Driving Layup (16 PTS),68 - 77,9,5.0,200765,Rajon Rondo,1610612758.0,Sacramento,Kings,SAC,0,0,,,,,,0,0,,,,,
0021500038,431,6,18,3,12:19 AM,4:53,,,Kings Delay,,,3.0,1610612758,,,,,,0,0,,,,,,1,0,,,,,
0021500038,432,3,16,3,12:19 AM,4:53,Redick Free Throw Technical (20 PTS),,,68 - 78,10,4.0,200755,JJ Redick,1610612746.0,LA,Clippers,LAC,0,0,,,,,,0,0,,,,,
0021500038,434,8,0,3,12:20 AM,4:53,,,SUB: Belinelli FOR Collison,,,5.0,201954,Darren Collison,1610612758.0,Sacramento,Kings,SAC,5,201158,Marco Belinelli,1610612758.0,Sacramento,Kings,SAC,0,0,,,,,
0021500038,436,1,108,3,12:20 AM,4:41,Griffin  Cutting Dunk Shot (23 PTS) (Paul 10 AST),,,68 - 80,12,4.0,201933,Blake Griffin,1610612746.0,LA,Clippers,LAC,4,101108,Chris Paul,1610612746.0,LA,Clippers,LAC,0,0,,,,,
0021500038,437,2,1,3,12:21 AM,4:15,Jordan BLOCK (5 BLK),,MISS Gay 4' Jump Shot,,,5.0,200752,Rudy Gay,1610612758.0,Sacramento,Kings,SAC,0,0,,,,,,4,201599,DeAndre Jordan,1610612746.0,LA,Clippers,LAC
0021500038,438,4,0,3,12:21 AM,4:13,Griffin REBOUND (Off:0 Def:6),,,,,4.0,201933,Blake Griffin,1610612746.0,LA,Clippers,LAC,0,0,,,,,,0,0,,,,,
0021500038,439,5,45,3,12:21 AM,4:06,Stephenson Out of Bounds - Bad Pass Turnover Turnover (P2.T11),,,,,4.0,202362,Lance Stephenson,1610612746.0,LA,Clippers,LAC,0,0,,,,,,0,0,,,,,
0021500038,440,8,0,3,12:21 AM,4:06,SUB: Smith FOR Jordan,,,,,4.0,201599,DeAndre Jordan,1610612746.0,LA,Clippers,LAC,4,2746,Josh Smith,1610612746.0,LA,Clippers,LAC,0,0,,,,,
0021500038,441,2,1,3,12:21 AM,3:48,,,MISS Rondo 25' 3PT Jump Shot,,,5.0,200765,Rajon Rondo,1610612758.0,Sacramento,Kings,SAC,0,0,,,,,,0,0,,,,,
0021500038,442,4,0,3,12:21 AM,3:47,,,Rondo REBOUND (Off:1 Def:2),,,5.0,200765,Rajon Rondo,1610612758.0,Sacramento,Kings,SAC,0,0,,,,,,0,0,,,,,
0021500038,443,1,99,3,12:22 AM,3:38,,,Casspi 2' Cutting Finger Roll Layup Shot (9 PTS) (Rondo 4 AST),70 - 80,10,5.0,201956,Omri Casspi,1610612758.0,Sacramento,Kings,SAC,5,200765,Rajon Rondo,1610612758.0,Sacramento,Kings,SAC,0,0,,,,,
0021500038,444,2,1,3,12:22 AM,3:23,MISS Griffin 18' Jump Shot,,,,,4.0,201933,Blake Griffin,1610612746.0,LA,Clippers,LAC,0,0,,,,,,0,0,,,,,
0021500038,445,4,0,3,12:22 AM,3:22,Smith REBOUND (Off:1 Def:0),,,,,4.0,2746,Josh Smith,1610612746.0,LA,Clippers,LAC,0,0,,,,,,0,0,,,,,
0021500038,446,6,2,3,12:22 AM,3:14,,,Koufos S.FOUL (P3.T3) (M.Ayotte),,,5.0,201585,Kosta Koufos,1610612758.0,Sacramento,Kings,SAC,4,101108,Chris Paul,1610612746.0,LA,Clippers,LAC,1,0,,,,,
0021500038,447,3,11,3,12:22 AM,3:14,MISS Paul Free Throw 1 of 2,,,,,4.0,101108,Chris Paul,1610612746.0,LA,Clippers,LAC,0,0,,,,,,0,0,,,,,
0021500038,448,4,1,3,12:22 AM,3:14,CLIPPERS Rebound,,,,,2.0,1610612746,,,,,,0,0,,,,,,0,0,,,,,
0021500038,449,8,0,3,12:23 AM,3:14,,,SUB: Butler FOR Gay,,,5.0,200752,Rudy Gay,1610612758.0,Sacramento,Kings,SAC,5,2406,Caron Butler,1610612758.0,Sacramento,Kings,SAC,0,0,,,,,
0021500038,450,8,0,3,12:23 AM,3:14,SUB: Crawford FOR Stephenson,,,,,4.0,202362,Lance Stephenson,1610612746.0,LA,Clippers,LAC,4,2037,Jamal Crawford,1610612746.0,LA,Clippers,LAC,0,0,,,,,
0021500038,452,8,0,3,12:23 AM,3:14,,,SUB: Cauley-Stein FOR Koufos,,,5.0,201585,Kosta Koufos,1610612758.0,Sacramento,Kings,SAC,5,1626161,Willie Cauley-Stein,1610612758.0,Sacramento,Kings,SAC,0,0,,,,,
0021500038,453,3,12,3,12:23 AM,3:14,Paul Free Throw 2 of 2 (13 PTS),,,70 - 81,11,4.0,101108,Chris Paul,1610612746.0,LA,Clippers,LAC,0,0,,,,,,0,0,,,,,
0021500038,455,6,2,3,12:23 AM,3:05,Redick S.FOUL (P3.T4) (C.Blair),,,,,4.0,200755,JJ Redick,1610612746.0,LA,Clippers,LAC,5,200765,Rajon Rondo,1610612758.0,Sacramento,Kings,SAC,1,0,,,,,
0021500038,456,3,11,3,12:24 AM,3:05,,,MISS Rondo Free Throw 1 of 2,,,5.0,200765,Rajon Rondo,1610612758.0,Sacramento,Kings,SAC,0,0,,,,,,0,0,,,,,
0021500038,457,4,1,3,12:24 AM,3:05,,,Kings Rebound,,,3.0,1610612758,,,,,,0,0,,,,,,0,0,,,,,
0021500038,458,3,12,3,12:24 AM,3:05,,,MISS Rondo Free Throw 2 of 2,,,5.0,200765,Rajon Rondo,1610612758.0,Sacramento,Kings,SAC,0,0,,,,,,0,0,,,,,
0021500038,460,4,0,3,12:24 AM,3:04,Griffin REBOUND (Off:0 Def:7),,,,,4.0,201933,Blake Griffin,1610612746.0,LA,Clippers,LAC,0,0,,,,,,0,0,,,,,
0021500038,461,2,1,3,12:24 AM,2:44,MISS Griffin 21' Jump Shot,,,,,4.0,201933,Blake Griffin,1610612746.0,LA,Clippers,LAC,0,0,,,,,,0,0,,,,,
0021500038,462,4,0,3,12:24 AM,2:43,,,Rondo REBOUND (Off:1 Def:3),,,5.0,200765,Rajon Rondo,1610612758.0,Sacramento,Kings,SAC,0,0,,,,,,0,0,,,,,
0021500038,463,2,1,3,12:24 AM,2:32,,,MISS Butler 21' Jump Shot,,,5.0,2406,Caron Butler,1610612758.0,Sacramento,Kings,SAC,0,0,,,,,,0,0,,,,,
0021500038,464,4,0,3,12:24 AM,2:31,,,Kings Rebound,,,3.0,1610612758,,,,,,0,0,,,,,,0,0,,,,,
0021500038,465,6,3,3,12:25 AM,2:31,Griffin L.B.FOUL (P4.PN) (T.Washington),,,,,4.0,201933,Blake Griffin,1610612746.0,LA,Clippers,LAC,5,200765,Rajon Rondo,1610612758.0,Sacramento,Kings,SAC,1,0,,,,,
0021500038,466,9,1,3,12:25 AM,2:31,CLIPPERS Timeout: Regular (Full 3 Short 1),,,,,2.0,1610612746,,,,,,0,0,,,,,,0,0,,,,,
0021500038,468,8,0,3,12:27 AM,2:31,SUB: Pierce FOR Griffin,,,,,4.0,201933,Blake Griffin,1610612746.0,LA,Clippers,LAC,4,1718,Paul Pierce,1610612746.0,LA,Clippers,LAC,0,0,,,,,
0021500038,469,8,0,3,12:27 AM,2:31,SUB: Rivers FOR Redick,,,,,4.0,200755,JJ Redick,1610612746.0,LA,Clippers,LAC,4,203085,Austin Rivers,1610612746.0,LA,Clippers,LAC,0,0,,,,,
0021500038,470,3,11,3,12:27 AM,2:31,,,MISS Rondo Free Throw 1 of 2,,,5.0,200765,Rajon Rondo,1610612758.0,Sacramento,Kings,SAC,0,0,,,,,,0,0,,,,,
0021500038,471,4,1,3,12:27 AM,2:31,,,Kings Rebound,,,3.0,1610612758,,,,,,0,0,,,,,,0,0,,,,,
0021500038,472,3,12,3,12:27 AM,2:31,,,Rondo Free Throw 2 of 2 (17 PTS),71 - 81,10,5.0,200765,Rajon Rondo,1610612758.0,Sacramento,Kings,SAC,0,0,,,,,,0,0,,,,,
0021500038,474,2,1,3,12:28 AM,2:09,MISS Paul 26' 3PT Jump Shot,,,,,4.0,101108,Chris Paul,1610612746.0,LA,Clippers,LAC,0,0,,,,,,0,0,,,,,
0021500038,475,4,0,3,12:28 AM,2:09,Smith REBOUND (Off:2 Def:0),,,,,4.0,2746,Josh Smith,1610612746.0,LA,Clippers,LAC,0,0,,,,,,0,0,,,,,
0021500038,476,6,3,3,12:28 AM,2:09,,,Butler L.B.FOUL (P1.T4) (T.Washington),,,5.0,2406,Caron Butler,1610612758.0,Sacramento,Kings,SAC,4,2746,Josh Smith,1610612746.0,LA,Clippers,LAC,1,0,,,,,
0021500038,478,2,1,3,12:29 AM,1:57,MISS Rivers 24' 3PT Jump Shot,,,,,4.0,203085,Austin Rivers,1610612746.0,LA,Clippers,LAC,0,0,,,,,,0,0,,,,,
0021500038,479,4,0,3,12:29 AM,1:57,,,Kings Rebound,,,3.0,1610612758,,,,,,0,0,,,,,,0,0,,,,,
0021500038,480,1,108,3,12:29 AM,1:38,,,Cauley-Stein  Cutting Dunk Shot (8 PTS) (Casspi 2 AST),73 - 81,8,5.0,1626161,Willie Cauley-Stein,1610612758.0,Sacramento,Kings,SAC,5,201956,Omri Casspi,1610612758.0,Sacramento,Kings,SAC,0,0,,,,,
0021500038,481,2,58,3,12:29 AM,1:16,MISS Smith 6' Turnaround Hook Shot,,,,,4.0,2746,Josh Smith,1610612746.0,LA,Clippers,LAC,0,0,,,,,,0,0,,,,,
0021500038,482,4,0,3,12:29 AM,1:13,,,Casspi REBOUND (Off:1 Def:3),,,5.0,201956,Omri Casspi,1610612758.0,Sacramento,Kings,SAC,0,0,,,,,,0,0,,,,,
0021500038,483,1,3,3,12:29 AM,1:05,,,Rondo 6' Hook Shot (19 PTS),75 - 81,6,5.0,200765,Rajon Rondo,1610612758.0,Sacramento,Kings,SAC,0,0,,,,,,0,0,,,,,
0021500038,484,1,1,3,12:30 AM,0:42,Crawford 17' Jump Shot (4 PTS) (Smith 1 AST),,,75 - 83,8,4.0,2037,Jamal Crawford,1610612746.0,LA,Clippers,LAC,4,2746,Josh Smith,1610612746.0,LA,Clippers,LAC,0,0,,,,,
0021500038,486,6,1,3,12:30 AM,0:30,Paul P.FOUL (P2.PN) (M.Ayotte),,,,,4.0,101108,Chris Paul,1610612746.0,LA,Clippers,LAC,5,201956,Omri Casspi,1610612758.0,Sacramento,Kings,SAC,1,0,,,,,
0021500038,487,3,11,3,12:30 AM,0:30,,,Casspi Free Throw 1 of 2 (10 PTS),76 - 83,7,5.0,201956,Omri Casspi,1610612758.0,Sacramento,Kings,SAC,0,0,,,,,,0,0,,,,,
0021500038,490,8,0,3,12:31 AM,0:30,SUB: W. Johnson FOR Paul,,,,,4.0,101108,Chris Paul,1610612746.0,LA,Clippers,LAC,4,202325,Wesley Johnson,1610612746.0,LA,Clippers,LAC,0,0,,,,,
0021500038,491,8,0,3,12:31 AM,0:30,,,SUB: Collison FOR Rondo,,,5.0,200765,Rajon Rondo,1610612758.0,Sacramento,Kings,SAC,5,201954,Darren Collison,1610612758.0,Sacramento,Kings,SAC,0,0,,,,,
0021500038,492,3,12,3,12:31 AM,0:30,,,MISS Casspi Free Throw 2 of 2,,,5.0,201956,Omri Casspi,1610612758.0,Sacramento,Kings,SAC,0,0,,,,,,0,0,,,,,
0021500038,494,4,0,3,12:31 AM,0:28,Pierce REBOUND (Off:0 Def:2),,,,,4.0,1718,Paul Pierce,1610612746.0,LA,Clippers,LAC,0,0,,,,,,0,0,,,,,
0021500038,495,2,1,3,12:31 AM,0:08,MISS Crawford 14' Jump Shot,,,,,4.0,2037,Jamal Crawford,1610612746.0,LA,Clippers,LAC,0,0,,,,,,0,0,,,,,
0021500038,496,4,0,3,12:31 AM,0:07,,,Cauley-Stein REBOUND (Off:5 Def:4),,,5.0,1626161,Willie Cauley-Stein,1610612758.0,Sacramento,Kings,SAC,0,0,,,,,,0,0,,,,,
0021500038,497,1,1,3,12:31 AM,0:02,,,Belinelli 28' 3PT Jump Shot (7 PTS) (Collison 5 AST),79 - 83,4,5.0,201158,Marco Belinelli,1610612758.0,Sacramento,Kings,SAC,5,201954,Darren Collison,1610612758.0,Sacramento,Kings,SAC,0,0,,,,,
0021500038,498,2,1,3,12:32 AM,0:01,MISS Crawford 48' 3PT Jump Shot,,,,,4.0,2037,Jamal Crawford,1610612746.0,LA,Clippers,LAC,0,0,,,,,,0,0,,,,,
0021500038,499,4,0,3,12:32 AM,0:00,CLIPPERS Rebound,,,,,2.0,1610612746,,,,,,0,0,,,,,,0,0,,,,,
0021500038,500,13,0,3,12:32 AM,0:00,,,,79 - 83,4,0.0,0,,,,,,0,0,,,,,,0,0,,,,,
0021500038,502,12,0,4,12:34 AM,12:00,,,,79 - 83,4,0.0,0,,,,,,0,0,,,,,,0,0,,,,,
0021500038,505,5,41,4,12:35 AM,11:44,Pierce Poss Lost Ball Turnover (P2.T12),,,,,4.0,1718,Paul Pierce,1610612746.0,LA,Clippers,LAC,0,0,,,,,,0,0,,,,,
0021500038,506,6,3,4,12:35 AM,11:43,Pierce L.B.FOUL (P1.T1) (C.Blair),,,,,4.0,1718,Paul Pierce,1610612746.0,LA,Clippers,LAC,5,1626161,Willie Cauley-Stein,1610612758.0,Sacramento,Kings,SAC,1,0,,,,,
0021500038,507,2,1,4,12:35 AM,11:31,,,MISS Belinelli 20' Jump Shot,,,5.0,201158,Marco Belinelli,1610612758.0,Sacramento,Kings,SAC,0,0,,,,,,0,0,,,,,
0021500038,508,4,0,4,12:35 AM,11:31,CLIPPERS Rebound,,,,,2.0,1610612746,,,,,,0,0,,,,,,0,0,,,,,
0021500038,509,6,3,4,12:35 AM,11:31,,,Cauley-Stein L.B.FOUL (P4.T1) (T.Washington),,,5.0,1626161,Willie Cauley-Stein,1610612758.0,Sacramento,Kings,SAC,4,2746,Josh Smith,1610612746.0,LA,Clippers,LAC,1,0,,,,,
0021500038,510,5,4,4,12:36 AM,11:18,Rivers Traveling Turnover (P2.T13),,,,,4.0,203085,Austin Rivers,1610612746.0,LA,Clippers,LAC,0,0,,,,,,1,0,,,,,
0021500038,512,1,46,4,12:36 AM,11:07,,,Collison 7' Running Jump Shot (6 PTS),81 - 83,2,5.0,201954,Darren Collison,1610612758.0,Sacramento,Kings,SAC,0,0,,,,,,0,0,,,,,
0021500038,513,6,2,4,12:36 AM,11:00,,,Butler S.FOUL (P2.T2) (M.Ayotte),,,5.0,2406,Caron Butler,1610612758.0,Sacramento,Kings,SAC,4,2037,Jamal Crawford,1610612746.0,LA,Clippers,LAC,1,0,,,,,
0021500038,515,3,11,4,12:36 AM,11:00,Crawford Free Throw 1 of 2 (5 PTS),,,81 - 84,3,4.0,2037,Jamal Crawford,1610612746.0,LA,Clippers,LAC,0,0,,,,,,0,0,,,,,
0021500038,517,3,12,4,12:37 AM,11:00,Crawford Free Throw 2 of 2 (6 PTS),,,81 - 85,4,4.0,2037,Jamal Crawford,1610612746.0,LA,Clippers,LAC,0,0,,,,,,0,0,,,,,
0021500038,519,1,86,4,12:37 AM,10:35,,,Butler 11' Turnaround Fadeaway (2 PTS) (Collison 6 AST),83 - 85,2,5.0,2406,Caron Butler,1610612758.0,Sacramento,Kings,SAC,5,201954,Darren Collison,1610612758.0,Sacramento,Kings,SAC,0,0,,,,,
0021500038,520,2,1,4,12:37 AM,10:19,MISS Crawford 20' Jump Shot,,,,,4.0,2037,Jamal Crawford,1610612746.0,LA,Clippers,LAC,0,0,,,,,,0,0,,,,,
0021500038,521,4,0,4,12:37 AM,10:18,,,Collison REBOUND (Off:1 Def:2),,,5.0,201954,Darren Collison,1610612758.0,Sacramento,Kings,SAC,0,0,,,,,,0,0,,,,,
0021500038,522,6,1,4,12:38 AM,10:03,Rivers P.FOUL (P3.T2) (C.Blair),,,,,4.0,203085,Austin Rivers,1610612746.0,LA,Clippers,LAC,5,2406,Caron Butler,1610612758.0,Sacramento,Kings,SAC,1,0,,,,,
0021500038,523,6,26,4,12:38 AM,9:56,,,Casspi Offensive Charge Foul (P1.T3) (T.Washington),,,5.0,201956,Omri Casspi,1610612758.0,Sacramento,Kings,SAC,4,2037,Jamal Crawford,1610612746.0,LA,Clippers,LAC,1,0,,,,,
0021500038,524,5,5,4,12:38 AM,9:56,,,Casspi Foul Turnover (P3.T13),,,5.0,201956,Omri Casspi,1610612758.0,Sacramento,Kings,SAC,0,0,,,,,,1,0,,,,,
0021500038,525,1,49,4,12:39 AM,9:42,Smith  Driving Dunk (2 PTS),,,83 - 87,4,4.0,2746,Josh Smith,1610612746.0,LA,Clippers,LAC,0,0,,,,,,0,0,,,,,
0021500038,526,1,80,4,12:39 AM,9:21,,,Butler 19' Step Back Jump Shot (4 PTS) (Belinelli 1 AST),85 - 87,2,5.0,2406,Caron Butler,1610612758.0,Sacramento,Kings,SAC,5,201158,Marco Belinelli,1610612758.0,Sacramento,Kings,SAC,0,0,,,,,
0021500038,527,6,29,4,12:39 AM,9:01,,,Cauley-Stein Shooting Block Foul (P5.T4) (T.Washington),,,5.0,1626161,Willie Cauley-Stein,1610612758.0,Sacramento,Kings,SAC,4,2037,Jamal Crawford,1610612746.0,LA,Clippers,LAC,1,0,,,,,
0021500038,528,3,11,4,12:40 AM,9:01,Crawford Free Throw 1 of 2 (7 PTS),,,85 - 88,3,4.0,2037,Jamal Crawford,1610612746.0,LA,Clippers,LAC,0,0,,,,,,0,0,,,,,
0021500038,530,8,0,4,12:40 AM,9:01,SUB: Jordan FOR Smith,,,,,4.0,2746,Josh Smith,1610612746.0,LA,Clippers,LAC,4,201599,DeAndre Jordan,1610612746.0,LA,Clippers,LAC,0,0,,,,,
0021500038,531,8,0,4,12:40 AM,9:01,,,SUB: Koufos FOR Cauley-Stein,,,5.0,1626161,Willie Cauley-Stein,1610612758.0,Sacramento,Kings,SAC,5,201585,Kosta Koufos,1610612758.0,Sacramento,Kings,SAC,0,0,,,,,
0021500038,532,8,0,4,12:40 AM,9:01,,,SUB: Gay FOR Casspi,,,5.0,201956,Omri Casspi,1610612758.0,Sacramento,Kings,SAC,5,200752,Rudy Gay,1610612758.0,Sacramento,Kings,SAC,0,0,,,,,
0021500038,533,3,12,4,12:40 AM,9:01,Crawford Free Throw 2 of 2 (8 PTS),,,85 - 89,4,4.0,2037,Jamal Crawford,1610612746.0,LA,Clippers,LAC,0,0,,,,,,0,0,,,,,
0021500038,535,6,2,4,12:40 AM,8:54,W. Johnson S.FOUL (P2.T3) (T.Washington),,,,,4.0,202325,Wesley Johnson,1610612746.0,LA,Clippers,LAC,5,201954,Darren Collison,1610612758.0,Sacramento,Kings,SAC,1,0,,,,,
0021500038,536,9,4,4,12:41 AM,8:54,,,,,,1.0,0,,,,,,0,0,,,,,,0,0,,,,,
0021500038,538,8,0,4,12:43 AM,8:54,SUB: Paul FOR Rivers,,,,,4.0,203085,Austin Rivers,1610612746.0,LA,Clippers,LAC,4,101108,Chris Paul,1610612746.0,LA,Clippers,LAC,0,0,,,,,
0021500038,540,3,11,4,12:43 AM,8:54,,,Collison Free Throw 1 of 2 (7 PTS),86 - 89,3,5.0,201954,Darren Collison,1610612758.0,Sacramento,Kings,SAC,0,0,,,,,,0,0,,,,,
0021500038,542,3,12,4,12:43 AM,8:54,,,Collison Free Throw 2 of 2 (8 PTS),87 - 89,2,5.0,201954,Darren Collison,1610612758.0,Sacramento,Kings,SAC,0,0,,,,,,0,0,,,,,
0021500038,544,2,1,4,12:44 AM,8:43,MISS Crawford 4' Jump Shot,,Koufos BLOCK (1 BLK),,,4.0,2037,Jamal Crawford,1610612746.0,LA,Clippers,LAC,0,0,,,,,,5,201585,Kosta Koufos,1610612758.0,Sacramento,Kings,SAC
0021500038,545,4,0,4,12:44 AM,8:43,CLIPPERS Rebound,,,,,2.0,1610612746,,,,,,0,0,,,,,,0,0,,,,,
0021500038,546,8,0,4,12:44 AM,8:43,SUB: Griffin FOR Pierce,,,,,4.0,1718,Paul Pierce,1610612746.0,LA,Clippers,LAC,4,201933,Blake Griffin,1610612746.0,LA,Clippers,LAC,0,0,,,,,
0021500038,548,1,42,4,12:44 AM,8:36,Griffin 2' Driving Layup (25 PTS) (Paul 11 AST),,,87 - 91,4,4.0,201933,Blake Griffin,1610612746.0,LA,Clippers,LAC,4,101108,Chris Paul,1610612746.0,LA,Clippers,LAC,0,0,,,,,
0021500038,549,2,1,4,12:44 AM,8:25,Jordan BLOCK (6 BLK),,MISS Collison 3' Jump Shot,,,5.0,201954,Darren Collison,1610612758.0,Sacramento,Kings,SAC,0,0,,,,,,4,201599,DeAndre Jordan,1610612746.0,LA,Clippers,LAC
0021500038,550,4,0,4,12:44 AM,8:23,Paul REBOUND (Off:0 Def:6),,,,,4.0,101108,Chris Paul,1610612746.0,LA,Clippers,LAC,0,0,,,,,,0,0,,,,,
0021500038,551,6,1,4,12:44 AM,8:18,,,Gay P.FOUL (P4.PN) (T.Washington),,,5.0,200752,Rudy Gay,1610612758.0,Sacramento,Kings,SAC,4,201933,Blake Griffin,1610612746.0,LA,Clippers,LAC,1,0,,,,,
0021500038,552,2,1,4,12:45 AM,8:09,MISS Paul 7' Jump Shot,,,,,4.0,101108,Chris Paul,1610612746.0,LA,Clippers,LAC,0,0,,,,,,0,0,,,,,
0021500038,553,4,0,4,12:45 AM,8:09,Griffin REBOUND (Off:1 Def:7),,,,,4.0,201933,Blake Griffin,1610612746.0,LA,Clippers,LAC,0,0,,,,,,0,0,,,,,
0021500038,554,1,97,4,12:45 AM,8:05,Griffin 1' Tip Layup Shot (27 PTS),,,87 - 93,6,4.0,201933,Blake Griffin,1610612746.0,LA,Clippers,LAC,0,0,,,,,,0,0,,,,,
0021500038,555,2,1,4,12:45 AM,7:43,,,MISS Butler 25' 3PT Jump Shot,,,5.0,2406,Caron Butler,1610612758.0,Sacramento,Kings,SAC,0,0,,,,,,0,0,,,,,
0021500038,556,4,0,4,12:45 AM,7:43,Jordan REBOUND (Off:2 Def:12),,,,,4.0,201599,DeAndre Jordan,1610612746.0,LA,Clippers,LAC,0,0,,,,,,0,0,,,,,
0021500038,557,1,79,4,12:46 AM,7:33,Crawford 17' Pullup Jump Shot (10 PTS),,,87 - 95,8,4.0,2037,Jamal Crawford,1610612746.0,LA,Clippers,LAC,0,0,,,,,,0,0,,,,,
0021500038,558,6,1,4,12:46 AM,7:26,W. Johnson P.FOUL (P3.T4) (C.Blair),,,,,4.0,202325,Wesley Johnson,1610612746.0,LA,Clippers,LAC,5,200752,Rudy Gay,1610612758.0,Sacramento,Kings,SAC,1,0,,,,,
0021500038,559,8,0,4,12:46 AM,7:26,,,SUB: Rondo FOR Butler,,,5.0,2406,Caron Butler,1610612758.0,Sacramento,Kings,SAC,5,200765,Rajon Rondo,1610612758.0,Sacramento,Kings,SAC,0,0,,,,,
0021500038,560,6,2,4,12:46 AM,7:22,Crawford S.FOUL (P1.PN) (T.Washington),,,,,4.0,2037,Jamal Crawford,1610612746.0,LA,Clippers,LAC,5,201158,Marco Belinelli,1610612758.0,Sacramento,Kings,SAC,1,0,,,,,
0021500038,562,3,11,4,12:47 AM,7:22,,,Belinelli Free Throw 1 of 2 (8 PTS),88 - 95,7,5.0,201158,Marco Belinelli,1610612758.0,Sacramento,Kings,SAC,0,0,,,,,,0,0,,,,,
0021500038,564,8,0,4,12:47 AM,7:22,SUB: Redick FOR W. Johnson,,,,,4.0,202325,Wesley Johnson,1610612746.0,LA,Clippers,LAC,4,200755,JJ Redick,1610612746.0,LA,Clippers,LAC,0,0,,,,,
0021500038,565,3,12,4,12:47 AM,7:22,,,Belinelli Free Throw 2 of 2 (9 PTS),89 - 95,6,5.0,201158,Marco Belinelli,1610612758.0,Sacramento,Kings,SAC,0,0,,,,,,0,0,,,,,
0021500038,567,5,1,4,12:47 AM,7:15,Paul Bad Pass Turnover (P3.T14),,Rondo STEAL (1 STL),,,4.0,101108,Chris Paul,1610612746.0,LA,Clippers,LAC,5,200765,Rajon Rondo,1610612758.0,Sacramento,Kings,SAC,0,0,,,,,
0021500038,568,1,81,4,12:48 AM,7:00,,,Collison 18' Pullup Bank Shot (10 PTS),91 - 95,4,5.0,201954,Darren Collison,1610612758.0,Sacramento,Kings,SAC,0,0,,,,,,0,0,,,,,
0021500038,569,5,2,4,12:48 AM,6:44,Griffin Lost Ball Turnover (P3.T15),,Gay STEAL (2 STL),,,4.0,201933,Blake Griffin,1610612746.0,LA,Clippers,LAC,5,200752,Rudy Gay,1610612758.0,Sacramento,Kings,SAC,0,0,,,,,
0021500038,570,1,1,4,12:48 AM,6:34,,,Gay 25' 3PT Jump Shot (16 PTS) (Rondo 5 AST),94 - 95,1,5.0,200752,Rudy Gay,1610612758.0,Sacramento,Kings,SAC,5,200765,Rajon Rondo,1610612758.0,Sacramento,Kings,SAC,0,0,,,,,
0021500038,571,2,1,4,12:48 AM,6:18,MISS Griffin 17' Jump Shot,,,,,4.0,201933,Blake Griffin,1610612746.0,LA,Clippers,LAC,0,0,,,,,,0,0,,,,,
0021500038,572,4,0,4,12:48 AM,6:17,,,Koufos REBOUND (Off:3 Def:3),,,5.0,201585,Kosta Koufos,1610612758.0,Sacramento,Kings,SAC,0,0,,,,,,0,0,,,,,
0021500038,573,6,2,4,12:48 AM,6:13,Redick S.FOUL (P4.PN) (T.Washington),,,,,4.0,200755,JJ Redick,1610612746.0,LA,Clippers,LAC,5,200752,Rudy Gay,1610612758.0,Sacramento,Kings,SAC,1,0,,,,,
0021500038,574,3,11,4,12:49 AM,6:13,,,Gay Free Throw 1 of 2 (17 PTS),95 - 95,TIE,5.0,200752,Rudy Gay,1610612758.0,Sacramento,Kings,SAC,0,0,,,,,,0,0,,,,,
0021500038,576,3,12,4,12:49 AM,6:13,,,Gay Free Throw 2 of 2 (18 PTS),96 - 95,-1,5.0,200752,Rudy Gay,1610612758.0,Sacramento,Kings,SAC,0,0,,,,,,0,0,,,,,
0021500038,578,1,5,4,12:50 AM,5:59,Griffin 2' Layup (29 PTS) (Redick 2 AST),,,96 - 97,1,4.0,201933,Blake Griffin,1610612746.0,LA,Clippers,LAC,4,200755,JJ Redick,1610612746.0,LA,Clippers,LAC,0,0,,,,,
0021500038,579,2,1,4,12:50 AM,5:42,,,MISS Gay 22' Jump Shot,,,5.0,200752,Rudy Gay,1610612758.0,Sacramento,Kings,SAC,0,0,,,,,,0,0,,,,,
0021500038,580,4,0,4,12:50 AM,5:41,Crawford REBOUND (Off:0 Def:1),,,,,4.0,2037,Jamal Crawford,1610612746.0,LA,Clippers,LAC,0,0,,,,,,0,0,,,,,
0021500038,581,1,42,4,12:50 AM,5:26,Paul 2' Driving Layup (15 PTS),,,96 - 99,3,4.0,101108,Chris Paul,1610612746.0,LA,Clippers,LAC,0,0,,,,,,0,0,,,,,
0021500038,582,9,1,4,12:50 AM,5:26,,,Kings Timeout: Regular (Reg.4 Short 0),,,3.0,1610612758,,,,,,0,0,,,,,,0,0,,,,,
0021500038,586,2,1,4,12:53 AM,5:06,,,MISS Gay 19' Jump Shot,,,5.0,200752,Rudy Gay,1610612758.0,Sacramento,Kings,SAC,0,0,,,,,,0,0,,,,,
0021500038,587,4,0,4,12:53 AM,5:06,CLIPPERS Rebound,,,,,2.0,1610612746,,,,,,0,0,,,,,,0,0,,,,,
0021500038,588,6,3,4,12:53 AM,5:06,,,Koufos L.B.FOUL (P4.PN) (C.Blair),,,5.0,201585,Kosta Koufos,1610612758.0,Sacramento,Kings,SAC,4,201933,Blake Griffin,1610612746.0,LA,Clippers,LAC,1,0,,,,,
0021500038,589,3,11,4,12:54 AM,5:06,Griffin Free Throw 1 of 2 (30 PTS),,,96 - 100,4,4.0,201933,Blake Griffin,1610612746.0,LA,Clippers,LAC,0,0,,,,,,0,0,,,,,
0021500038,591,3,12,4,12:54 AM,5:06,Griffin Free Throw 2 of 2 (31 PTS),,,96 - 101,5,4.0,201933,Blake Griffin,1610612746.0,LA,Clippers,LAC,0,0,,,,,,0,0,,,,,
0021500038,593,2,1,4,12:55 AM,4:51,,,MISS Belinelli 19' Jump Shot,,,5.0,201158,Marco Belinelli,1610612758.0,Sacramento,Kings,SAC,0,0,,,,,,0,0,,,,,
0021500038,594,4,0,4,12:55 AM,4:51,Griffin REBOUND (Off:1 Def:8),,,,,4.0,201933,Blake Griffin,1610612746.0,LA,Clippers,LAC,0,0,,,,,,0,0,,,,,
0021500038,595,2,1,4,12:55 AM,4:39,MISS Paul 16' Jump Shot,,,,,4.0,101108,Chris Paul,1610612746.0,LA,Clippers,LAC,0,0,,,,,,0,0,,,,,
0021500038,596,4,0,4,12:55 AM,4:38,Jordan REBOUND (Off:3 Def:12),,,,,4.0,201599,DeAndre Jordan,1610612746.0,LA,Clippers,LAC,0,0,,,,,,0,0,,,,,
0021500038,597,1,78,4,12:55 AM,4:26,Griffin 8' Floating Jump Shot (33 PTS),,,96 - 103,7,4.0,201933,Blake Griffin,1610612746.0,LA,Clippers,LAC,0,0,,,,,,0,0,,,,,
0021500038,598,2,1,4,12:55 AM,4:09,,,MISS Rondo  3PT Jump Shot,,,5.0,200765,Rajon Rondo,1610612758.0,Sacramento,Kings,SAC,0,0,,,,,,0,0,,,,,
0021500038,599,4,0,4,12:55 AM,4:09,,,Gay REBOUND (Off:3 Def:4),,,5.0,200752,Rudy Gay,1610612758.0,Sacramento,Kings,SAC,0,0,,,,,,0,0,,,,,
0021500038,600,2,3,4,12:55 AM,4:05,,,MISS Gay 5' Hook Shot,,,5.0,200752,Rudy Gay,1610612758.0,Sacramento,Kings,SAC,0,0,,,,,,0,0,,,,,
0021500038,601,4,0,4,12:56 AM,4:02,Jordan REBOUND (Off:3 Def:13),,,,,4.0,201599,DeAndre Jordan,1610612746.0,LA,Clippers,LAC,0,0,,,,,,0,0,,,,,
0021500038,602,5,45,4,12:56 AM,3:50,Paul Out of Bounds - Bad Pass Turnover Turnover (P4.T16),,,,,4.0,101108,Chris Paul,1610612746.0,LA,Clippers,LAC,0,0,,,,,,0,0,,,,,
0021500038,603,1,1,4,12:56 AM,3:31,,,Gay 7' Jump Shot (20 PTS) (Rondo 6 AST),98 - 103,5,5.0,200752,Rudy Gay,1610612758.0,Sacramento,Kings,SAC,5,200765,Rajon Rondo,1610612758.0,Sacramento,Kings,SAC,0,0,,,,,
0021500038,604,1,1,4,12:57 AM,3:03,Griffin 7' Jump Shot (35 PTS),,,98 - 105,7,4.0,201933,Blake Griffin,1610612746.0,LA,Clippers,LAC,0,0,,,,,,0,0,,,,,
0021500038,605,1,1,4,12:57 AM,2:53,,,Rondo 16' Jump Shot (21 PTS),100 - 105,5,5.0,200765,Rajon Rondo,1610612758.0,Sacramento,Kings,SAC,0,0,,,,,,0,0,,,,,
0021500038,606,6,28,4,12:57 AM,2:46,,,Koufos Personal Take Foul (P5.PN) (C.Blair),,,5.0,201585,Kosta Koufos,1610612758.0,Sacramento,Kings,SAC,4,201599,DeAndre Jordan,1610612746.0,LA,Clippers,LAC,1,0,,,,,
0021500038,607,9,1,4,12:57 AM,2:46,CLIPPERS Timeout: Regular (Full 4 Short 1),,,,,2.0,1610612746,,,,,,0,0,,,,,,0,0,,,,,
0021500038,609,3,11,4,12:59 AM,2:46,MISS Jordan Free Throw 1 of 2,,,,,4.0,201599,DeAndre Jordan,1610612746.0,LA,Clippers,LAC,0,0,,,,,,0,0,,,,,
0021500038,610,4,1,4,1:00 AM,2:46,CLIPPERS Rebound,,,,,2.0,1610612746,,,,,,0,0,,,,,,0,0,,,,,
0021500038,611,3,12,4,1:00 AM,2:46,Jordan Free Throw 2 of 2 (14 PTS),,,100 - 106,6,4.0,201599,DeAndre Jordan,1610612746.0,LA,Clippers,LAC,0,0,,,,,,0,0,,,,,
0021500038,613,1,80,4,1:01 AM,2:19,,,Collison 26' 3PT Step Back Jump Shot (13 PTS),103 - 106,3,5.0,201954,Darren Collison,1610612758.0,Sacramento,Kings,SAC,0,0,,,,,,0,0,,,,,
0021500038,614,6,28,4,1:01 AM,2:13,,,Rondo Personal Take Foul (P5.PN) (C.Blair),,,5.0,200765,Rajon Rondo,1610612758.0,Sacramento,Kings,SAC,4,201599,DeAndre Jordan,1610612746.0,LA,Clippers,LAC,1,0,,,,,
0021500038,615,3,11,4,1:01 AM,2:13,MISS Jordan Free Throw 1 of 2,,,,,4.0,201599,DeAndre Jordan,1610612746.0,LA,Clippers,LAC,0,0,,,,,,0,0,,,,,
0021500038,616,4,1,4,1:01 AM,2:13,CLIPPERS Rebound,,,,,2.0,1610612746,,,,,,0,0,,,,,,0,0,,,,,
0021500038,617,3,12,4,1:01 AM,2:13,Jordan Free Throw 2 of 2 (15 PTS),,,103 - 107,4,4.0,201599,DeAndre Jordan,1610612746.0,LA,Clippers,LAC,0,0,,,,,,0,0,,,,,
0021500038,619,2,5,4,1:02 AM,1:52,Jordan BLOCK (7 BLK),,MISS Collison 3' Layup,,,5.0,201954,Darren Collison,1610612758.0,Sacramento,Kings,SAC,0,0,,,,,,4,201599,DeAndre Jordan,1610612746.0,LA,Clippers,LAC
0021500038,620,4,0,4,1:02 AM,1:52,,,Gay REBOUND (Off:4 Def:4),,,5.0,200752,Rudy Gay,1610612758.0,Sacramento,Kings,SAC,0,0,,,,,,0,0,,,,,
0021500038,621,2,1,4,1:02 AM,1:49,,,MISS Gay 16' Jump Shot,,,5.0,200752,Rudy Gay,1610612758.0,Sacramento,Kings,SAC,0,0,,,,,,0,0,,,,,
0021500038,622,4,0,4,1:02 AM,1:49,,,Koufos REBOUND (Off:4 Def:3),,,5.0,201585,Kosta Koufos,1610612758.0,Sacramento,Kings,SAC,0,0,,,,,,0,0,,,,,
0021500038,623,1,97,4,1:02 AM,1:46,,,Koufos 1' Tip Layup Shot (4 PTS),105 - 107,2,5.0,201585,Kosta Koufos,1610612758.0,Sacramento,Kings,SAC,0,0,,,,,,0,0,,,,,
0021500038,624,6,6,4,1:02 AM,1:46,,,Collison AWAY.FROM.PLAY.FOUL (P3.PN) (C.Blair),,,5.0,201954,Darren Collison,1610612758.0,Sacramento,Kings,SAC,4,201599,DeAndre Jordan,1610612746.0,LA,Clippers,LAC,1,0,,,,,
0021500038,627,3,10,4,1:03 AM,1:46,Redick Free Throw 1 of 1 (21 PTS),,,105 - 108,3,4.0,200755,JJ Redick,1610612746.0,LA,Clippers,LAC,0,0,,,,,,0,0,,,,,
0021500038,629,9,1,4,1:03 AM,1:46,CLIPPERS Timeout: Regular (Full 5 Short 1),,,,,2.0,1610612746,,,,,,0,0,,,,,,0,0,,,,,
0021500038,633,6,27,4,1:06 AM,1:36,,,Collison Personal Block Foul (P4.PN) (C.Blair),,,5.0,201954,Darren Collison,1610612758.0,Sacramento,Kings,SAC,4,101108,Chris Paul,1610612746.0,LA,Clippers,LAC,1,0,,,,,
0021500038,634,3,11,4,1:06 AM,1:36,Paul Free Throw 1 of 2 (16 PTS),,,105 - 109,4,4.0,101108,Chris Paul,1610612746.0,LA,Clippers,LAC,0,0,,,,,,0,0,,,,,
0021500038,636,3,12,4,1:06 AM,1:36,Paul Free Throw 2 of 2 (17 PTS),,,105 - 110,5,4.0,101108,Chris Paul,1610612746.0,LA,Clippers,LAC,0,0,,,,,,0,0,,,,,
0021500038,639,5,13,4,1:07 AM,1:24,,,Kings Turnover: Backcourt (T#14),,,3.0,1610612758,,,,,,0,0,,,,,,1,0,,,,,
0021500038,640,5,1,4,1:07 AM,1:14,Paul Bad Pass Turnover (P5.T17),,Rondo STEAL (2 STL),,,4.0,101108,Chris Paul,1610612746.0,LA,Clippers,LAC,5,200765,Rajon Rondo,1610612758.0,Sacramento,Kings,SAC,0,0,,,,,
0021500038,641,1,41,4,1:07 AM,1:11,,,Collison 1' Running Layup (15 PTS) (Rondo 7 AST),107 - 110,3,5.0,201954,Darren Collison,1610612758.0,Sacramento,Kings,SAC,5,200765,Rajon Rondo,1610612758.0,Sacramento,Kings,SAC,0,0,,,,,
0021500038,642,2,3,4,1:08 AM,0:46,MISS Griffin 5' Hook Shot,,,,,4.0,201933,Blake Griffin,1610612746.0,LA,Clippers,LAC,0,0,,,,,,0,0,,,,,
0021500038,643,4,0,4,1:08 AM,0:44,,,Rondo REBOUND (Off:1 Def:4),,,5.0,200765,Rajon Rondo,1610612758.0,Sacramento,Kings,SAC,0,0,,,,,,0,0,,,,,
0021500038,644,2,1,4,1:08 AM,0:37,,,MISS Gay 25' 3PT Jump Shot,,,5.0,200752,Rudy Gay,1610612758.0,Sacramento,Kings,SAC,0,0,,,,,,0,0,,,,,
0021500038,645,4,0,4,1:08 AM,0:36,Jordan REBOUND (Off:3 Def:14),,,,,4.0,201599,DeAndre Jordan,1610612746.0,LA,Clippers,LAC,0,0,,,,,,0,0,,,,,
0021500038,646,6,2,4,1:08 AM,0:17,,,Koufos S.FOUL (P6.PN) (T.Washington),,,5.0,201585,Kosta Koufos,1610612758.0,Sacramento,Kings,SAC,4,201933,Blake Griffin,1610612746.0,LA,Clippers,LAC,1,0,,,,,
0021500038,648,8,0,4,1:09 AM,0:17,,,SUB: Casspi FOR Koufos,,,5.0,201585,Kosta Koufos,1610612758.0,Sacramento,Kings,SAC,5,201956,Omri Casspi,1610612758.0,Sacramento,Kings,SAC,0,0,,,,,
0021500038,650,3,11,4,1:09 AM,0:17,Griffin Free Throw 1 of 2 (36 PTS),,,107 - 111,4,4.0,201933,Blake Griffin,1610612746.0,LA,Clippers,LAC,0,0,,,,,,0,0,,,,,
0021500038,652,3,12,4,1:09 AM,0:17,Griffin Free Throw 2 of 2 (37 PTS),,,107 - 112,5,4.0,201933,Blake Griffin,1610612746.0,LA,Clippers,LAC,0,0,,,,,,0,0,,,,,
0021500038,654,9,2,4,1:10 AM,0:17,,,Kings Timeout: Short (Reg.4 Short 1),,,3.0,1610612758,,,,,,0,0,,,,,,0,0,,,,,
0021500038,656,1,86,4,1:11 AM,0:15,,,Belinelli 21' Turnaround Fadeaway (11 PTS) (Rondo 8 AST),109 - 112,3,5.0,201158,Marco Belinelli,1610612758.0,Sacramento,Kings,SAC,5,200765,Rajon Rondo,1610612758.0,Sacramento,Kings,SAC,0,0,,,,,
0021500038,658,18,0,4,1:12 AM,0:15,,,,,,,656,,,,,,0,0,,,,,,1,0,,,,,
0021500038,659,6,28,4,1:13 AM,0:08,,,Casspi Personal Take Foul (P2.PN) (M.Ayotte),,,5.0,201956,Omri Casspi,1610612758.0,Sacramento,Kings,SAC,4,200755,JJ Redick,1610612746.0,LA,Clippers,LAC,1,0,,,,,
0021500038,660,3,11,4,1:13 AM,0:08,Redick Free Throw 1 of 2 (22 PTS),,,109 - 113,4,4.0,200755,JJ Redick,1610612746.0,LA,Clippers,LAC,0,0,,,,,,0,0,,,,,
0021500038,664,8,0,4,1:13 AM,0:08,SUB: Rivers FOR Crawford,,,,,4.0,2037,Jamal Crawford,1610612746.0,LA,Clippers,LAC,4,203085,Austin Rivers,1610612746.0,LA,Clippers,LAC,0,0,,,,,
0021500038,665,3,12,4,1:13 AM,0:08,Redick Free Throw 2 of 2 (23 PTS),,,109 - 114,5,4.0,200755,JJ Redick,1610612746.0,LA,Clippers,LAC,0,0,,,,,,0,0,,,,,
0021500038,667,9,2,4,1:13 AM,0:08,,,Kings Timeout: Short (Reg.4 Short 2),,,3.0,1610612758,,,,,,0,0,,,,,,0,0,,,,,
0021500038,669,2,5,4,1:15 AM,0:02,,,MISS Gay 2' Layup,,,5.0,200752,Rudy Gay,1610612758.0,Sacramento,Kings,SAC,0,0,,,,,,0,0,,,,,
0021500038,670,4,0,4,1:15 AM,0:01,,,Gay REBOUND (Off:5 Def:4),,,5.0,200752,Rudy Gay,1610612758.0,Sacramento,Kings,SAC,0,0,,,,,,0,0,,,,,
0021500038,671,2,97,4,1:15 AM,0:01,,,MISS Gay  Tip Layup Shot,,,5.0,200752,Rudy Gay,1610612758.0,Sacramento,Kings,SAC,0,0,,,,,,0,0,,,,,
0021500038,672,4,0,4,1:15 AM,0:00,Jordan REBOUND (Off:3 Def:15),,,,,4.0,201599,DeAndre Jordan,1610612746.0,LA,Clippers,LAC,0,0,,,,,,0,0,,,,,
0021500038,673,13,0,4,1:15 AM,0:00,,,,109 - 114,5,0.0,0,,,,,,0,0,,,,,,0,0,,,,,
