GAME_ID,EVENTNUM,EVENTMSGTYPE,EVENTMSGACTIONTYPE,PERIOD,WCTIMESTRING,PCTIMESTRING,HOMEDESCRIPTION,NEUTRALDESCRIPTION,VISITORDESCRIPTION,SCORE,SCOREMARGIN,PERSON1TYPE,PLAYER1_ID,PLAYER1_NAME,PLAYER1_TEAM_ID,PLAYER1_TEAM_CITY,PLAYER1_TEAM_NICKNAME,PLAYER1_TEAM_ABBREVIATION,PERSON2TYPE,PLAYER2_ID,PLAYER2_NAME,PLAYER2_TEAM_ID,PLAYER2_TEAM_CITY,PLAYER2_TEAM_NICKNAME,PLAYER2_TEAM_ABBREVIATION,PERSON3TYPE,PLAYER3_ID,PLAYER3_NAME,PLAYER3_TEAM_ID,PLAYER3_TEAM_CITY,PLAYER3_TEAM_NICKNAME,PLAYER3_TEAM_ABBREVIATION
0021500408,0,12,0,1,6:11 PM,12:00,,,,,,0.0,0,,,,,,0,0,,,,,,0,0,,,,,
0021500408,1,10,0,1,6:11 PM,12:00,Jump Ball Biyombo vs. Cousins: Tip to Lowry,,,,,4.0,202687,Bismack Biyombo,1610612761.0,Toronto,Raptors,TOR,5,202326,DeMarcus Cousins,1610612758.0,Sacramento,Kings,SAC,4,200768,Kyle Lowry,1610612761.0,Toronto,Raptors,TOR
0021500408,2,5,2,1,6:12 PM,11:44,DeRozan Lost Ball Turnover (P1.T1),,Cousins STEAL (1 STL),,,4.0,201942,DeMar DeRozan,1610612761.0,Toronto,Raptors,TOR,5,202326,DeMarcus Cousins,1610612758.0,Sacramento,Kings,SAC,0,0,,,,,
0021500408,3,1,110,1,6:12 PM,11:36,,,Gay  Running Reverse Dunk Shot (2 PTS) (Casspi 1 AST),2 - 0,-2,5.0,200752,Rudy Gay,1610612758.0,Sacramento,Kings,SAC,5,201956,Omri Casspi,1610612758.0,Sacramento,Kings,SAC,0,0,,,,,
0021500408,4,5,1,1,6:12 PM,11:24,DeRozan Bad Pass Turnover (P2.T2),,Gay STEAL (1 STL),,,4.0,201942,DeMar DeRozan,1610612761.0,Toronto,Raptors,TOR,5,200752,Rudy Gay,1610612758.0,Sacramento,Kings,SAC,0,0,,,,,
0021500408,5,1,1,1,6:12 PM,11:15,,,Cousins 26' 3PT Jump Shot (3 PTS) (Rondo 1 AST),5 - 0,-5,5.0,202326,DeMarcus Cousins,1610612758.0,Sacramento,Kings,SAC,5,200765,Rajon Rondo,1610612758.0,Sacramento,Kings,SAC,0,0,,,,,
0021500408,6,2,3,1,6:13 PM,10:52,MISS Scola 4' Hook Shot,,Gay BLOCK (1 BLK),,,4.0,2449,Luis Scola,1610612761.0,Toronto,Raptors,TOR,0,0,,,,,,5,200752,Rudy Gay,1610612758.0,Sacramento,Kings,SAC
0021500408,7,4,0,1,6:13 PM,10:50,,,Kings Rebound,,,3.0,1610612758,,,,,,0,0,,,,,,0,0,,,,,
0021500408,8,2,1,1,6:13 PM,10:26,,,MISS Cousins 19' Jump Shot,,,5.0,202326,DeMarcus Cousins,1610612758.0,Sacramento,Kings,SAC,0,0,,,,,,0,0,,,,,
0021500408,9,4,0,1,6:13 PM,10:25,Scola REBOUND (Off:0 Def:1),,,,,4.0,2449,Luis Scola,1610612761.0,Toronto,Raptors,TOR,0,0,,,,,,0,0,,,,,
0021500408,10,5,2,1,6:13 PM,10:15,Lowry Lost Ball Turnover (P1.T3),,Rondo STEAL (1 STL),,,4.0,200768,Kyle Lowry,1610612761.0,Toronto,Raptors,TOR,5,200765,Rajon Rondo,1610612758.0,Sacramento,Kings,SAC,0,0,,,,,
0021500408,11,1,106,1,6:13 PM,10:09,,,McLemore  Running Alley Oop Dunk Shot (2 PTS) (Rondo 2 AST),7 - 0,-7,5.0,203463,Ben McLemore,1610612758.0,Sacramento,Kings,SAC,5,200765,Rajon Rondo,1610612758.0,Sacramento,Kings,SAC,0,0,,,,,
0021500408,15,9,1,1,6:14 PM,10:07,RAPTORS Timeout: Regular (Full 1 Short 0),,,,,2.0,1610612761,,,,,,0,0,,,,,,0,0,,,,,
0021500408,18,1,1,1,6:16 PM,9:57,DeRozan 13' Jump Shot (2 PTS) (Lowry 1 AST),,,7 - 2,-5,4.0,201942,DeMar DeRozan,1610612761.0,Toronto,Raptors,TOR,4,200768,Kyle Lowry,1610612761.0,Toronto,Raptors,TOR,0,0,,,,,
0021500408,19,2,106,1,6:16 PM,9:50,,,MISS Gay 1' Running Alley Oop Dunk Shot,,,5.0,200752,Rudy Gay,1610612758.0,Sacramento,Kings,SAC,0,0,,,,,,0,0,,,,,
0021500408,20,4,0,1,6:16 PM,9:49,DeRozan REBOUND (Off:0 Def:1),,,,,4.0,201942,DeMar DeRozan,1610612761.0,Toronto,Raptors,TOR,0,0,,,,,,0,0,,,,,
0021500408,21,2,5,1,6:17 PM,9:27,MISS Scola 2' Layup,,,,,4.0,2449,Luis Scola,1610612761.0,Toronto,Raptors,TOR,0,0,,,,,,0,0,,,,,
0021500408,22,4,0,1,6:17 PM,9:27,,,Cousins REBOUND (Off:0 Def:1),,,5.0,202326,DeMarcus Cousins,1610612758.0,Sacramento,Kings,SAC,0,0,,,,,,0,0,,,,,
0021500408,23,1,41,1,6:17 PM,9:21,,,Rondo 1' Running Layup (2 PTS),9 - 2,-7,5.0,200765,Rajon Rondo,1610612758.0,Sacramento,Kings,SAC,0,0,,,,,,0,0,,,,,
0021500408,24,2,1,1,6:17 PM,9:03,MISS Biyombo 8' Jump Shot,,Cousins BLOCK (1 BLK),,,4.0,202687,Bismack Biyombo,1610612761.0,Toronto,Raptors,TOR,0,0,,,,,,5,202326,DeMarcus Cousins,1610612758.0,Sacramento,Kings,SAC
0021500408,25,4,0,1,6:17 PM,9:02,,,Gay REBOUND (Off:0 Def:1),,,5.0,200752,Rudy Gay,1610612758.0,Sacramento,Kings,SAC,0,0,,,,,,0,0,,,,,
0021500408,26,2,100,1,6:17 PM,8:58,,,MISS Gay 1' Running Alley Oop Layup Shot,,,5.0,200752,Rudy Gay,1610612758.0,Sacramento,Kings,SAC,0,0,,,,,,0,0,,,,,
0021500408,27,4,0,1,6:17 PM,8:58,,,McLemore REBOUND (Off:1 Def:0),,,5.0,203463,Ben McLemore,1610612758.0,Sacramento,Kings,SAC,0,0,,,,,,0,0,,,,,
0021500408,28,6,1,1,6:17 PM,8:56,Biyombo P.FOUL (P1.T1) (S.Wall),,,,,4.0,202687,Bismack Biyombo,1610612761.0,Toronto,Raptors,TOR,5,202326,DeMarcus Cousins,1610612758.0,Sacramento,Kings,SAC,1,0,,,,,
0021500408,29,8,0,1,6:18 PM,8:56,SUB: Ross FOR Johnson,,,,,4.0,201949,James Johnson,1610612761.0,Toronto,Raptors,TOR,4,203082,Terrence Ross,1610612761.0,Toronto,Raptors,TOR,0,0,,,,,
0021500408,30,8,0,1,6:18 PM,8:56,SUB: Joseph FOR Scola,,,,,4.0,2449,Luis Scola,1610612761.0,Toronto,Raptors,TOR,4,202709,Cory Joseph,1610612761.0,Toronto,Raptors,TOR,0,0,,,,,
0021500408,31,1,1,1,6:18 PM,8:42,,,Rondo 24' 3PT Jump Shot (5 PTS) (Cousins 1 AST),12 - 2,-10,5.0,200765,Rajon Rondo,1610612758.0,Sacramento,Kings,SAC,5,202326,DeMarcus Cousins,1610612758.0,Sacramento,Kings,SAC,0,0,,,,,
0021500408,32,2,7,1,6:19 PM,8:20,MISS Biyombo  Dunk,,Cousins BLOCK (2 BLK),,,4.0,202687,Bismack Biyombo,1610612761.0,Toronto,Raptors,TOR,0,0,,,,,,5,202326,DeMarcus Cousins,1610612758.0,Sacramento,Kings,SAC
0021500408,33,4,0,1,6:19 PM,8:18,,,Casspi REBOUND (Off:0 Def:1),,,5.0,201956,Omri Casspi,1610612758.0,Sacramento,Kings,SAC,0,0,,,,,,0,0,,,,,
0021500408,34,1,46,1,6:19 PM,8:12,,,McLemore 24' 3PT Running Jump Shot (5 PTS) (Rondo 3 AST),15 - 2,-13,5.0,203463,Ben McLemore,1610612758.0,Sacramento,Kings,SAC,5,200765,Rajon Rondo,1610612758.0,Sacramento,Kings,SAC,0,0,,,,,
0021500408,35,2,105,1,6:19 PM,7:49,MISS Lowry 17' Turnaround Fadeaway Bank Jump Shot,,,,,4.0,200768,Kyle Lowry,1610612761.0,Toronto,Raptors,TOR,0,0,,,,,,0,0,,,,,
0021500408,36,4,0,1,6:19 PM,7:49,,,Casspi REBOUND (Off:0 Def:2),,,5.0,201956,Omri Casspi,1610612758.0,Sacramento,Kings,SAC,0,0,,,,,,0,0,,,,,
0021500408,38,1,5,1,6:20 PM,7:39,,,McLemore 3' Layup (7 PTS) (Rondo 4 AST),17 - 2,-15,5.0,203463,Ben McLemore,1610612758.0,Sacramento,Kings,SAC,5,200765,Rajon Rondo,1610612758.0,Sacramento,Kings,SAC,0,0,,,,,
0021500408,39,6,1,1,6:20 PM,7:22,,,Gay P.FOUL (P1.T1) (D.Stafford),,,5.0,200752,Rudy Gay,1610612758.0,Sacramento,Kings,SAC,4,201942,DeMar DeRozan,1610612761.0,Toronto,Raptors,TOR,1,0,,,,,
0021500408,42,8,0,1,6:21 PM,7:22,,,SUB: Belinelli FOR McLemore,,,5.0,203463,Ben McLemore,1610612758.0,Sacramento,Kings,SAC,5,201158,Marco Belinelli,1610612758.0,Sacramento,Kings,SAC,0,0,,,,,
0021500408,43,1,79,1,6:22 PM,7:08,Joseph 17' Pullup Jump Shot (2 PTS),,,17 - 4,-13,4.0,202709,Cory Joseph,1610612761.0,Toronto,Raptors,TOR,0,0,,,,,,0,0,,,,,
0021500408,44,2,102,1,6:22 PM,6:49,,,MISS Casspi 6' Driving Floating Bank Jump Shot,,,5.0,201956,Omri Casspi,1610612758.0,Sacramento,Kings,SAC,0,0,,,,,,0,0,,,,,
0021500408,45,4,0,1,6:22 PM,6:49,Biyombo REBOUND (Off:0 Def:1),,,,,4.0,202687,Bismack Biyombo,1610612761.0,Toronto,Raptors,TOR,0,0,,,,,,0,0,,,,,
0021500408,46,6,27,1,6:22 PM,6:40,,,Cousins Personal Block Foul (P1.T2) (M.Kogut),,,5.0,202326,DeMarcus Cousins,1610612758.0,Sacramento,Kings,SAC,4,201942,DeMar DeRozan,1610612761.0,Toronto,Raptors,TOR,1,0,,,,,
0021500408,47,1,79,1,6:22 PM,6:33,DeRozan 18' Pullup Jump Shot (4 PTS),,,17 - 6,-11,4.0,201942,DeMar DeRozan,1610612761.0,Toronto,Raptors,TOR,0,0,,,,,,0,0,,,,,
0021500408,48,1,1,1,6:23 PM,6:14,,,Casspi  3PT Jump Shot (3 PTS) (Rondo 5 AST),20 - 6,-14,5.0,201956,Omri Casspi,1610612758.0,Sacramento,Kings,SAC,5,200765,Rajon Rondo,1610612758.0,Sacramento,Kings,SAC,0,0,,,,,
0021500408,50,2,1,1,6:23 PM,5:56,MISS Joseph 27' 3PT Jump Shot,,,,,4.0,202709,Cory Joseph,1610612761.0,Toronto,Raptors,TOR,0,0,,,,,,0,0,,,,,
0021500408,51,4,0,1,6:23 PM,5:55,,,Cousins REBOUND (Off:0 Def:2),,,5.0,202326,DeMarcus Cousins,1610612758.0,Sacramento,Kings,SAC,0,0,,,,,,0,0,,,,,
0021500408,53,1,98,1,6:24 PM,5:44,,,Casspi 1' Cutting Layup Shot (5 PTS) (Cousins 2 AST),22 - 6,-16,5.0,201956,Omri Casspi,1610612758.0,Sacramento,Kings,SAC,5,202326,DeMarcus Cousins,1610612758.0,Sacramento,Kings,SAC,0,0,,,,,
0021500408,54,6,2,1,6:24 PM,5:44,DeRozan S.FOUL (P1.T2) (S.Wall),,,,,4.0,201942,DeMar DeRozan,1610612761.0,Toronto,Raptors,TOR,5,201956,Omri Casspi,1610612758.0,Sacramento,Kings,SAC,1,0,,,,,
0021500408,55,3,10,1,6:24 PM,5:44,,,MISS Casspi Free Throw 1 of 1,,,5.0,201956,Omri Casspi,1610612758.0,Sacramento,Kings,SAC,0,0,,,,,,0,0,,,,,
0021500408,57,4,0,1,6:24 PM,5:43,DeRozan REBOUND (Off:0 Def:2),,,,,4.0,201942,DeMar DeRozan,1610612761.0,Toronto,Raptors,TOR,0,0,,,,,,0,0,,,,,
0021500408,59,1,1,1,6:24 PM,5:23,Lowry 27' 3PT Jump Shot (3 PTS) (DeRozan 1 AST),,,22 - 9,-13,4.0,200768,Kyle Lowry,1610612761.0,Toronto,Raptors,TOR,4,201942,DeMar DeRozan,1610612761.0,Toronto,Raptors,TOR,0,0,,,,,
0021500408,60,6,29,1,6:25 PM,5:09,DeRozan Shooting Block Foul (P2.T3) (M.Kogut),,,,,4.0,201942,DeMar DeRozan,1610612761.0,Toronto,Raptors,TOR,5,201158,Marco Belinelli,1610612758.0,Sacramento,Kings,SAC,1,0,,,,,
0021500408,61,3,11,1,6:25 PM,5:09,,,Belinelli Free Throw 1 of 2 (1 PTS),23 - 9,-14,5.0,201158,Marco Belinelli,1610612758.0,Sacramento,Kings,SAC,0,0,,,,,,0,0,,,,,
0021500408,63,8,0,1,6:25 PM,5:09,SUB: Patterson FOR DeRozan,,,,,4.0,201942,DeMar DeRozan,1610612761.0,Toronto,Raptors,TOR,4,202335,Patrick Patterson,1610612761.0,Toronto,Raptors,TOR,0,0,,,,,
0021500408,64,3,12,1,6:25 PM,5:09,,,Belinelli Free Throw 2 of 2 (2 PTS),24 - 9,-15,5.0,201158,Marco Belinelli,1610612758.0,Sacramento,Kings,SAC,0,0,,,,,,0,0,,,,,
0021500408,66,5,45,1,6:26 PM,4:58,Ross Out of Bounds - Bad Pass Turnover Turnover (P1.T4),,,,,4.0,203082,Terrence Ross,1610612761.0,Toronto,Raptors,TOR,0,0,,,,,,1,0,,,,,
0021500408,67,8,0,1,6:26 PM,4:58,,,SUB: Koufos FOR Gay,,,5.0,200752,Rudy Gay,1610612758.0,Sacramento,Kings,SAC,5,201585,Kosta Koufos,1610612758.0,Sacramento,Kings,SAC,0,0,,,,,
0021500408,68,2,1,1,6:26 PM,4:37,,,MISS Rondo 25' 3PT Jump Shot,,,5.0,200765,Rajon Rondo,1610612758.0,Sacramento,Kings,SAC,0,0,,,,,,0,0,,,,,
0021500408,69,4,0,1,6:26 PM,4:37,Biyombo REBOUND (Off:0 Def:2),,,,,4.0,202687,Bismack Biyombo,1610612761.0,Toronto,Raptors,TOR,0,0,,,,,,0,0,,,,,
0021500408,70,2,79,1,6:27 PM,4:28,MISS Lowry 18' Pullup Jump Shot,,,,,4.0,200768,Kyle Lowry,1610612761.0,Toronto,Raptors,TOR,0,0,,,,,,0,0,,,,,
0021500408,71,4,0,1,6:27 PM,4:27,,,Cousins REBOUND (Off:0 Def:3),,,5.0,202326,DeMarcus Cousins,1610612758.0,Sacramento,Kings,SAC,0,0,,,,,,0,0,,,,,
0021500408,72,1,45,1,6:27 PM,4:19,,,Casspi 25' 3PT Jump Shot (8 PTS) (Rondo 6 AST),27 - 9,-18,5.0,201956,Omri Casspi,1610612758.0,Sacramento,Kings,SAC,5,200765,Rajon Rondo,1610612758.0,Sacramento,Kings,SAC,0,0,,,,,
0021500408,73,2,42,1,6:27 PM,4:00,MISS Joseph 3' Driving Layup,,,,,4.0,202709,Cory Joseph,1610612761.0,Toronto,Raptors,TOR,0,0,,,,,,0,0,,,,,
0021500408,74,4,0,1,6:27 PM,4:00,,,Koufos REBOUND (Off:0 Def:1),,,5.0,201585,Kosta Koufos,1610612758.0,Sacramento,Kings,SAC,0,0,,,,,,0,0,,,,,
0021500408,75,2,5,1,6:27 PM,3:45,,,MISS Koufos 1' Layup,,,5.0,201585,Kosta Koufos,1610612758.0,Sacramento,Kings,SAC,0,0,,,,,,0,0,,,,,
0021500408,76,4,0,1,6:27 PM,3:45,,,Koufos REBOUND (Off:1 Def:1),,,5.0,201585,Kosta Koufos,1610612758.0,Sacramento,Kings,SAC,0,0,,,,,,0,0,,,,,
0021500408,79,7,2,1,6:28 PM,3:45,Biyombo Violation:Defensive Goaltending (S.Wall),,,,,4.0,202687,Bismack Biyombo,1610612761.0,Toronto,Raptors,TOR,0,0,,,,,,1,0,,,,,
0021500408,78,1,5,1,6:28 PM,3:45,,,Koufos 1' Layup (2 PTS),29 - 9,-20,5.0,201585,Kosta Koufos,1610612758.0,Sacramento,Kings,SAC,0,0,,,,,,0,0,,,,,
0021500408,80,9,2,1,6:28 PM,3:45,RAPTORS Timeout: Short (Full 1 Short 1),,,,,2.0,1610612761,,,,,,0,0,,,,,,0,0,,,,,
0021500408,83,2,1,1,6:29 PM,3:35,MISS Lowry 27' 3PT Jump Shot,,Rondo BLOCK (1 BLK),,,4.0,200768,Kyle Lowry,1610612761.0,Toronto,Raptors,TOR,0,0,,,,,,5,200765,Rajon Rondo,1610612758.0,Sacramento,Kings,SAC
0021500408,84,4,0,1,6:29 PM,3:34,,,Koufos REBOUND (Off:1 Def:2),,,5.0,201585,Kosta Koufos,1610612758.0,Sacramento,Kings,SAC,0,0,,,,,,0,0,,,,,
0021500408,85,1,99,1,6:29 PM,3:19,,,Casspi 4' Cutting Finger Roll Layup Shot (10 PTS) (Belinelli 1 AST),31 - 9,-22,5.0,201956,Omri Casspi,1610612758.0,Sacramento,Kings,SAC,5,201158,Marco Belinelli,1610612758.0,Sacramento,Kings,SAC,0,0,,,,,
0021500408,86,6,1,1,6:30 PM,2:58,,,Rondo P.FOUL (P1.T3) (M.Kogut),,,5.0,200765,Rajon Rondo,1610612758.0,Sacramento,Kings,SAC,4,200768,Kyle Lowry,1610612761.0,Toronto,Raptors,TOR,1,0,,,,,
0021500408,87,9,1,1,6:30 PM,2:58,,,Kings Timeout: Regular (Reg.1 Short 0),,,3.0,1610612758,,,,,,0,0,,,,,,0,0,,,,,
0021500408,88,8,0,1,6:32 PM,2:58,SUB: Scola FOR Biyombo,,,,,4.0,202687,Bismack Biyombo,1610612761.0,Toronto,Raptors,TOR,4,2449,Luis Scola,1610612761.0,Toronto,Raptors,TOR,0,0,,,,,
0021500408,90,2,80,1,6:32 PM,2:42,MISS Joseph 20' Step Back Jump Shot,,,,,4.0,202709,Cory Joseph,1610612761.0,Toronto,Raptors,TOR,0,0,,,,,,0,0,,,,,
0021500408,91,4,0,1,6:32 PM,2:41,,,Koufos REBOUND (Off:1 Def:3),,,5.0,201585,Kosta Koufos,1610612758.0,Sacramento,Kings,SAC,0,0,,,,,,0,0,,,,,
0021500408,92,2,57,1,6:32 PM,2:30,,,MISS Koufos 5' Driving Hook Shot,,,5.0,201585,Kosta Koufos,1610612758.0,Sacramento,Kings,SAC,0,0,,,,,,0,0,,,,,
0021500408,93,4,0,1,6:32 PM,2:30,Patterson REBOUND (Off:0 Def:1),,,,,4.0,202335,Patrick Patterson,1610612761.0,Toronto,Raptors,TOR,0,0,,,,,,0,0,,,,,
0021500408,94,2,79,1,6:33 PM,2:23,MISS Lowry 26' 3PT Pullup Jump Shot,,,,,4.0,200768,Kyle Lowry,1610612761.0,Toronto,Raptors,TOR,0,0,,,,,,0,0,,,,,
0021500408,95,4,0,1,6:33 PM,2:23,RAPTORS Rebound,,,,,2.0,1610612761,,,,,,0,0,,,,,,0,0,,,,,
0021500408,96,6,3,1,6:33 PM,2:23,,,Cousins L.B.FOUL (P2.T4) (D.Stafford),,,5.0,202326,DeMarcus Cousins,1610612758.0,Sacramento,Kings,SAC,4,2449,Luis Scola,1610612761.0,Toronto,Raptors,TOR,1,0,,,,,
0021500408,97,8,0,1,6:33 PM,2:23,,,SUB: Gay FOR Casspi,,,5.0,201956,Omri Casspi,1610612758.0,Sacramento,Kings,SAC,5,200752,Rudy Gay,1610612758.0,Sacramento,Kings,SAC,0,0,,,,,
0021500408,98,8,0,1,6:33 PM,2:23,,,SUB: Collison FOR Cousins,,,5.0,202326,DeMarcus Cousins,1610612758.0,Sacramento,Kings,SAC,5,201954,Darren Collison,1610612758.0,Sacramento,Kings,SAC,0,0,,,,,
0021500408,100,1,1,1,6:33 PM,2:11,Ross 25' 3PT Jump Shot (3 PTS) (Joseph 1 AST),,,31 - 12,-19,4.0,203082,Terrence Ross,1610612761.0,Toronto,Raptors,TOR,4,202709,Cory Joseph,1610612761.0,Toronto,Raptors,TOR,0,0,,,,,
0021500408,102,1,79,1,6:34 PM,1:50,,,Gay 17' Pullup Jump Shot (4 PTS),33 - 12,-21,5.0,200752,Rudy Gay,1610612758.0,Sacramento,Kings,SAC,0,0,,,,,,0,0,,,,,
0021500408,104,2,67,1,6:34 PM,1:40,MISS Scola 4' Hook Bank Shot,,,,,4.0,2449,Luis Scola,1610612761.0,Toronto,Raptors,TOR,0,0,,,,,,0,0,,,,,
0021500408,105,4,0,1,6:34 PM,1:40,Lowry REBOUND (Off:1 Def:0),,,,,4.0,200768,Kyle Lowry,1610612761.0,Toronto,Raptors,TOR,0,0,,,,,,0,0,,,,,
0021500408,106,2,1,1,6:34 PM,1:35,MISS Ross 26' 3PT Jump Shot,,,,,4.0,203082,Terrence Ross,1610612761.0,Toronto,Raptors,TOR,0,0,,,,,,0,0,,,,,
0021500408,107,4,0,1,6:34 PM,1:34,,,Gay REBOUND (Off:0 Def:2),,,5.0,200752,Rudy Gay,1610612758.0,Sacramento,Kings,SAC,0,0,,,,,,0,0,,,,,
0021500408,108,5,2,1,6:34 PM,1:33,Lowry STEAL (1 STL),,Gay Lost Ball Turnover (P1.T1),,,5.0,200752,Rudy Gay,1610612758.0,Sacramento,Kings,SAC,4,200768,Kyle Lowry,1610612761.0,Toronto,Raptors,TOR,0,0,,,,,
0021500408,109,6,2,1,6:34 PM,1:33,,,Koufos S.FOUL (P1.PN) (D.Stafford),,,5.0,201585,Kosta Koufos,1610612758.0,Sacramento,Kings,SAC,4,200768,Kyle Lowry,1610612761.0,Toronto,Raptors,TOR,1,0,,,,,
0021500408,110,3,11,1,6:34 PM,1:33,MISS Lowry Free Throw 1 of 2,,,,,4.0,200768,Kyle Lowry,1610612761.0,Toronto,Raptors,TOR,0,0,,,,,,0,0,,,,,
0021500408,111,4,1,1,6:34 PM,1:33,RAPTORS Rebound,,,,,2.0,1610612761,,,,,,0,0,,,,,,0,0,,,,,
0021500408,112,3,12,1,6:35 PM,1:33,Lowry Free Throw 2 of 2 (4 PTS),,,33 - 13,-20,4.0,200768,Kyle Lowry,1610612761.0,Toronto,Raptors,TOR,0,0,,,,,,0,0,,,,,
0021500408,114,1,79,1,6:35 PM,1:16,,,Gay 16' Pullup Jump Shot (6 PTS),35 - 13,-22,5.0,200752,Rudy Gay,1610612758.0,Sacramento,Kings,SAC,0,0,,,,,,0,0,,,,,
0021500408,115,1,63,1,6:35 PM,0:59,Patterson 9' Fadeaway Jumper (2 PTS),,,35 - 15,-20,4.0,202335,Patrick Patterson,1610612761.0,Toronto,Raptors,TOR,0,0,,,,,,0,0,,,,,
0021500408,116,2,1,1,6:36 PM,0:36,,,MISS Gay 4' Jump Shot,,,5.0,200752,Rudy Gay,1610612758.0,Sacramento,Kings,SAC,0,0,,,,,,0,0,,,,,
0021500408,117,4,0,1,6:36 PM,0:36,Lowry REBOUND (Off:1 Def:1),,,,,4.0,200768,Kyle Lowry,1610612761.0,Toronto,Raptors,TOR,0,0,,,,,,0,0,,,,,
0021500408,118,1,46,1,6:36 PM,0:30,Ross 24' 3PT Running Jump Shot (6 PTS) (Lowry 2 AST),,,35 - 18,-17,4.0,203082,Terrence Ross,1610612761.0,Toronto,Raptors,TOR,4,200768,Kyle Lowry,1610612761.0,Toronto,Raptors,TOR,0,0,,,,,
0021500408,119,1,63,1,6:36 PM,0:04,,,Rondo 19' Fadeaway Jumper (7 PTS),37 - 18,-19,5.0,200765,Rajon Rondo,1610612758.0,Sacramento,Kings,SAC,0,0,,,,,,0,0,,,,,
0021500408,120,2,103,1,6:37 PM,0:00,MISS Lowry 26' 3PT Running Pull-Up Jump Shot,,,,,4.0,200768,Kyle Lowry,1610612761.0,Toronto,Raptors,TOR,0,0,,,,,,0,0,,,,,
0021500408,121,4,0,1,6:37 PM,0:00,RAPTORS Rebound,,,,,2.0,1610612761,,,,,,0,0,,,,,,0,0,,,,,
0021500408,123,13,0,1,6:37 PM,0:00,,,,37 - 18,-19,0.0,0,,,,,,0,0,,,,,,0,0,,,,,
0021500408,125,12,0,2,6:39 PM,12:00,,,,37 - 18,-19,0.0,0,,,,,,0,0,,,,,,0,0,,,,,
0021500408,126,6,2,2,6:40 PM,11:44,Scola S.FOUL (P1.T1) (S.Wall),,,,,4.0,2449,Luis Scola,1610612761.0,Toronto,Raptors,TOR,5,201585,Kosta Koufos,1610612758.0,Sacramento,Kings,SAC,1,0,,,,,
0021500408,127,3,11,2,6:40 PM,11:44,,,MISS Koufos Free Throw 1 of 2,,,5.0,201585,Kosta Koufos,1610612758.0,Sacramento,Kings,SAC,0,0,,,,,,0,0,,,,,
0021500408,128,4,1,2,6:40 PM,11:44,,,Kings Rebound,,,3.0,1610612758,,,,,,0,0,,,,,,0,0,,,,,
0021500408,129,8,0,2,6:40 PM,11:44,,,SUB: McLemore FOR Rondo,,,5.0,200765,Rajon Rondo,1610612758.0,Sacramento,Kings,SAC,5,203463,Ben McLemore,1610612758.0,Sacramento,Kings,SAC,0,0,,,,,
0021500408,130,3,12,2,6:40 PM,11:44,,,MISS Koufos Free Throw 2 of 2,,,5.0,201585,Kosta Koufos,1610612758.0,Sacramento,Kings,SAC,0,0,,,,,,0,0,,,,,
0021500408,132,4,0,2,6:40 PM,11:43,Patterson REBOUND (Off:0 Def:2),,,,,4.0,202335,Patrick Patterson,1610612761.0,Toronto,Raptors,TOR,0,0,,,,,,0,0,,,,,
0021500408,133,2,1,2,6:40 PM,11:28,MISS Patterson 24' 3PT Jump Shot,,,,,4.0,202335,Patrick Patterson,1610612761.0,Toronto,Raptors,TOR,0,0,,,,,,0,0,,,,,
0021500408,134,4,0,2,6:40 PM,11:27,,,Gay REBOUND (Off:0 Def:3),,,5.0,200752,Rudy Gay,1610612758.0,Sacramento,Kings,SAC,0,0,,,,,,0,0,,,,,
0021500408,135,2,79,2,6:41 PM,11:13,,,MISS Belinelli 20' Pullup Jump Shot,,,5.0,201158,Marco Belinelli,1610612758.0,Sacramento,Kings,SAC,0,0,,,,,,0,0,,,,,
0021500408,136,4,0,2,6:41 PM,11:12,DeRozan REBOUND (Off:0 Def:3),,,,,4.0,201942,DeMar DeRozan,1610612761.0,Toronto,Raptors,TOR,0,0,,,,,,0,0,,,,,
0021500408,137,6,1,2,6:41 PM,11:04,,,Koufos P.FOUL (P2.T1) (S.Wall),,,5.0,201585,Kosta Koufos,1610612758.0,Sacramento,Kings,SAC,4,201942,DeMar DeRozan,1610612761.0,Toronto,Raptors,TOR,1,0,,,,,
0021500408,138,1,101,2,6:41 PM,10:55,DeRozan 4' Driving Floating Jump Shot (6 PTS),,,37 - 20,-17,4.0,201942,DeMar DeRozan,1610612761.0,Toronto,Raptors,TOR,0,0,,,,,,0,0,,,,,
0021500408,139,1,47,2,6:42 PM,10:39,,,Gay 12' Turnaround Jump Shot (8 PTS),39 - 20,-19,5.0,200752,Rudy Gay,1610612758.0,Sacramento,Kings,SAC,0,0,,,,,,0,0,,,,,
0021500408,140,2,78,2,6:42 PM,10:23,MISS Ross 17' Floating Jump Shot,,,,,4.0,203082,Terrence Ross,1610612761.0,Toronto,Raptors,TOR,0,0,,,,,,0,0,,,,,
0021500408,141,4,0,2,6:42 PM,10:23,,,Gay REBOUND (Off:0 Def:4),,,5.0,200752,Rudy Gay,1610612758.0,Sacramento,Kings,SAC,0,0,,,,,,0,0,,,,,
0021500408,142,2,1,2,6:42 PM,10:07,,,MISS Belinelli 26' 3PT Jump Shot,,,5.0,201158,Marco Belinelli,1610612758.0,Sacramento,Kings,SAC,0,0,,,,,,0,0,,,,,
0021500408,143,4,0,2,6:42 PM,10:06,DeRozan REBOUND (Off:0 Def:4),,,,,4.0,201942,DeMar DeRozan,1610612761.0,Toronto,Raptors,TOR,0,0,,,,,,0,0,,,,,
0021500408,144,2,42,2,6:42 PM,9:57,MISS DeRozan 4' Driving Layup,,McLemore BLOCK (1 BLK),,,4.0,201942,DeMar DeRozan,1610612761.0,Toronto,Raptors,TOR,0,0,,,,,,5,203463,Ben McLemore,1610612758.0,Sacramento,Kings,SAC
0021500408,145,4,0,2,6:42 PM,9:57,RAPTORS Rebound,,,,,2.0,1610612761,,,,,,0,0,,,,,,0,0,,,,,
0021500408,146,1,101,2,6:43 PM,9:53,DeRozan 4' Driving Floating Jump Shot (8 PTS),,,39 - 22,-17,4.0,201942,DeMar DeRozan,1610612761.0,Toronto,Raptors,TOR,0,0,,,,,,0,0,,,,,
0021500408,147,1,1,2,6:43 PM,9:30,,,McLemore  3PT Jump Shot (10 PTS) (Belinelli 2 AST),42 - 22,-20,5.0,203463,Ben McLemore,1610612758.0,Sacramento,Kings,SAC,5,201158,Marco Belinelli,1610612758.0,Sacramento,Kings,SAC,0,0,,,,,
0021500408,148,2,1,2,6:43 PM,9:16,MISS Scola 25' 3PT Jump Shot,,,,,4.0,2449,Luis Scola,1610612761.0,Toronto,Raptors,TOR,0,0,,,,,,0,0,,,,,
0021500408,149,4,0,2,6:43 PM,9:15,,,Kings Rebound,,,3.0,1610612758,,,,,,0,0,,,,,,0,0,,,,,
0021500408,150,8,0,2,6:43 PM,9:15,SUB: Johnson FOR Patterson,,,,,4.0,202335,Patrick Patterson,1610612761.0,Toronto,Raptors,TOR,4,201949,James Johnson,1610612761.0,Toronto,Raptors,TOR,0,0,,,,,
0021500408,151,1,79,2,6:44 PM,9:04,,,Collison 20' Pullup Jump Shot (2 PTS),44 - 22,-22,5.0,201954,Darren Collison,1610612758.0,Sacramento,Kings,SAC,0,0,,,,,,0,0,,,,,
0021500408,152,6,29,2,6:44 PM,8:44,,,Gay Shooting Block Foul (P2.T2) (S.Wall),,,5.0,200752,Rudy Gay,1610612758.0,Sacramento,Kings,SAC,4,201942,DeMar DeRozan,1610612761.0,Toronto,Raptors,TOR,1,0,,,,,
0021500408,153,9,4,2,6:44 PM,8:44,,,,,,1.0,0,,,,,,0,0,,,,,,0,0,,,,,
0021500408,156,3,11,2,6:46 PM,8:44,DeRozan Free Throw 1 of 2 (9 PTS),,,44 - 23,-21,4.0,201942,DeMar DeRozan,1610612761.0,Toronto,Raptors,TOR,0,0,,,,,,0,0,,,,,
0021500408,158,3,12,2,6:47 PM,8:44,DeRozan Free Throw 2 of 2 (10 PTS),,,44 - 24,-20,4.0,201942,DeMar DeRozan,1610612761.0,Toronto,Raptors,TOR,0,0,,,,,,0,0,,,,,
0021500408,160,6,26,2,6:48 PM,8:24,,,McLemore Offensive Charge Foul (P1.T3) (M.Kogut),,,5.0,203463,Ben McLemore,1610612758.0,Sacramento,Kings,SAC,4,2449,Luis Scola,1610612761.0,Toronto,Raptors,TOR,1,0,,,,,
0021500408,161,5,5,2,6:48 PM,8:24,,,McLemore Foul Turnover (P1.T2),,,5.0,203463,Ben McLemore,1610612758.0,Sacramento,Kings,SAC,0,0,,,,,,1,0,,,,,
0021500408,163,8,0,2,6:48 PM,8:04,SUB: Lowry FOR Joseph,,,,,4.0,202709,Cory Joseph,1610612761.0,Toronto,Raptors,TOR,4,200768,Kyle Lowry,1610612761.0,Toronto,Raptors,TOR,0,0,,,,,
0021500408,164,6,2,2,6:49 PM,8:01,,,McLemore S.FOUL (P2.T4) (M.Kogut),,,5.0,203463,Ben McLemore,1610612758.0,Sacramento,Kings,SAC,4,201942,DeMar DeRozan,1610612761.0,Toronto,Raptors,TOR,1,0,,,,,
0021500408,165,3,11,2,6:49 PM,8:01,DeRozan Free Throw 1 of 2 (11 PTS),,,44 - 25,-19,4.0,201942,DeMar DeRozan,1610612761.0,Toronto,Raptors,TOR,0,0,,,,,,0,0,,,,,
0021500408,167,3,12,2,6:49 PM,8:01,DeRozan Free Throw 2 of 2 (12 PTS),,,44 - 26,-18,4.0,201942,DeMar DeRozan,1610612761.0,Toronto,Raptors,TOR,0,0,,,,,,0,0,,,,,
0021500408,169,2,1,2,6:50 PM,7:51,,,MISS McLemore 25' 3PT Jump Shot,,,5.0,203463,Ben McLemore,1610612758.0,Sacramento,Kings,SAC,0,0,,,,,,0,0,,,,,
0021500408,170,4,0,2,6:50 PM,7:50,Johnson REBOUND (Off:0 Def:1),,,,,4.0,201949,James Johnson,1610612761.0,Toronto,Raptors,TOR,0,0,,,,,,0,0,,,,,
0021500408,171,1,79,2,6:50 PM,7:40,DeRozan 18' Pullup Jump Shot (14 PTS),,,44 - 28,-16,4.0,201942,DeMar DeRozan,1610612761.0,Toronto,Raptors,TOR,0,0,,,,,,0,0,,,,,
0021500408,173,2,1,2,6:50 PM,7:24,,,MISS Gay 26' 3PT Jump Shot,,,5.0,200752,Rudy Gay,1610612758.0,Sacramento,Kings,SAC,0,0,,,,,,0,0,,,,,
0021500408,174,4,0,2,6:50 PM,7:23,DeRozan REBOUND (Off:0 Def:5),,,,,4.0,201942,DeMar DeRozan,1610612761.0,Toronto,Raptors,TOR,0,0,,,,,,0,0,,,,,
0021500408,175,1,101,2,6:50 PM,7:15,DeRozan 8' Driving Floating Jump Shot (16 PTS),,,44 - 30,-14,4.0,201942,DeMar DeRozan,1610612761.0,Toronto,Raptors,TOR,0,0,,,,,,0,0,,,,,
0021500408,176,1,41,2,6:50 PM,7:06,,,Collison 2' Running Layup (4 PTS),46 - 30,-16,5.0,201954,Darren Collison,1610612758.0,Sacramento,Kings,SAC,0,0,,,,,,0,0,,,,,
0021500408,177,2,1,2,6:51 PM,6:51,MISS Ross 24' 3PT Jump Shot,,,,,4.0,203082,Terrence Ross,1610612761.0,Toronto,Raptors,TOR,0,0,,,,,,0,0,,,,,
0021500408,178,4,0,2,6:51 PM,6:51,Ross REBOUND (Off:1 Def:0),,,,,4.0,203082,Terrence Ross,1610612761.0,Toronto,Raptors,TOR,0,0,,,,,,0,0,,,,,
0021500408,180,8,0,2,6:51 PM,6:49,,,SUB: Cousins FOR Koufos,,,5.0,201585,Kosta Koufos,1610612758.0,Sacramento,Kings,SAC,5,202326,DeMarcus Cousins,1610612758.0,Sacramento,Kings,SAC,0,0,,,,,
0021500408,181,8,0,2,6:51 PM,6:49,,,SUB: Rondo FOR Belinelli,,,5.0,201158,Marco Belinelli,1610612758.0,Sacramento,Kings,SAC,5,200765,Rajon Rondo,1610612758.0,Sacramento,Kings,SAC,0,0,,,,,
0021500408,182,8,0,2,6:51 PM,6:49,SUB: Patterson FOR Ross,,,,,4.0,203082,Terrence Ross,1610612761.0,Toronto,Raptors,TOR,4,202335,Patrick Patterson,1610612761.0,Toronto,Raptors,TOR,0,0,,,,,
0021500408,183,2,79,2,6:52 PM,6:36,MISS DeRozan 11' Pullup Jump Shot,,,,,4.0,201942,DeMar DeRozan,1610612761.0,Toronto,Raptors,TOR,0,0,,,,,,0,0,,,,,
0021500408,184,4,0,2,6:52 PM,6:35,,,Cousins REBOUND (Off:0 Def:4),,,5.0,202326,DeMarcus Cousins,1610612758.0,Sacramento,Kings,SAC,0,0,,,,,,0,0,,,,,
0021500408,185,2,42,2,6:52 PM,6:20,,,MISS Rondo 3' Driving Layup,,,5.0,200765,Rajon Rondo,1610612758.0,Sacramento,Kings,SAC,0,0,,,,,,0,0,,,,,
0021500408,186,4,0,2,6:52 PM,6:19,Scola REBOUND (Off:0 Def:2),,,,,4.0,2449,Luis Scola,1610612761.0,Toronto,Raptors,TOR,0,0,,,,,,0,0,,,,,
0021500408,187,2,98,2,6:52 PM,6:07,MISS Scola 3' Cutting Layup Shot,,Cousins BLOCK (3 BLK),,,4.0,2449,Luis Scola,1610612761.0,Toronto,Raptors,TOR,0,0,,,,,,5,202326,DeMarcus Cousins,1610612758.0,Sacramento,Kings,SAC
0021500408,188,4,0,2,6:52 PM,6:06,,,Cousins REBOUND (Off:0 Def:5),,,5.0,202326,DeMarcus Cousins,1610612758.0,Sacramento,Kings,SAC,0,0,,,,,,0,0,,,,,
0021500408,189,6,2,2,6:53 PM,6:00,Lowry S.FOUL (P1.T2) (D.Stafford),,,,,4.0,200768,Kyle Lowry,1610612761.0,Toronto,Raptors,TOR,5,200752,Rudy Gay,1610612758.0,Sacramento,Kings,SAC,1,0,,,,,
0021500408,190,9,1,2,6:53 PM,6:00,,,Kings Timeout: Regular (Reg.2 Short 0),,,3.0,1610612758,,,,,,0,0,,,,,,0,0,,,,,
0021500408,192,8,0,2,6:55 PM,6:00,,,SUB: Casspi FOR McLemore,,,5.0,203463,Ben McLemore,1610612758.0,Sacramento,Kings,SAC,5,201956,Omri Casspi,1610612758.0,Sacramento,Kings,SAC,0,0,,,,,
0021500408,193,3,11,2,6:55 PM,6:00,,,Gay Free Throw 1 of 2 (9 PTS),47 - 30,-17,5.0,200752,Rudy Gay,1610612758.0,Sacramento,Kings,SAC,0,0,,,,,,0,0,,,,,
0021500408,195,3,12,2,6:56 PM,6:00,,,Gay Free Throw 2 of 2 (10 PTS),48 - 30,-18,5.0,200752,Rudy Gay,1610612758.0,Sacramento,Kings,SAC,0,0,,,,,,0,0,,,,,
0021500408,197,2,79,2,6:56 PM,5:45,MISS DeRozan 16' Pullup Jump Shot,,,,,4.0,201942,DeMar DeRozan,1610612761.0,Toronto,Raptors,TOR,0,0,,,,,,0,0,,,,,
0021500408,198,4,0,2,6:56 PM,5:45,,,Casspi REBOUND (Off:0 Def:3),,,5.0,201956,Omri Casspi,1610612758.0,Sacramento,Kings,SAC,0,0,,,,,,0,0,,,,,
0021500408,199,6,1,2,6:56 PM,5:44,Scola P.FOUL (P2.T3) (D.Stafford),,,,,4.0,2449,Luis Scola,1610612761.0,Toronto,Raptors,TOR,5,201956,Omri Casspi,1610612758.0,Sacramento,Kings,SAC,1,0,,,,,
0021500408,200,6,26,2,6:57 PM,5:34,,,Cousins Offensive Charge Foul (P3.PN) (M.Kogut),,,5.0,202326,DeMarcus Cousins,1610612758.0,Sacramento,Kings,SAC,4,2449,Luis Scola,1610612761.0,Toronto,Raptors,TOR,1,0,,,,,
0021500408,201,5,5,2,6:57 PM,5:34,,,Cousins Foul Turnover (P1.T3),,,5.0,202326,DeMarcus Cousins,1610612758.0,Sacramento,Kings,SAC,0,0,,,,,,1,0,,,,,
0021500408,202,8,0,2,6:57 PM,5:34,,,SUB: Koufos FOR Cousins,,,5.0,202326,DeMarcus Cousins,1610612758.0,Sacramento,Kings,SAC,5,201585,Kosta Koufos,1610612758.0,Sacramento,Kings,SAC,0,0,,,,,
0021500408,203,6,11,2,6:57 PM,5:34,,,Cousins T.FOUL (P3.PN) (M.Kogut),,,5.0,202326,DeMarcus Cousins,1610612758.0,Sacramento,Kings,SAC,0,0,,,,,,1,0,,,,,
0021500408,204,3,16,2,6:57 PM,5:34,DeRozan Free Throw Technical (17 PTS),,,48 - 31,-17,4.0,201942,DeMar DeRozan,1610612761.0,Toronto,Raptors,TOR,0,0,,,,,,0,0,,,,,
0021500408,206,1,42,2,6:58 PM,5:16,Johnson 2' Driving Layup (2 PTS),,,48 - 33,-15,4.0,201949,James Johnson,1610612761.0,Toronto,Raptors,TOR,0,0,,,,,,0,0,,,,,
0021500408,207,6,26,2,6:58 PM,5:04,,,Collison Offensive Charge Foul (P1.PN) (S.Wall),,,5.0,201954,Darren Collison,1610612758.0,Sacramento,Kings,SAC,4,2449,Luis Scola,1610612761.0,Toronto,Raptors,TOR,1,0,,,,,
0021500408,208,5,5,2,6:58 PM,5:04,,,Collison Foul Turnover (P1.T4),,,5.0,201954,Darren Collison,1610612758.0,Sacramento,Kings,SAC,0,0,,,,,,1,0,,,,,
0021500408,209,8,0,2,6:59 PM,5:04,SUB: Biyombo FOR Scola,,,,,4.0,2449,Luis Scola,1610612761.0,Toronto,Raptors,TOR,4,202687,Bismack Biyombo,1610612761.0,Toronto,Raptors,TOR,0,0,,,,,
0021500408,211,2,1,2,6:59 PM,4:56,MISS DeRozan 12' Jump Shot,,,,,4.0,201942,DeMar DeRozan,1610612761.0,Toronto,Raptors,TOR,0,0,,,,,,0,0,,,,,
0021500408,212,4,0,2,6:59 PM,4:55,,,Gay REBOUND (Off:0 Def:5),,,5.0,200752,Rudy Gay,1610612758.0,Sacramento,Kings,SAC,0,0,,,,,,0,0,,,,,
0021500408,213,2,58,2,6:59 PM,4:41,,,MISS Gay 6' Turnaround Hook Shot,,,5.0,200752,Rudy Gay,1610612758.0,Sacramento,Kings,SAC,0,0,,,,,,0,0,,,,,
0021500408,214,4,0,2,6:59 PM,4:40,Biyombo REBOUND (Off:0 Def:3),,,,,4.0,202687,Bismack Biyombo,1610612761.0,Toronto,Raptors,TOR,0,0,,,,,,0,0,,,,,
0021500408,215,2,42,2,6:59 PM,4:32,MISS DeRozan 4' Driving Layup,,,,,4.0,201942,DeMar DeRozan,1610612761.0,Toronto,Raptors,TOR,0,0,,,,,,0,0,,,,,
0021500408,216,4,0,2,6:59 PM,4:31,,,Casspi REBOUND (Off:0 Def:4),,,5.0,201956,Omri Casspi,1610612758.0,Sacramento,Kings,SAC,0,0,,,,,,0,0,,,,,
0021500408,217,7,5,2,6:59 PM,4:27,Johnson Violation:Kicked Ball (M.Kogut),,,,,4.0,201949,James Johnson,1610612761.0,Toronto,Raptors,TOR,0,0,,,,,,1,0,,,,,
0021500408,218,6,11,2,7:00 PM,4:27,,,,,,7.0,1334,,,,,,0,0,,,,,,1,0,,,,,
0021500408,219,3,16,2,7:00 PM,4:27,DeRozan Free Throw Technical (18 PTS),,,48 - 34,-14,4.0,201942,DeMar DeRozan,1610612761.0,Toronto,Raptors,TOR,0,0,,,,,,0,0,,,,,
0021500408,221,5,2,2,7:00 PM,4:10,Patterson STEAL (1 STL),,Casspi Lost Ball Turnover (P1.T5),,,5.0,201956,Omri Casspi,1610612758.0,Sacramento,Kings,SAC,4,202335,Patrick Patterson,1610612761.0,Toronto,Raptors,TOR,0,0,,,,,
0021500408,222,1,46,2,7:00 PM,4:07,Lowry 6' Running Jump Shot (6 PTS),,,48 - 36,-12,4.0,200768,Kyle Lowry,1610612761.0,Toronto,Raptors,TOR,0,0,,,,,,0,0,,,,,
0021500408,223,6,2,2,7:00 PM,4:07,,,Collison S.FOUL (P2.PN) (M.Kogut),,,5.0,201954,Darren Collison,1610612758.0,Sacramento,Kings,SAC,4,200768,Kyle Lowry,1610612761.0,Toronto,Raptors,TOR,1,0,,,,,
0021500408,224,9,2,2,7:01 PM,4:07,,,Kings Timeout: Short (Reg.2 Short 1),,,3.0,1610612758,,,,,,0,0,,,,,,0,0,,,,,
0021500408,227,3,10,2,7:02 PM,4:07,Lowry Free Throw 1 of 1 (7 PTS),,,48 - 37,-11,4.0,200768,Kyle Lowry,1610612761.0,Toronto,Raptors,TOR,0,0,,,,,,0,0,,,,,
0021500408,229,7,5,2,7:02 PM,3:58,Biyombo Violation:Kicked Ball (M.Kogut),,,,,4.0,202687,Bismack Biyombo,1610612761.0,Toronto,Raptors,TOR,0,0,,,,,,1,0,,,,,
0021500408,230,2,1,2,7:02 PM,3:48,,,MISS Gay 3' Jump Shot,,,5.0,200752,Rudy Gay,1610612758.0,Sacramento,Kings,SAC,0,0,,,,,,0,0,,,,,
0021500408,231,4,0,2,7:02 PM,3:47,,,Koufos REBOUND (Off:2 Def:3),,,5.0,201585,Kosta Koufos,1610612758.0,Sacramento,Kings,SAC,0,0,,,,,,0,0,,,,,
0021500408,232,1,97,2,7:02 PM,3:44,,,Koufos 3' Tip Layup Shot (4 PTS),50 - 37,-13,5.0,201585,Kosta Koufos,1610612758.0,Sacramento,Kings,SAC,0,0,,,,,,0,0,,,,,
0021500408,233,2,73,2,7:03 PM,3:34,MISS Johnson 2' Driving Reverse Layup,,,,,4.0,201949,James Johnson,1610612761.0,Toronto,Raptors,TOR,0,0,,,,,,0,0,,,,,
0021500408,234,4,0,2,7:03 PM,3:34,,,Casspi REBOUND (Off:0 Def:5),,,5.0,201956,Omri Casspi,1610612758.0,Sacramento,Kings,SAC,0,0,,,,,,0,0,,,,,
0021500408,235,2,41,2,7:03 PM,3:28,,,MISS Collison 3' Running Layup,,,5.0,201954,Darren Collison,1610612758.0,Sacramento,Kings,SAC,0,0,,,,,,0,0,,,,,
0021500408,236,4,0,2,7:03 PM,3:27,Biyombo REBOUND (Off:0 Def:4),,,,,4.0,202687,Bismack Biyombo,1610612761.0,Toronto,Raptors,TOR,0,0,,,,,,0,0,,,,,
0021500408,238,2,44,2,7:03 PM,3:11,MISS Patterson 4' Reverse Layup,,,,,4.0,202335,Patrick Patterson,1610612761.0,Toronto,Raptors,TOR,0,0,,,,,,0,0,,,,,
0021500408,239,4,0,2,7:03 PM,3:10,Lowry REBOUND (Off:2 Def:1),,,,,4.0,200768,Kyle Lowry,1610612761.0,Toronto,Raptors,TOR,0,0,,,,,,0,0,,,,,
0021500408,240,2,97,2,7:03 PM,3:08,MISS Lowry 2' Tip Layup Shot,,,,,4.0,200768,Kyle Lowry,1610612761.0,Toronto,Raptors,TOR,0,0,,,,,,0,0,,,,,
0021500408,241,4,0,2,7:03 PM,3:08,Lowry REBOUND (Off:3 Def:1),,,,,4.0,200768,Kyle Lowry,1610612761.0,Toronto,Raptors,TOR,0,0,,,,,,0,0,,,,,
0021500408,242,2,97,2,7:03 PM,3:05,MISS Lowry 3' Tip Layup Shot,,,,,4.0,200768,Kyle Lowry,1610612761.0,Toronto,Raptors,TOR,0,0,,,,,,0,0,,,,,
0021500408,243,4,0,2,7:03 PM,3:04,,,Gay REBOUND (Off:0 Def:6),,,5.0,200752,Rudy Gay,1610612758.0,Sacramento,Kings,SAC,0,0,,,,,,0,0,,,,,
0021500408,244,1,41,2,7:03 PM,3:00,,,Gay  Running Layup (12 PTS) (Casspi 2 AST),52 - 37,-15,5.0,200752,Rudy Gay,1610612758.0,Sacramento,Kings,SAC,5,201956,Omri Casspi,1610612758.0,Sacramento,Kings,SAC,0,0,,,,,
0021500408,245,6,1,2,7:04 PM,2:49,,,Collison P.FOUL (P3.PN) (S.Wall),,,5.0,201954,Darren Collison,1610612758.0,Sacramento,Kings,SAC,4,200768,Kyle Lowry,1610612761.0,Toronto,Raptors,TOR,1,0,,,,,
0021500408,246,9,1,2,7:04 PM,2:49,RAPTORS Timeout: Regular (Full 2 Short 1),,,,,2.0,1610612761,,,,,,0,0,,,,,,0,0,,,,,
0021500408,248,8,0,2,7:06 PM,2:49,,,SUB: Belinelli FOR Collison,,,5.0,201954,Darren Collison,1610612758.0,Sacramento,Kings,SAC,5,201158,Marco Belinelli,1610612758.0,Sacramento,Kings,SAC,0,0,,,,,
0021500408,249,3,11,2,7:06 PM,2:49,Lowry Free Throw 1 of 2 (8 PTS),,,52 - 38,-14,4.0,200768,Kyle Lowry,1610612761.0,Toronto,Raptors,TOR,0,0,,,,,,0,0,,,,,
0021500408,251,3,12,2,7:06 PM,2:49,Lowry Free Throw 2 of 2 (9 PTS),,,52 - 39,-13,4.0,200768,Kyle Lowry,1610612761.0,Toronto,Raptors,TOR,0,0,,,,,,0,0,,,,,
0021500408,253,2,98,2,7:07 PM,2:34,,,MISS Gay 3' Cutting Layup Shot,,,5.0,200752,Rudy Gay,1610612758.0,Sacramento,Kings,SAC,0,0,,,,,,0,0,,,,,
0021500408,254,4,0,2,7:07 PM,2:34,Biyombo REBOUND (Off:0 Def:5),,,,,4.0,202687,Bismack Biyombo,1610612761.0,Toronto,Raptors,TOR,0,0,,,,,,0,0,,,,,
0021500408,255,2,1,2,7:07 PM,2:24,MISS Patterson 25' 3PT Jump Shot,,,,,4.0,202335,Patrick Patterson,1610612761.0,Toronto,Raptors,TOR,0,0,,,,,,0,0,,,,,
0021500408,256,4,0,2,7:07 PM,2:24,,,Rondo REBOUND (Off:0 Def:1),,,5.0,200765,Rajon Rondo,1610612758.0,Sacramento,Kings,SAC,0,0,,,,,,0,0,,,,,
0021500408,257,6,2,2,7:07 PM,2:18,Patterson S.FOUL (P1.T4) (S.Wall),,,,,4.0,202335,Patrick Patterson,1610612761.0,Toronto,Raptors,TOR,5,201585,Kosta Koufos,1610612758.0,Sacramento,Kings,SAC,1,0,,,,,
0021500408,258,3,11,2,7:07 PM,2:18,,,Koufos Free Throw 1 of 2 (5 PTS),53 - 39,-14,5.0,201585,Kosta Koufos,1610612758.0,Sacramento,Kings,SAC,0,0,,,,,,0,0,,,,,
0021500408,260,3,12,2,7:08 PM,2:18,,,MISS Koufos Free Throw 2 of 2,,,5.0,201585,Kosta Koufos,1610612758.0,Sacramento,Kings,SAC,0,0,,,,,,0,0,,,,,
0021500408,262,4,0,2,7:08 PM,2:17,Biyombo REBOUND (Off:0 Def:6),,,,,4.0,202687,Bismack Biyombo,1610612761.0,Toronto,Raptors,TOR,0,0,,,,,,0,0,,,,,
0021500408,263,5,1,2,7:08 PM,2:01,DeRozan Bad Pass Turnover (P3.T5),,Gay STEAL (2 STL),,,4.0,201942,DeMar DeRozan,1610612761.0,Toronto,Raptors,TOR,5,200752,Rudy Gay,1610612758.0,Sacramento,Kings,SAC,0,0,,,,,
0021500408,264,1,41,2,7:08 PM,1:55,,,Belinelli 1' Running Layup (4 PTS) (Rondo 7 AST),55 - 39,-16,5.0,201158,Marco Belinelli,1610612758.0,Sacramento,Kings,SAC,5,200765,Rajon Rondo,1610612758.0,Sacramento,Kings,SAC,0,0,,,,,
0021500408,266,1,57,2,7:08 PM,1:32,Lowry 6' Driving Hook Shot (11 PTS),,,55 - 41,-14,4.0,200768,Kyle Lowry,1610612761.0,Toronto,Raptors,TOR,0,0,,,,,,0,0,,,,,
0021500408,267,2,58,2,7:09 PM,1:26,,,MISS Koufos 3' Turnaround Hook Shot,,,5.0,201585,Kosta Koufos,1610612758.0,Sacramento,Kings,SAC,0,0,,,,,,0,0,,,,,
0021500408,268,4,0,2,7:09 PM,1:25,Biyombo REBOUND (Off:0 Def:7),,,,,4.0,202687,Bismack Biyombo,1610612761.0,Toronto,Raptors,TOR,0,0,,,,,,0,0,,,,,
0021500408,269,2,1,2,7:09 PM,1:16,MISS Lowry 26' 3PT Jump Shot,,,,,4.0,200768,Kyle Lowry,1610612761.0,Toronto,Raptors,TOR,0,0,,,,,,0,0,,,,,
0021500408,270,4,0,2,7:09 PM,1:15,Johnson REBOUND (Off:1 Def:1),,,,,4.0,201949,James Johnson,1610612761.0,Toronto,Raptors,TOR,0,0,,,,,,0,0,,,,,
0021500408,271,1,1,2,7:09 PM,1:09,Patterson 26' 3PT Jump Shot (5 PTS),,,55 - 44,-11,4.0,202335,Patrick Patterson,1610612761.0,Toronto,Raptors,TOR,0,0,,,,,,0,0,,,,,
0021500408,272,2,1,2,7:09 PM,0:55,,,MISS Belinelli 20' Jump Shot,,,5.0,201158,Marco Belinelli,1610612758.0,Sacramento,Kings,SAC,0,0,,,,,,0,0,,,,,
0021500408,273,4,0,2,7:09 PM,0:54,Patterson REBOUND (Off:0 Def:3),,,,,4.0,202335,Patrick Patterson,1610612761.0,Toronto,Raptors,TOR,0,0,,,,,,0,0,,,,,
0021500408,274,1,102,2,7:09 PM,0:39,Lowry 10' Driving Floating Bank Jump Shot (13 PTS),,,55 - 46,-9,4.0,200768,Kyle Lowry,1610612761.0,Toronto,Raptors,TOR,0,0,,,,,,0,0,,,,,
0021500408,275,7,5,2,7:09 PM,0:36,Patterson Violation:Kicked Ball (M.Kogut),,,,,4.0,202335,Patrick Patterson,1610612761.0,Toronto,Raptors,TOR,0,0,,,,,,1,0,,,,,
0021500408,277,5,1,2,7:10 PM,0:31,Patterson STEAL (2 STL),,Belinelli Bad Pass Turnover (P1.T6),,,5.0,201158,Marco Belinelli,1610612758.0,Sacramento,Kings,SAC,4,202335,Patrick Patterson,1610612761.0,Toronto,Raptors,TOR,0,0,,,,,
0021500408,278,1,50,2,7:10 PM,0:28,Patterson  Running Dunk (7 PTS),,,55 - 48,-7,4.0,202335,Patrick Patterson,1610612761.0,Toronto,Raptors,TOR,0,0,,,,,,0,0,,,,,
0021500408,279,5,1,2,7:10 PM,0:04,DeRozan STEAL (1 STL),,Rondo Bad Pass Turnover (P1.T7),,,5.0,200765,Rajon Rondo,1610612758.0,Sacramento,Kings,SAC,4,201942,DeMar DeRozan,1610612761.0,Toronto,Raptors,TOR,0,0,,,,,
0021500408,280,2,46,2,7:10 PM,0:00,MISS DeRozan 59' 3PT Running Jump Shot,,,,,4.0,201942,DeMar DeRozan,1610612761.0,Toronto,Raptors,TOR,0,0,,,,,,0,0,,,,,
0021500408,281,4,0,2,7:11 PM,0:00,RAPTORS Rebound,,,,,2.0,1610612761,,,,,,0,0,,,,,,0,0,,,,,
0021500408,282,13,0,2,7:11 PM,0:00,,,,55 - 48,-7,0.0,0,,,,,,0,0,,,,,,0,0,,,,,
0021500408,284,12,0,3,7:26 PM,12:00,,,,55 - 48,-7,0.0,0,,,,,,0,0,,,,,,0,0,,,,,
0021500408,285,2,47,3,7:26 PM,11:51,,,MISS Cousins 6' Turnaround Jump Shot,,,5.0,202326,DeMarcus Cousins,1610612758.0,Sacramento,Kings,SAC,0,0,,,,,,0,0,,,,,
0021500408,286,4,0,3,7:26 PM,11:50,Johnson REBOUND (Off:1 Def:2),,,,,4.0,201949,James Johnson,1610612761.0,Toronto,Raptors,TOR,0,0,,,,,,0,0,,,,,
0021500408,287,2,79,3,7:27 PM,11:36,MISS DeRozan 19' Pullup Jump Shot,,,,,4.0,201942,DeMar DeRozan,1610612761.0,Toronto,Raptors,TOR,0,0,,,,,,0,0,,,,,
0021500408,288,4,0,3,7:27 PM,11:35,Biyombo REBOUND (Off:1 Def:7),,,,,4.0,202687,Bismack Biyombo,1610612761.0,Toronto,Raptors,TOR,0,0,,,,,,0,0,,,,,
0021500408,289,6,2,3,7:27 PM,11:35,,,McLemore S.FOUL (P3.T1) (M.Kogut),,,5.0,203463,Ben McLemore,1610612758.0,Sacramento,Kings,SAC,4,202687,Bismack Biyombo,1610612761.0,Toronto,Raptors,TOR,1,0,,,,,
0021500408,290,3,11,3,7:27 PM,11:35,Biyombo Free Throw 1 of 2 (1 PTS),,,55 - 49,-6,4.0,202687,Bismack Biyombo,1610612761.0,Toronto,Raptors,TOR,0,0,,,,,,0,0,,,,,
0021500408,292,3,12,3,7:27 PM,11:35,Biyombo Free Throw 2 of 2 (2 PTS),,,55 - 50,-5,4.0,202687,Bismack Biyombo,1610612761.0,Toronto,Raptors,TOR,0,0,,,,,,0,0,,,,,
0021500408,294,1,108,3,7:28 PM,11:21,,,Gay  Cutting Dunk Shot (14 PTS) (Cousins 3 AST),57 - 50,-7,5.0,200752,Rudy Gay,1610612758.0,Sacramento,Kings,SAC,5,202326,DeMarcus Cousins,1610612758.0,Sacramento,Kings,SAC,0,0,,,,,
0021500408,295,5,41,3,7:28 PM,11:03,Scola Poss Lost Ball Turnover (P1.T6),,,,,4.0,2449,Luis Scola,1610612761.0,Toronto,Raptors,TOR,0,0,,,,,,0,0,,,,,
0021500408,296,6,3,3,7:28 PM,11:03,Scola L.B.FOUL (P3.T1) (M.Kogut),,,,,4.0,2449,Luis Scola,1610612761.0,Toronto,Raptors,TOR,5,200752,Rudy Gay,1610612758.0,Sacramento,Kings,SAC,1,0,,,,,
0021500408,297,2,1,3,7:29 PM,10:51,,,MISS Gay  3PT Jump Shot,,,5.0,200752,Rudy Gay,1610612758.0,Sacramento,Kings,SAC,0,0,,,,,,0,0,,,,,
0021500408,298,4,0,3,7:29 PM,10:50,Lowry REBOUND (Off:3 Def:2),,,,,4.0,200768,Kyle Lowry,1610612761.0,Toronto,Raptors,TOR,0,0,,,,,,0,0,,,,,
0021500408,299,1,101,3,7:29 PM,10:37,DeRozan 8' Driving Floating Jump Shot (20 PTS) (Lowry 3 AST),,,57 - 52,-5,4.0,201942,DeMar DeRozan,1610612761.0,Toronto,Raptors,TOR,4,200768,Kyle Lowry,1610612761.0,Toronto,Raptors,TOR,0,0,,,,,
0021500408,300,1,98,3,7:29 PM,10:17,,,Rondo 2' Cutting Layup Shot (9 PTS) (Cousins 4 AST),59 - 52,-7,5.0,200765,Rajon Rondo,1610612758.0,Sacramento,Kings,SAC,5,202326,DeMarcus Cousins,1610612758.0,Sacramento,Kings,SAC,0,0,,,,,
0021500408,301,2,1,3,7:29 PM,9:58,MISS Biyombo 15' Jump Shot,,,,,4.0,202687,Bismack Biyombo,1610612761.0,Toronto,Raptors,TOR,0,0,,,,,,0,0,,,,,
0021500408,302,4,0,3,7:29 PM,9:58,RAPTORS Rebound,,,,,2.0,1610612761,,,,,,0,0,,,,,,0,0,,,,,
0021500408,303,6,3,3,7:30 PM,9:58,,,Casspi L.B.FOUL (P1.T2) (S.Wall),,,5.0,201956,Omri Casspi,1610612758.0,Sacramento,Kings,SAC,4,2449,Luis Scola,1610612761.0,Toronto,Raptors,TOR,1,0,,,,,
0021500408,304,1,44,3,7:30 PM,9:49,Johnson 1' Reverse Layup (4 PTS) (Lowry 4 AST),,,59 - 54,-5,4.0,201949,James Johnson,1610612761.0,Toronto,Raptors,TOR,4,200768,Kyle Lowry,1610612761.0,Toronto,Raptors,TOR,0,0,,,,,
0021500408,305,2,79,3,7:30 PM,9:37,,,MISS Cousins 21' Pullup Jump Shot,,,5.0,202326,DeMarcus Cousins,1610612758.0,Sacramento,Kings,SAC,0,0,,,,,,0,0,,,,,
0021500408,306,4,0,3,7:30 PM,9:36,Scola REBOUND (Off:0 Def:3),,,,,4.0,2449,Luis Scola,1610612761.0,Toronto,Raptors,TOR,0,0,,,,,,0,0,,,,,
0021500408,307,2,79,3,7:30 PM,9:22,MISS DeRozan 14' Pullup Jump Shot,,,,,4.0,201942,DeMar DeRozan,1610612761.0,Toronto,Raptors,TOR,0,0,,,,,,0,0,,,,,
0021500408,308,4,0,3,7:30 PM,9:22,,,McLemore REBOUND (Off:1 Def:1),,,5.0,203463,Ben McLemore,1610612758.0,Sacramento,Kings,SAC,0,0,,,,,,0,0,,,,,
0021500408,309,6,1,3,7:31 PM,9:16,Johnson P.FOUL (P1.T2) (D.Stafford),,,,,4.0,201949,James Johnson,1610612761.0,Toronto,Raptors,TOR,5,200752,Rudy Gay,1610612758.0,Sacramento,Kings,SAC,1,0,,,,,
0021500408,311,5,45,3,7:31 PM,9:00,,,Rondo Out of Bounds - Bad Pass Turnover Turnover (P2.T8),,,5.0,200765,Rajon Rondo,1610612758.0,Sacramento,Kings,SAC,0,0,,,,,,1,0,,,,,
0021500408,312,2,5,3,7:32 PM,8:42,MISS Biyombo 2' Layup,,,,,4.0,202687,Bismack Biyombo,1610612761.0,Toronto,Raptors,TOR,0,0,,,,,,0,0,,,,,
0021500408,313,4,0,3,7:32 PM,8:42,Biyombo REBOUND (Off:2 Def:7),,,,,4.0,202687,Bismack Biyombo,1610612761.0,Toronto,Raptors,TOR,0,0,,,,,,0,0,,,,,
0021500408,314,2,97,3,7:32 PM,8:40,MISS Biyombo 2' Tip Layup Shot,,,,,4.0,202687,Bismack Biyombo,1610612761.0,Toronto,Raptors,TOR,0,0,,,,,,0,0,,,,,
0021500408,315,4,0,3,7:32 PM,8:39,Biyombo REBOUND (Off:3 Def:7),,,,,4.0,202687,Bismack Biyombo,1610612761.0,Toronto,Raptors,TOR,0,0,,,,,,0,0,,,,,
0021500408,316,5,8,3,7:32 PM,8:32,Scola 3 Second Violation Turnover (P2.T7),,,,,4.0,2449,Luis Scola,1610612761.0,Toronto,Raptors,TOR,0,0,,,,,,1,0,,,,,
0021500408,317,5,1,3,7:32 PM,8:12,DeRozan STEAL (2 STL),,Cousins Bad Pass Turnover (P2.T9),,,5.0,202326,DeMarcus Cousins,1610612758.0,Sacramento,Kings,SAC,4,201942,DeMar DeRozan,1610612761.0,Toronto,Raptors,TOR,0,0,,,,,
0021500408,319,2,1,3,7:33 PM,7:58,MISS Lowry 24' 3PT Jump Shot,,,,,4.0,200768,Kyle Lowry,1610612761.0,Toronto,Raptors,TOR,0,0,,,,,,0,0,,,,,
0021500408,321,4,0,3,7:33 PM,7:57,,,Rondo REBOUND (Off:0 Def:2),,,5.0,200765,Rajon Rondo,1610612758.0,Sacramento,Kings,SAC,0,0,,,,,,0,0,,,,,
0021500408,322,1,41,3,7:33 PM,7:51,,,Rondo 2' Running Layup (11 PTS),61 - 54,-7,5.0,200765,Rajon Rondo,1610612758.0,Sacramento,Kings,SAC,0,0,,,,,,0,0,,,,,
0021500408,323,2,1,3,7:33 PM,7:24,MISS Johnson 27' 3PT Jump Shot,,,,,4.0,201949,James Johnson,1610612761.0,Toronto,Raptors,TOR,0,0,,,,,,0,0,,,,,
0021500408,324,4,0,3,7:33 PM,7:23,,,Cousins REBOUND (Off:0 Def:6),,,5.0,202326,DeMarcus Cousins,1610612758.0,Sacramento,Kings,SAC,0,0,,,,,,0,0,,,,,
0021500408,325,6,1,3,7:33 PM,7:22,Lowry P.FOUL (P2.T3) (S.Wall),,,,,4.0,200768,Kyle Lowry,1610612761.0,Toronto,Raptors,TOR,5,202326,DeMarcus Cousins,1610612758.0,Sacramento,Kings,SAC,1,0,,,,,
0021500408,326,6,11,3,7:33 PM,7:22,Lowry T.FOUL (P2.T3) (S.Wall),,,,,4.0,200768,Kyle Lowry,1610612761.0,Toronto,Raptors,TOR,0,0,,,,,,1,0,,,,,
0021500408,327,3,16,3,7:34 PM,7:22,,,Gay Free Throw Technical (15 PTS),62 - 54,-8,5.0,200752,Rudy Gay,1610612758.0,Sacramento,Kings,SAC,0,0,,,,,,0,0,,,,,
0021500408,329,6,11,3,7:34 PM,7:22,Lowry T.FOUL (P2.T3) (S.Wall),,,,,4.0,200768,Kyle Lowry,1610612761.0,Toronto,Raptors,TOR,0,0,,,,,,1,0,,,,,
0021500408,330,11,1,3,7:34 PM,7:22,Lowry Ejection:Second Technical,,,,,4.0,200768,Kyle Lowry,1610612761.0,Toronto,Raptors,TOR,0,0,,,,,,1,0,,,,,
0021500408,331,8,0,3,7:34 PM,7:22,SUB: Joseph FOR Lowry,,,,,4.0,200768,Kyle Lowry,1610612761.0,Toronto,Raptors,TOR,4,202709,Cory Joseph,1610612761.0,Toronto,Raptors,TOR,0,0,,,,,
0021500408,332,3,16,3,7:34 PM,7:22,,,Gay Free Throw Technical (16 PTS),63 - 54,-9,5.0,200752,Rudy Gay,1610612758.0,Sacramento,Kings,SAC,0,0,,,,,,0,0,,,,,
0021500408,334,7,5,3,7:35 PM,7:13,Biyombo Violation:Kicked Ball (M.Kogut),,,,,4.0,202687,Bismack Biyombo,1610612761.0,Toronto,Raptors,TOR,0,0,,,,,,1,0,,,,,
0021500408,336,2,1,3,7:35 PM,7:04,,,MISS Cousins 22' Jump Shot,,,5.0,202326,DeMarcus Cousins,1610612758.0,Sacramento,Kings,SAC,0,0,,,,,,0,0,,,,,
0021500408,337,4,0,3,7:35 PM,7:03,Scola REBOUND (Off:0 Def:4),,,,,4.0,2449,Luis Scola,1610612761.0,Toronto,Raptors,TOR,0,0,,,,,,0,0,,,,,
0021500408,338,2,1,3,7:35 PM,6:53,MISS Johnson 24' 3PT Jump Shot,,,,,4.0,201949,James Johnson,1610612761.0,Toronto,Raptors,TOR,0,0,,,,,,0,0,,,,,
0021500408,339,4,0,3,7:36 PM,6:52,,,Cousins REBOUND (Off:0 Def:7),,,5.0,202326,DeMarcus Cousins,1610612758.0,Sacramento,Kings,SAC,0,0,,,,,,0,0,,,,,
0021500408,340,1,41,3,7:36 PM,6:45,,,Rondo 1' Running Layup (13 PTS),65 - 54,-11,5.0,200765,Rajon Rondo,1610612758.0,Sacramento,Kings,SAC,0,0,,,,,,0,0,,,,,
0021500408,341,9,1,3,7:36 PM,6:40,RAPTORS Timeout: Regular (Full 3 Short 1),,,,,2.0,1610612761,,,,,,0,0,,,,,,0,0,,,,,
0021500408,342,8,0,3,7:38 PM,6:40,SUB: Ross FOR Johnson,,,,,4.0,201949,James Johnson,1610612761.0,Toronto,Raptors,TOR,4,203082,Terrence Ross,1610612761.0,Toronto,Raptors,TOR,0,0,,,,,
0021500408,343,8,0,3,7:38 PM,6:40,SUB: Patterson FOR Scola,,,,,4.0,2449,Luis Scola,1610612761.0,Toronto,Raptors,TOR,4,202335,Patrick Patterson,1610612761.0,Toronto,Raptors,TOR,0,0,,,,,
0021500408,345,1,1,3,7:39 PM,6:26,Ross 18' Jump Shot (8 PTS) (Joseph 2 AST),,,65 - 56,-9,4.0,203082,Terrence Ross,1610612761.0,Toronto,Raptors,TOR,4,202709,Cory Joseph,1610612761.0,Toronto,Raptors,TOR,0,0,,,,,
0021500408,347,7,2,3,7:39 PM,6:13,Biyombo Violation:Defensive Goaltending (M.Kogut),,,,,4.0,202687,Bismack Biyombo,1610612761.0,Toronto,Raptors,TOR,0,0,,,,,,1,0,,,,,
0021500408,346,1,42,3,7:39 PM,6:13,,,Rondo 3' Driving Layup (15 PTS),67 - 56,-11,5.0,200765,Rajon Rondo,1610612758.0,Sacramento,Kings,SAC,0,0,,,,,,0,0,,,,,
0021500408,348,2,1,3,7:39 PM,5:57,MISS Ross 25' 3PT Jump Shot,,,,,4.0,203082,Terrence Ross,1610612761.0,Toronto,Raptors,TOR,0,0,,,,,,0,0,,,,,
0021500408,349,4,0,3,7:39 PM,5:57,Biyombo REBOUND (Off:4 Def:7),,,,,4.0,202687,Bismack Biyombo,1610612761.0,Toronto,Raptors,TOR,0,0,,,,,,0,0,,,,,
0021500408,350,2,5,3,7:40 PM,5:44,MISS Biyombo 2' Layup,,,,,4.0,202687,Bismack Biyombo,1610612761.0,Toronto,Raptors,TOR,0,0,,,,,,0,0,,,,,
0021500408,351,4,0,3,7:40 PM,5:44,,,Kings Rebound,,,3.0,1610612758,,,,,,0,0,,,,,,0,0,,,,,
0021500408,352,6,3,3,7:40 PM,5:44,DeRozan L.B.FOUL (P3.T4) (D.Stafford),,,,,4.0,201942,DeMar DeRozan,1610612761.0,Toronto,Raptors,TOR,5,202326,DeMarcus Cousins,1610612758.0,Sacramento,Kings,SAC,1,0,,,,,
0021500408,354,5,45,3,7:40 PM,5:36,,,Rondo Out of Bounds - Bad Pass Turnover Turnover (P3.T10),,,5.0,200765,Rajon Rondo,1610612758.0,Sacramento,Kings,SAC,0,0,,,,,,1,0,,,,,
0021500408,355,8,0,3,7:40 PM,5:36,,,SUB: Koufos FOR Gay,,,5.0,200752,Rudy Gay,1610612758.0,Sacramento,Kings,SAC,5,201585,Kosta Koufos,1610612758.0,Sacramento,Kings,SAC,0,0,,,,,
0021500408,356,2,42,3,7:41 PM,5:21,MISS Joseph 3' Driving Layup,,,,,4.0,202709,Cory Joseph,1610612761.0,Toronto,Raptors,TOR,0,0,,,,,,0,0,,,,,
0021500408,357,4,0,3,7:41 PM,5:20,,,Koufos REBOUND (Off:2 Def:4),,,5.0,201585,Kosta Koufos,1610612758.0,Sacramento,Kings,SAC,0,0,,,,,,0,0,,,,,
0021500408,358,6,1,3,7:41 PM,5:15,Patterson P.FOUL (P2.PN) (D.Stafford),,,,,4.0,202335,Patrick Patterson,1610612761.0,Toronto,Raptors,TOR,5,202326,DeMarcus Cousins,1610612758.0,Sacramento,Kings,SAC,1,0,,,,,
0021500408,359,3,11,3,7:41 PM,5:15,,,Cousins Free Throw 1 of 2 (4 PTS),68 - 56,-12,5.0,202326,DeMarcus Cousins,1610612758.0,Sacramento,Kings,SAC,0,0,,,,,,0,0,,,,,
0021500408,361,3,12,3,7:41 PM,5:15,,,Cousins Free Throw 2 of 2 (5 PTS),69 - 56,-13,5.0,202326,DeMarcus Cousins,1610612758.0,Sacramento,Kings,SAC,0,0,,,,,,0,0,,,,,
0021500408,364,2,1,3,7:42 PM,4:59,MISS Patterson 26' 3PT Jump Shot,,,,,4.0,202335,Patrick Patterson,1610612761.0,Toronto,Raptors,TOR,0,0,,,,,,0,0,,,,,
0021500408,365,4,0,3,7:42 PM,4:58,,,McLemore REBOUND (Off:1 Def:2),,,5.0,203463,Ben McLemore,1610612758.0,Sacramento,Kings,SAC,0,0,,,,,,0,0,,,,,
0021500408,366,2,57,3,7:42 PM,4:43,,,MISS Cousins 6' Driving Hook Shot,,,5.0,202326,DeMarcus Cousins,1610612758.0,Sacramento,Kings,SAC,0,0,,,,,,0,0,,,,,
0021500408,367,4,0,3,7:42 PM,4:42,,,Cousins REBOUND (Off:1 Def:7),,,5.0,202326,DeMarcus Cousins,1610612758.0,Sacramento,Kings,SAC,0,0,,,,,,0,0,,,,,
0021500408,368,2,1,3,7:42 PM,4:37,,,MISS McLemore 26' 3PT Jump Shot,,,5.0,203463,Ben McLemore,1610612758.0,Sacramento,Kings,SAC,0,0,,,,,,0,0,,,,,
0021500408,369,4,0,3,7:42 PM,4:37,Ross REBOUND (Off:1 Def:1),,,,,4.0,203082,Terrence Ross,1610612761.0,Toronto,Raptors,TOR,0,0,,,,,,0,0,,,,,
0021500408,371,5,1,3,7:43 PM,4:22,Ross Bad Pass Turnover (P2.T8),,Casspi STEAL (1 STL),,,4.0,203082,Terrence Ross,1610612761.0,Toronto,Raptors,TOR,5,201956,Omri Casspi,1610612758.0,Sacramento,Kings,SAC,0,0,,,,,
0021500408,372,5,45,3,7:43 PM,4:19,,,Casspi Out of Bounds - Bad Pass Turnover Turnover (P2.T11),,,5.0,201956,Omri Casspi,1610612758.0,Sacramento,Kings,SAC,0,0,,,,,,1,0,,,,,
0021500408,373,2,102,3,7:43 PM,4:09,MISS DeRozan 3' Driving Floating Bank Jump Shot,,,,,4.0,201942,DeMar DeRozan,1610612761.0,Toronto,Raptors,TOR,0,0,,,,,,0,0,,,,,
0021500408,374,4,0,3,7:43 PM,4:09,DeRozan REBOUND (Off:1 Def:5),,,,,4.0,201942,DeMar DeRozan,1610612761.0,Toronto,Raptors,TOR,0,0,,,,,,0,0,,,,,
0021500408,375,1,97,3,7:43 PM,4:07,DeRozan 2' Tip Layup Shot (22 PTS),,,69 - 58,-11,4.0,201942,DeMar DeRozan,1610612761.0,Toronto,Raptors,TOR,0,0,,,,,,0,0,,,,,
0021500408,376,1,98,3,7:43 PM,3:58,,,McLemore 2' Cutting Layup Shot (12 PTS) (Rondo 8 AST),71 - 58,-13,5.0,203463,Ben McLemore,1610612758.0,Sacramento,Kings,SAC,5,200765,Rajon Rondo,1610612758.0,Sacramento,Kings,SAC,0,0,,,,,
0021500408,377,6,2,3,7:43 PM,3:58,Biyombo S.FOUL (P2.PN) (D.Stafford),,,,,4.0,202687,Bismack Biyombo,1610612761.0,Toronto,Raptors,TOR,5,203463,Ben McLemore,1610612758.0,Sacramento,Kings,SAC,1,0,,,,,
0021500408,378,3,10,3,7:44 PM,3:58,,,MISS McLemore Free Throw 1 of 1,,,5.0,203463,Ben McLemore,1610612758.0,Sacramento,Kings,SAC,0,0,,,,,,0,0,,,,,
0021500408,380,4,0,3,7:44 PM,3:56,Patterson REBOUND (Off:0 Def:4),,,,,4.0,202335,Patrick Patterson,1610612761.0,Toronto,Raptors,TOR,0,0,,,,,,0,0,,,,,
0021500408,381,2,1,3,7:44 PM,3:34,MISS DeRozan 5' Jump Shot,,,,,4.0,201942,DeMar DeRozan,1610612761.0,Toronto,Raptors,TOR,0,0,,,,,,0,0,,,,,
0021500408,382,4,0,3,7:44 PM,3:33,Biyombo REBOUND (Off:5 Def:7),,,,,4.0,202687,Bismack Biyombo,1610612761.0,Toronto,Raptors,TOR,0,0,,,,,,0,0,,,,,
0021500408,383,2,58,3,7:44 PM,3:29,MISS Biyombo 3' Turnaround Hook Shot,,,,,4.0,202687,Bismack Biyombo,1610612761.0,Toronto,Raptors,TOR,0,0,,,,,,0,0,,,,,
0021500408,384,4,0,3,7:44 PM,3:28,,,Casspi REBOUND (Off:0 Def:6),,,5.0,201956,Omri Casspi,1610612758.0,Sacramento,Kings,SAC,0,0,,,,,,0,0,,,,,
0021500408,385,6,1,3,7:45 PM,3:16,DeRozan P.FOUL (P4.PN) (S.Wall),,,,,4.0,201942,DeMar DeRozan,1610612761.0,Toronto,Raptors,TOR,5,200765,Rajon Rondo,1610612758.0,Sacramento,Kings,SAC,1,0,,,,,
0021500408,386,3,11,3,7:45 PM,3:16,,,Rondo Free Throw 1 of 2 (16 PTS),72 - 58,-14,5.0,200765,Rajon Rondo,1610612758.0,Sacramento,Kings,SAC,0,0,,,,,,0,0,,,,,
0021500408,388,8,0,3,7:45 PM,3:16,,,SUB: Belinelli FOR McLemore,,,5.0,203463,Ben McLemore,1610612758.0,Sacramento,Kings,SAC,5,201158,Marco Belinelli,1610612758.0,Sacramento,Kings,SAC,0,0,,,,,
0021500408,389,3,12,3,7:45 PM,3:16,,,Rondo Free Throw 2 of 2 (17 PTS),73 - 58,-15,5.0,200765,Rajon Rondo,1610612758.0,Sacramento,Kings,SAC,0,0,,,,,,0,0,,,,,
0021500408,391,1,1,3,7:46 PM,2:59,Patterson  3PT Jump Shot (10 PTS) (Joseph 3 AST),,,73 - 61,-12,4.0,202335,Patrick Patterson,1610612761.0,Toronto,Raptors,TOR,4,202709,Cory Joseph,1610612761.0,Toronto,Raptors,TOR,0,0,,,,,
0021500408,392,2,42,3,7:46 PM,2:50,Biyombo BLOCK (1 BLK),,MISS Cousins 3' Driving Layup,,,5.0,202326,DeMarcus Cousins,1610612758.0,Sacramento,Kings,SAC,0,0,,,,,,4,202687,Bismack Biyombo,1610612761.0,Toronto,Raptors,TOR
0021500408,393,4,0,3,7:46 PM,2:50,,,Kings Rebound,,,3.0,1610612758,,,,,,0,0,,,,,,0,0,,,,,
0021500408,394,9,1,3,7:46 PM,2:50,,,Kings Timeout: Regular (Reg.3 Short 1),,,3.0,1610612758,,,,,,0,0,,,,,,0,0,,,,,
0021500408,395,8,0,3,7:48 PM,2:50,,,SUB: Collison FOR Casspi,,,5.0,201956,Omri Casspi,1610612758.0,Sacramento,Kings,SAC,5,201954,Darren Collison,1610612758.0,Sacramento,Kings,SAC,0,0,,,,,
0021500408,396,8,0,3,7:48 PM,2:50,SUB: Scola FOR Biyombo,,,,,4.0,202687,Bismack Biyombo,1610612761.0,Toronto,Raptors,TOR,4,2449,Luis Scola,1610612761.0,Toronto,Raptors,TOR,0,0,,,,,
0021500408,397,8,0,3,7:48 PM,2:50,SUB: Johnson FOR DeRozan,,,,,4.0,201942,DeMar DeRozan,1610612761.0,Toronto,Raptors,TOR,4,201949,James Johnson,1610612761.0,Toronto,Raptors,TOR,0,0,,,,,
0021500408,398,1,42,3,7:49 PM,2:40,,,Rondo 3' Driving Layup (19 PTS),75 - 61,-14,5.0,200765,Rajon Rondo,1610612758.0,Sacramento,Kings,SAC,0,0,,,,,,0,0,,,,,
0021500408,399,1,42,3,7:49 PM,2:17,Joseph 1' Driving Layup (4 PTS),,,75 - 63,-12,4.0,202709,Cory Joseph,1610612761.0,Toronto,Raptors,TOR,0,0,,,,,,0,0,,,,,
0021500408,400,2,1,3,7:50 PM,1:48,,,MISS Rondo 26' 3PT Jump Shot,,,5.0,200765,Rajon Rondo,1610612758.0,Sacramento,Kings,SAC,0,0,,,,,,0,0,,,,,
0021500408,401,4,0,3,7:50 PM,1:48,Ross REBOUND (Off:1 Def:2),,,,,4.0,203082,Terrence Ross,1610612761.0,Toronto,Raptors,TOR,0,0,,,,,,0,0,,,,,
0021500408,402,1,1,3,7:50 PM,1:37,Patterson 26' 3PT Jump Shot (13 PTS) (Ross 1 AST),,,75 - 66,-9,4.0,202335,Patrick Patterson,1610612761.0,Toronto,Raptors,TOR,4,203082,Terrence Ross,1610612761.0,Toronto,Raptors,TOR,0,0,,,,,
0021500408,403,6,1,3,7:50 PM,1:27,Patterson P.FOUL (P3.PN) (M.Kogut),,,,,4.0,202335,Patrick Patterson,1610612761.0,Toronto,Raptors,TOR,5,202326,DeMarcus Cousins,1610612758.0,Sacramento,Kings,SAC,1,0,,,,,
0021500408,404,3,11,3,7:50 PM,1:27,,,Cousins Free Throw 1 of 2 (6 PTS),76 - 66,-10,5.0,202326,DeMarcus Cousins,1610612758.0,Sacramento,Kings,SAC,0,0,,,,,,0,0,,,,,
0021500408,406,3,12,3,7:51 PM,1:27,,,MISS Cousins Free Throw 2 of 2,,,5.0,202326,DeMarcus Cousins,1610612758.0,Sacramento,Kings,SAC,0,0,,,,,,0,0,,,,,
0021500408,408,4,0,3,7:51 PM,1:26,Scola REBOUND (Off:0 Def:5),,,,,4.0,2449,Luis Scola,1610612761.0,Toronto,Raptors,TOR,0,0,,,,,,0,0,,,,,
0021500408,409,2,42,3,7:51 PM,1:13,MISS Joseph 3' Driving Layup,,Koufos BLOCK (1 BLK),,,4.0,202709,Cory Joseph,1610612761.0,Toronto,Raptors,TOR,0,0,,,,,,5,201585,Kosta Koufos,1610612758.0,Sacramento,Kings,SAC
0021500408,410,4,0,3,7:51 PM,1:12,,,Collison REBOUND (Off:0 Def:1),,,5.0,201954,Darren Collison,1610612758.0,Sacramento,Kings,SAC,0,0,,,,,,0,0,,,,,
0021500408,411,1,99,3,7:51 PM,0:59,,,Cousins 2' Cutting Finger Roll Layup Shot (8 PTS) (Rondo 9 AST),78 - 66,-12,5.0,202326,DeMarcus Cousins,1610612758.0,Sacramento,Kings,SAC,5,200765,Rajon Rondo,1610612758.0,Sacramento,Kings,SAC,0,0,,,,,
0021500408,412,2,101,3,7:51 PM,0:44,MISS Patterson 7' Driving Floating Jump Shot,,,,,4.0,202335,Patrick Patterson,1610612761.0,Toronto,Raptors,TOR,0,0,,,,,,0,0,,,,,
0021500408,413,4,0,3,7:51 PM,0:43,Patterson REBOUND (Off:1 Def:4),,,,,4.0,202335,Patrick Patterson,1610612761.0,Toronto,Raptors,TOR,0,0,,,,,,0,0,,,,,
0021500408,414,6,2,3,7:52 PM,0:42,,,Koufos S.FOUL (P3.T3) (M.Kogut),,,5.0,201585,Kosta Koufos,1610612758.0,Sacramento,Kings,SAC,4,202335,Patrick Patterson,1610612761.0,Toronto,Raptors,TOR,1,0,,,,,
0021500408,415,3,11,3,7:52 PM,0:42,Patterson Free Throw 1 of 2 (14 PTS),,,78 - 67,-11,4.0,202335,Patrick Patterson,1610612761.0,Toronto,Raptors,TOR,0,0,,,,,,0,0,,,,,
0021500408,417,8,0,3,7:52 PM,0:42,,,SUB: Gay FOR Cousins,,,5.0,202326,DeMarcus Cousins,1610612758.0,Sacramento,Kings,SAC,5,200752,Rudy Gay,1610612758.0,Sacramento,Kings,SAC,0,0,,,,,
0021500408,418,3,12,3,7:52 PM,0:42,Patterson Free Throw 2 of 2 (15 PTS),,,78 - 68,-10,4.0,202335,Patrick Patterson,1610612761.0,Toronto,Raptors,TOR,0,0,,,,,,0,0,,,,,
0021500408,420,5,4,3,7:53 PM,0:35,,,Rondo Traveling Turnover (P4.T12),,,5.0,200765,Rajon Rondo,1610612758.0,Sacramento,Kings,SAC,0,0,,,,,,1,0,,,,,
0021500408,421,1,5,3,7:53 PM,0:26,Scola 2' Layup (2 PTS) (Patterson 1 AST),,,78 - 70,-8,4.0,2449,Luis Scola,1610612761.0,Toronto,Raptors,TOR,4,202335,Patrick Patterson,1610612761.0,Toronto,Raptors,TOR,0,0,,,,,
0021500408,423,2,1,3,7:54 PM,0:03,,,MISS Gay 26' 3PT Jump Shot,,,5.0,200752,Rudy Gay,1610612758.0,Sacramento,Kings,SAC,0,0,,,,,,0,0,,,,,
0021500408,424,4,0,3,7:54 PM,0:03,Patterson REBOUND (Off:1 Def:5),,,,,4.0,202335,Patrick Patterson,1610612761.0,Toronto,Raptors,TOR,0,0,,,,,,0,0,,,,,
0021500408,425,2,46,3,7:54 PM,0:00,MISS Ross 42' 3PT Running Jump Shot,,,,,4.0,203082,Terrence Ross,1610612761.0,Toronto,Raptors,TOR,0,0,,,,,,0,0,,,,,
0021500408,426,4,0,3,7:54 PM,0:00,RAPTORS Rebound,,,,,2.0,1610612761,,,,,,0,0,,,,,,0,0,,,,,
0021500408,427,13,0,3,7:54 PM,0:00,,,,78 - 70,-8,0.0,0,,,,,,0,0,,,,,,0,0,,,,,
0021500408,429,12,0,4,7:56 PM,12:00,,,,78 - 70,-8,0.0,0,,,,,,0,0,,,,,,0,0,,,,,
0021500408,430,2,1,4,7:57 PM,11:46,MISS Ross 26' 3PT Jump Shot,,,,,4.0,203082,Terrence Ross,1610612761.0,Toronto,Raptors,TOR,0,0,,,,,,0,0,,,,,
0021500408,431,4,0,4,7:57 PM,11:46,,,Koufos REBOUND (Off:2 Def:5),,,5.0,201585,Kosta Koufos,1610612758.0,Sacramento,Kings,SAC,0,0,,,,,,0,0,,,,,
0021500408,432,1,108,4,7:57 PM,11:32,,,Koufos  Cutting Dunk Shot (7 PTS) (Rondo 10 AST),80 - 70,-10,5.0,201585,Kosta Koufos,1610612758.0,Sacramento,Kings,SAC,5,200765,Rajon Rondo,1610612758.0,Sacramento,Kings,SAC,0,0,,,,,
0021500408,433,6,1,4,7:57 PM,11:16,,,Collison P.FOUL (P4.T1) (M.Kogut),,,5.0,201954,Darren Collison,1610612758.0,Sacramento,Kings,SAC,4,202709,Cory Joseph,1610612761.0,Toronto,Raptors,TOR,1,0,,,,,
0021500408,434,1,73,4,7:58 PM,11:00,Johnson 3' Driving Reverse Layup (6 PTS),,,80 - 72,-8,4.0,201949,James Johnson,1610612761.0,Toronto,Raptors,TOR,0,0,,,,,,0,0,,,,,
0021500408,436,2,1,4,7:58 PM,10:34,,,MISS Rondo 19' Jump Shot,,,5.0,200765,Rajon Rondo,1610612758.0,Sacramento,Kings,SAC,0,0,,,,,,0,0,,,,,
0021500408,437,4,0,4,7:58 PM,10:33,Patterson REBOUND (Off:1 Def:6),,,,,4.0,202335,Patrick Patterson,1610612761.0,Toronto,Raptors,TOR,0,0,,,,,,0,0,,,,,
0021500408,438,1,79,4,7:58 PM,10:23,Ross 15' Pullup Jump Shot (10 PTS),,,80 - 74,-6,4.0,203082,Terrence Ross,1610612761.0,Toronto,Raptors,TOR,0,0,,,,,,0,0,,,,,
0021500408,439,1,1,4,7:58 PM,10:11,,,Belinelli 20' Jump Shot (6 PTS) (Rondo 11 AST),82 - 74,-8,5.0,201158,Marco Belinelli,1610612758.0,Sacramento,Kings,SAC,5,200765,Rajon Rondo,1610612758.0,Sacramento,Kings,SAC,0,0,,,,,
0021500408,440,1,47,4,7:59 PM,9:50,Johnson 9' Turnaround Jump Shot (8 PTS),,,82 - 76,-6,4.0,201949,James Johnson,1610612761.0,Toronto,Raptors,TOR,0,0,,,,,,0,0,,,,,
0021500408,441,5,2,4,7:59 PM,9:30,Johnson STEAL (1 STL),,Rondo Lost Ball Turnover (P5.T13),,,5.0,200765,Rajon Rondo,1610612758.0,Sacramento,Kings,SAC,4,201949,James Johnson,1610612761.0,Toronto,Raptors,TOR,0,0,,,,,
0021500408,442,1,50,4,7:59 PM,9:26,Johnson  Running Dunk (10 PTS),,,82 - 78,-4,4.0,201949,James Johnson,1610612761.0,Toronto,Raptors,TOR,0,0,,,,,,0,0,,,,,
0021500408,443,9,1,4,7:59 PM,9:26,,,Kings Timeout: Regular (Reg.4 Short 1),,,3.0,1610612758,,,,,,0,0,,,,,,0,0,,,,,
0021500408,446,8,0,4,8:01 PM,9:26,,,SUB: Cousins FOR Rondo,,,5.0,200765,Rajon Rondo,1610612758.0,Sacramento,Kings,SAC,5,202326,DeMarcus Cousins,1610612758.0,Sacramento,Kings,SAC,0,0,,,,,
0021500408,447,8,0,4,8:01 PM,9:26,,,SUB: Casspi FOR Koufos,,,5.0,201585,Kosta Koufos,1610612758.0,Sacramento,Kings,SAC,5,201956,Omri Casspi,1610612758.0,Sacramento,Kings,SAC,0,0,,,,,
0021500408,448,1,1,4,8:02 PM,9:00,,,Casspi 24' 3PT Jump Shot (13 PTS) (Cousins 5 AST),85 - 78,-7,5.0,201956,Omri Casspi,1610612758.0,Sacramento,Kings,SAC,5,202326,DeMarcus Cousins,1610612758.0,Sacramento,Kings,SAC,0,0,,,,,
0021500408,449,2,79,4,8:03 PM,8:41,MISS Ross 14' Pullup Jump Shot,,,,,4.0,203082,Terrence Ross,1610612761.0,Toronto,Raptors,TOR,0,0,,,,,,0,0,,,,,
0021500408,450,4,0,4,8:03 PM,8:40,,,Gay REBOUND (Off:0 Def:7),,,5.0,200752,Rudy Gay,1610612758.0,Sacramento,Kings,SAC,0,0,,,,,,0,0,,,,,
0021500408,451,5,1,4,8:03 PM,8:32,Johnson STEAL (2 STL),,Casspi Bad Pass Turnover (P3.T14),,,5.0,201956,Omri Casspi,1610612758.0,Sacramento,Kings,SAC,4,201949,James Johnson,1610612761.0,Toronto,Raptors,TOR,0,0,,,,,
0021500408,452,5,2,4,8:03 PM,8:27,Johnson Lost Ball Turnover (P1.T9),,Gay STEAL (3 STL),,,4.0,201949,James Johnson,1610612761.0,Toronto,Raptors,TOR,5,200752,Rudy Gay,1610612758.0,Sacramento,Kings,SAC,0,0,,,,,
0021500408,453,1,50,4,8:03 PM,8:22,,,Cousins  Running Dunk (10 PTS) (Gay 1 AST),87 - 78,-9,5.0,202326,DeMarcus Cousins,1610612758.0,Sacramento,Kings,SAC,5,200752,Rudy Gay,1610612758.0,Sacramento,Kings,SAC,0,0,,,,,
0021500408,455,1,93,4,8:03 PM,8:00,Johnson 4' Driving Bank Hook Shot (12 PTS),,,87 - 80,-7,4.0,201949,James Johnson,1610612761.0,Toronto,Raptors,TOR,0,0,,,,,,0,0,,,,,
0021500408,456,2,42,4,8:04 PM,7:38,,,MISS Cousins 3' Driving Layup,,,5.0,202326,DeMarcus Cousins,1610612758.0,Sacramento,Kings,SAC,0,0,,,,,,0,0,,,,,
0021500408,457,4,0,4,8:04 PM,7:38,Scola REBOUND (Off:0 Def:6),,,,,4.0,2449,Luis Scola,1610612761.0,Toronto,Raptors,TOR,0,0,,,,,,0,0,,,,,
0021500408,458,1,80,4,8:04 PM,7:30,Ross 26' 3PT Step Back Jump Shot (13 PTS),,,87 - 83,-4,4.0,203082,Terrence Ross,1610612761.0,Toronto,Raptors,TOR,0,0,,,,,,0,0,,,,,
0021500408,459,6,2,4,8:04 PM,7:20,Ross S.FOUL (P1.T1) (M.Kogut),,,,,4.0,203082,Terrence Ross,1610612761.0,Toronto,Raptors,TOR,5,201954,Darren Collison,1610612758.0,Sacramento,Kings,SAC,1,0,,,,,
0021500408,460,3,11,4,8:04 PM,7:20,,,Collison Free Throw 1 of 2 (5 PTS),88 - 83,-5,5.0,201954,Darren Collison,1610612758.0,Sacramento,Kings,SAC,0,0,,,,,,0,0,,,,,
0021500408,462,8,0,4,8:05 PM,7:20,SUB: DeRozan FOR Scola,,,,,4.0,2449,Luis Scola,1610612761.0,Toronto,Raptors,TOR,4,201942,DeMar DeRozan,1610612761.0,Toronto,Raptors,TOR,0,0,,,,,
0021500408,463,3,12,4,8:05 PM,7:20,,,Collison Free Throw 2 of 2 (6 PTS),89 - 83,-6,5.0,201954,Darren Collison,1610612758.0,Sacramento,Kings,SAC,0,0,,,,,,0,0,,,,,
0021500408,465,2,1,4,8:05 PM,7:05,MISS Ross 26' 3PT Jump Shot,,,,,4.0,203082,Terrence Ross,1610612761.0,Toronto,Raptors,TOR,0,0,,,,,,0,0,,,,,
0021500408,466,4,0,4,8:05 PM,7:04,,,Casspi REBOUND (Off:0 Def:7),,,5.0,201956,Omri Casspi,1610612758.0,Sacramento,Kings,SAC,0,0,,,,,,0,0,,,,,
0021500408,468,7,5,4,8:05 PM,6:54,Joseph Violation:Kicked Ball (M.Kogut),,,,,4.0,202709,Cory Joseph,1610612761.0,Toronto,Raptors,TOR,0,0,,,,,,1,0,,,,,
0021500408,469,1,49,4,8:06 PM,6:43,,,Cousins  Driving Dunk (12 PTS) (Collison 1 AST),91 - 83,-8,5.0,202326,DeMarcus Cousins,1610612758.0,Sacramento,Kings,SAC,5,201954,Darren Collison,1610612758.0,Sacramento,Kings,SAC,0,0,,,,,
0021500408,470,5,2,4,8:06 PM,6:26,Patterson Lost Ball Turnover (P1.T10),,Cousins STEAL (2 STL),,,4.0,202335,Patrick Patterson,1610612761.0,Toronto,Raptors,TOR,5,202326,DeMarcus Cousins,1610612758.0,Sacramento,Kings,SAC,0,0,,,,,
0021500408,471,6,2,4,8:06 PM,6:23,Patterson S.FOUL (P4.T2) (D.Stafford),,,,,4.0,202335,Patrick Patterson,1610612761.0,Toronto,Raptors,TOR,5,202326,DeMarcus Cousins,1610612758.0,Sacramento,Kings,SAC,1,0,,,,,
0021500408,472,3,11,4,8:07 PM,6:23,,,Cousins Free Throw 1 of 2 (13 PTS),92 - 83,-9,5.0,202326,DeMarcus Cousins,1610612758.0,Sacramento,Kings,SAC,0,0,,,,,,0,0,,,,,
0021500408,474,3,12,4,8:07 PM,6:23,,,MISS Cousins Free Throw 2 of 2,,,5.0,202326,DeMarcus Cousins,1610612758.0,Sacramento,Kings,SAC,0,0,,,,,,0,0,,,,,
0021500408,476,4,0,4,8:07 PM,6:22,Johnson REBOUND (Off:1 Def:3),,,,,4.0,201949,James Johnson,1610612761.0,Toronto,Raptors,TOR,0,0,,,,,,0,0,,,,,
0021500408,477,6,1,4,8:07 PM,6:09,,,Casspi P.FOUL (P2.T2) (S.Wall),,,5.0,201956,Omri Casspi,1610612758.0,Sacramento,Kings,SAC,4,201942,DeMar DeRozan,1610612761.0,Toronto,Raptors,TOR,1,0,,,,,
0021500408,478,1,78,4,8:08 PM,6:00,DeRozan 12' Floating Jump Shot (24 PTS),,,92 - 85,-7,4.0,201942,DeMar DeRozan,1610612761.0,Toronto,Raptors,TOR,0,0,,,,,,0,0,,,,,
0021500408,479,2,42,4,8:08 PM,5:36,,,MISS Cousins 2' Driving Layup,,,5.0,202326,DeMarcus Cousins,1610612758.0,Sacramento,Kings,SAC,0,0,,,,,,0,0,,,,,
0021500408,480,4,0,4,8:08 PM,5:35,Joseph REBOUND (Off:0 Def:1),,,,,4.0,202709,Cory Joseph,1610612761.0,Toronto,Raptors,TOR,0,0,,,,,,0,0,,,,,
0021500408,481,2,42,4,8:08 PM,5:22,MISS Johnson 3' Driving Layup,,,,,4.0,201949,James Johnson,1610612761.0,Toronto,Raptors,TOR,0,0,,,,,,0,0,,,,,
0021500408,482,4,0,4,8:08 PM,5:21,,,Cousins REBOUND (Off:1 Def:8),,,5.0,202326,DeMarcus Cousins,1610612758.0,Sacramento,Kings,SAC,0,0,,,,,,0,0,,,,,
0021500408,483,2,1,4,8:08 PM,5:15,Joseph BLOCK (1 BLK),,MISS Collison 3' Jump Shot,,,5.0,201954,Darren Collison,1610612758.0,Sacramento,Kings,SAC,0,0,,,,,,4,202709,Cory Joseph,1610612761.0,Toronto,Raptors,TOR
0021500408,484,4,0,4,8:09 PM,5:15,,,Gay REBOUND (Off:1 Def:7),,,5.0,200752,Rudy Gay,1610612758.0,Sacramento,Kings,SAC,0,0,,,,,,0,0,,,,,
0021500408,485,5,1,4,8:09 PM,5:11,Patterson STEAL (3 STL),,Gay Bad Pass Turnover (P2.T15),,,5.0,200752,Rudy Gay,1610612758.0,Sacramento,Kings,SAC,4,202335,Patrick Patterson,1610612761.0,Toronto,Raptors,TOR,0,0,,,,,
0021500408,486,1,42,4,8:09 PM,5:05,Johnson 1' Driving Layup (14 PTS) (Ross 2 AST),,,92 - 87,-5,4.0,201949,James Johnson,1610612761.0,Toronto,Raptors,TOR,4,203082,Terrence Ross,1610612761.0,Toronto,Raptors,TOR,0,0,,,,,
0021500408,487,9,2,4,8:09 PM,5:05,,,Kings Timeout: Short (Reg.4 Short 2),,,3.0,1610612758,,,,,,0,0,,,,,,0,0,,,,,
0021500408,488,9,4,4,8:09 PM,5:05,,,,,,1.0,0,,,,,,0,0,,,,,,0,0,,,,,
0021500408,489,18,0,4,8:09 PM,5:05,,,,,,,448,Bo Outlaw,,,,,0,0,,,,,,1,0,,,,,
0021500408,491,8,0,4,8:11 PM,5:05,,,SUB: Rondo FOR Belinelli,,,5.0,201158,Marco Belinelli,1610612758.0,Sacramento,Kings,SAC,5,200765,Rajon Rondo,1610612758.0,Sacramento,Kings,SAC,0,0,,,,,
0021500408,493,1,3,4,8:12 PM,4:48,,,Cousins 3' Hook Shot (15 PTS) (Rondo 12 AST),94 - 87,-7,5.0,202326,DeMarcus Cousins,1610612758.0,Sacramento,Kings,SAC,5,200765,Rajon Rondo,1610612758.0,Sacramento,Kings,SAC,0,0,,,,,
0021500408,494,1,1,4,8:12 PM,4:29,Patterson 27' 3PT Jump Shot (18 PTS) (Johnson 1 AST),,,94 - 90,-4,4.0,202335,Patrick Patterson,1610612761.0,Toronto,Raptors,TOR,4,201949,James Johnson,1610612761.0,Toronto,Raptors,TOR,0,0,,,,,
0021500408,495,1,1,4,8:13 PM,4:08,,,Gay 28' 3PT Jump Shot (19 PTS) (Collison 2 AST),97 - 90,-7,5.0,200752,Rudy Gay,1610612758.0,Sacramento,Kings,SAC,5,201954,Darren Collison,1610612758.0,Sacramento,Kings,SAC,0,0,,,,,
0021500408,496,2,1,4,8:13 PM,3:50,MISS Patterson 24' 3PT Jump Shot,,,,,4.0,202335,Patrick Patterson,1610612761.0,Toronto,Raptors,TOR,0,0,,,,,,0,0,,,,,
0021500408,497,4,0,4,8:13 PM,3:49,,,Casspi REBOUND (Off:0 Def:8),,,5.0,201956,Omri Casspi,1610612758.0,Sacramento,Kings,SAC,0,0,,,,,,0,0,,,,,
0021500408,498,1,75,4,8:13 PM,3:29,,,Casspi 4' Driving Finger Roll Layup (15 PTS),99 - 90,-9,5.0,201956,Omri Casspi,1610612758.0,Sacramento,Kings,SAC,0,0,,,,,,0,0,,,,,
0021500408,499,6,2,4,8:14 PM,3:15,,,Collison S.FOUL (P5.T3) (M.Kogut),,,5.0,201954,Darren Collison,1610612758.0,Sacramento,Kings,SAC,4,201942,DeMar DeRozan,1610612761.0,Toronto,Raptors,TOR,1,0,,,,,
0021500408,500,3,11,4,8:14 PM,3:15,DeRozan Free Throw 1 of 2 (25 PTS),,,99 - 91,-8,4.0,201942,DeMar DeRozan,1610612761.0,Toronto,Raptors,TOR,0,0,,,,,,0,0,,,,,
0021500408,502,3,12,4,8:14 PM,3:15,DeRozan Free Throw 2 of 2 (26 PTS),,,99 - 92,-7,4.0,201942,DeMar DeRozan,1610612761.0,Toronto,Raptors,TOR,0,0,,,,,,0,0,,,,,
0021500408,504,2,1,4,8:15 PM,2:53,,,MISS Casspi  3PT Jump Shot,,,5.0,201956,Omri Casspi,1610612758.0,Sacramento,Kings,SAC,0,0,,,,,,0,0,,,,,
0021500408,505,4,0,4,8:15 PM,2:53,Johnson REBOUND (Off:1 Def:4),,,,,4.0,201949,James Johnson,1610612761.0,Toronto,Raptors,TOR,0,0,,,,,,0,0,,,,,
0021500408,506,5,2,4,8:15 PM,2:51,Johnson Lost Ball Turnover (P2.T11),,Collison STEAL (1 STL),,,4.0,201949,James Johnson,1610612761.0,Toronto,Raptors,TOR,5,201954,Darren Collison,1610612758.0,Sacramento,Kings,SAC,0,0,,,,,
0021500408,507,6,2,4,8:15 PM,2:39,Ross S.FOUL (P2.T3) (M.Kogut),,,,,4.0,203082,Terrence Ross,1610612761.0,Toronto,Raptors,TOR,5,202326,DeMarcus Cousins,1610612758.0,Sacramento,Kings,SAC,1,0,,,,,
0021500408,508,9,1,4,8:15 PM,2:39,RAPTORS Timeout: Regular (Full 4 Short 1),,,,,2.0,1610612761,,,,,,0,0,,,,,,0,0,,,,,
0021500408,511,8,0,4,8:17 PM,2:39,SUB: Biyombo FOR Joseph,,,,,4.0,202709,Cory Joseph,1610612761.0,Toronto,Raptors,TOR,4,202687,Bismack Biyombo,1610612761.0,Toronto,Raptors,TOR,0,0,,,,,
0021500408,512,3,11,4,8:18 PM,2:39,,,MISS Cousins Free Throw 1 of 2,,,5.0,202326,DeMarcus Cousins,1610612758.0,Sacramento,Kings,SAC,0,0,,,,,,0,0,,,,,
0021500408,513,4,1,4,8:18 PM,2:39,,,Kings Rebound,,,3.0,1610612758,,,,,,0,0,,,,,,0,0,,,,,
0021500408,514,3,12,4,8:18 PM,2:39,,,MISS Cousins Free Throw 2 of 2,,,5.0,202326,DeMarcus Cousins,1610612758.0,Sacramento,Kings,SAC,0,0,,,,,,0,0,,,,,
0021500408,516,4,0,4,8:18 PM,2:39,Biyombo REBOUND (Off:5 Def:8),,,,,4.0,202687,Bismack Biyombo,1610612761.0,Toronto,Raptors,TOR,0,0,,,,,,0,0,,,,,
0021500408,517,2,1,4,8:18 PM,2:15,MISS DeRozan 19' Jump Shot,,,,,4.0,201942,DeMar DeRozan,1610612761.0,Toronto,Raptors,TOR,0,0,,,,,,0,0,,,,,
0021500408,518,4,0,4,8:18 PM,2:14,,,Casspi REBOUND (Off:0 Def:9),,,5.0,201956,Omri Casspi,1610612758.0,Sacramento,Kings,SAC,0,0,,,,,,0,0,,,,,
0021500408,519,1,1,4,8:19 PM,2:02,,,Collison 24' 3PT Jump Shot (9 PTS) (Rondo 13 AST),102 - 92,-10,5.0,201954,Darren Collison,1610612758.0,Sacramento,Kings,SAC,5,200765,Rajon Rondo,1610612758.0,Sacramento,Kings,SAC,0,0,,,,,
0021500408,521,2,1,4,8:19 PM,1:48,MISS Ross 26' 3PT Jump Shot,,,,,4.0,203082,Terrence Ross,1610612761.0,Toronto,Raptors,TOR,0,0,,,,,,0,0,,,,,
0021500408,522,4,0,4,8:19 PM,1:48,,,Gay REBOUND (Off:1 Def:8),,,5.0,200752,Rudy Gay,1610612758.0,Sacramento,Kings,SAC,0,0,,,,,,0,0,,,,,
0021500408,523,2,1,4,8:19 PM,1:24,,,MISS Rondo 24' 3PT Jump Shot,,,5.0,200765,Rajon Rondo,1610612758.0,Sacramento,Kings,SAC,0,0,,,,,,0,0,,,,,
0021500408,524,4,0,4,8:19 PM,1:24,Johnson REBOUND (Off:1 Def:5),,,,,4.0,201949,James Johnson,1610612761.0,Toronto,Raptors,TOR,0,0,,,,,,0,0,,,,,
0021500408,525,2,101,4,8:20 PM,1:15,MISS DeRozan 5' Driving Floating Jump Shot,,Cousins BLOCK (4 BLK),,,4.0,201942,DeMar DeRozan,1610612761.0,Toronto,Raptors,TOR,0,0,,,,,,5,202326,DeMarcus Cousins,1610612758.0,Sacramento,Kings,SAC
0021500408,526,4,0,4,8:20 PM,1:13,,,Casspi REBOUND (Off:0 Def:10),,,5.0,201956,Omri Casspi,1610612758.0,Sacramento,Kings,SAC,0,0,,,,,,0,0,,,,,
0021500408,527,1,41,4,8:20 PM,1:10,,,Collison 1' Running Layup (11 PTS) (Casspi 3 AST),104 - 92,-12,5.0,201954,Darren Collison,1610612758.0,Sacramento,Kings,SAC,5,201956,Omri Casspi,1610612758.0,Sacramento,Kings,SAC,0,0,,,,,
0021500408,528,9,1,4,8:20 PM,1:10,RAPTORS Timeout: Regular (Full 5 Short 1),,,,,2.0,1610612761,,,,,,0,0,,,,,,0,0,,,,,
0021500408,531,2,79,4,8:22 PM,1:01,MISS DeRozan 16' Pullup Jump Shot,,,,,4.0,201942,DeMar DeRozan,1610612761.0,Toronto,Raptors,TOR,0,0,,,,,,0,0,,,,,
0021500408,532,4,0,4,8:22 PM,1:00,,,Casspi REBOUND (Off:0 Def:11),,,5.0,201956,Omri Casspi,1610612758.0,Sacramento,Kings,SAC,0,0,,,,,,0,0,,,,,
0021500408,533,2,1,4,8:22 PM,0:41,,,MISS Gay 26' 3PT Jump Shot,,,5.0,200752,Rudy Gay,1610612758.0,Sacramento,Kings,SAC,0,0,,,,,,0,0,,,,,
0021500408,534,4,0,4,8:22 PM,0:41,Patterson REBOUND (Off:1 Def:7),,,,,4.0,202335,Patrick Patterson,1610612761.0,Toronto,Raptors,TOR,0,0,,,,,,0,0,,,,,
0021500408,535,5,45,4,8:22 PM,0:35,Ross Out of Bounds - Bad Pass Turnover Turnover (P3.T12),,,,,4.0,203082,Terrence Ross,1610612761.0,Toronto,Raptors,TOR,0,0,,,,,,1,0,,,,,
0021500408,536,2,1,4,8:23 PM,0:11,Johnson BLOCK (1 BLK),,MISS Collison  3PT Jump Shot,,,5.0,201954,Darren Collison,1610612758.0,Sacramento,Kings,SAC,0,0,,,,,,4,201949,James Johnson,1610612761.0,Toronto,Raptors,TOR
0021500408,537,4,0,4,8:23 PM,0:11,,,Kings Rebound,,,3.0,1610612758,,,,,,0,0,,,,,,0,0,,,,,
0021500408,538,5,11,4,8:23 PM,0:11,,,Kings Turnover: Shot Clock (T#16),,,3.0,1610612758,,,,,,0,0,,,,,,1,0,,,,,
0021500408,539,2,102,4,8:23 PM,0:05,MISS DeRozan 5' Driving Floating Bank Jump Shot,,,,,4.0,201942,DeMar DeRozan,1610612761.0,Toronto,Raptors,TOR,0,0,,,,,,0,0,,,,,
0021500408,540,4,0,4,8:23 PM,0:05,DeRozan REBOUND (Off:2 Def:5),,,,,4.0,201942,DeMar DeRozan,1610612761.0,Toronto,Raptors,TOR,0,0,,,,,,0,0,,,,,
0021500408,541,1,97,4,8:23 PM,0:04,DeRozan 1' Tip Layup Shot (28 PTS),,,104 - 94,-10,4.0,201942,DeMar DeRozan,1610612761.0,Toronto,Raptors,TOR,0,0,,,,,,0,0,,,,,
0021500408,543,13,0,4,8:24 PM,0:00,,,,104 - 94,-10,0.0,0,,,,,,0,0,,,,,,0,0,,,,,
