GAME_ID,EVENTNUM,EVENTMSGTYPE,EVENTMSGACTIONTYPE,PERIOD,WCTIMESTRING,PCTIMESTRING,HOMEDESCRIPTION,NEUTRALDESCRIPTION,VISITORDESCRIPTION,SCORE,SCOREMARGIN,PERSON1TYPE,PLAYER1_ID,PLAYER1_NAME,PLAYER1_TEAM_ID,PLAYER1_TEAM_CITY,PLAYER1_TEAM_NICKNAME,PLAYER1_TEAM_ABBREVIATION,PERSON2TYPE,PLAYER2_ID,PLAYER2_NAME,PLAYER2_TEAM_ID,PLAYER2_TEAM_CITY,PLAYER2_TEAM_NICKNAME,PLAYER2_TEAM_ABBREVIATION,PERSON3TYPE,PLAYER3_ID,PLAYER3_NAME,PLAYER3_TEAM_ID,PLAYER3_TEAM_CITY,PLAYER3_TEAM_NICKNAME,PLAYER3_TEAM_ABBREVIATION
0021500230,0,12,0,1,7:43 PM,12:00,,,,,,0,0,,,,,,0,0,,,,,,0,0,,,,,
0021500230,1,10,0,1,7:43 PM,12:00,Jump Ball Lopez vs. Whiteside: Tip to Dragic,,,,,4,201577,Robin Lopez,1610612752.0,New York,Knicks,NYK,5,202355,Hassan Whiteside,1610612748.0,Miami,Heat,MIA,5,201609,Goran Dragic,1610612748.0,Miami,Heat,MIA
0021500230,2,2,85,1,7:43 PM,11:44,,,MISS Wade 13' Turnaround Bank Shot,,,5,2548,Dwyane Wade,1610612748.0,Miami,Heat,MIA,0,0,,,,,,0,0,,,,,
0021500230,3,4,0,1,7:43 PM,11:42,Anthony REBOUND (Off:0 Def:1),,,,,4,2546,Carmelo Anthony,1610612752.0,New York,Knicks,NYK,0,0,,,,,,0,0,,,,,
0021500230,4,2,5,1,7:43 PM,11:34,MISS Lopez 2' Layup,,,,,4,201577,Robin Lopez,1610612752.0,New York,Knicks,NYK,0,0,,,,,,0,0,,,,,
0021500230,5,4,0,1,7:43 PM,11:32,,,Bosh REBOUND (Off:0 Def:1),,,5,2547,Chris Bosh,1610612748.0,Miami,Heat,MIA,0,0,,,,,,0,0,,,,,
0021500230,6,5,39,1,7:43 PM,11:28,,,Green Step Out of Bounds Turnover (P1.T1),,,5,101123,Gerald Green,1610612748.0,Miami,Heat,MIA,0,0,,,,,,0,0,,,,,
0021500230,7,1,1,1,7:44 PM,11:06,Calderon 17' Jump Shot (2 PTS),,,0 - 2,2,4,101181,Jose Calderon,1610612752.0,New York,Knicks,NYK,0,0,,,,,,0,0,,,,,
0021500230,8,2,1,1,7:44 PM,10:47,,,MISS Bosh 16' Jump Shot,,,5,2547,Chris Bosh,1610612748.0,Miami,Heat,MIA,0,0,,,,,,0,0,,,,,
0021500230,9,4,0,1,7:44 PM,10:45,Calderon REBOUND (Off:0 Def:1),,,,,4,101181,Jose Calderon,1610612752.0,New York,Knicks,NYK,0,0,,,,,,0,0,,,,,
0021500230,10,2,1,1,7:44 PM,10:37,MISS Afflalo 25' 3PT Jump Shot,,,,,4,201167,Arron Afflalo,1610612752.0,New York,Knicks,NYK,0,0,,,,,,0,0,,,,,
0021500230,11,4,0,1,7:44 PM,10:35,,,Bosh REBOUND (Off:0 Def:2),,,5,2547,Chris Bosh,1610612748.0,Miami,Heat,MIA,0,0,,,,,,0,0,,,,,
0021500230,12,1,1,1,7:44 PM,10:24,,,Green 24' 3PT Jump Shot (3 PTS) (Dragic 1 AST),3 - 2,-1,5,101123,Gerald Green,1610612748.0,Miami,Heat,MIA,5,201609,Goran Dragic,1610612748.0,Miami,Heat,MIA,0,0,,,,,
0021500230,13,6,2,1,7:45 PM,10:09,,,Green S.FOUL (P1.T1) (D.Stafford),,,5,101123,Gerald Green,1610612748.0,Miami,Heat,MIA,4,2546,Carmelo Anthony,1610612752.0,New York,Knicks,NYK,1,0,,,,,
0021500230,14,3,11,1,7:45 PM,10:09,Anthony Free Throw 1 of 2 (1 PTS),,,3 - 3,TIE,4,2546,Carmelo Anthony,1610612752.0,New York,Knicks,NYK,0,0,,,,,,0,0,,,,,
0021500230,16,3,12,1,7:45 PM,10:09,Anthony Free Throw 2 of 2 (2 PTS),,,3 - 4,1,4,2546,Carmelo Anthony,1610612752.0,New York,Knicks,NYK,0,0,,,,,,0,0,,,,,
0021500230,18,2,1,1,7:46 PM,9:54,,,MISS Wade 6' Jump Shot,,,5,2548,Dwyane Wade,1610612748.0,Miami,Heat,MIA,0,0,,,,,,0,0,,,,,
0021500230,20,4,0,1,7:46 PM,9:51,,,Whiteside REBOUND (Off:1 Def:0),,,5,202355,Hassan Whiteside,1610612748.0,Miami,Heat,MIA,0,0,,,,,,0,0,,,,,
0021500230,19,1,72,1,7:46 PM,9:51,,,Whiteside  Putback Layup (2 PTS),5 - 4,-1,5,202355,Hassan Whiteside,1610612748.0,Miami,Heat,MIA,0,0,,,,,,0,0,,,,,
0021500230,21,2,1,1,7:46 PM,9:40,MISS Lopez 4' Jump Shot,,Whiteside BLOCK (1 BLK),,,4,201577,Robin Lopez,1610612752.0,New York,Knicks,NYK,0,0,,,,,,5,202355,Hassan Whiteside,1610612748.0,Miami,Heat,MIA
0021500230,22,4,0,1,7:46 PM,9:39,KNICKS Rebound,,,,,2,1610612752,,,,,,0,0,,,,,,0,0,,,,,
0021500230,23,6,4,1,7:47 PM,9:38,Lopez OFF.Foul (P1) (T.Maddox),,,,,4,201577,Robin Lopez,1610612752.0,New York,Knicks,NYK,5,2547,Chris Bosh,1610612748.0,Miami,Heat,MIA,1,0,,,,,
0021500230,24,5,5,1,7:47 PM,9:38,Lopez Foul Turnover (P1.T1),,,,,4,201577,Robin Lopez,1610612752.0,New York,Knicks,NYK,0,0,,,,,,1,0,,,,,
0021500230,26,6,2,1,7:48 PM,9:21,Lopez S.FOUL (P2.T1) (B.Barnaky),,,,,4,201577,Robin Lopez,1610612752.0,New York,Knicks,NYK,5,101123,Gerald Green,1610612748.0,Miami,Heat,MIA,1,0,,,,,
0021500230,27,3,11,1,7:48 PM,9:21,,,Green Free Throw 1 of 2 (4 PTS),6 - 4,-2,5,101123,Gerald Green,1610612748.0,Miami,Heat,MIA,0,0,,,,,,0,0,,,,,
0021500230,29,8,0,1,7:49 PM,9:21,SUB: O'Quinn FOR Lopez,,,,,4,201577,Robin Lopez,1610612752.0,New York,Knicks,NYK,4,203124,Kyle O'Quinn,1610612752.0,New York,Knicks,NYK,0,0,,,,,
0021500230,30,3,12,1,7:49 PM,9:21,,,Green Free Throw 2 of 2 (5 PTS),7 - 4,-3,5,101123,Gerald Green,1610612748.0,Miami,Heat,MIA,0,0,,,,,,0,0,,,,,
0021500230,32,5,1,1,7:49 PM,9:11,O'Quinn Bad Pass Turnover (P1.T2),,Green STEAL (1 STL),,,4,203124,Kyle O'Quinn,1610612752.0,New York,Knicks,NYK,5,101123,Gerald Green,1610612748.0,Miami,Heat,MIA,0,0,,,,,
0021500230,33,1,49,1,7:49 PM,9:06,,,Wade  Driving Dunk (2 PTS),9 - 4,-5,5,2548,Dwyane Wade,1610612748.0,Miami,Heat,MIA,0,0,,,,,,0,0,,,,,
0021500230,34,1,1,1,7:50 PM,8:45,Anthony 16' Jump Shot (4 PTS) (O'Quinn 1 AST),,,9 - 6,-3,4,2546,Carmelo Anthony,1610612752.0,New York,Knicks,NYK,4,203124,Kyle O'Quinn,1610612752.0,New York,Knicks,NYK,0,0,,,,,
0021500230,35,5,1,1,7:50 PM,8:32,,,Dragic Bad Pass Turnover (P1.T2),,,5,201609,Goran Dragic,1610612748.0,Miami,Heat,MIA,0,0,,,,,,0,0,,,,,
0021500230,36,1,80,1,7:50 PM,8:10,Porzingis 12' Step Back Jump Shot (2 PTS),,,9 - 8,-1,4,204001,Kristaps Porzingis,1610612752.0,New York,Knicks,NYK,0,0,,,,,,0,0,,,,,
0021500230,37,2,1,1,7:51 PM,7:52,,,MISS Bosh 17' Jump Shot,,,5,2547,Chris Bosh,1610612748.0,Miami,Heat,MIA,0,0,,,,,,0,0,,,,,
0021500230,38,4,0,1,7:51 PM,7:50,O'Quinn REBOUND (Off:0 Def:1),,,,,4,203124,Kyle O'Quinn,1610612752.0,New York,Knicks,NYK,0,0,,,,,,0,0,,,,,
0021500230,39,2,1,1,7:51 PM,7:37,MISS O'Quinn 16' Jump Shot,,,,,4,203124,Kyle O'Quinn,1610612752.0,New York,Knicks,NYK,0,0,,,,,,0,0,,,,,
0021500230,40,4,0,1,7:51 PM,7:35,,,Wade REBOUND (Off:0 Def:1),,,5,2548,Dwyane Wade,1610612748.0,Miami,Heat,MIA,0,0,,,,,,0,0,,,,,
0021500230,41,5,1,1,7:51 PM,7:26,O'Quinn STEAL (1 STL),,Bosh Bad Pass Turnover (P1.T3),,,5,2547,Chris Bosh,1610612748.0,Miami,Heat,MIA,4,203124,Kyle O'Quinn,1610612752.0,New York,Knicks,NYK,0,0,,,,,
0021500230,42,1,1,1,7:51 PM,7:17,Calderon 16' Jump Shot (4 PTS),,,9 - 10,1,4,101181,Jose Calderon,1610612752.0,New York,Knicks,NYK,0,0,,,,,,0,0,,,,,
0021500230,44,2,1,1,7:52 PM,6:52,,,MISS Dragic 3' Jump Shot,,,5,201609,Goran Dragic,1610612748.0,Miami,Heat,MIA,0,0,,,,,,0,0,,,,,
0021500230,46,4,0,1,7:52 PM,6:50,,,Whiteside REBOUND (Off:2 Def:0),,,5,202355,Hassan Whiteside,1610612748.0,Miami,Heat,MIA,0,0,,,,,,0,0,,,,,
0021500230,45,2,72,1,7:52 PM,6:50,,,MISS Whiteside 3' Putback Layup,,,5,202355,Hassan Whiteside,1610612748.0,Miami,Heat,MIA,0,0,,,,,,0,0,,,,,
0021500230,48,4,0,1,7:52 PM,6:49,,,Whiteside REBOUND (Off:3 Def:0),,,5,202355,Hassan Whiteside,1610612748.0,Miami,Heat,MIA,0,0,,,,,,0,0,,,,,
0021500230,47,2,97,1,7:52 PM,6:49,,,MISS Whiteside 2' Tip Layup Shot,,,5,202355,Hassan Whiteside,1610612748.0,Miami,Heat,MIA,0,0,,,,,,0,0,,,,,
0021500230,49,4,0,1,7:52 PM,6:48,Porzingis REBOUND (Off:0 Def:1),,,,,4,204001,Kristaps Porzingis,1610612752.0,New York,Knicks,NYK,0,0,,,,,,0,0,,,,,
0021500230,50,2,1,1,7:52 PM,6:33,MISS Porzingis 15' Jump Shot,,,,,4,204001,Kristaps Porzingis,1610612752.0,New York,Knicks,NYK,0,0,,,,,,0,0,,,,,
0021500230,51,4,0,1,7:52 PM,6:31,O'Quinn REBOUND (Off:1 Def:1),,,,,4,203124,Kyle O'Quinn,1610612752.0,New York,Knicks,NYK,0,0,,,,,,0,0,,,,,
0021500230,52,1,42,1,7:52 PM,6:28,Afflalo 1' Driving Layup (2 PTS) (O'Quinn 2 AST),,,9 - 12,3,4,201167,Arron Afflalo,1610612752.0,New York,Knicks,NYK,4,203124,Kyle O'Quinn,1610612752.0,New York,Knicks,NYK,0,0,,,,,
0021500230,54,9,1,1,7:53 PM,6:18,,,Heat Timeout: Regular (Reg.1 Short 0),,,3,1610612748,,,,,,0,0,,,,,,0,0,,,,,
0021500230,56,8,0,1,7:55 PM,6:18,,,SUB: Winslow FOR Bosh,,,5,2547,Chris Bosh,1610612748.0,Miami,Heat,MIA,5,1626159,Justise Winslow,1610612748.0,Miami,Heat,MIA,0,0,,,,,
0021500230,57,8,0,1,7:55 PM,6:18,,,SUB: McRoberts FOR Green,,,5,101123,Gerald Green,1610612748.0,Miami,Heat,MIA,5,201177,Josh McRoberts,1610612748.0,Miami,Heat,MIA,0,0,,,,,
0021500230,59,6,2,1,7:56 PM,6:03,Anthony S.FOUL (P1.T2) (B.Barnaky),,,,,4,2546,Carmelo Anthony,1610612752.0,New York,Knicks,NYK,5,202355,Hassan Whiteside,1610612748.0,Miami,Heat,MIA,1,0,,,,,
0021500230,60,3,11,1,7:56 PM,6:03,,,MISS Whiteside Free Throw 1 of 2,,,5,202355,Hassan Whiteside,1610612748.0,Miami,Heat,MIA,0,0,,,,,,0,0,,,,,
0021500230,61,4,1,1,7:56 PM,6:03,,,Heat Rebound,,,3,1610612748,,,,,,0,0,,,,,,0,0,,,,,
0021500230,62,3,12,1,7:56 PM,6:03,,,MISS Whiteside Free Throw 2 of 2,,,5,202355,Hassan Whiteside,1610612748.0,Miami,Heat,MIA,0,0,,,,,,0,0,,,,,
0021500230,64,4,0,1,7:56 PM,6:03,Porzingis REBOUND (Off:0 Def:2),,,,,4,204001,Kristaps Porzingis,1610612752.0,New York,Knicks,NYK,0,0,,,,,,0,0,,,,,
0021500230,65,2,1,1,7:57 PM,5:44,MISS Porzingis 15' Jump Shot,,,,,4,204001,Kristaps Porzingis,1610612752.0,New York,Knicks,NYK,0,0,,,,,,0,0,,,,,
0021500230,66,4,0,1,7:57 PM,5:42,,,Whiteside REBOUND (Off:3 Def:1),,,5,202355,Hassan Whiteside,1610612748.0,Miami,Heat,MIA,0,0,,,,,,0,0,,,,,
0021500230,67,5,1,1,7:57 PM,5:34,Porzingis STEAL (1 STL),,Whiteside Bad Pass Turnover (P1.T4),,,5,202355,Hassan Whiteside,1610612748.0,Miami,Heat,MIA,4,204001,Kristaps Porzingis,1610612752.0,New York,Knicks,NYK,0,0,,,,,
0021500230,68,6,2,1,7:57 PM,5:33,,,McRoberts S.FOUL (P1.T2) (B.Barnaky),,,5,201177,Josh McRoberts,1610612748.0,Miami,Heat,MIA,4,204001,Kristaps Porzingis,1610612752.0,New York,Knicks,NYK,1,0,,,,,
0021500230,69,3,11,1,7:57 PM,5:33,Porzingis Free Throw 1 of 2 (3 PTS),,,9 - 13,4,4,204001,Kristaps Porzingis,1610612752.0,New York,Knicks,NYK,0,0,,,,,,0,0,,,,,
0021500230,71,3,12,1,7:58 PM,5:33,MISS Porzingis Free Throw 2 of 2,,,,,4,204001,Kristaps Porzingis,1610612752.0,New York,Knicks,NYK,0,0,,,,,,0,0,,,,,
0021500230,73,4,0,1,7:58 PM,5:32,,,Dragic REBOUND (Off:0 Def:1),,,5,201609,Goran Dragic,1610612748.0,Miami,Heat,MIA,0,0,,,,,,0,0,,,,,
0021500230,74,2,1,1,7:58 PM,5:21,,,MISS Wade 5' Jump Shot,,,5,2548,Dwyane Wade,1610612748.0,Miami,Heat,MIA,0,0,,,,,,0,0,,,,,
0021500230,76,4,0,1,7:58 PM,5:20,,,Wade REBOUND (Off:1 Def:1),,,5,2548,Dwyane Wade,1610612748.0,Miami,Heat,MIA,0,0,,,,,,0,0,,,,,
0021500230,75,1,72,1,7:58 PM,5:20,,,Wade 2' Putback Layup (4 PTS),11 - 13,2,5,2548,Dwyane Wade,1610612748.0,Miami,Heat,MIA,0,0,,,,,,0,0,,,,,
0021500230,78,6,2,1,7:58 PM,5:20,O'Quinn S.FOUL (P1.T3) (B.Barnaky),,,,,4,203124,Kyle O'Quinn,1610612752.0,New York,Knicks,NYK,5,2548,Dwyane Wade,1610612748.0,Miami,Heat,MIA,1,0,,,,,
0021500230,77,8,0,1,7:58 PM,5:20,SUB: Thomas FOR Porzingis,,,,,4,204001,Kristaps Porzingis,1610612752.0,New York,Knicks,NYK,4,202498,Lance Thomas,1610612752.0,New York,Knicks,NYK,0,0,,,,,
0021500230,79,3,10,1,7:59 PM,5:20,,,Wade Free Throw 1 of 1 (5 PTS),12 - 13,1,5,2548,Dwyane Wade,1610612748.0,Miami,Heat,MIA,0,0,,,,,,0,0,,,,,
0021500230,81,1,5,1,7:59 PM,5:05,Anthony 3' Layup (6 PTS),,,12 - 15,3,4,2546,Carmelo Anthony,1610612752.0,New York,Knicks,NYK,0,0,,,,,,0,0,,,,,
0021500230,82,2,1,1,7:59 PM,4:39,Afflalo BLOCK (1 BLK),,MISS Wade 16' Jump Shot,,,5,2548,Dwyane Wade,1610612748.0,Miami,Heat,MIA,0,0,,,,,,4,201167,Arron Afflalo,1610612752.0,New York,Knicks,NYK
0021500230,83,4,0,1,7:59 PM,4:37,O'Quinn REBOUND (Off:1 Def:2),,,,,4,203124,Kyle O'Quinn,1610612752.0,New York,Knicks,NYK,0,0,,,,,,0,0,,,,,
0021500230,85,2,5,1,7:59 PM,4:33,MISS Afflalo 2' Layup,,,,,4,201167,Arron Afflalo,1610612752.0,New York,Knicks,NYK,0,0,,,,,,0,0,,,,,
0021500230,86,4,0,1,7:59 PM,4:31,,,Dragic REBOUND (Off:0 Def:2),,,5,201609,Goran Dragic,1610612748.0,Miami,Heat,MIA,0,0,,,,,,0,0,,,,,
0021500230,87,1,42,1,7:59 PM,4:27,,,Dragic 2' Driving Layup (2 PTS),14 - 15,1,5,201609,Goran Dragic,1610612748.0,Miami,Heat,MIA,0,0,,,,,,0,0,,,,,
0021500230,89,6,2,1,8:00 PM,4:10,,,Whiteside S.FOUL (P1.T3) (T.Maddox),,,5,202355,Hassan Whiteside,1610612748.0,Miami,Heat,MIA,4,203124,Kyle O'Quinn,1610612752.0,New York,Knicks,NYK,1,0,,,,,
0021500230,91,3,11,1,8:00 PM,4:10,MISS O'Quinn Free Throw 1 of 2,,,,,4,203124,Kyle O'Quinn,1610612752.0,New York,Knicks,NYK,0,0,,,,,,0,0,,,,,
0021500230,92,4,1,1,8:00 PM,4:10,KNICKS Rebound,,,,,2,1610612752,,,,,,0,0,,,,,,0,0,,,,,
0021500230,93,8,0,1,8:00 PM,4:10,SUB: Galloway FOR Afflalo,,,,,4,201167,Arron Afflalo,1610612752.0,New York,Knicks,NYK,4,204038,Langston Galloway,1610612752.0,New York,Knicks,NYK,0,0,,,,,
0021500230,94,8,0,1,8:00 PM,4:10,,,SUB: Johnson FOR Wade,,,5,2548,Dwyane Wade,1610612748.0,Miami,Heat,MIA,5,204020,Tyler Johnson,1610612748.0,Miami,Heat,MIA,0,0,,,,,
0021500230,95,3,12,1,8:00 PM,4:10,O'Quinn Free Throw 2 of 2 (1 PTS),,,14 - 16,2,4,203124,Kyle O'Quinn,1610612752.0,New York,Knicks,NYK,0,0,,,,,,0,0,,,,,
0021500230,98,6,2,1,8:01 PM,4:01,Calderon S.FOUL (P1.T4) (D.Stafford),,,,,4,101181,Jose Calderon,1610612752.0,New York,Knicks,NYK,5,201609,Goran Dragic,1610612748.0,Miami,Heat,MIA,1,0,,,,,
0021500230,99,3,13,1,8:01 PM,4:01,,,Dragic Free Throw 1 of 3 (3 PTS),15 - 16,1,5,201609,Goran Dragic,1610612748.0,Miami,Heat,MIA,0,0,,,,,,0,0,,,,,
0021500230,102,3,14,1,8:01 PM,4:01,,,Dragic Free Throw 2 of 3 (4 PTS),16 - 16,TIE,5,201609,Goran Dragic,1610612748.0,Miami,Heat,MIA,0,0,,,,,,0,0,,,,,
0021500230,105,3,15,1,8:02 PM,4:01,,,Dragic Free Throw 3 of 3 (5 PTS),17 - 16,-1,5,201609,Goran Dragic,1610612748.0,Miami,Heat,MIA,0,0,,,,,,0,0,,,,,
0021500230,108,2,1,1,8:02 PM,3:37,MISS Thomas 25' 3PT Jump Shot,,,,,4,202498,Lance Thomas,1610612752.0,New York,Knicks,NYK,0,0,,,,,,0,0,,,,,
0021500230,109,4,0,1,8:02 PM,3:35,Anthony REBOUND (Off:1 Def:1),,,,,4,2546,Carmelo Anthony,1610612752.0,New York,Knicks,NYK,0,0,,,,,,0,0,,,,,
0021500230,110,2,1,1,8:02 PM,3:34,MISS Anthony 4' Jump Shot,,,,,4,2546,Carmelo Anthony,1610612752.0,New York,Knicks,NYK,0,0,,,,,,0,0,,,,,
0021500230,111,4,0,1,8:02 PM,3:34,O'Quinn REBOUND (Off:2 Def:2),,,,,4,203124,Kyle O'Quinn,1610612752.0,New York,Knicks,NYK,0,0,,,,,,0,0,,,,,
0021500230,112,6,2,1,8:02 PM,3:34,,,Johnson S.FOUL (P1.T4) (B.Barnaky),,,5,204020,Tyler Johnson,1610612748.0,Miami,Heat,MIA,4,203124,Kyle O'Quinn,1610612752.0,New York,Knicks,NYK,1,0,,,,,
0021500230,113,3,11,1,8:03 PM,3:34,O'Quinn Free Throw 1 of 2 (2 PTS),,,17 - 17,TIE,4,203124,Kyle O'Quinn,1610612752.0,New York,Knicks,NYK,0,0,,,,,,0,0,,,,,
0021500230,115,8,0,1,8:03 PM,3:34,SUB: Grant FOR Calderon,,,,,4,101181,Jose Calderon,1610612752.0,New York,Knicks,NYK,4,1626170,Jerian Grant,1610612752.0,New York,Knicks,NYK,0,0,,,,,
0021500230,116,3,12,1,8:03 PM,3:34,O'Quinn Free Throw 2 of 2 (3 PTS),,,17 - 18,1,4,203124,Kyle O'Quinn,1610612752.0,New York,Knicks,NYK,0,0,,,,,,0,0,,,,,
0021500230,118,1,46,1,8:03 PM,3:15,,,Johnson 3' Running Jump Shot (2 PTS) (Dragic 2 AST),19 - 18,-1,5,204020,Tyler Johnson,1610612748.0,Miami,Heat,MIA,5,201609,Goran Dragic,1610612748.0,Miami,Heat,MIA,0,0,,,,,
0021500230,119,1,52,1,8:04 PM,2:57,Anthony  Alley Oop Dunk (8 PTS) (O'Quinn 3 AST),,,19 - 20,1,4,2546,Carmelo Anthony,1610612752.0,New York,Knicks,NYK,4,203124,Kyle O'Quinn,1610612752.0,New York,Knicks,NYK,0,0,,,,,
0021500230,120,1,1,1,8:04 PM,2:42,,,Winslow  3PT Jump Shot (3 PTS) (Dragic 3 AST),22 - 20,-2,5,1626159,Justise Winslow,1610612748.0,Miami,Heat,MIA,5,201609,Goran Dragic,1610612748.0,Miami,Heat,MIA,0,0,,,,,
0021500230,121,1,1,1,8:04 PM,2:24,Anthony 25' 3PT Jump Shot (11 PTS) (Thomas 1 AST),,,22 - 23,1,4,2546,Carmelo Anthony,1610612752.0,New York,Knicks,NYK,4,202498,Lance Thomas,1610612752.0,New York,Knicks,NYK,0,0,,,,,
0021500230,122,6,2,1,8:05 PM,1:59,O'Quinn S.FOUL (P2.PN) (B.Barnaky),,,,,4,203124,Kyle O'Quinn,1610612752.0,New York,Knicks,NYK,5,204020,Tyler Johnson,1610612748.0,Miami,Heat,MIA,1,0,,,,,
0021500230,123,9,1,1,8:05 PM,1:59,KNICKS Timeout: Regular (Full 1 Short 0),,,,,2,1610612752,,,,,,0,0,,,,,,0,0,,,,,
0021500230,125,8,0,1,8:07 PM,1:59,SUB: Seraphin FOR O'Quinn,,,,,4,203124,Kyle O'Quinn,1610612752.0,New York,Knicks,NYK,4,202338,Kevin Seraphin,1610612752.0,New York,Knicks,NYK,0,0,,,,,
0021500230,126,8,0,1,8:07 PM,1:59,,,SUB: Bosh FOR Whiteside,,,5,202355,Hassan Whiteside,1610612748.0,Miami,Heat,MIA,5,2547,Chris Bosh,1610612748.0,Miami,Heat,MIA,0,0,,,,,
0021500230,127,3,11,1,8:07 PM,1:59,,,Johnson Free Throw 1 of 2 (3 PTS),23 - 23,TIE,5,204020,Tyler Johnson,1610612748.0,Miami,Heat,MIA,0,0,,,,,,0,0,,,,,
0021500230,129,3,12,1,8:08 PM,1:59,,,Johnson Free Throw 2 of 2 (4 PTS),24 - 23,-1,5,204020,Tyler Johnson,1610612748.0,Miami,Heat,MIA,0,0,,,,,,0,0,,,,,
0021500230,131,2,42,1,8:08 PM,1:48,MISS Grant 3' Driving Layup,,,,,4,1626170,Jerian Grant,1610612752.0,New York,Knicks,NYK,0,0,,,,,,0,0,,,,,
0021500230,132,4,0,1,8:08 PM,1:46,,,Winslow REBOUND (Off:0 Def:1),,,5,1626159,Justise Winslow,1610612748.0,Miami,Heat,MIA,0,0,,,,,,0,0,,,,,
0021500230,133,2,42,1,8:08 PM,1:42,Anthony BLOCK (1 BLK),,MISS Dragic 2' Driving Layup,,,5,201609,Goran Dragic,1610612748.0,Miami,Heat,MIA,0,0,,,,,,4,2546,Carmelo Anthony,1610612752.0,New York,Knicks,NYK
0021500230,134,4,0,1,8:08 PM,1:40,Galloway REBOUND (Off:0 Def:1),,,,,4,204038,Langston Galloway,1610612752.0,New York,Knicks,NYK,0,0,,,,,,0,0,,,,,
0021500230,135,1,3,1,8:08 PM,1:25,Seraphin 4' Hook Shot (2 PTS),,,24 - 25,1,4,202338,Kevin Seraphin,1610612752.0,New York,Knicks,NYK,0,0,,,,,,0,0,,,,,
0021500230,136,6,4,1,8:09 PM,1:14,,,McRoberts OFF.Foul (P2) (T.Maddox),,,5,201177,Josh McRoberts,1610612748.0,Miami,Heat,MIA,4,2546,Carmelo Anthony,1610612752.0,New York,Knicks,NYK,1,0,,,,,
0021500230,137,5,5,1,8:09 PM,1:14,,,McRoberts Foul Turnover (P1.T5),,,5,201177,Josh McRoberts,1610612748.0,Miami,Heat,MIA,0,0,,,,,,1,0,,,,,
0021500230,138,8,0,1,8:09 PM,1:14,SUB: Williams FOR Anthony,,,,,4,2546,Carmelo Anthony,1610612752.0,New York,Knicks,NYK,4,202682,Derrick Williams,1610612752.0,New York,Knicks,NYK,0,0,,,,,
0021500230,139,1,5,1,8:09 PM,0:51,Grant 1' Layup (2 PTS) (Seraphin 1 AST),,,24 - 27,3,4,1626170,Jerian Grant,1610612752.0,New York,Knicks,NYK,4,202338,Kevin Seraphin,1610612752.0,New York,Knicks,NYK,0,0,,,,,
0021500230,143,2,66,1,8:10 PM,0:35,,,MISS Johnson 8' Jump Bank Shot,,,5,204020,Tyler Johnson,1610612748.0,Miami,Heat,MIA,0,0,,,,,,0,0,,,,,
0021500230,141,4,0,1,8:10 PM,0:34,Seraphin REBOUND (Off:0 Def:1),,,,,4,202338,Kevin Seraphin,1610612752.0,New York,Knicks,NYK,0,0,,,,,,0,0,,,,,
0021500230,142,2,1,1,8:10 PM,0:28,MISS Galloway 22' Jump Shot,,,,,4,204038,Langston Galloway,1610612752.0,New York,Knicks,NYK,0,0,,,,,,0,0,,,,,
0021500230,144,4,0,1,8:10 PM,0:26,,,Winslow REBOUND (Off:0 Def:2),,,5,1626159,Justise Winslow,1610612748.0,Miami,Heat,MIA,0,0,,,,,,0,0,,,,,
0021500230,145,6,2,1,8:10 PM,0:11,Thomas S.FOUL (P1.PN) (D.Stafford),,,,,4,202498,Lance Thomas,1610612752.0,New York,Knicks,NYK,5,2547,Chris Bosh,1610612748.0,Miami,Heat,MIA,1,0,,,,,
0021500230,146,3,11,1,8:10 PM,0:11,,,Bosh Free Throw 1 of 2 (1 PTS),25 - 27,2,5,2547,Chris Bosh,1610612748.0,Miami,Heat,MIA,0,0,,,,,,0,0,,,,,
0021500230,148,8,0,1,8:11 PM,0:11,,,SUB: Haslem FOR McRoberts,,,5,201177,Josh McRoberts,1610612748.0,Miami,Heat,MIA,5,2617,Udonis Haslem,1610612748.0,Miami,Heat,MIA,0,0,,,,,
0021500230,149,8,0,1,8:11 PM,0:11,,,SUB: Green FOR Dragic,,,5,201609,Goran Dragic,1610612748.0,Miami,Heat,MIA,5,101123,Gerald Green,1610612748.0,Miami,Heat,MIA,0,0,,,,,
0021500230,151,3,12,1,8:11 PM,0:11,,,Bosh Free Throw 2 of 2 (2 PTS),26 - 27,1,5,2547,Chris Bosh,1610612748.0,Miami,Heat,MIA,0,0,,,,,,0,0,,,,,
0021500230,154,2,1,1,8:11 PM,0:00,MISS Galloway 18' Jump Shot,,,,,4,204038,Langston Galloway,1610612752.0,New York,Knicks,NYK,0,0,,,,,,0,0,,,,,
0021500230,155,4,0,1,8:11 PM,0:00,KNICKS Rebound,,,,,2,1610612752,,,,,,0,0,,,,,,0,0,,,,,
0021500230,157,13,0,1,8:11 PM,0:00,,,,26 - 27,1,0,0,,,,,,0,0,,,,,,0,0,,,,,
0021500230,159,12,0,2,8:14 PM,12:00,,,,26 - 27,1,0,0,,,,,,0,0,,,,,,0,0,,,,,
0021500230,160,6,4,2,8:14 PM,11:46,Williams OFF.Foul (P1) (D.Stafford),,,,,4,202682,Derrick Williams,1610612752.0,New York,Knicks,NYK,5,2617,Udonis Haslem,1610612748.0,Miami,Heat,MIA,1,0,,,,,
0021500230,161,5,5,2,8:14 PM,11:46,Williams Foul Turnover (P1.T3),,,,,4,202682,Derrick Williams,1610612752.0,New York,Knicks,NYK,0,0,,,,,,1,0,,,,,
0021500230,162,6,4,2,8:15 PM,11:39,,,Green OFF.Foul (P2) (B.Barnaky),,,5,101123,Gerald Green,1610612748.0,Miami,Heat,MIA,4,202498,Lance Thomas,1610612752.0,New York,Knicks,NYK,1,0,,,,,
0021500230,163,5,5,2,8:15 PM,11:39,,,Green Foul Turnover (P2.T6),,,5,101123,Gerald Green,1610612748.0,Miami,Heat,MIA,0,0,,,,,,1,0,,,,,
0021500230,164,6,4,2,8:15 PM,11:29,Seraphin OFF.Foul (P1) (T.Maddox),,,,,4,202338,Kevin Seraphin,1610612752.0,New York,Knicks,NYK,5,2617,Udonis Haslem,1610612748.0,Miami,Heat,MIA,1,0,,,,,
0021500230,165,5,5,2,8:15 PM,11:29,Seraphin Foul Turnover (P1.T4),,,,,4,202338,Kevin Seraphin,1610612752.0,New York,Knicks,NYK,0,0,,,,,,1,0,,,,,
0021500230,166,8,0,2,8:15 PM,11:29,,,SUB: Udrih FOR Green,,,5,101123,Gerald Green,1610612748.0,Miami,Heat,MIA,5,2757,Beno Udrih,1610612748.0,Miami,Heat,MIA,0,0,,,,,
0021500230,167,6,11,2,8:16 PM,11:29,,,Green T.FOUL (P2.T0) (B.Barnaky),,,5,101123,Gerald Green,1610612748.0,Miami,Heat,MIA,0,0,,,,,,1,0,,,,,
0021500230,168,3,16,2,8:16 PM,11:29,Galloway Free Throw Technical (1 PTS),,,26 - 28,2,4,204038,Langston Galloway,1610612752.0,New York,Knicks,NYK,0,0,,,,,,0,0,,,,,
0021500230,170,2,1,2,8:16 PM,11:14,,,MISS Bosh 7' Jump Shot,,,5,2547,Chris Bosh,1610612748.0,Miami,Heat,MIA,0,0,,,,,,0,0,,,,,
0021500230,171,4,0,2,8:16 PM,11:12,KNICKS Rebound,,,,,2,1610612752,,,,,,0,0,,,,,,0,0,,,,,
0021500230,172,2,1,2,8:17 PM,10:49,MISS Williams 25' 3PT Jump Shot,,,,,4,202682,Derrick Williams,1610612752.0,New York,Knicks,NYK,0,0,,,,,,0,0,,,,,
0021500230,173,4,0,2,8:17 PM,10:47,,,Bosh REBOUND (Off:0 Def:3),,,5,2547,Chris Bosh,1610612748.0,Miami,Heat,MIA,0,0,,,,,,0,0,,,,,
0021500230,174,2,1,2,8:17 PM,10:36,,,MISS Haslem 12' Jump Shot,,,5,2617,Udonis Haslem,1610612748.0,Miami,Heat,MIA,0,0,,,,,,0,0,,,,,
0021500230,175,4,0,2,8:17 PM,10:34,Seraphin REBOUND (Off:0 Def:2),,,,,4,202338,Kevin Seraphin,1610612752.0,New York,Knicks,NYK,0,0,,,,,,0,0,,,,,
0021500230,176,2,42,2,8:17 PM,10:30,MISS Galloway 2' Driving Layup,,,,,4,204038,Langston Galloway,1610612752.0,New York,Knicks,NYK,0,0,,,,,,0,0,,,,,
0021500230,177,4,0,2,8:17 PM,10:29,,,Heat Rebound,,,3,1610612748,,,,,,0,0,,,,,,0,0,,,,,
0021500230,178,5,40,2,8:18 PM,10:14,,,Udrih Out of Bounds Lost Ball Turnover (P1.T7),,,5,2757,Beno Udrih,1610612748.0,Miami,Heat,MIA,0,0,,,,,,0,0,,,,,
0021500230,179,6,1,2,8:18 PM,10:03,,,Udrih P.FOUL (P1.T1) (T.Maddox),,,5,2757,Beno Udrih,1610612748.0,Miami,Heat,MIA,4,1626170,Jerian Grant,1610612752.0,New York,Knicks,NYK,1,0,,,,,
0021500230,180,6,2,2,8:18 PM,9:57,,,Haslem S.FOUL (P1.T2) (D.Stafford),,,5,2617,Udonis Haslem,1610612748.0,Miami,Heat,MIA,4,202498,Lance Thomas,1610612752.0,New York,Knicks,NYK,1,0,,,,,
0021500230,181,3,11,2,8:19 PM,9:57,Thomas Free Throw 1 of 2 (1 PTS),,,26 - 29,3,4,202498,Lance Thomas,1610612752.0,New York,Knicks,NYK,0,0,,,,,,0,0,,,,,
0021500230,183,3,12,2,8:19 PM,9:57,Thomas Free Throw 2 of 2 (2 PTS),,,26 - 30,4,4,202498,Lance Thomas,1610612752.0,New York,Knicks,NYK,0,0,,,,,,0,0,,,,,
0021500230,185,1,66,2,8:20 PM,9:45,,,Bosh 8' Jump Bank Shot (4 PTS) (Udrih 1 AST),28 - 30,2,5,2547,Chris Bosh,1610612748.0,Miami,Heat,MIA,5,2757,Beno Udrih,1610612748.0,Miami,Heat,MIA,0,0,,,,,
0021500230,187,8,0,2,8:20 PM,9:31,SUB: Porzingis FOR Thomas,,,,,4,202498,Lance Thomas,1610612752.0,New York,Knicks,NYK,4,204001,Kristaps Porzingis,1610612752.0,New York,Knicks,NYK,0,0,,,,,
0021500230,188,1,42,2,8:20 PM,9:27,Grant 1' Driving Layup (4 PTS),,,28 - 32,4,4,1626170,Jerian Grant,1610612752.0,New York,Knicks,NYK,0,0,,,,,,0,0,,,,,
0021500230,189,6,2,2,8:21 PM,9:06,Porzingis S.FOUL (P1.T1) (D.Stafford),,,,,4,204001,Kristaps Porzingis,1610612752.0,New York,Knicks,NYK,5,2547,Chris Bosh,1610612748.0,Miami,Heat,MIA,1,0,,,,,
0021500230,190,3,11,2,8:21 PM,9:06,,,Bosh Free Throw 1 of 2 (5 PTS),29 - 32,3,5,2547,Chris Bosh,1610612748.0,Miami,Heat,MIA,0,0,,,,,,0,0,,,,,
0021500230,192,8,0,2,8:21 PM,9:06,,,SUB: Wade FOR Udrih,,,5,2757,Beno Udrih,1610612748.0,Miami,Heat,MIA,5,2548,Dwyane Wade,1610612748.0,Miami,Heat,MIA,0,0,,,,,
0021500230,193,3,12,2,8:21 PM,9:06,,,MISS Bosh Free Throw 2 of 2,,,5,2547,Chris Bosh,1610612748.0,Miami,Heat,MIA,0,0,,,,,,0,0,,,,,
0021500230,195,4,0,2,8:21 PM,9:05,Porzingis REBOUND (Off:0 Def:3),,,,,4,204001,Kristaps Porzingis,1610612752.0,New York,Knicks,NYK,0,0,,,,,,0,0,,,,,
0021500230,196,1,1,2,8:21 PM,8:56,Seraphin 13' Jump Shot (4 PTS) (Grant 1 AST),,,29 - 34,5,4,202338,Kevin Seraphin,1610612752.0,New York,Knicks,NYK,4,1626170,Jerian Grant,1610612752.0,New York,Knicks,NYK,0,0,,,,,
0021500230,197,1,1,2,8:22 PM,8:39,,,Bosh 24' 3PT Jump Shot (8 PTS) (Wade 1 AST),32 - 34,2,5,2547,Chris Bosh,1610612748.0,Miami,Heat,MIA,5,2548,Dwyane Wade,1610612748.0,Miami,Heat,MIA,0,0,,,,,
0021500230,198,1,1,2,8:22 PM,8:23,Galloway  3PT Jump Shot (4 PTS),,,32 - 37,5,4,204038,Langston Galloway,1610612752.0,New York,Knicks,NYK,0,0,,,,,,0,0,,,,,
0021500230,199,1,1,2,8:22 PM,8:07,,,Bosh 18' Jump Shot (10 PTS) (Johnson 1 AST),34 - 37,3,5,2547,Chris Bosh,1610612748.0,Miami,Heat,MIA,5,204020,Tyler Johnson,1610612748.0,Miami,Heat,MIA,0,0,,,,,
0021500230,200,2,1,2,8:23 PM,7:51,MISS Porzingis 25' 3PT Jump Shot,,,,,4,204001,Kristaps Porzingis,1610612752.0,New York,Knicks,NYK,0,0,,,,,,0,0,,,,,
0021500230,201,4,0,2,8:23 PM,7:49,,,Winslow REBOUND (Off:0 Def:3),,,5,1626159,Justise Winslow,1610612748.0,Miami,Heat,MIA,0,0,,,,,,0,0,,,,,
0021500230,202,2,1,2,8:23 PM,7:38,,,MISS Bosh 7' Jump Shot,,,5,2547,Chris Bosh,1610612748.0,Miami,Heat,MIA,0,0,,,,,,0,0,,,,,
0021500230,203,4,0,2,8:23 PM,7:36,Galloway REBOUND (Off:0 Def:2),,,,,4,204038,Langston Galloway,1610612752.0,New York,Knicks,NYK,0,0,,,,,,0,0,,,,,
0021500230,204,6,2,2,8:23 PM,7:33,,,Bosh S.FOUL (P1.T3) (T.Maddox),,,5,2547,Chris Bosh,1610612748.0,Miami,Heat,MIA,4,204038,Langston Galloway,1610612752.0,New York,Knicks,NYK,1,0,,,,,
0021500230,205,9,4,2,8:23 PM,7:33,,,,,,1,0,,,,,,0,0,,,,,,0,0,,,,,
0021500230,207,8,0,2,8:25 PM,7:33,,,SUB: Whiteside FOR Haslem,,,5,2617,Udonis Haslem,1610612748.0,Miami,Heat,MIA,5,202355,Hassan Whiteside,1610612748.0,Miami,Heat,MIA,0,0,,,,,
0021500230,209,3,11,2,8:26 PM,7:33,MISS Galloway Free Throw 1 of 2,,,,,4,204038,Langston Galloway,1610612752.0,New York,Knicks,NYK,0,0,,,,,,0,0,,,,,
0021500230,210,4,1,2,8:26 PM,7:33,KNICKS Rebound,,,,,2,1610612752,,,,,,0,0,,,,,,0,0,,,,,
0021500230,211,8,0,2,8:26 PM,7:33,SUB: Lopez FOR Seraphin,,,,,4,202338,Kevin Seraphin,1610612752.0,New York,Knicks,NYK,4,201577,Robin Lopez,1610612752.0,New York,Knicks,NYK,0,0,,,,,
0021500230,212,3,12,2,8:26 PM,7:33,MISS Galloway Free Throw 2 of 2,,,,,4,204038,Langston Galloway,1610612752.0,New York,Knicks,NYK,0,0,,,,,,0,0,,,,,
0021500230,214,4,0,2,8:27 PM,7:32,,,Heat Rebound,,,3,1610612748,,,,,,0,0,,,,,,0,0,,,,,
0021500230,215,2,1,2,8:27 PM,7:17,,,MISS Wade 5' Jump Shot,,,5,2548,Dwyane Wade,1610612748.0,Miami,Heat,MIA,0,0,,,,,,0,0,,,,,
0021500230,216,4,0,2,8:27 PM,7:15,Lopez REBOUND (Off:0 Def:1),,,,,4,201577,Robin Lopez,1610612752.0,New York,Knicks,NYK,0,0,,,,,,0,0,,,,,
0021500230,217,1,42,2,8:27 PM,7:09,Williams 2' Driving Layup (2 PTS) (Grant 2 AST),,,34 - 39,5,4,202682,Derrick Williams,1610612752.0,New York,Knicks,NYK,4,1626170,Jerian Grant,1610612752.0,New York,Knicks,NYK,0,0,,,,,
0021500230,218,2,5,2,8:27 PM,6:55,,,MISS Winslow 3' Layup,,,5,1626159,Justise Winslow,1610612748.0,Miami,Heat,MIA,0,0,,,,,,0,0,,,,,
0021500230,219,4,0,2,8:27 PM,6:52,,,Whiteside REBOUND (Off:4 Def:1),,,5,202355,Hassan Whiteside,1610612748.0,Miami,Heat,MIA,0,0,,,,,,0,0,,,,,
0021500230,220,8,0,2,8:28 PM,6:51,SUB: Anthony FOR Williams,,,,,4,202682,Derrick Williams,1610612752.0,New York,Knicks,NYK,4,2546,Carmelo Anthony,1610612752.0,New York,Knicks,NYK,0,0,,,,,
0021500230,221,10,0,2,8:28 PM,6:48,Jump Ball Galloway vs. Whiteside: Tip to Wade,,,,,4,204038,Langston Galloway,1610612752.0,New York,Knicks,NYK,5,202355,Hassan Whiteside,1610612748.0,Miami,Heat,MIA,5,2548,Dwyane Wade,1610612748.0,Miami,Heat,MIA
0021500230,222,1,47,2,8:28 PM,6:43,,,Johnson 15' Turnaround Jump Shot (6 PTS),36 - 39,3,5,204020,Tyler Johnson,1610612748.0,Miami,Heat,MIA,0,0,,,,,,0,0,,,,,
0021500230,223,1,71,2,8:29 PM,6:27,Grant 3' Finger Roll Layup (6 PTS),,,36 - 41,5,4,1626170,Jerian Grant,1610612752.0,New York,Knicks,NYK,0,0,,,,,,0,0,,,,,
0021500230,224,2,1,2,8:29 PM,6:08,,,MISS Bosh 24' 3PT Jump Shot,,,5,2547,Chris Bosh,1610612748.0,Miami,Heat,MIA,0,0,,,,,,0,0,,,,,
0021500230,225,4,0,2,8:29 PM,6:06,Lopez REBOUND (Off:0 Def:2),,,,,4,201577,Robin Lopez,1610612752.0,New York,Knicks,NYK,0,0,,,,,,0,0,,,,,
0021500230,226,1,52,2,8:29 PM,6:02,Porzingis  Alley Oop Dunk (5 PTS) (Galloway 1 AST),,,36 - 43,7,4,204001,Kristaps Porzingis,1610612752.0,New York,Knicks,NYK,4,204038,Langston Galloway,1610612752.0,New York,Knicks,NYK,0,0,,,,,
0021500230,227,9,1,2,8:29 PM,6:00,,,Heat Timeout: Regular (Reg.2 Short 0),,,3,1610612748,,,,,,0,0,,,,,,0,0,,,,,
0021500230,229,8,0,2,8:31 PM,6:00,SUB: Afflalo FOR Galloway,,,,,4,204038,Langston Galloway,1610612752.0,New York,Knicks,NYK,4,201167,Arron Afflalo,1610612752.0,New York,Knicks,NYK,0,0,,,,,
0021500230,230,8,0,2,8:31 PM,6:00,,,SUB: McRoberts FOR Bosh,,,5,2547,Chris Bosh,1610612748.0,Miami,Heat,MIA,5,201177,Josh McRoberts,1610612748.0,Miami,Heat,MIA,0,0,,,,,
0021500230,231,8,0,2,8:31 PM,6:00,,,SUB: Dragic FOR Johnson,,,5,204020,Tyler Johnson,1610612748.0,Miami,Heat,MIA,5,201609,Goran Dragic,1610612748.0,Miami,Heat,MIA,0,0,,,,,
0021500230,232,6,1,2,8:32 PM,5:45,Afflalo P.FOUL (P1.T2) (B.Barnaky),,,,,4,201167,Arron Afflalo,1610612752.0,New York,Knicks,NYK,5,2548,Dwyane Wade,1610612748.0,Miami,Heat,MIA,1,0,,,,,
0021500230,233,2,47,2,8:32 PM,5:37,,,MISS Wade 11' Turnaround Jump Shot,,,5,2548,Dwyane Wade,1610612748.0,Miami,Heat,MIA,0,0,,,,,,0,0,,,,,
0021500230,234,4,0,2,8:32 PM,5:35,Afflalo REBOUND (Off:0 Def:1),,,,,4,201167,Arron Afflalo,1610612752.0,New York,Knicks,NYK,0,0,,,,,,0,0,,,,,
0021500230,235,2,3,2,8:33 PM,5:28,MISS Porzingis 2' Hook Shot,,,,,4,204001,Kristaps Porzingis,1610612752.0,New York,Knicks,NYK,0,0,,,,,,0,0,,,,,
0021500230,236,4,0,2,8:33 PM,5:26,,,Whiteside REBOUND (Off:4 Def:2),,,5,202355,Hassan Whiteside,1610612748.0,Miami,Heat,MIA,0,0,,,,,,0,0,,,,,
0021500230,237,1,101,2,8:33 PM,5:16,,,McRoberts 3' Driving Floating Jump Shot (2 PTS),38 - 43,5,5,201177,Josh McRoberts,1610612748.0,Miami,Heat,MIA,0,0,,,,,,0,0,,,,,
0021500230,238,6,2,2,8:33 PM,5:16,Porzingis S.FOUL (P2.T3) (D.Stafford),,,,,4,204001,Kristaps Porzingis,1610612752.0,New York,Knicks,NYK,5,201177,Josh McRoberts,1610612748.0,Miami,Heat,MIA,1,0,,,,,
0021500230,239,8,0,2,8:33 PM,5:16,SUB: Calderon FOR Grant,,,,,4,1626170,Jerian Grant,1610612752.0,New York,Knicks,NYK,4,101181,Jose Calderon,1610612752.0,New York,Knicks,NYK,0,0,,,,,
0021500230,240,3,10,2,8:33 PM,5:16,,,MISS McRoberts Free Throw 1 of 1,,,5,201177,Josh McRoberts,1610612748.0,Miami,Heat,MIA,0,0,,,,,,0,0,,,,,
0021500230,242,4,0,2,8:33 PM,5:16,Porzingis REBOUND (Off:0 Def:4),,,,,4,204001,Kristaps Porzingis,1610612752.0,New York,Knicks,NYK,0,0,,,,,,0,0,,,,,
0021500230,243,2,5,2,8:34 PM,4:57,MISS Lopez 2' Layup,,,,,4,201577,Robin Lopez,1610612752.0,New York,Knicks,NYK,0,0,,,,,,0,0,,,,,
0021500230,244,4,0,2,8:34 PM,4:55,,,Whiteside REBOUND (Off:4 Def:3),,,5,202355,Hassan Whiteside,1610612748.0,Miami,Heat,MIA,0,0,,,,,,0,0,,,,,
0021500230,245,2,1,2,8:34 PM,4:44,,,MISS Winslow  3PT Jump Shot,,,5,1626159,Justise Winslow,1610612748.0,Miami,Heat,MIA,0,0,,,,,,0,0,,,,,
0021500230,246,4,0,2,8:34 PM,4:42,Porzingis REBOUND (Off:0 Def:5),,,,,4,204001,Kristaps Porzingis,1610612752.0,New York,Knicks,NYK,0,0,,,,,,0,0,,,,,
0021500230,247,1,5,2,8:34 PM,4:26,Afflalo 2' Layup (4 PTS),,,38 - 45,7,4,201167,Arron Afflalo,1610612752.0,New York,Knicks,NYK,0,0,,,,,,0,0,,,,,
0021500230,248,2,58,2,8:34 PM,4:07,,,MISS Wade 3' Turnaround Hook Shot,,,5,2548,Dwyane Wade,1610612748.0,Miami,Heat,MIA,0,0,,,,,,0,0,,,,,
0021500230,249,4,0,2,8:35 PM,4:06,,,Heat Rebound,,,3,1610612748,,,,,,0,0,,,,,,0,0,,,,,
0021500230,250,6,3,2,8:35 PM,4:06,Afflalo L.B.FOUL (P2.T4) (T.Maddox),,,,,4,201167,Arron Afflalo,1610612752.0,New York,Knicks,NYK,5,202355,Hassan Whiteside,1610612748.0,Miami,Heat,MIA,1,0,,,,,
0021500230,251,5,1,2,8:35 PM,3:56,Porzingis STEAL (2 STL),,Wade Bad Pass Turnover (P1.T8),,,5,2548,Dwyane Wade,1610612748.0,Miami,Heat,MIA,4,204001,Kristaps Porzingis,1610612752.0,New York,Knicks,NYK,0,0,,,,,
0021500230,252,2,1,2,8:35 PM,3:40,MISS Afflalo 24' Jump Shot,,,,,4,201167,Arron Afflalo,1610612752.0,New York,Knicks,NYK,0,0,,,,,,0,0,,,,,
0021500230,253,4,0,2,8:35 PM,3:39,KNICKS Rebound,,,,,2,1610612752,,,,,,0,0,,,,,,0,0,,,,,
0021500230,254,8,0,2,8:35 PM,3:39,,,SUB: Bosh FOR McRoberts,,,5,201177,Josh McRoberts,1610612748.0,Miami,Heat,MIA,5,2547,Chris Bosh,1610612748.0,Miami,Heat,MIA,0,0,,,,,
0021500230,255,2,47,2,8:36 PM,3:24,MISS Anthony 10' Turnaround Jump Shot,,,,,4,2546,Carmelo Anthony,1610612752.0,New York,Knicks,NYK,0,0,,,,,,0,0,,,,,
0021500230,256,4,0,2,8:36 PM,3:23,,,Heat Rebound,,,3,1610612748,,,,,,0,0,,,,,,0,0,,,,,
0021500230,257,6,1,2,8:36 PM,3:18,Porzingis P.FOUL (P3.PN) (D.Stafford),,,,,4,204001,Kristaps Porzingis,1610612752.0,New York,Knicks,NYK,5,2547,Chris Bosh,1610612748.0,Miami,Heat,MIA,1,0,,,,,
0021500230,258,3,11,2,8:36 PM,3:18,,,Bosh Free Throw 1 of 2 (11 PTS),39 - 45,6,5,2547,Chris Bosh,1610612748.0,Miami,Heat,MIA,0,0,,,,,,0,0,,,,,
0021500230,260,8,0,2,8:37 PM,3:18,SUB: O'Quinn FOR Porzingis,,,,,4,204001,Kristaps Porzingis,1610612752.0,New York,Knicks,NYK,4,203124,Kyle O'Quinn,1610612752.0,New York,Knicks,NYK,0,0,,,,,
0021500230,261,3,12,2,8:37 PM,3:18,,,Bosh Free Throw 2 of 2 (12 PTS),40 - 45,5,5,2547,Chris Bosh,1610612748.0,Miami,Heat,MIA,0,0,,,,,,0,0,,,,,
0021500230,263,2,1,2,8:37 PM,3:03,MISS Calderon 25' 3PT Jump Shot,,,,,4,101181,Jose Calderon,1610612752.0,New York,Knicks,NYK,0,0,,,,,,0,0,,,,,
0021500230,264,4,0,2,8:37 PM,3:01,KNICKS Rebound,,,,,2,1610612752,,,,,,0,0,,,,,,0,0,,,,,
0021500230,265,2,1,2,8:38 PM,2:59,MISS Afflalo 17' Jump Shot,,,,,4,201167,Arron Afflalo,1610612752.0,New York,Knicks,NYK,0,0,,,,,,0,0,,,,,
0021500230,266,4,0,2,8:38 PM,2:57,,,Wade REBOUND (Off:1 Def:2),,,5,2548,Dwyane Wade,1610612748.0,Miami,Heat,MIA,0,0,,,,,,0,0,,,,,
0021500230,267,1,42,2,8:38 PM,2:48,,,Bosh 3' Driving Layup (14 PTS),42 - 45,3,5,2547,Chris Bosh,1610612748.0,Miami,Heat,MIA,0,0,,,,,,0,0,,,,,
0021500230,268,9,1,2,8:38 PM,2:40,KNICKS Timeout: Regular (Full 2 Short 0),,,,,2,1610612752,,,,,,0,0,,,,,,0,0,,,,,
0021500230,272,1,5,2,8:41 PM,2:32,O'Quinn 2' Layup (5 PTS) (Anthony 1 AST),,,42 - 47,5,4,203124,Kyle O'Quinn,1610612752.0,New York,Knicks,NYK,4,2546,Carmelo Anthony,1610612752.0,New York,Knicks,NYK,0,0,,,,,
0021500230,273,2,1,2,8:41 PM,2:18,,,MISS Bosh 11' Jump Shot,,,5,2547,Chris Bosh,1610612748.0,Miami,Heat,MIA,0,0,,,,,,0,0,,,,,
0021500230,274,4,0,2,8:41 PM,2:17,,,Heat Rebound,,,3,1610612748,,,,,,0,0,,,,,,0,0,,,,,
0021500230,275,6,3,2,8:41 PM,2:17,Lopez L.B.FOUL (P3.PN) (D.Stafford),,,,,4,201577,Robin Lopez,1610612752.0,New York,Knicks,NYK,5,202355,Hassan Whiteside,1610612748.0,Miami,Heat,MIA,1,0,,,,,
0021500230,276,3,11,2,8:41 PM,2:17,,,Whiteside Free Throw 1 of 2 (3 PTS),43 - 47,4,5,202355,Hassan Whiteside,1610612748.0,Miami,Heat,MIA,0,0,,,,,,0,0,,,,,
0021500230,278,8,0,2,8:42 PM,2:17,SUB: Seraphin FOR Lopez,,,,,4,201577,Robin Lopez,1610612752.0,New York,Knicks,NYK,4,202338,Kevin Seraphin,1610612752.0,New York,Knicks,NYK,0,0,,,,,
0021500230,279,8,0,2,8:42 PM,2:17,SUB: Galloway FOR Afflalo,,,,,4,201167,Arron Afflalo,1610612752.0,New York,Knicks,NYK,4,204038,Langston Galloway,1610612752.0,New York,Knicks,NYK,0,0,,,,,
0021500230,280,3,12,2,8:42 PM,2:17,,,Whiteside Free Throw 2 of 2 (4 PTS),44 - 47,3,5,202355,Hassan Whiteside,1610612748.0,Miami,Heat,MIA,0,0,,,,,,0,0,,,,,
0021500230,282,1,1,2,8:42 PM,1:59,Seraphin 18' Jump Shot (6 PTS) (Galloway 2 AST),,,44 - 49,5,4,202338,Kevin Seraphin,1610612752.0,New York,Knicks,NYK,4,204038,Langston Galloway,1610612752.0,New York,Knicks,NYK,0,0,,,,,
0021500230,283,1,1,2,8:42 PM,1:44,,,Wade 15' Jump Shot (7 PTS) (Bosh 1 AST),46 - 49,3,5,2548,Dwyane Wade,1610612748.0,Miami,Heat,MIA,5,2547,Chris Bosh,1610612748.0,Miami,Heat,MIA,0,0,,,,,
0021500230,284,2,1,2,8:43 PM,1:27,MISS Seraphin 18' Jump Shot,,,,,4,202338,Kevin Seraphin,1610612752.0,New York,Knicks,NYK,0,0,,,,,,0,0,,,,,
0021500230,285,4,0,2,8:43 PM,1:25,O'Quinn REBOUND (Off:3 Def:2),,,,,4,203124,Kyle O'Quinn,1610612752.0,New York,Knicks,NYK,0,0,,,,,,0,0,,,,,
0021500230,286,5,1,2,8:43 PM,1:13,Seraphin Bad Pass Turnover (P2.T5),,,,,4,202338,Kevin Seraphin,1610612752.0,New York,Knicks,NYK,0,0,,,,,,0,0,,,,,
0021500230,288,1,78,2,8:44 PM,1:00,,,Wade 3' Floating Jump Shot (9 PTS),48 - 49,1,5,2548,Dwyane Wade,1610612748.0,Miami,Heat,MIA,0,0,,,,,,0,0,,,,,
0021500230,289,2,3,2,8:44 PM,0:46,MISS Seraphin 4' Hook Shot,,,,,4,202338,Kevin Seraphin,1610612752.0,New York,Knicks,NYK,0,0,,,,,,0,0,,,,,
0021500230,290,4,0,2,8:44 PM,0:44,,,Dragic REBOUND (Off:0 Def:3),,,5,201609,Goran Dragic,1610612748.0,Miami,Heat,MIA,0,0,,,,,,0,0,,,,,
0021500230,291,2,1,2,8:44 PM,0:30,,,MISS Whiteside 15' Jump Shot,,,5,202355,Hassan Whiteside,1610612748.0,Miami,Heat,MIA,0,0,,,,,,0,0,,,,,
0021500230,292,4,0,2,8:44 PM,0:28,,,Wade REBOUND (Off:2 Def:2),,,5,2548,Dwyane Wade,1610612748.0,Miami,Heat,MIA,0,0,,,,,,0,0,,,,,
0021500230,293,9,2,2,8:44 PM,0:26,,,Heat Timeout: Short (Reg.2 Short 1),,,3,1610612748,,,,,,0,0,,,,,,0,0,,,,,
0021500230,295,8,0,2,8:46 PM,0:26,,,SUB: Green FOR Whiteside,,,5,202355,Hassan Whiteside,1610612748.0,Miami,Heat,MIA,5,101123,Gerald Green,1610612748.0,Miami,Heat,MIA,0,0,,,,,
0021500230,296,8,0,2,8:46 PM,0:26,SUB: Thomas FOR Seraphin,,,,,4,202338,Kevin Seraphin,1610612752.0,New York,Knicks,NYK,4,202498,Lance Thomas,1610612752.0,New York,Knicks,NYK,0,0,,,,,
0021500230,297,1,80,2,8:46 PM,0:06,,,Bosh 12' Step Back Jump Shot (16 PTS),50 - 49,-1,5,2547,Chris Bosh,1610612748.0,Miami,Heat,MIA,0,0,,,,,,0,0,,,,,
0021500230,298,2,1,2,8:47 PM,0:00,MISS Anthony 25' 3PT Jump Shot,,,,,4,2546,Carmelo Anthony,1610612752.0,New York,Knicks,NYK,0,0,,,,,,0,0,,,,,
0021500230,299,4,0,2,8:47 PM,0:00,KNICKS Rebound,,,,,2,1610612752,,,,,,0,0,,,,,,0,0,,,,,
0021500230,300,13,0,2,8:47 PM,0:00,,,,50 - 49,-1,0,0,,,,,,0,0,,,,,,0,0,,,,,
0021500230,302,12,0,3,9:04 PM,12:00,,,,50 - 49,-1,0,0,,,,,,0,0,,,,,,0,0,,,,,
0021500230,303,2,47,3,9:04 PM,11:39,MISS Anthony 14' Turnaround Jump Shot,,,,,4,2546,Carmelo Anthony,1610612752.0,New York,Knicks,NYK,0,0,,,,,,0,0,,,,,
0021500230,304,4,0,3,9:04 PM,11:37,,,Green REBOUND (Off:0 Def:1),,,5,101123,Gerald Green,1610612748.0,Miami,Heat,MIA,0,0,,,,,,0,0,,,,,
0021500230,305,2,1,3,9:04 PM,11:30,,,MISS Dragic 16' Jump Shot,,,5,201609,Goran Dragic,1610612748.0,Miami,Heat,MIA,0,0,,,,,,0,0,,,,,
0021500230,306,4,0,3,9:04 PM,11:28,,,Whiteside REBOUND (Off:5 Def:3),,,5,202355,Hassan Whiteside,1610612748.0,Miami,Heat,MIA,0,0,,,,,,0,0,,,,,
0021500230,307,2,1,3,9:04 PM,11:25,,,MISS Whiteside 3' Jump Shot,,,5,202355,Hassan Whiteside,1610612748.0,Miami,Heat,MIA,0,0,,,,,,0,0,,,,,
0021500230,308,4,0,3,9:05 PM,11:25,KNICKS Rebound,,,,,2,1610612752,,,,,,0,0,,,,,,0,0,,,,,
0021500230,309,2,3,3,9:05 PM,11:12,MISS Lopez 2' Hook Shot,,,,,4,201577,Robin Lopez,1610612752.0,New York,Knicks,NYK,0,0,,,,,,0,0,,,,,
0021500230,310,4,0,3,9:05 PM,11:10,,,Dragic REBOUND (Off:0 Def:4),,,5,201609,Goran Dragic,1610612748.0,Miami,Heat,MIA,0,0,,,,,,0,0,,,,,
0021500230,311,1,42,3,9:05 PM,10:53,,,Green 2' Driving Layup (7 PTS),52 - 49,-3,5,101123,Gerald Green,1610612748.0,Miami,Heat,MIA,0,0,,,,,,0,0,,,,,
0021500230,312,2,1,3,9:05 PM,10:37,MISS Anthony 20' Jump Shot,,,,,4,2546,Carmelo Anthony,1610612752.0,New York,Knicks,NYK,0,0,,,,,,0,0,,,,,
0021500230,313,4,0,3,9:05 PM,10:36,,,Heat Rebound,,,3,1610612748,,,,,,0,0,,,,,,0,0,,,,,
0021500230,314,2,47,3,9:06 PM,10:18,,,MISS Wade 12' Turnaround Jump Shot,,,5,2548,Dwyane Wade,1610612748.0,Miami,Heat,MIA,0,0,,,,,,0,0,,,,,
0021500230,315,4,0,3,9:06 PM,10:16,Porzingis REBOUND (Off:0 Def:6),,,,,4,204001,Kristaps Porzingis,1610612752.0,New York,Knicks,NYK,0,0,,,,,,0,0,,,,,
0021500230,317,1,1,3,9:07 PM,9:56,Porzingis 18' Jump Shot (7 PTS) (Afflalo 1 AST),,,52 - 51,-1,4,204001,Kristaps Porzingis,1610612752.0,New York,Knicks,NYK,4,201167,Arron Afflalo,1610612752.0,New York,Knicks,NYK,0,0,,,,,
0021500230,318,2,1,3,9:07 PM,9:37,,,MISS Bosh 25' 3PT Jump Shot,,,5,2547,Chris Bosh,1610612748.0,Miami,Heat,MIA,0,0,,,,,,0,0,,,,,
0021500230,319,4,0,3,9:07 PM,9:35,Anthony REBOUND (Off:1 Def:2),,,,,4,2546,Carmelo Anthony,1610612752.0,New York,Knicks,NYK,0,0,,,,,,0,0,,,,,
0021500230,320,2,1,3,9:07 PM,9:27,MISS Anthony 8' Jump Shot,,,,,4,2546,Carmelo Anthony,1610612752.0,New York,Knicks,NYK,0,0,,,,,,0,0,,,,,
0021500230,322,4,0,3,9:07 PM,9:25,Lopez REBOUND (Off:1 Def:2),,,,,4,201577,Robin Lopez,1610612752.0,New York,Knicks,NYK,0,0,,,,,,0,0,,,,,
0021500230,321,1,72,3,9:07 PM,9:25,Lopez 1' Putback Layup (2 PTS),,,52 - 53,1,4,201577,Robin Lopez,1610612752.0,New York,Knicks,NYK,0,0,,,,,,0,0,,,,,
0021500230,323,6,2,3,9:07 PM,9:09,Lopez S.FOUL (P4.T1) (B.Barnaky),,,,,4,201577,Robin Lopez,1610612752.0,New York,Knicks,NYK,5,202355,Hassan Whiteside,1610612748.0,Miami,Heat,MIA,1,0,,,,,
0021500230,324,3,11,3,9:08 PM,9:09,,,Whiteside Free Throw 1 of 2 (5 PTS),53 - 53,TIE,5,202355,Hassan Whiteside,1610612748.0,Miami,Heat,MIA,0,0,,,,,,0,0,,,,,
0021500230,326,8,0,3,9:08 PM,9:09,SUB: O'Quinn FOR Lopez,,,,,4,201577,Robin Lopez,1610612752.0,New York,Knicks,NYK,4,203124,Kyle O'Quinn,1610612752.0,New York,Knicks,NYK,0,0,,,,,
0021500230,327,3,12,3,9:08 PM,9:09,,,Whiteside Free Throw 2 of 2 (6 PTS),54 - 53,-1,5,202355,Hassan Whiteside,1610612748.0,Miami,Heat,MIA,0,0,,,,,,0,0,,,,,
0021500230,329,2,3,3,9:09 PM,8:56,MISS Porzingis 3' Hook Shot,,,,,4,204001,Kristaps Porzingis,1610612752.0,New York,Knicks,NYK,0,0,,,,,,0,0,,,,,
0021500230,330,4,0,3,9:09 PM,8:54,,,Whiteside REBOUND (Off:5 Def:4),,,5,202355,Hassan Whiteside,1610612748.0,Miami,Heat,MIA,0,0,,,,,,0,0,,,,,
0021500230,331,5,1,3,9:09 PM,8:37,O'Quinn STEAL (2 STL),,Wade Bad Pass Turnover (P2.T9),,,5,2548,Dwyane Wade,1610612748.0,Miami,Heat,MIA,4,203124,Kyle O'Quinn,1610612752.0,New York,Knicks,NYK,0,0,,,,,
0021500230,332,2,5,3,9:09 PM,8:29,MISS O'Quinn 2' Layup,,,,,4,203124,Kyle O'Quinn,1610612752.0,New York,Knicks,NYK,0,0,,,,,,0,0,,,,,
0021500230,333,4,0,3,9:09 PM,8:27,,,Whiteside REBOUND (Off:5 Def:5),,,5,202355,Hassan Whiteside,1610612748.0,Miami,Heat,MIA,0,0,,,,,,0,0,,,,,
0021500230,334,2,79,3,9:09 PM,8:23,,,MISS Green 25' 3PT Pullup Jump Shot,,,5,101123,Gerald Green,1610612748.0,Miami,Heat,MIA,0,0,,,,,,0,0,,,,,
0021500230,335,4,0,3,9:09 PM,8:21,O'Quinn REBOUND (Off:3 Def:3),,,,,4,203124,Kyle O'Quinn,1610612752.0,New York,Knicks,NYK,0,0,,,,,,0,0,,,,,
0021500230,336,6,4,3,9:09 PM,8:11,Porzingis OFF.Foul (P4) (D.Stafford),,,,,4,204001,Kristaps Porzingis,1610612752.0,New York,Knicks,NYK,5,201609,Goran Dragic,1610612748.0,Miami,Heat,MIA,1,0,,,,,
0021500230,337,5,5,3,9:09 PM,8:11,Porzingis Foul Turnover (P1.T6),,,,,4,204001,Kristaps Porzingis,1610612752.0,New York,Knicks,NYK,0,0,,,,,,1,0,,,,,
0021500230,338,8,0,3,9:10 PM,8:11,SUB: Seraphin FOR Porzingis,,,,,4,204001,Kristaps Porzingis,1610612752.0,New York,Knicks,NYK,4,202338,Kevin Seraphin,1610612752.0,New York,Knicks,NYK,0,0,,,,,
0021500230,339,1,1,3,9:10 PM,7:54,,,Wade 18' Jump Shot (11 PTS) (Bosh 2 AST),56 - 53,-3,5,2548,Dwyane Wade,1610612748.0,Miami,Heat,MIA,5,2547,Chris Bosh,1610612748.0,Miami,Heat,MIA,0,0,,,,,
0021500230,340,5,1,3,9:10 PM,7:38,O'Quinn Bad Pass Turnover (P2.T7),,Dragic STEAL (1 STL),,,4,203124,Kyle O'Quinn,1610612752.0,New York,Knicks,NYK,5,201609,Goran Dragic,1610612748.0,Miami,Heat,MIA,0,0,,,,,
0021500230,341,1,42,3,9:10 PM,7:34,,,Dragic 2' Driving Layup (7 PTS),58 - 53,-5,5,201609,Goran Dragic,1610612748.0,Miami,Heat,MIA,0,0,,,,,,0,0,,,,,
0021500230,342,9,1,3,9:10 PM,7:33,KNICKS Timeout: Regular (Full 3 Short 0),,,,,2,1610612752,,,,,,0,0,,,,,,0,0,,,,,
0021500230,345,8,0,3,9:13 PM,7:33,SUB: Thomas FOR O'Quinn,,,,,4,203124,Kyle O'Quinn,1610612752.0,New York,Knicks,NYK,4,202498,Lance Thomas,1610612752.0,New York,Knicks,NYK,0,0,,,,,
0021500230,346,2,3,3,9:13 PM,7:13,MISS Thomas 5' Hook Shot,,,,,4,202498,Lance Thomas,1610612752.0,New York,Knicks,NYK,0,0,,,,,,0,0,,,,,
0021500230,347,4,0,3,9:13 PM,7:12,Seraphin REBOUND (Off:1 Def:2),,,,,4,202338,Kevin Seraphin,1610612752.0,New York,Knicks,NYK,0,0,,,,,,0,0,,,,,
0021500230,348,1,7,3,9:14 PM,7:11,Seraphin  Dunk (8 PTS),,,58 - 55,-3,4,202338,Kevin Seraphin,1610612752.0,New York,Knicks,NYK,0,0,,,,,,0,0,,,,,
0021500230,350,5,11,3,9:14 PM,6:42,,,Heat Turnover: Shot Clock (T#10),,,3,1610612748,,,,,,0,0,,,,,,1,0,,,,,
0021500230,351,2,1,3,9:15 PM,6:29,MISS Seraphin 7' Jump Shot,,,,,4,202338,Kevin Seraphin,1610612752.0,New York,Knicks,NYK,0,0,,,,,,0,0,,,,,
0021500230,352,4,0,3,9:15 PM,6:27,,,Bosh REBOUND (Off:0 Def:4),,,5,2547,Chris Bosh,1610612748.0,Miami,Heat,MIA,0,0,,,,,,0,0,,,,,
0021500230,353,1,1,3,9:15 PM,6:16,,,Green 25' 3PT Jump Shot (10 PTS) (Wade 2 AST),61 - 55,-6,5,101123,Gerald Green,1610612748.0,Miami,Heat,MIA,5,2548,Dwyane Wade,1610612748.0,Miami,Heat,MIA,0,0,,,,,
0021500230,355,8,0,3,9:15 PM,6:05,,,SUB: McRoberts FOR Bosh,,,5,2547,Chris Bosh,1610612748.0,Miami,Heat,MIA,5,201177,Josh McRoberts,1610612748.0,Miami,Heat,MIA,0,0,,,,,
0021500230,356,2,1,3,9:16 PM,6:00,MISS Anthony  3PT Jump Shot,,,,,4,2546,Carmelo Anthony,1610612752.0,New York,Knicks,NYK,0,0,,,,,,0,0,,,,,
0021500230,357,4,0,3,9:16 PM,5:58,,,Whiteside REBOUND (Off:5 Def:6),,,5,202355,Hassan Whiteside,1610612748.0,Miami,Heat,MIA,0,0,,,,,,0,0,,,,,
0021500230,358,6,2,3,9:16 PM,5:50,Anthony S.FOUL (P2.T2) (D.Stafford),,,,,4,2546,Carmelo Anthony,1610612752.0,New York,Knicks,NYK,5,101123,Gerald Green,1610612748.0,Miami,Heat,MIA,1,0,,,,,
0021500230,359,3,13,3,9:16 PM,5:50,,,Green Free Throw 1 of 3 (11 PTS),62 - 55,-7,5,101123,Gerald Green,1610612748.0,Miami,Heat,MIA,0,0,,,,,,0,0,,,,,
0021500230,361,3,14,3,9:16 PM,5:50,,,Green Free Throw 2 of 3 (12 PTS),63 - 55,-8,5,101123,Gerald Green,1610612748.0,Miami,Heat,MIA,0,0,,,,,,0,0,,,,,
0021500230,363,3,15,3,9:17 PM,5:50,,,Green Free Throw 3 of 3 (13 PTS),64 - 55,-9,5,101123,Gerald Green,1610612748.0,Miami,Heat,MIA,0,0,,,,,,0,0,,,,,
0021500230,365,2,5,3,9:17 PM,5:30,MISS Seraphin 3' Layup,,Whiteside BLOCK (2 BLK),,,4,202338,Kevin Seraphin,1610612752.0,New York,Knicks,NYK,0,0,,,,,,5,202355,Hassan Whiteside,1610612748.0,Miami,Heat,MIA
0021500230,366,4,0,3,9:17 PM,5:29,Thomas REBOUND (Off:1 Def:0),,,,,4,202498,Lance Thomas,1610612752.0,New York,Knicks,NYK,0,0,,,,,,0,0,,,,,
0021500230,367,2,1,3,9:17 PM,5:28,MISS Thomas 13' Jump Shot,,Whiteside BLOCK (3 BLK),,,4,202498,Lance Thomas,1610612752.0,New York,Knicks,NYK,0,0,,,,,,5,202355,Hassan Whiteside,1610612748.0,Miami,Heat,MIA
0021500230,368,4,0,3,9:18 PM,5:27,KNICKS Rebound,,,,,2,1610612752,,,,,,0,0,,,,,,0,0,,,,,
0021500230,369,5,11,3,9:18 PM,5:26,KNICKS Turnover: Shot Clock (T#8),,,,,2,1610612752,,,,,,0,0,,,,,,1,0,,,,,
0021500230,370,2,1,3,9:18 PM,5:13,,,MISS Green 24' 3PT Jump Shot,,,5,101123,Gerald Green,1610612748.0,Miami,Heat,MIA,0,0,,,,,,0,0,,,,,
0021500230,371,4,0,3,9:18 PM,5:11,Afflalo REBOUND (Off:0 Def:2),,,,,4,201167,Arron Afflalo,1610612752.0,New York,Knicks,NYK,0,0,,,,,,0,0,,,,,
0021500230,374,2,5,3,9:18 PM,5:06,MISS Anthony 2' Layup,,,,,4,2546,Carmelo Anthony,1610612752.0,New York,Knicks,NYK,0,0,,,,,,0,0,,,,,
0021500230,375,4,0,3,9:18 PM,5:04,,,Whiteside REBOUND (Off:5 Def:7),,,5,202355,Hassan Whiteside,1610612748.0,Miami,Heat,MIA,0,0,,,,,,0,0,,,,,
0021500230,376,1,5,3,9:19 PM,5:01,,,Dragic 1' Layup (9 PTS),66 - 55,-11,5,201609,Goran Dragic,1610612748.0,Miami,Heat,MIA,0,0,,,,,,0,0,,,,,
0021500230,377,2,1,3,9:19 PM,4:38,MISS Calderon 19' Jump Shot,,,,,4,101181,Jose Calderon,1610612752.0,New York,Knicks,NYK,0,0,,,,,,0,0,,,,,
0021500230,378,4,0,3,9:19 PM,4:36,,,Wade REBOUND (Off:2 Def:3),,,5,2548,Dwyane Wade,1610612748.0,Miami,Heat,MIA,0,0,,,,,,0,0,,,,,
0021500230,379,2,78,3,9:19 PM,4:27,,,MISS Wade 7' Floating Jump Shot,,,5,2548,Dwyane Wade,1610612748.0,Miami,Heat,MIA,0,0,,,,,,0,0,,,,,
0021500230,380,4,0,3,9:19 PM,4:25,Afflalo REBOUND (Off:0 Def:3),,,,,4,201167,Arron Afflalo,1610612752.0,New York,Knicks,NYK,0,0,,,,,,0,0,,,,,
0021500230,381,2,1,3,9:19 PM,4:20,MISS Afflalo 4' Jump Shot,,Whiteside BLOCK (4 BLK),,,4,201167,Arron Afflalo,1610612752.0,New York,Knicks,NYK,0,0,,,,,,5,202355,Hassan Whiteside,1610612748.0,Miami,Heat,MIA
0021500230,382,4,0,3,9:19 PM,4:20,KNICKS Rebound,,,,,2,1610612752,,,,,,0,0,,,,,,0,0,,,,,
0021500230,383,9,1,3,9:19 PM,4:20,,,Heat Timeout: Regular (Reg.3 Short 1),,,3,1610612748,,,,,,0,0,,,,,,0,0,,,,,
0021500230,384,8,0,3,9:22 PM,4:20,,,SUB: Winslow FOR Green,,,5,101123,Gerald Green,1610612748.0,Miami,Heat,MIA,5,1626159,Justise Winslow,1610612748.0,Miami,Heat,MIA,0,0,,,,,
0021500230,385,8,0,3,9:22 PM,4:20,SUB: Grant FOR Afflalo,,,,,4,201167,Arron Afflalo,1610612752.0,New York,Knicks,NYK,4,1626170,Jerian Grant,1610612752.0,New York,Knicks,NYK,0,0,,,,,
0021500230,386,8,0,3,9:22 PM,4:20,SUB: Galloway FOR Calderon,,,,,4,101181,Jose Calderon,1610612752.0,New York,Knicks,NYK,4,204038,Langston Galloway,1610612752.0,New York,Knicks,NYK,0,0,,,,,
0021500230,387,2,1,3,9:22 PM,4:13,MISS Galloway 21' Jump Shot,,,,,4,204038,Langston Galloway,1610612752.0,New York,Knicks,NYK,0,0,,,,,,0,0,,,,,
0021500230,388,4,0,3,9:22 PM,4:11,,,Whiteside REBOUND (Off:5 Def:8),,,5,202355,Hassan Whiteside,1610612748.0,Miami,Heat,MIA,0,0,,,,,,0,0,,,,,
0021500230,389,2,80,3,9:23 PM,3:50,,,MISS Wade 17' Step Back Jump Shot,,,5,2548,Dwyane Wade,1610612748.0,Miami,Heat,MIA,0,0,,,,,,0,0,,,,,
0021500230,390,4,0,3,9:23 PM,3:48,,,Heat Rebound,,,3,1610612748,,,,,,0,0,,,,,,0,0,,,,,
0021500230,391,2,1,3,9:23 PM,3:42,,,MISS Dragic 6' Jump Shot,,,5,201609,Goran Dragic,1610612748.0,Miami,Heat,MIA,0,0,,,,,,0,0,,,,,
0021500230,392,4,0,3,9:23 PM,3:41,Grant REBOUND (Off:0 Def:1),,,,,4,1626170,Jerian Grant,1610612752.0,New York,Knicks,NYK,0,0,,,,,,0,0,,,,,
0021500230,393,1,1,3,9:23 PM,3:33,Thomas 13' Jump Shot (4 PTS) (Grant 3 AST),,,66 - 57,-9,4,202498,Lance Thomas,1610612752.0,New York,Knicks,NYK,4,1626170,Jerian Grant,1610612752.0,New York,Knicks,NYK,0,0,,,,,
0021500230,394,1,1,3,9:24 PM,3:13,,,Wade 5' Jump Shot (13 PTS),68 - 57,-11,5,2548,Dwyane Wade,1610612748.0,Miami,Heat,MIA,0,0,,,,,,0,0,,,,,
0021500230,395,2,1,3,9:24 PM,3:01,MISS Anthony 18' Jump Shot,,,,,4,2546,Carmelo Anthony,1610612752.0,New York,Knicks,NYK,0,0,,,,,,0,0,,,,,
0021500230,396,4,0,3,9:24 PM,2:59,,,McRoberts REBOUND (Off:0 Def:1),,,5,201177,Josh McRoberts,1610612748.0,Miami,Heat,MIA,0,0,,,,,,0,0,,,,,
0021500230,397,5,1,3,9:24 PM,2:49,Anthony STEAL (1 STL),,Wade Bad Pass Turnover (P3.T11),,,5,2548,Dwyane Wade,1610612748.0,Miami,Heat,MIA,4,2546,Carmelo Anthony,1610612752.0,New York,Knicks,NYK,0,0,,,,,
0021500230,398,1,3,3,9:24 PM,2:32,Seraphin 3' Hook Shot (10 PTS),,,68 - 59,-9,4,202338,Kevin Seraphin,1610612752.0,New York,Knicks,NYK,0,0,,,,,,0,0,,,,,
0021500230,399,6,2,3,9:25 PM,2:14,Seraphin S.FOUL (P2.T3) (T.Maddox),,,,,4,202338,Kevin Seraphin,1610612752.0,New York,Knicks,NYK,5,2548,Dwyane Wade,1610612748.0,Miami,Heat,MIA,1,0,,,,,
0021500230,400,3,11,3,9:25 PM,2:14,,,Wade Free Throw 1 of 2 (14 PTS),69 - 59,-10,5,2548,Dwyane Wade,1610612748.0,Miami,Heat,MIA,0,0,,,,,,0,0,,,,,
0021500230,402,8,0,3,9:25 PM,2:14,,,SUB: Bosh FOR Whiteside,,,5,202355,Hassan Whiteside,1610612748.0,Miami,Heat,MIA,5,2547,Chris Bosh,1610612748.0,Miami,Heat,MIA,0,0,,,,,
0021500230,403,8,0,3,9:25 PM,2:14,SUB: O'Quinn FOR Anthony,,,,,4,2546,Carmelo Anthony,1610612752.0,New York,Knicks,NYK,4,203124,Kyle O'Quinn,1610612752.0,New York,Knicks,NYK,0,0,,,,,
0021500230,404,8,0,3,9:25 PM,2:14,SUB: Amundson FOR Thomas,,,,,4,202498,Lance Thomas,1610612752.0,New York,Knicks,NYK,4,200811,Lou Amundson,1610612752.0,New York,Knicks,NYK,0,0,,,,,
0021500230,405,8,0,3,9:25 PM,2:14,SUB: Williams FOR Seraphin,,,,,4,202338,Kevin Seraphin,1610612752.0,New York,Knicks,NYK,4,202682,Derrick Williams,1610612752.0,New York,Knicks,NYK,0,0,,,,,
0021500230,406,3,12,3,9:25 PM,2:14,,,Wade Free Throw 2 of 2 (15 PTS),70 - 59,-11,5,2548,Dwyane Wade,1610612748.0,Miami,Heat,MIA,0,0,,,,,,0,0,,,,,
0021500230,408,1,1,3,9:26 PM,1:50,Galloway 18' Jump Shot (6 PTS) (Grant 4 AST),,,70 - 61,-9,4,204038,Langston Galloway,1610612752.0,New York,Knicks,NYK,4,1626170,Jerian Grant,1610612752.0,New York,Knicks,NYK,0,0,,,,,
0021500230,409,1,1,3,9:26 PM,1:29,,,Bosh 14' Jump Shot (18 PTS) (Wade 3 AST),72 - 61,-11,5,2547,Chris Bosh,1610612748.0,Miami,Heat,MIA,5,2548,Dwyane Wade,1610612748.0,Miami,Heat,MIA,0,0,,,,,
0021500230,410,1,44,3,9:27 PM,1:06,Amundson 1' Reverse Layup (2 PTS) (Grant 5 AST),,,72 - 63,-9,4,200811,Lou Amundson,1610612752.0,New York,Knicks,NYK,4,1626170,Jerian Grant,1610612752.0,New York,Knicks,NYK,0,0,,,,,
0021500230,411,2,1,3,9:27 PM,0:48,,,MISS Dragic 16' Jump Shot,,,5,201609,Goran Dragic,1610612748.0,Miami,Heat,MIA,0,0,,,,,,0,0,,,,,
0021500230,412,4,0,3,9:27 PM,0:47,Amundson REBOUND (Off:0 Def:1),,,,,4,200811,Lou Amundson,1610612752.0,New York,Knicks,NYK,0,0,,,,,,0,0,,,,,
0021500230,413,2,42,3,9:27 PM,0:33,MISS Grant 2' Driving Layup,,,,,4,1626170,Jerian Grant,1610612752.0,New York,Knicks,NYK,0,0,,,,,,0,0,,,,,
0021500230,414,4,0,3,9:27 PM,0:32,,,McRoberts REBOUND (Off:0 Def:2),,,5,201177,Josh McRoberts,1610612748.0,Miami,Heat,MIA,0,0,,,,,,0,0,,,,,
0021500230,415,1,80,3,9:28 PM,0:12,,,Wade 9' Step Back Jump Shot (17 PTS),74 - 63,-11,5,2548,Dwyane Wade,1610612748.0,Miami,Heat,MIA,0,0,,,,,,0,0,,,,,
0021500230,416,2,1,3,9:28 PM,0:01,MISS O'Quinn 25' 3PT Jump Shot,,,,,4,203124,Kyle O'Quinn,1610612752.0,New York,Knicks,NYK,0,0,,,,,,0,0,,,,,
0021500230,417,4,0,3,9:28 PM,0:00,,,Winslow REBOUND (Off:0 Def:4),,,5,1626159,Justise Winslow,1610612748.0,Miami,Heat,MIA,0,0,,,,,,0,0,,,,,
0021500230,418,13,0,3,9:28 PM,0:00,,,,74 - 63,-11,0,0,,,,,,0,0,,,,,,0,0,,,,,
0021500230,420,12,0,4,9:31 PM,12:00,,,,74 - 63,-11,0,0,,,,,,0,0,,,,,,0,0,,,,,
0021500230,421,6,2,4,9:31 PM,11:46,Amundson S.FOUL (P1.T1) (B.Barnaky),,,,,4,200811,Lou Amundson,1610612752.0,New York,Knicks,NYK,5,1626159,Justise Winslow,1610612748.0,Miami,Heat,MIA,1,0,,,,,
0021500230,422,3,11,4,9:31 PM,11:46,,,Winslow Free Throw 1 of 2 (4 PTS),75 - 63,-12,5,1626159,Justise Winslow,1610612748.0,Miami,Heat,MIA,0,0,,,,,,0,0,,,,,
0021500230,424,3,12,4,9:32 PM,11:46,,,Winslow Free Throw 2 of 2 (5 PTS),76 - 63,-13,5,1626159,Justise Winslow,1610612748.0,Miami,Heat,MIA,0,0,,,,,,0,0,,,,,
0021500230,426,1,47,4,9:32 PM,11:25,Williams 15' Turnaround Jump Shot (4 PTS),,,76 - 65,-11,4,202682,Derrick Williams,1610612752.0,New York,Knicks,NYK,0,0,,,,,,0,0,,,,,
0021500230,427,2,1,4,9:33 PM,10:57,,,MISS Green 24' 3PT Jump Shot,,,5,101123,Gerald Green,1610612748.0,Miami,Heat,MIA,0,0,,,,,,0,0,,,,,
0021500230,428,4,0,4,9:33 PM,10:55,O'Quinn REBOUND (Off:3 Def:4),,,,,4,203124,Kyle O'Quinn,1610612752.0,New York,Knicks,NYK,0,0,,,,,,0,0,,,,,
0021500230,429,1,1,4,9:33 PM,10:42,Williams 24' 3PT Jump Shot (7 PTS) (Grant 6 AST),,,76 - 68,-8,4,202682,Derrick Williams,1610612752.0,New York,Knicks,NYK,4,1626170,Jerian Grant,1610612752.0,New York,Knicks,NYK,0,0,,,,,
0021500230,430,1,1,4,9:33 PM,10:18,,,Bosh 17' Jump Shot (20 PTS),78 - 68,-10,5,2547,Chris Bosh,1610612748.0,Miami,Heat,MIA,0,0,,,,,,0,0,,,,,
0021500230,431,2,1,4,9:34 PM,9:59,MISS O'Quinn 24' 3PT Jump Shot,,,,,4,203124,Kyle O'Quinn,1610612752.0,New York,Knicks,NYK,0,0,,,,,,0,0,,,,,
0021500230,432,4,0,4,9:34 PM,9:57,,,Bosh REBOUND (Off:0 Def:5),,,5,2547,Chris Bosh,1610612748.0,Miami,Heat,MIA,0,0,,,,,,0,0,,,,,
0021500230,433,2,1,4,9:34 PM,9:49,,,MISS Bosh 24' 3PT Jump Shot,,,5,2547,Chris Bosh,1610612748.0,Miami,Heat,MIA,0,0,,,,,,0,0,,,,,
0021500230,434,4,0,4,9:34 PM,9:47,Williams REBOUND (Off:0 Def:1),,,,,4,202682,Derrick Williams,1610612752.0,New York,Knicks,NYK,0,0,,,,,,0,0,,,,,
0021500230,435,6,2,4,9:34 PM,9:42,,,Winslow S.FOUL (P1.T1) (B.Barnaky),,,5,1626159,Justise Winslow,1610612748.0,Miami,Heat,MIA,4,202682,Derrick Williams,1610612752.0,New York,Knicks,NYK,1,0,,,,,
0021500230,436,3,11,4,9:34 PM,9:42,Williams Free Throw 1 of 2 (8 PTS),,,78 - 69,-9,4,202682,Derrick Williams,1610612752.0,New York,Knicks,NYK,0,0,,,,,,0,0,,,,,
0021500230,438,8,0,4,9:34 PM,9:42,SUB: Porzingis FOR O'Quinn,,,,,4,203124,Kyle O'Quinn,1610612752.0,New York,Knicks,NYK,4,204001,Kristaps Porzingis,1610612752.0,New York,Knicks,NYK,0,0,,,,,
0021500230,439,3,12,4,9:35 PM,9:42,Williams Free Throw 2 of 2 (9 PTS),,,78 - 70,-8,4,202682,Derrick Williams,1610612752.0,New York,Knicks,NYK,0,0,,,,,,0,0,,,,,
0021500230,441,1,49,4,9:35 PM,9:23,,,Green  Driving Dunk (15 PTS),80 - 70,-10,5,101123,Gerald Green,1610612748.0,Miami,Heat,MIA,0,0,,,,,,0,0,,,,,
0021500230,442,6,1,4,9:35 PM,9:12,,,Green P.FOUL (P3.T2) (B.Barnaky),,,5,101123,Gerald Green,1610612748.0,Miami,Heat,MIA,4,1626170,Jerian Grant,1610612752.0,New York,Knicks,NYK,1,0,,,,,
0021500230,443,8,0,4,9:36 PM,9:12,SUB: Anthony FOR Amundson,,,,,4,200811,Lou Amundson,1610612752.0,New York,Knicks,NYK,4,2546,Carmelo Anthony,1610612752.0,New York,Knicks,NYK,0,0,,,,,
0021500230,444,5,2,4,9:36 PM,9:04,Porzingis Lost Ball Turnover (P2.T9),,Johnson STEAL (1 STL),,,4,204001,Kristaps Porzingis,1610612752.0,New York,Knicks,NYK,5,204020,Tyler Johnson,1610612748.0,Miami,Heat,MIA,0,0,,,,,
0021500230,445,5,1,4,9:36 PM,9:01,Grant STEAL (1 STL),,Johnson Bad Pass Turnover (P1.T12),,,5,204020,Tyler Johnson,1610612748.0,Miami,Heat,MIA,4,1626170,Jerian Grant,1610612752.0,New York,Knicks,NYK,0,0,,,,,
0021500230,446,2,5,4,9:36 PM,8:56,MISS Williams 2' Layup,,Bosh BLOCK (1 BLK),,,4,202682,Derrick Williams,1610612752.0,New York,Knicks,NYK,0,0,,,,,,5,2547,Chris Bosh,1610612748.0,Miami,Heat,MIA
0021500230,447,4,0,4,9:36 PM,8:54,,,McRoberts REBOUND (Off:0 Def:3),,,5,201177,Josh McRoberts,1610612748.0,Miami,Heat,MIA,0,0,,,,,,0,0,,,,,
0021500230,448,1,1,4,9:36 PM,8:46,,,Green 24' 3PT Jump Shot (18 PTS) (Bosh 3 AST),83 - 70,-13,5,101123,Gerald Green,1610612748.0,Miami,Heat,MIA,5,2547,Chris Bosh,1610612748.0,Miami,Heat,MIA,0,0,,,,,
0021500230,449,9,1,4,9:36 PM,8:45,KNICKS Timeout: Regular (Full 4 Short 0),,,,,2,1610612752,,,,,,0,0,,,,,,0,0,,,,,
0021500230,453,2,5,4,9:39 PM,8:20,MISS Porzingis 2' Layup,,,,,4,204001,Kristaps Porzingis,1610612752.0,New York,Knicks,NYK,0,0,,,,,,0,0,,,,,
0021500230,454,4,0,4,9:39 PM,8:19,,,McRoberts REBOUND (Off:0 Def:4),,,5,201177,Josh McRoberts,1610612748.0,Miami,Heat,MIA,0,0,,,,,,0,0,,,,,
0021500230,455,1,52,4,9:40 PM,8:09,,,Green  Alley Oop Dunk (20 PTS) (McRoberts 1 AST),85 - 70,-15,5,101123,Gerald Green,1610612748.0,Miami,Heat,MIA,5,201177,Josh McRoberts,1610612748.0,Miami,Heat,MIA,0,0,,,,,
0021500230,456,2,5,4,9:40 PM,7:54,MISS Grant 3' Layup,,,,,4,1626170,Jerian Grant,1610612752.0,New York,Knicks,NYK,0,0,,,,,,0,0,,,,,
0021500230,457,4,0,4,9:40 PM,7:52,,,Green REBOUND (Off:0 Def:2),,,5,101123,Gerald Green,1610612748.0,Miami,Heat,MIA,0,0,,,,,,0,0,,,,,
0021500230,458,2,5,4,9:40 PM,7:42,,,MISS Johnson 2' Layup,,,5,204020,Tyler Johnson,1610612748.0,Miami,Heat,MIA,0,0,,,,,,0,0,,,,,
0021500230,459,4,0,4,9:40 PM,7:40,Galloway REBOUND (Off:0 Def:3),,,,,4,204038,Langston Galloway,1610612752.0,New York,Knicks,NYK,0,0,,,,,,0,0,,,,,
0021500230,460,1,86,4,9:40 PM,7:18,Porzingis 11' Turnaround Fadeaway (9 PTS),,,85 - 72,-13,4,204001,Kristaps Porzingis,1610612752.0,New York,Knicks,NYK,0,0,,,,,,0,0,,,,,
0021500230,461,1,1,4,9:41 PM,6:59,,,Green 11' Jump Shot (22 PTS) (McRoberts 2 AST),87 - 72,-15,5,101123,Gerald Green,1610612748.0,Miami,Heat,MIA,5,201177,Josh McRoberts,1610612748.0,Miami,Heat,MIA,0,0,,,,,
0021500230,462,5,2,4,9:41 PM,6:42,Porzingis Lost Ball Turnover (P3.T10),,Winslow STEAL (1 STL),,,4,204001,Kristaps Porzingis,1610612752.0,New York,Knicks,NYK,5,1626159,Justise Winslow,1610612748.0,Miami,Heat,MIA,0,0,,,,,
0021500230,463,1,42,4,9:41 PM,6:38,,,Winslow 2' Driving Layup (7 PTS),89 - 72,-17,5,1626159,Justise Winslow,1610612748.0,Miami,Heat,MIA,0,0,,,,,,0,0,,,,,
0021500230,464,2,1,4,9:41 PM,6:18,MISS Williams  3PT Jump Shot,,,,,4,202682,Derrick Williams,1610612752.0,New York,Knicks,NYK,0,0,,,,,,0,0,,,,,
0021500230,465,4,0,4,9:42 PM,6:16,,,Heat Rebound,,,3,1610612748,,,,,,0,0,,,,,,0,0,,,,,
0021500230,466,8,0,4,9:42 PM,6:16,SUB: Calderon FOR Grant,,,,,4,1626170,Jerian Grant,1610612752.0,New York,Knicks,NYK,4,101181,Jose Calderon,1610612752.0,New York,Knicks,NYK,0,0,,,,,
0021500230,467,8,0,4,9:42 PM,6:16,,,SUB: Whiteside FOR Bosh,,,5,2547,Chris Bosh,1610612748.0,Miami,Heat,MIA,5,202355,Hassan Whiteside,1610612748.0,Miami,Heat,MIA,0,0,,,,,
0021500230,469,1,1,4,9:42 PM,5:57,,,Green 25' 3PT Jump Shot (25 PTS) (Johnson 2 AST),92 - 72,-20,5,101123,Gerald Green,1610612748.0,Miami,Heat,MIA,5,204020,Tyler Johnson,1610612748.0,Miami,Heat,MIA,0,0,,,,,
0021500230,470,6,1,4,9:43 PM,5:36,,,Winslow P.FOUL (P2.T3) (D.Stafford),,,5,1626159,Justise Winslow,1610612748.0,Miami,Heat,MIA,4,2546,Carmelo Anthony,1610612752.0,New York,Knicks,NYK,1,0,,,,,
0021500230,471,9,4,4,9:43 PM,5:36,,,,,,1,0,,,,,,0,0,,,,,,0,0,,,,,
0021500230,474,8,0,4,9:45 PM,5:36,SUB: Lopez FOR Williams,,,,,4,202682,Derrick Williams,1610612752.0,New York,Knicks,NYK,4,201577,Robin Lopez,1610612752.0,New York,Knicks,NYK,0,0,,,,,
0021500230,476,7,2,4,9:46 PM,5:24,,,Whiteside Violation:Defensive Goaltending (D.Stafford),,,5,202355,Hassan Whiteside,1610612748.0,Miami,Heat,MIA,0,0,,,,,,1,0,,,,,
0021500230,475,1,42,4,9:46 PM,5:24,Galloway 1' Driving Layup (8 PTS),,,92 - 74,-18,4,204038,Langston Galloway,1610612752.0,New York,Knicks,NYK,0,0,,,,,,0,0,,,,,
0021500230,477,2,1,4,9:46 PM,5:10,Porzingis BLOCK (1 BLK),,MISS Whiteside 5' Jump Shot,,,5,202355,Hassan Whiteside,1610612748.0,Miami,Heat,MIA,0,0,,,,,,4,204001,Kristaps Porzingis,1610612752.0,New York,Knicks,NYK
0021500230,478,4,0,4,9:46 PM,5:10,,,Heat Rebound,,,3,1610612748,,,,,,0,0,,,,,,0,0,,,,,
0021500230,479,2,1,4,9:46 PM,5:06,,,MISS Green 24' 3PT Jump Shot,,,5,101123,Gerald Green,1610612748.0,Miami,Heat,MIA,0,0,,,,,,0,0,,,,,
0021500230,480,4,0,4,9:47 PM,5:03,,,Winslow REBOUND (Off:1 Def:4),,,5,1626159,Justise Winslow,1610612748.0,Miami,Heat,MIA,0,0,,,,,,0,0,,,,,
0021500230,481,1,79,4,9:47 PM,4:44,,,Winslow 18' Pullup Jump Shot (9 PTS) (McRoberts 3 AST),94 - 74,-20,5,1626159,Justise Winslow,1610612748.0,Miami,Heat,MIA,5,201177,Josh McRoberts,1610612748.0,Miami,Heat,MIA,0,0,,,,,
0021500230,482,2,1,4,9:47 PM,4:20,MISS Calderon 21' Jump Shot,,,,,4,101181,Jose Calderon,1610612752.0,New York,Knicks,NYK,0,0,,,,,,0,0,,,,,
0021500230,483,4,0,4,9:47 PM,4:18,,,Heat Rebound,,,3,1610612748,,,,,,0,0,,,,,,0,0,,,,,
0021500230,484,6,1,4,9:48 PM,4:11,Galloway P.FOUL (P1.T2) (T.Maddox),,,,,4,204038,Langston Galloway,1610612752.0,New York,Knicks,NYK,5,101123,Gerald Green,1610612748.0,Miami,Heat,MIA,1,0,,,,,
0021500230,486,2,1,4,9:48 PM,4:03,,,MISS Green 17' Jump Shot,,,5,101123,Gerald Green,1610612748.0,Miami,Heat,MIA,0,0,,,,,,0,0,,,,,
0021500230,487,4,0,4,9:48 PM,4:02,Porzingis REBOUND (Off:0 Def:7),,,,,4,204001,Kristaps Porzingis,1610612752.0,New York,Knicks,NYK,0,0,,,,,,0,0,,,,,
0021500230,488,6,4,4,9:48 PM,3:52,Anthony OFF.Foul (P3) (B.Barnaky),,,,,4,2546,Carmelo Anthony,1610612752.0,New York,Knicks,NYK,5,204020,Tyler Johnson,1610612748.0,Miami,Heat,MIA,1,0,,,,,
0021500230,489,5,5,4,9:48 PM,3:52,Anthony Foul Turnover (P1.T11),,,,,4,2546,Carmelo Anthony,1610612752.0,New York,Knicks,NYK,0,0,,,,,,1,0,,,,,
0021500230,490,2,1,4,9:49 PM,3:41,Porzingis BLOCK (2 BLK),,MISS Winslow 4' Jump Shot,,,5,1626159,Justise Winslow,1610612748.0,Miami,Heat,MIA,0,0,,,,,,4,204001,Kristaps Porzingis,1610612752.0,New York,Knicks,NYK
0021500230,491,4,0,4,9:49 PM,3:38,Lopez REBOUND (Off:1 Def:3),,,,,4,201577,Robin Lopez,1610612752.0,New York,Knicks,NYK,0,0,,,,,,0,0,,,,,
0021500230,492,2,1,4,9:49 PM,3:21,MISS Lopez 5' Jump Shot,,Whiteside BLOCK (5 BLK),,,4,201577,Robin Lopez,1610612752.0,New York,Knicks,NYK,0,0,,,,,,5,202355,Hassan Whiteside,1610612748.0,Miami,Heat,MIA
0021500230,493,4,0,4,9:49 PM,3:20,,,Whiteside REBOUND (Off:5 Def:9),,,5,202355,Hassan Whiteside,1610612748.0,Miami,Heat,MIA,0,0,,,,,,0,0,,,,,
0021500230,494,6,3,4,9:49 PM,3:20,Lopez L.B.FOUL (P5.T3) (D.Stafford),,,,,4,201577,Robin Lopez,1610612752.0,New York,Knicks,NYK,5,202355,Hassan Whiteside,1610612748.0,Miami,Heat,MIA,1,0,,,,,
0021500230,495,2,5,4,9:50 PM,3:05,Porzingis BLOCK (3 BLK),,MISS Green 2' Layup,,,5,101123,Gerald Green,1610612748.0,Miami,Heat,MIA,0,0,,,,,,4,204001,Kristaps Porzingis,1610612752.0,New York,Knicks,NYK
0021500230,496,4,0,4,9:50 PM,3:02,Porzingis REBOUND (Off:0 Def:8),,,,,4,204001,Kristaps Porzingis,1610612752.0,New York,Knicks,NYK,0,0,,,,,,0,0,,,,,
0021500230,497,1,47,4,9:50 PM,2:51,Porzingis 13' Turnaround Jump Shot (11 PTS) (Lopez 1 AST),,,94 - 76,-18,4,204001,Kristaps Porzingis,1610612752.0,New York,Knicks,NYK,4,201577,Robin Lopez,1610612752.0,New York,Knicks,NYK,0,0,,,,,
0021500230,498,6,1,4,9:50 PM,2:40,Porzingis P.FOUL (P5.T4) (T.Maddox),,,,,4,204001,Kristaps Porzingis,1610612752.0,New York,Knicks,NYK,5,201177,Josh McRoberts,1610612748.0,Miami,Heat,MIA,1,0,,,,,
0021500230,499,9,1,4,9:50 PM,2:40,,,Heat Timeout: Regular (Reg.4 Short 1),,,3,1610612748,,,,,,0,0,,,,,,0,0,,,,,
0021500230,501,8,0,4,9:53 PM,2:40,,,SUB: Haslem FOR McRoberts,,,5,201177,Josh McRoberts,1610612748.0,Miami,Heat,MIA,5,2617,Udonis Haslem,1610612748.0,Miami,Heat,MIA,0,0,,,,,
0021500230,502,8,0,4,9:53 PM,2:40,SUB: O'Quinn FOR Anthony,,,,,4,2546,Carmelo Anthony,1610612752.0,New York,Knicks,NYK,4,203124,Kyle O'Quinn,1610612752.0,New York,Knicks,NYK,0,0,,,,,
0021500230,503,8,0,4,9:53 PM,2:40,SUB: Seraphin FOR Porzingis,,,,,4,204001,Kristaps Porzingis,1610612752.0,New York,Knicks,NYK,4,202338,Kevin Seraphin,1610612752.0,New York,Knicks,NYK,0,0,,,,,
0021500230,504,8,0,4,9:53 PM,2:40,SUB: Williams FOR Lopez,,,,,4,201577,Robin Lopez,1610612752.0,New York,Knicks,NYK,4,202682,Derrick Williams,1610612752.0,New York,Knicks,NYK,0,0,,,,,
0021500230,505,8,0,4,9:53 PM,2:40,SUB: Grant FOR Calderon,,,,,4,101181,Jose Calderon,1610612752.0,New York,Knicks,NYK,4,1626170,Jerian Grant,1610612752.0,New York,Knicks,NYK,0,0,,,,,
0021500230,506,2,1,4,9:53 PM,2:30,,,MISS Johnson 8' Jump Shot,,,5,204020,Tyler Johnson,1610612748.0,Miami,Heat,MIA,0,0,,,,,,0,0,,,,,
0021500230,507,4,0,4,9:53 PM,2:28,O'Quinn REBOUND (Off:3 Def:5),,,,,4,203124,Kyle O'Quinn,1610612752.0,New York,Knicks,NYK,0,0,,,,,,0,0,,,,,
0021500230,508,2,5,4,9:53 PM,2:15,MISS Galloway 2' Layup,,Whiteside BLOCK (6 BLK),,,4,204038,Langston Galloway,1610612752.0,New York,Knicks,NYK,0,0,,,,,,5,202355,Hassan Whiteside,1610612748.0,Miami,Heat,MIA
0021500230,509,4,0,4,9:53 PM,2:13,,,Winslow REBOUND (Off:1 Def:5),,,5,1626159,Justise Winslow,1610612748.0,Miami,Heat,MIA,0,0,,,,,,0,0,,,,,
0021500230,510,5,1,4,9:54 PM,1:53,O'Quinn STEAL (3 STL),,Johnson Bad Pass Turnover (P2.T13),,,5,204020,Tyler Johnson,1610612748.0,Miami,Heat,MIA,4,203124,Kyle O'Quinn,1610612752.0,New York,Knicks,NYK,0,0,,,,,
0021500230,511,6,1,4,9:54 PM,1:48,,,Winslow P.FOUL (P3.T4) (B.Barnaky),,,5,1626159,Justise Winslow,1610612748.0,Miami,Heat,MIA,4,1626170,Jerian Grant,1610612752.0,New York,Knicks,NYK,1,0,,,,,
0021500230,512,8,0,4,9:54 PM,1:48,,,SUB: Udrih FOR Johnson,,,5,204020,Tyler Johnson,1610612748.0,Miami,Heat,MIA,5,2757,Beno Udrih,1610612748.0,Miami,Heat,MIA,0,0,,,,,
0021500230,513,8,0,4,9:54 PM,1:48,,,SUB: Richardson FOR Whiteside,,,5,202355,Hassan Whiteside,1610612748.0,Miami,Heat,MIA,5,1626196,Josh Richardson,1610612748.0,Miami,Heat,MIA,0,0,,,,,
0021500230,514,2,1,4,9:54 PM,1:34,MISS Seraphin 8' Jump Shot,,,,,4,202338,Kevin Seraphin,1610612752.0,New York,Knicks,NYK,0,0,,,,,,0,0,,,,,
0021500230,515,4,0,4,9:54 PM,1:32,,,Winslow REBOUND (Off:1 Def:6),,,5,1626159,Justise Winslow,1610612748.0,Miami,Heat,MIA,0,0,,,,,,0,0,,,,,
0021500230,516,2,1,4,9:55 PM,1:15,,,MISS Winslow 26' 3PT Jump Shot,,,5,1626159,Justise Winslow,1610612748.0,Miami,Heat,MIA,0,0,,,,,,0,0,,,,,
0021500230,517,4,0,4,9:55 PM,1:13,Williams REBOUND (Off:0 Def:2),,,,,4,202682,Derrick Williams,1610612752.0,New York,Knicks,NYK,0,0,,,,,,0,0,,,,,
0021500230,518,2,1,4,9:55 PM,1:00,MISS Galloway  3PT Jump Shot,,,,,4,204038,Langston Galloway,1610612752.0,New York,Knicks,NYK,0,0,,,,,,0,0,,,,,
0021500230,519,4,0,4,9:55 PM,0:58,,,Richardson REBOUND (Off:0 Def:1),,,5,1626196,Josh Richardson,1610612748.0,Miami,Heat,MIA,0,0,,,,,,0,0,,,,,
0021500230,520,1,1,4,9:55 PM,0:38,,,Richardson 24' 3PT Jump Shot (3 PTS) (Winslow 1 AST),97 - 76,-21,5,1626196,Josh Richardson,1610612748.0,Miami,Heat,MIA,5,1626159,Justise Winslow,1610612748.0,Miami,Heat,MIA,0,0,,,,,
0021500230,521,1,42,4,9:55 PM,0:32,Grant 2' Driving Layup (8 PTS),,,97 - 78,-19,4,1626170,Jerian Grant,1610612752.0,New York,Knicks,NYK,0,0,,,,,,0,0,,,,,
0021500230,522,2,1,4,9:56 PM,0:08,,,MISS Richardson 25' 3PT Jump Shot,,,5,1626196,Josh Richardson,1610612748.0,Miami,Heat,MIA,0,0,,,,,,0,0,,,,,
0021500230,523,4,0,4,9:56 PM,0:06,Galloway REBOUND (Off:0 Def:4),,,,,4,204038,Langston Galloway,1610612752.0,New York,Knicks,NYK,0,0,,,,,,0,0,,,,,
0021500230,524,2,5,4,9:56 PM,0:00,MISS Seraphin 3' Layup,,,,,4,202338,Kevin Seraphin,1610612752.0,New York,Knicks,NYK,0,0,,,,,,0,0,,,,,
0021500230,525,4,0,4,9:56 PM,0:00,KNICKS Rebound,,,,,2,1610612752,,,,,,0,0,,,,,,0,0,,,,,
0021500230,526,13,0,4,9:56 PM,0:00,,,,97 - 78,-19,0,0,,,,,,0,0,,,,,,0,0,,,,,
