GAME_ID,EVENTNUM,EVENTMSGTYPE,EVENTMSGACTIONTYPE,PERIOD,WCTIMESTRING,PCTIMESTRING,HOMEDESCRIPTION,NEUTRALDESCRIPTION,VISITORDESCRIPTION,SCORE,SCOREMARGIN,PERSON1TYPE,PLAYER1_ID,PLAYER1_NAME,PLAYER1_TEAM_ID,PLAYER1_TEAM_CITY,PLAYER1_TEAM_NICKNAME,PLAYER1_TEAM_ABBREVIATION,PERSON2TYPE,PLAYER2_ID,PLAYER2_NAME,PLAYER2_TEAM_ID,PLAYER2_TEAM_CITY,PLAYER2_TEAM_NICKNAME,PLAYER2_TEAM_ABBREVIATION,PERSON3TYPE,PLAYER3_ID,PLAYER3_NAME,PLAYER3_TEAM_ID,PLAYER3_TEAM_CITY,PLAYER3_TEAM_NICKNAME,PLAYER3_TEAM_ABBREVIATION
0021500286,0,12,0,1,8:12 PM,12:00,,,,,,0,0,,,,,,0,0,,,,,,0,0,,,,,
0021500286,1,10,0,1,8:12 PM,12:00,Jump Ball Horford vs. Hibbert: Tip to Teague,,,,,4,201143,Al Horford,1610612737.0,Atlanta,Hawks,ATL,5,201579,Roy Hibbert,1610612747.0,Los Angeles,Lakers,LAL,4,201952,Jeff Teague,1610612737.0,Atlanta,Hawks,ATL
0021500286,2,2,5,1,8:12 PM,11:44,MISS Sefolosha 2' Layup,,Bryant BLOCK (1 BLK),,,4,200757,Thabo Sefolosha,1610612737.0,Atlanta,Hawks,ATL,0,0,,,,,,5,977,Kobe Bryant,1610612747.0,Los Angeles,Lakers,LAL
0021500286,3,4,0,1,8:12 PM,11:44,,,Lakers Rebound,,,3,1610612747,,,,,,0,0,,,,,,0,0,,,,,
0021500286,4,2,1,1,8:13 PM,11:25,,,MISS Bryant 20' Jump Shot,,,5,977,Kobe Bryant,1610612747.0,Los Angeles,Lakers,LAL,0,0,,,,,,0,0,,,,,
0021500286,5,4,0,1,8:13 PM,11:24,HAWKS Rebound,,,,,2,1610612737,,,,,,0,0,,,,,,0,0,,,,,
0021500286,6,2,1,1,8:13 PM,11:11,MISS Korver 24' 3PT Jump Shot,,,,,4,2594,Kyle Korver,1610612737.0,Atlanta,Hawks,ATL,0,0,,,,,,0,0,,,,,
0021500286,7,4,0,1,8:13 PM,11:09,,,Russell REBOUND (Off:0 Def:1),,,5,1626156,D'Angelo Russell,1610612747.0,Los Angeles,Lakers,LAL,0,0,,,,,,0,0,,,,,
0021500286,8,2,58,1,8:13 PM,10:57,,,MISS Hibbert 10' Turnaround Hook Shot,,,5,201579,Roy Hibbert,1610612747.0,Los Angeles,Lakers,LAL,0,0,,,,,,0,0,,,,,
0021500286,9,4,0,1,8:13 PM,10:56,,,Russell REBOUND (Off:1 Def:1),,,5,1626156,D'Angelo Russell,1610612747.0,Los Angeles,Lakers,LAL,0,0,,,,,,0,0,,,,,
0021500286,10,2,72,1,8:13 PM,10:55,,,MISS Russell 1' Putback Layup,,,5,1626156,D'Angelo Russell,1610612747.0,Los Angeles,Lakers,LAL,0,0,,,,,,0,0,,,,,
0021500286,11,4,0,1,8:13 PM,10:53,Korver REBOUND (Off:0 Def:1),,,,,4,2594,Kyle Korver,1610612737.0,Atlanta,Hawks,ATL,0,0,,,,,,0,0,,,,,
0021500286,12,1,42,1,8:13 PM,10:38,Millsap 3' Driving Layup (2 PTS) (Teague 1 AST),,,0 - 2,2,4,200794,Paul Millsap,1610612737.0,Atlanta,Hawks,ATL,4,201952,Jeff Teague,1610612737.0,Atlanta,Hawks,ATL,0,0,,,,,
0021500286,14,2,1,1,8:14 PM,10:26,,,MISS Bryant 25' 3PT Jump Shot,,,5,977,Kobe Bryant,1610612747.0,Los Angeles,Lakers,LAL,0,0,,,,,,0,0,,,,,
0021500286,15,4,0,1,8:14 PM,10:25,Korver REBOUND (Off:0 Def:2),,,,,4,2594,Kyle Korver,1610612737.0,Atlanta,Hawks,ATL,0,0,,,,,,0,0,,,,,
0021500286,16,1,1,1,8:14 PM,10:16,Horford 24' 3PT Jump Shot (3 PTS) (Teague 2 AST),,,0 - 5,5,4,201143,Al Horford,1610612737.0,Atlanta,Hawks,ATL,4,201952,Jeff Teague,1610612737.0,Atlanta,Hawks,ATL,0,0,,,,,
0021500286,18,5,45,1,8:14 PM,9:56,,,Russell Out of Bounds - Bad Pass Turnover Turnover (P1.T1),,,5,1626156,D'Angelo Russell,1610612747.0,Los Angeles,Lakers,LAL,0,0,,,,,,0,0,,,,,
0021500286,19,1,1,1,8:14 PM,9:46,Horford 17' Jump Shot (5 PTS) (Korver 1 AST),,,0 - 7,7,4,201143,Al Horford,1610612737.0,Atlanta,Hawks,ATL,4,2594,Kyle Korver,1610612737.0,Atlanta,Hawks,ATL,0,0,,,,,
0021500286,20,2,79,1,8:15 PM,9:26,,,MISS Russell 21' Pullup Jump Shot,,,5,1626156,D'Angelo Russell,1610612747.0,Los Angeles,Lakers,LAL,0,0,,,,,,0,0,,,,,
0021500286,21,4,0,1,8:15 PM,9:24,,,Hibbert REBOUND (Off:1 Def:0),,,5,201579,Roy Hibbert,1610612747.0,Los Angeles,Lakers,LAL,0,0,,,,,,0,0,,,,,
0021500286,22,2,79,1,8:15 PM,9:16,Korver BLOCK (1 BLK),,MISS Clarkson 9' Pullup Jump Shot,,,5,203903,Jordan Clarkson,1610612747.0,Los Angeles,Lakers,LAL,0,0,,,,,,4,2594,Kyle Korver,1610612737.0,Atlanta,Hawks,ATL
0021500286,23,4,0,1,8:15 PM,9:15,Horford REBOUND (Off:0 Def:1),,,,,4,201143,Al Horford,1610612737.0,Atlanta,Hawks,ATL,0,0,,,,,,0,0,,,,,
0021500286,24,2,1,1,8:15 PM,8:59,MISS Horford  3PT Jump Shot,,,,,4,201143,Al Horford,1610612737.0,Atlanta,Hawks,ATL,0,0,,,,,,0,0,,,,,
0021500286,25,4,0,1,8:15 PM,8:58,,,Randle REBOUND (Off:0 Def:1),,,5,203944,Julius Randle,1610612747.0,Los Angeles,Lakers,LAL,0,0,,,,,,0,0,,,,,
0021500286,26,2,101,1,8:15 PM,8:44,,,MISS Bryant 10' Driving Floating Jump Shot,,,5,977,Kobe Bryant,1610612747.0,Los Angeles,Lakers,LAL,0,0,,,,,,0,0,,,,,
0021500286,27,4,0,1,8:16 PM,8:43,Horford REBOUND (Off:0 Def:2),,,,,4,201143,Al Horford,1610612737.0,Atlanta,Hawks,ATL,0,0,,,,,,0,0,,,,,
0021500286,28,5,45,1,8:16 PM,8:37,Korver Out of Bounds - Bad Pass Turnover Turnover (P1.T1),,,,,4,2594,Kyle Korver,1610612737.0,Atlanta,Hawks,ATL,0,0,,,,,,0,0,,,,,
0021500286,30,2,1,1,8:16 PM,8:25,,,MISS Russell  3PT Jump Shot,,,5,1626156,D'Angelo Russell,1610612747.0,Los Angeles,Lakers,LAL,0,0,,,,,,0,0,,,,,
0021500286,31,4,0,1,8:16 PM,8:24,Korver REBOUND (Off:0 Def:3),,,,,4,2594,Kyle Korver,1610612737.0,Atlanta,Hawks,ATL,0,0,,,,,,0,0,,,,,
0021500286,32,2,1,1,8:16 PM,8:05,MISS Horford  3PT Jump Shot,,,,,4,201143,Al Horford,1610612737.0,Atlanta,Hawks,ATL,0,0,,,,,,0,0,,,,,
0021500286,33,4,0,1,8:16 PM,8:04,,,Hibbert REBOUND (Off:1 Def:1),,,5,201579,Roy Hibbert,1610612747.0,Los Angeles,Lakers,LAL,0,0,,,,,,0,0,,,,,
0021500286,35,7,5,1,8:17 PM,7:48,Teague Violation:Kicked Ball (.),,,,,4,201952,Jeff Teague,1610612737.0,Atlanta,Hawks,ATL,0,0,,,,,,0,0,,,,,
0021500286,36,2,101,1,8:17 PM,7:39,,,MISS Randle 4' Driving Floating Jump Shot,,,5,203944,Julius Randle,1610612747.0,Los Angeles,Lakers,LAL,0,0,,,,,,0,0,,,,,
0021500286,38,4,0,1,8:17 PM,7:38,,,Randle REBOUND (Off:1 Def:1),,,5,203944,Julius Randle,1610612747.0,Los Angeles,Lakers,LAL,0,0,,,,,,0,0,,,,,
0021500286,37,2,97,1,8:17 PM,7:38,,,MISS Randle 2' Tip Layup Shot,,,5,203944,Julius Randle,1610612747.0,Los Angeles,Lakers,LAL,0,0,,,,,,0,0,,,,,
0021500286,39,4,0,1,8:17 PM,7:37,,,Hibbert REBOUND (Off:2 Def:1),,,5,201579,Roy Hibbert,1610612747.0,Los Angeles,Lakers,LAL,0,0,,,,,,0,0,,,,,
0021500286,40,1,87,1,8:17 PM,7:36,,,Hibbert  Putback Dunk (2 PTS),2 - 7,5,5,201579,Roy Hibbert,1610612747.0,Los Angeles,Lakers,LAL,0,0,,,,,,0,0,,,,,
0021500286,41,2,1,1,8:17 PM,7:21,MISS Sefolosha 25' 3PT Jump Shot,,,,,4,200757,Thabo Sefolosha,1610612737.0,Atlanta,Hawks,ATL,0,0,,,,,,0,0,,,,,
0021500286,42,4,0,1,8:17 PM,7:20,,,Russell REBOUND (Off:1 Def:2),,,5,1626156,D'Angelo Russell,1610612747.0,Los Angeles,Lakers,LAL,0,0,,,,,,0,0,,,,,
0021500286,44,1,1,1,8:18 PM,7:09,,,Russell 24' 3PT Jump Shot (3 PTS) (Bryant 1 AST),5 - 7,2,5,1626156,D'Angelo Russell,1610612747.0,Los Angeles,Lakers,LAL,5,977,Kobe Bryant,1610612747.0,Los Angeles,Lakers,LAL,0,0,,,,,
0021500286,45,2,1,1,8:18 PM,6:58,MISS Horford 25' 3PT Jump Shot,,,,,4,201143,Al Horford,1610612737.0,Atlanta,Hawks,ATL,0,0,,,,,,0,0,,,,,
0021500286,46,4,0,1,8:18 PM,6:56,,,Randle REBOUND (Off:1 Def:2),,,5,203944,Julius Randle,1610612747.0,Los Angeles,Lakers,LAL,0,0,,,,,,0,0,,,,,
0021500286,47,5,2,1,8:18 PM,6:41,Horford STEAL (1 STL),,Hibbert Lost Ball Turnover (P1.T2),,,5,201579,Roy Hibbert,1610612747.0,Los Angeles,Lakers,LAL,4,201143,Al Horford,1610612737.0,Atlanta,Hawks,ATL,0,0,,,,,
0021500286,48,2,1,1,8:18 PM,6:32,MISS Millsap  3PT Jump Shot,,,,,4,200794,Paul Millsap,1610612737.0,Atlanta,Hawks,ATL,0,0,,,,,,0,0,,,,,
0021500286,49,4,0,1,8:18 PM,6:31,Sefolosha REBOUND (Off:1 Def:0),,,,,4,200757,Thabo Sefolosha,1610612737.0,Atlanta,Hawks,ATL,0,0,,,,,,0,0,,,,,
0021500286,50,1,1,1,8:18 PM,6:26,Sefolosha 24' 3PT Jump Shot (3 PTS),,,5 - 10,5,4,200757,Thabo Sefolosha,1610612737.0,Atlanta,Hawks,ATL,0,0,,,,,,0,0,,,,,
0021500286,51,2,1,1,8:19 PM,6:03,,,MISS Hibbert 19' Jump Shot,,,5,201579,Roy Hibbert,1610612747.0,Los Angeles,Lakers,LAL,0,0,,,,,,0,0,,,,,
0021500286,52,4,0,1,8:19 PM,6:02,Millsap REBOUND (Off:0 Def:1),,,,,4,200794,Paul Millsap,1610612737.0,Atlanta,Hawks,ATL,0,0,,,,,,0,0,,,,,
0021500286,53,9,1,1,8:19 PM,5:57,HAWKS Timeout: Regular (Full 1 Short 0),,,,,2,1610612737,,,,,,0,0,,,,,,0,0,,,,,
0021500286,55,8,0,1,8:21 PM,5:57,,,SUB: Nance Jr. FOR Randle,,,5,203944,Julius Randle,1610612747.0,Los Angeles,Lakers,LAL,5,1626204,Larry Nance Jr.,1610612747.0,Los Angeles,Lakers,LAL,0,0,,,,,
0021500286,56,8,0,1,8:21 PM,5:57,,,SUB: Williams FOR Russell,,,5,1626156,D'Angelo Russell,1610612747.0,Los Angeles,Lakers,LAL,5,101150,Lou Williams,1610612747.0,Los Angeles,Lakers,LAL,0,0,,,,,
0021500286,57,8,0,1,8:21 PM,5:57,SUB: Muscala FOR Horford,,,,,4,201143,Al Horford,1610612737.0,Atlanta,Hawks,ATL,4,203488,Mike Muscala,1610612737.0,Atlanta,Hawks,ATL,0,0,,,,,
0021500286,59,2,44,1,8:22 PM,5:41,MISS Millsap 2' Reverse Layup,,,,,4,200794,Paul Millsap,1610612737.0,Atlanta,Hawks,ATL,0,0,,,,,,0,0,,,,,
0021500286,60,4,0,1,8:22 PM,5:41,,,Lakers Rebound,,,3,1610612747,,,,,,0,0,,,,,,0,0,,,,,
0021500286,61,2,57,1,8:22 PM,5:27,,,MISS Hibbert 6' Driving Hook Shot,,,5,201579,Roy Hibbert,1610612747.0,Los Angeles,Lakers,LAL,0,0,,,,,,0,0,,,,,
0021500286,62,4,0,1,8:22 PM,5:26,Millsap REBOUND (Off:0 Def:2),,,,,4,200794,Paul Millsap,1610612737.0,Atlanta,Hawks,ATL,0,0,,,,,,0,0,,,,,
0021500286,63,6,1,1,8:22 PM,5:26,,,Hibbert P.FOUL (P1.T1) (E.Malloy),,,5,201579,Roy Hibbert,1610612747.0,Los Angeles,Lakers,LAL,4,200794,Paul Millsap,1610612737.0,Atlanta,Hawks,ATL,1,0,,,,,
0021500286,64,2,98,1,8:22 PM,5:15,MISS Millsap 2' Cutting Layup Shot,,Hibbert BLOCK (1 BLK),,,4,200794,Paul Millsap,1610612737.0,Atlanta,Hawks,ATL,0,0,,,,,,5,201579,Roy Hibbert,1610612747.0,Los Angeles,Lakers,LAL
0021500286,65,4,0,1,8:22 PM,5:14,Muscala REBOUND (Off:1 Def:0),,,,,4,203488,Mike Muscala,1610612737.0,Atlanta,Hawks,ATL,0,0,,,,,,0,0,,,,,
0021500286,66,2,72,1,8:22 PM,5:12,MISS Muscala 1' Putback Layup,,Bryant BLOCK (2 BLK),,,4,203488,Mike Muscala,1610612737.0,Atlanta,Hawks,ATL,0,0,,,,,,5,977,Kobe Bryant,1610612747.0,Los Angeles,Lakers,LAL
0021500286,67,4,0,1,8:23 PM,5:11,,,Nance Jr. REBOUND (Off:0 Def:1),,,5,1626204,Larry Nance Jr.,1610612747.0,Los Angeles,Lakers,LAL,0,0,,,,,,0,0,,,,,
0021500286,68,2,47,1,8:23 PM,5:02,,,MISS Bryant 16' Turnaround Jump Shot,,,5,977,Kobe Bryant,1610612747.0,Los Angeles,Lakers,LAL,0,0,,,,,,0,0,,,,,
0021500286,69,4,0,1,8:23 PM,5:00,Sefolosha REBOUND (Off:1 Def:1),,,,,4,200757,Thabo Sefolosha,1610612737.0,Atlanta,Hawks,ATL,0,0,,,,,,0,0,,,,,
0021500286,70,2,1,1,8:23 PM,4:46,MISS Muscala 19' Jump Shot,,,,,4,203488,Mike Muscala,1610612737.0,Atlanta,Hawks,ATL,0,0,,,,,,0,0,,,,,
0021500286,71,4,0,1,8:23 PM,4:45,,,Nance Jr. REBOUND (Off:0 Def:2),,,5,1626204,Larry Nance Jr.,1610612747.0,Los Angeles,Lakers,LAL,0,0,,,,,,0,0,,,,,
0021500286,72,1,1,1,8:23 PM,4:31,,,Williams 25' 3PT Jump Shot (3 PTS) (Clarkson 1 AST),8 - 10,2,5,101150,Lou Williams,1610612747.0,Los Angeles,Lakers,LAL,5,203903,Jordan Clarkson,1610612747.0,Los Angeles,Lakers,LAL,0,0,,,,,
0021500286,73,1,79,1,8:23 PM,4:15,Teague 19' Pullup Jump Shot (2 PTS),,,8 - 12,4,4,201952,Jeff Teague,1610612737.0,Atlanta,Hawks,ATL,0,0,,,,,,0,0,,,,,
0021500286,75,1,5,1,8:24 PM,3:52,,,Nance Jr. 2' Layup (2 PTS) (Bryant 2 AST),10 - 12,2,5,1626204,Larry Nance Jr.,1610612747.0,Los Angeles,Lakers,LAL,5,977,Kobe Bryant,1610612747.0,Los Angeles,Lakers,LAL,0,0,,,,,
0021500286,76,1,98,1,8:24 PM,3:44,Muscala 1' Cutting Layup Shot (2 PTS) (Teague 3 AST),,,10 - 14,4,4,203488,Mike Muscala,1610612737.0,Atlanta,Hawks,ATL,4,201952,Jeff Teague,1610612737.0,Atlanta,Hawks,ATL,0,0,,,,,
0021500286,77,6,2,1,8:24 PM,3:44,,,Williams S.FOUL (P1.T2) (D.Richardson),,,5,101150,Lou Williams,1610612747.0,Los Angeles,Lakers,LAL,4,203488,Mike Muscala,1610612737.0,Atlanta,Hawks,ATL,1,0,,,,,
0021500286,78,8,0,1,8:24 PM,3:44,SUB: Schroder FOR Korver,,,,,4,2594,Kyle Korver,1610612737.0,Atlanta,Hawks,ATL,4,203471,Dennis Schroder,1610612737.0,Atlanta,Hawks,ATL,0,0,,,,,
0021500286,79,8,0,1,8:24 PM,3:44,SUB: Bazemore FOR Teague,,,,,4,201952,Jeff Teague,1610612737.0,Atlanta,Hawks,ATL,4,203145,Kent Bazemore,1610612737.0,Atlanta,Hawks,ATL,0,0,,,,,
0021500286,80,8,0,1,8:24 PM,3:44,,,SUB: Bass FOR Bryant,,,5,977,Kobe Bryant,1610612747.0,Los Angeles,Lakers,LAL,5,101138,Brandon Bass,1610612747.0,Los Angeles,Lakers,LAL,0,0,,,,,
0021500286,81,8,0,1,8:24 PM,3:44,,,SUB: World Peace FOR Hibbert,,,5,201579,Roy Hibbert,1610612747.0,Los Angeles,Lakers,LAL,5,1897,Metta World Peace,1610612747.0,Los Angeles,Lakers,LAL,0,0,,,,,
0021500286,82,8,0,1,8:25 PM,3:44,SUB: Patterson FOR Sefolosha,,,,,4,200757,Thabo Sefolosha,1610612737.0,Atlanta,Hawks,ATL,4,203934,Lamar Patterson,1610612737.0,Atlanta,Hawks,ATL,0,0,,,,,
0021500286,84,3,10,1,8:25 PM,3:44,Muscala Free Throw 1 of 1 (3 PTS),,,10 - 15,5,4,203488,Mike Muscala,1610612737.0,Atlanta,Hawks,ATL,0,0,,,,,,0,0,,,,,
0021500286,86,1,1,1,8:25 PM,3:31,,,Williams 24' 3PT Jump Shot (6 PTS) (Clarkson 2 AST),13 - 15,2,5,101150,Lou Williams,1610612747.0,Los Angeles,Lakers,LAL,5,203903,Jordan Clarkson,1610612747.0,Los Angeles,Lakers,LAL,0,0,,,,,
0021500286,87,1,1,1,8:25 PM,3:13,Muscala 25' 3PT Jump Shot (6 PTS) (Schroder 1 AST),,,13 - 18,5,4,203488,Mike Muscala,1610612737.0,Atlanta,Hawks,ATL,4,203471,Dennis Schroder,1610612737.0,Atlanta,Hawks,ATL,0,0,,,,,
0021500286,89,2,2,1,8:26 PM,2:49,Schroder BLOCK (1 BLK),,MISS Williams 9' Running Jump Shot,,,5,101150,Lou Williams,1610612747.0,Los Angeles,Lakers,LAL,0,0,,,,,,4,203471,Dennis Schroder,1610612737.0,Atlanta,Hawks,ATL
0021500286,117,4,0,1,8:26 PM,2:49,Schroder REBOUND (Off:0 Def:1),,,,,4,203471,Dennis Schroder,1610612737.0,Atlanta,Hawks,ATL,0,0,,,,,,0,0,,,,,
0021500286,90,1,5,1,8:26 PM,2:35,Millsap  Layup (4 PTS) (Schroder 2 AST),,,13 - 20,7,4,200794,Paul Millsap,1610612737.0,Atlanta,Hawks,ATL,4,203471,Dennis Schroder,1610612737.0,Atlanta,Hawks,ATL,0,0,,,,,
0021500286,92,9,1,1,8:26 PM,2:19,,,Lakers Timeout: Regular (Reg.1 Short 0),,,3,1610612747,,,,,,0,0,,,,,,0,0,,,,,
0021500286,95,8,0,1,8:28 PM,2:19,SUB: Horford FOR Millsap,,,,,4,200794,Paul Millsap,1610612737.0,Atlanta,Hawks,ATL,4,201143,Al Horford,1610612737.0,Atlanta,Hawks,ATL,0,0,,,,,
0021500286,96,1,1,1,8:29 PM,2:14,,,Clarkson 19' Jump Shot (2 PTS) (World Peace 1 AST),15 - 20,5,5,203903,Jordan Clarkson,1610612747.0,Los Angeles,Lakers,LAL,5,1897,Metta World Peace,1610612747.0,Los Angeles,Lakers,LAL,0,0,,,,,
0021500286,97,2,1,1,8:29 PM,1:57,MISS Bazemore  3PT Jump Shot,,,,,4,203145,Kent Bazemore,1610612737.0,Atlanta,Hawks,ATL,0,0,,,,,,0,0,,,,,
0021500286,98,4,0,1,8:29 PM,1:56,,,Clarkson REBOUND (Off:0 Def:1),,,5,203903,Jordan Clarkson,1610612747.0,Los Angeles,Lakers,LAL,0,0,,,,,,0,0,,,,,
0021500286,99,5,2,1,8:29 PM,1:48,Bazemore STEAL (1 STL),,Williams Lost Ball Turnover (P1.T3),,,5,101150,Lou Williams,1610612747.0,Los Angeles,Lakers,LAL,4,203145,Kent Bazemore,1610612737.0,Atlanta,Hawks,ATL,0,0,,,,,
0021500286,100,2,1,1,8:30 PM,1:24,MISS Horford 16' Jump Shot,,,,,4,201143,Al Horford,1610612737.0,Atlanta,Hawks,ATL,0,0,,,,,,0,0,,,,,
0021500286,101,4,0,1,8:30 PM,1:22,,,World Peace REBOUND (Off:0 Def:1),,,5,1897,Metta World Peace,1610612747.0,Los Angeles,Lakers,LAL,0,0,,,,,,0,0,,,,,
0021500286,102,6,2,1,8:30 PM,1:16,Patterson S.FOUL (P1.T1) (D.Richardson),,,,,4,203934,Lamar Patterson,1610612737.0,Atlanta,Hawks,ATL,5,101150,Lou Williams,1610612747.0,Los Angeles,Lakers,LAL,1,0,,,,,
0021500286,103,3,11,1,8:30 PM,1:16,,,Williams Free Throw 1 of 2 (7 PTS),16 - 20,4,5,101150,Lou Williams,1610612747.0,Los Angeles,Lakers,LAL,0,0,,,,,,0,0,,,,,
0021500286,106,3,12,1,8:30 PM,1:16,,,Williams Free Throw 2 of 2 (8 PTS),17 - 20,3,5,101150,Lou Williams,1610612747.0,Los Angeles,Lakers,LAL,0,0,,,,,,0,0,,,,,
0021500286,109,1,1,1,8:31 PM,1:01,Schroder 26' 3PT Jump Shot (3 PTS) (Bazemore 1 AST),,,17 - 23,6,4,203471,Dennis Schroder,1610612737.0,Atlanta,Hawks,ATL,4,203145,Kent Bazemore,1610612737.0,Atlanta,Hawks,ATL,0,0,,,,,
0021500286,110,2,47,1,8:31 PM,0:35,,,MISS Bass 9' Turnaround Jump Shot,,,5,101138,Brandon Bass,1610612747.0,Los Angeles,Lakers,LAL,0,0,,,,,,0,0,,,,,
0021500286,111,4,0,1,8:31 PM,0:32,Muscala REBOUND (Off:1 Def:1),,,,,4,203488,Mike Muscala,1610612737.0,Atlanta,Hawks,ATL,0,0,,,,,,0,0,,,,,
0021500286,112,2,103,1,8:31 PM,0:24,MISS Schroder 26' 3PT Running Pull-Up Jump Shot,,,,,4,203471,Dennis Schroder,1610612737.0,Atlanta,Hawks,ATL,0,0,,,,,,0,0,,,,,
0021500286,113,4,0,1,8:31 PM,0:22,,,World Peace REBOUND (Off:0 Def:2),,,5,1897,Metta World Peace,1610612747.0,Los Angeles,Lakers,LAL,0,0,,,,,,0,0,,,,,
0021500286,114,1,101,1,8:32 PM,0:04,,,Williams 8' Driving Floating Jump Shot (10 PTS),19 - 23,4,5,101150,Lou Williams,1610612747.0,Los Angeles,Lakers,LAL,0,0,,,,,,0,0,,,,,
0021500286,115,13,0,1,8:32 PM,0:00,,,,19 - 23,4,0,0,,,,,,0,0,,,,,,0,0,,,,,
0021500286,118,12,0,2,8:35 PM,12:00,,,,19 - 23,4,0,0,,,,,,0,0,,,,,,0,0,,,,,
0021500286,119,2,1,2,8:35 PM,11:45,,,MISS Williams 25' 3PT Jump Shot,,,5,101150,Lou Williams,1610612747.0,Los Angeles,Lakers,LAL,0,0,,,,,,0,0,,,,,
0021500286,120,4,0,2,8:35 PM,11:44,Schroder REBOUND (Off:0 Def:2),,,,,4,203471,Dennis Schroder,1610612737.0,Atlanta,Hawks,ATL,0,0,,,,,,0,0,,,,,
0021500286,121,2,1,2,8:35 PM,11:35,MISS Schroder 24' 3PT Jump Shot,,,,,4,203471,Dennis Schroder,1610612737.0,Atlanta,Hawks,ATL,0,0,,,,,,0,0,,,,,
0021500286,122,4,0,2,8:35 PM,11:33,Horford REBOUND (Off:1 Def:2),,,,,4,201143,Al Horford,1610612737.0,Atlanta,Hawks,ATL,0,0,,,,,,0,0,,,,,
0021500286,123,1,42,2,8:35 PM,11:23,Bazemore 2' Driving Layup (2 PTS),,,19 - 25,6,4,203145,Kent Bazemore,1610612737.0,Atlanta,Hawks,ATL,0,0,,,,,,0,0,,,,,
0021500286,124,2,42,2,8:35 PM,11:13,,,MISS Russell 2' Driving Layup,,,5,1626156,D'Angelo Russell,1610612747.0,Los Angeles,Lakers,LAL,0,0,,,,,,0,0,,,,,
0021500286,125,4,0,2,8:36 PM,11:13,HAWKS Rebound,,,,,2,1610612737,,,,,,0,0,,,,,,0,0,,,,,
0021500286,126,2,80,2,8:36 PM,10:59,MISS Bazemore 19' Step Back Jump Shot,,,,,4,203145,Kent Bazemore,1610612737.0,Atlanta,Hawks,ATL,0,0,,,,,,0,0,,,,,
0021500286,127,4,0,2,8:36 PM,10:57,,,Nance Jr. REBOUND (Off:0 Def:3),,,5,1626204,Larry Nance Jr.,1610612747.0,Los Angeles,Lakers,LAL,0,0,,,,,,0,0,,,,,
0021500286,128,1,7,2,8:36 PM,10:39,,,Bass  Dunk (2 PTS) (Williams 1 AST),21 - 25,4,5,101138,Brandon Bass,1610612747.0,Los Angeles,Lakers,LAL,5,101150,Lou Williams,1610612747.0,Los Angeles,Lakers,LAL,0,0,,,,,
0021500286,129,5,4,2,8:36 PM,10:29,Patterson Traveling Turnover (P1.T2),,,,,4,203934,Lamar Patterson,1610612737.0,Atlanta,Hawks,ATL,0,0,,,,,,1,0,,,,,
0021500286,131,5,45,2,8:37 PM,10:12,,,Russell Out of Bounds - Bad Pass Turnover Turnover (P2.T4),,,5,1626156,D'Angelo Russell,1610612747.0,Los Angeles,Lakers,LAL,0,0,,,,,,0,0,,,,,
0021500286,132,8,0,2,8:37 PM,10:12,,,SUB: Randle FOR Nance Jr.,,,5,1626204,Larry Nance Jr.,1610612747.0,Los Angeles,Lakers,LAL,5,203944,Julius Randle,1610612747.0,Los Angeles,Lakers,LAL,0,0,,,,,
0021500286,133,8,0,2,8:37 PM,10:12,SUB: Korver FOR Patterson,,,,,4,203934,Lamar Patterson,1610612737.0,Atlanta,Hawks,ATL,4,2594,Kyle Korver,1610612737.0,Atlanta,Hawks,ATL,0,0,,,,,
0021500286,134,1,1,2,8:37 PM,9:57,Horford 18' Jump Shot (7 PTS) (Scott 1 AST),,,21 - 27,6,4,201143,Al Horford,1610612737.0,Atlanta,Hawks,ATL,4,203118,Mike Scott,1610612737.0,Atlanta,Hawks,ATL,0,0,,,,,
0021500286,135,6,2,2,8:38 PM,9:44,Bazemore S.FOUL (P1.T1) (E.Malloy),,,,,4,203145,Kent Bazemore,1610612737.0,Atlanta,Hawks,ATL,5,977,Kobe Bryant,1610612747.0,Los Angeles,Lakers,LAL,1,0,,,,,
0021500286,136,3,13,2,8:38 PM,9:44,,,MISS Bryant Free Throw 1 of 3,,,5,977,Kobe Bryant,1610612747.0,Los Angeles,Lakers,LAL,0,0,,,,,,0,0,,,,,
0021500286,137,4,1,2,8:38 PM,9:44,,,Lakers Rebound,,,3,1610612747,,,,,,0,0,,,,,,0,0,,,,,
0021500286,138,3,14,2,8:38 PM,9:44,,,Bryant Free Throw 2 of 3 (1 PTS),22 - 27,5,5,977,Kobe Bryant,1610612747.0,Los Angeles,Lakers,LAL,0,0,,,,,,0,0,,,,,
0021500286,140,3,15,2,8:38 PM,9:44,,,Bryant Free Throw 3 of 3 (2 PTS),23 - 27,4,5,977,Kobe Bryant,1610612747.0,Los Angeles,Lakers,LAL,0,0,,,,,,0,0,,,,,
0021500286,142,2,5,2,8:39 PM,9:32,MISS Scott 1' Layup,,,,,4,203118,Mike Scott,1610612737.0,Atlanta,Hawks,ATL,0,0,,,,,,0,0,,,,,
0021500286,143,4,0,2,8:39 PM,9:30,Scott REBOUND (Off:1 Def:0),,,,,4,203118,Mike Scott,1610612737.0,Atlanta,Hawks,ATL,0,0,,,,,,0,0,,,,,
0021500286,144,6,2,2,8:39 PM,9:30,,,Bass S.FOUL (P1.T1) (E.Malloy),,,5,101138,Brandon Bass,1610612747.0,Los Angeles,Lakers,LAL,4,203118,Mike Scott,1610612737.0,Atlanta,Hawks,ATL,1,0,,,,,
0021500286,145,3,11,2,8:39 PM,9:30,Scott Free Throw 1 of 2 (1 PTS),,,23 - 28,5,4,203118,Mike Scott,1610612737.0,Atlanta,Hawks,ATL,0,0,,,,,,0,0,,,,,
0021500286,147,8,0,2,8:39 PM,9:30,,,SUB: Hibbert FOR Bass,,,5,101138,Brandon Bass,1610612747.0,Los Angeles,Lakers,LAL,5,201579,Roy Hibbert,1610612747.0,Los Angeles,Lakers,LAL,0,0,,,,,
0021500286,148,3,12,2,8:40 PM,9:30,Scott Free Throw 2 of 2 (2 PTS),,,23 - 29,6,4,203118,Mike Scott,1610612737.0,Atlanta,Hawks,ATL,0,0,,,,,,0,0,,,,,
0021500286,151,6,1,2,8:40 PM,9:18,Scott P.FOUL (P1.T2) (D.Richardson),,,,,4,203118,Mike Scott,1610612737.0,Atlanta,Hawks,ATL,5,203944,Julius Randle,1610612747.0,Los Angeles,Lakers,LAL,1,0,,,,,
0021500286,152,2,79,2,8:40 PM,9:07,,,MISS Russell 25' 3PT Pullup Jump Shot,,,5,1626156,D'Angelo Russell,1610612747.0,Los Angeles,Lakers,LAL,0,0,,,,,,0,0,,,,,
0021500286,153,4,0,2,8:40 PM,9:05,Scott REBOUND (Off:1 Def:1),,,,,4,203118,Mike Scott,1610612737.0,Atlanta,Hawks,ATL,0,0,,,,,,0,0,,,,,
0021500286,154,2,1,2,8:41 PM,8:54,MISS Korver 25' 3PT Jump Shot,,,,,4,2594,Kyle Korver,1610612737.0,Atlanta,Hawks,ATL,0,0,,,,,,0,0,,,,,
0021500286,155,4,0,2,8:41 PM,8:53,,,Hibbert REBOUND (Off:2 Def:2),,,5,201579,Roy Hibbert,1610612747.0,Los Angeles,Lakers,LAL,0,0,,,,,,0,0,,,,,
0021500286,156,5,1,2,8:41 PM,8:51,Bazemore STEAL (2 STL),,Hibbert Bad Pass Turnover (P2.T5),,,5,201579,Roy Hibbert,1610612747.0,Los Angeles,Lakers,LAL,4,203145,Kent Bazemore,1610612737.0,Atlanta,Hawks,ATL,0,0,,,,,
0021500286,157,2,1,2,8:41 PM,8:47,MISS Scott 18' Jump Shot,,,,,4,203118,Mike Scott,1610612737.0,Atlanta,Hawks,ATL,0,0,,,,,,0,0,,,,,
0021500286,158,4,0,2,8:41 PM,8:45,,,Bryant REBOUND (Off:0 Def:1),,,5,977,Kobe Bryant,1610612747.0,Los Angeles,Lakers,LAL,0,0,,,,,,0,0,,,,,
0021500286,159,2,79,2,8:41 PM,8:34,,,MISS Randle 17' Pullup Jump Shot,,,5,203944,Julius Randle,1610612747.0,Los Angeles,Lakers,LAL,0,0,,,,,,0,0,,,,,
0021500286,160,4,0,2,8:41 PM,8:32,Schroder REBOUND (Off:0 Def:3),,,,,4,203471,Dennis Schroder,1610612737.0,Atlanta,Hawks,ATL,0,0,,,,,,0,0,,,,,
0021500286,162,6,2,2,8:41 PM,8:20,,,Randle S.FOUL (P1.T2) (D.Richardson),,,5,203944,Julius Randle,1610612747.0,Los Angeles,Lakers,LAL,4,201143,Al Horford,1610612737.0,Atlanta,Hawks,ATL,1,0,,,,,
0021500286,163,9,4,2,8:41 PM,8:20,,,,,,1,0,,,,,,0,0,,,,,,0,0,,,,,
0021500286,166,3,11,2,8:44 PM,8:20,Horford Free Throw 1 of 2 (8 PTS),,,23 - 30,7,4,201143,Al Horford,1610612737.0,Atlanta,Hawks,ATL,0,0,,,,,,0,0,,,,,
0021500286,168,3,12,2,8:44 PM,8:20,Horford Free Throw 2 of 2 (9 PTS),,,23 - 31,8,4,201143,Al Horford,1610612737.0,Atlanta,Hawks,ATL,0,0,,,,,,0,0,,,,,
0021500286,170,2,1,2,8:45 PM,7:59,,,MISS Bryant 25' 3PT Jump Shot,,,5,977,Kobe Bryant,1610612747.0,Los Angeles,Lakers,LAL,0,0,,,,,,0,0,,,,,
0021500286,171,4,0,2,8:45 PM,7:58,Bazemore REBOUND (Off:0 Def:1),,,,,4,203145,Kent Bazemore,1610612737.0,Atlanta,Hawks,ATL,0,0,,,,,,0,0,,,,,
0021500286,172,1,1,2,8:45 PM,7:41,Bazemore 25' 3PT Jump Shot (5 PTS) (Scott 2 AST),,,23 - 34,11,4,203145,Kent Bazemore,1610612737.0,Atlanta,Hawks,ATL,4,203118,Mike Scott,1610612737.0,Atlanta,Hawks,ATL,0,0,,,,,
0021500286,173,1,66,2,8:45 PM,7:23,,,Bryant 5' Jump Bank Shot (4 PTS) (Hibbert 1 AST),25 - 34,9,5,977,Kobe Bryant,1610612747.0,Los Angeles,Lakers,LAL,5,201579,Roy Hibbert,1610612747.0,Los Angeles,Lakers,LAL,0,0,,,,,
0021500286,174,1,5,2,8:45 PM,7:12,Horford 1' Layup (11 PTS) (Scott 3 AST),,,25 - 36,11,4,201143,Al Horford,1610612737.0,Atlanta,Hawks,ATL,4,203118,Mike Scott,1610612737.0,Atlanta,Hawks,ATL,0,0,,,,,
0021500286,175,2,58,2,8:46 PM,6:51,,,MISS Randle 9' Turnaround Hook Shot,,,5,203944,Julius Randle,1610612747.0,Los Angeles,Lakers,LAL,0,0,,,,,,0,0,,,,,
0021500286,176,4,0,2,8:46 PM,6:49,Horford REBOUND (Off:1 Def:3),,,,,4,201143,Al Horford,1610612737.0,Atlanta,Hawks,ATL,0,0,,,,,,0,0,,,,,
0021500286,177,1,1,2,8:46 PM,6:43,Scott 15' Jump Shot (4 PTS) (Horford 1 AST),,,25 - 38,13,4,203118,Mike Scott,1610612737.0,Atlanta,Hawks,ATL,4,201143,Al Horford,1610612737.0,Atlanta,Hawks,ATL,0,0,,,,,
0021500286,178,9,1,2,8:46 PM,6:35,,,Lakers Timeout: Regular (Reg.2 Short 0),,,3,1610612747,,,,,,0,0,,,,,,0,0,,,,,
0021500286,180,8,0,2,8:48 PM,6:35,SUB: Teague FOR Horford,,,,,4,201143,Al Horford,1610612737.0,Atlanta,Hawks,ATL,4,201952,Jeff Teague,1610612737.0,Atlanta,Hawks,ATL,0,0,,,,,
0021500286,181,8,0,2,8:48 PM,6:35,SUB: Sefolosha FOR Bazemore,,,,,4,203145,Kent Bazemore,1610612737.0,Atlanta,Hawks,ATL,4,200757,Thabo Sefolosha,1610612737.0,Atlanta,Hawks,ATL,0,0,,,,,
0021500286,182,8,0,2,8:48 PM,6:35,SUB: Millsap FOR Schroder,,,,,4,203471,Dennis Schroder,1610612737.0,Atlanta,Hawks,ATL,4,200794,Paul Millsap,1610612737.0,Atlanta,Hawks,ATL,0,0,,,,,
0021500286,184,2,101,2,8:49 PM,6:27,,,MISS Williams 11' Driving Floating Jump Shot,,,5,101150,Lou Williams,1610612747.0,Los Angeles,Lakers,LAL,0,0,,,,,,0,0,,,,,
0021500286,185,4,0,2,8:49 PM,6:26,Millsap REBOUND (Off:0 Def:3),,,,,4,200794,Paul Millsap,1610612737.0,Atlanta,Hawks,ATL,0,0,,,,,,0,0,,,,,
0021500286,186,2,1,2,8:49 PM,6:18,MISS Scott 14' Jump Shot,,,,,4,203118,Mike Scott,1610612737.0,Atlanta,Hawks,ATL,0,0,,,,,,0,0,,,,,
0021500286,187,4,0,2,8:49 PM,6:17,,,Bryant REBOUND (Off:0 Def:2),,,5,977,Kobe Bryant,1610612747.0,Los Angeles,Lakers,LAL,0,0,,,,,,0,0,,,,,
0021500286,188,1,1,2,8:49 PM,6:05,,,Russell 24' 3PT Jump Shot (6 PTS) (Hibbert 2 AST),28 - 38,10,5,1626156,D'Angelo Russell,1610612747.0,Los Angeles,Lakers,LAL,5,201579,Roy Hibbert,1610612747.0,Los Angeles,Lakers,LAL,0,0,,,,,
0021500286,189,1,79,2,8:49 PM,5:51,Korver 17' Pullup Jump Shot (2 PTS),,,28 - 40,12,4,2594,Kyle Korver,1610612737.0,Atlanta,Hawks,ATL,0,0,,,,,,0,0,,,,,
0021500286,190,2,1,2,8:50 PM,5:28,,,MISS Bryant 28' 3PT Jump Shot,,,5,977,Kobe Bryant,1610612747.0,Los Angeles,Lakers,LAL,0,0,,,,,,0,0,,,,,
0021500286,191,4,0,2,8:50 PM,5:27,Korver REBOUND (Off:0 Def:4),,,,,4,2594,Kyle Korver,1610612737.0,Atlanta,Hawks,ATL,0,0,,,,,,0,0,,,,,
0021500286,192,2,41,2,8:50 PM,5:22,MISS Sefolosha 2' Running Layup,,Williams BLOCK (1 BLK),,,4,200757,Thabo Sefolosha,1610612737.0,Atlanta,Hawks,ATL,0,0,,,,,,5,101150,Lou Williams,1610612747.0,Los Angeles,Lakers,LAL
0021500286,193,4,0,2,8:50 PM,5:19,Scott REBOUND (Off:2 Def:1),,,,,4,203118,Mike Scott,1610612737.0,Atlanta,Hawks,ATL,0,0,,,,,,0,0,,,,,
0021500286,194,1,72,2,8:50 PM,5:19,Scott  Putback Layup (6 PTS),,,28 - 42,14,4,203118,Mike Scott,1610612737.0,Atlanta,Hawks,ATL,0,0,,,,,,0,0,,,,,
0021500286,195,2,1,2,8:50 PM,5:01,,,MISS Williams 25' 3PT Jump Shot,,,5,101150,Lou Williams,1610612747.0,Los Angeles,Lakers,LAL,0,0,,,,,,0,0,,,,,
0021500286,196,4,0,2,8:50 PM,5:00,Korver REBOUND (Off:0 Def:5),,,,,4,2594,Kyle Korver,1610612737.0,Atlanta,Hawks,ATL,0,0,,,,,,0,0,,,,,
0021500286,197,1,41,2,8:50 PM,4:52,Scott 2' Running Layup (8 PTS) (Korver 2 AST),,,28 - 44,16,4,203118,Mike Scott,1610612737.0,Atlanta,Hawks,ATL,4,2594,Kyle Korver,1610612737.0,Atlanta,Hawks,ATL,0,0,,,,,
0021500286,199,9,2,2,8:50 PM,4:44,,,Lakers Timeout: Short (Reg.2 Short 1),,,3,1610612747,,,,,,0,0,,,,,,0,0,,,,,
0021500286,202,8,0,2,8:51 PM,4:44,,,SUB: Clarkson FOR Williams,,,5,101150,Lou Williams,1610612747.0,Los Angeles,Lakers,LAL,5,203903,Jordan Clarkson,1610612747.0,Los Angeles,Lakers,LAL,0,0,,,,,
0021500286,203,2,79,2,8:52 PM,4:31,,,MISS Clarkson 21' Pullup Jump Shot,,,5,203903,Jordan Clarkson,1610612747.0,Los Angeles,Lakers,LAL,0,0,,,,,,0,0,,,,,
0021500286,204,4,0,2,8:52 PM,4:30,,,Randle REBOUND (Off:2 Def:2),,,5,203944,Julius Randle,1610612747.0,Los Angeles,Lakers,LAL,0,0,,,,,,0,0,,,,,
0021500286,205,1,42,2,8:52 PM,4:26,,,Randle  Driving Layup (2 PTS),30 - 44,14,5,203944,Julius Randle,1610612747.0,Los Angeles,Lakers,LAL,0,0,,,,,,0,0,,,,,
0021500286,206,1,57,2,8:53 PM,4:04,Millsap 5' Driving Hook Shot (6 PTS),,,30 - 46,16,4,200794,Paul Millsap,1610612737.0,Atlanta,Hawks,ATL,0,0,,,,,,0,0,,,,,
0021500286,207,2,57,2,8:53 PM,3:40,,,MISS Randle 7' Driving Hook Shot,,,5,203944,Julius Randle,1610612747.0,Los Angeles,Lakers,LAL,0,0,,,,,,0,0,,,,,
0021500286,208,4,0,2,8:53 PM,3:40,,,Hibbert REBOUND (Off:3 Def:2),,,5,201579,Roy Hibbert,1610612747.0,Los Angeles,Lakers,LAL,0,0,,,,,,0,0,,,,,
0021500286,209,6,2,2,8:53 PM,3:40,Millsap S.FOUL (P1.T3) (D.Richardson),,,,,4,200794,Paul Millsap,1610612737.0,Atlanta,Hawks,ATL,5,201579,Roy Hibbert,1610612747.0,Los Angeles,Lakers,LAL,1,0,,,,,
0021500286,210,3,11,2,8:53 PM,3:40,,,MISS Hibbert Free Throw 1 of 2,,,5,201579,Roy Hibbert,1610612747.0,Los Angeles,Lakers,LAL,0,0,,,,,,0,0,,,,,
0021500286,211,4,1,2,8:53 PM,3:40,,,Lakers Rebound,,,3,1610612747,,,,,,0,0,,,,,,0,0,,,,,
0021500286,212,8,0,2,8:54 PM,3:40,,,SUB: World Peace FOR Bryant,,,5,977,Kobe Bryant,1610612747.0,Los Angeles,Lakers,LAL,5,1897,Metta World Peace,1610612747.0,Los Angeles,Lakers,LAL,0,0,,,,,
0021500286,213,3,12,2,8:54 PM,3:40,,,Hibbert Free Throw 2 of 2 (3 PTS),31 - 46,15,5,201579,Roy Hibbert,1610612747.0,Los Angeles,Lakers,LAL,0,0,,,,,,0,0,,,,,
0021500286,216,1,1,2,8:54 PM,3:32,Korver 24' 3PT Jump Shot (5 PTS) (Teague 4 AST),,,31 - 49,18,4,2594,Kyle Korver,1610612737.0,Atlanta,Hawks,ATL,4,201952,Jeff Teague,1610612737.0,Atlanta,Hawks,ATL,0,0,,,,,
0021500286,217,5,1,2,8:54 PM,3:06,Millsap STEAL (1 STL),,Russell Bad Pass Turnover (P3.T6),,,5,1626156,D'Angelo Russell,1610612747.0,Los Angeles,Lakers,LAL,4,200794,Paul Millsap,1610612737.0,Atlanta,Hawks,ATL,0,0,,,,,
0021500286,218,2,103,2,8:54 PM,3:01,MISS Korver 25' 3PT Running Pull-Up Jump Shot,,,,,4,2594,Kyle Korver,1610612737.0,Atlanta,Hawks,ATL,0,0,,,,,,0,0,,,,,
0021500286,219,4,0,2,8:55 PM,2:57,,,Russell REBOUND (Off:1 Def:3),,,5,1626156,D'Angelo Russell,1610612747.0,Los Angeles,Lakers,LAL,0,0,,,,,,0,0,,,,,
0021500286,220,5,1,2,8:55 PM,2:37,Sefolosha STEAL (1 STL),,Hibbert Bad Pass Turnover (P3.T7),,,5,201579,Roy Hibbert,1610612747.0,Los Angeles,Lakers,LAL,4,200757,Thabo Sefolosha,1610612737.0,Atlanta,Hawks,ATL,0,0,,,,,
0021500286,221,9,1,2,8:55 PM,2:24,HAWKS Timeout: Regular (Full 2 Short 0),,,,,2,1610612737,,,,,,0,0,,,,,,0,0,,,,,
0021500286,223,8,0,2,8:57 PM,2:24,SUB: Bazemore FOR Korver,,,,,4,2594,Kyle Korver,1610612737.0,Atlanta,Hawks,ATL,4,203145,Kent Bazemore,1610612737.0,Atlanta,Hawks,ATL,0,0,,,,,
0021500286,224,8,0,2,8:57 PM,2:24,SUB: Horford FOR Scott,,,,,4,203118,Mike Scott,1610612737.0,Atlanta,Hawks,ATL,4,201143,Al Horford,1610612737.0,Atlanta,Hawks,ATL,0,0,,,,,
0021500286,225,8,0,2,8:57 PM,2:24,,,SUB: Nance Jr. FOR Randle,,,5,203944,Julius Randle,1610612747.0,Los Angeles,Lakers,LAL,5,1626204,Larry Nance Jr.,1610612747.0,Los Angeles,Lakers,LAL,0,0,,,,,
0021500286,226,8,0,2,8:57 PM,2:24,,,SUB: Bass FOR Hibbert,,,5,201579,Roy Hibbert,1610612747.0,Los Angeles,Lakers,LAL,5,101138,Brandon Bass,1610612747.0,Los Angeles,Lakers,LAL,0,0,,,,,
0021500286,227,2,42,2,8:58 PM,2:17,MISS Bazemore 2' Driving Layup,,,,,4,203145,Kent Bazemore,1610612737.0,Atlanta,Hawks,ATL,0,0,,,,,,0,0,,,,,
0021500286,228,4,0,2,8:58 PM,2:15,,,Bass REBOUND (Off:0 Def:1),,,5,101138,Brandon Bass,1610612747.0,Los Angeles,Lakers,LAL,0,0,,,,,,0,0,,,,,
0021500286,229,2,1,2,8:58 PM,1:58,,,MISS World Peace 21' Jump Shot,,,5,1897,Metta World Peace,1610612747.0,Los Angeles,Lakers,LAL,0,0,,,,,,0,0,,,,,
0021500286,230,4,0,2,8:58 PM,1:56,Horford REBOUND (Off:1 Def:4),,,,,4,201143,Al Horford,1610612737.0,Atlanta,Hawks,ATL,0,0,,,,,,0,0,,,,,
0021500286,231,6,2,2,8:58 PM,1:47,,,World Peace S.FOUL (P1.T3) (D.Richardson),,,5,1897,Metta World Peace,1610612747.0,Los Angeles,Lakers,LAL,4,201143,Al Horford,1610612737.0,Atlanta,Hawks,ATL,1,0,,,,,
0021500286,232,3,11,2,8:59 PM,1:47,Horford Free Throw 1 of 2 (12 PTS),,,31 - 50,19,4,201143,Al Horford,1610612737.0,Atlanta,Hawks,ATL,0,0,,,,,,0,0,,,,,
0021500286,234,3,12,2,8:59 PM,1:47,MISS Horford Free Throw 2 of 2,,,,,4,201143,Al Horford,1610612737.0,Atlanta,Hawks,ATL,0,0,,,,,,0,0,,,,,
0021500286,236,4,0,2,8:59 PM,1:46,,,Nance Jr. REBOUND (Off:0 Def:4),,,5,1626204,Larry Nance Jr.,1610612747.0,Los Angeles,Lakers,LAL,0,0,,,,,,0,0,,,,,
0021500286,237,1,98,2,8:59 PM,1:27,,,Nance Jr. 3' Cutting Layup Shot (4 PTS) (Russell 1 AST),33 - 50,17,5,1626204,Larry Nance Jr.,1610612747.0,Los Angeles,Lakers,LAL,5,1626156,D'Angelo Russell,1610612747.0,Los Angeles,Lakers,LAL,0,0,,,,,
0021500286,238,2,79,2,9:00 PM,1:06,MISS Bazemore 21' Pullup Jump Shot,,,,,4,203145,Kent Bazemore,1610612737.0,Atlanta,Hawks,ATL,0,0,,,,,,0,0,,,,,
0021500286,239,4,0,2,9:00 PM,1:04,,,Clarkson REBOUND (Off:0 Def:2),,,5,203903,Jordan Clarkson,1610612747.0,Los Angeles,Lakers,LAL,0,0,,,,,,0,0,,,,,
0021500286,240,5,40,2,9:00 PM,0:56,,,Clarkson Out of Bounds Lost Ball Turnover (P1.T8),,,5,203903,Jordan Clarkson,1610612747.0,Los Angeles,Lakers,LAL,0,0,,,,,,0,0,,,,,
0021500286,241,1,1,2,9:00 PM,0:37,Sefolosha 18' Jump Shot (5 PTS),,,33 - 52,19,4,200757,Thabo Sefolosha,1610612737.0,Atlanta,Hawks,ATL,0,0,,,,,,0,0,,,,,
0021500286,242,1,1,2,9:01 PM,0:28,,,World Peace  3PT Jump Shot (3 PTS) (Russell 2 AST),36 - 52,16,5,1897,Metta World Peace,1610612747.0,Los Angeles,Lakers,LAL,5,1626156,D'Angelo Russell,1610612747.0,Los Angeles,Lakers,LAL,0,0,,,,,
0021500286,243,2,79,2,9:01 PM,0:04,MISS Millsap 6' Pullup Jump Shot,,,,,4,200794,Paul Millsap,1610612737.0,Atlanta,Hawks,ATL,0,0,,,,,,0,0,,,,,
0021500286,244,4,0,2,9:01 PM,0:03,,,World Peace REBOUND (Off:0 Def:3),,,5,1897,Metta World Peace,1610612747.0,Los Angeles,Lakers,LAL,0,0,,,,,,0,0,,,,,
0021500286,245,13,0,2,9:01 PM,0:00,,,,36 - 52,16,0,0,,,,,,0,0,,,,,,0,0,,,,,
0021500286,247,12,0,3,9:17 PM,12:00,,,,36 - 52,16,0,0,,,,,,0,0,,,,,,0,0,,,,,
0021500286,248,1,1,3,9:18 PM,11:41,,,Clarkson 25' 3PT Jump Shot (5 PTS) (Russell 3 AST),39 - 52,13,5,203903,Jordan Clarkson,1610612747.0,Los Angeles,Lakers,LAL,5,1626156,D'Angelo Russell,1610612747.0,Los Angeles,Lakers,LAL,0,0,,,,,
0021500286,249,1,1,3,9:18 PM,11:22,Teague 24' 3PT Jump Shot (5 PTS),,,39 - 55,16,4,201952,Jeff Teague,1610612737.0,Atlanta,Hawks,ATL,0,0,,,,,,0,0,,,,,
0021500286,250,2,79,3,9:18 PM,11:07,,,MISS Clarkson 20' Pullup Jump Shot,,,5,203903,Jordan Clarkson,1610612747.0,Los Angeles,Lakers,LAL,0,0,,,,,,0,0,,,,,
0021500286,251,4,0,3,9:18 PM,11:06,Horford REBOUND (Off:1 Def:5),,,,,4,201143,Al Horford,1610612737.0,Atlanta,Hawks,ATL,0,0,,,,,,0,0,,,,,
0021500286,252,1,108,3,9:19 PM,10:54,Horford  Cutting Dunk Shot (14 PTS) (Millsap 1 AST),,,39 - 57,18,4,201143,Al Horford,1610612737.0,Atlanta,Hawks,ATL,4,200794,Paul Millsap,1610612737.0,Atlanta,Hawks,ATL,0,0,,,,,
0021500286,253,1,1,3,9:19 PM,10:35,,,Russell 24' 3PT Jump Shot (9 PTS) (Hibbert 3 AST),42 - 57,15,5,1626156,D'Angelo Russell,1610612747.0,Los Angeles,Lakers,LAL,5,201579,Roy Hibbert,1610612747.0,Los Angeles,Lakers,LAL,0,0,,,,,
0021500286,254,6,2,3,9:19 PM,10:21,,,Russell S.FOUL (P1.T1) (E.Malloy),,,5,1626156,D'Angelo Russell,1610612747.0,Los Angeles,Lakers,LAL,4,201952,Jeff Teague,1610612737.0,Atlanta,Hawks,ATL,1,0,,,,,
0021500286,255,3,11,3,9:19 PM,10:21,Teague Free Throw 1 of 2 (6 PTS),,,42 - 58,16,4,201952,Jeff Teague,1610612737.0,Atlanta,Hawks,ATL,0,0,,,,,,0,0,,,,,
0021500286,257,3,12,3,9:20 PM,10:21,Teague Free Throw 2 of 2 (7 PTS),,,42 - 59,17,4,201952,Jeff Teague,1610612737.0,Atlanta,Hawks,ATL,0,0,,,,,,0,0,,,,,
0021500286,260,1,44,3,9:20 PM,10:08,,,Russell 1' Reverse Layup (11 PTS) (Bryant 3 AST),44 - 59,15,5,1626156,D'Angelo Russell,1610612747.0,Los Angeles,Lakers,LAL,5,977,Kobe Bryant,1610612747.0,Los Angeles,Lakers,LAL,0,0,,,,,
0021500286,261,6,26,3,9:20 PM,9:53,Millsap Offensive Charge Foul (P2.T1) (B.Forte),,,,,4,200794,Paul Millsap,1610612737.0,Atlanta,Hawks,ATL,5,203944,Julius Randle,1610612747.0,Los Angeles,Lakers,LAL,1,0,,,,,
0021500286,262,5,5,3,9:20 PM,9:53,Millsap Foul Turnover (P1.T3),,,,,4,200794,Paul Millsap,1610612737.0,Atlanta,Hawks,ATL,0,0,,,,,,1,0,,,,,
0021500286,263,2,1,3,9:21 PM,9:35,Korver BLOCK (2 BLK),,MISS Randle 4' Jump Shot,,,5,203944,Julius Randle,1610612747.0,Los Angeles,Lakers,LAL,0,0,,,,,,4,2594,Kyle Korver,1610612737.0,Atlanta,Hawks,ATL
0021500286,264,4,0,3,9:21 PM,9:32,,,Russell REBOUND (Off:2 Def:3),,,5,1626156,D'Angelo Russell,1610612747.0,Los Angeles,Lakers,LAL,0,0,,,,,,0,0,,,,,
0021500286,265,1,42,3,9:21 PM,9:27,,,Randle 3' Driving Layup (4 PTS) (Russell 4 AST),46 - 59,13,5,203944,Julius Randle,1610612747.0,Los Angeles,Lakers,LAL,5,1626156,D'Angelo Russell,1610612747.0,Los Angeles,Lakers,LAL,0,0,,,,,
0021500286,266,5,1,3,9:21 PM,9:11,Horford Bad Pass Turnover (P1.T4),,Clarkson STEAL (1 STL),,,4,201143,Al Horford,1610612737.0,Atlanta,Hawks,ATL,5,203903,Jordan Clarkson,1610612747.0,Los Angeles,Lakers,LAL,0,0,,,,,
0021500286,267,5,2,3,9:21 PM,9:07,Teague STEAL (1 STL),,Clarkson Lost Ball Turnover (P2.T9),,,5,203903,Jordan Clarkson,1610612747.0,Los Angeles,Lakers,LAL,4,201952,Jeff Teague,1610612737.0,Atlanta,Hawks,ATL,0,0,,,,,
0021500286,268,1,7,3,9:21 PM,9:00,Horford  Dunk (16 PTS) (Teague 5 AST),,,46 - 61,15,4,201143,Al Horford,1610612737.0,Atlanta,Hawks,ATL,4,201952,Jeff Teague,1610612737.0,Atlanta,Hawks,ATL,0,0,,,,,
0021500286,269,2,1,3,9:22 PM,8:38,,,MISS Randle 4' Jump Shot,,,5,203944,Julius Randle,1610612747.0,Los Angeles,Lakers,LAL,0,0,,,,,,0,0,,,,,
0021500286,271,4,0,3,9:22 PM,8:37,,,Randle REBOUND (Off:3 Def:2),,,5,203944,Julius Randle,1610612747.0,Los Angeles,Lakers,LAL,0,0,,,,,,0,0,,,,,
0021500286,270,2,97,3,9:22 PM,8:37,,,MISS Randle  Tip Layup Shot,,,5,203944,Julius Randle,1610612747.0,Los Angeles,Lakers,LAL,0,0,,,,,,0,0,,,,,
0021500286,272,4,0,3,9:22 PM,8:36,Horford REBOUND (Off:1 Def:6),,,,,4,201143,Al Horford,1610612737.0,Atlanta,Hawks,ATL,0,0,,,,,,0,0,,,,,
0021500286,273,6,1,3,9:22 PM,8:25,,,Clarkson P.FOUL (P1.T2) (E.Malloy),,,5,203903,Jordan Clarkson,1610612747.0,Los Angeles,Lakers,LAL,4,201952,Jeff Teague,1610612737.0,Atlanta,Hawks,ATL,1,0,,,,,
0021500286,274,8,0,3,9:22 PM,8:25,,,SUB: Nance Jr. FOR Randle,,,5,203944,Julius Randle,1610612747.0,Los Angeles,Lakers,LAL,5,1626204,Larry Nance Jr.,1610612747.0,Los Angeles,Lakers,LAL,0,0,,,,,
0021500286,275,5,1,3,9:22 PM,8:13,Horford Bad Pass Turnover (P2.T5),,Nance Jr. STEAL (1 STL),,,4,201143,Al Horford,1610612737.0,Atlanta,Hawks,ATL,5,1626204,Larry Nance Jr.,1610612747.0,Los Angeles,Lakers,LAL,0,0,,,,,
0021500286,276,2,5,3,9:22 PM,8:04,Millsap BLOCK (1 BLK),,MISS Russell 1' Layup,,,5,1626156,D'Angelo Russell,1610612747.0,Los Angeles,Lakers,LAL,0,0,,,,,,4,200794,Paul Millsap,1610612737.0,Atlanta,Hawks,ATL
0021500286,277,4,0,3,9:23 PM,8:02,,,Clarkson REBOUND (Off:1 Def:2),,,5,203903,Jordan Clarkson,1610612747.0,Los Angeles,Lakers,LAL,0,0,,,,,,0,0,,,,,
0021500286,278,2,1,3,9:23 PM,7:54,,,MISS Russell 26' 3PT Jump Shot,,,5,1626156,D'Angelo Russell,1610612747.0,Los Angeles,Lakers,LAL,0,0,,,,,,0,0,,,,,
0021500286,279,4,0,3,9:23 PM,7:53,,,Nance Jr. REBOUND (Off:1 Def:4),,,5,1626204,Larry Nance Jr.,1610612747.0,Los Angeles,Lakers,LAL,0,0,,,,,,0,0,,,,,
0021500286,280,2,5,3,9:23 PM,7:50,,,MISS Russell 2' Layup,,,5,1626156,D'Angelo Russell,1610612747.0,Los Angeles,Lakers,LAL,0,0,,,,,,0,0,,,,,
0021500286,282,4,0,3,9:23 PM,7:48,,,Russell REBOUND (Off:3 Def:3),,,5,1626156,D'Angelo Russell,1610612747.0,Los Angeles,Lakers,LAL,0,0,,,,,,0,0,,,,,
0021500286,281,2,97,3,9:23 PM,7:48,,,MISS Russell  Tip Layup Shot,,,5,1626156,D'Angelo Russell,1610612747.0,Los Angeles,Lakers,LAL,0,0,,,,,,0,0,,,,,
0021500286,283,4,0,3,9:23 PM,7:47,,,Russell REBOUND (Off:4 Def:3),,,5,1626156,D'Angelo Russell,1610612747.0,Los Angeles,Lakers,LAL,0,0,,,,,,0,0,,,,,
0021500286,284,6,1,3,9:23 PM,7:47,Sefolosha P.FOUL (P1.T2) (E.Malloy),,,,,4,200757,Thabo Sefolosha,1610612737.0,Atlanta,Hawks,ATL,5,1626156,D'Angelo Russell,1610612747.0,Los Angeles,Lakers,LAL,1,0,,,,,
0021500286,285,1,1,3,9:23 PM,7:42,,,Clarkson 24' 3PT Jump Shot (8 PTS) (Bryant 4 AST),49 - 61,12,5,203903,Jordan Clarkson,1610612747.0,Los Angeles,Lakers,LAL,5,977,Kobe Bryant,1610612747.0,Los Angeles,Lakers,LAL,0,0,,,,,
0021500286,286,2,1,3,9:24 PM,7:26,MISS Horford 19' Jump Shot,,,,,4,201143,Al Horford,1610612737.0,Atlanta,Hawks,ATL,0,0,,,,,,0,0,,,,,
0021500286,287,4,0,3,9:24 PM,7:24,Sefolosha REBOUND (Off:2 Def:1),,,,,4,200757,Thabo Sefolosha,1610612737.0,Atlanta,Hawks,ATL,0,0,,,,,,0,0,,,,,
0021500286,289,5,1,3,9:24 PM,7:07,Sefolosha Bad Pass Turnover (P1.T6),,Hibbert STEAL (1 STL),,,4,200757,Thabo Sefolosha,1610612737.0,Atlanta,Hawks,ATL,5,201579,Roy Hibbert,1610612747.0,Los Angeles,Lakers,LAL,0,0,,,,,
0021500286,290,2,1,3,9:24 PM,6:46,,,MISS Nance Jr. 13' Jump Shot,,,5,1626204,Larry Nance Jr.,1610612747.0,Los Angeles,Lakers,LAL,0,0,,,,,,0,0,,,,,
0021500286,291,4,0,3,9:24 PM,6:44,Horford REBOUND (Off:1 Def:7),,,,,4,201143,Al Horford,1610612737.0,Atlanta,Hawks,ATL,0,0,,,,,,0,0,,,,,
0021500286,292,2,1,3,9:24 PM,6:35,MISS Sefolosha 24' 3PT Jump Shot,,,,,4,200757,Thabo Sefolosha,1610612737.0,Atlanta,Hawks,ATL,0,0,,,,,,0,0,,,,,
0021500286,293,4,0,3,9:24 PM,6:32,Millsap REBOUND (Off:1 Def:3),,,,,4,200794,Paul Millsap,1610612737.0,Atlanta,Hawks,ATL,0,0,,,,,,0,0,,,,,
0021500286,294,5,4,3,9:24 PM,6:30,Sefolosha Traveling Turnover (P2.T7),,,,,4,200757,Thabo Sefolosha,1610612737.0,Atlanta,Hawks,ATL,0,0,,,,,,1,0,,,,,
0021500286,295,2,79,3,9:25 PM,6:14,,,MISS Bryant 17' Pullup Jump Shot,,,5,977,Kobe Bryant,1610612747.0,Los Angeles,Lakers,LAL,0,0,,,,,,0,0,,,,,
0021500286,296,4,0,3,9:25 PM,6:12,Horford REBOUND (Off:1 Def:8),,,,,4,201143,Al Horford,1610612737.0,Atlanta,Hawks,ATL,0,0,,,,,,0,0,,,,,
0021500286,297,1,1,3,9:25 PM,6:01,Sefolosha  3PT Jump Shot (8 PTS) (Millsap 2 AST),,,49 - 64,15,4,200757,Thabo Sefolosha,1610612737.0,Atlanta,Hawks,ATL,4,200794,Paul Millsap,1610612737.0,Atlanta,Hawks,ATL,0,0,,,,,
0021500286,298,1,57,3,9:26 PM,5:39,,,Hibbert 2' Driving Hook Shot (5 PTS),51 - 64,13,5,201579,Roy Hibbert,1610612747.0,Los Angeles,Lakers,LAL,0,0,,,,,,0,0,,,,,
0021500286,299,9,1,3,9:26 PM,5:38,HAWKS Timeout: Regular (Full 3 Short 0),,,,,2,1610612737,,,,,,0,0,,,,,,0,0,,,,,
0021500286,301,8,0,3,9:28 PM,5:38,,,SUB: Williams FOR Russell,,,5,1626156,D'Angelo Russell,1610612747.0,Los Angeles,Lakers,LAL,5,101150,Lou Williams,1610612747.0,Los Angeles,Lakers,LAL,0,0,,,,,
0021500286,302,8,0,3,9:28 PM,5:38,SUB: Muscala FOR Horford,,,,,4,201143,Al Horford,1610612737.0,Atlanta,Hawks,ATL,4,203488,Mike Muscala,1610612737.0,Atlanta,Hawks,ATL,0,0,,,,,
0021500286,304,2,79,3,9:29 PM,5:18,MISS Korver 22' Pullup Jump Shot,,,,,4,2594,Kyle Korver,1610612737.0,Atlanta,Hawks,ATL,0,0,,,,,,0,0,,,,,
0021500286,305,4,0,3,9:29 PM,5:15,,,Nance Jr. REBOUND (Off:1 Def:5),,,5,1626204,Larry Nance Jr.,1610612747.0,Los Angeles,Lakers,LAL,0,0,,,,,,0,0,,,,,
0021500286,306,2,86,3,9:29 PM,4:53,,,MISS Bryant 17' Turnaround Fadeaway Shot,,,5,977,Kobe Bryant,1610612747.0,Los Angeles,Lakers,LAL,0,0,,,,,,0,0,,,,,
0021500286,307,4,0,3,9:29 PM,4:52,Millsap REBOUND (Off:1 Def:4),,,,,4,200794,Paul Millsap,1610612737.0,Atlanta,Hawks,ATL,0,0,,,,,,0,0,,,,,
0021500286,308,5,2,3,9:29 PM,4:48,Sefolosha Lost Ball Turnover (P3.T8),,Williams STEAL (1 STL),,,4,200757,Thabo Sefolosha,1610612737.0,Atlanta,Hawks,ATL,5,101150,Lou Williams,1610612747.0,Los Angeles,Lakers,LAL,0,0,,,,,
0021500286,309,1,1,3,9:29 PM,4:43,,,Bryant 25' 3PT Jump Shot (7 PTS) (Williams 2 AST),54 - 64,10,5,977,Kobe Bryant,1610612747.0,Los Angeles,Lakers,LAL,5,101150,Lou Williams,1610612747.0,Los Angeles,Lakers,LAL,0,0,,,,,
0021500286,310,5,1,3,9:30 PM,4:18,Korver Bad Pass Turnover (P2.T9),,Bryant STEAL (1 STL),,,4,2594,Kyle Korver,1610612737.0,Atlanta,Hawks,ATL,5,977,Kobe Bryant,1610612747.0,Los Angeles,Lakers,LAL,0,0,,,,,
0021500286,311,1,79,3,9:30 PM,4:09,,,Bryant 25' 3PT Pullup Jump Shot (10 PTS),57 - 64,7,5,977,Kobe Bryant,1610612747.0,Los Angeles,Lakers,LAL,0,0,,,,,,0,0,,,,,
0021500286,312,9,1,3,9:30 PM,4:09,HAWKS Timeout: Regular (Full 4 Short 0),,,,,2,1610612737,,,,,,0,0,,,,,,0,0,,,,,
0021500286,314,8,0,3,9:32 PM,4:09,SUB: Bazemore FOR Sefolosha,,,,,4,200757,Thabo Sefolosha,1610612737.0,Atlanta,Hawks,ATL,4,203145,Kent Bazemore,1610612737.0,Atlanta,Hawks,ATL,0,0,,,,,
0021500286,315,8,0,3,9:32 PM,4:09,,,SUB: Bass FOR Hibbert,,,5,201579,Roy Hibbert,1610612747.0,Los Angeles,Lakers,LAL,5,101138,Brandon Bass,1610612747.0,Los Angeles,Lakers,LAL,0,0,,,,,
0021500286,316,8,0,3,9:32 PM,4:09,,,SUB: Randle FOR Nance Jr.,,,5,1626204,Larry Nance Jr.,1610612747.0,Los Angeles,Lakers,LAL,5,203944,Julius Randle,1610612747.0,Los Angeles,Lakers,LAL,0,0,,,,,
0021500286,317,2,66,3,9:32 PM,3:51,MISS Millsap 5' Jump Bank Shot,,,,,4,200794,Paul Millsap,1610612737.0,Atlanta,Hawks,ATL,0,0,,,,,,0,0,,,,,
0021500286,318,4,0,3,9:32 PM,3:50,,,Bryant REBOUND (Off:0 Def:3),,,5,977,Kobe Bryant,1610612747.0,Los Angeles,Lakers,LAL,0,0,,,,,,0,0,,,,,
0021500286,319,2,79,3,9:32 PM,3:43,,,MISS Bryant 25' 3PT Pullup Jump Shot,,,5,977,Kobe Bryant,1610612747.0,Los Angeles,Lakers,LAL,0,0,,,,,,0,0,,,,,
0021500286,320,4,0,3,9:32 PM,3:42,Teague REBOUND (Off:0 Def:1),,,,,4,201952,Jeff Teague,1610612737.0,Atlanta,Hawks,ATL,0,0,,,,,,0,0,,,,,
0021500286,321,1,5,3,9:32 PM,3:28,Millsap 1' Layup (8 PTS) (Bazemore 2 AST),,,57 - 66,9,4,200794,Paul Millsap,1610612737.0,Atlanta,Hawks,ATL,4,203145,Kent Bazemore,1610612737.0,Atlanta,Hawks,ATL,0,0,,,,,
0021500286,322,6,2,3,9:32 PM,3:28,,,Bryant S.FOUL (P1.T3) (B.Forte),,,5,977,Kobe Bryant,1610612747.0,Los Angeles,Lakers,LAL,4,200794,Paul Millsap,1610612737.0,Atlanta,Hawks,ATL,1,0,,,,,
0021500286,323,8,0,3,9:33 PM,3:28,SUB: Sefolosha FOR Korver,,,,,4,2594,Kyle Korver,1610612737.0,Atlanta,Hawks,ATL,4,200757,Thabo Sefolosha,1610612737.0,Atlanta,Hawks,ATL,0,0,,,,,
0021500286,324,3,10,3,9:33 PM,3:28,Millsap Free Throw 1 of 1 (9 PTS),,,57 - 67,10,4,200794,Paul Millsap,1610612737.0,Atlanta,Hawks,ATL,0,0,,,,,,0,0,,,,,
0021500286,326,2,1,3,9:33 PM,3:12,,,MISS Bass 18' Jump Shot,,,5,101138,Brandon Bass,1610612747.0,Los Angeles,Lakers,LAL,0,0,,,,,,0,0,,,,,
0021500286,327,4,0,3,9:33 PM,3:10,Sefolosha REBOUND (Off:2 Def:2),,,,,4,200757,Thabo Sefolosha,1610612737.0,Atlanta,Hawks,ATL,0,0,,,,,,0,0,,,,,
0021500286,328,2,3,3,9:34 PM,2:56,MISS Millsap 2' Hook Shot,,Randle BLOCK (1 BLK),,,4,200794,Paul Millsap,1610612737.0,Atlanta,Hawks,ATL,0,0,,,,,,5,203944,Julius Randle,1610612747.0,Los Angeles,Lakers,LAL
0021500286,332,4,0,3,9:34 PM,2:56,HAWKS Rebound,,,,,2,1610612737,,,,,,0,0,,,,,,0,0,,,,,
0021500286,329,9,4,3,9:34 PM,2:56,,,,,,1,0,,,,,,0,0,,,,,,0,0,,,,,
0021500286,333,8,0,3,9:36 PM,2:56,,,SUB: World Peace FOR Bryant,,,5,977,Kobe Bryant,1610612747.0,Los Angeles,Lakers,LAL,5,1897,Metta World Peace,1610612747.0,Los Angeles,Lakers,LAL,0,0,,,,,
0021500286,334,5,2,3,9:36 PM,2:48,Millsap Lost Ball Turnover (P2.T10),,Randle STEAL (1 STL),,,4,200794,Paul Millsap,1610612737.0,Atlanta,Hawks,ATL,5,203944,Julius Randle,1610612747.0,Los Angeles,Lakers,LAL,0,0,,,,,
0021500286,336,1,1,3,9:37 PM,2:31,,,Clarkson  3PT Jump Shot (11 PTS) (Bass 1 AST),60 - 67,7,5,203903,Jordan Clarkson,1610612747.0,Los Angeles,Lakers,LAL,5,101138,Brandon Bass,1610612747.0,Los Angeles,Lakers,LAL,0,0,,,,,
0021500286,338,1,42,3,9:37 PM,2:14,Teague 2' Driving Layup (9 PTS),,,60 - 69,9,4,201952,Jeff Teague,1610612737.0,Atlanta,Hawks,ATL,0,0,,,,,,0,0,,,,,
0021500286,339,1,79,3,9:37 PM,1:50,,,Williams 9' Pullup Jump Shot (12 PTS),62 - 69,7,5,101150,Lou Williams,1610612747.0,Los Angeles,Lakers,LAL,0,0,,,,,,0,0,,,,,
0021500286,340,1,79,3,9:38 PM,1:30,Bazemore 26' 3PT Pullup Jump Shot (8 PTS),,,62 - 72,10,4,203145,Kent Bazemore,1610612737.0,Atlanta,Hawks,ATL,0,0,,,,,,0,0,,,,,
0021500286,342,2,42,3,9:38 PM,1:12,Muscala BLOCK (1 BLK),,MISS Williams 2' Driving Layup,,,5,101150,Lou Williams,1610612747.0,Los Angeles,Lakers,LAL,0,0,,,,,,4,203488,Mike Muscala,1610612737.0,Atlanta,Hawks,ATL
0021500286,343,4,0,3,9:38 PM,1:10,Millsap REBOUND (Off:1 Def:5),,,,,4,200794,Paul Millsap,1610612737.0,Atlanta,Hawks,ATL,0,0,,,,,,0,0,,,,,
0021500286,344,2,79,3,9:38 PM,1:03,MISS Teague 24' 3PT Pullup Jump Shot,,,,,4,201952,Jeff Teague,1610612737.0,Atlanta,Hawks,ATL,0,0,,,,,,0,0,,,,,
0021500286,345,4,0,3,9:38 PM,1:02,,,Bass REBOUND (Off:0 Def:2),,,5,101138,Brandon Bass,1610612747.0,Los Angeles,Lakers,LAL,0,0,,,,,,0,0,,,,,
0021500286,346,1,79,3,9:38 PM,0:47,,,Clarkson 17' Pullup Jump Shot (13 PTS),64 - 72,8,5,203903,Jordan Clarkson,1610612747.0,Los Angeles,Lakers,LAL,0,0,,,,,,0,0,,,,,
0021500286,347,2,42,3,9:39 PM,0:38,MISS Teague 1' Driving Layup,,Bass BLOCK (1 BLK),,,4,201952,Jeff Teague,1610612737.0,Atlanta,Hawks,ATL,0,0,,,,,,5,101138,Brandon Bass,1610612747.0,Los Angeles,Lakers,LAL
0021500286,348,4,0,3,9:39 PM,0:35,Muscala REBOUND (Off:2 Def:1),,,,,4,203488,Mike Muscala,1610612737.0,Atlanta,Hawks,ATL,0,0,,,,,,0,0,,,,,
0021500286,349,5,2,3,9:39 PM,0:34,Muscala Lost Ball Turnover (P1.T11),,Randle STEAL (2 STL),,,4,203488,Mike Muscala,1610612737.0,Atlanta,Hawks,ATL,5,203944,Julius Randle,1610612747.0,Los Angeles,Lakers,LAL,0,0,,,,,
0021500286,350,1,42,3,9:39 PM,0:28,,,Randle 1' Driving Layup (6 PTS),66 - 72,6,5,203944,Julius Randle,1610612747.0,Los Angeles,Lakers,LAL,0,0,,,,,,0,0,,,,,
0021500286,351,6,27,3,9:39 PM,0:11,,,Clarkson Personal Block Foul (P2.T4) (D.Richardson),,,5,203903,Jordan Clarkson,1610612747.0,Los Angeles,Lakers,LAL,4,201952,Jeff Teague,1610612737.0,Atlanta,Hawks,ATL,1,0,,,,,
0021500286,352,8,0,3,9:40 PM,0:11,SUB: Korver FOR Sefolosha,,,,,4,200757,Thabo Sefolosha,1610612737.0,Atlanta,Hawks,ATL,4,2594,Kyle Korver,1610612737.0,Atlanta,Hawks,ATL,0,0,,,,,
0021500286,353,8,0,3,9:40 PM,0:11,SUB: Scott FOR Millsap,,,,,4,200794,Paul Millsap,1610612737.0,Atlanta,Hawks,ATL,4,203118,Mike Scott,1610612737.0,Atlanta,Hawks,ATL,0,0,,,,,
0021500286,354,8,0,3,9:40 PM,0:11,SUB: Horford FOR Muscala,,,,,4,203488,Mike Muscala,1610612737.0,Atlanta,Hawks,ATL,4,201143,Al Horford,1610612737.0,Atlanta,Hawks,ATL,0,0,,,,,
0021500286,356,5,45,3,9:40 PM,0:00,Teague Out of Bounds - Bad Pass Turnover Turnover (P1.T12),,,,,4,201952,Jeff Teague,1610612737.0,Atlanta,Hawks,ATL,0,0,,,,,,0,0,,,,,
0021500286,357,13,0,3,9:40 PM,0:00,,,,66 - 72,6,0,0,,,,,,0,0,,,,,,0,0,,,,,
0021500286,359,12,0,4,9:43 PM,12:00,,,,66 - 72,6,0,0,,,,,,0,0,,,,,,0,0,,,,,
0021500286,360,1,78,4,9:43 PM,11:43,Scott 11' Floating Jump Shot (10 PTS) (Horford 2 AST),,,66 - 74,8,4,203118,Mike Scott,1610612737.0,Atlanta,Hawks,ATL,4,201143,Al Horford,1610612737.0,Atlanta,Hawks,ATL,0,0,,,,,
0021500286,361,1,80,4,9:43 PM,11:29,,,Williams 13' Step Back Jump Shot (14 PTS),68 - 74,6,5,101150,Lou Williams,1610612747.0,Los Angeles,Lakers,LAL,0,0,,,,,,0,0,,,,,
0021500286,362,1,1,4,9:44 PM,11:14,Scott 24' 3PT Jump Shot (13 PTS) (Korver 3 AST),,,68 - 77,9,4,203118,Mike Scott,1610612737.0,Atlanta,Hawks,ATL,4,2594,Kyle Korver,1610612737.0,Atlanta,Hawks,ATL,0,0,,,,,
0021500286,363,2,1,4,9:44 PM,10:58,,,MISS Williams 25' 3PT Jump Shot,,,5,101150,Lou Williams,1610612747.0,Los Angeles,Lakers,LAL,0,0,,,,,,0,0,,,,,
0021500286,364,4,0,4,9:44 PM,10:55,Bazemore REBOUND (Off:0 Def:2),,,,,4,203145,Kent Bazemore,1610612737.0,Atlanta,Hawks,ATL,0,0,,,,,,0,0,,,,,
0021500286,365,2,42,4,9:44 PM,10:49,MISS Bazemore 2' Driving Layup,,Bass BLOCK (2 BLK),,,4,203145,Kent Bazemore,1610612737.0,Atlanta,Hawks,ATL,0,0,,,,,,5,101138,Brandon Bass,1610612747.0,Los Angeles,Lakers,LAL
0021500286,366,4,0,4,9:44 PM,10:47,,,Williams REBOUND (Off:0 Def:1),,,5,101150,Lou Williams,1610612747.0,Los Angeles,Lakers,LAL,0,0,,,,,,0,0,,,,,
0021500286,367,2,47,4,9:44 PM,10:32,,,MISS World Peace 13' Turnaround Jump Shot,,,5,1897,Metta World Peace,1610612747.0,Los Angeles,Lakers,LAL,0,0,,,,,,0,0,,,,,
0021500286,368,4,0,4,9:44 PM,10:31,,,Lakers Rebound,,,3,1610612747,,,,,,0,0,,,,,,0,0,,,,,
0021500286,369,8,0,4,9:45 PM,10:31,,,SUB: Bryant FOR World Peace,,,5,1897,Metta World Peace,1610612747.0,Los Angeles,Lakers,LAL,5,977,Kobe Bryant,1610612747.0,Los Angeles,Lakers,LAL,0,0,,,,,
0021500286,370,5,2,4,9:45 PM,10:25,Korver STEAL (1 STL),,Russell Lost Ball Turnover (P4.T10),,,5,1626156,D'Angelo Russell,1610612747.0,Los Angeles,Lakers,LAL,4,2594,Kyle Korver,1610612737.0,Atlanta,Hawks,ATL,0,0,,,,,
0021500286,371,1,76,4,9:45 PM,10:19,Korver  Running Finger Roll Layup (7 PTS) (Horford 3 AST),,,68 - 79,11,4,2594,Kyle Korver,1610612737.0,Atlanta,Hawks,ATL,4,201143,Al Horford,1610612737.0,Atlanta,Hawks,ATL,0,0,,,,,
0021500286,372,2,79,4,9:45 PM,9:53,,,MISS Bryant 25' 3PT Pullup Jump Shot,,,5,977,Kobe Bryant,1610612747.0,Los Angeles,Lakers,LAL,0,0,,,,,,0,0,,,,,
0021500286,373,4,0,4,9:46 PM,9:52,Schroder REBOUND (Off:0 Def:4),,,,,4,203471,Dennis Schroder,1610612737.0,Atlanta,Hawks,ATL,0,0,,,,,,0,0,,,,,
0021500286,374,5,40,4,9:46 PM,9:33,Schroder Out of Bounds Lost Ball Turnover (P1.T13),,,,,4,203471,Dennis Schroder,1610612737.0,Atlanta,Hawks,ATL,0,0,,,,,,0,0,,,,,
0021500286,375,8,0,4,9:46 PM,9:33,,,SUB: Nance Jr. FOR Randle,,,5,203944,Julius Randle,1610612747.0,Los Angeles,Lakers,LAL,5,1626204,Larry Nance Jr.,1610612747.0,Los Angeles,Lakers,LAL,0,0,,,,,
0021500286,376,6,2,4,9:46 PM,9:17,Scott S.FOUL (P2.T1) (B.Forte),,,,,4,203118,Mike Scott,1610612737.0,Atlanta,Hawks,ATL,5,101150,Lou Williams,1610612747.0,Los Angeles,Lakers,LAL,1,0,,,,,
0021500286,377,3,11,4,9:47 PM,9:17,,,MISS Williams Free Throw 1 of 2,,,5,101150,Lou Williams,1610612747.0,Los Angeles,Lakers,LAL,0,0,,,,,,0,0,,,,,
0021500286,378,4,1,4,9:47 PM,9:17,,,Lakers Rebound,,,3,1610612747,,,,,,0,0,,,,,,0,0,,,,,
0021500286,379,3,12,4,9:47 PM,9:17,,,Williams Free Throw 2 of 2 (15 PTS),69 - 79,10,5,101150,Lou Williams,1610612747.0,Los Angeles,Lakers,LAL,0,0,,,,,,0,0,,,,,
0021500286,381,2,1,4,9:47 PM,9:08,MISS Korver 25' 3PT Jump Shot,,,,,4,2594,Kyle Korver,1610612737.0,Atlanta,Hawks,ATL,0,0,,,,,,0,0,,,,,
0021500286,382,4,0,4,9:47 PM,9:06,,,Russell REBOUND (Off:4 Def:4),,,5,1626156,D'Angelo Russell,1610612747.0,Los Angeles,Lakers,LAL,0,0,,,,,,0,0,,,,,
0021500286,383,1,47,4,9:47 PM,8:54,,,Russell 9' Turnaround Jump Shot (13 PTS),71 - 79,8,5,1626156,D'Angelo Russell,1610612747.0,Los Angeles,Lakers,LAL,0,0,,,,,,0,0,,,,,
0021500286,384,5,1,4,9:48 PM,8:44,Schroder Bad Pass Turnover (P2.T14),,Bryant STEAL (2 STL),,,4,203471,Dennis Schroder,1610612737.0,Atlanta,Hawks,ATL,5,977,Kobe Bryant,1610612747.0,Los Angeles,Lakers,LAL,0,0,,,,,
0021500286,385,2,47,4,9:48 PM,8:36,Korver BLOCK (3 BLK),,MISS Nance Jr. 6' Turnaround Jump Shot,,,5,1626204,Larry Nance Jr.,1610612747.0,Los Angeles,Lakers,LAL,0,0,,,,,,4,2594,Kyle Korver,1610612737.0,Atlanta,Hawks,ATL
0021500286,386,4,0,4,9:48 PM,8:34,Korver REBOUND (Off:0 Def:6),,,,,4,2594,Kyle Korver,1610612737.0,Atlanta,Hawks,ATL,0,0,,,,,,0,0,,,,,
0021500286,387,6,2,4,9:48 PM,8:34,,,Williams S.FOUL (P2.T1) (D.Richardson),,,5,101150,Lou Williams,1610612747.0,Los Angeles,Lakers,LAL,4,203145,Kent Bazemore,1610612737.0,Atlanta,Hawks,ATL,1,0,,,,,
0021500286,388,9,4,4,9:48 PM,8:34,,,,,,1,0,,,,,,0,0,,,,,,0,0,,,,,
0021500286,391,3,11,4,9:50 PM,8:34,Bazemore Free Throw 1 of 2 (9 PTS),,,71 - 80,9,4,203145,Kent Bazemore,1610612737.0,Atlanta,Hawks,ATL,0,0,,,,,,0,0,,,,,
0021500286,393,3,12,4,9:51 PM,8:34,MISS Bazemore Free Throw 2 of 2,,,,,4,203145,Kent Bazemore,1610612737.0,Atlanta,Hawks,ATL,0,0,,,,,,0,0,,,,,
0021500286,395,4,0,4,9:51 PM,8:32,,,Bass REBOUND (Off:0 Def:3),,,5,101138,Brandon Bass,1610612747.0,Los Angeles,Lakers,LAL,0,0,,,,,,0,0,,,,,
0021500286,396,2,49,4,9:51 PM,8:19,Horford BLOCK (1 BLK),,MISS Williams  Driving Dunk,,,5,101150,Lou Williams,1610612747.0,Los Angeles,Lakers,LAL,0,0,,,,,,4,201143,Al Horford,1610612737.0,Atlanta,Hawks,ATL
0021500286,397,4,0,4,9:51 PM,8:12,,,Russell REBOUND (Off:5 Def:4),,,5,1626156,D'Angelo Russell,1610612747.0,Los Angeles,Lakers,LAL,0,0,,,,,,0,0,,,,,
0021500286,398,5,45,4,9:51 PM,8:12,,,Russell Out of Bounds - Bad Pass Turnover Turnover (P5.T11),,,5,1626156,D'Angelo Russell,1610612747.0,Los Angeles,Lakers,LAL,0,0,,,,,,0,0,,,,,
0021500286,399,1,43,4,9:51 PM,8:09,Bazemore 2' Alley Oop Layup (11 PTS) (Korver 4 AST),,,71 - 82,11,4,203145,Kent Bazemore,1610612737.0,Atlanta,Hawks,ATL,4,2594,Kyle Korver,1610612737.0,Atlanta,Hawks,ATL,0,0,,,,,
0021500286,400,1,1,4,9:52 PM,7:49,,,Russell 25' 3PT Jump Shot (16 PTS) (Bass 2 AST),74 - 82,8,5,1626156,D'Angelo Russell,1610612747.0,Los Angeles,Lakers,LAL,5,101138,Brandon Bass,1610612747.0,Los Angeles,Lakers,LAL,0,0,,,,,
0021500286,401,2,1,4,9:52 PM,7:29,MISS Scott 24' 3PT Jump Shot,,,,,4,203118,Mike Scott,1610612737.0,Atlanta,Hawks,ATL,0,0,,,,,,0,0,,,,,
0021500286,402,4,0,4,9:52 PM,7:26,,,Russell REBOUND (Off:5 Def:5),,,5,1626156,D'Angelo Russell,1610612747.0,Los Angeles,Lakers,LAL,0,0,,,,,,0,0,,,,,
0021500286,403,2,47,4,9:52 PM,7:15,,,MISS Russell 15' Turnaround Jump Shot,,,5,1626156,D'Angelo Russell,1610612747.0,Los Angeles,Lakers,LAL,0,0,,,,,,0,0,,,,,
0021500286,404,4,0,4,9:52 PM,7:14,,,Nance Jr. REBOUND (Off:2 Def:5),,,5,1626204,Larry Nance Jr.,1610612747.0,Los Angeles,Lakers,LAL,0,0,,,,,,0,0,,,,,
0021500286,405,1,87,4,9:52 PM,7:12,,,Nance Jr.  Putback Dunk (6 PTS),76 - 82,6,5,1626204,Larry Nance Jr.,1610612747.0,Los Angeles,Lakers,LAL,0,0,,,,,,0,0,,,,,
0021500286,407,1,101,4,9:53 PM,6:59,Schroder 5' Driving Floating Jump Shot (5 PTS),,,76 - 84,8,4,203471,Dennis Schroder,1610612737.0,Atlanta,Hawks,ATL,0,0,,,,,,0,0,,,,,
0021500286,409,6,2,4,9:53 PM,6:36,Bazemore S.FOUL (P2.T2) (E.Malloy),,,,,4,203145,Kent Bazemore,1610612737.0,Atlanta,Hawks,ATL,5,977,Kobe Bryant,1610612747.0,Los Angeles,Lakers,LAL,1,0,,,,,
0021500286,410,3,11,4,9:54 PM,6:36,,,Bryant Free Throw 1 of 2 (11 PTS),77 - 84,7,5,977,Kobe Bryant,1610612747.0,Los Angeles,Lakers,LAL,0,0,,,,,,0,0,,,,,
0021500286,412,8,0,4,9:54 PM,6:36,SUB: Millsap FOR Horford,,,,,4,201143,Al Horford,1610612737.0,Atlanta,Hawks,ATL,4,200794,Paul Millsap,1610612737.0,Atlanta,Hawks,ATL,0,0,,,,,
0021500286,413,8,0,4,9:54 PM,6:36,SUB: Sefolosha FOR Bazemore,,,,,4,203145,Kent Bazemore,1610612737.0,Atlanta,Hawks,ATL,4,200757,Thabo Sefolosha,1610612737.0,Atlanta,Hawks,ATL,0,0,,,,,
0021500286,414,3,12,4,9:54 PM,6:36,,,Bryant Free Throw 2 of 2 (12 PTS),78 - 84,6,5,977,Kobe Bryant,1610612747.0,Los Angeles,Lakers,LAL,0,0,,,,,,0,0,,,,,
0021500286,416,6,2,4,9:54 PM,6:27,,,Russell S.FOUL (P2.T2) (E.Malloy),,,5,1626156,D'Angelo Russell,1610612747.0,Los Angeles,Lakers,LAL,4,203471,Dennis Schroder,1610612737.0,Atlanta,Hawks,ATL,1,0,,,,,
0021500286,417,3,11,4,9:54 PM,6:27,MISS Schroder Free Throw 1 of 2,,,,,4,203471,Dennis Schroder,1610612737.0,Atlanta,Hawks,ATL,0,0,,,,,,0,0,,,,,
0021500286,418,4,1,4,9:54 PM,6:27,HAWKS Rebound,,,,,2,1610612737,,,,,,0,0,,,,,,0,0,,,,,
0021500286,419,3,12,4,9:55 PM,6:27,Schroder Free Throw 2 of 2 (6 PTS),,,78 - 85,7,4,203471,Dennis Schroder,1610612737.0,Atlanta,Hawks,ATL,0,0,,,,,,0,0,,,,,
0021500286,421,2,1,4,9:55 PM,6:15,,,MISS Bryant 25' 3PT Jump Shot,,,5,977,Kobe Bryant,1610612747.0,Los Angeles,Lakers,LAL,0,0,,,,,,0,0,,,,,
0021500286,422,4,0,4,9:55 PM,6:13,Schroder REBOUND (Off:0 Def:5),,,,,4,203471,Dennis Schroder,1610612737.0,Atlanta,Hawks,ATL,0,0,,,,,,0,0,,,,,
0021500286,423,5,1,4,9:55 PM,6:06,Scott Bad Pass Turnover (P1.T15),,Russell STEAL (1 STL),,,4,203118,Mike Scott,1610612737.0,Atlanta,Hawks,ATL,5,1626156,D'Angelo Russell,1610612747.0,Los Angeles,Lakers,LAL,0,0,,,,,
0021500286,424,1,1,4,9:55 PM,6:00,,,Williams  3PT Jump Shot (18 PTS) (Bryant 5 AST),81 - 85,4,5,101150,Lou Williams,1610612747.0,Los Angeles,Lakers,LAL,5,977,Kobe Bryant,1610612747.0,Los Angeles,Lakers,LAL,0,0,,,,,
0021500286,425,9,1,4,9:55 PM,5:59,HAWKS Timeout: Regular (Full 5 Short 0),,,,,2,1610612737,,,,,,0,0,,,,,,0,0,,,,,
0021500286,426,8,0,4,9:58 PM,5:59,SUB: Horford FOR Scott,,,,,4,203118,Mike Scott,1610612737.0,Atlanta,Hawks,ATL,4,201143,Al Horford,1610612737.0,Atlanta,Hawks,ATL,0,0,,,,,
0021500286,428,6,4,4,9:58 PM,5:49,Korver OFF.Foul (P1) (D.Richardson),,,,,4,2594,Kyle Korver,1610612737.0,Atlanta,Hawks,ATL,5,101138,Brandon Bass,1610612747.0,Los Angeles,Lakers,LAL,1,0,,,,,
0021500286,429,5,5,4,9:58 PM,5:49,Korver Foul Turnover (P3.T16),,,,,4,2594,Kyle Korver,1610612737.0,Atlanta,Hawks,ATL,0,0,,,,,,1,0,,,,,
0021500286,430,6,1,4,9:59 PM,5:29,Millsap P.FOUL (P3.T3) (B.Forte),,,,,4,200794,Paul Millsap,1610612737.0,Atlanta,Hawks,ATL,5,101150,Lou Williams,1610612747.0,Los Angeles,Lakers,LAL,1,0,,,,,
0021500286,431,8,0,4,9:59 PM,5:29,SUB: Teague FOR Schroder,,,,,4,203471,Dennis Schroder,1610612737.0,Atlanta,Hawks,ATL,4,201952,Jeff Teague,1610612737.0,Atlanta,Hawks,ATL,0,0,,,,,
0021500286,432,2,1,4,9:59 PM,5:19,,,MISS Bass 14' Jump Shot,,,5,101138,Brandon Bass,1610612747.0,Los Angeles,Lakers,LAL,0,0,,,,,,0,0,,,,,
0021500286,433,4,0,4,9:59 PM,5:17,Sefolosha REBOUND (Off:2 Def:3),,,,,4,200757,Thabo Sefolosha,1610612737.0,Atlanta,Hawks,ATL,0,0,,,,,,0,0,,,,,
0021500286,434,1,5,4,10:00 PM,5:04,Millsap 2' Layup (11 PTS) (Horford 4 AST),,,81 - 87,6,4,200794,Paul Millsap,1610612737.0,Atlanta,Hawks,ATL,4,201143,Al Horford,1610612737.0,Atlanta,Hawks,ATL,0,0,,,,,
0021500286,436,1,79,4,10:00 PM,4:46,,,Bryant 16' Pullup Jump Shot (14 PTS),83 - 87,4,5,977,Kobe Bryant,1610612747.0,Los Angeles,Lakers,LAL,0,0,,,,,,0,0,,,,,
0021500286,437,1,98,4,10:00 PM,4:31,Millsap 1' Cutting Layup Shot (13 PTS) (Horford 5 AST),,,83 - 89,6,4,200794,Paul Millsap,1610612737.0,Atlanta,Hawks,ATL,4,201143,Al Horford,1610612737.0,Atlanta,Hawks,ATL,0,0,,,,,
0021500286,438,2,101,4,10:00 PM,4:14,Sefolosha BLOCK (1 BLK),,MISS Bryant 12' Driving Floating Jump Shot,,,5,977,Kobe Bryant,1610612747.0,Los Angeles,Lakers,LAL,0,0,,,,,,4,200757,Thabo Sefolosha,1610612737.0,Atlanta,Hawks,ATL
0021500286,439,4,0,4,10:01 PM,4:14,,,Lakers Rebound,,,3,1610612747,,,,,,0,0,,,,,,0,0,,,,,
0021500286,440,8,0,4,10:01 PM,4:14,SUB: Bazemore FOR Korver,,,,,4,2594,Kyle Korver,1610612737.0,Atlanta,Hawks,ATL,4,203145,Kent Bazemore,1610612737.0,Atlanta,Hawks,ATL,0,0,,,,,
0021500286,441,2,1,4,10:01 PM,4:10,,,MISS Bryant  3PT Jump Shot,,,5,977,Kobe Bryant,1610612747.0,Los Angeles,Lakers,LAL,0,0,,,,,,0,0,,,,,
0021500286,442,4,0,4,10:01 PM,4:07,Bazemore REBOUND (Off:0 Def:3),,,,,4,203145,Kent Bazemore,1610612737.0,Atlanta,Hawks,ATL,0,0,,,,,,0,0,,,,,
0021500286,443,1,80,4,10:01 PM,3:45,Teague 16' Step Back Jump Shot (11 PTS),,,83 - 91,8,4,201952,Jeff Teague,1610612737.0,Atlanta,Hawks,ATL,0,0,,,,,,0,0,,,,,
0021500286,444,9,1,4,10:01 PM,3:45,,,Lakers Timeout: Regular (Reg.3 Short 1),,,3,1610612747,,,,,,0,0,,,,,,0,0,,,,,
0021500286,447,8,0,4,10:04 PM,3:45,,,SUB: Randle FOR Nance Jr.,,,5,1626204,Larry Nance Jr.,1610612747.0,Los Angeles,Lakers,LAL,5,203944,Julius Randle,1610612747.0,Los Angeles,Lakers,LAL,0,0,,,,,
0021500286,448,5,1,4,10:04 PM,3:29,Teague STEAL (2 STL),,Russell Bad Pass Turnover (P6.T12),,,5,1626156,D'Angelo Russell,1610612747.0,Los Angeles,Lakers,LAL,4,201952,Jeff Teague,1610612737.0,Atlanta,Hawks,ATL,0,0,,,,,
0021500286,449,2,79,4,10:04 PM,3:05,MISS Teague 25' 3PT Pullup Jump Shot,,,,,4,201952,Jeff Teague,1610612737.0,Atlanta,Hawks,ATL,0,0,,,,,,0,0,,,,,
0021500286,450,4,0,4,10:05 PM,3:04,Millsap REBOUND (Off:2 Def:5),,,,,4,200794,Paul Millsap,1610612737.0,Atlanta,Hawks,ATL,0,0,,,,,,0,0,,,,,
0021500286,451,5,1,4,10:05 PM,2:48,Horford Bad Pass Turnover (P3.T17),,Randle STEAL (3 STL),,,4,201143,Al Horford,1610612737.0,Atlanta,Hawks,ATL,5,203944,Julius Randle,1610612747.0,Los Angeles,Lakers,LAL,0,0,,,,,
0021500286,452,2,5,4,10:05 PM,2:41,Millsap BLOCK (2 BLK),,MISS Randle 4' Layup,,,5,203944,Julius Randle,1610612747.0,Los Angeles,Lakers,LAL,0,0,,,,,,4,200794,Paul Millsap,1610612737.0,Atlanta,Hawks,ATL
0021500286,453,4,0,4,10:05 PM,2:41,,,Lakers Rebound,,,3,1610612747,,,,,,0,0,,,,,,0,0,,,,,
0021500286,454,5,1,4,10:05 PM,2:40,Bazemore STEAL (3 STL),,Bryant Bad Pass Turnover (P1.T13),,,5,977,Kobe Bryant,1610612747.0,Los Angeles,Lakers,LAL,4,203145,Kent Bazemore,1610612737.0,Atlanta,Hawks,ATL,0,0,,,,,
0021500286,455,1,74,4,10:05 PM,2:34,Teague 1' Running Reverse Layup (13 PTS),,,83 - 93,10,4,201952,Jeff Teague,1610612737.0,Atlanta,Hawks,ATL,0,0,,,,,,0,0,,,,,
0021500286,456,2,79,4,10:06 PM,2:17,,,MISS Bryant 19' Pullup Jump Shot,,,5,977,Kobe Bryant,1610612747.0,Los Angeles,Lakers,LAL,0,0,,,,,,0,0,,,,,
0021500286,457,4,0,4,10:06 PM,2:15,Millsap REBOUND (Off:2 Def:6),,,,,4,200794,Paul Millsap,1610612737.0,Atlanta,Hawks,ATL,0,0,,,,,,0,0,,,,,
0021500286,458,6,2,4,10:06 PM,2:05,,,Randle S.FOUL (P2.T3) (B.Forte),,,5,203944,Julius Randle,1610612747.0,Los Angeles,Lakers,LAL,4,200794,Paul Millsap,1610612737.0,Atlanta,Hawks,ATL,1,0,,,,,
0021500286,459,3,11,4,10:06 PM,2:05,Millsap Free Throw 1 of 2 (14 PTS),,,83 - 94,11,4,200794,Paul Millsap,1610612737.0,Atlanta,Hawks,ATL,0,0,,,,,,0,0,,,,,
0021500286,461,3,12,4,10:06 PM,2:05,Millsap Free Throw 2 of 2 (15 PTS),,,83 - 95,12,4,200794,Paul Millsap,1610612737.0,Atlanta,Hawks,ATL,0,0,,,,,,0,0,,,,,
0021500286,463,2,1,4,10:07 PM,1:53,,,MISS Bryant 25' 3PT Jump Shot,,,5,977,Kobe Bryant,1610612747.0,Los Angeles,Lakers,LAL,0,0,,,,,,0,0,,,,,
0021500286,465,4,0,4,10:07 PM,1:53,,,Bass REBOUND (Off:1 Def:3),,,5,101138,Brandon Bass,1610612747.0,Los Angeles,Lakers,LAL,0,0,,,,,,0,0,,,,,
0021500286,464,1,107,4,10:07 PM,1:53,,,Bass  Tip Dunk Shot (4 PTS),85 - 95,10,5,101138,Brandon Bass,1610612747.0,Los Angeles,Lakers,LAL,0,0,,,,,,0,0,,,,,
0021500286,467,6,2,4,10:07 PM,1:30,,,Bryant S.FOUL (P2.T4) (D.Richardson),,,5,977,Kobe Bryant,1610612747.0,Los Angeles,Lakers,LAL,4,203145,Kent Bazemore,1610612737.0,Atlanta,Hawks,ATL,1,0,,,,,
0021500286,468,3,11,4,10:07 PM,1:30,Bazemore Free Throw 1 of 2 (12 PTS),,,85 - 96,11,4,203145,Kent Bazemore,1610612737.0,Atlanta,Hawks,ATL,0,0,,,,,,0,0,,,,,
0021500286,470,3,12,4,10:08 PM,1:30,Bazemore Free Throw 2 of 2 (13 PTS),,,85 - 97,12,4,203145,Kent Bazemore,1610612737.0,Atlanta,Hawks,ATL,0,0,,,,,,0,0,,,,,
0021500286,472,5,45,4,10:08 PM,1:22,,,Russell Out of Bounds - Bad Pass Turnover Turnover (P7.T14),,,5,1626156,D'Angelo Russell,1610612747.0,Los Angeles,Lakers,LAL,0,0,,,,,,0,0,,,,,
0021500286,473,2,79,4,10:08 PM,1:04,MISS Teague 16' Pullup Jump Shot,,,,,4,201952,Jeff Teague,1610612737.0,Atlanta,Hawks,ATL,0,0,,,,,,0,0,,,,,
0021500286,474,4,0,4,10:08 PM,1:01,,,Bass REBOUND (Off:1 Def:4),,,5,101138,Brandon Bass,1610612747.0,Los Angeles,Lakers,LAL,0,0,,,,,,0,0,,,,,
0021500286,475,5,1,4,10:09 PM,0:55,Millsap STEAL (2 STL),,Bryant Bad Pass Turnover (P2.T15),,,5,977,Kobe Bryant,1610612747.0,Los Angeles,Lakers,LAL,4,200794,Paul Millsap,1610612737.0,Atlanta,Hawks,ATL,0,0,,,,,
0021500286,476,1,52,4,10:09 PM,0:50,Bazemore  Alley Oop Dunk (15 PTS) (Sefolosha 1 AST),,,85 - 99,14,4,203145,Kent Bazemore,1610612737.0,Atlanta,Hawks,ATL,4,200757,Thabo Sefolosha,1610612737.0,Atlanta,Hawks,ATL,0,0,,,,,
0021500286,477,9,1,4,10:09 PM,0:50,,,Lakers Timeout: Regular (Reg.4 Short 1),,,3,1610612747,,,,,,0,0,,,,,,0,0,,,,,
0021500286,478,8,0,4,10:10 PM,0:50,SUB: Scott FOR Sefolosha,,,,,4,200757,Thabo Sefolosha,1610612737.0,Atlanta,Hawks,ATL,4,203118,Mike Scott,1610612737.0,Atlanta,Hawks,ATL,0,0,,,,,
0021500286,479,8,0,4,10:10 PM,0:50,SUB: Patterson FOR Millsap,,,,,4,200794,Paul Millsap,1610612737.0,Atlanta,Hawks,ATL,4,203934,Lamar Patterson,1610612737.0,Atlanta,Hawks,ATL,0,0,,,,,
0021500286,480,8,0,4,10:10 PM,0:50,SUB: Schroder FOR Horford,,,,,4,201143,Al Horford,1610612737.0,Atlanta,Hawks,ATL,4,203471,Dennis Schroder,1610612737.0,Atlanta,Hawks,ATL,0,0,,,,,
0021500286,481,8,0,4,10:10 PM,0:50,SUB: Muscala FOR Teague,,,,,4,201952,Jeff Teague,1610612737.0,Atlanta,Hawks,ATL,4,203488,Mike Muscala,1610612737.0,Atlanta,Hawks,ATL,0,0,,,,,
0021500286,482,8,0,4,10:11 PM,0:50,,,SUB: World Peace FOR Bryant,,,5,977,Kobe Bryant,1610612747.0,Los Angeles,Lakers,LAL,5,1897,Metta World Peace,1610612747.0,Los Angeles,Lakers,LAL,0,0,,,,,
0021500286,483,5,1,4,10:11 PM,0:37,Bazemore STEAL (4 STL),,Randle Bad Pass Turnover (P1.T16),,,5,203944,Julius Randle,1610612747.0,Los Angeles,Lakers,LAL,4,203145,Kent Bazemore,1610612737.0,Atlanta,Hawks,ATL,0,0,,,,,
0021500286,484,6,2,4,10:11 PM,0:17,,,Williams S.FOUL (P3.PN) (B.Forte),,,5,101150,Lou Williams,1610612747.0,Los Angeles,Lakers,LAL,4,203118,Mike Scott,1610612737.0,Atlanta,Hawks,ATL,1,0,,,,,
0021500286,485,3,11,4,10:11 PM,0:17,MISS Scott Free Throw 1 of 2,,,,,4,203118,Mike Scott,1610612737.0,Atlanta,Hawks,ATL,0,0,,,,,,0,0,,,,,
0021500286,486,4,1,4,10:11 PM,0:17,HAWKS Rebound,,,,,2,1610612737,,,,,,0,0,,,,,,0,0,,,,,
0021500286,487,3,12,4,10:12 PM,0:17,Scott Free Throw 2 of 2 (14 PTS),,,85 - 100,15,4,203118,Mike Scott,1610612737.0,Atlanta,Hawks,ATL,0,0,,,,,,0,0,,,,,
0021500286,489,6,2,4,10:12 PM,0:09,Patterson S.FOUL (P2.T4) (B.Forte),,,,,4,203934,Lamar Patterson,1610612737.0,Atlanta,Hawks,ATL,5,203944,Julius Randle,1610612747.0,Los Angeles,Lakers,LAL,1,0,,,,,
0021500286,490,3,11,4,10:12 PM,0:09,,,Randle Free Throw 1 of 2 (7 PTS),86 - 100,14,5,203944,Julius Randle,1610612747.0,Los Angeles,Lakers,LAL,0,0,,,,,,0,0,,,,,
0021500286,492,3,12,4,10:12 PM,0:09,,,Randle Free Throw 2 of 2 (8 PTS),87 - 100,13,5,203944,Julius Randle,1610612747.0,Los Angeles,Lakers,LAL,0,0,,,,,,0,0,,,,,
0021500286,494,13,0,4,10:13 PM,0:00,,,,87 - 100,13,0,0,,,,,,0,0,,,,,,0,0,,,,,
