GAME_ID,EVENTNUM,EVENTMSGTYPE,EVENTMSGACTIONTYPE,PERIOD,WCTIMESTRING,PCTIMESTRING,HOMEDESCRIPTION,NEUTRALDESCRIPTION,VISITORDESCRIPTION,SCORE,SCOREMARGIN,PERSON1TYPE,PLAYER1_ID,PLAYER1_NAME,PLAYER1_TEAM_ID,PLAYER1_TEAM_CITY,PLAYER1_TEAM_NICKNAME,PLAYER1_TEAM_ABBREVIATION,PERSON2TYPE,PLAYER2_ID,PLAYER2_NAME,PLAYER2_TEAM_ID,PLAYER2_TEAM_CITY,PLAYER2_TEAM_NICKNAME,PLAYER2_TEAM_ABBREVIATION,PERSON3TYPE,PLAYER3_ID,PLAYER3_NAME,PLAYER3_TEAM_ID,PLAYER3_TEAM_CITY,PLAYER3_TEAM_NICKNAME,PLAYER3_TEAM_ABBREVIATION
0021500109,0,12,0,1,7:41 PM,12:00,,,,,,0.0,0,,,,,,0,0,,,,,,0,0,,,,,
0021500109,1,10,0,1,7:41 PM,12:00,Jump Ball Valanciunas vs. Lopez: Tip to Scola,,,,,4.0,202685,Jonas Valanciunas,1610612761.0,Toronto,Raptors,TOR,5,201577,Robin Lopez,1610612752.0,New York,Knicks,NYK,4,2449,Luis Scola,1610612761.0,Toronto,Raptors,TOR
0021500109,2,1,42,1,7:42 PM,11:44,DeRozan 1' Driving Layup (2 PTS) (Scola 1 AST),,,0 - 2,2,4.0,201942,DeMar DeRozan,1610612761.0,Toronto,Raptors,TOR,4,2449,Luis Scola,1610612761.0,Toronto,Raptors,TOR,0,0,,,,,
0021500109,3,1,1,1,7:42 PM,11:29,,,Calderon 25' 3PT Jump Shot (3 PTS) (Lopez 1 AST),3 - 2,-1,5.0,101181,Jose Calderon,1610612752.0,New York,Knicks,NYK,5,201577,Robin Lopez,1610612752.0,New York,Knicks,NYK,0,0,,,,,
0021500109,4,6,2,1,7:42 PM,11:08,,,Lopez S.FOUL (P1.T1) (T.Brown),,,5.0,201577,Robin Lopez,1610612752.0,New York,Knicks,NYK,4,202685,Jonas Valanciunas,1610612761.0,Toronto,Raptors,TOR,1,0,,,,,
0021500109,5,3,11,1,7:43 PM,11:08,Valanciunas Free Throw 1 of 2 (1 PTS),,,3 - 3,TIE,4.0,202685,Jonas Valanciunas,1610612761.0,Toronto,Raptors,TOR,0,0,,,,,,0,0,,,,,
0021500109,7,3,12,1,7:43 PM,11:08,Valanciunas Free Throw 2 of 2 (2 PTS),,,3 - 4,1,4.0,202685,Jonas Valanciunas,1610612761.0,Toronto,Raptors,TOR,0,0,,,,,,0,0,,,,,
0021500109,9,1,79,1,7:43 PM,10:51,,,Vujacic 15' Pullup Jump Shot (2 PTS),5 - 4,-1,5.0,2756,Sasha Vujacic,1610612752.0,New York,Knicks,NYK,0,0,,,,,,0,0,,,,,
0021500109,10,6,1,1,7:44 PM,10:42,,,Vujacic P.FOUL (P1.T2) (E.Malloy),,,5.0,2756,Sasha Vujacic,1610612752.0,New York,Knicks,NYK,4,2449,Luis Scola,1610612761.0,Toronto,Raptors,TOR,1,0,,,,,
0021500109,11,2,3,1,7:44 PM,10:36,MISS Valanciunas 9' Hook Shot,,,,,4.0,202685,Jonas Valanciunas,1610612761.0,Toronto,Raptors,TOR,0,0,,,,,,0,0,,,,,
0021500109,12,4,0,1,7:44 PM,10:36,,,Porzingis REBOUND (Off:0 Def:1),,,5.0,204001,Kristaps Porzingis,1610612752.0,New York,Knicks,NYK,0,0,,,,,,0,0,,,,,
0021500109,13,2,66,1,7:44 PM,10:25,,,MISS Lopez 15' Jump Bank Shot,,,5.0,201577,Robin Lopez,1610612752.0,New York,Knicks,NYK,0,0,,,,,,0,0,,,,,
0021500109,14,4,0,1,7:44 PM,10:24,,,Lopez REBOUND (Off:1 Def:0),,,5.0,201577,Robin Lopez,1610612752.0,New York,Knicks,NYK,0,0,,,,,,0,0,,,,,
0021500109,15,1,72,1,7:44 PM,10:21,,,Lopez 1' Putback Layup (2 PTS),7 - 4,-3,5.0,201577,Robin Lopez,1610612752.0,New York,Knicks,NYK,0,0,,,,,,0,0,,,,,
0021500109,16,2,1,1,7:44 PM,10:02,MISS DeRozan 20' Jump Shot,,,,,4.0,201942,DeMar DeRozan,1610612761.0,Toronto,Raptors,TOR,0,0,,,,,,0,0,,,,,
0021500109,17,4,0,1,7:44 PM,10:02,,,Anthony REBOUND (Off:0 Def:1),,,5.0,2546,Carmelo Anthony,1610612752.0,New York,Knicks,NYK,0,0,,,,,,0,0,,,,,
0021500109,19,2,1,1,7:45 PM,9:45,,,MISS Porzingis 4' Jump Shot,,,5.0,204001,Kristaps Porzingis,1610612752.0,New York,Knicks,NYK,0,0,,,,,,0,0,,,,,
0021500109,20,4,0,1,7:45 PM,9:44,,,Porzingis REBOUND (Off:1 Def:1),,,5.0,204001,Kristaps Porzingis,1610612752.0,New York,Knicks,NYK,0,0,,,,,,0,0,,,,,
0021500109,21,2,1,1,7:45 PM,9:43,Lowry BLOCK (1 BLK),,MISS Porzingis 15' Jump Shot,,,5.0,204001,Kristaps Porzingis,1610612752.0,New York,Knicks,NYK,0,0,,,,,,4,200768,Kyle Lowry,1610612761.0,Toronto,Raptors,TOR
0021500109,23,4,0,1,7:45 PM,9:43,Lowry REBOUND (Off:0 Def:1),,,,,4.0,200768,Kyle Lowry,1610612761.0,Toronto,Raptors,TOR,0,0,,,,,,0,0,,,,,
0021500109,22,5,39,1,7:45 PM,9:43,Lowry Step Out of Bounds Turnover (P1.T1),,,,,4.0,200768,Kyle Lowry,1610612761.0,Toronto,Raptors,TOR,0,0,,,,,,1,0,,,,,
0021500109,24,2,1,1,7:45 PM,9:38,,,MISS Porzingis 19' Jump Shot,,,5.0,204001,Kristaps Porzingis,1610612752.0,New York,Knicks,NYK,0,0,,,,,,0,0,,,,,
0021500109,25,4,0,1,7:45 PM,9:37,,,Knicks Rebound,,,3.0,1610612752,,,,,,0,0,,,,,,0,0,,,,,
0021500109,26,1,1,1,7:45 PM,9:32,,,Vujacic 18' Jump Shot (4 PTS) (Anthony 1 AST),9 - 4,-5,5.0,2756,Sasha Vujacic,1610612752.0,New York,Knicks,NYK,5,2546,Carmelo Anthony,1610612752.0,New York,Knicks,NYK,0,0,,,,,
0021500109,28,5,2,1,7:46 PM,9:17,Johnson Lost Ball Turnover (P1.T2),,Anthony STEAL (1 STL),,,4.0,201949,James Johnson,1610612761.0,Toronto,Raptors,TOR,5,2546,Carmelo Anthony,1610612752.0,New York,Knicks,NYK,0,0,,,,,
0021500109,30,2,1,1,7:46 PM,8:59,,,MISS Calderon 12' Jump Shot,,,5.0,101181,Jose Calderon,1610612752.0,New York,Knicks,NYK,0,0,,,,,,0,0,,,,,
0021500109,31,4,0,1,7:46 PM,8:58,Scola REBOUND (Off:0 Def:1),,,,,4.0,2449,Luis Scola,1610612761.0,Toronto,Raptors,TOR,0,0,,,,,,0,0,,,,,
0021500109,32,1,3,1,7:46 PM,8:51,Valanciunas 4' Hook Shot (4 PTS) (Lowry 1 AST),,,9 - 6,-3,4.0,202685,Jonas Valanciunas,1610612761.0,Toronto,Raptors,TOR,4,200768,Kyle Lowry,1610612761.0,Toronto,Raptors,TOR,0,0,,,,,
0021500109,33,1,80,1,7:46 PM,8:32,,,Anthony 14' Step Back Jump Shot (2 PTS),11 - 6,-5,5.0,2546,Carmelo Anthony,1610612752.0,New York,Knicks,NYK,0,0,,,,,,0,0,,,,,
0021500109,34,2,44,1,7:47 PM,8:18,MISS Scola 1' Reverse Layup,,,,,4.0,2449,Luis Scola,1610612761.0,Toronto,Raptors,TOR,0,0,,,,,,0,0,,,,,
0021500109,35,4,0,1,7:47 PM,8:18,,,Porzingis REBOUND (Off:1 Def:2),,,5.0,204001,Kristaps Porzingis,1610612752.0,New York,Knicks,NYK,0,0,,,,,,0,0,,,,,
0021500109,36,2,1,1,7:47 PM,8:07,,,MISS Anthony 24' 3PT Jump Shot,,,5.0,2546,Carmelo Anthony,1610612752.0,New York,Knicks,NYK,0,0,,,,,,0,0,,,,,
0021500109,37,4,0,1,7:47 PM,8:06,Scola REBOUND (Off:0 Def:2),,,,,4.0,2449,Luis Scola,1610612761.0,Toronto,Raptors,TOR,0,0,,,,,,0,0,,,,,
0021500109,38,2,47,1,7:47 PM,7:57,MISS Lowry 17' Turnaround Jump Shot,,,,,4.0,200768,Kyle Lowry,1610612761.0,Toronto,Raptors,TOR,0,0,,,,,,0,0,,,,,
0021500109,39,4,0,1,7:47 PM,7:57,,,Calderon REBOUND (Off:0 Def:1),,,5.0,101181,Jose Calderon,1610612752.0,New York,Knicks,NYK,0,0,,,,,,0,0,,,,,
0021500109,40,2,78,1,7:47 PM,7:47,,,MISS Porzingis 9' Floating Jump Shot,,,5.0,204001,Kristaps Porzingis,1610612752.0,New York,Knicks,NYK,0,0,,,,,,0,0,,,,,
0021500109,41,4,0,1,7:47 PM,7:45,,,Porzingis REBOUND (Off:2 Def:2),,,5.0,204001,Kristaps Porzingis,1610612752.0,New York,Knicks,NYK,0,0,,,,,,0,0,,,,,
0021500109,42,5,45,1,7:47 PM,7:44,,,Porzingis Out of Bounds - Bad Pass Turnover Turnover (P1.T1),,,5.0,204001,Kristaps Porzingis,1610612752.0,New York,Knicks,NYK,0,0,,,,,,1,0,,,,,
0021500109,43,5,8,1,7:48 PM,7:34,Valanciunas 3 Second Violation Turnover (P1.T3),,,,,4.0,202685,Jonas Valanciunas,1610612761.0,Toronto,Raptors,TOR,0,0,,,,,,1,0,,,,,
0021500109,44,2,1,1,7:48 PM,7:10,,,MISS Porzingis 26' 3PT Jump Shot,,,5.0,204001,Kristaps Porzingis,1610612752.0,New York,Knicks,NYK,0,0,,,,,,0,0,,,,,
0021500109,45,4,0,1,7:48 PM,7:10,Lowry REBOUND (Off:0 Def:2),,,,,4.0,200768,Kyle Lowry,1610612761.0,Toronto,Raptors,TOR,0,0,,,,,,0,0,,,,,
0021500109,46,2,1,1,7:48 PM,6:58,MISS Scola 24' 3PT Jump Shot,,,,,4.0,2449,Luis Scola,1610612761.0,Toronto,Raptors,TOR,0,0,,,,,,0,0,,,,,
0021500109,47,4,0,1,7:49 PM,6:57,,,Anthony REBOUND (Off:0 Def:2),,,5.0,2546,Carmelo Anthony,1610612752.0,New York,Knicks,NYK,0,0,,,,,,0,0,,,,,
0021500109,48,1,3,1,7:49 PM,6:45,,,Lopez 5' Hook Shot (4 PTS) (Porzingis 1 AST),13 - 6,-7,5.0,201577,Robin Lopez,1610612752.0,New York,Knicks,NYK,5,204001,Kristaps Porzingis,1610612752.0,New York,Knicks,NYK,0,0,,,,,
0021500109,49,9,1,1,7:49 PM,6:38,RAPTORS Timeout: Regular (Full 1 Short 0),,,,,2.0,1610612761,,,,,,0,0,,,,,,0,0,,,,,
0021500109,53,1,79,1,7:51 PM,6:28,DeRozan 16' Pullup Jump Shot (4 PTS) (Lowry 2 AST),,,13 - 8,-5,4.0,201942,DeMar DeRozan,1610612761.0,Toronto,Raptors,TOR,4,200768,Kyle Lowry,1610612761.0,Toronto,Raptors,TOR,0,0,,,,,
0021500109,54,2,1,1,7:52 PM,6:08,,,MISS Vujacic  3PT Jump Shot,,,5.0,2756,Sasha Vujacic,1610612752.0,New York,Knicks,NYK,0,0,,,,,,0,0,,,,,
0021500109,55,4,0,1,7:52 PM,6:08,,,Knicks Rebound,,,3.0,1610612752,,,,,,0,0,,,,,,0,0,,,,,
0021500109,56,6,3,1,7:52 PM,6:08,Johnson L.B.FOUL (P1.T1) (E.Malloy),,,,,4.0,201949,James Johnson,1610612761.0,Toronto,Raptors,TOR,5,201577,Robin Lopez,1610612752.0,New York,Knicks,NYK,1,0,,,,,
0021500109,58,6,2,1,7:53 PM,5:52,Valanciunas S.FOUL (P1.T2) (T.Brown),,,,,4.0,202685,Jonas Valanciunas,1610612761.0,Toronto,Raptors,TOR,5,204001,Kristaps Porzingis,1610612752.0,New York,Knicks,NYK,1,0,,,,,
0021500109,59,3,11,1,7:53 PM,5:52,,,Porzingis Free Throw 1 of 2 (1 PTS),14 - 8,-6,5.0,204001,Kristaps Porzingis,1610612752.0,New York,Knicks,NYK,0,0,,,,,,0,0,,,,,
0021500109,61,3,12,1,7:53 PM,5:52,,,Porzingis Free Throw 2 of 2 (2 PTS),15 - 8,-7,5.0,204001,Kristaps Porzingis,1610612752.0,New York,Knicks,NYK,0,0,,,,,,0,0,,,,,
0021500109,63,2,1,1,7:53 PM,5:42,MISS Lowry 25' 3PT Jump Shot,,,,,4.0,200768,Kyle Lowry,1610612761.0,Toronto,Raptors,TOR,0,0,,,,,,0,0,,,,,
0021500109,64,4,0,1,7:53 PM,5:41,Scola REBOUND (Off:1 Def:2),,,,,4.0,2449,Luis Scola,1610612761.0,Toronto,Raptors,TOR,0,0,,,,,,0,0,,,,,
0021500109,65,6,2,1,7:53 PM,5:38,,,Porzingis S.FOUL (P1.T3) (T.Ford),,,5.0,204001,Kristaps Porzingis,1610612752.0,New York,Knicks,NYK,4,2449,Luis Scola,1610612761.0,Toronto,Raptors,TOR,1,0,,,,,
0021500109,66,3,11,1,7:54 PM,5:38,Scola Free Throw 1 of 2 (1 PTS),,,15 - 9,-6,4.0,2449,Luis Scola,1610612761.0,Toronto,Raptors,TOR,0,0,,,,,,0,0,,,,,
0021500109,68,3,12,1,7:54 PM,5:38,Scola Free Throw 2 of 2 (2 PTS),,,15 - 10,-5,4.0,2449,Luis Scola,1610612761.0,Toronto,Raptors,TOR,0,0,,,,,,0,0,,,,,
0021500109,70,2,79,1,7:54 PM,5:17,,,MISS Anthony 19' Pullup Jump Shot,,,5.0,2546,Carmelo Anthony,1610612752.0,New York,Knicks,NYK,0,0,,,,,,0,0,,,,,
0021500109,71,4,0,1,7:54 PM,5:17,,,Vujacic REBOUND (Off:1 Def:0),,,5.0,2756,Sasha Vujacic,1610612752.0,New York,Knicks,NYK,0,0,,,,,,0,0,,,,,
0021500109,72,2,1,1,7:55 PM,5:09,,,MISS Calderon 25' 3PT Jump Shot,,,5.0,101181,Jose Calderon,1610612752.0,New York,Knicks,NYK,0,0,,,,,,0,0,,,,,
0021500109,73,4,0,1,7:55 PM,5:09,,,Lopez REBOUND (Off:2 Def:0),,,5.0,201577,Robin Lopez,1610612752.0,New York,Knicks,NYK,0,0,,,,,,0,0,,,,,
0021500109,74,2,97,1,7:55 PM,5:06,,,MISS Lopez 2' Tip Layup Shot,,,5.0,201577,Robin Lopez,1610612752.0,New York,Knicks,NYK,0,0,,,,,,0,0,,,,,
0021500109,75,4,0,1,7:55 PM,5:05,Scola REBOUND (Off:1 Def:3),,,,,4.0,2449,Luis Scola,1610612761.0,Toronto,Raptors,TOR,0,0,,,,,,0,0,,,,,
0021500109,76,2,102,1,7:55 PM,4:56,MISS Lowry 10' Driving Floating Bank Jump Shot,,,,,4.0,200768,Kyle Lowry,1610612761.0,Toronto,Raptors,TOR,0,0,,,,,,0,0,,,,,
0021500109,77,4,0,1,7:55 PM,4:54,Valanciunas REBOUND (Off:1 Def:0),,,,,4.0,202685,Jonas Valanciunas,1610612761.0,Toronto,Raptors,TOR,0,0,,,,,,0,0,,,,,
0021500109,78,6,1,1,7:55 PM,4:51,,,Vujacic P.FOUL (P2.T4) (T.Ford),,,5.0,2756,Sasha Vujacic,1610612752.0,New York,Knicks,NYK,4,202685,Jonas Valanciunas,1610612761.0,Toronto,Raptors,TOR,1,0,,,,,
0021500109,79,8,0,1,7:55 PM,4:51,SUB: Patterson FOR Scola,,,,,4.0,2449,Luis Scola,1610612761.0,Toronto,Raptors,TOR,4,202335,Patrick Patterson,1610612761.0,Toronto,Raptors,TOR,0,0,,,,,
0021500109,80,8,0,1,7:55 PM,4:51,,,SUB: Thomas FOR Porzingis,,,5.0,204001,Kristaps Porzingis,1610612752.0,New York,Knicks,NYK,5,202498,Lance Thomas,1610612752.0,New York,Knicks,NYK,0,0,,,,,
0021500109,81,6,2,1,7:56 PM,4:42,,,Anthony S.FOUL (P1.PN) (T.Ford),,,5.0,2546,Carmelo Anthony,1610612752.0,New York,Knicks,NYK,4,201949,James Johnson,1610612761.0,Toronto,Raptors,TOR,1,0,,,,,
0021500109,82,3,11,1,7:56 PM,4:42,MISS Johnson Free Throw 1 of 2,,,,,4.0,201949,James Johnson,1610612761.0,Toronto,Raptors,TOR,0,0,,,,,,0,0,,,,,
0021500109,83,4,1,1,7:56 PM,4:42,RAPTORS Rebound,,,,,2.0,1610612761,,,,,,0,0,,,,,,0,0,,,,,
0021500109,84,3,12,1,7:56 PM,4:42,MISS Johnson Free Throw 2 of 2,,,,,4.0,201949,James Johnson,1610612761.0,Toronto,Raptors,TOR,0,0,,,,,,0,0,,,,,
0021500109,86,4,0,1,7:56 PM,4:41,RAPTORS Rebound,,,,,2.0,1610612761,,,,,,0,0,,,,,,0,0,,,,,
0021500109,87,8,0,1,7:57 PM,4:41,,,SUB: Galloway FOR Vujacic,,,5.0,2756,Sasha Vujacic,1610612752.0,New York,Knicks,NYK,5,204038,Langston Galloway,1610612752.0,New York,Knicks,NYK,0,0,,,,,
0021500109,88,2,1,1,7:57 PM,4:38,MISS DeRozan 14' Jump Shot,,,,,4.0,201942,DeMar DeRozan,1610612761.0,Toronto,Raptors,TOR,0,0,,,,,,0,0,,,,,
0021500109,89,4,0,1,7:57 PM,4:37,,,Anthony REBOUND (Off:0 Def:3),,,5.0,2546,Carmelo Anthony,1610612752.0,New York,Knicks,NYK,0,0,,,,,,0,0,,,,,
0021500109,90,2,57,1,7:57 PM,4:24,,,MISS Thomas 5' Driving Hook Shot,,,5.0,202498,Lance Thomas,1610612752.0,New York,Knicks,NYK,0,0,,,,,,0,0,,,,,
0021500109,91,4,0,1,7:57 PM,4:23,Valanciunas REBOUND (Off:1 Def:1),,,,,4.0,202685,Jonas Valanciunas,1610612761.0,Toronto,Raptors,TOR,0,0,,,,,,0,0,,,,,
0021500109,92,1,41,1,7:57 PM,4:17,DeRozan 1' Running Layup (6 PTS) (Lowry 3 AST),,,15 - 12,-3,4.0,201942,DeMar DeRozan,1610612761.0,Toronto,Raptors,TOR,4,200768,Kyle Lowry,1610612761.0,Toronto,Raptors,TOR,0,0,,,,,
0021500109,93,2,1,1,7:57 PM,3:57,,,MISS Thomas 19' Jump Shot,,,5.0,202498,Lance Thomas,1610612752.0,New York,Knicks,NYK,0,0,,,,,,0,0,,,,,
0021500109,94,4,0,1,7:58 PM,3:56,,,Lopez REBOUND (Off:3 Def:0),,,5.0,201577,Robin Lopez,1610612752.0,New York,Knicks,NYK,0,0,,,,,,0,0,,,,,
0021500109,95,1,97,1,7:58 PM,3:52,,,Lopez 1' Tip Layup Shot (6 PTS),17 - 12,-5,5.0,201577,Robin Lopez,1610612752.0,New York,Knicks,NYK,0,0,,,,,,0,0,,,,,
0021500109,97,1,106,1,7:58 PM,3:39,DeRozan  Running Alley Oop Dunk Shot (8 PTS) (Lowry 4 AST),,,17 - 14,-3,4.0,201942,DeMar DeRozan,1610612761.0,Toronto,Raptors,TOR,4,200768,Kyle Lowry,1610612761.0,Toronto,Raptors,TOR,0,0,,,,,
0021500109,99,9,1,1,7:58 PM,3:33,,,Knicks Timeout: Regular (Reg.1 Short 0),,,3.0,1610612752,,,,,,0,0,,,,,,0,0,,,,,
0021500109,100,8,0,1,8:00 PM,3:33,SUB: Biyombo FOR Valanciunas,,,,,4.0,202685,Jonas Valanciunas,1610612761.0,Toronto,Raptors,TOR,4,202687,Bismack Biyombo,1610612761.0,Toronto,Raptors,TOR,0,0,,,,,
0021500109,101,8,0,1,8:00 PM,3:33,,,SUB: O'Quinn FOR Lopez,,,5.0,201577,Robin Lopez,1610612752.0,New York,Knicks,NYK,5,203124,Kyle O'Quinn,1610612752.0,New York,Knicks,NYK,0,0,,,,,
0021500109,102,8,0,1,8:00 PM,3:33,,,SUB: Grant FOR Calderon,,,5.0,101181,Jose Calderon,1610612752.0,New York,Knicks,NYK,5,1626170,Jerian Grant,1610612752.0,New York,Knicks,NYK,0,0,,,,,
0021500109,103,2,5,1,8:00 PM,3:26,,,MISS O'Quinn 1' Layup,,,5.0,203124,Kyle O'Quinn,1610612752.0,New York,Knicks,NYK,0,0,,,,,,0,0,,,,,
0021500109,104,4,0,1,8:01 PM,3:20,DeRozan REBOUND (Off:0 Def:1),,,,,4.0,201942,DeMar DeRozan,1610612761.0,Toronto,Raptors,TOR,0,0,,,,,,0,0,,,,,
0021500109,105,1,5,1,8:01 PM,3:11,DeRozan 1' Layup (10 PTS),,,17 - 16,-1,4.0,201942,DeMar DeRozan,1610612761.0,Toronto,Raptors,TOR,0,0,,,,,,0,0,,,,,
0021500109,106,1,1,1,8:01 PM,2:53,,,Galloway 17' Jump Shot (2 PTS) (Anthony 2 AST),19 - 16,-3,5.0,204038,Langston Galloway,1610612752.0,New York,Knicks,NYK,5,2546,Carmelo Anthony,1610612752.0,New York,Knicks,NYK,0,0,,,,,
0021500109,107,5,11,1,8:02 PM,2:25,RAPTORS Turnover: Shot Clock (T#4),,,,,2.0,1610612761,,,,,,0,0,,,,,,1,0,,,,,
0021500109,108,8,0,1,8:02 PM,2:25,,,SUB: Williams FOR Anthony,,,5.0,2546,Carmelo Anthony,1610612752.0,New York,Knicks,NYK,5,202682,Derrick Williams,1610612752.0,New York,Knicks,NYK,0,0,,,,,
0021500109,109,2,1,1,8:02 PM,2:02,,,MISS Grant 26' 3PT Jump Shot,,,5.0,1626170,Jerian Grant,1610612752.0,New York,Knicks,NYK,0,0,,,,,,0,0,,,,,
0021500109,110,4,0,1,8:02 PM,2:01,Patterson REBOUND (Off:0 Def:1),,,,,4.0,202335,Patrick Patterson,1610612761.0,Toronto,Raptors,TOR,0,0,,,,,,0,0,,,,,
0021500109,111,6,1,1,8:02 PM,1:58,,,Galloway P.FOUL (P1.PN) (E.Malloy),,,5.0,204038,Langston Galloway,1610612752.0,New York,Knicks,NYK,4,200768,Kyle Lowry,1610612761.0,Toronto,Raptors,TOR,1,0,,,,,
0021500109,112,3,11,1,8:03 PM,1:58,Lowry Free Throw 1 of 2 (1 PTS),,,19 - 17,-2,4.0,200768,Kyle Lowry,1610612761.0,Toronto,Raptors,TOR,0,0,,,,,,0,0,,,,,
0021500109,114,8,0,1,8:03 PM,1:58,SUB: Bennett FOR Johnson,,,,,4.0,201949,James Johnson,1610612761.0,Toronto,Raptors,TOR,4,203461,Anthony Bennett,1610612761.0,Toronto,Raptors,TOR,0,0,,,,,
0021500109,115,3,12,1,8:03 PM,1:58,MISS Lowry Free Throw 2 of 2,,,,,4.0,200768,Kyle Lowry,1610612761.0,Toronto,Raptors,TOR,0,0,,,,,,0,0,,,,,
0021500109,117,4,0,1,8:03 PM,1:57,,,O'Quinn REBOUND (Off:0 Def:1),,,5.0,203124,Kyle O'Quinn,1610612752.0,New York,Knicks,NYK,0,0,,,,,,0,0,,,,,
0021500109,118,2,1,1,8:03 PM,1:41,,,MISS Williams 25' 3PT Jump Shot,,,5.0,202682,Derrick Williams,1610612752.0,New York,Knicks,NYK,0,0,,,,,,0,0,,,,,
0021500109,119,4,0,1,8:03 PM,1:41,RAPTORS Rebound,,,,,2.0,1610612761,,,,,,0,0,,,,,,0,0,,,,,
0021500109,120,8,0,1,8:04 PM,1:41,SUB: Joseph FOR Lowry,,,,,4.0,200768,Kyle Lowry,1610612761.0,Toronto,Raptors,TOR,4,202709,Cory Joseph,1610612761.0,Toronto,Raptors,TOR,0,0,,,,,
0021500109,121,2,1,1,8:04 PM,1:17,MISS Joseph 25' 3PT Jump Shot,,,,,4.0,202709,Cory Joseph,1610612761.0,Toronto,Raptors,TOR,0,0,,,,,,0,0,,,,,
0021500109,122,4,0,1,8:04 PM,1:16,,,Thomas REBOUND (Off:0 Def:1),,,5.0,202498,Lance Thomas,1610612752.0,New York,Knicks,NYK,0,0,,,,,,0,0,,,,,
0021500109,123,1,1,1,8:04 PM,1:05,,,Thomas 27' 3PT Jump Shot (3 PTS) (Williams 1 AST),22 - 17,-5,5.0,202498,Lance Thomas,1610612752.0,New York,Knicks,NYK,5,202682,Derrick Williams,1610612752.0,New York,Knicks,NYK,0,0,,,,,
0021500109,125,2,75,1,8:04 PM,0:53,MISS Joseph 4' Driving Finger Roll Layup,,,,,4.0,202709,Cory Joseph,1610612761.0,Toronto,Raptors,TOR,0,0,,,,,,0,0,,,,,
0021500109,126,4,0,1,8:04 PM,0:53,,,O'Quinn REBOUND (Off:0 Def:2),,,5.0,203124,Kyle O'Quinn,1610612752.0,New York,Knicks,NYK,0,0,,,,,,0,0,,,,,
0021500109,127,2,58,1,8:05 PM,0:34,,,MISS O'Quinn 11' Turnaround Hook Shot,,,5.0,203124,Kyle O'Quinn,1610612752.0,New York,Knicks,NYK,0,0,,,,,,0,0,,,,,
0021500109,128,4,0,1,8:05 PM,0:34,Patterson REBOUND (Off:0 Def:2),,,,,4.0,202335,Patrick Patterson,1610612761.0,Toronto,Raptors,TOR,0,0,,,,,,0,0,,,,,
0021500109,129,5,1,1,8:05 PM,0:15,Patterson Bad Pass Turnover (P1.T5),,Williams STEAL (1 STL),,,4.0,202335,Patrick Patterson,1610612761.0,Toronto,Raptors,TOR,5,202682,Derrick Williams,1610612752.0,New York,Knicks,NYK,0,0,,,,,
0021500109,130,6,2,1,8:05 PM,0:12,Patterson S.FOUL (P1.T3) (E.Malloy),,,,,4.0,202335,Patrick Patterson,1610612761.0,Toronto,Raptors,TOR,5,202682,Derrick Williams,1610612752.0,New York,Knicks,NYK,1,0,,,,,
0021500109,131,3,11,1,8:05 PM,0:12,,,Williams Free Throw 1 of 2 (1 PTS),23 - 17,-6,5.0,202682,Derrick Williams,1610612752.0,New York,Knicks,NYK,0,0,,,,,,0,0,,,,,
0021500109,133,3,12,1,8:06 PM,0:12,,,Williams Free Throw 2 of 2 (2 PTS),24 - 17,-7,5.0,202682,Derrick Williams,1610612752.0,New York,Knicks,NYK,0,0,,,,,,0,0,,,,,
0021500109,135,2,79,1,8:06 PM,0:00,MISS DeRozan 11' Pullup Jump Shot,,,,,4.0,201942,DeMar DeRozan,1610612761.0,Toronto,Raptors,TOR,0,0,,,,,,0,0,,,,,
0021500109,136,4,0,1,8:06 PM,0:00,Bennett REBOUND (Off:1 Def:0),,,,,4.0,203461,Anthony Bennett,1610612761.0,Toronto,Raptors,TOR,0,0,,,,,,0,0,,,,,
0021500109,137,2,97,1,8:06 PM,0:00,MISS Bennett 2' Tip Layup Shot,,,,,4.0,203461,Anthony Bennett,1610612761.0,Toronto,Raptors,TOR,0,0,,,,,,0,0,,,,,
0021500109,138,4,0,1,8:06 PM,0:00,RAPTORS Rebound,,,,,2.0,1610612761,,,,,,0,0,,,,,,0,0,,,,,
0021500109,139,13,0,1,8:07 PM,0:00,,,,24 - 17,-7,0.0,0,,,,,,0,0,,,,,,0,0,,,,,
0021500109,141,12,0,2,8:09 PM,12:00,,,,24 - 17,-7,0.0,0,,,,,,0,0,,,,,,0,0,,,,,
0021500109,142,6,1,2,8:09 PM,11:39,Biyombo P.FOUL (P1.T1) (T.Ford),,,,,4.0,202687,Bismack Biyombo,1610612761.0,Toronto,Raptors,TOR,5,1626170,Jerian Grant,1610612752.0,New York,Knicks,NYK,1,0,,,,,
0021500109,143,2,79,2,8:10 PM,11:31,Biyombo BLOCK (1 BLK),,MISS O'Quinn 3' Pullup Jump Shot,,,5.0,203124,Kyle O'Quinn,1610612752.0,New York,Knicks,NYK,0,0,,,,,,4,202687,Bismack Biyombo,1610612761.0,Toronto,Raptors,TOR
0021500109,144,4,0,2,8:10 PM,11:31,Lowry REBOUND (Off:0 Def:3),,,,,4.0,200768,Kyle Lowry,1610612761.0,Toronto,Raptors,TOR,0,0,,,,,,0,0,,,,,
0021500109,145,1,41,2,8:10 PM,11:27,Lowry 2' Running Layup (3 PTS) (Biyombo 1 AST),,,24 - 19,-5,4.0,200768,Kyle Lowry,1610612761.0,Toronto,Raptors,TOR,4,202687,Bismack Biyombo,1610612761.0,Toronto,Raptors,TOR,0,0,,,,,
0021500109,147,2,81,2,8:11 PM,11:09,,,MISS Williams 14' Pullup Bank Shot,,,5.0,202682,Derrick Williams,1610612752.0,New York,Knicks,NYK,0,0,,,,,,0,0,,,,,
0021500109,148,4,0,2,8:11 PM,11:08,Patterson REBOUND (Off:0 Def:3),,,,,4.0,202335,Patrick Patterson,1610612761.0,Toronto,Raptors,TOR,0,0,,,,,,0,0,,,,,
0021500109,149,6,2,2,8:11 PM,11:03,,,Grant S.FOUL (P1.T1) (T.Brown),,,5.0,1626170,Jerian Grant,1610612752.0,New York,Knicks,NYK,4,200768,Kyle Lowry,1610612761.0,Toronto,Raptors,TOR,1,0,,,,,
0021500109,150,18,0,2,8:11 PM,11:03,,,,,,,149,Michael Adams,,,,,0,0,,,,,,1,0,,,,,
0021500109,151,3,11,2,8:11 PM,11:03,Lowry Free Throw 1 of 2 (4 PTS),,,24 - 20,-4,4.0,200768,Kyle Lowry,1610612761.0,Toronto,Raptors,TOR,0,0,,,,,,0,0,,,,,
0021500109,153,8,0,2,8:12 PM,11:03,,,SUB: Calderon FOR Grant,,,5.0,1626170,Jerian Grant,1610612752.0,New York,Knicks,NYK,5,101181,Jose Calderon,1610612752.0,New York,Knicks,NYK,0,0,,,,,
0021500109,154,8,0,2,8:12 PM,11:03,,,SUB: Seraphin FOR O'Quinn,,,5.0,203124,Kyle O'Quinn,1610612752.0,New York,Knicks,NYK,5,202338,Kevin Seraphin,1610612752.0,New York,Knicks,NYK,0,0,,,,,
0021500109,155,3,12,2,8:12 PM,11:03,Lowry Free Throw 2 of 2 (5 PTS),,,24 - 21,-3,4.0,200768,Kyle Lowry,1610612761.0,Toronto,Raptors,TOR,0,0,,,,,,0,0,,,,,
0021500109,157,2,79,2,8:12 PM,10:48,,,MISS Galloway 21' Pullup Jump Shot,,,5.0,204038,Langston Galloway,1610612752.0,New York,Knicks,NYK,0,0,,,,,,0,0,,,,,
0021500109,158,4,0,2,8:12 PM,10:48,Joseph REBOUND (Off:0 Def:1),,,,,4.0,202709,Cory Joseph,1610612761.0,Toronto,Raptors,TOR,0,0,,,,,,0,0,,,,,
0021500109,159,2,46,2,8:12 PM,10:40,MISS Patterson 24' 3PT Running Jump Shot,,,,,4.0,202335,Patrick Patterson,1610612761.0,Toronto,Raptors,TOR,0,0,,,,,,0,0,,,,,
0021500109,160,4,0,2,8:13 PM,10:39,Biyombo REBOUND (Off:1 Def:0),,,,,4.0,202687,Bismack Biyombo,1610612761.0,Toronto,Raptors,TOR,0,0,,,,,,0,0,,,,,
0021500109,161,1,87,2,8:13 PM,10:36,Biyombo  Putback Dunk (2 PTS),,,24 - 23,-1,4.0,202687,Bismack Biyombo,1610612761.0,Toronto,Raptors,TOR,0,0,,,,,,0,0,,,,,
0021500109,162,1,1,2,8:13 PM,10:25,,,Thomas 27' 3PT Jump Shot (6 PTS) (Williams 2 AST),27 - 23,-4,5.0,202498,Lance Thomas,1610612752.0,New York,Knicks,NYK,5,202682,Derrick Williams,1610612752.0,New York,Knicks,NYK,0,0,,,,,
0021500109,163,6,2,2,8:13 PM,10:14,,,Calderon S.FOUL (P1.T2) (E.Malloy),,,5.0,101181,Jose Calderon,1610612752.0,New York,Knicks,NYK,4,203461,Anthony Bennett,1610612761.0,Toronto,Raptors,TOR,1,0,,,,,
0021500109,164,3,11,2,8:13 PM,10:14,Bennett Free Throw 1 of 2 (1 PTS),,,27 - 24,-3,4.0,203461,Anthony Bennett,1610612761.0,Toronto,Raptors,TOR,0,0,,,,,,0,0,,,,,
0021500109,166,3,12,2,8:14 PM,10:14,MISS Bennett Free Throw 2 of 2,,,,,4.0,203461,Anthony Bennett,1610612761.0,Toronto,Raptors,TOR,0,0,,,,,,0,0,,,,,
0021500109,168,4,0,2,8:14 PM,10:12,,,Williams REBOUND (Off:0 Def:1),,,5.0,202682,Derrick Williams,1610612752.0,New York,Knicks,NYK,0,0,,,,,,0,0,,,,,
0021500109,169,1,58,2,8:14 PM,9:59,,,Seraphin 11' Turnaround Hook Shot (2 PTS),29 - 24,-5,5.0,202338,Kevin Seraphin,1610612752.0,New York,Knicks,NYK,0,0,,,,,,0,0,,,,,
0021500109,171,1,1,2,8:14 PM,9:49,Lowry 24' 3PT Jump Shot (8 PTS) (Joseph 1 AST),,,29 - 27,-2,4.0,200768,Kyle Lowry,1610612761.0,Toronto,Raptors,TOR,4,202709,Cory Joseph,1610612761.0,Toronto,Raptors,TOR,0,0,,,,,
0021500109,172,6,2,2,8:14 PM,9:49,,,Calderon S.FOUL (P2.T3) (T.Ford),,,5.0,101181,Jose Calderon,1610612752.0,New York,Knicks,NYK,4,200768,Kyle Lowry,1610612761.0,Toronto,Raptors,TOR,1,0,,,,,
0021500109,174,8,0,2,8:15 PM,9:49,,,SUB: Grant FOR Calderon,,,5.0,101181,Jose Calderon,1610612752.0,New York,Knicks,NYK,5,1626170,Jerian Grant,1610612752.0,New York,Knicks,NYK,0,0,,,,,
0021500109,177,3,10,2,8:15 PM,9:49,Lowry Free Throw 1 of 1 (9 PTS),,,29 - 28,-1,4.0,200768,Kyle Lowry,1610612761.0,Toronto,Raptors,TOR,0,0,,,,,,0,0,,,,,
0021500109,179,5,1,2,8:16 PM,9:35,Lowry STEAL (1 STL),,Seraphin Bad Pass Turnover (P1.T2),,,5.0,202338,Kevin Seraphin,1610612752.0,New York,Knicks,NYK,4,200768,Kyle Lowry,1610612761.0,Toronto,Raptors,TOR,0,0,,,,,
0021500109,180,1,99,2,8:16 PM,9:23,Lowry 3' Cutting Finger Roll Layup Shot (11 PTS) (Biyombo 2 AST),,,29 - 30,1,4.0,200768,Kyle Lowry,1610612761.0,Toronto,Raptors,TOR,4,202687,Bismack Biyombo,1610612761.0,Toronto,Raptors,TOR,0,0,,,,,
0021500109,181,5,2,2,8:16 PM,9:09,Lowry STEAL (2 STL),,Grant Lost Ball Turnover (P1.T3),,,5.0,1626170,Jerian Grant,1610612752.0,New York,Knicks,NYK,4,200768,Kyle Lowry,1610612761.0,Toronto,Raptors,TOR,0,0,,,,,
0021500109,182,1,101,2,8:16 PM,9:00,Patterson 7' Driving Floating Jump Shot (2 PTS) (Joseph 2 AST),,,29 - 32,3,4.0,202335,Patrick Patterson,1610612761.0,Toronto,Raptors,TOR,4,202709,Cory Joseph,1610612761.0,Toronto,Raptors,TOR,0,0,,,,,
0021500109,184,1,1,2,8:16 PM,8:42,,,Williams  3PT Jump Shot (5 PTS) (Galloway 1 AST),32 - 32,TIE,5.0,202682,Derrick Williams,1610612752.0,New York,Knicks,NYK,5,204038,Langston Galloway,1610612752.0,New York,Knicks,NYK,0,0,,,,,
0021500109,185,2,1,2,8:17 PM,8:20,MISS Lowry 15' Jump Shot,,,,,4.0,200768,Kyle Lowry,1610612761.0,Toronto,Raptors,TOR,0,0,,,,,,0,0,,,,,
0021500109,186,4,0,2,8:17 PM,8:19,Joseph REBOUND (Off:1 Def:1),,,,,4.0,202709,Cory Joseph,1610612761.0,Toronto,Raptors,TOR,0,0,,,,,,0,0,,,,,
0021500109,187,2,1,2,8:17 PM,8:14,MISS Lowry 25' 3PT Jump Shot,,,,,4.0,200768,Kyle Lowry,1610612761.0,Toronto,Raptors,TOR,0,0,,,,,,0,0,,,,,
0021500109,188,4,0,2,8:17 PM,8:13,,,Williams REBOUND (Off:0 Def:2),,,5.0,202682,Derrick Williams,1610612752.0,New York,Knicks,NYK,0,0,,,,,,0,0,,,,,
0021500109,189,6,1,2,8:17 PM,8:13,Biyombo P.FOUL (P2.T2) (E.Malloy),,,,,4.0,202687,Bismack Biyombo,1610612761.0,Toronto,Raptors,TOR,5,202682,Derrick Williams,1610612752.0,New York,Knicks,NYK,1,0,,,,,
0021500109,190,9,4,2,8:17 PM,8:13,,,,,,1.0,0,,,,,,0,0,,,,,,0,0,,,,,
0021500109,191,8,0,2,8:19 PM,8:13,SUB: Valanciunas FOR Biyombo,,,,,4.0,202687,Bismack Biyombo,1610612761.0,Toronto,Raptors,TOR,4,202685,Jonas Valanciunas,1610612761.0,Toronto,Raptors,TOR,0,0,,,,,
0021500109,192,8,0,2,8:19 PM,8:13,,,SUB: Amundson FOR Thomas,,,5.0,202498,Lance Thomas,1610612752.0,New York,Knicks,NYK,5,200811,Lou Amundson,1610612752.0,New York,Knicks,NYK,0,0,,,,,
0021500109,193,5,2,2,8:20 PM,7:50,Lowry STEAL (3 STL),,Seraphin Lost Ball Turnover (P2.T4),,,5.0,202338,Kevin Seraphin,1610612752.0,New York,Knicks,NYK,4,200768,Kyle Lowry,1610612761.0,Toronto,Raptors,TOR,0,0,,,,,
0021500109,194,2,1,2,8:20 PM,7:42,MISS Bennett 27' 3PT Jump Shot,,,,,4.0,203461,Anthony Bennett,1610612761.0,Toronto,Raptors,TOR,0,0,,,,,,0,0,,,,,
0021500109,195,4,0,2,8:20 PM,7:42,Joseph REBOUND (Off:2 Def:1),,,,,4.0,202709,Cory Joseph,1610612761.0,Toronto,Raptors,TOR,0,0,,,,,,0,0,,,,,
0021500109,196,1,57,2,8:20 PM,7:25,Valanciunas 7' Driving Hook Shot (6 PTS) (Lowry 5 AST),,,32 - 34,2,4.0,202685,Jonas Valanciunas,1610612761.0,Toronto,Raptors,TOR,4,200768,Kyle Lowry,1610612761.0,Toronto,Raptors,TOR,0,0,,,,,
0021500109,197,2,79,2,8:21 PM,7:13,,,MISS Seraphin 20' Pullup Jump Shot,,,5.0,202338,Kevin Seraphin,1610612752.0,New York,Knicks,NYK,0,0,,,,,,0,0,,,,,
0021500109,198,4,0,2,8:21 PM,7:12,Bennett REBOUND (Off:1 Def:1),,,,,4.0,203461,Anthony Bennett,1610612761.0,Toronto,Raptors,TOR,0,0,,,,,,0,0,,,,,
0021500109,199,2,42,2,8:21 PM,7:02,MISS Joseph 4' Driving Layup,,Seraphin BLOCK (1 BLK),,,4.0,202709,Cory Joseph,1610612761.0,Toronto,Raptors,TOR,0,0,,,,,,5,202338,Kevin Seraphin,1610612752.0,New York,Knicks,NYK
0021500109,200,4,0,2,8:21 PM,7:00,,,Grant REBOUND (Off:0 Def:1),,,5.0,1626170,Jerian Grant,1610612752.0,New York,Knicks,NYK,0,0,,,,,,0,0,,,,,
0021500109,201,1,1,2,8:21 PM,6:54,,,Galloway 27' 3PT Jump Shot (5 PTS) (Williams 3 AST),35 - 34,-1,5.0,204038,Langston Galloway,1610612752.0,New York,Knicks,NYK,5,202682,Derrick Williams,1610612752.0,New York,Knicks,NYK,0,0,,,,,
0021500109,202,8,0,2,8:22 PM,6:40,,,SUB: Lopez FOR Williams,,,5.0,202682,Derrick Williams,1610612752.0,New York,Knicks,NYK,5,201577,Robin Lopez,1610612752.0,New York,Knicks,NYK,0,0,,,,,
0021500109,203,8,0,2,8:22 PM,6:40,,,SUB: Anthony FOR Seraphin,,,5.0,202338,Kevin Seraphin,1610612752.0,New York,Knicks,NYK,5,2546,Carmelo Anthony,1610612752.0,New York,Knicks,NYK,0,0,,,,,
0021500109,205,8,0,2,8:22 PM,6:40,SUB: DeRozan FOR Lowry,,,,,4.0,200768,Kyle Lowry,1610612761.0,Toronto,Raptors,TOR,4,201942,DeMar DeRozan,1610612761.0,Toronto,Raptors,TOR,0,0,,,,,
0021500109,206,10,0,2,8:22 PM,6:40,Jump Ball Valanciunas vs. Amundson: Tip to Galloway,,,,,4.0,202685,Jonas Valanciunas,1610612761.0,Toronto,Raptors,TOR,5,200811,Lou Amundson,1610612752.0,New York,Knicks,NYK,5,204038,Langston Galloway,1610612752.0,New York,Knicks,NYK
0021500109,207,5,2,2,8:22 PM,6:40,Valanciunas Lost Ball Turnover (P2.T6),,Amundson STEAL (1 STL),,,4.0,202685,Jonas Valanciunas,1610612761.0,Toronto,Raptors,TOR,5,200811,Lou Amundson,1610612752.0,New York,Knicks,NYK,0,0,,,,,
0021500109,208,1,42,2,8:23 PM,6:33,,,Galloway 1' Driving Layup (7 PTS),37 - 34,-3,5.0,204038,Langston Galloway,1610612752.0,New York,Knicks,NYK,0,0,,,,,,0,0,,,,,
0021500109,209,1,101,2,8:23 PM,6:16,Joseph 5' Driving Floating Jump Shot (2 PTS),,,37 - 36,-1,4.0,202709,Cory Joseph,1610612761.0,Toronto,Raptors,TOR,0,0,,,,,,0,0,,,,,
0021500109,210,6,29,2,8:23 PM,6:16,,,Amundson Shooting Block Foul (P1.T4) (T.Ford),,,5.0,200811,Lou Amundson,1610612752.0,New York,Knicks,NYK,4,202709,Cory Joseph,1610612761.0,Toronto,Raptors,TOR,1,0,,,,,
0021500109,211,8,0,2,8:23 PM,6:16,SUB: Scola FOR Patterson,,,,,4.0,202335,Patrick Patterson,1610612761.0,Toronto,Raptors,TOR,4,2449,Luis Scola,1610612761.0,Toronto,Raptors,TOR,0,0,,,,,
0021500109,212,3,10,2,8:23 PM,6:16,Joseph Free Throw 1 of 1 (3 PTS),,,37 - 37,TIE,4.0,202709,Cory Joseph,1610612761.0,Toronto,Raptors,TOR,0,0,,,,,,0,0,,,,,
0021500109,214,5,2,2,8:24 PM,6:02,DeRozan STEAL (1 STL),,Galloway Lost Ball Turnover (P1.T5),,,5.0,204038,Langston Galloway,1610612752.0,New York,Knicks,NYK,4,201942,DeMar DeRozan,1610612761.0,Toronto,Raptors,TOR,0,0,,,,,
0021500109,215,1,103,2,8:24 PM,5:58,DeRozan 2' Running Pull-Up Jump Shot (12 PTS),,,37 - 39,2,4.0,201942,DeMar DeRozan,1610612761.0,Toronto,Raptors,TOR,0,0,,,,,,0,0,,,,,
0021500109,216,6,2,2,8:24 PM,5:58,,,Grant S.FOUL (P2.PN) (E.Malloy),,,5.0,1626170,Jerian Grant,1610612752.0,New York,Knicks,NYK,4,201942,DeMar DeRozan,1610612761.0,Toronto,Raptors,TOR,1,0,,,,,
0021500109,217,9,1,2,8:24 PM,5:58,RAPTORS Timeout: Regular (Full 2 Short 0),,,,,2.0,1610612761,,,,,,0,0,,,,,,0,0,,,,,
0021500109,219,8,0,2,8:26 PM,5:58,,,SUB: Porzingis FOR Galloway,,,5.0,204038,Langston Galloway,1610612752.0,New York,Knicks,NYK,5,204001,Kristaps Porzingis,1610612752.0,New York,Knicks,NYK,0,0,,,,,
0021500109,220,8,0,2,8:26 PM,5:58,,,SUB: Calderon FOR Grant,,,5.0,1626170,Jerian Grant,1610612752.0,New York,Knicks,NYK,5,101181,Jose Calderon,1610612752.0,New York,Knicks,NYK,0,0,,,,,
0021500109,221,8,0,2,8:26 PM,5:58,,,SUB: Vujacic FOR Amundson,,,5.0,200811,Lou Amundson,1610612752.0,New York,Knicks,NYK,5,2756,Sasha Vujacic,1610612752.0,New York,Knicks,NYK,0,0,,,,,
0021500109,222,3,10,2,8:27 PM,5:58,DeRozan Free Throw 1 of 1 (13 PTS),,,37 - 40,3,4.0,201942,DeMar DeRozan,1610612761.0,Toronto,Raptors,TOR,0,0,,,,,,0,0,,,,,
0021500109,225,2,1,2,8:27 PM,5:38,,,MISS Porzingis 17' Jump Shot,,,5.0,204001,Kristaps Porzingis,1610612752.0,New York,Knicks,NYK,0,0,,,,,,0,0,,,,,
0021500109,226,4,0,2,8:27 PM,5:38,Joseph REBOUND (Off:2 Def:2),,,,,4.0,202709,Cory Joseph,1610612761.0,Toronto,Raptors,TOR,0,0,,,,,,0,0,,,,,
0021500109,227,2,3,2,8:27 PM,5:19,MISS Scola 3' Hook Shot,,,,,4.0,2449,Luis Scola,1610612761.0,Toronto,Raptors,TOR,0,0,,,,,,0,0,,,,,
0021500109,228,4,0,2,8:27 PM,5:19,,,Vujacic REBOUND (Off:1 Def:1),,,5.0,2756,Sasha Vujacic,1610612752.0,New York,Knicks,NYK,0,0,,,,,,0,0,,,,,
0021500109,230,1,79,2,8:28 PM,5:09,,,Anthony 18' Pullup Jump Shot (4 PTS),39 - 40,1,5.0,2546,Carmelo Anthony,1610612752.0,New York,Knicks,NYK,0,0,,,,,,0,0,,,,,
0021500109,231,1,79,2,8:28 PM,4:49,DeRozan 15' Pullup Jump Shot (15 PTS) (Joseph 3 AST),,,39 - 42,3,4.0,201942,DeMar DeRozan,1610612761.0,Toronto,Raptors,TOR,4,202709,Cory Joseph,1610612761.0,Toronto,Raptors,TOR,0,0,,,,,
0021500109,232,1,42,2,8:28 PM,4:31,,,Anthony 2' Driving Layup (6 PTS),41 - 42,1,5.0,2546,Carmelo Anthony,1610612752.0,New York,Knicks,NYK,0,0,,,,,,0,0,,,,,
0021500109,233,6,2,2,8:28 PM,4:31,Bennett S.FOUL (P1.T3) (T.Brown),,,,,4.0,203461,Anthony Bennett,1610612761.0,Toronto,Raptors,TOR,5,2546,Carmelo Anthony,1610612752.0,New York,Knicks,NYK,1,0,,,,,
0021500109,234,8,0,2,8:28 PM,4:31,SUB: Johnson FOR Bennett,,,,,4.0,203461,Anthony Bennett,1610612761.0,Toronto,Raptors,TOR,4,201949,James Johnson,1610612761.0,Toronto,Raptors,TOR,0,0,,,,,
0021500109,235,3,10,2,8:29 PM,4:31,,,Anthony Free Throw 1 of 1 (7 PTS),42 - 42,TIE,5.0,2546,Carmelo Anthony,1610612752.0,New York,Knicks,NYK,0,0,,,,,,0,0,,,,,
0021500109,237,2,101,2,8:29 PM,4:13,MISS DeRozan 14' Driving Floating Jump Shot,,,,,4.0,201942,DeMar DeRozan,1610612761.0,Toronto,Raptors,TOR,0,0,,,,,,0,0,,,,,
0021500109,238,4,0,2,8:29 PM,4:12,,,Vujacic REBOUND (Off:1 Def:2),,,5.0,2756,Sasha Vujacic,1610612752.0,New York,Knicks,NYK,0,0,,,,,,0,0,,,,,
0021500109,239,1,46,2,8:29 PM,4:04,,,Anthony 25' 3PT Running Jump Shot (10 PTS) (Calderon 1 AST),45 - 42,-3,5.0,2546,Carmelo Anthony,1610612752.0,New York,Knicks,NYK,5,101181,Jose Calderon,1610612752.0,New York,Knicks,NYK,0,0,,,,,
0021500109,240,1,98,2,8:29 PM,3:51,Scola 2' Cutting Layup Shot (4 PTS) (Joseph 4 AST),,,45 - 44,-1,4.0,2449,Luis Scola,1610612761.0,Toronto,Raptors,TOR,4,202709,Cory Joseph,1610612761.0,Toronto,Raptors,TOR,0,0,,,,,
0021500109,241,1,67,2,8:30 PM,3:38,,,Porzingis 9' Hook Bank Shot (4 PTS) (Anthony 3 AST),47 - 44,-3,5.0,204001,Kristaps Porzingis,1610612752.0,New York,Knicks,NYK,5,2546,Carmelo Anthony,1610612752.0,New York,Knicks,NYK,0,0,,,,,
0021500109,242,1,1,2,8:30 PM,3:18,Johnson 26' 3PT Jump Shot (3 PTS) (Joseph 5 AST),,,47 - 47,TIE,4.0,201949,James Johnson,1610612761.0,Toronto,Raptors,TOR,4,202709,Cory Joseph,1610612761.0,Toronto,Raptors,TOR,0,0,,,,,
0021500109,243,2,79,2,8:30 PM,3:02,,,MISS Anthony 16' Pullup Jump Shot,,,5.0,2546,Carmelo Anthony,1610612752.0,New York,Knicks,NYK,0,0,,,,,,0,0,,,,,
0021500109,244,4,0,2,8:30 PM,3:02,Valanciunas REBOUND (Off:1 Def:2),,,,,4.0,202685,Jonas Valanciunas,1610612761.0,Toronto,Raptors,TOR,0,0,,,,,,0,0,,,,,
0021500109,245,1,42,2,8:30 PM,2:52,Valanciunas 4' Driving Layup (8 PTS) (Joseph 6 AST),,,47 - 49,2,4.0,202685,Jonas Valanciunas,1610612761.0,Toronto,Raptors,TOR,4,202709,Cory Joseph,1610612761.0,Toronto,Raptors,TOR,0,0,,,,,
0021500109,246,6,2,2,8:30 PM,2:52,,,Lopez S.FOUL (P2.PN) (T.Brown),,,5.0,201577,Robin Lopez,1610612752.0,New York,Knicks,NYK,4,202685,Jonas Valanciunas,1610612761.0,Toronto,Raptors,TOR,1,0,,,,,
0021500109,247,9,1,2,8:31 PM,2:52,,,Knicks Timeout: Regular (Reg.2 Short 0),,,3.0,1610612752,,,,,,0,0,,,,,,0,0,,,,,
0021500109,248,8,0,2,8:33 PM,2:52,SUB: Lowry FOR Joseph,,,,,4.0,202709,Cory Joseph,1610612761.0,Toronto,Raptors,TOR,4,200768,Kyle Lowry,1610612761.0,Toronto,Raptors,TOR,0,0,,,,,
0021500109,250,3,10,2,8:33 PM,2:52,Valanciunas Free Throw 1 of 1 (9 PTS),,,47 - 50,3,4.0,202685,Jonas Valanciunas,1610612761.0,Toronto,Raptors,TOR,0,0,,,,,,0,0,,,,,
0021500109,252,2,47,2,8:34 PM,2:35,,,MISS Anthony 5' Turnaround Jump Shot,,,5.0,2546,Carmelo Anthony,1610612752.0,New York,Knicks,NYK,0,0,,,,,,0,0,,,,,
0021500109,253,4,0,2,8:34 PM,2:34,Johnson REBOUND (Off:0 Def:1),,,,,4.0,201949,James Johnson,1610612761.0,Toronto,Raptors,TOR,0,0,,,,,,0,0,,,,,
0021500109,255,8,0,2,8:34 PM,2:31,,,SUB: Galloway FOR Calderon,,,5.0,101181,Jose Calderon,1610612752.0,New York,Knicks,NYK,5,204038,Langston Galloway,1610612752.0,New York,Knicks,NYK,0,0,,,,,
0021500109,256,5,1,2,8:34 PM,2:16,Lowry Bad Pass Turnover (P2.T7),,Vujacic STEAL (1 STL),,,4.0,200768,Kyle Lowry,1610612761.0,Toronto,Raptors,TOR,5,2756,Sasha Vujacic,1610612752.0,New York,Knicks,NYK,0,0,,,,,
0021500109,257,1,41,2,8:34 PM,2:10,,,Porzingis 1' Running Layup (6 PTS) (Galloway 2 AST),49 - 50,1,5.0,204001,Kristaps Porzingis,1610612752.0,New York,Knicks,NYK,5,204038,Langston Galloway,1610612752.0,New York,Knicks,NYK,0,0,,,,,
0021500109,258,2,79,2,8:35 PM,2:00,MISS DeRozan 17' Pullup Jump Shot,,,,,4.0,201942,DeMar DeRozan,1610612761.0,Toronto,Raptors,TOR,0,0,,,,,,0,0,,,,,
0021500109,259,4,0,2,8:35 PM,1:59,,,Vujacic REBOUND (Off:1 Def:3),,,5.0,2756,Sasha Vujacic,1610612752.0,New York,Knicks,NYK,0,0,,,,,,0,0,,,,,
0021500109,260,2,79,2,8:35 PM,1:51,,,MISS Vujacic 15' Pullup Jump Shot,,,5.0,2756,Sasha Vujacic,1610612752.0,New York,Knicks,NYK,0,0,,,,,,0,0,,,,,
0021500109,261,4,0,2,8:35 PM,1:50,,,Knicks Rebound,,,3.0,1610612752,,,,,,0,0,,,,,,0,0,,,,,
0021500109,262,6,1,2,8:35 PM,1:46,Lowry P.FOUL (P1.T4) (T.Brown),,,,,4.0,200768,Kyle Lowry,1610612761.0,Toronto,Raptors,TOR,5,2756,Sasha Vujacic,1610612752.0,New York,Knicks,NYK,1,0,,,,,
0021500109,263,6,11,2,8:36 PM,1:46,Lowry T.FOUL (P1.T4) (T.Brown),,,,,4.0,200768,Kyle Lowry,1610612761.0,Toronto,Raptors,TOR,0,0,,,,,,1,0,,,,,
0021500109,264,3,16,2,8:36 PM,1:46,,,Anthony Free Throw Technical (11 PTS),50 - 50,TIE,5.0,2546,Carmelo Anthony,1610612752.0,New York,Knicks,NYK,0,0,,,,,,0,0,,,,,
0021500109,266,2,1,2,8:36 PM,1:40,,,MISS Anthony 16' Jump Shot,,,5.0,2546,Carmelo Anthony,1610612752.0,New York,Knicks,NYK,0,0,,,,,,0,0,,,,,
0021500109,267,4,0,2,8:36 PM,1:40,,,Vujacic REBOUND (Off:2 Def:3),,,5.0,2756,Sasha Vujacic,1610612752.0,New York,Knicks,NYK,0,0,,,,,,0,0,,,,,
0021500109,268,2,1,2,8:36 PM,1:35,,,MISS Anthony 26' 3PT Jump Shot,,,5.0,2546,Carmelo Anthony,1610612752.0,New York,Knicks,NYK,0,0,,,,,,0,0,,,,,
0021500109,269,4,0,2,8:36 PM,1:34,,,Porzingis REBOUND (Off:3 Def:2),,,5.0,204001,Kristaps Porzingis,1610612752.0,New York,Knicks,NYK,0,0,,,,,,0,0,,,,,
0021500109,270,1,87,2,8:36 PM,1:32,,,Porzingis  Putback Dunk (8 PTS),52 - 50,-2,5.0,204001,Kristaps Porzingis,1610612752.0,New York,Knicks,NYK,0,0,,,,,,0,0,,,,,
0021500109,271,6,1,2,8:37 PM,1:26,,,Galloway P.FOUL (P2.PN) (E.Malloy),,,5.0,204038,Langston Galloway,1610612752.0,New York,Knicks,NYK,4,200768,Kyle Lowry,1610612761.0,Toronto,Raptors,TOR,1,0,,,,,
0021500109,272,3,11,2,8:37 PM,1:26,MISS Lowry Free Throw 1 of 2,,,,,4.0,200768,Kyle Lowry,1610612761.0,Toronto,Raptors,TOR,0,0,,,,,,0,0,,,,,
0021500109,273,4,1,2,8:37 PM,1:26,RAPTORS Rebound,,,,,2.0,1610612761,,,,,,0,0,,,,,,0,0,,,,,
0021500109,274,3,12,2,8:37 PM,1:26,Lowry Free Throw 2 of 2 (12 PTS),,,52 - 51,-1,4.0,200768,Kyle Lowry,1610612761.0,Toronto,Raptors,TOR,0,0,,,,,,0,0,,,,,
0021500109,276,1,80,2,8:38 PM,1:04,,,Anthony 14' Step Back Jump Shot (13 PTS),54 - 51,-3,5.0,2546,Carmelo Anthony,1610612752.0,New York,Knicks,NYK,0,0,,,,,,0,0,,,,,
0021500109,277,6,2,2,8:38 PM,1:04,Johnson S.FOUL (P2.PN) (E.Malloy),,,,,4.0,201949,James Johnson,1610612761.0,Toronto,Raptors,TOR,5,2546,Carmelo Anthony,1610612752.0,New York,Knicks,NYK,1,0,,,,,
0021500109,278,8,0,2,8:38 PM,1:04,,,SUB: Seraphin FOR Lopez,,,5.0,201577,Robin Lopez,1610612752.0,New York,Knicks,NYK,5,202338,Kevin Seraphin,1610612752.0,New York,Knicks,NYK,0,0,,,,,
0021500109,279,3,10,2,8:38 PM,1:04,,,Anthony Free Throw 1 of 1 (14 PTS),55 - 51,-4,5.0,2546,Carmelo Anthony,1610612752.0,New York,Knicks,NYK,0,0,,,,,,0,0,,,,,
0021500109,282,2,42,2,8:39 PM,0:45,MISS DeRozan 2' Driving Layup,,,,,4.0,201942,DeMar DeRozan,1610612761.0,Toronto,Raptors,TOR,0,0,,,,,,0,0,,,,,
0021500109,283,4,0,2,8:39 PM,0:44,Scola REBOUND (Off:2 Def:3),,,,,4.0,2449,Luis Scola,1610612761.0,Toronto,Raptors,TOR,0,0,,,,,,0,0,,,,,
0021500109,284,6,2,2,8:39 PM,0:43,,,Porzingis S.FOUL (P2.PN) (T.Brown),,,5.0,204001,Kristaps Porzingis,1610612752.0,New York,Knicks,NYK,4,2449,Luis Scola,1610612761.0,Toronto,Raptors,TOR,1,0,,,,,
0021500109,285,3,11,2,8:39 PM,0:43,MISS Scola Free Throw 1 of 2,,,,,4.0,2449,Luis Scola,1610612761.0,Toronto,Raptors,TOR,0,0,,,,,,0,0,,,,,
0021500109,286,4,1,2,8:39 PM,0:43,RAPTORS Rebound,,,,,2.0,1610612761,,,,,,0,0,,,,,,0,0,,,,,
0021500109,287,8,0,2,8:39 PM,0:43,SUB: Bennett FOR Johnson,,,,,4.0,201949,James Johnson,1610612761.0,Toronto,Raptors,TOR,4,203461,Anthony Bennett,1610612761.0,Toronto,Raptors,TOR,0,0,,,,,
0021500109,288,3,12,2,8:39 PM,0:43,Scola Free Throw 2 of 2 (5 PTS),,,55 - 52,-3,4.0,2449,Luis Scola,1610612761.0,Toronto,Raptors,TOR,0,0,,,,,,0,0,,,,,
0021500109,290,1,79,2,8:40 PM,0:36,,,Anthony 20' Pullup Jump Shot (16 PTS),57 - 52,-5,5.0,2546,Carmelo Anthony,1610612752.0,New York,Knicks,NYK,0,0,,,,,,0,0,,,,,
0021500109,291,5,1,2,8:40 PM,0:29,Lowry Bad Pass Turnover (P3.T8),,Anthony STEAL (2 STL),,,4.0,200768,Kyle Lowry,1610612761.0,Toronto,Raptors,TOR,5,2546,Carmelo Anthony,1610612752.0,New York,Knicks,NYK,0,0,,,,,
0021500109,292,1,79,2,8:40 PM,0:05,,,Anthony 27' 3PT Pullup Jump Shot (19 PTS),60 - 52,-8,5.0,2546,Carmelo Anthony,1610612752.0,New York,Knicks,NYK,0,0,,,,,,0,0,,,,,
0021500109,293,13,0,2,8:40 PM,0:00,,,,60 - 52,-8,0.0,0,,,,,,0,0,,,,,,0,0,,,,,
0021500109,295,12,0,3,8:56 PM,12:00,,,,60 - 52,-8,0.0,0,,,,,,0,0,,,,,,0,0,,,,,
0021500109,296,1,79,3,8:56 PM,11:46,,,Anthony 16' Pullup Jump Shot (21 PTS),62 - 52,-10,5.0,2546,Carmelo Anthony,1610612752.0,New York,Knicks,NYK,0,0,,,,,,0,0,,,,,
0021500109,297,2,42,3,8:57 PM,11:26,MISS DeRozan 3' Driving Layup,,,,,4.0,201942,DeMar DeRozan,1610612761.0,Toronto,Raptors,TOR,0,0,,,,,,0,0,,,,,
0021500109,298,4,0,3,8:57 PM,11:25,,,Lopez REBOUND (Off:3 Def:1),,,5.0,201577,Robin Lopez,1610612752.0,New York,Knicks,NYK,0,0,,,,,,0,0,,,,,
0021500109,299,1,1,3,8:57 PM,11:18,,,Calderon 26' 3PT Jump Shot (6 PTS) (Vujacic 1 AST),65 - 52,-13,5.0,101181,Jose Calderon,1610612752.0,New York,Knicks,NYK,5,2756,Sasha Vujacic,1610612752.0,New York,Knicks,NYK,0,0,,,,,
0021500109,301,2,42,3,8:57 PM,11:01,MISS Lowry 3' Driving Layup,,Lopez BLOCK (1 BLK),,,4.0,200768,Kyle Lowry,1610612761.0,Toronto,Raptors,TOR,0,0,,,,,,5,201577,Robin Lopez,1610612752.0,New York,Knicks,NYK
0021500109,303,4,0,3,8:57 PM,11:01,RAPTORS Rebound,,,,,2.0,1610612761,,,,,,0,0,,,,,,0,0,,,,,
0021500109,304,1,1,3,8:57 PM,10:57,DeRozan 20' Jump Shot (17 PTS) (Lowry 6 AST),,,65 - 54,-11,4.0,201942,DeMar DeRozan,1610612761.0,Toronto,Raptors,TOR,4,200768,Kyle Lowry,1610612761.0,Toronto,Raptors,TOR,0,0,,,,,
0021500109,305,2,1,3,8:58 PM,10:37,,,MISS Anthony 25' 3PT Jump Shot,,,5.0,2546,Carmelo Anthony,1610612752.0,New York,Knicks,NYK,0,0,,,,,,0,0,,,,,
0021500109,306,4,0,3,8:58 PM,10:36,Valanciunas REBOUND (Off:1 Def:3),,,,,4.0,202685,Jonas Valanciunas,1610612761.0,Toronto,Raptors,TOR,0,0,,,,,,0,0,,,,,
0021500109,307,1,3,3,8:58 PM,10:24,Scola 5' Hook Shot (7 PTS),,,65 - 56,-9,4.0,2449,Luis Scola,1610612761.0,Toronto,Raptors,TOR,0,0,,,,,,0,0,,,,,
0021500109,308,2,3,3,8:58 PM,9:59,,,MISS Lopez 9' Hook Shot,,,5.0,201577,Robin Lopez,1610612752.0,New York,Knicks,NYK,0,0,,,,,,0,0,,,,,
0021500109,309,4,0,3,8:58 PM,9:58,DeRozan REBOUND (Off:0 Def:2),,,,,4.0,201942,DeMar DeRozan,1610612761.0,Toronto,Raptors,TOR,0,0,,,,,,0,0,,,,,
0021500109,310,1,71,3,8:58 PM,9:47,Valanciunas 4' Finger Roll Layup (11 PTS) (Lowry 7 AST),,,65 - 58,-7,4.0,202685,Jonas Valanciunas,1610612761.0,Toronto,Raptors,TOR,4,200768,Kyle Lowry,1610612761.0,Toronto,Raptors,TOR,0,0,,,,,
0021500109,311,6,2,3,8:58 PM,9:47,,,Calderon S.FOUL (P3.T1) (T.Ford),,,5.0,101181,Jose Calderon,1610612752.0,New York,Knicks,NYK,4,202685,Jonas Valanciunas,1610612761.0,Toronto,Raptors,TOR,1,0,,,,,
0021500109,312,3,10,3,8:59 PM,9:47,Valanciunas Free Throw 1 of 1 (12 PTS),,,65 - 59,-6,4.0,202685,Jonas Valanciunas,1610612761.0,Toronto,Raptors,TOR,0,0,,,,,,0,0,,,,,
0021500109,314,2,79,3,8:59 PM,9:29,,,MISS Vujacic 17' Pullup Jump Shot,,,5.0,2756,Sasha Vujacic,1610612752.0,New York,Knicks,NYK,0,0,,,,,,0,0,,,,,
0021500109,315,4,0,3,8:59 PM,9:29,,,Knicks Rebound,,,3.0,1610612752,,,,,,0,0,,,,,,0,0,,,,,
0021500109,316,2,1,3,9:00 PM,9:23,,,MISS Porzingis 20' Jump Shot,,,5.0,204001,Kristaps Porzingis,1610612752.0,New York,Knicks,NYK,0,0,,,,,,0,0,,,,,
0021500109,317,4,0,3,9:00 PM,9:22,DeRozan REBOUND (Off:0 Def:3),,,,,4.0,201942,DeMar DeRozan,1610612761.0,Toronto,Raptors,TOR,0,0,,,,,,0,0,,,,,
0021500109,318,2,5,3,9:00 PM,9:07,MISS Scola 2' Layup,,,,,4.0,2449,Luis Scola,1610612761.0,Toronto,Raptors,TOR,0,0,,,,,,0,0,,,,,
0021500109,319,4,0,3,9:00 PM,9:07,,,Porzingis REBOUND (Off:3 Def:3),,,5.0,204001,Kristaps Porzingis,1610612752.0,New York,Knicks,NYK,0,0,,,,,,0,0,,,,,
0021500109,320,5,2,3,9:00 PM,8:53,Scola STEAL (1 STL),,Porzingis Lost Ball Turnover (P2.T6),,,5.0,204001,Kristaps Porzingis,1610612752.0,New York,Knicks,NYK,4,2449,Luis Scola,1610612761.0,Toronto,Raptors,TOR,0,0,,,,,
0021500109,321,1,41,3,9:00 PM,8:48,Lowry 1' Running Layup (14 PTS),,,65 - 61,-4,4.0,200768,Kyle Lowry,1610612761.0,Toronto,Raptors,TOR,0,0,,,,,,0,0,,,,,
0021500109,322,9,1,3,9:00 PM,8:48,,,Knicks Timeout: Regular (Reg.3 Short 0),,,3.0,1610612752,,,,,,0,0,,,,,,0,0,,,,,
0021500109,325,6,4,3,9:03 PM,8:42,,,Porzingis OFF.Foul (P3) (E.Malloy),,,5.0,204001,Kristaps Porzingis,1610612752.0,New York,Knicks,NYK,4,2449,Luis Scola,1610612761.0,Toronto,Raptors,TOR,1,0,,,,,
0021500109,326,5,5,3,9:03 PM,8:42,,,Porzingis Foul Turnover (P3.T7),,,5.0,204001,Kristaps Porzingis,1610612752.0,New York,Knicks,NYK,0,0,,,,,,1,0,,,,,
0021500109,328,1,3,3,9:03 PM,8:29,Scola 5' Hook Shot (9 PTS) (Lowry 8 AST),,,65 - 63,-2,4.0,2449,Luis Scola,1610612761.0,Toronto,Raptors,TOR,4,200768,Kyle Lowry,1610612761.0,Toronto,Raptors,TOR,0,0,,,,,
0021500109,330,1,58,3,9:04 PM,8:08,,,Lopez 7' Turnaround Hook Shot (8 PTS) (Vujacic 2 AST),67 - 63,-4,5.0,201577,Robin Lopez,1610612752.0,New York,Knicks,NYK,5,2756,Sasha Vujacic,1610612752.0,New York,Knicks,NYK,0,0,,,,,
0021500109,331,6,2,3,9:04 PM,7:53,,,Vujacic S.FOUL (P3.T2) (T.Ford),,,5.0,2756,Sasha Vujacic,1610612752.0,New York,Knicks,NYK,4,2449,Luis Scola,1610612761.0,Toronto,Raptors,TOR,1,0,,,,,
0021500109,332,3,11,3,9:04 PM,7:53,Scola Free Throw 1 of 2 (10 PTS),,,67 - 64,-3,4.0,2449,Luis Scola,1610612761.0,Toronto,Raptors,TOR,0,0,,,,,,0,0,,,,,
0021500109,334,3,12,3,9:04 PM,7:53,Scola Free Throw 2 of 2 (11 PTS),,,67 - 65,-2,4.0,2449,Luis Scola,1610612761.0,Toronto,Raptors,TOR,0,0,,,,,,0,0,,,,,
0021500109,336,1,1,3,9:05 PM,7:32,,,Anthony 21' Jump Shot (23 PTS),69 - 65,-4,5.0,2546,Carmelo Anthony,1610612752.0,New York,Knicks,NYK,0,0,,,,,,0,0,,,,,
0021500109,337,2,79,3,9:05 PM,7:20,MISS DeRozan 16' Pullup Jump Shot,,,,,4.0,201942,DeMar DeRozan,1610612761.0,Toronto,Raptors,TOR,0,0,,,,,,0,0,,,,,
0021500109,338,4,0,3,9:05 PM,7:20,Johnson REBOUND (Off:1 Def:1),,,,,4.0,201949,James Johnson,1610612761.0,Toronto,Raptors,TOR,0,0,,,,,,0,0,,,,,
0021500109,339,1,98,3,9:05 PM,7:15,Lowry 3' Cutting Layup Shot (16 PTS) (Johnson 1 AST),,,69 - 67,-2,4.0,200768,Kyle Lowry,1610612761.0,Toronto,Raptors,TOR,4,201949,James Johnson,1610612761.0,Toronto,Raptors,TOR,0,0,,,,,
0021500109,340,6,1,3,9:05 PM,6:55,Johnson P.FOUL (P3.T1) (T.Ford),,,,,4.0,201949,James Johnson,1610612761.0,Toronto,Raptors,TOR,5,2546,Carmelo Anthony,1610612752.0,New York,Knicks,NYK,1,0,,,,,
0021500109,341,2,1,3,9:06 PM,6:47,,,MISS Vujacic 21' Jump Shot,,,5.0,2756,Sasha Vujacic,1610612752.0,New York,Knicks,NYK,0,0,,,,,,0,0,,,,,
0021500109,342,4,0,3,9:06 PM,6:47,Scola REBOUND (Off:2 Def:4),,,,,4.0,2449,Luis Scola,1610612761.0,Toronto,Raptors,TOR,0,0,,,,,,0,0,,,,,
0021500109,343,2,1,3,9:06 PM,6:36,MISS Scola 19' Jump Shot,,,,,4.0,2449,Luis Scola,1610612761.0,Toronto,Raptors,TOR,0,0,,,,,,0,0,,,,,
0021500109,344,4,0,3,9:06 PM,6:36,Valanciunas REBOUND (Off:2 Def:3),,,,,4.0,202685,Jonas Valanciunas,1610612761.0,Toronto,Raptors,TOR,0,0,,,,,,0,0,,,,,
0021500109,345,1,97,3,9:06 PM,6:33,Valanciunas 1' Tip Layup Shot (14 PTS),,,69 - 69,TIE,4.0,202685,Jonas Valanciunas,1610612761.0,Toronto,Raptors,TOR,0,0,,,,,,0,0,,,,,
0021500109,347,2,79,3,9:06 PM,6:14,,,MISS Calderon 18' Pullup Jump Shot,,,5.0,101181,Jose Calderon,1610612752.0,New York,Knicks,NYK,0,0,,,,,,0,0,,,,,
0021500109,348,4,0,3,9:06 PM,6:14,,,Lopez REBOUND (Off:4 Def:1),,,5.0,201577,Robin Lopez,1610612752.0,New York,Knicks,NYK,0,0,,,,,,0,0,,,,,
0021500109,349,1,48,3,9:07 PM,6:10,,,Lopez  Dunk (10 PTS),71 - 69,-2,5.0,201577,Robin Lopez,1610612752.0,New York,Knicks,NYK,0,0,,,,,,0,0,,,,,
0021500109,350,2,3,3,9:07 PM,5:51,MISS Scola 3' Hook Shot,,Lopez BLOCK (2 BLK),,,4.0,2449,Luis Scola,1610612761.0,Toronto,Raptors,TOR,0,0,,,,,,5,201577,Robin Lopez,1610612752.0,New York,Knicks,NYK
0021500109,351,4,0,3,9:07 PM,5:49,,,Anthony REBOUND (Off:0 Def:4),,,5.0,2546,Carmelo Anthony,1610612752.0,New York,Knicks,NYK,0,0,,,,,,0,0,,,,,
0021500109,352,2,1,3,9:07 PM,5:44,Johnson BLOCK (1 BLK),,MISS Calderon  3PT Jump Shot,,,5.0,101181,Jose Calderon,1610612752.0,New York,Knicks,NYK,0,0,,,,,,4,201949,James Johnson,1610612761.0,Toronto,Raptors,TOR
0021500109,353,4,0,3,9:07 PM,5:42,Valanciunas REBOUND (Off:2 Def:4),,,,,4.0,202685,Jonas Valanciunas,1610612761.0,Toronto,Raptors,TOR,0,0,,,,,,0,0,,,,,
0021500109,354,1,46,3,9:07 PM,5:35,DeRozan 4' Running Jump Shot (19 PTS) (Lowry 9 AST),,,71 - 71,TIE,4.0,201942,DeMar DeRozan,1610612761.0,Toronto,Raptors,TOR,4,200768,Kyle Lowry,1610612761.0,Toronto,Raptors,TOR,0,0,,,,,
0021500109,355,2,79,3,9:08 PM,5:07,,,MISS Porzingis 18' Pullup Jump Shot,,,5.0,204001,Kristaps Porzingis,1610612752.0,New York,Knicks,NYK,0,0,,,,,,0,0,,,,,
0021500109,356,4,0,3,9:08 PM,5:06,DeRozan REBOUND (Off:0 Def:4),,,,,4.0,201942,DeMar DeRozan,1610612761.0,Toronto,Raptors,TOR,0,0,,,,,,0,0,,,,,
0021500109,357,2,80,3,9:08 PM,4:58,MISS DeRozan 24' 3PT Step Back Jump Shot,,,,,4.0,201942,DeMar DeRozan,1610612761.0,Toronto,Raptors,TOR,0,0,,,,,,0,0,,,,,
0021500109,358,4,0,3,9:08 PM,4:58,,,Vujacic REBOUND (Off:2 Def:4),,,5.0,2756,Sasha Vujacic,1610612752.0,New York,Knicks,NYK,0,0,,,,,,0,0,,,,,
0021500109,359,2,79,3,9:08 PM,4:47,,,MISS Anthony 15' Pullup Jump Shot,,,5.0,2546,Carmelo Anthony,1610612752.0,New York,Knicks,NYK,0,0,,,,,,0,0,,,,,
0021500109,360,4,0,3,9:08 PM,4:46,DeRozan REBOUND (Off:0 Def:5),,,,,4.0,201942,DeMar DeRozan,1610612761.0,Toronto,Raptors,TOR,0,0,,,,,,0,0,,,,,
0021500109,361,6,2,3,9:08 PM,4:42,,,Lopez S.FOUL (P3.T3) (T.Ford),,,5.0,201577,Robin Lopez,1610612752.0,New York,Knicks,NYK,4,201942,DeMar DeRozan,1610612761.0,Toronto,Raptors,TOR,1,0,,,,,
0021500109,362,3,11,3,9:09 PM,4:42,DeRozan Free Throw 1 of 2 (20 PTS),,,71 - 72,1,4.0,201942,DeMar DeRozan,1610612761.0,Toronto,Raptors,TOR,0,0,,,,,,0,0,,,,,
0021500109,364,8,0,3,9:09 PM,4:42,,,SUB: O'Quinn FOR Porzingis,,,5.0,204001,Kristaps Porzingis,1610612752.0,New York,Knicks,NYK,5,203124,Kyle O'Quinn,1610612752.0,New York,Knicks,NYK,0,0,,,,,
0021500109,365,8,0,3,9:09 PM,4:42,,,SUB: Galloway FOR Vujacic,,,5.0,2756,Sasha Vujacic,1610612752.0,New York,Knicks,NYK,5,204038,Langston Galloway,1610612752.0,New York,Knicks,NYK,0,0,,,,,
0021500109,366,8,0,3,9:09 PM,4:42,SUB: Patterson FOR Scola,,,,,4.0,2449,Luis Scola,1610612761.0,Toronto,Raptors,TOR,4,202335,Patrick Patterson,1610612761.0,Toronto,Raptors,TOR,0,0,,,,,
0021500109,367,3,12,3,9:09 PM,4:42,MISS DeRozan Free Throw 2 of 2,,,,,4.0,201942,DeMar DeRozan,1610612761.0,Toronto,Raptors,TOR,0,0,,,,,,0,0,,,,,
0021500109,369,4,0,3,9:09 PM,4:40,,,O'Quinn REBOUND (Off:0 Def:3),,,5.0,203124,Kyle O'Quinn,1610612752.0,New York,Knicks,NYK,0,0,,,,,,0,0,,,,,
0021500109,370,1,44,3,9:09 PM,4:26,,,Galloway 3' Reverse Layup (9 PTS) (Lopez 2 AST),73 - 72,-1,5.0,204038,Langston Galloway,1610612752.0,New York,Knicks,NYK,5,201577,Robin Lopez,1610612752.0,New York,Knicks,NYK,0,0,,,,,
0021500109,371,2,1,3,9:10 PM,4:03,MISS DeRozan 4' Jump Shot,,O'Quinn BLOCK (1 BLK),,,4.0,201942,DeMar DeRozan,1610612761.0,Toronto,Raptors,TOR,0,0,,,,,,5,203124,Kyle O'Quinn,1610612752.0,New York,Knicks,NYK
0021500109,372,4,0,3,9:10 PM,4:01,,,Lopez REBOUND (Off:4 Def:2),,,5.0,201577,Robin Lopez,1610612752.0,New York,Knicks,NYK,0,0,,,,,,0,0,,,,,
0021500109,373,6,2,3,9:10 PM,3:59,Patterson S.FOUL (P2.T2) (T.Brown),,,,,4.0,202335,Patrick Patterson,1610612761.0,Toronto,Raptors,TOR,5,203124,Kyle O'Quinn,1610612752.0,New York,Knicks,NYK,1,0,,,,,
0021500109,374,3,11,3,9:10 PM,3:59,,,MISS O'Quinn Free Throw 1 of 2,,,5.0,203124,Kyle O'Quinn,1610612752.0,New York,Knicks,NYK,0,0,,,,,,0,0,,,,,
0021500109,375,4,1,3,9:10 PM,3:59,,,Knicks Rebound,,,3.0,1610612752,,,,,,0,0,,,,,,0,0,,,,,
0021500109,376,8,0,3,9:10 PM,3:59,SUB: Joseph FOR DeRozan,,,,,4.0,201942,DeMar DeRozan,1610612761.0,Toronto,Raptors,TOR,4,202709,Cory Joseph,1610612761.0,Toronto,Raptors,TOR,0,0,,,,,
0021500109,377,8,0,3,9:10 PM,3:59,,,SUB: Grant FOR Calderon,,,5.0,101181,Jose Calderon,1610612752.0,New York,Knicks,NYK,5,1626170,Jerian Grant,1610612752.0,New York,Knicks,NYK,0,0,,,,,
0021500109,378,3,12,3,9:11 PM,3:59,,,O'Quinn Free Throw 2 of 2 (1 PTS),74 - 72,-2,5.0,203124,Kyle O'Quinn,1610612752.0,New York,Knicks,NYK,0,0,,,,,,0,0,,,,,
0021500109,380,9,1,3,9:11 PM,3:59,RAPTORS Timeout: Regular (Full 3 Short 0),,,,,2.0,1610612761,,,,,,0,0,,,,,,0,0,,,,,
0021500109,384,2,1,3,9:13 PM,3:45,MISS Patterson 26' 3PT Jump Shot,,,,,4.0,202335,Patrick Patterson,1610612761.0,Toronto,Raptors,TOR,0,0,,,,,,0,0,,,,,
0021500109,385,4,0,3,9:13 PM,3:45,,,Galloway REBOUND (Off:0 Def:1),,,5.0,204038,Langston Galloway,1610612752.0,New York,Knicks,NYK,0,0,,,,,,0,0,,,,,
0021500109,386,2,46,3,9:14 PM,3:37,Johnson BLOCK (2 BLK),,MISS Galloway 3' Running Jump Shot,,,5.0,204038,Langston Galloway,1610612752.0,New York,Knicks,NYK,0,0,,,,,,4,201949,James Johnson,1610612761.0,Toronto,Raptors,TOR
0021500109,387,4,0,3,9:14 PM,3:36,Valanciunas REBOUND (Off:2 Def:5),,,,,4.0,202685,Jonas Valanciunas,1610612761.0,Toronto,Raptors,TOR,0,0,,,,,,0,0,,,,,
0021500109,388,1,103,3,9:14 PM,3:29,Lowry 28' 3PT Running Pull-Up Jump Shot (19 PTS),,,74 - 75,1,4.0,200768,Kyle Lowry,1610612761.0,Toronto,Raptors,TOR,0,0,,,,,,0,0,,,,,
0021500109,389,5,1,3,9:14 PM,3:18,Joseph STEAL (1 STL),,Anthony Bad Pass Turnover (P1.T8),,,5.0,2546,Carmelo Anthony,1610612752.0,New York,Knicks,NYK,4,202709,Cory Joseph,1610612761.0,Toronto,Raptors,TOR,0,0,,,,,
0021500109,390,6,1,3,9:14 PM,3:16,,,Lopez P.FOUL (P4.T4) (E.Malloy),,,5.0,201577,Robin Lopez,1610612752.0,New York,Knicks,NYK,4,202709,Cory Joseph,1610612761.0,Toronto,Raptors,TOR,1,0,,,,,
0021500109,391,8,0,3,9:14 PM,3:16,,,SUB: Seraphin FOR Anthony,,,5.0,2546,Carmelo Anthony,1610612752.0,New York,Knicks,NYK,5,202338,Kevin Seraphin,1610612752.0,New York,Knicks,NYK,0,0,,,,,
0021500109,392,8,0,3,9:14 PM,3:16,,,SUB: Thomas FOR Lopez,,,5.0,201577,Robin Lopez,1610612752.0,New York,Knicks,NYK,5,202498,Lance Thomas,1610612752.0,New York,Knicks,NYK,0,0,,,,,
0021500109,393,8,0,3,9:15 PM,3:16,SUB: Biyombo FOR Johnson,,,,,4.0,201949,James Johnson,1610612761.0,Toronto,Raptors,TOR,4,202687,Bismack Biyombo,1610612761.0,Toronto,Raptors,TOR,0,0,,,,,
0021500109,394,8,0,3,9:15 PM,3:16,SUB: Bennett FOR Valanciunas,,,,,4.0,202685,Jonas Valanciunas,1610612761.0,Toronto,Raptors,TOR,4,203461,Anthony Bennett,1610612761.0,Toronto,Raptors,TOR,0,0,,,,,
0021500109,396,7,2,3,9:15 PM,3:07,,,O'Quinn Violation:Defensive Goaltending (E.Malloy),,,5.0,203124,Kyle O'Quinn,1610612752.0,New York,Knicks,NYK,0,0,,,,,,1,0,,,,,
0021500109,395,1,75,3,9:15 PM,3:07,Lowry 3' Driving Finger Roll Layup (21 PTS) (Joseph 7 AST),,,74 - 77,3,4.0,200768,Kyle Lowry,1610612761.0,Toronto,Raptors,TOR,4,202709,Cory Joseph,1610612761.0,Toronto,Raptors,TOR,0,0,,,,,
0021500109,397,2,5,3,9:16 PM,2:54,,,MISS Galloway 3' Layup,,,5.0,204038,Langston Galloway,1610612752.0,New York,Knicks,NYK,0,0,,,,,,0,0,,,,,
0021500109,398,4,0,3,9:16 PM,2:52,,,Galloway REBOUND (Off:1 Def:1),,,5.0,204038,Langston Galloway,1610612752.0,New York,Knicks,NYK,0,0,,,,,,0,0,,,,,
0021500109,399,1,3,3,9:16 PM,2:47,,,Thomas 10' Hook Shot (8 PTS) (Grant 1 AST),76 - 77,1,5.0,202498,Lance Thomas,1610612752.0,New York,Knicks,NYK,5,1626170,Jerian Grant,1610612752.0,New York,Knicks,NYK,0,0,,,,,
0021500109,400,6,1,3,9:16 PM,2:23,,,Thomas P.FOUL (P1.PN) (T.Brown),,,5.0,202498,Lance Thomas,1610612752.0,New York,Knicks,NYK,4,203461,Anthony Bennett,1610612761.0,Toronto,Raptors,TOR,1,0,,,,,
0021500109,401,3,11,3,9:16 PM,2:23,Bennett Free Throw 1 of 2 (2 PTS),,,76 - 78,2,4.0,203461,Anthony Bennett,1610612761.0,Toronto,Raptors,TOR,0,0,,,,,,0,0,,,,,
0021500109,403,3,12,3,9:17 PM,2:23,Bennett Free Throw 2 of 2 (3 PTS),,,76 - 79,3,4.0,203461,Anthony Bennett,1610612761.0,Toronto,Raptors,TOR,0,0,,,,,,0,0,,,,,
0021500109,406,2,57,3,9:17 PM,2:11,,,MISS Grant 10' Driving Hook Shot,,,5.0,1626170,Jerian Grant,1610612752.0,New York,Knicks,NYK,0,0,,,,,,0,0,,,,,
0021500109,407,4,0,3,9:17 PM,2:11,Patterson REBOUND (Off:0 Def:4),,,,,4.0,202335,Patrick Patterson,1610612761.0,Toronto,Raptors,TOR,0,0,,,,,,0,0,,,,,
0021500109,408,2,79,3,9:17 PM,1:57,MISS Lowry 26' 3PT Pullup Jump Shot,,,,,4.0,200768,Kyle Lowry,1610612761.0,Toronto,Raptors,TOR,0,0,,,,,,0,0,,,,,
0021500109,409,4,0,3,9:17 PM,1:57,,,O'Quinn REBOUND (Off:0 Def:4),,,5.0,203124,Kyle O'Quinn,1610612752.0,New York,Knicks,NYK,0,0,,,,,,0,0,,,,,
0021500109,410,2,47,3,9:17 PM,1:43,,,MISS O'Quinn 5' Turnaround Jump Shot,,,5.0,203124,Kyle O'Quinn,1610612752.0,New York,Knicks,NYK,0,0,,,,,,0,0,,,,,
0021500109,411,4,0,3,9:17 PM,1:43,Patterson REBOUND (Off:0 Def:5),,,,,4.0,202335,Patrick Patterson,1610612761.0,Toronto,Raptors,TOR,0,0,,,,,,0,0,,,,,
0021500109,412,6,2,3,9:18 PM,1:35,,,Thomas S.FOUL (P2.PN) (E.Malloy),,,5.0,202498,Lance Thomas,1610612752.0,New York,Knicks,NYK,4,202709,Cory Joseph,1610612761.0,Toronto,Raptors,TOR,1,0,,,,,
0021500109,413,3,11,3,9:18 PM,1:35,Joseph Free Throw 1 of 2 (4 PTS),,,76 - 80,4,4.0,202709,Cory Joseph,1610612761.0,Toronto,Raptors,TOR,0,0,,,,,,0,0,,,,,
0021500109,415,8,0,3,9:18 PM,1:35,SUB: Powell FOR Lowry,,,,,4.0,200768,Kyle Lowry,1610612761.0,Toronto,Raptors,TOR,4,1626181,Norman Powell,1610612761.0,Toronto,Raptors,TOR,0,0,,,,,
0021500109,416,3,12,3,9:18 PM,1:35,Joseph Free Throw 2 of 2 (5 PTS),,,76 - 81,5,4.0,202709,Cory Joseph,1610612761.0,Toronto,Raptors,TOR,0,0,,,,,,0,0,,,,,
0021500109,418,2,47,3,9:19 PM,1:15,Biyombo BLOCK (2 BLK),,MISS Seraphin 13' Turnaround Jump Shot,,,5.0,202338,Kevin Seraphin,1610612752.0,New York,Knicks,NYK,0,0,,,,,,4,202687,Bismack Biyombo,1610612761.0,Toronto,Raptors,TOR
0021500109,419,4,0,3,9:19 PM,1:15,Bennett REBOUND (Off:1 Def:2),,,,,4.0,203461,Anthony Bennett,1610612761.0,Toronto,Raptors,TOR,0,0,,,,,,0,0,,,,,
0021500109,420,2,1,3,9:19 PM,1:05,MISS Powell  3PT Jump Shot,,,,,4.0,1626181,Norman Powell,1610612761.0,Toronto,Raptors,TOR,0,0,,,,,,0,0,,,,,
0021500109,421,4,0,3,9:19 PM,1:04,,,O'Quinn REBOUND (Off:0 Def:5),,,5.0,203124,Kyle O'Quinn,1610612752.0,New York,Knicks,NYK,0,0,,,,,,0,0,,,,,
0021500109,422,1,1,3,9:19 PM,0:45,,,Thomas 26' 3PT Jump Shot (11 PTS) (Galloway 3 AST),79 - 81,2,5.0,202498,Lance Thomas,1610612752.0,New York,Knicks,NYK,5,204038,Langston Galloway,1610612752.0,New York,Knicks,NYK,0,0,,,,,
0021500109,424,1,101,3,9:20 PM,0:30,Patterson 8' Driving Floating Jump Shot (4 PTS) (Joseph 8 AST),,,79 - 83,4,4.0,202335,Patrick Patterson,1610612761.0,Toronto,Raptors,TOR,4,202709,Cory Joseph,1610612761.0,Toronto,Raptors,TOR,0,0,,,,,
0021500109,425,1,5,3,9:20 PM,0:14,,,O'Quinn 2' Layup (3 PTS) (Grant 2 AST),81 - 83,2,5.0,203124,Kyle O'Quinn,1610612752.0,New York,Knicks,NYK,5,1626170,Jerian Grant,1610612752.0,New York,Knicks,NYK,0,0,,,,,
0021500109,426,6,2,3,9:20 PM,0:14,Joseph S.FOUL (P1.T3) (T.Ford),,,,,4.0,202709,Cory Joseph,1610612761.0,Toronto,Raptors,TOR,5,203124,Kyle O'Quinn,1610612752.0,New York,Knicks,NYK,1,0,,,,,
0021500109,428,8,0,3,9:20 PM,0:14,,,SUB: Early FOR Seraphin,,,5.0,202338,Kevin Seraphin,1610612752.0,New York,Knicks,NYK,5,203921,Cleanthony Early,1610612752.0,New York,Knicks,NYK,0,0,,,,,
0021500109,429,3,10,3,9:20 PM,0:14,,,O'Quinn Free Throw 1 of 1 (4 PTS),82 - 83,1,5.0,203124,Kyle O'Quinn,1610612752.0,New York,Knicks,NYK,0,0,,,,,,0,0,,,,,
0021500109,432,2,63,3,9:21 PM,0:03,MISS Joseph 10' Fadeaway Jumper,,,,,4.0,202709,Cory Joseph,1610612761.0,Toronto,Raptors,TOR,0,0,,,,,,0,0,,,,,
0021500109,447,4,0,3,9:21 PM,0:03,Biyombo REBOUND (Off:2 Def:0),,,,,4.0,202687,Bismack Biyombo,1610612761.0,Toronto,Raptors,TOR,0,0,,,,,,0,0,,,,,
0021500109,449,1,97,3,9:21 PM,0:02,Biyombo 2' Tip Layup Shot (4 PTS),,,82 - 85,3,4.0,202687,Bismack Biyombo,1610612761.0,Toronto,Raptors,TOR,0,0,,,,,,0,0,,,,,
0021500109,433,1,81,3,9:21 PM,0:00,,,Early 31' 3PT Pullup Bank Shot (3 PTS) (O'Quinn 1 AST),85 - 85,TIE,5.0,203921,Cleanthony Early,1610612752.0,New York,Knicks,NYK,5,203124,Kyle O'Quinn,1610612752.0,New York,Knicks,NYK,0,0,,,,,
0021500109,434,18,0,3,9:22 PM,0:00,,,,,,,433,Buck Williams,,,,,0,0,,,,,,1,0,,,,,
0021500109,435,13,0,3,9:22 PM,0:00,,,,85 - 85,TIE,0.0,0,,,,,,0,0,,,,,,0,0,,,,,
0021500109,437,12,0,4,9:24 PM,12:00,,,,85 - 85,TIE,0.0,0,,,,,,0,0,,,,,,0,0,,,,,
0021500109,438,1,101,4,9:24 PM,11:45,Joseph 9' Driving Floating Jump Shot (7 PTS),,,85 - 87,2,4.0,202709,Cory Joseph,1610612761.0,Toronto,Raptors,TOR,0,0,,,,,,0,0,,,,,
0021500109,439,2,1,4,9:25 PM,11:23,,,MISS O'Quinn 18' Jump Shot,,,5.0,203124,Kyle O'Quinn,1610612752.0,New York,Knicks,NYK,0,0,,,,,,0,0,,,,,
0021500109,440,4,0,4,9:25 PM,11:23,Biyombo REBOUND (Off:2 Def:1),,,,,4.0,202687,Bismack Biyombo,1610612761.0,Toronto,Raptors,TOR,0,0,,,,,,0,0,,,,,
0021500109,441,2,5,4,9:25 PM,11:03,MISS Biyombo 2' Layup,,O'Quinn BLOCK (2 BLK),,,4.0,202687,Bismack Biyombo,1610612761.0,Toronto,Raptors,TOR,0,0,,,,,,5,203124,Kyle O'Quinn,1610612752.0,New York,Knicks,NYK
0021500109,442,4,0,4,9:25 PM,11:02,Patterson REBOUND (Off:1 Def:5),,,,,4.0,202335,Patrick Patterson,1610612761.0,Toronto,Raptors,TOR,0,0,,,,,,0,0,,,,,
0021500109,443,2,97,4,9:25 PM,11:00,MISS Patterson 1' Tip Layup Shot,,,,,4.0,202335,Patrick Patterson,1610612761.0,Toronto,Raptors,TOR,0,0,,,,,,0,0,,,,,
0021500109,445,4,0,4,9:25 PM,10:59,,,O'Quinn REBOUND (Off:0 Def:6),,,5.0,203124,Kyle O'Quinn,1610612752.0,New York,Knicks,NYK,0,0,,,,,,0,0,,,,,
0021500109,446,1,42,4,9:25 PM,10:47,,,Grant 2' Driving Layup (2 PTS),87 - 87,TIE,5.0,1626170,Jerian Grant,1610612752.0,New York,Knicks,NYK,0,0,,,,,,0,0,,,,,
0021500109,448,6,2,4,9:26 PM,10:35,,,O'Quinn S.FOUL (P1.T1) (T.Ford),,,5.0,203124,Kyle O'Quinn,1610612752.0,New York,Knicks,NYK,4,201942,DeMar DeRozan,1610612761.0,Toronto,Raptors,TOR,1,0,,,,,
0021500109,450,3,11,4,9:26 PM,10:35,DeRozan Free Throw 1 of 2 (21 PTS),,,87 - 88,1,4.0,201942,DeMar DeRozan,1610612761.0,Toronto,Raptors,TOR,0,0,,,,,,0,0,,,,,
0021500109,452,3,12,4,9:26 PM,10:35,DeRozan Free Throw 2 of 2 (22 PTS),,,87 - 89,2,4.0,201942,DeMar DeRozan,1610612761.0,Toronto,Raptors,TOR,0,0,,,,,,0,0,,,,,
0021500109,455,1,42,4,9:27 PM,10:11,,,Galloway 5' Driving Layup (11 PTS),89 - 89,TIE,5.0,204038,Langston Galloway,1610612752.0,New York,Knicks,NYK,0,0,,,,,,0,0,,,,,
0021500109,456,1,101,4,9:27 PM,9:53,DeRozan 5' Driving Floating Jump Shot (24 PTS),,,89 - 91,2,4.0,201942,DeMar DeRozan,1610612761.0,Toronto,Raptors,TOR,0,0,,,,,,0,0,,,,,
0021500109,457,1,1,4,9:27 PM,9:40,,,O'Quinn 18' Jump Shot (6 PTS) (Grant 3 AST),91 - 91,TIE,5.0,203124,Kyle O'Quinn,1610612752.0,New York,Knicks,NYK,5,1626170,Jerian Grant,1610612752.0,New York,Knicks,NYK,0,0,,,,,
0021500109,458,2,99,4,9:27 PM,9:26,MISS Bennett 4' Cutting Finger Roll Layup Shot,,,,,4.0,203461,Anthony Bennett,1610612761.0,Toronto,Raptors,TOR,0,0,,,,,,0,0,,,,,
0021500109,459,4,0,4,9:27 PM,9:25,,,Knicks Rebound,,,3.0,1610612752,,,,,,0,0,,,,,,0,0,,,,,
0021500109,460,8,0,4,9:28 PM,9:25,,,SUB: Amundson FOR O'Quinn,,,5.0,203124,Kyle O'Quinn,1610612752.0,New York,Knicks,NYK,5,200811,Lou Amundson,1610612752.0,New York,Knicks,NYK,0,0,,,,,
0021500109,461,6,2,4,9:28 PM,9:17,DeRozan S.FOUL (P1.T1) (T.Ford),,,,,4.0,201942,DeMar DeRozan,1610612761.0,Toronto,Raptors,TOR,5,1626170,Jerian Grant,1610612752.0,New York,Knicks,NYK,1,0,,,,,
0021500109,462,3,11,4,9:28 PM,9:17,,,Grant Free Throw 1 of 2 (3 PTS),92 - 91,-1,5.0,1626170,Jerian Grant,1610612752.0,New York,Knicks,NYK,0,0,,,,,,0,0,,,,,
0021500109,464,3,12,4,9:28 PM,9:17,,,Grant Free Throw 2 of 2 (4 PTS),93 - 91,-2,5.0,1626170,Jerian Grant,1610612752.0,New York,Knicks,NYK,0,0,,,,,,0,0,,,,,
0021500109,466,1,98,4,9:29 PM,8:58,Joseph 1' Cutting Layup Shot (9 PTS) (DeRozan 1 AST),,,93 - 93,TIE,4.0,202709,Cory Joseph,1610612761.0,Toronto,Raptors,TOR,4,201942,DeMar DeRozan,1610612761.0,Toronto,Raptors,TOR,0,0,,,,,
0021500109,468,1,1,4,9:29 PM,8:43,,,Galloway 26' 3PT Jump Shot (14 PTS) (Grant 4 AST),96 - 93,-3,5.0,204038,Langston Galloway,1610612752.0,New York,Knicks,NYK,5,1626170,Jerian Grant,1610612752.0,New York,Knicks,NYK,0,0,,,,,
0021500109,469,2,80,4,9:30 PM,8:14,MISS Patterson 24' 3PT Step Back Jump Shot,,,,,4.0,202335,Patrick Patterson,1610612761.0,Toronto,Raptors,TOR,0,0,,,,,,0,0,,,,,
0021500109,470,4,0,4,9:30 PM,8:13,,,Galloway REBOUND (Off:1 Def:2),,,5.0,204038,Langston Galloway,1610612752.0,New York,Knicks,NYK,0,0,,,,,,0,0,,,,,
0021500109,471,1,41,4,9:30 PM,8:08,,,Early 3' Running Layup (5 PTS) (Galloway 4 AST),98 - 93,-5,5.0,203921,Cleanthony Early,1610612752.0,New York,Knicks,NYK,5,204038,Langston Galloway,1610612752.0,New York,Knicks,NYK,0,0,,,,,
0021500109,472,9,1,4,9:30 PM,8:03,RAPTORS Timeout: Regular (Full 4 Short 0),,,,,2.0,1610612761,,,,,,0,0,,,,,,0,0,,,,,
0021500109,474,8,0,4,9:32 PM,8:03,,,SUB: Anthony FOR Thomas,,,5.0,202498,Lance Thomas,1610612752.0,New York,Knicks,NYK,5,2546,Carmelo Anthony,1610612752.0,New York,Knicks,NYK,0,0,,,,,
0021500109,475,8,0,4,9:32 PM,8:03,,,SUB: Calderon FOR Galloway,,,5.0,204038,Langston Galloway,1610612752.0,New York,Knicks,NYK,5,101181,Jose Calderon,1610612752.0,New York,Knicks,NYK,0,0,,,,,
0021500109,476,8,0,4,9:33 PM,8:03,SUB: Lowry FOR Bennett,,,,,4.0,203461,Anthony Bennett,1610612761.0,Toronto,Raptors,TOR,4,200768,Kyle Lowry,1610612761.0,Toronto,Raptors,TOR,0,0,,,,,
0021500109,477,6,1,4,9:33 PM,7:52,,,Amundson P.FOUL (P2.T2) (T.Ford),,,5.0,200811,Lou Amundson,1610612752.0,New York,Knicks,NYK,4,202687,Bismack Biyombo,1610612761.0,Toronto,Raptors,TOR,1,0,,,,,
0021500109,478,8,0,4,9:33 PM,7:52,SUB: Johnson FOR Patterson,,,,,4.0,202335,Patrick Patterson,1610612761.0,Toronto,Raptors,TOR,4,201949,James Johnson,1610612761.0,Toronto,Raptors,TOR,0,0,,,,,
0021500109,479,2,42,4,9:34 PM,7:38,MISS Joseph 4' Driving Layup,,,,,4.0,202709,Cory Joseph,1610612761.0,Toronto,Raptors,TOR,0,0,,,,,,0,0,,,,,
0021500109,480,4,0,4,9:34 PM,7:37,,,Calderon REBOUND (Off:0 Def:2),,,5.0,101181,Jose Calderon,1610612752.0,New York,Knicks,NYK,0,0,,,,,,0,0,,,,,
0021500109,481,2,79,4,9:34 PM,7:28,,,MISS Anthony 13' Pullup Jump Shot,,,5.0,2546,Carmelo Anthony,1610612752.0,New York,Knicks,NYK,0,0,,,,,,0,0,,,,,
0021500109,482,4,0,4,9:34 PM,7:27,,,Grant REBOUND (Off:1 Def:1),,,5.0,1626170,Jerian Grant,1610612752.0,New York,Knicks,NYK,0,0,,,,,,0,0,,,,,
0021500109,483,2,1,4,9:34 PM,7:11,,,MISS Early 25' 3PT Jump Shot,,,5.0,203921,Cleanthony Early,1610612752.0,New York,Knicks,NYK,0,0,,,,,,0,0,,,,,
0021500109,484,4,0,4,9:34 PM,7:10,Joseph REBOUND (Off:2 Def:3),,,,,4.0,202709,Cory Joseph,1610612761.0,Toronto,Raptors,TOR,0,0,,,,,,0,0,,,,,
0021500109,485,1,99,4,9:34 PM,6:51,Lowry 4' Cutting Finger Roll Layup Shot (23 PTS) (Johnson 2 AST),,,98 - 95,-3,4.0,200768,Kyle Lowry,1610612761.0,Toronto,Raptors,TOR,4,201949,James Johnson,1610612761.0,Toronto,Raptors,TOR,0,0,,,,,
0021500109,486,5,11,4,9:35 PM,6:24,,,Knicks Turnover: Shot Clock (T#9),,,3.0,1610612752,,,,,,0,0,,,,,,1,0,,,,,
0021500109,487,8,0,4,9:35 PM,6:24,SUB: Valanciunas FOR Biyombo,,,,,4.0,202687,Bismack Biyombo,1610612761.0,Toronto,Raptors,TOR,4,202685,Jonas Valanciunas,1610612761.0,Toronto,Raptors,TOR,0,0,,,,,
0021500109,488,8,0,4,9:35 PM,6:24,,,SUB: Lopez FOR Amundson,,,5.0,200811,Lou Amundson,1610612752.0,New York,Knicks,NYK,5,201577,Robin Lopez,1610612752.0,New York,Knicks,NYK,0,0,,,,,
0021500109,489,8,0,4,9:35 PM,6:24,,,SUB: Thomas FOR Early,,,5.0,203921,Cleanthony Early,1610612752.0,New York,Knicks,NYK,5,202498,Lance Thomas,1610612752.0,New York,Knicks,NYK,0,0,,,,,
0021500109,491,6,2,4,9:36 PM,6:10,,,Anthony S.FOUL (P2.T3) (E.Malloy),,,5.0,2546,Carmelo Anthony,1610612752.0,New York,Knicks,NYK,4,201949,James Johnson,1610612761.0,Toronto,Raptors,TOR,1,0,,,,,
0021500109,492,3,11,4,9:36 PM,6:10,Johnson Free Throw 1 of 2 (4 PTS),,,98 - 96,-2,4.0,201949,James Johnson,1610612761.0,Toronto,Raptors,TOR,0,0,,,,,,0,0,,,,,
0021500109,494,3,12,4,9:36 PM,6:10,Johnson Free Throw 2 of 2 (5 PTS),,,98 - 97,-1,4.0,201949,James Johnson,1610612761.0,Toronto,Raptors,TOR,0,0,,,,,,0,0,,,,,
0021500109,496,2,1,4,9:36 PM,5:58,,,MISS Lopez 12' Jump Shot,,,5.0,201577,Robin Lopez,1610612752.0,New York,Knicks,NYK,0,0,,,,,,0,0,,,,,
0021500109,497,4,0,4,9:36 PM,5:57,,,Thomas REBOUND (Off:1 Def:1),,,5.0,202498,Lance Thomas,1610612752.0,New York,Knicks,NYK,0,0,,,,,,0,0,,,,,
0021500109,498,9,4,4,9:37 PM,5:56,,,,,,1.0,0,,,,,,0,0,,,,,,0,0,,,,,
0021500109,500,8,0,4,9:39 PM,5:56,,,SUB: Galloway FOR Grant,,,5.0,1626170,Jerian Grant,1610612752.0,New York,Knicks,NYK,5,204038,Langston Galloway,1610612752.0,New York,Knicks,NYK,0,0,,,,,
0021500109,501,1,80,4,9:40 PM,5:46,,,Anthony 21' Step Back Jump Shot (25 PTS),100 - 97,-3,5.0,2546,Carmelo Anthony,1610612752.0,New York,Knicks,NYK,0,0,,,,,,0,0,,,,,
0021500109,502,5,1,4,9:40 PM,5:33,Lowry Bad Pass Turnover (P4.T9),,Lopez STEAL (1 STL),,,4.0,200768,Kyle Lowry,1610612761.0,Toronto,Raptors,TOR,5,201577,Robin Lopez,1610612752.0,New York,Knicks,NYK,0,0,,,,,
0021500109,503,2,79,4,9:40 PM,5:26,,,MISS Anthony 28' 3PT Pullup Jump Shot,,,5.0,2546,Carmelo Anthony,1610612752.0,New York,Knicks,NYK,0,0,,,,,,0,0,,,,,
0021500109,504,4,0,4,9:41 PM,5:25,Lowry REBOUND (Off:0 Def:4),,,,,4.0,200768,Kyle Lowry,1610612761.0,Toronto,Raptors,TOR,0,0,,,,,,0,0,,,,,
0021500109,505,2,57,4,9:41 PM,5:14,MISS Lowry 9' Driving Hook Shot,,,,,4.0,200768,Kyle Lowry,1610612761.0,Toronto,Raptors,TOR,0,0,,,,,,0,0,,,,,
0021500109,506,4,0,4,9:41 PM,5:13,Valanciunas REBOUND (Off:3 Def:5),,,,,4.0,202685,Jonas Valanciunas,1610612761.0,Toronto,Raptors,TOR,0,0,,,,,,0,0,,,,,
0021500109,507,2,97,4,9:41 PM,5:11,MISS Valanciunas 2' Tip Layup Shot,,,,,4.0,202685,Jonas Valanciunas,1610612761.0,Toronto,Raptors,TOR,0,0,,,,,,0,0,,,,,
0021500109,508,4,0,4,9:41 PM,5:10,Lowry REBOUND (Off:1 Def:4),,,,,4.0,200768,Kyle Lowry,1610612761.0,Toronto,Raptors,TOR,0,0,,,,,,0,0,,,,,
0021500109,509,2,1,4,9:41 PM,5:05,MISS Johnson 26' 3PT Jump Shot,,,,,4.0,201949,James Johnson,1610612761.0,Toronto,Raptors,TOR,0,0,,,,,,0,0,,,,,
0021500109,510,4,0,4,9:41 PM,5:05,,,Lopez REBOUND (Off:4 Def:3),,,5.0,201577,Robin Lopez,1610612752.0,New York,Knicks,NYK,0,0,,,,,,0,0,,,,,
0021500109,512,2,1,4,9:41 PM,4:48,,,MISS Anthony 20' Jump Shot,,,5.0,2546,Carmelo Anthony,1610612752.0,New York,Knicks,NYK,0,0,,,,,,0,0,,,,,
0021500109,513,4,0,4,9:41 PM,4:47,Joseph REBOUND (Off:2 Def:4),,,,,4.0,202709,Cory Joseph,1610612761.0,Toronto,Raptors,TOR,0,0,,,,,,0,0,,,,,
0021500109,514,2,79,4,9:41 PM,4:26,MISS DeRozan 18' Pullup Jump Shot,,,,,4.0,201942,DeMar DeRozan,1610612761.0,Toronto,Raptors,TOR,0,0,,,,,,0,0,,,,,
0021500109,515,4,0,4,9:42 PM,4:26,,,Galloway REBOUND (Off:1 Def:3),,,5.0,204038,Langston Galloway,1610612752.0,New York,Knicks,NYK,0,0,,,,,,0,0,,,,,
0021500109,516,1,79,4,9:42 PM,4:05,,,Calderon 16' Pullup Jump Shot (8 PTS),102 - 97,-5,5.0,101181,Jose Calderon,1610612752.0,New York,Knicks,NYK,0,0,,,,,,0,0,,,,,
0021500109,517,6,4,4,9:42 PM,3:50,Johnson OFF.Foul (P4) (T.Ford),,,,,4.0,201949,James Johnson,1610612761.0,Toronto,Raptors,TOR,5,204038,Langston Galloway,1610612752.0,New York,Knicks,NYK,1,0,,,,,
0021500109,518,5,5,4,9:42 PM,3:50,Johnson Foul Turnover (P2.T10),,,,,4.0,201949,James Johnson,1610612761.0,Toronto,Raptors,TOR,0,0,,,,,,1,0,,,,,
0021500109,519,5,2,4,9:43 PM,3:33,Johnson STEAL (1 STL),,Anthony Lost Ball Turnover (P2.T10),,,5.0,2546,Carmelo Anthony,1610612752.0,New York,Knicks,NYK,4,201949,James Johnson,1610612761.0,Toronto,Raptors,TOR,0,0,,,,,
0021500109,520,5,2,4,9:43 PM,3:29,Joseph Lost Ball Turnover (P1.T11),,Anthony STEAL (3 STL),,,4.0,202709,Cory Joseph,1610612761.0,Toronto,Raptors,TOR,5,2546,Carmelo Anthony,1610612752.0,New York,Knicks,NYK,0,0,,,,,
0021500109,521,2,1,4,9:43 PM,3:11,,,MISS Galloway 26' 3PT Jump Shot,,,5.0,204038,Langston Galloway,1610612752.0,New York,Knicks,NYK,0,0,,,,,,0,0,,,,,
0021500109,522,4,0,4,9:43 PM,3:10,Johnson REBOUND (Off:1 Def:2),,,,,4.0,201949,James Johnson,1610612761.0,Toronto,Raptors,TOR,0,0,,,,,,0,0,,,,,
0021500109,523,2,41,4,9:43 PM,3:03,MISS Johnson 3' Running Layup,,Lopez BLOCK (3 BLK),,,4.0,201949,James Johnson,1610612761.0,Toronto,Raptors,TOR,0,0,,,,,,5,201577,Robin Lopez,1610612752.0,New York,Knicks,NYK
0021500109,524,4,0,4,9:43 PM,3:03,RAPTORS Rebound,,,,,2.0,1610612761,,,,,,0,0,,,,,,0,0,,,,,
0021500109,525,1,42,4,9:44 PM,2:55,DeRozan 2' Driving Layup (26 PTS) (Johnson 3 AST),,,102 - 99,-3,4.0,201942,DeMar DeRozan,1610612761.0,Toronto,Raptors,TOR,4,201949,James Johnson,1610612761.0,Toronto,Raptors,TOR,0,0,,,,,
0021500109,526,9,1,4,9:44 PM,2:49,,,Knicks Timeout: Regular (Reg.4 Short 0),,,3.0,1610612752,,,,,,0,0,,,,,,0,0,,,,,
0021500109,529,2,58,4,9:47 PM,2:38,,,MISS Lopez 4' Turnaround Hook Shot,,,5.0,201577,Robin Lopez,1610612752.0,New York,Knicks,NYK,0,0,,,,,,0,0,,,,,
0021500109,530,4,0,4,9:47 PM,2:38,Lowry REBOUND (Off:1 Def:5),,,,,4.0,200768,Kyle Lowry,1610612761.0,Toronto,Raptors,TOR,0,0,,,,,,0,0,,,,,
0021500109,532,6,2,4,9:47 PM,2:22,,,Galloway S.FOUL (P3.T4) (T.Brown),,,5.0,204038,Langston Galloway,1610612752.0,New York,Knicks,NYK,4,201942,DeMar DeRozan,1610612761.0,Toronto,Raptors,TOR,1,0,,,,,
0021500109,533,3,11,4,9:47 PM,2:22,DeRozan Free Throw 1 of 2 (27 PTS),,,102 - 100,-2,4.0,201942,DeMar DeRozan,1610612761.0,Toronto,Raptors,TOR,0,0,,,,,,0,0,,,,,
0021500109,535,3,12,4,9:47 PM,2:22,DeRozan Free Throw 2 of 2 (28 PTS),,,102 - 101,-1,4.0,201942,DeMar DeRozan,1610612761.0,Toronto,Raptors,TOR,0,0,,,,,,0,0,,,,,
0021500109,537,2,42,4,9:48 PM,2:02,Johnson BLOCK (3 BLK),,MISS Anthony 3' Driving Layup,,,5.0,2546,Carmelo Anthony,1610612752.0,New York,Knicks,NYK,0,0,,,,,,4,201949,James Johnson,1610612761.0,Toronto,Raptors,TOR
0021500109,538,4,0,4,9:48 PM,2:01,,,Lopez REBOUND (Off:5 Def:3),,,5.0,201577,Robin Lopez,1610612752.0,New York,Knicks,NYK,0,0,,,,,,0,0,,,,,
0021500109,539,1,72,4,9:48 PM,2:00,,,Lopez 2' Putback Layup (12 PTS),104 - 101,-3,5.0,201577,Robin Lopez,1610612752.0,New York,Knicks,NYK,0,0,,,,,,0,0,,,,,
0021500109,540,2,102,4,9:48 PM,1:41,MISS Lowry 5' Driving Floating Bank Jump Shot,,,,,4.0,200768,Kyle Lowry,1610612761.0,Toronto,Raptors,TOR,0,0,,,,,,0,0,,,,,
0021500109,541,4,0,4,9:48 PM,1:41,,,Calderon REBOUND (Off:0 Def:3),,,5.0,101181,Jose Calderon,1610612752.0,New York,Knicks,NYK,0,0,,,,,,0,0,,,,,
0021500109,542,1,5,4,9:48 PM,1:31,,,Thomas 2' Layup (13 PTS) (Calderon 2 AST),106 - 101,-5,5.0,202498,Lance Thomas,1610612752.0,New York,Knicks,NYK,5,101181,Jose Calderon,1610612752.0,New York,Knicks,NYK,0,0,,,,,
0021500109,543,9,1,4,9:49 PM,1:31,RAPTORS Timeout: Regular (Full 5 Short 0),,,,,2.0,1610612761,,,,,,0,0,,,,,,0,0,,,,,
0021500109,546,8,0,4,9:50 PM,1:31,SUB: Scola FOR Johnson,,,,,4.0,201949,James Johnson,1610612761.0,Toronto,Raptors,TOR,4,2449,Luis Scola,1610612761.0,Toronto,Raptors,TOR,0,0,,,,,
0021500109,547,5,1,4,9:51 PM,1:26,DeRozan Bad Pass Turnover (P1.T12),,Calderon STEAL (1 STL),,,4.0,201942,DeMar DeRozan,1610612761.0,Toronto,Raptors,TOR,5,101181,Jose Calderon,1610612752.0,New York,Knicks,NYK,0,0,,,,,
0021500109,548,2,80,4,9:51 PM,1:03,,,MISS Calderon 15' Step Back Jump Shot,,,5.0,101181,Jose Calderon,1610612752.0,New York,Knicks,NYK,0,0,,,,,,0,0,,,,,
0021500109,549,4,0,4,9:51 PM,1:03,Scola REBOUND (Off:2 Def:5),,,,,4.0,2449,Luis Scola,1610612761.0,Toronto,Raptors,TOR,0,0,,,,,,0,0,,,,,
0021500109,550,2,42,4,9:51 PM,0:51,MISS Lowry 4' Driving Layup,,Lopez BLOCK (4 BLK),,,4.0,200768,Kyle Lowry,1610612761.0,Toronto,Raptors,TOR,0,0,,,,,,5,201577,Robin Lopez,1610612752.0,New York,Knicks,NYK
0021500109,551,4,0,4,9:51 PM,0:51,Valanciunas REBOUND (Off:4 Def:5),,,,,4.0,202685,Jonas Valanciunas,1610612761.0,Toronto,Raptors,TOR,0,0,,,,,,0,0,,,,,
0021500109,552,1,97,4,9:51 PM,0:51,Valanciunas 2' Tip Layup Shot (16 PTS),,,106 - 103,-3,4.0,202685,Jonas Valanciunas,1610612761.0,Toronto,Raptors,TOR,0,0,,,,,,0,0,,,,,
0021500109,553,9,1,4,9:52 PM,0:51,,,Knicks Timeout: Regular (Reg.5 Short 0),,,3.0,1610612752,,,,,,0,0,,,,,,0,0,,,,,
0021500109,554,8,0,4,9:53 PM,0:51,SUB: Johnson FOR Scola,,,,,4.0,2449,Luis Scola,1610612761.0,Toronto,Raptors,TOR,4,201949,James Johnson,1610612761.0,Toronto,Raptors,TOR,0,0,,,,,
0021500109,556,2,80,4,9:54 PM,0:35,,,MISS Anthony 19' Step Back Jump Shot,,,5.0,2546,Carmelo Anthony,1610612752.0,New York,Knicks,NYK,0,0,,,,,,0,0,,,,,
0021500109,557,4,0,4,9:54 PM,0:34,Valanciunas REBOUND (Off:4 Def:6),,,,,4.0,202685,Jonas Valanciunas,1610612761.0,Toronto,Raptors,TOR,0,0,,,,,,0,0,,,,,
0021500109,558,6,2,4,9:54 PM,0:25,,,Lopez S.FOUL (P5.PN) (E.Malloy),,,5.0,201577,Robin Lopez,1610612752.0,New York,Knicks,NYK,4,201949,James Johnson,1610612761.0,Toronto,Raptors,TOR,1,0,,,,,
0021500109,559,3,11,4,9:54 PM,0:25,Johnson Free Throw 1 of 2 (6 PTS),,,106 - 104,-2,4.0,201949,James Johnson,1610612761.0,Toronto,Raptors,TOR,0,0,,,,,,0,0,,,,,
0021500109,562,8,0,4,9:55 PM,0:25,,,SUB: Porzingis FOR Thomas,,,5.0,202498,Lance Thomas,1610612752.0,New York,Knicks,NYK,5,204001,Kristaps Porzingis,1610612752.0,New York,Knicks,NYK,0,0,,,,,
0021500109,563,3,12,4,9:55 PM,0:25,Johnson Free Throw 2 of 2 (7 PTS),,,106 - 105,-1,4.0,201949,James Johnson,1610612761.0,Toronto,Raptors,TOR,0,0,,,,,,0,0,,,,,
0021500109,565,9,2,4,9:55 PM,0:25,,,Knicks Timeout: Short (Reg.5 Short 1),,,3.0,1610612752,,,,,,0,0,,,,,,0,0,,,,,
0021500109,568,8,0,4,9:56 PM,0:25,,,SUB: Thomas FOR Porzingis,,,5.0,204001,Kristaps Porzingis,1610612752.0,New York,Knicks,NYK,5,202498,Lance Thomas,1610612752.0,New York,Knicks,NYK,0,0,,,,,
0021500109,569,6,28,4,9:57 PM,0:22,Lowry Personal Take Foul (P2.T2) (T.Brown),,,,,4.0,200768,Kyle Lowry,1610612761.0,Toronto,Raptors,TOR,5,2546,Carmelo Anthony,1610612752.0,New York,Knicks,NYK,1,0,,,,,
0021500109,570,6,28,4,9:57 PM,0:17,Lowry Personal Take Foul (P3.PN) (T.Brown),,,,,4.0,200768,Kyle Lowry,1610612761.0,Toronto,Raptors,TOR,5,202498,Lance Thomas,1610612752.0,New York,Knicks,NYK,1,0,,,,,
0021500109,571,3,11,4,9:57 PM,0:17,,,Thomas Free Throw 1 of 2 (14 PTS),107 - 105,-2,5.0,202498,Lance Thomas,1610612752.0,New York,Knicks,NYK,0,0,,,,,,0,0,,,,,
0021500109,573,8,0,4,9:58 PM,0:17,SUB: Scola FOR Johnson,,,,,4.0,201949,James Johnson,1610612761.0,Toronto,Raptors,TOR,4,2449,Luis Scola,1610612761.0,Toronto,Raptors,TOR,0,0,,,,,
0021500109,574,3,12,4,9:58 PM,0:17,,,Thomas Free Throw 2 of 2 (15 PTS),108 - 105,-3,5.0,202498,Lance Thomas,1610612752.0,New York,Knicks,NYK,0,0,,,,,,0,0,,,,,
0021500109,576,9,2,4,9:58 PM,0:17,RAPTORS Timeout: Short (Full 5 Short 1),,,,,2.0,1610612761,,,,,,0,0,,,,,,0,0,,,,,
0021500109,580,6,2,4,9:59 PM,0:11,,,Lopez S.FOUL (P6.PN) (T.Brown),,,5.0,201577,Robin Lopez,1610612752.0,New York,Knicks,NYK,4,201942,DeMar DeRozan,1610612761.0,Toronto,Raptors,TOR,1,0,,,,,
0021500109,581,8,0,4,10:00 PM,0:11,,,SUB: O'Quinn FOR Lopez,,,5.0,201577,Robin Lopez,1610612752.0,New York,Knicks,NYK,5,203124,Kyle O'Quinn,1610612752.0,New York,Knicks,NYK,0,0,,,,,
0021500109,582,8,0,4,10:00 PM,0:11,SUB: Johnson FOR Scola,,,,,4.0,2449,Luis Scola,1610612761.0,Toronto,Raptors,TOR,4,201949,James Johnson,1610612761.0,Toronto,Raptors,TOR,0,0,,,,,
0021500109,583,3,11,4,10:00 PM,0:11,DeRozan Free Throw 1 of 2 (29 PTS),,,108 - 106,-2,4.0,201942,DeMar DeRozan,1610612761.0,Toronto,Raptors,TOR,0,0,,,,,,0,0,,,,,
0021500109,585,8,0,4,10:01 PM,0:11,,,SUB: Porzingis FOR Thomas,,,5.0,202498,Lance Thomas,1610612752.0,New York,Knicks,NYK,5,204001,Kristaps Porzingis,1610612752.0,New York,Knicks,NYK,0,0,,,,,
0021500109,586,3,12,4,10:01 PM,0:11,MISS DeRozan Free Throw 2 of 2,,,,,4.0,201942,DeMar DeRozan,1610612761.0,Toronto,Raptors,TOR,0,0,,,,,,0,0,,,,,
0021500109,588,4,0,4,10:01 PM,0:10,RAPTORS Rebound,,,,,2.0,1610612761,,,,,,0,0,,,,,,0,0,,,,,
0021500109,589,18,0,4,10:01 PM,0:10,,,,,,,588,,,,,,0,0,,,,,,1,0,,,,,
0021500109,591,8,0,4,10:03 PM,0:10,SUB: Scola FOR Johnson,,,,,4.0,201949,James Johnson,1610612761.0,Toronto,Raptors,TOR,4,2449,Luis Scola,1610612761.0,Toronto,Raptors,TOR,0,0,,,,,
0021500109,593,8,0,4,10:03 PM,0:10,,,SUB: Thomas FOR Porzingis,,,5.0,204001,Kristaps Porzingis,1610612752.0,New York,Knicks,NYK,5,202498,Lance Thomas,1610612752.0,New York,Knicks,NYK,0,0,,,,,
0021500109,594,2,73,4,10:03 PM,0:05,MISS DeRozan 2' Driving Reverse Layup,,,,,4.0,201942,DeMar DeRozan,1610612761.0,Toronto,Raptors,TOR,0,0,,,,,,0,0,,,,,
0021500109,595,4,0,4,10:03 PM,0:05,,,Thomas REBOUND (Off:1 Def:2),,,5.0,202498,Lance Thomas,1610612752.0,New York,Knicks,NYK,0,0,,,,,,0,0,,,,,
0021500109,596,6,1,4,10:03 PM,0:03,Lowry P.FOUL (P4.PN) (E.Malloy),,,,,4.0,200768,Kyle Lowry,1610612761.0,Toronto,Raptors,TOR,5,202498,Lance Thomas,1610612752.0,New York,Knicks,NYK,1,0,,,,,
0021500109,597,3,11,4,10:04 PM,0:03,,,Thomas Free Throw 1 of 2 (16 PTS),109 - 106,-3,5.0,202498,Lance Thomas,1610612752.0,New York,Knicks,NYK,0,0,,,,,,0,0,,,,,
0021500109,599,3,12,4,10:04 PM,0:03,,,Thomas Free Throw 2 of 2 (17 PTS),110 - 106,-4,5.0,202498,Lance Thomas,1610612752.0,New York,Knicks,NYK,0,0,,,,,,0,0,,,,,
0021500109,601,9,2,4,10:04 PM,0:03,RAPTORS Timeout: Short (Full 5 Short 2),,,,,2.0,1610612761,,,,,,0,0,,,,,,0,0,,,,,
0021500109,605,1,1,4,10:05 PM,0:01,Joseph 24' 3PT Jump Shot (12 PTS) (DeRozan 2 AST),,,110 - 109,-1,4.0,202709,Cory Joseph,1610612761.0,Toronto,Raptors,TOR,4,201942,DeMar DeRozan,1610612761.0,Toronto,Raptors,TOR,0,0,,,,,
0021500109,606,6,1,4,10:06 PM,0:01,Lowry P.FOUL (P5.PN) (T.Ford),,,,,4.0,200768,Kyle Lowry,1610612761.0,Toronto,Raptors,TOR,5,204038,Langston Galloway,1610612752.0,New York,Knicks,NYK,1,0,,,,,
0021500109,607,3,11,4,10:06 PM,0:01,,,MISS Galloway Free Throw 1 of 2,,,5.0,204038,Langston Galloway,1610612752.0,New York,Knicks,NYK,0,0,,,,,,0,0,,,,,
0021500109,608,4,1,4,10:06 PM,0:01,,,Knicks Rebound,,,3.0,1610612752,,,,,,0,0,,,,,,0,0,,,,,
0021500109,609,3,12,4,10:07 PM,0:01,,,Galloway Free Throw 2 of 2 (15 PTS),111 - 109,-2,5.0,204038,Langston Galloway,1610612752.0,New York,Knicks,NYK,0,0,,,,,,0,0,,,,,
0021500109,611,2,93,4,10:07 PM,0:00,MISS Scola 38' 3PT Driving Bank Hook Shot,,,,,4.0,2449,Luis Scola,1610612761.0,Toronto,Raptors,TOR,0,0,,,,,,0,0,,,,,
0021500109,612,4,0,4,10:07 PM,0:00,RAPTORS Rebound,,,,,2.0,1610612761,,,,,,0,0,,,,,,0,0,,,,,
0021500109,613,13,0,4,10:07 PM,0:00,,,,111 - 109,-2,0.0,0,,,,,,0,0,,,,,,0,0,,,,,
