GAME_ID,EVENTNUM,EVENTMSGTYPE,EVENTMSGACTIONTYPE,PERIOD,WCTIMESTRING,PCTIMESTRING,HOMEDESCRIPTION,NEUTRALDESCRIPTION,VISITORDESCRIPTION,SCORE,SCOREMARGIN,PERSON1TYPE,PLAYER1_ID,PLAYER1_NAME,PLAYER1_TEAM_ID,PLAYER1_TEAM_CITY,PLAYER1_TEAM_NICKNAME,PLAYER1_TEAM_ABBREVIATION,PERSON2TYPE,PLAYER2_ID,PLAYER2_NAME,PLAYER2_TEAM_ID,PLAYER2_TEAM_CITY,PLAYER2_TEAM_NICKNAME,PLAYER2_TEAM_ABBREVIATION,PERSON3TYPE,PLAYER3_ID,PLAYER3_NAME,PLAYER3_TEAM_ID,PLAYER3_TEAM_CITY,PLAYER3_TEAM_NICKNAME,PLAYER3_TEAM_ABBREVIATION
0021500381,0,12,0,1,10:44 PM,12:00,,,,,,0.0,0,,,,,,0,0,,,,,,0,0,,,,,
0021500381,1,10,0,1,10:44 PM,12:00,Jump Ball Bogut vs. Chandler: Tip to Tucker,,,,,4.0,101106,Andrew Bogut,1610612744.0,Golden State,Warriors,GSW,5,2199,Tyson Chandler,1610612756.0,Phoenix,Suns,PHX,5,200782,PJ Tucker,1610612756.0,Phoenix,Suns,PHX
0021500381,2,1,1,1,10:44 PM,11:41,,,Chandler 17' Jump Shot (2 PTS) (Bledsoe 1 AST),2 - 0,-2,5.0,2199,Tyson Chandler,1610612756.0,Phoenix,Suns,PHX,5,202339,Eric Bledsoe,1610612756.0,Phoenix,Suns,PHX,0,0,,,,,
0021500381,3,1,75,1,10:44 PM,11:25,Thompson 2' Driving Finger Roll Layup (2 PTS),,,2 - 2,TIE,4.0,202691,Klay Thompson,1610612744.0,Golden State,Warriors,GSW,0,0,,,,,,0,0,,,,,
0021500381,4,1,5,1,10:44 PM,11:11,,,Leuer 1' Layup (2 PTS),4 - 2,-2,5.0,202720,Jon Leuer,1610612756.0,Phoenix,Suns,PHX,0,0,,,,,,0,0,,,,,
0021500381,5,1,1,1,10:45 PM,10:52,Green 26' 3PT Jump Shot (3 PTS) (Bogut 1 AST),,,4 - 5,1,4.0,203110,Draymond Green,1610612744.0,Golden State,Warriors,GSW,4,101106,Andrew Bogut,1610612744.0,Golden State,Warriors,GSW,0,0,,,,,
0021500381,6,1,79,1,10:45 PM,10:40,,,Leuer  3PT Pullup Jump Shot (5 PTS) (Bledsoe 2 AST),7 - 5,-2,5.0,202720,Jon Leuer,1610612756.0,Phoenix,Suns,PHX,5,202339,Eric Bledsoe,1610612756.0,Phoenix,Suns,PHX,0,0,,,,,
0021500381,7,2,1,1,10:45 PM,10:30,MISS Thompson 27' 3PT Jump Shot,,,,,4.0,202691,Klay Thompson,1610612744.0,Golden State,Warriors,GSW,0,0,,,,,,0,0,,,,,
0021500381,8,4,0,1,10:45 PM,10:28,,,Leuer REBOUND (Off:0 Def:1),,,5.0,202720,Jon Leuer,1610612756.0,Phoenix,Suns,PHX,0,0,,,,,,0,0,,,,,
0021500381,9,1,78,1,10:45 PM,10:22,,,Knight 8' Floating Jump Shot (2 PTS),9 - 5,-4,5.0,202688,Brandon Knight,1610612756.0,Phoenix,Suns,PHX,0,0,,,,,,0,0,,,,,
0021500381,10,5,1,1,10:45 PM,10:13,Curry Bad Pass Turnover (P1.T1),,,,,4.0,201939,Stephen Curry,1610612744.0,Golden State,Warriors,GSW,0,0,,,,,,1,0,,,,,
0021500381,11,2,5,1,10:46 PM,10:03,,,MISS Chandler 2' Layup,,,5.0,2199,Tyson Chandler,1610612756.0,Phoenix,Suns,PHX,0,0,,,,,,0,0,,,,,
0021500381,12,4,0,1,10:46 PM,10:03,Bogut REBOUND (Off:0 Def:1),,,,,4.0,101106,Andrew Bogut,1610612744.0,Golden State,Warriors,GSW,0,0,,,,,,0,0,,,,,
0021500381,14,1,1,1,10:46 PM,9:51,Rush 24' 3PT Jump Shot (3 PTS) (Curry 1 AST),,,9 - 8,-1,4.0,201575,Brandon Rush,1610612744.0,Golden State,Warriors,GSW,4,201939,Stephen Curry,1610612744.0,Golden State,Warriors,GSW,0,0,,,,,
0021500381,15,2,5,1,10:46 PM,9:39,Bogut BLOCK (1 BLK),,MISS Leuer 2' Layup,,,5.0,202720,Jon Leuer,1610612756.0,Phoenix,Suns,PHX,0,0,,,,,,4,101106,Andrew Bogut,1610612744.0,Golden State,Warriors,GSW
0021500381,16,4,0,1,10:46 PM,9:38,Bogut REBOUND (Off:0 Def:2),,,,,4.0,101106,Andrew Bogut,1610612744.0,Golden State,Warriors,GSW,0,0,,,,,,0,0,,,,,
0021500381,17,5,1,1,10:46 PM,9:33,Rush Bad Pass Turnover (P1.T2),,Leuer STEAL (1 STL),,,4.0,201575,Brandon Rush,1610612744.0,Golden State,Warriors,GSW,5,202720,Jon Leuer,1610612756.0,Phoenix,Suns,PHX,0,0,,,,,
0021500381,18,2,1,1,10:46 PM,9:25,,,MISS Knight 26' 3PT Jump Shot,,,5.0,202688,Brandon Knight,1610612756.0,Phoenix,Suns,PHX,0,0,,,,,,0,0,,,,,
0021500381,19,4,0,1,10:46 PM,9:25,Bogut REBOUND (Off:0 Def:3),,,,,4.0,101106,Andrew Bogut,1610612744.0,Golden State,Warriors,GSW,0,0,,,,,,0,0,,,,,
0021500381,20,1,1,1,10:47 PM,9:16,Rush 25' 3PT Jump Shot (6 PTS) (Curry 2 AST),,,9 - 11,2,4.0,201575,Brandon Rush,1610612744.0,Golden State,Warriors,GSW,4,201939,Stephen Curry,1610612744.0,Golden State,Warriors,GSW,0,0,,,,,
0021500381,21,2,3,1,10:47 PM,8:56,,,MISS Chandler 5' Hook Shot,,,5.0,2199,Tyson Chandler,1610612756.0,Phoenix,Suns,PHX,0,0,,,,,,0,0,,,,,
0021500381,22,4,0,1,10:47 PM,8:55,Green REBOUND (Off:0 Def:1),,,,,4.0,203110,Draymond Green,1610612744.0,Golden State,Warriors,GSW,0,0,,,,,,0,0,,,,,
0021500381,23,2,42,1,10:47 PM,8:48,MISS Green 3' Driving Layup,,,,,4.0,203110,Draymond Green,1610612744.0,Golden State,Warriors,GSW,0,0,,,,,,0,0,,,,,
0021500381,24,4,0,1,10:47 PM,8:48,,,Knight REBOUND (Off:0 Def:1),,,5.0,202688,Brandon Knight,1610612756.0,Phoenix,Suns,PHX,0,0,,,,,,0,0,,,,,
0021500381,25,5,13,1,10:47 PM,8:33,,,Bledsoe Backcourt Turnover (P1.T1),,,5.0,202339,Eric Bledsoe,1610612756.0,Phoenix,Suns,PHX,0,0,,,,,,1,0,,,,,
0021500381,26,1,1,1,10:48 PM,8:23,Rush  3PT Jump Shot (9 PTS) (Green 1 AST),,,9 - 14,5,4.0,201575,Brandon Rush,1610612744.0,Golden State,Warriors,GSW,4,203110,Draymond Green,1610612744.0,Golden State,Warriors,GSW,0,0,,,,,
0021500381,27,1,1,1,10:48 PM,8:07,,,Bledsoe 16' Jump Shot (2 PTS),11 - 14,3,5.0,202339,Eric Bledsoe,1610612756.0,Phoenix,Suns,PHX,0,0,,,,,,0,0,,,,,
0021500381,28,2,5,1,10:48 PM,8:01,MISS Curry 2' Layup,,,,,4.0,201939,Stephen Curry,1610612744.0,Golden State,Warriors,GSW,0,0,,,,,,0,0,,,,,
0021500381,29,4,0,1,10:48 PM,7:59,,,Bledsoe REBOUND (Off:0 Def:1),,,5.0,202339,Eric Bledsoe,1610612756.0,Phoenix,Suns,PHX,0,0,,,,,,0,0,,,,,
0021500381,30,6,1,1,10:48 PM,7:55,Rush P.FOUL (P1.T1) (D.Collins),,,,,4.0,201575,Brandon Rush,1610612744.0,Golden State,Warriors,GSW,5,202688,Brandon Knight,1610612756.0,Phoenix,Suns,PHX,1,0,,,,,
0021500381,31,2,80,1,10:49 PM,7:46,,,MISS Knight 26' 3PT Step Back Jump Shot,,,5.0,202688,Brandon Knight,1610612756.0,Phoenix,Suns,PHX,0,0,,,,,,0,0,,,,,
0021500381,32,4,0,1,10:49 PM,7:45,Bogut REBOUND (Off:0 Def:4),,,,,4.0,101106,Andrew Bogut,1610612744.0,Golden State,Warriors,GSW,0,0,,,,,,0,0,,,,,
0021500381,33,2,1,1,10:49 PM,7:37,MISS Green 3' Jump Shot,,,,,4.0,203110,Draymond Green,1610612744.0,Golden State,Warriors,GSW,0,0,,,,,,0,0,,,,,
0021500381,34,4,0,1,10:49 PM,7:31,Green REBOUND (Off:1 Def:1),,,,,4.0,203110,Draymond Green,1610612744.0,Golden State,Warriors,GSW,0,0,,,,,,0,0,,,,,
0021500381,35,2,97,1,10:49 PM,7:30,MISS Green 1' Tip Layup Shot,,,,,4.0,203110,Draymond Green,1610612744.0,Golden State,Warriors,GSW,0,0,,,,,,0,0,,,,,
0021500381,36,4,0,1,10:49 PM,7:30,,,Leuer REBOUND (Off:0 Def:2),,,5.0,202720,Jon Leuer,1610612756.0,Phoenix,Suns,PHX,0,0,,,,,,0,0,,,,,
0021500381,37,2,1,1,10:49 PM,7:24,,,MISS Leuer 25' 3PT Jump Shot,,,5.0,202720,Jon Leuer,1610612756.0,Phoenix,Suns,PHX,0,0,,,,,,0,0,,,,,
0021500381,38,4,0,1,10:49 PM,7:23,Bogut REBOUND (Off:0 Def:5),,,,,4.0,101106,Andrew Bogut,1610612744.0,Golden State,Warriors,GSW,0,0,,,,,,0,0,,,,,
0021500381,39,6,2,1,10:49 PM,7:20,,,Chandler S.FOUL (P1.T1) (D.Collins),,,5.0,2199,Tyson Chandler,1610612756.0,Phoenix,Suns,PHX,4,101106,Andrew Bogut,1610612744.0,Golden State,Warriors,GSW,1,0,,,,,
0021500381,40,3,11,1,10:49 PM,7:20,MISS Bogut Free Throw 1 of 2,,,,,4.0,101106,Andrew Bogut,1610612744.0,Golden State,Warriors,GSW,0,0,,,,,,0,0,,,,,
0021500381,41,4,1,1,10:49 PM,7:20,WARRIORS Rebound,,,,,2.0,1610612744,,,,,,0,0,,,,,,0,0,,,,,
0021500381,42,3,12,1,10:50 PM,7:20,MISS Bogut Free Throw 2 of 2,,,,,4.0,101106,Andrew Bogut,1610612744.0,Golden State,Warriors,GSW,0,0,,,,,,0,0,,,,,
0021500381,44,4,0,1,10:50 PM,7:20,,,Leuer REBOUND (Off:0 Def:3),,,5.0,202720,Jon Leuer,1610612756.0,Phoenix,Suns,PHX,0,0,,,,,,0,0,,,,,
0021500381,45,2,1,1,10:50 PM,6:59,,,MISS Knight 18' Jump Shot,,,5.0,202688,Brandon Knight,1610612756.0,Phoenix,Suns,PHX,0,0,,,,,,0,0,,,,,
0021500381,46,4,0,1,10:50 PM,6:58,Thompson REBOUND (Off:0 Def:1),,,,,4.0,202691,Klay Thompson,1610612744.0,Golden State,Warriors,GSW,0,0,,,,,,0,0,,,,,
0021500381,47,6,4,1,10:50 PM,6:49,Bogut OFF.Foul (P1) (D.Collins),,,,,4.0,101106,Andrew Bogut,1610612744.0,Golden State,Warriors,GSW,5,202720,Jon Leuer,1610612756.0,Phoenix,Suns,PHX,1,0,,,,,
0021500381,48,5,5,1,10:50 PM,6:49,Bogut Foul Turnover (P1.T3),,,,,4.0,101106,Andrew Bogut,1610612744.0,Golden State,Warriors,GSW,0,0,,,,,,1,0,,,,,
0021500381,49,2,1,1,10:51 PM,6:36,,,MISS Tucker 22' Jump Shot,,,5.0,200782,PJ Tucker,1610612756.0,Phoenix,Suns,PHX,0,0,,,,,,0,0,,,,,
0021500381,50,4,0,1,10:51 PM,6:36,Green REBOUND (Off:1 Def:2),,,,,4.0,203110,Draymond Green,1610612744.0,Golden State,Warriors,GSW,0,0,,,,,,0,0,,,,,
0021500381,51,1,79,1,10:51 PM,6:28,Curry 17' Pullup Jump Shot (2 PTS) (Green 2 AST),,,11 - 16,5,4.0,201939,Stephen Curry,1610612744.0,Golden State,Warriors,GSW,4,203110,Draymond Green,1610612744.0,Golden State,Warriors,GSW,0,0,,,,,
0021500381,52,9,1,1,10:51 PM,6:27,,,Suns Timeout: Regular (Reg.1 Short 0),,,3.0,1610612756,,,,,,0,0,,,,,,0,0,,,,,
0021500381,54,5,1,1,10:54 PM,6:11,Green STEAL (1 STL),,Bledsoe Bad Pass Turnover (P2.T2),,,5.0,202339,Eric Bledsoe,1610612756.0,Phoenix,Suns,PHX,4,203110,Draymond Green,1610612744.0,Golden State,Warriors,GSW,0,0,,,,,
0021500381,55,2,1,1,10:55 PM,6:00,MISS Thompson 5' Jump Shot,,,,,4.0,202691,Klay Thompson,1610612744.0,Golden State,Warriors,GSW,0,0,,,,,,0,0,,,,,
0021500381,56,4,0,1,10:55 PM,5:59,,,Leuer REBOUND (Off:0 Def:4),,,5.0,202720,Jon Leuer,1610612756.0,Phoenix,Suns,PHX,0,0,,,,,,0,0,,,,,
0021500381,57,2,63,1,10:55 PM,5:51,,,MISS Bledsoe 10' Fadeaway Jumper,,,5.0,202339,Eric Bledsoe,1610612756.0,Phoenix,Suns,PHX,0,0,,,,,,0,0,,,,,
0021500381,58,4,0,1,10:55 PM,5:49,,,Suns Rebound,,,3.0,1610612756,,,,,,0,0,,,,,,0,0,,,,,
0021500381,59,8,0,1,10:55 PM,5:49,,,SUB: Warren FOR Tucker,,,5.0,200782,PJ Tucker,1610612756.0,Phoenix,Suns,PHX,5,203933,TJ Warren,1610612756.0,Phoenix,Suns,PHX,0,0,,,,,
0021500381,60,8,0,1,10:55 PM,5:49,SUB: Iguodala FOR Rush,,,,,4.0,201575,Brandon Rush,1610612744.0,Golden State,Warriors,GSW,4,2738,Andre Iguodala,1610612744.0,Golden State,Warriors,GSW,0,0,,,,,
0021500381,61,1,75,1,10:55 PM,5:44,,,Bledsoe 2' Driving Finger Roll Layup (4 PTS) (Chandler 1 AST),13 - 16,3,5.0,202339,Eric Bledsoe,1610612756.0,Phoenix,Suns,PHX,5,2199,Tyson Chandler,1610612756.0,Phoenix,Suns,PHX,0,0,,,,,
0021500381,63,2,1,1,10:56 PM,5:20,MISS Thompson 25' 3PT Jump Shot,,,,,4.0,202691,Klay Thompson,1610612744.0,Golden State,Warriors,GSW,0,0,,,,,,0,0,,,,,
0021500381,64,4,0,1,10:56 PM,5:20,,,Chandler REBOUND (Off:0 Def:1),,,5.0,2199,Tyson Chandler,1610612756.0,Phoenix,Suns,PHX,0,0,,,,,,0,0,,,,,
0021500381,65,2,1,1,10:56 PM,5:10,,,MISS Bledsoe 18' Jump Shot,,,5.0,202339,Eric Bledsoe,1610612756.0,Phoenix,Suns,PHX,0,0,,,,,,0,0,,,,,
0021500381,66,4,0,1,10:56 PM,5:09,Bogut REBOUND (Off:0 Def:6),,,,,4.0,101106,Andrew Bogut,1610612744.0,Golden State,Warriors,GSW,0,0,,,,,,0,0,,,,,
0021500381,67,5,4,1,10:56 PM,4:57,Iguodala Traveling Turnover (P1.T4),,,,,4.0,2738,Andre Iguodala,1610612744.0,Golden State,Warriors,GSW,0,0,,,,,,1,0,,,,,
0021500381,68,2,58,1,10:57 PM,4:36,,,MISS Leuer 5' Turnaround Hook Shot,,,5.0,202720,Jon Leuer,1610612756.0,Phoenix,Suns,PHX,0,0,,,,,,0,0,,,,,
0021500381,69,4,0,1,10:57 PM,4:36,Green REBOUND (Off:1 Def:3),,,,,4.0,203110,Draymond Green,1610612744.0,Golden State,Warriors,GSW,0,0,,,,,,0,0,,,,,
0021500381,70,2,1,1,10:57 PM,4:28,MISS Curry 27' 3PT Jump Shot,,,,,4.0,201939,Stephen Curry,1610612744.0,Golden State,Warriors,GSW,0,0,,,,,,0,0,,,,,
0021500381,71,4,0,1,10:57 PM,4:27,,,Chandler REBOUND (Off:0 Def:2),,,5.0,2199,Tyson Chandler,1610612756.0,Phoenix,Suns,PHX,0,0,,,,,,0,0,,,,,
0021500381,72,5,1,1,10:57 PM,4:17,Green STEAL (2 STL),,Bledsoe Bad Pass Turnover (P3.T3),,,5.0,202339,Eric Bledsoe,1610612756.0,Phoenix,Suns,PHX,4,203110,Draymond Green,1610612744.0,Golden State,Warriors,GSW,0,0,,,,,
0021500381,73,5,1,1,10:57 PM,4:11,Green Bad Pass Turnover (P1.T5),,Leuer STEAL (2 STL),,,4.0,203110,Draymond Green,1610612744.0,Golden State,Warriors,GSW,5,202720,Jon Leuer,1610612756.0,Phoenix,Suns,PHX,0,0,,,,,
0021500381,74,5,45,1,10:57 PM,4:06,,,Leuer Out of Bounds - Bad Pass Turnover Turnover (P1.T4),,,5.0,202720,Jon Leuer,1610612756.0,Phoenix,Suns,PHX,0,0,,,,,,1,0,,,,,
0021500381,75,8,0,1,10:58 PM,4:06,,,SUB: Teletovic FOR Leuer,,,5.0,202720,Jon Leuer,1610612756.0,Phoenix,Suns,PHX,5,203141,Mirza Teletovic,1610612756.0,Phoenix,Suns,PHX,0,0,,,,,
0021500381,76,8,0,1,10:58 PM,4:06,SUB: Ezeli FOR Bogut,,,,,4.0,101106,Andrew Bogut,1610612744.0,Golden State,Warriors,GSW,4,203105,Festus Ezeli,1610612744.0,Golden State,Warriors,GSW,0,0,,,,,
0021500381,77,2,52,1,10:58 PM,3:57,MISS Ezeli  Alley Oop Dunk,,,,,4.0,203105,Festus Ezeli,1610612744.0,Golden State,Warriors,GSW,0,0,,,,,,0,0,,,,,
0021500381,78,4,0,1,10:58 PM,3:57,,,Chandler REBOUND (Off:0 Def:3),,,5.0,2199,Tyson Chandler,1610612756.0,Phoenix,Suns,PHX,0,0,,,,,,0,0,,,,,
0021500381,79,1,42,1,10:58 PM,3:51,,,Knight 3' Driving Layup (4 PTS) (Bledsoe 3 AST),15 - 16,1,5.0,202688,Brandon Knight,1610612756.0,Phoenix,Suns,PHX,5,202339,Eric Bledsoe,1610612756.0,Phoenix,Suns,PHX,0,0,,,,,
0021500381,80,9,1,1,10:58 PM,3:51,WARRIORS Timeout: Regular (Full 1 Short 0),,,,,2.0,1610612744,,,,,,0,0,,,,,,0,0,,,,,
0021500381,81,8,0,1,11:01 PM,3:51,,,SUB: Len FOR Chandler,,,5.0,2199,Tyson Chandler,1610612756.0,Phoenix,Suns,PHX,5,203458,Alex Len,1610612756.0,Phoenix,Suns,PHX,0,0,,,,,
0021500381,82,2,1,1,11:01 PM,3:40,MISS Thompson 15' Jump Shot,,,,,4.0,202691,Klay Thompson,1610612744.0,Golden State,Warriors,GSW,0,0,,,,,,0,0,,,,,
0021500381,83,4,0,1,11:01 PM,3:38,,,Warren REBOUND (Off:0 Def:1),,,5.0,203933,TJ Warren,1610612756.0,Phoenix,Suns,PHX,0,0,,,,,,0,0,,,,,
0021500381,84,1,63,1,11:02 PM,3:16,,,Warren 16' Fadeaway Jumper (2 PTS),17 - 16,-1,5.0,203933,TJ Warren,1610612756.0,Phoenix,Suns,PHX,0,0,,,,,,0,0,,,,,
0021500381,85,2,1,1,11:02 PM,3:03,MISS Iguodala 24' 3PT Jump Shot,,,,,4.0,2738,Andre Iguodala,1610612744.0,Golden State,Warriors,GSW,0,0,,,,,,0,0,,,,,
0021500381,86,4,0,1,11:02 PM,3:03,,,Bledsoe REBOUND (Off:0 Def:2),,,5.0,202339,Eric Bledsoe,1610612756.0,Phoenix,Suns,PHX,0,0,,,,,,0,0,,,,,
0021500381,87,1,1,1,11:02 PM,2:50,,,Bledsoe 16' Jump Shot (6 PTS),19 - 16,-3,5.0,202339,Eric Bledsoe,1610612756.0,Phoenix,Suns,PHX,0,0,,,,,,0,0,,,,,
0021500381,88,5,1,1,11:02 PM,2:38,Curry Bad Pass Turnover (P2.T6),,Bledsoe STEAL (1 STL),,,4.0,201939,Stephen Curry,1610612744.0,Golden State,Warriors,GSW,5,202339,Eric Bledsoe,1610612756.0,Phoenix,Suns,PHX,0,0,,,,,
0021500381,89,1,42,1,11:02 PM,2:35,,,Knight 2' Driving Layup (6 PTS) (Bledsoe 4 AST),21 - 16,-5,5.0,202688,Brandon Knight,1610612756.0,Phoenix,Suns,PHX,5,202339,Eric Bledsoe,1610612756.0,Phoenix,Suns,PHX,0,0,,,,,
0021500381,90,1,1,1,11:02 PM,2:25,Thompson 28' 3PT Jump Shot (5 PTS) (Curry 3 AST),,,21 - 19,-2,4.0,202691,Klay Thompson,1610612744.0,Golden State,Warriors,GSW,4,201939,Stephen Curry,1610612744.0,Golden State,Warriors,GSW,0,0,,,,,
0021500381,91,1,80,1,11:03 PM,2:11,,,Teletovic 26' 3PT Step Back Jump Shot (3 PTS) (Warren 1 AST),24 - 19,-5,5.0,203141,Mirza Teletovic,1610612756.0,Phoenix,Suns,PHX,5,203933,TJ Warren,1610612756.0,Phoenix,Suns,PHX,0,0,,,,,
0021500381,92,2,79,1,11:03 PM,2:03,MISS Curry 25' 3PT Pullup Jump Shot,,,,,4.0,201939,Stephen Curry,1610612744.0,Golden State,Warriors,GSW,0,0,,,,,,0,0,,,,,
0021500381,93,4,0,1,11:03 PM,2:00,,,Warren REBOUND (Off:0 Def:2),,,5.0,203933,TJ Warren,1610612756.0,Phoenix,Suns,PHX,0,0,,,,,,0,0,,,,,
0021500381,94,1,73,1,11:03 PM,1:53,,,Teletovic 1' Driving Reverse Layup (5 PTS) (Knight 1 AST),26 - 19,-7,5.0,203141,Mirza Teletovic,1610612756.0,Phoenix,Suns,PHX,5,202688,Brandon Knight,1610612756.0,Phoenix,Suns,PHX,0,0,,,,,
0021500381,95,1,1,1,11:03 PM,1:45,Thompson 27' 3PT Jump Shot (8 PTS) (Green 3 AST),,,26 - 22,-4,4.0,202691,Klay Thompson,1610612744.0,Golden State,Warriors,GSW,4,203110,Draymond Green,1610612744.0,Golden State,Warriors,GSW,0,0,,,,,
0021500381,96,5,41,1,11:04 PM,1:27,,,Bledsoe Poss Lost Ball Turnover (P4.T5),,,5.0,202339,Eric Bledsoe,1610612756.0,Phoenix,Suns,PHX,0,0,,,,,,1,0,,,,,
0021500381,97,6,3,1,11:04 PM,1:27,,,Bledsoe L.B.FOUL (P1.T2) (T.Maddox),,,5.0,202339,Eric Bledsoe,1610612756.0,Phoenix,Suns,PHX,4,2738,Andre Iguodala,1610612744.0,Golden State,Warriors,GSW,1,0,,,,,
0021500381,98,8,0,1,11:04 PM,1:27,SUB: Livingston FOR Curry,,,,,4.0,201939,Stephen Curry,1610612744.0,Golden State,Warriors,GSW,4,2733,Shaun Livingston,1610612744.0,Golden State,Warriors,GSW,0,0,,,,,
0021500381,110,8,0,1,11:04 PM,1:27,,,SUB: Booker FOR Knight,,,5.0,202688,Brandon Knight,1610612756.0,Phoenix,Suns,PHX,5,1626164,Devin Booker,1610612756.0,Phoenix,Suns,PHX,0,0,,,,,
0021500381,99,8,0,1,11:04 PM,1:27,,,SUB: Price FOR Bledsoe,,,5.0,202339,Eric Bledsoe,1610612756.0,Phoenix,Suns,PHX,5,101179,Ronnie Price,1610612756.0,Phoenix,Suns,PHX,0,0,,,,,
0021500381,100,1,78,1,11:04 PM,1:15,Thompson 11' Floating Jump Shot (10 PTS) (Livingston 1 AST),,,26 - 24,-2,4.0,202691,Klay Thompson,1610612744.0,Golden State,Warriors,GSW,4,2733,Shaun Livingston,1610612744.0,Golden State,Warriors,GSW,0,0,,,,,
0021500381,101,2,1,1,11:05 PM,0:50,,,MISS Warren 15' Jump Shot,,,5.0,203933,TJ Warren,1610612756.0,Phoenix,Suns,PHX,0,0,,,,,,0,0,,,,,
0021500381,102,4,0,1,11:05 PM,0:50,,,Suns Rebound,,,3.0,1610612756,,,,,,0,0,,,,,,0,0,,,,,
0021500381,103,2,1,1,11:05 PM,0:42,,,MISS Price 22' Jump Shot,,,5.0,101179,Ronnie Price,1610612756.0,Phoenix,Suns,PHX,0,0,,,,,,0,0,,,,,
0021500381,104,4,0,1,11:05 PM,0:42,Green REBOUND (Off:1 Def:4),,,,,4.0,203110,Draymond Green,1610612744.0,Golden State,Warriors,GSW,0,0,,,,,,0,0,,,,,
0021500381,105,2,5,1,11:05 PM,0:34,MISS Ezeli 2' Layup,,,,,4.0,203105,Festus Ezeli,1610612744.0,Golden State,Warriors,GSW,0,0,,,,,,0,0,,,,,
0021500381,107,4,0,1,11:05 PM,0:33,Ezeli REBOUND (Off:1 Def:0),,,,,4.0,203105,Festus Ezeli,1610612744.0,Golden State,Warriors,GSW,0,0,,,,,,0,0,,,,,
0021500381,106,2,5,1,11:05 PM,0:33,MISS Ezeli 2' Layup,,Len BLOCK (1 BLK),,,4.0,203105,Festus Ezeli,1610612744.0,Golden State,Warriors,GSW,0,0,,,,,,5,203458,Alex Len,1610612756.0,Phoenix,Suns,PHX
0021500381,108,4,0,1,11:05 PM,0:30,,,Len REBOUND (Off:0 Def:1),,,5.0,203458,Alex Len,1610612756.0,Phoenix,Suns,PHX,0,0,,,,,,0,0,,,,,
0021500381,109,1,1,1,11:06 PM,0:08,,,Warren 18' Jump Shot (4 PTS) (Booker 1 AST),28 - 24,-4,5.0,203933,TJ Warren,1610612756.0,Phoenix,Suns,PHX,5,1626164,Devin Booker,1610612756.0,Phoenix,Suns,PHX,0,0,,,,,
0021500381,111,1,5,1,11:06 PM,0:01,Green 2' Layup (5 PTS) (Livingston 2 AST),,,28 - 26,-2,4.0,203110,Draymond Green,1610612744.0,Golden State,Warriors,GSW,4,2733,Shaun Livingston,1610612744.0,Golden State,Warriors,GSW,0,0,,,,,
0021500381,112,13,0,1,11:06 PM,0:00,,,,28 - 26,-2,0.0,0,,,,,,0,0,,,,,,0,0,,,,,
0021500381,114,12,0,2,11:10 PM,12:00,,,,28 - 26,-2,0.0,0,,,,,,0,0,,,,,,0,0,,,,,
0021500381,115,5,1,2,11:10 PM,11:49,Livingston Bad Pass Turnover (P1.T7),,Len STEAL (1 STL),,,4.0,2733,Shaun Livingston,1610612744.0,Golden State,Warriors,GSW,5,203458,Alex Len,1610612756.0,Phoenix,Suns,PHX,0,0,,,,,
0021500381,116,2,1,2,11:10 PM,11:43,Barbosa BLOCK (1 BLK),,MISS Booker 19' Jump Shot,,,5.0,1626164,Devin Booker,1610612756.0,Phoenix,Suns,PHX,0,0,,,,,,4,2571,Leandro Barbosa,1610612744.0,Golden State,Warriors,GSW
0021500381,117,4,0,2,11:10 PM,11:41,Ezeli REBOUND (Off:1 Def:1),,,,,4.0,203105,Festus Ezeli,1610612744.0,Golden State,Warriors,GSW,0,0,,,,,,0,0,,,,,
0021500381,118,6,1,2,11:10 PM,11:36,,,Price P.FOUL (P1.T1) (D.Collins),,,5.0,101179,Ronnie Price,1610612756.0,Phoenix,Suns,PHX,4,203105,Festus Ezeli,1610612744.0,Golden State,Warriors,GSW,1,0,,,,,
0021500381,120,1,49,2,11:11 PM,11:28,Ezeli  Driving Dunk (2 PTS) (Barbosa 1 AST),,,28 - 28,TIE,4.0,203105,Festus Ezeli,1610612744.0,Golden State,Warriors,GSW,4,2571,Leandro Barbosa,1610612744.0,Golden State,Warriors,GSW,0,0,,,,,
0021500381,121,2,1,2,11:11 PM,11:10,,,MISS Teletovic 26' 3PT Jump Shot,,,5.0,203141,Mirza Teletovic,1610612756.0,Phoenix,Suns,PHX,0,0,,,,,,0,0,,,,,
0021500381,122,4,0,2,11:11 PM,11:09,Iguodala REBOUND (Off:0 Def:1),,,,,4.0,2738,Andre Iguodala,1610612744.0,Golden State,Warriors,GSW,0,0,,,,,,0,0,,,,,
0021500381,153,2,40,2,11:11 PM,11:04,MISS Iguodala 2' Layup,,Warren BLOCK (1 BLK),,,4.0,2738,Andre Iguodala,1610612744.0,Golden State,Warriors,GSW,0,0,,,,,,5,203933,TJ Warren,1610612756.0,Phoenix,Suns,PHX
0021500381,152,4,0,2,11:11 PM,11:02,Iguodala REBOUND (Off:1 Def:1),,,,,4.0,2738,Andre Iguodala,1610612744.0,Golden State,Warriors,GSW,0,0,,,,,,0,0,,,,,
0021500381,123,2,1,2,11:11 PM,10:58,MISS Rush 26' 3PT Jump Shot,,,,,4.0,201575,Brandon Rush,1610612744.0,Golden State,Warriors,GSW,0,0,,,,,,0,0,,,,,
0021500381,124,4,0,2,11:11 PM,10:56,,,Len REBOUND (Off:0 Def:2),,,5.0,203458,Alex Len,1610612756.0,Phoenix,Suns,PHX,0,0,,,,,,0,0,,,,,
0021500381,125,2,1,2,11:12 PM,10:37,,,MISS Price 26' 3PT Jump Shot,,,5.0,101179,Ronnie Price,1610612756.0,Phoenix,Suns,PHX,0,0,,,,,,0,0,,,,,
0021500381,126,4,0,2,11:12 PM,10:37,Ezeli REBOUND (Off:1 Def:2),,,,,4.0,203105,Festus Ezeli,1610612744.0,Golden State,Warriors,GSW,0,0,,,,,,0,0,,,,,
0021500381,127,1,67,2,11:12 PM,10:24,Ezeli 7' Hook Bank Shot (4 PTS),,,28 - 30,2,4.0,203105,Festus Ezeli,1610612744.0,Golden State,Warriors,GSW,0,0,,,,,,0,0,,,,,
0021500381,128,5,2,2,11:12 PM,10:08,Barbosa STEAL (1 STL),,Booker Lost Ball Turnover (P1.T6),,,5.0,1626164,Devin Booker,1610612756.0,Phoenix,Suns,PHX,4,2571,Leandro Barbosa,1610612744.0,Golden State,Warriors,GSW,0,0,,,,,
0021500381,129,1,41,2,11:12 PM,10:03,Barbosa 2' Running Layup (2 PTS),,,28 - 32,4,4.0,2571,Leandro Barbosa,1610612744.0,Golden State,Warriors,GSW,0,0,,,,,,0,0,,,,,
0021500381,130,1,46,2,11:13 PM,9:42,,,Warren 9' Running Jump Shot (6 PTS),30 - 32,2,5.0,203933,TJ Warren,1610612756.0,Phoenix,Suns,PHX,0,0,,,,,,0,0,,,,,
0021500381,131,6,1,2,11:13 PM,9:28,,,Len P.FOUL (P1.T2) (D.Collins),,,5.0,203458,Alex Len,1610612756.0,Phoenix,Suns,PHX,4,203105,Festus Ezeli,1610612744.0,Golden State,Warriors,GSW,1,0,,,,,
0021500381,137,8,0,2,11:13 PM,9:28,,,SUB: Bledsoe FOR Booker,,,5.0,1626164,Devin Booker,1610612756.0,Phoenix,Suns,PHX,5,202339,Eric Bledsoe,1610612756.0,Phoenix,Suns,PHX,0,0,,,,,
0021500381,138,8,0,2,11:14 PM,9:28,,,SUB: Tucker FOR Price,,,5.0,101179,Ronnie Price,1610612756.0,Phoenix,Suns,PHX,5,200782,PJ Tucker,1610612756.0,Phoenix,Suns,PHX,0,0,,,,,
0021500381,132,2,1,2,11:14 PM,9:14,MISS Barbosa 26' 3PT Jump Shot,,,,,4.0,2571,Leandro Barbosa,1610612744.0,Golden State,Warriors,GSW,0,0,,,,,,0,0,,,,,
0021500381,133,4,0,2,11:14 PM,9:13,,,Len REBOUND (Off:0 Def:3),,,5.0,203458,Alex Len,1610612756.0,Phoenix,Suns,PHX,0,0,,,,,,0,0,,,,,
0021500381,134,2,1,2,11:14 PM,9:02,,,MISS Bledsoe 18' Jump Shot,,,5.0,202339,Eric Bledsoe,1610612756.0,Phoenix,Suns,PHX,0,0,,,,,,0,0,,,,,
0021500381,135,4,0,2,11:14 PM,9:00,Iguodala REBOUND (Off:1 Def:2),,,,,4.0,2738,Andre Iguodala,1610612744.0,Golden State,Warriors,GSW,0,0,,,,,,0,0,,,,,
0021500381,136,1,1,2,11:14 PM,8:51,Rush 18' Jump Shot (11 PTS) (Barbosa 2 AST),,,30 - 34,4,4.0,201575,Brandon Rush,1610612744.0,Golden State,Warriors,GSW,4,2571,Leandro Barbosa,1610612744.0,Golden State,Warriors,GSW,0,0,,,,,
0021500381,139,2,1,2,11:15 PM,8:25,,,MISS Teletovic 20' Jump Shot,,,5.0,203141,Mirza Teletovic,1610612756.0,Phoenix,Suns,PHX,0,0,,,,,,0,0,,,,,
0021500381,140,4,0,2,11:15 PM,8:25,Rush REBOUND (Off:0 Def:1),,,,,4.0,201575,Brandon Rush,1610612744.0,Golden State,Warriors,GSW,0,0,,,,,,0,0,,,,,
0021500381,141,2,41,2,11:15 PM,8:21,MISS Barbosa 2' Running Layup,,,,,4.0,2571,Leandro Barbosa,1610612744.0,Golden State,Warriors,GSW,0,0,,,,,,0,0,,,,,
0021500381,142,4,0,2,11:15 PM,8:21,,,Warren REBOUND (Off:0 Def:3),,,5.0,203933,TJ Warren,1610612756.0,Phoenix,Suns,PHX,0,0,,,,,,0,0,,,,,
0021500381,143,2,46,2,11:15 PM,8:12,,,MISS Warren 8' Running Jump Shot,,,5.0,203933,TJ Warren,1610612756.0,Phoenix,Suns,PHX,0,0,,,,,,0,0,,,,,
0021500381,144,4,0,2,11:15 PM,8:12,Rush REBOUND (Off:0 Def:2),,,,,4.0,201575,Brandon Rush,1610612744.0,Golden State,Warriors,GSW,0,0,,,,,,0,0,,,,,
0021500381,145,2,1,2,11:15 PM,7:52,MISS Rush 26' 3PT Jump Shot,,,,,4.0,201575,Brandon Rush,1610612744.0,Golden State,Warriors,GSW,0,0,,,,,,0,0,,,,,
0021500381,146,4,0,2,11:15 PM,7:51,,,Teletovic REBOUND (Off:0 Def:1),,,5.0,203141,Mirza Teletovic,1610612756.0,Phoenix,Suns,PHX,0,0,,,,,,0,0,,,,,
0021500381,147,1,79,2,11:16 PM,7:34,,,Teletovic 26' 3PT Pullup Jump Shot (8 PTS) (Bledsoe 5 AST),33 - 34,1,5.0,203141,Mirza Teletovic,1610612756.0,Phoenix,Suns,PHX,5,202339,Eric Bledsoe,1610612756.0,Phoenix,Suns,PHX,0,0,,,,,
0021500381,148,2,3,2,11:16 PM,7:15,MISS Ezeli 5' Hook Shot,,,,,4.0,203105,Festus Ezeli,1610612744.0,Golden State,Warriors,GSW,0,0,,,,,,0,0,,,,,
0021500381,149,4,0,2,11:16 PM,7:14,,,Bledsoe REBOUND (Off:0 Def:3),,,5.0,202339,Eric Bledsoe,1610612756.0,Phoenix,Suns,PHX,0,0,,,,,,0,0,,,,,
0021500381,150,1,79,2,11:16 PM,7:02,,,Warren 18' Pullup Jump Shot (8 PTS),35 - 34,-1,5.0,203933,TJ Warren,1610612756.0,Phoenix,Suns,PHX,0,0,,,,,,0,0,,,,,
0021500381,151,9,1,2,11:16 PM,7:02,WARRIORS Timeout: Regular (Full 2 Short 0),,,,,2.0,1610612744,,,,,,0,0,,,,,,0,0,,,,,
0021500381,155,8,0,2,11:19 PM,7:02,SUB: Curry FOR Rush,,,,,4.0,201575,Brandon Rush,1610612744.0,Golden State,Warriors,GSW,4,201939,Stephen Curry,1610612744.0,Golden State,Warriors,GSW,0,0,,,,,
0021500381,156,8,0,2,11:19 PM,7:02,SUB: Green FOR Iguodala,,,,,4.0,2738,Andre Iguodala,1610612744.0,Golden State,Warriors,GSW,4,203110,Draymond Green,1610612744.0,Golden State,Warriors,GSW,0,0,,,,,
0021500381,157,6,1,2,11:20 PM,6:42,,,Tucker P.FOUL (P1.T3) (B.Kennedy),,,5.0,200782,PJ Tucker,1610612756.0,Phoenix,Suns,PHX,4,2733,Shaun Livingston,1610612744.0,Golden State,Warriors,GSW,1,0,,,,,
0021500381,158,3,11,2,11:20 PM,6:42,Livingston Free Throw 1 of 2 (1 PTS),,,35 - 35,TIE,4.0,2733,Shaun Livingston,1610612744.0,Golden State,Warriors,GSW,0,0,,,,,,0,0,,,,,
0021500381,160,3,12,2,11:20 PM,6:42,Livingston Free Throw 2 of 2 (2 PTS),,,35 - 36,1,4.0,2733,Shaun Livingston,1610612744.0,Golden State,Warriors,GSW,0,0,,,,,,0,0,,,,,
0021500381,163,8,0,2,11:20 PM,6:32,SUB: Thompson FOR Barbosa,,,,,4.0,2571,Leandro Barbosa,1610612744.0,Golden State,Warriors,GSW,4,202691,Klay Thompson,1610612744.0,Golden State,Warriors,GSW,0,0,,,,,
0021500381,164,1,42,2,11:21 PM,6:20,,,Warren 2' Driving Layup (10 PTS) (Bledsoe 6 AST),37 - 36,-1,5.0,203933,TJ Warren,1610612756.0,Phoenix,Suns,PHX,5,202339,Eric Bledsoe,1610612756.0,Phoenix,Suns,PHX,0,0,,,,,
0021500381,165,2,1,2,11:21 PM,6:08,MISS Thompson 26' 3PT Jump Shot,,,,,4.0,202691,Klay Thompson,1610612744.0,Golden State,Warriors,GSW,0,0,,,,,,0,0,,,,,
0021500381,166,4,0,2,11:21 PM,6:07,,,Bledsoe REBOUND (Off:0 Def:4),,,5.0,202339,Eric Bledsoe,1610612756.0,Phoenix,Suns,PHX,0,0,,,,,,0,0,,,,,
0021500381,167,6,2,2,11:21 PM,6:00,Green S.FOUL (P1.T1) (D.Collins),,,,,4.0,203110,Draymond Green,1610612744.0,Golden State,Warriors,GSW,5,203141,Mirza Teletovic,1610612756.0,Phoenix,Suns,PHX,1,0,,,,,
0021500381,168,3,13,2,11:22 PM,6:00,,,Teletovic Free Throw 1 of 3 (9 PTS),38 - 36,-2,5.0,203141,Mirza Teletovic,1610612756.0,Phoenix,Suns,PHX,0,0,,,,,,0,0,,,,,
0021500381,170,3,14,2,11:22 PM,6:00,,,Teletovic Free Throw 2 of 3 (10 PTS),39 - 36,-3,5.0,203141,Mirza Teletovic,1610612756.0,Phoenix,Suns,PHX,0,0,,,,,,0,0,,,,,
0021500381,175,8,0,2,11:22 PM,6:00,SUB: Bogut FOR Ezeli,,,,,4.0,203105,Festus Ezeli,1610612744.0,Golden State,Warriors,GSW,4,101106,Andrew Bogut,1610612744.0,Golden State,Warriors,GSW,0,0,,,,,
0021500381,172,8,0,2,11:22 PM,6:00,,,SUB: Chandler FOR Len,,,5.0,203458,Alex Len,1610612756.0,Phoenix,Suns,PHX,5,2199,Tyson Chandler,1610612756.0,Phoenix,Suns,PHX,0,0,,,,,
0021500381,173,3,15,2,11:22 PM,6:00,,,Teletovic Free Throw 3 of 3 (11 PTS),40 - 36,-4,5.0,203141,Mirza Teletovic,1610612756.0,Phoenix,Suns,PHX,0,0,,,,,,0,0,,,,,
0021500381,176,6,4,2,11:23 PM,5:51,Bogut OFF.Foul (P2) (B.Kennedy),,,,,4.0,101106,Andrew Bogut,1610612744.0,Golden State,Warriors,GSW,5,2199,Tyson Chandler,1610612756.0,Phoenix,Suns,PHX,1,0,,,,,
0021500381,177,5,5,2,11:23 PM,5:51,Bogut Foul Turnover (P2.T8),,,,,4.0,101106,Andrew Bogut,1610612744.0,Golden State,Warriors,GSW,0,0,,,,,,1,0,,,,,
0021500381,178,9,4,2,11:23 PM,5:51,,,,,,1.0,0,,,,,,0,0,,,,,,0,0,,,,,
0021500381,180,8,0,2,11:25 PM,5:51,,,SUB: Knight FOR Teletovic,,,5.0,203141,Mirza Teletovic,1610612756.0,Phoenix,Suns,PHX,5,202688,Brandon Knight,1610612756.0,Phoenix,Suns,PHX,0,0,,,,,
0021500381,182,2,1,2,11:26 PM,5:42,,,MISS Warren 16' Jump Shot,,,5.0,203933,TJ Warren,1610612756.0,Phoenix,Suns,PHX,0,0,,,,,,0,0,,,,,
0021500381,183,4,0,2,11:26 PM,5:41,Green REBOUND (Off:1 Def:5),,,,,4.0,203110,Draymond Green,1610612744.0,Golden State,Warriors,GSW,0,0,,,,,,0,0,,,,,
0021500381,184,2,1,2,11:26 PM,5:33,MISS Livingston 13' Jump Shot,,,,,4.0,2733,Shaun Livingston,1610612744.0,Golden State,Warriors,GSW,0,0,,,,,,0,0,,,,,
0021500381,185,4,0,2,11:26 PM,5:32,Bogut REBOUND (Off:1 Def:6),,,,,4.0,101106,Andrew Bogut,1610612744.0,Golden State,Warriors,GSW,0,0,,,,,,0,0,,,,,
0021500381,186,5,1,2,11:26 PM,5:27,Bogut Bad Pass Turnover (P3.T9),,,,,4.0,101106,Andrew Bogut,1610612744.0,Golden State,Warriors,GSW,0,0,,,,,,1,0,,,,,
0021500381,187,5,1,2,11:26 PM,5:20,Green STEAL (3 STL),,Bledsoe Bad Pass Turnover (P5.T7),,,5.0,202339,Eric Bledsoe,1610612756.0,Phoenix,Suns,PHX,4,203110,Draymond Green,1610612744.0,Golden State,Warriors,GSW,0,0,,,,,
0021500381,188,6,2,2,11:26 PM,5:17,,,Knight S.FOUL (P1.T4) (D.Collins),,,5.0,202688,Brandon Knight,1610612756.0,Phoenix,Suns,PHX,4,203110,Draymond Green,1610612744.0,Golden State,Warriors,GSW,1,0,,,,,
0021500381,189,3,11,2,11:27 PM,5:17,Green Free Throw 1 of 2 (6 PTS),,,40 - 37,-3,4.0,203110,Draymond Green,1610612744.0,Golden State,Warriors,GSW,0,0,,,,,,0,0,,,,,
0021500381,191,3,12,2,11:27 PM,5:17,Green Free Throw 2 of 2 (7 PTS),,,40 - 38,-2,4.0,203110,Draymond Green,1610612744.0,Golden State,Warriors,GSW,0,0,,,,,,0,0,,,,,
0021500381,193,1,1,2,11:27 PM,5:00,,,Knight 21' Jump Shot (8 PTS) (Tucker 1 AST),42 - 38,-4,5.0,202688,Brandon Knight,1610612756.0,Phoenix,Suns,PHX,5,200782,PJ Tucker,1610612756.0,Phoenix,Suns,PHX,0,0,,,,,
0021500381,194,1,105,2,11:27 PM,4:41,Curry 9' Turnaround Fadeaway Bank Jump Shot (4 PTS) (Green 4 AST),,,42 - 40,-2,4.0,201939,Stephen Curry,1610612744.0,Golden State,Warriors,GSW,4,203110,Draymond Green,1610612744.0,Golden State,Warriors,GSW,0,0,,,,,
0021500381,195,2,1,2,11:28 PM,4:29,,,MISS Knight 25' 3PT Jump Shot,,,5.0,202688,Brandon Knight,1610612756.0,Phoenix,Suns,PHX,0,0,,,,,,0,0,,,,,
0021500381,196,4,0,2,11:28 PM,4:29,Bogut REBOUND (Off:1 Def:7),,,,,4.0,101106,Andrew Bogut,1610612744.0,Golden State,Warriors,GSW,0,0,,,,,,0,0,,,,,
0021500381,197,1,79,2,11:28 PM,4:23,Thompson 25' 3PT Pullup Jump Shot (13 PTS) (Livingston 3 AST),,,42 - 43,1,4.0,202691,Klay Thompson,1610612744.0,Golden State,Warriors,GSW,4,2733,Shaun Livingston,1610612744.0,Golden State,Warriors,GSW,0,0,,,,,
0021500381,198,2,1,2,11:28 PM,4:09,,,MISS Tucker 26' 3PT Jump Shot,,,5.0,200782,PJ Tucker,1610612756.0,Phoenix,Suns,PHX,0,0,,,,,,0,0,,,,,
0021500381,199,4,0,2,11:28 PM,4:09,Livingston REBOUND (Off:0 Def:1),,,,,4.0,2733,Shaun Livingston,1610612744.0,Golden State,Warriors,GSW,0,0,,,,,,0,0,,,,,
0021500381,200,1,79,2,11:28 PM,3:59,Thompson 26' 3PT Pullup Jump Shot (16 PTS) (Curry 4 AST),,,42 - 46,4,4.0,202691,Klay Thompson,1610612744.0,Golden State,Warriors,GSW,4,201939,Stephen Curry,1610612744.0,Golden State,Warriors,GSW,0,0,,,,,
0021500381,201,9,1,2,11:28 PM,3:59,,,Suns Timeout: Regular (Reg.2 Short 0),,,3.0,1610612756,,,,,,0,0,,,,,,0,0,,,,,
0021500381,203,8,0,2,11:31 PM,3:59,SUB: Iguodala FOR Livingston,,,,,4.0,2733,Shaun Livingston,1610612744.0,Golden State,Warriors,GSW,4,2738,Andre Iguodala,1610612744.0,Golden State,Warriors,GSW,0,0,,,,,
0021500381,204,8,0,2,11:31 PM,3:59,,,SUB: Leuer FOR Warren,,,5.0,203933,TJ Warren,1610612756.0,Phoenix,Suns,PHX,5,202720,Jon Leuer,1610612756.0,Phoenix,Suns,PHX,0,0,,,,,
0021500381,205,1,1,2,11:31 PM,3:46,,,Chandler 17' Jump Shot (4 PTS) (Leuer 1 AST),44 - 46,2,5.0,2199,Tyson Chandler,1610612756.0,Phoenix,Suns,PHX,5,202720,Jon Leuer,1610612756.0,Phoenix,Suns,PHX,0,0,,,,,
0021500381,206,1,44,2,11:31 PM,3:30,Green 1' Reverse Layup (9 PTS) (Thompson 1 AST),,,44 - 48,4,4.0,203110,Draymond Green,1610612744.0,Golden State,Warriors,GSW,4,202691,Klay Thompson,1610612744.0,Golden State,Warriors,GSW,0,0,,,,,
0021500381,207,2,1,2,11:32 PM,3:20,,,MISS Bledsoe 18' Jump Shot,,,5.0,202339,Eric Bledsoe,1610612756.0,Phoenix,Suns,PHX,0,0,,,,,,0,0,,,,,
0021500381,208,4,0,2,11:32 PM,3:19,Bogut REBOUND (Off:1 Def:8),,,,,4.0,101106,Andrew Bogut,1610612744.0,Golden State,Warriors,GSW,0,0,,,,,,0,0,,,,,
0021500381,209,1,80,2,11:32 PM,3:07,Curry 25' 3PT Step Back Jump Shot (7 PTS),,,44 - 51,7,4.0,201939,Stephen Curry,1610612744.0,Golden State,Warriors,GSW,0,0,,,,,,0,0,,,,,
0021500381,210,2,1,2,11:32 PM,2:52,,,MISS Knight 16' Jump Shot,,,5.0,202688,Brandon Knight,1610612756.0,Phoenix,Suns,PHX,0,0,,,,,,0,0,,,,,
0021500381,212,4,0,2,11:32 PM,2:50,,,Leuer REBOUND (Off:1 Def:4),,,5.0,202720,Jon Leuer,1610612756.0,Phoenix,Suns,PHX,0,0,,,,,,0,0,,,,,
0021500381,211,1,97,2,11:32 PM,2:50,,,Leuer 2' Tip Layup Shot (7 PTS),46 - 51,5,5.0,202720,Jon Leuer,1610612756.0,Phoenix,Suns,PHX,0,0,,,,,,0,0,,,,,
0021500381,213,1,79,2,11:32 PM,2:36,Green 28' 3PT Pullup Jump Shot (12 PTS) (Curry 5 AST),,,46 - 54,8,4.0,203110,Draymond Green,1610612744.0,Golden State,Warriors,GSW,4,201939,Stephen Curry,1610612744.0,Golden State,Warriors,GSW,0,0,,,,,
0021500381,214,5,1,2,11:33 PM,2:19,Bogut STEAL (1 STL),,Chandler Bad Pass Turnover (P1.T8),,,5.0,2199,Tyson Chandler,1610612756.0,Phoenix,Suns,PHX,4,101106,Andrew Bogut,1610612744.0,Golden State,Warriors,GSW,0,0,,,,,
0021500381,215,1,74,2,11:33 PM,2:12,Curry 2' Running Reverse Layup (9 PTS),,,46 - 56,10,4.0,201939,Stephen Curry,1610612744.0,Golden State,Warriors,GSW,0,0,,,,,,0,0,,,,,
0021500381,216,5,40,2,11:33 PM,1:50,,,Leuer Out of Bounds Lost Ball Turnover (P2.T9),,,5.0,202720,Jon Leuer,1610612756.0,Phoenix,Suns,PHX,0,0,,,,,,1,0,,,,,
0021500381,217,1,79,2,11:34 PM,1:41,Curry 26' 3PT Pullup Jump Shot (12 PTS),,,46 - 59,13,4.0,201939,Stephen Curry,1610612744.0,Golden State,Warriors,GSW,0,0,,,,,,0,0,,,,,
0021500381,218,9,2,2,11:34 PM,1:40,,,Suns Timeout: Short (Reg.2 Short 1),,,3.0,1610612756,,,,,,0,0,,,,,,0,0,,,,,
0021500381,229,8,0,2,11:34 PM,1:40,,,SUB: Warren FOR Leuer,,,5.0,202720,Jon Leuer,1610612756.0,Phoenix,Suns,PHX,5,203933,TJ Warren,1610612756.0,Phoenix,Suns,PHX,0,0,,,,,
0021500381,219,6,1,2,11:36 PM,1:29,Bogut P.FOUL (P3.T2) (T.Maddox),,,,,4.0,101106,Andrew Bogut,1610612744.0,Golden State,Warriors,GSW,5,202339,Eric Bledsoe,1610612756.0,Phoenix,Suns,PHX,1,0,,,,,
0021500381,220,8,0,2,11:36 PM,1:29,SUB: Rush FOR Bogut,,,,,4.0,101106,Andrew Bogut,1610612744.0,Golden State,Warriors,GSW,4,201575,Brandon Rush,1610612744.0,Golden State,Warriors,GSW,0,0,,,,,
0021500381,221,6,4,2,11:36 PM,1:17,,,Knight OFF.Foul (P2) (B.Kennedy),,,5.0,202688,Brandon Knight,1610612756.0,Phoenix,Suns,PHX,4,201939,Stephen Curry,1610612744.0,Golden State,Warriors,GSW,1,0,,,,,
0021500381,222,5,5,2,11:36 PM,1:17,,,Knight Foul Turnover (P1.T10),,,5.0,202688,Brandon Knight,1610612756.0,Phoenix,Suns,PHX,0,0,,,,,,1,0,,,,,
0021500381,223,2,1,2,11:37 PM,1:04,MISS Curry 27' 3PT Jump Shot,,,,,4.0,201939,Stephen Curry,1610612744.0,Golden State,Warriors,GSW,0,0,,,,,,0,0,,,,,
0021500381,224,4,0,2,11:37 PM,1:03,Green REBOUND (Off:2 Def:5),,,,,4.0,203110,Draymond Green,1610612744.0,Golden State,Warriors,GSW,0,0,,,,,,0,0,,,,,
0021500381,225,2,97,2,11:37 PM,1:01,MISS Green 1' Tip Layup Shot,,,,,4.0,203110,Draymond Green,1610612744.0,Golden State,Warriors,GSW,0,0,,,,,,0,0,,,,,
0021500381,226,4,0,2,11:37 PM,0:59,Green REBOUND (Off:3 Def:5),,,,,4.0,203110,Draymond Green,1610612744.0,Golden State,Warriors,GSW,0,0,,,,,,0,0,,,,,
0021500381,227,2,97,2,11:37 PM,0:59,MISS Green 2' Tip Layup Shot,,,,,4.0,203110,Draymond Green,1610612744.0,Golden State,Warriors,GSW,0,0,,,,,,0,0,,,,,
0021500381,241,4,0,2,11:37 PM,0:58,Green REBOUND (Off:4 Def:5),,,,,4.0,203110,Draymond Green,1610612744.0,Golden State,Warriors,GSW,0,0,,,,,,0,0,,,,,
0021500381,242,2,97,2,11:37 PM,0:58,MISS Green 1' Tip Layup Shot,,Tucker BLOCK (1 BLK),,,4.0,203110,Draymond Green,1610612744.0,Golden State,Warriors,GSW,0,0,,,,,,5,200782,PJ Tucker,1610612756.0,Phoenix,Suns,PHX
0021500381,228,4,0,2,11:37 PM,0:57,,,Warren REBOUND (Off:0 Def:4),,,5.0,203933,TJ Warren,1610612756.0,Phoenix,Suns,PHX,0,0,,,,,,0,0,,,,,
0021500381,230,2,5,2,11:37 PM,0:39,Green BLOCK (1 BLK),,MISS Bledsoe 3' Layup,,,5.0,202339,Eric Bledsoe,1610612756.0,Phoenix,Suns,PHX,0,0,,,,,,4,203110,Draymond Green,1610612744.0,Golden State,Warriors,GSW
0021500381,231,4,0,2,11:37 PM,0:36,,,Suns Rebound,,,3.0,1610612756,,,,,,0,0,,,,,,0,0,,,,,
0021500381,232,10,0,2,11:38 PM,0:34,Jump Ball Green vs. Tucker: Tip to Warren,,,,,4.0,203110,Draymond Green,1610612744.0,Golden State,Warriors,GSW,5,200782,PJ Tucker,1610612756.0,Phoenix,Suns,PHX,5,203933,TJ Warren,1610612756.0,Phoenix,Suns,PHX
0021500381,234,2,1,2,11:39 PM,0:25,,,MISS Warren 13' Jump Shot,,,5.0,203933,TJ Warren,1610612756.0,Phoenix,Suns,PHX,0,0,,,,,,0,0,,,,,
0021500381,235,4,0,2,11:39 PM,0:24,,,Suns Rebound,,,3.0,1610612756,,,,,,0,0,,,,,,0,0,,,,,
0021500381,236,2,1,2,11:39 PM,0:10,,,MISS Knight 28' 3PT Jump Shot,,,5.0,202688,Brandon Knight,1610612756.0,Phoenix,Suns,PHX,0,0,,,,,,0,0,,,,,
0021500381,237,4,0,2,11:39 PM,0:10,Iguodala REBOUND (Off:1 Def:3),,,,,4.0,2738,Andre Iguodala,1610612744.0,Golden State,Warriors,GSW,0,0,,,,,,0,0,,,,,
0021500381,238,2,47,2,11:40 PM,0:00,MISS Green 27' 3PT Turnaround Jump Shot,,,,,4.0,203110,Draymond Green,1610612744.0,Golden State,Warriors,GSW,0,0,,,,,,0,0,,,,,
0021500381,239,4,0,2,11:40 PM,0:00,WARRIORS Rebound,,,,,2.0,1610612744,,,,,,0,0,,,,,,0,0,,,,,
0021500381,240,13,0,2,11:40 PM,0:00,,,,46 - 59,13,0.0,0,,,,,,0,0,,,,,,0,0,,,,,
0021500381,244,12,0,3,11:57 PM,12:00,,,,46 - 59,13,0.0,0,,,,,,0,0,,,,,,0,0,,,,,
0021500381,247,6,2,3,11:58 PM,11:50,,,Tucker S.FOUL (P2.T1) (T.Maddox),,,5.0,200782,PJ Tucker,1610612756.0,Phoenix,Suns,PHX,4,202691,Klay Thompson,1610612744.0,Golden State,Warriors,GSW,1,0,,,,,
0021500381,248,3,11,3,11:58 PM,11:50,Thompson Free Throw 1 of 2 (17 PTS),,,46 - 60,14,4.0,202691,Klay Thompson,1610612744.0,Golden State,Warriors,GSW,0,0,,,,,,0,0,,,,,
0021500381,250,3,12,3,11:58 PM,11:50,Thompson Free Throw 2 of 2 (18 PTS),,,46 - 61,15,4.0,202691,Klay Thompson,1610612744.0,Golden State,Warriors,GSW,0,0,,,,,,0,0,,,,,
0021500381,252,6,1,3,11:58 PM,11:34,Curry P.FOUL (P1.T1) (B.Kennedy),,,,,4.0,201939,Stephen Curry,1610612744.0,Golden State,Warriors,GSW,5,202688,Brandon Knight,1610612756.0,Phoenix,Suns,PHX,1,0,,,,,
0021500381,253,2,1,3,11:58 PM,11:22,,,MISS Bledsoe 14' Jump Shot,,,5.0,202339,Eric Bledsoe,1610612756.0,Phoenix,Suns,PHX,0,0,,,,,,0,0,,,,,
0021500381,254,4,0,3,11:58 PM,11:22,Thompson REBOUND (Off:0 Def:2),,,,,4.0,202691,Klay Thompson,1610612744.0,Golden State,Warriors,GSW,0,0,,,,,,0,0,,,,,
0021500381,255,6,17,3,11:59 PM,11:13,,,Suns T.Foul (Def. 3 Sec Chandler ) (B.Kennedy),,,5.0,2199,Tyson Chandler,1610612756.0,Phoenix,Suns,PHX,0,0,,,,,,1,0,,,,,
0021500381,256,3,16,3,11:59 PM,11:13,Curry Free Throw Technical (13 PTS),,,46 - 62,16,4.0,201939,Stephen Curry,1610612744.0,Golden State,Warriors,GSW,0,0,,,,,,0,0,,,,,
0021500381,258,2,1,3,11:59 PM,11:05,MISS Thompson 24' 3PT Jump Shot,,,,,4.0,202691,Klay Thompson,1610612744.0,Golden State,Warriors,GSW,0,0,,,,,,0,0,,,,,
0021500381,259,4,0,3,11:59 PM,11:05,,,Chandler REBOUND (Off:0 Def:4),,,5.0,2199,Tyson Chandler,1610612756.0,Phoenix,Suns,PHX,0,0,,,,,,0,0,,,,,
0021500381,260,2,1,3,11:59 PM,10:56,,,MISS Bledsoe 17' Jump Shot,,,5.0,202339,Eric Bledsoe,1610612756.0,Phoenix,Suns,PHX,0,0,,,,,,0,0,,,,,
0021500381,261,4,0,3,11:59 PM,10:56,Bogut REBOUND (Off:1 Def:9),,,,,4.0,101106,Andrew Bogut,1610612744.0,Golden State,Warriors,GSW,0,0,,,,,,0,0,,,,,
0021500381,262,5,1,3,11:59 PM,10:51,Thompson Bad Pass Turnover (P1.T10),,Bledsoe STEAL (2 STL),,,4.0,202691,Klay Thompson,1610612744.0,Golden State,Warriors,GSW,5,202339,Eric Bledsoe,1610612756.0,Phoenix,Suns,PHX,0,0,,,,,
0021500381,263,1,42,3,11:59 PM,10:47,,,Knight 2' Driving Layup (10 PTS) (Bledsoe 7 AST),48 - 62,14,5.0,202688,Brandon Knight,1610612756.0,Phoenix,Suns,PHX,5,202339,Eric Bledsoe,1610612756.0,Phoenix,Suns,PHX,0,0,,,,,
0021500381,264,6,2,3,11:59 PM,10:47,Bogut S.FOUL (P4.T2) (T.Maddox),,,,,4.0,101106,Andrew Bogut,1610612744.0,Golden State,Warriors,GSW,5,202688,Brandon Knight,1610612756.0,Phoenix,Suns,PHX,1,0,,,,,
0021500381,265,3,10,3,12:00 AM,10:47,,,Knight Free Throw 1 of 1 (11 PTS),49 - 62,13,5.0,202688,Brandon Knight,1610612756.0,Phoenix,Suns,PHX,0,0,,,,,,0,0,,,,,
0021500381,267,2,1,3,12:00 AM,10:36,MISS Green 9' Jump Shot,,,,,4.0,203110,Draymond Green,1610612744.0,Golden State,Warriors,GSW,0,0,,,,,,0,0,,,,,
0021500381,268,4,0,3,12:00 AM,10:35,,,Bledsoe REBOUND (Off:0 Def:5),,,5.0,202339,Eric Bledsoe,1610612756.0,Phoenix,Suns,PHX,0,0,,,,,,0,0,,,,,
0021500381,269,5,1,3,12:00 AM,10:32,Thompson STEAL (1 STL),,Knight Bad Pass Turnover (P2.T11),,,5.0,202688,Brandon Knight,1610612756.0,Phoenix,Suns,PHX,4,202691,Klay Thompson,1610612744.0,Golden State,Warriors,GSW,0,0,,,,,
0021500381,270,1,76,3,12:00 AM,10:27,Thompson 1' Running Finger Roll Layup (20 PTS),,,49 - 64,15,4.0,202691,Klay Thompson,1610612744.0,Golden State,Warriors,GSW,0,0,,,,,,0,0,,,,,
0021500381,271,5,45,3,12:01 AM,10:20,,,Chandler Out of Bounds - Bad Pass Turnover Turnover (P2.T12),,,5.0,2199,Tyson Chandler,1610612756.0,Phoenix,Suns,PHX,0,0,,,,,,1,0,,,,,
0021500381,272,6,2,3,12:01 AM,10:15,,,Bledsoe S.FOUL (P2.T2) (B.Kennedy),,,5.0,202339,Eric Bledsoe,1610612756.0,Phoenix,Suns,PHX,4,201939,Stephen Curry,1610612744.0,Golden State,Warriors,GSW,1,0,,,,,
0021500381,273,3,11,3,12:01 AM,10:15,Curry Free Throw 1 of 2 (14 PTS),,,49 - 65,16,4.0,201939,Stephen Curry,1610612744.0,Golden State,Warriors,GSW,0,0,,,,,,0,0,,,,,
0021500381,275,3,12,3,12:01 AM,10:15,Curry Free Throw 2 of 2 (15 PTS),,,49 - 66,17,4.0,201939,Stephen Curry,1610612744.0,Golden State,Warriors,GSW,0,0,,,,,,0,0,,,,,
0021500381,278,5,11,3,12:02 AM,9:51,,,Suns Turnover: Shot Clock (T#13),,,3.0,1610612756,,,,,,0,0,,,,,,1,0,,,,,
0021500381,279,1,101,3,12:02 AM,9:39,Curry 11' Driving Floating Jump Shot (17 PTS) (Bogut 2 AST),,,49 - 68,19,4.0,201939,Stephen Curry,1610612744.0,Golden State,Warriors,GSW,4,101106,Andrew Bogut,1610612744.0,Golden State,Warriors,GSW,0,0,,,,,
0021500381,280,5,1,3,12:03 AM,9:20,Green STEAL (4 STL),,Knight Bad Pass Turnover (P3.T14),,,5.0,202688,Brandon Knight,1610612756.0,Phoenix,Suns,PHX,4,203110,Draymond Green,1610612744.0,Golden State,Warriors,GSW,0,0,,,,,
0021500381,281,1,41,3,12:03 AM,9:15,Curry 2' Running Layup (19 PTS) (Green 5 AST),,,49 - 70,21,4.0,201939,Stephen Curry,1610612744.0,Golden State,Warriors,GSW,4,203110,Draymond Green,1610612744.0,Golden State,Warriors,GSW,0,0,,,,,
0021500381,282,6,1,3,12:03 AM,9:10,Curry P.FOUL (P2.T3) (D.Collins),,,,,4.0,201939,Stephen Curry,1610612744.0,Golden State,Warriors,GSW,5,202339,Eric Bledsoe,1610612756.0,Phoenix,Suns,PHX,1,0,,,,,
0021500381,283,9,1,3,12:03 AM,9:10,,,Suns Timeout: Regular (Reg.3 Short 1),,,3.0,1610612756,,,,,,0,0,,,,,,0,0,,,,,
0021500381,284,6,2,3,12:06 AM,8:53,Curry S.FOUL (P3.T4) (D.Collins),,,,,4.0,201939,Stephen Curry,1610612744.0,Golden State,Warriors,GSW,5,202688,Brandon Knight,1610612756.0,Phoenix,Suns,PHX,1,0,,,,,
0021500381,285,3,11,3,12:07 AM,8:53,,,Knight Free Throw 1 of 2 (12 PTS),50 - 70,20,5.0,202688,Brandon Knight,1610612756.0,Phoenix,Suns,PHX,0,0,,,,,,0,0,,,,,
0021500381,287,3,12,3,12:07 AM,8:53,,,Knight Free Throw 2 of 2 (13 PTS),51 - 70,19,5.0,202688,Brandon Knight,1610612756.0,Phoenix,Suns,PHX,0,0,,,,,,0,0,,,,,
0021500381,289,1,1,3,12:07 AM,8:29,Thompson  3PT Jump Shot (23 PTS) (Rush 1 AST),,,51 - 73,22,4.0,202691,Klay Thompson,1610612744.0,Golden State,Warriors,GSW,4,201575,Brandon Rush,1610612744.0,Golden State,Warriors,GSW,0,0,,,,,
0021500381,290,2,1,3,12:07 AM,8:21,,,MISS Bledsoe 17' Jump Shot,,,5.0,202339,Eric Bledsoe,1610612756.0,Phoenix,Suns,PHX,0,0,,,,,,0,0,,,,,
0021500381,291,4,0,3,12:07 AM,8:20,Green REBOUND (Off:4 Def:6),,,,,4.0,203110,Draymond Green,1610612744.0,Golden State,Warriors,GSW,0,0,,,,,,0,0,,,,,
0021500381,292,6,2,3,12:08 AM,8:10,,,Knight S.FOUL (P3.T3) (B.Kennedy),,,5.0,202688,Brandon Knight,1610612756.0,Phoenix,Suns,PHX,4,203110,Draymond Green,1610612744.0,Golden State,Warriors,GSW,1,0,,,,,
0021500381,293,3,11,3,12:08 AM,8:10,Green Free Throw 1 of 2 (13 PTS),,,51 - 74,23,4.0,203110,Draymond Green,1610612744.0,Golden State,Warriors,GSW,0,0,,,,,,0,0,,,,,
0021500381,295,8,0,3,12:08 AM,8:10,,,SUB: Teletovic FOR Leuer,,,5.0,202720,Jon Leuer,1610612756.0,Phoenix,Suns,PHX,5,203141,Mirza Teletovic,1610612756.0,Phoenix,Suns,PHX,0,0,,,,,
0021500381,296,8,0,3,12:08 AM,8:10,,,SUB: Warren FOR Tucker,,,5.0,200782,PJ Tucker,1610612756.0,Phoenix,Suns,PHX,5,203933,TJ Warren,1610612756.0,Phoenix,Suns,PHX,0,0,,,,,
0021500381,297,3,12,3,12:08 AM,8:10,Green Free Throw 2 of 2 (14 PTS),,,51 - 75,24,4.0,203110,Draymond Green,1610612744.0,Golden State,Warriors,GSW,0,0,,,,,,0,0,,,,,
0021500381,299,2,1,3,12:08 AM,8:00,,,MISS Teletovic  3PT Jump Shot,,,5.0,203141,Mirza Teletovic,1610612756.0,Phoenix,Suns,PHX,0,0,,,,,,0,0,,,,,
0021500381,300,4,0,3,12:08 AM,7:59,,,Chandler REBOUND (Off:1 Def:4),,,5.0,2199,Tyson Chandler,1610612756.0,Phoenix,Suns,PHX,0,0,,,,,,0,0,,,,,
0021500381,301,1,75,3,12:09 AM,7:49,,,Knight 3' Driving Finger Roll Layup (15 PTS),53 - 75,22,5.0,202688,Brandon Knight,1610612756.0,Phoenix,Suns,PHX,0,0,,,,,,0,0,,,,,
0021500381,302,5,1,3,12:09 AM,7:36,Curry Bad Pass Turnover (P3.T11),,Chandler STEAL (1 STL),,,4.0,201939,Stephen Curry,1610612744.0,Golden State,Warriors,GSW,5,2199,Tyson Chandler,1610612756.0,Phoenix,Suns,PHX,0,0,,,,,
0021500381,303,2,5,3,12:09 AM,7:31,,,MISS Bledsoe 2' Layup,,,5.0,202339,Eric Bledsoe,1610612756.0,Phoenix,Suns,PHX,0,0,,,,,,0,0,,,,,
0021500381,305,4,0,3,12:09 AM,7:29,,,Teletovic REBOUND (Off:1 Def:1),,,5.0,203141,Mirza Teletovic,1610612756.0,Phoenix,Suns,PHX,0,0,,,,,,0,0,,,,,
0021500381,304,1,107,3,12:09 AM,7:29,,,Teletovic  Tip Dunk Shot (13 PTS),55 - 75,20,5.0,203141,Mirza Teletovic,1610612756.0,Phoenix,Suns,PHX,0,0,,,,,,0,0,,,,,
0021500381,306,1,44,3,12:09 AM,7:15,Curry 1' Reverse Layup (21 PTS) (Green 6 AST),,,55 - 77,22,4.0,201939,Stephen Curry,1610612744.0,Golden State,Warriors,GSW,4,203110,Draymond Green,1610612744.0,Golden State,Warriors,GSW,0,0,,,,,
0021500381,307,1,52,3,12:09 AM,7:03,,,Chandler  Alley Oop Dunk (6 PTS) (Teletovic 1 AST),57 - 77,20,5.0,2199,Tyson Chandler,1610612756.0,Phoenix,Suns,PHX,5,203141,Mirza Teletovic,1610612756.0,Phoenix,Suns,PHX,0,0,,,,,
0021500381,308,1,79,3,12:09 AM,6:58,Thompson 26' 3PT Pullup Jump Shot (26 PTS) (Green 7 AST),,,57 - 80,23,4.0,202691,Klay Thompson,1610612744.0,Golden State,Warriors,GSW,4,203110,Draymond Green,1610612744.0,Golden State,Warriors,GSW,0,0,,,,,
0021500381,309,2,1,3,12:10 AM,6:41,,,MISS Teletovic 19' Jump Shot,,,5.0,203141,Mirza Teletovic,1610612756.0,Phoenix,Suns,PHX,0,0,,,,,,0,0,,,,,
0021500381,310,4,0,3,12:10 AM,6:40,Bogut REBOUND (Off:1 Def:10),,,,,4.0,101106,Andrew Bogut,1610612744.0,Golden State,Warriors,GSW,0,0,,,,,,0,0,,,,,
0021500381,311,1,42,3,12:10 AM,6:35,Thompson 1' Driving Layup (28 PTS) (Curry 6 AST),,,57 - 82,25,4.0,202691,Klay Thompson,1610612744.0,Golden State,Warriors,GSW,4,201939,Stephen Curry,1610612744.0,Golden State,Warriors,GSW,0,0,,,,,
0021500381,312,2,1,3,12:10 AM,6:10,,,MISS Knight 3' Jump Shot,,,5.0,202688,Brandon Knight,1610612756.0,Phoenix,Suns,PHX,0,0,,,,,,0,0,,,,,
0021500381,313,4,0,3,12:10 AM,6:09,Bogut REBOUND (Off:1 Def:11),,,,,4.0,101106,Andrew Bogut,1610612744.0,Golden State,Warriors,GSW,0,0,,,,,,0,0,,,,,
0021500381,314,1,98,3,12:10 AM,6:03,Curry 3' Cutting Layup Shot (23 PTS) (Thompson 2 AST),,,57 - 84,27,4.0,201939,Stephen Curry,1610612744.0,Golden State,Warriors,GSW,4,202691,Klay Thompson,1610612744.0,Golden State,Warriors,GSW,0,0,,,,,
0021500381,315,9,2,3,12:11 AM,6:03,,,Suns Timeout: Short (Reg.3 Short 2),,,3.0,1610612756,,,,,,0,0,,,,,,0,0,,,,,
0021500381,316,8,0,3,12:12 AM,6:03,,,SUB: Booker FOR Chandler,,,5.0,2199,Tyson Chandler,1610612756.0,Phoenix,Suns,PHX,5,1626164,Devin Booker,1610612756.0,Phoenix,Suns,PHX,0,0,,,,,
0021500381,317,8,0,3,12:12 AM,6:03,,,SUB: Len FOR Bledsoe,,,5.0,202339,Eric Bledsoe,1610612756.0,Phoenix,Suns,PHX,5,203458,Alex Len,1610612756.0,Phoenix,Suns,PHX,0,0,,,,,
0021500381,318,2,1,3,12:12 AM,5:47,,,MISS Knight 12' Jump Shot,,,5.0,202688,Brandon Knight,1610612756.0,Phoenix,Suns,PHX,0,0,,,,,,0,0,,,,,
0021500381,319,4,0,3,12:12 AM,5:47,Rush REBOUND (Off:0 Def:3),,,,,4.0,201575,Brandon Rush,1610612744.0,Golden State,Warriors,GSW,0,0,,,,,,0,0,,,,,
0021500381,320,1,41,3,12:12 AM,5:41,Thompson 1' Running Layup (30 PTS),,,57 - 86,29,4.0,202691,Klay Thompson,1610612744.0,Golden State,Warriors,GSW,0,0,,,,,,0,0,,,,,
0021500381,321,1,1,3,12:12 AM,5:21,,,Len 17' Jump Shot (2 PTS) (Booker 2 AST),59 - 86,27,5.0,203458,Alex Len,1610612756.0,Phoenix,Suns,PHX,5,1626164,Devin Booker,1610612756.0,Phoenix,Suns,PHX,0,0,,,,,
0021500381,322,1,79,3,12:13 AM,5:09,Thompson 26' 3PT Pullup Jump Shot (33 PTS) (Curry 7 AST),,,59 - 89,30,4.0,202691,Klay Thompson,1610612744.0,Golden State,Warriors,GSW,4,201939,Stephen Curry,1610612744.0,Golden State,Warriors,GSW,0,0,,,,,
0021500381,323,5,40,3,12:13 AM,4:48,,,Warren Out of Bounds Lost Ball Turnover (P1.T15),,,5.0,203933,TJ Warren,1610612756.0,Phoenix,Suns,PHX,0,0,,,,,,1,0,,,,,
0021500381,324,8,0,3,12:13 AM,4:48,SUB: Iguodala FOR Rush,,,,,4.0,201575,Brandon Rush,1610612744.0,Golden State,Warriors,GSW,4,2738,Andre Iguodala,1610612744.0,Golden State,Warriors,GSW,0,0,,,,,
0021500381,325,8,0,3,12:13 AM,4:48,,,SUB: Price FOR Knight,,,5.0,202688,Brandon Knight,1610612756.0,Phoenix,Suns,PHX,5,101179,Ronnie Price,1610612756.0,Phoenix,Suns,PHX,0,0,,,,,
0021500381,326,2,46,3,12:13 AM,4:40,MISS Green 11' Running Jump Shot,,,,,4.0,203110,Draymond Green,1610612744.0,Golden State,Warriors,GSW,0,0,,,,,,0,0,,,,,
0021500381,327,4,0,3,12:13 AM,4:40,,,Len REBOUND (Off:0 Def:4),,,5.0,203458,Alex Len,1610612756.0,Phoenix,Suns,PHX,0,0,,,,,,0,0,,,,,
0021500381,328,1,1,3,12:14 AM,4:27,,,Teletovic 16' Jump Shot (15 PTS) (Len 1 AST),61 - 89,28,5.0,203141,Mirza Teletovic,1610612756.0,Phoenix,Suns,PHX,5,203458,Alex Len,1610612756.0,Phoenix,Suns,PHX,0,0,,,,,
0021500381,329,6,1,3,12:14 AM,4:16,,,Booker P.FOUL (P1.T4) (B.Kennedy),,,5.0,1626164,Devin Booker,1610612756.0,Phoenix,Suns,PHX,4,202691,Klay Thompson,1610612744.0,Golden State,Warriors,GSW,1,0,,,,,
0021500381,330,1,1,3,12:14 AM,4:10,Thompson 12' Jump Shot (35 PTS),,,61 - 91,30,4.0,202691,Klay Thompson,1610612744.0,Golden State,Warriors,GSW,0,0,,,,,,0,0,,,,,
0021500381,331,2,1,3,12:14 AM,3:59,,,MISS Booker 26' 3PT Jump Shot,,,5.0,1626164,Devin Booker,1610612756.0,Phoenix,Suns,PHX,0,0,,,,,,0,0,,,,,
0021500381,332,4,0,3,12:15 AM,3:57,Green REBOUND (Off:4 Def:7),,,,,4.0,203110,Draymond Green,1610612744.0,Golden State,Warriors,GSW,0,0,,,,,,0,0,,,,,
0021500381,333,6,2,3,12:15 AM,3:45,,,Booker S.FOUL (P2.PN) (D.Collins),,,5.0,1626164,Devin Booker,1610612756.0,Phoenix,Suns,PHX,4,202691,Klay Thompson,1610612744.0,Golden State,Warriors,GSW,1,0,,,,,
0021500381,334,3,13,3,12:15 AM,3:45,Thompson Free Throw 1 of 3 (36 PTS),,,61 - 92,31,4.0,202691,Klay Thompson,1610612744.0,Golden State,Warriors,GSW,0,0,,,,,,0,0,,,,,
0021500381,336,3,14,3,12:15 AM,3:45,Thompson Free Throw 2 of 3 (37 PTS),,,61 - 93,32,4.0,202691,Klay Thompson,1610612744.0,Golden State,Warriors,GSW,0,0,,,,,,0,0,,,,,
0021500381,338,3,15,3,12:15 AM,3:45,Thompson Free Throw 3 of 3 (38 PTS),,,61 - 94,33,4.0,202691,Klay Thompson,1610612744.0,Golden State,Warriors,GSW,0,0,,,,,,0,0,,,,,
0021500381,340,2,1,3,12:16 AM,3:28,,,MISS Len 17' Jump Shot,,,5.0,203458,Alex Len,1610612756.0,Phoenix,Suns,PHX,0,0,,,,,,0,0,,,,,
0021500381,341,4,0,3,12:16 AM,3:27,Curry REBOUND (Off:0 Def:1),,,,,4.0,201939,Stephen Curry,1610612744.0,Golden State,Warriors,GSW,0,0,,,,,,0,0,,,,,
0021500381,342,1,108,3,12:16 AM,3:22,Green  Cutting Dunk Shot (16 PTS) (Bogut 3 AST),,,61 - 96,35,4.0,203110,Draymond Green,1610612744.0,Golden State,Warriors,GSW,4,101106,Andrew Bogut,1610612744.0,Golden State,Warriors,GSW,0,0,,,,,
0021500381,343,5,1,3,12:16 AM,3:03,Curry STEAL (1 STL),,Booker Bad Pass Turnover (P2.T16),,,5.0,1626164,Devin Booker,1610612756.0,Phoenix,Suns,PHX,4,201939,Stephen Curry,1610612744.0,Golden State,Warriors,GSW,0,0,,,,,
0021500381,344,6,1,3,12:16 AM,2:59,,,Teletovic P.FOUL (P1.PN) (D.Collins),,,5.0,203141,Mirza Teletovic,1610612756.0,Phoenix,Suns,PHX,4,201939,Stephen Curry,1610612744.0,Golden State,Warriors,GSW,1,0,,,,,
0021500381,345,9,1,3,12:17 AM,2:59,WARRIORS Timeout: Regular (Full 3 Short 0),,,,,2.0,1610612744,,,,,,0,0,,,,,,0,0,,,,,
0021500381,347,8,0,3,12:19 AM,2:59,SUB: Ezeli FOR Bogut,,,,,4.0,101106,Andrew Bogut,1610612744.0,Golden State,Warriors,GSW,4,203105,Festus Ezeli,1610612744.0,Golden State,Warriors,GSW,0,0,,,,,
0021500381,348,3,11,3,12:19 AM,2:59,MISS Curry Free Throw 1 of 2,,,,,4.0,201939,Stephen Curry,1610612744.0,Golden State,Warriors,GSW,0,0,,,,,,0,0,,,,,
0021500381,349,4,1,3,12:19 AM,2:59,WARRIORS Rebound,,,,,2.0,1610612744,,,,,,0,0,,,,,,0,0,,,,,
0021500381,350,3,12,3,12:20 AM,2:59,MISS Curry Free Throw 2 of 2,,,,,4.0,201939,Stephen Curry,1610612744.0,Golden State,Warriors,GSW,0,0,,,,,,0,0,,,,,
0021500381,352,4,0,3,12:20 AM,2:57,,,Price REBOUND (Off:0 Def:1),,,5.0,101179,Ronnie Price,1610612756.0,Phoenix,Suns,PHX,0,0,,,,,,0,0,,,,,
0021500381,355,6,1,3,12:21 AM,2:50,Ezeli P.FOUL (P1.PN) (D.Collins),,,,,4.0,203105,Festus Ezeli,1610612744.0,Golden State,Warriors,GSW,5,203933,TJ Warren,1610612756.0,Phoenix,Suns,PHX,1,0,,,,,
0021500381,357,3,11,3,12:21 AM,2:50,,,MISS Warren Free Throw 1 of 2,,,5.0,203933,TJ Warren,1610612756.0,Phoenix,Suns,PHX,0,0,,,,,,0,0,,,,,
0021500381,359,4,0,3,12:21 AM,2:50,,,Suns Rebound,,,3.0,1610612756,,,,,,0,0,,,,,,0,0,,,,,
0021500381,358,3,12,3,12:21 AM,2:50,,,Warren Free Throw 2 of 2 (11 PTS),62 - 96,34,5.0,203933,TJ Warren,1610612756.0,Phoenix,Suns,PHX,0,0,,,,,,0,0,,,,,
0021500381,361,1,1,3,12:21 AM,2:27,Thompson 18' Jump Shot (40 PTS) (Green 8 AST),,,62 - 98,36,4.0,202691,Klay Thompson,1610612744.0,Golden State,Warriors,GSW,4,203110,Draymond Green,1610612744.0,Golden State,Warriors,GSW,0,0,,,,,
0021500381,362,6,1,3,12:22 AM,2:05,Curry P.FOUL (P4.PN) (T.Maddox),,,,,4.0,201939,Stephen Curry,1610612744.0,Golden State,Warriors,GSW,5,101179,Ronnie Price,1610612756.0,Phoenix,Suns,PHX,1,0,,,,,
0021500381,364,3,13,3,12:23 AM,2:05,,,Price Free Throw 1 of 3 (1 PTS),63 - 98,35,5.0,101179,Ronnie Price,1610612756.0,Phoenix,Suns,PHX,0,0,,,,,,0,0,,,,,
0021500381,366,3,14,3,12:23 AM,2:05,,,Price Free Throw 2 of 3 (2 PTS),64 - 98,34,5.0,101179,Ronnie Price,1610612756.0,Phoenix,Suns,PHX,0,0,,,,,,0,0,,,,,
0021500381,368,3,15,3,12:23 AM,2:05,,,Price Free Throw 3 of 3 (3 PTS),65 - 98,33,5.0,101179,Ronnie Price,1610612756.0,Phoenix,Suns,PHX,0,0,,,,,,0,0,,,,,
0021500381,370,1,1,3,12:24 AM,1:47,Thompson 26' 3PT Jump Shot (43 PTS),,,65 - 101,36,4.0,202691,Klay Thompson,1610612744.0,Golden State,Warriors,GSW,0,0,,,,,,0,0,,,,,
0021500381,371,2,1,3,12:24 AM,1:32,,,MISS Price 26' 3PT Jump Shot,,,5.0,101179,Ronnie Price,1610612756.0,Phoenix,Suns,PHX,0,0,,,,,,0,0,,,,,
0021500381,372,4,0,3,12:24 AM,1:32,Ezeli REBOUND (Off:1 Def:3),,,,,4.0,203105,Festus Ezeli,1610612744.0,Golden State,Warriors,GSW,0,0,,,,,,0,0,,,,,
0021500381,373,5,1,3,12:24 AM,1:29,Ezeli Bad Pass Turnover (P1.T12),,Price STEAL (1 STL),,,4.0,203105,Festus Ezeli,1610612744.0,Golden State,Warriors,GSW,5,101179,Ronnie Price,1610612756.0,Phoenix,Suns,PHX,0,0,,,,,
0021500381,374,2,1,3,12:24 AM,1:24,,,MISS Booker 27' 3PT Jump Shot,,,5.0,1626164,Devin Booker,1610612756.0,Phoenix,Suns,PHX,0,0,,,,,,0,0,,,,,
0021500381,375,4,0,3,12:24 AM,1:23,Ezeli REBOUND (Off:1 Def:4),,,,,4.0,203105,Festus Ezeli,1610612744.0,Golden State,Warriors,GSW,0,0,,,,,,0,0,,,,,
0021500381,376,5,2,3,12:24 AM,1:18,Green Lost Ball Turnover (P2.T13),,Price STEAL (2 STL),,,4.0,203110,Draymond Green,1610612744.0,Golden State,Warriors,GSW,5,101179,Ronnie Price,1610612756.0,Phoenix,Suns,PHX,0,0,,,,,
0021500381,377,5,2,3,12:24 AM,1:14,Iguodala STEAL (1 STL),,Teletovic Lost Ball Turnover (P1.T17),,,5.0,203141,Mirza Teletovic,1610612756.0,Phoenix,Suns,PHX,4,2738,Andre Iguodala,1610612744.0,Golden State,Warriors,GSW,0,0,,,,,
0021500381,378,2,1,3,12:24 AM,1:08,MISS Thompson 30' 3PT Jump Shot,,,,,4.0,202691,Klay Thompson,1610612744.0,Golden State,Warriors,GSW,0,0,,,,,,0,0,,,,,
0021500381,379,4,0,3,12:24 AM,1:08,,,Warren REBOUND (Off:0 Def:5),,,5.0,203933,TJ Warren,1610612756.0,Phoenix,Suns,PHX,0,0,,,,,,0,0,,,,,
0021500381,380,5,1,3,12:25 AM,0:53,Green STEAL (5 STL),,Len Bad Pass Turnover (P1.T18),,,5.0,203458,Alex Len,1610612756.0,Phoenix,Suns,PHX,4,203110,Draymond Green,1610612744.0,Golden State,Warriors,GSW,0,0,,,,,
0021500381,381,1,1,3,12:25 AM,0:48,Curry 20' Jump Shot (25 PTS) (Green 9 AST),,,65 - 103,38,4.0,201939,Stephen Curry,1610612744.0,Golden State,Warriors,GSW,4,203110,Draymond Green,1610612744.0,Golden State,Warriors,GSW,0,0,,,,,
0021500381,382,2,1,3,12:25 AM,0:28,,,MISS Warren 26' 3PT Jump Shot,,,5.0,203933,TJ Warren,1610612756.0,Phoenix,Suns,PHX,0,0,,,,,,0,0,,,,,
0021500381,383,4,0,3,12:25 AM,0:27,,,Len REBOUND (Off:1 Def:4),,,5.0,203458,Alex Len,1610612756.0,Phoenix,Suns,PHX,0,0,,,,,,0,0,,,,,
0021500381,384,2,1,3,12:25 AM,0:24,,,MISS Booker 26' 3PT Jump Shot,,,5.0,1626164,Devin Booker,1610612756.0,Phoenix,Suns,PHX,0,0,,,,,,0,0,,,,,
0021500381,385,4,0,3,12:25 AM,0:23,Curry REBOUND (Off:0 Def:2),,,,,4.0,201939,Stephen Curry,1610612744.0,Golden State,Warriors,GSW,0,0,,,,,,0,0,,,,,
0021500381,386,1,49,3,12:25 AM,0:14,Ezeli 2' Driving Dunk (6 PTS) (Green 10 AST),,,65 - 105,40,4.0,203105,Festus Ezeli,1610612744.0,Golden State,Warriors,GSW,4,203110,Draymond Green,1610612744.0,Golden State,Warriors,GSW,0,0,,,,,
0021500381,387,2,1,3,12:26 AM,0:01,,,MISS Price 9' Jump Shot,,,5.0,101179,Ronnie Price,1610612756.0,Phoenix,Suns,PHX,0,0,,,,,,0,0,,,,,
0021500381,388,4,0,3,12:26 AM,0:00,Thompson REBOUND (Off:0 Def:3),,,,,4.0,202691,Klay Thompson,1610612744.0,Golden State,Warriors,GSW,0,0,,,,,,0,0,,,,,
0021500381,389,13,0,3,12:26 AM,0:00,,,,65 - 105,40,0.0,0,,,,,,0,0,,,,,,0,0,,,,,
0021500381,391,12,0,4,12:30 AM,12:00,,,,65 - 105,40,0.0,0,,,,,,0,0,,,,,,0,0,,,,,
0021500381,392,5,2,4,12:30 AM,11:45,Livingston STEAL (1 STL),,Teletovic Lost Ball Turnover (P2.T19),,,5.0,203141,Mirza Teletovic,1610612756.0,Phoenix,Suns,PHX,4,2733,Shaun Livingston,1610612744.0,Golden State,Warriors,GSW,0,0,,,,,
0021500381,393,6,2,4,12:30 AM,11:27,,,Warren S.FOUL (P1.T1) (B.Kennedy),,,5.0,203933,TJ Warren,1610612756.0,Phoenix,Suns,PHX,4,203105,Festus Ezeli,1610612744.0,Golden State,Warriors,GSW,1,0,,,,,
0021500381,394,3,11,4,12:31 AM,11:27,MISS Ezeli Free Throw 1 of 2,,,,,4.0,203105,Festus Ezeli,1610612744.0,Golden State,Warriors,GSW,0,0,,,,,,0,0,,,,,
0021500381,395,4,1,4,12:31 AM,11:27,WARRIORS Rebound,,,,,2.0,1610612744,,,,,,0,0,,,,,,0,0,,,,,
0021500381,396,3,12,4,12:31 AM,11:27,Ezeli Free Throw 2 of 2 (7 PTS),,,65 - 106,41,4.0,203105,Festus Ezeli,1610612744.0,Golden State,Warriors,GSW,0,0,,,,,,0,0,,,,,
0021500381,398,1,63,4,12:31 AM,11:13,,,Teletovic 16' Fadeaway Jumper (17 PTS) (Goodwin 1 AST),67 - 106,39,5.0,203141,Mirza Teletovic,1610612756.0,Phoenix,Suns,PHX,5,203462,Archie Goodwin,1610612756.0,Phoenix,Suns,PHX,0,0,,,,,
0021500381,399,2,1,4,12:31 AM,10:59,MISS Speights 3' Jump Shot,,Warren BLOCK (2 BLK),,,4.0,201578,Marreese Speights,1610612744.0,Golden State,Warriors,GSW,0,0,,,,,,5,203933,TJ Warren,1610612756.0,Phoenix,Suns,PHX
0021500381,400,4,0,4,12:31 AM,10:58,,,Goodwin REBOUND (Off:0 Def:1),,,5.0,203462,Archie Goodwin,1610612756.0,Phoenix,Suns,PHX,0,0,,,,,,0,0,,,,,
0021500381,401,1,42,4,12:31 AM,10:54,,,Knight 1' Driving Layup (17 PTS) (Goodwin 2 AST),69 - 106,37,5.0,202688,Brandon Knight,1610612756.0,Phoenix,Suns,PHX,5,203462,Archie Goodwin,1610612756.0,Phoenix,Suns,PHX,0,0,,,,,
0021500381,402,6,2,4,12:32 AM,10:32,,,Warren S.FOUL (P2.T2) (B.Kennedy),,,5.0,203933,TJ Warren,1610612756.0,Phoenix,Suns,PHX,4,201578,Marreese Speights,1610612744.0,Golden State,Warriors,GSW,1,0,,,,,
0021500381,403,3,11,4,12:32 AM,10:32,Speights Free Throw 1 of 2 (1 PTS),,,69 - 107,38,4.0,201578,Marreese Speights,1610612744.0,Golden State,Warriors,GSW,0,0,,,,,,0,0,,,,,
0021500381,405,8,0,4,12:32 AM,10:32,SUB: Rush FOR Ezeli,,,,,4.0,203105,Festus Ezeli,1610612744.0,Golden State,Warriors,GSW,4,201575,Brandon Rush,1610612744.0,Golden State,Warriors,GSW,0,0,,,,,
0021500381,406,3,12,4,12:32 AM,10:32,Speights Free Throw 2 of 2 (2 PTS),,,69 - 108,39,4.0,201578,Marreese Speights,1610612744.0,Golden State,Warriors,GSW,0,0,,,,,,0,0,,,,,
0021500381,408,1,42,4,12:33 AM,10:20,,,Goodwin 2' Driving Layup (2 PTS) (Teletovic 2 AST),71 - 108,37,5.0,203462,Archie Goodwin,1610612756.0,Phoenix,Suns,PHX,5,203141,Mirza Teletovic,1610612756.0,Phoenix,Suns,PHX,0,0,,,,,
0021500381,409,1,42,4,12:33 AM,10:13,Barbosa 1' Driving Layup (4 PTS),,,71 - 110,39,4.0,2571,Leandro Barbosa,1610612744.0,Golden State,Warriors,GSW,0,0,,,,,,0,0,,,,,
0021500381,410,1,71,4,12:33 AM,9:58,,,Teletovic 1' Finger Roll Layup (19 PTS) (Knight 2 AST),73 - 110,37,5.0,203141,Mirza Teletovic,1610612756.0,Phoenix,Suns,PHX,5,202688,Brandon Knight,1610612756.0,Phoenix,Suns,PHX,0,0,,,,,
0021500381,411,2,1,4,12:33 AM,9:47,MISS Livingston 9' Jump Shot,,,,,4.0,2733,Shaun Livingston,1610612744.0,Golden State,Warriors,GSW,0,0,,,,,,0,0,,,,,
0021500381,412,4,0,4,12:33 AM,9:46,Speights REBOUND (Off:1 Def:0),,,,,4.0,201578,Marreese Speights,1610612744.0,Golden State,Warriors,GSW,0,0,,,,,,0,0,,,,,
0021500381,413,1,66,4,12:33 AM,9:44,Speights 4' Jump Bank Shot (4 PTS),,,73 - 112,39,4.0,201578,Marreese Speights,1610612744.0,Golden State,Warriors,GSW,0,0,,,,,,0,0,,,,,
0021500381,414,2,1,4,12:33 AM,9:33,,,MISS Goodwin 28' 3PT Jump Shot,,,5.0,203462,Archie Goodwin,1610612756.0,Phoenix,Suns,PHX,0,0,,,,,,0,0,,,,,
0021500381,415,4,0,4,12:33 AM,9:32,Livingston REBOUND (Off:0 Def:2),,,,,4.0,2733,Shaun Livingston,1610612744.0,Golden State,Warriors,GSW,0,0,,,,,,0,0,,,,,
0021500381,416,2,1,4,12:33 AM,9:27,MISS Barbosa 26' 3PT Jump Shot,,,,,4.0,2571,Leandro Barbosa,1610612744.0,Golden State,Warriors,GSW,0,0,,,,,,0,0,,,,,
0021500381,417,4,0,4,12:34 AM,9:26,,,Teletovic REBOUND (Off:1 Def:2),,,5.0,203141,Mirza Teletovic,1610612756.0,Phoenix,Suns,PHX,0,0,,,,,,0,0,,,,,
0021500381,418,1,1,4,12:34 AM,9:13,,,Teletovic 27' 3PT Jump Shot (22 PTS) (Warren 2 AST),76 - 112,36,5.0,203141,Mirza Teletovic,1610612756.0,Phoenix,Suns,PHX,5,203933,TJ Warren,1610612756.0,Phoenix,Suns,PHX,0,0,,,,,
0021500381,419,6,4,4,12:34 AM,8:55,Speights OFF.Foul (P1) (D.Collins),,,,,4.0,201578,Marreese Speights,1610612744.0,Golden State,Warriors,GSW,5,203141,Mirza Teletovic,1610612756.0,Phoenix,Suns,PHX,1,0,,,,,
0021500381,420,5,5,4,12:34 AM,8:55,Speights Foul Turnover (P1.T14),,,,,4.0,201578,Marreese Speights,1610612744.0,Golden State,Warriors,GSW,0,0,,,,,,1,0,,,,,
0021500381,421,9,4,4,12:34 AM,8:55,,,,,,1.0,0,,,,,,0,0,,,,,,0,0,,,,,
0021500381,423,6,2,4,12:37 AM,8:37,Speights S.FOUL (P2.T1) (T.Maddox),,,,,4.0,201578,Marreese Speights,1610612744.0,Golden State,Warriors,GSW,5,203462,Archie Goodwin,1610612756.0,Phoenix,Suns,PHX,1,0,,,,,
0021500381,424,3,11,4,12:38 AM,8:37,,,Goodwin Free Throw 1 of 2 (3 PTS),77 - 112,35,5.0,203462,Archie Goodwin,1610612756.0,Phoenix,Suns,PHX,0,0,,,,,,0,0,,,,,
0021500381,426,3,12,4,12:38 AM,8:37,,,Goodwin Free Throw 2 of 2 (4 PTS),78 - 112,34,5.0,203462,Archie Goodwin,1610612756.0,Phoenix,Suns,PHX,0,0,,,,,,0,0,,,,,
0021500381,428,2,1,4,12:38 AM,8:19,MISS Barbosa 25' 3PT Jump Shot,,,,,4.0,2571,Leandro Barbosa,1610612744.0,Golden State,Warriors,GSW,0,0,,,,,,0,0,,,,,
0021500381,429,4,0,4,12:38 AM,8:18,,,Teletovic REBOUND (Off:1 Def:3),,,5.0,203141,Mirza Teletovic,1610612756.0,Phoenix,Suns,PHX,0,0,,,,,,0,0,,,,,
0021500381,430,2,1,4,12:38 AM,8:09,Livingston BLOCK (1 BLK),,MISS Knight 4' Jump Shot,,,5.0,202688,Brandon Knight,1610612756.0,Phoenix,Suns,PHX,0,0,,,,,,4,2733,Shaun Livingston,1610612744.0,Golden State,Warriors,GSW
0021500381,431,4,0,4,12:38 AM,8:08,Iguodala REBOUND (Off:1 Def:4),,,,,4.0,2738,Andre Iguodala,1610612744.0,Golden State,Warriors,GSW,0,0,,,,,,0,0,,,,,
0021500381,432,2,1,4,12:39 AM,7:58,MISS Livingston  3PT Jump Shot,,,,,4.0,2733,Shaun Livingston,1610612744.0,Golden State,Warriors,GSW,0,0,,,,,,0,0,,,,,
0021500381,433,4,0,4,12:39 AM,7:58,,,Goodwin REBOUND (Off:0 Def:2),,,5.0,203462,Archie Goodwin,1610612756.0,Phoenix,Suns,PHX,0,0,,,,,,0,0,,,,,
0021500381,434,6,4,4,12:39 AM,7:52,,,Goodwin OFF.Foul (P1) (B.Kennedy),,,5.0,203462,Archie Goodwin,1610612756.0,Phoenix,Suns,PHX,4,201578,Marreese Speights,1610612744.0,Golden State,Warriors,GSW,1,0,,,,,
0021500381,435,5,5,4,12:39 AM,7:52,,,Goodwin Foul Turnover (P1.T20),,,5.0,203462,Archie Goodwin,1610612756.0,Phoenix,Suns,PHX,0,0,,,,,,1,0,,,,,
0021500381,436,1,42,4,12:39 AM,7:37,Speights 2' Driving Layup (6 PTS) (Rush 2 AST),,,78 - 114,36,4.0,201578,Marreese Speights,1610612744.0,Golden State,Warriors,GSW,4,201575,Brandon Rush,1610612744.0,Golden State,Warriors,GSW,0,0,,,,,
0021500381,437,1,5,4,12:40 AM,7:17,,,Teletovic 2' Layup (24 PTS) (Bledsoe 8 AST),80 - 114,34,5.0,203141,Mirza Teletovic,1610612756.0,Phoenix,Suns,PHX,5,202339,Eric Bledsoe,1610612756.0,Phoenix,Suns,PHX,0,0,,,,,
0021500381,438,1,85,4,12:40 AM,7:02,Iguodala 8' Turnaround Bank Shot (2 PTS),,,80 - 116,36,4.0,2738,Andre Iguodala,1610612744.0,Golden State,Warriors,GSW,0,0,,,,,,0,0,,,,,
0021500381,439,6,2,4,12:40 AM,7:02,,,Teletovic S.FOUL (P2.T3) (B.Kennedy),,,5.0,203141,Mirza Teletovic,1610612756.0,Phoenix,Suns,PHX,4,2738,Andre Iguodala,1610612744.0,Golden State,Warriors,GSW,1,0,,,,,
0021500381,440,3,10,4,12:40 AM,7:02,Iguodala Free Throw 1 of 1 (3 PTS),,,80 - 117,37,4.0,2738,Andre Iguodala,1610612744.0,Golden State,Warriors,GSW,0,0,,,,,,0,0,,,,,
0021500381,442,5,1,4,12:41 AM,6:44,Barbosa STEAL (2 STL),,Goodwin Bad Pass Turnover (P2.T21),,,5.0,203462,Archie Goodwin,1610612756.0,Phoenix,Suns,PHX,4,2571,Leandro Barbosa,1610612744.0,Golden State,Warriors,GSW,0,0,,,,,
0021500381,443,1,42,4,12:41 AM,6:38,Iguodala 2' Driving Layup (5 PTS) (Barbosa 3 AST),,,80 - 119,39,4.0,2738,Andre Iguodala,1610612744.0,Golden State,Warriors,GSW,4,2571,Leandro Barbosa,1610612744.0,Golden State,Warriors,GSW,0,0,,,,,
0021500381,444,2,1,4,12:41 AM,6:26,,,MISS Goodwin 25' 3PT Jump Shot,,,5.0,203462,Archie Goodwin,1610612756.0,Phoenix,Suns,PHX,0,0,,,,,,0,0,,,,,
0021500381,445,4,0,4,12:41 AM,6:26,,,Warren REBOUND (Off:1 Def:5),,,5.0,203933,TJ Warren,1610612756.0,Phoenix,Suns,PHX,0,0,,,,,,0,0,,,,,
0021500381,446,1,1,4,12:41 AM,6:21,,,Warren 12' Jump Shot (13 PTS),82 - 119,37,5.0,203933,TJ Warren,1610612756.0,Phoenix,Suns,PHX,0,0,,,,,,0,0,,,,,
0021500381,447,9,1,4,12:41 AM,6:20,WARRIORS Timeout: Regular (Full 4 Short 0),,,,,2.0,1610612744,,,,,,0,0,,,,,,0,0,,,,,
0021500381,450,8,0,4,12:41 AM,6:20,,,SUB: Price FOR Knight,,,5.0,202688,Brandon Knight,1610612756.0,Phoenix,Suns,PHX,5,101179,Ronnie Price,1610612756.0,Phoenix,Suns,PHX,0,0,,,,,
0021500381,451,8,0,4,12:41 AM,6:20,,,SUB: Weems FOR Bledsoe,,,5.0,202339,Eric Bledsoe,1610612756.0,Phoenix,Suns,PHX,5,201603,Sonny Weems,1610612756.0,Phoenix,Suns,PHX,0,0,,,,,
0021500381,452,8,0,4,12:41 AM,6:20,,,SUB: Len FOR Teletovic,,,5.0,203141,Mirza Teletovic,1610612756.0,Phoenix,Suns,PHX,5,203458,Alex Len,1610612756.0,Phoenix,Suns,PHX,0,0,,,,,
0021500381,453,8,0,4,12:41 AM,6:20,SUB: Clark FOR Iguodala,,,,,4.0,2738,Andre Iguodala,1610612744.0,Golden State,Warriors,GSW,4,203546,Ian Clark,1610612744.0,Golden State,Warriors,GSW,0,0,,,,,
0021500381,449,1,49,4,12:44 AM,6:02,Speights  Driving Dunk (8 PTS) (Livingston 4 AST),,,82 - 121,39,4.0,201578,Marreese Speights,1610612744.0,Golden State,Warriors,GSW,4,2733,Shaun Livingston,1610612744.0,Golden State,Warriors,GSW,0,0,,,,,
0021500381,454,2,1,4,12:45 AM,5:40,,,MISS Warren 11' Jump Shot,,,5.0,203933,TJ Warren,1610612756.0,Phoenix,Suns,PHX,0,0,,,,,,0,0,,,,,
0021500381,455,4,0,4,12:45 AM,5:39,Clark REBOUND (Off:0 Def:1),,,,,4.0,203546,Ian Clark,1610612744.0,Golden State,Warriors,GSW,0,0,,,,,,0,0,,,,,
0021500381,456,2,1,4,12:45 AM,5:30,MISS Speights 19' Jump Shot,,,,,4.0,201578,Marreese Speights,1610612744.0,Golden State,Warriors,GSW,0,0,,,,,,0,0,,,,,
0021500381,457,4,0,4,12:45 AM,5:29,,,Goodwin REBOUND (Off:0 Def:3),,,5.0,203462,Archie Goodwin,1610612756.0,Phoenix,Suns,PHX,0,0,,,,,,0,0,,,,,
0021500381,458,2,1,4,12:45 AM,5:11,,,MISS Price 18' Jump Shot,,,5.0,101179,Ronnie Price,1610612756.0,Phoenix,Suns,PHX,0,0,,,,,,0,0,,,,,
0021500381,459,4,0,4,12:45 AM,5:10,,,Price REBOUND (Off:1 Def:1),,,5.0,101179,Ronnie Price,1610612756.0,Phoenix,Suns,PHX,0,0,,,,,,0,0,,,,,
0021500381,460,1,1,4,12:45 AM,5:04,,,Warren 18' Jump Shot (15 PTS) (Price 1 AST),84 - 121,37,5.0,203933,TJ Warren,1610612756.0,Phoenix,Suns,PHX,5,101179,Ronnie Price,1610612756.0,Phoenix,Suns,PHX,0,0,,,,,
0021500381,461,1,78,4,12:46 AM,4:39,Clark 15' Floating Jump Shot (2 PTS),,,84 - 123,39,4.0,203546,Ian Clark,1610612744.0,Golden State,Warriors,GSW,0,0,,,,,,0,0,,,,,
0021500381,462,2,1,4,12:46 AM,4:14,,,MISS Len 14' Jump Shot,,,5.0,203458,Alex Len,1610612756.0,Phoenix,Suns,PHX,0,0,,,,,,0,0,,,,,
0021500381,464,4,0,4,12:46 AM,4:12,,,Warren REBOUND (Off:2 Def:5),,,5.0,203933,TJ Warren,1610612756.0,Phoenix,Suns,PHX,0,0,,,,,,0,0,,,,,
0021500381,463,1,97,4,12:46 AM,4:12,,,Warren 1' Tip Layup Shot (17 PTS),86 - 123,37,5.0,203933,TJ Warren,1610612756.0,Phoenix,Suns,PHX,0,0,,,,,,0,0,,,,,
0021500381,465,9,1,4,12:46 AM,4:06,WARRIORS Timeout: Regular (Full 5 Short 0),,,,,2.0,1610612744,,,,,,0,0,,,,,,0,0,,,,,
0021500381,467,8,0,4,12:49 AM,4:06,SUB: McAdoo FOR Livingston,,,,,4.0,2733,Shaun Livingston,1610612744.0,Golden State,Warriors,GSW,4,203949,James Michael McAdoo,1610612744.0,Golden State,Warriors,GSW,0,0,,,,,
0021500381,468,8,0,4,12:49 AM,4:06,SUB: Thompson FOR Barbosa,,,,,4.0,2571,Leandro Barbosa,1610612744.0,Golden State,Warriors,GSW,4,201574,Jason Thompson,1610612744.0,Golden State,Warriors,GSW,0,0,,,,,
0021500381,469,2,1,4,12:49 AM,3:54,MISS Clark 24' 3PT Jump Shot,,,,,4.0,203546,Ian Clark,1610612744.0,Golden State,Warriors,GSW,0,0,,,,,,0,0,,,,,
0021500381,470,4,0,4,12:49 AM,3:53,,,Goodwin REBOUND (Off:0 Def:4),,,5.0,203462,Archie Goodwin,1610612756.0,Phoenix,Suns,PHX,0,0,,,,,,0,0,,,,,
0021500381,471,1,41,4,12:50 AM,3:47,,,Goodwin 2' Running Layup (6 PTS),88 - 123,35,5.0,203462,Archie Goodwin,1610612756.0,Phoenix,Suns,PHX,0,0,,,,,,0,0,,,,,
0021500381,472,2,1,4,12:50 AM,3:34,MISS Rush 17' Jump Shot,,,,,4.0,201575,Brandon Rush,1610612744.0,Golden State,Warriors,GSW,0,0,,,,,,0,0,,,,,
0021500381,473,4,0,4,12:50 AM,3:32,,,Price REBOUND (Off:1 Def:2),,,5.0,101179,Ronnie Price,1610612756.0,Phoenix,Suns,PHX,0,0,,,,,,0,0,,,,,
0021500381,474,6,1,4,12:50 AM,3:31,Speights P.FOUL (P3.T2) (T.Maddox),,,,,4.0,201578,Marreese Speights,1610612744.0,Golden State,Warriors,GSW,5,101179,Ronnie Price,1610612756.0,Phoenix,Suns,PHX,1,0,,,,,
0021500381,475,18,0,4,12:50 AM,3:31,,,,,,,474,Stefano Rusconi,,,,,0,0,,,,,,1,0,,,,,
0021500381,476,1,79,4,12:52 AM,3:08,,,Price 26' 3PT Pullup Jump Shot (6 PTS) (Warren 3 AST),91 - 123,32,5.0,101179,Ronnie Price,1610612756.0,Phoenix,Suns,PHX,5,203933,TJ Warren,1610612756.0,Phoenix,Suns,PHX,0,0,,,,,
0021500381,477,6,2,4,12:52 AM,3:08,Speights S.FOUL (P4.T3) (D.Collins),,,,,4.0,201578,Marreese Speights,1610612744.0,Golden State,Warriors,GSW,5,101179,Ronnie Price,1610612756.0,Phoenix,Suns,PHX,1,0,,,,,
0021500381,478,3,10,4,12:53 AM,3:08,,,Price Free Throw 1 of 1 (7 PTS),92 - 123,31,5.0,101179,Ronnie Price,1610612756.0,Phoenix,Suns,PHX,0,0,,,,,,0,0,,,,,
0021500381,480,6,1,4,12:53 AM,2:56,,,Weems P.FOUL (P1.T4) (D.Collins),,,5.0,201603,Sonny Weems,1610612756.0,Phoenix,Suns,PHX,4,201574,Jason Thompson,1610612744.0,Golden State,Warriors,GSW,1,0,,,,,
0021500381,481,2,1,4,12:53 AM,2:48,MISS Speights 19' Jump Shot,,,,,4.0,201578,Marreese Speights,1610612744.0,Golden State,Warriors,GSW,0,0,,,,,,0,0,,,,,
0021500381,482,4,0,4,12:53 AM,2:47,,,Goodwin REBOUND (Off:0 Def:5),,,5.0,203462,Archie Goodwin,1610612756.0,Phoenix,Suns,PHX,0,0,,,,,,0,0,,,,,
0021500381,483,1,86,4,12:54 AM,2:39,,,Len 14' Turnaround Fadeaway (4 PTS) (Goodwin 3 AST),94 - 123,29,5.0,203458,Alex Len,1610612756.0,Phoenix,Suns,PHX,5,203462,Archie Goodwin,1610612756.0,Phoenix,Suns,PHX,0,0,,,,,
0021500381,484,6,1,4,12:54 AM,2:29,,,Warren P.FOUL (P3.PN) (B.Kennedy),,,5.0,203933,TJ Warren,1610612756.0,Phoenix,Suns,PHX,4,201578,Marreese Speights,1610612744.0,Golden State,Warriors,GSW,1,0,,,,,
0021500381,485,3,11,4,12:54 AM,2:29,MISS Speights Free Throw 1 of 2,,,,,4.0,201578,Marreese Speights,1610612744.0,Golden State,Warriors,GSW,0,0,,,,,,0,0,,,,,
0021500381,486,4,1,4,12:54 AM,2:29,WARRIORS Rebound,,,,,2.0,1610612744,,,,,,0,0,,,,,,0,0,,,,,
0021500381,487,3,12,4,12:54 AM,2:29,Speights Free Throw 2 of 2 (9 PTS),,,94 - 124,30,4.0,201578,Marreese Speights,1610612744.0,Golden State,Warriors,GSW,0,0,,,,,,0,0,,,,,
0021500381,491,1,1,4,12:55 AM,2:21,,,Goodwin 16' Jump Shot (8 PTS) (Weems 1 AST),96 - 124,28,5.0,203462,Archie Goodwin,1610612756.0,Phoenix,Suns,PHX,5,201603,Sonny Weems,1610612756.0,Phoenix,Suns,PHX,0,0,,,,,
0021500381,492,5,1,4,12:55 AM,2:05,Speights Bad Pass Turnover (P2.T15),,Warren STEAL (1 STL),,,4.0,201578,Marreese Speights,1610612744.0,Golden State,Warriors,GSW,5,203933,TJ Warren,1610612756.0,Phoenix,Suns,PHX,0,0,,,,,
0021500381,493,1,48,4,12:55 AM,1:57,,,Len  Dunk (6 PTS) (Goodwin 4 AST),98 - 124,26,5.0,203458,Alex Len,1610612756.0,Phoenix,Suns,PHX,5,203462,Archie Goodwin,1610612756.0,Phoenix,Suns,PHX,0,0,,,,,
0021500381,494,2,1,4,12:55 AM,1:46,MISS Speights 5' Jump Shot,,,,,4.0,201578,Marreese Speights,1610612744.0,Golden State,Warriors,GSW,0,0,,,,,,0,0,,,,,
0021500381,495,4,0,4,12:55 AM,1:43,Speights REBOUND (Off:2 Def:0),,,,,4.0,201578,Marreese Speights,1610612744.0,Golden State,Warriors,GSW,0,0,,,,,,0,0,,,,,
0021500381,496,1,66,4,12:56 AM,1:35,McAdoo 6' Jump Bank Shot (2 PTS) (Clark 1 AST),,,98 - 126,28,4.0,203949,James Michael McAdoo,1610612744.0,Golden State,Warriors,GSW,4,203546,Ian Clark,1610612744.0,Golden State,Warriors,GSW,0,0,,,,,
0021500381,497,2,1,4,12:56 AM,1:22,,,MISS Len 15' Jump Shot,,,5.0,203458,Alex Len,1610612756.0,Phoenix,Suns,PHX,0,0,,,,,,0,0,,,,,
0021500381,498,4,0,4,12:56 AM,1:22,Thompson REBOUND (Off:0 Def:1),,,,,4.0,201574,Jason Thompson,1610612744.0,Golden State,Warriors,GSW,0,0,,,,,,0,0,,,,,
0021500381,499,2,1,4,12:56 AM,1:03,MISS Rush 20' Jump Shot,,,,,4.0,201575,Brandon Rush,1610612744.0,Golden State,Warriors,GSW,0,0,,,,,,0,0,,,,,
0021500381,500,4,0,4,12:56 AM,1:02,,,Warren REBOUND (Off:2 Def:6),,,5.0,203933,TJ Warren,1610612756.0,Phoenix,Suns,PHX,0,0,,,,,,0,0,,,,,
0021500381,501,6,2,4,12:56 AM,0:58,Rush S.FOUL (P2.T4) (B.Kennedy),,,,,4.0,201575,Brandon Rush,1610612744.0,Golden State,Warriors,GSW,5,203462,Archie Goodwin,1610612756.0,Phoenix,Suns,PHX,1,0,,,,,
0021500381,502,3,11,4,12:57 AM,0:58,,,Goodwin Free Throw 1 of 2 (9 PTS),99 - 126,27,5.0,203462,Archie Goodwin,1610612756.0,Phoenix,Suns,PHX,0,0,,,,,,0,0,,,,,
0021500381,504,3,12,4,12:57 AM,0:58,,,MISS Goodwin Free Throw 2 of 2,,,5.0,203462,Archie Goodwin,1610612756.0,Phoenix,Suns,PHX,0,0,,,,,,0,0,,,,,
0021500381,506,4,0,4,12:57 AM,0:57,Thompson REBOUND (Off:0 Def:2),,,,,4.0,201574,Jason Thompson,1610612744.0,Golden State,Warriors,GSW,0,0,,,,,,0,0,,,,,
0021500381,507,5,1,4,12:57 AM,0:46,Clark Bad Pass Turnover (P1.T16),,Price STEAL (3 STL),,,4.0,203546,Ian Clark,1610612744.0,Golden State,Warriors,GSW,5,101179,Ronnie Price,1610612756.0,Phoenix,Suns,PHX,0,0,,,,,
0021500381,508,6,1,4,12:57 AM,0:45,Speights P.FOUL (P5.PN) (B.Kennedy),,,,,4.0,201578,Marreese Speights,1610612744.0,Golden State,Warriors,GSW,5,101179,Ronnie Price,1610612756.0,Phoenix,Suns,PHX,1,0,,,,,
0021500381,509,3,11,4,12:57 AM,0:45,,,Price Free Throw 1 of 2 (8 PTS),100 - 126,26,5.0,101179,Ronnie Price,1610612756.0,Phoenix,Suns,PHX,0,0,,,,,,0,0,,,,,
0021500381,511,3,12,4,12:57 AM,0:45,,,Price Free Throw 2 of 2 (9 PTS),101 - 126,25,5.0,101179,Ronnie Price,1610612756.0,Phoenix,Suns,PHX,0,0,,,,,,0,0,,,,,
0021500381,513,5,1,4,12:58 AM,0:32,Clark Bad Pass Turnover (P2.T17),,Goodwin STEAL (1 STL),,,4.0,203546,Ian Clark,1610612744.0,Golden State,Warriors,GSW,5,203462,Archie Goodwin,1610612756.0,Phoenix,Suns,PHX,0,0,,,,,
0021500381,514,1,49,4,12:58 AM,0:28,,,Warren  Driving Dunk (19 PTS) (Price 2 AST),103 - 126,23,5.0,203933,TJ Warren,1610612756.0,Phoenix,Suns,PHX,5,101179,Ronnie Price,1610612756.0,Phoenix,Suns,PHX,0,0,,,,,
0021500381,515,6,1,4,12:58 AM,0:19,,,Price P.FOUL (P2.PN) (B.Kennedy),,,5.0,101179,Ronnie Price,1610612756.0,Phoenix,Suns,PHX,4,201578,Marreese Speights,1610612744.0,Golden State,Warriors,GSW,1,0,,,,,
0021500381,516,3,11,4,12:59 AM,0:19,Speights Free Throw 1 of 2 (10 PTS),,,103 - 127,24,4.0,201578,Marreese Speights,1610612744.0,Golden State,Warriors,GSW,0,0,,,,,,0,0,,,,,
0021500381,518,3,12,4,12:59 AM,0:19,Speights Free Throw 2 of 2 (11 PTS),,,103 - 128,25,4.0,201578,Marreese Speights,1610612744.0,Golden State,Warriors,GSW,0,0,,,,,,0,0,,,,,
0021500381,520,2,1,4,12:59 AM,0:09,,,MISS Goodwin 24' 3PT Jump Shot,,,5.0,203462,Archie Goodwin,1610612756.0,Phoenix,Suns,PHX,0,0,,,,,,0,0,,,,,
0021500381,521,4,0,4,12:59 AM,0:09,Thompson REBOUND (Off:0 Def:3),,,,,4.0,201574,Jason Thompson,1610612744.0,Golden State,Warriors,GSW,0,0,,,,,,0,0,,,,,
0021500381,522,13,0,4,12:59 AM,0:00,,,,103 - 128,25,0.0,0,,,,,,0,0,,,,,,0,0,,,,,
