GAME_ID,EVENTNUM,EVENTMSGTYPE,EVENTMSGACTIONTYPE,PERIOD,WCTIMESTRING,PCTIMESTRING,HOMEDESCRIPTION,NEUTRALDESCRIPTION,VISITORDESCRIPTION,SCORE,SCOREMARGIN,PERSON1TYPE,PLAYER1_ID,PLAYER1_NAME,PLAYER1_TEAM_ID,PLAYER1_TEAM_CITY,PLAYER1_TEAM_NICKNAME,PLAYER1_TEAM_ABBREVIATION,PERSON2TYPE,PLAYER2_ID,PLAYER2_NAME,PLAYER2_TEAM_ID,PLAYER2_TEAM_CITY,PLAYER2_TEAM_NICKNAME,PLAYER2_TEAM_ABBREVIATION,PERSON3TYPE,PLAYER3_ID,PLAYER3_NAME,PLAYER3_TEAM_ID,PLAYER3_TEAM_CITY,PLAYER3_TEAM_NICKNAME,PLAYER3_TEAM_ABBREVIATION
0021500293,0,12,0,1,8:11 PM,12:00,,,,,,0.0,0,,,,,,0,0,,,,,,0,0,,,,,
0021500293,1,10,0,1,8:11 PM,12:00,Jump Ball Howard vs. Cousins: Tip to Beverley,,,,,4.0,2730,Dwight Howard,1610612745.0,Houston,Rockets,HOU,5,202326,DeMarcus Cousins,1610612758.0,Sacramento,Kings,SAC,4,201976,Patrick Beverley,1610612745.0,Houston,Rockets,HOU
0021500293,3,2,1,1,8:12 PM,11:36,MISS Harden  3PT Jump Shot,,,,,4.0,201935,James Harden,1610612745.0,Houston,Rockets,HOU,0,0,,,,,,0,0,,,,,
0021500293,4,4,0,1,8:12 PM,11:35,,,Casspi REBOUND (Off:0 Def:1),,,5.0,201956,Omri Casspi,1610612758.0,Sacramento,Kings,SAC,0,0,,,,,,0,0,,,,,
0021500293,5,1,1,1,8:12 PM,11:27,,,Cousins 18' Jump Shot (2 PTS) (Rondo 1 AST),2 - 0,-2,5.0,202326,DeMarcus Cousins,1610612758.0,Sacramento,Kings,SAC,5,200765,Rajon Rondo,1610612758.0,Sacramento,Kings,SAC,0,0,,,,,
0021500293,6,2,1,1,8:12 PM,11:12,MISS Harden 5' Jump Shot,,,,,4.0,201935,James Harden,1610612745.0,Houston,Rockets,HOU,0,0,,,,,,0,0,,,,,
0021500293,7,4,0,1,8:12 PM,11:11,,,Cousins REBOUND (Off:0 Def:1),,,5.0,202326,DeMarcus Cousins,1610612758.0,Sacramento,Kings,SAC,0,0,,,,,,0,0,,,,,
0021500293,8,1,50,1,8:12 PM,11:03,,,McLemore  Running Dunk (2 PTS) (Rondo 2 AST),4 - 0,-4,5.0,203463,Ben McLemore,1610612758.0,Sacramento,Kings,SAC,5,200765,Rajon Rondo,1610612758.0,Sacramento,Kings,SAC,0,0,,,,,
0021500293,9,1,1,1,8:13 PM,10:48,Beverley 25' 3PT Jump Shot (3 PTS),,,4 - 3,-1,4.0,201976,Patrick Beverley,1610612745.0,Houston,Rockets,HOU,0,0,,,,,,0,0,,,,,
0021500293,10,2,1,1,8:13 PM,10:34,,,MISS Cousins 24' 3PT Jump Shot,,,5.0,202326,DeMarcus Cousins,1610612758.0,Sacramento,Kings,SAC,0,0,,,,,,0,0,,,,,
0021500293,11,4,0,1,8:13 PM,10:33,ROCKETS Rebound,,,,,2.0,1610612745,,,,,,0,0,,,,,,0,0,,,,,
0021500293,12,2,46,1,8:13 PM,10:22,MISS Beverley 6' Running Jump Shot,,,,,4.0,201976,Patrick Beverley,1610612745.0,Houston,Rockets,HOU,0,0,,,,,,0,0,,,,,
0021500293,13,4,0,1,8:13 PM,10:21,,,Cousins REBOUND (Off:0 Def:2),,,5.0,202326,DeMarcus Cousins,1610612758.0,Sacramento,Kings,SAC,0,0,,,,,,0,0,,,,,
0021500293,14,6,2,1,8:13 PM,10:18,Harden S.FOUL (P1.T1) (L.Holtkamp),,,,,4.0,201935,James Harden,1610612745.0,Houston,Rockets,HOU,5,201956,Omri Casspi,1610612758.0,Sacramento,Kings,SAC,1,0,,,,,
0021500293,16,3,11,1,8:14 PM,10:18,,,Casspi Free Throw 1 of 2 (1 PTS),5 - 3,-2,5.0,201956,Omri Casspi,1610612758.0,Sacramento,Kings,SAC,0,0,,,,,,0,0,,,,,
0021500293,18,3,12,1,8:14 PM,10:18,,,Casspi Free Throw 2 of 2 (2 PTS),6 - 3,-3,5.0,201956,Omri Casspi,1610612758.0,Sacramento,Kings,SAC,0,0,,,,,,0,0,,,,,
0021500293,20,1,43,1,8:14 PM,9:57,Howard  Alley Oop Layup (2 PTS) (Capela 1 AST),,,6 - 5,-1,4.0,2730,Dwight Howard,1610612745.0,Houston,Rockets,HOU,4,203991,Clint Capela,1610612745.0,Houston,Rockets,HOU,0,0,,,,,
0021500293,21,2,1,1,8:15 PM,9:37,,,MISS McLemore 26' 3PT Jump Shot,,,5.0,203463,Ben McLemore,1610612758.0,Sacramento,Kings,SAC,0,0,,,,,,0,0,,,,,
0021500293,22,4,0,1,8:15 PM,9:37,Capela REBOUND (Off:0 Def:1),,,,,4.0,203991,Clint Capela,1610612745.0,Houston,Rockets,HOU,0,0,,,,,,0,0,,,,,
0021500293,23,1,1,1,8:15 PM,9:23,Beverley 25' 3PT Jump Shot (6 PTS),,,6 - 8,2,4.0,201976,Patrick Beverley,1610612745.0,Houston,Rockets,HOU,0,0,,,,,,0,0,,,,,
0021500293,25,5,1,1,8:15 PM,9:10,Howard STEAL (1 STL),,Gay Bad Pass Turnover (P1.T1),,,5.0,200752,Rudy Gay,1610612758.0,Sacramento,Kings,SAC,4,2730,Dwight Howard,1610612745.0,Houston,Rockets,HOU,0,0,,,,,
0021500293,26,6,1,1,8:15 PM,9:10,,,Gay P.FOUL (P1.T1) (D.Crawford),,,5.0,200752,Rudy Gay,1610612758.0,Sacramento,Kings,SAC,4,2730,Dwight Howard,1610612745.0,Houston,Rockets,HOU,1,0,,,,,
0021500293,27,6,1,1,8:16 PM,8:52,,,Cousins P.FOUL (P1.T2) (M.Ayotte),,,5.0,202326,DeMarcus Cousins,1610612758.0,Sacramento,Kings,SAC,4,2730,Dwight Howard,1610612745.0,Houston,Rockets,HOU,1,0,,,,,
0021500293,29,1,52,1,8:16 PM,8:45,Capela  Alley Oop Dunk (2 PTS) (Beverley 1 AST),,,6 - 10,4,4.0,203991,Clint Capela,1610612745.0,Houston,Rockets,HOU,4,201976,Patrick Beverley,1610612745.0,Houston,Rockets,HOU,0,0,,,,,
0021500293,30,5,39,1,8:16 PM,8:35,,,Casspi Step Out of Bounds Turnover (P1.T2),,,5.0,201956,Omri Casspi,1610612758.0,Sacramento,Kings,SAC,0,0,,,,,,1,0,,,,,
0021500293,31,2,1,1,8:17 PM,8:27,MISS Harden 9' Jump Shot,,,,,4.0,201935,James Harden,1610612745.0,Houston,Rockets,HOU,0,0,,,,,,0,0,,,,,
0021500293,32,4,0,1,8:17 PM,8:26,,,Cousins REBOUND (Off:0 Def:3),,,5.0,202326,DeMarcus Cousins,1610612758.0,Sacramento,Kings,SAC,0,0,,,,,,0,0,,,,,
0021500293,33,1,44,1,8:17 PM,8:23,,,Gay 3' Reverse Layup (2 PTS) (Cousins 1 AST),8 - 10,2,5.0,200752,Rudy Gay,1610612758.0,Sacramento,Kings,SAC,5,202326,DeMarcus Cousins,1610612758.0,Sacramento,Kings,SAC,0,0,,,,,
0021500293,34,2,1,1,8:17 PM,8:07,MISS Ariza 25' 3PT Jump Shot,,,,,4.0,2772,Trevor Ariza,1610612745.0,Houston,Rockets,HOU,0,0,,,,,,0,0,,,,,
0021500293,35,4,0,1,8:17 PM,8:06,,,McLemore REBOUND (Off:0 Def:1),,,5.0,203463,Ben McLemore,1610612758.0,Sacramento,Kings,SAC,0,0,,,,,,0,0,,,,,
0021500293,36,2,75,1,8:17 PM,7:58,,,MISS Rondo 4' Driving Finger Roll Layup,,,5.0,200765,Rajon Rondo,1610612758.0,Sacramento,Kings,SAC,0,0,,,,,,0,0,,,,,
0021500293,37,4,0,1,8:17 PM,7:58,Howard REBOUND (Off:0 Def:1),,,,,4.0,2730,Dwight Howard,1610612745.0,Houston,Rockets,HOU,0,0,,,,,,0,0,,,,,
0021500293,38,7,5,1,8:17 PM,7:48,,,Cousins Violation:Kicked Ball (D.Crawford),,,5.0,202326,DeMarcus Cousins,1610612758.0,Sacramento,Kings,SAC,0,0,,,,,,1,0,,,,,
0021500293,40,2,1,1,8:18 PM,7:34,MISS Ariza  3PT Jump Shot,,,,,4.0,2772,Trevor Ariza,1610612745.0,Houston,Rockets,HOU,0,0,,,,,,0,0,,,,,
0021500293,41,4,0,1,8:18 PM,7:34,,,Gay REBOUND (Off:0 Def:1),,,5.0,200752,Rudy Gay,1610612758.0,Sacramento,Kings,SAC,0,0,,,,,,0,0,,,,,
0021500293,42,1,5,1,8:18 PM,7:26,,,Casspi 3' Layup (4 PTS) (Cousins 2 AST),10 - 10,TIE,5.0,201956,Omri Casspi,1610612758.0,Sacramento,Kings,SAC,5,202326,DeMarcus Cousins,1610612758.0,Sacramento,Kings,SAC,0,0,,,,,
0021500293,43,2,1,1,8:18 PM,7:11,MISS Beverley 24' 3PT Jump Shot,,,,,4.0,201976,Patrick Beverley,1610612745.0,Houston,Rockets,HOU,0,0,,,,,,0,0,,,,,
0021500293,44,4,0,1,8:18 PM,7:10,,,McLemore REBOUND (Off:0 Def:2),,,5.0,203463,Ben McLemore,1610612758.0,Sacramento,Kings,SAC,0,0,,,,,,0,0,,,,,
0021500293,45,5,1,1,8:18 PM,7:05,Capela STEAL (1 STL),,Rondo Bad Pass Turnover (P1.T3),,,5.0,200765,Rajon Rondo,1610612758.0,Sacramento,Kings,SAC,4,203991,Clint Capela,1610612745.0,Houston,Rockets,HOU,0,0,,,,,
0021500293,46,6,1,1,8:18 PM,7:05,,,Gay P.FOUL (P2.T3) (M.Ayotte),,,5.0,200752,Rudy Gay,1610612758.0,Sacramento,Kings,SAC,4,203991,Clint Capela,1610612745.0,Houston,Rockets,HOU,1,0,,,,,
0021500293,47,8,0,1,8:19 PM,7:05,,,SUB: Acy FOR Gay,,,5.0,200752,Rudy Gay,1610612758.0,Sacramento,Kings,SAC,5,203112,Quincy Acy,1610612758.0,Sacramento,Kings,SAC,0,0,,,,,
0021500293,48,1,79,1,8:19 PM,6:45,Harden 25' 3PT Pullup Jump Shot (3 PTS),,,10 - 13,3,4.0,201935,James Harden,1610612745.0,Houston,Rockets,HOU,0,0,,,,,,0,0,,,,,
0021500293,49,2,1,1,8:19 PM,6:34,,,MISS Cousins 24' 3PT Jump Shot,,,5.0,202326,DeMarcus Cousins,1610612758.0,Sacramento,Kings,SAC,0,0,,,,,,0,0,,,,,
0021500293,50,4,0,1,8:19 PM,6:33,Capela REBOUND (Off:0 Def:2),,,,,4.0,203991,Clint Capela,1610612745.0,Houston,Rockets,HOU,0,0,,,,,,0,0,,,,,
0021500293,51,2,1,1,8:20 PM,6:13,MISS Capela 3' Jump Shot,,McLemore BLOCK (1 BLK),,,4.0,203991,Clint Capela,1610612745.0,Houston,Rockets,HOU,0,0,,,,,,5,203463,Ben McLemore,1610612758.0,Sacramento,Kings,SAC
0021500293,52,4,0,1,8:20 PM,6:12,Howard REBOUND (Off:1 Def:1),,,,,4.0,2730,Dwight Howard,1610612745.0,Houston,Rockets,HOU,0,0,,,,,,0,0,,,,,
0021500293,53,1,5,1,8:20 PM,6:12,Howard 1' Layup (4 PTS),,,10 - 15,5,4.0,2730,Dwight Howard,1610612745.0,Houston,Rockets,HOU,0,0,,,,,,0,0,,,,,
0021500293,54,6,2,1,8:20 PM,6:12,,,Acy S.FOUL (P1.T4) (M.Ayotte),,,5.0,203112,Quincy Acy,1610612758.0,Sacramento,Kings,SAC,4,2730,Dwight Howard,1610612745.0,Houston,Rockets,HOU,1,0,,,,,
0021500293,55,8,0,1,8:20 PM,6:12,SUB: Jones FOR Capela,,,,,4.0,203991,Clint Capela,1610612745.0,Houston,Rockets,HOU,4,203093,Terrence Jones,1610612745.0,Houston,Rockets,HOU,0,0,,,,,
0021500293,56,8,0,1,8:20 PM,6:12,SUB: Brewer FOR Ariza,,,,,4.0,2772,Trevor Ariza,1610612745.0,Houston,Rockets,HOU,4,201147,Corey Brewer,1610612745.0,Houston,Rockets,HOU,0,0,,,,,
0021500293,57,3,10,1,8:20 PM,6:12,MISS Howard Free Throw 1 of 1,,,,,4.0,2730,Dwight Howard,1610612745.0,Houston,Rockets,HOU,0,0,,,,,,0,0,,,,,
0021500293,59,4,0,1,8:20 PM,6:11,,,McLemore REBOUND (Off:0 Def:3),,,5.0,203463,Ben McLemore,1610612758.0,Sacramento,Kings,SAC,0,0,,,,,,0,0,,,,,
0021500293,60,1,42,1,8:21 PM,5:53,,,Rondo 2' Driving Layup (2 PTS),12 - 15,3,5.0,200765,Rajon Rondo,1610612758.0,Sacramento,Kings,SAC,0,0,,,,,,0,0,,,,,
0021500293,61,5,2,1,8:21 PM,5:45,Howard Lost Ball Turnover (P1.T1),,Rondo STEAL (1 STL),,,4.0,2730,Dwight Howard,1610612745.0,Houston,Rockets,HOU,5,200765,Rajon Rondo,1610612758.0,Sacramento,Kings,SAC,0,0,,,,,
0021500293,62,2,1,1,8:21 PM,5:36,,,MISS McLemore 3' Jump Shot,,,5.0,203463,Ben McLemore,1610612758.0,Sacramento,Kings,SAC,0,0,,,,,,0,0,,,,,
0021500293,64,4,0,1,8:21 PM,5:34,,,Acy REBOUND (Off:1 Def:0),,,5.0,203112,Quincy Acy,1610612758.0,Sacramento,Kings,SAC,0,0,,,,,,0,0,,,,,
0021500293,63,2,97,1,8:21 PM,5:34,,,MISS Acy 2' Tip Layup Shot,,,5.0,203112,Quincy Acy,1610612758.0,Sacramento,Kings,SAC,0,0,,,,,,0,0,,,,,
0021500293,65,4,0,1,8:21 PM,5:33,Howard REBOUND (Off:1 Def:2),,,,,4.0,2730,Dwight Howard,1610612745.0,Houston,Rockets,HOU,0,0,,,,,,0,0,,,,,
0021500293,66,2,1,1,8:21 PM,5:27,MISS Brewer 25' 3PT Jump Shot,,,,,4.0,201147,Corey Brewer,1610612745.0,Houston,Rockets,HOU,0,0,,,,,,0,0,,,,,
0021500293,67,4,0,1,8:21 PM,5:27,Howard REBOUND (Off:2 Def:2),,,,,4.0,2730,Dwight Howard,1610612745.0,Houston,Rockets,HOU,0,0,,,,,,0,0,,,,,
0021500293,68,6,3,1,8:21 PM,5:24,,,Casspi L.B.FOUL (P1.PN) (D.Crawford),,,5.0,201956,Omri Casspi,1610612758.0,Sacramento,Kings,SAC,4,201976,Patrick Beverley,1610612745.0,Houston,Rockets,HOU,1,0,,,,,
0021500293,70,9,1,1,8:22 PM,5:24,ROCKETS Timeout: Regular (Full 1 Short 0),,,,,2.0,1610612745,,,,,,0,0,,,,,,0,0,,,,,
0021500293,72,8,0,1,8:23 PM,5:24,SUB: Motiejunas FOR Howard,,,,,4.0,2730,Dwight Howard,1610612745.0,Houston,Rockets,HOU,4,202700,Donatas Motiejunas,1610612745.0,Houston,Rockets,HOU,0,0,,,,,
0021500293,74,3,11,1,8:24 PM,5:24,Beverley Free Throw 1 of 2 (7 PTS),,,12 - 16,4,4.0,201976,Patrick Beverley,1610612745.0,Houston,Rockets,HOU,0,0,,,,,,0,0,,,,,
0021500293,76,3,12,1,8:24 PM,5:24,MISS Beverley Free Throw 2 of 2,,,,,4.0,201976,Patrick Beverley,1610612745.0,Houston,Rockets,HOU,0,0,,,,,,0,0,,,,,
0021500293,78,4,0,1,8:24 PM,5:21,ROCKETS Rebound,,,,,2.0,1610612745,,,,,,0,0,,,,,,0,0,,,,,
0021500293,80,8,0,1,8:24 PM,5:21,SUB: Lawson FOR Beverley,,,,,4.0,201976,Patrick Beverley,1610612745.0,Houston,Rockets,HOU,4,201951,Ty Lawson,1610612745.0,Houston,Rockets,HOU,0,0,,,,,
0021500293,81,5,1,1,8:25 PM,5:14,Brewer Bad Pass Turnover (P1.T2),,Rondo STEAL (2 STL),,,4.0,201147,Corey Brewer,1610612745.0,Houston,Rockets,HOU,5,200765,Rajon Rondo,1610612758.0,Sacramento,Kings,SAC,0,0,,,,,
0021500293,82,1,41,1,8:25 PM,5:08,,,Acy 1' Running Layup (2 PTS) (Rondo 3 AST),14 - 16,2,5.0,203112,Quincy Acy,1610612758.0,Sacramento,Kings,SAC,5,200765,Rajon Rondo,1610612758.0,Sacramento,Kings,SAC,0,0,,,,,
0021500293,83,5,6,1,8:25 PM,5:03,Lawson Double Dribble Turnover (P1.T3),,,,,4.0,201951,Ty Lawson,1610612745.0,Houston,Rockets,HOU,0,0,,,,,,1,0,,,,,
0021500293,84,8,0,1,8:25 PM,5:03,,,SUB: Belinelli FOR McLemore,,,5.0,203463,Ben McLemore,1610612758.0,Sacramento,Kings,SAC,5,201158,Marco Belinelli,1610612758.0,Sacramento,Kings,SAC,0,0,,,,,
0021500293,85,6,26,1,8:25 PM,4:52,,,Cousins Offensive Charge Foul (P2.PN) (L.Holtkamp),,,5.0,202326,DeMarcus Cousins,1610612758.0,Sacramento,Kings,SAC,4,202700,Donatas Motiejunas,1610612745.0,Houston,Rockets,HOU,1,0,,,,,
0021500293,86,5,5,1,8:25 PM,4:52,,,Cousins Foul Turnover (P1.T4),,,5.0,202326,DeMarcus Cousins,1610612758.0,Sacramento,Kings,SAC,0,0,,,,,,1,0,,,,,
0021500293,87,8,0,1,8:25 PM,4:52,,,SUB: Koufos FOR Cousins,,,5.0,202326,DeMarcus Cousins,1610612758.0,Sacramento,Kings,SAC,5,201585,Kosta Koufos,1610612758.0,Sacramento,Kings,SAC,0,0,,,,,
0021500293,88,2,1,1,8:26 PM,4:31,MISS Lawson 24' 3PT Jump Shot,,,,,4.0,201951,Ty Lawson,1610612745.0,Houston,Rockets,HOU,0,0,,,,,,0,0,,,,,
0021500293,89,4,0,1,8:26 PM,4:30,Brewer REBOUND (Off:1 Def:0),,,,,4.0,201147,Corey Brewer,1610612745.0,Houston,Rockets,HOU,0,0,,,,,,0,0,,,,,
0021500293,90,2,5,1,8:26 PM,4:19,MISS Motiejunas 2' Layup,,,,,4.0,202700,Donatas Motiejunas,1610612745.0,Houston,Rockets,HOU,0,0,,,,,,0,0,,,,,
0021500293,92,4,0,1,8:26 PM,4:18,Jones REBOUND (Off:1 Def:0),,,,,4.0,203093,Terrence Jones,1610612745.0,Houston,Rockets,HOU,0,0,,,,,,0,0,,,,,
0021500293,91,1,97,1,8:26 PM,4:18,Jones 1' Tip Layup Shot (2 PTS),,,14 - 18,4,4.0,203093,Terrence Jones,1610612745.0,Houston,Rockets,HOU,0,0,,,,,,0,0,,,,,
0021500293,94,2,63,1,8:27 PM,4:08,,,MISS Belinelli 9' Fadeaway Jumper,,,5.0,201158,Marco Belinelli,1610612758.0,Sacramento,Kings,SAC,0,0,,,,,,0,0,,,,,
0021500293,95,4,0,1,8:27 PM,4:07,Brewer REBOUND (Off:1 Def:1),,,,,4.0,201147,Corey Brewer,1610612745.0,Houston,Rockets,HOU,0,0,,,,,,0,0,,,,,
0021500293,96,2,5,1,8:27 PM,4:00,MISS Jones 2' Layup,,Koufos BLOCK (1 BLK),,,4.0,203093,Terrence Jones,1610612745.0,Houston,Rockets,HOU,0,0,,,,,,5,201585,Kosta Koufos,1610612758.0,Sacramento,Kings,SAC
0021500293,97,4,0,1,8:27 PM,3:59,Motiejunas REBOUND (Off:1 Def:0),,,,,4.0,202700,Donatas Motiejunas,1610612745.0,Houston,Rockets,HOU,0,0,,,,,,0,0,,,,,
0021500293,98,6,2,1,8:27 PM,3:51,,,Acy S.FOUL (P2.PN) (M.Ayotte),,,5.0,203112,Quincy Acy,1610612758.0,Sacramento,Kings,SAC,4,201935,James Harden,1610612745.0,Houston,Rockets,HOU,1,0,,,,,
0021500293,99,3,11,1,8:27 PM,3:51,Harden Free Throw 1 of 2 (4 PTS),,,14 - 19,5,4.0,201935,James Harden,1610612745.0,Houston,Rockets,HOU,0,0,,,,,,0,0,,,,,
0021500293,101,8,0,1,8:28 PM,3:51,,,SUB: Gay FOR Casspi,,,5.0,201956,Omri Casspi,1610612758.0,Sacramento,Kings,SAC,5,200752,Rudy Gay,1610612758.0,Sacramento,Kings,SAC,0,0,,,,,
0021500293,102,3,12,1,8:28 PM,3:51,Harden Free Throw 2 of 2 (5 PTS),,,14 - 20,6,4.0,201935,James Harden,1610612745.0,Houston,Rockets,HOU,0,0,,,,,,0,0,,,,,
0021500293,104,6,1,1,8:28 PM,3:38,Brewer P.FOUL (P1.T2) (L.Holtkamp),,,,,4.0,201147,Corey Brewer,1610612745.0,Houston,Rockets,HOU,5,201158,Marco Belinelli,1610612758.0,Sacramento,Kings,SAC,1,0,,,,,
0021500293,105,2,79,1,8:29 PM,3:24,,,MISS Belinelli 26' 3PT Pullup Jump Shot,,,5.0,201158,Marco Belinelli,1610612758.0,Sacramento,Kings,SAC,0,0,,,,,,0,0,,,,,
0021500293,106,4,0,1,8:29 PM,3:23,ROCKETS Rebound,,,,,2.0,1610612745,,,,,,0,0,,,,,,0,0,,,,,
0021500293,107,8,0,1,8:29 PM,3:23,,,SUB: Collison FOR Acy,,,5.0,203112,Quincy Acy,1610612758.0,Sacramento,Kings,SAC,5,201954,Darren Collison,1610612758.0,Sacramento,Kings,SAC,0,0,,,,,
0021500293,109,1,5,1,8:29 PM,3:07,Jones 2' Layup (4 PTS) (Brewer 1 AST),,,14 - 22,8,4.0,203093,Terrence Jones,1610612745.0,Houston,Rockets,HOU,4,201147,Corey Brewer,1610612745.0,Houston,Rockets,HOU,0,0,,,,,
0021500293,111,9,1,1,8:29 PM,3:04,,,Kings Timeout: Regular (Reg.1 Short 0),,,3.0,1610612758,,,,,,0,0,,,,,,0,0,,,,,
0021500293,113,8,0,1,8:31 PM,3:04,SUB: Terry FOR Harden,,,,,4.0,201935,James Harden,1610612745.0,Houston,Rockets,HOU,4,1891,Jason Terry,1610612745.0,Houston,Rockets,HOU,0,0,,,,,
0021500293,115,7,5,1,8:32 PM,2:42,Terry Violation:Kicked Ball (.),,,,,4.0,1891,Jason Terry,1610612745.0,Houston,Rockets,HOU,0,0,,,,,,0,0,,,,,
0021500293,117,8,0,1,8:33 PM,2:38,SUB: Howard FOR Motiejunas,,,,,4.0,202700,Donatas Motiejunas,1610612745.0,Houston,Rockets,HOU,4,2730,Dwight Howard,1610612745.0,Houston,Rockets,HOU,0,0,,,,,
0021500293,118,2,1,1,8:33 PM,2:28,,,MISS Collison  3PT Jump Shot,,,5.0,201954,Darren Collison,1610612758.0,Sacramento,Kings,SAC,0,0,,,,,,0,0,,,,,
0021500293,119,4,0,1,8:33 PM,2:27,Howard REBOUND (Off:2 Def:3),,,,,4.0,2730,Dwight Howard,1610612745.0,Houston,Rockets,HOU,0,0,,,,,,0,0,,,,,
0021500293,120,1,74,1,8:33 PM,2:13,Brewer 1' Running Reverse Layup (2 PTS) (Lawson 1 AST),,,14 - 24,10,4.0,201147,Corey Brewer,1610612745.0,Houston,Rockets,HOU,4,201951,Ty Lawson,1610612745.0,Houston,Rockets,HOU,0,0,,,,,
0021500293,121,2,78,1,8:33 PM,2:02,,,MISS Koufos 8' Floating Jump Shot,,,5.0,201585,Kosta Koufos,1610612758.0,Sacramento,Kings,SAC,0,0,,,,,,0,0,,,,,
0021500293,122,4,0,1,8:33 PM,2:01,Howard REBOUND (Off:2 Def:4),,,,,4.0,2730,Dwight Howard,1610612745.0,Houston,Rockets,HOU,0,0,,,,,,0,0,,,,,
0021500293,123,1,1,1,8:34 PM,1:44,Terry  3PT Jump Shot (3 PTS) (Lawson 2 AST),,,14 - 27,13,4.0,1891,Jason Terry,1610612745.0,Houston,Rockets,HOU,4,201951,Ty Lawson,1610612745.0,Houston,Rockets,HOU,0,0,,,,,
0021500293,124,2,1,1,8:34 PM,1:34,,,MISS Rondo 20' Jump Shot,,,5.0,200765,Rajon Rondo,1610612758.0,Sacramento,Kings,SAC,0,0,,,,,,0,0,,,,,
0021500293,125,4,0,1,8:34 PM,1:33,Howard REBOUND (Off:2 Def:5),,,,,4.0,2730,Dwight Howard,1610612745.0,Houston,Rockets,HOU,0,0,,,,,,0,0,,,,,
0021500293,126,6,2,1,8:34 PM,1:13,,,Collison S.FOUL (P1.PN) (L.Holtkamp),,,5.0,201954,Darren Collison,1610612758.0,Sacramento,Kings,SAC,4,201951,Ty Lawson,1610612745.0,Houston,Rockets,HOU,1,0,,,,,
0021500293,127,3,11,1,8:34 PM,1:13,Lawson Free Throw 1 of 2 (1 PTS),,,14 - 28,14,4.0,201951,Ty Lawson,1610612745.0,Houston,Rockets,HOU,0,0,,,,,,0,0,,,,,
0021500293,129,8,0,1,8:35 PM,1:13,,,SUB: McLemore FOR Rondo,,,5.0,200765,Rajon Rondo,1610612758.0,Sacramento,Kings,SAC,5,203463,Ben McLemore,1610612758.0,Sacramento,Kings,SAC,0,0,,,,,
0021500293,130,3,12,1,8:35 PM,1:13,Lawson Free Throw 2 of 2 (2 PTS),,,14 - 29,15,4.0,201951,Ty Lawson,1610612745.0,Houston,Rockets,HOU,0,0,,,,,,0,0,,,,,
0021500293,133,2,1,1,8:35 PM,0:59,,,MISS Gay 20' Jump Shot,,,5.0,200752,Rudy Gay,1610612758.0,Sacramento,Kings,SAC,0,0,,,,,,0,0,,,,,
0021500293,134,4,0,1,8:35 PM,0:58,,,Koufos REBOUND (Off:1 Def:0),,,5.0,201585,Kosta Koufos,1610612758.0,Sacramento,Kings,SAC,0,0,,,,,,0,0,,,,,
0021500293,135,1,1,1,8:35 PM,0:56,,,Collison 16' Jump Shot (2 PTS) (Koufos 1 AST),16 - 29,13,5.0,201954,Darren Collison,1610612758.0,Sacramento,Kings,SAC,5,201585,Kosta Koufos,1610612758.0,Sacramento,Kings,SAC,0,0,,,,,
0021500293,136,2,1,1,8:36 PM,0:38,MISS Terry 24' 3PT Jump Shot,,,,,4.0,1891,Jason Terry,1610612745.0,Houston,Rockets,HOU,0,0,,,,,,0,0,,,,,
0021500293,137,4,0,1,8:36 PM,0:38,Jones REBOUND (Off:2 Def:0),,,,,4.0,203093,Terrence Jones,1610612745.0,Houston,Rockets,HOU,0,0,,,,,,0,0,,,,,
0021500293,138,2,1,1,8:36 PM,0:23,MISS Jones 27' 3PT Jump Shot,,,,,4.0,203093,Terrence Jones,1610612745.0,Houston,Rockets,HOU,0,0,,,,,,0,0,,,,,
0021500293,139,4,0,1,8:36 PM,0:22,,,Collison REBOUND (Off:0 Def:1),,,5.0,201954,Darren Collison,1610612758.0,Sacramento,Kings,SAC,0,0,,,,,,0,0,,,,,
0021500293,140,13,0,1,8:36 PM,0:00,,,,16 - 29,13,0.0,0,,,,,,0,0,,,,,,0,0,,,,,
0021500293,142,12,0,2,8:39 PM,12:00,,,,16 - 29,13,0.0,0,,,,,,0,0,,,,,,0,0,,,,,
0021500293,143,5,1,2,8:39 PM,11:48,Ariza STEAL (1 STL),,Belinelli Bad Pass Turnover (P1.T5),,,5.0,201158,Marco Belinelli,1610612758.0,Sacramento,Kings,SAC,4,2772,Trevor Ariza,1610612745.0,Houston,Rockets,HOU,0,0,,,,,
0021500293,144,2,42,2,8:39 PM,11:42,MISS Thornton 2' Driving Layup,,,,,4.0,201977,Marcus Thornton,1610612745.0,Houston,Rockets,HOU,0,0,,,,,,0,0,,,,,
0021500293,145,4,0,2,8:39 PM,11:41,,,Koufos REBOUND (Off:1 Def:1),,,5.0,201585,Kosta Koufos,1610612758.0,Sacramento,Kings,SAC,0,0,,,,,,0,0,,,,,
0021500293,146,1,42,2,8:39 PM,11:35,,,McLemore 1' Driving Layup (4 PTS) (Collison 1 AST),18 - 29,11,5.0,203463,Ben McLemore,1610612758.0,Sacramento,Kings,SAC,5,201954,Darren Collison,1610612758.0,Sacramento,Kings,SAC,0,0,,,,,
0021500293,147,1,1,2,8:40 PM,11:21,Thornton 25' 3PT Jump Shot (3 PTS) (Beverley 2 AST),,,18 - 32,14,4.0,201977,Marcus Thornton,1610612745.0,Houston,Rockets,HOU,4,201976,Patrick Beverley,1610612745.0,Houston,Rockets,HOU,0,0,,,,,
0021500293,148,2,1,2,8:40 PM,10:54,,,MISS McLemore 8' Jump Shot,,,5.0,203463,Ben McLemore,1610612758.0,Sacramento,Kings,SAC,0,0,,,,,,0,0,,,,,
0021500293,149,4,0,2,8:40 PM,10:53,Howard REBOUND (Off:2 Def:6),,,,,4.0,2730,Dwight Howard,1610612745.0,Houston,Rockets,HOU,0,0,,,,,,0,0,,,,,
0021500293,150,2,1,2,8:40 PM,10:46,MISS Thornton 26' 3PT Jump Shot,,,,,4.0,201977,Marcus Thornton,1610612745.0,Houston,Rockets,HOU,0,0,,,,,,0,0,,,,,
0021500293,151,4,0,2,8:40 PM,10:46,Howard REBOUND (Off:3 Def:6),,,,,4.0,2730,Dwight Howard,1610612745.0,Houston,Rockets,HOU,0,0,,,,,,0,0,,,,,
0021500293,152,2,1,2,8:40 PM,10:41,MISS Ariza 24' 3PT Jump Shot,,,,,4.0,2772,Trevor Ariza,1610612745.0,Houston,Rockets,HOU,0,0,,,,,,0,0,,,,,
0021500293,153,4,0,2,8:40 PM,10:41,,,McLemore REBOUND (Off:0 Def:4),,,5.0,203463,Ben McLemore,1610612758.0,Sacramento,Kings,SAC,0,0,,,,,,0,0,,,,,
0021500293,154,2,1,2,8:40 PM,10:32,,,MISS Belinelli 24' Jump Shot,,,5.0,201158,Marco Belinelli,1610612758.0,Sacramento,Kings,SAC,0,0,,,,,,0,0,,,,,
0021500293,155,4,0,2,8:40 PM,10:32,,,Gay REBOUND (Off:1 Def:1),,,5.0,200752,Rudy Gay,1610612758.0,Sacramento,Kings,SAC,0,0,,,,,,0,0,,,,,
0021500293,156,1,1,2,8:41 PM,10:27,,,Collison 25' 3PT Jump Shot (5 PTS) (Gay 1 AST),21 - 32,11,5.0,201954,Darren Collison,1610612758.0,Sacramento,Kings,SAC,5,200752,Rudy Gay,1610612758.0,Sacramento,Kings,SAC,0,0,,,,,
0021500293,157,2,1,2,8:41 PM,10:00,MISS Thornton 4' Jump Shot,,Koufos BLOCK (2 BLK),,,4.0,201977,Marcus Thornton,1610612745.0,Houston,Rockets,HOU,0,0,,,,,,5,201585,Kosta Koufos,1610612758.0,Sacramento,Kings,SAC
0021500293,158,4,0,2,8:41 PM,9:59,,,Koufos REBOUND (Off:1 Def:2),,,5.0,201585,Kosta Koufos,1610612758.0,Sacramento,Kings,SAC,0,0,,,,,,0,0,,,,,
0021500293,159,1,45,2,8:41 PM,9:51,,,Gay 15' Jump Shot (4 PTS) (Collison 2 AST),23 - 32,9,5.0,200752,Rudy Gay,1610612758.0,Sacramento,Kings,SAC,5,201954,Darren Collison,1610612758.0,Sacramento,Kings,SAC,0,0,,,,,
0021500293,160,9,1,2,8:41 PM,9:46,ROCKETS Timeout: Regular (Full 2 Short 0),,,,,2.0,1610612745,,,,,,0,0,,,,,,0,0,,,,,
0021500293,162,8,0,2,8:43 PM,9:46,,,SUB: Cousins FOR Koufos,,,5.0,201585,Kosta Koufos,1610612758.0,Sacramento,Kings,SAC,5,202326,DeMarcus Cousins,1610612758.0,Sacramento,Kings,SAC,0,0,,,,,
0021500293,164,1,98,2,8:44 PM,9:29,Beverley 4' Cutting Layup Shot (9 PTS) (Thornton 1 AST),,,23 - 34,11,4.0,201976,Patrick Beverley,1610612745.0,Houston,Rockets,HOU,4,201977,Marcus Thornton,1610612745.0,Houston,Rockets,HOU,0,0,,,,,
0021500293,165,2,1,2,8:45 PM,9:09,,,MISS Gay  3PT Jump Shot,,,5.0,200752,Rudy Gay,1610612758.0,Sacramento,Kings,SAC,0,0,,,,,,0,0,,,,,
0021500293,166,4,0,2,8:45 PM,9:08,Thornton REBOUND (Off:0 Def:1),,,,,4.0,201977,Marcus Thornton,1610612745.0,Houston,Rockets,HOU,0,0,,,,,,0,0,,,,,
0021500293,167,5,1,2,8:45 PM,8:53,Terry Bad Pass Turnover (P1.T4),,Gay STEAL (1 STL),,,4.0,1891,Jason Terry,1610612745.0,Houston,Rockets,HOU,5,200752,Rudy Gay,1610612758.0,Sacramento,Kings,SAC,0,0,,,,,
0021500293,168,2,78,2,8:45 PM,8:40,,,MISS Cousins 9' Floating Jump Shot,,,5.0,202326,DeMarcus Cousins,1610612758.0,Sacramento,Kings,SAC,0,0,,,,,,0,0,,,,,
0021500293,169,4,0,2,8:45 PM,8:40,Howard REBOUND (Off:3 Def:7),,,,,4.0,2730,Dwight Howard,1610612745.0,Houston,Rockets,HOU,0,0,,,,,,0,0,,,,,
0021500293,170,1,52,2,8:45 PM,8:25,Howard  Alley Oop Dunk (6 PTS) (Thornton 2 AST),,,23 - 36,13,4.0,2730,Dwight Howard,1610612745.0,Houston,Rockets,HOU,4,201977,Marcus Thornton,1610612745.0,Houston,Rockets,HOU,0,0,,,,,
0021500293,172,1,78,2,8:46 PM,8:10,,,Collison 5' Floating Jump Shot (7 PTS),25 - 36,11,5.0,201954,Darren Collison,1610612758.0,Sacramento,Kings,SAC,0,0,,,,,,0,0,,,,,
0021500293,174,7,1,2,8:46 PM,8:07,,,Kings Violation: Delay of game Violation,,,3.0,1610612758,,,,,,0,0,,,,,,1,0,,,,,
0021500293,175,2,1,2,8:46 PM,7:56,MISS Thornton 14' Jump Shot,,,,,4.0,201977,Marcus Thornton,1610612745.0,Houston,Rockets,HOU,0,0,,,,,,0,0,,,,,
0021500293,176,4,0,2,8:46 PM,7:56,Ariza REBOUND (Off:1 Def:0),,,,,4.0,2772,Trevor Ariza,1610612745.0,Houston,Rockets,HOU,0,0,,,,,,0,0,,,,,
0021500293,177,2,5,2,8:46 PM,7:52,MISS Ariza 2' Layup,,Cousins BLOCK (1 BLK),,,4.0,2772,Trevor Ariza,1610612745.0,Houston,Rockets,HOU,0,0,,,,,,5,202326,DeMarcus Cousins,1610612758.0,Sacramento,Kings,SAC
0021500293,178,4,0,2,8:46 PM,7:50,,,Cousins REBOUND (Off:0 Def:4),,,5.0,202326,DeMarcus Cousins,1610612758.0,Sacramento,Kings,SAC,0,0,,,,,,0,0,,,,,
0021500293,179,2,5,2,8:46 PM,7:46,Terry BLOCK (1 BLK),,MISS Collison 3' Layup,,,5.0,201954,Darren Collison,1610612758.0,Sacramento,Kings,SAC,0,0,,,,,,4,1891,Jason Terry,1610612745.0,Houston,Rockets,HOU
0021500293,180,4,0,2,8:46 PM,7:45,Thornton REBOUND (Off:0 Def:2),,,,,4.0,201977,Marcus Thornton,1610612745.0,Houston,Rockets,HOU,0,0,,,,,,0,0,,,,,
0021500293,181,1,7,2,8:46 PM,7:41,Howard  Dunk (8 PTS) (Ariza 1 AST),,,25 - 38,13,4.0,2730,Dwight Howard,1610612745.0,Houston,Rockets,HOU,4,2772,Trevor Ariza,1610612745.0,Houston,Rockets,HOU,0,0,,,,,
0021500293,182,2,1,2,8:46 PM,7:29,,,MISS Cousins 16' Jump Shot,,,5.0,202326,DeMarcus Cousins,1610612758.0,Sacramento,Kings,SAC,0,0,,,,,,0,0,,,,,
0021500293,183,4,0,2,8:46 PM,7:29,Howard REBOUND (Off:3 Def:8),,,,,4.0,2730,Dwight Howard,1610612745.0,Houston,Rockets,HOU,0,0,,,,,,0,0,,,,,
0021500293,184,5,1,2,8:47 PM,7:15,Terry Bad Pass Turnover (P2.T5),,Gay STEAL (2 STL),,,4.0,1891,Jason Terry,1610612745.0,Houston,Rockets,HOU,5,200752,Rudy Gay,1610612758.0,Sacramento,Kings,SAC,0,0,,,,,
0021500293,185,1,43,2,8:47 PM,7:09,,,Gay 3' Alley Oop Layup (6 PTS) (McLemore 1 AST),27 - 38,11,5.0,200752,Rudy Gay,1610612758.0,Sacramento,Kings,SAC,5,203463,Ben McLemore,1610612758.0,Sacramento,Kings,SAC,0,0,,,,,
0021500293,186,6,2,2,8:47 PM,7:02,,,Cousins S.FOUL (P3.T1) (D.Crawford),,,5.0,202326,DeMarcus Cousins,1610612758.0,Sacramento,Kings,SAC,4,2772,Trevor Ariza,1610612745.0,Houston,Rockets,HOU,1,0,,,,,
0021500293,188,3,11,2,8:47 PM,7:02,Ariza Free Throw 1 of 2 (1 PTS),,,27 - 39,12,4.0,2772,Trevor Ariza,1610612745.0,Houston,Rockets,HOU,0,0,,,,,,0,0,,,,,
0021500293,190,8,0,2,8:48 PM,7:02,SUB: Capela FOR Howard,,,,,4.0,2730,Dwight Howard,1610612745.0,Houston,Rockets,HOU,4,203991,Clint Capela,1610612745.0,Houston,Rockets,HOU,0,0,,,,,
0021500293,191,8,0,2,8:48 PM,7:02,SUB: Harden FOR Terry,,,,,4.0,1891,Jason Terry,1610612745.0,Houston,Rockets,HOU,4,201935,James Harden,1610612745.0,Houston,Rockets,HOU,0,0,,,,,
0021500293,192,8,0,2,8:48 PM,7:02,SUB: Jones FOR Thornton,,,,,4.0,201977,Marcus Thornton,1610612745.0,Houston,Rockets,HOU,4,203093,Terrence Jones,1610612745.0,Houston,Rockets,HOU,0,0,,,,,
0021500293,193,8,0,2,8:48 PM,7:02,,,SUB: Casspi FOR Cousins,,,5.0,202326,DeMarcus Cousins,1610612758.0,Sacramento,Kings,SAC,5,201956,Omri Casspi,1610612758.0,Sacramento,Kings,SAC,0,0,,,,,
0021500293,194,8,0,2,8:48 PM,7:02,,,SUB: Koufos FOR Belinelli,,,5.0,201158,Marco Belinelli,1610612758.0,Sacramento,Kings,SAC,5,201585,Kosta Koufos,1610612758.0,Sacramento,Kings,SAC,0,0,,,,,
0021500293,196,3,12,2,8:48 PM,7:02,MISS Ariza Free Throw 2 of 2,,,,,4.0,2772,Trevor Ariza,1610612745.0,Houston,Rockets,HOU,0,0,,,,,,0,0,,,,,
0021500293,198,4,0,2,8:48 PM,7:02,,,Koufos REBOUND (Off:1 Def:3),,,5.0,201585,Kosta Koufos,1610612758.0,Sacramento,Kings,SAC,0,0,,,,,,0,0,,,,,
0021500293,199,6,1,2,8:48 PM,6:54,Ariza P.FOUL (P1.T1) (D.Crawford),,,,,4.0,2772,Trevor Ariza,1610612745.0,Houston,Rockets,HOU,5,200752,Rudy Gay,1610612758.0,Sacramento,Kings,SAC,1,0,,,,,
0021500293,201,2,42,2,8:49 PM,6:39,,,MISS Casspi 4' Driving Layup,,,5.0,201956,Omri Casspi,1610612758.0,Sacramento,Kings,SAC,0,0,,,,,,0,0,,,,,
0021500293,202,4,0,2,8:49 PM,6:39,,,McLemore REBOUND (Off:1 Def:4),,,5.0,203463,Ben McLemore,1610612758.0,Sacramento,Kings,SAC,0,0,,,,,,0,0,,,,,
0021500293,203,6,1,2,8:49 PM,6:36,Beverley P.FOUL (P1.T2) (D.Crawford),,,,,4.0,201976,Patrick Beverley,1610612745.0,Houston,Rockets,HOU,5,203463,Ben McLemore,1610612758.0,Sacramento,Kings,SAC,1,0,,,,,
0021500293,204,1,1,2,8:49 PM,6:29,,,Casspi 25' 3PT Jump Shot (7 PTS) (Collison 3 AST),30 - 39,9,5.0,201956,Omri Casspi,1610612758.0,Sacramento,Kings,SAC,5,201954,Darren Collison,1610612758.0,Sacramento,Kings,SAC,0,0,,,,,
0021500293,205,2,1,2,8:49 PM,6:15,MISS Ariza 5' Jump Shot,,Casspi BLOCK (1 BLK),,,4.0,2772,Trevor Ariza,1610612745.0,Houston,Rockets,HOU,0,0,,,,,,5,201956,Omri Casspi,1610612758.0,Sacramento,Kings,SAC
0021500293,206,4,0,2,8:49 PM,6:15,,,Casspi REBOUND (Off:0 Def:2),,,5.0,201956,Omri Casspi,1610612758.0,Sacramento,Kings,SAC,0,0,,,,,,0,0,,,,,
0021500293,207,5,1,2,8:50 PM,6:11,Capela STEAL (2 STL),,Casspi Bad Pass Turnover (P2.T6),,,5.0,201956,Omri Casspi,1610612758.0,Sacramento,Kings,SAC,4,203991,Clint Capela,1610612745.0,Houston,Rockets,HOU,0,0,,,,,
0021500293,208,2,1,2,8:50 PM,6:05,MISS Harden 17' Jump Shot,,,,,4.0,201935,James Harden,1610612745.0,Houston,Rockets,HOU,0,0,,,,,,0,0,,,,,
0021500293,209,4,0,2,8:50 PM,6:04,,,McLemore REBOUND (Off:1 Def:5),,,5.0,203463,Ben McLemore,1610612758.0,Sacramento,Kings,SAC,0,0,,,,,,0,0,,,,,
0021500293,210,1,1,2,8:50 PM,5:55,,,McLemore 25' 3PT Jump Shot (7 PTS) (Casspi 1 AST),33 - 39,6,5.0,203463,Ben McLemore,1610612758.0,Sacramento,Kings,SAC,5,201956,Omri Casspi,1610612758.0,Sacramento,Kings,SAC,0,0,,,,,
0021500293,211,1,98,2,8:50 PM,5:41,Capela 3' Cutting Layup Shot (4 PTS) (Ariza 2 AST),,,33 - 41,8,4.0,203991,Clint Capela,1610612745.0,Houston,Rockets,HOU,4,2772,Trevor Ariza,1610612745.0,Houston,Rockets,HOU,0,0,,,,,
0021500293,212,1,79,2,8:50 PM,5:30,,,McLemore 12' Pullup Jump Shot (9 PTS),35 - 41,6,5.0,203463,Ben McLemore,1610612758.0,Sacramento,Kings,SAC,0,0,,,,,,0,0,,,,,
0021500293,213,9,2,2,8:50 PM,5:29,ROCKETS Timeout: Short (Full 2 Short 1),,,,,2.0,1610612745,,,,,,0,0,,,,,,0,0,,,,,
0021500293,215,9,1,2,8:50 PM,5:29,,,,,,1.0,0,,,,,,0,0,,,,,,0,0,,,,,
0021500293,217,8,0,2,8:53 PM,5:29,SUB: Motiejunas FOR Beverley,,,,,4.0,201976,Patrick Beverley,1610612745.0,Houston,Rockets,HOU,4,202700,Donatas Motiejunas,1610612745.0,Houston,Rockets,HOU,0,0,,,,,
0021500293,218,8,0,2,8:53 PM,5:29,SUB: Lawson FOR Jones,,,,,4.0,203093,Terrence Jones,1610612745.0,Houston,Rockets,HOU,4,201951,Ty Lawson,1610612745.0,Houston,Rockets,HOU,0,0,,,,,
0021500293,219,6,26,2,8:54 PM,5:13,Motiejunas Offensive Charge Foul (P1.T3) (D.Crawford),,,,,4.0,202700,Donatas Motiejunas,1610612745.0,Houston,Rockets,HOU,5,200752,Rudy Gay,1610612758.0,Sacramento,Kings,SAC,1,0,,,,,
0021500293,220,5,5,2,8:54 PM,5:13,Motiejunas Foul Turnover (P1.T6),,,,,4.0,202700,Donatas Motiejunas,1610612745.0,Houston,Rockets,HOU,0,0,,,,,,1,0,,,,,
0021500293,221,2,1,2,8:54 PM,5:01,,,MISS Gay 24' 3PT Jump Shot,,,5.0,200752,Rudy Gay,1610612758.0,Sacramento,Kings,SAC,0,0,,,,,,0,0,,,,,
0021500293,222,4,0,2,8:54 PM,5:00,Harden REBOUND (Off:0 Def:1),,,,,4.0,201935,James Harden,1610612745.0,Houston,Rockets,HOU,0,0,,,,,,0,0,,,,,
0021500293,223,5,2,2,8:54 PM,4:51,Harden Lost Ball Turnover (P1.T7),,Collison STEAL (1 STL),,,4.0,201935,James Harden,1610612745.0,Houston,Rockets,HOU,5,201954,Darren Collison,1610612758.0,Sacramento,Kings,SAC,0,0,,,,,
0021500293,224,2,79,2,8:54 PM,4:41,,,MISS Collison 20' Pullup Jump Shot,,,5.0,201954,Darren Collison,1610612758.0,Sacramento,Kings,SAC,0,0,,,,,,0,0,,,,,
0021500293,225,4,0,2,8:54 PM,4:39,,,Koufos REBOUND (Off:2 Def:3),,,5.0,201585,Kosta Koufos,1610612758.0,Sacramento,Kings,SAC,0,0,,,,,,0,0,,,,,
0021500293,226,2,3,2,8:54 PM,4:37,,,MISS Koufos 7' Hook Shot,,,5.0,201585,Kosta Koufos,1610612758.0,Sacramento,Kings,SAC,0,0,,,,,,0,0,,,,,
0021500293,227,4,0,2,8:54 PM,4:36,Ariza REBOUND (Off:1 Def:1),,,,,4.0,2772,Trevor Ariza,1610612745.0,Houston,Rockets,HOU,0,0,,,,,,0,0,,,,,
0021500293,228,1,52,2,8:55 PM,4:27,Capela  Alley Oop Dunk (6 PTS) (Harden 1 AST),,,35 - 43,8,4.0,203991,Clint Capela,1610612745.0,Houston,Rockets,HOU,4,201935,James Harden,1610612745.0,Houston,Rockets,HOU,0,0,,,,,
0021500293,229,2,1,2,8:55 PM,4:16,,,MISS Casspi 24' 3PT Jump Shot,,,5.0,201956,Omri Casspi,1610612758.0,Sacramento,Kings,SAC,0,0,,,,,,0,0,,,,,
0021500293,230,4,0,2,8:55 PM,4:15,ROCKETS Rebound,,,,,2.0,1610612745,,,,,,0,0,,,,,,0,0,,,,,
0021500293,231,8,0,2,8:55 PM,4:15,,,SUB: Rondo FOR Collison,,,5.0,201954,Darren Collison,1610612758.0,Sacramento,Kings,SAC,5,200765,Rajon Rondo,1610612758.0,Sacramento,Kings,SAC,0,0,,,,,
0021500293,233,5,1,2,8:55 PM,4:01,Motiejunas Bad Pass Turnover (P2.T8),,Koufos STEAL (1 STL),,,4.0,202700,Donatas Motiejunas,1610612745.0,Houston,Rockets,HOU,5,201585,Kosta Koufos,1610612758.0,Sacramento,Kings,SAC,0,0,,,,,
0021500293,234,6,1,2,8:55 PM,3:59,Lawson P.FOUL (P1.T4) (M.Ayotte),,,,,4.0,201951,Ty Lawson,1610612745.0,Houston,Rockets,HOU,5,203463,Ben McLemore,1610612758.0,Sacramento,Kings,SAC,1,0,,,,,
0021500293,235,2,1,2,8:56 PM,3:51,,,MISS McLemore 26' 3PT Jump Shot,,,5.0,203463,Ben McLemore,1610612758.0,Sacramento,Kings,SAC,0,0,,,,,,0,0,,,,,
0021500293,236,4,0,2,8:56 PM,3:50,Capela REBOUND (Off:0 Def:3),,,,,4.0,203991,Clint Capela,1610612745.0,Houston,Rockets,HOU,0,0,,,,,,0,0,,,,,
0021500293,237,1,79,2,8:56 PM,3:38,Harden 26' 3PT Pullup Jump Shot (8 PTS),,,35 - 46,11,4.0,201935,James Harden,1610612745.0,Houston,Rockets,HOU,0,0,,,,,,0,0,,,,,
0021500293,238,1,1,2,8:56 PM,3:21,,,Casspi 4' Jump Shot (9 PTS) (Rondo 4 AST),37 - 46,9,5.0,201956,Omri Casspi,1610612758.0,Sacramento,Kings,SAC,5,200765,Rajon Rondo,1610612758.0,Sacramento,Kings,SAC,0,0,,,,,
0021500293,239,2,43,2,8:56 PM,3:14,MISS Motiejunas 1' Alley Oop Layup,,,,,4.0,202700,Donatas Motiejunas,1610612745.0,Houston,Rockets,HOU,0,0,,,,,,0,0,,,,,
0021500293,240,4,0,2,8:56 PM,3:13,,,Koufos REBOUND (Off:2 Def:4),,,5.0,201585,Kosta Koufos,1610612758.0,Sacramento,Kings,SAC,0,0,,,,,,0,0,,,,,
0021500293,241,2,1,2,8:57 PM,3:04,,,MISS Casspi 25' 3PT Jump Shot,,,5.0,201956,Omri Casspi,1610612758.0,Sacramento,Kings,SAC,0,0,,,,,,0,0,,,,,
0021500293,242,4,0,2,8:57 PM,3:04,Ariza REBOUND (Off:1 Def:2),,,,,4.0,2772,Trevor Ariza,1610612745.0,Houston,Rockets,HOU,0,0,,,,,,0,0,,,,,
0021500293,243,2,58,2,8:57 PM,2:48,MISS Motiejunas 5' Turnaround Hook Shot,,,,,4.0,202700,Donatas Motiejunas,1610612745.0,Houston,Rockets,HOU,0,0,,,,,,0,0,,,,,
0021500293,244,4,0,2,8:57 PM,2:48,,,Koufos REBOUND (Off:2 Def:5),,,5.0,201585,Kosta Koufos,1610612758.0,Sacramento,Kings,SAC,0,0,,,,,,0,0,,,,,
0021500293,245,2,5,2,8:57 PM,2:41,,,MISS Casspi 5' Layup,,,5.0,201956,Omri Casspi,1610612758.0,Sacramento,Kings,SAC,0,0,,,,,,0,0,,,,,
0021500293,247,4,0,2,8:57 PM,2:40,,,McLemore REBOUND (Off:2 Def:5),,,5.0,203463,Ben McLemore,1610612758.0,Sacramento,Kings,SAC,0,0,,,,,,0,0,,,,,
0021500293,246,1,5,2,8:57 PM,2:40,,,McLemore 1' Layup (11 PTS),39 - 46,7,5.0,203463,Ben McLemore,1610612758.0,Sacramento,Kings,SAC,0,0,,,,,,0,0,,,,,
0021500293,249,2,1,2,8:57 PM,2:23,MISS Motiejunas 24' 3PT Jump Shot,,,,,4.0,202700,Donatas Motiejunas,1610612745.0,Houston,Rockets,HOU,0,0,,,,,,0,0,,,,,
0021500293,250,4,0,2,8:57 PM,2:22,,,Koufos REBOUND (Off:2 Def:6),,,5.0,201585,Kosta Koufos,1610612758.0,Sacramento,Kings,SAC,0,0,,,,,,0,0,,,,,
0021500293,251,1,5,2,8:57 PM,2:15,,,Gay 4' Layup (8 PTS) (Rondo 5 AST),41 - 46,5,5.0,200752,Rudy Gay,1610612758.0,Sacramento,Kings,SAC,5,200765,Rajon Rondo,1610612758.0,Sacramento,Kings,SAC,0,0,,,,,
0021500293,252,6,4,2,8:58 PM,2:05,Harden OFF.Foul (P2) (D.Crawford),,,,,4.0,201935,James Harden,1610612745.0,Houston,Rockets,HOU,5,200765,Rajon Rondo,1610612758.0,Sacramento,Kings,SAC,1,0,,,,,
0021500293,253,5,5,2,8:58 PM,2:05,Harden Foul Turnover (P2.T9),,,,,4.0,201935,James Harden,1610612745.0,Houston,Rockets,HOU,0,0,,,,,,1,0,,,,,
0021500293,254,9,1,2,8:58 PM,2:05,,,Kings Timeout: Regular (Reg.2 Short 0),,,3.0,1610612758,,,,,,0,0,,,,,,0,0,,,,,
0021500293,256,8,0,2,9:00 PM,2:05,SUB: Brewer FOR Capela,,,,,4.0,203991,Clint Capela,1610612745.0,Houston,Rockets,HOU,4,201147,Corey Brewer,1610612745.0,Houston,Rockets,HOU,0,0,,,,,
0021500293,257,8,0,2,9:00 PM,2:05,SUB: Howard FOR Motiejunas,,,,,4.0,202700,Donatas Motiejunas,1610612745.0,Houston,Rockets,HOU,4,2730,Dwight Howard,1610612745.0,Houston,Rockets,HOU,0,0,,,,,
0021500293,258,2,3,2,9:00 PM,1:55,,,MISS Koufos 4' Hook Shot,,,5.0,201585,Kosta Koufos,1610612758.0,Sacramento,Kings,SAC,0,0,,,,,,0,0,,,,,
0021500293,259,4,0,2,9:00 PM,1:54,,,Koufos REBOUND (Off:3 Def:6),,,5.0,201585,Kosta Koufos,1610612758.0,Sacramento,Kings,SAC,0,0,,,,,,0,0,,,,,
0021500293,260,2,3,2,9:00 PM,1:51,,,MISS Koufos 4' Hook Shot,,,5.0,201585,Kosta Koufos,1610612758.0,Sacramento,Kings,SAC,0,0,,,,,,0,0,,,,,
0021500293,261,4,0,2,9:00 PM,1:50,,,Rondo REBOUND (Off:1 Def:0),,,5.0,200765,Rajon Rondo,1610612758.0,Sacramento,Kings,SAC,0,0,,,,,,0,0,,,,,
0021500293,262,1,78,2,9:01 PM,1:47,,,Casspi 7' Floating Jump Shot (11 PTS) (Rondo 6 AST),43 - 46,3,5.0,201956,Omri Casspi,1610612758.0,Sacramento,Kings,SAC,5,200765,Rajon Rondo,1610612758.0,Sacramento,Kings,SAC,0,0,,,,,
0021500293,263,5,1,2,9:01 PM,1:36,Brewer Bad Pass Turnover (P2.T10),,Rondo STEAL (3 STL),,,4.0,201147,Corey Brewer,1610612745.0,Houston,Rockets,HOU,5,200765,Rajon Rondo,1610612758.0,Sacramento,Kings,SAC,0,0,,,,,
0021500293,264,1,50,2,9:01 PM,1:32,,,McLemore  Running Dunk (13 PTS) (Rondo 7 AST),45 - 46,1,5.0,203463,Ben McLemore,1610612758.0,Sacramento,Kings,SAC,5,200765,Rajon Rondo,1610612758.0,Sacramento,Kings,SAC,0,0,,,,,
0021500293,265,1,1,2,9:01 PM,1:14,Brewer  3PT Jump Shot (5 PTS) (Harden 2 AST),,,45 - 49,4,4.0,201147,Corey Brewer,1610612745.0,Houston,Rockets,HOU,4,201935,James Harden,1610612745.0,Houston,Rockets,HOU,0,0,,,,,
0021500293,266,2,49,2,9:01 PM,1:02,,,MISS Casspi  Driving Dunk,,,5.0,201956,Omri Casspi,1610612758.0,Sacramento,Kings,SAC,0,0,,,,,,0,0,,,,,
0021500293,267,4,0,2,9:02 PM,1:02,ROCKETS Rebound,,,,,2.0,1610612745,,,,,,0,0,,,,,,0,0,,,,,
0021500293,268,1,1,2,9:02 PM,0:54,Harden 26' 3PT Jump Shot (11 PTS) (Lawson 3 AST),,,45 - 52,7,4.0,201935,James Harden,1610612745.0,Houston,Rockets,HOU,4,201951,Ty Lawson,1610612745.0,Houston,Rockets,HOU,0,0,,,,,
0021500293,271,8,0,2,9:02 PM,0:38,SUB: Beverley FOR Lawson,,,,,4.0,201951,Ty Lawson,1610612745.0,Houston,Rockets,HOU,4,201976,Patrick Beverley,1610612745.0,Houston,Rockets,HOU,0,0,,,,,
0021500293,273,1,79,2,9:03 PM,0:34,,,Rondo 25' 3PT Pullup Jump Shot (5 PTS) (Gay 2 AST),48 - 52,4,5.0,200765,Rajon Rondo,1610612758.0,Sacramento,Kings,SAC,5,200752,Rudy Gay,1610612758.0,Sacramento,Kings,SAC,0,0,,,,,
0021500293,274,2,79,2,9:03 PM,0:29,MISS Harden 19' Pullup Jump Shot,,,,,4.0,201935,James Harden,1610612745.0,Houston,Rockets,HOU,0,0,,,,,,0,0,,,,,
0021500293,275,4,0,2,9:03 PM,0:27,,,Gay REBOUND (Off:1 Def:2),,,5.0,200752,Rudy Gay,1610612758.0,Sacramento,Kings,SAC,0,0,,,,,,0,0,,,,,
0021500293,276,2,1,2,9:03 PM,0:05,,,MISS McLemore 6' Jump Shot,,,5.0,203463,Ben McLemore,1610612758.0,Sacramento,Kings,SAC,0,0,,,,,,0,0,,,,,
0021500293,278,4,0,2,9:03 PM,0:05,,,Gay REBOUND (Off:2 Def:2),,,5.0,200752,Rudy Gay,1610612758.0,Sacramento,Kings,SAC,0,0,,,,,,0,0,,,,,
0021500293,277,2,97,2,9:03 PM,0:05,,,MISS Gay 2' Tip Layup Shot,,,5.0,200752,Rudy Gay,1610612758.0,Sacramento,Kings,SAC,0,0,,,,,,0,0,,,,,
0021500293,280,4,0,2,9:03 PM,0:05,,,Gay REBOUND (Off:3 Def:2),,,5.0,200752,Rudy Gay,1610612758.0,Sacramento,Kings,SAC,0,0,,,,,,0,0,,,,,
0021500293,279,1,97,2,9:03 PM,0:05,,,Gay 1' Tip Layup Shot (10 PTS),50 - 52,2,5.0,200752,Rudy Gay,1610612758.0,Sacramento,Kings,SAC,0,0,,,,,,0,0,,,,,
0021500293,282,2,5,2,9:04 PM,0:01,MISS Brewer 1' Layup,,,,,4.0,201147,Corey Brewer,1610612745.0,Houston,Rockets,HOU,0,0,,,,,,0,0,,,,,
0021500293,284,4,0,2,9:04 PM,0:00,Beverley REBOUND (Off:1 Def:0),,,,,4.0,201976,Patrick Beverley,1610612745.0,Houston,Rockets,HOU,0,0,,,,,,0,0,,,,,
0021500293,285,18,0,2,9:04 PM,0:00,,,,,,,287,Eric Leckner,,,,,0,0,,,,,,1,0,,,,,
0021500293,287,13,0,2,9:05 PM,0:00,,,,50 - 52,2,0.0,0,,,,,,0,0,,,,,,0,0,,,,,
0021500293,289,12,0,3,9:20 PM,12:00,,,,50 - 52,2,0.0,0,,,,,,0,0,,,,,,0,0,,,,,
0021500293,290,1,98,3,9:20 PM,11:49,,,Cousins 1' Cutting Layup Shot (4 PTS) (Rondo 8 AST),52 - 52,TIE,5.0,202326,DeMarcus Cousins,1610612758.0,Sacramento,Kings,SAC,5,200765,Rajon Rondo,1610612758.0,Sacramento,Kings,SAC,0,0,,,,,
0021500293,291,6,2,3,9:20 PM,11:49,Capela S.FOUL (P1.T1) (M.Ayotte),,,,,4.0,203991,Clint Capela,1610612745.0,Houston,Rockets,HOU,5,202326,DeMarcus Cousins,1610612758.0,Sacramento,Kings,SAC,1,0,,,,,
0021500293,292,3,10,3,9:20 PM,11:49,,,Cousins Free Throw 1 of 1 (5 PTS),53 - 52,-1,5.0,202326,DeMarcus Cousins,1610612758.0,Sacramento,Kings,SAC,0,0,,,,,,0,0,,,,,
0021500293,294,2,1,3,9:21 PM,11:29,MISS Ariza 25' 3PT Jump Shot,,,,,4.0,2772,Trevor Ariza,1610612745.0,Houston,Rockets,HOU,0,0,,,,,,0,0,,,,,
0021500293,295,4,0,3,9:21 PM,11:28,,,Cousins REBOUND (Off:0 Def:5),,,5.0,202326,DeMarcus Cousins,1610612758.0,Sacramento,Kings,SAC,0,0,,,,,,0,0,,,,,
0021500293,296,5,21,3,9:21 PM,11:22,,,Cousins Palming Turnover (P2.T7),,,5.0,202326,DeMarcus Cousins,1610612758.0,Sacramento,Kings,SAC,0,0,,,,,,1,0,,,,,
0021500293,297,1,98,3,9:22 PM,10:58,Ariza 2' Cutting Layup Shot (3 PTS) (Harden 3 AST),,,53 - 54,1,4.0,2772,Trevor Ariza,1610612745.0,Houston,Rockets,HOU,4,201935,James Harden,1610612745.0,Houston,Rockets,HOU,0,0,,,,,
0021500293,299,5,1,3,9:22 PM,10:38,Ariza STEAL (2 STL),,Casspi Bad Pass Turnover (P3.T8),,,5.0,201956,Omri Casspi,1610612758.0,Sacramento,Kings,SAC,4,2772,Trevor Ariza,1610612745.0,Houston,Rockets,HOU,0,0,,,,,
0021500293,300,5,1,3,9:22 PM,10:31,Harden Bad Pass Turnover (P3.T11),,Rondo STEAL (4 STL),,,4.0,201935,James Harden,1610612745.0,Houston,Rockets,HOU,5,200765,Rajon Rondo,1610612758.0,Sacramento,Kings,SAC,0,0,,,,,
0021500293,301,2,1,3,9:22 PM,10:18,,,MISS Cousins 26' 3PT Jump Shot,,,5.0,202326,DeMarcus Cousins,1610612758.0,Sacramento,Kings,SAC,0,0,,,,,,0,0,,,,,
0021500293,302,4,0,3,9:23 PM,10:18,ROCKETS Rebound,,,,,2.0,1610612745,,,,,,0,0,,,,,,0,0,,,,,
0021500293,303,1,80,3,9:23 PM,10:05,Harden 16' Step Back Jump Shot (13 PTS),,,53 - 56,3,4.0,201935,James Harden,1610612745.0,Houston,Rockets,HOU,0,0,,,,,,0,0,,,,,
0021500293,304,1,42,3,9:23 PM,9:47,,,Rondo 4' Driving Layup (7 PTS) (Cousins 3 AST),55 - 56,1,5.0,200765,Rajon Rondo,1610612758.0,Sacramento,Kings,SAC,5,202326,DeMarcus Cousins,1610612758.0,Sacramento,Kings,SAC,0,0,,,,,
0021500293,305,1,5,3,9:24 PM,9:33,Howard 1' Layup (10 PTS) (Capela 2 AST),,,55 - 58,3,4.0,2730,Dwight Howard,1610612745.0,Houston,Rockets,HOU,4,203991,Clint Capela,1610612745.0,Houston,Rockets,HOU,0,0,,,,,
0021500293,306,6,2,3,9:24 PM,9:33,,,Gay S.FOUL (P3.T1) (L.Holtkamp),,,5.0,200752,Rudy Gay,1610612758.0,Sacramento,Kings,SAC,4,2730,Dwight Howard,1610612745.0,Houston,Rockets,HOU,1,0,,,,,
0021500293,307,3,10,3,9:24 PM,9:33,MISS Howard Free Throw 1 of 1,,,,,4.0,2730,Dwight Howard,1610612745.0,Houston,Rockets,HOU,0,0,,,,,,0,0,,,,,
0021500293,309,4,0,3,9:24 PM,9:33,,,McLemore REBOUND (Off:2 Def:6),,,5.0,203463,Ben McLemore,1610612758.0,Sacramento,Kings,SAC,0,0,,,,,,0,0,,,,,
0021500293,310,5,45,3,9:24 PM,9:18,,,Rondo Out of Bounds - Bad Pass Turnover Turnover (P2.T9),,,5.0,200765,Rajon Rondo,1610612758.0,Sacramento,Kings,SAC,0,0,,,,,,0,0,,,,,
0021500293,311,1,52,3,9:25 PM,9:10,Howard  Alley Oop Dunk (12 PTS) (Harden 4 AST),,,55 - 60,5,4.0,2730,Dwight Howard,1610612745.0,Houston,Rockets,HOU,4,201935,James Harden,1610612745.0,Houston,Rockets,HOU,0,0,,,,,
0021500293,312,1,42,3,9:25 PM,8:54,,,Rondo 2' Driving Layup (9 PTS),57 - 60,3,5.0,200765,Rajon Rondo,1610612758.0,Sacramento,Kings,SAC,0,0,,,,,,0,0,,,,,
0021500293,313,9,1,3,9:25 PM,8:48,ROCKETS Timeout: Regular (Full 3 Short 1),,,,,2.0,1610612745,,,,,,0,0,,,,,,0,0,,,,,
0021500293,317,6,2,3,9:28 PM,8:40,,,Gay S.FOUL (P4.T2) (D.Crawford),,,5.0,200752,Rudy Gay,1610612758.0,Sacramento,Kings,SAC,4,201935,James Harden,1610612745.0,Houston,Rockets,HOU,1,0,,,,,
0021500293,318,3,11,3,9:28 PM,8:40,Harden Free Throw 1 of 2 (14 PTS),,,57 - 61,4,4.0,201935,James Harden,1610612745.0,Houston,Rockets,HOU,0,0,,,,,,0,0,,,,,
0021500293,320,8,0,3,9:28 PM,8:40,,,SUB: Koufos FOR Gay,,,5.0,200752,Rudy Gay,1610612758.0,Sacramento,Kings,SAC,5,201585,Kosta Koufos,1610612758.0,Sacramento,Kings,SAC,0,0,,,,,
0021500293,321,3,12,3,9:28 PM,8:40,Harden Free Throw 2 of 2 (15 PTS),,,57 - 62,5,4.0,201935,James Harden,1610612745.0,Houston,Rockets,HOU,0,0,,,,,,0,0,,,,,
0021500293,324,7,2,3,9:29 PM,8:22,Howard Violation:Defensive Goaltending (D.Crawford),,,,,4.0,2730,Dwight Howard,1610612745.0,Houston,Rockets,HOU,0,0,,,,,,1,0,,,,,
0021500293,323,1,1,3,9:29 PM,8:22,,,Koufos 6' Jump Shot (2 PTS) (Rondo 9 AST),59 - 62,3,5.0,201585,Kosta Koufos,1610612758.0,Sacramento,Kings,SAC,5,200765,Rajon Rondo,1610612758.0,Sacramento,Kings,SAC,0,0,,,,,
0021500293,325,2,79,3,9:29 PM,8:10,MISS Ariza 15' Pullup Jump Shot,,,,,4.0,2772,Trevor Ariza,1610612745.0,Houston,Rockets,HOU,0,0,,,,,,0,0,,,,,
0021500293,326,4,0,3,9:29 PM,8:09,,,Rondo REBOUND (Off:1 Def:1),,,5.0,200765,Rajon Rondo,1610612758.0,Sacramento,Kings,SAC,0,0,,,,,,0,0,,,,,
0021500293,327,1,1,3,9:29 PM,8:01,,,McLemore  3PT Jump Shot (16 PTS) (Rondo 10 AST),62 - 62,TIE,5.0,203463,Ben McLemore,1610612758.0,Sacramento,Kings,SAC,5,200765,Rajon Rondo,1610612758.0,Sacramento,Kings,SAC,0,0,,,,,
0021500293,328,1,3,3,9:30 PM,7:44,Howard 5' Hook Shot (14 PTS),,,62 - 64,2,4.0,2730,Dwight Howard,1610612745.0,Houston,Rockets,HOU,0,0,,,,,,0,0,,,,,
0021500293,329,1,78,3,9:30 PM,7:24,,,Rondo 10' Floating Jump Shot (11 PTS),64 - 64,TIE,5.0,200765,Rajon Rondo,1610612758.0,Sacramento,Kings,SAC,0,0,,,,,,0,0,,,,,
0021500293,330,2,7,3,9:30 PM,7:08,MISS Capela  Dunk,,Casspi BLOCK (2 BLK),,,4.0,203991,Clint Capela,1610612745.0,Houston,Rockets,HOU,0,0,,,,,,5,201956,Omri Casspi,1610612758.0,Sacramento,Kings,SAC
0021500293,331,4,0,3,9:30 PM,7:07,,,Cousins REBOUND (Off:0 Def:6),,,5.0,202326,DeMarcus Cousins,1610612758.0,Sacramento,Kings,SAC,0,0,,,,,,0,0,,,,,
0021500293,332,2,42,3,9:30 PM,7:01,Howard BLOCK (1 BLK),,MISS Cousins 1' Driving Layup,,,5.0,202326,DeMarcus Cousins,1610612758.0,Sacramento,Kings,SAC,0,0,,,,,,4,2730,Dwight Howard,1610612745.0,Houston,Rockets,HOU
0021500293,333,4,0,3,9:30 PM,7:01,,,Kings Rebound,,,3.0,1610612758,,,,,,0,0,,,,,,0,0,,,,,
0021500293,334,6,1,3,9:31 PM,6:51,Beverley P.FOUL (P2.T2) (D.Crawford),,,,,4.0,201976,Patrick Beverley,1610612745.0,Houston,Rockets,HOU,5,200765,Rajon Rondo,1610612758.0,Sacramento,Kings,SAC,1,0,,,,,
0021500293,335,6,2,3,9:31 PM,6:40,Capela S.FOUL (P2.T3) (L.Holtkamp),,,,,4.0,203991,Clint Capela,1610612745.0,Houston,Rockets,HOU,5,202326,DeMarcus Cousins,1610612758.0,Sacramento,Kings,SAC,1,0,,,,,
0021500293,336,3,11,3,9:32 PM,6:40,,,Cousins Free Throw 1 of 2 (6 PTS),65 - 64,-1,5.0,202326,DeMarcus Cousins,1610612758.0,Sacramento,Kings,SAC,0,0,,,,,,0,0,,,,,
0021500293,338,8,0,3,9:32 PM,6:40,SUB: Terry FOR Beverley,,,,,4.0,201976,Patrick Beverley,1610612745.0,Houston,Rockets,HOU,4,1891,Jason Terry,1610612745.0,Houston,Rockets,HOU,0,0,,,,,
0021500293,339,3,12,3,9:32 PM,6:40,,,Cousins Free Throw 2 of 2 (7 PTS),66 - 64,-2,5.0,202326,DeMarcus Cousins,1610612758.0,Sacramento,Kings,SAC,0,0,,,,,,0,0,,,,,
0021500293,341,2,78,3,9:33 PM,6:15,MISS Harden 12' Floating Jump Shot,,,,,4.0,201935,James Harden,1610612745.0,Houston,Rockets,HOU,0,0,,,,,,0,0,,,,,
0021500293,342,4,0,3,9:33 PM,6:15,ROCKETS Rebound,,,,,2.0,1610612745,,,,,,0,0,,,,,,0,0,,,,,
0021500293,343,5,11,3,9:33 PM,6:15,ROCKETS Turnover: Shot Clock (T#12),,,,,2.0,1610612745,,,,,,0,0,,,,,,1,0,,,,,
0021500293,345,5,1,3,9:33 PM,6:01,Terry STEAL (1 STL),,Rondo Bad Pass Turnover (P3.T10),,,5.0,200765,Rajon Rondo,1610612758.0,Sacramento,Kings,SAC,4,1891,Jason Terry,1610612745.0,Houston,Rockets,HOU,0,0,,,,,
0021500293,346,6,2,3,9:33 PM,5:55,,,Koufos S.FOUL (P1.T3) (L.Holtkamp),,,5.0,201585,Kosta Koufos,1610612758.0,Sacramento,Kings,SAC,4,2730,Dwight Howard,1610612745.0,Houston,Rockets,HOU,1,0,,,,,
0021500293,347,3,11,3,9:33 PM,5:55,Howard Free Throw 1 of 2 (15 PTS),,,66 - 65,-1,4.0,2730,Dwight Howard,1610612745.0,Houston,Rockets,HOU,0,0,,,,,,0,0,,,,,
0021500293,349,8,0,3,9:34 PM,5:55,SUB: Jones FOR Capela,,,,,4.0,203991,Clint Capela,1610612745.0,Houston,Rockets,HOU,4,203093,Terrence Jones,1610612745.0,Houston,Rockets,HOU,0,0,,,,,
0021500293,350,3,12,3,9:34 PM,5:55,MISS Howard Free Throw 2 of 2,,,,,4.0,2730,Dwight Howard,1610612745.0,Houston,Rockets,HOU,0,0,,,,,,0,0,,,,,
0021500293,352,4,0,3,9:34 PM,5:55,,,Cousins REBOUND (Off:0 Def:7),,,5.0,202326,DeMarcus Cousins,1610612758.0,Sacramento,Kings,SAC,0,0,,,,,,0,0,,,,,
0021500293,353,1,78,3,9:34 PM,5:40,,,Rondo 8' Floating Jump Shot (13 PTS),68 - 65,-3,5.0,200765,Rajon Rondo,1610612758.0,Sacramento,Kings,SAC,0,0,,,,,,0,0,,,,,
0021500293,354,1,1,3,9:35 PM,5:15,Ariza  3PT Jump Shot (6 PTS) (Harden 5 AST),,,68 - 68,TIE,4.0,2772,Trevor Ariza,1610612745.0,Houston,Rockets,HOU,4,201935,James Harden,1610612745.0,Houston,Rockets,HOU,0,0,,,,,
0021500293,355,6,2,3,9:35 PM,5:04,Jones S.FOUL (P1.T4) (D.Crawford),,,,,4.0,203093,Terrence Jones,1610612745.0,Houston,Rockets,HOU,5,202326,DeMarcus Cousins,1610612758.0,Sacramento,Kings,SAC,1,0,,,,,
0021500293,356,3,11,3,9:35 PM,5:04,,,MISS Cousins Free Throw 1 of 2,,,5.0,202326,DeMarcus Cousins,1610612758.0,Sacramento,Kings,SAC,0,0,,,,,,0,0,,,,,
0021500293,357,4,1,3,9:35 PM,5:04,,,Kings Rebound,,,3.0,1610612758,,,,,,0,0,,,,,,0,0,,,,,
0021500293,358,3,12,3,9:35 PM,5:04,,,Cousins Free Throw 2 of 2 (8 PTS),69 - 68,-1,5.0,202326,DeMarcus Cousins,1610612758.0,Sacramento,Kings,SAC,0,0,,,,,,0,0,,,,,
0021500293,361,2,1,3,9:36 PM,4:47,MISS Harden 9' Jump Shot,,,,,4.0,201935,James Harden,1610612745.0,Houston,Rockets,HOU,0,0,,,,,,0,0,,,,,
0021500293,362,4,0,3,9:36 PM,4:47,Ariza REBOUND (Off:2 Def:2),,,,,4.0,2772,Trevor Ariza,1610612745.0,Houston,Rockets,HOU,0,0,,,,,,0,0,,,,,
0021500293,363,2,5,3,9:36 PM,4:46,MISS Ariza 3' Layup,,Cousins BLOCK (2 BLK),,,4.0,2772,Trevor Ariza,1610612745.0,Houston,Rockets,HOU,0,0,,,,,,5,202326,DeMarcus Cousins,1610612758.0,Sacramento,Kings,SAC
0021500293,364,4,0,3,9:36 PM,4:45,Howard REBOUND (Off:4 Def:8),,,,,4.0,2730,Dwight Howard,1610612745.0,Houston,Rockets,HOU,0,0,,,,,,0,0,,,,,
0021500293,365,6,2,3,9:36 PM,4:45,,,Cousins S.FOUL (P4.T4) (D.Crawford),,,5.0,202326,DeMarcus Cousins,1610612758.0,Sacramento,Kings,SAC,4,2730,Dwight Howard,1610612745.0,Houston,Rockets,HOU,1,0,,,,,
0021500293,366,3,11,3,9:36 PM,4:45,Howard Free Throw 1 of 2 (16 PTS),,,69 - 69,TIE,4.0,2730,Dwight Howard,1610612745.0,Houston,Rockets,HOU,0,0,,,,,,0,0,,,,,
0021500293,368,3,12,3,9:36 PM,4:45,Howard Free Throw 2 of 2 (17 PTS),,,69 - 70,1,4.0,2730,Dwight Howard,1610612745.0,Houston,Rockets,HOU,0,0,,,,,,0,0,,,,,
0021500293,371,1,1,3,9:37 PM,4:27,,,McLemore 24' 3PT Jump Shot (19 PTS) (Rondo 11 AST),72 - 70,-2,5.0,203463,Ben McLemore,1610612758.0,Sacramento,Kings,SAC,5,200765,Rajon Rondo,1610612758.0,Sacramento,Kings,SAC,0,0,,,,,
0021500293,372,1,79,3,9:37 PM,4:16,Harden 25' 3PT Pullup Jump Shot (18 PTS),,,72 - 73,1,4.0,201935,James Harden,1610612745.0,Houston,Rockets,HOU,0,0,,,,,,0,0,,,,,
0021500293,373,2,1,3,9:38 PM,4:04,,,MISS Rondo 22' Jump Shot,,,5.0,200765,Rajon Rondo,1610612758.0,Sacramento,Kings,SAC,0,0,,,,,,0,0,,,,,
0021500293,374,4,0,3,9:38 PM,4:03,Jones REBOUND (Off:2 Def:1),,,,,4.0,203093,Terrence Jones,1610612745.0,Houston,Rockets,HOU,0,0,,,,,,0,0,,,,,
0021500293,375,6,2,3,9:38 PM,3:54,,,Koufos S.FOUL (P2.PN) (L.Holtkamp),,,5.0,201585,Kosta Koufos,1610612758.0,Sacramento,Kings,SAC,4,201935,James Harden,1610612745.0,Houston,Rockets,HOU,1,0,,,,,
0021500293,376,3,11,3,9:38 PM,3:54,Harden Free Throw 1 of 2 (19 PTS),,,72 - 74,2,4.0,201935,James Harden,1610612745.0,Houston,Rockets,HOU,0,0,,,,,,0,0,,,,,
0021500293,378,8,0,3,9:38 PM,3:54,SUB: Capela FOR Howard,,,,,4.0,2730,Dwight Howard,1610612745.0,Houston,Rockets,HOU,4,203991,Clint Capela,1610612745.0,Houston,Rockets,HOU,0,0,,,,,
0021500293,379,8,0,3,9:38 PM,3:54,,,SUB: Collison FOR Cousins,,,5.0,202326,DeMarcus Cousins,1610612758.0,Sacramento,Kings,SAC,5,201954,Darren Collison,1610612758.0,Sacramento,Kings,SAC,0,0,,,,,
0021500293,380,3,12,3,9:39 PM,3:54,Harden Free Throw 2 of 2 (20 PTS),,,72 - 75,3,4.0,201935,James Harden,1610612745.0,Houston,Rockets,HOU,0,0,,,,,,0,0,,,,,
0021500293,382,2,79,3,9:39 PM,3:30,,,MISS Rondo 24' 3PT Pullup Jump Shot,,,5.0,200765,Rajon Rondo,1610612758.0,Sacramento,Kings,SAC,0,0,,,,,,0,0,,,,,
0021500293,383,4,0,3,9:39 PM,3:28,Harden REBOUND (Off:0 Def:2),,,,,4.0,201935,James Harden,1610612745.0,Houston,Rockets,HOU,0,0,,,,,,0,0,,,,,
0021500293,384,5,2,3,9:39 PM,3:23,Harden Lost Ball Turnover (P4.T13),,McLemore STEAL (1 STL),,,4.0,201935,James Harden,1610612745.0,Houston,Rockets,HOU,5,203463,Ben McLemore,1610612758.0,Sacramento,Kings,SAC,0,0,,,,,
0021500293,385,1,41,3,9:39 PM,3:17,,,Collison 3' Running Layup (9 PTS) (Rondo 12 AST),74 - 75,1,5.0,201954,Darren Collison,1610612758.0,Sacramento,Kings,SAC,5,200765,Rajon Rondo,1610612758.0,Sacramento,Kings,SAC,0,0,,,,,
0021500293,387,5,2,3,9:40 PM,2:54,Jones Lost Ball Turnover (P1.T14),,Koufos STEAL (2 STL),,,4.0,203093,Terrence Jones,1610612745.0,Houston,Rockets,HOU,5,201585,Kosta Koufos,1610612758.0,Sacramento,Kings,SAC,0,0,,,,,
0021500293,388,1,1,3,9:40 PM,2:48,,,Collison 26' 3PT Jump Shot (12 PTS) (Rondo 13 AST),77 - 75,-2,5.0,201954,Darren Collison,1610612758.0,Sacramento,Kings,SAC,5,200765,Rajon Rondo,1610612758.0,Sacramento,Kings,SAC,0,0,,,,,
0021500293,389,6,1,3,9:40 PM,2:29,,,McLemore P.FOUL (P1.PN) (L.Holtkamp),,,5.0,203463,Ben McLemore,1610612758.0,Sacramento,Kings,SAC,4,201935,James Harden,1610612745.0,Houston,Rockets,HOU,1,0,,,,,
0021500293,390,9,1,3,9:41 PM,2:29,,,Kings Timeout: Regular (Reg.3 Short 0),,,3.0,1610612758,,,,,,0,0,,,,,,0,0,,,,,
0021500293,392,18,1,3,9:42 PM,2:29,,,,,,,372,,,,,,0,0,,,,,,1,0,,,,,
0021500293,396,3,11,3,9:43 PM,2:29,MISS Harden Free Throw 1 of 2,,,,,4.0,201935,James Harden,1610612745.0,Houston,Rockets,HOU,0,0,,,,,,0,0,,,,,
0021500293,397,4,1,3,9:43 PM,2:29,ROCKETS Rebound,,,,,2.0,1610612745,,,,,,0,0,,,,,,0,0,,,,,
0021500293,398,3,12,3,9:43 PM,2:29,Harden Free Throw 2 of 2 (21 PTS),,,77 - 76,-1,4.0,201935,James Harden,1610612745.0,Houston,Rockets,HOU,0,0,,,,,,0,0,,,,,
0021500293,400,2,78,3,9:44 PM,2:10,,,MISS Rondo 11' Floating Jump Shot,,,5.0,200765,Rajon Rondo,1610612758.0,Sacramento,Kings,SAC,0,0,,,,,,0,0,,,,,
0021500293,401,4,0,3,9:44 PM,2:10,,,Koufos REBOUND (Off:4 Def:6),,,5.0,201585,Kosta Koufos,1610612758.0,Sacramento,Kings,SAC,0,0,,,,,,0,0,,,,,
0021500293,402,1,72,3,9:44 PM,2:07,,,Koufos 3' Putback Layup (4 PTS),79 - 76,-3,5.0,201585,Kosta Koufos,1610612758.0,Sacramento,Kings,SAC,0,0,,,,,,0,0,,,,,
0021500293,403,1,52,3,9:44 PM,1:52,Capela  Alley Oop Dunk (8 PTS) (Harden 6 AST),,,79 - 78,-1,4.0,203991,Clint Capela,1610612745.0,Houston,Rockets,HOU,4,201935,James Harden,1610612745.0,Houston,Rockets,HOU,0,0,,,,,
0021500293,404,1,3,3,9:45 PM,1:28,,,Koufos 8' Hook Shot (6 PTS) (Collison 4 AST),81 - 78,-3,5.0,201585,Kosta Koufos,1610612758.0,Sacramento,Kings,SAC,5,201954,Darren Collison,1610612758.0,Sacramento,Kings,SAC,0,0,,,,,
0021500293,405,6,4,3,9:45 PM,1:18,Jones OFF.Foul (P2) (D.Crawford),,,,,4.0,203093,Terrence Jones,1610612745.0,Houston,Rockets,HOU,5,201956,Omri Casspi,1610612758.0,Sacramento,Kings,SAC,1,0,,,,,
0021500293,406,5,5,3,9:45 PM,1:18,Jones Foul Turnover (P2.T15),,,,,4.0,203093,Terrence Jones,1610612745.0,Houston,Rockets,HOU,0,0,,,,,,1,0,,,,,
0021500293,407,8,0,3,9:45 PM,1:18,,,SUB: Belinelli FOR McLemore,,,5.0,203463,Ben McLemore,1610612758.0,Sacramento,Kings,SAC,5,201158,Marco Belinelli,1610612758.0,Sacramento,Kings,SAC,0,0,,,,,
0021500293,408,8,0,3,9:45 PM,1:18,SUB: Lawson FOR Harden,,,,,4.0,201935,James Harden,1610612745.0,Houston,Rockets,HOU,4,201951,Ty Lawson,1610612745.0,Houston,Rockets,HOU,0,0,,,,,
0021500293,409,5,1,3,9:45 PM,1:01,Ariza STEAL (3 STL),,Rondo Bad Pass Turnover (P4.T11),,,5.0,200765,Rajon Rondo,1610612758.0,Sacramento,Kings,SAC,4,2772,Trevor Ariza,1610612745.0,Houston,Rockets,HOU,0,0,,,,,
0021500293,410,1,1,3,9:45 PM,0:53,Terry 26' 3PT Jump Shot (6 PTS) (Lawson 4 AST),,,81 - 81,TIE,4.0,1891,Jason Terry,1610612745.0,Houston,Rockets,HOU,4,201951,Ty Lawson,1610612745.0,Houston,Rockets,HOU,0,0,,,,,
0021500293,411,1,1,3,9:46 PM,0:40,,,Belinelli 14' Jump Shot (2 PTS) (Rondo 14 AST),83 - 81,-2,5.0,201158,Marco Belinelli,1610612758.0,Sacramento,Kings,SAC,5,200765,Rajon Rondo,1610612758.0,Sacramento,Kings,SAC,0,0,,,,,
0021500293,412,1,1,3,9:46 PM,0:33,Jones 25' 3PT Jump Shot (7 PTS) (Ariza 3 AST),,,83 - 84,1,4.0,203093,Terrence Jones,1610612745.0,Houston,Rockets,HOU,4,2772,Trevor Ariza,1610612745.0,Houston,Rockets,HOU,0,0,,,,,
0021500293,413,1,1,3,9:46 PM,0:22,,,Belinelli 15' Jump Shot (4 PTS) (Rondo 15 AST),85 - 84,-1,5.0,201158,Marco Belinelli,1610612758.0,Sacramento,Kings,SAC,5,200765,Rajon Rondo,1610612758.0,Sacramento,Kings,SAC,0,0,,,,,
0021500293,414,2,1,3,9:47 PM,0:01,MISS Ariza  3PT Jump Shot,,,,,4.0,2772,Trevor Ariza,1610612745.0,Houston,Rockets,HOU,0,0,,,,,,0,0,,,,,
0021500293,415,4,0,3,9:47 PM,0:00,,,Casspi REBOUND (Off:0 Def:3),,,5.0,201956,Omri Casspi,1610612758.0,Sacramento,Kings,SAC,0,0,,,,,,0,0,,,,,
0021500293,416,2,1,3,9:47 PM,0:00,,,MISS Casspi 68' 3PT Jump Shot,,,5.0,201956,Omri Casspi,1610612758.0,Sacramento,Kings,SAC,0,0,,,,,,0,0,,,,,
0021500293,417,4,0,3,9:47 PM,0:00,,,Kings Rebound,,,3.0,1610612758,,,,,,0,0,,,,,,0,0,,,,,
0021500293,418,13,0,3,9:47 PM,0:00,,,,85 - 84,-1,0.0,0,,,,,,0,0,,,,,,0,0,,,,,
0021500293,420,12,0,4,9:49 PM,12:00,,,,85 - 84,-1,0.0,0,,,,,,0,0,,,,,,0,0,,,,,
0021500293,421,2,52,4,9:50 PM,11:41,MISS Howard  Alley Oop Dunk,,,,,4.0,2730,Dwight Howard,1610612745.0,Houston,Rockets,HOU,0,0,,,,,,0,0,,,,,
0021500293,422,4,0,4,9:50 PM,11:41,,,Belinelli REBOUND (Off:0 Def:1),,,5.0,201158,Marco Belinelli,1610612758.0,Sacramento,Kings,SAC,0,0,,,,,,0,0,,,,,
0021500293,423,1,1,4,9:50 PM,11:26,,,Collison 24' 3PT Jump Shot (15 PTS) (Rondo 16 AST),88 - 84,-4,5.0,201954,Darren Collison,1610612758.0,Sacramento,Kings,SAC,5,200765,Rajon Rondo,1610612758.0,Sacramento,Kings,SAC,0,0,,,,,
0021500293,424,1,85,4,9:50 PM,11:06,Jones 7' Turnaround Bank Shot (9 PTS),,,88 - 86,-2,4.0,203093,Terrence Jones,1610612745.0,Houston,Rockets,HOU,0,0,,,,,,0,0,,,,,
0021500293,425,6,2,4,9:50 PM,11:06,,,Gay S.FOUL (P5.T1) (M.Ayotte),,,5.0,200752,Rudy Gay,1610612758.0,Sacramento,Kings,SAC,4,203093,Terrence Jones,1610612745.0,Houston,Rockets,HOU,1,0,,,,,
0021500293,426,8,0,4,9:51 PM,11:06,,,SUB: Cousins FOR Gay,,,5.0,200752,Rudy Gay,1610612758.0,Sacramento,Kings,SAC,5,202326,DeMarcus Cousins,1610612758.0,Sacramento,Kings,SAC,0,0,,,,,
0021500293,427,8,0,4,9:51 PM,11:06,SUB: Beverley FOR Lawson,,,,,4.0,201951,Ty Lawson,1610612745.0,Houston,Rockets,HOU,4,201976,Patrick Beverley,1610612745.0,Houston,Rockets,HOU,0,0,,,,,
0021500293,428,3,10,4,9:51 PM,11:06,Jones Free Throw 1 of 1 (10 PTS),,,88 - 87,-1,4.0,203093,Terrence Jones,1610612745.0,Houston,Rockets,HOU,0,0,,,,,,0,0,,,,,
0021500293,430,5,11,4,9:51 PM,10:41,,,Kings Turnover: Shot Clock (T#12),,,3.0,1610612758,,,,,,0,0,,,,,,1,0,,,,,
0021500293,431,8,0,4,9:52 PM,10:41,,,SUB: McLemore FOR Rondo,,,5.0,200765,Rajon Rondo,1610612758.0,Sacramento,Kings,SAC,5,203463,Ben McLemore,1610612758.0,Sacramento,Kings,SAC,0,0,,,,,
0021500293,432,1,1,4,9:52 PM,10:29,Jones 21' Jump Shot (12 PTS) (Brewer 2 AST),,,88 - 89,1,4.0,203093,Terrence Jones,1610612745.0,Houston,Rockets,HOU,4,201147,Corey Brewer,1610612745.0,Houston,Rockets,HOU,0,0,,,,,
0021500293,433,1,1,4,9:52 PM,10:13,,,Belinelli 19' Jump Shot (6 PTS) (Collison 5 AST),90 - 89,-1,5.0,201158,Marco Belinelli,1610612758.0,Sacramento,Kings,SAC,5,201954,Darren Collison,1610612758.0,Sacramento,Kings,SAC,0,0,,,,,
0021500293,434,6,2,4,9:52 PM,10:05,,,Belinelli S.FOUL (P1.T2) (L.Holtkamp),,,5.0,201158,Marco Belinelli,1610612758.0,Sacramento,Kings,SAC,4,203093,Terrence Jones,1610612745.0,Houston,Rockets,HOU,1,0,,,,,
0021500293,435,3,11,4,9:53 PM,10:05,Jones Free Throw 1 of 2 (13 PTS),,,90 - 90,TIE,4.0,203093,Terrence Jones,1610612745.0,Houston,Rockets,HOU,0,0,,,,,,0,0,,,,,
0021500293,437,3,12,4,9:53 PM,10:05,Jones Free Throw 2 of 2 (14 PTS),,,90 - 91,1,4.0,203093,Terrence Jones,1610612745.0,Houston,Rockets,HOU,0,0,,,,,,0,0,,,,,
0021500293,439,1,98,4,9:53 PM,9:52,,,Koufos 2' Cutting Layup Shot (8 PTS) (Collison 6 AST),92 - 91,-1,5.0,201585,Kosta Koufos,1610612758.0,Sacramento,Kings,SAC,5,201954,Darren Collison,1610612758.0,Sacramento,Kings,SAC,0,0,,,,,
0021500293,440,6,2,4,9:53 PM,9:52,Howard S.FOUL (P1.T1) (L.Holtkamp),,,,,4.0,2730,Dwight Howard,1610612745.0,Houston,Rockets,HOU,5,201585,Kosta Koufos,1610612758.0,Sacramento,Kings,SAC,1,0,,,,,
0021500293,441,3,10,4,9:54 PM,9:52,,,Koufos Free Throw 1 of 1 (9 PTS),93 - 91,-2,5.0,201585,Kosta Koufos,1610612758.0,Sacramento,Kings,SAC,0,0,,,,,,0,0,,,,,
0021500293,443,2,1,4,9:54 PM,9:40,MISS Brewer 25' 3PT Jump Shot,,,,,4.0,201147,Corey Brewer,1610612745.0,Houston,Rockets,HOU,0,0,,,,,,0,0,,,,,
0021500293,444,4,0,4,9:54 PM,9:40,,,Belinelli REBOUND (Off:0 Def:2),,,5.0,201158,Marco Belinelli,1610612758.0,Sacramento,Kings,SAC,0,0,,,,,,0,0,,,,,
0021500293,445,2,80,4,9:54 PM,9:26,,,MISS Cousins 20' Step Back Jump Shot,,,5.0,202326,DeMarcus Cousins,1610612758.0,Sacramento,Kings,SAC,0,0,,,,,,0,0,,,,,
0021500293,446,4,0,4,9:54 PM,9:25,Brewer REBOUND (Off:1 Def:2),,,,,4.0,201147,Corey Brewer,1610612745.0,Houston,Rockets,HOU,0,0,,,,,,0,0,,,,,
0021500293,447,2,1,4,9:54 PM,9:10,MISS Terry 29' 3PT Jump Shot,,,,,4.0,1891,Jason Terry,1610612745.0,Houston,Rockets,HOU,0,0,,,,,,0,0,,,,,
0021500293,448,4,0,4,9:54 PM,9:09,Jones REBOUND (Off:3 Def:1),,,,,4.0,203093,Terrence Jones,1610612745.0,Houston,Rockets,HOU,0,0,,,,,,0,0,,,,,
0021500293,449,6,2,4,9:55 PM,9:03,,,Koufos S.FOUL (P3.T3) (L.Holtkamp),,,5.0,201585,Kosta Koufos,1610612758.0,Sacramento,Kings,SAC,4,2730,Dwight Howard,1610612745.0,Houston,Rockets,HOU,1,0,,,,,
0021500293,450,3,11,4,9:55 PM,9:03,Howard Free Throw 1 of 2 (18 PTS),,,93 - 92,-1,4.0,2730,Dwight Howard,1610612745.0,Houston,Rockets,HOU,0,0,,,,,,0,0,,,,,
0021500293,452,8,0,4,9:55 PM,9:03,SUB: Harden FOR Terry,,,,,4.0,1891,Jason Terry,1610612745.0,Houston,Rockets,HOU,4,201935,James Harden,1610612745.0,Houston,Rockets,HOU,0,0,,,,,
0021500293,453,3,12,4,9:55 PM,9:03,MISS Howard Free Throw 2 of 2,,,,,4.0,2730,Dwight Howard,1610612745.0,Houston,Rockets,HOU,0,0,,,,,,0,0,,,,,
0021500293,455,4,0,4,9:55 PM,9:03,,,Cousins REBOUND (Off:0 Def:8),,,5.0,202326,DeMarcus Cousins,1610612758.0,Sacramento,Kings,SAC,0,0,,,,,,0,0,,,,,
0021500293,456,2,1,4,9:56 PM,8:44,,,MISS Collison 21' Jump Shot,,,5.0,201954,Darren Collison,1610612758.0,Sacramento,Kings,SAC,0,0,,,,,,0,0,,,,,
0021500293,457,4,0,4,9:56 PM,8:43,Jones REBOUND (Off:3 Def:2),,,,,4.0,203093,Terrence Jones,1610612745.0,Houston,Rockets,HOU,0,0,,,,,,0,0,,,,,
0021500293,458,2,1,4,9:56 PM,8:29,MISS Brewer  3PT Jump Shot,,,,,4.0,201147,Corey Brewer,1610612745.0,Houston,Rockets,HOU,0,0,,,,,,0,0,,,,,
0021500293,459,4,0,4,9:56 PM,8:29,,,Belinelli REBOUND (Off:0 Def:3),,,5.0,201158,Marco Belinelli,1610612758.0,Sacramento,Kings,SAC,0,0,,,,,,0,0,,,,,
0021500293,460,5,2,4,9:56 PM,8:17,Howard STEAL (2 STL),,Cousins Lost Ball Turnover (P3.T13),,,5.0,202326,DeMarcus Cousins,1610612758.0,Sacramento,Kings,SAC,4,2730,Dwight Howard,1610612745.0,Houston,Rockets,HOU,0,0,,,,,
0021500293,461,6,14,4,9:56 PM,8:14,,,Belinelli FLAGRANT.FOUL.TYPE1 (P2.T4) (D.Crawford),,,5.0,201158,Marco Belinelli,1610612758.0,Sacramento,Kings,SAC,4,201147,Corey Brewer,1610612745.0,Houston,Rockets,HOU,1,0,,,,,
0021500293,462,9,1,4,9:56 PM,8:14,,,,,,1.0,0,,,,,,0,0,,,,,,0,0,,,,,
0021500293,463,18,0,4,9:57 PM,8:14,,,,,,,461,Popeye Jones,,,,,0,0,,,,,,1,0,,,,,
0021500293,466,3,18,4,9:59 PM,8:14,Brewer Free Throw Flagrant 1 of 2 (6 PTS),,,93 - 93,TIE,4.0,201147,Corey Brewer,1610612745.0,Houston,Rockets,HOU,0,0,,,,,,0,0,,,,,
0021500293,468,3,19,4,9:59 PM,8:14,MISS Brewer Free Throw Flagrant 2 of 2,,,,,4.0,201147,Corey Brewer,1610612745.0,Houston,Rockets,HOU,0,0,,,,,,0,0,,,,,
0021500293,469,4,1,4,9:59 PM,8:14,ROCKETS Rebound,,,,,2.0,1610612745,,,,,,0,0,,,,,,0,0,,,,,
0021500293,470,6,2,4,10:00 PM,8:01,,,Cousins S.FOUL (P5.PN) (M.Ayotte),,,5.0,202326,DeMarcus Cousins,1610612758.0,Sacramento,Kings,SAC,4,201935,James Harden,1610612745.0,Houston,Rockets,HOU,1,0,,,,,
0021500293,471,3,11,4,10:00 PM,8:01,Harden Free Throw 1 of 2 (22 PTS),,,93 - 94,1,4.0,201935,James Harden,1610612745.0,Houston,Rockets,HOU,0,0,,,,,,0,0,,,,,
0021500293,473,3,12,4,10:00 PM,8:01,Harden Free Throw 2 of 2 (23 PTS),,,93 - 95,2,4.0,201935,James Harden,1610612745.0,Houston,Rockets,HOU,0,0,,,,,,0,0,,,,,
0021500293,476,6,1,4,10:01 PM,7:48,Brewer P.FOUL (P2.T2) (M.Ayotte),,,,,4.0,201147,Corey Brewer,1610612745.0,Houston,Rockets,HOU,5,201585,Kosta Koufos,1610612758.0,Sacramento,Kings,SAC,1,0,,,,,
0021500293,478,6,1,4,10:01 PM,7:42,Brewer P.FOUL (P3.T3) (M.Ayotte),,,,,4.0,201147,Corey Brewer,1610612745.0,Houston,Rockets,HOU,5,203463,Ben McLemore,1610612758.0,Sacramento,Kings,SAC,1,0,,,,,
0021500293,479,8,0,4,10:02 PM,7:42,,,SUB: Rondo FOR Belinelli,,,5.0,201158,Marco Belinelli,1610612758.0,Sacramento,Kings,SAC,5,200765,Rajon Rondo,1610612758.0,Sacramento,Kings,SAC,0,0,,,,,
0021500293,480,1,1,4,10:02 PM,7:29,,,Collison 25' 3PT Jump Shot (18 PTS) (McLemore 2 AST),96 - 95,-1,5.0,201954,Darren Collison,1610612758.0,Sacramento,Kings,SAC,5,203463,Ben McLemore,1610612758.0,Sacramento,Kings,SAC,0,0,,,,,
0021500293,481,2,7,4,10:02 PM,7:14,MISS Howard  Dunk,,,,,4.0,2730,Dwight Howard,1610612745.0,Houston,Rockets,HOU,0,0,,,,,,0,0,,,,,
0021500293,482,4,0,4,10:02 PM,7:14,,,Koufos REBOUND (Off:4 Def:7),,,5.0,201585,Kosta Koufos,1610612758.0,Sacramento,Kings,SAC,0,0,,,,,,0,0,,,,,
0021500293,483,6,29,4,10:02 PM,7:06,Harden Shooting Block Foul (P3.T4) (L.Holtkamp),,,,,4.0,201935,James Harden,1610612745.0,Houston,Rockets,HOU,5,202326,DeMarcus Cousins,1610612758.0,Sacramento,Kings,SAC,1,0,,,,,
0021500293,484,3,11,4,10:03 PM,7:06,,,Cousins Free Throw 1 of 2 (9 PTS),97 - 95,-2,5.0,202326,DeMarcus Cousins,1610612758.0,Sacramento,Kings,SAC,0,0,,,,,,0,0,,,,,
0021500293,486,8,0,4,10:03 PM,7:06,SUB: Ariza FOR Brewer,,,,,4.0,201147,Corey Brewer,1610612745.0,Houston,Rockets,HOU,4,2772,Trevor Ariza,1610612745.0,Houston,Rockets,HOU,0,0,,,,,
0021500293,487,3,12,4,10:03 PM,7:06,,,Cousins Free Throw 2 of 2 (10 PTS),98 - 95,-3,5.0,202326,DeMarcus Cousins,1610612758.0,Sacramento,Kings,SAC,0,0,,,,,,0,0,,,,,
0021500293,489,2,1,4,10:04 PM,6:47,MISS Jones 25' 3PT Jump Shot,,,,,4.0,203093,Terrence Jones,1610612745.0,Houston,Rockets,HOU,0,0,,,,,,0,0,,,,,
0021500293,490,4,0,4,10:04 PM,6:46,,,Koufos REBOUND (Off:4 Def:8),,,5.0,201585,Kosta Koufos,1610612758.0,Sacramento,Kings,SAC,0,0,,,,,,0,0,,,,,
0021500293,491,2,3,4,10:04 PM,6:26,,,MISS Cousins 5' Hook Shot,,,5.0,202326,DeMarcus Cousins,1610612758.0,Sacramento,Kings,SAC,0,0,,,,,,0,0,,,,,
0021500293,492,4,0,4,10:04 PM,6:25,Beverley REBOUND (Off:1 Def:1),,,,,4.0,201976,Patrick Beverley,1610612745.0,Houston,Rockets,HOU,0,0,,,,,,0,0,,,,,
0021500293,493,1,1,4,10:04 PM,6:06,Ariza 24' 3PT Jump Shot (9 PTS) (Harden 7 AST),,,98 - 98,TIE,4.0,2772,Trevor Ariza,1610612745.0,Houston,Rockets,HOU,4,201935,James Harden,1610612745.0,Houston,Rockets,HOU,0,0,,,,,
0021500293,494,2,5,4,10:04 PM,6:01,Harden BLOCK (1 BLK),,MISS Collison 3' Layup,,,5.0,201954,Darren Collison,1610612758.0,Sacramento,Kings,SAC,0,0,,,,,,4,201935,James Harden,1610612745.0,Houston,Rockets,HOU
0021500293,495,4,0,4,10:04 PM,6:00,Howard REBOUND (Off:4 Def:9),,,,,4.0,2730,Dwight Howard,1610612745.0,Houston,Rockets,HOU,0,0,,,,,,0,0,,,,,
0021500293,496,1,1,4,10:04 PM,5:52,Beverley  3PT Jump Shot (12 PTS) (Jones 1 AST),,,98 - 101,3,4.0,201976,Patrick Beverley,1610612745.0,Houston,Rockets,HOU,4,203093,Terrence Jones,1610612745.0,Houston,Rockets,HOU,0,0,,,,,
0021500293,498,9,1,4,10:05 PM,5:50,,,Kings Timeout: Regular (Reg.4 Short 0),,,3.0,1610612758,,,,,,0,0,,,,,,0,0,,,,,
0021500293,500,8,0,4,10:07 PM,5:50,,,SUB: Casspi FOR Koufos,,,5.0,201585,Kosta Koufos,1610612758.0,Sacramento,Kings,SAC,5,201956,Omri Casspi,1610612758.0,Sacramento,Kings,SAC,0,0,,,,,
0021500293,501,8,0,4,10:07 PM,5:50,,,SUB: Gay FOR Collison,,,5.0,201954,Darren Collison,1610612758.0,Sacramento,Kings,SAC,5,200752,Rudy Gay,1610612758.0,Sacramento,Kings,SAC,0,0,,,,,
0021500293,503,2,1,4,10:07 PM,5:30,Jones BLOCK (1 BLK),,MISS Cousins 4' Jump Shot,,,5.0,202326,DeMarcus Cousins,1610612758.0,Sacramento,Kings,SAC,0,0,,,,,,4,203093,Terrence Jones,1610612745.0,Houston,Rockets,HOU
0021500293,504,4,0,4,10:07 PM,5:30,,,Kings Rebound,,,3.0,1610612758,,,,,,0,0,,,,,,0,0,,,,,
0021500293,505,6,1,4,10:08 PM,5:29,Harden P.FOUL (P4.PN) (M.Ayotte),,,,,4.0,201935,James Harden,1610612745.0,Houston,Rockets,HOU,5,200752,Rudy Gay,1610612758.0,Sacramento,Kings,SAC,1,0,,,,,
0021500293,506,3,11,4,10:08 PM,5:29,,,Gay Free Throw 1 of 2 (11 PTS),99 - 101,2,5.0,200752,Rudy Gay,1610612758.0,Sacramento,Kings,SAC,0,0,,,,,,0,0,,,,,
0021500293,508,3,12,4,10:09 PM,5:29,,,Gay Free Throw 2 of 2 (12 PTS),100 - 101,1,5.0,200752,Rudy Gay,1610612758.0,Sacramento,Kings,SAC,0,0,,,,,,0,0,,,,,
0021500293,511,2,1,4,10:09 PM,5:15,MISS Harden 22' Jump Shot,,,,,4.0,201935,James Harden,1610612745.0,Houston,Rockets,HOU,0,0,,,,,,0,0,,,,,
0021500293,512,4,0,4,10:09 PM,5:13,,,McLemore REBOUND (Off:2 Def:7),,,5.0,203463,Ben McLemore,1610612758.0,Sacramento,Kings,SAC,0,0,,,,,,0,0,,,,,
0021500293,513,1,1,4,10:09 PM,5:05,,,Gay 25' 3PT Jump Shot (15 PTS) (Rondo 17 AST),103 - 101,-2,5.0,200752,Rudy Gay,1610612758.0,Sacramento,Kings,SAC,5,200765,Rajon Rondo,1610612758.0,Sacramento,Kings,SAC,0,0,,,,,
0021500293,514,6,1,4,10:10 PM,4:56,,,McLemore P.FOUL (P2.PN) (D.Crawford),,,5.0,203463,Ben McLemore,1610612758.0,Sacramento,Kings,SAC,4,201935,James Harden,1610612745.0,Houston,Rockets,HOU,1,0,,,,,
0021500293,516,3,11,4,10:10 PM,4:56,Harden Free Throw 1 of 2 (24 PTS),,,103 - 102,-1,4.0,201935,James Harden,1610612745.0,Houston,Rockets,HOU,0,0,,,,,,0,0,,,,,
0021500293,518,3,12,4,10:10 PM,4:56,Harden Free Throw 2 of 2 (25 PTS),,,103 - 103,TIE,4.0,201935,James Harden,1610612745.0,Houston,Rockets,HOU,0,0,,,,,,0,0,,,,,
0021500293,521,2,79,4,10:11 PM,4:41,,,MISS Gay 18' Pullup Jump Shot,,,5.0,200752,Rudy Gay,1610612758.0,Sacramento,Kings,SAC,0,0,,,,,,0,0,,,,,
0021500293,523,4,0,4,10:11 PM,4:40,,,Cousins REBOUND (Off:1 Def:8),,,5.0,202326,DeMarcus Cousins,1610612758.0,Sacramento,Kings,SAC,0,0,,,,,,0,0,,,,,
0021500293,522,2,97,4,10:11 PM,4:40,,,MISS Cousins 2' Tip Layup Shot,,,5.0,202326,DeMarcus Cousins,1610612758.0,Sacramento,Kings,SAC,0,0,,,,,,0,0,,,,,
0021500293,524,4,0,4,10:11 PM,4:39,Howard REBOUND (Off:4 Def:10),,,,,4.0,2730,Dwight Howard,1610612745.0,Houston,Rockets,HOU,0,0,,,,,,0,0,,,,,
0021500293,525,1,1,4,10:11 PM,4:29,Ariza  3PT Jump Shot (12 PTS) (Harden 8 AST),,,103 - 106,3,4.0,2772,Trevor Ariza,1610612745.0,Houston,Rockets,HOU,4,201935,James Harden,1610612745.0,Houston,Rockets,HOU,0,0,,,,,
0021500293,526,2,44,4,10:11 PM,4:13,,,MISS McLemore 3' Reverse Layup,,,5.0,203463,Ben McLemore,1610612758.0,Sacramento,Kings,SAC,0,0,,,,,,0,0,,,,,
0021500293,527,4,0,4,10:11 PM,4:12,Howard REBOUND (Off:4 Def:11),,,,,4.0,2730,Dwight Howard,1610612745.0,Houston,Rockets,HOU,0,0,,,,,,0,0,,,,,
0021500293,528,6,2,4,10:11 PM,4:02,,,Casspi S.FOUL (P2.PN) (M.Ayotte),,,5.0,201956,Omri Casspi,1610612758.0,Sacramento,Kings,SAC,4,2730,Dwight Howard,1610612745.0,Houston,Rockets,HOU,1,0,,,,,
0021500293,529,3,11,4,10:12 PM,4:02,MISS Howard Free Throw 1 of 2,,,,,4.0,2730,Dwight Howard,1610612745.0,Houston,Rockets,HOU,0,0,,,,,,0,0,,,,,
0021500293,530,4,1,4,10:12 PM,4:02,ROCKETS Rebound,,,,,2.0,1610612745,,,,,,0,0,,,,,,0,0,,,,,
0021500293,531,3,12,4,10:12 PM,4:02,Howard Free Throw 2 of 2 (19 PTS),,,103 - 107,4,4.0,2730,Dwight Howard,1610612745.0,Houston,Rockets,HOU,0,0,,,,,,0,0,,,,,
0021500293,533,2,1,4,10:13 PM,3:48,,,MISS Cousins 19' Jump Shot,,,5.0,202326,DeMarcus Cousins,1610612758.0,Sacramento,Kings,SAC,0,0,,,,,,0,0,,,,,
0021500293,534,4,0,4,10:13 PM,3:47,,,Kings Rebound,,,3.0,1610612758,,,,,,0,0,,,,,,0,0,,,,,
0021500293,536,1,42,4,10:13 PM,3:40,,,Cousins 5' Driving Layup (12 PTS),105 - 107,2,5.0,202326,DeMarcus Cousins,1610612758.0,Sacramento,Kings,SAC,0,0,,,,,,0,0,,,,,
0021500293,538,6,2,4,10:13 PM,3:21,,,Casspi S.FOUL (P3.PN) (L.Holtkamp),,,5.0,201956,Omri Casspi,1610612758.0,Sacramento,Kings,SAC,4,2730,Dwight Howard,1610612745.0,Houston,Rockets,HOU,1,0,,,,,
0021500293,539,3,11,4,10:14 PM,3:21,Howard Free Throw 1 of 2 (20 PTS),,,105 - 108,3,4.0,2730,Dwight Howard,1610612745.0,Houston,Rockets,HOU,0,0,,,,,,0,0,,,,,
0021500293,541,3,12,4,10:14 PM,3:21,Howard Free Throw 2 of 2 (21 PTS),,,105 - 109,4,4.0,2730,Dwight Howard,1610612745.0,Houston,Rockets,HOU,0,0,,,,,,0,0,,,,,
0021500293,544,1,49,4,10:15 PM,3:11,,,Cousins  Driving Dunk (14 PTS),107 - 109,2,5.0,202326,DeMarcus Cousins,1610612758.0,Sacramento,Kings,SAC,0,0,,,,,,0,0,,,,,
0021500293,545,5,4,4,10:15 PM,2:53,Harden Traveling Turnover (P5.T16),,,,,4.0,201935,James Harden,1610612745.0,Houston,Rockets,HOU,0,0,,,,,,1,0,,,,,
0021500293,546,9,1,4,10:15 PM,2:53,ROCKETS Timeout: Regular (Full 4 Short 1),,,,,2.0,1610612745,,,,,,0,0,,,,,,0,0,,,,,
0021500293,549,2,42,4,10:18 PM,2:45,Howard BLOCK (2 BLK),,MISS Cousins 5' Driving Layup,,,5.0,202326,DeMarcus Cousins,1610612758.0,Sacramento,Kings,SAC,0,0,,,,,,4,2730,Dwight Howard,1610612745.0,Houston,Rockets,HOU
0021500293,550,4,0,4,10:18 PM,2:44,Ariza REBOUND (Off:2 Def:3),,,,,4.0,2772,Trevor Ariza,1610612745.0,Houston,Rockets,HOU,0,0,,,,,,0,0,,,,,
0021500293,551,1,5,4,10:18 PM,2:38,Jones 3' Layup (16 PTS) (Harden 9 AST),,,107 - 111,4,4.0,203093,Terrence Jones,1610612745.0,Houston,Rockets,HOU,4,201935,James Harden,1610612745.0,Houston,Rockets,HOU,0,0,,,,,
0021500293,553,2,78,4,10:18 PM,2:21,,,MISS Rondo 10' Floating Jump Shot,,,5.0,200765,Rajon Rondo,1610612758.0,Sacramento,Kings,SAC,0,0,,,,,,0,0,,,,,
0021500293,554,4,0,4,10:18 PM,2:19,,,Rondo REBOUND (Off:2 Def:1),,,5.0,200765,Rajon Rondo,1610612758.0,Sacramento,Kings,SAC,0,0,,,,,,0,0,,,,,
0021500293,555,2,1,4,10:18 PM,2:16,,,MISS Casspi 27' 3PT Jump Shot,,,5.0,201956,Omri Casspi,1610612758.0,Sacramento,Kings,SAC,0,0,,,,,,0,0,,,,,
0021500293,556,4,0,4,10:18 PM,2:16,Beverley REBOUND (Off:1 Def:2),,,,,4.0,201976,Patrick Beverley,1610612745.0,Houston,Rockets,HOU,0,0,,,,,,0,0,,,,,
0021500293,557,6,27,4,10:18 PM,2:14,,,Cousins Personal Block Foul (P6.PN) (D.Crawford),,,5.0,202326,DeMarcus Cousins,1610612758.0,Sacramento,Kings,SAC,4,201935,James Harden,1610612745.0,Houston,Rockets,HOU,1,0,,,,,
0021500293,558,8,0,4,10:19 PM,2:14,,,SUB: Koufos FOR Cousins,,,5.0,202326,DeMarcus Cousins,1610612758.0,Sacramento,Kings,SAC,5,201585,Kosta Koufos,1610612758.0,Sacramento,Kings,SAC,0,0,,,,,
0021500293,559,3,11,4,10:19 PM,2:14,MISS Harden Free Throw 1 of 2,,,,,4.0,201935,James Harden,1610612745.0,Houston,Rockets,HOU,0,0,,,,,,0,0,,,,,
0021500293,560,4,1,4,10:19 PM,2:14,ROCKETS Rebound,,,,,2.0,1610612745,,,,,,0,0,,,,,,0,0,,,,,
0021500293,561,3,12,4,10:19 PM,2:14,Harden Free Throw 2 of 2 (26 PTS),,,107 - 112,5,4.0,201935,James Harden,1610612745.0,Houston,Rockets,HOU,0,0,,,,,,0,0,,,,,
0021500293,564,1,1,4,10:20 PM,1:54,,,Koufos 5' Jump Shot (11 PTS) (Casspi 2 AST),109 - 112,3,5.0,201585,Kosta Koufos,1610612758.0,Sacramento,Kings,SAC,5,201956,Omri Casspi,1610612758.0,Sacramento,Kings,SAC,0,0,,,,,
0021500293,565,6,2,4,10:20 PM,1:54,Beverley S.FOUL (P3.PN) (D.Crawford),,,,,4.0,201976,Patrick Beverley,1610612745.0,Houston,Rockets,HOU,5,201585,Kosta Koufos,1610612758.0,Sacramento,Kings,SAC,1,0,,,,,
0021500293,566,3,10,4,10:20 PM,1:54,,,MISS Koufos Free Throw 1 of 1,,,5.0,201585,Kosta Koufos,1610612758.0,Sacramento,Kings,SAC,0,0,,,,,,0,0,,,,,
0021500293,568,4,0,4,10:20 PM,1:54,Howard REBOUND (Off:4 Def:12),,,,,4.0,2730,Dwight Howard,1610612745.0,Houston,Rockets,HOU,0,0,,,,,,0,0,,,,,
0021500293,569,1,79,4,10:21 PM,1:30,Harden 24' 3PT Pullup Jump Shot (29 PTS),,,109 - 115,6,4.0,201935,James Harden,1610612745.0,Houston,Rockets,HOU,0,0,,,,,,0,0,,,,,
0021500293,570,2,79,4,10:21 PM,1:14,,,MISS Gay 18' Pullup Jump Shot,,,5.0,200752,Rudy Gay,1610612758.0,Sacramento,Kings,SAC,0,0,,,,,,0,0,,,,,
0021500293,571,4,0,4,10:21 PM,1:12,Howard REBOUND (Off:4 Def:13),,,,,4.0,2730,Dwight Howard,1610612745.0,Houston,Rockets,HOU,0,0,,,,,,0,0,,,,,
0021500293,572,2,1,4,10:21 PM,0:48,MISS Ariza  3PT Jump Shot,,,,,4.0,2772,Trevor Ariza,1610612745.0,Houston,Rockets,HOU,0,0,,,,,,0,0,,,,,
0021500293,573,4,0,4,10:22 PM,0:48,Howard REBOUND (Off:5 Def:13),,,,,4.0,2730,Dwight Howard,1610612745.0,Houston,Rockets,HOU,0,0,,,,,,0,0,,,,,
0021500293,574,5,2,4,10:22 PM,0:45,Howard Lost Ball Turnover (P2.T17),,McLemore STEAL (2 STL),,,4.0,2730,Dwight Howard,1610612745.0,Houston,Rockets,HOU,5,203463,Ben McLemore,1610612758.0,Sacramento,Kings,SAC,0,0,,,,,
0021500293,575,2,1,4,10:22 PM,0:40,,,MISS Casspi 25' 3PT Jump Shot,,,5.0,201956,Omri Casspi,1610612758.0,Sacramento,Kings,SAC,0,0,,,,,,0,0,,,,,
0021500293,576,4,0,4,10:22 PM,0:39,Ariza REBOUND (Off:2 Def:4),,,,,4.0,2772,Trevor Ariza,1610612745.0,Houston,Rockets,HOU,0,0,,,,,,0,0,,,,,
0021500293,577,6,28,4,10:22 PM,0:29,,,Casspi Personal Take Foul (P4.PN) (L.Holtkamp),,,5.0,201956,Omri Casspi,1610612758.0,Sacramento,Kings,SAC,4,2730,Dwight Howard,1610612745.0,Houston,Rockets,HOU,1,0,,,,,
0021500293,578,3,11,4,10:22 PM,0:29,Howard Free Throw 1 of 2 (22 PTS),,,109 - 116,7,4.0,2730,Dwight Howard,1610612745.0,Houston,Rockets,HOU,0,0,,,,,,0,0,,,,,
0021500293,580,3,12,4,10:22 PM,0:29,MISS Howard Free Throw 2 of 2,,,,,4.0,2730,Dwight Howard,1610612745.0,Houston,Rockets,HOU,0,0,,,,,,0,0,,,,,
0021500293,582,4,0,4,10:23 PM,0:29,,,Gay REBOUND (Off:3 Def:3),,,5.0,200752,Rudy Gay,1610612758.0,Sacramento,Kings,SAC,0,0,,,,,,0,0,,,,,
0021500293,583,9,1,4,10:23 PM,0:28,,,Kings Timeout: Regular (Reg.5 Short 0),,,3.0,1610612758,,,,,,0,0,,,,,,0,0,,,,,
0021500293,585,8,0,4,10:24 PM,0:28,,,SUB: Collison FOR Koufos,,,5.0,201585,Kosta Koufos,1610612758.0,Sacramento,Kings,SAC,5,201954,Darren Collison,1610612758.0,Sacramento,Kings,SAC,0,0,,,,,
0021500293,587,5,1,4,10:25 PM,0:24,Beverley STEAL (1 STL),,McLemore Bad Pass Turnover (P1.T14),,,5.0,203463,Ben McLemore,1610612758.0,Sacramento,Kings,SAC,4,201976,Patrick Beverley,1610612745.0,Houston,Rockets,HOU,0,0,,,,,
0021500293,588,6,28,4,10:25 PM,0:24,,,Collison Personal Take Foul (P2.PN) (L.Holtkamp),,,5.0,201954,Darren Collison,1610612758.0,Sacramento,Kings,SAC,4,201976,Patrick Beverley,1610612745.0,Houston,Rockets,HOU,1,0,,,,,
0021500293,589,3,11,4,10:25 PM,0:24,Beverley Free Throw 1 of 2 (13 PTS),,,109 - 117,8,4.0,201976,Patrick Beverley,1610612745.0,Houston,Rockets,HOU,0,0,,,,,,0,0,,,,,
0021500293,591,3,12,4,10:25 PM,0:24,Beverley Free Throw 2 of 2 (14 PTS),,,109 - 118,9,4.0,201976,Patrick Beverley,1610612745.0,Houston,Rockets,HOU,0,0,,,,,,0,0,,,,,
0021500293,593,1,1,4,10:26 PM,0:16,,,Casspi 7' Jump Shot (13 PTS) (Rondo 18 AST),111 - 118,7,5.0,201956,Omri Casspi,1610612758.0,Sacramento,Kings,SAC,5,200765,Rajon Rondo,1610612758.0,Sacramento,Kings,SAC,0,0,,,,,
0021500293,594,5,1,4,10:26 PM,0:11,Howard Bad Pass Turnover (P3.T18),,McLemore STEAL (3 STL),,,4.0,2730,Dwight Howard,1610612745.0,Houston,Rockets,HOU,5,203463,Ben McLemore,1610612758.0,Sacramento,Kings,SAC,0,0,,,,,
0021500293,595,2,1,4,10:26 PM,0:07,,,MISS Collison 24' 3PT Jump Shot,,,5.0,201954,Darren Collison,1610612758.0,Sacramento,Kings,SAC,0,0,,,,,,0,0,,,,,
0021500293,596,4,0,4,10:26 PM,0:07,ROCKETS Rebound,,,,,2.0,1610612745,,,,,,0,0,,,,,,0,0,,,,,
0021500293,597,6,1,4,10:26 PM,0:04,,,McLemore P.FOUL (P3.PN) (D.Crawford),,,5.0,203463,Ben McLemore,1610612758.0,Sacramento,Kings,SAC,4,201935,James Harden,1610612745.0,Houston,Rockets,HOU,1,0,,,,,
0021500293,598,3,11,4,10:27 PM,0:04,Harden Free Throw 1 of 2 (30 PTS),,,111 - 119,8,4.0,201935,James Harden,1610612745.0,Houston,Rockets,HOU,0,0,,,,,,0,0,,,,,
0021500293,600,3,12,4,10:27 PM,0:04,Harden Free Throw 2 of 2 (31 PTS),,,111 - 120,9,4.0,201935,James Harden,1610612745.0,Houston,Rockets,HOU,0,0,,,,,,0,0,,,,,
0021500293,603,1,46,4,10:27 PM,0:00,,,Casspi 3' Running Jump Shot (15 PTS) (Rondo 19 AST),113 - 120,7,5.0,201956,Omri Casspi,1610612758.0,Sacramento,Kings,SAC,5,200765,Rajon Rondo,1610612758.0,Sacramento,Kings,SAC,0,0,,,,,
0021500293,606,18,1,4,10:27 PM,0:00,,,,,,,603,,,,,,0,0,,,,,,1,0,,,,,
0021500293,607,13,0,4,10:28 PM,0:00,,,,113 - 120,7,0.0,0,,,,,,0,0,,,,,,0,0,,,,,
