GAME_ID,EVENTNUM,EVENTMSGTYPE,EVENTMSGACTIONTYPE,PERIOD,WCTIMESTRING,PCTIMESTRING,HOMEDESCRIPTION,NEUTRALDESCRIPTION,VISITORDESCRIPTION,SCORE,SCOREMARGIN,PERSON1TYPE,PLAYER1_ID,PLAYER1_NAME,PLAYER1_TEAM_ID,PLAYER1_TEAM_CITY,PLAYER1_TEAM_NICKNAME,PLAYER1_TEAM_ABBREVIATION,PERSON2TYPE,PLAYER2_ID,PLAYER2_NAME,PLAYER2_TEAM_ID,PLAYER2_TEAM_CITY,PLAYER2_TEAM_NICKNAME,PLAYER2_TEAM_ABBREVIATION,PERSON3TYPE,PLAYER3_ID,PLAYER3_NAME,PLAYER3_TEAM_ID,PLAYER3_TEAM_CITY,PLAYER3_TEAM_NICKNAME,PLAYER3_TEAM_ABBREVIATION
0021500165,0,12,0,1,7:11 PM,12:00,,,,,,0.0,0,,,,,,0,0,,,,,,0,0,,,,,
0021500165,1,10,0,1,7:11 PM,12:00,Jump Ball Jefferson vs. Lopez: Tip to Young,,,,,4.0,2744,Al Jefferson,1610612766.0,Charlotte,Hornets,CHA,5,201572,Brook Lopez,1610612751.0,Brooklyn,Nets,BKN,5,201152,Thaddeus Young,1610612751.0,Brooklyn,Nets,BKN
0021500165,2,1,79,1,7:12 PM,11:40,,,Hollis-Jefferson 10' Pullup Jump Shot (2 PTS),2 - 0,-2,5.0,1626178,Rondae Hollis-Jefferson,1610612751.0,Brooklyn,Nets,BKN,0,0,,,,,,0,0,,,,,
0021500165,3,2,5,1,7:12 PM,11:27,MISS Zeller 1' Layup,,,,,4.0,203469,Cody Zeller,1610612766.0,Charlotte,Hornets,CHA,0,0,,,,,,0,0,,,,,
0021500165,4,4,0,1,7:12 PM,11:26,,,Johnson REBOUND (Off:0 Def:1),,,5.0,2207,Joe Johnson,1610612751.0,Brooklyn,Nets,BKN,0,0,,,,,,0,0,,,,,
0021500165,5,2,1,1,7:12 PM,11:19,,,MISS Jack 19' Jump Shot,,,5.0,101127,Jarrett Jack,1610612751.0,Brooklyn,Nets,BKN,0,0,,,,,,0,0,,,,,
0021500165,6,4,0,1,7:12 PM,11:18,Williams REBOUND (Off:0 Def:1),,,,,4.0,101107,Marvin Williams,1610612766.0,Charlotte,Hornets,CHA,0,0,,,,,,0,0,,,,,
0021500165,7,2,5,1,7:12 PM,11:01,MISS Walker 2' Layup,,Jack BLOCK (1 BLK),,,4.0,202689,Kemba Walker,1610612766.0,Charlotte,Hornets,CHA,0,0,,,,,,5,101127,Jarrett Jack,1610612751.0,Brooklyn,Nets,BKN
0021500165,8,4,0,1,7:12 PM,10:59,,,Hollis-Jefferson REBOUND (Off:0 Def:1),,,5.0,1626178,Rondae Hollis-Jefferson,1610612751.0,Brooklyn,Nets,BKN,0,0,,,,,,0,0,,,,,
0021500165,9,6,2,1,7:13 PM,10:56,Walker S.FOUL (P1.T1) (A.Smith),,,,,4.0,202689,Kemba Walker,1610612766.0,Charlotte,Hornets,CHA,5,201152,Thaddeus Young,1610612751.0,Brooklyn,Nets,BKN,1,0,,,,,
0021500165,10,3,11,1,7:13 PM,10:56,,,Young Free Throw 1 of 2 (1 PTS),3 - 0,-3,5.0,201152,Thaddeus Young,1610612751.0,Brooklyn,Nets,BKN,0,0,,,,,,0,0,,,,,
0021500165,12,3,12,1,7:13 PM,10:56,,,Young Free Throw 2 of 2 (2 PTS),4 - 0,-4,5.0,201152,Thaddeus Young,1610612751.0,Brooklyn,Nets,BKN,0,0,,,,,,0,0,,,,,
0021500165,14,1,1,1,7:13 PM,10:42,Jefferson 13' Jump Shot (2 PTS) (Batum 1 AST),,,4 - 2,-2,4.0,2744,Al Jefferson,1610612766.0,Charlotte,Hornets,CHA,4,201587,Nicolas Batum,1610612766.0,Charlotte,Hornets,CHA,0,0,,,,,
0021500165,15,1,1,1,7:14 PM,10:21,,,Johnson 26' 3PT Jump Shot (3 PTS),7 - 2,-5,5.0,2207,Joe Johnson,1610612751.0,Brooklyn,Nets,BKN,0,0,,,,,,0,0,,,,,
0021500165,16,2,1,1,7:14 PM,10:12,MISS Williams 26' 3PT Jump Shot,,,,,4.0,101107,Marvin Williams,1610612766.0,Charlotte,Hornets,CHA,0,0,,,,,,0,0,,,,,
0021500165,17,4,0,1,7:14 PM,10:11,,,Jack REBOUND (Off:0 Def:1),,,5.0,101127,Jarrett Jack,1610612751.0,Brooklyn,Nets,BKN,0,0,,,,,,0,0,,,,,
0021500165,18,5,1,1,7:14 PM,10:08,Walker STEAL (1 STL),,Jack Bad Pass Turnover (P1.T1),,,5.0,101127,Jarrett Jack,1610612751.0,Brooklyn,Nets,BKN,4,202689,Kemba Walker,1610612766.0,Charlotte,Hornets,CHA,0,0,,,,,
0021500165,19,6,2,1,7:14 PM,10:06,,,Lopez S.FOUL (P1.T1) (A.Smith),,,5.0,201572,Brook Lopez,1610612751.0,Brooklyn,Nets,BKN,4,202689,Kemba Walker,1610612766.0,Charlotte,Hornets,CHA,1,0,,,,,
0021500165,20,3,11,1,7:14 PM,10:06,MISS Walker Free Throw 1 of 2,,,,,4.0,202689,Kemba Walker,1610612766.0,Charlotte,Hornets,CHA,0,0,,,,,,0,0,,,,,
0021500165,21,4,1,1,7:14 PM,10:06,HORNETS Rebound,,,,,2.0,1610612766,,,,,,0,0,,,,,,0,0,,,,,
0021500165,22,3,12,1,7:15 PM,10:06,Walker Free Throw 2 of 2 (1 PTS),,,7 - 3,-4,4.0,202689,Kemba Walker,1610612766.0,Charlotte,Hornets,CHA,0,0,,,,,,0,0,,,,,
0021500165,24,1,1,1,7:15 PM,9:55,,,Johnson  3PT Jump Shot (6 PTS) (Young 1 AST),10 - 3,-7,5.0,2207,Joe Johnson,1610612751.0,Brooklyn,Nets,BKN,5,201152,Thaddeus Young,1610612751.0,Brooklyn,Nets,BKN,0,0,,,,,
0021500165,25,5,1,1,7:15 PM,9:38,Jefferson Bad Pass Turnover (P1.T1),,,,,4.0,2744,Al Jefferson,1610612766.0,Charlotte,Hornets,CHA,0,0,,,,,,0,0,,,,,
0021500165,26,1,79,1,7:15 PM,9:29,,,Jack 17' Pullup Jump Shot (2 PTS),12 - 3,-9,5.0,101127,Jarrett Jack,1610612751.0,Brooklyn,Nets,BKN,0,0,,,,,,0,0,,,,,
0021500165,27,5,1,1,7:16 PM,9:11,Walker Bad Pass Turnover (P1.T2),,Johnson STEAL (1 STL),,,4.0,202689,Kemba Walker,1610612766.0,Charlotte,Hornets,CHA,5,2207,Joe Johnson,1610612751.0,Brooklyn,Nets,BKN,0,0,,,,,
0021500165,28,6,2,1,7:16 PM,8:59,Jefferson S.FOUL (P1.T2) (E.Lewis),,,,,4.0,2744,Al Jefferson,1610612766.0,Charlotte,Hornets,CHA,5,1626178,Rondae Hollis-Jefferson,1610612751.0,Brooklyn,Nets,BKN,1,0,,,,,
0021500165,29,3,11,1,7:16 PM,8:59,,,Hollis-Jefferson Free Throw 1 of 2 (3 PTS),13 - 3,-10,5.0,1626178,Rondae Hollis-Jefferson,1610612751.0,Brooklyn,Nets,BKN,0,0,,,,,,0,0,,,,,
0021500165,31,3,12,1,7:16 PM,8:59,,,MISS Hollis-Jefferson Free Throw 2 of 2,,,5.0,1626178,Rondae Hollis-Jefferson,1610612751.0,Brooklyn,Nets,BKN,0,0,,,,,,0,0,,,,,
0021500165,33,4,0,1,7:17 PM,8:57,Jefferson REBOUND (Off:0 Def:1),,,,,4.0,2744,Al Jefferson,1610612766.0,Charlotte,Hornets,CHA,0,0,,,,,,0,0,,,,,
0021500165,34,2,1,1,7:17 PM,8:46,MISS Jefferson 5' Jump Shot,,,,,4.0,2744,Al Jefferson,1610612766.0,Charlotte,Hornets,CHA,0,0,,,,,,0,0,,,,,
0021500165,35,4,0,1,7:17 PM,8:45,HORNETS Rebound,,,,,2.0,1610612766,,,,,,0,0,,,,,,0,0,,,,,
0021500165,36,1,1,1,7:17 PM,8:43,Batum 17' Jump Shot (2 PTS) (Williams 1 AST),,,13 - 5,-8,4.0,201587,Nicolas Batum,1610612766.0,Charlotte,Hornets,CHA,4,101107,Marvin Williams,1610612766.0,Charlotte,Hornets,CHA,0,0,,,,,
0021500165,37,2,1,1,7:17 PM,8:23,,,MISS Jack 24' 3PT Jump Shot,,,5.0,101127,Jarrett Jack,1610612751.0,Brooklyn,Nets,BKN,0,0,,,,,,0,0,,,,,
0021500165,38,4,0,1,7:17 PM,8:22,Zeller REBOUND (Off:0 Def:1),,,,,4.0,203469,Cody Zeller,1610612766.0,Charlotte,Hornets,CHA,0,0,,,,,,0,0,,,,,
0021500165,39,1,80,1,7:18 PM,8:14,Walker 18' Step Back Jump Shot (3 PTS),,,13 - 7,-6,4.0,202689,Kemba Walker,1610612766.0,Charlotte,Hornets,CHA,0,0,,,,,,0,0,,,,,
0021500165,40,5,1,1,7:18 PM,8:00,Batum STEAL (1 STL),,Hollis-Jefferson Bad Pass Turnover (P1.T2),,,5.0,1626178,Rondae Hollis-Jefferson,1610612751.0,Brooklyn,Nets,BKN,4,201587,Nicolas Batum,1610612766.0,Charlotte,Hornets,CHA,0,0,,,,,
0021500165,41,6,1,1,7:18 PM,7:57,,,Hollis-Jefferson P.FOUL (P1.T2) (A.Smith),,,5.0,1626178,Rondae Hollis-Jefferson,1610612751.0,Brooklyn,Nets,BKN,4,201587,Nicolas Batum,1610612766.0,Charlotte,Hornets,CHA,1,0,,,,,
0021500165,42,2,1,1,7:18 PM,7:47,MISS Batum 25' 3PT Jump Shot,,,,,4.0,201587,Nicolas Batum,1610612766.0,Charlotte,Hornets,CHA,0,0,,,,,,0,0,,,,,
0021500165,43,4,0,1,7:18 PM,7:45,,,Lopez REBOUND (Off:0 Def:1),,,5.0,201572,Brook Lopez,1610612751.0,Brooklyn,Nets,BKN,0,0,,,,,,0,0,,,,,
0021500165,44,6,2,1,7:19 PM,7:36,Zeller S.FOUL (P1.T3) (J.Goble),,,,,4.0,203469,Cody Zeller,1610612766.0,Charlotte,Hornets,CHA,5,201572,Brook Lopez,1610612751.0,Brooklyn,Nets,BKN,1,0,,,,,
0021500165,45,3,11,1,7:19 PM,7:36,,,Lopez Free Throw 1 of 2 (1 PTS),14 - 7,-7,5.0,201572,Brook Lopez,1610612751.0,Brooklyn,Nets,BKN,0,0,,,,,,0,0,,,,,
0021500165,47,3,12,1,7:19 PM,7:36,,,Lopez Free Throw 2 of 2 (2 PTS),15 - 7,-8,5.0,201572,Brook Lopez,1610612751.0,Brooklyn,Nets,BKN,0,0,,,,,,0,0,,,,,
0021500165,49,1,1,1,7:20 PM,7:20,Walker  3PT Jump Shot (6 PTS) (Williams 2 AST),,,15 - 10,-5,4.0,202689,Kemba Walker,1610612766.0,Charlotte,Hornets,CHA,4,101107,Marvin Williams,1610612766.0,Charlotte,Hornets,CHA,0,0,,,,,
0021500165,50,1,1,1,7:20 PM,7:02,,,Johnson 11' Jump Shot (8 PTS) (Jack 1 AST),17 - 10,-7,5.0,2207,Joe Johnson,1610612751.0,Brooklyn,Nets,BKN,5,101127,Jarrett Jack,1610612751.0,Brooklyn,Nets,BKN,0,0,,,,,
0021500165,51,2,1,1,7:20 PM,6:46,MISS Batum 17' Jump Shot,,,,,4.0,201587,Nicolas Batum,1610612766.0,Charlotte,Hornets,CHA,0,0,,,,,,0,0,,,,,
0021500165,53,4,0,1,7:20 PM,6:45,Williams REBOUND (Off:1 Def:1),,,,,4.0,101107,Marvin Williams,1610612766.0,Charlotte,Hornets,CHA,0,0,,,,,,0,0,,,,,
0021500165,52,1,87,1,7:20 PM,6:45,Williams  Putback Dunk (2 PTS),,,17 - 12,-5,4.0,101107,Marvin Williams,1610612766.0,Charlotte,Hornets,CHA,0,0,,,,,,0,0,,,,,
0021500165,54,1,1,1,7:20 PM,6:32,,,Johnson 26' 3PT Jump Shot (11 PTS) (Jack 2 AST),20 - 12,-8,5.0,2207,Joe Johnson,1610612751.0,Brooklyn,Nets,BKN,5,101127,Jarrett Jack,1610612751.0,Brooklyn,Nets,BKN,0,0,,,,,
0021500165,55,1,3,1,7:21 PM,6:12,Jefferson 9' Hook Shot (4 PTS),,,20 - 14,-6,4.0,2744,Al Jefferson,1610612766.0,Charlotte,Hornets,CHA,0,0,,,,,,0,0,,,,,
0021500165,56,6,2,1,7:21 PM,5:59,Zeller S.FOUL (P2.T4) (J.Goble),,,,,4.0,203469,Cody Zeller,1610612766.0,Charlotte,Hornets,CHA,5,201152,Thaddeus Young,1610612751.0,Brooklyn,Nets,BKN,1,0,,,,,
0021500165,57,9,1,1,7:21 PM,5:59,HORNETS Timeout: Regular (Full 1 Short 0),,,,,2.0,1610612766,,,,,,0,0,,,,,,0,0,,,,,
0021500165,60,8,0,1,7:23 PM,5:59,SUB: Kaminsky FOR Zeller,,,,,4.0,203469,Cody Zeller,1610612766.0,Charlotte,Hornets,CHA,4,1626163,Frank Kaminsky,1610612766.0,Charlotte,Hornets,CHA,0,0,,,,,
0021500165,61,3,11,1,7:24 PM,5:59,,,Young Free Throw 1 of 2 (3 PTS),21 - 14,-7,5.0,201152,Thaddeus Young,1610612751.0,Brooklyn,Nets,BKN,0,0,,,,,,0,0,,,,,
0021500165,63,3,12,1,7:24 PM,5:59,,,Young Free Throw 2 of 2 (4 PTS),22 - 14,-8,5.0,201152,Thaddeus Young,1610612751.0,Brooklyn,Nets,BKN,0,0,,,,,,0,0,,,,,
0021500165,65,1,1,1,7:24 PM,5:47,Batum 5' Jump Shot (4 PTS) (Walker 1 AST),,,22 - 16,-6,4.0,201587,Nicolas Batum,1610612766.0,Charlotte,Hornets,CHA,4,202689,Kemba Walker,1610612766.0,Charlotte,Hornets,CHA,0,0,,,,,
0021500165,66,6,1,1,7:25 PM,5:33,Walker P.FOUL (P2.PN) (J.Goble),,,,,4.0,202689,Kemba Walker,1610612766.0,Charlotte,Hornets,CHA,5,101127,Jarrett Jack,1610612751.0,Brooklyn,Nets,BKN,1,0,,,,,
0021500165,67,3,11,1,7:25 PM,5:33,,,Jack Free Throw 1 of 2 (3 PTS),23 - 16,-7,5.0,101127,Jarrett Jack,1610612751.0,Brooklyn,Nets,BKN,0,0,,,,,,0,0,,,,,
0021500165,69,8,0,1,7:25 PM,5:33,,,SUB: Robinson FOR Lopez,,,5.0,201572,Brook Lopez,1610612751.0,Brooklyn,Nets,BKN,5,203080,Thomas Robinson,1610612751.0,Brooklyn,Nets,BKN,0,0,,,,,
0021500165,70,3,12,1,7:25 PM,5:33,,,Jack Free Throw 2 of 2 (4 PTS),24 - 16,-8,5.0,101127,Jarrett Jack,1610612751.0,Brooklyn,Nets,BKN,0,0,,,,,,0,0,,,,,
0021500165,72,1,58,1,7:26 PM,5:17,Jefferson 11' Turnaround Hook Shot (6 PTS),,,24 - 18,-6,4.0,2744,Al Jefferson,1610612766.0,Charlotte,Hornets,CHA,0,0,,,,,,0,0,,,,,
0021500165,73,2,1,1,7:26 PM,4:59,Williams BLOCK (1 BLK),,MISS Johnson  3PT Jump Shot,,,5.0,2207,Joe Johnson,1610612751.0,Brooklyn,Nets,BKN,0,0,,,,,,4,101107,Marvin Williams,1610612766.0,Charlotte,Hornets,CHA
0021500165,74,4,0,1,7:26 PM,4:59,,,Nets Rebound,,,3.0,1610612751,,,,,,0,0,,,,,,0,0,,,,,
0021500165,75,1,42,1,7:26 PM,4:54,,,Young 2' Driving Layup (6 PTS),26 - 18,-8,5.0,201152,Thaddeus Young,1610612751.0,Brooklyn,Nets,BKN,0,0,,,,,,0,0,,,,,
0021500165,76,2,58,1,7:26 PM,4:38,MISS Jefferson 12' Turnaround Hook Shot,,,,,4.0,2744,Al Jefferson,1610612766.0,Charlotte,Hornets,CHA,0,0,,,,,,0,0,,,,,
0021500165,77,4,0,1,7:26 PM,4:37,,,Robinson REBOUND (Off:0 Def:1),,,5.0,203080,Thomas Robinson,1610612751.0,Brooklyn,Nets,BKN,0,0,,,,,,0,0,,,,,
0021500165,78,2,5,1,7:27 PM,4:30,,,MISS Young 3' Layup,,,5.0,201152,Thaddeus Young,1610612751.0,Brooklyn,Nets,BKN,0,0,,,,,,0,0,,,,,
0021500165,79,4,0,1,7:27 PM,4:30,,,Nets Rebound,,,3.0,1610612751,,,,,,0,0,,,,,,0,0,,,,,
0021500165,80,5,15,1,7:27 PM,4:27,,,Robinson Offensive Goaltending Turnover (P1.T3),,,5.0,203080,Thomas Robinson,1610612751.0,Brooklyn,Nets,BKN,0,0,,,,,,1,0,,,,,
0021500165,81,2,1,1,7:27 PM,4:17,MISS Kaminsky 25' 3PT Jump Shot,,,,,4.0,1626163,Frank Kaminsky,1610612766.0,Charlotte,Hornets,CHA,0,0,,,,,,0,0,,,,,
0021500165,82,4,0,1,7:27 PM,4:16,Walker REBOUND (Off:1 Def:0),,,,,4.0,202689,Kemba Walker,1610612766.0,Charlotte,Hornets,CHA,0,0,,,,,,0,0,,,,,
0021500165,83,1,1,1,7:27 PM,4:10,Williams 24' 3PT Jump Shot (5 PTS) (Walker 2 AST),,,26 - 21,-5,4.0,101107,Marvin Williams,1610612766.0,Charlotte,Hornets,CHA,4,202689,Kemba Walker,1610612766.0,Charlotte,Hornets,CHA,0,0,,,,,
0021500165,84,2,1,1,7:27 PM,4:01,,,MISS Jack 19' Jump Shot,,,5.0,101127,Jarrett Jack,1610612751.0,Brooklyn,Nets,BKN,0,0,,,,,,0,0,,,,,
0021500165,85,4,0,1,7:27 PM,4:00,Kaminsky REBOUND (Off:0 Def:1),,,,,4.0,1626163,Frank Kaminsky,1610612766.0,Charlotte,Hornets,CHA,0,0,,,,,,0,0,,,,,
0021500165,86,2,1,1,7:28 PM,3:45,MISS Walker 18' Jump Shot,,Jack BLOCK (2 BLK),,,4.0,202689,Kemba Walker,1610612766.0,Charlotte,Hornets,CHA,0,0,,,,,,5,101127,Jarrett Jack,1610612751.0,Brooklyn,Nets,BKN
0021500165,87,4,0,1,7:28 PM,3:44,HORNETS Rebound,,,,,2.0,1610612766,,,,,,0,0,,,,,,0,0,,,,,
0021500165,93,8,0,1,7:28 PM,3:44,,,SUB: Larkin FOR Jack,,,5.0,101127,Jarrett Jack,1610612751.0,Brooklyn,Nets,BKN,5,203499,Shane Larkin,1610612751.0,Brooklyn,Nets,BKN,0,0,,,,,
0021500165,90,8,0,1,7:28 PM,3:44,SUB: Lamb FOR Williams,,,,,4.0,101107,Marvin Williams,1610612766.0,Charlotte,Hornets,CHA,4,203087,Jeremy Lamb,1610612766.0,Charlotte,Hornets,CHA,0,0,,,,,
0021500165,92,5,39,1,7:28 PM,3:43,Kaminsky Step Out of Bounds Turnover (P1.T3),,,,,4.0,1626163,Frank Kaminsky,1610612766.0,Charlotte,Hornets,CHA,0,0,,,,,,0,0,,,,,
0021500165,95,1,101,1,7:28 PM,3:24,,,Johnson 9' Driving Floating Jump Shot (13 PTS),28 - 21,-7,5.0,2207,Joe Johnson,1610612751.0,Brooklyn,Nets,BKN,0,0,,,,,,0,0,,,,,
0021500165,96,1,5,1,7:29 PM,3:12,Jefferson 1' Layup (8 PTS) (Batum 2 AST),,,28 - 23,-5,4.0,2744,Al Jefferson,1610612766.0,Charlotte,Hornets,CHA,4,201587,Nicolas Batum,1610612766.0,Charlotte,Hornets,CHA,0,0,,,,,
0021500165,97,6,2,1,7:29 PM,3:12,,,Larkin S.FOUL (P1.T3) (E.Lewis),,,5.0,203499,Shane Larkin,1610612751.0,Brooklyn,Nets,BKN,4,2744,Al Jefferson,1610612766.0,Charlotte,Hornets,CHA,1,0,,,,,
0021500165,98,3,10,1,7:29 PM,3:12,Jefferson Free Throw 1 of 1 (9 PTS),,,28 - 24,-4,4.0,2744,Al Jefferson,1610612766.0,Charlotte,Hornets,CHA,0,0,,,,,,0,0,,,,,
0021500165,102,1,1,1,7:30 PM,2:51,,,Larkin 19' Jump Shot (2 PTS),30 - 24,-6,5.0,203499,Shane Larkin,1610612751.0,Brooklyn,Nets,BKN,0,0,,,,,,0,0,,,,,
0021500165,104,1,98,1,7:30 PM,2:38,Kaminsky 1' Cutting Layup Shot (2 PTS) (Jefferson 1 AST),,,30 - 26,-4,4.0,1626163,Frank Kaminsky,1610612766.0,Charlotte,Hornets,CHA,4,2744,Al Jefferson,1610612766.0,Charlotte,Hornets,CHA,0,0,,,,,
0021500165,105,6,2,1,7:30 PM,2:38,,,Larkin S.FOUL (P2.T4) (A.Smith),,,5.0,203499,Shane Larkin,1610612751.0,Brooklyn,Nets,BKN,4,1626163,Frank Kaminsky,1610612766.0,Charlotte,Hornets,CHA,1,0,,,,,
0021500165,106,9,1,1,7:31 PM,2:38,,,Nets Timeout: Regular (Reg.1 Short 0),,,3.0,1610612751,,,,,,0,0,,,,,,0,0,,,,,
0021500165,108,8,0,1,7:32 PM,2:38,SUB: Hawes FOR Jefferson,,,,,4.0,2744,Al Jefferson,1610612766.0,Charlotte,Hornets,CHA,4,201150,Spencer Hawes,1610612766.0,Charlotte,Hornets,CHA,0,0,,,,,
0021500165,109,8,0,1,7:32 PM,2:38,SUB: Lin FOR Walker,,,,,4.0,202689,Kemba Walker,1610612766.0,Charlotte,Hornets,CHA,4,202391,Jeremy Lin,1610612766.0,Charlotte,Hornets,CHA,0,0,,,,,
0021500165,111,3,10,1,7:32 PM,2:38,Kaminsky Free Throw 1 of 1 (3 PTS),,,30 - 27,-3,4.0,1626163,Frank Kaminsky,1610612766.0,Charlotte,Hornets,CHA,0,0,,,,,,0,0,,,,,
0021500165,113,5,1,1,7:33 PM,2:26,Kaminsky STEAL (1 STL),,Johnson Bad Pass Turnover (P1.T4),,,5.0,2207,Joe Johnson,1610612751.0,Brooklyn,Nets,BKN,4,1626163,Frank Kaminsky,1610612766.0,Charlotte,Hornets,CHA,0,0,,,,,
0021500165,115,8,0,1,7:33 PM,2:09,,,SUB: Bogdanovic FOR Robinson,,,5.0,203080,Thomas Robinson,1610612751.0,Brooklyn,Nets,BKN,5,202711,Bojan Bogdanovic,1610612751.0,Brooklyn,Nets,BKN,0,0,,,,,
0021500165,116,8,0,1,7:33 PM,2:09,,,SUB: Lopez FOR Johnson,,,5.0,2207,Joe Johnson,1610612751.0,Brooklyn,Nets,BKN,5,201572,Brook Lopez,1610612751.0,Brooklyn,Nets,BKN,0,0,,,,,
0021500165,117,8,0,1,7:33 PM,2:09,,,SUB: Bargnani FOR Young,,,5.0,201152,Thaddeus Young,1610612751.0,Brooklyn,Nets,BKN,5,200745,Andrea Bargnani,1610612751.0,Brooklyn,Nets,BKN,0,0,,,,,
0021500165,118,2,5,1,7:34 PM,2:03,MISS Lin 2' Layup,,Lopez BLOCK (1 BLK),,,4.0,202391,Jeremy Lin,1610612766.0,Charlotte,Hornets,CHA,0,0,,,,,,5,201572,Brook Lopez,1610612751.0,Brooklyn,Nets,BKN
0021500165,119,4,0,1,7:34 PM,2:01,Lin REBOUND (Off:1 Def:0),,,,,4.0,202391,Jeremy Lin,1610612766.0,Charlotte,Hornets,CHA,0,0,,,,,,0,0,,,,,
0021500165,133,5,11,1,7:34 PM,1:57,HORNETS Turnover: Shot Clock (T#4),,,,,2.0,1610612766,,,,,,0,0,,,,,,1,0,,,,,
0021500165,121,1,1,1,7:34 PM,1:31,,,Bargnani 21' Jump Shot (2 PTS) (Bogdanovic 1 AST),32 - 27,-5,5.0,200745,Andrea Bargnani,1610612751.0,Brooklyn,Nets,BKN,5,202711,Bojan Bogdanovic,1610612751.0,Brooklyn,Nets,BKN,0,0,,,,,
0021500165,122,1,98,1,7:34 PM,1:09,Lin  Cutting Layup Shot (2 PTS) (Batum 3 AST),,,32 - 29,-3,4.0,202391,Jeremy Lin,1610612766.0,Charlotte,Hornets,CHA,4,201587,Nicolas Batum,1610612766.0,Charlotte,Hornets,CHA,0,0,,,,,
0021500165,123,2,1,1,7:35 PM,0:41,,,MISS Lopez 3' Jump Shot,,,5.0,201572,Brook Lopez,1610612751.0,Brooklyn,Nets,BKN,0,0,,,,,,0,0,,,,,
0021500165,124,4,0,1,7:35 PM,0:40,Lin REBOUND (Off:1 Def:1),,,,,4.0,202391,Jeremy Lin,1610612766.0,Charlotte,Hornets,CHA,0,0,,,,,,0,0,,,,,
0021500165,125,1,1,1,7:35 PM,0:32,Hawes 26' 3PT Jump Shot (3 PTS) (Lin 1 AST),,,32 - 32,TIE,4.0,201150,Spencer Hawes,1610612766.0,Charlotte,Hornets,CHA,4,202391,Jeremy Lin,1610612766.0,Charlotte,Hornets,CHA,0,0,,,,,
0021500165,126,2,1,1,7:35 PM,0:11,,,MISS Bargnani 26' 3PT Jump Shot,,,5.0,200745,Andrea Bargnani,1610612751.0,Brooklyn,Nets,BKN,0,0,,,,,,0,0,,,,,
0021500165,127,4,0,1,7:35 PM,0:10,Lamb REBOUND (Off:0 Def:1),,,,,4.0,203087,Jeremy Lamb,1610612766.0,Charlotte,Hornets,CHA,0,0,,,,,,0,0,,,,,
0021500165,128,2,1,1,7:36 PM,0:00,MISS Lamb 26' 3PT Jump Shot,,,,,4.0,203087,Jeremy Lamb,1610612766.0,Charlotte,Hornets,CHA,0,0,,,,,,0,0,,,,,
0021500165,130,4,0,1,7:36 PM,0:00,HORNETS Rebound,,,,,2.0,1610612766,,,,,,0,0,,,,,,0,0,,,,,
0021500165,129,13,0,1,7:36 PM,0:00,,,,32 - 32,TIE,0.0,0,,,,,,0,0,,,,,,0,0,,,,,
0021500165,132,18,1,1,7:36 PM,0:00,,,,,,,133,David Wesley,,,,,0,0,,,,,,1,0,,,,,
0021500165,134,12,0,2,7:38 PM,12:00,,,,32 - 32,TIE,0.0,0,,,,,,0,0,,,,,,0,0,,,,,
0021500165,135,1,98,2,7:39 PM,11:42,Hawes 2' Cutting Layup Shot (5 PTS) (Lamb 1 AST),,,32 - 34,2,4.0,201150,Spencer Hawes,1610612766.0,Charlotte,Hornets,CHA,4,203087,Jeremy Lamb,1610612766.0,Charlotte,Hornets,CHA,0,0,,,,,
0021500165,137,6,2,2,7:39 PM,11:30,Hawes S.FOUL (P1.T1) (J.Goble),,,,,4.0,201150,Spencer Hawes,1610612766.0,Charlotte,Hornets,CHA,5,201572,Brook Lopez,1610612751.0,Brooklyn,Nets,BKN,1,0,,,,,
0021500165,139,3,11,2,7:39 PM,11:30,,,Lopez Free Throw 1 of 2 (3 PTS),33 - 34,1,5.0,201572,Brook Lopez,1610612751.0,Brooklyn,Nets,BKN,0,0,,,,,,0,0,,,,,
0021500165,141,3,12,2,7:40 PM,11:30,,,Lopez Free Throw 2 of 2 (4 PTS),34 - 34,TIE,5.0,201572,Brook Lopez,1610612751.0,Brooklyn,Nets,BKN,0,0,,,,,,0,0,,,,,
0021500165,143,2,1,2,7:40 PM,11:09,MISS Lin 26' 3PT Jump Shot,,,,,4.0,202391,Jeremy Lin,1610612766.0,Charlotte,Hornets,CHA,0,0,,,,,,0,0,,,,,
0021500165,144,4,0,2,7:40 PM,11:08,,,Bogdanovic REBOUND (Off:0 Def:1),,,5.0,202711,Bojan Bogdanovic,1610612751.0,Brooklyn,Nets,BKN,0,0,,,,,,0,0,,,,,
0021500165,145,2,5,2,7:40 PM,11:00,Kaminsky BLOCK (1 BLK),,MISS Bargnani 3' Layup,,,5.0,200745,Andrea Bargnani,1610612751.0,Brooklyn,Nets,BKN,0,0,,,,,,4,1626163,Frank Kaminsky,1610612766.0,Charlotte,Hornets,CHA
0021500165,147,4,0,2,7:40 PM,11:00,,,Nets Rebound,,,3.0,1610612751,,,,,,0,0,,,,,,0,0,,,,,
0021500165,148,1,1,2,7:41 PM,10:53,,,Ellington 22' Jump Shot (2 PTS) (Lopez 1 AST),36 - 34,-2,5.0,201961,Wayne Ellington,1610612751.0,Brooklyn,Nets,BKN,5,201572,Brook Lopez,1610612751.0,Brooklyn,Nets,BKN,0,0,,,,,
0021500165,150,1,49,2,7:41 PM,10:31,Hawes  Driving Dunk (7 PTS) (Lin 2 AST),,,36 - 36,TIE,4.0,201150,Spencer Hawes,1610612766.0,Charlotte,Hornets,CHA,4,202391,Jeremy Lin,1610612766.0,Charlotte,Hornets,CHA,0,0,,,,,
0021500165,152,2,5,2,7:41 PM,10:06,,,MISS Lopez 3' Layup,,,5.0,201572,Brook Lopez,1610612751.0,Brooklyn,Nets,BKN,0,0,,,,,,0,0,,,,,
0021500165,153,4,0,2,7:41 PM,10:05,Hawes REBOUND (Off:0 Def:1),,,,,4.0,201150,Spencer Hawes,1610612766.0,Charlotte,Hornets,CHA,0,0,,,,,,0,0,,,,,
0021500165,154,2,46,2,7:42 PM,9:59,MISS Hawes 8' Running Jump Shot,,,,,4.0,201150,Spencer Hawes,1610612766.0,Charlotte,Hornets,CHA,0,0,,,,,,0,0,,,,,
0021500165,155,4,0,2,7:42 PM,9:56,,,Bogdanovic REBOUND (Off:0 Def:2),,,5.0,202711,Bojan Bogdanovic,1610612751.0,Brooklyn,Nets,BKN,0,0,,,,,,0,0,,,,,
0021500165,156,5,45,2,7:42 PM,9:48,,,Jack Out of Bounds - Bad Pass Turnover Turnover (P2.T5),,,5.0,101127,Jarrett Jack,1610612751.0,Brooklyn,Nets,BKN,0,0,,,,,,0,0,,,,,
0021500165,157,1,1,2,7:42 PM,9:37,Lamb 19' Jump Shot (2 PTS) (Hawes 1 AST),,,36 - 38,2,4.0,203087,Jeremy Lamb,1610612766.0,Charlotte,Hornets,CHA,4,201150,Spencer Hawes,1610612766.0,Charlotte,Hornets,CHA,0,0,,,,,
0021500165,158,2,1,2,7:42 PM,9:20,,,MISS Bargnani 18' Jump Shot,,,5.0,200745,Andrea Bargnani,1610612751.0,Brooklyn,Nets,BKN,0,0,,,,,,0,0,,,,,
0021500165,159,4,0,2,7:42 PM,9:19,Lin REBOUND (Off:1 Def:2),,,,,4.0,202391,Jeremy Lin,1610612766.0,Charlotte,Hornets,CHA,0,0,,,,,,0,0,,,,,
0021500165,160,1,41,2,7:42 PM,9:13,Hawes 2' Running Layup (9 PTS) (Lin 3 AST),,,36 - 40,4,4.0,201150,Spencer Hawes,1610612766.0,Charlotte,Hornets,CHA,4,202391,Jeremy Lin,1610612766.0,Charlotte,Hornets,CHA,0,0,,,,,
0021500165,161,9,1,2,7:43 PM,9:13,,,Nets Timeout: Regular (Reg.2 Short 0),,,3.0,1610612751,,,,,,0,0,,,,,,0,0,,,,,
0021500165,165,2,1,2,7:45 PM,8:57,,,MISS Ellington 18' Jump Shot,,,5.0,201961,Wayne Ellington,1610612751.0,Brooklyn,Nets,BKN,0,0,,,,,,0,0,,,,,
0021500165,166,4,0,2,7:45 PM,8:56,Hawes REBOUND (Off:0 Def:2),,,,,4.0,201150,Spencer Hawes,1610612766.0,Charlotte,Hornets,CHA,0,0,,,,,,0,0,,,,,
0021500165,167,2,1,2,7:45 PM,8:39,MISS Williams 23' Jump Shot,,,,,4.0,101107,Marvin Williams,1610612766.0,Charlotte,Hornets,CHA,0,0,,,,,,0,0,,,,,
0021500165,168,4,0,2,7:45 PM,8:38,,,Jack REBOUND (Off:0 Def:2),,,5.0,101127,Jarrett Jack,1610612751.0,Brooklyn,Nets,BKN,0,0,,,,,,0,0,,,,,
0021500165,169,1,5,2,7:46 PM,8:30,,,Lopez 1' Layup (6 PTS) (Jack 3 AST),38 - 40,2,5.0,201572,Brook Lopez,1610612751.0,Brooklyn,Nets,BKN,5,101127,Jarrett Jack,1610612751.0,Brooklyn,Nets,BKN,0,0,,,,,
0021500165,170,2,42,2,7:46 PM,8:14,MISS Lin 1' Driving Layup,,,,,4.0,202391,Jeremy Lin,1610612766.0,Charlotte,Hornets,CHA,0,0,,,,,,0,0,,,,,
0021500165,171,4,0,2,7:46 PM,8:13,,,Ellington REBOUND (Off:0 Def:1),,,5.0,201961,Wayne Ellington,1610612751.0,Brooklyn,Nets,BKN,0,0,,,,,,0,0,,,,,
0021500165,172,1,1,2,7:46 PM,8:05,,,Bargnani 19' Jump Shot (4 PTS) (Ellington 1 AST),40 - 40,TIE,5.0,200745,Andrea Bargnani,1610612751.0,Brooklyn,Nets,BKN,5,201961,Wayne Ellington,1610612751.0,Brooklyn,Nets,BKN,0,0,,,,,
0021500165,173,9,1,2,7:46 PM,8:05,HORNETS Timeout: Regular (Full 2 Short 0),,,,,2.0,1610612766,,,,,,0,0,,,,,,0,0,,,,,
0021500165,177,5,1,2,7:49 PM,7:57,Lin Bad Pass Turnover (P1.T5),,,,,4.0,202391,Jeremy Lin,1610612766.0,Charlotte,Hornets,CHA,0,0,,,,,,0,0,,,,,
0021500165,178,2,1,2,7:49 PM,7:43,,,MISS Ellington  3PT Jump Shot,,,5.0,201961,Wayne Ellington,1610612751.0,Brooklyn,Nets,BKN,0,0,,,,,,0,0,,,,,
0021500165,179,4,0,2,7:49 PM,7:41,Williams REBOUND (Off:1 Def:2),,,,,4.0,101107,Marvin Williams,1610612766.0,Charlotte,Hornets,CHA,0,0,,,,,,0,0,,,,,
0021500165,180,6,1,2,7:49 PM,7:39,,,Jack P.FOUL (P1.T1) (E.Lewis),,,5.0,101127,Jarrett Jack,1610612751.0,Brooklyn,Nets,BKN,4,202391,Jeremy Lin,1610612766.0,Charlotte,Hornets,CHA,1,0,,,,,
0021500165,181,2,1,2,7:49 PM,7:32,MISS Lin 26' 3PT Jump Shot,,,,,4.0,202391,Jeremy Lin,1610612766.0,Charlotte,Hornets,CHA,0,0,,,,,,0,0,,,,,
0021500165,182,4,0,2,7:49 PM,7:31,,,Ellington REBOUND (Off:0 Def:2),,,5.0,201961,Wayne Ellington,1610612751.0,Brooklyn,Nets,BKN,0,0,,,,,,0,0,,,,,
0021500165,183,2,1,2,7:50 PM,7:23,,,MISS Jack 18' Jump Shot,,,5.0,101127,Jarrett Jack,1610612751.0,Brooklyn,Nets,BKN,0,0,,,,,,0,0,,,,,
0021500165,184,4,0,2,7:50 PM,7:22,Lamb REBOUND (Off:0 Def:2),,,,,4.0,203087,Jeremy Lamb,1610612766.0,Charlotte,Hornets,CHA,0,0,,,,,,0,0,,,,,
0021500165,185,1,1,2,7:50 PM,7:10,Williams  3PT Jump Shot (8 PTS) (Hawes 2 AST),,,40 - 43,3,4.0,101107,Marvin Williams,1610612766.0,Charlotte,Hornets,CHA,4,201150,Spencer Hawes,1610612766.0,Charlotte,Hornets,CHA,0,0,,,,,
0021500165,186,1,3,2,7:50 PM,6:55,,,Lopez 7' Hook Shot (8 PTS),42 - 43,1,5.0,201572,Brook Lopez,1610612751.0,Brooklyn,Nets,BKN,0,0,,,,,,0,0,,,,,
0021500165,187,2,63,2,7:50 PM,6:28,MISS Hawes 16' Fadeaway Jumper,,,,,4.0,201150,Spencer Hawes,1610612766.0,Charlotte,Hornets,CHA,0,0,,,,,,0,0,,,,,
0021500165,188,4,0,2,7:50 PM,6:26,,,Jack REBOUND (Off:0 Def:3),,,5.0,101127,Jarrett Jack,1610612751.0,Brooklyn,Nets,BKN,0,0,,,,,,0,0,,,,,
0021500165,189,2,1,2,7:51 PM,6:20,,,MISS Bargnani 19' Jump Shot,,,5.0,200745,Andrea Bargnani,1610612751.0,Brooklyn,Nets,BKN,0,0,,,,,,0,0,,,,,
0021500165,190,4,0,2,7:51 PM,6:19,Hawes REBOUND (Off:0 Def:3),,,,,4.0,201150,Spencer Hawes,1610612766.0,Charlotte,Hornets,CHA,0,0,,,,,,0,0,,,,,
0021500165,191,1,75,2,7:51 PM,6:09,Lin 2' Driving Finger Roll Layup (4 PTS),,,42 - 45,3,4.0,202391,Jeremy Lin,1610612766.0,Charlotte,Hornets,CHA,0,0,,,,,,0,0,,,,,
0021500165,192,2,1,2,7:51 PM,5:53,Lamb BLOCK (1 BLK),,MISS Lopez 11' Jump Shot,,,5.0,201572,Brook Lopez,1610612751.0,Brooklyn,Nets,BKN,0,0,,,,,,4,203087,Jeremy Lamb,1610612766.0,Charlotte,Hornets,CHA
0021500165,193,4,0,2,7:51 PM,5:53,,,Nets Rebound,,,3.0,1610612751,,,,,,0,0,,,,,,0,0,,,,,
0021500165,194,8,0,2,7:52 PM,5:53,,,SUB: Larkin FOR Jack,,,5.0,101127,Jarrett Jack,1610612751.0,Brooklyn,Nets,BKN,5,203499,Shane Larkin,1610612751.0,Brooklyn,Nets,BKN,0,0,,,,,
0021500165,195,8,0,2,7:52 PM,5:53,,,SUB: Johnson FOR Bogdanovic,,,5.0,202711,Bojan Bogdanovic,1610612751.0,Brooklyn,Nets,BKN,5,2207,Joe Johnson,1610612751.0,Brooklyn,Nets,BKN,0,0,,,,,
0021500165,196,8,0,2,7:52 PM,5:53,,,SUB: Young FOR Bargnani,,,5.0,200745,Andrea Bargnani,1610612751.0,Brooklyn,Nets,BKN,5,201152,Thaddeus Young,1610612751.0,Brooklyn,Nets,BKN,0,0,,,,,
0021500165,197,8,0,2,7:52 PM,5:53,SUB: Jefferson FOR Hawes,,,,,4.0,201150,Spencer Hawes,1610612766.0,Charlotte,Hornets,CHA,4,2744,Al Jefferson,1610612766.0,Charlotte,Hornets,CHA,0,0,,,,,
0021500165,198,10,0,2,7:52 PM,5:53,Jump Ball Lamb vs. Lopez: Tip to Larkin,,,,,4.0,203087,Jeremy Lamb,1610612766.0,Charlotte,Hornets,CHA,5,201572,Brook Lopez,1610612751.0,Brooklyn,Nets,BKN,5,203499,Shane Larkin,1610612751.0,Brooklyn,Nets,BKN
0021500165,199,1,3,2,7:52 PM,5:37,,,Lopez 11' Hook Shot (10 PTS),44 - 45,1,5.0,201572,Brook Lopez,1610612751.0,Brooklyn,Nets,BKN,0,0,,,,,,0,0,,,,,
0021500165,200,2,1,2,7:52 PM,5:25,MISS Lin 20' Jump Shot,,,,,4.0,202391,Jeremy Lin,1610612766.0,Charlotte,Hornets,CHA,0,0,,,,,,0,0,,,,,
0021500165,201,4,0,2,7:52 PM,5:23,Kaminsky REBOUND (Off:1 Def:1),,,,,4.0,1626163,Frank Kaminsky,1610612766.0,Charlotte,Hornets,CHA,0,0,,,,,,0,0,,,,,
0021500165,202,2,1,2,7:52 PM,5:17,MISS Lamb 11' Jump Shot,,,,,4.0,203087,Jeremy Lamb,1610612766.0,Charlotte,Hornets,CHA,0,0,,,,,,0,0,,,,,
0021500165,203,4,0,2,7:52 PM,5:16,,,Young REBOUND (Off:0 Def:1),,,5.0,201152,Thaddeus Young,1610612751.0,Brooklyn,Nets,BKN,0,0,,,,,,0,0,,,,,
0021500165,204,2,1,2,7:52 PM,5:12,,,MISS Young 18' Jump Shot,,,5.0,201152,Thaddeus Young,1610612751.0,Brooklyn,Nets,BKN,0,0,,,,,,0,0,,,,,
0021500165,205,4,0,2,7:52 PM,5:11,Lin REBOUND (Off:1 Def:3),,,,,4.0,202391,Jeremy Lin,1610612766.0,Charlotte,Hornets,CHA,0,0,,,,,,0,0,,,,,
0021500165,207,2,47,2,7:53 PM,4:52,MISS Jefferson 8' Turnaround Jump Shot,,,,,4.0,2744,Al Jefferson,1610612766.0,Charlotte,Hornets,CHA,0,0,,,,,,0,0,,,,,
0021500165,208,4,0,2,7:53 PM,4:50,,,Young REBOUND (Off:0 Def:2),,,5.0,201152,Thaddeus Young,1610612751.0,Brooklyn,Nets,BKN,0,0,,,,,,0,0,,,,,
0021500165,210,8,0,2,7:53 PM,4:36,SUB: Batum FOR Williams,,,,,4.0,101107,Marvin Williams,1610612766.0,Charlotte,Hornets,CHA,4,201587,Nicolas Batum,1610612766.0,Charlotte,Hornets,CHA,0,0,,,,,
0021500165,211,8,0,2,7:53 PM,4:36,SUB: Walker FOR Lamb,,,,,4.0,203087,Jeremy Lamb,1610612766.0,Charlotte,Hornets,CHA,4,202689,Kemba Walker,1610612766.0,Charlotte,Hornets,CHA,0,0,,,,,
0021500165,212,8,0,2,7:53 PM,4:36,,,SUB: Hollis-Jefferson FOR Ellington,,,5.0,201961,Wayne Ellington,1610612751.0,Brooklyn,Nets,BKN,5,1626178,Rondae Hollis-Jefferson,1610612751.0,Brooklyn,Nets,BKN,0,0,,,,,
0021500165,213,2,1,2,7:54 PM,4:28,,,MISS Johnson 26' 3PT Jump Shot,,,5.0,2207,Joe Johnson,1610612751.0,Brooklyn,Nets,BKN,0,0,,,,,,0,0,,,,,
0021500165,214,4,0,2,7:54 PM,4:27,Lin REBOUND (Off:1 Def:4),,,,,4.0,202391,Jeremy Lin,1610612766.0,Charlotte,Hornets,CHA,0,0,,,,,,0,0,,,,,
0021500165,215,5,40,2,7:54 PM,4:23,Lin Out of Bounds Lost Ball Turnover (P2.T6),,,,,4.0,202391,Jeremy Lin,1610612766.0,Charlotte,Hornets,CHA,0,0,,,,,,0,0,,,,,
0021500165,216,1,1,2,7:54 PM,4:13,,,Lopez 19' Jump Shot (12 PTS) (Larkin 1 AST),46 - 45,-1,5.0,201572,Brook Lopez,1610612751.0,Brooklyn,Nets,BKN,5,203499,Shane Larkin,1610612751.0,Brooklyn,Nets,BKN,0,0,,,,,
0021500165,217,2,5,2,7:54 PM,3:56,MISS Jefferson 3' Layup,,,,,4.0,2744,Al Jefferson,1610612766.0,Charlotte,Hornets,CHA,0,0,,,,,,0,0,,,,,
0021500165,218,4,0,2,7:54 PM,3:55,,,Young REBOUND (Off:0 Def:3),,,5.0,201152,Thaddeus Young,1610612751.0,Brooklyn,Nets,BKN,0,0,,,,,,0,0,,,,,
0021500165,219,2,1,2,7:54 PM,3:46,,,MISS Lopez 20' Jump Shot,,,5.0,201572,Brook Lopez,1610612751.0,Brooklyn,Nets,BKN,0,0,,,,,,0,0,,,,,
0021500165,220,4,0,2,7:55 PM,3:44,Batum REBOUND (Off:0 Def:1),,,,,4.0,201587,Nicolas Batum,1610612766.0,Charlotte,Hornets,CHA,0,0,,,,,,0,0,,,,,
0021500165,221,1,98,2,7:55 PM,3:36,Kaminsky 2' Cutting Layup Shot (5 PTS) (Batum 4 AST),,,46 - 47,1,4.0,1626163,Frank Kaminsky,1610612766.0,Charlotte,Hornets,CHA,4,201587,Nicolas Batum,1610612766.0,Charlotte,Hornets,CHA,0,0,,,,,
0021500165,222,6,2,2,7:55 PM,3:36,,,Hollis-Jefferson S.FOUL (P2.T2) (J.Goble),,,5.0,1626178,Rondae Hollis-Jefferson,1610612751.0,Brooklyn,Nets,BKN,4,1626163,Frank Kaminsky,1610612766.0,Charlotte,Hornets,CHA,1,0,,,,,
0021500165,223,8,0,2,7:55 PM,3:36,,,SUB: Robinson FOR Lopez,,,5.0,201572,Brook Lopez,1610612751.0,Brooklyn,Nets,BKN,5,203080,Thomas Robinson,1610612751.0,Brooklyn,Nets,BKN,0,0,,,,,
0021500165,224,3,10,2,7:55 PM,3:36,Kaminsky Free Throw 1 of 1 (6 PTS),,,46 - 48,2,4.0,1626163,Frank Kaminsky,1610612766.0,Charlotte,Hornets,CHA,0,0,,,,,,0,0,,,,,
0021500165,226,2,1,2,7:55 PM,3:17,,,MISS Johnson 27' 3PT Jump Shot,,,5.0,2207,Joe Johnson,1610612751.0,Brooklyn,Nets,BKN,0,0,,,,,,0,0,,,,,
0021500165,227,4,0,2,7:55 PM,3:16,Walker REBOUND (Off:1 Def:1),,,,,4.0,202689,Kemba Walker,1610612766.0,Charlotte,Hornets,CHA,0,0,,,,,,0,0,,,,,
0021500165,228,1,1,2,7:56 PM,2:58,Batum 25' 3PT Jump Shot (7 PTS) (Jefferson 2 AST),,,46 - 51,5,4.0,201587,Nicolas Batum,1610612766.0,Charlotte,Hornets,CHA,4,2744,Al Jefferson,1610612766.0,Charlotte,Hornets,CHA,0,0,,,,,
0021500165,229,1,101,2,7:56 PM,2:46,,,Larkin 9' Driving Floating Jump Shot (4 PTS),48 - 51,3,5.0,203499,Shane Larkin,1610612751.0,Brooklyn,Nets,BKN,0,0,,,,,,0,0,,,,,
0021500165,230,2,5,2,7:56 PM,2:30,MISS Jefferson 2' Layup,,,,,4.0,2744,Al Jefferson,1610612766.0,Charlotte,Hornets,CHA,0,0,,,,,,0,0,,,,,
0021500165,231,4,0,2,7:56 PM,2:29,,,Hollis-Jefferson REBOUND (Off:0 Def:2),,,5.0,1626178,Rondae Hollis-Jefferson,1610612751.0,Brooklyn,Nets,BKN,0,0,,,,,,0,0,,,,,
0021500165,232,1,78,2,7:56 PM,2:19,,,Robinson 7' Floating Jump Shot (2 PTS) (Larkin 2 AST),50 - 51,1,5.0,203080,Thomas Robinson,1610612751.0,Brooklyn,Nets,BKN,5,203499,Shane Larkin,1610612751.0,Brooklyn,Nets,BKN,0,0,,,,,
0021500165,233,2,1,2,7:57 PM,1:52,MISS Kaminsky 8' Jump Shot,,,,,4.0,1626163,Frank Kaminsky,1610612766.0,Charlotte,Hornets,CHA,0,0,,,,,,0,0,,,,,
0021500165,234,4,0,2,7:57 PM,1:51,,,Robinson REBOUND (Off:0 Def:2),,,5.0,203080,Thomas Robinson,1610612751.0,Brooklyn,Nets,BKN,0,0,,,,,,0,0,,,,,
0021500165,235,2,1,2,7:57 PM,1:43,,,MISS Larkin 22' Jump Shot,,,5.0,203499,Shane Larkin,1610612751.0,Brooklyn,Nets,BKN,0,0,,,,,,0,0,,,,,
0021500165,236,4,0,2,7:57 PM,1:41,Lin REBOUND (Off:1 Def:5),,,,,4.0,202391,Jeremy Lin,1610612766.0,Charlotte,Hornets,CHA,0,0,,,,,,0,0,,,,,
0021500165,237,6,1,2,7:57 PM,1:34,,,Young P.FOUL (P1.T3) (E.Lewis),,,5.0,201152,Thaddeus Young,1610612751.0,Brooklyn,Nets,BKN,4,202689,Kemba Walker,1610612766.0,Charlotte,Hornets,CHA,1,0,,,,,
0021500165,238,9,4,2,7:57 PM,1:34,,,,,,1.0,0,,,,,,0,0,,,,,,0,0,,,,,
0021500165,241,8,0,2,8:00 PM,1:34,SUB: Lamb FOR Walker,,,,,4.0,202689,Kemba Walker,1610612766.0,Charlotte,Hornets,CHA,4,203087,Jeremy Lamb,1610612766.0,Charlotte,Hornets,CHA,0,0,,,,,
0021500165,242,5,1,2,8:00 PM,1:28,Batum Bad Pass Turnover (P1.T7),,Hollis-Jefferson STEAL (1 STL),,,4.0,201587,Nicolas Batum,1610612766.0,Charlotte,Hornets,CHA,5,1626178,Rondae Hollis-Jefferson,1610612751.0,Brooklyn,Nets,BKN,0,0,,,,,
0021500165,243,1,50,2,8:00 PM,1:23,,,Hollis-Jefferson  Running Dunk (5 PTS),52 - 51,-1,5.0,1626178,Rondae Hollis-Jefferson,1610612751.0,Brooklyn,Nets,BKN,0,0,,,,,,0,0,,,,,
0021500165,244,6,1,2,8:00 PM,1:09,,,Robinson P.FOUL (P1.PN) (A.Smith),,,5.0,203080,Thomas Robinson,1610612751.0,Brooklyn,Nets,BKN,4,2744,Al Jefferson,1610612766.0,Charlotte,Hornets,CHA,1,0,,,,,
0021500165,245,3,11,2,8:01 PM,1:09,MISS Jefferson Free Throw 1 of 2,,,,,4.0,2744,Al Jefferson,1610612766.0,Charlotte,Hornets,CHA,0,0,,,,,,0,0,,,,,
0021500165,246,4,1,2,8:01 PM,1:09,HORNETS Rebound,,,,,2.0,1610612766,,,,,,0,0,,,,,,0,0,,,,,
0021500165,247,3,12,2,8:01 PM,1:09,Jefferson Free Throw 2 of 2 (10 PTS),,,52 - 52,TIE,4.0,2744,Al Jefferson,1610612766.0,Charlotte,Hornets,CHA,0,0,,,,,,0,0,,,,,
0021500165,249,1,1,2,8:01 PM,0:47,,,Young 18' Jump Shot (8 PTS) (Hollis-Jefferson 1 AST),54 - 52,-2,5.0,201152,Thaddeus Young,1610612751.0,Brooklyn,Nets,BKN,5,1626178,Rondae Hollis-Jefferson,1610612751.0,Brooklyn,Nets,BKN,0,0,,,,,
0021500165,250,2,1,2,8:02 PM,0:32,MISS Lin 25' 3PT Jump Shot,,,,,4.0,202391,Jeremy Lin,1610612766.0,Charlotte,Hornets,CHA,0,0,,,,,,0,0,,,,,
0021500165,251,4,0,2,8:02 PM,0:31,,,Young REBOUND (Off:0 Def:4),,,5.0,201152,Thaddeus Young,1610612751.0,Brooklyn,Nets,BKN,0,0,,,,,,0,0,,,,,
0021500165,252,1,66,2,8:02 PM,0:12,,,Robinson 12' Jump Bank Shot (4 PTS) (Larkin 3 AST),56 - 52,-4,5.0,203080,Thomas Robinson,1610612751.0,Brooklyn,Nets,BKN,5,203499,Shane Larkin,1610612751.0,Brooklyn,Nets,BKN,0,0,,,,,
0021500165,253,6,4,2,8:02 PM,0:03,Lin OFF.Foul (P1) (E.Lewis),,,,,4.0,202391,Jeremy Lin,1610612766.0,Charlotte,Hornets,CHA,5,203499,Shane Larkin,1610612751.0,Brooklyn,Nets,BKN,1,0,,,,,
0021500165,254,5,5,2,8:02 PM,0:03,Lin Foul Turnover (P3.T8),,,,,4.0,202391,Jeremy Lin,1610612766.0,Charlotte,Hornets,CHA,0,0,,,,,,1,0,,,,,
0021500165,255,9,2,2,8:02 PM,0:03,,,Nets Timeout: Short (Reg.2 Short 1),,,3.0,1610612751,,,,,,0,0,,,,,,0,0,,,,,
0021500165,257,8,0,2,8:03 PM,0:03,SUB: Williams FOR Lamb,,,,,4.0,203087,Jeremy Lamb,1610612766.0,Charlotte,Hornets,CHA,4,101107,Marvin Williams,1610612766.0,Charlotte,Hornets,CHA,0,0,,,,,
0021500165,258,8,0,2,8:04 PM,0:03,,,SUB: Lopez FOR Hollis-Jefferson,,,5.0,1626178,Rondae Hollis-Jefferson,1610612751.0,Brooklyn,Nets,BKN,5,201572,Brook Lopez,1610612751.0,Brooklyn,Nets,BKN,0,0,,,,,
0021500165,259,8,0,2,8:04 PM,0:03,,,SUB: Ellington FOR Robinson,,,5.0,203080,Thomas Robinson,1610612751.0,Brooklyn,Nets,BKN,5,201961,Wayne Ellington,1610612751.0,Brooklyn,Nets,BKN,0,0,,,,,
0021500165,260,2,1,2,8:04 PM,0:00,,,MISS Lopez 18' Jump Shot,,,5.0,201572,Brook Lopez,1610612751.0,Brooklyn,Nets,BKN,0,0,,,,,,0,0,,,,,
0021500165,262,4,0,2,8:04 PM,0:00,,,Nets Rebound,,,3.0,1610612751,,,,,,0,0,,,,,,0,0,,,,,
0021500165,261,13,0,2,8:04 PM,0:00,,,,56 - 52,-4,0.0,0,,,,,,0,0,,,,,,0,0,,,,,
0021500165,264,12,0,3,8:20 PM,12:00,,,,56 - 52,-4,0.0,0,,,,,,0,0,,,,,,0,0,,,,,
0021500165,265,1,63,3,8:20 PM,11:46,Batum 17' Fadeaway Jumper (9 PTS),,,56 - 54,-2,4.0,201587,Nicolas Batum,1610612766.0,Charlotte,Hornets,CHA,0,0,,,,,,0,0,,,,,
0021500165,266,2,1,3,8:20 PM,11:33,,,MISS Hollis-Jefferson 19' Jump Shot,,,5.0,1626178,Rondae Hollis-Jefferson,1610612751.0,Brooklyn,Nets,BKN,0,0,,,,,,0,0,,,,,
0021500165,267,4,0,3,8:20 PM,11:32,Zeller REBOUND (Off:0 Def:2),,,,,4.0,203469,Cody Zeller,1610612766.0,Charlotte,Hornets,CHA,0,0,,,,,,0,0,,,,,
0021500165,268,1,1,3,8:20 PM,11:21,Jefferson 16' Jump Shot (12 PTS) (Walker 3 AST),,,56 - 56,TIE,4.0,2744,Al Jefferson,1610612766.0,Charlotte,Hornets,CHA,4,202689,Kemba Walker,1610612766.0,Charlotte,Hornets,CHA,0,0,,,,,
0021500165,269,1,101,3,8:20 PM,11:08,,,Jack 7' Driving Floating Jump Shot (6 PTS),58 - 56,-2,5.0,101127,Jarrett Jack,1610612751.0,Brooklyn,Nets,BKN,0,0,,,,,,0,0,,,,,
0021500165,270,6,2,3,8:21 PM,10:58,,,Hollis-Jefferson S.FOUL (P3.T1) (J.Goble),,,5.0,1626178,Rondae Hollis-Jefferson,1610612751.0,Brooklyn,Nets,BKN,4,201587,Nicolas Batum,1610612766.0,Charlotte,Hornets,CHA,1,0,,,,,
0021500165,271,3,11,3,8:21 PM,10:58,Batum Free Throw 1 of 2 (10 PTS),,,58 - 57,-1,4.0,201587,Nicolas Batum,1610612766.0,Charlotte,Hornets,CHA,0,0,,,,,,0,0,,,,,
0021500165,273,3,12,3,8:21 PM,10:58,Batum Free Throw 2 of 2 (11 PTS),,,58 - 58,TIE,4.0,201587,Nicolas Batum,1610612766.0,Charlotte,Hornets,CHA,0,0,,,,,,0,0,,,,,
0021500165,275,1,5,3,8:22 PM,10:43,,,Lopez 1' Layup (14 PTS) (Johnson 1 AST),60 - 58,-2,5.0,201572,Brook Lopez,1610612751.0,Brooklyn,Nets,BKN,5,2207,Joe Johnson,1610612751.0,Brooklyn,Nets,BKN,0,0,,,,,
0021500165,276,1,1,3,8:22 PM,10:26,Walker 25' 3PT Jump Shot (9 PTS) (Batum 5 AST),,,60 - 61,1,4.0,202689,Kemba Walker,1610612766.0,Charlotte,Hornets,CHA,4,201587,Nicolas Batum,1610612766.0,Charlotte,Hornets,CHA,0,0,,,,,
0021500165,277,2,1,3,8:22 PM,10:06,,,MISS Hollis-Jefferson 7' Jump Shot,,,5.0,1626178,Rondae Hollis-Jefferson,1610612751.0,Brooklyn,Nets,BKN,0,0,,,,,,0,0,,,,,
0021500165,278,4,0,3,8:22 PM,10:05,Jefferson REBOUND (Off:0 Def:2),,,,,4.0,2744,Al Jefferson,1610612766.0,Charlotte,Hornets,CHA,0,0,,,,,,0,0,,,,,
0021500165,279,1,1,3,8:22 PM,9:55,Batum 25' 3PT Jump Shot (14 PTS) (Walker 4 AST),,,60 - 64,4,4.0,201587,Nicolas Batum,1610612766.0,Charlotte,Hornets,CHA,4,202689,Kemba Walker,1610612766.0,Charlotte,Hornets,CHA,0,0,,,,,
0021500165,280,6,2,3,8:23 PM,9:37,Jefferson S.FOUL (P2.T1) (E.Lewis),,,,,4.0,2744,Al Jefferson,1610612766.0,Charlotte,Hornets,CHA,5,201572,Brook Lopez,1610612751.0,Brooklyn,Nets,BKN,1,0,,,,,
0021500165,281,3,11,3,8:23 PM,9:37,,,Lopez Free Throw 1 of 2 (15 PTS),61 - 64,3,5.0,201572,Brook Lopez,1610612751.0,Brooklyn,Nets,BKN,0,0,,,,,,0,0,,,,,
0021500165,283,8,0,3,8:23 PM,9:37,,,SUB: Bogdanovic FOR Hollis-Jefferson,,,5.0,1626178,Rondae Hollis-Jefferson,1610612751.0,Brooklyn,Nets,BKN,5,202711,Bojan Bogdanovic,1610612751.0,Brooklyn,Nets,BKN,0,0,,,,,
0021500165,284,3,12,3,8:23 PM,9:37,,,Lopez Free Throw 2 of 2 (16 PTS),62 - 64,2,5.0,201572,Brook Lopez,1610612751.0,Brooklyn,Nets,BKN,0,0,,,,,,0,0,,,,,
0021500165,286,2,1,3,8:24 PM,9:15,MISS Jefferson 13' Jump Shot,,,,,4.0,2744,Al Jefferson,1610612766.0,Charlotte,Hornets,CHA,0,0,,,,,,0,0,,,,,
0021500165,287,4,0,3,8:24 PM,9:13,,,Bogdanovic REBOUND (Off:0 Def:3),,,5.0,202711,Bojan Bogdanovic,1610612751.0,Brooklyn,Nets,BKN,0,0,,,,,,0,0,,,,,
0021500165,288,6,2,3,8:24 PM,9:04,Zeller S.FOUL (P3.T2) (E.Lewis),,,,,4.0,203469,Cody Zeller,1610612766.0,Charlotte,Hornets,CHA,5,201152,Thaddeus Young,1610612751.0,Brooklyn,Nets,BKN,1,0,,,,,
0021500165,289,3,11,3,8:24 PM,9:04,,,Young Free Throw 1 of 2 (9 PTS),63 - 64,1,5.0,201152,Thaddeus Young,1610612751.0,Brooklyn,Nets,BKN,0,0,,,,,,0,0,,,,,
0021500165,291,3,12,3,8:25 PM,9:04,,,MISS Young Free Throw 2 of 2,,,5.0,201152,Thaddeus Young,1610612751.0,Brooklyn,Nets,BKN,0,0,,,,,,0,0,,,,,
0021500165,293,4,0,3,8:25 PM,9:03,Jefferson REBOUND (Off:0 Def:3),,,,,4.0,2744,Al Jefferson,1610612766.0,Charlotte,Hornets,CHA,0,0,,,,,,0,0,,,,,
0021500165,294,2,1,3,8:25 PM,8:46,MISS Walker 4' Jump Shot,,Lopez BLOCK (2 BLK),,,4.0,202689,Kemba Walker,1610612766.0,Charlotte,Hornets,CHA,0,0,,,,,,5,201572,Brook Lopez,1610612751.0,Brooklyn,Nets,BKN
0021500165,295,4,0,3,8:25 PM,8:44,,,Lopez REBOUND (Off:0 Def:2),,,5.0,201572,Brook Lopez,1610612751.0,Brooklyn,Nets,BKN,0,0,,,,,,0,0,,,,,
0021500165,296,1,41,3,8:25 PM,8:41,,,Young 1' Running Layup (11 PTS) (Jack 4 AST),65 - 64,-1,5.0,201152,Thaddeus Young,1610612751.0,Brooklyn,Nets,BKN,5,101127,Jarrett Jack,1610612751.0,Brooklyn,Nets,BKN,0,0,,,,,
0021500165,297,1,1,3,8:25 PM,8:27,Walker 25' 3PT Jump Shot (12 PTS),,,65 - 67,2,4.0,202689,Kemba Walker,1610612766.0,Charlotte,Hornets,CHA,0,0,,,,,,0,0,,,,,
0021500165,298,2,1,3,8:26 PM,8:11,,,MISS Lopez 14' Jump Shot,,,5.0,201572,Brook Lopez,1610612751.0,Brooklyn,Nets,BKN,0,0,,,,,,0,0,,,,,
0021500165,299,4,0,3,8:26 PM,8:10,Zeller REBOUND (Off:0 Def:3),,,,,4.0,203469,Cody Zeller,1610612766.0,Charlotte,Hornets,CHA,0,0,,,,,,0,0,,,,,
0021500165,300,2,1,3,8:26 PM,8:00,MISS Williams 25' 3PT Jump Shot,,,,,4.0,101107,Marvin Williams,1610612766.0,Charlotte,Hornets,CHA,0,0,,,,,,0,0,,,,,
0021500165,301,4,0,3,8:26 PM,8:00,Jefferson REBOUND (Off:1 Def:3),,,,,4.0,2744,Al Jefferson,1610612766.0,Charlotte,Hornets,CHA,0,0,,,,,,0,0,,,,,
0021500165,302,6,2,3,8:26 PM,8:00,,,Young S.FOUL (P2.T2) (E.Lewis),,,5.0,201152,Thaddeus Young,1610612751.0,Brooklyn,Nets,BKN,4,2744,Al Jefferson,1610612766.0,Charlotte,Hornets,CHA,1,0,,,,,
0021500165,303,3,11,3,8:26 PM,8:00,MISS Jefferson Free Throw 1 of 2,,,,,4.0,2744,Al Jefferson,1610612766.0,Charlotte,Hornets,CHA,0,0,,,,,,0,0,,,,,
0021500165,304,4,1,3,8:26 PM,8:00,HORNETS Rebound,,,,,2.0,1610612766,,,,,,0,0,,,,,,0,0,,,,,
0021500165,305,3,12,3,8:26 PM,8:00,MISS Jefferson Free Throw 2 of 2,,,,,4.0,2744,Al Jefferson,1610612766.0,Charlotte,Hornets,CHA,0,0,,,,,,0,0,,,,,
0021500165,307,4,0,3,8:27 PM,7:58,,,Jack REBOUND (Off:0 Def:4),,,5.0,101127,Jarrett Jack,1610612751.0,Brooklyn,Nets,BKN,0,0,,,,,,0,0,,,,,
0021500165,308,2,1,3,8:27 PM,7:48,,,MISS Lopez 8' Jump Shot,,,5.0,201572,Brook Lopez,1610612751.0,Brooklyn,Nets,BKN,0,0,,,,,,0,0,,,,,
0021500165,309,4,0,3,8:27 PM,7:47,,,Lopez REBOUND (Off:1 Def:2),,,5.0,201572,Brook Lopez,1610612751.0,Brooklyn,Nets,BKN,0,0,,,,,,0,0,,,,,
0021500165,310,6,2,3,8:27 PM,7:47,Jefferson S.FOUL (P3.T3) (E.Lewis),,,,,4.0,2744,Al Jefferson,1610612766.0,Charlotte,Hornets,CHA,5,201572,Brook Lopez,1610612751.0,Brooklyn,Nets,BKN,1,0,,,,,
0021500165,311,3,11,3,8:27 PM,7:47,,,Lopez Free Throw 1 of 2 (17 PTS),66 - 67,1,5.0,201572,Brook Lopez,1610612751.0,Brooklyn,Nets,BKN,0,0,,,,,,0,0,,,,,
0021500165,313,3,12,3,8:27 PM,7:47,,,MISS Lopez Free Throw 2 of 2,,,5.0,201572,Brook Lopez,1610612751.0,Brooklyn,Nets,BKN,0,0,,,,,,0,0,,,,,
0021500165,315,4,0,3,8:28 PM,7:45,Zeller REBOUND (Off:0 Def:4),,,,,4.0,203469,Cody Zeller,1610612766.0,Charlotte,Hornets,CHA,0,0,,,,,,0,0,,,,,
0021500165,316,6,2,3,8:28 PM,7:37,,,Lopez S.FOUL (P2.T3) (E.Lewis),,,5.0,201572,Brook Lopez,1610612751.0,Brooklyn,Nets,BKN,4,202689,Kemba Walker,1610612766.0,Charlotte,Hornets,CHA,1,0,,,,,
0021500165,317,3,11,3,8:28 PM,7:37,Walker Free Throw 1 of 2 (13 PTS),,,66 - 68,2,4.0,202689,Kemba Walker,1610612766.0,Charlotte,Hornets,CHA,0,0,,,,,,0,0,,,,,
0021500165,319,3,12,3,8:28 PM,7:37,Walker Free Throw 2 of 2 (14 PTS),,,66 - 69,3,4.0,202689,Kemba Walker,1610612766.0,Charlotte,Hornets,CHA,0,0,,,,,,0,0,,,,,
0021500165,321,2,1,3,8:29 PM,7:16,Zeller BLOCK (1 BLK),,MISS Lopez 4' Jump Shot,,,5.0,201572,Brook Lopez,1610612751.0,Brooklyn,Nets,BKN,0,0,,,,,,4,203469,Cody Zeller,1610612766.0,Charlotte,Hornets,CHA
0021500165,322,4,0,3,8:29 PM,7:14,Jefferson REBOUND (Off:1 Def:4),,,,,4.0,2744,Al Jefferson,1610612766.0,Charlotte,Hornets,CHA,0,0,,,,,,0,0,,,,,
0021500165,323,7,5,3,8:29 PM,7:14,,,Jack Violation:Kicked Ball (E.Lewis),,,5.0,101127,Jarrett Jack,1610612751.0,Brooklyn,Nets,BKN,0,0,,,,,,1,0,,,,,
0021500165,324,6,2,3,8:29 PM,7:06,,,Bogdanovic S.FOUL (P1.T4) (J.Goble),,,5.0,202711,Bojan Bogdanovic,1610612751.0,Brooklyn,Nets,BKN,4,2744,Al Jefferson,1610612766.0,Charlotte,Hornets,CHA,1,0,,,,,
0021500165,325,3,11,3,8:29 PM,7:06,Jefferson Free Throw 1 of 2 (13 PTS),,,66 - 70,4,4.0,2744,Al Jefferson,1610612766.0,Charlotte,Hornets,CHA,0,0,,,,,,0,0,,,,,
0021500165,327,3,12,3,8:30 PM,7:06,Jefferson Free Throw 2 of 2 (14 PTS),,,66 - 71,5,4.0,2744,Al Jefferson,1610612766.0,Charlotte,Hornets,CHA,0,0,,,,,,0,0,,,,,
0021500165,329,2,1,3,8:30 PM,6:55,Batum BLOCK (1 BLK),,MISS Bogdanovic 17' Jump Shot,,,5.0,202711,Bojan Bogdanovic,1610612751.0,Brooklyn,Nets,BKN,0,0,,,,,,4,201587,Nicolas Batum,1610612766.0,Charlotte,Hornets,CHA
0021500165,330,4,0,3,8:30 PM,6:53,Zeller REBOUND (Off:0 Def:5),,,,,4.0,203469,Cody Zeller,1610612766.0,Charlotte,Hornets,CHA,0,0,,,,,,0,0,,,,,
0021500165,331,2,3,3,8:30 PM,6:43,MISS Jefferson 9' Hook Shot,,,,,4.0,2744,Al Jefferson,1610612766.0,Charlotte,Hornets,CHA,0,0,,,,,,0,0,,,,,
0021500165,332,4,0,3,8:30 PM,6:42,,,Jack REBOUND (Off:0 Def:5),,,5.0,101127,Jarrett Jack,1610612751.0,Brooklyn,Nets,BKN,0,0,,,,,,0,0,,,,,
0021500165,333,1,108,3,8:30 PM,6:35,,,Young  Cutting Dunk Shot (13 PTS) (Jack 5 AST),68 - 71,3,5.0,201152,Thaddeus Young,1610612751.0,Brooklyn,Nets,BKN,5,101127,Jarrett Jack,1610612751.0,Brooklyn,Nets,BKN,0,0,,,,,
0021500165,334,6,2,3,8:31 PM,6:22,,,Lopez S.FOUL (P3.PN) (A.Smith),,,5.0,201572,Brook Lopez,1610612751.0,Brooklyn,Nets,BKN,4,202689,Kemba Walker,1610612766.0,Charlotte,Hornets,CHA,1,0,,,,,
0021500165,335,3,11,3,8:31 PM,6:22,MISS Walker Free Throw 1 of 2,,,,,4.0,202689,Kemba Walker,1610612766.0,Charlotte,Hornets,CHA,0,0,,,,,,0,0,,,,,
0021500165,336,4,1,3,8:31 PM,6:22,HORNETS Rebound,,,,,2.0,1610612766,,,,,,0,0,,,,,,0,0,,,,,
0021500165,337,3,12,3,8:31 PM,6:22,MISS Walker Free Throw 2 of 2,,,,,4.0,202689,Kemba Walker,1610612766.0,Charlotte,Hornets,CHA,0,0,,,,,,0,0,,,,,
0021500165,339,4,0,3,8:31 PM,6:21,,,Young REBOUND (Off:0 Def:5),,,5.0,201152,Thaddeus Young,1610612751.0,Brooklyn,Nets,BKN,0,0,,,,,,0,0,,,,,
0021500165,340,7,5,3,8:32 PM,6:08,Walker Violation:Kicked Ball (J.Goble),,,,,4.0,202689,Kemba Walker,1610612766.0,Charlotte,Hornets,CHA,0,0,,,,,,1,0,,,,,
0021500165,341,6,1,3,8:32 PM,6:05,Walker P.FOUL (P3.T4) (J.Goble),,,,,4.0,202689,Kemba Walker,1610612766.0,Charlotte,Hornets,CHA,5,101127,Jarrett Jack,1610612751.0,Brooklyn,Nets,BKN,1,0,,,,,
0021500165,342,2,1,3,8:32 PM,5:51,,,MISS Johnson 11' Jump Shot,,,5.0,2207,Joe Johnson,1610612751.0,Brooklyn,Nets,BKN,0,0,,,,,,0,0,,,,,
0021500165,343,4,0,3,8:32 PM,5:49,,,Lopez REBOUND (Off:2 Def:2),,,5.0,201572,Brook Lopez,1610612751.0,Brooklyn,Nets,BKN,0,0,,,,,,0,0,,,,,
0021500165,344,1,5,3,8:33 PM,5:45,,,Young 2' Layup (15 PTS) (Lopez 2 AST),70 - 71,1,5.0,201152,Thaddeus Young,1610612751.0,Brooklyn,Nets,BKN,5,201572,Brook Lopez,1610612751.0,Brooklyn,Nets,BKN,0,0,,,,,
0021500165,345,2,1,3,8:33 PM,5:26,MISS Batum 25' 3PT Jump Shot,,,,,4.0,201587,Nicolas Batum,1610612766.0,Charlotte,Hornets,CHA,0,0,,,,,,0,0,,,,,
0021500165,346,4,0,3,8:33 PM,5:25,,,Young REBOUND (Off:0 Def:6),,,5.0,201152,Thaddeus Young,1610612751.0,Brooklyn,Nets,BKN,0,0,,,,,,0,0,,,,,
0021500165,347,1,5,3,8:33 PM,5:14,,,Young  Layup (17 PTS),72 - 71,-1,5.0,201152,Thaddeus Young,1610612751.0,Brooklyn,Nets,BKN,0,0,,,,,,0,0,,,,,
0021500165,350,18,0,3,8:33 PM,5:14,,,,,,,279,Charles Jones,,,,,0,0,,,,,,1,0,,,,,
0021500165,348,9,1,3,8:33 PM,5:09,HORNETS Timeout: Regular (Full 3 Short 0),,,,,2.0,1610612766,,,,,,0,0,,,,,,0,0,,,,,
0021500165,354,2,1,3,8:36 PM,5:00,MISS Williams 26' 3PT Jump Shot,,,,,4.0,101107,Marvin Williams,1610612766.0,Charlotte,Hornets,CHA,0,0,,,,,,0,0,,,,,
0021500165,355,4,0,3,8:36 PM,4:58,,,Bogdanovic REBOUND (Off:0 Def:4),,,5.0,202711,Bojan Bogdanovic,1610612751.0,Brooklyn,Nets,BKN,0,0,,,,,,0,0,,,,,
0021500165,356,2,5,3,8:36 PM,4:48,,,MISS Young 2' Layup,,,5.0,201152,Thaddeus Young,1610612751.0,Brooklyn,Nets,BKN,0,0,,,,,,0,0,,,,,
0021500165,357,4,0,3,8:36 PM,4:47,Jefferson REBOUND (Off:1 Def:5),,,,,4.0,2744,Al Jefferson,1610612766.0,Charlotte,Hornets,CHA,0,0,,,,,,0,0,,,,,
0021500165,359,8,0,3,8:36 PM,4:37,SUB: Kaminsky FOR Zeller,,,,,4.0,203469,Cody Zeller,1610612766.0,Charlotte,Hornets,CHA,4,1626163,Frank Kaminsky,1610612766.0,Charlotte,Hornets,CHA,0,0,,,,,
0021500165,360,1,5,3,8:37 PM,4:25,Kaminsky 1' Layup (8 PTS) (Walker 5 AST),,,72 - 73,1,4.0,1626163,Frank Kaminsky,1610612766.0,Charlotte,Hornets,CHA,4,202689,Kemba Walker,1610612766.0,Charlotte,Hornets,CHA,0,0,,,,,
0021500165,362,1,1,3,8:37 PM,4:06,,,Young 17' Jump Shot (19 PTS) (Johnson 2 AST),74 - 73,-1,5.0,201152,Thaddeus Young,1610612751.0,Brooklyn,Nets,BKN,5,2207,Joe Johnson,1610612751.0,Brooklyn,Nets,BKN,0,0,,,,,
0021500165,363,5,45,3,8:38 PM,3:48,Walker Out of Bounds - Bad Pass Turnover Turnover (P2.T9),,,,,4.0,202689,Kemba Walker,1610612766.0,Charlotte,Hornets,CHA,0,0,,,,,,0,0,,,,,
0021500165,364,8,0,3,8:38 PM,3:48,SUB: Hawes FOR Jefferson,,,,,4.0,2744,Al Jefferson,1610612766.0,Charlotte,Hornets,CHA,4,201150,Spencer Hawes,1610612766.0,Charlotte,Hornets,CHA,0,0,,,,,
0021500165,365,8,0,3,8:38 PM,3:48,SUB: Lamb FOR Williams,,,,,4.0,101107,Marvin Williams,1610612766.0,Charlotte,Hornets,CHA,4,203087,Jeremy Lamb,1610612766.0,Charlotte,Hornets,CHA,0,0,,,,,
0021500165,366,2,1,3,8:38 PM,3:32,,,MISS Lopez 20' Jump Shot,,,5.0,201572,Brook Lopez,1610612751.0,Brooklyn,Nets,BKN,0,0,,,,,,0,0,,,,,
0021500165,367,4,0,3,8:38 PM,3:30,Kaminsky REBOUND (Off:1 Def:2),,,,,4.0,1626163,Frank Kaminsky,1610612766.0,Charlotte,Hornets,CHA,0,0,,,,,,0,0,,,,,
0021500165,368,1,1,3,8:38 PM,3:19,Kaminsky 26' 3PT Jump Shot (11 PTS) (Walker 6 AST),,,74 - 76,2,4.0,1626163,Frank Kaminsky,1610612766.0,Charlotte,Hornets,CHA,4,202689,Kemba Walker,1610612766.0,Charlotte,Hornets,CHA,0,0,,,,,
0021500165,369,1,3,3,8:39 PM,3:06,,,Young 8' Hook Shot (21 PTS) (Jack 6 AST),76 - 76,TIE,5.0,201152,Thaddeus Young,1610612751.0,Brooklyn,Nets,BKN,5,101127,Jarrett Jack,1610612751.0,Brooklyn,Nets,BKN,0,0,,,,,
0021500165,370,2,1,3,8:39 PM,2:54,MISS Lamb 18' Jump Shot,,,,,4.0,203087,Jeremy Lamb,1610612766.0,Charlotte,Hornets,CHA,0,0,,,,,,0,0,,,,,
0021500165,371,4,0,3,8:39 PM,2:52,,,Jack REBOUND (Off:0 Def:6),,,5.0,101127,Jarrett Jack,1610612751.0,Brooklyn,Nets,BKN,0,0,,,,,,0,0,,,,,
0021500165,372,1,5,3,8:39 PM,2:30,,,Lopez 2' Layup (19 PTS) (Jack 7 AST),78 - 76,-2,5.0,201572,Brook Lopez,1610612751.0,Brooklyn,Nets,BKN,5,101127,Jarrett Jack,1610612751.0,Brooklyn,Nets,BKN,0,0,,,,,
0021500165,373,5,1,3,8:39 PM,2:16,Kaminsky Bad Pass Turnover (P2.T10),,Bogdanovic STEAL (1 STL),,,4.0,1626163,Frank Kaminsky,1610612766.0,Charlotte,Hornets,CHA,5,202711,Bojan Bogdanovic,1610612751.0,Brooklyn,Nets,BKN,0,0,,,,,
0021500165,374,6,2,3,8:39 PM,2:14,Batum S.FOUL (P1.PN) (E.Lewis),,,,,4.0,201587,Nicolas Batum,1610612766.0,Charlotte,Hornets,CHA,5,202711,Bojan Bogdanovic,1610612751.0,Brooklyn,Nets,BKN,1,0,,,,,
0021500165,375,9,1,3,8:40 PM,2:14,,,Nets Timeout: Regular (Reg.3 Short 1),,,3.0,1610612751,,,,,,0,0,,,,,,0,0,,,,,
0021500165,377,8,0,3,8:42 PM,2:14,SUB: Lin FOR Walker,,,,,4.0,202689,Kemba Walker,1610612766.0,Charlotte,Hornets,CHA,4,202391,Jeremy Lin,1610612766.0,Charlotte,Hornets,CHA,0,0,,,,,
0021500165,378,8,0,3,8:42 PM,2:14,,,SUB: Bargnani FOR Johnson,,,5.0,2207,Joe Johnson,1610612751.0,Brooklyn,Nets,BKN,5,200745,Andrea Bargnani,1610612751.0,Brooklyn,Nets,BKN,0,0,,,,,
0021500165,379,8,0,3,8:42 PM,2:14,,,SUB: Larkin FOR Lopez,,,5.0,201572,Brook Lopez,1610612751.0,Brooklyn,Nets,BKN,5,203499,Shane Larkin,1610612751.0,Brooklyn,Nets,BKN,0,0,,,,,
0021500165,380,8,0,3,8:42 PM,2:14,,,SUB: Ellington FOR Jack,,,5.0,101127,Jarrett Jack,1610612751.0,Brooklyn,Nets,BKN,5,201961,Wayne Ellington,1610612751.0,Brooklyn,Nets,BKN,0,0,,,,,
0021500165,381,3,11,3,8:42 PM,2:14,,,Bogdanovic Free Throw 1 of 2 (1 PTS),79 - 76,-3,5.0,202711,Bojan Bogdanovic,1610612751.0,Brooklyn,Nets,BKN,0,0,,,,,,0,0,,,,,
0021500165,383,3,12,3,8:42 PM,2:14,,,Bogdanovic Free Throw 2 of 2 (2 PTS),80 - 76,-4,5.0,202711,Bojan Bogdanovic,1610612751.0,Brooklyn,Nets,BKN,0,0,,,,,,0,0,,,,,
0021500165,385,6,2,3,8:43 PM,2:03,,,Bargnani S.FOUL (P1.PN) (E.Lewis),,,5.0,200745,Andrea Bargnani,1610612751.0,Brooklyn,Nets,BKN,4,201587,Nicolas Batum,1610612766.0,Charlotte,Hornets,CHA,1,0,,,,,
0021500165,386,3,11,3,8:43 PM,2:03,Batum Free Throw 1 of 2 (15 PTS),,,80 - 77,-3,4.0,201587,Nicolas Batum,1610612766.0,Charlotte,Hornets,CHA,0,0,,,,,,0,0,,,,,
0021500165,388,3,12,3,8:43 PM,2:03,Batum Free Throw 2 of 2 (16 PTS),,,80 - 78,-2,4.0,201587,Nicolas Batum,1610612766.0,Charlotte,Hornets,CHA,0,0,,,,,,0,0,,,,,
0021500165,391,7,2,3,8:44 PM,1:53,Hawes Violation:Defensive Goaltending (A.Smith),,,,,4.0,201150,Spencer Hawes,1610612766.0,Charlotte,Hornets,CHA,0,0,,,,,,1,0,,,,,
0021500165,390,1,42,3,8:44 PM,1:53,,,Young 3' Driving Layup (23 PTS),82 - 78,-4,5.0,201152,Thaddeus Young,1610612751.0,Brooklyn,Nets,BKN,0,0,,,,,,0,0,,,,,
0021500165,392,1,42,3,8:44 PM,1:32,Lamb 2' Driving Layup (4 PTS),,,82 - 80,-2,4.0,203087,Jeremy Lamb,1610612766.0,Charlotte,Hornets,CHA,0,0,,,,,,0,0,,,,,
0021500165,393,1,1,3,8:44 PM,1:13,,,Bargnani 14' Jump Shot (6 PTS) (Larkin 4 AST),84 - 80,-4,5.0,200745,Andrea Bargnani,1610612751.0,Brooklyn,Nets,BKN,5,203499,Shane Larkin,1610612751.0,Brooklyn,Nets,BKN,0,0,,,,,
0021500165,394,1,1,3,8:44 PM,0:59,Batum 25' 3PT Jump Shot (19 PTS) (Lin 4 AST),,,84 - 83,-1,4.0,201587,Nicolas Batum,1610612766.0,Charlotte,Hornets,CHA,4,202391,Jeremy Lin,1610612766.0,Charlotte,Hornets,CHA,0,0,,,,,
0021500165,395,1,1,3,8:45 PM,0:47,,,Bargnani 18' Jump Shot (8 PTS) (Larkin 5 AST),86 - 83,-3,5.0,200745,Andrea Bargnani,1610612751.0,Brooklyn,Nets,BKN,5,203499,Shane Larkin,1610612751.0,Brooklyn,Nets,BKN,0,0,,,,,
0021500165,396,1,1,3,8:45 PM,0:32,Hawes  3PT Jump Shot (12 PTS) (Kaminsky 1 AST),,,86 - 86,TIE,4.0,201150,Spencer Hawes,1610612766.0,Charlotte,Hornets,CHA,4,1626163,Frank Kaminsky,1610612766.0,Charlotte,Hornets,CHA,0,0,,,,,
0021500165,397,2,1,3,8:45 PM,0:17,,,MISS Bargnani 18' Jump Shot,,,5.0,200745,Andrea Bargnani,1610612751.0,Brooklyn,Nets,BKN,0,0,,,,,,0,0,,,,,
0021500165,398,4,0,3,8:45 PM,0:16,Lamb REBOUND (Off:0 Def:3),,,,,4.0,203087,Jeremy Lamb,1610612766.0,Charlotte,Hornets,CHA,0,0,,,,,,0,0,,,,,
0021500165,399,5,39,3,8:46 PM,0:03,Kaminsky Step Out of Bounds Turnover (P3.T11),,,,,4.0,1626163,Frank Kaminsky,1610612766.0,Charlotte,Hornets,CHA,0,0,,,,,,0,0,,,,,
0021500165,400,2,46,3,8:46 PM,0:00,,,MISS Larkin 16' Running Jump Shot,,,5.0,203499,Shane Larkin,1610612751.0,Brooklyn,Nets,BKN,0,0,,,,,,0,0,,,,,
0021500165,402,4,0,3,8:46 PM,0:00,,,Nets Rebound,,,3.0,1610612751,,,,,,0,0,,,,,,0,0,,,,,
0021500165,401,13,0,3,8:46 PM,0:00,,,,86 - 86,TIE,0.0,0,,,,,,0,0,,,,,,0,0,,,,,
0021500165,404,12,0,4,8:49 PM,12:00,,,,86 - 86,TIE,0.0,0,,,,,,0,0,,,,,,0,0,,,,,
0021500165,405,2,1,4,8:49 PM,11:48,,,MISS Ellington 20' Jump Shot,,,5.0,201961,Wayne Ellington,1610612751.0,Brooklyn,Nets,BKN,0,0,,,,,,0,0,,,,,
0021500165,406,4,0,4,8:49 PM,11:46,Lin REBOUND (Off:1 Def:6),,,,,4.0,202391,Jeremy Lin,1610612766.0,Charlotte,Hornets,CHA,0,0,,,,,,0,0,,,,,
0021500165,407,1,41,4,8:49 PM,11:41,Batum 2' Running Layup (21 PTS),,,86 - 88,2,4.0,201587,Nicolas Batum,1610612766.0,Charlotte,Hornets,CHA,0,0,,,,,,0,0,,,,,
0021500165,408,2,1,4,8:49 PM,11:29,,,MISS Young 25' 3PT Jump Shot,,,5.0,201152,Thaddeus Young,1610612751.0,Brooklyn,Nets,BKN,0,0,,,,,,0,0,,,,,
0021500165,409,4,0,4,8:49 PM,11:28,Lin REBOUND (Off:1 Def:7),,,,,4.0,202391,Jeremy Lin,1610612766.0,Charlotte,Hornets,CHA,0,0,,,,,,0,0,,,,,
0021500165,410,6,4,4,8:50 PM,11:14,Williams OFF.Foul (P1) (E.Lewis),,,,,4.0,101107,Marvin Williams,1610612766.0,Charlotte,Hornets,CHA,5,1626178,Rondae Hollis-Jefferson,1610612751.0,Brooklyn,Nets,BKN,1,0,,,,,
0021500165,411,5,5,4,8:50 PM,11:14,Williams Foul Turnover (P1.T12),,,,,4.0,101107,Marvin Williams,1610612766.0,Charlotte,Hornets,CHA,0,0,,,,,,1,0,,,,,
0021500165,412,8,0,4,8:50 PM,11:14,,,SUB: Johnson FOR Young,,,5.0,201152,Thaddeus Young,1610612751.0,Brooklyn,Nets,BKN,5,2207,Joe Johnson,1610612751.0,Brooklyn,Nets,BKN,0,0,,,,,
0021500165,413,2,1,4,8:50 PM,10:51,,,MISS Bargnani 25' 3PT Jump Shot,,,5.0,200745,Andrea Bargnani,1610612751.0,Brooklyn,Nets,BKN,0,0,,,,,,0,0,,,,,
0021500165,414,4,0,4,8:50 PM,10:50,Williams REBOUND (Off:1 Def:3),,,,,4.0,101107,Marvin Williams,1610612766.0,Charlotte,Hornets,CHA,0,0,,,,,,0,0,,,,,
0021500165,415,6,2,4,8:51 PM,10:39,,,Larkin S.FOUL (P3.T1) (A.Smith),,,5.0,203499,Shane Larkin,1610612751.0,Brooklyn,Nets,BKN,4,202391,Jeremy Lin,1610612766.0,Charlotte,Hornets,CHA,1,0,,,,,
0021500165,416,3,11,4,8:51 PM,10:39,Lin Free Throw 1 of 2 (5 PTS),,,86 - 89,3,4.0,202391,Jeremy Lin,1610612766.0,Charlotte,Hornets,CHA,0,0,,,,,,0,0,,,,,
0021500165,418,8,0,4,8:51 PM,10:39,,,SUB: Robinson FOR Bargnani,,,5.0,200745,Andrea Bargnani,1610612751.0,Brooklyn,Nets,BKN,5,203080,Thomas Robinson,1610612751.0,Brooklyn,Nets,BKN,0,0,,,,,
0021500165,419,3,12,4,8:51 PM,10:39,Lin Free Throw 2 of 2 (6 PTS),,,86 - 90,4,4.0,202391,Jeremy Lin,1610612766.0,Charlotte,Hornets,CHA,0,0,,,,,,0,0,,,,,
0021500165,421,1,1,4,8:52 PM,10:29,,,Ellington 20' Jump Shot (4 PTS) (Larkin 6 AST),88 - 90,2,5.0,201961,Wayne Ellington,1610612751.0,Brooklyn,Nets,BKN,5,203499,Shane Larkin,1610612751.0,Brooklyn,Nets,BKN,0,0,,,,,
0021500165,422,1,44,4,8:52 PM,10:12,Lin 2' Reverse Layup (8 PTS) (Batum 6 AST),,,88 - 92,4,4.0,202391,Jeremy Lin,1610612766.0,Charlotte,Hornets,CHA,4,201587,Nicolas Batum,1610612766.0,Charlotte,Hornets,CHA,0,0,,,,,
0021500165,423,5,1,4,8:52 PM,9:56,Lin STEAL (1 STL),,Johnson Bad Pass Turnover (P2.T6),,,5.0,2207,Joe Johnson,1610612751.0,Brooklyn,Nets,BKN,4,202391,Jeremy Lin,1610612766.0,Charlotte,Hornets,CHA,0,0,,,,,
0021500165,424,5,2,4,8:52 PM,9:51,Lin Lost Ball Turnover (P4.T13),,Larkin STEAL (1 STL),,,4.0,202391,Jeremy Lin,1610612766.0,Charlotte,Hornets,CHA,5,203499,Shane Larkin,1610612751.0,Brooklyn,Nets,BKN,0,0,,,,,
0021500165,425,5,45,4,8:52 PM,9:51,,,Larkin Out of Bounds - Bad Pass Turnover Turnover (P1.T7),,,5.0,203499,Shane Larkin,1610612751.0,Brooklyn,Nets,BKN,0,0,,,,,,0,0,,,,,
0021500165,426,1,42,4,8:53 PM,9:41,Lin 2' Driving Layup (10 PTS),,,88 - 94,6,4.0,202391,Jeremy Lin,1610612766.0,Charlotte,Hornets,CHA,0,0,,,,,,0,0,,,,,
0021500165,427,1,102,4,8:53 PM,9:26,,,Larkin 9' Driving Floating Bank Jump Shot (6 PTS),90 - 94,4,5.0,203499,Shane Larkin,1610612751.0,Brooklyn,Nets,BKN,0,0,,,,,,0,0,,,,,
0021500165,428,6,2,4,8:53 PM,9:15,,,Hollis-Jefferson S.FOUL (P4.T2) (E.Lewis),,,5.0,1626178,Rondae Hollis-Jefferson,1610612751.0,Brooklyn,Nets,BKN,4,201587,Nicolas Batum,1610612766.0,Charlotte,Hornets,CHA,1,0,,,,,
0021500165,429,3,13,4,8:53 PM,9:15,Batum Free Throw 1 of 3 (22 PTS),,,90 - 95,5,4.0,201587,Nicolas Batum,1610612766.0,Charlotte,Hornets,CHA,0,0,,,,,,0,0,,,,,
0021500165,431,3,14,4,8:54 PM,9:15,Batum Free Throw 2 of 3 (23 PTS),,,90 - 96,6,4.0,201587,Nicolas Batum,1610612766.0,Charlotte,Hornets,CHA,0,0,,,,,,0,0,,,,,
0021500165,433,8,0,4,8:54 PM,9:15,,,SUB: Jack FOR Hollis-Jefferson,,,5.0,1626178,Rondae Hollis-Jefferson,1610612751.0,Brooklyn,Nets,BKN,5,101127,Jarrett Jack,1610612751.0,Brooklyn,Nets,BKN,0,0,,,,,
0021500165,434,3,15,4,8:54 PM,9:15,Batum Free Throw 3 of 3 (24 PTS),,,90 - 97,7,4.0,201587,Nicolas Batum,1610612766.0,Charlotte,Hornets,CHA,0,0,,,,,,0,0,,,,,
0021500165,436,2,47,4,8:55 PM,8:50,,,MISS Robinson 6' Turnaround Jump Shot,,,5.0,203080,Thomas Robinson,1610612751.0,Brooklyn,Nets,BKN,0,0,,,,,,0,0,,,,,
0021500165,437,4,0,4,8:55 PM,8:49,Hawes REBOUND (Off:0 Def:4),,,,,4.0,201150,Spencer Hawes,1610612766.0,Charlotte,Hornets,CHA,0,0,,,,,,0,0,,,,,
0021500165,438,6,2,4,8:55 PM,8:40,,,Ellington S.FOUL (P1.T3) (A.Smith),,,5.0,201961,Wayne Ellington,1610612751.0,Brooklyn,Nets,BKN,4,203087,Jeremy Lamb,1610612766.0,Charlotte,Hornets,CHA,1,0,,,,,
0021500165,439,9,4,4,8:55 PM,8:40,,,,,,1.0,0,,,,,,0,0,,,,,,0,0,,,,,
0021500165,441,8,0,4,8:57 PM,8:40,,,SUB: Lopez FOR Robinson,,,5.0,203080,Thomas Robinson,1610612751.0,Brooklyn,Nets,BKN,5,201572,Brook Lopez,1610612751.0,Brooklyn,Nets,BKN,0,0,,,,,
0021500165,442,8,0,4,8:57 PM,8:40,,,SUB: Brown FOR Ellington,,,5.0,201961,Wayne Ellington,1610612751.0,Brooklyn,Nets,BKN,5,203900,Markel Brown,1610612751.0,Brooklyn,Nets,BKN,0,0,,,,,
0021500165,444,3,11,4,8:57 PM,8:40,Lamb Free Throw 1 of 2 (5 PTS),,,90 - 98,8,4.0,203087,Jeremy Lamb,1610612766.0,Charlotte,Hornets,CHA,0,0,,,,,,0,0,,,,,
0021500165,446,3,12,4,8:58 PM,8:40,Lamb Free Throw 2 of 2 (6 PTS),,,90 - 99,9,4.0,203087,Jeremy Lamb,1610612766.0,Charlotte,Hornets,CHA,0,0,,,,,,0,0,,,,,
0021500165,448,1,79,4,8:58 PM,8:29,,,Jack 19' Pullup Jump Shot (8 PTS),92 - 99,7,5.0,101127,Jarrett Jack,1610612751.0,Brooklyn,Nets,BKN,0,0,,,,,,0,0,,,,,
0021500165,449,2,1,4,8:58 PM,8:05,MISS Lamb 17' Jump Shot,,,,,4.0,203087,Jeremy Lamb,1610612766.0,Charlotte,Hornets,CHA,0,0,,,,,,0,0,,,,,
0021500165,450,4,0,4,8:58 PM,8:03,Williams REBOUND (Off:2 Def:3),,,,,4.0,101107,Marvin Williams,1610612766.0,Charlotte,Hornets,CHA,0,0,,,,,,0,0,,,,,
0021500165,451,2,1,4,8:58 PM,7:59,MISS Lamb 24' 3PT Jump Shot,,,,,4.0,203087,Jeremy Lamb,1610612766.0,Charlotte,Hornets,CHA,0,0,,,,,,0,0,,,,,
0021500165,452,4,0,4,8:58 PM,7:58,,,Johnson REBOUND (Off:0 Def:2),,,5.0,2207,Joe Johnson,1610612751.0,Brooklyn,Nets,BKN,0,0,,,,,,0,0,,,,,
0021500165,453,1,42,4,8:59 PM,7:47,,,Jack 2' Driving Layup (10 PTS),94 - 99,5,5.0,101127,Jarrett Jack,1610612751.0,Brooklyn,Nets,BKN,0,0,,,,,,0,0,,,,,
0021500165,454,6,2,4,8:59 PM,7:32,,,Jack S.FOUL (P2.T4) (J.Goble),,,5.0,101127,Jarrett Jack,1610612751.0,Brooklyn,Nets,BKN,4,202391,Jeremy Lin,1610612766.0,Charlotte,Hornets,CHA,1,0,,,,,
0021500165,455,3,11,4,8:59 PM,7:32,MISS Lin Free Throw 1 of 2,,,,,4.0,202391,Jeremy Lin,1610612766.0,Charlotte,Hornets,CHA,0,0,,,,,,0,0,,,,,
0021500165,456,4,1,4,9:00 PM,7:32,HORNETS Rebound,,,,,2.0,1610612766,,,,,,0,0,,,,,,0,0,,,,,
0021500165,457,3,12,4,9:00 PM,7:32,Lin Free Throw 2 of 2 (11 PTS),,,94 - 100,6,4.0,202391,Jeremy Lin,1610612766.0,Charlotte,Hornets,CHA,0,0,,,,,,0,0,,,,,
0021500165,459,1,1,4,9:00 PM,7:20,,,Lopez 20' Jump Shot (21 PTS) (Jack 8 AST),96 - 100,4,5.0,201572,Brook Lopez,1610612751.0,Brooklyn,Nets,BKN,5,101127,Jarrett Jack,1610612751.0,Brooklyn,Nets,BKN,0,0,,,,,
0021500165,461,8,0,4,9:01 PM,7:01,SUB: Jefferson FOR Hawes,,,,,4.0,201150,Spencer Hawes,1610612766.0,Charlotte,Hornets,CHA,4,2744,Al Jefferson,1610612766.0,Charlotte,Hornets,CHA,0,0,,,,,
0021500165,462,8,0,4,9:01 PM,7:01,SUB: Walker FOR Lamb,,,,,4.0,203087,Jeremy Lamb,1610612766.0,Charlotte,Hornets,CHA,4,202689,Kemba Walker,1610612766.0,Charlotte,Hornets,CHA,0,0,,,,,
0021500165,463,2,1,4,9:01 PM,6:53,MISS Batum 26' 3PT Jump Shot,,,,,4.0,201587,Nicolas Batum,1610612766.0,Charlotte,Hornets,CHA,0,0,,,,,,0,0,,,,,
0021500165,464,4,0,4,9:01 PM,6:52,,,Jack REBOUND (Off:0 Def:7),,,5.0,101127,Jarrett Jack,1610612751.0,Brooklyn,Nets,BKN,0,0,,,,,,0,0,,,,,
0021500165,465,2,5,4,9:01 PM,6:48,Batum BLOCK (2 BLK),,MISS Brown 2' Layup,,,5.0,203900,Markel Brown,1610612751.0,Brooklyn,Nets,BKN,0,0,,,,,,4,201587,Nicolas Batum,1610612766.0,Charlotte,Hornets,CHA
0021500165,466,4,0,4,9:01 PM,6:45,Jefferson REBOUND (Off:1 Def:6),,,,,4.0,2744,Al Jefferson,1610612766.0,Charlotte,Hornets,CHA,0,0,,,,,,0,0,,,,,
0021500165,467,2,3,4,9:01 PM,6:36,MISS Jefferson 7' Hook Shot,,,,,4.0,2744,Al Jefferson,1610612766.0,Charlotte,Hornets,CHA,0,0,,,,,,0,0,,,,,
0021500165,468,4,0,4,9:01 PM,6:34,,,Larkin REBOUND (Off:0 Def:1),,,5.0,203499,Shane Larkin,1610612751.0,Brooklyn,Nets,BKN,0,0,,,,,,0,0,,,,,
0021500165,469,6,1,4,9:01 PM,6:29,Lin P.FOUL (P2.T1) (E.Lewis),,,,,4.0,202391,Jeremy Lin,1610612766.0,Charlotte,Hornets,CHA,5,203499,Shane Larkin,1610612751.0,Brooklyn,Nets,BKN,1,0,,,,,
0021500165,470,1,1,4,9:02 PM,6:15,,,Jack 26' 3PT Jump Shot (13 PTS),99 - 100,1,5.0,101127,Jarrett Jack,1610612751.0,Brooklyn,Nets,BKN,0,0,,,,,,0,0,,,,,
0021500165,471,1,98,4,9:02 PM,5:57,Jefferson 1' Cutting Layup Shot (16 PTS) (Batum 7 AST),,,99 - 102,3,4.0,2744,Al Jefferson,1610612766.0,Charlotte,Hornets,CHA,4,201587,Nicolas Batum,1610612766.0,Charlotte,Hornets,CHA,0,0,,,,,
0021500165,472,5,1,4,9:02 PM,5:52,Williams STEAL (1 STL),,Jack Bad Pass Turnover (P3.T8),,,5.0,101127,Jarrett Jack,1610612751.0,Brooklyn,Nets,BKN,4,101107,Marvin Williams,1610612766.0,Charlotte,Hornets,CHA,0,0,,,,,
0021500165,473,2,1,4,9:02 PM,5:45,MISS Lin 25' 3PT Jump Shot,,,,,4.0,202391,Jeremy Lin,1610612766.0,Charlotte,Hornets,CHA,0,0,,,,,,0,0,,,,,
0021500165,474,4,0,4,9:02 PM,5:42,Williams REBOUND (Off:3 Def:3),,,,,4.0,101107,Marvin Williams,1610612766.0,Charlotte,Hornets,CHA,0,0,,,,,,0,0,,,,,
0021500165,475,2,5,4,9:02 PM,5:41,MISS Williams 1' Layup,,,,,4.0,101107,Marvin Williams,1610612766.0,Charlotte,Hornets,CHA,0,0,,,,,,0,0,,,,,
0021500165,477,4,0,4,9:02 PM,5:41,Williams REBOUND (Off:4 Def:3),,,,,4.0,101107,Marvin Williams,1610612766.0,Charlotte,Hornets,CHA,0,0,,,,,,0,0,,,,,
0021500165,476,1,72,4,9:02 PM,5:41,Williams 2' Putback Layup (10 PTS),,,99 - 104,5,4.0,101107,Marvin Williams,1610612766.0,Charlotte,Hornets,CHA,0,0,,,,,,0,0,,,,,
0021500165,478,9,1,4,9:03 PM,5:41,,,Nets Timeout: Regular (Reg.4 Short 1),,,3.0,1610612751,,,,,,0,0,,,,,,0,0,,,,,
0021500165,482,1,1,4,9:05 PM,5:21,,,Johnson 17' Jump Shot (15 PTS) (Lopez 3 AST),101 - 104,3,5.0,2207,Joe Johnson,1610612751.0,Brooklyn,Nets,BKN,5,201572,Brook Lopez,1610612751.0,Brooklyn,Nets,BKN,0,0,,,,,
0021500165,483,1,44,4,9:06 PM,5:07,Jefferson 1' Reverse Layup (18 PTS) (Batum 8 AST),,,101 - 106,5,4.0,2744,Al Jefferson,1610612766.0,Charlotte,Hornets,CHA,4,201587,Nicolas Batum,1610612766.0,Charlotte,Hornets,CHA,0,0,,,,,
0021500165,484,2,5,4,9:06 PM,4:45,,,MISS Brown 2' Layup,,,5.0,203900,Markel Brown,1610612751.0,Brooklyn,Nets,BKN,0,0,,,,,,0,0,,,,,
0021500165,485,4,0,4,9:06 PM,4:44,Lin REBOUND (Off:1 Def:8),,,,,4.0,202391,Jeremy Lin,1610612766.0,Charlotte,Hornets,CHA,0,0,,,,,,0,0,,,,,
0021500165,486,2,47,4,9:06 PM,4:29,MISS Jefferson 7' Turnaround Jump Shot,,,,,4.0,2744,Al Jefferson,1610612766.0,Charlotte,Hornets,CHA,0,0,,,,,,0,0,,,,,
0021500165,487,4,0,4,9:06 PM,4:26,,,Johnson REBOUND (Off:0 Def:3),,,5.0,2207,Joe Johnson,1610612751.0,Brooklyn,Nets,BKN,0,0,,,,,,0,0,,,,,
0021500165,488,6,2,4,9:06 PM,4:23,Jefferson S.FOUL (P4.T2) (E.Lewis),,,,,4.0,2744,Al Jefferson,1610612766.0,Charlotte,Hornets,CHA,5,2207,Joe Johnson,1610612751.0,Brooklyn,Nets,BKN,1,0,,,,,
0021500165,489,3,11,4,9:07 PM,4:23,,,Johnson Free Throw 1 of 2 (16 PTS),102 - 106,4,5.0,2207,Joe Johnson,1610612751.0,Brooklyn,Nets,BKN,0,0,,,,,,0,0,,,,,
0021500165,491,8,0,4,9:07 PM,4:23,,,SUB: Young FOR Brown,,,5.0,203900,Markel Brown,1610612751.0,Brooklyn,Nets,BKN,5,201152,Thaddeus Young,1610612751.0,Brooklyn,Nets,BKN,0,0,,,,,
0021500165,492,3,12,4,9:07 PM,4:23,,,MISS Johnson Free Throw 2 of 2,,,5.0,2207,Joe Johnson,1610612751.0,Brooklyn,Nets,BKN,0,0,,,,,,0,0,,,,,
0021500165,494,4,0,4,9:07 PM,4:19,,,Young REBOUND (Off:1 Def:6),,,5.0,201152,Thaddeus Young,1610612751.0,Brooklyn,Nets,BKN,0,0,,,,,,0,0,,,,,
0021500165,495,2,3,4,9:07 PM,4:03,,,MISS Young 9' Hook Shot,,,5.0,201152,Thaddeus Young,1610612751.0,Brooklyn,Nets,BKN,0,0,,,,,,0,0,,,,,
0021500165,496,4,0,4,9:07 PM,4:01,,,Larkin REBOUND (Off:1 Def:1),,,5.0,203499,Shane Larkin,1610612751.0,Brooklyn,Nets,BKN,0,0,,,,,,0,0,,,,,
0021500165,497,2,3,4,9:07 PM,3:58,,,MISS Lopez 8' Hook Shot,,,5.0,201572,Brook Lopez,1610612751.0,Brooklyn,Nets,BKN,0,0,,,,,,0,0,,,,,
0021500165,498,4,0,4,9:07 PM,3:58,Williams REBOUND (Off:4 Def:4),,,,,4.0,101107,Marvin Williams,1610612766.0,Charlotte,Hornets,CHA,0,0,,,,,,0,0,,,,,
0021500165,499,6,1,4,9:08 PM,3:58,,,Young P.FOUL (P3.PN) (A.Smith),,,5.0,201152,Thaddeus Young,1610612751.0,Brooklyn,Nets,BKN,4,101107,Marvin Williams,1610612766.0,Charlotte,Hornets,CHA,1,0,,,,,
0021500165,500,3,11,4,9:08 PM,3:58,Williams Free Throw 1 of 2 (11 PTS),,,102 - 107,5,4.0,101107,Marvin Williams,1610612766.0,Charlotte,Hornets,CHA,0,0,,,,,,0,0,,,,,
0021500165,502,8,0,4,9:08 PM,3:58,,,SUB: Hollis-Jefferson FOR Larkin,,,5.0,203499,Shane Larkin,1610612751.0,Brooklyn,Nets,BKN,5,1626178,Rondae Hollis-Jefferson,1610612751.0,Brooklyn,Nets,BKN,0,0,,,,,
0021500165,503,3,12,4,9:08 PM,3:58,Williams Free Throw 2 of 2 (12 PTS),,,102 - 108,6,4.0,101107,Marvin Williams,1610612766.0,Charlotte,Hornets,CHA,0,0,,,,,,0,0,,,,,
0021500165,505,2,1,4,9:09 PM,3:40,Jefferson BLOCK (1 BLK),,MISS Johnson 15' Jump Shot,,,5.0,2207,Joe Johnson,1610612751.0,Brooklyn,Nets,BKN,0,0,,,,,,4,2744,Al Jefferson,1610612766.0,Charlotte,Hornets,CHA
0021500165,506,4,0,4,9:09 PM,3:37,Walker REBOUND (Off:1 Def:2),,,,,4.0,202689,Kemba Walker,1610612766.0,Charlotte,Hornets,CHA,0,0,,,,,,0,0,,,,,
0021500165,507,1,41,4,9:09 PM,3:34,Lin 1' Running Layup (13 PTS) (Walker 7 AST),,,102 - 110,8,4.0,202391,Jeremy Lin,1610612766.0,Charlotte,Hornets,CHA,4,202689,Kemba Walker,1610612766.0,Charlotte,Hornets,CHA,0,0,,,,,
0021500165,508,6,1,4,9:09 PM,3:23,Lin P.FOUL (P3.T3) (A.Smith),,,,,4.0,202391,Jeremy Lin,1610612766.0,Charlotte,Hornets,CHA,5,1626178,Rondae Hollis-Jefferson,1610612751.0,Brooklyn,Nets,BKN,1,0,,,,,
0021500165,509,2,1,4,9:09 PM,3:16,,,MISS Jack 26' 3PT Jump Shot,,,5.0,101127,Jarrett Jack,1610612751.0,Brooklyn,Nets,BKN,0,0,,,,,,0,0,,,,,
0021500165,510,4,0,4,9:09 PM,3:15,Jefferson REBOUND (Off:1 Def:7),,,,,4.0,2744,Al Jefferson,1610612766.0,Charlotte,Hornets,CHA,0,0,,,,,,0,0,,,,,
0021500165,511,5,40,4,9:10 PM,3:01,Batum Out of Bounds Lost Ball Turnover (P2.T14),,,,,4.0,201587,Nicolas Batum,1610612766.0,Charlotte,Hornets,CHA,0,0,,,,,,0,0,,,,,
0021500165,512,1,5,4,9:10 PM,2:48,,,Young 3' Layup (25 PTS) (Jack 9 AST),104 - 110,6,5.0,201152,Thaddeus Young,1610612751.0,Brooklyn,Nets,BKN,5,101127,Jarrett Jack,1610612751.0,Brooklyn,Nets,BKN,0,0,,,,,
0021500165,513,2,1,4,9:10 PM,2:38,MISS Walker 26' 3PT Jump Shot,,,,,4.0,202689,Kemba Walker,1610612766.0,Charlotte,Hornets,CHA,0,0,,,,,,0,0,,,,,
0021500165,514,4,0,4,9:10 PM,2:36,,,Jack REBOUND (Off:0 Def:8),,,5.0,101127,Jarrett Jack,1610612751.0,Brooklyn,Nets,BKN,0,0,,,,,,0,0,,,,,
0021500165,515,1,3,4,9:10 PM,2:23,,,Lopez 8' Hook Shot (23 PTS) (Johnson 3 AST),106 - 110,4,5.0,201572,Brook Lopez,1610612751.0,Brooklyn,Nets,BKN,5,2207,Joe Johnson,1610612751.0,Brooklyn,Nets,BKN,0,0,,,,,
0021500165,516,9,1,4,9:11 PM,2:16,HORNETS Timeout: Regular (Full 4 Short 0),,,,,2.0,1610612766,,,,,,0,0,,,,,,0,0,,,,,
0021500165,520,2,1,4,9:13 PM,1:58,MISS Batum 4' Jump Shot,,,,,4.0,201587,Nicolas Batum,1610612766.0,Charlotte,Hornets,CHA,0,0,,,,,,0,0,,,,,
0021500165,521,4,0,4,9:13 PM,1:57,,,Lopez REBOUND (Off:2 Def:3),,,5.0,201572,Brook Lopez,1610612751.0,Brooklyn,Nets,BKN,0,0,,,,,,0,0,,,,,
0021500165,522,2,1,4,9:14 PM,1:44,Jefferson BLOCK (2 BLK),,MISS Jack 7' Jump Shot,,,5.0,101127,Jarrett Jack,1610612751.0,Brooklyn,Nets,BKN,0,0,,,,,,4,2744,Al Jefferson,1610612766.0,Charlotte,Hornets,CHA
0021500165,523,4,0,4,9:14 PM,1:42,Walker REBOUND (Off:1 Def:3),,,,,4.0,202689,Kemba Walker,1610612766.0,Charlotte,Hornets,CHA,0,0,,,,,,0,0,,,,,
0021500165,524,2,5,4,9:14 PM,1:40,MISS Lin 1' Layup,,,,,4.0,202391,Jeremy Lin,1610612766.0,Charlotte,Hornets,CHA,0,0,,,,,,0,0,,,,,
0021500165,526,4,0,4,9:14 PM,1:39,Walker REBOUND (Off:2 Def:3),,,,,4.0,202689,Kemba Walker,1610612766.0,Charlotte,Hornets,CHA,0,0,,,,,,0,0,,,,,
0021500165,525,1,72,4,9:14 PM,1:39,Walker 1' Putback Layup (16 PTS),,,106 - 112,6,4.0,202689,Kemba Walker,1610612766.0,Charlotte,Hornets,CHA,0,0,,,,,,0,0,,,,,
0021500165,527,1,5,4,9:14 PM,1:28,,,Young 3' Layup (27 PTS),108 - 112,4,5.0,201152,Thaddeus Young,1610612751.0,Brooklyn,Nets,BKN,0,0,,,,,,0,0,,,,,
0021500165,528,6,1,4,9:15 PM,1:07,,,Lopez P.FOUL (P4.PN) (A.Smith),,,5.0,201572,Brook Lopez,1610612751.0,Brooklyn,Nets,BKN,4,202689,Kemba Walker,1610612766.0,Charlotte,Hornets,CHA,1,0,,,,,
0021500165,529,3,11,4,9:15 PM,1:07,MISS Walker Free Throw 1 of 2,,,,,4.0,202689,Kemba Walker,1610612766.0,Charlotte,Hornets,CHA,0,0,,,,,,0,0,,,,,
0021500165,530,4,1,4,9:15 PM,1:07,HORNETS Rebound,,,,,2.0,1610612766,,,,,,0,0,,,,,,0,0,,,,,
0021500165,531,3,12,4,9:15 PM,1:07,MISS Walker Free Throw 2 of 2,,,,,4.0,202689,Kemba Walker,1610612766.0,Charlotte,Hornets,CHA,0,0,,,,,,0,0,,,,,
0021500165,533,4,0,4,9:15 PM,1:06,,,Johnson REBOUND (Off:0 Def:4),,,5.0,2207,Joe Johnson,1610612751.0,Brooklyn,Nets,BKN,0,0,,,,,,0,0,,,,,
0021500165,534,9,2,4,9:16 PM,1:06,,,Nets Timeout: Short (Reg.4 Short 2),,,3.0,1610612751,,,,,,0,0,,,,,,0,0,,,,,
0021500165,537,8,0,4,9:17 PM,1:06,,,SUB: Ellington FOR Hollis-Jefferson,,,5.0,1626178,Rondae Hollis-Jefferson,1610612751.0,Brooklyn,Nets,BKN,5,201961,Wayne Ellington,1610612751.0,Brooklyn,Nets,BKN,0,0,,,,,
0021500165,538,2,1,4,9:17 PM,0:54,,,MISS Johnson 12' Jump Shot,,,5.0,2207,Joe Johnson,1610612751.0,Brooklyn,Nets,BKN,0,0,,,,,,0,0,,,,,
0021500165,540,4,0,4,9:17 PM,0:53,,,Young REBOUND (Off:2 Def:6),,,5.0,201152,Thaddeus Young,1610612751.0,Brooklyn,Nets,BKN,0,0,,,,,,0,0,,,,,
0021500165,539,2,72,4,9:17 PM,0:53,,,MISS Young 1' Putback Layup,,,5.0,201152,Thaddeus Young,1610612751.0,Brooklyn,Nets,BKN,0,0,,,,,,0,0,,,,,
0021500165,541,4,0,4,9:17 PM,0:51,Walker REBOUND (Off:2 Def:4),,,,,4.0,202689,Kemba Walker,1610612766.0,Charlotte,Hornets,CHA,0,0,,,,,,0,0,,,,,
0021500165,542,5,1,4,9:17 PM,0:32,Batum Bad Pass Turnover (P3.T15),,Young STEAL (1 STL),,,4.0,201587,Nicolas Batum,1610612766.0,Charlotte,Hornets,CHA,5,201152,Thaddeus Young,1610612751.0,Brooklyn,Nets,BKN,0,0,,,,,
0021500165,543,9,1,4,9:18 PM,0:31,,,Nets Timeout: Regular (Reg.5 Short 2),,,3.0,1610612751,,,,,,0,0,,,,,,0,0,,,,,
0021500165,545,8,0,4,9:19 PM,0:31,SUB: Zeller FOR Jefferson,,,,,4.0,2744,Al Jefferson,1610612766.0,Charlotte,Hornets,CHA,4,203469,Cody Zeller,1610612766.0,Charlotte,Hornets,CHA,0,0,,,,,
0021500165,546,2,1,4,9:19 PM,0:25,,,MISS Lopez 8' Jump Shot,,,5.0,201572,Brook Lopez,1610612751.0,Brooklyn,Nets,BKN,0,0,,,,,,0,0,,,,,
0021500165,547,4,0,4,9:19 PM,0:24,Williams REBOUND (Off:4 Def:5),,,,,4.0,101107,Marvin Williams,1610612766.0,Charlotte,Hornets,CHA,0,0,,,,,,0,0,,,,,
0021500165,548,9,2,4,9:20 PM,0:24,HORNETS Timeout: Short (Full 4 Short 1),,,,,2.0,1610612766,,,,,,0,0,,,,,,0,0,,,,,
0021500165,550,8,0,4,9:21 PM,0:24,,,SUB: Brown FOR Lopez,,,5.0,201572,Brook Lopez,1610612751.0,Brooklyn,Nets,BKN,5,203900,Markel Brown,1610612751.0,Brooklyn,Nets,BKN,0,0,,,,,
0021500165,551,8,0,4,9:21 PM,0:24,SUB: Hawes FOR Zeller,,,,,4.0,203469,Cody Zeller,1610612766.0,Charlotte,Hornets,CHA,4,201150,Spencer Hawes,1610612766.0,Charlotte,Hornets,CHA,0,0,,,,,
0021500165,552,5,1,4,9:21 PM,0:20,Batum Bad Pass Turnover (P4.T16),,,,,4.0,201587,Nicolas Batum,1610612766.0,Charlotte,Hornets,CHA,0,0,,,,,,0,0,,,,,
0021500165,553,8,0,4,9:21 PM,0:20,SUB: Zeller FOR Hawes,,,,,4.0,201150,Spencer Hawes,1610612766.0,Charlotte,Hornets,CHA,4,203469,Cody Zeller,1610612766.0,Charlotte,Hornets,CHA,0,0,,,,,
0021500165,555,8,0,4,9:22 PM,0:20,,,SUB: Lopez FOR Brown,,,5.0,203900,Markel Brown,1610612751.0,Brooklyn,Nets,BKN,5,201572,Brook Lopez,1610612751.0,Brooklyn,Nets,BKN,0,0,,,,,
0021500165,556,6,4,4,9:22 PM,0:18,,,Lopez OFF.Foul (P5) (J.Goble),,,5.0,201572,Brook Lopez,1610612751.0,Brooklyn,Nets,BKN,4,202689,Kemba Walker,1610612766.0,Charlotte,Hornets,CHA,1,0,,,,,
0021500165,557,5,5,4,9:22 PM,0:18,,,Lopez Foul Turnover (P1.T9),,,5.0,201572,Brook Lopez,1610612751.0,Brooklyn,Nets,BKN,0,0,,,,,,1,0,,,,,
0021500165,558,8,0,4,9:22 PM,0:18,,,SUB: Brown FOR Lopez,,,5.0,201572,Brook Lopez,1610612751.0,Brooklyn,Nets,BKN,5,203900,Markel Brown,1610612751.0,Brooklyn,Nets,BKN,0,0,,,,,
0021500165,559,8,0,4,9:22 PM,0:18,,,SUB: Hollis-Jefferson FOR Ellington,,,5.0,201961,Wayne Ellington,1610612751.0,Brooklyn,Nets,BKN,5,1626178,Rondae Hollis-Jefferson,1610612751.0,Brooklyn,Nets,BKN,0,0,,,,,
0021500165,560,8,0,4,9:22 PM,0:18,SUB: Hawes FOR Zeller,,,,,4.0,203469,Cody Zeller,1610612766.0,Charlotte,Hornets,CHA,4,201150,Spencer Hawes,1610612766.0,Charlotte,Hornets,CHA,0,0,,,,,
0021500165,561,6,1,4,9:23 PM,0:17,,,Johnson P.FOUL (P1.PN) (E.Lewis),,,5.0,2207,Joe Johnson,1610612751.0,Brooklyn,Nets,BKN,4,101107,Marvin Williams,1610612766.0,Charlotte,Hornets,CHA,1,0,,,,,
0021500165,562,3,11,4,9:23 PM,0:17,Williams Free Throw 1 of 2 (13 PTS),,,108 - 113,5,4.0,101107,Marvin Williams,1610612766.0,Charlotte,Hornets,CHA,0,0,,,,,,0,0,,,,,
0021500165,564,8,0,4,9:23 PM,0:17,SUB: Zeller FOR Hawes,,,,,4.0,201150,Spencer Hawes,1610612766.0,Charlotte,Hornets,CHA,4,203469,Cody Zeller,1610612766.0,Charlotte,Hornets,CHA,0,0,,,,,
0021500165,565,8,0,4,9:23 PM,0:17,,,SUB: Lopez FOR Brown,,,5.0,203900,Markel Brown,1610612751.0,Brooklyn,Nets,BKN,5,201572,Brook Lopez,1610612751.0,Brooklyn,Nets,BKN,0,0,,,,,
0021500165,566,3,12,4,9:23 PM,0:17,Williams Free Throw 2 of 2 (14 PTS),,,108 - 114,6,4.0,101107,Marvin Williams,1610612766.0,Charlotte,Hornets,CHA,0,0,,,,,,0,0,,,,,
0021500165,568,9,2,4,9:24 PM,0:17,,,Nets Timeout: Short (Reg.5 Short 3),,,3.0,1610612751,,,,,,0,0,,,,,,0,0,,,,,
0021500165,570,8,0,4,9:25 PM,0:17,,,SUB: Ellington FOR Hollis-Jefferson,,,5.0,1626178,Rondae Hollis-Jefferson,1610612751.0,Brooklyn,Nets,BKN,5,201961,Wayne Ellington,1610612751.0,Brooklyn,Nets,BKN,0,0,,,,,
0021500165,572,2,1,4,9:25 PM,0:14,,,MISS Johnson 26' 3PT Jump Shot,,,5.0,2207,Joe Johnson,1610612751.0,Brooklyn,Nets,BKN,0,0,,,,,,0,0,,,,,
0021500165,573,4,0,4,9:25 PM,0:12,Walker REBOUND (Off:2 Def:5),,,,,4.0,202689,Kemba Walker,1610612766.0,Charlotte,Hornets,CHA,0,0,,,,,,0,0,,,,,
0021500165,574,6,28,4,9:25 PM,0:12,,,Jack Personal Take Foul (P3.PN) (E.Lewis),,,5.0,101127,Jarrett Jack,1610612751.0,Brooklyn,Nets,BKN,4,202689,Kemba Walker,1610612766.0,Charlotte,Hornets,CHA,1,0,,,,,
0021500165,575,3,11,4,9:25 PM,0:12,Walker Free Throw 1 of 2 (17 PTS),,,108 - 115,7,4.0,202689,Kemba Walker,1610612766.0,Charlotte,Hornets,CHA,0,0,,,,,,0,0,,,,,
0021500165,577,8,0,4,9:26 PM,0:12,,,SUB: Brown FOR Johnson,,,5.0,2207,Joe Johnson,1610612751.0,Brooklyn,Nets,BKN,5,203900,Markel Brown,1610612751.0,Brooklyn,Nets,BKN,0,0,,,,,
0021500165,578,8,0,4,9:26 PM,0:12,,,SUB: Robinson FOR Lopez,,,5.0,201572,Brook Lopez,1610612751.0,Brooklyn,Nets,BKN,5,203080,Thomas Robinson,1610612751.0,Brooklyn,Nets,BKN,0,0,,,,,
0021500165,580,3,12,4,9:26 PM,0:12,Walker Free Throw 2 of 2 (18 PTS),,,108 - 116,8,4.0,202689,Kemba Walker,1610612766.0,Charlotte,Hornets,CHA,0,0,,,,,,0,0,,,,,
0021500165,582,1,79,4,9:26 PM,0:08,,,Jack 25' 3PT Pullup Jump Shot (16 PTS),111 - 116,5,5.0,101127,Jarrett Jack,1610612751.0,Brooklyn,Nets,BKN,0,0,,,,,,0,0,,,,,
0021500165,583,13,0,4,9:27 PM,0:00,,,,111 - 116,5,0.0,0,,,,,,0,0,,,,,,0,0,,,,,
