GAME_ID,EVENTNUM,EVENTMSGTYPE,EVENTMSGACTIONTYPE,PERIOD,WCTIMESTRING,PCTIMESTRING,HOMEDESCRIPTION,NEUTRALDESCRIPTION,VISITORDESCRIPTION,SCORE,SCOREMARGIN,PERSON1TYPE,PLAYER1_ID,PLAYER1_NAME,PLAYER1_TEAM_ID,PLAYER1_TEAM_CITY,PLAYER1_TEAM_NICKNAME,PLAYER1_TEAM_ABBREVIATION,PERSON2TYPE,PLAYER2_ID,PLAYER2_NAME,PLAYER2_TEAM_ID,PLAYER2_TEAM_CITY,PLAYER2_TEAM_NICKNAME,PLAYER2_TEAM_ABBREVIATION,PERSON3TYPE,PLAYER3_ID,PLAYER3_NAME,PLAYER3_TEAM_ID,PLAYER3_TEAM_CITY,PLAYER3_TEAM_NICKNAME,PLAYER3_TEAM_ABBREVIATION
0021500101,0,12,0,1,8:11 PM,12:00,,,,,,0,0,,,,,,0,0,,,,,,0,0,,,,,
0021500101,1,10,0,1,8:11 PM,12:00,Jump Ball Horford vs. Towns: Tip to Korver,,,,,4,201143,Al Horford,1610612737.0,Atlanta,Hawks,ATL,5,1626157,Karl-Anthony Towns,1610612750.0,Minnesota,Timberwolves,MIN,4,2594,Kyle Korver,1610612737.0,Atlanta,Hawks,ATL
0021500101,2,5,1,1,8:12 PM,11:43,Bazemore Bad Pass Turnover (P1.T1),,Rubio STEAL (1 STL),,,4,203145,Kent Bazemore,1610612737.0,Atlanta,Hawks,ATL,5,201937,Ricky Rubio,1610612750.0,Minnesota,Timberwolves,MIN,0,0,,,,,
0021500101,3,2,46,1,8:12 PM,11:36,,,MISS Prince 5' Running Jump Shot,,,5,2419,Tayshaun Prince,1610612750.0,Minnesota,Timberwolves,MIN,0,0,,,,,,0,0,,,,,
0021500101,4,4,0,1,8:12 PM,11:34,Horford REBOUND (Off:0 Def:1),,,,,4,201143,Al Horford,1610612737.0,Atlanta,Hawks,ATL,0,0,,,,,,0,0,,,,,
0021500101,5,2,42,1,8:12 PM,11:22,MISS Bazemore 1' Driving Layup,,Wiggins BLOCK (1 BLK),,,4,203145,Kent Bazemore,1610612737.0,Atlanta,Hawks,ATL,0,0,,,,,,5,203952,Andrew Wiggins,1610612750.0,Minnesota,Timberwolves,MIN
0021500101,6,4,0,1,8:12 PM,11:20,,,Towns REBOUND (Off:0 Def:1),,,5,1626157,Karl-Anthony Towns,1610612750.0,Minnesota,Timberwolves,MIN,0,0,,,,,,0,0,,,,,
0021500101,7,1,103,1,8:12 PM,11:16,,,Rubio 19' Running Pull-Up Jump Shot (2 PTS),2 - 0,-2,5,201937,Ricky Rubio,1610612750.0,Minnesota,Timberwolves,MIN,0,0,,,,,,0,0,,,,,
0021500101,8,1,98,1,8:12 PM,10:56,Teague 1' Cutting Layup Shot (2 PTS) (Millsap 1 AST),,,2 - 2,TIE,4,201952,Jeff Teague,1610612737.0,Atlanta,Hawks,ATL,4,200794,Paul Millsap,1610612737.0,Atlanta,Hawks,ATL,0,0,,,,,
0021500101,9,5,2,1,8:12 PM,10:43,Bazemore STEAL (1 STL),,Wiggins Lost Ball Turnover (P1.T1),,,5,203952,Andrew Wiggins,1610612750.0,Minnesota,Timberwolves,MIN,4,203145,Kent Bazemore,1610612737.0,Atlanta,Hawks,ATL,0,0,,,,,
0021500101,10,2,1,1,8:13 PM,10:37,MISS Bazemore 25' 3PT Jump Shot,,,,,4,203145,Kent Bazemore,1610612737.0,Atlanta,Hawks,ATL,0,0,,,,,,0,0,,,,,
0021500101,11,4,0,1,8:13 PM,10:34,,,Timberwolves Rebound,,,3,1610612750,,,,,,0,0,,,,,,0,0,,,,,
0021500101,12,1,42,1,8:13 PM,10:14,,,Towns 2' Driving Layup (2 PTS) (Rubio 1 AST),4 - 2,-2,5,1626157,Karl-Anthony Towns,1610612750.0,Minnesota,Timberwolves,MIN,5,201937,Ricky Rubio,1610612750.0,Minnesota,Timberwolves,MIN,0,0,,,,,
0021500101,13,5,4,1,8:13 PM,10:04,Millsap Traveling Turnover (P1.T2),,,,,4,200794,Paul Millsap,1610612737.0,Atlanta,Hawks,ATL,0,0,,,,,,1,0,,,,,
0021500101,15,1,79,1,8:14 PM,9:50,,,Rubio 17' Pullup Jump Shot (4 PTS),6 - 2,-4,5,201937,Ricky Rubio,1610612750.0,Minnesota,Timberwolves,MIN,0,0,,,,,,0,0,,,,,
0021500101,16,2,42,1,8:14 PM,9:28,MISS Bazemore 2' Driving Layup,,,,,4,203145,Kent Bazemore,1610612737.0,Atlanta,Hawks,ATL,0,0,,,,,,0,0,,,,,
0021500101,17,4,0,1,8:14 PM,9:27,,,Wiggins REBOUND (Off:0 Def:1),,,5,203952,Andrew Wiggins,1610612750.0,Minnesota,Timberwolves,MIN,0,0,,,,,,0,0,,,,,
0021500101,18,6,1,1,8:14 PM,9:27,Bazemore P.FOUL (P1.T1) (R.Mott),,,,,4,203145,Kent Bazemore,1610612737.0,Atlanta,Hawks,ATL,5,203952,Andrew Wiggins,1610612750.0,Minnesota,Timberwolves,MIN,1,0,,,,,
0021500101,19,2,79,1,8:15 PM,9:03,,,MISS Garnett 17' Pullup Jump Shot,,,5,708,Kevin Garnett,1610612750.0,Minnesota,Timberwolves,MIN,0,0,,,,,,0,0,,,,,
0021500101,20,4,0,1,8:15 PM,9:00,Bazemore REBOUND (Off:0 Def:1),,,,,4,203145,Kent Bazemore,1610612737.0,Atlanta,Hawks,ATL,0,0,,,,,,0,0,,,,,
0021500101,21,2,1,1,8:15 PM,8:47,MISS Teague 25' 3PT Jump Shot,,,,,4,201952,Jeff Teague,1610612737.0,Atlanta,Hawks,ATL,0,0,,,,,,0,0,,,,,
0021500101,22,4,0,1,8:15 PM,8:45,,,Towns REBOUND (Off:0 Def:2),,,5,1626157,Karl-Anthony Towns,1610612750.0,Minnesota,Timberwolves,MIN,0,0,,,,,,0,0,,,,,
0021500101,23,2,79,1,8:15 PM,8:36,,,MISS Rubio 20' Pullup Jump Shot,,,5,201937,Ricky Rubio,1610612750.0,Minnesota,Timberwolves,MIN,0,0,,,,,,0,0,,,,,
0021500101,24,4,0,1,8:15 PM,8:34,Millsap REBOUND (Off:0 Def:1),,,,,4,200794,Paul Millsap,1610612737.0,Atlanta,Hawks,ATL,0,0,,,,,,0,0,,,,,
0021500101,25,2,1,1,8:15 PM,8:19,MISS Horford  3PT Jump Shot,,,,,4,201143,Al Horford,1610612737.0,Atlanta,Hawks,ATL,0,0,,,,,,0,0,,,,,
0021500101,26,4,0,1,8:15 PM,8:18,,,Timberwolves Rebound,,,3,1610612750,,,,,,0,0,,,,,,0,0,,,,,
0021500101,28,2,79,1,8:16 PM,8:09,,,MISS Wiggins 19' Pullup Jump Shot,,,5,203952,Andrew Wiggins,1610612750.0,Minnesota,Timberwolves,MIN,0,0,,,,,,0,0,,,,,
0021500101,29,4,0,1,8:16 PM,8:06,Bazemore REBOUND (Off:0 Def:2),,,,,4,203145,Kent Bazemore,1610612737.0,Atlanta,Hawks,ATL,0,0,,,,,,0,0,,,,,
0021500101,30,2,79,1,8:16 PM,7:56,MISS Korver 18' Pullup Jump Shot,,,,,4,2594,Kyle Korver,1610612737.0,Atlanta,Hawks,ATL,0,0,,,,,,0,0,,,,,
0021500101,31,4,0,1,8:16 PM,7:52,,,Garnett REBOUND (Off:0 Def:1),,,5,708,Kevin Garnett,1610612750.0,Minnesota,Timberwolves,MIN,0,0,,,,,,0,0,,,,,
0021500101,32,1,41,1,8:16 PM,7:50,,,Wiggins 2' Running Layup (2 PTS) (Rubio 2 AST),8 - 2,-6,5,203952,Andrew Wiggins,1610612750.0,Minnesota,Timberwolves,MIN,5,201937,Ricky Rubio,1610612750.0,Minnesota,Timberwolves,MIN,0,0,,,,,
0021500101,33,9,1,1,8:16 PM,7:50,HAWKS Timeout: Regular (Full 1 Short 0),,,,,2,1610612737,,,,,,0,0,,,,,,0,0,,,,,
0021500101,35,2,1,1,8:19 PM,7:35,MISS Horford 17' Jump Shot,,,,,4,201143,Al Horford,1610612737.0,Atlanta,Hawks,ATL,0,0,,,,,,0,0,,,,,
0021500101,36,4,0,1,8:19 PM,7:33,,,Garnett REBOUND (Off:0 Def:2),,,5,708,Kevin Garnett,1610612750.0,Minnesota,Timberwolves,MIN,0,0,,,,,,0,0,,,,,
0021500101,37,5,2,1,8:19 PM,7:22,Bazemore STEAL (2 STL),,Wiggins Lost Ball Turnover (P2.T2),,,5,203952,Andrew Wiggins,1610612750.0,Minnesota,Timberwolves,MIN,4,203145,Kent Bazemore,1610612737.0,Atlanta,Hawks,ATL,0,0,,,,,
0021500101,38,2,1,1,8:19 PM,7:06,MISS Horford 18' Jump Shot,,,,,4,201143,Al Horford,1610612737.0,Atlanta,Hawks,ATL,0,0,,,,,,0,0,,,,,
0021500101,39,4,0,1,8:19 PM,7:05,,,Garnett REBOUND (Off:0 Def:3),,,5,708,Kevin Garnett,1610612750.0,Minnesota,Timberwolves,MIN,0,0,,,,,,0,0,,,,,
0021500101,40,2,1,1,8:20 PM,6:44,,,MISS Wiggins 25' 3PT Jump Shot,,,5,203952,Andrew Wiggins,1610612750.0,Minnesota,Timberwolves,MIN,0,0,,,,,,0,0,,,,,
0021500101,41,4,0,1,8:20 PM,6:43,Millsap REBOUND (Off:0 Def:2),,,,,4,200794,Paul Millsap,1610612737.0,Atlanta,Hawks,ATL,0,0,,,,,,0,0,,,,,
0021500101,42,5,1,1,8:20 PM,6:24,Teague Bad Pass Turnover (P1.T3),,Wiggins STEAL (1 STL),,,4,201952,Jeff Teague,1610612737.0,Atlanta,Hawks,ATL,5,203952,Andrew Wiggins,1610612750.0,Minnesota,Timberwolves,MIN,0,0,,,,,
0021500101,43,1,103,1,8:20 PM,6:17,,,Rubio 18' Running Pull-Up Jump Shot (6 PTS) (Wiggins 1 AST),10 - 2,-8,5,201937,Ricky Rubio,1610612750.0,Minnesota,Timberwolves,MIN,5,203952,Andrew Wiggins,1610612750.0,Minnesota,Timberwolves,MIN,0,0,,,,,
0021500101,45,6,1,1,8:21 PM,5:57,,,Garnett P.FOUL (P1.T1) (L.Wood),,,5,708,Kevin Garnett,1610612750.0,Minnesota,Timberwolves,MIN,4,203145,Kent Bazemore,1610612737.0,Atlanta,Hawks,ATL,1,0,,,,,
0021500101,46,8,0,1,8:21 PM,5:57,SUB: Splitter FOR Horford,,,,,4,201143,Al Horford,1610612737.0,Atlanta,Hawks,ATL,4,201168,Tiago Splitter,1610612737.0,Atlanta,Hawks,ATL,0,0,,,,,
0021500101,47,8,0,1,8:21 PM,5:57,,,SUB: Bjelica FOR Garnett,,,5,708,Kevin Garnett,1610612750.0,Minnesota,Timberwolves,MIN,5,202357,Nemanja Bjelica,1610612750.0,Minnesota,Timberwolves,MIN,0,0,,,,,
0021500101,48,5,2,1,8:21 PM,5:45,Millsap Lost Ball Turnover (P2.T4),,Rubio STEAL (2 STL),,,4,200794,Paul Millsap,1610612737.0,Atlanta,Hawks,ATL,5,201937,Ricky Rubio,1610612750.0,Minnesota,Timberwolves,MIN,0,0,,,,,
0021500101,49,2,44,1,8:21 PM,5:37,,,MISS Rubio 2' Reverse Layup,,,5,201937,Ricky Rubio,1610612750.0,Minnesota,Timberwolves,MIN,0,0,,,,,,0,0,,,,,
0021500101,50,4,0,1,8:21 PM,5:35,Korver REBOUND (Off:0 Def:1),,,,,4,2594,Kyle Korver,1610612737.0,Atlanta,Hawks,ATL,0,0,,,,,,0,0,,,,,
0021500101,51,1,3,1,8:21 PM,5:23,Splitter 7' Hook Shot (2 PTS),,,10 - 4,-6,4,201168,Tiago Splitter,1610612737.0,Atlanta,Hawks,ATL,0,0,,,,,,0,0,,,,,
0021500101,52,6,1,1,8:22 PM,5:10,Bazemore P.FOUL (P2.T2) (L.Wood),,,,,4,203145,Kent Bazemore,1610612737.0,Atlanta,Hawks,ATL,5,203952,Andrew Wiggins,1610612750.0,Minnesota,Timberwolves,MIN,1,0,,,,,
0021500101,53,8,0,1,8:22 PM,5:10,,,SUB: Martin FOR Prince,,,5,2419,Tayshaun Prince,1610612750.0,Minnesota,Timberwolves,MIN,5,2755,Kevin Martin,1610612750.0,Minnesota,Timberwolves,MIN,0,0,,,,,
0021500101,54,8,0,1,8:22 PM,5:10,SUB: Sefolosha FOR Bazemore,,,,,4,203145,Kent Bazemore,1610612737.0,Atlanta,Hawks,ATL,4,200757,Thabo Sefolosha,1610612737.0,Atlanta,Hawks,ATL,0,0,,,,,
0021500101,55,8,0,1,8:22 PM,5:10,SUB: Schroder FOR Teague,,,,,4,201952,Jeff Teague,1610612737.0,Atlanta,Hawks,ATL,4,203471,Dennis Schroder,1610612737.0,Atlanta,Hawks,ATL,0,0,,,,,
0021500101,56,1,42,1,8:22 PM,5:00,,,Rubio 2' Driving Layup (8 PTS),12 - 4,-8,5,201937,Ricky Rubio,1610612750.0,Minnesota,Timberwolves,MIN,0,0,,,,,,0,0,,,,,
0021500101,58,1,98,1,8:22 PM,4:49,Sefolosha  Cutting Layup Shot (2 PTS) (Millsap 2 AST),,,12 - 6,-6,4,200757,Thabo Sefolosha,1610612737.0,Atlanta,Hawks,ATL,4,200794,Paul Millsap,1610612737.0,Atlanta,Hawks,ATL,0,0,,,,,
0021500101,59,2,101,1,8:23 PM,4:25,,,MISS Martin 14' Driving Floating Jump Shot,,,5,2755,Kevin Martin,1610612750.0,Minnesota,Timberwolves,MIN,0,0,,,,,,0,0,,,,,
0021500101,61,4,0,1,8:23 PM,4:23,,,Wiggins REBOUND (Off:1 Def:1),,,5,203952,Andrew Wiggins,1610612750.0,Minnesota,Timberwolves,MIN,0,0,,,,,,0,0,,,,,
0021500101,60,1,107,1,8:23 PM,4:23,,,Wiggins  Tip Dunk Shot (4 PTS),14 - 6,-8,5,203952,Andrew Wiggins,1610612750.0,Minnesota,Timberwolves,MIN,0,0,,,,,,0,0,,,,,
0021500101,62,1,42,1,8:23 PM,4:08,Schroder 3' Driving Layup (2 PTS),,,14 - 8,-6,4,203471,Dennis Schroder,1610612737.0,Atlanta,Hawks,ATL,0,0,,,,,,0,0,,,,,
0021500101,63,9,1,1,8:23 PM,4:01,,,Timberwolves Timeout: Regular (Reg.1 Short 0),,,3,1610612750,,,,,,0,0,,,,,,0,0,,,,,
0021500101,65,8,0,1,8:25 PM,4:01,SUB: Holiday FOR Korver,,,,,4,2594,Kyle Korver,1610612737.0,Atlanta,Hawks,ATL,4,203200,Justin Holiday,1610612737.0,Atlanta,Hawks,ATL,0,0,,,,,
0021500101,66,8,0,1,8:26 PM,4:01,,,SUB: LaVine FOR Rubio,,,5,201937,Ricky Rubio,1610612750.0,Minnesota,Timberwolves,MIN,5,203897,Zach LaVine,1610612750.0,Minnesota,Timberwolves,MIN,0,0,,,,,
0021500101,67,1,1,1,8:26 PM,3:50,,,Bjelica 24' 3PT Jump Shot (3 PTS) (Wiggins 2 AST),17 - 8,-9,5,202357,Nemanja Bjelica,1610612750.0,Minnesota,Timberwolves,MIN,5,203952,Andrew Wiggins,1610612750.0,Minnesota,Timberwolves,MIN,0,0,,,,,
0021500101,68,2,5,1,8:26 PM,3:41,MISS Millsap 1' Layup,,,,,4,200794,Paul Millsap,1610612737.0,Atlanta,Hawks,ATL,0,0,,,,,,0,0,,,,,
0021500101,69,4,0,1,8:26 PM,3:38,,,Wiggins REBOUND (Off:1 Def:2),,,5,203952,Andrew Wiggins,1610612750.0,Minnesota,Timberwolves,MIN,0,0,,,,,,0,0,,,,,
0021500101,70,1,41,1,8:26 PM,3:32,,,Wiggins  Running Layup (6 PTS),19 - 8,-11,5,203952,Andrew Wiggins,1610612750.0,Minnesota,Timberwolves,MIN,0,0,,,,,,0,0,,,,,
0021500101,71,1,1,1,8:27 PM,3:18,Millsap 24' 3PT Jump Shot (3 PTS) (Schroder 1 AST),,,19 - 11,-8,4,200794,Paul Millsap,1610612737.0,Atlanta,Hawks,ATL,4,203471,Dennis Schroder,1610612737.0,Atlanta,Hawks,ATL,0,0,,,,,
0021500101,72,2,41,1,8:27 PM,3:06,Millsap BLOCK (1 BLK),,MISS LaVine 2' Running Layup,,,5,203897,Zach LaVine,1610612750.0,Minnesota,Timberwolves,MIN,0,0,,,,,,4,200794,Paul Millsap,1610612737.0,Atlanta,Hawks,ATL
0021500101,73,4,0,1,8:27 PM,3:06,Splitter REBOUND (Off:0 Def:1),,,,,4,201168,Tiago Splitter,1610612737.0,Atlanta,Hawks,ATL,0,0,,,,,,0,0,,,,,
0021500101,74,6,1,1,8:27 PM,3:06,,,LaVine P.FOUL (P1.T2) (R.Mott),,,5,203897,Zach LaVine,1610612750.0,Minnesota,Timberwolves,MIN,4,201168,Tiago Splitter,1610612737.0,Atlanta,Hawks,ATL,1,0,,,,,
0021500101,75,8,0,1,8:27 PM,3:06,,,SUB: Dieng FOR Towns,,,5,1626157,Karl-Anthony Towns,1610612750.0,Minnesota,Timberwolves,MIN,5,203476,Gorgui Dieng,1610612750.0,Minnesota,Timberwolves,MIN,0,0,,,,,
0021500101,76,8,0,1,8:27 PM,3:06,SUB: Scott FOR Millsap,,,,,4,200794,Paul Millsap,1610612737.0,Atlanta,Hawks,ATL,4,203118,Mike Scott,1610612737.0,Atlanta,Hawks,ATL,0,0,,,,,
0021500101,77,2,79,1,8:28 PM,2:52,MISS Schroder 24' 3PT Pullup Jump Shot,,,,,4,203471,Dennis Schroder,1610612737.0,Atlanta,Hawks,ATL,0,0,,,,,,0,0,,,,,
0021500101,78,4,0,1,8:28 PM,2:50,,,Dieng REBOUND (Off:0 Def:1),,,5,203476,Gorgui Dieng,1610612750.0,Minnesota,Timberwolves,MIN,0,0,,,,,,0,0,,,,,
0021500101,80,5,1,1,8:28 PM,2:33,Holiday STEAL (1 STL),,Bjelica Bad Pass Turnover (P1.T3),,,5,202357,Nemanja Bjelica,1610612750.0,Minnesota,Timberwolves,MIN,4,203200,Justin Holiday,1610612737.0,Atlanta,Hawks,ATL,0,0,,,,,
0021500101,81,6,1,1,8:28 PM,2:33,,,Bjelica P.FOUL (P1.T3) (L.Wood),,,5,202357,Nemanja Bjelica,1610612750.0,Minnesota,Timberwolves,MIN,4,203118,Mike Scott,1610612737.0,Atlanta,Hawks,ATL,1,0,,,,,
0021500101,82,8,0,1,8:28 PM,2:33,,,SUB: Muhammad FOR Wiggins,,,5,203952,Andrew Wiggins,1610612750.0,Minnesota,Timberwolves,MIN,5,203498,Shabazz Muhammad,1610612750.0,Minnesota,Timberwolves,MIN,0,0,,,,,
0021500101,83,1,1,1,8:28 PM,2:15,Sefolosha  3PT Jump Shot (5 PTS) (Splitter 1 AST),,,19 - 14,-5,4,200757,Thabo Sefolosha,1610612737.0,Atlanta,Hawks,ATL,4,201168,Tiago Splitter,1610612737.0,Atlanta,Hawks,ATL,0,0,,,,,
0021500101,84,6,5,1,8:29 PM,2:11,Schroder IN.FOUL (P1.T3) (L.Wood),,,,,4,203471,Dennis Schroder,1610612737.0,Atlanta,Hawks,ATL,5,203897,Zach LaVine,1610612750.0,Minnesota,Timberwolves,MIN,1,0,,,,,
0021500101,85,3,11,1,8:29 PM,2:11,,,LaVine Free Throw 1 of 2 (1 PTS),20 - 14,-6,5,203897,Zach LaVine,1610612750.0,Minnesota,Timberwolves,MIN,0,0,,,,,,0,0,,,,,
0021500101,87,3,12,1,8:29 PM,2:11,,,LaVine Free Throw 2 of 2 (2 PTS),21 - 14,-7,5,203897,Zach LaVine,1610612750.0,Minnesota,Timberwolves,MIN,0,0,,,,,,0,0,,,,,
0021500101,90,6,1,1,8:30 PM,1:56,,,Dieng P.FOUL (P1.T4) (L.Wood),,,5,203476,Gorgui Dieng,1610612750.0,Minnesota,Timberwolves,MIN,4,201168,Tiago Splitter,1610612737.0,Atlanta,Hawks,ATL,1,0,,,,,
0021500101,91,5,2,1,8:30 PM,1:50,Holiday Lost Ball Turnover (P1.T5),,LaVine STEAL (1 STL),,,4,203200,Justin Holiday,1610612737.0,Atlanta,Hawks,ATL,5,203897,Zach LaVine,1610612750.0,Minnesota,Timberwolves,MIN,0,0,,,,,
0021500101,92,1,41,1,8:30 PM,1:44,,,LaVine 1' Running Layup (4 PTS),23 - 14,-9,5,203897,Zach LaVine,1610612750.0,Minnesota,Timberwolves,MIN,0,0,,,,,,0,0,,,,,
0021500101,93,1,98,1,8:30 PM,1:36,Schroder  Cutting Layup Shot (4 PTS) (Splitter 2 AST),,,23 - 16,-7,4,203471,Dennis Schroder,1610612737.0,Atlanta,Hawks,ATL,4,201168,Tiago Splitter,1610612737.0,Atlanta,Hawks,ATL,0,0,,,,,
0021500101,94,2,3,1,8:31 PM,1:20,,,MISS Dieng 6' Hook Shot,,,5,203476,Gorgui Dieng,1610612750.0,Minnesota,Timberwolves,MIN,0,0,,,,,,0,0,,,,,
0021500101,96,4,0,1,8:31 PM,1:17,,,Dieng REBOUND (Off:1 Def:1),,,5,203476,Gorgui Dieng,1610612750.0,Minnesota,Timberwolves,MIN,0,0,,,,,,0,0,,,,,
0021500101,95,1,72,1,8:31 PM,1:17,,,Dieng 1' Putback Layup (2 PTS),25 - 16,-9,5,203476,Gorgui Dieng,1610612750.0,Minnesota,Timberwolves,MIN,0,0,,,,,,0,0,,,,,
0021500101,97,5,1,1,8:31 PM,0:57,Splitter Bad Pass Turnover (P1.T6),,,,,4,201168,Tiago Splitter,1610612737.0,Atlanta,Hawks,ATL,0,0,,,,,,0,0,,,,,
0021500101,98,1,1,1,8:32 PM,0:45,,,Martin  3PT Jump Shot (3 PTS) (LaVine 1 AST),28 - 16,-12,5,2755,Kevin Martin,1610612750.0,Minnesota,Timberwolves,MIN,5,203897,Zach LaVine,1610612750.0,Minnesota,Timberwolves,MIN,0,0,,,,,
0021500101,99,1,79,1,8:32 PM,0:29,Schroder 24' 3PT Pullup Jump Shot (7 PTS),,,28 - 19,-9,4,203471,Dennis Schroder,1610612737.0,Atlanta,Hawks,ATL,0,0,,,,,,0,0,,,,,
0021500101,101,6,1,1,8:32 PM,0:11,Holiday P.FOUL (P1.T4) (M.Callahan),,,,,4,203200,Justin Holiday,1610612737.0,Atlanta,Hawks,ATL,5,2755,Kevin Martin,1610612750.0,Minnesota,Timberwolves,MIN,1,0,,,,,
0021500101,102,1,101,1,8:33 PM,0:00,,,Martin 12' Driving Floating Jump Shot (5 PTS),30 - 19,-11,5,2755,Kevin Martin,1610612750.0,Minnesota,Timberwolves,MIN,0,0,,,,,,0,0,,,,,
0021500101,103,2,1,1,8:33 PM,0:00,MISS Splitter 82' 3PT Jump Shot,,,,,4,201168,Tiago Splitter,1610612737.0,Atlanta,Hawks,ATL,0,0,,,,,,0,0,,,,,
0021500101,104,4,0,1,8:33 PM,0:00,HAWKS Rebound,,,,,2,1610612737,,,,,,0,0,,,,,,0,0,,,,,
0021500101,105,13,0,1,8:33 PM,0:00,,,,30 - 19,-11,0,0,,,,,,0,0,,,,,,0,0,,,,,
0021500101,107,12,0,2,8:36 PM,12:00,,,,30 - 19,-11,0,0,,,,,,0,0,,,,,,0,0,,,,,
0021500101,108,1,42,2,8:36 PM,11:42,,,Muhammad 1' Driving Layup (2 PTS) (Bjelica 1 AST),32 - 19,-13,5,203498,Shabazz Muhammad,1610612750.0,Minnesota,Timberwolves,MIN,5,202357,Nemanja Bjelica,1610612750.0,Minnesota,Timberwolves,MIN,0,0,,,,,
0021500101,109,1,101,2,8:36 PM,11:20,Scott 12' Driving Floating Jump Shot (2 PTS) (Holiday 1 AST),,,32 - 21,-11,4,203118,Mike Scott,1610612737.0,Atlanta,Hawks,ATL,4,203200,Justin Holiday,1610612737.0,Atlanta,Hawks,ATL,0,0,,,,,
0021500101,110,1,75,2,8:37 PM,10:53,,,LaVine 1' Driving Finger Roll Layup (6 PTS),34 - 21,-13,5,203897,Zach LaVine,1610612750.0,Minnesota,Timberwolves,MIN,0,0,,,,,,0,0,,,,,
0021500101,111,2,1,2,8:37 PM,10:39,MISS Holiday 24' 3PT Jump Shot,,,,,4,203200,Justin Holiday,1610612737.0,Atlanta,Hawks,ATL,0,0,,,,,,0,0,,,,,
0021500101,112,4,0,2,8:37 PM,10:36,,,Muhammad REBOUND (Off:0 Def:1),,,5,203498,Shabazz Muhammad,1610612750.0,Minnesota,Timberwolves,MIN,0,0,,,,,,0,0,,,,,
0021500101,113,6,2,2,8:37 PM,10:33,Holiday S.FOUL (P2.T1) (L.Wood),,,,,4,203200,Justin Holiday,1610612737.0,Atlanta,Hawks,ATL,5,202357,Nemanja Bjelica,1610612750.0,Minnesota,Timberwolves,MIN,1,0,,,,,
0021500101,114,3,11,2,8:38 PM,10:33,,,Bjelica Free Throw 1 of 2 (4 PTS),35 - 21,-14,5,202357,Nemanja Bjelica,1610612750.0,Minnesota,Timberwolves,MIN,0,0,,,,,,0,0,,,,,
0021500101,116,8,0,2,8:38 PM,10:33,SUB: Teague FOR Schroder,,,,,4,203471,Dennis Schroder,1610612737.0,Atlanta,Hawks,ATL,4,201952,Jeff Teague,1610612737.0,Atlanta,Hawks,ATL,0,0,,,,,
0021500101,117,8,0,2,8:38 PM,10:33,SUB: Korver FOR Holiday,,,,,4,203200,Justin Holiday,1610612737.0,Atlanta,Hawks,ATL,4,2594,Kyle Korver,1610612737.0,Atlanta,Hawks,ATL,0,0,,,,,
0021500101,118,3,12,2,8:38 PM,10:33,,,Bjelica Free Throw 2 of 2 (5 PTS),36 - 21,-15,5,202357,Nemanja Bjelica,1610612750.0,Minnesota,Timberwolves,MIN,0,0,,,,,,0,0,,,,,
0021500101,121,1,1,2,8:38 PM,10:22,Scott 25' 3PT Jump Shot (5 PTS) (Sefolosha 1 AST),,,36 - 24,-12,4,203118,Mike Scott,1610612737.0,Atlanta,Hawks,ATL,4,200757,Thabo Sefolosha,1610612737.0,Atlanta,Hawks,ATL,0,0,,,,,
0021500101,122,2,1,2,8:39 PM,9:56,,,MISS Martin 24' 3PT Jump Shot,,,5,2755,Kevin Martin,1610612750.0,Minnesota,Timberwolves,MIN,0,0,,,,,,0,0,,,,,
0021500101,123,4,0,2,8:39 PM,9:55,Scott REBOUND (Off:0 Def:1),,,,,4,203118,Mike Scott,1610612737.0,Atlanta,Hawks,ATL,0,0,,,,,,0,0,,,,,
0021500101,124,5,45,2,8:39 PM,9:47,Teague Out of Bounds - Bad Pass Turnover Turnover (P2.T7),,,,,4,201952,Jeff Teague,1610612737.0,Atlanta,Hawks,ATL,0,0,,,,,,0,0,,,,,
0021500101,126,2,5,2,8:39 PM,9:28,,,MISS Dieng  Layup,,,5,203476,Gorgui Dieng,1610612750.0,Minnesota,Timberwolves,MIN,0,0,,,,,,0,0,,,,,
0021500101,127,4,0,2,8:39 PM,9:26,Sefolosha REBOUND (Off:0 Def:1),,,,,4,200757,Thabo Sefolosha,1610612737.0,Atlanta,Hawks,ATL,0,0,,,,,,0,0,,,,,
0021500101,128,2,1,2,8:39 PM,9:20,MISS Scott 19' Jump Shot,,,,,4,203118,Mike Scott,1610612737.0,Atlanta,Hawks,ATL,0,0,,,,,,0,0,,,,,
0021500101,129,4,0,2,8:40 PM,9:19,,,Bjelica REBOUND (Off:0 Def:1),,,5,202357,Nemanja Bjelica,1610612750.0,Minnesota,Timberwolves,MIN,0,0,,,,,,0,0,,,,,
0021500101,130,1,5,2,8:40 PM,9:11,,,Dieng 1' Layup (4 PTS) (LaVine 2 AST),38 - 24,-14,5,203476,Gorgui Dieng,1610612750.0,Minnesota,Timberwolves,MIN,5,203897,Zach LaVine,1610612750.0,Minnesota,Timberwolves,MIN,0,0,,,,,
0021500101,131,1,1,2,8:40 PM,8:58,Horford 14' Jump Shot (2 PTS),,,38 - 26,-12,4,201143,Al Horford,1610612737.0,Atlanta,Hawks,ATL,0,0,,,,,,0,0,,,,,
0021500101,132,1,42,2,8:40 PM,8:44,,,LaVine 2' Driving Layup (8 PTS),40 - 26,-14,5,203897,Zach LaVine,1610612750.0,Minnesota,Timberwolves,MIN,0,0,,,,,,0,0,,,,,
0021500101,133,2,1,2,8:40 PM,8:33,MISS Horford 19' Jump Shot,,,,,4,201143,Al Horford,1610612737.0,Atlanta,Hawks,ATL,0,0,,,,,,0,0,,,,,
0021500101,134,4,0,2,8:40 PM,8:32,,,LaVine REBOUND (Off:0 Def:1),,,5,203897,Zach LaVine,1610612750.0,Minnesota,Timberwolves,MIN,0,0,,,,,,0,0,,,,,
0021500101,135,1,57,2,8:40 PM,8:24,,,Muhammad 11' Driving Hook Shot (4 PTS) (Bjelica 2 AST),42 - 26,-16,5,203498,Shabazz Muhammad,1610612750.0,Minnesota,Timberwolves,MIN,5,202357,Nemanja Bjelica,1610612750.0,Minnesota,Timberwolves,MIN,0,0,,,,,
0021500101,136,9,1,2,8:41 PM,8:24,HAWKS Timeout: Regular (Full 2 Short 0),,,,,2,1610612737,,,,,,0,0,,,,,,0,0,,,,,
0021500101,140,1,79,2,8:43 PM,8:11,Teague 12' Pullup Jump Shot (4 PTS),,,42 - 28,-14,4,201952,Jeff Teague,1610612737.0,Atlanta,Hawks,ATL,0,0,,,,,,0,0,,,,,
0021500101,141,1,99,2,8:43 PM,7:57,,,Martin  Cutting Finger Roll Layup Shot (7 PTS) (LaVine 3 AST),44 - 28,-16,5,2755,Kevin Martin,1610612750.0,Minnesota,Timberwolves,MIN,5,203897,Zach LaVine,1610612750.0,Minnesota,Timberwolves,MIN,0,0,,,,,
0021500101,142,9,1,2,8:44 PM,7:56,HAWKS Timeout: Regular (Full 3 Short 0),,,,,2,1610612737,,,,,,0,0,,,,,,0,0,,,,,
0021500101,143,8,0,2,8:45 PM,7:56,,,SUB: Wiggins FOR Muhammad,,,5,203498,Shabazz Muhammad,1610612750.0,Minnesota,Timberwolves,MIN,5,203952,Andrew Wiggins,1610612750.0,Minnesota,Timberwolves,MIN,0,0,,,,,
0021500101,144,2,1,2,8:46 PM,7:42,MISS Korver 20' Jump Shot,,,,,4,2594,Kyle Korver,1610612737.0,Atlanta,Hawks,ATL,0,0,,,,,,0,0,,,,,
0021500101,145,4,0,2,8:46 PM,7:41,,,LaVine REBOUND (Off:0 Def:2),,,5,203897,Zach LaVine,1610612750.0,Minnesota,Timberwolves,MIN,0,0,,,,,,0,0,,,,,
0021500101,146,5,2,2,8:46 PM,7:28,Sefolosha STEAL (1 STL),,Wiggins Lost Ball Turnover (P3.T4),,,5,203952,Andrew Wiggins,1610612750.0,Minnesota,Timberwolves,MIN,4,200757,Thabo Sefolosha,1610612737.0,Atlanta,Hawks,ATL,0,0,,,,,
0021500101,147,1,50,2,8:46 PM,7:23,Scott  Running Dunk (7 PTS) (Teague 1 AST),,,44 - 30,-14,4,203118,Mike Scott,1610612737.0,Atlanta,Hawks,ATL,4,201952,Jeff Teague,1610612737.0,Atlanta,Hawks,ATL,0,0,,,,,
0021500101,148,1,5,2,8:46 PM,7:15,,,Dieng 2' Layup (6 PTS) (LaVine 4 AST),46 - 30,-16,5,203476,Gorgui Dieng,1610612750.0,Minnesota,Timberwolves,MIN,5,203897,Zach LaVine,1610612750.0,Minnesota,Timberwolves,MIN,0,0,,,,,
0021500101,149,5,1,2,8:47 PM,7:05,Teague Bad Pass Turnover (P3.T8),,Dieng STEAL (1 STL),,,4,201952,Jeff Teague,1610612737.0,Atlanta,Hawks,ATL,5,203476,Gorgui Dieng,1610612750.0,Minnesota,Timberwolves,MIN,0,0,,,,,
0021500101,150,1,1,2,8:47 PM,7:00,,,Martin 24' 3PT Jump Shot (10 PTS) (LaVine 5 AST),49 - 30,-19,5,2755,Kevin Martin,1610612750.0,Minnesota,Timberwolves,MIN,5,203897,Zach LaVine,1610612750.0,Minnesota,Timberwolves,MIN,0,0,,,,,
0021500101,151,6,2,2,8:47 PM,7:00,Teague S.FOUL (P1.T2) (M.Callahan),,,,,4,201952,Jeff Teague,1610612737.0,Atlanta,Hawks,ATL,5,2755,Kevin Martin,1610612750.0,Minnesota,Timberwolves,MIN,1,0,,,,,
0021500101,152,8,0,2,8:47 PM,7:00,SUB: Bazemore FOR Sefolosha,,,,,4,200757,Thabo Sefolosha,1610612737.0,Atlanta,Hawks,ATL,4,203145,Kent Bazemore,1610612737.0,Atlanta,Hawks,ATL,0,0,,,,,
0021500101,153,8,0,2,8:47 PM,7:00,SUB: Millsap FOR Scott,,,,,4,203118,Mike Scott,1610612737.0,Atlanta,Hawks,ATL,4,200794,Paul Millsap,1610612737.0,Atlanta,Hawks,ATL,0,0,,,,,
0021500101,154,8,0,2,8:47 PM,7:00,,,SUB: Towns FOR Dieng,,,5,203476,Gorgui Dieng,1610612750.0,Minnesota,Timberwolves,MIN,5,1626157,Karl-Anthony Towns,1610612750.0,Minnesota,Timberwolves,MIN,0,0,,,,,
0021500101,157,8,0,2,8:47 PM,7:00,,,SUB: Rubio FOR LaVine,,,5,203897,Zach LaVine,1610612750.0,Minnesota,Timberwolves,MIN,5,201937,Ricky Rubio,1610612750.0,Minnesota,Timberwolves,MIN,0,0,,,,,
0021500101,155,3,10,2,8:47 PM,7:00,,,Martin Free Throw 1 of 1 (11 PTS),50 - 30,-20,5,2755,Kevin Martin,1610612750.0,Minnesota,Timberwolves,MIN,0,0,,,,,,0,0,,,,,
0021500101,158,6,1,2,8:48 PM,6:52,,,Martin P.FOUL (P1.T1) (L.Wood),,,5,2755,Kevin Martin,1610612750.0,Minnesota,Timberwolves,MIN,4,2594,Kyle Korver,1610612737.0,Atlanta,Hawks,ATL,1,0,,,,,
0021500101,159,2,1,2,8:48 PM,6:47,MISS Teague 24' 3PT Jump Shot,,,,,4,201952,Jeff Teague,1610612737.0,Atlanta,Hawks,ATL,0,0,,,,,,0,0,,,,,
0021500101,160,4,0,2,8:48 PM,6:45,,,Towns REBOUND (Off:0 Def:3),,,5,1626157,Karl-Anthony Towns,1610612750.0,Minnesota,Timberwolves,MIN,0,0,,,,,,0,0,,,,,
0021500101,161,1,98,2,8:48 PM,6:28,,,Wiggins 1' Cutting Layup Shot (8 PTS) (Bjelica 3 AST),52 - 30,-22,5,203952,Andrew Wiggins,1610612750.0,Minnesota,Timberwolves,MIN,5,202357,Nemanja Bjelica,1610612750.0,Minnesota,Timberwolves,MIN,0,0,,,,,
0021500101,162,1,98,2,8:48 PM,6:15,Millsap 2' Cutting Layup Shot (5 PTS) (Korver 1 AST),,,52 - 32,-20,4,200794,Paul Millsap,1610612737.0,Atlanta,Hawks,ATL,4,2594,Kyle Korver,1610612737.0,Atlanta,Hawks,ATL,0,0,,,,,
0021500101,163,2,1,2,8:49 PM,6:00,,,MISS Martin 25' 3PT Jump Shot,,,5,2755,Kevin Martin,1610612750.0,Minnesota,Timberwolves,MIN,0,0,,,,,,0,0,,,,,
0021500101,164,4,0,2,8:49 PM,5:59,Teague REBOUND (Off:0 Def:1),,,,,4,201952,Jeff Teague,1610612737.0,Atlanta,Hawks,ATL,0,0,,,,,,0,0,,,,,
0021500101,165,6,1,2,8:49 PM,5:52,,,Rubio P.FOUL (P1.T2) (R.Mott),,,5,201937,Ricky Rubio,1610612750.0,Minnesota,Timberwolves,MIN,4,201952,Jeff Teague,1610612737.0,Atlanta,Hawks,ATL,1,0,,,,,
0021500101,166,8,0,2,8:49 PM,5:52,,,SUB: Prince FOR Martin,,,5,2755,Kevin Martin,1610612750.0,Minnesota,Timberwolves,MIN,5,2419,Tayshaun Prince,1610612750.0,Minnesota,Timberwolves,MIN,0,0,,,,,
0021500101,167,8,0,2,8:49 PM,5:52,,,SUB: Garnett FOR Bjelica,,,5,202357,Nemanja Bjelica,1610612750.0,Minnesota,Timberwolves,MIN,5,708,Kevin Garnett,1610612750.0,Minnesota,Timberwolves,MIN,0,0,,,,,
0021500101,169,2,1,2,8:49 PM,5:42,MISS Bazemore  3PT Jump Shot,,,,,4,203145,Kent Bazemore,1610612737.0,Atlanta,Hawks,ATL,0,0,,,,,,0,0,,,,,
0021500101,170,4,0,2,8:49 PM,5:41,,,Garnett REBOUND (Off:0 Def:4),,,5,708,Kevin Garnett,1610612750.0,Minnesota,Timberwolves,MIN,0,0,,,,,,0,0,,,,,
0021500101,171,2,79,2,8:49 PM,5:34,Teague BLOCK (1 BLK),,MISS Rubio 19' Pullup Jump Shot,,,5,201937,Ricky Rubio,1610612750.0,Minnesota,Timberwolves,MIN,0,0,,,,,,4,201952,Jeff Teague,1610612737.0,Atlanta,Hawks,ATL
0021500101,172,4,0,2,8:49 PM,5:31,,,Towns REBOUND (Off:1 Def:3),,,5,1626157,Karl-Anthony Towns,1610612750.0,Minnesota,Timberwolves,MIN,0,0,,,,,,0,0,,,,,
0021500101,173,6,1,2,8:50 PM,5:27,Teague P.FOUL (P2.T3) (L.Wood),,,,,4,201952,Jeff Teague,1610612737.0,Atlanta,Hawks,ATL,5,201937,Ricky Rubio,1610612750.0,Minnesota,Timberwolves,MIN,1,0,,,,,
0021500101,174,8,0,2,8:50 PM,5:27,SUB: Schroder FOR Teague,,,,,4,201952,Jeff Teague,1610612737.0,Atlanta,Hawks,ATL,4,203471,Dennis Schroder,1610612737.0,Atlanta,Hawks,ATL,0,0,,,,,
0021500101,175,1,105,2,8:50 PM,5:16,,,Wiggins 15' Turnaround Fadeaway Bank Jump Shot (10 PTS),54 - 32,-22,5,203952,Andrew Wiggins,1610612750.0,Minnesota,Timberwolves,MIN,0,0,,,,,,0,0,,,,,
0021500101,176,1,1,2,8:50 PM,5:04,Bazemore 25' 3PT Jump Shot (3 PTS),,,54 - 35,-19,4,203145,Kent Bazemore,1610612737.0,Atlanta,Hawks,ATL,0,0,,,,,,0,0,,,,,
0021500101,177,6,2,2,8:51 PM,4:48,Horford S.FOUL (P1.T4) (L.Wood),,,,,4,201143,Al Horford,1610612737.0,Atlanta,Hawks,ATL,5,1626157,Karl-Anthony Towns,1610612750.0,Minnesota,Timberwolves,MIN,1,0,,,,,
0021500101,178,3,11,2,8:51 PM,4:48,,,Towns Free Throw 1 of 2 (3 PTS),55 - 35,-20,5,1626157,Karl-Anthony Towns,1610612750.0,Minnesota,Timberwolves,MIN,0,0,,,,,,0,0,,,,,
0021500101,180,3,12,2,8:51 PM,4:48,,,MISS Towns Free Throw 2 of 2,,,5,1626157,Karl-Anthony Towns,1610612750.0,Minnesota,Timberwolves,MIN,0,0,,,,,,0,0,,,,,
0021500101,182,4,0,2,8:51 PM,4:47,Bazemore REBOUND (Off:0 Def:3),,,,,4,203145,Kent Bazemore,1610612737.0,Atlanta,Hawks,ATL,0,0,,,,,,0,0,,,,,
0021500101,184,1,108,2,8:51 PM,4:29,Bazemore  Cutting Dunk Shot (5 PTS) (Horford 1 AST),,,55 - 37,-18,4,203145,Kent Bazemore,1610612737.0,Atlanta,Hawks,ATL,4,201143,Al Horford,1610612737.0,Atlanta,Hawks,ATL,0,0,,,,,
0021500101,185,1,1,2,8:52 PM,4:19,,,Wiggins 19' Jump Shot (12 PTS) (Garnett 1 AST),57 - 37,-20,5,203952,Andrew Wiggins,1610612750.0,Minnesota,Timberwolves,MIN,5,708,Kevin Garnett,1610612750.0,Minnesota,Timberwolves,MIN,0,0,,,,,
0021500101,186,2,79,2,8:52 PM,4:05,MISS Schroder 19' Pullup Jump Shot,,,,,4,203471,Dennis Schroder,1610612737.0,Atlanta,Hawks,ATL,0,0,,,,,,0,0,,,,,
0021500101,187,4,0,2,8:52 PM,4:03,,,Garnett REBOUND (Off:0 Def:5),,,5,708,Kevin Garnett,1610612750.0,Minnesota,Timberwolves,MIN,0,0,,,,,,0,0,,,,,
0021500101,188,2,47,2,8:52 PM,3:44,,,MISS Garnett 15' Turnaround Jump Shot,,,5,708,Kevin Garnett,1610612750.0,Minnesota,Timberwolves,MIN,0,0,,,,,,0,0,,,,,
0021500101,189,4,0,2,8:52 PM,3:43,HAWKS Rebound,,,,,2,1610612737,,,,,,0,0,,,,,,0,0,,,,,
0021500101,190,8,0,2,8:52 PM,3:43,SUB: Teague FOR Korver,,,,,4,2594,Kyle Korver,1610612737.0,Atlanta,Hawks,ATL,4,201952,Jeff Teague,1610612737.0,Atlanta,Hawks,ATL,0,0,,,,,
0021500101,191,2,98,2,8:53 PM,3:25,MISS Horford 2' Cutting Layup Shot,,,,,4,201143,Al Horford,1610612737.0,Atlanta,Hawks,ATL,0,0,,,,,,0,0,,,,,
0021500101,192,4,0,2,8:53 PM,3:23,,,Garnett REBOUND (Off:0 Def:6),,,5,708,Kevin Garnett,1610612750.0,Minnesota,Timberwolves,MIN,0,0,,,,,,0,0,,,,,
0021500101,193,7,5,2,8:53 PM,3:19,Schroder Violation:Kicked Ball (.),,,,,4,203471,Dennis Schroder,1610612737.0,Atlanta,Hawks,ATL,0,0,,,,,,0,0,,,,,
0021500101,194,8,0,2,8:53 PM,3:19,SUB: Scott FOR Horford,,,,,4,201143,Al Horford,1610612737.0,Atlanta,Hawks,ATL,4,203118,Mike Scott,1610612737.0,Atlanta,Hawks,ATL,0,0,,,,,
0021500101,196,1,7,2,8:53 PM,3:07,,,Towns  Dunk (5 PTS) (Rubio 3 AST),59 - 37,-22,5,1626157,Karl-Anthony Towns,1610612750.0,Minnesota,Timberwolves,MIN,5,201937,Ricky Rubio,1610612750.0,Minnesota,Timberwolves,MIN,0,0,,,,,
0021500101,197,5,1,2,8:54 PM,3:03,Millsap Bad Pass Turnover (P3.T9),,Rubio STEAL (3 STL),,,4,200794,Paul Millsap,1610612737.0,Atlanta,Hawks,ATL,5,201937,Ricky Rubio,1610612750.0,Minnesota,Timberwolves,MIN,0,0,,,,,
0021500101,198,2,5,2,8:54 PM,3:01,Millsap BLOCK (2 BLK),,MISS Rubio 5' Layup,,,5,201937,Ricky Rubio,1610612750.0,Minnesota,Timberwolves,MIN,0,0,,,,,,4,200794,Paul Millsap,1610612737.0,Atlanta,Hawks,ATL
0021500101,199,4,0,2,8:54 PM,3:01,,,Timberwolves Rebound,,,3,1610612750,,,,,,0,0,,,,,,0,0,,,,,
0021500101,200,8,0,2,8:54 PM,3:01,,,SUB: LaVine FOR Prince,,,5,2419,Tayshaun Prince,1610612750.0,Minnesota,Timberwolves,MIN,5,203897,Zach LaVine,1610612750.0,Minnesota,Timberwolves,MIN,0,0,,,,,
0021500101,201,6,2,2,8:54 PM,2:57,Millsap S.FOUL (P1.PN) (L.Wood),,,,,4,200794,Paul Millsap,1610612737.0,Atlanta,Hawks,ATL,5,1626157,Karl-Anthony Towns,1610612750.0,Minnesota,Timberwolves,MIN,1,0,,,,,
0021500101,202,9,4,2,8:54 PM,2:57,,,,,,1,0,,,,,,0,0,,,,,,0,0,,,,,
0021500101,205,8,0,2,8:56 PM,2:57,,,SUB: Martin FOR LaVine,,,5,203897,Zach LaVine,1610612750.0,Minnesota,Timberwolves,MIN,5,2755,Kevin Martin,1610612750.0,Minnesota,Timberwolves,MIN,0,0,,,,,
0021500101,206,3,11,2,8:57 PM,2:57,,,Towns Free Throw 1 of 2 (6 PTS),60 - 37,-23,5,1626157,Karl-Anthony Towns,1610612750.0,Minnesota,Timberwolves,MIN,0,0,,,,,,0,0,,,,,
0021500101,208,3,12,2,8:57 PM,2:57,,,Towns Free Throw 2 of 2 (7 PTS),61 - 37,-24,5,1626157,Karl-Anthony Towns,1610612750.0,Minnesota,Timberwolves,MIN,0,0,,,,,,0,0,,,,,
0021500101,210,2,101,2,8:57 PM,2:43,MISS Millsap 8' Driving Floating Jump Shot,,,,,4,200794,Paul Millsap,1610612737.0,Atlanta,Hawks,ATL,0,0,,,,,,0,0,,,,,
0021500101,211,4,0,2,8:57 PM,2:42,,,Towns REBOUND (Off:1 Def:4),,,5,1626157,Karl-Anthony Towns,1610612750.0,Minnesota,Timberwolves,MIN,0,0,,,,,,0,0,,,,,
0021500101,212,1,1,2,8:58 PM,2:26,,,Garnett 20' Jump Shot (2 PTS) (Rubio 4 AST),63 - 37,-26,5,708,Kevin Garnett,1610612750.0,Minnesota,Timberwolves,MIN,5,201937,Ricky Rubio,1610612750.0,Minnesota,Timberwolves,MIN,0,0,,,,,
0021500101,213,1,1,2,8:58 PM,2:11,Millsap 25' 3PT Jump Shot (8 PTS) (Schroder 2 AST),,,63 - 40,-23,4,200794,Paul Millsap,1610612737.0,Atlanta,Hawks,ATL,4,203471,Dennis Schroder,1610612737.0,Atlanta,Hawks,ATL,0,0,,,,,
0021500101,215,2,1,2,8:58 PM,1:54,,,MISS Garnett 20' Jump Shot,,,5,708,Kevin Garnett,1610612750.0,Minnesota,Timberwolves,MIN,0,0,,,,,,0,0,,,,,
0021500101,216,4,0,2,8:58 PM,1:53,,,Wiggins REBOUND (Off:2 Def:2),,,5,203952,Andrew Wiggins,1610612750.0,Minnesota,Timberwolves,MIN,0,0,,,,,,0,0,,,,,
0021500101,217,1,72,2,8:58 PM,1:50,,,Wiggins  Putback Layup (14 PTS),65 - 40,-25,5,203952,Andrew Wiggins,1610612750.0,Minnesota,Timberwolves,MIN,0,0,,,,,,0,0,,,,,
0021500101,218,6,1,2,8:59 PM,1:35,,,Rubio P.FOUL (P2.T3) (M.Callahan),,,5,201937,Ricky Rubio,1610612750.0,Minnesota,Timberwolves,MIN,4,200794,Paul Millsap,1610612737.0,Atlanta,Hawks,ATL,1,0,,,,,
0021500101,219,2,1,2,8:59 PM,1:29,MISS Millsap 24' 3PT Jump Shot,,,,,4,200794,Paul Millsap,1610612737.0,Atlanta,Hawks,ATL,0,0,,,,,,0,0,,,,,
0021500101,220,4,0,2,8:59 PM,1:29,,,Timberwolves Rebound,,,3,1610612750,,,,,,0,0,,,,,,0,0,,,,,
0021500101,221,8,0,2,8:59 PM,1:29,,,SUB: LaVine FOR Rubio,,,5,201937,Ricky Rubio,1610612750.0,Minnesota,Timberwolves,MIN,5,203897,Zach LaVine,1610612750.0,Minnesota,Timberwolves,MIN,0,0,,,,,
0021500101,222,1,79,2,8:59 PM,1:17,,,Wiggins 20' Pullup Jump Shot (16 PTS),67 - 40,-27,5,203952,Andrew Wiggins,1610612750.0,Minnesota,Timberwolves,MIN,0,0,,,,,,0,0,,,,,
0021500101,223,5,2,2,9:00 PM,1:01,Bazemore Lost Ball Turnover (P2.T10),,LaVine STEAL (2 STL),,,4,203145,Kent Bazemore,1610612737.0,Atlanta,Hawks,ATL,5,203897,Zach LaVine,1610612750.0,Minnesota,Timberwolves,MIN,0,0,,,,,
0021500101,224,1,103,2,9:00 PM,0:54,,,LaVine 24' 3PT Running Pull-Up Jump Shot (11 PTS),70 - 40,-30,5,203897,Zach LaVine,1610612750.0,Minnesota,Timberwolves,MIN,0,0,,,,,,0,0,,,,,
0021500101,225,2,63,2,9:00 PM,0:30,MISS Millsap 11' Fadeaway Jumper,,,,,4,200794,Paul Millsap,1610612737.0,Atlanta,Hawks,ATL,0,0,,,,,,0,0,,,,,
0021500101,226,4,0,2,9:00 PM,0:26,,,Towns REBOUND (Off:1 Def:5),,,5,1626157,Karl-Anthony Towns,1610612750.0,Minnesota,Timberwolves,MIN,0,0,,,,,,0,0,,,,,
0021500101,227,1,79,2,9:00 PM,0:12,,,LaVine 16' Pullup Jump Shot (13 PTS),72 - 40,-32,5,203897,Zach LaVine,1610612750.0,Minnesota,Timberwolves,MIN,0,0,,,,,,0,0,,,,,
0021500101,228,6,2,2,9:01 PM,0:07,,,LaVine S.FOUL (P2.PN) (R.Mott),,,5,203897,Zach LaVine,1610612750.0,Minnesota,Timberwolves,MIN,4,201952,Jeff Teague,1610612737.0,Atlanta,Hawks,ATL,1,0,,,,,
0021500101,229,3,11,2,9:01 PM,0:07,Teague Free Throw 1 of 2 (5 PTS),,,72 - 41,-31,4,201952,Jeff Teague,1610612737.0,Atlanta,Hawks,ATL,0,0,,,,,,0,0,,,,,
0021500101,231,8,0,2,9:01 PM,0:07,SUB: Sefolosha FOR Bazemore,,,,,4,203145,Kent Bazemore,1610612737.0,Atlanta,Hawks,ATL,4,200757,Thabo Sefolosha,1610612737.0,Atlanta,Hawks,ATL,0,0,,,,,
0021500101,233,3,12,2,9:01 PM,0:07,Teague Free Throw 2 of 2 (6 PTS),,,72 - 42,-30,4,201952,Jeff Teague,1610612737.0,Atlanta,Hawks,ATL,0,0,,,,,,0,0,,,,,
0021500101,235,9,2,2,9:01 PM,0:05,,,Timberwolves Timeout: Short (Reg.1 Short 1),,,3,1610612750,,,,,,0,0,,,,,,0,0,,,,,
0021500101,237,8,0,2,9:02 PM,0:05,SUB: Holiday FOR Teague,,,,,4,201952,Jeff Teague,1610612737.0,Atlanta,Hawks,ATL,4,203200,Justin Holiday,1610612737.0,Atlanta,Hawks,ATL,0,0,,,,,
0021500101,238,8,0,2,9:02 PM,0:05,SUB: Splitter FOR Scott,,,,,4,203118,Mike Scott,1610612737.0,Atlanta,Hawks,ATL,4,201168,Tiago Splitter,1610612737.0,Atlanta,Hawks,ATL,0,0,,,,,
0021500101,240,2,1,2,9:03 PM,0:00,,,MISS Towns 24' 3PT Jump Shot,,,5,1626157,Karl-Anthony Towns,1610612750.0,Minnesota,Timberwolves,MIN,0,0,,,,,,0,0,,,,,
0021500101,241,4,0,2,9:03 PM,0:00,,,Timberwolves Rebound,,,3,1610612750,,,,,,0,0,,,,,,0,0,,,,,
0021500101,242,13,0,2,9:03 PM,0:00,,,,72 - 42,-30,0,0,,,,,,0,0,,,,,,0,0,,,,,
0021500101,244,12,0,3,9:19 PM,12:00,,,,72 - 42,-30,0,0,,,,,,0,0,,,,,,0,0,,,,,
0021500101,245,1,1,3,9:19 PM,11:47,,,Wiggins 18' Jump Shot (18 PTS) (Rubio 5 AST),74 - 42,-32,5,203952,Andrew Wiggins,1610612750.0,Minnesota,Timberwolves,MIN,5,201937,Ricky Rubio,1610612750.0,Minnesota,Timberwolves,MIN,0,0,,,,,
0021500101,246,6,1,3,9:19 PM,11:36,,,Rubio P.FOUL (P3.T1) (R.Mott),,,5,201937,Ricky Rubio,1610612750.0,Minnesota,Timberwolves,MIN,4,201952,Jeff Teague,1610612737.0,Atlanta,Hawks,ATL,1,0,,,,,
0021500101,247,1,1,3,9:20 PM,11:28,Horford 18' Jump Shot (4 PTS) (Teague 2 AST),,,74 - 44,-30,4,201143,Al Horford,1610612737.0,Atlanta,Hawks,ATL,4,201952,Jeff Teague,1610612737.0,Atlanta,Hawks,ATL,0,0,,,,,
0021500101,248,1,1,3,9:20 PM,11:17,,,Garnett 20' Jump Shot (4 PTS) (Wiggins 3 AST),76 - 44,-32,5,708,Kevin Garnett,1610612750.0,Minnesota,Timberwolves,MIN,5,203952,Andrew Wiggins,1610612750.0,Minnesota,Timberwolves,MIN,0,0,,,,,
0021500101,249,6,1,3,9:20 PM,11:10,,,Garnett P.FOUL (P2.T2) (L.Wood),,,5,708,Kevin Garnett,1610612750.0,Minnesota,Timberwolves,MIN,4,200794,Paul Millsap,1610612737.0,Atlanta,Hawks,ATL,1,0,,,,,
0021500101,250,2,1,3,9:20 PM,11:03,MISS Horford 19' Jump Shot,,,,,4,201143,Al Horford,1610612737.0,Atlanta,Hawks,ATL,0,0,,,,,,0,0,,,,,
0021500101,251,4,0,3,9:21 PM,11:02,HAWKS Rebound,,,,,2,1610612737,,,,,,0,0,,,,,,0,0,,,,,
0021500101,252,1,1,3,9:21 PM,10:56,Korver 25' 3PT Jump Shot (3 PTS) (Teague 3 AST),,,76 - 47,-29,4,2594,Kyle Korver,1610612737.0,Atlanta,Hawks,ATL,4,201952,Jeff Teague,1610612737.0,Atlanta,Hawks,ATL,0,0,,,,,
0021500101,254,1,1,3,9:21 PM,10:41,,,Towns 17' Jump Shot (9 PTS) (Rubio 6 AST),78 - 47,-31,5,1626157,Karl-Anthony Towns,1610612750.0,Minnesota,Timberwolves,MIN,5,201937,Ricky Rubio,1610612750.0,Minnesota,Timberwolves,MIN,0,0,,,,,
0021500101,255,2,42,3,9:21 PM,10:30,MISS Teague 2' Driving Layup,,,,,4,201952,Jeff Teague,1610612737.0,Atlanta,Hawks,ATL,0,0,,,,,,0,0,,,,,
0021500101,256,4,0,3,9:21 PM,10:29,,,Garnett REBOUND (Off:0 Def:7),,,5,708,Kevin Garnett,1610612750.0,Minnesota,Timberwolves,MIN,0,0,,,,,,0,0,,,,,
0021500101,257,1,1,3,9:21 PM,10:17,,,Wiggins 24' 3PT Jump Shot (21 PTS) (Rubio 7 AST),81 - 47,-34,5,203952,Andrew Wiggins,1610612750.0,Minnesota,Timberwolves,MIN,5,201937,Ricky Rubio,1610612750.0,Minnesota,Timberwolves,MIN,0,0,,,,,
0021500101,258,1,42,3,9:22 PM,10:04,Teague 2' Driving Layup (8 PTS),,,81 - 49,-32,4,201952,Jeff Teague,1610612737.0,Atlanta,Hawks,ATL,0,0,,,,,,0,0,,,,,
0021500101,259,6,2,3,9:22 PM,10:04,,,Garnett S.FOUL (P3.T3) (M.Callahan),,,5,708,Kevin Garnett,1610612750.0,Minnesota,Timberwolves,MIN,4,201952,Jeff Teague,1610612737.0,Atlanta,Hawks,ATL,1,0,,,,,
0021500101,260,3,10,3,9:22 PM,10:04,Teague Free Throw 1 of 1 (9 PTS),,,81 - 50,-31,4,201952,Jeff Teague,1610612737.0,Atlanta,Hawks,ATL,0,0,,,,,,0,0,,,,,
0021500101,262,6,26,3,9:23 PM,9:52,,,Wiggins Offensive Charge Foul (P1.T4) (M.Callahan),,,5,203952,Andrew Wiggins,1610612750.0,Minnesota,Timberwolves,MIN,4,200794,Paul Millsap,1610612737.0,Atlanta,Hawks,ATL,1,0,,,,,
0021500101,263,5,5,3,9:23 PM,9:52,,,Wiggins Foul Turnover (P4.T5),,,5,203952,Andrew Wiggins,1610612750.0,Minnesota,Timberwolves,MIN,0,0,,,,,,1,0,,,,,
0021500101,264,2,80,3,9:23 PM,9:42,MISS Teague 25' 3PT Step Back Jump Shot,,,,,4,201952,Jeff Teague,1610612737.0,Atlanta,Hawks,ATL,0,0,,,,,,0,0,,,,,
0021500101,265,4,0,3,9:23 PM,9:40,Horford REBOUND (Off:1 Def:1),,,,,4,201143,Al Horford,1610612737.0,Atlanta,Hawks,ATL,0,0,,,,,,0,0,,,,,
0021500101,266,5,39,3,9:23 PM,9:38,Bazemore Step Out of Bounds Turnover (P3.T11),,,,,4,203145,Kent Bazemore,1610612737.0,Atlanta,Hawks,ATL,0,0,,,,,,0,0,,,,,
0021500101,268,1,108,3,9:23 PM,9:27,,,Wiggins  Cutting Dunk Shot (23 PTS) (Towns 1 AST),83 - 50,-33,5,203952,Andrew Wiggins,1610612750.0,Minnesota,Timberwolves,MIN,5,1626157,Karl-Anthony Towns,1610612750.0,Minnesota,Timberwolves,MIN,0,0,,,,,
0021500101,269,2,78,3,9:23 PM,9:12,MISS Horford 6' Floating Jump Shot,,,,,4,201143,Al Horford,1610612737.0,Atlanta,Hawks,ATL,0,0,,,,,,0,0,,,,,
0021500101,270,4,0,3,9:23 PM,9:12,HAWKS Rebound,,,,,2,1610612737,,,,,,0,0,,,,,,0,0,,,,,
0021500101,271,1,5,3,9:24 PM,9:05,Millsap 2' Layup (10 PTS) (Teague 4 AST),,,83 - 52,-31,4,200794,Paul Millsap,1610612737.0,Atlanta,Hawks,ATL,4,201952,Jeff Teague,1610612737.0,Atlanta,Hawks,ATL,0,0,,,,,
0021500101,272,6,2,3,9:24 PM,9:05,,,Towns S.FOUL (P1.PN) (M.Callahan),,,5,1626157,Karl-Anthony Towns,1610612750.0,Minnesota,Timberwolves,MIN,4,200794,Paul Millsap,1610612737.0,Atlanta,Hawks,ATL,1,0,,,,,
0021500101,273,3,10,3,9:24 PM,9:05,MISS Millsap Free Throw 1 of 1,,,,,4,200794,Paul Millsap,1610612737.0,Atlanta,Hawks,ATL,0,0,,,,,,0,0,,,,,
0021500101,275,4,0,3,9:24 PM,9:04,,,Towns REBOUND (Off:1 Def:6),,,5,1626157,Karl-Anthony Towns,1610612750.0,Minnesota,Timberwolves,MIN,0,0,,,,,,0,0,,,,,
0021500101,276,1,1,3,9:24 PM,8:48,,,Prince 19' Jump Shot (2 PTS) (Wiggins 4 AST),85 - 52,-33,5,2419,Tayshaun Prince,1610612750.0,Minnesota,Timberwolves,MIN,5,203952,Andrew Wiggins,1610612750.0,Minnesota,Timberwolves,MIN,0,0,,,,,
0021500101,277,2,73,3,9:25 PM,8:31,MISS Horford 1' Driving Reverse Layup,,,,,4,201143,Al Horford,1610612737.0,Atlanta,Hawks,ATL,0,0,,,,,,0,0,,,,,
0021500101,278,4,0,3,9:25 PM,8:30,Millsap REBOUND (Off:1 Def:2),,,,,4,200794,Paul Millsap,1610612737.0,Atlanta,Hawks,ATL,0,0,,,,,,0,0,,,,,
0021500101,279,1,75,3,9:25 PM,8:17,Bazemore 2' Driving Finger Roll Layup (7 PTS) (Teague 5 AST),,,85 - 54,-31,4,203145,Kent Bazemore,1610612737.0,Atlanta,Hawks,ATL,4,201952,Jeff Teague,1610612737.0,Atlanta,Hawks,ATL,0,0,,,,,
0021500101,280,2,57,3,9:25 PM,8:01,,,MISS Towns 4' Driving Hook Shot,,,5,1626157,Karl-Anthony Towns,1610612750.0,Minnesota,Timberwolves,MIN,0,0,,,,,,0,0,,,,,
0021500101,281,4,0,3,9:25 PM,8:00,Korver REBOUND (Off:0 Def:2),,,,,4,2594,Kyle Korver,1610612737.0,Atlanta,Hawks,ATL,0,0,,,,,,0,0,,,,,
0021500101,282,1,101,3,9:25 PM,7:54,Millsap 7' Driving Floating Jump Shot (12 PTS) (Bazemore 1 AST),,,85 - 56,-29,4,200794,Paul Millsap,1610612737.0,Atlanta,Hawks,ATL,4,203145,Kent Bazemore,1610612737.0,Atlanta,Hawks,ATL,0,0,,,,,
0021500101,283,9,1,3,9:25 PM,7:53,,,Timberwolves Timeout: Regular (Reg.2 Short 1),,,3,1610612750,,,,,,0,0,,,,,,0,0,,,,,
0021500101,285,6,4,3,9:28 PM,7:44,,,Towns OFF.Foul (P2) (R.Mott),,,5,1626157,Karl-Anthony Towns,1610612750.0,Minnesota,Timberwolves,MIN,4,203145,Kent Bazemore,1610612737.0,Atlanta,Hawks,ATL,1,0,,,,,
0021500101,286,5,5,3,9:28 PM,7:44,,,Towns Foul Turnover (P1.T6),,,5,1626157,Karl-Anthony Towns,1610612750.0,Minnesota,Timberwolves,MIN,0,0,,,,,,1,0,,,,,
0021500101,287,1,1,3,9:28 PM,7:34,Horford 24' 3PT Jump Shot (7 PTS) (Teague 6 AST),,,85 - 59,-26,4,201143,Al Horford,1610612737.0,Atlanta,Hawks,ATL,4,201952,Jeff Teague,1610612737.0,Atlanta,Hawks,ATL,0,0,,,,,
0021500101,288,6,1,3,9:29 PM,7:11,Bazemore P.FOUL (P3.T1) (M.Callahan),,,,,4,203145,Kent Bazemore,1610612737.0,Atlanta,Hawks,ATL,5,1626157,Karl-Anthony Towns,1610612750.0,Minnesota,Timberwolves,MIN,1,0,,,,,
0021500101,289,2,79,3,9:29 PM,7:02,,,MISS Wiggins 19' Pullup Jump Shot,,,5,203952,Andrew Wiggins,1610612750.0,Minnesota,Timberwolves,MIN,0,0,,,,,,0,0,,,,,
0021500101,290,4,0,3,9:29 PM,6:59,Bazemore REBOUND (Off:0 Def:4),,,,,4,203145,Kent Bazemore,1610612737.0,Atlanta,Hawks,ATL,0,0,,,,,,0,0,,,,,
0021500101,291,2,98,3,9:30 PM,6:44,MISS Korver 2' Cutting Layup Shot,,Garnett BLOCK (1 BLK),,,4,2594,Kyle Korver,1610612737.0,Atlanta,Hawks,ATL,0,0,,,,,,5,708,Kevin Garnett,1610612750.0,Minnesota,Timberwolves,MIN
0021500101,292,4,0,3,9:30 PM,6:40,,,Garnett REBOUND (Off:0 Def:8),,,5,708,Kevin Garnett,1610612750.0,Minnesota,Timberwolves,MIN,0,0,,,,,,0,0,,,,,
0021500101,293,2,73,3,9:30 PM,6:35,,,MISS Rubio 2' Driving Reverse Layup,,,5,201937,Ricky Rubio,1610612750.0,Minnesota,Timberwolves,MIN,0,0,,,,,,0,0,,,,,
0021500101,294,4,0,3,9:30 PM,6:34,,,Towns REBOUND (Off:2 Def:6),,,5,1626157,Karl-Anthony Towns,1610612750.0,Minnesota,Timberwolves,MIN,0,0,,,,,,0,0,,,,,
0021500101,295,1,42,3,9:30 PM,6:25,,,Prince 1' Driving Layup (4 PTS),87 - 59,-28,5,2419,Tayshaun Prince,1610612750.0,Minnesota,Timberwolves,MIN,0,0,,,,,,0,0,,,,,
0021500101,296,1,42,3,9:30 PM,6:15,Teague 2' Driving Layup (11 PTS),,,87 - 61,-26,4,201952,Jeff Teague,1610612737.0,Atlanta,Hawks,ATL,0,0,,,,,,0,0,,,,,
0021500101,297,5,1,3,9:30 PM,6:10,Bazemore STEAL (3 STL),,Garnett Bad Pass Turnover (P1.T7),,,5,708,Kevin Garnett,1610612750.0,Minnesota,Timberwolves,MIN,4,203145,Kent Bazemore,1610612737.0,Atlanta,Hawks,ATL,0,0,,,,,
0021500101,298,1,1,3,9:30 PM,6:00,Millsap 25' 3PT Jump Shot (15 PTS) (Teague 7 AST),,,87 - 64,-23,4,200794,Paul Millsap,1610612737.0,Atlanta,Hawks,ATL,4,201952,Jeff Teague,1610612737.0,Atlanta,Hawks,ATL,0,0,,,,,
0021500101,299,9,1,3,9:31 PM,5:49,,,Timberwolves Timeout: Regular (Reg.3 Short 1),,,3,1610612750,,,,,,0,0,,,,,,0,0,,,,,
0021500101,301,8,0,3,9:33 PM,5:49,,,SUB: Bjelica FOR Garnett,,,5,708,Kevin Garnett,1610612750.0,Minnesota,Timberwolves,MIN,5,202357,Nemanja Bjelica,1610612750.0,Minnesota,Timberwolves,MIN,0,0,,,,,
0021500101,302,5,1,3,9:33 PM,5:39,Horford STEAL (1 STL),,Rubio Bad Pass Turnover (P1.T8),,,5,201937,Ricky Rubio,1610612750.0,Minnesota,Timberwolves,MIN,4,201143,Al Horford,1610612737.0,Atlanta,Hawks,ATL,0,0,,,,,
0021500101,303,1,50,3,9:33 PM,5:34,Teague  Running Dunk (13 PTS) (Bazemore 2 AST),,,87 - 66,-21,4,201952,Jeff Teague,1610612737.0,Atlanta,Hawks,ATL,4,203145,Kent Bazemore,1610612737.0,Atlanta,Hawks,ATL,0,0,,,,,
0021500101,305,8,0,3,9:34 PM,5:19,,,SUB: LaVine FOR Rubio,,,5,201937,Ricky Rubio,1610612750.0,Minnesota,Timberwolves,MIN,5,203897,Zach LaVine,1610612750.0,Minnesota,Timberwolves,MIN,0,0,,,,,
0021500101,306,5,40,3,9:34 PM,5:12,,,Wiggins Out of Bounds Lost Ball Turnover (P5.T9),,,5,203952,Andrew Wiggins,1610612750.0,Minnesota,Timberwolves,MIN,0,0,,,,,,0,0,,,,,
0021500101,307,1,79,3,9:35 PM,4:58,Teague 25' 3PT Pullup Jump Shot (16 PTS),,,87 - 69,-18,4,201952,Jeff Teague,1610612737.0,Atlanta,Hawks,ATL,0,0,,,,,,0,0,,,,,
0021500101,308,5,45,3,9:35 PM,4:38,,,Prince Out of Bounds - Bad Pass Turnover Turnover (P1.T10),,,5,2419,Tayshaun Prince,1610612750.0,Minnesota,Timberwolves,MIN,0,0,,,,,,0,0,,,,,
0021500101,309,1,42,3,9:35 PM,4:28,Teague 1' Driving Layup (18 PTS) (Horford 2 AST),,,87 - 71,-16,4,201952,Jeff Teague,1610612737.0,Atlanta,Hawks,ATL,4,201143,Al Horford,1610612737.0,Atlanta,Hawks,ATL,0,0,,,,,
0021500101,311,2,79,3,9:35 PM,4:07,,,MISS Bjelica 25' 3PT Pullup Jump Shot,,,5,202357,Nemanja Bjelica,1610612750.0,Minnesota,Timberwolves,MIN,0,0,,,,,,0,0,,,,,
0021500101,312,4,0,3,9:35 PM,4:05,,,Prince REBOUND (Off:1 Def:0),,,5,2419,Tayshaun Prince,1610612750.0,Minnesota,Timberwolves,MIN,0,0,,,,,,0,0,,,,,
0021500101,313,1,80,3,9:36 PM,3:57,,,Wiggins 19' Step Back Jump Shot (25 PTS) (LaVine 6 AST),89 - 71,-18,5,203952,Andrew Wiggins,1610612750.0,Minnesota,Timberwolves,MIN,5,203897,Zach LaVine,1610612750.0,Minnesota,Timberwolves,MIN,0,0,,,,,
0021500101,314,2,1,3,9:36 PM,3:44,MISS Horford 25' 3PT Jump Shot,,,,,4,201143,Al Horford,1610612737.0,Atlanta,Hawks,ATL,0,0,,,,,,0,0,,,,,
0021500101,315,4,0,3,9:36 PM,3:43,,,Bjelica REBOUND (Off:0 Def:2),,,5,202357,Nemanja Bjelica,1610612750.0,Minnesota,Timberwolves,MIN,0,0,,,,,,0,0,,,,,
0021500101,316,2,42,3,9:36 PM,3:31,Bazemore BLOCK (1 BLK),,MISS Wiggins 2' Driving Layup,,,5,203952,Andrew Wiggins,1610612750.0,Minnesota,Timberwolves,MIN,0,0,,,,,,4,203145,Kent Bazemore,1610612737.0,Atlanta,Hawks,ATL
0021500101,317,4,0,3,9:37 PM,3:31,,,Timberwolves Rebound,,,3,1610612750,,,,,,0,0,,,,,,0,0,,,,,
0021500101,318,8,0,3,9:37 PM,3:31,SUB: Splitter FOR Horford,,,,,4,201143,Al Horford,1610612737.0,Atlanta,Hawks,ATL,4,201168,Tiago Splitter,1610612737.0,Atlanta,Hawks,ATL,0,0,,,,,
0021500101,319,8,0,3,9:37 PM,3:31,SUB: Sefolosha FOR Korver,,,,,4,2594,Kyle Korver,1610612737.0,Atlanta,Hawks,ATL,4,200757,Thabo Sefolosha,1610612737.0,Atlanta,Hawks,ATL,0,0,,,,,
0021500101,320,8,0,3,9:37 PM,3:31,,,SUB: Martin FOR Prince,,,5,2419,Tayshaun Prince,1610612750.0,Minnesota,Timberwolves,MIN,5,2755,Kevin Martin,1610612750.0,Minnesota,Timberwolves,MIN,0,0,,,,,
0021500101,321,1,1,3,9:37 PM,3:27,,,Towns 21' Jump Shot (11 PTS) (Bjelica 4 AST),91 - 71,-20,5,1626157,Karl-Anthony Towns,1610612750.0,Minnesota,Timberwolves,MIN,5,202357,Nemanja Bjelica,1610612750.0,Minnesota,Timberwolves,MIN,0,0,,,,,
0021500101,322,1,101,3,9:37 PM,3:17,Teague 5' Driving Floating Jump Shot (20 PTS),,,91 - 73,-18,4,201952,Jeff Teague,1610612737.0,Atlanta,Hawks,ATL,0,0,,,,,,0,0,,,,,
0021500101,324,5,4,3,9:37 PM,2:59,,,Bjelica Traveling Turnover (P2.T11),,,5,202357,Nemanja Bjelica,1610612750.0,Minnesota,Timberwolves,MIN,0,0,,,,,,1,0,,,,,
0021500101,325,8,0,3,9:38 PM,2:59,SUB: Schroder FOR Bazemore,,,,,4,203145,Kent Bazemore,1610612737.0,Atlanta,Hawks,ATL,4,203471,Dennis Schroder,1610612737.0,Atlanta,Hawks,ATL,0,0,,,,,
0021500101,326,8,0,3,9:38 PM,2:59,,,SUB: Dieng FOR Towns,,,5,1626157,Karl-Anthony Towns,1610612750.0,Minnesota,Timberwolves,MIN,5,203476,Gorgui Dieng,1610612750.0,Minnesota,Timberwolves,MIN,0,0,,,,,
0021500101,327,1,42,3,9:38 PM,2:46,Millsap 2' Driving Layup (17 PTS) (Teague 8 AST),,,91 - 75,-16,4,200794,Paul Millsap,1610612737.0,Atlanta,Hawks,ATL,4,201952,Jeff Teague,1610612737.0,Atlanta,Hawks,ATL,0,0,,,,,
0021500101,328,2,63,3,9:38 PM,2:32,Teague BLOCK (2 BLK),,MISS Martin 15' Fadeaway Jumper,,,5,2755,Kevin Martin,1610612750.0,Minnesota,Timberwolves,MIN,0,0,,,,,,4,201952,Jeff Teague,1610612737.0,Atlanta,Hawks,ATL
0021500101,329,4,0,3,9:38 PM,2:32,,,Timberwolves Rebound,,,3,1610612750,,,,,,0,0,,,,,,0,0,,,,,
0021500101,330,8,0,3,9:38 PM,2:32,,,SUB: Muhammad FOR Wiggins,,,5,203952,Andrew Wiggins,1610612750.0,Minnesota,Timberwolves,MIN,5,203498,Shabazz Muhammad,1610612750.0,Minnesota,Timberwolves,MIN,0,0,,,,,
0021500101,331,2,101,3,9:39 PM,2:30,,,MISS Martin 4' Driving Floating Jump Shot,,,5,2755,Kevin Martin,1610612750.0,Minnesota,Timberwolves,MIN,0,0,,,,,,0,0,,,,,
0021500101,332,4,0,3,9:39 PM,2:30,HAWKS Rebound,,,,,2,1610612737,,,,,,0,0,,,,,,0,0,,,,,
0021500101,333,1,44,3,9:39 PM,2:21,Splitter 2' Reverse Layup (4 PTS) (Millsap 3 AST),,,91 - 77,-14,4,201168,Tiago Splitter,1610612737.0,Atlanta,Hawks,ATL,4,200794,Paul Millsap,1610612737.0,Atlanta,Hawks,ATL,0,0,,,,,
0021500101,334,2,1,3,9:39 PM,2:05,,,MISS Bjelica 24' 3PT Jump Shot,,,5,202357,Nemanja Bjelica,1610612750.0,Minnesota,Timberwolves,MIN,0,0,,,,,,0,0,,,,,
0021500101,335,4,0,3,9:39 PM,2:04,Teague REBOUND (Off:0 Def:2),,,,,4,201952,Jeff Teague,1610612737.0,Atlanta,Hawks,ATL,0,0,,,,,,0,0,,,,,
0021500101,336,5,2,3,9:39 PM,1:56,Teague Lost Ball Turnover (P4.T12),,Dieng STEAL (2 STL),,,4,201952,Jeff Teague,1610612737.0,Atlanta,Hawks,ATL,5,203476,Gorgui Dieng,1610612750.0,Minnesota,Timberwolves,MIN,0,0,,,,,
0021500101,337,5,1,3,9:40 PM,1:46,Sefolosha STEAL (2 STL),,Muhammad Bad Pass Turnover (P1.T12),,,5,203498,Shabazz Muhammad,1610612750.0,Minnesota,Timberwolves,MIN,4,200757,Thabo Sefolosha,1610612737.0,Atlanta,Hawks,ATL,0,0,,,,,
0021500101,338,1,41,3,9:40 PM,1:41,Sefolosha 1' Running Layup (7 PTS),,,91 - 79,-12,4,200757,Thabo Sefolosha,1610612737.0,Atlanta,Hawks,ATL,0,0,,,,,,0,0,,,,,
0021500101,339,5,1,3,9:40 PM,1:27,Schroder STEAL (1 STL),,LaVine Bad Pass Turnover (P1.T13),,,5,203897,Zach LaVine,1610612750.0,Minnesota,Timberwolves,MIN,4,203471,Dennis Schroder,1610612737.0,Atlanta,Hawks,ATL,0,0,,,,,
0021500101,340,1,79,3,9:40 PM,1:15,Schroder 17' Pullup Jump Shot (9 PTS) (Millsap 4 AST),,,91 - 81,-10,4,203471,Dennis Schroder,1610612737.0,Atlanta,Hawks,ATL,4,200794,Paul Millsap,1610612737.0,Atlanta,Hawks,ATL,0,0,,,,,
0021500101,342,1,1,3,9:40 PM,0:54,,,Muhammad 7' Jump Shot (6 PTS) (Dieng 1 AST),93 - 81,-12,5,203498,Shabazz Muhammad,1610612750.0,Minnesota,Timberwolves,MIN,5,203476,Gorgui Dieng,1610612750.0,Minnesota,Timberwolves,MIN,0,0,,,,,
0021500101,343,1,1,3,9:41 PM,0:45,Sefolosha  3PT Jump Shot (10 PTS) (Schroder 3 AST),,,93 - 84,-9,4,200757,Thabo Sefolosha,1610612737.0,Atlanta,Hawks,ATL,4,203471,Dennis Schroder,1610612737.0,Atlanta,Hawks,ATL,0,0,,,,,
0021500101,344,5,1,3,9:41 PM,0:30,Teague STEAL (1 STL),,Dieng Bad Pass Turnover (P1.T14),,,5,203476,Gorgui Dieng,1610612750.0,Minnesota,Timberwolves,MIN,4,201952,Jeff Teague,1610612737.0,Atlanta,Hawks,ATL,0,0,,,,,
0021500101,345,5,2,3,9:41 PM,0:22,Teague Lost Ball Turnover (P5.T13),,LaVine STEAL (3 STL),,,4,201952,Jeff Teague,1610612737.0,Atlanta,Hawks,ATL,5,203897,Zach LaVine,1610612750.0,Minnesota,Timberwolves,MIN,0,0,,,,,
0021500101,346,2,47,3,9:41 PM,0:00,Teague BLOCK (3 BLK),,MISS LaVine 18' Turnaround Jump Shot,,,5,203897,Zach LaVine,1610612750.0,Minnesota,Timberwolves,MIN,0,0,,,,,,4,201952,Jeff Teague,1610612737.0,Atlanta,Hawks,ATL
0021500101,347,4,0,3,9:41 PM,0:00,,,LaVine REBOUND (Off:1 Def:2),,,5,203897,Zach LaVine,1610612750.0,Minnesota,Timberwolves,MIN,0,0,,,,,,0,0,,,,,
0021500101,348,13,0,3,9:42 PM,0:00,,,,93 - 84,-9,0,0,,,,,,0,0,,,,,,0,0,,,,,
0021500101,350,12,0,4,9:44 PM,12:00,,,,93 - 84,-9,0,0,,,,,,0,0,,,,,,0,0,,,,,
0021500101,351,2,79,4,9:45 PM,11:50,MISS Schroder 18' Pullup Jump Shot,,,,,4,203471,Dennis Schroder,1610612737.0,Atlanta,Hawks,ATL,0,0,,,,,,0,0,,,,,
0021500101,352,4,0,4,9:45 PM,11:48,,,Bjelica REBOUND (Off:0 Def:3),,,5,202357,Nemanja Bjelica,1610612750.0,Minnesota,Timberwolves,MIN,0,0,,,,,,0,0,,,,,
0021500101,353,2,1,4,9:45 PM,11:38,,,MISS Martin 24' 3PT Jump Shot,,,5,2755,Kevin Martin,1610612750.0,Minnesota,Timberwolves,MIN,0,0,,,,,,0,0,,,,,
0021500101,354,4,0,4,9:45 PM,11:37,Splitter REBOUND (Off:0 Def:2),,,,,4,201168,Tiago Splitter,1610612737.0,Atlanta,Hawks,ATL,0,0,,,,,,0,0,,,,,
0021500101,356,2,1,4,9:45 PM,11:25,MISS Sefolosha  3PT Jump Shot,,,,,4,200757,Thabo Sefolosha,1610612737.0,Atlanta,Hawks,ATL,0,0,,,,,,0,0,,,,,
0021500101,357,4,0,4,9:45 PM,11:24,,,Dieng REBOUND (Off:1 Def:2),,,5,203476,Gorgui Dieng,1610612750.0,Minnesota,Timberwolves,MIN,0,0,,,,,,0,0,,,,,
0021500101,358,5,1,4,9:46 PM,11:04,Bazemore STEAL (4 STL),,Muhammad Bad Pass Turnover (P2.T15),,,5,203498,Shabazz Muhammad,1610612750.0,Minnesota,Timberwolves,MIN,4,203145,Kent Bazemore,1610612737.0,Atlanta,Hawks,ATL,0,0,,,,,
0021500101,359,2,1,4,9:46 PM,10:49,MISS Bazemore 24' 3PT Jump Shot,,,,,4,203145,Kent Bazemore,1610612737.0,Atlanta,Hawks,ATL,0,0,,,,,,0,0,,,,,
0021500101,360,4,0,4,9:46 PM,10:48,Horford REBOUND (Off:2 Def:1),,,,,4,201143,Al Horford,1610612737.0,Atlanta,Hawks,ATL,0,0,,,,,,0,0,,,,,
0021500101,361,6,2,4,9:46 PM,10:48,,,Bjelica S.FOUL (P2.T1) (L.Wood),,,5,202357,Nemanja Bjelica,1610612750.0,Minnesota,Timberwolves,MIN,4,201143,Al Horford,1610612737.0,Atlanta,Hawks,ATL,1,0,,,,,
0021500101,362,6,11,4,9:47 PM,10:48,Horford T.FOUL (P1.T0) (L.Wood),,,,,4,201143,Al Horford,1610612737.0,Atlanta,Hawks,ATL,0,0,,,,,,1,0,,,,,
0021500101,363,3,16,4,9:47 PM,10:48,,,Martin Free Throw Technical (12 PTS),94 - 84,-10,5,2755,Kevin Martin,1610612750.0,Minnesota,Timberwolves,MIN,0,0,,,,,,0,0,,,,,
0021500101,365,3,11,4,9:47 PM,10:48,Horford Free Throw 1 of 2 (8 PTS),,,94 - 85,-9,4,201143,Al Horford,1610612737.0,Atlanta,Hawks,ATL,0,0,,,,,,0,0,,,,,
0021500101,367,8,0,4,9:47 PM,10:48,,,SUB: Wiggins FOR Muhammad,,,5,203498,Shabazz Muhammad,1610612750.0,Minnesota,Timberwolves,MIN,5,203952,Andrew Wiggins,1610612750.0,Minnesota,Timberwolves,MIN,0,0,,,,,
0021500101,368,3,12,4,9:47 PM,10:48,Horford Free Throw 2 of 2 (9 PTS),,,94 - 86,-8,4,201143,Al Horford,1610612737.0,Atlanta,Hawks,ATL,0,0,,,,,,0,0,,,,,
0021500101,370,2,79,4,9:48 PM,10:30,,,MISS Wiggins 21' Pullup Jump Shot,,,5,203952,Andrew Wiggins,1610612750.0,Minnesota,Timberwolves,MIN,0,0,,,,,,0,0,,,,,
0021500101,371,4,0,4,9:48 PM,10:28,Schroder REBOUND (Off:0 Def:1),,,,,4,203471,Dennis Schroder,1610612737.0,Atlanta,Hawks,ATL,0,0,,,,,,0,0,,,,,
0021500101,372,6,1,4,9:48 PM,10:18,,,A. Miller P.FOUL (P1.T2) (R.Mott),,,5,1889,Andre Miller,1610612750.0,Minnesota,Timberwolves,MIN,4,201168,Tiago Splitter,1610612737.0,Atlanta,Hawks,ATL,1,0,,,,,
0021500101,373,1,79,4,9:48 PM,10:12,Schroder 24' 3PT Pullup Jump Shot (12 PTS),,,94 - 89,-5,4,203471,Dennis Schroder,1610612737.0,Atlanta,Hawks,ATL,0,0,,,,,,0,0,,,,,
0021500101,374,1,1,4,9:49 PM,9:54,,,Bjelica 25' 3PT Jump Shot (8 PTS) (A. Miller 1 AST),97 - 89,-8,5,202357,Nemanja Bjelica,1610612750.0,Minnesota,Timberwolves,MIN,5,1889,Andre Miller,1610612750.0,Minnesota,Timberwolves,MIN,0,0,,,,,
0021500101,375,5,45,4,9:49 PM,9:40,Horford Out of Bounds - Bad Pass Turnover Turnover (P1.T14),,,,,4,201143,Al Horford,1610612737.0,Atlanta,Hawks,ATL,0,0,,,,,,0,0,,,,,
0021500101,376,2,42,4,9:49 PM,9:29,,,MISS Martin 2' Driving Layup,,,5,2755,Kevin Martin,1610612750.0,Minnesota,Timberwolves,MIN,0,0,,,,,,0,0,,,,,
0021500101,377,4,0,4,9:49 PM,9:28,Splitter REBOUND (Off:0 Def:3),,,,,4,201168,Tiago Splitter,1610612737.0,Atlanta,Hawks,ATL,0,0,,,,,,0,0,,,,,
0021500101,378,2,79,4,9:50 PM,9:11,MISS Bazemore 25' 3PT Pullup Jump Shot,,,,,4,203145,Kent Bazemore,1610612737.0,Atlanta,Hawks,ATL,0,0,,,,,,0,0,,,,,
0021500101,379,4,0,4,9:50 PM,9:09,,,Bjelica REBOUND (Off:0 Def:4),,,5,202357,Nemanja Bjelica,1610612750.0,Minnesota,Timberwolves,MIN,0,0,,,,,,0,0,,,,,
0021500101,380,6,1,4,9:50 PM,9:09,Sefolosha P.FOUL (P1.T1) (M.Callahan),,,,,4,200757,Thabo Sefolosha,1610612737.0,Atlanta,Hawks,ATL,5,202357,Nemanja Bjelica,1610612750.0,Minnesota,Timberwolves,MIN,1,0,,,,,
0021500101,381,8,0,4,9:50 PM,9:09,SUB: Korver FOR Sefolosha,,,,,4,200757,Thabo Sefolosha,1610612737.0,Atlanta,Hawks,ATL,4,2594,Kyle Korver,1610612737.0,Atlanta,Hawks,ATL,0,0,,,,,
0021500101,384,5,1,4,9:50 PM,8:57,Bazemore STEAL (5 STL),,A. Miller Bad Pass Turnover (P1.T16),,,5,1889,Andre Miller,1610612750.0,Minnesota,Timberwolves,MIN,4,203145,Kent Bazemore,1610612737.0,Atlanta,Hawks,ATL,0,0,,,,,
0021500101,385,6,1,4,9:50 PM,8:57,,,Dieng P.FOUL (P2.T3) (L.Wood),,,5,203476,Gorgui Dieng,1610612750.0,Minnesota,Timberwolves,MIN,4,203145,Kent Bazemore,1610612737.0,Atlanta,Hawks,ATL,1,0,,,,,
0021500101,386,9,4,4,9:50 PM,8:57,,,,,,1,0,,,,,,0,0,,,,,,0,0,,,,,
0021500101,390,1,98,4,9:53 PM,8:38,Bazemore 2' Cutting Layup Shot (9 PTS) (Horford 3 AST),,,97 - 91,-6,4,203145,Kent Bazemore,1610612737.0,Atlanta,Hawks,ATL,4,201143,Al Horford,1610612737.0,Atlanta,Hawks,ATL,0,0,,,,,
0021500101,392,1,1,4,9:54 PM,8:11,,,Bjelica 25' 3PT Jump Shot (11 PTS) (Martin 1 AST),100 - 91,-9,5,202357,Nemanja Bjelica,1610612750.0,Minnesota,Timberwolves,MIN,5,2755,Kevin Martin,1610612750.0,Minnesota,Timberwolves,MIN,0,0,,,,,
0021500101,393,5,1,4,9:54 PM,7:51,Bazemore Bad Pass Turnover (P4.T15),,A. Miller STEAL (1 STL),,,4,203145,Kent Bazemore,1610612737.0,Atlanta,Hawks,ATL,5,1889,Andre Miller,1610612750.0,Minnesota,Timberwolves,MIN,0,0,,,,,
0021500101,394,2,74,4,9:54 PM,7:46,,,MISS A. Miller 1' Running Reverse Layup,,,5,1889,Andre Miller,1610612750.0,Minnesota,Timberwolves,MIN,0,0,,,,,,0,0,,,,,
0021500101,395,4,0,4,9:54 PM,7:44,Bazemore REBOUND (Off:0 Def:5),,,,,4,203145,Kent Bazemore,1610612737.0,Atlanta,Hawks,ATL,0,0,,,,,,0,0,,,,,
0021500101,396,1,108,4,9:54 PM,7:39,Horford  Cutting Dunk Shot (11 PTS) (Bazemore 3 AST),,,100 - 93,-7,4,201143,Al Horford,1610612737.0,Atlanta,Hawks,ATL,4,203145,Kent Bazemore,1610612737.0,Atlanta,Hawks,ATL,0,0,,,,,
0021500101,397,6,2,4,9:55 PM,7:18,Korver S.FOUL (P1.T2) (L.Wood),,,,,4,2594,Kyle Korver,1610612737.0,Atlanta,Hawks,ATL,5,2755,Kevin Martin,1610612750.0,Minnesota,Timberwolves,MIN,1,0,,,,,
0021500101,398,3,11,4,9:55 PM,7:18,,,Martin Free Throw 1 of 2 (13 PTS),101 - 93,-8,5,2755,Kevin Martin,1610612750.0,Minnesota,Timberwolves,MIN,0,0,,,,,,0,0,,,,,
0021500101,400,8,0,4,9:55 PM,7:18,SUB: Millsap FOR Bazemore,,,,,4,203145,Kent Bazemore,1610612737.0,Atlanta,Hawks,ATL,4,200794,Paul Millsap,1610612737.0,Atlanta,Hawks,ATL,0,0,,,,,
0021500101,401,8,0,4,9:55 PM,7:18,SUB: Teague FOR Splitter,,,,,4,201168,Tiago Splitter,1610612737.0,Atlanta,Hawks,ATL,4,201952,Jeff Teague,1610612737.0,Atlanta,Hawks,ATL,0,0,,,,,
0021500101,402,8,0,4,9:55 PM,7:18,,,SUB: Rubio FOR A. Miller,,,5,1889,Andre Miller,1610612750.0,Minnesota,Timberwolves,MIN,5,201937,Ricky Rubio,1610612750.0,Minnesota,Timberwolves,MIN,0,0,,,,,
0021500101,403,3,12,4,9:55 PM,7:18,,,MISS Martin Free Throw 2 of 2,,,5,2755,Kevin Martin,1610612750.0,Minnesota,Timberwolves,MIN,0,0,,,,,,0,0,,,,,
0021500101,405,4,0,4,9:55 PM,7:17,Horford REBOUND (Off:2 Def:2),,,,,4,201143,Al Horford,1610612737.0,Atlanta,Hawks,ATL,0,0,,,,,,0,0,,,,,
0021500101,407,1,1,4,9:56 PM,7:09,Horford 24' 3PT Jump Shot (14 PTS) (Schroder 4 AST),,,101 - 96,-5,4,201143,Al Horford,1610612737.0,Atlanta,Hawks,ATL,4,203471,Dennis Schroder,1610612737.0,Atlanta,Hawks,ATL,0,0,,,,,
0021500101,408,5,4,4,9:56 PM,6:54,,,Dieng Traveling Turnover (P2.T17),,,5,203476,Gorgui Dieng,1610612750.0,Minnesota,Timberwolves,MIN,0,0,,,,,,1,0,,,,,
0021500101,409,8,0,4,9:56 PM,6:54,,,SUB: Towns FOR Dieng,,,5,203476,Gorgui Dieng,1610612750.0,Minnesota,Timberwolves,MIN,5,1626157,Karl-Anthony Towns,1610612750.0,Minnesota,Timberwolves,MIN,0,0,,,,,
0021500101,410,1,101,4,9:56 PM,6:41,Teague 15' Driving Floating Jump Shot (22 PTS),,,101 - 98,-3,4,201952,Jeff Teague,1610612737.0,Atlanta,Hawks,ATL,0,0,,,,,,0,0,,,,,
0021500101,411,9,1,4,9:57 PM,6:35,,,Timberwolves Timeout: Regular (Reg.4 Short 1),,,3,1610612750,,,,,,0,0,,,,,,0,0,,,,,
0021500101,413,8,0,4,9:59 PM,6:35,SUB: Splitter FOR Horford,,,,,4,201143,Al Horford,1610612737.0,Atlanta,Hawks,ATL,4,201168,Tiago Splitter,1610612737.0,Atlanta,Hawks,ATL,0,0,,,,,
0021500101,415,5,1,4,9:59 PM,6:18,Millsap STEAL (1 STL),,Towns Bad Pass Turnover (P2.T18),,,5,1626157,Karl-Anthony Towns,1610612750.0,Minnesota,Timberwolves,MIN,4,200794,Paul Millsap,1610612737.0,Atlanta,Hawks,ATL,0,0,,,,,
0021500101,416,1,41,4,9:59 PM,6:13,Teague 1' Running Layup (24 PTS) (Millsap 5 AST),,,101 - 100,-1,4,201952,Jeff Teague,1610612737.0,Atlanta,Hawks,ATL,4,200794,Paul Millsap,1610612737.0,Atlanta,Hawks,ATL,0,0,,,,,
0021500101,417,6,2,4,10:00 PM,5:55,Korver S.FOUL (P2.T3) (M.Callahan),,,,,4,2594,Kyle Korver,1610612737.0,Atlanta,Hawks,ATL,5,1626157,Karl-Anthony Towns,1610612750.0,Minnesota,Timberwolves,MIN,1,0,,,,,
0021500101,418,3,11,4,10:00 PM,5:55,,,Towns Free Throw 1 of 2 (12 PTS),102 - 100,-2,5,1626157,Karl-Anthony Towns,1610612750.0,Minnesota,Timberwolves,MIN,0,0,,,,,,0,0,,,,,
0021500101,420,8,0,4,10:00 PM,5:55,,,SUB: Prince FOR Martin,,,5,2755,Kevin Martin,1610612750.0,Minnesota,Timberwolves,MIN,5,2419,Tayshaun Prince,1610612750.0,Minnesota,Timberwolves,MIN,0,0,,,,,
0021500101,421,3,12,4,10:00 PM,5:55,,,Towns Free Throw 2 of 2 (13 PTS),103 - 100,-3,5,1626157,Karl-Anthony Towns,1610612750.0,Minnesota,Timberwolves,MIN,0,0,,,,,,0,0,,,,,
0021500101,423,1,102,4,10:01 PM,5:35,Korver 11' Driving Floating Bank Jump Shot (5 PTS) (Millsap 6 AST),,,103 - 102,-1,4,2594,Kyle Korver,1610612737.0,Atlanta,Hawks,ATL,4,200794,Paul Millsap,1610612737.0,Atlanta,Hawks,ATL,0,0,,,,,
0021500101,424,2,1,4,10:01 PM,5:11,,,MISS Wiggins 11' Jump Shot,,,5,203952,Andrew Wiggins,1610612750.0,Minnesota,Timberwolves,MIN,0,0,,,,,,0,0,,,,,
0021500101,425,4,0,4,10:01 PM,5:10,,,Towns REBOUND (Off:3 Def:6),,,5,1626157,Karl-Anthony Towns,1610612750.0,Minnesota,Timberwolves,MIN,0,0,,,,,,0,0,,,,,
0021500101,426,1,72,4,10:01 PM,5:08,,,Towns 1' Putback Layup (15 PTS),105 - 102,-3,5,1626157,Karl-Anthony Towns,1610612750.0,Minnesota,Timberwolves,MIN,0,0,,,,,,0,0,,,,,
0021500101,427,2,1,4,10:01 PM,5:00,MISS Schroder 24' 3PT Jump Shot,,,,,4,203471,Dennis Schroder,1610612737.0,Atlanta,Hawks,ATL,0,0,,,,,,0,0,,,,,
0021500101,428,4,0,4,10:01 PM,4:59,,,Towns REBOUND (Off:3 Def:7),,,5,1626157,Karl-Anthony Towns,1610612750.0,Minnesota,Timberwolves,MIN,0,0,,,,,,0,0,,,,,
0021500101,429,5,1,4,10:02 PM,4:41,Millsap STEAL (2 STL),,Rubio Bad Pass Turnover (P2.T19),,,5,201937,Ricky Rubio,1610612750.0,Minnesota,Timberwolves,MIN,4,200794,Paul Millsap,1610612737.0,Atlanta,Hawks,ATL,0,0,,,,,
0021500101,430,1,42,4,10:02 PM,4:25,Millsap 1' Driving Layup (19 PTS) (Teague 9 AST),,,105 - 104,-1,4,200794,Paul Millsap,1610612737.0,Atlanta,Hawks,ATL,4,201952,Jeff Teague,1610612737.0,Atlanta,Hawks,ATL,0,0,,,,,
0021500101,431,6,2,4,10:02 PM,4:25,,,Towns S.FOUL (P3.T4) (R.Mott),,,5,1626157,Karl-Anthony Towns,1610612750.0,Minnesota,Timberwolves,MIN,4,200794,Paul Millsap,1610612737.0,Atlanta,Hawks,ATL,1,0,,,,,
0021500101,432,8,0,4,10:02 PM,4:25,SUB: Bazemore FOR Splitter,,,,,4,201168,Tiago Splitter,1610612737.0,Atlanta,Hawks,ATL,4,203145,Kent Bazemore,1610612737.0,Atlanta,Hawks,ATL,0,0,,,,,
0021500101,434,8,0,4,10:02 PM,4:25,SUB: Horford FOR Schroder,,,,,4,203471,Dennis Schroder,1610612737.0,Atlanta,Hawks,ATL,4,201143,Al Horford,1610612737.0,Atlanta,Hawks,ATL,0,0,,,,,
0021500101,436,3,10,4,10:02 PM,4:25,Millsap Free Throw 1 of 1 (20 PTS),,,105 - 105,TIE,4,200794,Paul Millsap,1610612737.0,Atlanta,Hawks,ATL,0,0,,,,,,0,0,,,,,
0021500101,439,2,1,4,10:03 PM,4:05,,,MISS Rubio 25' 3PT Jump Shot,,,5,201937,Ricky Rubio,1610612750.0,Minnesota,Timberwolves,MIN,0,0,,,,,,0,0,,,,,
0021500101,440,4,0,4,10:03 PM,4:03,Horford REBOUND (Off:2 Def:3),,,,,4,201143,Al Horford,1610612737.0,Atlanta,Hawks,ATL,0,0,,,,,,0,0,,,,,
0021500101,441,5,45,4,10:03 PM,3:58,Teague Out of Bounds - Bad Pass Turnover Turnover (P6.T16),,,,,4,201952,Jeff Teague,1610612737.0,Atlanta,Hawks,ATL,0,0,,,,,,0,0,,,,,
0021500101,443,6,2,4,10:04 PM,3:44,Bazemore S.FOUL (P4.T4) (M.Callahan),,,,,4,203145,Kent Bazemore,1610612737.0,Atlanta,Hawks,ATL,5,203952,Andrew Wiggins,1610612750.0,Minnesota,Timberwolves,MIN,1,0,,,,,
0021500101,444,3,11,4,10:04 PM,3:44,,,Wiggins Free Throw 1 of 2 (26 PTS),106 - 105,-1,5,203952,Andrew Wiggins,1610612750.0,Minnesota,Timberwolves,MIN,0,0,,,,,,0,0,,,,,
0021500101,446,3,12,4,10:04 PM,3:44,,,MISS Wiggins Free Throw 2 of 2,,,5,203952,Andrew Wiggins,1610612750.0,Minnesota,Timberwolves,MIN,0,0,,,,,,0,0,,,,,
0021500101,448,4,0,4,10:04 PM,3:41,HAWKS Rebound,,,,,2,1610612737,,,,,,0,0,,,,,,0,0,,,,,
0021500101,450,1,42,4,10:05 PM,3:25,Millsap 2' Driving Layup (22 PTS),,,106 - 107,1,4,200794,Paul Millsap,1610612737.0,Atlanta,Hawks,ATL,0,0,,,,,,0,0,,,,,
0021500101,451,1,42,4,10:05 PM,3:10,,,Wiggins 2' Driving Layup (28 PTS),108 - 107,-1,5,203952,Andrew Wiggins,1610612750.0,Minnesota,Timberwolves,MIN,0,0,,,,,,0,0,,,,,
0021500101,452,6,2,4,10:05 PM,3:10,Horford S.FOUL (P2.PN) (R.Mott),,,,,4,201143,Al Horford,1610612737.0,Atlanta,Hawks,ATL,5,203952,Andrew Wiggins,1610612750.0,Minnesota,Timberwolves,MIN,1,0,,,,,
0021500101,453,3,10,4,10:06 PM,3:10,,,Wiggins Free Throw 1 of 1 (29 PTS),109 - 107,-2,5,203952,Andrew Wiggins,1610612750.0,Minnesota,Timberwolves,MIN,0,0,,,,,,0,0,,,,,
0021500101,455,2,79,4,10:06 PM,2:53,MISS Bazemore 19' Pullup Jump Shot,,,,,4,203145,Kent Bazemore,1610612737.0,Atlanta,Hawks,ATL,0,0,,,,,,0,0,,,,,
0021500101,456,4,0,4,10:06 PM,2:51,,,Rubio REBOUND (Off:0 Def:1),,,5,201937,Ricky Rubio,1610612750.0,Minnesota,Timberwolves,MIN,0,0,,,,,,0,0,,,,,
0021500101,457,2,1,4,10:06 PM,2:37,,,MISS Prince 20' Jump Shot,,,5,2419,Tayshaun Prince,1610612750.0,Minnesota,Timberwolves,MIN,0,0,,,,,,0,0,,,,,
0021500101,458,4,0,4,10:06 PM,2:35,Millsap REBOUND (Off:1 Def:3),,,,,4,200794,Paul Millsap,1610612737.0,Atlanta,Hawks,ATL,0,0,,,,,,0,0,,,,,
0021500101,459,9,1,4,10:06 PM,2:28,HAWKS Timeout: Regular (Full 4 Short 0),,,,,2,1610612737,,,,,,0,0,,,,,,0,0,,,,,
0021500101,463,2,42,4,10:09 PM,2:21,MISS Millsap 2' Driving Layup,,,,,4,200794,Paul Millsap,1610612737.0,Atlanta,Hawks,ATL,0,0,,,,,,0,0,,,,,
0021500101,464,4,0,4,10:09 PM,2:18,,,Towns REBOUND (Off:3 Def:8),,,5,1626157,Karl-Anthony Towns,1610612750.0,Minnesota,Timberwolves,MIN,0,0,,,,,,0,0,,,,,
0021500101,465,1,79,4,10:10 PM,2:00,,,Wiggins 20' Pullup Jump Shot (31 PTS),111 - 107,-4,5,203952,Andrew Wiggins,1610612750.0,Minnesota,Timberwolves,MIN,0,0,,,,,,0,0,,,,,
0021500101,466,2,101,4,10:10 PM,1:54,MISS Teague 7' Driving Floating Jump Shot,,Towns BLOCK (1 BLK),,,4,201952,Jeff Teague,1610612737.0,Atlanta,Hawks,ATL,0,0,,,,,,5,1626157,Karl-Anthony Towns,1610612750.0,Minnesota,Timberwolves,MIN
0021500101,467,4,0,4,10:10 PM,1:51,,,Prince REBOUND (Off:1 Def:1),,,5,2419,Tayshaun Prince,1610612750.0,Minnesota,Timberwolves,MIN,0,0,,,,,,0,0,,,,,
0021500101,469,1,79,4,10:10 PM,1:30,,,Wiggins 16' Pullup Jump Shot (33 PTS) (Rubio 8 AST),113 - 107,-6,5,203952,Andrew Wiggins,1610612750.0,Minnesota,Timberwolves,MIN,5,201937,Ricky Rubio,1610612750.0,Minnesota,Timberwolves,MIN,0,0,,,,,
0021500101,470,6,2,4,10:10 PM,1:30,Bazemore S.FOUL (P5.PN) (M.Callahan),,,,,4,203145,Kent Bazemore,1610612737.0,Atlanta,Hawks,ATL,5,203952,Andrew Wiggins,1610612750.0,Minnesota,Timberwolves,MIN,1,0,,,,,
0021500101,471,3,10,4,10:11 PM,1:30,,,MISS Wiggins Free Throw 1 of 1,,,5,203952,Andrew Wiggins,1610612750.0,Minnesota,Timberwolves,MIN,0,0,,,,,,0,0,,,,,
0021500101,473,4,0,4,10:11 PM,1:29,Horford REBOUND (Off:2 Def:4),,,,,4,201143,Al Horford,1610612737.0,Atlanta,Hawks,ATL,0,0,,,,,,0,0,,,,,
0021500101,474,2,101,4,10:11 PM,1:22,MISS Teague 5' Driving Floating Jump Shot,,Towns BLOCK (2 BLK),,,4,201952,Jeff Teague,1610612737.0,Atlanta,Hawks,ATL,0,0,,,,,,5,1626157,Karl-Anthony Towns,1610612750.0,Minnesota,Timberwolves,MIN
0021500101,475,4,0,4,10:11 PM,1:22,HAWKS Rebound,,,,,2,1610612737,,,,,,0,0,,,,,,0,0,,,,,
0021500101,477,2,42,4,10:11 PM,1:17,MISS Teague 2' Driving Layup,,Towns BLOCK (3 BLK),,,4,201952,Jeff Teague,1610612737.0,Atlanta,Hawks,ATL,0,0,,,,,,5,1626157,Karl-Anthony Towns,1610612750.0,Minnesota,Timberwolves,MIN
0021500101,478,4,0,4,10:11 PM,1:15,,,Bjelica REBOUND (Off:0 Def:5),,,5,202357,Nemanja Bjelica,1610612750.0,Minnesota,Timberwolves,MIN,0,0,,,,,,0,0,,,,,
0021500101,479,2,79,4,10:12 PM,0:53,,,MISS Wiggins 21' Pullup Jump Shot,,,5,203952,Andrew Wiggins,1610612750.0,Minnesota,Timberwolves,MIN,0,0,,,,,,0,0,,,,,
0021500101,480,4,0,4,10:12 PM,0:51,Bazemore REBOUND (Off:0 Def:6),,,,,4,203145,Kent Bazemore,1610612737.0,Atlanta,Hawks,ATL,0,0,,,,,,0,0,,,,,
0021500101,481,6,26,4,10:12 PM,0:47,Bazemore Offensive Charge Foul (P6.PN) (M.Callahan),,,,,4,203145,Kent Bazemore,1610612737.0,Atlanta,Hawks,ATL,5,201937,Ricky Rubio,1610612750.0,Minnesota,Timberwolves,MIN,1,0,,,,,
0021500101,482,5,5,4,10:12 PM,0:47,Bazemore Foul Turnover (P5.T17),,,,,4,203145,Kent Bazemore,1610612737.0,Atlanta,Hawks,ATL,0,0,,,,,,1,0,,,,,
0021500101,483,9,2,4,10:12 PM,0:47,,,Timberwolves Timeout: Short (Reg.4 Short 2),,,3,1610612750,,,,,,0,0,,,,,,0,0,,,,,
0021500101,484,8,0,4,10:12 PM,0:47,SUB: Sefolosha FOR Bazemore,,,,,4,203145,Kent Bazemore,1610612737.0,Atlanta,Hawks,ATL,4,200757,Thabo Sefolosha,1610612737.0,Atlanta,Hawks,ATL,0,0,,,,,
0021500101,485,8,0,4,10:13 PM,0:47,SUB: Holiday FOR Korver,,,,,4,2594,Kyle Korver,1610612737.0,Atlanta,Hawks,ATL,4,203200,Justin Holiday,1610612737.0,Atlanta,Hawks,ATL,0,0,,,,,
0021500101,488,6,28,4,10:13 PM,0:42,Teague Personal Take Foul (P3.PN) (L.Wood),,,,,4,201952,Jeff Teague,1610612737.0,Atlanta,Hawks,ATL,5,201937,Ricky Rubio,1610612750.0,Minnesota,Timberwolves,MIN,1,0,,,,,
0021500101,489,3,11,4,10:14 PM,0:42,,,Rubio Free Throw 1 of 2 (9 PTS),114 - 107,-7,5,201937,Ricky Rubio,1610612750.0,Minnesota,Timberwolves,MIN,0,0,,,,,,0,0,,,,,
0021500101,491,3,12,4,10:14 PM,0:42,,,Rubio Free Throw 2 of 2 (10 PTS),115 - 107,-8,5,201937,Ricky Rubio,1610612750.0,Minnesota,Timberwolves,MIN,0,0,,,,,,0,0,,,,,
0021500101,493,9,1,4,10:14 PM,0:42,HAWKS Timeout: Regular (Full 5 Short 0),,,,,2,1610612737,,,,,,0,0,,,,,,0,0,,,,,
0021500101,494,8,0,4,10:15 PM,0:42,SUB: Korver FOR Sefolosha,,,,,4,200757,Thabo Sefolosha,1610612737.0,Atlanta,Hawks,ATL,4,2594,Kyle Korver,1610612737.0,Atlanta,Hawks,ATL,0,0,,,,,
0021500101,495,8,0,4,10:15 PM,0:42,SUB: Schroder FOR Holiday,,,,,4,203200,Justin Holiday,1610612737.0,Atlanta,Hawks,ATL,4,203471,Dennis Schroder,1610612737.0,Atlanta,Hawks,ATL,0,0,,,,,
0021500101,497,2,1,4,10:16 PM,0:36,MISS Horford 25' 3PT Jump Shot,,,,,4,201143,Al Horford,1610612737.0,Atlanta,Hawks,ATL,0,0,,,,,,0,0,,,,,
0021500101,498,4,0,4,10:16 PM,0:34,Millsap REBOUND (Off:2 Def:3),,,,,4,200794,Paul Millsap,1610612737.0,Atlanta,Hawks,ATL,0,0,,,,,,0,0,,,,,
0021500101,499,2,79,4,10:16 PM,0:29,MISS Schroder 25' 3PT Pullup Jump Shot,,,,,4,203471,Dennis Schroder,1610612737.0,Atlanta,Hawks,ATL,0,0,,,,,,0,0,,,,,
0021500101,500,4,0,4,10:16 PM,0:29,,,Towns REBOUND (Off:3 Def:9),,,5,1626157,Karl-Anthony Towns,1610612750.0,Minnesota,Timberwolves,MIN,0,0,,,,,,0,0,,,,,
0021500101,501,6,1,4,10:16 PM,0:29,Horford P.FOUL (P3.PN) (M.Callahan),,,,,4,201143,Al Horford,1610612737.0,Atlanta,Hawks,ATL,5,1626157,Karl-Anthony Towns,1610612750.0,Minnesota,Timberwolves,MIN,1,0,,,,,
0021500101,502,3,11,4,10:17 PM,0:29,,,Towns Free Throw 1 of 2 (16 PTS),116 - 107,-9,5,1626157,Karl-Anthony Towns,1610612750.0,Minnesota,Timberwolves,MIN,0,0,,,,,,0,0,,,,,
0021500101,504,3,12,4,10:17 PM,0:29,,,Towns Free Throw 2 of 2 (17 PTS),117 - 107,-10,5,1626157,Karl-Anthony Towns,1610612750.0,Minnesota,Timberwolves,MIN,0,0,,,,,,0,0,,,,,
0021500101,507,2,103,4,10:17 PM,0:21,MISS Millsap 25' 3PT Running Pull-Up Jump Shot,,,,,4,200794,Paul Millsap,1610612737.0,Atlanta,Hawks,ATL,0,0,,,,,,0,0,,,,,
0021500101,508,4,0,4,10:17 PM,0:19,,,Wiggins REBOUND (Off:2 Def:3),,,5,203952,Andrew Wiggins,1610612750.0,Minnesota,Timberwolves,MIN,0,0,,,,,,0,0,,,,,
0021500101,509,13,0,4,10:18 PM,0:00,,,,117 - 107,-10,0,0,,,,,,0,0,,,,,,0,0,,,,,
