GAME_ID,EVENTNUM,EVENTMSGTYPE,EVENTMSGACTIONTYPE,PERIOD,WCTIMESTRING,PCTIMESTRING,HOMEDESCRIPTION,NEUTRALDESCRIPTION,VISITORDESCRIPTION,SCORE,SCOREMARGIN,PERSON1TYPE,PLAYER1_ID,PLAYER1_NAME,PLAYER1_TEAM_ID,PLAYER1_TEAM_CITY,PLAYER1_TEAM_NICKNAME,PLAYER1_TEAM_ABBREVIATION,PERSON2TYPE,PLAYER2_ID,PLAYER2_NAME,PLAYER2_TEAM_ID,PLAYER2_TEAM_CITY,PLAYER2_TEAM_NICKNAME,PLAYER2_TEAM_ABBREVIATION,PERSON3TYPE,PLAYER3_ID,PLAYER3_NAME,PLAYER3_TEAM_ID,PLAYER3_TEAM_CITY,PLAYER3_TEAM_NICKNAME,PLAYER3_TEAM_ABBREVIATION
0021500149,0,12,0,1,7:11 PM,12:00,,,,,,0.0,0,,,,,,0,0,,,,,,0,0,,,,,
0021500149,1,10,0,1,7:11 PM,12:00,Jump Ball Adams vs. Johnson: Tip to Ibaka,,,,,4.0,203500,Steven Adams,1610612760.0,Oklahoma City,Thunder,OKC,5,101161,Amir Johnson,1610612738.0,Boston,Celtics,BOS,4,201586,Serge Ibaka,1610612760.0,Oklahoma City,Thunder,OKC
0021500149,2,2,5,1,7:11 PM,11:40,MISS Ibaka 2' Layup,,,,,4.0,201586,Serge Ibaka,1610612760.0,Oklahoma City,Thunder,OKC,0,0,,,,,,0,0,,,,,
0021500149,3,4,0,1,7:11 PM,11:39,,,Sullinger REBOUND (Off:0 Def:1),,,5.0,203096,Jared Sullinger,1610612738.0,Boston,Celtics,BOS,0,0,,,,,,0,0,,,,,
0021500149,4,2,78,1,7:11 PM,11:24,,,MISS Sullinger 10' Floating Jump Shot,,,5.0,203096,Jared Sullinger,1610612738.0,Boston,Celtics,BOS,0,0,,,,,,0,0,,,,,
0021500149,5,4,0,1,7:11 PM,11:24,Roberson REBOUND (Off:0 Def:1),,,,,4.0,203460,Andre Roberson,1610612760.0,Oklahoma City,Thunder,OKC,0,0,,,,,,0,0,,,,,
0021500149,6,1,82,1,7:12 PM,11:10,Roberson 6' Driving Bank Shot (2 PTS) (Adams 1 AST),,,0 - 2,2,4.0,203460,Andre Roberson,1610612760.0,Oklahoma City,Thunder,OKC,4,203500,Steven Adams,1610612760.0,Oklahoma City,Thunder,OKC,0,0,,,,,
0021500149,7,2,1,1,7:12 PM,10:48,,,MISS Sullinger 17' Jump Shot,,,5.0,203096,Jared Sullinger,1610612738.0,Boston,Celtics,BOS,0,0,,,,,,0,0,,,,,
0021500149,8,4,0,1,7:12 PM,10:47,Ibaka REBOUND (Off:0 Def:1),,,,,4.0,201586,Serge Ibaka,1610612760.0,Oklahoma City,Thunder,OKC,0,0,,,,,,0,0,,,,,
0021500149,9,6,2,1,7:12 PM,10:40,,,Smart S.FOUL (P1.T1) (Z.Zarba),,,5.0,203935,Marcus Smart,1610612738.0,Boston,Celtics,BOS,4,201566,Russell Westbrook,1610612760.0,Oklahoma City,Thunder,OKC,1,0,,,,,
0021500149,10,3,11,1,7:12 PM,10:40,Westbrook Free Throw 1 of 2 (1 PTS),,,0 - 3,3,4.0,201566,Russell Westbrook,1610612760.0,Oklahoma City,Thunder,OKC,0,0,,,,,,0,0,,,,,
0021500149,12,3,12,1,7:13 PM,10:40,Westbrook Free Throw 2 of 2 (2 PTS),,,0 - 4,4,4.0,201566,Russell Westbrook,1610612760.0,Oklahoma City,Thunder,OKC,0,0,,,,,,0,0,,,,,
0021500149,15,2,1,1,7:13 PM,10:18,,,MISS Crowder 4' Jump Shot,,,5.0,203109,Jae Crowder,1610612738.0,Boston,Celtics,BOS,0,0,,,,,,0,0,,,,,
0021500149,77,4,0,1,7:13 PM,10:17,,,Sullinger REBOUND (Off:1 Def:1),,,5.0,203096,Jared Sullinger,1610612738.0,Boston,Celtics,BOS,0,0,,,,,,0,0,,,,,
0021500149,78,2,97,1,7:13 PM,10:17,,,MISS Sullinger 1' Tip Layup Shot,,,5.0,203096,Jared Sullinger,1610612738.0,Boston,Celtics,BOS,0,0,,,,,,0,0,,,,,
0021500149,17,4,0,1,7:13 PM,10:15,,,Sullinger REBOUND (Off:2 Def:1),,,5.0,203096,Jared Sullinger,1610612738.0,Boston,Celtics,BOS,0,0,,,,,,0,0,,,,,
0021500149,16,2,97,1,7:13 PM,10:15,,,MISS Sullinger 2' Tip Layup Shot,,,5.0,203096,Jared Sullinger,1610612738.0,Boston,Celtics,BOS,0,0,,,,,,0,0,,,,,
0021500149,18,4,0,1,7:14 PM,10:15,,,Celtics Rebound,,,3.0,1610612738,,,,,,0,0,,,,,,0,0,,,,,
0021500149,21,6,4,1,7:14 PM,10:04,,,Johnson OFF.Foul (P1) (L.Holtkamp),,,5.0,101161,Amir Johnson,1610612738.0,Boston,Celtics,BOS,4,201566,Russell Westbrook,1610612760.0,Oklahoma City,Thunder,OKC,1,0,,,,,
0021500149,31,5,37,1,7:14 PM,10:04,,,Johnson Offensive Foul Turnover (P1.T1),,,5.0,101161,Amir Johnson,1610612738.0,Boston,Celtics,BOS,0,0,,,,,,1,0,,,,,
0021500149,55,2,45,1,7:14 PM,9:57,MISS Morrow 25' 3PT Jump Shot,,,,,4.0,201627,Anthony Morrow,1610612760.0,Oklahoma City,Thunder,OKC,0,0,,,,,,0,0,,,,,
0021500149,23,4,0,1,7:14 PM,9:56,Ibaka REBOUND (Off:1 Def:1),,,,,4.0,201586,Serge Ibaka,1610612760.0,Oklahoma City,Thunder,OKC,0,0,,,,,,0,0,,,,,
0021500149,25,2,5,1,7:14 PM,9:54,MISS Ibaka 3' Layup,,Johnson BLOCK (1 BLK),,,4.0,201586,Serge Ibaka,1610612760.0,Oklahoma City,Thunder,OKC,0,0,,,,,,5,101161,Amir Johnson,1610612738.0,Boston,Celtics,BOS
0021500149,27,4,0,1,7:14 PM,9:52,,,Johnson REBOUND (Off:0 Def:1),,,5.0,101161,Amir Johnson,1610612738.0,Boston,Celtics,BOS,0,0,,,,,,0,0,,,,,
0021500149,28,1,42,1,7:15 PM,9:44,,,Thomas 2' Driving Layup (2 PTS),2 - 4,2,5.0,202738,Isaiah Thomas,1610612738.0,Boston,Celtics,BOS,0,0,,,,,,0,0,,,,,
0021500149,29,2,5,1,7:15 PM,9:33,MISS Westbrook 2' Layup,,Sullinger BLOCK (1 BLK),,,4.0,201566,Russell Westbrook,1610612760.0,Oklahoma City,Thunder,OKC,0,0,,,,,,5,203096,Jared Sullinger,1610612738.0,Boston,Celtics,BOS
0021500149,30,4,0,1,7:15 PM,9:33,THUNDER Rebound,,,,,2.0,1610612760,,,,,,0,0,,,,,,0,0,,,,,
0021500149,32,1,1,1,7:15 PM,9:24,Westbrook 25' 3PT Jump Shot (5 PTS) (Adams 2 AST),,,2 - 7,5,4.0,201566,Russell Westbrook,1610612760.0,Oklahoma City,Thunder,OKC,4,203500,Steven Adams,1610612760.0,Oklahoma City,Thunder,OKC,0,0,,,,,
0021500149,33,6,2,1,7:15 PM,9:08,Adams S.FOUL (P1.T1) (Z.Zarba),,,,,4.0,203500,Steven Adams,1610612760.0,Oklahoma City,Thunder,OKC,5,203935,Marcus Smart,1610612738.0,Boston,Celtics,BOS,1,0,,,,,
0021500149,35,3,11,1,7:16 PM,9:08,,,MISS Smart Free Throw 1 of 2,,,5.0,203935,Marcus Smart,1610612738.0,Boston,Celtics,BOS,0,0,,,,,,0,0,,,,,
0021500149,37,4,1,1,7:16 PM,9:08,,,Celtics Rebound,,,3.0,1610612738,,,,,,0,0,,,,,,0,0,,,,,
0021500149,38,3,12,1,7:16 PM,9:08,,,Smart Free Throw 2 of 2 (1 PTS),3 - 7,4,5.0,203935,Marcus Smart,1610612738.0,Boston,Celtics,BOS,0,0,,,,,,0,0,,,,,
0021500149,40,1,1,1,7:16 PM,8:58,Ibaka 19' Jump Shot (2 PTS) (Westbrook 1 AST),,,3 - 9,6,4.0,201586,Serge Ibaka,1610612760.0,Oklahoma City,Thunder,OKC,4,201566,Russell Westbrook,1610612760.0,Oklahoma City,Thunder,OKC,0,0,,,,,
0021500149,41,1,80,1,7:17 PM,8:44,,,Smart 15' Step Back Jump Shot (3 PTS),5 - 9,4,5.0,203935,Marcus Smart,1610612738.0,Boston,Celtics,BOS,0,0,,,,,,0,0,,,,,
0021500149,42,2,78,1,7:17 PM,8:31,MISS Ibaka 4' Floating Jump Shot,,,,,4.0,201586,Serge Ibaka,1610612760.0,Oklahoma City,Thunder,OKC,0,0,,,,,,0,0,,,,,
0021500149,43,4,0,1,7:17 PM,8:29,,,Sullinger REBOUND (Off:2 Def:2),,,5.0,203096,Jared Sullinger,1610612738.0,Boston,Celtics,BOS,0,0,,,,,,0,0,,,,,
0021500149,44,2,58,1,7:17 PM,8:17,Ibaka BLOCK (1 BLK),,MISS Johnson 3' Turnaround Hook Shot,,,5.0,101161,Amir Johnson,1610612738.0,Boston,Celtics,BOS,0,0,,,,,,4,201586,Serge Ibaka,1610612760.0,Oklahoma City,Thunder,OKC
0021500149,45,4,0,1,7:17 PM,8:16,Ibaka REBOUND (Off:1 Def:2),,,,,4.0,201586,Serge Ibaka,1610612760.0,Oklahoma City,Thunder,OKC,0,0,,,,,,0,0,,,,,
0021500149,46,1,79,1,7:17 PM,8:09,Westbrook 25' 3PT Pullup Jump Shot (8 PTS),,,5 - 12,7,4.0,201566,Russell Westbrook,1610612760.0,Oklahoma City,Thunder,OKC,0,0,,,,,,0,0,,,,,
0021500149,48,6,1,1,7:18 PM,7:56,Morrow P.FOUL (P1.T2) (Z.Zarba),,,,,4.0,201627,Anthony Morrow,1610612760.0,Oklahoma City,Thunder,OKC,5,203096,Jared Sullinger,1610612738.0,Boston,Celtics,BOS,1,0,,,,,
0021500149,49,1,79,1,7:18 PM,7:48,,,Smart 18' Pullup Jump Shot (5 PTS),7 - 12,5,5.0,203935,Marcus Smart,1610612738.0,Boston,Celtics,BOS,0,0,,,,,,0,0,,,,,
0021500149,50,1,42,1,7:18 PM,7:29,Westbrook 2' Driving Layup (10 PTS),,,7 - 14,7,4.0,201566,Russell Westbrook,1610612760.0,Oklahoma City,Thunder,OKC,0,0,,,,,,0,0,,,,,
0021500149,51,1,1,1,7:19 PM,7:18,,,Thomas 24' 3PT Jump Shot (5 PTS) (Sullinger 1 AST),10 - 14,4,5.0,202738,Isaiah Thomas,1610612738.0,Boston,Celtics,BOS,5,203096,Jared Sullinger,1610612738.0,Boston,Celtics,BOS,0,0,,,,,
0021500149,52,2,79,1,7:19 PM,7:03,MISS Westbrook 24' 3PT Pullup Jump Shot,,,,,4.0,201566,Russell Westbrook,1610612760.0,Oklahoma City,Thunder,OKC,0,0,,,,,,0,0,,,,,
0021500149,53,4,0,1,7:19 PM,7:02,Ibaka REBOUND (Off:2 Def:2),,,,,4.0,201586,Serge Ibaka,1610612760.0,Oklahoma City,Thunder,OKC,0,0,,,,,,0,0,,,,,
0021500149,54,1,1,1,7:19 PM,7:00,Ibaka 17' Jump Shot (4 PTS),,,10 - 16,6,4.0,201586,Serge Ibaka,1610612760.0,Oklahoma City,Thunder,OKC,0,0,,,,,,0,0,,,,,
0021500149,56,6,4,1,7:19 PM,6:49,,,Sullinger OFF.Foul (P1) (Z.Zarba),,,5.0,203096,Jared Sullinger,1610612738.0,Boston,Celtics,BOS,4,201566,Russell Westbrook,1610612760.0,Oklahoma City,Thunder,OKC,1,0,,,,,
0021500149,58,5,5,1,7:19 PM,6:49,,,Sullinger Foul Turnover (P1.T2),,,5.0,203096,Jared Sullinger,1610612738.0,Boston,Celtics,BOS,0,0,,,,,,1,0,,,,,
0021500149,59,8,0,1,7:19 PM,6:49,,,SUB: Bradley FOR Crowder,,,5.0,203109,Jae Crowder,1610612738.0,Boston,Celtics,BOS,5,202340,Avery Bradley,1610612738.0,Boston,Celtics,BOS,0,0,,,,,
0021500149,61,5,1,1,7:20 PM,6:38,Adams Bad Pass Turnover (P1.T1),,Sullinger STEAL (1 STL),,,4.0,203500,Steven Adams,1610612760.0,Oklahoma City,Thunder,OKC,5,203096,Jared Sullinger,1610612738.0,Boston,Celtics,BOS,0,0,,,,,
0021500149,63,1,5,1,7:20 PM,6:33,,,Johnson 2' Layup (2 PTS) (Bradley 1 AST),12 - 16,4,5.0,101161,Amir Johnson,1610612738.0,Boston,Celtics,BOS,5,202340,Avery Bradley,1610612738.0,Boston,Celtics,BOS,0,0,,,,,
0021500149,65,8,0,1,7:20 PM,6:18,SUB: Waiters FOR Morrow,,,,,4.0,201627,Anthony Morrow,1610612760.0,Oklahoma City,Thunder,OKC,4,203079,Dion Waiters,1610612760.0,Oklahoma City,Thunder,OKC,0,0,,,,,
0021500149,67,2,1,1,7:21 PM,6:05,MISS Westbrook 25' 3PT Jump Shot,,,,,4.0,201566,Russell Westbrook,1610612760.0,Oklahoma City,Thunder,OKC,0,0,,,,,,0,0,,,,,
0021500149,68,4,0,1,7:21 PM,6:05,,,Smart REBOUND (Off:0 Def:1),,,5.0,203935,Marcus Smart,1610612738.0,Boston,Celtics,BOS,0,0,,,,,,0,0,,,,,
0021500149,70,1,78,1,7:21 PM,5:53,,,Smart 9' Floating Jump Shot (7 PTS),14 - 16,2,5.0,203935,Marcus Smart,1610612738.0,Boston,Celtics,BOS,0,0,,,,,,0,0,,,,,
0021500149,72,2,42,1,7:21 PM,5:35,MISS Waiters 2' Driving Layup,,,,,4.0,203079,Dion Waiters,1610612760.0,Oklahoma City,Thunder,OKC,0,0,,,,,,0,0,,,,,
0021500149,73,4,0,1,7:21 PM,5:34,,,Smart REBOUND (Off:0 Def:2),,,5.0,203935,Marcus Smart,1610612738.0,Boston,Celtics,BOS,0,0,,,,,,0,0,,,,,
0021500149,74,5,45,1,7:21 PM,5:32,,,Thomas Out of Bounds - Bad Pass Turnover Turnover (P1.T3),,,5.0,202738,Isaiah Thomas,1610612738.0,Boston,Celtics,BOS,0,0,,,,,,1,0,,,,,
0021500149,75,9,1,1,7:21 PM,5:32,THUNDER Timeout: Regular (Full 1 Short 0),,,,,2.0,1610612760,,,,,,0,0,,,,,,0,0,,,,,
0021500149,79,8,0,1,7:24 PM,5:32,,,SUB: Olynyk FOR Sullinger,,,5.0,203096,Jared Sullinger,1610612738.0,Boston,Celtics,BOS,5,203482,Kelly Olynyk,1610612738.0,Boston,Celtics,BOS,0,0,,,,,
0021500149,81,1,49,1,7:24 PM,5:21,Westbrook  Driving Dunk (12 PTS),,,14 - 18,4,4.0,201566,Russell Westbrook,1610612760.0,Oklahoma City,Thunder,OKC,0,0,,,,,,0,0,,,,,
0021500149,82,6,1,1,7:24 PM,5:05,Westbrook P.FOUL (P1.T3) (Z.Zarba),,,,,4.0,201566,Russell Westbrook,1610612760.0,Oklahoma City,Thunder,OKC,5,202738,Isaiah Thomas,1610612738.0,Boston,Celtics,BOS,1,0,,,,,
0021500149,83,1,5,1,7:25 PM,4:57,,,Johnson 2' Layup (4 PTS) (Thomas 1 AST),16 - 18,2,5.0,101161,Amir Johnson,1610612738.0,Boston,Celtics,BOS,5,202738,Isaiah Thomas,1610612738.0,Boston,Celtics,BOS,0,0,,,,,
0021500149,84,2,1,1,7:25 PM,4:40,MISS Waiters 19' Jump Shot,,,,,4.0,203079,Dion Waiters,1610612760.0,Oklahoma City,Thunder,OKC,0,0,,,,,,0,0,,,,,
0021500149,85,4,0,1,7:25 PM,4:40,,,Bradley REBOUND (Off:0 Def:1),,,5.0,202340,Avery Bradley,1610612738.0,Boston,Celtics,BOS,0,0,,,,,,0,0,,,,,
0021500149,86,2,1,1,7:25 PM,4:31,,,MISS Bradley 18' Jump Shot,,,5.0,202340,Avery Bradley,1610612738.0,Boston,Celtics,BOS,0,0,,,,,,0,0,,,,,
0021500149,87,4,0,1,7:25 PM,4:31,Ibaka REBOUND (Off:2 Def:3),,,,,4.0,201586,Serge Ibaka,1610612760.0,Oklahoma City,Thunder,OKC,0,0,,,,,,0,0,,,,,
0021500149,88,2,79,1,7:25 PM,4:24,MISS Westbrook 25' 3PT Pullup Jump Shot,,,,,4.0,201566,Russell Westbrook,1610612760.0,Oklahoma City,Thunder,OKC,0,0,,,,,,0,0,,,,,
0021500149,89,4,0,1,7:25 PM,4:23,,,Olynyk REBOUND (Off:0 Def:1),,,5.0,203482,Kelly Olynyk,1610612738.0,Boston,Celtics,BOS,0,0,,,,,,0,0,,,,,
0021500149,90,1,57,1,7:26 PM,4:07,,,Thomas 4' Driving Hook Shot (7 PTS),18 - 18,TIE,5.0,202738,Isaiah Thomas,1610612738.0,Boston,Celtics,BOS,0,0,,,,,,0,0,,,,,
0021500149,91,6,26,1,7:26 PM,3:49,Westbrook Offensive Charge Foul (P2.T4) (D.Jones),,,,,4.0,201566,Russell Westbrook,1610612760.0,Oklahoma City,Thunder,OKC,5,101161,Amir Johnson,1610612738.0,Boston,Celtics,BOS,1,0,,,,,
0021500149,92,5,5,1,7:26 PM,3:49,Westbrook Foul Turnover (P1.T2),,,,,4.0,201566,Russell Westbrook,1610612760.0,Oklahoma City,Thunder,OKC,0,0,,,,,,1,0,,,,,
0021500149,93,8,0,1,7:26 PM,3:49,,,SUB: Turner FOR Thomas,,,5.0,202738,Isaiah Thomas,1610612738.0,Boston,Celtics,BOS,5,202323,Evan Turner,1610612738.0,Boston,Celtics,BOS,0,0,,,,,
0021500149,94,8,0,1,7:26 PM,3:49,SUB: Augustin FOR Westbrook,,,,,4.0,201566,Russell Westbrook,1610612760.0,Oklahoma City,Thunder,OKC,4,201571,D.J. Augustin,1610612760.0,Oklahoma City,Thunder,OKC,0,0,,,,,
0021500149,95,2,63,1,7:26 PM,3:36,,,MISS Olynyk 9' Fadeaway Jumper,,,5.0,203482,Kelly Olynyk,1610612738.0,Boston,Celtics,BOS,0,0,,,,,,0,0,,,,,
0021500149,96,4,0,1,7:26 PM,3:35,Adams REBOUND (Off:0 Def:1),,,,,4.0,203500,Steven Adams,1610612760.0,Oklahoma City,Thunder,OKC,0,0,,,,,,0,0,,,,,
0021500149,97,1,78,1,7:27 PM,3:24,Ibaka 6' Floating Jump Shot (6 PTS) (Roberson 1 AST),,,18 - 20,2,4.0,201586,Serge Ibaka,1610612760.0,Oklahoma City,Thunder,OKC,4,203460,Andre Roberson,1610612760.0,Oklahoma City,Thunder,OKC,0,0,,,,,
0021500149,98,2,1,1,7:27 PM,3:09,,,MISS Smart 25' 3PT Jump Shot,,,5.0,203935,Marcus Smart,1610612738.0,Boston,Celtics,BOS,0,0,,,,,,0,0,,,,,
0021500149,99,4,0,1,7:27 PM,3:09,,,Olynyk REBOUND (Off:1 Def:1),,,5.0,203482,Kelly Olynyk,1610612738.0,Boston,Celtics,BOS,0,0,,,,,,0,0,,,,,
0021500149,100,2,42,1,7:27 PM,2:58,Ibaka BLOCK (2 BLK),,MISS Bradley 2' Driving Layup,,,5.0,202340,Avery Bradley,1610612738.0,Boston,Celtics,BOS,0,0,,,,,,4,201586,Serge Ibaka,1610612760.0,Oklahoma City,Thunder,OKC
0021500149,101,4,0,1,7:27 PM,2:56,Roberson REBOUND (Off:0 Def:2),,,,,4.0,203460,Andre Roberson,1610612760.0,Oklahoma City,Thunder,OKC,0,0,,,,,,0,0,,,,,
0021500149,102,6,1,1,7:27 PM,2:52,,,Johnson P.FOUL (P2.T2) (Z.Zarba),,,5.0,101161,Amir Johnson,1610612738.0,Boston,Celtics,BOS,4,203500,Steven Adams,1610612760.0,Oklahoma City,Thunder,OKC,1,0,,,,,
0021500149,103,9,1,1,7:27 PM,2:52,,,Celtics Timeout: Regular (Reg.1 Short 0),,,3.0,1610612738,,,,,,0,0,,,,,,0,0,,,,,
0021500149,105,8,0,1,7:29 PM,2:52,SUB: Singler FOR Roberson,,,,,4.0,203460,Andre Roberson,1610612760.0,Oklahoma City,Thunder,OKC,4,202713,Kyle Singler,1610612760.0,Oklahoma City,Thunder,OKC,0,0,,,,,
0021500149,106,8,0,1,7:29 PM,2:52,SUB: Collison FOR Ibaka,,,,,4.0,201586,Serge Ibaka,1610612760.0,Oklahoma City,Thunder,OKC,4,2555,Nick Collison,1610612760.0,Oklahoma City,Thunder,OKC,0,0,,,,,
0021500149,107,8,0,1,7:29 PM,2:52,SUB: Kanter FOR Adams,,,,,4.0,203500,Steven Adams,1610612760.0,Oklahoma City,Thunder,OKC,4,202683,Enes Kanter,1610612760.0,Oklahoma City,Thunder,OKC,0,0,,,,,
0021500149,108,8,0,1,7:29 PM,2:52,,,SUB: Jerebko FOR Johnson,,,5.0,101161,Amir Johnson,1610612738.0,Boston,Celtics,BOS,5,201973,Jonas Jerebko,1610612738.0,Boston,Celtics,BOS,0,0,,,,,
0021500149,110,1,79,1,7:30 PM,2:37,Augustin 18' Pullup Jump Shot (2 PTS),,,18 - 22,4,4.0,201571,D.J. Augustin,1610612760.0,Oklahoma City,Thunder,OKC,0,0,,,,,,0,0,,,,,
0021500149,111,6,1,1,7:31 PM,2:24,Waiters P.FOUL (P1.PN) (Z.Zarba),,,,,4.0,203079,Dion Waiters,1610612760.0,Oklahoma City,Thunder,OKC,5,203935,Marcus Smart,1610612738.0,Boston,Celtics,BOS,1,0,,,,,
0021500149,112,2,85,1,7:31 PM,2:11,,,MISS Smart 4' Turnaround Bank Shot,,,5.0,203935,Marcus Smart,1610612738.0,Boston,Celtics,BOS,0,0,,,,,,0,0,,,,,
0021500149,114,4,0,1,7:31 PM,2:09,,,Olynyk REBOUND (Off:2 Def:1),,,5.0,203482,Kelly Olynyk,1610612738.0,Boston,Celtics,BOS,0,0,,,,,,0,0,,,,,
0021500149,113,1,72,1,7:31 PM,2:09,,,Olynyk 3' Putback Layup (2 PTS),20 - 22,2,5.0,203482,Kelly Olynyk,1610612738.0,Boston,Celtics,BOS,0,0,,,,,,0,0,,,,,
0021500149,115,1,44,1,7:31 PM,1:48,Kanter 2' Reverse Layup (2 PTS),,,20 - 24,4,4.0,202683,Enes Kanter,1610612760.0,Oklahoma City,Thunder,OKC,0,0,,,,,,0,0,,,,,
0021500149,116,1,79,1,7:32 PM,1:29,,,Smart 18' Pullup Jump Shot (9 PTS) (Jerebko 1 AST),22 - 24,2,5.0,203935,Marcus Smart,1610612738.0,Boston,Celtics,BOS,5,201973,Jonas Jerebko,1610612738.0,Boston,Celtics,BOS,0,0,,,,,
0021500149,118,2,79,1,7:32 PM,0:54,MISS Augustin 23' Pullup Jump Shot,,,,,4.0,201571,D.J. Augustin,1610612760.0,Oklahoma City,Thunder,OKC,0,0,,,,,,0,0,,,,,
0021500149,119,4,0,1,7:32 PM,0:54,,,Celtics Rebound,,,3.0,1610612738,,,,,,0,0,,,,,,0,0,,,,,
0021500149,120,6,1,1,7:33 PM,0:46,Waiters P.FOUL (P2.PN) (L.Holtkamp),,,,,4.0,203079,Dion Waiters,1610612760.0,Oklahoma City,Thunder,OKC,5,203935,Marcus Smart,1610612738.0,Boston,Celtics,BOS,1,0,,,,,
0021500149,121,3,11,1,7:33 PM,0:46,,,MISS Smart Free Throw 1 of 2,,,5.0,203935,Marcus Smart,1610612738.0,Boston,Celtics,BOS,0,0,,,,,,0,0,,,,,
0021500149,122,4,1,1,7:33 PM,0:46,,,Celtics Rebound,,,3.0,1610612738,,,,,,0,0,,,,,,0,0,,,,,
0021500149,123,3,12,1,7:33 PM,0:46,,,MISS Smart Free Throw 2 of 2,,,5.0,203935,Marcus Smart,1610612738.0,Boston,Celtics,BOS,0,0,,,,,,0,0,,,,,
0021500149,125,4,0,1,7:33 PM,0:45,Collison REBOUND (Off:0 Def:1),,,,,4.0,2555,Nick Collison,1610612760.0,Oklahoma City,Thunder,OKC,0,0,,,,,,0,0,,,,,
0021500149,126,2,80,1,7:34 PM,0:30,MISS Waiters 21' Step Back Jump Shot,,,,,4.0,203079,Dion Waiters,1610612760.0,Oklahoma City,Thunder,OKC,0,0,,,,,,0,0,,,,,
0021500149,127,4,0,1,7:34 PM,0:29,,,Olynyk REBOUND (Off:2 Def:2),,,5.0,203482,Kelly Olynyk,1610612738.0,Boston,Celtics,BOS,0,0,,,,,,0,0,,,,,
0021500149,128,1,5,1,7:34 PM,0:16,,,Jerebko 1' Layup (2 PTS) (Bradley 2 AST),24 - 24,TIE,5.0,201973,Jonas Jerebko,1610612738.0,Boston,Celtics,BOS,5,202340,Avery Bradley,1610612738.0,Boston,Celtics,BOS,0,0,,,,,
0021500149,131,18,0,1,7:35 PM,0:00,,,,,,,132,Dwayne Morton,,,,,0,0,,,,,,1,0,,,,,
0021500149,132,13,0,1,7:35 PM,0:00,,,,24 - 24,TIE,0.0,0,,,,,,0,0,,,,,,0,0,,,,,
0021500149,134,12,0,2,7:37 PM,12:00,,,,24 - 24,TIE,0.0,0,,,,,,0,0,,,,,,0,0,,,,,
0021500149,135,5,1,2,7:37 PM,11:50,Kanter STEAL (1 STL),,Jerebko Bad Pass Turnover (P1.T4),,,5.0,201973,Jonas Jerebko,1610612738.0,Boston,Celtics,BOS,4,202683,Enes Kanter,1610612760.0,Oklahoma City,Thunder,OKC,0,0,,,,,
0021500149,136,1,5,2,7:37 PM,11:35,Collison 2' Layup (2 PTS) (Augustin 1 AST),,,24 - 26,2,4.0,2555,Nick Collison,1610612760.0,Oklahoma City,Thunder,OKC,4,201571,D.J. Augustin,1610612760.0,Oklahoma City,Thunder,OKC,0,0,,,,,
0021500149,137,2,5,2,7:37 PM,11:20,,,MISS Lee 2' Layup,,,5.0,101135,David Lee,1610612738.0,Boston,Celtics,BOS,0,0,,,,,,0,0,,,,,
0021500149,138,4,0,2,7:38 PM,11:20,Singler REBOUND (Off:0 Def:1),,,,,4.0,202713,Kyle Singler,1610612760.0,Oklahoma City,Thunder,OKC,0,0,,,,,,0,0,,,,,
0021500149,139,2,1,2,7:38 PM,11:06,MISS Singler 25' 3PT Jump Shot,,,,,4.0,202713,Kyle Singler,1610612760.0,Oklahoma City,Thunder,OKC,0,0,,,,,,0,0,,,,,
0021500149,140,4,0,2,7:38 PM,11:06,,,Olynyk REBOUND (Off:2 Def:3),,,5.0,203482,Kelly Olynyk,1610612738.0,Boston,Celtics,BOS,0,0,,,,,,0,0,,,,,
0021500149,141,5,7,2,7:38 PM,10:59,,,Olynyk Discontinue Dribble Turnover (P1.T5),,,5.0,203482,Kelly Olynyk,1610612738.0,Boston,Celtics,BOS,0,0,,,,,,1,0,,,,,
0021500149,142,2,42,2,7:38 PM,10:48,MISS Waiters 3' Driving Layup,,,,,4.0,203079,Dion Waiters,1610612760.0,Oklahoma City,Thunder,OKC,0,0,,,,,,0,0,,,,,
0021500149,143,4,0,2,7:38 PM,10:47,,,Lee REBOUND (Off:0 Def:1),,,5.0,101135,David Lee,1610612738.0,Boston,Celtics,BOS,0,0,,,,,,0,0,,,,,
0021500149,144,1,1,2,7:38 PM,10:41,,,Bradley 21' Jump Shot (2 PTS) (Lee 1 AST),26 - 26,TIE,5.0,202340,Avery Bradley,1610612738.0,Boston,Celtics,BOS,5,101135,David Lee,1610612738.0,Boston,Celtics,BOS,0,0,,,,,
0021500149,145,5,1,2,7:39 PM,10:21,Augustin Bad Pass Turnover (P1.T3),,Olynyk STEAL (1 STL),,,4.0,201571,D.J. Augustin,1610612760.0,Oklahoma City,Thunder,OKC,5,203482,Kelly Olynyk,1610612738.0,Boston,Celtics,BOS,0,0,,,,,
0021500149,146,1,5,2,7:39 PM,10:13,,,Lee  Layup (2 PTS) (Olynyk 1 AST),28 - 26,-2,5.0,101135,David Lee,1610612738.0,Boston,Celtics,BOS,5,203482,Kelly Olynyk,1610612738.0,Boston,Celtics,BOS,0,0,,,,,
0021500149,147,9,1,2,7:39 PM,10:12,THUNDER Timeout: Regular (Full 2 Short 0),,,,,2.0,1610612760,,,,,,0,0,,,,,,0,0,,,,,
0021500149,149,8,0,2,7:41 PM,10:12,,,SUB: Thomas FOR Bradley,,,5.0,202340,Avery Bradley,1610612738.0,Boston,Celtics,BOS,5,202738,Isaiah Thomas,1610612738.0,Boston,Celtics,BOS,0,0,,,,,
0021500149,150,1,83,2,7:42 PM,9:52,Waiters 6' Fadeaway Bank Shot (2 PTS) (Collison 1 AST),,,28 - 28,TIE,4.0,203079,Dion Waiters,1610612760.0,Oklahoma City,Thunder,OKC,4,2555,Nick Collison,1610612760.0,Oklahoma City,Thunder,OKC,0,0,,,,,
0021500149,151,1,1,2,7:42 PM,9:37,,,Olynyk 25' 3PT Jump Shot (5 PTS) (Thomas 2 AST),31 - 28,-3,5.0,203482,Kelly Olynyk,1610612738.0,Boston,Celtics,BOS,5,202738,Isaiah Thomas,1610612738.0,Boston,Celtics,BOS,0,0,,,,,
0021500149,152,2,1,2,7:42 PM,9:21,MISS Augustin 25' 3PT Jump Shot,,,,,4.0,201571,D.J. Augustin,1610612760.0,Oklahoma City,Thunder,OKC,0,0,,,,,,0,0,,,,,
0021500149,153,4,0,2,7:42 PM,9:20,Kanter REBOUND (Off:1 Def:0),,,,,4.0,202683,Enes Kanter,1610612760.0,Oklahoma City,Thunder,OKC,0,0,,,,,,0,0,,,,,
0021500149,154,1,5,2,7:42 PM,9:18,Kanter 1' Layup (4 PTS),,,31 - 30,-1,4.0,202683,Enes Kanter,1610612760.0,Oklahoma City,Thunder,OKC,0,0,,,,,,0,0,,,,,
0021500149,155,2,1,2,7:42 PM,9:04,,,MISS Thomas 25' 3PT Jump Shot,,,5.0,202738,Isaiah Thomas,1610612738.0,Boston,Celtics,BOS,0,0,,,,,,0,0,,,,,
0021500149,156,4,0,2,7:42 PM,9:04,Collison REBOUND (Off:0 Def:2),,,,,4.0,2555,Nick Collison,1610612760.0,Oklahoma City,Thunder,OKC,0,0,,,,,,0,0,,,,,
0021500149,157,6,2,2,7:43 PM,8:50,,,Olynyk S.FOUL (P1.T1) (D.Jones),,,5.0,203482,Kelly Olynyk,1610612738.0,Boston,Celtics,BOS,4,2555,Nick Collison,1610612760.0,Oklahoma City,Thunder,OKC,1,0,,,,,
0021500149,158,3,11,2,7:43 PM,8:50,Collison Free Throw 1 of 2 (3 PTS),,,31 - 31,TIE,4.0,2555,Nick Collison,1610612760.0,Oklahoma City,Thunder,OKC,0,0,,,,,,0,0,,,,,
0021500149,160,8,0,2,7:43 PM,8:50,,,SUB: Crowder FOR Jerebko,,,5.0,201973,Jonas Jerebko,1610612738.0,Boston,Celtics,BOS,5,203109,Jae Crowder,1610612738.0,Boston,Celtics,BOS,0,0,,,,,
0021500149,162,8,0,2,7:43 PM,8:50,SUB: Ibaka FOR Kanter,,,,,4.0,202683,Enes Kanter,1610612760.0,Oklahoma City,Thunder,OKC,4,201586,Serge Ibaka,1610612760.0,Oklahoma City,Thunder,OKC,0,0,,,,,
0021500149,163,3,12,2,7:43 PM,8:50,Collison Free Throw 2 of 2 (4 PTS),,,31 - 32,1,4.0,2555,Nick Collison,1610612760.0,Oklahoma City,Thunder,OKC,0,0,,,,,,0,0,,,,,
0021500149,165,6,4,2,7:44 PM,8:42,,,Olynyk OFF.Foul (P2) (Z.Zarba),,,5.0,203482,Kelly Olynyk,1610612738.0,Boston,Celtics,BOS,4,201571,D.J. Augustin,1610612760.0,Oklahoma City,Thunder,OKC,1,0,,,,,
0021500149,166,5,5,2,7:44 PM,8:42,,,Olynyk Foul Turnover (P2.T6),,,5.0,203482,Kelly Olynyk,1610612738.0,Boston,Celtics,BOS,0,0,,,,,,1,0,,,,,
0021500149,167,8,0,2,7:44 PM,8:42,,,SUB: Sullinger FOR Olynyk,,,5.0,203482,Kelly Olynyk,1610612738.0,Boston,Celtics,BOS,5,203096,Jared Sullinger,1610612738.0,Boston,Celtics,BOS,0,0,,,,,
0021500149,168,1,1,2,7:44 PM,8:31,Singler  3PT Jump Shot (3 PTS) (Augustin 2 AST),,,31 - 35,4,4.0,202713,Kyle Singler,1610612760.0,Oklahoma City,Thunder,OKC,4,201571,D.J. Augustin,1610612760.0,Oklahoma City,Thunder,OKC,0,0,,,,,
0021500149,169,2,78,2,7:45 PM,8:12,,,MISS Sullinger 5' Floating Jump Shot,,,5.0,203096,Jared Sullinger,1610612738.0,Boston,Celtics,BOS,0,0,,,,,,0,0,,,,,
0021500149,170,4,0,2,7:45 PM,8:11,Singler REBOUND (Off:0 Def:2),,,,,4.0,202713,Kyle Singler,1610612760.0,Oklahoma City,Thunder,OKC,0,0,,,,,,0,0,,,,,
0021500149,171,5,1,2,7:45 PM,8:04,Augustin Bad Pass Turnover (P2.T4),,Sullinger STEAL (2 STL),,,4.0,201571,D.J. Augustin,1610612760.0,Oklahoma City,Thunder,OKC,5,203096,Jared Sullinger,1610612738.0,Boston,Celtics,BOS,0,0,,,,,
0021500149,172,2,1,2,7:45 PM,7:56,,,MISS Thomas 25' 3PT Jump Shot,,,5.0,202738,Isaiah Thomas,1610612738.0,Boston,Celtics,BOS,0,0,,,,,,0,0,,,,,
0021500149,173,4,0,2,7:45 PM,7:55,Ibaka REBOUND (Off:2 Def:4),,,,,4.0,201586,Serge Ibaka,1610612760.0,Oklahoma City,Thunder,OKC,0,0,,,,,,0,0,,,,,
0021500149,174,6,1,2,7:45 PM,7:54,,,Thomas P.FOUL (P1.T2) (D.Jones),,,5.0,202738,Isaiah Thomas,1610612738.0,Boston,Celtics,BOS,4,201571,D.J. Augustin,1610612760.0,Oklahoma City,Thunder,OKC,1,0,,,,,
0021500149,175,5,2,2,7:46 PM,7:37,Augustin Lost Ball Turnover (P3.T5),,Lee STEAL (1 STL),,,4.0,201571,D.J. Augustin,1610612760.0,Oklahoma City,Thunder,OKC,5,101135,David Lee,1610612738.0,Boston,Celtics,BOS,0,0,,,,,
0021500149,176,2,1,2,7:46 PM,7:30,,,MISS Thomas 24' 3PT Jump Shot,,,5.0,202738,Isaiah Thomas,1610612738.0,Boston,Celtics,BOS,0,0,,,,,,0,0,,,,,
0021500149,179,4,0,2,7:46 PM,7:29,,,Celtics Rebound,,,3.0,1610612738,,,,,,0,0,,,,,,0,0,,,,,
0021500149,180,6,3,2,7:46 PM,7:29,Singler L.B.FOUL (P1.T1) (Z.Zarba),,,,,4.0,202713,Kyle Singler,1610612760.0,Oklahoma City,Thunder,OKC,5,203096,Jared Sullinger,1610612738.0,Boston,Celtics,BOS,1,0,,,,,
0021500149,181,6,26,2,7:46 PM,7:21,,,Lee Offensive Charge Foul (P1.T3) (D.Jones),,,5.0,101135,David Lee,1610612738.0,Boston,Celtics,BOS,4,2555,Nick Collison,1610612760.0,Oklahoma City,Thunder,OKC,1,0,,,,,
0021500149,182,5,5,2,7:46 PM,7:21,,,Lee Foul Turnover (P1.T7),,,5.0,101135,David Lee,1610612738.0,Boston,Celtics,BOS,0,0,,,,,,1,0,,,,,
0021500149,183,1,1,2,7:47 PM,7:05,Ibaka 19' Jump Shot (8 PTS) (Augustin 3 AST),,,31 - 37,6,4.0,201586,Serge Ibaka,1610612760.0,Oklahoma City,Thunder,OKC,4,201571,D.J. Augustin,1610612760.0,Oklahoma City,Thunder,OKC,0,0,,,,,
0021500149,184,9,1,2,7:47 PM,7:03,,,Celtics Timeout: Regular (Reg.2 Short 0),,,3.0,1610612738,,,,,,0,0,,,,,,0,0,,,,,
0021500149,188,2,1,2,7:50 PM,6:39,,,MISS Turner 15' Jump Shot,,,5.0,202323,Evan Turner,1610612738.0,Boston,Celtics,BOS,0,0,,,,,,0,0,,,,,
0021500149,189,4,0,2,7:50 PM,6:39,,,Sullinger REBOUND (Off:3 Def:2),,,5.0,203096,Jared Sullinger,1610612738.0,Boston,Celtics,BOS,0,0,,,,,,0,0,,,,,
0021500149,190,6,2,2,7:50 PM,6:37,Collison S.FOUL (P1.T2) (Z.Zarba),,,,,4.0,2555,Nick Collison,1610612760.0,Oklahoma City,Thunder,OKC,5,203096,Jared Sullinger,1610612738.0,Boston,Celtics,BOS,1,0,,,,,
0021500149,191,3,11,2,7:50 PM,6:37,,,MISS Sullinger Free Throw 1 of 2,,,5.0,203096,Jared Sullinger,1610612738.0,Boston,Celtics,BOS,0,0,,,,,,0,0,,,,,
0021500149,192,4,1,2,7:50 PM,6:37,,,Celtics Rebound,,,3.0,1610612738,,,,,,0,0,,,,,,0,0,,,,,
0021500149,193,8,0,2,7:50 PM,6:37,SUB: Adams FOR Collison,,,,,4.0,2555,Nick Collison,1610612760.0,Oklahoma City,Thunder,OKC,4,203500,Steven Adams,1610612760.0,Oklahoma City,Thunder,OKC,0,0,,,,,
0021500149,194,8,0,2,7:50 PM,6:37,SUB: Westbrook FOR Waiters,,,,,4.0,203079,Dion Waiters,1610612760.0,Oklahoma City,Thunder,OKC,4,201566,Russell Westbrook,1610612760.0,Oklahoma City,Thunder,OKC,0,0,,,,,
0021500149,195,8,0,2,7:50 PM,6:37,,,SUB: Bradley FOR Turner,,,5.0,202323,Evan Turner,1610612738.0,Boston,Celtics,BOS,5,202340,Avery Bradley,1610612738.0,Boston,Celtics,BOS,0,0,,,,,
0021500149,196,3,12,2,7:51 PM,6:37,,,Sullinger Free Throw 2 of 2 (1 PTS),32 - 37,5,5.0,203096,Jared Sullinger,1610612738.0,Boston,Celtics,BOS,0,0,,,,,,0,0,,,,,
0021500149,198,1,1,2,7:51 PM,6:23,Singler  3PT Jump Shot (6 PTS) (Adams 3 AST),,,32 - 40,8,4.0,202713,Kyle Singler,1610612760.0,Oklahoma City,Thunder,OKC,4,203500,Steven Adams,1610612760.0,Oklahoma City,Thunder,OKC,0,0,,,,,
0021500149,200,2,1,2,7:52 PM,6:00,,,MISS Bradley 24' 3PT Jump Shot,,,5.0,202340,Avery Bradley,1610612738.0,Boston,Celtics,BOS,0,0,,,,,,0,0,,,,,
0021500149,201,4,0,2,7:52 PM,6:00,,,Sullinger REBOUND (Off:4 Def:2),,,5.0,203096,Jared Sullinger,1610612738.0,Boston,Celtics,BOS,0,0,,,,,,0,0,,,,,
0021500149,202,5,2,2,7:52 PM,5:59,Westbrook STEAL (1 STL),,Sullinger Lost Ball Turnover (P2.T8),,,5.0,203096,Jared Sullinger,1610612738.0,Boston,Celtics,BOS,4,201566,Russell Westbrook,1610612760.0,Oklahoma City,Thunder,OKC,0,0,,,,,
0021500149,203,6,1,2,7:52 PM,5:50,,,Crowder P.FOUL (P1.T4) (Z.Zarba),,,5.0,203109,Jae Crowder,1610612738.0,Boston,Celtics,BOS,4,203500,Steven Adams,1610612760.0,Oklahoma City,Thunder,OKC,1,0,,,,,
0021500149,204,5,45,2,7:52 PM,5:41,Augustin Out of Bounds - Bad Pass Turnover Turnover (P4.T6),,,,,4.0,201571,D.J. Augustin,1610612760.0,Oklahoma City,Thunder,OKC,0,0,,,,,,1,0,,,,,
0021500149,205,1,1,2,7:53 PM,5:29,,,Bradley 20' Jump Shot (4 PTS) (Sullinger 2 AST),34 - 40,6,5.0,202340,Avery Bradley,1610612738.0,Boston,Celtics,BOS,5,203096,Jared Sullinger,1610612738.0,Boston,Celtics,BOS,0,0,,,,,
0021500149,206,5,1,2,7:53 PM,5:16,Singler Bad Pass Turnover (P1.T7),,Bradley STEAL (1 STL),,,4.0,202713,Kyle Singler,1610612760.0,Oklahoma City,Thunder,OKC,5,202340,Avery Bradley,1610612738.0,Boston,Celtics,BOS,0,0,,,,,
0021500149,207,1,5,2,7:53 PM,5:11,,,Bradley 1' Layup (6 PTS) (Thomas 3 AST),36 - 40,4,5.0,202340,Avery Bradley,1610612738.0,Boston,Celtics,BOS,5,202738,Isaiah Thomas,1610612738.0,Boston,Celtics,BOS,0,0,,,,,
0021500149,208,2,1,2,7:53 PM,4:50,MISS Westbrook 27' 3PT Jump Shot,,,,,4.0,201566,Russell Westbrook,1610612760.0,Oklahoma City,Thunder,OKC,0,0,,,,,,0,0,,,,,
0021500149,209,4,0,2,7:53 PM,4:49,THUNDER Rebound,,,,,2.0,1610612760,,,,,,0,0,,,,,,0,0,,,,,
0021500149,210,8,0,2,7:53 PM,4:48,,,SUB: Johnson FOR Lee,,,5.0,101135,David Lee,1610612738.0,Boston,Celtics,BOS,5,101161,Amir Johnson,1610612738.0,Boston,Celtics,BOS,0,0,,,,,
0021500149,211,8,0,2,7:53 PM,4:48,,,SUB: Smart FOR Thomas,,,5.0,202738,Isaiah Thomas,1610612738.0,Boston,Celtics,BOS,5,203935,Marcus Smart,1610612738.0,Boston,Celtics,BOS,0,0,,,,,
0021500149,212,8,0,2,7:54 PM,4:48,SUB: Roberson FOR Augustin,,,,,4.0,201571,D.J. Augustin,1610612760.0,Oklahoma City,Thunder,OKC,4,203460,Andre Roberson,1610612760.0,Oklahoma City,Thunder,OKC,0,0,,,,,
0021500149,213,2,1,2,7:54 PM,4:36,MISS Ibaka 4' Jump Shot,,Crowder BLOCK (1 BLK),,,4.0,201586,Serge Ibaka,1610612760.0,Oklahoma City,Thunder,OKC,0,0,,,,,,5,203109,Jae Crowder,1610612738.0,Boston,Celtics,BOS
0021500149,214,4,0,2,7:54 PM,4:36,THUNDER Rebound,,,,,2.0,1610612760,,,,,,0,0,,,,,,0,0,,,,,
0021500149,215,5,4,2,7:54 PM,4:35,Singler Traveling Turnover (P2.T8),,,,,4.0,202713,Kyle Singler,1610612760.0,Oklahoma City,Thunder,OKC,0,0,,,,,,1,0,,,,,
0021500149,216,2,1,2,7:55 PM,4:23,,,MISS Bradley 16' Jump Shot,,,5.0,202340,Avery Bradley,1610612738.0,Boston,Celtics,BOS,0,0,,,,,,0,0,,,,,
0021500149,217,4,0,2,7:55 PM,4:22,Westbrook REBOUND (Off:0 Def:1),,,,,4.0,201566,Russell Westbrook,1610612760.0,Oklahoma City,Thunder,OKC,0,0,,,,,,0,0,,,,,
0021500149,218,1,7,2,7:55 PM,4:17,Roberson  Dunk (4 PTS) (Westbrook 2 AST),,,36 - 42,6,4.0,203460,Andre Roberson,1610612760.0,Oklahoma City,Thunder,OKC,4,201566,Russell Westbrook,1610612760.0,Oklahoma City,Thunder,OKC,0,0,,,,,
0021500149,219,5,45,2,7:55 PM,4:07,,,Smart Out of Bounds - Bad Pass Turnover Turnover (P1.T9),,,5.0,203935,Marcus Smart,1610612738.0,Boston,Celtics,BOS,0,0,,,,,,1,0,,,,,
0021500149,220,8,0,2,7:55 PM,4:07,SUB: Morrow FOR Singler,,,,,4.0,202713,Kyle Singler,1610612760.0,Oklahoma City,Thunder,OKC,4,201627,Anthony Morrow,1610612760.0,Oklahoma City,Thunder,OKC,0,0,,,,,
0021500149,221,1,1,2,7:55 PM,3:54,Ibaka 18' Jump Shot (10 PTS) (Westbrook 3 AST),,,36 - 44,8,4.0,201586,Serge Ibaka,1610612760.0,Oklahoma City,Thunder,OKC,4,201566,Russell Westbrook,1610612760.0,Oklahoma City,Thunder,OKC,0,0,,,,,
0021500149,222,2,42,2,7:56 PM,3:30,,,MISS Bradley 1' Driving Layup,,,5.0,202340,Avery Bradley,1610612738.0,Boston,Celtics,BOS,0,0,,,,,,0,0,,,,,
0021500149,223,4,0,2,7:56 PM,3:30,Adams REBOUND (Off:0 Def:2),,,,,4.0,203500,Steven Adams,1610612760.0,Oklahoma City,Thunder,OKC,0,0,,,,,,0,0,,,,,
0021500149,224,5,2,2,7:56 PM,3:18,Westbrook Lost Ball Turnover (P2.T9),,Sullinger STEAL (3 STL),,,4.0,201566,Russell Westbrook,1610612760.0,Oklahoma City,Thunder,OKC,5,203096,Jared Sullinger,1610612738.0,Boston,Celtics,BOS,0,0,,,,,
0021500149,225,1,5,2,7:56 PM,3:07,,,Johnson 1' Layup (6 PTS) (Smart 1 AST),38 - 44,6,5.0,101161,Amir Johnson,1610612738.0,Boston,Celtics,BOS,5,203935,Marcus Smart,1610612738.0,Boston,Celtics,BOS,0,0,,,,,
0021500149,226,6,1,2,7:57 PM,2:44,,,Bradley P.FOUL (P1.PN) (Z.Zarba),,,5.0,202340,Avery Bradley,1610612738.0,Boston,Celtics,BOS,4,201566,Russell Westbrook,1610612760.0,Oklahoma City,Thunder,OKC,1,0,,,,,
0021500149,227,9,4,2,7:57 PM,2:44,,,,,,1.0,0,,,,,,0,0,,,,,,0,0,,,,,
0021500149,231,6,1,2,7:59 PM,2:41,,,Sullinger P.FOUL (P2.PN) (L.Holtkamp),,,5.0,203096,Jared Sullinger,1610612738.0,Boston,Celtics,BOS,4,201566,Russell Westbrook,1610612760.0,Oklahoma City,Thunder,OKC,1,0,,,,,
0021500149,232,3,11,2,8:00 PM,2:41,Westbrook Free Throw 1 of 2 (13 PTS),,,38 - 45,7,4.0,201566,Russell Westbrook,1610612760.0,Oklahoma City,Thunder,OKC,0,0,,,,,,0,0,,,,,
0021500149,234,3,12,2,8:00 PM,2:41,Westbrook Free Throw 2 of 2 (14 PTS),,,38 - 46,8,4.0,201566,Russell Westbrook,1610612760.0,Oklahoma City,Thunder,OKC,0,0,,,,,,0,0,,,,,
0021500149,236,1,82,2,8:00 PM,2:23,,,Crowder 4' Driving Bank Shot (2 PTS),40 - 46,6,5.0,203109,Jae Crowder,1610612738.0,Boston,Celtics,BOS,0,0,,,,,,0,0,,,,,
0021500149,237,2,1,2,8:01 PM,2:10,MISS Morrow 24' 3PT Jump Shot,,,,,4.0,201627,Anthony Morrow,1610612760.0,Oklahoma City,Thunder,OKC,0,0,,,,,,0,0,,,,,
0021500149,238,4,0,2,8:01 PM,2:09,,,Crowder REBOUND (Off:0 Def:1),,,5.0,203109,Jae Crowder,1610612738.0,Boston,Celtics,BOS,0,0,,,,,,0,0,,,,,
0021500149,239,5,1,2,8:01 PM,1:59,Westbrook STEAL (2 STL),,Crowder Bad Pass Turnover (P1.T10),,,5.0,203109,Jae Crowder,1610612738.0,Boston,Celtics,BOS,4,201566,Russell Westbrook,1610612760.0,Oklahoma City,Thunder,OKC,0,0,,,,,
0021500149,240,6,1,2,8:01 PM,1:47,,,Smart P.FOUL (P2.PN) (Z.Zarba),,,5.0,203935,Marcus Smart,1610612738.0,Boston,Celtics,BOS,4,201566,Russell Westbrook,1610612760.0,Oklahoma City,Thunder,OKC,1,0,,,,,
0021500149,241,6,11,2,8:01 PM,1:47,,,Smart T.FOUL (P2.PN) (Z.Zarba),,,5.0,203935,Marcus Smart,1610612738.0,Boston,Celtics,BOS,0,0,,,,,,1,0,,,,,
0021500149,242,3,16,2,8:01 PM,1:47,Westbrook Free Throw Technical (15 PTS),,,40 - 47,7,4.0,201566,Russell Westbrook,1610612760.0,Oklahoma City,Thunder,OKC,0,0,,,,,,0,0,,,,,
0021500149,244,3,11,2,8:02 PM,1:47,Westbrook Free Throw 1 of 2 (16 PTS),,,40 - 48,8,4.0,201566,Russell Westbrook,1610612760.0,Oklahoma City,Thunder,OKC,0,0,,,,,,0,0,,,,,
0021500149,246,8,0,2,8:02 PM,1:47,,,SUB: Thomas FOR Bradley,,,5.0,202340,Avery Bradley,1610612738.0,Boston,Celtics,BOS,5,202738,Isaiah Thomas,1610612738.0,Boston,Celtics,BOS,0,0,,,,,
0021500149,247,3,12,2,8:02 PM,1:47,Westbrook Free Throw 2 of 2 (17 PTS),,,40 - 49,9,4.0,201566,Russell Westbrook,1610612760.0,Oklahoma City,Thunder,OKC,0,0,,,,,,0,0,,,,,
0021500149,249,5,1,2,8:02 PM,1:31,Roberson STEAL (1 STL),,Crowder Bad Pass Turnover (P2.T11),,,5.0,203109,Jae Crowder,1610612738.0,Boston,Celtics,BOS,4,203460,Andre Roberson,1610612760.0,Oklahoma City,Thunder,OKC,0,0,,,,,
0021500149,250,2,5,2,8:03 PM,1:26,MISS Roberson 1' Layup,,,,,4.0,203460,Andre Roberson,1610612760.0,Oklahoma City,Thunder,OKC,0,0,,,,,,0,0,,,,,
0021500149,251,4,0,2,8:03 PM,1:25,,,Sullinger REBOUND (Off:4 Def:3),,,5.0,203096,Jared Sullinger,1610612738.0,Boston,Celtics,BOS,0,0,,,,,,0,0,,,,,
0021500149,252,2,5,2,8:03 PM,1:19,,,MISS Johnson 1' Layup,,,5.0,101161,Amir Johnson,1610612738.0,Boston,Celtics,BOS,0,0,,,,,,0,0,,,,,
0021500149,253,4,0,2,8:03 PM,1:17,Westbrook REBOUND (Off:0 Def:2),,,,,4.0,201566,Russell Westbrook,1610612760.0,Oklahoma City,Thunder,OKC,0,0,,,,,,0,0,,,,,
0021500149,254,6,4,2,8:03 PM,1:13,Westbrook OFF.Foul (P3) (D.Jones),,,,,4.0,201566,Russell Westbrook,1610612760.0,Oklahoma City,Thunder,OKC,5,203935,Marcus Smart,1610612738.0,Boston,Celtics,BOS,1,0,,,,,
0021500149,255,5,5,2,8:03 PM,1:13,Westbrook Foul Turnover (P3.T10),,,,,4.0,201566,Russell Westbrook,1610612760.0,Oklahoma City,Thunder,OKC,0,0,,,,,,1,0,,,,,
0021500149,256,8,0,2,8:03 PM,1:13,SUB: Augustin FOR Westbrook,,,,,4.0,201566,Russell Westbrook,1610612760.0,Oklahoma City,Thunder,OKC,4,201571,D.J. Augustin,1610612760.0,Oklahoma City,Thunder,OKC,0,0,,,,,
0021500149,257,6,4,2,8:03 PM,1:07,,,Sullinger OFF.Foul (P3) (L.Holtkamp),,,5.0,203096,Jared Sullinger,1610612738.0,Boston,Celtics,BOS,4,201571,D.J. Augustin,1610612760.0,Oklahoma City,Thunder,OKC,1,0,,,,,
0021500149,258,5,5,2,8:03 PM,1:07,,,Sullinger Foul Turnover (P3.T12),,,5.0,203096,Jared Sullinger,1610612738.0,Boston,Celtics,BOS,0,0,,,,,,1,0,,,,,
0021500149,259,8,0,2,8:04 PM,1:07,,,SUB: Jerebko FOR Sullinger,,,5.0,203096,Jared Sullinger,1610612738.0,Boston,Celtics,BOS,5,201973,Jonas Jerebko,1610612738.0,Boston,Celtics,BOS,0,0,,,,,
0021500149,260,6,28,2,8:04 PM,1:06,,,Jerebko Personal Take Foul (P1.PN) (D.Jones),,,5.0,201973,Jonas Jerebko,1610612738.0,Boston,Celtics,BOS,4,203500,Steven Adams,1610612760.0,Oklahoma City,Thunder,OKC,1,0,,,,,
0021500149,261,3,11,2,8:04 PM,1:06,Adams Free Throw 1 of 2 (1 PTS),,,40 - 50,10,4.0,203500,Steven Adams,1610612760.0,Oklahoma City,Thunder,OKC,0,0,,,,,,0,0,,,,,
0021500149,263,8,0,2,8:04 PM,1:06,,,SUB: Olynyk FOR Jerebko,,,5.0,201973,Jonas Jerebko,1610612738.0,Boston,Celtics,BOS,5,203482,Kelly Olynyk,1610612738.0,Boston,Celtics,BOS,0,0,,,,,
0021500149,265,8,0,2,8:05 PM,1:06,SUB: Singler FOR Morrow,,,,,4.0,201627,Anthony Morrow,1610612760.0,Oklahoma City,Thunder,OKC,4,202713,Kyle Singler,1610612760.0,Oklahoma City,Thunder,OKC,0,0,,,,,
0021500149,266,3,12,2,8:05 PM,1:06,MISS Adams Free Throw 2 of 2,,,,,4.0,203500,Steven Adams,1610612760.0,Oklahoma City,Thunder,OKC,0,0,,,,,,0,0,,,,,
0021500149,268,4,0,2,8:05 PM,1:05,,,Johnson REBOUND (Off:0 Def:2),,,5.0,101161,Amir Johnson,1610612738.0,Boston,Celtics,BOS,0,0,,,,,,0,0,,,,,
0021500149,269,2,79,2,8:05 PM,0:52,,,MISS Thomas 16' Pullup Jump Shot,,,5.0,202738,Isaiah Thomas,1610612738.0,Boston,Celtics,BOS,0,0,,,,,,0,0,,,,,
0021500149,270,4,0,2,8:05 PM,0:51,,,Thomas REBOUND (Off:1 Def:0),,,5.0,202738,Isaiah Thomas,1610612738.0,Boston,Celtics,BOS,0,0,,,,,,0,0,,,,,
0021500149,271,1,79,2,8:05 PM,0:48,,,Thomas 13' Pullup Jump Shot (9 PTS),42 - 50,8,5.0,202738,Isaiah Thomas,1610612738.0,Boston,Celtics,BOS,0,0,,,,,,0,0,,,,,
0021500149,272,2,1,2,8:06 PM,0:33,MISS Ibaka 19' Jump Shot,,,,,4.0,201586,Serge Ibaka,1610612760.0,Oklahoma City,Thunder,OKC,0,0,,,,,,0,0,,,,,
0021500149,273,4,0,2,8:06 PM,0:33,THUNDER Rebound,,,,,2.0,1610612760,,,,,,0,0,,,,,,0,0,,,,,
0021500149,274,6,3,2,8:06 PM,0:33,,,Olynyk L.B.FOUL (P3.PN) (Z.Zarba),,,5.0,203482,Kelly Olynyk,1610612738.0,Boston,Celtics,BOS,4,203500,Steven Adams,1610612760.0,Oklahoma City,Thunder,OKC,1,0,,,,,
0021500149,275,3,11,2,8:06 PM,0:33,Adams Free Throw 1 of 2 (2 PTS),,,42 - 51,9,4.0,203500,Steven Adams,1610612760.0,Oklahoma City,Thunder,OKC,0,0,,,,,,0,0,,,,,
0021500149,277,3,12,2,8:06 PM,0:33,Adams Free Throw 2 of 2 (3 PTS),,,42 - 52,10,4.0,203500,Steven Adams,1610612760.0,Oklahoma City,Thunder,OKC,0,0,,,,,,0,0,,,,,
0021500149,279,1,1,2,8:07 PM,0:21,,,Crowder  3PT Jump Shot (5 PTS) (Thomas 4 AST),45 - 52,7,5.0,203109,Jae Crowder,1610612738.0,Boston,Celtics,BOS,5,202738,Isaiah Thomas,1610612738.0,Boston,Celtics,BOS,0,0,,,,,
0021500149,280,5,1,2,8:07 PM,0:00,Augustin Bad Pass Turnover (P5.T11),,Smart STEAL (1 STL),,,4.0,201571,D.J. Augustin,1610612760.0,Oklahoma City,Thunder,OKC,5,203935,Marcus Smart,1610612738.0,Boston,Celtics,BOS,0,0,,,,,
0021500149,281,13,0,2,8:07 PM,0:00,,,,45 - 52,7,0.0,0,,,,,,0,0,,,,,,0,0,,,,,
0021500149,284,12,0,3,8:23 PM,12:00,,,,45 - 52,7,0.0,0,,,,,,0,0,,,,,,0,0,,,,,
0021500149,285,2,1,3,8:23 PM,11:47,,,MISS Crowder 24' 3PT Jump Shot,,,5.0,203109,Jae Crowder,1610612738.0,Boston,Celtics,BOS,0,0,,,,,,0,0,,,,,
0021500149,286,4,0,3,8:23 PM,11:46,,,Johnson REBOUND (Off:1 Def:2),,,5.0,101161,Amir Johnson,1610612738.0,Boston,Celtics,BOS,0,0,,,,,,0,0,,,,,
0021500149,287,2,1,3,8:23 PM,11:42,,,MISS Crowder 24' 3PT Jump Shot,,,5.0,203109,Jae Crowder,1610612738.0,Boston,Celtics,BOS,0,0,,,,,,0,0,,,,,
0021500149,288,4,0,3,8:23 PM,11:42,Ibaka REBOUND (Off:2 Def:5),,,,,4.0,201586,Serge Ibaka,1610612760.0,Oklahoma City,Thunder,OKC,0,0,,,,,,0,0,,,,,
0021500149,289,1,1,3,8:24 PM,11:23,Ibaka 16' Jump Shot (12 PTS) (Morrow 1 AST),,,45 - 54,9,4.0,201586,Serge Ibaka,1610612760.0,Oklahoma City,Thunder,OKC,4,201627,Anthony Morrow,1610612760.0,Oklahoma City,Thunder,OKC,0,0,,,,,
0021500149,290,2,47,3,8:24 PM,11:11,,,MISS Thomas 8' Turnaround Jump Shot,,,5.0,202738,Isaiah Thomas,1610612738.0,Boston,Celtics,BOS,0,0,,,,,,0,0,,,,,
0021500149,291,4,0,3,8:24 PM,11:11,THUNDER Rebound,,,,,2.0,1610612760,,,,,,0,0,,,,,,0,0,,,,,
0021500149,292,2,1,3,8:24 PM,10:57,MISS Ibaka 20' Jump Shot,,,,,4.0,201586,Serge Ibaka,1610612760.0,Oklahoma City,Thunder,OKC,0,0,,,,,,0,0,,,,,
0021500149,293,4,0,3,8:24 PM,10:56,,,Sullinger REBOUND (Off:4 Def:4),,,5.0,203096,Jared Sullinger,1610612738.0,Boston,Celtics,BOS,0,0,,,,,,0,0,,,,,
0021500149,294,1,5,3,8:24 PM,10:42,,,Sullinger 2' Layup (3 PTS) (Thomas 5 AST),47 - 54,7,5.0,203096,Jared Sullinger,1610612738.0,Boston,Celtics,BOS,5,202738,Isaiah Thomas,1610612738.0,Boston,Celtics,BOS,0,0,,,,,
0021500149,295,1,3,3,8:25 PM,10:20,Ibaka 3' Hook Shot (14 PTS) (Westbrook 4 AST),,,47 - 56,9,4.0,201586,Serge Ibaka,1610612760.0,Oklahoma City,Thunder,OKC,4,201566,Russell Westbrook,1610612760.0,Oklahoma City,Thunder,OKC,0,0,,,,,
0021500149,296,1,1,3,8:25 PM,10:04,,,Smart 25' 3PT Jump Shot (12 PTS) (Thomas 6 AST),50 - 56,6,5.0,203935,Marcus Smart,1610612738.0,Boston,Celtics,BOS,5,202738,Isaiah Thomas,1610612738.0,Boston,Celtics,BOS,0,0,,,,,
0021500149,297,6,1,3,8:25 PM,9:54,,,Smart P.FOUL (P3.T1) (L.Holtkamp),,,5.0,203935,Marcus Smart,1610612738.0,Boston,Celtics,BOS,4,201566,Russell Westbrook,1610612760.0,Oklahoma City,Thunder,OKC,1,0,,,,,
0021500149,298,1,1,3,8:26 PM,9:41,Roberson  3PT Jump Shot (7 PTS) (Morrow 2 AST),,,50 - 59,9,4.0,203460,Andre Roberson,1610612760.0,Oklahoma City,Thunder,OKC,4,201627,Anthony Morrow,1610612760.0,Oklahoma City,Thunder,OKC,0,0,,,,,
0021500149,299,2,42,3,8:26 PM,9:25,,,MISS Crowder 1' Driving Layup,,,5.0,203109,Jae Crowder,1610612738.0,Boston,Celtics,BOS,0,0,,,,,,0,0,,,,,
0021500149,300,4,0,3,8:26 PM,9:24,THUNDER Rebound,,,,,2.0,1610612760,,,,,,0,0,,,,,,0,0,,,,,
0021500149,301,1,42,3,8:26 PM,9:11,Westbrook 1' Driving Layup (19 PTS),,,50 - 61,11,4.0,201566,Russell Westbrook,1610612760.0,Oklahoma City,Thunder,OKC,0,0,,,,,,0,0,,,,,
0021500149,302,2,80,3,8:26 PM,9:00,,,MISS Thomas 24' 3PT Step Back Jump Shot,,,5.0,202738,Isaiah Thomas,1610612738.0,Boston,Celtics,BOS,0,0,,,,,,0,0,,,,,
0021500149,303,4,0,3,8:26 PM,8:59,Westbrook REBOUND (Off:0 Def:3),,,,,4.0,201566,Russell Westbrook,1610612760.0,Oklahoma City,Thunder,OKC,0,0,,,,,,0,0,,,,,
0021500149,304,2,1,3,8:27 PM,8:50,MISS Ibaka 18' Jump Shot,,,,,4.0,201586,Serge Ibaka,1610612760.0,Oklahoma City,Thunder,OKC,0,0,,,,,,0,0,,,,,
0021500149,305,4,0,3,8:27 PM,8:49,Westbrook REBOUND (Off:1 Def:3),,,,,4.0,201566,Russell Westbrook,1610612760.0,Oklahoma City,Thunder,OKC,0,0,,,,,,0,0,,,,,
0021500149,306,9,1,3,8:27 PM,8:47,THUNDER Timeout: Regular (Full 3 Short 0),,,,,2.0,1610612760,,,,,,0,0,,,,,,0,0,,,,,
0021500149,310,2,1,3,8:30 PM,8:29,MISS Roberson 25' 3PT Jump Shot,,,,,4.0,203460,Andre Roberson,1610612760.0,Oklahoma City,Thunder,OKC,0,0,,,,,,0,0,,,,,
0021500149,311,4,0,3,8:30 PM,8:28,,,Johnson REBOUND (Off:1 Def:3),,,5.0,101161,Amir Johnson,1610612738.0,Boston,Celtics,BOS,0,0,,,,,,0,0,,,,,
0021500149,312,1,42,3,8:30 PM,8:07,,,Smart 2' Driving Layup (14 PTS),52 - 61,9,5.0,203935,Marcus Smart,1610612738.0,Boston,Celtics,BOS,0,0,,,,,,0,0,,,,,
0021500149,313,6,4,3,8:30 PM,7:51,Morrow OFF.Foul (P2) (L.Holtkamp),,,,,4.0,201627,Anthony Morrow,1610612760.0,Oklahoma City,Thunder,OKC,5,202738,Isaiah Thomas,1610612738.0,Boston,Celtics,BOS,1,0,,,,,
0021500149,314,5,5,3,8:30 PM,7:51,Morrow Foul Turnover (P1.T12),,,,,4.0,201627,Anthony Morrow,1610612760.0,Oklahoma City,Thunder,OKC,0,0,,,,,,1,0,,,,,
0021500149,315,1,79,3,8:31 PM,7:36,,,Thomas 18' Pullup Jump Shot (11 PTS) (Smart 2 AST),54 - 61,7,5.0,202738,Isaiah Thomas,1610612738.0,Boston,Celtics,BOS,5,203935,Marcus Smart,1610612738.0,Boston,Celtics,BOS,0,0,,,,,
0021500149,316,2,79,3,8:31 PM,7:17,MISS Morrow 12' Pullup Jump Shot,,,,,4.0,201627,Anthony Morrow,1610612760.0,Oklahoma City,Thunder,OKC,0,0,,,,,,0,0,,,,,
0021500149,317,4,0,3,8:31 PM,7:17,,,Sullinger REBOUND (Off:4 Def:5),,,5.0,203096,Jared Sullinger,1610612738.0,Boston,Celtics,BOS,0,0,,,,,,0,0,,,,,
0021500149,318,2,79,3,8:31 PM,7:10,,,MISS Thomas 25' 3PT Pullup Jump Shot,,,5.0,202738,Isaiah Thomas,1610612738.0,Boston,Celtics,BOS,0,0,,,,,,0,0,,,,,
0021500149,319,4,0,3,8:31 PM,7:10,THUNDER Rebound,,,,,2.0,1610612760,,,,,,0,0,,,,,,0,0,,,,,
0021500149,320,2,79,3,8:32 PM,6:53,MISS Westbrook 18' Pullup Jump Shot,,,,,4.0,201566,Russell Westbrook,1610612760.0,Oklahoma City,Thunder,OKC,0,0,,,,,,0,0,,,,,
0021500149,321,4,0,3,8:32 PM,6:52,,,Crowder REBOUND (Off:0 Def:2),,,5.0,203109,Jae Crowder,1610612738.0,Boston,Celtics,BOS,0,0,,,,,,0,0,,,,,
0021500149,322,5,1,3,8:32 PM,6:45,Roberson STEAL (2 STL),,Thomas Bad Pass Turnover (P2.T13),,,5.0,202738,Isaiah Thomas,1610612738.0,Boston,Celtics,BOS,4,203460,Andre Roberson,1610612760.0,Oklahoma City,Thunder,OKC,0,0,,,,,
0021500149,323,2,5,3,8:32 PM,6:39,MISS Westbrook 3' Layup,,Johnson BLOCK (2 BLK),,,4.0,201566,Russell Westbrook,1610612760.0,Oklahoma City,Thunder,OKC,0,0,,,,,,5,101161,Amir Johnson,1610612738.0,Boston,Celtics,BOS
0021500149,324,4,0,3,8:32 PM,6:39,THUNDER Rebound,,,,,2.0,1610612760,,,,,,0,0,,,,,,0,0,,,,,
0021500149,325,1,1,3,8:32 PM,6:36,Ibaka 16' Jump Shot (16 PTS) (Westbrook 5 AST),,,54 - 63,9,4.0,201586,Serge Ibaka,1610612760.0,Oklahoma City,Thunder,OKC,4,201566,Russell Westbrook,1610612760.0,Oklahoma City,Thunder,OKC,0,0,,,,,
0021500149,326,7,1,3,8:32 PM,6:35,THUNDER Violation: Delay of game Violation,,,,,2.0,1610612760,,,,,,0,0,,,,,,1,0,,,,,
0021500149,327,1,1,3,8:33 PM,6:23,,,Smart  3PT Jump Shot (17 PTS) (Thomas 7 AST),57 - 63,6,5.0,203935,Marcus Smart,1610612738.0,Boston,Celtics,BOS,5,202738,Isaiah Thomas,1610612738.0,Boston,Celtics,BOS,0,0,,,,,
0021500149,328,2,1,3,8:33 PM,5:58,MISS Morrow  3PT Jump Shot,,,,,4.0,201627,Anthony Morrow,1610612760.0,Oklahoma City,Thunder,OKC,0,0,,,,,,0,0,,,,,
0021500149,329,4,0,3,8:33 PM,5:57,Ibaka REBOUND (Off:3 Def:5),,,,,4.0,201586,Serge Ibaka,1610612760.0,Oklahoma City,Thunder,OKC,0,0,,,,,,0,0,,,,,
0021500149,330,7,5,3,8:33 PM,5:47,,,Smart Violation:Kicked Ball (Z.Zarba),,,5.0,203935,Marcus Smart,1610612738.0,Boston,Celtics,BOS,0,0,,,,,,1,0,,,,,
0021500149,331,8,0,3,8:33 PM,5:47,,,SUB: Bradley FOR Thomas,,,5.0,202738,Isaiah Thomas,1610612738.0,Boston,Celtics,BOS,5,202340,Avery Bradley,1610612738.0,Boston,Celtics,BOS,0,0,,,,,
0021500149,332,8,0,3,8:33 PM,5:47,SUB: Waiters FOR Morrow,,,,,4.0,201627,Anthony Morrow,1610612760.0,Oklahoma City,Thunder,OKC,4,203079,Dion Waiters,1610612760.0,Oklahoma City,Thunder,OKC,0,0,,,,,
0021500149,333,6,2,3,8:34 PM,5:40,,,Bradley S.FOUL (P2.T2) (L.Holtkamp),,,5.0,202340,Avery Bradley,1610612738.0,Boston,Celtics,BOS,4,201566,Russell Westbrook,1610612760.0,Oklahoma City,Thunder,OKC,1,0,,,,,
0021500149,334,3,11,3,8:34 PM,5:40,Westbrook Free Throw 1 of 2 (20 PTS),,,57 - 64,7,4.0,201566,Russell Westbrook,1610612760.0,Oklahoma City,Thunder,OKC,0,0,,,,,,0,0,,,,,
0021500149,336,8,0,3,8:34 PM,5:40,SUB: Kanter FOR Adams,,,,,4.0,203500,Steven Adams,1610612760.0,Oklahoma City,Thunder,OKC,4,202683,Enes Kanter,1610612760.0,Oklahoma City,Thunder,OKC,0,0,,,,,
0021500149,337,3,12,3,8:34 PM,5:40,Westbrook Free Throw 2 of 2 (21 PTS),,,57 - 65,8,4.0,201566,Russell Westbrook,1610612760.0,Oklahoma City,Thunder,OKC,0,0,,,,,,0,0,,,,,
0021500149,339,2,5,3,8:35 PM,5:30,Kanter BLOCK (1 BLK),,MISS Smart 2' Layup,,,5.0,203935,Marcus Smart,1610612738.0,Boston,Celtics,BOS,0,0,,,,,,4,202683,Enes Kanter,1610612760.0,Oklahoma City,Thunder,OKC
0021500149,340,4,0,3,8:35 PM,5:29,,,Smart REBOUND (Off:1 Def:2),,,5.0,203935,Marcus Smart,1610612738.0,Boston,Celtics,BOS,0,0,,,,,,0,0,,,,,
0021500149,341,1,42,3,8:35 PM,5:23,,,Crowder 1' Driving Layup (7 PTS) (Smart 3 AST),59 - 65,6,5.0,203109,Jae Crowder,1610612738.0,Boston,Celtics,BOS,5,203935,Marcus Smart,1610612738.0,Boston,Celtics,BOS,0,0,,,,,
0021500149,342,1,1,3,8:35 PM,5:10,Waiters 25' 3PT Jump Shot (5 PTS) (Kanter 1 AST),,,59 - 68,9,4.0,203079,Dion Waiters,1610612760.0,Oklahoma City,Thunder,OKC,4,202683,Enes Kanter,1610612760.0,Oklahoma City,Thunder,OKC,0,0,,,,,
0021500149,343,6,11,3,8:35 PM,5:08,Waiters T.FOUL (P2.T0) (Z.Zarba),,,,,4.0,203079,Dion Waiters,1610612760.0,Oklahoma City,Thunder,OKC,0,0,,,,,,1,0,,,,,
0021500149,344,3,16,3,8:35 PM,5:08,,,MISS Bradley Free Throw Technical,,,5.0,202340,Avery Bradley,1610612738.0,Boston,Celtics,BOS,0,0,,,,,,0,0,,,,,
0021500149,345,4,1,3,8:35 PM,5:08,,,Celtics Rebound,,,3.0,1610612738,,,,,,0,0,,,,,,0,0,,,,,
0021500149,346,8,0,3,8:36 PM,5:08,,,SUB: Olynyk FOR Sullinger,,,5.0,203096,Jared Sullinger,1610612738.0,Boston,Celtics,BOS,5,203482,Kelly Olynyk,1610612738.0,Boston,Celtics,BOS,0,0,,,,,
0021500149,347,2,5,3,8:36 PM,4:58,Westbrook BLOCK (1 BLK),,MISS Crowder 3' Layup,,,5.0,203109,Jae Crowder,1610612738.0,Boston,Celtics,BOS,0,0,,,,,,4,201566,Russell Westbrook,1610612760.0,Oklahoma City,Thunder,OKC
0021500149,348,4,0,3,8:36 PM,4:57,,,Crowder REBOUND (Off:1 Def:2),,,5.0,203109,Jae Crowder,1610612738.0,Boston,Celtics,BOS,0,0,,,,,,0,0,,,,,
0021500149,349,1,5,3,8:36 PM,4:57,,,Crowder 2' Layup (9 PTS),61 - 68,7,5.0,203109,Jae Crowder,1610612738.0,Boston,Celtics,BOS,0,0,,,,,,0,0,,,,,
0021500149,351,6,2,3,8:36 PM,4:57,Kanter S.FOUL (P1.T1) (L.Holtkamp),,,,,4.0,202683,Enes Kanter,1610612760.0,Oklahoma City,Thunder,OKC,5,203109,Jae Crowder,1610612738.0,Boston,Celtics,BOS,1,0,,,,,
0021500149,352,3,10,3,8:36 PM,4:57,,,Crowder Free Throw 1 of 1 (10 PTS),62 - 68,6,5.0,203109,Jae Crowder,1610612738.0,Boston,Celtics,BOS,0,0,,,,,,0,0,,,,,
0021500149,354,6,2,3,8:37 PM,4:48,,,Olynyk S.FOUL (P4.T3) (L.Holtkamp),,,5.0,203482,Kelly Olynyk,1610612738.0,Boston,Celtics,BOS,4,201566,Russell Westbrook,1610612760.0,Oklahoma City,Thunder,OKC,1,0,,,,,
0021500149,355,3,11,3,8:37 PM,4:48,Westbrook Free Throw 1 of 2 (22 PTS),,,62 - 69,7,4.0,201566,Russell Westbrook,1610612760.0,Oklahoma City,Thunder,OKC,0,0,,,,,,0,0,,,,,
0021500149,357,3,12,3,8:37 PM,4:48,Westbrook Free Throw 2 of 2 (23 PTS),,,62 - 70,8,4.0,201566,Russell Westbrook,1610612760.0,Oklahoma City,Thunder,OKC,0,0,,,,,,0,0,,,,,
0021500149,359,6,2,3,8:38 PM,4:38,Kanter S.FOUL (P2.T2) (Z.Zarba),,,,,4.0,202683,Enes Kanter,1610612760.0,Oklahoma City,Thunder,OKC,5,203935,Marcus Smart,1610612738.0,Boston,Celtics,BOS,1,0,,,,,
0021500149,360,3,11,3,8:38 PM,4:38,,,Smart Free Throw 1 of 2 (18 PTS),63 - 70,7,5.0,203935,Marcus Smart,1610612738.0,Boston,Celtics,BOS,0,0,,,,,,0,0,,,,,
0021500149,362,3,12,3,8:38 PM,4:38,,,Smart Free Throw 2 of 2 (19 PTS),64 - 70,6,5.0,203935,Marcus Smart,1610612738.0,Boston,Celtics,BOS,0,0,,,,,,0,0,,,,,
0021500149,364,2,1,3,8:38 PM,4:26,MISS Waiters 25' 3PT Jump Shot,,,,,4.0,203079,Dion Waiters,1610612760.0,Oklahoma City,Thunder,OKC,0,0,,,,,,0,0,,,,,
0021500149,365,4,0,3,8:39 PM,4:25,,,Celtics Rebound,,,3.0,1610612738,,,,,,0,0,,,,,,0,0,,,,,
0021500149,366,5,1,3,8:39 PM,4:15,Westbrook STEAL (3 STL),,Johnson Bad Pass Turnover (P2.T14),,,5.0,101161,Amir Johnson,1610612738.0,Boston,Celtics,BOS,4,201566,Russell Westbrook,1610612760.0,Oklahoma City,Thunder,OKC,0,0,,,,,
0021500149,367,2,79,3,8:39 PM,4:08,MISS Westbrook 24' 3PT Pullup Jump Shot,,,,,4.0,201566,Russell Westbrook,1610612760.0,Oklahoma City,Thunder,OKC,0,0,,,,,,0,0,,,,,
0021500149,368,4,0,3,8:39 PM,4:08,,,Olynyk REBOUND (Off:2 Def:4),,,5.0,203482,Kelly Olynyk,1610612738.0,Boston,Celtics,BOS,0,0,,,,,,0,0,,,,,
0021500149,369,2,79,3,8:39 PM,3:58,,,MISS Olynyk 17' Pullup Jump Shot,,,5.0,203482,Kelly Olynyk,1610612738.0,Boston,Celtics,BOS,0,0,,,,,,0,0,,,,,
0021500149,370,4,0,3,8:39 PM,3:57,Waiters REBOUND (Off:0 Def:1),,,,,4.0,203079,Dion Waiters,1610612760.0,Oklahoma City,Thunder,OKC,0,0,,,,,,0,0,,,,,
0021500149,371,2,1,3,8:39 PM,3:46,MISS Westbrook 25' 3PT Jump Shot,,,,,4.0,201566,Russell Westbrook,1610612760.0,Oklahoma City,Thunder,OKC,0,0,,,,,,0,0,,,,,
0021500149,372,4,0,3,8:40 PM,3:46,THUNDER Rebound,,,,,2.0,1610612760,,,,,,0,0,,,,,,0,0,,,,,
0021500149,374,6,3,3,8:40 PM,3:46,,,Johnson L.B.FOUL (P3.T4) (Z.Zarba),,,5.0,101161,Amir Johnson,1610612738.0,Boston,Celtics,BOS,4,201586,Serge Ibaka,1610612760.0,Oklahoma City,Thunder,OKC,1,0,,,,,
0021500149,373,18,0,3,8:40 PM,3:46,,,,,,,374,,,,,,0,0,,,,,,1,0,,,,,
0021500149,375,5,2,3,8:41 PM,3:33,Waiters Lost Ball Turnover (P1.T13),,Olynyk STEAL (2 STL),,,4.0,203079,Dion Waiters,1610612760.0,Oklahoma City,Thunder,OKC,5,203482,Kelly Olynyk,1610612738.0,Boston,Celtics,BOS,0,0,,,,,
0021500149,376,6,2,3,8:41 PM,3:27,Kanter S.FOUL (P3.T3) (Z.Zarba),,,,,4.0,202683,Enes Kanter,1610612760.0,Oklahoma City,Thunder,OKC,5,202340,Avery Bradley,1610612738.0,Boston,Celtics,BOS,1,0,,,,,
0021500149,377,3,11,3,8:42 PM,3:27,,,MISS Bradley Free Throw 1 of 2,,,5.0,202340,Avery Bradley,1610612738.0,Boston,Celtics,BOS,0,0,,,,,,0,0,,,,,
0021500149,378,4,1,3,8:42 PM,3:27,,,Celtics Rebound,,,3.0,1610612738,,,,,,0,0,,,,,,0,0,,,,,
0021500149,379,3,12,3,8:42 PM,3:27,,,Bradley Free Throw 2 of 2 (7 PTS),65 - 70,5,5.0,202340,Avery Bradley,1610612738.0,Boston,Celtics,BOS,0,0,,,,,,0,0,,,,,
0021500149,381,5,1,3,8:42 PM,3:11,Westbrook Bad Pass Turnover (P4.T14),,Olynyk STEAL (3 STL),,,4.0,201566,Russell Westbrook,1610612760.0,Oklahoma City,Thunder,OKC,5,203482,Kelly Olynyk,1610612738.0,Boston,Celtics,BOS,0,0,,,,,
0021500149,382,1,1,3,8:43 PM,2:57,,,Smart 25' 3PT Jump Shot (22 PTS) (Bradley 3 AST),68 - 70,2,5.0,203935,Marcus Smart,1610612738.0,Boston,Celtics,BOS,5,202340,Avery Bradley,1610612738.0,Boston,Celtics,BOS,0,0,,,,,
0021500149,383,9,2,3,8:43 PM,2:49,THUNDER Timeout: Short (Full 3 Short 1),,,,,2.0,1610612760,,,,,,0,0,,,,,,0,0,,,,,
0021500149,385,9,1,3,8:43 PM,2:49,,,Celtics Timeout: Regular (Reg.3 Short 0),,,3.0,1610612738,,,,,,0,0,,,,,,0,0,,,,,
0021500149,387,8,0,3,8:45 PM,2:49,,,SUB: Turner FOR Crowder,,,5.0,203109,Jae Crowder,1610612738.0,Boston,Celtics,BOS,5,202323,Evan Turner,1610612738.0,Boston,Celtics,BOS,0,0,,,,,
0021500149,392,2,40,3,8:46 PM,2:37,MISS Kanter 1' Layup,,Olynyk BLOCK (1 BLK),,,4.0,202683,Enes Kanter,1610612760.0,Oklahoma City,Thunder,OKC,0,0,,,,,,5,203482,Kelly Olynyk,1610612738.0,Boston,Celtics,BOS
0021500149,388,4,0,3,8:46 PM,2:34,Kanter REBOUND (Off:2 Def:0),,,,,4.0,202683,Enes Kanter,1610612760.0,Oklahoma City,Thunder,OKC,0,0,,,,,,0,0,,,,,
0021500149,389,1,72,3,8:46 PM,2:34,Kanter 2' Putback Layup (6 PTS),,,68 - 72,4,4.0,202683,Enes Kanter,1610612760.0,Oklahoma City,Thunder,OKC,0,0,,,,,,0,0,,,,,
0021500149,390,1,42,3,8:47 PM,2:13,,,Smart 1' Driving Layup (24 PTS),70 - 72,2,5.0,203935,Marcus Smart,1610612738.0,Boston,Celtics,BOS,0,0,,,,,,0,0,,,,,
0021500149,391,2,41,3,8:47 PM,2:04,MISS Westbrook 2' Running Layup,,,,,4.0,201566,Russell Westbrook,1610612760.0,Oklahoma City,Thunder,OKC,0,0,,,,,,0,0,,,,,
0021500149,393,4,0,3,8:47 PM,2:04,,,Bradley REBOUND (Off:0 Def:2),,,5.0,202340,Avery Bradley,1610612738.0,Boston,Celtics,BOS,0,0,,,,,,0,0,,,,,
0021500149,394,2,79,3,8:47 PM,1:55,,,MISS Bradley 23' Pullup Jump Shot,,,5.0,202340,Avery Bradley,1610612738.0,Boston,Celtics,BOS,0,0,,,,,,0,0,,,,,
0021500149,395,4,0,3,8:47 PM,1:54,Ibaka REBOUND (Off:3 Def:6),,,,,4.0,201586,Serge Ibaka,1610612760.0,Oklahoma City,Thunder,OKC,0,0,,,,,,0,0,,,,,
0021500149,396,2,80,3,8:47 PM,1:36,MISS Waiters 20' Step Back Jump Shot,,,,,4.0,203079,Dion Waiters,1610612760.0,Oklahoma City,Thunder,OKC,0,0,,,,,,0,0,,,,,
0021500149,397,4,0,3,8:47 PM,1:36,,,Olynyk REBOUND (Off:2 Def:5),,,5.0,203482,Kelly Olynyk,1610612738.0,Boston,Celtics,BOS,0,0,,,,,,0,0,,,,,
0021500149,398,6,1,3,8:47 PM,1:22,Waiters P.FOUL (P3.T4) (Z.Zarba),,,,,4.0,203079,Dion Waiters,1610612760.0,Oklahoma City,Thunder,OKC,5,202323,Evan Turner,1610612738.0,Boston,Celtics,BOS,1,0,,,,,
0021500149,399,8,0,3,8:48 PM,1:22,SUB: Collison FOR Ibaka,,,,,4.0,201586,Serge Ibaka,1610612760.0,Oklahoma City,Thunder,OKC,4,2555,Nick Collison,1610612760.0,Oklahoma City,Thunder,OKC,0,0,,,,,
0021500149,400,8,0,3,8:48 PM,1:22,SUB: Singler FOR Roberson,,,,,4.0,203460,Andre Roberson,1610612760.0,Oklahoma City,Thunder,OKC,4,202713,Kyle Singler,1610612760.0,Oklahoma City,Thunder,OKC,0,0,,,,,
0021500149,402,1,5,3,8:48 PM,1:10,,,Olynyk 1' Layup (7 PTS) (Bradley 4 AST),72 - 72,TIE,5.0,203482,Kelly Olynyk,1610612738.0,Boston,Celtics,BOS,5,202340,Avery Bradley,1610612738.0,Boston,Celtics,BOS,0,0,,,,,
0021500149,404,1,78,3,8:48 PM,0:50,Singler 3' Floating Jump Shot (8 PTS) (Collison 2 AST),,,72 - 74,2,4.0,202713,Kyle Singler,1610612760.0,Oklahoma City,Thunder,OKC,4,2555,Nick Collison,1610612760.0,Oklahoma City,Thunder,OKC,0,0,,,,,
0021500149,405,2,49,3,8:49 PM,0:33,Westbrook BLOCK (2 BLK),,MISS Smart 1' Driving Dunk,,,5.0,203935,Marcus Smart,1610612738.0,Boston,Celtics,BOS,0,0,,,,,,4,201566,Russell Westbrook,1610612760.0,Oklahoma City,Thunder,OKC
0021500149,406,4,0,3,8:49 PM,0:27,Collison REBOUND (Off:0 Def:3),,,,,4.0,2555,Nick Collison,1610612760.0,Oklahoma City,Thunder,OKC,0,0,,,,,,0,0,,,,,
0021500149,407,2,1,3,8:49 PM,0:23,MISS Singler 24' 3PT Jump Shot,,,,,4.0,202713,Kyle Singler,1610612760.0,Oklahoma City,Thunder,OKC,0,0,,,,,,0,0,,,,,
0021500149,408,4,0,3,8:49 PM,0:22,Collison REBOUND (Off:1 Def:3),,,,,4.0,2555,Nick Collison,1610612760.0,Oklahoma City,Thunder,OKC,0,0,,,,,,0,0,,,,,
0021500149,409,6,2,3,8:49 PM,0:03,,,Olynyk S.FOUL (P5.PN) (Z.Zarba),,,5.0,203482,Kelly Olynyk,1610612738.0,Boston,Celtics,BOS,4,202683,Enes Kanter,1610612760.0,Oklahoma City,Thunder,OKC,1,0,,,,,
0021500149,410,3,11,3,8:50 PM,0:03,MISS Kanter Free Throw 1 of 2,,,,,4.0,202683,Enes Kanter,1610612760.0,Oklahoma City,Thunder,OKC,0,0,,,,,,0,0,,,,,
0021500149,411,4,1,3,8:50 PM,0:03,THUNDER Rebound,,,,,2.0,1610612760,,,,,,0,0,,,,,,0,0,,,,,
0021500149,412,8,0,3,8:50 PM,0:03,,,SUB: Thomas FOR Smart,,,5.0,203935,Marcus Smart,1610612738.0,Boston,Celtics,BOS,5,202738,Isaiah Thomas,1610612738.0,Boston,Celtics,BOS,0,0,,,,,
0021500149,413,8,0,3,8:50 PM,0:03,,,SUB: Sullinger FOR Olynyk,,,5.0,203482,Kelly Olynyk,1610612738.0,Boston,Celtics,BOS,5,203096,Jared Sullinger,1610612738.0,Boston,Celtics,BOS,0,0,,,,,
0021500149,414,3,12,3,8:50 PM,0:03,MISS Kanter Free Throw 2 of 2,,,,,4.0,202683,Enes Kanter,1610612760.0,Oklahoma City,Thunder,OKC,0,0,,,,,,0,0,,,,,
0021500149,416,4,0,3,8:50 PM,0:03,,,Sullinger REBOUND (Off:4 Def:6),,,5.0,203096,Jared Sullinger,1610612738.0,Boston,Celtics,BOS,0,0,,,,,,0,0,,,,,
0021500149,417,2,46,3,8:50 PM,0:00,,,MISS Sullinger 43' 3PT Running Jump Shot,,,5.0,203096,Jared Sullinger,1610612738.0,Boston,Celtics,BOS,0,0,,,,,,0,0,,,,,
0021500149,418,4,0,3,8:50 PM,0:00,THUNDER Rebound,,,,,2.0,1610612760,,,,,,0,0,,,,,,0,0,,,,,
0021500149,419,13,0,3,8:50 PM,0:00,,,,72 - 74,2,0.0,0,,,,,,0,0,,,,,,0,0,,,,,
0021500149,421,12,0,4,8:53 PM,12:00,,,,72 - 74,2,0.0,0,,,,,,0,0,,,,,,0,0,,,,,
0021500149,422,5,2,4,8:53 PM,11:47,Waiters Lost Ball Turnover (P2.T15),,Turner STEAL (1 STL),,,4.0,203079,Dion Waiters,1610612760.0,Oklahoma City,Thunder,OKC,5,202323,Evan Turner,1610612738.0,Boston,Celtics,BOS,0,0,,,,,
0021500149,423,1,79,4,8:53 PM,11:41,,,Bradley 18' Pullup Jump Shot (9 PTS) (Turner 1 AST),74 - 74,TIE,5.0,202340,Avery Bradley,1610612738.0,Boston,Celtics,BOS,5,202323,Evan Turner,1610612738.0,Boston,Celtics,BOS,0,0,,,,,
0021500149,424,6,1,4,8:53 PM,11:26,,,Lee P.FOUL (P2.T1) (D.Jones),,,5.0,101135,David Lee,1610612738.0,Boston,Celtics,BOS,4,201571,D.J. Augustin,1610612760.0,Oklahoma City,Thunder,OKC,1,0,,,,,
0021500149,425,2,57,4,8:54 PM,11:15,MISS Kanter 5' Driving Hook Shot,,,,,4.0,202683,Enes Kanter,1610612760.0,Oklahoma City,Thunder,OKC,0,0,,,,,,0,0,,,,,
0021500149,426,4,0,4,8:54 PM,11:15,,,Celtics Rebound,,,3.0,1610612738,,,,,,0,0,,,,,,0,0,,,,,
0021500149,427,1,1,4,8:54 PM,11:00,,,Thomas 25' 3PT Jump Shot (14 PTS) (Turner 2 AST),77 - 74,-3,5.0,202738,Isaiah Thomas,1610612738.0,Boston,Celtics,BOS,5,202323,Evan Turner,1610612738.0,Boston,Celtics,BOS,0,0,,,,,
0021500149,428,2,1,4,8:55 PM,10:44,MISS Waiters 19' Jump Shot,,,,,4.0,203079,Dion Waiters,1610612760.0,Oklahoma City,Thunder,OKC,0,0,,,,,,0,0,,,,,
0021500149,429,4,0,4,8:55 PM,10:43,,,Turner REBOUND (Off:0 Def:1),,,5.0,202323,Evan Turner,1610612738.0,Boston,Celtics,BOS,0,0,,,,,,0,0,,,,,
0021500149,430,1,47,4,8:55 PM,10:26,,,Bradley 6' Turnaround Jump Shot (11 PTS) (Turner 3 AST),79 - 74,-5,5.0,202340,Avery Bradley,1610612738.0,Boston,Celtics,BOS,5,202323,Evan Turner,1610612738.0,Boston,Celtics,BOS,0,0,,,,,
0021500149,431,2,1,4,8:55 PM,10:10,MISS Kanter 18' Jump Shot,,,,,4.0,202683,Enes Kanter,1610612760.0,Oklahoma City,Thunder,OKC,0,0,,,,,,0,0,,,,,
0021500149,432,4,0,4,8:55 PM,10:10,,,Sullinger REBOUND (Off:4 Def:7),,,5.0,203096,Jared Sullinger,1610612738.0,Boston,Celtics,BOS,0,0,,,,,,0,0,,,,,
0021500149,433,5,2,4,8:55 PM,9:55,Collison STEAL (1 STL),,Lee Lost Ball Turnover (P2.T15),,,5.0,101135,David Lee,1610612738.0,Boston,Celtics,BOS,4,2555,Nick Collison,1610612760.0,Oklahoma City,Thunder,OKC,0,0,,,,,
0021500149,434,5,1,4,8:56 PM,9:44,Waiters Bad Pass Turnover (P3.T16),,Turner STEAL (2 STL),,,4.0,203079,Dion Waiters,1610612760.0,Oklahoma City,Thunder,OKC,5,202323,Evan Turner,1610612738.0,Boston,Celtics,BOS,0,0,,,,,
0021500149,435,5,1,4,8:56 PM,9:39,Singler STEAL (1 STL),,Turner Bad Pass Turnover (P1.T16),,,5.0,202323,Evan Turner,1610612738.0,Boston,Celtics,BOS,4,202713,Kyle Singler,1610612760.0,Oklahoma City,Thunder,OKC,0,0,,,,,
0021500149,436,1,3,4,8:56 PM,9:23,Kanter 3' Hook Shot (8 PTS) (Augustin 4 AST),,,79 - 76,-3,4.0,202683,Enes Kanter,1610612760.0,Oklahoma City,Thunder,OKC,4,201571,D.J. Augustin,1610612760.0,Oklahoma City,Thunder,OKC,0,0,,,,,
0021500149,437,2,1,4,8:56 PM,9:07,,,MISS Sullinger 25' 3PT Jump Shot,,,5.0,203096,Jared Sullinger,1610612738.0,Boston,Celtics,BOS,0,0,,,,,,0,0,,,,,
0021500149,438,4,0,4,8:56 PM,9:06,Augustin REBOUND (Off:0 Def:1),,,,,4.0,201571,D.J. Augustin,1610612760.0,Oklahoma City,Thunder,OKC,0,0,,,,,,0,0,,,,,
0021500149,439,6,4,4,8:56 PM,8:54,Collison OFF.Foul (P2) (L.Holtkamp),,,,,4.0,2555,Nick Collison,1610612760.0,Oklahoma City,Thunder,OKC,5,202340,Avery Bradley,1610612738.0,Boston,Celtics,BOS,1,0,,,,,
0021500149,440,5,5,4,8:56 PM,8:54,Collison Foul Turnover (P1.T17),,,,,4.0,2555,Nick Collison,1610612760.0,Oklahoma City,Thunder,OKC,0,0,,,,,,1,0,,,,,
0021500149,441,9,4,4,8:56 PM,8:54,,,,,,1.0,0,,,,,,0,0,,,,,,0,0,,,,,
0021500149,445,1,1,4,8:59 PM,8:38,,,Thomas 24' 3PT Jump Shot (17 PTS) (Sullinger 3 AST),82 - 76,-6,5.0,202738,Isaiah Thomas,1610612738.0,Boston,Celtics,BOS,5,203096,Jared Sullinger,1610612738.0,Boston,Celtics,BOS,0,0,,,,,
0021500149,446,2,1,4,9:00 PM,8:14,MISS Collison 18' Jump Shot,,,,,4.0,2555,Nick Collison,1610612760.0,Oklahoma City,Thunder,OKC,0,0,,,,,,0,0,,,,,
0021500149,447,4,0,4,9:00 PM,8:14,,,Thomas REBOUND (Off:1 Def:1),,,5.0,202738,Isaiah Thomas,1610612738.0,Boston,Celtics,BOS,0,0,,,,,,0,0,,,,,
0021500149,448,1,1,4,9:00 PM,7:56,,,Bradley 24' 3PT Jump Shot (14 PTS) (Lee 2 AST),85 - 76,-9,5.0,202340,Avery Bradley,1610612738.0,Boston,Celtics,BOS,5,101135,David Lee,1610612738.0,Boston,Celtics,BOS,0,0,,,,,
0021500149,449,5,2,4,9:00 PM,7:35,Singler Lost Ball Turnover (P3.T18),,Sullinger STEAL (4 STL),,,4.0,202713,Kyle Singler,1610612760.0,Oklahoma City,Thunder,OKC,5,203096,Jared Sullinger,1610612738.0,Boston,Celtics,BOS,0,0,,,,,
0021500149,450,2,79,4,9:00 PM,7:31,,,MISS Thomas 25' 3PT Pullup Jump Shot,,,5.0,202738,Isaiah Thomas,1610612738.0,Boston,Celtics,BOS,0,0,,,,,,0,0,,,,,
0021500149,451,4,0,4,9:00 PM,7:30,THUNDER Rebound,,,,,2.0,1610612760,,,,,,0,0,,,,,,0,0,,,,,
0021500149,452,8,0,4,9:01 PM,7:30,SUB: Westbrook FOR Augustin,,,,,4.0,201571,D.J. Augustin,1610612760.0,Oklahoma City,Thunder,OKC,4,201566,Russell Westbrook,1610612760.0,Oklahoma City,Thunder,OKC,0,0,,,,,
0021500149,453,8,0,4,9:01 PM,7:30,SUB: Adams FOR Kanter,,,,,4.0,202683,Enes Kanter,1610612760.0,Oklahoma City,Thunder,OKC,4,203500,Steven Adams,1610612760.0,Oklahoma City,Thunder,OKC,0,0,,,,,
0021500149,454,2,3,4,9:01 PM,7:14,MISS Collison 8' Hook Shot,,,,,4.0,2555,Nick Collison,1610612760.0,Oklahoma City,Thunder,OKC,0,0,,,,,,0,0,,,,,
0021500149,455,4,0,4,9:01 PM,7:14,,,Sullinger REBOUND (Off:4 Def:8),,,5.0,203096,Jared Sullinger,1610612738.0,Boston,Celtics,BOS,0,0,,,,,,0,0,,,,,
0021500149,456,1,42,4,9:01 PM,7:04,,,Thomas 2' Driving Layup (19 PTS),87 - 76,-11,5.0,202738,Isaiah Thomas,1610612738.0,Boston,Celtics,BOS,0,0,,,,,,0,0,,,,,
0021500149,457,9,1,4,9:01 PM,6:58,THUNDER Timeout: Regular (Full 4 Short 1),,,,,2.0,1610612760,,,,,,0,0,,,,,,0,0,,,,,
0021500149,460,2,1,4,9:04 PM,6:54,MISS Westbrook 25' 3PT Jump Shot,,,,,4.0,201566,Russell Westbrook,1610612760.0,Oklahoma City,Thunder,OKC,0,0,,,,,,0,0,,,,,
0021500149,461,4,0,4,9:04 PM,6:53,,,Sullinger REBOUND (Off:4 Def:9),,,5.0,203096,Jared Sullinger,1610612738.0,Boston,Celtics,BOS,0,0,,,,,,0,0,,,,,
0021500149,462,6,2,4,9:04 PM,6:38,Collison S.FOUL (P3.T1) (Z.Zarba),,,,,4.0,2555,Nick Collison,1610612760.0,Oklahoma City,Thunder,OKC,5,101135,David Lee,1610612738.0,Boston,Celtics,BOS,1,0,,,,,
0021500149,463,3,11,4,9:05 PM,6:38,,,Lee Free Throw 1 of 2 (3 PTS),88 - 76,-12,5.0,101135,David Lee,1610612738.0,Boston,Celtics,BOS,0,0,,,,,,0,0,,,,,
0021500149,465,8,0,4,9:05 PM,6:38,SUB: Ibaka FOR Collison,,,,,4.0,2555,Nick Collison,1610612760.0,Oklahoma City,Thunder,OKC,4,201586,Serge Ibaka,1610612760.0,Oklahoma City,Thunder,OKC,0,0,,,,,
0021500149,466,8,0,4,9:05 PM,6:38,SUB: Augustin FOR Singler,,,,,4.0,202713,Kyle Singler,1610612760.0,Oklahoma City,Thunder,OKC,4,201571,D.J. Augustin,1610612760.0,Oklahoma City,Thunder,OKC,0,0,,,,,
0021500149,467,3,12,4,9:05 PM,6:38,,,Lee Free Throw 2 of 2 (4 PTS),89 - 76,-13,5.0,101135,David Lee,1610612738.0,Boston,Celtics,BOS,0,0,,,,,,0,0,,,,,
0021500149,469,2,79,4,9:05 PM,6:16,MISS Westbrook 13' Pullup Jump Shot,,,,,4.0,201566,Russell Westbrook,1610612760.0,Oklahoma City,Thunder,OKC,0,0,,,,,,0,0,,,,,
0021500149,470,4,0,4,9:05 PM,6:16,,,Lee REBOUND (Off:0 Def:2),,,5.0,101135,David Lee,1610612738.0,Boston,Celtics,BOS,0,0,,,,,,0,0,,,,,
0021500149,471,5,1,4,9:06 PM,6:13,Waiters STEAL (1 STL),,Lee Bad Pass Turnover (P3.T17),,,5.0,101135,David Lee,1610612738.0,Boston,Celtics,BOS,4,203079,Dion Waiters,1610612760.0,Oklahoma City,Thunder,OKC,0,0,,,,,
0021500149,473,1,86,4,9:06 PM,5:55,Waiters 14' Turnaround Fadeaway (7 PTS),,,89 - 78,-11,4.0,203079,Dion Waiters,1610612760.0,Oklahoma City,Thunder,OKC,0,0,,,,,,0,0,,,,,
0021500149,475,2,5,4,9:06 PM,5:28,Ibaka BLOCK (3 BLK),,MISS Turner 1' Layup,,,5.0,202323,Evan Turner,1610612738.0,Boston,Celtics,BOS,0,0,,,,,,4,201586,Serge Ibaka,1610612760.0,Oklahoma City,Thunder,OKC
0021500149,476,4,0,4,9:06 PM,5:28,THUNDER Rebound,,,,,2.0,1610612760,,,,,,0,0,,,,,,0,0,,,,,
0021500149,477,6,2,4,9:07 PM,5:14,,,Lee S.FOUL (P3.T2) (Z.Zarba),,,5.0,101135,David Lee,1610612738.0,Boston,Celtics,BOS,4,201566,Russell Westbrook,1610612760.0,Oklahoma City,Thunder,OKC,1,0,,,,,
0021500149,478,3,11,4,9:07 PM,5:14,Westbrook Free Throw 1 of 2 (24 PTS),,,89 - 79,-10,4.0,201566,Russell Westbrook,1610612760.0,Oklahoma City,Thunder,OKC,0,0,,,,,,0,0,,,,,
0021500149,480,8,0,4,9:07 PM,5:14,,,SUB: Olynyk FOR Sullinger,,,5.0,203096,Jared Sullinger,1610612738.0,Boston,Celtics,BOS,5,203482,Kelly Olynyk,1610612738.0,Boston,Celtics,BOS,0,0,,,,,
0021500149,481,8,0,4,9:07 PM,5:14,,,SUB: Smart FOR Bradley,,,5.0,202340,Avery Bradley,1610612738.0,Boston,Celtics,BOS,5,203935,Marcus Smart,1610612738.0,Boston,Celtics,BOS,0,0,,,,,
0021500149,482,8,0,4,9:07 PM,5:14,,,SUB: Johnson FOR Lee,,,5.0,101135,David Lee,1610612738.0,Boston,Celtics,BOS,5,101161,Amir Johnson,1610612738.0,Boston,Celtics,BOS,0,0,,,,,
0021500149,483,3,12,4,9:07 PM,5:14,MISS Westbrook Free Throw 2 of 2,,,,,4.0,201566,Russell Westbrook,1610612760.0,Oklahoma City,Thunder,OKC,0,0,,,,,,0,0,,,,,
0021500149,485,4,0,4,9:07 PM,5:12,,,Smart REBOUND (Off:1 Def:3),,,5.0,203935,Marcus Smart,1610612738.0,Boston,Celtics,BOS,0,0,,,,,,0,0,,,,,
0021500149,486,9,1,4,9:08 PM,5:07,,,Celtics Timeout: Regular (Reg.4 Short 0),,,3.0,1610612738,,,,,,0,0,,,,,,0,0,,,,,
0021500149,490,6,2,4,9:10 PM,5:02,Adams S.FOUL (P2.T2) (Z.Zarba),,,,,4.0,203500,Steven Adams,1610612760.0,Oklahoma City,Thunder,OKC,5,101161,Amir Johnson,1610612738.0,Boston,Celtics,BOS,1,0,,,,,
0021500149,491,3,11,4,9:10 PM,5:02,,,Johnson Free Throw 1 of 2 (7 PTS),90 - 79,-11,5.0,101161,Amir Johnson,1610612738.0,Boston,Celtics,BOS,0,0,,,,,,0,0,,,,,
0021500149,493,3,12,4,9:10 PM,5:02,,,MISS Johnson Free Throw 2 of 2,,,5.0,101161,Amir Johnson,1610612738.0,Boston,Celtics,BOS,0,0,,,,,,0,0,,,,,
0021500149,495,4,0,4,9:11 PM,5:01,Waiters REBOUND (Off:0 Def:2),,,,,4.0,203079,Dion Waiters,1610612760.0,Oklahoma City,Thunder,OKC,0,0,,,,,,0,0,,,,,
0021500149,496,2,1,4,9:11 PM,4:38,MISS Augustin 24' 3PT Jump Shot,,,,,4.0,201571,D.J. Augustin,1610612760.0,Oklahoma City,Thunder,OKC,0,0,,,,,,0,0,,,,,
0021500149,497,4,0,4,9:11 PM,4:38,,,Turner REBOUND (Off:0 Def:2),,,5.0,202323,Evan Turner,1610612738.0,Boston,Celtics,BOS,0,0,,,,,,0,0,,,,,
0021500149,498,6,1,4,9:11 PM,4:25,Waiters P.FOUL (P4.T3) (Z.Zarba),,,,,4.0,203079,Dion Waiters,1610612760.0,Oklahoma City,Thunder,OKC,5,202323,Evan Turner,1610612738.0,Boston,Celtics,BOS,1,0,,,,,
0021500149,499,5,2,4,9:12 PM,4:19,Augustin STEAL (1 STL),,Turner Lost Ball Turnover (P2.T18),,,5.0,202323,Evan Turner,1610612738.0,Boston,Celtics,BOS,4,201571,D.J. Augustin,1610612760.0,Oklahoma City,Thunder,OKC,0,0,,,,,
0021500149,500,2,5,4,9:12 PM,4:14,MISS Augustin 1' Layup,,Smart BLOCK (1 BLK),,,4.0,201571,D.J. Augustin,1610612760.0,Oklahoma City,Thunder,OKC,0,0,,,,,,5,203935,Marcus Smart,1610612738.0,Boston,Celtics,BOS
0021500149,501,4,0,4,9:12 PM,4:13,,,Smart REBOUND (Off:1 Def:4),,,5.0,203935,Marcus Smart,1610612738.0,Boston,Celtics,BOS,0,0,,,,,,0,0,,,,,
0021500149,502,9,2,4,9:12 PM,3:59,,,Celtics Timeout: Short (Reg.4 Short 1),,,3.0,1610612738,,,,,,0,0,,,,,,0,0,,,,,
0021500149,504,2,1,4,9:14 PM,3:50,,,MISS Smart 24' 3PT Jump Shot,,,5.0,203935,Marcus Smart,1610612738.0,Boston,Celtics,BOS,0,0,,,,,,0,0,,,,,
0021500149,505,4,0,4,9:14 PM,3:50,Adams REBOUND (Off:0 Def:3),,,,,4.0,203500,Steven Adams,1610612760.0,Oklahoma City,Thunder,OKC,0,0,,,,,,0,0,,,,,
0021500149,506,2,5,4,9:14 PM,3:41,MISS Westbrook 2' Layup,,,,,4.0,201566,Russell Westbrook,1610612760.0,Oklahoma City,Thunder,OKC,0,0,,,,,,0,0,,,,,
0021500149,507,4,0,4,9:14 PM,3:40,Adams REBOUND (Off:1 Def:3),,,,,4.0,203500,Steven Adams,1610612760.0,Oklahoma City,Thunder,OKC,0,0,,,,,,0,0,,,,,
0021500149,508,6,2,4,9:14 PM,3:39,,,Olynyk S.FOUL (P6.T3) (Z.Zarba),,,5.0,203482,Kelly Olynyk,1610612738.0,Boston,Celtics,BOS,4,203500,Steven Adams,1610612760.0,Oklahoma City,Thunder,OKC,1,0,,,,,
0021500149,509,8,0,4,9:14 PM,3:39,,,SUB: Sullinger FOR Olynyk,,,5.0,203482,Kelly Olynyk,1610612738.0,Boston,Celtics,BOS,5,203096,Jared Sullinger,1610612738.0,Boston,Celtics,BOS,0,0,,,,,
0021500149,510,3,11,4,9:14 PM,3:39,Adams Free Throw 1 of 2 (4 PTS),,,90 - 80,-10,4.0,203500,Steven Adams,1610612760.0,Oklahoma City,Thunder,OKC,0,0,,,,,,0,0,,,,,
0021500149,512,3,12,4,9:15 PM,3:39,MISS Adams Free Throw 2 of 2,,,,,4.0,203500,Steven Adams,1610612760.0,Oklahoma City,Thunder,OKC,0,0,,,,,,0,0,,,,,
0021500149,514,4,0,4,9:15 PM,3:38,Adams REBOUND (Off:2 Def:3),,,,,4.0,203500,Steven Adams,1610612760.0,Oklahoma City,Thunder,OKC,0,0,,,,,,0,0,,,,,
0021500149,515,2,1,4,9:15 PM,3:34,MISS Westbrook 25' 3PT Jump Shot,,,,,4.0,201566,Russell Westbrook,1610612760.0,Oklahoma City,Thunder,OKC,0,0,,,,,,0,0,,,,,
0021500149,516,4,0,4,9:15 PM,3:33,Ibaka REBOUND (Off:4 Def:6),,,,,4.0,201586,Serge Ibaka,1610612760.0,Oklahoma City,Thunder,OKC,0,0,,,,,,0,0,,,,,
0021500149,517,2,73,4,9:15 PM,3:21,MISS Waiters 3' Driving Reverse Layup,,Johnson BLOCK (3 BLK),,,4.0,203079,Dion Waiters,1610612760.0,Oklahoma City,Thunder,OKC,0,0,,,,,,5,101161,Amir Johnson,1610612738.0,Boston,Celtics,BOS
0021500149,518,4,0,4,9:15 PM,3:20,,,Johnson REBOUND (Off:1 Def:4),,,5.0,101161,Amir Johnson,1610612738.0,Boston,Celtics,BOS,0,0,,,,,,0,0,,,,,
0021500149,519,2,47,4,9:15 PM,3:05,,,MISS Turner 10' Turnaround Jump Shot,,,5.0,202323,Evan Turner,1610612738.0,Boston,Celtics,BOS,0,0,,,,,,0,0,,,,,
0021500149,521,4,0,4,9:15 PM,3:03,,,Sullinger REBOUND (Off:5 Def:9),,,5.0,203096,Jared Sullinger,1610612738.0,Boston,Celtics,BOS,0,0,,,,,,0,0,,,,,
0021500149,520,1,97,4,9:15 PM,3:03,,,Sullinger 2' Tip Layup Shot (5 PTS),92 - 80,-12,5.0,203096,Jared Sullinger,1610612738.0,Boston,Celtics,BOS,0,0,,,,,,0,0,,,,,
0021500149,522,6,2,4,9:16 PM,2:53,,,Turner S.FOUL (P1.T4) (L.Holtkamp),,,5.0,202323,Evan Turner,1610612738.0,Boston,Celtics,BOS,4,201566,Russell Westbrook,1610612760.0,Oklahoma City,Thunder,OKC,1,0,,,,,
0021500149,523,3,11,4,9:16 PM,2:53,Westbrook Free Throw 1 of 2 (25 PTS),,,92 - 81,-11,4.0,201566,Russell Westbrook,1610612760.0,Oklahoma City,Thunder,OKC,0,0,,,,,,0,0,,,,,
0021500149,525,3,12,4,9:16 PM,2:53,Westbrook Free Throw 2 of 2 (26 PTS),,,92 - 82,-10,4.0,201566,Russell Westbrook,1610612760.0,Oklahoma City,Thunder,OKC,0,0,,,,,,0,0,,,,,
0021500149,527,1,47,4,9:17 PM,2:36,,,Turner 11' Turnaround Jump Shot (2 PTS),94 - 82,-12,5.0,202323,Evan Turner,1610612738.0,Boston,Celtics,BOS,0,0,,,,,,0,0,,,,,
0021500149,530,6,3,4,9:17 PM,2:36,Ibaka L.B.FOUL (P1.T4) (Z.Zarba),,,,,4.0,201586,Serge Ibaka,1610612760.0,Oklahoma City,Thunder,OKC,5,203096,Jared Sullinger,1610612738.0,Boston,Celtics,BOS,1,0,,,,,
0021500149,531,8,0,4,9:17 PM,2:36,,,SUB: Bradley FOR Thomas,,,5.0,202738,Isaiah Thomas,1610612738.0,Boston,Celtics,BOS,5,202340,Avery Bradley,1610612738.0,Boston,Celtics,BOS,0,0,,,,,
0021500149,532,3,10,4,9:17 PM,2:36,,,Sullinger Free Throw 1 of 1 (6 PTS),95 - 82,-13,5.0,203096,Jared Sullinger,1610612738.0,Boston,Celtics,BOS,0,0,,,,,,0,0,,,,,
0021500149,540,6,2,4,9:18 PM,2:31,,,Johnson S.FOUL (P4.PN) (Z.Zarba),,,5.0,101161,Amir Johnson,1610612738.0,Boston,Celtics,BOS,4,201566,Russell Westbrook,1610612760.0,Oklahoma City,Thunder,OKC,1,0,,,,,
0021500149,541,3,11,4,9:18 PM,2:31,Westbrook Free Throw 1 of 2 (27 PTS),,,95 - 83,-12,4.0,201566,Russell Westbrook,1610612760.0,Oklahoma City,Thunder,OKC,0,0,,,,,,0,0,,,,,
0021500149,544,8,0,4,9:18 PM,2:31,,,SUB: Thomas FOR Bradley,,,5.0,202340,Avery Bradley,1610612738.0,Boston,Celtics,BOS,5,202738,Isaiah Thomas,1610612738.0,Boston,Celtics,BOS,0,0,,,,,
0021500149,546,3,12,4,9:18 PM,2:31,MISS Westbrook Free Throw 2 of 2,,,,,4.0,201566,Russell Westbrook,1610612760.0,Oklahoma City,Thunder,OKC,0,0,,,,,,0,0,,,,,
0021500149,548,4,0,4,9:18 PM,2:30,,,Smart REBOUND (Off:1 Def:5),,,5.0,203935,Marcus Smart,1610612738.0,Boston,Celtics,BOS,0,0,,,,,,0,0,,,,,
0021500149,550,2,47,4,9:19 PM,2:09,,,MISS Turner 10' Turnaround Jump Shot,,,5.0,202323,Evan Turner,1610612738.0,Boston,Celtics,BOS,0,0,,,,,,0,0,,,,,
0021500149,551,4,0,4,9:19 PM,2:09,Adams REBOUND (Off:2 Def:4),,,,,4.0,203500,Steven Adams,1610612760.0,Oklahoma City,Thunder,OKC,0,0,,,,,,0,0,,,,,
0021500149,552,2,47,4,9:19 PM,1:59,MISS Westbrook 13' Turnaround Jump Shot,,,,,4.0,201566,Russell Westbrook,1610612760.0,Oklahoma City,Thunder,OKC,0,0,,,,,,0,0,,,,,
0021500149,553,4,0,4,9:19 PM,1:59,,,Smart REBOUND (Off:1 Def:6),,,5.0,203935,Marcus Smart,1610612738.0,Boston,Celtics,BOS,0,0,,,,,,0,0,,,,,
0021500149,555,2,5,4,9:19 PM,1:38,,,MISS Thomas 1' Layup,,,5.0,202738,Isaiah Thomas,1610612738.0,Boston,Celtics,BOS,0,0,,,,,,0,0,,,,,
0021500149,556,4,0,4,9:19 PM,1:38,Adams REBOUND (Off:2 Def:5),,,,,4.0,203500,Steven Adams,1610612760.0,Oklahoma City,Thunder,OKC,0,0,,,,,,0,0,,,,,
0021500149,557,6,1,4,9:19 PM,1:38,,,Thomas P.FOUL (P2.PN) (Z.Zarba),,,5.0,202738,Isaiah Thomas,1610612738.0,Boston,Celtics,BOS,4,203500,Steven Adams,1610612760.0,Oklahoma City,Thunder,OKC,1,0,,,,,
0021500149,558,3,11,4,9:20 PM,1:38,Adams Free Throw 1 of 2 (5 PTS),,,95 - 84,-11,4.0,203500,Steven Adams,1610612760.0,Oklahoma City,Thunder,OKC,0,0,,,,,,0,0,,,,,
0021500149,561,8,0,4,9:20 PM,1:38,,,SUB: Crowder FOR Johnson,,,5.0,101161,Amir Johnson,1610612738.0,Boston,Celtics,BOS,5,203109,Jae Crowder,1610612738.0,Boston,Celtics,BOS,0,0,,,,,
0021500149,562,3,12,4,9:20 PM,1:38,Adams Free Throw 2 of 2 (6 PTS),,,95 - 85,-10,4.0,203500,Steven Adams,1610612760.0,Oklahoma City,Thunder,OKC,0,0,,,,,,0,0,,,,,
0021500149,565,1,80,4,9:21 PM,1:17,,,Sullinger 11' Step Back Jump Shot (8 PTS) (Thomas 8 AST),97 - 85,-12,5.0,203096,Jared Sullinger,1610612738.0,Boston,Celtics,BOS,5,202738,Isaiah Thomas,1610612738.0,Boston,Celtics,BOS,0,0,,,,,
0021500149,566,2,1,4,9:21 PM,1:10,MISS Ibaka 26' 3PT Jump Shot,,,,,4.0,201586,Serge Ibaka,1610612760.0,Oklahoma City,Thunder,OKC,0,0,,,,,,0,0,,,,,
0021500149,567,4,0,4,9:21 PM,1:10,,,Turner REBOUND (Off:0 Def:3),,,5.0,202323,Evan Turner,1610612738.0,Boston,Celtics,BOS,0,0,,,,,,0,0,,,,,
0021500149,569,2,1,4,9:21 PM,0:50,,,MISS Sullinger 24' 3PT Jump Shot,,,5.0,203096,Jared Sullinger,1610612738.0,Boston,Celtics,BOS,0,0,,,,,,0,0,,,,,
0021500149,570,4,0,4,9:21 PM,0:48,,,Smart REBOUND (Off:2 Def:6),,,5.0,203935,Marcus Smart,1610612738.0,Boston,Celtics,BOS,0,0,,,,,,0,0,,,,,
0021500149,572,2,1,4,9:22 PM,0:27,,,MISS Thomas 12' Jump Shot,,,5.0,202738,Isaiah Thomas,1610612738.0,Boston,Celtics,BOS,0,0,,,,,,0,0,,,,,
0021500149,573,4,0,4,9:22 PM,0:27,,,Celtics Rebound,,,3.0,1610612738,,,,,,0,0,,,,,,0,0,,,,,
0021500149,575,6,3,4,9:22 PM,0:27,Westbrook L.B.FOUL (P4.PN) (Z.Zarba),,,,,4.0,201566,Russell Westbrook,1610612760.0,Oklahoma City,Thunder,OKC,5,203935,Marcus Smart,1610612738.0,Boston,Celtics,BOS,1,0,,,,,
0021500149,576,3,11,4,9:22 PM,0:27,,,Smart Free Throw 1 of 2 (25 PTS),98 - 85,-13,5.0,203935,Marcus Smart,1610612738.0,Boston,Celtics,BOS,0,0,,,,,,0,0,,,,,
0021500149,579,6,11,4,9:22 PM,0:27,Westbrook T.FOUL (P4.PN) (D.Jones),,,,,4.0,201566,Russell Westbrook,1610612760.0,Oklahoma City,Thunder,OKC,0,0,,,,,,1,0,,,,,
0021500149,580,8,0,4,9:22 PM,0:27,SUB: McGary FOR Ibaka,,,,,4.0,201586,Serge Ibaka,1610612760.0,Oklahoma City,Thunder,OKC,4,203956,Mitch McGary,1610612760.0,Oklahoma City,Thunder,OKC,0,0,,,,,
0021500149,581,8,0,4,9:22 PM,0:27,SUB: Roberson FOR Westbrook,,,,,4.0,201566,Russell Westbrook,1610612760.0,Oklahoma City,Thunder,OKC,4,203460,Andre Roberson,1610612760.0,Oklahoma City,Thunder,OKC,0,0,,,,,
0021500149,582,3,16,4,9:22 PM,0:27,,,Thomas Free Throw Technical (20 PTS),99 - 85,-14,5.0,202738,Isaiah Thomas,1610612738.0,Boston,Celtics,BOS,0,0,,,,,,0,0,,,,,
0021500149,584,8,0,4,9:23 PM,0:27,SUB: Payne FOR Waiters,,,,,4.0,203079,Dion Waiters,1610612760.0,Oklahoma City,Thunder,OKC,4,1626166,Cameron Payne,1610612760.0,Oklahoma City,Thunder,OKC,0,0,,,,,
0021500149,585,3,12,4,9:23 PM,0:27,,,Smart Free Throw 2 of 2 (26 PTS),100 - 85,-15,5.0,203935,Marcus Smart,1610612738.0,Boston,Celtics,BOS,0,0,,,,,,0,0,,,,,
0021500149,587,2,1,4,9:23 PM,0:11,MISS Payne 26' 3PT Jump Shot,,,,,4.0,1626166,Cameron Payne,1610612760.0,Oklahoma City,Thunder,OKC,0,0,,,,,,0,0,,,,,
0021500149,588,4,0,4,9:23 PM,0:10,,,Sullinger REBOUND (Off:5 Def:10),,,5.0,203096,Jared Sullinger,1610612738.0,Boston,Celtics,BOS,0,0,,,,,,0,0,,,,,
0021500149,589,13,0,4,9:24 PM,0:00,,,,100 - 85,-15,0.0,0,,,,,,0,0,,,,,,0,0,,,,,
