GAME_ID,EVENTNUM,EVENTMSGTYPE,EVENTMSGACTIONTYPE,PERIOD,WCTIMESTRING,PCTIMESTRING,HOMEDESCRIPTION,NEUTRALDESCRIPTION,VISITORDESCRIPTION,SCORE,SCOREMARGIN,PERSON1TYPE,PLAYER1_ID,PLAYER1_NAME,PLAYER1_TEAM_ID,PLAYER1_TEAM_CITY,PLAYER1_TEAM_NICKNAME,PLAYER1_TEAM_ABBREVIATION,PERSON2TYPE,PLAYER2_ID,PLAYER2_NAME,PLAYER2_TEAM_ID,PLAYER2_TEAM_CITY,PLAYER2_TEAM_NICKNAME,PLAYER2_TEAM_ABBREVIATION,PERSON3TYPE,PLAYER3_ID,PLAYER3_NAME,PLAYER3_TEAM_ID,PLAYER3_TEAM_CITY,PLAYER3_TEAM_NICKNAME,PLAYER3_TEAM_ABBREVIATION
0021500078,0,12,0,1,7:42 PM,12:00,,,,,,0.0,0,,,,,,0,0,,,,,,0,0,,,,,
0021500078,1,10,0,1,7:42 PM,12:00,Jump Ball Mozgov vs. Noel: Tip to Cunningham,,,,,4.0,202389,Timofey Mozgov,1610612739.0,Cleveland,Cavaliers,CLE,5,203457,Nerlens Noel,1610612755.0,Philadelphia,76ers,PHI,4,203099,Jared Cunningham,1610612739.0,Cleveland,Cavaliers,CLE
0021500078,2,6,1,1,7:42 PM,11:48,,,Stauskas P.FOUL (P1.T1) (M.Ervin),,,5.0,203917,Nik Stauskas,1610612755.0,Philadelphia,76ers,PHI,4,201567,Kevin Love,1610612739.0,Cleveland,Cavaliers,CLE,1,0,,,,,
0021500078,3,5,1,1,7:43 PM,11:47,Williams Bad Pass Turnover (P1.T1),,Noel STEAL (1 STL),,,4.0,2590,Mo Williams,1610612739.0,Cleveland,Cavaliers,CLE,5,203457,Nerlens Noel,1610612755.0,Philadelphia,76ers,PHI,0,0,,,,,
0021500078,4,5,2,1,7:43 PM,11:41,Cunningham STEAL (1 STL),,McConnell Lost Ball Turnover (P1.T1),,,5.0,204456,T.J. McConnell,1610612755.0,Philadelphia,76ers,PHI,4,203099,Jared Cunningham,1610612739.0,Cleveland,Cavaliers,CLE,0,0,,,,,
0021500078,5,5,40,1,7:43 PM,11:36,Cunningham Out of Bounds Lost Ball Turnover (P1.T2),,,,,4.0,203099,Jared Cunningham,1610612739.0,Cleveland,Cavaliers,CLE,0,0,,,,,,0,0,,,,,
0021500078,6,1,78,1,7:43 PM,11:14,,,McConnell 12' Floating Jump Shot (2 PTS) (Grant 1 AST),2 - 0,-2,5.0,204456,T.J. McConnell,1610612755.0,Philadelphia,76ers,PHI,5,203924,Jerami Grant,1610612755.0,Philadelphia,76ers,PHI,0,0,,,,,
0021500078,7,1,1,1,7:43 PM,11:01,Love 26' 3PT Jump Shot (3 PTS) (James 1 AST),,,2 - 3,1,4.0,201567,Kevin Love,1610612739.0,Cleveland,Cavaliers,CLE,4,2544,LeBron James,1610612739.0,Cleveland,Cavaliers,CLE,0,0,,,,,
0021500078,8,5,45,1,7:44 PM,10:46,,,Stauskas Out of Bounds - Bad Pass Turnover Turnover (P1.T2),,,5.0,203917,Nik Stauskas,1610612755.0,Philadelphia,76ers,PHI,0,0,,,,,,0,0,,,,,
0021500078,9,2,1,1,7:44 PM,10:25,MISS Love 26' 3PT Jump Shot,,,,,4.0,201567,Kevin Love,1610612739.0,Cleveland,Cavaliers,CLE,0,0,,,,,,0,0,,,,,
0021500078,10,4,0,1,7:44 PM,10:25,Mozgov REBOUND (Off:1 Def:0),,,,,4.0,202389,Timofey Mozgov,1610612739.0,Cleveland,Cavaliers,CLE,0,0,,,,,,0,0,,,,,
0021500078,11,1,1,1,7:44 PM,10:24,Mozgov 4' Jump Shot (2 PTS),,,2 - 5,3,4.0,202389,Timofey Mozgov,1610612739.0,Cleveland,Cavaliers,CLE,0,0,,,,,,0,0,,,,,
0021500078,12,6,2,1,7:44 PM,10:24,,,Okafor S.FOUL (P1.T2) (M.Ervin),,,5.0,1626143,Jahlil Okafor,1610612755.0,Philadelphia,76ers,PHI,4,202389,Timofey Mozgov,1610612739.0,Cleveland,Cavaliers,CLE,1,0,,,,,
0021500078,13,3,10,1,7:45 PM,10:24,MISS Mozgov Free Throw 1 of 1,,,,,4.0,202389,Timofey Mozgov,1610612739.0,Cleveland,Cavaliers,CLE,0,0,,,,,,0,0,,,,,
0021500078,15,4,0,1,7:45 PM,10:24,Love REBOUND (Off:1 Def:0),,,,,4.0,201567,Kevin Love,1610612739.0,Cleveland,Cavaliers,CLE,0,0,,,,,,0,0,,,,,
0021500078,16,2,7,1,7:45 PM,10:15,MISS Love  Dunk,,Grant BLOCK (1 BLK),,,4.0,201567,Kevin Love,1610612739.0,Cleveland,Cavaliers,CLE,0,0,,,,,,5,203924,Jerami Grant,1610612755.0,Philadelphia,76ers,PHI
0021500078,17,4,0,1,7:45 PM,10:15,CAVALIERS Rebound,,,,,2.0,1610612739,,,,,,0,0,,,,,,0,0,,,,,
0021500078,20,1,103,1,7:45 PM,10:10,Williams 18' Running Pull-Up Jump Shot (2 PTS) (James 2 AST),,,2 - 7,5,4.0,2590,Mo Williams,1610612739.0,Cleveland,Cavaliers,CLE,4,2544,LeBron James,1610612739.0,Cleveland,Cavaliers,CLE,0,0,,,,,
0021500078,21,7,5,1,7:46 PM,10:03,Williams Violation:Kicked Ball (E.Lewis),,,,,4.0,2590,Mo Williams,1610612739.0,Cleveland,Cavaliers,CLE,0,0,,,,,,1,0,,,,,
0021500078,22,2,1,1,7:46 PM,9:48,,,MISS Noel 18' Jump Shot,,,5.0,203457,Nerlens Noel,1610612755.0,Philadelphia,76ers,PHI,0,0,,,,,,0,0,,,,,
0021500078,23,4,0,1,7:46 PM,9:48,Williams REBOUND (Off:0 Def:1),,,,,4.0,2590,Mo Williams,1610612739.0,Cleveland,Cavaliers,CLE,0,0,,,,,,0,0,,,,,
0021500078,24,1,41,1,7:46 PM,9:41,James 1' Running Layup (2 PTS),,,2 - 9,7,4.0,2544,LeBron James,1610612739.0,Cleveland,Cavaliers,CLE,0,0,,,,,,0,0,,,,,
0021500078,25,1,1,1,7:46 PM,9:24,,,McConnell 24' 3PT Jump Shot (5 PTS),5 - 9,4,5.0,204456,T.J. McConnell,1610612755.0,Philadelphia,76ers,PHI,0,0,,,,,,0,0,,,,,
0021500078,26,1,80,1,7:47 PM,9:05,Williams 17' Step Back Jump Shot (4 PTS),,,5 - 11,6,4.0,2590,Mo Williams,1610612739.0,Cleveland,Cavaliers,CLE,0,0,,,,,,0,0,,,,,
0021500078,27,2,44,1,7:47 PM,8:44,,,MISS Okafor 3' Reverse Layup,,,5.0,1626143,Jahlil Okafor,1610612755.0,Philadelphia,76ers,PHI,0,0,,,,,,0,0,,,,,
0021500078,28,4,0,1,7:47 PM,8:43,Love REBOUND (Off:1 Def:1),,,,,4.0,201567,Kevin Love,1610612739.0,Cleveland,Cavaliers,CLE,0,0,,,,,,0,0,,,,,
0021500078,29,6,1,1,7:47 PM,8:41,,,Grant P.FOUL (P1.T3) (M.Ervin),,,5.0,203924,Jerami Grant,1610612755.0,Philadelphia,76ers,PHI,4,2544,LeBron James,1610612739.0,Cleveland,Cavaliers,CLE,1,0,,,,,
0021500078,30,1,1,1,7:48 PM,8:34,Williams 19' Jump Shot (6 PTS),,,5 - 13,8,4.0,2590,Mo Williams,1610612739.0,Cleveland,Cavaliers,CLE,0,0,,,,,,0,0,,,,,
0021500078,31,1,42,1,7:48 PM,8:19,,,Okafor 2' Driving Layup (2 PTS),7 - 13,6,5.0,1626143,Jahlil Okafor,1610612755.0,Philadelphia,76ers,PHI,0,0,,,,,,0,0,,,,,
0021500078,32,6,2,1,7:48 PM,8:19,Williams S.FOUL (P1.T1) (M.Ervin),,,,,4.0,2590,Mo Williams,1610612739.0,Cleveland,Cavaliers,CLE,5,1626143,Jahlil Okafor,1610612755.0,Philadelphia,76ers,PHI,1,0,,,,,
0021500078,33,3,10,1,7:48 PM,8:19,,,MISS Okafor Free Throw 1 of 1,,,5.0,1626143,Jahlil Okafor,1610612755.0,Philadelphia,76ers,PHI,0,0,,,,,,0,0,,,,,
0021500078,35,4,0,1,7:48 PM,8:19,,,Noel REBOUND (Off:1 Def:0),,,5.0,203457,Nerlens Noel,1610612755.0,Philadelphia,76ers,PHI,0,0,,,,,,0,0,,,,,
0021500078,36,6,2,1,7:49 PM,8:05,Cunningham S.FOUL (P1.T2) (E.Lewis),,,,,4.0,203099,Jared Cunningham,1610612739.0,Cleveland,Cavaliers,CLE,5,203924,Jerami Grant,1610612755.0,Philadelphia,76ers,PHI,1,0,,,,,
0021500078,37,3,11,1,7:49 PM,8:05,,,Grant Free Throw 1 of 2 (1 PTS),8 - 13,5,5.0,203924,Jerami Grant,1610612755.0,Philadelphia,76ers,PHI,0,0,,,,,,0,0,,,,,
0021500078,39,3,12,1,7:49 PM,8:05,,,Grant Free Throw 2 of 2 (2 PTS),9 - 13,4,5.0,203924,Jerami Grant,1610612755.0,Philadelphia,76ers,PHI,0,0,,,,,,0,0,,,,,
0021500078,41,2,5,1,7:49 PM,7:50,MISS Cunningham 1' Layup,,Grant BLOCK (2 BLK),,,4.0,203099,Jared Cunningham,1610612739.0,Cleveland,Cavaliers,CLE,0,0,,,,,,5,203924,Jerami Grant,1610612755.0,Philadelphia,76ers,PHI
0021500078,42,4,0,1,7:49 PM,7:49,Love REBOUND (Off:2 Def:1),,,,,4.0,201567,Kevin Love,1610612739.0,Cleveland,Cavaliers,CLE,0,0,,,,,,0,0,,,,,
0021500078,43,5,2,1,7:50 PM,7:47,Love Lost Ball Turnover (P1.T3),,Noel STEAL (2 STL),,,4.0,201567,Kevin Love,1610612739.0,Cleveland,Cavaliers,CLE,5,203457,Nerlens Noel,1610612755.0,Philadelphia,76ers,PHI,0,0,,,,,
0021500078,44,2,79,1,7:50 PM,7:40,,,MISS Okafor 5' Pullup Jump Shot,,,5.0,1626143,Jahlil Okafor,1610612755.0,Philadelphia,76ers,PHI,0,0,,,,,,0,0,,,,,
0021500078,45,4,0,1,7:50 PM,7:38,Love REBOUND (Off:2 Def:2),,,,,4.0,201567,Kevin Love,1610612739.0,Cleveland,Cavaliers,CLE,0,0,,,,,,0,0,,,,,
0021500078,46,1,98,1,7:50 PM,7:26,Mozgov 1' Cutting Layup Shot (4 PTS) (Williams 1 AST),,,9 - 15,6,4.0,202389,Timofey Mozgov,1610612739.0,Cleveland,Cavaliers,CLE,4,2590,Mo Williams,1610612739.0,Cleveland,Cavaliers,CLE,0,0,,,,,
0021500078,47,5,45,1,7:50 PM,7:20,,,McConnell Out of Bounds - Bad Pass Turnover Turnover (P2.T3),,,5.0,204456,T.J. McConnell,1610612755.0,Philadelphia,76ers,PHI,0,0,,,,,,0,0,,,,,
0021500078,48,8,0,1,7:50 PM,7:20,,,SUB: Thompson FOR Noel,,,5.0,203457,Nerlens Noel,1610612755.0,Philadelphia,76ers,PHI,5,203138,Hollis Thompson,1610612755.0,Philadelphia,76ers,PHI,0,0,,,,,
0021500078,49,8,0,1,7:50 PM,7:20,,,SUB: Holmes FOR Stauskas,,,5.0,203917,Nik Stauskas,1610612755.0,Philadelphia,76ers,PHI,5,1626158,Richaun Holmes,1610612755.0,Philadelphia,76ers,PHI,0,0,,,,,
0021500078,50,1,85,1,7:50 PM,7:06,Mozgov 5' Turnaround Bank Shot (6 PTS),,,9 - 17,8,4.0,202389,Timofey Mozgov,1610612739.0,Cleveland,Cavaliers,CLE,0,0,,,,,,0,0,,,,,
0021500078,51,9,1,1,7:51 PM,7:06,,,76ers Timeout: Regular (Reg.1 Short 0),,,3.0,1610612755,,,,,,0,0,,,,,,0,0,,,,,
0021500078,53,8,0,1,7:53 PM,7:06,,,SUB: Sampson FOR Grant,,,5.0,203924,Jerami Grant,1610612755.0,Philadelphia,76ers,PHI,5,203960,JaKarr Sampson,1610612755.0,Philadelphia,76ers,PHI,0,0,,,,,
0021500078,55,1,63,1,7:54 PM,6:40,,,Sampson 6' Fadeaway Jumper (2 PTS) (Okafor 1 AST),11 - 17,6,5.0,203960,JaKarr Sampson,1610612755.0,Philadelphia,76ers,PHI,5,1626143,Jahlil Okafor,1610612755.0,Philadelphia,76ers,PHI,0,0,,,,,
0021500078,56,2,78,1,7:54 PM,6:24,MISS Mozgov 8' Floating Jump Shot,,,,,4.0,202389,Timofey Mozgov,1610612739.0,Cleveland,Cavaliers,CLE,0,0,,,,,,0,0,,,,,
0021500078,57,4,0,1,7:54 PM,6:20,,,Okafor REBOUND (Off:0 Def:1),,,5.0,1626143,Jahlil Okafor,1610612755.0,Philadelphia,76ers,PHI,0,0,,,,,,0,0,,,,,
0021500078,58,1,7,1,7:54 PM,6:09,,,Okafor  Dunk (4 PTS) (Holmes 1 AST),13 - 17,4,5.0,1626143,Jahlil Okafor,1610612755.0,Philadelphia,76ers,PHI,5,1626158,Richaun Holmes,1610612755.0,Philadelphia,76ers,PHI,0,0,,,,,
0021500078,59,2,1,1,7:54 PM,5:51,MISS James 16' Jump Shot,,,,,4.0,2544,LeBron James,1610612739.0,Cleveland,Cavaliers,CLE,0,0,,,,,,0,0,,,,,
0021500078,60,4,0,1,7:54 PM,5:50,Mozgov REBOUND (Off:2 Def:0),,,,,4.0,202389,Timofey Mozgov,1610612739.0,Cleveland,Cavaliers,CLE,0,0,,,,,,0,0,,,,,
0021500078,61,1,108,1,7:55 PM,5:42,Mozgov  Cutting Dunk Shot (8 PTS) (James 3 AST),,,13 - 19,6,4.0,202389,Timofey Mozgov,1610612739.0,Cleveland,Cavaliers,CLE,4,2544,LeBron James,1610612739.0,Cleveland,Cavaliers,CLE,0,0,,,,,
0021500078,62,1,1,1,7:55 PM,5:18,,,Sampson 20' Jump Shot (4 PTS) (Holmes 2 AST),15 - 19,4,5.0,203960,JaKarr Sampson,1610612755.0,Philadelphia,76ers,PHI,5,1626158,Richaun Holmes,1610612755.0,Philadelphia,76ers,PHI,0,0,,,,,
0021500078,63,2,1,1,7:55 PM,4:53,MISS Love 24' 3PT Jump Shot,,,,,4.0,201567,Kevin Love,1610612739.0,Cleveland,Cavaliers,CLE,0,0,,,,,,0,0,,,,,
0021500078,64,4,0,1,7:55 PM,4:53,,,McConnell REBOUND (Off:0 Def:1),,,5.0,204456,T.J. McConnell,1610612755.0,Philadelphia,76ers,PHI,0,0,,,,,,0,0,,,,,
0021500078,65,6,1,1,7:56 PM,4:39,Mozgov P.FOUL (P1.T3) (M.McCutchen),,,,,4.0,202389,Timofey Mozgov,1610612739.0,Cleveland,Cavaliers,CLE,5,1626143,Jahlil Okafor,1610612755.0,Philadelphia,76ers,PHI,1,0,,,,,
0021500078,66,8,0,1,7:56 PM,4:39,,,SUB: Pressey FOR McConnell,,,5.0,204456,T.J. McConnell,1610612755.0,Philadelphia,76ers,PHI,5,203515,Phil Pressey,1610612755.0,Philadelphia,76ers,PHI,0,0,,,,,
0021500078,67,8,0,1,7:56 PM,4:39,,,SUB: Noel FOR Okafor,,,5.0,1626143,Jahlil Okafor,1610612755.0,Philadelphia,76ers,PHI,5,203457,Nerlens Noel,1610612755.0,Philadelphia,76ers,PHI,0,0,,,,,
0021500078,68,8,0,1,7:56 PM,4:39,SUB: Thompson FOR Mozgov,,,,,4.0,202389,Timofey Mozgov,1610612739.0,Cleveland,Cavaliers,CLE,4,202684,Tristan Thompson,1610612739.0,Cleveland,Cavaliers,CLE,0,0,,,,,
0021500078,69,8,0,1,7:56 PM,4:39,SUB: Jefferson FOR Cunningham,,,,,4.0,203099,Jared Cunningham,1610612739.0,Cleveland,Cavaliers,CLE,4,2210,Richard Jefferson,1610612739.0,Cleveland,Cavaliers,CLE,0,0,,,,,
0021500078,70,2,1,1,7:56 PM,4:28,,,MISS Pressey 19' Jump Shot,,,5.0,203515,Phil Pressey,1610612755.0,Philadelphia,76ers,PHI,0,0,,,,,,0,0,,,,,
0021500078,71,4,0,1,7:56 PM,4:27,Thompson REBOUND (Off:0 Def:1),,,,,4.0,202684,Tristan Thompson,1610612739.0,Cleveland,Cavaliers,CLE,0,0,,,,,,0,0,,,,,
0021500078,72,1,58,1,7:56 PM,4:18,Love 7' Turnaround Hook Shot (5 PTS) (James 4 AST),,,15 - 21,6,4.0,201567,Kevin Love,1610612739.0,Cleveland,Cavaliers,CLE,4,2544,LeBron James,1610612739.0,Cleveland,Cavaliers,CLE,0,0,,,,,
0021500078,73,1,1,1,7:57 PM,4:05,,,Thompson 25' 3PT Jump Shot (3 PTS) (Pressey 1 AST),18 - 21,3,5.0,203138,Hollis Thompson,1610612755.0,Philadelphia,76ers,PHI,5,203515,Phil Pressey,1610612755.0,Philadelphia,76ers,PHI,0,0,,,,,
0021500078,74,1,1,1,7:57 PM,3:50,Jefferson 24' 3PT Jump Shot (3 PTS) (James 5 AST),,,18 - 24,6,4.0,2210,Richard Jefferson,1610612739.0,Cleveland,Cavaliers,CLE,4,2544,LeBron James,1610612739.0,Cleveland,Cavaliers,CLE,0,0,,,,,
0021500078,75,6,1,1,7:57 PM,3:46,Williams P.FOUL (P2.T4) (E.Lewis),,,,,4.0,2590,Mo Williams,1610612739.0,Cleveland,Cavaliers,CLE,5,203515,Phil Pressey,1610612755.0,Philadelphia,76ers,PHI,1,0,,,,,
0021500078,76,8,0,1,7:57 PM,3:46,SUB: Dellavedova FOR Williams,,,,,4.0,2590,Mo Williams,1610612739.0,Cleveland,Cavaliers,CLE,4,203521,Matthew Dellavedova,1610612739.0,Cleveland,Cavaliers,CLE,0,0,,,,,
0021500078,77,5,1,1,7:58 PM,3:42,Love STEAL (1 STL),,Pressey Bad Pass Turnover (P1.T4),,,5.0,203515,Phil Pressey,1610612755.0,Philadelphia,76ers,PHI,4,201567,Kevin Love,1610612739.0,Cleveland,Cavaliers,CLE,0,0,,,,,
0021500078,78,6,26,1,7:58 PM,3:35,Love Offensive Charge Foul (P1.PN) (E.Lewis),,,,,4.0,201567,Kevin Love,1610612739.0,Cleveland,Cavaliers,CLE,5,203457,Nerlens Noel,1610612755.0,Philadelphia,76ers,PHI,1,0,,,,,
0021500078,79,5,5,1,7:58 PM,3:35,Love Foul Turnover (P2.T4),,,,,4.0,201567,Kevin Love,1610612739.0,Cleveland,Cavaliers,CLE,0,0,,,,,,1,0,,,,,
0021500078,81,2,1,1,7:58 PM,3:21,,,MISS Thompson 24' 3PT Jump Shot,,,5.0,203138,Hollis Thompson,1610612755.0,Philadelphia,76ers,PHI,0,0,,,,,,0,0,,,,,
0021500078,82,4,0,1,7:58 PM,3:20,Love REBOUND (Off:2 Def:3),,,,,4.0,201567,Kevin Love,1610612739.0,Cleveland,Cavaliers,CLE,0,0,,,,,,0,0,,,,,
0021500078,83,2,42,1,7:58 PM,3:07,MISS James 1' Driving Layup,,,,,4.0,2544,LeBron James,1610612739.0,Cleveland,Cavaliers,CLE,0,0,,,,,,0,0,,,,,
0021500078,84,4,0,1,7:58 PM,3:06,CAVALIERS Rebound,,,,,2.0,1610612739,,,,,,0,0,,,,,,0,0,,,,,
0021500078,85,6,3,1,7:58 PM,3:06,,,Sampson L.B.FOUL (P1.T4) (E.Lewis),,,5.0,203960,JaKarr Sampson,1610612755.0,Philadelphia,76ers,PHI,4,202684,Tristan Thompson,1610612739.0,Cleveland,Cavaliers,CLE,1,0,,,,,
0021500078,86,8,0,1,7:59 PM,3:06,SUB: Jones FOR Love,,,,,4.0,201567,Kevin Love,1610612739.0,Cleveland,Cavaliers,CLE,4,2592,James Jones,1610612739.0,Cleveland,Cavaliers,CLE,0,0,,,,,
0021500078,87,5,45,1,7:59 PM,2:51,Jefferson Out of Bounds - Bad Pass Turnover Turnover (P1.T5),,,,,4.0,2210,Richard Jefferson,1610612739.0,Cleveland,Cavaliers,CLE,0,0,,,,,,0,0,,,,,
0021500078,88,9,1,1,7:59 PM,2:51,CAVALIERS Timeout: Regular (Full 1 Short 0),,,,,2.0,1610612739,,,,,,0,0,,,,,,0,0,,,,,
0021500078,90,8,0,1,8:01 PM,2:51,SUB: Cunningham FOR James,,,,,4.0,2544,LeBron James,1610612739.0,Cleveland,Cavaliers,CLE,4,203099,Jared Cunningham,1610612739.0,Cleveland,Cavaliers,CLE,0,0,,,,,
0021500078,92,7,1,1,8:02 PM,2:51,,,76ers Violation: Delay of game Violation,,,3.0,1610612755,,,,,,0,0,,,,,,1,0,,,,,
0021500078,93,5,12,1,8:02 PM,2:51,,,Holmes Inbound Turnover (P1.T5),,,5.0,1626158,Richaun Holmes,1610612755.0,Philadelphia,76ers,PHI,0,0,,,,,,1,0,,,,,
0021500078,94,8,0,1,8:02 PM,2:51,,,SUB: Canaan FOR Sampson,,,5.0,203960,JaKarr Sampson,1610612755.0,Philadelphia,76ers,PHI,5,203477,Isaiah Canaan,1610612755.0,Philadelphia,76ers,PHI,0,0,,,,,
0021500078,98,8,0,1,8:02 PM,2:51,,,SUB: Grant FOR Holmes,,,5.0,1626158,Richaun Holmes,1610612755.0,Philadelphia,76ers,PHI,5,203924,Jerami Grant,1610612755.0,Philadelphia,76ers,PHI,0,0,,,,,
0021500078,95,2,1,1,8:02 PM,2:35,MISS Jefferson 17' Jump Shot,,,,,4.0,2210,Richard Jefferson,1610612739.0,Cleveland,Cavaliers,CLE,0,0,,,,,,0,0,,,,,
0021500078,96,4,0,1,8:02 PM,2:34,,,Noel REBOUND (Off:1 Def:1),,,5.0,203457,Nerlens Noel,1610612755.0,Philadelphia,76ers,PHI,0,0,,,,,,0,0,,,,,
0021500078,97,6,1,1,8:03 PM,2:22,Cunningham P.FOUL (P2.PN) (M.Ervin),,,,,4.0,203099,Jared Cunningham,1610612739.0,Cleveland,Cavaliers,CLE,5,203924,Jerami Grant,1610612755.0,Philadelphia,76ers,PHI,1,0,,,,,
0021500078,99,3,11,1,8:03 PM,2:22,,,MISS Grant Free Throw 1 of 2,,,5.0,203924,Jerami Grant,1610612755.0,Philadelphia,76ers,PHI,0,0,,,,,,0,0,,,,,
0021500078,106,4,0,1,8:03 PM,2:22,,,76ers Rebound,,,3.0,1610612755,,,,,,0,0,,,,,,0,0,,,,,
0021500078,101,3,12,1,8:03 PM,2:22,,,MISS Grant Free Throw 2 of 2,,,5.0,203924,Jerami Grant,1610612755.0,Philadelphia,76ers,PHI,0,0,,,,,,0,0,,,,,
0021500078,108,4,0,1,8:04 PM,2:21,Jefferson REBOUND (Off:0 Def:1),,,,,4.0,2210,Richard Jefferson,1610612739.0,Cleveland,Cavaliers,CLE,0,0,,,,,,0,0,,,,,
0021500078,107,3,11,1,8:04 PM,2:09,Thompson Free Throw 1 of 2 (1 PTS),,,18 - 25,7,4.0,202684,Tristan Thompson,1610612739.0,Cleveland,Cavaliers,CLE,0,0,,,,,,0,0,,,,,
0021500078,140,6,2,1,8:04 PM,2:09,,,Noel S.FOUL (P1.PN) (M.Ervin),,,5.0,203457,Nerlens Noel,1610612755.0,Philadelphia,76ers,PHI,4,202684,Tristan Thompson,1610612739.0,Cleveland,Cavaliers,CLE,1,0,,,,,
0021500078,116,3,12,1,8:04 PM,2:09,MISS Thompson Free Throw 2 of 2,,,,,4.0,202684,Tristan Thompson,1610612739.0,Cleveland,Cavaliers,CLE,0,0,,,,,,0,0,,,,,
0021500078,123,4,0,1,8:04 PM,2:08,,,Grant REBOUND (Off:0 Def:1),,,5.0,203924,Jerami Grant,1610612755.0,Philadelphia,76ers,PHI,0,0,,,,,,0,0,,,,,
0021500078,110,2,42,1,8:04 PM,1:54,,,MISS Pressey 1' Driving Layup,,,5.0,203515,Phil Pressey,1610612755.0,Philadelphia,76ers,PHI,0,0,,,,,,0,0,,,,,
0021500078,111,4,0,1,8:05 PM,1:49,Thompson REBOUND (Off:0 Def:2),,,,,4.0,202684,Tristan Thompson,1610612739.0,Cleveland,Cavaliers,CLE,0,0,,,,,,0,0,,,,,
0021500078,112,2,1,1,8:05 PM,1:41,MISS Jones 22' Jump Shot,,,,,4.0,2592,James Jones,1610612739.0,Cleveland,Cavaliers,CLE,0,0,,,,,,0,0,,,,,
0021500078,113,4,0,1,8:05 PM,1:41,,,Pressey REBOUND (Off:0 Def:1),,,5.0,203515,Phil Pressey,1610612755.0,Philadelphia,76ers,PHI,0,0,,,,,,0,0,,,,,
0021500078,114,2,1,1,8:05 PM,1:34,,,MISS Noel 19' Jump Shot,,,5.0,203457,Nerlens Noel,1610612755.0,Philadelphia,76ers,PHI,0,0,,,,,,0,0,,,,,
0021500078,115,4,0,1,8:05 PM,1:33,Jones REBOUND (Off:0 Def:1),,,,,4.0,2592,James Jones,1610612739.0,Cleveland,Cavaliers,CLE,0,0,,,,,,0,0,,,,,
0021500078,117,2,46,1,8:05 PM,1:20,MISS Jefferson 8' Running Jump Shot,,,,,4.0,2210,Richard Jefferson,1610612739.0,Cleveland,Cavaliers,CLE,0,0,,,,,,0,0,,,,,
0021500078,118,4,0,1,8:05 PM,1:18,,,Grant REBOUND (Off:0 Def:2),,,5.0,203924,Jerami Grant,1610612755.0,Philadelphia,76ers,PHI,0,0,,,,,,0,0,,,,,
0021500078,119,2,1,1,8:05 PM,1:05,,,MISS Thompson  3PT Jump Shot,,,5.0,203138,Hollis Thompson,1610612755.0,Philadelphia,76ers,PHI,0,0,,,,,,0,0,,,,,
0021500078,121,4,0,1,8:05 PM,1:03,,,Noel REBOUND (Off:2 Def:1),,,5.0,203457,Nerlens Noel,1610612755.0,Philadelphia,76ers,PHI,0,0,,,,,,0,0,,,,,
0021500078,120,2,97,1,8:05 PM,1:03,,,MISS Noel 1' Tip Layup Shot,,,5.0,203457,Nerlens Noel,1610612755.0,Philadelphia,76ers,PHI,0,0,,,,,,0,0,,,,,
0021500078,122,4,0,1,8:05 PM,1:00,Dellavedova REBOUND (Off:0 Def:1),,,,,4.0,203521,Matthew Dellavedova,1610612739.0,Cleveland,Cavaliers,CLE,0,0,,,,,,0,0,,,,,
0021500078,124,1,1,1,8:05 PM,0:56,Jones 24' 3PT Jump Shot (3 PTS) (Jefferson 1 AST),,,18 - 28,10,4.0,2592,James Jones,1610612739.0,Cleveland,Cavaliers,CLE,4,2210,Richard Jefferson,1610612739.0,Cleveland,Cavaliers,CLE,0,0,,,,,
0021500078,128,8,0,1,8:07 PM,0:46,,,SUB: McConnell FOR Pressey,,,5.0,203515,Phil Pressey,1610612755.0,Philadelphia,76ers,PHI,5,204456,T.J. McConnell,1610612755.0,Philadelphia,76ers,PHI,0,0,,,,,
0021500078,129,8,0,1,8:07 PM,0:46,SUB: Harris FOR Cunningham,,,,,4.0,203099,Jared Cunningham,1610612739.0,Cleveland,Cavaliers,CLE,4,203925,Joe Harris,1610612739.0,Cleveland,Cavaliers,CLE,0,0,,,,,
0021500078,130,8,0,1,8:07 PM,0:46,SUB: Varejao FOR Thompson,,,,,4.0,202684,Tristan Thompson,1610612739.0,Cleveland,Cavaliers,CLE,4,2760,Anderson Varejao,1610612739.0,Cleveland,Cavaliers,CLE,0,0,,,,,
0021500078,131,2,1,1,8:07 PM,0:34,,,MISS McConnell 7' Jump Shot,,,5.0,204456,T.J. McConnell,1610612755.0,Philadelphia,76ers,PHI,0,0,,,,,,0,0,,,,,
0021500078,144,4,0,1,8:07 PM,0:32,,,Thompson REBOUND (Off:1 Def:0),,,5.0,203138,Hollis Thompson,1610612755.0,Philadelphia,76ers,PHI,0,0,,,,,,0,0,,,,,
0021500078,132,1,97,1,8:07 PM,0:32,,,Thompson 1' Tip Layup Shot (5 PTS),20 - 28,8,5.0,203138,Hollis Thompson,1610612755.0,Philadelphia,76ers,PHI,0,0,,,,,,0,0,,,,,
0021500078,134,2,1,1,8:07 PM,0:17,MISS Dellavedova 22' Jump Shot,,,,,4.0,203521,Matthew Dellavedova,1610612739.0,Cleveland,Cavaliers,CLE,0,0,,,,,,0,0,,,,,
0021500078,135,4,0,1,8:08 PM,0:16,,,Thompson REBOUND (Off:1 Def:1),,,5.0,203138,Hollis Thompson,1610612755.0,Philadelphia,76ers,PHI,0,0,,,,,,0,0,,,,,
0021500078,137,1,108,1,8:08 PM,0:03,,,Noel  Cutting Dunk Shot (2 PTS) (McConnell 1 AST),22 - 28,6,5.0,203457,Nerlens Noel,1610612755.0,Philadelphia,76ers,PHI,5,204456,T.J. McConnell,1610612755.0,Philadelphia,76ers,PHI,0,0,,,,,
0021500078,138,5,1,1,8:08 PM,0:00,Jones Bad Pass Turnover (P1.T6),,McConnell STEAL (1 STL),,,4.0,2592,James Jones,1610612739.0,Cleveland,Cavaliers,CLE,5,204456,T.J. McConnell,1610612755.0,Philadelphia,76ers,PHI,0,0,,,,,
0021500078,139,1,1,1,8:08 PM,0:00,,,McConnell 24' 3PT Jump Shot (8 PTS),25 - 28,3,5.0,204456,T.J. McConnell,1610612755.0,Philadelphia,76ers,PHI,0,0,,,,,,0,0,,,,,
0021500078,156,18,0,1,8:08 PM,0:00,,,,,,,139,,,,,,0,0,,,,,,1,0,,,,,
0021500078,142,13,0,1,8:10 PM,0:00,,,,25 - 28,3,0.0,0,,,,,,0,0,,,,,,0,0,,,,,
0021500078,146,12,0,2,8:11 PM,12:00,,,,25 - 28,3,0.0,0,,,,,,0,0,,,,,,0,0,,,,,
0021500078,147,5,1,2,8:11 PM,11:44,Varejao STEAL (1 STL),,Canaan Bad Pass Turnover (P1.T6),,,5.0,203477,Isaiah Canaan,1610612755.0,Philadelphia,76ers,PHI,4,2760,Anderson Varejao,1610612739.0,Cleveland,Cavaliers,CLE,0,0,,,,,
0021500078,149,2,1,2,8:11 PM,11:31,MISS Jones 15' Jump Shot,,,,,4.0,2592,James Jones,1610612739.0,Cleveland,Cavaliers,CLE,0,0,,,,,,0,0,,,,,
0021500078,150,4,0,2,8:11 PM,11:31,Jones REBOUND (Off:1 Def:1),,,,,4.0,2592,James Jones,1610612739.0,Cleveland,Cavaliers,CLE,0,0,,,,,,0,0,,,,,
0021500078,152,2,1,2,8:12 PM,11:22,MISS Jefferson 15' Jump Shot,,,,,4.0,2210,Richard Jefferson,1610612739.0,Cleveland,Cavaliers,CLE,0,0,,,,,,0,0,,,,,
0021500078,153,4,0,2,8:12 PM,11:21,,,Grant REBOUND (Off:0 Def:3),,,5.0,203924,Jerami Grant,1610612755.0,Philadelphia,76ers,PHI,0,0,,,,,,0,0,,,,,
0021500078,154,6,1,2,8:12 PM,11:07,Varejao P.FOUL (P1.T1) (E.Lewis),,,,,4.0,2760,Anderson Varejao,1610612739.0,Cleveland,Cavaliers,CLE,5,1626143,Jahlil Okafor,1610612755.0,Philadelphia,76ers,PHI,1,0,,,,,
0021500078,155,8,0,2,8:12 PM,11:07,,,SUB: Stauskas FOR Thompson,,,5.0,203138,Hollis Thompson,1610612755.0,Philadelphia,76ers,PHI,5,203917,Nik Stauskas,1610612755.0,Philadelphia,76ers,PHI,0,0,,,,,
0021500078,157,2,78,2,8:12 PM,10:57,,,MISS Okafor 10' Floating Jump Shot,,,5.0,1626143,Jahlil Okafor,1610612755.0,Philadelphia,76ers,PHI,0,0,,,,,,0,0,,,,,
0021500078,158,4,0,2,8:12 PM,10:55,Harris REBOUND (Off:0 Def:1),,,,,4.0,203925,Joe Harris,1610612739.0,Cleveland,Cavaliers,CLE,0,0,,,,,,0,0,,,,,
0021500078,160,1,75,2,8:13 PM,10:37,Jefferson 1' Driving Finger Roll Layup (5 PTS),,,25 - 30,5,4.0,2210,Richard Jefferson,1610612739.0,Cleveland,Cavaliers,CLE,0,0,,,,,,0,0,,,,,
0021500078,161,1,66,2,8:13 PM,10:24,,,Canaan 11' Jump Bank Shot (2 PTS),27 - 30,3,5.0,203477,Isaiah Canaan,1610612755.0,Philadelphia,76ers,PHI,0,0,,,,,,0,0,,,,,
0021500078,162,1,46,2,8:13 PM,10:05,Dellavedova 12' Running Jump Shot (2 PTS) (Jones 1 AST),,,27 - 32,5,4.0,203521,Matthew Dellavedova,1610612739.0,Cleveland,Cavaliers,CLE,4,2592,James Jones,1610612739.0,Cleveland,Cavaliers,CLE,0,0,,,,,
0021500078,163,6,2,2,8:13 PM,10:05,,,McConnell S.FOUL (P1.T1) (E.Lewis),,,5.0,204456,T.J. McConnell,1610612755.0,Philadelphia,76ers,PHI,4,203521,Matthew Dellavedova,1610612739.0,Cleveland,Cavaliers,CLE,1,0,,,,,
0021500078,164,8,0,2,8:14 PM,10:05,,,SUB: Noel FOR Canaan,,,5.0,203477,Isaiah Canaan,1610612755.0,Philadelphia,76ers,PHI,5,203457,Nerlens Noel,1610612755.0,Philadelphia,76ers,PHI,0,0,,,,,
0021500078,165,8,0,2,8:14 PM,10:05,SUB: Love FOR Harris,,,,,4.0,203925,Joe Harris,1610612739.0,Cleveland,Cavaliers,CLE,4,201567,Kevin Love,1610612739.0,Cleveland,Cavaliers,CLE,0,0,,,,,
0021500078,166,8,0,2,8:14 PM,10:05,SUB: James FOR Jones,,,,,4.0,2592,James Jones,1610612739.0,Cleveland,Cavaliers,CLE,4,2544,LeBron James,1610612739.0,Cleveland,Cavaliers,CLE,0,0,,,,,
0021500078,167,3,10,2,8:14 PM,10:05,Dellavedova Free Throw 1 of 1 (3 PTS),,,27 - 33,6,4.0,203521,Matthew Dellavedova,1610612739.0,Cleveland,Cavaliers,CLE,0,0,,,,,,0,0,,,,,
0021500078,170,2,1,2,8:14 PM,9:41,,,MISS Grant 26' 3PT Jump Shot,,,5.0,203924,Jerami Grant,1610612755.0,Philadelphia,76ers,PHI,0,0,,,,,,0,0,,,,,
0021500078,171,4,0,2,8:14 PM,9:40,Love REBOUND (Off:2 Def:4),,,,,4.0,201567,Kevin Love,1610612739.0,Cleveland,Cavaliers,CLE,0,0,,,,,,0,0,,,,,
0021500078,172,5,8,2,8:15 PM,9:31,Varejao 3 Second Violation Turnover (P1.T7),,,,,4.0,2760,Anderson Varejao,1610612739.0,Cleveland,Cavaliers,CLE,0,0,,,,,,1,0,,,,,
0021500078,173,9,1,2,8:15 PM,9:31,,,76ers Timeout: Regular (Reg.2 Short 0),,,3.0,1610612755,,,,,,0,0,,,,,,0,0,,,,,
0021500078,177,2,47,2,8:18 PM,9:06,,,MISS Okafor 11' Turnaround Jump Shot,,,5.0,1626143,Jahlil Okafor,1610612755.0,Philadelphia,76ers,PHI,0,0,,,,,,0,0,,,,,
0021500078,178,4,0,2,8:18 PM,9:04,James REBOUND (Off:0 Def:1),,,,,4.0,2544,LeBron James,1610612739.0,Cleveland,Cavaliers,CLE,0,0,,,,,,0,0,,,,,
0021500078,179,6,26,2,8:18 PM,9:01,James Offensive Charge Foul (P1.T2) (E.Lewis),,,,,4.0,2544,LeBron James,1610612739.0,Cleveland,Cavaliers,CLE,5,203924,Jerami Grant,1610612755.0,Philadelphia,76ers,PHI,1,0,,,,,
0021500078,180,5,5,2,8:18 PM,9:01,James Foul Turnover (P1.T8),,,,,4.0,2544,LeBron James,1610612739.0,Cleveland,Cavaliers,CLE,0,0,,,,,,1,0,,,,,
0021500078,181,8,0,2,8:18 PM,9:01,,,SUB: Sampson FOR Grant,,,5.0,203924,Jerami Grant,1610612755.0,Philadelphia,76ers,PHI,5,203960,JaKarr Sampson,1610612755.0,Philadelphia,76ers,PHI,0,0,,,,,
0021500078,182,1,82,2,8:18 PM,8:44,,,Stauskas 5' Driving Bank Shot (2 PTS),29 - 33,4,5.0,203917,Nik Stauskas,1610612755.0,Philadelphia,76ers,PHI,0,0,,,,,,0,0,,,,,
0021500078,183,1,1,2,8:19 PM,8:33,Varejao 15' Jump Shot (2 PTS) (James 6 AST),,,29 - 35,6,4.0,2760,Anderson Varejao,1610612739.0,Cleveland,Cavaliers,CLE,4,2544,LeBron James,1610612739.0,Cleveland,Cavaliers,CLE,0,0,,,,,
0021500078,184,5,40,2,8:19 PM,8:12,,,Okafor Out of Bounds Lost Ball Turnover (P1.T7),,,5.0,1626143,Jahlil Okafor,1610612755.0,Philadelphia,76ers,PHI,0,0,,,,,,0,0,,,,,
0021500078,185,8,0,2,8:19 PM,8:12,SUB: Williams FOR Dellavedova,,,,,4.0,203521,Matthew Dellavedova,1610612739.0,Cleveland,Cavaliers,CLE,4,2590,Mo Williams,1610612739.0,Cleveland,Cavaliers,CLE,0,0,,,,,
0021500078,186,2,47,2,8:19 PM,7:56,MISS James 14' Turnaround Jump Shot,,,,,4.0,2544,LeBron James,1610612739.0,Cleveland,Cavaliers,CLE,0,0,,,,,,0,0,,,,,
0021500078,187,4,0,2,8:19 PM,7:56,,,76ers Rebound,,,3.0,1610612755,,,,,,0,0,,,,,,0,0,,,,,
0021500078,188,2,1,2,8:20 PM,7:41,,,MISS Stauskas 25' 3PT Jump Shot,,,5.0,203917,Nik Stauskas,1610612755.0,Philadelphia,76ers,PHI,0,0,,,,,,0,0,,,,,
0021500078,189,4,0,2,8:20 PM,7:40,Love REBOUND (Off:2 Def:5),,,,,4.0,201567,Kevin Love,1610612739.0,Cleveland,Cavaliers,CLE,0,0,,,,,,0,0,,,,,
0021500078,190,1,76,2,8:20 PM,7:36,James 1' Running Finger Roll Layup (4 PTS) (Williams 2 AST),,,29 - 37,8,4.0,2544,LeBron James,1610612739.0,Cleveland,Cavaliers,CLE,4,2590,Mo Williams,1610612739.0,Cleveland,Cavaliers,CLE,0,0,,,,,
0021500078,191,6,2,2,8:20 PM,7:36,,,Sampson S.FOUL (P2.T2) (E.Lewis),,,5.0,203960,JaKarr Sampson,1610612755.0,Philadelphia,76ers,PHI,4,2544,LeBron James,1610612739.0,Cleveland,Cavaliers,CLE,1,0,,,,,
0021500078,192,3,10,2,8:20 PM,7:36,MISS James Free Throw 1 of 1,,,,,4.0,2544,LeBron James,1610612739.0,Cleveland,Cavaliers,CLE,0,0,,,,,,0,0,,,,,
0021500078,195,4,0,2,8:20 PM,7:34,Love REBOUND (Off:3 Def:5),,,,,4.0,201567,Kevin Love,1610612739.0,Cleveland,Cavaliers,CLE,0,0,,,,,,0,0,,,,,
0021500078,194,2,97,2,8:20 PM,7:34,MISS Love  Tip Layup Shot,,,,,4.0,201567,Kevin Love,1610612739.0,Cleveland,Cavaliers,CLE,0,0,,,,,,0,0,,,,,
0021500078,196,4,0,2,8:20 PM,7:31,Love REBOUND (Off:4 Def:5),,,,,4.0,201567,Kevin Love,1610612739.0,Cleveland,Cavaliers,CLE,0,0,,,,,,0,0,,,,,
0021500078,197,1,49,2,8:21 PM,7:23,James 2' Driving Dunk (6 PTS),,,29 - 39,10,4.0,2544,LeBron James,1610612739.0,Cleveland,Cavaliers,CLE,0,0,,,,,,0,0,,,,,
0021500078,206,5,41,2,8:21 PM,7:08,Love STEAL (2 STL),,Noel Poss Lost Ball Turnover (P1.T8),,,5.0,203457,Nerlens Noel,1610612755.0,Philadelphia,76ers,PHI,4,201567,Kevin Love,1610612739.0,Cleveland,Cavaliers,CLE,0,0,,,,,
0021500078,212,5,1,2,8:21 PM,7:07,Love Bad Pass Turnover (P3.T9),,Sampson STEAL (1 STL),,,4.0,201567,Kevin Love,1610612739.0,Cleveland,Cavaliers,CLE,5,203960,JaKarr Sampson,1610612755.0,Philadelphia,76ers,PHI,0,0,,,,,
0021500078,198,6,4,2,8:21 PM,7:04,,,Sampson OFF.Foul (P3) (M.Ervin),,,5.0,203960,JaKarr Sampson,1610612755.0,Philadelphia,76ers,PHI,4,2210,Richard Jefferson,1610612739.0,Cleveland,Cavaliers,CLE,1,0,,,,,
0021500078,199,5,5,2,8:21 PM,7:04,,,Sampson Foul Turnover (P1.T9),,,5.0,203960,JaKarr Sampson,1610612755.0,Philadelphia,76ers,PHI,0,0,,,,,,1,0,,,,,
0021500078,201,8,0,2,8:21 PM,7:04,,,SUB: Grant FOR Sampson,,,5.0,203960,JaKarr Sampson,1610612755.0,Philadelphia,76ers,PHI,5,203924,Jerami Grant,1610612755.0,Philadelphia,76ers,PHI,0,0,,,,,
0021500078,200,5,21,2,8:21 PM,6:56,Williams Palming Turnover (P2.T10),,,,,4.0,2590,Mo Williams,1610612739.0,Cleveland,Cavaliers,CLE,0,0,,,,,,1,0,,,,,
0021500078,202,6,4,2,8:22 PM,6:36,,,Okafor OFF.Foul (P2) (M.McCutchen),,,5.0,1626143,Jahlil Okafor,1610612755.0,Philadelphia,76ers,PHI,4,2760,Anderson Varejao,1610612739.0,Cleveland,Cavaliers,CLE,1,0,,,,,
0021500078,203,5,5,2,8:22 PM,6:36,,,Okafor Foul Turnover (P2.T10),,,5.0,1626143,Jahlil Okafor,1610612755.0,Philadelphia,76ers,PHI,0,0,,,,,,1,0,,,,,
0021500078,204,2,1,2,8:23 PM,6:21,MISS Love 24' 3PT Jump Shot,,,,,4.0,201567,Kevin Love,1610612739.0,Cleveland,Cavaliers,CLE,0,0,,,,,,0,0,,,,,
0021500078,205,4,0,2,8:23 PM,6:21,,,Okafor REBOUND (Off:0 Def:2),,,5.0,1626143,Jahlil Okafor,1610612755.0,Philadelphia,76ers,PHI,0,0,,,,,,0,0,,,,,
0021500078,207,1,67,2,8:23 PM,6:05,,,Noel 7' Hook Bank Shot (4 PTS) (McConnell 2 AST),31 - 39,8,5.0,203457,Nerlens Noel,1610612755.0,Philadelphia,76ers,PHI,5,204456,T.J. McConnell,1610612755.0,Philadelphia,76ers,PHI,0,0,,,,,
0021500078,208,5,1,2,8:23 PM,5:55,Love Bad Pass Turnover (P4.T11),,Noel STEAL (3 STL),,,4.0,201567,Kevin Love,1610612739.0,Cleveland,Cavaliers,CLE,5,203457,Nerlens Noel,1610612755.0,Philadelphia,76ers,PHI,0,0,,,,,
0021500078,209,2,71,2,8:23 PM,5:51,,,MISS Okafor 2' Finger Roll Layup,,,5.0,1626143,Jahlil Okafor,1610612755.0,Philadelphia,76ers,PHI,0,0,,,,,,0,0,,,,,
0021500078,211,4,0,2,8:23 PM,5:51,,,Grant REBOUND (Off:1 Def:3),,,5.0,203924,Jerami Grant,1610612755.0,Philadelphia,76ers,PHI,0,0,,,,,,0,0,,,,,
0021500078,210,1,97,2,8:23 PM,5:51,,,Grant 1' Tip Layup Shot (4 PTS),33 - 39,6,5.0,203924,Jerami Grant,1610612755.0,Philadelphia,76ers,PHI,0,0,,,,,,0,0,,,,,
0021500078,213,9,1,2,8:23 PM,5:51,CAVALIERS Timeout: Regular (Full 2 Short 0),,,,,2.0,1610612739,,,,,,0,0,,,,,,0,0,,,,,
0021500078,214,8,0,2,8:25 PM,5:51,SUB: Mozgov FOR Varejao,,,,,4.0,2760,Anderson Varejao,1610612739.0,Cleveland,Cavaliers,CLE,4,202389,Timofey Mozgov,1610612739.0,Cleveland,Cavaliers,CLE,0,0,,,,,
0021500078,217,1,1,2,8:26 PM,5:39,Love 26' 3PT Jump Shot (8 PTS) (James 7 AST),,,33 - 42,9,4.0,201567,Kevin Love,1610612739.0,Cleveland,Cavaliers,CLE,4,2544,LeBron James,1610612739.0,Cleveland,Cavaliers,CLE,0,0,,,,,
0021500078,219,1,46,2,8:26 PM,5:23,,,Noel 5' Running Jump Shot (6 PTS),35 - 42,7,5.0,203457,Nerlens Noel,1610612755.0,Philadelphia,76ers,PHI,0,0,,,,,,0,0,,,,,
0021500078,221,2,80,2,8:26 PM,5:01,MISS Love 24' 3PT Step Back Jump Shot,,,,,4.0,201567,Kevin Love,1610612739.0,Cleveland,Cavaliers,CLE,0,0,,,,,,0,0,,,,,
0021500078,222,4,0,2,8:26 PM,5:01,,,Noel REBOUND (Off:2 Def:2),,,5.0,203457,Nerlens Noel,1610612755.0,Philadelphia,76ers,PHI,0,0,,,,,,0,0,,,,,
0021500078,223,2,5,2,8:27 PM,4:42,,,MISS Okafor 2' Layup,,,5.0,1626143,Jahlil Okafor,1610612755.0,Philadelphia,76ers,PHI,0,0,,,,,,0,0,,,,,
0021500078,224,4,0,2,8:27 PM,4:41,Mozgov REBOUND (Off:2 Def:1),,,,,4.0,202389,Timofey Mozgov,1610612739.0,Cleveland,Cavaliers,CLE,0,0,,,,,,0,0,,,,,
0021500078,225,2,80,2,8:27 PM,4:33,MISS Williams 13' Step Back Jump Shot,,,,,4.0,2590,Mo Williams,1610612739.0,Cleveland,Cavaliers,CLE,0,0,,,,,,0,0,,,,,
0021500078,227,4,0,2,8:27 PM,4:31,Love REBOUND (Off:5 Def:5),,,,,4.0,201567,Kevin Love,1610612739.0,Cleveland,Cavaliers,CLE,0,0,,,,,,0,0,,,,,
0021500078,226,2,97,2,8:27 PM,4:31,MISS Love 1' Tip Layup Shot,,,,,4.0,201567,Kevin Love,1610612739.0,Cleveland,Cavaliers,CLE,0,0,,,,,,0,0,,,,,
0021500078,228,4,0,2,8:27 PM,4:29,,,Noel REBOUND (Off:2 Def:3),,,5.0,203457,Nerlens Noel,1610612755.0,Philadelphia,76ers,PHI,0,0,,,,,,0,0,,,,,
0021500078,229,1,5,2,8:27 PM,4:15,,,Okafor 1' Layup (6 PTS),37 - 42,5,5.0,1626143,Jahlil Okafor,1610612755.0,Philadelphia,76ers,PHI,0,0,,,,,,0,0,,,,,
0021500078,231,1,5,2,8:27 PM,3:58,Mozgov 1' Layup (10 PTS) (Williams 3 AST),,,37 - 44,7,4.0,202389,Timofey Mozgov,1610612739.0,Cleveland,Cavaliers,CLE,4,2590,Mo Williams,1610612739.0,Cleveland,Cavaliers,CLE,0,0,,,,,
0021500078,232,6,2,2,8:27 PM,3:58,,,Grant S.FOUL (P2.T3) (E.Lewis),,,5.0,203924,Jerami Grant,1610612755.0,Philadelphia,76ers,PHI,4,202389,Timofey Mozgov,1610612739.0,Cleveland,Cavaliers,CLE,1,0,,,,,
0021500078,234,8,0,2,8:28 PM,3:58,,,SUB: Pressey FOR McConnell,,,5.0,204456,T.J. McConnell,1610612755.0,Philadelphia,76ers,PHI,5,203515,Phil Pressey,1610612755.0,Philadelphia,76ers,PHI,0,0,,,,,
0021500078,235,8,0,2,8:28 PM,3:58,,,SUB: Holmes FOR Noel,,,5.0,203457,Nerlens Noel,1610612755.0,Philadelphia,76ers,PHI,5,1626158,Richaun Holmes,1610612755.0,Philadelphia,76ers,PHI,0,0,,,,,
0021500078,236,8,0,2,8:28 PM,3:58,SUB: Dellavedova FOR Jefferson,,,,,4.0,2210,Richard Jefferson,1610612739.0,Cleveland,Cavaliers,CLE,4,203521,Matthew Dellavedova,1610612739.0,Cleveland,Cavaliers,CLE,0,0,,,,,
0021500078,237,3,10,2,8:28 PM,3:58,Mozgov Free Throw 1 of 1 (11 PTS),,,37 - 45,8,4.0,202389,Timofey Mozgov,1610612739.0,Cleveland,Cavaliers,CLE,0,0,,,,,,0,0,,,,,
0021500078,240,5,2,2,8:28 PM,3:49,Dellavedova STEAL (1 STL),,Pressey Lost Ball Turnover (P2.T11),,,5.0,203515,Phil Pressey,1610612755.0,Philadelphia,76ers,PHI,4,203521,Matthew Dellavedova,1610612739.0,Cleveland,Cavaliers,CLE,0,0,,,,,
0021500078,241,1,106,2,8:28 PM,3:43,James  Running Alley Oop Dunk Shot (8 PTS) (Williams 4 AST),,,37 - 47,10,4.0,2544,LeBron James,1610612739.0,Cleveland,Cavaliers,CLE,4,2590,Mo Williams,1610612739.0,Cleveland,Cavaliers,CLE,0,0,,,,,
0021500078,242,1,1,2,8:29 PM,3:16,,,Pressey 26' 3PT Jump Shot (3 PTS) (Okafor 2 AST),40 - 47,7,5.0,203515,Phil Pressey,1610612755.0,Philadelphia,76ers,PHI,5,1626143,Jahlil Okafor,1610612755.0,Philadelphia,76ers,PHI,0,0,,,,,
0021500078,243,5,2,2,8:29 PM,2:55,Dellavedova Lost Ball Turnover (P1.T12),,Stauskas STEAL (1 STL),,,4.0,203521,Matthew Dellavedova,1610612739.0,Cleveland,Cavaliers,CLE,5,203917,Nik Stauskas,1610612755.0,Philadelphia,76ers,PHI,0,0,,,,,
0021500078,244,1,49,2,8:29 PM,2:48,,,Grant  Driving Dunk (6 PTS),42 - 47,5,5.0,203924,Jerami Grant,1610612755.0,Philadelphia,76ers,PHI,0,0,,,,,,0,0,,,,,
0021500078,245,6,1,2,8:30 PM,2:38,,,Okafor P.FOUL (P3.T4) (M.McCutchen),,,5.0,1626143,Jahlil Okafor,1610612755.0,Philadelphia,76ers,PHI,4,202389,Timofey Mozgov,1610612739.0,Cleveland,Cavaliers,CLE,1,0,,,,,
0021500078,246,9,4,2,8:30 PM,2:38,,,,,,1.0,0,,,,,,0,0,,,,,,0,0,,,,,
0021500078,248,8,0,2,8:32 PM,2:38,,,SUB: Noel FOR Okafor,,,5.0,1626143,Jahlil Okafor,1610612755.0,Philadelphia,76ers,PHI,5,203457,Nerlens Noel,1610612755.0,Philadelphia,76ers,PHI,0,0,,,,,
0021500078,250,2,46,2,8:32 PM,2:30,MISS Dellavedova 6' Running Jump Shot,,,,,4.0,203521,Matthew Dellavedova,1610612739.0,Cleveland,Cavaliers,CLE,0,0,,,,,,0,0,,,,,
0021500078,251,4,0,2,8:32 PM,2:28,,,Stauskas REBOUND (Off:0 Def:1),,,5.0,203917,Nik Stauskas,1610612755.0,Philadelphia,76ers,PHI,0,0,,,,,,0,0,,,,,
0021500078,252,1,50,2,8:32 PM,2:24,,,Grant  Running Dunk (8 PTS),44 - 47,3,5.0,203924,Jerami Grant,1610612755.0,Philadelphia,76ers,PHI,0,0,,,,,,0,0,,,,,
0021500078,253,5,2,2,8:33 PM,2:05,Mozgov Lost Ball Turnover (P1.T13),,Pressey STEAL (1 STL),,,4.0,202389,Timofey Mozgov,1610612739.0,Cleveland,Cavaliers,CLE,5,203515,Phil Pressey,1610612755.0,Philadelphia,76ers,PHI,0,0,,,,,
0021500078,255,2,1,2,8:33 PM,1:51,,,MISS Pressey 25' 3PT Jump Shot,,,5.0,203515,Phil Pressey,1610612755.0,Philadelphia,76ers,PHI,0,0,,,,,,0,0,,,,,
0021500078,256,4,0,2,8:33 PM,1:50,James REBOUND (Off:0 Def:2),,,,,4.0,2544,LeBron James,1610612739.0,Cleveland,Cavaliers,CLE,0,0,,,,,,0,0,,,,,
0021500078,257,2,1,2,8:33 PM,1:43,MISS Dellavedova 25' 3PT Jump Shot,,,,,4.0,203521,Matthew Dellavedova,1610612739.0,Cleveland,Cavaliers,CLE,0,0,,,,,,0,0,,,,,
0021500078,258,4,0,2,8:33 PM,1:42,,,Noel REBOUND (Off:2 Def:4),,,5.0,203457,Nerlens Noel,1610612755.0,Philadelphia,76ers,PHI,0,0,,,,,,0,0,,,,,
0021500078,259,1,75,2,8:33 PM,1:24,,,Stauskas 2' Driving Finger Roll Layup (4 PTS),46 - 47,1,5.0,203917,Nik Stauskas,1610612755.0,Philadelphia,76ers,PHI,0,0,,,,,,0,0,,,,,
0021500078,261,8,0,2,8:34 PM,1:10,,,SUB: McConnell FOR Pressey,,,5.0,203515,Phil Pressey,1610612755.0,Philadelphia,76ers,PHI,5,204456,T.J. McConnell,1610612755.0,Philadelphia,76ers,PHI,0,0,,,,,
0021500078,262,8,0,2,8:34 PM,1:10,SUB: Thompson FOR Mozgov,,,,,4.0,202389,Timofey Mozgov,1610612739.0,Cleveland,Cavaliers,CLE,4,202684,Tristan Thompson,1610612739.0,Cleveland,Cavaliers,CLE,0,0,,,,,
0021500078,263,8,0,2,8:34 PM,1:10,SUB: Jefferson FOR James,,,,,4.0,2544,LeBron James,1610612739.0,Cleveland,Cavaliers,CLE,4,2210,Richard Jefferson,1610612739.0,Cleveland,Cavaliers,CLE,0,0,,,,,
0021500078,264,8,0,2,8:34 PM,1:10,,,SUB: Sampson FOR Grant,,,5.0,203924,Jerami Grant,1610612755.0,Philadelphia,76ers,PHI,5,203960,JaKarr Sampson,1610612755.0,Philadelphia,76ers,PHI,0,0,,,,,
0021500078,267,1,1,2,8:34 PM,1:04,Williams 19' Jump Shot (8 PTS) (Jefferson 2 AST),,,46 - 49,3,4.0,2590,Mo Williams,1610612739.0,Cleveland,Cavaliers,CLE,4,2210,Richard Jefferson,1610612739.0,Cleveland,Cavaliers,CLE,0,0,,,,,
0021500078,268,2,1,2,8:35 PM,0:56,,,MISS Stauskas 25' 3PT Jump Shot,,,5.0,203917,Nik Stauskas,1610612755.0,Philadelphia,76ers,PHI,0,0,,,,,,0,0,,,,,
0021500078,269,4,0,2,8:35 PM,0:56,Love REBOUND (Off:5 Def:6),,,,,4.0,201567,Kevin Love,1610612739.0,Cleveland,Cavaliers,CLE,0,0,,,,,,0,0,,,,,
0021500078,270,2,101,2,8:35 PM,0:44,MISS Dellavedova 5' Driving Floating Jump Shot,,Noel BLOCK (1 BLK),,,4.0,203521,Matthew Dellavedova,1610612739.0,Cleveland,Cavaliers,CLE,0,0,,,,,,5,203457,Nerlens Noel,1610612755.0,Philadelphia,76ers,PHI
0021500078,271,4,0,2,8:35 PM,0:43,,,Noel REBOUND (Off:2 Def:5),,,5.0,203457,Nerlens Noel,1610612755.0,Philadelphia,76ers,PHI,0,0,,,,,,0,0,,,,,
0021500078,272,1,7,2,8:35 PM,0:39,,,Holmes  Dunk (2 PTS) (Noel 1 AST),48 - 49,1,5.0,1626158,Richaun Holmes,1610612755.0,Philadelphia,76ers,PHI,5,203457,Nerlens Noel,1610612755.0,Philadelphia,76ers,PHI,0,0,,,,,
0021500078,273,9,2,2,8:35 PM,0:39,CAVALIERS Timeout: Short (Full 2 Short 1),,,,,2.0,1610612739,,,,,,0,0,,,,,,0,0,,,,,
0021500078,277,2,1,2,8:36 PM,0:28,MISS Love 25' 3PT Jump Shot,,,,,4.0,201567,Kevin Love,1610612739.0,Cleveland,Cavaliers,CLE,0,0,,,,,,0,0,,,,,
0021500078,278,4,0,2,8:36 PM,0:28,,,Sampson REBOUND (Off:0 Def:1),,,5.0,203960,JaKarr Sampson,1610612755.0,Philadelphia,76ers,PHI,0,0,,,,,,0,0,,,,,
0021500078,279,9,2,2,8:37 PM,0:24,,,76ers Timeout: Short (Reg.2 Short 1),,,3.0,1610612755,,,,,,0,0,,,,,,0,0,,,,,
0021500078,282,8,0,2,8:37 PM,0:24,SUB: Cunningham FOR Williams,,,,,4.0,2590,Mo Williams,1610612739.0,Cleveland,Cavaliers,CLE,4,203099,Jared Cunningham,1610612739.0,Cleveland,Cavaliers,CLE,0,0,,,,,
0021500078,283,8,0,2,8:38 PM,0:24,,,SUB: Thompson FOR Holmes,,,5.0,1626158,Richaun Holmes,1610612755.0,Philadelphia,76ers,PHI,5,203138,Hollis Thompson,1610612755.0,Philadelphia,76ers,PHI,0,0,,,,,
0021500078,284,8,0,2,8:38 PM,0:24,,,SUB: Okafor FOR Sampson,,,5.0,203960,JaKarr Sampson,1610612755.0,Philadelphia,76ers,PHI,5,1626143,Jahlil Okafor,1610612755.0,Philadelphia,76ers,PHI,0,0,,,,,
0021500078,285,1,52,2,8:38 PM,0:17,,,Noel  Alley Oop Dunk (8 PTS) (McConnell 3 AST),50 - 49,-1,5.0,203457,Nerlens Noel,1610612755.0,Philadelphia,76ers,PHI,5,204456,T.J. McConnell,1610612755.0,Philadelphia,76ers,PHI,0,0,,,,,
0021500078,286,2,82,2,8:38 PM,0:01,MISS Dellavedova 10' Driving Bank Shot,,,,,4.0,203521,Matthew Dellavedova,1610612739.0,Cleveland,Cavaliers,CLE,0,0,,,,,,0,0,,,,,
0021500078,287,4,0,2,8:38 PM,0:00,,,Thompson REBOUND (Off:1 Def:2),,,5.0,203138,Hollis Thompson,1610612755.0,Philadelphia,76ers,PHI,0,0,,,,,,0,0,,,,,
0021500078,288,13,0,2,8:38 PM,0:00,,,,50 - 49,-1,0.0,0,,,,,,0,0,,,,,,0,0,,,,,
0021500078,290,12,0,3,8:54 PM,12:00,,,,50 - 49,-1,0.0,0,,,,,,0,0,,,,,,0,0,,,,,
0021500078,291,7,5,3,8:54 PM,11:37,Williams Violation:Kicked Ball (E.Lewis),,,,,4.0,2590,Mo Williams,1610612739.0,Cleveland,Cavaliers,CLE,0,0,,,,,,1,0,,,,,
0021500078,292,2,1,3,8:55 PM,11:24,,,MISS Noel 8' Jump Shot,,,5.0,203457,Nerlens Noel,1610612755.0,Philadelphia,76ers,PHI,0,0,,,,,,0,0,,,,,
0021500078,293,4,0,3,8:55 PM,11:23,Williams REBOUND (Off:0 Def:2),,,,,4.0,2590,Mo Williams,1610612739.0,Cleveland,Cavaliers,CLE,0,0,,,,,,0,0,,,,,
0021500078,294,1,76,3,8:55 PM,11:18,James 1' Running Finger Roll Layup (10 PTS) (Williams 5 AST),,,50 - 51,1,4.0,2544,LeBron James,1610612739.0,Cleveland,Cavaliers,CLE,4,2590,Mo Williams,1610612739.0,Cleveland,Cavaliers,CLE,0,0,,,,,
0021500078,295,2,3,3,8:55 PM,11:08,,,MISS Noel 14' Hook Shot,,,5.0,203457,Nerlens Noel,1610612755.0,Philadelphia,76ers,PHI,0,0,,,,,,0,0,,,,,
0021500078,296,4,0,3,8:55 PM,11:05,Mozgov REBOUND (Off:2 Def:2),,,,,4.0,202389,Timofey Mozgov,1610612739.0,Cleveland,Cavaliers,CLE,0,0,,,,,,0,0,,,,,
0021500078,297,1,1,3,8:55 PM,10:57,Williams 20' Jump Shot (10 PTS),,,50 - 53,3,4.0,2590,Mo Williams,1610612739.0,Cleveland,Cavaliers,CLE,0,0,,,,,,0,0,,,,,
0021500078,298,5,1,3,8:56 PM,10:43,James STEAL (1 STL),,Stauskas Bad Pass Turnover (P2.T12),,,5.0,203917,Nik Stauskas,1610612755.0,Philadelphia,76ers,PHI,4,2544,LeBron James,1610612739.0,Cleveland,Cavaliers,CLE,0,0,,,,,
0021500078,299,1,41,3,8:56 PM,10:41,James 2' Running Layup (12 PTS),,,50 - 55,5,4.0,2544,LeBron James,1610612739.0,Cleveland,Cavaliers,CLE,0,0,,,,,,0,0,,,,,
0021500078,300,6,2,3,8:56 PM,10:41,,,Grant S.FOUL (P3.T1) (M.McCutchen),,,5.0,203924,Jerami Grant,1610612755.0,Philadelphia,76ers,PHI,4,2544,LeBron James,1610612739.0,Cleveland,Cavaliers,CLE,1,0,,,,,
0021500078,301,3,10,3,8:56 PM,10:41,James Free Throw 1 of 1 (13 PTS),,,50 - 56,6,4.0,2544,LeBron James,1610612739.0,Cleveland,Cavaliers,CLE,0,0,,,,,,0,0,,,,,
0021500078,303,9,1,3,8:56 PM,10:40,,,76ers Timeout: Regular (Reg.3 Short 1),,,3.0,1610612755,,,,,,0,0,,,,,,0,0,,,,,
0021500078,307,1,58,3,8:59 PM,10:21,,,Noel 7' Turnaround Hook Shot (10 PTS),52 - 56,4,5.0,203457,Nerlens Noel,1610612755.0,Philadelphia,76ers,PHI,0,0,,,,,,0,0,,,,,
0021500078,308,1,1,3,8:59 PM,10:02,James 16' Jump Shot (15 PTS),,,52 - 58,6,4.0,2544,LeBron James,1610612739.0,Cleveland,Cavaliers,CLE,0,0,,,,,,0,0,,,,,
0021500078,309,5,1,3,8:59 PM,9:54,Williams STEAL (1 STL),,McConnell Bad Pass Turnover (P3.T13),,,5.0,204456,T.J. McConnell,1610612755.0,Philadelphia,76ers,PHI,4,2590,Mo Williams,1610612739.0,Cleveland,Cavaliers,CLE,0,0,,,,,
0021500078,310,1,103,3,9:00 PM,9:48,Williams 16' Running Pull-Up Jump Shot (12 PTS),,,52 - 60,8,4.0,2590,Mo Williams,1610612739.0,Cleveland,Cavaliers,CLE,0,0,,,,,,0,0,,,,,
0021500078,311,2,1,3,9:00 PM,9:24,,,MISS McConnell 25' 3PT Jump Shot,,,5.0,204456,T.J. McConnell,1610612755.0,Philadelphia,76ers,PHI,0,0,,,,,,0,0,,,,,
0021500078,312,4,0,3,9:00 PM,9:24,,,76ers Rebound,,,3.0,1610612755,,,,,,0,0,,,,,,0,0,,,,,
0021500078,313,6,3,3,9:00 PM,9:24,Love L.B.FOUL (P2.T1) (E.Lewis),,,,,4.0,201567,Kevin Love,1610612739.0,Cleveland,Cavaliers,CLE,5,203457,Nerlens Noel,1610612755.0,Philadelphia,76ers,PHI,1,0,,,,,
0021500078,315,2,3,3,9:00 PM,9:06,,,MISS Okafor 8' Hook Shot,,,5.0,1626143,Jahlil Okafor,1610612755.0,Philadelphia,76ers,PHI,0,0,,,,,,0,0,,,,,
0021500078,316,4,0,3,9:00 PM,9:06,Love REBOUND (Off:5 Def:7),,,,,4.0,201567,Kevin Love,1610612739.0,Cleveland,Cavaliers,CLE,0,0,,,,,,0,0,,,,,
0021500078,317,6,2,3,9:01 PM,8:54,,,Stauskas S.FOUL (P2.T2) (M.Ervin),,,5.0,203917,Nik Stauskas,1610612755.0,Philadelphia,76ers,PHI,4,2544,LeBron James,1610612739.0,Cleveland,Cavaliers,CLE,1,0,,,,,
0021500078,318,3,11,3,9:01 PM,8:54,James Free Throw 1 of 2 (16 PTS),,,52 - 61,9,4.0,2544,LeBron James,1610612739.0,Cleveland,Cavaliers,CLE,0,0,,,,,,0,0,,,,,
0021500078,320,3,12,3,9:01 PM,8:54,James Free Throw 2 of 2 (17 PTS),,,52 - 62,10,4.0,2544,LeBron James,1610612739.0,Cleveland,Cavaliers,CLE,0,0,,,,,,0,0,,,,,
0021500078,323,5,2,3,9:02 PM,8:29,Williams STEAL (2 STL),,Noel Lost Ball Turnover (P2.T14),,,5.0,203457,Nerlens Noel,1610612755.0,Philadelphia,76ers,PHI,4,2590,Mo Williams,1610612739.0,Cleveland,Cavaliers,CLE,0,0,,,,,
0021500078,324,1,79,3,9:02 PM,8:22,James 25' 3PT Pullup Jump Shot (20 PTS) (Williams 6 AST),,,52 - 65,13,4.0,2544,LeBron James,1610612739.0,Cleveland,Cavaliers,CLE,4,2590,Mo Williams,1610612739.0,Cleveland,Cavaliers,CLE,0,0,,,,,
0021500078,325,2,1,3,9:02 PM,7:55,,,MISS McConnell 25' 3PT Jump Shot,,,5.0,204456,T.J. McConnell,1610612755.0,Philadelphia,76ers,PHI,0,0,,,,,,0,0,,,,,
0021500078,326,4,0,3,9:02 PM,7:54,Mozgov REBOUND (Off:2 Def:3),,,,,4.0,202389,Timofey Mozgov,1610612739.0,Cleveland,Cavaliers,CLE,0,0,,,,,,0,0,,,,,
0021500078,327,2,82,3,9:03 PM,7:47,MISS James 10' Driving Bank Shot,,,,,4.0,2544,LeBron James,1610612739.0,Cleveland,Cavaliers,CLE,0,0,,,,,,0,0,,,,,
0021500078,328,4,0,3,9:03 PM,7:46,,,Noel REBOUND (Off:2 Def:6),,,5.0,203457,Nerlens Noel,1610612755.0,Philadelphia,76ers,PHI,0,0,,,,,,0,0,,,,,
0021500078,329,1,5,3,9:03 PM,7:38,,,Okafor 2' Layup (8 PTS) (Grant 2 AST),54 - 65,11,5.0,1626143,Jahlil Okafor,1610612755.0,Philadelphia,76ers,PHI,5,203924,Jerami Grant,1610612755.0,Philadelphia,76ers,PHI,0,0,,,,,
0021500078,330,1,47,3,9:03 PM,7:21,Mozgov 11' Turnaround Jump Shot (13 PTS) (Love 1 AST),,,54 - 67,13,4.0,202389,Timofey Mozgov,1610612739.0,Cleveland,Cavaliers,CLE,4,201567,Kevin Love,1610612739.0,Cleveland,Cavaliers,CLE,0,0,,,,,
0021500078,331,1,1,3,9:03 PM,7:09,,,Noel 5' Jump Shot (12 PTS),56 - 67,11,5.0,203457,Nerlens Noel,1610612755.0,Philadelphia,76ers,PHI,0,0,,,,,,0,0,,,,,
0021500078,332,1,1,3,9:04 PM,6:49,James  3PT Jump Shot (23 PTS) (Love 2 AST),,,56 - 70,14,4.0,2544,LeBron James,1610612739.0,Cleveland,Cavaliers,CLE,4,201567,Kevin Love,1610612739.0,Cleveland,Cavaliers,CLE,0,0,,,,,
0021500078,334,1,1,3,9:04 PM,6:27,,,Stauskas  3PT Jump Shot (7 PTS) (McConnell 4 AST),59 - 70,11,5.0,203917,Nik Stauskas,1610612755.0,Philadelphia,76ers,PHI,5,204456,T.J. McConnell,1610612755.0,Philadelphia,76ers,PHI,0,0,,,,,
0021500078,335,1,98,3,9:04 PM,6:12,Love 1' Cutting Layup Shot (10 PTS) (Williams 7 AST),,,59 - 72,13,4.0,201567,Kevin Love,1610612739.0,Cleveland,Cavaliers,CLE,4,2590,Mo Williams,1610612739.0,Cleveland,Cavaliers,CLE,0,0,,,,,
0021500078,336,6,1,3,9:04 PM,6:04,Mozgov P.FOUL (P2.T2) (M.McCutchen),,,,,4.0,202389,Timofey Mozgov,1610612739.0,Cleveland,Cavaliers,CLE,5,1626143,Jahlil Okafor,1610612755.0,Philadelphia,76ers,PHI,1,0,,,,,
0021500078,337,8,0,3,9:05 PM,6:04,,,SUB: Canaan FOR Grant,,,5.0,203924,Jerami Grant,1610612755.0,Philadelphia,76ers,PHI,5,203477,Isaiah Canaan,1610612755.0,Philadelphia,76ers,PHI,0,0,,,,,
0021500078,338,8,0,3,9:05 PM,6:04,,,SUB: Holmes FOR Okafor,,,5.0,1626143,Jahlil Okafor,1610612755.0,Philadelphia,76ers,PHI,5,1626158,Richaun Holmes,1610612755.0,Philadelphia,76ers,PHI,0,0,,,,,
0021500078,339,8,0,3,9:05 PM,6:04,,,SUB: Thompson FOR McConnell,,,5.0,204456,T.J. McConnell,1610612755.0,Philadelphia,76ers,PHI,5,203138,Hollis Thompson,1610612755.0,Philadelphia,76ers,PHI,0,0,,,,,
0021500078,340,8,0,3,9:05 PM,6:04,SUB: Thompson FOR Love,,,,,4.0,201567,Kevin Love,1610612739.0,Cleveland,Cavaliers,CLE,4,202684,Tristan Thompson,1610612739.0,Cleveland,Cavaliers,CLE,0,0,,,,,
0021500078,341,6,2,3,9:05 PM,5:56,Thompson S.FOUL (P1.T3) (E.Lewis),,,,,4.0,202684,Tristan Thompson,1610612739.0,Cleveland,Cavaliers,CLE,5,1626158,Richaun Holmes,1610612755.0,Philadelphia,76ers,PHI,1,0,,,,,
0021500078,342,3,11,3,9:05 PM,5:56,,,Holmes Free Throw 1 of 2 (3 PTS),60 - 72,12,5.0,1626158,Richaun Holmes,1610612755.0,Philadelphia,76ers,PHI,0,0,,,,,,0,0,,,,,
0021500078,344,3,12,3,9:06 PM,5:56,,,MISS Holmes Free Throw 2 of 2,,,5.0,1626158,Richaun Holmes,1610612755.0,Philadelphia,76ers,PHI,0,0,,,,,,0,0,,,,,
0021500078,346,4,0,3,9:06 PM,5:55,Mozgov REBOUND (Off:2 Def:4),,,,,4.0,202389,Timofey Mozgov,1610612739.0,Cleveland,Cavaliers,CLE,0,0,,,,,,0,0,,,,,
0021500078,348,2,78,3,9:06 PM,5:38,MISS James 24' 3PT Floating Jump Shot,,,,,4.0,2544,LeBron James,1610612739.0,Cleveland,Cavaliers,CLE,0,0,,,,,,0,0,,,,,
0021500078,349,4,0,3,9:06 PM,5:38,,,Noel REBOUND (Off:2 Def:7),,,5.0,203457,Nerlens Noel,1610612755.0,Philadelphia,76ers,PHI,0,0,,,,,,0,0,,,,,
0021500078,350,2,1,3,9:06 PM,5:29,,,MISS Noel 4' Jump Shot,,,5.0,203457,Nerlens Noel,1610612755.0,Philadelphia,76ers,PHI,0,0,,,,,,0,0,,,,,
0021500078,351,4,0,3,9:06 PM,5:28,Cunningham REBOUND (Off:0 Def:1),,,,,4.0,203099,Jared Cunningham,1610612739.0,Cleveland,Cavaliers,CLE,0,0,,,,,,0,0,,,,,
0021500078,352,6,17,3,9:06 PM,5:11,,,76ers T.Foul (Def. 3 Sec Stauskas ) (M.Ervin),,,5.0,203917,Nik Stauskas,1610612755.0,Philadelphia,76ers,PHI,0,0,,,,,,1,0,,,,,
0021500078,353,3,16,3,9:07 PM,5:11,MISS James Free Throw Technical,,,,,4.0,2544,LeBron James,1610612739.0,Cleveland,Cavaliers,CLE,0,0,,,,,,0,0,,,,,
0021500078,354,4,1,3,9:07 PM,5:11,CAVALIERS Rebound,,,,,2.0,1610612739,,,,,,0,0,,,,,,0,0,,,,,
0021500078,355,8,0,3,9:07 PM,5:11,,,SUB: Sampson FOR Noel,,,5.0,203457,Nerlens Noel,1610612755.0,Philadelphia,76ers,PHI,5,203960,JaKarr Sampson,1610612755.0,Philadelphia,76ers,PHI,0,0,,,,,
0021500078,356,8,0,3,9:07 PM,5:11,SUB: Jones FOR Mozgov,,,,,4.0,202389,Timofey Mozgov,1610612739.0,Cleveland,Cavaliers,CLE,4,2592,James Jones,1610612739.0,Cleveland,Cavaliers,CLE,0,0,,,,,
0021500078,358,1,1,3,9:07 PM,4:59,Williams 13' Jump Shot (14 PTS),,,60 - 74,14,4.0,2590,Mo Williams,1610612739.0,Cleveland,Cavaliers,CLE,0,0,,,,,,0,0,,,,,
0021500078,360,2,1,3,9:08 PM,4:48,,,MISS Canaan 24' 3PT Jump Shot,,,5.0,203477,Isaiah Canaan,1610612755.0,Philadelphia,76ers,PHI,0,0,,,,,,0,0,,,,,
0021500078,361,4,0,3,9:08 PM,4:47,Jones REBOUND (Off:1 Def:2),,,,,4.0,2592,James Jones,1610612739.0,Cleveland,Cavaliers,CLE,0,0,,,,,,0,0,,,,,
0021500078,362,1,1,3,9:08 PM,4:28,James 25' 3PT Jump Shot (26 PTS),,,60 - 77,17,4.0,2544,LeBron James,1610612739.0,Cleveland,Cavaliers,CLE,0,0,,,,,,0,0,,,,,
0021500078,363,2,1,3,9:08 PM,4:14,,,MISS Stauskas 25' 3PT Jump Shot,,,5.0,203917,Nik Stauskas,1610612755.0,Philadelphia,76ers,PHI,0,0,,,,,,0,0,,,,,
0021500078,364,4,0,3,9:08 PM,4:13,James REBOUND (Off:0 Def:3),,,,,4.0,2544,LeBron James,1610612739.0,Cleveland,Cavaliers,CLE,0,0,,,,,,0,0,,,,,
0021500078,365,6,1,3,9:08 PM,4:08,,,Sampson P.FOUL (P4.T3) (M.Ervin),,,5.0,203960,JaKarr Sampson,1610612755.0,Philadelphia,76ers,PHI,4,2544,LeBron James,1610612739.0,Cleveland,Cavaliers,CLE,1,0,,,,,
0021500078,366,8,0,3,9:08 PM,4:08,SUB: Dellavedova FOR Cunningham,,,,,4.0,203099,Jared Cunningham,1610612739.0,Cleveland,Cavaliers,CLE,4,203521,Matthew Dellavedova,1610612739.0,Cleveland,Cavaliers,CLE,0,0,,,,,
0021500078,367,8,0,3,9:09 PM,4:08,,,SUB: Noel FOR Stauskas,,,5.0,203917,Nik Stauskas,1610612755.0,Philadelphia,76ers,PHI,5,203457,Nerlens Noel,1610612755.0,Philadelphia,76ers,PHI,0,0,,,,,
0021500078,368,2,1,3,9:09 PM,3:59,MISS James 26' 3PT Jump Shot,,,,,4.0,2544,LeBron James,1610612739.0,Cleveland,Cavaliers,CLE,0,0,,,,,,0,0,,,,,
0021500078,369,4,0,3,9:09 PM,3:59,,,Noel REBOUND (Off:2 Def:8),,,5.0,203457,Nerlens Noel,1610612755.0,Philadelphia,76ers,PHI,0,0,,,,,,0,0,,,,,
0021500078,370,6,1,3,9:09 PM,3:55,Dellavedova P.FOUL (P1.T4) (M.Ervin),,,,,4.0,203521,Matthew Dellavedova,1610612739.0,Cleveland,Cavaliers,CLE,5,203477,Isaiah Canaan,1610612755.0,Philadelphia,76ers,PHI,1,0,,,,,
0021500078,371,1,1,3,9:09 PM,3:48,,,Noel 16' Jump Shot (14 PTS) (Canaan 1 AST),62 - 77,15,5.0,203457,Nerlens Noel,1610612755.0,Philadelphia,76ers,PHI,5,203477,Isaiah Canaan,1610612755.0,Philadelphia,76ers,PHI,0,0,,,,,
0021500078,372,2,5,3,9:10 PM,3:31,MISS James 3' Layup,,Noel BLOCK (2 BLK),,,4.0,2544,LeBron James,1610612739.0,Cleveland,Cavaliers,CLE,0,0,,,,,,5,203457,Nerlens Noel,1610612755.0,Philadelphia,76ers,PHI
0021500078,373,4,0,3,9:10 PM,3:30,Jones REBOUND (Off:2 Def:2),,,,,4.0,2592,James Jones,1610612739.0,Cleveland,Cavaliers,CLE,0,0,,,,,,0,0,,,,,
0021500078,374,1,1,3,9:10 PM,3:27,Dellavedova 23' Jump Shot (5 PTS) (Jones 2 AST),,,62 - 79,17,4.0,203521,Matthew Dellavedova,1610612739.0,Cleveland,Cavaliers,CLE,4,2592,James Jones,1610612739.0,Cleveland,Cavaliers,CLE,0,0,,,,,
0021500078,375,6,1,3,9:10 PM,3:13,Thompson P.FOUL (P2.PN) (M.Ervin),,,,,4.0,202684,Tristan Thompson,1610612739.0,Cleveland,Cavaliers,CLE,5,203960,JaKarr Sampson,1610612755.0,Philadelphia,76ers,PHI,1,0,,,,,
0021500078,376,3,11,3,9:10 PM,3:13,,,Sampson Free Throw 1 of 2 (5 PTS),63 - 79,16,5.0,203960,JaKarr Sampson,1610612755.0,Philadelphia,76ers,PHI,0,0,,,,,,0,0,,,,,
0021500078,378,8,0,3,9:11 PM,3:13,SUB: Jefferson FOR James,,,,,4.0,2544,LeBron James,1610612739.0,Cleveland,Cavaliers,CLE,4,2210,Richard Jefferson,1610612739.0,Cleveland,Cavaliers,CLE,0,0,,,,,
0021500078,379,3,12,3,9:11 PM,3:13,,,MISS Sampson Free Throw 2 of 2,,,5.0,203960,JaKarr Sampson,1610612755.0,Philadelphia,76ers,PHI,0,0,,,,,,0,0,,,,,
0021500078,381,4,0,3,9:11 PM,3:11,,,Noel REBOUND (Off:3 Def:8),,,5.0,203457,Nerlens Noel,1610612755.0,Philadelphia,76ers,PHI,0,0,,,,,,0,0,,,,,
0021500078,382,2,47,3,9:11 PM,3:01,,,MISS Sampson 6' Turnaround Jump Shot,,,5.0,203960,JaKarr Sampson,1610612755.0,Philadelphia,76ers,PHI,0,0,,,,,,0,0,,,,,
0021500078,383,4,0,3,9:11 PM,3:00,,,Holmes REBOUND (Off:1 Def:0),,,5.0,1626158,Richaun Holmes,1610612755.0,Philadelphia,76ers,PHI,0,0,,,,,,0,0,,,,,
0021500078,384,2,87,3,9:11 PM,2:59,,,MISS Holmes  Putback Dunk,,,5.0,1626158,Richaun Holmes,1610612755.0,Philadelphia,76ers,PHI,0,0,,,,,,0,0,,,,,
0021500078,385,4,0,3,9:11 PM,2:58,Thompson REBOUND (Off:0 Def:3),,,,,4.0,202684,Tristan Thompson,1610612739.0,Cleveland,Cavaliers,CLE,0,0,,,,,,0,0,,,,,
0021500078,386,2,1,3,9:11 PM,2:51,MISS Jones 26' 3PT Jump Shot,,,,,4.0,2592,James Jones,1610612739.0,Cleveland,Cavaliers,CLE,0,0,,,,,,0,0,,,,,
0021500078,387,4,0,3,9:11 PM,2:51,CAVALIERS Rebound,,,,,2.0,1610612739,,,,,,0,0,,,,,,0,0,,,,,
0021500078,388,6,3,3,9:11 PM,2:51,,,Holmes L.B.FOUL (P1.T4) (E.Lewis),,,5.0,1626158,Richaun Holmes,1610612755.0,Philadelphia,76ers,PHI,4,202684,Tristan Thompson,1610612739.0,Cleveland,Cavaliers,CLE,1,0,,,,,
0021500078,389,9,1,3,9:11 PM,2:51,CAVALIERS Timeout: Regular (Full 3 Short 1),,,,,2.0,1610612739,,,,,,0,0,,,,,,0,0,,,,,
0021500078,392,8,0,3,9:14 PM,2:51,,,SUB: Okafor FOR Holmes,,,5.0,1626158,Richaun Holmes,1610612755.0,Philadelphia,76ers,PHI,5,1626143,Jahlil Okafor,1610612755.0,Philadelphia,76ers,PHI,0,0,,,,,
0021500078,393,8,0,3,9:14 PM,2:51,,,SUB: Stauskas FOR Sampson,,,5.0,203960,JaKarr Sampson,1610612755.0,Philadelphia,76ers,PHI,5,203917,Nik Stauskas,1610612755.0,Philadelphia,76ers,PHI,0,0,,,,,
0021500078,394,2,46,3,9:14 PM,2:39,MISS Dellavedova 12' Running Jump Shot,,,,,4.0,203521,Matthew Dellavedova,1610612739.0,Cleveland,Cavaliers,CLE,0,0,,,,,,0,0,,,,,
0021500078,395,4,0,3,9:14 PM,2:37,,,Thompson REBOUND (Off:1 Def:3),,,5.0,203138,Hollis Thompson,1610612755.0,Philadelphia,76ers,PHI,0,0,,,,,,0,0,,,,,
0021500078,396,5,45,3,9:14 PM,2:18,,,Noel Out of Bounds - Bad Pass Turnover Turnover (P3.T15),,,5.0,203457,Nerlens Noel,1610612755.0,Philadelphia,76ers,PHI,0,0,,,,,,0,0,,,,,
0021500078,397,2,1,3,9:15 PM,2:02,MISS Dellavedova 19' Jump Shot,,,,,4.0,203521,Matthew Dellavedova,1610612739.0,Cleveland,Cavaliers,CLE,0,0,,,,,,0,0,,,,,
0021500078,398,4,0,3,9:15 PM,2:01,,,Stauskas REBOUND (Off:0 Def:2),,,5.0,203917,Nik Stauskas,1610612755.0,Philadelphia,76ers,PHI,0,0,,,,,,0,0,,,,,
0021500078,399,2,47,3,9:15 PM,1:41,,,MISS Okafor 13' Turnaround Jump Shot,,,5.0,1626143,Jahlil Okafor,1610612755.0,Philadelphia,76ers,PHI,0,0,,,,,,0,0,,,,,
0021500078,400,4,0,3,9:15 PM,1:40,Thompson REBOUND (Off:0 Def:4),,,,,4.0,202684,Tristan Thompson,1610612739.0,Cleveland,Cavaliers,CLE,0,0,,,,,,0,0,,,,,
0021500078,401,2,1,3,9:15 PM,1:30,MISS Jefferson 21' Jump Shot,,,,,4.0,2210,Richard Jefferson,1610612739.0,Cleveland,Cavaliers,CLE,0,0,,,,,,0,0,,,,,
0021500078,402,4,0,3,9:15 PM,1:30,,,Noel REBOUND (Off:3 Def:9),,,5.0,203457,Nerlens Noel,1610612755.0,Philadelphia,76ers,PHI,0,0,,,,,,0,0,,,,,
0021500078,403,1,1,3,9:16 PM,1:12,,,Stauskas 24' 3PT Jump Shot (10 PTS) (Thompson 1 AST),66 - 79,13,5.0,203917,Nik Stauskas,1610612755.0,Philadelphia,76ers,PHI,5,203138,Hollis Thompson,1610612755.0,Philadelphia,76ers,PHI,0,0,,,,,
0021500078,404,2,79,3,9:16 PM,0:56,MISS Williams 17' Pullup Jump Shot,,,,,4.0,2590,Mo Williams,1610612739.0,Cleveland,Cavaliers,CLE,0,0,,,,,,0,0,,,,,
0021500078,405,4,0,3,9:16 PM,0:56,,,Thompson REBOUND (Off:1 Def:4),,,5.0,203138,Hollis Thompson,1610612755.0,Philadelphia,76ers,PHI,0,0,,,,,,0,0,,,,,
0021500078,406,6,1,3,9:16 PM,0:52,Jones P.FOUL (P1.PN) (M.McCutchen),,,,,4.0,2592,James Jones,1610612739.0,Cleveland,Cavaliers,CLE,5,203477,Isaiah Canaan,1610612755.0,Philadelphia,76ers,PHI,1,0,,,,,
0021500078,407,3,11,3,9:16 PM,0:52,,,Canaan Free Throw 1 of 2 (3 PTS),67 - 79,12,5.0,203477,Isaiah Canaan,1610612755.0,Philadelphia,76ers,PHI,0,0,,,,,,0,0,,,,,
0021500078,409,8,0,3,9:17 PM,0:52,,,SUB: Grant FOR Noel,,,5.0,203457,Nerlens Noel,1610612755.0,Philadelphia,76ers,PHI,5,203924,Jerami Grant,1610612755.0,Philadelphia,76ers,PHI,0,0,,,,,
0021500078,410,3,12,3,9:17 PM,0:52,,,Canaan Free Throw 2 of 2 (4 PTS),68 - 79,11,5.0,203477,Isaiah Canaan,1610612755.0,Philadelphia,76ers,PHI,0,0,,,,,,0,0,,,,,
0021500078,412,2,1,3,9:17 PM,0:39,MISS Williams 24' 3PT Jump Shot,,,,,4.0,2590,Mo Williams,1610612739.0,Cleveland,Cavaliers,CLE,0,0,,,,,,0,0,,,,,
0021500078,413,4,0,3,9:17 PM,0:39,,,Okafor REBOUND (Off:0 Def:3),,,5.0,1626143,Jahlil Okafor,1610612755.0,Philadelphia,76ers,PHI,0,0,,,,,,0,0,,,,,
0021500078,414,1,43,3,9:17 PM,0:30,,,Okafor  Alley Oop Layup (10 PTS) (Canaan 2 AST),70 - 79,9,5.0,1626143,Jahlil Okafor,1610612755.0,Philadelphia,76ers,PHI,5,203477,Isaiah Canaan,1610612755.0,Philadelphia,76ers,PHI,0,0,,,,,
0021500078,415,1,75,3,9:18 PM,0:09,Jefferson 1' Driving Finger Roll Layup (7 PTS) (Williams 8 AST),,,70 - 81,11,4.0,2210,Richard Jefferson,1610612739.0,Cleveland,Cavaliers,CLE,4,2590,Mo Williams,1610612739.0,Cleveland,Cavaliers,CLE,0,0,,,,,
0021500078,416,1,1,3,9:18 PM,0:00,,,Canaan 24' 3PT Jump Shot (7 PTS),73 - 81,8,5.0,203477,Isaiah Canaan,1610612755.0,Philadelphia,76ers,PHI,0,0,,,,,,0,0,,,,,
0021500078,419,18,0,3,9:18 PM,0:00,,,,,,,416,Willie Burton,,,,,0,0,,,,,,1,0,,,,,
0021500078,417,13,0,3,9:18 PM,0:00,,,,73 - 81,8,0.0,0,,,,,,0,0,,,,,,0,0,,,,,
0021500078,420,12,0,4,9:21 PM,12:00,,,,73 - 81,8,0.0,0,,,,,,0,0,,,,,,0,0,,,,,
0021500078,421,1,1,4,9:21 PM,11:47,Jefferson  3PT Jump Shot (10 PTS) (James 8 AST),,,73 - 84,11,4.0,2210,Richard Jefferson,1610612739.0,Cleveland,Cavaliers,CLE,4,2544,LeBron James,1610612739.0,Cleveland,Cavaliers,CLE,0,0,,,,,
0021500078,422,1,79,4,9:21 PM,11:30,,,Canaan 5' Pullup Jump Shot (9 PTS) (Stauskas 1 AST),75 - 84,9,5.0,203477,Isaiah Canaan,1610612755.0,Philadelphia,76ers,PHI,5,203917,Nik Stauskas,1610612755.0,Philadelphia,76ers,PHI,0,0,,,,,
0021500078,423,2,1,4,9:22 PM,11:11,MISS Jones 24' 3PT Jump Shot,,,,,4.0,2592,James Jones,1610612739.0,Cleveland,Cavaliers,CLE,0,0,,,,,,0,0,,,,,
0021500078,424,4,0,4,9:22 PM,11:10,,,Okafor REBOUND (Off:0 Def:4),,,5.0,1626143,Jahlil Okafor,1610612755.0,Philadelphia,76ers,PHI,0,0,,,,,,0,0,,,,,
0021500078,425,1,5,4,9:22 PM,10:58,,,Okafor 1' Layup (12 PTS) (Thompson 2 AST),77 - 84,7,5.0,1626143,Jahlil Okafor,1610612755.0,Philadelphia,76ers,PHI,5,203138,Hollis Thompson,1610612755.0,Philadelphia,76ers,PHI,0,0,,,,,
0021500078,426,2,1,4,9:22 PM,10:35,MISS James 18' Jump Shot,,,,,4.0,2544,LeBron James,1610612739.0,Cleveland,Cavaliers,CLE,0,0,,,,,,0,0,,,,,
0021500078,427,4,0,4,9:22 PM,10:34,,,Thompson REBOUND (Off:1 Def:5),,,5.0,203138,Hollis Thompson,1610612755.0,Philadelphia,76ers,PHI,0,0,,,,,,0,0,,,,,
0021500078,428,1,47,4,9:22 PM,10:17,,,Okafor 13' Turnaround Jump Shot (14 PTS),79 - 84,5,5.0,1626143,Jahlil Okafor,1610612755.0,Philadelphia,76ers,PHI,0,0,,,,,,0,0,,,,,
0021500078,429,2,1,4,9:23 PM,9:57,MISS James 7' Jump Shot,,,,,4.0,2544,LeBron James,1610612739.0,Cleveland,Cavaliers,CLE,0,0,,,,,,0,0,,,,,
0021500078,430,4,0,4,9:23 PM,9:57,Thompson REBOUND (Off:1 Def:4),,,,,4.0,202684,Tristan Thompson,1610612739.0,Cleveland,Cavaliers,CLE,0,0,,,,,,0,0,,,,,
0021500078,431,2,1,4,9:23 PM,9:52,MISS Jones 26' 3PT Jump Shot,,,,,4.0,2592,James Jones,1610612739.0,Cleveland,Cavaliers,CLE,0,0,,,,,,0,0,,,,,
0021500078,432,4,0,4,9:23 PM,9:51,Thompson REBOUND (Off:2 Def:4),,,,,4.0,202684,Tristan Thompson,1610612739.0,Cleveland,Cavaliers,CLE,0,0,,,,,,0,0,,,,,
0021500078,433,1,101,4,9:23 PM,9:37,James 10' Driving Floating Jump Shot (28 PTS),,,79 - 86,7,4.0,2544,LeBron James,1610612739.0,Cleveland,Cavaliers,CLE,0,0,,,,,,0,0,,,,,
0021500078,434,6,2,4,9:23 PM,9:37,,,Thompson S.FOUL (P1.T1) (M.McCutchen),,,5.0,203138,Hollis Thompson,1610612755.0,Philadelphia,76ers,PHI,4,2544,LeBron James,1610612739.0,Cleveland,Cavaliers,CLE,1,0,,,,,
0021500078,435,8,0,4,9:23 PM,9:37,SUB: Love FOR Jones,,,,,4.0,2592,James Jones,1610612739.0,Cleveland,Cavaliers,CLE,4,201567,Kevin Love,1610612739.0,Cleveland,Cavaliers,CLE,0,0,,,,,
0021500078,436,8,0,4,9:24 PM,9:37,,,SUB: Noel FOR Grant,,,5.0,203924,Jerami Grant,1610612755.0,Philadelphia,76ers,PHI,5,203457,Nerlens Noel,1610612755.0,Philadelphia,76ers,PHI,0,0,,,,,
0021500078,437,3,10,4,9:24 PM,9:37,James Free Throw 1 of 1 (29 PTS),,,79 - 87,8,4.0,2544,LeBron James,1610612739.0,Cleveland,Cavaliers,CLE,0,0,,,,,,0,0,,,,,
0021500078,439,9,1,4,9:24 PM,9:37,,,76ers Timeout: Regular (Reg.4 Short 1),,,3.0,1610612755,,,,,,0,0,,,,,,0,0,,,,,
0021500078,443,5,1,4,9:26 PM,9:26,James STEAL (2 STL),,Stauskas Bad Pass Turnover (P3.T16),,,5.0,203917,Nik Stauskas,1610612755.0,Philadelphia,76ers,PHI,4,2544,LeBron James,1610612739.0,Cleveland,Cavaliers,CLE,0,0,,,,,
0021500078,444,2,41,4,9:26 PM,9:19,MISS James 1' Running Layup,,,,,4.0,2544,LeBron James,1610612739.0,Cleveland,Cavaliers,CLE,0,0,,,,,,0,0,,,,,
0021500078,445,4,0,4,9:26 PM,9:18,,,Thompson REBOUND (Off:1 Def:6),,,5.0,203138,Hollis Thompson,1610612755.0,Philadelphia,76ers,PHI,0,0,,,,,,0,0,,,,,
0021500078,446,6,1,4,9:27 PM,9:18,Jefferson P.FOUL (P1.T1) (M.Ervin),,,,,4.0,2210,Richard Jefferson,1610612739.0,Cleveland,Cavaliers,CLE,5,203477,Isaiah Canaan,1610612755.0,Philadelphia,76ers,PHI,1,0,,,,,
0021500078,447,9,1,4,9:27 PM,9:18,CAVALIERS Timeout: Regular (Full 4 Short 1),,,,,2.0,1610612739,,,,,,0,0,,,,,,0,0,,,,,
0021500078,451,2,1,4,9:30 PM,8:55,,,MISS Okafor 7' Jump Shot,,,5.0,1626143,Jahlil Okafor,1610612755.0,Philadelphia,76ers,PHI,0,0,,,,,,0,0,,,,,
0021500078,452,4,0,4,9:30 PM,8:54,Thompson REBOUND (Off:2 Def:5),,,,,4.0,202684,Tristan Thompson,1610612739.0,Cleveland,Cavaliers,CLE,0,0,,,,,,0,0,,,,,
0021500078,453,6,1,4,9:30 PM,8:39,,,Thompson P.FOUL (P2.T2) (M.Ervin),,,5.0,203138,Hollis Thompson,1610612755.0,Philadelphia,76ers,PHI,4,201567,Kevin Love,1610612739.0,Cleveland,Cavaliers,CLE,1,0,,,,,
0021500078,454,5,2,4,9:31 PM,8:29,Jefferson Lost Ball Turnover (P2.T14),,Noel STEAL (4 STL),,,4.0,2210,Richard Jefferson,1610612739.0,Cleveland,Cavaliers,CLE,5,203457,Nerlens Noel,1610612755.0,Philadelphia,76ers,PHI,0,0,,,,,
0021500078,455,2,80,4,9:31 PM,8:18,,,MISS Canaan 13' Step Back Jump Shot,,,5.0,203477,Isaiah Canaan,1610612755.0,Philadelphia,76ers,PHI,0,0,,,,,,0,0,,,,,
0021500078,456,4,0,4,9:31 PM,8:18,James REBOUND (Off:0 Def:4),,,,,4.0,2544,LeBron James,1610612739.0,Cleveland,Cavaliers,CLE,0,0,,,,,,0,0,,,,,
0021500078,457,1,1,4,9:31 PM,7:53,Dellavedova  3PT Jump Shot (8 PTS) (James 9 AST),,,79 - 90,11,4.0,203521,Matthew Dellavedova,1610612739.0,Cleveland,Cavaliers,CLE,4,2544,LeBron James,1610612739.0,Cleveland,Cavaliers,CLE,0,0,,,,,
0021500078,459,2,1,4,9:31 PM,7:38,,,MISS Noel 14' Jump Shot,,,5.0,203457,Nerlens Noel,1610612755.0,Philadelphia,76ers,PHI,0,0,,,,,,0,0,,,,,
0021500078,460,4,0,4,9:31 PM,7:37,,,Okafor REBOUND (Off:1 Def:4),,,5.0,1626143,Jahlil Okafor,1610612755.0,Philadelphia,76ers,PHI,0,0,,,,,,0,0,,,,,
0021500078,461,2,1,4,9:31 PM,7:32,,,MISS Canaan 25' 3PT Jump Shot,,,5.0,203477,Isaiah Canaan,1610612755.0,Philadelphia,76ers,PHI,0,0,,,,,,0,0,,,,,
0021500078,462,4,0,4,9:31 PM,7:31,Thompson REBOUND (Off:2 Def:6),,,,,4.0,202684,Tristan Thompson,1610612739.0,Cleveland,Cavaliers,CLE,0,0,,,,,,0,0,,,,,
0021500078,463,2,1,4,9:32 PM,7:17,MISS Love 24' 3PT Jump Shot,,,,,4.0,201567,Kevin Love,1610612739.0,Cleveland,Cavaliers,CLE,0,0,,,,,,0,0,,,,,
0021500078,464,4,0,4,9:32 PM,7:16,,,Thompson REBOUND (Off:1 Def:7),,,5.0,203138,Hollis Thompson,1610612755.0,Philadelphia,76ers,PHI,0,0,,,,,,0,0,,,,,
0021500078,465,1,1,4,9:32 PM,7:07,,,Thompson 25' 3PT Jump Shot (8 PTS) (Canaan 3 AST),82 - 90,8,5.0,203138,Hollis Thompson,1610612755.0,Philadelphia,76ers,PHI,5,203477,Isaiah Canaan,1610612755.0,Philadelphia,76ers,PHI,0,0,,,,,
0021500078,466,1,1,4,9:32 PM,6:47,James 17' Jump Shot (31 PTS),,,82 - 92,10,4.0,2544,LeBron James,1610612739.0,Cleveland,Cavaliers,CLE,0,0,,,,,,0,0,,,,,
0021500078,467,1,42,4,9:32 PM,6:33,,,Stauskas  Driving Layup (12 PTS),84 - 92,8,5.0,203917,Nik Stauskas,1610612755.0,Philadelphia,76ers,PHI,0,0,,,,,,0,0,,,,,
0021500078,468,1,1,4,9:33 PM,6:16,Jefferson 25' 3PT Jump Shot (13 PTS) (Dellavedova 1 AST),,,84 - 95,11,4.0,2210,Richard Jefferson,1610612739.0,Cleveland,Cavaliers,CLE,4,203521,Matthew Dellavedova,1610612739.0,Cleveland,Cavaliers,CLE,0,0,,,,,
0021500078,469,2,1,4,9:33 PM,5:58,,,MISS Noel 8' Jump Shot,,,5.0,203457,Nerlens Noel,1610612755.0,Philadelphia,76ers,PHI,0,0,,,,,,0,0,,,,,
0021500078,470,4,0,4,9:33 PM,5:58,Thompson REBOUND (Off:2 Def:7),,,,,4.0,202684,Tristan Thompson,1610612739.0,Cleveland,Cavaliers,CLE,0,0,,,,,,0,0,,,,,
0021500078,471,5,45,4,9:33 PM,5:51,James Out of Bounds - Bad Pass Turnover Turnover (P2.T15),,,,,4.0,2544,LeBron James,1610612739.0,Cleveland,Cavaliers,CLE,0,0,,,,,,0,0,,,,,
0021500078,472,8,0,4,9:33 PM,5:51,,,SUB: McConnell FOR Canaan,,,5.0,203477,Isaiah Canaan,1610612755.0,Philadelphia,76ers,PHI,5,204456,T.J. McConnell,1610612755.0,Philadelphia,76ers,PHI,0,0,,,,,
0021500078,473,8,0,4,9:33 PM,5:51,,,SUB: Grant FOR Noel,,,5.0,203457,Nerlens Noel,1610612755.0,Philadelphia,76ers,PHI,5,203924,Jerami Grant,1610612755.0,Philadelphia,76ers,PHI,0,0,,,,,
0021500078,475,2,1,4,9:34 PM,5:27,,,MISS Grant  3PT Jump Shot,,,5.0,203924,Jerami Grant,1610612755.0,Philadelphia,76ers,PHI,0,0,,,,,,0,0,,,,,
0021500078,476,4,0,4,9:34 PM,5:26,Thompson REBOUND (Off:2 Def:8),,,,,4.0,202684,Tristan Thompson,1610612739.0,Cleveland,Cavaliers,CLE,0,0,,,,,,0,0,,,,,
0021500078,477,1,50,4,9:34 PM,5:21,Jefferson  Running Dunk (15 PTS) (James 10 AST),,,84 - 97,13,4.0,2210,Richard Jefferson,1610612739.0,Cleveland,Cavaliers,CLE,4,2544,LeBron James,1610612739.0,Cleveland,Cavaliers,CLE,0,0,,,,,
0021500078,478,9,1,4,9:34 PM,5:20,,,76ers Timeout: Regular (Reg.5 Short 1),,,3.0,1610612755,,,,,,0,0,,,,,,0,0,,,,,
0021500078,482,7,5,4,9:37 PM,5:16,Dellavedova Violation:Kicked Ball (E.Lewis),,,,,4.0,203521,Matthew Dellavedova,1610612739.0,Cleveland,Cavaliers,CLE,0,0,,,,,,1,0,,,,,
0021500078,483,2,42,4,9:37 PM,4:59,,,MISS Thompson 3' Driving Layup,,,5.0,203138,Hollis Thompson,1610612755.0,Philadelphia,76ers,PHI,0,0,,,,,,0,0,,,,,
0021500078,484,4,0,4,9:37 PM,4:56,Thompson REBOUND (Off:2 Def:9),,,,,4.0,202684,Tristan Thompson,1610612739.0,Cleveland,Cavaliers,CLE,0,0,,,,,,0,0,,,,,
0021500078,485,1,44,4,9:37 PM,4:53,Jefferson 1' Reverse Layup (17 PTS) (James 11 AST),,,84 - 99,15,4.0,2210,Richard Jefferson,1610612739.0,Cleveland,Cavaliers,CLE,4,2544,LeBron James,1610612739.0,Cleveland,Cavaliers,CLE,0,0,,,,,
0021500078,487,7,1,4,9:38 PM,4:44,CAVALIERS Violation: Delay of game Violation,,,,,2.0,1610612739,,,,,,0,0,,,,,,1,0,,,,,
0021500078,488,6,2,4,9:38 PM,4:32,Jefferson S.FOUL (P2.T2) (M.McCutchen),,,,,4.0,2210,Richard Jefferson,1610612739.0,Cleveland,Cavaliers,CLE,5,1626143,Jahlil Okafor,1610612755.0,Philadelphia,76ers,PHI,1,0,,,,,
0021500078,489,3,11,4,9:38 PM,4:32,,,Okafor Free Throw 1 of 2 (15 PTS),85 - 99,14,5.0,1626143,Jahlil Okafor,1610612755.0,Philadelphia,76ers,PHI,0,0,,,,,,0,0,,,,,
0021500078,491,8,0,4,9:38 PM,4:32,,,SUB: Noel FOR Grant,,,5.0,203924,Jerami Grant,1610612755.0,Philadelphia,76ers,PHI,5,203457,Nerlens Noel,1610612755.0,Philadelphia,76ers,PHI,0,0,,,,,
0021500078,492,8,0,4,9:39 PM,4:32,,,SUB: Canaan FOR McConnell,,,5.0,204456,T.J. McConnell,1610612755.0,Philadelphia,76ers,PHI,5,203477,Isaiah Canaan,1610612755.0,Philadelphia,76ers,PHI,0,0,,,,,
0021500078,493,3,12,4,9:39 PM,4:32,,,Okafor Free Throw 2 of 2 (16 PTS),86 - 99,13,5.0,1626143,Jahlil Okafor,1610612755.0,Philadelphia,76ers,PHI,0,0,,,,,,0,0,,,,,
0021500078,496,2,1,4,9:39 PM,4:18,MISS Love 27' 3PT Jump Shot,,,,,4.0,201567,Kevin Love,1610612739.0,Cleveland,Cavaliers,CLE,0,0,,,,,,0,0,,,,,
0021500078,497,4,0,4,9:39 PM,4:17,,,Stauskas REBOUND (Off:0 Def:3),,,5.0,203917,Nik Stauskas,1610612755.0,Philadelphia,76ers,PHI,0,0,,,,,,0,0,,,,,
0021500078,498,1,7,4,9:39 PM,4:13,,,Noel  Dunk (16 PTS) (Canaan 4 AST),88 - 99,11,5.0,203457,Nerlens Noel,1610612755.0,Philadelphia,76ers,PHI,5,203477,Isaiah Canaan,1610612755.0,Philadelphia,76ers,PHI,0,0,,,,,
0021500078,500,6,4,4,9:40 PM,3:52,Dellavedova OFF.Foul (P2) (M.McCutchen),,,,,4.0,203521,Matthew Dellavedova,1610612739.0,Cleveland,Cavaliers,CLE,5,203477,Isaiah Canaan,1610612755.0,Philadelphia,76ers,PHI,1,0,,,,,
0021500078,501,5,5,4,9:40 PM,3:52,Dellavedova Foul Turnover (P2.T16),,,,,4.0,203521,Matthew Dellavedova,1610612739.0,Cleveland,Cavaliers,CLE,0,0,,,,,,1,0,,,,,
0021500078,504,6,1,4,9:41 PM,3:51,Dellavedova P.FOUL (P3.T3) (M.Ervin),,,,,4.0,203521,Matthew Dellavedova,1610612739.0,Cleveland,Cavaliers,CLE,5,203477,Isaiah Canaan,1610612755.0,Philadelphia,76ers,PHI,1,0,,,,,
0021500078,505,6,11,4,9:41 PM,3:51,,,Canaan T.FOUL (P0.T2) (E.Lewis),,,5.0,203477,Isaiah Canaan,1610612755.0,Philadelphia,76ers,PHI,0,0,,,,,,1,0,,,,,
0021500078,506,3,16,4,9:41 PM,3:51,Dellavedova Free Throw Technical (9 PTS),,,88 - 100,12,4.0,203521,Matthew Dellavedova,1610612739.0,Cleveland,Cavaliers,CLE,0,0,,,,,,0,0,,,,,
0021500078,508,1,1,4,9:41 PM,3:36,,,Okafor 15' Jump Shot (18 PTS) (Stauskas 2 AST),90 - 100,10,5.0,1626143,Jahlil Okafor,1610612755.0,Philadelphia,76ers,PHI,5,203917,Nik Stauskas,1610612755.0,Philadelphia,76ers,PHI,0,0,,,,,
0021500078,509,1,98,4,9:41 PM,3:21,Dellavedova 3' Cutting Layup Shot (11 PTS) (James 12 AST),,,90 - 102,12,4.0,203521,Matthew Dellavedova,1610612739.0,Cleveland,Cavaliers,CLE,4,2544,LeBron James,1610612739.0,Cleveland,Cavaliers,CLE,0,0,,,,,
0021500078,510,2,1,4,9:41 PM,3:08,,,MISS Stauskas 28' 3PT Jump Shot,,,5.0,203917,Nik Stauskas,1610612755.0,Philadelphia,76ers,PHI,0,0,,,,,,0,0,,,,,
0021500078,511,4,0,4,9:41 PM,3:06,Love REBOUND (Off:5 Def:8),,,,,4.0,201567,Kevin Love,1610612739.0,Cleveland,Cavaliers,CLE,0,0,,,,,,0,0,,,,,
0021500078,512,1,1,4,9:42 PM,2:46,Love 22' Jump Shot (12 PTS) (James 13 AST),,,90 - 104,14,4.0,201567,Kevin Love,1610612739.0,Cleveland,Cavaliers,CLE,4,2544,LeBron James,1610612739.0,Cleveland,Cavaliers,CLE,0,0,,,,,
0021500078,514,6,1,4,9:42 PM,2:31,Dellavedova P.FOUL (P4.T4) (E.Lewis),,,,,4.0,203521,Matthew Dellavedova,1610612739.0,Cleveland,Cavaliers,CLE,5,203138,Hollis Thompson,1610612755.0,Philadelphia,76ers,PHI,1,0,,,,,
0021500078,515,9,1,4,9:42 PM,2:31,,,76ers Timeout: Regular (Reg.6 Short 1),,,3.0,1610612755,,,,,,0,0,,,,,,0,0,,,,,
0021500078,518,8,0,4,9:44 PM,2:31,SUB: Cunningham FOR James,,,,,4.0,2544,LeBron James,1610612739.0,Cleveland,Cavaliers,CLE,4,203099,Jared Cunningham,1610612739.0,Cleveland,Cavaliers,CLE,0,0,,,,,
0021500078,519,8,0,4,9:44 PM,2:31,SUB: Williams FOR Dellavedova,,,,,4.0,203521,Matthew Dellavedova,1610612739.0,Cleveland,Cavaliers,CLE,4,2590,Mo Williams,1610612739.0,Cleveland,Cavaliers,CLE,0,0,,,,,
0021500078,520,1,98,4,9:45 PM,2:21,,,Noel 2' Cutting Layup Shot (18 PTS) (Thompson 3 AST),92 - 104,12,5.0,203457,Nerlens Noel,1610612755.0,Philadelphia,76ers,PHI,5,203138,Hollis Thompson,1610612755.0,Philadelphia,76ers,PHI,0,0,,,,,
0021500078,521,2,1,4,9:45 PM,2:06,MISS Love 25' 3PT Jump Shot,,,,,4.0,201567,Kevin Love,1610612739.0,Cleveland,Cavaliers,CLE,0,0,,,,,,0,0,,,,,
0021500078,522,4,0,4,9:45 PM,2:06,,,Okafor REBOUND (Off:1 Def:5),,,5.0,1626143,Jahlil Okafor,1610612755.0,Philadelphia,76ers,PHI,0,0,,,,,,0,0,,,,,
0021500078,523,1,1,4,9:45 PM,1:52,,,Canaan 25' 3PT Jump Shot (12 PTS) (Okafor 3 AST),95 - 104,9,5.0,203477,Isaiah Canaan,1610612755.0,Philadelphia,76ers,PHI,5,1626143,Jahlil Okafor,1610612755.0,Philadelphia,76ers,PHI,0,0,,,,,
0021500078,524,6,1,4,9:45 PM,1:43,,,Canaan P.FOUL (P1.T3) (E.Lewis),,,5.0,203477,Isaiah Canaan,1610612755.0,Philadelphia,76ers,PHI,4,2590,Mo Williams,1610612739.0,Cleveland,Cavaliers,CLE,1,0,,,,,
0021500078,525,1,1,4,9:46 PM,1:29,Thompson 16' Jump Shot (3 PTS),,,95 - 106,11,4.0,202684,Tristan Thompson,1610612739.0,Cleveland,Cavaliers,CLE,0,0,,,,,,0,0,,,,,
0021500078,526,1,42,4,9:46 PM,1:19,,,Stauskas 1' Driving Layup (14 PTS) (Noel 2 AST),97 - 106,9,5.0,203917,Nik Stauskas,1610612755.0,Philadelphia,76ers,PHI,5,203457,Nerlens Noel,1610612755.0,Philadelphia,76ers,PHI,0,0,,,,,
0021500078,528,1,75,4,9:46 PM,1:00,Williams 2' Driving Finger Roll Layup (16 PTS) (Cunningham 1 AST),,,97 - 108,11,4.0,2590,Mo Williams,1610612739.0,Cleveland,Cavaliers,CLE,4,203099,Jared Cunningham,1610612739.0,Cleveland,Cavaliers,CLE,0,0,,,,,
0021500078,529,9,2,4,9:46 PM,1:00,,,76ers Timeout: Short (Reg.6 Short 2),,,3.0,1610612755,,,,,,0,0,,,,,,0,0,,,,,
0021500078,533,2,43,4,9:48 PM,0:50,,,MISS Noel 3' Alley Oop Layup,,,5.0,203457,Nerlens Noel,1610612755.0,Philadelphia,76ers,PHI,0,0,,,,,,0,0,,,,,
0021500078,534,4,0,4,9:48 PM,0:50,Love REBOUND (Off:5 Def:9),,,,,4.0,201567,Kevin Love,1610612739.0,Cleveland,Cavaliers,CLE,0,0,,,,,,0,0,,,,,
0021500078,535,8,0,4,9:48 PM,0:50,,,SUB: Holmes FOR Okafor,,,5.0,1626143,Jahlil Okafor,1610612755.0,Philadelphia,76ers,PHI,5,1626158,Richaun Holmes,1610612755.0,Philadelphia,76ers,PHI,0,0,,,,,
0021500078,536,8,0,4,9:48 PM,0:50,,,SUB: Pressey FOR Stauskas,,,5.0,203917,Nik Stauskas,1610612755.0,Philadelphia,76ers,PHI,5,203515,Phil Pressey,1610612755.0,Philadelphia,76ers,PHI,0,0,,,,,
0021500078,537,10,0,4,9:49 PM,0:49,Jump Ball Love vs. Noel: Tip to Thompson,,,,,4.0,201567,Kevin Love,1610612739.0,Cleveland,Cavaliers,CLE,5,203457,Nerlens Noel,1610612755.0,Philadelphia,76ers,PHI,5,203138,Hollis Thompson,1610612755.0,Philadelphia,76ers,PHI
0021500078,538,5,2,4,9:49 PM,0:49,Love Lost Ball Turnover (P5.T17),,Noel STEAL (5 STL),,,4.0,201567,Kevin Love,1610612739.0,Cleveland,Cavaliers,CLE,5,203457,Nerlens Noel,1610612755.0,Philadelphia,76ers,PHI,0,0,,,,,
0021500078,539,6,2,4,9:49 PM,0:44,Jefferson S.FOUL (P3.PN) (E.Lewis),,,,,4.0,2210,Richard Jefferson,1610612739.0,Cleveland,Cavaliers,CLE,5,203477,Isaiah Canaan,1610612755.0,Philadelphia,76ers,PHI,1,0,,,,,
0021500078,540,3,11,4,9:49 PM,0:44,,,Canaan Free Throw 1 of 2 (13 PTS),98 - 108,10,5.0,203477,Isaiah Canaan,1610612755.0,Philadelphia,76ers,PHI,0,0,,,,,,0,0,,,,,
0021500078,542,8,0,4,9:49 PM,0:44,,,SUB: Wood FOR Noel,,,5.0,203457,Nerlens Noel,1610612755.0,Philadelphia,76ers,PHI,5,1626174,Christian Wood,1610612755.0,Philadelphia,76ers,PHI,0,0,,,,,
0021500078,543,8,0,4,9:49 PM,0:44,,,SUB: Sampson FOR Thompson,,,5.0,203138,Hollis Thompson,1610612755.0,Philadelphia,76ers,PHI,5,203960,JaKarr Sampson,1610612755.0,Philadelphia,76ers,PHI,0,0,,,,,
0021500078,544,8,0,4,9:49 PM,0:44,SUB: Dellavedova FOR Love,,,,,4.0,201567,Kevin Love,1610612739.0,Cleveland,Cavaliers,CLE,4,203521,Matthew Dellavedova,1610612739.0,Cleveland,Cavaliers,CLE,0,0,,,,,
0021500078,545,3,12,4,9:49 PM,0:44,,,Canaan Free Throw 2 of 2 (14 PTS),99 - 108,9,5.0,203477,Isaiah Canaan,1610612755.0,Philadelphia,76ers,PHI,0,0,,,,,,0,0,,,,,
0021500078,548,2,1,4,9:50 PM,0:23,MISS Williams 25' 3PT Jump Shot,,,,,4.0,2590,Mo Williams,1610612739.0,Cleveland,Cavaliers,CLE,0,0,,,,,,0,0,,,,,
0021500078,549,4,0,4,9:50 PM,0:22,,,Sampson REBOUND (Off:0 Def:2),,,5.0,203960,JaKarr Sampson,1610612755.0,Philadelphia,76ers,PHI,0,0,,,,,,0,0,,,,,
0021500078,551,1,1,4,9:50 PM,0:16,,,Canaan 24' 3PT Jump Shot (17 PTS),102 - 108,6,5.0,203477,Isaiah Canaan,1610612755.0,Philadelphia,76ers,PHI,0,0,,,,,,0,0,,,,,
0021500078,553,13,0,4,9:51 PM,0:00,,,,102 - 108,6,0.0,0,,,,,,0,0,,,,,,0,0,,,,,
