GAME_ID,EVENTNUM,EVENTMSGTYPE,EVENTMSGACTIONTYPE,PERIOD,WCTIMESTRING,PCTIMESTRING,HOMEDESCRIPTION,NEUTRALDESCRIPTION,VISITORDESCRIPTION,SCORE,SCOREMARGIN,PERSON1TYPE,PLAYER1_ID,PLAYER1_NAME,PLAYER1_TEAM_ID,PLAYER1_TEAM_CITY,PLAYER1_TEAM_NICKNAME,PLAYER1_TEAM_ABBREVIATION,PERSON2TYPE,PLAYER2_ID,PLAYER2_NAME,PLAYER2_TEAM_ID,PLAYER2_TEAM_CITY,PLAYER2_TEAM_NICKNAME,PLAYER2_TEAM_ABBREVIATION,PERSON3TYPE,PLAYER3_ID,PLAYER3_NAME,PLAYER3_TEAM_ID,PLAYER3_TEAM_CITY,PLAYER3_TEAM_NICKNAME,PLAYER3_TEAM_ABBREVIATION
0021500085,0,12,0,1,6:11 PM,12:00,,,,,,0,0,,,,,,0,0,,,,,,0,0,,,,,
0021500085,1,10,0,1,6:11 PM,12:00,Jump Ball Gasol vs. Towns: Tip to Rose,,,,,4,2200,Pau Gasol,1610612741.0,Chicago,Bulls,CHI,5,1626157,Karl-Anthony Towns,1610612750.0,Minnesota,Timberwolves,MIN,4,201565,Derrick Rose,1610612741.0,Chicago,Bulls,CHI
0021500085,2,2,1,1,6:12 PM,11:46,MISS Butler 14' Jump Shot,,,,,4,202710,Jimmy Butler,1610612741.0,Chicago,Bulls,CHI,0,0,,,,,,0,0,,,,,
0021500085,3,4,0,1,6:12 PM,11:45,,,Garnett REBOUND (Off:0 Def:1),,,5,708,Kevin Garnett,1610612750.0,Minnesota,Timberwolves,MIN,0,0,,,,,,0,0,,,,,
0021500085,4,1,47,1,6:12 PM,11:33,,,Towns 10' Turnaround Jump Shot (2 PTS) (Garnett 1 AST),2 - 0,-2,5,1626157,Karl-Anthony Towns,1610612750.0,Minnesota,Timberwolves,MIN,5,708,Kevin Garnett,1610612750.0,Minnesota,Timberwolves,MIN,0,0,,,,,
0021500085,5,1,78,1,6:12 PM,11:19,McDermott 4' Floating Jump Shot (2 PTS),,,2 - 2,TIE,4,203926,Doug McDermott,1610612741.0,Chicago,Bulls,CHI,0,0,,,,,,0,0,,,,,
0021500085,6,2,1,1,6:12 PM,10:59,,,MISS Wiggins 20' Jump Shot,,,5,203952,Andrew Wiggins,1610612750.0,Minnesota,Timberwolves,MIN,0,0,,,,,,0,0,,,,,
0021500085,7,4,0,1,6:13 PM,10:59,BULLS Rebound,,,,,2,1610612741,,,,,,0,0,,,,,,0,0,,,,,
0021500085,8,6,2,1,6:13 PM,10:46,,,Towns S.FOUL (P1.T1) (T.Ford),,,5,1626157,Karl-Anthony Towns,1610612750.0,Minnesota,Timberwolves,MIN,4,2200,Pau Gasol,1610612741.0,Chicago,Bulls,CHI,1,0,,,,,
0021500085,9,3,11,1,6:13 PM,10:46,Gasol Free Throw 1 of 2 (1 PTS),,,2 - 3,1,4,2200,Pau Gasol,1610612741.0,Chicago,Bulls,CHI,0,0,,,,,,0,0,,,,,
0021500085,11,3,12,1,6:13 PM,10:46,Gasol Free Throw 2 of 2 (2 PTS),,,2 - 4,2,4,2200,Pau Gasol,1610612741.0,Chicago,Bulls,CHI,0,0,,,,,,0,0,,,,,
0021500085,13,1,1,1,6:14 PM,10:36,,,Garnett 21' Jump Shot (2 PTS) (Wiggins 1 AST),4 - 4,TIE,5,708,Kevin Garnett,1610612750.0,Minnesota,Timberwolves,MIN,5,203952,Andrew Wiggins,1610612750.0,Minnesota,Timberwolves,MIN,0,0,,,,,
0021500085,14,2,1,1,6:14 PM,10:24,MISS Rose 25' 3PT Jump Shot,,,,,4,201565,Derrick Rose,1610612741.0,Chicago,Bulls,CHI,0,0,,,,,,0,0,,,,,
0021500085,15,4,0,1,6:14 PM,10:22,,,Towns REBOUND (Off:0 Def:1),,,5,1626157,Karl-Anthony Towns,1610612750.0,Minnesota,Timberwolves,MIN,0,0,,,,,,0,0,,,,,
0021500085,16,2,1,1,6:14 PM,10:11,,,MISS Towns 15' Jump Shot,,,5,1626157,Karl-Anthony Towns,1610612750.0,Minnesota,Timberwolves,MIN,0,0,,,,,,0,0,,,,,
0021500085,17,4,0,1,6:14 PM,10:10,Butler REBOUND (Off:0 Def:1),,,,,4,202710,Jimmy Butler,1610612741.0,Chicago,Bulls,CHI,0,0,,,,,,0,0,,,,,
0021500085,18,1,1,1,6:15 PM,9:59,Gasol 6' Jump Shot (4 PTS),,,4 - 6,2,4,2200,Pau Gasol,1610612741.0,Chicago,Bulls,CHI,0,0,,,,,,0,0,,,,,
0021500085,19,6,2,1,6:15 PM,9:59,,,Towns S.FOUL (P2.T2) (S.Corbin),,,5,1626157,Karl-Anthony Towns,1610612750.0,Minnesota,Timberwolves,MIN,4,2200,Pau Gasol,1610612741.0,Chicago,Bulls,CHI,1,0,,,,,
0021500085,20,8,0,1,6:15 PM,9:59,,,SUB: Dieng FOR Towns,,,5,1626157,Karl-Anthony Towns,1610612750.0,Minnesota,Timberwolves,MIN,5,203476,Gorgui Dieng,1610612750.0,Minnesota,Timberwolves,MIN,0,0,,,,,
0021500085,21,3,10,1,6:15 PM,9:59,MISS Gasol Free Throw 1 of 1,,,,,4,2200,Pau Gasol,1610612741.0,Chicago,Bulls,CHI,0,0,,,,,,0,0,,,,,
0021500085,23,4,0,1,6:15 PM,9:58,,,Dieng REBOUND (Off:0 Def:1),,,5,203476,Gorgui Dieng,1610612750.0,Minnesota,Timberwolves,MIN,0,0,,,,,,0,0,,,,,
0021500085,24,1,42,1,6:15 PM,9:50,,,Wiggins 1' Driving Layup (2 PTS),6 - 6,TIE,5,203952,Andrew Wiggins,1610612750.0,Minnesota,Timberwolves,MIN,0,0,,,,,,0,0,,,,,
0021500085,25,6,2,1,6:15 PM,9:50,Mirotic S.FOUL (P1.T1) (S.Corbin),,,,,4,202703,Nikola Mirotic,1610612741.0,Chicago,Bulls,CHI,5,203952,Andrew Wiggins,1610612750.0,Minnesota,Timberwolves,MIN,1,0,,,,,
0021500085,26,3,10,1,6:15 PM,9:50,,,MISS Wiggins Free Throw 1 of 1,,,5,203952,Andrew Wiggins,1610612750.0,Minnesota,Timberwolves,MIN,0,0,,,,,,0,0,,,,,
0021500085,28,4,0,1,6:16 PM,9:48,Gasol REBOUND (Off:0 Def:1),,,,,4,2200,Pau Gasol,1610612741.0,Chicago,Bulls,CHI,0,0,,,,,,0,0,,,,,
0021500085,29,6,4,1,6:16 PM,9:41,Mirotic OFF.Foul (P2) (T.Brothers),,,,,4,202703,Nikola Mirotic,1610612741.0,Chicago,Bulls,CHI,5,201937,Ricky Rubio,1610612750.0,Minnesota,Timberwolves,MIN,1,0,,,,,
0021500085,30,5,5,1,6:16 PM,9:41,Mirotic Foul Turnover (P1.T1),,,,,4,202703,Nikola Mirotic,1610612741.0,Chicago,Bulls,CHI,0,0,,,,,,1,0,,,,,
0021500085,31,8,0,1,6:16 PM,9:41,SUB: Noah FOR Mirotic,,,,,4,202703,Nikola Mirotic,1610612741.0,Chicago,Bulls,CHI,4,201149,Joakim Noah,1610612741.0,Chicago,Bulls,CHI,0,0,,,,,
0021500085,32,2,1,1,6:16 PM,9:29,,,MISS Garnett 19' Jump Shot,,,5,708,Kevin Garnett,1610612750.0,Minnesota,Timberwolves,MIN,0,0,,,,,,0,0,,,,,
0021500085,33,4,0,1,6:16 PM,9:29,,,Dieng REBOUND (Off:1 Def:1),,,5,203476,Gorgui Dieng,1610612750.0,Minnesota,Timberwolves,MIN,0,0,,,,,,0,0,,,,,
0021500085,34,6,1,1,6:16 PM,9:29,Noah P.FOUL (P1.T2) (T.Brothers),,,,,4,201149,Joakim Noah,1610612741.0,Chicago,Bulls,CHI,5,203476,Gorgui Dieng,1610612750.0,Minnesota,Timberwolves,MIN,1,0,,,,,
0021500085,35,2,1,1,6:17 PM,9:20,,,MISS Prince 18' Jump Shot,,,5,2419,Tayshaun Prince,1610612750.0,Minnesota,Timberwolves,MIN,0,0,,,,,,0,0,,,,,
0021500085,36,4,0,1,6:17 PM,9:19,Gasol REBOUND (Off:0 Def:2),,,,,4,2200,Pau Gasol,1610612741.0,Chicago,Bulls,CHI,0,0,,,,,,0,0,,,,,
0021500085,37,2,1,1,6:17 PM,9:07,MISS Gasol 17' Jump Shot,,,,,4,2200,Pau Gasol,1610612741.0,Chicago,Bulls,CHI,0,0,,,,,,0,0,,,,,
0021500085,38,4,0,1,6:17 PM,9:06,,,Rubio REBOUND (Off:0 Def:1),,,5,201937,Ricky Rubio,1610612750.0,Minnesota,Timberwolves,MIN,0,0,,,,,,0,0,,,,,
0021500085,39,1,3,1,6:17 PM,8:59,,,Dieng 6' Hook Shot (2 PTS) (Rubio 1 AST),8 - 6,-2,5,203476,Gorgui Dieng,1610612750.0,Minnesota,Timberwolves,MIN,5,201937,Ricky Rubio,1610612750.0,Minnesota,Timberwolves,MIN,0,0,,,,,
0021500085,40,5,2,1,6:17 PM,8:48,Rose Lost Ball Turnover (P1.T2),,Garnett STEAL (1 STL),,,4,201565,Derrick Rose,1610612741.0,Chicago,Bulls,CHI,5,708,Kevin Garnett,1610612750.0,Minnesota,Timberwolves,MIN,0,0,,,,,
0021500085,41,2,1,1,6:17 PM,8:31,,,MISS Wiggins 19' Jump Shot,,,5,203952,Andrew Wiggins,1610612750.0,Minnesota,Timberwolves,MIN,0,0,,,,,,0,0,,,,,
0021500085,42,4,0,1,6:18 PM,8:28,,,Dieng REBOUND (Off:2 Def:1),,,5,203476,Gorgui Dieng,1610612750.0,Minnesota,Timberwolves,MIN,0,0,,,,,,0,0,,,,,
0021500085,43,2,1,1,6:18 PM,8:19,,,MISS Rubio 19' Jump Shot,,,5,201937,Ricky Rubio,1610612750.0,Minnesota,Timberwolves,MIN,0,0,,,,,,0,0,,,,,
0021500085,44,4,0,1,6:18 PM,8:18,Noah REBOUND (Off:0 Def:1),,,,,4,201149,Joakim Noah,1610612741.0,Chicago,Bulls,CHI,0,0,,,,,,0,0,,,,,
0021500085,45,2,1,1,6:18 PM,7:58,MISS Rose 13' Jump Shot,,,,,4,201565,Derrick Rose,1610612741.0,Chicago,Bulls,CHI,0,0,,,,,,0,0,,,,,
0021500085,46,4,0,1,6:18 PM,7:58,BULLS Rebound,,,,,2,1610612741,,,,,,0,0,,,,,,0,0,,,,,
0021500085,48,1,1,1,6:19 PM,7:55,McDermott 24' 3PT Jump Shot (5 PTS) (Rose 1 AST),,,8 - 9,1,4,203926,Doug McDermott,1610612741.0,Chicago,Bulls,CHI,4,201565,Derrick Rose,1610612741.0,Chicago,Bulls,CHI,0,0,,,,,
0021500085,49,5,1,1,6:19 PM,7:45,Gasol STEAL (1 STL),,Prince Bad Pass Turnover (P1.T1),,,5,2419,Tayshaun Prince,1610612750.0,Minnesota,Timberwolves,MIN,4,2200,Pau Gasol,1610612741.0,Chicago,Bulls,CHI,0,0,,,,,
0021500085,50,1,1,1,6:19 PM,7:34,Gasol 16' Jump Shot (6 PTS) (Rose 2 AST),,,8 - 11,3,4,2200,Pau Gasol,1610612741.0,Chicago,Bulls,CHI,4,201565,Derrick Rose,1610612741.0,Chicago,Bulls,CHI,0,0,,,,,
0021500085,51,9,1,1,6:19 PM,7:28,,,Timberwolves Timeout: Regular (Reg.1 Short 0),,,3,1610612750,,,,,,0,0,,,,,,0,0,,,,,
0021500085,52,8,0,1,6:22 PM,7:28,,,SUB: Bjelica FOR Garnett,,,5,708,Kevin Garnett,1610612750.0,Minnesota,Timberwolves,MIN,5,202357,Nemanja Bjelica,1610612750.0,Minnesota,Timberwolves,MIN,0,0,,,,,
0021500085,53,1,1,1,6:22 PM,7:12,,,Prince 21' Jump Shot (2 PTS) (Wiggins 2 AST),10 - 11,1,5,2419,Tayshaun Prince,1610612750.0,Minnesota,Timberwolves,MIN,5,203952,Andrew Wiggins,1610612750.0,Minnesota,Timberwolves,MIN,0,0,,,,,
0021500085,54,2,1,1,6:22 PM,6:50,MISS Gasol 20' Jump Shot,,,,,4,2200,Pau Gasol,1610612741.0,Chicago,Bulls,CHI,0,0,,,,,,0,0,,,,,
0021500085,55,4,0,1,6:22 PM,6:49,,,Bjelica REBOUND (Off:0 Def:1),,,5,202357,Nemanja Bjelica,1610612750.0,Minnesota,Timberwolves,MIN,0,0,,,,,,0,0,,,,,
0021500085,56,1,1,1,6:23 PM,6:35,,,Wiggins 25' 3PT Jump Shot (5 PTS),13 - 11,-2,5,203952,Andrew Wiggins,1610612750.0,Minnesota,Timberwolves,MIN,0,0,,,,,,0,0,,,,,
0021500085,57,6,2,1,6:23 PM,6:23,,,Rubio S.FOUL (P1.T3) (T.Ford),,,5,201937,Ricky Rubio,1610612750.0,Minnesota,Timberwolves,MIN,4,201565,Derrick Rose,1610612741.0,Chicago,Bulls,CHI,1,0,,,,,
0021500085,58,3,13,1,6:23 PM,6:23,MISS Rose Free Throw 1 of 3,,,,,4,201565,Derrick Rose,1610612741.0,Chicago,Bulls,CHI,0,0,,,,,,0,0,,,,,
0021500085,59,4,1,1,6:23 PM,6:23,BULLS Rebound,,,,,2,1610612741,,,,,,0,0,,,,,,0,0,,,,,
0021500085,60,3,14,1,6:23 PM,6:23,Rose Free Throw 2 of 3 (1 PTS),,,13 - 12,-1,4,201565,Derrick Rose,1610612741.0,Chicago,Bulls,CHI,0,0,,,,,,0,0,,,,,
0021500085,62,3,15,1,6:24 PM,6:23,Rose Free Throw 3 of 3 (2 PTS),,,13 - 13,TIE,4,201565,Derrick Rose,1610612741.0,Chicago,Bulls,CHI,0,0,,,,,,0,0,,,,,
0021500085,64,2,1,1,6:24 PM,6:13,,,MISS Bjelica 25' 3PT Jump Shot,,,5,202357,Nemanja Bjelica,1610612750.0,Minnesota,Timberwolves,MIN,0,0,,,,,,0,0,,,,,
0021500085,65,4,0,1,6:24 PM,6:12,Butler REBOUND (Off:0 Def:2),,,,,4,202710,Jimmy Butler,1610612741.0,Chicago,Bulls,CHI,0,0,,,,,,0,0,,,,,
0021500085,67,6,4,1,6:24 PM,6:01,Butler OFF.Foul (P1) (S.Corbin),,,,,4,202710,Jimmy Butler,1610612741.0,Chicago,Bulls,CHI,5,203952,Andrew Wiggins,1610612750.0,Minnesota,Timberwolves,MIN,1,0,,,,,
0021500085,68,5,5,1,6:24 PM,6:01,Butler Foul Turnover (P1.T3),,,,,4,202710,Jimmy Butler,1610612741.0,Chicago,Bulls,CHI,0,0,,,,,,1,0,,,,,
0021500085,69,8,0,1,6:25 PM,6:01,SUB: Brooks FOR Rose,,,,,4,201565,Derrick Rose,1610612741.0,Chicago,Bulls,CHI,4,201166,Aaron Brooks,1610612741.0,Chicago,Bulls,CHI,0,0,,,,,
0021500085,70,8,0,1,6:25 PM,6:01,,,SUB: Muhammad FOR Prince,,,5,2419,Tayshaun Prince,1610612750.0,Minnesota,Timberwolves,MIN,5,203498,Shabazz Muhammad,1610612750.0,Minnesota,Timberwolves,MIN,0,0,,,,,
0021500085,71,6,2,1,6:25 PM,5:47,Noah S.FOUL (P2.T3) (T.Ford),,,,,4,201149,Joakim Noah,1610612741.0,Chicago,Bulls,CHI,5,202357,Nemanja Bjelica,1610612750.0,Minnesota,Timberwolves,MIN,1,0,,,,,
0021500085,72,3,11,1,6:25 PM,5:47,,,Bjelica Free Throw 1 of 2 (1 PTS),14 - 13,-1,5,202357,Nemanja Bjelica,1610612750.0,Minnesota,Timberwolves,MIN,0,0,,,,,,0,0,,,,,
0021500085,74,3,12,1,6:26 PM,5:47,,,Bjelica Free Throw 2 of 2 (2 PTS),15 - 13,-2,5,202357,Nemanja Bjelica,1610612750.0,Minnesota,Timberwolves,MIN,0,0,,,,,,0,0,,,,,
0021500085,76,5,1,1,6:26 PM,5:36,Butler Bad Pass Turnover (P2.T4),,Rubio STEAL (1 STL),,,4,202710,Jimmy Butler,1610612741.0,Chicago,Bulls,CHI,5,201937,Ricky Rubio,1610612750.0,Minnesota,Timberwolves,MIN,0,0,,,,,
0021500085,78,1,1,1,6:26 PM,5:34,,,Wiggins 24' 3PT Jump Shot (8 PTS) (Bjelica 1 AST),18 - 13,-5,5,203952,Andrew Wiggins,1610612750.0,Minnesota,Timberwolves,MIN,5,202357,Nemanja Bjelica,1610612750.0,Minnesota,Timberwolves,MIN,0,0,,,,,
0021500085,79,1,1,1,6:27 PM,5:20,McDermott 24' 3PT Jump Shot (8 PTS) (Noah 1 AST),,,18 - 16,-2,4,203926,Doug McDermott,1610612741.0,Chicago,Bulls,CHI,4,201149,Joakim Noah,1610612741.0,Chicago,Bulls,CHI,0,0,,,,,
0021500085,80,2,1,1,6:27 PM,5:06,,,MISS Rubio 20' Jump Shot,,,5,201937,Ricky Rubio,1610612750.0,Minnesota,Timberwolves,MIN,0,0,,,,,,0,0,,,,,
0021500085,81,4,0,1,6:27 PM,5:05,,,Bjelica REBOUND (Off:1 Def:1),,,5,202357,Nemanja Bjelica,1610612750.0,Minnesota,Timberwolves,MIN,0,0,,,,,,0,0,,,,,
0021500085,82,1,44,1,6:27 PM,4:57,,,Muhammad 2' Reverse Layup (2 PTS) (Bjelica 2 AST),20 - 16,-4,5,203498,Shabazz Muhammad,1610612750.0,Minnesota,Timberwolves,MIN,5,202357,Nemanja Bjelica,1610612750.0,Minnesota,Timberwolves,MIN,0,0,,,,,
0021500085,83,2,1,1,6:27 PM,4:43,MISS Butler 25' 3PT Jump Shot,,,,,4,202710,Jimmy Butler,1610612741.0,Chicago,Bulls,CHI,0,0,,,,,,0,0,,,,,
0021500085,84,4,0,1,6:27 PM,4:42,,,Dieng REBOUND (Off:2 Def:2),,,5,203476,Gorgui Dieng,1610612750.0,Minnesota,Timberwolves,MIN,0,0,,,,,,0,0,,,,,
0021500085,85,1,1,1,6:28 PM,4:30,,,Wiggins 24' 3PT Jump Shot (11 PTS) (Rubio 2 AST),23 - 16,-7,5,203952,Andrew Wiggins,1610612750.0,Minnesota,Timberwolves,MIN,5,201937,Ricky Rubio,1610612750.0,Minnesota,Timberwolves,MIN,0,0,,,,,
0021500085,86,9,1,1,6:28 PM,4:28,BULLS Timeout: Regular (Full 1 Short 0),,,,,2,1610612741,,,,,,0,0,,,,,,0,0,,,,,
0021500085,87,8,0,1,6:30 PM,4:28,SUB: Snell FOR McDermott,,,,,4,203926,Doug McDermott,1610612741.0,Chicago,Bulls,CHI,4,203503,Tony Snell,1610612741.0,Chicago,Bulls,CHI,0,0,,,,,
0021500085,88,5,4,1,6:30 PM,4:17,Snell Traveling Turnover (P1.T5),,,,,4,203503,Tony Snell,1610612741.0,Chicago,Bulls,CHI,0,0,,,,,,1,0,,,,,
0021500085,90,5,4,1,6:30 PM,3:56,,,Dieng Traveling Turnover (P1.T2),,,5,203476,Gorgui Dieng,1610612750.0,Minnesota,Timberwolves,MIN,0,0,,,,,,1,0,,,,,
0021500085,91,1,1,1,6:31 PM,3:45,Snell 24' 3PT Jump Shot (3 PTS) (Noah 2 AST),,,23 - 19,-4,4,203503,Tony Snell,1610612741.0,Chicago,Bulls,CHI,4,201149,Joakim Noah,1610612741.0,Chicago,Bulls,CHI,0,0,,,,,
0021500085,92,2,42,1,6:31 PM,3:33,,,MISS Muhammad 2' Driving Layup,,,5,203498,Shabazz Muhammad,1610612750.0,Minnesota,Timberwolves,MIN,0,0,,,,,,0,0,,,,,
0021500085,93,4,0,1,6:31 PM,3:32,Gasol REBOUND (Off:0 Def:3),,,,,4,2200,Pau Gasol,1610612741.0,Chicago,Bulls,CHI,0,0,,,,,,0,0,,,,,
0021500085,94,1,1,1,6:31 PM,3:25,Snell 24' 3PT Jump Shot (6 PTS) (Brooks 1 AST),,,23 - 22,-1,4,203503,Tony Snell,1610612741.0,Chicago,Bulls,CHI,4,201166,Aaron Brooks,1610612741.0,Chicago,Bulls,CHI,0,0,,,,,
0021500085,95,2,5,1,6:32 PM,3:08,,,MISS Rubio 2' Layup,,,5,201937,Ricky Rubio,1610612750.0,Minnesota,Timberwolves,MIN,0,0,,,,,,0,0,,,,,
0021500085,96,4,0,1,6:32 PM,3:07,Noah REBOUND (Off:0 Def:2),,,,,4,201149,Joakim Noah,1610612741.0,Chicago,Bulls,CHI,0,0,,,,,,0,0,,,,,
0021500085,97,1,1,1,6:32 PM,2:59,Brooks 25' 3PT Jump Shot (3 PTS) (Noah 3 AST),,,23 - 25,2,4,201166,Aaron Brooks,1610612741.0,Chicago,Bulls,CHI,4,201149,Joakim Noah,1610612741.0,Chicago,Bulls,CHI,0,0,,,,,
0021500085,98,2,49,1,6:32 PM,2:37,Gasol BLOCK (1 BLK),,MISS Wiggins  Driving Dunk,,,5,203952,Andrew Wiggins,1610612750.0,Minnesota,Timberwolves,MIN,0,0,,,,,,4,2200,Pau Gasol,1610612741.0,Chicago,Bulls,CHI
0021500085,99,4,0,1,6:32 PM,2:36,Snell REBOUND (Off:0 Def:1),,,,,4,203503,Tony Snell,1610612741.0,Chicago,Bulls,CHI,0,0,,,,,,0,0,,,,,
0021500085,100,2,5,1,6:32 PM,2:25,MISS Brooks 3' Layup,,Wiggins BLOCK (1 BLK),,,4,201166,Aaron Brooks,1610612741.0,Chicago,Bulls,CHI,0,0,,,,,,5,203952,Andrew Wiggins,1610612750.0,Minnesota,Timberwolves,MIN
0021500085,101,4,0,1,6:32 PM,2:24,,,Rubio REBOUND (Off:0 Def:2),,,5,201937,Ricky Rubio,1610612750.0,Minnesota,Timberwolves,MIN,0,0,,,,,,0,0,,,,,
0021500085,102,1,5,1,6:32 PM,2:18,,,Wiggins 2' Layup (13 PTS) (Rubio 3 AST),25 - 25,TIE,5,203952,Andrew Wiggins,1610612750.0,Minnesota,Timberwolves,MIN,5,201937,Ricky Rubio,1610612750.0,Minnesota,Timberwolves,MIN,0,0,,,,,
0021500085,103,5,1,1,6:33 PM,2:07,Butler Bad Pass Turnover (P3.T6),,Dieng STEAL (1 STL),,,4,202710,Jimmy Butler,1610612741.0,Chicago,Bulls,CHI,5,203476,Gorgui Dieng,1610612750.0,Minnesota,Timberwolves,MIN,0,0,,,,,
0021500085,104,6,26,1,6:33 PM,1:54,,,Muhammad Offensive Charge Foul (P1.T4) (T.Brothers),,,5,203498,Shabazz Muhammad,1610612750.0,Minnesota,Timberwolves,MIN,4,201149,Joakim Noah,1610612741.0,Chicago,Bulls,CHI,1,0,,,,,
0021500085,105,5,5,1,6:33 PM,1:54,,,Muhammad Foul Turnover (P1.T3),,,5,203498,Shabazz Muhammad,1610612750.0,Minnesota,Timberwolves,MIN,0,0,,,,,,1,0,,,,,
0021500085,106,8,0,1,6:33 PM,1:54,SUB: Gibson FOR Gasol,,,,,4,2200,Pau Gasol,1610612741.0,Chicago,Bulls,CHI,4,201959,Taj Gibson,1610612741.0,Chicago,Bulls,CHI,0,0,,,,,
0021500085,107,8,0,1,6:33 PM,1:54,,,SUB: LaVine FOR Rubio,,,5,201937,Ricky Rubio,1610612750.0,Minnesota,Timberwolves,MIN,5,203897,Zach LaVine,1610612750.0,Minnesota,Timberwolves,MIN,0,0,,,,,
0021500085,108,8,0,1,6:33 PM,1:54,,,SUB: Prince FOR Wiggins,,,5,203952,Andrew Wiggins,1610612750.0,Minnesota,Timberwolves,MIN,5,2419,Tayshaun Prince,1610612750.0,Minnesota,Timberwolves,MIN,0,0,,,,,
0021500085,109,8,0,1,6:33 PM,1:54,SUB: Rose FOR Butler,,,,,4,202710,Jimmy Butler,1610612741.0,Chicago,Bulls,CHI,4,201565,Derrick Rose,1610612741.0,Chicago,Bulls,CHI,0,0,,,,,
0021500085,110,2,3,1,6:34 PM,1:38,MISS Noah 6' Hook Shot,,,,,4,201149,Joakim Noah,1610612741.0,Chicago,Bulls,CHI,0,0,,,,,,0,0,,,,,
0021500085,111,4,0,1,6:34 PM,1:37,,,Muhammad REBOUND (Off:0 Def:1),,,5,203498,Shabazz Muhammad,1610612750.0,Minnesota,Timberwolves,MIN,0,0,,,,,,0,0,,,,,
0021500085,112,2,1,1,6:34 PM,1:26,,,MISS Muhammad 11' Jump Shot,,,5,203498,Shabazz Muhammad,1610612750.0,Minnesota,Timberwolves,MIN,0,0,,,,,,0,0,,,,,
0021500085,113,4,0,1,6:34 PM,1:25,,,Dieng REBOUND (Off:3 Def:2),,,5,203476,Gorgui Dieng,1610612750.0,Minnesota,Timberwolves,MIN,0,0,,,,,,0,0,,,,,
0021500085,114,1,42,1,6:34 PM,1:09,,,Bjelica 2' Driving Layup (4 PTS),27 - 25,-2,5,202357,Nemanja Bjelica,1610612750.0,Minnesota,Timberwolves,MIN,0,0,,,,,,0,0,,,,,
0021500085,115,1,1,1,6:34 PM,0:59,Brooks 25' 3PT Jump Shot (6 PTS) (Noah 4 AST),,,27 - 28,1,4,201166,Aaron Brooks,1610612741.0,Chicago,Bulls,CHI,4,201149,Joakim Noah,1610612741.0,Chicago,Bulls,CHI,0,0,,,,,
0021500085,116,1,1,1,6:35 PM,0:42,,,LaVine 25' 3PT Jump Shot (3 PTS) (Muhammad 1 AST),30 - 28,-2,5,203897,Zach LaVine,1610612750.0,Minnesota,Timberwolves,MIN,5,203498,Shabazz Muhammad,1610612750.0,Minnesota,Timberwolves,MIN,0,0,,,,,
0021500085,117,2,1,1,6:35 PM,0:18,MISS Snell 25' 3PT Jump Shot,,,,,4,203503,Tony Snell,1610612741.0,Chicago,Bulls,CHI,0,0,,,,,,0,0,,,,,
0021500085,118,4,0,1,6:35 PM,0:17,,,Prince REBOUND (Off:0 Def:1),,,5,2419,Tayshaun Prince,1610612750.0,Minnesota,Timberwolves,MIN,0,0,,,,,,0,0,,,,,
0021500085,120,2,1,1,6:35 PM,0:00,,,MISS LaVine 24' 3PT Jump Shot,,,5,203897,Zach LaVine,1610612750.0,Minnesota,Timberwolves,MIN,0,0,,,,,,0,0,,,,,
0021500085,122,4,0,1,6:35 PM,0:00,,,Timberwolves Rebound,,,3,1610612750,,,,,,0,0,,,,,,0,0,,,,,
0021500085,121,13,0,1,6:35 PM,0:00,,,,30 - 28,-2,0,0,,,,,,0,0,,,,,,0,0,,,,,
0021500085,124,12,0,2,6:38 PM,12:00,,,,30 - 28,-2,0,0,,,,,,0,0,,,,,,0,0,,,,,
0021500085,125,5,8,2,6:39 PM,11:46,,,Dieng 3 Second Violation Turnover (P2.T4),,,5,203476,Gorgui Dieng,1610612750.0,Minnesota,Timberwolves,MIN,0,0,,,,,,1,0,,,,,
0021500085,127,7,2,2,6:39 PM,11:37,,,Dieng Violation:Defensive Goaltending (T.Brothers),,,5,203476,Gorgui Dieng,1610612750.0,Minnesota,Timberwolves,MIN,0,0,,,,,,1,0,,,,,
0021500085,126,1,42,2,6:39 PM,11:37,Rose 1' Driving Layup (4 PTS),,,30 - 30,TIE,4,201565,Derrick Rose,1610612741.0,Chicago,Bulls,CHI,0,0,,,,,,0,0,,,,,
0021500085,128,1,1,2,6:40 PM,11:18,,,Bjelica 25' 3PT Jump Shot (7 PTS),33 - 30,-3,5,202357,Nemanja Bjelica,1610612750.0,Minnesota,Timberwolves,MIN,0,0,,,,,,0,0,,,,,
0021500085,129,1,5,2,6:40 PM,11:03,Mirotic 2' Layup (2 PTS) (Gibson 1 AST),,,33 - 32,-1,4,202703,Nikola Mirotic,1610612741.0,Chicago,Bulls,CHI,4,201959,Taj Gibson,1610612741.0,Chicago,Bulls,CHI,0,0,,,,,
0021500085,130,1,3,2,6:40 PM,10:36,,,Dieng 9' Hook Shot (4 PTS) (Bjelica 3 AST),35 - 32,-3,5,203476,Gorgui Dieng,1610612750.0,Minnesota,Timberwolves,MIN,5,202357,Nemanja Bjelica,1610612750.0,Minnesota,Timberwolves,MIN,0,0,,,,,
0021500085,131,1,1,2,6:41 PM,10:18,Moore 24' 3PT Jump Shot (3 PTS) (Rose 3 AST),,,35 - 35,TIE,4,202734,E'Twaun Moore,1610612741.0,Chicago,Bulls,CHI,4,201565,Derrick Rose,1610612741.0,Chicago,Bulls,CHI,0,0,,,,,
0021500085,132,6,1,2,6:41 PM,10:00,Snell P.FOUL (P1.T1) (S.Corbin),,,,,4,203503,Tony Snell,1610612741.0,Chicago,Bulls,CHI,5,203498,Shabazz Muhammad,1610612750.0,Minnesota,Timberwolves,MIN,1,0,,,,,
0021500085,133,8,0,2,6:41 PM,10:00,,,SUB: Payne FOR Dieng,,,5,203476,Gorgui Dieng,1610612750.0,Minnesota,Timberwolves,MIN,5,203940,Adreian Payne,1610612750.0,Minnesota,Timberwolves,MIN,0,0,,,,,
0021500085,134,5,2,2,6:42 PM,9:49,Mirotic STEAL (1 STL),,LaVine Lost Ball Turnover (P1.T5),,,5,203897,Zach LaVine,1610612750.0,Minnesota,Timberwolves,MIN,4,202703,Nikola Mirotic,1610612741.0,Chicago,Bulls,CHI,0,0,,,,,
0021500085,135,1,7,2,6:42 PM,9:39,Gibson  Dunk (2 PTS) (Rose 4 AST),,,35 - 37,2,4,201959,Taj Gibson,1610612741.0,Chicago,Bulls,CHI,4,201565,Derrick Rose,1610612741.0,Chicago,Bulls,CHI,0,0,,,,,
0021500085,136,2,1,2,6:42 PM,9:13,,,MISS Payne 13' Jump Shot,,,5,203940,Adreian Payne,1610612750.0,Minnesota,Timberwolves,MIN,0,0,,,,,,0,0,,,,,
0021500085,137,4,0,2,6:42 PM,9:13,Snell REBOUND (Off:0 Def:2),,,,,4,203503,Tony Snell,1610612741.0,Chicago,Bulls,CHI,0,0,,,,,,0,0,,,,,
0021500085,138,6,1,2,6:42 PM,9:13,,,Payne P.FOUL (P1.T1) (T.Ford),,,5,203940,Adreian Payne,1610612750.0,Minnesota,Timberwolves,MIN,4,203503,Tony Snell,1610612741.0,Chicago,Bulls,CHI,1,0,,,,,
0021500085,139,6,2,2,6:43 PM,9:08,,,LaVine S.FOUL (P1.T2) (S.Corbin),,,5,203897,Zach LaVine,1610612750.0,Minnesota,Timberwolves,MIN,4,201565,Derrick Rose,1610612741.0,Chicago,Bulls,CHI,1,0,,,,,
0021500085,140,3,11,2,6:43 PM,9:08,Rose Free Throw 1 of 2 (5 PTS),,,35 - 38,3,4,201565,Derrick Rose,1610612741.0,Chicago,Bulls,CHI,0,0,,,,,,0,0,,,,,
0021500085,142,3,12,2,6:43 PM,9:08,Rose Free Throw 2 of 2 (6 PTS),,,35 - 39,4,4,201565,Derrick Rose,1610612741.0,Chicago,Bulls,CHI,0,0,,,,,,0,0,,,,,
0021500085,144,2,1,2,6:44 PM,8:54,,,MISS LaVine 20' Jump Shot,,,5,203897,Zach LaVine,1610612750.0,Minnesota,Timberwolves,MIN,0,0,,,,,,0,0,,,,,
0021500085,147,4,0,2,6:44 PM,8:51,Mirotic REBOUND (Off:0 Def:1),,,,,4,202703,Nikola Mirotic,1610612741.0,Chicago,Bulls,CHI,0,0,,,,,,0,0,,,,,
0021500085,148,2,1,2,6:44 PM,8:31,MISS Mirotic 25' 3PT Jump Shot,,,,,4,202703,Nikola Mirotic,1610612741.0,Chicago,Bulls,CHI,0,0,,,,,,0,0,,,,,
0021500085,149,4,0,2,6:44 PM,8:30,,,Prince REBOUND (Off:0 Def:2),,,5,2419,Tayshaun Prince,1610612750.0,Minnesota,Timberwolves,MIN,0,0,,,,,,0,0,,,,,
0021500085,150,5,2,2,6:44 PM,8:18,Rose STEAL (1 STL),,Prince Lost Ball Turnover (P2.T6),,,5,2419,Tayshaun Prince,1610612750.0,Minnesota,Timberwolves,MIN,4,201565,Derrick Rose,1610612741.0,Chicago,Bulls,CHI,0,0,,,,,
0021500085,151,6,2,2,6:44 PM,8:15,,,Bjelica S.FOUL (P1.T3) (T.Brothers),,,5,202357,Nemanja Bjelica,1610612750.0,Minnesota,Timberwolves,MIN,4,202703,Nikola Mirotic,1610612741.0,Chicago,Bulls,CHI,1,0,,,,,
0021500085,152,9,1,2,6:45 PM,8:15,,,,,,1,0,,,,,,0,0,,,,,,0,0,,,,,
0021500085,154,8,0,2,6:47 PM,8:15,SUB: McDermott FOR Snell,,,,,4,203503,Tony Snell,1610612741.0,Chicago,Bulls,CHI,4,203926,Doug McDermott,1610612741.0,Chicago,Bulls,CHI,0,0,,,,,
0021500085,155,8,0,2,6:47 PM,8:15,,,SUB: Rubio FOR Prince,,,5,2419,Tayshaun Prince,1610612750.0,Minnesota,Timberwolves,MIN,5,201937,Ricky Rubio,1610612750.0,Minnesota,Timberwolves,MIN,0,0,,,,,
0021500085,156,8,0,2,6:47 PM,8:15,,,SUB: Wiggins FOR Muhammad,,,5,203498,Shabazz Muhammad,1610612750.0,Minnesota,Timberwolves,MIN,5,203952,Andrew Wiggins,1610612750.0,Minnesota,Timberwolves,MIN,0,0,,,,,
0021500085,157,3,11,2,6:47 PM,8:15,Mirotic Free Throw 1 of 2 (3 PTS),,,35 - 40,5,4,202703,Nikola Mirotic,1610612741.0,Chicago,Bulls,CHI,0,0,,,,,,0,0,,,,,
0021500085,162,3,12,2,6:47 PM,8:15,Mirotic Free Throw 2 of 2 (4 PTS),,,35 - 41,6,4,202703,Nikola Mirotic,1610612741.0,Chicago,Bulls,CHI,0,0,,,,,,0,0,,,,,
0021500085,159,1,1,2,6:48 PM,8:03,,,Wiggins 24' 3PT Jump Shot (16 PTS) (LaVine 1 AST),38 - 41,3,5,203952,Andrew Wiggins,1610612750.0,Minnesota,Timberwolves,MIN,5,203897,Zach LaVine,1610612750.0,Minnesota,Timberwolves,MIN,0,0,,,,,
0021500085,160,2,1,2,6:48 PM,7:48,MISS Mirotic 25' 3PT Jump Shot,,,,,4,202703,Nikola Mirotic,1610612741.0,Chicago,Bulls,CHI,0,0,,,,,,0,0,,,,,
0021500085,161,4,0,2,6:48 PM,7:47,,,LaVine REBOUND (Off:0 Def:1),,,5,203897,Zach LaVine,1610612750.0,Minnesota,Timberwolves,MIN,0,0,,,,,,0,0,,,,,
0021500085,163,1,45,2,6:49 PM,7:18,,,Rubio 19' Jump Shot (2 PTS),40 - 41,1,5,201937,Ricky Rubio,1610612750.0,Minnesota,Timberwolves,MIN,0,0,,,,,,0,0,,,,,
0021500085,164,5,1,2,6:49 PM,7:16,Rose Bad Pass Turnover (P2.T7),,Bjelica STEAL (1 STL),,,4,201565,Derrick Rose,1610612741.0,Chicago,Bulls,CHI,5,202357,Nemanja Bjelica,1610612750.0,Minnesota,Timberwolves,MIN,0,0,,,,,
0021500085,165,2,45,2,6:49 PM,7:13,,,MISS Wiggins 12' Jump Shot,,,5,203952,Andrew Wiggins,1610612750.0,Minnesota,Timberwolves,MIN,0,0,,,,,,0,0,,,,,
0021500085,167,4,0,2,6:49 PM,7:13,,,LaVine REBOUND (Off:1 Def:1),,,5,203897,Zach LaVine,1610612750.0,Minnesota,Timberwolves,MIN,0,0,,,,,,0,0,,,,,
0021500085,168,1,72,2,6:49 PM,7:13,,,LaVine 2' Putback Layup (5 PTS),42 - 41,-1,5,203897,Zach LaVine,1610612750.0,Minnesota,Timberwolves,MIN,0,0,,,,,,0,0,,,,,
0021500085,169,6,2,2,6:49 PM,7:13,Mirotic S.FOUL (P3.T2) (T.Brothers),,,,,4,202703,Nikola Mirotic,1610612741.0,Chicago,Bulls,CHI,5,203897,Zach LaVine,1610612750.0,Minnesota,Timberwolves,MIN,1,0,,,,,
0021500085,170,8,0,2,6:49 PM,7:13,SUB: Gasol FOR McDermott,,,,,4,203926,Doug McDermott,1610612741.0,Chicago,Bulls,CHI,4,2200,Pau Gasol,1610612741.0,Chicago,Bulls,CHI,0,0,,,,,
0021500085,171,8,0,2,6:49 PM,7:13,SUB: Butler FOR Mirotic,,,,,4,202703,Nikola Mirotic,1610612741.0,Chicago,Bulls,CHI,4,202710,Jimmy Butler,1610612741.0,Chicago,Bulls,CHI,0,0,,,,,
0021500085,172,3,10,2,6:49 PM,7:13,,,LaVine Free Throw 1 of 1 (6 PTS),43 - 41,-2,5,203897,Zach LaVine,1610612750.0,Minnesota,Timberwolves,MIN,0,0,,,,,,0,0,,,,,
0021500085,174,2,5,2,6:50 PM,7:02,MISS Rose 2' Layup,,,,,4,201565,Derrick Rose,1610612741.0,Chicago,Bulls,CHI,0,0,,,,,,0,0,,,,,
0021500085,175,4,0,2,6:50 PM,7:01,,,Bjelica REBOUND (Off:1 Def:2),,,5,202357,Nemanja Bjelica,1610612750.0,Minnesota,Timberwolves,MIN,0,0,,,,,,0,0,,,,,
0021500085,176,1,5,2,6:50 PM,6:57,,,Payne 2' Layup (2 PTS) (Bjelica 4 AST),45 - 41,-4,5,203940,Adreian Payne,1610612750.0,Minnesota,Timberwolves,MIN,5,202357,Nemanja Bjelica,1610612750.0,Minnesota,Timberwolves,MIN,0,0,,,,,
0021500085,177,2,1,2,6:50 PM,6:45,MISS Butler 25' 3PT Jump Shot,,,,,4,202710,Jimmy Butler,1610612741.0,Chicago,Bulls,CHI,0,0,,,,,,0,0,,,,,
0021500085,178,4,0,2,6:50 PM,6:44,,,Rubio REBOUND (Off:0 Def:3),,,5,201937,Ricky Rubio,1610612750.0,Minnesota,Timberwolves,MIN,0,0,,,,,,0,0,,,,,
0021500085,179,1,71,2,6:50 PM,6:41,,,Wiggins 2' Finger Roll Layup (18 PTS) (Rubio 4 AST),47 - 41,-6,5,203952,Andrew Wiggins,1610612750.0,Minnesota,Timberwolves,MIN,5,201937,Ricky Rubio,1610612750.0,Minnesota,Timberwolves,MIN,0,0,,,,,
0021500085,180,9,1,2,6:50 PM,6:38,BULLS Timeout: Regular (Full 2 Short 0),,,,,2,1610612741,,,,,,0,0,,,,,,0,0,,,,,
0021500085,183,8,0,2,6:53 PM,6:38,,,SUB: Towns FOR Bjelica,,,5,202357,Nemanja Bjelica,1610612750.0,Minnesota,Timberwolves,MIN,5,1626157,Karl-Anthony Towns,1610612750.0,Minnesota,Timberwolves,MIN,0,0,,,,,
0021500085,184,1,5,2,6:53 PM,6:26,Gasol 2' Layup (8 PTS) (Butler 1 AST),,,47 - 43,-4,4,2200,Pau Gasol,1610612741.0,Chicago,Bulls,CHI,4,202710,Jimmy Butler,1610612741.0,Chicago,Bulls,CHI,0,0,,,,,
0021500085,185,6,2,2,6:53 PM,6:26,,,Payne S.FOUL (P2.T4) (T.Brothers),,,5,203940,Adreian Payne,1610612750.0,Minnesota,Timberwolves,MIN,4,2200,Pau Gasol,1610612741.0,Chicago,Bulls,CHI,1,0,,,,,
0021500085,186,3,10,2,6:53 PM,6:26,Gasol Free Throw 1 of 1 (9 PTS),,,47 - 44,-3,4,2200,Pau Gasol,1610612741.0,Chicago,Bulls,CHI,0,0,,,,,,0,0,,,,,
0021500085,188,1,52,2,6:53 PM,6:15,,,Wiggins  Alley Oop Dunk (20 PTS) (Rubio 5 AST),49 - 44,-5,5,203952,Andrew Wiggins,1610612750.0,Minnesota,Timberwolves,MIN,5,201937,Ricky Rubio,1610612750.0,Minnesota,Timberwolves,MIN,0,0,,,,,
0021500085,189,6,1,2,6:54 PM,6:01,,,Payne P.FOUL (P3.PN) (S.Corbin),,,5,203940,Adreian Payne,1610612750.0,Minnesota,Timberwolves,MIN,4,201959,Taj Gibson,1610612741.0,Chicago,Bulls,CHI,1,0,,,,,
0021500085,190,3,11,2,6:54 PM,6:01,MISS Gibson Free Throw 1 of 2,,,,,4,201959,Taj Gibson,1610612741.0,Chicago,Bulls,CHI,0,0,,,,,,0,0,,,,,
0021500085,191,4,1,2,6:54 PM,6:01,BULLS Rebound,,,,,2,1610612741,,,,,,0,0,,,,,,0,0,,,,,
0021500085,192,8,0,2,6:55 PM,6:01,,,SUB: Bjelica FOR Payne,,,5,203940,Adreian Payne,1610612750.0,Minnesota,Timberwolves,MIN,5,202357,Nemanja Bjelica,1610612750.0,Minnesota,Timberwolves,MIN,0,0,,,,,
0021500085,193,3,12,2,6:55 PM,6:01,Gibson Free Throw 2 of 2 (3 PTS),,,49 - 45,-4,4,201959,Taj Gibson,1610612741.0,Chicago,Bulls,CHI,0,0,,,,,,0,0,,,,,
0021500085,195,2,1,2,6:55 PM,5:46,,,MISS Towns 5' Jump Shot,,,5,1626157,Karl-Anthony Towns,1610612750.0,Minnesota,Timberwolves,MIN,0,0,,,,,,0,0,,,,,
0021500085,196,4,0,2,6:55 PM,5:44,Gasol REBOUND (Off:0 Def:4),,,,,4,2200,Pau Gasol,1610612741.0,Chicago,Bulls,CHI,0,0,,,,,,0,0,,,,,
0021500085,197,2,5,2,6:55 PM,5:29,MISS Gibson 2' Layup,,Bjelica BLOCK (1 BLK),,,4,201959,Taj Gibson,1610612741.0,Chicago,Bulls,CHI,0,0,,,,,,5,202357,Nemanja Bjelica,1610612750.0,Minnesota,Timberwolves,MIN
0021500085,198,4,0,2,6:55 PM,5:27,,,LaVine REBOUND (Off:1 Def:2),,,5,203897,Zach LaVine,1610612750.0,Minnesota,Timberwolves,MIN,0,0,,,,,,0,0,,,,,
0021500085,199,1,1,2,6:55 PM,5:21,,,Bjelica 26' 3PT Jump Shot (10 PTS) (Rubio 6 AST),52 - 45,-7,5,202357,Nemanja Bjelica,1610612750.0,Minnesota,Timberwolves,MIN,5,201937,Ricky Rubio,1610612750.0,Minnesota,Timberwolves,MIN,0,0,,,,,
0021500085,200,2,1,2,6:56 PM,5:08,MISS Gasol 14' Jump Shot,,,,,4,2200,Pau Gasol,1610612741.0,Chicago,Bulls,CHI,0,0,,,,,,0,0,,,,,
0021500085,201,4,0,2,6:56 PM,5:07,Gibson REBOUND (Off:1 Def:0),,,,,4,201959,Taj Gibson,1610612741.0,Chicago,Bulls,CHI,0,0,,,,,,0,0,,,,,
0021500085,202,5,2,2,6:56 PM,5:06,Gibson Lost Ball Turnover (P1.T8),,Rubio STEAL (2 STL),,,4,201959,Taj Gibson,1610612741.0,Chicago,Bulls,CHI,5,201937,Ricky Rubio,1610612750.0,Minnesota,Timberwolves,MIN,0,0,,,,,
0021500085,203,1,42,2,6:56 PM,4:52,,,Towns 2' Driving Layup (4 PTS),54 - 45,-9,5,1626157,Karl-Anthony Towns,1610612750.0,Minnesota,Timberwolves,MIN,0,0,,,,,,0,0,,,,,
0021500085,204,1,42,2,6:56 PM,4:35,Rose 2' Driving Layup (8 PTS) (Gibson 2 AST),,,54 - 47,-7,4,201565,Derrick Rose,1610612741.0,Chicago,Bulls,CHI,4,201959,Taj Gibson,1610612741.0,Chicago,Bulls,CHI,0,0,,,,,
0021500085,205,5,45,2,6:57 PM,4:17,,,Rubio Out of Bounds - Bad Pass Turnover Turnover (P1.T7),,,5,201937,Ricky Rubio,1610612750.0,Minnesota,Timberwolves,MIN,0,0,,,,,,0,0,,,,,
0021500085,206,8,0,2,6:57 PM,4:17,SUB: Noah FOR Gibson,,,,,4,201959,Taj Gibson,1610612741.0,Chicago,Bulls,CHI,4,201149,Joakim Noah,1610612741.0,Chicago,Bulls,CHI,0,0,,,,,
0021500085,207,8,0,2,6:57 PM,4:17,SUB: Brooks FOR Moore,,,,,4,202734,E'Twaun Moore,1610612741.0,Chicago,Bulls,CHI,4,201166,Aaron Brooks,1610612741.0,Chicago,Bulls,CHI,0,0,,,,,
0021500085,208,1,58,2,6:57 PM,4:05,Gasol 8' Turnaround Hook Shot (11 PTS),,,54 - 49,-5,4,2200,Pau Gasol,1610612741.0,Chicago,Bulls,CHI,0,0,,,,,,0,0,,,,,
0021500085,209,1,1,2,6:58 PM,3:51,,,Rubio 15' Jump Shot (4 PTS),56 - 49,-7,5,201937,Ricky Rubio,1610612750.0,Minnesota,Timberwolves,MIN,0,0,,,,,,0,0,,,,,
0021500085,210,2,3,2,6:58 PM,3:29,MISS Noah 5' Hook Shot,,,,,4,201149,Joakim Noah,1610612741.0,Chicago,Bulls,CHI,0,0,,,,,,0,0,,,,,
0021500085,211,4,0,2,6:58 PM,3:28,,,Bjelica REBOUND (Off:1 Def:3),,,5,202357,Nemanja Bjelica,1610612750.0,Minnesota,Timberwolves,MIN,0,0,,,,,,0,0,,,,,
0021500085,212,2,1,2,6:58 PM,3:22,,,MISS LaVine  3PT Jump Shot,,,5,203897,Zach LaVine,1610612750.0,Minnesota,Timberwolves,MIN,0,0,,,,,,0,0,,,,,
0021500085,213,4,0,2,6:58 PM,3:21,Butler REBOUND (Off:0 Def:3),,,,,4,202710,Jimmy Butler,1610612741.0,Chicago,Bulls,CHI,0,0,,,,,,0,0,,,,,
0021500085,215,5,4,2,6:58 PM,3:07,Rose Traveling Turnover (P3.T9),,,,,4,201565,Derrick Rose,1610612741.0,Chicago,Bulls,CHI,0,0,,,,,,1,0,,,,,
0021500085,216,9,1,2,6:59 PM,3:07,,,Timberwolves Timeout: Regular (Reg.2 Short 0),,,3,1610612750,,,,,,0,0,,,,,,0,0,,,,,
0021500085,218,8,0,2,7:01 PM,3:07,SUB: Snell FOR Rose,,,,,4,201565,Derrick Rose,1610612741.0,Chicago,Bulls,CHI,4,203503,Tony Snell,1610612741.0,Chicago,Bulls,CHI,0,0,,,,,
0021500085,219,8,0,2,7:01 PM,3:07,,,SUB: Dieng FOR Towns,,,5,1626157,Karl-Anthony Towns,1610612750.0,Minnesota,Timberwolves,MIN,5,203476,Gorgui Dieng,1610612750.0,Minnesota,Timberwolves,MIN,0,0,,,,,
0021500085,220,8,0,2,7:01 PM,3:07,,,SUB: Muhammad FOR LaVine,,,5,203897,Zach LaVine,1610612750.0,Minnesota,Timberwolves,MIN,5,203498,Shabazz Muhammad,1610612750.0,Minnesota,Timberwolves,MIN,0,0,,,,,
0021500085,221,2,5,2,7:01 PM,2:53,Snell BLOCK (1 BLK),,MISS Muhammad 2' Layup,,,5,203498,Shabazz Muhammad,1610612750.0,Minnesota,Timberwolves,MIN,0,0,,,,,,4,203503,Tony Snell,1610612741.0,Chicago,Bulls,CHI
0021500085,222,4,0,2,7:01 PM,2:52,Butler REBOUND (Off:0 Def:4),,,,,4,202710,Jimmy Butler,1610612741.0,Chicago,Bulls,CHI,0,0,,,,,,0,0,,,,,
0021500085,223,1,42,2,7:01 PM,2:44,Butler 1' Driving Layup (2 PTS),,,56 - 51,-5,4,202710,Jimmy Butler,1610612741.0,Chicago,Bulls,CHI,0,0,,,,,,0,0,,,,,
0021500085,224,6,2,2,7:01 PM,2:44,,,Wiggins S.FOUL (P1.PN) (S.Corbin),,,5,203952,Andrew Wiggins,1610612750.0,Minnesota,Timberwolves,MIN,4,202710,Jimmy Butler,1610612741.0,Chicago,Bulls,CHI,1,0,,,,,
0021500085,225,3,10,2,7:02 PM,2:44,Butler Free Throw 1 of 1 (3 PTS),,,56 - 52,-4,4,202710,Jimmy Butler,1610612741.0,Chicago,Bulls,CHI,0,0,,,,,,0,0,,,,,
0021500085,227,6,2,2,7:02 PM,2:37,Gasol S.FOUL (P1.T3) (T.Brothers),,,,,4,2200,Pau Gasol,1610612741.0,Chicago,Bulls,CHI,5,203952,Andrew Wiggins,1610612750.0,Minnesota,Timberwolves,MIN,1,0,,,,,
0021500085,228,3,11,2,7:02 PM,2:37,,,Wiggins Free Throw 1 of 2 (21 PTS),57 - 52,-5,5,203952,Andrew Wiggins,1610612750.0,Minnesota,Timberwolves,MIN,0,0,,,,,,0,0,,,,,
0021500085,230,3,12,2,7:02 PM,2:37,,,Wiggins Free Throw 2 of 2 (22 PTS),58 - 52,-6,5,203952,Andrew Wiggins,1610612750.0,Minnesota,Timberwolves,MIN,0,0,,,,,,0,0,,,,,
0021500085,232,6,26,2,7:03 PM,2:27,Butler Offensive Charge Foul (P2.T4) (T.Brothers),,,,,4,202710,Jimmy Butler,1610612741.0,Chicago,Bulls,CHI,5,203952,Andrew Wiggins,1610612750.0,Minnesota,Timberwolves,MIN,1,0,,,,,
0021500085,233,5,5,2,7:03 PM,2:27,Butler Foul Turnover (P4.T10),,,,,4,202710,Jimmy Butler,1610612741.0,Chicago,Bulls,CHI,0,0,,,,,,1,0,,,,,
0021500085,235,2,79,2,7:03 PM,2:12,,,MISS Wiggins 12' Pullup Jump Shot,,,5,203952,Andrew Wiggins,1610612750.0,Minnesota,Timberwolves,MIN,0,0,,,,,,0,0,,,,,
0021500085,236,4,0,2,7:03 PM,2:11,Snell REBOUND (Off:0 Def:3),,,,,4,203503,Tony Snell,1610612741.0,Chicago,Bulls,CHI,0,0,,,,,,0,0,,,,,
0021500085,237,2,63,2,7:04 PM,1:54,MISS Gasol 5' Fadeaway Jumper,,,,,4,2200,Pau Gasol,1610612741.0,Chicago,Bulls,CHI,0,0,,,,,,0,0,,,,,
0021500085,238,4,0,2,7:04 PM,1:53,Noah REBOUND (Off:1 Def:2),,,,,4,201149,Joakim Noah,1610612741.0,Chicago,Bulls,CHI,0,0,,,,,,0,0,,,,,
0021500085,239,6,1,2,7:04 PM,1:53,,,Rubio P.FOUL (P2.PN) (T.Brothers),,,5,201937,Ricky Rubio,1610612750.0,Minnesota,Timberwolves,MIN,4,201149,Joakim Noah,1610612741.0,Chicago,Bulls,CHI,1,0,,,,,
0021500085,240,3,11,2,7:04 PM,1:53,MISS Noah Free Throw 1 of 2,,,,,4,201149,Joakim Noah,1610612741.0,Chicago,Bulls,CHI,0,0,,,,,,0,0,,,,,
0021500085,241,4,1,2,7:04 PM,1:53,BULLS Rebound,,,,,2,1610612741,,,,,,0,0,,,,,,0,0,,,,,
0021500085,242,3,12,2,7:04 PM,1:53,Noah Free Throw 2 of 2 (1 PTS),,,58 - 53,-5,4,201149,Joakim Noah,1610612741.0,Chicago,Bulls,CHI,0,0,,,,,,0,0,,,,,
0021500085,244,2,1,2,7:05 PM,1:37,Brooks BLOCK (1 BLK),,MISS Rubio 20' Jump Shot,,,5,201937,Ricky Rubio,1610612750.0,Minnesota,Timberwolves,MIN,0,0,,,,,,4,201166,Aaron Brooks,1610612741.0,Chicago,Bulls,CHI
0021500085,245,4,0,2,7:05 PM,1:35,Gasol REBOUND (Off:0 Def:5),,,,,4,2200,Pau Gasol,1610612741.0,Chicago,Bulls,CHI,0,0,,,,,,0,0,,,,,
0021500085,246,6,4,2,7:05 PM,1:30,Noah OFF.Foul (P3) (S.Corbin),,,,,4,201149,Joakim Noah,1610612741.0,Chicago,Bulls,CHI,5,201937,Ricky Rubio,1610612750.0,Minnesota,Timberwolves,MIN,1,0,,,,,
0021500085,247,5,5,2,7:05 PM,1:30,Noah Foul Turnover (P1.T11),,,,,4,201149,Joakim Noah,1610612741.0,Chicago,Bulls,CHI,0,0,,,,,,1,0,,,,,
0021500085,248,8,0,2,7:05 PM,1:30,SUB: Gibson FOR Noah,,,,,4,201149,Joakim Noah,1610612741.0,Chicago,Bulls,CHI,4,201959,Taj Gibson,1610612741.0,Chicago,Bulls,CHI,0,0,,,,,
0021500085,249,2,1,2,7:06 PM,1:07,,,MISS Rubio 22' Jump Shot,,,5,201937,Ricky Rubio,1610612750.0,Minnesota,Timberwolves,MIN,0,0,,,,,,0,0,,,,,
0021500085,250,4,0,2,7:06 PM,1:06,Snell REBOUND (Off:0 Def:4),,,,,4,203503,Tony Snell,1610612741.0,Chicago,Bulls,CHI,0,0,,,,,,0,0,,,,,
0021500085,251,2,5,2,7:06 PM,0:55,MISS Gibson 3' Layup,,,,,4,201959,Taj Gibson,1610612741.0,Chicago,Bulls,CHI,0,0,,,,,,0,0,,,,,
0021500085,253,4,0,2,7:06 PM,0:55,Gasol REBOUND (Off:1 Def:5),,,,,4,2200,Pau Gasol,1610612741.0,Chicago,Bulls,CHI,0,0,,,,,,0,0,,,,,
0021500085,252,1,97,2,7:06 PM,0:55,Gasol 4' Tip Layup Shot (13 PTS),,,58 - 55,-3,4,2200,Pau Gasol,1610612741.0,Chicago,Bulls,CHI,0,0,,,,,,0,0,,,,,
0021500085,254,2,1,2,7:06 PM,0:40,,,MISS Wiggins 24' 3PT Jump Shot,,,5,203952,Andrew Wiggins,1610612750.0,Minnesota,Timberwolves,MIN,0,0,,,,,,0,0,,,,,
0021500085,255,4,0,2,7:06 PM,0:39,Gasol REBOUND (Off:1 Def:6),,,,,4,2200,Pau Gasol,1610612741.0,Chicago,Bulls,CHI,0,0,,,,,,0,0,,,,,
0021500085,256,2,46,2,7:06 PM,0:34,MISS Brooks 25' 3PT Running Jump Shot,,,,,4,201166,Aaron Brooks,1610612741.0,Chicago,Bulls,CHI,0,0,,,,,,0,0,,,,,
0021500085,257,4,0,2,7:06 PM,0:34,,,Rubio REBOUND (Off:0 Def:4),,,5,201937,Ricky Rubio,1610612750.0,Minnesota,Timberwolves,MIN,0,0,,,,,,0,0,,,,,
0021500085,258,6,1,2,7:06 PM,0:34,Brooks P.FOUL (P1.PN) (T.Ford),,,,,4,201166,Aaron Brooks,1610612741.0,Chicago,Bulls,CHI,5,201937,Ricky Rubio,1610612750.0,Minnesota,Timberwolves,MIN,1,0,,,,,
0021500085,259,5,2,2,7:07 PM,0:20,Gibson STEAL (1 STL),,Bjelica Lost Ball Turnover (P1.T8),,,5,202357,Nemanja Bjelica,1610612750.0,Minnesota,Timberwolves,MIN,4,201959,Taj Gibson,1610612741.0,Chicago,Bulls,CHI,0,0,,,,,
0021500085,260,2,1,2,7:07 PM,0:01,MISS Snell 21' Jump Shot,,,,,4,203503,Tony Snell,1610612741.0,Chicago,Bulls,CHI,0,0,,,,,,0,0,,,,,
0021500085,262,4,0,2,7:07 PM,0:01,Gasol REBOUND (Off:2 Def:6),,,,,4,2200,Pau Gasol,1610612741.0,Chicago,Bulls,CHI,0,0,,,,,,0,0,,,,,
0021500085,261,1,44,2,7:07 PM,0:01,Gasol 1' Reverse Layup (15 PTS),,,58 - 57,-1,4,2200,Pau Gasol,1610612741.0,Chicago,Bulls,CHI,0,0,,,,,,0,0,,,,,
0021500085,263,13,0,2,7:07 PM,0:00,,,,58 - 57,-1,0,0,,,,,,0,0,,,,,,0,0,,,,,
0021500085,265,12,0,3,7:23 PM,12:00,,,,58 - 57,-1,0,0,,,,,,0,0,,,,,,0,0,,,,,
0021500085,266,2,1,3,7:23 PM,11:39,,,MISS Towns 7' Jump Shot,,,5,1626157,Karl-Anthony Towns,1610612750.0,Minnesota,Timberwolves,MIN,0,0,,,,,,0,0,,,,,
0021500085,267,4,0,3,7:23 PM,11:38,Rose REBOUND (Off:0 Def:1),,,,,4,201565,Derrick Rose,1610612741.0,Chicago,Bulls,CHI,0,0,,,,,,0,0,,,,,
0021500085,268,2,42,3,7:24 PM,11:18,MISS Butler 2' Driving Layup,,,,,4,202710,Jimmy Butler,1610612741.0,Chicago,Bulls,CHI,0,0,,,,,,0,0,,,,,
0021500085,269,4,0,3,7:24 PM,11:16,,,Rubio REBOUND (Off:0 Def:5),,,5,201937,Ricky Rubio,1610612750.0,Minnesota,Timberwolves,MIN,0,0,,,,,,0,0,,,,,
0021500085,270,2,1,3,7:24 PM,11:03,,,MISS Prince 24' 3PT Jump Shot,,,5,2419,Tayshaun Prince,1610612750.0,Minnesota,Timberwolves,MIN,0,0,,,,,,0,0,,,,,
0021500085,272,4,0,3,7:24 PM,11:02,,,Towns REBOUND (Off:1 Def:1),,,5,1626157,Karl-Anthony Towns,1610612750.0,Minnesota,Timberwolves,MIN,0,0,,,,,,0,0,,,,,
0021500085,271,2,97,3,7:24 PM,11:02,,,MISS Towns 2' Tip Layup Shot,,,5,1626157,Karl-Anthony Towns,1610612750.0,Minnesota,Timberwolves,MIN,0,0,,,,,,0,0,,,,,
0021500085,273,4,0,3,7:24 PM,11:02,BULLS Rebound,,,,,2,1610612741,,,,,,0,0,,,,,,0,0,,,,,
0021500085,274,1,1,3,7:24 PM,10:48,Rose 24' 3PT Jump Shot (11 PTS) (Butler 2 AST),,,58 - 60,2,4,201565,Derrick Rose,1610612741.0,Chicago,Bulls,CHI,4,202710,Jimmy Butler,1610612741.0,Chicago,Bulls,CHI,0,0,,,,,
0021500085,275,2,42,3,7:25 PM,10:36,,,MISS Wiggins 2' Driving Layup,,,5,203952,Andrew Wiggins,1610612750.0,Minnesota,Timberwolves,MIN,0,0,,,,,,0,0,,,,,
0021500085,276,4,0,3,7:25 PM,10:36,BULLS Rebound,,,,,2,1610612741,,,,,,0,0,,,,,,0,0,,,,,
0021500085,277,2,1,3,7:25 PM,10:18,MISS Mirotic 27' 3PT Jump Shot,,,,,4,202703,Nikola Mirotic,1610612741.0,Chicago,Bulls,CHI,0,0,,,,,,0,0,,,,,
0021500085,278,4,0,3,7:25 PM,10:17,,,Towns REBOUND (Off:1 Def:2),,,5,1626157,Karl-Anthony Towns,1610612750.0,Minnesota,Timberwolves,MIN,0,0,,,,,,0,0,,,,,
0021500085,279,5,1,3,7:25 PM,10:09,Butler STEAL (1 STL),,Rubio Bad Pass Turnover (P2.T9),,,5,201937,Ricky Rubio,1610612750.0,Minnesota,Timberwolves,MIN,4,202710,Jimmy Butler,1610612741.0,Chicago,Bulls,CHI,0,0,,,,,
0021500085,280,2,44,3,7:25 PM,10:04,MISS Mirotic 2' Reverse Layup,,,,,4,202703,Nikola Mirotic,1610612741.0,Chicago,Bulls,CHI,0,0,,,,,,0,0,,,,,
0021500085,281,4,0,3,7:25 PM,10:03,,,Garnett REBOUND (Off:0 Def:2),,,5,708,Kevin Garnett,1610612750.0,Minnesota,Timberwolves,MIN,0,0,,,,,,0,0,,,,,
0021500085,282,2,1,3,7:25 PM,9:50,,,MISS Towns 17' Jump Shot,,,5,1626157,Karl-Anthony Towns,1610612750.0,Minnesota,Timberwolves,MIN,0,0,,,,,,0,0,,,,,
0021500085,283,4,0,3,7:26 PM,9:48,Gasol REBOUND (Off:2 Def:7),,,,,4,2200,Pau Gasol,1610612741.0,Chicago,Bulls,CHI,0,0,,,,,,0,0,,,,,
0021500085,284,6,1,3,7:26 PM,9:48,,,Garnett P.FOUL (P1.T1) (S.Corbin),,,5,708,Kevin Garnett,1610612750.0,Minnesota,Timberwolves,MIN,4,202703,Nikola Mirotic,1610612741.0,Chicago,Bulls,CHI,1,0,,,,,
0021500085,286,2,1,3,7:26 PM,9:32,MISS Gasol 4' Jump Shot,,,,,4,2200,Pau Gasol,1610612741.0,Chicago,Bulls,CHI,0,0,,,,,,0,0,,,,,
0021500085,287,4,0,3,7:26 PM,9:32,BULLS Rebound,,,,,2,1610612741,,,,,,0,0,,,,,,0,0,,,,,
0021500085,288,2,1,3,7:27 PM,9:29,MISS Butler 11' Jump Shot,,,,,4,202710,Jimmy Butler,1610612741.0,Chicago,Bulls,CHI,0,0,,,,,,0,0,,,,,
0021500085,289,4,0,3,7:27 PM,9:28,,,Garnett REBOUND (Off:0 Def:3),,,5,708,Kevin Garnett,1610612750.0,Minnesota,Timberwolves,MIN,0,0,,,,,,0,0,,,,,
0021500085,290,6,2,3,7:27 PM,9:21,Mirotic S.FOUL (P4.T1) (T.Brothers),,,,,4,202703,Nikola Mirotic,1610612741.0,Chicago,Bulls,CHI,5,201937,Ricky Rubio,1610612750.0,Minnesota,Timberwolves,MIN,1,0,,,,,
0021500085,291,3,11,3,7:27 PM,9:21,,,Rubio Free Throw 1 of 2 (5 PTS),59 - 60,1,5,201937,Ricky Rubio,1610612750.0,Minnesota,Timberwolves,MIN,0,0,,,,,,0,0,,,,,
0021500085,293,8,0,3,7:27 PM,9:21,SUB: Noah FOR Mirotic,,,,,4,202703,Nikola Mirotic,1610612741.0,Chicago,Bulls,CHI,4,201149,Joakim Noah,1610612741.0,Chicago,Bulls,CHI,0,0,,,,,
0021500085,294,3,12,3,7:27 PM,9:21,,,Rubio Free Throw 2 of 2 (6 PTS),60 - 60,TIE,5,201937,Ricky Rubio,1610612750.0,Minnesota,Timberwolves,MIN,0,0,,,,,,0,0,,,,,
0021500085,296,18,2,3,7:28 PM,9:21,,,,60 - 60,TIE,0,0,,,,,,0,0,,,,,,1,0,,,,,
0021500085,298,6,11,3,7:30 PM,9:21,,,Garnett T.FOUL (P1.T1) (T.Brothers),,,5,708,Kevin Garnett,1610612750.0,Minnesota,Timberwolves,MIN,0,0,,,,,,1,0,,,,,
0021500085,299,3,16,3,7:30 PM,9:21,MISS Butler Free Throw Technical,,,,,4,202710,Jimmy Butler,1610612741.0,Chicago,Bulls,CHI,0,0,,,,,,0,0,,,,,
0021500085,300,4,1,3,7:30 PM,9:21,BULLS Rebound,,,,,2,1610612741,,,,,,0,0,,,,,,0,0,,,,,
0021500085,303,8,0,3,7:30 PM,9:21,,,SUB: LaVine FOR Rubio,,,5,201937,Ricky Rubio,1610612750.0,Minnesota,Timberwolves,MIN,5,203897,Zach LaVine,1610612750.0,Minnesota,Timberwolves,MIN,0,0,,,,,
0021500085,301,6,4,3,7:31 PM,9:07,Rose OFF.Foul (P1) (S.Corbin),,,,,4,201565,Derrick Rose,1610612741.0,Chicago,Bulls,CHI,5,1626157,Karl-Anthony Towns,1610612750.0,Minnesota,Timberwolves,MIN,1,0,,,,,
0021500085,302,5,5,3,7:31 PM,9:07,Rose Foul Turnover (P4.T12),,,,,4,201565,Derrick Rose,1610612741.0,Chicago,Bulls,CHI,0,0,,,,,,1,0,,,,,
0021500085,304,1,47,3,7:32 PM,8:52,,,Wiggins 12' Turnaround Jump Shot (24 PTS),62 - 60,-2,5,203952,Andrew Wiggins,1610612750.0,Minnesota,Timberwolves,MIN,0,0,,,,,,0,0,,,,,
0021500085,306,2,1,3,7:32 PM,8:33,MISS Rose 24' 3PT Jump Shot,,,,,4,201565,Derrick Rose,1610612741.0,Chicago,Bulls,CHI,0,0,,,,,,0,0,,,,,
0021500085,307,4,0,3,7:32 PM,8:32,Noah REBOUND (Off:2 Def:2),,,,,4,201149,Joakim Noah,1610612741.0,Chicago,Bulls,CHI,0,0,,,,,,0,0,,,,,
0021500085,308,1,1,3,7:32 PM,8:29,Gasol 18' Jump Shot (17 PTS) (Noah 5 AST),,,62 - 62,TIE,4,2200,Pau Gasol,1610612741.0,Chicago,Bulls,CHI,4,201149,Joakim Noah,1610612741.0,Chicago,Bulls,CHI,0,0,,,,,
0021500085,309,2,1,3,7:32 PM,8:13,,,MISS Wiggins 22' Jump Shot,,,5,203952,Andrew Wiggins,1610612750.0,Minnesota,Timberwolves,MIN,0,0,,,,,,0,0,,,,,
0021500085,310,4,0,3,7:32 PM,8:12,McDermott REBOUND (Off:0 Def:1),,,,,4,203926,Doug McDermott,1610612741.0,Chicago,Bulls,CHI,0,0,,,,,,0,0,,,,,
0021500085,311,2,1,3,7:33 PM,8:03,MISS Butler 24' 3PT Jump Shot,,,,,4,202710,Jimmy Butler,1610612741.0,Chicago,Bulls,CHI,0,0,,,,,,0,0,,,,,
0021500085,312,4,0,3,7:33 PM,8:02,,,Garnett REBOUND (Off:0 Def:4),,,5,708,Kevin Garnett,1610612750.0,Minnesota,Timberwolves,MIN,0,0,,,,,,0,0,,,,,
0021500085,314,1,1,3,7:33 PM,7:53,,,LaVine 20' Jump Shot (8 PTS),64 - 62,-2,5,203897,Zach LaVine,1610612750.0,Minnesota,Timberwolves,MIN,0,0,,,,,,0,0,,,,,
0021500085,315,2,5,3,7:33 PM,7:40,MISS Noah 1' Layup,,Towns BLOCK (1 BLK),,,4,201149,Joakim Noah,1610612741.0,Chicago,Bulls,CHI,0,0,,,,,,5,1626157,Karl-Anthony Towns,1610612750.0,Minnesota,Timberwolves,MIN
0021500085,316,4,0,3,7:33 PM,7:38,,,LaVine REBOUND (Off:1 Def:3),,,5,203897,Zach LaVine,1610612750.0,Minnesota,Timberwolves,MIN,0,0,,,,,,0,0,,,,,
0021500085,317,5,1,3,7:33 PM,7:33,Noah STEAL (1 STL),,LaVine Bad Pass Turnover (P2.T10),,,5,203897,Zach LaVine,1610612750.0,Minnesota,Timberwolves,MIN,4,201149,Joakim Noah,1610612741.0,Chicago,Bulls,CHI,0,0,,,,,
0021500085,318,6,1,3,7:33 PM,7:33,,,Wiggins P.FOUL (P2.T2) (T.Ford),,,5,203952,Andrew Wiggins,1610612750.0,Minnesota,Timberwolves,MIN,4,201149,Joakim Noah,1610612741.0,Chicago,Bulls,CHI,1,0,,,,,
0021500085,319,5,1,3,7:34 PM,7:20,Noah Bad Pass Turnover (P2.T13),,Towns STEAL (1 STL),,,4,201149,Joakim Noah,1610612741.0,Chicago,Bulls,CHI,5,1626157,Karl-Anthony Towns,1610612750.0,Minnesota,Timberwolves,MIN,0,0,,,,,
0021500085,321,1,5,3,7:34 PM,7:10,,,Towns 1' Layup (6 PTS) (Garnett 2 AST),66 - 62,-4,5,1626157,Karl-Anthony Towns,1610612750.0,Minnesota,Timberwolves,MIN,5,708,Kevin Garnett,1610612750.0,Minnesota,Timberwolves,MIN,0,0,,,,,
0021500085,322,6,2,3,7:34 PM,7:10,McDermott S.FOUL (P1.T2) (T.Ford),,,,,4,203926,Doug McDermott,1610612741.0,Chicago,Bulls,CHI,5,1626157,Karl-Anthony Towns,1610612750.0,Minnesota,Timberwolves,MIN,1,0,,,,,
0021500085,323,8,0,3,7:35 PM,7:10,,,SUB: Rubio FOR LaVine,,,5,203897,Zach LaVine,1610612750.0,Minnesota,Timberwolves,MIN,5,201937,Ricky Rubio,1610612750.0,Minnesota,Timberwolves,MIN,0,0,,,,,
0021500085,324,8,0,3,7:35 PM,7:10,,,SUB: Bjelica FOR Garnett,,,5,708,Kevin Garnett,1610612750.0,Minnesota,Timberwolves,MIN,5,202357,Nemanja Bjelica,1610612750.0,Minnesota,Timberwolves,MIN,0,0,,,,,
0021500085,325,3,10,3,7:35 PM,7:10,,,Towns Free Throw 1 of 1 (7 PTS),67 - 62,-5,5,1626157,Karl-Anthony Towns,1610612750.0,Minnesota,Timberwolves,MIN,0,0,,,,,,0,0,,,,,
0021500085,327,6,1,3,7:35 PM,7:00,,,Towns P.FOUL (P3.T3) (T.Brothers),,,5,1626157,Karl-Anthony Towns,1610612750.0,Minnesota,Timberwolves,MIN,4,2200,Pau Gasol,1610612741.0,Chicago,Bulls,CHI,1,0,,,,,
0021500085,328,1,1,3,7:35 PM,6:50,Butler 13' Jump Shot (5 PTS) (Gasol 1 AST),,,67 - 64,-3,4,202710,Jimmy Butler,1610612741.0,Chicago,Bulls,CHI,4,2200,Pau Gasol,1610612741.0,Chicago,Bulls,CHI,0,0,,,,,
0021500085,329,5,4,3,7:36 PM,6:38,,,Bjelica Traveling Turnover (P2.T11),,,5,202357,Nemanja Bjelica,1610612750.0,Minnesota,Timberwolves,MIN,0,0,,,,,,1,0,,,,,
0021500085,330,5,8,3,7:36 PM,6:23,Noah 3 Second Violation Turnover (P3.T14),,,,,4,201149,Joakim Noah,1610612741.0,Chicago,Bulls,CHI,0,0,,,,,,1,0,,,,,
0021500085,331,6,2,3,7:37 PM,6:13,Noah S.FOUL (P4.T3) (T.Brothers),,,,,4,201149,Joakim Noah,1610612741.0,Chicago,Bulls,CHI,5,203952,Andrew Wiggins,1610612750.0,Minnesota,Timberwolves,MIN,1,0,,,,,
0021500085,332,3,11,3,7:37 PM,6:13,,,MISS Wiggins Free Throw 1 of 2,,,5,203952,Andrew Wiggins,1610612750.0,Minnesota,Timberwolves,MIN,0,0,,,,,,0,0,,,,,
0021500085,333,4,1,3,7:37 PM,6:13,,,Timberwolves Rebound,,,3,1610612750,,,,,,0,0,,,,,,0,0,,,,,
0021500085,334,3,12,3,7:37 PM,6:13,,,Wiggins Free Throw 2 of 2 (25 PTS),68 - 64,-4,5,203952,Andrew Wiggins,1610612750.0,Minnesota,Timberwolves,MIN,0,0,,,,,,0,0,,,,,
0021500085,336,1,42,3,7:37 PM,5:56,Butler 2' Driving Layup (7 PTS),,,68 - 66,-2,4,202710,Jimmy Butler,1610612741.0,Chicago,Bulls,CHI,0,0,,,,,,0,0,,,,,
0021500085,337,2,3,3,7:38 PM,5:42,,,MISS Towns 5' Hook Shot,,,5,1626157,Karl-Anthony Towns,1610612750.0,Minnesota,Timberwolves,MIN,0,0,,,,,,0,0,,,,,
0021500085,338,4,0,3,7:38 PM,5:41,Butler REBOUND (Off:0 Def:5),,,,,4,202710,Jimmy Butler,1610612741.0,Chicago,Bulls,CHI,0,0,,,,,,0,0,,,,,
0021500085,339,1,1,3,7:38 PM,5:28,McDermott 24' 3PT Jump Shot (11 PTS) (Noah 6 AST),,,68 - 69,1,4,203926,Doug McDermott,1610612741.0,Chicago,Bulls,CHI,4,201149,Joakim Noah,1610612741.0,Chicago,Bulls,CHI,0,0,,,,,
0021500085,341,2,1,3,7:38 PM,5:07,,,MISS Bjelica 26' 3PT Jump Shot,,,5,202357,Nemanja Bjelica,1610612750.0,Minnesota,Timberwolves,MIN,0,0,,,,,,0,0,,,,,
0021500085,343,4,0,3,7:38 PM,5:05,,,Towns REBOUND (Off:2 Def:2),,,5,1626157,Karl-Anthony Towns,1610612750.0,Minnesota,Timberwolves,MIN,0,0,,,,,,0,0,,,,,
0021500085,344,1,1,3,7:38 PM,5:00,,,Towns 6' Jump Shot (9 PTS),70 - 69,-1,5,1626157,Karl-Anthony Towns,1610612750.0,Minnesota,Timberwolves,MIN,0,0,,,,,,0,0,,,,,
0021500085,345,2,1,3,7:39 PM,4:53,MISS Gasol 13' Jump Shot,,,,,4,2200,Pau Gasol,1610612741.0,Chicago,Bulls,CHI,0,0,,,,,,0,0,,,,,
0021500085,346,4,0,3,7:39 PM,4:52,,,Rubio REBOUND (Off:0 Def:6),,,5,201937,Ricky Rubio,1610612750.0,Minnesota,Timberwolves,MIN,0,0,,,,,,0,0,,,,,
0021500085,347,1,3,3,7:39 PM,4:33,,,Towns 3' Hook Shot (11 PTS) (Rubio 7 AST),72 - 69,-3,5,1626157,Karl-Anthony Towns,1610612750.0,Minnesota,Timberwolves,MIN,5,201937,Ricky Rubio,1610612750.0,Minnesota,Timberwolves,MIN,0,0,,,,,
0021500085,348,9,1,3,7:39 PM,4:32,BULLS Timeout: Regular (Full 3 Short 0),,,,,2,1610612741,,,,,,0,0,,,,,,0,0,,,,,
0021500085,350,8,0,3,7:41 PM,4:32,,,SUB: Muhammad FOR Prince,,,5,2419,Tayshaun Prince,1610612750.0,Minnesota,Timberwolves,MIN,5,203498,Shabazz Muhammad,1610612750.0,Minnesota,Timberwolves,MIN,0,0,,,,,
0021500085,351,2,1,3,7:42 PM,4:08,MISS Gasol 14' Jump Shot,,Towns BLOCK (2 BLK),,,4,2200,Pau Gasol,1610612741.0,Chicago,Bulls,CHI,0,0,,,,,,5,1626157,Karl-Anthony Towns,1610612750.0,Minnesota,Timberwolves,MIN
0021500085,352,4,0,3,7:42 PM,4:07,,,Bjelica REBOUND (Off:1 Def:4),,,5,202357,Nemanja Bjelica,1610612750.0,Minnesota,Timberwolves,MIN,0,0,,,,,,0,0,,,,,
0021500085,353,5,1,3,7:42 PM,4:04,Gasol STEAL (2 STL),,Rubio Bad Pass Turnover (P3.T12),,,5,201937,Ricky Rubio,1610612750.0,Minnesota,Timberwolves,MIN,4,2200,Pau Gasol,1610612741.0,Chicago,Bulls,CHI,0,0,,,,,
0021500085,354,6,1,3,7:42 PM,3:59,,,Rubio P.FOUL (P3.T4) (T.Ford),,,5,201937,Ricky Rubio,1610612750.0,Minnesota,Timberwolves,MIN,4,202710,Jimmy Butler,1610612741.0,Chicago,Bulls,CHI,1,0,,,,,
0021500085,355,1,98,3,7:43 PM,3:48,Butler 2' Cutting Layup Shot (9 PTS) (Gasol 2 AST),,,72 - 71,-1,4,202710,Jimmy Butler,1610612741.0,Chicago,Bulls,CHI,4,2200,Pau Gasol,1610612741.0,Chicago,Bulls,CHI,0,0,,,,,
0021500085,356,2,1,3,7:43 PM,3:30,Butler BLOCK (1 BLK),,MISS Wiggins 18' Jump Shot,,,5,203952,Andrew Wiggins,1610612750.0,Minnesota,Timberwolves,MIN,0,0,,,,,,4,202710,Jimmy Butler,1610612741.0,Chicago,Bulls,CHI
0021500085,357,4,0,3,7:43 PM,3:26,Noah REBOUND (Off:2 Def:3),,,,,4,201149,Joakim Noah,1610612741.0,Chicago,Bulls,CHI,0,0,,,,,,0,0,,,,,
0021500085,358,2,44,3,7:43 PM,3:17,MISS Gasol 1' Reverse Layup,,,,,4,2200,Pau Gasol,1610612741.0,Chicago,Bulls,CHI,0,0,,,,,,0,0,,,,,
0021500085,360,4,0,3,7:43 PM,3:16,Noah REBOUND (Off:3 Def:3),,,,,4,201149,Joakim Noah,1610612741.0,Chicago,Bulls,CHI,0,0,,,,,,0,0,,,,,
0021500085,359,2,97,3,7:43 PM,3:16,MISS Noah 1' Tip Layup Shot,,,,,4,201149,Joakim Noah,1610612741.0,Chicago,Bulls,CHI,0,0,,,,,,0,0,,,,,
0021500085,361,4,0,3,7:43 PM,3:15,,,Bjelica REBOUND (Off:1 Def:5),,,5,202357,Nemanja Bjelica,1610612750.0,Minnesota,Timberwolves,MIN,0,0,,,,,,0,0,,,,,
0021500085,362,1,5,3,7:43 PM,3:00,,,Towns 1' Layup (13 PTS) (Rubio 8 AST),74 - 71,-3,5,1626157,Karl-Anthony Towns,1610612750.0,Minnesota,Timberwolves,MIN,5,201937,Ricky Rubio,1610612750.0,Minnesota,Timberwolves,MIN,0,0,,,,,
0021500085,363,2,1,3,7:44 PM,2:43,MISS Rose 19' Jump Shot,,,,,4,201565,Derrick Rose,1610612741.0,Chicago,Bulls,CHI,0,0,,,,,,0,0,,,,,
0021500085,364,4,0,3,7:44 PM,2:42,,,Towns REBOUND (Off:2 Def:3),,,5,1626157,Karl-Anthony Towns,1610612750.0,Minnesota,Timberwolves,MIN,0,0,,,,,,0,0,,,,,
0021500085,365,2,1,3,7:44 PM,2:28,,,MISS Bjelica 25' 3PT Jump Shot,,,5,202357,Nemanja Bjelica,1610612750.0,Minnesota,Timberwolves,MIN,0,0,,,,,,0,0,,,,,
0021500085,366,4,0,3,7:44 PM,2:28,BULLS Rebound,,,,,2,1610612741,,,,,,0,0,,,,,,0,0,,,,,
0021500085,367,9,1,3,7:44 PM,2:28,,,Timberwolves Timeout: Regular (Reg.3 Short 0),,,3,1610612750,,,,,,0,0,,,,,,0,0,,,,,
0021500085,369,8,0,3,7:46 PM,2:28,SUB: Moore FOR Rose,,,,,4,201565,Derrick Rose,1610612741.0,Chicago,Bulls,CHI,4,202734,E'Twaun Moore,1610612741.0,Chicago,Bulls,CHI,0,0,,,,,
0021500085,370,8,0,3,7:46 PM,2:28,,,SUB: LaVine FOR Towns,,,5,1626157,Karl-Anthony Towns,1610612750.0,Minnesota,Timberwolves,MIN,5,203897,Zach LaVine,1610612750.0,Minnesota,Timberwolves,MIN,0,0,,,,,
0021500085,371,8,0,3,7:46 PM,2:28,,,SUB: Prince FOR Wiggins,,,5,203952,Andrew Wiggins,1610612750.0,Minnesota,Timberwolves,MIN,5,2419,Tayshaun Prince,1610612750.0,Minnesota,Timberwolves,MIN,0,0,,,,,
0021500085,372,8,0,3,7:46 PM,2:28,,,SUB: Dieng FOR Rubio,,,5,201937,Ricky Rubio,1610612750.0,Minnesota,Timberwolves,MIN,5,203476,Gorgui Dieng,1610612750.0,Minnesota,Timberwolves,MIN,0,0,,,,,
0021500085,373,2,47,3,7:47 PM,2:07,MISS Moore 10' Turnaround Jump Shot,,,,,4,202734,E'Twaun Moore,1610612741.0,Chicago,Bulls,CHI,0,0,,,,,,0,0,,,,,
0021500085,375,4,0,3,7:47 PM,2:06,Noah REBOUND (Off:4 Def:3),,,,,4,201149,Joakim Noah,1610612741.0,Chicago,Bulls,CHI,0,0,,,,,,0,0,,,,,
0021500085,374,2,97,3,7:47 PM,2:06,MISS Noah 3' Tip Layup Shot,,,,,4,201149,Joakim Noah,1610612741.0,Chicago,Bulls,CHI,0,0,,,,,,0,0,,,,,
0021500085,377,4,0,3,7:47 PM,2:05,Noah REBOUND (Off:5 Def:3),,,,,4,201149,Joakim Noah,1610612741.0,Chicago,Bulls,CHI,0,0,,,,,,0,0,,,,,
0021500085,376,1,5,3,7:47 PM,2:05,Noah 1' Layup (3 PTS),,,74 - 73,-1,4,201149,Joakim Noah,1610612741.0,Chicago,Bulls,CHI,0,0,,,,,,0,0,,,,,
0021500085,378,2,1,3,7:47 PM,1:42,Noah BLOCK (1 BLK),,MISS Dieng 10' Jump Shot,,,5,203476,Gorgui Dieng,1610612750.0,Minnesota,Timberwolves,MIN,0,0,,,,,,4,201149,Joakim Noah,1610612741.0,Chicago,Bulls,CHI
0021500085,379,4,0,3,7:47 PM,1:40,Butler REBOUND (Off:0 Def:6),,,,,4,202710,Jimmy Butler,1610612741.0,Chicago,Bulls,CHI,0,0,,,,,,0,0,,,,,
0021500085,380,6,2,3,7:48 PM,1:26,,,Muhammad S.FOUL (P2.PN) (T.Ford),,,5,203498,Shabazz Muhammad,1610612750.0,Minnesota,Timberwolves,MIN,4,202710,Jimmy Butler,1610612741.0,Chicago,Bulls,CHI,1,0,,,,,
0021500085,381,3,11,3,7:48 PM,1:26,MISS Butler Free Throw 1 of 2,,,,,4,202710,Jimmy Butler,1610612741.0,Chicago,Bulls,CHI,0,0,,,,,,0,0,,,,,
0021500085,382,4,1,3,7:48 PM,1:26,BULLS Rebound,,,,,2,1610612741,,,,,,0,0,,,,,,0,0,,,,,
0021500085,383,8,0,3,7:48 PM,1:26,SUB: Snell FOR McDermott,,,,,4,203926,Doug McDermott,1610612741.0,Chicago,Bulls,CHI,4,203503,Tony Snell,1610612741.0,Chicago,Bulls,CHI,0,0,,,,,
0021500085,384,3,12,3,7:48 PM,1:26,MISS Butler Free Throw 2 of 2,,,,,4,202710,Jimmy Butler,1610612741.0,Chicago,Bulls,CHI,0,0,,,,,,0,0,,,,,
0021500085,386,4,0,3,7:48 PM,1:24,,,Bjelica REBOUND (Off:1 Def:6),,,5,202357,Nemanja Bjelica,1610612750.0,Minnesota,Timberwolves,MIN,0,0,,,,,,0,0,,,,,
0021500085,387,1,1,3,7:48 PM,1:12,,,Prince 20' Jump Shot (4 PTS) (LaVine 2 AST),76 - 73,-3,5,2419,Tayshaun Prince,1610612750.0,Minnesota,Timberwolves,MIN,5,203897,Zach LaVine,1610612750.0,Minnesota,Timberwolves,MIN,0,0,,,,,
0021500085,388,1,101,3,7:49 PM,0:46,Snell 4' Driving Floating Jump Shot (8 PTS) (Moore 1 AST),,,76 - 75,-1,4,203503,Tony Snell,1610612741.0,Chicago,Bulls,CHI,4,202734,E'Twaun Moore,1610612741.0,Chicago,Bulls,CHI,0,0,,,,,
0021500085,389,2,1,3,7:49 PM,0:36,,,MISS LaVine 19' Jump Shot,,,5,203897,Zach LaVine,1610612750.0,Minnesota,Timberwolves,MIN,0,0,,,,,,0,0,,,,,
0021500085,390,4,0,3,7:49 PM,0:36,BULLS Rebound,,,,,2,1610612741,,,,,,0,0,,,,,,0,0,,,,,
0021500085,391,6,3,3,7:49 PM,0:36,,,Dieng L.B.FOUL (P1.PN) (T.Brothers),,,5,203476,Gorgui Dieng,1610612750.0,Minnesota,Timberwolves,MIN,4,2200,Pau Gasol,1610612741.0,Chicago,Bulls,CHI,1,0,,,,,
0021500085,392,3,11,3,7:49 PM,0:36,Gasol Free Throw 1 of 2 (18 PTS),,,76 - 76,TIE,4,2200,Pau Gasol,1610612741.0,Chicago,Bulls,CHI,0,0,,,,,,0,0,,,,,
0021500085,394,3,12,3,7:50 PM,0:36,Gasol Free Throw 2 of 2 (19 PTS),,,76 - 77,1,4,2200,Pau Gasol,1610612741.0,Chicago,Bulls,CHI,0,0,,,,,,0,0,,,,,
0021500085,396,2,1,3,7:50 PM,0:15,,,MISS Bjelica 25' 3PT Jump Shot,,,5,202357,Nemanja Bjelica,1610612750.0,Minnesota,Timberwolves,MIN,0,0,,,,,,0,0,,,,,
0021500085,397,4,0,3,7:50 PM,0:14,Noah REBOUND (Off:5 Def:4),,,,,4,201149,Joakim Noah,1610612741.0,Chicago,Bulls,CHI,0,0,,,,,,0,0,,,,,
0021500085,398,2,1,3,7:51 PM,0:04,MISS Snell 24' 3PT Jump Shot,,,,,4,203503,Tony Snell,1610612741.0,Chicago,Bulls,CHI,0,0,,,,,,0,0,,,,,
0021500085,399,4,0,3,7:51 PM,0:04,,,Dieng REBOUND (Off:3 Def:3),,,5,203476,Gorgui Dieng,1610612750.0,Minnesota,Timberwolves,MIN,0,0,,,,,,0,0,,,,,
0021500085,401,8,0,3,7:51 PM,0:01,SUB: Gibson FOR Gasol,,,,,4,2200,Pau Gasol,1610612741.0,Chicago,Bulls,CHI,4,201959,Taj Gibson,1610612741.0,Chicago,Bulls,CHI,0,0,,,,,
0021500085,404,2,1,3,7:51 PM,0:00,,,MISS Dieng 16' Jump Shot,,,5,203476,Gorgui Dieng,1610612750.0,Minnesota,Timberwolves,MIN,0,0,,,,,,0,0,,,,,
0021500085,405,4,0,3,7:51 PM,0:00,Butler REBOUND (Off:0 Def:7),,,,,4,202710,Jimmy Butler,1610612741.0,Chicago,Bulls,CHI,0,0,,,,,,0,0,,,,,
0021500085,406,13,0,3,7:51 PM,0:00,,,,76 - 77,1,0,0,,,,,,0,0,,,,,,0,0,,,,,
0021500085,408,12,0,4,7:54 PM,12:00,,,,76 - 77,1,0,0,,,,,,0,0,,,,,,0,0,,,,,
0021500085,409,2,1,4,7:54 PM,11:41,MISS Snell 20' Jump Shot,,,,,4,203503,Tony Snell,1610612741.0,Chicago,Bulls,CHI,0,0,,,,,,0,0,,,,,
0021500085,410,4,0,4,7:54 PM,11:40,,,Bjelica REBOUND (Off:1 Def:7),,,5,202357,Nemanja Bjelica,1610612750.0,Minnesota,Timberwolves,MIN,0,0,,,,,,0,0,,,,,
0021500085,411,1,5,4,7:55 PM,11:23,,,Bjelica 3' Layup (12 PTS) (LaVine 3 AST),78 - 77,-1,5,202357,Nemanja Bjelica,1610612750.0,Minnesota,Timberwolves,MIN,5,203897,Zach LaVine,1610612750.0,Minnesota,Timberwolves,MIN,0,0,,,,,
0021500085,412,1,1,4,7:55 PM,11:10,Snell 25' 3PT Jump Shot (11 PTS) (Noah 7 AST),,,78 - 80,2,4,203503,Tony Snell,1610612741.0,Chicago,Bulls,CHI,4,201149,Joakim Noah,1610612741.0,Chicago,Bulls,CHI,0,0,,,,,
0021500085,413,2,1,4,7:55 PM,10:48,,,MISS LaVine 21' Jump Shot,,,5,203897,Zach LaVine,1610612750.0,Minnesota,Timberwolves,MIN,0,0,,,,,,0,0,,,,,
0021500085,414,4,0,4,7:55 PM,10:47,Noah REBOUND (Off:5 Def:5),,,,,4,201149,Joakim Noah,1610612741.0,Chicago,Bulls,CHI,0,0,,,,,,0,0,,,,,
0021500085,415,6,1,4,7:56 PM,10:41,,,LaVine P.FOUL (P2.T1) (T.Brothers),,,5,203897,Zach LaVine,1610612750.0,Minnesota,Timberwolves,MIN,4,201959,Taj Gibson,1610612741.0,Chicago,Bulls,CHI,1,0,,,,,
0021500085,416,5,1,4,7:56 PM,10:31,Snell Bad Pass Turnover (P2.T15),,Dieng STEAL (2 STL),,,4,203503,Tony Snell,1610612741.0,Chicago,Bulls,CHI,5,203476,Gorgui Dieng,1610612750.0,Minnesota,Timberwolves,MIN,0,0,,,,,
0021500085,417,6,26,4,7:56 PM,10:28,,,LaVine Offensive Charge Foul (P3.T2) (T.Brothers),,,5,203897,Zach LaVine,1610612750.0,Minnesota,Timberwolves,MIN,4,201166,Aaron Brooks,1610612741.0,Chicago,Bulls,CHI,1,0,,,,,
0021500085,418,5,5,4,7:56 PM,10:28,,,LaVine Foul Turnover (P3.T13),,,5,203897,Zach LaVine,1610612750.0,Minnesota,Timberwolves,MIN,0,0,,,,,,1,0,,,,,
0021500085,419,2,1,4,7:57 PM,10:14,MISS Brooks 25' 3PT Jump Shot,,,,,4,201166,Aaron Brooks,1610612741.0,Chicago,Bulls,CHI,0,0,,,,,,0,0,,,,,
0021500085,420,4,0,4,7:57 PM,10:14,,,Timberwolves Rebound,,,3,1610612750,,,,,,0,0,,,,,,0,0,,,,,
0021500085,421,6,3,4,7:57 PM,10:14,Gibson L.B.FOUL (P1.T1) (S.Corbin),,,,,4,201959,Taj Gibson,1610612741.0,Chicago,Bulls,CHI,5,203476,Gorgui Dieng,1610612750.0,Minnesota,Timberwolves,MIN,1,0,,,,,
0021500085,422,2,74,4,7:57 PM,9:59,,,MISS LaVine 1' Running Reverse Layup,,,5,203897,Zach LaVine,1610612750.0,Minnesota,Timberwolves,MIN,0,0,,,,,,0,0,,,,,
0021500085,423,4,0,4,7:57 PM,9:58,Noah REBOUND (Off:5 Def:6),,,,,4,201149,Joakim Noah,1610612741.0,Chicago,Bulls,CHI,0,0,,,,,,0,0,,,,,
0021500085,424,2,1,4,7:57 PM,9:49,MISS Brooks 6' Jump Shot,,,,,4,201166,Aaron Brooks,1610612741.0,Chicago,Bulls,CHI,0,0,,,,,,0,0,,,,,
0021500085,425,4,0,4,7:57 PM,9:48,,,Muhammad REBOUND (Off:0 Def:2),,,5,203498,Shabazz Muhammad,1610612750.0,Minnesota,Timberwolves,MIN,0,0,,,,,,0,0,,,,,
0021500085,426,6,2,4,7:58 PM,9:45,Gibson S.FOUL (P2.T2) (T.Ford),,,,,4,201959,Taj Gibson,1610612741.0,Chicago,Bulls,CHI,5,203498,Shabazz Muhammad,1610612750.0,Minnesota,Timberwolves,MIN,1,0,,,,,
0021500085,427,3,11,4,7:58 PM,9:45,,,Muhammad Free Throw 1 of 2 (3 PTS),79 - 80,1,5,203498,Shabazz Muhammad,1610612750.0,Minnesota,Timberwolves,MIN,0,0,,,,,,0,0,,,,,
0021500085,429,8,0,4,7:58 PM,9:45,SUB: Mirotic FOR Noah,,,,,4,201149,Joakim Noah,1610612741.0,Chicago,Bulls,CHI,4,202703,Nikola Mirotic,1610612741.0,Chicago,Bulls,CHI,0,0,,,,,
0021500085,430,3,12,4,7:58 PM,9:45,,,Muhammad Free Throw 2 of 2 (4 PTS),80 - 80,TIE,5,203498,Shabazz Muhammad,1610612750.0,Minnesota,Timberwolves,MIN,0,0,,,,,,0,0,,,,,
0021500085,432,2,1,4,7:58 PM,9:29,MISS Moore 9' Jump Shot,,,,,4,202734,E'Twaun Moore,1610612741.0,Chicago,Bulls,CHI,0,0,,,,,,0,0,,,,,
0021500085,433,4,0,4,7:59 PM,9:28,,,Bjelica REBOUND (Off:1 Def:8),,,5,202357,Nemanja Bjelica,1610612750.0,Minnesota,Timberwolves,MIN,0,0,,,,,,0,0,,,,,
0021500085,434,6,26,4,7:59 PM,9:15,,,Muhammad Offensive Charge Foul (P3.T3) (S.Corbin),,,5,203498,Shabazz Muhammad,1610612750.0,Minnesota,Timberwolves,MIN,4,203503,Tony Snell,1610612741.0,Chicago,Bulls,CHI,1,0,,,,,
0021500085,435,5,5,4,7:59 PM,9:15,,,Muhammad Foul Turnover (P2.T14),,,5,203498,Shabazz Muhammad,1610612750.0,Minnesota,Timberwolves,MIN,0,0,,,,,,1,0,,,,,
0021500085,437,1,44,4,7:59 PM,9:03,Brooks 1' Reverse Layup (8 PTS),,,80 - 82,2,4,201166,Aaron Brooks,1610612741.0,Chicago,Bulls,CHI,0,0,,,,,,0,0,,,,,
0021500085,438,1,5,4,8:00 PM,8:41,,,Dieng 1' Layup (6 PTS) (LaVine 4 AST),82 - 82,TIE,5,203476,Gorgui Dieng,1610612750.0,Minnesota,Timberwolves,MIN,5,203897,Zach LaVine,1610612750.0,Minnesota,Timberwolves,MIN,0,0,,,,,
0021500085,439,1,78,4,8:00 PM,8:15,Moore 6' Floating Jump Shot (5 PTS),,,82 - 84,2,4,202734,E'Twaun Moore,1610612741.0,Chicago,Bulls,CHI,0,0,,,,,,0,0,,,,,
0021500085,440,9,1,4,8:00 PM,8:08,,,Timberwolves Timeout: Regular (Reg.4 Short 0),,,3,1610612750,,,,,,0,0,,,,,,0,0,,,,,
0021500085,442,8,0,4,8:02 PM,8:08,,,SUB: Rubio FOR Muhammad,,,5,203498,Shabazz Muhammad,1610612750.0,Minnesota,Timberwolves,MIN,5,201937,Ricky Rubio,1610612750.0,Minnesota,Timberwolves,MIN,0,0,,,,,
0021500085,443,8,0,4,8:02 PM,8:08,,,SUB: Wiggins FOR LaVine,,,5,203897,Zach LaVine,1610612750.0,Minnesota,Timberwolves,MIN,5,203952,Andrew Wiggins,1610612750.0,Minnesota,Timberwolves,MIN,0,0,,,,,
0021500085,444,2,3,4,8:03 PM,7:58,,,MISS Prince 10' Hook Shot,,,5,2419,Tayshaun Prince,1610612750.0,Minnesota,Timberwolves,MIN,0,0,,,,,,0,0,,,,,
0021500085,445,4,0,4,8:03 PM,7:57,,,Prince REBOUND (Off:1 Def:2),,,5,2419,Tayshaun Prince,1610612750.0,Minnesota,Timberwolves,MIN,0,0,,,,,,0,0,,,,,
0021500085,446,5,4,4,8:03 PM,7:57,,,Wiggins Traveling Turnover (P1.T15),,,5,203952,Andrew Wiggins,1610612750.0,Minnesota,Timberwolves,MIN,0,0,,,,,,1,0,,,,,
0021500085,447,2,1,4,8:03 PM,7:46,MISS Brooks 24' 3PT Jump Shot,,,,,4,201166,Aaron Brooks,1610612741.0,Chicago,Bulls,CHI,0,0,,,,,,0,0,,,,,
0021500085,448,4,0,4,8:03 PM,7:44,,,Dieng REBOUND (Off:3 Def:4),,,5,203476,Gorgui Dieng,1610612750.0,Minnesota,Timberwolves,MIN,0,0,,,,,,0,0,,,,,
0021500085,449,2,1,4,8:04 PM,7:24,,,MISS Dieng 7' Jump Shot,,,5,203476,Gorgui Dieng,1610612750.0,Minnesota,Timberwolves,MIN,0,0,,,,,,0,0,,,,,
0021500085,450,4,0,4,8:04 PM,7:23,Mirotic REBOUND (Off:0 Def:2),,,,,4,202703,Nikola Mirotic,1610612741.0,Chicago,Bulls,CHI,0,0,,,,,,0,0,,,,,
0021500085,451,1,42,4,8:04 PM,7:04,Brooks 2' Driving Layup (10 PTS),,,82 - 86,4,4,201166,Aaron Brooks,1610612741.0,Chicago,Bulls,CHI,0,0,,,,,,0,0,,,,,
0021500085,452,6,2,4,8:04 PM,6:49,Gibson S.FOUL (P3.T3) (S.Corbin),,,,,4,201959,Taj Gibson,1610612741.0,Chicago,Bulls,CHI,5,203952,Andrew Wiggins,1610612750.0,Minnesota,Timberwolves,MIN,1,0,,,,,
0021500085,453,3,11,4,8:04 PM,6:49,,,Wiggins Free Throw 1 of 2 (26 PTS),83 - 86,3,5,203952,Andrew Wiggins,1610612750.0,Minnesota,Timberwolves,MIN,0,0,,,,,,0,0,,,,,
0021500085,455,8,0,4,8:05 PM,6:49,,,SUB: Garnett FOR Dieng,,,5,203476,Gorgui Dieng,1610612750.0,Minnesota,Timberwolves,MIN,5,708,Kevin Garnett,1610612750.0,Minnesota,Timberwolves,MIN,0,0,,,,,
0021500085,456,8,0,4,8:05 PM,6:49,,,SUB: Towns FOR Bjelica,,,5,202357,Nemanja Bjelica,1610612750.0,Minnesota,Timberwolves,MIN,5,1626157,Karl-Anthony Towns,1610612750.0,Minnesota,Timberwolves,MIN,0,0,,,,,
0021500085,457,8,0,4,8:05 PM,6:49,SUB: Rose FOR Brooks,,,,,4,201166,Aaron Brooks,1610612741.0,Chicago,Bulls,CHI,4,201565,Derrick Rose,1610612741.0,Chicago,Bulls,CHI,0,0,,,,,
0021500085,458,8,0,4,8:05 PM,6:49,SUB: Butler FOR Moore,,,,,4,202734,E'Twaun Moore,1610612741.0,Chicago,Bulls,CHI,4,202710,Jimmy Butler,1610612741.0,Chicago,Bulls,CHI,0,0,,,,,
0021500085,459,3,12,4,8:05 PM,6:49,,,MISS Wiggins Free Throw 2 of 2,,,5,203952,Andrew Wiggins,1610612750.0,Minnesota,Timberwolves,MIN,0,0,,,,,,0,0,,,,,
0021500085,461,4,0,4,8:05 PM,6:47,Mirotic REBOUND (Off:0 Def:3),,,,,4,202703,Nikola Mirotic,1610612741.0,Chicago,Bulls,CHI,0,0,,,,,,0,0,,,,,
0021500085,462,1,1,4,8:05 PM,6:34,Snell  3PT Jump Shot (14 PTS) (Rose 5 AST),,,83 - 89,6,4,203503,Tony Snell,1610612741.0,Chicago,Bulls,CHI,4,201565,Derrick Rose,1610612741.0,Chicago,Bulls,CHI,0,0,,,,,
0021500085,463,2,86,4,8:06 PM,6:15,,,MISS Towns 13' Turnaround Fadeaway Shot,,,5,1626157,Karl-Anthony Towns,1610612750.0,Minnesota,Timberwolves,MIN,0,0,,,,,,0,0,,,,,
0021500085,464,4,0,4,8:06 PM,6:14,Snell REBOUND (Off:0 Def:5),,,,,4,203503,Tony Snell,1610612741.0,Chicago,Bulls,CHI,0,0,,,,,,0,0,,,,,
0021500085,465,2,42,4,8:06 PM,6:00,MISS Gibson 1' Driving Layup,,,,,4,201959,Taj Gibson,1610612741.0,Chicago,Bulls,CHI,0,0,,,,,,0,0,,,,,
0021500085,466,4,0,4,8:06 PM,5:59,,,Towns REBOUND (Off:2 Def:4),,,5,1626157,Karl-Anthony Towns,1610612750.0,Minnesota,Timberwolves,MIN,0,0,,,,,,0,0,,,,,
0021500085,467,6,1,4,8:06 PM,5:55,Mirotic P.FOUL (P5.T4) (T.Ford),,,,,4,202703,Nikola Mirotic,1610612741.0,Chicago,Bulls,CHI,5,203952,Andrew Wiggins,1610612750.0,Minnesota,Timberwolves,MIN,1,0,,,,,
0021500085,468,9,1,4,8:06 PM,5:55,,,,,,1,0,,,,,,0,0,,,,,,0,0,,,,,
0021500085,471,8,0,4,8:09 PM,5:55,SUB: Gasol FOR Mirotic,,,,,4,202703,Nikola Mirotic,1610612741.0,Chicago,Bulls,CHI,4,2200,Pau Gasol,1610612741.0,Chicago,Bulls,CHI,0,0,,,,,
0021500085,472,3,11,4,8:09 PM,5:55,,,MISS Wiggins Free Throw 1 of 2,,,5,203952,Andrew Wiggins,1610612750.0,Minnesota,Timberwolves,MIN,0,0,,,,,,0,0,,,,,
0021500085,473,4,1,4,8:09 PM,5:55,,,Timberwolves Rebound,,,3,1610612750,,,,,,0,0,,,,,,0,0,,,,,
0021500085,474,3,12,4,8:09 PM,5:55,,,Wiggins Free Throw 2 of 2 (27 PTS),84 - 89,5,5,203952,Andrew Wiggins,1610612750.0,Minnesota,Timberwolves,MIN,0,0,,,,,,0,0,,,,,
0021500085,476,2,5,4,8:09 PM,5:40,MISS Rose 3' Layup,,,,,4,201565,Derrick Rose,1610612741.0,Chicago,Bulls,CHI,0,0,,,,,,0,0,,,,,
0021500085,477,4,0,4,8:09 PM,5:39,,,Garnett REBOUND (Off:0 Def:5),,,5,708,Kevin Garnett,1610612750.0,Minnesota,Timberwolves,MIN,0,0,,,,,,0,0,,,,,
0021500085,478,2,1,4,8:09 PM,5:20,,,MISS Wiggins 13' Jump Shot,,,5,203952,Andrew Wiggins,1610612750.0,Minnesota,Timberwolves,MIN,0,0,,,,,,0,0,,,,,
0021500085,479,4,0,4,8:09 PM,5:18,Snell REBOUND (Off:0 Def:6),,,,,4,203503,Tony Snell,1610612741.0,Chicago,Bulls,CHI,0,0,,,,,,0,0,,,,,
0021500085,480,2,42,4,8:10 PM,5:07,MISS Snell 3' Driving Layup,,,,,4,203503,Tony Snell,1610612741.0,Chicago,Bulls,CHI,0,0,,,,,,0,0,,,,,
0021500085,481,4,0,4,8:10 PM,5:06,,,Towns REBOUND (Off:2 Def:5),,,5,1626157,Karl-Anthony Towns,1610612750.0,Minnesota,Timberwolves,MIN,0,0,,,,,,0,0,,,,,
0021500085,482,2,42,4,8:10 PM,4:54,,,MISS Rubio 2' Driving Layup,,,5,201937,Ricky Rubio,1610612750.0,Minnesota,Timberwolves,MIN,0,0,,,,,,0,0,,,,,
0021500085,483,4,0,4,8:10 PM,4:53,Butler REBOUND (Off:0 Def:8),,,,,4,202710,Jimmy Butler,1610612741.0,Chicago,Bulls,CHI,0,0,,,,,,0,0,,,,,
0021500085,484,2,1,4,8:10 PM,4:44,MISS Gasol 20' Jump Shot,,,,,4,2200,Pau Gasol,1610612741.0,Chicago,Bulls,CHI,0,0,,,,,,0,0,,,,,
0021500085,485,4,0,4,8:10 PM,4:43,,,Prince REBOUND (Off:1 Def:3),,,5,2419,Tayshaun Prince,1610612750.0,Minnesota,Timberwolves,MIN,0,0,,,,,,0,0,,,,,
0021500085,487,6,1,4,8:10 PM,4:25,Butler P.FOUL (P3.PN) (S.Corbin),,,,,4,202710,Jimmy Butler,1610612741.0,Chicago,Bulls,CHI,5,708,Kevin Garnett,1610612750.0,Minnesota,Timberwolves,MIN,1,0,,,,,
0021500085,488,3,11,4,8:11 PM,4:25,,,MISS Garnett Free Throw 1 of 2,,,5,708,Kevin Garnett,1610612750.0,Minnesota,Timberwolves,MIN,0,0,,,,,,0,0,,,,,
0021500085,489,4,1,4,8:11 PM,4:25,,,Timberwolves Rebound,,,3,1610612750,,,,,,0,0,,,,,,0,0,,,,,
0021500085,490,3,12,4,8:11 PM,4:25,,,MISS Garnett Free Throw 2 of 2,,,5,708,Kevin Garnett,1610612750.0,Minnesota,Timberwolves,MIN,0,0,,,,,,0,0,,,,,
0021500085,492,4,0,4,8:11 PM,4:23,Gibson REBOUND (Off:1 Def:1),,,,,4,201959,Taj Gibson,1610612741.0,Chicago,Bulls,CHI,0,0,,,,,,0,0,,,,,
0021500085,493,2,42,4,8:11 PM,4:09,MISS Rose 2' Driving Layup,,,,,4,201565,Derrick Rose,1610612741.0,Chicago,Bulls,CHI,0,0,,,,,,0,0,,,,,
0021500085,494,4,0,4,8:11 PM,4:08,,,Wiggins REBOUND (Off:0 Def:1),,,5,203952,Andrew Wiggins,1610612750.0,Minnesota,Timberwolves,MIN,0,0,,,,,,0,0,,,,,
0021500085,495,2,1,4,8:12 PM,4:01,,,MISS Prince 17' Jump Shot,,,5,2419,Tayshaun Prince,1610612750.0,Minnesota,Timberwolves,MIN,0,0,,,,,,0,0,,,,,
0021500085,496,4,0,4,8:12 PM,4:01,,,Timberwolves Rebound,,,3,1610612750,,,,,,0,0,,,,,,0,0,,,,,
0021500085,497,8,0,4,8:12 PM,4:01,,,SUB: Bjelica FOR Garnett,,,5,708,Kevin Garnett,1610612750.0,Minnesota,Timberwolves,MIN,5,202357,Nemanja Bjelica,1610612750.0,Minnesota,Timberwolves,MIN,0,0,,,,,
0021500085,498,1,5,4,8:12 PM,3:52,,,Towns 2' Layup (15 PTS) (Bjelica 5 AST),86 - 89,3,5,1626157,Karl-Anthony Towns,1610612750.0,Minnesota,Timberwolves,MIN,5,202357,Nemanja Bjelica,1610612750.0,Minnesota,Timberwolves,MIN,0,0,,,,,
0021500085,499,5,2,4,8:12 PM,3:36,Gasol Lost Ball Turnover (P1.T16),,Rubio STEAL (3 STL),,,4,2200,Pau Gasol,1610612741.0,Chicago,Bulls,CHI,5,201937,Ricky Rubio,1610612750.0,Minnesota,Timberwolves,MIN,0,0,,,,,
0021500085,500,9,2,4,8:12 PM,3:36,,,Timberwolves Timeout: Short (Reg.4 Short 1),,,3,1610612750,,,,,,0,0,,,,,,0,0,,,,,
0021500085,502,2,1,4,8:14 PM,3:23,Butler BLOCK (2 BLK),,MISS Wiggins 4' Jump Shot,,,5,203952,Andrew Wiggins,1610612750.0,Minnesota,Timberwolves,MIN,0,0,,,,,,4,202710,Jimmy Butler,1610612741.0,Chicago,Bulls,CHI
0021500085,503,10,0,4,8:15 PM,3:20,Jump Ball Butler vs. Wiggins: Tip to Gibson,,,,,4,202710,Jimmy Butler,1610612741.0,Chicago,Bulls,CHI,5,203952,Andrew Wiggins,1610612750.0,Minnesota,Timberwolves,MIN,4,201959,Taj Gibson,1610612741.0,Chicago,Bulls,CHI
0021500085,504,4,0,4,8:15 PM,3:20,BULLS Rebound,,,,,2,1610612741,,,,,,0,0,,,,,,0,0,,,,,
0021500085,505,6,1,4,8:15 PM,3:09,,,Wiggins P.FOUL (P3.T4) (T.Brothers),,,5,203952,Andrew Wiggins,1610612750.0,Minnesota,Timberwolves,MIN,4,202710,Jimmy Butler,1610612741.0,Chicago,Bulls,CHI,1,0,,,,,
0021500085,506,2,1,4,8:16 PM,2:55,MISS Butler 25' 3PT Jump Shot,,,,,4,202710,Jimmy Butler,1610612741.0,Chicago,Bulls,CHI,0,0,,,,,,0,0,,,,,
0021500085,507,4,0,4,8:16 PM,2:55,BULLS Rebound,,,,,2,1610612741,,,,,,0,0,,,,,,0,0,,,,,
0021500085,508,5,11,4,8:16 PM,2:55,BULLS Turnover: Shot Clock (T#17),,,,,2,1610612741,,,,,,0,0,,,,,,1,0,,,,,
0021500085,509,9,1,4,8:16 PM,2:55,BULLS Timeout: Regular (Full 4 Short 0),,,,,2,1610612741,,,,,,0,0,,,,,,0,0,,,,,
0021500085,513,2,5,4,8:18 PM,2:43,,,MISS Wiggins 1' Layup,,,5,203952,Andrew Wiggins,1610612750.0,Minnesota,Timberwolves,MIN,0,0,,,,,,0,0,,,,,
0021500085,516,4,0,4,8:18 PM,2:41,,,Towns REBOUND (Off:3 Def:5),,,5,1626157,Karl-Anthony Towns,1610612750.0,Minnesota,Timberwolves,MIN,0,0,,,,,,0,0,,,,,
0021500085,515,2,97,4,8:18 PM,2:41,,,MISS Towns 1' Tip Layup Shot,,,5,1626157,Karl-Anthony Towns,1610612750.0,Minnesota,Timberwolves,MIN,0,0,,,,,,0,0,,,,,
0021500085,517,4,0,4,8:18 PM,2:41,Rose REBOUND (Off:0 Def:2),,,,,4,201565,Derrick Rose,1610612741.0,Chicago,Bulls,CHI,0,0,,,,,,0,0,,,,,
0021500085,519,6,1,4,8:19 PM,2:39,,,Bjelica P.FOUL (P2.PN) (S.Corbin),,,5,202357,Nemanja Bjelica,1610612750.0,Minnesota,Timberwolves,MIN,4,202710,Jimmy Butler,1610612741.0,Chicago,Bulls,CHI,1,0,,,,,
0021500085,520,2,1,4,8:19 PM,2:31,MISS Gasol 14' Jump Shot,,,,,4,2200,Pau Gasol,1610612741.0,Chicago,Bulls,CHI,0,0,,,,,,0,0,,,,,
0021500085,521,4,0,4,8:19 PM,2:31,,,Timberwolves Rebound,,,3,1610612750,,,,,,0,0,,,,,,0,0,,,,,
0021500085,523,1,5,4,8:19 PM,2:25,,,Wiggins 3' Layup (29 PTS) (Rubio 9 AST),88 - 89,1,5,203952,Andrew Wiggins,1610612750.0,Minnesota,Timberwolves,MIN,5,201937,Ricky Rubio,1610612750.0,Minnesota,Timberwolves,MIN,0,0,,,,,
0021500085,524,6,2,4,8:19 PM,2:25,Snell S.FOUL (P2.PN) (S.Corbin),,,,,4,203503,Tony Snell,1610612741.0,Chicago,Bulls,CHI,5,203952,Andrew Wiggins,1610612750.0,Minnesota,Timberwolves,MIN,1,0,,,,,
0021500085,525,3,10,4,8:20 PM,2:25,,,MISS Wiggins Free Throw 1 of 1,,,5,203952,Andrew Wiggins,1610612750.0,Minnesota,Timberwolves,MIN,0,0,,,,,,0,0,,,,,
0021500085,527,4,0,4,8:20 PM,2:23,Gasol REBOUND (Off:2 Def:8),,,,,4,2200,Pau Gasol,1610612741.0,Chicago,Bulls,CHI,0,0,,,,,,0,0,,,,,
0021500085,528,2,1,4,8:20 PM,2:09,MISS Rose 19' Jump Shot,,,,,4,201565,Derrick Rose,1610612741.0,Chicago,Bulls,CHI,0,0,,,,,,0,0,,,,,
0021500085,529,4,0,4,8:20 PM,2:08,,,Wiggins REBOUND (Off:0 Def:2),,,5,203952,Andrew Wiggins,1610612750.0,Minnesota,Timberwolves,MIN,0,0,,,,,,0,0,,,,,
0021500085,530,2,1,4,8:20 PM,1:47,,,MISS Rubio 19' Jump Shot,,,5,201937,Ricky Rubio,1610612750.0,Minnesota,Timberwolves,MIN,0,0,,,,,,0,0,,,,,
0021500085,531,4,0,4,8:20 PM,1:46,,,Rubio REBOUND (Off:1 Def:6),,,5,201937,Ricky Rubio,1610612750.0,Minnesota,Timberwolves,MIN,0,0,,,,,,0,0,,,,,
0021500085,532,6,29,4,8:21 PM,1:32,Butler Shooting Block Foul (P4.PN) (T.Ford),,,,,4,202710,Jimmy Butler,1610612741.0,Chicago,Bulls,CHI,5,202357,Nemanja Bjelica,1610612750.0,Minnesota,Timberwolves,MIN,1,0,,,,,
0021500085,533,3,11,4,8:21 PM,1:32,,,MISS Bjelica Free Throw 1 of 2,,,5,202357,Nemanja Bjelica,1610612750.0,Minnesota,Timberwolves,MIN,0,0,,,,,,0,0,,,,,
0021500085,534,4,1,4,8:21 PM,1:32,,,Timberwolves Rebound,,,3,1610612750,,,,,,0,0,,,,,,0,0,,,,,
0021500085,535,8,0,4,8:21 PM,1:32,SUB: Mirotic FOR Gibson,,,,,4,201959,Taj Gibson,1610612741.0,Chicago,Bulls,CHI,4,202703,Nikola Mirotic,1610612741.0,Chicago,Bulls,CHI,0,0,,,,,
0021500085,536,3,12,4,8:21 PM,1:32,,,Bjelica Free Throw 2 of 2 (13 PTS),89 - 89,TIE,5,202357,Nemanja Bjelica,1610612750.0,Minnesota,Timberwolves,MIN,0,0,,,,,,0,0,,,,,
0021500085,538,6,2,4,8:22 PM,1:11,,,Towns S.FOUL (P4.PN) (T.Ford),,,5,1626157,Karl-Anthony Towns,1610612750.0,Minnesota,Timberwolves,MIN,4,202710,Jimmy Butler,1610612741.0,Chicago,Bulls,CHI,1,0,,,,,
0021500085,539,3,11,4,8:22 PM,1:11,Butler Free Throw 1 of 2 (10 PTS),,,89 - 90,1,4,202710,Jimmy Butler,1610612741.0,Chicago,Bulls,CHI,0,0,,,,,,0,0,,,,,
0021500085,541,8,0,4,8:22 PM,1:11,SUB: Gibson FOR Mirotic,,,,,4,202703,Nikola Mirotic,1610612741.0,Chicago,Bulls,CHI,4,201959,Taj Gibson,1610612741.0,Chicago,Bulls,CHI,0,0,,,,,
0021500085,542,8,0,4,8:22 PM,1:11,SUB: Noah FOR Gasol,,,,,4,2200,Pau Gasol,1610612741.0,Chicago,Bulls,CHI,4,201149,Joakim Noah,1610612741.0,Chicago,Bulls,CHI,0,0,,,,,
0021500085,543,3,12,4,8:22 PM,1:11,Butler Free Throw 2 of 2 (11 PTS),,,89 - 91,2,4,202710,Jimmy Butler,1610612741.0,Chicago,Bulls,CHI,0,0,,,,,,0,0,,,,,
0021500085,545,1,7,4,8:23 PM,1:00,,,Wiggins  Dunk (31 PTS) (Rubio 10 AST),91 - 91,TIE,5,203952,Andrew Wiggins,1610612750.0,Minnesota,Timberwolves,MIN,5,201937,Ricky Rubio,1610612750.0,Minnesota,Timberwolves,MIN,0,0,,,,,
0021500085,546,9,2,4,8:23 PM,0:55,BULLS Timeout: Short (Full 4 Short 1),,,,,2,1610612741,,,,,,0,0,,,,,,0,0,,,,,
0021500085,548,8,0,4,8:24 PM,0:55,SUB: Gasol FOR Noah,,,,,4,201149,Joakim Noah,1610612741.0,Chicago,Bulls,CHI,4,2200,Pau Gasol,1610612741.0,Chicago,Bulls,CHI,0,0,,,,,
0021500085,549,8,0,4,8:24 PM,0:55,SUB: Mirotic FOR Gibson,,,,,4,201959,Taj Gibson,1610612741.0,Chicago,Bulls,CHI,4,202703,Nikola Mirotic,1610612741.0,Chicago,Bulls,CHI,0,0,,,,,
0021500085,551,2,42,4,8:25 PM,0:48,MISS Butler 1' Driving Layup,,,,,4,202710,Jimmy Butler,1610612741.0,Chicago,Bulls,CHI,0,0,,,,,,0,0,,,,,
0021500085,552,4,0,4,8:25 PM,0:47,,,Bjelica REBOUND (Off:1 Def:9),,,5,202357,Nemanja Bjelica,1610612750.0,Minnesota,Timberwolves,MIN,0,0,,,,,,0,0,,,,,
0021500085,553,1,42,4,8:25 PM,0:27,,,Prince 2' Driving Layup (6 PTS),93 - 91,-2,5,2419,Tayshaun Prince,1610612750.0,Minnesota,Timberwolves,MIN,0,0,,,,,,0,0,,,,,
0021500085,554,9,1,4,8:25 PM,0:27,BULLS Timeout: Regular (Full 5 Short 1),,,,,2,1610612741,,,,,,0,0,,,,,,0,0,,,,,
0021500085,555,8,0,4,8:27 PM,0:27,,,SUB: Garnett FOR Towns,,,5,1626157,Karl-Anthony Towns,1610612750.0,Minnesota,Timberwolves,MIN,5,708,Kevin Garnett,1610612750.0,Minnesota,Timberwolves,MIN,0,0,,,,,
0021500085,556,2,5,4,8:27 PM,0:21,MISS Mirotic 3' Layup,,,,,4,202703,Nikola Mirotic,1610612741.0,Chicago,Bulls,CHI,0,0,,,,,,0,0,,,,,
0021500085,558,4,0,4,8:27 PM,0:21,Gasol REBOUND (Off:3 Def:8),,,,,4,2200,Pau Gasol,1610612741.0,Chicago,Bulls,CHI,0,0,,,,,,0,0,,,,,
0021500085,557,1,97,4,8:27 PM,0:21,Gasol 2' Tip Layup Shot (21 PTS),,,93 - 93,TIE,4,2200,Pau Gasol,1610612741.0,Chicago,Bulls,CHI,0,0,,,,,,0,0,,,,,
0021500085,559,9,1,4,8:27 PM,0:21,,,Timberwolves Timeout: Regular (Reg.5 Short 1),,,3,1610612750,,,,,,0,0,,,,,,0,0,,,,,
0021500085,561,8,0,4,8:29 PM,0:21,SUB: Noah FOR Mirotic,,,,,4,202703,Nikola Mirotic,1610612741.0,Chicago,Bulls,CHI,4,201149,Joakim Noah,1610612741.0,Chicago,Bulls,CHI,0,0,,,,,
0021500085,562,8,0,4,8:29 PM,0:21,SUB: Gibson FOR Gasol,,,,,4,2200,Pau Gasol,1610612741.0,Chicago,Bulls,CHI,4,201959,Taj Gibson,1610612741.0,Chicago,Bulls,CHI,0,0,,,,,
0021500085,563,8,0,4,8:29 PM,0:21,,,SUB: Towns FOR Garnett,,,5,708,Kevin Garnett,1610612750.0,Minnesota,Timberwolves,MIN,5,1626157,Karl-Anthony Towns,1610612750.0,Minnesota,Timberwolves,MIN,0,0,,,,,
0021500085,564,2,1,4,8:30 PM,0:00,,,MISS Wiggins 19' Jump Shot,,,5,203952,Andrew Wiggins,1610612750.0,Minnesota,Timberwolves,MIN,0,0,,,,,,0,0,,,,,
0021500085,566,4,0,4,8:30 PM,0:00,,,Timberwolves Rebound,,,3,1610612750,,,,,,0,0,,,,,,0,0,,,,,
0021500085,565,13,0,4,8:30 PM,0:00,,,,93 - 93,TIE,0,0,,,,,,0,0,,,,,,0,0,,,,,
0021500085,568,12,0,5,8:32 PM,5:00,,,,93 - 93,TIE,0,0,,,,,,0,0,,,,,,0,0,,,,,
0021500085,569,10,0,5,8:33 PM,5:00,Jump Ball Gasol vs. Towns: Tip to Mirotic,,,,,4,2200,Pau Gasol,1610612741.0,Chicago,Bulls,CHI,5,1626157,Karl-Anthony Towns,1610612750.0,Minnesota,Timberwolves,MIN,4,202703,Nikola Mirotic,1610612741.0,Chicago,Bulls,CHI
0021500085,571,2,47,5,8:33 PM,4:39,MISS Gasol 6' Turnaround Jump Shot,,Towns BLOCK (3 BLK),,,4,2200,Pau Gasol,1610612741.0,Chicago,Bulls,CHI,0,0,,,,,,5,1626157,Karl-Anthony Towns,1610612750.0,Minnesota,Timberwolves,MIN
0021500085,572,4,0,5,8:33 PM,4:37,,,Rubio REBOUND (Off:1 Def:7),,,5,201937,Ricky Rubio,1610612750.0,Minnesota,Timberwolves,MIN,0,0,,,,,,0,0,,,,,
0021500085,573,2,1,5,8:33 PM,4:18,,,MISS Rubio 25' 3PT Jump Shot,,,5,201937,Ricky Rubio,1610612750.0,Minnesota,Timberwolves,MIN,0,0,,,,,,0,0,,,,,
0021500085,574,4,0,5,8:33 PM,4:16,,,Towns REBOUND (Off:4 Def:5),,,5,1626157,Karl-Anthony Towns,1610612750.0,Minnesota,Timberwolves,MIN,0,0,,,,,,0,0,,,,,
0021500085,575,1,5,5,8:33 PM,4:14,,,Bjelica 2' Layup (15 PTS) (Towns 1 AST),95 - 93,-2,5,202357,Nemanja Bjelica,1610612750.0,Minnesota,Timberwolves,MIN,5,1626157,Karl-Anthony Towns,1610612750.0,Minnesota,Timberwolves,MIN,0,0,,,,,
0021500085,577,2,1,5,8:34 PM,3:54,MISS Rose 5' Jump Shot,,Towns BLOCK (4 BLK),,,4,201565,Derrick Rose,1610612741.0,Chicago,Bulls,CHI,0,0,,,,,,5,1626157,Karl-Anthony Towns,1610612750.0,Minnesota,Timberwolves,MIN
0021500085,578,4,0,5,8:34 PM,3:53,,,Prince REBOUND (Off:1 Def:4),,,5,2419,Tayshaun Prince,1610612750.0,Minnesota,Timberwolves,MIN,0,0,,,,,,0,0,,,,,
0021500085,579,6,2,5,8:34 PM,3:36,Gasol S.FOUL (P2.T1) (T.Ford),,,,,4,2200,Pau Gasol,1610612741.0,Chicago,Bulls,CHI,5,201937,Ricky Rubio,1610612750.0,Minnesota,Timberwolves,MIN,1,0,,,,,
0021500085,580,3,11,5,8:34 PM,3:36,,,Rubio Free Throw 1 of 2 (7 PTS),96 - 93,-3,5,201937,Ricky Rubio,1610612750.0,Minnesota,Timberwolves,MIN,0,0,,,,,,0,0,,,,,
0021500085,582,3,12,5,8:34 PM,3:36,,,MISS Rubio Free Throw 2 of 2,,,5,201937,Ricky Rubio,1610612750.0,Minnesota,Timberwolves,MIN,0,0,,,,,,0,0,,,,,
0021500085,584,4,0,5,8:35 PM,3:35,Gasol REBOUND (Off:3 Def:9),,,,,4,2200,Pau Gasol,1610612741.0,Chicago,Bulls,CHI,0,0,,,,,,0,0,,,,,
0021500085,585,6,4,5,8:35 PM,3:20,Butler OFF.Foul (P5) (S.Corbin),,,,,4,202710,Jimmy Butler,1610612741.0,Chicago,Bulls,CHI,5,203952,Andrew Wiggins,1610612750.0,Minnesota,Timberwolves,MIN,1,0,,,,,
0021500085,586,5,5,5,8:35 PM,3:20,Butler Foul Turnover (P5.T18),,,,,4,202710,Jimmy Butler,1610612741.0,Chicago,Bulls,CHI,0,0,,,,,,1,0,,,,,
0021500085,587,2,1,5,8:35 PM,2:57,,,MISS Towns 7' Jump Shot,,,5,1626157,Karl-Anthony Towns,1610612750.0,Minnesota,Timberwolves,MIN,0,0,,,,,,0,0,,,,,
0021500085,588,4,0,5,8:35 PM,2:55,Gasol REBOUND (Off:3 Def:10),,,,,4,2200,Pau Gasol,1610612741.0,Chicago,Bulls,CHI,0,0,,,,,,0,0,,,,,
0021500085,589,2,1,5,8:36 PM,2:48,MISS Mirotic 25' 3PT Jump Shot,,,,,4,202703,Nikola Mirotic,1610612741.0,Chicago,Bulls,CHI,0,0,,,,,,0,0,,,,,
0021500085,590,4,0,5,8:36 PM,2:48,,,Timberwolves Rebound,,,3,1610612750,,,,,,0,0,,,,,,0,0,,,,,
0021500085,591,8,0,5,8:36 PM,2:48,SUB: Gibson FOR Mirotic,,,,,4,202703,Nikola Mirotic,1610612741.0,Chicago,Bulls,CHI,4,201959,Taj Gibson,1610612741.0,Chicago,Bulls,CHI,0,0,,,,,
0021500085,592,2,5,5,8:36 PM,2:33,,,MISS Wiggins 2' Layup,,,5,203952,Andrew Wiggins,1610612750.0,Minnesota,Timberwolves,MIN,0,0,,,,,,0,0,,,,,
0021500085,594,4,0,5,8:36 PM,2:32,,,Towns REBOUND (Off:5 Def:5),,,5,1626157,Karl-Anthony Towns,1610612750.0,Minnesota,Timberwolves,MIN,0,0,,,,,,0,0,,,,,
0021500085,593,1,97,5,8:36 PM,2:32,,,Towns 1' Tip Layup Shot (17 PTS),98 - 93,-5,5,1626157,Karl-Anthony Towns,1610612750.0,Minnesota,Timberwolves,MIN,0,0,,,,,,0,0,,,,,
0021500085,595,2,1,5,8:36 PM,2:16,MISS Butler 26' 3PT Jump Shot,,,,,4,202710,Jimmy Butler,1610612741.0,Chicago,Bulls,CHI,0,0,,,,,,0,0,,,,,
0021500085,596,4,0,5,8:36 PM,2:16,,,Timberwolves Rebound,,,3,1610612750,,,,,,0,0,,,,,,0,0,,,,,
0021500085,597,2,42,5,8:37 PM,1:56,,,MISS Wiggins 2' Driving Layup,,,5,203952,Andrew Wiggins,1610612750.0,Minnesota,Timberwolves,MIN,0,0,,,,,,0,0,,,,,
0021500085,599,4,0,5,8:37 PM,1:55,,,Towns REBOUND (Off:6 Def:5),,,5,1626157,Karl-Anthony Towns,1610612750.0,Minnesota,Timberwolves,MIN,0,0,,,,,,0,0,,,,,
0021500085,598,2,97,5,8:37 PM,1:55,,,MISS Towns 1' Tip Layup Shot,,,5,1626157,Karl-Anthony Towns,1610612750.0,Minnesota,Timberwolves,MIN,0,0,,,,,,0,0,,,,,
0021500085,600,4,0,5,8:37 PM,1:54,Rose REBOUND (Off:0 Def:3),,,,,4,201565,Derrick Rose,1610612741.0,Chicago,Bulls,CHI,0,0,,,,,,0,0,,,,,
0021500085,601,5,40,5,8:37 PM,1:50,Rose Out of Bounds Lost Ball Turnover (P5.T19),,,,,4,201565,Derrick Rose,1610612741.0,Chicago,Bulls,CHI,0,0,,,,,,0,0,,,,,
0021500085,602,9,2,5,8:37 PM,1:50,,,Timberwolves Timeout: Short (Reg.5 Short 2),,,3,1610612750,,,,,,0,0,,,,,,0,0,,,,,
0021500085,604,8,0,5,8:38 PM,1:50,SUB: McDermott FOR Snell,,,,,4,203503,Tony Snell,1610612741.0,Chicago,Bulls,CHI,4,203926,Doug McDermott,1610612741.0,Chicago,Bulls,CHI,0,0,,,,,
0021500085,606,2,1,5,8:39 PM,1:30,,,MISS Wiggins 20' Jump Shot,,,5,203952,Andrew Wiggins,1610612750.0,Minnesota,Timberwolves,MIN,0,0,,,,,,0,0,,,,,
0021500085,607,4,0,5,8:39 PM,1:29,McDermott REBOUND (Off:0 Def:2),,,,,4,203926,Doug McDermott,1610612741.0,Chicago,Bulls,CHI,0,0,,,,,,0,0,,,,,
0021500085,608,2,1,5,8:39 PM,1:11,MISS Rose 25' 3PT Jump Shot,,,,,4,201565,Derrick Rose,1610612741.0,Chicago,Bulls,CHI,0,0,,,,,,0,0,,,,,
0021500085,609,4,0,5,8:39 PM,1:10,Gibson REBOUND (Off:2 Def:1),,,,,4,201959,Taj Gibson,1610612741.0,Chicago,Bulls,CHI,0,0,,,,,,0,0,,,,,
0021500085,610,2,1,5,8:39 PM,1:07,MISS Butler 24' 3PT Jump Shot,,,,,4,202710,Jimmy Butler,1610612741.0,Chicago,Bulls,CHI,0,0,,,,,,0,0,,,,,
0021500085,611,4,0,5,8:39 PM,1:06,,,Towns REBOUND (Off:6 Def:6),,,5,1626157,Karl-Anthony Towns,1610612750.0,Minnesota,Timberwolves,MIN,0,0,,,,,,0,0,,,,,
0021500085,612,2,1,5,8:39 PM,0:46,,,MISS Prince 15' Jump Shot,,,5,2419,Tayshaun Prince,1610612750.0,Minnesota,Timberwolves,MIN,0,0,,,,,,0,0,,,,,
0021500085,613,4,0,5,8:39 PM,0:45,,,Wiggins REBOUND (Off:1 Def:2),,,5,203952,Andrew Wiggins,1610612750.0,Minnesota,Timberwolves,MIN,0,0,,,,,,0,0,,,,,
0021500085,615,1,5,5,8:40 PM,0:30,,,Prince 1' Layup (8 PTS) (Towns 2 AST),100 - 93,-7,5,2419,Tayshaun Prince,1610612750.0,Minnesota,Timberwolves,MIN,5,1626157,Karl-Anthony Towns,1610612750.0,Minnesota,Timberwolves,MIN,0,0,,,,,
0021500085,616,6,2,5,8:40 PM,0:30,McDermott S.FOUL (P2.T2) (T.Brothers),,,,,4,203926,Doug McDermott,1610612741.0,Chicago,Bulls,CHI,5,2419,Tayshaun Prince,1610612750.0,Minnesota,Timberwolves,MIN,1,0,,,,,
0021500085,617,3,10,5,8:40 PM,0:30,,,MISS Prince Free Throw 1 of 1,,,5,2419,Tayshaun Prince,1610612750.0,Minnesota,Timberwolves,MIN,0,0,,,,,,0,0,,,,,
0021500085,619,4,0,5,8:40 PM,0:29,Gasol REBOUND (Off:3 Def:11),,,,,4,2200,Pau Gasol,1610612741.0,Chicago,Bulls,CHI,0,0,,,,,,0,0,,,,,
0021500085,620,9,2,5,8:40 PM,0:29,BULLS Timeout: Short (Full 5 Short 2),,,,,2,1610612741,,,,,,0,0,,,,,,0,0,,,,,
0021500085,621,2,1,5,8:42 PM,0:27,MISS McDermott 24' 3PT Jump Shot,,Prince BLOCK (1 BLK),,,4,203926,Doug McDermott,1610612741.0,Chicago,Bulls,CHI,0,0,,,,,,5,2419,Tayshaun Prince,1610612750.0,Minnesota,Timberwolves,MIN
0021500085,622,4,0,5,8:42 PM,0:27,BULLS Rebound,,,,,2,1610612741,,,,,,0,0,,,,,,0,0,,,,,
0021500085,623,2,1,5,8:42 PM,0:19,MISS Butler 25' 3PT Jump Shot,,,,,4,202710,Jimmy Butler,1610612741.0,Chicago,Bulls,CHI,0,0,,,,,,0,0,,,,,
0021500085,624,4,0,5,8:42 PM,0:19,,,Bjelica REBOUND (Off:1 Def:10),,,5,202357,Nemanja Bjelica,1610612750.0,Minnesota,Timberwolves,MIN,0,0,,,,,,0,0,,,,,
0021500085,625,6,28,5,8:42 PM,0:19,Gasol Personal Take Foul (P3.PN) (T.Ford),,,,,4,2200,Pau Gasol,1610612741.0,Chicago,Bulls,CHI,5,202357,Nemanja Bjelica,1610612750.0,Minnesota,Timberwolves,MIN,1,0,,,,,
0021500085,626,3,11,5,8:42 PM,0:19,,,Bjelica Free Throw 1 of 2 (16 PTS),101 - 93,-8,5,202357,Nemanja Bjelica,1610612750.0,Minnesota,Timberwolves,MIN,0,0,,,,,,0,0,,,,,
0021500085,635,8,0,5,8:42 PM,0:19,SUB: Mirotic FOR Gibson,,,,,4,201959,Taj Gibson,1610612741.0,Chicago,Bulls,CHI,4,202703,Nikola Mirotic,1610612741.0,Chicago,Bulls,CHI,0,0,,,,,
0021500085,628,3,12,5,8:43 PM,0:19,,,Bjelica Free Throw 2 of 2 (17 PTS),102 - 93,-9,5,202357,Nemanja Bjelica,1610612750.0,Minnesota,Timberwolves,MIN,0,0,,,,,,0,0,,,,,
0021500085,630,2,1,5,8:43 PM,0:09,MISS Mirotic 26' 3PT Jump Shot,,,,,4,202703,Nikola Mirotic,1610612741.0,Chicago,Bulls,CHI,0,0,,,,,,0,0,,,,,
0021500085,631,4,0,5,8:43 PM,0:06,,,Towns REBOUND (Off:6 Def:7),,,5,1626157,Karl-Anthony Towns,1610612750.0,Minnesota,Timberwolves,MIN,0,0,,,,,,0,0,,,,,
0021500085,633,13,0,5,8:43 PM,0:00,,,,102 - 93,-9,0,0,,,,,,0,0,,,,,,0,0,,,,,
