GAME_ID,EVENTNUM,EVENTMSGTYPE,EVENTMSGACTIONTYPE,PERIOD,WCTIMESTRING,PCTIMESTRING,HOMEDESCRIPTION,NEUTRALDESCRIPTION,VISITORDESCRIPTION,SCORE,SCOREMARGIN,PERSON1TYPE,PLAYER1_ID,PLAYER1_NAME,PLAYER1_TEAM_ID,PLAYER1_TEAM_CITY,PLAYER1_TEAM_NICKNAME,PLAYER1_TEAM_ABBREVIATION,PERSON2TYPE,PLAYER2_ID,PLAYER2_NAME,PLAYER2_TEAM_ID,PLAYER2_TEAM_CITY,PLAYER2_TEAM_NICKNAME,PLAYER2_TEAM_ABBREVIATION,PERSON3TYPE,PLAYER3_ID,PLAYER3_NAME,PLAYER3_TEAM_ID,PLAYER3_TEAM_CITY,PLAYER3_TEAM_NICKNAME,PLAYER3_TEAM_ABBREVIATION
0021500150,0,12,0,1,9:12 PM,12:00,,,,,,0.0,0,,,,,,0,0,,,,,,0,0,,,,,
0021500150,1,10,0,1,9:12 PM,12:00,Jump Ball Cauley-Stein vs. Valanciunas: Tip to Scola,,,,,4.0,1626161,Willie Cauley-Stein,1610612758.0,Sacramento,Kings,SAC,5,202685,Jonas Valanciunas,1610612761.0,Toronto,Raptors,TOR,5,2449,Luis Scola,1610612761.0,Toronto,Raptors,TOR
0021500150,2,1,1,1,9:12 PM,11:40,,,Lowry  3PT Jump Shot (3 PTS) (DeRozan 1 AST),3 - 0,-3,5.0,200768,Kyle Lowry,1610612761.0,Toronto,Raptors,TOR,5,201942,DeMar DeRozan,1610612761.0,Toronto,Raptors,TOR,0,0,,,,,
0021500150,3,2,1,1,9:13 PM,11:15,MISS McLemore 6' Jump Shot,,,,,4.0,203463,Ben McLemore,1610612758.0,Sacramento,Kings,SAC,0,0,,,,,,0,0,,,,,
0021500150,4,4,0,1,9:13 PM,11:13,,,DeRozan REBOUND (Off:0 Def:1),,,5.0,201942,DeMar DeRozan,1610612761.0,Toronto,Raptors,TOR,0,0,,,,,,0,0,,,,,
0021500150,5,2,1,1,9:13 PM,11:06,,,MISS Valanciunas 20' Jump Shot,,,5.0,202685,Jonas Valanciunas,1610612761.0,Toronto,Raptors,TOR,0,0,,,,,,0,0,,,,,
0021500150,6,4,0,1,9:13 PM,11:06,KINGS Rebound,,,,,2.0,1610612758,,,,,,0,0,,,,,,0,0,,,,,
0021500150,7,2,1,1,9:13 PM,10:46,MISS McLemore  3PT Jump Shot,,,,,4.0,203463,Ben McLemore,1610612758.0,Sacramento,Kings,SAC,0,0,,,,,,0,0,,,,,
0021500150,8,4,0,1,9:13 PM,10:45,,,Scola REBOUND (Off:0 Def:1),,,5.0,2449,Luis Scola,1610612761.0,Toronto,Raptors,TOR,0,0,,,,,,0,0,,,,,
0021500150,9,6,2,1,9:14 PM,10:30,Cauley-Stein S.FOUL (P1.T1) (M.Ervin),,,,,4.0,1626161,Willie Cauley-Stein,1610612758.0,Sacramento,Kings,SAC,5,201942,DeMar DeRozan,1610612761.0,Toronto,Raptors,TOR,1,0,,,,,
0021500150,10,3,11,1,9:14 PM,10:30,,,MISS DeRozan Free Throw 1 of 2,,,5.0,201942,DeMar DeRozan,1610612761.0,Toronto,Raptors,TOR,0,0,,,,,,0,0,,,,,
0021500150,11,4,1,1,9:14 PM,10:30,,,Raptors Rebound,,,3.0,1610612761,,,,,,0,0,,,,,,0,0,,,,,
0021500150,12,3,12,1,9:14 PM,10:30,,,DeRozan Free Throw 2 of 2 (1 PTS),4 - 0,-4,5.0,201942,DeMar DeRozan,1610612761.0,Toronto,Raptors,TOR,0,0,,,,,,0,0,,,,,
0021500150,14,2,1,1,9:15 PM,10:17,MISS Cousins 20' Jump Shot,,,,,4.0,202326,DeMarcus Cousins,1610612758.0,Sacramento,Kings,SAC,0,0,,,,,,0,0,,,,,
0021500150,15,4,0,1,9:15 PM,10:17,,,Lowry REBOUND (Off:0 Def:1),,,5.0,200768,Kyle Lowry,1610612761.0,Toronto,Raptors,TOR,0,0,,,,,,0,0,,,,,
0021500150,16,1,1,1,9:15 PM,10:09,,,Lowry 26' 3PT Jump Shot (6 PTS),7 - 0,-7,5.0,200768,Kyle Lowry,1610612761.0,Toronto,Raptors,TOR,0,0,,,,,,0,0,,,,,
0021500150,17,1,58,1,9:15 PM,9:55,Gay 9' Turnaround Hook Shot (2 PTS),,,7 - 2,-5,4.0,200752,Rudy Gay,1610612758.0,Sacramento,Kings,SAC,0,0,,,,,,0,0,,,,,
0021500150,18,5,1,1,9:15 PM,9:37,Gay STEAL (1 STL),,Lowry Bad Pass Turnover (P1.T1),,,5.0,200768,Kyle Lowry,1610612761.0,Toronto,Raptors,TOR,4,200752,Rudy Gay,1610612758.0,Sacramento,Kings,SAC,0,0,,,,,
0021500150,19,1,7,1,9:15 PM,9:30,Cousins  Dunk (2 PTS) (Gay 1 AST),,,7 - 4,-3,4.0,202326,DeMarcus Cousins,1610612758.0,Sacramento,Kings,SAC,4,200752,Rudy Gay,1610612758.0,Sacramento,Kings,SAC,0,0,,,,,
0021500150,21,2,1,1,9:16 PM,9:02,,,MISS Lowry 25' 3PT Jump Shot,,,5.0,200768,Kyle Lowry,1610612761.0,Toronto,Raptors,TOR,0,0,,,,,,0,0,,,,,
0021500150,22,4,0,1,9:16 PM,9:01,Cauley-Stein REBOUND (Off:0 Def:1),,,,,4.0,1626161,Willie Cauley-Stein,1610612758.0,Sacramento,Kings,SAC,0,0,,,,,,0,0,,,,,
0021500150,23,6,1,1,9:16 PM,8:58,,,Lowry P.FOUL (P1.T1) (M.Ervin),,,5.0,200768,Kyle Lowry,1610612761.0,Toronto,Raptors,TOR,4,202326,DeMarcus Cousins,1610612758.0,Sacramento,Kings,SAC,1,0,,,,,
0021500150,24,1,1,1,9:17 PM,8:41,Gay 17' Jump Shot (4 PTS),,,7 - 6,-1,4.0,200752,Rudy Gay,1610612758.0,Sacramento,Kings,SAC,0,0,,,,,,0,0,,,,,
0021500150,25,1,1,1,9:17 PM,8:23,,,DeRozan 14' Jump Shot (3 PTS),9 - 6,-3,5.0,201942,DeMar DeRozan,1610612761.0,Toronto,Raptors,TOR,0,0,,,,,,0,0,,,,,
0021500150,26,1,41,1,9:17 PM,8:16,Rondo 2' Running Layup (2 PTS),,,9 - 8,-1,4.0,200765,Rajon Rondo,1610612758.0,Sacramento,Kings,SAC,0,0,,,,,,0,0,,,,,
0021500150,27,5,1,1,9:18 PM,8:00,McLemore STEAL (1 STL),,Carroll Bad Pass Turnover (P1.T2),,,5.0,201960,DeMarre Carroll,1610612761.0,Toronto,Raptors,TOR,4,203463,Ben McLemore,1610612758.0,Sacramento,Kings,SAC,0,0,,,,,
0021500150,29,1,42,1,9:18 PM,7:41,Cousins 4' Driving Layup (4 PTS),,,9 - 10,1,4.0,202326,DeMarcus Cousins,1610612758.0,Sacramento,Kings,SAC,0,0,,,,,,0,0,,,,,
0021500150,30,6,2,1,9:19 PM,7:23,McLemore S.FOUL (P1.T2) (M.McCutchen),,,,,4.0,203463,Ben McLemore,1610612758.0,Sacramento,Kings,SAC,5,201960,DeMarre Carroll,1610612761.0,Toronto,Raptors,TOR,1,0,,,,,
0021500150,31,3,11,1,9:19 PM,7:23,,,MISS Carroll Free Throw 1 of 2,,,5.0,201960,DeMarre Carroll,1610612761.0,Toronto,Raptors,TOR,0,0,,,,,,0,0,,,,,
0021500150,32,4,1,1,9:19 PM,7:23,,,Raptors Rebound,,,3.0,1610612761,,,,,,0,0,,,,,,0,0,,,,,
0021500150,33,3,12,1,9:19 PM,7:23,,,Carroll Free Throw 2 of 2 (1 PTS),10 - 10,TIE,5.0,201960,DeMarre Carroll,1610612761.0,Toronto,Raptors,TOR,0,0,,,,,,0,0,,,,,
0021500150,35,6,1,1,9:19 PM,7:12,,,Scola P.FOUL (P1.T2) (M.McCutchen),,,5.0,2449,Luis Scola,1610612761.0,Toronto,Raptors,TOR,4,202326,DeMarcus Cousins,1610612758.0,Sacramento,Kings,SAC,1,0,,,,,
0021500150,36,5,1,1,9:20 PM,7:02,Cousins Bad Pass Turnover (P1.T1),,DeRozan STEAL (1 STL),,,4.0,202326,DeMarcus Cousins,1610612758.0,Sacramento,Kings,SAC,5,201942,DeMar DeRozan,1610612761.0,Toronto,Raptors,TOR,0,0,,,,,
0021500150,37,1,5,1,9:20 PM,6:56,,,Carroll 2' Layup (3 PTS) (Lowry 1 AST),12 - 10,-2,5.0,201960,DeMarre Carroll,1610612761.0,Toronto,Raptors,TOR,5,200768,Kyle Lowry,1610612761.0,Toronto,Raptors,TOR,0,0,,,,,
0021500150,38,5,2,1,9:20 PM,6:44,Gay Lost Ball Turnover (P1.T2),,Scola STEAL (1 STL),,,4.0,200752,Rudy Gay,1610612758.0,Sacramento,Kings,SAC,5,2449,Luis Scola,1610612761.0,Toronto,Raptors,TOR,0,0,,,,,
0021500150,39,2,41,1,9:20 PM,6:39,Cousins BLOCK (1 BLK),,MISS Lowry 3' Running Layup,,,5.0,200768,Kyle Lowry,1610612761.0,Toronto,Raptors,TOR,0,0,,,,,,4,202326,DeMarcus Cousins,1610612758.0,Sacramento,Kings,SAC
0021500150,40,4,0,1,9:20 PM,6:39,,,Raptors Rebound,,,3.0,1610612761,,,,,,0,0,,,,,,0,0,,,,,
0021500150,41,2,55,1,9:21 PM,6:27,,,MISS Valanciunas 5' Hook Shot,,,5.0,202685,Jonas Valanciunas,1610612761.0,Toronto,Raptors,TOR,0,0,,,,,,0,0,,,,,
0021500150,42,4,0,1,9:21 PM,6:24,Cauley-Stein REBOUND (Off:0 Def:2),,,,,4.0,1626161,Willie Cauley-Stein,1610612758.0,Sacramento,Kings,SAC,0,0,,,,,,0,0,,,,,
0021500150,43,2,5,1,9:21 PM,6:19,MISS Rondo 2' Layup,,,,,4.0,200765,Rajon Rondo,1610612758.0,Sacramento,Kings,SAC,0,0,,,,,,0,0,,,,,
0021500150,44,4,0,1,9:21 PM,6:18,Cauley-Stein REBOUND (Off:1 Def:2),,,,,4.0,1626161,Willie Cauley-Stein,1610612758.0,Sacramento,Kings,SAC,0,0,,,,,,0,0,,,,,
0021500150,45,5,2,1,9:21 PM,6:16,Cauley-Stein Lost Ball Turnover (P1.T3),,DeRozan STEAL (2 STL),,,4.0,1626161,Willie Cauley-Stein,1610612758.0,Sacramento,Kings,SAC,5,201942,DeMar DeRozan,1610612761.0,Toronto,Raptors,TOR,0,0,,,,,
0021500150,46,2,1,1,9:21 PM,6:10,,,MISS Scola 11' Jump Shot,,,5.0,2449,Luis Scola,1610612761.0,Toronto,Raptors,TOR,0,0,,,,,,0,0,,,,,
0021500150,47,4,0,1,9:21 PM,6:10,,,Scola REBOUND (Off:1 Def:1),,,5.0,2449,Luis Scola,1610612761.0,Toronto,Raptors,TOR,0,0,,,,,,0,0,,,,,
0021500150,48,2,5,1,9:21 PM,6:10,Cauley-Stein BLOCK (1 BLK),,MISS Scola 3' Layup,,,5.0,2449,Luis Scola,1610612761.0,Toronto,Raptors,TOR,0,0,,,,,,4,1626161,Willie Cauley-Stein,1610612758.0,Sacramento,Kings,SAC
0021500150,49,4,0,1,9:21 PM,6:10,,,Scola REBOUND (Off:2 Def:1),,,5.0,2449,Luis Scola,1610612761.0,Toronto,Raptors,TOR,0,0,,,,,,0,0,,,,,
0021500150,51,10,0,1,9:22 PM,6:08,Jump Ball Cauley-Stein vs. Scola: Tip to Lowry,,,,,4.0,1626161,Willie Cauley-Stein,1610612758.0,Sacramento,Kings,SAC,5,2449,Luis Scola,1610612761.0,Toronto,Raptors,TOR,5,200768,Kyle Lowry,1610612761.0,Toronto,Raptors,TOR
0021500150,53,2,1,1,9:22 PM,6:00,,,MISS Valanciunas 15' Jump Shot,,,5.0,202685,Jonas Valanciunas,1610612761.0,Toronto,Raptors,TOR,0,0,,,,,,0,0,,,,,
0021500150,55,4,0,1,9:22 PM,5:59,,,Valanciunas REBOUND (Off:1 Def:0),,,5.0,202685,Jonas Valanciunas,1610612761.0,Toronto,Raptors,TOR,0,0,,,,,,0,0,,,,,
0021500150,54,2,87,1,9:22 PM,5:59,,,MISS Valanciunas 1' Putback Dunk,,,5.0,202685,Jonas Valanciunas,1610612761.0,Toronto,Raptors,TOR,0,0,,,,,,0,0,,,,,
0021500150,56,4,0,1,9:22 PM,5:58,Cousins REBOUND (Off:0 Def:1),,,,,4.0,202326,DeMarcus Cousins,1610612758.0,Sacramento,Kings,SAC,0,0,,,,,,0,0,,,,,
0021500150,57,1,1,1,9:22 PM,5:50,Cousins 25' 3PT Jump Shot (7 PTS) (Rondo 1 AST),,,12 - 13,1,4.0,202326,DeMarcus Cousins,1610612758.0,Sacramento,Kings,SAC,4,200765,Rajon Rondo,1610612758.0,Sacramento,Kings,SAC,0,0,,,,,
0021500150,60,9,1,1,9:22 PM,5:31,KINGS Timeout: Regular (Full 1 Short 0),,,,,2.0,1610612758,,,,,,0,0,,,,,,0,0,,,,,
0021500150,64,2,1,1,9:25 PM,5:22,,,MISS Lowry 23' Jump Shot,,,5.0,200768,Kyle Lowry,1610612761.0,Toronto,Raptors,TOR,0,0,,,,,,0,0,,,,,
0021500150,65,4,0,1,9:25 PM,5:22,Cousins REBOUND (Off:0 Def:2),,,,,4.0,202326,DeMarcus Cousins,1610612758.0,Sacramento,Kings,SAC,0,0,,,,,,0,0,,,,,
0021500150,66,2,1,1,9:25 PM,5:05,MISS Cousins 9' Jump Shot,,,,,4.0,202326,DeMarcus Cousins,1610612758.0,Sacramento,Kings,SAC,0,0,,,,,,0,0,,,,,
0021500150,67,4,0,1,9:25 PM,5:04,,,Carroll REBOUND (Off:0 Def:1),,,5.0,201960,DeMarre Carroll,1610612761.0,Toronto,Raptors,TOR,0,0,,,,,,0,0,,,,,
0021500150,68,2,1,1,9:26 PM,4:47,,,MISS DeRozan 10' Jump Shot,,,5.0,201942,DeMar DeRozan,1610612761.0,Toronto,Raptors,TOR,0,0,,,,,,0,0,,,,,
0021500150,69,4,0,1,9:26 PM,4:47,Cousins REBOUND (Off:0 Def:3),,,,,4.0,202326,DeMarcus Cousins,1610612758.0,Sacramento,Kings,SAC,0,0,,,,,,0,0,,,,,
0021500150,70,5,1,1,9:26 PM,4:40,Cousins Bad Pass Turnover (P2.T4),,DeRozan STEAL (3 STL),,,4.0,202326,DeMarcus Cousins,1610612758.0,Sacramento,Kings,SAC,5,201942,DeMar DeRozan,1610612761.0,Toronto,Raptors,TOR,0,0,,,,,
0021500150,71,2,1,1,9:26 PM,4:33,,,MISS Carroll 25' 3PT Jump Shot,,,5.0,201960,DeMarre Carroll,1610612761.0,Toronto,Raptors,TOR,0,0,,,,,,0,0,,,,,
0021500150,72,4,0,1,9:26 PM,4:32,Cauley-Stein REBOUND (Off:1 Def:3),,,,,4.0,1626161,Willie Cauley-Stein,1610612758.0,Sacramento,Kings,SAC,0,0,,,,,,0,0,,,,,
0021500150,73,2,5,1,9:26 PM,4:17,MISS Cousins 2' Layup,,,,,4.0,202326,DeMarcus Cousins,1610612758.0,Sacramento,Kings,SAC,0,0,,,,,,0,0,,,,,
0021500150,74,4,0,1,9:26 PM,4:16,Cousins REBOUND (Off:1 Def:3),,,,,4.0,202326,DeMarcus Cousins,1610612758.0,Sacramento,Kings,SAC,0,0,,,,,,0,0,,,,,
0021500150,75,1,63,1,9:26 PM,4:15,Cousins 7' Fadeaway Jumper (9 PTS),,,12 - 15,3,4.0,202326,DeMarcus Cousins,1610612758.0,Sacramento,Kings,SAC,0,0,,,,,,0,0,,,,,
0021500150,76,2,1,1,9:26 PM,3:56,,,MISS Valanciunas 7' Jump Shot,,,5.0,202685,Jonas Valanciunas,1610612761.0,Toronto,Raptors,TOR,0,0,,,,,,0,0,,,,,
0021500150,77,4,0,1,9:26 PM,3:56,Gay REBOUND (Off:0 Def:1),,,,,4.0,200752,Rudy Gay,1610612758.0,Sacramento,Kings,SAC,0,0,,,,,,0,0,,,,,
0021500150,78,2,1,1,9:27 PM,3:48,MISS Gay 24' 3PT Jump Shot,,,,,4.0,200752,Rudy Gay,1610612758.0,Sacramento,Kings,SAC,0,0,,,,,,0,0,,,,,
0021500150,79,4,0,1,9:27 PM,3:47,,,DeRozan REBOUND (Off:0 Def:2),,,5.0,201942,DeMar DeRozan,1610612761.0,Toronto,Raptors,TOR,0,0,,,,,,0,0,,,,,
0021500150,80,6,1,1,9:27 PM,3:39,Cousins P.FOUL (P1.T3) (M.McCutchen),,,,,4.0,202326,DeMarcus Cousins,1610612758.0,Sacramento,Kings,SAC,5,2449,Luis Scola,1610612761.0,Toronto,Raptors,TOR,1,0,,,,,
0021500150,81,8,0,1,9:27 PM,3:39,SUB: Belinelli FOR Gay,,,,,4.0,200752,Rudy Gay,1610612758.0,Sacramento,Kings,SAC,4,201158,Marco Belinelli,1610612758.0,Sacramento,Kings,SAC,0,0,,,,,
0021500150,82,8,0,1,9:27 PM,3:39,SUB: Casspi FOR Cauley-Stein,,,,,4.0,1626161,Willie Cauley-Stein,1610612758.0,Sacramento,Kings,SAC,4,201956,Omri Casspi,1610612758.0,Sacramento,Kings,SAC,0,0,,,,,
0021500150,83,8,0,1,9:27 PM,3:39,SUB: Koufos FOR McLemore,,,,,4.0,203463,Ben McLemore,1610612758.0,Sacramento,Kings,SAC,4,201585,Kosta Koufos,1610612758.0,Sacramento,Kings,SAC,0,0,,,,,
0021500150,84,8,0,1,9:27 PM,3:39,,,SUB: Biyombo FOR Scola,,,5.0,2449,Luis Scola,1610612761.0,Toronto,Raptors,TOR,5,202687,Bismack Biyombo,1610612761.0,Toronto,Raptors,TOR,0,0,,,,,
0021500150,85,8,0,1,9:27 PM,3:39,,,SUB: Patterson FOR Valanciunas,,,5.0,202685,Jonas Valanciunas,1610612761.0,Toronto,Raptors,TOR,5,202335,Patrick Patterson,1610612761.0,Toronto,Raptors,TOR,0,0,,,,,
0021500150,86,2,1,1,9:27 PM,3:33,Cousins BLOCK (2 BLK),,MISS DeRozan 7' Jump Shot,,,5.0,201942,DeMar DeRozan,1610612761.0,Toronto,Raptors,TOR,0,0,,,,,,4,202326,DeMarcus Cousins,1610612758.0,Sacramento,Kings,SAC
0021500150,87,4,0,1,9:27 PM,3:31,Cousins REBOUND (Off:1 Def:4),,,,,4.0,202326,DeMarcus Cousins,1610612758.0,Sacramento,Kings,SAC,0,0,,,,,,0,0,,,,,
0021500150,88,6,4,1,9:28 PM,3:29,Rondo OFF.Foul (P1) (M.Ervin),,,,,4.0,200765,Rajon Rondo,1610612758.0,Sacramento,Kings,SAC,5,200768,Kyle Lowry,1610612761.0,Toronto,Raptors,TOR,1,0,,,,,
0021500150,89,5,5,1,9:28 PM,3:29,Rondo Foul Turnover (P1.T5),,,,,4.0,200765,Rajon Rondo,1610612758.0,Sacramento,Kings,SAC,0,0,,,,,,1,0,,,,,
0021500150,90,5,45,1,9:28 PM,3:18,,,Lowry Out of Bounds - Bad Pass Turnover Turnover (P2.T3),,,5.0,200768,Kyle Lowry,1610612761.0,Toronto,Raptors,TOR,0,0,,,,,,0,0,,,,,
0021500150,91,5,2,1,9:28 PM,3:03,Rondo Lost Ball Turnover (P2.T6),,Lowry STEAL (1 STL),,,4.0,200765,Rajon Rondo,1610612758.0,Sacramento,Kings,SAC,5,200768,Kyle Lowry,1610612761.0,Toronto,Raptors,TOR,0,0,,,,,
0021500150,93,6,2,1,9:28 PM,2:59,Belinelli S.FOUL (P1.T4) (M.Ervin),,,,,4.0,201158,Marco Belinelli,1610612758.0,Sacramento,Kings,SAC,5,201942,DeMar DeRozan,1610612761.0,Toronto,Raptors,TOR,1,0,,,,,
0021500150,94,9,1,1,9:29 PM,2:59,,,Raptors Timeout: Regular (Reg.1 Short 0),,,3.0,1610612761,,,,,,0,0,,,,,,0,0,,,,,
0021500150,98,3,11,1,9:31 PM,2:59,,,DeRozan Free Throw 1 of 2 (4 PTS),13 - 15,2,5.0,201942,DeMar DeRozan,1610612761.0,Toronto,Raptors,TOR,0,0,,,,,,0,0,,,,,
0021500150,100,3,12,1,9:31 PM,2:59,,,DeRozan Free Throw 2 of 2 (5 PTS),14 - 15,1,5.0,201942,DeMar DeRozan,1610612761.0,Toronto,Raptors,TOR,0,0,,,,,,0,0,,,,,
0021500150,102,2,1,1,9:32 PM,2:44,MISS Belinelli 23' Jump Shot,,,,,4.0,201158,Marco Belinelli,1610612758.0,Sacramento,Kings,SAC,0,0,,,,,,0,0,,,,,
0021500150,103,4,0,1,9:32 PM,2:44,,,DeRozan REBOUND (Off:0 Def:3),,,5.0,201942,DeMar DeRozan,1610612761.0,Toronto,Raptors,TOR,0,0,,,,,,0,0,,,,,
0021500150,104,2,46,1,9:32 PM,2:20,,,MISS Lowry 9' Running Jump Shot,,,5.0,200768,Kyle Lowry,1610612761.0,Toronto,Raptors,TOR,0,0,,,,,,0,0,,,,,
0021500150,105,4,0,1,9:32 PM,2:19,Belinelli REBOUND (Off:0 Def:1),,,,,4.0,201158,Marco Belinelli,1610612758.0,Sacramento,Kings,SAC,0,0,,,,,,0,0,,,,,
0021500150,106,1,1,1,9:32 PM,2:08,Cousins 25' 3PT Jump Shot (12 PTS) (Rondo 2 AST),,,14 - 18,4,4.0,202326,DeMarcus Cousins,1610612758.0,Sacramento,Kings,SAC,4,200765,Rajon Rondo,1610612758.0,Sacramento,Kings,SAC,0,0,,,,,
0021500150,107,1,78,1,9:33 PM,1:47,,,DeRozan 9' Floating Jump Shot (7 PTS),16 - 18,2,5.0,201942,DeMar DeRozan,1610612761.0,Toronto,Raptors,TOR,0,0,,,,,,0,0,,,,,
0021500150,108,6,2,1,9:33 PM,1:47,Koufos S.FOUL (P1.PN) (M.McCutchen),,,,,4.0,201585,Kosta Koufos,1610612758.0,Sacramento,Kings,SAC,5,201942,DeMar DeRozan,1610612761.0,Toronto,Raptors,TOR,1,0,,,,,
0021500150,109,3,10,1,9:33 PM,1:47,,,DeRozan Free Throw 1 of 1 (8 PTS),17 - 18,1,5.0,201942,DeMar DeRozan,1610612761.0,Toronto,Raptors,TOR,0,0,,,,,,0,0,,,,,
0021500150,111,5,1,1,9:33 PM,1:31,Rondo Bad Pass Turnover (P3.T7),,Carroll STEAL (1 STL),,,4.0,200765,Rajon Rondo,1610612758.0,Sacramento,Kings,SAC,5,201960,DeMarre Carroll,1610612761.0,Toronto,Raptors,TOR,0,0,,,,,
0021500150,112,2,1,1,9:34 PM,1:22,,,MISS Carroll 25' 3PT Jump Shot,,,5.0,201960,DeMarre Carroll,1610612761.0,Toronto,Raptors,TOR,0,0,,,,,,0,0,,,,,
0021500150,113,4,0,1,9:34 PM,1:21,,,Biyombo REBOUND (Off:1 Def:0),,,5.0,202687,Bismack Biyombo,1610612761.0,Toronto,Raptors,TOR,0,0,,,,,,0,0,,,,,
0021500150,114,2,1,1,9:34 PM,1:15,,,MISS Lowry 25' 3PT Jump Shot,,,5.0,200768,Kyle Lowry,1610612761.0,Toronto,Raptors,TOR,0,0,,,,,,0,0,,,,,
0021500150,115,4,0,1,9:34 PM,1:15,Cousins REBOUND (Off:1 Def:5),,,,,4.0,202326,DeMarcus Cousins,1610612758.0,Sacramento,Kings,SAC,0,0,,,,,,0,0,,,,,
0021500150,116,6,2,1,9:34 PM,1:12,,,Lowry S.FOUL (P2.T3) (M.Ervin),,,5.0,200768,Kyle Lowry,1610612761.0,Toronto,Raptors,TOR,4,202326,DeMarcus Cousins,1610612758.0,Sacramento,Kings,SAC,1,0,,,,,
0021500150,117,3,13,1,9:34 PM,1:12,MISS Cousins Free Throw 1 of 3,,,,,4.0,202326,DeMarcus Cousins,1610612758.0,Sacramento,Kings,SAC,0,0,,,,,,0,0,,,,,
0021500150,118,4,1,1,9:34 PM,1:12,KINGS Rebound,,,,,2.0,1610612758,,,,,,0,0,,,,,,0,0,,,,,
0021500150,119,3,14,1,9:34 PM,1:12,Cousins Free Throw 2 of 3 (13 PTS),,,17 - 19,2,4.0,202326,DeMarcus Cousins,1610612758.0,Sacramento,Kings,SAC,0,0,,,,,,0,0,,,,,
0021500150,121,8,0,1,9:34 PM,1:12,,,SUB: Joseph FOR Lowry,,,5.0,200768,Kyle Lowry,1610612761.0,Toronto,Raptors,TOR,5,202709,Cory Joseph,1610612761.0,Toronto,Raptors,TOR,0,0,,,,,
0021500150,122,3,15,1,9:35 PM,1:12,Cousins Free Throw 3 of 3 (14 PTS),,,17 - 20,3,4.0,202326,DeMarcus Cousins,1610612758.0,Sacramento,Kings,SAC,0,0,,,,,,0,0,,,,,
0021500150,124,5,1,1,9:35 PM,0:57,Casspi STEAL (1 STL),,DeRozan Bad Pass Turnover (P1.T4),,,5.0,201942,DeMar DeRozan,1610612761.0,Toronto,Raptors,TOR,4,201956,Omri Casspi,1610612758.0,Sacramento,Kings,SAC,0,0,,,,,
0021500150,125,1,41,1,9:35 PM,0:54,Casspi 2' Running Layup (2 PTS) (Rondo 3 AST),,,17 - 22,5,4.0,201956,Omri Casspi,1610612758.0,Sacramento,Kings,SAC,4,200765,Rajon Rondo,1610612758.0,Sacramento,Kings,SAC,0,0,,,,,
0021500150,126,1,1,1,9:35 PM,0:38,,,Patterson 25' 3PT Jump Shot (3 PTS) (DeRozan 2 AST),20 - 22,2,5.0,202335,Patrick Patterson,1610612761.0,Toronto,Raptors,TOR,5,201942,DeMar DeRozan,1610612761.0,Toronto,Raptors,TOR,0,0,,,,,
0021500150,127,5,45,1,9:35 PM,0:34,Rondo Out of Bounds - Bad Pass Turnover Turnover (P4.T8),,,,,4.0,200765,Rajon Rondo,1610612758.0,Sacramento,Kings,SAC,0,0,,,,,,0,0,,,,,
0021500150,128,8,0,1,9:35 PM,0:34,SUB: Curry FOR Rondo,,,,,4.0,200765,Rajon Rondo,1610612758.0,Sacramento,Kings,SAC,4,203552,Seth Curry,1610612758.0,Sacramento,Kings,SAC,0,0,,,,,
0021500150,129,1,1,1,9:36 PM,0:27,,,Patterson 25' 3PT Jump Shot (6 PTS) (Joseph 1 AST),23 - 22,-1,5.0,202335,Patrick Patterson,1610612761.0,Toronto,Raptors,TOR,5,202709,Cory Joseph,1610612761.0,Toronto,Raptors,TOR,0,0,,,,,
0021500150,130,2,1,1,9:36 PM,0:05,MISS Cousins 26' 3PT Jump Shot,,,,,4.0,202326,DeMarcus Cousins,1610612758.0,Sacramento,Kings,SAC,0,0,,,,,,0,0,,,,,
0021500150,131,4,0,1,9:36 PM,0:04,,,Patterson REBOUND (Off:0 Def:1),,,5.0,202335,Patrick Patterson,1610612761.0,Toronto,Raptors,TOR,0,0,,,,,,0,0,,,,,
0021500150,132,2,1,1,9:36 PM,0:00,,,MISS DeRozan 38' 3PT Jump Shot,,,5.0,201942,DeMar DeRozan,1610612761.0,Toronto,Raptors,TOR,0,0,,,,,,0,0,,,,,
0021500150,134,4,0,1,9:36 PM,0:00,,,Raptors Rebound,,,3.0,1610612761,,,,,,0,0,,,,,,0,0,,,,,
0021500150,133,13,0,1,9:36 PM,0:00,,,,23 - 22,-1,0.0,0,,,,,,0,0,,,,,,0,0,,,,,
0021500150,136,12,0,2,9:39 PM,12:00,,,,23 - 22,-1,0.0,0,,,,,,0,0,,,,,,0,0,,,,,
0021500150,137,2,1,2,9:39 PM,11:47,MISS Belinelli 25' 3PT Jump Shot,,,,,4.0,201158,Marco Belinelli,1610612758.0,Sacramento,Kings,SAC,0,0,,,,,,0,0,,,,,
0021500150,138,4,0,2,9:39 PM,11:46,,,Biyombo REBOUND (Off:1 Def:1),,,5.0,202687,Bismack Biyombo,1610612761.0,Toronto,Raptors,TOR,0,0,,,,,,0,0,,,,,
0021500150,139,1,1,2,9:40 PM,11:34,,,Joseph 21' Jump Shot (2 PTS),25 - 22,-3,5.0,202709,Cory Joseph,1610612761.0,Toronto,Raptors,TOR,0,0,,,,,,0,0,,,,,
0021500150,140,6,2,2,9:40 PM,11:22,,,Biyombo S.FOUL (P1.T1) (J.Williams),,,5.0,202687,Bismack Biyombo,1610612761.0,Toronto,Raptors,TOR,4,201585,Kosta Koufos,1610612758.0,Sacramento,Kings,SAC,1,0,,,,,
0021500150,141,3,11,2,9:40 PM,11:22,Koufos Free Throw 1 of 2 (1 PTS),,,25 - 23,-2,4.0,201585,Kosta Koufos,1610612758.0,Sacramento,Kings,SAC,0,0,,,,,,0,0,,,,,
0021500150,143,3,12,2,9:41 PM,11:22,MISS Koufos Free Throw 2 of 2,,,,,4.0,201585,Kosta Koufos,1610612758.0,Sacramento,Kings,SAC,0,0,,,,,,0,0,,,,,
0021500150,145,4,0,2,9:41 PM,11:20,,,Patterson REBOUND (Off:0 Def:2),,,5.0,202335,Patrick Patterson,1610612761.0,Toronto,Raptors,TOR,0,0,,,,,,0,0,,,,,
0021500150,146,6,2,2,9:41 PM,11:04,Acy S.FOUL (P1.T1) (M.Ervin),,,,,4.0,203112,Quincy Acy,1610612758.0,Sacramento,Kings,SAC,5,202687,Bismack Biyombo,1610612761.0,Toronto,Raptors,TOR,1,0,,,,,
0021500150,147,3,11,2,9:41 PM,11:04,,,Biyombo Free Throw 1 of 2 (1 PTS),26 - 23,-3,5.0,202687,Bismack Biyombo,1610612761.0,Toronto,Raptors,TOR,0,0,,,,,,0,0,,,,,
0021500150,149,3,12,2,9:42 PM,11:04,,,Biyombo Free Throw 2 of 2 (2 PTS),27 - 23,-4,5.0,202687,Bismack Biyombo,1610612761.0,Toronto,Raptors,TOR,0,0,,,,,,0,0,,,,,
0021500150,151,2,1,2,9:42 PM,10:40,MISS Belinelli 21' Jump Shot,,,,,4.0,201158,Marco Belinelli,1610612758.0,Sacramento,Kings,SAC,0,0,,,,,,0,0,,,,,
0021500150,152,4,0,2,9:42 PM,10:39,Koufos REBOUND (Off:1 Def:0),,,,,4.0,201585,Kosta Koufos,1610612758.0,Sacramento,Kings,SAC,0,0,,,,,,0,0,,,,,
0021500150,153,2,1,2,9:42 PM,10:38,MISS Koufos 11' Jump Shot,,,,,4.0,201585,Kosta Koufos,1610612758.0,Sacramento,Kings,SAC,0,0,,,,,,0,0,,,,,
0021500150,154,4,0,2,9:42 PM,10:36,,,Biyombo REBOUND (Off:1 Def:2),,,5.0,202687,Bismack Biyombo,1610612761.0,Toronto,Raptors,TOR,0,0,,,,,,0,0,,,,,
0021500150,156,2,42,2,9:43 PM,10:20,,,MISS Johnson 4' Driving Layup,,,5.0,201949,James Johnson,1610612761.0,Toronto,Raptors,TOR,0,0,,,,,,0,0,,,,,
0021500150,157,4,0,2,9:43 PM,10:19,Acy REBOUND (Off:0 Def:1),,,,,4.0,203112,Quincy Acy,1610612758.0,Sacramento,Kings,SAC,0,0,,,,,,0,0,,,,,
0021500150,158,1,80,2,9:43 PM,10:13,Casspi 26' 3PT Step Back Jump Shot (5 PTS),,,27 - 26,-1,4.0,201956,Omri Casspi,1610612758.0,Sacramento,Kings,SAC,0,0,,,,,,0,0,,,,,
0021500150,159,5,4,2,9:43 PM,9:51,,,Powell Traveling Turnover (P1.T5),,,5.0,1626181,Norman Powell,1610612761.0,Toronto,Raptors,TOR,0,0,,,,,,1,0,,,,,
0021500150,160,8,0,2,9:44 PM,9:51,SUB: Gay FOR Acy,,,,,4.0,203112,Quincy Acy,1610612758.0,Sacramento,Kings,SAC,4,200752,Rudy Gay,1610612758.0,Sacramento,Kings,SAC,0,0,,,,,
0021500150,161,2,1,2,9:44 PM,9:34,MISS Casspi 25' 3PT Jump Shot,,,,,4.0,201956,Omri Casspi,1610612758.0,Sacramento,Kings,SAC,0,0,,,,,,0,0,,,,,
0021500150,162,4,0,2,9:44 PM,9:33,,,Johnson REBOUND (Off:0 Def:1),,,5.0,201949,James Johnson,1610612761.0,Toronto,Raptors,TOR,0,0,,,,,,0,0,,,,,
0021500150,164,5,40,2,9:44 PM,9:25,,,Powell Out of Bounds Lost Ball Turnover (P2.T6),,,5.0,1626181,Norman Powell,1610612761.0,Toronto,Raptors,TOR,0,0,,,,,,0,0,,,,,
0021500150,165,2,1,2,9:44 PM,9:16,MISS Gay 27' 3PT Jump Shot,,,,,4.0,200752,Rudy Gay,1610612758.0,Sacramento,Kings,SAC,0,0,,,,,,0,0,,,,,
0021500150,166,4,0,2,9:44 PM,9:16,,,Joseph REBOUND (Off:0 Def:1),,,5.0,202709,Cory Joseph,1610612761.0,Toronto,Raptors,TOR,0,0,,,,,,0,0,,,,,
0021500150,167,2,1,2,9:45 PM,9:06,,,MISS Joseph 18' Jump Shot,,,5.0,202709,Cory Joseph,1610612761.0,Toronto,Raptors,TOR,0,0,,,,,,0,0,,,,,
0021500150,168,4,0,2,9:45 PM,9:05,,,Raptors Rebound,,,3.0,1610612761,,,,,,0,0,,,,,,0,0,,,,,
0021500150,169,6,3,2,9:45 PM,9:05,Koufos L.B.FOUL (P2.T2) (M.Ervin),,,,,4.0,201585,Kosta Koufos,1610612758.0,Sacramento,Kings,SAC,5,201949,James Johnson,1610612761.0,Toronto,Raptors,TOR,1,0,,,,,
0021500150,170,7,5,2,9:45 PM,8:58,Koufos Violation:Kicked Ball (M.McCutchen),,,,,4.0,201585,Kosta Koufos,1610612758.0,Sacramento,Kings,SAC,0,0,,,,,,1,0,,,,,
0021500150,171,9,4,2,9:45 PM,8:58,,,,,,1.0,0,,,,,,0,0,,,,,,0,0,,,,,
0021500150,175,1,7,2,9:48 PM,8:46,,,Biyombo  Dunk (4 PTS) (Johnson 1 AST),29 - 26,-3,5.0,202687,Bismack Biyombo,1610612761.0,Toronto,Raptors,TOR,5,201949,James Johnson,1610612761.0,Toronto,Raptors,TOR,0,0,,,,,
0021500150,176,1,1,2,9:48 PM,8:29,Curry 25' 3PT Jump Shot (3 PTS) (Gay 2 AST),,,29 - 29,TIE,4.0,203552,Seth Curry,1610612758.0,Sacramento,Kings,SAC,4,200752,Rudy Gay,1610612758.0,Sacramento,Kings,SAC,0,0,,,,,
0021500150,177,6,1,2,9:48 PM,8:15,Curry P.FOUL (P1.T3) (M.Ervin),,,,,4.0,203552,Seth Curry,1610612758.0,Sacramento,Kings,SAC,5,202709,Cory Joseph,1610612761.0,Toronto,Raptors,TOR,1,0,,,,,
0021500150,178,8,0,2,9:49 PM,8:15,SUB: Cousins FOR Koufos,,,,,4.0,201585,Kosta Koufos,1610612758.0,Sacramento,Kings,SAC,4,202326,DeMarcus Cousins,1610612758.0,Sacramento,Kings,SAC,0,0,,,,,
0021500150,179,2,79,2,9:49 PM,8:04,,,MISS Johnson 13' Pullup Jump Shot,,,5.0,201949,James Johnson,1610612761.0,Toronto,Raptors,TOR,0,0,,,,,,0,0,,,,,
0021500150,180,4,0,2,9:49 PM,8:04,Belinelli REBOUND (Off:0 Def:2),,,,,4.0,201158,Marco Belinelli,1610612758.0,Sacramento,Kings,SAC,0,0,,,,,,0,0,,,,,
0021500150,181,6,2,2,9:49 PM,7:51,,,Johnson S.FOUL (P1.T2) (M.Ervin),,,5.0,201949,James Johnson,1610612761.0,Toronto,Raptors,TOR,4,200752,Rudy Gay,1610612758.0,Sacramento,Kings,SAC,1,0,,,,,
0021500150,182,3,11,2,9:49 PM,7:51,Gay Free Throw 1 of 2 (5 PTS),,,29 - 30,1,4.0,200752,Rudy Gay,1610612758.0,Sacramento,Kings,SAC,0,0,,,,,,0,0,,,,,
0021500150,184,8,0,2,9:50 PM,7:51,,,SUB: Lowry FOR Powell,,,5.0,1626181,Norman Powell,1610612761.0,Toronto,Raptors,TOR,5,200768,Kyle Lowry,1610612761.0,Toronto,Raptors,TOR,0,0,,,,,
0021500150,185,8,0,2,9:50 PM,7:51,SUB: Rondo FOR Curry,,,,,4.0,203552,Seth Curry,1610612758.0,Sacramento,Kings,SAC,4,200765,Rajon Rondo,1610612758.0,Sacramento,Kings,SAC,0,0,,,,,
0021500150,186,3,12,2,9:50 PM,7:51,Gay Free Throw 2 of 2 (6 PTS),,,29 - 31,2,4.0,200752,Rudy Gay,1610612758.0,Sacramento,Kings,SAC,0,0,,,,,,0,0,,,,,
0021500150,188,2,71,2,9:50 PM,7:31,,,MISS Joseph 5' Finger Roll Layup,,,5.0,202709,Cory Joseph,1610612761.0,Toronto,Raptors,TOR,0,0,,,,,,0,0,,,,,
0021500150,189,4,0,2,9:50 PM,7:31,,,Raptors Rebound,,,3.0,1610612761,,,,,,0,0,,,,,,0,0,,,,,
0021500150,190,6,3,2,9:51 PM,7:31,Belinelli L.B.FOUL (P2.T4) (M.Ervin),,,,,4.0,201158,Marco Belinelli,1610612758.0,Sacramento,Kings,SAC,5,202687,Bismack Biyombo,1610612761.0,Toronto,Raptors,TOR,1,0,,,,,
0021500150,191,2,1,2,9:51 PM,7:15,,,MISS Lowry 4' Jump Shot,,,5.0,200768,Kyle Lowry,1610612761.0,Toronto,Raptors,TOR,0,0,,,,,,0,0,,,,,
0021500150,192,4,0,2,9:51 PM,7:14,Rondo REBOUND (Off:0 Def:1),,,,,4.0,200765,Rajon Rondo,1610612758.0,Sacramento,Kings,SAC,0,0,,,,,,0,0,,,,,
0021500150,193,2,42,2,9:51 PM,7:08,MISS Rondo 2' Driving Layup,,,,,4.0,200765,Rajon Rondo,1610612758.0,Sacramento,Kings,SAC,0,0,,,,,,0,0,,,,,
0021500150,194,4,0,2,9:51 PM,7:07,Casspi REBOUND (Off:1 Def:0),,,,,4.0,201956,Omri Casspi,1610612758.0,Sacramento,Kings,SAC,0,0,,,,,,0,0,,,,,
0021500150,195,1,3,2,9:51 PM,7:06,Casspi 5' Hook Shot (7 PTS),,,29 - 33,4,4.0,201956,Omri Casspi,1610612758.0,Sacramento,Kings,SAC,0,0,,,,,,0,0,,,,,
0021500150,196,6,2,2,9:52 PM,6:47,Cousins S.FOUL (P2.PN) (M.Ervin),,,,,4.0,202326,DeMarcus Cousins,1610612758.0,Sacramento,Kings,SAC,5,201949,James Johnson,1610612761.0,Toronto,Raptors,TOR,1,0,,,,,
0021500150,197,3,11,2,9:52 PM,6:47,,,MISS Johnson Free Throw 1 of 2,,,5.0,201949,James Johnson,1610612761.0,Toronto,Raptors,TOR,0,0,,,,,,0,0,,,,,
0021500150,198,4,1,2,9:52 PM,6:47,,,Raptors Rebound,,,3.0,1610612761,,,,,,0,0,,,,,,0,0,,,,,
0021500150,199,8,0,2,9:52 PM,6:47,,,SUB: DeRozan FOR Biyombo,,,5.0,202687,Bismack Biyombo,1610612761.0,Toronto,Raptors,TOR,5,201942,DeMar DeRozan,1610612761.0,Toronto,Raptors,TOR,0,0,,,,,
0021500150,200,8,0,2,9:52 PM,6:47,,,SUB: Valanciunas FOR Patterson,,,5.0,202335,Patrick Patterson,1610612761.0,Toronto,Raptors,TOR,5,202685,Jonas Valanciunas,1610612761.0,Toronto,Raptors,TOR,0,0,,,,,
0021500150,201,3,12,2,9:52 PM,6:47,,,Johnson Free Throw 2 of 2 (1 PTS),30 - 33,3,5.0,201949,James Johnson,1610612761.0,Toronto,Raptors,TOR,0,0,,,,,,0,0,,,,,
0021500150,203,2,1,2,9:53 PM,6:34,MISS Belinelli 23' Jump Shot,,,,,4.0,201158,Marco Belinelli,1610612758.0,Sacramento,Kings,SAC,0,0,,,,,,0,0,,,,,
0021500150,204,4,0,2,9:53 PM,6:32,Rondo REBOUND (Off:1 Def:1),,,,,4.0,200765,Rajon Rondo,1610612758.0,Sacramento,Kings,SAC,0,0,,,,,,0,0,,,,,
0021500150,205,2,1,2,9:53 PM,6:26,MISS Cousins 4' Jump Shot,,,,,4.0,202326,DeMarcus Cousins,1610612758.0,Sacramento,Kings,SAC,0,0,,,,,,0,0,,,,,
0021500150,206,4,0,2,9:53 PM,6:24,,,Johnson REBOUND (Off:0 Def:2),,,5.0,201949,James Johnson,1610612761.0,Toronto,Raptors,TOR,0,0,,,,,,0,0,,,,,
0021500150,207,6,1,2,9:53 PM,6:23,Casspi P.FOUL (P1.PN) (M.McCutchen),,,,,4.0,201956,Omri Casspi,1610612758.0,Sacramento,Kings,SAC,5,201942,DeMar DeRozan,1610612761.0,Toronto,Raptors,TOR,1,0,,,,,
0021500150,208,3,11,2,9:53 PM,6:23,,,DeRozan Free Throw 1 of 2 (9 PTS),31 - 33,2,5.0,201942,DeMar DeRozan,1610612761.0,Toronto,Raptors,TOR,0,0,,,,,,0,0,,,,,
0021500150,210,8,0,2,9:54 PM,6:23,,,SUB: Carroll FOR Johnson,,,5.0,201949,James Johnson,1610612761.0,Toronto,Raptors,TOR,5,201960,DeMarre Carroll,1610612761.0,Toronto,Raptors,TOR,0,0,,,,,
0021500150,211,3,12,2,9:54 PM,6:23,,,DeRozan Free Throw 2 of 2 (10 PTS),32 - 33,1,5.0,201942,DeMar DeRozan,1610612761.0,Toronto,Raptors,TOR,0,0,,,,,,0,0,,,,,
0021500150,213,6,1,2,9:54 PM,6:09,,,Valanciunas P.FOUL (P1.T3) (M.McCutchen),,,5.0,202685,Jonas Valanciunas,1610612761.0,Toronto,Raptors,TOR,4,202326,DeMarcus Cousins,1610612758.0,Sacramento,Kings,SAC,1,0,,,,,
0021500150,214,8,0,2,9:54 PM,6:09,SUB: McLemore FOR Belinelli,,,,,4.0,201158,Marco Belinelli,1610612758.0,Sacramento,Kings,SAC,4,203463,Ben McLemore,1610612758.0,Sacramento,Kings,SAC,0,0,,,,,
0021500150,215,2,1,2,9:55 PM,5:59,MISS Gay 16' Jump Shot,,,,,4.0,200752,Rudy Gay,1610612758.0,Sacramento,Kings,SAC,0,0,,,,,,0,0,,,,,
0021500150,216,4,0,2,9:55 PM,5:58,,,Valanciunas REBOUND (Off:1 Def:1),,,5.0,202685,Jonas Valanciunas,1610612761.0,Toronto,Raptors,TOR,0,0,,,,,,0,0,,,,,
0021500150,217,2,1,2,9:55 PM,5:52,,,MISS DeRozan 5' Jump Shot,,,5.0,201942,DeMar DeRozan,1610612761.0,Toronto,Raptors,TOR,0,0,,,,,,0,0,,,,,
0021500150,218,4,0,2,9:55 PM,5:51,Casspi REBOUND (Off:1 Def:1),,,,,4.0,201956,Omri Casspi,1610612758.0,Sacramento,Kings,SAC,0,0,,,,,,0,0,,,,,
0021500150,219,5,1,2,9:55 PM,5:44,Rondo Bad Pass Turnover (P5.T9),,DeRozan STEAL (4 STL),,,4.0,200765,Rajon Rondo,1610612758.0,Sacramento,Kings,SAC,5,201942,DeMar DeRozan,1610612761.0,Toronto,Raptors,TOR,0,0,,,,,
0021500150,220,1,1,2,9:55 PM,5:33,,,Joseph 25' 3PT Jump Shot (5 PTS) (DeRozan 3 AST),35 - 33,-2,5.0,202709,Cory Joseph,1610612761.0,Toronto,Raptors,TOR,5,201942,DeMar DeRozan,1610612761.0,Toronto,Raptors,TOR,0,0,,,,,
0021500150,221,1,42,2,9:55 PM,5:22,Cousins 2' Driving Layup (16 PTS),,,35 - 35,TIE,4.0,202326,DeMarcus Cousins,1610612758.0,Sacramento,Kings,SAC,0,0,,,,,,0,0,,,,,
0021500150,222,2,1,2,9:56 PM,5:06,,,MISS DeRozan  3PT Jump Shot,,,5.0,201942,DeMar DeRozan,1610612761.0,Toronto,Raptors,TOR,0,0,,,,,,0,0,,,,,
0021500150,223,4,0,2,9:56 PM,5:04,Casspi REBOUND (Off:1 Def:2),,,,,4.0,201956,Omri Casspi,1610612758.0,Sacramento,Kings,SAC,0,0,,,,,,0,0,,,,,
0021500150,224,5,2,2,9:56 PM,4:59,Casspi Lost Ball Turnover (P1.T10),,Lowry STEAL (2 STL),,,4.0,201956,Omri Casspi,1610612758.0,Sacramento,Kings,SAC,5,200768,Kyle Lowry,1610612761.0,Toronto,Raptors,TOR,0,0,,,,,
0021500150,225,2,1,2,9:56 PM,4:52,,,MISS Carroll 25' 3PT Jump Shot,,,5.0,201960,DeMarre Carroll,1610612761.0,Toronto,Raptors,TOR,0,0,,,,,,0,0,,,,,
0021500150,226,4,0,2,9:56 PM,4:51,Rondo REBOUND (Off:1 Def:2),,,,,4.0,200765,Rajon Rondo,1610612758.0,Sacramento,Kings,SAC,0,0,,,,,,0,0,,,,,
0021500150,227,2,1,2,9:56 PM,4:43,MISS Gay 5' Jump Shot,,,,,4.0,200752,Rudy Gay,1610612758.0,Sacramento,Kings,SAC,0,0,,,,,,0,0,,,,,
0021500150,228,4,0,2,9:56 PM,4:43,Gay REBOUND (Off:1 Def:1),,,,,4.0,200752,Rudy Gay,1610612758.0,Sacramento,Kings,SAC,0,0,,,,,,0,0,,,,,
0021500150,229,6,1,2,9:56 PM,4:40,,,Joseph P.FOUL (P1.T4) (M.Ervin),,,5.0,202709,Cory Joseph,1610612761.0,Toronto,Raptors,TOR,4,200752,Rudy Gay,1610612758.0,Sacramento,Kings,SAC,1,0,,,,,
0021500150,230,9,1,2,9:56 PM,4:40,KINGS Timeout: Regular (Full 2 Short 0),,,,,2.0,1610612758,,,,,,0,0,,,,,,0,0,,,,,
0021500150,232,8,0,2,9:59 PM,4:40,SUB: Acy FOR Casspi,,,,,4.0,201956,Omri Casspi,1610612758.0,Sacramento,Kings,SAC,4,203112,Quincy Acy,1610612758.0,Sacramento,Kings,SAC,0,0,,,,,
0021500150,234,5,1,2,9:59 PM,4:32,Rondo Bad Pass Turnover (P6.T11),,Lowry STEAL (3 STL),,,4.0,200765,Rajon Rondo,1610612758.0,Sacramento,Kings,SAC,5,200768,Kyle Lowry,1610612761.0,Toronto,Raptors,TOR,0,0,,,,,
0021500150,235,2,1,2,9:59 PM,4:26,,,MISS Lowry 25' 3PT Jump Shot,,,5.0,200768,Kyle Lowry,1610612761.0,Toronto,Raptors,TOR,0,0,,,,,,0,0,,,,,
0021500150,236,4,0,2,9:59 PM,4:26,Acy REBOUND (Off:0 Def:2),,,,,4.0,203112,Quincy Acy,1610612758.0,Sacramento,Kings,SAC,0,0,,,,,,0,0,,,,,
0021500150,237,1,1,2,9:59 PM,4:16,Rondo 25' 3PT Jump Shot (5 PTS) (Cousins 1 AST),,,35 - 38,3,4.0,200765,Rajon Rondo,1610612758.0,Sacramento,Kings,SAC,4,202326,DeMarcus Cousins,1610612758.0,Sacramento,Kings,SAC,0,0,,,,,
0021500150,238,2,46,2,10:00 PM,3:52,,,MISS Carroll 8' Running Jump Shot,,,5.0,201960,DeMarre Carroll,1610612761.0,Toronto,Raptors,TOR,0,0,,,,,,0,0,,,,,
0021500150,240,4,0,2,10:00 PM,3:51,,,Valanciunas REBOUND (Off:2 Def:1),,,5.0,202685,Jonas Valanciunas,1610612761.0,Toronto,Raptors,TOR,0,0,,,,,,0,0,,,,,
0021500150,239,2,97,2,10:00 PM,3:51,,,MISS Valanciunas 3' Tip Layup Shot,,,5.0,202685,Jonas Valanciunas,1610612761.0,Toronto,Raptors,TOR,0,0,,,,,,0,0,,,,,
0021500150,241,4,0,2,10:00 PM,3:50,,,Raptors Rebound,,,3.0,1610612761,,,,,,0,0,,,,,,0,0,,,,,
0021500150,242,1,1,2,10:00 PM,3:36,,,Carroll 20' Jump Shot (5 PTS) (Lowry 2 AST),37 - 38,1,5.0,201960,DeMarre Carroll,1610612761.0,Toronto,Raptors,TOR,5,200768,Kyle Lowry,1610612761.0,Toronto,Raptors,TOR,0,0,,,,,
0021500150,243,1,42,2,10:00 PM,3:25,Gay 4' Driving Layup (8 PTS),,,37 - 40,3,4.0,200752,Rudy Gay,1610612758.0,Sacramento,Kings,SAC,0,0,,,,,,0,0,,,,,
0021500150,244,1,66,2,10:01 PM,3:03,,,Joseph 7' Jump Bank Shot (7 PTS),39 - 40,1,5.0,202709,Cory Joseph,1610612761.0,Toronto,Raptors,TOR,0,0,,,,,,0,0,,,,,
0021500150,245,2,1,2,10:01 PM,2:49,MISS Rondo 26' 3PT Jump Shot,,,,,4.0,200765,Rajon Rondo,1610612758.0,Sacramento,Kings,SAC,0,0,,,,,,0,0,,,,,
0021500150,246,4,0,2,10:01 PM,2:49,,,Joseph REBOUND (Off:0 Def:2),,,5.0,202709,Cory Joseph,1610612761.0,Toronto,Raptors,TOR,0,0,,,,,,0,0,,,,,
0021500150,247,1,7,2,10:01 PM,2:34,,,Valanciunas  Dunk (2 PTS) (Lowry 3 AST),41 - 40,-1,5.0,202685,Jonas Valanciunas,1610612761.0,Toronto,Raptors,TOR,5,200768,Kyle Lowry,1610612761.0,Toronto,Raptors,TOR,0,0,,,,,
0021500150,248,6,1,2,10:02 PM,2:16,,,Carroll P.FOUL (P1.PN) (M.McCutchen),,,5.0,201960,DeMarre Carroll,1610612761.0,Toronto,Raptors,TOR,4,202326,DeMarcus Cousins,1610612758.0,Sacramento,Kings,SAC,1,0,,,,,
0021500150,249,9,1,2,10:02 PM,2:16,,,Raptors Timeout: Regular (Reg.2 Short 0),,,3.0,1610612761,,,,,,0,0,,,,,,0,0,,,,,
0021500150,250,8,0,2,10:04 PM,2:16,,,SUB: Scola FOR Joseph,,,5.0,202709,Cory Joseph,1610612761.0,Toronto,Raptors,TOR,5,2449,Luis Scola,1610612761.0,Toronto,Raptors,TOR,0,0,,,,,
0021500150,252,3,11,2,10:04 PM,2:16,Cousins Free Throw 1 of 2 (17 PTS),,,41 - 41,TIE,4.0,202326,DeMarcus Cousins,1610612758.0,Sacramento,Kings,SAC,0,0,,,,,,0,0,,,,,
0021500150,254,3,12,2,10:04 PM,2:16,Cousins Free Throw 2 of 2 (18 PTS),,,41 - 42,1,4.0,202326,DeMarcus Cousins,1610612758.0,Sacramento,Kings,SAC,0,0,,,,,,0,0,,,,,
0021500150,256,2,1,2,10:05 PM,1:59,,,MISS Valanciunas 11' Jump Shot,,,5.0,202685,Jonas Valanciunas,1610612761.0,Toronto,Raptors,TOR,0,0,,,,,,0,0,,,,,
0021500150,257,4,0,2,10:05 PM,1:57,McLemore REBOUND (Off:0 Def:1),,,,,4.0,203463,Ben McLemore,1610612758.0,Sacramento,Kings,SAC,0,0,,,,,,0,0,,,,,
0021500150,258,1,1,2,10:05 PM,1:47,Cousins 25' 3PT Jump Shot (21 PTS) (Rondo 4 AST),,,41 - 45,4,4.0,202326,DeMarcus Cousins,1610612758.0,Sacramento,Kings,SAC,4,200765,Rajon Rondo,1610612758.0,Sacramento,Kings,SAC,0,0,,,,,
0021500150,259,1,80,2,10:05 PM,1:21,,,DeRozan 12' Step Back Jump Shot (12 PTS),43 - 45,2,5.0,201942,DeMar DeRozan,1610612761.0,Toronto,Raptors,TOR,0,0,,,,,,0,0,,,,,
0021500150,261,1,42,2,10:06 PM,1:13,Cousins 3' Driving Layup (23 PTS),,,43 - 47,4,4.0,202326,DeMarcus Cousins,1610612758.0,Sacramento,Kings,SAC,0,0,,,,,,0,0,,,,,
0021500150,262,6,2,2,10:06 PM,1:13,,,Valanciunas S.FOUL (P2.PN) (J.Williams),,,5.0,202685,Jonas Valanciunas,1610612761.0,Toronto,Raptors,TOR,4,202326,DeMarcus Cousins,1610612758.0,Sacramento,Kings,SAC,1,0,,,,,
0021500150,263,3,10,2,10:06 PM,1:13,MISS Cousins Free Throw 1 of 1,,,,,4.0,202326,DeMarcus Cousins,1610612758.0,Sacramento,Kings,SAC,0,0,,,,,,0,0,,,,,
0021500150,265,4,0,2,10:06 PM,1:12,McLemore REBOUND (Off:1 Def:1),,,,,4.0,203463,Ben McLemore,1610612758.0,Sacramento,Kings,SAC,0,0,,,,,,0,0,,,,,
0021500150,266,1,1,2,10:06 PM,1:06,McLemore 25' 3PT Jump Shot (3 PTS) (Rondo 5 AST),,,43 - 50,7,4.0,203463,Ben McLemore,1610612758.0,Sacramento,Kings,SAC,4,200765,Rajon Rondo,1610612758.0,Sacramento,Kings,SAC,0,0,,,,,
0021500150,267,1,1,2,10:06 PM,0:52,,,Carroll 26' 3PT Jump Shot (8 PTS) (Lowry 4 AST),46 - 50,4,5.0,201960,DeMarre Carroll,1610612761.0,Toronto,Raptors,TOR,5,200768,Kyle Lowry,1610612761.0,Toronto,Raptors,TOR,0,0,,,,,
0021500150,268,2,1,2,10:07 PM,0:37,MISS Cousins 25' 3PT Jump Shot,,,,,4.0,202326,DeMarcus Cousins,1610612758.0,Sacramento,Kings,SAC,0,0,,,,,,0,0,,,,,
0021500150,269,4,0,2,10:07 PM,0:37,,,Raptors Rebound,,,3.0,1610612761,,,,,,0,0,,,,,,0,0,,,,,
0021500150,270,9,2,2,10:07 PM,0:37,,,Raptors Timeout: Short (Reg.2 Short 1),,,3.0,1610612761,,,,,,0,0,,,,,,0,0,,,,,
0021500150,271,8,0,2,10:08 PM,0:37,,,SUB: Patterson FOR Valanciunas,,,5.0,202685,Jonas Valanciunas,1610612761.0,Toronto,Raptors,TOR,5,202335,Patrick Patterson,1610612761.0,Toronto,Raptors,TOR,0,0,,,,,
0021500150,272,8,0,2,10:08 PM,0:37,SUB: Koufos FOR Cousins,,,,,4.0,202326,DeMarcus Cousins,1610612758.0,Sacramento,Kings,SAC,4,201585,Kosta Koufos,1610612758.0,Sacramento,Kings,SAC,0,0,,,,,
0021500150,273,1,1,2,10:08 PM,0:29,,,Lowry 24' 3PT Jump Shot (9 PTS),49 - 50,1,5.0,200768,Kyle Lowry,1610612761.0,Toronto,Raptors,TOR,0,0,,,,,,0,0,,,,,
0021500150,274,1,1,2,10:09 PM,0:07,Gay  3PT Jump Shot (11 PTS),,,49 - 53,4,4.0,200752,Rudy Gay,1610612758.0,Sacramento,Kings,SAC,0,0,,,,,,0,0,,,,,
0021500150,275,1,63,2,10:09 PM,0:00,,,DeRozan 12' Fadeaway Jumper (14 PTS),51 - 53,2,5.0,201942,DeMar DeRozan,1610612761.0,Toronto,Raptors,TOR,0,0,,,,,,0,0,,,,,
0021500150,276,13,0,2,10:09 PM,0:00,,,,51 - 53,2,0.0,0,,,,,,0,0,,,,,,0,0,,,,,
0021500150,278,12,0,3,10:25 PM,12:00,,,,51 - 53,2,0.0,0,,,,,,0,0,,,,,,0,0,,,,,
0021500150,279,6,1,3,10:25 PM,11:42,,,Scola P.FOUL (P2.T1) (M.Ervin),,,5.0,2449,Luis Scola,1610612761.0,Toronto,Raptors,TOR,4,202326,DeMarcus Cousins,1610612758.0,Sacramento,Kings,SAC,1,0,,,,,
0021500150,280,1,1,3,10:26 PM,11:32,Acy 6' Jump Shot (2 PTS) (Rondo 6 AST),,,51 - 55,4,4.0,203112,Quincy Acy,1610612758.0,Sacramento,Kings,SAC,4,200765,Rajon Rondo,1610612758.0,Sacramento,Kings,SAC,0,0,,,,,
0021500150,281,5,45,3,10:26 PM,11:21,,,Lowry Out of Bounds - Bad Pass Turnover Turnover (P3.T7),,,5.0,200768,Kyle Lowry,1610612761.0,Toronto,Raptors,TOR,0,0,,,,,,0,0,,,,,
0021500150,282,1,78,3,10:26 PM,11:08,Gay 8' Floating Jump Shot (13 PTS),,,51 - 57,6,4.0,200752,Rudy Gay,1610612758.0,Sacramento,Kings,SAC,0,0,,,,,,0,0,,,,,
0021500150,283,2,1,3,10:26 PM,10:48,,,MISS DeRozan 25' 3PT Jump Shot,,,5.0,201942,DeMar DeRozan,1610612761.0,Toronto,Raptors,TOR,0,0,,,,,,0,0,,,,,
0021500150,284,4,0,3,10:26 PM,10:47,Cousins REBOUND (Off:1 Def:6),,,,,4.0,202326,DeMarcus Cousins,1610612758.0,Sacramento,Kings,SAC,0,0,,,,,,0,0,,,,,
0021500150,285,6,1,3,10:27 PM,10:37,,,Scola P.FOUL (P3.T2) (J.Williams),,,5.0,2449,Luis Scola,1610612761.0,Toronto,Raptors,TOR,4,202326,DeMarcus Cousins,1610612758.0,Sacramento,Kings,SAC,1,0,,,,,
0021500150,287,2,7,3,10:27 PM,10:24,MISS Cousins  Dunk,,,,,4.0,202326,DeMarcus Cousins,1610612758.0,Sacramento,Kings,SAC,0,0,,,,,,0,0,,,,,
0021500150,288,4,0,3,10:27 PM,10:22,,,Carroll REBOUND (Off:0 Def:2),,,5.0,201960,DeMarre Carroll,1610612761.0,Toronto,Raptors,TOR,0,0,,,,,,0,0,,,,,
0021500150,289,6,1,3,10:27 PM,10:21,Rondo P.FOUL (P2.T1) (M.Ervin),,,,,4.0,200765,Rajon Rondo,1610612758.0,Sacramento,Kings,SAC,5,201960,DeMarre Carroll,1610612761.0,Toronto,Raptors,TOR,1,0,,,,,
0021500150,290,2,1,3,10:28 PM,10:15,,,MISS DeRozan 17' Jump Shot,,,5.0,201942,DeMar DeRozan,1610612761.0,Toronto,Raptors,TOR,0,0,,,,,,0,0,,,,,
0021500150,291,4,0,3,10:28 PM,10:14,McLemore REBOUND (Off:1 Def:2),,,,,4.0,203463,Ben McLemore,1610612758.0,Sacramento,Kings,SAC,0,0,,,,,,0,0,,,,,
0021500150,292,2,5,3,10:28 PM,10:02,MISS Cousins 3' Layup,,,,,4.0,202326,DeMarcus Cousins,1610612758.0,Sacramento,Kings,SAC,0,0,,,,,,0,0,,,,,
0021500150,293,4,0,3,10:28 PM,10:01,,,DeRozan REBOUND (Off:0 Def:4),,,5.0,201942,DeMar DeRozan,1610612761.0,Toronto,Raptors,TOR,0,0,,,,,,0,0,,,,,
0021500150,294,1,1,3,10:28 PM,9:53,,,Carroll 25' 3PT Jump Shot (11 PTS) (Lowry 5 AST),54 - 57,3,5.0,201960,DeMarre Carroll,1610612761.0,Toronto,Raptors,TOR,5,200768,Kyle Lowry,1610612761.0,Toronto,Raptors,TOR,0,0,,,,,
0021500150,295,2,1,3,10:28 PM,9:41,MISS McLemore  3PT Jump Shot,,,,,4.0,203463,Ben McLemore,1610612758.0,Sacramento,Kings,SAC,0,0,,,,,,0,0,,,,,
0021500150,296,4,0,3,10:28 PM,9:40,,,Valanciunas REBOUND (Off:2 Def:2),,,5.0,202685,Jonas Valanciunas,1610612761.0,Toronto,Raptors,TOR,0,0,,,,,,0,0,,,,,
0021500150,297,6,1,3,10:29 PM,9:30,Acy P.FOUL (P2.T2) (M.McCutchen),,,,,4.0,203112,Quincy Acy,1610612758.0,Sacramento,Kings,SAC,5,202685,Jonas Valanciunas,1610612761.0,Toronto,Raptors,TOR,1,0,,,,,
0021500150,298,6,11,3,10:29 PM,9:30,Acy T.FOUL (P2.T2) (M.McCutchen),,,,,4.0,203112,Quincy Acy,1610612758.0,Sacramento,Kings,SAC,0,0,,,,,,1,0,,,,,
0021500150,299,3,16,3,10:29 PM,9:30,,,MISS DeRozan Free Throw Technical,,,5.0,201942,DeMar DeRozan,1610612761.0,Toronto,Raptors,TOR,0,0,,,,,,0,0,,,,,
0021500150,300,4,1,3,10:29 PM,9:30,,,Raptors Rebound,,,3.0,1610612761,,,,,,0,0,,,,,,0,0,,,,,
0021500150,301,1,42,3,10:29 PM,9:14,,,Lowry 4' Driving Layup (11 PTS),56 - 57,1,5.0,200768,Kyle Lowry,1610612761.0,Toronto,Raptors,TOR,0,0,,,,,,0,0,,,,,
0021500150,302,1,1,3,10:30 PM,8:56,McLemore 24' 3PT Jump Shot (6 PTS) (Acy 1 AST),,,56 - 60,4,4.0,203463,Ben McLemore,1610612758.0,Sacramento,Kings,SAC,4,203112,Quincy Acy,1610612758.0,Sacramento,Kings,SAC,0,0,,,,,
0021500150,303,2,80,3,10:30 PM,8:38,,,MISS Scola 10' Step Back Jump Shot,,,5.0,2449,Luis Scola,1610612761.0,Toronto,Raptors,TOR,0,0,,,,,,0,0,,,,,
0021500150,304,4,0,3,10:30 PM,8:37,Acy REBOUND (Off:0 Def:3),,,,,4.0,203112,Quincy Acy,1610612758.0,Sacramento,Kings,SAC,0,0,,,,,,0,0,,,,,
0021500150,305,5,4,3,10:30 PM,8:34,Gay Traveling Turnover (P2.T12),,,,,4.0,200752,Rudy Gay,1610612758.0,Sacramento,Kings,SAC,0,0,,,,,,1,0,,,,,
0021500150,306,2,1,3,10:31 PM,8:13,,,MISS DeRozan 19' Jump Shot,,,5.0,201942,DeMar DeRozan,1610612761.0,Toronto,Raptors,TOR,0,0,,,,,,0,0,,,,,
0021500150,307,4,0,3,10:31 PM,8:13,Rondo REBOUND (Off:1 Def:3),,,,,4.0,200765,Rajon Rondo,1610612758.0,Sacramento,Kings,SAC,0,0,,,,,,0,0,,,,,
0021500150,308,1,52,3,10:31 PM,8:08,Gay  Alley Oop Dunk (15 PTS) (Rondo 7 AST),,,56 - 62,6,4.0,200752,Rudy Gay,1610612758.0,Sacramento,Kings,SAC,4,200765,Rajon Rondo,1610612758.0,Sacramento,Kings,SAC,0,0,,,,,
0021500150,309,9,1,3,10:31 PM,8:03,,,Raptors Timeout: Regular (Reg.3 Short 1),,,3.0,1610612761,,,,,,0,0,,,,,,0,0,,,,,
0021500150,310,18,0,3,10:31 PM,8:03,,,,,,,301,,,,,,0,0,,,,,,1,0,,,,,
0021500150,312,2,1,3,10:34 PM,7:42,,,MISS Lowry 5' Jump Shot,,,5.0,200768,Kyle Lowry,1610612761.0,Toronto,Raptors,TOR,0,0,,,,,,0,0,,,,,
0021500150,314,4,0,3,10:34 PM,7:40,,,Valanciunas REBOUND (Off:3 Def:2),,,5.0,202685,Jonas Valanciunas,1610612761.0,Toronto,Raptors,TOR,0,0,,,,,,0,0,,,,,
0021500150,313,1,97,3,10:34 PM,7:40,,,Valanciunas 2' Tip Layup Shot (4 PTS),58 - 62,4,5.0,202685,Jonas Valanciunas,1610612761.0,Toronto,Raptors,TOR,0,0,,,,,,0,0,,,,,
0021500150,315,1,52,3,10:34 PM,7:26,Gay  Alley Oop Dunk (17 PTS) (Rondo 8 AST),,,58 - 64,6,4.0,200752,Rudy Gay,1610612758.0,Sacramento,Kings,SAC,4,200765,Rajon Rondo,1610612758.0,Sacramento,Kings,SAC,0,0,,,,,
0021500150,316,1,1,3,10:34 PM,7:01,,,Carroll 25' 3PT Jump Shot (14 PTS),61 - 64,3,5.0,201960,DeMarre Carroll,1610612761.0,Toronto,Raptors,TOR,0,0,,,,,,0,0,,,,,
0021500150,317,2,1,3,10:35 PM,6:49,MISS Acy 23' Jump Shot,,,,,4.0,203112,Quincy Acy,1610612758.0,Sacramento,Kings,SAC,0,0,,,,,,0,0,,,,,
0021500150,318,4,0,3,10:35 PM,6:49,,,Scola REBOUND (Off:2 Def:2),,,5.0,2449,Luis Scola,1610612761.0,Toronto,Raptors,TOR,0,0,,,,,,0,0,,,,,
0021500150,319,1,1,3,10:35 PM,6:37,,,Scola 24' 3PT Jump Shot (3 PTS) (DeRozan 4 AST),64 - 64,TIE,5.0,2449,Luis Scola,1610612761.0,Toronto,Raptors,TOR,5,201942,DeMar DeRozan,1610612761.0,Toronto,Raptors,TOR,0,0,,,,,
0021500150,320,6,17,3,10:35 PM,6:20,,,Raptors T.Foul (Def. 3 Sec Valanciunas ) (M.McCutchen),,,5.0,202685,Jonas Valanciunas,1610612761.0,Toronto,Raptors,TOR,0,0,,,,,,1,0,,,,,
0021500150,321,8,0,3,10:35 PM,6:20,SUB: Casspi FOR Acy,,,,,4.0,203112,Quincy Acy,1610612758.0,Sacramento,Kings,SAC,4,201956,Omri Casspi,1610612758.0,Sacramento,Kings,SAC,0,0,,,,,
0021500150,322,8,0,3,10:35 PM,6:20,,,SUB: Biyombo FOR Valanciunas,,,5.0,202685,Jonas Valanciunas,1610612761.0,Toronto,Raptors,TOR,5,202687,Bismack Biyombo,1610612761.0,Toronto,Raptors,TOR,0,0,,,,,
0021500150,323,3,16,3,10:35 PM,6:20,Gay Free Throw Technical (18 PTS),,,64 - 65,1,4.0,200752,Rudy Gay,1610612758.0,Sacramento,Kings,SAC,0,0,,,,,,0,0,,,,,
0021500150,325,5,1,3,10:36 PM,6:10,Rondo Bad Pass Turnover (P7.T13),,DeRozan STEAL (5 STL),,,4.0,200765,Rajon Rondo,1610612758.0,Sacramento,Kings,SAC,5,201942,DeMar DeRozan,1610612761.0,Toronto,Raptors,TOR,0,0,,,,,
0021500150,326,1,41,3,10:36 PM,6:01,,,DeRozan 4' Running Layup (16 PTS),66 - 65,-1,5.0,201942,DeMar DeRozan,1610612761.0,Toronto,Raptors,TOR,0,0,,,,,,0,0,,,,,
0021500150,327,2,1,3,10:37 PM,5:37,MISS Rondo 23' Jump Shot,,Lowry BLOCK (1 BLK),,,4.0,200765,Rajon Rondo,1610612758.0,Sacramento,Kings,SAC,0,0,,,,,,5,200768,Kyle Lowry,1610612761.0,Toronto,Raptors,TOR
0021500150,328,4,0,3,10:37 PM,5:36,Rondo REBOUND (Off:2 Def:3),,,,,4.0,200765,Rajon Rondo,1610612758.0,Sacramento,Kings,SAC,0,0,,,,,,0,0,,,,,
0021500150,329,2,45,3,10:37 PM,5:35,MISS Rondo 20' Jump Shot,,,,,4.0,200765,Rajon Rondo,1610612758.0,Sacramento,Kings,SAC,0,0,,,,,,0,0,,,,,
0021500150,330,4,0,3,10:37 PM,5:35,KINGS Rebound,,,,,2.0,1610612758,,,,,,0,0,,,,,,0,0,,,,,
0021500150,331,5,11,3,10:37 PM,5:35,KINGS Turnover: Shot Clock (T#14),,,,,2.0,1610612758,,,,,,0,0,,,,,,1,0,,,,,
0021500150,332,1,1,3,10:37 PM,5:17,,,Carroll 25' 3PT Jump Shot (17 PTS) (DeRozan 5 AST),69 - 65,-4,5.0,201960,DeMarre Carroll,1610612761.0,Toronto,Raptors,TOR,5,201942,DeMar DeRozan,1610612761.0,Toronto,Raptors,TOR,0,0,,,,,
0021500150,333,1,42,3,10:37 PM,5:04,Cousins 3' Driving Layup (25 PTS),,,69 - 67,-2,4.0,202326,DeMarcus Cousins,1610612758.0,Sacramento,Kings,SAC,0,0,,,,,,0,0,,,,,
0021500150,335,1,66,3,10:38 PM,4:49,,,DeRozan 5' Jump Bank Shot (18 PTS),71 - 67,-4,5.0,201942,DeMar DeRozan,1610612761.0,Toronto,Raptors,TOR,0,0,,,,,,0,0,,,,,
0021500150,336,9,1,3,10:38 PM,4:48,KINGS Timeout: Regular (Full 3 Short 0),,,,,2.0,1610612758,,,,,,0,0,,,,,,0,0,,,,,
0021500150,339,8,0,3,10:40 PM,4:48,SUB: Belinelli FOR McLemore,,,,,4.0,203463,Ben McLemore,1610612758.0,Sacramento,Kings,SAC,4,201158,Marco Belinelli,1610612758.0,Sacramento,Kings,SAC,0,0,,,,,
0021500150,340,1,108,3,10:40 PM,4:38,Gay  Cutting Dunk Shot (20 PTS) (Rondo 9 AST),,,71 - 69,-2,4.0,200752,Rudy Gay,1610612758.0,Sacramento,Kings,SAC,4,200765,Rajon Rondo,1610612758.0,Sacramento,Kings,SAC,0,0,,,,,
0021500150,341,2,1,3,10:41 PM,4:21,,,MISS Biyombo 5' Jump Shot,,,5.0,202687,Bismack Biyombo,1610612761.0,Toronto,Raptors,TOR,0,0,,,,,,0,0,,,,,
0021500150,342,4,0,3,10:41 PM,4:20,Cousins REBOUND (Off:1 Def:7),,,,,4.0,202326,DeMarcus Cousins,1610612758.0,Sacramento,Kings,SAC,0,0,,,,,,0,0,,,,,
0021500150,343,2,1,3,10:41 PM,4:12,MISS Casspi 25' 3PT Jump Shot,,,,,4.0,201956,Omri Casspi,1610612758.0,Sacramento,Kings,SAC,0,0,,,,,,0,0,,,,,
0021500150,344,4,0,3,10:41 PM,4:11,,,Biyombo REBOUND (Off:1 Def:3),,,5.0,202687,Bismack Biyombo,1610612761.0,Toronto,Raptors,TOR,0,0,,,,,,0,0,,,,,
0021500150,345,5,2,3,10:41 PM,3:58,Rondo STEAL (1 STL),,DeRozan Lost Ball Turnover (P2.T8),,,5.0,201942,DeMar DeRozan,1610612761.0,Toronto,Raptors,TOR,4,200765,Rajon Rondo,1610612758.0,Sacramento,Kings,SAC,0,0,,,,,
0021500150,346,5,40,3,10:41 PM,3:49,Casspi Out of Bounds Lost Ball Turnover (P2.T15),,,,,4.0,201956,Omri Casspi,1610612758.0,Sacramento,Kings,SAC,0,0,,,,,,0,0,,,,,
0021500150,347,8,0,3,10:41 PM,3:49,SUB: Koufos FOR Gay,,,,,4.0,200752,Rudy Gay,1610612758.0,Sacramento,Kings,SAC,4,201585,Kosta Koufos,1610612758.0,Sacramento,Kings,SAC,0,0,,,,,
0021500150,348,2,1,3,10:42 PM,3:25,,,MISS Scola 24' 3PT Jump Shot,,,5.0,2449,Luis Scola,1610612761.0,Toronto,Raptors,TOR,0,0,,,,,,0,0,,,,,
0021500150,349,4,0,3,10:42 PM,3:25,,,Raptors Rebound,,,3.0,1610612761,,,,,,0,0,,,,,,0,0,,,,,
0021500150,350,5,11,3,10:42 PM,3:25,,,Raptors Turnover: Shot Clock (T#9),,,3.0,1610612761,,,,,,0,0,,,,,,1,0,,,,,
0021500150,351,2,1,3,10:42 PM,3:06,MISS Rondo 26' 3PT Jump Shot,,,,,4.0,200765,Rajon Rondo,1610612758.0,Sacramento,Kings,SAC,0,0,,,,,,0,0,,,,,
0021500150,352,4,0,3,10:42 PM,3:05,Casspi REBOUND (Off:2 Def:2),,,,,4.0,201956,Omri Casspi,1610612758.0,Sacramento,Kings,SAC,0,0,,,,,,0,0,,,,,
0021500150,353,1,3,3,10:43 PM,2:58,Koufos 4' Hook Shot (3 PTS) (Rondo 10 AST),,,71 - 71,TIE,4.0,201585,Kosta Koufos,1610612758.0,Sacramento,Kings,SAC,4,200765,Rajon Rondo,1610612758.0,Sacramento,Kings,SAC,0,0,,,,,
0021500150,354,5,2,3,10:43 PM,2:40,Belinelli STEAL (1 STL),,DeRozan Lost Ball Turnover (P3.T10),,,5.0,201942,DeMar DeRozan,1610612761.0,Toronto,Raptors,TOR,4,201158,Marco Belinelli,1610612758.0,Sacramento,Kings,SAC,0,0,,,,,
0021500150,355,6,2,3,10:43 PM,2:35,,,Scola S.FOUL (P4.T3) (J.Williams),,,5.0,2449,Luis Scola,1610612761.0,Toronto,Raptors,TOR,4,201158,Marco Belinelli,1610612758.0,Sacramento,Kings,SAC,1,0,,,,,
0021500150,356,3,11,3,10:43 PM,2:35,Belinelli Free Throw 1 of 2 (1 PTS),,,71 - 72,1,4.0,201158,Marco Belinelli,1610612758.0,Sacramento,Kings,SAC,0,0,,,,,,0,0,,,,,
0021500150,358,8,0,3,10:44 PM,2:35,,,SUB: Johnson FOR Scola,,,5.0,2449,Luis Scola,1610612761.0,Toronto,Raptors,TOR,5,201949,James Johnson,1610612761.0,Toronto,Raptors,TOR,0,0,,,,,
0021500150,359,8,0,3,10:44 PM,2:35,,,SUB: Joseph FOR DeRozan,,,5.0,201942,DeMar DeRozan,1610612761.0,Toronto,Raptors,TOR,5,202709,Cory Joseph,1610612761.0,Toronto,Raptors,TOR,0,0,,,,,
0021500150,360,3,12,3,10:44 PM,2:35,Belinelli Free Throw 2 of 2 (2 PTS),,,71 - 73,2,4.0,201158,Marco Belinelli,1610612758.0,Sacramento,Kings,SAC,0,0,,,,,,0,0,,,,,
0021500150,362,1,1,3,10:44 PM,2:18,,,Lowry 25' 3PT Jump Shot (14 PTS) (Biyombo 1 AST),74 - 73,-1,5.0,200768,Kyle Lowry,1610612761.0,Toronto,Raptors,TOR,5,202687,Bismack Biyombo,1610612761.0,Toronto,Raptors,TOR,0,0,,,,,
0021500150,363,2,44,3,10:44 PM,2:05,MISS Cousins 3' Reverse Layup,,,,,4.0,202326,DeMarcus Cousins,1610612758.0,Sacramento,Kings,SAC,0,0,,,,,,0,0,,,,,
0021500150,364,4,0,3,10:44 PM,2:04,,,Johnson REBOUND (Off:0 Def:3),,,5.0,201949,James Johnson,1610612761.0,Toronto,Raptors,TOR,0,0,,,,,,0,0,,,,,
0021500150,365,5,1,3,10:44 PM,1:58,Casspi STEAL (2 STL),,Johnson Bad Pass Turnover (P1.T11),,,5.0,201949,James Johnson,1610612761.0,Toronto,Raptors,TOR,4,201956,Omri Casspi,1610612758.0,Sacramento,Kings,SAC,0,0,,,,,
0021500150,366,1,98,3,10:45 PM,1:55,Casspi 3' Cutting Layup Shot (9 PTS) (Cousins 2 AST),,,74 - 75,1,4.0,201956,Omri Casspi,1610612758.0,Sacramento,Kings,SAC,4,202326,DeMarcus Cousins,1610612758.0,Sacramento,Kings,SAC,0,0,,,,,
0021500150,367,6,2,3,10:45 PM,1:55,,,Joseph S.FOUL (P2.T4) (M.McCutchen),,,5.0,202709,Cory Joseph,1610612761.0,Toronto,Raptors,TOR,4,201956,Omri Casspi,1610612758.0,Sacramento,Kings,SAC,1,0,,,,,
0021500150,368,8,0,3,10:45 PM,1:55,,,SUB: Patterson FOR Carroll,,,5.0,201960,DeMarre Carroll,1610612761.0,Toronto,Raptors,TOR,5,202335,Patrick Patterson,1610612761.0,Toronto,Raptors,TOR,0,0,,,,,
0021500150,369,3,10,3,10:45 PM,1:55,Casspi Free Throw 1 of 1 (10 PTS),,,74 - 76,2,4.0,201956,Omri Casspi,1610612758.0,Sacramento,Kings,SAC,0,0,,,,,,0,0,,,,,
0021500150,371,1,1,3,10:46 PM,1:38,,,Joseph 17' Jump Shot (9 PTS),76 - 76,TIE,5.0,202709,Cory Joseph,1610612761.0,Toronto,Raptors,TOR,0,0,,,,,,0,0,,,,,
0021500150,372,6,2,3,10:46 PM,1:28,,,Biyombo S.FOUL (P2.PN) (M.Ervin),,,5.0,202687,Bismack Biyombo,1610612761.0,Toronto,Raptors,TOR,4,202326,DeMarcus Cousins,1610612758.0,Sacramento,Kings,SAC,1,0,,,,,
0021500150,373,3,11,3,10:46 PM,1:28,MISS Cousins Free Throw 1 of 2,,,,,4.0,202326,DeMarcus Cousins,1610612758.0,Sacramento,Kings,SAC,0,0,,,,,,0,0,,,,,
0021500150,374,4,1,3,10:46 PM,1:28,KINGS Rebound,,,,,2.0,1610612758,,,,,,0,0,,,,,,0,0,,,,,
0021500150,375,3,12,3,10:47 PM,1:28,Cousins Free Throw 2 of 2 (26 PTS),,,76 - 77,1,4.0,202326,DeMarcus Cousins,1610612758.0,Sacramento,Kings,SAC,0,0,,,,,,0,0,,,,,
0021500150,377,1,1,3,10:47 PM,1:14,,,Lowry 26' 3PT Jump Shot (17 PTS) (Joseph 2 AST),79 - 77,-2,5.0,200768,Kyle Lowry,1610612761.0,Toronto,Raptors,TOR,5,202709,Cory Joseph,1610612761.0,Toronto,Raptors,TOR,0,0,,,,,
0021500150,378,5,40,3,10:47 PM,0:57,Belinelli Out of Bounds Lost Ball Turnover (P1.T16),,,,,4.0,201158,Marco Belinelli,1610612758.0,Sacramento,Kings,SAC,0,0,,,,,,0,0,,,,,
0021500150,379,8,0,3,10:47 PM,0:57,SUB: Acy FOR Cousins,,,,,4.0,202326,DeMarcus Cousins,1610612758.0,Sacramento,Kings,SAC,4,203112,Quincy Acy,1610612758.0,Sacramento,Kings,SAC,0,0,,,,,
0021500150,380,6,1,3,10:48 PM,0:41,Acy P.FOUL (P3.T3) (M.Ervin),,,,,4.0,203112,Quincy Acy,1610612758.0,Sacramento,Kings,SAC,5,202687,Bismack Biyombo,1610612761.0,Toronto,Raptors,TOR,1,0,,,,,
0021500150,381,2,1,3,10:48 PM,0:29,,,MISS Patterson 8' Jump Shot,,,5.0,202335,Patrick Patterson,1610612761.0,Toronto,Raptors,TOR,0,0,,,,,,0,0,,,,,
0021500150,382,4,0,3,10:48 PM,0:29,Rondo REBOUND (Off:2 Def:4),,,,,4.0,200765,Rajon Rondo,1610612758.0,Sacramento,Kings,SAC,0,0,,,,,,0,0,,,,,
0021500150,383,1,63,3,10:49 PM,0:07,Belinelli 10' Fadeaway Jumper (4 PTS) (Rondo 11 AST),,,79 - 79,TIE,4.0,201158,Marco Belinelli,1610612758.0,Sacramento,Kings,SAC,4,200765,Rajon Rondo,1610612758.0,Sacramento,Kings,SAC,0,0,,,,,
0021500150,384,1,1,3,10:49 PM,0:00,,,Lowry 26' 3PT Jump Shot (20 PTS),82 - 79,-3,5.0,200768,Kyle Lowry,1610612761.0,Toronto,Raptors,TOR,0,0,,,,,,0,0,,,,,
0021500150,385,18,0,3,10:49 PM,0:00,,,,,,,384,Calbert Cheaney,,,,,0,0,,,,,,1,0,,,,,
0021500150,387,13,0,3,10:50 PM,0:00,,,,82 - 79,-3,0.0,0,,,,,,0,0,,,,,,0,0,,,,,
0021500150,389,12,0,4,10:52 PM,12:00,,,,82 - 79,-3,0.0,0,,,,,,0,0,,,,,,0,0,,,,,
0021500150,390,1,80,4,10:52 PM,11:40,,,Lowry 15' Step Back Jump Shot (22 PTS),84 - 79,-5,5.0,200768,Kyle Lowry,1610612761.0,Toronto,Raptors,TOR,0,0,,,,,,0,0,,,,,
0021500150,391,5,1,4,10:53 PM,11:14,Belinelli Bad Pass Turnover (P2.T17),,Johnson STEAL (1 STL),,,4.0,201158,Marco Belinelli,1610612758.0,Sacramento,Kings,SAC,5,201949,James Johnson,1610612761.0,Toronto,Raptors,TOR,0,0,,,,,
0021500150,392,1,1,4,10:53 PM,11:06,,,Patterson 24' 3PT Jump Shot (9 PTS) (Lowry 6 AST),87 - 79,-8,5.0,202335,Patrick Patterson,1610612761.0,Toronto,Raptors,TOR,5,200768,Kyle Lowry,1610612761.0,Toronto,Raptors,TOR,0,0,,,,,
0021500150,393,2,1,4,10:53 PM,10:55,MISS Belinelli 20' Jump Shot,,,,,4.0,201158,Marco Belinelli,1610612758.0,Sacramento,Kings,SAC,0,0,,,,,,0,0,,,,,
0021500150,394,4,0,4,10:53 PM,10:55,,,Patterson REBOUND (Off:0 Def:3),,,5.0,202335,Patrick Patterson,1610612761.0,Toronto,Raptors,TOR,0,0,,,,,,0,0,,,,,
0021500150,395,6,1,4,10:53 PM,10:49,Koufos P.FOUL (P3.T1) (M.McCutchen),,,,,4.0,201585,Kosta Koufos,1610612758.0,Sacramento,Kings,SAC,5,200768,Kyle Lowry,1610612761.0,Toronto,Raptors,TOR,1,0,,,,,
0021500150,396,8,0,4,10:53 PM,10:49,SUB: Gay FOR Acy,,,,,4.0,203112,Quincy Acy,1610612758.0,Sacramento,Kings,SAC,4,200752,Rudy Gay,1610612758.0,Sacramento,Kings,SAC,0,0,,,,,
0021500150,397,2,1,4,10:54 PM,10:37,,,MISS Patterson  3PT Jump Shot,,,5.0,202335,Patrick Patterson,1610612761.0,Toronto,Raptors,TOR,0,0,,,,,,0,0,,,,,
0021500150,398,4,0,4,10:54 PM,10:36,Gay REBOUND (Off:1 Def:2),,,,,4.0,200752,Rudy Gay,1610612758.0,Sacramento,Kings,SAC,0,0,,,,,,0,0,,,,,
0021500150,399,5,2,4,10:54 PM,10:29,Gay Lost Ball Turnover (P3.T18),,Lowry STEAL (4 STL),,,4.0,200752,Rudy Gay,1610612758.0,Sacramento,Kings,SAC,5,200768,Kyle Lowry,1610612761.0,Toronto,Raptors,TOR,0,0,,,,,
0021500150,400,1,42,4,10:54 PM,10:24,,,Joseph 1' Driving Layup (11 PTS) (Lowry 7 AST),89 - 79,-10,5.0,202709,Cory Joseph,1610612761.0,Toronto,Raptors,TOR,5,200768,Kyle Lowry,1610612761.0,Toronto,Raptors,TOR,0,0,,,,,
0021500150,401,9,1,4,10:54 PM,10:23,KINGS Timeout: Regular (Full 4 Short 0),,,,,2.0,1610612758,,,,,,0,0,,,,,,0,0,,,,,
0021500150,402,8,0,4,10:56 PM,10:23,SUB: Cousins FOR Koufos,,,,,4.0,201585,Kosta Koufos,1610612758.0,Sacramento,Kings,SAC,4,202326,DeMarcus Cousins,1610612758.0,Sacramento,Kings,SAC,0,0,,,,,
0021500150,404,6,1,4,10:57 PM,10:09,,,Biyombo P.FOUL (P3.T1) (M.McCutchen),,,5.0,202687,Bismack Biyombo,1610612761.0,Toronto,Raptors,TOR,4,200752,Rudy Gay,1610612758.0,Sacramento,Kings,SAC,1,0,,,,,
0021500150,405,6,16,4,10:57 PM,10:09,,,,,,4.0,202326,DeMarcus Cousins,1610612758.0,Sacramento,Kings,SAC,5,202687,Bismack Biyombo,1610612761.0,Toronto,Raptors,TOR,1,0,,,,,
0021500150,406,2,1,4,10:58 PM,9:54,MISS Rondo  3PT Jump Shot,,,,,4.0,200765,Rajon Rondo,1610612758.0,Sacramento,Kings,SAC,0,0,,,,,,0,0,,,,,
0021500150,407,4,0,4,10:58 PM,9:53,,,Joseph REBOUND (Off:0 Def:3),,,5.0,202709,Cory Joseph,1610612761.0,Toronto,Raptors,TOR,0,0,,,,,,0,0,,,,,
0021500150,408,2,1,4,10:58 PM,9:45,,,MISS Lowry 27' 3PT Jump Shot,,,5.0,200768,Kyle Lowry,1610612761.0,Toronto,Raptors,TOR,0,0,,,,,,0,0,,,,,
0021500150,409,4,0,4,10:58 PM,9:45,KINGS Rebound,,,,,2.0,1610612758,,,,,,0,0,,,,,,0,0,,,,,
0021500150,410,5,1,4,10:58 PM,9:32,Cousins Bad Pass Turnover (P3.T19),,,,,4.0,202326,DeMarcus Cousins,1610612758.0,Sacramento,Kings,SAC,0,0,,,,,,0,0,,,,,
0021500150,411,6,3,4,10:58 PM,9:32,Cousins L.B.FOUL (P3.T2) (J.Williams),,,,,4.0,202326,DeMarcus Cousins,1610612758.0,Sacramento,Kings,SAC,5,200768,Kyle Lowry,1610612761.0,Toronto,Raptors,TOR,1,0,,,,,
0021500150,412,5,4,4,10:59 PM,9:18,,,Biyombo Traveling Turnover (P1.T12),,,5.0,202687,Bismack Biyombo,1610612761.0,Toronto,Raptors,TOR,0,0,,,,,,1,0,,,,,
0021500150,413,1,7,4,10:59 PM,9:11,Cousins  Dunk (28 PTS) (Rondo 12 AST),,,89 - 81,-8,4.0,202326,DeMarcus Cousins,1610612758.0,Sacramento,Kings,SAC,4,200765,Rajon Rondo,1610612758.0,Sacramento,Kings,SAC,0,0,,,,,
0021500150,414,1,1,4,10:59 PM,9:00,,,Joseph 19' Jump Shot (13 PTS),91 - 81,-10,5.0,202709,Cory Joseph,1610612761.0,Toronto,Raptors,TOR,0,0,,,,,,0,0,,,,,
0021500150,415,5,2,4,11:00 PM,8:47,Gay Lost Ball Turnover (P4.T20),,Johnson STEAL (2 STL),,,4.0,200752,Rudy Gay,1610612758.0,Sacramento,Kings,SAC,5,201949,James Johnson,1610612761.0,Toronto,Raptors,TOR,0,0,,,,,
0021500150,416,5,1,4,11:00 PM,8:29,Cousins STEAL (1 STL),,Lowry Bad Pass Turnover (P4.T13),,,5.0,200768,Kyle Lowry,1610612761.0,Toronto,Raptors,TOR,4,202326,DeMarcus Cousins,1610612758.0,Sacramento,Kings,SAC,0,0,,,,,
0021500150,417,1,108,4,11:00 PM,8:22,Casspi  Cutting Dunk Shot (12 PTS) (Rondo 13 AST),,,91 - 83,-8,4.0,201956,Omri Casspi,1610612758.0,Sacramento,Kings,SAC,4,200765,Rajon Rondo,1610612758.0,Sacramento,Kings,SAC,0,0,,,,,
0021500150,418,9,1,4,11:00 PM,8:20,,,Raptors Timeout: Regular (Reg.4 Short 1),,,3.0,1610612761,,,,,,0,0,,,,,,0,0,,,,,
0021500150,421,8,0,4,11:02 PM,8:20,,,SUB: DeRozan FOR Lowry,,,5.0,200768,Kyle Lowry,1610612761.0,Toronto,Raptors,TOR,5,201942,DeMar DeRozan,1610612761.0,Toronto,Raptors,TOR,0,0,,,,,
0021500150,422,8,0,4,11:02 PM,8:20,,,SUB: Carroll FOR Johnson,,,5.0,201949,James Johnson,1610612761.0,Toronto,Raptors,TOR,5,201960,DeMarre Carroll,1610612761.0,Toronto,Raptors,TOR,0,0,,,,,
0021500150,423,5,4,4,11:03 PM,8:06,,,DeRozan Traveling Turnover (P4.T14),,,5.0,201942,DeMar DeRozan,1610612761.0,Toronto,Raptors,TOR,0,0,,,,,,1,0,,,,,
0021500150,425,2,63,4,11:04 PM,7:43,MISS Gay 11' Fadeaway Jumper,,,,,4.0,200752,Rudy Gay,1610612758.0,Sacramento,Kings,SAC,0,0,,,,,,0,0,,,,,
0021500150,426,4,0,4,11:04 PM,7:42,,,Biyombo REBOUND (Off:1 Def:4),,,5.0,202687,Bismack Biyombo,1610612761.0,Toronto,Raptors,TOR,0,0,,,,,,0,0,,,,,
0021500150,427,5,8,4,11:04 PM,7:27,,,Joseph 3 Second Violation Turnover (P1.T15),,,5.0,202709,Cory Joseph,1610612761.0,Toronto,Raptors,TOR,0,0,,,,,,1,0,,,,,
0021500150,428,2,1,4,11:04 PM,7:10,MISS Casspi 26' 3PT Jump Shot,,,,,4.0,201956,Omri Casspi,1610612758.0,Sacramento,Kings,SAC,0,0,,,,,,0,0,,,,,
0021500150,429,4,0,4,11:05 PM,7:10,,,Carroll REBOUND (Off:0 Def:3),,,5.0,201960,DeMarre Carroll,1610612761.0,Toronto,Raptors,TOR,0,0,,,,,,0,0,,,,,
0021500150,430,1,79,4,11:05 PM,6:56,,,DeRozan 20' Pullup Jump Shot (20 PTS),93 - 83,-10,5.0,201942,DeMar DeRozan,1610612761.0,Toronto,Raptors,TOR,0,0,,,,,,0,0,,,,,
0021500150,431,1,42,4,11:05 PM,6:42,Cousins 4' Driving Layup (30 PTS),,,93 - 85,-8,4.0,202326,DeMarcus Cousins,1610612758.0,Sacramento,Kings,SAC,0,0,,,,,,0,0,,,,,
0021500150,432,2,1,4,11:05 PM,6:24,,,MISS DeRozan 21' Jump Shot,,,5.0,201942,DeMar DeRozan,1610612761.0,Toronto,Raptors,TOR,0,0,,,,,,0,0,,,,,
0021500150,433,4,0,4,11:05 PM,6:24,Casspi REBOUND (Off:2 Def:3),,,,,4.0,201956,Omri Casspi,1610612758.0,Sacramento,Kings,SAC,0,0,,,,,,0,0,,,,,
0021500150,434,1,49,4,11:05 PM,6:13,Gay  Driving Dunk (22 PTS) (Cousins 3 AST),,,93 - 87,-6,4.0,200752,Rudy Gay,1610612758.0,Sacramento,Kings,SAC,4,202326,DeMarcus Cousins,1610612758.0,Sacramento,Kings,SAC,0,0,,,,,
0021500150,435,1,1,4,11:06 PM,5:50,,,DeRozan 20' Jump Shot (22 PTS) (Joseph 3 AST),95 - 87,-8,5.0,201942,DeMar DeRozan,1610612761.0,Toronto,Raptors,TOR,5,202709,Cory Joseph,1610612761.0,Toronto,Raptors,TOR,0,0,,,,,
0021500150,436,1,1,4,11:06 PM,5:35,Rondo 19' Jump Shot (7 PTS),,,95 - 89,-6,4.0,200765,Rajon Rondo,1610612758.0,Sacramento,Kings,SAC,0,0,,,,,,0,0,,,,,
0021500150,437,2,1,4,11:06 PM,5:19,,,MISS DeRozan 20' Jump Shot,,,5.0,201942,DeMar DeRozan,1610612761.0,Toronto,Raptors,TOR,0,0,,,,,,0,0,,,,,
0021500150,438,4,0,4,11:06 PM,5:18,Rondo REBOUND (Off:2 Def:5),,,,,4.0,200765,Rajon Rondo,1610612758.0,Sacramento,Kings,SAC,0,0,,,,,,0,0,,,,,
0021500150,439,2,1,4,11:06 PM,5:11,MISS Cousins 25' 3PT Jump Shot,,,,,4.0,202326,DeMarcus Cousins,1610612758.0,Sacramento,Kings,SAC,0,0,,,,,,0,0,,,,,
0021500150,440,4,0,4,11:07 PM,5:10,,,Joseph REBOUND (Off:0 Def:4),,,5.0,202709,Cory Joseph,1610612761.0,Toronto,Raptors,TOR,0,0,,,,,,0,0,,,,,
0021500150,442,1,1,4,11:07 PM,4:48,,,Joseph 9' Jump Shot (15 PTS),97 - 89,-8,5.0,202709,Cory Joseph,1610612761.0,Toronto,Raptors,TOR,0,0,,,,,,0,0,,,,,
0021500150,444,6,2,4,11:07 PM,4:36,,,Biyombo S.FOUL (P4.T2) (M.McCutchen),,,5.0,202687,Bismack Biyombo,1610612761.0,Toronto,Raptors,TOR,4,202326,DeMarcus Cousins,1610612758.0,Sacramento,Kings,SAC,1,0,,,,,
0021500150,445,3,11,4,11:08 PM,4:36,Cousins Free Throw 1 of 2 (31 PTS),,,97 - 90,-7,4.0,202326,DeMarcus Cousins,1610612758.0,Sacramento,Kings,SAC,0,0,,,,,,0,0,,,,,
0021500150,447,9,1,4,11:08 PM,4:36,KINGS Timeout: Regular (Full 5 Short 0),,,,,2.0,1610612758,,,,,,0,0,,,,,,0,0,,,,,
0021500150,450,8,0,4,11:11 PM,4:36,,,SUB: Lowry FOR Patterson,,,5.0,202335,Patrick Patterson,1610612761.0,Toronto,Raptors,TOR,5,200768,Kyle Lowry,1610612761.0,Toronto,Raptors,TOR,0,0,,,,,
0021500150,451,3,12,4,11:11 PM,4:36,Cousins Free Throw 2 of 2 (32 PTS),,,97 - 91,-6,4.0,202326,DeMarcus Cousins,1610612758.0,Sacramento,Kings,SAC,0,0,,,,,,0,0,,,,,
0021500150,453,1,73,4,11:11 PM,4:23,,,Joseph 2' Driving Reverse Layup (17 PTS),99 - 91,-8,5.0,202709,Cory Joseph,1610612761.0,Toronto,Raptors,TOR,0,0,,,,,,0,0,,,,,
0021500150,454,1,5,4,11:12 PM,4:04,Casspi 2' Layup (14 PTS) (Gay 3 AST),,,99 - 93,-6,4.0,201956,Omri Casspi,1610612758.0,Sacramento,Kings,SAC,4,200752,Rudy Gay,1610612758.0,Sacramento,Kings,SAC,0,0,,,,,
0021500150,455,2,3,4,11:12 PM,3:40,Casspi BLOCK (1 BLK),,MISS Carroll 6' Hook Shot,,,5.0,201960,DeMarre Carroll,1610612761.0,Toronto,Raptors,TOR,0,0,,,,,,4,201956,Omri Casspi,1610612758.0,Sacramento,Kings,SAC
0021500150,456,4,0,4,11:12 PM,3:40,KINGS Rebound,,,,,2.0,1610612758,,,,,,0,0,,,,,,0,0,,,,,
0021500150,457,8,0,4,11:12 PM,3:40,SUB: McLemore FOR Casspi,,,,,4.0,201956,Omri Casspi,1610612758.0,Sacramento,Kings,SAC,4,203463,Ben McLemore,1610612758.0,Sacramento,Kings,SAC,0,0,,,,,
0021500150,458,1,1,4,11:13 PM,3:22,Belinelli 25' 3PT Jump Shot (7 PTS) (McLemore 1 AST),,,99 - 96,-3,4.0,201158,Marco Belinelli,1610612758.0,Sacramento,Kings,SAC,4,203463,Ben McLemore,1610612758.0,Sacramento,Kings,SAC,0,0,,,,,
0021500150,459,6,1,4,11:13 PM,2:58,Belinelli P.FOUL (P3.T3) (M.McCutchen),,,,,4.0,201158,Marco Belinelli,1610612758.0,Sacramento,Kings,SAC,5,200768,Kyle Lowry,1610612761.0,Toronto,Raptors,TOR,1,0,,,,,
0021500150,460,1,79,4,11:14 PM,2:52,,,DeRozan 11' Pullup Jump Shot (24 PTS) (Joseph 4 AST),101 - 96,-5,5.0,201942,DeMar DeRozan,1610612761.0,Toronto,Raptors,TOR,5,202709,Cory Joseph,1610612761.0,Toronto,Raptors,TOR,0,0,,,,,
0021500150,461,1,7,4,11:14 PM,2:43,Gay  Dunk (24 PTS) (Rondo 14 AST),,,101 - 98,-3,4.0,200752,Rudy Gay,1610612758.0,Sacramento,Kings,SAC,4,200765,Rajon Rondo,1610612758.0,Sacramento,Kings,SAC,0,0,,,,,
0021500150,462,2,1,4,11:14 PM,2:20,,,MISS DeRozan 19' Jump Shot,,,5.0,201942,DeMar DeRozan,1610612761.0,Toronto,Raptors,TOR,0,0,,,,,,0,0,,,,,
0021500150,463,4,0,4,11:14 PM,2:20,McLemore REBOUND (Off:1 Def:3),,,,,4.0,203463,Ben McLemore,1610612758.0,Sacramento,Kings,SAC,0,0,,,,,,0,0,,,,,
0021500150,464,6,2,4,11:14 PM,2:13,,,Lowry S.FOUL (P3.T3) (J.Williams),,,5.0,200768,Kyle Lowry,1610612761.0,Toronto,Raptors,TOR,4,202326,DeMarcus Cousins,1610612758.0,Sacramento,Kings,SAC,1,0,,,,,
0021500150,465,3,11,4,11:15 PM,2:13,Cousins Free Throw 1 of 2 (33 PTS),,,101 - 99,-2,4.0,202326,DeMarcus Cousins,1610612758.0,Sacramento,Kings,SAC,0,0,,,,,,0,0,,,,,
0021500150,467,9,1,4,11:15 PM,2:13,,,Raptors Timeout: Regular (Reg.5 Short 1),,,3.0,1610612761,,,,,,0,0,,,,,,0,0,,,,,
0021500150,471,3,12,4,11:17 PM,2:13,Cousins Free Throw 2 of 2 (34 PTS),,,101 - 100,-1,4.0,202326,DeMarcus Cousins,1610612758.0,Sacramento,Kings,SAC,0,0,,,,,,0,0,,,,,
0021500150,473,2,1,4,11:18 PM,1:49,,,MISS Carroll  3PT Jump Shot,,,5.0,201960,DeMarre Carroll,1610612761.0,Toronto,Raptors,TOR,0,0,,,,,,0,0,,,,,
0021500150,474,4,0,4,11:18 PM,1:48,Cousins REBOUND (Off:1 Def:8),,,,,4.0,202326,DeMarcus Cousins,1610612758.0,Sacramento,Kings,SAC,0,0,,,,,,0,0,,,,,
0021500150,475,1,42,4,11:18 PM,1:40,McLemore 3' Driving Layup (8 PTS) (Belinelli 1 AST),,,101 - 102,1,4.0,203463,Ben McLemore,1610612758.0,Sacramento,Kings,SAC,4,201158,Marco Belinelli,1610612758.0,Sacramento,Kings,SAC,0,0,,,,,
0021500150,476,5,2,4,11:18 PM,1:26,Rondo STEAL (2 STL),,Lowry Lost Ball Turnover (P5.T16),,,5.0,200768,Kyle Lowry,1610612761.0,Toronto,Raptors,TOR,4,200765,Rajon Rondo,1610612758.0,Sacramento,Kings,SAC,0,0,,,,,
0021500150,477,2,1,4,11:18 PM,1:19,MISS Belinelli 26' 3PT Jump Shot,,,,,4.0,201158,Marco Belinelli,1610612758.0,Sacramento,Kings,SAC,0,0,,,,,,0,0,,,,,
0021500150,478,4,0,4,11:18 PM,1:19,,,Lowry REBOUND (Off:0 Def:2),,,5.0,200768,Kyle Lowry,1610612761.0,Toronto,Raptors,TOR,0,0,,,,,,0,0,,,,,
0021500150,479,2,1,4,11:19 PM,1:06,Cousins BLOCK (3 BLK),,MISS DeRozan 7' Jump Shot,,,5.0,201942,DeMar DeRozan,1610612761.0,Toronto,Raptors,TOR,0,0,,,,,,4,202326,DeMarcus Cousins,1610612758.0,Sacramento,Kings,SAC
0021500150,480,4,0,4,11:19 PM,1:05,Gay REBOUND (Off:1 Def:3),,,,,4.0,200752,Rudy Gay,1610612758.0,Sacramento,Kings,SAC,0,0,,,,,,0,0,,,,,
0021500150,481,2,42,4,11:19 PM,1:00,MISS Gay 4' Driving Layup,,,,,4.0,200752,Rudy Gay,1610612758.0,Sacramento,Kings,SAC,0,0,,,,,,0,0,,,,,
0021500150,482,4,0,4,11:19 PM,0:57,,,Biyombo REBOUND (Off:1 Def:5),,,5.0,202687,Bismack Biyombo,1610612761.0,Toronto,Raptors,TOR,0,0,,,,,,0,0,,,,,
0021500150,483,2,1,4,11:19 PM,0:41,,,MISS Lowry 25' 3PT Jump Shot,,,5.0,200768,Kyle Lowry,1610612761.0,Toronto,Raptors,TOR,0,0,,,,,,0,0,,,,,
0021500150,484,4,0,4,11:19 PM,0:41,Cousins REBOUND (Off:1 Def:9),,,,,4.0,202326,DeMarcus Cousins,1610612758.0,Sacramento,Kings,SAC,0,0,,,,,,0,0,,,,,
0021500150,485,6,1,4,11:19 PM,0:41,,,Joseph P.FOUL (P3.T4) (M.Ervin),,,5.0,202709,Cory Joseph,1610612761.0,Toronto,Raptors,TOR,4,202326,DeMarcus Cousins,1610612758.0,Sacramento,Kings,SAC,1,0,,,,,
0021500150,486,1,42,4,11:20 PM,0:25,Cousins 2' Driving Layup (36 PTS),,,101 - 104,3,4.0,202326,DeMarcus Cousins,1610612758.0,Sacramento,Kings,SAC,0,0,,,,,,0,0,,,,,
0021500150,487,9,1,4,11:20 PM,0:25,,,Raptors Timeout: Regular (Reg.6 Short 1),,,3.0,1610612761,,,,,,0,0,,,,,,0,0,,,,,
0021500150,490,8,0,4,11:21 PM,0:25,,,SUB: Valanciunas FOR Biyombo,,,5.0,202687,Bismack Biyombo,1610612761.0,Toronto,Raptors,TOR,5,202685,Jonas Valanciunas,1610612761.0,Toronto,Raptors,TOR,0,0,,,,,
0021500150,491,2,1,4,11:22 PM,0:18,,,MISS DeRozan 5' Jump Shot,,,5.0,201942,DeMar DeRozan,1610612761.0,Toronto,Raptors,TOR,0,0,,,,,,0,0,,,,,
0021500150,492,4,0,4,11:22 PM,0:18,Gay REBOUND (Off:1 Def:4),,,,,4.0,200752,Rudy Gay,1610612758.0,Sacramento,Kings,SAC,0,0,,,,,,0,0,,,,,
0021500150,493,6,28,4,11:22 PM,0:17,,,Carroll Personal Take Foul (P2.PN) (J.Williams),,,5.0,201960,DeMarre Carroll,1610612761.0,Toronto,Raptors,TOR,4,200752,Rudy Gay,1610612758.0,Sacramento,Kings,SAC,1,0,,,,,
0021500150,494,3,11,4,11:23 PM,0:17,Gay Free Throw 1 of 2 (25 PTS),,,101 - 105,4,4.0,200752,Rudy Gay,1610612758.0,Sacramento,Kings,SAC,0,0,,,,,,0,0,,,,,
0021500150,496,8,0,4,11:23 PM,0:17,,,SUB: Patterson FOR Valanciunas,,,5.0,202685,Jonas Valanciunas,1610612761.0,Toronto,Raptors,TOR,5,202335,Patrick Patterson,1610612761.0,Toronto,Raptors,TOR,0,0,,,,,
0021500150,497,3,12,4,11:23 PM,0:17,Gay Free Throw 2 of 2 (26 PTS),,,101 - 106,5,4.0,200752,Rudy Gay,1610612758.0,Sacramento,Kings,SAC,0,0,,,,,,0,0,,,,,
0021500150,499,6,28,4,11:23 PM,0:13,Rondo Personal Take Foul (P3.T4) (M.Ervin),,,,,4.0,200765,Rajon Rondo,1610612758.0,Sacramento,Kings,SAC,5,200768,Kyle Lowry,1610612761.0,Toronto,Raptors,TOR,1,0,,,,,
0021500150,500,9,2,4,11:24 PM,0:13,,,Raptors Timeout: Short (Reg.6 Short 2),,,3.0,1610612761,,,,,,0,0,,,,,,0,0,,,,,
0021500150,504,2,1,4,11:25 PM,0:08,,,MISS Carroll 28' 3PT Jump Shot,,,5.0,201960,DeMarre Carroll,1610612761.0,Toronto,Raptors,TOR,0,0,,,,,,0,0,,,,,
0021500150,505,4,0,4,11:25 PM,0:08,Gay REBOUND (Off:1 Def:5),,,,,4.0,200752,Rudy Gay,1610612758.0,Sacramento,Kings,SAC,0,0,,,,,,0,0,,,,,
0021500150,506,6,28,4,11:25 PM,0:07,,,Patterson Personal Take Foul (P1.PN) (J.Williams),,,5.0,202335,Patrick Patterson,1610612761.0,Toronto,Raptors,TOR,4,200752,Rudy Gay,1610612758.0,Sacramento,Kings,SAC,1,0,,,,,
0021500150,507,3,11,4,11:25 PM,0:07,Gay Free Throw 1 of 2 (27 PTS),,,101 - 107,6,4.0,200752,Rudy Gay,1610612758.0,Sacramento,Kings,SAC,0,0,,,,,,0,0,,,,,
0021500150,509,3,12,4,11:26 PM,0:07,MISS Gay Free Throw 2 of 2,,,,,4.0,200752,Rudy Gay,1610612758.0,Sacramento,Kings,SAC,0,0,,,,,,0,0,,,,,
0021500150,511,4,0,4,11:26 PM,0:06,,,Carroll REBOUND (Off:0 Def:4),,,5.0,201960,DeMarre Carroll,1610612761.0,Toronto,Raptors,TOR,0,0,,,,,,0,0,,,,,
0021500150,512,2,1,4,11:26 PM,0:01,,,MISS Lowry 35' 3PT Jump Shot,,,5.0,200768,Kyle Lowry,1610612761.0,Toronto,Raptors,TOR,0,0,,,,,,0,0,,,,,
0021500150,513,4,0,4,11:26 PM,0:01,,,Patterson REBOUND (Off:1 Def:3),,,5.0,202335,Patrick Patterson,1610612761.0,Toronto,Raptors,TOR,0,0,,,,,,0,0,,,,,
0021500150,514,13,0,4,11:26 PM,0:00,,,,101 - 107,6,0.0,0,,,,,,0,0,,,,,,0,0,,,,,
