GAME_ID,EVENTNUM,EVENTMSGTYPE,EVENTMSGACTIONTYPE,PERIOD,WCTIMESTRING,PCTIMESTRING,HOMEDESCRIPTION,NEUTRALDESCRIPTION,VISITORDESCRIPTION,SCORE,SCOREMARGIN,PERSON1TYPE,PLAYER1_ID,PLAYER1_NAME,PLAYER1_TEAM_ID,PLAYER1_TEAM_CITY,PLAYER1_TEAM_NICKNAME,PLAYER1_TEAM_ABBREVIATION,PERSON2TYPE,PLAYER2_ID,PLAYER2_NAME,PLAYER2_TEAM_ID,PLAYER2_TEAM_CITY,PLAYER2_TEAM_NICKNAME,PLAYER2_TEAM_ABBREVIATION,PERSON3TYPE,PLAYER3_ID,PLAYER3_NAME,PLAYER3_TEAM_ID,PLAYER3_TEAM_CITY,PLAYER3_TEAM_NICKNAME,PLAYER3_TEAM_ABBREVIATION
0021500400,0,12,0,1,7:42 PM,12:00,,,,,,0.0,0,,,,,,0,0,,,,,,0,0,,,,,
0021500400,1,10,0,1,7:42 PM,12:00,Jump Ball Lopez vs. Noah: Tip to Rose,,,,,4.0,201577,Robin Lopez,1610612752.0,New York,Knicks,NYK,5,201149,Joakim Noah,1610612741.0,Chicago,Bulls,CHI,5,201565,Derrick Rose,1610612741.0,Chicago,Bulls,CHI
0021500400,2,1,47,1,7:42 PM,11:36,,,Butler 14' Turnaround Jump Shot (2 PTS) (Rose 1 AST),2 - 0,-2,5.0,202710,Jimmy Butler,1610612741.0,Chicago,Bulls,CHI,5,201565,Derrick Rose,1610612741.0,Chicago,Bulls,CHI,0,0,,,,,
0021500400,3,2,1,1,7:42 PM,11:19,MISS Calderon 25' 3PT Jump Shot,,,,,4.0,101181,Jose Calderon,1610612752.0,New York,Knicks,NYK,0,0,,,,,,0,0,,,,,
0021500400,4,4,0,1,7:43 PM,11:17,,,Snell REBOUND (Off:0 Def:1),,,5.0,203503,Tony Snell,1610612741.0,Chicago,Bulls,CHI,0,0,,,,,,0,0,,,,,
0021500400,5,1,80,1,7:43 PM,11:01,,,Gibson 17' Step Back Jump Shot (2 PTS),4 - 0,-4,5.0,201959,Taj Gibson,1610612741.0,Chicago,Bulls,CHI,0,0,,,,,,0,0,,,,,
0021500400,6,5,2,1,7:43 PM,10:45,Lopez Lost Ball Turnover (P1.T1),,Noah STEAL (1 STL),,,4.0,201577,Robin Lopez,1610612752.0,New York,Knicks,NYK,5,201149,Joakim Noah,1610612741.0,Chicago,Bulls,CHI,0,0,,,,,
0021500400,7,2,5,1,7:43 PM,10:39,,,MISS Snell 1' Layup,,,5.0,203503,Tony Snell,1610612741.0,Chicago,Bulls,CHI,0,0,,,,,,0,0,,,,,
0021500400,9,4,0,1,7:43 PM,10:37,,,Noah REBOUND (Off:1 Def:0),,,5.0,201149,Joakim Noah,1610612741.0,Chicago,Bulls,CHI,0,0,,,,,,0,0,,,,,
0021500400,8,1,72,1,7:43 PM,10:37,,,Noah 2' Putback Layup (2 PTS),6 - 0,-6,5.0,201149,Joakim Noah,1610612741.0,Chicago,Bulls,CHI,0,0,,,,,,0,0,,,,,
0021500400,10,1,47,1,7:44 PM,10:16,Anthony 11' Turnaround Jump Shot (2 PTS),,,6 - 2,-4,4.0,2546,Carmelo Anthony,1610612752.0,New York,Knicks,NYK,0,0,,,,,,0,0,,,,,
0021500400,11,6,2,1,7:44 PM,10:02,Lopez S.FOUL (P1.T1) (M.Smith),,,,,4.0,201577,Robin Lopez,1610612752.0,New York,Knicks,NYK,5,201149,Joakim Noah,1610612741.0,Chicago,Bulls,CHI,1,0,,,,,
0021500400,12,3,11,1,7:44 PM,10:02,,,Noah Free Throw 1 of 2 (3 PTS),7 - 2,-5,5.0,201149,Joakim Noah,1610612741.0,Chicago,Bulls,CHI,0,0,,,,,,0,0,,,,,
0021500400,14,3,12,1,7:44 PM,10:02,,,MISS Noah Free Throw 2 of 2,,,5.0,201149,Joakim Noah,1610612741.0,Chicago,Bulls,CHI,0,0,,,,,,0,0,,,,,
0021500400,16,4,0,1,7:44 PM,10:02,Afflalo REBOUND (Off:0 Def:1),,,,,4.0,201167,Arron Afflalo,1610612752.0,New York,Knicks,NYK,0,0,,,,,,0,0,,,,,
0021500400,17,5,1,1,7:45 PM,9:48,Afflalo Bad Pass Turnover (P1.T2),,Butler STEAL (1 STL),,,4.0,201167,Arron Afflalo,1610612752.0,New York,Knicks,NYK,5,202710,Jimmy Butler,1610612741.0,Chicago,Bulls,CHI,0,0,,,,,
0021500400,18,2,78,1,7:45 PM,9:37,,,MISS Rose 10' Floating Jump Shot,,,5.0,201565,Derrick Rose,1610612741.0,Chicago,Bulls,CHI,0,0,,,,,,0,0,,,,,
0021500400,19,4,0,1,7:45 PM,9:35,,,Rose REBOUND (Off:1 Def:0),,,5.0,201565,Derrick Rose,1610612741.0,Chicago,Bulls,CHI,0,0,,,,,,0,0,,,,,
0021500400,20,2,5,1,7:45 PM,9:32,Porzingis BLOCK (1 BLK),,MISS Noah 2' Layup,,,5.0,201149,Joakim Noah,1610612741.0,Chicago,Bulls,CHI,0,0,,,,,,4,204001,Kristaps Porzingis,1610612752.0,New York,Knicks,NYK
0021500400,21,4,0,1,7:45 PM,9:30,,,Noah REBOUND (Off:2 Def:0),,,5.0,201149,Joakim Noah,1610612741.0,Chicago,Bulls,CHI,0,0,,,,,,0,0,,,,,
0021500400,22,1,1,1,7:45 PM,9:25,,,Snell 25' 3PT Jump Shot (3 PTS) (Noah 1 AST),10 - 2,-8,5.0,203503,Tony Snell,1610612741.0,Chicago,Bulls,CHI,5,201149,Joakim Noah,1610612741.0,Chicago,Bulls,CHI,0,0,,,,,
0021500400,23,2,1,1,7:45 PM,9:05,MISS Anthony 26' 3PT Jump Shot,,,,,4.0,2546,Carmelo Anthony,1610612752.0,New York,Knicks,NYK,0,0,,,,,,0,0,,,,,
0021500400,24,4,0,1,7:45 PM,9:03,,,Snell REBOUND (Off:0 Def:2),,,5.0,203503,Tony Snell,1610612741.0,Chicago,Bulls,CHI,0,0,,,,,,0,0,,,,,
0021500400,25,1,42,1,7:46 PM,8:54,,,Noah 2' Driving Layup (5 PTS) (Butler 1 AST),12 - 2,-10,5.0,201149,Joakim Noah,1610612741.0,Chicago,Bulls,CHI,5,202710,Jimmy Butler,1610612741.0,Chicago,Bulls,CHI,0,0,,,,,
0021500400,26,9,1,1,7:46 PM,8:48,KNICKS Timeout: Regular (Full 1 Short 0),,,,,2.0,1610612752,,,,,,0,0,,,,,,0,0,,,,,
0021500400,30,1,1,1,7:48 PM,8:35,Afflalo 26' 3PT Jump Shot (3 PTS) (Calderon 1 AST),,,12 - 5,-7,4.0,201167,Arron Afflalo,1610612752.0,New York,Knicks,NYK,4,101181,Jose Calderon,1610612752.0,New York,Knicks,NYK,0,0,,,,,
0021500400,31,5,40,1,7:49 PM,8:21,,,Rose Out of Bounds Lost Ball Turnover (P1.T1),,,5.0,201565,Derrick Rose,1610612741.0,Chicago,Bulls,CHI,0,0,,,,,,0,0,,,,,
0021500400,32,2,1,1,7:49 PM,8:07,MISS Afflalo 15' Jump Shot,,,,,4.0,201167,Arron Afflalo,1610612752.0,New York,Knicks,NYK,0,0,,,,,,0,0,,,,,
0021500400,33,4,0,1,7:49 PM,8:05,,,Noah REBOUND (Off:2 Def:1),,,5.0,201149,Joakim Noah,1610612741.0,Chicago,Bulls,CHI,0,0,,,,,,0,0,,,,,
0021500400,34,2,3,1,7:49 PM,7:52,,,MISS Gibson 7' Hook Shot,,,5.0,201959,Taj Gibson,1610612741.0,Chicago,Bulls,CHI,0,0,,,,,,0,0,,,,,
0021500400,35,4,0,1,7:49 PM,7:51,Lopez REBOUND (Off:0 Def:1),,,,,4.0,201577,Robin Lopez,1610612752.0,New York,Knicks,NYK,0,0,,,,,,0,0,,,,,
0021500400,36,2,1,1,7:49 PM,7:40,MISS Anthony 25' 3PT Jump Shot,,,,,4.0,2546,Carmelo Anthony,1610612752.0,New York,Knicks,NYK,0,0,,,,,,0,0,,,,,
0021500400,37,4,0,1,7:49 PM,7:38,,,Noah REBOUND (Off:2 Def:2),,,5.0,201149,Joakim Noah,1610612741.0,Chicago,Bulls,CHI,0,0,,,,,,0,0,,,,,
0021500400,38,2,42,1,7:50 PM,7:30,,,MISS Rose 2' Driving Layup,,,5.0,201565,Derrick Rose,1610612741.0,Chicago,Bulls,CHI,0,0,,,,,,0,0,,,,,
0021500400,39,4,0,1,7:50 PM,7:28,Afflalo REBOUND (Off:0 Def:2),,,,,4.0,201167,Arron Afflalo,1610612752.0,New York,Knicks,NYK,0,0,,,,,,0,0,,,,,
0021500400,40,1,42,1,7:50 PM,7:24,Anthony 2' Driving Layup (4 PTS) (Afflalo 1 AST),,,12 - 7,-5,4.0,2546,Carmelo Anthony,1610612752.0,New York,Knicks,NYK,4,201167,Arron Afflalo,1610612752.0,New York,Knicks,NYK,0,0,,,,,
0021500400,41,2,79,1,7:50 PM,7:11,,,MISS Butler 12' Pullup Jump Shot,,,5.0,202710,Jimmy Butler,1610612741.0,Chicago,Bulls,CHI,0,0,,,,,,0,0,,,,,
0021500400,42,4,0,1,7:50 PM,7:09,Porzingis REBOUND (Off:0 Def:1),,,,,4.0,204001,Kristaps Porzingis,1610612752.0,New York,Knicks,NYK,0,0,,,,,,0,0,,,,,
0021500400,43,1,5,1,7:50 PM,6:54,Lopez 2' Layup (2 PTS) (Anthony 1 AST),,,12 - 9,-3,4.0,201577,Robin Lopez,1610612752.0,New York,Knicks,NYK,4,2546,Carmelo Anthony,1610612752.0,New York,Knicks,NYK,0,0,,,,,
0021500400,44,9,1,1,7:50 PM,6:52,,,Bulls Timeout: Regular (Reg.1 Short 0),,,3.0,1610612741,,,,,,0,0,,,,,,0,0,,,,,
0021500400,48,6,2,1,7:53 PM,6:41,Porzingis S.FOUL (P1.T2) (K.Mauer),,,,,4.0,204001,Kristaps Porzingis,1610612752.0,New York,Knicks,NYK,5,202710,Jimmy Butler,1610612741.0,Chicago,Bulls,CHI,1,0,,,,,
0021500400,49,3,11,1,7:53 PM,6:41,,,Butler Free Throw 1 of 2 (3 PTS),13 - 9,-4,5.0,202710,Jimmy Butler,1610612741.0,Chicago,Bulls,CHI,0,0,,,,,,0,0,,,,,
0021500400,51,8,0,1,7:53 PM,6:41,,,SUB: Hinrich FOR Rose,,,5.0,201565,Derrick Rose,1610612741.0,Chicago,Bulls,CHI,5,2550,Kirk Hinrich,1610612741.0,Chicago,Bulls,CHI,0,0,,,,,
0021500400,52,3,12,1,7:53 PM,6:41,,,Butler Free Throw 2 of 2 (4 PTS),14 - 9,-5,5.0,202710,Jimmy Butler,1610612741.0,Chicago,Bulls,CHI,0,0,,,,,,0,0,,,,,
0021500400,54,2,1,1,7:54 PM,6:21,MISS Calderon 24' 3PT Jump Shot,,,,,4.0,101181,Jose Calderon,1610612752.0,New York,Knicks,NYK,0,0,,,,,,0,0,,,,,
0021500400,55,4,0,1,7:54 PM,6:19,,,Gibson REBOUND (Off:0 Def:1),,,5.0,201959,Taj Gibson,1610612741.0,Chicago,Bulls,CHI,0,0,,,,,,0,0,,,,,
0021500400,56,2,1,1,7:54 PM,6:06,,,MISS Butler 19' Jump Shot,,,5.0,202710,Jimmy Butler,1610612741.0,Chicago,Bulls,CHI,0,0,,,,,,0,0,,,,,
0021500400,57,4,0,1,7:54 PM,6:04,Calderon REBOUND (Off:0 Def:1),,,,,4.0,101181,Jose Calderon,1610612752.0,New York,Knicks,NYK,0,0,,,,,,0,0,,,,,
0021500400,58,2,1,1,7:55 PM,5:47,MISS Anthony 14' Jump Shot,,,,,4.0,2546,Carmelo Anthony,1610612752.0,New York,Knicks,NYK,0,0,,,,,,0,0,,,,,
0021500400,59,4,0,1,7:55 PM,5:45,,,Snell REBOUND (Off:0 Def:3),,,5.0,203503,Tony Snell,1610612741.0,Chicago,Bulls,CHI,0,0,,,,,,0,0,,,,,
0021500400,60,1,1,1,7:55 PM,5:30,,,Gibson 13' Jump Shot (4 PTS) (Noah 2 AST),16 - 9,-7,5.0,201959,Taj Gibson,1610612741.0,Chicago,Bulls,CHI,5,201149,Joakim Noah,1610612741.0,Chicago,Bulls,CHI,0,0,,,,,
0021500400,61,2,47,1,7:55 PM,5:09,MISS Afflalo 4' Turnaround Jump Shot,,,,,4.0,201167,Arron Afflalo,1610612752.0,New York,Knicks,NYK,0,0,,,,,,0,0,,,,,
0021500400,62,4,0,1,7:55 PM,5:06,,,Hinrich REBOUND (Off:0 Def:1),,,5.0,2550,Kirk Hinrich,1610612741.0,Chicago,Bulls,CHI,0,0,,,,,,0,0,,,,,
0021500400,63,5,2,1,7:55 PM,4:52,Porzingis STEAL (1 STL),,Noah Lost Ball Turnover (P1.T2),,,5.0,201149,Joakim Noah,1610612741.0,Chicago,Bulls,CHI,4,204001,Kristaps Porzingis,1610612752.0,New York,Knicks,NYK,0,0,,,,,
0021500400,64,2,1,1,7:56 PM,4:43,MISS Porzingis 25' 3PT Jump Shot,,,,,4.0,204001,Kristaps Porzingis,1610612752.0,New York,Knicks,NYK,0,0,,,,,,0,0,,,,,
0021500400,65,4,0,1,7:56 PM,4:41,Anthony REBOUND (Off:1 Def:0),,,,,4.0,2546,Carmelo Anthony,1610612752.0,New York,Knicks,NYK,0,0,,,,,,0,0,,,,,
0021500400,66,1,5,1,7:56 PM,4:40,Anthony 1' Layup (6 PTS),,,16 - 11,-5,4.0,2546,Carmelo Anthony,1610612752.0,New York,Knicks,NYK,0,0,,,,,,0,0,,,,,
0021500400,67,6,1,1,7:56 PM,4:18,Afflalo P.FOUL (P1.T3) (M.Smith),,,,,4.0,201167,Arron Afflalo,1610612752.0,New York,Knicks,NYK,5,201959,Taj Gibson,1610612741.0,Chicago,Bulls,CHI,1,0,,,,,
0021500400,68,8,0,1,7:56 PM,4:18,SUB: O'Quinn FOR Lopez,,,,,4.0,201577,Robin Lopez,1610612752.0,New York,Knicks,NYK,4,203124,Kyle O'Quinn,1610612752.0,New York,Knicks,NYK,0,0,,,,,
0021500400,69,8,0,1,7:56 PM,4:18,,,SUB: Mirotic FOR Gibson,,,5.0,201959,Taj Gibson,1610612741.0,Chicago,Bulls,CHI,5,202703,Nikola Mirotic,1610612741.0,Chicago,Bulls,CHI,0,0,,,,,
0021500400,70,8,0,1,7:56 PM,4:18,,,SUB: McDermott FOR Snell,,,5.0,203503,Tony Snell,1610612741.0,Chicago,Bulls,CHI,5,203926,Doug McDermott,1610612741.0,Chicago,Bulls,CHI,0,0,,,,,
0021500400,71,8,0,1,7:56 PM,4:18,SUB: Thomas FOR Porzingis,,,,,4.0,204001,Kristaps Porzingis,1610612752.0,New York,Knicks,NYK,4,202498,Lance Thomas,1610612752.0,New York,Knicks,NYK,0,0,,,,,
0021500400,72,2,1,1,7:57 PM,4:11,,,MISS McDermott 19' Jump Shot,,,5.0,203926,Doug McDermott,1610612741.0,Chicago,Bulls,CHI,0,0,,,,,,0,0,,,,,
0021500400,73,4,0,1,7:57 PM,4:09,O'Quinn REBOUND (Off:0 Def:1),,,,,4.0,203124,Kyle O'Quinn,1610612752.0,New York,Knicks,NYK,0,0,,,,,,0,0,,,,,
0021500400,74,2,1,1,7:57 PM,3:56,MISS Calderon 24' 3PT Jump Shot,,,,,4.0,101181,Jose Calderon,1610612752.0,New York,Knicks,NYK,0,0,,,,,,0,0,,,,,
0021500400,75,4,0,1,7:57 PM,3:54,,,Hinrich REBOUND (Off:0 Def:2),,,5.0,2550,Kirk Hinrich,1610612741.0,Chicago,Bulls,CHI,0,0,,,,,,0,0,,,,,
0021500400,76,2,1,1,7:57 PM,3:46,,,MISS Mirotic 25' 3PT Jump Shot,,,5.0,202703,Nikola Mirotic,1610612741.0,Chicago,Bulls,CHI,0,0,,,,,,0,0,,,,,
0021500400,77,4,0,1,7:57 PM,3:44,O'Quinn REBOUND (Off:0 Def:2),,,,,4.0,203124,Kyle O'Quinn,1610612752.0,New York,Knicks,NYK,0,0,,,,,,0,0,,,,,
0021500400,78,6,2,1,7:57 PM,3:33,,,Hinrich S.FOUL (P1.T1) (A.Smith),,,5.0,2550,Kirk Hinrich,1610612741.0,Chicago,Bulls,CHI,4,101181,Jose Calderon,1610612752.0,New York,Knicks,NYK,1,0,,,,,
0021500400,79,3,11,1,7:58 PM,3:33,Calderon Free Throw 1 of 2 (1 PTS),,,16 - 12,-4,4.0,101181,Jose Calderon,1610612752.0,New York,Knicks,NYK,0,0,,,,,,0,0,,,,,
0021500400,81,3,12,1,7:58 PM,3:33,Calderon Free Throw 2 of 2 (2 PTS),,,16 - 13,-3,4.0,101181,Jose Calderon,1610612752.0,New York,Knicks,NYK,0,0,,,,,,0,0,,,,,
0021500400,83,2,1,1,7:58 PM,3:23,,,MISS Hinrich 25' 3PT Jump Shot,,,5.0,2550,Kirk Hinrich,1610612741.0,Chicago,Bulls,CHI,0,0,,,,,,0,0,,,,,
0021500400,84,4,0,1,7:58 PM,3:21,KNICKS Rebound,,,,,2.0,1610612752,,,,,,0,0,,,,,,0,0,,,,,
0021500400,85,8,0,1,7:58 PM,3:21,SUB: Galloway FOR Calderon,,,,,4.0,101181,Jose Calderon,1610612752.0,New York,Knicks,NYK,4,204038,Langston Galloway,1610612752.0,New York,Knicks,NYK,0,0,,,,,
0021500400,86,1,1,1,7:59 PM,3:02,Thomas 6' Jump Shot (2 PTS),,,16 - 15,-1,4.0,202498,Lance Thomas,1610612752.0,New York,Knicks,NYK,0,0,,,,,,0,0,,,,,
0021500400,87,5,45,1,7:59 PM,2:51,,,Hinrich Out of Bounds - Bad Pass Turnover Turnover (P1.T3),,,5.0,2550,Kirk Hinrich,1610612741.0,Chicago,Bulls,CHI,0,0,,,,,,0,0,,,,,
0021500400,88,6,4,1,7:59 PM,2:45,O'Quinn OFF.Foul (P1) (M.Smith),,,,,4.0,203124,Kyle O'Quinn,1610612752.0,New York,Knicks,NYK,5,201149,Joakim Noah,1610612741.0,Chicago,Bulls,CHI,1,0,,,,,
0021500400,89,5,5,1,7:59 PM,2:45,O'Quinn Foul Turnover (P1.T3),,,,,4.0,203124,Kyle O'Quinn,1610612752.0,New York,Knicks,NYK,0,0,,,,,,1,0,,,,,
0021500400,90,2,1,1,8:00 PM,2:24,,,MISS Hinrich 18' Jump Shot,,,5.0,2550,Kirk Hinrich,1610612741.0,Chicago,Bulls,CHI,0,0,,,,,,0,0,,,,,
0021500400,91,4,0,1,8:00 PM,2:22,Anthony REBOUND (Off:1 Def:1),,,,,4.0,2546,Carmelo Anthony,1610612752.0,New York,Knicks,NYK,0,0,,,,,,0,0,,,,,
0021500400,92,1,42,1,8:00 PM,2:16,Anthony 2' Driving Layup (8 PTS),,,16 - 17,1,4.0,2546,Carmelo Anthony,1610612752.0,New York,Knicks,NYK,0,0,,,,,,0,0,,,,,
0021500400,93,2,1,1,8:00 PM,2:00,,,MISS Noah 18' Jump Shot,,,5.0,201149,Joakim Noah,1610612741.0,Chicago,Bulls,CHI,0,0,,,,,,0,0,,,,,
0021500400,94,4,0,1,8:00 PM,1:58,Afflalo REBOUND (Off:0 Def:3),,,,,4.0,201167,Arron Afflalo,1610612752.0,New York,Knicks,NYK,0,0,,,,,,0,0,,,,,
0021500400,95,2,1,1,8:01 PM,1:39,MISS Galloway 24' 3PT Jump Shot,,,,,4.0,204038,Langston Galloway,1610612752.0,New York,Knicks,NYK,0,0,,,,,,0,0,,,,,
0021500400,96,4,0,1,8:01 PM,1:37,,,Mirotic REBOUND (Off:0 Def:1),,,5.0,202703,Nikola Mirotic,1610612741.0,Chicago,Bulls,CHI,0,0,,,,,,0,0,,,,,
0021500400,97,5,2,1,8:01 PM,1:30,Thomas STEAL (1 STL),,Butler Lost Ball Turnover (P1.T4),,,5.0,202710,Jimmy Butler,1610612741.0,Chicago,Bulls,CHI,4,202498,Lance Thomas,1610612752.0,New York,Knicks,NYK,0,0,,,,,
0021500400,98,1,1,1,8:01 PM,1:21,Thomas 24' 3PT Jump Shot (5 PTS) (Galloway 1 AST),,,16 - 20,4,4.0,202498,Lance Thomas,1610612752.0,New York,Knicks,NYK,4,204038,Langston Galloway,1610612752.0,New York,Knicks,NYK,0,0,,,,,
0021500400,99,2,1,1,8:01 PM,1:07,,,MISS McDermott 24' 3PT Jump Shot,,,5.0,203926,Doug McDermott,1610612741.0,Chicago,Bulls,CHI,0,0,,,,,,0,0,,,,,
0021500400,100,4,0,1,8:01 PM,1:05,O'Quinn REBOUND (Off:0 Def:3),,,,,4.0,203124,Kyle O'Quinn,1610612752.0,New York,Knicks,NYK,0,0,,,,,,0,0,,,,,
0021500400,101,1,42,1,8:01 PM,0:55,Anthony 1' Driving Layup (10 PTS),,,16 - 22,6,4.0,2546,Carmelo Anthony,1610612752.0,New York,Knicks,NYK,0,0,,,,,,0,0,,,,,
0021500400,102,1,5,1,8:02 PM,0:44,,,Noah 2' Layup (7 PTS) (Hinrich 1 AST),18 - 22,4,5.0,201149,Joakim Noah,1610612741.0,Chicago,Bulls,CHI,5,2550,Kirk Hinrich,1610612741.0,Chicago,Bulls,CHI,0,0,,,,,
0021500400,103,1,1,1,8:02 PM,0:20,Anthony 25' 3PT Jump Shot (13 PTS),,,18 - 25,7,4.0,2546,Carmelo Anthony,1610612752.0,New York,Knicks,NYK,0,0,,,,,,0,0,,,,,
0021500400,104,2,42,1,8:03 PM,0:00,,,MISS Butler 2' Driving Layup,,,5.0,202710,Jimmy Butler,1610612741.0,Chicago,Bulls,CHI,0,0,,,,,,0,0,,,,,
0021500400,105,4,0,1,8:03 PM,0:00,,,Bulls Rebound,,,3.0,1610612741,,,,,,0,0,,,,,,0,0,,,,,
0021500400,106,13,0,1,8:03 PM,0:00,,,,18 - 25,7,0.0,0,,,,,,0,0,,,,,,0,0,,,,,
0021500400,108,12,0,2,8:05 PM,12:00,,,,18 - 25,7,0.0,0,,,,,,0,0,,,,,,0,0,,,,,
0021500400,109,2,1,2,8:06 PM,11:37,MISS Williams 18' Jump Shot,,,,,4.0,202682,Derrick Williams,1610612752.0,New York,Knicks,NYK,0,0,,,,,,0,0,,,,,
0021500400,110,4,0,2,8:06 PM,11:35,O'Quinn REBOUND (Off:1 Def:3),,,,,4.0,203124,Kyle O'Quinn,1610612752.0,New York,Knicks,NYK,0,0,,,,,,0,0,,,,,
0021500400,111,2,78,2,8:06 PM,11:31,MISS Thomas 14' Floating Jump Shot,,,,,4.0,202498,Lance Thomas,1610612752.0,New York,Knicks,NYK,0,0,,,,,,0,0,,,,,
0021500400,112,4,0,2,8:06 PM,11:29,Williams REBOUND (Off:1 Def:0),,,,,4.0,202682,Derrick Williams,1610612752.0,New York,Knicks,NYK,0,0,,,,,,0,0,,,,,
0021500400,113,1,1,2,8:06 PM,11:14,O'Quinn 15' Jump Shot (2 PTS),,,18 - 27,9,4.0,203124,Kyle O'Quinn,1610612752.0,New York,Knicks,NYK,0,0,,,,,,0,0,,,,,
0021500400,114,2,1,2,8:06 PM,10:59,,,MISS Mirotic 24' 3PT Jump Shot,,,5.0,202703,Nikola Mirotic,1610612741.0,Chicago,Bulls,CHI,0,0,,,,,,0,0,,,,,
0021500400,115,4,0,2,8:06 PM,10:57,O'Quinn REBOUND (Off:1 Def:4),,,,,4.0,203124,Kyle O'Quinn,1610612752.0,New York,Knicks,NYK,0,0,,,,,,0,0,,,,,
0021500400,117,2,1,2,8:07 PM,10:46,MISS Grant 24' 3PT Jump Shot,,,,,4.0,1626170,Jerian Grant,1610612752.0,New York,Knicks,NYK,0,0,,,,,,0,0,,,,,
0021500400,118,4,0,2,8:07 PM,10:44,O'Quinn REBOUND (Off:2 Def:4),,,,,4.0,203124,Kyle O'Quinn,1610612752.0,New York,Knicks,NYK,0,0,,,,,,0,0,,,,,
0021500400,119,5,4,2,8:07 PM,10:40,O'Quinn Traveling Turnover (P2.T4),,,,,4.0,203124,Kyle O'Quinn,1610612752.0,New York,Knicks,NYK,0,0,,,,,,1,0,,,,,
0021500400,120,1,42,2,8:07 PM,10:23,,,Mirotic 3' Driving Layup (2 PTS) (Brooks 1 AST),20 - 27,7,5.0,202703,Nikola Mirotic,1610612741.0,Chicago,Bulls,CHI,5,201166,Aaron Brooks,1610612741.0,Chicago,Bulls,CHI,0,0,,,,,
0021500400,121,2,1,2,8:08 PM,10:02,MISS Williams 24' 3PT Jump Shot,,,,,4.0,202682,Derrick Williams,1610612752.0,New York,Knicks,NYK,0,0,,,,,,0,0,,,,,
0021500400,122,4,0,2,8:08 PM,10:00,,,Portis REBOUND (Off:0 Def:1),,,5.0,1626171,Bobby Portis,1610612741.0,Chicago,Bulls,CHI,0,0,,,,,,0,0,,,,,
0021500400,123,2,1,2,8:08 PM,9:54,,,MISS Portis 17' Jump Shot,,,5.0,1626171,Bobby Portis,1610612741.0,Chicago,Bulls,CHI,0,0,,,,,,0,0,,,,,
0021500400,124,4,0,2,8:08 PM,9:52,O'Quinn REBOUND (Off:2 Def:5),,,,,4.0,203124,Kyle O'Quinn,1610612752.0,New York,Knicks,NYK,0,0,,,,,,0,0,,,,,
0021500400,125,2,42,2,8:08 PM,9:44,MISS Grant 1' Driving Layup,,,,,4.0,1626170,Jerian Grant,1610612752.0,New York,Knicks,NYK,0,0,,,,,,0,0,,,,,
0021500400,126,4,0,2,8:08 PM,9:42,Williams REBOUND (Off:2 Def:0),,,,,4.0,202682,Derrick Williams,1610612752.0,New York,Knicks,NYK,0,0,,,,,,0,0,,,,,
0021500400,127,2,1,2,8:08 PM,9:41,MISS Williams 3' Jump Shot,,,,,4.0,202682,Derrick Williams,1610612752.0,New York,Knicks,NYK,0,0,,,,,,0,0,,,,,
0021500400,128,4,0,2,8:08 PM,9:40,,,Portis REBOUND (Off:0 Def:2),,,5.0,1626171,Bobby Portis,1610612741.0,Chicago,Bulls,CHI,0,0,,,,,,0,0,,,,,
0021500400,129,2,1,2,8:08 PM,9:29,,,MISS Mirotic  3PT Jump Shot,,,5.0,202703,Nikola Mirotic,1610612741.0,Chicago,Bulls,CHI,0,0,,,,,,0,0,,,,,
0021500400,130,4,0,2,8:08 PM,9:27,Williams REBOUND (Off:2 Def:1),,,,,4.0,202682,Derrick Williams,1610612752.0,New York,Knicks,NYK,0,0,,,,,,0,0,,,,,
0021500400,131,5,1,2,8:08 PM,9:21,Grant Bad Pass Turnover (P1.T5),,Mirotic STEAL (1 STL),,,4.0,1626170,Jerian Grant,1610612752.0,New York,Knicks,NYK,5,202703,Nikola Mirotic,1610612741.0,Chicago,Bulls,CHI,0,0,,,,,
0021500400,132,5,39,2,8:08 PM,9:20,,,Mirotic Step Out of Bounds Turnover (P1.T5),,,5.0,202703,Nikola Mirotic,1610612741.0,Chicago,Bulls,CHI,0,0,,,,,,1,0,,,,,
0021500400,133,8,0,2,8:09 PM,9:20,SUB: Porzingis FOR O'Quinn,,,,,4.0,203124,Kyle O'Quinn,1610612752.0,New York,Knicks,NYK,4,204001,Kristaps Porzingis,1610612752.0,New York,Knicks,NYK,0,0,,,,,
0021500400,134,6,1,2,8:09 PM,9:12,,,Portis P.FOUL (P1.T1) (A.Smith),,,5.0,1626171,Bobby Portis,1610612741.0,Chicago,Bulls,CHI,4,204001,Kristaps Porzingis,1610612752.0,New York,Knicks,NYK,1,0,,,,,
0021500400,135,2,1,2,8:10 PM,8:58,MISS Galloway 24' Jump Shot,,,,,4.0,204038,Langston Galloway,1610612752.0,New York,Knicks,NYK,0,0,,,,,,0,0,,,,,
0021500400,136,4,0,2,8:10 PM,8:56,,,Portis REBOUND (Off:0 Def:3),,,5.0,1626171,Bobby Portis,1610612741.0,Chicago,Bulls,CHI,0,0,,,,,,0,0,,,,,
0021500400,137,6,1,2,8:10 PM,8:39,Thomas P.FOUL (P1.T1) (K.Mauer),,,,,4.0,202498,Lance Thomas,1610612752.0,New York,Knicks,NYK,5,201166,Aaron Brooks,1610612741.0,Chicago,Bulls,CHI,1,0,,,,,
0021500400,138,9,4,2,8:10 PM,8:39,,,,,,1.0,0,,,,,,0,0,,,,,,0,0,,,,,
0021500400,142,6,4,2,8:13 PM,8:38,,,Mirotic OFF.Foul (P1) (K.Mauer),,,5.0,202703,Nikola Mirotic,1610612741.0,Chicago,Bulls,CHI,4,202498,Lance Thomas,1610612752.0,New York,Knicks,NYK,1,0,,,,,
0021500400,143,5,5,2,8:13 PM,8:38,,,Mirotic Foul Turnover (P2.T6),,,5.0,202703,Nikola Mirotic,1610612741.0,Chicago,Bulls,CHI,0,0,,,,,,1,0,,,,,
0021500400,144,5,2,2,8:13 PM,8:22,Williams Lost Ball Turnover (P1.T6),,Brooks STEAL (1 STL),,,4.0,202682,Derrick Williams,1610612752.0,New York,Knicks,NYK,5,201166,Aaron Brooks,1610612741.0,Chicago,Bulls,CHI,0,0,,,,,
0021500400,146,8,0,2,8:13 PM,8:16,,,SUB: Rose FOR Hinrich,,,5.0,2550,Kirk Hinrich,1610612741.0,Chicago,Bulls,CHI,5,201565,Derrick Rose,1610612741.0,Chicago,Bulls,CHI,0,0,,,,,
0021500400,147,2,1,2,8:14 PM,8:07,,,MISS Portis 5' Jump Shot,,,5.0,1626171,Bobby Portis,1610612741.0,Chicago,Bulls,CHI,0,0,,,,,,0,0,,,,,
0021500400,148,4,0,2,8:14 PM,8:05,Grant REBOUND (Off:0 Def:1),,,,,4.0,1626170,Jerian Grant,1610612752.0,New York,Knicks,NYK,0,0,,,,,,0,0,,,,,
0021500400,149,1,7,2,8:14 PM,7:55,Williams  Dunk (2 PTS) (Galloway 2 AST),,,20 - 29,9,4.0,202682,Derrick Williams,1610612752.0,New York,Knicks,NYK,4,204038,Langston Galloway,1610612752.0,New York,Knicks,NYK,0,0,,,,,
0021500400,150,2,1,2,8:14 PM,7:41,,,MISS Mirotic 13' Jump Shot,,,5.0,202703,Nikola Mirotic,1610612741.0,Chicago,Bulls,CHI,0,0,,,,,,0,0,,,,,
0021500400,151,4,0,2,8:14 PM,7:40,Porzingis REBOUND (Off:0 Def:2),,,,,4.0,204001,Kristaps Porzingis,1610612752.0,New York,Knicks,NYK,0,0,,,,,,0,0,,,,,
0021500400,152,6,1,2,8:15 PM,7:25,,,Brooks P.FOUL (P1.T2) (A.Smith),,,5.0,201166,Aaron Brooks,1610612741.0,Chicago,Bulls,CHI,4,204001,Kristaps Porzingis,1610612752.0,New York,Knicks,NYK,1,0,,,,,
0021500400,153,8,0,2,8:15 PM,7:25,,,SUB: Butler FOR Brooks,,,5.0,201166,Aaron Brooks,1610612741.0,Chicago,Bulls,CHI,5,202710,Jimmy Butler,1610612741.0,Chicago,Bulls,CHI,0,0,,,,,
0021500400,154,8,0,2,8:15 PM,7:25,SUB: Afflalo FOR Grant,,,,,4.0,1626170,Jerian Grant,1610612752.0,New York,Knicks,NYK,4,201167,Arron Afflalo,1610612752.0,New York,Knicks,NYK,0,0,,,,,
0021500400,155,8,0,2,8:15 PM,7:25,SUB: Anthony FOR Thomas,,,,,4.0,202498,Lance Thomas,1610612752.0,New York,Knicks,NYK,4,2546,Carmelo Anthony,1610612752.0,New York,Knicks,NYK,0,0,,,,,
0021500400,156,5,1,2,8:15 PM,7:19,Galloway Bad Pass Turnover (P1.T7),,Portis STEAL (1 STL),,,4.0,204038,Langston Galloway,1610612752.0,New York,Knicks,NYK,5,1626171,Bobby Portis,1610612741.0,Chicago,Bulls,CHI,0,0,,,,,
0021500400,157,2,42,2,8:16 PM,7:14,,,MISS Mirotic 3' Driving Layup,,,5.0,202703,Nikola Mirotic,1610612741.0,Chicago,Bulls,CHI,0,0,,,,,,0,0,,,,,
0021500400,159,4,0,2,8:16 PM,7:12,,,Portis REBOUND (Off:1 Def:3),,,5.0,1626171,Bobby Portis,1610612741.0,Chicago,Bulls,CHI,0,0,,,,,,0,0,,,,,
0021500400,158,1,72,2,8:16 PM,7:12,,,Portis 3' Putback Layup (2 PTS),22 - 29,7,5.0,1626171,Bobby Portis,1610612741.0,Chicago,Bulls,CHI,0,0,,,,,,0,0,,,,,
0021500400,160,1,5,2,8:16 PM,6:59,Williams 2' Layup (4 PTS),,,22 - 31,9,4.0,202682,Derrick Williams,1610612752.0,New York,Knicks,NYK,0,0,,,,,,0,0,,,,,
0021500400,161,6,2,2,8:16 PM,6:59,,,McDermott S.FOUL (P1.T3) (M.Smith),,,5.0,203926,Doug McDermott,1610612741.0,Chicago,Bulls,CHI,4,202682,Derrick Williams,1610612752.0,New York,Knicks,NYK,1,0,,,,,
0021500400,162,8,0,2,8:16 PM,6:59,,,SUB: Gibson FOR Mirotic,,,5.0,202703,Nikola Mirotic,1610612741.0,Chicago,Bulls,CHI,5,201959,Taj Gibson,1610612741.0,Chicago,Bulls,CHI,0,0,,,,,
0021500400,163,3,10,2,8:16 PM,6:59,Williams Free Throw 1 of 1 (5 PTS),,,22 - 32,10,4.0,202682,Derrick Williams,1610612752.0,New York,Knicks,NYK,0,0,,,,,,0,0,,,,,
0021500400,166,2,1,2,8:17 PM,6:39,,,MISS McDermott 25' 3PT Jump Shot,,,5.0,203926,Doug McDermott,1610612741.0,Chicago,Bulls,CHI,0,0,,,,,,0,0,,,,,
0021500400,167,4,0,2,8:17 PM,6:36,Williams REBOUND (Off:2 Def:2),,,,,4.0,202682,Derrick Williams,1610612752.0,New York,Knicks,NYK,0,0,,,,,,0,0,,,,,
0021500400,168,1,5,2,8:17 PM,6:26,Anthony 1' Layup (15 PTS) (Porzingis 1 AST),,,22 - 34,12,4.0,2546,Carmelo Anthony,1610612752.0,New York,Knicks,NYK,4,204001,Kristaps Porzingis,1610612752.0,New York,Knicks,NYK,0,0,,,,,
0021500400,169,9,1,2,8:17 PM,6:24,,,Bulls Timeout: Regular (Reg.2 Short 0),,,3.0,1610612741,,,,,,0,0,,,,,,0,0,,,,,
0021500400,171,8,0,2,8:19 PM,6:24,,,SUB: Noah FOR McDermott,,,5.0,203926,Doug McDermott,1610612741.0,Chicago,Bulls,CHI,5,201149,Joakim Noah,1610612741.0,Chicago,Bulls,CHI,0,0,,,,,
0021500400,172,8,0,2,8:19 PM,6:24,,,SUB: Snell FOR Portis,,,5.0,1626171,Bobby Portis,1610612741.0,Chicago,Bulls,CHI,5,203503,Tony Snell,1610612741.0,Chicago,Bulls,CHI,0,0,,,,,
0021500400,174,2,1,2,8:20 PM,6:07,,,MISS Rose 13' Jump Shot,,,5.0,201565,Derrick Rose,1610612741.0,Chicago,Bulls,CHI,0,0,,,,,,0,0,,,,,
0021500400,175,4,0,2,8:20 PM,6:05,,,Butler REBOUND (Off:1 Def:0),,,5.0,202710,Jimmy Butler,1610612741.0,Chicago,Bulls,CHI,0,0,,,,,,0,0,,,,,
0021500400,176,1,78,2,8:20 PM,6:00,,,Rose 7' Floating Jump Shot (2 PTS) (Butler 2 AST),24 - 34,10,5.0,201565,Derrick Rose,1610612741.0,Chicago,Bulls,CHI,5,202710,Jimmy Butler,1610612741.0,Chicago,Bulls,CHI,0,0,,,,,
0021500400,177,1,1,2,8:20 PM,5:41,Porzingis 20' Jump Shot (2 PTS) (Anthony 2 AST),,,24 - 36,12,4.0,204001,Kristaps Porzingis,1610612752.0,New York,Knicks,NYK,4,2546,Carmelo Anthony,1610612752.0,New York,Knicks,NYK,0,0,,,,,
0021500400,178,6,1,2,8:21 PM,5:18,Afflalo P.FOUL (P2.T2) (M.Smith),,,,,4.0,201167,Arron Afflalo,1610612752.0,New York,Knicks,NYK,5,201959,Taj Gibson,1610612741.0,Chicago,Bulls,CHI,1,0,,,,,
0021500400,179,8,0,2,8:21 PM,5:18,SUB: Calderon FOR Galloway,,,,,4.0,204038,Langston Galloway,1610612752.0,New York,Knicks,NYK,4,101181,Jose Calderon,1610612752.0,New York,Knicks,NYK,0,0,,,,,
0021500400,180,6,2,2,8:21 PM,5:10,Porzingis S.FOUL (P2.T3) (K.Mauer),,,,,4.0,204001,Kristaps Porzingis,1610612752.0,New York,Knicks,NYK,5,201149,Joakim Noah,1610612741.0,Chicago,Bulls,CHI,1,0,,,,,
0021500400,181,3,11,2,8:21 PM,5:10,,,Noah Free Throw 1 of 2 (8 PTS),25 - 36,11,5.0,201149,Joakim Noah,1610612741.0,Chicago,Bulls,CHI,0,0,,,,,,0,0,,,,,
0021500400,183,3,12,2,8:22 PM,5:10,,,Noah Free Throw 2 of 2 (9 PTS),26 - 36,10,5.0,201149,Joakim Noah,1610612741.0,Chicago,Bulls,CHI,0,0,,,,,,0,0,,,,,
0021500400,185,2,1,2,8:22 PM,4:56,MISS Afflalo 7' Jump Shot,,,,,4.0,201167,Arron Afflalo,1610612752.0,New York,Knicks,NYK,0,0,,,,,,0,0,,,,,
0021500400,186,4,0,2,8:22 PM,4:54,Porzingis REBOUND (Off:1 Def:2),,,,,4.0,204001,Kristaps Porzingis,1610612752.0,New York,Knicks,NYK,0,0,,,,,,0,0,,,,,
0021500400,187,1,1,2,8:23 PM,4:34,Calderon 24' 3PT Jump Shot (5 PTS) (Porzingis 2 AST),,,26 - 39,13,4.0,101181,Jose Calderon,1610612752.0,New York,Knicks,NYK,4,204001,Kristaps Porzingis,1610612752.0,New York,Knicks,NYK,0,0,,,,,
0021500400,188,2,1,2,8:23 PM,4:22,,,MISS Rose 10' Jump Shot,,,5.0,201565,Derrick Rose,1610612741.0,Chicago,Bulls,CHI,0,0,,,,,,0,0,,,,,
0021500400,190,4,0,2,8:23 PM,4:20,,,Noah REBOUND (Off:3 Def:2),,,5.0,201149,Joakim Noah,1610612741.0,Chicago,Bulls,CHI,0,0,,,,,,0,0,,,,,
0021500400,189,1,97,2,8:23 PM,4:20,,,Noah 1' Tip Layup Shot (11 PTS),28 - 39,11,5.0,201149,Joakim Noah,1610612741.0,Chicago,Bulls,CHI,0,0,,,,,,0,0,,,,,
0021500400,191,2,42,2,8:23 PM,4:06,MISS Anthony 2' Driving Layup,,,,,4.0,2546,Carmelo Anthony,1610612752.0,New York,Knicks,NYK,0,0,,,,,,0,0,,,,,
0021500400,192,4,0,2,8:23 PM,4:05,,,Noah REBOUND (Off:3 Def:3),,,5.0,201149,Joakim Noah,1610612741.0,Chicago,Bulls,CHI,0,0,,,,,,0,0,,,,,
0021500400,193,1,7,2,8:23 PM,4:01,,,Noah  Dunk (13 PTS) (Gibson 1 AST),30 - 39,9,5.0,201149,Joakim Noah,1610612741.0,Chicago,Bulls,CHI,5,201959,Taj Gibson,1610612741.0,Chicago,Bulls,CHI,0,0,,,,,
0021500400,194,9,1,2,8:23 PM,4:00,KNICKS Timeout: Regular (Full 2 Short 0),,,,,2.0,1610612752,,,,,,0,0,,,,,,0,0,,,,,
0021500400,196,8,0,2,8:25 PM,4:00,SUB: Lopez FOR Williams,,,,,4.0,202682,Derrick Williams,1610612752.0,New York,Knicks,NYK,4,201577,Robin Lopez,1610612752.0,New York,Knicks,NYK,0,0,,,,,
0021500400,198,1,1,2,8:26 PM,3:37,Anthony 17' Jump Shot (17 PTS),,,30 - 41,11,4.0,2546,Carmelo Anthony,1610612752.0,New York,Knicks,NYK,0,0,,,,,,0,0,,,,,
0021500400,199,1,42,2,8:26 PM,3:22,,,Rose 3' Driving Layup (4 PTS),32 - 41,9,5.0,201565,Derrick Rose,1610612741.0,Chicago,Bulls,CHI,0,0,,,,,,0,0,,,,,
0021500400,200,1,42,2,8:26 PM,3:16,Afflalo 2' Driving Layup (5 PTS) (Calderon 2 AST),,,32 - 43,11,4.0,201167,Arron Afflalo,1610612752.0,New York,Knicks,NYK,4,101181,Jose Calderon,1610612752.0,New York,Knicks,NYK,0,0,,,,,
0021500400,201,6,2,2,8:26 PM,3:16,,,Snell S.FOUL (P1.T4) (K.Mauer),,,5.0,203503,Tony Snell,1610612741.0,Chicago,Bulls,CHI,4,201167,Arron Afflalo,1610612752.0,New York,Knicks,NYK,1,0,,,,,
0021500400,202,3,10,2,8:27 PM,3:16,MISS Afflalo Free Throw 1 of 1,,,,,4.0,201167,Arron Afflalo,1610612752.0,New York,Knicks,NYK,0,0,,,,,,0,0,,,,,
0021500400,203,4,0,2,8:27 PM,3:15,Porzingis REBOUND (Off:2 Def:2),,,,,4.0,204001,Kristaps Porzingis,1610612752.0,New York,Knicks,NYK,0,0,,,,,,0,0,,,,,
0021500400,204,2,1,2,8:27 PM,3:08,MISS Porzingis 24' 3PT Jump Shot,,,,,4.0,204001,Kristaps Porzingis,1610612752.0,New York,Knicks,NYK,0,0,,,,,,0,0,,,,,
0021500400,205,4,0,2,8:27 PM,3:06,Lopez REBOUND (Off:1 Def:1),,,,,4.0,201577,Robin Lopez,1610612752.0,New York,Knicks,NYK,0,0,,,,,,0,0,,,,,
0021500400,206,1,5,2,8:27 PM,3:05,Lopez 2' Layup (4 PTS),,,32 - 45,13,4.0,201577,Robin Lopez,1610612752.0,New York,Knicks,NYK,0,0,,,,,,0,0,,,,,
0021500400,207,5,45,2,8:27 PM,2:45,,,Rose Out of Bounds - Bad Pass Turnover Turnover (P2.T7),,,5.0,201565,Derrick Rose,1610612741.0,Chicago,Bulls,CHI,0,0,,,,,,0,0,,,,,
0021500400,208,1,1,2,8:28 PM,2:30,Porzingis 20' Jump Shot (4 PTS),,,32 - 47,15,4.0,204001,Kristaps Porzingis,1610612752.0,New York,Knicks,NYK,0,0,,,,,,0,0,,,,,
0021500400,209,1,1,2,8:28 PM,2:19,,,Butler 24' 3PT Jump Shot (7 PTS),35 - 47,12,5.0,202710,Jimmy Butler,1610612741.0,Chicago,Bulls,CHI,0,0,,,,,,0,0,,,,,
0021500400,210,1,52,2,8:28 PM,2:03,Anthony  Alley Oop Dunk (19 PTS) (Afflalo 2 AST),,,35 - 49,14,4.0,2546,Carmelo Anthony,1610612752.0,New York,Knicks,NYK,4,201167,Arron Afflalo,1610612752.0,New York,Knicks,NYK,0,0,,,,,
0021500400,211,2,1,2,8:28 PM,1:48,,,MISS Butler 11' Jump Shot,,,5.0,202710,Jimmy Butler,1610612741.0,Chicago,Bulls,CHI,0,0,,,,,,0,0,,,,,
0021500400,212,4,0,2,8:28 PM,1:46,Calderon REBOUND (Off:0 Def:2),,,,,4.0,101181,Jose Calderon,1610612752.0,New York,Knicks,NYK,0,0,,,,,,0,0,,,,,
0021500400,213,2,5,2,8:28 PM,1:38,MISS Afflalo 1' Layup,,,,,4.0,201167,Arron Afflalo,1610612752.0,New York,Knicks,NYK,0,0,,,,,,0,0,,,,,
0021500400,214,4,0,2,8:28 PM,1:37,,,Butler REBOUND (Off:1 Def:1),,,5.0,202710,Jimmy Butler,1610612741.0,Chicago,Bulls,CHI,0,0,,,,,,0,0,,,,,
0021500400,215,6,1,2,8:29 PM,1:31,Porzingis P.FOUL (P3.T4) (K.Mauer),,,,,4.0,204001,Kristaps Porzingis,1610612752.0,New York,Knicks,NYK,5,201959,Taj Gibson,1610612741.0,Chicago,Bulls,CHI,1,0,,,,,
0021500400,216,8,0,2,8:29 PM,1:31,,,SUB: Portis FOR Gibson,,,5.0,201959,Taj Gibson,1610612741.0,Chicago,Bulls,CHI,5,1626171,Bobby Portis,1610612741.0,Chicago,Bulls,CHI,0,0,,,,,
0021500400,217,8,0,2,8:29 PM,1:31,SUB: O'Quinn FOR Porzingis,,,,,4.0,204001,Kristaps Porzingis,1610612752.0,New York,Knicks,NYK,4,203124,Kyle O'Quinn,1610612752.0,New York,Knicks,NYK,0,0,,,,,
0021500400,218,5,2,2,8:29 PM,1:22,O'Quinn STEAL (1 STL),,Portis Lost Ball Turnover (P1.T8),,,5.0,1626171,Bobby Portis,1610612741.0,Chicago,Bulls,CHI,4,203124,Kyle O'Quinn,1610612752.0,New York,Knicks,NYK,0,0,,,,,
0021500400,219,5,1,2,8:29 PM,1:14,Anthony Bad Pass Turnover (P1.T8),,Portis STEAL (2 STL),,,4.0,2546,Carmelo Anthony,1610612752.0,New York,Knicks,NYK,5,1626171,Bobby Portis,1610612741.0,Chicago,Bulls,CHI,0,0,,,,,
0021500400,220,6,2,2,8:30 PM,1:10,Anthony S.FOUL (P1.PN) (A.Smith),,,,,4.0,2546,Carmelo Anthony,1610612752.0,New York,Knicks,NYK,5,1626171,Bobby Portis,1610612741.0,Chicago,Bulls,CHI,1,0,,,,,
0021500400,221,3,11,2,8:30 PM,1:10,,,MISS Portis Free Throw 1 of 2,,,5.0,1626171,Bobby Portis,1610612741.0,Chicago,Bulls,CHI,0,0,,,,,,0,0,,,,,
0021500400,222,4,1,2,8:30 PM,1:10,,,Bulls Rebound,,,3.0,1610612741,,,,,,0,0,,,,,,0,0,,,,,
0021500400,223,3,12,2,8:30 PM,1:10,,,MISS Portis Free Throw 2 of 2,,,5.0,1626171,Bobby Portis,1610612741.0,Chicago,Bulls,CHI,0,0,,,,,,0,0,,,,,
0021500400,225,4,0,2,8:30 PM,1:09,,,Snell REBOUND (Off:1 Def:3),,,5.0,203503,Tony Snell,1610612741.0,Chicago,Bulls,CHI,0,0,,,,,,0,0,,,,,
0021500400,226,2,1,2,8:30 PM,1:00,,,MISS Snell 3' Jump Shot,,,5.0,203503,Tony Snell,1610612741.0,Chicago,Bulls,CHI,0,0,,,,,,0,0,,,,,
0021500400,227,4,0,2,8:31 PM,0:58,,,Portis REBOUND (Off:2 Def:3),,,5.0,1626171,Bobby Portis,1610612741.0,Chicago,Bulls,CHI,0,0,,,,,,0,0,,,,,
0021500400,228,2,1,2,8:31 PM,0:57,,,MISS Portis 3' Jump Shot,,,5.0,1626171,Bobby Portis,1610612741.0,Chicago,Bulls,CHI,0,0,,,,,,0,0,,,,,
0021500400,229,4,0,2,8:31 PM,0:56,,,Portis REBOUND (Off:3 Def:3),,,5.0,1626171,Bobby Portis,1610612741.0,Chicago,Bulls,CHI,0,0,,,,,,0,0,,,,,
0021500400,230,1,5,2,8:31 PM,0:56,,,Portis 1' Layup (4 PTS),37 - 49,12,5.0,1626171,Bobby Portis,1610612741.0,Chicago,Bulls,CHI,0,0,,,,,,0,0,,,,,
0021500400,231,2,63,2,8:31 PM,0:37,MISS Anthony 11' Fadeaway Jumper,,,,,4.0,2546,Carmelo Anthony,1610612752.0,New York,Knicks,NYK,0,0,,,,,,0,0,,,,,
0021500400,232,4,0,2,8:31 PM,0:35,,,Snell REBOUND (Off:1 Def:4),,,5.0,203503,Tony Snell,1610612741.0,Chicago,Bulls,CHI,0,0,,,,,,0,0,,,,,
0021500400,233,1,79,2,8:31 PM,0:22,,,Snell 14' Pullup Jump Shot (5 PTS),39 - 49,10,5.0,203503,Tony Snell,1610612741.0,Chicago,Bulls,CHI,0,0,,,,,,0,0,,,,,
0021500400,234,2,1,2,8:32 PM,0:04,MISS Calderon 25' 3PT Jump Shot,,,,,4.0,101181,Jose Calderon,1610612752.0,New York,Knicks,NYK,0,0,,,,,,0,0,,,,,
0021500400,236,4,0,2,8:32 PM,0:02,Lopez REBOUND (Off:2 Def:1),,,,,4.0,201577,Robin Lopez,1610612752.0,New York,Knicks,NYK,0,0,,,,,,0,0,,,,,
0021500400,235,2,97,2,8:32 PM,0:02,MISS Lopez 1' Tip Layup Shot,,,,,4.0,201577,Robin Lopez,1610612752.0,New York,Knicks,NYK,0,0,,,,,,0,0,,,,,
0021500400,237,4,0,2,8:32 PM,0:02,O'Quinn REBOUND (Off:3 Def:5),,,,,4.0,203124,Kyle O'Quinn,1610612752.0,New York,Knicks,NYK,0,0,,,,,,0,0,,,,,
0021500400,238,2,40,2,8:32 PM,0:00,MISS O'Quinn 1' Layup,,,,,4.0,203124,Kyle O'Quinn,1610612752.0,New York,Knicks,NYK,0,0,,,,,,0,0,,,,,
0021500400,247,4,0,2,8:32 PM,0:00,,,Bulls Rebound,,,3.0,1610612741,,,,,,0,0,,,,,,0,0,,,,,
0021500400,239,2,1,2,8:32 PM,0:00,,,MISS Rose 83' 3PT Jump Shot,,,5.0,201565,Derrick Rose,1610612741.0,Chicago,Bulls,CHI,0,0,,,,,,0,0,,,,,
0021500400,240,4,0,2,8:32 PM,0:00,,,Bulls Rebound,,,3.0,1610612741,,,,,,0,0,,,,,,0,0,,,,,
0021500400,244,18,0,2,8:34 PM,0:00,,,,,,,209,Dell Curry,,,,,0,0,,,,,,1,0,,,,,
0021500400,248,13,0,2,8:34 PM,0:00,,,,39 - 49,10,0.0,0,,,,,,0,0,,,,,,0,0,,,,,
0021500400,250,12,0,3,8:50 PM,12:00,,,,39 - 49,10,0.0,0,,,,,,0,0,,,,,,0,0,,,,,
0021500400,251,5,8,3,8:51 PM,11:38,Lopez 3 Second Violation Turnover (P2.T9),,,,,4.0,201577,Robin Lopez,1610612752.0,New York,Knicks,NYK,0,0,,,,,,1,0,,,,,
0021500400,252,2,1,3,8:51 PM,11:28,,,MISS Rose 25' 3PT Jump Shot,,,5.0,201565,Derrick Rose,1610612741.0,Chicago,Bulls,CHI,0,0,,,,,,0,0,,,,,
0021500400,253,4,0,3,8:51 PM,11:26,Porzingis REBOUND (Off:2 Def:3),,,,,4.0,204001,Kristaps Porzingis,1610612752.0,New York,Knicks,NYK,0,0,,,,,,0,0,,,,,
0021500400,254,1,79,3,8:51 PM,11:20,Afflalo 8' Pullup Jump Shot (7 PTS),,,39 - 51,12,4.0,201167,Arron Afflalo,1610612752.0,New York,Knicks,NYK,0,0,,,,,,0,0,,,,,
0021500400,255,2,1,3,8:51 PM,11:09,,,MISS Noah 3' Jump Shot,,,5.0,201149,Joakim Noah,1610612741.0,Chicago,Bulls,CHI,0,0,,,,,,0,0,,,,,
0021500400,256,4,0,3,8:51 PM,11:06,Anthony REBOUND (Off:1 Def:2),,,,,4.0,2546,Carmelo Anthony,1610612752.0,New York,Knicks,NYK,0,0,,,,,,0,0,,,,,
0021500400,257,2,47,3,8:52 PM,10:49,MISS Porzingis 14' Turnaround Jump Shot,,,,,4.0,204001,Kristaps Porzingis,1610612752.0,New York,Knicks,NYK,0,0,,,,,,0,0,,,,,
0021500400,258,4,0,3,8:52 PM,10:47,,,Snell REBOUND (Off:1 Def:5),,,5.0,203503,Tony Snell,1610612741.0,Chicago,Bulls,CHI,0,0,,,,,,0,0,,,,,
0021500400,259,2,1,3,8:52 PM,10:36,,,MISS Noah 3' Jump Shot,,,5.0,201149,Joakim Noah,1610612741.0,Chicago,Bulls,CHI,0,0,,,,,,0,0,,,,,
0021500400,260,4,0,3,8:52 PM,10:34,,,Noah REBOUND (Off:4 Def:3),,,5.0,201149,Joakim Noah,1610612741.0,Chicago,Bulls,CHI,0,0,,,,,,0,0,,,,,
0021500400,261,1,5,3,8:52 PM,10:33,,,Noah 2' Layup (15 PTS),41 - 51,10,5.0,201149,Joakim Noah,1610612741.0,Chicago,Bulls,CHI,0,0,,,,,,0,0,,,,,
0021500400,262,1,1,3,8:52 PM,10:15,Afflalo 17' Jump Shot (9 PTS) (Porzingis 3 AST),,,41 - 53,12,4.0,201167,Arron Afflalo,1610612752.0,New York,Knicks,NYK,4,204001,Kristaps Porzingis,1610612752.0,New York,Knicks,NYK,0,0,,,,,
0021500400,263,2,3,3,8:52 PM,9:58,,,MISS Noah 4' Hook Shot,,,5.0,201149,Joakim Noah,1610612741.0,Chicago,Bulls,CHI,0,0,,,,,,0,0,,,,,
0021500400,264,4,0,3,8:52 PM,9:56,Porzingis REBOUND (Off:2 Def:4),,,,,4.0,204001,Kristaps Porzingis,1610612752.0,New York,Knicks,NYK,0,0,,,,,,0,0,,,,,
0021500400,265,6,2,3,8:53 PM,9:50,,,Butler S.FOUL (P1.T1) (M.Smith),,,5.0,202710,Jimmy Butler,1610612741.0,Chicago,Bulls,CHI,4,201577,Robin Lopez,1610612752.0,New York,Knicks,NYK,1,0,,,,,
0021500400,266,3,11,3,8:53 PM,9:50,Lopez Free Throw 1 of 2 (5 PTS),,,41 - 54,13,4.0,201577,Robin Lopez,1610612752.0,New York,Knicks,NYK,0,0,,,,,,0,0,,,,,
0021500400,268,3,12,3,8:53 PM,9:50,Lopez Free Throw 2 of 2 (6 PTS),,,41 - 55,14,4.0,201577,Robin Lopez,1610612752.0,New York,Knicks,NYK,0,0,,,,,,0,0,,,,,
0021500400,270,2,1,3,8:53 PM,9:35,,,MISS Snell 25' 3PT Jump Shot,,,5.0,203503,Tony Snell,1610612741.0,Chicago,Bulls,CHI,0,0,,,,,,0,0,,,,,
0021500400,271,4,0,3,8:53 PM,9:34,KNICKS Rebound,,,,,2.0,1610612752,,,,,,0,0,,,,,,0,0,,,,,
0021500400,272,5,1,3,8:54 PM,9:21,Anthony Bad Pass Turnover (P2.T10),,,,,4.0,2546,Carmelo Anthony,1610612752.0,New York,Knicks,NYK,0,0,,,,,,0,0,,,,,
0021500400,273,1,42,3,8:54 PM,9:16,,,Rose 1' Driving Layup (6 PTS),43 - 55,12,5.0,201565,Derrick Rose,1610612741.0,Chicago,Bulls,CHI,0,0,,,,,,0,0,,,,,
0021500400,274,6,2,3,8:54 PM,9:16,Calderon S.FOUL (P1.T1) (M.Smith),,,,,4.0,101181,Jose Calderon,1610612752.0,New York,Knicks,NYK,5,201565,Derrick Rose,1610612741.0,Chicago,Bulls,CHI,1,0,,,,,
0021500400,275,3,10,3,8:54 PM,9:16,,,MISS Rose Free Throw 1 of 1,,,5.0,201565,Derrick Rose,1610612741.0,Chicago,Bulls,CHI,0,0,,,,,,0,0,,,,,
0021500400,277,4,0,3,8:54 PM,9:13,,,Gibson REBOUND (Off:1 Def:1),,,5.0,201959,Taj Gibson,1610612741.0,Chicago,Bulls,CHI,0,0,,,,,,0,0,,,,,
0021500400,278,1,7,3,8:55 PM,9:08,,,Noah  Dunk (17 PTS) (Snell 1 AST),45 - 55,10,5.0,201149,Joakim Noah,1610612741.0,Chicago,Bulls,CHI,5,203503,Tony Snell,1610612741.0,Chicago,Bulls,CHI,0,0,,,,,
0021500400,279,1,1,3,8:55 PM,8:51,Lopez 15' Jump Shot (8 PTS) (Calderon 3 AST),,,45 - 57,12,4.0,201577,Robin Lopez,1610612752.0,New York,Knicks,NYK,4,101181,Jose Calderon,1610612752.0,New York,Knicks,NYK,0,0,,,,,
0021500400,280,2,47,3,8:55 PM,8:36,,,MISS Butler 8' Turnaround Jump Shot,,,5.0,202710,Jimmy Butler,1610612741.0,Chicago,Bulls,CHI,0,0,,,,,,0,0,,,,,
0021500400,281,4,0,3,8:55 PM,8:34,,,Rose REBOUND (Off:2 Def:0),,,5.0,201565,Derrick Rose,1610612741.0,Chicago,Bulls,CHI,0,0,,,,,,0,0,,,,,
0021500400,282,2,5,3,8:55 PM,8:30,,,MISS Rose 1' Layup,,,5.0,201565,Derrick Rose,1610612741.0,Chicago,Bulls,CHI,0,0,,,,,,0,0,,,,,
0021500400,284,4,0,3,8:55 PM,8:28,,,Noah REBOUND (Off:5 Def:3),,,5.0,201149,Joakim Noah,1610612741.0,Chicago,Bulls,CHI,0,0,,,,,,0,0,,,,,
0021500400,283,2,97,3,8:55 PM,8:28,,,MISS Noah  Tip Layup Shot,,,5.0,201149,Joakim Noah,1610612741.0,Chicago,Bulls,CHI,0,0,,,,,,0,0,,,,,
0021500400,285,10,0,3,8:56 PM,8:24,Jump Ball Porzingis vs. Noah: Tip to Rose,,,,,4.0,204001,Kristaps Porzingis,1610612752.0,New York,Knicks,NYK,5,201149,Joakim Noah,1610612741.0,Chicago,Bulls,CHI,5,201565,Derrick Rose,1610612741.0,Chicago,Bulls,CHI
0021500400,286,4,0,3,8:56 PM,8:24,,,Bulls Rebound,,,3.0,1610612741,,,,,,0,0,,,,,,0,0,,,,,
0021500400,287,1,7,3,8:56 PM,8:10,,,Noah  Dunk (19 PTS) (Gibson 2 AST),47 - 57,10,5.0,201149,Joakim Noah,1610612741.0,Chicago,Bulls,CHI,5,201959,Taj Gibson,1610612741.0,Chicago,Bulls,CHI,0,0,,,,,
0021500400,288,1,1,3,8:56 PM,7:46,Afflalo 21' Jump Shot (11 PTS) (Calderon 4 AST),,,47 - 59,12,4.0,201167,Arron Afflalo,1610612752.0,New York,Knicks,NYK,4,101181,Jose Calderon,1610612752.0,New York,Knicks,NYK,0,0,,,,,
0021500400,289,1,79,3,8:57 PM,7:32,,,Snell 15' Pullup Jump Shot (7 PTS),49 - 59,10,5.0,203503,Tony Snell,1610612741.0,Chicago,Bulls,CHI,0,0,,,,,,0,0,,,,,
0021500400,290,1,86,3,8:57 PM,7:19,Afflalo 8' Turnaround Fadeaway (13 PTS) (Calderon 5 AST),,,49 - 61,12,4.0,201167,Arron Afflalo,1610612752.0,New York,Knicks,NYK,4,101181,Jose Calderon,1610612752.0,New York,Knicks,NYK,0,0,,,,,
0021500400,291,6,1,3,8:57 PM,7:01,Calderon P.FOUL (P2.T2) (K.Mauer),,,,,4.0,101181,Jose Calderon,1610612752.0,New York,Knicks,NYK,5,203503,Tony Snell,1610612741.0,Chicago,Bulls,CHI,1,0,,,,,
0021500400,292,2,1,3,8:58 PM,6:56,,,MISS Butler 4' Jump Shot,,,5.0,202710,Jimmy Butler,1610612741.0,Chicago,Bulls,CHI,0,0,,,,,,0,0,,,,,
0021500400,293,4,0,3,8:58 PM,6:54,KNICKS Rebound,,,,,2.0,1610612752,,,,,,0,0,,,,,,0,0,,,,,
0021500400,294,1,47,3,8:58 PM,6:39,Anthony 11' Turnaround Jump Shot (21 PTS),,,49 - 63,14,4.0,2546,Carmelo Anthony,1610612752.0,New York,Knicks,NYK,0,0,,,,,,0,0,,,,,
0021500400,295,1,1,3,8:58 PM,6:27,,,Noah 14' Jump Shot (21 PTS) (Butler 3 AST),51 - 63,12,5.0,201149,Joakim Noah,1610612741.0,Chicago,Bulls,CHI,5,202710,Jimmy Butler,1610612741.0,Chicago,Bulls,CHI,0,0,,,,,
0021500400,296,1,1,3,8:59 PM,6:02,Anthony 21' Jump Shot (23 PTS),,,51 - 65,14,4.0,2546,Carmelo Anthony,1610612752.0,New York,Knicks,NYK,0,0,,,,,,0,0,,,,,
0021500400,297,1,57,3,8:59 PM,5:51,,,Gibson 5' Driving Hook Shot (6 PTS) (Snell 2 AST),53 - 65,12,5.0,201959,Taj Gibson,1610612741.0,Chicago,Bulls,CHI,5,203503,Tony Snell,1610612741.0,Chicago,Bulls,CHI,0,0,,,,,
0021500400,298,2,3,3,8:59 PM,5:26,MISS Lopez 4' Hook Shot,,,,,4.0,201577,Robin Lopez,1610612752.0,New York,Knicks,NYK,0,0,,,,,,0,0,,,,,
0021500400,299,4,0,3,8:59 PM,5:25,,,Noah REBOUND (Off:5 Def:4),,,5.0,201149,Joakim Noah,1610612741.0,Chicago,Bulls,CHI,0,0,,,,,,0,0,,,,,
0021500400,300,2,1,3,8:59 PM,5:17,,,MISS Butler 25' 3PT Jump Shot,,,5.0,202710,Jimmy Butler,1610612741.0,Chicago,Bulls,CHI,0,0,,,,,,0,0,,,,,
0021500400,301,4,0,3,8:59 PM,5:15,Afflalo REBOUND (Off:0 Def:4),,,,,4.0,201167,Arron Afflalo,1610612752.0,New York,Knicks,NYK,0,0,,,,,,0,0,,,,,
0021500400,302,1,46,3,9:00 PM,5:11,Afflalo 3' Running Jump Shot (15 PTS),,,53 - 67,14,4.0,201167,Arron Afflalo,1610612752.0,New York,Knicks,NYK,0,0,,,,,,0,0,,,,,
0021500400,303,6,2,3,9:00 PM,5:11,,,Butler S.FOUL (P2.T2) (M.Smith),,,5.0,202710,Jimmy Butler,1610612741.0,Chicago,Bulls,CHI,4,201167,Arron Afflalo,1610612752.0,New York,Knicks,NYK,1,0,,,,,
0021500400,304,9,1,3,9:00 PM,5:11,KNICKS Timeout: Regular (Full 3 Short 0),,,,,2.0,1610612752,,,,,,0,0,,,,,,0,0,,,,,
0021500400,306,8,0,3,9:02 PM,5:11,,,SUB: Mirotic FOR Gibson,,,5.0,201959,Taj Gibson,1610612741.0,Chicago,Bulls,CHI,5,202703,Nikola Mirotic,1610612741.0,Chicago,Bulls,CHI,0,0,,,,,
0021500400,307,8,0,3,9:02 PM,5:11,,,SUB: Hinrich FOR Snell,,,5.0,203503,Tony Snell,1610612741.0,Chicago,Bulls,CHI,5,2550,Kirk Hinrich,1610612741.0,Chicago,Bulls,CHI,0,0,,,,,
0021500400,308,8,0,3,9:02 PM,5:11,SUB: O'Quinn FOR Lopez,,,,,4.0,201577,Robin Lopez,1610612752.0,New York,Knicks,NYK,4,203124,Kyle O'Quinn,1610612752.0,New York,Knicks,NYK,0,0,,,,,
0021500400,309,3,10,3,9:02 PM,5:11,Afflalo Free Throw 1 of 1 (16 PTS),,,53 - 68,15,4.0,201167,Arron Afflalo,1610612752.0,New York,Knicks,NYK,0,0,,,,,,0,0,,,,,
0021500400,311,1,1,3,9:03 PM,5:00,,,Butler 18' Jump Shot (9 PTS),55 - 68,13,5.0,202710,Jimmy Butler,1610612741.0,Chicago,Bulls,CHI,0,0,,,,,,0,0,,,,,
0021500400,312,1,1,3,9:03 PM,4:44,Porzingis 22' Jump Shot (6 PTS),,,55 - 70,15,4.0,204001,Kristaps Porzingis,1610612752.0,New York,Knicks,NYK,0,0,,,,,,0,0,,,,,
0021500400,313,6,2,3,9:03 PM,4:33,O'Quinn S.FOUL (P2.T3) (A.Smith),,,,,4.0,203124,Kyle O'Quinn,1610612752.0,New York,Knicks,NYK,5,202710,Jimmy Butler,1610612741.0,Chicago,Bulls,CHI,1,0,,,,,
0021500400,314,3,11,3,9:03 PM,4:33,,,MISS Butler Free Throw 1 of 2,,,5.0,202710,Jimmy Butler,1610612741.0,Chicago,Bulls,CHI,0,0,,,,,,0,0,,,,,
0021500400,315,4,1,3,9:03 PM,4:33,,,Bulls Rebound,,,3.0,1610612741,,,,,,0,0,,,,,,0,0,,,,,
0021500400,316,8,0,3,9:04 PM,4:33,,,SUB: Brooks FOR Rose,,,5.0,201565,Derrick Rose,1610612741.0,Chicago,Bulls,CHI,5,201166,Aaron Brooks,1610612741.0,Chicago,Bulls,CHI,0,0,,,,,
0021500400,317,3,12,3,9:04 PM,4:33,,,Butler Free Throw 2 of 2 (10 PTS),56 - 70,14,5.0,202710,Jimmy Butler,1610612741.0,Chicago,Bulls,CHI,0,0,,,,,,0,0,,,,,
0021500400,319,1,71,3,9:04 PM,4:11,Anthony 3' Finger Roll Layup (25 PTS),,,56 - 72,16,4.0,2546,Carmelo Anthony,1610612752.0,New York,Knicks,NYK,0,0,,,,,,0,0,,,,,
0021500400,320,1,66,3,9:05 PM,3:59,,,Brooks 10' Jump Bank Shot (2 PTS),58 - 72,14,5.0,201166,Aaron Brooks,1610612741.0,Chicago,Bulls,CHI,0,0,,,,,,0,0,,,,,
0021500400,321,2,3,3,9:05 PM,3:40,MISS Porzingis 4' Hook Shot,,,,,4.0,204001,Kristaps Porzingis,1610612752.0,New York,Knicks,NYK,0,0,,,,,,0,0,,,,,
0021500400,322,4,0,3,9:05 PM,3:39,,,Bulls Rebound,,,3.0,1610612741,,,,,,0,0,,,,,,0,0,,,,,
0021500400,323,8,0,3,9:05 PM,3:39,,,SUB: Portis FOR Noah,,,5.0,201149,Joakim Noah,1610612741.0,Chicago,Bulls,CHI,5,1626171,Bobby Portis,1610612741.0,Chicago,Bulls,CHI,0,0,,,,,
0021500400,324,2,1,3,9:05 PM,3:27,,,MISS Portis 12' Jump Shot,,,5.0,1626171,Bobby Portis,1610612741.0,Chicago,Bulls,CHI,0,0,,,,,,0,0,,,,,
0021500400,325,4,0,3,9:05 PM,3:25,Anthony REBOUND (Off:1 Def:3),,,,,4.0,2546,Carmelo Anthony,1610612752.0,New York,Knicks,NYK,0,0,,,,,,0,0,,,,,
0021500400,326,6,1,3,9:06 PM,3:17,,,Hinrich P.FOUL (P2.T3) (M.Smith),,,5.0,2550,Kirk Hinrich,1610612741.0,Chicago,Bulls,CHI,4,201167,Arron Afflalo,1610612752.0,New York,Knicks,NYK,1,0,,,,,
0021500400,327,8,0,3,9:06 PM,3:17,SUB: Galloway FOR Calderon,,,,,4.0,101181,Jose Calderon,1610612752.0,New York,Knicks,NYK,4,204038,Langston Galloway,1610612752.0,New York,Knicks,NYK,0,0,,,,,
0021500400,328,8,0,3,9:06 PM,3:17,SUB: Thomas FOR Porzingis,,,,,4.0,204001,Kristaps Porzingis,1610612752.0,New York,Knicks,NYK,4,202498,Lance Thomas,1610612752.0,New York,Knicks,NYK,0,0,,,,,
0021500400,329,2,1,3,9:06 PM,3:06,MISS Afflalo 19' Jump Shot,,,,,4.0,201167,Arron Afflalo,1610612752.0,New York,Knicks,NYK,0,0,,,,,,0,0,,,,,
0021500400,330,4,0,3,9:06 PM,3:04,,,Hinrich REBOUND (Off:0 Def:3),,,5.0,2550,Kirk Hinrich,1610612741.0,Chicago,Bulls,CHI,0,0,,,,,,0,0,,,,,
0021500400,331,2,1,3,9:06 PM,2:57,,,MISS Brooks 25' 3PT Jump Shot,,,5.0,201166,Aaron Brooks,1610612741.0,Chicago,Bulls,CHI,0,0,,,,,,0,0,,,,,
0021500400,332,4,0,3,9:06 PM,2:55,Anthony REBOUND (Off:1 Def:4),,,,,4.0,2546,Carmelo Anthony,1610612752.0,New York,Knicks,NYK,0,0,,,,,,0,0,,,,,
0021500400,333,1,42,3,9:07 PM,2:42,Thomas 3' Driving Layup (7 PTS) (Anthony 3 AST),,,58 - 74,16,4.0,202498,Lance Thomas,1610612752.0,New York,Knicks,NYK,4,2546,Carmelo Anthony,1610612752.0,New York,Knicks,NYK,0,0,,,,,
0021500400,334,6,2,3,9:07 PM,2:42,,,Brooks S.FOUL (P2.T4) (K.Mauer),,,5.0,201166,Aaron Brooks,1610612741.0,Chicago,Bulls,CHI,4,202498,Lance Thomas,1610612752.0,New York,Knicks,NYK,1,0,,,,,
0021500400,335,9,1,3,9:07 PM,2:42,,,Bulls Timeout: Regular (Reg.3 Short 0),,,3.0,1610612741,,,,,,0,0,,,,,,0,0,,,,,
0021500400,337,18,0,3,9:09 PM,2:42,,,,,,,312,,,,,,0,0,,,,,,1,0,,,,,
0021500400,340,3,10,3,9:09 PM,2:42,Thomas Free Throw 1 of 1 (8 PTS),,,58 - 75,17,4.0,202498,Lance Thomas,1610612752.0,New York,Knicks,NYK,0,0,,,,,,0,0,,,,,
0021500400,342,1,42,3,9:10 PM,2:25,,,Portis 1' Driving Layup (6 PTS),60 - 75,15,5.0,1626171,Bobby Portis,1610612741.0,Chicago,Bulls,CHI,0,0,,,,,,0,0,,,,,
0021500400,343,2,47,3,9:10 PM,1:58,MISS Anthony 14' Turnaround Jump Shot,,,,,4.0,2546,Carmelo Anthony,1610612752.0,New York,Knicks,NYK,0,0,,,,,,0,0,,,,,
0021500400,344,4,0,3,9:10 PM,1:56,KNICKS Rebound,,,,,2.0,1610612752,,,,,,0,0,,,,,,0,0,,,,,
0021500400,345,5,38,3,9:11 PM,1:56,KNICKS Turnover: 5 Second Inbound (T#11),,,,,2.0,1610612752,,,,,,0,0,,,,,,1,0,,,,,
0021500400,346,1,42,3,9:11 PM,1:44,,,Butler 2' Driving Layup (12 PTS),62 - 75,13,5.0,202710,Jimmy Butler,1610612741.0,Chicago,Bulls,CHI,0,0,,,,,,0,0,,,,,
0021500400,347,6,2,3,9:11 PM,1:27,,,Butler S.FOUL (P3.PN) (A.Smith),,,5.0,202710,Jimmy Butler,1610612741.0,Chicago,Bulls,CHI,4,2546,Carmelo Anthony,1610612752.0,New York,Knicks,NYK,1,0,,,,,
0021500400,348,3,11,3,9:11 PM,1:27,Anthony Free Throw 1 of 2 (26 PTS),,,62 - 76,14,4.0,2546,Carmelo Anthony,1610612752.0,New York,Knicks,NYK,0,0,,,,,,0,0,,,,,
0021500400,350,8,0,3,9:12 PM,1:27,SUB: Grant FOR Afflalo,,,,,4.0,201167,Arron Afflalo,1610612752.0,New York,Knicks,NYK,4,1626170,Jerian Grant,1610612752.0,New York,Knicks,NYK,0,0,,,,,
0021500400,351,3,12,3,9:12 PM,1:27,Anthony Free Throw 2 of 2 (27 PTS),,,62 - 77,15,4.0,2546,Carmelo Anthony,1610612752.0,New York,Knicks,NYK,0,0,,,,,,0,0,,,,,
0021500400,353,1,1,3,9:12 PM,1:10,,,Portis 25' 3PT Jump Shot (9 PTS) (Butler 4 AST),65 - 77,12,5.0,1626171,Bobby Portis,1610612741.0,Chicago,Bulls,CHI,5,202710,Jimmy Butler,1610612741.0,Chicago,Bulls,CHI,0,0,,,,,
0021500400,354,2,1,3,9:13 PM,0:52,MISS O'Quinn 15' Jump Shot,,,,,4.0,203124,Kyle O'Quinn,1610612752.0,New York,Knicks,NYK,0,0,,,,,,0,0,,,,,
0021500400,355,4,0,3,9:13 PM,0:50,,,Hinrich REBOUND (Off:0 Def:4),,,5.0,2550,Kirk Hinrich,1610612741.0,Chicago,Bulls,CHI,0,0,,,,,,0,0,,,,,
0021500400,356,2,1,3,9:13 PM,0:39,,,MISS Portis 17' Jump Shot,,,5.0,1626171,Bobby Portis,1610612741.0,Chicago,Bulls,CHI,0,0,,,,,,0,0,,,,,
0021500400,357,4,0,3,9:13 PM,0:37,Anthony REBOUND (Off:1 Def:5),,,,,4.0,2546,Carmelo Anthony,1610612752.0,New York,Knicks,NYK,0,0,,,,,,0,0,,,,,
0021500400,358,2,1,3,9:13 PM,0:23,MISS Grant 18' Jump Shot,,,,,4.0,1626170,Jerian Grant,1610612752.0,New York,Knicks,NYK,0,0,,,,,,0,0,,,,,
0021500400,359,4,0,3,9:13 PM,0:21,,,Mirotic REBOUND (Off:0 Def:2),,,5.0,202703,Nikola Mirotic,1610612741.0,Chicago,Bulls,CHI,0,0,,,,,,0,0,,,,,
0021500400,360,1,1,3,9:13 PM,0:00,,,Portis 24' 3PT Jump Shot (12 PTS) (Butler 5 AST),68 - 77,9,5.0,1626171,Bobby Portis,1610612741.0,Chicago,Bulls,CHI,5,202710,Jimmy Butler,1610612741.0,Chicago,Bulls,CHI,0,0,,,,,
0021500400,361,13,0,3,9:14 PM,0:00,,,,68 - 77,9,0.0,0,,,,,,0,0,,,,,,0,0,,,,,
0021500400,363,12,0,4,9:16 PM,12:00,,,,68 - 77,9,0.0,0,,,,,,0,0,,,,,,0,0,,,,,
0021500400,364,2,1,4,9:17 PM,11:48,,,MISS Brooks 25' 3PT Jump Shot,,,5.0,201166,Aaron Brooks,1610612741.0,Chicago,Bulls,CHI,0,0,,,,,,0,0,,,,,
0021500400,365,4,0,4,9:17 PM,11:46,O'Quinn REBOUND (Off:3 Def:6),,,,,4.0,203124,Kyle O'Quinn,1610612752.0,New York,Knicks,NYK,0,0,,,,,,0,0,,,,,
0021500400,366,1,46,4,9:17 PM,11:28,Grant 3' Running Jump Shot (2 PTS) (Galloway 3 AST),,,68 - 79,11,4.0,1626170,Jerian Grant,1610612752.0,New York,Knicks,NYK,4,204038,Langston Galloway,1610612752.0,New York,Knicks,NYK,0,0,,,,,
0021500400,367,2,1,4,9:17 PM,11:11,,,MISS Portis 25' 3PT Jump Shot,,,5.0,1626171,Bobby Portis,1610612741.0,Chicago,Bulls,CHI,0,0,,,,,,0,0,,,,,
0021500400,368,4,0,4,9:17 PM,11:09,Williams REBOUND (Off:2 Def:3),,,,,4.0,202682,Derrick Williams,1610612752.0,New York,Knicks,NYK,0,0,,,,,,0,0,,,,,
0021500400,369,1,5,4,9:17 PM,10:57,O'Quinn 2' Layup (4 PTS),,,68 - 81,13,4.0,203124,Kyle O'Quinn,1610612752.0,New York,Knicks,NYK,0,0,,,,,,0,0,,,,,
0021500400,370,2,47,4,9:18 PM,10:34,,,MISS Portis 11' Turnaround Jump Shot,,,5.0,1626171,Bobby Portis,1610612741.0,Chicago,Bulls,CHI,0,0,,,,,,0,0,,,,,
0021500400,371,4,0,4,9:18 PM,10:33,O'Quinn REBOUND (Off:3 Def:7),,,,,4.0,203124,Kyle O'Quinn,1610612752.0,New York,Knicks,NYK,0,0,,,,,,0,0,,,,,
0021500400,372,6,1,4,9:18 PM,10:32,,,Portis P.FOUL (P2.T1) (A.Smith),,,5.0,1626171,Bobby Portis,1610612741.0,Chicago,Bulls,CHI,4,203124,Kyle O'Quinn,1610612752.0,New York,Knicks,NYK,1,0,,,,,
0021500400,373,6,2,4,9:18 PM,10:24,,,Hinrich S.FOUL (P3.T2) (M.Smith),,,5.0,2550,Kirk Hinrich,1610612741.0,Chicago,Bulls,CHI,4,1626170,Jerian Grant,1610612752.0,New York,Knicks,NYK,1,0,,,,,
0021500400,374,3,11,4,9:19 PM,10:24,Grant Free Throw 1 of 2 (3 PTS),,,68 - 82,14,4.0,1626170,Jerian Grant,1610612752.0,New York,Knicks,NYK,0,0,,,,,,0,0,,,,,
0021500400,376,3,12,4,9:19 PM,10:24,Grant Free Throw 2 of 2 (4 PTS),,,68 - 83,15,4.0,1626170,Jerian Grant,1610612752.0,New York,Knicks,NYK,0,0,,,,,,0,0,,,,,
0021500400,378,2,1,4,9:19 PM,10:09,O'Quinn BLOCK (1 BLK),,MISS Moore 7' Jump Shot,,,5.0,202734,E'Twaun Moore,1610612741.0,Chicago,Bulls,CHI,0,0,,,,,,4,203124,Kyle O'Quinn,1610612752.0,New York,Knicks,NYK
0021500400,379,4,0,4,9:19 PM,10:09,,,Bulls Rebound,,,3.0,1610612741,,,,,,0,0,,,,,,0,0,,,,,
0021500400,380,2,1,4,9:20 PM,10:06,,,MISS Mirotic  3PT Jump Shot,,,5.0,202703,Nikola Mirotic,1610612741.0,Chicago,Bulls,CHI,0,0,,,,,,0,0,,,,,
0021500400,381,4,0,4,9:20 PM,10:04,,,Portis REBOUND (Off:4 Def:3),,,5.0,1626171,Bobby Portis,1610612741.0,Chicago,Bulls,CHI,0,0,,,,,,0,0,,,,,
0021500400,382,2,5,4,9:20 PM,10:02,,,MISS Portis 2' Layup,,,5.0,1626171,Bobby Portis,1610612741.0,Chicago,Bulls,CHI,0,0,,,,,,0,0,,,,,
0021500400,383,4,0,4,9:20 PM,10:00,Galloway REBOUND (Off:0 Def:1),,,,,4.0,204038,Langston Galloway,1610612752.0,New York,Knicks,NYK,0,0,,,,,,0,0,,,,,
0021500400,384,1,42,4,9:20 PM,9:56,Galloway 2' Driving Layup (2 PTS),,,68 - 85,17,4.0,204038,Langston Galloway,1610612752.0,New York,Knicks,NYK,0,0,,,,,,0,0,,,,,
0021500400,385,9,1,4,9:20 PM,9:49,,,Bulls Timeout: Regular (Reg.4 Short 0),,,3.0,1610612741,,,,,,0,0,,,,,,0,0,,,,,
0021500400,389,2,5,4,9:23 PM,9:36,,,MISS Brooks 1' Layup,,,5.0,201166,Aaron Brooks,1610612741.0,Chicago,Bulls,CHI,0,0,,,,,,0,0,,,,,
0021500400,390,4,0,4,9:23 PM,9:35,,,Bulls Rebound,,,3.0,1610612741,,,,,,0,0,,,,,,0,0,,,,,
0021500400,391,6,2,4,9:23 PM,9:27,O'Quinn S.FOUL (P3.T1) (A.Smith),,,,,4.0,203124,Kyle O'Quinn,1610612752.0,New York,Knicks,NYK,5,1626171,Bobby Portis,1610612741.0,Chicago,Bulls,CHI,1,0,,,,,
0021500400,392,3,11,4,9:23 PM,9:27,,,Portis Free Throw 1 of 2 (13 PTS),69 - 85,16,5.0,1626171,Bobby Portis,1610612741.0,Chicago,Bulls,CHI,0,0,,,,,,0,0,,,,,
0021500400,394,3,12,4,9:24 PM,9:27,,,Portis Free Throw 2 of 2 (14 PTS),70 - 85,15,5.0,1626171,Bobby Portis,1610612741.0,Chicago,Bulls,CHI,0,0,,,,,,0,0,,,,,
0021500400,396,6,2,4,9:24 PM,9:10,,,Mirotic S.FOUL (P2.T3) (K.Mauer),,,5.0,202703,Nikola Mirotic,1610612741.0,Chicago,Bulls,CHI,4,202682,Derrick Williams,1610612752.0,New York,Knicks,NYK,1,0,,,,,
0021500400,397,3,11,4,9:24 PM,9:10,Williams Free Throw 1 of 2 (6 PTS),,,70 - 86,16,4.0,202682,Derrick Williams,1610612752.0,New York,Knicks,NYK,0,0,,,,,,0,0,,,,,
0021500400,399,3,12,4,9:24 PM,9:10,Williams Free Throw 2 of 2 (7 PTS),,,70 - 87,17,4.0,202682,Derrick Williams,1610612752.0,New York,Knicks,NYK,0,0,,,,,,0,0,,,,,
0021500400,401,1,1,4,9:25 PM,8:54,,,Brooks 25' 3PT Jump Shot (5 PTS),73 - 87,14,5.0,201166,Aaron Brooks,1610612741.0,Chicago,Bulls,CHI,0,0,,,,,,0,0,,,,,
0021500400,402,5,1,4,9:25 PM,8:35,O'Quinn Bad Pass Turnover (P3.T12),,Moore STEAL (1 STL),,,4.0,203124,Kyle O'Quinn,1610612752.0,New York,Knicks,NYK,5,202734,E'Twaun Moore,1610612741.0,Chicago,Bulls,CHI,0,0,,,,,
0021500400,403,5,1,4,9:25 PM,8:29,Thomas STEAL (2 STL),,Portis Bad Pass Turnover (P2.T9),,,5.0,1626171,Bobby Portis,1610612741.0,Chicago,Bulls,CHI,4,202498,Lance Thomas,1610612752.0,New York,Knicks,NYK,0,0,,,,,
0021500400,404,6,2,4,9:25 PM,8:25,,,Brooks S.FOUL (P3.T4) (A.Smith),,,5.0,201166,Aaron Brooks,1610612741.0,Chicago,Bulls,CHI,4,202682,Derrick Williams,1610612752.0,New York,Knicks,NYK,1,0,,,,,
0021500400,405,3,11,4,9:26 PM,8:25,MISS Williams Free Throw 1 of 2,,,,,4.0,202682,Derrick Williams,1610612752.0,New York,Knicks,NYK,0,0,,,,,,0,0,,,,,
0021500400,406,4,1,4,9:26 PM,8:25,KNICKS Rebound,,,,,2.0,1610612752,,,,,,0,0,,,,,,0,0,,,,,
0021500400,407,8,0,4,9:26 PM,8:25,SUB: Porzingis FOR O'Quinn,,,,,4.0,203124,Kyle O'Quinn,1610612752.0,New York,Knicks,NYK,4,204001,Kristaps Porzingis,1610612752.0,New York,Knicks,NYK,0,0,,,,,
0021500400,408,3,12,4,9:26 PM,8:25,MISS Williams Free Throw 2 of 2,,,,,4.0,202682,Derrick Williams,1610612752.0,New York,Knicks,NYK,0,0,,,,,,0,0,,,,,
0021500400,410,4,0,4,9:26 PM,8:24,KNICKS Rebound,,,,,2.0,1610612752,,,,,,0,0,,,,,,0,0,,,,,
0021500400,411,1,5,4,9:27 PM,8:22,Grant 2' Layup (6 PTS) (Thomas 1 AST),,,73 - 89,16,4.0,1626170,Jerian Grant,1610612752.0,New York,Knicks,NYK,4,202498,Lance Thomas,1610612752.0,New York,Knicks,NYK,0,0,,,,,
0021500400,412,6,2,4,9:27 PM,8:10,Porzingis S.FOUL (P4.T2) (K.Mauer),,,,,4.0,204001,Kristaps Porzingis,1610612752.0,New York,Knicks,NYK,5,201166,Aaron Brooks,1610612741.0,Chicago,Bulls,CHI,1,0,,,,,
0021500400,413,3,11,4,9:27 PM,8:10,,,Brooks Free Throw 1 of 2 (6 PTS),74 - 89,15,5.0,201166,Aaron Brooks,1610612741.0,Chicago,Bulls,CHI,0,0,,,,,,0,0,,,,,
0021500400,415,3,12,4,9:27 PM,8:10,,,Brooks Free Throw 2 of 2 (7 PTS),75 - 89,14,5.0,201166,Aaron Brooks,1610612741.0,Chicago,Bulls,CHI,0,0,,,,,,0,0,,,,,
0021500400,417,1,5,4,9:28 PM,7:58,Galloway 2' Layup (4 PTS) (Thomas 2 AST),,,75 - 91,16,4.0,204038,Langston Galloway,1610612752.0,New York,Knicks,NYK,4,202498,Lance Thomas,1610612752.0,New York,Knicks,NYK,0,0,,,,,
0021500400,418,1,3,4,9:28 PM,7:47,,,Brooks 2' Hook Shot (9 PTS),77 - 91,14,5.0,201166,Aaron Brooks,1610612741.0,Chicago,Bulls,CHI,0,0,,,,,,0,0,,,,,
0021500400,419,2,1,4,9:28 PM,7:30,MISS Porzingis 26' 3PT Jump Shot,,,,,4.0,204001,Kristaps Porzingis,1610612752.0,New York,Knicks,NYK,0,0,,,,,,0,0,,,,,
0021500400,420,4,0,4,9:28 PM,7:28,,,Moore REBOUND (Off:0 Def:1),,,5.0,202734,E'Twaun Moore,1610612741.0,Chicago,Bulls,CHI,0,0,,,,,,0,0,,,,,
0021500400,421,1,5,4,9:28 PM,7:20,,,Portis 1' Layup (16 PTS) (Brooks 2 AST),79 - 91,12,5.0,1626171,Bobby Portis,1610612741.0,Chicago,Bulls,CHI,5,201166,Aaron Brooks,1610612741.0,Chicago,Bulls,CHI,0,0,,,,,
0021500400,422,9,1,4,9:29 PM,7:18,KNICKS Timeout: Regular (Full 4 Short 0),,,,,2.0,1610612752,,,,,,0,0,,,,,,0,0,,,,,
0021500400,424,8,0,4,9:30 PM,7:18,,,SUB: Noah FOR Hinrich,,,5.0,2550,Kirk Hinrich,1610612741.0,Chicago,Bulls,CHI,5,201149,Joakim Noah,1610612741.0,Chicago,Bulls,CHI,0,0,,,,,
0021500400,425,8,0,4,9:30 PM,7:18,,,SUB: Butler FOR Mirotic,,,5.0,202703,Nikola Mirotic,1610612741.0,Chicago,Bulls,CHI,5,202710,Jimmy Butler,1610612741.0,Chicago,Bulls,CHI,0,0,,,,,
0021500400,426,8,0,4,9:31 PM,7:18,SUB: Anthony FOR Williams,,,,,4.0,202682,Derrick Williams,1610612752.0,New York,Knicks,NYK,4,2546,Carmelo Anthony,1610612752.0,New York,Knicks,NYK,0,0,,,,,
0021500400,427,8,0,4,9:31 PM,7:18,SUB: Afflalo FOR Grant,,,,,4.0,1626170,Jerian Grant,1610612752.0,New York,Knicks,NYK,4,201167,Arron Afflalo,1610612752.0,New York,Knicks,NYK,0,0,,,,,
0021500400,428,6,1,4,9:31 PM,7:03,,,Noah P.FOUL (P1.PN) (M.Smith),,,5.0,201149,Joakim Noah,1610612741.0,Chicago,Bulls,CHI,4,204001,Kristaps Porzingis,1610612752.0,New York,Knicks,NYK,1,0,,,,,
0021500400,429,3,11,4,9:32 PM,7:03,Porzingis Free Throw 1 of 2 (7 PTS),,,79 - 92,13,4.0,204001,Kristaps Porzingis,1610612752.0,New York,Knicks,NYK,0,0,,,,,,0,0,,,,,
0021500400,431,3,12,4,9:32 PM,7:03,MISS Porzingis Free Throw 2 of 2,,,,,4.0,204001,Kristaps Porzingis,1610612752.0,New York,Knicks,NYK,0,0,,,,,,0,0,,,,,
0021500400,433,4,0,4,9:32 PM,7:02,,,Moore REBOUND (Off:0 Def:2),,,5.0,202734,E'Twaun Moore,1610612741.0,Chicago,Bulls,CHI,0,0,,,,,,0,0,,,,,
0021500400,434,2,1,4,9:32 PM,6:51,,,MISS Portis 13' Jump Shot,,,5.0,1626171,Bobby Portis,1610612741.0,Chicago,Bulls,CHI,0,0,,,,,,0,0,,,,,
0021500400,435,4,0,4,9:32 PM,6:49,,,Portis REBOUND (Off:5 Def:3),,,5.0,1626171,Bobby Portis,1610612741.0,Chicago,Bulls,CHI,0,0,,,,,,0,0,,,,,
0021500400,436,2,5,4,9:32 PM,6:48,,,MISS Portis 2' Layup,,,5.0,1626171,Bobby Portis,1610612741.0,Chicago,Bulls,CHI,0,0,,,,,,0,0,,,,,
0021500400,438,4,0,4,9:32 PM,6:46,,,Noah REBOUND (Off:6 Def:4),,,5.0,201149,Joakim Noah,1610612741.0,Chicago,Bulls,CHI,0,0,,,,,,0,0,,,,,
0021500400,437,2,97,4,9:32 PM,6:46,,,MISS Noah 2' Tip Layup Shot,,,5.0,201149,Joakim Noah,1610612741.0,Chicago,Bulls,CHI,0,0,,,,,,0,0,,,,,
0021500400,439,4,0,4,9:32 PM,6:44,Anthony REBOUND (Off:1 Def:6),,,,,4.0,2546,Carmelo Anthony,1610612752.0,New York,Knicks,NYK,0,0,,,,,,0,0,,,,,
0021500400,441,2,1,4,9:33 PM,6:23,MISS Anthony 26' 3PT Jump Shot,,,,,4.0,2546,Carmelo Anthony,1610612752.0,New York,Knicks,NYK,0,0,,,,,,0,0,,,,,
0021500400,442,4,0,4,9:33 PM,6:21,,,Brooks REBOUND (Off:0 Def:1),,,5.0,201166,Aaron Brooks,1610612741.0,Chicago,Bulls,CHI,0,0,,,,,,0,0,,,,,
0021500400,443,2,79,4,9:33 PM,6:18,,,MISS Brooks 25' 3PT Pullup Jump Shot,,,5.0,201166,Aaron Brooks,1610612741.0,Chicago,Bulls,CHI,0,0,,,,,,0,0,,,,,
0021500400,444,4,0,4,9:33 PM,6:16,Galloway REBOUND (Off:0 Def:2),,,,,4.0,204038,Langston Galloway,1610612752.0,New York,Knicks,NYK,0,0,,,,,,0,0,,,,,
0021500400,445,1,1,4,9:33 PM,6:06,Thomas 25' 3PT Jump Shot (11 PTS),,,79 - 95,16,4.0,202498,Lance Thomas,1610612752.0,New York,Knicks,NYK,0,0,,,,,,0,0,,,,,
0021500400,446,2,66,4,9:33 PM,5:53,,,MISS Moore 16' Jump Bank Shot,,,5.0,202734,E'Twaun Moore,1610612741.0,Chicago,Bulls,CHI,0,0,,,,,,0,0,,,,,
0021500400,447,4,0,4,9:33 PM,5:51,Porzingis REBOUND (Off:2 Def:5),,,,,4.0,204001,Kristaps Porzingis,1610612752.0,New York,Knicks,NYK,0,0,,,,,,0,0,,,,,
0021500400,448,1,1,4,9:34 PM,5:33,Afflalo 18' Jump Shot (18 PTS),,,79 - 97,18,4.0,201167,Arron Afflalo,1610612752.0,New York,Knicks,NYK,0,0,,,,,,0,0,,,,,
0021500400,449,9,1,4,9:34 PM,5:31,,,Bulls Timeout: Regular (Reg.5 Short 0),,,3.0,1610612741,,,,,,0,0,,,,,,0,0,,,,,
0021500400,451,8,0,4,9:36 PM,5:31,,,SUB: Bairstow FOR Noah,,,5.0,201149,Joakim Noah,1610612741.0,Chicago,Bulls,CHI,5,203946,Cameron Bairstow,1610612741.0,Chicago,Bulls,CHI,0,0,,,,,
0021500400,452,8,0,4,9:36 PM,5:31,,,SUB: Mirotic FOR Butler,,,5.0,202710,Jimmy Butler,1610612741.0,Chicago,Bulls,CHI,5,202703,Nikola Mirotic,1610612741.0,Chicago,Bulls,CHI,0,0,,,,,
0021500400,454,5,2,4,9:37 PM,5:14,Anthony STEAL (1 STL),,Portis Lost Ball Turnover (P3.T10),,,5.0,1626171,Bobby Portis,1610612741.0,Chicago,Bulls,CHI,4,2546,Carmelo Anthony,1610612752.0,New York,Knicks,NYK,0,0,,,,,
0021500400,455,2,47,4,9:37 PM,5:00,MISS Afflalo 10' Turnaround Jump Shot,,Moore BLOCK (1 BLK),,,4.0,201167,Arron Afflalo,1610612752.0,New York,Knicks,NYK,0,0,,,,,,5,202734,E'Twaun Moore,1610612741.0,Chicago,Bulls,CHI
0021500400,456,4,0,4,9:37 PM,4:57,,,Portis REBOUND (Off:5 Def:4),,,5.0,1626171,Bobby Portis,1610612741.0,Chicago,Bulls,CHI,0,0,,,,,,0,0,,,,,
0021500400,457,5,45,4,9:37 PM,4:45,,,Mirotic Out of Bounds - Bad Pass Turnover Turnover (P3.T11),,,5.0,202703,Nikola Mirotic,1610612741.0,Chicago,Bulls,CHI,0,0,,,,,,0,0,,,,,
0021500400,458,2,1,4,9:38 PM,4:27,MISS Anthony 16' Jump Shot,,,,,4.0,2546,Carmelo Anthony,1610612752.0,New York,Knicks,NYK,0,0,,,,,,0,0,,,,,
0021500400,459,4,0,4,9:38 PM,4:26,,,Bulls Rebound,,,3.0,1610612741,,,,,,0,0,,,,,,0,0,,,,,
0021500400,460,6,2,4,9:38 PM,4:14,Porzingis S.FOUL (P5.T3) (M.Smith),,,,,4.0,204001,Kristaps Porzingis,1610612752.0,New York,Knicks,NYK,5,201166,Aaron Brooks,1610612741.0,Chicago,Bulls,CHI,1,0,,,,,
0021500400,461,3,11,4,9:38 PM,4:14,,,Brooks Free Throw 1 of 2 (10 PTS),80 - 97,17,5.0,201166,Aaron Brooks,1610612741.0,Chicago,Bulls,CHI,0,0,,,,,,0,0,,,,,
0021500400,463,3,12,4,9:38 PM,4:14,,,Brooks Free Throw 2 of 2 (11 PTS),81 - 97,16,5.0,201166,Aaron Brooks,1610612741.0,Chicago,Bulls,CHI,0,0,,,,,,0,0,,,,,
0021500400,465,1,66,4,9:39 PM,3:55,Porzingis 10' Jump Bank Shot (9 PTS) (Afflalo 3 AST),,,81 - 99,18,4.0,204001,Kristaps Porzingis,1610612752.0,New York,Knicks,NYK,4,201167,Arron Afflalo,1610612752.0,New York,Knicks,NYK,0,0,,,,,
0021500400,466,6,2,4,9:39 PM,3:55,,,Bairstow S.FOUL (P1.PN) (M.Smith),,,5.0,203946,Cameron Bairstow,1610612741.0,Chicago,Bulls,CHI,4,204001,Kristaps Porzingis,1610612752.0,New York,Knicks,NYK,1,0,,,,,
0021500400,467,3,10,4,9:39 PM,3:55,Porzingis Free Throw 1 of 1 (10 PTS),,,81 - 100,19,4.0,204001,Kristaps Porzingis,1610612752.0,New York,Knicks,NYK,0,0,,,,,,0,0,,,,,
0021500400,468,2,5,4,9:40 PM,3:32,,,MISS Brooks 3' Layup,,,5.0,201166,Aaron Brooks,1610612741.0,Chicago,Bulls,CHI,0,0,,,,,,0,0,,,,,
0021500400,470,4,0,4,9:40 PM,3:30,,,Bairstow REBOUND (Off:1 Def:0),,,5.0,203946,Cameron Bairstow,1610612741.0,Chicago,Bulls,CHI,0,0,,,,,,0,0,,,,,
0021500400,469,2,97,4,9:40 PM,3:30,,,MISS Bairstow 1' Tip Layup Shot,,,5.0,203946,Cameron Bairstow,1610612741.0,Chicago,Bulls,CHI,0,0,,,,,,0,0,,,,,
0021500400,471,4,0,4,9:40 PM,3:29,,,Bulls Rebound,,,3.0,1610612741,,,,,,0,0,,,,,,0,0,,,,,
0021500400,472,8,0,4,9:40 PM,3:29,SUB: Williams FOR Anthony,,,,,4.0,2546,Carmelo Anthony,1610612752.0,New York,Knicks,NYK,4,202682,Derrick Williams,1610612752.0,New York,Knicks,NYK,0,0,,,,,
0021500400,473,2,1,4,9:40 PM,3:26,,,MISS Bairstow 7' Jump Shot,,,5.0,203946,Cameron Bairstow,1610612741.0,Chicago,Bulls,CHI,0,0,,,,,,0,0,,,,,
0021500400,474,4,0,4,9:40 PM,3:25,Galloway REBOUND (Off:0 Def:3),,,,,4.0,204038,Langston Galloway,1610612752.0,New York,Knicks,NYK,0,0,,,,,,0,0,,,,,
0021500400,475,6,2,4,9:41 PM,3:10,,,Mirotic S.FOUL (P3.PN) (A.Smith),,,5.0,202703,Nikola Mirotic,1610612741.0,Chicago,Bulls,CHI,4,202498,Lance Thomas,1610612752.0,New York,Knicks,NYK,1,0,,,,,
0021500400,476,3,11,4,9:41 PM,3:10,Thomas Free Throw 1 of 2 (12 PTS),,,81 - 101,20,4.0,202498,Lance Thomas,1610612752.0,New York,Knicks,NYK,0,0,,,,,,0,0,,,,,
0021500400,478,8,0,4,9:41 PM,3:10,SUB: Grant FOR Afflalo,,,,,4.0,201167,Arron Afflalo,1610612752.0,New York,Knicks,NYK,4,1626170,Jerian Grant,1610612752.0,New York,Knicks,NYK,0,0,,,,,
0021500400,479,8,0,4,9:41 PM,3:10,SUB: O'Quinn FOR Porzingis,,,,,4.0,204001,Kristaps Porzingis,1610612752.0,New York,Knicks,NYK,4,203124,Kyle O'Quinn,1610612752.0,New York,Knicks,NYK,0,0,,,,,
0021500400,480,3,12,4,9:42 PM,3:10,Thomas Free Throw 2 of 2 (13 PTS),,,81 - 102,21,4.0,202498,Lance Thomas,1610612752.0,New York,Knicks,NYK,0,0,,,,,,0,0,,,,,
0021500400,482,2,5,4,9:42 PM,2:55,,,MISS Moore 3' Layup,,,5.0,202734,E'Twaun Moore,1610612741.0,Chicago,Bulls,CHI,0,0,,,,,,0,0,,,,,
0021500400,483,4,0,4,9:42 PM,2:53,,,Moore REBOUND (Off:1 Def:2),,,5.0,202734,E'Twaun Moore,1610612741.0,Chicago,Bulls,CHI,0,0,,,,,,0,0,,,,,
0021500400,484,1,5,4,9:42 PM,2:51,,,Moore 2' Layup (2 PTS),83 - 102,19,5.0,202734,E'Twaun Moore,1610612741.0,Chicago,Bulls,CHI,0,0,,,,,,0,0,,,,,
0021500400,485,2,1,4,9:42 PM,2:33,MISS Galloway 24' 3PT Jump Shot,,,,,4.0,204038,Langston Galloway,1610612752.0,New York,Knicks,NYK,0,0,,,,,,0,0,,,,,
0021500400,486,4,0,4,9:42 PM,2:31,,,Portis REBOUND (Off:5 Def:5),,,5.0,1626171,Bobby Portis,1610612741.0,Chicago,Bulls,CHI,0,0,,,,,,0,0,,,,,
0021500400,487,1,1,4,9:42 PM,2:26,,,Moore 4' Jump Shot (4 PTS),85 - 102,17,5.0,202734,E'Twaun Moore,1610612741.0,Chicago,Bulls,CHI,0,0,,,,,,0,0,,,,,
0021500400,488,2,1,4,9:43 PM,2:09,MISS Grant 24' 3PT Jump Shot,,,,,4.0,1626170,Jerian Grant,1610612752.0,New York,Knicks,NYK,0,0,,,,,,0,0,,,,,
0021500400,489,4,0,4,9:43 PM,2:07,,,Mirotic REBOUND (Off:0 Def:3),,,5.0,202703,Nikola Mirotic,1610612741.0,Chicago,Bulls,CHI,0,0,,,,,,0,0,,,,,
0021500400,490,5,1,4,9:43 PM,1:59,Galloway STEAL (1 STL),,Brooks Bad Pass Turnover (P1.T12),,,5.0,201166,Aaron Brooks,1610612741.0,Chicago,Bulls,CHI,4,204038,Langston Galloway,1610612752.0,New York,Knicks,NYK,0,0,,,,,
0021500400,491,1,42,4,9:43 PM,1:55,Galloway 2' Driving Layup (6 PTS),,,85 - 104,19,4.0,204038,Langston Galloway,1610612752.0,New York,Knicks,NYK,0,0,,,,,,0,0,,,,,
0021500400,492,6,2,4,9:43 PM,1:55,,,Mirotic S.FOUL (P4.PN) (K.Mauer),,,5.0,202703,Nikola Mirotic,1610612741.0,Chicago,Bulls,CHI,4,204038,Langston Galloway,1610612752.0,New York,Knicks,NYK,1,0,,,,,
0021500400,493,3,10,4,9:43 PM,1:55,Galloway Free Throw 1 of 1 (7 PTS),,,85 - 105,20,4.0,204038,Langston Galloway,1610612752.0,New York,Knicks,NYK,0,0,,,,,,0,0,,,,,
0021500400,495,5,1,4,9:44 PM,1:42,,,Moore Bad Pass Turnover (P1.T13),,,5.0,202734,E'Twaun Moore,1610612741.0,Chicago,Bulls,CHI,0,0,,,,,,0,0,,,,,
0021500400,496,2,1,4,9:44 PM,1:26,MISS Galloway 13' Jump Shot,,,,,4.0,204038,Langston Galloway,1610612752.0,New York,Knicks,NYK,0,0,,,,,,0,0,,,,,
0021500400,497,4,0,4,9:44 PM,1:25,,,Bairstow REBOUND (Off:1 Def:1),,,5.0,203946,Cameron Bairstow,1610612741.0,Chicago,Bulls,CHI,0,0,,,,,,0,0,,,,,
0021500400,498,2,1,4,9:44 PM,1:17,,,MISS Mirotic 24' 3PT Jump Shot,,,5.0,202703,Nikola Mirotic,1610612741.0,Chicago,Bulls,CHI,0,0,,,,,,0,0,,,,,
0021500400,499,4,0,4,9:44 PM,1:15,Williams REBOUND (Off:2 Def:4),,,,,4.0,202682,Derrick Williams,1610612752.0,New York,Knicks,NYK,0,0,,,,,,0,0,,,,,
0021500400,500,6,2,4,9:44 PM,1:10,,,Moore S.FOUL (P1.PN) (K.Mauer),,,5.0,202734,E'Twaun Moore,1610612741.0,Chicago,Bulls,CHI,4,202682,Derrick Williams,1610612752.0,New York,Knicks,NYK,1,0,,,,,
0021500400,501,3,11,4,9:44 PM,1:10,Williams Free Throw 1 of 2 (8 PTS),,,85 - 106,21,4.0,202682,Derrick Williams,1610612752.0,New York,Knicks,NYK,0,0,,,,,,0,0,,,,,
0021500400,503,3,12,4,9:45 PM,1:10,Williams Free Throw 2 of 2 (9 PTS),,,85 - 107,22,4.0,202682,Derrick Williams,1610612752.0,New York,Knicks,NYK,0,0,,,,,,0,0,,,,,
0021500400,505,1,1,4,9:45 PM,1:00,,,Portis 18' Jump Shot (18 PTS) (Brooks 3 AST),87 - 107,20,5.0,1626171,Bobby Portis,1610612741.0,Chicago,Bulls,CHI,5,201166,Aaron Brooks,1610612741.0,Chicago,Bulls,CHI,0,0,,,,,
0021500400,506,2,1,4,9:45 PM,0:38,MISS Williams 18' Jump Shot,,,,,4.0,202682,Derrick Williams,1610612752.0,New York,Knicks,NYK,0,0,,,,,,0,0,,,,,
0021500400,507,4,0,4,9:45 PM,0:36,,,Portis REBOUND (Off:5 Def:6),,,5.0,1626171,Bobby Portis,1610612741.0,Chicago,Bulls,CHI,0,0,,,,,,0,0,,,,,
0021500400,508,1,42,4,9:46 PM,0:30,,,Bairstow 1' Driving Layup (2 PTS) (Portis 1 AST),89 - 107,18,5.0,203946,Cameron Bairstow,1610612741.0,Chicago,Bulls,CHI,5,1626171,Bobby Portis,1610612741.0,Chicago,Bulls,CHI,0,0,,,,,
0021500400,509,2,5,4,9:46 PM,0:09,MISS Grant 2' Layup,,,,,4.0,1626170,Jerian Grant,1610612752.0,New York,Knicks,NYK,0,0,,,,,,0,0,,,,,
0021500400,510,4,0,4,9:46 PM,0:08,,,Bairstow REBOUND (Off:1 Def:2),,,5.0,203946,Cameron Bairstow,1610612741.0,Chicago,Bulls,CHI,0,0,,,,,,0,0,,,,,
0021500400,511,1,7,4,9:46 PM,0:05,,,Portis  Dunk (20 PTS),91 - 107,16,5.0,1626171,Bobby Portis,1610612741.0,Chicago,Bulls,CHI,0,0,,,,,,0,0,,,,,
0021500400,512,13,0,4,9:46 PM,0:00,,,,91 - 107,16,0.0,0,,,,,,0,0,,,,,,0,0,,,,,
