GAME_ID,EVENTNUM,EVENTMSGTYPE,EVENTMSGACTIONTYPE,PERIOD,WCTIMESTRING,PCTIMESTRING,HOMEDESCRIPTION,NEUTRALDESCRIPTION,VISITORDESCRIPTION,SCORE,SCOREMARGIN,PERSON1TYPE,PLAYER1_ID,PLAYER1_NAME,PLAYER1_TEAM_ID,PLAYER1_TEAM_CITY,PLAYER1_TEAM_NICKNAME,PLAYER1_TEAM_ABBREVIATION,PERSON2TYPE,PLAYER2_ID,PLAYER2_NAME,PLAYER2_TEAM_ID,PLAYER2_TEAM_CITY,PLAYER2_TEAM_NICKNAME,PLAYER2_TEAM_ABBREVIATION,PERSON3TYPE,PLAYER3_ID,PLAYER3_NAME,PLAYER3_TEAM_ID,PLAYER3_TEAM_CITY,PLAYER3_TEAM_NICKNAME,PLAYER3_TEAM_ABBREVIATION
0021500351,0,12,0,1,8:41 PM,12:00,,,,,,0.0,0,,,,,,0,0,,,,,,0,0,,,,,
0021500351,1,10,0,1,8:41 PM,12:00,Jump Ball Monroe vs. Bogut: Tip to Antetokounmpo,,,,,4.0,202328,Greg Monroe,1610612749.0,Milwaukee,Bucks,MIL,5,101106,Andrew Bogut,1610612744.0,Golden State,Warriors,GSW,4,203507,Giannis Antetokounmpo,1610612749.0,Milwaukee,Bucks,MIL
0021500351,2,1,1,1,8:41 PM,11:46,Parker 13' Jump Shot (2 PTS) (Antetokounmpo 1 AST),,,0 - 2,2,4.0,203953,Jabari Parker,1610612749.0,Milwaukee,Bucks,MIL,4,203507,Giannis Antetokounmpo,1610612749.0,Milwaukee,Bucks,MIL,0,0,,,,,
0021500351,3,2,1,1,8:41 PM,11:27,,,MISS Green 26' 3PT Jump Shot,,,5.0,203110,Draymond Green,1610612744.0,Golden State,Warriors,GSW,0,0,,,,,,0,0,,,,,
0021500351,4,4,0,1,8:41 PM,11:26,BUCKS Rebound,,,,,2.0,1610612749,,,,,,0,0,,,,,,0,0,,,,,
0021500351,5,2,1,1,8:42 PM,11:15,MISS Antetokounmpo 11' Jump Shot,,,,,4.0,203507,Giannis Antetokounmpo,1610612749.0,Milwaukee,Bucks,MIL,0,0,,,,,,0,0,,,,,
0021500351,6,4,0,1,8:42 PM,11:14,,,Curry REBOUND (Off:0 Def:1),,,5.0,201939,Stephen Curry,1610612744.0,Golden State,Warriors,GSW,0,0,,,,,,0,0,,,,,
0021500351,7,2,1,1,8:42 PM,11:07,,,MISS Curry 29' 3PT Jump Shot,,,5.0,201939,Stephen Curry,1610612744.0,Golden State,Warriors,GSW,0,0,,,,,,0,0,,,,,
0021500351,8,4,0,1,8:42 PM,11:03,,,Thompson REBOUND (Off:1 Def:0),,,5.0,202691,Klay Thompson,1610612744.0,Golden State,Warriors,GSW,0,0,,,,,,0,0,,,,,
0021500351,9,1,7,1,8:42 PM,11:01,,,Bogut  Dunk (2 PTS) (Thompson 1 AST),2 - 2,TIE,5.0,101106,Andrew Bogut,1610612744.0,Golden State,Warriors,GSW,5,202691,Klay Thompson,1610612744.0,Golden State,Warriors,GSW,0,0,,,,,
0021500351,10,1,44,1,8:42 PM,10:45,Middleton  Reverse Layup (2 PTS),,,2 - 4,2,4.0,203114,Khris Middleton,1610612749.0,Milwaukee,Bucks,MIL,0,0,,,,,,0,0,,,,,
0021500351,40,2,58,1,8:43 PM,10:27,,,MISS Bogut 4' Turnaround Hook Shot,,,5.0,101106,Andrew Bogut,1610612744.0,Golden State,Warriors,GSW,0,0,,,,,,0,0,,,,,
0021500351,12,4,0,1,8:43 PM,10:25,Monroe REBOUND (Off:0 Def:1),,,,,4.0,202328,Greg Monroe,1610612749.0,Milwaukee,Bucks,MIL,0,0,,,,,,0,0,,,,,
0021500351,13,2,1,1,8:43 PM,10:05,MISS Mayo 20' Jump Shot,,,,,4.0,201564,O.J. Mayo,1610612749.0,Milwaukee,Bucks,MIL,0,0,,,,,,0,0,,,,,
0021500351,14,4,0,1,8:43 PM,10:04,,,Thompson REBOUND (Off:1 Def:1),,,5.0,202691,Klay Thompson,1610612744.0,Golden State,Warriors,GSW,0,0,,,,,,0,0,,,,,
0021500351,15,1,1,1,8:43 PM,9:59,,,Thompson 24' 3PT Jump Shot (3 PTS),5 - 4,-1,5.0,202691,Klay Thompson,1610612744.0,Golden State,Warriors,GSW,0,0,,,,,,0,0,,,,,
0021500351,16,5,2,1,8:43 PM,9:50,Parker Lost Ball Turnover (P1.T1),,Thompson STEAL (1 STL),,,4.0,203953,Jabari Parker,1610612749.0,Milwaukee,Bucks,MIL,5,202691,Klay Thompson,1610612744.0,Golden State,Warriors,GSW,0,0,,,,,
0021500351,17,2,1,1,8:43 PM,9:43,,,MISS Thompson 28' 3PT Jump Shot,,,5.0,202691,Klay Thompson,1610612744.0,Golden State,Warriors,GSW,0,0,,,,,,0,0,,,,,
0021500351,18,4,0,1,8:43 PM,9:39,Parker REBOUND (Off:0 Def:1),,,,,4.0,203953,Jabari Parker,1610612749.0,Milwaukee,Bucks,MIL,0,0,,,,,,0,0,,,,,
0021500351,19,1,1,1,8:43 PM,9:34,Middleton 27' 3PT Jump Shot (5 PTS),,,5 - 7,2,4.0,203114,Khris Middleton,1610612749.0,Milwaukee,Bucks,MIL,0,0,,,,,,0,0,,,,,
0021500351,20,2,1,1,8:44 PM,9:15,,,MISS Thompson 8' Jump Shot,,,5.0,202691,Klay Thompson,1610612744.0,Golden State,Warriors,GSW,0,0,,,,,,0,0,,,,,
0021500351,21,4,0,1,8:44 PM,9:14,Antetokounmpo REBOUND (Off:0 Def:1),,,,,4.0,203507,Giannis Antetokounmpo,1610612749.0,Milwaukee,Bucks,MIL,0,0,,,,,,0,0,,,,,
0021500351,22,1,5,1,8:44 PM,9:02,Monroe 2' Layup (2 PTS) (Antetokounmpo 2 AST),,,5 - 9,4,4.0,202328,Greg Monroe,1610612749.0,Milwaukee,Bucks,MIL,4,203507,Giannis Antetokounmpo,1610612749.0,Milwaukee,Bucks,MIL,0,0,,,,,
0021500351,23,2,1,1,8:44 PM,8:52,,,MISS Rush 28' 3PT Jump Shot,,,5.0,201575,Brandon Rush,1610612744.0,Golden State,Warriors,GSW,0,0,,,,,,0,0,,,,,
0021500351,24,4,0,1,8:44 PM,8:50,Antetokounmpo REBOUND (Off:0 Def:2),,,,,4.0,203507,Giannis Antetokounmpo,1610612749.0,Milwaukee,Bucks,MIL,0,0,,,,,,0,0,,,,,
0021500351,25,2,1,1,8:44 PM,8:38,MISS Monroe 9' Jump Shot,,,,,4.0,202328,Greg Monroe,1610612749.0,Milwaukee,Bucks,MIL,0,0,,,,,,0,0,,,,,
0021500351,26,4,0,1,8:44 PM,8:38,BUCKS Rebound,,,,,2.0,1610612749,,,,,,0,0,,,,,,0,0,,,,,
0021500351,27,6,3,1,8:45 PM,8:38,,,Thompson L.B.FOUL (P1.T1) (J.Capers),,,5.0,202691,Klay Thompson,1610612744.0,Golden State,Warriors,GSW,4,203953,Jabari Parker,1610612749.0,Milwaukee,Bucks,MIL,1,0,,,,,
0021500351,28,1,1,1,8:45 PM,8:27,Mayo 14' Jump Shot (2 PTS) (Monroe 1 AST),,,5 - 11,6,4.0,201564,O.J. Mayo,1610612749.0,Milwaukee,Bucks,MIL,4,202328,Greg Monroe,1610612749.0,Milwaukee,Bucks,MIL,0,0,,,,,
0021500351,30,2,1,1,8:45 PM,8:07,Parker BLOCK (1 BLK),,MISS Green 7' Jump Shot,,,5.0,203110,Draymond Green,1610612744.0,Golden State,Warriors,GSW,0,0,,,,,,4,203953,Jabari Parker,1610612749.0,Milwaukee,Bucks,MIL
0021500351,31,4,0,1,8:46 PM,8:05,Antetokounmpo REBOUND (Off:0 Def:3),,,,,4.0,203507,Giannis Antetokounmpo,1610612749.0,Milwaukee,Bucks,MIL,0,0,,,,,,0,0,,,,,
0021500351,33,1,1,1,8:46 PM,7:54,Mayo 27' 3PT Jump Shot (5 PTS) (Monroe 2 AST),,,5 - 14,9,4.0,201564,O.J. Mayo,1610612749.0,Milwaukee,Bucks,MIL,4,202328,Greg Monroe,1610612749.0,Milwaukee,Bucks,MIL,0,0,,,,,
0021500351,35,6,2,1,8:46 PM,7:43,Mayo S.FOUL (P1.T1) (K.Cutler),,,,,4.0,201564,O.J. Mayo,1610612749.0,Milwaukee,Bucks,MIL,5,201939,Stephen Curry,1610612744.0,Golden State,Warriors,GSW,1,0,,,,,
0021500351,36,3,11,1,8:46 PM,7:43,,,Curry Free Throw 1 of 2 (1 PTS),6 - 14,8,5.0,201939,Stephen Curry,1610612744.0,Golden State,Warriors,GSW,0,0,,,,,,0,0,,,,,
0021500351,38,3,12,1,8:47 PM,7:43,,,Curry Free Throw 2 of 2 (2 PTS),7 - 14,7,5.0,201939,Stephen Curry,1610612744.0,Golden State,Warriors,GSW,0,0,,,,,,0,0,,,,,
0021500351,41,5,2,1,8:47 PM,7:27,Monroe Lost Ball Turnover (P1.T2),,Green STEAL (1 STL),,,4.0,202328,Greg Monroe,1610612749.0,Milwaukee,Bucks,MIL,5,203110,Draymond Green,1610612744.0,Golden State,Warriors,GSW,0,0,,,,,
0021500351,42,2,1,1,8:47 PM,7:16,,,MISS Curry 25' 3PT Jump Shot,,,5.0,201939,Stephen Curry,1610612744.0,Golden State,Warriors,GSW,0,0,,,,,,0,0,,,,,
0021500351,43,4,0,1,8:47 PM,7:14,Antetokounmpo REBOUND (Off:0 Def:4),,,,,4.0,203507,Giannis Antetokounmpo,1610612749.0,Milwaukee,Bucks,MIL,0,0,,,,,,0,0,,,,,
0021500351,44,2,5,1,8:47 PM,7:09,MISS Antetokounmpo 2' Layup,,,,,4.0,203507,Giannis Antetokounmpo,1610612749.0,Milwaukee,Bucks,MIL,0,0,,,,,,0,0,,,,,
0021500351,45,4,0,1,8:47 PM,7:09,BUCKS Rebound,,,,,2.0,1610612749,,,,,,0,0,,,,,,0,0,,,,,
0021500351,46,6,3,1,8:47 PM,7:09,,,Bogut L.B.FOUL (P1.T2) (K.Cutler),,,5.0,101106,Andrew Bogut,1610612744.0,Golden State,Warriors,GSW,4,203953,Jabari Parker,1610612749.0,Milwaukee,Bucks,MIL,1,0,,,,,
0021500351,71,2,45,1,8:48 PM,7:06,MISS Middleton 24' 3PT Jump Shot,,,,,4.0,203114,Khris Middleton,1610612749.0,Milwaukee,Bucks,MIL,0,0,,,,,,0,0,,,,,
0021500351,49,4,0,1,8:48 PM,7:04,,,Curry REBOUND (Off:0 Def:2),,,5.0,201939,Stephen Curry,1610612744.0,Golden State,Warriors,GSW,0,0,,,,,,0,0,,,,,
0021500351,51,2,1,1,8:48 PM,6:55,,,MISS Thompson 25' 3PT Jump Shot,,,5.0,202691,Klay Thompson,1610612744.0,Golden State,Warriors,GSW,0,0,,,,,,0,0,,,,,
0021500351,52,4,0,1,8:48 PM,6:52,Mayo REBOUND (Off:0 Def:1),,,,,4.0,201564,O.J. Mayo,1610612749.0,Milwaukee,Bucks,MIL,0,0,,,,,,0,0,,,,,
0021500351,53,2,5,1,8:48 PM,6:50,MISS Mayo 1' Layup,,Rush BLOCK (1 BLK),,,4.0,201564,O.J. Mayo,1610612749.0,Milwaukee,Bucks,MIL,0,0,,,,,,5,201575,Brandon Rush,1610612744.0,Golden State,Warriors,GSW
0021500351,54,4,0,1,8:48 PM,6:47,Monroe REBOUND (Off:1 Def:1),,,,,4.0,202328,Greg Monroe,1610612749.0,Milwaukee,Bucks,MIL,0,0,,,,,,0,0,,,,,
0021500351,55,1,5,1,8:48 PM,6:45,Monroe 1' Layup (4 PTS),,,7 - 16,9,4.0,202328,Greg Monroe,1610612749.0,Milwaukee,Bucks,MIL,0,0,,,,,,0,0,,,,,
0021500351,56,1,44,1,8:48 PM,6:30,,,Curry 1' Reverse Layup (4 PTS) (Bogut 1 AST),9 - 16,7,5.0,201939,Stephen Curry,1610612744.0,Golden State,Warriors,GSW,5,101106,Andrew Bogut,1610612744.0,Golden State,Warriors,GSW,0,0,,,,,
0021500351,57,1,1,1,8:48 PM,6:16,Middleton 12' Jump Shot (7 PTS),,,9 - 18,9,4.0,203114,Khris Middleton,1610612749.0,Milwaukee,Bucks,MIL,0,0,,,,,,0,0,,,,,
0021500351,58,1,73,1,8:49 PM,6:01,,,Curry 1' Driving Reverse Layup (6 PTS),11 - 18,7,5.0,201939,Stephen Curry,1610612744.0,Golden State,Warriors,GSW,0,0,,,,,,0,0,,,,,
0021500351,60,2,1,1,8:49 PM,5:28,MISS Middleton 15' Jump Shot,,,,,4.0,203114,Khris Middleton,1610612749.0,Milwaukee,Bucks,MIL,0,0,,,,,,0,0,,,,,
0021500351,62,4,0,1,8:49 PM,5:27,,,Rush REBOUND (Off:0 Def:1),,,5.0,201575,Brandon Rush,1610612744.0,Golden State,Warriors,GSW,0,0,,,,,,0,0,,,,,
0021500351,64,1,1,1,8:49 PM,5:16,,,Curry  3PT Jump Shot (9 PTS),14 - 18,4,5.0,201939,Stephen Curry,1610612744.0,Golden State,Warriors,GSW,0,0,,,,,,0,0,,,,,
0021500351,66,2,5,1,8:50 PM,5:01,MISS Parker 2' Layup,,,,,4.0,203953,Jabari Parker,1610612749.0,Milwaukee,Bucks,MIL,0,0,,,,,,0,0,,,,,
0021500351,67,4,0,1,8:50 PM,4:59,,,Bogut REBOUND (Off:0 Def:1),,,5.0,101106,Andrew Bogut,1610612744.0,Golden State,Warriors,GSW,0,0,,,,,,0,0,,,,,
0021500351,68,1,98,1,8:50 PM,4:53,,,Thompson 1' Cutting Layup Shot (5 PTS) (Green 1 AST),16 - 18,2,5.0,202691,Klay Thompson,1610612744.0,Golden State,Warriors,GSW,5,203110,Draymond Green,1610612744.0,Golden State,Warriors,GSW,0,0,,,,,
0021500351,69,9,1,1,8:50 PM,4:52,BUCKS Timeout: Regular (Full 1 Short 0),,,,,2.0,1610612749,,,,,,0,0,,,,,,0,0,,,,,
0021500351,72,8,0,1,8:52 PM,4:52,,,SUB: Iguodala FOR Thompson,,,5.0,202691,Klay Thompson,1610612744.0,Golden State,Warriors,GSW,5,2738,Andre Iguodala,1610612744.0,Golden State,Warriors,GSW,0,0,,,,,
0021500351,74,8,0,1,8:52 PM,4:52,SUB: Carter-Williams FOR Antetokounmpo,,,,,4.0,203507,Giannis Antetokounmpo,1610612749.0,Milwaukee,Bucks,MIL,4,203487,Michael Carter-Williams,1610612749.0,Milwaukee,Bucks,MIL,0,0,,,,,
0021500351,75,2,1,1,8:53 PM,4:40,MISS Parker 16' Jump Shot,,,,,4.0,203953,Jabari Parker,1610612749.0,Milwaukee,Bucks,MIL,0,0,,,,,,0,0,,,,,
0021500351,76,4,0,1,8:53 PM,4:38,Middleton REBOUND (Off:1 Def:0),,,,,4.0,203114,Khris Middleton,1610612749.0,Milwaukee,Bucks,MIL,0,0,,,,,,0,0,,,,,
0021500351,77,1,1,1,8:53 PM,4:35,Mayo  3PT Jump Shot (8 PTS) (Middleton 1 AST),,,16 - 21,5,4.0,201564,O.J. Mayo,1610612749.0,Milwaukee,Bucks,MIL,4,203114,Khris Middleton,1610612749.0,Milwaukee,Bucks,MIL,0,0,,,,,
0021500351,78,5,1,1,8:53 PM,4:24,,,Iguodala Bad Pass Turnover (P1.T1),,,5.0,2738,Andre Iguodala,1610612744.0,Golden State,Warriors,GSW,0,0,,,,,,0,0,,,,,
0021500351,79,2,1,1,8:53 PM,4:10,MISS Middleton 27' 3PT Jump Shot,,,,,4.0,203114,Khris Middleton,1610612749.0,Milwaukee,Bucks,MIL,0,0,,,,,,0,0,,,,,
0021500351,80,4,0,1,8:53 PM,4:09,,,Bogut REBOUND (Off:0 Def:2),,,5.0,101106,Andrew Bogut,1610612744.0,Golden State,Warriors,GSW,0,0,,,,,,0,0,,,,,
0021500351,81,2,5,1,8:53 PM,4:03,,,MISS Green 1' Layup,,,5.0,203110,Draymond Green,1610612744.0,Golden State,Warriors,GSW,0,0,,,,,,0,0,,,,,
0021500351,82,4,0,1,8:53 PM,4:01,Parker REBOUND (Off:0 Def:2),,,,,4.0,203953,Jabari Parker,1610612749.0,Milwaukee,Bucks,MIL,0,0,,,,,,0,0,,,,,
0021500351,83,1,1,1,8:54 PM,3:51,Mayo 27' 3PT Jump Shot (11 PTS) (Carter-Williams 1 AST),,,16 - 24,8,4.0,201564,O.J. Mayo,1610612749.0,Milwaukee,Bucks,MIL,4,203487,Michael Carter-Williams,1610612749.0,Milwaukee,Bucks,MIL,0,0,,,,,
0021500351,84,2,1,1,8:54 PM,3:34,,,MISS Rush 15' Jump Shot,,,5.0,201575,Brandon Rush,1610612744.0,Golden State,Warriors,GSW,0,0,,,,,,0,0,,,,,
0021500351,85,4,0,1,8:54 PM,3:24,Parker REBOUND (Off:0 Def:3),,,,,4.0,203953,Jabari Parker,1610612749.0,Milwaukee,Bucks,MIL,0,0,,,,,,0,0,,,,,
0021500351,86,2,5,1,8:54 PM,3:18,MISS Parker 1' Layup,,Green BLOCK (1 BLK),,,4.0,203953,Jabari Parker,1610612749.0,Milwaukee,Bucks,MIL,0,0,,,,,,5,203110,Draymond Green,1610612744.0,Golden State,Warriors,GSW
0021500351,87,4,0,1,8:54 PM,3:16,,,Green REBOUND (Off:0 Def:1),,,5.0,203110,Draymond Green,1610612744.0,Golden State,Warriors,GSW,0,0,,,,,,0,0,,,,,
0021500351,88,1,5,1,8:54 PM,3:14,,,Curry 2' Layup (11 PTS) (Green 2 AST),18 - 24,6,5.0,201939,Stephen Curry,1610612744.0,Golden State,Warriors,GSW,5,203110,Draymond Green,1610612744.0,Golden State,Warriors,GSW,0,0,,,,,
0021500351,89,1,51,1,8:54 PM,3:01,Parker 2' Reverse Dunk (4 PTS) (Mayo 1 AST),,,18 - 26,8,4.0,203953,Jabari Parker,1610612749.0,Milwaukee,Bucks,MIL,4,201564,O.J. Mayo,1610612749.0,Milwaukee,Bucks,MIL,0,0,,,,,
0021500351,90,2,1,1,8:55 PM,2:45,,,MISS Curry 14' Jump Shot,,,5.0,201939,Stephen Curry,1610612744.0,Golden State,Warriors,GSW,0,0,,,,,,0,0,,,,,
0021500351,91,4,0,1,8:55 PM,2:44,Monroe REBOUND (Off:1 Def:2),,,,,4.0,202328,Greg Monroe,1610612749.0,Milwaukee,Bucks,MIL,0,0,,,,,,0,0,,,,,
0021500351,92,1,5,1,8:55 PM,2:40,Monroe 1' Layup (6 PTS) (Carter-Williams 2 AST),,,18 - 28,10,4.0,202328,Greg Monroe,1610612749.0,Milwaukee,Bucks,MIL,4,203487,Michael Carter-Williams,1610612749.0,Milwaukee,Bucks,MIL,0,0,,,,,
0021500351,93,9,1,1,8:55 PM,2:40,,,Warriors Timeout: Regular (Reg.1 Short 0),,,3.0,1610612744,,,,,,0,0,,,,,,0,0,,,,,
0021500351,95,8,0,1,8:57 PM,2:40,,,SUB: Livingston FOR Rush,,,5.0,201575,Brandon Rush,1610612744.0,Golden State,Warriors,GSW,5,2733,Shaun Livingston,1610612744.0,Golden State,Warriors,GSW,0,0,,,,,
0021500351,96,8,0,1,8:57 PM,2:40,SUB: Vaughn FOR Parker,,,,,4.0,203953,Jabari Parker,1610612749.0,Milwaukee,Bucks,MIL,4,1626173,Rashad Vaughn,1610612749.0,Milwaukee,Bucks,MIL,0,0,,,,,
0021500351,97,8,0,1,8:57 PM,2:40,SUB: O'Bryant III FOR Mayo,,,,,4.0,201564,O.J. Mayo,1610612749.0,Milwaukee,Bucks,MIL,4,203948,Johnny O'Bryant III,1610612749.0,Milwaukee,Bucks,MIL,0,0,,,,,
0021500351,98,2,1,1,8:58 PM,2:18,,,MISS Iguodala 27' 3PT Jump Shot,,,5.0,2738,Andre Iguodala,1610612744.0,Golden State,Warriors,GSW,0,0,,,,,,0,0,,,,,
0021500351,99,4,0,1,8:58 PM,2:17,Monroe REBOUND (Off:1 Def:3),,,,,4.0,202328,Greg Monroe,1610612749.0,Milwaukee,Bucks,MIL,0,0,,,,,,0,0,,,,,
0021500351,100,1,3,1,8:58 PM,2:03,Monroe 6' Hook Shot (8 PTS) (Middleton 2 AST),,,18 - 30,12,4.0,202328,Greg Monroe,1610612749.0,Milwaukee,Bucks,MIL,4,203114,Khris Middleton,1610612749.0,Milwaukee,Bucks,MIL,0,0,,,,,
0021500351,101,2,1,1,8:58 PM,1:42,,,MISS Livingston 10' Jump Shot,,,5.0,2733,Shaun Livingston,1610612744.0,Golden State,Warriors,GSW,0,0,,,,,,0,0,,,,,
0021500351,102,4,0,1,8:58 PM,1:41,Middleton REBOUND (Off:1 Def:1),,,,,4.0,203114,Khris Middleton,1610612749.0,Milwaukee,Bucks,MIL,0,0,,,,,,0,0,,,,,
0021500351,103,5,1,1,8:58 PM,1:37,Middleton Bad Pass Turnover (P1.T3),,Livingston STEAL (1 STL),,,4.0,203114,Khris Middleton,1610612749.0,Milwaukee,Bucks,MIL,5,2733,Shaun Livingston,1610612744.0,Golden State,Warriors,GSW,0,0,,,,,
0021500351,104,6,1,1,8:59 PM,1:36,Monroe P.FOUL (P1.T2) (J.Capers),,,,,4.0,202328,Greg Monroe,1610612749.0,Milwaukee,Bucks,MIL,5,2733,Shaun Livingston,1610612744.0,Golden State,Warriors,GSW,1,0,,,,,
0021500351,105,8,0,1,8:59 PM,1:36,,,SUB: Ezeli FOR Bogut,,,5.0,101106,Andrew Bogut,1610612744.0,Golden State,Warriors,GSW,5,203105,Festus Ezeli,1610612744.0,Golden State,Warriors,GSW,0,0,,,,,
0021500351,106,8,0,1,8:59 PM,1:36,SUB: Antetokounmpo FOR Middleton,,,,,4.0,203114,Khris Middleton,1610612749.0,Milwaukee,Bucks,MIL,4,203507,Giannis Antetokounmpo,1610612749.0,Milwaukee,Bucks,MIL,0,0,,,,,
0021500351,107,2,1,1,8:59 PM,1:21,,,MISS Curry 4' Jump Shot,,,5.0,201939,Stephen Curry,1610612744.0,Golden State,Warriors,GSW,0,0,,,,,,0,0,,,,,
0021500351,108,4,0,1,8:59 PM,1:18,,,Ezeli REBOUND (Off:1 Def:0),,,5.0,203105,Festus Ezeli,1610612744.0,Golden State,Warriors,GSW,0,0,,,,,,0,0,,,,,
0021500351,109,2,1,1,8:59 PM,1:15,,,MISS Curry 24' 3PT Jump Shot,,,5.0,201939,Stephen Curry,1610612744.0,Golden State,Warriors,GSW,0,0,,,,,,0,0,,,,,
0021500351,110,4,0,1,8:59 PM,1:15,,,Ezeli REBOUND (Off:2 Def:0),,,5.0,203105,Festus Ezeli,1610612744.0,Golden State,Warriors,GSW,0,0,,,,,,0,0,,,,,
0021500351,111,1,72,1,8:59 PM,1:15,,,Ezeli 1' Putback Layup (2 PTS),20 - 30,10,5.0,203105,Festus Ezeli,1610612744.0,Golden State,Warriors,GSW,0,0,,,,,,0,0,,,,,
0021500351,112,6,2,1,8:59 PM,1:15,Monroe S.FOUL (P2.PN) (J.Capers),,,,,4.0,202328,Greg Monroe,1610612749.0,Milwaukee,Bucks,MIL,5,203105,Festus Ezeli,1610612744.0,Golden State,Warriors,GSW,1,0,,,,,
0021500351,113,8,0,1,9:00 PM,1:15,SUB: Henson FOR Monroe,,,,,4.0,202328,Greg Monroe,1610612749.0,Milwaukee,Bucks,MIL,4,203089,John Henson,1610612749.0,Milwaukee,Bucks,MIL,0,0,,,,,
0021500351,114,3,10,1,9:00 PM,1:15,,,Ezeli Free Throw 1 of 1 (3 PTS),21 - 30,9,5.0,203105,Festus Ezeli,1610612744.0,Golden State,Warriors,GSW,0,0,,,,,,0,0,,,,,
0021500351,117,2,1,1,9:00 PM,0:57,MISS Carter-Williams 19' Jump Shot,,,,,4.0,203487,Michael Carter-Williams,1610612749.0,Milwaukee,Bucks,MIL,0,0,,,,,,0,0,,,,,
0021500351,118,4,0,1,9:00 PM,0:55,,,Curry REBOUND (Off:0 Def:3),,,5.0,201939,Stephen Curry,1610612744.0,Golden State,Warriors,GSW,0,0,,,,,,0,0,,,,,
0021500351,119,1,5,1,9:00 PM,0:52,,,Green 1' Layup (2 PTS) (Curry 1 AST),23 - 30,7,5.0,203110,Draymond Green,1610612744.0,Golden State,Warriors,GSW,5,201939,Stephen Curry,1610612744.0,Golden State,Warriors,GSW,0,0,,,,,
0021500351,120,6,2,1,9:00 PM,0:52,Vaughn S.FOUL (P1.PN) (K.Cutler),,,,,4.0,1626173,Rashad Vaughn,1610612749.0,Milwaukee,Bucks,MIL,5,203110,Draymond Green,1610612744.0,Golden State,Warriors,GSW,1,0,,,,,
0021500351,121,3,10,1,9:01 PM,0:52,,,Green Free Throw 1 of 1 (3 PTS),24 - 30,6,5.0,203110,Draymond Green,1610612744.0,Golden State,Warriors,GSW,0,0,,,,,,0,0,,,,,
0021500351,123,2,1,1,9:01 PM,0:42,MISS Vaughn 19' Jump Shot,,,,,4.0,1626173,Rashad Vaughn,1610612749.0,Milwaukee,Bucks,MIL,0,0,,,,,,0,0,,,,,
0021500351,124,4,0,1,9:01 PM,0:40,,,Ezeli REBOUND (Off:2 Def:1),,,5.0,203105,Festus Ezeli,1610612744.0,Golden State,Warriors,GSW,0,0,,,,,,0,0,,,,,
0021500351,125,1,1,1,9:01 PM,0:34,,,Curry 17' Jump Shot (13 PTS),26 - 30,4,5.0,201939,Stephen Curry,1610612744.0,Golden State,Warriors,GSW,0,0,,,,,,0,0,,,,,
0021500351,126,6,4,1,9:01 PM,0:26,Carter-Williams OFF.Foul (P1) (K.Cutler),,,,,4.0,203487,Michael Carter-Williams,1610612749.0,Milwaukee,Bucks,MIL,5,201939,Stephen Curry,1610612744.0,Golden State,Warriors,GSW,1,0,,,,,
0021500351,127,5,5,1,9:01 PM,0:26,Carter-Williams Foul Turnover (P1.T4),,,,,4.0,203487,Michael Carter-Williams,1610612749.0,Milwaukee,Bucks,MIL,0,0,,,,,,1,0,,,,,
0021500351,128,6,2,1,9:02 PM,0:08,Henson S.FOUL (P1.PN) (N.Buchert),,,,,4.0,203089,John Henson,1610612749.0,Milwaukee,Bucks,MIL,5,203110,Draymond Green,1610612744.0,Golden State,Warriors,GSW,1,0,,,,,
0021500351,129,3,11,1,9:02 PM,0:08,,,Green Free Throw 1 of 2 (4 PTS),27 - 30,3,5.0,203110,Draymond Green,1610612744.0,Golden State,Warriors,GSW,0,0,,,,,,0,0,,,,,
0021500351,131,8,0,1,9:02 PM,0:08,,,SUB: Barbosa FOR Curry,,,5.0,201939,Stephen Curry,1610612744.0,Golden State,Warriors,GSW,5,2571,Leandro Barbosa,1610612744.0,Golden State,Warriors,GSW,0,0,,,,,
0021500351,132,3,12,1,9:02 PM,0:08,,,Green Free Throw 2 of 2 (5 PTS),28 - 30,2,5.0,203110,Draymond Green,1610612744.0,Golden State,Warriors,GSW,0,0,,,,,,0,0,,,,,
0021500351,134,2,1,1,9:03 PM,0:01,MISS O'Bryant III 15' Jump Shot,,,,,4.0,203948,Johnny O'Bryant III,1610612749.0,Milwaukee,Bucks,MIL,0,0,,,,,,0,0,,,,,
0021500351,135,4,0,1,9:03 PM,0:00,,,Ezeli REBOUND (Off:2 Def:2),,,5.0,203105,Festus Ezeli,1610612744.0,Golden State,Warriors,GSW,0,0,,,,,,0,0,,,,,
0021500351,136,13,0,1,9:03 PM,0:00,,,,28 - 30,2,0.0,0,,,,,,0,0,,,,,,0,0,,,,,
0021500351,138,12,0,2,9:06 PM,12:00,,,,28 - 30,2,0.0,0,,,,,,0,0,,,,,,0,0,,,,,
0021500351,139,2,5,2,9:06 PM,11:38,,,MISS Speights 1' Layup,,,5.0,201578,Marreese Speights,1610612744.0,Golden State,Warriors,GSW,0,0,,,,,,0,0,,,,,
0021500351,140,4,0,2,9:06 PM,11:37,Vaughn REBOUND (Off:0 Def:1),,,,,4.0,1626173,Rashad Vaughn,1610612749.0,Milwaukee,Bucks,MIL,0,0,,,,,,0,0,,,,,
0021500351,141,2,43,2,9:06 PM,11:25,MISS Henson 1' Alley Oop Layup,,,,,4.0,203089,John Henson,1610612749.0,Milwaukee,Bucks,MIL,0,0,,,,,,0,0,,,,,
0021500351,142,4,0,2,9:06 PM,11:23,,,Iguodala REBOUND (Off:0 Def:1),,,5.0,2738,Andre Iguodala,1610612744.0,Golden State,Warriors,GSW,0,0,,,,,,0,0,,,,,
0021500351,143,2,1,2,9:06 PM,11:14,,,MISS Iguodala 24' 3PT Jump Shot,,,5.0,2738,Andre Iguodala,1610612744.0,Golden State,Warriors,GSW,0,0,,,,,,0,0,,,,,
0021500351,144,4,0,2,9:06 PM,11:14,Henson REBOUND (Off:0 Def:1),,,,,4.0,203089,John Henson,1610612749.0,Milwaukee,Bucks,MIL,0,0,,,,,,0,0,,,,,
0021500351,145,6,1,2,9:06 PM,11:14,,,Ezeli P.FOUL (P1.T1) (J.Capers),,,5.0,203105,Festus Ezeli,1610612744.0,Golden State,Warriors,GSW,4,203089,John Henson,1610612749.0,Milwaukee,Bucks,MIL,1,0,,,,,
0021500351,146,5,2,2,9:07 PM,10:56,Antetokounmpo Lost Ball Turnover (P1.T5),,Ezeli STEAL (1 STL),,,4.0,203507,Giannis Antetokounmpo,1610612749.0,Milwaukee,Bucks,MIL,5,203105,Festus Ezeli,1610612744.0,Golden State,Warriors,GSW,0,0,,,,,
0021500351,147,1,5,2,9:07 PM,10:51,,,Ezeli 1' Layup (5 PTS) (Iguodala 1 AST),30 - 30,TIE,5.0,203105,Festus Ezeli,1610612744.0,Golden State,Warriors,GSW,5,2738,Andre Iguodala,1610612744.0,Golden State,Warriors,GSW,0,0,,,,,
0021500351,149,2,1,2,9:07 PM,10:34,MISS Carter-Williams 17' Jump Shot,,,,,4.0,203487,Michael Carter-Williams,1610612749.0,Milwaukee,Bucks,MIL,0,0,,,,,,0,0,,,,,
0021500351,150,4,0,2,9:07 PM,10:34,,,Iguodala REBOUND (Off:0 Def:2),,,5.0,2738,Andre Iguodala,1610612744.0,Golden State,Warriors,GSW,0,0,,,,,,0,0,,,,,
0021500351,151,6,3,2,9:07 PM,10:34,O'Bryant III L.B.FOUL (P1.T1) (J.Capers),,,,,4.0,203948,Johnny O'Bryant III,1610612749.0,Milwaukee,Bucks,MIL,5,2738,Andre Iguodala,1610612744.0,Golden State,Warriors,GSW,1,0,,,,,
0021500351,152,5,2,2,9:08 PM,10:18,Carter-Williams STEAL (1 STL),,Barbosa Lost Ball Turnover (P1.T2),,,5.0,2571,Leandro Barbosa,1610612744.0,Golden State,Warriors,GSW,4,203487,Michael Carter-Williams,1610612749.0,Milwaukee,Bucks,MIL,0,0,,,,,
0021500351,153,2,5,2,9:08 PM,10:13,MISS O'Bryant III 2' Layup,,,,,4.0,203948,Johnny O'Bryant III,1610612749.0,Milwaukee,Bucks,MIL,0,0,,,,,,0,0,,,,,
0021500351,154,4,0,2,9:08 PM,10:11,,,Iguodala REBOUND (Off:0 Def:3),,,5.0,2738,Andre Iguodala,1610612744.0,Golden State,Warriors,GSW,0,0,,,,,,0,0,,,,,
0021500351,155,1,5,2,9:08 PM,10:08,,,Ezeli 2' Layup (7 PTS) (Livingston 1 AST),32 - 30,-2,5.0,203105,Festus Ezeli,1610612744.0,Golden State,Warriors,GSW,5,2733,Shaun Livingston,1610612744.0,Golden State,Warriors,GSW,0,0,,,,,
0021500351,156,6,2,2,9:08 PM,10:08,Antetokounmpo S.FOUL (P1.T2) (K.Cutler),,,,,4.0,203507,Giannis Antetokounmpo,1610612749.0,Milwaukee,Bucks,MIL,5,203105,Festus Ezeli,1610612744.0,Golden State,Warriors,GSW,1,0,,,,,
0021500351,157,3,10,2,9:08 PM,10:08,,,Ezeli Free Throw 1 of 1 (8 PTS),33 - 30,-3,5.0,203105,Festus Ezeli,1610612744.0,Golden State,Warriors,GSW,0,0,,,,,,0,0,,,,,
0021500351,159,1,3,2,9:09 PM,9:53,Henson 8' Hook Shot (2 PTS) (Antetokounmpo 3 AST),,,33 - 32,-1,4.0,203089,John Henson,1610612749.0,Milwaukee,Bucks,MIL,4,203507,Giannis Antetokounmpo,1610612749.0,Milwaukee,Bucks,MIL,0,0,,,,,
0021500351,160,2,47,2,9:09 PM,9:41,,,MISS Livingston 11' Turnaround Jump Shot,,,5.0,2733,Shaun Livingston,1610612744.0,Golden State,Warriors,GSW,0,0,,,,,,0,0,,,,,
0021500351,161,4,0,2,9:09 PM,9:40,,,Ezeli REBOUND (Off:3 Def:2),,,5.0,203105,Festus Ezeli,1610612744.0,Golden State,Warriors,GSW,0,0,,,,,,0,0,,,,,
0021500351,162,2,1,2,9:09 PM,9:30,,,MISS Barbosa 24' 3PT Jump Shot,,,5.0,2571,Leandro Barbosa,1610612744.0,Golden State,Warriors,GSW,0,0,,,,,,0,0,,,,,
0021500351,163,4,0,2,9:09 PM,9:28,,,Speights REBOUND (Off:1 Def:0),,,5.0,201578,Marreese Speights,1610612744.0,Golden State,Warriors,GSW,0,0,,,,,,0,0,,,,,
0021500351,164,5,11,2,9:09 PM,9:17,,,Warriors Turnover: Shot Clock (T#3),,,3.0,1610612744,,,,,,0,0,,,,,,1,0,,,,,
0021500351,167,1,1,2,9:10 PM,8:58,Antetokounmpo 17' Jump Shot (2 PTS) (O'Bryant III 1 AST),,,33 - 34,1,4.0,203507,Giannis Antetokounmpo,1610612749.0,Milwaukee,Bucks,MIL,4,203948,Johnny O'Bryant III,1610612749.0,Milwaukee,Bucks,MIL,0,0,,,,,
0021500351,168,5,1,2,9:10 PM,8:47,Carter-Williams STEAL (2 STL),,Barbosa Bad Pass Turnover (P2.T4),,,5.0,2571,Leandro Barbosa,1610612744.0,Golden State,Warriors,GSW,4,203487,Michael Carter-Williams,1610612749.0,Milwaukee,Bucks,MIL,0,0,,,,,
0021500351,169,1,5,2,9:10 PM,8:42,Henson 1' Layup (4 PTS) (Carter-Williams 3 AST),,,33 - 36,3,4.0,203089,John Henson,1610612749.0,Milwaukee,Bucks,MIL,4,203487,Michael Carter-Williams,1610612749.0,Milwaukee,Bucks,MIL,0,0,,,,,
0021500351,170,9,1,2,9:10 PM,8:34,,,Warriors Timeout: Regular (Reg.2 Short 0),,,3.0,1610612744,,,,,,0,0,,,,,,0,0,,,,,
0021500351,173,8,0,2,9:13 PM,8:34,,,SUB: Thompson FOR Iguodala,,,5.0,2738,Andre Iguodala,1610612744.0,Golden State,Warriors,GSW,5,202691,Klay Thompson,1610612744.0,Golden State,Warriors,GSW,0,0,,,,,
0021500351,174,6,4,2,9:13 PM,8:26,,,Ezeli OFF.Foul (P2) (N.Buchert),,,5.0,203105,Festus Ezeli,1610612744.0,Golden State,Warriors,GSW,4,203089,John Henson,1610612749.0,Milwaukee,Bucks,MIL,1,0,,,,,
0021500351,175,5,5,2,9:13 PM,8:26,,,Ezeli Foul Turnover (P1.T5),,,5.0,203105,Festus Ezeli,1610612744.0,Golden State,Warriors,GSW,0,0,,,,,,1,0,,,,,
0021500351,176,1,5,2,9:14 PM,8:12,Henson 1' Layup (6 PTS) (Antetokounmpo 4 AST),,,33 - 38,5,4.0,203089,John Henson,1610612749.0,Milwaukee,Bucks,MIL,4,203507,Giannis Antetokounmpo,1610612749.0,Milwaukee,Bucks,MIL,0,0,,,,,
0021500351,177,1,5,2,9:14 PM,7:58,,,Speights 1' Layup (2 PTS) (Livingston 2 AST),35 - 38,3,5.0,201578,Marreese Speights,1610612744.0,Golden State,Warriors,GSW,5,2733,Shaun Livingston,1610612744.0,Golden State,Warriors,GSW,0,0,,,,,
0021500351,178,2,3,2,9:14 PM,7:38,MISS Henson 7' Hook Shot,,,,,4.0,203089,John Henson,1610612749.0,Milwaukee,Bucks,MIL,0,0,,,,,,0,0,,,,,
0021500351,179,4,0,2,9:14 PM,7:38,BUCKS Rebound,,,,,2.0,1610612749,,,,,,0,0,,,,,,0,0,,,,,
0021500351,180,5,2,2,9:15 PM,7:33,O'Bryant III Lost Ball Turnover (P1.T6),,Ezeli STEAL (2 STL),,,4.0,203948,Johnny O'Bryant III,1610612749.0,Milwaukee,Bucks,MIL,5,203105,Festus Ezeli,1610612744.0,Golden State,Warriors,GSW,0,0,,,,,
0021500351,181,2,1,2,9:15 PM,7:11,,,MISS Thompson 7' Jump Shot,,,5.0,202691,Klay Thompson,1610612744.0,Golden State,Warriors,GSW,0,0,,,,,,0,0,,,,,
0021500351,183,4,0,2,9:15 PM,7:09,,,Ezeli REBOUND (Off:4 Def:2),,,5.0,203105,Festus Ezeli,1610612744.0,Golden State,Warriors,GSW,0,0,,,,,,0,0,,,,,
0021500351,182,2,97,2,9:15 PM,7:09,,,MISS Ezeli 3' Tip Layup Shot,,,5.0,203105,Festus Ezeli,1610612744.0,Golden State,Warriors,GSW,0,0,,,,,,0,0,,,,,
0021500351,184,4,0,2,9:15 PM,7:08,BUCKS Rebound,,,,,2.0,1610612749,,,,,,0,0,,,,,,0,0,,,,,
0021500351,185,8,0,2,9:15 PM,7:08,SUB: Parker FOR O'Bryant III,,,,,4.0,203948,Johnny O'Bryant III,1610612749.0,Milwaukee,Bucks,MIL,4,203953,Jabari Parker,1610612749.0,Milwaukee,Bucks,MIL,0,0,,,,,
0021500351,187,2,1,2,9:16 PM,6:52,MISS Antetokounmpo 18' Jump Shot,,,,,4.0,203507,Giannis Antetokounmpo,1610612749.0,Milwaukee,Bucks,MIL,0,0,,,,,,0,0,,,,,
0021500351,188,4,0,2,9:16 PM,6:50,,,Speights REBOUND (Off:1 Def:1),,,5.0,201578,Marreese Speights,1610612744.0,Golden State,Warriors,GSW,0,0,,,,,,0,0,,,,,
0021500351,189,2,3,2,9:16 PM,6:37,,,MISS Speights 6' Hook Shot,,,5.0,201578,Marreese Speights,1610612744.0,Golden State,Warriors,GSW,0,0,,,,,,0,0,,,,,
0021500351,190,4,0,2,9:16 PM,6:36,Henson REBOUND (Off:0 Def:2),,,,,4.0,203089,John Henson,1610612749.0,Milwaukee,Bucks,MIL,0,0,,,,,,0,0,,,,,
0021500351,191,6,2,2,9:16 PM,6:30,,,Thompson S.FOUL (P2.T2) (J.Capers),,,5.0,202691,Klay Thompson,1610612744.0,Golden State,Warriors,GSW,4,203507,Giannis Antetokounmpo,1610612749.0,Milwaukee,Bucks,MIL,1,0,,,,,
0021500351,192,3,11,2,9:16 PM,6:30,Antetokounmpo Free Throw 1 of 2 (3 PTS),,,35 - 39,4,4.0,203507,Giannis Antetokounmpo,1610612749.0,Milwaukee,Bucks,MIL,0,0,,,,,,0,0,,,,,
0021500351,194,8,0,2,9:17 PM,6:30,,,SUB: Green FOR Speights,,,5.0,201578,Marreese Speights,1610612744.0,Golden State,Warriors,GSW,5,203110,Draymond Green,1610612744.0,Golden State,Warriors,GSW,0,0,,,,,
0021500351,195,3,12,2,9:17 PM,6:30,Antetokounmpo Free Throw 2 of 2 (4 PTS),,,35 - 40,5,4.0,203507,Giannis Antetokounmpo,1610612749.0,Milwaukee,Bucks,MIL,0,0,,,,,,0,0,,,,,
0021500351,197,5,2,2,9:17 PM,6:15,Vaughn STEAL (1 STL),,Green Lost Ball Turnover (P1.T6),,,5.0,203110,Draymond Green,1610612744.0,Golden State,Warriors,GSW,4,1626173,Rashad Vaughn,1610612749.0,Milwaukee,Bucks,MIL,0,0,,,,,
0021500351,198,5,20,2,9:17 PM,6:10,Henson Illegal Assist Turnover (P1.T7),,,,,4.0,203089,John Henson,1610612749.0,Milwaukee,Bucks,MIL,0,0,,,,,,1,0,,,,,
0021500351,200,2,1,2,9:18 PM,5:56,,,MISS Thompson 26' 3PT Jump Shot,,,5.0,202691,Klay Thompson,1610612744.0,Golden State,Warriors,GSW,0,0,,,,,,0,0,,,,,
0021500351,201,4,0,2,9:18 PM,5:55,Antetokounmpo REBOUND (Off:0 Def:5),,,,,4.0,203507,Giannis Antetokounmpo,1610612749.0,Milwaukee,Bucks,MIL,0,0,,,,,,0,0,,,,,
0021500351,202,1,1,2,9:18 PM,5:35,Antetokounmpo 11' Jump Shot (6 PTS) (Henson 1 AST),,,35 - 42,7,4.0,203507,Giannis Antetokounmpo,1610612749.0,Milwaukee,Bucks,MIL,4,203089,John Henson,1610612749.0,Milwaukee,Bucks,MIL,0,0,,,,,
0021500351,203,6,2,2,9:18 PM,5:27,Henson S.FOUL (P2.T3) (N.Buchert),,,,,4.0,203089,John Henson,1610612749.0,Milwaukee,Bucks,MIL,5,203105,Festus Ezeli,1610612744.0,Golden State,Warriors,GSW,1,0,,,,,
0021500351,204,9,4,2,9:19 PM,5:27,,,,,,1.0,0,,,,,,0,0,,,,,,0,0,,,,,
0021500351,205,8,0,2,9:21 PM,5:27,,,SUB: Iguodala FOR Livingston,,,5.0,2733,Shaun Livingston,1610612744.0,Golden State,Warriors,GSW,5,2738,Andre Iguodala,1610612744.0,Golden State,Warriors,GSW,0,0,,,,,
0021500351,206,8,0,2,9:21 PM,5:27,,,SUB: Curry FOR Barbosa,,,5.0,2571,Leandro Barbosa,1610612744.0,Golden State,Warriors,GSW,5,201939,Stephen Curry,1610612744.0,Golden State,Warriors,GSW,0,0,,,,,
0021500351,207,8,0,2,9:21 PM,5:27,SUB: Monroe FOR Vaughn,,,,,4.0,1626173,Rashad Vaughn,1610612749.0,Milwaukee,Bucks,MIL,4,202328,Greg Monroe,1610612749.0,Milwaukee,Bucks,MIL,0,0,,,,,
0021500351,208,8,0,2,9:21 PM,5:27,SUB: Mayo FOR Henson,,,,,4.0,203089,John Henson,1610612749.0,Milwaukee,Bucks,MIL,4,201564,O.J. Mayo,1610612749.0,Milwaukee,Bucks,MIL,0,0,,,,,
0021500351,209,3,11,2,9:21 PM,5:27,,,MISS Ezeli Free Throw 1 of 2,,,5.0,203105,Festus Ezeli,1610612744.0,Golden State,Warriors,GSW,0,0,,,,,,0,0,,,,,
0021500351,210,4,1,2,9:21 PM,5:27,,,Warriors Rebound,,,3.0,1610612744,,,,,,0,0,,,,,,0,0,,,,,
0021500351,211,3,12,2,9:21 PM,5:27,,,Ezeli Free Throw 2 of 2 (9 PTS),36 - 42,6,5.0,203105,Festus Ezeli,1610612744.0,Golden State,Warriors,GSW,0,0,,,,,,0,0,,,,,
0021500351,213,1,1,2,9:22 PM,5:07,Parker 14' Jump Shot (6 PTS) (Antetokounmpo 5 AST),,,36 - 44,8,4.0,203953,Jabari Parker,1610612749.0,Milwaukee,Bucks,MIL,4,203507,Giannis Antetokounmpo,1610612749.0,Milwaukee,Bucks,MIL,0,0,,,,,
0021500351,214,2,1,2,9:22 PM,4:51,,,MISS Thompson 16' Jump Shot,,,5.0,202691,Klay Thompson,1610612744.0,Golden State,Warriors,GSW,0,0,,,,,,0,0,,,,,
0021500351,215,4,0,2,9:22 PM,4:50,Antetokounmpo REBOUND (Off:0 Def:6),,,,,4.0,203507,Giannis Antetokounmpo,1610612749.0,Milwaukee,Bucks,MIL,0,0,,,,,,0,0,,,,,
0021500351,216,1,44,2,9:22 PM,4:37,Parker 1' Reverse Layup (8 PTS) (Monroe 3 AST),,,36 - 46,10,4.0,203953,Jabari Parker,1610612749.0,Milwaukee,Bucks,MIL,4,202328,Greg Monroe,1610612749.0,Milwaukee,Bucks,MIL,0,0,,,,,
0021500351,217,2,1,2,9:23 PM,4:21,,,MISS Thompson 19' Jump Shot,,,5.0,202691,Klay Thompson,1610612744.0,Golden State,Warriors,GSW,0,0,,,,,,0,0,,,,,
0021500351,218,4,0,2,9:23 PM,4:20,Antetokounmpo REBOUND (Off:0 Def:7),,,,,4.0,203507,Giannis Antetokounmpo,1610612749.0,Milwaukee,Bucks,MIL,0,0,,,,,,0,0,,,,,
0021500351,219,1,41,2,9:23 PM,4:16,Carter-Williams 1' Running Layup (2 PTS) (Antetokounmpo 6 AST),,,36 - 48,12,4.0,203487,Michael Carter-Williams,1610612749.0,Milwaukee,Bucks,MIL,4,203507,Giannis Antetokounmpo,1610612749.0,Milwaukee,Bucks,MIL,0,0,,,,,
0021500351,220,6,1,2,9:23 PM,4:02,Carter-Williams P.FOUL (P2.T4) (J.Capers),,,,,4.0,203487,Michael Carter-Williams,1610612749.0,Milwaukee,Bucks,MIL,5,201939,Stephen Curry,1610612744.0,Golden State,Warriors,GSW,1,0,,,,,
0021500351,221,8,0,2,9:23 PM,4:02,,,SUB: Bogut FOR Ezeli,,,5.0,203105,Festus Ezeli,1610612744.0,Golden State,Warriors,GSW,5,101106,Andrew Bogut,1610612744.0,Golden State,Warriors,GSW,0,0,,,,,
0021500351,222,8,0,2,9:23 PM,4:02,SUB: Middleton FOR Carter-Williams,,,,,4.0,203487,Michael Carter-Williams,1610612749.0,Milwaukee,Bucks,MIL,4,203114,Khris Middleton,1610612749.0,Milwaukee,Bucks,MIL,0,0,,,,,
0021500351,223,1,7,2,9:24 PM,3:48,,,Green  Dunk (7 PTS) (Thompson 2 AST),38 - 48,10,5.0,203110,Draymond Green,1610612744.0,Golden State,Warriors,GSW,5,202691,Klay Thompson,1610612744.0,Golden State,Warriors,GSW,0,0,,,,,
0021500351,224,2,1,2,9:24 PM,3:27,MISS Mayo 25' 3PT Jump Shot,,,,,4.0,201564,O.J. Mayo,1610612749.0,Milwaukee,Bucks,MIL,0,0,,,,,,0,0,,,,,
0021500351,225,4,0,2,9:24 PM,3:27,BUCKS Rebound,,,,,2.0,1610612749,,,,,,0,0,,,,,,0,0,,,,,
0021500351,226,2,1,2,9:24 PM,3:20,MISS Parker 17' Jump Shot,,,,,4.0,203953,Jabari Parker,1610612749.0,Milwaukee,Bucks,MIL,0,0,,,,,,0,0,,,,,
0021500351,227,4,0,2,9:24 PM,3:19,Monroe REBOUND (Off:2 Def:3),,,,,4.0,202328,Greg Monroe,1610612749.0,Milwaukee,Bucks,MIL,0,0,,,,,,0,0,,,,,
0021500351,228,6,2,2,9:24 PM,3:18,,,Iguodala S.FOUL (P1.T3) (J.Capers),,,5.0,2738,Andre Iguodala,1610612744.0,Golden State,Warriors,GSW,4,202328,Greg Monroe,1610612749.0,Milwaukee,Bucks,MIL,1,0,,,,,
0021500351,229,3,11,2,9:25 PM,3:18,Monroe Free Throw 1 of 2 (9 PTS),,,38 - 49,11,4.0,202328,Greg Monroe,1610612749.0,Milwaukee,Bucks,MIL,0,0,,,,,,0,0,,,,,
0021500351,232,3,12,2,9:25 PM,3:18,Monroe Free Throw 2 of 2 (10 PTS),,,38 - 50,12,4.0,202328,Greg Monroe,1610612749.0,Milwaukee,Bucks,MIL,0,0,,,,,,0,0,,,,,
0021500351,234,2,78,2,9:25 PM,3:04,,,MISS Curry 9' Floating Jump Shot,,,5.0,201939,Stephen Curry,1610612744.0,Golden State,Warriors,GSW,0,0,,,,,,0,0,,,,,
0021500351,235,4,0,2,9:25 PM,3:03,Monroe REBOUND (Off:2 Def:4),,,,,4.0,202328,Greg Monroe,1610612749.0,Milwaukee,Bucks,MIL,0,0,,,,,,0,0,,,,,
0021500351,236,2,5,2,9:26 PM,2:50,MISS Monroe 3' Layup,,Bogut BLOCK (1 BLK),,,4.0,202328,Greg Monroe,1610612749.0,Milwaukee,Bucks,MIL,0,0,,,,,,5,101106,Andrew Bogut,1610612744.0,Golden State,Warriors,GSW
0021500351,237,4,0,2,9:26 PM,2:48,,,Iguodala REBOUND (Off:0 Def:4),,,5.0,2738,Andre Iguodala,1610612744.0,Golden State,Warriors,GSW,0,0,,,,,,0,0,,,,,
0021500351,238,2,5,2,9:26 PM,2:45,,,MISS Iguodala 1' Layup,,,5.0,2738,Andre Iguodala,1610612744.0,Golden State,Warriors,GSW,0,0,,,,,,0,0,,,,,
0021500351,240,4,0,2,9:26 PM,2:43,,,Green REBOUND (Off:1 Def:1),,,5.0,203110,Draymond Green,1610612744.0,Golden State,Warriors,GSW,0,0,,,,,,0,0,,,,,
0021500351,239,1,97,2,9:26 PM,2:43,,,Green 1' Tip Layup Shot (9 PTS),40 - 50,10,5.0,203110,Draymond Green,1610612744.0,Golden State,Warriors,GSW,0,0,,,,,,0,0,,,,,
0021500351,241,6,4,2,9:26 PM,2:32,Parker OFF.Foul (P1) (N.Buchert),,,,,4.0,203953,Jabari Parker,1610612749.0,Milwaukee,Bucks,MIL,5,201939,Stephen Curry,1610612744.0,Golden State,Warriors,GSW,1,0,,,,,
0021500351,242,5,5,2,9:26 PM,2:32,Parker Foul Turnover (P2.T8),,,,,4.0,203953,Jabari Parker,1610612749.0,Milwaukee,Bucks,MIL,0,0,,,,,,1,0,,,,,
0021500351,243,9,1,2,9:26 PM,2:32,BUCKS Timeout: Regular (Full 2 Short 0),,,,,2.0,1610612749,,,,,,0,0,,,,,,0,0,,,,,
0021500351,247,5,4,2,9:29 PM,2:14,,,Thompson Traveling Turnover (P1.T7),,,5.0,202691,Klay Thompson,1610612744.0,Golden State,Warriors,GSW,0,0,,,,,,1,0,,,,,
0021500351,248,1,1,2,9:29 PM,2:03,Mayo 26' 3PT Jump Shot (14 PTS) (Antetokounmpo 7 AST),,,40 - 53,13,4.0,201564,O.J. Mayo,1610612749.0,Milwaukee,Bucks,MIL,4,203507,Giannis Antetokounmpo,1610612749.0,Milwaukee,Bucks,MIL,0,0,,,,,
0021500351,250,1,42,2,9:30 PM,1:44,,,Green 3' Driving Layup (11 PTS) (Iguodala 2 AST),42 - 53,11,5.0,203110,Draymond Green,1610612744.0,Golden State,Warriors,GSW,5,2738,Andre Iguodala,1610612744.0,Golden State,Warriors,GSW,0,0,,,,,
0021500351,251,6,1,2,9:30 PM,1:33,,,Curry P.FOUL (P1.T4) (K.Cutler),,,5.0,201939,Stephen Curry,1610612744.0,Golden State,Warriors,GSW,4,201564,O.J. Mayo,1610612749.0,Milwaukee,Bucks,MIL,1,0,,,,,
0021500351,252,1,1,2,9:31 PM,1:22,Antetokounmpo 28' 3PT Jump Shot (9 PTS) (Parker 1 AST),,,42 - 56,14,4.0,203507,Giannis Antetokounmpo,1610612749.0,Milwaukee,Bucks,MIL,4,203953,Jabari Parker,1610612749.0,Milwaukee,Bucks,MIL,0,0,,,,,
0021500351,253,1,1,2,9:31 PM,1:11,,,Curry 17' Jump Shot (15 PTS) (Bogut 2 AST),44 - 56,12,5.0,201939,Stephen Curry,1610612744.0,Golden State,Warriors,GSW,5,101106,Andrew Bogut,1610612744.0,Golden State,Warriors,GSW,0,0,,,,,
0021500351,254,5,1,2,9:31 PM,0:56,Antetokounmpo Bad Pass Turnover (P2.T9),,Iguodala STEAL (1 STL),,,4.0,203507,Giannis Antetokounmpo,1610612749.0,Milwaukee,Bucks,MIL,5,2738,Andre Iguodala,1610612744.0,Golden State,Warriors,GSW,0,0,,,,,
0021500351,255,1,41,2,9:31 PM,0:52,,,Iguodala  Running Layup (2 PTS),46 - 56,10,5.0,2738,Andre Iguodala,1610612744.0,Golden State,Warriors,GSW,0,0,,,,,,0,0,,,,,
0021500351,256,6,1,2,9:32 PM,0:30,,,Curry P.FOUL (P2.PN) (N.Buchert),,,5.0,201939,Stephen Curry,1610612744.0,Golden State,Warriors,GSW,4,202328,Greg Monroe,1610612749.0,Milwaukee,Bucks,MIL,1,0,,,,,
0021500351,257,3,11,2,9:32 PM,0:30,MISS Monroe Free Throw 1 of 2,,,,,4.0,202328,Greg Monroe,1610612749.0,Milwaukee,Bucks,MIL,0,0,,,,,,0,0,,,,,
0021500351,258,4,1,2,9:32 PM,0:30,BUCKS Rebound,,,,,2.0,1610612749,,,,,,0,0,,,,,,0,0,,,,,
0021500351,259,3,12,2,9:32 PM,0:30,Monroe Free Throw 2 of 2 (11 PTS),,,46 - 57,11,4.0,202328,Greg Monroe,1610612749.0,Milwaukee,Bucks,MIL,0,0,,,,,,0,0,,,,,
0021500351,261,2,5,2,9:33 PM,0:10,,,MISS Bogut 2' Layup,,,5.0,101106,Andrew Bogut,1610612744.0,Golden State,Warriors,GSW,0,0,,,,,,0,0,,,,,
0021500351,262,4,0,2,9:33 PM,0:09,Antetokounmpo REBOUND (Off:0 Def:8),,,,,4.0,203507,Giannis Antetokounmpo,1610612749.0,Milwaukee,Bucks,MIL,0,0,,,,,,0,0,,,,,
0021500351,263,1,7,2,9:33 PM,0:05,Parker  Dunk (10 PTS) (Middleton 3 AST),,,46 - 59,13,4.0,203953,Jabari Parker,1610612749.0,Milwaukee,Bucks,MIL,4,203114,Khris Middleton,1610612749.0,Milwaukee,Bucks,MIL,0,0,,,,,
0021500351,264,2,5,2,9:33 PM,0:01,Middleton BLOCK (1 BLK),,MISS Curry 2' Layup,,,5.0,201939,Stephen Curry,1610612744.0,Golden State,Warriors,GSW,0,0,,,,,,4,203114,Khris Middleton,1610612749.0,Milwaukee,Bucks,MIL
0021500351,265,4,0,2,9:33 PM,0:01,,,Curry REBOUND (Off:1 Def:3),,,5.0,201939,Stephen Curry,1610612744.0,Golden State,Warriors,GSW,0,0,,,,,,0,0,,,,,
0021500351,266,6,2,2,9:34 PM,0:01,Parker S.FOUL (P2.PN) (J.Capers),,,,,4.0,203953,Jabari Parker,1610612749.0,Milwaukee,Bucks,MIL,5,201939,Stephen Curry,1610612744.0,Golden State,Warriors,GSW,1,0,,,,,
0021500351,267,3,11,2,9:34 PM,0:01,,,Curry Free Throw 1 of 2 (16 PTS),47 - 59,12,5.0,201939,Stephen Curry,1610612744.0,Golden State,Warriors,GSW,0,0,,,,,,0,0,,,,,
0021500351,269,3,12,2,9:34 PM,0:01,,,Curry Free Throw 2 of 2 (17 PTS),48 - 59,11,5.0,201939,Stephen Curry,1610612744.0,Golden State,Warriors,GSW,0,0,,,,,,0,0,,,,,
0021500351,271,13,0,2,9:34 PM,0:00,,,,48 - 59,11,0.0,0,,,,,,0,0,,,,,,0,0,,,,,
0021500351,273,12,0,3,9:50 PM,12:00,,,,48 - 59,11,0.0,0,,,,,,0,0,,,,,,0,0,,,,,
0021500351,274,5,1,3,9:50 PM,11:46,Mayo STEAL (1 STL),,Curry Bad Pass Turnover (P1.T8),,,5.0,201939,Stephen Curry,1610612744.0,Golden State,Warriors,GSW,4,201564,O.J. Mayo,1610612749.0,Milwaukee,Bucks,MIL,0,0,,,,,
0021500351,275,1,41,3,9:50 PM,11:44,Parker 1' Running Layup (12 PTS) (Antetokounmpo 8 AST),,,48 - 61,13,4.0,203953,Jabari Parker,1610612749.0,Milwaukee,Bucks,MIL,4,203507,Giannis Antetokounmpo,1610612749.0,Milwaukee,Bucks,MIL,0,0,,,,,
0021500351,276,6,2,3,9:50 PM,11:44,,,Rush S.FOUL (P1.T1) (K.Cutler),,,5.0,201575,Brandon Rush,1610612744.0,Golden State,Warriors,GSW,4,203953,Jabari Parker,1610612749.0,Milwaukee,Bucks,MIL,1,0,,,,,
0021500351,277,3,10,3,9:50 PM,11:44,MISS Parker Free Throw 1 of 1,,,,,4.0,203953,Jabari Parker,1610612749.0,Milwaukee,Bucks,MIL,0,0,,,,,,0,0,,,,,
0021500351,279,4,0,3,9:50 PM,11:43,,,Bogut REBOUND (Off:0 Def:3),,,5.0,101106,Andrew Bogut,1610612744.0,Golden State,Warriors,GSW,0,0,,,,,,0,0,,,,,
0021500351,280,1,5,3,9:51 PM,11:35,,,Green  Layup (13 PTS) (Curry 2 AST),50 - 61,11,5.0,203110,Draymond Green,1610612744.0,Golden State,Warriors,GSW,5,201939,Stephen Curry,1610612744.0,Golden State,Warriors,GSW,0,0,,,,,
0021500351,281,6,2,3,9:51 PM,11:35,Monroe S.FOUL (P3.T1) (J.Capers),,,,,4.0,202328,Greg Monroe,1610612749.0,Milwaukee,Bucks,MIL,5,203110,Draymond Green,1610612744.0,Golden State,Warriors,GSW,1,0,,,,,
0021500351,282,3,10,3,9:51 PM,11:35,,,Green Free Throw 1 of 1 (14 PTS),51 - 61,10,5.0,203110,Draymond Green,1610612744.0,Golden State,Warriors,GSW,0,0,,,,,,0,0,,,,,
0021500351,284,2,47,3,9:51 PM,11:21,MISS Mayo 16' Turnaround Jump Shot,,,,,4.0,201564,O.J. Mayo,1610612749.0,Milwaukee,Bucks,MIL,0,0,,,,,,0,0,,,,,
0021500351,285,4,0,3,9:51 PM,11:19,,,Green REBOUND (Off:1 Def:2),,,5.0,203110,Draymond Green,1610612744.0,Golden State,Warriors,GSW,0,0,,,,,,0,0,,,,,
0021500351,286,1,1,3,9:52 PM,11:11,,,Rush 26' 3PT Jump Shot (3 PTS) (Green 3 AST),54 - 61,7,5.0,201575,Brandon Rush,1610612744.0,Golden State,Warriors,GSW,5,203110,Draymond Green,1610612744.0,Golden State,Warriors,GSW,0,0,,,,,
0021500351,287,5,40,3,9:52 PM,10:54,Middleton Out of Bounds Lost Ball Turnover (P2.T10),,,,,4.0,203114,Khris Middleton,1610612749.0,Milwaukee,Bucks,MIL,0,0,,,,,,0,0,,,,,
0021500351,288,2,1,3,9:52 PM,10:36,,,MISS Thompson 30' 3PT Jump Shot,,,5.0,202691,Klay Thompson,1610612744.0,Golden State,Warriors,GSW,0,0,,,,,,0,0,,,,,
0021500351,289,4,0,3,9:52 PM,10:35,Middleton REBOUND (Off:1 Def:2),,,,,4.0,203114,Khris Middleton,1610612749.0,Milwaukee,Bucks,MIL,0,0,,,,,,0,0,,,,,
0021500351,290,2,1,3,9:52 PM,10:25,MISS Middleton 13' Jump Shot,,Bogut BLOCK (2 BLK),,,4.0,203114,Khris Middleton,1610612749.0,Milwaukee,Bucks,MIL,0,0,,,,,,5,101106,Andrew Bogut,1610612744.0,Golden State,Warriors,GSW
0021500351,291,4,0,3,9:52 PM,10:23,,,Green REBOUND (Off:1 Def:3),,,5.0,203110,Draymond Green,1610612744.0,Golden State,Warriors,GSW,0,0,,,,,,0,0,,,,,
0021500351,292,5,1,3,9:53 PM,10:15,Middleton STEAL (1 STL),,Green Bad Pass Turnover (P2.T9),,,5.0,203110,Draymond Green,1610612744.0,Golden State,Warriors,GSW,4,203114,Khris Middleton,1610612749.0,Milwaukee,Bucks,MIL,0,0,,,,,
0021500351,293,1,5,3,9:53 PM,10:12,Parker 2' Layup (14 PTS) (Middleton 4 AST),,,54 - 63,9,4.0,203953,Jabari Parker,1610612749.0,Milwaukee,Bucks,MIL,4,203114,Khris Middleton,1610612749.0,Milwaukee,Bucks,MIL,0,0,,,,,
0021500351,294,6,14,3,9:53 PM,10:01,,,Thompson FLAGRANT.FOUL.TYPE1 (P3.T2) (N.Buchert),,,5.0,202691,Klay Thompson,1610612744.0,Golden State,Warriors,GSW,4,203114,Khris Middleton,1610612749.0,Milwaukee,Bucks,MIL,1,0,,,,,
0021500351,295,5,5,3,9:53 PM,10:01,,,Thompson Foul Turnover (P2.T10),,,5.0,202691,Klay Thompson,1610612744.0,Golden State,Warriors,GSW,0,0,,,,,,1,0,,,,,
0021500351,296,18,1,3,9:53 PM,10:01,,,,,,,294,,,,,,0,0,,,,,,1,0,,,,,
0021500351,297,3,18,3,9:55 PM,10:01,Mayo Free Throw Flagrant 1 of 2 (15 PTS),,,54 - 64,10,4.0,201564,O.J. Mayo,1610612749.0,Milwaukee,Bucks,MIL,0,0,,,,,,0,0,,,,,
0021500351,299,3,19,3,9:55 PM,10:01,Mayo Free Throw Flagrant 2 of 2 (16 PTS),,,54 - 65,11,4.0,201564,O.J. Mayo,1610612749.0,Milwaukee,Bucks,MIL,0,0,,,,,,0,0,,,,,
0021500351,301,2,5,3,9:56 PM,9:43,MISS Parker 3' Layup,,,,,4.0,203953,Jabari Parker,1610612749.0,Milwaukee,Bucks,MIL,0,0,,,,,,0,0,,,,,
0021500351,303,4,0,3,9:56 PM,9:41,Monroe REBOUND (Off:3 Def:4),,,,,4.0,202328,Greg Monroe,1610612749.0,Milwaukee,Bucks,MIL,0,0,,,,,,0,0,,,,,
0021500351,302,1,97,3,9:56 PM,9:41,Monroe 2' Tip Layup Shot (13 PTS),,,54 - 67,13,4.0,202328,Greg Monroe,1610612749.0,Milwaukee,Bucks,MIL,0,0,,,,,,0,0,,,,,
0021500351,304,2,1,3,9:56 PM,9:25,,,MISS Rush 24' 3PT Jump Shot,,,5.0,201575,Brandon Rush,1610612744.0,Golden State,Warriors,GSW,0,0,,,,,,0,0,,,,,
0021500351,305,4,0,3,9:56 PM,9:25,BUCKS Rebound,,,,,2.0,1610612749,,,,,,0,0,,,,,,0,0,,,,,
0021500351,306,6,3,3,9:56 PM,9:25,,,Green L.B.FOUL (P1.T3) (J.Capers),,,5.0,203110,Draymond Green,1610612744.0,Golden State,Warriors,GSW,4,203507,Giannis Antetokounmpo,1610612749.0,Milwaukee,Bucks,MIL,1,0,,,,,
0021500351,307,5,45,3,9:57 PM,9:13,Antetokounmpo Out of Bounds - Bad Pass Turnover Turnover (P3.T11),,,,,4.0,203507,Giannis Antetokounmpo,1610612749.0,Milwaukee,Bucks,MIL,0,0,,,,,,0,0,,,,,
0021500351,308,2,1,3,9:57 PM,8:55,,,MISS Green 5' Jump Shot,,,5.0,203110,Draymond Green,1610612744.0,Golden State,Warriors,GSW,0,0,,,,,,0,0,,,,,
0021500351,310,4,0,3,9:57 PM,8:54,,,Green REBOUND (Off:2 Def:3),,,5.0,203110,Draymond Green,1610612744.0,Golden State,Warriors,GSW,0,0,,,,,,0,0,,,,,
0021500351,309,1,97,3,9:57 PM,8:54,,,Green  Tip Layup Shot (16 PTS),56 - 67,11,5.0,203110,Draymond Green,1610612744.0,Golden State,Warriors,GSW,0,0,,,,,,0,0,,,,,
0021500351,311,2,58,3,9:57 PM,8:43,MISS Monroe  Turnaround Hook Shot,,Bogut BLOCK (3 BLK),,,4.0,202328,Greg Monroe,1610612749.0,Milwaukee,Bucks,MIL,0,0,,,,,,5,101106,Andrew Bogut,1610612744.0,Golden State,Warriors,GSW
0021500351,312,4,0,3,9:57 PM,8:41,,,Bogut REBOUND (Off:0 Def:4),,,5.0,101106,Andrew Bogut,1610612744.0,Golden State,Warriors,GSW,0,0,,,,,,0,0,,,,,
0021500351,313,2,80,3,9:58 PM,8:30,,,MISS Thompson 6' Step Back Jump Shot,,,5.0,202691,Klay Thompson,1610612744.0,Golden State,Warriors,GSW,0,0,,,,,,0,0,,,,,
0021500351,314,4,0,3,9:58 PM,8:29,Antetokounmpo REBOUND (Off:0 Def:9),,,,,4.0,203507,Giannis Antetokounmpo,1610612749.0,Milwaukee,Bucks,MIL,0,0,,,,,,0,0,,,,,
0021500351,315,2,42,3,9:58 PM,8:21,MISS Antetokounmpo 1' Driving Layup,,Bogut BLOCK (4 BLK),,,4.0,203507,Giannis Antetokounmpo,1610612749.0,Milwaukee,Bucks,MIL,0,0,,,,,,5,101106,Andrew Bogut,1610612744.0,Golden State,Warriors,GSW
0021500351,561,4,0,3,9:58 PM,8:20,,,Bogut REBOUND (Off:0 Def:5),,,5.0,101106,Andrew Bogut,1610612744.0,Golden State,Warriors,GSW,0,0,,,,,,0,0,,,,,
0021500351,562,2,79,3,9:58 PM,8:18,,,MISS Curry 25' 3PT Pullup Jump Shot,,,5.0,201939,Stephen Curry,1610612744.0,Golden State,Warriors,GSW,0,0,,,,,,0,0,,,,,
0021500351,317,4,0,3,9:58 PM,8:14,Middleton REBOUND (Off:1 Def:3),,,,,4.0,203114,Khris Middleton,1610612749.0,Milwaukee,Bucks,MIL,0,0,,,,,,0,0,,,,,
0021500351,563,2,40,3,9:58 PM,7:56,MISS Monroe 3' Layup,,Bogut BLOCK (5 BLK),,,4.0,202328,Greg Monroe,1610612749.0,Milwaukee,Bucks,MIL,0,0,,,,,,5,101106,Andrew Bogut,1610612744.0,Golden State,Warriors,GSW
0021500351,564,4,0,3,9:58 PM,7:56,,,Rush REBOUND (Off:0 Def:2),,,5.0,201575,Brandon Rush,1610612744.0,Golden State,Warriors,GSW,0,0,,,,,,0,0,,,,,
0021500351,320,6,2,3,9:58 PM,7:53,Mayo S.FOUL (P2.T2) (J.Capers),,,,,4.0,201564,O.J. Mayo,1610612749.0,Milwaukee,Bucks,MIL,5,201575,Brandon Rush,1610612744.0,Golden State,Warriors,GSW,1,0,,,,,
0021500351,321,3,11,3,9:59 PM,7:53,,,Rush Free Throw 1 of 2 (4 PTS),57 - 67,10,5.0,201575,Brandon Rush,1610612744.0,Golden State,Warriors,GSW,0,0,,,,,,0,0,,,,,
0021500351,324,3,12,3,9:59 PM,7:53,,,MISS Rush Free Throw 2 of 2,,,5.0,201575,Brandon Rush,1610612744.0,Golden State,Warriors,GSW,0,0,,,,,,0,0,,,,,
0021500351,326,4,0,3,9:59 PM,7:51,Parker REBOUND (Off:0 Def:4),,,,,4.0,203953,Jabari Parker,1610612749.0,Milwaukee,Bucks,MIL,0,0,,,,,,0,0,,,,,
0021500351,327,6,16,3,9:59 PM,7:48,,,,,,4.0,202328,Greg Monroe,1610612749.0,Milwaukee,Bucks,MIL,5,203110,Draymond Green,1610612744.0,Golden State,Warriors,GSW,1,0,,,,,
0021500351,328,2,1,3,10:00 PM,7:34,MISS Middleton 26' 3PT Jump Shot,,,,,4.0,203114,Khris Middleton,1610612749.0,Milwaukee,Bucks,MIL,0,0,,,,,,0,0,,,,,
0021500351,329,4,0,3,10:00 PM,7:32,,,Bogut REBOUND (Off:0 Def:6),,,5.0,101106,Andrew Bogut,1610612744.0,Golden State,Warriors,GSW,0,0,,,,,,0,0,,,,,
0021500351,330,1,5,3,10:00 PM,7:26,,,Curry 1' Layup (19 PTS),59 - 67,8,5.0,201939,Stephen Curry,1610612744.0,Golden State,Warriors,GSW,0,0,,,,,,0,0,,,,,
0021500351,331,6,2,3,10:00 PM,7:26,Parker S.FOUL (P3.T3) (K.Cutler),,,,,4.0,203953,Jabari Parker,1610612749.0,Milwaukee,Bucks,MIL,5,201939,Stephen Curry,1610612744.0,Golden State,Warriors,GSW,1,0,,,,,
0021500351,332,3,10,3,10:00 PM,7:26,,,Curry Free Throw 1 of 1 (20 PTS),60 - 67,7,5.0,201939,Stephen Curry,1610612744.0,Golden State,Warriors,GSW,0,0,,,,,,0,0,,,,,
0021500351,334,2,5,3,10:01 PM,7:09,MISS Middleton 1' Layup,,,,,4.0,203114,Khris Middleton,1610612749.0,Milwaukee,Bucks,MIL,0,0,,,,,,0,0,,,,,
0021500351,352,4,0,3,10:01 PM,7:07,Monroe REBOUND (Off:4 Def:4),,,,,4.0,202328,Greg Monroe,1610612749.0,Milwaukee,Bucks,MIL,0,0,,,,,,0,0,,,,,
0021500351,335,1,97,3,10:01 PM,7:06,Monroe  Tip Layup Shot (15 PTS),,,60 - 69,9,4.0,202328,Greg Monroe,1610612749.0,Milwaukee,Bucks,MIL,0,0,,,,,,0,0,,,,,
0021500351,336,1,5,3,10:01 PM,6:55,,,Green  Layup (18 PTS) (Curry 3 AST),62 - 69,7,5.0,203110,Draymond Green,1610612744.0,Golden State,Warriors,GSW,5,201939,Stephen Curry,1610612744.0,Golden State,Warriors,GSW,0,0,,,,,
0021500351,337,2,1,3,10:01 PM,6:34,MISS Middleton 6' Jump Shot,,,,,4.0,203114,Khris Middleton,1610612749.0,Milwaukee,Bucks,MIL,0,0,,,,,,0,0,,,,,
0021500351,338,4,0,3,10:01 PM,6:32,,,Green REBOUND (Off:2 Def:4),,,5.0,203110,Draymond Green,1610612744.0,Golden State,Warriors,GSW,0,0,,,,,,0,0,,,,,
0021500351,339,5,2,3,10:01 PM,6:28,Middleton STEAL (2 STL),,Green Lost Ball Turnover (P3.T11),,,5.0,203110,Draymond Green,1610612744.0,Golden State,Warriors,GSW,4,203114,Khris Middleton,1610612749.0,Milwaukee,Bucks,MIL,0,0,,,,,
0021500351,340,6,1,3,10:02 PM,6:28,,,Green P.FOUL (P2.T4) (K.Cutler),,,5.0,203110,Draymond Green,1610612744.0,Golden State,Warriors,GSW,4,203114,Khris Middleton,1610612749.0,Milwaukee,Bucks,MIL,1,0,,,,,
0021500351,342,6,2,3,10:02 PM,6:19,,,Rush S.FOUL (P2.PN) (K.Cutler),,,5.0,201575,Brandon Rush,1610612744.0,Golden State,Warriors,GSW,4,203953,Jabari Parker,1610612749.0,Milwaukee,Bucks,MIL,1,0,,,,,
0021500351,344,3,11,3,10:03 PM,6:19,Parker Free Throw 1 of 2 (15 PTS),,,62 - 70,8,4.0,203953,Jabari Parker,1610612749.0,Milwaukee,Bucks,MIL,0,0,,,,,,0,0,,,,,
0021500351,347,3,12,3,10:03 PM,6:19,MISS Parker Free Throw 2 of 2,,,,,4.0,203953,Jabari Parker,1610612749.0,Milwaukee,Bucks,MIL,0,0,,,,,,0,0,,,,,
0021500351,350,4,0,3,10:03 PM,6:18,,,Green REBOUND (Off:2 Def:5),,,5.0,203110,Draymond Green,1610612744.0,Golden State,Warriors,GSW,0,0,,,,,,0,0,,,,,
0021500351,353,1,42,3,10:03 PM,6:03,,,Thompson 1' Driving Layup (7 PTS) (Bogut 3 AST),64 - 70,6,5.0,202691,Klay Thompson,1610612744.0,Golden State,Warriors,GSW,5,101106,Andrew Bogut,1610612744.0,Golden State,Warriors,GSW,0,0,,,,,
0021500351,354,5,1,3,10:03 PM,5:54,Mayo Bad Pass Turnover (P1.T12),,Curry STEAL (1 STL),,,4.0,201564,O.J. Mayo,1610612749.0,Milwaukee,Bucks,MIL,5,201939,Stephen Curry,1610612744.0,Golden State,Warriors,GSW,0,0,,,,,
0021500351,355,2,1,3,10:03 PM,5:49,,,MISS Curry 27' 3PT Jump Shot,,,5.0,201939,Stephen Curry,1610612744.0,Golden State,Warriors,GSW,0,0,,,,,,0,0,,,,,
0021500351,356,4,0,3,10:03 PM,5:47,,,Curry REBOUND (Off:2 Def:3),,,5.0,201939,Stephen Curry,1610612744.0,Golden State,Warriors,GSW,0,0,,,,,,0,0,,,,,
0021500351,357,1,1,3,10:03 PM,5:44,,,Thompson  3PT Jump Shot (10 PTS) (Curry 4 AST),67 - 70,3,5.0,202691,Klay Thompson,1610612744.0,Golden State,Warriors,GSW,5,201939,Stephen Curry,1610612744.0,Golden State,Warriors,GSW,0,0,,,,,
0021500351,359,2,1,3,10:04 PM,5:28,MISS Mayo 26' 3PT Jump Shot,,,,,4.0,201564,O.J. Mayo,1610612749.0,Milwaukee,Bucks,MIL,0,0,,,,,,0,0,,,,,
0021500351,360,4,0,3,10:04 PM,5:26,Parker REBOUND (Off:1 Def:4),,,,,4.0,203953,Jabari Parker,1610612749.0,Milwaukee,Bucks,MIL,0,0,,,,,,0,0,,,,,
0021500351,362,2,1,3,10:04 PM,5:22,MISS Mayo 27' 3PT Jump Shot,,,,,4.0,201564,O.J. Mayo,1610612749.0,Milwaukee,Bucks,MIL,0,0,,,,,,0,0,,,,,
0021500351,363,4,0,3,10:04 PM,5:19,,,Bogut REBOUND (Off:0 Def:7),,,5.0,101106,Andrew Bogut,1610612744.0,Golden State,Warriors,GSW,0,0,,,,,,0,0,,,,,
0021500351,364,1,5,3,10:04 PM,5:12,,,Rush 2' Layup (6 PTS) (Green 4 AST),69 - 70,1,5.0,201575,Brandon Rush,1610612744.0,Golden State,Warriors,GSW,5,203110,Draymond Green,1610612744.0,Golden State,Warriors,GSW,0,0,,,,,
0021500351,365,9,1,3,10:04 PM,5:11,BUCKS Timeout: Regular (Full 3 Short 0),,,,,2.0,1610612749,,,,,,0,0,,,,,,0,0,,,,,
0021500351,367,8,0,3,10:07 PM,5:11,,,SUB: Iguodala FOR Thompson,,,5.0,202691,Klay Thompson,1610612744.0,Golden State,Warriors,GSW,5,2738,Andre Iguodala,1610612744.0,Golden State,Warriors,GSW,0,0,,,,,
0021500351,368,8,0,3,10:07 PM,5:11,SUB: Carter-Williams FOR Mayo,,,,,4.0,201564,O.J. Mayo,1610612749.0,Milwaukee,Bucks,MIL,4,203487,Michael Carter-Williams,1610612749.0,Milwaukee,Bucks,MIL,0,0,,,,,
0021500351,369,1,42,3,10:07 PM,4:59,Carter-Williams 3' Driving Layup (4 PTS),,,69 - 72,3,4.0,203487,Michael Carter-Williams,1610612749.0,Milwaukee,Bucks,MIL,0,0,,,,,,0,0,,,,,
0021500351,370,6,1,3,10:07 PM,4:42,Carter-Williams P.FOUL (P3.T4) (N.Buchert),,,,,4.0,203487,Michael Carter-Williams,1610612749.0,Milwaukee,Bucks,MIL,5,201939,Stephen Curry,1610612744.0,Golden State,Warriors,GSW,1,0,,,,,
0021500351,371,2,5,3,10:08 PM,4:31,,,MISS Rush 1' Layup,,,5.0,201575,Brandon Rush,1610612744.0,Golden State,Warriors,GSW,0,0,,,,,,0,0,,,,,
0021500351,372,4,0,3,10:08 PM,4:29,Monroe REBOUND (Off:4 Def:5),,,,,4.0,202328,Greg Monroe,1610612749.0,Milwaukee,Bucks,MIL,0,0,,,,,,0,0,,,,,
0021500351,373,6,3,3,10:08 PM,4:28,,,Green L.B.FOUL (P3.PN) (J.Capers),,,5.0,203110,Draymond Green,1610612744.0,Golden State,Warriors,GSW,4,202328,Greg Monroe,1610612749.0,Milwaukee,Bucks,MIL,1,0,,,,,
0021500351,374,3,11,3,10:08 PM,4:28,Monroe Free Throw 1 of 2 (16 PTS),,,69 - 73,4,4.0,202328,Greg Monroe,1610612749.0,Milwaukee,Bucks,MIL,0,0,,,,,,0,0,,,,,
0021500351,376,8,0,3,10:08 PM,4:28,,,SUB: Ezeli FOR Bogut,,,5.0,101106,Andrew Bogut,1610612744.0,Golden State,Warriors,GSW,5,203105,Festus Ezeli,1610612744.0,Golden State,Warriors,GSW,0,0,,,,,
0021500351,377,3,12,3,10:09 PM,4:28,Monroe Free Throw 2 of 2 (17 PTS),,,69 - 74,5,4.0,202328,Greg Monroe,1610612749.0,Milwaukee,Bucks,MIL,0,0,,,,,,0,0,,,,,
0021500351,379,6,2,3,10:09 PM,4:14,Monroe S.FOUL (P4.PN) (K.Cutler),,,,,4.0,202328,Greg Monroe,1610612749.0,Milwaukee,Bucks,MIL,5,201939,Stephen Curry,1610612744.0,Golden State,Warriors,GSW,1,0,,,,,
0021500351,380,3,11,3,10:09 PM,4:14,,,Curry Free Throw 1 of 2 (21 PTS),70 - 74,4,5.0,201939,Stephen Curry,1610612744.0,Golden State,Warriors,GSW,0,0,,,,,,0,0,,,,,
0021500351,382,8,0,3,10:09 PM,4:14,SUB: Henson FOR Monroe,,,,,4.0,202328,Greg Monroe,1610612749.0,Milwaukee,Bucks,MIL,4,203089,John Henson,1610612749.0,Milwaukee,Bucks,MIL,0,0,,,,,
0021500351,383,8,0,3,10:09 PM,4:14,,,SUB: Livingston FOR Rush,,,5.0,201575,Brandon Rush,1610612744.0,Golden State,Warriors,GSW,5,2733,Shaun Livingston,1610612744.0,Golden State,Warriors,GSW,0,0,,,,,
0021500351,384,3,12,3,10:10 PM,4:14,,,MISS Curry Free Throw 2 of 2,,,5.0,201939,Stephen Curry,1610612744.0,Golden State,Warriors,GSW,0,0,,,,,,0,0,,,,,
0021500351,386,4,0,3,10:10 PM,4:13,,,Ezeli REBOUND (Off:5 Def:2),,,5.0,203105,Festus Ezeli,1610612744.0,Golden State,Warriors,GSW,0,0,,,,,,0,0,,,,,
0021500351,387,6,1,3,10:10 PM,4:13,Henson P.FOUL (P3.PN) (N.Buchert),,,,,4.0,203089,John Henson,1610612749.0,Milwaukee,Bucks,MIL,5,203105,Festus Ezeli,1610612744.0,Golden State,Warriors,GSW,1,0,,,,,
0021500351,388,3,11,3,10:10 PM,4:13,,,MISS Ezeli Free Throw 1 of 2,,,5.0,203105,Festus Ezeli,1610612744.0,Golden State,Warriors,GSW,0,0,,,,,,0,0,,,,,
0021500351,389,4,1,3,10:10 PM,4:13,,,Warriors Rebound,,,3.0,1610612744,,,,,,0,0,,,,,,0,0,,,,,
0021500351,390,3,12,3,10:10 PM,4:13,,,MISS Ezeli Free Throw 2 of 2,,,5.0,203105,Festus Ezeli,1610612744.0,Golden State,Warriors,GSW,0,0,,,,,,0,0,,,,,
0021500351,392,4,0,3,10:11 PM,4:10,Carter-Williams REBOUND (Off:0 Def:1),,,,,4.0,203487,Michael Carter-Williams,1610612749.0,Milwaukee,Bucks,MIL,0,0,,,,,,0,0,,,,,
0021500351,393,1,1,3,10:11 PM,3:46,Parker 20' Jump Shot (17 PTS) (Henson 2 AST),,,70 - 76,6,4.0,203953,Jabari Parker,1610612749.0,Milwaukee,Bucks,MIL,4,203089,John Henson,1610612749.0,Milwaukee,Bucks,MIL,0,0,,,,,
0021500351,394,5,1,3,10:11 PM,3:31,Parker STEAL (1 STL),,Green Bad Pass Turnover (P4.T12),,,5.0,203110,Draymond Green,1610612744.0,Golden State,Warriors,GSW,4,203953,Jabari Parker,1610612749.0,Milwaukee,Bucks,MIL,0,0,,,,,
0021500351,395,1,5,3,10:11 PM,3:27,Parker 1' Layup (19 PTS),,,70 - 78,8,4.0,203953,Jabari Parker,1610612749.0,Milwaukee,Bucks,MIL,0,0,,,,,,0,0,,,,,
0021500351,396,6,1,3,10:12 PM,3:04,Henson P.FOUL (P4.PN) (J.Capers),,,,,4.0,203089,John Henson,1610612749.0,Milwaukee,Bucks,MIL,5,203110,Draymond Green,1610612744.0,Golden State,Warriors,GSW,1,0,,,,,
0021500351,397,3,11,3,10:12 PM,3:04,,,MISS Green Free Throw 1 of 2,,,5.0,203110,Draymond Green,1610612744.0,Golden State,Warriors,GSW,0,0,,,,,,0,0,,,,,
0021500351,398,4,1,3,10:12 PM,3:04,,,Warriors Rebound,,,3.0,1610612744,,,,,,0,0,,,,,,0,0,,,,,
0021500351,399,3,12,3,10:12 PM,3:04,,,Green Free Throw 2 of 2 (19 PTS),71 - 78,7,5.0,203110,Draymond Green,1610612744.0,Golden State,Warriors,GSW,0,0,,,,,,0,0,,,,,
0021500351,401,2,1,3,10:13 PM,2:42,MISS Henson 4' Jump Shot,,,,,4.0,203089,John Henson,1610612749.0,Milwaukee,Bucks,MIL,0,0,,,,,,0,0,,,,,
0021500351,402,4,0,3,10:13 PM,2:41,,,Iguodala REBOUND (Off:0 Def:5),,,5.0,2738,Andre Iguodala,1610612744.0,Golden State,Warriors,GSW,0,0,,,,,,0,0,,,,,
0021500351,403,2,1,3,10:13 PM,2:37,,,MISS Livingston 8' Jump Shot,,,5.0,2733,Shaun Livingston,1610612744.0,Golden State,Warriors,GSW,0,0,,,,,,0,0,,,,,
0021500351,405,4,0,3,10:13 PM,2:34,,,Green REBOUND (Off:3 Def:5),,,5.0,203110,Draymond Green,1610612744.0,Golden State,Warriors,GSW,0,0,,,,,,0,0,,,,,
0021500351,404,2,5,3,10:13 PM,2:34,,,MISS Green 2' Layup,,,5.0,203110,Draymond Green,1610612744.0,Golden State,Warriors,GSW,0,0,,,,,,0,0,,,,,
0021500351,407,4,0,3,10:13 PM,2:29,,,Ezeli REBOUND (Off:6 Def:2),,,5.0,203105,Festus Ezeli,1610612744.0,Golden State,Warriors,GSW,0,0,,,,,,0,0,,,,,
0021500351,406,1,5,3,10:13 PM,2:29,,,Ezeli 1' Layup (11 PTS),73 - 78,5,5.0,203105,Festus Ezeli,1610612744.0,Golden State,Warriors,GSW,0,0,,,,,,0,0,,,,,
0021500351,408,2,1,3,10:13 PM,2:18,MISS Antetokounmpo 12' Jump Shot,,,,,4.0,203507,Giannis Antetokounmpo,1610612749.0,Milwaukee,Bucks,MIL,0,0,,,,,,0,0,,,,,
0021500351,409,4,0,3,10:13 PM,2:17,,,Curry REBOUND (Off:2 Def:4),,,5.0,201939,Stephen Curry,1610612744.0,Golden State,Warriors,GSW,0,0,,,,,,0,0,,,,,
0021500351,410,1,7,3,10:13 PM,2:14,,,Livingston  Dunk (2 PTS) (Iguodala 3 AST),75 - 78,3,5.0,2733,Shaun Livingston,1610612744.0,Golden State,Warriors,GSW,5,2738,Andre Iguodala,1610612744.0,Golden State,Warriors,GSW,0,0,,,,,
0021500351,411,2,1,3,10:14 PM,1:46,MISS Henson 9' Jump Shot,,,,,4.0,203089,John Henson,1610612749.0,Milwaukee,Bucks,MIL,0,0,,,,,,0,0,,,,,
0021500351,412,4,0,3,10:14 PM,1:46,BUCKS Rebound,,,,,2.0,1610612749,,,,,,0,0,,,,,,0,0,,,,,
0021500351,413,5,11,3,10:14 PM,1:46,BUCKS Turnover: Shot Clock (T#13),,,,,2.0,1610612749,,,,,,0,0,,,,,,1,0,,,,,
0021500351,415,9,1,3,10:14 PM,1:46,,,Warriors Timeout: Regular (Reg.3 Short 0),,,3.0,1610612744,,,,,,0,0,,,,,,0,0,,,,,
0021500351,418,8,0,3,10:16 PM,1:46,SUB: O'Bryant III FOR Antetokounmpo,,,,,4.0,203507,Giannis Antetokounmpo,1610612749.0,Milwaukee,Bucks,MIL,4,203948,Johnny O'Bryant III,1610612749.0,Milwaukee,Bucks,MIL,0,0,,,,,
0021500351,419,1,42,3,10:16 PM,1:32,,,Curry 1' Driving Layup (23 PTS),77 - 78,1,5.0,201939,Stephen Curry,1610612744.0,Golden State,Warriors,GSW,0,0,,,,,,0,0,,,,,
0021500351,420,2,1,3,10:17 PM,1:13,MISS Middleton 18' Jump Shot,,,,,4.0,203114,Khris Middleton,1610612749.0,Milwaukee,Bucks,MIL,0,0,,,,,,0,0,,,,,
0021500351,421,4,0,3,10:17 PM,1:11,,,Curry REBOUND (Off:2 Def:5),,,5.0,201939,Stephen Curry,1610612744.0,Golden State,Warriors,GSW,0,0,,,,,,0,0,,,,,
0021500351,422,2,1,3,10:17 PM,1:02,,,MISS Curry 19' Jump Shot,,,5.0,201939,Stephen Curry,1610612744.0,Golden State,Warriors,GSW,0,0,,,,,,0,0,,,,,
0021500351,423,4,0,3,10:17 PM,0:59,Parker REBOUND (Off:1 Def:5),,,,,4.0,203953,Jabari Parker,1610612749.0,Milwaukee,Bucks,MIL,0,0,,,,,,0,0,,,,,
0021500351,424,1,1,3,10:17 PM,0:50,Carter-Williams 4' Jump Shot (6 PTS),,,77 - 80,3,4.0,203487,Michael Carter-Williams,1610612749.0,Milwaukee,Bucks,MIL,0,0,,,,,,0,0,,,,,
0021500351,425,2,47,3,10:17 PM,0:35,,,MISS Iguodala 14' Turnaround Jump Shot,,,5.0,2738,Andre Iguodala,1610612744.0,Golden State,Warriors,GSW,0,0,,,,,,0,0,,,,,
0021500351,426,4,0,3,10:17 PM,0:34,Parker REBOUND (Off:1 Def:6),,,,,4.0,203953,Jabari Parker,1610612749.0,Milwaukee,Bucks,MIL,0,0,,,,,,0,0,,,,,
0021500351,427,2,1,3,10:18 PM,0:21,MISS O'Bryant III 5' Jump Shot,,,,,4.0,203948,Johnny O'Bryant III,1610612749.0,Milwaukee,Bucks,MIL,0,0,,,,,,0,0,,,,,
0021500351,428,4,0,3,10:18 PM,0:18,,,Green REBOUND (Off:3 Def:6),,,5.0,203110,Draymond Green,1610612744.0,Golden State,Warriors,GSW,0,0,,,,,,0,0,,,,,
0021500351,429,5,1,3,10:18 PM,0:13,Parker STEAL (2 STL),,Green Bad Pass Turnover (P5.T13),,,5.0,203110,Draymond Green,1610612744.0,Golden State,Warriors,GSW,4,203953,Jabari Parker,1610612749.0,Milwaukee,Bucks,MIL,0,0,,,,,
0021500351,430,2,3,3,10:18 PM,0:00,MISS Henson 6' Hook Shot,,,,,4.0,203089,John Henson,1610612749.0,Milwaukee,Bucks,MIL,0,0,,,,,,0,0,,,,,
0021500351,431,4,0,3,10:18 PM,0:00,BUCKS Rebound,,,,,2.0,1610612749,,,,,,0,0,,,,,,0,0,,,,,
0021500351,432,13,0,3,10:18 PM,0:00,,,,77 - 80,3,0.0,0,,,,,,0,0,,,,,,0,0,,,,,
0021500351,434,12,0,4,10:21 PM,12:00,,,,77 - 80,3,0.0,0,,,,,,0,0,,,,,,0,0,,,,,
0021500351,435,2,5,4,10:21 PM,11:46,MISS Carter-Williams 3' Layup,,Thompson BLOCK (1 BLK),,,4.0,203487,Michael Carter-Williams,1610612749.0,Milwaukee,Bucks,MIL,0,0,,,,,,5,201574,Jason Thompson,1610612744.0,Golden State,Warriors,GSW
0021500351,436,4,0,4,10:21 PM,11:43,,,Iguodala REBOUND (Off:0 Def:6),,,5.0,2738,Andre Iguodala,1610612744.0,Golden State,Warriors,GSW,0,0,,,,,,0,0,,,,,
0021500351,437,2,5,4,10:21 PM,11:42,Antetokounmpo BLOCK (1 BLK),,MISS Iguodala 1' Layup,,,5.0,2738,Andre Iguodala,1610612744.0,Golden State,Warriors,GSW,0,0,,,,,,4,203507,Giannis Antetokounmpo,1610612749.0,Milwaukee,Bucks,MIL
0021500351,438,4,0,4,10:21 PM,11:42,,,Warriors Rebound,,,3.0,1610612744,,,,,,0,0,,,,,,0,0,,,,,
0021500351,440,6,1,4,10:22 PM,11:34,Henson P.FOUL (P5.T1) (J.Capers),,,,,4.0,203089,John Henson,1610612749.0,Milwaukee,Bucks,MIL,5,203105,Festus Ezeli,1610612744.0,Golden State,Warriors,GSW,1,0,,,,,
0021500351,441,8,0,4,10:22 PM,11:34,SUB: Monroe FOR Henson,,,,,4.0,203089,John Henson,1610612749.0,Milwaukee,Bucks,MIL,4,202328,Greg Monroe,1610612749.0,Milwaukee,Bucks,MIL,0,0,,,,,
0021500351,442,2,1,4,10:22 PM,11:17,,,MISS Barbosa 18' Jump Shot,,,5.0,2571,Leandro Barbosa,1610612744.0,Golden State,Warriors,GSW,0,0,,,,,,0,0,,,,,
0021500351,443,4,0,4,10:22 PM,11:16,Antetokounmpo REBOUND (Off:0 Def:10),,,,,4.0,203507,Giannis Antetokounmpo,1610612749.0,Milwaukee,Bucks,MIL,0,0,,,,,,0,0,,,,,
0021500351,444,2,1,4,10:22 PM,11:08,MISS O'Bryant III 17' Jump Shot,,,,,4.0,203948,Johnny O'Bryant III,1610612749.0,Milwaukee,Bucks,MIL,0,0,,,,,,0,0,,,,,
0021500351,445,4,0,4,10:22 PM,11:06,,,Iguodala REBOUND (Off:0 Def:7),,,5.0,2738,Andre Iguodala,1610612744.0,Golden State,Warriors,GSW,0,0,,,,,,0,0,,,,,
0021500351,446,2,1,4,10:23 PM,11:00,,,MISS Iguodala 19' Jump Shot,,,5.0,2738,Andre Iguodala,1610612744.0,Golden State,Warriors,GSW,0,0,,,,,,0,0,,,,,
0021500351,447,4,0,4,10:23 PM,11:00,,,Livingston REBOUND (Off:1 Def:0),,,5.0,2733,Shaun Livingston,1610612744.0,Golden State,Warriors,GSW,0,0,,,,,,0,0,,,,,
0021500351,448,6,1,4,10:23 PM,11:00,Middleton P.FOUL (P1.T2) (K.Cutler),,,,,4.0,203114,Khris Middleton,1610612749.0,Milwaukee,Bucks,MIL,5,2733,Shaun Livingston,1610612744.0,Golden State,Warriors,GSW,1,0,,,,,
0021500351,479,2,45,4,10:23 PM,10:47,,,MISS Livingston 14' Jump Shot,,,5.0,2733,Shaun Livingston,1610612744.0,Golden State,Warriors,GSW,0,0,,,,,,0,0,,,,,
0021500351,449,4,0,4,10:23 PM,10:45,BUCKS Rebound,,,,,2.0,1610612749,,,,,,0,0,,,,,,0,0,,,,,
0021500351,450,6,3,4,10:23 PM,10:45,,,Thompson L.B.FOUL (P1.T1) (J.Capers),,,5.0,201574,Jason Thompson,1610612744.0,Golden State,Warriors,GSW,4,203507,Giannis Antetokounmpo,1610612749.0,Milwaukee,Bucks,MIL,1,0,,,,,
0021500351,451,1,1,4,10:24 PM,10:27,Carter-Williams 7' Jump Shot (8 PTS) (O'Bryant III 2 AST),,,77 - 82,5,4.0,203487,Michael Carter-Williams,1610612749.0,Milwaukee,Bucks,MIL,4,203948,Johnny O'Bryant III,1610612749.0,Milwaukee,Bucks,MIL,0,0,,,,,
0021500351,452,5,1,4,10:24 PM,10:16,Antetokounmpo STEAL (1 STL),,Ezeli Bad Pass Turnover (P2.T14),,,5.0,203105,Festus Ezeli,1610612744.0,Golden State,Warriors,GSW,4,203507,Giannis Antetokounmpo,1610612749.0,Milwaukee,Bucks,MIL,0,0,,,,,
0021500351,453,6,4,4,10:24 PM,10:12,Antetokounmpo OFF.Foul (P2) (N.Buchert),,,,,4.0,203507,Giannis Antetokounmpo,1610612749.0,Milwaukee,Bucks,MIL,5,2738,Andre Iguodala,1610612744.0,Golden State,Warriors,GSW,1,0,,,,,
0021500351,454,5,5,4,10:24 PM,10:12,Antetokounmpo Foul Turnover (P4.T14),,,,,4.0,203507,Giannis Antetokounmpo,1610612749.0,Milwaukee,Bucks,MIL,0,0,,,,,,1,0,,,,,
0021500351,455,2,1,4,10:25 PM,9:59,,,MISS Iguodala 27' 3PT Jump Shot,,,5.0,2738,Andre Iguodala,1610612744.0,Golden State,Warriors,GSW,0,0,,,,,,0,0,,,,,
0021500351,456,4,0,4,10:25 PM,9:58,Middleton REBOUND (Off:1 Def:4),,,,,4.0,203114,Khris Middleton,1610612749.0,Milwaukee,Bucks,MIL,0,0,,,,,,0,0,,,,,
0021500351,457,1,1,4,10:25 PM,9:39,Carter-Williams 8' Jump Shot (10 PTS),,,77 - 84,7,4.0,203487,Michael Carter-Williams,1610612749.0,Milwaukee,Bucks,MIL,0,0,,,,,,0,0,,,,,
0021500351,458,6,2,4,10:25 PM,9:39,,,Barbosa S.FOUL (P1.T2) (N.Buchert),,,5.0,2571,Leandro Barbosa,1610612744.0,Golden State,Warriors,GSW,4,203487,Michael Carter-Williams,1610612749.0,Milwaukee,Bucks,MIL,1,0,,,,,
0021500351,459,3,10,4,10:25 PM,9:39,Carter-Williams Free Throw 1 of 1 (11 PTS),,,77 - 85,8,4.0,203487,Michael Carter-Williams,1610612749.0,Milwaukee,Bucks,MIL,0,0,,,,,,0,0,,,,,
0021500351,461,2,5,4,10:26 PM,9:18,Antetokounmpo BLOCK (2 BLK),,MISS Ezeli 3' Layup,,,5.0,203105,Festus Ezeli,1610612744.0,Golden State,Warriors,GSW,0,0,,,,,,4,203507,Giannis Antetokounmpo,1610612749.0,Milwaukee,Bucks,MIL
0021500351,462,4,0,4,10:26 PM,9:14,Carter-Williams REBOUND (Off:0 Def:2),,,,,4.0,203487,Michael Carter-Williams,1610612749.0,Milwaukee,Bucks,MIL,0,0,,,,,,0,0,,,,,
0021500351,463,2,3,4,10:26 PM,9:05,MISS Monroe 8' Hook Shot,,,,,4.0,202328,Greg Monroe,1610612749.0,Milwaukee,Bucks,MIL,0,0,,,,,,0,0,,,,,
0021500351,464,4,0,4,10:26 PM,9:03,O'Bryant III REBOUND (Off:1 Def:0),,,,,4.0,203948,Johnny O'Bryant III,1610612749.0,Milwaukee,Bucks,MIL,0,0,,,,,,0,0,,,,,
0021500351,466,9,4,4,10:26 PM,8:58,,,,,,1.0,0,,,,,,0,0,,,,,,0,0,,,,,
0021500351,469,8,0,4,10:29 PM,8:58,,,SUB: Thompson FOR Iguodala,,,5.0,2738,Andre Iguodala,1610612744.0,Golden State,Warriors,GSW,5,202691,Klay Thompson,1610612744.0,Golden State,Warriors,GSW,0,0,,,,,
0021500351,471,1,3,4,10:29 PM,8:42,Monroe 4' Hook Shot (19 PTS) (Carter-Williams 4 AST),,,77 - 87,10,4.0,202328,Greg Monroe,1610612749.0,Milwaukee,Bucks,MIL,4,203487,Michael Carter-Williams,1610612749.0,Milwaukee,Bucks,MIL,0,0,,,,,
0021500351,472,1,7,4,10:29 PM,8:27,,,Ezeli  Dunk (13 PTS) (Thompson 3 AST),79 - 87,8,5.0,203105,Festus Ezeli,1610612744.0,Golden State,Warriors,GSW,5,202691,Klay Thompson,1610612744.0,Golden State,Warriors,GSW,0,0,,,,,
0021500351,473,5,45,4,10:30 PM,8:12,Monroe Out of Bounds - Bad Pass Turnover Turnover (P2.T15),,,,,4.0,202328,Greg Monroe,1610612749.0,Milwaukee,Bucks,MIL,0,0,,,,,,0,0,,,,,
0021500351,474,2,58,4,10:30 PM,7:53,,,MISS Ezeli 8' Turnaround Hook Shot,,,5.0,203105,Festus Ezeli,1610612744.0,Golden State,Warriors,GSW,0,0,,,,,,0,0,,,,,
0021500351,475,4,0,4,10:30 PM,7:52,Antetokounmpo REBOUND (Off:0 Def:11),,,,,4.0,203507,Giannis Antetokounmpo,1610612749.0,Milwaukee,Bucks,MIL,0,0,,,,,,0,0,,,,,
0021500351,476,1,58,4,10:30 PM,7:37,Monroe 4' Turnaround Hook Shot (21 PTS) (Middleton 5 AST),,,79 - 89,10,4.0,202328,Greg Monroe,1610612749.0,Milwaukee,Bucks,MIL,4,203114,Khris Middleton,1610612749.0,Milwaukee,Bucks,MIL,0,0,,,,,
0021500351,477,2,1,4,10:31 PM,7:20,,,MISS Barbosa 26' 3PT Jump Shot,,,5.0,2571,Leandro Barbosa,1610612744.0,Golden State,Warriors,GSW,0,0,,,,,,0,0,,,,,
0021500351,478,4,0,4,10:31 PM,7:18,Monroe REBOUND (Off:4 Def:6),,,,,4.0,202328,Greg Monroe,1610612749.0,Milwaukee,Bucks,MIL,0,0,,,,,,0,0,,,,,
0021500351,480,1,1,4,10:31 PM,6:57,O'Bryant III 17' Jump Shot (2 PTS) (Carter-Williams 5 AST),,,79 - 91,12,4.0,203948,Johnny O'Bryant III,1610612749.0,Milwaukee,Bucks,MIL,4,203487,Michael Carter-Williams,1610612749.0,Milwaukee,Bucks,MIL,0,0,,,,,
0021500351,481,9,1,4,10:31 PM,6:57,,,Warriors Timeout: Regular (Reg.4 Short 0),,,3.0,1610612744,,,,,,0,0,,,,,,0,0,,,,,
0021500351,483,8,0,4,10:33 PM,6:57,,,SUB: Green FOR Barbosa,,,5.0,2571,Leandro Barbosa,1610612744.0,Golden State,Warriors,GSW,5,203110,Draymond Green,1610612744.0,Golden State,Warriors,GSW,0,0,,,,,
0021500351,484,8,0,4,10:33 PM,6:57,,,SUB: Curry FOR Thompson,,,5.0,201574,Jason Thompson,1610612744.0,Golden State,Warriors,GSW,5,201939,Stephen Curry,1610612744.0,Golden State,Warriors,GSW,0,0,,,,,
0021500351,485,8,0,4,10:33 PM,6:57,SUB: Mayo FOR O'Bryant III,,,,,4.0,203948,Johnny O'Bryant III,1610612749.0,Milwaukee,Bucks,MIL,4,201564,O.J. Mayo,1610612749.0,Milwaukee,Bucks,MIL,0,0,,,,,
0021500351,486,2,1,4,10:34 PM,6:38,,,MISS Curry 25' 3PT Jump Shot,,,5.0,201939,Stephen Curry,1610612744.0,Golden State,Warriors,GSW,0,0,,,,,,0,0,,,,,
0021500351,487,4,0,4,10:34 PM,6:37,Middleton REBOUND (Off:1 Def:5),,,,,4.0,203114,Khris Middleton,1610612749.0,Milwaukee,Bucks,MIL,0,0,,,,,,0,0,,,,,
0021500351,488,6,3,4,10:34 PM,6:37,,,Ezeli L.B.FOUL (P3.T3) (J.Capers),,,5.0,203105,Festus Ezeli,1610612744.0,Golden State,Warriors,GSW,4,203114,Khris Middleton,1610612749.0,Milwaukee,Bucks,MIL,1,0,,,,,
0021500351,489,8,0,4,10:34 PM,6:37,,,SUB: Iguodala FOR Ezeli,,,5.0,203105,Festus Ezeli,1610612744.0,Golden State,Warriors,GSW,5,2738,Andre Iguodala,1610612744.0,Golden State,Warriors,GSW,0,0,,,,,
0021500351,490,5,2,4,10:35 PM,6:22,Monroe Lost Ball Turnover (P3.T16),,Livingston STEAL (2 STL),,,4.0,202328,Greg Monroe,1610612749.0,Milwaukee,Bucks,MIL,5,2733,Shaun Livingston,1610612744.0,Golden State,Warriors,GSW,0,0,,,,,
0021500351,491,6,1,4,10:35 PM,6:20,Middleton P.FOUL (P2.T3) (K.Cutler),,,,,4.0,203114,Khris Middleton,1610612749.0,Milwaukee,Bucks,MIL,5,202691,Klay Thompson,1610612744.0,Golden State,Warriors,GSW,1,0,,,,,
0021500351,492,3,11,4,10:35 PM,6:20,,,MISS Thompson Free Throw 1 of 2,,,5.0,202691,Klay Thompson,1610612744.0,Golden State,Warriors,GSW,0,0,,,,,,0,0,,,,,
0021500351,493,4,1,4,10:35 PM,6:20,,,Warriors Rebound,,,3.0,1610612744,,,,,,0,0,,,,,,0,0,,,,,
0021500351,494,3,12,4,10:35 PM,6:20,,,Thompson Free Throw 2 of 2 (11 PTS),80 - 91,11,5.0,202691,Klay Thompson,1610612744.0,Golden State,Warriors,GSW,0,0,,,,,,0,0,,,,,
0021500351,496,1,49,4,10:36 PM,6:00,Carter-Williams  Driving Dunk (13 PTS) (Monroe 4 AST),,,80 - 93,13,4.0,203487,Michael Carter-Williams,1610612749.0,Milwaukee,Bucks,MIL,4,202328,Greg Monroe,1610612749.0,Milwaukee,Bucks,MIL,0,0,,,,,
0021500351,497,1,5,4,10:36 PM,5:50,,,Livingston 1' Layup (4 PTS) (Iguodala 4 AST),82 - 93,11,5.0,2733,Shaun Livingston,1610612744.0,Golden State,Warriors,GSW,5,2738,Andre Iguodala,1610612744.0,Golden State,Warriors,GSW,0,0,,,,,
0021500351,498,1,44,4,10:36 PM,5:29,Monroe 1' Reverse Layup (23 PTS),,,82 - 95,13,4.0,202328,Greg Monroe,1610612749.0,Milwaukee,Bucks,MIL,0,0,,,,,,0,0,,,,,
0021500351,499,6,2,4,10:37 PM,5:17,Carter-Williams S.FOUL (P4.T4) (J.Capers),,,,,4.0,203487,Michael Carter-Williams,1610612749.0,Milwaukee,Bucks,MIL,5,202691,Klay Thompson,1610612744.0,Golden State,Warriors,GSW,1,0,,,,,
0021500351,500,3,11,4,10:37 PM,5:17,,,MISS Thompson Free Throw 1 of 2,,,5.0,202691,Klay Thompson,1610612744.0,Golden State,Warriors,GSW,0,0,,,,,,0,0,,,,,
0021500351,501,4,1,4,10:37 PM,5:17,,,Warriors Rebound,,,3.0,1610612744,,,,,,0,0,,,,,,0,0,,,,,
0021500351,502,3,12,4,10:37 PM,5:17,,,Thompson Free Throw 2 of 2 (12 PTS),83 - 95,12,5.0,202691,Klay Thompson,1610612744.0,Golden State,Warriors,GSW,0,0,,,,,,0,0,,,,,
0021500351,504,2,1,4,10:37 PM,4:57,MISS Mayo 26' 3PT Jump Shot,,,,,4.0,201564,O.J. Mayo,1610612749.0,Milwaukee,Bucks,MIL,0,0,,,,,,0,0,,,,,
0021500351,505,4,0,4,10:37 PM,4:56,,,Green REBOUND (Off:3 Def:7),,,5.0,203110,Draymond Green,1610612744.0,Golden State,Warriors,GSW,0,0,,,,,,0,0,,,,,
0021500351,506,1,1,4,10:38 PM,4:44,,,Curry 26' 3PT Jump Shot (26 PTS) (Green 5 AST),86 - 95,9,5.0,201939,Stephen Curry,1610612744.0,Golden State,Warriors,GSW,5,203110,Draymond Green,1610612744.0,Golden State,Warriors,GSW,0,0,,,,,
0021500351,508,2,1,4,10:38 PM,4:17,MISS Antetokounmpo 26' 3PT Jump Shot,,,,,4.0,203507,Giannis Antetokounmpo,1610612749.0,Milwaukee,Bucks,MIL,0,0,,,,,,0,0,,,,,
0021500351,509,4,0,4,10:38 PM,4:17,BUCKS Rebound,,,,,2.0,1610612749,,,,,,0,0,,,,,,0,0,,,,,
0021500351,510,5,11,4,10:38 PM,4:17,BUCKS Turnover: Shot Clock (T#17),,,,,2.0,1610612749,,,,,,0,0,,,,,,1,0,,,,,
0021500351,511,1,98,4,10:38 PM,4:11,,,Curry  Cutting Layup Shot (28 PTS),88 - 95,7,5.0,201939,Stephen Curry,1610612744.0,Golden State,Warriors,GSW,0,0,,,,,,0,0,,,,,
0021500351,512,1,5,4,10:39 PM,3:51,Antetokounmpo 1' Layup (11 PTS) (Monroe 5 AST),,,88 - 97,9,4.0,203507,Giannis Antetokounmpo,1610612749.0,Milwaukee,Bucks,MIL,4,202328,Greg Monroe,1610612749.0,Milwaukee,Bucks,MIL,0,0,,,,,
0021500351,513,6,2,4,10:39 PM,3:51,,,Thompson S.FOUL (P4.T4) (J.Capers),,,5.0,202691,Klay Thompson,1610612744.0,Golden State,Warriors,GSW,4,203507,Giannis Antetokounmpo,1610612749.0,Milwaukee,Bucks,MIL,1,0,,,,,
0021500351,514,3,10,4,10:39 PM,3:51,MISS Antetokounmpo Free Throw 1 of 1,,,,,4.0,203507,Giannis Antetokounmpo,1610612749.0,Milwaukee,Bucks,MIL,0,0,,,,,,0,0,,,,,
0021500351,516,4,0,4,10:39 PM,3:48,,,Iguodala REBOUND (Off:0 Def:8),,,5.0,2738,Andre Iguodala,1610612744.0,Golden State,Warriors,GSW,0,0,,,,,,0,0,,,,,
0021500351,517,2,1,4,10:40 PM,3:39,,,MISS Curry 27' 3PT Jump Shot,,,5.0,201939,Stephen Curry,1610612744.0,Golden State,Warriors,GSW,0,0,,,,,,0,0,,,,,
0021500351,518,4,0,4,10:40 PM,3:38,Antetokounmpo REBOUND (Off:0 Def:12),,,,,4.0,203507,Giannis Antetokounmpo,1610612749.0,Milwaukee,Bucks,MIL,0,0,,,,,,0,0,,,,,
0021500351,519,1,42,4,10:40 PM,3:26,Monroe 2' Driving Layup (25 PTS) (Carter-Williams 6 AST),,,88 - 99,11,4.0,202328,Greg Monroe,1610612749.0,Milwaukee,Bucks,MIL,4,203487,Michael Carter-Williams,1610612749.0,Milwaukee,Bucks,MIL,0,0,,,,,
0021500351,520,2,1,4,10:40 PM,3:10,,,MISS Thompson 26' 3PT Jump Shot,,,5.0,202691,Klay Thompson,1610612744.0,Golden State,Warriors,GSW,0,0,,,,,,0,0,,,,,
0021500351,521,4,0,4,10:40 PM,3:08,,,Iguodala REBOUND (Off:1 Def:8),,,5.0,2738,Andre Iguodala,1610612744.0,Golden State,Warriors,GSW,0,0,,,,,,0,0,,,,,
0021500351,522,1,5,4,10:40 PM,3:05,,,Green 1' Layup (21 PTS) (Iguodala 5 AST),90 - 99,9,5.0,203110,Draymond Green,1610612744.0,Golden State,Warriors,GSW,5,2738,Andre Iguodala,1610612744.0,Golden State,Warriors,GSW,0,0,,,,,
0021500351,523,1,42,4,10:40 PM,2:51,Monroe 1' Driving Layup (27 PTS) (Carter-Williams 7 AST),,,90 - 101,11,4.0,202328,Greg Monroe,1610612749.0,Milwaukee,Bucks,MIL,4,203487,Michael Carter-Williams,1610612749.0,Milwaukee,Bucks,MIL,0,0,,,,,
0021500351,524,6,2,4,10:40 PM,2:51,,,Green S.FOUL (P4.PN) (J.Capers),,,5.0,203110,Draymond Green,1610612744.0,Golden State,Warriors,GSW,4,202328,Greg Monroe,1610612749.0,Milwaukee,Bucks,MIL,1,0,,,,,
0021500351,525,9,1,4,10:41 PM,2:51,,,Warriors Timeout: Regular (Reg.5 Short 0),,,3.0,1610612744,,,,,,0,0,,,,,,0,0,,,,,
0021500351,529,3,10,4,10:43 PM,2:51,Monroe Free Throw 1 of 1 (28 PTS),,,90 - 102,12,4.0,202328,Greg Monroe,1610612749.0,Milwaukee,Bucks,MIL,0,0,,,,,,0,0,,,,,
0021500351,531,5,1,4,10:44 PM,2:38,Carter-Williams STEAL (3 STL),,Curry Bad Pass Turnover (P2.T15),,,5.0,201939,Stephen Curry,1610612744.0,Golden State,Warriors,GSW,4,203487,Michael Carter-Williams,1610612749.0,Milwaukee,Bucks,MIL,0,0,,,,,
0021500351,532,1,5,4,10:44 PM,2:34,Mayo 2' Layup (18 PTS),,,90 - 104,14,4.0,201564,O.J. Mayo,1610612749.0,Milwaukee,Bucks,MIL,0,0,,,,,,0,0,,,,,
0021500351,533,1,1,4,10:44 PM,2:25,,,Green 28' 3PT Jump Shot (24 PTS) (Curry 5 AST),93 - 104,11,5.0,203110,Draymond Green,1610612744.0,Golden State,Warriors,GSW,5,201939,Stephen Curry,1610612744.0,Golden State,Warriors,GSW,0,0,,,,,
0021500351,534,2,3,4,10:44 PM,2:02,MISS Monroe 3' Hook Shot,,,,,4.0,202328,Greg Monroe,1610612749.0,Milwaukee,Bucks,MIL,0,0,,,,,,0,0,,,,,
0021500351,535,4,0,4,10:44 PM,2:01,Carter-Williams REBOUND (Off:1 Def:2),,,,,4.0,203487,Michael Carter-Williams,1610612749.0,Milwaukee,Bucks,MIL,0,0,,,,,,0,0,,,,,
0021500351,536,2,1,4,10:45 PM,1:37,MISS Middleton 19' Jump Shot,,,,,4.0,203114,Khris Middleton,1610612749.0,Milwaukee,Bucks,MIL,0,0,,,,,,0,0,,,,,
0021500351,537,4,0,4,10:45 PM,1:36,,,Green REBOUND (Off:3 Def:8),,,5.0,203110,Draymond Green,1610612744.0,Golden State,Warriors,GSW,0,0,,,,,,0,0,,,,,
0021500351,538,5,2,4,10:45 PM,1:32,Carter-Williams STEAL (4 STL),,Green Lost Ball Turnover (P6.T16),,,5.0,203110,Draymond Green,1610612744.0,Golden State,Warriors,GSW,4,203487,Michael Carter-Williams,1610612749.0,Milwaukee,Bucks,MIL,0,0,,,,,
0021500351,539,5,1,4,10:45 PM,1:26,Mayo Bad Pass Turnover (P2.T18),,Iguodala STEAL (2 STL),,,4.0,201564,O.J. Mayo,1610612749.0,Milwaukee,Bucks,MIL,5,2738,Andre Iguodala,1610612744.0,Golden State,Warriors,GSW,0,0,,,,,
0021500351,540,2,1,4,10:45 PM,1:20,,,MISS Iguodala 26' 3PT Jump Shot,,,5.0,2738,Andre Iguodala,1610612744.0,Golden State,Warriors,GSW,0,0,,,,,,0,0,,,,,
0021500351,541,4,0,4,10:45 PM,1:18,Monroe REBOUND (Off:4 Def:7),,,,,4.0,202328,Greg Monroe,1610612749.0,Milwaukee,Bucks,MIL,0,0,,,,,,0,0,,,,,
0021500351,542,6,2,4,10:45 PM,1:02,,,Iguodala S.FOUL (P2.PN) (K.Cutler),,,5.0,2738,Andre Iguodala,1610612744.0,Golden State,Warriors,GSW,4,203487,Michael Carter-Williams,1610612749.0,Milwaukee,Bucks,MIL,1,0,,,,,
0021500351,543,3,11,4,10:46 PM,1:02,Carter-Williams Free Throw 1 of 2 (14 PTS),,,93 - 105,12,4.0,203487,Michael Carter-Williams,1610612749.0,Milwaukee,Bucks,MIL,0,0,,,,,,0,0,,,,,
0021500351,546,8,0,4,10:46 PM,1:02,,,SUB: Rush FOR Green,,,5.0,203110,Draymond Green,1610612744.0,Golden State,Warriors,GSW,5,201575,Brandon Rush,1610612744.0,Golden State,Warriors,GSW,0,0,,,,,
0021500351,547,8,0,4,10:46 PM,1:02,,,SUB: Ezeli FOR Thompson,,,5.0,202691,Klay Thompson,1610612744.0,Golden State,Warriors,GSW,5,203105,Festus Ezeli,1610612744.0,Golden State,Warriors,GSW,0,0,,,,,
0021500351,548,8,0,4,10:46 PM,1:02,,,SUB: Barbosa FOR Curry,,,5.0,201939,Stephen Curry,1610612744.0,Golden State,Warriors,GSW,5,2571,Leandro Barbosa,1610612744.0,Golden State,Warriors,GSW,0,0,,,,,
0021500351,549,8,0,4,10:46 PM,1:02,,,SUB: McAdoo FOR Iguodala,,,5.0,2738,Andre Iguodala,1610612744.0,Golden State,Warriors,GSW,5,203949,James Michael McAdoo,1610612744.0,Golden State,Warriors,GSW,0,0,,,,,
0021500351,550,8,0,4,10:46 PM,1:02,,,SUB: Clark FOR Livingston,,,5.0,2733,Shaun Livingston,1610612744.0,Golden State,Warriors,GSW,5,203546,Ian Clark,1610612744.0,Golden State,Warriors,GSW,0,0,,,,,
0021500351,551,3,12,4,10:46 PM,1:02,Carter-Williams Free Throw 2 of 2 (15 PTS),,,93 - 106,13,4.0,203487,Michael Carter-Williams,1610612749.0,Milwaukee,Bucks,MIL,0,0,,,,,,0,0,,,,,
0021500351,553,5,1,4,10:46 PM,0:43,Carter-Williams STEAL (5 STL),,Rush Bad Pass Turnover (P1.T17),,,5.0,201575,Brandon Rush,1610612744.0,Golden State,Warriors,GSW,4,203487,Michael Carter-Williams,1610612749.0,Milwaukee,Bucks,MIL,0,0,,,,,
0021500351,554,1,7,4,10:47 PM,0:42,Carter-Williams  Dunk (17 PTS),,,93 - 108,15,4.0,203487,Michael Carter-Williams,1610612749.0,Milwaukee,Bucks,MIL,0,0,,,,,,0,0,,,,,
0021500351,555,1,5,4,10:47 PM,0:26,,,Barbosa 1' Layup (2 PTS),95 - 108,13,5.0,2571,Leandro Barbosa,1610612744.0,Golden State,Warriors,GSW,0,0,,,,,,0,0,,,,,
0021500351,556,5,11,4,10:47 PM,0:03,BUCKS Turnover: Shot Clock (T#19),,,,,2.0,1610612749,,,,,,0,0,,,,,,1,0,,,,,
0021500351,558,13,0,4,10:48 PM,0:00,,,,95 - 108,13,0.0,0,,,,,,0,0,,,,,,0,0,,,,,
