GAME_ID,EVENTNUM,EVENTMSGTYPE,EVENTMSGACTIONTYPE,PERIOD,WCTIMESTRING,PCTIMESTRING,HOMEDESCRIPTION,NEUTRALDESCRIPTION,VISITORDESCRIPTION,SCORE,SCOREMARGIN,PERSON1TYPE,PLAYER1_ID,PLAYER1_NAME,PLAYER1_TEAM_ID,PLAYER1_TEAM_CITY,PLAYER1_TEAM_NICKNAME,PLAYER1_TEAM_ABBREVIATION,PERSON2TYPE,PLAYER2_ID,PLAYER2_NAME,PLAYER2_TEAM_ID,PLAYER2_TEAM_CITY,PLAYER2_TEAM_NICKNAME,PLAYER2_TEAM_ABBREVIATION,PERSON3TYPE,PLAYER3_ID,PLAYER3_NAME,PLAYER3_TEAM_ID,PLAYER3_TEAM_CITY,PLAYER3_TEAM_NICKNAME,PLAYER3_TEAM_ABBREVIATION
0021500503,0,12,0,1,9:12 PM,12:00,,,,,,0.0,0,,,,,,0,0,,,,,,0,0,,,,,
0021500503,1,10,0,1,9:12 PM,12:00,Jump Ball Withey vs. Gasol: Tip to Hayward,,,,,4.0,203481,Jeff Withey,1610612762.0,Utah,Jazz,UTA,5,201188,Marc Gasol,1610612763.0,Memphis,Grizzlies,MEM,4,202330,Gordon Hayward,1610612762.0,Utah,Jazz,UTA
0021500503,2,6,2,1,9:12 PM,11:39,,,Green S.FOUL (P1.T1) (S.Twardoski),,,5.0,201145,Jeff Green,1610612763.0,Memphis,Grizzlies,MEM,4,1626168,Trey Lyles,1610612762.0,Utah,Jazz,UTA,1,0,,,,,
0021500503,3,3,11,1,9:12 PM,11:39,Lyles Free Throw 1 of 2 (1 PTS),,,0 - 1,1,4.0,1626168,Trey Lyles,1610612762.0,Utah,Jazz,UTA,0,0,,,,,,0,0,,,,,
0021500503,5,3,12,1,9:13 PM,11:39,Lyles Free Throw 2 of 2 (2 PTS),,,0 - 2,2,4.0,1626168,Trey Lyles,1610612762.0,Utah,Jazz,UTA,0,0,,,,,,0,0,,,,,
0021500503,7,2,63,1,9:13 PM,11:16,,,MISS Gasol 15' Fadeaway Jumper,,,5.0,201188,Marc Gasol,1610612763.0,Memphis,Grizzlies,MEM,0,0,,,,,,0,0,,,,,
0021500503,8,4,0,1,9:13 PM,11:16,JAZZ Rebound,,,,,2.0,1610612762,,,,,,0,0,,,,,,0,0,,,,,
0021500503,9,6,1,1,9:13 PM,11:16,,,Allen P.FOUL (P1.T2) (S.Twardoski),,,5.0,2754,Tony Allen,1610612763.0,Memphis,Grizzlies,MEM,4,203918,Rodney Hood,1610612762.0,Utah,Jazz,UTA,1,0,,,,,
0021500503,10,2,5,1,9:14 PM,10:56,MISS Neto 2' Layup,,,,,4.0,203526,Raul Neto,1610612762.0,Utah,Jazz,UTA,0,0,,,,,,0,0,,,,,
0021500503,11,4,0,1,9:14 PM,10:56,,,Gasol REBOUND (Off:0 Def:1),,,5.0,201188,Marc Gasol,1610612763.0,Memphis,Grizzlies,MEM,0,0,,,,,,0,0,,,,,
0021500503,12,1,1,1,9:14 PM,10:37,,,Lee 24' 3PT Jump Shot (3 PTS) (Gasol 1 AST),3 - 2,-1,5.0,201584,Courtney Lee,1610612763.0,Memphis,Grizzlies,MEM,5,201188,Marc Gasol,1610612763.0,Memphis,Grizzlies,MEM,0,0,,,,,
0021500503,13,5,1,1,9:14 PM,10:24,Neto Bad Pass Turnover (P1.T1),,Allen STEAL (1 STL),,,4.0,203526,Raul Neto,1610612762.0,Utah,Jazz,UTA,5,2754,Tony Allen,1610612763.0,Memphis,Grizzlies,MEM,0,0,,,,,
0021500503,14,1,50,1,9:14 PM,10:20,,,Allen  Running Dunk (2 PTS),5 - 2,-3,5.0,2754,Tony Allen,1610612763.0,Memphis,Grizzlies,MEM,0,0,,,,,,0,0,,,,,
0021500503,15,1,80,1,9:15 PM,9:59,Hayward 18' Step Back Jump Shot (2 PTS),,,5 - 4,-1,4.0,202330,Gordon Hayward,1610612762.0,Utah,Jazz,UTA,0,0,,,,,,0,0,,,,,
0021500503,16,6,2,1,9:15 PM,9:36,Withey S.FOUL (P1.T1) (S.Wright),,,,,4.0,203481,Jeff Withey,1610612762.0,Utah,Jazz,UTA,5,201584,Courtney Lee,1610612763.0,Memphis,Grizzlies,MEM,1,0,,,,,
0021500503,17,3,11,1,9:15 PM,9:36,,,Lee Free Throw 1 of 2 (4 PTS),6 - 4,-2,5.0,201584,Courtney Lee,1610612763.0,Memphis,Grizzlies,MEM,0,0,,,,,,0,0,,,,,
0021500503,19,3,12,1,9:16 PM,9:36,,,Lee Free Throw 2 of 2 (5 PTS),7 - 4,-3,5.0,201584,Courtney Lee,1610612763.0,Memphis,Grizzlies,MEM,0,0,,,,,,0,0,,,,,
0021500503,21,1,80,1,9:16 PM,9:16,Hayward 9' Step Back Jump Shot (4 PTS),,,7 - 6,-1,4.0,202330,Gordon Hayward,1610612762.0,Utah,Jazz,UTA,0,0,,,,,,0,0,,,,,
0021500503,22,2,1,1,9:17 PM,8:55,,,MISS Gasol 18' Jump Shot,,,5.0,201188,Marc Gasol,1610612763.0,Memphis,Grizzlies,MEM,0,0,,,,,,0,0,,,,,
0021500503,23,4,0,1,9:17 PM,8:55,Hayward REBOUND (Off:0 Def:1),,,,,4.0,202330,Gordon Hayward,1610612762.0,Utah,Jazz,UTA,0,0,,,,,,0,0,,,,,
0021500503,24,1,79,1,9:17 PM,8:42,Hood 22' Pullup Jump Shot (2 PTS),,,7 - 8,1,4.0,203918,Rodney Hood,1610612762.0,Utah,Jazz,UTA,0,0,,,,,,0,0,,,,,
0021500503,25,1,58,1,9:17 PM,8:25,,,Green 4' Turnaround Hook Shot (2 PTS) (Conley 1 AST),9 - 8,-1,5.0,201145,Jeff Green,1610612763.0,Memphis,Grizzlies,MEM,5,201144,Mike Conley,1610612763.0,Memphis,Grizzlies,MEM,0,0,,,,,
0021500503,26,5,1,1,9:17 PM,8:10,Lyles Bad Pass Turnover (P1.T2),,Allen STEAL (2 STL),,,4.0,1626168,Trey Lyles,1610612762.0,Utah,Jazz,UTA,5,2754,Tony Allen,1610612763.0,Memphis,Grizzlies,MEM,0,0,,,,,
0021500503,27,1,41,1,9:17 PM,8:05,,,Conley 2' Running Layup (2 PTS) (Allen 1 AST),11 - 8,-3,5.0,201144,Mike Conley,1610612763.0,Memphis,Grizzlies,MEM,5,2754,Tony Allen,1610612763.0,Memphis,Grizzlies,MEM,0,0,,,,,
0021500503,29,1,5,1,9:18 PM,7:39,Neto 2' Layup (2 PTS) (Hayward 1 AST),,,11 - 10,-1,4.0,203526,Raul Neto,1610612762.0,Utah,Jazz,UTA,4,202330,Gordon Hayward,1610612762.0,Utah,Jazz,UTA,0,0,,,,,
0021500503,30,1,1,1,9:18 PM,7:24,,,Allen  3PT Jump Shot (5 PTS) (Gasol 2 AST),14 - 10,-4,5.0,2754,Tony Allen,1610612763.0,Memphis,Grizzlies,MEM,5,201188,Marc Gasol,1610612763.0,Memphis,Grizzlies,MEM,0,0,,,,,
0021500503,31,1,1,1,9:19 PM,7:06,Hood  3PT Jump Shot (5 PTS) (Withey 1 AST),,,14 - 13,-1,4.0,203918,Rodney Hood,1610612762.0,Utah,Jazz,UTA,4,203481,Jeff Withey,1610612762.0,Utah,Jazz,UTA,0,0,,,,,
0021500503,32,2,80,1,9:19 PM,6:46,,,MISS Conley 19' Step Back Jump Shot,,,5.0,201144,Mike Conley,1610612763.0,Memphis,Grizzlies,MEM,0,0,,,,,,0,0,,,,,
0021500503,33,4,0,1,9:19 PM,6:45,Withey REBOUND (Off:0 Def:1),,,,,4.0,203481,Jeff Withey,1610612762.0,Utah,Jazz,UTA,0,0,,,,,,0,0,,,,,
0021500503,34,6,2,1,9:19 PM,6:30,,,Lee S.FOUL (P1.T3) (J.Tiven),,,5.0,201584,Courtney Lee,1610612763.0,Memphis,Grizzlies,MEM,4,202330,Gordon Hayward,1610612762.0,Utah,Jazz,UTA,1,0,,,,,
0021500503,35,3,11,1,9:19 PM,6:30,Hayward Free Throw 1 of 2 (5 PTS),,,14 - 14,TIE,4.0,202330,Gordon Hayward,1610612762.0,Utah,Jazz,UTA,0,0,,,,,,0,0,,,,,
0021500503,37,8,0,1,9:20 PM,6:30,,,SUB: Randolph FOR Lee,,,5.0,201584,Courtney Lee,1610612763.0,Memphis,Grizzlies,MEM,5,2216,Zach Randolph,1610612763.0,Memphis,Grizzlies,MEM,0,0,,,,,
0021500503,38,3,12,1,9:20 PM,6:30,Hayward Free Throw 2 of 2 (6 PTS),,,14 - 15,1,4.0,202330,Gordon Hayward,1610612762.0,Utah,Jazz,UTA,0,0,,,,,,0,0,,,,,
0021500503,40,5,1,1,9:20 PM,6:11,Hood STEAL (1 STL),,Gasol Bad Pass Turnover (P1.T1),,,5.0,201188,Marc Gasol,1610612763.0,Memphis,Grizzlies,MEM,4,203918,Rodney Hood,1610612762.0,Utah,Jazz,UTA,0,0,,,,,
0021500503,41,1,50,1,9:21 PM,6:05,Hood  Running Dunk (7 PTS) (Neto 1 AST),,,14 - 17,3,4.0,203918,Rodney Hood,1610612762.0,Utah,Jazz,UTA,4,203526,Raul Neto,1610612762.0,Utah,Jazz,UTA,0,0,,,,,
0021500503,42,2,1,1,9:21 PM,5:34,,,MISS Green 24' 3PT Jump Shot,,,5.0,201145,Jeff Green,1610612763.0,Memphis,Grizzlies,MEM,0,0,,,,,,0,0,,,,,
0021500503,43,4,0,1,9:21 PM,5:33,,,Randolph REBOUND (Off:1 Def:0),,,5.0,2216,Zach Randolph,1610612763.0,Memphis,Grizzlies,MEM,0,0,,,,,,0,0,,,,,
0021500503,44,2,78,1,9:21 PM,5:19,,,MISS Conley 10' Floating Jump Shot,,,5.0,201144,Mike Conley,1610612763.0,Memphis,Grizzlies,MEM,0,0,,,,,,0,0,,,,,
0021500503,45,4,0,1,9:21 PM,5:19,Lyles REBOUND (Off:0 Def:1),,,,,4.0,1626168,Trey Lyles,1610612762.0,Utah,Jazz,UTA,0,0,,,,,,0,0,,,,,
0021500503,46,2,1,1,9:21 PM,5:12,MISS Neto 25' 3PT Jump Shot,,,,,4.0,203526,Raul Neto,1610612762.0,Utah,Jazz,UTA,0,0,,,,,,0,0,,,,,
0021500503,47,4,0,1,9:21 PM,5:12,,,Gasol REBOUND (Off:0 Def:2),,,5.0,201188,Marc Gasol,1610612763.0,Memphis,Grizzlies,MEM,0,0,,,,,,0,0,,,,,
0021500503,48,2,1,1,9:22 PM,4:58,,,MISS Green 24' 3PT Jump Shot,,,5.0,201145,Jeff Green,1610612763.0,Memphis,Grizzlies,MEM,0,0,,,,,,0,0,,,,,
0021500503,49,4,0,1,9:22 PM,4:57,Hood REBOUND (Off:0 Def:1),,,,,4.0,203918,Rodney Hood,1610612762.0,Utah,Jazz,UTA,0,0,,,,,,0,0,,,,,
0021500503,50,7,5,1,9:22 PM,4:47,,,Gasol Violation:Kicked Ball (.),,,5.0,201188,Marc Gasol,1610612763.0,Memphis,Grizzlies,MEM,0,0,,,,,,0,0,,,,,
0021500503,51,9,1,1,9:22 PM,4:47,JAZZ Timeout: Regular (Full 1 Short 0),,,,,2.0,1610612762,,,,,,0,0,,,,,,0,0,,,,,
0021500503,53,18,0,1,9:24 PM,4:47,,,,,,,30,Richard Dumas,,,,,0,0,,,,,,1,0,,,,,
0021500503,58,8,0,1,9:25 PM,4:47,SUB: Booker FOR Withey,,,,,4.0,203481,Jeff Withey,1610612762.0,Utah,Jazz,UTA,4,202344,Trevor Booker,1610612762.0,Utah,Jazz,UTA,0,0,,,,,
0021500503,54,2,1,1,9:25 PM,4:41,MISS Hood 24' 3PT Jump Shot,,,,,4.0,203918,Rodney Hood,1610612762.0,Utah,Jazz,UTA,0,0,,,,,,0,0,,,,,
0021500503,55,4,0,1,9:25 PM,4:41,,,Allen REBOUND (Off:0 Def:1),,,5.0,2754,Tony Allen,1610612763.0,Memphis,Grizzlies,MEM,0,0,,,,,,0,0,,,,,
0021500503,56,1,66,1,9:25 PM,4:26,,,Randolph 3' Jump Bank Shot (2 PTS),16 - 17,1,5.0,2216,Zach Randolph,1610612763.0,Memphis,Grizzlies,MEM,0,0,,,,,,0,0,,,,,
0021500503,57,5,11,1,9:25 PM,4:01,JAZZ Turnover: Shot Clock (T#3),,,,,2.0,1610612762,,,,,,0,0,,,,,,1,0,,,,,
0021500503,59,6,1,1,9:26 PM,3:51,Hayward P.FOUL (P1.T2) (S.Wright),,,,,4.0,202330,Gordon Hayward,1610612762.0,Utah,Jazz,UTA,5,201144,Mike Conley,1610612763.0,Memphis,Grizzlies,MEM,1,0,,,,,
0021500503,60,3,11,1,9:26 PM,3:51,,,Conley Free Throw 1 of 2 (3 PTS),17 - 17,TIE,5.0,201144,Mike Conley,1610612763.0,Memphis,Grizzlies,MEM,0,0,,,,,,0,0,,,,,
0021500503,62,8,0,1,9:26 PM,3:51,,,SUB: Lee FOR Allen,,,5.0,2754,Tony Allen,1610612763.0,Memphis,Grizzlies,MEM,5,201584,Courtney Lee,1610612763.0,Memphis,Grizzlies,MEM,0,0,,,,,
0021500503,63,8,0,1,9:26 PM,3:51,SUB: Pleiss FOR Lyles,,,,,4.0,1626168,Trey Lyles,1610612762.0,Utah,Jazz,UTA,4,202353,Tibor Pleiss,1610612762.0,Utah,Jazz,UTA,0,0,,,,,
0021500503,64,8,0,1,9:27 PM,3:51,SUB: Burke FOR Neto,,,,,4.0,203526,Raul Neto,1610612762.0,Utah,Jazz,UTA,4,203504,Trey Burke,1610612762.0,Utah,Jazz,UTA,0,0,,,,,
0021500503,65,3,12,1,9:27 PM,3:51,,,MISS Conley Free Throw 2 of 2,,,5.0,201144,Mike Conley,1610612763.0,Memphis,Grizzlies,MEM,0,0,,,,,,0,0,,,,,
0021500503,67,4,0,1,9:27 PM,3:50,Pleiss REBOUND (Off:0 Def:1),,,,,4.0,202353,Tibor Pleiss,1610612762.0,Utah,Jazz,UTA,0,0,,,,,,0,0,,,,,
0021500503,68,2,78,1,9:27 PM,3:29,MISS Hood 10' Floating Jump Shot,,,,,4.0,203918,Rodney Hood,1610612762.0,Utah,Jazz,UTA,0,0,,,,,,0,0,,,,,
0021500503,69,4,0,1,9:27 PM,3:29,Hood REBOUND (Off:1 Def:1),,,,,4.0,203918,Rodney Hood,1610612762.0,Utah,Jazz,UTA,0,0,,,,,,0,0,,,,,
0021500503,70,2,47,1,9:27 PM,3:16,MISS Hood 11' Turnaround Jump Shot,,,,,4.0,203918,Rodney Hood,1610612762.0,Utah,Jazz,UTA,0,0,,,,,,0,0,,,,,
0021500503,71,4,0,1,9:27 PM,3:15,Booker REBOUND (Off:1 Def:0),,,,,4.0,202344,Trevor Booker,1610612762.0,Utah,Jazz,UTA,0,0,,,,,,0,0,,,,,
0021500503,72,1,1,1,9:27 PM,3:07,Hood 24' 3PT Jump Shot (10 PTS) (Booker 1 AST),,,17 - 20,3,4.0,203918,Rodney Hood,1610612762.0,Utah,Jazz,UTA,4,202344,Trevor Booker,1610612762.0,Utah,Jazz,UTA,0,0,,,,,
0021500503,73,9,1,1,9:28 PM,2:58,,,Grizzlies Timeout: Regular (Reg.1 Short 0),,,3.0,1610612763,,,,,,0,0,,,,,,0,0,,,,,
0021500503,75,8,0,1,9:30 PM,2:58,,,SUB: Chalmers FOR Conley,,,5.0,201144,Mike Conley,1610612763.0,Memphis,Grizzlies,MEM,5,201596,Mario Chalmers,1610612763.0,Memphis,Grizzlies,MEM,0,0,,,,,
0021500503,76,8,0,1,9:30 PM,2:58,SUB: Johnson FOR Hood,,,,,4.0,203918,Rodney Hood,1610612762.0,Utah,Jazz,UTA,4,203187,Chris Johnson,1610612762.0,Utah,Jazz,UTA,0,0,,,,,
0021500503,77,6,4,1,9:30 PM,2:54,,,Lee OFF.Foul (P2) (J.Tiven),,,5.0,201584,Courtney Lee,1610612763.0,Memphis,Grizzlies,MEM,4,202330,Gordon Hayward,1610612762.0,Utah,Jazz,UTA,1,0,,,,,
0021500503,78,5,5,1,9:30 PM,2:54,,,Lee Foul Turnover (P1.T2),,,5.0,201584,Courtney Lee,1610612763.0,Memphis,Grizzlies,MEM,0,0,,,,,,1,0,,,,,
0021500503,79,2,1,1,9:31 PM,2:39,MISS Hayward 24' 3PT Jump Shot,,,,,4.0,202330,Gordon Hayward,1610612762.0,Utah,Jazz,UTA,0,0,,,,,,0,0,,,,,
0021500503,80,4,0,1,9:31 PM,2:38,,,Green REBOUND (Off:0 Def:1),,,5.0,201145,Jeff Green,1610612763.0,Memphis,Grizzlies,MEM,0,0,,,,,,0,0,,,,,
0021500503,81,2,86,1,9:31 PM,2:27,,,MISS Gasol 10' Turnaround Fadeaway Shot,,,5.0,201188,Marc Gasol,1610612763.0,Memphis,Grizzlies,MEM,0,0,,,,,,0,0,,,,,
0021500503,82,4,0,1,9:31 PM,2:27,Pleiss REBOUND (Off:0 Def:2),,,,,4.0,202353,Tibor Pleiss,1610612762.0,Utah,Jazz,UTA,0,0,,,,,,0,0,,,,,
0021500503,83,1,1,1,9:31 PM,2:10,Pleiss 21' Jump Shot (2 PTS) (Johnson 1 AST),,,17 - 22,5,4.0,202353,Tibor Pleiss,1610612762.0,Utah,Jazz,UTA,4,203187,Chris Johnson,1610612762.0,Utah,Jazz,UTA,0,0,,,,,
0021500503,84,1,1,1,9:31 PM,1:51,,,Chalmers 25' 3PT Jump Shot (3 PTS) (Randolph 1 AST),20 - 22,2,5.0,201596,Mario Chalmers,1610612763.0,Memphis,Grizzlies,MEM,5,2216,Zach Randolph,1610612763.0,Memphis,Grizzlies,MEM,0,0,,,,,
0021500503,85,2,1,1,9:32 PM,1:28,MISS Hayward 15' Jump Shot,,,,,4.0,202330,Gordon Hayward,1610612762.0,Utah,Jazz,UTA,0,0,,,,,,0,0,,,,,
0021500503,86,4,0,1,9:32 PM,1:28,,,Gasol REBOUND (Off:0 Def:3),,,5.0,201188,Marc Gasol,1610612763.0,Memphis,Grizzlies,MEM,0,0,,,,,,0,0,,,,,
0021500503,87,2,1,1,9:32 PM,1:16,,,MISS Randolph 18' Jump Shot,,,5.0,2216,Zach Randolph,1610612763.0,Memphis,Grizzlies,MEM,0,0,,,,,,0,0,,,,,
0021500503,88,4,0,1,9:32 PM,1:16,Hayward REBOUND (Off:0 Def:2),,,,,4.0,202330,Gordon Hayward,1610612762.0,Utah,Jazz,UTA,0,0,,,,,,0,0,,,,,
0021500503,89,6,1,1,9:32 PM,1:11,,,Chalmers P.FOUL (P1.T4) (S.Wright),,,5.0,201596,Mario Chalmers,1610612763.0,Memphis,Grizzlies,MEM,4,202330,Gordon Hayward,1610612762.0,Utah,Jazz,UTA,1,0,,,,,
0021500503,90,8,0,1,9:32 PM,1:11,,,SUB: Hollins FOR Gasol,,,5.0,201188,Marc Gasol,1610612763.0,Memphis,Grizzlies,MEM,5,200797,Ryan Hollins,1610612763.0,Memphis,Grizzlies,MEM,0,0,,,,,
0021500503,91,8,0,1,9:32 PM,1:11,,,SUB: Carter FOR Green,,,5.0,201145,Jeff Green,1610612763.0,Memphis,Grizzlies,MEM,5,1713,Vince Carter,1610612763.0,Memphis,Grizzlies,MEM,0,0,,,,,
0021500503,92,2,1,1,9:33 PM,1:02,MISS Burke 20' Jump Shot,,,,,4.0,203504,Trey Burke,1610612762.0,Utah,Jazz,UTA,0,0,,,,,,0,0,,,,,
0021500503,93,4,0,1,9:33 PM,1:01,Pleiss REBOUND (Off:1 Def:2),,,,,4.0,202353,Tibor Pleiss,1610612762.0,Utah,Jazz,UTA,0,0,,,,,,0,0,,,,,
0021500503,94,1,1,1,9:33 PM,0:55,Johnson 25' 3PT Jump Shot (3 PTS) (Pleiss 1 AST),,,20 - 25,5,4.0,203187,Chris Johnson,1610612762.0,Utah,Jazz,UTA,4,202353,Tibor Pleiss,1610612762.0,Utah,Jazz,UTA,0,0,,,,,
0021500503,95,1,1,1,9:33 PM,0:39,,,Chalmers 24' 3PT Jump Shot (6 PTS) (Carter 1 AST),23 - 25,2,5.0,201596,Mario Chalmers,1610612763.0,Memphis,Grizzlies,MEM,5,1713,Vince Carter,1610612763.0,Memphis,Grizzlies,MEM,0,0,,,,,
0021500503,96,1,42,1,9:34 PM,0:23,Burke 2' Driving Layup (2 PTS),,,23 - 27,4,4.0,203504,Trey Burke,1610612762.0,Utah,Jazz,UTA,0,0,,,,,,0,0,,,,,
0021500503,97,6,2,1,9:34 PM,0:23,,,Chalmers S.FOUL (P2.PN) (S.Twardoski),,,5.0,201596,Mario Chalmers,1610612763.0,Memphis,Grizzlies,MEM,4,203504,Trey Burke,1610612762.0,Utah,Jazz,UTA,1,0,,,,,
0021500503,98,3,10,1,9:34 PM,0:23,Burke Free Throw 1 of 1 (3 PTS),,,23 - 28,5,4.0,203504,Trey Burke,1610612762.0,Utah,Jazz,UTA,0,0,,,,,,0,0,,,,,
0021500503,100,1,79,1,9:34 PM,0:01,,,Chalmers 23' Pullup Jump Shot (8 PTS),25 - 28,3,5.0,201596,Mario Chalmers,1610612763.0,Memphis,Grizzlies,MEM,0,0,,,,,,0,0,,,,,
0021500503,101,13,0,1,9:35 PM,0:00,,,,25 - 28,3,0.0,0,,,,,,0,0,,,,,,0,0,,,,,
0021500503,103,12,0,2,9:38 PM,12:00,,,,25 - 28,3,0.0,0,,,,,,0,0,,,,,,0,0,,,,,
0021500503,104,6,1,2,9:38 PM,11:50,Pleiss P.FOUL (P1.T1) (S.Wright),,,,,4.0,202353,Tibor Pleiss,1610612762.0,Utah,Jazz,UTA,5,201596,Mario Chalmers,1610612763.0,Memphis,Grizzlies,MEM,1,0,,,,,
0021500503,105,2,47,2,9:38 PM,11:37,,,MISS Randolph 11' Turnaround Jump Shot,,,5.0,2216,Zach Randolph,1610612763.0,Memphis,Grizzlies,MEM,0,0,,,,,,0,0,,,,,
0021500503,106,4,0,2,9:38 PM,11:36,,,Hollins REBOUND (Off:1 Def:0),,,5.0,200797,Ryan Hollins,1610612763.0,Memphis,Grizzlies,MEM,0,0,,,,,,0,0,,,,,
0021500503,107,5,11,2,9:38 PM,11:36,,,Grizzlies Turnover: Shot Clock (T#3),,,3.0,1610612763,,,,,,0,0,,,,,,1,0,,,,,
0021500503,108,2,1,2,9:39 PM,11:19,MISS Ingles  3PT Jump Shot,,,,,4.0,204060,Joe Ingles,1610612762.0,Utah,Jazz,UTA,0,0,,,,,,0,0,,,,,
0021500503,109,4,0,2,9:39 PM,11:19,Booker REBOUND (Off:2 Def:0),,,,,4.0,202344,Trevor Booker,1610612762.0,Utah,Jazz,UTA,0,0,,,,,,0,0,,,,,
0021500503,110,1,43,2,9:39 PM,11:12,Pleiss 2' Alley Oop Layup (4 PTS) (Burke 1 AST),,,25 - 30,5,4.0,202353,Tibor Pleiss,1610612762.0,Utah,Jazz,UTA,4,203504,Trey Burke,1610612762.0,Utah,Jazz,UTA,0,0,,,,,
0021500503,111,5,1,2,9:39 PM,11:00,Burke STEAL (1 STL),,Chalmers Bad Pass Turnover (P1.T4),,,5.0,201596,Mario Chalmers,1610612763.0,Memphis,Grizzlies,MEM,4,203504,Trey Burke,1610612762.0,Utah,Jazz,UTA,0,0,,,,,
0021500503,112,6,2,2,9:39 PM,10:56,,,Carter S.FOUL (P1.T1) (J.Tiven),,,5.0,1713,Vince Carter,1610612763.0,Memphis,Grizzlies,MEM,4,203504,Trey Burke,1610612762.0,Utah,Jazz,UTA,1,0,,,,,
0021500503,113,3,11,2,9:40 PM,10:56,MISS Burke Free Throw 1 of 2,,,,,4.0,203504,Trey Burke,1610612762.0,Utah,Jazz,UTA,0,0,,,,,,0,0,,,,,
0021500503,114,4,1,2,9:40 PM,10:56,JAZZ Rebound,,,,,2.0,1610612762,,,,,,0,0,,,,,,0,0,,,,,
0021500503,115,8,0,2,9:40 PM,10:56,,,SUB: Green FOR Randolph,,,5.0,2216,Zach Randolph,1610612763.0,Memphis,Grizzlies,MEM,5,203210,JaMychal Green,1610612763.0,Memphis,Grizzlies,MEM,0,0,,,,,
0021500503,116,3,12,2,9:40 PM,10:56,Burke Free Throw 2 of 2 (4 PTS),,,25 - 31,6,4.0,203504,Trey Burke,1610612762.0,Utah,Jazz,UTA,0,0,,,,,,0,0,,,,,
0021500503,118,5,41,2,9:40 PM,10:45,,,Chalmers Poss Lost Ball Turnover (P2.T5),,,5.0,201596,Mario Chalmers,1610612763.0,Memphis,Grizzlies,MEM,0,0,,,,,,0,0,,,,,
0021500503,119,9,1,2,9:40 PM,10:45,,,Grizzlies Timeout: Regular (Reg.2 Short 0),,,3.0,1610612763,,,,,,0,0,,,,,,0,0,,,,,
0021500503,122,7,5,2,9:44 PM,10:27,,,Carter Violation:Kicked Ball (.),,,5.0,1713,Vince Carter,1610612763.0,Memphis,Grizzlies,MEM,0,0,,,,,,0,0,,,,,
0021500503,123,2,78,2,9:44 PM,10:21,MISS Burke 18' Floating Jump Shot,,,,,4.0,203504,Trey Burke,1610612762.0,Utah,Jazz,UTA,0,0,,,,,,0,0,,,,,
0021500503,124,4,0,2,9:44 PM,10:21,,,Carter REBOUND (Off:0 Def:1),,,5.0,1713,Vince Carter,1610612763.0,Memphis,Grizzlies,MEM,0,0,,,,,,0,0,,,,,
0021500503,125,2,1,2,9:44 PM,10:06,,,MISS Lee 16' Jump Shot,,,5.0,201584,Courtney Lee,1610612763.0,Memphis,Grizzlies,MEM,0,0,,,,,,0,0,,,,,
0021500503,126,4,0,2,9:44 PM,10:03,,,Grizzlies Rebound,,,3.0,1610612763,,,,,,0,0,,,,,,0,0,,,,,
0021500503,127,6,1,2,9:44 PM,10:03,Pleiss P.FOUL (P2.T2) (S.Wright),,,,,4.0,202353,Tibor Pleiss,1610612762.0,Utah,Jazz,UTA,5,200797,Ryan Hollins,1610612763.0,Memphis,Grizzlies,MEM,1,0,,,,,
0021500503,128,8,0,2,9:45 PM,10:03,SUB: Withey FOR Pleiss,,,,,4.0,202353,Tibor Pleiss,1610612762.0,Utah,Jazz,UTA,4,203481,Jeff Withey,1610612762.0,Utah,Jazz,UTA,0,0,,,,,
0021500503,129,2,1,2,9:45 PM,9:55,,,MISS Carter 24' 3PT Jump Shot,,,5.0,1713,Vince Carter,1610612763.0,Memphis,Grizzlies,MEM,0,0,,,,,,0,0,,,,,
0021500503,130,4,0,2,9:45 PM,9:55,Withey REBOUND (Off:0 Def:2),,,,,4.0,203481,Jeff Withey,1610612762.0,Utah,Jazz,UTA,0,0,,,,,,0,0,,,,,
0021500503,131,2,66,2,9:45 PM,9:32,MISS Booker 3' Jump Bank Shot,,,,,4.0,202344,Trevor Booker,1610612762.0,Utah,Jazz,UTA,0,0,,,,,,0,0,,,,,
0021500503,133,4,0,2,9:45 PM,9:30,Withey REBOUND (Off:1 Def:2),,,,,4.0,203481,Jeff Withey,1610612762.0,Utah,Jazz,UTA,0,0,,,,,,0,0,,,,,
0021500503,132,1,3,2,9:45 PM,9:30,Withey 2' Hook Shot (2 PTS),,,25 - 33,8,4.0,203481,Jeff Withey,1610612762.0,Utah,Jazz,UTA,0,0,,,,,,0,0,,,,,
0021500503,134,2,3,2,9:46 PM,9:09,,,MISS Hollins 5' Hook Shot,,,5.0,200797,Ryan Hollins,1610612763.0,Memphis,Grizzlies,MEM,0,0,,,,,,0,0,,,,,
0021500503,135,4,0,2,9:46 PM,9:09,Hood REBOUND (Off:1 Def:2),,,,,4.0,203918,Rodney Hood,1610612762.0,Utah,Jazz,UTA,0,0,,,,,,0,0,,,,,
0021500503,136,6,2,2,9:46 PM,9:01,,,Green S.FOUL (P1.T2) (J.Tiven),,,5.0,203210,JaMychal Green,1610612763.0,Memphis,Grizzlies,MEM,4,203481,Jeff Withey,1610612762.0,Utah,Jazz,UTA,1,0,,,,,
0021500503,137,3,11,2,9:46 PM,9:01,Withey Free Throw 1 of 2 (3 PTS),,,25 - 34,9,4.0,203481,Jeff Withey,1610612762.0,Utah,Jazz,UTA,0,0,,,,,,0,0,,,,,
0021500503,139,8,0,2,9:46 PM,9:01,,,SUB: Gasol FOR Hollins,,,5.0,200797,Ryan Hollins,1610612763.0,Memphis,Grizzlies,MEM,5,201188,Marc Gasol,1610612763.0,Memphis,Grizzlies,MEM,0,0,,,,,
0021500503,140,8,0,2,9:46 PM,9:01,,,SUB: Allen FOR Lee,,,5.0,201584,Courtney Lee,1610612763.0,Memphis,Grizzlies,MEM,5,2754,Tony Allen,1610612763.0,Memphis,Grizzlies,MEM,0,0,,,,,
0021500503,141,8,0,2,9:46 PM,9:01,,,SUB: Conley FOR Chalmers,,,5.0,201596,Mario Chalmers,1610612763.0,Memphis,Grizzlies,MEM,5,201144,Mike Conley,1610612763.0,Memphis,Grizzlies,MEM,0,0,,,,,
0021500503,142,3,12,2,9:46 PM,9:01,Withey Free Throw 2 of 2 (4 PTS),,,25 - 35,10,4.0,203481,Jeff Withey,1610612762.0,Utah,Jazz,UTA,0,0,,,,,,0,0,,,,,
0021500503,144,1,42,2,9:47 PM,8:44,,,Allen 2' Driving Layup (7 PTS),27 - 35,8,5.0,2754,Tony Allen,1610612763.0,Memphis,Grizzlies,MEM,0,0,,,,,,0,0,,,,,
0021500503,145,7,1,2,9:47 PM,8:44,,,Grizzlies Violation: Delay of game Violation,,,3.0,1610612763,,,,,,0,0,,,,,,1,0,,,,,
0021500503,146,2,1,2,9:47 PM,8:33,MISS Burke 22' Jump Shot,,,,,4.0,203504,Trey Burke,1610612762.0,Utah,Jazz,UTA,0,0,,,,,,0,0,,,,,
0021500503,147,4,0,2,9:47 PM,8:32,,,Allen REBOUND (Off:0 Def:2),,,5.0,2754,Tony Allen,1610612763.0,Memphis,Grizzlies,MEM,0,0,,,,,,0,0,,,,,
0021500503,149,2,47,2,9:48 PM,8:16,Withey BLOCK (1 BLK),,MISS Allen 5' Turnaround Jump Shot,,,5.0,2754,Tony Allen,1610612763.0,Memphis,Grizzlies,MEM,0,0,,,,,,4,203481,Jeff Withey,1610612762.0,Utah,Jazz,UTA
0021500503,150,4,0,2,9:48 PM,8:15,Burke REBOUND (Off:0 Def:1),,,,,4.0,203504,Trey Burke,1610612762.0,Utah,Jazz,UTA,0,0,,,,,,0,0,,,,,
0021500503,151,2,41,2,9:48 PM,8:10,MISS Burke 2' Running Layup,,,,,4.0,203504,Trey Burke,1610612762.0,Utah,Jazz,UTA,0,0,,,,,,0,0,,,,,
0021500503,152,4,0,2,9:48 PM,8:10,,,Allen REBOUND (Off:0 Def:3),,,5.0,2754,Tony Allen,1610612763.0,Memphis,Grizzlies,MEM,0,0,,,,,,0,0,,,,,
0021500503,153,6,1,2,9:48 PM,8:07,Ingles P.FOUL (P1.T3) (J.Tiven),,,,,4.0,204060,Joe Ingles,1610612762.0,Utah,Jazz,UTA,5,2754,Tony Allen,1610612763.0,Memphis,Grizzlies,MEM,1,0,,,,,
0021500503,154,8,0,2,9:49 PM,8:07,SUB: Lyles FOR Booker,,,,,4.0,202344,Trevor Booker,1610612762.0,Utah,Jazz,UTA,4,1626168,Trey Lyles,1610612762.0,Utah,Jazz,UTA,0,0,,,,,
0021500503,155,1,5,2,9:49 PM,8:00,,,Gasol 2' Layup (2 PTS),29 - 35,6,5.0,201188,Marc Gasol,1610612763.0,Memphis,Grizzlies,MEM,0,0,,,,,,0,0,,,,,
0021500503,156,6,2,2,9:49 PM,8:00,Withey S.FOUL (P2.T4) (S.Twardoski),,,,,4.0,203481,Jeff Withey,1610612762.0,Utah,Jazz,UTA,5,201188,Marc Gasol,1610612763.0,Memphis,Grizzlies,MEM,1,0,,,,,
0021500503,157,3,10,2,9:49 PM,8:00,,,Gasol Free Throw 1 of 1 (3 PTS),30 - 35,5,5.0,201188,Marc Gasol,1610612763.0,Memphis,Grizzlies,MEM,0,0,,,,,,0,0,,,,,
0021500503,159,6,2,2,9:50 PM,7:42,,,Allen S.FOUL (P2.T3) (J.Tiven),,,5.0,2754,Tony Allen,1610612763.0,Memphis,Grizzlies,MEM,4,203918,Rodney Hood,1610612762.0,Utah,Jazz,UTA,1,0,,,,,
0021500503,162,3,11,2,9:51 PM,7:42,Hood Free Throw 1 of 2 (11 PTS),,,30 - 36,6,4.0,203918,Rodney Hood,1610612762.0,Utah,Jazz,UTA,0,0,,,,,,0,0,,,,,
0021500503,164,3,12,2,9:51 PM,7:42,Hood Free Throw 2 of 2 (12 PTS),,,30 - 37,7,4.0,203918,Rodney Hood,1610612762.0,Utah,Jazz,UTA,0,0,,,,,,0,0,,,,,
0021500503,166,2,42,2,9:52 PM,7:31,,,MISS Gasol 3' Driving Layup,,,5.0,201188,Marc Gasol,1610612763.0,Memphis,Grizzlies,MEM,0,0,,,,,,0,0,,,,,
0021500503,167,4,0,2,9:52 PM,7:31,JAZZ Rebound,,,,,2.0,1610612762,,,,,,0,0,,,,,,0,0,,,,,
0021500503,168,1,98,2,9:52 PM,7:10,Withey 1' Cutting Layup Shot (6 PTS) (Ingles 1 AST),,,30 - 39,9,4.0,203481,Jeff Withey,1610612762.0,Utah,Jazz,UTA,4,204060,Joe Ingles,1610612762.0,Utah,Jazz,UTA,0,0,,,,,
0021500503,169,2,80,2,9:53 PM,6:46,,,MISS Conley 17' Step Back Jump Shot,,,5.0,201144,Mike Conley,1610612763.0,Memphis,Grizzlies,MEM,0,0,,,,,,0,0,,,,,
0021500503,170,4,0,2,9:53 PM,6:44,Lyles REBOUND (Off:0 Def:2),,,,,4.0,1626168,Trey Lyles,1610612762.0,Utah,Jazz,UTA,0,0,,,,,,0,0,,,,,
0021500503,171,2,1,2,9:53 PM,6:28,MISS Hood 25' 3PT Jump Shot,,,,,4.0,203918,Rodney Hood,1610612762.0,Utah,Jazz,UTA,0,0,,,,,,0,0,,,,,
0021500503,172,4,0,2,9:53 PM,6:28,,,Green REBOUND (Off:0 Def:1),,,5.0,203210,JaMychal Green,1610612763.0,Memphis,Grizzlies,MEM,0,0,,,,,,0,0,,,,,
0021500503,173,1,42,2,9:53 PM,6:19,,,Conley 2' Driving Layup (5 PTS),32 - 39,7,5.0,201144,Mike Conley,1610612763.0,Memphis,Grizzlies,MEM,0,0,,,,,,0,0,,,,,
0021500503,174,5,8,2,9:54 PM,6:03,Withey 3 Second Violation Turnover (P1.T4),,,,,4.0,203481,Jeff Withey,1610612762.0,Utah,Jazz,UTA,0,0,,,,,,1,0,,,,,
0021500503,175,8,0,2,9:54 PM,6:03,SUB: Pleiss FOR Withey,,,,,4.0,203481,Jeff Withey,1610612762.0,Utah,Jazz,UTA,4,202353,Tibor Pleiss,1610612762.0,Utah,Jazz,UTA,0,0,,,,,
0021500503,176,8,0,2,9:54 PM,6:03,SUB: Neto FOR Burke,,,,,4.0,203504,Trey Burke,1610612762.0,Utah,Jazz,UTA,4,203526,Raul Neto,1610612762.0,Utah,Jazz,UTA,0,0,,,,,
0021500503,177,8,0,2,9:54 PM,6:03,SUB: Hayward FOR Ingles,,,,,4.0,204060,Joe Ingles,1610612762.0,Utah,Jazz,UTA,4,202330,Gordon Hayward,1610612762.0,Utah,Jazz,UTA,0,0,,,,,
0021500503,178,8,0,2,9:54 PM,6:03,,,SUB: Green FOR Carter,,,5.0,1713,Vince Carter,1610612763.0,Memphis,Grizzlies,MEM,5,201145,Jeff Green,1610612763.0,Memphis,Grizzlies,MEM,0,0,,,,,
0021500503,179,6,2,2,9:54 PM,5:52,Hood S.FOUL (P1.PN) (S.Wright),,,,,4.0,203918,Rodney Hood,1610612762.0,Utah,Jazz,UTA,5,2754,Tony Allen,1610612763.0,Memphis,Grizzlies,MEM,1,0,,,,,
0021500503,180,9,1,2,9:54 PM,5:52,,,,,,1.0,0,,,,,,0,0,,,,,,0,0,,,,,
0021500503,182,3,11,2,9:57 PM,5:52,,,MISS Allen Free Throw 1 of 2,,,5.0,2754,Tony Allen,1610612763.0,Memphis,Grizzlies,MEM,0,0,,,,,,0,0,,,,,
0021500503,183,4,1,2,9:57 PM,5:52,,,Grizzlies Rebound,,,3.0,1610612763,,,,,,0,0,,,,,,0,0,,,,,
0021500503,184,3,12,2,9:57 PM,5:52,,,Allen Free Throw 2 of 2 (8 PTS),33 - 39,6,5.0,2754,Tony Allen,1610612763.0,Memphis,Grizzlies,MEM,0,0,,,,,,0,0,,,,,
0021500503,186,1,1,2,9:57 PM,5:35,Hood  3PT Jump Shot (15 PTS) (Hayward 2 AST),,,33 - 42,9,4.0,203918,Rodney Hood,1610612762.0,Utah,Jazz,UTA,4,202330,Gordon Hayward,1610612762.0,Utah,Jazz,UTA,0,0,,,,,
0021500503,187,5,39,2,9:58 PM,5:17,,,Green Step Out of Bounds Turnover (P1.T6),,,5.0,201145,Jeff Green,1610612763.0,Memphis,Grizzlies,MEM,0,0,,,,,,0,0,,,,,
0021500503,188,6,4,2,9:58 PM,5:06,Pleiss OFF.Foul (P3) (J.Tiven),,,,,4.0,202353,Tibor Pleiss,1610612762.0,Utah,Jazz,UTA,5,201144,Mike Conley,1610612763.0,Memphis,Grizzlies,MEM,1,0,,,,,
0021500503,189,5,5,2,9:58 PM,5:06,Pleiss Foul Turnover (P1.T5),,,,,4.0,202353,Tibor Pleiss,1610612762.0,Utah,Jazz,UTA,0,0,,,,,,1,0,,,,,
0021500503,190,8,0,2,9:58 PM,5:06,SUB: Johnson FOR Hood,,,,,4.0,203918,Rodney Hood,1610612762.0,Utah,Jazz,UTA,4,203187,Chris Johnson,1610612762.0,Utah,Jazz,UTA,0,0,,,,,
0021500503,191,8,0,2,9:59 PM,5:06,,,SUB: Randolph FOR Green,,,5.0,203210,JaMychal Green,1610612763.0,Memphis,Grizzlies,MEM,5,2216,Zach Randolph,1610612763.0,Memphis,Grizzlies,MEM,0,0,,,,,
0021500503,192,8,0,2,9:59 PM,5:06,SUB: Withey FOR Pleiss,,,,,4.0,202353,Tibor Pleiss,1610612762.0,Utah,Jazz,UTA,4,203481,Jeff Withey,1610612762.0,Utah,Jazz,UTA,0,0,,,,,
0021500503,193,8,0,2,9:59 PM,5:06,SUB: Booker FOR Lyles,,,,,4.0,1626168,Trey Lyles,1610612762.0,Utah,Jazz,UTA,4,202344,Trevor Booker,1610612762.0,Utah,Jazz,UTA,0,0,,,,,
0021500503,194,1,5,2,9:59 PM,4:46,,,Gasol 2' Layup (5 PTS) (Allen 2 AST),35 - 42,7,5.0,201188,Marc Gasol,1610612763.0,Memphis,Grizzlies,MEM,5,2754,Tony Allen,1610612763.0,Memphis,Grizzlies,MEM,0,0,,,,,
0021500503,195,2,1,2,10:00 PM,4:23,MISS Withey 4' Jump Shot,,,,,4.0,203481,Jeff Withey,1610612762.0,Utah,Jazz,UTA,0,0,,,,,,0,0,,,,,
0021500503,196,4,0,2,10:00 PM,4:22,,,Randolph REBOUND (Off:1 Def:1),,,5.0,2216,Zach Randolph,1610612763.0,Memphis,Grizzlies,MEM,0,0,,,,,,0,0,,,,,
0021500503,197,6,2,2,10:00 PM,4:17,Johnson S.FOUL (P1.PN) (J.Tiven),,,,,4.0,203187,Chris Johnson,1610612762.0,Utah,Jazz,UTA,5,2216,Zach Randolph,1610612763.0,Memphis,Grizzlies,MEM,1,0,,,,,
0021500503,198,3,11,2,10:00 PM,4:17,,,MISS Randolph Free Throw 1 of 2,,,5.0,2216,Zach Randolph,1610612763.0,Memphis,Grizzlies,MEM,0,0,,,,,,0,0,,,,,
0021500503,199,4,1,2,10:00 PM,4:17,,,Grizzlies Rebound,,,3.0,1610612763,,,,,,0,0,,,,,,0,0,,,,,
0021500503,200,3,12,2,10:00 PM,4:17,,,MISS Randolph Free Throw 2 of 2,,,5.0,2216,Zach Randolph,1610612763.0,Memphis,Grizzlies,MEM,0,0,,,,,,0,0,,,,,
0021500503,202,4,0,2,10:00 PM,4:16,Booker REBOUND (Off:2 Def:1),,,,,4.0,202344,Trevor Booker,1610612762.0,Utah,Jazz,UTA,0,0,,,,,,0,0,,,,,
0021500503,203,6,1,2,10:01 PM,4:04,,,Green P.FOUL (P2.T4) (S.Wright),,,5.0,201145,Jeff Green,1610612763.0,Memphis,Grizzlies,MEM,4,202330,Gordon Hayward,1610612762.0,Utah,Jazz,UTA,1,0,,,,,
0021500503,204,2,79,2,10:01 PM,3:51,MISS Johnson 14' Pullup Jump Shot,,,,,4.0,203187,Chris Johnson,1610612762.0,Utah,Jazz,UTA,0,0,,,,,,0,0,,,,,
0021500503,205,4,0,2,10:01 PM,3:51,,,Randolph REBOUND (Off:1 Def:2),,,5.0,2216,Zach Randolph,1610612763.0,Memphis,Grizzlies,MEM,0,0,,,,,,0,0,,,,,
0021500503,206,6,2,2,10:01 PM,3:43,Neto S.FOUL (P1.PN) (J.Tiven),,,,,4.0,203526,Raul Neto,1610612762.0,Utah,Jazz,UTA,5,201144,Mike Conley,1610612763.0,Memphis,Grizzlies,MEM,1,0,,,,,
0021500503,207,3,11,2,10:02 PM,3:43,,,MISS Conley Free Throw 1 of 2,,,5.0,201144,Mike Conley,1610612763.0,Memphis,Grizzlies,MEM,0,0,,,,,,0,0,,,,,
0021500503,208,4,1,2,10:02 PM,3:43,,,Grizzlies Rebound,,,3.0,1610612763,,,,,,0,0,,,,,,0,0,,,,,
0021500503,209,8,0,2,10:02 PM,3:43,SUB: Hood FOR Johnson,,,,,4.0,203187,Chris Johnson,1610612762.0,Utah,Jazz,UTA,4,203918,Rodney Hood,1610612762.0,Utah,Jazz,UTA,0,0,,,,,
0021500503,210,8,0,2,10:02 PM,3:43,SUB: Burke FOR Neto,,,,,4.0,203526,Raul Neto,1610612762.0,Utah,Jazz,UTA,4,203504,Trey Burke,1610612762.0,Utah,Jazz,UTA,0,0,,,,,
0021500503,211,3,12,2,10:02 PM,3:43,,,Conley Free Throw 2 of 2 (6 PTS),36 - 42,6,5.0,201144,Mike Conley,1610612763.0,Memphis,Grizzlies,MEM,0,0,,,,,,0,0,,,,,
0021500503,213,2,5,2,10:03 PM,3:24,MISS Withey 2' Layup,,Gasol BLOCK (1 BLK),,,4.0,203481,Jeff Withey,1610612762.0,Utah,Jazz,UTA,0,0,,,,,,5,201188,Marc Gasol,1610612763.0,Memphis,Grizzlies,MEM
0021500503,214,4,0,2,10:03 PM,3:22,,,Randolph REBOUND (Off:1 Def:3),,,5.0,2216,Zach Randolph,1610612763.0,Memphis,Grizzlies,MEM,0,0,,,,,,0,0,,,,,
0021500503,215,5,1,2,10:03 PM,3:11,Withey STEAL (1 STL),,Gasol Bad Pass Turnover (P2.T7),,,5.0,201188,Marc Gasol,1610612763.0,Memphis,Grizzlies,MEM,4,203481,Jeff Withey,1610612762.0,Utah,Jazz,UTA,0,0,,,,,
0021500503,216,1,80,2,10:03 PM,3:05,Hayward 15' Step Back Jump Shot (8 PTS),,,36 - 44,8,4.0,202330,Gordon Hayward,1610612762.0,Utah,Jazz,UTA,0,0,,,,,,0,0,,,,,
0021500503,217,6,17,2,10:03 PM,2:53,JAZZ T.Foul (Def. 3 Sec Hood ) (S.Twardoski),,,,,4.0,203918,Rodney Hood,1610612762.0,Utah,Jazz,UTA,0,0,,,,,,1,0,,,,,
0021500503,218,9,1,2,10:03 PM,2:53,JAZZ Timeout: Regular (Full 2 Short 0),,,,,2.0,1610612762,,,,,,0,0,,,,,,0,0,,,,,
0021500503,220,3,16,2,10:06 PM,2:53,,,MISS Conley Free Throw Technical,,,5.0,201144,Mike Conley,1610612763.0,Memphis,Grizzlies,MEM,0,0,,,,,,0,0,,,,,
0021500503,221,4,1,2,10:06 PM,2:53,,,Grizzlies Rebound,,,3.0,1610612763,,,,,,0,0,,,,,,0,0,,,,,
0021500503,222,1,58,2,10:06 PM,2:41,,,Gasol 5' Turnaround Hook Shot (7 PTS),38 - 44,6,5.0,201188,Marc Gasol,1610612763.0,Memphis,Grizzlies,MEM,0,0,,,,,,0,0,,,,,
0021500503,223,2,1,2,10:07 PM,2:25,MISS Burke 24' 3PT Jump Shot,,,,,4.0,203504,Trey Burke,1610612762.0,Utah,Jazz,UTA,0,0,,,,,,0,0,,,,,
0021500503,224,4,0,2,10:07 PM,2:24,,,Allen REBOUND (Off:0 Def:4),,,5.0,2754,Tony Allen,1610612763.0,Memphis,Grizzlies,MEM,0,0,,,,,,0,0,,,,,
0021500503,226,5,41,2,10:07 PM,2:08,,,Randolph Poss Lost Ball Turnover (P1.T8),,,5.0,2216,Zach Randolph,1610612763.0,Memphis,Grizzlies,MEM,0,0,,,,,,0,0,,,,,
0021500503,227,6,4,2,10:08 PM,1:49,Withey OFF.Foul (P3) (J.Tiven),,,,,4.0,203481,Jeff Withey,1610612762.0,Utah,Jazz,UTA,5,201144,Mike Conley,1610612763.0,Memphis,Grizzlies,MEM,1,0,,,,,
0021500503,228,5,5,2,10:08 PM,1:49,Withey Foul Turnover (P2.T6),,,,,4.0,203481,Jeff Withey,1610612762.0,Utah,Jazz,UTA,0,0,,,,,,1,0,,,,,
0021500503,229,8,0,2,10:08 PM,1:49,SUB: Lyles FOR Withey,,,,,4.0,203481,Jeff Withey,1610612762.0,Utah,Jazz,UTA,4,1626168,Trey Lyles,1610612762.0,Utah,Jazz,UTA,0,0,,,,,
0021500503,230,1,82,2,10:08 PM,1:32,,,Randolph 5' Driving Bank Shot (4 PTS),40 - 44,4,5.0,2216,Zach Randolph,1610612763.0,Memphis,Grizzlies,MEM,0,0,,,,,,0,0,,,,,
0021500503,231,5,1,2,10:08 PM,1:20,Hood Bad Pass Turnover (P1.T7),,Conley STEAL (1 STL),,,4.0,203918,Rodney Hood,1610612762.0,Utah,Jazz,UTA,5,201144,Mike Conley,1610612763.0,Memphis,Grizzlies,MEM,0,0,,,,,
0021500503,232,1,1,2,10:09 PM,1:08,,,Gasol 17' Jump Shot (9 PTS) (Conley 2 AST),42 - 44,2,5.0,201188,Marc Gasol,1610612763.0,Memphis,Grizzlies,MEM,5,201144,Mike Conley,1610612763.0,Memphis,Grizzlies,MEM,0,0,,,,,
0021500503,233,5,2,2,10:09 PM,0:50,Hayward Lost Ball Turnover (P1.T8),,Randolph STEAL (1 STL),,,4.0,202330,Gordon Hayward,1610612762.0,Utah,Jazz,UTA,5,2216,Zach Randolph,1610612763.0,Memphis,Grizzlies,MEM,0,0,,,,,
0021500503,234,1,46,2,10:09 PM,0:44,,,Conley 25' 3PT Running Jump Shot (9 PTS) (Randolph 2 AST),45 - 44,-1,5.0,201144,Mike Conley,1610612763.0,Memphis,Grizzlies,MEM,5,2216,Zach Randolph,1610612763.0,Memphis,Grizzlies,MEM,0,0,,,,,
0021500503,235,9,2,2,10:09 PM,0:44,JAZZ Timeout: Short (Full 2 Short 1),,,,,2.0,1610612762,,,,,,0,0,,,,,,0,0,,,,,
0021500503,237,1,63,2,10:11 PM,0:26,Lyles 9' Fadeaway Jumper (4 PTS),,,45 - 46,1,4.0,1626168,Trey Lyles,1610612762.0,Utah,Jazz,UTA,0,0,,,,,,0,0,,,,,
0021500503,238,2,1,2,10:11 PM,0:07,,,MISS Conley 24' 3PT Jump Shot,,,5.0,201144,Mike Conley,1610612763.0,Memphis,Grizzlies,MEM,0,0,,,,,,0,0,,,,,
0021500503,239,4,0,2,10:11 PM,0:07,Booker REBOUND (Off:2 Def:2),,,,,4.0,202344,Trevor Booker,1610612762.0,Utah,Jazz,UTA,0,0,,,,,,0,0,,,,,
0021500503,240,2,1,2,10:11 PM,0:00,MISS Hood 25' 3PT Jump Shot,,,,,4.0,203918,Rodney Hood,1610612762.0,Utah,Jazz,UTA,0,0,,,,,,0,0,,,,,
0021500503,242,4,0,2,10:11 PM,0:00,JAZZ Rebound,,,,,2.0,1610612762,,,,,,0,0,,,,,,0,0,,,,,
0021500503,243,13,0,2,10:11 PM,0:00,,,,45 - 46,1,0.0,0,,,,,,0,0,,,,,,0,0,,,,,
0021500503,245,12,0,3,10:27 PM,12:00,,,,45 - 46,1,0.0,0,,,,,,0,0,,,,,,0,0,,,,,
0021500503,247,1,1,3,10:28 PM,11:38,,,Conley 24' 3PT Jump Shot (12 PTS) (Gasol 3 AST),48 - 46,-2,5.0,201144,Mike Conley,1610612763.0,Memphis,Grizzlies,MEM,5,201188,Marc Gasol,1610612763.0,Memphis,Grizzlies,MEM,0,0,,,,,
0021500503,248,1,5,3,10:28 PM,11:12,Withey 2' Layup (8 PTS) (Hayward 3 AST),,,48 - 48,TIE,4.0,203481,Jeff Withey,1610612762.0,Utah,Jazz,UTA,4,202330,Gordon Hayward,1610612762.0,Utah,Jazz,UTA,0,0,,,,,
0021500503,249,2,5,3,10:28 PM,10:57,,,MISS Green 3' Layup,,,5.0,201145,Jeff Green,1610612763.0,Memphis,Grizzlies,MEM,0,0,,,,,,0,0,,,,,
0021500503,250,4,0,3,10:28 PM,10:57,Withey REBOUND (Off:1 Def:3),,,,,4.0,203481,Jeff Withey,1610612762.0,Utah,Jazz,UTA,0,0,,,,,,0,0,,,,,
0021500503,251,1,79,3,10:29 PM,10:43,Hayward 13' Pullup Jump Shot (10 PTS),,,48 - 50,2,4.0,202330,Gordon Hayward,1610612762.0,Utah,Jazz,UTA,0,0,,,,,,0,0,,,,,
0021500503,252,6,17,3,10:29 PM,10:16,JAZZ T.Foul (Def. 3 Sec Withey ) (S.Twardoski),,,,,4.0,203481,Jeff Withey,1610612762.0,Utah,Jazz,UTA,0,0,,,,,,1,0,,,,,
0021500503,253,3,16,3,10:29 PM,10:16,,,Lee Free Throw Technical (6 PTS),49 - 50,1,5.0,201584,Courtney Lee,1610612763.0,Memphis,Grizzlies,MEM,0,0,,,,,,0,0,,,,,
0021500503,256,5,41,3,10:30 PM,10:06,,,Gasol Poss Lost Ball Turnover (P3.T9),,,5.0,201188,Marc Gasol,1610612763.0,Memphis,Grizzlies,MEM,0,0,,,,,,0,0,,,,,
0021500503,257,2,78,3,10:30 PM,9:53,MISS Hood 6' Floating Jump Shot,,,,,4.0,203918,Rodney Hood,1610612762.0,Utah,Jazz,UTA,0,0,,,,,,0,0,,,,,
0021500503,258,4,0,3,10:30 PM,9:53,,,Conley REBOUND (Off:0 Def:1),,,5.0,201144,Mike Conley,1610612763.0,Memphis,Grizzlies,MEM,0,0,,,,,,0,0,,,,,
0021500503,259,1,42,3,10:30 PM,9:47,,,Lee 3' Driving Layup (8 PTS),51 - 50,-1,5.0,201584,Courtney Lee,1610612763.0,Memphis,Grizzlies,MEM,0,0,,,,,,0,0,,,,,
0021500503,260,6,2,3,10:30 PM,9:47,Hood S.FOUL (P2.T1) (J.Tiven),,,,,4.0,203918,Rodney Hood,1610612762.0,Utah,Jazz,UTA,5,201584,Courtney Lee,1610612763.0,Memphis,Grizzlies,MEM,1,0,,,,,
0021500503,261,3,10,3,10:31 PM,9:47,,,MISS Lee Free Throw 1 of 1,,,5.0,201584,Courtney Lee,1610612763.0,Memphis,Grizzlies,MEM,0,0,,,,,,0,0,,,,,
0021500503,263,4,0,3,10:31 PM,9:46,Lyles REBOUND (Off:0 Def:3),,,,,4.0,1626168,Trey Lyles,1610612762.0,Utah,Jazz,UTA,0,0,,,,,,0,0,,,,,
0021500503,264,2,1,3,10:31 PM,9:26,MISS Neto 9' Jump Shot,,,,,4.0,203526,Raul Neto,1610612762.0,Utah,Jazz,UTA,0,0,,,,,,0,0,,,,,
0021500503,265,4,0,3,10:31 PM,9:26,,,Green REBOUND (Off:0 Def:2),,,5.0,201145,Jeff Green,1610612763.0,Memphis,Grizzlies,MEM,0,0,,,,,,0,0,,,,,
0021500503,266,2,1,3,10:31 PM,9:12,,,MISS Gasol 17' Jump Shot,,,5.0,201188,Marc Gasol,1610612763.0,Memphis,Grizzlies,MEM,0,0,,,,,,0,0,,,,,
0021500503,267,4,0,3,10:31 PM,9:12,Withey REBOUND (Off:1 Def:4),,,,,4.0,203481,Jeff Withey,1610612762.0,Utah,Jazz,UTA,0,0,,,,,,0,0,,,,,
0021500503,268,6,1,3,10:32 PM,9:10,,,Allen P.FOUL (P3.T1) (S.Twardoski),,,5.0,2754,Tony Allen,1610612763.0,Memphis,Grizzlies,MEM,4,203481,Jeff Withey,1610612762.0,Utah,Jazz,UTA,1,0,,,,,
0021500503,269,2,1,3,10:32 PM,8:46,MISS Neto 24' 3PT Jump Shot,,,,,4.0,203526,Raul Neto,1610612762.0,Utah,Jazz,UTA,0,0,,,,,,0,0,,,,,
0021500503,270,4,0,3,10:32 PM,8:46,,,Gasol REBOUND (Off:0 Def:4),,,5.0,201188,Marc Gasol,1610612763.0,Memphis,Grizzlies,MEM,0,0,,,,,,0,0,,,,,
0021500503,271,1,74,3,10:32 PM,8:42,,,Allen 2' Running Reverse Layup (10 PTS) (Gasol 4 AST),53 - 50,-3,5.0,2754,Tony Allen,1610612763.0,Memphis,Grizzlies,MEM,5,201188,Marc Gasol,1610612763.0,Memphis,Grizzlies,MEM,0,0,,,,,
0021500503,272,9,1,3,10:32 PM,8:42,JAZZ Timeout: Regular (Full 3 Short 1),,,,,2.0,1610612762,,,,,,0,0,,,,,,0,0,,,,,
0021500503,274,2,1,3,10:35 PM,8:23,MISS Neto 25' 3PT Jump Shot,,,,,4.0,203526,Raul Neto,1610612762.0,Utah,Jazz,UTA,0,0,,,,,,0,0,,,,,
0021500503,276,4,0,3,10:35 PM,8:22,Withey REBOUND (Off:2 Def:4),,,,,4.0,203481,Jeff Withey,1610612762.0,Utah,Jazz,UTA,0,0,,,,,,0,0,,,,,
0021500503,275,1,97,3,10:35 PM,8:22,Withey 2' Tip Layup Shot (10 PTS),,,53 - 52,-1,4.0,203481,Jeff Withey,1610612762.0,Utah,Jazz,UTA,0,0,,,,,,0,0,,,,,
0021500503,277,2,5,3,10:36 PM,8:03,Withey BLOCK (2 BLK),,MISS Green 3' Layup,,,5.0,201145,Jeff Green,1610612763.0,Memphis,Grizzlies,MEM,0,0,,,,,,4,203481,Jeff Withey,1610612762.0,Utah,Jazz,UTA
0021500503,278,4,0,3,10:36 PM,8:01,Withey REBOUND (Off:2 Def:5),,,,,4.0,203481,Jeff Withey,1610612762.0,Utah,Jazz,UTA,0,0,,,,,,0,0,,,,,
0021500503,279,1,1,3,10:36 PM,7:55,Lyles 24' 3PT Jump Shot (7 PTS) (Neto 2 AST),,,53 - 55,2,4.0,1626168,Trey Lyles,1610612762.0,Utah,Jazz,UTA,4,203526,Raul Neto,1610612762.0,Utah,Jazz,UTA,0,0,,,,,
0021500503,280,1,1,3,10:36 PM,7:30,,,Green 21' Jump Shot (4 PTS) (Lee 1 AST),55 - 55,TIE,5.0,201145,Jeff Green,1610612763.0,Memphis,Grizzlies,MEM,5,201584,Courtney Lee,1610612763.0,Memphis,Grizzlies,MEM,0,0,,,,,
0021500503,281,5,1,3,10:37 PM,7:05,Lyles Bad Pass Turnover (P2.T9),,Lee STEAL (1 STL),,,4.0,1626168,Trey Lyles,1610612762.0,Utah,Jazz,UTA,5,201584,Courtney Lee,1610612763.0,Memphis,Grizzlies,MEM,0,0,,,,,
0021500503,282,1,1,3,10:37 PM,6:56,,,Gasol 18' Jump Shot (11 PTS) (Lee 2 AST),57 - 55,-2,5.0,201188,Marc Gasol,1610612763.0,Memphis,Grizzlies,MEM,5,201584,Courtney Lee,1610612763.0,Memphis,Grizzlies,MEM,0,0,,,,,
0021500503,283,1,1,3,10:37 PM,6:29,Hayward 24' 3PT Jump Shot (13 PTS) (Lyles 1 AST),,,57 - 58,1,4.0,202330,Gordon Hayward,1610612762.0,Utah,Jazz,UTA,4,1626168,Trey Lyles,1610612762.0,Utah,Jazz,UTA,0,0,,,,,
0021500503,284,2,5,3,10:38 PM,6:10,,,MISS Allen 2' Layup,,,5.0,2754,Tony Allen,1610612763.0,Memphis,Grizzlies,MEM,0,0,,,,,,0,0,,,,,
0021500503,285,4,0,3,10:38 PM,6:09,,,Allen REBOUND (Off:1 Def:4),,,5.0,2754,Tony Allen,1610612763.0,Memphis,Grizzlies,MEM,0,0,,,,,,0,0,,,,,
0021500503,286,1,5,3,10:38 PM,6:08,,,Allen 2' Layup (12 PTS),59 - 58,-1,5.0,2754,Tony Allen,1610612763.0,Memphis,Grizzlies,MEM,0,0,,,,,,0,0,,,,,
0021500503,287,6,2,3,10:38 PM,6:08,Hayward S.FOUL (P2.T2) (S.Twardoski),,,,,4.0,202330,Gordon Hayward,1610612762.0,Utah,Jazz,UTA,5,2754,Tony Allen,1610612763.0,Memphis,Grizzlies,MEM,1,0,,,,,
0021500503,288,8,0,3,10:38 PM,6:08,SUB: Booker FOR Lyles,,,,,4.0,1626168,Trey Lyles,1610612762.0,Utah,Jazz,UTA,4,202344,Trevor Booker,1610612762.0,Utah,Jazz,UTA,0,0,,,,,
0021500503,289,8,0,3,10:38 PM,6:08,SUB: Burke FOR Neto,,,,,4.0,203526,Raul Neto,1610612762.0,Utah,Jazz,UTA,4,203504,Trey Burke,1610612762.0,Utah,Jazz,UTA,0,0,,,,,
0021500503,290,3,10,3,10:38 PM,6:08,,,Allen Free Throw 1 of 1 (13 PTS),60 - 58,-2,5.0,2754,Tony Allen,1610612763.0,Memphis,Grizzlies,MEM,0,0,,,,,,0,0,,,,,
0021500503,292,2,1,3,10:39 PM,5:50,MISS Hayward 25' 3PT Jump Shot,,,,,4.0,202330,Gordon Hayward,1610612762.0,Utah,Jazz,UTA,0,0,,,,,,0,0,,,,,
0021500503,293,4,0,3,10:39 PM,5:48,,,Lee REBOUND (Off:0 Def:1),,,5.0,201584,Courtney Lee,1610612763.0,Memphis,Grizzlies,MEM,0,0,,,,,,0,0,,,,,
0021500503,294,1,1,3,10:39 PM,5:41,,,Green 18' Jump Shot (6 PTS),62 - 58,-4,5.0,201145,Jeff Green,1610612763.0,Memphis,Grizzlies,MEM,0,0,,,,,,0,0,,,,,
0021500503,295,2,5,3,10:39 PM,5:24,MISS Hood 3' Layup,,,,,4.0,203918,Rodney Hood,1610612762.0,Utah,Jazz,UTA,0,0,,,,,,0,0,,,,,
0021500503,296,4,0,3,10:39 PM,5:24,Withey REBOUND (Off:3 Def:5),,,,,4.0,203481,Jeff Withey,1610612762.0,Utah,Jazz,UTA,0,0,,,,,,0,0,,,,,
0021500503,297,6,2,3,10:39 PM,5:24,,,Gasol S.FOUL (P1.T2) (S.Wright),,,5.0,201188,Marc Gasol,1610612763.0,Memphis,Grizzlies,MEM,4,203481,Jeff Withey,1610612762.0,Utah,Jazz,UTA,1,0,,,,,
0021500503,298,3,11,3,10:40 PM,5:24,MISS Withey Free Throw 1 of 2,,,,,4.0,203481,Jeff Withey,1610612762.0,Utah,Jazz,UTA,0,0,,,,,,0,0,,,,,
0021500503,299,4,1,3,10:40 PM,5:24,JAZZ Rebound,,,,,2.0,1610612762,,,,,,0,0,,,,,,0,0,,,,,
0021500503,300,3,12,3,10:40 PM,5:24,MISS Withey Free Throw 2 of 2,,,,,4.0,203481,Jeff Withey,1610612762.0,Utah,Jazz,UTA,0,0,,,,,,0,0,,,,,
0021500503,302,4,0,3,10:40 PM,5:23,,,Green REBOUND (Off:0 Def:3),,,5.0,201145,Jeff Green,1610612763.0,Memphis,Grizzlies,MEM,0,0,,,,,,0,0,,,,,
0021500503,303,2,3,3,10:40 PM,5:02,Withey BLOCK (3 BLK),,MISS Gasol 7' Hook Shot,,,5.0,201188,Marc Gasol,1610612763.0,Memphis,Grizzlies,MEM,0,0,,,,,,4,203481,Jeff Withey,1610612762.0,Utah,Jazz,UTA
0021500503,305,4,0,3,10:40 PM,5:02,JAZZ Rebound,,,,,2.0,1610612762,,,,,,0,0,,,,,,0,0,,,,,
0021500503,306,6,1,3,10:40 PM,5:02,,,Green P.FOUL (P3.T3) (S.Twardoski),,,5.0,201145,Jeff Green,1610612763.0,Memphis,Grizzlies,MEM,4,203504,Trey Burke,1610612762.0,Utah,Jazz,UTA,1,0,,,,,
0021500503,307,8,0,3,10:41 PM,5:02,SUB: Ingles FOR Hood,,,,,4.0,203918,Rodney Hood,1610612762.0,Utah,Jazz,UTA,4,204060,Joe Ingles,1610612762.0,Utah,Jazz,UTA,0,0,,,,,
0021500503,308,2,1,3,10:41 PM,4:49,MISS Withey 6' Jump Shot,,Gasol BLOCK (2 BLK),,,4.0,203481,Jeff Withey,1610612762.0,Utah,Jazz,UTA,0,0,,,,,,5,201188,Marc Gasol,1610612763.0,Memphis,Grizzlies,MEM
0021500503,309,4,0,3,10:41 PM,4:49,JAZZ Rebound,,,,,2.0,1610612762,,,,,,0,0,,,,,,0,0,,,,,
0021500503,310,2,7,3,10:41 PM,4:41,MISS Withey  Dunk,,,,,4.0,203481,Jeff Withey,1610612762.0,Utah,Jazz,UTA,0,0,,,,,,0,0,,,,,
0021500503,311,4,0,3,10:41 PM,4:41,,,Green REBOUND (Off:0 Def:4),,,5.0,201145,Jeff Green,1610612763.0,Memphis,Grizzlies,MEM,0,0,,,,,,0,0,,,,,
0021500503,312,2,1,3,10:42 PM,4:21,,,MISS Allen 6' Jump Shot,,,5.0,2754,Tony Allen,1610612763.0,Memphis,Grizzlies,MEM,0,0,,,,,,0,0,,,,,
0021500503,313,4,0,3,10:42 PM,4:20,Withey REBOUND (Off:3 Def:6),,,,,4.0,203481,Jeff Withey,1610612762.0,Utah,Jazz,UTA,0,0,,,,,,0,0,,,,,
0021500503,314,2,1,3,10:42 PM,4:04,MISS Hayward 24' 3PT Jump Shot,,,,,4.0,202330,Gordon Hayward,1610612762.0,Utah,Jazz,UTA,0,0,,,,,,0,0,,,,,
0021500503,315,4,0,3,10:42 PM,4:04,,,Grizzlies Rebound,,,3.0,1610612763,,,,,,0,0,,,,,,0,0,,,,,
0021500503,316,8,0,3,10:42 PM,4:04,SUB: Pleiss FOR Withey,,,,,4.0,203481,Jeff Withey,1610612762.0,Utah,Jazz,UTA,4,202353,Tibor Pleiss,1610612762.0,Utah,Jazz,UTA,0,0,,,,,
0021500503,317,8,0,3,10:42 PM,4:04,,,SUB: Randolph FOR Allen,,,5.0,2754,Tony Allen,1610612763.0,Memphis,Grizzlies,MEM,5,2216,Zach Randolph,1610612763.0,Memphis,Grizzlies,MEM,0,0,,,,,
0021500503,318,1,1,3,10:42 PM,3:48,,,Gasol 14' Jump Shot (13 PTS) (Randolph 3 AST),64 - 58,-6,5.0,201188,Marc Gasol,1610612763.0,Memphis,Grizzlies,MEM,5,2216,Zach Randolph,1610612763.0,Memphis,Grizzlies,MEM,0,0,,,,,
0021500503,319,2,1,3,10:43 PM,3:28,MISS Burke 25' 3PT Jump Shot,,,,,4.0,203504,Trey Burke,1610612762.0,Utah,Jazz,UTA,0,0,,,,,,0,0,,,,,
0021500503,320,4,0,3,10:43 PM,3:27,,,Gasol REBOUND (Off:0 Def:5),,,5.0,201188,Marc Gasol,1610612763.0,Memphis,Grizzlies,MEM,0,0,,,,,,0,0,,,,,
0021500503,321,6,1,3,10:43 PM,3:18,Booker P.FOUL (P1.T3) (S.Twardoski),,,,,4.0,202344,Trevor Booker,1610612762.0,Utah,Jazz,UTA,5,2216,Zach Randolph,1610612763.0,Memphis,Grizzlies,MEM,1,0,,,,,
0021500503,322,2,1,3,10:44 PM,3:04,,,MISS Green 25' 3PT Jump Shot,,,5.0,201145,Jeff Green,1610612763.0,Memphis,Grizzlies,MEM,0,0,,,,,,0,0,,,,,
0021500503,323,4,0,3,10:44 PM,3:03,Hayward REBOUND (Off:0 Def:3),,,,,4.0,202330,Gordon Hayward,1610612762.0,Utah,Jazz,UTA,0,0,,,,,,0,0,,,,,
0021500503,324,1,66,3,10:44 PM,2:47,Burke 5' Jump Bank Shot (6 PTS),,,64 - 60,-4,4.0,203504,Trey Burke,1610612762.0,Utah,Jazz,UTA,0,0,,,,,,0,0,,,,,
0021500503,325,9,1,3,10:44 PM,2:43,,,Grizzlies Timeout: Regular (Reg.3 Short 0),,,3.0,1610612763,,,,,,0,0,,,,,,0,0,,,,,
0021500503,328,8,0,3,10:46 PM,2:43,SUB: Johnson FOR Hayward,,,,,4.0,202330,Gordon Hayward,1610612762.0,Utah,Jazz,UTA,4,203187,Chris Johnson,1610612762.0,Utah,Jazz,UTA,0,0,,,,,
0021500503,329,8,0,3,10:46 PM,2:43,,,SUB: Chalmers FOR Conley,,,5.0,201144,Mike Conley,1610612763.0,Memphis,Grizzlies,MEM,5,201596,Mario Chalmers,1610612763.0,Memphis,Grizzlies,MEM,0,0,,,,,
0021500503,330,1,63,3,10:47 PM,2:23,,,Randolph 16' Fadeaway Jumper (6 PTS),66 - 60,-6,5.0,2216,Zach Randolph,1610612763.0,Memphis,Grizzlies,MEM,0,0,,,,,,0,0,,,,,
0021500503,332,2,1,3,10:47 PM,1:59,MISS Ingles  3PT Jump Shot,,,,,4.0,204060,Joe Ingles,1610612762.0,Utah,Jazz,UTA,0,0,,,,,,0,0,,,,,
0021500503,333,4,0,3,10:47 PM,1:59,,,Grizzlies Rebound,,,3.0,1610612763,,,,,,0,0,,,,,,0,0,,,,,
0021500503,334,6,1,3,10:48 PM,1:59,Booker P.FOUL (P2.T4) (S.Twardoski),,,,,4.0,202344,Trevor Booker,1610612762.0,Utah,Jazz,UTA,5,201188,Marc Gasol,1610612763.0,Memphis,Grizzlies,MEM,1,0,,,,,
0021500503,335,6,1,3,10:48 PM,1:43,Booker P.FOUL (P3.PN) (S.Wright),,,,,4.0,202344,Trevor Booker,1610612762.0,Utah,Jazz,UTA,5,2216,Zach Randolph,1610612763.0,Memphis,Grizzlies,MEM,1,0,,,,,
0021500503,336,3,11,3,10:48 PM,1:43,,,MISS Randolph Free Throw 1 of 2,,,5.0,2216,Zach Randolph,1610612763.0,Memphis,Grizzlies,MEM,0,0,,,,,,0,0,,,,,
0021500503,337,4,1,3,10:48 PM,1:43,,,Grizzlies Rebound,,,3.0,1610612763,,,,,,0,0,,,,,,0,0,,,,,
0021500503,338,3,12,3,10:49 PM,1:43,,,MISS Randolph Free Throw 2 of 2,,,5.0,2216,Zach Randolph,1610612763.0,Memphis,Grizzlies,MEM,0,0,,,,,,0,0,,,,,
0021500503,340,4,0,3,10:49 PM,1:42,Pleiss REBOUND (Off:1 Def:3),,,,,4.0,202353,Tibor Pleiss,1610612762.0,Utah,Jazz,UTA,0,0,,,,,,0,0,,,,,
0021500503,341,2,1,3,10:49 PM,1:27,MISS Ingles 20' Jump Shot,,,,,4.0,204060,Joe Ingles,1610612762.0,Utah,Jazz,UTA,0,0,,,,,,0,0,,,,,
0021500503,342,4,0,3,10:49 PM,1:26,,,Green REBOUND (Off:0 Def:5),,,5.0,201145,Jeff Green,1610612763.0,Memphis,Grizzlies,MEM,0,0,,,,,,0,0,,,,,
0021500503,343,2,3,3,10:49 PM,1:17,,,MISS Randolph 8' Hook Shot,,,5.0,2216,Zach Randolph,1610612763.0,Memphis,Grizzlies,MEM,0,0,,,,,,0,0,,,,,
0021500503,344,4,0,3,10:49 PM,1:16,Johnson REBOUND (Off:0 Def:1),,,,,4.0,203187,Chris Johnson,1610612762.0,Utah,Jazz,UTA,0,0,,,,,,0,0,,,,,
0021500503,345,1,1,3,10:49 PM,1:09,Ingles 24' 3PT Jump Shot (3 PTS),,,66 - 63,-3,4.0,204060,Joe Ingles,1610612762.0,Utah,Jazz,UTA,0,0,,,,,,0,0,,,,,
0021500503,346,1,1,3,10:50 PM,0:48,,,Lee 24' 3PT Jump Shot (11 PTS) (Chalmers 1 AST),69 - 63,-6,5.0,201584,Courtney Lee,1610612763.0,Memphis,Grizzlies,MEM,5,201596,Mario Chalmers,1610612763.0,Memphis,Grizzlies,MEM,0,0,,,,,
0021500503,347,1,79,3,10:50 PM,0:37,Burke 18' Pullup Jump Shot (8 PTS),,,69 - 65,-4,4.0,203504,Trey Burke,1610612762.0,Utah,Jazz,UTA,0,0,,,,,,0,0,,,,,
0021500503,348,6,2,3,10:50 PM,0:37,,,Randolph S.FOUL (P1.T4) (S.Wright),,,5.0,2216,Zach Randolph,1610612763.0,Memphis,Grizzlies,MEM,4,203504,Trey Burke,1610612762.0,Utah,Jazz,UTA,1,0,,,,,
0021500503,349,3,10,3,10:50 PM,0:37,Burke Free Throw 1 of 1 (9 PTS),,,69 - 66,-3,4.0,203504,Trey Burke,1610612762.0,Utah,Jazz,UTA,0,0,,,,,,0,0,,,,,
0021500503,351,2,1,3,10:51 PM,0:27,,,MISS Chalmers 7' Jump Shot,,,5.0,201596,Mario Chalmers,1610612763.0,Memphis,Grizzlies,MEM,0,0,,,,,,0,0,,,,,
0021500503,352,4,0,3,10:51 PM,0:27,Pleiss REBOUND (Off:1 Def:4),,,,,4.0,202353,Tibor Pleiss,1610612762.0,Utah,Jazz,UTA,0,0,,,,,,0,0,,,,,
0021500503,353,2,1,3,10:51 PM,0:04,MISS Johnson 9' Jump Shot,,,,,4.0,203187,Chris Johnson,1610612762.0,Utah,Jazz,UTA,0,0,,,,,,0,0,,,,,
0021500503,354,4,0,3,10:51 PM,0:04,,,Green REBOUND (Off:0 Def:6),,,5.0,201145,Jeff Green,1610612763.0,Memphis,Grizzlies,MEM,0,0,,,,,,0,0,,,,,
0021500503,355,2,66,3,10:51 PM,0:01,,,MISS Green 24' 3PT Jump Bank Shot,,,5.0,201145,Jeff Green,1610612763.0,Memphis,Grizzlies,MEM,0,0,,,,,,0,0,,,,,
0021500503,356,4,0,3,10:51 PM,0:00,,,Grizzlies Rebound,,,3.0,1610612763,,,,,,0,0,,,,,,0,0,,,,,
0021500503,361,18,0,3,10:53 PM,0:00,,,,,,,345,Terry Porter,,,,,0,0,,,,,,1,0,,,,,
0021500503,362,13,0,3,10:53 PM,0:00,,,,69 - 66,-3,0.0,0,,,,,,0,0,,,,,,0,0,,,,,
0021500503,363,12,0,4,10:54 PM,12:00,,,,69 - 66,-3,0.0,0,,,,,,0,0,,,,,,0,0,,,,,
0021500503,364,6,4,4,10:55 PM,11:49,Pleiss OFF.Foul (P4) (S.Wright),,,,,4.0,202353,Tibor Pleiss,1610612762.0,Utah,Jazz,UTA,5,201596,Mario Chalmers,1610612763.0,Memphis,Grizzlies,MEM,1,0,,,,,
0021500503,365,5,5,4,10:55 PM,11:49,Pleiss Foul Turnover (P2.T10),,,,,4.0,202353,Tibor Pleiss,1610612762.0,Utah,Jazz,UTA,0,0,,,,,,1,0,,,,,
0021500503,366,2,79,4,10:55 PM,11:33,,,MISS Lee 19' Pullup Jump Shot,,,5.0,201584,Courtney Lee,1610612763.0,Memphis,Grizzlies,MEM,0,0,,,,,,0,0,,,,,
0021500503,367,4,0,4,10:55 PM,11:33,Hood REBOUND (Off:1 Def:3),,,,,4.0,203918,Rodney Hood,1610612762.0,Utah,Jazz,UTA,0,0,,,,,,0,0,,,,,
0021500503,368,1,1,4,10:55 PM,11:19,Pleiss 19' Jump Shot (6 PTS) (Burke 2 AST),,,69 - 68,-1,4.0,202353,Tibor Pleiss,1610612762.0,Utah,Jazz,UTA,4,203504,Trey Burke,1610612762.0,Utah,Jazz,UTA,0,0,,,,,
0021500503,369,2,1,4,10:56 PM,10:50,,,MISS Randolph 20' Jump Shot,,,5.0,2216,Zach Randolph,1610612763.0,Memphis,Grizzlies,MEM,0,0,,,,,,0,0,,,,,
0021500503,370,4,0,4,10:56 PM,10:49,,,Hollins REBOUND (Off:2 Def:0),,,5.0,200797,Ryan Hollins,1610612763.0,Memphis,Grizzlies,MEM,0,0,,,,,,0,0,,,,,
0021500503,371,2,66,4,10:56 PM,10:42,,,MISS Chalmers 18' Jump Bank Shot,,,5.0,201596,Mario Chalmers,1610612763.0,Memphis,Grizzlies,MEM,0,0,,,,,,0,0,,,,,
0021500503,372,4,0,4,10:56 PM,10:41,Booker REBOUND (Off:2 Def:3),,,,,4.0,202344,Trevor Booker,1610612762.0,Utah,Jazz,UTA,0,0,,,,,,0,0,,,,,
0021500503,373,2,1,4,10:56 PM,10:28,MISS Ingles 25' 3PT Jump Shot,,,,,4.0,204060,Joe Ingles,1610612762.0,Utah,Jazz,UTA,0,0,,,,,,0,0,,,,,
0021500503,374,4,0,4,10:56 PM,10:28,,,Lee REBOUND (Off:0 Def:2),,,5.0,201584,Courtney Lee,1610612763.0,Memphis,Grizzlies,MEM,0,0,,,,,,0,0,,,,,
0021500503,375,6,2,4,10:57 PM,10:19,Booker S.FOUL (P4.T1) (J.Tiven),,,,,4.0,202344,Trevor Booker,1610612762.0,Utah,Jazz,UTA,5,201145,Jeff Green,1610612763.0,Memphis,Grizzlies,MEM,1,0,,,,,
0021500503,376,3,11,4,10:57 PM,10:19,,,MISS Green Free Throw 1 of 2,,,5.0,201145,Jeff Green,1610612763.0,Memphis,Grizzlies,MEM,0,0,,,,,,0,0,,,,,
0021500503,377,4,1,4,10:57 PM,10:19,,,Grizzlies Rebound,,,3.0,1610612763,,,,,,0,0,,,,,,0,0,,,,,
0021500503,378,3,12,4,10:57 PM,10:19,,,MISS Green Free Throw 2 of 2,,,5.0,201145,Jeff Green,1610612763.0,Memphis,Grizzlies,MEM,0,0,,,,,,0,0,,,,,
0021500503,380,4,0,4,10:57 PM,10:19,JAZZ Rebound,,,,,2.0,1610612762,,,,,,0,0,,,,,,0,0,,,,,
0021500503,381,6,1,4,10:57 PM,10:19,,,Randolph P.FOUL (P2.T1) (J.Tiven),,,5.0,2216,Zach Randolph,1610612763.0,Memphis,Grizzlies,MEM,4,202344,Trevor Booker,1610612762.0,Utah,Jazz,UTA,1,0,,,,,
0021500503,382,2,5,4,10:58 PM,10:10,MISS Burke 3' Layup,,Hollins BLOCK (1 BLK),,,4.0,203504,Trey Burke,1610612762.0,Utah,Jazz,UTA,0,0,,,,,,5,200797,Ryan Hollins,1610612763.0,Memphis,Grizzlies,MEM
0021500503,383,4,0,4,10:58 PM,10:10,JAZZ Rebound,,,,,2.0,1610612762,,,,,,0,0,,,,,,0,0,,,,,
0021500503,385,8,0,4,10:58 PM,10:10,,,SUB: Carter FOR Hollins,,,5.0,200797,Ryan Hollins,1610612763.0,Memphis,Grizzlies,MEM,5,1713,Vince Carter,1610612763.0,Memphis,Grizzlies,MEM,0,0,,,,,
0021500503,387,8,0,4,10:58 PM,10:08,SUB: Hayward FOR Ingles,,,,,4.0,204060,Joe Ingles,1610612762.0,Utah,Jazz,UTA,4,202330,Gordon Hayward,1610612762.0,Utah,Jazz,UTA,0,0,,,,,
0021500503,388,6,2,4,10:59 PM,9:59,,,Green S.FOUL (P4.T2) (S.Twardoski),,,5.0,201145,Jeff Green,1610612763.0,Memphis,Grizzlies,MEM,4,203918,Rodney Hood,1610612762.0,Utah,Jazz,UTA,1,0,,,,,
0021500503,389,3,11,4,10:59 PM,9:59,Hood Free Throw 1 of 2 (16 PTS),,,69 - 69,TIE,4.0,203918,Rodney Hood,1610612762.0,Utah,Jazz,UTA,0,0,,,,,,0,0,,,,,
0021500503,391,8,0,4,10:59 PM,9:59,SUB: Neto FOR Burke,,,,,4.0,203504,Trey Burke,1610612762.0,Utah,Jazz,UTA,4,203526,Raul Neto,1610612762.0,Utah,Jazz,UTA,0,0,,,,,
0021500503,392,3,12,4,10:59 PM,9:59,Hood Free Throw 2 of 2 (17 PTS),,,69 - 70,1,4.0,203918,Rodney Hood,1610612762.0,Utah,Jazz,UTA,0,0,,,,,,0,0,,,,,
0021500503,394,1,57,4,11:00 PM,9:42,,,Randolph 3' Driving Hook Shot (8 PTS),71 - 70,-1,5.0,2216,Zach Randolph,1610612763.0,Memphis,Grizzlies,MEM,0,0,,,,,,0,0,,,,,
0021500503,395,6,1,4,11:00 PM,9:24,,,Lee P.FOUL (P3.T3) (J.Tiven),,,5.0,201584,Courtney Lee,1610612763.0,Memphis,Grizzlies,MEM,4,202330,Gordon Hayward,1610612762.0,Utah,Jazz,UTA,1,0,,,,,
0021500503,396,8,0,4,11:00 PM,9:24,SUB: Withey FOR Pleiss,,,,,4.0,202353,Tibor Pleiss,1610612762.0,Utah,Jazz,UTA,4,203481,Jeff Withey,1610612762.0,Utah,Jazz,UTA,0,0,,,,,
0021500503,397,6,1,4,11:01 PM,9:17,,,Chalmers P.FOUL (P3.T4) (S.Twardoski),,,5.0,201596,Mario Chalmers,1610612763.0,Memphis,Grizzlies,MEM,4,203526,Raul Neto,1610612762.0,Utah,Jazz,UTA,1,0,,,,,
0021500503,398,8,0,4,11:01 PM,9:17,SUB: Ingles FOR Booker,,,,,4.0,202344,Trevor Booker,1610612762.0,Utah,Jazz,UTA,4,204060,Joe Ingles,1610612762.0,Utah,Jazz,UTA,0,0,,,,,
0021500503,399,1,1,4,11:01 PM,9:04,Hood 25' 3PT Jump Shot (20 PTS) (Hayward 4 AST),,,71 - 73,2,4.0,203918,Rodney Hood,1610612762.0,Utah,Jazz,UTA,4,202330,Gordon Hayward,1610612762.0,Utah,Jazz,UTA,0,0,,,,,
0021500503,400,2,44,4,11:02 PM,8:50,,,MISS Randolph 2' Reverse Layup,,,5.0,2216,Zach Randolph,1610612763.0,Memphis,Grizzlies,MEM,0,0,,,,,,0,0,,,,,
0021500503,401,4,0,4,11:02 PM,8:49,Hood REBOUND (Off:1 Def:4),,,,,4.0,203918,Rodney Hood,1610612762.0,Utah,Jazz,UTA,0,0,,,,,,0,0,,,,,
0021500503,402,2,78,4,11:02 PM,8:37,MISS Hood 5' Floating Jump Shot,,,,,4.0,203918,Rodney Hood,1610612762.0,Utah,Jazz,UTA,0,0,,,,,,0,0,,,,,
0021500503,403,4,0,4,11:02 PM,8:36,,,Green REBOUND (Off:0 Def:7),,,5.0,201145,Jeff Green,1610612763.0,Memphis,Grizzlies,MEM,0,0,,,,,,0,0,,,,,
0021500503,404,9,1,4,11:02 PM,8:36,,,Grizzlies Timeout: Regular (Reg.4 Short 0),,,3.0,1610612763,,,,,,0,0,,,,,,0,0,,,,,
0021500503,406,8,0,4,11:04 PM,8:36,,,SUB: Gasol FOR Carter,,,5.0,1713,Vince Carter,1610612763.0,Memphis,Grizzlies,MEM,5,201188,Marc Gasol,1610612763.0,Memphis,Grizzlies,MEM,0,0,,,,,
0021500503,407,8,0,4,11:05 PM,8:36,,,SUB: Conley FOR Chalmers,,,5.0,201596,Mario Chalmers,1610612763.0,Memphis,Grizzlies,MEM,5,201144,Mike Conley,1610612763.0,Memphis,Grizzlies,MEM,0,0,,,,,
0021500503,408,2,1,4,11:05 PM,8:14,,,MISS Conley 19' Jump Shot,,,5.0,201144,Mike Conley,1610612763.0,Memphis,Grizzlies,MEM,0,0,,,,,,0,0,,,,,
0021500503,409,4,0,4,11:05 PM,8:13,Hayward REBOUND (Off:0 Def:4),,,,,4.0,202330,Gordon Hayward,1610612762.0,Utah,Jazz,UTA,0,0,,,,,,0,0,,,,,
0021500503,410,2,1,4,11:05 PM,7:57,MISS Ingles 25' 3PT Jump Shot,,,,,4.0,204060,Joe Ingles,1610612762.0,Utah,Jazz,UTA,0,0,,,,,,0,0,,,,,
0021500503,411,4,0,4,11:05 PM,7:56,,,Conley REBOUND (Off:0 Def:2),,,5.0,201144,Mike Conley,1610612763.0,Memphis,Grizzlies,MEM,0,0,,,,,,0,0,,,,,
0021500503,412,2,47,4,11:05 PM,7:43,,,MISS Randolph 4' Turnaround Jump Shot,,,5.0,2216,Zach Randolph,1610612763.0,Memphis,Grizzlies,MEM,0,0,,,,,,0,0,,,,,
0021500503,413,4,0,4,11:05 PM,7:42,Hood REBOUND (Off:1 Def:5),,,,,4.0,203918,Rodney Hood,1610612762.0,Utah,Jazz,UTA,0,0,,,,,,0,0,,,,,
0021500503,414,6,26,4,11:06 PM,7:30,Hood Offensive Charge Foul (P3.T2) (J.Tiven),,,,,4.0,203918,Rodney Hood,1610612762.0,Utah,Jazz,UTA,5,201188,Marc Gasol,1610612763.0,Memphis,Grizzlies,MEM,1,0,,,,,
0021500503,415,5,5,4,11:06 PM,7:30,Hood Foul Turnover (P2.T11),,,,,4.0,203918,Rodney Hood,1610612762.0,Utah,Jazz,UTA,0,0,,,,,,1,0,,,,,
0021500503,416,8,0,4,11:06 PM,7:30,,,SUB: Allen FOR Green,,,5.0,201145,Jeff Green,1610612763.0,Memphis,Grizzlies,MEM,5,2754,Tony Allen,1610612763.0,Memphis,Grizzlies,MEM,0,0,,,,,
0021500503,417,8,0,4,11:06 PM,7:30,SUB: Booker FOR Ingles,,,,,4.0,204060,Joe Ingles,1610612762.0,Utah,Jazz,UTA,4,202344,Trevor Booker,1610612762.0,Utah,Jazz,UTA,0,0,,,,,
0021500503,418,2,1,4,11:06 PM,7:16,,,MISS Gasol 18' Jump Shot,,,5.0,201188,Marc Gasol,1610612763.0,Memphis,Grizzlies,MEM,0,0,,,,,,0,0,,,,,
0021500503,419,4,0,4,11:06 PM,7:14,Neto REBOUND (Off:0 Def:1),,,,,4.0,203526,Raul Neto,1610612762.0,Utah,Jazz,UTA,0,0,,,,,,0,0,,,,,
0021500503,420,2,63,4,11:06 PM,7:06,MISS Neto 10' Fadeaway Jumper,,,,,4.0,203526,Raul Neto,1610612762.0,Utah,Jazz,UTA,0,0,,,,,,0,0,,,,,
0021500503,421,4,0,4,11:06 PM,7:05,,,Allen REBOUND (Off:1 Def:5),,,5.0,2754,Tony Allen,1610612763.0,Memphis,Grizzlies,MEM,0,0,,,,,,0,0,,,,,
0021500503,422,1,5,4,11:07 PM,6:50,,,Conley 2' Layup (14 PTS),73 - 73,TIE,5.0,201144,Mike Conley,1610612763.0,Memphis,Grizzlies,MEM,0,0,,,,,,0,0,,,,,
0021500503,423,6,2,4,11:07 PM,6:50,Withey S.FOUL (P4.T3) (S.Wright),,,,,4.0,203481,Jeff Withey,1610612762.0,Utah,Jazz,UTA,5,201144,Mike Conley,1610612763.0,Memphis,Grizzlies,MEM,1,0,,,,,
0021500503,424,8,0,4,11:07 PM,6:50,SUB: Burke FOR Neto,,,,,4.0,203526,Raul Neto,1610612762.0,Utah,Jazz,UTA,4,203504,Trey Burke,1610612762.0,Utah,Jazz,UTA,0,0,,,,,
0021500503,425,3,10,4,11:07 PM,6:50,,,Conley Free Throw 1 of 1 (15 PTS),74 - 73,-1,5.0,201144,Mike Conley,1610612763.0,Memphis,Grizzlies,MEM,0,0,,,,,,0,0,,,,,
0021500503,427,1,79,4,11:07 PM,6:33,Hood 8' Pullup Jump Shot (22 PTS),,,74 - 75,1,4.0,203918,Rodney Hood,1610612762.0,Utah,Jazz,UTA,0,0,,,,,,0,0,,,,,
0021500503,428,2,71,4,11:08 PM,6:06,,,MISS Lee 3' Finger Roll Layup,,,5.0,201584,Courtney Lee,1610612763.0,Memphis,Grizzlies,MEM,0,0,,,,,,0,0,,,,,
0021500503,429,4,0,4,11:08 PM,6:06,Burke REBOUND (Off:0 Def:2),,,,,4.0,203504,Trey Burke,1610612762.0,Utah,Jazz,UTA,0,0,,,,,,0,0,,,,,
0021500503,430,1,1,4,11:08 PM,5:50,Hood 26' 3PT Jump Shot (25 PTS) (Withey 2 AST),,,74 - 78,4,4.0,203918,Rodney Hood,1610612762.0,Utah,Jazz,UTA,4,203481,Jeff Withey,1610612762.0,Utah,Jazz,UTA,0,0,,,,,
0021500503,431,5,2,4,11:08 PM,5:33,Hayward STEAL (1 STL),,Gasol Lost Ball Turnover (P4.T10),,,5.0,201188,Marc Gasol,1610612763.0,Memphis,Grizzlies,MEM,4,202330,Gordon Hayward,1610612762.0,Utah,Jazz,UTA,0,0,,,,,
0021500503,432,6,1,4,11:09 PM,5:30,,,Allen P.FOUL (P4.PN) (S.Wright),,,5.0,2754,Tony Allen,1610612763.0,Memphis,Grizzlies,MEM,4,202330,Gordon Hayward,1610612762.0,Utah,Jazz,UTA,1,0,,,,,
0021500503,433,9,1,4,11:09 PM,5:30,,,,,,1.0,0,,,,,,0,0,,,,,,0,0,,,,,
0021500503,435,8,0,4,11:11 PM,5:30,,,SUB: Green FOR Randolph,,,5.0,2216,Zach Randolph,1610612763.0,Memphis,Grizzlies,MEM,5,201145,Jeff Green,1610612763.0,Memphis,Grizzlies,MEM,0,0,,,,,
0021500503,436,3,11,4,11:11 PM,5:30,Hayward Free Throw 1 of 2 (14 PTS),,,74 - 79,5,4.0,202330,Gordon Hayward,1610612762.0,Utah,Jazz,UTA,0,0,,,,,,0,0,,,,,
0021500503,438,3,12,4,11:11 PM,5:30,MISS Hayward Free Throw 2 of 2,,,,,4.0,202330,Gordon Hayward,1610612762.0,Utah,Jazz,UTA,0,0,,,,,,0,0,,,,,
0021500503,440,4,0,4,11:12 PM,5:29,,,Allen REBOUND (Off:1 Def:6),,,5.0,2754,Tony Allen,1610612763.0,Memphis,Grizzlies,MEM,0,0,,,,,,0,0,,,,,
0021500503,441,2,1,4,11:12 PM,5:10,,,MISS Conley 25' 3PT Jump Shot,,,5.0,201144,Mike Conley,1610612763.0,Memphis,Grizzlies,MEM,0,0,,,,,,0,0,,,,,
0021500503,442,4,0,4,11:12 PM,5:09,,,Green REBOUND (Off:1 Def:7),,,5.0,201145,Jeff Green,1610612763.0,Memphis,Grizzlies,MEM,0,0,,,,,,0,0,,,,,
0021500503,443,2,1,4,11:12 PM,5:00,,,MISS Conley 24' 3PT Jump Shot,,,5.0,201144,Mike Conley,1610612763.0,Memphis,Grizzlies,MEM,0,0,,,,,,0,0,,,,,
0021500503,444,4,0,4,11:12 PM,4:59,Booker REBOUND (Off:2 Def:4),,,,,4.0,202344,Trevor Booker,1610612762.0,Utah,Jazz,UTA,0,0,,,,,,0,0,,,,,
0021500503,445,5,41,4,11:12 PM,4:46,Withey Poss Lost Ball Turnover (P3.T12),,,,,4.0,203481,Jeff Withey,1610612762.0,Utah,Jazz,UTA,0,0,,,,,,0,0,,,,,
0021500503,446,2,42,4,11:13 PM,4:35,,,MISS Conley 2' Driving Layup,,,5.0,201144,Mike Conley,1610612763.0,Memphis,Grizzlies,MEM,0,0,,,,,,0,0,,,,,
0021500503,447,4,0,4,11:13 PM,4:34,Hood REBOUND (Off:1 Def:6),,,,,4.0,203918,Rodney Hood,1610612762.0,Utah,Jazz,UTA,0,0,,,,,,0,0,,,,,
0021500503,448,2,1,4,11:13 PM,4:28,MISS Burke  3PT Jump Shot,,,,,4.0,203504,Trey Burke,1610612762.0,Utah,Jazz,UTA,0,0,,,,,,0,0,,,,,
0021500503,449,4,0,4,11:13 PM,4:26,,,Grizzlies Rebound,,,3.0,1610612763,,,,,,0,0,,,,,,0,0,,,,,
0021500503,450,2,5,4,11:13 PM,4:14,Withey BLOCK (4 BLK),,MISS Conley 2' Layup,,,5.0,201144,Mike Conley,1610612763.0,Memphis,Grizzlies,MEM,0,0,,,,,,4,203481,Jeff Withey,1610612762.0,Utah,Jazz,UTA
0021500503,451,4,0,4,11:13 PM,4:13,,,Gasol REBOUND (Off:1 Def:5),,,5.0,201188,Marc Gasol,1610612763.0,Memphis,Grizzlies,MEM,0,0,,,,,,0,0,,,,,
0021500503,452,2,5,4,11:13 PM,4:10,Hood BLOCK (1 BLK),,MISS Gasol 1' Layup,,,5.0,201188,Marc Gasol,1610612763.0,Memphis,Grizzlies,MEM,0,0,,,,,,4,203918,Rodney Hood,1610612762.0,Utah,Jazz,UTA
0021500503,453,4,0,4,11:13 PM,4:08,,,Gasol REBOUND (Off:2 Def:5),,,5.0,201188,Marc Gasol,1610612763.0,Memphis,Grizzlies,MEM,0,0,,,,,,0,0,,,,,
0021500503,454,2,5,4,11:13 PM,4:05,Booker BLOCK (1 BLK),,MISS Allen 1' Layup,,,5.0,2754,Tony Allen,1610612763.0,Memphis,Grizzlies,MEM,0,0,,,,,,4,202344,Trevor Booker,1610612762.0,Utah,Jazz,UTA
0021500503,455,4,0,4,11:13 PM,4:03,Withey REBOUND (Off:3 Def:7),,,,,4.0,203481,Jeff Withey,1610612762.0,Utah,Jazz,UTA,0,0,,,,,,0,0,,,,,
0021500503,456,5,2,4,11:14 PM,3:43,Burke Lost Ball Turnover (P1.T13),,Allen STEAL (3 STL),,,4.0,203504,Trey Burke,1610612762.0,Utah,Jazz,UTA,5,2754,Tony Allen,1610612763.0,Memphis,Grizzlies,MEM,0,0,,,,,
0021500503,457,6,2,4,11:14 PM,3:40,Hood S.FOUL (P4.T4) (J.Tiven),,,,,4.0,203918,Rodney Hood,1610612762.0,Utah,Jazz,UTA,5,201584,Courtney Lee,1610612763.0,Memphis,Grizzlies,MEM,1,0,,,,,
0021500503,458,3,11,4,11:14 PM,3:40,,,Lee Free Throw 1 of 2 (12 PTS),75 - 79,4,5.0,201584,Courtney Lee,1610612763.0,Memphis,Grizzlies,MEM,0,0,,,,,,0,0,,,,,
0021500503,460,3,12,4,11:14 PM,3:40,,,Lee Free Throw 2 of 2 (13 PTS),76 - 79,3,5.0,201584,Courtney Lee,1610612763.0,Memphis,Grizzlies,MEM,0,0,,,,,,0,0,,,,,
0021500503,462,5,13,4,11:15 PM,3:23,Booker Backcourt Turnover (P1.T14),,,,,4.0,202344,Trevor Booker,1610612762.0,Utah,Jazz,UTA,0,0,,,,,,1,0,,,,,
0021500503,463,2,86,4,11:16 PM,2:59,,,MISS Gasol 17' Turnaround Fadeaway Shot,,,5.0,201188,Marc Gasol,1610612763.0,Memphis,Grizzlies,MEM,0,0,,,,,,0,0,,,,,
0021500503,464,4,0,4,11:16 PM,2:58,,,Conley REBOUND (Off:1 Def:2),,,5.0,201144,Mike Conley,1610612763.0,Memphis,Grizzlies,MEM,0,0,,,,,,0,0,,,,,
0021500503,465,1,1,4,11:16 PM,2:53,,,Gasol 7' Jump Shot (15 PTS) (Conley 3 AST),78 - 79,1,5.0,201188,Marc Gasol,1610612763.0,Memphis,Grizzlies,MEM,5,201144,Mike Conley,1610612763.0,Memphis,Grizzlies,MEM,0,0,,,,,
0021500503,466,9,1,4,11:16 PM,2:53,JAZZ Timeout: Regular (Full 4 Short 1),,,,,2.0,1610612762,,,,,,0,0,,,,,,0,0,,,,,
0021500503,469,2,79,4,11:19 PM,2:34,MISS Hayward 17' Pullup Jump Shot,,,,,4.0,202330,Gordon Hayward,1610612762.0,Utah,Jazz,UTA,0,0,,,,,,0,0,,,,,
0021500503,470,4,0,4,11:19 PM,2:32,Booker REBOUND (Off:3 Def:4),,,,,4.0,202344,Trevor Booker,1610612762.0,Utah,Jazz,UTA,0,0,,,,,,0,0,,,,,
0021500503,471,5,1,4,11:19 PM,2:29,Burke Bad Pass Turnover (P2.T15),,Lee STEAL (2 STL),,,4.0,203504,Trey Burke,1610612762.0,Utah,Jazz,UTA,5,201584,Courtney Lee,1610612763.0,Memphis,Grizzlies,MEM,0,0,,,,,
0021500503,472,1,5,4,11:19 PM,2:26,,,Lee 1' Layup (15 PTS),80 - 79,-1,5.0,201584,Courtney Lee,1610612763.0,Memphis,Grizzlies,MEM,0,0,,,,,,0,0,,,,,
0021500503,473,1,79,4,11:19 PM,2:09,Hood 9' Pullup Jump Shot (27 PTS),,,80 - 81,1,4.0,203918,Rodney Hood,1610612762.0,Utah,Jazz,UTA,0,0,,,,,,0,0,,,,,
0021500503,474,5,1,4,11:19 PM,1:51,,,Green Bad Pass Turnover (P2.T11),,,5.0,201145,Jeff Green,1610612763.0,Memphis,Grizzlies,MEM,0,0,,,,,,0,0,,,,,
0021500503,475,1,7,4,11:20 PM,1:39,Withey  Dunk (12 PTS) (Booker 2 AST),,,80 - 83,3,4.0,203481,Jeff Withey,1610612762.0,Utah,Jazz,UTA,4,202344,Trevor Booker,1610612762.0,Utah,Jazz,UTA,0,0,,,,,
0021500503,476,9,1,4,11:20 PM,1:39,,,Grizzlies Timeout: Regular (Reg.5 Short 0),,,3.0,1610612763,,,,,,0,0,,,,,,0,0,,,,,
0021500503,478,6,1,4,11:22 PM,1:27,Withey P.FOUL (P5.PN) (S.Twardoski),,,,,4.0,203481,Jeff Withey,1610612762.0,Utah,Jazz,UTA,5,201188,Marc Gasol,1610612763.0,Memphis,Grizzlies,MEM,1,0,,,,,
0021500503,479,3,11,4,11:22 PM,1:27,,,Gasol Free Throw 1 of 2 (16 PTS),81 - 83,2,5.0,201188,Marc Gasol,1610612763.0,Memphis,Grizzlies,MEM,0,0,,,,,,0,0,,,,,
0021500503,481,3,12,4,11:23 PM,1:27,,,Gasol Free Throw 2 of 2 (17 PTS),82 - 83,1,5.0,201188,Marc Gasol,1610612763.0,Memphis,Grizzlies,MEM,0,0,,,,,,0,0,,,,,
0021500503,483,2,78,4,11:23 PM,1:04,MISS Burke 6' Floating Jump Shot,,Conley BLOCK (1 BLK),,,4.0,203504,Trey Burke,1610612762.0,Utah,Jazz,UTA,0,0,,,,,,5,201144,Mike Conley,1610612763.0,Memphis,Grizzlies,MEM
0021500503,484,4,0,4,11:23 PM,1:03,,,Green REBOUND (Off:1 Def:8),,,5.0,201145,Jeff Green,1610612763.0,Memphis,Grizzlies,MEM,0,0,,,,,,0,0,,,,,
0021500503,485,1,79,4,11:24 PM,0:42,,,Lee 3' Pullup Jump Shot (17 PTS),84 - 83,-1,5.0,201584,Courtney Lee,1610612763.0,Memphis,Grizzlies,MEM,0,0,,,,,,0,0,,,,,
0021500503,486,9,1,4,11:24 PM,0:42,JAZZ Timeout: Regular (Full 5 Short 1),,,,,2.0,1610612762,,,,,,0,0,,,,,,0,0,,,,,
0021500503,488,6,2,4,11:26 PM,0:28,,,Green S.FOUL (P5.PN) (S.Twardoski),,,5.0,201145,Jeff Green,1610612763.0,Memphis,Grizzlies,MEM,4,203918,Rodney Hood,1610612762.0,Utah,Jazz,UTA,1,0,,,,,
0021500503,489,3,11,4,11:26 PM,0:28,Hood Free Throw 1 of 2 (28 PTS),,,84 - 84,TIE,4.0,203918,Rodney Hood,1610612762.0,Utah,Jazz,UTA,0,0,,,,,,0,0,,,,,
0021500503,491,8,0,4,11:27 PM,0:28,SUB: Johnson FOR Burke,,,,,4.0,203504,Trey Burke,1610612762.0,Utah,Jazz,UTA,4,203187,Chris Johnson,1610612762.0,Utah,Jazz,UTA,0,0,,,,,
0021500503,492,3,12,4,11:27 PM,0:28,MISS Hood Free Throw 2 of 2,,,,,4.0,203918,Rodney Hood,1610612762.0,Utah,Jazz,UTA,0,0,,,,,,0,0,,,,,
0021500503,494,4,0,4,11:27 PM,0:26,Booker REBOUND (Off:4 Def:4),,,,,4.0,202344,Trevor Booker,1610612762.0,Utah,Jazz,UTA,0,0,,,,,,0,0,,,,,
0021500503,495,5,13,4,11:27 PM,0:22,Booker Backcourt Turnover (P2.T16),,,,,4.0,202344,Trevor Booker,1610612762.0,Utah,Jazz,UTA,0,0,,,,,,1,0,,,,,
0021500503,496,9,2,4,11:27 PM,0:22,,,Grizzlies Timeout: Short (Reg.5 Short 1),,,3.0,1610612763,,,,,,0,0,,,,,,0,0,,,,,
0021500503,498,8,0,4,11:29 PM,0:22,,,SUB: Randolph FOR Allen,,,5.0,2754,Tony Allen,1610612763.0,Memphis,Grizzlies,MEM,5,2216,Zach Randolph,1610612763.0,Memphis,Grizzlies,MEM,0,0,,,,,
0021500503,499,2,1,4,11:29 PM,0:00,,,MISS Gasol 18' Jump Shot,,,5.0,201188,Marc Gasol,1610612763.0,Memphis,Grizzlies,MEM,0,0,,,,,,0,0,,,,,
0021500503,500,4,0,4,11:29 PM,0:00,Johnson REBOUND (Off:0 Def:2),,,,,4.0,203187,Chris Johnson,1610612762.0,Utah,Jazz,UTA,0,0,,,,,,0,0,,,,,
0021500503,501,9,2,4,11:29 PM,0:00,JAZZ Timeout: Short (Full 5 Short 2),,,,,2.0,1610612762,,,,,,0,0,,,,,,0,0,,,,,
0021500503,502,8,0,4,11:30 PM,0:00,,,SUB: Allen FOR Randolph,,,5.0,2216,Zach Randolph,1610612763.0,Memphis,Grizzlies,MEM,5,2754,Tony Allen,1610612763.0,Memphis,Grizzlies,MEM,0,0,,,,,
0021500503,503,8,0,4,11:30 PM,0:00,SUB: Burke FOR Johnson,,,,,4.0,203187,Chris Johnson,1610612762.0,Utah,Jazz,UTA,4,203504,Trey Burke,1610612762.0,Utah,Jazz,UTA,0,0,,,,,
0021500503,504,8,0,4,11:30 PM,0:00,SUB: Ingles FOR Withey,,,,,4.0,203481,Jeff Withey,1610612762.0,Utah,Jazz,UTA,4,204060,Joe Ingles,1610612762.0,Utah,Jazz,UTA,0,0,,,,,
0021500503,505,2,1,4,11:31 PM,0:00,MISS Hood 31' 3PT Jump Shot,,,,,4.0,203918,Rodney Hood,1610612762.0,Utah,Jazz,UTA,0,0,,,,,,0,0,,,,,
0021500503,506,4,0,4,11:31 PM,0:00,JAZZ Rebound,,,,,2.0,1610612762,,,,,,0,0,,,,,,0,0,,,,,
0021500503,507,13,0,4,11:31 PM,0:00,,,,84 - 84,TIE,0.0,0,,,,,,0,0,,,,,,0,0,,,,,
0021500503,509,12,0,5,11:34 PM,5:00,,,,84 - 84,TIE,0.0,0,,,,,,0,0,,,,,,0,0,,,,,
0021500503,510,10,0,5,11:34 PM,5:00,Jump Ball Withey vs. Gasol: Tip to Green,,,,,4.0,203481,Jeff Withey,1610612762.0,Utah,Jazz,UTA,5,201188,Marc Gasol,1610612763.0,Memphis,Grizzlies,MEM,5,201145,Jeff Green,1610612763.0,Memphis,Grizzlies,MEM
0021500503,511,6,2,5,11:35 PM,4:45,Withey S.FOUL (P6.T1) (S.Twardoski),,,,,4.0,203481,Jeff Withey,1610612762.0,Utah,Jazz,UTA,5,201188,Marc Gasol,1610612763.0,Memphis,Grizzlies,MEM,1,0,,,,,
0021500503,513,8,0,5,11:35 PM,4:45,SUB: Pleiss FOR Withey,,,,,4.0,203481,Jeff Withey,1610612762.0,Utah,Jazz,UTA,4,202353,Tibor Pleiss,1610612762.0,Utah,Jazz,UTA,0,0,,,,,
0021500503,514,3,11,5,11:35 PM,4:45,,,Gasol Free Throw 1 of 2 (18 PTS),85 - 84,-1,5.0,201188,Marc Gasol,1610612763.0,Memphis,Grizzlies,MEM,0,0,,,,,,0,0,,,,,
0021500503,515,3,12,5,11:35 PM,4:45,,,MISS Gasol Free Throw 2 of 2,,,5.0,201188,Marc Gasol,1610612763.0,Memphis,Grizzlies,MEM,0,0,,,,,,0,0,,,,,
0021500503,517,4,0,5,11:36 PM,4:45,Hood REBOUND (Off:1 Def:7),,,,,4.0,203918,Rodney Hood,1610612762.0,Utah,Jazz,UTA,0,0,,,,,,0,0,,,,,
0021500503,518,1,79,5,11:36 PM,4:22,Hood 16' Pullup Jump Shot (30 PTS) (Booker 3 AST),,,85 - 86,1,4.0,203918,Rodney Hood,1610612762.0,Utah,Jazz,UTA,4,202344,Trevor Booker,1610612762.0,Utah,Jazz,UTA,0,0,,,,,
0021500503,519,1,1,5,11:36 PM,4:04,,,Gasol 18' Jump Shot (20 PTS) (Conley 4 AST),87 - 86,-1,5.0,201188,Marc Gasol,1610612763.0,Memphis,Grizzlies,MEM,5,201144,Mike Conley,1610612763.0,Memphis,Grizzlies,MEM,0,0,,,,,
0021500503,520,5,1,5,11:37 PM,3:41,Hayward Bad Pass Turnover (P2.T17),,Lee STEAL (3 STL),,,4.0,202330,Gordon Hayward,1610612762.0,Utah,Jazz,UTA,5,201584,Courtney Lee,1610612763.0,Memphis,Grizzlies,MEM,0,0,,,,,
0021500503,521,2,1,5,11:37 PM,3:21,,,MISS Conley 25' 3PT Jump Shot,,,5.0,201144,Mike Conley,1610612763.0,Memphis,Grizzlies,MEM,0,0,,,,,,0,0,,,,,
0021500503,522,4,0,5,11:37 PM,3:19,Booker REBOUND (Off:4 Def:5),,,,,4.0,202344,Trevor Booker,1610612762.0,Utah,Jazz,UTA,0,0,,,,,,0,0,,,,,
0021500503,523,2,1,5,11:37 PM,2:59,MISS Hood 24' 3PT Jump Shot,,,,,4.0,203918,Rodney Hood,1610612762.0,Utah,Jazz,UTA,0,0,,,,,,0,0,,,,,
0021500503,524,4,0,5,11:38 PM,2:58,,,Green REBOUND (Off:1 Def:9),,,5.0,201145,Jeff Green,1610612763.0,Memphis,Grizzlies,MEM,0,0,,,,,,0,0,,,,,
0021500503,525,6,1,5,11:38 PM,2:58,Pleiss P.FOUL (P5.T2) (S.Wright),,,,,4.0,202353,Tibor Pleiss,1610612762.0,Utah,Jazz,UTA,5,201145,Jeff Green,1610612763.0,Memphis,Grizzlies,MEM,1,0,,,,,
0021500503,526,5,1,5,11:38 PM,2:37,,,Conley Bad Pass Turnover (P1.T12),,,5.0,201144,Mike Conley,1610612763.0,Memphis,Grizzlies,MEM,0,0,,,,,,0,0,,,,,
0021500503,527,2,1,5,11:39 PM,2:22,MISS Burke 14' Jump Shot,,,,,4.0,203504,Trey Burke,1610612762.0,Utah,Jazz,UTA,0,0,,,,,,0,0,,,,,
0021500503,528,4,0,5,11:39 PM,2:21,,,Allen REBOUND (Off:1 Def:7),,,5.0,2754,Tony Allen,1610612763.0,Memphis,Grizzlies,MEM,0,0,,,,,,0,0,,,,,
0021500503,529,2,42,5,11:39 PM,2:03,,,MISS Gasol 3' Driving Layup,,,5.0,201188,Marc Gasol,1610612763.0,Memphis,Grizzlies,MEM,0,0,,,,,,0,0,,,,,
0021500503,530,4,0,5,11:39 PM,2:02,Pleiss REBOUND (Off:1 Def:5),,,,,4.0,202353,Tibor Pleiss,1610612762.0,Utah,Jazz,UTA,0,0,,,,,,0,0,,,,,
0021500503,531,2,5,5,11:39 PM,1:46,MISS Pleiss 2' Layup,,,,,4.0,202353,Tibor Pleiss,1610612762.0,Utah,Jazz,UTA,0,0,,,,,,0,0,,,,,
0021500503,532,4,0,5,11:39 PM,1:45,,,Conley REBOUND (Off:1 Def:3),,,5.0,201144,Mike Conley,1610612763.0,Memphis,Grizzlies,MEM,0,0,,,,,,0,0,,,,,
0021500503,533,2,1,5,11:40 PM,1:25,Booker BLOCK (2 BLK),,MISS Green 24' 3PT Jump Shot,,,5.0,201145,Jeff Green,1610612763.0,Memphis,Grizzlies,MEM,0,0,,,,,,4,202344,Trevor Booker,1610612762.0,Utah,Jazz,UTA
0021500503,534,4,0,5,11:40 PM,1:24,,,Grizzlies Rebound,,,3.0,1610612763,,,,,,0,0,,,,,,0,0,,,,,
0021500503,535,5,11,5,11:40 PM,1:24,,,Grizzlies Turnover: Shot Clock (T#13),,,3.0,1610612763,,,,,,0,0,,,,,,1,0,,,,,
0021500503,536,8,0,5,11:40 PM,1:24,SUB: Ingles FOR Pleiss,,,,,4.0,202353,Tibor Pleiss,1610612762.0,Utah,Jazz,UTA,4,204060,Joe Ingles,1610612762.0,Utah,Jazz,UTA,0,0,,,,,
0021500503,537,6,2,5,11:40 PM,1:08,,,Gasol S.FOUL (P2.T1) (J.Tiven),,,5.0,201188,Marc Gasol,1610612763.0,Memphis,Grizzlies,MEM,4,202344,Trevor Booker,1610612762.0,Utah,Jazz,UTA,1,0,,,,,
0021500503,538,3,11,5,11:41 PM,1:08,MISS Booker Free Throw 1 of 2,,,,,4.0,202344,Trevor Booker,1610612762.0,Utah,Jazz,UTA,0,0,,,,,,0,0,,,,,
0021500503,539,4,1,5,11:41 PM,1:08,JAZZ Rebound,,,,,2.0,1610612762,,,,,,0,0,,,,,,0,0,,,,,
0021500503,540,8,0,5,11:41 PM,1:08,SUB: Pleiss FOR Burke,,,,,4.0,203504,Trey Burke,1610612762.0,Utah,Jazz,UTA,4,202353,Tibor Pleiss,1610612762.0,Utah,Jazz,UTA,0,0,,,,,
0021500503,542,8,0,5,11:41 PM,1:08,,,SUB: Randolph FOR Allen,,,5.0,2754,Tony Allen,1610612763.0,Memphis,Grizzlies,MEM,5,2216,Zach Randolph,1610612763.0,Memphis,Grizzlies,MEM,0,0,,,,,
0021500503,544,8,0,5,11:41 PM,1:08,SUB: Johnson FOR Ingles,,,,,4.0,204060,Joe Ingles,1610612762.0,Utah,Jazz,UTA,4,203187,Chris Johnson,1610612762.0,Utah,Jazz,UTA,0,0,,,,,
0021500503,545,3,12,5,11:41 PM,1:08,Booker Free Throw 2 of 2 (1 PTS),,,87 - 87,TIE,4.0,202344,Trevor Booker,1610612762.0,Utah,Jazz,UTA,0,0,,,,,,0,0,,,,,
0021500503,547,2,1,5,11:42 PM,0:52,,,MISS Gasol 19' Jump Shot,,,5.0,201188,Marc Gasol,1610612763.0,Memphis,Grizzlies,MEM,0,0,,,,,,0,0,,,,,
0021500503,548,4,0,5,11:42 PM,0:52,Hayward REBOUND (Off:0 Def:5),,,,,4.0,202330,Gordon Hayward,1610612762.0,Utah,Jazz,UTA,0,0,,,,,,0,0,,,,,
0021500503,549,9,1,5,11:42 PM,0:45,JAZZ Timeout: Regular (Full 6 Short 2),,,,,2.0,1610612762,,,,,,0,0,,,,,,0,0,,,,,
0021500503,551,8,0,5,11:44 PM,0:45,,,SUB: Allen FOR Randolph,,,5.0,2216,Zach Randolph,1610612763.0,Memphis,Grizzlies,MEM,5,2754,Tony Allen,1610612763.0,Memphis,Grizzlies,MEM,0,0,,,,,
0021500503,552,8,0,5,11:44 PM,0:45,SUB: Ingles FOR Pleiss,,,,,4.0,202353,Tibor Pleiss,1610612762.0,Utah,Jazz,UTA,4,204060,Joe Ingles,1610612762.0,Utah,Jazz,UTA,0,0,,,,,
0021500503,553,8,0,5,11:44 PM,0:45,SUB: Burke FOR Johnson,,,,,4.0,203187,Chris Johnson,1610612762.0,Utah,Jazz,UTA,4,203504,Trey Burke,1610612762.0,Utah,Jazz,UTA,0,0,,,,,
0021500503,554,6,2,5,11:44 PM,0:29,,,Conley S.FOUL (P1.PN) (J.Tiven),,,5.0,201144,Mike Conley,1610612763.0,Memphis,Grizzlies,MEM,4,203918,Rodney Hood,1610612762.0,Utah,Jazz,UTA,1,0,,,,,
0021500503,555,18,0,5,11:45 PM,0:29,,,,,,,554,,,,,,0,0,,,,,,1,0,,,,,
0021500503,556,3,11,5,11:46 PM,0:29,Hood Free Throw 1 of 2 (31 PTS),,,87 - 88,1,4.0,203918,Rodney Hood,1610612762.0,Utah,Jazz,UTA,0,0,,,,,,0,0,,,,,
0021500503,558,3,12,5,11:46 PM,0:29,Hood Free Throw 2 of 2 (32 PTS),,,87 - 89,2,4.0,203918,Rodney Hood,1610612762.0,Utah,Jazz,UTA,0,0,,,,,,0,0,,,,,
0021500503,560,9,1,5,11:46 PM,0:29,,,Grizzlies Timeout: Regular (Reg.6 Short 1),,,3.0,1610612763,,,,,,0,0,,,,,,0,0,,,,,
0021500503,561,8,0,5,11:48 PM,0:29,SUB: Johnson FOR Burke,,,,,4.0,203504,Trey Burke,1610612762.0,Utah,Jazz,UTA,4,203187,Chris Johnson,1610612762.0,Utah,Jazz,UTA,0,0,,,,,
0021500503,562,8,0,5,11:48 PM,0:29,,,SUB: Randolph FOR Allen,,,5.0,2754,Tony Allen,1610612763.0,Memphis,Grizzlies,MEM,5,2216,Zach Randolph,1610612763.0,Memphis,Grizzlies,MEM,0,0,,,,,
0021500503,563,2,78,5,11:48 PM,0:19,,,MISS Conley 11' Floating Jump Shot,,,5.0,201144,Mike Conley,1610612763.0,Memphis,Grizzlies,MEM,0,0,,,,,,0,0,,,,,
0021500503,564,4,0,5,11:49 PM,0:17,Booker REBOUND (Off:4 Def:6),,,,,4.0,202344,Trevor Booker,1610612762.0,Utah,Jazz,UTA,0,0,,,,,,0,0,,,,,
0021500503,565,6,1,5,11:49 PM,0:16,,,Gasol P.FOUL (P3.PN) (S.Wright),,,5.0,201188,Marc Gasol,1610612763.0,Memphis,Grizzlies,MEM,4,202344,Trevor Booker,1610612762.0,Utah,Jazz,UTA,1,0,,,,,
0021500503,566,3,11,5,11:49 PM,0:16,Booker Free Throw 1 of 2 (2 PTS),,,87 - 90,3,4.0,202344,Trevor Booker,1610612762.0,Utah,Jazz,UTA,0,0,,,,,,0,0,,,,,
0021500503,568,3,12,5,11:49 PM,0:16,MISS Booker Free Throw 2 of 2,,,,,4.0,202344,Trevor Booker,1610612762.0,Utah,Jazz,UTA,0,0,,,,,,0,0,,,,,
0021500503,570,4,0,5,11:50 PM,0:16,,,Randolph REBOUND (Off:1 Def:4),,,5.0,2216,Zach Randolph,1610612763.0,Memphis,Grizzlies,MEM,0,0,,,,,,0,0,,,,,
0021500503,571,9,2,5,11:50 PM,0:16,,,Grizzlies Timeout: Short (Reg.6 Short 2),,,3.0,1610612763,,,,,,0,0,,,,,,0,0,,,,,
0021500503,573,2,1,5,11:51 PM,0:03,,,MISS Lee 25' 3PT Jump Shot,,,5.0,201584,Courtney Lee,1610612763.0,Memphis,Grizzlies,MEM,0,0,,,,,,0,0,,,,,
0021500503,574,4,0,5,11:51 PM,0:02,Booker REBOUND (Off:4 Def:7),,,,,4.0,202344,Trevor Booker,1610612762.0,Utah,Jazz,UTA,0,0,,,,,,0,0,,,,,
0021500503,575,6,1,5,11:51 PM,0:02,,,Gasol P.FOUL (P4.PN) (J.Tiven),,,5.0,201188,Marc Gasol,1610612763.0,Memphis,Grizzlies,MEM,4,202344,Trevor Booker,1610612762.0,Utah,Jazz,UTA,1,0,,,,,
0021500503,576,3,11,5,11:52 PM,0:02,Booker Free Throw 1 of 2 (3 PTS),,,87 - 91,4,4.0,202344,Trevor Booker,1610612762.0,Utah,Jazz,UTA,0,0,,,,,,0,0,,,,,
0021500503,578,3,12,5,11:52 PM,0:02,Booker Free Throw 2 of 2 (4 PTS),,,87 - 92,5,4.0,202344,Trevor Booker,1610612762.0,Utah,Jazz,UTA,0,0,,,,,,0,0,,,,,
0021500503,580,13,0,5,11:52 PM,0:00,,,,87 - 92,5,0.0,0,,,,,,0,0,,,,,,0,0,,,,,
