GAME_ID,EVENTNUM,EVENTMSGTYPE,EVENTMSGACTIONTYPE,PERIOD,WCTIMESTRING,PCTIMESTRING,HOMEDESCRIPTION,NEUTRALDESCRIPTION,VISITORDESCRIPTION,SCORE,SCOREMARGIN,PERSON1TYPE,PLAYER1_ID,PLAYER1_NAME,PLAYER1_TEAM_ID,PLAYER1_TEAM_CITY,PLAYER1_TEAM_NICKNAME,PLAYER1_TEAM_ABBREVIATION,PERSON2TYPE,PLAYER2_ID,PLAYER2_NAME,PLAYER2_TEAM_ID,PLAYER2_TEAM_CITY,PLAYER2_TEAM_NICKNAME,PLAYER2_TEAM_ABBREVIATION,PERSON3TYPE,PLAYER3_ID,PLAYER3_NAME,PLAYER3_TEAM_ID,PLAYER3_TEAM_CITY,PLAYER3_TEAM_NICKNAME,PLAYER3_TEAM_ABBREVIATION
0021500138,0,12,0,1,3:43 PM,12:00,,,,,,0,0,,,,,,0,0,,,,,,0,0,,,,,
0021500138,1,10,0,1,3:43 PM,12:00,Jump Ball Jordan vs. Drummond: Tip to Griffin,,,,,4,201599,DeAndre Jordan,1610612746.0,LA,Clippers,LAC,5,203083,Andre Drummond,1610612765.0,Detroit,Pistons,DET,4,201933,Blake Griffin,1610612746.0,LA,Clippers,LAC
0021500138,2,2,1,1,3:43 PM,11:44,MISS Crawford 16' Jump Shot,,,,,4,2037,Jamal Crawford,1610612746.0,LA,Clippers,LAC,0,0,,,,,,0,0,,,,,
0021500138,3,4,0,1,3:43 PM,11:42,,,Drummond REBOUND (Off:0 Def:1),,,5,203083,Andre Drummond,1610612765.0,Detroit,Pistons,DET,0,0,,,,,,0,0,,,,,
0021500138,4,2,1,1,3:43 PM,11:30,,,MISS Marc Morris 25' 3PT Jump Shot,,,5,202694,Marcus Morris,1610612765.0,Detroit,Pistons,DET,0,0,,,,,,0,0,,,,,
0021500138,5,4,0,1,3:43 PM,11:30,,,Drummond REBOUND (Off:1 Def:1),,,5,203083,Andre Drummond,1610612765.0,Detroit,Pistons,DET,0,0,,,,,,0,0,,,,,
0021500138,6,1,5,1,3:43 PM,11:26,,,Ilyasova 1' Layup (2 PTS) (Drummond 1 AST),2 - 0,-2,5,101141,Ersan Ilyasova,1610612765.0,Detroit,Pistons,DET,5,203083,Andre Drummond,1610612765.0,Detroit,Pistons,DET,0,0,,,,,
0021500138,7,1,1,1,3:44 PM,11:08,Rivers 24' 3PT Jump Shot (3 PTS) (Crawford 1 AST),,,2 - 3,1,4,203085,Austin Rivers,1610612746.0,LA,Clippers,LAC,4,2037,Jamal Crawford,1610612746.0,LA,Clippers,LAC,0,0,,,,,
0021500138,8,6,2,1,3:44 PM,10:55,Jordan S.FOUL (P1.T1) (J.Phillips),,,,,4,201599,DeAndre Jordan,1610612746.0,LA,Clippers,LAC,5,203083,Andre Drummond,1610612765.0,Detroit,Pistons,DET,1,0,,,,,
0021500138,9,3,11,1,3:44 PM,10:55,,,MISS Drummond Free Throw 1 of 2,,,5,203083,Andre Drummond,1610612765.0,Detroit,Pistons,DET,0,0,,,,,,0,0,,,,,
0021500138,10,4,1,1,3:44 PM,10:55,,,Pistons Rebound,,,3,1610612765,,,,,,0,0,,,,,,0,0,,,,,
0021500138,11,3,12,1,3:44 PM,10:55,,,MISS Drummond Free Throw 2 of 2,,,5,203083,Andre Drummond,1610612765.0,Detroit,Pistons,DET,0,0,,,,,,0,0,,,,,
0021500138,13,4,0,1,3:44 PM,10:54,Jordan REBOUND (Off:0 Def:1),,,,,4,201599,DeAndre Jordan,1610612746.0,LA,Clippers,LAC,0,0,,,,,,0,0,,,,,
0021500138,14,2,1,1,3:45 PM,10:43,MISS Griffin 17' Jump Shot,,,,,4,201933,Blake Griffin,1610612746.0,LA,Clippers,LAC,0,0,,,,,,0,0,,,,,
0021500138,15,4,0,1,3:45 PM,10:42,,,Drummond REBOUND (Off:1 Def:2),,,5,203083,Andre Drummond,1610612765.0,Detroit,Pistons,DET,0,0,,,,,,0,0,,,,,
0021500138,16,1,101,1,3:45 PM,10:33,,,Jackson 6' Driving Floating Jump Shot (2 PTS),4 - 3,-1,5,202704,Reggie Jackson,1610612765.0,Detroit,Pistons,DET,0,0,,,,,,0,0,,,,,
0021500138,17,2,3,1,3:45 PM,10:17,MISS Griffin 7' Hook Shot,,,,,4,201933,Blake Griffin,1610612746.0,LA,Clippers,LAC,0,0,,,,,,0,0,,,,,
0021500138,18,4,0,1,3:45 PM,10:15,,,Drummond REBOUND (Off:1 Def:3),,,5,203083,Andre Drummond,1610612765.0,Detroit,Pistons,DET,0,0,,,,,,0,0,,,,,
0021500138,19,1,1,1,3:45 PM,10:09,,,Ilyasova 25' 3PT Jump Shot (5 PTS) (Jackson 1 AST),7 - 3,-4,5,101141,Ersan Ilyasova,1610612765.0,Detroit,Pistons,DET,5,202704,Reggie Jackson,1610612765.0,Detroit,Pistons,DET,0,0,,,,,
0021500138,20,2,86,1,3:46 PM,9:43,MISS Pierce 18' Turnaround Fadeaway Shot,,,,,4,1718,Paul Pierce,1610612746.0,LA,Clippers,LAC,0,0,,,,,,0,0,,,,,
0021500138,21,4,0,1,3:46 PM,9:40,Jordan REBOUND (Off:1 Def:1),,,,,4,201599,DeAndre Jordan,1610612746.0,LA,Clippers,LAC,0,0,,,,,,0,0,,,,,
0021500138,22,1,97,1,3:46 PM,9:37,Jordan 1' Tip Layup Shot (2 PTS),,,7 - 5,-2,4,201599,DeAndre Jordan,1610612746.0,LA,Clippers,LAC,0,0,,,,,,0,0,,,,,
0021500138,23,1,1,1,3:46 PM,9:23,,,Jackson 25' 3PT Jump Shot (5 PTS) (Caldwell-Pope 1 AST),10 - 5,-5,5,202704,Reggie Jackson,1610612765.0,Detroit,Pistons,DET,5,203484,Kentavious Caldwell-Pope,1610612765.0,Detroit,Pistons,DET,0,0,,,,,
0021500138,25,5,11,1,3:47 PM,8:49,CLIPPERS Turnover: Shot Clock (T#1),,,,,2,1610612746,,,,,,0,0,,,,,,1,0,,,,,
0021500138,26,1,1,1,3:47 PM,8:38,,,Ilyasova 24' 3PT Jump Shot (8 PTS) (Jackson 2 AST),13 - 5,-8,5,101141,Ersan Ilyasova,1610612765.0,Detroit,Pistons,DET,5,202704,Reggie Jackson,1610612765.0,Detroit,Pistons,DET,0,0,,,,,
0021500138,28,6,1,1,3:48 PM,8:17,,,Ilyasova P.FOUL (P1.T1) (J.Phillips),,,5,101141,Ersan Ilyasova,1610612765.0,Detroit,Pistons,DET,4,201933,Blake Griffin,1610612746.0,LA,Clippers,LAC,1,0,,,,,
0021500138,29,3,11,1,3:48 PM,8:17,MISS Griffin Free Throw 1 of 2,,,,,4,201933,Blake Griffin,1610612746.0,LA,Clippers,LAC,0,0,,,,,,0,0,,,,,
0021500138,30,4,1,1,3:48 PM,8:17,CLIPPERS Rebound,,,,,2,1610612746,,,,,,0,0,,,,,,0,0,,,,,
0021500138,31,3,12,1,3:48 PM,8:17,Griffin Free Throw 2 of 2 (1 PTS),,,13 - 6,-7,4,201933,Blake Griffin,1610612746.0,LA,Clippers,LAC,0,0,,,,,,0,0,,,,,
0021500138,33,2,1,1,3:49 PM,7:59,,,MISS Marc Morris 19' Jump Shot,,,5,202694,Marcus Morris,1610612765.0,Detroit,Pistons,DET,0,0,,,,,,0,0,,,,,
0021500138,34,4,0,1,3:49 PM,7:58,Jordan REBOUND (Off:1 Def:2),,,,,4,201599,DeAndre Jordan,1610612746.0,LA,Clippers,LAC,0,0,,,,,,0,0,,,,,
0021500138,35,1,52,1,3:49 PM,7:48,Jordan  Alley Oop Dunk (4 PTS) (Griffin 1 AST),,,13 - 8,-5,4,201599,DeAndre Jordan,1610612746.0,LA,Clippers,LAC,4,201933,Blake Griffin,1610612746.0,LA,Clippers,LAC,0,0,,,,,
0021500138,36,1,1,1,3:49 PM,7:30,,,Jackson 24' 3PT Jump Shot (8 PTS),16 - 8,-8,5,202704,Reggie Jackson,1610612765.0,Detroit,Pistons,DET,0,0,,,,,,0,0,,,,,
0021500138,37,1,5,1,3:50 PM,7:09,Jordan 1' Layup (6 PTS) (Griffin 2 AST),,,16 - 10,-6,4,201599,DeAndre Jordan,1610612746.0,LA,Clippers,LAC,4,201933,Blake Griffin,1610612746.0,LA,Clippers,LAC,0,0,,,,,
0021500138,38,1,58,1,3:50 PM,6:49,,,Drummond 6' Turnaround Hook Shot (2 PTS),18 - 10,-8,5,203083,Andre Drummond,1610612765.0,Detroit,Pistons,DET,0,0,,,,,,0,0,,,,,
0021500138,39,1,1,1,3:50 PM,6:24,Crawford 18' Jump Shot (2 PTS) (Griffin 3 AST),,,18 - 12,-6,4,2037,Jamal Crawford,1610612746.0,LA,Clippers,LAC,4,201933,Blake Griffin,1610612746.0,LA,Clippers,LAC,0,0,,,,,
0021500138,41,1,78,1,3:50 PM,6:11,,,Jackson 15' Floating Jump Shot (10 PTS),20 - 12,-8,5,202704,Reggie Jackson,1610612765.0,Detroit,Pistons,DET,0,0,,,,,,0,0,,,,,
0021500138,42,2,5,1,3:51 PM,6:01,MISS Griffin 3' Layup,,,,,4,201933,Blake Griffin,1610612746.0,LA,Clippers,LAC,0,0,,,,,,0,0,,,,,
0021500138,43,4,0,1,3:51 PM,6:00,Griffin REBOUND (Off:1 Def:0),,,,,4,201933,Blake Griffin,1610612746.0,LA,Clippers,LAC,0,0,,,,,,0,0,,,,,
0021500138,44,1,97,1,3:51 PM,5:56,Griffin  Tip Layup Shot (3 PTS),,,20 - 14,-6,4,201933,Blake Griffin,1610612746.0,LA,Clippers,LAC,0,0,,,,,,0,0,,,,,
0021500138,45,1,98,1,3:51 PM,5:33,,,Caldwell-Pope 1' Cutting Layup Shot (2 PTS) (Jackson 3 AST),22 - 14,-8,5,203484,Kentavious Caldwell-Pope,1610612765.0,Detroit,Pistons,DET,5,202704,Reggie Jackson,1610612765.0,Detroit,Pistons,DET,0,0,,,,,
0021500138,46,2,1,1,3:51 PM,5:22,MISS Crawford 25' 3PT Jump Shot,,,,,4,2037,Jamal Crawford,1610612746.0,LA,Clippers,LAC,0,0,,,,,,0,0,,,,,
0021500138,47,4,0,1,3:51 PM,5:21,,,Jackson REBOUND (Off:0 Def:1),,,5,202704,Reggie Jackson,1610612765.0,Detroit,Pistons,DET,0,0,,,,,,0,0,,,,,
0021500138,48,1,1,1,3:51 PM,5:15,,,Ilyasova 24' 3PT Jump Shot (11 PTS) (Jackson 4 AST),25 - 14,-11,5,101141,Ersan Ilyasova,1610612765.0,Detroit,Pistons,DET,5,202704,Reggie Jackson,1610612765.0,Detroit,Pistons,DET,0,0,,,,,
0021500138,50,9,1,1,3:52 PM,5:10,CLIPPERS Timeout: Regular (Full 1 Short 0),,,,,2,1610612746,,,,,,0,0,,,,,,0,0,,,,,
0021500138,52,8,0,1,3:54 PM,5:10,,,SUB: Johnson FOR Marc Morris,,,5,202694,Marcus Morris,1610612765.0,Detroit,Pistons,DET,5,1626169,Stanley Johnson,1610612765.0,Detroit,Pistons,DET,0,0,,,,,
0021500138,53,2,5,1,3:54 PM,4:55,MISS Pierce 2' Layup,,,,,4,1718,Paul Pierce,1610612746.0,LA,Clippers,LAC,0,0,,,,,,0,0,,,,,
0021500138,54,4,0,1,3:55 PM,4:55,Pierce REBOUND (Off:1 Def:0),,,,,4,1718,Paul Pierce,1610612746.0,LA,Clippers,LAC,0,0,,,,,,0,0,,,,,
0021500138,55,5,1,1,3:55 PM,4:52,Pierce Bad Pass Turnover (P1.T2),,Caldwell-Pope STEAL (1 STL),,,4,1718,Paul Pierce,1610612746.0,LA,Clippers,LAC,5,203484,Kentavious Caldwell-Pope,1610612765.0,Detroit,Pistons,DET,0,0,,,,,
0021500138,56,5,4,1,3:55 PM,4:49,,,Jackson Traveling Turnover (P1.T1),,,5,202704,Reggie Jackson,1610612765.0,Detroit,Pistons,DET,0,0,,,,,,1,0,,,,,
0021500138,57,2,5,1,3:55 PM,4:33,MISS Griffin 2' Layup,,,,,4,201933,Blake Griffin,1610612746.0,LA,Clippers,LAC,0,0,,,,,,0,0,,,,,
0021500138,58,4,0,1,3:55 PM,4:32,,,Jackson REBOUND (Off:0 Def:2),,,5,202704,Reggie Jackson,1610612765.0,Detroit,Pistons,DET,0,0,,,,,,0,0,,,,,
0021500138,61,6,4,1,3:56 PM,4:17,,,Drummond OFF.Foul (P1) (K.Fitzgerald),,,5,203083,Andre Drummond,1610612765.0,Detroit,Pistons,DET,4,2037,Jamal Crawford,1610612746.0,LA,Clippers,LAC,1,0,,,,,
0021500138,90,5,37,1,3:56 PM,4:17,,,Drummond Offensive Foul Turnover (P1.T2),,,5,203083,Andre Drummond,1610612765.0,Detroit,Pistons,DET,0,0,,,,,,1,0,,,,,
0021500138,62,8,0,1,3:56 PM,4:17,SUB: W. Johnson FOR Pierce,,,,,4,1718,Paul Pierce,1610612746.0,LA,Clippers,LAC,4,202325,Wesley Johnson,1610612746.0,LA,Clippers,LAC,0,0,,,,,
0021500138,63,6,2,1,3:56 PM,4:03,,,Ilyasova S.FOUL (P2.T2) (D.Taylor),,,5,101141,Ersan Ilyasova,1610612765.0,Detroit,Pistons,DET,4,203085,Austin Rivers,1610612746.0,LA,Clippers,LAC,1,0,,,,,
0021500138,64,3,11,1,3:57 PM,4:03,Rivers Free Throw 1 of 2 (4 PTS),,,25 - 15,-10,4,203085,Austin Rivers,1610612746.0,LA,Clippers,LAC,0,0,,,,,,0,0,,,,,
0021500138,66,6,11,1,3:57 PM,4:03,,,,,,6,1941,,,,,,0,0,,,,,,1,0,,,,,
0021500138,67,8,0,1,3:57 PM,4:03,,,SUB: Tolliver FOR Ilyasova,,,5,101141,Ersan Ilyasova,1610612765.0,Detroit,Pistons,DET,5,201229,Anthony Tolliver,1610612765.0,Detroit,Pistons,DET,0,0,,,,,
0021500138,68,3,16,1,3:57 PM,4:03,,,Caldwell-Pope Free Throw Technical (3 PTS),26 - 15,-11,5,203484,Kentavious Caldwell-Pope,1610612765.0,Detroit,Pistons,DET,0,0,,,,,,0,0,,,,,
0021500138,70,3,12,1,3:58 PM,4:03,MISS Rivers Free Throw 2 of 2,,,,,4,203085,Austin Rivers,1610612746.0,LA,Clippers,LAC,0,0,,,,,,0,0,,,,,
0021500138,72,4,0,1,3:58 PM,4:02,,,Drummond REBOUND (Off:1 Def:4),,,5,203083,Andre Drummond,1610612765.0,Detroit,Pistons,DET,0,0,,,,,,0,0,,,,,
0021500138,74,2,1,1,3:58 PM,3:47,,,MISS Caldwell-Pope 25' 3PT Jump Shot,,,5,203484,Kentavious Caldwell-Pope,1610612765.0,Detroit,Pistons,DET,0,0,,,,,,0,0,,,,,
0021500138,75,4,0,1,3:58 PM,3:46,Jordan REBOUND (Off:1 Def:3),,,,,4,201599,DeAndre Jordan,1610612746.0,LA,Clippers,LAC,0,0,,,,,,0,0,,,,,
0021500138,76,1,46,1,3:58 PM,3:34,Griffin 2' Running Jump Shot (5 PTS),,,26 - 17,-9,4,201933,Blake Griffin,1610612746.0,LA,Clippers,LAC,0,0,,,,,,0,0,,,,,
0021500138,77,2,78,1,3:59 PM,3:14,,,MISS Drummond 11' Floating Jump Shot,,,5,203083,Andre Drummond,1610612765.0,Detroit,Pistons,DET,0,0,,,,,,0,0,,,,,
0021500138,78,4,0,1,3:59 PM,3:12,,,Caldwell-Pope REBOUND (Off:1 Def:0),,,5,203484,Kentavious Caldwell-Pope,1610612765.0,Detroit,Pistons,DET,0,0,,,,,,0,0,,,,,
0021500138,79,2,78,1,3:59 PM,3:00,,,MISS Drummond 10' Floating Jump Shot,,,5,203083,Andre Drummond,1610612765.0,Detroit,Pistons,DET,0,0,,,,,,0,0,,,,,
0021500138,80,4,0,1,3:59 PM,2:57,Griffin REBOUND (Off:1 Def:1),,,,,4,201933,Blake Griffin,1610612746.0,LA,Clippers,LAC,0,0,,,,,,0,0,,,,,
0021500138,81,1,52,1,3:59 PM,2:49,Jordan  Alley Oop Dunk (8 PTS) (Crawford 2 AST),,,26 - 19,-7,4,201599,DeAndre Jordan,1610612746.0,LA,Clippers,LAC,4,2037,Jamal Crawford,1610612746.0,LA,Clippers,LAC,0,0,,,,,
0021500138,82,9,1,1,3:59 PM,2:42,,,Pistons Timeout: Regular (Reg.1 Short 0),,,3,1610612765,,,,,,0,0,,,,,,0,0,,,,,
0021500138,84,8,0,1,4:01 PM,2:42,,,SUB: Blake FOR Caldwell-Pope,,,5,203484,Kentavious Caldwell-Pope,1610612765.0,Detroit,Pistons,DET,5,2581,Steve Blake,1610612765.0,Detroit,Pistons,DET,0,0,,,,,
0021500138,85,8,0,1,4:01 PM,2:42,,,SUB: Marc Morris FOR Jackson,,,5,202704,Reggie Jackson,1610612765.0,Detroit,Pistons,DET,5,202694,Marcus Morris,1610612765.0,Detroit,Pistons,DET,0,0,,,,,
0021500138,86,8,0,1,4:02 PM,2:42,SUB: Smith FOR Griffin,,,,,4,201933,Blake Griffin,1610612746.0,LA,Clippers,LAC,4,2746,Josh Smith,1610612746.0,LA,Clippers,LAC,0,0,,,,,
0021500138,87,2,1,1,4:02 PM,2:22,,,MISS Marc Morris 26' 3PT Jump Shot,,,5,202694,Marcus Morris,1610612765.0,Detroit,Pistons,DET,0,0,,,,,,0,0,,,,,
0021500138,88,4,0,1,4:02 PM,2:21,Rivers REBOUND (Off:0 Def:1),,,,,4,203085,Austin Rivers,1610612746.0,LA,Clippers,LAC,0,0,,,,,,0,0,,,,,
0021500138,89,1,66,1,4:03 PM,2:05,Crawford 9' Jump Bank Shot (4 PTS) (Jordan 1 AST),,,26 - 21,-5,4,2037,Jamal Crawford,1610612746.0,LA,Clippers,LAC,4,201599,DeAndre Jordan,1610612746.0,LA,Clippers,LAC,0,0,,,,,
0021500138,91,2,1,1,4:03 PM,1:43,,,MISS Marc Morris 24' 3PT Jump Shot,,,5,202694,Marcus Morris,1610612765.0,Detroit,Pistons,DET,0,0,,,,,,0,0,,,,,
0021500138,92,4,0,1,4:03 PM,1:42,Jordan REBOUND (Off:1 Def:4),,,,,4,201599,DeAndre Jordan,1610612746.0,LA,Clippers,LAC,0,0,,,,,,0,0,,,,,
0021500138,93,6,2,1,4:03 PM,1:35,,,Johnson S.FOUL (P1.T3) (J.Phillips),,,5,1626169,Stanley Johnson,1610612765.0,Detroit,Pistons,DET,4,2037,Jamal Crawford,1610612746.0,LA,Clippers,LAC,1,0,,,,,
0021500138,94,3,11,1,4:04 PM,1:35,Crawford Free Throw 1 of 2 (5 PTS),,,26 - 22,-4,4,2037,Jamal Crawford,1610612746.0,LA,Clippers,LAC,0,0,,,,,,0,0,,,,,
0021500138,96,8,0,1,4:04 PM,1:35,SUB: Prigioni FOR Rivers,,,,,4,203085,Austin Rivers,1610612746.0,LA,Clippers,LAC,4,203143,Pablo Prigioni,1610612746.0,LA,Clippers,LAC,0,0,,,,,
0021500138,97,3,12,1,4:04 PM,1:35,Crawford Free Throw 2 of 2 (6 PTS),,,26 - 23,-3,4,2037,Jamal Crawford,1610612746.0,LA,Clippers,LAC,0,0,,,,,,0,0,,,,,
0021500138,100,2,1,1,4:04 PM,1:13,,,MISS Johnson 24' 3PT Jump Shot,,,5,1626169,Stanley Johnson,1610612765.0,Detroit,Pistons,DET,0,0,,,,,,0,0,,,,,
0021500138,101,4,0,1,4:04 PM,1:12,Crawford REBOUND (Off:0 Def:1),,,,,4,2037,Jamal Crawford,1610612746.0,LA,Clippers,LAC,0,0,,,,,,0,0,,,,,
0021500138,103,6,1,1,4:05 PM,1:02,,,Tolliver P.FOUL (P1.PN) (K.Fitzgerald),,,5,201229,Anthony Tolliver,1610612765.0,Detroit,Pistons,DET,4,2746,Josh Smith,1610612746.0,LA,Clippers,LAC,1,0,,,,,
0021500138,105,3,11,1,4:05 PM,1:02,Smith Free Throw 1 of 2 (1 PTS),,,26 - 24,-2,4,2746,Josh Smith,1610612746.0,LA,Clippers,LAC,0,0,,,,,,0,0,,,,,
0021500138,107,3,12,1,4:05 PM,1:02,Smith Free Throw 2 of 2 (2 PTS),,,26 - 25,-1,4,2746,Josh Smith,1610612746.0,LA,Clippers,LAC,0,0,,,,,,0,0,,,,,
0021500138,110,2,1,1,4:06 PM,0:44,,,MISS Marc Morris 14' Jump Shot,,,5,202694,Marcus Morris,1610612765.0,Detroit,Pistons,DET,0,0,,,,,,0,0,,,,,
0021500138,111,4,0,1,4:06 PM,0:43,W. Johnson REBOUND (Off:0 Def:1),,,,,4,202325,Wesley Johnson,1610612746.0,LA,Clippers,LAC,0,0,,,,,,0,0,,,,,
0021500138,112,2,1,1,4:06 PM,0:35,MISS Crawford 17' Jump Shot,,,,,4,2037,Jamal Crawford,1610612746.0,LA,Clippers,LAC,0,0,,,,,,0,0,,,,,
0021500138,113,4,0,1,4:06 PM,0:34,,,Drummond REBOUND (Off:1 Def:5),,,5,203083,Andre Drummond,1610612765.0,Detroit,Pistons,DET,0,0,,,,,,0,0,,,,,
0021500138,114,2,1,1,4:06 PM,0:21,Smith BLOCK (1 BLK),,MISS Drummond 6' Jump Shot,,,5,203083,Andre Drummond,1610612765.0,Detroit,Pistons,DET,0,0,,,,,,4,2746,Josh Smith,1610612746.0,LA,Clippers,LAC
0021500138,115,4,0,1,4:06 PM,0:20,,,Marc Morris REBOUND (Off:1 Def:0),,,5,202694,Marcus Morris,1610612765.0,Detroit,Pistons,DET,0,0,,,,,,0,0,,,,,
0021500138,116,1,108,1,4:06 PM,0:14,,,Drummond  Cutting Dunk Shot (4 PTS) (Marc Morris 1 AST),28 - 25,-3,5,203083,Andre Drummond,1610612765.0,Detroit,Pistons,DET,5,202694,Marcus Morris,1610612765.0,Detroit,Pistons,DET,0,0,,,,,
0021500138,118,5,45,1,4:06 PM,0:01,Crawford Out of Bounds - Bad Pass Turnover Turnover (P1.T3),,,,,4,2037,Jamal Crawford,1610612746.0,LA,Clippers,LAC,0,0,,,,,,0,0,,,,,
0021500138,119,2,1,1,4:07 PM,0:00,Crawford BLOCK (1 BLK),,MISS Johnson 63' 3PT Jump Shot,,,5,1626169,Stanley Johnson,1610612765.0,Detroit,Pistons,DET,0,0,,,,,,4,2037,Jamal Crawford,1610612746.0,LA,Clippers,LAC
0021500138,120,4,0,1,4:07 PM,0:00,,,Pistons Rebound,,,3,1610612765,,,,,,0,0,,,,,,0,0,,,,,
0021500138,121,13,0,1,4:07 PM,0:00,,,,28 - 25,-3,0,0,,,,,,0,0,,,,,,0,0,,,,,
0021500138,123,12,0,2,4:10 PM,12:00,,,,28 - 25,-3,0,0,,,,,,0,0,,,,,,0,0,,,,,
0021500138,124,5,8,2,4:10 PM,11:48,,,Johnson 3 Second Violation Turnover (P1.T3),,,5,1626169,Stanley Johnson,1610612765.0,Detroit,Pistons,DET,0,0,,,,,,1,0,,,,,
0021500138,125,2,1,2,4:10 PM,11:35,MISS W. Johnson 25' 3PT Jump Shot,,,,,4,202325,Wesley Johnson,1610612746.0,LA,Clippers,LAC,0,0,,,,,,0,0,,,,,
0021500138,126,4,0,2,4:10 PM,11:35,,,Tolliver REBOUND (Off:0 Def:1),,,5,201229,Anthony Tolliver,1610612765.0,Detroit,Pistons,DET,0,0,,,,,,0,0,,,,,
0021500138,128,8,0,2,4:11 PM,11:26,SUB: Stephenson FOR Crawford,,,,,4,2037,Jamal Crawford,1610612746.0,LA,Clippers,LAC,4,202362,Lance Stephenson,1610612746.0,LA,Clippers,LAC,0,0,,,,,
0021500138,129,5,1,2,4:11 PM,11:14,W. Johnson STEAL (1 STL),,Blake Bad Pass Turnover (P1.T4),,,5,2581,Steve Blake,1610612765.0,Detroit,Pistons,DET,4,202325,Wesley Johnson,1610612746.0,LA,Clippers,LAC,0,0,,,,,
0021500138,130,2,1,2,4:11 PM,11:06,MISS Smith 25' 3PT Jump Shot,,,,,4,2746,Josh Smith,1610612746.0,LA,Clippers,LAC,0,0,,,,,,0,0,,,,,
0021500138,131,4,0,2,4:11 PM,11:05,,,Johnson REBOUND (Off:0 Def:1),,,5,1626169,Stanley Johnson,1610612765.0,Detroit,Pistons,DET,0,0,,,,,,0,0,,,,,
0021500138,132,1,1,2,4:11 PM,10:56,,,Tolliver 24' 3PT Jump Shot (3 PTS) (Johnson 1 AST),31 - 25,-6,5,201229,Anthony Tolliver,1610612765.0,Detroit,Pistons,DET,5,1626169,Stanley Johnson,1610612765.0,Detroit,Pistons,DET,0,0,,,,,
0021500138,133,1,42,2,4:11 PM,10:36,Griffin  Driving Layup (7 PTS),,,31 - 27,-4,4,201933,Blake Griffin,1610612746.0,LA,Clippers,LAC,0,0,,,,,,0,0,,,,,
0021500138,134,6,2,2,4:12 PM,10:22,W. Johnson S.FOUL (P1.T1) (D.Taylor),,,,,4,202325,Wesley Johnson,1610612746.0,LA,Clippers,LAC,5,201229,Anthony Tolliver,1610612765.0,Detroit,Pistons,DET,1,0,,,,,
0021500138,135,3,11,2,4:12 PM,10:22,,,Tolliver Free Throw 1 of 2 (4 PTS),32 - 27,-5,5,201229,Anthony Tolliver,1610612765.0,Detroit,Pistons,DET,0,0,,,,,,0,0,,,,,
0021500138,137,3,12,2,4:12 PM,10:22,,,Tolliver Free Throw 2 of 2 (5 PTS),33 - 27,-6,5,201229,Anthony Tolliver,1610612765.0,Detroit,Pistons,DET,0,0,,,,,,0,0,,,,,
0021500138,140,5,2,2,4:13 PM,10:16,Stephenson Lost Ball Turnover (P1.T4),,Johnson STEAL (1 STL),,,4,202362,Lance Stephenson,1610612746.0,LA,Clippers,LAC,5,1626169,Stanley Johnson,1610612765.0,Detroit,Pistons,DET,0,0,,,,,
0021500138,141,1,50,2,4:13 PM,10:09,,,Johnson  Running Dunk (2 PTS),35 - 27,-8,5,1626169,Stanley Johnson,1610612765.0,Detroit,Pistons,DET,0,0,,,,,,0,0,,,,,
0021500138,142,5,1,2,4:13 PM,10:00,Smith Bad Pass Turnover (P1.T5),,Tolliver STEAL (1 STL),,,4,2746,Josh Smith,1610612746.0,LA,Clippers,LAC,5,201229,Anthony Tolliver,1610612765.0,Detroit,Pistons,DET,0,0,,,,,
0021500138,143,1,1,2,4:13 PM,9:49,,,Johnson 24' 3PT Jump Shot (5 PTS) (Tolliver 1 AST),38 - 27,-11,5,1626169,Stanley Johnson,1610612765.0,Detroit,Pistons,DET,5,201229,Anthony Tolliver,1610612765.0,Detroit,Pistons,DET,0,0,,,,,
0021500138,144,9,1,2,4:13 PM,9:44,CLIPPERS Timeout: Regular (Full 2 Short 0),,,,,2,1610612746,,,,,,0,0,,,,,,0,0,,,,,
0021500138,146,8,0,2,4:16 PM,9:44,SUB: Rivers FOR Stephenson,,,,,4,202362,Lance Stephenson,1610612746.0,LA,Clippers,LAC,4,203085,Austin Rivers,1610612746.0,LA,Clippers,LAC,0,0,,,,,
0021500138,147,5,4,2,4:16 PM,9:33,Griffin Traveling Turnover (P1.T6),,,,,4,201933,Blake Griffin,1610612746.0,LA,Clippers,LAC,0,0,,,,,,1,0,,,,,
0021500138,148,1,1,2,4:16 PM,9:18,,,Baynes 9' Jump Shot (2 PTS) (Blake 1 AST),40 - 27,-13,5,203382,Aron Baynes,1610612765.0,Detroit,Pistons,DET,5,2581,Steve Blake,1610612765.0,Detroit,Pistons,DET,0,0,,,,,
0021500138,149,5,2,2,4:17 PM,9:00,Prigioni Lost Ball Turnover (P1.T7),,Blake STEAL (1 STL),,,4,203143,Pablo Prigioni,1610612746.0,LA,Clippers,LAC,5,2581,Steve Blake,1610612765.0,Detroit,Pistons,DET,0,0,,,,,
0021500138,150,7,5,2,4:17 PM,8:52,Griffin Violation:Kicked Ball (K.Fitzgerald),,,,,4,201933,Blake Griffin,1610612746.0,LA,Clippers,LAC,0,0,,,,,,1,0,,,,,
0021500138,151,1,82,2,4:17 PM,8:36,,,Johnson 7' Driving Bank Shot (7 PTS),42 - 27,-15,5,1626169,Stanley Johnson,1610612765.0,Detroit,Pistons,DET,0,0,,,,,,0,0,,,,,
0021500138,152,2,1,2,4:18 PM,8:25,MISS Prigioni 25' 3PT Jump Shot,,,,,4,203143,Pablo Prigioni,1610612746.0,LA,Clippers,LAC,0,0,,,,,,0,0,,,,,
0021500138,153,4,0,2,4:18 PM,8:24,,,Tolliver REBOUND (Off:0 Def:2),,,5,201229,Anthony Tolliver,1610612765.0,Detroit,Pistons,DET,0,0,,,,,,0,0,,,,,
0021500138,154,2,1,2,4:18 PM,8:16,,,MISS Tolliver 25' 3PT Jump Shot,,,5,201229,Anthony Tolliver,1610612765.0,Detroit,Pistons,DET,0,0,,,,,,0,0,,,,,
0021500138,155,4,0,2,4:18 PM,8:16,,,Baynes REBOUND (Off:1 Def:0),,,5,203382,Aron Baynes,1610612765.0,Detroit,Pistons,DET,0,0,,,,,,0,0,,,,,
0021500138,156,1,42,2,4:18 PM,8:08,,,Blake 2' Driving Layup (2 PTS),44 - 27,-17,5,2581,Steve Blake,1610612765.0,Detroit,Pistons,DET,0,0,,,,,,0,0,,,,,
0021500138,157,1,73,2,4:18 PM,7:42,Smith 1' Driving Reverse Layup (4 PTS),,,44 - 29,-15,4,2746,Josh Smith,1610612746.0,LA,Clippers,LAC,0,0,,,,,,0,0,,,,,
0021500138,158,5,2,2,4:19 PM,7:29,Prigioni STEAL (1 STL),,Blake Lost Ball Turnover (P2.T5),,,5,2581,Steve Blake,1610612765.0,Detroit,Pistons,DET,4,203143,Pablo Prigioni,1610612746.0,LA,Clippers,LAC,0,0,,,,,
0021500138,159,5,1,2,4:19 PM,7:22,Smith Bad Pass Turnover (P2.T8),,Marc Morris STEAL (1 STL),,,4,2746,Josh Smith,1610612746.0,LA,Clippers,LAC,5,202694,Marcus Morris,1610612765.0,Detroit,Pistons,DET,0,0,,,,,
0021500138,160,1,102,2,4:19 PM,7:08,,,Johnson 13' Driving Floating Bank Jump Shot (9 PTS),46 - 29,-17,5,1626169,Stanley Johnson,1610612765.0,Detroit,Pistons,DET,0,0,,,,,,0,0,,,,,
0021500138,161,2,1,2,4:19 PM,6:51,MISS W. Johnson 18' Jump Shot,,,,,4,202325,Wesley Johnson,1610612746.0,LA,Clippers,LAC,0,0,,,,,,0,0,,,,,
0021500138,162,4,0,2,4:19 PM,6:50,,,Johnson REBOUND (Off:0 Def:2),,,5,1626169,Stanley Johnson,1610612765.0,Detroit,Pistons,DET,0,0,,,,,,0,0,,,,,
0021500138,163,5,2,2,4:19 PM,6:44,W. Johnson STEAL (2 STL),,Baynes Lost Ball Turnover (P1.T6),,,5,203382,Aron Baynes,1610612765.0,Detroit,Pistons,DET,4,202325,Wesley Johnson,1610612746.0,LA,Clippers,LAC,0,0,,,,,
0021500138,164,6,1,2,4:19 PM,6:42,,,Blake P.FOUL (P1.T1) (D.Taylor),,,5,2581,Steve Blake,1610612765.0,Detroit,Pistons,DET,4,203143,Pablo Prigioni,1610612746.0,LA,Clippers,LAC,1,0,,,,,
0021500138,165,8,0,2,4:20 PM,6:42,SUB: Pierce FOR W. Johnson,,,,,4,202325,Wesley Johnson,1610612746.0,LA,Clippers,LAC,4,1718,Paul Pierce,1610612746.0,LA,Clippers,LAC,0,0,,,,,
0021500138,166,8,0,2,4:20 PM,6:42,SUB: Jordan FOR Smith,,,,,4,2746,Josh Smith,1610612746.0,LA,Clippers,LAC,4,201599,DeAndre Jordan,1610612746.0,LA,Clippers,LAC,0,0,,,,,
0021500138,167,8,0,2,4:20 PM,6:42,SUB: Crawford FOR Prigioni,,,,,4,203143,Pablo Prigioni,1610612746.0,LA,Clippers,LAC,4,2037,Jamal Crawford,1610612746.0,LA,Clippers,LAC,0,0,,,,,
0021500138,168,8,0,2,4:20 PM,6:42,,,SUB: Caldwell-Pope FOR Marc Morris,,,5,202694,Marcus Morris,1610612765.0,Detroit,Pistons,DET,5,203484,Kentavious Caldwell-Pope,1610612765.0,Detroit,Pistons,DET,0,0,,,,,
0021500138,169,1,45,2,4:20 PM,6:27,Rivers 6' Jump Shot (6 PTS),,,46 - 31,-15,4,203085,Austin Rivers,1610612746.0,LA,Clippers,LAC,0,0,,,,,,0,0,,,,,
0021500138,170,1,42,2,4:20 PM,6:16,,,Baynes 2' Driving Layup (4 PTS) (Blake 2 AST),48 - 31,-17,5,203382,Aron Baynes,1610612765.0,Detroit,Pistons,DET,5,2581,Steve Blake,1610612765.0,Detroit,Pistons,DET,0,0,,,,,
0021500138,171,1,1,2,4:21 PM,6:05,Crawford 18' Jump Shot (8 PTS),,,48 - 33,-15,4,2037,Jamal Crawford,1610612746.0,LA,Clippers,LAC,0,0,,,,,,0,0,,,,,
0021500138,173,5,2,2,4:21 PM,5:48,Jordan STEAL (1 STL),,Johnson Lost Ball Turnover (P2.T7),,,5,1626169,Stanley Johnson,1610612765.0,Detroit,Pistons,DET,4,201599,DeAndre Jordan,1610612746.0,LA,Clippers,LAC,0,0,,,,,
0021500138,174,1,52,2,4:21 PM,5:35,Jordan  Alley Oop Dunk (10 PTS) (Pierce 1 AST),,,48 - 35,-13,4,201599,DeAndre Jordan,1610612746.0,LA,Clippers,LAC,4,1718,Paul Pierce,1610612746.0,LA,Clippers,LAC,0,0,,,,,
0021500138,175,9,1,2,4:21 PM,5:26,,,Pistons Timeout: Regular (Reg.2 Short 0),,,3,1610612765,,,,,,0,0,,,,,,0,0,,,,,
0021500138,177,8,0,2,4:24 PM,5:26,,,SUB: Ilyasova FOR Tolliver,,,5,201229,Anthony Tolliver,1610612765.0,Detroit,Pistons,DET,5,101141,Ersan Ilyasova,1610612765.0,Detroit,Pistons,DET,0,0,,,,,
0021500138,178,8,0,2,4:24 PM,5:26,,,SUB: Drummond FOR Blake,,,5,2581,Steve Blake,1610612765.0,Detroit,Pistons,DET,5,203083,Andre Drummond,1610612765.0,Detroit,Pistons,DET,0,0,,,,,
0021500138,179,8,0,2,4:24 PM,5:26,,,SUB: Jackson FOR Baynes,,,5,203382,Aron Baynes,1610612765.0,Detroit,Pistons,DET,5,202704,Reggie Jackson,1610612765.0,Detroit,Pistons,DET,0,0,,,,,
0021500138,180,2,1,2,4:25 PM,5:18,,,MISS Caldwell-Pope 25' 3PT Jump Shot,,,5,203484,Kentavious Caldwell-Pope,1610612765.0,Detroit,Pistons,DET,0,0,,,,,,0,0,,,,,
0021500138,181,4,0,2,4:25 PM,5:17,,,Drummond REBOUND (Off:2 Def:5),,,5,203083,Andre Drummond,1610612765.0,Detroit,Pistons,DET,0,0,,,,,,0,0,,,,,
0021500138,182,1,58,2,4:25 PM,4:58,,,Drummond 9' Turnaround Hook Shot (6 PTS),50 - 35,-15,5,203083,Andre Drummond,1610612765.0,Detroit,Pistons,DET,0,0,,,,,,0,0,,,,,
0021500138,183,6,1,2,4:25 PM,4:41,,,Johnson P.FOUL (P2.T2) (K.Fitzgerald),,,5,1626169,Stanley Johnson,1610612765.0,Detroit,Pistons,DET,4,1718,Paul Pierce,1610612746.0,LA,Clippers,LAC,1,0,,,,,
0021500138,184,8,0,2,4:26 PM,4:41,,,SUB: Marc Morris FOR Johnson,,,5,1626169,Stanley Johnson,1610612765.0,Detroit,Pistons,DET,5,202694,Marcus Morris,1610612765.0,Detroit,Pistons,DET,0,0,,,,,
0021500138,185,1,42,2,4:26 PM,4:33,Crawford  Driving Layup (10 PTS),,,50 - 37,-13,4,2037,Jamal Crawford,1610612746.0,LA,Clippers,LAC,0,0,,,,,,0,0,,,,,
0021500138,186,2,3,2,4:26 PM,4:11,,,MISS Drummond 9' Hook Shot,,,5,203083,Andre Drummond,1610612765.0,Detroit,Pistons,DET,0,0,,,,,,0,0,,,,,
0021500138,187,4,0,2,4:26 PM,4:09,Crawford REBOUND (Off:0 Def:2),,,,,4,2037,Jamal Crawford,1610612746.0,LA,Clippers,LAC,0,0,,,,,,0,0,,,,,
0021500138,188,6,1,2,4:26 PM,4:07,,,Caldwell-Pope P.FOUL (P1.T3) (J.Phillips),,,5,203484,Kentavious Caldwell-Pope,1610612765.0,Detroit,Pistons,DET,4,201933,Blake Griffin,1610612746.0,LA,Clippers,LAC,1,0,,,,,
0021500138,189,1,5,2,4:27 PM,4:03,Griffin 2' Layup (9 PTS) (Crawford 3 AST),,,50 - 39,-11,4,201933,Blake Griffin,1610612746.0,LA,Clippers,LAC,4,2037,Jamal Crawford,1610612746.0,LA,Clippers,LAC,0,0,,,,,
0021500138,191,1,42,2,4:27 PM,3:44,,,Caldwell-Pope 1' Driving Layup (5 PTS),52 - 39,-13,5,203484,Kentavious Caldwell-Pope,1610612765.0,Detroit,Pistons,DET,0,0,,,,,,0,0,,,,,
0021500138,192,2,1,2,4:27 PM,3:31,MISS Crawford 12' Jump Shot,,,,,4,2037,Jamal Crawford,1610612746.0,LA,Clippers,LAC,0,0,,,,,,0,0,,,,,
0021500138,193,4,0,2,4:27 PM,3:30,,,Drummond REBOUND (Off:2 Def:6),,,5,203083,Andre Drummond,1610612765.0,Detroit,Pistons,DET,0,0,,,,,,0,0,,,,,
0021500138,194,2,5,2,4:27 PM,3:20,,,MISS Marc Morris 2' Layup,,,5,202694,Marcus Morris,1610612765.0,Detroit,Pistons,DET,0,0,,,,,,0,0,,,,,
0021500138,195,4,0,2,4:27 PM,3:19,,,Marc Morris REBOUND (Off:2 Def:0),,,5,202694,Marcus Morris,1610612765.0,Detroit,Pistons,DET,0,0,,,,,,0,0,,,,,
0021500138,196,1,97,2,4:27 PM,3:16,,,Marc Morris 1' Tip Layup Shot (2 PTS),54 - 39,-15,5,202694,Marcus Morris,1610612765.0,Detroit,Pistons,DET,0,0,,,,,,0,0,,,,,
0021500138,198,1,79,2,4:28 PM,3:03,Crawford 13' Pullup Jump Shot (12 PTS) (Griffin 4 AST),,,54 - 41,-13,4,2037,Jamal Crawford,1610612746.0,LA,Clippers,LAC,4,201933,Blake Griffin,1610612746.0,LA,Clippers,LAC,0,0,,,,,
0021500138,199,2,1,2,4:28 PM,2:48,,,MISS Ilyasova 20' Jump Shot,,,5,101141,Ersan Ilyasova,1610612765.0,Detroit,Pistons,DET,0,0,,,,,,0,0,,,,,
0021500138,200,4,0,2,4:28 PM,2:48,,,Drummond REBOUND (Off:3 Def:6),,,5,203083,Andre Drummond,1610612765.0,Detroit,Pistons,DET,0,0,,,,,,0,0,,,,,
0021500138,201,2,1,2,4:28 PM,2:43,,,MISS Jackson 25' 3PT Jump Shot,,,5,202704,Reggie Jackson,1610612765.0,Detroit,Pistons,DET,0,0,,,,,,0,0,,,,,
0021500138,202,4,0,2,4:28 PM,2:43,,,Drummond REBOUND (Off:4 Def:6),,,5,203083,Andre Drummond,1610612765.0,Detroit,Pistons,DET,0,0,,,,,,0,0,,,,,
0021500138,203,1,97,2,4:28 PM,2:39,,,Drummond 2' Tip Layup Shot (8 PTS),56 - 41,-15,5,203083,Andre Drummond,1610612765.0,Detroit,Pistons,DET,0,0,,,,,,0,0,,,,,
0021500138,204,1,78,2,4:28 PM,2:26,Rivers 25' 3PT Floating Jump Shot (9 PTS) (Crawford 4 AST),,,56 - 44,-12,4,203085,Austin Rivers,1610612746.0,LA,Clippers,LAC,4,2037,Jamal Crawford,1610612746.0,LA,Clippers,LAC,0,0,,,,,
0021500138,205,2,1,2,4:29 PM,2:12,,,MISS Jackson 12' Jump Shot,,,5,202704,Reggie Jackson,1610612765.0,Detroit,Pistons,DET,0,0,,,,,,0,0,,,,,
0021500138,206,4,0,2,4:29 PM,2:11,,,Jackson REBOUND (Off:1 Def:2),,,5,202704,Reggie Jackson,1610612765.0,Detroit,Pistons,DET,0,0,,,,,,0,0,,,,,
0021500138,207,1,97,2,4:29 PM,2:09,,,Jackson 2' Tip Layup Shot (12 PTS),58 - 44,-14,5,202704,Reggie Jackson,1610612765.0,Detroit,Pistons,DET,0,0,,,,,,0,0,,,,,
0021500138,208,1,1,2,4:29 PM,2:03,Crawford 24' 3PT Jump Shot (15 PTS) (Pierce 2 AST),,,58 - 47,-11,4,2037,Jamal Crawford,1610612746.0,LA,Clippers,LAC,4,1718,Paul Pierce,1610612746.0,LA,Clippers,LAC,0,0,,,,,
0021500138,209,1,67,2,4:29 PM,1:48,,,Drummond 9' Hook Bank Shot (10 PTS) (Marc Morris 2 AST),60 - 47,-13,5,203083,Andre Drummond,1610612765.0,Detroit,Pistons,DET,5,202694,Marcus Morris,1610612765.0,Detroit,Pistons,DET,0,0,,,,,
0021500138,211,6,2,2,4:29 PM,1:36,,,Caldwell-Pope S.FOUL (P2.T4) (D.Taylor),,,5,203484,Kentavious Caldwell-Pope,1610612765.0,Detroit,Pistons,DET,4,2037,Jamal Crawford,1610612746.0,LA,Clippers,LAC,1,0,,,,,
0021500138,212,9,4,2,4:29 PM,1:36,,,,,,1,0,,,,,,0,0,,,,,,0,0,,,,,
0021500138,214,3,11,2,4:32 PM,1:36,Crawford Free Throw 1 of 2 (16 PTS),,,60 - 48,-12,4,2037,Jamal Crawford,1610612746.0,LA,Clippers,LAC,0,0,,,,,,0,0,,,,,
0021500138,216,8,0,2,4:32 PM,1:36,,,SUB: Johnson FOR Caldwell-Pope,,,5,203484,Kentavious Caldwell-Pope,1610612765.0,Detroit,Pistons,DET,5,1626169,Stanley Johnson,1610612765.0,Detroit,Pistons,DET,0,0,,,,,
0021500138,217,8,0,2,4:32 PM,1:36,,,SUB: Tolliver FOR Ilyasova,,,5,101141,Ersan Ilyasova,1610612765.0,Detroit,Pistons,DET,5,201229,Anthony Tolliver,1610612765.0,Detroit,Pistons,DET,0,0,,,,,
0021500138,218,3,12,2,4:32 PM,1:36,Crawford Free Throw 2 of 2 (17 PTS),,,60 - 49,-11,4,2037,Jamal Crawford,1610612746.0,LA,Clippers,LAC,0,0,,,,,,0,0,,,,,
0021500138,220,2,1,2,4:33 PM,1:14,,,MISS Johnson 8' Jump Shot,,,5,1626169,Stanley Johnson,1610612765.0,Detroit,Pistons,DET,0,0,,,,,,0,0,,,,,
0021500138,221,4,0,2,4:33 PM,1:13,Jordan REBOUND (Off:1 Def:5),,,,,4,201599,DeAndre Jordan,1610612746.0,LA,Clippers,LAC,0,0,,,,,,0,0,,,,,
0021500138,222,6,1,2,4:33 PM,1:07,,,Marc Morris P.FOUL (P1.PN) (D.Taylor),,,5,202694,Marcus Morris,1610612765.0,Detroit,Pistons,DET,4,201933,Blake Griffin,1610612746.0,LA,Clippers,LAC,1,0,,,,,
0021500138,223,3,11,2,4:33 PM,1:07,MISS Griffin Free Throw 1 of 2,,,,,4,201933,Blake Griffin,1610612746.0,LA,Clippers,LAC,0,0,,,,,,0,0,,,,,
0021500138,224,4,1,2,4:33 PM,1:07,CLIPPERS Rebound,,,,,2,1610612746,,,,,,0,0,,,,,,0,0,,,,,
0021500138,225,3,12,2,4:34 PM,1:07,MISS Griffin Free Throw 2 of 2,,,,,4,201933,Blake Griffin,1610612746.0,LA,Clippers,LAC,0,0,,,,,,0,0,,,,,
0021500138,227,4,0,2,4:34 PM,1:05,,,Drummond REBOUND (Off:4 Def:7),,,5,203083,Andre Drummond,1610612765.0,Detroit,Pistons,DET,0,0,,,,,,0,0,,,,,
0021500138,228,2,1,2,4:34 PM,0:51,,,MISS Marc Morris 25' 3PT Jump Shot,,,5,202694,Marcus Morris,1610612765.0,Detroit,Pistons,DET,0,0,,,,,,0,0,,,,,
0021500138,229,4,0,2,4:34 PM,0:51,Pierce REBOUND (Off:1 Def:1),,,,,4,1718,Paul Pierce,1610612746.0,LA,Clippers,LAC,0,0,,,,,,0,0,,,,,
0021500138,231,2,1,2,4:35 PM,0:42,MISS Crawford 13' Jump Shot,,,,,4,2037,Jamal Crawford,1610612746.0,LA,Clippers,LAC,0,0,,,,,,0,0,,,,,
0021500138,232,4,0,2,4:35 PM,0:42,,,Tolliver REBOUND (Off:0 Def:3),,,5,201229,Anthony Tolliver,1610612765.0,Detroit,Pistons,DET,0,0,,,,,,0,0,,,,,
0021500138,233,2,1,2,4:35 PM,0:32,Griffin BLOCK (1 BLK),,MISS Drummond 4' Jump Shot,,,5,203083,Andre Drummond,1610612765.0,Detroit,Pistons,DET,0,0,,,,,,4,201933,Blake Griffin,1610612746.0,LA,Clippers,LAC
0021500138,234,4,0,2,4:35 PM,0:32,CLIPPERS Rebound,,,,,2,1610612746,,,,,,0,0,,,,,,0,0,,,,,
0021500138,235,6,3,2,4:35 PM,0:32,,,Drummond L.B.FOUL (P2.PN) (D.Taylor),,,5,203083,Andre Drummond,1610612765.0,Detroit,Pistons,DET,4,201933,Blake Griffin,1610612746.0,LA,Clippers,LAC,1,0,,,,,
0021500138,236,3,11,2,4:35 PM,0:32,Griffin Free Throw 1 of 2 (10 PTS),,,60 - 50,-10,4,201933,Blake Griffin,1610612746.0,LA,Clippers,LAC,0,0,,,,,,0,0,,,,,
0021500138,238,8,0,2,4:36 PM,0:32,,,SUB: Baynes FOR Drummond,,,5,203083,Andre Drummond,1610612765.0,Detroit,Pistons,DET,5,203382,Aron Baynes,1610612765.0,Detroit,Pistons,DET,0,0,,,,,
0021500138,239,8,0,2,4:36 PM,0:32,SUB: Mbah a Moute FOR Crawford,,,,,4,2037,Jamal Crawford,1610612746.0,LA,Clippers,LAC,4,201601,Luc Mbah a Moute,1610612746.0,LA,Clippers,LAC,0,0,,,,,
0021500138,240,3,12,2,4:36 PM,0:32,Griffin Free Throw 2 of 2 (11 PTS),,,60 - 51,-9,4,201933,Blake Griffin,1610612746.0,LA,Clippers,LAC,0,0,,,,,,0,0,,,,,
0021500138,242,5,4,2,4:37 PM,0:15,,,Marc Morris Traveling Turnover (P1.T8),,,5,202694,Marcus Morris,1610612765.0,Detroit,Pistons,DET,0,0,,,,,,1,0,,,,,
0021500138,243,8,0,2,4:37 PM,0:15,SUB: W. Johnson FOR Jordan,,,,,4,201599,DeAndre Jordan,1610612746.0,LA,Clippers,LAC,4,202325,Wesley Johnson,1610612746.0,LA,Clippers,LAC,0,0,,,,,
0021500138,244,8,0,2,4:37 PM,0:15,SUB: Crawford FOR Mbah a Moute,,,,,4,201601,Luc Mbah a Moute,1610612746.0,LA,Clippers,LAC,4,2037,Jamal Crawford,1610612746.0,LA,Clippers,LAC,0,0,,,,,
0021500138,245,2,1,2,4:37 PM,0:01,MISS Pierce 21' Jump Shot,,,,,4,1718,Paul Pierce,1610612746.0,LA,Clippers,LAC,0,0,,,,,,0,0,,,,,
0021500138,246,4,0,2,4:37 PM,0:00,CLIPPERS Rebound,,,,,2,1610612746,,,,,,0,0,,,,,,0,0,,,,,
0021500138,247,13,0,2,4:38 PM,0:00,,,,60 - 51,-9,0,0,,,,,,0,0,,,,,,0,0,,,,,
0021500138,249,12,0,3,4:54 PM,12:00,,,,60 - 51,-9,0,0,,,,,,0,0,,,,,,0,0,,,,,
0021500138,250,6,2,3,4:54 PM,11:44,Crawford S.FOUL (P1.T1) (K.Fitzgerald),,,,,4,2037,Jamal Crawford,1610612746.0,LA,Clippers,LAC,5,203484,Kentavious Caldwell-Pope,1610612765.0,Detroit,Pistons,DET,1,0,,,,,
0021500138,251,3,11,3,4:54 PM,11:44,,,MISS Caldwell-Pope Free Throw 1 of 2,,,5,203484,Kentavious Caldwell-Pope,1610612765.0,Detroit,Pistons,DET,0,0,,,,,,0,0,,,,,
0021500138,252,4,1,3,4:54 PM,11:44,,,Pistons Rebound,,,3,1610612765,,,,,,0,0,,,,,,0,0,,,,,
0021500138,253,3,12,3,4:55 PM,11:44,,,Caldwell-Pope Free Throw 2 of 2 (6 PTS),61 - 51,-10,5,203484,Kentavious Caldwell-Pope,1610612765.0,Detroit,Pistons,DET,0,0,,,,,,0,0,,,,,
0021500138,255,5,1,3,4:55 PM,11:34,Crawford Bad Pass Turnover (P2.T9),,Drummond STEAL (1 STL),,,4,2037,Jamal Crawford,1610612746.0,LA,Clippers,LAC,5,203083,Andre Drummond,1610612765.0,Detroit,Pistons,DET,0,0,,,,,
0021500138,256,1,5,3,4:55 PM,11:21,,,Drummond 1' Layup (12 PTS) (Jackson 5 AST),63 - 51,-12,5,203083,Andre Drummond,1610612765.0,Detroit,Pistons,DET,5,202704,Reggie Jackson,1610612765.0,Detroit,Pistons,DET,0,0,,,,,
0021500138,257,1,85,3,4:56 PM,11:00,Griffin 5' Turnaround Bank Shot (13 PTS) (Crawford 5 AST),,,63 - 53,-10,4,201933,Blake Griffin,1610612746.0,LA,Clippers,LAC,4,2037,Jamal Crawford,1610612746.0,LA,Clippers,LAC,0,0,,,,,
0021500138,258,2,1,3,4:56 PM,10:43,,,MISS Caldwell-Pope 10' Jump Shot,,,5,203484,Kentavious Caldwell-Pope,1610612765.0,Detroit,Pistons,DET,0,0,,,,,,0,0,,,,,
0021500138,259,4,0,3,4:56 PM,10:42,Jordan REBOUND (Off:1 Def:6),,,,,4,201599,DeAndre Jordan,1610612746.0,LA,Clippers,LAC,0,0,,,,,,0,0,,,,,
0021500138,260,2,1,3,4:56 PM,10:20,MISS Pierce 6' Jump Shot,,,,,4,1718,Paul Pierce,1610612746.0,LA,Clippers,LAC,0,0,,,,,,0,0,,,,,
0021500138,261,4,0,3,4:56 PM,10:19,,,Jackson REBOUND (Off:1 Def:3),,,5,202704,Reggie Jackson,1610612765.0,Detroit,Pistons,DET,0,0,,,,,,0,0,,,,,
0021500138,262,5,4,3,4:56 PM,10:13,,,Jackson Traveling Turnover (P2.T9),,,5,202704,Reggie Jackson,1610612765.0,Detroit,Pistons,DET,0,0,,,,,,1,0,,,,,
0021500138,263,1,1,3,4:57 PM,9:57,Griffin 3' Jump Shot (15 PTS) (Pierce 3 AST),,,63 - 55,-8,4,201933,Blake Griffin,1610612746.0,LA,Clippers,LAC,4,1718,Paul Pierce,1610612746.0,LA,Clippers,LAC,0,0,,,,,
0021500138,264,6,2,3,4:57 PM,9:57,,,Ilyasova S.FOUL (P3.T1) (D.Taylor),,,5,101141,Ersan Ilyasova,1610612765.0,Detroit,Pistons,DET,4,201933,Blake Griffin,1610612746.0,LA,Clippers,LAC,1,0,,,,,
0021500138,265,3,10,3,4:57 PM,9:57,MISS Griffin Free Throw 1 of 1,,,,,4,201933,Blake Griffin,1610612746.0,LA,Clippers,LAC,0,0,,,,,,0,0,,,,,
0021500138,267,4,0,3,4:57 PM,9:52,,,Drummond REBOUND (Off:4 Def:8),,,5,203083,Andre Drummond,1610612765.0,Detroit,Pistons,DET,0,0,,,,,,0,0,,,,,
0021500138,268,1,1,3,4:58 PM,9:45,,,Caldwell-Pope 21' Jump Shot (8 PTS) (Drummond 2 AST),65 - 55,-10,5,203484,Kentavious Caldwell-Pope,1610612765.0,Detroit,Pistons,DET,5,203083,Andre Drummond,1610612765.0,Detroit,Pistons,DET,0,0,,,,,
0021500138,269,6,4,3,4:58 PM,9:32,Jordan OFF.Foul (P2) (J.Phillips),,,,,4,201599,DeAndre Jordan,1610612746.0,LA,Clippers,LAC,5,101141,Ersan Ilyasova,1610612765.0,Detroit,Pistons,DET,1,0,,,,,
0021500138,270,5,5,3,4:58 PM,9:32,Jordan Foul Turnover (P1.T10),,,,,4,201599,DeAndre Jordan,1610612746.0,LA,Clippers,LAC,0,0,,,,,,1,0,,,,,
0021500138,272,2,5,3,4:58 PM,9:20,Jordan BLOCK (1 BLK),,MISS Caldwell-Pope 3' Layup,,,5,203484,Kentavious Caldwell-Pope,1610612765.0,Detroit,Pistons,DET,0,0,,,,,,4,201599,DeAndre Jordan,1610612746.0,LA,Clippers,LAC
0021500138,273,4,0,3,4:58 PM,9:19,Jordan REBOUND (Off:1 Def:7),,,,,4,201599,DeAndre Jordan,1610612746.0,LA,Clippers,LAC,0,0,,,,,,0,0,,,,,
0021500138,274,2,5,3,4:58 PM,9:12,MISS Crawford 2' Layup,,,,,4,2037,Jamal Crawford,1610612746.0,LA,Clippers,LAC,0,0,,,,,,0,0,,,,,
0021500138,275,4,0,3,4:58 PM,9:12,,,Drummond REBOUND (Off:4 Def:9),,,5,203083,Andre Drummond,1610612765.0,Detroit,Pistons,DET,0,0,,,,,,0,0,,,,,
0021500138,276,2,1,3,4:59 PM,9:01,,,MISS Jackson 25' 3PT Jump Shot,,,5,202704,Reggie Jackson,1610612765.0,Detroit,Pistons,DET,0,0,,,,,,0,0,,,,,
0021500138,277,4,0,3,4:59 PM,9:01,,,Ilyasova REBOUND (Off:1 Def:0),,,5,101141,Ersan Ilyasova,1610612765.0,Detroit,Pistons,DET,0,0,,,,,,0,0,,,,,
0021500138,279,1,5,3,4:59 PM,8:58,,,Ilyasova 2' Layup (13 PTS),67 - 55,-12,5,101141,Ersan Ilyasova,1610612765.0,Detroit,Pistons,DET,0,0,,,,,,0,0,,,,,
0021500138,280,2,1,3,4:59 PM,8:42,MISS Griffin 19' Jump Shot,,,,,4,201933,Blake Griffin,1610612746.0,LA,Clippers,LAC,0,0,,,,,,0,0,,,,,
0021500138,281,4,0,3,4:59 PM,8:41,,,Drummond REBOUND (Off:4 Def:10),,,5,203083,Andre Drummond,1610612765.0,Detroit,Pistons,DET,0,0,,,,,,0,0,,,,,
0021500138,283,6,2,3,4:59 PM,8:29,Rivers S.FOUL (P1.T2) (D.Taylor),,,,,4,203085,Austin Rivers,1610612746.0,LA,Clippers,LAC,5,101141,Ersan Ilyasova,1610612765.0,Detroit,Pistons,DET,1,0,,,,,
0021500138,285,3,11,3,4:59 PM,8:29,,,MISS Ilyasova Free Throw 1 of 2,,,5,101141,Ersan Ilyasova,1610612765.0,Detroit,Pistons,DET,0,0,,,,,,0,0,,,,,
0021500138,286,4,1,3,4:59 PM,8:29,,,Pistons Rebound,,,3,1610612765,,,,,,0,0,,,,,,0,0,,,,,
0021500138,287,3,12,3,5:00 PM,8:29,,,Ilyasova Free Throw 2 of 2 (14 PTS),68 - 55,-13,5,101141,Ersan Ilyasova,1610612765.0,Detroit,Pistons,DET,0,0,,,,,,0,0,,,,,
0021500138,289,1,79,3,5:00 PM,8:18,Crawford 10' Pullup Jump Shot (19 PTS) (Griffin 5 AST),,,68 - 57,-11,4,2037,Jamal Crawford,1610612746.0,LA,Clippers,LAC,4,201933,Blake Griffin,1610612746.0,LA,Clippers,LAC,0,0,,,,,
0021500138,290,5,40,3,5:00 PM,8:05,,,Ilyasova Out of Bounds Lost Ball Turnover (P1.T10),,,5,101141,Ersan Ilyasova,1610612765.0,Detroit,Pistons,DET,0,0,,,,,,0,0,,,,,
0021500138,291,2,1,3,5:01 PM,7:53,MISS Rivers 26' 3PT Jump Shot,,,,,4,203085,Austin Rivers,1610612746.0,LA,Clippers,LAC,0,0,,,,,,0,0,,,,,
0021500138,292,4,0,3,5:01 PM,7:52,Jordan REBOUND (Off:2 Def:7),,,,,4,201599,DeAndre Jordan,1610612746.0,LA,Clippers,LAC,0,0,,,,,,0,0,,,,,
0021500138,294,2,5,3,5:01 PM,7:48,MISS Jordan 1' Layup,,Drummond BLOCK (1 BLK),,,4,201599,DeAndre Jordan,1610612746.0,LA,Clippers,LAC,0,0,,,,,,5,203083,Andre Drummond,1610612765.0,Detroit,Pistons,DET
0021500138,295,4,0,3,5:01 PM,7:45,,,Drummond REBOUND (Off:4 Def:11),,,5,203083,Andre Drummond,1610612765.0,Detroit,Pistons,DET,0,0,,,,,,0,0,,,,,
0021500138,296,2,5,3,5:01 PM,7:37,,,MISS Ilyasova 2' Layup,,,5,101141,Ersan Ilyasova,1610612765.0,Detroit,Pistons,DET,0,0,,,,,,0,0,,,,,
0021500138,297,4,0,3,5:01 PM,7:37,Jordan REBOUND (Off:2 Def:8),,,,,4,201599,DeAndre Jordan,1610612746.0,LA,Clippers,LAC,0,0,,,,,,0,0,,,,,
0021500138,298,2,1,3,5:01 PM,7:29,MISS Crawford 25' 3PT Jump Shot,,,,,4,2037,Jamal Crawford,1610612746.0,LA,Clippers,LAC,0,0,,,,,,0,0,,,,,
0021500138,299,4,0,3,5:01 PM,7:28,,,Ilyasova REBOUND (Off:1 Def:1),,,5,101141,Ersan Ilyasova,1610612765.0,Detroit,Pistons,DET,0,0,,,,,,0,0,,,,,
0021500138,300,1,47,3,5:01 PM,7:03,,,Marc Morris 14' Turnaround Jump Shot (4 PTS) (Caldwell-Pope 2 AST),70 - 57,-13,5,202694,Marcus Morris,1610612765.0,Detroit,Pistons,DET,5,203484,Kentavious Caldwell-Pope,1610612765.0,Detroit,Pistons,DET,0,0,,,,,
0021500138,302,9,1,3,5:02 PM,6:42,CLIPPERS Timeout: Regular (Full 3 Short 0),,,,,2,1610612746,,,,,,0,0,,,,,,0,0,,,,,
0021500138,304,1,1,3,5:05 PM,6:35,Griffin 21' Jump Shot (17 PTS) (Rivers 1 AST),,,70 - 59,-11,4,201933,Blake Griffin,1610612746.0,LA,Clippers,LAC,4,203085,Austin Rivers,1610612746.0,LA,Clippers,LAC,0,0,,,,,
0021500138,305,1,41,3,5:05 PM,6:25,,,Jackson 2' Running Layup (14 PTS),72 - 59,-13,5,202704,Reggie Jackson,1610612765.0,Detroit,Pistons,DET,0,0,,,,,,0,0,,,,,
0021500138,306,6,2,3,5:05 PM,6:25,Pierce S.FOUL (P1.T3) (D.Taylor),,,,,4,1718,Paul Pierce,1610612746.0,LA,Clippers,LAC,5,202704,Reggie Jackson,1610612765.0,Detroit,Pistons,DET,1,0,,,,,
0021500138,307,3,10,3,5:05 PM,6:25,,,MISS Jackson Free Throw 1 of 1,,,5,202704,Reggie Jackson,1610612765.0,Detroit,Pistons,DET,0,0,,,,,,0,0,,,,,
0021500138,309,4,0,3,5:05 PM,6:23,Crawford REBOUND (Off:0 Def:3),,,,,4,2037,Jamal Crawford,1610612746.0,LA,Clippers,LAC,0,0,,,,,,0,0,,,,,
0021500138,310,1,47,3,5:05 PM,6:05,Crawford 9' Turnaround Jump Shot (21 PTS) (Griffin 6 AST),,,72 - 61,-11,4,2037,Jamal Crawford,1610612746.0,LA,Clippers,LAC,4,201933,Blake Griffin,1610612746.0,LA,Clippers,LAC,0,0,,,,,
0021500138,311,5,1,3,5:06 PM,5:46,Griffin STEAL (1 STL),,Ilyasova Bad Pass Turnover (P2.T11),,,5,101141,Ersan Ilyasova,1610612765.0,Detroit,Pistons,DET,4,201933,Blake Griffin,1610612746.0,LA,Clippers,LAC,0,0,,,,,
0021500138,312,5,2,3,5:06 PM,5:36,Griffin Lost Ball Turnover (P2.T11),,Jackson STEAL (1 STL),,,4,201933,Blake Griffin,1610612746.0,LA,Clippers,LAC,5,202704,Reggie Jackson,1610612765.0,Detroit,Pistons,DET,0,0,,,,,
0021500138,314,6,28,3,5:06 PM,5:34,Crawford Personal Take Foul (P2.T4) (J.Phillips),,,,,4,2037,Jamal Crawford,1610612746.0,LA,Clippers,LAC,5,202704,Reggie Jackson,1610612765.0,Detroit,Pistons,DET,1,0,,,,,
0021500138,316,8,0,3,5:06 PM,5:34,,,SUB: Johnson FOR Marc Morris,,,5,202694,Marcus Morris,1610612765.0,Detroit,Pistons,DET,5,1626169,Stanley Johnson,1610612765.0,Detroit,Pistons,DET,0,0,,,,,
0021500138,317,2,1,3,5:07 PM,5:17,,,MISS Caldwell-Pope 25' 3PT Jump Shot,,,5,203484,Kentavious Caldwell-Pope,1610612765.0,Detroit,Pistons,DET,0,0,,,,,,0,0,,,,,
0021500138,318,4,0,3,5:07 PM,5:17,Pierce REBOUND (Off:1 Def:2),,,,,4,1718,Paul Pierce,1610612746.0,LA,Clippers,LAC,0,0,,,,,,0,0,,,,,
0021500138,319,1,1,3,5:07 PM,5:00,Pierce 28' 3PT Jump Shot (3 PTS) (Griffin 7 AST),,,72 - 64,-8,4,1718,Paul Pierce,1610612746.0,LA,Clippers,LAC,4,201933,Blake Griffin,1610612746.0,LA,Clippers,LAC,0,0,,,,,
0021500138,321,6,2,3,5:08 PM,4:34,Griffin S.FOUL (P1.PN) (D.Taylor),,,,,4,201933,Blake Griffin,1610612746.0,LA,Clippers,LAC,5,101141,Ersan Ilyasova,1610612765.0,Detroit,Pistons,DET,1,0,,,,,
0021500138,322,3,13,3,5:08 PM,4:34,,,Ilyasova Free Throw 1 of 3 (15 PTS),73 - 64,-9,5,101141,Ersan Ilyasova,1610612765.0,Detroit,Pistons,DET,0,0,,,,,,0,0,,,,,
0021500138,325,3,14,3,5:08 PM,4:34,,,Ilyasova Free Throw 2 of 3 (16 PTS),74 - 64,-10,5,101141,Ersan Ilyasova,1610612765.0,Detroit,Pistons,DET,0,0,,,,,,0,0,,,,,
0021500138,324,8,0,3,5:08 PM,4:34,SUB: Mbah a Moute FOR Pierce,,,,,4,1718,Paul Pierce,1610612746.0,LA,Clippers,LAC,4,201601,Luc Mbah a Moute,1610612746.0,LA,Clippers,LAC,0,0,,,,,
0021500138,327,3,15,3,5:08 PM,4:34,,,Ilyasova Free Throw 3 of 3 (17 PTS),75 - 64,-11,5,101141,Ersan Ilyasova,1610612765.0,Detroit,Pistons,DET,0,0,,,,,,0,0,,,,,
0021500138,329,1,42,3,5:09 PM,4:24,Griffin 1' Driving Layup (19 PTS),,,75 - 66,-9,4,201933,Blake Griffin,1610612746.0,LA,Clippers,LAC,0,0,,,,,,0,0,,,,,
0021500138,330,6,28,3,5:09 PM,4:23,Mbah a Moute Personal Take Foul (P1.PN) (J.Phillips),,,,,4,201601,Luc Mbah a Moute,1610612746.0,LA,Clippers,LAC,5,203083,Andre Drummond,1610612765.0,Detroit,Pistons,DET,1,0,,,,,
0021500138,331,3,11,3,5:09 PM,4:23,,,MISS Drummond Free Throw 1 of 2,,,5,203083,Andre Drummond,1610612765.0,Detroit,Pistons,DET,0,0,,,,,,0,0,,,,,
0021500138,333,4,1,3,5:09 PM,4:23,,,Pistons Rebound,,,3,1610612765,,,,,,0,0,,,,,,0,0,,,,,
0021500138,334,3,12,3,5:09 PM,4:23,,,Drummond Free Throw 2 of 2 (13 PTS),76 - 66,-10,5,203083,Andre Drummond,1610612765.0,Detroit,Pistons,DET,0,0,,,,,,0,0,,,,,
0021500138,336,1,1,3,5:10 PM,4:03,Crawford 25' 3PT Jump Shot (24 PTS) (Griffin 8 AST),,,76 - 69,-7,4,2037,Jamal Crawford,1610612746.0,LA,Clippers,LAC,4,201933,Blake Griffin,1610612746.0,LA,Clippers,LAC,0,0,,,,,
0021500138,337,6,1,3,5:10 PM,3:39,Jordan P.FOUL (P3.PN) (K.Fitzgerald),,,,,4,201599,DeAndre Jordan,1610612746.0,LA,Clippers,LAC,5,202704,Reggie Jackson,1610612765.0,Detroit,Pistons,DET,1,0,,,,,
0021500138,338,3,11,3,5:11 PM,3:39,,,Jackson Free Throw 1 of 2 (15 PTS),77 - 69,-8,5,202704,Reggie Jackson,1610612765.0,Detroit,Pistons,DET,0,0,,,,,,0,0,,,,,
0021500138,340,3,12,3,5:11 PM,3:39,,,Jackson Free Throw 2 of 2 (16 PTS),78 - 69,-9,5,202704,Reggie Jackson,1610612765.0,Detroit,Pistons,DET,0,0,,,,,,0,0,,,,,
0021500138,342,1,1,3,5:11 PM,3:30,Crawford 25' 3PT Jump Shot (27 PTS),,,78 - 72,-6,4,2037,Jamal Crawford,1610612746.0,LA,Clippers,LAC,0,0,,,,,,0,0,,,,,
0021500138,343,6,28,3,5:12 PM,3:25,Mbah a Moute Personal Take Foul (P2.PN) (K.Fitzgerald),,,,,4,201601,Luc Mbah a Moute,1610612746.0,LA,Clippers,LAC,5,203083,Andre Drummond,1610612765.0,Detroit,Pistons,DET,1,0,,,,,
0021500138,344,3,11,3,5:12 PM,3:25,,,MISS Drummond Free Throw 1 of 2,,,5,203083,Andre Drummond,1610612765.0,Detroit,Pistons,DET,0,0,,,,,,0,0,,,,,
0021500138,345,4,1,3,5:12 PM,3:25,,,Pistons Rebound,,,3,1610612765,,,,,,0,0,,,,,,0,0,,,,,
0021500138,346,8,0,3,5:12 PM,3:25,,,SUB: Marc Morris FOR Johnson,,,5,1626169,Stanley Johnson,1610612765.0,Detroit,Pistons,DET,5,202694,Marcus Morris,1610612765.0,Detroit,Pistons,DET,0,0,,,,,
0021500138,347,3,12,3,5:12 PM,3:25,,,MISS Drummond Free Throw 2 of 2,,,5,203083,Andre Drummond,1610612765.0,Detroit,Pistons,DET,0,0,,,,,,0,0,,,,,
0021500138,349,4,0,3,5:12 PM,3:24,Jordan REBOUND (Off:2 Def:9),,,,,4,201599,DeAndre Jordan,1610612746.0,LA,Clippers,LAC,0,0,,,,,,0,0,,,,,
0021500138,350,2,1,3,5:13 PM,3:10,MISS Griffin 4' Jump Shot,,Ilyasova BLOCK (1 BLK),,,4,201933,Blake Griffin,1610612746.0,LA,Clippers,LAC,0,0,,,,,,5,101141,Ersan Ilyasova,1610612765.0,Detroit,Pistons,DET
0021500138,351,4,0,3,5:13 PM,3:10,,,Pistons Rebound,,,3,1610612765,,,,,,0,0,,,,,,0,0,,,,,
0021500138,352,8,0,3,5:13 PM,3:10,,,SUB: Baynes FOR Drummond,,,5,203083,Andre Drummond,1610612765.0,Detroit,Pistons,DET,5,203382,Aron Baynes,1610612765.0,Detroit,Pistons,DET,0,0,,,,,
0021500138,353,2,1,3,5:13 PM,2:47,,,MISS Jackson 27' 3PT Jump Shot,,,5,202704,Reggie Jackson,1610612765.0,Detroit,Pistons,DET,0,0,,,,,,0,0,,,,,
0021500138,354,4,0,3,5:13 PM,2:45,Griffin REBOUND (Off:1 Def:2),,,,,4,201933,Blake Griffin,1610612746.0,LA,Clippers,LAC,0,0,,,,,,0,0,,,,,
0021500138,355,2,1,3,5:14 PM,2:39,MISS Crawford 26' 3PT Jump Shot,,,,,4,2037,Jamal Crawford,1610612746.0,LA,Clippers,LAC,0,0,,,,,,0,0,,,,,
0021500138,356,4,0,3,5:14 PM,2:39,Jordan REBOUND (Off:3 Def:9),,,,,4,201599,DeAndre Jordan,1610612746.0,LA,Clippers,LAC,0,0,,,,,,0,0,,,,,
0021500138,357,6,3,3,5:14 PM,2:39,,,Baynes L.B.FOUL (P1.T2) (J.Phillips),,,5,203382,Aron Baynes,1610612765.0,Detroit,Pistons,DET,4,201599,DeAndre Jordan,1610612746.0,LA,Clippers,LAC,1,0,,,,,
0021500138,358,9,1,3,5:14 PM,2:39,,,Pistons Timeout: Regular (Reg.3 Short 0),,,3,1610612765,,,,,,0,0,,,,,,0,0,,,,,
0021500138,360,8,0,3,5:16 PM,2:39,SUB: Smith FOR Jordan,,,,,4,201599,DeAndre Jordan,1610612746.0,LA,Clippers,LAC,4,2746,Josh Smith,1610612746.0,LA,Clippers,LAC,0,0,,,,,
0021500138,361,8,0,3,5:16 PM,2:39,,,SUB: Tolliver FOR Ilyasova,,,5,101141,Ersan Ilyasova,1610612765.0,Detroit,Pistons,DET,5,201229,Anthony Tolliver,1610612765.0,Detroit,Pistons,DET,0,0,,,,,
0021500138,362,8,0,3,5:16 PM,2:39,,,SUB: Blake FOR Caldwell-Pope,,,5,203484,Kentavious Caldwell-Pope,1610612765.0,Detroit,Pistons,DET,5,2581,Steve Blake,1610612765.0,Detroit,Pistons,DET,0,0,,,,,
0021500138,363,8,0,3,5:16 PM,2:39,,,SUB: Johnson FOR Jackson,,,5,202704,Reggie Jackson,1610612765.0,Detroit,Pistons,DET,5,1626169,Stanley Johnson,1610612765.0,Detroit,Pistons,DET,0,0,,,,,
0021500138,364,2,5,3,5:16 PM,2:28,MISS Griffin 2' Layup,,,,,4,201933,Blake Griffin,1610612746.0,LA,Clippers,LAC,0,0,,,,,,0,0,,,,,
0021500138,365,4,0,3,5:16 PM,2:28,Rivers REBOUND (Off:1 Def:1),,,,,4,203085,Austin Rivers,1610612746.0,LA,Clippers,LAC,0,0,,,,,,0,0,,,,,
0021500138,366,10,0,3,5:17 PM,2:28,Jump Ball Rivers vs. Blake: Tip to,,,,,4,203085,Austin Rivers,1610612746.0,LA,Clippers,LAC,5,2581,Steve Blake,1610612765.0,Detroit,Pistons,DET,3,1610612765,,,,,
0021500138,367,5,41,3,5:18 PM,2:28,Rivers Poss Lost Ball Turnover (P1.T12),,Blake STEAL (2 STL),,,4,203085,Austin Rivers,1610612746.0,LA,Clippers,LAC,5,2581,Steve Blake,1610612765.0,Detroit,Pistons,DET,0,0,,,,,
0021500138,368,2,7,3,5:18 PM,2:11,,,MISS Baynes  Dunk,,,5,203382,Aron Baynes,1610612765.0,Detroit,Pistons,DET,0,0,,,,,,0,0,,,,,
0021500138,369,4,0,3,5:18 PM,2:11,Mbah a Moute REBOUND (Off:0 Def:1),,,,,4,201601,Luc Mbah a Moute,1610612746.0,LA,Clippers,LAC,0,0,,,,,,0,0,,,,,
0021500138,370,2,1,3,5:18 PM,2:03,MISS Crawford 14' Jump Shot,,,,,4,2037,Jamal Crawford,1610612746.0,LA,Clippers,LAC,0,0,,,,,,0,0,,,,,
0021500138,371,4,0,3,5:18 PM,2:02,Griffin REBOUND (Off:2 Def:2),,,,,4,201933,Blake Griffin,1610612746.0,LA,Clippers,LAC,0,0,,,,,,0,0,,,,,
0021500138,372,1,97,3,5:18 PM,1:59,Griffin 1' Tip Layup Shot (21 PTS),,,78 - 74,-4,4,201933,Blake Griffin,1610612746.0,LA,Clippers,LAC,0,0,,,,,,0,0,,,,,
0021500138,373,2,1,3,5:18 PM,1:43,,,MISS Baynes 18' Jump Shot,,,5,203382,Aron Baynes,1610612765.0,Detroit,Pistons,DET,0,0,,,,,,0,0,,,,,
0021500138,374,4,0,3,5:18 PM,1:42,Griffin REBOUND (Off:2 Def:3),,,,,4,201933,Blake Griffin,1610612746.0,LA,Clippers,LAC,0,0,,,,,,0,0,,,,,
0021500138,375,6,1,3,5:19 PM,1:36,,,Johnson P.FOUL (P3.T3) (J.Phillips),,,5,1626169,Stanley Johnson,1610612765.0,Detroit,Pistons,DET,4,2037,Jamal Crawford,1610612746.0,LA,Clippers,LAC,1,0,,,,,
0021500138,377,2,1,3,5:19 PM,1:25,MISS Smith 26' 3PT Jump Shot,,,,,4,2746,Josh Smith,1610612746.0,LA,Clippers,LAC,0,0,,,,,,0,0,,,,,
0021500138,378,4,0,3,5:19 PM,1:24,Mbah a Moute REBOUND (Off:1 Def:1),,,,,4,201601,Luc Mbah a Moute,1610612746.0,LA,Clippers,LAC,0,0,,,,,,0,0,,,,,
0021500138,380,1,42,3,5:19 PM,1:16,Griffin 2' Driving Layup (23 PTS),,,78 - 76,-2,4,201933,Blake Griffin,1610612746.0,LA,Clippers,LAC,0,0,,,,,,0,0,,,,,
0021500138,381,6,2,3,5:19 PM,1:16,,,Tolliver S.FOUL (P2.PN) (J.Phillips),,,5,201229,Anthony Tolliver,1610612765.0,Detroit,Pistons,DET,4,201933,Blake Griffin,1610612746.0,LA,Clippers,LAC,1,0,,,,,
0021500138,383,3,10,3,5:20 PM,1:16,Griffin Free Throw 1 of 1 (24 PTS),,,78 - 77,-1,4,201933,Blake Griffin,1610612746.0,LA,Clippers,LAC,0,0,,,,,,0,0,,,,,
0021500138,385,6,1,3,5:20 PM,1:08,Mbah a Moute P.FOUL (P3.PN) (J.Phillips),,,,,4,201601,Luc Mbah a Moute,1610612746.0,LA,Clippers,LAC,5,202694,Marcus Morris,1610612765.0,Detroit,Pistons,DET,1,0,,,,,
0021500138,386,3,11,3,5:20 PM,1:08,,,Marc Morris Free Throw 1 of 2 (5 PTS),79 - 77,-2,5,202694,Marcus Morris,1610612765.0,Detroit,Pistons,DET,0,0,,,,,,0,0,,,,,
0021500138,388,8,0,3,5:21 PM,1:08,SUB: Prigioni FOR Rivers,,,,,4,203085,Austin Rivers,1610612746.0,LA,Clippers,LAC,4,203143,Pablo Prigioni,1610612746.0,LA,Clippers,LAC,0,0,,,,,
0021500138,389,8,0,3,5:21 PM,1:08,SUB: W. Johnson FOR Griffin,,,,,4,201933,Blake Griffin,1610612746.0,LA,Clippers,LAC,4,202325,Wesley Johnson,1610612746.0,LA,Clippers,LAC,0,0,,,,,
0021500138,390,3,12,3,5:21 PM,1:08,,,Marc Morris Free Throw 2 of 2 (6 PTS),80 - 77,-3,5,202694,Marcus Morris,1610612765.0,Detroit,Pistons,DET,0,0,,,,,,0,0,,,,,
0021500138,392,6,27,3,5:21 PM,1:00,,,Johnson Personal Block Foul (P4.PN) (K.Fitzgerald),,,5,1626169,Stanley Johnson,1610612765.0,Detroit,Pistons,DET,4,2037,Jamal Crawford,1610612746.0,LA,Clippers,LAC,1,0,,,,,
0021500138,393,3,11,3,5:22 PM,1:00,Crawford Free Throw 1 of 2 (28 PTS),,,80 - 78,-2,4,2037,Jamal Crawford,1610612746.0,LA,Clippers,LAC,0,0,,,,,,0,0,,,,,
0021500138,395,8,0,3,5:22 PM,1:00,,,SUB: Caldwell-Pope FOR Johnson,,,5,1626169,Stanley Johnson,1610612765.0,Detroit,Pistons,DET,5,203484,Kentavious Caldwell-Pope,1610612765.0,Detroit,Pistons,DET,0,0,,,,,
0021500138,396,3,12,3,5:22 PM,1:00,Crawford Free Throw 2 of 2 (29 PTS),,,80 - 79,-1,4,2037,Jamal Crawford,1610612746.0,LA,Clippers,LAC,0,0,,,,,,0,0,,,,,
0021500138,398,5,40,3,5:23 PM,0:43,,,Marc Morris Out of Bounds Lost Ball Turnover (P2.T12),,,5,202694,Marcus Morris,1610612765.0,Detroit,Pistons,DET,0,0,,,,,,0,0,,,,,
0021500138,399,2,1,3,5:23 PM,0:33,MISS Crawford 19' Jump Shot,,,,,4,2037,Jamal Crawford,1610612746.0,LA,Clippers,LAC,0,0,,,,,,0,0,,,,,
0021500138,400,4,0,3,5:23 PM,0:33,,,Baynes REBOUND (Off:1 Def:1),,,5,203382,Aron Baynes,1610612765.0,Detroit,Pistons,DET,0,0,,,,,,0,0,,,,,
0021500138,401,2,1,3,5:23 PM,0:21,,,MISS Blake 25' 3PT Jump Shot,,,5,2581,Steve Blake,1610612765.0,Detroit,Pistons,DET,0,0,,,,,,0,0,,,,,
0021500138,402,4,0,3,5:23 PM,0:20,Smith REBOUND (Off:0 Def:1),,,,,4,2746,Josh Smith,1610612746.0,LA,Clippers,LAC,0,0,,,,,,0,0,,,,,
0021500138,403,1,75,3,5:23 PM,0:00,Crawford 1' Driving Finger Roll Layup (31 PTS),,,80 - 81,1,4,2037,Jamal Crawford,1610612746.0,LA,Clippers,LAC,0,0,,,,,,0,0,,,,,
0021500138,404,13,0,3,5:24 PM,0:00,,,,80 - 81,1,0,0,,,,,,0,0,,,,,,0,0,,,,,
0021500138,406,12,0,4,5:26 PM,12:00,,,,80 - 81,1,0,0,,,,,,0,0,,,,,,0,0,,,,,
0021500138,407,2,1,4,5:27 PM,11:37,MISS Crawford 28' 3PT Jump Shot,,,,,4,2037,Jamal Crawford,1610612746.0,LA,Clippers,LAC,0,0,,,,,,0,0,,,,,
0021500138,408,4,0,4,5:27 PM,11:35,,,Tolliver REBOUND (Off:0 Def:4),,,5,201229,Anthony Tolliver,1610612765.0,Detroit,Pistons,DET,0,0,,,,,,0,0,,,,,
0021500138,409,6,1,4,5:27 PM,11:25,Smith P.FOUL (P1.T1) (D.Taylor),,,,,4,2746,Josh Smith,1610612746.0,LA,Clippers,LAC,5,203382,Aron Baynes,1610612765.0,Detroit,Pistons,DET,1,0,,,,,
0021500138,410,8,0,4,5:27 PM,11:25,,,SUB: Drummond FOR Baynes,,,5,203382,Aron Baynes,1610612765.0,Detroit,Pistons,DET,5,203083,Andre Drummond,1610612765.0,Detroit,Pistons,DET,0,0,,,,,
0021500138,411,2,1,4,5:27 PM,11:11,,,MISS Marc Morris 25' 3PT Jump Shot,,,5,202694,Marcus Morris,1610612765.0,Detroit,Pistons,DET,0,0,,,,,,0,0,,,,,
0021500138,412,4,0,4,5:27 PM,11:10,W. Johnson REBOUND (Off:0 Def:2),,,,,4,202325,Wesley Johnson,1610612746.0,LA,Clippers,LAC,0,0,,,,,,0,0,,,,,
0021500138,413,2,1,4,5:28 PM,11:02,MISS Crawford 4' Jump Shot,,,,,4,2037,Jamal Crawford,1610612746.0,LA,Clippers,LAC,0,0,,,,,,0,0,,,,,
0021500138,414,4,0,4,5:28 PM,11:02,,,Pistons Rebound,,,3,1610612765,,,,,,0,0,,,,,,0,0,,,,,
0021500138,416,8,0,4,5:28 PM,10:44,SUB: Rivers FOR Crawford,,,,,4,2037,Jamal Crawford,1610612746.0,LA,Clippers,LAC,4,203085,Austin Rivers,1610612746.0,LA,Clippers,LAC,0,0,,,,,
0021500138,417,8,0,4,5:28 PM,10:44,SUB: Jordan FOR W. Johnson,,,,,4,202325,Wesley Johnson,1610612746.0,LA,Clippers,LAC,4,201599,DeAndre Jordan,1610612746.0,LA,Clippers,LAC,0,0,,,,,
0021500138,418,2,1,4,5:29 PM,10:36,,,MISS Tolliver 24' 3PT Jump Shot,,,5,201229,Anthony Tolliver,1610612765.0,Detroit,Pistons,DET,0,0,,,,,,0,0,,,,,
0021500138,419,4,0,4,5:29 PM,10:36,Mbah a Moute REBOUND (Off:1 Def:2),,,,,4,201601,Luc Mbah a Moute,1610612746.0,LA,Clippers,LAC,0,0,,,,,,0,0,,,,,
0021500138,420,2,43,4,5:29 PM,10:28,MISS Jordan 2' Alley Oop Layup,,,,,4,201599,DeAndre Jordan,1610612746.0,LA,Clippers,LAC,0,0,,,,,,0,0,,,,,
0021500138,421,4,0,4,5:29 PM,10:28,,,Drummond REBOUND (Off:4 Def:12),,,5,203083,Andre Drummond,1610612765.0,Detroit,Pistons,DET,0,0,,,,,,0,0,,,,,
0021500138,422,6,2,4,5:29 PM,10:16,Jordan S.FOUL (P4.T2) (J.Phillips),,,,,4,201599,DeAndre Jordan,1610612746.0,LA,Clippers,LAC,5,203083,Andre Drummond,1610612765.0,Detroit,Pistons,DET,1,0,,,,,
0021500138,423,3,11,4,5:29 PM,10:16,,,MISS Drummond Free Throw 1 of 2,,,5,203083,Andre Drummond,1610612765.0,Detroit,Pistons,DET,0,0,,,,,,0,0,,,,,
0021500138,424,4,1,4,5:29 PM,10:16,,,Pistons Rebound,,,3,1610612765,,,,,,0,0,,,,,,0,0,,,,,
0021500138,425,8,0,4,5:29 PM,10:16,,,SUB: Jackson FOR Blake,,,5,2581,Steve Blake,1610612765.0,Detroit,Pistons,DET,5,202704,Reggie Jackson,1610612765.0,Detroit,Pistons,DET,0,0,,,,,
0021500138,426,3,12,4,5:29 PM,10:16,,,Drummond Free Throw 2 of 2 (14 PTS),81 - 81,TIE,5,203083,Andre Drummond,1610612765.0,Detroit,Pistons,DET,0,0,,,,,,0,0,,,,,
0021500138,428,5,39,4,5:30 PM,10:03,Rivers Step Out of Bounds Turnover (P2.T13),,,,,4,203085,Austin Rivers,1610612746.0,LA,Clippers,LAC,0,0,,,,,,0,0,,,,,
0021500138,429,6,4,4,5:30 PM,9:46,,,Drummond OFF.Foul (P3) (K.Fitzgerald),,,5,203083,Andre Drummond,1610612765.0,Detroit,Pistons,DET,4,201599,DeAndre Jordan,1610612746.0,LA,Clippers,LAC,1,0,,,,,
0021500138,430,5,5,4,5:30 PM,9:46,,,Drummond Foul Turnover (P2.T13),,,5,203083,Andre Drummond,1610612765.0,Detroit,Pistons,DET,0,0,,,,,,1,0,,,,,
0021500138,431,8,0,4,5:31 PM,9:46,SUB: Griffin FOR Smith,,,,,4,2746,Josh Smith,1610612746.0,LA,Clippers,LAC,4,201933,Blake Griffin,1610612746.0,LA,Clippers,LAC,0,0,,,,,
0021500138,432,2,1,4,5:31 PM,9:34,MISS Rivers 26' 3PT Jump Shot,,,,,4,203085,Austin Rivers,1610612746.0,LA,Clippers,LAC,0,0,,,,,,0,0,,,,,
0021500138,433,4,0,4,5:31 PM,9:34,,,Drummond REBOUND (Off:4 Def:13),,,5,203083,Andre Drummond,1610612765.0,Detroit,Pistons,DET,0,0,,,,,,0,0,,,,,
0021500138,434,2,3,4,5:31 PM,9:21,,,MISS Drummond 3' Hook Shot,,,5,203083,Andre Drummond,1610612765.0,Detroit,Pistons,DET,0,0,,,,,,0,0,,,,,
0021500138,435,4,0,4,5:31 PM,9:20,Jordan REBOUND (Off:3 Def:10),,,,,4,201599,DeAndre Jordan,1610612746.0,LA,Clippers,LAC,0,0,,,,,,0,0,,,,,
0021500138,436,2,5,4,5:31 PM,9:11,MISS Griffin 2' Layup,,,,,4,201933,Blake Griffin,1610612746.0,LA,Clippers,LAC,0,0,,,,,,0,0,,,,,
0021500138,437,4,0,4,5:31 PM,9:11,Griffin REBOUND (Off:3 Def:3),,,,,4,201933,Blake Griffin,1610612746.0,LA,Clippers,LAC,0,0,,,,,,0,0,,,,,
0021500138,438,6,3,4,5:31 PM,9:11,,,Marc Morris L.B.FOUL (P2.T1) (J.Phillips),,,5,202694,Marcus Morris,1610612765.0,Detroit,Pistons,DET,4,201933,Blake Griffin,1610612746.0,LA,Clippers,LAC,1,0,,,,,
0021500138,439,8,0,4,5:32 PM,9:11,SUB: W. Johnson FOR Prigioni,,,,,4,203143,Pablo Prigioni,1610612746.0,LA,Clippers,LAC,4,202325,Wesley Johnson,1610612746.0,LA,Clippers,LAC,0,0,,,,,
0021500138,440,2,1,4,5:32 PM,9:03,MISS Mbah a Moute 19' Jump Shot,,,,,4,201601,Luc Mbah a Moute,1610612746.0,LA,Clippers,LAC,0,0,,,,,,0,0,,,,,
0021500138,441,4,0,4,5:32 PM,9:02,,,Drummond REBOUND (Off:4 Def:14),,,5,203083,Andre Drummond,1610612765.0,Detroit,Pistons,DET,0,0,,,,,,0,0,,,,,
0021500138,442,2,55,4,5:32 PM,8:40,,,MISS Drummond 6' Hook Shot,,,5,203083,Andre Drummond,1610612765.0,Detroit,Pistons,DET,0,0,,,,,,0,0,,,,,
0021500138,443,4,0,4,5:32 PM,8:39,Jordan REBOUND (Off:3 Def:11),,,,,4,201599,DeAndre Jordan,1610612746.0,LA,Clippers,LAC,0,0,,,,,,0,0,,,,,
0021500138,444,6,2,4,5:33 PM,8:25,,,Jackson S.FOUL (P1.T2) (J.Phillips),,,5,202704,Reggie Jackson,1610612765.0,Detroit,Pistons,DET,4,203085,Austin Rivers,1610612746.0,LA,Clippers,LAC,1,0,,,,,
0021500138,445,9,4,4,5:33 PM,8:25,,,,,,1,0,,,,,,0,0,,,,,,0,0,,,,,
0021500138,447,8,0,4,5:35 PM,8:25,SUB: Crawford FOR W. Johnson,,,,,4,202325,Wesley Johnson,1610612746.0,LA,Clippers,LAC,4,2037,Jamal Crawford,1610612746.0,LA,Clippers,LAC,0,0,,,,,
0021500138,448,8,0,4,5:35 PM,8:25,SUB: Pierce FOR Mbah a Moute,,,,,4,201601,Luc Mbah a Moute,1610612746.0,LA,Clippers,LAC,4,1718,Paul Pierce,1610612746.0,LA,Clippers,LAC,0,0,,,,,
0021500138,449,8,0,4,5:35 PM,8:25,,,SUB: Johnson FOR Marc Morris,,,5,202694,Marcus Morris,1610612765.0,Detroit,Pistons,DET,5,1626169,Stanley Johnson,1610612765.0,Detroit,Pistons,DET,0,0,,,,,
0021500138,450,8,0,4,5:35 PM,8:25,,,SUB: Ilyasova FOR Tolliver,,,5,201229,Anthony Tolliver,1610612765.0,Detroit,Pistons,DET,5,101141,Ersan Ilyasova,1610612765.0,Detroit,Pistons,DET,0,0,,,,,
0021500138,451,3,11,4,5:35 PM,8:25,Rivers Free Throw 1 of 2 (10 PTS),,,81 - 82,1,4,203085,Austin Rivers,1610612746.0,LA,Clippers,LAC,0,0,,,,,,0,0,,,,,
0021500138,453,3,12,4,5:35 PM,8:25,MISS Rivers Free Throw 2 of 2,,,,,4,203085,Austin Rivers,1610612746.0,LA,Clippers,LAC,0,0,,,,,,0,0,,,,,
0021500138,455,4,0,4,5:36 PM,8:24,,,Drummond REBOUND (Off:4 Def:15),,,5,203083,Andre Drummond,1610612765.0,Detroit,Pistons,DET,0,0,,,,,,0,0,,,,,
0021500138,456,2,1,4,5:36 PM,8:01,,,MISS Johnson 24' 3PT Jump Shot,,,5,1626169,Stanley Johnson,1610612765.0,Detroit,Pistons,DET,0,0,,,,,,0,0,,,,,
0021500138,457,4,0,4,5:36 PM,8:00,Crawford REBOUND (Off:0 Def:4),,,,,4,2037,Jamal Crawford,1610612746.0,LA,Clippers,LAC,0,0,,,,,,0,0,,,,,
0021500138,458,2,5,4,5:36 PM,7:52,MISS Griffin 3' Layup,,,,,4,201933,Blake Griffin,1610612746.0,LA,Clippers,LAC,0,0,,,,,,0,0,,,,,
0021500138,459,4,0,4,5:36 PM,7:52,,,Pistons Rebound,,,3,1610612765,,,,,,0,0,,,,,,0,0,,,,,
0021500138,460,6,3,4,5:36 PM,7:52,Griffin L.B.FOUL (P2.T3) (K.Fitzgerald),,,,,4,201933,Blake Griffin,1610612746.0,LA,Clippers,LAC,5,203083,Andre Drummond,1610612765.0,Detroit,Pistons,DET,1,0,,,,,
0021500138,462,2,1,4,5:37 PM,7:32,,,MISS Ilyasova 26' 3PT Jump Shot,,,5,101141,Ersan Ilyasova,1610612765.0,Detroit,Pistons,DET,0,0,,,,,,0,0,,,,,
0021500138,463,4,0,4,5:37 PM,7:32,,,Johnson REBOUND (Off:1 Def:2),,,5,1626169,Stanley Johnson,1610612765.0,Detroit,Pistons,DET,0,0,,,,,,0,0,,,,,
0021500138,464,2,44,4,5:37 PM,7:22,,,MISS Jackson 2' Reverse Layup,,,5,202704,Reggie Jackson,1610612765.0,Detroit,Pistons,DET,0,0,,,,,,0,0,,,,,
0021500138,465,4,0,4,5:37 PM,7:22,Crawford REBOUND (Off:0 Def:5),,,,,4,2037,Jamal Crawford,1610612746.0,LA,Clippers,LAC,0,0,,,,,,0,0,,,,,
0021500138,466,2,79,4,5:37 PM,7:11,MISS Crawford 18' Pullup Jump Shot,,,,,4,2037,Jamal Crawford,1610612746.0,LA,Clippers,LAC,0,0,,,,,,0,0,,,,,
0021500138,467,4,0,4,5:37 PM,7:10,Crawford REBOUND (Off:1 Def:5),,,,,4,2037,Jamal Crawford,1610612746.0,LA,Clippers,LAC,0,0,,,,,,0,0,,,,,
0021500138,468,2,5,4,5:37 PM,6:58,MISS Griffin 3' Layup,,,,,4,201933,Blake Griffin,1610612746.0,LA,Clippers,LAC,0,0,,,,,,0,0,,,,,
0021500138,469,4,0,4,5:37 PM,6:57,,,Johnson REBOUND (Off:1 Def:3),,,5,1626169,Stanley Johnson,1610612765.0,Detroit,Pistons,DET,0,0,,,,,,0,0,,,,,
0021500138,470,6,1,4,5:37 PM,6:50,Griffin P.FOUL (P3.T4) (J.Phillips),,,,,4,201933,Blake Griffin,1610612746.0,LA,Clippers,LAC,5,101141,Ersan Ilyasova,1610612765.0,Detroit,Pistons,DET,1,0,,,,,
0021500138,471,5,39,4,5:38 PM,6:38,,,Jackson Step Out of Bounds Turnover (P3.T14),,,5,202704,Reggie Jackson,1610612765.0,Detroit,Pistons,DET,0,0,,,,,,0,0,,,,,
0021500138,472,1,1,4,5:39 PM,6:16,Griffin 18' Jump Shot (26 PTS) (Crawford 6 AST),,,81 - 84,3,4,201933,Blake Griffin,1610612746.0,LA,Clippers,LAC,4,2037,Jamal Crawford,1610612746.0,LA,Clippers,LAC,0,0,,,,,
0021500138,473,1,47,4,5:39 PM,5:56,,,Jackson 4' Turnaround Jump Shot (18 PTS),83 - 84,1,5,202704,Reggie Jackson,1610612765.0,Detroit,Pistons,DET,0,0,,,,,,0,0,,,,,
0021500138,474,1,1,4,5:39 PM,5:39,Griffin 18' Jump Shot (28 PTS) (Crawford 7 AST),,,83 - 86,3,4,201933,Blake Griffin,1610612746.0,LA,Clippers,LAC,4,2037,Jamal Crawford,1610612746.0,LA,Clippers,LAC,0,0,,,,,
0021500138,475,6,28,4,5:40 PM,5:27,Rivers Personal Take Foul (P2.PN) (K.Fitzgerald),,,,,4,203085,Austin Rivers,1610612746.0,LA,Clippers,LAC,5,203083,Andre Drummond,1610612765.0,Detroit,Pistons,DET,1,0,,,,,
0021500138,476,9,1,4,5:40 PM,5:27,CLIPPERS Timeout: Regular (Full 4 Short 0),,,,,2,1610612746,,,,,,0,0,,,,,,0,0,,,,,
0021500138,478,8,0,4,5:42 PM,5:27,,,SUB: Marc Morris FOR Johnson,,,5,1626169,Stanley Johnson,1610612765.0,Detroit,Pistons,DET,5,202694,Marcus Morris,1610612765.0,Detroit,Pistons,DET,0,0,,,,,
0021500138,479,3,11,4,5:42 PM,5:27,,,Drummond Free Throw 1 of 2 (15 PTS),84 - 86,2,5,203083,Andre Drummond,1610612765.0,Detroit,Pistons,DET,0,0,,,,,,0,0,,,,,
0021500138,481,3,12,4,5:43 PM,5:27,,,MISS Drummond Free Throw 2 of 2,,,5,203083,Andre Drummond,1610612765.0,Detroit,Pistons,DET,0,0,,,,,,0,0,,,,,
0021500138,483,4,0,4,5:43 PM,5:26,Jordan REBOUND (Off:3 Def:12),,,,,4,201599,DeAndre Jordan,1610612746.0,LA,Clippers,LAC,0,0,,,,,,0,0,,,,,
0021500138,484,1,1,4,5:43 PM,5:09,Crawford 19' Jump Shot (33 PTS) (Jordan 2 AST),,,84 - 88,4,4,2037,Jamal Crawford,1610612746.0,LA,Clippers,LAC,4,201599,DeAndre Jordan,1610612746.0,LA,Clippers,LAC,0,0,,,,,
0021500138,485,6,28,4,5:43 PM,4:59,Crawford Personal Take Foul (P3.PN) (D.Taylor),,,,,4,2037,Jamal Crawford,1610612746.0,LA,Clippers,LAC,5,203083,Andre Drummond,1610612765.0,Detroit,Pistons,DET,1,0,,,,,
0021500138,486,3,11,4,5:43 PM,4:59,,,MISS Drummond Free Throw 1 of 2,,,5,203083,Andre Drummond,1610612765.0,Detroit,Pistons,DET,0,0,,,,,,0,0,,,,,
0021500138,487,4,1,4,5:43 PM,4:59,,,Pistons Rebound,,,3,1610612765,,,,,,0,0,,,,,,0,0,,,,,
0021500138,488,3,12,4,5:44 PM,4:59,,,Drummond Free Throw 2 of 2 (16 PTS),85 - 88,3,5,203083,Andre Drummond,1610612765.0,Detroit,Pistons,DET,0,0,,,,,,0,0,,,,,
0021500138,490,6,4,4,5:44 PM,4:47,Crawford OFF.Foul (P4) (K.Fitzgerald),,,,,4,2037,Jamal Crawford,1610612746.0,LA,Clippers,LAC,5,101141,Ersan Ilyasova,1610612765.0,Detroit,Pistons,DET,1,0,,,,,
0021500138,491,5,5,4,5:44 PM,4:47,Crawford Foul Turnover (P3.T14),,,,,4,2037,Jamal Crawford,1610612746.0,LA,Clippers,LAC,0,0,,,,,,1,0,,,,,
0021500138,492,8,0,4,5:44 PM,4:47,,,SUB: Baynes FOR Drummond,,,5,203083,Andre Drummond,1610612765.0,Detroit,Pistons,DET,5,203382,Aron Baynes,1610612765.0,Detroit,Pistons,DET,0,0,,,,,
0021500138,493,1,66,4,5:45 PM,4:23,,,Caldwell-Pope 3' Jump Bank Shot (10 PTS),87 - 88,1,5,203484,Kentavious Caldwell-Pope,1610612765.0,Detroit,Pistons,DET,0,0,,,,,,0,0,,,,,
0021500138,494,2,1,4,5:45 PM,4:08,MISS Crawford 20' Jump Shot,,,,,4,2037,Jamal Crawford,1610612746.0,LA,Clippers,LAC,0,0,,,,,,0,0,,,,,
0021500138,495,4,0,4,5:45 PM,4:08,,,Jackson REBOUND (Off:1 Def:4),,,5,202704,Reggie Jackson,1610612765.0,Detroit,Pistons,DET,0,0,,,,,,0,0,,,,,
0021500138,497,1,1,4,5:45 PM,3:55,,,Baynes 8' Jump Shot (6 PTS),89 - 88,-1,5,203382,Aron Baynes,1610612765.0,Detroit,Pistons,DET,0,0,,,,,,0,0,,,,,
0021500138,498,9,1,4,5:46 PM,3:55,CLIPPERS Timeout: Regular (Full 5 Short 0),,,,,2,1610612746,,,,,,0,0,,,,,,0,0,,,,,
0021500138,500,6,2,4,5:48 PM,3:45,,,Caldwell-Pope S.FOUL (P3.T3) (J.Phillips),,,5,203484,Kentavious Caldwell-Pope,1610612765.0,Detroit,Pistons,DET,4,201933,Blake Griffin,1610612746.0,LA,Clippers,LAC,1,0,,,,,
0021500138,501,3,11,4,5:49 PM,3:45,Griffin Free Throw 1 of 2 (29 PTS),,,89 - 89,TIE,4,201933,Blake Griffin,1610612746.0,LA,Clippers,LAC,0,0,,,,,,0,0,,,,,
0021500138,503,3,12,4,5:49 PM,3:45,Griffin Free Throw 2 of 2 (30 PTS),,,89 - 90,1,4,201933,Blake Griffin,1610612746.0,LA,Clippers,LAC,0,0,,,,,,0,0,,,,,
0021500138,505,2,5,4,5:49 PM,3:31,,,MISS Jackson 2' Layup,,,5,202704,Reggie Jackson,1610612765.0,Detroit,Pistons,DET,0,0,,,,,,0,0,,,,,
0021500138,506,4,0,4,5:49 PM,3:30,Griffin REBOUND (Off:3 Def:4),,,,,4,201933,Blake Griffin,1610612746.0,LA,Clippers,LAC,0,0,,,,,,0,0,,,,,
0021500138,507,2,1,4,5:49 PM,3:12,MISS Griffin 19' Jump Shot,,,,,4,201933,Blake Griffin,1610612746.0,LA,Clippers,LAC,0,0,,,,,,0,0,,,,,
0021500138,508,4,0,4,5:49 PM,3:12,,,Caldwell-Pope REBOUND (Off:1 Def:1),,,5,203484,Kentavious Caldwell-Pope,1610612765.0,Detroit,Pistons,DET,0,0,,,,,,0,0,,,,,
0021500138,509,6,2,4,5:50 PM,2:59,Rivers S.FOUL (P3.PN) (D.Taylor),,,,,4,203085,Austin Rivers,1610612746.0,LA,Clippers,LAC,5,101141,Ersan Ilyasova,1610612765.0,Detroit,Pistons,DET,1,0,,,,,
0021500138,510,3,11,4,5:50 PM,2:59,,,Ilyasova Free Throw 1 of 2 (18 PTS),90 - 90,TIE,5,101141,Ersan Ilyasova,1610612765.0,Detroit,Pistons,DET,0,0,,,,,,0,0,,,,,
0021500138,512,3,12,4,5:50 PM,2:59,,,MISS Ilyasova Free Throw 2 of 2,,,5,101141,Ersan Ilyasova,1610612765.0,Detroit,Pistons,DET,0,0,,,,,,0,0,,,,,
0021500138,514,4,0,4,5:50 PM,2:57,Rivers REBOUND (Off:1 Def:2),,,,,4,203085,Austin Rivers,1610612746.0,LA,Clippers,LAC,0,0,,,,,,0,0,,,,,
0021500138,516,1,1,4,5:51 PM,2:34,Rivers  3PT Jump Shot (13 PTS) (Griffin 9 AST),,,90 - 93,3,4,203085,Austin Rivers,1610612746.0,LA,Clippers,LAC,4,201933,Blake Griffin,1610612746.0,LA,Clippers,LAC,0,0,,,,,
0021500138,517,6,1,4,5:51 PM,2:21,Griffin P.FOUL (P4.PN) (D.Taylor),,,,,4,201933,Blake Griffin,1610612746.0,LA,Clippers,LAC,5,101141,Ersan Ilyasova,1610612765.0,Detroit,Pistons,DET,1,0,,,,,
0021500138,518,3,11,4,5:52 PM,2:21,,,Ilyasova Free Throw 1 of 2 (19 PTS),91 - 93,2,5,101141,Ersan Ilyasova,1610612765.0,Detroit,Pistons,DET,0,0,,,,,,0,0,,,,,
0021500138,520,3,12,4,5:52 PM,2:21,,,Ilyasova Free Throw 2 of 2 (20 PTS),92 - 93,1,5,101141,Ersan Ilyasova,1610612765.0,Detroit,Pistons,DET,0,0,,,,,,0,0,,,,,
0021500138,522,2,1,4,5:52 PM,2:06,MISS Crawford 19' Jump Shot,,,,,4,2037,Jamal Crawford,1610612746.0,LA,Clippers,LAC,0,0,,,,,,0,0,,,,,
0021500138,523,4,0,4,5:52 PM,2:06,,,Jackson REBOUND (Off:1 Def:5),,,5,202704,Reggie Jackson,1610612765.0,Detroit,Pistons,DET,0,0,,,,,,0,0,,,,,
0021500138,524,2,1,4,5:53 PM,1:46,,,MISS Jackson 9' Jump Shot,,,5,202704,Reggie Jackson,1610612765.0,Detroit,Pistons,DET,0,0,,,,,,0,0,,,,,
0021500138,525,4,0,4,5:53 PM,1:45,Jordan REBOUND (Off:3 Def:13),,,,,4,201599,DeAndre Jordan,1610612746.0,LA,Clippers,LAC,0,0,,,,,,0,0,,,,,
0021500138,526,9,1,4,5:53 PM,1:40,CLIPPERS Timeout: Regular (Full 6 Short 0),,,,,2,1610612746,,,,,,0,0,,,,,,0,0,,,,,
0021500138,528,8,0,4,5:55 PM,1:40,,,SUB: Drummond FOR Baynes,,,5,203382,Aron Baynes,1610612765.0,Detroit,Pistons,DET,5,203083,Andre Drummond,1610612765.0,Detroit,Pistons,DET,0,0,,,,,
0021500138,529,1,3,4,5:55 PM,1:28,Griffin 2' Hook Shot (32 PTS),,,92 - 95,3,4,201933,Blake Griffin,1610612746.0,LA,Clippers,LAC,0,0,,,,,,0,0,,,,,
0021500138,530,10,0,4,5:56 PM,1:17,Jump Ball Griffin vs. Ilyasova: Tip to,,,,,4,201933,Blake Griffin,1610612746.0,LA,Clippers,LAC,5,101141,Ersan Ilyasova,1610612765.0,Detroit,Pistons,DET,2,1610612746,,,,,
0021500138,531,5,2,4,5:56 PM,1:17,Griffin STEAL (2 STL),,Jackson Lost Ball Turnover (P4.T15),,,5,202704,Reggie Jackson,1610612765.0,Detroit,Pistons,DET,4,201933,Blake Griffin,1610612746.0,LA,Clippers,LAC,0,0,,,,,
0021500138,532,6,3,4,5:56 PM,1:16,,,Ilyasova L.B.FOUL (P4.T4) (K.Fitzgerald),,,5,101141,Ersan Ilyasova,1610612765.0,Detroit,Pistons,DET,4,201933,Blake Griffin,1610612746.0,LA,Clippers,LAC,1,0,,,,,
0021500138,534,2,1,4,5:57 PM,1:00,MISS Rivers 25' 3PT Jump Shot,,,,,4,203085,Austin Rivers,1610612746.0,LA,Clippers,LAC,0,0,,,,,,0,0,,,,,
0021500138,535,4,0,4,5:57 PM,0:59,,,Caldwell-Pope REBOUND (Off:1 Def:2),,,5,203484,Kentavious Caldwell-Pope,1610612765.0,Detroit,Pistons,DET,0,0,,,,,,0,0,,,,,
0021500138,537,6,1,4,5:57 PM,0:53,Jordan P.FOUL (P5.PN) (D.Taylor),,,,,4,201599,DeAndre Jordan,1610612746.0,LA,Clippers,LAC,5,203083,Andre Drummond,1610612765.0,Detroit,Pistons,DET,1,0,,,,,
0021500138,538,3,11,4,5:57 PM,0:53,,,Drummond Free Throw 1 of 2 (17 PTS),93 - 95,2,5,203083,Andre Drummond,1610612765.0,Detroit,Pistons,DET,0,0,,,,,,0,0,,,,,
0021500138,540,3,12,4,5:57 PM,0:53,,,Drummond Free Throw 2 of 2 (18 PTS),94 - 95,1,5,203083,Andre Drummond,1610612765.0,Detroit,Pistons,DET,0,0,,,,,,0,0,,,,,
0021500138,542,2,1,4,5:58 PM,0:33,MISS Pierce 25' 3PT Jump Shot,,,,,4,1718,Paul Pierce,1610612746.0,LA,Clippers,LAC,0,0,,,,,,0,0,,,,,
0021500138,543,4,0,4,5:58 PM,0:31,Griffin REBOUND (Off:4 Def:4),,,,,4,201933,Blake Griffin,1610612746.0,LA,Clippers,LAC,0,0,,,,,,0,0,,,,,
0021500138,545,1,1,4,5:59 PM,0:17,Griffin 20' Jump Shot (34 PTS) (Crawford 8 AST),,,94 - 97,3,4,201933,Blake Griffin,1610612746.0,LA,Clippers,LAC,4,2037,Jamal Crawford,1610612746.0,LA,Clippers,LAC,0,0,,,,,
0021500138,546,9,1,4,5:59 PM,0:17,,,Pistons Timeout: Regular (Reg.4 Short 0),,,3,1610612765,,,,,,0,0,,,,,,0,0,,,,,
0021500138,548,8,0,4,6:00 PM,0:17,SUB: Mbah a Moute FOR Crawford,,,,,4,2037,Jamal Crawford,1610612746.0,LA,Clippers,LAC,4,201601,Luc Mbah a Moute,1610612746.0,LA,Clippers,LAC,0,0,,,,,
0021500138,549,8,0,4,6:00 PM,0:17,,,SUB: Baynes FOR Drummond,,,5,203083,Andre Drummond,1610612765.0,Detroit,Pistons,DET,5,203382,Aron Baynes,1610612765.0,Detroit,Pistons,DET,0,0,,,,,
0021500138,550,6,28,4,6:01 PM,0:08,Jordan Personal Take Foul (P6.PN) (K.Fitzgerald),,,,,4,201599,DeAndre Jordan,1610612746.0,LA,Clippers,LAC,5,202704,Reggie Jackson,1610612765.0,Detroit,Pistons,DET,1,0,,,,,
0021500138,552,8,0,4,6:02 PM,0:08,SUB: Smith FOR Jordan,,,,,4,201599,DeAndre Jordan,1610612746.0,LA,Clippers,LAC,4,2746,Josh Smith,1610612746.0,LA,Clippers,LAC,0,0,,,,,
0021500138,553,3,11,4,6:02 PM,0:08,,,Jackson Free Throw 1 of 2 (19 PTS),95 - 97,2,5,202704,Reggie Jackson,1610612765.0,Detroit,Pistons,DET,0,0,,,,,,0,0,,,,,
0021500138,555,8,0,4,6:02 PM,0:08,,,SUB: Drummond FOR Baynes,,,5,203382,Aron Baynes,1610612765.0,Detroit,Pistons,DET,5,203083,Andre Drummond,1610612765.0,Detroit,Pistons,DET,0,0,,,,,
0021500138,556,3,12,4,6:02 PM,0:08,,,Jackson Free Throw 2 of 2 (20 PTS),96 - 97,1,5,202704,Reggie Jackson,1610612765.0,Detroit,Pistons,DET,0,0,,,,,,0,0,,,,,
0021500138,558,9,2,4,6:02 PM,0:08,CLIPPERS Timeout: Short (Full 6 Short 1),,,,,2,1610612746,,,,,,0,0,,,,,,0,0,,,,,
0021500138,559,8,0,4,6:03 PM,0:08,SUB: Prigioni FOR Smith,,,,,4,2746,Josh Smith,1610612746.0,LA,Clippers,LAC,4,203143,Pablo Prigioni,1610612746.0,LA,Clippers,LAC,0,0,,,,,
0021500138,560,8,0,4,6:03 PM,0:08,SUB: Crawford FOR Mbah a Moute,,,,,4,201601,Luc Mbah a Moute,1610612746.0,LA,Clippers,LAC,4,2037,Jamal Crawford,1610612746.0,LA,Clippers,LAC,0,0,,,,,
0021500138,561,8,0,4,6:04 PM,0:08,,,SUB: Johnson FOR Ilyasova,,,5,101141,Ersan Ilyasova,1610612765.0,Detroit,Pistons,DET,5,1626169,Stanley Johnson,1610612765.0,Detroit,Pistons,DET,0,0,,,,,
0021500138,562,6,28,4,6:04 PM,0:07,,,Caldwell-Pope Personal Take Foul (P4.PN) (D.Taylor),,,5,203484,Kentavious Caldwell-Pope,1610612765.0,Detroit,Pistons,DET,4,2037,Jamal Crawford,1610612746.0,LA,Clippers,LAC,1,0,,,,,
0021500138,563,3,11,4,6:04 PM,0:07,Crawford Free Throw 1 of 2 (34 PTS),,,96 - 98,2,4,2037,Jamal Crawford,1610612746.0,LA,Clippers,LAC,0,0,,,,,,0,0,,,,,
0021500138,565,8,0,4,6:04 PM,0:07,SUB: Mbah a Moute FOR Prigioni,,,,,4,203143,Pablo Prigioni,1610612746.0,LA,Clippers,LAC,4,201601,Luc Mbah a Moute,1610612746.0,LA,Clippers,LAC,0,0,,,,,
0021500138,566,8,0,4,6:04 PM,0:07,,,SUB: Baynes FOR Johnson,,,5,1626169,Stanley Johnson,1610612765.0,Detroit,Pistons,DET,5,203382,Aron Baynes,1610612765.0,Detroit,Pistons,DET,0,0,,,,,
0021500138,567,3,12,4,6:04 PM,0:07,Crawford Free Throw 2 of 2 (35 PTS),,,96 - 99,3,4,2037,Jamal Crawford,1610612746.0,LA,Clippers,LAC,0,0,,,,,,0,0,,,,,
0021500138,569,9,2,4,6:05 PM,0:07,,,Pistons Timeout: Short (Reg.4 Short 1),,,3,1610612765,,,,,,0,0,,,,,,0,0,,,,,
0021500138,571,8,0,4,6:06 PM,0:07,,,SUB: Blake FOR Drummond,,,5,203083,Andre Drummond,1610612765.0,Detroit,Pistons,DET,5,2581,Steve Blake,1610612765.0,Detroit,Pistons,DET,0,0,,,,,
0021500138,572,2,1,4,6:06 PM,0:04,,,MISS Caldwell-Pope 26' 3PT Jump Shot,,,5,203484,Kentavious Caldwell-Pope,1610612765.0,Detroit,Pistons,DET,0,0,,,,,,0,0,,,,,
0021500138,573,4,0,4,6:06 PM,0:04,CLIPPERS Rebound,,,,,2,1610612746,,,,,,0,0,,,,,,0,0,,,,,
0021500138,574,6,28,4,6:07 PM,0:03,,,Blake Personal Take Foul (P2.PN) (K.Fitzgerald),,,5,2581,Steve Blake,1610612765.0,Detroit,Pistons,DET,4,2037,Jamal Crawford,1610612746.0,LA,Clippers,LAC,1,0,,,,,
0021500138,575,3,11,4,6:07 PM,0:03,Crawford Free Throw 1 of 2 (36 PTS),,,96 - 100,4,4,2037,Jamal Crawford,1610612746.0,LA,Clippers,LAC,0,0,,,,,,0,0,,,,,
0021500138,577,8,0,4,6:07 PM,0:03,,,SUB: Drummond FOR Blake,,,5,2581,Steve Blake,1610612765.0,Detroit,Pistons,DET,5,203083,Andre Drummond,1610612765.0,Detroit,Pistons,DET,0,0,,,,,
0021500138,578,3,12,4,6:07 PM,0:03,Crawford Free Throw 2 of 2 (37 PTS),,,96 - 101,5,4,2037,Jamal Crawford,1610612746.0,LA,Clippers,LAC,0,0,,,,,,0,0,,,,,
0021500138,580,9,2,4,6:08 PM,0:03,,,Pistons Timeout: Short (Reg.4 Short 2),,,3,1610612765,,,,,,0,0,,,,,,0,0,,,,,
0021500138,582,8,0,4,6:09 PM,0:03,,,SUB: Ilyasova FOR Baynes,,,5,203382,Aron Baynes,1610612765.0,Detroit,Pistons,DET,5,101141,Ersan Ilyasova,1610612765.0,Detroit,Pistons,DET,0,0,,,,,
0021500138,583,2,1,4,6:09 PM,0:01,,,MISS Jackson 25' 3PT Jump Shot,,,5,202704,Reggie Jackson,1610612765.0,Detroit,Pistons,DET,0,0,,,,,,0,0,,,,,
0021500138,584,4,0,4,6:09 PM,0:00,,,Pistons Rebound,,,3,1610612765,,,,,,0,0,,,,,,0,0,,,,,
0021500138,585,13,0,4,6:09 PM,0:00,,,,96 - 101,5,0,0,,,,,,0,0,,,,,,0,0,,,,,
