GAME_ID,EVENTNUM,EVENTMSGTYPE,EVENTMSGACTIONTYPE,PERIOD,WCTIMESTRING,PCTIMESTRING,HOMEDESCRIPTION,NEUTRALDESCRIPTION,VISITORDESCRIPTION,SCORE,SCOREMARGIN,PERSON1TYPE,PLAYER1_ID,PLAYER1_NAME,PLAYER1_TEAM_ID,PLAYER1_TEAM_CITY,PLAYER1_TEAM_NICKNAME,PLAYER1_TEAM_ABBREVIATION,PERSON2TYPE,PLAYER2_ID,PLAYER2_NAME,PLAYER2_TEAM_ID,PLAYER2_TEAM_CITY,PLAYER2_TEAM_NICKNAME,PLAYER2_TEAM_ABBREVIATION,PERSON3TYPE,PLAYER3_ID,PLAYER3_NAME,PLAYER3_TEAM_ID,PLAYER3_TEAM_CITY,PLAYER3_TEAM_NICKNAME,PLAYER3_TEAM_ABBREVIATION
0021500301,0,12,0,1,6:13 PM,12:00,,,,,,0.0,0,,,,,,0,0,,,,,,0,0,,,,,
0021500301,1,10,0,1,6:13 PM,12:00,Jump Ball Drummond vs. Hibbert: Tip to Jackson,,,,,4.0,203083,Andre Drummond,1610612765.0,Detroit,Pistons,DET,5,201579,Roy Hibbert,1610612747.0,Los Angeles,Lakers,LAL,4,202704,Reggie Jackson,1610612765.0,Detroit,Pistons,DET
0021500301,2,2,1,1,6:13 PM,11:45,MISS Caldwell-Pope 8' Jump Shot,,,,,4.0,203484,Kentavious Caldwell-Pope,1610612765.0,Detroit,Pistons,DET,0,0,,,,,,0,0,,,,,
0021500301,3,4,0,1,6:13 PM,11:44,Drummond REBOUND (Off:1 Def:0),,,,,4.0,203083,Andre Drummond,1610612765.0,Detroit,Pistons,DET,0,0,,,,,,0,0,,,,,
0021500301,4,1,5,1,6:13 PM,11:41,Drummond 1' Layup (2 PTS),,,0 - 2,2,4.0,203083,Andre Drummond,1610612765.0,Detroit,Pistons,DET,0,0,,,,,,0,0,,,,,
0021500301,5,2,1,1,6:13 PM,11:26,,,MISS Bryant 25' 3PT Jump Shot,,,5.0,977,Kobe Bryant,1610612747.0,Los Angeles,Lakers,LAL,0,0,,,,,,0,0,,,,,
0021500301,6,4,0,1,6:13 PM,11:26,Drummond REBOUND (Off:1 Def:1),,,,,4.0,203083,Andre Drummond,1610612765.0,Detroit,Pistons,DET,0,0,,,,,,0,0,,,,,
0021500301,7,1,1,1,6:13 PM,11:18,Ilyasova 24' 3PT Jump Shot (3 PTS) (Jackson 1 AST),,,0 - 5,5,4.0,101141,Ersan Ilyasova,1610612765.0,Detroit,Pistons,DET,4,202704,Reggie Jackson,1610612765.0,Detroit,Pistons,DET,0,0,,,,,
0021500301,8,2,1,1,6:14 PM,11:01,,,MISS Clarkson 17' Jump Shot,,,5.0,203903,Jordan Clarkson,1610612747.0,Los Angeles,Lakers,LAL,0,0,,,,,,0,0,,,,,
0021500301,9,4,0,1,6:14 PM,11:00,Drummond REBOUND (Off:1 Def:2),,,,,4.0,203083,Andre Drummond,1610612765.0,Detroit,Pistons,DET,0,0,,,,,,0,0,,,,,
0021500301,10,1,42,1,6:14 PM,10:53,Jackson 1' Driving Layup (2 PTS),,,0 - 7,7,4.0,202704,Reggie Jackson,1610612765.0,Detroit,Pistons,DET,0,0,,,,,,0,0,,,,,
0021500301,12,2,1,1,6:14 PM,10:34,,,MISS Randle 7' Jump Shot,,,5.0,203944,Julius Randle,1610612747.0,Los Angeles,Lakers,LAL,0,0,,,,,,0,0,,,,,
0021500301,13,4,0,1,6:14 PM,10:33,Drummond REBOUND (Off:1 Def:3),,,,,4.0,203083,Andre Drummond,1610612765.0,Detroit,Pistons,DET,0,0,,,,,,0,0,,,,,
0021500301,14,1,63,1,6:14 PM,10:24,Ilyasova 17' Fadeaway Jumper (5 PTS),,,0 - 9,9,4.0,101141,Ersan Ilyasova,1610612765.0,Detroit,Pistons,DET,0,0,,,,,,0,0,,,,,
0021500301,15,2,1,1,6:15 PM,10:08,,,MISS Bryant 16' Jump Shot,,,5.0,977,Kobe Bryant,1610612747.0,Los Angeles,Lakers,LAL,0,0,,,,,,0,0,,,,,
0021500301,16,4,0,1,6:15 PM,10:08,Jackson REBOUND (Off:0 Def:1),,,,,4.0,202704,Reggie Jackson,1610612765.0,Detroit,Pistons,DET,0,0,,,,,,0,0,,,,,
0021500301,17,5,39,1,6:15 PM,10:03,Ilyasova Step Out of Bounds Turnover (P1.T1),,,,,4.0,101141,Ersan Ilyasova,1610612765.0,Detroit,Pistons,DET,0,0,,,,,,1,0,,,,,
0021500301,18,5,1,1,6:15 PM,9:54,Caldwell-Pope STEAL (1 STL),,Russell Bad Pass Turnover (P1.T1),,,5.0,1626156,D'Angelo Russell,1610612747.0,Los Angeles,Lakers,LAL,4,203484,Kentavious Caldwell-Pope,1610612765.0,Detroit,Pistons,DET,0,0,,,,,
0021500301,19,1,7,1,6:15 PM,9:50,Caldwell-Pope  Dunk (2 PTS),,,0 - 11,11,4.0,203484,Kentavious Caldwell-Pope,1610612765.0,Detroit,Pistons,DET,0,0,,,,,,0,0,,,,,
0021500301,20,9,1,1,6:15 PM,9:42,,,Lakers Timeout: Regular (Reg.1 Short 0),,,3.0,1610612747,,,,,,0,0,,,,,,0,0,,,,,
0021500301,22,5,2,1,6:18 PM,9:33,Jackson STEAL (1 STL),,Clarkson Lost Ball Turnover (P1.T2),,,5.0,203903,Jordan Clarkson,1610612747.0,Los Angeles,Lakers,LAL,4,202704,Reggie Jackson,1610612765.0,Detroit,Pistons,DET,0,0,,,,,
0021500301,23,2,5,1,6:18 PM,9:27,MISS Jackson 1' Layup,,,,,4.0,202704,Reggie Jackson,1610612765.0,Detroit,Pistons,DET,0,0,,,,,,0,0,,,,,
0021500301,24,4,0,1,6:18 PM,9:27,Caldwell-Pope REBOUND (Off:1 Def:0),,,,,4.0,203484,Kentavious Caldwell-Pope,1610612765.0,Detroit,Pistons,DET,0,0,,,,,,0,0,,,,,
0021500301,25,1,5,1,6:18 PM,9:24,Caldwell-Pope 1' Layup (4 PTS),,,0 - 13,13,4.0,203484,Kentavious Caldwell-Pope,1610612765.0,Detroit,Pistons,DET,0,0,,,,,,0,0,,,,,
0021500301,26,2,1,1,6:18 PM,9:10,,,MISS Bryant  3PT Jump Shot,,,5.0,977,Kobe Bryant,1610612747.0,Los Angeles,Lakers,LAL,0,0,,,,,,0,0,,,,,
0021500301,27,4,0,1,6:18 PM,9:09,,,Randle REBOUND (Off:1 Def:0),,,5.0,203944,Julius Randle,1610612747.0,Los Angeles,Lakers,LAL,0,0,,,,,,0,0,,,,,
0021500301,28,5,2,1,6:19 PM,9:03,Jackson STEAL (2 STL),,Bryant Lost Ball Turnover (P1.T3),,,5.0,977,Kobe Bryant,1610612747.0,Los Angeles,Lakers,LAL,4,202704,Reggie Jackson,1610612765.0,Detroit,Pistons,DET,0,0,,,,,
0021500301,31,6,2,1,6:19 PM,9:00,,,Randle S.FOUL (P1.T1) (K.Cutler),,,5.0,203944,Julius Randle,1610612747.0,Los Angeles,Lakers,LAL,4,202704,Reggie Jackson,1610612765.0,Detroit,Pistons,DET,1,0,,,,,
0021500301,32,3,11,1,6:19 PM,9:00,Jackson Free Throw 1 of 2 (3 PTS),,,0 - 14,14,4.0,202704,Reggie Jackson,1610612765.0,Detroit,Pistons,DET,0,0,,,,,,0,0,,,,,
0021500301,34,3,12,1,6:19 PM,9:00,Jackson Free Throw 2 of 2 (4 PTS),,,0 - 15,15,4.0,202704,Reggie Jackson,1610612765.0,Detroit,Pistons,DET,0,0,,,,,,0,0,,,,,
0021500301,36,6,2,1,6:20 PM,8:41,Drummond S.FOUL (P1.T1) (S.Foster),,,,,4.0,203083,Andre Drummond,1610612765.0,Detroit,Pistons,DET,5,1626156,D'Angelo Russell,1610612747.0,Los Angeles,Lakers,LAL,1,0,,,,,
0021500301,37,3,11,1,6:20 PM,8:41,,,Russell Free Throw 1 of 2 (1 PTS),1 - 15,14,5.0,1626156,D'Angelo Russell,1610612747.0,Los Angeles,Lakers,LAL,0,0,,,,,,0,0,,,,,
0021500301,39,3,12,1,6:20 PM,8:41,,,Russell Free Throw 2 of 2 (2 PTS),2 - 15,13,5.0,1626156,D'Angelo Russell,1610612747.0,Los Angeles,Lakers,LAL,0,0,,,,,,0,0,,,,,
0021500301,41,2,5,1,6:21 PM,8:21,MISS Drummond 1' Layup,,Hibbert BLOCK (1 BLK),,,4.0,203083,Andre Drummond,1610612765.0,Detroit,Pistons,DET,0,0,,,,,,5,201579,Roy Hibbert,1610612747.0,Los Angeles,Lakers,LAL
0021500301,42,4,0,1,6:21 PM,8:20,,,Randle REBOUND (Off:1 Def:1),,,5.0,203944,Julius Randle,1610612747.0,Los Angeles,Lakers,LAL,0,0,,,,,,0,0,,,,,
0021500301,43,5,40,1,6:21 PM,8:16,,,Hibbert Out of Bounds Lost Ball Turnover (P1.T4),,,5.0,201579,Roy Hibbert,1610612747.0,Los Angeles,Lakers,LAL,0,0,,,,,,1,0,,,,,
0021500301,44,6,4,1,6:21 PM,8:10,Marc Morris OFF.Foul (P1) (N.Buchert),,,,,4.0,202694,Marcus Morris,1610612765.0,Detroit,Pistons,DET,5,203903,Jordan Clarkson,1610612747.0,Los Angeles,Lakers,LAL,1,0,,,,,
0021500301,45,5,5,1,6:21 PM,8:10,Marc Morris Foul Turnover (P1.T2),,,,,4.0,202694,Marcus Morris,1610612765.0,Detroit,Pistons,DET,0,0,,,,,,1,0,,,,,
0021500301,54,2,40,1,6:22 PM,7:53,,,MISS Hibbert 4' Layup,,,5.0,201579,Roy Hibbert,1610612747.0,Los Angeles,Lakers,LAL,0,0,,,,,,0,0,,,,,
0021500301,62,4,0,1,6:22 PM,7:52,,,Hibbert REBOUND (Off:1 Def:0),,,5.0,201579,Roy Hibbert,1610612747.0,Los Angeles,Lakers,LAL,0,0,,,,,,0,0,,,,,
0021500301,46,1,97,1,6:22 PM,7:51,,,Hibbert  Tip Layup Shot (2 PTS),4 - 15,11,5.0,201579,Roy Hibbert,1610612747.0,Los Angeles,Lakers,LAL,0,0,,,,,,0,0,,,,,
0021500301,47,2,1,1,6:22 PM,7:36,MISS Marc Morris 17' Jump Shot,,,,,4.0,202694,Marcus Morris,1610612765.0,Detroit,Pistons,DET,0,0,,,,,,0,0,,,,,
0021500301,48,4,0,1,6:22 PM,7:35,,,Lakers Rebound,,,3.0,1610612747,,,,,,0,0,,,,,,0,0,,,,,
0021500301,49,6,2,1,6:23 PM,7:17,Ilyasova S.FOUL (P1.T2) (S.Foster),,,,,4.0,101141,Ersan Ilyasova,1610612765.0,Detroit,Pistons,DET,5,201579,Roy Hibbert,1610612747.0,Los Angeles,Lakers,LAL,1,0,,,,,
0021500301,50,3,11,1,6:23 PM,7:17,,,Hibbert Free Throw 1 of 2 (3 PTS),5 - 15,10,5.0,201579,Roy Hibbert,1610612747.0,Los Angeles,Lakers,LAL,0,0,,,,,,0,0,,,,,
0021500301,52,3,12,1,6:23 PM,7:17,,,Hibbert Free Throw 2 of 2 (4 PTS),6 - 15,9,5.0,201579,Roy Hibbert,1610612747.0,Los Angeles,Lakers,LAL,0,0,,,,,,0,0,,,,,
0021500301,55,2,1,1,6:23 PM,7:02,MISS Marc Morris 19' Jump Shot,,,,,4.0,202694,Marcus Morris,1610612765.0,Detroit,Pistons,DET,0,0,,,,,,0,0,,,,,
0021500301,56,4,0,1,6:23 PM,7:02,Drummond REBOUND (Off:2 Def:3),,,,,4.0,203083,Andre Drummond,1610612765.0,Detroit,Pistons,DET,0,0,,,,,,0,0,,,,,
0021500301,57,2,1,1,6:23 PM,6:58,MISS Drummond 5' Jump Shot,,,,,4.0,203083,Andre Drummond,1610612765.0,Detroit,Pistons,DET,0,0,,,,,,0,0,,,,,
0021500301,59,4,0,1,6:23 PM,6:57,,,Russell REBOUND (Off:0 Def:1),,,5.0,1626156,D'Angelo Russell,1610612747.0,Los Angeles,Lakers,LAL,0,0,,,,,,0,0,,,,,
0021500301,60,1,42,1,6:24 PM,6:52,,,Russell  Driving Layup (4 PTS),8 - 15,7,5.0,1626156,D'Angelo Russell,1610612747.0,Los Angeles,Lakers,LAL,0,0,,,,,,0,0,,,,,
0021500301,61,9,1,1,6:24 PM,6:46,PISTONS Timeout: Regular (Full 1 Short 0),,,,,2.0,1610612765,,,,,,0,0,,,,,,0,0,,,,,
0021500301,64,2,78,1,6:26 PM,6:40,MISS Jackson 8' Floating Jump Shot,,,,,4.0,202704,Reggie Jackson,1610612765.0,Detroit,Pistons,DET,0,0,,,,,,0,0,,,,,
0021500301,65,4,0,1,6:26 PM,6:40,PISTONS Rebound,,,,,2.0,1610612765,,,,,,0,0,,,,,,0,0,,,,,
0021500301,66,6,4,1,6:27 PM,6:37,Ilyasova OFF.Foul (P2) (S.Foster),,,,,4.0,101141,Ersan Ilyasova,1610612765.0,Detroit,Pistons,DET,5,1626156,D'Angelo Russell,1610612747.0,Los Angeles,Lakers,LAL,1,0,,,,,
0021500301,67,5,5,1,6:27 PM,6:37,Ilyasova Foul Turnover (P2.T3),,,,,4.0,101141,Ersan Ilyasova,1610612765.0,Detroit,Pistons,DET,0,0,,,,,,1,0,,,,,
0021500301,68,8,0,1,6:27 PM,6:37,SUB: Tolliver FOR Ilyasova,,,,,4.0,101141,Ersan Ilyasova,1610612765.0,Detroit,Pistons,DET,4,201229,Anthony Tolliver,1610612765.0,Detroit,Pistons,DET,0,0,,,,,
0021500301,69,2,1,1,6:27 PM,6:25,,,MISS Bryant 14' Jump Shot,,,5.0,977,Kobe Bryant,1610612747.0,Los Angeles,Lakers,LAL,0,0,,,,,,0,0,,,,,
0021500301,70,4,0,1,6:27 PM,6:25,Drummond REBOUND (Off:2 Def:4),,,,,4.0,203083,Andre Drummond,1610612765.0,Detroit,Pistons,DET,0,0,,,,,,0,0,,,,,
0021500301,71,2,1,1,6:27 PM,6:11,MISS Tolliver 9' Jump Shot,,,,,4.0,201229,Anthony Tolliver,1610612765.0,Detroit,Pistons,DET,0,0,,,,,,0,0,,,,,
0021500301,72,4,0,1,6:27 PM,6:10,,,Bryant REBOUND (Off:0 Def:1),,,5.0,977,Kobe Bryant,1610612747.0,Los Angeles,Lakers,LAL,0,0,,,,,,0,0,,,,,
0021500301,73,6,2,1,6:28 PM,6:03,Caldwell-Pope S.FOUL (P1.T3) (N.Buchert),,,,,4.0,203484,Kentavious Caldwell-Pope,1610612765.0,Detroit,Pistons,DET,5,203903,Jordan Clarkson,1610612747.0,Los Angeles,Lakers,LAL,1,0,,,,,
0021500301,74,3,11,1,6:28 PM,6:03,,,MISS Clarkson Free Throw 1 of 2,,,5.0,203903,Jordan Clarkson,1610612747.0,Los Angeles,Lakers,LAL,0,0,,,,,,0,0,,,,,
0021500301,75,4,1,1,6:28 PM,6:03,,,Lakers Rebound,,,3.0,1610612747,,,,,,0,0,,,,,,0,0,,,,,
0021500301,76,8,0,1,6:28 PM,6:03,,,SUB: Williams FOR Russell,,,5.0,1626156,D'Angelo Russell,1610612747.0,Los Angeles,Lakers,LAL,5,101150,Lou Williams,1610612747.0,Los Angeles,Lakers,LAL,0,0,,,,,
0021500301,77,3,12,1,6:28 PM,6:03,,,Clarkson Free Throw 2 of 2 (1 PTS),9 - 15,6,5.0,203903,Jordan Clarkson,1610612747.0,Los Angeles,Lakers,LAL,0,0,,,,,,0,0,,,,,
0021500301,79,1,5,1,6:29 PM,5:43,Drummond 1' Layup (4 PTS) (Caldwell-Pope 1 AST),,,9 - 17,8,4.0,203083,Andre Drummond,1610612765.0,Detroit,Pistons,DET,4,203484,Kentavious Caldwell-Pope,1610612765.0,Detroit,Pistons,DET,0,0,,,,,
0021500301,80,2,63,1,6:29 PM,5:24,,,MISS Randle 15' Fadeaway Jumper,,,5.0,203944,Julius Randle,1610612747.0,Los Angeles,Lakers,LAL,0,0,,,,,,0,0,,,,,
0021500301,81,4,0,1,6:29 PM,5:24,Drummond REBOUND (Off:2 Def:5),,,,,4.0,203083,Andre Drummond,1610612765.0,Detroit,Pistons,DET,0,0,,,,,,0,0,,,,,
0021500301,82,2,1,1,6:29 PM,5:17,MISS Tolliver 26' 3PT Jump Shot,,,,,4.0,201229,Anthony Tolliver,1610612765.0,Detroit,Pistons,DET,0,0,,,,,,0,0,,,,,
0021500301,83,4,0,1,6:29 PM,5:17,,,Lakers Rebound,,,3.0,1610612747,,,,,,0,0,,,,,,0,0,,,,,
0021500301,84,6,3,1,6:29 PM,5:17,Drummond L.B.FOUL (P2.T4) (S.Foster),,,,,4.0,203083,Andre Drummond,1610612765.0,Detroit,Pistons,DET,5,201579,Roy Hibbert,1610612747.0,Los Angeles,Lakers,LAL,1,0,,,,,
0021500301,85,8,0,1,6:29 PM,5:17,SUB: Baynes FOR Drummond,,,,,4.0,203083,Andre Drummond,1610612765.0,Detroit,Pistons,DET,4,203382,Aron Baynes,1610612765.0,Detroit,Pistons,DET,0,0,,,,,
0021500301,86,6,2,1,6:30 PM,5:08,Caldwell-Pope S.FOUL (P2.PN) (K.Cutler),,,,,4.0,203484,Kentavious Caldwell-Pope,1610612765.0,Detroit,Pistons,DET,5,101150,Lou Williams,1610612747.0,Los Angeles,Lakers,LAL,1,0,,,,,
0021500301,87,3,11,1,6:30 PM,5:08,,,Williams Free Throw 1 of 2 (1 PTS),10 - 17,7,5.0,101150,Lou Williams,1610612747.0,Los Angeles,Lakers,LAL,0,0,,,,,,0,0,,,,,
0021500301,89,8,0,1,6:30 PM,5:08,SUB: Johnson FOR Caldwell-Pope,,,,,4.0,203484,Kentavious Caldwell-Pope,1610612765.0,Detroit,Pistons,DET,4,1626169,Stanley Johnson,1610612765.0,Detroit,Pistons,DET,0,0,,,,,
0021500301,91,8,0,1,6:30 PM,5:08,,,SUB: Bass FOR Hibbert,,,5.0,201579,Roy Hibbert,1610612747.0,Los Angeles,Lakers,LAL,5,101138,Brandon Bass,1610612747.0,Los Angeles,Lakers,LAL,0,0,,,,,
0021500301,92,3,12,1,6:30 PM,5:08,,,Williams Free Throw 2 of 2 (2 PTS),11 - 17,6,5.0,101150,Lou Williams,1610612747.0,Los Angeles,Lakers,LAL,0,0,,,,,,0,0,,,,,
0021500301,94,2,1,1,6:31 PM,4:55,MISS Marc Morris 24' 3PT Jump Shot,,,,,4.0,202694,Marcus Morris,1610612765.0,Detroit,Pistons,DET,0,0,,,,,,0,0,,,,,
0021500301,95,4,0,1,6:31 PM,4:54,,,Bass REBOUND (Off:0 Def:1),,,5.0,101138,Brandon Bass,1610612747.0,Los Angeles,Lakers,LAL,0,0,,,,,,0,0,,,,,
0021500301,96,2,1,1,6:31 PM,4:48,,,MISS Bryant 26' 3PT Jump Shot,,,5.0,977,Kobe Bryant,1610612747.0,Los Angeles,Lakers,LAL,0,0,,,,,,0,0,,,,,
0021500301,97,4,0,1,6:31 PM,4:48,Marc Morris REBOUND (Off:0 Def:1),,,,,4.0,202694,Marcus Morris,1610612765.0,Detroit,Pistons,DET,0,0,,,,,,0,0,,,,,
0021500301,98,1,1,1,6:31 PM,4:38,Jackson 25' 3PT Jump Shot (7 PTS) (Marc Morris 1 AST),,,11 - 20,9,4.0,202704,Reggie Jackson,1610612765.0,Detroit,Pistons,DET,4,202694,Marcus Morris,1610612765.0,Detroit,Pistons,DET,0,0,,,,,
0021500301,99,1,5,1,6:32 PM,4:14,,,Williams  Layup (4 PTS),13 - 20,7,5.0,101150,Lou Williams,1610612747.0,Los Angeles,Lakers,LAL,0,0,,,,,,0,0,,,,,
0021500301,100,1,1,1,6:32 PM,4:03,Marc Morris 13' Jump Shot (2 PTS),,,13 - 22,9,4.0,202694,Marcus Morris,1610612765.0,Detroit,Pistons,DET,0,0,,,,,,0,0,,,,,
0021500301,101,2,1,1,6:32 PM,3:43,,,MISS Clarkson 14' Jump Shot,,,5.0,203903,Jordan Clarkson,1610612747.0,Los Angeles,Lakers,LAL,0,0,,,,,,0,0,,,,,
0021500301,102,4,0,1,6:32 PM,3:43,Johnson REBOUND (Off:0 Def:1),,,,,4.0,1626169,Stanley Johnson,1610612765.0,Detroit,Pistons,DET,0,0,,,,,,0,0,,,,,
0021500301,103,2,1,1,6:32 PM,3:39,MISS Tolliver 27' 3PT Jump Shot,,,,,4.0,201229,Anthony Tolliver,1610612765.0,Detroit,Pistons,DET,0,0,,,,,,0,0,,,,,
0021500301,104,4,0,1,6:32 PM,3:39,Baynes REBOUND (Off:1 Def:0),,,,,4.0,203382,Aron Baynes,1610612765.0,Detroit,Pistons,DET,0,0,,,,,,0,0,,,,,
0021500301,105,2,1,1,6:32 PM,3:35,MISS Johnson 6' Jump Shot,,,,,4.0,1626169,Stanley Johnson,1610612765.0,Detroit,Pistons,DET,0,0,,,,,,0,0,,,,,
0021500301,106,4,0,1,6:32 PM,3:35,,,Randle REBOUND (Off:1 Def:2),,,5.0,203944,Julius Randle,1610612747.0,Los Angeles,Lakers,LAL,0,0,,,,,,0,0,,,,,
0021500301,107,2,1,1,6:32 PM,3:25,,,MISS Williams 27' 3PT Jump Shot,,,5.0,101150,Lou Williams,1610612747.0,Los Angeles,Lakers,LAL,0,0,,,,,,0,0,,,,,
0021500301,108,4,0,1,6:32 PM,3:25,Baynes REBOUND (Off:1 Def:1),,,,,4.0,203382,Aron Baynes,1610612765.0,Detroit,Pistons,DET,0,0,,,,,,0,0,,,,,
0021500301,109,2,43,1,6:33 PM,3:16,MISS Baynes  Alley Oop Layup,,,,,4.0,203382,Aron Baynes,1610612765.0,Detroit,Pistons,DET,0,0,,,,,,0,0,,,,,
0021500301,110,4,0,1,6:33 PM,3:14,,,Randle REBOUND (Off:1 Def:3),,,5.0,203944,Julius Randle,1610612747.0,Los Angeles,Lakers,LAL,0,0,,,,,,0,0,,,,,
0021500301,111,5,2,1,6:33 PM,3:10,Jackson STEAL (3 STL),,Bryant Lost Ball Turnover (P2.T5),,,5.0,977,Kobe Bryant,1610612747.0,Los Angeles,Lakers,LAL,4,202704,Reggie Jackson,1610612765.0,Detroit,Pistons,DET,0,0,,,,,
0021500301,112,1,5,1,6:33 PM,3:06,Marc Morris 1' Layup (4 PTS) (Jackson 2 AST),,,13 - 24,11,4.0,202694,Marcus Morris,1610612765.0,Detroit,Pistons,DET,4,202704,Reggie Jackson,1610612765.0,Detroit,Pistons,DET,0,0,,,,,
0021500301,113,6,2,1,6:33 PM,3:06,,,Williams S.FOUL (P1.T2) (K.Cutler),,,5.0,101150,Lou Williams,1610612747.0,Los Angeles,Lakers,LAL,4,202694,Marcus Morris,1610612765.0,Detroit,Pistons,DET,1,0,,,,,
0021500301,114,8,0,1,6:33 PM,3:06,,,SUB: World Peace FOR Bryant,,,5.0,977,Kobe Bryant,1610612747.0,Los Angeles,Lakers,LAL,5,1897,Metta World Peace,1610612747.0,Los Angeles,Lakers,LAL,0,0,,,,,
0021500301,115,8,0,1,6:33 PM,3:06,,,SUB: Nance Jr. FOR Randle,,,5.0,203944,Julius Randle,1610612747.0,Los Angeles,Lakers,LAL,5,1626204,Larry Nance Jr.,1610612747.0,Los Angeles,Lakers,LAL,0,0,,,,,
0021500301,116,3,10,1,6:33 PM,3:06,Marc Morris Free Throw 1 of 1 (5 PTS),,,13 - 25,12,4.0,202694,Marcus Morris,1610612765.0,Detroit,Pistons,DET,0,0,,,,,,0,0,,,,,
0021500301,118,1,1,1,6:34 PM,2:45,,,Bass 17' Jump Shot (2 PTS),15 - 25,10,5.0,101138,Brandon Bass,1610612747.0,Los Angeles,Lakers,LAL,0,0,,,,,,0,0,,,,,
0021500301,119,2,1,1,6:34 PM,2:24,MISS Jackson 19' Jump Shot,,,,,4.0,202704,Reggie Jackson,1610612765.0,Detroit,Pistons,DET,0,0,,,,,,0,0,,,,,
0021500301,120,4,0,1,6:34 PM,2:24,PISTONS Rebound,,,,,2.0,1610612765,,,,,,0,0,,,,,,0,0,,,,,
0021500301,121,6,3,1,6:34 PM,2:24,,,Clarkson L.B.FOUL (P1.T3) (K.Cutler),,,5.0,203903,Jordan Clarkson,1610612747.0,Los Angeles,Lakers,LAL,4,203382,Aron Baynes,1610612765.0,Detroit,Pistons,DET,1,0,,,,,
0021500301,122,8,0,1,6:35 PM,2:24,SUB: Blake FOR Jackson,,,,,4.0,202704,Reggie Jackson,1610612765.0,Detroit,Pistons,DET,4,2581,Steve Blake,1610612765.0,Detroit,Pistons,DET,0,0,,,,,
0021500301,123,6,1,1,6:35 PM,2:20,,,World Peace P.FOUL (P1.T4) (K.Cutler),,,5.0,1897,Metta World Peace,1610612747.0,Los Angeles,Lakers,LAL,4,203382,Aron Baynes,1610612765.0,Detroit,Pistons,DET,1,0,,,,,
0021500301,124,2,3,1,6:35 PM,2:08,MISS Baynes 7' Hook Shot,,,,,4.0,203382,Aron Baynes,1610612765.0,Detroit,Pistons,DET,0,0,,,,,,0,0,,,,,
0021500301,125,4,0,1,6:35 PM,2:06,,,Bass REBOUND (Off:0 Def:2),,,5.0,101138,Brandon Bass,1610612747.0,Los Angeles,Lakers,LAL,0,0,,,,,,0,0,,,,,
0021500301,126,1,78,1,6:36 PM,1:52,,,Clarkson 9' Floating Jump Shot (3 PTS),17 - 25,8,5.0,203903,Jordan Clarkson,1610612747.0,Los Angeles,Lakers,LAL,0,0,,,,,,0,0,,,,,
0021500301,128,6,2,1,6:36 PM,1:31,,,World Peace S.FOUL (P2.PN) (K.Cutler),,,5.0,1897,Metta World Peace,1610612747.0,Los Angeles,Lakers,LAL,4,1626169,Stanley Johnson,1610612765.0,Detroit,Pistons,DET,1,0,,,,,
0021500301,129,3,11,1,6:36 PM,1:31,Johnson Free Throw 1 of 2 (1 PTS),,,17 - 26,9,4.0,1626169,Stanley Johnson,1610612765.0,Detroit,Pistons,DET,0,0,,,,,,0,0,,,,,
0021500301,131,3,12,1,6:37 PM,1:31,Johnson Free Throw 2 of 2 (2 PTS),,,17 - 27,10,4.0,1626169,Stanley Johnson,1610612765.0,Detroit,Pistons,DET,0,0,,,,,,0,0,,,,,
0021500301,133,6,2,1,6:37 PM,1:19,Johnson S.FOUL (P1.PN) (N.Buchert),,,,,4.0,1626169,Stanley Johnson,1610612765.0,Detroit,Pistons,DET,5,101150,Lou Williams,1610612747.0,Los Angeles,Lakers,LAL,1,0,,,,,
0021500301,135,18,0,1,6:37 PM,1:19,,,,,,,133,David Wesley,,,,,0,0,,,,,,1,0,,,,,
0021500301,136,3,13,1,6:38 PM,1:19,,,Williams Free Throw 1 of 3 (5 PTS),18 - 27,9,5.0,101150,Lou Williams,1610612747.0,Los Angeles,Lakers,LAL,0,0,,,,,,0,0,,,,,
0021500301,137,3,14,1,6:38 PM,1:19,,,Williams Free Throw 2 of 3 (6 PTS),19 - 27,8,5.0,101150,Lou Williams,1610612747.0,Los Angeles,Lakers,LAL,0,0,,,,,,0,0,,,,,
0021500301,139,3,15,1,6:38 PM,1:19,,,MISS Williams Free Throw 3 of 3,,,5.0,101150,Lou Williams,1610612747.0,Los Angeles,Lakers,LAL,0,0,,,,,,0,0,,,,,
0021500301,141,4,0,1,6:38 PM,1:18,Tolliver REBOUND (Off:0 Def:1),,,,,4.0,201229,Anthony Tolliver,1610612765.0,Detroit,Pistons,DET,0,0,,,,,,0,0,,,,,
0021500301,142,1,1,1,6:39 PM,1:01,Blake  3PT Jump Shot (3 PTS) (Marc Morris 2 AST),,,19 - 30,11,4.0,2581,Steve Blake,1610612765.0,Detroit,Pistons,DET,4,202694,Marcus Morris,1610612765.0,Detroit,Pistons,DET,0,0,,,,,
0021500301,143,2,5,1,6:39 PM,0:46,,,MISS Bass  Layup,,,5.0,101138,Brandon Bass,1610612747.0,Los Angeles,Lakers,LAL,0,0,,,,,,0,0,,,,,
0021500301,144,4,0,1,6:39 PM,0:45,Tolliver REBOUND (Off:0 Def:2),,,,,4.0,201229,Anthony Tolliver,1610612765.0,Detroit,Pistons,DET,0,0,,,,,,0,0,,,,,
0021500301,145,1,5,1,6:39 PM,0:38,Baynes 1' Layup (2 PTS) (Blake 1 AST),,,19 - 32,13,4.0,203382,Aron Baynes,1610612765.0,Detroit,Pistons,DET,4,2581,Steve Blake,1610612765.0,Detroit,Pistons,DET,0,0,,,,,
0021500301,146,2,5,1,6:40 PM,0:30,,,MISS Clarkson  Layup,,,5.0,203903,Jordan Clarkson,1610612747.0,Los Angeles,Lakers,LAL,0,0,,,,,,0,0,,,,,
0021500301,147,4,0,1,6:40 PM,0:30,Tolliver REBOUND (Off:0 Def:3),,,,,4.0,201229,Anthony Tolliver,1610612765.0,Detroit,Pistons,DET,0,0,,,,,,0,0,,,,,
0021500301,149,2,1,1,6:40 PM,0:12,MISS Johnson 7' Jump Shot,,,,,4.0,1626169,Stanley Johnson,1610612765.0,Detroit,Pistons,DET,0,0,,,,,,0,0,,,,,
0021500301,150,4,0,1,6:40 PM,0:12,,,World Peace REBOUND (Off:0 Def:1),,,5.0,1897,Metta World Peace,1610612747.0,Los Angeles,Lakers,LAL,0,0,,,,,,0,0,,,,,
0021500301,151,2,1,1,6:40 PM,0:03,,,MISS Clarkson 5' Jump Shot,,,5.0,203903,Jordan Clarkson,1610612747.0,Los Angeles,Lakers,LAL,0,0,,,,,,0,0,,,,,
0021500301,152,4,0,1,6:40 PM,0:02,,,Clarkson REBOUND (Off:1 Def:0),,,5.0,203903,Jordan Clarkson,1610612747.0,Los Angeles,Lakers,LAL,0,0,,,,,,0,0,,,,,
0021500301,153,5,2,1,6:40 PM,0:01,Blake STEAL (1 STL),,Clarkson Lost Ball Turnover (P2.T6),,,5.0,203903,Jordan Clarkson,1610612747.0,Los Angeles,Lakers,LAL,4,2581,Steve Blake,1610612765.0,Detroit,Pistons,DET,0,0,,,,,
0021500301,154,13,0,1,6:41 PM,0:00,,,,19 - 32,13,0.0,0,,,,,,0,0,,,,,,0,0,,,,,
0021500301,156,12,0,2,6:43 PM,12:00,,,,19 - 32,13,0.0,0,,,,,,0,0,,,,,,0,0,,,,,
0021500301,157,2,5,2,6:43 PM,11:47,,,MISS World Peace 1' Layup,,,5.0,1897,Metta World Peace,1610612747.0,Los Angeles,Lakers,LAL,0,0,,,,,,0,0,,,,,
0021500301,158,4,0,2,6:43 PM,11:46,,,Bass REBOUND (Off:1 Def:2),,,5.0,101138,Brandon Bass,1610612747.0,Los Angeles,Lakers,LAL,0,0,,,,,,0,0,,,,,
0021500301,159,1,7,2,6:43 PM,11:43,,,Bass  Dunk (4 PTS),21 - 32,11,5.0,101138,Brandon Bass,1610612747.0,Los Angeles,Lakers,LAL,0,0,,,,,,0,0,,,,,
0021500301,160,5,8,2,6:44 PM,11:26,Baynes 3 Second Violation Turnover (P1.T4),,,,,4.0,203382,Aron Baynes,1610612765.0,Detroit,Pistons,DET,0,0,,,,,,1,0,,,,,
0021500301,161,5,1,2,6:44 PM,11:13,Tolliver STEAL (1 STL),,Russell Bad Pass Turnover (P2.T7),,,5.0,1626156,D'Angelo Russell,1610612747.0,Los Angeles,Lakers,LAL,4,201229,Anthony Tolliver,1610612765.0,Detroit,Pistons,DET,0,0,,,,,
0021500301,162,2,1,2,6:44 PM,10:58,MISS Johnson 26' 3PT Jump Shot,,,,,4.0,1626169,Stanley Johnson,1610612765.0,Detroit,Pistons,DET,0,0,,,,,,0,0,,,,,
0021500301,163,4,0,2,6:44 PM,10:57,Tolliver REBOUND (Off:1 Def:3),,,,,4.0,201229,Anthony Tolliver,1610612765.0,Detroit,Pistons,DET,0,0,,,,,,0,0,,,,,
0021500301,164,1,5,2,6:45 PM,10:54,Tolliver  Layup (2 PTS),,,21 - 34,13,4.0,201229,Anthony Tolliver,1610612765.0,Detroit,Pistons,DET,0,0,,,,,,0,0,,,,,
0021500301,165,2,1,2,6:45 PM,10:39,,,MISS Williams 18' Jump Shot,,,5.0,101150,Lou Williams,1610612747.0,Los Angeles,Lakers,LAL,0,0,,,,,,0,0,,,,,
0021500301,166,4,0,2,6:45 PM,10:39,Baynes REBOUND (Off:1 Def:2),,,,,4.0,203382,Aron Baynes,1610612765.0,Detroit,Pistons,DET,0,0,,,,,,0,0,,,,,
0021500301,167,1,5,2,6:45 PM,10:33,Caldwell-Pope  Layup (6 PTS) (Blake 2 AST),,,21 - 36,15,4.0,203484,Kentavious Caldwell-Pope,1610612765.0,Detroit,Pistons,DET,4,2581,Steve Blake,1610612765.0,Detroit,Pistons,DET,0,0,,,,,
0021500301,168,2,1,2,6:45 PM,10:12,,,MISS Williams 26' 3PT Jump Shot,,,5.0,101150,Lou Williams,1610612747.0,Los Angeles,Lakers,LAL,0,0,,,,,,0,0,,,,,
0021500301,169,4,0,2,6:45 PM,10:11,,,Russell REBOUND (Off:1 Def:1),,,5.0,1626156,D'Angelo Russell,1610612747.0,Los Angeles,Lakers,LAL,0,0,,,,,,0,0,,,,,
0021500301,170,1,1,2,6:45 PM,10:07,,,Russell 11' Jump Shot (6 PTS),23 - 36,13,5.0,1626156,D'Angelo Russell,1610612747.0,Los Angeles,Lakers,LAL,0,0,,,,,,0,0,,,,,
0021500301,171,2,1,2,6:46 PM,9:41,MISS Tolliver 24' 3PT Jump Shot,,World Peace BLOCK (1 BLK),,,4.0,201229,Anthony Tolliver,1610612765.0,Detroit,Pistons,DET,0,0,,,,,,5,1897,Metta World Peace,1610612747.0,Los Angeles,Lakers,LAL
0021500301,172,4,0,2,6:46 PM,9:41,PISTONS Rebound,,,,,2.0,1610612765,,,,,,0,0,,,,,,0,0,,,,,
0021500301,173,5,11,2,6:46 PM,9:41,PISTONS Turnover: Shot Clock (T#5),,,,,2.0,1610612765,,,,,,0,0,,,,,,1,0,,,,,
0021500301,174,8,0,2,6:46 PM,9:41,,,SUB: Bryant FOR World Peace,,,5.0,1897,Metta World Peace,1610612747.0,Los Angeles,Lakers,LAL,5,977,Kobe Bryant,1610612747.0,Los Angeles,Lakers,LAL,0,0,,,,,
0021500301,175,1,7,2,6:47 PM,9:22,,,Bass  Dunk (6 PTS) (Russell 1 AST),25 - 36,11,5.0,101138,Brandon Bass,1610612747.0,Los Angeles,Lakers,LAL,5,1626156,D'Angelo Russell,1610612747.0,Los Angeles,Lakers,LAL,0,0,,,,,
0021500301,176,6,4,2,6:47 PM,9:15,Baynes OFF.Foul (P1) (S.Foster),,,,,4.0,203382,Aron Baynes,1610612765.0,Detroit,Pistons,DET,5,1626156,D'Angelo Russell,1610612747.0,Los Angeles,Lakers,LAL,1,0,,,,,
0021500301,177,5,5,2,6:47 PM,9:15,Baynes Foul Turnover (P2.T6),,,,,4.0,203382,Aron Baynes,1610612765.0,Detroit,Pistons,DET,0,0,,,,,,1,0,,,,,
0021500301,178,5,2,2,6:47 PM,8:59,Johnson STEAL (1 STL),,Russell Lost Ball Turnover (P3.T8),,,5.0,1626156,D'Angelo Russell,1610612747.0,Los Angeles,Lakers,LAL,4,1626169,Stanley Johnson,1610612765.0,Detroit,Pistons,DET,0,0,,,,,
0021500301,179,1,5,2,6:47 PM,8:53,Johnson  Layup (4 PTS),,,25 - 38,13,4.0,1626169,Stanley Johnson,1610612765.0,Detroit,Pistons,DET,0,0,,,,,,0,0,,,,,
0021500301,180,2,1,2,6:47 PM,8:44,,,MISS Russell 13' Jump Shot,,,5.0,1626156,D'Angelo Russell,1610612747.0,Los Angeles,Lakers,LAL,0,0,,,,,,0,0,,,,,
0021500301,181,4,0,2,6:47 PM,8:44,Baynes REBOUND (Off:1 Def:3),,,,,4.0,203382,Aron Baynes,1610612765.0,Detroit,Pistons,DET,0,0,,,,,,0,0,,,,,
0021500301,182,2,1,2,6:48 PM,8:34,MISS Caldwell-Pope 24' 3PT Jump Shot,,,,,4.0,203484,Kentavious Caldwell-Pope,1610612765.0,Detroit,Pistons,DET,0,0,,,,,,0,0,,,,,
0021500301,183,4,0,2,6:48 PM,8:34,Baynes REBOUND (Off:2 Def:3),,,,,4.0,203382,Aron Baynes,1610612765.0,Detroit,Pistons,DET,0,0,,,,,,0,0,,,,,
0021500301,184,6,1,2,6:48 PM,8:34,,,Bass P.FOUL (P1.T1) (K.Cutler),,,5.0,101138,Brandon Bass,1610612747.0,Los Angeles,Lakers,LAL,4,203382,Aron Baynes,1610612765.0,Detroit,Pistons,DET,1,0,,,,,
0021500301,185,9,4,2,6:48 PM,8:34,,,,,,1.0,0,,,,,,0,0,,,,,,0,0,,,,,
0021500301,187,5,1,2,6:50 PM,8:26,Tolliver Bad Pass Turnover (P1.T7),,,,,4.0,201229,Anthony Tolliver,1610612765.0,Detroit,Pistons,DET,0,0,,,,,,1,0,,,,,
0021500301,188,6,2,2,6:51 PM,8:15,Baynes S.FOUL (P2.T1) (S.Foster),,,,,4.0,203382,Aron Baynes,1610612765.0,Detroit,Pistons,DET,5,101150,Lou Williams,1610612747.0,Los Angeles,Lakers,LAL,1,0,,,,,
0021500301,189,3,11,2,6:51 PM,8:15,,,Williams Free Throw 1 of 2 (7 PTS),26 - 38,12,5.0,101150,Lou Williams,1610612747.0,Los Angeles,Lakers,LAL,0,0,,,,,,0,0,,,,,
0021500301,191,8,0,2,6:51 PM,8:15,SUB: Drummond FOR Baynes,,,,,4.0,203382,Aron Baynes,1610612765.0,Detroit,Pistons,DET,4,203083,Andre Drummond,1610612765.0,Detroit,Pistons,DET,0,0,,,,,
0021500301,192,8,0,2,6:51 PM,8:15,,,SUB: Hibbert FOR Bass,,,5.0,101138,Brandon Bass,1610612747.0,Los Angeles,Lakers,LAL,5,201579,Roy Hibbert,1610612747.0,Los Angeles,Lakers,LAL,0,0,,,,,
0021500301,193,3,12,2,6:51 PM,8:15,,,MISS Williams Free Throw 2 of 2,,,5.0,101150,Lou Williams,1610612747.0,Los Angeles,Lakers,LAL,0,0,,,,,,0,0,,,,,
0021500301,195,4,0,2,6:51 PM,8:14,Blake REBOUND (Off:0 Def:1),,,,,4.0,2581,Steve Blake,1610612765.0,Detroit,Pistons,DET,0,0,,,,,,0,0,,,,,
0021500301,196,1,52,2,6:52 PM,7:59,Drummond  Alley Oop Dunk (6 PTS) (Caldwell-Pope 2 AST),,,26 - 40,14,4.0,203083,Andre Drummond,1610612765.0,Detroit,Pistons,DET,4,203484,Kentavious Caldwell-Pope,1610612765.0,Detroit,Pistons,DET,0,0,,,,,
0021500301,197,2,1,2,6:52 PM,7:32,,,MISS Bryant 16' Jump Shot,,,5.0,977,Kobe Bryant,1610612747.0,Los Angeles,Lakers,LAL,0,0,,,,,,0,0,,,,,
0021500301,198,4,0,2,6:52 PM,7:31,,,Nance Jr. REBOUND (Off:1 Def:0),,,5.0,1626204,Larry Nance Jr.,1610612747.0,Los Angeles,Lakers,LAL,0,0,,,,,,0,0,,,,,
0021500301,199,5,1,2,6:52 PM,7:30,Caldwell-Pope STEAL (2 STL),,Nance Jr. Bad Pass Turnover (P1.T9),,,5.0,1626204,Larry Nance Jr.,1610612747.0,Los Angeles,Lakers,LAL,4,203484,Kentavious Caldwell-Pope,1610612765.0,Detroit,Pistons,DET,0,0,,,,,
0021500301,200,6,1,2,6:52 PM,7:30,,,Bryant P.FOUL (P1.T2) (K.Cutler),,,5.0,977,Kobe Bryant,1610612747.0,Los Angeles,Lakers,LAL,4,203484,Kentavious Caldwell-Pope,1610612765.0,Detroit,Pistons,DET,1,0,,,,,
0021500301,201,8,0,2,6:53 PM,7:30,,,SUB: Randle FOR Nance Jr.,,,5.0,1626204,Larry Nance Jr.,1610612747.0,Los Angeles,Lakers,LAL,5,203944,Julius Randle,1610612747.0,Los Angeles,Lakers,LAL,0,0,,,,,
0021500301,202,1,1,2,6:53 PM,7:10,Tolliver 27' 3PT Jump Shot (5 PTS) (Blake 3 AST),,,26 - 43,17,4.0,201229,Anthony Tolliver,1610612765.0,Detroit,Pistons,DET,4,2581,Steve Blake,1610612765.0,Detroit,Pistons,DET,0,0,,,,,
0021500301,203,6,2,2,6:53 PM,6:53,Tolliver S.FOUL (P1.T2) (S.Foster),,,,,4.0,201229,Anthony Tolliver,1610612765.0,Detroit,Pistons,DET,5,203944,Julius Randle,1610612747.0,Los Angeles,Lakers,LAL,1,0,,,,,
0021500301,204,3,11,2,6:53 PM,6:53,,,Randle Free Throw 1 of 2 (1 PTS),27 - 43,16,5.0,203944,Julius Randle,1610612747.0,Los Angeles,Lakers,LAL,0,0,,,,,,0,0,,,,,
0021500301,206,3,12,2,6:54 PM,6:53,,,MISS Randle Free Throw 2 of 2,,,5.0,203944,Julius Randle,1610612747.0,Los Angeles,Lakers,LAL,0,0,,,,,,0,0,,,,,
0021500301,208,4,0,2,6:54 PM,6:52,Drummond REBOUND (Off:2 Def:6),,,,,4.0,203083,Andre Drummond,1610612765.0,Detroit,Pistons,DET,0,0,,,,,,0,0,,,,,
0021500301,209,1,42,2,6:54 PM,6:34,Caldwell-Pope 1' Driving Layup (8 PTS) (Blake 4 AST),,,27 - 45,18,4.0,203484,Kentavious Caldwell-Pope,1610612765.0,Detroit,Pistons,DET,4,2581,Steve Blake,1610612765.0,Detroit,Pistons,DET,0,0,,,,,
0021500301,210,1,1,2,6:54 PM,6:16,,,Russell 17' Jump Shot (8 PTS) (Bryant 1 AST),29 - 45,16,5.0,1626156,D'Angelo Russell,1610612747.0,Los Angeles,Lakers,LAL,5,977,Kobe Bryant,1610612747.0,Los Angeles,Lakers,LAL,0,0,,,,,
0021500301,211,1,1,2,6:55 PM,6:02,Blake  3PT Jump Shot (6 PTS) (Johnson 1 AST),,,29 - 48,19,4.0,2581,Steve Blake,1610612765.0,Detroit,Pistons,DET,4,1626169,Stanley Johnson,1610612765.0,Detroit,Pistons,DET,0,0,,,,,
0021500301,212,6,2,2,6:55 PM,6:02,,,Williams S.FOUL (P2.T3) (N.Buchert),,,5.0,101150,Lou Williams,1610612747.0,Los Angeles,Lakers,LAL,4,2581,Steve Blake,1610612765.0,Detroit,Pistons,DET,1,0,,,,,
0021500301,213,8,0,2,6:55 PM,6:02,,,SUB: Clarkson FOR Williams,,,5.0,101150,Lou Williams,1610612747.0,Los Angeles,Lakers,LAL,5,203903,Jordan Clarkson,1610612747.0,Los Angeles,Lakers,LAL,0,0,,,,,
0021500301,214,3,10,2,6:55 PM,6:02,Blake Free Throw 1 of 1 (7 PTS),,,29 - 49,20,4.0,2581,Steve Blake,1610612765.0,Detroit,Pistons,DET,0,0,,,,,,0,0,,,,,
0021500301,216,2,1,2,6:56 PM,5:48,,,MISS Bryant 14' Jump Shot,,,5.0,977,Kobe Bryant,1610612747.0,Los Angeles,Lakers,LAL,0,0,,,,,,0,0,,,,,
0021500301,217,4,0,2,6:56 PM,5:47,Johnson REBOUND (Off:0 Def:2),,,,,4.0,1626169,Stanley Johnson,1610612765.0,Detroit,Pistons,DET,0,0,,,,,,0,0,,,,,
0021500301,218,6,2,2,6:56 PM,5:38,,,Hibbert S.FOUL (P1.T4) (K.Cutler),,,5.0,201579,Roy Hibbert,1610612747.0,Los Angeles,Lakers,LAL,4,203083,Andre Drummond,1610612765.0,Detroit,Pistons,DET,1,0,,,,,
0021500301,219,9,1,2,6:56 PM,5:38,PISTONS Timeout: Regular (Full 2 Short 0),,,,,2.0,1610612765,,,,,,0,0,,,,,,0,0,,,,,
0021500301,221,8,0,2,6:58 PM,5:38,SUB: Jackson FOR Blake,,,,,4.0,2581,Steve Blake,1610612765.0,Detroit,Pistons,DET,4,202704,Reggie Jackson,1610612765.0,Detroit,Pistons,DET,0,0,,,,,
0021500301,222,3,11,2,6:59 PM,5:38,MISS Drummond Free Throw 1 of 2,,,,,4.0,203083,Andre Drummond,1610612765.0,Detroit,Pistons,DET,0,0,,,,,,0,0,,,,,
0021500301,223,4,1,2,6:59 PM,5:38,PISTONS Rebound,,,,,2.0,1610612765,,,,,,0,0,,,,,,0,0,,,,,
0021500301,224,3,12,2,6:59 PM,5:38,MISS Drummond Free Throw 2 of 2,,,,,4.0,203083,Andre Drummond,1610612765.0,Detroit,Pistons,DET,0,0,,,,,,0,0,,,,,
0021500301,226,4,0,2,6:59 PM,5:37,Tolliver REBOUND (Off:2 Def:3),,,,,4.0,201229,Anthony Tolliver,1610612765.0,Detroit,Pistons,DET,0,0,,,,,,0,0,,,,,
0021500301,227,1,42,2,6:59 PM,5:24,Caldwell-Pope  Driving Layup (10 PTS) (Jackson 3 AST),,,29 - 51,22,4.0,203484,Kentavious Caldwell-Pope,1610612765.0,Detroit,Pistons,DET,4,202704,Reggie Jackson,1610612765.0,Detroit,Pistons,DET,0,0,,,,,
0021500301,228,6,2,2,6:59 PM,5:24,,,Russell S.FOUL (P1.PN) (S.Foster),,,5.0,1626156,D'Angelo Russell,1610612747.0,Los Angeles,Lakers,LAL,4,203484,Kentavious Caldwell-Pope,1610612765.0,Detroit,Pistons,DET,1,0,,,,,
0021500301,229,8,0,2,7:00 PM,5:24,SUB: Ilyasova FOR Johnson,,,,,4.0,1626169,Stanley Johnson,1610612765.0,Detroit,Pistons,DET,4,101141,Ersan Ilyasova,1610612765.0,Detroit,Pistons,DET,0,0,,,,,
0021500301,230,8,0,2,7:00 PM,5:24,SUB: Marc Morris FOR Tolliver,,,,,4.0,201229,Anthony Tolliver,1610612765.0,Detroit,Pistons,DET,4,202694,Marcus Morris,1610612765.0,Detroit,Pistons,DET,0,0,,,,,
0021500301,234,5,17,2,7:00 PM,5:24,Ilyasova Lane Violation Turnover (P3.T8),,,,,4.0,101141,Ersan Ilyasova,1610612765.0,Detroit,Pistons,DET,0,0,,,,,,1,0,,,,,
0021500301,235,1,5,2,7:00 PM,5:08,,,Randle 2' Layup (3 PTS),31 - 51,20,5.0,203944,Julius Randle,1610612747.0,Los Angeles,Lakers,LAL,0,0,,,,,,0,0,,,,,
0021500301,236,6,2,2,7:00 PM,5:08,Ilyasova S.FOUL (P3.T3) (S.Foster),,,,,4.0,101141,Ersan Ilyasova,1610612765.0,Detroit,Pistons,DET,5,203944,Julius Randle,1610612747.0,Los Angeles,Lakers,LAL,1,0,,,,,
0021500301,237,8,0,2,7:01 PM,5:08,SUB: Tolliver FOR Ilyasova,,,,,4.0,101141,Ersan Ilyasova,1610612765.0,Detroit,Pistons,DET,4,201229,Anthony Tolliver,1610612765.0,Detroit,Pistons,DET,0,0,,,,,
0021500301,238,3,10,2,7:01 PM,5:08,,,Randle Free Throw 1 of 1 (4 PTS),32 - 51,19,5.0,203944,Julius Randle,1610612747.0,Los Angeles,Lakers,LAL,0,0,,,,,,0,0,,,,,
0021500301,240,6,2,2,7:01 PM,5:00,,,Russell S.FOUL (P2.PN) (N.Buchert),,,5.0,1626156,D'Angelo Russell,1610612747.0,Los Angeles,Lakers,LAL,4,202704,Reggie Jackson,1610612765.0,Detroit,Pistons,DET,1,0,,,,,
0021500301,241,3,11,2,7:01 PM,5:00,Jackson Free Throw 1 of 2 (8 PTS),,,32 - 52,20,4.0,202704,Reggie Jackson,1610612765.0,Detroit,Pistons,DET,0,0,,,,,,0,0,,,,,
0021500301,243,8,0,2,7:02 PM,5:00,,,SUB: World Peace FOR Bryant,,,5.0,977,Kobe Bryant,1610612747.0,Los Angeles,Lakers,LAL,5,1897,Metta World Peace,1610612747.0,Los Angeles,Lakers,LAL,0,0,,,,,
0021500301,244,3,12,2,7:02 PM,5:00,Jackson Free Throw 2 of 2 (9 PTS),,,32 - 53,21,4.0,202704,Reggie Jackson,1610612765.0,Detroit,Pistons,DET,0,0,,,,,,0,0,,,,,
0021500301,246,2,1,2,7:02 PM,4:42,,,MISS Russell 27' 3PT Jump Shot,,,5.0,1626156,D'Angelo Russell,1610612747.0,Los Angeles,Lakers,LAL,0,0,,,,,,0,0,,,,,
0021500301,247,4,0,2,7:02 PM,4:42,Tolliver REBOUND (Off:2 Def:4),,,,,4.0,201229,Anthony Tolliver,1610612765.0,Detroit,Pistons,DET,0,0,,,,,,0,0,,,,,
0021500301,248,2,5,2,7:02 PM,4:31,MISS Drummond 2' Layup,,,,,4.0,203083,Andre Drummond,1610612765.0,Detroit,Pistons,DET,0,0,,,,,,0,0,,,,,
0021500301,249,4,0,2,7:02 PM,4:31,,,Randle REBOUND (Off:1 Def:4),,,5.0,203944,Julius Randle,1610612747.0,Los Angeles,Lakers,LAL,0,0,,,,,,0,0,,,,,
0021500301,250,6,4,2,7:03 PM,4:23,,,World Peace OFF.Foul (P3) (S.Foster),,,5.0,1897,Metta World Peace,1610612747.0,Los Angeles,Lakers,LAL,4,201229,Anthony Tolliver,1610612765.0,Detroit,Pistons,DET,1,0,,,,,
0021500301,251,5,5,2,7:03 PM,4:23,,,World Peace Foul Turnover (P1.T10),,,5.0,1897,Metta World Peace,1610612747.0,Los Angeles,Lakers,LAL,0,0,,,,,,1,0,,,,,
0021500301,252,8,0,2,7:03 PM,4:23,,,SUB: Young FOR World Peace,,,5.0,1897,Metta World Peace,1610612747.0,Los Angeles,Lakers,LAL,5,201156,Nick Young,1610612747.0,Los Angeles,Lakers,LAL,0,0,,,,,
0021500301,254,1,78,2,7:04 PM,4:01,Jackson 7' Floating Jump Shot (11 PTS),,,32 - 55,23,4.0,202704,Reggie Jackson,1610612765.0,Detroit,Pistons,DET,0,0,,,,,,0,0,,,,,
0021500301,255,1,5,2,7:04 PM,3:38,,,Randle  Layup (6 PTS) (Russell 2 AST),34 - 55,21,5.0,203944,Julius Randle,1610612747.0,Los Angeles,Lakers,LAL,5,1626156,D'Angelo Russell,1610612747.0,Los Angeles,Lakers,LAL,0,0,,,,,
0021500301,256,1,78,2,7:05 PM,3:23,Jackson 9' Floating Jump Shot (13 PTS),,,34 - 57,23,4.0,202704,Reggie Jackson,1610612765.0,Detroit,Pistons,DET,0,0,,,,,,0,0,,,,,
0021500301,257,2,1,2,7:05 PM,3:10,,,MISS Russell 13' Jump Shot,,,5.0,1626156,D'Angelo Russell,1610612747.0,Los Angeles,Lakers,LAL,0,0,,,,,,0,0,,,,,
0021500301,258,4,0,2,7:05 PM,3:10,Tolliver REBOUND (Off:2 Def:5),,,,,4.0,201229,Anthony Tolliver,1610612765.0,Detroit,Pistons,DET,0,0,,,,,,0,0,,,,,
0021500301,259,2,63,2,7:05 PM,2:51,MISS Marc Morris 10' Fadeaway Jumper,,,,,4.0,202694,Marcus Morris,1610612765.0,Detroit,Pistons,DET,0,0,,,,,,0,0,,,,,
0021500301,260,4,0,2,7:05 PM,2:48,,,Randle REBOUND (Off:1 Def:5),,,5.0,203944,Julius Randle,1610612747.0,Los Angeles,Lakers,LAL,0,0,,,,,,0,0,,,,,
0021500301,261,6,2,2,7:05 PM,2:47,Drummond S.FOUL (P3.T4) (K.Cutler),,,,,4.0,203083,Andre Drummond,1610612765.0,Detroit,Pistons,DET,5,203944,Julius Randle,1610612747.0,Los Angeles,Lakers,LAL,1,0,,,,,
0021500301,262,9,1,2,7:05 PM,2:47,,,Lakers Timeout: Regular (Reg.2 Short 0),,,3.0,1610612747,,,,,,0,0,,,,,,0,0,,,,,
0021500301,264,8,0,2,7:08 PM,2:47,,,SUB: Williams FOR Russell,,,5.0,1626156,D'Angelo Russell,1610612747.0,Los Angeles,Lakers,LAL,5,101150,Lou Williams,1610612747.0,Los Angeles,Lakers,LAL,0,0,,,,,
0021500301,265,8,0,2,7:08 PM,2:47,SUB: Baynes FOR Drummond,,,,,4.0,203083,Andre Drummond,1610612765.0,Detroit,Pistons,DET,4,203382,Aron Baynes,1610612765.0,Detroit,Pistons,DET,0,0,,,,,
0021500301,266,3,11,2,7:08 PM,2:47,,,Randle Free Throw 1 of 2 (7 PTS),35 - 57,22,5.0,203944,Julius Randle,1610612747.0,Los Angeles,Lakers,LAL,0,0,,,,,,0,0,,,,,
0021500301,268,3,12,2,7:08 PM,2:47,,,Randle Free Throw 2 of 2 (8 PTS),36 - 57,21,5.0,203944,Julius Randle,1610612747.0,Los Angeles,Lakers,LAL,0,0,,,,,,0,0,,,,,
0021500301,270,2,1,2,7:09 PM,2:29,MISS Jackson 12' Jump Shot,,,,,4.0,202704,Reggie Jackson,1610612765.0,Detroit,Pistons,DET,0,0,,,,,,0,0,,,,,
0021500301,271,4,0,2,7:09 PM,2:28,,,Randle REBOUND (Off:1 Def:6),,,5.0,203944,Julius Randle,1610612747.0,Los Angeles,Lakers,LAL,0,0,,,,,,0,0,,,,,
0021500301,272,1,42,2,7:09 PM,2:06,,,Randle 4' Driving Layup (10 PTS),38 - 57,19,5.0,203944,Julius Randle,1610612747.0,Los Angeles,Lakers,LAL,0,0,,,,,,0,0,,,,,
0021500301,273,2,78,2,7:09 PM,1:53,MISS Jackson 7' Floating Jump Shot,,,,,4.0,202704,Reggie Jackson,1610612765.0,Detroit,Pistons,DET,0,0,,,,,,0,0,,,,,
0021500301,274,4,0,2,7:09 PM,1:51,,,Randle REBOUND (Off:1 Def:7),,,5.0,203944,Julius Randle,1610612747.0,Los Angeles,Lakers,LAL,0,0,,,,,,0,0,,,,,
0021500301,275,2,1,2,7:09 PM,1:42,,,MISS Young 26' 3PT Jump Shot,,,5.0,201156,Nick Young,1610612747.0,Los Angeles,Lakers,LAL,0,0,,,,,,0,0,,,,,
0021500301,276,4,0,2,7:09 PM,1:42,Jackson REBOUND (Off:0 Def:2),,,,,4.0,202704,Reggie Jackson,1610612765.0,Detroit,Pistons,DET,0,0,,,,,,0,0,,,,,
0021500301,277,2,1,2,7:10 PM,1:35,MISS Marc Morris 12' Jump Shot,,,,,4.0,202694,Marcus Morris,1610612765.0,Detroit,Pistons,DET,0,0,,,,,,0,0,,,,,
0021500301,278,4,0,2,7:10 PM,1:34,Caldwell-Pope REBOUND (Off:2 Def:0),,,,,4.0,203484,Kentavious Caldwell-Pope,1610612765.0,Detroit,Pistons,DET,0,0,,,,,,0,0,,,,,
0021500301,279,1,97,2,7:10 PM,1:31,Caldwell-Pope 1' Tip Layup Shot (12 PTS),,,38 - 59,21,4.0,203484,Kentavious Caldwell-Pope,1610612765.0,Detroit,Pistons,DET,0,0,,,,,,0,0,,,,,
0021500301,280,1,1,2,7:10 PM,1:08,,,Clarkson 11' Jump Shot (5 PTS),40 - 59,19,5.0,203903,Jordan Clarkson,1610612747.0,Los Angeles,Lakers,LAL,0,0,,,,,,0,0,,,,,
0021500301,281,2,1,2,7:10 PM,0:52,MISS Baynes 13' Jump Shot,,,,,4.0,203382,Aron Baynes,1610612765.0,Detroit,Pistons,DET,0,0,,,,,,0,0,,,,,
0021500301,282,4,0,2,7:10 PM,0:52,,,Clarkson REBOUND (Off:1 Def:1),,,5.0,203903,Jordan Clarkson,1610612747.0,Los Angeles,Lakers,LAL,0,0,,,,,,0,0,,,,,
0021500301,283,1,1,2,7:10 PM,0:46,,,Clarkson 15' Jump Shot (7 PTS),42 - 59,17,5.0,203903,Jordan Clarkson,1610612747.0,Los Angeles,Lakers,LAL,0,0,,,,,,0,0,,,,,
0021500301,284,2,1,2,7:11 PM,0:33,MISS Tolliver 24' 3PT Jump Shot,,,,,4.0,201229,Anthony Tolliver,1610612765.0,Detroit,Pistons,DET,0,0,,,,,,0,0,,,,,
0021500301,285,4,0,2,7:11 PM,0:32,Baynes REBOUND (Off:3 Def:3),,,,,4.0,203382,Aron Baynes,1610612765.0,Detroit,Pistons,DET,0,0,,,,,,0,0,,,,,
0021500301,286,1,1,2,7:11 PM,0:29,Jackson 25' 3PT Jump Shot (16 PTS) (Baynes 1 AST),,,42 - 62,20,4.0,202704,Reggie Jackson,1610612765.0,Detroit,Pistons,DET,4,203382,Aron Baynes,1610612765.0,Detroit,Pistons,DET,0,0,,,,,
0021500301,287,2,1,2,7:11 PM,0:08,,,MISS Clarkson 4' Jump Shot,,,5.0,203903,Jordan Clarkson,1610612747.0,Los Angeles,Lakers,LAL,0,0,,,,,,0,0,,,,,
0021500301,288,4,0,2,7:11 PM,0:07,Marc Morris REBOUND (Off:0 Def:2),,,,,4.0,202694,Marcus Morris,1610612765.0,Detroit,Pistons,DET,0,0,,,,,,0,0,,,,,
0021500301,289,1,1,2,7:12 PM,0:03,Caldwell-Pope 24' 3PT Jump Shot (15 PTS) (Marc Morris 3 AST),,,42 - 65,23,4.0,203484,Kentavious Caldwell-Pope,1610612765.0,Detroit,Pistons,DET,4,202694,Marcus Morris,1610612765.0,Detroit,Pistons,DET,0,0,,,,,
0021500301,290,13,0,2,7:12 PM,0:00,,,,42 - 65,23,0.0,0,,,,,,0,0,,,,,,0,0,,,,,
0021500301,292,12,0,3,7:29 PM,12:00,,,,42 - 65,23,0.0,0,,,,,,0,0,,,,,,0,0,,,,,
0021500301,293,6,2,3,7:29 PM,11:47,Ilyasova S.FOUL (P4.T1) (K.Cutler),,,,,4.0,101141,Ersan Ilyasova,1610612765.0,Detroit,Pistons,DET,5,203944,Julius Randle,1610612747.0,Los Angeles,Lakers,LAL,1,0,,,,,
0021500301,294,3,11,3,7:29 PM,11:47,,,MISS Randle Free Throw 1 of 2,,,5.0,203944,Julius Randle,1610612747.0,Los Angeles,Lakers,LAL,0,0,,,,,,0,0,,,,,
0021500301,295,4,1,3,7:29 PM,11:47,,,Lakers Rebound,,,3.0,1610612747,,,,,,0,0,,,,,,0,0,,,,,
0021500301,296,3,12,3,7:29 PM,11:47,,,Randle Free Throw 2 of 2 (11 PTS),43 - 65,22,5.0,203944,Julius Randle,1610612747.0,Los Angeles,Lakers,LAL,0,0,,,,,,0,0,,,,,
0021500301,298,2,1,3,7:30 PM,11:32,MISS Marc Morris 20' Jump Shot,,,,,4.0,202694,Marcus Morris,1610612765.0,Detroit,Pistons,DET,0,0,,,,,,0,0,,,,,
0021500301,299,4,0,3,7:30 PM,11:31,Ilyasova REBOUND (Off:1 Def:0),,,,,4.0,101141,Ersan Ilyasova,1610612765.0,Detroit,Pistons,DET,0,0,,,,,,0,0,,,,,
0021500301,300,1,5,3,7:30 PM,11:28,Ilyasova  Layup (7 PTS),,,43 - 67,24,4.0,101141,Ersan Ilyasova,1610612765.0,Detroit,Pistons,DET,0,0,,,,,,0,0,,,,,
0021500301,301,5,1,3,7:30 PM,11:17,Caldwell-Pope STEAL (3 STL),,Bryant Bad Pass Turnover (P3.T11),,,5.0,977,Kobe Bryant,1610612747.0,Los Angeles,Lakers,LAL,4,203484,Kentavious Caldwell-Pope,1610612765.0,Detroit,Pistons,DET,0,0,,,,,
0021500301,302,2,1,3,7:30 PM,11:05,MISS Ilyasova  3PT Jump Shot,,,,,4.0,101141,Ersan Ilyasova,1610612765.0,Detroit,Pistons,DET,0,0,,,,,,0,0,,,,,
0021500301,303,4,0,3,7:30 PM,11:05,,,Randle REBOUND (Off:1 Def:8),,,5.0,203944,Julius Randle,1610612747.0,Los Angeles,Lakers,LAL,0,0,,,,,,0,0,,,,,
0021500301,304,5,1,3,7:31 PM,10:57,Caldwell-Pope STEAL (4 STL),,Clarkson Bad Pass Turnover (P3.T12),,,5.0,203903,Jordan Clarkson,1610612747.0,Los Angeles,Lakers,LAL,4,203484,Kentavious Caldwell-Pope,1610612765.0,Detroit,Pistons,DET,0,0,,,,,
0021500301,305,6,2,3,7:31 PM,10:52,,,Russell S.FOUL (P3.T1) (N.Buchert),,,5.0,1626156,D'Angelo Russell,1610612747.0,Los Angeles,Lakers,LAL,4,203484,Kentavious Caldwell-Pope,1610612765.0,Detroit,Pistons,DET,1,0,,,,,
0021500301,306,3,11,3,7:31 PM,10:52,Jackson Free Throw 1 of 2 (17 PTS),,,43 - 68,25,4.0,202704,Reggie Jackson,1610612765.0,Detroit,Pistons,DET,0,0,,,,,,0,0,,,,,
0021500301,308,3,12,3,7:31 PM,10:52,Jackson Free Throw 2 of 2 (18 PTS),,,43 - 69,26,4.0,202704,Reggie Jackson,1610612765.0,Detroit,Pistons,DET,0,0,,,,,,0,0,,,,,
0021500301,310,2,1,3,7:32 PM,10:42,,,MISS Russell 19' Jump Shot,,,5.0,1626156,D'Angelo Russell,1610612747.0,Los Angeles,Lakers,LAL,0,0,,,,,,0,0,,,,,
0021500301,311,4,0,3,7:32 PM,10:42,,,Lakers Rebound,,,3.0,1610612747,,,,,,0,0,,,,,,0,0,,,,,
0021500301,312,2,3,3,7:32 PM,10:32,,,MISS Randle 7' Hook Shot,,,5.0,203944,Julius Randle,1610612747.0,Los Angeles,Lakers,LAL,0,0,,,,,,0,0,,,,,
0021500301,313,4,0,3,7:32 PM,10:31,Drummond REBOUND (Off:2 Def:7),,,,,4.0,203083,Andre Drummond,1610612765.0,Detroit,Pistons,DET,0,0,,,,,,0,0,,,,,
0021500301,314,1,42,3,7:32 PM,10:25,Jackson  Driving Layup (20 PTS),,,43 - 71,28,4.0,202704,Reggie Jackson,1610612765.0,Detroit,Pistons,DET,0,0,,,,,,0,0,,,,,
0021500301,315,2,1,3,7:32 PM,10:06,,,MISS Bryant 25' 3PT Jump Shot,,,5.0,977,Kobe Bryant,1610612747.0,Los Angeles,Lakers,LAL,0,0,,,,,,0,0,,,,,
0021500301,316,4,0,3,7:32 PM,10:05,Caldwell-Pope REBOUND (Off:2 Def:1),,,,,4.0,203484,Kentavious Caldwell-Pope,1610612765.0,Detroit,Pistons,DET,0,0,,,,,,0,0,,,,,
0021500301,317,2,1,3,7:33 PM,9:53,MISS Caldwell-Pope 10' Jump Shot,,,,,4.0,203484,Kentavious Caldwell-Pope,1610612765.0,Detroit,Pistons,DET,0,0,,,,,,0,0,,,,,
0021500301,318,4,0,3,7:33 PM,9:53,,,Hibbert REBOUND (Off:1 Def:1),,,5.0,201579,Roy Hibbert,1610612747.0,Los Angeles,Lakers,LAL,0,0,,,,,,0,0,,,,,
0021500301,319,1,42,3,7:33 PM,9:47,,,Russell  Driving Layup (10 PTS),45 - 71,26,5.0,1626156,D'Angelo Russell,1610612747.0,Los Angeles,Lakers,LAL,0,0,,,,,,0,0,,,,,
0021500301,320,2,1,3,7:33 PM,9:29,MISS Marc Morris 24' 3PT Jump Shot,,,,,4.0,202694,Marcus Morris,1610612765.0,Detroit,Pistons,DET,0,0,,,,,,0,0,,,,,
0021500301,321,4,0,3,7:33 PM,9:29,,,Lakers Rebound,,,3.0,1610612747,,,,,,0,0,,,,,,0,0,,,,,
0021500301,322,1,47,3,7:34 PM,9:10,,,Randle 6' Turnaround Jump Shot (13 PTS) (Hibbert 1 AST),47 - 71,24,5.0,203944,Julius Randle,1610612747.0,Los Angeles,Lakers,LAL,5,201579,Roy Hibbert,1610612747.0,Los Angeles,Lakers,LAL,0,0,,,,,
0021500301,323,5,2,3,7:34 PM,8:52,Caldwell-Pope Lost Ball Turnover (P1.T9),,Clarkson STEAL (1 STL),,,4.0,203484,Kentavious Caldwell-Pope,1610612765.0,Detroit,Pistons,DET,5,203903,Jordan Clarkson,1610612747.0,Los Angeles,Lakers,LAL,0,0,,,,,
0021500301,324,2,1,3,7:34 PM,8:35,,,MISS Bryant 19' Jump Shot,,,5.0,977,Kobe Bryant,1610612747.0,Los Angeles,Lakers,LAL,0,0,,,,,,0,0,,,,,
0021500301,325,4,0,3,7:34 PM,8:35,Jackson REBOUND (Off:0 Def:3),,,,,4.0,202704,Reggie Jackson,1610612765.0,Detroit,Pistons,DET,0,0,,,,,,0,0,,,,,
0021500301,326,1,1,3,7:34 PM,8:25,Caldwell-Pope 9' Jump Shot (17 PTS) (Jackson 4 AST),,,47 - 73,26,4.0,203484,Kentavious Caldwell-Pope,1610612765.0,Detroit,Pistons,DET,4,202704,Reggie Jackson,1610612765.0,Detroit,Pistons,DET,0,0,,,,,
0021500301,327,5,1,3,7:35 PM,8:11,,,Russell Bad Pass Turnover (P4.T13),,,5.0,1626156,D'Angelo Russell,1610612747.0,Los Angeles,Lakers,LAL,0,0,,,,,,1,0,,,,,
0021500301,328,2,1,3,7:35 PM,7:51,MISS Jackson 15' Jump Shot,,,,,4.0,202704,Reggie Jackson,1610612765.0,Detroit,Pistons,DET,0,0,,,,,,0,0,,,,,
0021500301,329,4,0,3,7:35 PM,7:51,,,Randle REBOUND (Off:1 Def:9),,,5.0,203944,Julius Randle,1610612747.0,Los Angeles,Lakers,LAL,0,0,,,,,,0,0,,,,,
0021500301,330,6,1,3,7:35 PM,7:43,Marc Morris P.FOUL (P2.T2) (N.Buchert),,,,,4.0,202694,Marcus Morris,1610612765.0,Detroit,Pistons,DET,5,977,Kobe Bryant,1610612747.0,Los Angeles,Lakers,LAL,1,0,,,,,
0021500301,331,1,1,3,7:36 PM,7:36,,,Bryant 24' 3PT Jump Shot (3 PTS) (Hibbert 2 AST),50 - 73,23,5.0,977,Kobe Bryant,1610612747.0,Los Angeles,Lakers,LAL,5,201579,Roy Hibbert,1610612747.0,Los Angeles,Lakers,LAL,0,0,,,,,
0021500301,332,6,1,3,7:36 PM,7:25,,,Clarkson P.FOUL (P2.T2) (S.Foster),,,5.0,203903,Jordan Clarkson,1610612747.0,Los Angeles,Lakers,LAL,4,202704,Reggie Jackson,1610612765.0,Detroit,Pistons,DET,1,0,,,,,
0021500301,333,6,2,3,7:37 PM,7:12,,,Randle S.FOUL (P2.T3) (N.Buchert),,,5.0,203944,Julius Randle,1610612747.0,Los Angeles,Lakers,LAL,4,203484,Kentavious Caldwell-Pope,1610612765.0,Detroit,Pistons,DET,1,0,,,,,
0021500301,335,18,1,3,7:37 PM,7:12,,,,,,,333,Kevin Gamble,,,,,0,0,,,,,,1,0,,,,,
0021500301,338,3,13,3,7:38 PM,7:12,Caldwell-Pope Free Throw 1 of 3 (18 PTS),,,50 - 74,24,4.0,203484,Kentavious Caldwell-Pope,1610612765.0,Detroit,Pistons,DET,0,0,,,,,,0,0,,,,,
0021500301,341,3,14,3,7:38 PM,7:12,Caldwell-Pope Free Throw 2 of 3 (19 PTS),,,50 - 75,25,4.0,203484,Kentavious Caldwell-Pope,1610612765.0,Detroit,Pistons,DET,0,0,,,,,,0,0,,,,,
0021500301,343,3,15,3,7:39 PM,7:12,Caldwell-Pope Free Throw 3 of 3 (20 PTS),,,50 - 76,26,4.0,203484,Kentavious Caldwell-Pope,1610612765.0,Detroit,Pistons,DET,0,0,,,,,,0,0,,,,,
0021500301,345,2,63,3,7:39 PM,6:54,,,MISS Bryant 16' Fadeaway Jumper,,,5.0,977,Kobe Bryant,1610612747.0,Los Angeles,Lakers,LAL,0,0,,,,,,0,0,,,,,
0021500301,346,4,0,3,7:39 PM,6:53,Drummond REBOUND (Off:2 Def:8),,,,,4.0,203083,Andre Drummond,1610612765.0,Detroit,Pistons,DET,0,0,,,,,,0,0,,,,,
0021500301,348,2,1,3,7:40 PM,6:34,MISS Marc Morris 10' Jump Shot,,,,,4.0,202694,Marcus Morris,1610612765.0,Detroit,Pistons,DET,0,0,,,,,,0,0,,,,,
0021500301,349,4,0,3,7:40 PM,6:33,Drummond REBOUND (Off:3 Def:8),,,,,4.0,203083,Andre Drummond,1610612765.0,Detroit,Pistons,DET,0,0,,,,,,0,0,,,,,
0021500301,350,1,5,3,7:40 PM,6:30,Drummond 1' Layup (8 PTS),,,50 - 78,28,4.0,203083,Andre Drummond,1610612765.0,Detroit,Pistons,DET,0,0,,,,,,0,0,,,,,
0021500301,351,2,1,3,7:40 PM,6:15,,,MISS Bryant 27' 3PT Jump Shot,,,5.0,977,Kobe Bryant,1610612747.0,Los Angeles,Lakers,LAL,0,0,,,,,,0,0,,,,,
0021500301,352,4,0,3,7:40 PM,6:14,Drummond REBOUND (Off:3 Def:9),,,,,4.0,203083,Andre Drummond,1610612765.0,Detroit,Pistons,DET,0,0,,,,,,0,0,,,,,
0021500301,354,5,2,3,7:41 PM,6:06,Jackson Lost Ball Turnover (P1.T10),,Russell STEAL (1 STL),,,4.0,202704,Reggie Jackson,1610612765.0,Detroit,Pistons,DET,5,1626156,D'Angelo Russell,1610612747.0,Los Angeles,Lakers,LAL,0,0,,,,,
0021500301,355,1,5,3,7:41 PM,6:00,,,Bryant  Layup (5 PTS) (Russell 3 AST),52 - 78,26,5.0,977,Kobe Bryant,1610612747.0,Los Angeles,Lakers,LAL,5,1626156,D'Angelo Russell,1610612747.0,Los Angeles,Lakers,LAL,0,0,,,,,
0021500301,357,5,1,3,7:41 PM,5:41,Jackson Bad Pass Turnover (P2.T11),,Russell STEAL (2 STL),,,4.0,202704,Reggie Jackson,1610612765.0,Detroit,Pistons,DET,5,1626156,D'Angelo Russell,1610612747.0,Los Angeles,Lakers,LAL,0,0,,,,,
0021500301,358,1,42,3,7:41 PM,5:36,,,Russell 1' Driving Layup (12 PTS),54 - 78,24,5.0,1626156,D'Angelo Russell,1610612747.0,Los Angeles,Lakers,LAL,0,0,,,,,,0,0,,,,,
0021500301,359,2,1,3,7:41 PM,5:14,MISS Ilyasova 22' Jump Shot,,,,,4.0,101141,Ersan Ilyasova,1610612765.0,Detroit,Pistons,DET,0,0,,,,,,0,0,,,,,
0021500301,360,4,0,3,7:41 PM,5:14,,,Clarkson REBOUND (Off:1 Def:2),,,5.0,203903,Jordan Clarkson,1610612747.0,Los Angeles,Lakers,LAL,0,0,,,,,,0,0,,,,,
0021500301,361,2,1,3,7:42 PM,5:03,,,MISS Randle 3' Jump Shot,,,5.0,203944,Julius Randle,1610612747.0,Los Angeles,Lakers,LAL,0,0,,,,,,0,0,,,,,
0021500301,362,4,0,3,7:42 PM,5:03,,,Randle REBOUND (Off:2 Def:9),,,5.0,203944,Julius Randle,1610612747.0,Los Angeles,Lakers,LAL,0,0,,,,,,0,0,,,,,
0021500301,363,1,5,3,7:42 PM,5:03,,,Randle 1' Layup (15 PTS),56 - 78,22,5.0,203944,Julius Randle,1610612747.0,Los Angeles,Lakers,LAL,0,0,,,,,,0,0,,,,,
0021500301,364,9,1,3,7:42 PM,5:03,PISTONS Timeout: Regular (Full 3 Short 0),,,,,2.0,1610612765,,,,,,0,0,,,,,,0,0,,,,,
0021500301,366,8,0,3,7:44 PM,5:03,,,SUB: Williams FOR Russell,,,5.0,1626156,D'Angelo Russell,1610612747.0,Los Angeles,Lakers,LAL,5,101150,Lou Williams,1610612747.0,Los Angeles,Lakers,LAL,0,0,,,,,
0021500301,367,8,0,3,7:44 PM,5:03,SUB: Tolliver FOR Ilyasova,,,,,4.0,101141,Ersan Ilyasova,1610612765.0,Detroit,Pistons,DET,4,201229,Anthony Tolliver,1610612765.0,Detroit,Pistons,DET,0,0,,,,,
0021500301,368,1,52,3,7:44 PM,4:47,Drummond  Alley Oop Dunk (10 PTS) (Jackson 5 AST),,,56 - 80,24,4.0,203083,Andre Drummond,1610612765.0,Detroit,Pistons,DET,4,202704,Reggie Jackson,1610612765.0,Detroit,Pistons,DET,0,0,,,,,
0021500301,369,2,5,3,7:45 PM,4:28,,,MISS Hibbert 3' Layup,,,5.0,201579,Roy Hibbert,1610612747.0,Los Angeles,Lakers,LAL,0,0,,,,,,0,0,,,,,
0021500301,370,4,0,3,7:45 PM,4:27,,,Hibbert REBOUND (Off:2 Def:1),,,5.0,201579,Roy Hibbert,1610612747.0,Los Angeles,Lakers,LAL,0,0,,,,,,0,0,,,,,
0021500301,371,1,5,3,7:45 PM,4:25,,,Hibbert 2' Layup (6 PTS),58 - 80,22,5.0,201579,Roy Hibbert,1610612747.0,Los Angeles,Lakers,LAL,0,0,,,,,,0,0,,,,,
0021500301,372,6,2,3,7:45 PM,4:12,,,Hibbert S.FOUL (P2.T4) (K.Cutler),,,5.0,201579,Roy Hibbert,1610612747.0,Los Angeles,Lakers,LAL,4,203083,Andre Drummond,1610612765.0,Detroit,Pistons,DET,1,0,,,,,
0021500301,373,3,11,3,7:45 PM,4:12,Drummond Free Throw 1 of 2 (11 PTS),,,58 - 81,23,4.0,203083,Andre Drummond,1610612765.0,Detroit,Pistons,DET,0,0,,,,,,0,0,,,,,
0021500301,375,8,0,3,7:46 PM,4:12,SUB: Johnson FOR Marc Morris,,,,,4.0,202694,Marcus Morris,1610612765.0,Detroit,Pistons,DET,4,1626169,Stanley Johnson,1610612765.0,Detroit,Pistons,DET,0,0,,,,,
0021500301,376,3,12,3,7:46 PM,4:12,Drummond Free Throw 2 of 2 (12 PTS),,,58 - 82,24,4.0,203083,Andre Drummond,1610612765.0,Detroit,Pistons,DET,0,0,,,,,,0,0,,,,,
0021500301,378,6,1,3,7:46 PM,4:00,Caldwell-Pope P.FOUL (P3.T3) (N.Buchert),,,,,4.0,203484,Kentavious Caldwell-Pope,1610612765.0,Detroit,Pistons,DET,5,201579,Roy Hibbert,1610612747.0,Los Angeles,Lakers,LAL,1,0,,,,,
0021500301,379,8,0,3,7:46 PM,4:00,,,SUB: Nance Jr. FOR Randle,,,5.0,203944,Julius Randle,1610612747.0,Los Angeles,Lakers,LAL,5,1626204,Larry Nance Jr.,1610612747.0,Los Angeles,Lakers,LAL,0,0,,,,,
0021500301,380,1,1,3,7:46 PM,3:54,,,Hibbert 16' Jump Shot (8 PTS) (Clarkson 1 AST),60 - 82,22,5.0,201579,Roy Hibbert,1610612747.0,Los Angeles,Lakers,LAL,5,203903,Jordan Clarkson,1610612747.0,Los Angeles,Lakers,LAL,0,0,,,,,
0021500301,381,2,78,3,7:47 PM,3:43,MISS Jackson 7' Floating Jump Shot,,,,,4.0,202704,Reggie Jackson,1610612765.0,Detroit,Pistons,DET,0,0,,,,,,0,0,,,,,
0021500301,382,4,0,3,7:47 PM,3:43,Drummond REBOUND (Off:4 Def:9),,,,,4.0,203083,Andre Drummond,1610612765.0,Detroit,Pistons,DET,0,0,,,,,,0,0,,,,,
0021500301,383,1,3,3,7:47 PM,3:43,Drummond 4' Hook Shot (14 PTS),,,60 - 84,24,4.0,203083,Andre Drummond,1610612765.0,Detroit,Pistons,DET,0,0,,,,,,0,0,,,,,
0021500301,384,6,2,3,7:47 PM,3:43,,,Bryant S.FOUL (P2.PN) (K.Cutler),,,5.0,977,Kobe Bryant,1610612747.0,Los Angeles,Lakers,LAL,4,203083,Andre Drummond,1610612765.0,Detroit,Pistons,DET,1,0,,,,,
0021500301,385,3,10,3,7:47 PM,3:43,MISS Drummond Free Throw 1 of 1,,,,,4.0,203083,Andre Drummond,1610612765.0,Detroit,Pistons,DET,0,0,,,,,,0,0,,,,,
0021500301,386,4,0,3,7:47 PM,3:42,,,Hibbert REBOUND (Off:2 Def:2),,,5.0,201579,Roy Hibbert,1610612747.0,Los Angeles,Lakers,LAL,0,0,,,,,,0,0,,,,,
0021500301,387,2,1,3,7:47 PM,3:31,,,MISS Bryant 17' Jump Shot,,,5.0,977,Kobe Bryant,1610612747.0,Los Angeles,Lakers,LAL,0,0,,,,,,0,0,,,,,
0021500301,388,4,0,3,7:47 PM,3:31,Tolliver REBOUND (Off:2 Def:6),,,,,4.0,201229,Anthony Tolliver,1610612765.0,Detroit,Pistons,DET,0,0,,,,,,0,0,,,,,
0021500301,389,2,66,3,7:48 PM,3:12,MISS Caldwell-Pope 13' Jump Bank Shot,,,,,4.0,203484,Kentavious Caldwell-Pope,1610612765.0,Detroit,Pistons,DET,0,0,,,,,,0,0,,,,,
0021500301,390,4,0,3,7:48 PM,3:10,,,Hibbert REBOUND (Off:2 Def:3),,,5.0,201579,Roy Hibbert,1610612747.0,Los Angeles,Lakers,LAL,0,0,,,,,,0,0,,,,,
0021500301,401,5,41,3,7:48 PM,3:10,Drummond STEAL (1 STL),,Hibbert Poss Lost Ball Turnover (P2.T14),,,5.0,201579,Roy Hibbert,1610612747.0,Los Angeles,Lakers,LAL,4,203083,Andre Drummond,1610612765.0,Detroit,Pistons,DET,0,0,,,,,
0021500301,391,1,5,3,7:48 PM,3:08,Caldwell-Pope  Layup (22 PTS),,,60 - 86,26,4.0,203484,Kentavious Caldwell-Pope,1610612765.0,Detroit,Pistons,DET,0,0,,,,,,0,0,,,,,
0021500301,392,2,1,3,7:48 PM,2:55,,,MISS Clarkson 22' Jump Shot,,,5.0,203903,Jordan Clarkson,1610612747.0,Los Angeles,Lakers,LAL,0,0,,,,,,0,0,,,,,
0021500301,393,4,0,3,7:48 PM,2:54,Drummond REBOUND (Off:4 Def:10),,,,,4.0,203083,Andre Drummond,1610612765.0,Detroit,Pistons,DET,0,0,,,,,,0,0,,,,,
0021500301,394,2,1,3,7:48 PM,2:45,MISS Caldwell-Pope 5' Jump Shot,,,,,4.0,203484,Kentavious Caldwell-Pope,1610612765.0,Detroit,Pistons,DET,0,0,,,,,,0,0,,,,,
0021500301,395,4,0,3,7:48 PM,2:44,Caldwell-Pope REBOUND (Off:3 Def:1),,,,,4.0,203484,Kentavious Caldwell-Pope,1610612765.0,Detroit,Pistons,DET,0,0,,,,,,0,0,,,,,
0021500301,396,1,7,3,7:48 PM,2:38,Drummond  Dunk (16 PTS) (Jackson 6 AST),,,60 - 88,28,4.0,203083,Andre Drummond,1610612765.0,Detroit,Pistons,DET,4,202704,Reggie Jackson,1610612765.0,Detroit,Pistons,DET,0,0,,,,,
0021500301,397,5,1,3,7:48 PM,2:22,,,Williams Bad Pass Turnover (P1.T15),,,5.0,101150,Lou Williams,1610612747.0,Los Angeles,Lakers,LAL,0,0,,,,,,1,0,,,,,
0021500301,398,9,1,3,7:49 PM,2:22,,,Lakers Timeout: Regular (Reg.3 Short 0),,,3.0,1610612747,,,,,,0,0,,,,,,0,0,,,,,
0021500301,402,8,0,3,7:51 PM,2:22,SUB: Blake FOR Jackson,,,,,4.0,202704,Reggie Jackson,1610612765.0,Detroit,Pistons,DET,4,2581,Steve Blake,1610612765.0,Detroit,Pistons,DET,0,0,,,,,
0021500301,403,8,0,3,7:51 PM,2:22,,,SUB: Bass FOR Hibbert,,,5.0,201579,Roy Hibbert,1610612747.0,Los Angeles,Lakers,LAL,5,101138,Brandon Bass,1610612747.0,Los Angeles,Lakers,LAL,0,0,,,,,
0021500301,404,2,5,3,7:51 PM,2:13,MISS Johnson 2' Layup,,,,,4.0,1626169,Stanley Johnson,1610612765.0,Detroit,Pistons,DET,0,0,,,,,,0,0,,,,,
0021500301,405,4,0,3,7:51 PM,2:12,,,Bryant REBOUND (Off:0 Def:2),,,5.0,977,Kobe Bryant,1610612747.0,Los Angeles,Lakers,LAL,0,0,,,,,,0,0,,,,,
0021500301,406,2,1,3,7:51 PM,2:05,,,MISS Bryant 21' Jump Shot,,,5.0,977,Kobe Bryant,1610612747.0,Los Angeles,Lakers,LAL,0,0,,,,,,0,0,,,,,
0021500301,407,4,0,3,7:51 PM,2:04,Blake REBOUND (Off:0 Def:2),,,,,4.0,2581,Steve Blake,1610612765.0,Detroit,Pistons,DET,0,0,,,,,,0,0,,,,,
0021500301,408,1,1,3,7:52 PM,1:50,Drummond 7' Jump Shot (18 PTS) (Blake 5 AST),,,60 - 90,30,4.0,203083,Andre Drummond,1610612765.0,Detroit,Pistons,DET,4,2581,Steve Blake,1610612765.0,Detroit,Pistons,DET,0,0,,,,,
0021500301,409,2,1,3,7:52 PM,1:32,,,MISS Clarkson 26' 3PT Jump Shot,,,5.0,203903,Jordan Clarkson,1610612747.0,Los Angeles,Lakers,LAL,0,0,,,,,,0,0,,,,,
0021500301,410,4,0,3,7:52 PM,1:32,Johnson REBOUND (Off:0 Def:3),,,,,4.0,1626169,Stanley Johnson,1610612765.0,Detroit,Pistons,DET,0,0,,,,,,0,0,,,,,
0021500301,411,2,1,3,7:52 PM,1:19,MISS Johnson 12' Jump Shot,,,,,4.0,1626169,Stanley Johnson,1610612765.0,Detroit,Pistons,DET,0,0,,,,,,0,0,,,,,
0021500301,412,4,0,3,7:52 PM,1:18,,,Bryant REBOUND (Off:0 Def:3),,,5.0,977,Kobe Bryant,1610612747.0,Los Angeles,Lakers,LAL,0,0,,,,,,0,0,,,,,
0021500301,413,1,5,3,7:52 PM,1:11,,,Williams 1' Layup (9 PTS),62 - 90,28,5.0,101150,Lou Williams,1610612747.0,Los Angeles,Lakers,LAL,0,0,,,,,,0,0,,,,,
0021500301,414,2,1,3,7:53 PM,0:49,MISS Tolliver 24' 3PT Jump Shot,,,,,4.0,201229,Anthony Tolliver,1610612765.0,Detroit,Pistons,DET,0,0,,,,,,0,0,,,,,
0021500301,415,4,0,3,7:53 PM,0:49,,,Bass REBOUND (Off:1 Def:3),,,5.0,101138,Brandon Bass,1610612747.0,Los Angeles,Lakers,LAL,0,0,,,,,,0,0,,,,,
0021500301,416,2,1,3,7:53 PM,0:35,,,MISS Clarkson 17' Jump Shot,,,5.0,203903,Jordan Clarkson,1610612747.0,Los Angeles,Lakers,LAL,0,0,,,,,,0,0,,,,,
0021500301,417,4,0,3,7:53 PM,0:34,Blake REBOUND (Off:0 Def:3),,,,,4.0,2581,Steve Blake,1610612765.0,Detroit,Pistons,DET,0,0,,,,,,0,0,,,,,
0021500301,418,2,1,3,7:53 PM,0:26,MISS Johnson 27' 3PT Jump Shot,,,,,4.0,1626169,Stanley Johnson,1610612765.0,Detroit,Pistons,DET,0,0,,,,,,0,0,,,,,
0021500301,419,4,0,3,7:53 PM,0:26,Drummond REBOUND (Off:5 Def:10),,,,,4.0,203083,Andre Drummond,1610612765.0,Detroit,Pistons,DET,0,0,,,,,,0,0,,,,,
0021500301,420,2,97,3,7:53 PM,0:22,MISS Drummond  Tip Layup Shot,,,,,4.0,203083,Andre Drummond,1610612765.0,Detroit,Pistons,DET,0,0,,,,,,0,0,,,,,
0021500301,421,4,0,3,7:53 PM,0:20,,,Bass REBOUND (Off:1 Def:4),,,5.0,101138,Brandon Bass,1610612747.0,Los Angeles,Lakers,LAL,0,0,,,,,,0,0,,,,,
0021500301,423,1,1,3,7:53 PM,0:07,,,Williams 26' 3PT Jump Shot (12 PTS),65 - 90,25,5.0,101150,Lou Williams,1610612747.0,Los Angeles,Lakers,LAL,0,0,,,,,,0,0,,,,,
0021500301,424,5,1,3,7:54 PM,0:00,Blake Bad Pass Turnover (P1.T12),,Bryant STEAL (1 STL),,,4.0,2581,Steve Blake,1610612765.0,Detroit,Pistons,DET,5,977,Kobe Bryant,1610612747.0,Los Angeles,Lakers,LAL,0,0,,,,,
0021500301,425,13,0,3,7:54 PM,0:00,,,,65 - 90,25,0.0,0,,,,,,0,0,,,,,,0,0,,,,,
0021500301,427,12,0,4,7:56 PM,12:00,,,,65 - 90,25,0.0,0,,,,,,0,0,,,,,,0,0,,,,,
0021500301,428,6,2,4,7:57 PM,11:50,,,Young S.FOUL (P1.T1) (K.Cutler),,,5.0,201156,Nick Young,1610612747.0,Los Angeles,Lakers,LAL,4,202694,Marcus Morris,1610612765.0,Detroit,Pistons,DET,1,0,,,,,
0021500301,429,3,11,4,7:57 PM,11:50,MISS Marc Morris Free Throw 1 of 2,,,,,4.0,202694,Marcus Morris,1610612765.0,Detroit,Pistons,DET,0,0,,,,,,0,0,,,,,
0021500301,430,4,1,4,7:57 PM,11:50,PISTONS Rebound,,,,,2.0,1610612765,,,,,,0,0,,,,,,0,0,,,,,
0021500301,431,3,12,4,7:57 PM,11:50,MISS Marc Morris Free Throw 2 of 2,,,,,4.0,202694,Marcus Morris,1610612765.0,Detroit,Pistons,DET,0,0,,,,,,0,0,,,,,
0021500301,433,4,0,4,7:57 PM,11:48,,,Sacre REBOUND (Off:0 Def:1),,,5.0,203135,Robert Sacre,1610612747.0,Los Angeles,Lakers,LAL,0,0,,,,,,0,0,,,,,
0021500301,434,1,1,4,7:58 PM,11:34,,,Williams 26' 3PT Jump Shot (15 PTS) (Huertas 1 AST),68 - 90,22,5.0,101150,Lou Williams,1610612747.0,Los Angeles,Lakers,LAL,5,1626273,Marcelo Huertas,1610612747.0,Los Angeles,Lakers,LAL,0,0,,,,,
0021500301,435,1,1,4,7:58 PM,11:07,Marc Morris 17' Jump Shot (7 PTS),,,68 - 92,24,4.0,202694,Marcus Morris,1610612765.0,Detroit,Pistons,DET,0,0,,,,,,0,0,,,,,
0021500301,436,2,1,4,7:58 PM,10:55,,,MISS Williams 26' 3PT Jump Shot,,,5.0,101150,Lou Williams,1610612747.0,Los Angeles,Lakers,LAL,0,0,,,,,,0,0,,,,,
0021500301,437,4,0,4,7:58 PM,10:55,Marc Morris REBOUND (Off:0 Def:3),,,,,4.0,202694,Marcus Morris,1610612765.0,Detroit,Pistons,DET,0,0,,,,,,0,0,,,,,
0021500301,438,1,1,4,7:58 PM,10:47,Tolliver  3PT Jump Shot (8 PTS) (Johnson 2 AST),,,68 - 95,27,4.0,201229,Anthony Tolliver,1610612765.0,Detroit,Pistons,DET,4,1626169,Stanley Johnson,1610612765.0,Detroit,Pistons,DET,0,0,,,,,
0021500301,439,2,1,4,7:59 PM,10:26,,,MISS Young  3PT Jump Shot,,,5.0,201156,Nick Young,1610612747.0,Los Angeles,Lakers,LAL,0,0,,,,,,0,0,,,,,
0021500301,440,4,0,4,7:59 PM,10:25,Johnson REBOUND (Off:0 Def:4),,,,,4.0,1626169,Stanley Johnson,1610612765.0,Detroit,Pistons,DET,0,0,,,,,,0,0,,,,,
0021500301,441,5,1,4,7:59 PM,10:11,Tolliver Bad Pass Turnover (P2.T13),,,,,4.0,201229,Anthony Tolliver,1610612765.0,Detroit,Pistons,DET,0,0,,,,,,1,0,,,,,
0021500301,443,2,1,4,8:00 PM,9:55,,,MISS Williams 17' Jump Shot,,,5.0,101150,Lou Williams,1610612747.0,Los Angeles,Lakers,LAL,0,0,,,,,,0,0,,,,,
0021500301,444,4,0,4,8:00 PM,9:55,Tolliver REBOUND (Off:2 Def:7),,,,,4.0,201229,Anthony Tolliver,1610612765.0,Detroit,Pistons,DET,0,0,,,,,,0,0,,,,,
0021500301,445,1,1,4,8:00 PM,9:31,Marc Morris 16' Jump Shot (9 PTS),,,68 - 97,29,4.0,202694,Marcus Morris,1610612765.0,Detroit,Pistons,DET,0,0,,,,,,0,0,,,,,
0021500301,446,2,1,4,8:00 PM,9:09,,,MISS Young 19' Jump Shot,,,5.0,201156,Nick Young,1610612747.0,Los Angeles,Lakers,LAL,0,0,,,,,,0,0,,,,,
0021500301,447,4,0,4,8:00 PM,9:08,Baynes REBOUND (Off:3 Def:4),,,,,4.0,203382,Aron Baynes,1610612765.0,Detroit,Pistons,DET,0,0,,,,,,0,0,,,,,
0021500301,448,5,1,4,8:01 PM,9:01,Blake Bad Pass Turnover (P2.T14),,Sacre STEAL (1 STL),,,4.0,2581,Steve Blake,1610612765.0,Detroit,Pistons,DET,5,203135,Robert Sacre,1610612747.0,Los Angeles,Lakers,LAL,0,0,,,,,
0021500301,449,6,2,4,8:01 PM,8:58,Tolliver S.FOUL (P2.T1) (K.Cutler),,,,,4.0,201229,Anthony Tolliver,1610612765.0,Detroit,Pistons,DET,5,201156,Nick Young,1610612747.0,Los Angeles,Lakers,LAL,1,0,,,,,
0021500301,450,9,4,4,8:01 PM,8:58,,,,,,1.0,0,,,,,,0,0,,,,,,0,0,,,,,
0021500301,451,18,2,4,8:01 PM,8:58,,,,68 - 97,29,0.0,0,,,,,,0,0,,,,,,1,0,,,,,
0021500301,452,6,15,4,8:03 PM,8:58,,,Young FLAGRANT.FOUL.TYPE2 (P2.T2) (S.Foster),,,5.0,201156,Nick Young,1610612747.0,Los Angeles,Lakers,LAL,4,201229,Anthony Tolliver,1610612765.0,Detroit,Pistons,DET,1,0,,,,,
0021500301,454,11,3,4,8:03 PM,8:58,,,Young Ejection:First Flagrant Type 2,,,5.0,201156,Nick Young,1610612747.0,Los Angeles,Lakers,LAL,0,0,,,,,,1,0,,,,,
0021500301,455,8,0,4,8:04 PM,8:58,,,SUB: Nance Jr. FOR Young,,,5.0,201156,Nick Young,1610612747.0,Los Angeles,Lakers,LAL,5,1626204,Larry Nance Jr.,1610612747.0,Los Angeles,Lakers,LAL,0,0,,,,,
0021500301,456,3,10,4,8:04 PM,8:58,,,Nance Jr. Free Throw 1 of 1 (1 PTS),69 - 97,28,5.0,1626204,Larry Nance Jr.,1610612747.0,Los Angeles,Lakers,LAL,0,0,,,,,,0,0,,,,,
0021500301,459,3,12,4,8:04 PM,8:58,,,Nance Jr. Free Throw 2 of 2 (2 PTS),70 - 97,27,5.0,1626204,Larry Nance Jr.,1610612747.0,Los Angeles,Lakers,LAL,0,0,,,,,,0,0,,,,,
0021500301,462,3,18,4,8:05 PM,8:58,MISS Tolliver Free Throw Flagrant 1 of 2,,,,,4.0,201229,Anthony Tolliver,1610612765.0,Detroit,Pistons,DET,0,0,,,,,,0,0,,,,,
0021500301,463,4,1,4,8:05 PM,8:58,,,Lakers Rebound,,,3.0,1610612747,,,,,,0,0,,,,,,0,0,,,,,
0021500301,464,3,19,4,8:05 PM,8:58,Tolliver Free Throw Flagrant 2 of 2 (9 PTS),,,70 - 98,28,4.0,201229,Anthony Tolliver,1610612765.0,Detroit,Pistons,DET,0,0,,,,,,0,0,,,,,
0021500301,467,1,78,4,8:06 PM,8:43,Johnson 7' Floating Jump Shot (6 PTS),,,70 - 100,30,4.0,1626169,Stanley Johnson,1610612765.0,Detroit,Pistons,DET,0,0,,,,,,0,0,,,,,
0021500301,469,1,1,4,8:06 PM,8:26,,,Williams 8' Jump Shot (17 PTS) (Sacre 1 AST),72 - 100,28,5.0,101150,Lou Williams,1610612747.0,Los Angeles,Lakers,LAL,5,203135,Robert Sacre,1610612747.0,Los Angeles,Lakers,LAL,0,0,,,,,
0021500301,470,2,1,4,8:06 PM,8:09,MISS Marc Morris 13' Jump Shot,,,,,4.0,202694,Marcus Morris,1610612765.0,Detroit,Pistons,DET,0,0,,,,,,0,0,,,,,
0021500301,471,4,0,4,8:06 PM,8:09,,,Sacre REBOUND (Off:0 Def:2),,,5.0,203135,Robert Sacre,1610612747.0,Los Angeles,Lakers,LAL,0,0,,,,,,0,0,,,,,
0021500301,472,2,1,4,8:06 PM,8:00,,,MISS Williams 8' Jump Shot,,,5.0,101150,Lou Williams,1610612747.0,Los Angeles,Lakers,LAL,0,0,,,,,,0,0,,,,,
0021500301,473,4,0,4,8:06 PM,7:59,Tolliver REBOUND (Off:2 Def:8),,,,,4.0,201229,Anthony Tolliver,1610612765.0,Detroit,Pistons,DET,0,0,,,,,,0,0,,,,,
0021500301,474,5,4,4,8:07 PM,7:46,Blake Traveling Turnover (P3.T15),,,,,4.0,2581,Steve Blake,1610612765.0,Detroit,Pistons,DET,0,0,,,,,,1,0,,,,,
0021500301,475,8,0,4,8:07 PM,7:46,,,SUB: World Peace FOR Nance Jr.,,,5.0,1626204,Larry Nance Jr.,1610612747.0,Los Angeles,Lakers,LAL,5,1897,Metta World Peace,1610612747.0,Los Angeles,Lakers,LAL,0,0,,,,,
0021500301,478,2,1,4,8:07 PM,7:20,,,MISS Huertas 13' Jump Shot,,,5.0,1626273,Marcelo Huertas,1610612747.0,Los Angeles,Lakers,LAL,0,0,,,,,,0,0,,,,,
0021500301,479,4,0,4,8:07 PM,7:20,Tolliver REBOUND (Off:2 Def:9),,,,,4.0,201229,Anthony Tolliver,1610612765.0,Detroit,Pistons,DET,0,0,,,,,,0,0,,,,,
0021500301,480,2,1,4,8:07 PM,7:10,MISS Blake 12' Jump Shot,,,,,4.0,2581,Steve Blake,1610612765.0,Detroit,Pistons,DET,0,0,,,,,,0,0,,,,,
0021500301,481,4,0,4,8:07 PM,7:09,,,Kelly REBOUND (Off:0 Def:1),,,5.0,203527,Ryan Kelly,1610612747.0,Los Angeles,Lakers,LAL,0,0,,,,,,0,0,,,,,
0021500301,482,1,5,4,8:08 PM,7:03,,,Kelly 1' Layup (2 PTS) (Huertas 2 AST),74 - 100,26,5.0,203527,Ryan Kelly,1610612747.0,Los Angeles,Lakers,LAL,5,1626273,Marcelo Huertas,1610612747.0,Los Angeles,Lakers,LAL,0,0,,,,,
0021500301,483,2,5,4,8:08 PM,6:50,MISS Baynes  Layup,,Sacre BLOCK (1 BLK),,,4.0,203382,Aron Baynes,1610612765.0,Detroit,Pistons,DET,0,0,,,,,,5,203135,Robert Sacre,1610612747.0,Los Angeles,Lakers,LAL
0021500301,484,4,0,4,8:08 PM,6:50,,,Kelly REBOUND (Off:0 Def:2),,,5.0,203527,Ryan Kelly,1610612747.0,Los Angeles,Lakers,LAL,0,0,,,,,,0,0,,,,,
0021500301,486,6,2,4,8:08 PM,6:42,Tolliver S.FOUL (P3.T2) (N.Buchert),,,,,4.0,201229,Anthony Tolliver,1610612765.0,Detroit,Pistons,DET,5,203527,Ryan Kelly,1610612747.0,Los Angeles,Lakers,LAL,1,0,,,,,
0021500301,487,3,11,4,8:08 PM,6:42,,,Kelly Free Throw 1 of 2 (3 PTS),75 - 100,25,5.0,203527,Ryan Kelly,1610612747.0,Los Angeles,Lakers,LAL,0,0,,,,,,0,0,,,,,
0021500301,489,8,0,4,8:08 PM,6:42,SUB: Hilliard FOR Marc Morris,,,,,4.0,202694,Marcus Morris,1610612765.0,Detroit,Pistons,DET,4,1626199,Darrun Hilliard,1610612765.0,Detroit,Pistons,DET,0,0,,,,,
0021500301,490,3,12,4,8:08 PM,6:42,,,Kelly Free Throw 2 of 2 (4 PTS),76 - 100,24,5.0,203527,Ryan Kelly,1610612747.0,Los Angeles,Lakers,LAL,0,0,,,,,,0,0,,,,,
0021500301,492,5,1,4,8:09 PM,6:35,Blake Bad Pass Turnover (P4.T16),,,,,4.0,2581,Steve Blake,1610612765.0,Detroit,Pistons,DET,0,0,,,,,,1,0,,,,,
0021500301,493,1,42,4,8:09 PM,6:27,,,Huertas  Driving Layup (2 PTS),78 - 100,22,5.0,1626273,Marcelo Huertas,1610612747.0,Los Angeles,Lakers,LAL,0,0,,,,,,0,0,,,,,
0021500301,494,6,2,4,8:09 PM,6:27,Hilliard S.FOUL (P1.T3) (K.Cutler),,,,,4.0,1626199,Darrun Hilliard,1610612765.0,Detroit,Pistons,DET,5,1626273,Marcelo Huertas,1610612747.0,Los Angeles,Lakers,LAL,1,0,,,,,
0021500301,495,3,10,4,8:09 PM,6:27,,,Huertas Free Throw 1 of 1 (3 PTS),79 - 100,21,5.0,1626273,Marcelo Huertas,1610612747.0,Los Angeles,Lakers,LAL,0,0,,,,,,0,0,,,,,
0021500301,496,2,1,4,8:10 PM,6:02,MISS Blake 15' Jump Shot,,,,,4.0,2581,Steve Blake,1610612765.0,Detroit,Pistons,DET,0,0,,,,,,0,0,,,,,
0021500301,498,4,0,4,8:10 PM,5:53,Blake REBOUND (Off:1 Def:3),,,,,4.0,2581,Steve Blake,1610612765.0,Detroit,Pistons,DET,0,0,,,,,,0,0,,,,,
0021500301,497,1,5,4,8:10 PM,5:53,Blake 1' Layup (9 PTS),,,79 - 102,23,4.0,2581,Steve Blake,1610612765.0,Detroit,Pistons,DET,0,0,,,,,,0,0,,,,,
0021500301,499,1,3,4,8:10 PM,5:51,,,Sacre 7' Hook Shot (2 PTS) (Huertas 3 AST),81 - 102,21,5.0,203135,Robert Sacre,1610612747.0,Los Angeles,Lakers,LAL,5,1626273,Marcelo Huertas,1610612747.0,Los Angeles,Lakers,LAL,0,0,,,,,
0021500301,500,9,1,4,8:10 PM,5:51,PISTONS Timeout: Regular (Full 4 Short 0),,,,,2.0,1610612765,,,,,,0,0,,,,,,0,0,,,,,
0021500301,502,9,1,4,8:12 PM,5:51,,,Lakers Timeout: Regular (Reg.4 Short 0),,,3.0,1610612747,,,,,,0,0,,,,,,0,0,,,,,
0021500301,503,5,1,4,8:15 PM,5:29,Johnson Bad Pass Turnover (P1.T17),,Kelly STEAL (1 STL),,,4.0,1626169,Stanley Johnson,1610612765.0,Detroit,Pistons,DET,5,203527,Ryan Kelly,1610612747.0,Los Angeles,Lakers,LAL,0,0,,,,,
0021500301,504,2,3,4,8:16 PM,5:07,,,MISS Sacre 9' Hook Shot,,,5.0,203135,Robert Sacre,1610612747.0,Los Angeles,Lakers,LAL,0,0,,,,,,0,0,,,,,
0021500301,505,4,0,4,8:16 PM,5:06,Tolliver REBOUND (Off:2 Def:10),,,,,4.0,201229,Anthony Tolliver,1610612765.0,Detroit,Pistons,DET,0,0,,,,,,0,0,,,,,
0021500301,506,2,1,4,8:16 PM,4:56,MISS Hilliard 26' 3PT Jump Shot,,,,,4.0,1626199,Darrun Hilliard,1610612765.0,Detroit,Pistons,DET,0,0,,,,,,0,0,,,,,
0021500301,507,4,0,4,8:16 PM,4:54,,,Kelly REBOUND (Off:0 Def:3),,,5.0,203527,Ryan Kelly,1610612747.0,Los Angeles,Lakers,LAL,0,0,,,,,,0,0,,,,,
0021500301,508,6,2,4,8:16 PM,4:43,Tolliver S.FOUL (P4.T4) (K.Cutler),,,,,4.0,201229,Anthony Tolliver,1610612765.0,Detroit,Pistons,DET,5,203527,Ryan Kelly,1610612747.0,Los Angeles,Lakers,LAL,1,0,,,,,
0021500301,509,3,11,4,8:16 PM,4:43,,,Kelly Free Throw 1 of 2 (5 PTS),82 - 102,20,5.0,203527,Ryan Kelly,1610612747.0,Los Angeles,Lakers,LAL,0,0,,,,,,0,0,,,,,
0021500301,511,8,0,4,8:17 PM,4:43,SUB: Dinwiddie FOR Blake,,,,,4.0,2581,Steve Blake,1610612765.0,Detroit,Pistons,DET,4,203915,Spencer Dinwiddie,1610612765.0,Detroit,Pistons,DET,0,0,,,,,
0021500301,512,3,12,4,8:17 PM,4:43,,,MISS Kelly Free Throw 2 of 2,,,5.0,203527,Ryan Kelly,1610612747.0,Los Angeles,Lakers,LAL,0,0,,,,,,0,0,,,,,
0021500301,514,4,0,4,8:17 PM,4:41,Tolliver REBOUND (Off:2 Def:11),,,,,4.0,201229,Anthony Tolliver,1610612765.0,Detroit,Pistons,DET,0,0,,,,,,0,0,,,,,
0021500301,554,2,40,4,8:17 PM,4:25,MISS Baynes 2' Layup,,World Peace BLOCK (2 BLK),,,4.0,203382,Aron Baynes,1610612765.0,Detroit,Pistons,DET,0,0,,,,,,5,1897,Metta World Peace,1610612747.0,Los Angeles,Lakers,LAL
0021500301,557,4,0,4,8:17 PM,4:24,Hilliard REBOUND (Off:1 Def:0),,,,,4.0,1626199,Darrun Hilliard,1610612765.0,Detroit,Pistons,DET,0,0,,,,,,0,0,,,,,
0021500301,515,2,1,4,8:17 PM,4:23,MISS Hilliard  3PT Jump Shot,,,,,4.0,1626199,Darrun Hilliard,1610612765.0,Detroit,Pistons,DET,0,0,,,,,,0,0,,,,,
0021500301,516,4,0,4,8:17 PM,4:23,,,Huertas REBOUND (Off:0 Def:1),,,5.0,1626273,Marcelo Huertas,1610612747.0,Los Angeles,Lakers,LAL,0,0,,,,,,0,0,,,,,
0021500301,517,1,75,4,8:17 PM,4:12,,,Huertas 1' Driving Finger Roll Layup (5 PTS),84 - 102,18,5.0,1626273,Marcelo Huertas,1610612747.0,Los Angeles,Lakers,LAL,0,0,,,,,,0,0,,,,,
0021500301,518,2,1,4,8:18 PM,3:50,MISS Hilliard 16' Jump Shot,,,,,4.0,1626199,Darrun Hilliard,1610612765.0,Detroit,Pistons,DET,0,0,,,,,,0,0,,,,,
0021500301,519,4,0,4,8:18 PM,3:50,,,Kelly REBOUND (Off:0 Def:4),,,5.0,203527,Ryan Kelly,1610612747.0,Los Angeles,Lakers,LAL,0,0,,,,,,0,0,,,,,
0021500301,520,2,3,4,8:18 PM,3:40,,,MISS Sacre 7' Hook Shot,,,5.0,203135,Robert Sacre,1610612747.0,Los Angeles,Lakers,LAL,0,0,,,,,,0,0,,,,,
0021500301,521,4,0,4,8:18 PM,3:39,Johnson REBOUND (Off:0 Def:5),,,,,4.0,1626169,Stanley Johnson,1610612765.0,Detroit,Pistons,DET,0,0,,,,,,0,0,,,,,
0021500301,522,2,1,4,8:18 PM,3:29,MISS Johnson 13' Jump Shot,,,,,4.0,1626169,Stanley Johnson,1610612765.0,Detroit,Pistons,DET,0,0,,,,,,0,0,,,,,
0021500301,523,4,0,4,8:18 PM,3:29,Baynes REBOUND (Off:4 Def:4),,,,,4.0,203382,Aron Baynes,1610612765.0,Detroit,Pistons,DET,0,0,,,,,,0,0,,,,,
0021500301,524,1,1,4,8:18 PM,3:24,Hilliard 26' 3PT Jump Shot (3 PTS) (Baynes 2 AST),,,84 - 105,21,4.0,1626199,Darrun Hilliard,1610612765.0,Detroit,Pistons,DET,4,203382,Aron Baynes,1610612765.0,Detroit,Pistons,DET,0,0,,,,,
0021500301,525,1,1,4,8:18 PM,3:05,,,Huertas 27' 3PT Jump Shot (8 PTS),87 - 105,18,5.0,1626273,Marcelo Huertas,1610612747.0,Los Angeles,Lakers,LAL,0,0,,,,,,0,0,,,,,
0021500301,526,2,1,4,8:19 PM,2:39,MISS Hilliard 26' 3PT Jump Shot,,,,,4.0,1626199,Darrun Hilliard,1610612765.0,Detroit,Pistons,DET,0,0,,,,,,0,0,,,,,
0021500301,527,4,0,4,8:19 PM,2:39,,,Sacre REBOUND (Off:0 Def:3),,,5.0,203135,Robert Sacre,1610612747.0,Los Angeles,Lakers,LAL,0,0,,,,,,0,0,,,,,
0021500301,528,1,1,4,8:19 PM,2:28,,,Williams 27' 3PT Jump Shot (20 PTS) (Huertas 4 AST),90 - 105,15,5.0,101150,Lou Williams,1610612747.0,Los Angeles,Lakers,LAL,5,1626273,Marcelo Huertas,1610612747.0,Los Angeles,Lakers,LAL,0,0,,,,,
0021500301,529,9,1,4,8:19 PM,2:28,PISTONS Timeout: Regular (Full 5 Short 0),,,,,2.0,1610612765,,,,,,0,0,,,,,,0,0,,,,,
0021500301,531,8,0,4,8:21 PM,2:28,SUB: Bullock FOR Baynes,,,,,4.0,203382,Aron Baynes,1610612765.0,Detroit,Pistons,DET,4,203493,Reggie Bullock,1610612765.0,Detroit,Pistons,DET,0,0,,,,,
0021500301,532,8,0,4,8:21 PM,2:28,SUB: Anthony FOR Johnson,,,,,4.0,1626169,Stanley Johnson,1610612765.0,Detroit,Pistons,DET,4,201202,Joel Anthony,1610612765.0,Detroit,Pistons,DET,0,0,,,,,
0021500301,533,6,2,4,8:21 PM,2:13,,,Sacre S.FOUL (P1.T3) (S.Foster),,,5.0,203135,Robert Sacre,1610612747.0,Los Angeles,Lakers,LAL,4,203493,Reggie Bullock,1610612765.0,Detroit,Pistons,DET,1,0,,,,,
0021500301,534,3,11,4,8:21 PM,2:13,Bullock Free Throw 1 of 2 (1 PTS),,,90 - 106,16,4.0,203493,Reggie Bullock,1610612765.0,Detroit,Pistons,DET,0,0,,,,,,0,0,,,,,
0021500301,536,3,12,4,8:22 PM,2:13,Bullock Free Throw 2 of 2 (2 PTS),,,90 - 107,17,4.0,203493,Reggie Bullock,1610612765.0,Detroit,Pistons,DET,0,0,,,,,,0,0,,,,,
0021500301,538,2,1,4,8:22 PM,1:56,,,MISS Kelly 26' 3PT Jump Shot,,,5.0,203527,Ryan Kelly,1610612747.0,Los Angeles,Lakers,LAL,0,0,,,,,,0,0,,,,,
0021500301,539,4,0,4,8:22 PM,1:55,Bullock REBOUND (Off:0 Def:1),,,,,4.0,203493,Reggie Bullock,1610612765.0,Detroit,Pistons,DET,0,0,,,,,,0,0,,,,,
0021500301,540,6,2,4,8:22 PM,1:45,,,Sacre S.FOUL (P2.T4) (K.Cutler),,,5.0,203135,Robert Sacre,1610612747.0,Los Angeles,Lakers,LAL,4,1626199,Darrun Hilliard,1610612765.0,Detroit,Pistons,DET,1,0,,,,,
0021500301,541,3,11,4,8:23 PM,1:45,Hilliard Free Throw 1 of 2 (4 PTS),,,90 - 108,18,4.0,1626199,Darrun Hilliard,1610612765.0,Detroit,Pistons,DET,0,0,,,,,,0,0,,,,,
0021500301,544,8,0,4,8:23 PM,1:45,SUB: Johnson FOR Tolliver,,,,,4.0,201229,Anthony Tolliver,1610612765.0,Detroit,Pistons,DET,4,1626169,Stanley Johnson,1610612765.0,Detroit,Pistons,DET,0,0,,,,,
0021500301,545,3,12,4,8:23 PM,1:45,Hilliard Free Throw 2 of 2 (5 PTS),,,90 - 109,19,4.0,1626199,Darrun Hilliard,1610612765.0,Detroit,Pistons,DET,0,0,,,,,,0,0,,,,,
0021500301,547,6,2,4,8:23 PM,1:32,Hilliard S.FOUL (P2.PN) (S.Foster),,,,,4.0,1626199,Darrun Hilliard,1610612765.0,Detroit,Pistons,DET,5,101150,Lou Williams,1610612747.0,Los Angeles,Lakers,LAL,1,0,,,,,
0021500301,548,3,11,4,8:24 PM,1:32,,,Williams Free Throw 1 of 2 (21 PTS),91 - 109,18,5.0,101150,Lou Williams,1610612747.0,Los Angeles,Lakers,LAL,0,0,,,,,,0,0,,,,,
0021500301,550,3,12,4,8:24 PM,1:32,,,MISS Williams Free Throw 2 of 2,,,5.0,101150,Lou Williams,1610612747.0,Los Angeles,Lakers,LAL,0,0,,,,,,0,0,,,,,
0021500301,552,4,0,4,8:24 PM,1:30,Anthony REBOUND (Off:0 Def:1),,,,,4.0,201202,Joel Anthony,1610612765.0,Detroit,Pistons,DET,0,0,,,,,,0,0,,,,,
0021500301,553,1,78,4,8:24 PM,1:07,Dinwiddie 12' Floating Jump Shot (2 PTS),,,91 - 111,20,4.0,203915,Spencer Dinwiddie,1610612765.0,Detroit,Pistons,DET,0,0,,,,,,0,0,,,,,
0021500301,555,2,1,4,8:25 PM,0:41,,,MISS World Peace 20' Jump Shot,,,5.0,1897,Metta World Peace,1610612747.0,Los Angeles,Lakers,LAL,0,0,,,,,,0,0,,,,,
0021500301,558,4,0,4,8:25 PM,0:41,Johnson REBOUND (Off:0 Def:6),,,,,4.0,1626169,Stanley Johnson,1610612765.0,Detroit,Pistons,DET,0,0,,,,,,0,0,,,,,
0021500301,559,2,1,4,8:25 PM,0:31,MISS Johnson 26' 3PT Jump Shot,,,,,4.0,1626169,Stanley Johnson,1610612765.0,Detroit,Pistons,DET,0,0,,,,,,0,0,,,,,
0021500301,560,4,0,4,8:25 PM,0:31,,,Lakers Rebound,,,3.0,1610612747,,,,,,0,0,,,,,,0,0,,,,,
0021500301,561,2,1,4,8:25 PM,0:19,Anthony BLOCK (1 BLK),,MISS Huertas 6' Jump Shot,,,5.0,1626273,Marcelo Huertas,1610612747.0,Los Angeles,Lakers,LAL,0,0,,,,,,4,201202,Joel Anthony,1610612765.0,Detroit,Pistons,DET
0021500301,562,4,0,4,8:25 PM,0:18,Dinwiddie REBOUND (Off:0 Def:1),,,,,4.0,203915,Spencer Dinwiddie,1610612765.0,Detroit,Pistons,DET,0,0,,,,,,0,0,,,,,
0021500301,563,13,0,4,8:26 PM,0:00,,,,91 - 111,20,0.0,0,,,,,,0,0,,,,,,0,0,,,,,
