GAME_ID,EVENTNUM,EVENTMSGTYPE,EVENTMSGACTIONTYPE,PERIOD,WCTIMESTRING,PCTIMESTRING,HOMEDESCRIPTION,NEUTRALDESCRIPTION,VISITORDESCRIPTION,SCORE,SCOREMARGIN,PERSON1TYPE,PLAYER1_ID,PLAYER1_NAME,PLAYER1_TEAM_ID,PLAYER1_TEAM_CITY,PLAYER1_TEAM_NICKNAME,PLAYER1_TEAM_ABBREVIATION,PERSON2TYPE,PLAYER2_ID,PLAYER2_NAME,PLAYER2_TEAM_ID,PLAYER2_TEAM_CITY,PLAYER2_TEAM_NICKNAME,PLAYER2_TEAM_ABBREVIATION,PERSON3TYPE,PLAYER3_ID,PLAYER3_NAME,PLAYER3_TEAM_ID,PLAYER3_TEAM_CITY,PLAYER3_TEAM_NICKNAME,PLAYER3_TEAM_ABBREVIATION
0021500494,0,12,0,1,10:41 PM,12:00,,,,,,0,0,,,,,,0,0,,,,,,0,0,,,,,
0021500494,1,10,0,1,10:41 PM,12:00,Jump Ball Hibbert vs. Noel: Tip to Nance Jr.,,,,,4,201579,Roy Hibbert,1610612747.0,Los Angeles,Lakers,LAL,5,203457,Nerlens Noel,1610612755.0,Philadelphia,76ers,PHI,4,1626204,Larry Nance Jr.,1610612747.0,Los Angeles,Lakers,LAL
0021500494,2,2,1,1,10:42 PM,11:45,MISS Clarkson 16' Jump Shot,,,,,4,203903,Jordan Clarkson,1610612747.0,Los Angeles,Lakers,LAL,0,0,,,,,,0,0,,,,,
0021500494,3,4,0,1,10:42 PM,11:44,,,Canaan REBOUND (Off:0 Def:1),,,5,203477,Isaiah Canaan,1610612755.0,Philadelphia,76ers,PHI,0,0,,,,,,0,0,,,,,
0021500494,4,6,2,1,10:42 PM,11:33,Hibbert S.FOUL (P1.T1) (M.McCutchen),,,,,4,201579,Roy Hibbert,1610612747.0,Los Angeles,Lakers,LAL,5,203457,Nerlens Noel,1610612755.0,Philadelphia,76ers,PHI,1,0,,,,,
0021500494,5,3,11,1,10:42 PM,11:33,,,Noel Free Throw 1 of 2 (1 PTS),1 - 0,-1,5,203457,Nerlens Noel,1610612755.0,Philadelphia,76ers,PHI,0,0,,,,,,0,0,,,,,
0021500494,7,3,12,1,10:42 PM,11:33,,,MISS Noel Free Throw 2 of 2,,,5,203457,Nerlens Noel,1610612755.0,Philadelphia,76ers,PHI,0,0,,,,,,0,0,,,,,
0021500494,9,4,0,1,10:43 PM,11:32,,,Sampson REBOUND (Off:1 Def:0),,,5,203960,JaKarr Sampson,1610612755.0,Philadelphia,76ers,PHI,0,0,,,,,,0,0,,,,,
0021500494,10,5,2,1,10:43 PM,11:23,Brown STEAL (1 STL),,Smith Lost Ball Turnover (P1.T1),,,5,202397,Ish Smith,1610612755.0,Philadelphia,76ers,PHI,4,1626148,Anthony Brown,1610612747.0,Los Angeles,Lakers,LAL,0,0,,,,,
0021500494,11,1,42,1,10:43 PM,11:20,Williams 1' Driving Layup (2 PTS),,,1 - 2,1,4,101150,Lou Williams,1610612747.0,Los Angeles,Lakers,LAL,0,0,,,,,,0,0,,,,,
0021500494,12,6,2,1,10:43 PM,11:20,,,Canaan S.FOUL (P1.T1) (M.McCutchen),,,5,203477,Isaiah Canaan,1610612755.0,Philadelphia,76ers,PHI,4,101150,Lou Williams,1610612747.0,Los Angeles,Lakers,LAL,1,0,,,,,
0021500494,13,3,10,1,10:43 PM,11:20,MISS Williams Free Throw 1 of 1,,,,,4,101150,Lou Williams,1610612747.0,Los Angeles,Lakers,LAL,0,0,,,,,,0,0,,,,,
0021500494,15,4,0,1,10:43 PM,11:19,Nance Jr. REBOUND (Off:1 Def:0),,,,,4,1626204,Larry Nance Jr.,1610612747.0,Los Angeles,Lakers,LAL,0,0,,,,,,0,0,,,,,
0021500494,16,6,1,1,10:43 PM,11:15,,,Noel P.FOUL (P1.T2) (J.Tiven),,,5,203457,Nerlens Noel,1610612755.0,Philadelphia,76ers,PHI,4,1626204,Larry Nance Jr.,1610612747.0,Los Angeles,Lakers,LAL,1,0,,,,,
0021500494,17,2,47,1,10:44 PM,11:06,MISS Williams 15' Turnaround Jump Shot,,,,,4,101150,Lou Williams,1610612747.0,Los Angeles,Lakers,LAL,0,0,,,,,,0,0,,,,,
0021500494,18,4,0,1,10:44 PM,11:05,,,Sampson REBOUND (Off:1 Def:1),,,5,203960,JaKarr Sampson,1610612755.0,Philadelphia,76ers,PHI,0,0,,,,,,0,0,,,,,
0021500494,19,5,39,1,10:44 PM,10:46,,,Canaan Step Out of Bounds Turnover (P1.T2),,,5,203477,Isaiah Canaan,1610612755.0,Philadelphia,76ers,PHI,0,0,,,,,,1,0,,,,,
0021500494,20,2,5,1,10:45 PM,10:25,MISS Clarkson 2' Layup,,Sampson BLOCK (1 BLK),,,4,203903,Jordan Clarkson,1610612747.0,Los Angeles,Lakers,LAL,0,0,,,,,,5,203960,JaKarr Sampson,1610612755.0,Philadelphia,76ers,PHI
0021500494,21,4,0,1,10:45 PM,10:24,Nance Jr. REBOUND (Off:2 Def:0),,,,,4,1626204,Larry Nance Jr.,1610612747.0,Los Angeles,Lakers,LAL,0,0,,,,,,0,0,,,,,
0021500494,30,2,45,1,10:45 PM,10:23,MISS Nance Jr. 4' Jump Shot,,,,,4,1626204,Larry Nance Jr.,1610612747.0,Los Angeles,Lakers,LAL,0,0,,,,,,0,0,,,,,
0021500494,36,4,0,1,10:45 PM,10:22,LAKERS Rebound,,,,,2,1610612747,,,,,,0,0,,,,,,0,0,,,,,
0021500494,22,5,11,1,10:45 PM,10:22,LAKERS Turnover: Shot Clock (T#1),,,,,2,1610612747,,,,,,0,0,,,,,,1,0,,,,,
0021500494,23,6,4,1,10:45 PM,10:08,,,Grant OFF.Foul (P1) (M.McCutchen),,,5,203924,Jerami Grant,1610612755.0,Philadelphia,76ers,PHI,4,101150,Lou Williams,1610612747.0,Los Angeles,Lakers,LAL,1,0,,,,,
0021500494,24,5,5,1,10:45 PM,10:08,,,Grant Foul Turnover (P1.T3),,,5,203924,Jerami Grant,1610612755.0,Philadelphia,76ers,PHI,0,0,,,,,,1,0,,,,,
0021500494,25,2,3,1,10:46 PM,9:51,MISS Hibbert 6' Hook Shot,,,,,4,201579,Roy Hibbert,1610612747.0,Los Angeles,Lakers,LAL,0,0,,,,,,0,0,,,,,
0021500494,26,4,0,1,10:46 PM,9:49,,,Noel REBOUND (Off:0 Def:1),,,5,203457,Nerlens Noel,1610612755.0,Philadelphia,76ers,PHI,0,0,,,,,,0,0,,,,,
0021500494,27,2,5,1,10:46 PM,9:37,,,MISS Sampson 1' Layup,,,5,203960,JaKarr Sampson,1610612755.0,Philadelphia,76ers,PHI,0,0,,,,,,0,0,,,,,
0021500494,28,4,0,1,10:46 PM,9:37,Hibbert REBOUND (Off:0 Def:1),,,,,4,201579,Roy Hibbert,1610612747.0,Los Angeles,Lakers,LAL,0,0,,,,,,0,0,,,,,
0021500494,29,1,108,1,10:46 PM,9:16,Nance Jr.  Cutting Dunk Shot (2 PTS) (Clarkson 1 AST),,,1 - 4,3,4,1626204,Larry Nance Jr.,1610612747.0,Los Angeles,Lakers,LAL,4,203903,Jordan Clarkson,1610612747.0,Los Angeles,Lakers,LAL,0,0,,,,,
0021500494,31,2,44,1,10:47 PM,9:07,,,MISS Smith 1' Reverse Layup,,,5,202397,Ish Smith,1610612755.0,Philadelphia,76ers,PHI,0,0,,,,,,0,0,,,,,
0021500494,33,4,0,1,10:47 PM,9:06,Nance Jr. REBOUND (Off:2 Def:1),,,,,4,1626204,Larry Nance Jr.,1610612747.0,Los Angeles,Lakers,LAL,0,0,,,,,,0,0,,,,,
0021500494,34,2,5,1,10:47 PM,8:54,MISS Clarkson 3' Layup,,Grant BLOCK (1 BLK),,,4,203903,Jordan Clarkson,1610612747.0,Los Angeles,Lakers,LAL,0,0,,,,,,5,203924,Jerami Grant,1610612755.0,Philadelphia,76ers,PHI
0021500494,35,4,0,1,10:47 PM,8:54,LAKERS Rebound,,,,,2,1610612747,,,,,,0,0,,,,,,0,0,,,,,
0021500494,37,2,1,1,10:47 PM,8:50,MISS Clarkson 15' Jump Shot,,,,,4,203903,Jordan Clarkson,1610612747.0,Los Angeles,Lakers,LAL,0,0,,,,,,0,0,,,,,
0021500494,38,4,0,1,10:47 PM,8:49,Nance Jr. REBOUND (Off:3 Def:1),,,,,4,1626204,Larry Nance Jr.,1610612747.0,Los Angeles,Lakers,LAL,0,0,,,,,,0,0,,,,,
0021500494,39,6,2,1,10:47 PM,8:47,,,Smith S.FOUL (P1.T3) (M.Ervin),,,5,202397,Ish Smith,1610612755.0,Philadelphia,76ers,PHI,4,101150,Lou Williams,1610612747.0,Los Angeles,Lakers,LAL,1,0,,,,,
0021500494,40,3,11,1,10:47 PM,8:47,Williams Free Throw 1 of 2 (3 PTS),,,1 - 5,4,4,101150,Lou Williams,1610612747.0,Los Angeles,Lakers,LAL,0,0,,,,,,0,0,,,,,
0021500494,43,3,12,1,10:48 PM,8:47,Williams Free Throw 2 of 2 (4 PTS),,,1 - 6,5,4,101150,Lou Williams,1610612747.0,Los Angeles,Lakers,LAL,0,0,,,,,,0,0,,,,,
0021500494,45,2,1,1,10:48 PM,8:40,,,MISS Smith 6' Jump Shot,,,5,202397,Ish Smith,1610612755.0,Philadelphia,76ers,PHI,0,0,,,,,,0,0,,,,,
0021500494,46,4,0,1,10:48 PM,8:39,,,Noel REBOUND (Off:1 Def:1),,,5,203457,Nerlens Noel,1610612755.0,Philadelphia,76ers,PHI,0,0,,,,,,0,0,,,,,
0021500494,48,1,5,1,10:48 PM,8:37,,,Noel 1' Layup (3 PTS),3 - 6,3,5,203457,Nerlens Noel,1610612755.0,Philadelphia,76ers,PHI,0,0,,,,,,0,0,,,,,
0021500494,50,1,47,1,10:48 PM,8:12,Clarkson 8' Turnaround Jump Shot (2 PTS),,,3 - 8,5,4,203903,Jordan Clarkson,1610612747.0,Los Angeles,Lakers,LAL,0,0,,,,,,0,0,,,,,
0021500494,52,2,5,1,10:49 PM,7:59,Hibbert BLOCK (1 BLK),,MISS Grant 1' Layup,,,5,203924,Jerami Grant,1610612755.0,Philadelphia,76ers,PHI,0,0,,,,,,4,201579,Roy Hibbert,1610612747.0,Los Angeles,Lakers,LAL
0021500494,53,4,0,1,10:49 PM,7:59,,,76ers Rebound,,,3,1610612755,,,,,,0,0,,,,,,0,0,,,,,
0021500494,55,2,1,1,10:49 PM,7:54,,,MISS Canaan 25' 3PT Jump Shot,,,5,203477,Isaiah Canaan,1610612755.0,Philadelphia,76ers,PHI,0,0,,,,,,0,0,,,,,
0021500494,56,4,0,1,10:49 PM,7:53,Brown REBOUND (Off:0 Def:1),,,,,4,1626148,Anthony Brown,1610612747.0,Los Angeles,Lakers,LAL,0,0,,,,,,0,0,,,,,
0021500494,57,2,1,1,10:49 PM,7:48,MISS Williams 26' 3PT Jump Shot,,,,,4,101150,Lou Williams,1610612747.0,Los Angeles,Lakers,LAL,0,0,,,,,,0,0,,,,,
0021500494,59,4,0,1,10:49 PM,7:46,,,Smith REBOUND (Off:0 Def:1),,,5,202397,Ish Smith,1610612755.0,Philadelphia,76ers,PHI,0,0,,,,,,0,0,,,,,
0021500494,60,1,42,1,10:49 PM,7:41,,,Smith  Driving Layup (2 PTS),5 - 8,3,5,202397,Ish Smith,1610612755.0,Philadelphia,76ers,PHI,0,0,,,,,,0,0,,,,,
0021500494,61,1,57,1,10:49 PM,7:22,Hibbert 4' Driving Hook Shot (2 PTS),,,5 - 10,5,4,201579,Roy Hibbert,1610612747.0,Los Angeles,Lakers,LAL,0,0,,,,,,0,0,,,,,
0021500494,62,2,1,1,10:50 PM,7:12,,,MISS Noel 15' Jump Shot,,,5,203457,Nerlens Noel,1610612755.0,Philadelphia,76ers,PHI,0,0,,,,,,0,0,,,,,
0021500494,63,4,0,1,10:50 PM,7:12,Brown REBOUND (Off:0 Def:2),,,,,4,1626148,Anthony Brown,1610612747.0,Los Angeles,Lakers,LAL,0,0,,,,,,0,0,,,,,
0021500494,64,6,2,1,10:50 PM,7:04,,,Sampson S.FOUL (P1.T4) (M.Ervin),,,5,203960,JaKarr Sampson,1610612755.0,Philadelphia,76ers,PHI,4,203903,Jordan Clarkson,1610612747.0,Los Angeles,Lakers,LAL,1,0,,,,,
0021500494,65,3,11,1,10:50 PM,7:04,MISS Clarkson Free Throw 1 of 2,,,,,4,203903,Jordan Clarkson,1610612747.0,Los Angeles,Lakers,LAL,0,0,,,,,,0,0,,,,,
0021500494,66,4,1,1,10:50 PM,7:04,LAKERS Rebound,,,,,2,1610612747,,,,,,0,0,,,,,,0,0,,,,,
0021500494,67,3,12,1,10:50 PM,7:04,Clarkson Free Throw 2 of 2 (3 PTS),,,5 - 11,6,4,203903,Jordan Clarkson,1610612747.0,Los Angeles,Lakers,LAL,0,0,,,,,,0,0,,,,,
0021500494,69,1,1,1,10:51 PM,6:50,,,Canaan 25' 3PT Jump Shot (3 PTS) (Noel 1 AST),8 - 11,3,5,203477,Isaiah Canaan,1610612755.0,Philadelphia,76ers,PHI,5,203457,Nerlens Noel,1610612755.0,Philadelphia,76ers,PHI,0,0,,,,,
0021500494,70,2,1,1,10:51 PM,6:35,MISS Brown 9' Jump Shot,,,,,4,1626148,Anthony Brown,1610612747.0,Los Angeles,Lakers,LAL,0,0,,,,,,0,0,,,,,
0021500494,71,4,0,1,10:51 PM,6:34,,,Smith REBOUND (Off:0 Def:2),,,5,202397,Ish Smith,1610612755.0,Philadelphia,76ers,PHI,0,0,,,,,,0,0,,,,,
0021500494,72,6,2,1,10:51 PM,6:23,Nance Jr. S.FOUL (P1.T2) (M.Ervin),,,,,4,1626204,Larry Nance Jr.,1610612747.0,Los Angeles,Lakers,LAL,5,203924,Jerami Grant,1610612755.0,Philadelphia,76ers,PHI,1,0,,,,,
0021500494,73,3,11,1,10:51 PM,6:23,,,Grant Free Throw 1 of 2 (1 PTS),9 - 11,2,5,203924,Jerami Grant,1610612755.0,Philadelphia,76ers,PHI,0,0,,,,,,0,0,,,,,
0021500494,75,8,0,1,10:52 PM,6:23,,,SUB: Stauskas FOR Sampson,,,5,203960,JaKarr Sampson,1610612755.0,Philadelphia,76ers,PHI,5,203917,Nik Stauskas,1610612755.0,Philadelphia,76ers,PHI,0,0,,,,,
0021500494,76,3,12,1,10:52 PM,6:23,,,Grant Free Throw 2 of 2 (2 PTS),10 - 11,1,5,203924,Jerami Grant,1610612755.0,Philadelphia,76ers,PHI,0,0,,,,,,0,0,,,,,
0021500494,78,2,5,1,10:52 PM,6:04,MISS Nance Jr. 2' Layup,,Noel BLOCK (1 BLK),,,4,1626204,Larry Nance Jr.,1610612747.0,Los Angeles,Lakers,LAL,0,0,,,,,,5,203457,Nerlens Noel,1610612755.0,Philadelphia,76ers,PHI
0021500494,79,4,0,1,10:52 PM,6:03,,,Grant REBOUND (Off:0 Def:1),,,5,203924,Jerami Grant,1610612755.0,Philadelphia,76ers,PHI,0,0,,,,,,0,0,,,,,
0021500494,80,2,5,1,10:52 PM,5:59,,,MISS Smith 1' Layup,,,5,202397,Ish Smith,1610612755.0,Philadelphia,76ers,PHI,0,0,,,,,,0,0,,,,,
0021500494,81,4,0,1,10:52 PM,5:58,Clarkson REBOUND (Off:0 Def:1),,,,,4,203903,Jordan Clarkson,1610612747.0,Los Angeles,Lakers,LAL,0,0,,,,,,0,0,,,,,
0021500494,82,2,3,1,10:53 PM,5:46,MISS Clarkson 2' Hook Shot,,,,,4,203903,Jordan Clarkson,1610612747.0,Los Angeles,Lakers,LAL,0,0,,,,,,0,0,,,,,
0021500494,83,4,0,1,10:53 PM,5:45,,,Noel REBOUND (Off:1 Def:2),,,5,203457,Nerlens Noel,1610612755.0,Philadelphia,76ers,PHI,0,0,,,,,,0,0,,,,,
0021500494,84,6,2,1,10:53 PM,5:37,Nance Jr. S.FOUL (P2.T3) (M.McCutchen),,,,,4,1626204,Larry Nance Jr.,1610612747.0,Los Angeles,Lakers,LAL,5,203457,Nerlens Noel,1610612755.0,Philadelphia,76ers,PHI,1,0,,,,,
0021500494,85,9,1,1,10:53 PM,5:37,LAKERS Timeout: Regular (Full 1 Short 0),,,,,2,1610612747,,,,,,0,0,,,,,,0,0,,,,,
0021500494,87,8,0,1,10:55 PM,5:37,SUB: Russell FOR Nance Jr.,,,,,4,1626204,Larry Nance Jr.,1610612747.0,Los Angeles,Lakers,LAL,4,1626156,D'Angelo Russell,1610612747.0,Los Angeles,Lakers,LAL,0,0,,,,,
0021500494,88,8,0,1,10:55 PM,5:37,SUB: Randle FOR Williams,,,,,4,101150,Lou Williams,1610612747.0,Los Angeles,Lakers,LAL,4,203944,Julius Randle,1610612747.0,Los Angeles,Lakers,LAL,0,0,,,,,
0021500494,90,3,11,1,10:55 PM,5:37,,,Noel Free Throw 1 of 2 (4 PTS),11 - 11,TIE,5,203457,Nerlens Noel,1610612755.0,Philadelphia,76ers,PHI,0,0,,,,,,0,0,,,,,
0021500494,92,3,12,1,10:56 PM,5:37,,,Noel Free Throw 2 of 2 (5 PTS),12 - 11,-1,5,203457,Nerlens Noel,1610612755.0,Philadelphia,76ers,PHI,0,0,,,,,,0,0,,,,,
0021500494,94,2,1,1,10:56 PM,5:23,MISS Russell 16' Jump Shot,,,,,4,1626156,D'Angelo Russell,1610612747.0,Los Angeles,Lakers,LAL,0,0,,,,,,0,0,,,,,
0021500494,95,4,0,1,10:56 PM,5:22,,,Stauskas REBOUND (Off:0 Def:1),,,5,203917,Nik Stauskas,1610612755.0,Philadelphia,76ers,PHI,0,0,,,,,,0,0,,,,,
0021500494,96,1,79,1,10:56 PM,5:04,,,Smith 17' Pullup Jump Shot (4 PTS) (Grant 1 AST),14 - 11,-3,5,202397,Ish Smith,1610612755.0,Philadelphia,76ers,PHI,5,203924,Jerami Grant,1610612755.0,Philadelphia,76ers,PHI,0,0,,,,,
0021500494,97,1,98,1,10:57 PM,4:43,Clarkson 1' Cutting Layup Shot (5 PTS) (Hibbert 1 AST),,,14 - 13,-1,4,203903,Jordan Clarkson,1610612747.0,Los Angeles,Lakers,LAL,4,201579,Roy Hibbert,1610612747.0,Los Angeles,Lakers,LAL,0,0,,,,,
0021500494,98,6,2,1,10:57 PM,4:43,,,Smith S.FOUL (P2.PN) (M.McCutchen),,,5,202397,Ish Smith,1610612755.0,Philadelphia,76ers,PHI,4,203903,Jordan Clarkson,1610612747.0,Los Angeles,Lakers,LAL,1,0,,,,,
0021500494,99,8,0,1,10:57 PM,4:43,,,SUB: Covington FOR Noel,,,5,203457,Nerlens Noel,1610612755.0,Philadelphia,76ers,PHI,5,203496,Robert Covington,1610612755.0,Philadelphia,76ers,PHI,0,0,,,,,
0021500494,100,8,0,1,10:57 PM,4:43,,,SUB: Okafor FOR Canaan,,,5,203477,Isaiah Canaan,1610612755.0,Philadelphia,76ers,PHI,5,1626143,Jahlil Okafor,1610612755.0,Philadelphia,76ers,PHI,0,0,,,,,
0021500494,101,8,0,1,10:57 PM,4:43,,,SUB: Holmes FOR Grant,,,5,203924,Jerami Grant,1610612755.0,Philadelphia,76ers,PHI,5,1626158,Richaun Holmes,1610612755.0,Philadelphia,76ers,PHI,0,0,,,,,
0021500494,102,8,0,1,10:57 PM,4:43,SUB: Bass FOR Hibbert,,,,,4,201579,Roy Hibbert,1610612747.0,Los Angeles,Lakers,LAL,4,101138,Brandon Bass,1610612747.0,Los Angeles,Lakers,LAL,0,0,,,,,
0021500494,103,3,10,1,10:57 PM,4:43,Clarkson Free Throw 1 of 1 (6 PTS),,,14 - 14,TIE,4,203903,Jordan Clarkson,1610612747.0,Los Angeles,Lakers,LAL,0,0,,,,,,0,0,,,,,
0021500494,105,2,5,1,10:57 PM,4:29,,,MISS Smith 2' Layup,,,5,202397,Ish Smith,1610612755.0,Philadelphia,76ers,PHI,0,0,,,,,,0,0,,,,,
0021500494,106,4,0,1,10:57 PM,4:28,Randle REBOUND (Off:0 Def:1),,,,,4,203944,Julius Randle,1610612747.0,Los Angeles,Lakers,LAL,0,0,,,,,,0,0,,,,,
0021500494,107,2,5,1,10:58 PM,4:12,MISS Randle 3' Layup,,Holmes BLOCK (1 BLK),,,4,203944,Julius Randle,1610612747.0,Los Angeles,Lakers,LAL,0,0,,,,,,5,1626158,Richaun Holmes,1610612755.0,Philadelphia,76ers,PHI
0021500494,108,4,0,1,10:58 PM,4:11,,,Covington REBOUND (Off:0 Def:1),,,5,203496,Robert Covington,1610612755.0,Philadelphia,76ers,PHI,0,0,,,,,,0,0,,,,,
0021500494,109,1,1,1,10:58 PM,4:04,,,Covington 24' 3PT Jump Shot (3 PTS) (Smith 1 AST),17 - 14,-3,5,203496,Robert Covington,1610612755.0,Philadelphia,76ers,PHI,5,202397,Ish Smith,1610612755.0,Philadelphia,76ers,PHI,0,0,,,,,
0021500494,110,1,98,1,10:58 PM,3:48,Clarkson 1' Cutting Layup Shot (8 PTS) (Russell 1 AST),,,17 - 16,-1,4,203903,Jordan Clarkson,1610612747.0,Los Angeles,Lakers,LAL,4,1626156,D'Angelo Russell,1610612747.0,Los Angeles,Lakers,LAL,0,0,,,,,
0021500494,111,2,5,1,10:58 PM,3:30,,,MISS Stauskas 1' Layup,,,5,203917,Nik Stauskas,1610612755.0,Philadelphia,76ers,PHI,0,0,,,,,,0,0,,,,,
0021500494,113,4,0,1,10:58 PM,3:30,,,Stauskas REBOUND (Off:1 Def:1),,,5,203917,Nik Stauskas,1610612755.0,Philadelphia,76ers,PHI,0,0,,,,,,0,0,,,,,
0021500494,112,2,97,1,10:58 PM,3:30,,,MISS Stauskas 1' Tip Layup Shot,,,5,203917,Nik Stauskas,1610612755.0,Philadelphia,76ers,PHI,0,0,,,,,,0,0,,,,,
0021500494,114,4,0,1,10:58 PM,3:30,LAKERS Rebound,,,,,2,1610612747,,,,,,0,0,,,,,,0,0,,,,,
0021500494,115,8,0,1,10:59 PM,3:30,SUB: Young FOR Brown,,,,,4,1626148,Anthony Brown,1610612747.0,Los Angeles,Lakers,LAL,4,201156,Nick Young,1610612747.0,Los Angeles,Lakers,LAL,0,0,,,,,
0021500494,116,8,0,1,10:59 PM,3:30,,,SUB: McConnell FOR Smith,,,5,202397,Ish Smith,1610612755.0,Philadelphia,76ers,PHI,5,204456,T.J. McConnell,1610612755.0,Philadelphia,76ers,PHI,0,0,,,,,
0021500494,117,2,5,1,10:59 PM,3:14,MISS Russell 1' Layup,,Okafor BLOCK (1 BLK),,,4,1626156,D'Angelo Russell,1610612747.0,Los Angeles,Lakers,LAL,0,0,,,,,,5,1626143,Jahlil Okafor,1610612755.0,Philadelphia,76ers,PHI
0021500494,118,4,0,1,10:59 PM,3:13,,,McConnell REBOUND (Off:0 Def:1),,,5,204456,T.J. McConnell,1610612755.0,Philadelphia,76ers,PHI,0,0,,,,,,0,0,,,,,
0021500494,119,2,1,1,10:59 PM,3:07,,,MISS Stauskas  3PT Jump Shot,,,5,203917,Nik Stauskas,1610612755.0,Philadelphia,76ers,PHI,0,0,,,,,,0,0,,,,,
0021500494,120,4,0,1,10:59 PM,3:04,Randle REBOUND (Off:0 Def:2),,,,,4,203944,Julius Randle,1610612747.0,Los Angeles,Lakers,LAL,0,0,,,,,,0,0,,,,,
0021500494,121,1,1,1,10:59 PM,2:55,Randle 19' Jump Shot (2 PTS) (Russell 2 AST),,,17 - 18,1,4,203944,Julius Randle,1610612747.0,Los Angeles,Lakers,LAL,4,1626156,D'Angelo Russell,1610612747.0,Los Angeles,Lakers,LAL,0,0,,,,,
0021500494,122,9,1,1,10:59 PM,2:55,,,76ers Timeout: Regular (Reg.1 Short 0),,,3,1610612755,,,,,,0,0,,,,,,0,0,,,,,
0021500494,126,6,2,1,11:02 PM,2:39,Randle S.FOUL (P1.T4) (J.Tiven),,,,,4,203944,Julius Randle,1610612747.0,Los Angeles,Lakers,LAL,5,1626158,Richaun Holmes,1610612755.0,Philadelphia,76ers,PHI,1,0,,,,,
0021500494,127,3,11,1,11:02 PM,2:39,,,Holmes Free Throw 1 of 2 (1 PTS),18 - 18,TIE,5,1626158,Richaun Holmes,1610612755.0,Philadelphia,76ers,PHI,0,0,,,,,,0,0,,,,,
0021500494,129,3,12,1,11:03 PM,2:39,,,MISS Holmes Free Throw 2 of 2,,,5,1626158,Richaun Holmes,1610612755.0,Philadelphia,76ers,PHI,0,0,,,,,,0,0,,,,,
0021500494,131,4,0,1,11:03 PM,2:38,Bass REBOUND (Off:0 Def:1),,,,,4,101138,Brandon Bass,1610612747.0,Los Angeles,Lakers,LAL,0,0,,,,,,0,0,,,,,
0021500494,132,2,79,1,11:03 PM,2:14,MISS Russell 20' Pullup Jump Shot,,,,,4,1626156,D'Angelo Russell,1610612747.0,Los Angeles,Lakers,LAL,0,0,,,,,,0,0,,,,,
0021500494,133,4,0,1,11:03 PM,2:12,,,Covington REBOUND (Off:0 Def:2),,,5,203496,Robert Covington,1610612755.0,Philadelphia,76ers,PHI,0,0,,,,,,0,0,,,,,
0021500494,134,6,2,1,11:03 PM,2:05,Russell S.FOUL (P1.PN) (J.Tiven),,,,,4,1626156,D'Angelo Russell,1610612747.0,Los Angeles,Lakers,LAL,5,204456,T.J. McConnell,1610612755.0,Philadelphia,76ers,PHI,1,0,,,,,
0021500494,135,3,11,1,11:04 PM,2:05,,,MISS McConnell Free Throw 1 of 2,,,5,204456,T.J. McConnell,1610612755.0,Philadelphia,76ers,PHI,0,0,,,,,,0,0,,,,,
0021500494,136,4,1,1,11:04 PM,2:05,,,76ers Rebound,,,3,1610612755,,,,,,0,0,,,,,,0,0,,,,,
0021500494,137,3,12,1,11:04 PM,2:05,,,McConnell Free Throw 2 of 2 (1 PTS),19 - 18,-1,5,204456,T.J. McConnell,1610612755.0,Philadelphia,76ers,PHI,0,0,,,,,,0,0,,,,,
0021500494,139,1,78,1,11:04 PM,1:42,Clarkson 5' Floating Jump Shot (10 PTS) (Bass 1 AST),,,19 - 20,1,4,203903,Jordan Clarkson,1610612747.0,Los Angeles,Lakers,LAL,4,101138,Brandon Bass,1610612747.0,Los Angeles,Lakers,LAL,0,0,,,,,
0021500494,140,2,1,1,11:05 PM,1:28,,,MISS Stauskas 24' 3PT Jump Shot,,,5,203917,Nik Stauskas,1610612755.0,Philadelphia,76ers,PHI,0,0,,,,,,0,0,,,,,
0021500494,141,4,0,1,11:05 PM,1:27,,,Stauskas REBOUND (Off:2 Def:1),,,5,203917,Nik Stauskas,1610612755.0,Philadelphia,76ers,PHI,0,0,,,,,,0,0,,,,,
0021500494,142,5,2,1,11:05 PM,1:06,Randle STEAL (1 STL),,Stauskas Lost Ball Turnover (P1.T4),,,5,203917,Nik Stauskas,1610612755.0,Philadelphia,76ers,PHI,4,203944,Julius Randle,1610612747.0,Los Angeles,Lakers,LAL,0,0,,,,,
0021500494,144,5,39,1,11:05 PM,0:57,Russell Step Out of Bounds Turnover (P1.T2),,,,,4,1626156,D'Angelo Russell,1610612747.0,Los Angeles,Lakers,LAL,0,0,,,,,,1,0,,,,,
0021500494,145,7,1,1,11:06 PM,0:57,LAKERS Violation: Delay of game Violation,,,,,2,1610612747,,,,,,0,0,,,,,,1,0,,,,,
0021500494,146,1,98,1,11:06 PM,0:40,,,McConnell 1' Cutting Layup Shot (3 PTS) (Holmes 1 AST),21 - 20,-1,5,204456,T.J. McConnell,1610612755.0,Philadelphia,76ers,PHI,5,1626158,Richaun Holmes,1610612755.0,Philadelphia,76ers,PHI,0,0,,,,,
0021500494,147,2,5,1,11:06 PM,0:16,MISS Randle 2' Layup,,,,,4,203944,Julius Randle,1610612747.0,Los Angeles,Lakers,LAL,0,0,,,,,,0,0,,,,,
0021500494,148,4,0,1,11:06 PM,0:16,Randle REBOUND (Off:1 Def:2),,,,,4,203944,Julius Randle,1610612747.0,Los Angeles,Lakers,LAL,0,0,,,,,,0,0,,,,,
0021500494,149,6,2,1,11:07 PM,0:16,,,Holmes S.FOUL (P1.PN) (M.McCutchen),,,5,1626158,Richaun Holmes,1610612755.0,Philadelphia,76ers,PHI,4,203944,Julius Randle,1610612747.0,Los Angeles,Lakers,LAL,1,0,,,,,
0021500494,150,3,11,1,11:07 PM,0:16,MISS Randle Free Throw 1 of 2,,,,,4,203944,Julius Randle,1610612747.0,Los Angeles,Lakers,LAL,0,0,,,,,,0,0,,,,,
0021500494,151,4,1,1,11:07 PM,0:16,LAKERS Rebound,,,,,2,1610612747,,,,,,0,0,,,,,,0,0,,,,,
0021500494,152,3,12,1,11:07 PM,0:16,Randle Free Throw 2 of 2 (3 PTS),,,21 - 21,TIE,4,203944,Julius Randle,1610612747.0,Los Angeles,Lakers,LAL,0,0,,,,,,0,0,,,,,
0021500494,154,5,1,1,11:07 PM,0:02,Young STEAL (1 STL),,McConnell Bad Pass Turnover (P1.T5),,,5,204456,T.J. McConnell,1610612755.0,Philadelphia,76ers,PHI,4,201156,Nick Young,1610612747.0,Los Angeles,Lakers,LAL,0,0,,,,,
0021500494,155,13,0,1,11:08 PM,0:00,,,,21 - 21,TIE,0,0,,,,,,0,0,,,,,,0,0,,,,,
0021500494,157,12,0,2,11:10 PM,12:00,,,,21 - 21,TIE,0,0,,,,,,0,0,,,,,,0,0,,,,,
0021500494,158,2,47,2,11:10 PM,11:40,,,MISS Okafor 10' Turnaround Jump Shot,,,5,1626143,Jahlil Okafor,1610612755.0,Philadelphia,76ers,PHI,0,0,,,,,,0,0,,,,,
0021500494,159,4,0,2,11:10 PM,11:38,Williams REBOUND (Off:0 Def:1),,,,,4,101150,Lou Williams,1610612747.0,Los Angeles,Lakers,LAL,0,0,,,,,,0,0,,,,,
0021500494,160,2,1,2,11:11 PM,11:24,MISS Randle 19' Jump Shot,,,,,4,203944,Julius Randle,1610612747.0,Los Angeles,Lakers,LAL,0,0,,,,,,0,0,,,,,
0021500494,161,4,0,2,11:11 PM,11:23,,,Covington REBOUND (Off:0 Def:3),,,5,203496,Robert Covington,1610612755.0,Philadelphia,76ers,PHI,0,0,,,,,,0,0,,,,,
0021500494,162,2,1,2,11:11 PM,11:12,Bass BLOCK (1 BLK),,MISS Covington 5' Jump Shot,,,5,203496,Robert Covington,1610612755.0,Philadelphia,76ers,PHI,0,0,,,,,,4,101138,Brandon Bass,1610612747.0,Los Angeles,Lakers,LAL
0021500494,163,4,0,2,11:11 PM,11:10,Bass REBOUND (Off:0 Def:2),,,,,4,101138,Brandon Bass,1610612747.0,Los Angeles,Lakers,LAL,0,0,,,,,,0,0,,,,,
0021500494,164,5,39,2,11:11 PM,11:07,Russell Step Out of Bounds Turnover (P2.T3),,,,,4,1626156,D'Angelo Russell,1610612747.0,Los Angeles,Lakers,LAL,0,0,,,,,,1,0,,,,,
0021500494,165,1,79,2,11:11 PM,10:55,,,McConnell 13' Pullup Jump Shot (5 PTS),23 - 21,-2,5,204456,T.J. McConnell,1610612755.0,Philadelphia,76ers,PHI,0,0,,,,,,0,0,,,,,
0021500494,166,2,1,2,11:12 PM,10:31,MISS Young  3PT Jump Shot,,,,,4,201156,Nick Young,1610612747.0,Los Angeles,Lakers,LAL,0,0,,,,,,0,0,,,,,
0021500494,167,4,0,2,11:12 PM,10:30,,,Stauskas REBOUND (Off:2 Def:2),,,5,203917,Nik Stauskas,1610612755.0,Philadelphia,76ers,PHI,0,0,,,,,,0,0,,,,,
0021500494,168,1,42,2,11:12 PM,10:16,,,Okafor 2' Driving Layup (2 PTS),25 - 21,-4,5,1626143,Jahlil Okafor,1610612755.0,Philadelphia,76ers,PHI,0,0,,,,,,0,0,,,,,
0021500494,169,5,4,2,11:12 PM,10:07,Williams Traveling Turnover (P1.T4),,,,,4,101150,Lou Williams,1610612747.0,Los Angeles,Lakers,LAL,0,0,,,,,,1,0,,,,,
0021500494,170,5,1,2,11:13 PM,9:48,Young STEAL (2 STL),,McConnell Bad Pass Turnover (P2.T6),,,5,204456,T.J. McConnell,1610612755.0,Philadelphia,76ers,PHI,4,201156,Nick Young,1610612747.0,Los Angeles,Lakers,LAL,0,0,,,,,
0021500494,171,1,49,2,11:13 PM,9:42,Randle  Driving Dunk (5 PTS) (Williams 1 AST),,,25 - 23,-2,4,203944,Julius Randle,1610612747.0,Los Angeles,Lakers,LAL,4,101150,Lou Williams,1610612747.0,Los Angeles,Lakers,LAL,0,0,,,,,
0021500494,172,6,1,2,11:13 PM,9:37,Bass P.FOUL (P1.T1) (M.Ervin),,,,,4,101138,Brandon Bass,1610612747.0,Los Angeles,Lakers,LAL,5,1626143,Jahlil Okafor,1610612755.0,Philadelphia,76ers,PHI,1,0,,,,,
0021500494,173,6,2,2,11:14 PM,9:28,Bass S.FOUL (P2.T2) (J.Tiven),,,,,4,101138,Brandon Bass,1610612747.0,Los Angeles,Lakers,LAL,5,1626158,Richaun Holmes,1610612755.0,Philadelphia,76ers,PHI,1,0,,,,,
0021500494,174,3,11,2,11:14 PM,9:28,,,Holmes Free Throw 1 of 2 (2 PTS),26 - 23,-3,5,1626158,Richaun Holmes,1610612755.0,Philadelphia,76ers,PHI,0,0,,,,,,0,0,,,,,
0021500494,176,3,12,2,11:14 PM,9:28,,,MISS Holmes Free Throw 2 of 2,,,5,1626158,Richaun Holmes,1610612755.0,Philadelphia,76ers,PHI,0,0,,,,,,0,0,,,,,
0021500494,178,4,0,2,11:14 PM,9:26,,,Okafor REBOUND (Off:1 Def:0),,,5,1626143,Jahlil Okafor,1610612755.0,Philadelphia,76ers,PHI,0,0,,,,,,0,0,,,,,
0021500494,179,1,5,2,11:14 PM,9:22,,,Okafor 1' Layup (4 PTS),28 - 23,-5,5,1626143,Jahlil Okafor,1610612755.0,Philadelphia,76ers,PHI,0,0,,,,,,0,0,,,,,
0021500494,180,1,79,2,11:15 PM,9:09,Russell 17' Pullup Jump Shot (2 PTS),,,28 - 25,-3,4,1626156,D'Angelo Russell,1610612747.0,Los Angeles,Lakers,LAL,0,0,,,,,,0,0,,,,,
0021500494,181,1,58,2,11:15 PM,8:53,,,Okafor 9' Turnaround Hook Shot (6 PTS),30 - 25,-5,5,1626143,Jahlil Okafor,1610612755.0,Philadelphia,76ers,PHI,0,0,,,,,,0,0,,,,,
0021500494,182,2,1,2,11:15 PM,8:42,MISS Russell 17' Jump Shot,,,,,4,1626156,D'Angelo Russell,1610612747.0,Los Angeles,Lakers,LAL,0,0,,,,,,0,0,,,,,
0021500494,183,4,0,2,11:15 PM,8:41,,,Covington REBOUND (Off:0 Def:4),,,5,203496,Robert Covington,1610612755.0,Philadelphia,76ers,PHI,0,0,,,,,,0,0,,,,,
0021500494,184,9,1,2,11:15 PM,8:38,,,76ers Timeout: Regular (Reg.2 Short 0),,,3,1610612755,,,,,,0,0,,,,,,0,0,,,,,
0021500494,186,8,0,2,11:17 PM,8:38,SUB: Hibbert FOR Bass,,,,,4,101138,Brandon Bass,1610612747.0,Los Angeles,Lakers,LAL,4,201579,Roy Hibbert,1610612747.0,Los Angeles,Lakers,LAL,0,0,,,,,
0021500494,187,8,0,2,11:17 PM,8:38,,,SUB: Noel FOR Holmes,,,5,1626158,Richaun Holmes,1610612755.0,Philadelphia,76ers,PHI,5,203457,Nerlens Noel,1610612755.0,Philadelphia,76ers,PHI,0,0,,,,,
0021500494,188,2,1,2,11:18 PM,8:25,,,MISS Covington 26' 3PT Jump Shot,,,5,203496,Robert Covington,1610612755.0,Philadelphia,76ers,PHI,0,0,,,,,,0,0,,,,,
0021500494,189,4,0,2,11:18 PM,8:25,,,Noel REBOUND (Off:2 Def:2),,,5,203457,Nerlens Noel,1610612755.0,Philadelphia,76ers,PHI,0,0,,,,,,0,0,,,,,
0021500494,190,2,66,2,11:18 PM,8:15,,,MISS Okafor 15' Jump Bank Shot,,,5,1626143,Jahlil Okafor,1610612755.0,Philadelphia,76ers,PHI,0,0,,,,,,0,0,,,,,
0021500494,191,4,0,2,11:18 PM,8:14,Randle REBOUND (Off:1 Def:3),,,,,4,203944,Julius Randle,1610612747.0,Los Angeles,Lakers,LAL,0,0,,,,,,0,0,,,,,
0021500494,192,2,1,2,11:18 PM,8:00,MISS Young 17' Jump Shot,,,,,4,201156,Nick Young,1610612747.0,Los Angeles,Lakers,LAL,0,0,,,,,,0,0,,,,,
0021500494,193,4,0,2,11:18 PM,7:59,,,Noel REBOUND (Off:2 Def:3),,,5,203457,Nerlens Noel,1610612755.0,Philadelphia,76ers,PHI,0,0,,,,,,0,0,,,,,
0021500494,194,2,1,2,11:18 PM,7:49,,,MISS Noel 5' Jump Shot,,,5,203457,Nerlens Noel,1610612755.0,Philadelphia,76ers,PHI,0,0,,,,,,0,0,,,,,
0021500494,195,4,0,2,11:18 PM,7:48,Randle REBOUND (Off:1 Def:4),,,,,4,203944,Julius Randle,1610612747.0,Los Angeles,Lakers,LAL,0,0,,,,,,0,0,,,,,
0021500494,196,6,2,2,11:19 PM,7:43,,,Covington S.FOUL (P1.T1) (M.Ervin),,,5,203496,Robert Covington,1610612755.0,Philadelphia,76ers,PHI,4,203944,Julius Randle,1610612747.0,Los Angeles,Lakers,LAL,1,0,,,,,
0021500494,197,3,11,2,11:19 PM,7:43,Randle Free Throw 1 of 2 (6 PTS),,,30 - 26,-4,4,203944,Julius Randle,1610612747.0,Los Angeles,Lakers,LAL,0,0,,,,,,0,0,,,,,
0021500494,199,8,0,2,11:19 PM,7:43,,,SUB: Canaan FOR McConnell,,,5,204456,T.J. McConnell,1610612755.0,Philadelphia,76ers,PHI,5,203477,Isaiah Canaan,1610612755.0,Philadelphia,76ers,PHI,0,0,,,,,
0021500494,200,8,0,2,11:19 PM,7:43,,,SUB: Smith FOR Stauskas,,,5,203917,Nik Stauskas,1610612755.0,Philadelphia,76ers,PHI,5,202397,Ish Smith,1610612755.0,Philadelphia,76ers,PHI,0,0,,,,,
0021500494,201,3,12,2,11:19 PM,7:43,Randle Free Throw 2 of 2 (7 PTS),,,30 - 27,-3,4,203944,Julius Randle,1610612747.0,Los Angeles,Lakers,LAL,0,0,,,,,,0,0,,,,,
0021500494,203,1,1,2,11:20 PM,7:23,,,Okafor 12' Jump Shot (8 PTS) (Covington 1 AST),32 - 27,-5,5,1626143,Jahlil Okafor,1610612755.0,Philadelphia,76ers,PHI,5,203496,Robert Covington,1610612755.0,Philadelphia,76ers,PHI,0,0,,,,,
0021500494,204,2,79,2,11:20 PM,7:07,MISS Russell 19' Pullup Jump Shot,,,,,4,1626156,D'Angelo Russell,1610612747.0,Los Angeles,Lakers,LAL,0,0,,,,,,0,0,,,,,
0021500494,205,4,0,2,11:20 PM,7:06,,,76ers Rebound,,,3,1610612755,,,,,,0,0,,,,,,0,0,,,,,
0021500494,207,8,0,2,11:20 PM,7:05,,,SUB: Sampson FOR Covington,,,5,203496,Robert Covington,1610612755.0,Philadelphia,76ers,PHI,5,203960,JaKarr Sampson,1610612755.0,Philadelphia,76ers,PHI,0,0,,,,,
0021500494,208,5,1,2,11:22 PM,6:51,Randle STEAL (2 STL),,Smith Bad Pass Turnover (P2.T7),,,5,202397,Ish Smith,1610612755.0,Philadelphia,76ers,PHI,4,203944,Julius Randle,1610612747.0,Los Angeles,Lakers,LAL,0,0,,,,,
0021500494,209,2,1,2,11:23 PM,6:38,MISS Williams 25' 3PT Jump Shot,,,,,4,101150,Lou Williams,1610612747.0,Los Angeles,Lakers,LAL,0,0,,,,,,0,0,,,,,
0021500494,210,4,0,2,11:23 PM,6:38,,,Okafor REBOUND (Off:1 Def:1),,,5,1626143,Jahlil Okafor,1610612755.0,Philadelphia,76ers,PHI,0,0,,,,,,0,0,,,,,
0021500494,211,2,5,2,11:23 PM,6:14,,,MISS Smith 1' Layup,,,5,202397,Ish Smith,1610612755.0,Philadelphia,76ers,PHI,0,0,,,,,,0,0,,,,,
0021500494,213,4,0,2,11:23 PM,6:11,,,Noel REBOUND (Off:3 Def:3),,,5,203457,Nerlens Noel,1610612755.0,Philadelphia,76ers,PHI,0,0,,,,,,0,0,,,,,
0021500494,212,2,87,2,11:23 PM,6:11,,,MISS Noel  Putback Dunk,,,5,203457,Nerlens Noel,1610612755.0,Philadelphia,76ers,PHI,0,0,,,,,,0,0,,,,,
0021500494,214,4,0,2,11:23 PM,6:10,Russell REBOUND (Off:0 Def:1),,,,,4,1626156,D'Angelo Russell,1610612747.0,Los Angeles,Lakers,LAL,0,0,,,,,,0,0,,,,,
0021500494,215,1,1,2,11:23 PM,6:03,Young  3PT Jump Shot (3 PTS) (Williams 2 AST),,,32 - 30,-2,4,201156,Nick Young,1610612747.0,Los Angeles,Lakers,LAL,4,101150,Lou Williams,1610612747.0,Los Angeles,Lakers,LAL,0,0,,,,,
0021500494,216,5,40,2,11:24 PM,5:45,,,Noel Out of Bounds Lost Ball Turnover (P1.T8),,,5,203457,Nerlens Noel,1610612755.0,Philadelphia,76ers,PHI,0,0,,,,,,0,0,,,,,
0021500494,217,9,4,2,11:24 PM,5:45,,,,,,1,0,,,,,,0,0,,,,,,0,0,,,,,
0021500494,219,8,0,2,11:26 PM,5:45,SUB: Nance Jr. FOR Randle,,,,,4,203944,Julius Randle,1610612747.0,Los Angeles,Lakers,LAL,4,1626204,Larry Nance Jr.,1610612747.0,Los Angeles,Lakers,LAL,0,0,,,,,
0021500494,220,8,0,2,11:26 PM,5:45,,,SUB: Grant FOR Okafor,,,5,1626143,Jahlil Okafor,1610612755.0,Philadelphia,76ers,PHI,5,203924,Jerami Grant,1610612755.0,Philadelphia,76ers,PHI,0,0,,,,,
0021500494,221,2,79,2,11:26 PM,5:26,MISS Young 17' Pullup Jump Shot,,,,,4,201156,Nick Young,1610612747.0,Los Angeles,Lakers,LAL,0,0,,,,,,0,0,,,,,
0021500494,222,4,0,2,11:26 PM,5:24,,,Noel REBOUND (Off:3 Def:4),,,5,203457,Nerlens Noel,1610612755.0,Philadelphia,76ers,PHI,0,0,,,,,,0,0,,,,,
0021500494,223,5,2,2,11:27 PM,5:23,Young STEAL (3 STL),,Smith Lost Ball Turnover (P3.T9),,,5,202397,Ish Smith,1610612755.0,Philadelphia,76ers,PHI,4,201156,Nick Young,1610612747.0,Los Angeles,Lakers,LAL,0,0,,,,,
0021500494,224,6,3,2,11:27 PM,5:23,,,Smith L.B.FOUL (P3.T2) (M.McCutchen),,,5,202397,Ish Smith,1610612755.0,Philadelphia,76ers,PHI,4,201156,Nick Young,1610612747.0,Los Angeles,Lakers,LAL,1,0,,,,,
0021500494,225,8,0,2,11:27 PM,5:23,,,SUB: McConnell FOR Smith,,,5,202397,Ish Smith,1610612755.0,Philadelphia,76ers,PHI,5,204456,T.J. McConnell,1610612755.0,Philadelphia,76ers,PHI,0,0,,,,,
0021500494,226,2,80,2,11:27 PM,5:10,MISS Williams 13' Step Back Jump Shot,,,,,4,101150,Lou Williams,1610612747.0,Los Angeles,Lakers,LAL,0,0,,,,,,0,0,,,,,
0021500494,227,4,0,2,11:27 PM,5:09,,,Noel REBOUND (Off:3 Def:5),,,5,203457,Nerlens Noel,1610612755.0,Philadelphia,76ers,PHI,0,0,,,,,,0,0,,,,,
0021500494,228,2,5,2,11:27 PM,4:56,Hibbert BLOCK (2 BLK),,MISS Sampson 1' Layup,,,5,203960,JaKarr Sampson,1610612755.0,Philadelphia,76ers,PHI,0,0,,,,,,4,201579,Roy Hibbert,1610612747.0,Los Angeles,Lakers,LAL
0021500494,229,4,0,2,11:27 PM,4:55,,,Sampson REBOUND (Off:2 Def:1),,,5,203960,JaKarr Sampson,1610612755.0,Philadelphia,76ers,PHI,0,0,,,,,,0,0,,,,,
0021500494,230,2,1,2,11:28 PM,4:50,,,MISS Canaan  3PT Jump Shot,,,5,203477,Isaiah Canaan,1610612755.0,Philadelphia,76ers,PHI,0,0,,,,,,0,0,,,,,
0021500494,231,4,0,2,11:28 PM,4:49,Nance Jr. REBOUND (Off:3 Def:2),,,,,4,1626204,Larry Nance Jr.,1610612747.0,Los Angeles,Lakers,LAL,0,0,,,,,,0,0,,,,,
0021500494,232,1,82,2,11:28 PM,4:44,Russell 5' Driving Bank Shot (4 PTS),,,32 - 32,TIE,4,1626156,D'Angelo Russell,1610612747.0,Los Angeles,Lakers,LAL,0,0,,,,,,0,0,,,,,
0021500494,233,1,1,2,11:28 PM,4:28,,,McConnell  3PT Jump Shot (8 PTS) (Grant 2 AST),35 - 32,-3,5,204456,T.J. McConnell,1610612755.0,Philadelphia,76ers,PHI,5,203924,Jerami Grant,1610612755.0,Philadelphia,76ers,PHI,0,0,,,,,
0021500494,234,2,79,2,11:28 PM,4:11,MISS Russell 16' Pullup Jump Shot,,,,,4,1626156,D'Angelo Russell,1610612747.0,Los Angeles,Lakers,LAL,0,0,,,,,,0,0,,,,,
0021500494,235,4,0,2,11:28 PM,4:09,,,Sampson REBOUND (Off:2 Def:2),,,5,203960,JaKarr Sampson,1610612755.0,Philadelphia,76ers,PHI,0,0,,,,,,0,0,,,,,
0021500494,236,5,40,2,11:28 PM,4:08,,,Canaan Out of Bounds Lost Ball Turnover (P2.T10),,,5,203477,Isaiah Canaan,1610612755.0,Philadelphia,76ers,PHI,0,0,,,,,,0,0,,,,,
0021500494,237,8,0,2,11:28 PM,4:08,SUB: Brown FOR Russell,,,,,4,1626156,D'Angelo Russell,1610612747.0,Los Angeles,Lakers,LAL,4,1626148,Anthony Brown,1610612747.0,Los Angeles,Lakers,LAL,0,0,,,,,
0021500494,238,8,0,2,11:29 PM,4:08,SUB: Clarkson FOR Young,,,,,4,201156,Nick Young,1610612747.0,Los Angeles,Lakers,LAL,4,203903,Jordan Clarkson,1610612747.0,Los Angeles,Lakers,LAL,0,0,,,,,
0021500494,239,2,1,2,11:29 PM,3:54,MISS Clarkson 17' Jump Shot,,,,,4,203903,Jordan Clarkson,1610612747.0,Los Angeles,Lakers,LAL,0,0,,,,,,0,0,,,,,
0021500494,240,4,0,2,11:29 PM,3:54,,,Noel REBOUND (Off:3 Def:6),,,5,203457,Nerlens Noel,1610612755.0,Philadelphia,76ers,PHI,0,0,,,,,,0,0,,,,,
0021500494,241,2,1,2,11:29 PM,3:47,,,MISS Canaan 25' 3PT Jump Shot,,,5,203477,Isaiah Canaan,1610612755.0,Philadelphia,76ers,PHI,0,0,,,,,,0,0,,,,,
0021500494,242,4,0,2,11:29 PM,3:46,Williams REBOUND (Off:0 Def:2),,,,,4,101150,Lou Williams,1610612747.0,Los Angeles,Lakers,LAL,0,0,,,,,,0,0,,,,,
0021500494,243,6,2,2,11:29 PM,3:35,,,Sampson S.FOUL (P2.T3) (M.McCutchen),,,5,203960,JaKarr Sampson,1610612755.0,Philadelphia,76ers,PHI,4,101150,Lou Williams,1610612747.0,Los Angeles,Lakers,LAL,1,0,,,,,
0021500494,244,3,11,2,11:29 PM,3:35,Williams Free Throw 1 of 2 (5 PTS),,,35 - 33,-2,4,101150,Lou Williams,1610612747.0,Los Angeles,Lakers,LAL,0,0,,,,,,0,0,,,,,
0021500494,246,3,12,2,11:30 PM,3:35,Williams Free Throw 2 of 2 (6 PTS),,,35 - 34,-1,4,101150,Lou Williams,1610612747.0,Los Angeles,Lakers,LAL,0,0,,,,,,0,0,,,,,
0021500494,249,2,1,2,11:30 PM,3:19,,,MISS Noel 15' Jump Shot,,,5,203457,Nerlens Noel,1610612755.0,Philadelphia,76ers,PHI,0,0,,,,,,0,0,,,,,
0021500494,250,4,0,2,11:30 PM,3:18,Nance Jr. REBOUND (Off:3 Def:3),,,,,4,1626204,Larry Nance Jr.,1610612747.0,Los Angeles,Lakers,LAL,0,0,,,,,,0,0,,,,,
0021500494,253,2,1,2,11:31 PM,2:56,MISS Hibbert 18' Jump Shot,,,,,4,201579,Roy Hibbert,1610612747.0,Los Angeles,Lakers,LAL,0,0,,,,,,0,0,,,,,
0021500494,254,4,0,2,11:31 PM,2:55,,,Grant REBOUND (Off:0 Def:2),,,5,203924,Jerami Grant,1610612755.0,Philadelphia,76ers,PHI,0,0,,,,,,0,0,,,,,
0021500494,255,1,79,2,11:31 PM,2:42,,,McConnell 17' Pullup Jump Shot (10 PTS) (Noel 2 AST),37 - 34,-3,5,204456,T.J. McConnell,1610612755.0,Philadelphia,76ers,PHI,5,203457,Nerlens Noel,1610612755.0,Philadelphia,76ers,PHI,0,0,,,,,
0021500494,256,2,1,2,11:31 PM,2:28,MISS Williams 26' 3PT Jump Shot,,,,,4,101150,Lou Williams,1610612747.0,Los Angeles,Lakers,LAL,0,0,,,,,,0,0,,,,,
0021500494,257,4,0,2,11:31 PM,2:26,,,Grant REBOUND (Off:0 Def:3),,,5,203924,Jerami Grant,1610612755.0,Philadelphia,76ers,PHI,0,0,,,,,,0,0,,,,,
0021500494,258,1,52,2,11:31 PM,2:20,,,Noel  Alley Oop Dunk (7 PTS) (McConnell 1 AST),39 - 34,-5,5,203457,Nerlens Noel,1610612755.0,Philadelphia,76ers,PHI,5,204456,T.J. McConnell,1610612755.0,Philadelphia,76ers,PHI,0,0,,,,,
0021500494,259,2,5,2,11:32 PM,2:03,MISS Hibbert 2' Layup,,Noel BLOCK (2 BLK),,,4,201579,Roy Hibbert,1610612747.0,Los Angeles,Lakers,LAL,0,0,,,,,,5,203457,Nerlens Noel,1610612755.0,Philadelphia,76ers,PHI
0021500494,260,4,0,2,11:32 PM,2:02,Hibbert REBOUND (Off:1 Def:1),,,,,4,201579,Roy Hibbert,1610612747.0,Los Angeles,Lakers,LAL,0,0,,,,,,0,0,,,,,
0021500494,261,2,5,2,11:32 PM,1:59,MISS Hibbert 1' Layup,,Sampson BLOCK (2 BLK),,,4,201579,Roy Hibbert,1610612747.0,Los Angeles,Lakers,LAL,0,0,,,,,,5,203960,JaKarr Sampson,1610612755.0,Philadelphia,76ers,PHI
0021500494,262,4,0,2,11:32 PM,1:58,,,McConnell REBOUND (Off:0 Def:2),,,5,204456,T.J. McConnell,1610612755.0,Philadelphia,76ers,PHI,0,0,,,,,,0,0,,,,,
0021500494,263,2,1,2,11:32 PM,1:52,,,MISS Canaan  3PT Jump Shot,,,5,203477,Isaiah Canaan,1610612755.0,Philadelphia,76ers,PHI,0,0,,,,,,0,0,,,,,
0021500494,264,4,0,2,11:32 PM,1:52,Nance Jr. REBOUND (Off:3 Def:4),,,,,4,1626204,Larry Nance Jr.,1610612747.0,Los Angeles,Lakers,LAL,0,0,,,,,,0,0,,,,,
0021500494,265,1,42,2,11:32 PM,1:47,Williams 1' Driving Layup (8 PTS),,,39 - 36,-3,4,101150,Lou Williams,1610612747.0,Los Angeles,Lakers,LAL,0,0,,,,,,0,0,,,,,
0021500494,266,6,2,2,11:32 PM,1:47,,,McConnell S.FOUL (P1.T4) (M.Ervin),,,5,204456,T.J. McConnell,1610612755.0,Philadelphia,76ers,PHI,4,101150,Lou Williams,1610612747.0,Los Angeles,Lakers,LAL,1,0,,,,,
0021500494,267,9,1,2,11:32 PM,1:47,LAKERS Timeout: Regular (Full 2 Short 0),,,,,2,1610612747,,,,,,0,0,,,,,,0,0,,,,,
0021500494,270,8,0,2,11:34 PM,1:47,,,SUB: Covington FOR Sampson,,,5,203960,JaKarr Sampson,1610612755.0,Philadelphia,76ers,PHI,5,203496,Robert Covington,1610612755.0,Philadelphia,76ers,PHI,0,0,,,,,
0021500494,271,3,10,2,11:35 PM,1:47,MISS Williams Free Throw 1 of 1,,,,,4,101150,Lou Williams,1610612747.0,Los Angeles,Lakers,LAL,0,0,,,,,,0,0,,,,,
0021500494,273,4,0,2,11:35 PM,1:47,,,76ers Rebound,,,3,1610612755,,,,,,0,0,,,,,,0,0,,,,,
0021500494,274,6,3,2,11:35 PM,1:47,Hibbert L.B.FOUL (P2.T3) (M.McCutchen),,,,,4,201579,Roy Hibbert,1610612747.0,Los Angeles,Lakers,LAL,5,203924,Jerami Grant,1610612755.0,Philadelphia,76ers,PHI,1,0,,,,,
0021500494,275,2,5,2,11:35 PM,1:30,,,MISS Grant 2' Layup,,,5,203924,Jerami Grant,1610612755.0,Philadelphia,76ers,PHI,0,0,,,,,,0,0,,,,,
0021500494,276,4,0,2,11:35 PM,1:29,Hibbert REBOUND (Off:1 Def:2),,,,,4,201579,Roy Hibbert,1610612747.0,Los Angeles,Lakers,LAL,0,0,,,,,,0,0,,,,,
0021500494,277,2,1,2,11:36 PM,1:07,MISS Hibbert 10' Jump Shot,,,,,4,201579,Roy Hibbert,1610612747.0,Los Angeles,Lakers,LAL,0,0,,,,,,0,0,,,,,
0021500494,278,4,0,2,11:36 PM,1:06,,,Grant REBOUND (Off:0 Def:4),,,5,203924,Jerami Grant,1610612755.0,Philadelphia,76ers,PHI,0,0,,,,,,0,0,,,,,
0021500494,279,2,3,2,11:36 PM,0:53,,,MISS Noel 8' Hook Shot,,,5,203457,Nerlens Noel,1610612755.0,Philadelphia,76ers,PHI,0,0,,,,,,0,0,,,,,
0021500494,280,4,0,2,11:36 PM,0:52,Nance Jr. REBOUND (Off:3 Def:5),,,,,4,1626204,Larry Nance Jr.,1610612747.0,Los Angeles,Lakers,LAL,0,0,,,,,,0,0,,,,,
0021500494,281,1,42,2,11:36 PM,0:42,Clarkson 2' Driving Layup (12 PTS),,,39 - 38,-1,4,203903,Jordan Clarkson,1610612747.0,Los Angeles,Lakers,LAL,0,0,,,,,,0,0,,,,,
0021500494,282,1,7,2,11:36 PM,0:35,,,Noel  Dunk (9 PTS) (Canaan 1 AST),41 - 38,-3,5,203457,Nerlens Noel,1610612755.0,Philadelphia,76ers,PHI,5,203477,Isaiah Canaan,1610612755.0,Philadelphia,76ers,PHI,0,0,,,,,
0021500494,283,6,2,2,11:37 PM,0:16,,,Grant S.FOUL (P2.PN) (J.Tiven),,,5,203924,Jerami Grant,1610612755.0,Philadelphia,76ers,PHI,4,203903,Jordan Clarkson,1610612747.0,Los Angeles,Lakers,LAL,1,0,,,,,
0021500494,284,3,11,2,11:37 PM,0:16,Clarkson Free Throw 1 of 2 (13 PTS),,,41 - 39,-2,4,203903,Jordan Clarkson,1610612747.0,Los Angeles,Lakers,LAL,0,0,,,,,,0,0,,,,,
0021500494,286,3,12,2,11:37 PM,0:16,Clarkson Free Throw 2 of 2 (14 PTS),,,41 - 40,-1,4,203903,Jordan Clarkson,1610612747.0,Los Angeles,Lakers,LAL,0,0,,,,,,0,0,,,,,
0021500494,288,9,2,2,11:38 PM,0:13,,,76ers Timeout: Short (Reg.2 Short 1),,,3,1610612755,,,,,,0,0,,,,,,0,0,,,,,
0021500494,291,8,0,2,11:39 PM,0:13,,,SUB: Smith FOR Grant,,,5,203924,Jerami Grant,1610612755.0,Philadelphia,76ers,PHI,5,202397,Ish Smith,1610612755.0,Philadelphia,76ers,PHI,0,0,,,,,
0021500494,292,8,0,2,11:39 PM,0:13,,,SUB: Stauskas FOR McConnell,,,5,204456,T.J. McConnell,1610612755.0,Philadelphia,76ers,PHI,5,203917,Nik Stauskas,1610612755.0,Philadelphia,76ers,PHI,0,0,,,,,
0021500494,293,8,0,2,11:39 PM,0:13,SUB: Young FOR Hibbert,,,,,4,201579,Roy Hibbert,1610612747.0,Los Angeles,Lakers,LAL,4,201156,Nick Young,1610612747.0,Los Angeles,Lakers,LAL,0,0,,,,,
0021500494,294,2,1,2,11:39 PM,0:01,,,MISS Stauskas  3PT Jump Shot,,,5,203917,Nik Stauskas,1610612755.0,Philadelphia,76ers,PHI,0,0,,,,,,0,0,,,,,
0021500494,295,4,0,2,11:39 PM,0:00,,,76ers Rebound,,,3,1610612755,,,,,,0,0,,,,,,0,0,,,,,
0021500494,297,13,0,2,11:40 PM,0:00,,,,41 - 40,-1,0,0,,,,,,0,0,,,,,,0,0,,,,,
0021500494,298,12,0,3,11:55 PM,12:00,,,,41 - 40,-1,0,0,,,,,,0,0,,,,,,0,0,,,,,
0021500494,299,2,78,3,11:56 PM,11:39,,,MISS Sampson 7' Floating Jump Shot,,,5,203960,JaKarr Sampson,1610612755.0,Philadelphia,76ers,PHI,0,0,,,,,,0,0,,,,,
0021500494,300,4,0,3,11:56 PM,11:37,,,Noel REBOUND (Off:4 Def:6),,,5,203457,Nerlens Noel,1610612755.0,Philadelphia,76ers,PHI,0,0,,,,,,0,0,,,,,
0021500494,301,6,2,3,11:56 PM,11:25,Nance Jr. S.FOUL (P3.T1) (M.Ervin),,,,,4,1626204,Larry Nance Jr.,1610612747.0,Los Angeles,Lakers,LAL,5,203924,Jerami Grant,1610612755.0,Philadelphia,76ers,PHI,1,0,,,,,
0021500494,302,3,11,3,11:56 PM,11:25,,,Grant Free Throw 1 of 2 (3 PTS),42 - 40,-2,5,203924,Jerami Grant,1610612755.0,Philadelphia,76ers,PHI,0,0,,,,,,0,0,,,,,
0021500494,304,3,12,3,11:56 PM,11:25,,,Grant Free Throw 2 of 2 (4 PTS),43 - 40,-3,5,203924,Jerami Grant,1610612755.0,Philadelphia,76ers,PHI,0,0,,,,,,0,0,,,,,
0021500494,306,2,1,3,11:57 PM,11:09,MISS Williams 16' Jump Shot,,,,,4,101150,Lou Williams,1610612747.0,Los Angeles,Lakers,LAL,0,0,,,,,,0,0,,,,,
0021500494,307,4,0,3,11:57 PM,11:09,,,Noel REBOUND (Off:4 Def:7),,,5,203457,Nerlens Noel,1610612755.0,Philadelphia,76ers,PHI,0,0,,,,,,0,0,,,,,
0021500494,308,1,42,3,11:57 PM,11:00,,,Sampson 1' Driving Layup (2 PTS) (Smith 2 AST),45 - 40,-5,5,203960,JaKarr Sampson,1610612755.0,Philadelphia,76ers,PHI,5,202397,Ish Smith,1610612755.0,Philadelphia,76ers,PHI,0,0,,,,,
0021500494,310,2,1,3,11:58 PM,10:30,MISS Clarkson 24' 3PT Jump Shot,,,,,4,203903,Jordan Clarkson,1610612747.0,Los Angeles,Lakers,LAL,0,0,,,,,,0,0,,,,,
0021500494,311,4,0,3,11:58 PM,10:29,,,Canaan REBOUND (Off:0 Def:2),,,5,203477,Isaiah Canaan,1610612755.0,Philadelphia,76ers,PHI,0,0,,,,,,0,0,,,,,
0021500494,312,2,1,3,11:58 PM,10:21,,,MISS Sampson  3PT Jump Shot,,,5,203960,JaKarr Sampson,1610612755.0,Philadelphia,76ers,PHI,0,0,,,,,,0,0,,,,,
0021500494,313,4,0,3,11:58 PM,10:20,,,Grant REBOUND (Off:1 Def:4),,,5,203924,Jerami Grant,1610612755.0,Philadelphia,76ers,PHI,0,0,,,,,,0,0,,,,,
0021500494,314,6,1,3,11:59 PM,10:20,Williams P.FOUL (P1.T2) (J.Tiven),,,,,4,101150,Lou Williams,1610612747.0,Los Angeles,Lakers,LAL,5,203924,Jerami Grant,1610612755.0,Philadelphia,76ers,PHI,1,0,,,,,
0021500494,315,2,5,3,11:59 PM,10:00,,,MISS Smith 3' Layup,,,5,202397,Ish Smith,1610612755.0,Philadelphia,76ers,PHI,0,0,,,,,,0,0,,,,,
0021500494,316,4,0,3,11:59 PM,9:59,Brown REBOUND (Off:0 Def:3),,,,,4,1626148,Anthony Brown,1610612747.0,Los Angeles,Lakers,LAL,0,0,,,,,,0,0,,,,,
0021500494,317,6,2,3,11:59 PM,9:53,,,Sampson S.FOUL (P3.T1) (M.McCutchen),,,5,203960,JaKarr Sampson,1610612755.0,Philadelphia,76ers,PHI,4,101150,Lou Williams,1610612747.0,Los Angeles,Lakers,LAL,1,0,,,,,
0021500494,318,3,11,3,11:59 PM,9:53,Williams Free Throw 1 of 2 (9 PTS),,,45 - 41,-4,4,101150,Lou Williams,1610612747.0,Los Angeles,Lakers,LAL,0,0,,,,,,0,0,,,,,
0021500494,320,3,12,3,12:00 AM,9:53,Williams Free Throw 2 of 2 (10 PTS),,,45 - 42,-3,4,101150,Lou Williams,1610612747.0,Los Angeles,Lakers,LAL,0,0,,,,,,0,0,,,,,
0021500494,322,2,1,3,12:00 AM,9:40,Williams BLOCK (1 BLK),,MISS Canaan 4' Jump Shot,,,5,203477,Isaiah Canaan,1610612755.0,Philadelphia,76ers,PHI,0,0,,,,,,4,101150,Lou Williams,1610612747.0,Los Angeles,Lakers,LAL
0021500494,323,4,0,3,12:00 AM,9:39,,,Smith REBOUND (Off:1 Def:2),,,5,202397,Ish Smith,1610612755.0,Philadelphia,76ers,PHI,0,0,,,,,,0,0,,,,,
0021500494,324,2,1,3,12:00 AM,9:35,,,MISS Canaan 24' 3PT Jump Shot,,,5,203477,Isaiah Canaan,1610612755.0,Philadelphia,76ers,PHI,0,0,,,,,,0,0,,,,,
0021500494,325,4,0,3,12:00 AM,9:34,,,Sampson REBOUND (Off:3 Def:2),,,5,203960,JaKarr Sampson,1610612755.0,Philadelphia,76ers,PHI,0,0,,,,,,0,0,,,,,
0021500494,326,1,87,3,12:00 AM,9:31,,,Sampson  Putback Dunk (4 PTS),47 - 42,-5,5,203960,JaKarr Sampson,1610612755.0,Philadelphia,76ers,PHI,0,0,,,,,,0,0,,,,,
0021500494,327,1,1,3,12:01 AM,9:06,Clarkson 12' Jump Shot (16 PTS),,,47 - 44,-3,4,203903,Jordan Clarkson,1610612747.0,Los Angeles,Lakers,LAL,0,0,,,,,,0,0,,,,,
0021500494,328,2,44,3,12:01 AM,8:59,,,MISS Smith 2' Reverse Layup,,,5,202397,Ish Smith,1610612755.0,Philadelphia,76ers,PHI,0,0,,,,,,0,0,,,,,
0021500494,329,4,0,3,12:01 AM,8:56,Hibbert REBOUND (Off:1 Def:3),,,,,4,201579,Roy Hibbert,1610612747.0,Los Angeles,Lakers,LAL,0,0,,,,,,0,0,,,,,
0021500494,330,2,5,3,12:01 AM,8:51,MISS Clarkson 1' Layup,,,,,4,203903,Jordan Clarkson,1610612747.0,Los Angeles,Lakers,LAL,0,0,,,,,,0,0,,,,,
0021500494,331,4,0,3,12:01 AM,8:49,Nance Jr. REBOUND (Off:4 Def:5),,,,,4,1626204,Larry Nance Jr.,1610612747.0,Los Angeles,Lakers,LAL,0,0,,,,,,0,0,,,,,
0021500494,332,1,87,3,12:01 AM,8:47,Nance Jr.  Putback Dunk (4 PTS),,,47 - 46,-1,4,1626204,Larry Nance Jr.,1610612747.0,Los Angeles,Lakers,LAL,0,0,,,,,,0,0,,,,,
0021500494,333,2,1,3,12:01 AM,8:28,,,MISS Canaan  3PT Jump Shot,,,5,203477,Isaiah Canaan,1610612755.0,Philadelphia,76ers,PHI,0,0,,,,,,0,0,,,,,
0021500494,334,4,0,3,12:01 AM,8:28,Nance Jr. REBOUND (Off:4 Def:6),,,,,4,1626204,Larry Nance Jr.,1610612747.0,Los Angeles,Lakers,LAL,0,0,,,,,,0,0,,,,,
0021500494,335,1,1,3,12:01 AM,8:16,Williams 14' Jump Shot (12 PTS),,,47 - 48,1,4,101150,Lou Williams,1610612747.0,Los Angeles,Lakers,LAL,0,0,,,,,,0,0,,,,,
0021500494,336,2,1,3,12:02 AM,8:00,,,MISS Smith 19' Jump Shot,,,5,202397,Ish Smith,1610612755.0,Philadelphia,76ers,PHI,0,0,,,,,,0,0,,,,,
0021500494,337,4,0,3,12:02 AM,7:58,,,Noel REBOUND (Off:5 Def:7),,,5,203457,Nerlens Noel,1610612755.0,Philadelphia,76ers,PHI,0,0,,,,,,0,0,,,,,
0021500494,338,1,5,3,12:02 AM,7:57,,,Noel 1' Layup (11 PTS),49 - 48,-1,5,203457,Nerlens Noel,1610612755.0,Philadelphia,76ers,PHI,0,0,,,,,,0,0,,,,,
0021500494,339,6,2,3,12:02 AM,7:57,Hibbert S.FOUL (P3.T3) (M.McCutchen),,,,,4,201579,Roy Hibbert,1610612747.0,Los Angeles,Lakers,LAL,5,203457,Nerlens Noel,1610612755.0,Philadelphia,76ers,PHI,1,0,,,,,
0021500494,340,3,10,3,12:02 AM,7:57,,,MISS Noel Free Throw 1 of 1,,,5,203457,Nerlens Noel,1610612755.0,Philadelphia,76ers,PHI,0,0,,,,,,0,0,,,,,
0021500494,342,4,0,3,12:02 AM,7:56,Hibbert REBOUND (Off:1 Def:4),,,,,4,201579,Roy Hibbert,1610612747.0,Los Angeles,Lakers,LAL,0,0,,,,,,0,0,,,,,
0021500494,343,5,2,3,12:03 AM,7:39,Williams Lost Ball Turnover (P2.T5),,Noel STEAL (1 STL),,,4,101150,Lou Williams,1610612747.0,Los Angeles,Lakers,LAL,5,203457,Nerlens Noel,1610612755.0,Philadelphia,76ers,PHI,0,0,,,,,
0021500494,344,2,1,3,12:03 AM,7:23,,,MISS Grant 25' 3PT Jump Shot,,,5,203924,Jerami Grant,1610612755.0,Philadelphia,76ers,PHI,0,0,,,,,,0,0,,,,,
0021500494,345,4,0,3,12:03 AM,7:22,Brown REBOUND (Off:0 Def:4),,,,,4,1626148,Anthony Brown,1610612747.0,Los Angeles,Lakers,LAL,0,0,,,,,,0,0,,,,,
0021500494,346,1,79,3,12:03 AM,7:13,Brown 17' Pullup Jump Shot (2 PTS),,,49 - 50,1,4,1626148,Anthony Brown,1610612747.0,Los Angeles,Lakers,LAL,0,0,,,,,,0,0,,,,,
0021500494,347,1,75,3,12:03 AM,7:01,,,Smith 1' Driving Finger Roll Layup (6 PTS),51 - 50,-1,5,202397,Ish Smith,1610612755.0,Philadelphia,76ers,PHI,0,0,,,,,,0,0,,,,,
0021500494,348,6,2,3,12:04 AM,6:49,,,Noel S.FOUL (P2.T2) (J.Tiven),,,5,203457,Nerlens Noel,1610612755.0,Philadelphia,76ers,PHI,4,201579,Roy Hibbert,1610612747.0,Los Angeles,Lakers,LAL,1,0,,,,,
0021500494,349,3,11,3,12:04 AM,6:49,MISS Hibbert Free Throw 1 of 2,,,,,4,201579,Roy Hibbert,1610612747.0,Los Angeles,Lakers,LAL,0,0,,,,,,0,0,,,,,
0021500494,350,4,1,3,12:04 AM,6:49,LAKERS Rebound,,,,,2,1610612747,,,,,,0,0,,,,,,0,0,,,,,
0021500494,351,3,12,3,12:04 AM,6:49,Hibbert Free Throw 2 of 2 (3 PTS),,,51 - 51,TIE,4,201579,Roy Hibbert,1610612747.0,Los Angeles,Lakers,LAL,0,0,,,,,,0,0,,,,,
0021500494,353,2,44,3,12:04 AM,6:39,,,MISS Smith 3' Reverse Layup,,,5,202397,Ish Smith,1610612755.0,Philadelphia,76ers,PHI,0,0,,,,,,0,0,,,,,
0021500494,354,4,0,3,12:04 AM,6:39,,,76ers Rebound,,,3,1610612755,,,,,,0,0,,,,,,0,0,,,,,
0021500494,355,6,3,3,12:04 AM,6:39,Clarkson L.B.FOUL (P1.T4) (J.Tiven),,,,,4,203903,Jordan Clarkson,1610612747.0,Los Angeles,Lakers,LAL,5,203457,Nerlens Noel,1610612755.0,Philadelphia,76ers,PHI,1,0,,,,,
0021500494,357,2,79,3,12:05 AM,6:27,,,MISS Smith 15' Pullup Jump Shot,,,5,202397,Ish Smith,1610612755.0,Philadelphia,76ers,PHI,0,0,,,,,,0,0,,,,,
0021500494,367,4,0,3,12:05 AM,6:22,Nance Jr. REBOUND (Off:4 Def:7),,,,,4,1626204,Larry Nance Jr.,1610612747.0,Los Angeles,Lakers,LAL,0,0,,,,,,0,0,,,,,
0021500494,358,10,0,3,12:05 AM,6:22,Jump Ball Nance Jr. vs. Sampson: Tip to Clarkson,,,,,4,1626204,Larry Nance Jr.,1610612747.0,Los Angeles,Lakers,LAL,5,203960,JaKarr Sampson,1610612755.0,Philadelphia,76ers,PHI,4,203903,Jordan Clarkson,1610612747.0,Los Angeles,Lakers,LAL
0021500494,360,2,5,3,12:06 AM,6:15,MISS Clarkson  Layup,,Noel BLOCK (3 BLK),,,4,203903,Jordan Clarkson,1610612747.0,Los Angeles,Lakers,LAL,0,0,,,,,,5,203457,Nerlens Noel,1610612755.0,Philadelphia,76ers,PHI
0021500494,361,4,0,3,12:06 AM,6:13,Clarkson REBOUND (Off:1 Def:1),,,,,4,203903,Jordan Clarkson,1610612747.0,Los Angeles,Lakers,LAL,0,0,,,,,,0,0,,,,,
0021500494,362,2,1,3,12:06 AM,6:05,MISS Williams 27' 3PT Jump Shot,,,,,4,101150,Lou Williams,1610612747.0,Los Angeles,Lakers,LAL,0,0,,,,,,0,0,,,,,
0021500494,363,4,0,3,12:06 AM,6:04,Nance Jr. REBOUND (Off:5 Def:7),,,,,4,1626204,Larry Nance Jr.,1610612747.0,Los Angeles,Lakers,LAL,0,0,,,,,,0,0,,,,,
0021500494,364,1,7,3,12:06 AM,6:04,Nance Jr.  Dunk (6 PTS),,,51 - 53,2,4,1626204,Larry Nance Jr.,1610612747.0,Los Angeles,Lakers,LAL,0,0,,,,,,0,0,,,,,
0021500494,365,9,1,3,12:06 AM,6:04,,,76ers Timeout: Regular (Reg.3 Short 1),,,3,1610612755,,,,,,0,0,,,,,,0,0,,,,,
0021500494,368,8,0,3,12:08 AM,6:04,,,SUB: Stauskas FOR Sampson,,,5,203960,JaKarr Sampson,1610612755.0,Philadelphia,76ers,PHI,5,203917,Nik Stauskas,1610612755.0,Philadelphia,76ers,PHI,0,0,,,,,
0021500494,369,5,45,3,12:09 AM,5:52,,,Stauskas Out of Bounds - Bad Pass Turnover Turnover (P2.T11),,,5,203917,Nik Stauskas,1610612755.0,Philadelphia,76ers,PHI,0,0,,,,,,0,0,,,,,
0021500494,370,2,1,3,12:09 AM,5:35,MISS Williams 13' Jump Shot,,,,,4,101150,Lou Williams,1610612747.0,Los Angeles,Lakers,LAL,0,0,,,,,,0,0,,,,,
0021500494,371,4,0,3,12:09 AM,5:34,,,Canaan REBOUND (Off:0 Def:3),,,5,203477,Isaiah Canaan,1610612755.0,Philadelphia,76ers,PHI,0,0,,,,,,0,0,,,,,
0021500494,372,6,1,3,12:09 AM,5:30,Clarkson P.FOUL (P2.PN) (M.McCutchen),,,,,4,203903,Jordan Clarkson,1610612747.0,Los Angeles,Lakers,LAL,5,202397,Ish Smith,1610612755.0,Philadelphia,76ers,PHI,1,0,,,,,
0021500494,373,3,11,3,12:10 AM,5:30,,,Smith Free Throw 1 of 2 (7 PTS),52 - 53,1,5,202397,Ish Smith,1610612755.0,Philadelphia,76ers,PHI,0,0,,,,,,0,0,,,,,
0021500494,375,8,0,3,12:10 AM,5:30,,,SUB: Okafor FOR Noel,,,5,203457,Nerlens Noel,1610612755.0,Philadelphia,76ers,PHI,5,1626143,Jahlil Okafor,1610612755.0,Philadelphia,76ers,PHI,0,0,,,,,
0021500494,376,8,0,3,12:10 AM,5:30,SUB: Russell FOR Williams,,,,,4,101150,Lou Williams,1610612747.0,Los Angeles,Lakers,LAL,4,1626156,D'Angelo Russell,1610612747.0,Los Angeles,Lakers,LAL,0,0,,,,,
0021500494,377,3,12,3,12:10 AM,5:30,,,MISS Smith Free Throw 2 of 2,,,5,202397,Ish Smith,1610612755.0,Philadelphia,76ers,PHI,0,0,,,,,,0,0,,,,,
0021500494,379,4,0,3,12:10 AM,5:29,LAKERS Rebound,,,,,2,1610612747,,,,,,0,0,,,,,,0,0,,,,,
0021500494,381,2,5,3,12:10 AM,5:10,MISS Clarkson 1' Layup,,,,,4,203903,Jordan Clarkson,1610612747.0,Los Angeles,Lakers,LAL,0,0,,,,,,0,0,,,,,
0021500494,383,4,0,3,12:10 AM,5:09,Nance Jr. REBOUND (Off:6 Def:7),,,,,4,1626204,Larry Nance Jr.,1610612747.0,Los Angeles,Lakers,LAL,0,0,,,,,,0,0,,,,,
0021500494,382,2,7,3,12:10 AM,5:09,MISS Nance Jr.  Dunk,,,,,4,1626204,Larry Nance Jr.,1610612747.0,Los Angeles,Lakers,LAL,0,0,,,,,,0,0,,,,,
0021500494,384,4,0,3,12:10 AM,5:07,,,Canaan REBOUND (Off:0 Def:4),,,5,203477,Isaiah Canaan,1610612755.0,Philadelphia,76ers,PHI,0,0,,,,,,0,0,,,,,
0021500494,386,6,29,3,12:11 AM,4:51,Hibbert Shooting Block Foul (P4.PN) (M.Ervin),,,,,4,201579,Roy Hibbert,1610612747.0,Los Angeles,Lakers,LAL,5,203477,Isaiah Canaan,1610612755.0,Philadelphia,76ers,PHI,1,0,,,,,
0021500494,387,3,11,3,12:11 AM,4:51,,,Canaan Free Throw 1 of 2 (4 PTS),53 - 53,TIE,5,203477,Isaiah Canaan,1610612755.0,Philadelphia,76ers,PHI,0,0,,,,,,0,0,,,,,
0021500494,389,8,0,3,12:11 AM,4:51,SUB: Bass FOR Hibbert,,,,,4,201579,Roy Hibbert,1610612747.0,Los Angeles,Lakers,LAL,4,101138,Brandon Bass,1610612747.0,Los Angeles,Lakers,LAL,0,0,,,,,
0021500494,390,8,0,3,12:12 AM,4:51,,,SUB: Covington FOR Grant,,,5,203924,Jerami Grant,1610612755.0,Philadelphia,76ers,PHI,5,203496,Robert Covington,1610612755.0,Philadelphia,76ers,PHI,0,0,,,,,
0021500494,391,3,12,3,12:12 AM,4:51,,,Canaan Free Throw 2 of 2 (5 PTS),54 - 53,-1,5,203477,Isaiah Canaan,1610612755.0,Philadelphia,76ers,PHI,0,0,,,,,,0,0,,,,,
0021500494,393,1,1,3,12:12 AM,4:22,Brown 25' 3PT Jump Shot (5 PTS) (Clarkson 2 AST),,,54 - 56,2,4,1626148,Anthony Brown,1610612747.0,Los Angeles,Lakers,LAL,4,203903,Jordan Clarkson,1610612747.0,Los Angeles,Lakers,LAL,0,0,,,,,
0021500494,394,2,1,3,12:13 AM,4:10,,,MISS Covington 24' 3PT Jump Shot,,,5,203496,Robert Covington,1610612755.0,Philadelphia,76ers,PHI,0,0,,,,,,0,0,,,,,
0021500494,395,4,0,3,12:13 AM,4:10,Nance Jr. REBOUND (Off:6 Def:8),,,,,4,1626204,Larry Nance Jr.,1610612747.0,Los Angeles,Lakers,LAL,0,0,,,,,,0,0,,,,,
0021500494,396,1,1,3,12:13 AM,3:58,Bass 14' Jump Shot (2 PTS) (Russell 3 AST),,,54 - 58,4,4,101138,Brandon Bass,1610612747.0,Los Angeles,Lakers,LAL,4,1626156,D'Angelo Russell,1610612747.0,Los Angeles,Lakers,LAL,0,0,,,,,
0021500494,397,2,47,3,12:13 AM,3:47,Russell BLOCK (1 BLK),,MISS Smith 6' Turnaround Jump Shot,,,5,202397,Ish Smith,1610612755.0,Philadelphia,76ers,PHI,0,0,,,,,,4,1626156,D'Angelo Russell,1610612747.0,Los Angeles,Lakers,LAL
0021500494,398,4,0,3,12:13 AM,3:46,Russell REBOUND (Off:0 Def:2),,,,,4,1626156,D'Angelo Russell,1610612747.0,Los Angeles,Lakers,LAL,0,0,,,,,,0,0,,,,,
0021500494,400,2,1,3,12:13 AM,3:33,MISS Russell 12' Jump Shot,,,,,4,1626156,D'Angelo Russell,1610612747.0,Los Angeles,Lakers,LAL,0,0,,,,,,0,0,,,,,
0021500494,401,4,0,3,12:13 AM,3:32,,,Covington REBOUND (Off:0 Def:5),,,5,203496,Robert Covington,1610612755.0,Philadelphia,76ers,PHI,0,0,,,,,,0,0,,,,,
0021500494,402,2,42,3,12:14 AM,3:11,,,MISS Canaan 3' Driving Layup,,,5,203477,Isaiah Canaan,1610612755.0,Philadelphia,76ers,PHI,0,0,,,,,,0,0,,,,,
0021500494,403,4,0,3,12:14 AM,3:10,Brown REBOUND (Off:0 Def:5),,,,,4,1626148,Anthony Brown,1610612747.0,Los Angeles,Lakers,LAL,0,0,,,,,,0,0,,,,,
0021500494,404,1,44,3,12:14 AM,2:55,Nance Jr. 2' Reverse Layup (8 PTS) (Russell 4 AST),,,54 - 60,6,4,1626204,Larry Nance Jr.,1610612747.0,Los Angeles,Lakers,LAL,4,1626156,D'Angelo Russell,1610612747.0,Los Angeles,Lakers,LAL,0,0,,,,,
0021500494,405,9,2,3,12:14 AM,2:49,,,76ers Timeout: Short (Reg.3 Short 2),,,3,1610612755,,,,,,0,0,,,,,,0,0,,,,,
0021500494,407,9,1,3,12:15 AM,2:49,LAKERS Timeout: Regular (Full 3 Short 0),,,,,2,1610612747,,,,,,0,0,,,,,,0,0,,,,,
0021500494,408,8,0,3,12:17 AM,2:49,SUB: Young FOR Brown,,,,,4,1626148,Anthony Brown,1610612747.0,Los Angeles,Lakers,LAL,4,201156,Nick Young,1610612747.0,Los Angeles,Lakers,LAL,0,0,,,,,
0021500494,409,8,0,3,12:17 AM,2:49,SUB: Randle FOR Nance Jr.,,,,,4,1626204,Larry Nance Jr.,1610612747.0,Los Angeles,Lakers,LAL,4,203944,Julius Randle,1610612747.0,Los Angeles,Lakers,LAL,0,0,,,,,
0021500494,410,8,0,3,12:17 AM,2:49,,,SUB: McConnell FOR Canaan,,,5,203477,Isaiah Canaan,1610612755.0,Philadelphia,76ers,PHI,5,204456,T.J. McConnell,1610612755.0,Philadelphia,76ers,PHI,0,0,,,,,
0021500494,411,8,0,3,12:17 AM,2:49,,,SUB: Sampson FOR Smith,,,5,202397,Ish Smith,1610612755.0,Philadelphia,76ers,PHI,5,203960,JaKarr Sampson,1610612755.0,Philadelphia,76ers,PHI,0,0,,,,,
0021500494,412,6,2,3,12:17 AM,2:32,Russell S.FOUL (P2.PN) (M.McCutchen),,,,,4,1626156,D'Angelo Russell,1610612747.0,Los Angeles,Lakers,LAL,5,203496,Robert Covington,1610612755.0,Philadelphia,76ers,PHI,1,0,,,,,
0021500494,413,3,11,3,12:18 AM,2:32,,,Covington Free Throw 1 of 2 (4 PTS),55 - 60,5,5,203496,Robert Covington,1610612755.0,Philadelphia,76ers,PHI,0,0,,,,,,0,0,,,,,
0021500494,415,3,12,3,12:18 AM,2:32,,,Covington Free Throw 2 of 2 (5 PTS),56 - 60,4,5,203496,Robert Covington,1610612755.0,Philadelphia,76ers,PHI,0,0,,,,,,0,0,,,,,
0021500494,417,1,49,3,12:18 AM,2:13,Randle  Driving Dunk (9 PTS),,,56 - 62,6,4,203944,Julius Randle,1610612747.0,Los Angeles,Lakers,LAL,0,0,,,,,,0,0,,,,,
0021500494,418,1,1,3,12:19 AM,2:02,,,Okafor 15' Jump Shot (10 PTS) (McConnell 2 AST),58 - 62,4,5,1626143,Jahlil Okafor,1610612755.0,Philadelphia,76ers,PHI,5,204456,T.J. McConnell,1610612755.0,Philadelphia,76ers,PHI,0,0,,,,,
0021500494,419,5,1,3,12:19 AM,1:48,Russell Bad Pass Turnover (P3.T6),,Stauskas STEAL (1 STL),,,4,1626156,D'Angelo Russell,1610612747.0,Los Angeles,Lakers,LAL,5,203917,Nik Stauskas,1610612755.0,Philadelphia,76ers,PHI,0,0,,,,,
0021500494,420,2,1,3,12:19 AM,1:29,,,MISS Stauskas 25' 3PT Jump Shot,,,5,203917,Nik Stauskas,1610612755.0,Philadelphia,76ers,PHI,0,0,,,,,,0,0,,,,,
0021500494,421,4,0,3,12:19 AM,1:29,Randle REBOUND (Off:1 Def:5),,,,,4,203944,Julius Randle,1610612747.0,Los Angeles,Lakers,LAL,0,0,,,,,,0,0,,,,,
0021500494,422,2,5,3,12:19 AM,1:23,MISS Randle 1' Layup,,McConnell BLOCK (1 BLK),,,4,203944,Julius Randle,1610612747.0,Los Angeles,Lakers,LAL,0,0,,,,,,5,204456,T.J. McConnell,1610612755.0,Philadelphia,76ers,PHI
0021500494,423,4,0,3,12:19 AM,1:21,Bass REBOUND (Off:1 Def:2),,,,,4,101138,Brandon Bass,1610612747.0,Los Angeles,Lakers,LAL,0,0,,,,,,0,0,,,,,
0021500494,424,2,5,3,12:19 AM,1:18,MISS Bass  Layup,,Covington BLOCK (1 BLK),,,4,101138,Brandon Bass,1610612747.0,Los Angeles,Lakers,LAL,0,0,,,,,,5,203496,Robert Covington,1610612755.0,Philadelphia,76ers,PHI
0021500494,425,4,0,3,12:19 AM,1:16,Young REBOUND (Off:1 Def:0),,,,,4,201156,Nick Young,1610612747.0,Los Angeles,Lakers,LAL,0,0,,,,,,0,0,,,,,
0021500494,426,2,1,3,12:20 AM,1:10,MISS Young 25' 3PT Jump Shot,,,,,4,201156,Nick Young,1610612747.0,Los Angeles,Lakers,LAL,0,0,,,,,,0,0,,,,,
0021500494,427,4,0,3,12:20 AM,1:09,Russell REBOUND (Off:1 Def:2),,,,,4,1626156,D'Angelo Russell,1610612747.0,Los Angeles,Lakers,LAL,0,0,,,,,,0,0,,,,,
0021500494,428,2,5,3,12:20 AM,1:07,MISS Russell 1' Layup,,,,,4,1626156,D'Angelo Russell,1610612747.0,Los Angeles,Lakers,LAL,0,0,,,,,,0,0,,,,,
0021500494,429,4,0,3,12:20 AM,1:07,Randle REBOUND (Off:2 Def:5),,,,,4,203944,Julius Randle,1610612747.0,Los Angeles,Lakers,LAL,0,0,,,,,,0,0,,,,,
0021500494,430,5,40,3,12:20 AM,1:07,Randle Out of Bounds Lost Ball Turnover (P1.T7),,,,,4,203944,Julius Randle,1610612747.0,Los Angeles,Lakers,LAL,0,0,,,,,,0,0,,,,,
0021500494,431,5,1,3,12:20 AM,0:49,Russell STEAL (1 STL),,McConnell Bad Pass Turnover (P3.T12),,,5,204456,T.J. McConnell,1610612755.0,Philadelphia,76ers,PHI,4,1626156,D'Angelo Russell,1610612747.0,Los Angeles,Lakers,LAL,0,0,,,,,
0021500494,432,6,28,3,12:20 AM,0:48,,,Covington Personal Take Foul (P2.T3) (M.McCutchen),,,5,203496,Robert Covington,1610612755.0,Philadelphia,76ers,PHI,4,1626156,D'Angelo Russell,1610612747.0,Los Angeles,Lakers,LAL,1,0,,,,,
0021500494,433,5,1,3,12:21 AM,0:38,Russell Bad Pass Turnover (P4.T8),,Covington STEAL (1 STL),,,4,1626156,D'Angelo Russell,1610612747.0,Los Angeles,Lakers,LAL,5,203496,Robert Covington,1610612755.0,Philadelphia,76ers,PHI,0,0,,,,,
0021500494,434,1,49,3,12:21 AM,0:36,,,Covington  Driving Dunk (7 PTS) (McConnell 3 AST),60 - 62,2,5,203496,Robert Covington,1610612755.0,Philadelphia,76ers,PHI,5,204456,T.J. McConnell,1610612755.0,Philadelphia,76ers,PHI,0,0,,,,,
0021500494,435,2,1,3,12:21 AM,0:26,MISS Russell 19' Jump Shot,,,,,4,1626156,D'Angelo Russell,1610612747.0,Los Angeles,Lakers,LAL,0,0,,,,,,0,0,,,,,
0021500494,436,4,0,3,12:21 AM,0:25,,,McConnell REBOUND (Off:0 Def:3),,,5,204456,T.J. McConnell,1610612755.0,Philadelphia,76ers,PHI,0,0,,,,,,0,0,,,,,
0021500494,437,2,47,3,12:21 AM,0:02,,,MISS Okafor 8' Turnaround Jump Shot,,,5,1626143,Jahlil Okafor,1610612755.0,Philadelphia,76ers,PHI,0,0,,,,,,0,0,,,,,
0021500494,438,4,0,3,12:22 AM,0:00,,,76ers Rebound,,,3,1610612755,,,,,,0,0,,,,,,0,0,,,,,
0021500494,439,13,0,3,12:22 AM,0:00,,,,60 - 62,2,0,0,,,,,,0,0,,,,,,0,0,,,,,
0021500494,441,12,0,4,12:24 AM,12:00,,,,60 - 62,2,0,0,,,,,,0,0,,,,,,0,0,,,,,
0021500494,442,1,79,4,12:24 AM,11:42,Young 14' Pullup Jump Shot (5 PTS),,,60 - 64,4,4,201156,Nick Young,1610612747.0,Los Angeles,Lakers,LAL,0,0,,,,,,0,0,,,,,
0021500494,443,5,2,4,12:25 AM,11:34,Bass STEAL (1 STL),,Okafor Lost Ball Turnover (P1.T13),,,5,1626143,Jahlil Okafor,1610612755.0,Philadelphia,76ers,PHI,4,101138,Brandon Bass,1610612747.0,Los Angeles,Lakers,LAL,0,0,,,,,
0021500494,444,1,49,4,12:25 AM,11:29,Randle  Driving Dunk (11 PTS),,,60 - 66,6,4,203944,Julius Randle,1610612747.0,Los Angeles,Lakers,LAL,0,0,,,,,,0,0,,,,,
0021500494,445,2,1,4,12:25 AM,11:05,,,MISS McConnell 24' 3PT Jump Shot,,,5,204456,T.J. McConnell,1610612755.0,Philadelphia,76ers,PHI,0,0,,,,,,0,0,,,,,
0021500494,446,4,0,4,12:25 AM,11:05,Young REBOUND (Off:1 Def:1),,,,,4,201156,Nick Young,1610612747.0,Los Angeles,Lakers,LAL,0,0,,,,,,0,0,,,,,
0021500494,447,1,108,4,12:25 AM,11:00,Bass  Cutting Dunk Shot (4 PTS) (Williams 3 AST),,,60 - 68,8,4,101138,Brandon Bass,1610612747.0,Los Angeles,Lakers,LAL,4,101150,Lou Williams,1610612747.0,Los Angeles,Lakers,LAL,0,0,,,,,
0021500494,448,9,1,4,12:25 AM,11:00,,,76ers Timeout: Regular (Reg.4 Short 2),,,3,1610612755,,,,,,0,0,,,,,,0,0,,,,,
0021500494,450,8,0,4,12:27 AM,11:00,,,SUB: Grant FOR Covington,,,5,203496,Robert Covington,1610612755.0,Philadelphia,76ers,PHI,5,203924,Jerami Grant,1610612755.0,Philadelphia,76ers,PHI,0,0,,,,,
0021500494,451,1,42,4,12:28 AM,10:38,,,McConnell 1' Driving Layup (12 PTS) (Stauskas 1 AST),62 - 68,6,5,204456,T.J. McConnell,1610612755.0,Philadelphia,76ers,PHI,5,203917,Nik Stauskas,1610612755.0,Philadelphia,76ers,PHI,0,0,,,,,
0021500494,452,6,2,4,12:28 AM,10:21,,,Okafor S.FOUL (P1.T1) (M.Ervin),,,5,1626143,Jahlil Okafor,1610612755.0,Philadelphia,76ers,PHI,4,101150,Lou Williams,1610612747.0,Los Angeles,Lakers,LAL,1,0,,,,,
0021500494,453,3,11,4,12:28 AM,10:21,Williams Free Throw 1 of 2 (13 PTS),,,62 - 69,7,4,101150,Lou Williams,1610612747.0,Los Angeles,Lakers,LAL,0,0,,,,,,0,0,,,,,
0021500494,455,3,12,4,12:29 AM,10:21,Williams Free Throw 2 of 2 (14 PTS),,,62 - 70,8,4,101150,Lou Williams,1610612747.0,Los Angeles,Lakers,LAL,0,0,,,,,,0,0,,,,,
0021500494,457,1,5,4,12:29 AM,10:06,,,Okafor 1' Layup (12 PTS) (McConnell 4 AST),64 - 70,6,5,1626143,Jahlil Okafor,1610612755.0,Philadelphia,76ers,PHI,5,204456,T.J. McConnell,1610612755.0,Philadelphia,76ers,PHI,0,0,,,,,
0021500494,458,2,47,4,12:30 AM,9:47,MISS Russell 11' Turnaround Jump Shot,,,,,4,1626156,D'Angelo Russell,1610612747.0,Los Angeles,Lakers,LAL,0,0,,,,,,0,0,,,,,
0021500494,459,4,0,4,12:30 AM,9:45,,,Okafor REBOUND (Off:1 Def:2),,,5,1626143,Jahlil Okafor,1610612755.0,Philadelphia,76ers,PHI,0,0,,,,,,0,0,,,,,
0021500494,460,1,42,4,12:30 AM,9:38,,,Grant 1' Driving Layup (6 PTS) (McConnell 5 AST),66 - 70,4,5,203924,Jerami Grant,1610612755.0,Philadelphia,76ers,PHI,5,204456,T.J. McConnell,1610612755.0,Philadelphia,76ers,PHI,0,0,,,,,
0021500494,461,6,2,4,12:30 AM,9:28,,,Stauskas S.FOUL (P1.T2) (J.Tiven),,,5,203917,Nik Stauskas,1610612755.0,Philadelphia,76ers,PHI,4,101138,Brandon Bass,1610612747.0,Los Angeles,Lakers,LAL,1,0,,,,,
0021500494,462,3,11,4,12:30 AM,9:28,Bass Free Throw 1 of 2 (5 PTS),,,66 - 71,5,4,101138,Brandon Bass,1610612747.0,Los Angeles,Lakers,LAL,0,0,,,,,,0,0,,,,,
0021500494,464,3,12,4,12:30 AM,9:28,MISS Bass Free Throw 2 of 2,,,,,4,101138,Brandon Bass,1610612747.0,Los Angeles,Lakers,LAL,0,0,,,,,,0,0,,,,,
0021500494,466,4,0,4,12:31 AM,9:26,,,Grant REBOUND (Off:1 Def:5),,,5,203924,Jerami Grant,1610612755.0,Philadelphia,76ers,PHI,0,0,,,,,,0,0,,,,,
0021500494,467,1,73,4,12:31 AM,9:07,,,Grant 2' Driving Reverse Layup (8 PTS) (McConnell 6 AST),68 - 71,3,5,203924,Jerami Grant,1610612755.0,Philadelphia,76ers,PHI,5,204456,T.J. McConnell,1610612755.0,Philadelphia,76ers,PHI,0,0,,,,,
0021500494,468,1,99,4,12:31 AM,8:51,Randle 1' Cutting Finger Roll Layup Shot (13 PTS) (Williams 4 AST),,,68 - 73,5,4,203944,Julius Randle,1610612747.0,Los Angeles,Lakers,LAL,4,101150,Lou Williams,1610612747.0,Los Angeles,Lakers,LAL,0,0,,,,,
0021500494,469,2,1,4,12:31 AM,8:36,,,MISS Canaan  3PT Jump Shot,,,5,203477,Isaiah Canaan,1610612755.0,Philadelphia,76ers,PHI,0,0,,,,,,0,0,,,,,
0021500494,470,4,0,4,12:31 AM,8:36,Randle REBOUND (Off:2 Def:6),,,,,4,203944,Julius Randle,1610612747.0,Los Angeles,Lakers,LAL,0,0,,,,,,0,0,,,,,
0021500494,471,2,80,4,12:32 AM,8:22,MISS Young 10' Step Back Jump Shot,,,,,4,201156,Nick Young,1610612747.0,Los Angeles,Lakers,LAL,0,0,,,,,,0,0,,,,,
0021500494,472,4,0,4,12:32 AM,8:21,,,Okafor REBOUND (Off:1 Def:3),,,5,1626143,Jahlil Okafor,1610612755.0,Philadelphia,76ers,PHI,0,0,,,,,,0,0,,,,,
0021500494,473,1,49,4,12:32 AM,8:10,,,Stauskas  Driving Dunk (2 PTS) (McConnell 7 AST),70 - 73,3,5,203917,Nik Stauskas,1610612755.0,Philadelphia,76ers,PHI,5,204456,T.J. McConnell,1610612755.0,Philadelphia,76ers,PHI,0,0,,,,,
0021500494,474,9,1,4,12:32 AM,8:10,LAKERS Timeout: Regular (Full 4 Short 0),,,,,2,1610612747,,,,,,0,0,,,,,,0,0,,,,,
0021500494,476,1,1,4,12:35 AM,7:55,Young 24' 3PT Jump Shot (8 PTS) (Williams 5 AST),,,70 - 76,6,4,201156,Nick Young,1610612747.0,Los Angeles,Lakers,LAL,4,101150,Lou Williams,1610612747.0,Los Angeles,Lakers,LAL,0,0,,,,,
0021500494,477,5,2,4,12:35 AM,7:36,Young STEAL (4 STL),,Stauskas Lost Ball Turnover (P3.T14),,,5,203917,Nik Stauskas,1610612755.0,Philadelphia,76ers,PHI,4,201156,Nick Young,1610612747.0,Los Angeles,Lakers,LAL,0,0,,,,,
0021500494,478,1,7,4,12:35 AM,7:30,Randle  Dunk (15 PTS) (Russell 5 AST),,,70 - 78,8,4,203944,Julius Randle,1610612747.0,Los Angeles,Lakers,LAL,4,1626156,D'Angelo Russell,1610612747.0,Los Angeles,Lakers,LAL,0,0,,,,,
0021500494,479,2,1,4,12:35 AM,7:18,,,MISS Stauskas 24' 3PT Jump Shot,,,5,203917,Nik Stauskas,1610612755.0,Philadelphia,76ers,PHI,0,0,,,,,,0,0,,,,,
0021500494,480,4,0,4,12:35 AM,7:17,Williams REBOUND (Off:0 Def:3),,,,,4,101150,Lou Williams,1610612747.0,Los Angeles,Lakers,LAL,0,0,,,,,,0,0,,,,,
0021500494,481,2,1,4,12:35 AM,7:02,MISS Bass 14' Jump Shot,,,,,4,101138,Brandon Bass,1610612747.0,Los Angeles,Lakers,LAL,0,0,,,,,,0,0,,,,,
0021500494,482,4,0,4,12:36 AM,7:02,,,Grant REBOUND (Off:1 Def:6),,,5,203924,Jerami Grant,1610612755.0,Philadelphia,76ers,PHI,0,0,,,,,,0,0,,,,,
0021500494,483,5,2,4,12:36 AM,6:57,Bass STEAL (2 STL),,McConnell Lost Ball Turnover (P4.T15),,,5,204456,T.J. McConnell,1610612755.0,Philadelphia,76ers,PHI,4,101138,Brandon Bass,1610612747.0,Los Angeles,Lakers,LAL,0,0,,,,,
0021500494,484,1,1,4,12:36 AM,6:49,Williams 24' 3PT Jump Shot (17 PTS) (Bass 2 AST),,,70 - 81,11,4,101150,Lou Williams,1610612747.0,Los Angeles,Lakers,LAL,4,101138,Brandon Bass,1610612747.0,Los Angeles,Lakers,LAL,0,0,,,,,
0021500494,485,1,82,4,12:36 AM,6:27,,,Canaan 4' Driving Bank Shot (7 PTS),72 - 81,9,5,203477,Isaiah Canaan,1610612755.0,Philadelphia,76ers,PHI,0,0,,,,,,0,0,,,,,
0021500494,486,1,75,4,12:36 AM,6:12,Russell 1' Driving Finger Roll Layup (6 PTS),,,72 - 83,11,4,1626156,D'Angelo Russell,1610612747.0,Los Angeles,Lakers,LAL,0,0,,,,,,0,0,,,,,
0021500494,487,2,5,4,12:37 AM,5:55,,,MISS Okafor 2' Layup,,,5,1626143,Jahlil Okafor,1610612755.0,Philadelphia,76ers,PHI,0,0,,,,,,0,0,,,,,
0021500494,488,4,0,4,12:37 AM,5:55,Russell REBOUND (Off:1 Def:3),,,,,4,1626156,D'Angelo Russell,1610612747.0,Los Angeles,Lakers,LAL,0,0,,,,,,0,0,,,,,
0021500494,489,2,79,4,12:37 AM,5:36,MISS Russell 18' Pullup Jump Shot,,,,,4,1626156,D'Angelo Russell,1610612747.0,Los Angeles,Lakers,LAL,0,0,,,,,,0,0,,,,,
0021500494,490,4,0,4,12:37 AM,5:35,,,McConnell REBOUND (Off:0 Def:4),,,5,204456,T.J. McConnell,1610612755.0,Philadelphia,76ers,PHI,0,0,,,,,,0,0,,,,,
0021500494,491,5,1,4,12:37 AM,5:19,Russell STEAL (2 STL),,Canaan Bad Pass Turnover (P3.T16),,,5,203477,Isaiah Canaan,1610612755.0,Philadelphia,76ers,PHI,4,1626156,D'Angelo Russell,1610612747.0,Los Angeles,Lakers,LAL,0,0,,,,,
0021500494,492,1,1,4,12:37 AM,5:13,Williams 24' 3PT Jump Shot (20 PTS) (Young 1 AST),,,72 - 86,14,4,101150,Lou Williams,1610612747.0,Los Angeles,Lakers,LAL,4,201156,Nick Young,1610612747.0,Los Angeles,Lakers,LAL,0,0,,,,,
0021500494,493,9,1,4,12:37 AM,5:13,,,76ers Timeout: Regular (Reg.5 Short 2),,,3,1610612755,,,,,,0,0,,,,,,0,0,,,,,
0021500494,495,8,0,4,12:40 AM,5:13,,,SUB: Covington FOR Canaan,,,5,203477,Isaiah Canaan,1610612755.0,Philadelphia,76ers,PHI,5,203496,Robert Covington,1610612755.0,Philadelphia,76ers,PHI,0,0,,,,,
0021500494,496,8,0,4,12:40 AM,5:13,,,SUB: Noel FOR Okafor,,,5,1626143,Jahlil Okafor,1610612755.0,Philadelphia,76ers,PHI,5,203457,Nerlens Noel,1610612755.0,Philadelphia,76ers,PHI,0,0,,,,,
0021500494,497,8,0,4,12:40 AM,5:13,,,SUB: Smith FOR McConnell,,,5,204456,T.J. McConnell,1610612755.0,Philadelphia,76ers,PHI,5,202397,Ish Smith,1610612755.0,Philadelphia,76ers,PHI,0,0,,,,,
0021500494,498,8,0,4,12:40 AM,5:13,SUB: Clarkson FOR Russell,,,,,4,1626156,D'Angelo Russell,1610612747.0,Los Angeles,Lakers,LAL,4,203903,Jordan Clarkson,1610612747.0,Los Angeles,Lakers,LAL,0,0,,,,,
0021500494,499,2,1,4,12:40 AM,4:58,,,MISS Smith 21' Jump Shot,,,5,202397,Ish Smith,1610612755.0,Philadelphia,76ers,PHI,0,0,,,,,,0,0,,,,,
0021500494,500,4,0,4,12:40 AM,4:57,Randle REBOUND (Off:2 Def:7),,,,,4,203944,Julius Randle,1610612747.0,Los Angeles,Lakers,LAL,0,0,,,,,,0,0,,,,,
0021500494,502,1,47,4,12:41 AM,4:32,Williams 20' Turnaround Jump Shot (22 PTS) (Clarkson 3 AST),,,72 - 88,16,4,101150,Lou Williams,1610612747.0,Los Angeles,Lakers,LAL,4,203903,Jordan Clarkson,1610612747.0,Los Angeles,Lakers,LAL,0,0,,,,,
0021500494,503,6,2,4,12:41 AM,4:28,Randle S.FOUL (P2.T1) (J.Tiven),,,,,4,203944,Julius Randle,1610612747.0,Los Angeles,Lakers,LAL,5,202397,Ish Smith,1610612755.0,Philadelphia,76ers,PHI,1,0,,,,,
0021500494,504,3,11,4,12:41 AM,4:28,,,Smith Free Throw 1 of 2 (8 PTS),73 - 88,15,5,202397,Ish Smith,1610612755.0,Philadelphia,76ers,PHI,0,0,,,,,,0,0,,,,,
0021500494,506,3,12,4,12:41 AM,4:28,,,Smith Free Throw 2 of 2 (9 PTS),74 - 88,14,5,202397,Ish Smith,1610612755.0,Philadelphia,76ers,PHI,0,0,,,,,,0,0,,,,,
0021500494,508,5,1,4,12:42 AM,4:16,Williams Bad Pass Turnover (P3.T9),,Covington STEAL (2 STL),,,4,101150,Lou Williams,1610612747.0,Los Angeles,Lakers,LAL,5,203496,Robert Covington,1610612755.0,Philadelphia,76ers,PHI,0,0,,,,,
0021500494,509,2,79,4,12:42 AM,4:05,,,MISS Smith 7' Pullup Jump Shot,,,5,202397,Ish Smith,1610612755.0,Philadelphia,76ers,PHI,0,0,,,,,,0,0,,,,,
0021500494,510,4,0,4,12:42 AM,4:04,Bass REBOUND (Off:1 Def:3),,,,,4,101138,Brandon Bass,1610612747.0,Los Angeles,Lakers,LAL,0,0,,,,,,0,0,,,,,
0021500494,511,6,2,4,12:42 AM,3:51,,,Smith S.FOUL (P4.T3) (M.Ervin),,,5,202397,Ish Smith,1610612755.0,Philadelphia,76ers,PHI,4,203903,Jordan Clarkson,1610612747.0,Los Angeles,Lakers,LAL,1,0,,,,,
0021500494,512,3,11,4,12:42 AM,3:51,Clarkson Free Throw 1 of 2 (17 PTS),,,74 - 89,15,4,203903,Jordan Clarkson,1610612747.0,Los Angeles,Lakers,LAL,0,0,,,,,,0,0,,,,,
0021500494,514,3,12,4,12:42 AM,3:51,Clarkson Free Throw 2 of 2 (18 PTS),,,74 - 90,16,4,203903,Jordan Clarkson,1610612747.0,Los Angeles,Lakers,LAL,0,0,,,,,,0,0,,,,,
0021500494,516,2,1,4,12:43 AM,3:36,,,MISS Smith 25' 3PT Jump Shot,,,5,202397,Ish Smith,1610612755.0,Philadelphia,76ers,PHI,0,0,,,,,,0,0,,,,,
0021500494,517,4,0,4,12:43 AM,3:34,Young REBOUND (Off:1 Def:2),,,,,4,201156,Nick Young,1610612747.0,Los Angeles,Lakers,LAL,0,0,,,,,,0,0,,,,,
0021500494,518,2,1,4,12:43 AM,3:08,MISS Young 27' 3PT Jump Shot,,,,,4,201156,Nick Young,1610612747.0,Los Angeles,Lakers,LAL,0,0,,,,,,0,0,,,,,
0021500494,519,4,0,4,12:43 AM,3:08,,,76ers Rebound,,,3,1610612755,,,,,,0,0,,,,,,0,0,,,,,
0021500494,520,8,0,4,12:44 AM,3:08,SUB: Nance Jr. FOR Randle,,,,,4,203944,Julius Randle,1610612747.0,Los Angeles,Lakers,LAL,4,1626204,Larry Nance Jr.,1610612747.0,Los Angeles,Lakers,LAL,0,0,,,,,
0021500494,521,1,52,4,12:44 AM,2:58,,,Noel  Alley Oop Dunk (13 PTS) (Grant 3 AST),76 - 90,14,5,203457,Nerlens Noel,1610612755.0,Philadelphia,76ers,PHI,5,203924,Jerami Grant,1610612755.0,Philadelphia,76ers,PHI,0,0,,,,,
0021500494,522,2,80,4,12:44 AM,2:36,MISS Williams 25' 3PT Step Back Jump Shot,,,,,4,101150,Lou Williams,1610612747.0,Los Angeles,Lakers,LAL,0,0,,,,,,0,0,,,,,
0021500494,523,4,0,4,12:44 AM,2:36,,,76ers Rebound,,,3,1610612755,,,,,,0,0,,,,,,0,0,,,,,
0021500494,524,2,1,4,12:45 AM,2:27,,,MISS Grant 24' 3PT Jump Shot,,,5,203924,Jerami Grant,1610612755.0,Philadelphia,76ers,PHI,0,0,,,,,,0,0,,,,,
0021500494,525,4,0,4,12:45 AM,2:27,LAKERS Rebound,,,,,2,1610612747,,,,,,0,0,,,,,,0,0,,,,,
0021500494,526,2,1,4,12:45 AM,2:04,MISS Young 30' 3PT Jump Shot,,,,,4,201156,Nick Young,1610612747.0,Los Angeles,Lakers,LAL,0,0,,,,,,0,0,,,,,
0021500494,527,4,0,4,12:45 AM,2:03,LAKERS Rebound,,,,,2,1610612747,,,,,,0,0,,,,,,0,0,,,,,
0021500494,528,5,11,4,12:45 AM,2:03,LAKERS Turnover: Shot Clock (T#10),,,,,2,1610612747,,,,,,0,0,,,,,,1,0,,,,,
0021500494,529,2,5,4,12:46 AM,1:56,Bass BLOCK (2 BLK),,MISS Smith 3' Layup,,,5,202397,Ish Smith,1610612755.0,Philadelphia,76ers,PHI,0,0,,,,,,4,101138,Brandon Bass,1610612747.0,Los Angeles,Lakers,LAL
0021500494,530,4,0,4,12:46 AM,1:56,LAKERS Rebound,,,,,2,1610612747,,,,,,0,0,,,,,,0,0,,,,,
0021500494,531,9,1,4,12:46 AM,1:56,LAKERS Timeout: Regular (Full 5 Short 0),,,,,2,1610612747,,,,,,0,0,,,,,,0,0,,,,,
0021500494,535,2,1,4,12:48 AM,1:32,MISS Clarkson 20' Jump Shot,,,,,4,203903,Jordan Clarkson,1610612747.0,Los Angeles,Lakers,LAL,0,0,,,,,,0,0,,,,,
0021500494,536,4,0,4,12:48 AM,1:32,,,Smith REBOUND (Off:1 Def:3),,,5,202397,Ish Smith,1610612755.0,Philadelphia,76ers,PHI,0,0,,,,,,0,0,,,,,
0021500494,537,1,5,4,12:48 AM,1:26,,,Noel 1' Layup (15 PTS) (Stauskas 2 AST),78 - 90,12,5,203457,Nerlens Noel,1610612755.0,Philadelphia,76ers,PHI,5,203917,Nik Stauskas,1610612755.0,Philadelphia,76ers,PHI,0,0,,,,,
0021500494,538,2,1,4,12:48 AM,1:15,MISS Young 25' 3PT Jump Shot,,,,,4,201156,Nick Young,1610612747.0,Los Angeles,Lakers,LAL,0,0,,,,,,0,0,,,,,
0021500494,539,4,0,4,12:48 AM,1:13,,,Covington REBOUND (Off:0 Def:6),,,5,203496,Robert Covington,1610612755.0,Philadelphia,76ers,PHI,0,0,,,,,,0,0,,,,,
0021500494,540,1,1,4,12:48 AM,1:07,,,Covington 24' 3PT Jump Shot (10 PTS) (Smith 3 AST),81 - 90,9,5,203496,Robert Covington,1610612755.0,Philadelphia,76ers,PHI,5,202397,Ish Smith,1610612755.0,Philadelphia,76ers,PHI,0,0,,,,,
0021500494,541,5,2,4,12:49 AM,0:50,Young Lost Ball Turnover (P1.T11),,Noel STEAL (2 STL),,,4,201156,Nick Young,1610612747.0,Los Angeles,Lakers,LAL,5,203457,Nerlens Noel,1610612755.0,Philadelphia,76ers,PHI,0,0,,,,,
0021500494,542,6,2,4,12:49 AM,0:48,Clarkson S.FOUL (P3.T2) (M.Ervin),,,,,4,203903,Jordan Clarkson,1610612747.0,Los Angeles,Lakers,LAL,5,203924,Jerami Grant,1610612755.0,Philadelphia,76ers,PHI,1,0,,,,,
0021500494,543,3,11,4,12:49 AM,0:48,,,MISS Grant Free Throw 1 of 2,,,5,203924,Jerami Grant,1610612755.0,Philadelphia,76ers,PHI,0,0,,,,,,0,0,,,,,
0021500494,544,4,1,4,12:49 AM,0:48,,,76ers Rebound,,,3,1610612755,,,,,,0,0,,,,,,0,0,,,,,
0021500494,545,3,12,4,12:49 AM,0:48,,,Grant Free Throw 2 of 2 (9 PTS),82 - 90,8,5,203924,Jerami Grant,1610612755.0,Philadelphia,76ers,PHI,0,0,,,,,,0,0,,,,,
0021500494,547,9,2,4,12:50 AM,0:43,LAKERS Timeout: Short (Full 5 Short 1),,,,,2,1610612747,,,,,,0,0,,,,,,0,0,,,,,
0021500494,548,6,1,4,12:51 AM,0:39,,,Covington P.FOUL (P3.T4) (J.Tiven),,,5,203496,Robert Covington,1610612755.0,Philadelphia,76ers,PHI,4,1626204,Larry Nance Jr.,1610612747.0,Los Angeles,Lakers,LAL,1,0,,,,,
0021500494,549,6,1,4,12:52 AM,0:39,,,Smith P.FOUL (P5.PN) (M.McCutchen),,,5,202397,Ish Smith,1610612755.0,Philadelphia,76ers,PHI,4,101150,Lou Williams,1610612747.0,Los Angeles,Lakers,LAL,1,0,,,,,
0021500494,550,3,11,4,12:52 AM,0:39,Williams Free Throw 1 of 2 (23 PTS),,,82 - 91,9,4,101150,Lou Williams,1610612747.0,Los Angeles,Lakers,LAL,0,0,,,,,,0,0,,,,,
0021500494,552,3,12,4,12:52 AM,0:39,Williams Free Throw 2 of 2 (24 PTS),,,82 - 92,10,4,101150,Lou Williams,1610612747.0,Los Angeles,Lakers,LAL,0,0,,,,,,0,0,,,,,
0021500494,554,9,1,4,12:52 AM,0:39,,,76ers Timeout: Regular (Reg.6 Short 2),,,3,1610612755,,,,,,0,0,,,,,,0,0,,,,,
0021500494,556,1,42,4,12:54 AM,0:33,,,Stauskas 2' Driving Layup (4 PTS) (Noel 3 AST),84 - 92,8,5,203917,Nik Stauskas,1610612755.0,Philadelphia,76ers,PHI,5,203457,Nerlens Noel,1610612755.0,Philadelphia,76ers,PHI,0,0,,,,,
0021500494,557,6,28,4,12:54 AM,0:32,,,Stauskas Personal Take Foul (P2.PN) (M.McCutchen),,,5,203917,Nik Stauskas,1610612755.0,Philadelphia,76ers,PHI,4,203903,Jordan Clarkson,1610612747.0,Los Angeles,Lakers,LAL,1,0,,,,,
0021500494,558,3,11,4,12:54 AM,0:32,MISS Clarkson Free Throw 1 of 2,,,,,4,203903,Jordan Clarkson,1610612747.0,Los Angeles,Lakers,LAL,0,0,,,,,,0,0,,,,,
0021500494,559,4,1,4,12:54 AM,0:32,LAKERS Rebound,,,,,2,1610612747,,,,,,0,0,,,,,,0,0,,,,,
0021500494,560,3,12,4,12:55 AM,0:32,Clarkson Free Throw 2 of 2 (19 PTS),,,84 - 93,9,4,203903,Jordan Clarkson,1610612747.0,Los Angeles,Lakers,LAL,0,0,,,,,,0,0,,,,,
0021500494,562,2,1,4,12:55 AM,0:22,,,MISS Smith 25' 3PT Jump Shot,,,5,202397,Ish Smith,1610612755.0,Philadelphia,76ers,PHI,0,0,,,,,,0,0,,,,,
0021500494,563,4,0,4,12:55 AM,0:20,Williams REBOUND (Off:0 Def:4),,,,,4,101150,Lou Williams,1610612747.0,Los Angeles,Lakers,LAL,0,0,,,,,,0,0,,,,,
0021500494,565,5,1,4,12:56 AM,0:00,Williams Bad Pass Turnover (P4.T12),,Noel STEAL (3 STL),,,4,101150,Lou Williams,1610612747.0,Los Angeles,Lakers,LAL,5,203457,Nerlens Noel,1610612755.0,Philadelphia,76ers,PHI,0,0,,,,,
0021500494,566,13,0,4,12:56 AM,0:00,,,,84 - 93,9,0,0,,,,,,0,0,,,,,,0,0,,,,,
