GAME_ID,EVENTNUM,EVENTMSGTYPE,EVENTMSGACTIONTYPE,PERIOD,WCTIMESTRING,PCTIMESTRING,HOMEDESCRIPTION,NEUTRALDESCRIPTION,VISITORDESCRIPTION,SCORE,SCOREMARGIN,PERSON1TYPE,PLAYER1_ID,PLAYER1_NAME,PLAYER1_TEAM_ID,PLAYER1_TEAM_CITY,PLAYER1_TEAM_NICKNAME,PLAYER1_TEAM_ABBREVIATION,PERSON2TYPE,PLAYER2_ID,PLAYER2_NAME,PLAYER2_TEAM_ID,PLAYER2_TEAM_CITY,PLAYER2_TEAM_NICKNAME,PLAYER2_TEAM_ABBREVIATION,PERSON3TYPE,PLAYER3_ID,PLAYER3_NAME,PLAYER3_TEAM_ID,PLAYER3_TEAM_CITY,PLAYER3_TEAM_NICKNAME,PLAYER3_TEAM_ABBREVIATION
0021500403,0,12,0,1,1:12 PM,12:00,,,,,,0,0,,,,,,0,0,,,,,,0,0,,,,,
0021500403,1,10,0,1,1:12 PM,12:00,Jump Ball Lopez vs. Towns: Tip to Wiggins,,,,,4,201572,Brook Lopez,1610612751.0,Brooklyn,Nets,BKN,5,1626157,Karl-Anthony Towns,1610612750.0,Minnesota,Timberwolves,MIN,5,203952,Andrew Wiggins,1610612750.0,Minnesota,Timberwolves,MIN
0021500403,2,5,2,1,1:12 PM,11:47,Jack STEAL (1 STL),,Wiggins Lost Ball Turnover (P1.T1),,,5,203952,Andrew Wiggins,1610612750.0,Minnesota,Timberwolves,MIN,4,101127,Jarrett Jack,1610612751.0,Brooklyn,Nets,BKN,0,0,,,,,
0021500403,4,6,1,1,1:13 PM,11:30,,,Towns P.FOUL (P1.T1) (L.Wood),,,5,1626157,Karl-Anthony Towns,1610612750.0,Minnesota,Timberwolves,MIN,4,201572,Brook Lopez,1610612751.0,Brooklyn,Nets,BKN,1,0,,,,,
0021500403,5,1,1,1,1:13 PM,11:20,Lopez 18' Jump Shot (2 PTS) (Jack 1 AST),,,0 - 2,2,4,201572,Brook Lopez,1610612751.0,Brooklyn,Nets,BKN,4,101127,Jarrett Jack,1610612751.0,Brooklyn,Nets,BKN,0,0,,,,,
0021500403,6,1,1,1,1:13 PM,11:05,,,Towns 18' Jump Shot (2 PTS) (Garnett 1 AST),2 - 2,TIE,5,1626157,Karl-Anthony Towns,1610612750.0,Minnesota,Timberwolves,MIN,5,708,Kevin Garnett,1610612750.0,Minnesota,Timberwolves,MIN,0,0,,,,,
0021500403,7,2,1,1,1:13 PM,10:50,MISS Johnson 9' Jump Shot,,,,,4,2207,Joe Johnson,1610612751.0,Brooklyn,Nets,BKN,0,0,,,,,,0,0,,,,,
0021500403,8,4,0,1,1:13 PM,10:49,,,Garnett REBOUND (Off:0 Def:1),,,5,708,Kevin Garnett,1610612750.0,Minnesota,Timberwolves,MIN,0,0,,,,,,0,0,,,,,
0021500403,10,7,2,1,1:14 PM,10:46,Bogdanovic Violation:Defensive Goaltending (B.Forte),,,,,4,202711,Bojan Bogdanovic,1610612751.0,Brooklyn,Nets,BKN,0,0,,,,,,1,0,,,,,
0021500403,9,1,41,1,1:14 PM,10:46,,,Wiggins 2' Running Layup (2 PTS) (Rubio 1 AST),4 - 2,-2,5,203952,Andrew Wiggins,1610612750.0,Minnesota,Timberwolves,MIN,5,201937,Ricky Rubio,1610612750.0,Minnesota,Timberwolves,MIN,0,0,,,,,
0021500403,11,2,78,1,1:14 PM,10:34,MISS Lopez 10' Floating Jump Shot,,,,,4,201572,Brook Lopez,1610612751.0,Brooklyn,Nets,BKN,0,0,,,,,,0,0,,,,,
0021500403,12,4,0,1,1:14 PM,10:33,,,Rubio REBOUND (Off:0 Def:1),,,5,201937,Ricky Rubio,1610612750.0,Minnesota,Timberwolves,MIN,0,0,,,,,,0,0,,,,,
0021500403,13,2,1,1,1:14 PM,10:25,,,MISS Rubio 22' Jump Shot,,,5,201937,Ricky Rubio,1610612750.0,Minnesota,Timberwolves,MIN,0,0,,,,,,0,0,,,,,
0021500403,14,4,0,1,1:14 PM,10:24,Young REBOUND (Off:0 Def:1),,,,,4,201152,Thaddeus Young,1610612751.0,Brooklyn,Nets,BKN,0,0,,,,,,0,0,,,,,
0021500403,15,2,1,1,1:14 PM,10:16,MISS Young 11' Jump Shot,,Towns BLOCK (1 BLK),,,4,201152,Thaddeus Young,1610612751.0,Brooklyn,Nets,BKN,0,0,,,,,,5,1626157,Karl-Anthony Towns,1610612750.0,Minnesota,Timberwolves,MIN
0021500403,16,4,0,1,1:14 PM,10:15,,,Towns REBOUND (Off:0 Def:1),,,5,1626157,Karl-Anthony Towns,1610612750.0,Minnesota,Timberwolves,MIN,0,0,,,,,,0,0,,,,,
0021500403,17,2,1,1,1:14 PM,10:05,,,MISS Rubio 25' 3PT Jump Shot,,,5,201937,Ricky Rubio,1610612750.0,Minnesota,Timberwolves,MIN,0,0,,,,,,0,0,,,,,
0021500403,18,4,0,1,1:14 PM,10:04,Lopez REBOUND (Off:0 Def:1),,,,,4,201572,Brook Lopez,1610612751.0,Brooklyn,Nets,BKN,0,0,,,,,,0,0,,,,,
0021500403,19,2,1,1,1:15 PM,9:50,MISS Bogdanovic  3PT Jump Shot,,,,,4,202711,Bojan Bogdanovic,1610612751.0,Brooklyn,Nets,BKN,0,0,,,,,,0,0,,,,,
0021500403,20,4,0,1,1:15 PM,9:49,,,Garnett REBOUND (Off:0 Def:2),,,5,708,Kevin Garnett,1610612750.0,Minnesota,Timberwolves,MIN,0,0,,,,,,0,0,,,,,
0021500403,21,2,58,1,1:15 PM,9:34,,,MISS Towns 11' Turnaround Hook Shot,,,5,1626157,Karl-Anthony Towns,1610612750.0,Minnesota,Timberwolves,MIN,0,0,,,,,,0,0,,,,,
0021500403,22,4,0,1,1:15 PM,9:33,Young REBOUND (Off:0 Def:2),,,,,4,201152,Thaddeus Young,1610612751.0,Brooklyn,Nets,BKN,0,0,,,,,,0,0,,,,,
0021500403,23,2,73,1,1:15 PM,9:22,MISS Bogdanovic 2' Driving Reverse Layup,,,,,4,202711,Bojan Bogdanovic,1610612751.0,Brooklyn,Nets,BKN,0,0,,,,,,0,0,,,,,
0021500403,24,4,0,1,1:15 PM,9:21,,,Garnett REBOUND (Off:0 Def:3),,,5,708,Kevin Garnett,1610612750.0,Minnesota,Timberwolves,MIN,0,0,,,,,,0,0,,,,,
0021500403,25,2,1,1,1:15 PM,9:05,,,MISS Wiggins 25' 3PT Jump Shot,,,5,203952,Andrew Wiggins,1610612750.0,Minnesota,Timberwolves,MIN,0,0,,,,,,0,0,,,,,
0021500403,26,4,0,1,1:15 PM,9:04,Young REBOUND (Off:0 Def:3),,,,,4,201152,Thaddeus Young,1610612751.0,Brooklyn,Nets,BKN,0,0,,,,,,0,0,,,,,
0021500403,27,2,1,1,1:16 PM,8:53,MISS Jack  3PT Jump Shot,,,,,4,101127,Jarrett Jack,1610612751.0,Brooklyn,Nets,BKN,0,0,,,,,,0,0,,,,,
0021500403,28,4,0,1,1:16 PM,8:52,,,Rubio REBOUND (Off:0 Def:2),,,5,201937,Ricky Rubio,1610612750.0,Minnesota,Timberwolves,MIN,0,0,,,,,,0,0,,,,,
0021500403,29,2,1,1,1:16 PM,8:42,,,MISS Towns 18' Jump Shot,,,5,1626157,Karl-Anthony Towns,1610612750.0,Minnesota,Timberwolves,MIN,0,0,,,,,,0,0,,,,,
0021500403,30,4,0,1,1:16 PM,8:41,Young REBOUND (Off:0 Def:4),,,,,4,201152,Thaddeus Young,1610612751.0,Brooklyn,Nets,BKN,0,0,,,,,,0,0,,,,,
0021500403,31,6,2,1,1:16 PM,8:29,,,Garnett S.FOUL (P1.T2) (L.Wood),,,5,708,Kevin Garnett,1610612750.0,Minnesota,Timberwolves,MIN,4,201152,Thaddeus Young,1610612751.0,Brooklyn,Nets,BKN,1,0,,,,,
0021500403,32,3,11,1,1:16 PM,8:29,Young Free Throw 1 of 2 (1 PTS),,,4 - 3,-1,4,201152,Thaddeus Young,1610612751.0,Brooklyn,Nets,BKN,0,0,,,,,,0,0,,,,,
0021500403,34,3,12,1,1:17 PM,8:29,Young Free Throw 2 of 2 (2 PTS),,,4 - 4,TIE,4,201152,Thaddeus Young,1610612751.0,Brooklyn,Nets,BKN,0,0,,,,,,0,0,,,,,
0021500403,36,1,42,1,1:17 PM,8:16,,,Wiggins 4' Driving Layup (4 PTS) (Rubio 2 AST),6 - 4,-2,5,203952,Andrew Wiggins,1610612750.0,Minnesota,Timberwolves,MIN,5,201937,Ricky Rubio,1610612750.0,Minnesota,Timberwolves,MIN,0,0,,,,,
0021500403,37,6,27,1,1:17 PM,8:08,,,Rubio Personal Block Foul (P1.T3) (L.Wood),,,5,201937,Ricky Rubio,1610612750.0,Minnesota,Timberwolves,MIN,4,101127,Jarrett Jack,1610612751.0,Brooklyn,Nets,BKN,1,0,,,,,
0021500403,38,1,1,1,1:18 PM,7:55,Jack 20' Jump Shot (2 PTS) (Lopez 1 AST),,,6 - 6,TIE,4,101127,Jarrett Jack,1610612751.0,Brooklyn,Nets,BKN,4,201572,Brook Lopez,1610612751.0,Brooklyn,Nets,BKN,0,0,,,,,
0021500403,39,6,1,1,1:18 PM,7:45,Bogdanovic P.FOUL (P1.T1) (L.Wood),,,,,4,202711,Bojan Bogdanovic,1610612751.0,Brooklyn,Nets,BKN,5,203952,Andrew Wiggins,1610612750.0,Minnesota,Timberwolves,MIN,1,0,,,,,
0021500403,40,8,0,1,1:18 PM,7:45,,,SUB: Dieng FOR Garnett,,,5,708,Kevin Garnett,1610612750.0,Minnesota,Timberwolves,MIN,5,203476,Gorgui Dieng,1610612750.0,Minnesota,Timberwolves,MIN,0,0,,,,,
0021500403,41,6,2,1,1:18 PM,7:35,Lopez S.FOUL (P1.T2) (M.Ayotte),,,,,4,201572,Brook Lopez,1610612751.0,Brooklyn,Nets,BKN,5,203476,Gorgui Dieng,1610612750.0,Minnesota,Timberwolves,MIN,1,0,,,,,
0021500403,42,3,11,1,1:19 PM,7:35,,,Dieng Free Throw 1 of 2 (1 PTS),7 - 6,-1,5,203476,Gorgui Dieng,1610612750.0,Minnesota,Timberwolves,MIN,0,0,,,,,,0,0,,,,,
0021500403,44,3,12,1,1:19 PM,7:35,,,Dieng Free Throw 2 of 2 (2 PTS),8 - 6,-2,5,203476,Gorgui Dieng,1610612750.0,Minnesota,Timberwolves,MIN,0,0,,,,,,0,0,,,,,
0021500403,46,5,1,1,1:19 PM,7:14,Bogdanovic Bad Pass Turnover (P1.T1),,Dieng STEAL (1 STL),,,4,202711,Bojan Bogdanovic,1610612751.0,Brooklyn,Nets,BKN,5,203476,Gorgui Dieng,1610612750.0,Minnesota,Timberwolves,MIN,0,0,,,,,
0021500403,47,6,29,1,1:20 PM,7:09,Jack Shooting Block Foul (P1.T3) (B.Forte),,,,,4,101127,Jarrett Jack,1610612751.0,Brooklyn,Nets,BKN,5,201937,Ricky Rubio,1610612750.0,Minnesota,Timberwolves,MIN,1,0,,,,,
0021500403,48,3,11,1,1:20 PM,7:09,,,Rubio Free Throw 1 of 2 (1 PTS),9 - 6,-3,5,201937,Ricky Rubio,1610612750.0,Minnesota,Timberwolves,MIN,0,0,,,,,,0,0,,,,,
0021500403,50,3,12,1,1:20 PM,7:09,,,Rubio Free Throw 2 of 2 (2 PTS),10 - 6,-4,5,201937,Ricky Rubio,1610612750.0,Minnesota,Timberwolves,MIN,0,0,,,,,,0,0,,,,,
0021500403,52,2,1,1,1:20 PM,6:51,MISS Jack 27' 3PT Jump Shot,,,,,4,101127,Jarrett Jack,1610612751.0,Brooklyn,Nets,BKN,0,0,,,,,,0,0,,,,,
0021500403,53,4,0,1,1:20 PM,6:49,,,Dieng REBOUND (Off:0 Def:1),,,5,203476,Gorgui Dieng,1610612750.0,Minnesota,Timberwolves,MIN,0,0,,,,,,0,0,,,,,
0021500403,54,2,1,1,1:21 PM,6:41,,,MISS Towns 11' Jump Shot,,,5,1626157,Karl-Anthony Towns,1610612750.0,Minnesota,Timberwolves,MIN,0,0,,,,,,0,0,,,,,
0021500403,55,4,0,1,1:21 PM,6:40,Young REBOUND (Off:0 Def:5),,,,,4,201152,Thaddeus Young,1610612751.0,Brooklyn,Nets,BKN,0,0,,,,,,0,0,,,,,
0021500403,56,2,1,1,1:21 PM,6:31,MISS Bogdanovic  3PT Jump Shot,,,,,4,202711,Bojan Bogdanovic,1610612751.0,Brooklyn,Nets,BKN,0,0,,,,,,0,0,,,,,
0021500403,57,4,0,1,1:21 PM,6:30,Johnson REBOUND (Off:1 Def:0),,,,,4,2207,Joe Johnson,1610612751.0,Brooklyn,Nets,BKN,0,0,,,,,,0,0,,,,,
0021500403,58,1,3,1,1:21 PM,6:27,Lopez 7' Hook Shot (4 PTS) (Johnson 1 AST),,,10 - 8,-2,4,201572,Brook Lopez,1610612751.0,Brooklyn,Nets,BKN,4,2207,Joe Johnson,1610612751.0,Brooklyn,Nets,BKN,0,0,,,,,
0021500403,59,2,5,1,1:21 PM,6:08,,,MISS Dieng 3' Layup,,,5,203476,Gorgui Dieng,1610612750.0,Minnesota,Timberwolves,MIN,0,0,,,,,,0,0,,,,,
0021500403,60,4,0,1,1:21 PM,6:06,,,Timberwolves Rebound,,,3,1610612750,,,,,,0,0,,,,,,0,0,,,,,
0021500403,61,2,1,1,1:21 PM,6:03,,,MISS Wiggins 5' Jump Shot,,,5,203952,Andrew Wiggins,1610612750.0,Minnesota,Timberwolves,MIN,0,0,,,,,,0,0,,,,,
0021500403,62,4,0,1,1:22 PM,5:59,,,Towns REBOUND (Off:1 Def:1),,,5,1626157,Karl-Anthony Towns,1610612750.0,Minnesota,Timberwolves,MIN,0,0,,,,,,0,0,,,,,
0021500403,63,9,1,1,1:22 PM,5:58,,,Timberwolves Timeout: Regular (Reg.1 Short 0),,,3,1610612750,,,,,,0,0,,,,,,0,0,,,,,
0021500403,64,2,80,1,1:24 PM,5:49,,,MISS Wiggins 20' Step Back Jump Shot,,,5,203952,Andrew Wiggins,1610612750.0,Minnesota,Timberwolves,MIN,0,0,,,,,,0,0,,,,,
0021500403,65,4,0,1,1:24 PM,5:48,Jack REBOUND (Off:0 Def:1),,,,,4,101127,Jarrett Jack,1610612751.0,Brooklyn,Nets,BKN,0,0,,,,,,0,0,,,,,
0021500403,66,1,49,1,1:25 PM,5:36,Lopez  Driving Dunk (6 PTS) (Johnson 2 AST),,,10 - 10,TIE,4,201572,Brook Lopez,1610612751.0,Brooklyn,Nets,BKN,4,2207,Joe Johnson,1610612751.0,Brooklyn,Nets,BKN,0,0,,,,,
0021500403,67,1,98,1,1:25 PM,5:18,,,Wiggins 2' Cutting Layup Shot (6 PTS) (Towns 1 AST),12 - 10,-2,5,203952,Andrew Wiggins,1610612750.0,Minnesota,Timberwolves,MIN,5,1626157,Karl-Anthony Towns,1610612750.0,Minnesota,Timberwolves,MIN,0,0,,,,,
0021500403,68,5,4,1,1:25 PM,5:05,Bogdanovic Traveling Turnover (P2.T2),,,,,4,202711,Bojan Bogdanovic,1610612751.0,Brooklyn,Nets,BKN,0,0,,,,,,1,0,,,,,
0021500403,69,2,44,1,1:26 PM,4:51,,,MISS Dieng 1' Reverse Layup,,,5,203476,Gorgui Dieng,1610612750.0,Minnesota,Timberwolves,MIN,0,0,,,,,,0,0,,,,,
0021500403,70,4,0,1,1:26 PM,4:50,Young REBOUND (Off:0 Def:6),,,,,4,201152,Thaddeus Young,1610612751.0,Brooklyn,Nets,BKN,0,0,,,,,,0,0,,,,,
0021500403,71,2,42,1,1:26 PM,4:43,MISS Young 2' Driving Layup,,,,,4,201152,Thaddeus Young,1610612751.0,Brooklyn,Nets,BKN,0,0,,,,,,0,0,,,,,
0021500403,72,4,0,1,1:26 PM,4:42,Lopez REBOUND (Off:1 Def:1),,,,,4,201572,Brook Lopez,1610612751.0,Brooklyn,Nets,BKN,0,0,,,,,,0,0,,,,,
0021500403,73,7,5,1,1:26 PM,4:42,,,Dieng Violation:Kicked Ball (M.Ayotte),,,5,203476,Gorgui Dieng,1610612750.0,Minnesota,Timberwolves,MIN,0,0,,,,,,1,0,,,,,
0021500403,74,8,0,1,1:26 PM,4:42,SUB: Ellington FOR Bogdanovic,,,,,4,202711,Bojan Bogdanovic,1610612751.0,Brooklyn,Nets,BKN,4,201961,Wayne Ellington,1610612751.0,Brooklyn,Nets,BKN,0,0,,,,,
0021500403,75,1,1,1,1:26 PM,4:28,Lopez 19' Jump Shot (8 PTS) (Jack 2 AST),,,12 - 12,TIE,4,201572,Brook Lopez,1610612751.0,Brooklyn,Nets,BKN,4,101127,Jarrett Jack,1610612751.0,Brooklyn,Nets,BKN,0,0,,,,,
0021500403,76,1,5,1,1:27 PM,4:09,,,Dieng 1' Layup (4 PTS),14 - 12,-2,5,203476,Gorgui Dieng,1610612750.0,Minnesota,Timberwolves,MIN,0,0,,,,,,0,0,,,,,
0021500403,77,5,1,1,1:27 PM,4:00,Johnson Bad Pass Turnover (P1.T3),,Towns STEAL (1 STL),,,4,2207,Joe Johnson,1610612751.0,Brooklyn,Nets,BKN,5,1626157,Karl-Anthony Towns,1610612750.0,Minnesota,Timberwolves,MIN,0,0,,,,,
0021500403,78,1,41,1,1:27 PM,3:56,,,Rubio 3' Running Layup (4 PTS),16 - 12,-4,5,201937,Ricky Rubio,1610612750.0,Minnesota,Timberwolves,MIN,0,0,,,,,,0,0,,,,,
0021500403,79,6,2,1,1:27 PM,3:56,Johnson S.FOUL (P1.T4) (M.Ayotte),,,,,4,2207,Joe Johnson,1610612751.0,Brooklyn,Nets,BKN,5,201937,Ricky Rubio,1610612750.0,Minnesota,Timberwolves,MIN,1,0,,,,,
0021500403,80,8,0,1,1:27 PM,3:56,SUB: Bargnani FOR Lopez,,,,,4,201572,Brook Lopez,1610612751.0,Brooklyn,Nets,BKN,4,200745,Andrea Bargnani,1610612751.0,Brooklyn,Nets,BKN,0,0,,,,,
0021500403,81,8,0,1,1:27 PM,3:56,,,SUB: Payne FOR Towns,,,5,1626157,Karl-Anthony Towns,1610612750.0,Minnesota,Timberwolves,MIN,5,203940,Adreian Payne,1610612750.0,Minnesota,Timberwolves,MIN,0,0,,,,,
0021500403,82,3,10,1,1:28 PM,3:56,,,Rubio Free Throw 1 of 1 (5 PTS),17 - 12,-5,5,201937,Ricky Rubio,1610612750.0,Minnesota,Timberwolves,MIN,0,0,,,,,,0,0,,,,,
0021500403,84,2,1,1,1:28 PM,3:32,MISS Bargnani 19' Jump Shot,,,,,4,200745,Andrea Bargnani,1610612751.0,Brooklyn,Nets,BKN,0,0,,,,,,0,0,,,,,
0021500403,85,4,0,1,1:28 PM,3:31,,,Prince REBOUND (Off:0 Def:1),,,5,2419,Tayshaun Prince,1610612750.0,Minnesota,Timberwolves,MIN,0,0,,,,,,0,0,,,,,
0021500403,86,1,7,1,1:28 PM,3:23,,,Dieng  Dunk (6 PTS) (Rubio 3 AST),19 - 12,-7,5,203476,Gorgui Dieng,1610612750.0,Minnesota,Timberwolves,MIN,5,201937,Ricky Rubio,1610612750.0,Minnesota,Timberwolves,MIN,0,0,,,,,
0021500403,87,7,5,1,1:28 PM,3:12,,,Payne Violation:Kicked Ball (B.Forte),,,5,203940,Adreian Payne,1610612750.0,Minnesota,Timberwolves,MIN,0,0,,,,,,1,0,,,,,
0021500403,88,9,1,1,1:29 PM,3:12,NETS Timeout: Regular (Full 1 Short 0),,,,,2,1610612751,,,,,,0,0,,,,,,0,0,,,,,
0021500403,89,1,1,1,1:31 PM,3:00,Jack 17' Jump Shot (4 PTS) (Bargnani 1 AST),,,19 - 14,-5,4,101127,Jarrett Jack,1610612751.0,Brooklyn,Nets,BKN,4,200745,Andrea Bargnani,1610612751.0,Brooklyn,Nets,BKN,0,0,,,,,
0021500403,90,1,7,1,1:31 PM,2:46,,,Dieng  Dunk (8 PTS) (Rubio 4 AST),21 - 14,-7,5,203476,Gorgui Dieng,1610612750.0,Minnesota,Timberwolves,MIN,5,201937,Ricky Rubio,1610612750.0,Minnesota,Timberwolves,MIN,0,0,,,,,
0021500403,91,2,5,1,1:32 PM,2:32,MISS Young 2' Layup,,,,,4,201152,Thaddeus Young,1610612751.0,Brooklyn,Nets,BKN,0,0,,,,,,0,0,,,,,
0021500403,92,4,0,1,1:32 PM,2:31,,,Payne REBOUND (Off:0 Def:1),,,5,203940,Adreian Payne,1610612750.0,Minnesota,Timberwolves,MIN,0,0,,,,,,0,0,,,,,
0021500403,93,1,42,1,1:32 PM,2:23,,,Wiggins 3' Driving Layup (8 PTS) (Rubio 5 AST),23 - 14,-9,5,203952,Andrew Wiggins,1610612750.0,Minnesota,Timberwolves,MIN,5,201937,Ricky Rubio,1610612750.0,Minnesota,Timberwolves,MIN,0,0,,,,,
0021500403,94,2,1,1,1:32 PM,1:56,MISS Ellington 25' 3PT Jump Shot,,,,,4,201961,Wayne Ellington,1610612751.0,Brooklyn,Nets,BKN,0,0,,,,,,0,0,,,,,
0021500403,95,4,0,1,1:32 PM,1:55,,,Payne REBOUND (Off:0 Def:2),,,5,203940,Adreian Payne,1610612750.0,Minnesota,Timberwolves,MIN,0,0,,,,,,0,0,,,,,
0021500403,96,1,3,1,1:32 PM,1:47,,,Dieng 5' Hook Shot (10 PTS) (Rubio 6 AST),25 - 14,-11,5,203476,Gorgui Dieng,1610612750.0,Minnesota,Timberwolves,MIN,5,201937,Ricky Rubio,1610612750.0,Minnesota,Timberwolves,MIN,0,0,,,,,
0021500403,97,2,1,1,1:33 PM,1:20,MISS Jack 28' 3PT Jump Shot,,,,,4,101127,Jarrett Jack,1610612751.0,Brooklyn,Nets,BKN,0,0,,,,,,0,0,,,,,
0021500403,98,4,0,1,1:33 PM,1:19,,,Dieng REBOUND (Off:0 Def:2),,,5,203476,Gorgui Dieng,1610612750.0,Minnesota,Timberwolves,MIN,0,0,,,,,,0,0,,,,,
0021500403,99,5,4,1,1:33 PM,1:03,,,Payne Traveling Turnover (P1.T2),,,5,203940,Adreian Payne,1610612750.0,Minnesota,Timberwolves,MIN,0,0,,,,,,1,0,,,,,
0021500403,100,8,0,1,1:33 PM,1:03,,,SUB: LaVine FOR Rubio,,,5,201937,Ricky Rubio,1610612750.0,Minnesota,Timberwolves,MIN,5,203897,Zach LaVine,1610612750.0,Minnesota,Timberwolves,MIN,0,0,,,,,
0021500403,102,8,0,1,1:33 PM,1:03,SUB: Reed FOR Young,,,,,4,201152,Thaddeus Young,1610612751.0,Brooklyn,Nets,BKN,4,203186,Willie Reed,1610612751.0,Brooklyn,Nets,BKN,0,0,,,,,
0021500403,101,8,0,1,1:33 PM,1:03,SUB: Sloan FOR Jack,,,,,4,101127,Jarrett Jack,1610612751.0,Brooklyn,Nets,BKN,4,202388,Donald Sloan,1610612751.0,Brooklyn,Nets,BKN,0,0,,,,,
0021500403,103,8,0,1,1:34 PM,1:03,,,SUB: Muhammad FOR Prince,,,5,2419,Tayshaun Prince,1610612750.0,Minnesota,Timberwolves,MIN,5,203498,Shabazz Muhammad,1610612750.0,Minnesota,Timberwolves,MIN,0,0,,,,,
0021500403,104,6,2,1,1:34 PM,0:50,,,LaVine S.FOUL (P1.T4) (M.Ayotte),,,5,203897,Zach LaVine,1610612750.0,Minnesota,Timberwolves,MIN,4,200745,Andrea Bargnani,1610612751.0,Brooklyn,Nets,BKN,1,0,,,,,
0021500403,105,3,11,1,1:34 PM,0:50,Bargnani Free Throw 1 of 2 (1 PTS),,,25 - 15,-10,4,200745,Andrea Bargnani,1610612751.0,Brooklyn,Nets,BKN,0,0,,,,,,0,0,,,,,
0021500403,107,3,12,1,1:35 PM,0:50,Bargnani Free Throw 2 of 2 (2 PTS),,,25 - 16,-9,4,200745,Andrea Bargnani,1610612751.0,Brooklyn,Nets,BKN,0,0,,,,,,0,0,,,,,
0021500403,109,6,2,1,1:35 PM,0:38,Ellington S.FOUL (P1.PN) (B.Forte),,,,,4,201961,Wayne Ellington,1610612751.0,Brooklyn,Nets,BKN,5,203952,Andrew Wiggins,1610612750.0,Minnesota,Timberwolves,MIN,1,0,,,,,
0021500403,110,3,11,1,1:35 PM,0:38,,,MISS Wiggins Free Throw 1 of 2,,,5,203952,Andrew Wiggins,1610612750.0,Minnesota,Timberwolves,MIN,0,0,,,,,,0,0,,,,,
0021500403,111,4,1,1,1:35 PM,0:38,,,Timberwolves Rebound,,,3,1610612750,,,,,,0,0,,,,,,0,0,,,,,
0021500403,112,3,12,1,1:36 PM,0:38,,,Wiggins Free Throw 2 of 2 (9 PTS),26 - 16,-10,5,203952,Andrew Wiggins,1610612750.0,Minnesota,Timberwolves,MIN,0,0,,,,,,0,0,,,,,
0021500403,114,2,5,1,1:36 PM,0:26,MISS Reed 2' Layup,,Payne BLOCK (1 BLK),,,4,203186,Willie Reed,1610612751.0,Brooklyn,Nets,BKN,0,0,,,,,,5,203940,Adreian Payne,1610612750.0,Minnesota,Timberwolves,MIN
0021500403,115,4,0,1,1:36 PM,0:24,,,Dieng REBOUND (Off:0 Def:3),,,5,203476,Gorgui Dieng,1610612750.0,Minnesota,Timberwolves,MIN,0,0,,,,,,0,0,,,,,
0021500403,116,2,1,1,1:36 PM,0:05,,,MISS Muhammad 24' 3PT Jump Shot,,,5,203498,Shabazz Muhammad,1610612750.0,Minnesota,Timberwolves,MIN,0,0,,,,,,0,0,,,,,
0021500403,117,4,0,1,1:36 PM,0:04,Sloan REBOUND (Off:0 Def:1),,,,,4,202388,Donald Sloan,1610612751.0,Brooklyn,Nets,BKN,0,0,,,,,,0,0,,,,,
0021500403,118,2,1,1,1:36 PM,0:00,MISS Sloan 28' 3PT Jump Shot,,,,,4,202388,Donald Sloan,1610612751.0,Brooklyn,Nets,BKN,0,0,,,,,,0,0,,,,,
0021500403,119,4,0,1,1:36 PM,0:00,NETS Rebound,,,,,2,1610612751,,,,,,0,0,,,,,,0,0,,,,,
0021500403,121,13,0,1,1:37 PM,0:00,,,,26 - 16,-10,0,0,,,,,,0,0,,,,,,0,0,,,,,
0021500403,123,12,0,2,1:39 PM,12:00,,,,26 - 16,-10,0,0,,,,,,0,0,,,,,,0,0,,,,,
0021500403,124,1,98,2,1:39 PM,11:44,Sloan 2' Cutting Layup Shot (2 PTS) (Lopez 2 AST),,,26 - 18,-8,4,202388,Donald Sloan,1610612751.0,Brooklyn,Nets,BKN,4,201572,Brook Lopez,1610612751.0,Brooklyn,Nets,BKN,0,0,,,,,
0021500403,125,1,80,2,1:40 PM,11:23,,,LaVine 20' Step Back Jump Shot (2 PTS) (Martin 1 AST),28 - 18,-10,5,203897,Zach LaVine,1610612750.0,Minnesota,Timberwolves,MIN,5,2755,Kevin Martin,1610612750.0,Minnesota,Timberwolves,MIN,0,0,,,,,
0021500403,126,2,47,2,1:40 PM,11:09,MISS Lopez 14' Turnaround Jump Shot,,,,,4,201572,Brook Lopez,1610612751.0,Brooklyn,Nets,BKN,0,0,,,,,,0,0,,,,,
0021500403,127,4,0,2,1:40 PM,11:08,,,Dieng REBOUND (Off:0 Def:4),,,5,203476,Gorgui Dieng,1610612750.0,Minnesota,Timberwolves,MIN,0,0,,,,,,0,0,,,,,
0021500403,128,2,1,2,1:40 PM,10:57,,,MISS Dieng 21' Jump Shot,,,5,203476,Gorgui Dieng,1610612750.0,Minnesota,Timberwolves,MIN,0,0,,,,,,0,0,,,,,
0021500403,129,4,0,2,1:40 PM,10:55,Bargnani REBOUND (Off:0 Def:1),,,,,4,200745,Andrea Bargnani,1610612751.0,Brooklyn,Nets,BKN,0,0,,,,,,0,0,,,,,
0021500403,130,1,1,2,1:41 PM,10:43,Ellington 24' 3PT Jump Shot (3 PTS) (Lopez 3 AST),,,28 - 21,-7,4,201961,Wayne Ellington,1610612751.0,Brooklyn,Nets,BKN,4,201572,Brook Lopez,1610612751.0,Brooklyn,Nets,BKN,0,0,,,,,
0021500403,131,6,17,2,1:41 PM,10:29,NETS T.Foul (Def. 3 Sec Lopez ) (M.Ayotte),,,,,4,201572,Brook Lopez,1610612751.0,Brooklyn,Nets,BKN,0,0,,,,,,1,0,,,,,
0021500403,132,3,16,2,1:41 PM,10:29,,,Martin Free Throw Technical (1 PTS),29 - 21,-8,5,2755,Kevin Martin,1610612750.0,Minnesota,Timberwolves,MIN,0,0,,,,,,0,0,,,,,
0021500403,135,2,1,2,1:42 PM,10:17,,,MISS Martin 26' 3PT Jump Shot,,,5,2755,Kevin Martin,1610612750.0,Minnesota,Timberwolves,MIN,0,0,,,,,,0,0,,,,,
0021500403,136,4,0,2,1:42 PM,10:16,Lopez REBOUND (Off:1 Def:2),,,,,4,201572,Brook Lopez,1610612751.0,Brooklyn,Nets,BKN,0,0,,,,,,0,0,,,,,
0021500403,137,2,1,2,1:42 PM,10:05,MISS Bargnani 21' Jump Shot,,,,,4,200745,Andrea Bargnani,1610612751.0,Brooklyn,Nets,BKN,0,0,,,,,,0,0,,,,,
0021500403,138,4,0,2,1:42 PM,10:03,,,Payne REBOUND (Off:0 Def:3),,,5,203940,Adreian Payne,1610612750.0,Minnesota,Timberwolves,MIN,0,0,,,,,,0,0,,,,,
0021500403,139,1,47,2,1:42 PM,9:49,,,Martin 9' Turnaround Jump Shot (3 PTS),31 - 21,-10,5,2755,Kevin Martin,1610612750.0,Minnesota,Timberwolves,MIN,0,0,,,,,,0,0,,,,,
0021500403,140,5,40,2,1:42 PM,9:35,Bargnani Out of Bounds Lost Ball Turnover (P1.T4),,,,,4,200745,Andrea Bargnani,1610612751.0,Brooklyn,Nets,BKN,0,0,,,,,,1,0,,,,,
0021500403,141,8,0,2,1:42 PM,9:35,,,SUB: Bjelica FOR Payne,,,5,203940,Adreian Payne,1610612750.0,Minnesota,Timberwolves,MIN,5,202357,Nemanja Bjelica,1610612750.0,Minnesota,Timberwolves,MIN,0,0,,,,,
0021500403,142,2,1,2,1:43 PM,9:12,,,MISS Martin 17' Jump Shot,,,5,2755,Kevin Martin,1610612750.0,Minnesota,Timberwolves,MIN,0,0,,,,,,0,0,,,,,
0021500403,143,4,0,2,1:43 PM,9:11,Lopez REBOUND (Off:1 Def:3),,,,,4,201572,Brook Lopez,1610612751.0,Brooklyn,Nets,BKN,0,0,,,,,,0,0,,,,,
0021500403,144,1,41,2,1:43 PM,9:08,Bogdanovic 3' Running Layup (2 PTS) (Ellington 1 AST),,,31 - 23,-8,4,202711,Bojan Bogdanovic,1610612751.0,Brooklyn,Nets,BKN,4,201961,Wayne Ellington,1610612751.0,Brooklyn,Nets,BKN,0,0,,,,,
0021500403,145,6,2,2,1:43 PM,9:08,,,Bjelica S.FOUL (P1.T1) (M.Ayotte),,,5,202357,Nemanja Bjelica,1610612750.0,Minnesota,Timberwolves,MIN,4,202711,Bojan Bogdanovic,1610612751.0,Brooklyn,Nets,BKN,1,0,,,,,
0021500403,146,3,10,2,1:43 PM,9:08,MISS Bogdanovic Free Throw 1 of 1,,,,,4,202711,Bojan Bogdanovic,1610612751.0,Brooklyn,Nets,BKN,0,0,,,,,,0,0,,,,,
0021500403,148,4,0,2,1:43 PM,9:07,,,LaVine REBOUND (Off:0 Def:1),,,5,203897,Zach LaVine,1610612750.0,Minnesota,Timberwolves,MIN,0,0,,,,,,0,0,,,,,
0021500403,149,1,1,2,1:44 PM,8:51,,,Martin 25' 3PT Jump Shot (6 PTS) (Dieng 1 AST),34 - 23,-11,5,2755,Kevin Martin,1610612750.0,Minnesota,Timberwolves,MIN,5,203476,Gorgui Dieng,1610612750.0,Minnesota,Timberwolves,MIN,0,0,,,,,
0021500403,150,6,2,2,1:44 PM,8:38,,,Bjelica S.FOUL (P2.T2) (M.Ayotte),,,5,202357,Nemanja Bjelica,1610612750.0,Minnesota,Timberwolves,MIN,4,200745,Andrea Bargnani,1610612751.0,Brooklyn,Nets,BKN,1,0,,,,,
0021500403,151,9,4,2,1:44 PM,8:38,,,,,,1,0,,,,,,0,0,,,,,,0,0,,,,,
0021500403,153,3,11,2,1:47 PM,8:38,Bargnani Free Throw 1 of 2 (3 PTS),,,34 - 24,-10,4,200745,Andrea Bargnani,1610612751.0,Brooklyn,Nets,BKN,0,0,,,,,,0,0,,,,,
0021500403,155,3,12,2,1:47 PM,8:38,Bargnani Free Throw 2 of 2 (4 PTS),,,34 - 25,-9,4,200745,Andrea Bargnani,1610612751.0,Brooklyn,Nets,BKN,0,0,,,,,,0,0,,,,,
0021500403,158,2,78,2,1:48 PM,8:16,,,MISS Muhammad 10' Floating Jump Shot,,,5,203498,Shabazz Muhammad,1610612750.0,Minnesota,Timberwolves,MIN,0,0,,,,,,0,0,,,,,
0021500403,159,4,0,2,1:48 PM,8:15,Ellington REBOUND (Off:0 Def:1),,,,,4,201961,Wayne Ellington,1610612751.0,Brooklyn,Nets,BKN,0,0,,,,,,0,0,,,,,
0021500403,160,2,98,2,1:48 PM,7:54,MISS Sloan 2' Cutting Layup Shot,,,,,4,202388,Donald Sloan,1610612751.0,Brooklyn,Nets,BKN,0,0,,,,,,0,0,,,,,
0021500403,161,4,0,2,1:48 PM,7:53,,,LaVine REBOUND (Off:0 Def:2),,,5,203897,Zach LaVine,1610612750.0,Minnesota,Timberwolves,MIN,0,0,,,,,,0,0,,,,,
0021500403,162,2,42,2,1:48 PM,7:48,,,MISS LaVine 2' Driving Layup,,,5,203897,Zach LaVine,1610612750.0,Minnesota,Timberwolves,MIN,0,0,,,,,,0,0,,,,,
0021500403,163,4,0,2,1:48 PM,7:47,,,Muhammad REBOUND (Off:1 Def:0),,,5,203498,Shabazz Muhammad,1610612750.0,Minnesota,Timberwolves,MIN,0,0,,,,,,0,0,,,,,
0021500403,164,2,97,2,1:48 PM,7:46,,,MISS Muhammad 1' Tip Layup Shot,,,5,203498,Shabazz Muhammad,1610612750.0,Minnesota,Timberwolves,MIN,0,0,,,,,,0,0,,,,,
0021500403,165,4,0,2,1:48 PM,7:45,Sloan REBOUND (Off:0 Def:2),,,,,4,202388,Donald Sloan,1610612751.0,Brooklyn,Nets,BKN,0,0,,,,,,0,0,,,,,
0021500403,166,1,5,2,1:48 PM,7:40,Bargnani 2' Layup (6 PTS) (Bogdanovic 1 AST),,,34 - 27,-7,4,200745,Andrea Bargnani,1610612751.0,Brooklyn,Nets,BKN,4,202711,Bojan Bogdanovic,1610612751.0,Brooklyn,Nets,BKN,0,0,,,,,
0021500403,167,2,1,2,1:48 PM,7:26,,,MISS Martin 19' Jump Shot,,,5,2755,Kevin Martin,1610612750.0,Minnesota,Timberwolves,MIN,0,0,,,,,,0,0,,,,,
0021500403,168,4,0,2,1:48 PM,7:25,Bogdanovic REBOUND (Off:0 Def:1),,,,,4,202711,Bojan Bogdanovic,1610612751.0,Brooklyn,Nets,BKN,0,0,,,,,,0,0,,,,,
0021500403,169,1,41,2,1:48 PM,7:21,Ellington 2' Running Layup (5 PTS) (Bogdanovic 2 AST),,,34 - 29,-5,4,201961,Wayne Ellington,1610612751.0,Brooklyn,Nets,BKN,4,202711,Bojan Bogdanovic,1610612751.0,Brooklyn,Nets,BKN,0,0,,,,,
0021500403,170,1,1,2,1:49 PM,6:59,,,Dieng 15' Jump Shot (12 PTS) (Martin 2 AST),36 - 29,-7,5,203476,Gorgui Dieng,1610612750.0,Minnesota,Timberwolves,MIN,5,2755,Kevin Martin,1610612750.0,Minnesota,Timberwolves,MIN,0,0,,,,,
0021500403,171,2,1,2,1:49 PM,6:45,MISS Ellington 20' Jump Shot,,,,,4,201961,Wayne Ellington,1610612751.0,Brooklyn,Nets,BKN,0,0,,,,,,0,0,,,,,
0021500403,172,4,0,2,1:49 PM,6:44,Bargnani REBOUND (Off:1 Def:1),,,,,4,200745,Andrea Bargnani,1610612751.0,Brooklyn,Nets,BKN,0,0,,,,,,0,0,,,,,
0021500403,173,1,47,2,1:49 PM,6:42,Bargnani 6' Turnaround Jump Shot (8 PTS),,,36 - 31,-5,4,200745,Andrea Bargnani,1610612751.0,Brooklyn,Nets,BKN,0,0,,,,,,0,0,,,,,
0021500403,174,9,1,2,1:49 PM,6:29,,,Timberwolves Timeout: Regular (Reg.2 Short 0),,,3,1610612750,,,,,,0,0,,,,,,0,0,,,,,
0021500403,176,8,0,2,1:52 PM,6:29,,,SUB: Towns FOR Bjelica,,,5,202357,Nemanja Bjelica,1610612750.0,Minnesota,Timberwolves,MIN,5,1626157,Karl-Anthony Towns,1610612750.0,Minnesota,Timberwolves,MIN,0,0,,,,,
0021500403,177,2,1,2,1:52 PM,6:15,,,MISS Martin 20' Jump Shot,,,5,2755,Kevin Martin,1610612750.0,Minnesota,Timberwolves,MIN,0,0,,,,,,0,0,,,,,
0021500403,178,4,0,2,1:52 PM,6:14,Sloan REBOUND (Off:0 Def:3),,,,,4,202388,Donald Sloan,1610612751.0,Brooklyn,Nets,BKN,0,0,,,,,,0,0,,,,,
0021500403,179,1,42,2,1:52 PM,6:01,Bargnani 3' Driving Layup (10 PTS),,,36 - 33,-3,4,200745,Andrea Bargnani,1610612751.0,Brooklyn,Nets,BKN,0,0,,,,,,0,0,,,,,
0021500403,180,2,1,2,1:52 PM,5:48,,,MISS Towns 20' Jump Shot,,,5,1626157,Karl-Anthony Towns,1610612750.0,Minnesota,Timberwolves,MIN,0,0,,,,,,0,0,,,,,
0021500403,181,4,0,2,1:53 PM,5:47,Bogdanovic REBOUND (Off:0 Def:2),,,,,4,202711,Bojan Bogdanovic,1610612751.0,Brooklyn,Nets,BKN,0,0,,,,,,0,0,,,,,
0021500403,182,5,1,2,1:53 PM,5:36,Lopez Bad Pass Turnover (P1.T5),,Martin STEAL (1 STL),,,4,201572,Brook Lopez,1610612751.0,Brooklyn,Nets,BKN,5,2755,Kevin Martin,1610612750.0,Minnesota,Timberwolves,MIN,0,0,,,,,
0021500403,183,2,46,2,1:53 PM,5:31,,,MISS LaVine 5' Running Jump Shot,,,5,203897,Zach LaVine,1610612750.0,Minnesota,Timberwolves,MIN,0,0,,,,,,0,0,,,,,
0021500403,184,4,0,2,1:53 PM,5:30,Lopez REBOUND (Off:1 Def:4),,,,,4,201572,Brook Lopez,1610612751.0,Brooklyn,Nets,BKN,0,0,,,,,,0,0,,,,,
0021500403,185,1,5,2,1:53 PM,5:17,Lopez 2' Layup (10 PTS) (Sloan 1 AST),,,36 - 35,-1,4,201572,Brook Lopez,1610612751.0,Brooklyn,Nets,BKN,4,202388,Donald Sloan,1610612751.0,Brooklyn,Nets,BKN,0,0,,,,,
0021500403,186,6,2,2,1:53 PM,5:17,,,Towns S.FOUL (P2.T3) (B.Forte),,,5,1626157,Karl-Anthony Towns,1610612750.0,Minnesota,Timberwolves,MIN,4,201572,Brook Lopez,1610612751.0,Brooklyn,Nets,BKN,1,0,,,,,
0021500403,187,8,0,2,1:53 PM,5:17,,,SUB: Wiggins FOR LaVine,,,5,203897,Zach LaVine,1610612750.0,Minnesota,Timberwolves,MIN,5,203952,Andrew Wiggins,1610612750.0,Minnesota,Timberwolves,MIN,0,0,,,,,
0021500403,188,8,0,2,1:53 PM,5:17,,,SUB: Rubio FOR Muhammad,,,5,203498,Shabazz Muhammad,1610612750.0,Minnesota,Timberwolves,MIN,5,201937,Ricky Rubio,1610612750.0,Minnesota,Timberwolves,MIN,0,0,,,,,
0021500403,189,8,0,2,1:54 PM,5:17,SUB: Young FOR Bargnani,,,,,4,200745,Andrea Bargnani,1610612751.0,Brooklyn,Nets,BKN,4,201152,Thaddeus Young,1610612751.0,Brooklyn,Nets,BKN,0,0,,,,,
0021500403,190,3,10,2,1:54 PM,5:17,Lopez Free Throw 1 of 1 (11 PTS),,,36 - 36,TIE,4,201572,Brook Lopez,1610612751.0,Brooklyn,Nets,BKN,0,0,,,,,,0,0,,,,,
0021500403,193,1,3,2,1:54 PM,5:05,,,Towns 8' Hook Shot (4 PTS) (Martin 3 AST),38 - 36,-2,5,1626157,Karl-Anthony Towns,1610612750.0,Minnesota,Timberwolves,MIN,5,2755,Kevin Martin,1610612750.0,Minnesota,Timberwolves,MIN,0,0,,,,,
0021500403,194,6,2,2,1:54 PM,5:05,Lopez S.FOUL (P2.T1) (M.Ayotte),,,,,4,201572,Brook Lopez,1610612751.0,Brooklyn,Nets,BKN,5,1626157,Karl-Anthony Towns,1610612750.0,Minnesota,Timberwolves,MIN,1,0,,,,,
0021500403,195,3,10,2,1:54 PM,5:05,,,Towns Free Throw 1 of 1 (5 PTS),39 - 36,-3,5,1626157,Karl-Anthony Towns,1610612750.0,Minnesota,Timberwolves,MIN,0,0,,,,,,0,0,,,,,
0021500403,197,2,42,2,1:55 PM,4:54,MISS Sloan 2' Driving Layup,,Dieng BLOCK (1 BLK),,,4,202388,Donald Sloan,1610612751.0,Brooklyn,Nets,BKN,0,0,,,,,,5,203476,Gorgui Dieng,1610612750.0,Minnesota,Timberwolves,MIN
0021500403,198,4,0,2,1:55 PM,4:53,,,Dieng REBOUND (Off:0 Def:5),,,5,203476,Gorgui Dieng,1610612750.0,Minnesota,Timberwolves,MIN,0,0,,,,,,0,0,,,,,
0021500403,201,5,15,2,1:55 PM,4:46,,,Martin Offensive Goaltending Turnover (P1.T3),,,5,2755,Kevin Martin,1610612750.0,Minnesota,Timberwolves,MIN,0,0,,,,,,1,0,,,,,
0021500403,202,2,1,2,1:55 PM,4:31,MISS Ellington 25' 3PT Jump Shot,,,,,4,201961,Wayne Ellington,1610612751.0,Brooklyn,Nets,BKN,0,0,,,,,,0,0,,,,,
0021500403,203,4,0,2,1:55 PM,4:30,,,Wiggins REBOUND (Off:0 Def:1),,,5,203952,Andrew Wiggins,1610612750.0,Minnesota,Timberwolves,MIN,0,0,,,,,,0,0,,,,,
0021500403,204,2,1,2,1:55 PM,4:21,,,MISS Wiggins 25' 3PT Jump Shot,,,5,203952,Andrew Wiggins,1610612750.0,Minnesota,Timberwolves,MIN,0,0,,,,,,0,0,,,,,
0021500403,205,4,0,2,1:55 PM,4:20,Lopez REBOUND (Off:1 Def:5),,,,,4,201572,Brook Lopez,1610612751.0,Brooklyn,Nets,BKN,0,0,,,,,,0,0,,,,,
0021500403,206,2,5,2,1:56 PM,4:13,MISS Bogdanovic 1' Layup,,,,,4,202711,Bojan Bogdanovic,1610612751.0,Brooklyn,Nets,BKN,0,0,,,,,,0,0,,,,,
0021500403,207,4,0,2,1:56 PM,4:12,,,Dieng REBOUND (Off:0 Def:6),,,5,203476,Gorgui Dieng,1610612750.0,Minnesota,Timberwolves,MIN,0,0,,,,,,0,0,,,,,
0021500403,208,1,5,2,1:56 PM,4:06,,,Wiggins 3' Layup (11 PTS) (Rubio 7 AST),41 - 36,-5,5,203952,Andrew Wiggins,1610612750.0,Minnesota,Timberwolves,MIN,5,201937,Ricky Rubio,1610612750.0,Minnesota,Timberwolves,MIN,0,0,,,,,
0021500403,209,2,1,2,1:56 PM,3:46,MISS Ellington 19' Jump Shot,,,,,4,201961,Wayne Ellington,1610612751.0,Brooklyn,Nets,BKN,0,0,,,,,,0,0,,,,,
0021500403,210,4,0,2,1:56 PM,3:45,,,Towns REBOUND (Off:1 Def:2),,,5,1626157,Karl-Anthony Towns,1610612750.0,Minnesota,Timberwolves,MIN,0,0,,,,,,0,0,,,,,
0021500403,211,1,108,2,1:56 PM,3:37,,,Dieng  Cutting Dunk Shot (14 PTS) (Rubio 8 AST),43 - 36,-7,5,203476,Gorgui Dieng,1610612750.0,Minnesota,Timberwolves,MIN,5,201937,Ricky Rubio,1610612750.0,Minnesota,Timberwolves,MIN,0,0,,,,,
0021500403,212,6,1,2,1:56 PM,3:33,,,Dieng P.FOUL (P1.T4) (M.Ayotte),,,5,203476,Gorgui Dieng,1610612750.0,Minnesota,Timberwolves,MIN,4,201152,Thaddeus Young,1610612751.0,Brooklyn,Nets,BKN,1,0,,,,,
0021500403,213,8,0,2,1:57 PM,3:33,SUB: Jack FOR Ellington,,,,,4,201961,Wayne Ellington,1610612751.0,Brooklyn,Nets,BKN,4,101127,Jarrett Jack,1610612751.0,Brooklyn,Nets,BKN,0,0,,,,,
0021500403,214,8,0,2,1:57 PM,3:33,,,SUB: Prince FOR Martin,,,5,2755,Kevin Martin,1610612750.0,Minnesota,Timberwolves,MIN,5,2419,Tayshaun Prince,1610612750.0,Minnesota,Timberwolves,MIN,0,0,,,,,
0021500403,216,5,2,2,1:57 PM,3:17,Jack Lost Ball Turnover (P1.T6),,Rubio STEAL (1 STL),,,4,101127,Jarrett Jack,1610612751.0,Brooklyn,Nets,BKN,5,201937,Ricky Rubio,1610612750.0,Minnesota,Timberwolves,MIN,0,0,,,,,
0021500403,215,10,0,2,1:57 PM,3:17,Jump Ball Jack vs. Rubio: Tip to Wiggins,,,,,4,101127,Jarrett Jack,1610612751.0,Brooklyn,Nets,BKN,5,201937,Ricky Rubio,1610612750.0,Minnesota,Timberwolves,MIN,5,203952,Andrew Wiggins,1610612750.0,Minnesota,Timberwolves,MIN
0021500403,217,1,3,2,1:58 PM,3:00,,,Dieng 8' Hook Shot (16 PTS),45 - 36,-9,5,203476,Gorgui Dieng,1610612750.0,Minnesota,Timberwolves,MIN,0,0,,,,,,0,0,,,,,
0021500403,218,1,1,2,1:58 PM,2:42,Bogdanovic 25' 3PT Jump Shot (5 PTS) (Sloan 2 AST),,,45 - 39,-6,4,202711,Bojan Bogdanovic,1610612751.0,Brooklyn,Nets,BKN,4,202388,Donald Sloan,1610612751.0,Brooklyn,Nets,BKN,0,0,,,,,
0021500403,219,1,1,2,1:58 PM,2:26,,,Prince 18' Jump Shot (2 PTS) (Rubio 9 AST),47 - 39,-8,5,2419,Tayshaun Prince,1610612750.0,Minnesota,Timberwolves,MIN,5,201937,Ricky Rubio,1610612750.0,Minnesota,Timberwolves,MIN,0,0,,,,,
0021500403,221,9,1,2,1:59 PM,2:10,NETS Timeout: Regular (Full 2 Short 0),,,,,2,1610612751,,,,,,0,0,,,,,,0,0,,,,,
0021500403,223,8,0,2,2:01 PM,2:10,SUB: Johnson FOR Sloan,,,,,4,202388,Donald Sloan,1610612751.0,Brooklyn,Nets,BKN,4,2207,Joe Johnson,1610612751.0,Brooklyn,Nets,BKN,0,0,,,,,
0021500403,224,1,57,2,2:01 PM,2:05,Young 7' Driving Hook Shot (4 PTS) (Lopez 4 AST),,,47 - 41,-6,4,201152,Thaddeus Young,1610612751.0,Brooklyn,Nets,BKN,4,201572,Brook Lopez,1610612751.0,Brooklyn,Nets,BKN,0,0,,,,,
0021500403,225,2,1,2,2:01 PM,1:50,,,MISS Towns 19' Jump Shot,,,5,1626157,Karl-Anthony Towns,1610612750.0,Minnesota,Timberwolves,MIN,0,0,,,,,,0,0,,,,,
0021500403,226,4,0,2,2:01 PM,1:49,Bogdanovic REBOUND (Off:0 Def:3),,,,,4,202711,Bojan Bogdanovic,1610612751.0,Brooklyn,Nets,BKN,0,0,,,,,,0,0,,,,,
0021500403,227,6,1,2,2:02 PM,1:42,,,Dieng P.FOUL (P2.PN) (L.Wood),,,5,203476,Gorgui Dieng,1610612750.0,Minnesota,Timberwolves,MIN,4,201572,Brook Lopez,1610612751.0,Brooklyn,Nets,BKN,1,0,,,,,
0021500403,228,3,11,2,2:02 PM,1:42,Lopez Free Throw 1 of 2 (12 PTS),,,47 - 42,-5,4,201572,Brook Lopez,1610612751.0,Brooklyn,Nets,BKN,0,0,,,,,,0,0,,,,,
0021500403,230,8,0,2,2:02 PM,1:42,,,SUB: Payne FOR Dieng,,,5,203476,Gorgui Dieng,1610612750.0,Minnesota,Timberwolves,MIN,5,203940,Adreian Payne,1610612750.0,Minnesota,Timberwolves,MIN,0,0,,,,,
0021500403,231,3,12,2,2:02 PM,1:42,Lopez Free Throw 2 of 2 (13 PTS),,,47 - 43,-4,4,201572,Brook Lopez,1610612751.0,Brooklyn,Nets,BKN,0,0,,,,,,0,0,,,,,
0021500403,233,5,1,2,2:03 PM,1:26,Bogdanovic STEAL (1 STL),,Prince Bad Pass Turnover (P1.T4),,,5,2419,Tayshaun Prince,1610612750.0,Minnesota,Timberwolves,MIN,4,202711,Bojan Bogdanovic,1610612751.0,Brooklyn,Nets,BKN,0,0,,,,,
0021500403,234,5,1,2,2:03 PM,1:21,Bogdanovic Bad Pass Turnover (P3.T7),,Wiggins STEAL (1 STL),,,4,202711,Bojan Bogdanovic,1610612751.0,Brooklyn,Nets,BKN,5,203952,Andrew Wiggins,1610612750.0,Minnesota,Timberwolves,MIN,0,0,,,,,
0021500403,235,6,1,2,2:03 PM,1:17,Bogdanovic P.FOUL (P2.T2) (B.Forte),,,,,4,202711,Bojan Bogdanovic,1610612751.0,Brooklyn,Nets,BKN,5,203940,Adreian Payne,1610612750.0,Minnesota,Timberwolves,MIN,1,0,,,,,
0021500403,236,2,5,2,2:03 PM,1:11,,,MISS Towns 2' Layup,,,5,1626157,Karl-Anthony Towns,1610612750.0,Minnesota,Timberwolves,MIN,0,0,,,,,,0,0,,,,,
0021500403,237,4,0,2,2:03 PM,1:10,,,Towns REBOUND (Off:2 Def:2),,,5,1626157,Karl-Anthony Towns,1610612750.0,Minnesota,Timberwolves,MIN,0,0,,,,,,0,0,,,,,
0021500403,238,5,4,2,2:03 PM,1:08,,,Towns Traveling Turnover (P1.T5),,,5,1626157,Karl-Anthony Towns,1610612750.0,Minnesota,Timberwolves,MIN,0,0,,,,,,1,0,,,,,
0021500403,239,5,2,2,2:04 PM,0:59,Lopez Lost Ball Turnover (P2.T8),,Rubio STEAL (2 STL),,,4,201572,Brook Lopez,1610612751.0,Brooklyn,Nets,BKN,5,201937,Ricky Rubio,1610612750.0,Minnesota,Timberwolves,MIN,0,0,,,,,
0021500403,240,1,50,2,2:04 PM,0:56,,,Towns  Running Dunk (7 PTS) (Rubio 10 AST),49 - 43,-6,5,1626157,Karl-Anthony Towns,1610612750.0,Minnesota,Timberwolves,MIN,5,201937,Ricky Rubio,1610612750.0,Minnesota,Timberwolves,MIN,0,0,,,,,
0021500403,241,2,3,2,2:04 PM,0:37,MISS Young 10' Hook Shot,,,,,4,201152,Thaddeus Young,1610612751.0,Brooklyn,Nets,BKN,0,0,,,,,,0,0,,,,,
0021500403,242,4,0,2,2:04 PM,0:36,Young REBOUND (Off:1 Def:6),,,,,4,201152,Thaddeus Young,1610612751.0,Brooklyn,Nets,BKN,0,0,,,,,,0,0,,,,,
0021500403,243,2,1,2,2:04 PM,0:33,MISS Young 6' Jump Shot,,,,,4,201152,Thaddeus Young,1610612751.0,Brooklyn,Nets,BKN,0,0,,,,,,0,0,,,,,
0021500403,244,4,0,2,2:04 PM,0:32,,,Towns REBOUND (Off:2 Def:3),,,5,1626157,Karl-Anthony Towns,1610612750.0,Minnesota,Timberwolves,MIN,0,0,,,,,,0,0,,,,,
0021500403,245,1,5,2,2:05 PM,0:14,,,Towns 2' Layup (9 PTS) (Rubio 11 AST),51 - 43,-8,5,1626157,Karl-Anthony Towns,1610612750.0,Minnesota,Timberwolves,MIN,5,201937,Ricky Rubio,1610612750.0,Minnesota,Timberwolves,MIN,0,0,,,,,
0021500403,246,6,2,2,2:05 PM,0:14,Jack S.FOUL (P2.PN) (L.Wood),,,,,4,101127,Jarrett Jack,1610612751.0,Brooklyn,Nets,BKN,5,1626157,Karl-Anthony Towns,1610612750.0,Minnesota,Timberwolves,MIN,1,0,,,,,
0021500403,247,3,10,2,2:05 PM,0:14,,,Towns Free Throw 1 of 1 (10 PTS),52 - 43,-9,5,1626157,Karl-Anthony Towns,1610612750.0,Minnesota,Timberwolves,MIN,0,0,,,,,,0,0,,,,,
0021500403,249,2,1,2,2:05 PM,0:00,MISS Johnson 29' 3PT Jump Shot,,,,,4,2207,Joe Johnson,1610612751.0,Brooklyn,Nets,BKN,0,0,,,,,,0,0,,,,,
0021500403,250,4,0,2,2:05 PM,0:00,NETS Rebound,,,,,2,1610612751,,,,,,0,0,,,,,,0,0,,,,,
0021500403,251,13,0,2,2:06 PM,0:00,,,,52 - 43,-9,0,0,,,,,,0,0,,,,,,0,0,,,,,
0021500403,253,12,0,3,2:21 PM,12:00,,,,52 - 43,-9,0,0,,,,,,0,0,,,,,,0,0,,,,,
0021500403,254,5,1,3,2:21 PM,11:45,Jack Bad Pass Turnover (P2.T9),,Rubio STEAL (3 STL),,,4,101127,Jarrett Jack,1610612751.0,Brooklyn,Nets,BKN,5,201937,Ricky Rubio,1610612750.0,Minnesota,Timberwolves,MIN,0,0,,,,,
0021500403,255,2,1,3,2:22 PM,11:31,,,MISS Rubio 19' Jump Shot,,,5,201937,Ricky Rubio,1610612750.0,Minnesota,Timberwolves,MIN,0,0,,,,,,0,0,,,,,
0021500403,256,4,0,3,2:22 PM,11:30,Lopez REBOUND (Off:1 Def:6),,,,,4,201572,Brook Lopez,1610612751.0,Brooklyn,Nets,BKN,0,0,,,,,,0,0,,,,,
0021500403,257,2,80,3,2:22 PM,11:14,MISS Johnson 18' Step Back Jump Shot,,,,,4,2207,Joe Johnson,1610612751.0,Brooklyn,Nets,BKN,0,0,,,,,,0,0,,,,,
0021500403,258,4,0,3,2:22 PM,11:13,,,Garnett REBOUND (Off:0 Def:4),,,5,708,Kevin Garnett,1610612750.0,Minnesota,Timberwolves,MIN,0,0,,,,,,0,0,,,,,
0021500403,260,6,1,3,2:22 PM,11:02,Bogdanovic P.FOUL (P3.T1) (M.Ayotte),,,,,4,202711,Bojan Bogdanovic,1610612751.0,Brooklyn,Nets,BKN,5,203952,Andrew Wiggins,1610612750.0,Minnesota,Timberwolves,MIN,1,0,,,,,
0021500403,261,5,8,3,2:23 PM,11:02,,,Towns 3 Second Violation Turnover (P2.T6),,,5,1626157,Karl-Anthony Towns,1610612750.0,Minnesota,Timberwolves,MIN,0,0,,,,,,1,0,,,,,
0021500403,262,1,42,3,2:23 PM,10:45,Johnson 2' Driving Layup (2 PTS),,,52 - 45,-7,4,2207,Joe Johnson,1610612751.0,Brooklyn,Nets,BKN,0,0,,,,,,0,0,,,,,
0021500403,263,2,42,3,2:23 PM,10:34,,,MISS Rubio 2' Driving Layup,,,5,201937,Ricky Rubio,1610612750.0,Minnesota,Timberwolves,MIN,0,0,,,,,,0,0,,,,,
0021500403,264,4,0,3,2:23 PM,10:33,,,Towns REBOUND (Off:3 Def:3),,,5,1626157,Karl-Anthony Towns,1610612750.0,Minnesota,Timberwolves,MIN,0,0,,,,,,0,0,,,,,
0021500403,265,2,97,3,2:23 PM,10:32,,,MISS Towns 2' Tip Layup Shot,,,5,1626157,Karl-Anthony Towns,1610612750.0,Minnesota,Timberwolves,MIN,0,0,,,,,,0,0,,,,,
0021500403,266,4,0,3,2:23 PM,10:31,NETS Rebound,,,,,2,1610612751,,,,,,0,0,,,,,,0,0,,,,,
0021500403,267,1,58,3,2:24 PM,10:14,Lopez 12' Turnaround Hook Shot (15 PTS) (Johnson 3 AST),,,52 - 47,-5,4,201572,Brook Lopez,1610612751.0,Brooklyn,Nets,BKN,4,2207,Joe Johnson,1610612751.0,Brooklyn,Nets,BKN,0,0,,,,,
0021500403,268,1,1,3,2:24 PM,9:54,,,Towns 20' Jump Shot (12 PTS) (Rubio 12 AST),54 - 47,-7,5,1626157,Karl-Anthony Towns,1610612750.0,Minnesota,Timberwolves,MIN,5,201937,Ricky Rubio,1610612750.0,Minnesota,Timberwolves,MIN,0,0,,,,,
0021500403,269,5,1,3,2:24 PM,9:49,Lopez Bad Pass Turnover (P3.T10),,Rubio STEAL (4 STL),,,4,201572,Brook Lopez,1610612751.0,Brooklyn,Nets,BKN,5,201937,Ricky Rubio,1610612750.0,Minnesota,Timberwolves,MIN,0,0,,,,,
0021500403,270,2,1,3,2:24 PM,9:46,,,MISS Rubio 20' Jump Shot,,,5,201937,Ricky Rubio,1610612750.0,Minnesota,Timberwolves,MIN,0,0,,,,,,0,0,,,,,
0021500403,271,4,0,3,2:24 PM,9:45,Lopez REBOUND (Off:1 Def:7),,,,,4,201572,Brook Lopez,1610612751.0,Brooklyn,Nets,BKN,0,0,,,,,,0,0,,,,,
0021500403,272,2,79,3,2:24 PM,9:36,MISS Jack 17' Pullup Jump Shot,,,,,4,101127,Jarrett Jack,1610612751.0,Brooklyn,Nets,BKN,0,0,,,,,,0,0,,,,,
0021500403,273,4,0,3,2:24 PM,9:35,,,Garnett REBOUND (Off:0 Def:5),,,5,708,Kevin Garnett,1610612750.0,Minnesota,Timberwolves,MIN,0,0,,,,,,0,0,,,,,
0021500403,274,6,27,3,2:25 PM,9:30,Jack Personal Block Foul (P3.T2) (L.Wood),,,,,4,101127,Jarrett Jack,1610612751.0,Brooklyn,Nets,BKN,5,201937,Ricky Rubio,1610612750.0,Minnesota,Timberwolves,MIN,1,0,,,,,
0021500403,275,3,11,3,2:25 PM,9:30,,,Rubio Free Throw 1 of 2 (6 PTS),55 - 47,-8,5,201937,Ricky Rubio,1610612750.0,Minnesota,Timberwolves,MIN,0,0,,,,,,0,0,,,,,
0021500403,277,3,12,3,2:25 PM,9:30,,,Rubio Free Throw 2 of 2 (7 PTS),56 - 47,-9,5,201937,Ricky Rubio,1610612750.0,Minnesota,Timberwolves,MIN,0,0,,,,,,0,0,,,,,
0021500403,279,1,1,3,2:26 PM,9:10,Bogdanovic 25' 3PT Jump Shot (8 PTS) (Jack 3 AST),,,56 - 50,-6,4,202711,Bojan Bogdanovic,1610612751.0,Brooklyn,Nets,BKN,4,101127,Jarrett Jack,1610612751.0,Brooklyn,Nets,BKN,0,0,,,,,
0021500403,280,5,39,3,2:26 PM,8:58,,,Wiggins Step Out of Bounds Turnover (P2.T7),,,5,203952,Andrew Wiggins,1610612750.0,Minnesota,Timberwolves,MIN,0,0,,,,,,1,0,,,,,
0021500403,281,2,78,3,2:26 PM,8:41,MISS Johnson 11' Floating Jump Shot,,,,,4,2207,Joe Johnson,1610612751.0,Brooklyn,Nets,BKN,0,0,,,,,,0,0,,,,,
0021500403,282,4,0,3,2:26 PM,8:40,,,Garnett REBOUND (Off:0 Def:6),,,5,708,Kevin Garnett,1610612750.0,Minnesota,Timberwolves,MIN,0,0,,,,,,0,0,,,,,
0021500403,283,1,41,3,2:26 PM,8:35,,,Wiggins 2' Running Layup (13 PTS),58 - 50,-8,5,203952,Andrew Wiggins,1610612750.0,Minnesota,Timberwolves,MIN,0,0,,,,,,0,0,,,,,
0021500403,284,1,108,3,2:27 PM,8:23,Bogdanovic  Cutting Dunk Shot (10 PTS) (Lopez 5 AST),,,58 - 52,-6,4,202711,Bojan Bogdanovic,1610612751.0,Brooklyn,Nets,BKN,4,201572,Brook Lopez,1610612751.0,Brooklyn,Nets,BKN,0,0,,,,,
0021500403,285,9,1,3,2:27 PM,8:15,,,Timberwolves Timeout: Regular (Reg.3 Short 0),,,3,1610612750,,,,,,0,0,,,,,,0,0,,,,,
0021500403,287,5,1,3,2:29 PM,8:07,Lopez STEAL (1 STL),,Rubio Bad Pass Turnover (P1.T8),,,5,201937,Ricky Rubio,1610612750.0,Minnesota,Timberwolves,MIN,4,201572,Brook Lopez,1610612751.0,Brooklyn,Nets,BKN,0,0,,,,,
0021500403,288,2,1,3,2:30 PM,7:50,MISS Bogdanovic 25' 3PT Jump Shot,,,,,4,202711,Bojan Bogdanovic,1610612751.0,Brooklyn,Nets,BKN,0,0,,,,,,0,0,,,,,
0021500403,289,4,0,3,2:30 PM,7:49,,,Garnett REBOUND (Off:0 Def:7),,,5,708,Kevin Garnett,1610612750.0,Minnesota,Timberwolves,MIN,0,0,,,,,,0,0,,,,,
0021500403,290,2,75,3,2:30 PM,7:40,,,MISS Towns 3' Driving Finger Roll Layup,,,5,1626157,Karl-Anthony Towns,1610612750.0,Minnesota,Timberwolves,MIN,0,0,,,,,,0,0,,,,,
0021500403,291,4,0,3,2:30 PM,7:39,Johnson REBOUND (Off:1 Def:1),,,,,4,2207,Joe Johnson,1610612751.0,Brooklyn,Nets,BKN,0,0,,,,,,0,0,,,,,
0021500403,292,6,1,3,2:30 PM,7:37,,,Garnett P.FOUL (P2.T1) (L.Wood),,,5,708,Kevin Garnett,1610612750.0,Minnesota,Timberwolves,MIN,4,2207,Joe Johnson,1610612751.0,Brooklyn,Nets,BKN,1,0,,,,,
0021500403,293,6,2,3,2:31 PM,7:27,,,Towns S.FOUL (P3.T2) (B.Forte),,,5,1626157,Karl-Anthony Towns,1610612750.0,Minnesota,Timberwolves,MIN,4,201572,Brook Lopez,1610612751.0,Brooklyn,Nets,BKN,1,0,,,,,
0021500403,294,3,11,3,2:31 PM,7:27,Lopez Free Throw 1 of 2 (16 PTS),,,58 - 53,-5,4,201572,Brook Lopez,1610612751.0,Brooklyn,Nets,BKN,0,0,,,,,,0,0,,,,,
0021500403,296,3,12,3,2:31 PM,7:27,MISS Lopez Free Throw 2 of 2,,,,,4,201572,Brook Lopez,1610612751.0,Brooklyn,Nets,BKN,0,0,,,,,,0,0,,,,,
0021500403,298,4,0,3,2:31 PM,7:26,,,Towns REBOUND (Off:3 Def:4),,,5,1626157,Karl-Anthony Towns,1610612750.0,Minnesota,Timberwolves,MIN,0,0,,,,,,0,0,,,,,
0021500403,299,1,5,3,2:32 PM,7:11,,,Towns 2' Layup (14 PTS) (Garnett 2 AST),60 - 53,-7,5,1626157,Karl-Anthony Towns,1610612750.0,Minnesota,Timberwolves,MIN,5,708,Kevin Garnett,1610612750.0,Minnesota,Timberwolves,MIN,0,0,,,,,
0021500403,300,6,2,3,2:32 PM,7:11,Johnson S.FOUL (P2.T3) (M.Ayotte),,,,,4,2207,Joe Johnson,1610612751.0,Brooklyn,Nets,BKN,5,1626157,Karl-Anthony Towns,1610612750.0,Minnesota,Timberwolves,MIN,1,0,,,,,
0021500403,301,3,10,3,2:32 PM,7:11,,,Towns Free Throw 1 of 1 (15 PTS),61 - 53,-8,5,1626157,Karl-Anthony Towns,1610612750.0,Minnesota,Timberwolves,MIN,0,0,,,,,,0,0,,,,,
0021500403,303,5,1,3,2:32 PM,6:53,Jack Bad Pass Turnover (P3.T11),,Garnett STEAL (1 STL),,,4,101127,Jarrett Jack,1610612751.0,Brooklyn,Nets,BKN,5,708,Kevin Garnett,1610612750.0,Minnesota,Timberwolves,MIN,0,0,,,,,
0021500403,304,6,1,3,2:33 PM,6:44,Jack P.FOUL (P4.T4) (M.Ayotte),,,,,4,101127,Jarrett Jack,1610612751.0,Brooklyn,Nets,BKN,5,201937,Ricky Rubio,1610612750.0,Minnesota,Timberwolves,MIN,1,0,,,,,
0021500403,305,8,0,3,2:33 PM,6:44,SUB: Sloan FOR Jack,,,,,4,101127,Jarrett Jack,1610612751.0,Brooklyn,Nets,BKN,4,202388,Donald Sloan,1610612751.0,Brooklyn,Nets,BKN,0,0,,,,,
0021500403,306,2,79,3,2:33 PM,6:31,,,MISS Garnett 16' Pullup Jump Shot,,,5,708,Kevin Garnett,1610612750.0,Minnesota,Timberwolves,MIN,0,0,,,,,,0,0,,,,,
0021500403,307,4,0,3,2:33 PM,6:30,Lopez REBOUND (Off:1 Def:8),,,,,4,201572,Brook Lopez,1610612751.0,Brooklyn,Nets,BKN,0,0,,,,,,0,0,,,,,
0021500403,308,5,1,3,2:33 PM,6:23,Lopez Bad Pass Turnover (P4.T12),,Garnett STEAL (2 STL),,,4,201572,Brook Lopez,1610612751.0,Brooklyn,Nets,BKN,5,708,Kevin Garnett,1610612750.0,Minnesota,Timberwolves,MIN,0,0,,,,,
0021500403,309,1,1,3,2:33 PM,6:15,,,Prince 19' Jump Shot (4 PTS) (Rubio 13 AST),63 - 53,-10,5,2419,Tayshaun Prince,1610612750.0,Minnesota,Timberwolves,MIN,5,201937,Ricky Rubio,1610612750.0,Minnesota,Timberwolves,MIN,0,0,,,,,
0021500403,310,9,1,3,2:33 PM,6:15,NETS Timeout: Regular (Full 3 Short 0),,,,,2,1610612751,,,,,,0,0,,,,,,0,0,,,,,
0021500403,312,8,0,3,2:36 PM,6:15,SUB: Brown FOR Bogdanovic,,,,,4,202711,Bojan Bogdanovic,1610612751.0,Brooklyn,Nets,BKN,4,203900,Markel Brown,1610612751.0,Brooklyn,Nets,BKN,0,0,,,,,
0021500403,313,8,0,3,2:36 PM,6:15,SUB: Bargnani FOR Lopez,,,,,4,201572,Brook Lopez,1610612751.0,Brooklyn,Nets,BKN,4,200745,Andrea Bargnani,1610612751.0,Brooklyn,Nets,BKN,0,0,,,,,
0021500403,314,8,0,3,2:36 PM,6:15,,,SUB: Dieng FOR Garnett,,,5,708,Kevin Garnett,1610612750.0,Minnesota,Timberwolves,MIN,5,203476,Gorgui Dieng,1610612750.0,Minnesota,Timberwolves,MIN,0,0,,,,,
0021500403,315,2,75,3,2:36 PM,5:51,MISS Johnson 3' Driving Finger Roll Layup,,,,,4,2207,Joe Johnson,1610612751.0,Brooklyn,Nets,BKN,0,0,,,,,,0,0,,,,,
0021500403,316,4,0,3,2:36 PM,5:50,NETS Rebound,,,,,2,1610612751,,,,,,0,0,,,,,,0,0,,,,,
0021500403,317,5,11,3,2:36 PM,5:50,NETS Turnover: Shot Clock (T#13),,,,,2,1610612751,,,,,,0,0,,,,,,1,0,,,,,
0021500403,318,1,5,3,2:37 PM,5:30,,,Towns 2' Layup (17 PTS) (Dieng 2 AST),65 - 53,-12,5,1626157,Karl-Anthony Towns,1610612750.0,Minnesota,Timberwolves,MIN,5,203476,Gorgui Dieng,1610612750.0,Minnesota,Timberwolves,MIN,0,0,,,,,
0021500403,319,1,1,3,2:37 PM,5:05,Young 20' Jump Shot (6 PTS),,,65 - 55,-10,4,201152,Thaddeus Young,1610612751.0,Brooklyn,Nets,BKN,0,0,,,,,,0,0,,,,,
0021500403,320,6,1,3,2:38 PM,4:52,Sloan P.FOUL (P1.PN) (M.Ayotte),,,,,4,202388,Donald Sloan,1610612751.0,Brooklyn,Nets,BKN,5,201937,Ricky Rubio,1610612750.0,Minnesota,Timberwolves,MIN,1,0,,,,,
0021500403,321,3,11,3,2:38 PM,4:52,,,MISS Rubio Free Throw 1 of 2,,,5,201937,Ricky Rubio,1610612750.0,Minnesota,Timberwolves,MIN,0,0,,,,,,0,0,,,,,
0021500403,322,4,1,3,2:38 PM,4:52,,,Timberwolves Rebound,,,3,1610612750,,,,,,0,0,,,,,,0,0,,,,,
0021500403,323,8,0,3,2:38 PM,4:52,SUB: Reed FOR Young,,,,,4,201152,Thaddeus Young,1610612751.0,Brooklyn,Nets,BKN,4,203186,Willie Reed,1610612751.0,Brooklyn,Nets,BKN,0,0,,,,,
0021500403,324,3,12,3,2:38 PM,4:52,,,Rubio Free Throw 2 of 2 (8 PTS),66 - 55,-11,5,201937,Ricky Rubio,1610612750.0,Minnesota,Timberwolves,MIN,0,0,,,,,,0,0,,,,,
0021500403,326,6,2,3,2:39 PM,4:41,,,Wiggins S.FOUL (P1.T3) (B.Forte),,,5,203952,Andrew Wiggins,1610612750.0,Minnesota,Timberwolves,MIN,4,203900,Markel Brown,1610612751.0,Brooklyn,Nets,BKN,1,0,,,,,
0021500403,327,3,11,3,2:39 PM,4:41,Brown Free Throw 1 of 2 (1 PTS),,,66 - 56,-10,4,203900,Markel Brown,1610612751.0,Brooklyn,Nets,BKN,0,0,,,,,,0,0,,,,,
0021500403,329,3,12,3,2:39 PM,4:41,MISS Brown Free Throw 2 of 2,,,,,4,203900,Markel Brown,1610612751.0,Brooklyn,Nets,BKN,0,0,,,,,,0,0,,,,,
0021500403,331,4,0,3,2:39 PM,4:40,,,Dieng REBOUND (Off:0 Def:7),,,5,203476,Gorgui Dieng,1610612750.0,Minnesota,Timberwolves,MIN,0,0,,,,,,0,0,,,,,
0021500403,332,2,1,3,2:39 PM,4:27,,,MISS Prince 20' Jump Shot,,,5,2419,Tayshaun Prince,1610612750.0,Minnesota,Timberwolves,MIN,0,0,,,,,,0,0,,,,,
0021500403,333,4,0,3,2:39 PM,4:26,,,Wiggins REBOUND (Off:1 Def:1),,,5,203952,Andrew Wiggins,1610612750.0,Minnesota,Timberwolves,MIN,0,0,,,,,,0,0,,,,,
0021500403,334,2,1,3,2:40 PM,4:07,,,MISS Wiggins 9' Jump Shot,,,5,203952,Andrew Wiggins,1610612750.0,Minnesota,Timberwolves,MIN,0,0,,,,,,0,0,,,,,
0021500403,335,4,0,3,2:40 PM,4:06,,,Wiggins REBOUND (Off:2 Def:1),,,5,203952,Andrew Wiggins,1610612750.0,Minnesota,Timberwolves,MIN,0,0,,,,,,0,0,,,,,
0021500403,336,6,26,3,2:40 PM,4:00,,,Wiggins Offensive Charge Foul (P2.T4) (B.Forte),,,5,203952,Andrew Wiggins,1610612750.0,Minnesota,Timberwolves,MIN,4,203900,Markel Brown,1610612751.0,Brooklyn,Nets,BKN,1,0,,,,,
0021500403,337,5,5,3,2:40 PM,4:00,,,Wiggins Foul Turnover (P3.T9),,,5,203952,Andrew Wiggins,1610612750.0,Minnesota,Timberwolves,MIN,0,0,,,,,,1,0,,,,,
0021500403,338,2,42,3,2:40 PM,3:53,MISS Sloan 2' Driving Layup,,Towns BLOCK (2 BLK),,,4,202388,Donald Sloan,1610612751.0,Brooklyn,Nets,BKN,0,0,,,,,,5,1626157,Karl-Anthony Towns,1610612750.0,Minnesota,Timberwolves,MIN
0021500403,339,4,0,3,2:40 PM,3:52,,,Dieng REBOUND (Off:0 Def:8),,,5,203476,Gorgui Dieng,1610612750.0,Minnesota,Timberwolves,MIN,0,0,,,,,,0,0,,,,,
0021500403,340,6,2,3,2:40 PM,3:45,Brown S.FOUL (P1.PN) (B.Forte),,,,,4,203900,Markel Brown,1610612751.0,Brooklyn,Nets,BKN,5,203952,Andrew Wiggins,1610612750.0,Minnesota,Timberwolves,MIN,1,0,,,,,
0021500403,341,3,11,3,2:41 PM,3:45,,,Wiggins Free Throw 1 of 2 (14 PTS),67 - 56,-11,5,203952,Andrew Wiggins,1610612750.0,Minnesota,Timberwolves,MIN,0,0,,,,,,0,0,,,,,
0021500403,343,3,12,3,2:41 PM,3:45,,,MISS Wiggins Free Throw 2 of 2,,,5,203952,Andrew Wiggins,1610612750.0,Minnesota,Timberwolves,MIN,0,0,,,,,,0,0,,,,,
0021500403,345,4,0,3,2:41 PM,3:44,Johnson REBOUND (Off:1 Def:2),,,,,4,2207,Joe Johnson,1610612751.0,Brooklyn,Nets,BKN,0,0,,,,,,0,0,,,,,
0021500403,346,2,79,3,2:41 PM,3:34,MISS Johnson 20' Pullup Jump Shot,,,,,4,2207,Joe Johnson,1610612751.0,Brooklyn,Nets,BKN,0,0,,,,,,0,0,,,,,
0021500403,347,4,0,3,2:41 PM,3:33,,,Towns REBOUND (Off:3 Def:5),,,5,1626157,Karl-Anthony Towns,1610612750.0,Minnesota,Timberwolves,MIN,0,0,,,,,,0,0,,,,,
0021500403,348,5,2,3,2:41 PM,3:25,Bargnani STEAL (1 STL),,Rubio Lost Ball Turnover (P2.T10),,,5,201937,Ricky Rubio,1610612750.0,Minnesota,Timberwolves,MIN,4,200745,Andrea Bargnani,1610612751.0,Brooklyn,Nets,BKN,0,0,,,,,
0021500403,349,1,44,3,2:42 PM,3:13,Reed 2' Reverse Layup (2 PTS) (Sloan 3 AST),,,67 - 58,-9,4,203186,Willie Reed,1610612751.0,Brooklyn,Nets,BKN,4,202388,Donald Sloan,1610612751.0,Brooklyn,Nets,BKN,0,0,,,,,
0021500403,350,1,3,3,2:42 PM,2:52,,,Towns 9' Hook Shot (19 PTS),69 - 58,-11,5,1626157,Karl-Anthony Towns,1610612750.0,Minnesota,Timberwolves,MIN,0,0,,,,,,0,0,,,,,
0021500403,351,6,1,3,2:42 PM,2:38,,,Prince P.FOUL (P1.PN) (L.Wood),,,5,2419,Tayshaun Prince,1610612750.0,Minnesota,Timberwolves,MIN,4,200745,Andrea Bargnani,1610612751.0,Brooklyn,Nets,BKN,1,0,,,,,
0021500403,352,8,0,3,2:42 PM,2:38,,,SUB: LaVine FOR Rubio,,,5,201937,Ricky Rubio,1610612750.0,Minnesota,Timberwolves,MIN,5,203897,Zach LaVine,1610612750.0,Minnesota,Timberwolves,MIN,0,0,,,,,
0021500403,353,1,42,3,2:43 PM,2:27,Sloan 2' Driving Layup (4 PTS) (Johnson 4 AST),,,69 - 60,-9,4,202388,Donald Sloan,1610612751.0,Brooklyn,Nets,BKN,4,2207,Joe Johnson,1610612751.0,Brooklyn,Nets,BKN,0,0,,,,,
0021500403,354,6,2,3,2:43 PM,2:05,Brown S.FOUL (P2.PN) (L.Wood),,,,,4,203900,Markel Brown,1610612751.0,Brooklyn,Nets,BKN,5,203952,Andrew Wiggins,1610612750.0,Minnesota,Timberwolves,MIN,1,0,,,,,
0021500403,355,3,11,3,2:44 PM,2:05,,,Wiggins Free Throw 1 of 2 (15 PTS),70 - 60,-10,5,203952,Andrew Wiggins,1610612750.0,Minnesota,Timberwolves,MIN,0,0,,,,,,0,0,,,,,
0021500403,357,8,0,3,2:44 PM,2:05,,,SUB: Martin FOR Prince,,,5,2419,Tayshaun Prince,1610612750.0,Minnesota,Timberwolves,MIN,5,2755,Kevin Martin,1610612750.0,Minnesota,Timberwolves,MIN,0,0,,,,,
0021500403,358,3,12,3,2:44 PM,2:05,,,Wiggins Free Throw 2 of 2 (16 PTS),71 - 60,-11,5,203952,Andrew Wiggins,1610612750.0,Minnesota,Timberwolves,MIN,0,0,,,,,,0,0,,,,,
0021500403,365,2,46,3,2:44 PM,1:49,MISS Johnson 7' Running Jump Shot,,Wiggins BLOCK (1 BLK),,,4,2207,Joe Johnson,1610612751.0,Brooklyn,Nets,BKN,0,0,,,,,,5,203952,Andrew Wiggins,1610612750.0,Minnesota,Timberwolves,MIN
0021500403,364,4,0,3,2:44 PM,1:48,Johnson REBOUND (Off:2 Def:2),,,,,4,2207,Joe Johnson,1610612751.0,Brooklyn,Nets,BKN,0,0,,,,,,0,0,,,,,
0021500403,360,5,1,3,2:44 PM,1:47,Johnson Bad Pass Turnover (P2.T14),,Martin STEAL (2 STL),,,4,2207,Joe Johnson,1610612751.0,Brooklyn,Nets,BKN,5,2755,Kevin Martin,1610612750.0,Minnesota,Timberwolves,MIN,0,0,,,,,
0021500403,361,6,1,3,2:44 PM,1:47,Reed P.FOUL (P1.PN) (M.Ayotte),,,,,4,203186,Willie Reed,1610612751.0,Brooklyn,Nets,BKN,5,2755,Kevin Martin,1610612750.0,Minnesota,Timberwolves,MIN,1,0,,,,,
0021500403,362,3,11,3,2:45 PM,1:47,,,Martin Free Throw 1 of 2 (7 PTS),72 - 60,-12,5,2755,Kevin Martin,1610612750.0,Minnesota,Timberwolves,MIN,0,0,,,,,,0,0,,,,,
0021500403,366,8,0,3,2:45 PM,1:47,SUB: Ellington FOR Johnson,,,,,4,2207,Joe Johnson,1610612751.0,Brooklyn,Nets,BKN,4,201961,Wayne Ellington,1610612751.0,Brooklyn,Nets,BKN,0,0,,,,,
0021500403,368,8,0,3,2:45 PM,1:47,SUB: Lopez FOR Reed,,,,,4,203186,Willie Reed,1610612751.0,Brooklyn,Nets,BKN,4,201572,Brook Lopez,1610612751.0,Brooklyn,Nets,BKN,0,0,,,,,
0021500403,369,3,12,3,2:45 PM,1:47,,,Martin Free Throw 2 of 2 (8 PTS),73 - 60,-13,5,2755,Kevin Martin,1610612750.0,Minnesota,Timberwolves,MIN,0,0,,,,,,0,0,,,,,
0021500403,371,6,1,3,2:46 PM,1:36,,,Dieng P.FOUL (P3.PN) (L.Wood),,,5,203476,Gorgui Dieng,1610612750.0,Minnesota,Timberwolves,MIN,4,200745,Andrea Bargnani,1610612751.0,Brooklyn,Nets,BKN,1,0,,,,,
0021500403,372,3,11,3,2:46 PM,1:36,MISS Bargnani Free Throw 1 of 2,,,,,4,200745,Andrea Bargnani,1610612751.0,Brooklyn,Nets,BKN,0,0,,,,,,0,0,,,,,
0021500403,373,4,1,3,2:46 PM,1:36,NETS Rebound,,,,,2,1610612751,,,,,,0,0,,,,,,0,0,,,,,
0021500403,374,8,0,3,2:46 PM,1:36,,,SUB: Payne FOR Towns,,,5,1626157,Karl-Anthony Towns,1610612750.0,Minnesota,Timberwolves,MIN,5,203940,Adreian Payne,1610612750.0,Minnesota,Timberwolves,MIN,0,0,,,,,
0021500403,375,3,12,3,2:46 PM,1:36,Bargnani Free Throw 2 of 2 (11 PTS),,,73 - 61,-12,4,200745,Andrea Bargnani,1610612751.0,Brooklyn,Nets,BKN,0,0,,,,,,0,0,,,,,
0021500403,377,1,1,3,2:47 PM,1:24,,,Dieng 18' Jump Shot (18 PTS) (LaVine 1 AST),75 - 61,-14,5,203476,Gorgui Dieng,1610612750.0,Minnesota,Timberwolves,MIN,5,203897,Zach LaVine,1610612750.0,Minnesota,Timberwolves,MIN,0,0,,,,,
0021500403,378,1,49,3,2:47 PM,1:07,Lopez  Driving Dunk (18 PTS),,,75 - 63,-12,4,201572,Brook Lopez,1610612751.0,Brooklyn,Nets,BKN,0,0,,,,,,0,0,,,,,
0021500403,379,2,1,3,2:47 PM,0:51,,,MISS LaVine 25' 3PT Jump Shot,,,5,203897,Zach LaVine,1610612750.0,Minnesota,Timberwolves,MIN,0,0,,,,,,0,0,,,,,
0021500403,380,4,0,3,2:47 PM,0:50,Bargnani REBOUND (Off:1 Def:2),,,,,4,200745,Andrea Bargnani,1610612751.0,Brooklyn,Nets,BKN,0,0,,,,,,0,0,,,,,
0021500403,381,1,42,3,2:48 PM,0:40,Sloan 2' Driving Layup (6 PTS) (Ellington 2 AST),,,75 - 65,-10,4,202388,Donald Sloan,1610612751.0,Brooklyn,Nets,BKN,4,201961,Wayne Ellington,1610612751.0,Brooklyn,Nets,BKN,0,0,,,,,
0021500403,382,5,2,3,2:48 PM,0:24,Sloan STEAL (1 STL),,LaVine Lost Ball Turnover (P1.T11),,,5,203897,Zach LaVine,1610612750.0,Minnesota,Timberwolves,MIN,4,202388,Donald Sloan,1610612751.0,Brooklyn,Nets,BKN,0,0,,,,,
0021500403,383,2,1,3,2:48 PM,0:01,MISS Bargnani 19' Jump Shot,,,,,4,200745,Andrea Bargnani,1610612751.0,Brooklyn,Nets,BKN,0,0,,,,,,0,0,,,,,
0021500403,384,4,0,3,2:48 PM,0:00,NETS Rebound,,,,,2,1610612751,,,,,,0,0,,,,,,0,0,,,,,
0021500403,385,13,0,3,2:48 PM,0:00,,,,75 - 65,-10,0,0,,,,,,0,0,,,,,,0,0,,,,,
0021500403,387,12,0,4,2:51 PM,12:00,,,,75 - 65,-10,0,0,,,,,,0,0,,,,,,0,0,,,,,
0021500403,388,1,1,4,2:51 PM,11:45,,,Martin 17' Jump Shot (10 PTS) (LaVine 2 AST),77 - 65,-12,5,2755,Kevin Martin,1610612750.0,Minnesota,Timberwolves,MIN,5,203897,Zach LaVine,1610612750.0,Minnesota,Timberwolves,MIN,0,0,,,,,
0021500403,389,1,51,4,2:52 PM,11:27,Lopez  Reverse Dunk (20 PTS) (Sloan 4 AST),,,77 - 67,-10,4,201572,Brook Lopez,1610612751.0,Brooklyn,Nets,BKN,4,202388,Donald Sloan,1610612751.0,Brooklyn,Nets,BKN,0,0,,,,,
0021500403,391,2,1,4,2:52 PM,11:02,,,MISS LaVine 24' 3PT Jump Shot,,,5,203897,Zach LaVine,1610612750.0,Minnesota,Timberwolves,MIN,0,0,,,,,,0,0,,,,,
0021500403,392,4,0,4,2:52 PM,11:00,,,LaVine REBOUND (Off:1 Def:2),,,5,203897,Zach LaVine,1610612750.0,Minnesota,Timberwolves,MIN,0,0,,,,,,0,0,,,,,
0021500403,393,6,2,4,2:52 PM,10:59,Lopez S.FOUL (P3.T1) (L.Wood),,,,,4,201572,Brook Lopez,1610612751.0,Brooklyn,Nets,BKN,5,203897,Zach LaVine,1610612750.0,Minnesota,Timberwolves,MIN,1,0,,,,,
0021500403,394,3,11,4,2:53 PM,10:59,,,LaVine Free Throw 1 of 2 (3 PTS),78 - 67,-11,5,203897,Zach LaVine,1610612750.0,Minnesota,Timberwolves,MIN,0,0,,,,,,0,0,,,,,
0021500403,396,3,12,4,2:53 PM,10:59,,,LaVine Free Throw 2 of 2 (4 PTS),79 - 67,-12,5,203897,Zach LaVine,1610612750.0,Minnesota,Timberwolves,MIN,0,0,,,,,,0,0,,,,,
0021500403,398,1,42,4,2:53 PM,10:49,Ellington 3' Driving Layup (7 PTS),,,79 - 69,-10,4,201961,Wayne Ellington,1610612751.0,Brooklyn,Nets,BKN,0,0,,,,,,0,0,,,,,
0021500403,399,2,3,4,2:54 PM,10:33,,,MISS Payne 6' Hook Shot,,,5,203940,Adreian Payne,1610612750.0,Minnesota,Timberwolves,MIN,0,0,,,,,,0,0,,,,,
0021500403,400,4,0,4,2:54 PM,10:32,Lopez REBOUND (Off:1 Def:9),,,,,4,201572,Brook Lopez,1610612751.0,Brooklyn,Nets,BKN,0,0,,,,,,0,0,,,,,
0021500403,401,2,1,4,2:54 PM,10:10,MISS Ellington 25' 3PT Jump Shot,,,,,4,201961,Wayne Ellington,1610612751.0,Brooklyn,Nets,BKN,0,0,,,,,,0,0,,,,,
0021500403,402,4,0,4,2:54 PM,10:09,,,Payne REBOUND (Off:0 Def:4),,,5,203940,Adreian Payne,1610612750.0,Minnesota,Timberwolves,MIN,0,0,,,,,,0,0,,,,,
0021500403,403,1,1,4,2:54 PM,10:02,,,Martin 24' 3PT Jump Shot (13 PTS) (LaVine 3 AST),82 - 69,-13,5,2755,Kevin Martin,1610612750.0,Minnesota,Timberwolves,MIN,5,203897,Zach LaVine,1610612750.0,Minnesota,Timberwolves,MIN,0,0,,,,,
0021500403,404,6,1,4,2:54 PM,9:52,,,Martin P.FOUL (P1.T1) (L.Wood),,,5,2755,Kevin Martin,1610612750.0,Minnesota,Timberwolves,MIN,4,201961,Wayne Ellington,1610612751.0,Brooklyn,Nets,BKN,1,0,,,,,
0021500403,405,8,0,4,2:54 PM,9:52,SUB: Young FOR Bargnani,,,,,4,200745,Andrea Bargnani,1610612751.0,Brooklyn,Nets,BKN,4,201152,Thaddeus Young,1610612751.0,Brooklyn,Nets,BKN,0,0,,,,,
0021500403,406,8,0,4,2:54 PM,9:52,SUB: Jack FOR Sloan,,,,,4,202388,Donald Sloan,1610612751.0,Brooklyn,Nets,BKN,4,101127,Jarrett Jack,1610612751.0,Brooklyn,Nets,BKN,0,0,,,,,
0021500403,408,6,1,4,2:55 PM,9:41,,,Payne P.FOUL (P1.T2) (L.Wood),,,5,203940,Adreian Payne,1610612750.0,Minnesota,Timberwolves,MIN,4,201152,Thaddeus Young,1610612751.0,Brooklyn,Nets,BKN,1,0,,,,,
0021500403,409,2,63,4,2:56 PM,9:29,MISS Young 19' Fadeaway Jumper,,,,,4,201152,Thaddeus Young,1610612751.0,Brooklyn,Nets,BKN,0,0,,,,,,0,0,,,,,
0021500403,410,4,0,4,2:56 PM,9:28,,,Payne REBOUND (Off:0 Def:5),,,5,203940,Adreian Payne,1610612750.0,Minnesota,Timberwolves,MIN,0,0,,,,,,0,0,,,,,
0021500403,411,5,1,4,2:56 PM,9:06,Bogdanovic STEAL (2 STL),,Martin Bad Pass Turnover (P2.T12),,,5,2755,Kevin Martin,1610612750.0,Minnesota,Timberwolves,MIN,4,202711,Bojan Bogdanovic,1610612751.0,Brooklyn,Nets,BKN,0,0,,,,,
0021500403,412,6,1,4,2:56 PM,9:05,,,A. Miller P.FOUL (P1.T3) (M.Ayotte),,,5,1889,Andre Miller,1610612750.0,Minnesota,Timberwolves,MIN,4,202711,Bojan Bogdanovic,1610612751.0,Brooklyn,Nets,BKN,1,0,,,,,
0021500403,414,9,4,4,2:57 PM,8:52,,,,,,1,0,,,,,,0,0,,,,,,0,0,,,,,
0021500403,416,2,78,4,2:59 PM,8:40,MISS Jack 9' Floating Jump Shot,,,,,4,101127,Jarrett Jack,1610612751.0,Brooklyn,Nets,BKN,0,0,,,,,,0,0,,,,,
0021500403,417,4,0,4,2:59 PM,8:38,,,Dieng REBOUND (Off:0 Def:9),,,5,203476,Gorgui Dieng,1610612750.0,Minnesota,Timberwolves,MIN,0,0,,,,,,0,0,,,,,
0021500403,418,1,52,4,3:00 PM,8:22,,,LaVine  Alley Oop Dunk (6 PTS) (Dieng 3 AST),84 - 69,-15,5,203897,Zach LaVine,1610612750.0,Minnesota,Timberwolves,MIN,5,203476,Gorgui Dieng,1610612750.0,Minnesota,Timberwolves,MIN,0,0,,,,,
0021500403,419,6,1,4,3:00 PM,8:05,,,Martin P.FOUL (P2.T4) (M.Ayotte),,,5,2755,Kevin Martin,1610612750.0,Minnesota,Timberwolves,MIN,4,201152,Thaddeus Young,1610612751.0,Brooklyn,Nets,BKN,1,0,,,,,
0021500403,420,1,1,4,3:00 PM,7:48,Ellington 24' 3PT Jump Shot (10 PTS) (Jack 4 AST),,,84 - 72,-12,4,201961,Wayne Ellington,1610612751.0,Brooklyn,Nets,BKN,4,101127,Jarrett Jack,1610612751.0,Brooklyn,Nets,BKN,0,0,,,,,
0021500403,421,6,1,4,3:01 PM,7:36,Jack P.FOUL (P5.T2) (B.Forte),,,,,4,101127,Jarrett Jack,1610612751.0,Brooklyn,Nets,BKN,5,203897,Zach LaVine,1610612750.0,Minnesota,Timberwolves,MIN,1,0,,,,,
0021500403,422,2,5,4,3:01 PM,7:28,,,MISS Payne 3' Layup,,,5,203940,Adreian Payne,1610612750.0,Minnesota,Timberwolves,MIN,0,0,,,,,,0,0,,,,,
0021500403,423,4,0,4,3:01 PM,7:27,Young REBOUND (Off:1 Def:7),,,,,4,201152,Thaddeus Young,1610612751.0,Brooklyn,Nets,BKN,0,0,,,,,,0,0,,,,,
0021500403,424,2,1,4,3:01 PM,7:13,MISS Ellington 25' 3PT Jump Shot,,,,,4,201961,Wayne Ellington,1610612751.0,Brooklyn,Nets,BKN,0,0,,,,,,0,0,,,,,
0021500403,425,4,0,4,3:01 PM,7:12,Lopez REBOUND (Off:2 Def:9),,,,,4,201572,Brook Lopez,1610612751.0,Brooklyn,Nets,BKN,0,0,,,,,,0,0,,,,,
0021500403,426,5,13,4,3:02 PM,7:07,NETS Turnover: Backcourt (T#15),,,,,2,1610612751,,,,,,0,0,,,,,,1,0,,,,,
0021500403,427,1,75,4,3:02 PM,6:55,,,LaVine 3' Driving Finger Roll Layup (8 PTS),86 - 72,-14,5,203897,Zach LaVine,1610612750.0,Minnesota,Timberwolves,MIN,0,0,,,,,,0,0,,,,,
0021500403,428,5,1,4,3:02 PM,6:37,Ellington Bad Pass Turnover (P1.T16),,A. Miller STEAL (1 STL),,,4,201961,Wayne Ellington,1610612751.0,Brooklyn,Nets,BKN,5,1889,Andre Miller,1610612750.0,Minnesota,Timberwolves,MIN,0,0,,,,,
0021500403,429,1,41,4,3:02 PM,6:34,,,A. Miller 2' Running Layup (2 PTS),88 - 72,-16,5,1889,Andre Miller,1610612750.0,Minnesota,Timberwolves,MIN,0,0,,,,,,0,0,,,,,
0021500403,431,9,1,4,3:03 PM,6:34,NETS Timeout: Regular (Full 4 Short 0),,,,,2,1610612751,,,,,,0,0,,,,,,0,0,,,,,
0021500403,432,8,0,4,3:04 PM,6:34,SUB: Johnson FOR Ellington,,,,,4,201961,Wayne Ellington,1610612751.0,Brooklyn,Nets,BKN,4,2207,Joe Johnson,1610612751.0,Brooklyn,Nets,BKN,0,0,,,,,
0021500403,433,2,1,4,3:05 PM,6:20,MISS Jack 24' 3PT Jump Shot,,,,,4,101127,Jarrett Jack,1610612751.0,Brooklyn,Nets,BKN,0,0,,,,,,0,0,,,,,
0021500403,434,4,0,4,3:05 PM,6:19,,,Payne REBOUND (Off:0 Def:6),,,5,203940,Adreian Payne,1610612750.0,Minnesota,Timberwolves,MIN,0,0,,,,,,0,0,,,,,
0021500403,435,1,1,4,3:05 PM,6:02,,,Martin 24' 3PT Jump Shot (16 PTS) (A. Miller 1 AST),91 - 72,-19,5,2755,Kevin Martin,1610612750.0,Minnesota,Timberwolves,MIN,5,1889,Andre Miller,1610612750.0,Minnesota,Timberwolves,MIN,0,0,,,,,
0021500403,436,2,82,4,3:06 PM,5:47,MISS Johnson 6' Driving Bank Shot,,,,,4,2207,Joe Johnson,1610612751.0,Brooklyn,Nets,BKN,0,0,,,,,,0,0,,,,,
0021500403,437,4,0,4,3:06 PM,5:45,,,Payne REBOUND (Off:0 Def:7),,,5,203940,Adreian Payne,1610612750.0,Minnesota,Timberwolves,MIN,0,0,,,,,,0,0,,,,,
0021500403,438,2,47,4,3:06 PM,5:23,,,MISS Payne 17' Turnaround Jump Shot,,,5,203940,Adreian Payne,1610612750.0,Minnesota,Timberwolves,MIN,0,0,,,,,,0,0,,,,,
0021500403,439,4,0,4,3:06 PM,5:22,Jack REBOUND (Off:0 Def:2),,,,,4,101127,Jarrett Jack,1610612751.0,Brooklyn,Nets,BKN,0,0,,,,,,0,0,,,,,
0021500403,440,1,1,4,3:06 PM,5:15,Bogdanovic  3PT Jump Shot (13 PTS) (Johnson 5 AST),,,91 - 75,-16,4,202711,Bojan Bogdanovic,1610612751.0,Brooklyn,Nets,BKN,4,2207,Joe Johnson,1610612751.0,Brooklyn,Nets,BKN,0,0,,,,,
0021500403,441,1,1,4,3:06 PM,4:58,,,Dieng 17' Jump Shot (20 PTS) (LaVine 4 AST),93 - 75,-18,5,203476,Gorgui Dieng,1610612750.0,Minnesota,Timberwolves,MIN,5,203897,Zach LaVine,1610612750.0,Minnesota,Timberwolves,MIN,0,0,,,,,
0021500403,443,8,0,4,3:07 PM,4:45,,,SUB: Rubio FOR Payne,,,5,203940,Adreian Payne,1610612750.0,Minnesota,Timberwolves,MIN,5,201937,Ricky Rubio,1610612750.0,Minnesota,Timberwolves,MIN,0,0,,,,,
0021500403,444,8,0,4,3:07 PM,4:45,,,SUB: Wiggins FOR Martin,,,5,2755,Kevin Martin,1610612750.0,Minnesota,Timberwolves,MIN,5,203952,Andrew Wiggins,1610612750.0,Minnesota,Timberwolves,MIN,0,0,,,,,
0021500403,445,8,0,4,3:07 PM,4:45,,,SUB: Towns FOR A. Miller,,,5,1889,Andre Miller,1610612750.0,Minnesota,Timberwolves,MIN,5,1626157,Karl-Anthony Towns,1610612750.0,Minnesota,Timberwolves,MIN,0,0,,,,,
0021500403,446,1,82,4,3:07 PM,4:39,Young 6' Driving Bank Shot (8 PTS) (Jack 5 AST),,,93 - 77,-16,4,201152,Thaddeus Young,1610612751.0,Brooklyn,Nets,BKN,4,101127,Jarrett Jack,1610612751.0,Brooklyn,Nets,BKN,0,0,,,,,
0021500403,447,1,79,4,3:07 PM,4:21,,,LaVine 17' Pullup Jump Shot (10 PTS),95 - 77,-18,5,203897,Zach LaVine,1610612750.0,Minnesota,Timberwolves,MIN,0,0,,,,,,0,0,,,,,
0021500403,448,2,1,4,3:08 PM,4:07,MISS Young 19' Jump Shot,,,,,4,201152,Thaddeus Young,1610612751.0,Brooklyn,Nets,BKN,0,0,,,,,,0,0,,,,,
0021500403,449,4,0,4,3:08 PM,4:06,,,Towns REBOUND (Off:3 Def:6),,,5,1626157,Karl-Anthony Towns,1610612750.0,Minnesota,Timberwolves,MIN,0,0,,,,,,0,0,,,,,
0021500403,450,6,1,4,3:08 PM,4:00,Johnson P.FOUL (P3.T3) (L.Wood),,,,,4,2207,Joe Johnson,1610612751.0,Brooklyn,Nets,BKN,5,203476,Gorgui Dieng,1610612750.0,Minnesota,Timberwolves,MIN,1,0,,,,,
0021500403,451,1,1,4,3:08 PM,3:51,,,Towns 20' Jump Shot (21 PTS) (Rubio 14 AST),97 - 77,-20,5,1626157,Karl-Anthony Towns,1610612750.0,Minnesota,Timberwolves,MIN,5,201937,Ricky Rubio,1610612750.0,Minnesota,Timberwolves,MIN,0,0,,,,,
0021500403,452,6,2,4,3:09 PM,3:33,,,Wiggins S.FOUL (P3.PN) (B.Forte),,,5,203952,Andrew Wiggins,1610612750.0,Minnesota,Timberwolves,MIN,4,2207,Joe Johnson,1610612751.0,Brooklyn,Nets,BKN,1,0,,,,,
0021500403,453,3,11,4,3:09 PM,3:33,Johnson Free Throw 1 of 2 (3 PTS),,,97 - 78,-19,4,2207,Joe Johnson,1610612751.0,Brooklyn,Nets,BKN,0,0,,,,,,0,0,,,,,
0021500403,455,3,12,4,3:09 PM,3:33,Johnson Free Throw 2 of 2 (4 PTS),,,97 - 79,-18,4,2207,Joe Johnson,1610612751.0,Brooklyn,Nets,BKN,0,0,,,,,,0,0,,,,,
0021500403,457,5,2,4,3:09 PM,3:21,Young STEAL (1 STL),,Dieng Lost Ball Turnover (P1.T13),,,5,203476,Gorgui Dieng,1610612750.0,Minnesota,Timberwolves,MIN,4,201152,Thaddeus Young,1610612751.0,Brooklyn,Nets,BKN,0,0,,,,,
0021500403,458,6,1,4,3:09 PM,3:17,,,Dieng P.FOUL (P4.PN) (B.Forte),,,5,203476,Gorgui Dieng,1610612750.0,Minnesota,Timberwolves,MIN,4,201152,Thaddeus Young,1610612751.0,Brooklyn,Nets,BKN,1,0,,,,,
0021500403,459,3,11,4,3:10 PM,3:17,Young Free Throw 1 of 2 (9 PTS),,,97 - 80,-17,4,201152,Thaddeus Young,1610612751.0,Brooklyn,Nets,BKN,0,0,,,,,,0,0,,,,,
0021500403,461,3,12,4,3:10 PM,3:17,Young Free Throw 2 of 2 (10 PTS),,,97 - 81,-16,4,201152,Thaddeus Young,1610612751.0,Brooklyn,Nets,BKN,0,0,,,,,,0,0,,,,,
0021500403,463,1,82,4,3:10 PM,3:03,,,Towns 6' Driving Bank Shot (23 PTS) (Rubio 15 AST),99 - 81,-18,5,1626157,Karl-Anthony Towns,1610612750.0,Minnesota,Timberwolves,MIN,5,201937,Ricky Rubio,1610612750.0,Minnesota,Timberwolves,MIN,0,0,,,,,
0021500403,464,6,2,4,3:10 PM,3:03,Young S.FOUL (P1.T4) (M.Ayotte),,,,,4,201152,Thaddeus Young,1610612751.0,Brooklyn,Nets,BKN,5,1626157,Karl-Anthony Towns,1610612750.0,Minnesota,Timberwolves,MIN,1,0,,,,,
0021500403,465,3,10,4,3:11 PM,3:03,,,Towns Free Throw 1 of 1 (24 PTS),100 - 81,-19,5,1626157,Karl-Anthony Towns,1610612750.0,Minnesota,Timberwolves,MIN,0,0,,,,,,0,0,,,,,
0021500403,467,1,5,4,3:11 PM,2:49,Young 2' Layup (12 PTS) (Johnson 6 AST),,,100 - 83,-17,4,201152,Thaddeus Young,1610612751.0,Brooklyn,Nets,BKN,4,2207,Joe Johnson,1610612751.0,Brooklyn,Nets,BKN,0,0,,,,,
0021500403,468,2,98,4,3:11 PM,2:31,Lopez BLOCK (1 BLK),,MISS Towns 2' Cutting Layup Shot,,,5,1626157,Karl-Anthony Towns,1610612750.0,Minnesota,Timberwolves,MIN,0,0,,,,,,4,201572,Brook Lopez,1610612751.0,Brooklyn,Nets,BKN
0021500403,469,4,0,4,3:11 PM,2:29,Lopez REBOUND (Off:2 Def:10),,,,,4,201572,Brook Lopez,1610612751.0,Brooklyn,Nets,BKN,0,0,,,,,,0,0,,,,,
0021500403,470,1,98,4,3:11 PM,2:25,Johnson 2' Cutting Layup Shot (6 PTS) (Jack 6 AST),,,100 - 85,-15,4,2207,Joe Johnson,1610612751.0,Brooklyn,Nets,BKN,4,101127,Jarrett Jack,1610612751.0,Brooklyn,Nets,BKN,0,0,,,,,
0021500403,471,9,1,4,3:12 PM,2:24,,,Timberwolves Timeout: Regular (Reg.4 Short 0),,,3,1610612750,,,,,,0,0,,,,,,0,0,,,,,
0021500403,472,8,0,4,3:14 PM,2:24,,,SUB: Muhammad FOR Rubio,,,5,201937,Ricky Rubio,1610612750.0,Minnesota,Timberwolves,MIN,5,203498,Shabazz Muhammad,1610612750.0,Minnesota,Timberwolves,MIN,0,0,,,,,
0021500403,473,8,0,4,3:14 PM,2:24,,,SUB: A. Miller FOR Wiggins,,,5,203952,Andrew Wiggins,1610612750.0,Minnesota,Timberwolves,MIN,5,1889,Andre Miller,1610612750.0,Minnesota,Timberwolves,MIN,0,0,,,,,
0021500403,474,2,42,4,3:14 PM,2:07,Lopez BLOCK (2 BLK),,MISS LaVine 3' Driving Layup,,,5,203897,Zach LaVine,1610612750.0,Minnesota,Timberwolves,MIN,0,0,,,,,,4,201572,Brook Lopez,1610612751.0,Brooklyn,Nets,BKN
0021500403,475,4,0,4,3:14 PM,2:05,Johnson REBOUND (Off:2 Def:3),,,,,4,2207,Joe Johnson,1610612751.0,Brooklyn,Nets,BKN,0,0,,,,,,0,0,,,,,
0021500403,476,2,79,4,3:14 PM,1:59,MISS Jack 25' 3PT Pullup Jump Shot,,,,,4,101127,Jarrett Jack,1610612751.0,Brooklyn,Nets,BKN,0,0,,,,,,0,0,,,,,
0021500403,477,4,0,4,3:14 PM,1:58,,,Towns REBOUND (Off:3 Def:7),,,5,1626157,Karl-Anthony Towns,1610612750.0,Minnesota,Timberwolves,MIN,0,0,,,,,,0,0,,,,,
0021500403,478,2,1,4,3:15 PM,1:36,,,MISS LaVine 7' Jump Shot,,,5,203897,Zach LaVine,1610612750.0,Minnesota,Timberwolves,MIN,0,0,,,,,,0,0,,,,,
0021500403,479,4,0,4,3:15 PM,1:35,,,Timberwolves Rebound,,,3,1610612750,,,,,,0,0,,,,,,0,0,,,,,
0021500403,480,5,11,4,3:15 PM,1:35,,,Timberwolves Turnover: Shot Clock (T#14),,,3,1610612750,,,,,,0,0,,,,,,1,0,,,,,
0021500403,481,8,0,4,3:15 PM,1:35,,,SUB: Rudez FOR Towns,,,5,1626157,Karl-Anthony Towns,1610612750.0,Minnesota,Timberwolves,MIN,5,204014,Damjan Rudez,1610612750.0,Minnesota,Timberwolves,MIN,0,0,,,,,
0021500403,482,2,1,4,3:15 PM,1:17,MISS Bogdanovic 24' 3PT Jump Shot,,,,,4,202711,Bojan Bogdanovic,1610612751.0,Brooklyn,Nets,BKN,0,0,,,,,,0,0,,,,,
0021500403,483,4,0,4,3:15 PM,1:16,,,LaVine REBOUND (Off:1 Def:3),,,5,203897,Zach LaVine,1610612750.0,Minnesota,Timberwolves,MIN,0,0,,,,,,0,0,,,,,
0021500403,484,2,1,4,3:16 PM,0:57,,,MISS Muhammad 25' 3PT Jump Shot,,,5,203498,Shabazz Muhammad,1610612750.0,Minnesota,Timberwolves,MIN,0,0,,,,,,0,0,,,,,
0021500403,485,4,0,4,3:16 PM,0:56,Jack REBOUND (Off:0 Def:3),,,,,4,101127,Jarrett Jack,1610612751.0,Brooklyn,Nets,BKN,0,0,,,,,,0,0,,,,,
0021500403,486,2,1,4,3:16 PM,0:46,MISS Lopez 24' 3PT Jump Shot,,,,,4,201572,Brook Lopez,1610612751.0,Brooklyn,Nets,BKN,0,0,,,,,,0,0,,,,,
0021500403,487,4,0,4,3:16 PM,0:45,,,Rudez REBOUND (Off:0 Def:1),,,5,204014,Damjan Rudez,1610612750.0,Minnesota,Timberwolves,MIN,0,0,,,,,,0,0,,,,,
0021500403,488,2,1,4,3:16 PM,0:22,,,MISS Rudez  3PT Jump Shot,,,5,204014,Damjan Rudez,1610612750.0,Minnesota,Timberwolves,MIN,0,0,,,,,,0,0,,,,,
0021500403,489,4,0,4,3:16 PM,0:21,Johnson REBOUND (Off:2 Def:4),,,,,4,2207,Joe Johnson,1610612751.0,Brooklyn,Nets,BKN,0,0,,,,,,0,0,,,,,
0021500403,490,2,5,4,3:17 PM,0:05,MISS Bogdanovic 2' Layup,,,,,4,202711,Bojan Bogdanovic,1610612751.0,Brooklyn,Nets,BKN,0,0,,,,,,0,0,,,,,
0021500403,491,4,0,4,3:17 PM,0:04,,,Dieng REBOUND (Off:0 Def:10),,,5,203476,Gorgui Dieng,1610612750.0,Minnesota,Timberwolves,MIN,0,0,,,,,,0,0,,,,,
0021500403,492,13,0,4,3:17 PM,0:00,,,,100 - 85,-15,0,0,,,,,,0,0,,,,,,0,0,,,,,
