GAME_ID,EVENTNUM,EVENTMSGTYPE,EVENTMSGACTIONTYPE,PERIOD,WCTIMESTRING,PCTIMESTRING,HOMEDESCRIPTION,NEUTRALDESCRIPTION,VISITORDESCRIPTION,SCORE,SCOREMARGIN,PERSON1TYPE,PLAYER1_ID,PLAYER1_NAME,PLAYER1_TEAM_ID,PLAYER1_TEAM_CITY,PLAYER1_TEAM_NICKNAME,PLAYER1_TEAM_ABBREVIATION,PERSON2TYPE,PLAYER2_ID,PLAYER2_NAME,PLAYER2_TEAM_ID,PLAYER2_TEAM_CITY,PLAYER2_TEAM_NICKNAME,PLAYER2_TEAM_ABBREVIATION,PERSON3TYPE,PLAYER3_ID,PLAYER3_NAME,PLAYER3_TEAM_ID,PLAYER3_TEAM_CITY,PLAYER3_TEAM_NICKNAME,PLAYER3_TEAM_ABBREVIATION
0021500159,0,12,0,1,7:43 PM,12:00,,,,,,0.0,0,,,,,,0,0,,,,,,0,0,,,,,
0021500159,1,10,0,1,7:43 PM,12:00,Jump Ball Lopez vs. Horford: Tip to Schroder,,,,,4.0,201572,Brook Lopez,1610612751.0,Brooklyn,Nets,BKN,5,201143,Al Horford,1610612737.0,Atlanta,Hawks,ATL,5,203471,Dennis Schroder,1610612737.0,Atlanta,Hawks,ATL
0021500159,2,1,1,1,7:43 PM,11:46,,,Horford 19' Jump Shot (2 PTS) (Schroder 1 AST),2 - 0,-2,5.0,201143,Al Horford,1610612737.0,Atlanta,Hawks,ATL,5,203471,Dennis Schroder,1610612737.0,Atlanta,Hawks,ATL,0,0,,,,,
0021500159,3,2,5,1,7:44 PM,11:26,MISS Young 3' Layup,,Korver BLOCK (1 BLK),,,4.0,201152,Thaddeus Young,1610612751.0,Brooklyn,Nets,BKN,0,0,,,,,,5,2594,Kyle Korver,1610612737.0,Atlanta,Hawks,ATL
0021500159,4,4,0,1,7:44 PM,11:25,,,Schroder REBOUND (Off:0 Def:1),,,5.0,203471,Dennis Schroder,1610612737.0,Atlanta,Hawks,ATL,0,0,,,,,,0,0,,,,,
0021500159,5,2,1,1,7:44 PM,11:12,,,MISS Korver 19' Jump Shot,,,5.0,2594,Kyle Korver,1610612737.0,Atlanta,Hawks,ATL,0,0,,,,,,0,0,,,,,
0021500159,6,4,0,1,7:44 PM,11:11,Johnson REBOUND (Off:0 Def:1),,,,,4.0,2207,Joe Johnson,1610612751.0,Brooklyn,Nets,BKN,0,0,,,,,,0,0,,,,,
0021500159,7,6,1,1,7:44 PM,11:00,,,Korver P.FOUL (P1.T1) (S.Corbin),,,5.0,2594,Kyle Korver,1610612737.0,Atlanta,Hawks,ATL,4,201572,Brook Lopez,1610612751.0,Brooklyn,Nets,BKN,1,0,,,,,
0021500159,8,1,57,1,7:45 PM,10:44,Lopez 8' Driving Hook Shot (2 PTS),,,2 - 2,TIE,4.0,201572,Brook Lopez,1610612751.0,Brooklyn,Nets,BKN,0,0,,,,,,0,0,,,,,
0021500159,9,5,1,1,7:45 PM,10:22,Hollis-Jefferson STEAL (1 STL),,Korver Bad Pass Turnover (P1.T1),,,5.0,2594,Kyle Korver,1610612737.0,Atlanta,Hawks,ATL,4,1626178,Rondae Hollis-Jefferson,1610612751.0,Brooklyn,Nets,BKN,0,0,,,,,
0021500159,10,5,1,1,7:45 PM,10:19,Hollis-Jefferson Bad Pass Turnover (P1.T1),,Horford STEAL (1 STL),,,4.0,1626178,Rondae Hollis-Jefferson,1610612751.0,Brooklyn,Nets,BKN,5,201143,Al Horford,1610612737.0,Atlanta,Hawks,ATL,0,0,,,,,
0021500159,11,2,1,1,7:45 PM,10:05,,,MISS Korver 21' Jump Shot,,,5.0,2594,Kyle Korver,1610612737.0,Atlanta,Hawks,ATL,0,0,,,,,,0,0,,,,,
0021500159,12,4,0,1,7:45 PM,10:03,Young REBOUND (Off:0 Def:1),,,,,4.0,201152,Thaddeus Young,1610612751.0,Brooklyn,Nets,BKN,0,0,,,,,,0,0,,,,,
0021500159,13,2,1,1,7:46 PM,9:53,MISS Young 18' Jump Shot,,,,,4.0,201152,Thaddeus Young,1610612751.0,Brooklyn,Nets,BKN,0,0,,,,,,0,0,,,,,
0021500159,14,4,0,1,7:46 PM,9:51,,,Korver REBOUND (Off:0 Def:1),,,5.0,2594,Kyle Korver,1610612737.0,Atlanta,Hawks,ATL,0,0,,,,,,0,0,,,,,
0021500159,15,5,45,1,7:46 PM,9:43,,,Korver Out of Bounds - Bad Pass Turnover Turnover (P2.T2),,,5.0,2594,Kyle Korver,1610612737.0,Atlanta,Hawks,ATL,0,0,,,,,,1,0,,,,,
0021500159,16,5,40,1,7:46 PM,9:40,Jack Out of Bounds Lost Ball Turnover (P1.T2),,,,,4.0,101127,Jarrett Jack,1610612751.0,Brooklyn,Nets,BKN,0,0,,,,,,1,0,,,,,
0021500159,17,6,4,1,7:46 PM,9:33,,,Splitter OFF.Foul (P1) (C.Blair),,,5.0,201168,Tiago Splitter,1610612737.0,Atlanta,Hawks,ATL,4,101127,Jarrett Jack,1610612751.0,Brooklyn,Nets,BKN,1,0,,,,,
0021500159,18,5,5,1,7:46 PM,9:33,,,Splitter Foul Turnover (P1.T3),,,5.0,201168,Tiago Splitter,1610612737.0,Atlanta,Hawks,ATL,0,0,,,,,,1,0,,,,,
0021500159,19,5,1,1,7:47 PM,9:24,Young Bad Pass Turnover (P1.T3),,Korver STEAL (1 STL),,,4.0,201152,Thaddeus Young,1610612751.0,Brooklyn,Nets,BKN,5,2594,Kyle Korver,1610612737.0,Atlanta,Hawks,ATL,0,0,,,,,
0021500159,20,5,45,1,7:47 PM,9:16,,,Schroder Out of Bounds - Bad Pass Turnover Turnover (P1.T4),,,5.0,203471,Dennis Schroder,1610612737.0,Atlanta,Hawks,ATL,0,0,,,,,,0,0,,,,,
0021500159,21,2,1,1,7:47 PM,9:04,MISS Johnson 18' Jump Shot,,,,,4.0,2207,Joe Johnson,1610612751.0,Brooklyn,Nets,BKN,0,0,,,,,,0,0,,,,,
0021500159,22,4,0,1,7:47 PM,9:02,,,Splitter REBOUND (Off:0 Def:1),,,5.0,201168,Tiago Splitter,1610612737.0,Atlanta,Hawks,ATL,0,0,,,,,,0,0,,,,,
0021500159,23,1,58,1,7:47 PM,8:51,,,Millsap 14' Turnaround Hook Shot (2 PTS),4 - 2,-2,5.0,200794,Paul Millsap,1610612737.0,Atlanta,Hawks,ATL,0,0,,,,,,0,0,,,,,
0021500159,24,1,1,1,7:48 PM,8:36,Hollis-Jefferson 17' Jump Shot (2 PTS) (Jack 1 AST),,,4 - 4,TIE,4.0,1626178,Rondae Hollis-Jefferson,1610612751.0,Brooklyn,Nets,BKN,4,101127,Jarrett Jack,1610612751.0,Brooklyn,Nets,BKN,0,0,,,,,
0021500159,25,2,1,1,7:48 PM,8:16,,,MISS Schroder 25' 3PT Jump Shot,,,5.0,203471,Dennis Schroder,1610612737.0,Atlanta,Hawks,ATL,0,0,,,,,,0,0,,,,,
0021500159,26,4,0,1,7:48 PM,8:14,Hollis-Jefferson REBOUND (Off:0 Def:1),,,,,4.0,1626178,Rondae Hollis-Jefferson,1610612751.0,Brooklyn,Nets,BKN,0,0,,,,,,0,0,,,,,
0021500159,27,2,73,1,7:48 PM,7:55,MISS Lopez 2' Driving Reverse Layup,,,,,4.0,201572,Brook Lopez,1610612751.0,Brooklyn,Nets,BKN,0,0,,,,,,0,0,,,,,
0021500159,28,4,0,1,7:48 PM,7:54,,,Splitter REBOUND (Off:0 Def:2),,,5.0,201168,Tiago Splitter,1610612737.0,Atlanta,Hawks,ATL,0,0,,,,,,0,0,,,,,
0021500159,29,1,1,1,7:48 PM,7:47,,,Korver 25' 3PT Jump Shot (3 PTS) (Schroder 2 AST),7 - 4,-3,5.0,2594,Kyle Korver,1610612737.0,Atlanta,Hawks,ATL,5,203471,Dennis Schroder,1610612737.0,Atlanta,Hawks,ATL,0,0,,,,,
0021500159,30,9,1,1,7:49 PM,7:43,NETS Timeout: Regular (Full 1 Short 0),,,,,2.0,1610612751,,,,,,0,0,,,,,,0,0,,,,,
0021500159,32,2,5,1,7:51 PM,7:27,MISS Lopez 3' Layup,,Splitter BLOCK (1 BLK),,,4.0,201572,Brook Lopez,1610612751.0,Brooklyn,Nets,BKN,0,0,,,,,,5,201168,Tiago Splitter,1610612737.0,Atlanta,Hawks,ATL
0021500159,33,4,0,1,7:51 PM,7:25,,,Splitter REBOUND (Off:0 Def:3),,,5.0,201168,Tiago Splitter,1610612737.0,Atlanta,Hawks,ATL,0,0,,,,,,0,0,,,,,
0021500159,34,2,1,1,7:52 PM,7:05,,,MISS Korver 24' 3PT Jump Shot,,,5.0,2594,Kyle Korver,1610612737.0,Atlanta,Hawks,ATL,0,0,,,,,,0,0,,,,,
0021500159,35,4,0,1,7:52 PM,7:04,Young REBOUND (Off:0 Def:2),,,,,4.0,201152,Thaddeus Young,1610612751.0,Brooklyn,Nets,BKN,0,0,,,,,,0,0,,,,,
0021500159,36,2,78,1,7:52 PM,6:57,MISS Johnson 17' Floating Jump Shot,,,,,4.0,2207,Joe Johnson,1610612751.0,Brooklyn,Nets,BKN,0,0,,,,,,0,0,,,,,
0021500159,37,4,0,1,7:52 PM,6:56,NETS Rebound,,,,,2.0,1610612751,,,,,,0,0,,,,,,0,0,,,,,
0021500159,38,6,3,1,7:52 PM,6:56,,,Schroder L.B.FOUL (P1.T2) (C.Blair),,,5.0,203471,Dennis Schroder,1610612737.0,Atlanta,Hawks,ATL,4,201572,Brook Lopez,1610612751.0,Brooklyn,Nets,BKN,1,0,,,,,
0021500159,39,6,2,1,7:52 PM,6:49,,,Horford S.FOUL (P1.T3) (B.Spooner),,,5.0,201143,Al Horford,1610612737.0,Atlanta,Hawks,ATL,4,201572,Brook Lopez,1610612751.0,Brooklyn,Nets,BKN,1,0,,,,,
0021500159,40,3,11,1,7:53 PM,6:49,MISS Lopez Free Throw 1 of 2,,,,,4.0,201572,Brook Lopez,1610612751.0,Brooklyn,Nets,BKN,0,0,,,,,,0,0,,,,,
0021500159,41,4,1,1,7:53 PM,6:49,NETS Rebound,,,,,2.0,1610612751,,,,,,0,0,,,,,,0,0,,,,,
0021500159,42,3,12,1,7:53 PM,6:49,Lopez Free Throw 2 of 2 (3 PTS),,,7 - 5,-2,4.0,201572,Brook Lopez,1610612751.0,Brooklyn,Nets,BKN,0,0,,,,,,0,0,,,,,
0021500159,44,2,1,1,7:53 PM,6:37,,,MISS Schroder 25' 3PT Jump Shot,,,5.0,203471,Dennis Schroder,1610612737.0,Atlanta,Hawks,ATL,0,0,,,,,,0,0,,,,,
0021500159,45,4,0,1,7:53 PM,6:36,Lopez REBOUND (Off:0 Def:1),,,,,4.0,201572,Brook Lopez,1610612751.0,Brooklyn,Nets,BKN,0,0,,,,,,0,0,,,,,
0021500159,46,1,75,1,7:54 PM,6:24,Hollis-Jefferson 2' Driving Finger Roll Layup (4 PTS) (Jack 2 AST),,,7 - 7,TIE,4.0,1626178,Rondae Hollis-Jefferson,1610612751.0,Brooklyn,Nets,BKN,4,101127,Jarrett Jack,1610612751.0,Brooklyn,Nets,BKN,0,0,,,,,
0021500159,48,6,1,1,7:54 PM,6:11,Jack P.FOUL (P1.T1) (B.Spooner),,,,,4.0,101127,Jarrett Jack,1610612751.0,Brooklyn,Nets,BKN,5,200794,Paul Millsap,1610612737.0,Atlanta,Hawks,ATL,1,0,,,,,
0021500159,49,1,98,1,7:54 PM,6:03,,,Splitter 3' Cutting Layup Shot (2 PTS) (Korver 1 AST),9 - 7,-2,5.0,201168,Tiago Splitter,1610612737.0,Atlanta,Hawks,ATL,5,2594,Kyle Korver,1610612737.0,Atlanta,Hawks,ATL,0,0,,,,,
0021500159,50,2,47,1,7:55 PM,5:50,MISS Lopez 12' Turnaround Jump Shot,,,,,4.0,201572,Brook Lopez,1610612751.0,Brooklyn,Nets,BKN,0,0,,,,,,0,0,,,,,
0021500159,51,4,0,1,7:55 PM,5:49,,,Millsap REBOUND (Off:0 Def:1),,,5.0,200794,Paul Millsap,1610612737.0,Atlanta,Hawks,ATL,0,0,,,,,,0,0,,,,,
0021500159,52,6,4,1,7:55 PM,5:44,,,Splitter OFF.Foul (P2) (S.Corbin),,,5.0,201168,Tiago Splitter,1610612737.0,Atlanta,Hawks,ATL,4,101127,Jarrett Jack,1610612751.0,Brooklyn,Nets,BKN,1,0,,,,,
0021500159,53,5,5,1,7:55 PM,5:44,,,Splitter Foul Turnover (P2.T5),,,5.0,201168,Tiago Splitter,1610612737.0,Atlanta,Hawks,ATL,0,0,,,,,,1,0,,,,,
0021500159,54,8,0,1,7:55 PM,5:44,,,SUB: Sefolosha FOR Splitter,,,5.0,201168,Tiago Splitter,1610612737.0,Atlanta,Hawks,ATL,5,200757,Thabo Sefolosha,1610612737.0,Atlanta,Hawks,ATL,0,0,,,,,
0021500159,55,1,1,1,7:55 PM,5:26,Jack 27' 3PT Jump Shot (3 PTS) (Johnson 1 AST),,,9 - 10,1,4.0,101127,Jarrett Jack,1610612751.0,Brooklyn,Nets,BKN,4,2207,Joe Johnson,1610612751.0,Brooklyn,Nets,BKN,0,0,,,,,
0021500159,56,1,75,1,7:56 PM,5:12,,,Millsap 3' Driving Finger Roll Layup (4 PTS),11 - 10,-1,5.0,200794,Paul Millsap,1610612737.0,Atlanta,Hawks,ATL,0,0,,,,,,0,0,,,,,
0021500159,58,8,0,1,7:56 PM,4:56,,,SUB: Mack FOR Schroder,,,5.0,203471,Dennis Schroder,1610612737.0,Atlanta,Hawks,ATL,5,202714,Shelvin Mack,1610612737.0,Atlanta,Hawks,ATL,0,0,,,,,
0021500159,59,8,0,1,7:56 PM,4:56,,,SUB: Holiday FOR Korver,,,5.0,2594,Kyle Korver,1610612737.0,Atlanta,Hawks,ATL,5,203200,Justin Holiday,1610612737.0,Atlanta,Hawks,ATL,0,0,,,,,
0021500159,60,1,78,1,7:56 PM,4:48,Lopez 8' Floating Jump Shot (5 PTS) (Jack 3 AST),,,11 - 12,1,4.0,201572,Brook Lopez,1610612751.0,Brooklyn,Nets,BKN,4,101127,Jarrett Jack,1610612751.0,Brooklyn,Nets,BKN,0,0,,,,,
0021500159,61,1,57,1,7:57 PM,4:29,,,Horford 6' Driving Hook Shot (4 PTS),13 - 12,-1,5.0,201143,Al Horford,1610612737.0,Atlanta,Hawks,ATL,0,0,,,,,,0,0,,,,,
0021500159,62,1,1,1,7:57 PM,4:12,Jack 24' 3PT Jump Shot (6 PTS) (Johnson 2 AST),,,13 - 15,2,4.0,101127,Jarrett Jack,1610612751.0,Brooklyn,Nets,BKN,4,2207,Joe Johnson,1610612751.0,Brooklyn,Nets,BKN,0,0,,,,,
0021500159,63,2,47,1,7:57 PM,3:52,,,MISS Millsap 14' Turnaround Jump Shot,,,5.0,200794,Paul Millsap,1610612737.0,Atlanta,Hawks,ATL,0,0,,,,,,0,0,,,,,
0021500159,64,4,0,1,7:57 PM,3:51,Johnson REBOUND (Off:0 Def:2),,,,,4.0,2207,Joe Johnson,1610612751.0,Brooklyn,Nets,BKN,0,0,,,,,,0,0,,,,,
0021500159,65,2,1,1,7:58 PM,3:39,MISS Johnson 26' 3PT Jump Shot,,,,,4.0,2207,Joe Johnson,1610612751.0,Brooklyn,Nets,BKN,0,0,,,,,,0,0,,,,,
0021500159,66,4,0,1,7:58 PM,3:38,,,Holiday REBOUND (Off:0 Def:1),,,5.0,203200,Justin Holiday,1610612737.0,Atlanta,Hawks,ATL,0,0,,,,,,0,0,,,,,
0021500159,67,6,1,1,7:58 PM,3:22,Lopez P.FOUL (P1.T2) (S.Corbin),,,,,4.0,201572,Brook Lopez,1610612751.0,Brooklyn,Nets,BKN,5,200757,Thabo Sefolosha,1610612737.0,Atlanta,Hawks,ATL,1,0,,,,,
0021500159,68,9,1,1,7:58 PM,3:22,,,Hawks Timeout: Regular (Reg.1 Short 0),,,3.0,1610612737,,,,,,0,0,,,,,,0,0,,,,,
0021500159,70,8,0,1,8:00 PM,3:22,,,SUB: Muscala FOR Horford,,,5.0,201143,Al Horford,1610612737.0,Atlanta,Hawks,ATL,5,203488,Mike Muscala,1610612737.0,Atlanta,Hawks,ATL,0,0,,,,,
0021500159,71,8,0,1,8:00 PM,3:22,SUB: Bogdanovic FOR Johnson,,,,,4.0,2207,Joe Johnson,1610612751.0,Brooklyn,Nets,BKN,4,202711,Bojan Bogdanovic,1610612751.0,Brooklyn,Nets,BKN,0,0,,,,,
0021500159,72,8,0,1,8:00 PM,3:22,SUB: Ellington FOR Lopez,,,,,4.0,201572,Brook Lopez,1610612751.0,Brooklyn,Nets,BKN,4,201961,Wayne Ellington,1610612751.0,Brooklyn,Nets,BKN,0,0,,,,,
0021500159,73,8,0,1,8:00 PM,3:22,SUB: Robinson FOR Hollis-Jefferson,,,,,4.0,1626178,Rondae Hollis-Jefferson,1610612751.0,Brooklyn,Nets,BKN,4,203080,Thomas Robinson,1610612751.0,Brooklyn,Nets,BKN,0,0,,,,,
0021500159,74,5,2,1,8:01 PM,3:14,Young STEAL (1 STL),,Millsap Lost Ball Turnover (P1.T6),,,5.0,200794,Paul Millsap,1610612737.0,Atlanta,Hawks,ATL,4,201152,Thaddeus Young,1610612751.0,Brooklyn,Nets,BKN,0,0,,,,,
0021500159,75,2,1,1,8:01 PM,2:50,MISS Ellington 25' 3PT Jump Shot,,,,,4.0,201961,Wayne Ellington,1610612751.0,Brooklyn,Nets,BKN,0,0,,,,,,0,0,,,,,
0021500159,76,4,0,1,8:01 PM,2:49,,,Sefolosha REBOUND (Off:0 Def:1),,,5.0,200757,Thabo Sefolosha,1610612737.0,Atlanta,Hawks,ATL,0,0,,,,,,0,0,,,,,
0021500159,77,2,1,1,8:01 PM,2:32,,,MISS Mack 25' 3PT Jump Shot,,,5.0,202714,Shelvin Mack,1610612737.0,Atlanta,Hawks,ATL,0,0,,,,,,0,0,,,,,
0021500159,78,4,0,1,8:01 PM,2:31,,,Millsap REBOUND (Off:1 Def:1),,,5.0,200794,Paul Millsap,1610612737.0,Atlanta,Hawks,ATL,0,0,,,,,,0,0,,,,,
0021500159,79,5,1,1,8:01 PM,2:27,Young STEAL (2 STL),,Millsap Bad Pass Turnover (P2.T7),,,5.0,200794,Paul Millsap,1610612737.0,Atlanta,Hawks,ATL,4,201152,Thaddeus Young,1610612751.0,Brooklyn,Nets,BKN,0,0,,,,,
0021500159,80,1,41,1,8:01 PM,2:23,Young 2' Running Layup (2 PTS),,,13 - 17,4,4.0,201152,Thaddeus Young,1610612751.0,Brooklyn,Nets,BKN,0,0,,,,,,0,0,,,,,
0021500159,81,5,4,1,8:02 PM,2:02,,,Millsap Traveling Turnover (P3.T8),,,5.0,200794,Paul Millsap,1610612737.0,Atlanta,Hawks,ATL,0,0,,,,,,1,0,,,,,
0021500159,82,8,0,1,8:02 PM,2:02,SUB: Bargnani FOR Young,,,,,4.0,201152,Thaddeus Young,1610612751.0,Brooklyn,Nets,BKN,4,200745,Andrea Bargnani,1610612751.0,Brooklyn,Nets,BKN,0,0,,,,,
0021500159,83,8,0,1,8:02 PM,2:02,,,SUB: Scott FOR Millsap,,,5.0,200794,Paul Millsap,1610612737.0,Atlanta,Hawks,ATL,5,203118,Mike Scott,1610612737.0,Atlanta,Hawks,ATL,0,0,,,,,
0021500159,84,2,1,1,8:02 PM,1:50,MISS Ellington 22' Jump Shot,,,,,4.0,201961,Wayne Ellington,1610612751.0,Brooklyn,Nets,BKN,0,0,,,,,,0,0,,,,,
0021500159,85,4,0,1,8:02 PM,1:48,Robinson REBOUND (Off:1 Def:0),,,,,4.0,203080,Thomas Robinson,1610612751.0,Brooklyn,Nets,BKN,0,0,,,,,,0,0,,,,,
0021500159,86,5,2,1,8:03 PM,1:36,Robinson Lost Ball Turnover (P1.T4),,Mack STEAL (1 STL),,,4.0,203080,Thomas Robinson,1610612751.0,Brooklyn,Nets,BKN,5,202714,Shelvin Mack,1610612737.0,Atlanta,Hawks,ATL,0,0,,,,,
0021500159,87,1,42,1,8:03 PM,1:21,,,Sefolosha 2' Driving Layup (2 PTS) (Scott 1 AST),15 - 17,2,5.0,200757,Thabo Sefolosha,1610612737.0,Atlanta,Hawks,ATL,5,203118,Mike Scott,1610612737.0,Atlanta,Hawks,ATL,0,0,,,,,
0021500159,88,5,40,1,8:03 PM,1:07,Bogdanovic Out of Bounds Lost Ball Turnover (P1.T5),,,,,4.0,202711,Bojan Bogdanovic,1610612751.0,Brooklyn,Nets,BKN,0,0,,,,,,1,0,,,,,
0021500159,89,2,1,1,8:04 PM,0:42,,,MISS Scott 25' 3PT Jump Shot,,,5.0,203118,Mike Scott,1610612737.0,Atlanta,Hawks,ATL,0,0,,,,,,0,0,,,,,
0021500159,90,4,0,1,8:04 PM,0:41,Robinson REBOUND (Off:1 Def:1),,,,,4.0,203080,Thomas Robinson,1610612751.0,Brooklyn,Nets,BKN,0,0,,,,,,0,0,,,,,
0021500159,91,5,1,1,8:04 PM,0:30,Jack Bad Pass Turnover (P2.T6),,Mack STEAL (2 STL),,,4.0,101127,Jarrett Jack,1610612751.0,Brooklyn,Nets,BKN,5,202714,Shelvin Mack,1610612737.0,Atlanta,Hawks,ATL,0,0,,,,,
0021500159,92,2,41,1,8:04 PM,0:29,,,MISS Mack 1' Running Layup,,,5.0,202714,Shelvin Mack,1610612737.0,Atlanta,Hawks,ATL,0,0,,,,,,0,0,,,,,
0021500159,93,4,0,1,8:04 PM,0:28,,,Scott REBOUND (Off:1 Def:0),,,5.0,203118,Mike Scott,1610612737.0,Atlanta,Hawks,ATL,0,0,,,,,,0,0,,,,,
0021500159,94,1,87,1,8:04 PM,0:27,,,Scott  Putback Dunk (2 PTS),17 - 17,TIE,5.0,203118,Mike Scott,1610612737.0,Atlanta,Hawks,ATL,0,0,,,,,,0,0,,,,,
0021500159,95,2,78,1,8:04 PM,0:08,MISS Jack 6' Floating Jump Shot,,,,,4.0,101127,Jarrett Jack,1610612751.0,Brooklyn,Nets,BKN,0,0,,,,,,0,0,,,,,
0021500159,96,4,0,1,8:04 PM,0:07,,,Sefolosha REBOUND (Off:0 Def:2),,,5.0,200757,Thabo Sefolosha,1610612737.0,Atlanta,Hawks,ATL,0,0,,,,,,0,0,,,,,
0021500159,97,1,1,1,8:04 PM,0:00,,,Sefolosha 6' Jump Shot (4 PTS) (Muscala 1 AST),19 - 17,-2,5.0,200757,Thabo Sefolosha,1610612737.0,Atlanta,Hawks,ATL,5,203488,Mike Muscala,1610612737.0,Atlanta,Hawks,ATL,0,0,,,,,
0021500159,99,13,0,1,8:05 PM,0:00,,,,19 - 17,-2,0.0,0,,,,,,0,0,,,,,,0,0,,,,,
0021500159,100,12,0,2,8:07 PM,12:00,,,,19 - 17,-2,0.0,0,,,,,,0,0,,,,,,0,0,,,,,
0021500159,101,2,45,2,8:08 PM,11:47,MISS Bargnani 17' Jump Shot,,,,,4.0,200745,Andrea Bargnani,1610612751.0,Brooklyn,Nets,BKN,0,0,,,,,,0,0,,,,,
0021500159,102,4,0,2,8:08 PM,11:46,,,Mack REBOUND (Off:0 Def:1),,,5.0,202714,Shelvin Mack,1610612737.0,Atlanta,Hawks,ATL,0,0,,,,,,0,0,,,,,
0021500159,103,5,2,2,8:08 PM,11:36,Larkin STEAL (1 STL),,Sefolosha Lost Ball Turnover (P1.T9),,,5.0,200757,Thabo Sefolosha,1610612737.0,Atlanta,Hawks,ATL,4,203499,Shane Larkin,1610612751.0,Brooklyn,Nets,BKN,0,0,,,,,
0021500159,104,6,3,2,8:08 PM,11:36,,,Sefolosha L.B.FOUL (P1.T1) (C.Blair),,,5.0,200757,Thabo Sefolosha,1610612737.0,Atlanta,Hawks,ATL,4,203080,Thomas Robinson,1610612751.0,Brooklyn,Nets,BKN,1,0,,,,,
0021500159,105,5,1,2,8:08 PM,11:15,Larkin Bad Pass Turnover (P1.T7),,Holiday STEAL (1 STL),,,4.0,203499,Shane Larkin,1610612751.0,Brooklyn,Nets,BKN,5,203200,Justin Holiday,1610612737.0,Atlanta,Hawks,ATL,0,0,,,,,
0021500159,106,5,1,2,8:09 PM,11:09,Larkin STEAL (2 STL),,Holiday Bad Pass Turnover (P1.T10),,,5.0,203200,Justin Holiday,1610612737.0,Atlanta,Hawks,ATL,4,203499,Shane Larkin,1610612751.0,Brooklyn,Nets,BKN,0,0,,,,,
0021500159,107,5,45,2,8:09 PM,11:05,Robinson Out of Bounds - Bad Pass Turnover Turnover (P2.T8),,,,,4.0,203080,Thomas Robinson,1610612751.0,Brooklyn,Nets,BKN,0,0,,,,,,1,0,,,,,
0021500159,108,1,79,2,8:09 PM,10:52,,,Mack 26' 3PT Pullup Jump Shot (3 PTS),22 - 17,-5,5.0,202714,Shelvin Mack,1610612737.0,Atlanta,Hawks,ATL,0,0,,,,,,0,0,,,,,
0021500159,110,2,1,2,8:10 PM,10:28,MISS Bogdanovic 4' Jump Shot,,,,,4.0,202711,Bojan Bogdanovic,1610612751.0,Brooklyn,Nets,BKN,0,0,,,,,,0,0,,,,,
0021500159,111,4,0,2,8:10 PM,10:26,Robinson REBOUND (Off:2 Def:1),,,,,4.0,203080,Thomas Robinson,1610612751.0,Brooklyn,Nets,BKN,0,0,,,,,,0,0,,,,,
0021500159,112,5,8,2,8:10 PM,10:26,NETS Turnover: 3 Second Violation (T#9),,,,,2.0,1610612751,,,,,,0,0,,,,,,1,0,,,,,
0021500159,113,1,42,2,8:10 PM,10:14,,,Scott 2' Driving Layup (4 PTS) (Mack 1 AST),24 - 17,-7,5.0,203118,Mike Scott,1610612737.0,Atlanta,Hawks,ATL,5,202714,Shelvin Mack,1610612737.0,Atlanta,Hawks,ATL,0,0,,,,,
0021500159,114,6,2,2,8:10 PM,10:14,Bargnani S.FOUL (P1.T1) (C.Blair),,,,,4.0,200745,Andrea Bargnani,1610612751.0,Brooklyn,Nets,BKN,5,203118,Mike Scott,1610612737.0,Atlanta,Hawks,ATL,1,0,,,,,
0021500159,115,8,0,2,8:11 PM,10:14,SUB: Johnson FOR Bargnani,,,,,4.0,200745,Andrea Bargnani,1610612751.0,Brooklyn,Nets,BKN,4,2207,Joe Johnson,1610612751.0,Brooklyn,Nets,BKN,0,0,,,,,
0021500159,116,3,10,2,8:11 PM,10:14,,,Scott Free Throw 1 of 1 (5 PTS),25 - 17,-8,5.0,203118,Mike Scott,1610612737.0,Atlanta,Hawks,ATL,0,0,,,,,,0,0,,,,,
0021500159,118,2,1,2,8:11 PM,10:00,MISS Ellington 25' 3PT Jump Shot,,,,,4.0,201961,Wayne Ellington,1610612751.0,Brooklyn,Nets,BKN,0,0,,,,,,0,0,,,,,
0021500159,119,4,0,2,8:11 PM,9:59,,,Sefolosha REBOUND (Off:0 Def:3),,,5.0,200757,Thabo Sefolosha,1610612737.0,Atlanta,Hawks,ATL,0,0,,,,,,0,0,,,,,
0021500159,120,2,1,2,8:11 PM,9:55,,,MISS Holiday 25' 3PT Jump Shot,,,5.0,203200,Justin Holiday,1610612737.0,Atlanta,Hawks,ATL,0,0,,,,,,0,0,,,,,
0021500159,121,4,0,2,8:11 PM,9:53,Johnson REBOUND (Off:0 Def:3),,,,,4.0,2207,Joe Johnson,1610612751.0,Brooklyn,Nets,BKN,0,0,,,,,,0,0,,,,,
0021500159,122,1,1,2,8:12 PM,9:35,Larkin 25' 3PT Jump Shot (3 PTS) (Johnson 3 AST),,,25 - 20,-5,4.0,203499,Shane Larkin,1610612751.0,Brooklyn,Nets,BKN,4,2207,Joe Johnson,1610612751.0,Brooklyn,Nets,BKN,0,0,,,,,
0021500159,123,1,3,2,8:12 PM,9:20,,,Muscala 4' Hook Shot (2 PTS) (Sefolosha 1 AST),27 - 20,-7,5.0,203488,Mike Muscala,1610612737.0,Atlanta,Hawks,ATL,5,200757,Thabo Sefolosha,1610612737.0,Atlanta,Hawks,ATL,0,0,,,,,
0021500159,125,2,1,2,8:12 PM,9:08,MISS Johnson  3PT Jump Shot,,,,,4.0,2207,Joe Johnson,1610612751.0,Brooklyn,Nets,BKN,0,0,,,,,,0,0,,,,,
0021500159,126,4,0,2,8:12 PM,9:07,,,Scott REBOUND (Off:1 Def:1),,,5.0,203118,Mike Scott,1610612737.0,Atlanta,Hawks,ATL,0,0,,,,,,0,0,,,,,
0021500159,127,2,1,2,8:12 PM,8:55,,,MISS Sefolosha  3PT Jump Shot,,,5.0,200757,Thabo Sefolosha,1610612737.0,Atlanta,Hawks,ATL,0,0,,,,,,0,0,,,,,
0021500159,128,4,0,2,8:13 PM,8:54,Ellington REBOUND (Off:0 Def:1),,,,,4.0,201961,Wayne Ellington,1610612751.0,Brooklyn,Nets,BKN,0,0,,,,,,0,0,,,,,
0021500159,129,2,1,2,8:13 PM,8:43,MISS Johnson 17' Jump Shot,,Scott BLOCK (1 BLK),,,4.0,2207,Joe Johnson,1610612751.0,Brooklyn,Nets,BKN,0,0,,,,,,5,203118,Mike Scott,1610612737.0,Atlanta,Hawks,ATL
0021500159,130,4,0,2,8:13 PM,8:42,,,Sefolosha REBOUND (Off:0 Def:4),,,5.0,200757,Thabo Sefolosha,1610612737.0,Atlanta,Hawks,ATL,0,0,,,,,,0,0,,,,,
0021500159,131,6,1,2,8:13 PM,8:41,Johnson P.FOUL (P1.T2) (C.Blair),,,,,4.0,2207,Joe Johnson,1610612751.0,Brooklyn,Nets,BKN,5,200757,Thabo Sefolosha,1610612737.0,Atlanta,Hawks,ATL,1,0,,,,,
0021500159,132,9,4,2,8:13 PM,8:41,,,,,,1.0,0,,,,,,0,0,,,,,,0,0,,,,,
0021500159,134,8,0,2,8:15 PM,8:41,SUB: Lopez FOR Robinson,,,,,4.0,203080,Thomas Robinson,1610612751.0,Brooklyn,Nets,BKN,4,201572,Brook Lopez,1610612751.0,Brooklyn,Nets,BKN,0,0,,,,,
0021500159,135,1,78,2,8:16 PM,8:21,,,Mack 7' Floating Jump Shot (5 PTS) (Scott 2 AST),29 - 20,-9,5.0,202714,Shelvin Mack,1610612737.0,Atlanta,Hawks,ATL,5,203118,Mike Scott,1610612737.0,Atlanta,Hawks,ATL,0,0,,,,,
0021500159,136,6,1,2,8:16 PM,8:08,,,Muscala P.FOUL (P1.T2) (C.Blair),,,5.0,203488,Mike Muscala,1610612737.0,Atlanta,Hawks,ATL,4,201572,Brook Lopez,1610612751.0,Brooklyn,Nets,BKN,1,0,,,,,
0021500159,137,1,42,2,8:16 PM,7:59,Lopez 2' Driving Layup (7 PTS) (Johnson 4 AST),,,29 - 22,-7,4.0,201572,Brook Lopez,1610612751.0,Brooklyn,Nets,BKN,4,2207,Joe Johnson,1610612751.0,Brooklyn,Nets,BKN,0,0,,,,,
0021500159,138,5,40,2,8:17 PM,7:48,,,Scott Out of Bounds Lost Ball Turnover (P1.T11),,,5.0,203118,Mike Scott,1610612737.0,Atlanta,Hawks,ATL,0,0,,,,,,1,0,,,,,
0021500159,139,2,1,2,8:17 PM,7:32,MISS Lopez 14' Jump Shot,,,,,4.0,201572,Brook Lopez,1610612751.0,Brooklyn,Nets,BKN,0,0,,,,,,0,0,,,,,
0021500159,140,4,0,2,8:17 PM,7:31,,,Holiday REBOUND (Off:0 Def:2),,,5.0,203200,Justin Holiday,1610612737.0,Atlanta,Hawks,ATL,0,0,,,,,,0,0,,,,,
0021500159,141,1,1,2,8:17 PM,7:19,,,Mack 25' 3PT Jump Shot (8 PTS),32 - 22,-10,5.0,202714,Shelvin Mack,1610612737.0,Atlanta,Hawks,ATL,0,0,,,,,,0,0,,,,,
0021500159,142,1,1,2,8:17 PM,7:05,Larkin 25' 3PT Jump Shot (6 PTS) (Johnson 5 AST),,,32 - 25,-7,4.0,203499,Shane Larkin,1610612751.0,Brooklyn,Nets,BKN,4,2207,Joe Johnson,1610612751.0,Brooklyn,Nets,BKN,0,0,,,,,
0021500159,143,2,78,2,8:18 PM,6:50,,,MISS Mack 10' Floating Jump Shot,,,5.0,202714,Shelvin Mack,1610612737.0,Atlanta,Hawks,ATL,0,0,,,,,,0,0,,,,,
0021500159,144,4,0,2,8:18 PM,6:50,NETS Rebound,,,,,2.0,1610612751,,,,,,0,0,,,,,,0,0,,,,,
0021500159,145,6,3,2,8:18 PM,6:50,,,Mack L.B.FOUL (P1.T3) (S.Corbin),,,5.0,202714,Shelvin Mack,1610612737.0,Atlanta,Hawks,ATL,4,2207,Joe Johnson,1610612751.0,Brooklyn,Nets,BKN,1,0,,,,,
0021500159,146,8,0,2,8:18 PM,6:50,,,SUB: Korver FOR Muscala,,,5.0,203488,Mike Muscala,1610612737.0,Atlanta,Hawks,ATL,5,2594,Kyle Korver,1610612737.0,Atlanta,Hawks,ATL,0,0,,,,,
0021500159,147,8,0,2,8:18 PM,6:50,,,SUB: Horford FOR Sefolosha,,,5.0,200757,Thabo Sefolosha,1610612737.0,Atlanta,Hawks,ATL,5,201143,Al Horford,1610612737.0,Atlanta,Hawks,ATL,0,0,,,,,
0021500159,148,8,0,2,8:18 PM,6:50,SUB: Hollis-Jefferson FOR Ellington,,,,,4.0,201961,Wayne Ellington,1610612751.0,Brooklyn,Nets,BKN,4,1626178,Rondae Hollis-Jefferson,1610612751.0,Brooklyn,Nets,BKN,0,0,,,,,
0021500159,149,2,1,2,8:18 PM,6:34,MISS Larkin 23' Jump Shot,,,,,4.0,203499,Shane Larkin,1610612751.0,Brooklyn,Nets,BKN,0,0,,,,,,0,0,,,,,
0021500159,150,4,0,2,8:18 PM,6:34,,,Holiday REBOUND (Off:0 Def:3),,,5.0,203200,Justin Holiday,1610612737.0,Atlanta,Hawks,ATL,0,0,,,,,,0,0,,,,,
0021500159,151,2,1,2,8:19 PM,6:30,,,MISS Mack 24' 3PT Jump Shot,,,5.0,202714,Shelvin Mack,1610612737.0,Atlanta,Hawks,ATL,0,0,,,,,,0,0,,,,,
0021500159,152,4,0,2,8:19 PM,6:25,Larkin REBOUND (Off:0 Def:1),,,,,4.0,203499,Shane Larkin,1610612751.0,Brooklyn,Nets,BKN,0,0,,,,,,0,0,,,,,
0021500159,153,2,1,2,8:19 PM,6:15,MISS Larkin 15' Jump Shot,,,,,4.0,203499,Shane Larkin,1610612751.0,Brooklyn,Nets,BKN,0,0,,,,,,0,0,,,,,
0021500159,154,4,0,2,8:19 PM,6:14,,,Korver REBOUND (Off:0 Def:2),,,5.0,2594,Kyle Korver,1610612737.0,Atlanta,Hawks,ATL,0,0,,,,,,0,0,,,,,
0021500159,155,6,2,2,8:19 PM,6:06,Hollis-Jefferson S.FOUL (P1.T3) (S.Corbin),,,,,4.0,1626178,Rondae Hollis-Jefferson,1610612751.0,Brooklyn,Nets,BKN,5,2594,Kyle Korver,1610612737.0,Atlanta,Hawks,ATL,1,0,,,,,
0021500159,156,3,13,2,8:19 PM,6:06,,,Korver Free Throw 1 of 3 (4 PTS),33 - 25,-8,5.0,2594,Kyle Korver,1610612737.0,Atlanta,Hawks,ATL,0,0,,,,,,0,0,,,,,
0021500159,158,3,14,2,8:20 PM,6:06,,,Korver Free Throw 2 of 3 (5 PTS),34 - 25,-9,5.0,2594,Kyle Korver,1610612737.0,Atlanta,Hawks,ATL,0,0,,,,,,0,0,,,,,
0021500159,160,8,0,2,8:20 PM,6:06,,,SUB: Millsap FOR Scott,,,5.0,203118,Mike Scott,1610612737.0,Atlanta,Hawks,ATL,5,200794,Paul Millsap,1610612737.0,Atlanta,Hawks,ATL,0,0,,,,,
0021500159,161,8,0,2,8:20 PM,6:06,,,SUB: Schroder FOR Mack,,,5.0,202714,Shelvin Mack,1610612737.0,Atlanta,Hawks,ATL,5,203471,Dennis Schroder,1610612737.0,Atlanta,Hawks,ATL,0,0,,,,,
0021500159,162,8,0,2,8:20 PM,6:06,SUB: Jack FOR Larkin,,,,,4.0,203499,Shane Larkin,1610612751.0,Brooklyn,Nets,BKN,4,101127,Jarrett Jack,1610612751.0,Brooklyn,Nets,BKN,0,0,,,,,
0021500159,163,3,15,2,8:20 PM,6:06,,,Korver Free Throw 3 of 3 (6 PTS),35 - 25,-10,5.0,2594,Kyle Korver,1610612737.0,Atlanta,Hawks,ATL,0,0,,,,,,0,0,,,,,
0021500159,165,1,75,2,8:20 PM,5:52,Hollis-Jefferson 2' Driving Finger Roll Layup (6 PTS),,,35 - 27,-8,4.0,1626178,Rondae Hollis-Jefferson,1610612751.0,Brooklyn,Nets,BKN,0,0,,,,,,0,0,,,,,
0021500159,166,2,63,2,8:21 PM,5:25,,,MISS Millsap 16' Fadeaway Jumper,,,5.0,200794,Paul Millsap,1610612737.0,Atlanta,Hawks,ATL,0,0,,,,,,0,0,,,,,
0021500159,167,4,0,2,8:21 PM,5:23,Jack REBOUND (Off:0 Def:1),,,,,4.0,101127,Jarrett Jack,1610612751.0,Brooklyn,Nets,BKN,0,0,,,,,,0,0,,,,,
0021500159,168,2,42,2,8:21 PM,5:13,MISS Bogdanovic 3' Driving Layup,,Horford BLOCK (1 BLK),,,4.0,202711,Bojan Bogdanovic,1610612751.0,Brooklyn,Nets,BKN,0,0,,,,,,5,201143,Al Horford,1610612737.0,Atlanta,Hawks,ATL
0021500159,169,4,0,2,8:21 PM,5:12,NETS Rebound,,,,,2.0,1610612751,,,,,,0,0,,,,,,0,0,,,,,
0021500159,171,9,1,2,8:22 PM,5:12,NETS Timeout: Regular (Full 2 Short 0),,,,,2.0,1610612751,,,,,,0,0,,,,,,0,0,,,,,
0021500159,172,1,1,2,8:24 PM,4:59,Johnson 25' 3PT Jump Shot (3 PTS) (Hollis-Jefferson 1 AST),,,35 - 30,-5,4.0,2207,Joe Johnson,1610612751.0,Brooklyn,Nets,BKN,4,1626178,Rondae Hollis-Jefferson,1610612751.0,Brooklyn,Nets,BKN,0,0,,,,,
0021500159,173,2,82,2,8:24 PM,4:42,,,MISS Korver 9' Driving Bank Shot,,,5.0,2594,Kyle Korver,1610612737.0,Atlanta,Hawks,ATL,0,0,,,,,,0,0,,,,,
0021500159,174,4,0,2,8:24 PM,4:41,,,Horford REBOUND (Off:1 Def:0),,,5.0,201143,Al Horford,1610612737.0,Atlanta,Hawks,ATL,0,0,,,,,,0,0,,,,,
0021500159,175,1,97,2,8:24 PM,4:40,,,Horford 2' Tip Layup Shot (6 PTS),37 - 30,-7,5.0,201143,Al Horford,1610612737.0,Atlanta,Hawks,ATL,0,0,,,,,,0,0,,,,,
0021500159,176,6,2,2,8:24 PM,4:19,,,Horford S.FOUL (P2.T4) (C.Blair),,,5.0,201143,Al Horford,1610612737.0,Atlanta,Hawks,ATL,4,2207,Joe Johnson,1610612751.0,Brooklyn,Nets,BKN,1,0,,,,,
0021500159,177,3,11,2,8:25 PM,4:19,MISS Johnson Free Throw 1 of 2,,,,,4.0,2207,Joe Johnson,1610612751.0,Brooklyn,Nets,BKN,0,0,,,,,,0,0,,,,,
0021500159,178,4,1,2,8:25 PM,4:19,NETS Rebound,,,,,2.0,1610612751,,,,,,0,0,,,,,,0,0,,,,,
0021500159,179,8,0,2,8:25 PM,4:19,,,SUB: Sefolosha FOR Holiday,,,5.0,203200,Justin Holiday,1610612737.0,Atlanta,Hawks,ATL,5,200757,Thabo Sefolosha,1610612737.0,Atlanta,Hawks,ATL,0,0,,,,,
0021500159,180,8,0,2,8:25 PM,4:19,SUB: Young FOR Bogdanovic,,,,,4.0,202711,Bojan Bogdanovic,1610612751.0,Brooklyn,Nets,BKN,4,201152,Thaddeus Young,1610612751.0,Brooklyn,Nets,BKN,0,0,,,,,
0021500159,181,3,12,2,8:25 PM,4:19,Johnson Free Throw 2 of 2 (4 PTS),,,37 - 31,-6,4.0,2207,Joe Johnson,1610612751.0,Brooklyn,Nets,BKN,0,0,,,,,,0,0,,,,,
0021500159,183,1,1,2,8:26 PM,3:56,,,Horford 24' 3PT Jump Shot (9 PTS) (Millsap 1 AST),40 - 31,-9,5.0,201143,Al Horford,1610612737.0,Atlanta,Hawks,ATL,5,200794,Paul Millsap,1610612737.0,Atlanta,Hawks,ATL,0,0,,,,,
0021500159,184,1,5,2,8:26 PM,3:39,Young 3' Layup (4 PTS) (Jack 4 AST),,,40 - 33,-7,4.0,201152,Thaddeus Young,1610612751.0,Brooklyn,Nets,BKN,4,101127,Jarrett Jack,1610612751.0,Brooklyn,Nets,BKN,0,0,,,,,
0021500159,185,2,42,2,8:26 PM,3:27,,,MISS Schroder 3' Driving Layup,,,5.0,203471,Dennis Schroder,1610612737.0,Atlanta,Hawks,ATL,0,0,,,,,,0,0,,,,,
0021500159,186,4,0,2,8:26 PM,3:26,Young REBOUND (Off:0 Def:3),,,,,4.0,201152,Thaddeus Young,1610612751.0,Brooklyn,Nets,BKN,0,0,,,,,,0,0,,,,,
0021500159,187,1,1,2,8:26 PM,3:06,Jack 25' 3PT Jump Shot (9 PTS) (Hollis-Jefferson 2 AST),,,40 - 36,-4,4.0,101127,Jarrett Jack,1610612751.0,Brooklyn,Nets,BKN,4,1626178,Rondae Hollis-Jefferson,1610612751.0,Brooklyn,Nets,BKN,0,0,,,,,
0021500159,188,2,75,2,8:27 PM,2:44,,,MISS Schroder 2' Driving Finger Roll Layup,,,5.0,203471,Dennis Schroder,1610612737.0,Atlanta,Hawks,ATL,0,0,,,,,,0,0,,,,,
0021500159,189,4,0,2,8:27 PM,2:42,Lopez REBOUND (Off:0 Def:2),,,,,4.0,201572,Brook Lopez,1610612751.0,Brooklyn,Nets,BKN,0,0,,,,,,0,0,,,,,
0021500159,190,5,4,2,8:27 PM,2:32,Young Traveling Turnover (P2.T10),,,,,4.0,201152,Thaddeus Young,1610612751.0,Brooklyn,Nets,BKN,0,0,,,,,,1,0,,,,,
0021500159,191,9,1,2,8:27 PM,2:32,,,Hawks Timeout: Regular (Reg.2 Short 0),,,3.0,1610612737,,,,,,0,0,,,,,,0,0,,,,,
0021500159,193,2,1,2,8:30 PM,2:13,,,MISS Sefolosha 24' 3PT Jump Shot,,,5.0,200757,Thabo Sefolosha,1610612737.0,Atlanta,Hawks,ATL,0,0,,,,,,0,0,,,,,
0021500159,194,4,0,2,8:30 PM,2:12,Lopez REBOUND (Off:0 Def:3),,,,,4.0,201572,Brook Lopez,1610612751.0,Brooklyn,Nets,BKN,0,0,,,,,,0,0,,,,,
0021500159,195,1,42,2,8:30 PM,2:03,Jack 2' Driving Layup (11 PTS),,,40 - 38,-2,4.0,101127,Jarrett Jack,1610612751.0,Brooklyn,Nets,BKN,0,0,,,,,,0,0,,,,,
0021500159,196,2,78,2,8:30 PM,1:47,,,MISS Schroder 11' Floating Jump Shot,,,5.0,203471,Dennis Schroder,1610612737.0,Atlanta,Hawks,ATL,0,0,,,,,,0,0,,,,,
0021500159,197,4,0,2,8:30 PM,1:46,Lopez REBOUND (Off:0 Def:4),,,,,4.0,201572,Brook Lopez,1610612751.0,Brooklyn,Nets,BKN,0,0,,,,,,0,0,,,,,
0021500159,198,2,5,2,8:30 PM,1:38,MISS Young 2' Layup,,,,,4.0,201152,Thaddeus Young,1610612751.0,Brooklyn,Nets,BKN,0,0,,,,,,0,0,,,,,
0021500159,199,4,0,2,8:30 PM,1:37,Young REBOUND (Off:1 Def:3),,,,,4.0,201152,Thaddeus Young,1610612751.0,Brooklyn,Nets,BKN,0,0,,,,,,0,0,,,,,
0021500159,200,1,72,2,8:30 PM,1:36,Young 2' Putback Layup (6 PTS),,,40 - 40,TIE,4.0,201152,Thaddeus Young,1610612751.0,Brooklyn,Nets,BKN,0,0,,,,,,0,0,,,,,
0021500159,201,1,78,2,8:31 PM,1:17,,,Millsap 11' Floating Jump Shot (6 PTS) (Schroder 3 AST),42 - 40,-2,5.0,200794,Paul Millsap,1610612737.0,Atlanta,Hawks,ATL,5,203471,Dennis Schroder,1610612737.0,Atlanta,Hawks,ATL,0,0,,,,,
0021500159,202,1,1,2,8:31 PM,0:59,Lopez 9' Jump Shot (9 PTS) (Johnson 6 AST),,,42 - 42,TIE,4.0,201572,Brook Lopez,1610612751.0,Brooklyn,Nets,BKN,4,2207,Joe Johnson,1610612751.0,Brooklyn,Nets,BKN,0,0,,,,,
0021500159,203,1,1,2,8:31 PM,0:47,,,Schroder 25' 3PT Jump Shot (3 PTS) (Horford 1 AST),45 - 42,-3,5.0,203471,Dennis Schroder,1610612737.0,Atlanta,Hawks,ATL,5,201143,Al Horford,1610612737.0,Atlanta,Hawks,ATL,0,0,,,,,
0021500159,204,1,3,2,8:32 PM,0:35,Lopez 8' Hook Shot (11 PTS) (Jack 5 AST),,,45 - 44,-1,4.0,201572,Brook Lopez,1610612751.0,Brooklyn,Nets,BKN,4,101127,Jarrett Jack,1610612751.0,Brooklyn,Nets,BKN,0,0,,,,,
0021500159,206,5,2,2,8:32 PM,0:26,Young STEAL (3 STL),,Schroder Lost Ball Turnover (P2.T12),,,5.0,203471,Dennis Schroder,1610612737.0,Atlanta,Hawks,ATL,4,201152,Thaddeus Young,1610612751.0,Brooklyn,Nets,BKN,0,0,,,,,
0021500159,207,6,2,2,8:32 PM,0:24,,,Millsap S.FOUL (P1.PN) (S.Corbin),,,5.0,200794,Paul Millsap,1610612737.0,Atlanta,Hawks,ATL,4,1626178,Rondae Hollis-Jefferson,1610612751.0,Brooklyn,Nets,BKN,1,0,,,,,
0021500159,208,3,11,2,8:33 PM,0:24,MISS Hollis-Jefferson Free Throw 1 of 2,,,,,4.0,1626178,Rondae Hollis-Jefferson,1610612751.0,Brooklyn,Nets,BKN,0,0,,,,,,0,0,,,,,
0021500159,209,4,1,2,8:33 PM,0:24,NETS Rebound,,,,,2.0,1610612751,,,,,,0,0,,,,,,0,0,,,,,
0021500159,210,8,0,2,8:33 PM,0:24,,,SUB: Mack FOR Schroder,,,5.0,203471,Dennis Schroder,1610612737.0,Atlanta,Hawks,ATL,5,202714,Shelvin Mack,1610612737.0,Atlanta,Hawks,ATL,0,0,,,,,
0021500159,211,3,12,2,8:33 PM,0:24,Hollis-Jefferson Free Throw 2 of 2 (7 PTS),,,45 - 45,TIE,4.0,1626178,Rondae Hollis-Jefferson,1610612751.0,Brooklyn,Nets,BKN,0,0,,,,,,0,0,,,,,
0021500159,213,2,1,2,8:34 PM,0:03,,,MISS Horford 12' Jump Shot,,,5.0,201143,Al Horford,1610612737.0,Atlanta,Hawks,ATL,0,0,,,,,,0,0,,,,,
0021500159,214,4,0,2,8:34 PM,0:02,,,Hawks Rebound,,,3.0,1610612737,,,,,,0,0,,,,,,0,0,,,,,
0021500159,215,6,3,2,8:34 PM,0:02,Jack L.B.FOUL (P2.T4) (S.Corbin),,,,,4.0,101127,Jarrett Jack,1610612751.0,Brooklyn,Nets,BKN,5,200757,Thabo Sefolosha,1610612737.0,Atlanta,Hawks,ATL,1,0,,,,,
0021500159,216,3,11,2,8:34 PM,0:02,,,Sefolosha Free Throw 1 of 2 (5 PTS),46 - 45,-1,5.0,200757,Thabo Sefolosha,1610612737.0,Atlanta,Hawks,ATL,0,0,,,,,,0,0,,,,,
0021500159,218,8,0,2,8:34 PM,0:02,,,SUB: Muscala FOR Horford,,,5.0,201143,Al Horford,1610612737.0,Atlanta,Hawks,ATL,5,203488,Mike Muscala,1610612737.0,Atlanta,Hawks,ATL,0,0,,,,,
0021500159,219,8,0,2,8:34 PM,0:02,,,SUB: Holiday FOR Korver,,,5.0,2594,Kyle Korver,1610612737.0,Atlanta,Hawks,ATL,5,203200,Justin Holiday,1610612737.0,Atlanta,Hawks,ATL,0,0,,,,,
0021500159,220,8,0,2,8:34 PM,0:02,SUB: Ellington FOR Hollis-Jefferson,,,,,4.0,1626178,Rondae Hollis-Jefferson,1610612751.0,Brooklyn,Nets,BKN,4,201961,Wayne Ellington,1610612751.0,Brooklyn,Nets,BKN,0,0,,,,,
0021500159,221,8,0,2,8:35 PM,0:02,SUB: Larkin FOR Young,,,,,4.0,201152,Thaddeus Young,1610612751.0,Brooklyn,Nets,BKN,4,203499,Shane Larkin,1610612751.0,Brooklyn,Nets,BKN,0,0,,,,,
0021500159,222,3,12,2,8:35 PM,0:02,,,MISS Sefolosha Free Throw 2 of 2,,,5.0,200757,Thabo Sefolosha,1610612737.0,Atlanta,Hawks,ATL,0,0,,,,,,0,0,,,,,
0021500159,224,4,0,2,8:35 PM,0:01,Johnson REBOUND (Off:0 Def:4),,,,,4.0,2207,Joe Johnson,1610612751.0,Brooklyn,Nets,BKN,0,0,,,,,,0,0,,,,,
0021500159,225,13,0,2,8:35 PM,0:00,,,,46 - 45,-1,0.0,0,,,,,,0,0,,,,,,0,0,,,,,
0021500159,228,12,0,3,8:51 PM,12:00,,,,46 - 45,-1,0.0,0,,,,,,0,0,,,,,,0,0,,,,,
0021500159,229,2,45,3,8:51 PM,11:46,MISS Jack 25' 3PT Jump Shot,,,,,4.0,101127,Jarrett Jack,1610612751.0,Brooklyn,Nets,BKN,0,0,,,,,,0,0,,,,,
0021500159,230,4,0,3,8:51 PM,11:38,,,Schroder REBOUND (Off:0 Def:2),,,5.0,203471,Dennis Schroder,1610612737.0,Atlanta,Hawks,ATL,0,0,,,,,,0,0,,,,,
0021500159,231,1,1,3,8:52 PM,11:21,,,Millsap 26' 3PT Jump Shot (9 PTS) (Schroder 4 AST),49 - 45,-4,5.0,200794,Paul Millsap,1610612737.0,Atlanta,Hawks,ATL,5,203471,Dennis Schroder,1610612737.0,Atlanta,Hawks,ATL,0,0,,,,,
0021500159,232,1,86,3,8:52 PM,10:59,Lopez 17' Turnaround Fadeaway (13 PTS),,,49 - 47,-2,4.0,201572,Brook Lopez,1610612751.0,Brooklyn,Nets,BKN,0,0,,,,,,0,0,,,,,
0021500159,233,6,1,3,8:52 PM,10:41,Lopez P.FOUL (P2.T1) (B.Spooner),,,,,4.0,201572,Brook Lopez,1610612751.0,Brooklyn,Nets,BKN,5,201168,Tiago Splitter,1610612737.0,Atlanta,Hawks,ATL,1,0,,,,,
0021500159,234,1,1,3,8:53 PM,10:35,,,Korver 19' Jump Shot (8 PTS) (Schroder 5 AST),51 - 47,-4,5.0,2594,Kyle Korver,1610612737.0,Atlanta,Hawks,ATL,5,203471,Dennis Schroder,1610612737.0,Atlanta,Hawks,ATL,0,0,,,,,
0021500159,235,1,3,3,8:53 PM,10:17,Lopez 13' Hook Shot (15 PTS) (Johnson 7 AST),,,51 - 49,-2,4.0,201572,Brook Lopez,1610612751.0,Brooklyn,Nets,BKN,4,2207,Joe Johnson,1610612751.0,Brooklyn,Nets,BKN,0,0,,,,,
0021500159,236,2,5,3,8:53 PM,10:01,Lopez BLOCK (1 BLK),,MISS Splitter 1' Layup,,,5.0,201168,Tiago Splitter,1610612737.0,Atlanta,Hawks,ATL,0,0,,,,,,4,201572,Brook Lopez,1610612751.0,Brooklyn,Nets,BKN
0021500159,237,4,0,3,8:53 PM,9:58,Johnson REBOUND (Off:0 Def:5),,,,,4.0,2207,Joe Johnson,1610612751.0,Brooklyn,Nets,BKN,0,0,,,,,,0,0,,,,,
0021500159,238,1,1,3,8:53 PM,9:51,Johnson 14' Jump Shot (6 PTS),,,51 - 51,TIE,4.0,2207,Joe Johnson,1610612751.0,Brooklyn,Nets,BKN,0,0,,,,,,0,0,,,,,
0021500159,239,1,82,3,8:54 PM,9:38,,,Schroder 8' Driving Bank Shot (5 PTS),53 - 51,-2,5.0,203471,Dennis Schroder,1610612737.0,Atlanta,Hawks,ATL,0,0,,,,,,0,0,,,,,
0021500159,240,1,1,3,8:54 PM,9:26,Lopez 20' Jump Shot (17 PTS) (Jack 6 AST),,,53 - 53,TIE,4.0,201572,Brook Lopez,1610612751.0,Brooklyn,Nets,BKN,4,101127,Jarrett Jack,1610612751.0,Brooklyn,Nets,BKN,0,0,,,,,
0021500159,241,2,3,3,8:54 PM,9:07,,,MISS Splitter 6' Hook Shot,,,5.0,201168,Tiago Splitter,1610612737.0,Atlanta,Hawks,ATL,0,0,,,,,,0,0,,,,,
0021500159,242,4,0,3,8:54 PM,9:06,Lopez REBOUND (Off:0 Def:5),,,,,4.0,201572,Brook Lopez,1610612751.0,Brooklyn,Nets,BKN,0,0,,,,,,0,0,,,,,
0021500159,243,2,75,3,8:54 PM,8:55,MISS Young 3' Driving Finger Roll Layup,,,,,4.0,201152,Thaddeus Young,1610612751.0,Brooklyn,Nets,BKN,0,0,,,,,,0,0,,,,,
0021500159,244,4,0,3,8:54 PM,8:54,,,Korver REBOUND (Off:0 Def:3),,,5.0,2594,Kyle Korver,1610612737.0,Atlanta,Hawks,ATL,0,0,,,,,,0,0,,,,,
0021500159,245,1,1,3,8:55 PM,8:42,,,Horford 16' Jump Shot (11 PTS),55 - 53,-2,5.0,201143,Al Horford,1610612737.0,Atlanta,Hawks,ATL,0,0,,,,,,0,0,,,,,
0021500159,247,2,45,3,8:55 PM,8:26,MISS Jack 19' Jump Shot,,,,,4.0,101127,Jarrett Jack,1610612751.0,Brooklyn,Nets,BKN,0,0,,,,,,0,0,,,,,
0021500159,248,4,0,3,8:55 PM,8:24,,,Horford REBOUND (Off:1 Def:1),,,5.0,201143,Al Horford,1610612737.0,Atlanta,Hawks,ATL,0,0,,,,,,0,0,,,,,
0021500159,249,1,1,3,8:55 PM,8:15,,,Korver 25' 3PT Jump Shot (11 PTS) (Schroder 6 AST),58 - 53,-5,5.0,2594,Kyle Korver,1610612737.0,Atlanta,Hawks,ATL,5,203471,Dennis Schroder,1610612737.0,Atlanta,Hawks,ATL,0,0,,,,,
0021500159,250,1,58,3,8:55 PM,7:48,Lopez 11' Turnaround Hook Shot (19 PTS),,,58 - 55,-3,4.0,201572,Brook Lopez,1610612751.0,Brooklyn,Nets,BKN,0,0,,,,,,0,0,,,,,
0021500159,251,2,73,3,8:56 PM,7:28,,,MISS Splitter 2' Driving Reverse Layup,,,5.0,201168,Tiago Splitter,1610612737.0,Atlanta,Hawks,ATL,0,0,,,,,,0,0,,,,,
0021500159,252,4,0,3,8:56 PM,7:27,,,Millsap REBOUND (Off:2 Def:1),,,5.0,200794,Paul Millsap,1610612737.0,Atlanta,Hawks,ATL,0,0,,,,,,0,0,,,,,
0021500159,253,5,1,3,8:56 PM,7:24,Jack STEAL (1 STL),,Millsap Bad Pass Turnover (P4.T13),,,5.0,200794,Paul Millsap,1610612737.0,Atlanta,Hawks,ATL,4,101127,Jarrett Jack,1610612751.0,Brooklyn,Nets,BKN,0,0,,,,,
0021500159,255,2,1,3,8:56 PM,7:09,MISS Lopez 17' Jump Shot,,,,,4.0,201572,Brook Lopez,1610612751.0,Brooklyn,Nets,BKN,0,0,,,,,,0,0,,,,,
0021500159,256,4,0,3,8:56 PM,7:07,,,Horford REBOUND (Off:1 Def:2),,,5.0,201143,Al Horford,1610612737.0,Atlanta,Hawks,ATL,0,0,,,,,,0,0,,,,,
0021500159,257,5,1,3,8:57 PM,6:56,Young STEAL (4 STL),,Schroder Bad Pass Turnover (P3.T14),,,5.0,203471,Dennis Schroder,1610612737.0,Atlanta,Hawks,ATL,4,201152,Thaddeus Young,1610612751.0,Brooklyn,Nets,BKN,0,0,,,,,
0021500159,258,2,5,3,8:57 PM,6:48,MISS Hollis-Jefferson 4' Layup,,,,,4.0,1626178,Rondae Hollis-Jefferson,1610612751.0,Brooklyn,Nets,BKN,0,0,,,,,,0,0,,,,,
0021500159,259,4,0,3,8:57 PM,6:47,Young REBOUND (Off:2 Def:3),,,,,4.0,201152,Thaddeus Young,1610612751.0,Brooklyn,Nets,BKN,0,0,,,,,,0,0,,,,,
0021500159,260,2,72,3,8:57 PM,6:46,MISS Young 3' Putback Layup,,Horford BLOCK (2 BLK),,,4.0,201152,Thaddeus Young,1610612751.0,Brooklyn,Nets,BKN,0,0,,,,,,5,201143,Al Horford,1610612737.0,Atlanta,Hawks,ATL
0021500159,262,4,0,3,8:57 PM,6:45,Hollis-Jefferson REBOUND (Off:1 Def:1),,,,,4.0,1626178,Rondae Hollis-Jefferson,1610612751.0,Brooklyn,Nets,BKN,0,0,,,,,,0,0,,,,,
0021500159,261,2,45,3,8:57 PM,6:33,MISS Jack 26' 3PT Jump Shot,,,,,4.0,101127,Jarrett Jack,1610612751.0,Brooklyn,Nets,BKN,0,0,,,,,,0,0,,,,,
0021500159,264,4,0,3,8:57 PM,6:31,,,Korver REBOUND (Off:0 Def:4),,,5.0,2594,Kyle Korver,1610612737.0,Atlanta,Hawks,ATL,0,0,,,,,,0,0,,,,,
0021500159,265,1,1,3,8:57 PM,6:22,,,Horford 24' 3PT Jump Shot (14 PTS) (Millsap 2 AST),61 - 55,-6,5.0,201143,Al Horford,1610612737.0,Atlanta,Hawks,ATL,5,200794,Paul Millsap,1610612737.0,Atlanta,Hawks,ATL,0,0,,,,,
0021500159,266,6,1,3,8:58 PM,6:09,,,Schroder P.FOUL (P2.T1) (C.Blair),,,5.0,203471,Dennis Schroder,1610612737.0,Atlanta,Hawks,ATL,4,101127,Jarrett Jack,1610612751.0,Brooklyn,Nets,BKN,1,0,,,,,
0021500159,267,8,0,3,8:58 PM,6:09,,,SUB: Sefolosha FOR Splitter,,,5.0,201168,Tiago Splitter,1610612737.0,Atlanta,Hawks,ATL,5,200757,Thabo Sefolosha,1610612737.0,Atlanta,Hawks,ATL,0,0,,,,,
0021500159,268,2,5,3,8:58 PM,5:55,MISS Hollis-Jefferson 2' Layup,,,,,4.0,1626178,Rondae Hollis-Jefferson,1610612751.0,Brooklyn,Nets,BKN,0,0,,,,,,0,0,,,,,
0021500159,269,4,0,3,8:58 PM,5:54,,,Korver REBOUND (Off:0 Def:5),,,5.0,2594,Kyle Korver,1610612737.0,Atlanta,Hawks,ATL,0,0,,,,,,0,0,,,,,
0021500159,270,2,57,3,8:58 PM,5:41,,,MISS Horford 5' Driving Hook Shot,,,5.0,201143,Al Horford,1610612737.0,Atlanta,Hawks,ATL,0,0,,,,,,0,0,,,,,
0021500159,271,4,0,3,8:58 PM,5:40,Jack REBOUND (Off:0 Def:2),,,,,4.0,101127,Jarrett Jack,1610612751.0,Brooklyn,Nets,BKN,0,0,,,,,,0,0,,,,,
0021500159,272,1,1,3,8:58 PM,5:31,Johnson  3PT Jump Shot (9 PTS) (Jack 7 AST),,,61 - 58,-3,4.0,2207,Joe Johnson,1610612751.0,Brooklyn,Nets,BKN,4,101127,Jarrett Jack,1610612751.0,Brooklyn,Nets,BKN,0,0,,,,,
0021500159,273,9,1,3,8:59 PM,5:31,,,Hawks Timeout: Regular (Reg.3 Short 0),,,3.0,1610612737,,,,,,0,0,,,,,,0,0,,,,,
0021500159,275,8,0,3,9:01 PM,5:31,SUB: Bogdanovic FOR Hollis-Jefferson,,,,,4.0,1626178,Rondae Hollis-Jefferson,1610612751.0,Brooklyn,Nets,BKN,4,202711,Bojan Bogdanovic,1610612751.0,Brooklyn,Nets,BKN,0,0,,,,,
0021500159,276,2,1,3,9:01 PM,5:17,,,MISS Korver 26' 3PT Jump Shot,,,5.0,2594,Kyle Korver,1610612737.0,Atlanta,Hawks,ATL,0,0,,,,,,0,0,,,,,
0021500159,277,4,0,3,9:01 PM,5:16,,,Horford REBOUND (Off:2 Def:2),,,5.0,201143,Al Horford,1610612737.0,Atlanta,Hawks,ATL,0,0,,,,,,0,0,,,,,
0021500159,278,2,1,3,9:01 PM,5:10,,,MISS Sefolosha 25' 3PT Jump Shot,,,5.0,200757,Thabo Sefolosha,1610612737.0,Atlanta,Hawks,ATL,0,0,,,,,,0,0,,,,,
0021500159,279,4,0,3,9:01 PM,5:09,Young REBOUND (Off:2 Def:4),,,,,4.0,201152,Thaddeus Young,1610612751.0,Brooklyn,Nets,BKN,0,0,,,,,,0,0,,,,,
0021500159,282,8,0,3,9:02 PM,4:54,,,SUB: Holiday FOR Korver,,,5.0,2594,Kyle Korver,1610612737.0,Atlanta,Hawks,ATL,5,203200,Justin Holiday,1610612737.0,Atlanta,Hawks,ATL,0,0,,,,,
0021500159,284,1,1,3,9:02 PM,4:52,Lopez 6' Jump Shot (21 PTS) (Johnson 8 AST),,,61 - 60,-1,4.0,201572,Brook Lopez,1610612751.0,Brooklyn,Nets,BKN,4,2207,Joe Johnson,1610612751.0,Brooklyn,Nets,BKN,0,0,,,,,
0021500159,286,5,2,3,9:02 PM,4:34,Johnson STEAL (1 STL),,Holiday Lost Ball Turnover (P2.T15),,,5.0,203200,Justin Holiday,1610612737.0,Atlanta,Hawks,ATL,4,2207,Joe Johnson,1610612751.0,Brooklyn,Nets,BKN,0,0,,,,,
0021500159,287,2,76,3,9:02 PM,4:29,MISS Young 1' Running Finger Roll Layup,,,,,4.0,201152,Thaddeus Young,1610612751.0,Brooklyn,Nets,BKN,0,0,,,,,,0,0,,,,,
0021500159,288,4,0,3,9:02 PM,4:28,,,Sefolosha REBOUND (Off:0 Def:5),,,5.0,200757,Thabo Sefolosha,1610612737.0,Atlanta,Hawks,ATL,0,0,,,,,,0,0,,,,,
0021500159,290,1,1,3,9:03 PM,4:16,,,Holiday  3PT Jump Shot (3 PTS) (Millsap 3 AST),64 - 60,-4,5.0,203200,Justin Holiday,1610612737.0,Atlanta,Hawks,ATL,5,200794,Paul Millsap,1610612737.0,Atlanta,Hawks,ATL,0,0,,,,,
0021500159,291,1,3,3,9:03 PM,4:02,Young 7' Hook Shot (8 PTS) (Lopez 1 AST),,,64 - 62,-2,4.0,201152,Thaddeus Young,1610612751.0,Brooklyn,Nets,BKN,4,201572,Brook Lopez,1610612751.0,Brooklyn,Nets,BKN,0,0,,,,,
0021500159,292,6,1,3,9:03 PM,3:55,Young P.FOUL (P1.T2) (B.Spooner),,,,,4.0,201152,Thaddeus Young,1610612751.0,Brooklyn,Nets,BKN,5,203471,Dennis Schroder,1610612737.0,Atlanta,Hawks,ATL,1,0,,,,,
0021500159,294,8,0,3,9:03 PM,3:55,,,SUB: Muscala FOR Horford,,,5.0,201143,Al Horford,1610612737.0,Atlanta,Hawks,ATL,5,203488,Mike Muscala,1610612737.0,Atlanta,Hawks,ATL,0,0,,,,,
0021500159,295,8,0,3,9:03 PM,3:55,,,SUB: Mack FOR Schroder,,,5.0,203471,Dennis Schroder,1610612737.0,Atlanta,Hawks,ATL,5,202714,Shelvin Mack,1610612737.0,Atlanta,Hawks,ATL,0,0,,,,,
0021500159,296,8,0,3,9:03 PM,3:55,SUB: Robinson FOR Lopez,,,,,4.0,201572,Brook Lopez,1610612751.0,Brooklyn,Nets,BKN,4,203080,Thomas Robinson,1610612751.0,Brooklyn,Nets,BKN,0,0,,,,,
0021500159,297,2,3,3,9:04 PM,3:39,,,MISS Muscala 4' Hook Shot,,,5.0,203488,Mike Muscala,1610612737.0,Atlanta,Hawks,ATL,0,0,,,,,,0,0,,,,,
0021500159,298,4,0,3,9:04 PM,3:38,Bogdanovic REBOUND (Off:0 Def:1),,,,,4.0,202711,Bojan Bogdanovic,1610612751.0,Brooklyn,Nets,BKN,0,0,,,,,,0,0,,,,,
0021500159,299,2,1,3,9:04 PM,3:25,MISS Bogdanovic 26' 3PT Jump Shot,,,,,4.0,202711,Bojan Bogdanovic,1610612751.0,Brooklyn,Nets,BKN,0,0,,,,,,0,0,,,,,
0021500159,300,4,0,3,9:04 PM,3:24,,,Muscala REBOUND (Off:0 Def:1),,,5.0,203488,Mike Muscala,1610612737.0,Atlanta,Hawks,ATL,0,0,,,,,,0,0,,,,,
0021500159,301,5,1,3,9:04 PM,3:07,Young STEAL (5 STL),,Millsap Bad Pass Turnover (P5.T16),,,5.0,200794,Paul Millsap,1610612737.0,Atlanta,Hawks,ATL,4,201152,Thaddeus Young,1610612751.0,Brooklyn,Nets,BKN,0,0,,,,,
0021500159,302,2,1,3,9:05 PM,2:52,MISS Johnson 24' 3PT Jump Shot,,,,,4.0,2207,Joe Johnson,1610612751.0,Brooklyn,Nets,BKN,0,0,,,,,,0,0,,,,,
0021500159,303,4,0,3,9:05 PM,2:51,,,Holiday REBOUND (Off:0 Def:4),,,5.0,203200,Justin Holiday,1610612737.0,Atlanta,Hawks,ATL,0,0,,,,,,0,0,,,,,
0021500159,304,2,1,3,9:05 PM,2:44,,,MISS Sefolosha 20' Jump Shot,,,5.0,200757,Thabo Sefolosha,1610612737.0,Atlanta,Hawks,ATL,0,0,,,,,,0,0,,,,,
0021500159,305,4,0,3,9:05 PM,2:43,Jack REBOUND (Off:0 Def:3),,,,,4.0,101127,Jarrett Jack,1610612751.0,Brooklyn,Nets,BKN,0,0,,,,,,0,0,,,,,
0021500159,306,6,1,3,9:05 PM,2:35,,,Millsap P.FOUL (P2.T2) (B.Spooner),,,5.0,200794,Paul Millsap,1610612737.0,Atlanta,Hawks,ATL,4,201152,Thaddeus Young,1610612751.0,Brooklyn,Nets,BKN,1,0,,,,,
0021500159,307,9,1,3,9:05 PM,2:35,NETS Timeout: Regular (Full 3 Short 0),,,,,2.0,1610612751,,,,,,0,0,,,,,,0,0,,,,,
0021500159,309,8,0,3,9:08 PM,2:35,SUB: Larkin FOR Jack,,,,,4.0,101127,Jarrett Jack,1610612751.0,Brooklyn,Nets,BKN,4,203499,Shane Larkin,1610612751.0,Brooklyn,Nets,BKN,0,0,,,,,
0021500159,310,8,0,3,9:08 PM,2:35,SUB: Ellington FOR Johnson,,,,,4.0,2207,Joe Johnson,1610612751.0,Brooklyn,Nets,BKN,4,201961,Wayne Ellington,1610612751.0,Brooklyn,Nets,BKN,0,0,,,,,
0021500159,311,1,1,3,9:08 PM,2:25,Larkin 25' 3PT Jump Shot (9 PTS),,,64 - 65,1,4.0,203499,Shane Larkin,1610612751.0,Brooklyn,Nets,BKN,0,0,,,,,,0,0,,,,,
0021500159,312,2,1,3,9:08 PM,2:06,,,MISS Millsap 15' Jump Shot,,,5.0,200794,Paul Millsap,1610612737.0,Atlanta,Hawks,ATL,0,0,,,,,,0,0,,,,,
0021500159,313,4,0,3,9:08 PM,2:05,Young REBOUND (Off:2 Def:5),,,,,4.0,201152,Thaddeus Young,1610612751.0,Brooklyn,Nets,BKN,0,0,,,,,,0,0,,,,,
0021500159,314,1,1,3,9:08 PM,1:56,Larkin 25' 3PT Jump Shot (12 PTS),,,64 - 68,4,4.0,203499,Shane Larkin,1610612751.0,Brooklyn,Nets,BKN,0,0,,,,,,0,0,,,,,
0021500159,316,8,0,3,9:09 PM,1:43,,,SUB: Scott FOR Millsap,,,5.0,200794,Paul Millsap,1610612737.0,Atlanta,Hawks,ATL,5,203118,Mike Scott,1610612737.0,Atlanta,Hawks,ATL,0,0,,,,,
0021500159,317,1,1,3,9:09 PM,1:34,,,Muscala 27' 3PT Jump Shot (5 PTS) (Mack 2 AST),67 - 68,1,5.0,203488,Mike Muscala,1610612737.0,Atlanta,Hawks,ATL,5,202714,Shelvin Mack,1610612737.0,Atlanta,Hawks,ATL,0,0,,,,,
0021500159,318,1,78,3,9:09 PM,1:18,Young 8' Floating Jump Shot (10 PTS) (Larkin 1 AST),,,67 - 70,3,4.0,201152,Thaddeus Young,1610612751.0,Brooklyn,Nets,BKN,4,203499,Shane Larkin,1610612751.0,Brooklyn,Nets,BKN,0,0,,,,,
0021500159,319,6,2,3,9:10 PM,1:01,Ellington S.FOUL (P1.T3) (S.Corbin),,,,,4.0,201961,Wayne Ellington,1610612751.0,Brooklyn,Nets,BKN,5,203118,Mike Scott,1610612737.0,Atlanta,Hawks,ATL,1,0,,,,,
0021500159,320,3,11,3,9:10 PM,1:01,,,MISS Scott Free Throw 1 of 2,,,5.0,203118,Mike Scott,1610612737.0,Atlanta,Hawks,ATL,0,0,,,,,,0,0,,,,,
0021500159,321,4,1,3,9:10 PM,1:01,,,Hawks Rebound,,,3.0,1610612737,,,,,,0,0,,,,,,0,0,,,,,
0021500159,322,3,12,3,9:10 PM,1:01,,,Scott Free Throw 2 of 2 (6 PTS),68 - 70,2,5.0,203118,Mike Scott,1610612737.0,Atlanta,Hawks,ATL,0,0,,,,,,0,0,,,,,
0021500159,324,2,1,3,9:11 PM,0:49,MISS Larkin 15' Jump Shot,,,,,4.0,203499,Shane Larkin,1610612751.0,Brooklyn,Nets,BKN,0,0,,,,,,0,0,,,,,
0021500159,325,4,0,3,9:11 PM,0:48,,,Muscala REBOUND (Off:0 Def:2),,,5.0,203488,Mike Muscala,1610612737.0,Atlanta,Hawks,ATL,0,0,,,,,,0,0,,,,,
0021500159,326,5,1,3,9:11 PM,0:34,Bogdanovic STEAL (1 STL),,Muscala Bad Pass Turnover (P1.T17),,,5.0,203488,Mike Muscala,1610612737.0,Atlanta,Hawks,ATL,4,202711,Bojan Bogdanovic,1610612751.0,Brooklyn,Nets,BKN,0,0,,,,,
0021500159,327,1,1,3,9:11 PM,0:23,Ellington 19' Jump Shot (2 PTS),,,68 - 72,4,4.0,201961,Wayne Ellington,1610612751.0,Brooklyn,Nets,BKN,0,0,,,,,,0,0,,,,,
0021500159,328,2,101,3,9:11 PM,0:03,,,MISS Scott 8' Driving Floating Jump Shot,,,5.0,203118,Mike Scott,1610612737.0,Atlanta,Hawks,ATL,0,0,,,,,,0,0,,,,,
0021500159,329,4,0,3,9:11 PM,0:01,Bogdanovic REBOUND (Off:0 Def:2),,,,,4.0,202711,Bojan Bogdanovic,1610612751.0,Brooklyn,Nets,BKN,0,0,,,,,,0,0,,,,,
0021500159,330,13,0,3,9:12 PM,0:00,,,,68 - 72,4,0.0,0,,,,,,0,0,,,,,,0,0,,,,,
0021500159,332,12,0,4,9:15 PM,12:00,,,,68 - 72,4,0.0,0,,,,,,0,0,,,,,,0,0,,,,,
0021500159,333,5,2,4,9:15 PM,11:45,Ellington STEAL (1 STL),,Korver Lost Ball Turnover (P3.T18),,,5.0,2594,Kyle Korver,1610612737.0,Atlanta,Hawks,ATL,4,201961,Wayne Ellington,1610612751.0,Brooklyn,Nets,BKN,0,0,,,,,
0021500159,334,1,5,4,9:15 PM,11:42,Larkin 3' Layup (14 PTS) (Ellington 1 AST),,,68 - 74,6,4.0,203499,Shane Larkin,1610612751.0,Brooklyn,Nets,BKN,4,201961,Wayne Ellington,1610612751.0,Brooklyn,Nets,BKN,0,0,,,,,
0021500159,336,2,1,4,9:15 PM,11:31,,,MISS Mack 19' Jump Shot,,,5.0,202714,Shelvin Mack,1610612737.0,Atlanta,Hawks,ATL,0,0,,,,,,0,0,,,,,
0021500159,337,4,0,4,9:15 PM,11:30,Bogdanovic REBOUND (Off:0 Def:3),,,,,4.0,202711,Bojan Bogdanovic,1610612751.0,Brooklyn,Nets,BKN,0,0,,,,,,0,0,,,,,
0021500159,338,2,1,4,9:16 PM,11:09,MISS Larkin 19' Jump Shot,,,,,4.0,203499,Shane Larkin,1610612751.0,Brooklyn,Nets,BKN,0,0,,,,,,0,0,,,,,
0021500159,339,4,0,4,9:16 PM,11:06,Bogdanovic REBOUND (Off:1 Def:3),,,,,4.0,202711,Bojan Bogdanovic,1610612751.0,Brooklyn,Nets,BKN,0,0,,,,,,0,0,,,,,
0021500159,340,2,1,4,9:16 PM,10:57,MISS Bogdanovic 25' 3PT Jump Shot,,,,,4.0,202711,Bojan Bogdanovic,1610612751.0,Brooklyn,Nets,BKN,0,0,,,,,,0,0,,,,,
0021500159,341,4,0,4,9:16 PM,10:56,,,Scott REBOUND (Off:1 Def:2),,,5.0,203118,Mike Scott,1610612737.0,Atlanta,Hawks,ATL,0,0,,,,,,0,0,,,,,
0021500159,342,2,1,4,9:16 PM,10:43,,,MISS Muscala 20' Jump Shot,,,5.0,203488,Mike Muscala,1610612737.0,Atlanta,Hawks,ATL,0,0,,,,,,0,0,,,,,
0021500159,343,4,0,4,9:16 PM,10:41,Johnson REBOUND (Off:0 Def:6),,,,,4.0,2207,Joe Johnson,1610612751.0,Brooklyn,Nets,BKN,0,0,,,,,,0,0,,,,,
0021500159,344,2,78,4,9:16 PM,10:32,MISS Robinson 6' Floating Jump Shot,,,,,4.0,203080,Thomas Robinson,1610612751.0,Brooklyn,Nets,BKN,0,0,,,,,,0,0,,,,,
0021500159,345,4,0,4,9:16 PM,10:31,,,Muscala REBOUND (Off:0 Def:3),,,5.0,203488,Mike Muscala,1610612737.0,Atlanta,Hawks,ATL,0,0,,,,,,0,0,,,,,
0021500159,346,2,47,4,9:16 PM,10:21,,,MISS Scott 14' Turnaround Jump Shot,,,5.0,203118,Mike Scott,1610612737.0,Atlanta,Hawks,ATL,0,0,,,,,,0,0,,,,,
0021500159,347,4,0,4,9:16 PM,10:20,Robinson REBOUND (Off:2 Def:2),,,,,4.0,203080,Thomas Robinson,1610612751.0,Brooklyn,Nets,BKN,0,0,,,,,,0,0,,,,,
0021500159,348,2,1,4,9:17 PM,10:09,MISS Johnson 20' Jump Shot,,,,,4.0,2207,Joe Johnson,1610612751.0,Brooklyn,Nets,BKN,0,0,,,,,,0,0,,,,,
0021500159,349,4,0,4,9:17 PM,10:07,,,Mack REBOUND (Off:0 Def:2),,,5.0,202714,Shelvin Mack,1610612737.0,Atlanta,Hawks,ATL,0,0,,,,,,0,0,,,,,
0021500159,350,6,1,4,9:17 PM,10:01,Larkin P.FOUL (P1.T1) (S.Corbin),,,,,4.0,203499,Shane Larkin,1610612751.0,Brooklyn,Nets,BKN,5,203118,Mike Scott,1610612737.0,Atlanta,Hawks,ATL,1,0,,,,,
0021500159,351,8,0,4,9:17 PM,10:01,,,SUB: Horford FOR Muscala,,,5.0,203488,Mike Muscala,1610612737.0,Atlanta,Hawks,ATL,5,201143,Al Horford,1610612737.0,Atlanta,Hawks,ATL,0,0,,,,,
0021500159,352,8,0,4,9:17 PM,10:01,SUB: Lopez FOR Robinson,,,,,4.0,203080,Thomas Robinson,1610612751.0,Brooklyn,Nets,BKN,4,201572,Brook Lopez,1610612751.0,Brooklyn,Nets,BKN,0,0,,,,,
0021500159,353,2,1,4,9:17 PM,9:51,,,MISS Scott 24' 3PT Jump Shot,,,5.0,203118,Mike Scott,1610612737.0,Atlanta,Hawks,ATL,0,0,,,,,,0,0,,,,,
0021500159,354,4,0,4,9:17 PM,9:50,Johnson REBOUND (Off:0 Def:7),,,,,4.0,2207,Joe Johnson,1610612751.0,Brooklyn,Nets,BKN,0,0,,,,,,0,0,,,,,
0021500159,355,6,1,4,9:18 PM,9:37,,,Scott P.FOUL (P1.T1) (C.Blair),,,5.0,203118,Mike Scott,1610612737.0,Atlanta,Hawks,ATL,4,201572,Brook Lopez,1610612751.0,Brooklyn,Nets,BKN,1,0,,,,,
0021500159,356,5,1,4,9:18 PM,9:29,Bogdanovic Bad Pass Turnover (P2.T11),,Holiday STEAL (2 STL),,,4.0,202711,Bojan Bogdanovic,1610612751.0,Brooklyn,Nets,BKN,5,203200,Justin Holiday,1610612737.0,Atlanta,Hawks,ATL,0,0,,,,,
0021500159,357,5,2,4,9:19 PM,9:13,Lopez STEAL (1 STL),,Horford Lost Ball Turnover (P1.T19),,,5.0,201143,Al Horford,1610612737.0,Atlanta,Hawks,ATL,4,201572,Brook Lopez,1610612751.0,Brooklyn,Nets,BKN,0,0,,,,,
0021500159,358,2,1,4,9:19 PM,9:03,MISS Larkin 25' 3PT Jump Shot,,,,,4.0,203499,Shane Larkin,1610612751.0,Brooklyn,Nets,BKN,0,0,,,,,,0,0,,,,,
0021500159,359,4,0,4,9:19 PM,9:02,,,Scott REBOUND (Off:1 Def:3),,,5.0,203118,Mike Scott,1610612737.0,Atlanta,Hawks,ATL,0,0,,,,,,0,0,,,,,
0021500159,360,1,1,4,9:19 PM,8:48,,,Korver 20' Jump Shot (13 PTS) (Horford 2 AST),70 - 74,4,5.0,2594,Kyle Korver,1610612737.0,Atlanta,Hawks,ATL,5,201143,Al Horford,1610612737.0,Atlanta,Hawks,ATL,0,0,,,,,
0021500159,361,6,1,4,9:20 PM,8:27,,,Holiday P.FOUL (P1.T2) (S.Corbin),,,5.0,203200,Justin Holiday,1610612737.0,Atlanta,Hawks,ATL,4,201961,Wayne Ellington,1610612751.0,Brooklyn,Nets,BKN,1,0,,,,,
0021500159,362,9,4,4,9:20 PM,8:27,,,,,,1.0,0,,,,,,0,0,,,,,,0,0,,,,,
0021500159,364,8,0,4,9:22 PM,8:27,,,SUB: Sefolosha FOR Mack,,,5.0,202714,Shelvin Mack,1610612737.0,Atlanta,Hawks,ATL,5,200757,Thabo Sefolosha,1610612737.0,Atlanta,Hawks,ATL,0,0,,,,,
0021500159,365,8,0,4,9:22 PM,8:27,,,SUB: Millsap FOR Holiday,,,5.0,203200,Justin Holiday,1610612737.0,Atlanta,Hawks,ATL,5,200794,Paul Millsap,1610612737.0,Atlanta,Hawks,ATL,0,0,,,,,
0021500159,366,8,0,4,9:22 PM,8:27,,,SUB: Schroder FOR Scott,,,5.0,203118,Mike Scott,1610612737.0,Atlanta,Hawks,ATL,5,203471,Dennis Schroder,1610612737.0,Atlanta,Hawks,ATL,0,0,,,,,
0021500159,367,2,1,4,9:22 PM,8:19,MISS Lopez 7' Jump Shot,,,,,4.0,201572,Brook Lopez,1610612751.0,Brooklyn,Nets,BKN,0,0,,,,,,0,0,,,,,
0021500159,368,4,0,4,9:22 PM,8:18,Lopez REBOUND (Off:1 Def:5),,,,,4.0,201572,Brook Lopez,1610612751.0,Brooklyn,Nets,BKN,0,0,,,,,,0,0,,,,,
0021500159,369,1,72,4,9:22 PM,8:17,Lopez  Putback Layup (23 PTS),,,70 - 76,6,4.0,201572,Brook Lopez,1610612751.0,Brooklyn,Nets,BKN,0,0,,,,,,0,0,,,,,
0021500159,370,2,75,4,9:23 PM,7:52,Lopez BLOCK (2 BLK),,MISS Schroder 2' Driving Finger Roll Layup,,,5.0,203471,Dennis Schroder,1610612737.0,Atlanta,Hawks,ATL,0,0,,,,,,4,201572,Brook Lopez,1610612751.0,Brooklyn,Nets,BKN
0021500159,371,4,0,4,9:23 PM,7:50,Larkin REBOUND (Off:0 Def:2),,,,,4.0,203499,Shane Larkin,1610612751.0,Brooklyn,Nets,BKN,0,0,,,,,,0,0,,,,,
0021500159,372,2,1,4,9:23 PM,7:36,MISS Larkin 26' 3PT Jump Shot,,,,,4.0,203499,Shane Larkin,1610612751.0,Brooklyn,Nets,BKN,0,0,,,,,,0,0,,,,,
0021500159,373,4,0,4,9:23 PM,7:35,,,Schroder REBOUND (Off:0 Def:3),,,5.0,203471,Dennis Schroder,1610612737.0,Atlanta,Hawks,ATL,0,0,,,,,,0,0,,,,,
0021500159,374,1,1,4,9:23 PM,7:17,,,Millsap  3PT Jump Shot (12 PTS) (Schroder 7 AST),73 - 76,3,5.0,200794,Paul Millsap,1610612737.0,Atlanta,Hawks,ATL,5,203471,Dennis Schroder,1610612737.0,Atlanta,Hawks,ATL,0,0,,,,,
0021500159,376,8,0,4,9:24 PM,6:58,SUB: Jack FOR Larkin,,,,,4.0,203499,Shane Larkin,1610612751.0,Brooklyn,Nets,BKN,4,101127,Jarrett Jack,1610612751.0,Brooklyn,Nets,BKN,0,0,,,,,
0021500159,377,5,1,4,9:24 PM,6:54,Lopez Bad Pass Turnover (P1.T12),,Millsap STEAL (1 STL),,,4.0,201572,Brook Lopez,1610612751.0,Brooklyn,Nets,BKN,5,200794,Paul Millsap,1610612737.0,Atlanta,Hawks,ATL,0,0,,,,,
0021500159,378,1,1,4,9:24 PM,6:41,,,Millsap 9' Jump Shot (14 PTS),75 - 76,1,5.0,200794,Paul Millsap,1610612737.0,Atlanta,Hawks,ATL,0,0,,,,,,0,0,,,,,
0021500159,379,2,45,4,9:25 PM,6:27,MISS Lopez 14' Jump Shot,,,,,4.0,201572,Brook Lopez,1610612751.0,Brooklyn,Nets,BKN,0,0,,,,,,0,0,,,,,
0021500159,380,4,0,4,9:25 PM,6:26,,,Sefolosha REBOUND (Off:0 Def:6),,,5.0,200757,Thabo Sefolosha,1610612737.0,Atlanta,Hawks,ATL,0,0,,,,,,0,0,,,,,
0021500159,381,6,2,4,9:25 PM,6:18,Lopez S.FOUL (P3.T2) (B.Spooner),,,,,4.0,201572,Brook Lopez,1610612751.0,Brooklyn,Nets,BKN,5,203471,Dennis Schroder,1610612737.0,Atlanta,Hawks,ATL,1,0,,,,,
0021500159,382,3,11,4,9:25 PM,6:18,,,Schroder Free Throw 1 of 2 (6 PTS),76 - 76,TIE,5.0,203471,Dennis Schroder,1610612737.0,Atlanta,Hawks,ATL,0,0,,,,,,0,0,,,,,
0021500159,384,8,0,4,9:25 PM,6:18,SUB: Hollis-Jefferson FOR Bogdanovic,,,,,4.0,202711,Bojan Bogdanovic,1610612751.0,Brooklyn,Nets,BKN,4,1626178,Rondae Hollis-Jefferson,1610612751.0,Brooklyn,Nets,BKN,0,0,,,,,
0021500159,385,8,0,4,9:26 PM,6:18,SUB: Young FOR Johnson,,,,,4.0,2207,Joe Johnson,1610612751.0,Brooklyn,Nets,BKN,4,201152,Thaddeus Young,1610612751.0,Brooklyn,Nets,BKN,0,0,,,,,
0021500159,386,3,12,4,9:26 PM,6:18,,,MISS Schroder Free Throw 2 of 2,,,5.0,203471,Dennis Schroder,1610612737.0,Atlanta,Hawks,ATL,0,0,,,,,,0,0,,,,,
0021500159,388,4,0,4,9:26 PM,6:17,Young REBOUND (Off:2 Def:6),,,,,4.0,201152,Thaddeus Young,1610612751.0,Brooklyn,Nets,BKN,0,0,,,,,,0,0,,,,,
0021500159,389,2,5,4,9:26 PM,6:02,MISS Lopez 2' Layup,,Millsap BLOCK (1 BLK),,,4.0,201572,Brook Lopez,1610612751.0,Brooklyn,Nets,BKN,0,0,,,,,,5,200794,Paul Millsap,1610612737.0,Atlanta,Hawks,ATL
0021500159,390,4,0,4,9:26 PM,6:01,Lopez REBOUND (Off:2 Def:5),,,,,4.0,201572,Brook Lopez,1610612751.0,Brooklyn,Nets,BKN,0,0,,,,,,0,0,,,,,
0021500159,391,2,72,4,9:26 PM,5:59,MISS Lopez 3' Putback Layup,,,,,4.0,201572,Brook Lopez,1610612751.0,Brooklyn,Nets,BKN,0,0,,,,,,0,0,,,,,
0021500159,392,4,0,4,9:26 PM,5:58,,,Schroder REBOUND (Off:0 Def:4),,,5.0,203471,Dennis Schroder,1610612737.0,Atlanta,Hawks,ATL,0,0,,,,,,0,0,,,,,
0021500159,393,6,1,4,9:27 PM,5:47,Young P.FOUL (P2.T3) (C.Blair),,,,,4.0,201152,Thaddeus Young,1610612751.0,Brooklyn,Nets,BKN,5,201143,Al Horford,1610612737.0,Atlanta,Hawks,ATL,1,0,,,,,
0021500159,394,9,1,4,9:27 PM,5:47,NETS Timeout: Regular (Full 4 Short 0),,,,,2.0,1610612751,,,,,,0,0,,,,,,0,0,,,,,
0021500159,396,2,1,4,9:29 PM,5:40,,,MISS Korver 25' 3PT Jump Shot,,,5.0,2594,Kyle Korver,1610612737.0,Atlanta,Hawks,ATL,0,0,,,,,,0,0,,,,,
0021500159,397,4,0,4,9:29 PM,5:39,Young REBOUND (Off:2 Def:7),,,,,4.0,201152,Thaddeus Young,1610612751.0,Brooklyn,Nets,BKN,0,0,,,,,,0,0,,,,,
0021500159,398,2,1,4,9:29 PM,5:28,MISS Jack 19' Jump Shot,,,,,4.0,101127,Jarrett Jack,1610612751.0,Brooklyn,Nets,BKN,0,0,,,,,,0,0,,,,,
0021500159,399,4,0,4,9:29 PM,5:27,,,Sefolosha REBOUND (Off:0 Def:7),,,5.0,200757,Thabo Sefolosha,1610612737.0,Atlanta,Hawks,ATL,0,0,,,,,,0,0,,,,,
0021500159,400,1,1,4,9:30 PM,5:15,,,Horford 19' Jump Shot (16 PTS) (Schroder 8 AST),78 - 76,-2,5.0,201143,Al Horford,1610612737.0,Atlanta,Hawks,ATL,5,203471,Dennis Schroder,1610612737.0,Atlanta,Hawks,ATL,0,0,,,,,
0021500159,401,6,2,4,9:30 PM,5:01,,,Schroder S.FOUL (P3.T3) (S.Corbin),,,5.0,203471,Dennis Schroder,1610612737.0,Atlanta,Hawks,ATL,4,101127,Jarrett Jack,1610612751.0,Brooklyn,Nets,BKN,1,0,,,,,
0021500159,402,3,13,4,9:30 PM,5:01,MISS Jack Free Throw 1 of 3,,,,,4.0,101127,Jarrett Jack,1610612751.0,Brooklyn,Nets,BKN,0,0,,,,,,0,0,,,,,
0021500159,403,4,1,4,9:30 PM,5:01,NETS Rebound,,,,,2.0,1610612751,,,,,,0,0,,,,,,0,0,,,,,
0021500159,404,3,14,4,9:31 PM,5:01,MISS Jack Free Throw 2 of 3,,,,,4.0,101127,Jarrett Jack,1610612751.0,Brooklyn,Nets,BKN,0,0,,,,,,0,0,,,,,
0021500159,405,4,1,4,9:31 PM,5:01,NETS Rebound,,,,,2.0,1610612751,,,,,,0,0,,,,,,0,0,,,,,
0021500159,406,8,0,4,9:31 PM,5:01,,,SUB: Holiday FOR Korver,,,5.0,2594,Kyle Korver,1610612737.0,Atlanta,Hawks,ATL,5,203200,Justin Holiday,1610612737.0,Atlanta,Hawks,ATL,0,0,,,,,
0021500159,407,8,0,4,9:31 PM,5:01,SUB: Johnson FOR Hollis-Jefferson,,,,,4.0,1626178,Rondae Hollis-Jefferson,1610612751.0,Brooklyn,Nets,BKN,4,2207,Joe Johnson,1610612751.0,Brooklyn,Nets,BKN,0,0,,,,,
0021500159,408,3,15,4,9:31 PM,5:01,Jack Free Throw 3 of 3 (12 PTS),,,78 - 77,-1,4.0,101127,Jarrett Jack,1610612751.0,Brooklyn,Nets,BKN,0,0,,,,,,0,0,,,,,
0021500159,410,1,1,4,9:31 PM,4:51,,,Schroder 19' Jump Shot (8 PTS),80 - 77,-3,5.0,203471,Dennis Schroder,1610612737.0,Atlanta,Hawks,ATL,0,0,,,,,,0,0,,,,,
0021500159,411,1,5,4,9:32 PM,4:34,Young 3' Layup (12 PTS) (Johnson 9 AST),,,80 - 79,-1,4.0,201152,Thaddeus Young,1610612751.0,Brooklyn,Nets,BKN,4,2207,Joe Johnson,1610612751.0,Brooklyn,Nets,BKN,0,0,,,,,
0021500159,412,2,1,4,9:32 PM,4:19,,,MISS Sefolosha 17' Jump Shot,,,5.0,200757,Thabo Sefolosha,1610612737.0,Atlanta,Hawks,ATL,0,0,,,,,,0,0,,,,,
0021500159,413,4,0,4,9:32 PM,4:18,,,Millsap REBOUND (Off:3 Def:1),,,5.0,200794,Paul Millsap,1610612737.0,Atlanta,Hawks,ATL,0,0,,,,,,0,0,,,,,
0021500159,414,6,2,4,9:32 PM,4:17,Jack S.FOUL (P3.T4) (C.Blair),,,,,4.0,101127,Jarrett Jack,1610612751.0,Brooklyn,Nets,BKN,5,200794,Paul Millsap,1610612737.0,Atlanta,Hawks,ATL,1,0,,,,,
0021500159,415,3,11,4,9:32 PM,4:17,,,Millsap Free Throw 1 of 2 (15 PTS),81 - 79,-2,5.0,200794,Paul Millsap,1610612737.0,Atlanta,Hawks,ATL,0,0,,,,,,0,0,,,,,
0021500159,417,3,12,4,9:33 PM,4:17,,,Millsap Free Throw 2 of 2 (16 PTS),82 - 79,-3,5.0,200794,Paul Millsap,1610612737.0,Atlanta,Hawks,ATL,0,0,,,,,,0,0,,,,,
0021500159,419,2,78,4,9:33 PM,4:00,MISS Johnson 6' Floating Jump Shot,,Sefolosha BLOCK (1 BLK),,,4.0,2207,Joe Johnson,1610612751.0,Brooklyn,Nets,BKN,0,0,,,,,,5,200757,Thabo Sefolosha,1610612737.0,Atlanta,Hawks,ATL
0021500159,420,4,0,4,9:33 PM,3:58,,,Millsap REBOUND (Off:3 Def:2),,,5.0,200794,Paul Millsap,1610612737.0,Atlanta,Hawks,ATL,0,0,,,,,,0,0,,,,,
0021500159,421,2,1,4,9:33 PM,3:39,,,MISS Sefolosha 25' 3PT Jump Shot,,,5.0,200757,Thabo Sefolosha,1610612737.0,Atlanta,Hawks,ATL,0,0,,,,,,0,0,,,,,
0021500159,422,4,0,4,9:33 PM,3:38,,,Horford REBOUND (Off:3 Def:2),,,5.0,201143,Al Horford,1610612737.0,Atlanta,Hawks,ATL,0,0,,,,,,0,0,,,,,
0021500159,423,5,1,4,9:33 PM,3:35,Ellington STEAL (2 STL),,Horford Bad Pass Turnover (P2.T20),,,5.0,201143,Al Horford,1610612737.0,Atlanta,Hawks,ATL,4,201961,Wayne Ellington,1610612751.0,Brooklyn,Nets,BKN,0,0,,,,,
0021500159,424,2,82,4,9:34 PM,3:22,MISS Lopez 8' Driving Bank Shot,,,,,4.0,201572,Brook Lopez,1610612751.0,Brooklyn,Nets,BKN,0,0,,,,,,0,0,,,,,
0021500159,425,4,0,4,9:34 PM,3:20,Young REBOUND (Off:3 Def:7),,,,,4.0,201152,Thaddeus Young,1610612751.0,Brooklyn,Nets,BKN,0,0,,,,,,0,0,,,,,
0021500159,426,1,5,4,9:34 PM,3:19,Young 3' Layup (14 PTS),,,82 - 81,-1,4.0,201152,Thaddeus Young,1610612751.0,Brooklyn,Nets,BKN,0,0,,,,,,0,0,,,,,
0021500159,428,9,1,4,9:34 PM,3:19,,,Hawks Timeout: Regular (Reg.4 Short 0),,,3.0,1610612737,,,,,,0,0,,,,,,0,0,,,,,
0021500159,430,8,0,4,9:36 PM,3:19,,,SUB: Korver FOR Holiday,,,5.0,203200,Justin Holiday,1610612737.0,Atlanta,Hawks,ATL,5,2594,Kyle Korver,1610612737.0,Atlanta,Hawks,ATL,0,0,,,,,
0021500159,431,2,1,4,9:37 PM,3:02,,,MISS Korver 26' 3PT Jump Shot,,,5.0,2594,Kyle Korver,1610612737.0,Atlanta,Hawks,ATL,0,0,,,,,,0,0,,,,,
0021500159,432,4,0,4,9:37 PM,3:01,Lopez REBOUND (Off:2 Def:6),,,,,4.0,201572,Brook Lopez,1610612751.0,Brooklyn,Nets,BKN,0,0,,,,,,0,0,,,,,
0021500159,433,1,1,4,9:37 PM,2:43,Johnson 13' Jump Shot (11 PTS),,,82 - 83,1,4.0,2207,Joe Johnson,1610612751.0,Brooklyn,Nets,BKN,0,0,,,,,,0,0,,,,,
0021500159,434,2,1,4,9:37 PM,2:17,,,MISS Horford  3PT Jump Shot,,,5.0,201143,Al Horford,1610612737.0,Atlanta,Hawks,ATL,0,0,,,,,,0,0,,,,,
0021500159,435,4,0,4,9:37 PM,2:16,,,Hawks Rebound,,,3.0,1610612737,,,,,,0,0,,,,,,0,0,,,,,
0021500159,436,2,1,4,9:38 PM,2:06,,,MISS Schroder 26' 3PT Jump Shot,,,5.0,203471,Dennis Schroder,1610612737.0,Atlanta,Hawks,ATL,0,0,,,,,,0,0,,,,,
0021500159,437,4,0,4,9:38 PM,2:05,Lopez REBOUND (Off:2 Def:7),,,,,4.0,201572,Brook Lopez,1610612751.0,Brooklyn,Nets,BKN,0,0,,,,,,0,0,,,,,
0021500159,438,6,2,4,9:38 PM,1:53,,,Korver S.FOUL (P2.T4) (B.Spooner),,,5.0,2594,Kyle Korver,1610612737.0,Atlanta,Hawks,ATL,4,201572,Brook Lopez,1610612751.0,Brooklyn,Nets,BKN,1,0,,,,,
0021500159,439,3,11,4,9:38 PM,1:53,MISS Lopez Free Throw 1 of 2,,,,,4.0,201572,Brook Lopez,1610612751.0,Brooklyn,Nets,BKN,0,0,,,,,,0,0,,,,,
0021500159,440,4,1,4,9:38 PM,1:53,NETS Rebound,,,,,2.0,1610612751,,,,,,0,0,,,,,,0,0,,,,,
0021500159,441,3,12,4,9:39 PM,1:53,Lopez Free Throw 2 of 2 (24 PTS),,,82 - 84,2,4.0,201572,Brook Lopez,1610612751.0,Brooklyn,Nets,BKN,0,0,,,,,,0,0,,,,,
0021500159,443,6,1,4,9:39 PM,1:39,Young P.FOUL (P3.PN) (B.Spooner),,,,,4.0,201152,Thaddeus Young,1610612751.0,Brooklyn,Nets,BKN,5,200794,Paul Millsap,1610612737.0,Atlanta,Hawks,ATL,1,0,,,,,
0021500159,444,3,11,4,9:40 PM,1:39,,,Millsap Free Throw 1 of 2 (17 PTS),83 - 84,1,5.0,200794,Paul Millsap,1610612737.0,Atlanta,Hawks,ATL,0,0,,,,,,0,0,,,,,
0021500159,446,3,12,4,9:40 PM,1:39,,,MISS Millsap Free Throw 2 of 2,,,5.0,200794,Paul Millsap,1610612737.0,Atlanta,Hawks,ATL,0,0,,,,,,0,0,,,,,
0021500159,448,4,0,4,9:40 PM,1:38,Lopez REBOUND (Off:2 Def:8),,,,,4.0,201572,Brook Lopez,1610612751.0,Brooklyn,Nets,BKN,0,0,,,,,,0,0,,,,,
0021500159,449,9,2,4,9:40 PM,1:38,NETS Timeout: Short (Full 4 Short 1),,,,,2.0,1610612751,,,,,,0,0,,,,,,0,0,,,,,
0021500159,451,2,1,4,9:42 PM,1:25,MISS Johnson 16' Jump Shot,,,,,4.0,2207,Joe Johnson,1610612751.0,Brooklyn,Nets,BKN,0,0,,,,,,0,0,,,,,
0021500159,452,4,0,4,9:42 PM,1:24,,,Schroder REBOUND (Off:0 Def:5),,,5.0,203471,Dennis Schroder,1610612737.0,Atlanta,Hawks,ATL,0,0,,,,,,0,0,,,,,
0021500159,453,1,1,4,9:42 PM,1:14,,,Horford 19' Jump Shot (18 PTS) (Schroder 9 AST),85 - 84,-1,5.0,201143,Al Horford,1610612737.0,Atlanta,Hawks,ATL,5,203471,Dennis Schroder,1610612737.0,Atlanta,Hawks,ATL,0,0,,,,,
0021500159,454,1,78,4,9:42 PM,0:57,Johnson 6' Floating Jump Shot (13 PTS) (Jack 8 AST),,,85 - 86,1,4.0,2207,Joe Johnson,1610612751.0,Brooklyn,Nets,BKN,4,101127,Jarrett Jack,1610612751.0,Brooklyn,Nets,BKN,0,0,,,,,
0021500159,455,1,1,4,9:43 PM,0:40,,,Sefolosha  3PT Jump Shot (8 PTS) (Schroder 10 AST),88 - 86,-2,5.0,200757,Thabo Sefolosha,1610612737.0,Atlanta,Hawks,ATL,5,203471,Dennis Schroder,1610612737.0,Atlanta,Hawks,ATL,0,0,,,,,
0021500159,456,1,1,4,9:43 PM,0:33,Jack 18' Jump Shot (14 PTS),,,88 - 88,TIE,4.0,101127,Jarrett Jack,1610612751.0,Brooklyn,Nets,BKN,0,0,,,,,,0,0,,,,,
0021500159,457,2,78,4,9:43 PM,0:10,,,MISS Schroder 5' Floating Jump Shot,,,5.0,203471,Dennis Schroder,1610612737.0,Atlanta,Hawks,ATL,0,0,,,,,,0,0,,,,,
0021500159,458,4,0,4,9:43 PM,0:08,,,Millsap REBOUND (Off:4 Def:2),,,5.0,200794,Paul Millsap,1610612737.0,Atlanta,Hawks,ATL,0,0,,,,,,0,0,,,,,
0021500159,459,2,5,4,9:43 PM,0:07,Lopez BLOCK (3 BLK),,MISS Millsap 2' Layup,,,5.0,200794,Paul Millsap,1610612737.0,Atlanta,Hawks,ATL,0,0,,,,,,4,201572,Brook Lopez,1610612751.0,Brooklyn,Nets,BKN
0021500159,460,4,0,4,9:43 PM,0:06,Young REBOUND (Off:3 Def:8),,,,,4.0,201152,Thaddeus Young,1610612751.0,Brooklyn,Nets,BKN,0,0,,,,,,0,0,,,,,
0021500159,461,6,2,4,9:44 PM,0:01,,,Korver S.FOUL (P3.PN) (S.Corbin),,,5.0,2594,Kyle Korver,1610612737.0,Atlanta,Hawks,ATL,4,201152,Thaddeus Young,1610612751.0,Brooklyn,Nets,BKN,1,0,,,,,
0021500159,462,18,0,4,9:45 PM,0:01,,,,,,,461,Popeye Jones,,,,,0,0,,,,,,1,0,,,,,
0021500159,463,3,11,4,9:46 PM,0:01,Young Free Throw 1 of 2 (15 PTS),,,88 - 89,1,4.0,201152,Thaddeus Young,1610612751.0,Brooklyn,Nets,BKN,0,0,,,,,,0,0,,,,,
0021500159,465,8,0,4,9:46 PM,0:01,,,SUB: Scott FOR Schroder,,,5.0,203471,Dennis Schroder,1610612737.0,Atlanta,Hawks,ATL,5,203118,Mike Scott,1610612737.0,Atlanta,Hawks,ATL,0,0,,,,,
0021500159,466,8,0,4,9:47 PM,0:01,,,SUB: Muscala FOR Sefolosha,,,5.0,200757,Thabo Sefolosha,1610612737.0,Atlanta,Hawks,ATL,5,203488,Mike Muscala,1610612737.0,Atlanta,Hawks,ATL,0,0,,,,,
0021500159,467,3,12,4,9:47 PM,0:01,Young Free Throw 2 of 2 (16 PTS),,,88 - 90,2,4.0,201152,Thaddeus Young,1610612751.0,Brooklyn,Nets,BKN,0,0,,,,,,0,0,,,,,
0021500159,469,9,1,4,9:47 PM,0:01,,,Hawks Timeout: Regular (Reg.5 Short 0),,,3.0,1610612737,,,,,,0,0,,,,,,0,0,,,,,
0021500159,471,8,0,4,9:48 PM,0:01,,,SUB: Sefolosha FOR Muscala,,,5.0,203488,Mike Muscala,1610612737.0,Atlanta,Hawks,ATL,5,200757,Thabo Sefolosha,1610612737.0,Atlanta,Hawks,ATL,0,0,,,,,
0021500159,472,8,0,4,9:48 PM,0:01,SUB: Hollis-Jefferson FOR Ellington,,,,,4.0,201961,Wayne Ellington,1610612751.0,Brooklyn,Nets,BKN,4,1626178,Rondae Hollis-Jefferson,1610612751.0,Brooklyn,Nets,BKN,0,0,,,,,
0021500159,473,13,0,4,9:49 PM,0:00,,,,88 - 90,2,0.0,0,,,,,,0,0,,,,,,0,0,,,,,
