GAME_ID,EVENTNUM,EVENTMSGTYPE,EVENTMSGACTIONTYPE,PERIOD,WCTIMESTRING,PCTIMESTRING,HOMEDESCRIPTION,NEUTRALDESCRIPTION,VISITORDESCRIPTION,SCORE,SCOREMARGIN,PERSON1TYPE,PLAYER1_ID,PLAYER1_NAME,PLAYER1_TEAM_ID,PLAYER1_TEAM_CITY,PLAYER1_TEAM_NICKNAME,PLAYER1_TEAM_ABBREVIATION,PERSON2TYPE,PLAYER2_ID,PLAYER2_NAME,PLAYER2_TEAM_ID,PLAYER2_TEAM_CITY,PLAYER2_TEAM_NICKNAME,PLAYER2_TEAM_ABBREVIATION,PERSON3TYPE,PLAYER3_ID,PLAYER3_NAME,PLAYER3_TEAM_ID,PLAYER3_TEAM_CITY,PLAYER3_TEAM_NICKNAME,PLAYER3_TEAM_ABBREVIATION
0021500390,0,12,0,1,8:12 PM,12:00,,,,,,0.0,0,,,,,,0,0,,,,,,0,0,,,,,
0021500390,1,10,0,1,8:12 PM,12:00,Jump Ball Whiteside vs. Biyombo: Tip to Bosh,,,,,4.0,202355,Hassan Whiteside,1610612748.0,Miami,Heat,MIA,5,202687,Bismack Biyombo,1610612761.0,Toronto,Raptors,TOR,4,2547,Chris Bosh,1610612748.0,Miami,Heat,MIA
0021500390,2,5,1,1,8:13 PM,11:36,Dragic Bad Pass Turnover (P1.T1),,Johnson STEAL (1 STL),,,4.0,201609,Goran Dragic,1610612748.0,Miami,Heat,MIA,5,201949,James Johnson,1610612761.0,Toronto,Raptors,TOR,0,0,,,,,
0021500390,3,1,5,1,8:13 PM,11:33,,,Scola 2' Layup (2 PTS) (Johnson 1 AST),2 - 0,-2,5.0,2449,Luis Scola,1610612761.0,Toronto,Raptors,TOR,5,201949,James Johnson,1610612761.0,Toronto,Raptors,TOR,0,0,,,,,
0021500390,4,6,2,1,8:13 PM,11:33,Dragic S.FOUL (P1.T1) (L.Wood),,,,,4.0,201609,Goran Dragic,1610612748.0,Miami,Heat,MIA,5,2449,Luis Scola,1610612761.0,Toronto,Raptors,TOR,1,0,,,,,
0021500390,5,3,10,1,8:13 PM,11:33,,,Scola Free Throw 1 of 1 (3 PTS),3 - 0,-3,5.0,2449,Luis Scola,1610612761.0,Toronto,Raptors,TOR,0,0,,,,,,0,0,,,,,
0021500390,7,2,58,1,8:14 PM,11:09,MISS Whiteside 9' Turnaround Hook Shot,,,,,4.0,202355,Hassan Whiteside,1610612748.0,Miami,Heat,MIA,0,0,,,,,,0,0,,,,,
0021500390,8,4,0,1,8:14 PM,11:08,,,DeRozan REBOUND (Off:0 Def:1),,,5.0,201942,DeMar DeRozan,1610612761.0,Toronto,Raptors,TOR,0,0,,,,,,0,0,,,,,
0021500390,9,1,42,1,8:14 PM,10:51,,,Scola 2' Driving Layup (5 PTS),5 - 0,-5,5.0,2449,Luis Scola,1610612761.0,Toronto,Raptors,TOR,0,0,,,,,,0,0,,,,,
0021500390,10,1,1,1,8:14 PM,10:36,Bosh 24' 3PT Jump Shot (3 PTS) (Wade 1 AST),,,5 - 3,-2,4.0,2547,Chris Bosh,1610612748.0,Miami,Heat,MIA,4,2548,Dwyane Wade,1610612748.0,Miami,Heat,MIA,0,0,,,,,
0021500390,11,2,1,1,8:15 PM,10:18,,,MISS Scola 20' Jump Shot,,,5.0,2449,Luis Scola,1610612761.0,Toronto,Raptors,TOR,0,0,,,,,,0,0,,,,,
0021500390,12,4,0,1,8:15 PM,10:17,Whiteside REBOUND (Off:0 Def:1),,,,,4.0,202355,Hassan Whiteside,1610612748.0,Miami,Heat,MIA,0,0,,,,,,0,0,,,,,
0021500390,13,1,1,1,8:15 PM,10:06,Dragic 3' Jump Shot (2 PTS),,,5 - 5,TIE,4.0,201609,Goran Dragic,1610612748.0,Miami,Heat,MIA,0,0,,,,,,0,0,,,,,
0021500390,14,1,42,1,8:15 PM,9:48,,,Scola 2' Driving Layup (7 PTS),7 - 5,-2,5.0,2449,Luis Scola,1610612761.0,Toronto,Raptors,TOR,0,0,,,,,,0,0,,,,,
0021500390,15,5,2,1,8:15 PM,9:27,Wade Lost Ball Turnover (P1.T2),,DeRozan STEAL (1 STL),,,4.0,2548,Dwyane Wade,1610612748.0,Miami,Heat,MIA,5,201942,DeMar DeRozan,1610612761.0,Toronto,Raptors,TOR,0,0,,,,,
0021500390,16,1,3,1,8:16 PM,9:21,,,Scola 4' Hook Shot (9 PTS) (DeRozan 1 AST),9 - 5,-4,5.0,2449,Luis Scola,1610612761.0,Toronto,Raptors,TOR,5,201942,DeMar DeRozan,1610612761.0,Toronto,Raptors,TOR,0,0,,,,,
0021500390,17,1,44,1,8:16 PM,9:02,Dragic 2' Reverse Layup (4 PTS),,,9 - 7,-2,4.0,201609,Goran Dragic,1610612748.0,Miami,Heat,MIA,0,0,,,,,,0,0,,,,,
0021500390,18,6,2,1,8:16 PM,9:02,,,Biyombo S.FOUL (P1.T1) (L.Wood),,,5.0,202687,Bismack Biyombo,1610612761.0,Toronto,Raptors,TOR,4,201609,Goran Dragic,1610612748.0,Miami,Heat,MIA,1,0,,,,,
0021500390,19,3,10,1,8:16 PM,9:02,Dragic Free Throw 1 of 1 (5 PTS),,,9 - 8,-1,4.0,201609,Goran Dragic,1610612748.0,Miami,Heat,MIA,0,0,,,,,,0,0,,,,,
0021500390,21,2,1,1,8:17 PM,8:46,,,MISS DeRozan 20' Jump Shot,,,5.0,201942,DeMar DeRozan,1610612761.0,Toronto,Raptors,TOR,0,0,,,,,,0,0,,,,,
0021500390,22,4,0,1,8:17 PM,8:45,Whiteside REBOUND (Off:0 Def:2),,,,,4.0,202355,Hassan Whiteside,1610612748.0,Miami,Heat,MIA,0,0,,,,,,0,0,,,,,
0021500390,23,5,2,1,8:17 PM,8:36,Wade Lost Ball Turnover (P2.T3),,Lowry STEAL (1 STL),,,4.0,2548,Dwyane Wade,1610612748.0,Miami,Heat,MIA,5,200768,Kyle Lowry,1610612761.0,Toronto,Raptors,TOR,0,0,,,,,
0021500390,26,1,101,1,8:17 PM,8:19,,,DeRozan 6' Driving Floating Jump Shot (2 PTS),11 - 8,-3,5.0,201942,DeMar DeRozan,1610612761.0,Toronto,Raptors,TOR,0,0,,,,,,0,0,,,,,
0021500390,27,2,42,1,8:18 PM,8:00,MISS Deng 2' Driving Layup,,,,,4.0,2736,Luol Deng,1610612748.0,Miami,Heat,MIA,0,0,,,,,,0,0,,,,,
0021500390,28,4,0,1,8:18 PM,7:59,,,Biyombo REBOUND (Off:0 Def:1),,,5.0,202687,Bismack Biyombo,1610612761.0,Toronto,Raptors,TOR,0,0,,,,,,0,0,,,,,
0021500390,29,2,1,1,8:18 PM,7:43,Whiteside BLOCK (1 BLK),,MISS Biyombo 6' Jump Shot,,,5.0,202687,Bismack Biyombo,1610612761.0,Toronto,Raptors,TOR,0,0,,,,,,4,202355,Hassan Whiteside,1610612748.0,Miami,Heat,MIA
0021500390,30,4,0,1,8:18 PM,7:42,Wade REBOUND (Off:0 Def:1),,,,,4.0,2548,Dwyane Wade,1610612748.0,Miami,Heat,MIA,0,0,,,,,,0,0,,,,,
0021500390,31,1,1,1,8:18 PM,7:36,Dragic 16' Jump Shot (7 PTS),,,11 - 10,-1,4.0,201609,Goran Dragic,1610612748.0,Miami,Heat,MIA,0,0,,,,,,0,0,,,,,
0021500390,32,5,4,1,8:18 PM,7:21,,,DeRozan Traveling Turnover (P1.T1),,,5.0,201942,DeMar DeRozan,1610612761.0,Toronto,Raptors,TOR,0,0,,,,,,1,0,,,,,
0021500390,33,8,0,1,8:19 PM,7:21,SUB: Winslow FOR Bosh,,,,,4.0,2547,Chris Bosh,1610612748.0,Miami,Heat,MIA,4,1626159,Justise Winslow,1610612748.0,Miami,Heat,MIA,0,0,,,,,
0021500390,34,1,67,1,8:19 PM,7:07,Whiteside 6' Hook Bank Shot (2 PTS) (Wade 2 AST),,,11 - 12,1,4.0,202355,Hassan Whiteside,1610612748.0,Miami,Heat,MIA,4,2548,Dwyane Wade,1610612748.0,Miami,Heat,MIA,0,0,,,,,
0021500390,35,2,1,1,8:19 PM,6:56,,,MISS Lowry 19' Jump Shot,,,5.0,200768,Kyle Lowry,1610612761.0,Toronto,Raptors,TOR,0,0,,,,,,0,0,,,,,
0021500390,36,4,0,1,8:19 PM,6:55,Whiteside REBOUND (Off:0 Def:3),,,,,4.0,202355,Hassan Whiteside,1610612748.0,Miami,Heat,MIA,0,0,,,,,,0,0,,,,,
0021500390,37,1,98,1,8:19 PM,6:44,Wade 2' Cutting Layup Shot (2 PTS) (Dragic 1 AST),,,11 - 14,3,4.0,2548,Dwyane Wade,1610612748.0,Miami,Heat,MIA,4,201609,Goran Dragic,1610612748.0,Miami,Heat,MIA,0,0,,,,,
0021500390,38,1,1,1,8:20 PM,6:21,,,Scola 25' 3PT Jump Shot (12 PTS) (Johnson 2 AST),14 - 14,TIE,5.0,2449,Luis Scola,1610612761.0,Toronto,Raptors,TOR,5,201949,James Johnson,1610612761.0,Toronto,Raptors,TOR,0,0,,,,,
0021500390,39,6,2,1,8:20 PM,6:04,,,Lowry S.FOUL (P1.T2) (J.Phillips),,,5.0,200768,Kyle Lowry,1610612761.0,Toronto,Raptors,TOR,4,2736,Luol Deng,1610612748.0,Miami,Heat,MIA,1,0,,,,,
0021500390,40,3,11,1,8:21 PM,6:04,MISS Deng Free Throw 1 of 2,,,,,4.0,2736,Luol Deng,1610612748.0,Miami,Heat,MIA,0,0,,,,,,0,0,,,,,
0021500390,41,4,1,1,8:21 PM,6:04,HEAT Rebound,,,,,2.0,1610612748,,,,,,0,0,,,,,,0,0,,,,,
0021500390,42,8,0,1,8:21 PM,6:04,,,SUB: Ross FOR Biyombo,,,5.0,202687,Bismack Biyombo,1610612761.0,Toronto,Raptors,TOR,5,203082,Terrence Ross,1610612761.0,Toronto,Raptors,TOR,0,0,,,,,
0021500390,43,3,12,1,8:21 PM,6:04,Deng Free Throw 2 of 2 (1 PTS),,,14 - 15,1,4.0,2736,Luol Deng,1610612748.0,Miami,Heat,MIA,0,0,,,,,,0,0,,,,,
0021500390,45,6,17,1,8:21 PM,5:56,HEAT T.Foul (Def. 3 Sec Deng ) (J.Phillips),,,,,4.0,2736,Luol Deng,1610612748.0,Miami,Heat,MIA,0,0,,,,,,1,0,,,,,
0021500390,47,9,1,1,8:22 PM,5:56,HEAT Timeout: Regular (Full 1 Short 0),,,,,2.0,1610612748,,,,,,0,0,,,,,,0,0,,,,,
0021500390,51,3,16,1,8:24 PM,5:56,,,MISS DeRozan Free Throw Technical,,,5.0,201942,DeMar DeRozan,1610612761.0,Toronto,Raptors,TOR,0,0,,,,,,0,0,,,,,
0021500390,52,4,1,1,8:24 PM,5:56,,,Raptors Rebound,,,3.0,1610612761,,,,,,0,0,,,,,,0,0,,,,,
0021500390,53,2,5,1,8:24 PM,5:41,Whiteside BLOCK (2 BLK),,MISS Lowry 2' Layup,,,5.0,200768,Kyle Lowry,1610612761.0,Toronto,Raptors,TOR,0,0,,,,,,4,202355,Hassan Whiteside,1610612748.0,Miami,Heat,MIA
0021500390,54,4,0,1,8:24 PM,5:40,Wade REBOUND (Off:0 Def:2),,,,,4.0,2548,Dwyane Wade,1610612748.0,Miami,Heat,MIA,0,0,,,,,,0,0,,,,,
0021500390,55,5,2,1,8:24 PM,5:36,Wade Lost Ball Turnover (P3.T4),,Lowry STEAL (2 STL),,,4.0,2548,Dwyane Wade,1610612748.0,Miami,Heat,MIA,5,200768,Kyle Lowry,1610612761.0,Toronto,Raptors,TOR,0,0,,,,,
0021500390,56,2,1,1,8:24 PM,5:30,,,MISS Lowry 24' 3PT Jump Shot,,,5.0,200768,Kyle Lowry,1610612761.0,Toronto,Raptors,TOR,0,0,,,,,,0,0,,,,,
0021500390,57,4,0,1,8:24 PM,5:29,Wade REBOUND (Off:0 Def:3),,,,,4.0,2548,Dwyane Wade,1610612748.0,Miami,Heat,MIA,0,0,,,,,,0,0,,,,,
0021500390,58,10,0,1,8:25 PM,5:19,Jump Ball Wade vs. Ross: Tip to Lowry,,,,,4.0,2548,Dwyane Wade,1610612748.0,Miami,Heat,MIA,5,203082,Terrence Ross,1610612761.0,Toronto,Raptors,TOR,5,200768,Kyle Lowry,1610612761.0,Toronto,Raptors,TOR
0021500390,59,5,2,1,8:25 PM,5:19,Wade Lost Ball Turnover (P4.T5),,Ross STEAL (1 STL),,,4.0,2548,Dwyane Wade,1610612748.0,Miami,Heat,MIA,5,203082,Terrence Ross,1610612761.0,Toronto,Raptors,TOR,0,0,,,,,
0021500390,60,6,1,1,8:25 PM,5:17,Winslow P.FOUL (P1.T2) (J.Phillips),,,,,4.0,1626159,Justise Winslow,1610612748.0,Miami,Heat,MIA,5,200768,Kyle Lowry,1610612761.0,Toronto,Raptors,TOR,1,0,,,,,
0021500390,61,1,1,1,8:26 PM,5:05,,,DeRozan 15' Jump Shot (4 PTS),16 - 15,-1,5.0,201942,DeMar DeRozan,1610612761.0,Toronto,Raptors,TOR,0,0,,,,,,0,0,,,,,
0021500390,62,2,3,1,8:26 PM,4:47,MISS Wade 9' Hook Shot,,,,,4.0,2548,Dwyane Wade,1610612748.0,Miami,Heat,MIA,0,0,,,,,,0,0,,,,,
0021500390,63,4,0,1,8:26 PM,4:46,Whiteside REBOUND (Off:1 Def:3),,,,,4.0,202355,Hassan Whiteside,1610612748.0,Miami,Heat,MIA,0,0,,,,,,0,0,,,,,
0021500390,64,1,5,1,8:26 PM,4:43,Whiteside 1' Layup (4 PTS),,,16 - 17,1,4.0,202355,Hassan Whiteside,1610612748.0,Miami,Heat,MIA,0,0,,,,,,0,0,,,,,
0021500390,65,1,75,1,8:26 PM,4:31,,,Lowry 2' Driving Finger Roll Layup (2 PTS),18 - 17,-1,5.0,200768,Kyle Lowry,1610612761.0,Toronto,Raptors,TOR,0,0,,,,,,0,0,,,,,
0021500390,66,1,1,1,8:26 PM,4:20,Wade 21' Jump Shot (4 PTS) (Dragic 2 AST),,,18 - 19,1,4.0,2548,Dwyane Wade,1610612748.0,Miami,Heat,MIA,4,201609,Goran Dragic,1610612748.0,Miami,Heat,MIA,0,0,,,,,
0021500390,67,2,1,1,8:26 PM,4:06,,,MISS Scola 24' 3PT Jump Shot,,,5.0,2449,Luis Scola,1610612761.0,Toronto,Raptors,TOR,0,0,,,,,,0,0,,,,,
0021500390,68,4,0,1,8:27 PM,4:05,Dragic REBOUND (Off:0 Def:1),,,,,4.0,201609,Goran Dragic,1610612748.0,Miami,Heat,MIA,0,0,,,,,,0,0,,,,,
0021500390,69,2,1,1,8:27 PM,3:56,MISS Dragic 4' Jump Shot,,Scola BLOCK (1 BLK),,,4.0,201609,Goran Dragic,1610612748.0,Miami,Heat,MIA,0,0,,,,,,5,2449,Luis Scola,1610612761.0,Toronto,Raptors,TOR
0021500390,70,4,0,1,8:27 PM,3:55,,,Ross REBOUND (Off:0 Def:1),,,5.0,203082,Terrence Ross,1610612761.0,Toronto,Raptors,TOR,0,0,,,,,,0,0,,,,,
0021500390,71,2,1,1,8:27 PM,3:51,,,MISS Scola 6' Jump Shot,,,5.0,2449,Luis Scola,1610612761.0,Toronto,Raptors,TOR,0,0,,,,,,0,0,,,,,
0021500390,72,4,0,1,8:27 PM,3:50,,,Raptors Rebound,,,3.0,1610612761,,,,,,0,0,,,,,,0,0,,,,,
0021500390,73,9,1,1,8:27 PM,3:50,,,Raptors Timeout: Regular (Reg.1 Short 0),,,3.0,1610612761,,,,,,0,0,,,,,,0,0,,,,,
0021500390,75,8,0,1,8:29 PM,3:50,,,SUB: Joseph FOR Johnson,,,5.0,201949,James Johnson,1610612761.0,Toronto,Raptors,TOR,5,202709,Cory Joseph,1610612761.0,Toronto,Raptors,TOR,0,0,,,,,
0021500390,76,8,0,1,8:29 PM,3:50,,,SUB: Biyombo FOR Scola,,,5.0,2449,Luis Scola,1610612761.0,Toronto,Raptors,TOR,5,202687,Bismack Biyombo,1610612761.0,Toronto,Raptors,TOR,0,0,,,,,
0021500390,77,8,0,1,8:29 PM,3:50,,,SUB: Patterson FOR Lowry,,,5.0,200768,Kyle Lowry,1610612761.0,Toronto,Raptors,TOR,5,202335,Patrick Patterson,1610612761.0,Toronto,Raptors,TOR,0,0,,,,,
0021500390,78,8,0,1,8:29 PM,3:50,SUB: Green FOR Wade,,,,,4.0,2548,Dwyane Wade,1610612748.0,Miami,Heat,MIA,4,101123,Gerald Green,1610612748.0,Miami,Heat,MIA,0,0,,,,,
0021500390,79,6,2,1,8:30 PM,3:45,Winslow S.FOUL (P2.T3) (J.Phillips),,,,,4.0,1626159,Justise Winslow,1610612748.0,Miami,Heat,MIA,5,201942,DeMar DeRozan,1610612761.0,Toronto,Raptors,TOR,1,0,,,,,
0021500390,80,3,11,1,8:30 PM,3:45,,,DeRozan Free Throw 1 of 2 (5 PTS),19 - 19,TIE,5.0,201942,DeMar DeRozan,1610612761.0,Toronto,Raptors,TOR,0,0,,,,,,0,0,,,,,
0021500390,82,3,12,1,8:30 PM,3:45,,,DeRozan Free Throw 2 of 2 (6 PTS),20 - 19,-1,5.0,201942,DeMar DeRozan,1610612761.0,Toronto,Raptors,TOR,0,0,,,,,,0,0,,,,,
0021500390,84,2,1,1,8:30 PM,3:29,MISS Winslow 25' 3PT Jump Shot,,,,,4.0,1626159,Justise Winslow,1610612748.0,Miami,Heat,MIA,0,0,,,,,,0,0,,,,,
0021500390,85,4,0,1,8:31 PM,3:28,,,Patterson REBOUND (Off:0 Def:1),,,5.0,202335,Patrick Patterson,1610612761.0,Toronto,Raptors,TOR,0,0,,,,,,0,0,,,,,
0021500390,86,2,1,1,8:31 PM,3:09,,,MISS Biyombo 18' Jump Shot,,,5.0,202687,Bismack Biyombo,1610612761.0,Toronto,Raptors,TOR,0,0,,,,,,0,0,,,,,
0021500390,87,4,0,1,8:31 PM,3:08,Dragic REBOUND (Off:0 Def:2),,,,,4.0,201609,Goran Dragic,1610612748.0,Miami,Heat,MIA,0,0,,,,,,0,0,,,,,
0021500390,88,1,41,1,8:31 PM,3:05,Dragic 1' Running Layup (9 PTS),,,20 - 21,1,4.0,201609,Goran Dragic,1610612748.0,Miami,Heat,MIA,0,0,,,,,,0,0,,,,,
0021500390,89,1,1,1,8:31 PM,2:44,,,Ross 25' 3PT Jump Shot (3 PTS) (DeRozan 2 AST),23 - 21,-2,5.0,203082,Terrence Ross,1610612761.0,Toronto,Raptors,TOR,5,201942,DeMar DeRozan,1610612761.0,Toronto,Raptors,TOR,0,0,,,,,
0021500390,90,1,80,1,8:32 PM,2:22,Dragic 20' Step Back Jump Shot (11 PTS),,,23 - 23,TIE,4.0,201609,Goran Dragic,1610612748.0,Miami,Heat,MIA,0,0,,,,,,0,0,,,,,
0021500390,91,2,3,1,8:32 PM,2:03,,,MISS DeRozan 7' Hook Shot,,,5.0,201942,DeMar DeRozan,1610612761.0,Toronto,Raptors,TOR,0,0,,,,,,0,0,,,,,
0021500390,92,4,0,1,8:32 PM,2:02,,,Biyombo REBOUND (Off:1 Def:1),,,5.0,202687,Bismack Biyombo,1610612761.0,Toronto,Raptors,TOR,0,0,,,,,,0,0,,,,,
0021500390,93,6,1,1,8:32 PM,1:55,Winslow P.FOUL (P3.T4) (L.Wood),,,,,4.0,1626159,Justise Winslow,1610612748.0,Miami,Heat,MIA,5,201942,DeMar DeRozan,1610612761.0,Toronto,Raptors,TOR,1,0,,,,,
0021500390,94,8,0,1,8:32 PM,1:55,SUB: Udrih FOR Dragic,,,,,4.0,201609,Goran Dragic,1610612748.0,Miami,Heat,MIA,4,2757,Beno Udrih,1610612748.0,Miami,Heat,MIA,0,0,,,,,
0021500390,95,8,0,1,8:32 PM,1:55,SUB: Bosh FOR Winslow,,,,,4.0,1626159,Justise Winslow,1610612748.0,Miami,Heat,MIA,4,2547,Chris Bosh,1610612748.0,Miami,Heat,MIA,0,0,,,,,
0021500390,96,2,1,1,8:33 PM,1:47,,,MISS Ross 26' 3PT Jump Shot,,,5.0,203082,Terrence Ross,1610612761.0,Toronto,Raptors,TOR,0,0,,,,,,0,0,,,,,
0021500390,97,4,0,1,8:33 PM,1:46,Whiteside REBOUND (Off:1 Def:4),,,,,4.0,202355,Hassan Whiteside,1610612748.0,Miami,Heat,MIA,0,0,,,,,,0,0,,,,,
0021500390,98,2,75,1,8:33 PM,1:29,MISS Deng 2' Driving Finger Roll Layup,,,,,4.0,2736,Luol Deng,1610612748.0,Miami,Heat,MIA,0,0,,,,,,0,0,,,,,
0021500390,99,4,0,1,8:33 PM,1:28,,,Patterson REBOUND (Off:0 Def:2),,,5.0,202335,Patrick Patterson,1610612761.0,Toronto,Raptors,TOR,0,0,,,,,,0,0,,,,,
0021500390,100,2,1,1,8:33 PM,1:21,Whiteside BLOCK (3 BLK),,MISS Patterson 25' 3PT Jump Shot,,,5.0,202335,Patrick Patterson,1610612761.0,Toronto,Raptors,TOR,0,0,,,,,,4,202355,Hassan Whiteside,1610612748.0,Miami,Heat,MIA
0021500390,101,4,0,1,8:33 PM,1:20,,,Biyombo REBOUND (Off:2 Def:1),,,5.0,202687,Bismack Biyombo,1610612761.0,Toronto,Raptors,TOR,0,0,,,,,,0,0,,,,,
0021500390,102,6,2,1,8:33 PM,1:11,Bosh S.FOUL (P1.PN) (L.Wood),,,,,4.0,2547,Chris Bosh,1610612748.0,Miami,Heat,MIA,5,201942,DeMar DeRozan,1610612761.0,Toronto,Raptors,TOR,1,0,,,,,
0021500390,103,3,11,1,8:34 PM,1:11,,,DeRozan Free Throw 1 of 2 (7 PTS),24 - 23,-1,5.0,201942,DeMar DeRozan,1610612761.0,Toronto,Raptors,TOR,0,0,,,,,,0,0,,,,,
0021500390,105,8,0,1,8:34 PM,1:11,SUB: Haslem FOR Whiteside,,,,,4.0,202355,Hassan Whiteside,1610612748.0,Miami,Heat,MIA,4,2617,Udonis Haslem,1610612748.0,Miami,Heat,MIA,0,0,,,,,
0021500390,107,8,0,1,8:34 PM,1:11,SUB: Richardson FOR Deng,,,,,4.0,2736,Luol Deng,1610612748.0,Miami,Heat,MIA,4,1626196,Josh Richardson,1610612748.0,Miami,Heat,MIA,0,0,,,,,
0021500390,108,3,12,1,8:34 PM,1:11,,,DeRozan Free Throw 2 of 2 (8 PTS),25 - 23,-2,5.0,201942,DeMar DeRozan,1610612761.0,Toronto,Raptors,TOR,0,0,,,,,,0,0,,,,,
0021500390,110,6,2,1,8:35 PM,0:54,,,Patterson S.FOUL (P1.T3) (L.Wood),,,5.0,202335,Patrick Patterson,1610612761.0,Toronto,Raptors,TOR,4,2547,Chris Bosh,1610612748.0,Miami,Heat,MIA,1,0,,,,,
0021500390,111,3,11,1,8:35 PM,0:54,Bosh Free Throw 1 of 2 (4 PTS),,,25 - 24,-1,4.0,2547,Chris Bosh,1610612748.0,Miami,Heat,MIA,0,0,,,,,,0,0,,,,,
0021500390,113,3,12,1,8:35 PM,0:54,Bosh Free Throw 2 of 2 (5 PTS),,,25 - 25,TIE,4.0,2547,Chris Bosh,1610612748.0,Miami,Heat,MIA,0,0,,,,,,0,0,,,,,
0021500390,115,6,1,1,8:36 PM,0:46,Green P.FOUL (P1.PN) (M.Boland),,,,,4.0,101123,Gerald Green,1610612748.0,Miami,Heat,MIA,5,201942,DeMar DeRozan,1610612761.0,Toronto,Raptors,TOR,1,0,,,,,
0021500390,116,3,11,1,8:36 PM,0:46,,,DeRozan Free Throw 1 of 2 (9 PTS),26 - 25,-1,5.0,201942,DeMar DeRozan,1610612761.0,Toronto,Raptors,TOR,0,0,,,,,,0,0,,,,,
0021500390,118,3,12,1,8:36 PM,0:46,,,DeRozan Free Throw 2 of 2 (10 PTS),27 - 25,-2,5.0,201942,DeMar DeRozan,1610612761.0,Toronto,Raptors,TOR,0,0,,,,,,0,0,,,,,
0021500390,120,2,1,1,8:37 PM,0:27,MISS Green 6' Jump Shot,,Ross BLOCK (1 BLK),,,4.0,101123,Gerald Green,1610612748.0,Miami,Heat,MIA,0,0,,,,,,5,203082,Terrence Ross,1610612761.0,Toronto,Raptors,TOR
0021500390,121,4,0,1,8:37 PM,0:26,HEAT Rebound,,,,,2.0,1610612748,,,,,,0,0,,,,,,0,0,,,,,
0021500390,122,2,1,1,8:37 PM,0:21,MISS Haslem 25' 3PT Jump Shot,,,,,4.0,2617,Udonis Haslem,1610612748.0,Miami,Heat,MIA,0,0,,,,,,0,0,,,,,
0021500390,123,4,0,1,8:37 PM,0:20,,,Biyombo REBOUND (Off:2 Def:2),,,5.0,202687,Bismack Biyombo,1610612761.0,Toronto,Raptors,TOR,0,0,,,,,,0,0,,,,,
0021500390,124,2,1,1,8:37 PM,0:01,,,MISS DeRozan 22' Jump Shot,,,5.0,201942,DeMar DeRozan,1610612761.0,Toronto,Raptors,TOR,0,0,,,,,,0,0,,,,,
0021500390,125,4,0,1,8:37 PM,0:00,,,Raptors Rebound,,,3.0,1610612761,,,,,,0,0,,,,,,0,0,,,,,
0021500390,126,13,0,1,8:37 PM,0:00,,,,27 - 25,-2,0.0,0,,,,,,0,0,,,,,,0,0,,,,,
0021500390,128,12,0,2,8:40 PM,12:00,,,,27 - 25,-2,0.0,0,,,,,,0,0,,,,,,0,0,,,,,
0021500390,129,6,1,2,8:40 PM,11:53,Richardson P.FOUL (P1.T1) (J.Phillips),,,,,4.0,1626196,Josh Richardson,1610612748.0,Miami,Heat,MIA,5,200768,Kyle Lowry,1610612761.0,Toronto,Raptors,TOR,1,0,,,,,
0021500390,130,5,40,2,8:41 PM,11:45,,,Ross Out of Bounds Lost Ball Turnover (P1.T2),,,5.0,203082,Terrence Ross,1610612761.0,Toronto,Raptors,TOR,0,0,,,,,,0,0,,,,,
0021500390,131,5,1,2,8:41 PM,11:28,Bosh Bad Pass Turnover (P1.T6),,Joseph STEAL (1 STL),,,4.0,2547,Chris Bosh,1610612748.0,Miami,Heat,MIA,5,202709,Cory Joseph,1610612761.0,Toronto,Raptors,TOR,0,0,,,,,
0021500390,132,1,5,2,8:41 PM,11:20,,,Lowry 1' Layup (4 PTS) (Joseph 1 AST),29 - 25,-4,5.0,200768,Kyle Lowry,1610612761.0,Toronto,Raptors,TOR,5,202709,Cory Joseph,1610612761.0,Toronto,Raptors,TOR,0,0,,,,,
0021500390,133,2,1,2,8:42 PM,11:07,MISS Green  3PT Jump Shot,,,,,4.0,101123,Gerald Green,1610612748.0,Miami,Heat,MIA,0,0,,,,,,0,0,,,,,
0021500390,134,4,0,2,8:42 PM,11:06,,,Joseph REBOUND (Off:0 Def:1),,,5.0,202709,Cory Joseph,1610612761.0,Toronto,Raptors,TOR,0,0,,,,,,0,0,,,,,
0021500390,135,2,1,2,8:42 PM,10:50,,,MISS Joseph 25' 3PT Jump Shot,,,5.0,202709,Cory Joseph,1610612761.0,Toronto,Raptors,TOR,0,0,,,,,,0,0,,,,,
0021500390,136,4,0,2,8:42 PM,10:49,Haslem REBOUND (Off:0 Def:1),,,,,4.0,2617,Udonis Haslem,1610612748.0,Miami,Heat,MIA,0,0,,,,,,0,0,,,,,
0021500390,137,2,1,2,8:42 PM,10:35,MISS Udrih 18' Jump Shot,,,,,4.0,2757,Beno Udrih,1610612748.0,Miami,Heat,MIA,0,0,,,,,,0,0,,,,,
0021500390,138,4,0,2,8:42 PM,10:34,,,Patterson REBOUND (Off:0 Def:3),,,5.0,202335,Patrick Patterson,1610612761.0,Toronto,Raptors,TOR,0,0,,,,,,0,0,,,,,
0021500390,139,1,75,2,8:42 PM,10:25,,,Johnson 2' Driving Finger Roll Layup (2 PTS),31 - 25,-6,5.0,201949,James Johnson,1610612761.0,Toronto,Raptors,TOR,0,0,,,,,,0,0,,,,,
0021500390,140,1,98,2,8:43 PM,10:06,Udrih 2' Cutting Layup Shot (2 PTS) (Haslem 1 AST),,,31 - 27,-4,4.0,2757,Beno Udrih,1610612748.0,Miami,Heat,MIA,4,2617,Udonis Haslem,1610612748.0,Miami,Heat,MIA,0,0,,,,,
0021500390,141,2,1,2,8:43 PM,9:46,Richardson BLOCK (1 BLK),,MISS Lowry 18' Jump Shot,,,5.0,200768,Kyle Lowry,1610612761.0,Toronto,Raptors,TOR,0,0,,,,,,4,1626196,Josh Richardson,1610612748.0,Miami,Heat,MIA
0021500390,142,4,0,2,8:43 PM,9:45,,,Raptors Rebound,,,3.0,1610612761,,,,,,0,0,,,,,,0,0,,,,,
0021500390,143,6,3,2,8:43 PM,9:45,Richardson L.B.FOUL (P2.T2) (L.Wood),,,,,4.0,1626196,Josh Richardson,1610612748.0,Miami,Heat,MIA,5,200768,Kyle Lowry,1610612761.0,Toronto,Raptors,TOR,1,0,,,,,
0021500390,144,8,0,2,8:43 PM,9:45,SUB: Dragic FOR Richardson,,,,,4.0,1626196,Josh Richardson,1610612748.0,Miami,Heat,MIA,4,201609,Goran Dragic,1610612748.0,Miami,Heat,MIA,0,0,,,,,
0021500390,145,2,5,2,8:44 PM,9:30,,,MISS Johnson 2' Layup,,,5.0,201949,James Johnson,1610612761.0,Toronto,Raptors,TOR,0,0,,,,,,0,0,,,,,
0021500390,146,4,0,2,8:44 PM,9:29,Udrih REBOUND (Off:0 Def:1),,,,,4.0,2757,Beno Udrih,1610612748.0,Miami,Heat,MIA,0,0,,,,,,0,0,,,,,
0021500390,147,2,1,2,8:44 PM,9:11,MISS Dragic 25' 3PT Jump Shot,,,,,4.0,201609,Goran Dragic,1610612748.0,Miami,Heat,MIA,0,0,,,,,,0,0,,,,,
0021500390,148,4,0,2,8:44 PM,9:10,,,Lowry REBOUND (Off:0 Def:1),,,5.0,200768,Kyle Lowry,1610612761.0,Toronto,Raptors,TOR,0,0,,,,,,0,0,,,,,
0021500390,149,1,1,2,8:44 PM,8:56,,,Ross 24' 3PT Jump Shot (6 PTS) (Patterson 1 AST),34 - 27,-7,5.0,203082,Terrence Ross,1610612761.0,Toronto,Raptors,TOR,5,202335,Patrick Patterson,1610612761.0,Toronto,Raptors,TOR,0,0,,,,,
0021500390,150,1,42,2,8:45 PM,8:38,Dragic 2' Driving Layup (13 PTS),,,34 - 29,-5,4.0,201609,Goran Dragic,1610612748.0,Miami,Heat,MIA,0,0,,,,,,0,0,,,,,
0021500390,151,2,1,2,8:45 PM,8:20,,,MISS Patterson 24' 3PT Jump Shot,,,5.0,202335,Patrick Patterson,1610612761.0,Toronto,Raptors,TOR,0,0,,,,,,0,0,,,,,
0021500390,152,4,0,2,8:45 PM,8:19,Bosh REBOUND (Off:0 Def:1),,,,,4.0,2547,Chris Bosh,1610612748.0,Miami,Heat,MIA,0,0,,,,,,0,0,,,,,
0021500390,153,2,1,2,8:45 PM,8:06,MISS Green  3PT Jump Shot,,,,,4.0,101123,Gerald Green,1610612748.0,Miami,Heat,MIA,0,0,,,,,,0,0,,,,,
0021500390,154,4,0,2,8:45 PM,8:05,,,Joseph REBOUND (Off:0 Def:2),,,5.0,202709,Cory Joseph,1610612761.0,Toronto,Raptors,TOR,0,0,,,,,,0,0,,,,,
0021500390,155,2,71,2,8:45 PM,7:59,,,MISS Johnson 1' Finger Roll Layup,,,5.0,201949,James Johnson,1610612761.0,Toronto,Raptors,TOR,0,0,,,,,,0,0,,,,,
0021500390,156,4,0,2,8:45 PM,7:58,Bosh REBOUND (Off:0 Def:2),,,,,4.0,2547,Chris Bosh,1610612748.0,Miami,Heat,MIA,0,0,,,,,,0,0,,,,,
0021500390,157,1,49,2,8:45 PM,7:48,Bosh  Driving Dunk (7 PTS) (Green 1 AST),,,34 - 31,-3,4.0,2547,Chris Bosh,1610612748.0,Miami,Heat,MIA,4,101123,Gerald Green,1610612748.0,Miami,Heat,MIA,0,0,,,,,
0021500390,158,9,1,2,8:45 PM,7:42,,,Raptors Timeout: Regular (Reg.2 Short 0),,,3.0,1610612761,,,,,,0,0,,,,,,0,0,,,,,
0021500390,160,8,0,2,8:48 PM,7:42,,,SUB: Scola FOR Johnson,,,5.0,201949,James Johnson,1610612761.0,Toronto,Raptors,TOR,5,2449,Luis Scola,1610612761.0,Toronto,Raptors,TOR,0,0,,,,,
0021500390,162,1,1,2,8:48 PM,7:31,,,Ross 20' Jump Shot (8 PTS) (Lowry 1 AST),36 - 31,-5,5.0,203082,Terrence Ross,1610612761.0,Toronto,Raptors,TOR,5,200768,Kyle Lowry,1610612761.0,Toronto,Raptors,TOR,0,0,,,,,
0021500390,163,7,5,2,8:49 PM,7:15,,,Joseph Violation:Kicked Ball (M.Boland),,,5.0,202709,Cory Joseph,1610612761.0,Toronto,Raptors,TOR,0,0,,,,,,1,0,,,,,
0021500390,164,8,0,2,8:49 PM,7:15,SUB: Wade FOR Udrih,,,,,4.0,2757,Beno Udrih,1610612748.0,Miami,Heat,MIA,4,2548,Dwyane Wade,1610612748.0,Miami,Heat,MIA,0,0,,,,,
0021500390,165,8,0,2,8:49 PM,7:15,SUB: Whiteside FOR Haslem,,,,,4.0,2617,Udonis Haslem,1610612748.0,Miami,Heat,MIA,4,202355,Hassan Whiteside,1610612748.0,Miami,Heat,MIA,0,0,,,,,
0021500390,166,8,0,2,8:49 PM,7:15,,,SUB: Biyombo FOR Patterson,,,5.0,202335,Patrick Patterson,1610612761.0,Toronto,Raptors,TOR,5,202687,Bismack Biyombo,1610612761.0,Toronto,Raptors,TOR,0,0,,,,,
0021500390,167,8,0,2,8:49 PM,7:15,,,SUB: DeRozan FOR Joseph,,,5.0,202709,Cory Joseph,1610612761.0,Toronto,Raptors,TOR,5,201942,DeMar DeRozan,1610612761.0,Toronto,Raptors,TOR,0,0,,,,,
0021500390,168,2,3,2,8:49 PM,7:04,MISS Whiteside 5' Hook Shot,,,,,4.0,202355,Hassan Whiteside,1610612748.0,Miami,Heat,MIA,0,0,,,,,,0,0,,,,,
0021500390,170,4,0,2,8:49 PM,7:03,Wade REBOUND (Off:1 Def:3),,,,,4.0,2548,Dwyane Wade,1610612748.0,Miami,Heat,MIA,0,0,,,,,,0,0,,,,,
0021500390,169,1,97,2,8:49 PM,7:02,Wade 1' Tip Layup Shot (6 PTS),,,36 - 33,-3,4.0,2548,Dwyane Wade,1610612748.0,Miami,Heat,MIA,0,0,,,,,,0,0,,,,,
0021500390,171,1,1,2,8:50 PM,6:43,,,Ross  3PT Jump Shot (11 PTS) (Scola 1 AST),39 - 33,-6,5.0,203082,Terrence Ross,1610612761.0,Toronto,Raptors,TOR,5,2449,Luis Scola,1610612761.0,Toronto,Raptors,TOR,0,0,,,,,
0021500390,172,1,5,2,8:50 PM,6:20,Whiteside 2' Layup (6 PTS) (Bosh 1 AST),,,39 - 35,-4,4.0,202355,Hassan Whiteside,1610612748.0,Miami,Heat,MIA,4,2547,Chris Bosh,1610612748.0,Miami,Heat,MIA,0,0,,,,,
0021500390,173,2,1,2,8:50 PM,6:09,,,MISS Scola 19' Jump Shot,,,5.0,2449,Luis Scola,1610612761.0,Toronto,Raptors,TOR,0,0,,,,,,0,0,,,,,
0021500390,174,4,0,2,8:50 PM,6:08,Whiteside REBOUND (Off:1 Def:5),,,,,4.0,202355,Hassan Whiteside,1610612748.0,Miami,Heat,MIA,0,0,,,,,,0,0,,,,,
0021500390,176,9,4,2,8:50 PM,5:58,,,,,,1.0,0,,,,,,0,0,,,,,,0,0,,,,,
0021500390,179,8,0,2,8:53 PM,5:58,SUB: Deng FOR Bosh,,,,,4.0,2547,Chris Bosh,1610612748.0,Miami,Heat,MIA,4,2736,Luol Deng,1610612748.0,Miami,Heat,MIA,0,0,,,,,
0021500390,180,2,66,2,8:53 PM,5:50,MISS Wade 8' Jump Bank Shot,,,,,4.0,2548,Dwyane Wade,1610612748.0,Miami,Heat,MIA,0,0,,,,,,0,0,,,,,
0021500390,182,4,0,2,8:53 PM,5:49,Wade REBOUND (Off:2 Def:3),,,,,4.0,2548,Dwyane Wade,1610612748.0,Miami,Heat,MIA,0,0,,,,,,0,0,,,,,
0021500390,181,1,97,2,8:53 PM,5:45,Wade 1' Tip Layup Shot (8 PTS),,,39 - 37,-2,4.0,2548,Dwyane Wade,1610612748.0,Miami,Heat,MIA,0,0,,,,,,0,0,,,,,
0021500390,183,1,79,2,8:53 PM,5:29,,,DeRozan 14' Pullup Jump Shot (12 PTS),41 - 37,-4,5.0,201942,DeMar DeRozan,1610612761.0,Toronto,Raptors,TOR,0,0,,,,,,0,0,,,,,
0021500390,184,1,1,2,8:54 PM,5:17,Wade 17' Jump Shot (10 PTS) (Dragic 3 AST),,,41 - 39,-2,4.0,2548,Dwyane Wade,1610612748.0,Miami,Heat,MIA,4,201609,Goran Dragic,1610612748.0,Miami,Heat,MIA,0,0,,,,,
0021500390,185,2,1,2,8:54 PM,5:02,,,MISS Ross 25' 3PT Jump Shot,,,5.0,203082,Terrence Ross,1610612761.0,Toronto,Raptors,TOR,0,0,,,,,,0,0,,,,,
0021500390,186,4,0,2,8:54 PM,5:01,Whiteside REBOUND (Off:1 Def:6),,,,,4.0,202355,Hassan Whiteside,1610612748.0,Miami,Heat,MIA,0,0,,,,,,0,0,,,,,
0021500390,187,2,1,2,8:54 PM,4:55,MISS Dragic 4' Jump Shot,,Biyombo BLOCK (1 BLK),,,4.0,201609,Goran Dragic,1610612748.0,Miami,Heat,MIA,0,0,,,,,,5,202687,Bismack Biyombo,1610612761.0,Toronto,Raptors,TOR
0021500390,188,4,0,2,8:54 PM,4:54,,,Biyombo REBOUND (Off:2 Def:3),,,5.0,202687,Bismack Biyombo,1610612761.0,Toronto,Raptors,TOR,0,0,,,,,,0,0,,,,,
0021500390,189,1,5,2,8:54 PM,4:41,,,Lowry 3' Layup (6 PTS),43 - 39,-4,5.0,200768,Kyle Lowry,1610612761.0,Toronto,Raptors,TOR,0,0,,,,,,0,0,,,,,
0021500390,190,2,1,2,8:55 PM,4:27,MISS Wade 12' Jump Shot,,Ross BLOCK (2 BLK),,,4.0,2548,Dwyane Wade,1610612748.0,Miami,Heat,MIA,0,0,,,,,,5,203082,Terrence Ross,1610612761.0,Toronto,Raptors,TOR
0021500390,191,4,0,2,8:55 PM,4:26,HEAT Rebound,,,,,2.0,1610612748,,,,,,0,0,,,,,,0,0,,,,,
0021500390,192,8,0,2,8:55 PM,4:26,,,SUB: Johnson FOR Ross,,,5.0,203082,Terrence Ross,1610612761.0,Toronto,Raptors,TOR,5,201949,James Johnson,1610612761.0,Toronto,Raptors,TOR,0,0,,,,,
0021500390,194,8,0,2,8:55 PM,4:26,SUB: Udrih FOR Dragic,,,,,4.0,201609,Goran Dragic,1610612748.0,Miami,Heat,MIA,4,2757,Beno Udrih,1610612748.0,Miami,Heat,MIA,0,0,,,,,
0021500390,193,1,1,2,8:55 PM,4:20,Deng 25' 3PT Jump Shot (4 PTS) (Udrih 1 AST),,,43 - 42,-1,4.0,2736,Luol Deng,1610612748.0,Miami,Heat,MIA,4,2757,Beno Udrih,1610612748.0,Miami,Heat,MIA,0,0,,,,,
0021500390,195,6,2,2,8:55 PM,4:05,Udrih S.FOUL (P1.T3) (L.Wood),,,,,4.0,2757,Beno Udrih,1610612748.0,Miami,Heat,MIA,5,201942,DeMar DeRozan,1610612761.0,Toronto,Raptors,TOR,1,0,,,,,
0021500390,196,3,11,2,8:56 PM,4:05,,,MISS DeRozan Free Throw 1 of 2,,,5.0,201942,DeMar DeRozan,1610612761.0,Toronto,Raptors,TOR,0,0,,,,,,0,0,,,,,
0021500390,197,4,1,2,8:56 PM,4:05,,,Raptors Rebound,,,3.0,1610612761,,,,,,0,0,,,,,,0,0,,,,,
0021500390,198,8,0,2,8:56 PM,4:05,,,SUB: Joseph FOR Lowry,,,5.0,200768,Kyle Lowry,1610612761.0,Toronto,Raptors,TOR,5,202709,Cory Joseph,1610612761.0,Toronto,Raptors,TOR,0,0,,,,,
0021500390,199,3,12,2,8:56 PM,4:05,,,DeRozan Free Throw 2 of 2 (13 PTS),44 - 42,-2,5.0,201942,DeMar DeRozan,1610612761.0,Toronto,Raptors,TOR,0,0,,,,,,0,0,,,,,
0021500390,202,1,1,2,8:57 PM,3:42,Wade 19' Jump Shot (12 PTS),,,44 - 44,TIE,4.0,2548,Dwyane Wade,1610612748.0,Miami,Heat,MIA,0,0,,,,,,0,0,,,,,
0021500390,203,7,5,2,8:57 PM,3:21,Whiteside Violation:Kicked Ball (L.Wood),,,,,4.0,202355,Hassan Whiteside,1610612748.0,Miami,Heat,MIA,0,0,,,,,,1,0,,,,,
0021500390,204,2,1,2,8:57 PM,3:16,,,MISS Johnson 24' 3PT Jump Shot,,,5.0,201949,James Johnson,1610612761.0,Toronto,Raptors,TOR,0,0,,,,,,0,0,,,,,
0021500390,205,4,0,2,8:57 PM,3:15,Udrih REBOUND (Off:0 Def:2),,,,,4.0,2757,Beno Udrih,1610612748.0,Miami,Heat,MIA,0,0,,,,,,0,0,,,,,
0021500390,206,1,1,2,8:57 PM,3:12,Green 25' 3PT Jump Shot (3 PTS) (Udrih 2 AST),,,44 - 47,3,4.0,101123,Gerald Green,1610612748.0,Miami,Heat,MIA,4,2757,Beno Udrih,1610612748.0,Miami,Heat,MIA,0,0,,,,,
0021500390,207,6,2,2,8:57 PM,3:12,,,Joseph S.FOUL (P1.T1) (J.Phillips),,,5.0,202709,Cory Joseph,1610612761.0,Toronto,Raptors,TOR,4,101123,Gerald Green,1610612748.0,Miami,Heat,MIA,1,0,,,,,
0021500390,208,8,0,2,8:58 PM,3:12,,,SUB: Ross FOR Johnson,,,5.0,201949,James Johnson,1610612761.0,Toronto,Raptors,TOR,5,203082,Terrence Ross,1610612761.0,Toronto,Raptors,TOR,0,0,,,,,
0021500390,209,3,10,2,8:58 PM,3:12,Green Free Throw 1 of 1 (4 PTS),,,44 - 48,4,4.0,101123,Gerald Green,1610612748.0,Miami,Heat,MIA,0,0,,,,,,0,0,,,,,
0021500390,211,6,1,2,8:58 PM,2:54,Udrih P.FOUL (P2.T4) (L.Wood),,,,,4.0,2757,Beno Udrih,1610612748.0,Miami,Heat,MIA,5,202709,Cory Joseph,1610612761.0,Toronto,Raptors,TOR,1,0,,,,,
0021500390,212,9,1,2,8:59 PM,2:54,HEAT Timeout: Regular (Full 2 Short 0),,,,,2.0,1610612748,,,,,,0,0,,,,,,0,0,,,,,
0021500390,216,2,1,2,9:01 PM,2:40,,,MISS DeRozan 20' Jump Shot,,,5.0,201942,DeMar DeRozan,1610612761.0,Toronto,Raptors,TOR,0,0,,,,,,0,0,,,,,
0021500390,217,4,0,2,9:01 PM,2:39,Udrih REBOUND (Off:0 Def:3),,,,,4.0,2757,Beno Udrih,1610612748.0,Miami,Heat,MIA,0,0,,,,,,0,0,,,,,
0021500390,218,6,17,2,9:02 PM,2:28,,,Raptors T.Foul (Def. 3 Sec DeRozan ) (J.Phillips),,,5.0,201942,DeMar DeRozan,1610612761.0,Toronto,Raptors,TOR,0,0,,,,,,1,0,,,,,
0021500390,219,3,16,2,9:02 PM,2:28,Wade Free Throw Technical (13 PTS),,,44 - 49,5,4.0,2548,Dwyane Wade,1610612748.0,Miami,Heat,MIA,0,0,,,,,,0,0,,,,,
0021500390,221,2,1,2,9:02 PM,2:18,MISS Udrih 17' Jump Shot,,,,,4.0,2757,Beno Udrih,1610612748.0,Miami,Heat,MIA,0,0,,,,,,0,0,,,,,
0021500390,222,4,0,2,9:02 PM,2:17,,,Biyombo REBOUND (Off:2 Def:4),,,5.0,202687,Bismack Biyombo,1610612761.0,Toronto,Raptors,TOR,0,0,,,,,,0,0,,,,,
0021500390,223,1,7,2,9:02 PM,2:05,,,Biyombo  Dunk (2 PTS) (Ross 1 AST),46 - 49,3,5.0,202687,Bismack Biyombo,1610612761.0,Toronto,Raptors,TOR,5,203082,Terrence Ross,1610612761.0,Toronto,Raptors,TOR,0,0,,,,,
0021500390,224,1,1,2,9:03 PM,1:40,Green  3PT Jump Shot (7 PTS) (Wade 3 AST),,,46 - 52,6,4.0,101123,Gerald Green,1610612748.0,Miami,Heat,MIA,4,2548,Dwyane Wade,1610612748.0,Miami,Heat,MIA,0,0,,,,,
0021500390,225,2,47,2,9:03 PM,1:18,,,MISS DeRozan 12' Turnaround Jump Shot,,,5.0,201942,DeMar DeRozan,1610612761.0,Toronto,Raptors,TOR,0,0,,,,,,0,0,,,,,
0021500390,226,4,0,2,9:03 PM,1:17,Whiteside REBOUND (Off:1 Def:7),,,,,4.0,202355,Hassan Whiteside,1610612748.0,Miami,Heat,MIA,0,0,,,,,,0,0,,,,,
0021500390,228,8,0,2,9:03 PM,1:08,SUB: Dragic FOR Udrih,,,,,4.0,2757,Beno Udrih,1610612748.0,Miami,Heat,MIA,4,201609,Goran Dragic,1610612748.0,Miami,Heat,MIA,0,0,,,,,
0021500390,229,8,0,2,9:03 PM,1:08,SUB: Bosh FOR Whiteside,,,,,4.0,202355,Hassan Whiteside,1610612748.0,Miami,Heat,MIA,4,2547,Chris Bosh,1610612748.0,Miami,Heat,MIA,0,0,,,,,
0021500390,230,8,0,2,9:04 PM,1:08,,,SUB: Lowry FOR Scola,,,5.0,2449,Luis Scola,1610612761.0,Toronto,Raptors,TOR,5,200768,Kyle Lowry,1610612761.0,Toronto,Raptors,TOR,0,0,,,,,
0021500390,231,2,1,2,9:04 PM,1:00,MISS Bosh 21' Jump Shot,,,,,4.0,2547,Chris Bosh,1610612748.0,Miami,Heat,MIA,0,0,,,,,,0,0,,,,,
0021500390,232,4,0,2,9:04 PM,0:59,,,Lowry REBOUND (Off:0 Def:2),,,5.0,200768,Kyle Lowry,1610612761.0,Toronto,Raptors,TOR,0,0,,,,,,0,0,,,,,
0021500390,233,2,42,2,9:04 PM,0:52,,,MISS Lowry 1' Driving Layup,,,5.0,200768,Kyle Lowry,1610612761.0,Toronto,Raptors,TOR,0,0,,,,,,0,0,,,,,
0021500390,234,4,0,2,9:04 PM,0:51,,,Biyombo REBOUND (Off:3 Def:4),,,5.0,202687,Bismack Biyombo,1610612761.0,Toronto,Raptors,TOR,0,0,,,,,,0,0,,,,,
0021500390,235,6,2,2,9:04 PM,0:51,Bosh S.FOUL (P2.PN) (L.Wood),,,,,4.0,2547,Chris Bosh,1610612748.0,Miami,Heat,MIA,5,202687,Bismack Biyombo,1610612761.0,Toronto,Raptors,TOR,1,0,,,,,
0021500390,236,3,11,2,9:04 PM,0:51,,,Biyombo Free Throw 1 of 2 (3 PTS),47 - 52,5,5.0,202687,Bismack Biyombo,1610612761.0,Toronto,Raptors,TOR,0,0,,,,,,0,0,,,,,
0021500390,238,8,0,2,9:05 PM,0:51,SUB: Whiteside FOR Bosh,,,,,4.0,2547,Chris Bosh,1610612748.0,Miami,Heat,MIA,4,202355,Hassan Whiteside,1610612748.0,Miami,Heat,MIA,0,0,,,,,
0021500390,239,3,12,2,9:05 PM,0:51,,,MISS Biyombo Free Throw 2 of 2,,,5.0,202687,Bismack Biyombo,1610612761.0,Toronto,Raptors,TOR,0,0,,,,,,0,0,,,,,
0021500390,241,4,0,2,9:05 PM,0:49,Whiteside REBOUND (Off:1 Def:8),,,,,4.0,202355,Hassan Whiteside,1610612748.0,Miami,Heat,MIA,0,0,,,,,,0,0,,,,,
0021500390,242,5,2,2,9:05 PM,0:36,Wade Lost Ball Turnover (P5.T7),,Lowry STEAL (3 STL),,,4.0,2548,Dwyane Wade,1610612748.0,Miami,Heat,MIA,5,200768,Kyle Lowry,1610612761.0,Toronto,Raptors,TOR,0,0,,,,,
0021500390,243,1,1,2,9:05 PM,0:31,,,Ross 25' 3PT Jump Shot (14 PTS) (Joseph 2 AST),50 - 52,2,5.0,203082,Terrence Ross,1610612761.0,Toronto,Raptors,TOR,5,202709,Cory Joseph,1610612761.0,Toronto,Raptors,TOR,0,0,,,,,
0021500390,244,9,2,2,9:05 PM,0:27,HEAT Timeout: Short (Full 2 Short 1),,,,,2.0,1610612748,,,,,,0,0,,,,,,0,0,,,,,
0021500390,248,1,1,2,9:07 PM,0:15,Green 24' 3PT Jump Shot (10 PTS) (Dragic 4 AST),,,50 - 55,5,4.0,101123,Gerald Green,1610612748.0,Miami,Heat,MIA,4,201609,Goran Dragic,1610612748.0,Miami,Heat,MIA,0,0,,,,,
0021500390,249,2,1,2,9:07 PM,0:04,,,MISS Lowry 21' Jump Shot,,,5.0,200768,Kyle Lowry,1610612761.0,Toronto,Raptors,TOR,0,0,,,,,,0,0,,,,,
0021500390,250,4,0,2,9:07 PM,0:04,Wade REBOUND (Off:2 Def:4),,,,,4.0,2548,Dwyane Wade,1610612748.0,Miami,Heat,MIA,0,0,,,,,,0,0,,,,,
0021500390,251,5,2,2,9:07 PM,0:03,Wade Lost Ball Turnover (P6.T8),,Joseph STEAL (2 STL),,,4.0,2548,Dwyane Wade,1610612748.0,Miami,Heat,MIA,5,202709,Cory Joseph,1610612761.0,Toronto,Raptors,TOR,0,0,,,,,
0021500390,252,2,1,2,9:07 PM,0:01,,,MISS Joseph 40' 3PT Jump Shot,,,5.0,202709,Cory Joseph,1610612761.0,Toronto,Raptors,TOR,0,0,,,,,,0,0,,,,,
0021500390,253,4,0,2,9:08 PM,0:00,,,Raptors Rebound,,,3.0,1610612761,,,,,,0,0,,,,,,0,0,,,,,
0021500390,254,13,0,2,9:08 PM,0:00,,,,50 - 55,5,0.0,0,,,,,,0,0,,,,,,0,0,,,,,
0021500390,256,12,0,3,9:23 PM,12:00,,,,50 - 55,5,0.0,0,,,,,,0,0,,,,,,0,0,,,,,
0021500390,257,2,1,3,9:24 PM,11:37,,,MISS Scola 20' Jump Shot,,,5.0,2449,Luis Scola,1610612761.0,Toronto,Raptors,TOR,0,0,,,,,,0,0,,,,,
0021500390,258,4,0,3,9:24 PM,11:36,Whiteside REBOUND (Off:1 Def:9),,,,,4.0,202355,Hassan Whiteside,1610612748.0,Miami,Heat,MIA,0,0,,,,,,0,0,,,,,
0021500390,259,1,1,3,9:24 PM,11:14,Dragic 16' Jump Shot (15 PTS),,,50 - 57,7,4.0,201609,Goran Dragic,1610612748.0,Miami,Heat,MIA,0,0,,,,,,0,0,,,,,
0021500390,260,2,1,3,9:24 PM,10:57,,,MISS Lowry 21' Jump Shot,,,5.0,200768,Kyle Lowry,1610612761.0,Toronto,Raptors,TOR,0,0,,,,,,0,0,,,,,
0021500390,261,4,0,3,9:24 PM,10:56,Deng REBOUND (Off:0 Def:1),,,,,4.0,2736,Luol Deng,1610612748.0,Miami,Heat,MIA,0,0,,,,,,0,0,,,,,
0021500390,262,1,1,3,9:24 PM,10:44,Deng 26' 3PT Jump Shot (7 PTS) (Bosh 2 AST),,,50 - 60,10,4.0,2736,Luol Deng,1610612748.0,Miami,Heat,MIA,4,2547,Chris Bosh,1610612748.0,Miami,Heat,MIA,0,0,,,,,
0021500390,263,1,1,3,9:25 PM,10:19,,,Johnson  3PT Jump Shot (5 PTS) (Lowry 2 AST),53 - 60,7,5.0,201949,James Johnson,1610612761.0,Toronto,Raptors,TOR,5,200768,Kyle Lowry,1610612761.0,Toronto,Raptors,TOR,0,0,,,,,
0021500390,264,1,52,3,9:25 PM,9:56,Whiteside  Alley Oop Dunk (8 PTS) (Wade 4 AST),,,53 - 62,9,4.0,202355,Hassan Whiteside,1610612748.0,Miami,Heat,MIA,4,2548,Dwyane Wade,1610612748.0,Miami,Heat,MIA,0,0,,,,,
0021500390,265,5,1,3,9:26 PM,9:36,Deng STEAL (1 STL),,DeRozan Bad Pass Turnover (P2.T3),,,5.0,201942,DeMar DeRozan,1610612761.0,Toronto,Raptors,TOR,4,2736,Luol Deng,1610612748.0,Miami,Heat,MIA,0,0,,,,,
0021500390,266,1,5,3,9:26 PM,9:33,Dragic 2' Layup (17 PTS) (Deng 1 AST),,,53 - 64,11,4.0,201609,Goran Dragic,1610612748.0,Miami,Heat,MIA,4,2736,Luol Deng,1610612748.0,Miami,Heat,MIA,0,0,,,,,
0021500390,267,9,1,3,9:26 PM,9:32,,,Raptors Timeout: Regular (Reg.3 Short 0),,,3.0,1610612761,,,,,,0,0,,,,,,0,0,,,,,
0021500390,271,1,47,3,9:28 PM,9:20,,,DeRozan 15' Turnaround Jump Shot (15 PTS),55 - 64,9,5.0,201942,DeMar DeRozan,1610612761.0,Toronto,Raptors,TOR,0,0,,,,,,0,0,,,,,
0021500390,273,2,1,3,9:29 PM,8:50,MISS Wade 29' 3PT Jump Shot,,,,,4.0,2548,Dwyane Wade,1610612748.0,Miami,Heat,MIA,0,0,,,,,,0,0,,,,,
0021500390,274,4,0,3,9:29 PM,8:49,,,Scola REBOUND (Off:0 Def:1),,,5.0,2449,Luis Scola,1610612761.0,Toronto,Raptors,TOR,0,0,,,,,,0,0,,,,,
0021500390,275,1,78,3,9:29 PM,8:37,,,Scola 12' Floating Jump Shot (14 PTS),57 - 64,7,5.0,2449,Luis Scola,1610612761.0,Toronto,Raptors,TOR,0,0,,,,,,0,0,,,,,
0021500390,276,2,1,3,9:30 PM,8:19,MISS Bosh 17' Jump Shot,,,,,4.0,2547,Chris Bosh,1610612748.0,Miami,Heat,MIA,0,0,,,,,,0,0,,,,,
0021500390,277,4,0,3,9:30 PM,8:18,,,Raptors Rebound,,,3.0,1610612761,,,,,,0,0,,,,,,0,0,,,,,
0021500390,278,6,1,3,9:30 PM,8:11,Deng P.FOUL (P1.T1) (M.Boland),,,,,4.0,2736,Luol Deng,1610612748.0,Miami,Heat,MIA,5,201942,DeMar DeRozan,1610612761.0,Toronto,Raptors,TOR,1,0,,,,,
0021500390,279,1,1,3,9:30 PM,8:01,,,Lowry 25' 3PT Jump Shot (9 PTS) (Johnson 3 AST),60 - 64,4,5.0,200768,Kyle Lowry,1610612761.0,Toronto,Raptors,TOR,5,201949,James Johnson,1610612761.0,Toronto,Raptors,TOR,0,0,,,,,
0021500390,280,9,1,3,9:30 PM,8:01,HEAT Timeout: Regular (Full 3 Short 1),,,,,2.0,1610612748,,,,,,0,0,,,,,,0,0,,,,,
0021500390,284,1,82,3,9:33 PM,7:47,Wade 4' Driving Bank Shot (15 PTS),,,60 - 66,6,4.0,2548,Dwyane Wade,1610612748.0,Miami,Heat,MIA,0,0,,,,,,0,0,,,,,
0021500390,285,1,79,3,9:33 PM,7:34,,,DeRozan 18' Pullup Jump Shot (17 PTS),62 - 66,4,5.0,201942,DeMar DeRozan,1610612761.0,Toronto,Raptors,TOR,0,0,,,,,,0,0,,,,,
0021500390,286,6,1,3,9:34 PM,7:21,,,Lowry P.FOUL (P2.T1) (L.Wood),,,5.0,200768,Kyle Lowry,1610612761.0,Toronto,Raptors,TOR,4,201609,Goran Dragic,1610612748.0,Miami,Heat,MIA,1,0,,,,,
0021500390,287,2,1,3,9:34 PM,7:06,MISS Deng 25' 3PT Jump Shot,,,,,4.0,2736,Luol Deng,1610612748.0,Miami,Heat,MIA,0,0,,,,,,0,0,,,,,
0021500390,288,4,0,3,9:34 PM,7:05,,,DeRozan REBOUND (Off:0 Def:2),,,5.0,201942,DeMar DeRozan,1610612761.0,Toronto,Raptors,TOR,0,0,,,,,,0,0,,,,,
0021500390,289,1,80,3,9:34 PM,6:54,,,DeRozan 16' Step Back Jump Shot (19 PTS),64 - 66,2,5.0,201942,DeMar DeRozan,1610612761.0,Toronto,Raptors,TOR,0,0,,,,,,0,0,,,,,
0021500390,290,2,63,3,9:35 PM,6:28,MISS Wade 15' Fadeaway Jumper,,,,,4.0,2548,Dwyane Wade,1610612748.0,Miami,Heat,MIA,0,0,,,,,,0,0,,,,,
0021500390,291,4,0,3,9:35 PM,6:27,,,Scola REBOUND (Off:0 Def:2),,,5.0,2449,Luis Scola,1610612761.0,Toronto,Raptors,TOR,0,0,,,,,,0,0,,,,,
0021500390,292,2,80,3,9:35 PM,6:22,Whiteside BLOCK (4 BLK),,MISS DeRozan 19' Step Back Jump Shot,,,5.0,201942,DeMar DeRozan,1610612761.0,Toronto,Raptors,TOR,0,0,,,,,,4,202355,Hassan Whiteside,1610612748.0,Miami,Heat,MIA
0021500390,293,4,0,3,9:35 PM,6:21,,,Raptors Rebound,,,3.0,1610612761,,,,,,0,0,,,,,,0,0,,,,,
0021500390,294,8,0,3,9:35 PM,6:21,SUB: Winslow FOR Bosh,,,,,4.0,2547,Chris Bosh,1610612748.0,Miami,Heat,MIA,4,1626159,Justise Winslow,1610612748.0,Miami,Heat,MIA,0,0,,,,,
0021500390,295,1,5,3,9:35 PM,6:15,,,Scola 1' Layup (16 PTS) (DeRozan 3 AST),66 - 66,TIE,5.0,2449,Luis Scola,1610612761.0,Toronto,Raptors,TOR,5,201942,DeMar DeRozan,1610612761.0,Toronto,Raptors,TOR,0,0,,,,,
0021500390,296,2,42,3,9:36 PM,5:48,MISS Deng 2' Driving Layup,,,,,4.0,2736,Luol Deng,1610612748.0,Miami,Heat,MIA,0,0,,,,,,0,0,,,,,
0021500390,297,4,0,3,9:36 PM,5:47,,,Lowry REBOUND (Off:0 Def:3),,,5.0,200768,Kyle Lowry,1610612761.0,Toronto,Raptors,TOR,0,0,,,,,,0,0,,,,,
0021500390,298,6,1,3,9:36 PM,5:31,Whiteside P.FOUL (P1.T2) (M.Boland),,,,,4.0,202355,Hassan Whiteside,1610612748.0,Miami,Heat,MIA,5,200768,Kyle Lowry,1610612761.0,Toronto,Raptors,TOR,1,0,,,,,
0021500390,299,1,1,3,9:37 PM,5:21,,,DeRozan 16' Jump Shot (21 PTS),68 - 66,-2,5.0,201942,DeMar DeRozan,1610612761.0,Toronto,Raptors,TOR,0,0,,,,,,0,0,,,,,
0021500390,300,2,1,3,9:37 PM,5:04,MISS Dragic 19' Jump Shot,,,,,4.0,201609,Goran Dragic,1610612748.0,Miami,Heat,MIA,0,0,,,,,,0,0,,,,,
0021500390,301,4,0,3,9:37 PM,5:03,Deng REBOUND (Off:1 Def:1),,,,,4.0,2736,Luol Deng,1610612748.0,Miami,Heat,MIA,0,0,,,,,,0,0,,,,,
0021500390,302,2,1,3,9:37 PM,4:58,MISS Dragic 24' 3PT Jump Shot,,,,,4.0,201609,Goran Dragic,1610612748.0,Miami,Heat,MIA,0,0,,,,,,0,0,,,,,
0021500390,303,4,0,3,9:37 PM,4:57,,,Biyombo REBOUND (Off:3 Def:5),,,5.0,202687,Bismack Biyombo,1610612761.0,Toronto,Raptors,TOR,0,0,,,,,,0,0,,,,,
0021500390,304,2,80,3,9:37 PM,4:38,,,MISS Scola 12' Step Back Jump Shot,,,5.0,2449,Luis Scola,1610612761.0,Toronto,Raptors,TOR,0,0,,,,,,0,0,,,,,
0021500390,305,4,0,3,9:37 PM,4:37,Whiteside REBOUND (Off:1 Def:10),,,,,4.0,202355,Hassan Whiteside,1610612748.0,Miami,Heat,MIA,0,0,,,,,,0,0,,,,,
0021500390,306,5,45,3,9:37 PM,4:33,Wade Out of Bounds - Bad Pass Turnover Turnover (P7.T9),,,,,4.0,2548,Dwyane Wade,1610612748.0,Miami,Heat,MIA,0,0,,,,,,0,0,,,,,
0021500390,307,2,7,3,9:38 PM,4:16,Whiteside BLOCK (5 BLK),,MISS Biyombo  Dunk,,,5.0,202687,Bismack Biyombo,1610612761.0,Toronto,Raptors,TOR,0,0,,,,,,4,202355,Hassan Whiteside,1610612748.0,Miami,Heat,MIA
0021500390,308,4,0,3,9:38 PM,4:15,Deng REBOUND (Off:1 Def:2),,,,,4.0,2736,Luol Deng,1610612748.0,Miami,Heat,MIA,0,0,,,,,,0,0,,,,,
0021500390,309,2,66,3,9:38 PM,4:01,MISS Wade 20' Jump Bank Shot,,,,,4.0,2548,Dwyane Wade,1610612748.0,Miami,Heat,MIA,0,0,,,,,,0,0,,,,,
0021500390,310,4,0,3,9:38 PM,4:00,,,Biyombo REBOUND (Off:3 Def:6),,,5.0,202687,Bismack Biyombo,1610612761.0,Toronto,Raptors,TOR,0,0,,,,,,0,0,,,,,
0021500390,311,1,42,3,9:39 PM,3:39,,,Johnson 2' Driving Layup (7 PTS),70 - 66,-4,5.0,201949,James Johnson,1610612761.0,Toronto,Raptors,TOR,0,0,,,,,,0,0,,,,,
0021500390,312,6,2,3,9:39 PM,3:19,,,Scola S.FOUL (P1.T2) (L.Wood),,,5.0,2449,Luis Scola,1610612761.0,Toronto,Raptors,TOR,4,2736,Luol Deng,1610612748.0,Miami,Heat,MIA,1,0,,,,,
0021500390,313,3,11,3,9:39 PM,3:19,Deng Free Throw 1 of 2 (8 PTS),,,70 - 67,-3,4.0,2736,Luol Deng,1610612748.0,Miami,Heat,MIA,0,0,,,,,,0,0,,,,,
0021500390,315,8,0,3,9:40 PM,3:19,SUB: Udrih FOR Dragic,,,,,4.0,201609,Goran Dragic,1610612748.0,Miami,Heat,MIA,4,2757,Beno Udrih,1610612748.0,Miami,Heat,MIA,0,0,,,,,
0021500390,316,8,0,3,9:40 PM,3:19,SUB: Bosh FOR Whiteside,,,,,4.0,202355,Hassan Whiteside,1610612748.0,Miami,Heat,MIA,4,2547,Chris Bosh,1610612748.0,Miami,Heat,MIA,0,0,,,,,
0021500390,317,8,0,3,9:40 PM,3:19,SUB: Green FOR Wade,,,,,4.0,2548,Dwyane Wade,1610612748.0,Miami,Heat,MIA,4,101123,Gerald Green,1610612748.0,Miami,Heat,MIA,0,0,,,,,
0021500390,318,8,0,3,9:40 PM,3:19,,,SUB: Patterson FOR Scola,,,5.0,2449,Luis Scola,1610612761.0,Toronto,Raptors,TOR,5,202335,Patrick Patterson,1610612761.0,Toronto,Raptors,TOR,0,0,,,,,
0021500390,319,8,0,3,9:40 PM,3:19,,,SUB: Joseph FOR Lowry,,,5.0,200768,Kyle Lowry,1610612761.0,Toronto,Raptors,TOR,5,202709,Cory Joseph,1610612761.0,Toronto,Raptors,TOR,0,0,,,,,
0021500390,320,3,12,3,9:40 PM,3:19,Deng Free Throw 2 of 2 (9 PTS),,,70 - 68,-2,4.0,2736,Luol Deng,1610612748.0,Miami,Heat,MIA,0,0,,,,,,0,0,,,,,
0021500390,322,6,2,3,9:40 PM,3:02,Bosh S.FOUL (P3.T3) (L.Wood),,,,,4.0,2547,Chris Bosh,1610612748.0,Miami,Heat,MIA,5,201949,James Johnson,1610612761.0,Toronto,Raptors,TOR,1,0,,,,,
0021500390,323,3,11,3,9:40 PM,3:02,,,Johnson Free Throw 1 of 2 (8 PTS),71 - 68,-3,5.0,201949,James Johnson,1610612761.0,Toronto,Raptors,TOR,0,0,,,,,,0,0,,,,,
0021500390,326,8,0,3,9:41 PM,3:02,,,SUB: Ross FOR Biyombo,,,5.0,202687,Bismack Biyombo,1610612761.0,Toronto,Raptors,TOR,5,203082,Terrence Ross,1610612761.0,Toronto,Raptors,TOR,0,0,,,,,
0021500390,327,3,12,3,9:41 PM,3:02,,,Johnson Free Throw 2 of 2 (9 PTS),72 - 68,-4,5.0,201949,James Johnson,1610612761.0,Toronto,Raptors,TOR,0,0,,,,,,0,0,,,,,
0021500390,329,1,1,3,9:41 PM,2:48,Bosh 22' Jump Shot (9 PTS) (Deng 2 AST),,,72 - 70,-2,4.0,2547,Chris Bosh,1610612748.0,Miami,Heat,MIA,4,2736,Luol Deng,1610612748.0,Miami,Heat,MIA,0,0,,,,,
0021500390,330,1,71,3,9:42 PM,2:23,,,Johnson 2' Finger Roll Layup (11 PTS),74 - 70,-4,5.0,201949,James Johnson,1610612761.0,Toronto,Raptors,TOR,0,0,,,,,,0,0,,,,,
0021500390,331,6,2,3,9:42 PM,2:06,,,Patterson S.FOUL (P2.T3) (M.Boland),,,5.0,202335,Patrick Patterson,1610612761.0,Toronto,Raptors,TOR,4,1626159,Justise Winslow,1610612748.0,Miami,Heat,MIA,1,0,,,,,
0021500390,332,3,11,3,9:42 PM,2:06,Winslow Free Throw 1 of 2 (1 PTS),,,74 - 71,-3,4.0,1626159,Justise Winslow,1610612748.0,Miami,Heat,MIA,0,0,,,,,,0,0,,,,,
0021500390,334,3,12,3,9:42 PM,2:06,Winslow Free Throw 2 of 2 (2 PTS),,,74 - 72,-2,4.0,1626159,Justise Winslow,1610612748.0,Miami,Heat,MIA,0,0,,,,,,0,0,,,,,
0021500390,336,1,101,3,9:43 PM,1:47,,,DeRozan 7' Driving Floating Jump Shot (23 PTS),76 - 72,-4,5.0,201942,DeMar DeRozan,1610612761.0,Toronto,Raptors,TOR,0,0,,,,,,0,0,,,,,
0021500390,337,5,1,3,9:44 PM,1:34,Udrih Bad Pass Turnover (P1.T10),,Patterson STEAL (1 STL),,,4.0,2757,Beno Udrih,1610612748.0,Miami,Heat,MIA,5,202335,Patrick Patterson,1610612761.0,Toronto,Raptors,TOR,0,0,,,,,
0021500390,338,1,1,3,9:44 PM,1:28,,,Ross 25' 3PT Jump Shot (17 PTS) (Johnson 4 AST),79 - 72,-7,5.0,203082,Terrence Ross,1610612761.0,Toronto,Raptors,TOR,5,201949,James Johnson,1610612761.0,Toronto,Raptors,TOR,0,0,,,,,
0021500390,339,6,1,3,9:44 PM,1:13,,,Joseph P.FOUL (P2.T4) (M.Boland),,,5.0,202709,Cory Joseph,1610612761.0,Toronto,Raptors,TOR,4,2757,Beno Udrih,1610612748.0,Miami,Heat,MIA,1,0,,,,,
0021500390,341,2,1,3,9:45 PM,1:02,MISS Deng 24' 3PT Jump Shot,,,,,4.0,2736,Luol Deng,1610612748.0,Miami,Heat,MIA,0,0,,,,,,0,0,,,,,
0021500390,342,4,0,3,9:45 PM,1:01,,,DeRozan REBOUND (Off:0 Def:3),,,5.0,201942,DeMar DeRozan,1610612761.0,Toronto,Raptors,TOR,0,0,,,,,,0,0,,,,,
0021500390,343,5,2,3,9:45 PM,0:51,Green STEAL (1 STL),,DeRozan Lost Ball Turnover (P3.T4),,,5.0,201942,DeMar DeRozan,1610612761.0,Toronto,Raptors,TOR,4,101123,Gerald Green,1610612748.0,Miami,Heat,MIA,0,0,,,,,
0021500390,344,1,1,3,9:45 PM,0:39,Green 18' Jump Shot (12 PTS),,,79 - 74,-5,4.0,101123,Gerald Green,1610612748.0,Miami,Heat,MIA,0,0,,,,,,0,0,,,,,
0021500390,345,5,2,3,9:45 PM,0:30,Bosh STEAL (1 STL),,Joseph Lost Ball Turnover (P1.T5),,,5.0,202709,Cory Joseph,1610612761.0,Toronto,Raptors,TOR,4,2547,Chris Bosh,1610612748.0,Miami,Heat,MIA,0,0,,,,,
0021500390,346,1,1,3,9:46 PM,0:26,Green 24' 3PT Jump Shot (15 PTS) (Bosh 3 AST),,,79 - 77,-2,4.0,101123,Gerald Green,1610612748.0,Miami,Heat,MIA,4,2547,Chris Bosh,1610612748.0,Miami,Heat,MIA,0,0,,,,,
0021500390,347,1,1,3,9:46 PM,0:04,,,DeRozan 22' Jump Shot (25 PTS),81 - 77,-4,5.0,201942,DeMar DeRozan,1610612761.0,Toronto,Raptors,TOR,0,0,,,,,,0,0,,,,,
0021500390,348,2,1,3,9:46 PM,0:00,MISS Green 40' 3PT Jump Shot,,,,,4.0,101123,Gerald Green,1610612748.0,Miami,Heat,MIA,0,0,,,,,,0,0,,,,,
0021500390,349,4,0,3,9:46 PM,0:00,HEAT Rebound,,,,,2.0,1610612748,,,,,,0,0,,,,,,0,0,,,,,
0021500390,352,18,0,3,9:47 PM,0:00,,,,,,,346,Doug Edwards,,,,,0,0,,,,,,1,0,,,,,
0021500390,353,13,0,3,9:48 PM,0:00,,,,81 - 77,-4,0.0,0,,,,,,0,0,,,,,,0,0,,,,,
0021500390,355,12,0,4,9:49 PM,12:00,,,,81 - 77,-4,0.0,0,,,,,,0,0,,,,,,0,0,,,,,
0021500390,356,1,49,4,9:49 PM,11:43,Bosh  Driving Dunk (11 PTS),,,81 - 79,-2,4.0,2547,Chris Bosh,1610612748.0,Miami,Heat,MIA,0,0,,,,,,0,0,,,,,
0021500390,357,1,5,4,9:49 PM,11:23,,,Scola 1' Layup (18 PTS) (Lowry 3 AST),83 - 79,-4,5.0,2449,Luis Scola,1610612761.0,Toronto,Raptors,TOR,5,200768,Kyle Lowry,1610612761.0,Toronto,Raptors,TOR,0,0,,,,,
0021500390,358,6,29,4,9:50 PM,11:09,,,Scola Shooting Block Foul (P2.T1) (J.Phillips),,,5.0,2449,Luis Scola,1610612761.0,Toronto,Raptors,TOR,4,201609,Goran Dragic,1610612748.0,Miami,Heat,MIA,1,0,,,,,
0021500390,359,3,11,4,9:50 PM,11:09,Dragic Free Throw 1 of 2 (18 PTS),,,83 - 80,-3,4.0,201609,Goran Dragic,1610612748.0,Miami,Heat,MIA,0,0,,,,,,0,0,,,,,
0021500390,361,3,12,4,9:50 PM,11:09,MISS Dragic Free Throw 2 of 2,,,,,4.0,201609,Goran Dragic,1610612748.0,Miami,Heat,MIA,0,0,,,,,,0,0,,,,,
0021500390,363,4,0,4,9:50 PM,11:08,,,Patterson REBOUND (Off:0 Def:4),,,5.0,202335,Patrick Patterson,1610612761.0,Toronto,Raptors,TOR,0,0,,,,,,0,0,,,,,
0021500390,364,2,42,4,9:51 PM,10:45,,,MISS Joseph 2' Driving Layup,,,5.0,202709,Cory Joseph,1610612761.0,Toronto,Raptors,TOR,0,0,,,,,,0,0,,,,,
0021500390,365,4,0,4,9:51 PM,10:44,,,Scola REBOUND (Off:1 Def:2),,,5.0,2449,Luis Scola,1610612761.0,Toronto,Raptors,TOR,0,0,,,,,,0,0,,,,,
0021500390,366,1,5,4,9:51 PM,10:43,,,Scola 1' Layup (20 PTS),85 - 80,-5,5.0,2449,Luis Scola,1610612761.0,Toronto,Raptors,TOR,0,0,,,,,,0,0,,,,,
0021500390,367,2,1,4,9:51 PM,10:22,MISS Green 19' Jump Shot,,,,,4.0,101123,Gerald Green,1610612748.0,Miami,Heat,MIA,0,0,,,,,,0,0,,,,,
0021500390,368,4,0,4,9:51 PM,10:21,,,Patterson REBOUND (Off:0 Def:5),,,5.0,202335,Patrick Patterson,1610612761.0,Toronto,Raptors,TOR,0,0,,,,,,0,0,,,,,
0021500390,369,2,1,4,9:51 PM,10:12,,,MISS Scola 20' Jump Shot,,,5.0,2449,Luis Scola,1610612761.0,Toronto,Raptors,TOR,0,0,,,,,,0,0,,,,,
0021500390,370,4,0,4,9:51 PM,10:11,Winslow REBOUND (Off:0 Def:1),,,,,4.0,1626159,Justise Winslow,1610612748.0,Miami,Heat,MIA,0,0,,,,,,0,0,,,,,
0021500390,371,5,1,4,9:52 PM,10:00,Dragic Bad Pass Turnover (P2.T11),,Lowry STEAL (4 STL),,,4.0,201609,Goran Dragic,1610612748.0,Miami,Heat,MIA,5,200768,Kyle Lowry,1610612761.0,Toronto,Raptors,TOR,0,0,,,,,
0021500390,373,7,2,4,9:52 PM,9:54,Winslow Violation:Defensive Goaltending (J.Phillips),,,,,4.0,1626159,Justise Winslow,1610612748.0,Miami,Heat,MIA,0,0,,,,,,1,0,,,,,
0021500390,372,1,42,4,9:52 PM,9:54,,,Lowry 1' Driving Layup (11 PTS),87 - 80,-7,5.0,200768,Kyle Lowry,1610612761.0,Toronto,Raptors,TOR,0,0,,,,,,0,0,,,,,
0021500390,374,6,1,4,9:52 PM,9:39,,,Scola P.FOUL (P3.T2) (M.Boland),,,5.0,2449,Luis Scola,1610612761.0,Toronto,Raptors,TOR,4,2547,Chris Bosh,1610612748.0,Miami,Heat,MIA,1,0,,,,,
0021500390,375,2,1,4,9:52 PM,9:30,MISS Bosh 21' Jump Shot,,,,,4.0,2547,Chris Bosh,1610612748.0,Miami,Heat,MIA,0,0,,,,,,0,0,,,,,
0021500390,376,4,0,4,9:52 PM,9:29,,,Joseph REBOUND (Off:0 Def:3),,,5.0,202709,Cory Joseph,1610612761.0,Toronto,Raptors,TOR,0,0,,,,,,0,0,,,,,
0021500390,377,2,1,4,9:53 PM,9:21,,,MISS Lowry 25' 3PT Jump Shot,,,5.0,200768,Kyle Lowry,1610612761.0,Toronto,Raptors,TOR,0,0,,,,,,0,0,,,,,
0021500390,378,4,0,4,9:53 PM,9:20,Winslow REBOUND (Off:0 Def:2),,,,,4.0,1626159,Justise Winslow,1610612748.0,Miami,Heat,MIA,0,0,,,,,,0,0,,,,,
0021500390,379,1,1,4,9:53 PM,9:10,Udrih 24' 3PT Jump Shot (5 PTS) (Dragic 5 AST),,,87 - 83,-4,4.0,2757,Beno Udrih,1610612748.0,Miami,Heat,MIA,4,201609,Goran Dragic,1610612748.0,Miami,Heat,MIA,0,0,,,,,
0021500390,380,2,1,4,9:53 PM,8:49,,,MISS Ross 24' 3PT Jump Shot,,,5.0,203082,Terrence Ross,1610612761.0,Toronto,Raptors,TOR,0,0,,,,,,0,0,,,,,
0021500390,381,4,0,4,9:53 PM,8:48,Bosh REBOUND (Off:0 Def:3),,,,,4.0,2547,Chris Bosh,1610612748.0,Miami,Heat,MIA,0,0,,,,,,0,0,,,,,
0021500390,382,5,4,4,9:54 PM,8:29,Green Traveling Turnover (P1.T12),,,,,4.0,101123,Gerald Green,1610612748.0,Miami,Heat,MIA,0,0,,,,,,1,0,,,,,
0021500390,383,9,4,4,9:54 PM,8:29,,,,,,1.0,0,,,,,,0,0,,,,,,0,0,,,,,
0021500390,385,8,0,4,9:56 PM,8:29,,,SUB: DeRozan FOR Scola,,,5.0,2449,Luis Scola,1610612761.0,Toronto,Raptors,TOR,5,201942,DeMar DeRozan,1610612761.0,Toronto,Raptors,TOR,0,0,,,,,
0021500390,386,8,0,4,9:56 PM,8:29,,,SUB: Biyombo FOR Joseph,,,5.0,202709,Cory Joseph,1610612761.0,Toronto,Raptors,TOR,5,202687,Bismack Biyombo,1610612761.0,Toronto,Raptors,TOR,0,0,,,,,
0021500390,387,8,0,4,9:56 PM,8:29,SUB: Whiteside FOR Bosh,,,,,4.0,2547,Chris Bosh,1610612748.0,Miami,Heat,MIA,4,202355,Hassan Whiteside,1610612748.0,Miami,Heat,MIA,0,0,,,,,
0021500390,388,5,2,4,9:56 PM,8:07,Dragic STEAL (1 STL),,Biyombo Lost Ball Turnover (P1.T6),,,5.0,202687,Bismack Biyombo,1610612761.0,Toronto,Raptors,TOR,4,201609,Goran Dragic,1610612748.0,Miami,Heat,MIA,0,0,,,,,
0021500390,389,1,1,4,9:57 PM,7:48,Green 21' Jump Shot (17 PTS),,,87 - 85,-2,4.0,101123,Gerald Green,1610612748.0,Miami,Heat,MIA,0,0,,,,,,0,0,,,,,
0021500390,390,6,2,4,9:57 PM,7:22,Dragic S.FOUL (P2.T1) (M.Boland),,,,,4.0,201609,Goran Dragic,1610612748.0,Miami,Heat,MIA,5,200768,Kyle Lowry,1610612761.0,Toronto,Raptors,TOR,1,0,,,,,
0021500390,391,3,11,4,9:57 PM,7:22,,,Lowry Free Throw 1 of 2 (12 PTS),88 - 85,-3,5.0,200768,Kyle Lowry,1610612761.0,Toronto,Raptors,TOR,0,0,,,,,,0,0,,,,,
0021500390,393,8,0,4,9:58 PM,7:22,SUB: Wade FOR Dragic,,,,,4.0,201609,Goran Dragic,1610612748.0,Miami,Heat,MIA,4,2548,Dwyane Wade,1610612748.0,Miami,Heat,MIA,0,0,,,,,
0021500390,394,3,12,4,9:58 PM,7:22,,,Lowry Free Throw 2 of 2 (13 PTS),89 - 85,-4,5.0,200768,Kyle Lowry,1610612761.0,Toronto,Raptors,TOR,0,0,,,,,,0,0,,,,,
0021500390,396,2,42,4,9:58 PM,7:05,MISS Green  Driving Layup,,,,,4.0,101123,Gerald Green,1610612748.0,Miami,Heat,MIA,0,0,,,,,,0,0,,,,,
0021500390,397,4,0,4,9:58 PM,7:04,,,Biyombo REBOUND (Off:3 Def:7),,,5.0,202687,Bismack Biyombo,1610612761.0,Toronto,Raptors,TOR,0,0,,,,,,0,0,,,,,
0021500390,398,5,45,4,9:58 PM,6:57,,,Lowry Out of Bounds - Bad Pass Turnover Turnover (P1.T7),,,5.0,200768,Kyle Lowry,1610612761.0,Toronto,Raptors,TOR,0,0,,,,,,0,0,,,,,
0021500390,399,6,2,4,9:59 PM,6:42,,,Ross S.FOUL (P1.T3) (J.Phillips),,,5.0,203082,Terrence Ross,1610612761.0,Toronto,Raptors,TOR,4,2548,Dwyane Wade,1610612748.0,Miami,Heat,MIA,1,0,,,,,
0021500390,400,3,11,4,9:59 PM,6:42,Wade Free Throw 1 of 2 (16 PTS),,,89 - 86,-3,4.0,2548,Dwyane Wade,1610612748.0,Miami,Heat,MIA,0,0,,,,,,0,0,,,,,
0021500390,402,3,12,4,9:59 PM,6:42,Wade Free Throw 2 of 2 (17 PTS),,,89 - 87,-2,4.0,2548,Dwyane Wade,1610612748.0,Miami,Heat,MIA,0,0,,,,,,0,0,,,,,
0021500390,404,6,2,4,10:00 PM,6:29,Green S.FOUL (P2.T2) (J.Phillips),,,,,4.0,101123,Gerald Green,1610612748.0,Miami,Heat,MIA,5,201942,DeMar DeRozan,1610612761.0,Toronto,Raptors,TOR,1,0,,,,,
0021500390,405,3,11,4,10:00 PM,6:29,,,DeRozan Free Throw 1 of 2 (26 PTS),90 - 87,-3,5.0,201942,DeMar DeRozan,1610612761.0,Toronto,Raptors,TOR,0,0,,,,,,0,0,,,,,
0021500390,408,8,0,4,10:01 PM,6:29,,,SUB: Johnson FOR Ross,,,5.0,203082,Terrence Ross,1610612761.0,Toronto,Raptors,TOR,5,201949,James Johnson,1610612761.0,Toronto,Raptors,TOR,0,0,,,,,
0021500390,409,3,12,4,10:01 PM,6:29,,,MISS DeRozan Free Throw 2 of 2,,,5.0,201942,DeMar DeRozan,1610612761.0,Toronto,Raptors,TOR,0,0,,,,,,0,0,,,,,
0021500390,411,4,0,4,10:01 PM,6:28,Whiteside REBOUND (Off:1 Def:11),,,,,4.0,202355,Hassan Whiteside,1610612748.0,Miami,Heat,MIA,0,0,,,,,,0,0,,,,,
0021500390,412,1,101,4,10:01 PM,6:12,Wade 8' Driving Floating Jump Shot (19 PTS),,,90 - 89,-1,4.0,2548,Dwyane Wade,1610612748.0,Miami,Heat,MIA,0,0,,,,,,0,0,,,,,
0021500390,413,1,79,4,10:01 PM,5:54,,,DeRozan 13' Pullup Jump Shot (28 PTS),92 - 89,-3,5.0,201942,DeMar DeRozan,1610612761.0,Toronto,Raptors,TOR,0,0,,,,,,0,0,,,,,
0021500390,414,2,1,4,10:02 PM,5:37,MISS Winslow 24' 3PT Jump Shot,,,,,4.0,1626159,Justise Winslow,1610612748.0,Miami,Heat,MIA,0,0,,,,,,0,0,,,,,
0021500390,415,4,0,4,10:02 PM,5:36,,,Biyombo REBOUND (Off:3 Def:8),,,5.0,202687,Bismack Biyombo,1610612761.0,Toronto,Raptors,TOR,0,0,,,,,,0,0,,,,,
0021500390,416,1,3,4,10:02 PM,5:26,,,Lowry 8' Hook Shot (15 PTS),94 - 89,-5,5.0,200768,Kyle Lowry,1610612761.0,Toronto,Raptors,TOR,0,0,,,,,,0,0,,,,,
0021500390,417,9,1,4,10:02 PM,5:26,HEAT Timeout: Regular (Full 4 Short 1),,,,,2.0,1610612748,,,,,,0,0,,,,,,0,0,,,,,
0021500390,420,8,0,4,10:04 PM,5:26,SUB: Deng FOR Winslow,,,,,4.0,1626159,Justise Winslow,1610612748.0,Miami,Heat,MIA,4,2736,Luol Deng,1610612748.0,Miami,Heat,MIA,0,0,,,,,
0021500390,422,2,1,4,10:05 PM,5:03,MISS Deng 19' Jump Shot,,,,,4.0,2736,Luol Deng,1610612748.0,Miami,Heat,MIA,0,0,,,,,,0,0,,,,,
0021500390,423,4,0,4,10:05 PM,5:02,,,Biyombo REBOUND (Off:3 Def:9),,,5.0,202687,Bismack Biyombo,1610612761.0,Toronto,Raptors,TOR,0,0,,,,,,0,0,,,,,
0021500390,424,2,1,4,10:05 PM,4:38,,,MISS DeRozan 26' 3PT Jump Shot,,,5.0,201942,DeMar DeRozan,1610612761.0,Toronto,Raptors,TOR,0,0,,,,,,0,0,,,,,
0021500390,425,4,0,4,10:05 PM,4:37,Whiteside REBOUND (Off:1 Def:12),,,,,4.0,202355,Hassan Whiteside,1610612748.0,Miami,Heat,MIA,0,0,,,,,,0,0,,,,,
0021500390,426,2,101,4,10:06 PM,4:25,MISS Wade 10' Driving Floating Jump Shot,,,,,4.0,2548,Dwyane Wade,1610612748.0,Miami,Heat,MIA,0,0,,,,,,0,0,,,,,
0021500390,427,4,0,4,10:06 PM,4:24,,,Biyombo REBOUND (Off:3 Def:10),,,5.0,202687,Bismack Biyombo,1610612761.0,Toronto,Raptors,TOR,0,0,,,,,,0,0,,,,,
0021500390,428,1,42,4,10:06 PM,4:07,,,Johnson 3' Driving Layup (13 PTS) (Lowry 4 AST),96 - 89,-7,5.0,201949,James Johnson,1610612761.0,Toronto,Raptors,TOR,5,200768,Kyle Lowry,1610612761.0,Toronto,Raptors,TOR,0,0,,,,,
0021500390,429,1,1,4,10:06 PM,3:49,Green 25' 3PT Jump Shot (20 PTS) (Wade 5 AST),,,96 - 92,-4,4.0,101123,Gerald Green,1610612748.0,Miami,Heat,MIA,4,2548,Dwyane Wade,1610612748.0,Miami,Heat,MIA,0,0,,,,,
0021500390,430,6,2,4,10:07 PM,3:33,Whiteside S.FOUL (P2.T3) (L.Wood),,,,,4.0,202355,Hassan Whiteside,1610612748.0,Miami,Heat,MIA,5,201942,DeMar DeRozan,1610612761.0,Toronto,Raptors,TOR,1,0,,,,,
0021500390,431,3,11,4,10:07 PM,3:33,,,DeRozan Free Throw 1 of 2 (29 PTS),97 - 92,-5,5.0,201942,DeMar DeRozan,1610612761.0,Toronto,Raptors,TOR,0,0,,,,,,0,0,,,,,
0021500390,433,8,0,4,10:07 PM,3:33,SUB: Dragic FOR Udrih,,,,,4.0,2757,Beno Udrih,1610612748.0,Miami,Heat,MIA,4,201609,Goran Dragic,1610612748.0,Miami,Heat,MIA,0,0,,,,,
0021500390,434,8,0,4,10:07 PM,3:33,SUB: Bosh FOR Whiteside,,,,,4.0,202355,Hassan Whiteside,1610612748.0,Miami,Heat,MIA,4,2547,Chris Bosh,1610612748.0,Miami,Heat,MIA,0,0,,,,,
0021500390,435,3,12,4,10:07 PM,3:33,,,DeRozan Free Throw 2 of 2 (30 PTS),98 - 92,-6,5.0,201942,DeMar DeRozan,1610612761.0,Toronto,Raptors,TOR,0,0,,,,,,0,0,,,,,
0021500390,438,5,1,4,10:08 PM,3:17,Wade Bad Pass Turnover (P8.T13),,DeRozan STEAL (2 STL),,,4.0,2548,Dwyane Wade,1610612748.0,Miami,Heat,MIA,5,201942,DeMar DeRozan,1610612761.0,Toronto,Raptors,TOR,0,0,,,,,
0021500390,439,2,1,4,10:08 PM,3:08,,,MISS Lowry 25' 3PT Jump Shot,,,5.0,200768,Kyle Lowry,1610612761.0,Toronto,Raptors,TOR,0,0,,,,,,0,0,,,,,
0021500390,440,4,0,4,10:08 PM,3:07,,,Johnson REBOUND (Off:1 Def:0),,,5.0,201949,James Johnson,1610612761.0,Toronto,Raptors,TOR,0,0,,,,,,0,0,,,,,
0021500390,441,1,66,4,10:08 PM,3:04,,,Patterson 10' Jump Bank Shot (2 PTS) (Johnson 5 AST),100 - 92,-8,5.0,202335,Patrick Patterson,1610612761.0,Toronto,Raptors,TOR,5,201949,James Johnson,1610612761.0,Toronto,Raptors,TOR,0,0,,,,,
0021500390,442,9,1,4,10:08 PM,3:04,HEAT Timeout: Regular (Full 5 Short 1),,,,,2.0,1610612748,,,,,,0,0,,,,,,0,0,,,,,
0021500390,446,2,45,4,10:11 PM,2:52,MISS Green 25' 3PT Jump Shot,,,,,4.0,101123,Gerald Green,1610612748.0,Miami,Heat,MIA,0,0,,,,,,0,0,,,,,
0021500390,447,4,0,4,10:11 PM,2:51,,,Biyombo REBOUND (Off:3 Def:11),,,5.0,202687,Bismack Biyombo,1610612761.0,Toronto,Raptors,TOR,0,0,,,,,,0,0,,,,,
0021500390,448,1,71,4,10:11 PM,2:25,,,Lowry 1' Finger Roll Layup (17 PTS),102 - 92,-10,5.0,200768,Kyle Lowry,1610612761.0,Toronto,Raptors,TOR,0,0,,,,,,0,0,,,,,
0021500390,449,6,2,4,10:12 PM,2:14,,,Johnson S.FOUL (P1.T4) (L.Wood),,,5.0,201949,James Johnson,1610612761.0,Toronto,Raptors,TOR,4,2548,Dwyane Wade,1610612748.0,Miami,Heat,MIA,1,0,,,,,
0021500390,450,3,11,4,10:12 PM,2:14,Wade Free Throw 1 of 2 (20 PTS),,,102 - 93,-9,4.0,2548,Dwyane Wade,1610612748.0,Miami,Heat,MIA,0,0,,,,,,0,0,,,,,
0021500390,452,3,12,4,10:12 PM,2:14,Wade Free Throw 2 of 2 (21 PTS),,,102 - 94,-8,4.0,2548,Dwyane Wade,1610612748.0,Miami,Heat,MIA,0,0,,,,,,0,0,,,,,
0021500390,454,1,7,4,10:13 PM,1:55,,,Biyombo  Dunk (5 PTS) (DeRozan 4 AST),104 - 94,-10,5.0,202687,Bismack Biyombo,1610612761.0,Toronto,Raptors,TOR,5,201942,DeMar DeRozan,1610612761.0,Toronto,Raptors,TOR,0,0,,,,,
0021500390,455,2,1,4,10:13 PM,1:48,MISS Wade 25' 3PT Jump Shot,,,,,4.0,2548,Dwyane Wade,1610612748.0,Miami,Heat,MIA,0,0,,,,,,0,0,,,,,
0021500390,456,4,0,4,10:13 PM,1:47,,,Patterson REBOUND (Off:0 Def:6),,,5.0,202335,Patrick Patterson,1610612761.0,Toronto,Raptors,TOR,0,0,,,,,,0,0,,,,,
0021500390,457,2,79,4,10:13 PM,1:26,,,MISS Lowry 20' Pullup Jump Shot,,,5.0,200768,Kyle Lowry,1610612761.0,Toronto,Raptors,TOR,0,0,,,,,,0,0,,,,,
0021500390,458,4,0,4,10:13 PM,1:25,,,Biyombo REBOUND (Off:4 Def:11),,,5.0,202687,Bismack Biyombo,1610612761.0,Toronto,Raptors,TOR,0,0,,,,,,0,0,,,,,
0021500390,459,6,1,4,10:13 PM,1:23,Deng P.FOUL (P2.T4) (L.Wood),,,,,4.0,2736,Luol Deng,1610612748.0,Miami,Heat,MIA,5,202687,Bismack Biyombo,1610612761.0,Toronto,Raptors,TOR,1,0,,,,,
0021500390,460,2,44,4,10:14 PM,1:12,,,MISS Johnson 2' Reverse Layup,,,5.0,201949,James Johnson,1610612761.0,Toronto,Raptors,TOR,0,0,,,,,,0,0,,,,,
0021500390,461,4,0,4,10:14 PM,1:11,Bosh REBOUND (Off:0 Def:4),,,,,4.0,2547,Chris Bosh,1610612748.0,Miami,Heat,MIA,0,0,,,,,,0,0,,,,,
0021500390,462,2,1,4,10:14 PM,1:04,MISS Deng 26' 3PT Jump Shot,,Johnson BLOCK (1 BLK),,,4.0,2736,Luol Deng,1610612748.0,Miami,Heat,MIA,0,0,,,,,,5,201949,James Johnson,1610612761.0,Toronto,Raptors,TOR
0021500390,463,4,0,4,10:14 PM,1:03,,,Patterson REBOUND (Off:0 Def:7),,,5.0,202335,Patrick Patterson,1610612761.0,Toronto,Raptors,TOR,0,0,,,,,,0,0,,,,,
0021500390,464,6,2,4,10:14 PM,0:57,Bosh S.FOUL (P4.PN) (J.Phillips),,,,,4.0,2547,Chris Bosh,1610612748.0,Miami,Heat,MIA,5,200768,Kyle Lowry,1610612761.0,Toronto,Raptors,TOR,1,0,,,,,
0021500390,465,3,11,4,10:14 PM,0:57,,,Lowry Free Throw 1 of 2 (18 PTS),105 - 94,-11,5.0,200768,Kyle Lowry,1610612761.0,Toronto,Raptors,TOR,0,0,,,,,,0,0,,,,,
0021500390,467,3,12,4,10:14 PM,0:57,,,Lowry Free Throw 2 of 2 (19 PTS),106 - 94,-12,5.0,200768,Kyle Lowry,1610612761.0,Toronto,Raptors,TOR,0,0,,,,,,0,0,,,,,
0021500390,469,9,2,4,10:15 PM,0:57,HEAT Timeout: Short (Full 5 Short 2),,,,,2.0,1610612748,,,,,,0,0,,,,,,0,0,,,,,
0021500390,473,2,1,4,10:16 PM,0:51,MISS Green 24' 3PT Jump Shot,,,,,4.0,101123,Gerald Green,1610612748.0,Miami,Heat,MIA,0,0,,,,,,0,0,,,,,
0021500390,474,4,0,4,10:16 PM,0:50,,,Patterson REBOUND (Off:0 Def:8),,,5.0,202335,Patrick Patterson,1610612761.0,Toronto,Raptors,TOR,0,0,,,,,,0,0,,,,,
0021500390,475,9,2,4,10:16 PM,0:45,,,Raptors Timeout: Short (Reg.3 Short 1),,,3.0,1610612761,,,,,,0,0,,,,,,0,0,,,,,
0021500390,479,1,42,4,10:18 PM,0:32,,,Lowry 2' Driving Layup (21 PTS),108 - 94,-14,5.0,200768,Kyle Lowry,1610612761.0,Toronto,Raptors,TOR,0,0,,,,,,0,0,,,,,
0021500390,480,2,1,4,10:18 PM,0:21,MISS Bosh  3PT Jump Shot,,,,,4.0,2547,Chris Bosh,1610612748.0,Miami,Heat,MIA,0,0,,,,,,0,0,,,,,
0021500390,481,4,0,4,10:18 PM,0:20,,,DeRozan REBOUND (Off:0 Def:4),,,5.0,201942,DeMar DeRozan,1610612761.0,Toronto,Raptors,TOR,0,0,,,,,,0,0,,,,,
0021500390,482,13,0,4,10:18 PM,0:00,,,,108 - 94,-14,0.0,0,,,,,,0,0,,,,,,0,0,,,,,
