GAME_ID,EVENTNUM,EVENTMSGTYPE,EVENTMSGACTIONTYPE,PERIOD,WCTIMESTRING,PCTIMESTRING,HOMEDESCRIPTION,NEUTRALDESCRIPTION,VISITORDESCRIPTION,SCORE,SCOREMARGIN,PERSON1TYPE,PLAYER1_ID,PLAYER1_NAME,PLAYER1_TEAM_ID,PLAYER1_TEAM_CITY,PLAYER1_TEAM_NICKNAME,PLAYER1_TEAM_ABBREVIATION,PERSON2TYPE,PLAYER2_ID,PLAYER2_NAME,PLAYER2_TEAM_ID,PLAYER2_TEAM_CITY,PLAYER2_TEAM_NICKNAME,PLAYER2_TEAM_ABBREVIATION,PERSON3TYPE,PLAYER3_ID,PLAYER3_NAME,PLAYER3_TEAM_ID,PLAYER3_TEAM_CITY,PLAYER3_TEAM_NICKNAME,PLAYER3_TEAM_ABBREVIATION
0021500296,0,12,0,1,8:41 PM,12:00,,,,,,0.0,0,,,,,,0,0,,,,,,0,0,,,,,
0021500296,1,10,0,1,8:41 PM,12:00,Jump Ball Duncan vs. Johnson: Tip to Crowder,,,,,4.0,1495,Tim Duncan,1610612759.0,San Antonio,Spurs,SAS,5,101161,Amir Johnson,1610612738.0,Boston,Celtics,BOS,5,203109,Jae Crowder,1610612738.0,Boston,Celtics,BOS
0021500296,2,1,1,1,8:41 PM,11:46,,,Bradley 19' Jump Shot (2 PTS) (Crowder 1 AST),2 - 0,-2,5.0,202340,Avery Bradley,1610612738.0,Boston,Celtics,BOS,5,203109,Jae Crowder,1610612738.0,Boston,Celtics,BOS,0,0,,,,,
0021500296,3,2,1,1,8:41 PM,11:30,MISS Aldridge 6' Jump Shot,,,,,4.0,200746,LaMarcus Aldridge,1610612759.0,San Antonio,Spurs,SAS,0,0,,,,,,0,0,,,,,
0021500296,4,4,0,1,8:41 PM,11:29,,,Thomas REBOUND (Off:0 Def:1),,,5.0,202738,Isaiah Thomas,1610612738.0,Boston,Celtics,BOS,0,0,,,,,,0,0,,,,,
0021500296,6,1,85,1,8:41 PM,11:20,,,Bradley 20' Turnaround Bank Shot (4 PTS) (Thomas 1 AST),4 - 0,-4,5.0,202340,Avery Bradley,1610612738.0,Boston,Celtics,BOS,5,202738,Isaiah Thomas,1610612738.0,Boston,Celtics,BOS,0,0,,,,,
0021500296,7,2,1,1,8:42 PM,10:58,MISS Parker 10' Jump Shot,,,,,4.0,2225,Tony Parker,1610612759.0,San Antonio,Spurs,SAS,0,0,,,,,,0,0,,,,,
0021500296,8,4,0,1,8:42 PM,10:57,Duncan REBOUND (Off:1 Def:0),,,,,4.0,1495,Tim Duncan,1610612759.0,San Antonio,Spurs,SAS,0,0,,,,,,0,0,,,,,
0021500296,9,2,1,1,8:42 PM,10:44,MISS Green 9' Jump Shot,,,,,4.0,201980,Danny Green,1610612759.0,San Antonio,Spurs,SAS,0,0,,,,,,0,0,,,,,
0021500296,10,4,0,1,8:42 PM,10:43,,,Johnson REBOUND (Off:0 Def:1),,,5.0,101161,Amir Johnson,1610612738.0,Boston,Celtics,BOS,0,0,,,,,,0,0,,,,,
0021500296,11,2,1,1,8:42 PM,10:32,Duncan BLOCK (1 BLK),,MISS Bradley 20' Jump Shot,,,5.0,202340,Avery Bradley,1610612738.0,Boston,Celtics,BOS,0,0,,,,,,4,1495,Tim Duncan,1610612759.0,San Antonio,Spurs,SAS
0021500296,12,4,0,1,8:42 PM,10:30,Leonard REBOUND (Off:0 Def:1),,,,,4.0,202695,Kawhi Leonard,1610612759.0,San Antonio,Spurs,SAS,0,0,,,,,,0,0,,,,,
0021500296,13,6,1,1,8:43 PM,10:14,,,Johnson P.FOUL (P1.T1) (T.Washington),,,5.0,101161,Amir Johnson,1610612738.0,Boston,Celtics,BOS,4,200746,LaMarcus Aldridge,1610612759.0,San Antonio,Spurs,SAS,1,0,,,,,
0021500296,14,1,1,1,8:43 PM,10:07,Green 22' Jump Shot (2 PTS) (Parker 1 AST),,,4 - 2,-2,4.0,201980,Danny Green,1610612759.0,San Antonio,Spurs,SAS,4,2225,Tony Parker,1610612759.0,San Antonio,Spurs,SAS,0,0,,,,,
0021500296,16,1,1,1,8:43 PM,9:52,,,Bradley 26' 3PT Jump Shot (7 PTS) (Sullinger 1 AST),7 - 2,-5,5.0,202340,Avery Bradley,1610612738.0,Boston,Celtics,BOS,5,203096,Jared Sullinger,1610612738.0,Boston,Celtics,BOS,0,0,,,,,
0021500296,17,1,1,1,8:44 PM,9:35,Aldridge 19' Jump Shot (2 PTS) (Parker 2 AST),,,7 - 4,-3,4.0,200746,LaMarcus Aldridge,1610612759.0,San Antonio,Spurs,SAS,4,2225,Tony Parker,1610612759.0,San Antonio,Spurs,SAS,0,0,,,,,
0021500296,18,2,1,1,8:44 PM,9:20,,,MISS Sullinger 27' 3PT Jump Shot,,,5.0,203096,Jared Sullinger,1610612738.0,Boston,Celtics,BOS,0,0,,,,,,0,0,,,,,
0021500296,19,4,0,1,8:44 PM,9:18,,,Johnson REBOUND (Off:1 Def:1),,,5.0,101161,Amir Johnson,1610612738.0,Boston,Celtics,BOS,0,0,,,,,,0,0,,,,,
0021500296,20,2,5,1,8:44 PM,9:16,,,MISS Johnson 2' Layup,,,5.0,101161,Amir Johnson,1610612738.0,Boston,Celtics,BOS,0,0,,,,,,0,0,,,,,
0021500296,21,4,0,1,8:44 PM,9:15,Duncan REBOUND (Off:1 Def:1),,,,,4.0,1495,Tim Duncan,1610612759.0,San Antonio,Spurs,SAS,0,0,,,,,,0,0,,,,,
0021500296,22,2,5,1,8:44 PM,9:05,MISS Parker 3' Layup,,Sullinger BLOCK (1 BLK),,,4.0,2225,Tony Parker,1610612759.0,San Antonio,Spurs,SAS,0,0,,,,,,5,203096,Jared Sullinger,1610612738.0,Boston,Celtics,BOS
0021500296,23,4,0,1,8:44 PM,9:02,,,Bradley REBOUND (Off:0 Def:1),,,5.0,202340,Avery Bradley,1610612738.0,Boston,Celtics,BOS,0,0,,,,,,0,0,,,,,
0021500296,24,1,1,1,8:44 PM,8:53,,,Johnson 24' 3PT Jump Shot (3 PTS) (Thomas 2 AST),10 - 4,-6,5.0,101161,Amir Johnson,1610612738.0,Boston,Celtics,BOS,5,202738,Isaiah Thomas,1610612738.0,Boston,Celtics,BOS,0,0,,,,,
0021500296,25,2,1,1,8:44 PM,8:39,MISS Leonard 12' Jump Shot,,,,,4.0,202695,Kawhi Leonard,1610612759.0,San Antonio,Spurs,SAS,0,0,,,,,,0,0,,,,,
0021500296,26,4,0,1,8:44 PM,8:38,,,Crowder REBOUND (Off:0 Def:1),,,5.0,203109,Jae Crowder,1610612738.0,Boston,Celtics,BOS,0,0,,,,,,0,0,,,,,
0021500296,27,2,1,1,8:45 PM,8:22,,,MISS Johnson 25' 3PT Jump Shot,,,5.0,101161,Amir Johnson,1610612738.0,Boston,Celtics,BOS,0,0,,,,,,0,0,,,,,
0021500296,28,4,0,1,8:45 PM,8:21,Parker REBOUND (Off:0 Def:1),,,,,4.0,2225,Tony Parker,1610612759.0,San Antonio,Spurs,SAS,0,0,,,,,,0,0,,,,,
0021500296,29,5,1,1,8:45 PM,8:09,Duncan Bad Pass Turnover (P1.T1),,Thomas STEAL (1 STL),,,4.0,1495,Tim Duncan,1610612759.0,San Antonio,Spurs,SAS,5,202738,Isaiah Thomas,1610612738.0,Boston,Celtics,BOS,0,0,,,,,
0021500296,30,5,1,1,8:45 PM,8:05,Leonard STEAL (1 STL),,Crowder Bad Pass Turnover (P1.T1),,,5.0,203109,Jae Crowder,1610612738.0,Boston,Celtics,BOS,4,202695,Kawhi Leonard,1610612759.0,San Antonio,Spurs,SAS,0,0,,,,,
0021500296,31,1,43,1,8:45 PM,7:56,Aldridge 3' Alley Oop Layup (4 PTS) (Parker 3 AST),,,10 - 6,-4,4.0,200746,LaMarcus Aldridge,1610612759.0,San Antonio,Spurs,SAS,4,2225,Tony Parker,1610612759.0,San Antonio,Spurs,SAS,0,0,,,,,
0021500296,32,1,1,1,8:45 PM,7:39,,,Thomas 19' Jump Shot (2 PTS) (Sullinger 2 AST),12 - 6,-6,5.0,202738,Isaiah Thomas,1610612738.0,Boston,Celtics,BOS,5,203096,Jared Sullinger,1610612738.0,Boston,Celtics,BOS,0,0,,,,,
0021500296,33,9,1,1,8:46 PM,7:38,SPURS Timeout: Regular (Full 1 Short 0),,,,,2.0,1610612759,,,,,,0,0,,,,,,0,0,,,,,
0021500296,35,1,79,1,8:48 PM,7:20,Green 12' Pullup Jump Shot (4 PTS) (Leonard 1 AST),,,12 - 8,-4,4.0,201980,Danny Green,1610612759.0,San Antonio,Spurs,SAS,4,202695,Kawhi Leonard,1610612759.0,San Antonio,Spurs,SAS,0,0,,,,,
0021500296,36,2,1,1,8:48 PM,7:06,,,MISS Thomas 12' Jump Shot,,,5.0,202738,Isaiah Thomas,1610612738.0,Boston,Celtics,BOS,0,0,,,,,,0,0,,,,,
0021500296,37,4,0,1,8:48 PM,7:05,Aldridge REBOUND (Off:0 Def:1),,,,,4.0,200746,LaMarcus Aldridge,1610612759.0,San Antonio,Spurs,SAS,0,0,,,,,,0,0,,,,,
0021500296,38,2,1,1,8:49 PM,6:52,MISS Duncan 7' Jump Shot,,,,,4.0,1495,Tim Duncan,1610612759.0,San Antonio,Spurs,SAS,0,0,,,,,,0,0,,,,,
0021500296,39,4,0,1,8:49 PM,6:50,,,Sullinger REBOUND (Off:0 Def:1),,,5.0,203096,Jared Sullinger,1610612738.0,Boston,Celtics,BOS,0,0,,,,,,0,0,,,,,
0021500296,41,1,1,1,8:49 PM,6:37,,,Bradley 18' Jump Shot (9 PTS) (Johnson 1 AST),14 - 8,-6,5.0,202340,Avery Bradley,1610612738.0,Boston,Celtics,BOS,5,101161,Amir Johnson,1610612738.0,Boston,Celtics,BOS,0,0,,,,,
0021500296,42,5,1,1,8:50 PM,6:16,Parker Bad Pass Turnover (P1.T2),,Thomas STEAL (2 STL),,,4.0,2225,Tony Parker,1610612759.0,San Antonio,Spurs,SAS,5,202738,Isaiah Thomas,1610612738.0,Boston,Celtics,BOS,0,0,,,,,
0021500296,43,1,5,1,8:50 PM,6:11,,,Crowder 2' Layup (2 PTS) (Thomas 3 AST),16 - 8,-8,5.0,203109,Jae Crowder,1610612738.0,Boston,Celtics,BOS,5,202738,Isaiah Thomas,1610612738.0,Boston,Celtics,BOS,0,0,,,,,
0021500296,44,2,1,1,8:50 PM,6:03,MISS Leonard 6' Jump Shot,,Johnson BLOCK (1 BLK),,,4.0,202695,Kawhi Leonard,1610612759.0,San Antonio,Spurs,SAS,0,0,,,,,,5,101161,Amir Johnson,1610612738.0,Boston,Celtics,BOS
0021500296,45,4,0,1,8:50 PM,5:59,,,Johnson REBOUND (Off:1 Def:2),,,5.0,101161,Amir Johnson,1610612738.0,Boston,Celtics,BOS,0,0,,,,,,0,0,,,,,
0021500296,46,1,5,1,8:50 PM,5:57,,,Johnson 2' Layup (5 PTS) (Thomas 4 AST),18 - 8,-10,5.0,101161,Amir Johnson,1610612738.0,Boston,Celtics,BOS,5,202738,Isaiah Thomas,1610612738.0,Boston,Celtics,BOS,0,0,,,,,
0021500296,47,9,2,1,8:50 PM,5:57,SPURS Timeout: Short (Full 1 Short 1),,,,,2.0,1610612759,,,,,,0,0,,,,,,0,0,,,,,
0021500296,48,8,0,1,8:50 PM,5:57,SUB: Mills FOR Parker,,,,,4.0,2225,Tony Parker,1610612759.0,San Antonio,Spurs,SAS,4,201988,Patty Mills,1610612759.0,San Antonio,Spurs,SAS,0,0,,,,,
0021500296,49,8,0,1,8:51 PM,5:57,SUB: Diaw FOR Duncan,,,,,4.0,1495,Tim Duncan,1610612759.0,San Antonio,Spurs,SAS,4,2564,Boris Diaw,1610612759.0,San Antonio,Spurs,SAS,0,0,,,,,
0021500296,50,8,0,1,8:51 PM,5:57,SUB: Ginobili FOR Green,,,,,4.0,201980,Danny Green,1610612759.0,San Antonio,Spurs,SAS,4,1938,Manu Ginobili,1610612759.0,San Antonio,Spurs,SAS,0,0,,,,,
0021500296,52,8,0,1,8:51 PM,5:57,,,SUB: Turner FOR Thomas,,,5.0,202738,Isaiah Thomas,1610612738.0,Boston,Celtics,BOS,5,202323,Evan Turner,1610612738.0,Boston,Celtics,BOS,0,0,,,,,
0021500296,53,1,5,1,8:51 PM,5:43,Diaw 3' Layup (2 PTS),,,18 - 10,-8,4.0,2564,Boris Diaw,1610612759.0,San Antonio,Spurs,SAS,0,0,,,,,,0,0,,,,,
0021500296,54,6,4,1,8:52 PM,5:29,,,Johnson OFF.Foul (P2) (T.Washington),,,5.0,101161,Amir Johnson,1610612738.0,Boston,Celtics,BOS,4,202695,Kawhi Leonard,1610612759.0,San Antonio,Spurs,SAS,1,0,,,,,
0021500296,55,5,5,1,8:52 PM,5:29,,,Johnson Foul Turnover (P1.T2),,,5.0,101161,Amir Johnson,1610612738.0,Boston,Celtics,BOS,0,0,,,,,,1,0,,,,,
0021500296,56,5,2,1,8:52 PM,5:18,Aldridge Lost Ball Turnover (P1.T3),,Bradley STEAL (1 STL),,,4.0,200746,LaMarcus Aldridge,1610612759.0,San Antonio,Spurs,SAS,5,202340,Avery Bradley,1610612738.0,Boston,Celtics,BOS,0,0,,,,,
0021500296,57,5,1,1,8:52 PM,5:14,,,Bradley Bad Pass Turnover (P1.T3),,,5.0,202340,Avery Bradley,1610612738.0,Boston,Celtics,BOS,0,0,,,,,,1,0,,,,,
0021500296,58,8,0,1,8:52 PM,5:14,,,SUB: Olynyk FOR Johnson,,,5.0,101161,Amir Johnson,1610612738.0,Boston,Celtics,BOS,5,203482,Kelly Olynyk,1610612738.0,Boston,Celtics,BOS,0,0,,,,,
0021500296,59,1,57,1,8:53 PM,5:01,Aldridge 7' Driving Hook Shot (6 PTS),,,18 - 12,-6,4.0,200746,LaMarcus Aldridge,1610612759.0,San Antonio,Spurs,SAS,0,0,,,,,,0,0,,,,,
0021500296,60,5,1,1,8:53 PM,4:38,Leonard STEAL (2 STL),,Turner Bad Pass Turnover (P1.T4),,,5.0,202323,Evan Turner,1610612738.0,Boston,Celtics,BOS,4,202695,Kawhi Leonard,1610612759.0,San Antonio,Spurs,SAS,0,0,,,,,
0021500296,61,5,2,1,8:53 PM,4:35,Leonard Lost Ball Turnover (P1.T4),,Crowder STEAL (1 STL),,,4.0,202695,Kawhi Leonard,1610612759.0,San Antonio,Spurs,SAS,5,203109,Jae Crowder,1610612738.0,Boston,Celtics,BOS,0,0,,,,,
0021500296,62,1,1,1,8:53 PM,4:30,,,Bradley 26' 3PT Jump Shot (12 PTS),21 - 12,-9,5.0,202340,Avery Bradley,1610612738.0,Boston,Celtics,BOS,0,0,,,,,,0,0,,,,,
0021500296,63,1,1,1,8:53 PM,4:17,Leonard 26' 3PT Jump Shot (3 PTS) (Diaw 1 AST),,,21 - 15,-6,4.0,202695,Kawhi Leonard,1610612759.0,San Antonio,Spurs,SAS,4,2564,Boris Diaw,1610612759.0,San Antonio,Spurs,SAS,0,0,,,,,
0021500296,64,5,1,1,8:54 PM,4:02,,,Bradley Bad Pass Turnover (P2.T5),,,5.0,202340,Avery Bradley,1610612738.0,Boston,Celtics,BOS,0,0,,,,,,0,0,,,,,
0021500296,65,2,1,1,8:54 PM,3:49,MISS Aldridge 18' Jump Shot,,,,,4.0,200746,LaMarcus Aldridge,1610612759.0,San Antonio,Spurs,SAS,0,0,,,,,,0,0,,,,,
0021500296,66,4,0,1,8:54 PM,3:47,Diaw REBOUND (Off:1 Def:0),,,,,4.0,2564,Boris Diaw,1610612759.0,San Antonio,Spurs,SAS,0,0,,,,,,0,0,,,,,
0021500296,67,2,1,1,8:54 PM,3:43,MISS Ginobili 25' 3PT Jump Shot,,,,,4.0,1938,Manu Ginobili,1610612759.0,San Antonio,Spurs,SAS,0,0,,,,,,0,0,,,,,
0021500296,68,4,0,1,8:54 PM,3:41,,,Olynyk REBOUND (Off:0 Def:1),,,5.0,203482,Kelly Olynyk,1610612738.0,Boston,Celtics,BOS,0,0,,,,,,0,0,,,,,
0021500296,69,2,1,1,8:54 PM,3:35,,,MISS Turner 27' 3PT Jump Shot,,,5.0,202323,Evan Turner,1610612738.0,Boston,Celtics,BOS,0,0,,,,,,0,0,,,,,
0021500296,70,4,0,1,8:54 PM,3:34,Leonard REBOUND (Off:0 Def:2),,,,,4.0,202695,Kawhi Leonard,1610612759.0,San Antonio,Spurs,SAS,0,0,,,,,,0,0,,,,,
0021500296,71,1,1,1,8:54 PM,3:25,Leonard 25' 3PT Jump Shot (6 PTS),,,21 - 18,-3,4.0,202695,Kawhi Leonard,1610612759.0,San Antonio,Spurs,SAS,0,0,,,,,,0,0,,,,,
0021500296,72,9,1,1,8:54 PM,3:25,,,Celtics Timeout: Regular (Reg.1 Short 0),,,3.0,1610612738,,,,,,0,0,,,,,,0,0,,,,,
0021500296,74,8,0,1,8:57 PM,3:25,SUB: West FOR Aldridge,,,,,4.0,200746,LaMarcus Aldridge,1610612759.0,San Antonio,Spurs,SAS,4,2561,David West,1610612759.0,San Antonio,Spurs,SAS,0,0,,,,,
0021500296,75,8,0,1,8:57 PM,3:25,,,SUB: Jerebko FOR Sullinger,,,5.0,203096,Jared Sullinger,1610612738.0,Boston,Celtics,BOS,5,201973,Jonas Jerebko,1610612738.0,Boston,Celtics,BOS,0,0,,,,,
0021500296,76,2,80,1,8:57 PM,3:05,,,MISS Olynyk 6' Step Back Jump Shot,,,5.0,203482,Kelly Olynyk,1610612738.0,Boston,Celtics,BOS,0,0,,,,,,0,0,,,,,
0021500296,77,4,0,1,8:57 PM,3:04,West REBOUND (Off:0 Def:1),,,,,4.0,2561,David West,1610612759.0,San Antonio,Spurs,SAS,0,0,,,,,,0,0,,,,,
0021500296,80,6,1,1,8:58 PM,2:52,,,Olynyk P.FOUL (P1.T2) (T.Washington),,,5.0,203482,Kelly Olynyk,1610612738.0,Boston,Celtics,BOS,4,2561,David West,1610612759.0,San Antonio,Spurs,SAS,1,0,,,,,
0021500296,81,3,11,1,8:58 PM,2:52,West Free Throw 1 of 2 (1 PTS),,,21 - 19,-2,4.0,2561,David West,1610612759.0,San Antonio,Spurs,SAS,0,0,,,,,,0,0,,,,,
0021500296,83,3,12,1,8:58 PM,2:52,MISS West Free Throw 2 of 2,,,,,4.0,2561,David West,1610612759.0,San Antonio,Spurs,SAS,0,0,,,,,,0,0,,,,,
0021500296,85,4,0,1,8:58 PM,2:50,,,Olynyk REBOUND (Off:0 Def:2),,,5.0,203482,Kelly Olynyk,1610612738.0,Boston,Celtics,BOS,0,0,,,,,,0,0,,,,,
0021500296,86,1,80,1,8:59 PM,2:32,,,Turner 12' Step Back Jump Shot (2 PTS),23 - 19,-4,5.0,202323,Evan Turner,1610612738.0,Boston,Celtics,BOS,0,0,,,,,,0,0,,,,,
0021500296,87,2,1,1,8:59 PM,2:13,MISS Mills 25' 3PT Jump Shot,,,,,4.0,201988,Patty Mills,1610612759.0,San Antonio,Spurs,SAS,0,0,,,,,,0,0,,,,,
0021500296,89,4,0,1,8:59 PM,2:12,West REBOUND (Off:1 Def:1),,,,,4.0,2561,David West,1610612759.0,San Antonio,Spurs,SAS,0,0,,,,,,0,0,,,,,
0021500296,88,1,97,1,8:59 PM,2:12,West 2' Tip Layup Shot (3 PTS),,,23 - 21,-2,4.0,2561,David West,1610612759.0,San Antonio,Spurs,SAS,0,0,,,,,,0,0,,,,,
0021500296,90,2,1,1,8:59 PM,1:58,,,MISS Turner 16' Jump Shot,,,5.0,202323,Evan Turner,1610612738.0,Boston,Celtics,BOS,0,0,,,,,,0,0,,,,,
0021500296,91,4,0,1,8:59 PM,1:56,West REBOUND (Off:1 Def:2),,,,,4.0,2561,David West,1610612759.0,San Antonio,Spurs,SAS,0,0,,,,,,0,0,,,,,
0021500296,92,1,1,1,8:59 PM,1:42,West 12' Jump Shot (5 PTS) (Diaw 2 AST),,,23 - 23,TIE,4.0,2561,David West,1610612759.0,San Antonio,Spurs,SAS,4,2564,Boris Diaw,1610612759.0,San Antonio,Spurs,SAS,0,0,,,,,
0021500296,93,1,1,1,9:00 PM,1:28,,,Olynyk 20' Jump Shot (2 PTS) (Jerebko 1 AST),25 - 23,-2,5.0,203482,Kelly Olynyk,1610612738.0,Boston,Celtics,BOS,5,201973,Jonas Jerebko,1610612738.0,Boston,Celtics,BOS,0,0,,,,,
0021500296,94,1,1,1,9:00 PM,1:07,Diaw 26' 3PT Jump Shot (5 PTS) (Ginobili 1 AST),,,25 - 26,1,4.0,2564,Boris Diaw,1610612759.0,San Antonio,Spurs,SAS,4,1938,Manu Ginobili,1610612759.0,San Antonio,Spurs,SAS,0,0,,,,,
0021500296,95,2,1,1,9:00 PM,0:52,,,MISS Olynyk 8' Jump Shot,,,5.0,203482,Kelly Olynyk,1610612738.0,Boston,Celtics,BOS,0,0,,,,,,0,0,,,,,
0021500296,96,4,0,1,9:00 PM,0:51,West REBOUND (Off:1 Def:3),,,,,4.0,2561,David West,1610612759.0,San Antonio,Spurs,SAS,0,0,,,,,,0,0,,,,,
0021500296,97,1,5,1,9:00 PM,0:41,West 2' Layup (7 PTS) (Leonard 2 AST),,,25 - 28,3,4.0,2561,David West,1610612759.0,San Antonio,Spurs,SAS,4,202695,Kawhi Leonard,1610612759.0,San Antonio,Spurs,SAS,0,0,,,,,
0021500296,98,6,2,1,9:00 PM,0:41,,,Crowder S.FOUL (P1.T3) (D.Collins),,,5.0,203109,Jae Crowder,1610612738.0,Boston,Celtics,BOS,4,2561,David West,1610612759.0,San Antonio,Spurs,SAS,1,0,,,,,
0021500296,99,8,0,1,9:01 PM,0:41,,,SUB: Thomas FOR Crowder,,,5.0,203109,Jae Crowder,1610612738.0,Boston,Celtics,BOS,5,202738,Isaiah Thomas,1610612738.0,Boston,Celtics,BOS,0,0,,,,,
0021500296,100,8,0,1,9:01 PM,0:41,SUB: Green FOR Leonard,,,,,4.0,202695,Kawhi Leonard,1610612759.0,San Antonio,Spurs,SAS,4,201980,Danny Green,1610612759.0,San Antonio,Spurs,SAS,0,0,,,,,
0021500296,101,3,10,1,9:01 PM,0:41,West Free Throw 1 of 1 (8 PTS),,,25 - 29,4,4.0,2561,David West,1610612759.0,San Antonio,Spurs,SAS,0,0,,,,,,0,0,,,,,
0021500296,103,2,1,1,9:01 PM,0:32,,,MISS Jerebko 25' 3PT Jump Shot,,,5.0,201973,Jonas Jerebko,1610612738.0,Boston,Celtics,BOS,0,0,,,,,,0,0,,,,,
0021500296,104,4,0,1,9:02 PM,0:31,Mills REBOUND (Off:0 Def:1),,,,,4.0,201988,Patty Mills,1610612759.0,San Antonio,Spurs,SAS,0,0,,,,,,0,0,,,,,
0021500296,105,2,1,1,9:02 PM,0:08,MISS Diaw  3PT Jump Shot,,,,,4.0,2564,Boris Diaw,1610612759.0,San Antonio,Spurs,SAS,0,0,,,,,,0,0,,,,,
0021500296,106,4,0,1,9:02 PM,0:07,,,Thomas REBOUND (Off:0 Def:2),,,5.0,202738,Isaiah Thomas,1610612738.0,Boston,Celtics,BOS,0,0,,,,,,0,0,,,,,
0021500296,107,6,1,1,9:02 PM,0:02,Green P.FOUL (P1.T1) (G.Petraitis),,,,,4.0,201980,Danny Green,1610612759.0,San Antonio,Spurs,SAS,5,202738,Isaiah Thomas,1610612738.0,Boston,Celtics,BOS,1,0,,,,,
0021500296,108,1,5,1,9:02 PM,0:00,,,Olynyk 2' Layup (4 PTS) (Turner 1 AST),27 - 29,2,5.0,203482,Kelly Olynyk,1610612738.0,Boston,Celtics,BOS,5,202323,Evan Turner,1610612738.0,Boston,Celtics,BOS,0,0,,,,,
0021500296,109,13,0,1,9:03 PM,0:00,,,,27 - 29,2,0.0,0,,,,,,0,0,,,,,,0,0,,,,,
0021500296,111,12,0,2,9:05 PM,12:00,,,,27 - 29,2,0.0,0,,,,,,0,0,,,,,,0,0,,,,,
0021500296,112,1,42,2,9:06 PM,11:43,Ginobili 2' Driving Layup (2 PTS) (Mills 1 AST),,,27 - 31,4,4.0,1938,Manu Ginobili,1610612759.0,San Antonio,Spurs,SAS,4,201988,Patty Mills,1610612759.0,San Antonio,Spurs,SAS,0,0,,,,,
0021500296,113,2,1,2,9:06 PM,11:27,,,MISS Jerebko 7' Jump Shot,,,5.0,201973,Jonas Jerebko,1610612738.0,Boston,Celtics,BOS,0,0,,,,,,0,0,,,,,
0021500296,114,4,0,2,9:06 PM,11:25,Mills REBOUND (Off:0 Def:2),,,,,4.0,201988,Patty Mills,1610612759.0,San Antonio,Spurs,SAS,0,0,,,,,,0,0,,,,,
0021500296,115,2,1,2,9:06 PM,11:12,MISS Diaw 9' Jump Shot,,,,,4.0,2564,Boris Diaw,1610612759.0,San Antonio,Spurs,SAS,0,0,,,,,,0,0,,,,,
0021500296,116,4,0,2,9:06 PM,11:12,West REBOUND (Off:2 Def:3),,,,,4.0,2561,David West,1610612759.0,San Antonio,Spurs,SAS,0,0,,,,,,0,0,,,,,
0021500296,117,6,3,2,9:06 PM,11:12,,,Zeller L.B.FOUL (P1.T1) (G.Petraitis),,,5.0,203092,Tyler Zeller,1610612738.0,Boston,Celtics,BOS,4,2561,David West,1610612759.0,San Antonio,Spurs,SAS,1,0,,,,,
0021500296,118,8,0,2,9:06 PM,11:12,,,SUB: Hunter FOR Jerebko,,,5.0,201973,Jonas Jerebko,1610612738.0,Boston,Celtics,BOS,5,1626154,RJ Hunter,1610612738.0,Boston,Celtics,BOS,0,0,,,,,
0021500296,119,1,41,2,9:07 PM,10:56,Mills 3' Running Layup (2 PTS) (West 1 AST),,,27 - 33,6,4.0,201988,Patty Mills,1610612759.0,San Antonio,Spurs,SAS,4,2561,David West,1610612759.0,San Antonio,Spurs,SAS,0,0,,,,,
0021500296,120,1,44,2,9:07 PM,10:41,,,Olynyk 2' Reverse Layup (6 PTS),29 - 33,4,5.0,203482,Kelly Olynyk,1610612738.0,Boston,Celtics,BOS,0,0,,,,,,0,0,,,,,
0021500296,121,1,44,2,9:07 PM,10:29,Diaw 2' Reverse Layup (7 PTS),,,29 - 35,6,4.0,2564,Boris Diaw,1610612759.0,San Antonio,Spurs,SAS,0,0,,,,,,0,0,,,,,
0021500296,122,7,5,2,9:07 PM,10:22,West Violation:Kicked Ball (D.Collins),,,,,4.0,2561,David West,1610612759.0,San Antonio,Spurs,SAS,0,0,,,,,,1,0,,,,,
0021500296,123,8,0,2,9:08 PM,10:22,SUB: Parker FOR Mills,,,,,4.0,201988,Patty Mills,1610612759.0,San Antonio,Spurs,SAS,4,2225,Tony Parker,1610612759.0,San Antonio,Spurs,SAS,0,0,,,,,
0021500296,124,1,1,2,9:08 PM,10:13,,,Turner  3PT Jump Shot (5 PTS) (Thomas 5 AST),32 - 35,3,5.0,202323,Evan Turner,1610612738.0,Boston,Celtics,BOS,5,202738,Isaiah Thomas,1610612738.0,Boston,Celtics,BOS,0,0,,,,,
0021500296,125,6,2,2,9:08 PM,10:02,,,Olynyk S.FOUL (P2.T2) (G.Petraitis),,,5.0,203482,Kelly Olynyk,1610612738.0,Boston,Celtics,BOS,4,2564,Boris Diaw,1610612759.0,San Antonio,Spurs,SAS,1,0,,,,,
0021500296,126,3,11,2,9:08 PM,10:02,Diaw Free Throw 1 of 2 (8 PTS),,,32 - 36,4,4.0,2564,Boris Diaw,1610612759.0,San Antonio,Spurs,SAS,0,0,,,,,,0,0,,,,,
0021500296,128,8,0,2,9:09 PM,10:02,SUB: Duncan FOR West,,,,,4.0,2561,David West,1610612759.0,San Antonio,Spurs,SAS,4,1495,Tim Duncan,1610612759.0,San Antonio,Spurs,SAS,0,0,,,,,
0021500296,129,3,12,2,9:09 PM,10:02,Diaw Free Throw 2 of 2 (9 PTS),,,32 - 37,5,4.0,2564,Boris Diaw,1610612759.0,San Antonio,Spurs,SAS,0,0,,,,,,0,0,,,,,
0021500296,131,2,1,2,9:09 PM,9:43,,,MISS Thomas 24' 3PT Jump Shot,,,5.0,202738,Isaiah Thomas,1610612738.0,Boston,Celtics,BOS,0,0,,,,,,0,0,,,,,
0021500296,132,4,0,2,9:09 PM,9:42,Duncan REBOUND (Off:1 Def:2),,,,,4.0,1495,Tim Duncan,1610612759.0,San Antonio,Spurs,SAS,0,0,,,,,,0,0,,,,,
0021500296,133,2,1,2,9:09 PM,9:29,MISS Ginobili 25' 3PT Jump Shot,,,,,4.0,1938,Manu Ginobili,1610612759.0,San Antonio,Spurs,SAS,0,0,,,,,,0,0,,,,,
0021500296,134,4,0,2,9:09 PM,9:28,,,Turner REBOUND (Off:0 Def:1),,,5.0,202323,Evan Turner,1610612738.0,Boston,Celtics,BOS,0,0,,,,,,0,0,,,,,
0021500296,135,6,4,2,9:10 PM,9:21,,,Olynyk OFF.Foul (P3) (D.Collins),,,5.0,203482,Kelly Olynyk,1610612738.0,Boston,Celtics,BOS,4,1938,Manu Ginobili,1610612759.0,San Antonio,Spurs,SAS,1,0,,,,,
0021500296,136,5,5,2,9:10 PM,9:21,,,Olynyk Foul Turnover (P1.T6),,,5.0,203482,Kelly Olynyk,1610612738.0,Boston,Celtics,BOS,0,0,,,,,,1,0,,,,,
0021500296,137,8,0,2,9:10 PM,9:21,SUB: Anderson FOR Ginobili,,,,,4.0,1938,Manu Ginobili,1610612759.0,San Antonio,Spurs,SAS,4,203937,Kyle Anderson,1610612759.0,San Antonio,Spurs,SAS,0,0,,,,,
0021500296,138,8,0,2,9:10 PM,9:21,,,SUB: Sullinger FOR Olynyk,,,5.0,203482,Kelly Olynyk,1610612738.0,Boston,Celtics,BOS,5,203096,Jared Sullinger,1610612738.0,Boston,Celtics,BOS,0,0,,,,,
0021500296,139,1,58,2,9:10 PM,8:55,Anderson 10' Turnaround Hook Shot (2 PTS),,,32 - 39,7,4.0,203937,Kyle Anderson,1610612759.0,San Antonio,Spurs,SAS,0,0,,,,,,0,0,,,,,
0021500296,140,1,1,2,9:11 PM,8:46,,,Thomas 15' Jump Shot (4 PTS),34 - 39,5,5.0,202738,Isaiah Thomas,1610612738.0,Boston,Celtics,BOS,0,0,,,,,,0,0,,,,,
0021500296,141,1,1,2,9:11 PM,8:27,Diaw 9' Jump Shot (11 PTS),,,34 - 41,7,4.0,2564,Boris Diaw,1610612759.0,San Antonio,Spurs,SAS,0,0,,,,,,0,0,,,,,
0021500296,142,6,2,2,9:11 PM,8:27,,,Sullinger S.FOUL (P1.T3) (T.Washington),,,5.0,203096,Jared Sullinger,1610612738.0,Boston,Celtics,BOS,4,2564,Boris Diaw,1610612759.0,San Antonio,Spurs,SAS,1,0,,,,,
0021500296,143,9,4,2,9:11 PM,8:27,,,,,,1.0,0,,,,,,0,0,,,,,,0,0,,,,,
0021500296,145,3,10,2,9:13 PM,8:27,Diaw Free Throw 1 of 1 (12 PTS),,,34 - 42,8,4.0,2564,Boris Diaw,1610612759.0,San Antonio,Spurs,SAS,0,0,,,,,,0,0,,,,,
0021500296,147,2,1,2,9:14 PM,8:10,,,MISS Sullinger 21' Jump Shot,,,5.0,203096,Jared Sullinger,1610612738.0,Boston,Celtics,BOS,0,0,,,,,,0,0,,,,,
0021500296,148,4,0,2,9:14 PM,8:09,Green REBOUND (Off:0 Def:1),,,,,4.0,201980,Danny Green,1610612759.0,San Antonio,Spurs,SAS,0,0,,,,,,0,0,,,,,
0021500296,149,1,1,2,9:14 PM,7:47,Parker 17' Jump Shot (2 PTS),,,34 - 44,10,4.0,2225,Tony Parker,1610612759.0,San Antonio,Spurs,SAS,0,0,,,,,,0,0,,,,,
0021500296,150,6,1,2,9:14 PM,7:40,Parker P.FOUL (P1.T1) (G.Petraitis),,,,,4.0,2225,Tony Parker,1610612759.0,San Antonio,Spurs,SAS,5,202738,Isaiah Thomas,1610612738.0,Boston,Celtics,BOS,1,0,,,,,
0021500296,151,8,0,2,9:14 PM,7:40,SUB: Aldridge FOR Diaw,,,,,4.0,2564,Boris Diaw,1610612759.0,San Antonio,Spurs,SAS,4,200746,LaMarcus Aldridge,1610612759.0,San Antonio,Spurs,SAS,0,0,,,,,
0021500296,152,5,4,2,9:15 PM,7:34,,,Zeller Traveling Turnover (P1.T7),,,5.0,203092,Tyler Zeller,1610612738.0,Boston,Celtics,BOS,0,0,,,,,,1,0,,,,,
0021500296,153,2,1,2,9:15 PM,7:20,MISS Green 25' 3PT Jump Shot,,,,,4.0,201980,Danny Green,1610612759.0,San Antonio,Spurs,SAS,0,0,,,,,,0,0,,,,,
0021500296,154,4,0,2,9:15 PM,7:19,,,Thomas REBOUND (Off:0 Def:3),,,5.0,202738,Isaiah Thomas,1610612738.0,Boston,Celtics,BOS,0,0,,,,,,0,0,,,,,
0021500296,155,2,41,2,9:15 PM,7:13,,,MISS Thomas 3' Running Layup,,,5.0,202738,Isaiah Thomas,1610612738.0,Boston,Celtics,BOS,0,0,,,,,,0,0,,,,,
0021500296,157,4,0,2,9:15 PM,7:12,,,Zeller REBOUND (Off:1 Def:0),,,5.0,203092,Tyler Zeller,1610612738.0,Boston,Celtics,BOS,0,0,,,,,,0,0,,,,,
0021500296,156,2,97,2,9:15 PM,7:12,,,MISS Zeller 2' Tip Layup Shot,,,5.0,203092,Tyler Zeller,1610612738.0,Boston,Celtics,BOS,0,0,,,,,,0,0,,,,,
0021500296,158,4,0,2,9:15 PM,7:10,SPURS Rebound,,,,,2.0,1610612759,,,,,,0,0,,,,,,0,0,,,,,
0021500296,159,5,4,2,9:16 PM,7:00,Parker Traveling Turnover (P2.T5),,,,,4.0,2225,Tony Parker,1610612759.0,San Antonio,Spurs,SAS,0,0,,,,,,1,0,,,,,
0021500296,160,8,0,2,9:16 PM,7:00,,,SUB: Crowder FOR Turner,,,5.0,202323,Evan Turner,1610612738.0,Boston,Celtics,BOS,5,203109,Jae Crowder,1610612738.0,Boston,Celtics,BOS,0,0,,,,,
0021500296,161,6,1,2,9:16 PM,6:52,Parker P.FOUL (P2.T2) (G.Petraitis),,,,,4.0,2225,Tony Parker,1610612759.0,San Antonio,Spurs,SAS,5,202738,Isaiah Thomas,1610612738.0,Boston,Celtics,BOS,1,0,,,,,
0021500296,162,1,1,2,9:17 PM,6:43,,,Zeller 20' Jump Shot (2 PTS) (Hunter 1 AST),36 - 44,8,5.0,203092,Tyler Zeller,1610612738.0,Boston,Celtics,BOS,5,1626154,RJ Hunter,1610612738.0,Boston,Celtics,BOS,0,0,,,,,
0021500296,163,1,98,2,9:17 PM,6:24,Parker 3' Cutting Layup Shot (4 PTS) (Duncan 1 AST),,,36 - 46,10,4.0,2225,Tony Parker,1610612759.0,San Antonio,Spurs,SAS,4,1495,Tim Duncan,1610612759.0,San Antonio,Spurs,SAS,0,0,,,,,
0021500296,164,1,5,2,9:17 PM,6:16,,,Zeller 5' Layup (4 PTS) (Thomas 6 AST),38 - 46,8,5.0,203092,Tyler Zeller,1610612738.0,Boston,Celtics,BOS,5,202738,Isaiah Thomas,1610612738.0,Boston,Celtics,BOS,0,0,,,,,
0021500296,165,6,2,2,9:17 PM,6:16,Aldridge S.FOUL (P1.T3) (D.Collins),,,,,4.0,200746,LaMarcus Aldridge,1610612759.0,San Antonio,Spurs,SAS,5,203092,Tyler Zeller,1610612738.0,Boston,Celtics,BOS,1,0,,,,,
0021500296,166,8,0,2,9:17 PM,6:16,SUB: Leonard FOR Green,,,,,4.0,201980,Danny Green,1610612759.0,San Antonio,Spurs,SAS,4,202695,Kawhi Leonard,1610612759.0,San Antonio,Spurs,SAS,0,0,,,,,
0021500296,167,3,10,2,9:18 PM,6:16,,,MISS Zeller Free Throw 1 of 1,,,5.0,203092,Tyler Zeller,1610612738.0,Boston,Celtics,BOS,0,0,,,,,,0,0,,,,,
0021500296,169,4,0,2,9:18 PM,6:14,Aldridge REBOUND (Off:0 Def:2),,,,,4.0,200746,LaMarcus Aldridge,1610612759.0,San Antonio,Spurs,SAS,0,0,,,,,,0,0,,,,,
0021500296,170,1,1,2,9:18 PM,6:04,Duncan 18' Jump Shot (2 PTS) (Parker 4 AST),,,38 - 48,10,4.0,1495,Tim Duncan,1610612759.0,San Antonio,Spurs,SAS,4,2225,Tony Parker,1610612759.0,San Antonio,Spurs,SAS,0,0,,,,,
0021500296,171,2,1,2,9:18 PM,5:54,,,MISS Thomas 19' Jump Shot,,,5.0,202738,Isaiah Thomas,1610612738.0,Boston,Celtics,BOS,0,0,,,,,,0,0,,,,,
0021500296,172,4,0,2,9:18 PM,5:52,Anderson REBOUND (Off:0 Def:1),,,,,4.0,203937,Kyle Anderson,1610612759.0,San Antonio,Spurs,SAS,0,0,,,,,,0,0,,,,,
0021500296,173,1,1,2,9:18 PM,5:41,Aldridge 14' Jump Shot (8 PTS) (Parker 5 AST),,,38 - 50,12,4.0,200746,LaMarcus Aldridge,1610612759.0,San Antonio,Spurs,SAS,4,2225,Tony Parker,1610612759.0,San Antonio,Spurs,SAS,0,0,,,,,
0021500296,174,9,1,2,9:18 PM,5:37,,,Celtics Timeout: Regular (Reg.2 Short 0),,,3.0,1610612738,,,,,,0,0,,,,,,0,0,,,,,
0021500296,176,8,0,2,9:20 PM,5:37,,,SUB: Bradley FOR Hunter,,,5.0,1626154,RJ Hunter,1610612738.0,Boston,Celtics,BOS,5,202340,Avery Bradley,1610612738.0,Boston,Celtics,BOS,0,0,,,,,
0021500296,177,8,0,2,9:21 PM,5:37,,,SUB: Johnson FOR Zeller,,,5.0,203092,Tyler Zeller,1610612738.0,Boston,Celtics,BOS,5,101161,Amir Johnson,1610612738.0,Boston,Celtics,BOS,0,0,,,,,
0021500296,178,2,1,2,9:21 PM,5:25,,,MISS Bradley 22' Jump Shot,,,5.0,202340,Avery Bradley,1610612738.0,Boston,Celtics,BOS,0,0,,,,,,0,0,,,,,
0021500296,179,4,0,2,9:21 PM,5:24,,,Sullinger REBOUND (Off:1 Def:1),,,5.0,203096,Jared Sullinger,1610612738.0,Boston,Celtics,BOS,0,0,,,,,,0,0,,,,,
0021500296,180,1,1,2,9:21 PM,5:19,,,Crowder 25' 3PT Jump Shot (5 PTS) (Sullinger 3 AST),41 - 50,9,5.0,203109,Jae Crowder,1610612738.0,Boston,Celtics,BOS,5,203096,Jared Sullinger,1610612738.0,Boston,Celtics,BOS,0,0,,,,,
0021500296,181,1,1,2,9:21 PM,4:59,Aldridge 16' Jump Shot (10 PTS),,,41 - 52,11,4.0,200746,LaMarcus Aldridge,1610612759.0,San Antonio,Spurs,SAS,0,0,,,,,,0,0,,,,,
0021500296,182,2,1,2,9:22 PM,4:37,,,MISS Johnson 25' 3PT Jump Shot,,,5.0,101161,Amir Johnson,1610612738.0,Boston,Celtics,BOS,0,0,,,,,,0,0,,,,,
0021500296,183,4,0,2,9:22 PM,4:36,Duncan REBOUND (Off:1 Def:3),,,,,4.0,1495,Tim Duncan,1610612759.0,San Antonio,Spurs,SAS,0,0,,,,,,0,0,,,,,
0021500296,184,5,4,2,9:22 PM,4:32,Parker Traveling Turnover (P3.T6),,,,,4.0,2225,Tony Parker,1610612759.0,San Antonio,Spurs,SAS,0,0,,,,,,1,0,,,,,
0021500296,185,5,1,2,9:22 PM,4:19,Anderson STEAL (1 STL),,Sullinger Bad Pass Turnover (P1.T8),,,5.0,203096,Jared Sullinger,1610612738.0,Boston,Celtics,BOS,4,203937,Kyle Anderson,1610612759.0,San Antonio,Spurs,SAS,0,0,,,,,
0021500296,186,2,44,2,9:22 PM,3:59,MISS Aldridge 3' Reverse Layup,,,,,4.0,200746,LaMarcus Aldridge,1610612759.0,San Antonio,Spurs,SAS,0,0,,,,,,0,0,,,,,
0021500296,187,4,0,2,9:22 PM,3:58,,,Sullinger REBOUND (Off:1 Def:2),,,5.0,203096,Jared Sullinger,1610612738.0,Boston,Celtics,BOS,0,0,,,,,,0,0,,,,,
0021500296,189,8,0,2,9:23 PM,3:53,,,SUB: Turner FOR Thomas,,,5.0,202738,Isaiah Thomas,1610612738.0,Boston,Celtics,BOS,5,202323,Evan Turner,1610612738.0,Boston,Celtics,BOS,0,0,,,,,
0021500296,190,8,0,2,9:23 PM,3:53,SUB: Ginobili FOR Anderson,,,,,4.0,203937,Kyle Anderson,1610612759.0,San Antonio,Spurs,SAS,4,1938,Manu Ginobili,1610612759.0,San Antonio,Spurs,SAS,0,0,,,,,
0021500296,191,2,1,2,9:23 PM,3:49,,,MISS Sullinger 15' Jump Shot,,,5.0,203096,Jared Sullinger,1610612738.0,Boston,Celtics,BOS,0,0,,,,,,0,0,,,,,
0021500296,192,4,0,2,9:23 PM,3:49,Duncan REBOUND (Off:1 Def:4),,,,,4.0,1495,Tim Duncan,1610612759.0,San Antonio,Spurs,SAS,0,0,,,,,,0,0,,,,,
0021500296,193,6,3,2,9:23 PM,3:49,,,Crowder L.B.FOUL (P2.T4) (D.Collins),,,5.0,203109,Jae Crowder,1610612738.0,Boston,Celtics,BOS,4,1495,Tim Duncan,1610612759.0,San Antonio,Spurs,SAS,1,0,,,,,
0021500296,194,1,1,2,9:24 PM,3:30,Aldridge 13' Jump Shot (12 PTS) (Ginobili 2 AST),,,41 - 54,13,4.0,200746,LaMarcus Aldridge,1610612759.0,San Antonio,Spurs,SAS,4,1938,Manu Ginobili,1610612759.0,San Antonio,Spurs,SAS,0,0,,,,,
0021500296,195,1,1,2,9:24 PM,3:12,,,Johnson 9' Jump Shot (7 PTS) (Crowder 2 AST),43 - 54,11,5.0,101161,Amir Johnson,1610612738.0,Boston,Celtics,BOS,5,203109,Jae Crowder,1610612738.0,Boston,Celtics,BOS,0,0,,,,,
0021500296,196,1,63,2,9:24 PM,2:49,Aldridge 15' Fadeaway Jumper (14 PTS),,,43 - 56,13,4.0,200746,LaMarcus Aldridge,1610612759.0,San Antonio,Spurs,SAS,0,0,,,,,,0,0,,,,,
0021500296,197,2,1,2,9:25 PM,2:28,,,MISS Turner 13' Jump Shot,,,5.0,202323,Evan Turner,1610612738.0,Boston,Celtics,BOS,0,0,,,,,,0,0,,,,,
0021500296,198,4,0,2,9:25 PM,2:27,,,Celtics Rebound,,,3.0,1610612738,,,,,,0,0,,,,,,0,0,,,,,
0021500296,199,6,3,2,9:25 PM,2:27,Aldridge L.B.FOUL (P2.T4) (G.Petraitis),,,,,4.0,200746,LaMarcus Aldridge,1610612759.0,San Antonio,Spurs,SAS,5,203096,Jared Sullinger,1610612738.0,Boston,Celtics,BOS,1,0,,,,,
0021500296,200,9,1,2,9:25 PM,2:27,SPURS Timeout: Regular (Full 2 Short 1),,,,,2.0,1610612759,,,,,,0,0,,,,,,0,0,,,,,
0021500296,202,8,0,2,9:27 PM,2:27,SUB: Diaw FOR Duncan,,,,,4.0,1495,Tim Duncan,1610612759.0,San Antonio,Spurs,SAS,4,2564,Boris Diaw,1610612759.0,San Antonio,Spurs,SAS,0,0,,,,,
0021500296,203,8,0,2,9:27 PM,2:27,SUB: Mills FOR Parker,,,,,4.0,2225,Tony Parker,1610612759.0,San Antonio,Spurs,SAS,4,201988,Patty Mills,1610612759.0,San Antonio,Spurs,SAS,0,0,,,,,
0021500296,204,2,1,2,9:28 PM,2:12,,,MISS Turner 16' Jump Shot,,,5.0,202323,Evan Turner,1610612738.0,Boston,Celtics,BOS,0,0,,,,,,0,0,,,,,
0021500296,205,4,0,2,9:28 PM,2:10,,,Celtics Rebound,,,3.0,1610612738,,,,,,0,0,,,,,,0,0,,,,,
0021500296,206,1,47,2,9:28 PM,2:00,,,Turner 11' Turnaround Jump Shot (7 PTS),45 - 56,11,5.0,202323,Evan Turner,1610612738.0,Boston,Celtics,BOS,0,0,,,,,,0,0,,,,,
0021500296,207,1,78,2,9:29 PM,1:31,Ginobili 17' Floating Jump Shot (4 PTS) (Diaw 3 AST),,,45 - 58,13,4.0,1938,Manu Ginobili,1610612759.0,San Antonio,Spurs,SAS,4,2564,Boris Diaw,1610612759.0,San Antonio,Spurs,SAS,0,0,,,,,
0021500296,208,1,1,2,9:29 PM,1:18,,,Turner 16' Jump Shot (9 PTS) (Sullinger 4 AST),47 - 58,11,5.0,202323,Evan Turner,1610612738.0,Boston,Celtics,BOS,5,203096,Jared Sullinger,1610612738.0,Boston,Celtics,BOS,0,0,,,,,
0021500296,209,2,1,2,9:29 PM,0:56,MISS Ginobili 26' 3PT Jump Shot,,,,,4.0,1938,Manu Ginobili,1610612759.0,San Antonio,Spurs,SAS,0,0,,,,,,0,0,,,,,
0021500296,210,4,0,2,9:29 PM,0:55,,,Johnson REBOUND (Off:1 Def:3),,,5.0,101161,Amir Johnson,1610612738.0,Boston,Celtics,BOS,0,0,,,,,,0,0,,,,,
0021500296,211,1,5,2,9:29 PM,0:51,,,Johnson 2' Layup (9 PTS),49 - 58,9,5.0,101161,Amir Johnson,1610612738.0,Boston,Celtics,BOS,0,0,,,,,,0,0,,,,,
0021500296,212,5,1,2,9:30 PM,0:27,Ginobili Bad Pass Turnover (P1.T7),,Turner STEAL (1 STL),,,4.0,1938,Manu Ginobili,1610612759.0,San Antonio,Spurs,SAS,5,202323,Evan Turner,1610612738.0,Boston,Celtics,BOS,0,0,,,,,
0021500296,213,2,5,2,9:30 PM,0:23,,,MISS Turner 1' Layup,,,5.0,202323,Evan Turner,1610612738.0,Boston,Celtics,BOS,0,0,,,,,,0,0,,,,,
0021500296,214,4,0,2,9:30 PM,0:21,,,Turner REBOUND (Off:1 Def:1),,,5.0,202323,Evan Turner,1610612738.0,Boston,Celtics,BOS,0,0,,,,,,0,0,,,,,
0021500296,215,2,1,2,9:30 PM,0:18,Aldridge BLOCK (1 BLK),,MISS Turner 9' Jump Shot,,,5.0,202323,Evan Turner,1610612738.0,Boston,Celtics,BOS,0,0,,,,,,4,200746,LaMarcus Aldridge,1610612759.0,San Antonio,Spurs,SAS
0021500296,216,4,0,2,9:30 PM,0:18,Mills REBOUND (Off:0 Def:3),,,,,4.0,201988,Patty Mills,1610612759.0,San Antonio,Spurs,SAS,0,0,,,,,,0,0,,,,,
0021500296,217,2,1,2,9:30 PM,0:01,MISS Leonard 19' Jump Shot,,,,,4.0,202695,Kawhi Leonard,1610612759.0,San Antonio,Spurs,SAS,0,0,,,,,,0,0,,,,,
0021500296,218,4,0,2,9:30 PM,0:00,SPURS Rebound,,,,,2.0,1610612759,,,,,,0,0,,,,,,0,0,,,,,
0021500296,220,13,0,2,9:31 PM,0:00,,,,49 - 58,9,0.0,0,,,,,,0,0,,,,,,0,0,,,,,
0021500296,222,12,0,3,9:46 PM,12:00,,,,49 - 58,9,0.0,0,,,,,,0,0,,,,,,0,0,,,,,
0021500296,223,2,1,3,9:46 PM,11:44,MISS Aldridge 21' Jump Shot,,,,,4.0,200746,LaMarcus Aldridge,1610612759.0,San Antonio,Spurs,SAS,0,0,,,,,,0,0,,,,,
0021500296,224,4,0,3,9:46 PM,11:43,,,Sullinger REBOUND (Off:1 Def:3),,,5.0,203096,Jared Sullinger,1610612738.0,Boston,Celtics,BOS,0,0,,,,,,0,0,,,,,
0021500296,225,7,5,3,9:47 PM,11:32,Duncan Violation:Kicked Ball (T.Washington),,,,,4.0,1495,Tim Duncan,1610612759.0,San Antonio,Spurs,SAS,0,0,,,,,,1,0,,,,,
0021500296,226,2,47,3,9:47 PM,11:21,,,MISS Johnson 7' Turnaround Jump Shot,,,5.0,101161,Amir Johnson,1610612738.0,Boston,Celtics,BOS,0,0,,,,,,0,0,,,,,
0021500296,227,4,0,3,9:47 PM,11:20,Leonard REBOUND (Off:0 Def:3),,,,,4.0,202695,Kawhi Leonard,1610612759.0,San Antonio,Spurs,SAS,0,0,,,,,,0,0,,,,,
0021500296,228,7,5,3,9:47 PM,11:17,,,Crowder Violation:Kicked Ball (G.Petraitis),,,5.0,203109,Jae Crowder,1610612738.0,Boston,Celtics,BOS,0,0,,,,,,1,0,,,,,
0021500296,229,1,78,3,9:47 PM,11:11,Parker 12' Floating Jump Shot (6 PTS),,,49 - 60,11,4.0,2225,Tony Parker,1610612759.0,San Antonio,Spurs,SAS,0,0,,,,,,0,0,,,,,
0021500296,230,6,1,3,9:48 PM,11:00,Leonard P.FOUL (P1.T1) (D.Collins),,,,,4.0,202695,Kawhi Leonard,1610612759.0,San Antonio,Spurs,SAS,5,203109,Jae Crowder,1610612738.0,Boston,Celtics,BOS,1,0,,,,,
0021500296,231,5,45,3,9:48 PM,10:57,,,Thomas Out of Bounds - Bad Pass Turnover Turnover (P1.T9),,,5.0,202738,Isaiah Thomas,1610612738.0,Boston,Celtics,BOS,0,0,,,,,,0,0,,,,,
0021500296,232,2,1,3,9:48 PM,10:37,MISS Aldridge 20' Jump Shot,,,,,4.0,200746,LaMarcus Aldridge,1610612759.0,San Antonio,Spurs,SAS,0,0,,,,,,0,0,,,,,
0021500296,233,4,0,3,9:48 PM,10:37,,,Celtics Rebound,,,3.0,1610612738,,,,,,0,0,,,,,,0,0,,,,,
0021500296,234,6,3,3,9:48 PM,10:37,Leonard L.B.FOUL (P2.T2) (D.Collins),,,,,4.0,202695,Kawhi Leonard,1610612759.0,San Antonio,Spurs,SAS,5,203096,Jared Sullinger,1610612738.0,Boston,Celtics,BOS,1,0,,,,,
0021500296,235,5,40,3,9:49 PM,10:30,,,Thomas Out of Bounds Lost Ball Turnover (P2.T10),,,5.0,202738,Isaiah Thomas,1610612738.0,Boston,Celtics,BOS,0,0,,,,,,0,0,,,,,
0021500296,236,1,46,3,9:49 PM,10:14,Duncan 5' Running Jump Shot (4 PTS) (Aldridge 1 AST),,,49 - 62,13,4.0,1495,Tim Duncan,1610612759.0,San Antonio,Spurs,SAS,4,200746,LaMarcus Aldridge,1610612759.0,San Antonio,Spurs,SAS,0,0,,,,,
0021500296,237,2,1,3,9:49 PM,10:00,,,MISS Thomas 24' 3PT Jump Shot,,,5.0,202738,Isaiah Thomas,1610612738.0,Boston,Celtics,BOS,0,0,,,,,,0,0,,,,,
0021500296,238,4,0,3,9:49 PM,9:59,,,Sullinger REBOUND (Off:2 Def:3),,,5.0,203096,Jared Sullinger,1610612738.0,Boston,Celtics,BOS,0,0,,,,,,0,0,,,,,
0021500296,239,6,2,3,9:49 PM,9:57,Aldridge S.FOUL (P3.T3) (G.Petraitis),,,,,4.0,200746,LaMarcus Aldridge,1610612759.0,San Antonio,Spurs,SAS,5,203096,Jared Sullinger,1610612738.0,Boston,Celtics,BOS,1,0,,,,,
0021500296,240,3,11,3,9:50 PM,9:57,,,Sullinger Free Throw 1 of 2 (1 PTS),50 - 62,12,5.0,203096,Jared Sullinger,1610612738.0,Boston,Celtics,BOS,0,0,,,,,,0,0,,,,,
0021500296,242,3,12,3,9:50 PM,9:57,,,Sullinger Free Throw 2 of 2 (2 PTS),51 - 62,11,5.0,203096,Jared Sullinger,1610612738.0,Boston,Celtics,BOS,0,0,,,,,,0,0,,,,,
0021500296,244,2,1,3,9:50 PM,9:42,MISS Leonard  3PT Jump Shot,,,,,4.0,202695,Kawhi Leonard,1610612759.0,San Antonio,Spurs,SAS,0,0,,,,,,0,0,,,,,
0021500296,245,4,0,3,9:50 PM,9:41,SPURS Rebound,,,,,2.0,1610612759,,,,,,0,0,,,,,,0,0,,,,,
0021500296,246,5,13,3,9:51 PM,9:34,SPURS Turnover: Backcourt (T#8),,,,,2.0,1610612759,,,,,,0,0,,,,,,1,0,,,,,
0021500296,247,6,1,3,9:51 PM,9:31,Green P.FOUL (P2.T4) (D.Collins),,,,,4.0,201980,Danny Green,1610612759.0,San Antonio,Spurs,SAS,5,202738,Isaiah Thomas,1610612738.0,Boston,Celtics,BOS,1,0,,,,,
0021500296,248,1,1,3,9:52 PM,9:24,,,Crowder 19' Jump Shot (7 PTS),53 - 62,9,5.0,203109,Jae Crowder,1610612738.0,Boston,Celtics,BOS,0,0,,,,,,0,0,,,,,
0021500296,249,2,1,3,9:52 PM,9:07,MISS Parker 21' Jump Shot,,,,,4.0,2225,Tony Parker,1610612759.0,San Antonio,Spurs,SAS,0,0,,,,,,0,0,,,,,
0021500296,250,4,0,3,9:52 PM,9:06,,,Crowder REBOUND (Off:0 Def:2),,,5.0,203109,Jae Crowder,1610612738.0,Boston,Celtics,BOS,0,0,,,,,,0,0,,,,,
0021500296,251,1,1,3,9:52 PM,9:01,,,Thomas 25' 3PT Jump Shot (7 PTS),56 - 62,6,5.0,202738,Isaiah Thomas,1610612738.0,Boston,Celtics,BOS,0,0,,,,,,0,0,,,,,
0021500296,252,1,1,3,9:52 PM,8:45,Leonard 20' Jump Shot (8 PTS) (Duncan 2 AST),,,56 - 64,8,4.0,202695,Kawhi Leonard,1610612759.0,San Antonio,Spurs,SAS,4,1495,Tim Duncan,1610612759.0,San Antonio,Spurs,SAS,0,0,,,,,
0021500296,253,2,1,3,9:53 PM,8:25,,,MISS Johnson 24' 3PT Jump Shot,,,5.0,101161,Amir Johnson,1610612738.0,Boston,Celtics,BOS,0,0,,,,,,0,0,,,,,
0021500296,254,4,0,3,9:53 PM,8:24,Aldridge REBOUND (Off:0 Def:3),,,,,4.0,200746,LaMarcus Aldridge,1610612759.0,San Antonio,Spurs,SAS,0,0,,,,,,0,0,,,,,
0021500296,255,2,1,3,9:53 PM,8:08,MISS Duncan 8' Jump Shot,,,,,4.0,1495,Tim Duncan,1610612759.0,San Antonio,Spurs,SAS,0,0,,,,,,0,0,,,,,
0021500296,256,4,0,3,9:53 PM,8:07,,,Sullinger REBOUND (Off:2 Def:4),,,5.0,203096,Jared Sullinger,1610612738.0,Boston,Celtics,BOS,0,0,,,,,,0,0,,,,,
0021500296,257,6,2,3,9:53 PM,8:02,Duncan S.FOUL (P1.PN) (T.Washington),,,,,4.0,1495,Tim Duncan,1610612759.0,San Antonio,Spurs,SAS,5,202738,Isaiah Thomas,1610612738.0,Boston,Celtics,BOS,1,0,,,,,
0021500296,258,7,1,3,9:53 PM,8:02,SPURS Violation: Delay of game Violation,,,,,2.0,1610612759,,,,,,0,0,,,,,,1,0,,,,,
0021500296,259,3,11,3,9:54 PM,8:02,,,Thomas Free Throw 1 of 2 (8 PTS),57 - 64,7,5.0,202738,Isaiah Thomas,1610612738.0,Boston,Celtics,BOS,0,0,,,,,,0,0,,,,,
0021500296,261,3,12,3,9:54 PM,8:02,,,Thomas Free Throw 2 of 2 (9 PTS),58 - 64,6,5.0,202738,Isaiah Thomas,1610612738.0,Boston,Celtics,BOS,0,0,,,,,,0,0,,,,,
0021500296,262,1,5,3,9:54 PM,7:42,Parker 1' Layup (8 PTS),,,58 - 66,8,4.0,2225,Tony Parker,1610612759.0,San Antonio,Spurs,SAS,0,0,,,,,,0,0,,,,,
0021500296,263,2,1,3,9:55 PM,7:15,,,MISS Bradley 20' Jump Shot,,,5.0,202340,Avery Bradley,1610612738.0,Boston,Celtics,BOS,0,0,,,,,,0,0,,,,,
0021500296,264,4,0,3,9:55 PM,7:14,Green REBOUND (Off:0 Def:2),,,,,4.0,201980,Danny Green,1610612759.0,San Antonio,Spurs,SAS,0,0,,,,,,0,0,,,,,
0021500296,265,6,2,3,9:55 PM,7:03,,,Sullinger S.FOUL (P2.T1) (T.Washington),,,5.0,203096,Jared Sullinger,1610612738.0,Boston,Celtics,BOS,4,202695,Kawhi Leonard,1610612759.0,San Antonio,Spurs,SAS,1,0,,,,,
0021500296,266,3,11,3,9:55 PM,7:03,Leonard Free Throw 1 of 2 (9 PTS),,,58 - 67,9,4.0,202695,Kawhi Leonard,1610612759.0,San Antonio,Spurs,SAS,0,0,,,,,,0,0,,,,,
0021500296,268,3,12,3,9:55 PM,7:03,Leonard Free Throw 2 of 2 (10 PTS),,,58 - 68,10,4.0,202695,Kawhi Leonard,1610612759.0,San Antonio,Spurs,SAS,0,0,,,,,,0,0,,,,,
0021500296,270,2,1,3,9:56 PM,6:53,,,MISS Thomas 25' 3PT Jump Shot,,,5.0,202738,Isaiah Thomas,1610612738.0,Boston,Celtics,BOS,0,0,,,,,,0,0,,,,,
0021500296,271,4,0,3,9:56 PM,6:52,Leonard REBOUND (Off:0 Def:4),,,,,4.0,202695,Kawhi Leonard,1610612759.0,San Antonio,Spurs,SAS,0,0,,,,,,0,0,,,,,
0021500296,272,1,80,3,9:56 PM,6:41,Leonard 12' Step Back Jump Shot (12 PTS),,,58 - 70,12,4.0,202695,Kawhi Leonard,1610612759.0,San Antonio,Spurs,SAS,0,0,,,,,,0,0,,,,,
0021500296,273,2,1,3,9:56 PM,6:31,,,MISS Sullinger 17' Jump Shot,,,5.0,203096,Jared Sullinger,1610612738.0,Boston,Celtics,BOS,0,0,,,,,,0,0,,,,,
0021500296,274,4,0,3,9:56 PM,6:30,Green REBOUND (Off:0 Def:3),,,,,4.0,201980,Danny Green,1610612759.0,San Antonio,Spurs,SAS,0,0,,,,,,0,0,,,,,
0021500296,275,2,1,3,9:56 PM,6:16,MISS Leonard 24' 3PT Jump Shot,,,,,4.0,202695,Kawhi Leonard,1610612759.0,San Antonio,Spurs,SAS,0,0,,,,,,0,0,,,,,
0021500296,276,4,0,3,9:56 PM,6:15,,,Sullinger REBOUND (Off:2 Def:5),,,5.0,203096,Jared Sullinger,1610612738.0,Boston,Celtics,BOS,0,0,,,,,,0,0,,,,,
0021500296,277,6,2,3,9:56 PM,6:13,Leonard S.FOUL (P3.PN) (T.Washington),,,,,4.0,202695,Kawhi Leonard,1610612759.0,San Antonio,Spurs,SAS,5,203109,Jae Crowder,1610612738.0,Boston,Celtics,BOS,1,0,,,,,
0021500296,278,3,11,3,9:57 PM,6:13,,,Crowder Free Throw 1 of 2 (8 PTS),59 - 70,11,5.0,203109,Jae Crowder,1610612738.0,Boston,Celtics,BOS,0,0,,,,,,0,0,,,,,
0021500296,280,3,12,3,9:57 PM,6:13,,,Crowder Free Throw 2 of 2 (9 PTS),60 - 70,10,5.0,203109,Jae Crowder,1610612738.0,Boston,Celtics,BOS,0,0,,,,,,0,0,,,,,
0021500296,284,2,1,3,9:58 PM,5:58,MISS Aldridge 5' Jump Shot,,,,,4.0,200746,LaMarcus Aldridge,1610612759.0,San Antonio,Spurs,SAS,0,0,,,,,,0,0,,,,,
0021500296,285,4,0,3,9:58 PM,5:58,Aldridge REBOUND (Off:1 Def:3),,,,,4.0,200746,LaMarcus Aldridge,1610612759.0,San Antonio,Spurs,SAS,0,0,,,,,,0,0,,,,,
0021500296,286,6,2,3,9:58 PM,5:58,,,Crowder S.FOUL (P3.T2) (T.Washington),,,5.0,203109,Jae Crowder,1610612738.0,Boston,Celtics,BOS,4,200746,LaMarcus Aldridge,1610612759.0,San Antonio,Spurs,SAS,1,0,,,,,
0021500296,287,9,1,3,9:58 PM,5:58,SPURS Timeout: Regular (Full 3 Short 1),,,,,2.0,1610612759,,,,,,0,0,,,,,,0,0,,,,,
0021500296,289,8,0,3,10:00 PM,5:58,,,SUB: Olynyk FOR Johnson,,,5.0,101161,Amir Johnson,1610612738.0,Boston,Celtics,BOS,5,203482,Kelly Olynyk,1610612738.0,Boston,Celtics,BOS,0,0,,,,,
0021500296,290,3,11,3,10:00 PM,5:58,MISS Aldridge Free Throw 1 of 2,,,,,4.0,200746,LaMarcus Aldridge,1610612759.0,San Antonio,Spurs,SAS,0,0,,,,,,0,0,,,,,
0021500296,291,4,1,3,10:00 PM,5:58,SPURS Rebound,,,,,2.0,1610612759,,,,,,0,0,,,,,,0,0,,,,,
0021500296,292,8,0,3,10:00 PM,5:58,SUB: Ginobili FOR Leonard,,,,,4.0,202695,Kawhi Leonard,1610612759.0,San Antonio,Spurs,SAS,4,1938,Manu Ginobili,1610612759.0,San Antonio,Spurs,SAS,0,0,,,,,
0021500296,293,3,12,3,10:00 PM,5:58,Aldridge Free Throw 2 of 2 (15 PTS),,,60 - 71,11,4.0,200746,LaMarcus Aldridge,1610612759.0,San Antonio,Spurs,SAS,0,0,,,,,,0,0,,,,,
0021500296,296,2,1,3,10:01 PM,5:41,,,MISS Sullinger 26' 3PT Jump Shot,,,5.0,203096,Jared Sullinger,1610612738.0,Boston,Celtics,BOS,0,0,,,,,,0,0,,,,,
0021500296,297,4,0,3,10:01 PM,5:41,SPURS Rebound,,,,,2.0,1610612759,,,,,,0,0,,,,,,0,0,,,,,
0021500296,298,6,3,3,10:01 PM,5:41,,,Olynyk L.B.FOUL (P4.T3) (T.Washington),,,5.0,203482,Kelly Olynyk,1610612738.0,Boston,Celtics,BOS,4,1938,Manu Ginobili,1610612759.0,San Antonio,Spurs,SAS,1,0,,,,,
0021500296,299,1,85,3,10:01 PM,5:24,Duncan 11' Turnaround Bank Shot (6 PTS),,,60 - 73,13,4.0,1495,Tim Duncan,1610612759.0,San Antonio,Spurs,SAS,0,0,,,,,,0,0,,,,,
0021500296,300,9,1,3,10:02 PM,5:16,,,Celtics Timeout: Regular (Reg.3 Short 0),,,3.0,1610612738,,,,,,0,0,,,,,,0,0,,,,,
0021500296,301,8,0,3,10:04 PM,5:16,SUB: Diaw FOR Duncan,,,,,4.0,1495,Tim Duncan,1610612759.0,San Antonio,Spurs,SAS,4,2564,Boris Diaw,1610612759.0,San Antonio,Spurs,SAS,0,0,,,,,
0021500296,302,8,0,3,10:04 PM,5:16,SUB: Mills FOR Parker,,,,,4.0,2225,Tony Parker,1610612759.0,San Antonio,Spurs,SAS,4,201988,Patty Mills,1610612759.0,San Antonio,Spurs,SAS,0,0,,,,,
0021500296,303,1,1,3,10:05 PM,5:03,,,Thomas 14' Jump Shot (11 PTS),62 - 73,11,5.0,202738,Isaiah Thomas,1610612738.0,Boston,Celtics,BOS,0,0,,,,,,0,0,,,,,
0021500296,304,2,1,3,10:05 PM,4:38,MISS Diaw 3' Jump Shot,,Olynyk BLOCK (1 BLK),,,4.0,2564,Boris Diaw,1610612759.0,San Antonio,Spurs,SAS,0,0,,,,,,5,203482,Kelly Olynyk,1610612738.0,Boston,Celtics,BOS
0021500296,305,4,0,3,10:05 PM,4:36,Aldridge REBOUND (Off:2 Def:3),,,,,4.0,200746,LaMarcus Aldridge,1610612759.0,San Antonio,Spurs,SAS,0,0,,,,,,0,0,,,,,
0021500296,306,1,5,3,10:05 PM,4:33,Aldridge  Layup (17 PTS),,,62 - 75,13,4.0,200746,LaMarcus Aldridge,1610612759.0,San Antonio,Spurs,SAS,0,0,,,,,,0,0,,,,,
0021500296,307,1,55,3,10:05 PM,4:17,,,Sullinger 5' Hook Shot (4 PTS),64 - 75,11,5.0,203096,Jared Sullinger,1610612738.0,Boston,Celtics,BOS,0,0,,,,,,0,0,,,,,
0021500296,308,1,1,3,10:05 PM,4:11,Mills 26' 3PT Jump Shot (5 PTS),,,64 - 78,14,4.0,201988,Patty Mills,1610612759.0,San Antonio,Spurs,SAS,0,0,,,,,,0,0,,,,,
0021500296,309,1,42,3,10:06 PM,4:00,,,Thomas 1' Driving Layup (13 PTS),66 - 78,12,5.0,202738,Isaiah Thomas,1610612738.0,Boston,Celtics,BOS,0,0,,,,,,0,0,,,,,
0021500296,310,2,1,3,10:06 PM,3:47,MISS Green 25' 3PT Jump Shot,,,,,4.0,201980,Danny Green,1610612759.0,San Antonio,Spurs,SAS,0,0,,,,,,0,0,,,,,
0021500296,311,4,0,3,10:06 PM,3:46,,,Sullinger REBOUND (Off:2 Def:6),,,5.0,203096,Jared Sullinger,1610612738.0,Boston,Celtics,BOS,0,0,,,,,,0,0,,,,,
0021500296,312,2,1,3,10:06 PM,3:38,,,MISS Thomas 25' 3PT Jump Shot,,,5.0,202738,Isaiah Thomas,1610612738.0,Boston,Celtics,BOS,0,0,,,,,,0,0,,,,,
0021500296,313,4,0,3,10:06 PM,3:36,Aldridge REBOUND (Off:2 Def:4),,,,,4.0,200746,LaMarcus Aldridge,1610612759.0,San Antonio,Spurs,SAS,0,0,,,,,,0,0,,,,,
0021500296,314,6,2,3,10:06 PM,3:18,,,Olynyk S.FOUL (P5.T4) (D.Collins),,,5.0,203482,Kelly Olynyk,1610612738.0,Boston,Celtics,BOS,4,2564,Boris Diaw,1610612759.0,San Antonio,Spurs,SAS,1,0,,,,,
0021500296,315,3,11,3,10:07 PM,3:18,MISS Diaw Free Throw 1 of 2,,,,,4.0,2564,Boris Diaw,1610612759.0,San Antonio,Spurs,SAS,0,0,,,,,,0,0,,,,,
0021500296,316,4,1,3,10:07 PM,3:18,SPURS Rebound,,,,,2.0,1610612759,,,,,,0,0,,,,,,0,0,,,,,
0021500296,317,8,0,3,10:07 PM,3:18,,,SUB: Jerebko FOR Crowder,,,5.0,203109,Jae Crowder,1610612738.0,Boston,Celtics,BOS,5,201973,Jonas Jerebko,1610612738.0,Boston,Celtics,BOS,0,0,,,,,
0021500296,318,8,0,3,10:07 PM,3:18,,,SUB: Turner FOR Sullinger,,,5.0,203096,Jared Sullinger,1610612738.0,Boston,Celtics,BOS,5,202323,Evan Turner,1610612738.0,Boston,Celtics,BOS,0,0,,,,,
0021500296,319,3,12,3,10:07 PM,3:18,MISS Diaw Free Throw 2 of 2,,,,,4.0,2564,Boris Diaw,1610612759.0,San Antonio,Spurs,SAS,0,0,,,,,,0,0,,,,,
0021500296,321,4,0,3,10:07 PM,3:17,Aldridge REBOUND (Off:3 Def:4),,,,,4.0,200746,LaMarcus Aldridge,1610612759.0,San Antonio,Spurs,SAS,0,0,,,,,,0,0,,,,,
0021500296,322,2,1,3,10:07 PM,3:07,MISS Aldridge 12' Jump Shot,,,,,4.0,200746,LaMarcus Aldridge,1610612759.0,San Antonio,Spurs,SAS,0,0,,,,,,0,0,,,,,
0021500296,323,4,0,3,10:07 PM,3:06,Green REBOUND (Off:1 Def:3),,,,,4.0,201980,Danny Green,1610612759.0,San Antonio,Spurs,SAS,0,0,,,,,,0,0,,,,,
0021500296,324,2,97,3,10:07 PM,3:03,MISS Green 2' Tip Layup Shot,,,,,4.0,201980,Danny Green,1610612759.0,San Antonio,Spurs,SAS,0,0,,,,,,0,0,,,,,
0021500296,325,4,0,3,10:07 PM,3:02,,,Jerebko REBOUND (Off:0 Def:1),,,5.0,201973,Jonas Jerebko,1610612738.0,Boston,Celtics,BOS,0,0,,,,,,0,0,,,,,
0021500296,326,6,4,3,10:08 PM,2:58,,,Jerebko OFF.Foul (P1) (G.Petraitis),,,5.0,201973,Jonas Jerebko,1610612738.0,Boston,Celtics,BOS,4,201980,Danny Green,1610612759.0,San Antonio,Spurs,SAS,1,0,,,,,
0021500296,327,5,5,3,10:08 PM,2:58,,,Jerebko Foul Turnover (P1.T11),,,5.0,201973,Jonas Jerebko,1610612738.0,Boston,Celtics,BOS,0,0,,,,,,1,0,,,,,
0021500296,328,8,0,3,10:08 PM,2:58,SUB: West FOR Aldridge,,,,,4.0,200746,LaMarcus Aldridge,1610612759.0,San Antonio,Spurs,SAS,4,2561,David West,1610612759.0,San Antonio,Spurs,SAS,0,0,,,,,
0021500296,329,1,42,3,10:08 PM,2:44,Ginobili 2' Driving Layup (6 PTS),,,66 - 80,14,4.0,1938,Manu Ginobili,1610612759.0,San Antonio,Spurs,SAS,0,0,,,,,,0,0,,,,,
0021500296,330,2,1,3,10:08 PM,2:32,,,MISS Olynyk 25' 3PT Jump Shot,,,5.0,203482,Kelly Olynyk,1610612738.0,Boston,Celtics,BOS,0,0,,,,,,0,0,,,,,
0021500296,331,4,0,3,10:08 PM,2:31,,,Jerebko REBOUND (Off:1 Def:1),,,5.0,201973,Jonas Jerebko,1610612738.0,Boston,Celtics,BOS,0,0,,,,,,0,0,,,,,
0021500296,332,6,1,3,10:08 PM,2:27,West P.FOUL (P1.PN) (T.Washington),,,,,4.0,2561,David West,1610612759.0,San Antonio,Spurs,SAS,5,203482,Kelly Olynyk,1610612738.0,Boston,Celtics,BOS,1,0,,,,,
0021500296,333,3,11,3,10:09 PM,2:27,,,MISS Olynyk Free Throw 1 of 2,,,5.0,203482,Kelly Olynyk,1610612738.0,Boston,Celtics,BOS,0,0,,,,,,0,0,,,,,
0021500296,334,4,1,3,10:09 PM,2:27,,,Celtics Rebound,,,3.0,1610612738,,,,,,0,0,,,,,,0,0,,,,,
0021500296,335,3,12,3,10:09 PM,2:27,,,MISS Olynyk Free Throw 2 of 2,,,5.0,203482,Kelly Olynyk,1610612738.0,Boston,Celtics,BOS,0,0,,,,,,0,0,,,,,
0021500296,337,4,0,3,10:09 PM,2:26,West REBOUND (Off:2 Def:4),,,,,4.0,2561,David West,1610612759.0,San Antonio,Spurs,SAS,0,0,,,,,,0,0,,,,,
0021500296,338,5,1,3,10:09 PM,2:14,Diaw Bad Pass Turnover (P1.T9),,Jerebko STEAL (1 STL),,,4.0,2564,Boris Diaw,1610612759.0,San Antonio,Spurs,SAS,5,201973,Jonas Jerebko,1610612738.0,Boston,Celtics,BOS,0,0,,,,,
0021500296,339,6,2,3,10:09 PM,2:08,Green S.FOUL (P3.PN) (D.Collins),,,,,4.0,201980,Danny Green,1610612759.0,San Antonio,Spurs,SAS,5,202323,Evan Turner,1610612738.0,Boston,Celtics,BOS,1,0,,,,,
0021500296,340,3,11,3,10:10 PM,2:08,,,Turner Free Throw 1 of 2 (10 PTS),67 - 80,13,5.0,202323,Evan Turner,1610612738.0,Boston,Celtics,BOS,0,0,,,,,,0,0,,,,,
0021500296,342,8,0,3,10:10 PM,2:08,,,SUB: Johnson FOR Olynyk,,,5.0,203482,Kelly Olynyk,1610612738.0,Boston,Celtics,BOS,5,101161,Amir Johnson,1610612738.0,Boston,Celtics,BOS,0,0,,,,,
0021500296,343,8,0,3,10:10 PM,2:08,,,SUB: Hunter FOR Thomas,,,5.0,202738,Isaiah Thomas,1610612738.0,Boston,Celtics,BOS,5,1626154,RJ Hunter,1610612738.0,Boston,Celtics,BOS,0,0,,,,,
0021500296,344,3,12,3,10:10 PM,2:08,,,MISS Turner Free Throw 2 of 2,,,5.0,202323,Evan Turner,1610612738.0,Boston,Celtics,BOS,0,0,,,,,,0,0,,,,,
0021500296,346,4,0,3,10:10 PM,2:06,,,Johnson REBOUND (Off:2 Def:3),,,5.0,101161,Amir Johnson,1610612738.0,Boston,Celtics,BOS,0,0,,,,,,0,0,,,,,
0021500296,347,6,2,3,10:10 PM,2:06,West S.FOUL (P2.PN) (G.Petraitis),,,,,4.0,2561,David West,1610612759.0,San Antonio,Spurs,SAS,5,101161,Amir Johnson,1610612738.0,Boston,Celtics,BOS,1,0,,,,,
0021500296,348,3,11,3,10:11 PM,2:06,,,MISS Johnson Free Throw 1 of 2,,,5.0,101161,Amir Johnson,1610612738.0,Boston,Celtics,BOS,0,0,,,,,,0,0,,,,,
0021500296,349,4,1,3,10:11 PM,2:06,,,Celtics Rebound,,,3.0,1610612738,,,,,,0,0,,,,,,0,0,,,,,
0021500296,350,3,12,3,10:11 PM,2:06,,,MISS Johnson Free Throw 2 of 2,,,5.0,101161,Amir Johnson,1610612738.0,Boston,Celtics,BOS,0,0,,,,,,0,0,,,,,
0021500296,352,4,0,3,10:11 PM,2:06,Ginobili REBOUND (Off:0 Def:1),,,,,4.0,1938,Manu Ginobili,1610612759.0,San Antonio,Spurs,SAS,0,0,,,,,,0,0,,,,,
0021500296,353,1,80,3,10:11 PM,1:44,Ginobili 19' Step Back Jump Shot (8 PTS),,,67 - 82,15,4.0,1938,Manu Ginobili,1610612759.0,San Antonio,Spurs,SAS,0,0,,,,,,0,0,,,,,
0021500296,354,1,51,3,10:11 PM,1:33,,,Turner  Reverse Dunk (12 PTS),69 - 82,13,5.0,202323,Evan Turner,1610612738.0,Boston,Celtics,BOS,0,0,,,,,,0,0,,,,,
0021500296,355,2,1,3,10:12 PM,1:25,MISS Ginobili 24' 3PT Jump Shot,,,,,4.0,1938,Manu Ginobili,1610612759.0,San Antonio,Spurs,SAS,0,0,,,,,,0,0,,,,,
0021500296,356,4,0,3,10:12 PM,1:24,Diaw REBOUND (Off:2 Def:0),,,,,4.0,2564,Boris Diaw,1610612759.0,San Antonio,Spurs,SAS,0,0,,,,,,0,0,,,,,
0021500296,359,1,1,3,10:12 PM,1:01,West 15' Jump Shot (10 PTS) (Mills 2 AST),,,69 - 84,15,4.0,2561,David West,1610612759.0,San Antonio,Spurs,SAS,4,201988,Patty Mills,1610612759.0,San Antonio,Spurs,SAS,0,0,,,,,
0021500296,360,5,4,3,10:13 PM,0:46,,,Johnson Traveling Turnover (P2.T12),,,5.0,101161,Amir Johnson,1610612738.0,Boston,Celtics,BOS,0,0,,,,,,1,0,,,,,
0021500296,361,1,80,3,10:13 PM,0:24,Mills 16' Step Back Jump Shot (7 PTS) (Diaw 4 AST),,,69 - 86,17,4.0,201988,Patty Mills,1610612759.0,San Antonio,Spurs,SAS,4,2564,Boris Diaw,1610612759.0,San Antonio,Spurs,SAS,0,0,,,,,
0021500296,362,6,1,3,10:14 PM,0:12,Ginobili P.FOUL (P1.PN) (G.Petraitis),,,,,4.0,1938,Manu Ginobili,1610612759.0,San Antonio,Spurs,SAS,5,1626154,RJ Hunter,1610612738.0,Boston,Celtics,BOS,1,0,,,,,
0021500296,363,3,11,3,10:14 PM,0:12,,,Hunter Free Throw 1 of 2 (1 PTS),70 - 86,16,5.0,1626154,RJ Hunter,1610612738.0,Boston,Celtics,BOS,0,0,,,,,,0,0,,,,,
0021500296,365,3,12,3,10:14 PM,0:12,,,Hunter Free Throw 2 of 2 (2 PTS),71 - 86,15,5.0,1626154,RJ Hunter,1610612738.0,Boston,Celtics,BOS,0,0,,,,,,0,0,,,,,
0021500296,367,5,45,3,10:14 PM,0:00,Diaw Out of Bounds - Bad Pass Turnover Turnover (P2.T10),,,,,4.0,2564,Boris Diaw,1610612759.0,San Antonio,Spurs,SAS,0,0,,,,,,0,0,,,,,
0021500296,368,13,0,3,10:15 PM,0:00,,,,71 - 86,15,0.0,0,,,,,,0,0,,,,,,0,0,,,,,
0021500296,370,12,0,4,10:17 PM,12:00,,,,71 - 86,15,0.0,0,,,,,,0,0,,,,,,0,0,,,,,
0021500296,371,2,1,4,10:18 PM,11:45,,,MISS Hunter 24' 3PT Jump Shot,,,5.0,1626154,RJ Hunter,1610612738.0,Boston,Celtics,BOS,0,0,,,,,,0,0,,,,,
0021500296,372,4,0,4,10:18 PM,11:44,Ginobili REBOUND (Off:0 Def:2),,,,,4.0,1938,Manu Ginobili,1610612759.0,San Antonio,Spurs,SAS,0,0,,,,,,0,0,,,,,
0021500296,373,5,1,4,10:18 PM,11:32,West Bad Pass Turnover (P1.T11),,Turner STEAL (2 STL),,,4.0,2561,David West,1610612759.0,San Antonio,Spurs,SAS,5,202323,Evan Turner,1610612738.0,Boston,Celtics,BOS,0,0,,,,,
0021500296,374,2,46,4,10:18 PM,11:19,,,MISS Johnson 6' Running Jump Shot,,,5.0,101161,Amir Johnson,1610612738.0,Boston,Celtics,BOS,0,0,,,,,,0,0,,,,,
0021500296,375,4,0,4,10:18 PM,11:17,,,Johnson REBOUND (Off:3 Def:3),,,5.0,101161,Amir Johnson,1610612738.0,Boston,Celtics,BOS,0,0,,,,,,0,0,,,,,
0021500296,376,2,5,4,10:18 PM,11:14,West BLOCK (1 BLK),,MISS Jerebko 1' Layup,,,5.0,201973,Jonas Jerebko,1610612738.0,Boston,Celtics,BOS,0,0,,,,,,4,2561,David West,1610612759.0,San Antonio,Spurs,SAS
0021500296,377,4,0,4,10:18 PM,11:14,,,Jerebko REBOUND (Off:2 Def:1),,,5.0,201973,Jonas Jerebko,1610612738.0,Boston,Celtics,BOS,0,0,,,,,,0,0,,,,,
0021500296,378,1,1,4,10:18 PM,11:10,,,Hunter  3PT Jump Shot (5 PTS) (Jerebko 2 AST),74 - 86,12,5.0,1626154,RJ Hunter,1610612738.0,Boston,Celtics,BOS,5,201973,Jonas Jerebko,1610612738.0,Boston,Celtics,BOS,0,0,,,,,
0021500296,379,2,5,4,10:19 PM,10:49,MISS Diaw  Layup,,,,,4.0,2564,Boris Diaw,1610612759.0,San Antonio,Spurs,SAS,0,0,,,,,,0,0,,,,,
0021500296,380,4,0,4,10:19 PM,10:48,,,Jerebko REBOUND (Off:2 Def:2),,,5.0,201973,Jonas Jerebko,1610612738.0,Boston,Celtics,BOS,0,0,,,,,,0,0,,,,,
0021500296,381,2,1,4,10:19 PM,10:36,,,MISS Turner 17' Jump Shot,,,5.0,202323,Evan Turner,1610612738.0,Boston,Celtics,BOS,0,0,,,,,,0,0,,,,,
0021500296,382,4,0,4,10:19 PM,10:35,Ginobili REBOUND (Off:0 Def:3),,,,,4.0,1938,Manu Ginobili,1610612759.0,San Antonio,Spurs,SAS,0,0,,,,,,0,0,,,,,
0021500296,383,6,1,4,10:19 PM,10:30,,,Turner P.FOUL (P1.T1) (D.Collins),,,5.0,202323,Evan Turner,1610612738.0,Boston,Celtics,BOS,4,2564,Boris Diaw,1610612759.0,San Antonio,Spurs,SAS,1,0,,,,,
0021500296,384,8,0,4,10:19 PM,10:30,SUB: Leonard FOR Green,,,,,4.0,201980,Danny Green,1610612759.0,San Antonio,Spurs,SAS,4,202695,Kawhi Leonard,1610612759.0,San Antonio,Spurs,SAS,0,0,,,,,
0021500296,385,1,1,4,10:19 PM,10:22,Mills 21' Jump Shot (9 PTS) (Ginobili 3 AST),,,74 - 88,14,4.0,201988,Patty Mills,1610612759.0,San Antonio,Spurs,SAS,4,1938,Manu Ginobili,1610612759.0,San Antonio,Spurs,SAS,0,0,,,,,
0021500296,386,1,1,4,10:20 PM,10:11,,,Hunter 24' 3PT Jump Shot (8 PTS) (Thomas 7 AST),77 - 88,11,5.0,1626154,RJ Hunter,1610612738.0,Boston,Celtics,BOS,5,202738,Isaiah Thomas,1610612738.0,Boston,Celtics,BOS,0,0,,,,,
0021500296,387,2,1,4,10:20 PM,9:53,MISS Diaw 19' Jump Shot,,,,,4.0,2564,Boris Diaw,1610612759.0,San Antonio,Spurs,SAS,0,0,,,,,,0,0,,,,,
0021500296,388,4,0,4,10:20 PM,9:52,,,Turner REBOUND (Off:1 Def:2),,,5.0,202323,Evan Turner,1610612738.0,Boston,Celtics,BOS,0,0,,,,,,0,0,,,,,
0021500296,389,1,79,4,10:20 PM,9:40,,,Turner 11' Pullup Jump Shot (14 PTS),79 - 88,9,5.0,202323,Evan Turner,1610612738.0,Boston,Celtics,BOS,0,0,,,,,,0,0,,,,,
0021500296,390,6,1,4,10:20 PM,9:28,,,Jerebko P.FOUL (P2.T2) (T.Washington),,,5.0,201973,Jonas Jerebko,1610612738.0,Boston,Celtics,BOS,4,2564,Boris Diaw,1610612759.0,San Antonio,Spurs,SAS,1,0,,,,,
0021500296,391,1,47,4,10:21 PM,9:14,Diaw 13' Turnaround Jump Shot (14 PTS) (Ginobili 4 AST),,,79 - 90,11,4.0,2564,Boris Diaw,1610612759.0,San Antonio,Spurs,SAS,4,1938,Manu Ginobili,1610612759.0,San Antonio,Spurs,SAS,0,0,,,,,
0021500296,392,2,1,4,10:21 PM,8:58,,,MISS Thomas 24' 3PT Jump Shot,,,5.0,202738,Isaiah Thomas,1610612738.0,Boston,Celtics,BOS,0,0,,,,,,0,0,,,,,
0021500296,393,4,0,4,10:21 PM,8:57,Ginobili REBOUND (Off:0 Def:4),,,,,4.0,1938,Manu Ginobili,1610612759.0,San Antonio,Spurs,SAS,0,0,,,,,,0,0,,,,,
0021500296,394,2,1,4,10:21 PM,8:43,MISS Leonard 19' Jump Shot,,,,,4.0,202695,Kawhi Leonard,1610612759.0,San Antonio,Spurs,SAS,0,0,,,,,,0,0,,,,,
0021500296,395,4,0,4,10:21 PM,8:43,,,Johnson REBOUND (Off:3 Def:4),,,5.0,101161,Amir Johnson,1610612738.0,Boston,Celtics,BOS,0,0,,,,,,0,0,,,,,
0021500296,396,2,5,4,10:21 PM,8:34,,,MISS Thomas  Layup,,,5.0,202738,Isaiah Thomas,1610612738.0,Boston,Celtics,BOS,0,0,,,,,,0,0,,,,,
0021500296,397,4,0,4,10:21 PM,8:33,Diaw REBOUND (Off:2 Def:1),,,,,4.0,2564,Boris Diaw,1610612759.0,San Antonio,Spurs,SAS,0,0,,,,,,0,0,,,,,
0021500296,398,9,1,4,10:22 PM,8:29,SPURS Timeout: Regular (Full 4 Short 1),,,,,2.0,1610612759,,,,,,0,0,,,,,,0,0,,,,,
0021500296,401,8,0,4,10:24 PM,8:29,SUB: Anderson FOR Ginobili,,,,,4.0,1938,Manu Ginobili,1610612759.0,San Antonio,Spurs,SAS,4,203937,Kyle Anderson,1610612759.0,San Antonio,Spurs,SAS,0,0,,,,,
0021500296,402,8,0,4,10:24 PM,8:29,,,SUB: Crowder FOR Jerebko,,,5.0,201973,Jonas Jerebko,1610612738.0,Boston,Celtics,BOS,5,203109,Jae Crowder,1610612738.0,Boston,Celtics,BOS,0,0,,,,,
0021500296,403,1,63,4,10:24 PM,8:08,Anderson 18' Fadeaway Jumper (4 PTS) (Leonard 3 AST),,,79 - 92,13,4.0,203937,Kyle Anderson,1610612759.0,San Antonio,Spurs,SAS,4,202695,Kawhi Leonard,1610612759.0,San Antonio,Spurs,SAS,0,0,,,,,
0021500296,404,5,40,4,10:25 PM,7:53,,,Crowder Out of Bounds Lost Ball Turnover (P2.T13),,,5.0,203109,Jae Crowder,1610612738.0,Boston,Celtics,BOS,0,0,,,,,,1,0,,,,,
0021500296,406,2,80,4,10:25 PM,7:34,MISS Leonard 17' Step Back Jump Shot,,,,,4.0,202695,Kawhi Leonard,1610612759.0,San Antonio,Spurs,SAS,0,0,,,,,,0,0,,,,,
0021500296,408,4,0,4,10:25 PM,7:33,,,Johnson REBOUND (Off:3 Def:5),,,5.0,101161,Amir Johnson,1610612738.0,Boston,Celtics,BOS,0,0,,,,,,0,0,,,,,
0021500296,409,2,1,4,10:25 PM,7:27,,,MISS Hunter 25' 3PT Jump Shot,,,5.0,1626154,RJ Hunter,1610612738.0,Boston,Celtics,BOS,0,0,,,,,,0,0,,,,,
0021500296,410,4,0,4,10:25 PM,7:25,Leonard REBOUND (Off:0 Def:5),,,,,4.0,202695,Kawhi Leonard,1610612759.0,San Antonio,Spurs,SAS,0,0,,,,,,0,0,,,,,
0021500296,411,1,5,4,10:26 PM,7:16,Diaw 2' Layup (16 PTS) (Leonard 4 AST),,,79 - 94,15,4.0,2564,Boris Diaw,1610612759.0,San Antonio,Spurs,SAS,4,202695,Kawhi Leonard,1610612759.0,San Antonio,Spurs,SAS,0,0,,,,,
0021500296,412,1,1,4,10:26 PM,7:07,,,Crowder 25' 3PT Jump Shot (12 PTS) (Thomas 8 AST),82 - 94,12,5.0,203109,Jae Crowder,1610612738.0,Boston,Celtics,BOS,5,202738,Isaiah Thomas,1610612738.0,Boston,Celtics,BOS,0,0,,,,,
0021500296,413,6,1,4,10:26 PM,6:55,,,Crowder P.FOUL (P4.T3) (G.Petraitis),,,5.0,203109,Jae Crowder,1610612738.0,Boston,Celtics,BOS,4,202695,Kawhi Leonard,1610612759.0,San Antonio,Spurs,SAS,1,0,,,,,
0021500296,414,8,0,4,10:26 PM,6:55,,,SUB: Bradley FOR Thomas,,,5.0,202738,Isaiah Thomas,1610612738.0,Boston,Celtics,BOS,5,202340,Avery Bradley,1610612738.0,Boston,Celtics,BOS,0,0,,,,,
0021500296,415,5,1,4,10:26 PM,6:48,Leonard Bad Pass Turnover (P2.T12),,Johnson STEAL (1 STL),,,4.0,202695,Kawhi Leonard,1610612759.0,San Antonio,Spurs,SAS,5,101161,Amir Johnson,1610612738.0,Boston,Celtics,BOS,0,0,,,,,
0021500296,416,6,1,4,10:27 PM,6:48,Leonard P.FOUL (P4.T1) (D.Collins),,,,,4.0,202695,Kawhi Leonard,1610612759.0,San Antonio,Spurs,SAS,5,101161,Amir Johnson,1610612738.0,Boston,Celtics,BOS,1,0,,,,,
0021500296,417,2,1,4,10:27 PM,6:35,,,MISS Turner 16' Jump Shot,,,5.0,202323,Evan Turner,1610612738.0,Boston,Celtics,BOS,0,0,,,,,,0,0,,,,,
0021500296,418,4,0,4,10:27 PM,6:34,Anderson REBOUND (Off:0 Def:2),,,,,4.0,203937,Kyle Anderson,1610612759.0,San Antonio,Spurs,SAS,0,0,,,,,,0,0,,,,,
0021500296,419,2,1,4,10:27 PM,6:21,MISS Mills 25' 3PT Jump Shot,,,,,4.0,201988,Patty Mills,1610612759.0,San Antonio,Spurs,SAS,0,0,,,,,,0,0,,,,,
0021500296,420,4,0,4,10:27 PM,6:21,,,Crowder REBOUND (Off:0 Def:3),,,5.0,203109,Jae Crowder,1610612738.0,Boston,Celtics,BOS,0,0,,,,,,0,0,,,,,
0021500296,421,1,1,4,10:27 PM,6:14,,,Bradley  3PT Jump Shot (15 PTS) (Crowder 3 AST),85 - 94,9,5.0,202340,Avery Bradley,1610612738.0,Boston,Celtics,BOS,5,203109,Jae Crowder,1610612738.0,Boston,Celtics,BOS,0,0,,,,,
0021500296,422,6,2,4,10:28 PM,5:55,,,Johnson S.FOUL (P3.T4) (G.Petraitis),,,5.0,101161,Amir Johnson,1610612738.0,Boston,Celtics,BOS,4,202695,Kawhi Leonard,1610612759.0,San Antonio,Spurs,SAS,1,0,,,,,
0021500296,423,9,4,4,10:28 PM,5:55,,,,,,1.0,0,,,,,,0,0,,,,,,0,0,,,,,
0021500296,425,8,0,4,10:31 PM,5:55,SUB: Green FOR Mills,,,,,4.0,201988,Patty Mills,1610612759.0,San Antonio,Spurs,SAS,4,201980,Danny Green,1610612759.0,San Antonio,Spurs,SAS,0,0,,,,,
0021500296,426,8,0,4,10:31 PM,5:55,SUB: Aldridge FOR Diaw,,,,,4.0,2564,Boris Diaw,1610612759.0,San Antonio,Spurs,SAS,4,200746,LaMarcus Aldridge,1610612759.0,San Antonio,Spurs,SAS,0,0,,,,,
0021500296,427,8,0,4,10:31 PM,5:55,SUB: Parker FOR West,,,,,4.0,2561,David West,1610612759.0,San Antonio,Spurs,SAS,4,2225,Tony Parker,1610612759.0,San Antonio,Spurs,SAS,0,0,,,,,
0021500296,429,3,11,4,10:31 PM,5:55,MISS Leonard Free Throw 1 of 2,,,,,4.0,202695,Kawhi Leonard,1610612759.0,San Antonio,Spurs,SAS,0,0,,,,,,0,0,,,,,
0021500296,430,4,1,4,10:31 PM,5:55,SPURS Rebound,,,,,2.0,1610612759,,,,,,0,0,,,,,,0,0,,,,,
0021500296,431,3,12,4,10:31 PM,5:55,Leonard Free Throw 2 of 2 (13 PTS),,,85 - 95,10,4.0,202695,Kawhi Leonard,1610612759.0,San Antonio,Spurs,SAS,0,0,,,,,,0,0,,,,,
0021500296,433,6,1,4,10:31 PM,5:50,Anderson P.FOUL (P1.T2) (G.Petraitis),,,,,4.0,203937,Kyle Anderson,1610612759.0,San Antonio,Spurs,SAS,5,203109,Jae Crowder,1610612738.0,Boston,Celtics,BOS,1,0,,,,,
0021500296,434,8,0,4,10:31 PM,5:50,,,SUB: Thomas FOR Hunter,,,5.0,1626154,RJ Hunter,1610612738.0,Boston,Celtics,BOS,5,202738,Isaiah Thomas,1610612738.0,Boston,Celtics,BOS,0,0,,,,,
0021500296,435,8,0,4,10:31 PM,5:50,SUB: Mills FOR Anderson,,,,,4.0,203937,Kyle Anderson,1610612759.0,San Antonio,Spurs,SAS,4,201988,Patty Mills,1610612759.0,San Antonio,Spurs,SAS,0,0,,,,,
0021500296,436,1,42,4,10:32 PM,5:43,,,Turner  Driving Layup (16 PTS),87 - 95,8,5.0,202323,Evan Turner,1610612738.0,Boston,Celtics,BOS,0,0,,,,,,0,0,,,,,
0021500296,437,5,40,4,10:32 PM,5:29,Leonard Out of Bounds Lost Ball Turnover (P3.T13),,,,,4.0,202695,Kawhi Leonard,1610612759.0,San Antonio,Spurs,SAS,0,0,,,,,,0,0,,,,,
0021500296,438,2,5,4,10:32 PM,5:15,,,MISS Turner  Layup,,,5.0,202323,Evan Turner,1610612738.0,Boston,Celtics,BOS,0,0,,,,,,0,0,,,,,
0021500296,439,4,0,4,10:32 PM,5:14,,,Bradley REBOUND (Off:1 Def:1),,,5.0,202340,Avery Bradley,1610612738.0,Boston,Celtics,BOS,0,0,,,,,,0,0,,,,,
0021500296,441,2,5,4,10:33 PM,4:59,,,MISS Bradley 2' Layup,,,5.0,202340,Avery Bradley,1610612738.0,Boston,Celtics,BOS,0,0,,,,,,0,0,,,,,
0021500296,442,4,0,4,10:33 PM,4:59,,,Johnson REBOUND (Off:4 Def:5),,,5.0,101161,Amir Johnson,1610612738.0,Boston,Celtics,BOS,0,0,,,,,,0,0,,,,,
0021500296,443,6,1,4,10:33 PM,4:59,Green P.FOUL (P4.T3) (T.Washington),,,,,4.0,201980,Danny Green,1610612759.0,San Antonio,Spurs,SAS,5,101161,Amir Johnson,1610612738.0,Boston,Celtics,BOS,1,0,,,,,
0021500296,444,2,1,4,10:33 PM,4:51,,,MISS Bradley 17' Jump Shot,,,5.0,202340,Avery Bradley,1610612738.0,Boston,Celtics,BOS,0,0,,,,,,0,0,,,,,
0021500296,445,4,0,4,10:33 PM,4:51,,,Celtics Rebound,,,3.0,1610612738,,,,,,0,0,,,,,,0,0,,,,,
0021500296,446,6,1,4,10:33 PM,4:51,Aldridge P.FOUL (P4.T4) (D.Collins),,,,,4.0,200746,LaMarcus Aldridge,1610612759.0,San Antonio,Spurs,SAS,5,101161,Amir Johnson,1610612738.0,Boston,Celtics,BOS,1,0,,,,,
0021500296,447,9,1,4,10:33 PM,4:51,,,Celtics Timeout: Regular (Reg.4 Short 0),,,3.0,1610612738,,,,,,0,0,,,,,,0,0,,,,,
0021500296,449,2,1,4,10:36 PM,4:44,,,MISS Bradley 25' 3PT Jump Shot,,,5.0,202340,Avery Bradley,1610612738.0,Boston,Celtics,BOS,0,0,,,,,,0,0,,,,,
0021500296,450,4,0,4,10:36 PM,4:44,Aldridge REBOUND (Off:3 Def:5),,,,,4.0,200746,LaMarcus Aldridge,1610612759.0,San Antonio,Spurs,SAS,0,0,,,,,,0,0,,,,,
0021500296,453,2,1,4,10:36 PM,4:21,MISS Leonard 19' Jump Shot,,,,,4.0,202695,Kawhi Leonard,1610612759.0,San Antonio,Spurs,SAS,0,0,,,,,,0,0,,,,,
0021500296,454,4,0,4,10:36 PM,4:20,Mills REBOUND (Off:1 Def:3),,,,,4.0,201988,Patty Mills,1610612759.0,San Antonio,Spurs,SAS,0,0,,,,,,0,0,,,,,
0021500296,455,2,1,4,10:36 PM,4:17,MISS Mills 8' Jump Shot,,,,,4.0,201988,Patty Mills,1610612759.0,San Antonio,Spurs,SAS,0,0,,,,,,0,0,,,,,
0021500296,456,4,0,4,10:36 PM,4:15,,,Thomas REBOUND (Off:0 Def:4),,,5.0,202738,Isaiah Thomas,1610612738.0,Boston,Celtics,BOS,0,0,,,,,,0,0,,,,,
0021500296,457,1,42,4,10:37 PM,4:09,,,Thomas 1' Driving Layup (15 PTS),89 - 95,6,5.0,202738,Isaiah Thomas,1610612738.0,Boston,Celtics,BOS,0,0,,,,,,0,0,,,,,
0021500296,458,5,1,4,10:37 PM,3:48,Green Bad Pass Turnover (P1.T14),,Bradley STEAL (2 STL),,,4.0,201980,Danny Green,1610612759.0,San Antonio,Spurs,SAS,5,202340,Avery Bradley,1610612738.0,Boston,Celtics,BOS,0,0,,,,,
0021500296,459,6,1,4,10:37 PM,3:43,Mills P.FOUL (P1.PN) (T.Washington),,,,,4.0,201988,Patty Mills,1610612759.0,San Antonio,Spurs,SAS,5,202738,Isaiah Thomas,1610612738.0,Boston,Celtics,BOS,1,0,,,,,
0021500296,460,3,11,4,10:37 PM,3:43,,,Thomas Free Throw 1 of 2 (16 PTS),90 - 95,5,5.0,202738,Isaiah Thomas,1610612738.0,Boston,Celtics,BOS,0,0,,,,,,0,0,,,,,
0021500296,462,8,0,4,10:37 PM,3:43,SUB: Ginobili FOR Green,,,,,4.0,201980,Danny Green,1610612759.0,San Antonio,Spurs,SAS,4,1938,Manu Ginobili,1610612759.0,San Antonio,Spurs,SAS,0,0,,,,,
0021500296,463,8,0,4,10:37 PM,3:43,SUB: Duncan FOR Aldridge,,,,,4.0,200746,LaMarcus Aldridge,1610612759.0,San Antonio,Spurs,SAS,4,1495,Tim Duncan,1610612759.0,San Antonio,Spurs,SAS,0,0,,,,,
0021500296,464,3,12,4,10:38 PM,3:43,,,Thomas Free Throw 2 of 2 (17 PTS),91 - 95,4,5.0,202738,Isaiah Thomas,1610612738.0,Boston,Celtics,BOS,0,0,,,,,,0,0,,,,,
0021500296,466,5,45,4,10:38 PM,3:31,Parker Out of Bounds - Bad Pass Turnover Turnover (P4.T15),,,,,4.0,2225,Tony Parker,1610612759.0,San Antonio,Spurs,SAS,0,0,,,,,,0,0,,,,,
0021500296,467,1,3,4,10:38 PM,3:16,,,Johnson 7' Hook Shot (11 PTS),93 - 95,2,5.0,101161,Amir Johnson,1610612738.0,Boston,Celtics,BOS,0,0,,,,,,0,0,,,,,
0021500296,468,2,1,4,10:39 PM,2:52,MISS Mills 25' 3PT Jump Shot,,,,,4.0,201988,Patty Mills,1610612759.0,San Antonio,Spurs,SAS,0,0,,,,,,0,0,,,,,
0021500296,469,4,0,4,10:39 PM,2:52,,,Turner REBOUND (Off:1 Def:3),,,5.0,202323,Evan Turner,1610612738.0,Boston,Celtics,BOS,0,0,,,,,,0,0,,,,,
0021500296,470,2,66,4,10:39 PM,2:38,,,MISS Thomas 12' Jump Bank Shot,,,5.0,202738,Isaiah Thomas,1610612738.0,Boston,Celtics,BOS,0,0,,,,,,0,0,,,,,
0021500296,471,4,0,4,10:39 PM,2:36,Leonard REBOUND (Off:0 Def:6),,,,,4.0,202695,Kawhi Leonard,1610612759.0,San Antonio,Spurs,SAS,0,0,,,,,,0,0,,,,,
0021500296,472,2,47,4,10:39 PM,2:21,MISS Leonard 12' Turnaround Jump Shot,,,,,4.0,202695,Kawhi Leonard,1610612759.0,San Antonio,Spurs,SAS,0,0,,,,,,0,0,,,,,
0021500296,473,4,0,4,10:39 PM,2:20,Ginobili REBOUND (Off:1 Def:4),,,,,4.0,1938,Manu Ginobili,1610612759.0,San Antonio,Spurs,SAS,0,0,,,,,,0,0,,,,,
0021500296,474,6,2,4,10:39 PM,2:19,,,Turner S.FOUL (P2.PN) (T.Washington),,,5.0,202323,Evan Turner,1610612738.0,Boston,Celtics,BOS,4,1938,Manu Ginobili,1610612759.0,San Antonio,Spurs,SAS,1,0,,,,,
0021500296,475,3,11,4,10:40 PM,2:19,Ginobili Free Throw 1 of 2 (9 PTS),,,93 - 96,3,4.0,1938,Manu Ginobili,1610612759.0,San Antonio,Spurs,SAS,0,0,,,,,,0,0,,,,,
0021500296,477,3,12,4,10:40 PM,2:19,MISS Ginobili Free Throw 2 of 2,,,,,4.0,1938,Manu Ginobili,1610612759.0,San Antonio,Spurs,SAS,0,0,,,,,,0,0,,,,,
0021500296,479,4,0,4,10:40 PM,2:18,,,Johnson REBOUND (Off:4 Def:6),,,5.0,101161,Amir Johnson,1610612738.0,Boston,Celtics,BOS,0,0,,,,,,0,0,,,,,
0021500296,480,2,1,4,10:40 PM,2:03,,,MISS Turner 16' Jump Shot,,,5.0,202323,Evan Turner,1610612738.0,Boston,Celtics,BOS,0,0,,,,,,0,0,,,,,
0021500296,481,4,0,4,10:40 PM,2:02,Ginobili REBOUND (Off:1 Def:5),,,,,4.0,1938,Manu Ginobili,1610612759.0,San Antonio,Spurs,SAS,0,0,,,,,,0,0,,,,,
0021500296,482,1,1,4,10:41 PM,1:40,Ginobili 26' 3PT Jump Shot (12 PTS) (Parker 6 AST),,,93 - 99,6,4.0,1938,Manu Ginobili,1610612759.0,San Antonio,Spurs,SAS,4,2225,Tony Parker,1610612759.0,San Antonio,Spurs,SAS,0,0,,,,,
0021500296,483,9,2,4,10:41 PM,1:40,,,Celtics Timeout: Short (Reg.4 Short 1),,,3.0,1610612738,,,,,,0,0,,,,,,0,0,,,,,
0021500296,485,8,0,4,10:42 PM,1:40,,,SUB: Olynyk FOR Crowder,,,5.0,203109,Jae Crowder,1610612738.0,Boston,Celtics,BOS,5,203482,Kelly Olynyk,1610612738.0,Boston,Celtics,BOS,0,0,,,,,
0021500296,486,1,1,4,10:42 PM,1:36,,,Bradley 25' 3PT Jump Shot (18 PTS) (Olynyk 1 AST),96 - 99,3,5.0,202340,Avery Bradley,1610612738.0,Boston,Celtics,BOS,5,203482,Kelly Olynyk,1610612738.0,Boston,Celtics,BOS,0,0,,,,,
0021500296,487,1,5,4,10:43 PM,1:25,Ginobili 1' Layup (14 PTS) (Duncan 3 AST),,,96 - 101,5,4.0,1938,Manu Ginobili,1610612759.0,San Antonio,Spurs,SAS,4,1495,Tim Duncan,1610612759.0,San Antonio,Spurs,SAS,0,0,,,,,
0021500296,488,9,2,4,10:43 PM,1:25,,,Celtics Timeout: Short (Reg.4 Short 2),,,3.0,1610612738,,,,,,0,0,,,,,,0,0,,,,,
0021500296,489,8,0,4,10:44 PM,1:25,SUB: Diaw FOR Mills,,,,,4.0,201988,Patty Mills,1610612759.0,San Antonio,Spurs,SAS,4,2564,Boris Diaw,1610612759.0,San Antonio,Spurs,SAS,0,0,,,,,
0021500296,491,6,2,4,10:45 PM,1:15,Parker S.FOUL (P3.PN) (G.Petraitis),,,,,4.0,2225,Tony Parker,1610612759.0,San Antonio,Spurs,SAS,5,202738,Isaiah Thomas,1610612738.0,Boston,Celtics,BOS,1,0,,,,,
0021500296,492,3,13,4,10:45 PM,1:15,,,Thomas Free Throw 1 of 3 (18 PTS),97 - 101,4,5.0,202738,Isaiah Thomas,1610612738.0,Boston,Celtics,BOS,0,0,,,,,,0,0,,,,,
0021500296,494,3,14,4,10:45 PM,1:15,,,Thomas Free Throw 2 of 3 (19 PTS),98 - 101,3,5.0,202738,Isaiah Thomas,1610612738.0,Boston,Celtics,BOS,0,0,,,,,,0,0,,,,,
0021500296,496,8,0,4,10:45 PM,1:15,,,SUB: Crowder FOR Olynyk,,,5.0,203482,Kelly Olynyk,1610612738.0,Boston,Celtics,BOS,5,203109,Jae Crowder,1610612738.0,Boston,Celtics,BOS,0,0,,,,,
0021500296,497,3,15,4,10:45 PM,1:15,,,MISS Thomas Free Throw 3 of 3,,,5.0,202738,Isaiah Thomas,1610612738.0,Boston,Celtics,BOS,0,0,,,,,,0,0,,,,,
0021500296,499,4,0,4,10:45 PM,1:13,Leonard REBOUND (Off:0 Def:7),,,,,4.0,202695,Kawhi Leonard,1610612759.0,San Antonio,Spurs,SAS,0,0,,,,,,0,0,,,,,
0021500296,501,1,44,4,10:46 PM,1:01,Parker 1' Reverse Layup (10 PTS) (Duncan 4 AST),,,98 - 103,5,4.0,2225,Tony Parker,1610612759.0,San Antonio,Spurs,SAS,4,1495,Tim Duncan,1610612759.0,San Antonio,Spurs,SAS,0,0,,,,,
0021500296,502,1,5,4,10:46 PM,0:53,,,Thomas 1' Layup (21 PTS),100 - 103,3,5.0,202738,Isaiah Thomas,1610612738.0,Boston,Celtics,BOS,0,0,,,,,,0,0,,,,,
0021500296,503,6,1,4,10:47 PM,0:41,,,Bradley P.FOUL (P1.PN) (D.Collins),,,5.0,202340,Avery Bradley,1610612738.0,Boston,Celtics,BOS,4,1938,Manu Ginobili,1610612759.0,San Antonio,Spurs,SAS,1,0,,,,,
0021500296,504,3,11,4,10:47 PM,0:41,MISS Ginobili Free Throw 1 of 2,,,,,4.0,1938,Manu Ginobili,1610612759.0,San Antonio,Spurs,SAS,0,0,,,,,,0,0,,,,,
0021500296,505,4,1,4,10:47 PM,0:41,SPURS Rebound,,,,,2.0,1610612759,,,,,,0,0,,,,,,0,0,,,,,
0021500296,506,8,0,4,10:47 PM,0:41,SUB: Green FOR Diaw,,,,,4.0,2564,Boris Diaw,1610612759.0,San Antonio,Spurs,SAS,4,201980,Danny Green,1610612759.0,San Antonio,Spurs,SAS,0,0,,,,,
0021500296,507,3,12,4,10:47 PM,0:41,Ginobili Free Throw 2 of 2 (15 PTS),,,100 - 104,4,4.0,1938,Manu Ginobili,1610612759.0,San Antonio,Spurs,SAS,0,0,,,,,,0,0,,,,,
0021500296,509,6,1,4,10:48 PM,0:35,Parker P.FOUL (P4.PN) (D.Collins),,,,,4.0,2225,Tony Parker,1610612759.0,San Antonio,Spurs,SAS,5,202738,Isaiah Thomas,1610612738.0,Boston,Celtics,BOS,1,0,,,,,
0021500296,510,3,11,4,10:48 PM,0:35,,,Thomas Free Throw 1 of 2 (22 PTS),101 - 104,3,5.0,202738,Isaiah Thomas,1610612738.0,Boston,Celtics,BOS,0,0,,,,,,0,0,,,,,
0021500296,512,3,12,4,10:48 PM,0:35,,,Thomas Free Throw 2 of 2 (23 PTS),102 - 104,2,5.0,202738,Isaiah Thomas,1610612738.0,Boston,Celtics,BOS,0,0,,,,,,0,0,,,,,
0021500296,514,2,1,4,10:49 PM,0:18,MISS Ginobili 18' Jump Shot,,,,,4.0,1938,Manu Ginobili,1610612759.0,San Antonio,Spurs,SAS,0,0,,,,,,0,0,,,,,
0021500296,515,4,0,4,10:49 PM,0:18,,,Johnson REBOUND (Off:4 Def:7),,,5.0,101161,Amir Johnson,1610612738.0,Boston,Celtics,BOS,0,0,,,,,,0,0,,,,,
0021500296,516,2,1,4,10:49 PM,0:08,,,MISS Bradley 26' 3PT Jump Shot,,,5.0,202340,Avery Bradley,1610612738.0,Boston,Celtics,BOS,0,0,,,,,,0,0,,,,,
0021500296,517,4,0,4,10:49 PM,0:08,Ginobili REBOUND (Off:1 Def:6),,,,,4.0,1938,Manu Ginobili,1610612759.0,San Antonio,Spurs,SAS,0,0,,,,,,0,0,,,,,
0021500296,518,6,3,4,10:49 PM,0:08,,,Johnson L.B.FOUL (P4.PN) (G.Petraitis),,,5.0,101161,Amir Johnson,1610612738.0,Boston,Celtics,BOS,4,201980,Danny Green,1610612759.0,San Antonio,Spurs,SAS,1,0,,,,,
0021500296,520,18,0,4,10:50 PM,0:08,,,,,,,518,,,,,,0,0,,,,,,1,0,,,,,
0021500296,521,3,11,4,10:50 PM,0:08,Green Free Throw 1 of 2 (5 PTS),,,102 - 105,3,4.0,201980,Danny Green,1610612759.0,San Antonio,Spurs,SAS,0,0,,,,,,0,0,,,,,
0021500296,523,8,0,4,10:51 PM,0:08,,,SUB: Sullinger FOR Turner,,,5.0,202323,Evan Turner,1610612738.0,Boston,Celtics,BOS,5,203096,Jared Sullinger,1610612738.0,Boston,Celtics,BOS,0,0,,,,,
0021500296,524,3,12,4,10:51 PM,0:08,Green Free Throw 2 of 2 (6 PTS),,,102 - 106,4,4.0,201980,Danny Green,1610612759.0,San Antonio,Spurs,SAS,0,0,,,,,,0,0,,,,,
0021500296,526,9,1,4,10:51 PM,0:08,,,Celtics Timeout: Regular (Reg.5 Short 2),,,3.0,1610612738,,,,,,0,0,,,,,,0,0,,,,,
0021500296,528,8,0,4,10:52 PM,0:08,,,SUB: Turner FOR Johnson,,,5.0,101161,Amir Johnson,1610612738.0,Boston,Celtics,BOS,5,202323,Evan Turner,1610612738.0,Boston,Celtics,BOS,0,0,,,,,
0021500296,530,1,1,4,10:53 PM,0:02,,,Crowder 25' 3PT Jump Shot (15 PTS) (Bradley 1 AST),105 - 106,1,5.0,203109,Jae Crowder,1610612738.0,Boston,Celtics,BOS,5,202340,Avery Bradley,1610612738.0,Boston,Celtics,BOS,0,0,,,,,
0021500296,532,18,0,4,10:53 PM,0:02,,,,,,,530,,,,,,0,0,,,,,,1,0,,,,,
0021500296,533,9,1,4,10:54 PM,0:02,SPURS Timeout: Regular (Full 5 Short 1),,,,,2.0,1610612759,,,,,,0,0,,,,,,0,0,,,,,
0021500296,534,9,2,4,10:56 PM,0:02,SPURS Timeout: Short (Full 5 Short 2),,,,,2.0,1610612759,,,,,,0,0,,,,,,0,0,,,,,
0021500296,535,6,28,4,10:57 PM,0:02,,,Thomas Personal Take Foul (P1.PN) (T.Washington),,,5.0,202738,Isaiah Thomas,1610612738.0,Boston,Celtics,BOS,4,202695,Kawhi Leonard,1610612759.0,San Antonio,Spurs,SAS,1,0,,,,,
0021500296,536,3,11,4,10:57 PM,0:02,Leonard Free Throw 1 of 2 (14 PTS),,,105 - 107,2,4.0,202695,Kawhi Leonard,1610612759.0,San Antonio,Spurs,SAS,0,0,,,,,,0,0,,,,,
0021500296,538,8,0,4,10:57 PM,0:02,,,SUB: Olynyk FOR Turner,,,5.0,202323,Evan Turner,1610612738.0,Boston,Celtics,BOS,5,203482,Kelly Olynyk,1610612738.0,Boston,Celtics,BOS,0,0,,,,,
0021500296,539,3,12,4,10:57 PM,0:02,Leonard Free Throw 2 of 2 (15 PTS),,,105 - 108,3,4.0,202695,Kawhi Leonard,1610612759.0,San Antonio,Spurs,SAS,0,0,,,,,,0,0,,,,,
0021500296,541,5,45,4,10:58 PM,0:01,,,Crowder Out of Bounds - Bad Pass Turnover Turnover (P3.T14),,,5.0,203109,Jae Crowder,1610612738.0,Boston,Celtics,BOS,0,0,,,,,,0,0,,,,,
0021500296,542,8,0,4,10:59 PM,0:01,,,SUB: Turner FOR Sullinger,,,5.0,203096,Jared Sullinger,1610612738.0,Boston,Celtics,BOS,5,202323,Evan Turner,1610612738.0,Boston,Celtics,BOS,0,0,,,,,
0021500296,543,9,2,4,10:59 PM,0:01,SPURS Timeout: Short (Full 5 Short 3),,,,,2.0,1610612759,,,,,,0,0,,,,,,0,0,,,,,
0021500296,545,13,0,4,11:00 PM,0:00,,,,105 - 108,3,0.0,0,,,,,,0,0,,,,,,0,0,,,,,
