GAME_ID,EVENTNUM,EVENTMSGTYPE,EVENTMSGACTIONTYPE,PERIOD,WCTIMESTRING,PCTIMESTRING,HOMEDESCRIPTION,NEUTRALDESCRIPTION,VISITORDESCRIPTION,SCORE,SCOREMARGIN,PERSON1TYPE,PLAYER1_ID,PLAYER1_NAME,PLAYER1_TEAM_ID,PLAYER1_TEAM_CITY,PLAYER1_TEAM_NICKNAME,PLAYER1_TEAM_ABBREVIATION,PERSON2TYPE,PLAYER2_ID,PLAYER2_NAME,PLAYER2_TEAM_ID,PLAYER2_TEAM_CITY,PLAYER2_TEAM_NICKNAME,PLAYER2_TEAM_ABBREVIATION,PERSON3TYPE,PLAYER3_ID,PLAYER3_NAME,PLAYER3_TEAM_ID,PLAYER3_TEAM_CITY,PLAYER3_TEAM_NICKNAME,PLAYER3_TEAM_ABBREVIATION
0021500274,0,12,0,1,8:11 PM,12:00,,,,,,0.0,0,,,,,,0,0,,,,,,0,0,,,,,
0021500274,1,10,0,1,8:11 PM,12:00,Jump Ball Howard vs. Davis: Tip to Capela,,,,,4.0,2730,Dwight Howard,1610612745.0,Houston,Rockets,HOU,5,203076,Anthony Davis,1610612740.0,New Orleans,Pelicans,NOP,4,203991,Clint Capela,1610612745.0,Houston,Rockets,HOU
0021500274,2,2,5,1,8:12 PM,11:35,MISS Capela 3' Layup,,,,,4.0,203991,Clint Capela,1610612745.0,Houston,Rockets,HOU,0,0,,,,,,0,0,,,,,
0021500274,4,4,0,1,8:12 PM,11:34,Howard REBOUND (Off:1 Def:0),,,,,4.0,2730,Dwight Howard,1610612745.0,Houston,Rockets,HOU,0,0,,,,,,0,0,,,,,
0021500274,3,2,87,1,8:12 PM,11:34,MISS Howard  Putback Dunk,,,,,4.0,2730,Dwight Howard,1610612745.0,Houston,Rockets,HOU,0,0,,,,,,0,0,,,,,
0021500274,5,4,0,1,8:12 PM,11:33,,,Davis REBOUND (Off:0 Def:1),,,5.0,203076,Anthony Davis,1610612740.0,New Orleans,Pelicans,NOP,0,0,,,,,,0,0,,,,,
0021500274,6,1,1,1,8:12 PM,11:17,,,Gordon 20' Jump Shot (2 PTS) (Davis 1 AST),2 - 0,-2,5.0,201569,Eric Gordon,1610612740.0,New Orleans,Pelicans,NOP,5,203076,Anthony Davis,1610612740.0,New Orleans,Pelicans,NOP,0,0,,,,,
0021500274,7,2,1,1,8:12 PM,11:04,MISS Beverley 26' 3PT Jump Shot,,,,,4.0,201976,Patrick Beverley,1610612745.0,Houston,Rockets,HOU,0,0,,,,,,0,0,,,,,
0021500274,8,4,0,1,8:12 PM,11:03,,,Davis REBOUND (Off:0 Def:2),,,5.0,203076,Anthony Davis,1610612740.0,New Orleans,Pelicans,NOP,0,0,,,,,,0,0,,,,,
0021500274,9,2,1,1,8:12 PM,10:51,,,MISS Gordon  3PT Jump Shot,,,5.0,201569,Eric Gordon,1610612740.0,New Orleans,Pelicans,NOP,0,0,,,,,,0,0,,,,,
0021500274,10,4,0,1,8:12 PM,10:51,Howard REBOUND (Off:1 Def:1),,,,,4.0,2730,Dwight Howard,1610612745.0,Houston,Rockets,HOU,0,0,,,,,,0,0,,,,,
0021500274,11,1,47,1,8:13 PM,10:34,Ariza 7' Turnaround Jump Shot (2 PTS),,,2 - 2,TIE,4.0,2772,Trevor Ariza,1610612745.0,Houston,Rockets,HOU,0,0,,,,,,0,0,,,,,
0021500274,14,2,1,1,8:13 PM,10:12,,,MISS Gordon 25' 3PT Jump Shot,,,5.0,201569,Eric Gordon,1610612740.0,New Orleans,Pelicans,NOP,0,0,,,,,,0,0,,,,,
0021500274,15,4,0,1,8:13 PM,10:11,Capela REBOUND (Off:0 Def:1),,,,,4.0,203991,Clint Capela,1610612745.0,Houston,Rockets,HOU,0,0,,,,,,0,0,,,,,
0021500274,16,5,1,1,8:13 PM,10:01,Ariza Bad Pass Turnover (P1.T1),,Davis STEAL (1 STL),,,4.0,2772,Trevor Ariza,1610612745.0,Houston,Rockets,HOU,5,203076,Anthony Davis,1610612740.0,New Orleans,Pelicans,NOP,0,0,,,,,
0021500274,17,1,1,1,8:14 PM,9:51,,,Davis 24' 3PT Jump Shot (3 PTS) (Gee 1 AST),5 - 2,-3,5.0,203076,Anthony Davis,1610612740.0,New Orleans,Pelicans,NOP,5,202087,Alonzo Gee,1610612740.0,New Orleans,Pelicans,NOP,0,0,,,,,
0021500274,18,2,1,1,8:14 PM,9:39,MISS Harden  3PT Jump Shot,,,,,4.0,201935,James Harden,1610612745.0,Houston,Rockets,HOU,0,0,,,,,,0,0,,,,,
0021500274,19,4,0,1,8:14 PM,9:38,,,Davis REBOUND (Off:0 Def:3),,,5.0,203076,Anthony Davis,1610612740.0,New Orleans,Pelicans,NOP,0,0,,,,,,0,0,,,,,
0021500274,20,2,80,1,8:14 PM,9:26,,,MISS Davis 18' Step Back Jump Shot,,,5.0,203076,Anthony Davis,1610612740.0,New Orleans,Pelicans,NOP,0,0,,,,,,0,0,,,,,
0021500274,21,4,0,1,8:14 PM,9:25,,,Asik REBOUND (Off:1 Def:0),,,5.0,201600,Omer Asik,1610612740.0,New Orleans,Pelicans,NOP,0,0,,,,,,0,0,,,,,
0021500274,22,2,3,1,8:14 PM,9:11,,,MISS Asik 4' Hook Shot,,,5.0,201600,Omer Asik,1610612740.0,New Orleans,Pelicans,NOP,0,0,,,,,,0,0,,,,,
0021500274,24,4,0,1,8:14 PM,9:10,,,Davis REBOUND (Off:1 Def:3),,,5.0,203076,Anthony Davis,1610612740.0,New Orleans,Pelicans,NOP,0,0,,,,,,0,0,,,,,
0021500274,23,2,87,1,8:14 PM,9:10,,,MISS Davis  Putback Dunk,,,5.0,203076,Anthony Davis,1610612740.0,New Orleans,Pelicans,NOP,0,0,,,,,,0,0,,,,,
0021500274,25,4,0,1,8:14 PM,9:09,Harden REBOUND (Off:0 Def:1),,,,,4.0,201935,James Harden,1610612745.0,Houston,Rockets,HOU,0,0,,,,,,0,0,,,,,
0021500274,26,2,1,1,8:14 PM,9:04,MISS Ariza 25' 3PT Jump Shot,,,,,4.0,2772,Trevor Ariza,1610612745.0,Houston,Rockets,HOU,0,0,,,,,,0,0,,,,,
0021500274,27,4,0,1,8:15 PM,9:03,,,Pelicans Rebound,,,3.0,1610612740,,,,,,0,0,,,,,,0,0,,,,,
0021500274,28,6,1,1,8:15 PM,8:50,Capela P.FOUL (P1.T1) (K.Scott),,,,,4.0,203991,Clint Capela,1610612745.0,Houston,Rockets,HOU,5,203076,Anthony Davis,1610612740.0,New Orleans,Pelicans,NOP,1,0,,,,,
0021500274,29,1,5,1,8:15 PM,8:45,,,Asik 3' Layup (2 PTS) (Evans 1 AST),7 - 2,-5,5.0,201600,Omer Asik,1610612740.0,New Orleans,Pelicans,NOP,5,201936,Tyreke Evans,1610612740.0,New Orleans,Pelicans,NOP,0,0,,,,,
0021500274,30,2,42,1,8:16 PM,8:32,MISS Ariza 2' Driving Layup,,Evans BLOCK (1 BLK),,,4.0,2772,Trevor Ariza,1610612745.0,Houston,Rockets,HOU,0,0,,,,,,5,201936,Tyreke Evans,1610612740.0,New Orleans,Pelicans,NOP
0021500274,31,4,0,1,8:16 PM,8:31,ROCKETS Rebound,,,,,2.0,1610612745,,,,,,0,0,,,,,,0,0,,,,,
0021500274,32,2,78,1,8:16 PM,8:23,MISS Beverley 10' Floating Jump Shot,,,,,4.0,201976,Patrick Beverley,1610612745.0,Houston,Rockets,HOU,0,0,,,,,,0,0,,,,,
0021500274,33,4,0,1,8:16 PM,8:22,,,Davis REBOUND (Off:1 Def:4),,,5.0,203076,Anthony Davis,1610612740.0,New Orleans,Pelicans,NOP,0,0,,,,,,0,0,,,,,
0021500274,34,1,7,1,8:16 PM,8:09,,,Asik  Dunk (4 PTS) (Evans 2 AST),9 - 2,-7,5.0,201600,Omer Asik,1610612740.0,New Orleans,Pelicans,NOP,5,201936,Tyreke Evans,1610612740.0,New Orleans,Pelicans,NOP,0,0,,,,,
0021500274,35,2,3,1,8:17 PM,7:48,MISS Capela 5' Hook Shot,,Davis BLOCK (1 BLK),,,4.0,203991,Clint Capela,1610612745.0,Houston,Rockets,HOU,0,0,,,,,,5,203076,Anthony Davis,1610612740.0,New Orleans,Pelicans,NOP
0021500274,36,4,0,1,8:17 PM,7:47,Ariza REBOUND (Off:1 Def:0),,,,,4.0,2772,Trevor Ariza,1610612745.0,Houston,Rockets,HOU,0,0,,,,,,0,0,,,,,
0021500274,37,6,2,1,8:17 PM,7:45,,,Gee S.FOUL (P1.T1) (K.Scott),,,5.0,202087,Alonzo Gee,1610612740.0,New Orleans,Pelicans,NOP,4,203991,Clint Capela,1610612745.0,Houston,Rockets,HOU,1,0,,,,,
0021500274,38,3,11,1,8:17 PM,7:45,Capela Free Throw 1 of 2 (1 PTS),,,9 - 3,-6,4.0,203991,Clint Capela,1610612745.0,Houston,Rockets,HOU,0,0,,,,,,0,0,,,,,
0021500274,40,3,12,1,8:17 PM,7:45,Capela Free Throw 2 of 2 (2 PTS),,,9 - 4,-5,4.0,203991,Clint Capela,1610612745.0,Houston,Rockets,HOU,0,0,,,,,,0,0,,,,,
0021500274,43,1,73,1,8:18 PM,7:25,,,Evans 2' Driving Reverse Layup (2 PTS) (Gee 2 AST),11 - 4,-7,5.0,201936,Tyreke Evans,1610612740.0,New Orleans,Pelicans,NOP,5,202087,Alonzo Gee,1610612740.0,New Orleans,Pelicans,NOP,0,0,,,,,
0021500274,45,8,0,1,8:18 PM,7:06,SUB: Jones FOR Capela,,,,,4.0,203991,Clint Capela,1610612745.0,Houston,Rockets,HOU,4,203093,Terrence Jones,1610612745.0,Houston,Rockets,HOU,0,0,,,,,
0021500274,46,2,1,1,8:18 PM,7:02,MISS Harden 25' 3PT Jump Shot,,,,,4.0,201935,James Harden,1610612745.0,Houston,Rockets,HOU,0,0,,,,,,0,0,,,,,
0021500274,47,4,0,1,8:18 PM,7:01,,,Gordon REBOUND (Off:0 Def:1),,,5.0,201569,Eric Gordon,1610612740.0,New Orleans,Pelicans,NOP,0,0,,,,,,0,0,,,,,
0021500274,48,1,42,1,8:19 PM,6:50,,,Gordon 3' Driving Layup (4 PTS),13 - 4,-9,5.0,201569,Eric Gordon,1610612740.0,New Orleans,Pelicans,NOP,0,0,,,,,,0,0,,,,,
0021500274,49,9,1,1,8:19 PM,6:50,ROCKETS Timeout: Regular (Full 1 Short 0),,,,,2.0,1610612745,,,,,,0,0,,,,,,0,0,,,,,
0021500274,51,1,79,1,8:21 PM,6:38,Harden 14' Pullup Jump Shot (2 PTS),,,13 - 6,-7,4.0,201935,James Harden,1610612745.0,Houston,Rockets,HOU,0,0,,,,,,0,0,,,,,
0021500274,52,6,4,1,8:22 PM,6:23,,,Asik OFF.Foul (P1) (G.Zielinski),,,5.0,201600,Omer Asik,1610612740.0,New Orleans,Pelicans,NOP,4,201976,Patrick Beverley,1610612745.0,Houston,Rockets,HOU,1,0,,,,,
0021500274,53,5,5,1,8:22 PM,6:23,,,Asik Foul Turnover (P1.T1),,,5.0,201600,Omer Asik,1610612740.0,New Orleans,Pelicans,NOP,0,0,,,,,,1,0,,,,,
0021500274,54,2,79,1,8:22 PM,6:10,MISS Harden 16' Pullup Jump Shot,,,,,4.0,201935,James Harden,1610612745.0,Houston,Rockets,HOU,0,0,,,,,,0,0,,,,,
0021500274,55,4,0,1,8:22 PM,6:09,,,Evans REBOUND (Off:0 Def:1),,,5.0,201936,Tyreke Evans,1610612740.0,New Orleans,Pelicans,NOP,0,0,,,,,,0,0,,,,,
0021500274,56,1,3,1,8:22 PM,5:58,,,Davis 5' Hook Shot (5 PTS) (Evans 3 AST),15 - 6,-9,5.0,203076,Anthony Davis,1610612740.0,New Orleans,Pelicans,NOP,5,201936,Tyreke Evans,1610612740.0,New Orleans,Pelicans,NOP,0,0,,,,,
0021500274,57,1,42,1,8:22 PM,5:43,Jones 1' Driving Layup (2 PTS),,,15 - 8,-7,4.0,203093,Terrence Jones,1610612745.0,Houston,Rockets,HOU,0,0,,,,,,0,0,,,,,
0021500274,58,1,1,1,8:23 PM,5:24,,,Gordon 25' 3PT Jump Shot (7 PTS) (Evans 4 AST),18 - 8,-10,5.0,201569,Eric Gordon,1610612740.0,New Orleans,Pelicans,NOP,5,201936,Tyreke Evans,1610612740.0,New Orleans,Pelicans,NOP,0,0,,,,,
0021500274,59,6,2,1,8:23 PM,5:11,,,Gee S.FOUL (P2.T2) (G.Zielinski),,,5.0,202087,Alonzo Gee,1610612740.0,New Orleans,Pelicans,NOP,4,2730,Dwight Howard,1610612745.0,Houston,Rockets,HOU,1,0,,,,,
0021500274,60,3,11,1,8:23 PM,5:11,Howard Free Throw 1 of 2 (1 PTS),,,18 - 9,-9,4.0,2730,Dwight Howard,1610612745.0,Houston,Rockets,HOU,0,0,,,,,,0,0,,,,,
0021500274,62,8,0,1,8:23 PM,5:11,SUB: Lawson FOR Beverley,,,,,4.0,201976,Patrick Beverley,1610612745.0,Houston,Rockets,HOU,4,201951,Ty Lawson,1610612745.0,Houston,Rockets,HOU,0,0,,,,,
0021500274,64,8,0,1,8:24 PM,5:11,SUB: Brewer FOR Ariza,,,,,4.0,2772,Trevor Ariza,1610612745.0,Houston,Rockets,HOU,4,201147,Corey Brewer,1610612745.0,Houston,Rockets,HOU,0,0,,,,,
0021500274,65,8,0,1,8:24 PM,5:11,,,SUB: Cunningham FOR Gee,,,5.0,202087,Alonzo Gee,1610612740.0,New Orleans,Pelicans,NOP,5,201967,Dante Cunningham,1610612740.0,New Orleans,Pelicans,NOP,0,0,,,,,
0021500274,66,3,12,1,8:24 PM,5:11,MISS Howard Free Throw 2 of 2,,,,,4.0,2730,Dwight Howard,1610612745.0,Houston,Rockets,HOU,0,0,,,,,,0,0,,,,,
0021500274,68,4,0,1,8:24 PM,5:11,,,Davis REBOUND (Off:1 Def:5),,,5.0,203076,Anthony Davis,1610612740.0,New Orleans,Pelicans,NOP,0,0,,,,,,0,0,,,,,
0021500274,69,5,1,1,8:24 PM,5:00,,,Davis Bad Pass Turnover (P1.T2),,,5.0,203076,Anthony Davis,1610612740.0,New Orleans,Pelicans,NOP,0,0,,,,,,0,0,,,,,
0021500274,70,1,98,1,8:25 PM,4:44,Brewer 3' Cutting Layup Shot (2 PTS) (Lawson 1 AST),,,18 - 11,-7,4.0,201147,Corey Brewer,1610612745.0,Houston,Rockets,HOU,4,201951,Ty Lawson,1610612745.0,Houston,Rockets,HOU,0,0,,,,,
0021500274,71,1,42,1,8:25 PM,4:32,,,Cunningham 2' Driving Layup (2 PTS) (Asik 1 AST),20 - 11,-9,5.0,201967,Dante Cunningham,1610612740.0,New Orleans,Pelicans,NOP,5,201600,Omer Asik,1610612740.0,New Orleans,Pelicans,NOP,0,0,,,,,
0021500274,72,2,79,1,8:25 PM,4:13,MISS Harden 16' Pullup Jump Shot,,,,,4.0,201935,James Harden,1610612745.0,Houston,Rockets,HOU,0,0,,,,,,0,0,,,,,
0021500274,73,4,0,1,8:25 PM,4:12,,,Davis REBOUND (Off:1 Def:6),,,5.0,203076,Anthony Davis,1610612740.0,New Orleans,Pelicans,NOP,0,0,,,,,,0,0,,,,,
0021500274,74,2,5,1,8:25 PM,4:05,Jones BLOCK (1 BLK),,MISS Evans 2' Layup,,,5.0,201936,Tyreke Evans,1610612740.0,New Orleans,Pelicans,NOP,0,0,,,,,,4,203093,Terrence Jones,1610612745.0,Houston,Rockets,HOU
0021500274,75,4,0,1,8:25 PM,4:03,,,Cunningham REBOUND (Off:1 Def:0),,,5.0,201967,Dante Cunningham,1610612740.0,New Orleans,Pelicans,NOP,0,0,,,,,,0,0,,,,,
0021500274,76,2,5,1,8:25 PM,4:02,Howard BLOCK (1 BLK),,MISS Cunningham 2' Layup,,,5.0,201967,Dante Cunningham,1610612740.0,New Orleans,Pelicans,NOP,0,0,,,,,,4,2730,Dwight Howard,1610612745.0,Houston,Rockets,HOU
0021500274,77,4,0,1,8:25 PM,4:00,Harden REBOUND (Off:0 Def:2),,,,,4.0,201935,James Harden,1610612745.0,Houston,Rockets,HOU,0,0,,,,,,0,0,,,,,
0021500274,78,1,50,1,8:25 PM,3:56,Jones  Running Dunk (4 PTS) (Brewer 1 AST),,,20 - 13,-7,4.0,203093,Terrence Jones,1610612745.0,Houston,Rockets,HOU,4,201147,Corey Brewer,1610612745.0,Houston,Rockets,HOU,0,0,,,,,
0021500274,79,2,63,1,8:26 PM,3:35,,,MISS Evans 4' Fadeaway Jumper,,,5.0,201936,Tyreke Evans,1610612740.0,New Orleans,Pelicans,NOP,0,0,,,,,,0,0,,,,,
0021500274,80,4,0,1,8:26 PM,3:34,Harden REBOUND (Off:0 Def:3),,,,,4.0,201935,James Harden,1610612745.0,Houston,Rockets,HOU,0,0,,,,,,0,0,,,,,
0021500274,81,2,79,1,8:26 PM,3:20,MISS Harden 24' 3PT Pullup Jump Shot,,,,,4.0,201935,James Harden,1610612745.0,Houston,Rockets,HOU,0,0,,,,,,0,0,,,,,
0021500274,82,4,0,1,8:26 PM,3:19,,,Asik REBOUND (Off:1 Def:1),,,5.0,201600,Omer Asik,1610612740.0,New Orleans,Pelicans,NOP,0,0,,,,,,0,0,,,,,
0021500274,83,6,9,1,8:26 PM,3:16,Harden C.P.FOUL (P1.T2) (G.Zielinski),,,,,4.0,201935,James Harden,1610612745.0,Houston,Rockets,HOU,5,203076,Anthony Davis,1610612740.0,New Orleans,Pelicans,NOP,1,0,,,,,
0021500274,84,18,0,1,8:27 PM,3:16,,,,,,,83,,,,,,0,0,,,,,,1,0,,,,,
0021500274,89,8,0,1,8:28 PM,3:16,SUB: Thornton FOR Howard,,,,,4.0,2730,Dwight Howard,1610612745.0,Houston,Rockets,HOU,4,201977,Marcus Thornton,1610612745.0,Houston,Rockets,HOU,0,0,,,,,
0021500274,90,8,0,1,8:28 PM,3:16,SUB: Capela FOR Harden,,,,,4.0,201935,James Harden,1610612745.0,Houston,Rockets,HOU,4,203991,Clint Capela,1610612745.0,Houston,Rockets,HOU,0,0,,,,,
0021500274,91,8,0,1,8:28 PM,3:16,,,SUB: Anderson FOR Asik,,,5.0,201600,Omer Asik,1610612740.0,New Orleans,Pelicans,NOP,5,201583,Ryan Anderson,1610612740.0,New Orleans,Pelicans,NOP,0,0,,,,,
0021500274,92,8,0,1,8:28 PM,3:16,,,SUB: Cole FOR Evans,,,5.0,201936,Tyreke Evans,1610612740.0,New Orleans,Pelicans,NOP,5,202708,Norris Cole,1610612740.0,New Orleans,Pelicans,NOP,0,0,,,,,
0021500274,85,3,25,1,8:28 PM,3:16,,,Davis Free Throw Clear Path 1 of 2 (6 PTS),21 - 13,-8,5.0,203076,Anthony Davis,1610612740.0,New Orleans,Pelicans,NOP,0,0,,,,,,0,0,,,,,
0021500274,87,3,26,1,8:28 PM,3:16,,,MISS Davis Free Throw Clear Path 2 of 2,,,5.0,203076,Anthony Davis,1610612740.0,New Orleans,Pelicans,NOP,0,0,,,,,,0,0,,,,,
0021500274,88,4,1,1,8:28 PM,3:16,,,Pelicans Rebound,,,3.0,1610612740,,,,,,0,0,,,,,,0,0,,,,,
0021500274,94,2,1,1,8:28 PM,3:04,,,MISS Davis 10' Jump Shot,,,5.0,203076,Anthony Davis,1610612740.0,New Orleans,Pelicans,NOP,0,0,,,,,,0,0,,,,,
0021500274,95,4,0,1,8:28 PM,3:03,Capela REBOUND (Off:0 Def:2),,,,,4.0,203991,Clint Capela,1610612745.0,Houston,Rockets,HOU,0,0,,,,,,0,0,,,,,
0021500274,97,6,27,1,8:28 PM,2:57,,,Cole Personal Block Foul (P1.T3) (K.Scott),,,5.0,202708,Norris Cole,1610612740.0,New Orleans,Pelicans,NOP,4,201951,Ty Lawson,1610612745.0,Houston,Rockets,HOU,1,0,,,,,
0021500274,98,9,1,1,8:29 PM,2:57,,,Pelicans Timeout: Regular (Reg.1 Short 0),,,3.0,1610612740,,,,,,0,0,,,,,,0,0,,,,,
0021500274,101,8,0,1,8:31 PM,2:57,,,SUB: Ajinca FOR Davis,,,5.0,203076,Anthony Davis,1610612740.0,New Orleans,Pelicans,NOP,5,201582,Alexis Ajinca,1610612740.0,New Orleans,Pelicans,NOP,0,0,,,,,
0021500274,102,2,42,1,8:31 PM,2:47,MISS Brewer 3' Driving Layup,,,,,4.0,201147,Corey Brewer,1610612745.0,Houston,Rockets,HOU,0,0,,,,,,0,0,,,,,
0021500274,103,4,0,1,8:31 PM,2:46,,,Cunningham REBOUND (Off:1 Def:1),,,5.0,201967,Dante Cunningham,1610612740.0,New Orleans,Pelicans,NOP,0,0,,,,,,0,0,,,,,
0021500274,104,1,98,1,8:31 PM,2:38,,,Ajinca 3' Cutting Layup Shot (2 PTS) (Cole 1 AST),23 - 13,-10,5.0,201582,Alexis Ajinca,1610612740.0,New Orleans,Pelicans,NOP,5,202708,Norris Cole,1610612740.0,New Orleans,Pelicans,NOP,0,0,,,,,
0021500274,105,1,57,1,8:32 PM,2:25,Jones 9' Driving Hook Shot (6 PTS),,,23 - 15,-8,4.0,203093,Terrence Jones,1610612745.0,Houston,Rockets,HOU,0,0,,,,,,0,0,,,,,
0021500274,106,1,42,1,8:32 PM,2:04,,,Gordon 3' Driving Layup (9 PTS),25 - 15,-10,5.0,201569,Eric Gordon,1610612740.0,New Orleans,Pelicans,NOP,0,0,,,,,,0,0,,,,,
0021500274,107,6,2,1,8:32 PM,2:04,Capela S.FOUL (P2.T3) (G.Zielinski),,,,,4.0,203991,Clint Capela,1610612745.0,Houston,Rockets,HOU,5,201569,Eric Gordon,1610612740.0,New Orleans,Pelicans,NOP,1,0,,,,,
0021500274,108,3,10,1,8:32 PM,2:04,,,Gordon Free Throw 1 of 1 (10 PTS),26 - 15,-11,5.0,201569,Eric Gordon,1610612740.0,New Orleans,Pelicans,NOP,0,0,,,,,,0,0,,,,,
0021500274,110,2,42,1,8:33 PM,1:46,MISS Thornton 3' Driving Layup,,,,,4.0,201977,Marcus Thornton,1610612745.0,Houston,Rockets,HOU,0,0,,,,,,0,0,,,,,
0021500274,111,4,0,1,8:33 PM,1:42,,,Cole REBOUND (Off:0 Def:1),,,5.0,202708,Norris Cole,1610612740.0,New Orleans,Pelicans,NOP,0,0,,,,,,0,0,,,,,
0021500274,112,6,26,1,8:33 PM,1:39,,,Cole Offensive Charge Foul (P2.T4) (K.Scott),,,5.0,202708,Norris Cole,1610612740.0,New Orleans,Pelicans,NOP,4,201147,Corey Brewer,1610612745.0,Houston,Rockets,HOU,1,0,,,,,
0021500274,113,5,5,1,8:33 PM,1:39,,,Cole Foul Turnover (P1.T3),,,5.0,202708,Norris Cole,1610612740.0,New Orleans,Pelicans,NOP,0,0,,,,,,1,0,,,,,
0021500274,114,1,1,1,8:33 PM,1:24,Thornton 9' Jump Shot (2 PTS),,,26 - 17,-9,4.0,201977,Marcus Thornton,1610612745.0,Houston,Rockets,HOU,0,0,,,,,,0,0,,,,,
0021500274,115,6,1,1,8:34 PM,1:04,Thornton P.FOUL (P1.T4) (K.Scott),,,,,4.0,201977,Marcus Thornton,1610612745.0,Houston,Rockets,HOU,5,202708,Norris Cole,1610612740.0,New Orleans,Pelicans,NOP,1,0,,,,,
0021500274,116,1,1,1,8:34 PM,0:56,,,Cunningham 24' 3PT Jump Shot (5 PTS) (Gordon 1 AST),29 - 17,-12,5.0,201967,Dante Cunningham,1610612740.0,New Orleans,Pelicans,NOP,5,201569,Eric Gordon,1610612740.0,New Orleans,Pelicans,NOP,0,0,,,,,
0021500274,117,7,5,1,8:34 PM,0:51,,,Cole Violation:Kicked Ball (G.Zielinski),,,5.0,202708,Norris Cole,1610612740.0,New Orleans,Pelicans,NOP,0,0,,,,,,1,0,,,,,
0021500274,118,8,0,1,8:35 PM,0:51,,,SUB: Smith FOR Gordon,,,5.0,201569,Eric Gordon,1610612740.0,New Orleans,Pelicans,NOP,5,202397,Ish Smith,1610612740.0,New Orleans,Pelicans,NOP,0,0,,,,,
0021500274,119,2,1,1,8:35 PM,0:44,MISS Brewer  3PT Jump Shot,,,,,4.0,201147,Corey Brewer,1610612745.0,Houston,Rockets,HOU,0,0,,,,,,0,0,,,,,
0021500274,120,4,0,1,8:35 PM,0:43,,,Cunningham REBOUND (Off:1 Def:2),,,5.0,201967,Dante Cunningham,1610612740.0,New Orleans,Pelicans,NOP,0,0,,,,,,0,0,,,,,
0021500274,121,2,86,1,8:35 PM,0:22,,,MISS Ajinca 8' Turnaround Fadeaway Shot,,,5.0,201582,Alexis Ajinca,1610612740.0,New Orleans,Pelicans,NOP,0,0,,,,,,0,0,,,,,
0021500274,122,4,0,1,8:35 PM,0:22,,,Anderson REBOUND (Off:1 Def:0),,,5.0,201583,Ryan Anderson,1610612740.0,New Orleans,Pelicans,NOP,0,0,,,,,,0,0,,,,,
0021500274,123,5,40,1,8:35 PM,0:21,,,Anderson Out of Bounds Lost Ball Turnover (P1.T4),,,5.0,201583,Ryan Anderson,1610612740.0,New Orleans,Pelicans,NOP,0,0,,,,,,0,0,,,,,
0021500274,124,8,0,1,8:35 PM,0:21,SUB: Harden FOR Capela,,,,,4.0,203991,Clint Capela,1610612745.0,Houston,Rockets,HOU,4,201935,James Harden,1610612745.0,Houston,Rockets,HOU,0,0,,,,,
0021500274,126,2,42,1,8:36 PM,0:02,MISS Lawson 1' Driving Layup,,Ajinca BLOCK (1 BLK),,,4.0,201951,Ty Lawson,1610612745.0,Houston,Rockets,HOU,0,0,,,,,,5,201582,Alexis Ajinca,1610612740.0,New Orleans,Pelicans,NOP
0021500274,127,4,0,1,8:36 PM,0:01,,,Smith REBOUND (Off:0 Def:1),,,5.0,202397,Ish Smith,1610612740.0,New Orleans,Pelicans,NOP,0,0,,,,,,0,0,,,,,
0021500274,128,2,1,1,8:36 PM,0:00,,,MISS Cole 26' 3PT Jump Shot,,,5.0,202708,Norris Cole,1610612740.0,New Orleans,Pelicans,NOP,0,0,,,,,,0,0,,,,,
0021500274,130,4,0,1,8:36 PM,0:00,,,Pelicans Rebound,,,3.0,1610612740,,,,,,0,0,,,,,,0,0,,,,,
0021500274,129,13,0,1,8:36 PM,0:00,,,,29 - 17,-12,0.0,0,,,,,,0,0,,,,,,0,0,,,,,
0021500274,132,12,0,2,8:39 PM,12:00,,,,29 - 17,-12,0.0,0,,,,,,0,0,,,,,,0,0,,,,,
0021500274,133,2,1,2,8:39 PM,11:45,,,MISS Ajinca 16' Jump Shot,,,5.0,201582,Alexis Ajinca,1610612740.0,New Orleans,Pelicans,NOP,0,0,,,,,,0,0,,,,,
0021500274,134,4,0,2,8:39 PM,11:44,Jones REBOUND (Off:0 Def:1),,,,,4.0,203093,Terrence Jones,1610612745.0,Houston,Rockets,HOU,0,0,,,,,,0,0,,,,,
0021500274,135,6,1,2,8:39 PM,11:41,,,Ajinca P.FOUL (P1.T1) (G.Zielinski),,,5.0,201582,Alexis Ajinca,1610612740.0,New Orleans,Pelicans,NOP,4,2730,Dwight Howard,1610612745.0,Houston,Rockets,HOU,1,0,,,,,
0021500274,136,1,79,2,8:40 PM,11:33,Brewer 13' Pullup Jump Shot (4 PTS) (Lawson 2 AST),,,29 - 19,-10,4.0,201147,Corey Brewer,1610612745.0,Houston,Rockets,HOU,4,201951,Ty Lawson,1610612745.0,Houston,Rockets,HOU,0,0,,,,,
0021500274,137,1,1,2,8:40 PM,11:22,,,Anderson 20' Jump Shot (2 PTS) (Cunningham 1 AST),31 - 19,-12,5.0,201583,Ryan Anderson,1610612740.0,New Orleans,Pelicans,NOP,5,201967,Dante Cunningham,1610612740.0,New Orleans,Pelicans,NOP,0,0,,,,,
0021500274,138,2,52,2,8:40 PM,11:05,MISS Howard  Alley Oop Dunk,,,,,4.0,2730,Dwight Howard,1610612745.0,Houston,Rockets,HOU,0,0,,,,,,0,0,,,,,
0021500274,139,4,0,2,8:40 PM,11:04,,,Smith REBOUND (Off:0 Def:2),,,5.0,202397,Ish Smith,1610612740.0,New Orleans,Pelicans,NOP,0,0,,,,,,0,0,,,,,
0021500274,140,5,45,2,8:40 PM,11:03,,,Anderson Out of Bounds - Bad Pass Turnover Turnover (P2.T5),,,5.0,201583,Ryan Anderson,1610612740.0,New Orleans,Pelicans,NOP,0,0,,,,,,0,0,,,,,
0021500274,141,2,1,2,8:41 PM,10:50,MISS Thornton  3PT Jump Shot,,,,,4.0,201977,Marcus Thornton,1610612745.0,Houston,Rockets,HOU,0,0,,,,,,0,0,,,,,
0021500274,142,4,0,2,8:41 PM,10:50,,,Ajinca REBOUND (Off:0 Def:1),,,5.0,201582,Alexis Ajinca,1610612740.0,New Orleans,Pelicans,NOP,0,0,,,,,,0,0,,,,,
0021500274,143,6,26,2,8:41 PM,10:42,,,Ajinca Offensive Charge Foul (P2.T2) (G.Zielinski),,,5.0,201582,Alexis Ajinca,1610612740.0,New Orleans,Pelicans,NOP,4,201147,Corey Brewer,1610612745.0,Houston,Rockets,HOU,1,0,,,,,
0021500274,144,5,5,2,8:41 PM,10:42,,,Ajinca Foul Turnover (P1.T6),,,5.0,201582,Alexis Ajinca,1610612740.0,New Orleans,Pelicans,NOP,0,0,,,,,,1,0,,,,,
0021500274,145,2,1,2,8:41 PM,10:29,MISS Brewer 25' 3PT Jump Shot,,,,,4.0,201147,Corey Brewer,1610612745.0,Houston,Rockets,HOU,0,0,,,,,,0,0,,,,,
0021500274,146,4,0,2,8:41 PM,10:28,,,Anderson REBOUND (Off:1 Def:1),,,5.0,201583,Ryan Anderson,1610612740.0,New Orleans,Pelicans,NOP,0,0,,,,,,0,0,,,,,
0021500274,147,2,1,2,8:41 PM,10:20,,,MISS Cole 25' 3PT Jump Shot,,,5.0,202708,Norris Cole,1610612740.0,New Orleans,Pelicans,NOP,0,0,,,,,,0,0,,,,,
0021500274,148,4,0,2,8:42 PM,10:19,,,Pelicans Rebound,,,3.0,1610612740,,,,,,0,0,,,,,,0,0,,,,,
0021500274,149,8,0,2,8:42 PM,10:19,,,SUB: Asik FOR Ajinca,,,5.0,201582,Alexis Ajinca,1610612740.0,New Orleans,Pelicans,NOP,5,201600,Omer Asik,1610612740.0,New Orleans,Pelicans,NOP,0,0,,,,,
0021500274,150,8,0,2,8:42 PM,10:19,SUB: Beverley FOR Thornton,,,,,4.0,201977,Marcus Thornton,1610612745.0,Houston,Rockets,HOU,4,201976,Patrick Beverley,1610612745.0,Houston,Rockets,HOU,0,0,,,,,
0021500274,151,2,5,2,8:42 PM,10:07,,,MISS Anderson 3' Layup,,,5.0,201583,Ryan Anderson,1610612740.0,New Orleans,Pelicans,NOP,0,0,,,,,,0,0,,,,,
0021500274,152,4,0,2,8:42 PM,10:06,,,Anderson REBOUND (Off:2 Def:1),,,5.0,201583,Ryan Anderson,1610612740.0,New Orleans,Pelicans,NOP,0,0,,,,,,0,0,,,,,
0021500274,153,6,2,2,8:42 PM,10:06,Howard S.FOUL (P1.T1) (G.Zielinski),,,,,4.0,2730,Dwight Howard,1610612745.0,Houston,Rockets,HOU,5,201583,Ryan Anderson,1610612740.0,New Orleans,Pelicans,NOP,1,0,,,,,
0021500274,154,3,11,2,8:43 PM,10:06,,,Anderson Free Throw 1 of 2 (3 PTS),32 - 19,-13,5.0,201583,Ryan Anderson,1610612740.0,New Orleans,Pelicans,NOP,0,0,,,,,,0,0,,,,,
0021500274,156,3,12,2,8:43 PM,10:06,,,Anderson Free Throw 2 of 2 (4 PTS),33 - 19,-14,5.0,201583,Ryan Anderson,1610612740.0,New Orleans,Pelicans,NOP,0,0,,,,,,0,0,,,,,
0021500274,159,5,36,2,8:43 PM,9:54,Howard Illegal Screen Turnover (P1.T2),,,,,4.0,2730,Dwight Howard,1610612745.0,Houston,Rockets,HOU,0,0,,,,,,1,0,,,,,
0021500274,160,2,5,2,8:44 PM,9:40,,,MISS Anderson 3' Layup,,,5.0,201583,Ryan Anderson,1610612740.0,New Orleans,Pelicans,NOP,0,0,,,,,,0,0,,,,,
0021500274,163,4,0,2,8:44 PM,9:38,Howard REBOUND (Off:1 Def:2),,,,,4.0,2730,Dwight Howard,1610612745.0,Houston,Rockets,HOU,0,0,,,,,,0,0,,,,,
0021500274,164,1,1,2,8:44 PM,9:29,Jones 25' 3PT Jump Shot (9 PTS) (Beverley 1 AST),,,33 - 22,-11,4.0,203093,Terrence Jones,1610612745.0,Houston,Rockets,HOU,4,201976,Patrick Beverley,1610612745.0,Houston,Rockets,HOU,0,0,,,,,
0021500274,165,1,1,2,8:44 PM,9:17,,,Anderson 24' 3PT Jump Shot (7 PTS) (Smith 1 AST),36 - 22,-14,5.0,201583,Ryan Anderson,1610612740.0,New Orleans,Pelicans,NOP,5,202397,Ish Smith,1610612740.0,New Orleans,Pelicans,NOP,0,0,,,,,
0021500274,166,2,78,2,8:44 PM,9:04,MISS Brewer 5' Floating Jump Shot,,,,,4.0,201147,Corey Brewer,1610612745.0,Houston,Rockets,HOU,0,0,,,,,,0,0,,,,,
0021500274,167,4,0,2,8:44 PM,9:03,,,Smith REBOUND (Off:0 Def:3),,,5.0,202397,Ish Smith,1610612740.0,New Orleans,Pelicans,NOP,0,0,,,,,,0,0,,,,,
0021500274,168,6,1,2,8:44 PM,9:02,Beverley P.FOUL (P1.T2) (G.Zielinski),,,,,4.0,201976,Patrick Beverley,1610612745.0,Houston,Rockets,HOU,5,202397,Ish Smith,1610612740.0,New Orleans,Pelicans,NOP,1,0,,,,,
0021500274,169,8,0,2,8:45 PM,9:02,SUB: Harden FOR Brewer,,,,,4.0,201147,Corey Brewer,1610612745.0,Houston,Rockets,HOU,4,201935,James Harden,1610612745.0,Houston,Rockets,HOU,0,0,,,,,
0021500274,170,2,86,2,8:45 PM,8:48,,,MISS Anderson 13' Turnaround Fadeaway Shot,,,5.0,201583,Ryan Anderson,1610612740.0,New Orleans,Pelicans,NOP,0,0,,,,,,0,0,,,,,
0021500274,171,4,0,2,8:45 PM,8:47,Howard REBOUND (Off:1 Def:3),,,,,4.0,2730,Dwight Howard,1610612745.0,Houston,Rockets,HOU,0,0,,,,,,0,0,,,,,
0021500274,172,1,1,2,8:46 PM,8:35,Beverley 24' 3PT Jump Shot (3 PTS) (Jones 1 AST),,,36 - 25,-11,4.0,201976,Patrick Beverley,1610612745.0,Houston,Rockets,HOU,4,203093,Terrence Jones,1610612745.0,Houston,Rockets,HOU,0,0,,,,,
0021500274,173,2,79,2,8:46 PM,8:24,,,MISS Cole 17' Pullup Jump Shot,,,5.0,202708,Norris Cole,1610612740.0,New Orleans,Pelicans,NOP,0,0,,,,,,0,0,,,,,
0021500274,174,4,0,2,8:46 PM,8:23,Harden REBOUND (Off:0 Def:4),,,,,4.0,201935,James Harden,1610612745.0,Houston,Rockets,HOU,0,0,,,,,,0,0,,,,,
0021500274,175,2,1,2,8:46 PM,8:15,MISS Beverley 24' 3PT Jump Shot,,,,,4.0,201976,Patrick Beverley,1610612745.0,Houston,Rockets,HOU,0,0,,,,,,0,0,,,,,
0021500274,176,4,0,2,8:46 PM,8:15,,,Smith REBOUND (Off:0 Def:4),,,5.0,202397,Ish Smith,1610612740.0,New Orleans,Pelicans,NOP,0,0,,,,,,0,0,,,,,
0021500274,177,2,57,2,8:46 PM,8:01,,,MISS Cole 5' Driving Hook Shot,,,5.0,202708,Norris Cole,1610612740.0,New Orleans,Pelicans,NOP,0,0,,,,,,0,0,,,,,
0021500274,178,4,0,2,8:46 PM,8:00,Howard REBOUND (Off:1 Def:4),,,,,4.0,2730,Dwight Howard,1610612745.0,Houston,Rockets,HOU,0,0,,,,,,0,0,,,,,
0021500274,179,1,42,2,8:46 PM,7:48,Lawson 2' Driving Layup (2 PTS) (Harden 1 AST),,,36 - 27,-9,4.0,201951,Ty Lawson,1610612745.0,Houston,Rockets,HOU,4,201935,James Harden,1610612745.0,Houston,Rockets,HOU,0,0,,,,,
0021500274,180,9,1,2,8:47 PM,7:41,,,Pelicans Timeout: Regular (Reg.2 Short 0),,,3.0,1610612740,,,,,,0,0,,,,,,0,0,,,,,
0021500274,182,8,0,2,8:48 PM,7:41,SUB: Capela FOR Jones,,,,,4.0,203093,Terrence Jones,1610612745.0,Houston,Rockets,HOU,4,203991,Clint Capela,1610612745.0,Houston,Rockets,HOU,0,0,,,,,
0021500274,183,8,0,2,8:49 PM,7:41,,,SUB: Davis FOR Cunningham,,,5.0,201967,Dante Cunningham,1610612740.0,New Orleans,Pelicans,NOP,5,203076,Anthony Davis,1610612740.0,New Orleans,Pelicans,NOP,0,0,,,,,
0021500274,184,8,0,2,8:49 PM,7:41,,,SUB: Gee FOR Anderson,,,5.0,201583,Ryan Anderson,1610612740.0,New Orleans,Pelicans,NOP,5,202087,Alonzo Gee,1610612740.0,New Orleans,Pelicans,NOP,0,0,,,,,
0021500274,185,8,0,2,8:49 PM,7:41,,,SUB: Evans FOR Cole,,,5.0,202708,Norris Cole,1610612740.0,New Orleans,Pelicans,NOP,5,201936,Tyreke Evans,1610612740.0,New Orleans,Pelicans,NOP,0,0,,,,,
0021500274,186,8,0,2,8:49 PM,7:41,,,SUB: Gordon FOR Smith,,,5.0,202397,Ish Smith,1610612740.0,New Orleans,Pelicans,NOP,5,201569,Eric Gordon,1610612740.0,New Orleans,Pelicans,NOP,0,0,,,,,
0021500274,187,6,2,2,8:49 PM,7:24,Beverley S.FOUL (P2.T3) (B.Forte),,,,,4.0,201976,Patrick Beverley,1610612745.0,Houston,Rockets,HOU,5,203076,Anthony Davis,1610612740.0,New Orleans,Pelicans,NOP,1,0,,,,,
0021500274,188,3,11,2,8:50 PM,7:24,,,Davis Free Throw 1 of 2 (7 PTS),37 - 27,-10,5.0,203076,Anthony Davis,1610612740.0,New Orleans,Pelicans,NOP,0,0,,,,,,0,0,,,,,
0021500274,190,3,12,2,8:50 PM,7:24,,,Davis Free Throw 2 of 2 (8 PTS),38 - 27,-11,5.0,203076,Anthony Davis,1610612740.0,New Orleans,Pelicans,NOP,0,0,,,,,,0,0,,,,,
0021500274,193,7,2,2,8:50 PM,7:10,,,Asik Violation:Defensive Goaltending (G.Zielinski),,,5.0,201600,Omer Asik,1610612740.0,New Orleans,Pelicans,NOP,0,0,,,,,,1,0,,,,,
0021500274,192,1,42,2,8:50 PM,7:10,Harden 4' Driving Layup (4 PTS),,,38 - 29,-9,4.0,201935,James Harden,1610612745.0,Houston,Rockets,HOU,0,0,,,,,,0,0,,,,,
0021500274,194,2,47,2,8:51 PM,6:50,,,MISS Davis 9' Turnaround Jump Shot,,,5.0,203076,Anthony Davis,1610612740.0,New Orleans,Pelicans,NOP,0,0,,,,,,0,0,,,,,
0021500274,195,4,0,2,8:51 PM,6:49,,,Pelicans Rebound,,,3.0,1610612740,,,,,,0,0,,,,,,0,0,,,,,
0021500274,196,6,3,2,8:51 PM,6:49,Howard L.B.FOUL (P2.T4) (G.Zielinski),,,,,4.0,2730,Dwight Howard,1610612745.0,Houston,Rockets,HOU,5,201600,Omer Asik,1610612740.0,New Orleans,Pelicans,NOP,1,0,,,,,
0021500274,197,2,1,2,8:51 PM,6:37,,,MISS Davis 25' 3PT Jump Shot,,,5.0,203076,Anthony Davis,1610612740.0,New Orleans,Pelicans,NOP,0,0,,,,,,0,0,,,,,
0021500274,198,4,0,2,8:51 PM,6:37,Howard REBOUND (Off:1 Def:5),,,,,4.0,2730,Dwight Howard,1610612745.0,Houston,Rockets,HOU,0,0,,,,,,0,0,,,,,
0021500274,199,6,1,2,8:51 PM,6:28,,,Gordon P.FOUL (P1.T3) (G.Zielinski),,,5.0,201569,Eric Gordon,1610612740.0,New Orleans,Pelicans,NOP,4,201951,Ty Lawson,1610612745.0,Houston,Rockets,HOU,1,0,,,,,
0021500274,200,1,5,2,8:52 PM,6:18,Capela 4' Layup (4 PTS) (Beverley 2 AST),,,38 - 31,-7,4.0,203991,Clint Capela,1610612745.0,Houston,Rockets,HOU,4,201976,Patrick Beverley,1610612745.0,Houston,Rockets,HOU,0,0,,,,,
0021500274,201,6,2,2,8:52 PM,6:18,,,Asik S.FOUL (P2.T4) (B.Forte),,,5.0,201600,Omer Asik,1610612740.0,New Orleans,Pelicans,NOP,4,203991,Clint Capela,1610612745.0,Houston,Rockets,HOU,1,0,,,,,
0021500274,203,8,0,2,8:52 PM,6:18,SUB: Ariza FOR Lawson,,,,,4.0,201951,Ty Lawson,1610612745.0,Houston,Rockets,HOU,4,2772,Trevor Ariza,1610612745.0,Houston,Rockets,HOU,0,0,,,,,
0021500274,206,7,3,2,8:52 PM,6:18,,,Asik Violation:Lane (G.Zielinski),,,5.0,201600,Omer Asik,1610612740.0,New Orleans,Pelicans,NOP,0,0,,,,,,1,0,,,,,
0021500274,208,3,10,2,8:53 PM,6:18,MISS Capela Free Throw 1 of 1,,,,,4.0,203991,Clint Capela,1610612745.0,Houston,Rockets,HOU,0,0,,,,,,0,0,,,,,
0021500274,210,4,0,2,8:53 PM,6:18,Howard REBOUND (Off:2 Def:5),,,,,4.0,2730,Dwight Howard,1610612745.0,Houston,Rockets,HOU,0,0,,,,,,0,0,,,,,
0021500274,211,2,1,2,8:53 PM,6:13,MISS Ariza 25' 3PT Jump Shot,,,,,4.0,2772,Trevor Ariza,1610612745.0,Houston,Rockets,HOU,0,0,,,,,,0,0,,,,,
0021500274,212,4,0,2,8:53 PM,6:11,,,Pelicans Rebound,,,3.0,1610612740,,,,,,0,0,,,,,,0,0,,,,,
0021500274,213,2,63,2,8:54 PM,5:46,,,MISS Gordon 25' 3PT Fadeaway Jumper,,,5.0,201569,Eric Gordon,1610612740.0,New Orleans,Pelicans,NOP,0,0,,,,,,0,0,,,,,
0021500274,214,4,0,2,8:54 PM,5:45,Howard REBOUND (Off:2 Def:6),,,,,4.0,2730,Dwight Howard,1610612745.0,Houston,Rockets,HOU,0,0,,,,,,0,0,,,,,
0021500274,215,2,1,2,8:54 PM,5:38,MISS Harden 25' 3PT Jump Shot,,,,,4.0,201935,James Harden,1610612745.0,Houston,Rockets,HOU,0,0,,,,,,0,0,,,,,
0021500274,216,4,0,2,8:54 PM,5:37,Capela REBOUND (Off:1 Def:2),,,,,4.0,203991,Clint Capela,1610612745.0,Houston,Rockets,HOU,0,0,,,,,,0,0,,,,,
0021500274,217,9,2,2,8:54 PM,5:25,ROCKETS Timeout: Short (Full 1 Short 1),,,,,2.0,1610612745,,,,,,0,0,,,,,,0,0,,,,,
0021500274,218,6,11,2,8:54 PM,5:25,,,Evans T.FOUL (P0.T4) (G.Zielinski),,,5.0,201936,Tyreke Evans,1610612740.0,New Orleans,Pelicans,NOP,0,0,,,,,,1,0,,,,,
0021500274,219,9,1,2,8:55 PM,5:25,,,,,,1.0,0,,,,,,0,0,,,,,,0,0,,,,,
0021500274,221,8,0,2,8:57 PM,5:25,SUB: Jones FOR Howard,,,,,4.0,2730,Dwight Howard,1610612745.0,Houston,Rockets,HOU,4,203093,Terrence Jones,1610612745.0,Houston,Rockets,HOU,0,0,,,,,
0021500274,222,3,16,2,8:58 PM,5:25,Harden Free Throw Technical (5 PTS),,,38 - 32,-6,4.0,201935,James Harden,1610612745.0,Houston,Rockets,HOU,0,0,,,,,,0,0,,,,,
0021500274,224,8,0,2,8:58 PM,5:25,,,SUB: Anderson FOR Asik,,,5.0,201600,Omer Asik,1610612740.0,New Orleans,Pelicans,NOP,5,201583,Ryan Anderson,1610612740.0,New Orleans,Pelicans,NOP,0,0,,,,,
0021500274,225,1,1,2,8:58 PM,5:08,Beverley 25' 3PT Jump Shot (6 PTS) (Harden 2 AST),,,38 - 35,-3,4.0,201976,Patrick Beverley,1610612745.0,Houston,Rockets,HOU,4,201935,James Harden,1610612745.0,Houston,Rockets,HOU,0,0,,,,,
0021500274,226,2,42,2,8:59 PM,4:48,,,MISS Davis 3' Driving Layup,,,5.0,203076,Anthony Davis,1610612740.0,New Orleans,Pelicans,NOP,0,0,,,,,,0,0,,,,,
0021500274,227,4,0,2,8:59 PM,4:47,Beverley REBOUND (Off:0 Def:1),,,,,4.0,201976,Patrick Beverley,1610612745.0,Houston,Rockets,HOU,0,0,,,,,,0,0,,,,,
0021500274,228,1,41,2,8:59 PM,4:41,Jones 4' Running Layup (11 PTS) (Beverley 3 AST),,,38 - 37,-1,4.0,203093,Terrence Jones,1610612745.0,Houston,Rockets,HOU,4,201976,Patrick Beverley,1610612745.0,Houston,Rockets,HOU,0,0,,,,,
0021500274,229,6,1,2,8:59 PM,4:33,Capela P.FOUL (P3.PN) (K.Scott),,,,,4.0,203991,Clint Capela,1610612745.0,Houston,Rockets,HOU,5,201936,Tyreke Evans,1610612740.0,New Orleans,Pelicans,NOP,1,0,,,,,
0021500274,231,3,11,2,8:59 PM,4:33,,,Evans Free Throw 1 of 2 (3 PTS),39 - 37,-2,5.0,201936,Tyreke Evans,1610612740.0,New Orleans,Pelicans,NOP,0,0,,,,,,0,0,,,,,
0021500274,233,8,0,2,8:59 PM,4:33,SUB: Howard FOR Capela,,,,,4.0,203991,Clint Capela,1610612745.0,Houston,Rockets,HOU,4,2730,Dwight Howard,1610612745.0,Houston,Rockets,HOU,0,0,,,,,
0021500274,234,3,12,2,9:00 PM,4:33,,,MISS Evans Free Throw 2 of 2,,,5.0,201936,Tyreke Evans,1610612740.0,New Orleans,Pelicans,NOP,0,0,,,,,,0,0,,,,,
0021500274,236,4,0,2,9:00 PM,4:33,Harden REBOUND (Off:0 Def:5),,,,,4.0,201935,James Harden,1610612745.0,Houston,Rockets,HOU,0,0,,,,,,0,0,,,,,
0021500274,237,2,5,2,9:00 PM,4:21,MISS Jones 1' Layup,,,,,4.0,203093,Terrence Jones,1610612745.0,Houston,Rockets,HOU,0,0,,,,,,0,0,,,,,
0021500274,238,4,0,2,9:00 PM,4:21,ROCKETS Rebound,,,,,2.0,1610612745,,,,,,0,0,,,,,,0,0,,,,,
0021500274,239,1,5,2,9:00 PM,4:18,Ariza 3' Layup (4 PTS) (Beverley 4 AST),,,39 - 39,TIE,4.0,2772,Trevor Ariza,1610612745.0,Houston,Rockets,HOU,4,201976,Patrick Beverley,1610612745.0,Houston,Rockets,HOU,0,0,,,,,
0021500274,240,6,2,2,9:00 PM,4:18,,,Gordon S.FOUL (P2.PN) (G.Zielinski),,,5.0,201569,Eric Gordon,1610612740.0,New Orleans,Pelicans,NOP,4,2772,Trevor Ariza,1610612745.0,Houston,Rockets,HOU,1,0,,,,,
0021500274,241,3,10,2,9:01 PM,4:18,Ariza Free Throw 1 of 1 (5 PTS),,,39 - 40,1,4.0,2772,Trevor Ariza,1610612745.0,Houston,Rockets,HOU,0,0,,,,,,0,0,,,,,
0021500274,243,5,2,2,9:01 PM,4:08,Beverley STEAL (1 STL),,Evans Lost Ball Turnover (P1.T7),,,5.0,201936,Tyreke Evans,1610612740.0,New Orleans,Pelicans,NOP,4,201976,Patrick Beverley,1610612745.0,Houston,Rockets,HOU,0,0,,,,,
0021500274,244,2,5,2,9:01 PM,4:04,MISS Jones 2' Layup,,,,,4.0,203093,Terrence Jones,1610612745.0,Houston,Rockets,HOU,0,0,,,,,,0,0,,,,,
0021500274,245,4,0,2,9:01 PM,4:04,ROCKETS Rebound,,,,,2.0,1610612745,,,,,,0,0,,,,,,0,0,,,,,
0021500274,246,2,1,2,9:02 PM,3:59,MISS Beverley 25' 3PT Jump Shot,,,,,4.0,201976,Patrick Beverley,1610612745.0,Houston,Rockets,HOU,0,0,,,,,,0,0,,,,,
0021500274,247,4,0,2,9:02 PM,3:58,,,Evans REBOUND (Off:0 Def:2),,,5.0,201936,Tyreke Evans,1610612740.0,New Orleans,Pelicans,NOP,0,0,,,,,,0,0,,,,,
0021500274,248,2,41,2,9:02 PM,3:53,Jones BLOCK (2 BLK),,MISS Davis 2' Running Layup,,,5.0,203076,Anthony Davis,1610612740.0,New Orleans,Pelicans,NOP,0,0,,,,,,4,203093,Terrence Jones,1610612745.0,Houston,Rockets,HOU
0021500274,250,4,0,2,9:02 PM,3:52,,,Gee REBOUND (Off:1 Def:0),,,5.0,202087,Alonzo Gee,1610612740.0,New Orleans,Pelicans,NOP,0,0,,,,,,0,0,,,,,
0021500274,249,1,87,2,9:02 PM,3:52,,,Gee  Putback Dunk (2 PTS),41 - 40,-1,5.0,202087,Alonzo Gee,1610612740.0,New Orleans,Pelicans,NOP,0,0,,,,,,0,0,,,,,
0021500274,251,6,1,2,9:02 PM,3:42,,,Davis P.FOUL (P1.PN) (K.Scott),,,5.0,203076,Anthony Davis,1610612740.0,New Orleans,Pelicans,NOP,4,2730,Dwight Howard,1610612745.0,Houston,Rockets,HOU,1,0,,,,,
0021500274,252,3,11,2,9:02 PM,3:42,MISS Howard Free Throw 1 of 2,,,,,4.0,2730,Dwight Howard,1610612745.0,Houston,Rockets,HOU,0,0,,,,,,0,0,,,,,
0021500274,253,4,1,2,9:02 PM,3:42,ROCKETS Rebound,,,,,2.0,1610612745,,,,,,0,0,,,,,,0,0,,,,,
0021500274,254,3,12,2,9:03 PM,3:42,MISS Howard Free Throw 2 of 2,,,,,4.0,2730,Dwight Howard,1610612745.0,Houston,Rockets,HOU,0,0,,,,,,0,0,,,,,
0021500274,256,4,0,2,9:03 PM,3:42,,,Anderson REBOUND (Off:2 Def:2),,,5.0,201583,Ryan Anderson,1610612740.0,New Orleans,Pelicans,NOP,0,0,,,,,,0,0,,,,,
0021500274,257,6,17,2,9:03 PM,3:29,ROCKETS T.Foul (Def. 3 Sec Howard ) (B.Forte),,,,,4.0,2730,Dwight Howard,1610612745.0,Houston,Rockets,HOU,0,0,,,,,,1,0,,,,,
0021500274,258,3,16,2,9:03 PM,3:29,,,Davis Free Throw Technical (9 PTS),42 - 40,-2,5.0,203076,Anthony Davis,1610612740.0,New Orleans,Pelicans,NOP,0,0,,,,,,0,0,,,,,
0021500274,263,6,2,2,9:04 PM,3:19,Beverley S.FOUL (P3.PN) (K.Scott),,,,,4.0,201976,Patrick Beverley,1610612745.0,Houston,Rockets,HOU,5,201936,Tyreke Evans,1610612740.0,New Orleans,Pelicans,NOP,1,0,,,,,
0021500274,264,3,11,2,9:04 PM,3:19,,,Evans Free Throw 1 of 2 (4 PTS),43 - 40,-3,5.0,201936,Tyreke Evans,1610612740.0,New Orleans,Pelicans,NOP,0,0,,,,,,0,0,,,,,
0021500274,266,3,12,2,9:05 PM,3:19,,,Evans Free Throw 2 of 2 (5 PTS),44 - 40,-4,5.0,201936,Tyreke Evans,1610612740.0,New Orleans,Pelicans,NOP,0,0,,,,,,0,0,,,,,
0021500274,269,2,1,2,9:05 PM,2:59,MISS Howard 3' Jump Shot,,,,,4.0,2730,Dwight Howard,1610612745.0,Houston,Rockets,HOU,0,0,,,,,,0,0,,,,,
0021500274,270,4,0,2,9:05 PM,2:58,Jones REBOUND (Off:1 Def:1),,,,,4.0,203093,Terrence Jones,1610612745.0,Houston,Rockets,HOU,0,0,,,,,,0,0,,,,,
0021500274,271,2,5,2,9:05 PM,2:57,MISS Jones 2' Layup,,,,,4.0,203093,Terrence Jones,1610612745.0,Houston,Rockets,HOU,0,0,,,,,,0,0,,,,,
0021500274,272,4,0,2,9:05 PM,2:56,,,Anderson REBOUND (Off:2 Def:3),,,5.0,201583,Ryan Anderson,1610612740.0,New Orleans,Pelicans,NOP,0,0,,,,,,0,0,,,,,
0021500274,273,2,42,2,9:05 PM,2:39,,,MISS Evans 2' Driving Layup,,,5.0,201936,Tyreke Evans,1610612740.0,New Orleans,Pelicans,NOP,0,0,,,,,,0,0,,,,,
0021500274,274,4,0,2,9:05 PM,2:37,,,Davis REBOUND (Off:2 Def:6),,,5.0,203076,Anthony Davis,1610612740.0,New Orleans,Pelicans,NOP,0,0,,,,,,0,0,,,,,
0021500274,275,1,63,2,9:05 PM,2:35,,,Davis 5' Fadeaway Jumper (11 PTS),46 - 40,-6,5.0,203076,Anthony Davis,1610612740.0,New Orleans,Pelicans,NOP,0,0,,,,,,0,0,,,,,
0021500274,276,9,1,2,9:06 PM,2:34,ROCKETS Timeout: Regular (Full 2 Short 1),,,,,2.0,1610612745,,,,,,0,0,,,,,,0,0,,,,,
0021500274,278,8,0,2,9:08 PM,2:34,SUB: Lawson FOR Beverley,,,,,4.0,201976,Patrick Beverley,1610612745.0,Houston,Rockets,HOU,4,201951,Ty Lawson,1610612745.0,Houston,Rockets,HOU,0,0,,,,,
0021500274,280,2,58,2,9:10 PM,2:15,MISS Jones 8' Turnaround Hook Shot,,Davis BLOCK (2 BLK),,,4.0,203093,Terrence Jones,1610612745.0,Houston,Rockets,HOU,0,0,,,,,,5,203076,Anthony Davis,1610612740.0,New Orleans,Pelicans,NOP
0021500274,281,4,0,2,9:10 PM,2:14,,,Evans REBOUND (Off:0 Def:3),,,5.0,201936,Tyreke Evans,1610612740.0,New Orleans,Pelicans,NOP,0,0,,,,,,0,0,,,,,
0021500274,282,2,1,2,9:10 PM,2:06,,,MISS Anderson 26' 3PT Jump Shot,,,5.0,201583,Ryan Anderson,1610612740.0,New Orleans,Pelicans,NOP,0,0,,,,,,0,0,,,,,
0021500274,283,4,0,2,9:10 PM,2:04,,,Anderson REBOUND (Off:3 Def:3),,,5.0,201583,Ryan Anderson,1610612740.0,New Orleans,Pelicans,NOP,0,0,,,,,,0,0,,,,,
0021500274,284,5,1,2,9:10 PM,2:02,,,Anderson Bad Pass Turnover (P3.T8),,,5.0,201583,Ryan Anderson,1610612740.0,New Orleans,Pelicans,NOP,0,0,,,,,,0,0,,,,,
0021500274,285,6,3,2,9:10 PM,2:02,,,Anderson L.B.FOUL (P1.PN) (B.Forte),,,5.0,201583,Ryan Anderson,1610612740.0,New Orleans,Pelicans,NOP,4,201935,James Harden,1610612745.0,Houston,Rockets,HOU,1,0,,,,,
0021500274,286,3,11,2,9:10 PM,2:02,Harden Free Throw 1 of 2 (6 PTS),,,46 - 41,-5,4.0,201935,James Harden,1610612745.0,Houston,Rockets,HOU,0,0,,,,,,0,0,,,,,
0021500274,288,3,12,2,9:11 PM,2:02,Harden Free Throw 2 of 2 (7 PTS),,,46 - 42,-4,4.0,201935,James Harden,1610612745.0,Houston,Rockets,HOU,0,0,,,,,,0,0,,,,,
0021500274,290,5,1,2,9:11 PM,1:49,,,Davis Bad Pass Turnover (P2.T9),,,5.0,203076,Anthony Davis,1610612740.0,New Orleans,Pelicans,NOP,0,0,,,,,,0,0,,,,,
0021500274,291,6,1,2,9:11 PM,1:44,,,Gee P.FOUL (P3.PN) (G.Zielinski),,,5.0,202087,Alonzo Gee,1610612740.0,New Orleans,Pelicans,NOP,4,201951,Ty Lawson,1610612745.0,Houston,Rockets,HOU,1,0,,,,,
0021500274,292,3,11,2,9:11 PM,1:44,Lawson Free Throw 1 of 2 (3 PTS),,,46 - 43,-3,4.0,201951,Ty Lawson,1610612745.0,Houston,Rockets,HOU,0,0,,,,,,0,0,,,,,
0021500274,294,8,0,2,9:12 PM,1:44,,,SUB: Cole FOR Gee,,,5.0,202087,Alonzo Gee,1610612740.0,New Orleans,Pelicans,NOP,5,202708,Norris Cole,1610612740.0,New Orleans,Pelicans,NOP,0,0,,,,,
0021500274,295,3,12,2,9:12 PM,1:44,Lawson Free Throw 2 of 2 (4 PTS),,,46 - 44,-2,4.0,201951,Ty Lawson,1610612745.0,Houston,Rockets,HOU,0,0,,,,,,0,0,,,,,
0021500274,298,1,75,2,9:12 PM,1:31,,,Evans 2' Driving Finger Roll Layup (7 PTS),48 - 44,-4,5.0,201936,Tyreke Evans,1610612740.0,New Orleans,Pelicans,NOP,0,0,,,,,,0,0,,,,,
0021500274,299,6,1,2,9:12 PM,1:25,,,Anderson P.FOUL (P2.PN) (K.Scott),,,5.0,201583,Ryan Anderson,1610612740.0,New Orleans,Pelicans,NOP,4,2730,Dwight Howard,1610612745.0,Houston,Rockets,HOU,1,0,,,,,
0021500274,300,3,11,2,9:13 PM,1:25,Howard Free Throw 1 of 2 (2 PTS),,,48 - 45,-3,4.0,2730,Dwight Howard,1610612745.0,Houston,Rockets,HOU,0,0,,,,,,0,0,,,,,
0021500274,302,3,12,2,9:13 PM,1:25,MISS Howard Free Throw 2 of 2,,,,,4.0,2730,Dwight Howard,1610612745.0,Houston,Rockets,HOU,0,0,,,,,,0,0,,,,,
0021500274,304,4,0,2,9:13 PM,1:24,Howard REBOUND (Off:3 Def:6),,,,,4.0,2730,Dwight Howard,1610612745.0,Houston,Rockets,HOU,0,0,,,,,,0,0,,,,,
0021500274,305,6,3,2,9:13 PM,1:24,,,Anderson L.B.FOUL (P3.PN) (B.Forte),,,5.0,201583,Ryan Anderson,1610612740.0,New Orleans,Pelicans,NOP,4,201935,James Harden,1610612745.0,Houston,Rockets,HOU,1,0,,,,,
0021500274,306,3,11,2,9:14 PM,1:24,Harden Free Throw 1 of 2 (8 PTS),,,48 - 46,-2,4.0,201935,James Harden,1610612745.0,Houston,Rockets,HOU,0,0,,,,,,0,0,,,,,
0021500274,308,8,0,2,9:14 PM,1:24,,,SUB: Asik FOR Anderson,,,5.0,201583,Ryan Anderson,1610612740.0,New Orleans,Pelicans,NOP,5,201600,Omer Asik,1610612740.0,New Orleans,Pelicans,NOP,0,0,,,,,
0021500274,309,3,12,2,9:14 PM,1:24,MISS Harden Free Throw 2 of 2,,,,,4.0,201935,James Harden,1610612745.0,Houston,Rockets,HOU,0,0,,,,,,0,0,,,,,
0021500274,311,4,0,2,9:14 PM,1:24,,,Gordon REBOUND (Off:0 Def:2),,,5.0,201569,Eric Gordon,1610612740.0,New Orleans,Pelicans,NOP,0,0,,,,,,0,0,,,,,
0021500274,314,1,1,2,9:15 PM,1:03,,,Davis 18' Jump Shot (13 PTS) (Evans 5 AST),50 - 46,-4,5.0,203076,Anthony Davis,1610612740.0,New Orleans,Pelicans,NOP,5,201936,Tyreke Evans,1610612740.0,New Orleans,Pelicans,NOP,0,0,,,,,
0021500274,315,2,1,2,9:15 PM,0:41,MISS Jones 26' 3PT Jump Shot,,,,,4.0,203093,Terrence Jones,1610612745.0,Houston,Rockets,HOU,0,0,,,,,,0,0,,,,,
0021500274,316,4,0,2,9:15 PM,0:41,,,Evans REBOUND (Off:0 Def:4),,,5.0,201936,Tyreke Evans,1610612740.0,New Orleans,Pelicans,NOP,0,0,,,,,,0,0,,,,,
0021500274,317,2,1,2,9:15 PM,0:28,,,MISS Cole 26' 3PT Jump Shot,,,5.0,202708,Norris Cole,1610612740.0,New Orleans,Pelicans,NOP,0,0,,,,,,0,0,,,,,
0021500274,318,4,0,2,9:15 PM,0:26,Harden REBOUND (Off:0 Def:6),,,,,4.0,201935,James Harden,1610612745.0,Houston,Rockets,HOU,0,0,,,,,,0,0,,,,,
0021500274,319,1,50,2,9:15 PM,0:21,Ariza  Running Dunk (7 PTS) (Harden 3 AST),,,50 - 48,-2,4.0,2772,Trevor Ariza,1610612745.0,Houston,Rockets,HOU,4,201935,James Harden,1610612745.0,Houston,Rockets,HOU,0,0,,,,,
0021500274,320,2,73,2,9:16 PM,0:03,,,MISS Evans 3' Driving Reverse Layup,,,5.0,201936,Tyreke Evans,1610612740.0,New Orleans,Pelicans,NOP,0,0,,,,,,0,0,,,,,
0021500274,321,4,0,2,9:16 PM,0:02,Jones REBOUND (Off:1 Def:2),,,,,4.0,203093,Terrence Jones,1610612745.0,Houston,Rockets,HOU,0,0,,,,,,0,0,,,,,
0021500274,322,13,0,2,9:16 PM,0:00,,,,50 - 48,-2,0.0,0,,,,,,0,0,,,,,,0,0,,,,,
0021500274,324,12,0,3,9:32 PM,12:00,,,,50 - 48,-2,0.0,0,,,,,,0,0,,,,,,0,0,,,,,
0021500274,325,1,108,3,9:32 PM,11:50,,,Asik  Cutting Dunk Shot (6 PTS) (Gordon 2 AST),52 - 48,-4,5.0,201600,Omer Asik,1610612740.0,New Orleans,Pelicans,NOP,5,201569,Eric Gordon,1610612740.0,New Orleans,Pelicans,NOP,0,0,,,,,
0021500274,326,1,5,3,9:33 PM,11:26,Capela 1' Layup (6 PTS) (Beverley 5 AST),,,52 - 50,-2,4.0,203991,Clint Capela,1610612745.0,Houston,Rockets,HOU,4,201976,Patrick Beverley,1610612745.0,Houston,Rockets,HOU,0,0,,,,,
0021500274,327,2,1,3,9:33 PM,11:09,,,MISS Davis 21' Jump Shot,,,5.0,203076,Anthony Davis,1610612740.0,New Orleans,Pelicans,NOP,0,0,,,,,,0,0,,,,,
0021500274,328,4,0,3,9:33 PM,11:08,Harden REBOUND (Off:0 Def:7),,,,,4.0,201935,James Harden,1610612745.0,Houston,Rockets,HOU,0,0,,,,,,0,0,,,,,
0021500274,329,2,57,3,9:33 PM,11:00,MISS Beverley 7' Driving Hook Shot,,,,,4.0,201976,Patrick Beverley,1610612745.0,Houston,Rockets,HOU,0,0,,,,,,0,0,,,,,
0021500274,330,4,0,3,9:33 PM,11:00,ROCKETS Rebound,,,,,2.0,1610612745,,,,,,0,0,,,,,,0,0,,,,,
0021500274,331,6,3,3,9:33 PM,11:00,,,Asik L.B.FOUL (P3.T1) (K.Scott),,,5.0,201600,Omer Asik,1610612740.0,New Orleans,Pelicans,NOP,4,2730,Dwight Howard,1610612745.0,Houston,Rockets,HOU,1,0,,,,,
0021500274,332,2,42,3,9:34 PM,10:43,MISS Ariza 3' Driving Layup,,,,,4.0,2772,Trevor Ariza,1610612745.0,Houston,Rockets,HOU,0,0,,,,,,0,0,,,,,
0021500274,333,4,0,3,9:34 PM,10:43,,,Davis REBOUND (Off:2 Def:7),,,5.0,203076,Anthony Davis,1610612740.0,New Orleans,Pelicans,NOP,0,0,,,,,,0,0,,,,,
0021500274,334,6,1,3,9:34 PM,10:43,Capela P.FOUL (P4.T1) (K.Scott),,,,,4.0,203991,Clint Capela,1610612745.0,Houston,Rockets,HOU,5,203076,Anthony Davis,1610612740.0,New Orleans,Pelicans,NOP,1,0,,,,,
0021500274,335,8,0,3,9:34 PM,10:43,SUB: Jones FOR Capela,,,,,4.0,203991,Clint Capela,1610612745.0,Houston,Rockets,HOU,4,203093,Terrence Jones,1610612745.0,Houston,Rockets,HOU,0,0,,,,,
0021500274,336,5,1,3,9:34 PM,10:24,Jones STEAL (1 STL),,Asik Bad Pass Turnover (P2.T10),,,5.0,201600,Omer Asik,1610612740.0,New Orleans,Pelicans,NOP,4,203093,Terrence Jones,1610612745.0,Houston,Rockets,HOU,0,0,,,,,
0021500274,337,6,2,3,9:34 PM,10:20,,,Asik S.FOUL (P4.T2) (G.Zielinski),,,5.0,201600,Omer Asik,1610612740.0,New Orleans,Pelicans,NOP,4,203093,Terrence Jones,1610612745.0,Houston,Rockets,HOU,1,0,,,,,
0021500274,338,3,11,3,9:35 PM,10:20,MISS Jones Free Throw 1 of 2,,,,,4.0,203093,Terrence Jones,1610612745.0,Houston,Rockets,HOU,0,0,,,,,,0,0,,,,,
0021500274,339,4,1,3,9:35 PM,10:20,ROCKETS Rebound,,,,,2.0,1610612745,,,,,,0,0,,,,,,0,0,,,,,
0021500274,340,8,0,3,9:35 PM,10:20,,,SUB: Ajinca FOR Asik,,,5.0,201600,Omer Asik,1610612740.0,New Orleans,Pelicans,NOP,5,201582,Alexis Ajinca,1610612740.0,New Orleans,Pelicans,NOP,0,0,,,,,
0021500274,341,3,12,3,9:35 PM,10:20,MISS Jones Free Throw 2 of 2,,,,,4.0,203093,Terrence Jones,1610612745.0,Houston,Rockets,HOU,0,0,,,,,,0,0,,,,,
0021500274,343,4,0,3,9:35 PM,10:20,,,Gee REBOUND (Off:1 Def:1),,,5.0,202087,Alonzo Gee,1610612740.0,New Orleans,Pelicans,NOP,0,0,,,,,,0,0,,,,,
0021500274,344,6,1,3,9:35 PM,10:06,Beverley P.FOUL (P4.T2) (G.Zielinski),,,,,4.0,201976,Patrick Beverley,1610612745.0,Houston,Rockets,HOU,5,203076,Anthony Davis,1610612740.0,New Orleans,Pelicans,NOP,1,0,,,,,
0021500274,345,8,0,3,9:36 PM,10:06,SUB: Lawson FOR Beverley,,,,,4.0,201976,Patrick Beverley,1610612745.0,Houston,Rockets,HOU,4,201951,Ty Lawson,1610612745.0,Houston,Rockets,HOU,0,0,,,,,
0021500274,346,2,79,3,9:36 PM,9:58,,,MISS Gordon 18' Pullup Jump Shot,,,5.0,201569,Eric Gordon,1610612740.0,New Orleans,Pelicans,NOP,0,0,,,,,,0,0,,,,,
0021500274,347,4,0,3,9:36 PM,9:57,Jones REBOUND (Off:1 Def:3),,,,,4.0,203093,Terrence Jones,1610612745.0,Houston,Rockets,HOU,0,0,,,,,,0,0,,,,,
0021500274,348,2,42,3,9:36 PM,9:47,MISS Harden 1' Driving Layup,,,,,4.0,201935,James Harden,1610612745.0,Houston,Rockets,HOU,0,0,,,,,,0,0,,,,,
0021500274,349,4,0,3,9:36 PM,9:47,,,Pelicans Rebound,,,3.0,1610612740,,,,,,0,0,,,,,,0,0,,,,,
0021500274,350,2,1,3,9:37 PM,9:33,,,MISS Evans 25' 3PT Jump Shot,,,5.0,201936,Tyreke Evans,1610612740.0,New Orleans,Pelicans,NOP,0,0,,,,,,0,0,,,,,
0021500274,351,4,0,3,9:37 PM,9:31,ROCKETS Rebound,,,,,2.0,1610612745,,,,,,0,0,,,,,,0,0,,,,,
0021500274,352,1,5,3,9:37 PM,9:09,Howard 3' Layup (4 PTS) (Lawson 3 AST),,,52 - 52,TIE,4.0,2730,Dwight Howard,1610612745.0,Houston,Rockets,HOU,4,201951,Ty Lawson,1610612745.0,Houston,Rockets,HOU,0,0,,,,,
0021500274,353,5,8,3,9:38 PM,8:54,,,Ajinca 3 Second Violation Turnover (P2.T11),,,5.0,201582,Alexis Ajinca,1610612740.0,New Orleans,Pelicans,NOP,0,0,,,,,,1,0,,,,,
0021500274,355,6,2,3,9:38 PM,8:45,,,Gordon S.FOUL (P3.T3) (K.Scott),,,5.0,201569,Eric Gordon,1610612740.0,New Orleans,Pelicans,NOP,4,201935,James Harden,1610612745.0,Houston,Rockets,HOU,1,0,,,,,
0021500274,356,3,11,3,9:38 PM,8:45,Harden Free Throw 1 of 2 (9 PTS),,,52 - 53,1,4.0,201935,James Harden,1610612745.0,Houston,Rockets,HOU,0,0,,,,,,0,0,,,,,
0021500274,358,3,12,3,9:38 PM,8:45,Harden Free Throw 2 of 2 (10 PTS),,,52 - 54,2,4.0,201935,James Harden,1610612745.0,Houston,Rockets,HOU,0,0,,,,,,0,0,,,,,
0021500274,360,1,57,3,9:39 PM,8:28,,,Davis 8' Driving Hook Shot (15 PTS),54 - 54,TIE,5.0,203076,Anthony Davis,1610612740.0,New Orleans,Pelicans,NOP,0,0,,,,,,0,0,,,,,
0021500274,361,1,42,3,9:39 PM,8:17,Lawson 2' Driving Layup (6 PTS) (Harden 4 AST),,,54 - 56,2,4.0,201951,Ty Lawson,1610612745.0,Houston,Rockets,HOU,4,201935,James Harden,1610612745.0,Houston,Rockets,HOU,0,0,,,,,
0021500274,362,6,2,3,9:39 PM,8:17,,,Gee S.FOUL (P4.T4) (G.Zielinski),,,5.0,202087,Alonzo Gee,1610612740.0,New Orleans,Pelicans,NOP,4,201951,Ty Lawson,1610612745.0,Houston,Rockets,HOU,1,0,,,,,
0021500274,363,3,10,3,9:39 PM,8:17,Lawson Free Throw 1 of 1 (7 PTS),,,54 - 57,3,4.0,201951,Ty Lawson,1610612745.0,Houston,Rockets,HOU,0,0,,,,,,0,0,,,,,
0021500274,365,2,1,3,9:40 PM,8:04,Howard BLOCK (2 BLK),,MISS Gordon 7' Jump Shot,,,5.0,201569,Eric Gordon,1610612740.0,New Orleans,Pelicans,NOP,0,0,,,,,,4,2730,Dwight Howard,1610612745.0,Houston,Rockets,HOU
0021500274,366,4,0,3,9:40 PM,8:04,ROCKETS Rebound,,,,,2.0,1610612745,,,,,,0,0,,,,,,0,0,,,,,
0021500274,367,8,0,3,9:40 PM,8:04,,,SUB: Cole FOR Gee,,,5.0,202087,Alonzo Gee,1610612740.0,New Orleans,Pelicans,NOP,5,202708,Norris Cole,1610612740.0,New Orleans,Pelicans,NOP,0,0,,,,,
0021500274,368,10,0,3,9:40 PM,8:04,Jump Ball Howard vs. Gordon: Tip to Lawson,,,,,4.0,2730,Dwight Howard,1610612745.0,Houston,Rockets,HOU,5,201569,Eric Gordon,1610612740.0,New Orleans,Pelicans,NOP,4,201951,Ty Lawson,1610612745.0,Houston,Rockets,HOU
0021500274,369,1,42,3,9:40 PM,7:56,Lawson 1' Driving Layup (9 PTS),,,54 - 59,5,4.0,201951,Ty Lawson,1610612745.0,Houston,Rockets,HOU,0,0,,,,,,0,0,,,,,
0021500274,370,6,2,3,9:41 PM,7:31,Howard S.FOUL (P3.T3) (B.Forte),,,,,4.0,2730,Dwight Howard,1610612745.0,Houston,Rockets,HOU,5,203076,Anthony Davis,1610612740.0,New Orleans,Pelicans,NOP,1,0,,,,,
0021500274,371,3,11,3,9:41 PM,7:31,,,Davis Free Throw 1 of 2 (16 PTS),55 - 59,4,5.0,203076,Anthony Davis,1610612740.0,New Orleans,Pelicans,NOP,0,0,,,,,,0,0,,,,,
0021500274,374,6,11,3,9:42 PM,7:31,Beverley T.FOUL (P4.T3) (K.Scott),,,,,4.0,201976,Patrick Beverley,1610612745.0,Houston,Rockets,HOU,0,0,,,,,,1,0,,,,,
0021500274,375,3,16,3,9:42 PM,7:31,,,Davis Free Throw Technical (17 PTS),56 - 59,3,5.0,203076,Anthony Davis,1610612740.0,New Orleans,Pelicans,NOP,0,0,,,,,,0,0,,,,,
0021500274,377,3,12,3,9:42 PM,7:31,,,Davis Free Throw 2 of 2 (18 PTS),57 - 59,2,5.0,203076,Anthony Davis,1610612740.0,New Orleans,Pelicans,NOP,0,0,,,,,,0,0,,,,,
0021500274,379,2,42,3,9:42 PM,7:11,MISS Jones 2' Driving Layup,,,,,4.0,203093,Terrence Jones,1610612745.0,Houston,Rockets,HOU,0,0,,,,,,0,0,,,,,
0021500274,380,4,0,3,9:42 PM,7:10,,,Ajinca REBOUND (Off:0 Def:2),,,5.0,201582,Alexis Ajinca,1610612740.0,New Orleans,Pelicans,NOP,0,0,,,,,,0,0,,,,,
0021500274,381,2,1,3,9:43 PM,6:59,,,MISS Ajinca 9' Jump Shot,,,5.0,201582,Alexis Ajinca,1610612740.0,New Orleans,Pelicans,NOP,0,0,,,,,,0,0,,,,,
0021500274,382,4,0,3,9:43 PM,6:58,,,Ajinca REBOUND (Off:1 Def:2),,,5.0,201582,Alexis Ajinca,1610612740.0,New Orleans,Pelicans,NOP,0,0,,,,,,0,0,,,,,
0021500274,383,1,5,3,9:43 PM,6:57,,,Ajinca 2' Layup (4 PTS),59 - 59,TIE,5.0,201582,Alexis Ajinca,1610612740.0,New Orleans,Pelicans,NOP,0,0,,,,,,0,0,,,,,
0021500274,384,6,2,3,9:43 PM,6:48,,,Ajinca S.FOUL (P3.PN) (K.Scott),,,5.0,201582,Alexis Ajinca,1610612740.0,New Orleans,Pelicans,NOP,4,201935,James Harden,1610612745.0,Houston,Rockets,HOU,1,0,,,,,
0021500274,385,3,11,3,9:43 PM,6:48,Harden Free Throw 1 of 2 (11 PTS),,,59 - 60,1,4.0,201935,James Harden,1610612745.0,Houston,Rockets,HOU,0,0,,,,,,0,0,,,,,
0021500274,387,3,12,3,9:43 PM,6:48,Harden Free Throw 2 of 2 (12 PTS),,,59 - 61,2,4.0,201935,James Harden,1610612745.0,Houston,Rockets,HOU,0,0,,,,,,0,0,,,,,
0021500274,389,1,78,3,9:44 PM,6:31,,,Davis 8' Floating Jump Shot (20 PTS) (Cole 2 AST),61 - 61,TIE,5.0,203076,Anthony Davis,1610612740.0,New Orleans,Pelicans,NOP,5,202708,Norris Cole,1610612740.0,New Orleans,Pelicans,NOP,0,0,,,,,
0021500274,390,2,80,3,9:44 PM,6:16,MISS Lawson 13' Step Back Jump Shot,,,,,4.0,201951,Ty Lawson,1610612745.0,Houston,Rockets,HOU,0,0,,,,,,0,0,,,,,
0021500274,391,4,0,3,9:44 PM,6:15,,,Evans REBOUND (Off:0 Def:5),,,5.0,201936,Tyreke Evans,1610612740.0,New Orleans,Pelicans,NOP,0,0,,,,,,0,0,,,,,
0021500274,392,1,1,3,9:44 PM,6:07,,,Ajinca 17' Jump Shot (6 PTS) (Evans 6 AST),63 - 61,-2,5.0,201582,Alexis Ajinca,1610612740.0,New Orleans,Pelicans,NOP,5,201936,Tyreke Evans,1610612740.0,New Orleans,Pelicans,NOP,0,0,,,,,
0021500274,393,6,4,3,9:45 PM,5:57,Howard OFF.Foul (P4) (K.Scott),,,,,4.0,2730,Dwight Howard,1610612745.0,Houston,Rockets,HOU,5,202708,Norris Cole,1610612740.0,New Orleans,Pelicans,NOP,1,0,,,,,
0021500274,394,5,5,3,9:45 PM,5:57,Howard Foul Turnover (P2.T3),,,,,4.0,2730,Dwight Howard,1610612745.0,Houston,Rockets,HOU,0,0,,,,,,1,0,,,,,
0021500274,395,9,1,3,9:45 PM,5:57,ROCKETS Timeout: Regular (Full 3 Short 1),,,,,2.0,1610612745,,,,,,0,0,,,,,,0,0,,,,,
0021500274,397,8,0,3,9:47 PM,5:57,SUB: Brewer FOR Howard,,,,,4.0,2730,Dwight Howard,1610612745.0,Houston,Rockets,HOU,4,201147,Corey Brewer,1610612745.0,Houston,Rockets,HOU,0,0,,,,,
0021500274,399,5,4,3,9:48 PM,5:39,,,Gordon Traveling Turnover (P1.T12),,,5.0,201569,Eric Gordon,1610612740.0,New Orleans,Pelicans,NOP,0,0,,,,,,1,0,,,,,
0021500274,400,6,2,3,9:48 PM,5:29,,,Ajinca S.FOUL (P4.PN) (G.Zielinski),,,5.0,201582,Alexis Ajinca,1610612740.0,New Orleans,Pelicans,NOP,4,203093,Terrence Jones,1610612745.0,Houston,Rockets,HOU,1,0,,,,,
0021500274,401,3,11,3,9:48 PM,5:29,Jones Free Throw 1 of 2 (12 PTS),,,63 - 62,-1,4.0,203093,Terrence Jones,1610612745.0,Houston,Rockets,HOU,0,0,,,,,,0,0,,,,,
0021500274,403,8,0,3,9:48 PM,5:29,,,SUB: Anderson FOR Ajinca,,,5.0,201582,Alexis Ajinca,1610612740.0,New Orleans,Pelicans,NOP,5,201583,Ryan Anderson,1610612740.0,New Orleans,Pelicans,NOP,0,0,,,,,
0021500274,404,3,12,3,9:48 PM,5:29,Jones Free Throw 2 of 2 (13 PTS),,,63 - 63,TIE,4.0,203093,Terrence Jones,1610612745.0,Houston,Rockets,HOU,0,0,,,,,,0,0,,,,,
0021500274,406,1,86,3,9:49 PM,5:11,,,Anderson 15' Turnaround Fadeaway (9 PTS),65 - 63,-2,5.0,201583,Ryan Anderson,1610612740.0,New Orleans,Pelicans,NOP,0,0,,,,,,0,0,,,,,
0021500274,407,5,1,3,9:49 PM,4:53,Ariza Bad Pass Turnover (P2.T4),,Evans STEAL (1 STL),,,4.0,2772,Trevor Ariza,1610612745.0,Houston,Rockets,HOU,5,201936,Tyreke Evans,1610612740.0,New Orleans,Pelicans,NOP,0,0,,,,,
0021500274,408,5,1,3,9:49 PM,4:50,Harden STEAL (1 STL),,Anderson Bad Pass Turnover (P4.T13),,,5.0,201583,Ryan Anderson,1610612740.0,New Orleans,Pelicans,NOP,4,201935,James Harden,1610612745.0,Houston,Rockets,HOU,0,0,,,,,
0021500274,409,1,5,3,9:49 PM,4:45,Jones 2' Layup (15 PTS) (Harden 5 AST),,,65 - 65,TIE,4.0,203093,Terrence Jones,1610612745.0,Houston,Rockets,HOU,4,201935,James Harden,1610612745.0,Houston,Rockets,HOU,0,0,,,,,
0021500274,410,5,1,3,9:50 PM,4:36,Ariza STEAL (1 STL),,Cole Bad Pass Turnover (P2.T14),,,5.0,202708,Norris Cole,1610612740.0,New Orleans,Pelicans,NOP,4,2772,Trevor Ariza,1610612745.0,Houston,Rockets,HOU,0,0,,,,,
0021500274,411,2,7,3,9:50 PM,4:30,MISS Ariza  Dunk,,Anderson BLOCK (1 BLK),,,4.0,2772,Trevor Ariza,1610612745.0,Houston,Rockets,HOU,0,0,,,,,,5,201583,Ryan Anderson,1610612740.0,New Orleans,Pelicans,NOP
0021500274,412,4,0,3,9:50 PM,4:29,,,Cole REBOUND (Off:0 Def:2),,,5.0,202708,Norris Cole,1610612740.0,New Orleans,Pelicans,NOP,0,0,,,,,,0,0,,,,,
0021500274,413,1,1,3,9:50 PM,4:23,,,Anderson  3PT Jump Shot (12 PTS) (Evans 7 AST),68 - 65,-3,5.0,201583,Ryan Anderson,1610612740.0,New Orleans,Pelicans,NOP,5,201936,Tyreke Evans,1610612740.0,New Orleans,Pelicans,NOP,0,0,,,,,
0021500274,414,1,1,3,9:50 PM,4:16,Ariza 25' 3PT Jump Shot (10 PTS) (Lawson 4 AST),,,68 - 68,TIE,4.0,2772,Trevor Ariza,1610612745.0,Houston,Rockets,HOU,4,201951,Ty Lawson,1610612745.0,Houston,Rockets,HOU,0,0,,,,,
0021500274,415,6,2,3,9:50 PM,4:10,Brewer S.FOUL (P1.T4) (G.Zielinski),,,,,4.0,201147,Corey Brewer,1610612745.0,Houston,Rockets,HOU,5,201936,Tyreke Evans,1610612740.0,New Orleans,Pelicans,NOP,1,0,,,,,
0021500274,416,3,11,3,9:50 PM,4:10,,,Evans Free Throw 1 of 2 (8 PTS),69 - 68,-1,5.0,201936,Tyreke Evans,1610612740.0,New Orleans,Pelicans,NOP,0,0,,,,,,0,0,,,,,
0021500274,418,8,0,3,9:51 PM,4:10,SUB: Capela FOR Jones,,,,,4.0,203093,Terrence Jones,1610612745.0,Houston,Rockets,HOU,4,203991,Clint Capela,1610612745.0,Houston,Rockets,HOU,0,0,,,,,
0021500274,419,3,12,3,9:51 PM,4:10,,,Evans Free Throw 2 of 2 (9 PTS),70 - 68,-2,5.0,201936,Tyreke Evans,1610612740.0,New Orleans,Pelicans,NOP,0,0,,,,,,0,0,,,,,
0021500274,421,1,1,3,9:51 PM,3:53,Lawson  3PT Jump Shot (12 PTS) (Harden 6 AST),,,70 - 71,1,4.0,201951,Ty Lawson,1610612745.0,Houston,Rockets,HOU,4,201935,James Harden,1610612745.0,Houston,Rockets,HOU,0,0,,,,,
0021500274,422,6,26,3,9:51 PM,3:46,,,Evans Offensive Charge Foul (P1.PN) (B.Forte),,,5.0,201936,Tyreke Evans,1610612740.0,New Orleans,Pelicans,NOP,4,201147,Corey Brewer,1610612745.0,Houston,Rockets,HOU,1,0,,,,,
0021500274,423,5,5,3,9:51 PM,3:46,,,Evans Foul Turnover (P2.T15),,,5.0,201936,Tyreke Evans,1610612740.0,New Orleans,Pelicans,NOP,0,0,,,,,,1,0,,,,,
0021500274,424,2,5,3,9:52 PM,3:37,MISS Capela 2' Layup,,Anderson BLOCK (2 BLK),,,4.0,203991,Clint Capela,1610612745.0,Houston,Rockets,HOU,0,0,,,,,,5,201583,Ryan Anderson,1610612740.0,New Orleans,Pelicans,NOP
0021500274,425,4,0,3,9:52 PM,3:36,,,Davis REBOUND (Off:2 Def:8),,,5.0,203076,Anthony Davis,1610612740.0,New Orleans,Pelicans,NOP,0,0,,,,,,0,0,,,,,
0021500274,426,2,1,3,9:52 PM,3:29,,,MISS Anderson 25' 3PT Jump Shot,,,5.0,201583,Ryan Anderson,1610612740.0,New Orleans,Pelicans,NOP,0,0,,,,,,0,0,,,,,
0021500274,427,4,0,3,9:52 PM,3:28,Capela REBOUND (Off:1 Def:3),,,,,4.0,203991,Clint Capela,1610612745.0,Houston,Rockets,HOU,0,0,,,,,,0,0,,,,,
0021500274,428,1,41,3,9:52 PM,3:22,Harden 2' Running Layup (14 PTS),,,70 - 73,3,4.0,201935,James Harden,1610612745.0,Houston,Rockets,HOU,0,0,,,,,,0,0,,,,,
0021500274,429,5,1,3,9:52 PM,3:20,Brewer STEAL (1 STL),,Anderson Bad Pass Turnover (P5.T16),,,5.0,201583,Ryan Anderson,1610612740.0,New Orleans,Pelicans,NOP,4,201147,Corey Brewer,1610612745.0,Houston,Rockets,HOU,0,0,,,,,
0021500274,430,1,42,3,9:52 PM,3:11,Harden 2' Driving Layup (16 PTS),,,70 - 75,5,4.0,201935,James Harden,1610612745.0,Houston,Rockets,HOU,0,0,,,,,,0,0,,,,,
0021500274,431,9,1,3,9:52 PM,3:11,,,Pelicans Timeout: Regular (Reg.3 Short 0),,,3.0,1610612740,,,,,,0,0,,,,,,0,0,,,,,
0021500274,433,8,0,3,9:55 PM,3:11,SUB: Thornton FOR Harden,,,,,4.0,201935,James Harden,1610612745.0,Houston,Rockets,HOU,4,201977,Marcus Thornton,1610612745.0,Houston,Rockets,HOU,0,0,,,,,
0021500274,434,8,0,3,9:55 PM,3:11,,,SUB: Smith FOR Evans,,,5.0,201936,Tyreke Evans,1610612740.0,New Orleans,Pelicans,NOP,5,202397,Ish Smith,1610612740.0,New Orleans,Pelicans,NOP,0,0,,,,,
0021500274,435,8,0,3,9:55 PM,3:11,,,SUB: Douglas FOR Gordon,,,5.0,201569,Eric Gordon,1610612740.0,New Orleans,Pelicans,NOP,5,201962,Toney Douglas,1610612740.0,New Orleans,Pelicans,NOP,0,0,,,,,
0021500274,436,1,42,3,9:55 PM,3:03,,,Cole 1' Driving Layup (2 PTS),72 - 75,3,5.0,202708,Norris Cole,1610612740.0,New Orleans,Pelicans,NOP,0,0,,,,,,0,0,,,,,
0021500274,437,6,2,3,9:55 PM,3:03,Lawson S.FOUL (P1.PN) (G.Zielinski),,,,,4.0,201951,Ty Lawson,1610612745.0,Houston,Rockets,HOU,5,202708,Norris Cole,1610612740.0,New Orleans,Pelicans,NOP,1,0,,,,,
0021500274,438,3,10,3,9:55 PM,3:03,,,Cole Free Throw 1 of 1 (3 PTS),73 - 75,2,5.0,202708,Norris Cole,1610612740.0,New Orleans,Pelicans,NOP,0,0,,,,,,0,0,,,,,
0021500274,440,1,1,3,9:56 PM,2:51,Brewer  3PT Jump Shot (7 PTS) (Lawson 5 AST),,,73 - 78,5,4.0,201147,Corey Brewer,1610612745.0,Houston,Rockets,HOU,4,201951,Ty Lawson,1610612745.0,Houston,Rockets,HOU,0,0,,,,,
0021500274,441,5,1,3,9:56 PM,2:42,Ariza STEAL (2 STL),,Cole Bad Pass Turnover (P3.T17),,,5.0,202708,Norris Cole,1610612740.0,New Orleans,Pelicans,NOP,4,2772,Trevor Ariza,1610612745.0,Houston,Rockets,HOU,0,0,,,,,
0021500274,442,6,2,3,9:56 PM,2:35,,,Douglas S.FOUL (P1.PN) (G.Zielinski),,,5.0,201962,Toney Douglas,1610612740.0,New Orleans,Pelicans,NOP,4,201147,Corey Brewer,1610612745.0,Houston,Rockets,HOU,1,0,,,,,
0021500274,443,3,11,3,9:56 PM,2:35,Brewer Free Throw 1 of 2 (8 PTS),,,73 - 79,6,4.0,201147,Corey Brewer,1610612745.0,Houston,Rockets,HOU,0,0,,,,,,0,0,,,,,
0021500274,445,3,12,3,9:56 PM,2:35,Brewer Free Throw 2 of 2 (9 PTS),,,73 - 80,7,4.0,201147,Corey Brewer,1610612745.0,Houston,Rockets,HOU,0,0,,,,,,0,0,,,,,
0021500274,447,5,4,3,9:57 PM,2:24,,,Douglas Traveling Turnover (P1.T18),,,5.0,201962,Toney Douglas,1610612740.0,New Orleans,Pelicans,NOP,0,0,,,,,,1,0,,,,,
0021500274,448,5,1,3,9:57 PM,2:11,Lawson Bad Pass Turnover (P1.T5),,,,,4.0,201951,Ty Lawson,1610612745.0,Houston,Rockets,HOU,0,0,,,,,,0,0,,,,,
0021500274,449,7,1,3,9:58 PM,2:11,ROCKETS Violation: Delay of game Violation,,,,,2.0,1610612745,,,,,,0,0,,,,,,1,0,,,,,
0021500274,450,1,42,3,9:58 PM,1:59,,,Cole 2' Driving Layup (5 PTS),75 - 80,5,5.0,202708,Norris Cole,1610612740.0,New Orleans,Pelicans,NOP,0,0,,,,,,0,0,,,,,
0021500274,451,6,2,3,9:58 PM,1:49,,,Douglas S.FOUL (P2.PN) (G.Zielinski),,,5.0,201962,Toney Douglas,1610612740.0,New Orleans,Pelicans,NOP,4,201147,Corey Brewer,1610612745.0,Houston,Rockets,HOU,1,0,,,,,
0021500274,452,3,11,3,9:58 PM,1:49,Brewer Free Throw 1 of 2 (10 PTS),,,75 - 81,6,4.0,201147,Corey Brewer,1610612745.0,Houston,Rockets,HOU,0,0,,,,,,0,0,,,,,
0021500274,454,3,12,3,9:59 PM,1:49,Brewer Free Throw 2 of 2 (11 PTS),,,75 - 82,7,4.0,201147,Corey Brewer,1610612745.0,Houston,Rockets,HOU,0,0,,,,,,0,0,,,,,
0021500274,456,6,26,3,9:59 PM,1:31,,,Smith Offensive Charge Foul (P1.PN) (G.Zielinski),,,5.0,202397,Ish Smith,1610612740.0,New Orleans,Pelicans,NOP,4,201147,Corey Brewer,1610612745.0,Houston,Rockets,HOU,1,0,,,,,
0021500274,457,5,5,3,9:59 PM,1:31,,,Smith Foul Turnover (P1.T19),,,5.0,202397,Ish Smith,1610612740.0,New Orleans,Pelicans,NOP,0,0,,,,,,1,0,,,,,
0021500274,458,1,42,3,10:00 PM,1:14,Thornton 2' Driving Layup (4 PTS),,,75 - 84,9,4.0,201977,Marcus Thornton,1610612745.0,Houston,Rockets,HOU,0,0,,,,,,0,0,,,,,
0021500274,459,1,42,3,10:00 PM,0:57,,,Smith 2' Driving Layup (2 PTS),77 - 84,7,5.0,202397,Ish Smith,1610612740.0,New Orleans,Pelicans,NOP,0,0,,,,,,0,0,,,,,
0021500274,460,6,1,3,10:00 PM,0:49,,,Douglas P.FOUL (P3.PN) (B.Forte),,,5.0,201962,Toney Douglas,1610612740.0,New Orleans,Pelicans,NOP,4,201951,Ty Lawson,1610612745.0,Houston,Rockets,HOU,1,0,,,,,
0021500274,461,3,11,3,10:00 PM,0:49,MISS Lawson Free Throw 1 of 2,,,,,4.0,201951,Ty Lawson,1610612745.0,Houston,Rockets,HOU,0,0,,,,,,0,0,,,,,
0021500274,462,4,1,3,10:00 PM,0:49,ROCKETS Rebound,,,,,2.0,1610612745,,,,,,0,0,,,,,,0,0,,,,,
0021500274,463,8,0,3,10:01 PM,0:49,,,SUB: Cunningham FOR Davis,,,5.0,203076,Anthony Davis,1610612740.0,New Orleans,Pelicans,NOP,5,201967,Dante Cunningham,1610612740.0,New Orleans,Pelicans,NOP,0,0,,,,,
0021500274,464,8,0,3,10:01 PM,0:49,SUB: Jones FOR Capela,,,,,4.0,203991,Clint Capela,1610612745.0,Houston,Rockets,HOU,4,203093,Terrence Jones,1610612745.0,Houston,Rockets,HOU,0,0,,,,,
0021500274,465,3,12,3,10:01 PM,0:49,MISS Lawson Free Throw 2 of 2,,,,,4.0,201951,Ty Lawson,1610612745.0,Houston,Rockets,HOU,0,0,,,,,,0,0,,,,,
0021500274,467,4,0,3,10:01 PM,0:49,,,Smith REBOUND (Off:0 Def:5),,,5.0,202397,Ish Smith,1610612740.0,New Orleans,Pelicans,NOP,0,0,,,,,,0,0,,,,,
0021500274,468,1,42,3,10:01 PM,0:33,,,Smith 3' Driving Layup (4 PTS),79 - 84,5,5.0,202397,Ish Smith,1610612740.0,New Orleans,Pelicans,NOP,0,0,,,,,,0,0,,,,,
0021500274,470,2,86,3,10:02 PM,0:11,MISS Brewer 11' Turnaround Fadeaway Shot,,,,,4.0,201147,Corey Brewer,1610612745.0,Houston,Rockets,HOU,0,0,,,,,,0,0,,,,,
0021500274,471,4,0,3,10:02 PM,0:10,,,Anderson REBOUND (Off:3 Def:4),,,5.0,201583,Ryan Anderson,1610612740.0,New Orleans,Pelicans,NOP,0,0,,,,,,0,0,,,,,
0021500274,472,1,1,3,10:02 PM,0:03,,,Anderson 27' 3PT Jump Shot (15 PTS) (Smith 2 AST),82 - 84,2,5.0,201583,Ryan Anderson,1610612740.0,New Orleans,Pelicans,NOP,5,202397,Ish Smith,1610612740.0,New Orleans,Pelicans,NOP,0,0,,,,,
0021500274,473,2,1,3,10:02 PM,0:00,MISS Brewer 45' 3PT Jump Shot,,,,,4.0,201147,Corey Brewer,1610612745.0,Houston,Rockets,HOU,0,0,,,,,,0,0,,,,,
0021500274,475,4,0,3,10:02 PM,0:00,ROCKETS Rebound,,,,,2.0,1610612745,,,,,,0,0,,,,,,0,0,,,,,
0021500274,474,13,0,3,10:02 PM,0:00,,,,82 - 84,2,0.0,0,,,,,,0,0,,,,,,0,0,,,,,
0021500274,477,12,0,4,10:05 PM,12:00,,,,82 - 84,2,0.0,0,,,,,,0,0,,,,,,0,0,,,,,
0021500274,478,2,80,4,10:05 PM,11:35,MISS Harden 13' Step Back Jump Shot,,,,,4.0,201935,James Harden,1610612745.0,Houston,Rockets,HOU,0,0,,,,,,0,0,,,,,
0021500274,479,4,0,4,10:05 PM,11:34,,,Douglas REBOUND (Off:0 Def:1),,,5.0,201962,Toney Douglas,1610612740.0,New Orleans,Pelicans,NOP,0,0,,,,,,0,0,,,,,
0021500274,480,2,1,4,10:06 PM,11:19,,,MISS Anderson 25' 3PT Jump Shot,,,5.0,201583,Ryan Anderson,1610612740.0,New Orleans,Pelicans,NOP,0,0,,,,,,0,0,,,,,
0021500274,481,4,0,4,10:06 PM,11:19,Thornton REBOUND (Off:0 Def:1),,,,,4.0,201977,Marcus Thornton,1610612745.0,Houston,Rockets,HOU,0,0,,,,,,0,0,,,,,
0021500274,482,5,2,4,10:06 PM,11:05,Thornton Lost Ball Turnover (P1.T6),,Smith STEAL (1 STL),,,4.0,201977,Marcus Thornton,1610612745.0,Houston,Rockets,HOU,5,202397,Ish Smith,1610612740.0,New Orleans,Pelicans,NOP,0,0,,,,,
0021500274,483,2,5,4,10:06 PM,10:47,Howard BLOCK (3 BLK),,MISS Anderson 2' Layup,,,5.0,201583,Ryan Anderson,1610612740.0,New Orleans,Pelicans,NOP,0,0,,,,,,4,2730,Dwight Howard,1610612745.0,Houston,Rockets,HOU
0021500274,485,4,0,4,10:06 PM,10:46,,,Anderson REBOUND (Off:4 Def:4),,,5.0,201583,Ryan Anderson,1610612740.0,New Orleans,Pelicans,NOP,0,0,,,,,,0,0,,,,,
0021500274,484,1,72,4,10:06 PM,10:46,,,Anderson 1' Putback Layup (17 PTS),84 - 84,TIE,5.0,201583,Ryan Anderson,1610612740.0,New Orleans,Pelicans,NOP,0,0,,,,,,0,0,,,,,
0021500274,486,2,1,4,10:06 PM,10:28,MISS Brewer 24' 3PT Jump Shot,,,,,4.0,201147,Corey Brewer,1610612745.0,Houston,Rockets,HOU,0,0,,,,,,0,0,,,,,
0021500274,487,4,0,4,10:06 PM,10:28,Thornton REBOUND (Off:1 Def:1),,,,,4.0,201977,Marcus Thornton,1610612745.0,Houston,Rockets,HOU,0,0,,,,,,0,0,,,,,
0021500274,488,1,1,4,10:06 PM,10:26,Thornton 9' Jump Shot (6 PTS),,,84 - 86,2,4.0,201977,Marcus Thornton,1610612745.0,Houston,Rockets,HOU,0,0,,,,,,0,0,,,,,
0021500274,489,2,1,4,10:07 PM,10:12,,,MISS Cole 25' 3PT Jump Shot,,,5.0,202708,Norris Cole,1610612740.0,New Orleans,Pelicans,NOP,0,0,,,,,,0,0,,,,,
0021500274,490,4,0,4,10:07 PM,10:12,Howard REBOUND (Off:3 Def:7),,,,,4.0,2730,Dwight Howard,1610612745.0,Houston,Rockets,HOU,0,0,,,,,,0,0,,,,,
0021500274,491,6,3,4,10:07 PM,9:57,,,Cunningham L.B.FOUL (P1.T1) (K.Scott),,,5.0,201967,Dante Cunningham,1610612740.0,New Orleans,Pelicans,NOP,4,201935,James Harden,1610612745.0,Houston,Rockets,HOU,1,0,,,,,
0021500274,492,8,0,4,10:07 PM,9:57,,,SUB: Asik FOR Cunningham,,,5.0,201967,Dante Cunningham,1610612740.0,New Orleans,Pelicans,NOP,5,201600,Omer Asik,1610612740.0,New Orleans,Pelicans,NOP,0,0,,,,,
0021500274,493,2,1,4,10:08 PM,9:41,MISS Beverley 19' Jump Shot,,,,,4.0,201976,Patrick Beverley,1610612745.0,Houston,Rockets,HOU,0,0,,,,,,0,0,,,,,
0021500274,494,4,0,4,10:08 PM,9:40,,,Cole REBOUND (Off:0 Def:3),,,5.0,202708,Norris Cole,1610612740.0,New Orleans,Pelicans,NOP,0,0,,,,,,0,0,,,,,
0021500274,495,6,1,4,10:08 PM,9:33,Brewer P.FOUL (P2.T1) (G.Zielinski),,,,,4.0,201147,Corey Brewer,1610612745.0,Houston,Rockets,HOU,5,201600,Omer Asik,1610612740.0,New Orleans,Pelicans,NOP,1,0,,,,,
0021500274,497,2,1,4,10:08 PM,9:24,,,MISS Cole 24' 3PT Jump Shot,,,5.0,202708,Norris Cole,1610612740.0,New Orleans,Pelicans,NOP,0,0,,,,,,0,0,,,,,
0021500274,498,4,0,4,10:08 PM,9:23,Thornton REBOUND (Off:1 Def:2),,,,,4.0,201977,Marcus Thornton,1610612745.0,Houston,Rockets,HOU,0,0,,,,,,0,0,,,,,
0021500274,499,6,26,4,10:08 PM,9:18,Thornton Offensive Charge Foul (P2.T2) (G.Zielinski),,,,,4.0,201977,Marcus Thornton,1610612745.0,Houston,Rockets,HOU,5,202397,Ish Smith,1610612740.0,New Orleans,Pelicans,NOP,1,0,,,,,
0021500274,500,5,5,4,10:08 PM,9:18,Thornton Foul Turnover (P2.T7),,,,,4.0,201977,Marcus Thornton,1610612745.0,Houston,Rockets,HOU,0,0,,,,,,1,0,,,,,
0021500274,501,2,1,4,10:09 PM,9:01,Beverley BLOCK (1 BLK),,MISS Smith 6' Jump Shot,,,5.0,202397,Ish Smith,1610612740.0,New Orleans,Pelicans,NOP,0,0,,,,,,4,201976,Patrick Beverley,1610612745.0,Houston,Rockets,HOU
0021500274,502,4,0,4,10:09 PM,9:00,,,Smith REBOUND (Off:1 Def:5),,,5.0,202397,Ish Smith,1610612740.0,New Orleans,Pelicans,NOP,0,0,,,,,,0,0,,,,,
0021500274,503,1,79,4,10:09 PM,8:56,,,Douglas 24' 3PT Pullup Jump Shot (3 PTS),87 - 86,-1,5.0,201962,Toney Douglas,1610612740.0,New Orleans,Pelicans,NOP,0,0,,,,,,0,0,,,,,
0021500274,504,2,78,4,10:09 PM,8:42,MISS Brewer 6' Floating Jump Shot,,,,,4.0,201147,Corey Brewer,1610612745.0,Houston,Rockets,HOU,0,0,,,,,,0,0,,,,,
0021500274,505,4,0,4,10:09 PM,8:41,Howard REBOUND (Off:4 Def:7),,,,,4.0,2730,Dwight Howard,1610612745.0,Houston,Rockets,HOU,0,0,,,,,,0,0,,,,,
0021500274,506,5,40,4,10:09 PM,8:40,Howard Out of Bounds Lost Ball Turnover (P3.T8),,,,,4.0,2730,Dwight Howard,1610612745.0,Houston,Rockets,HOU,0,0,,,,,,0,0,,,,,
0021500274,507,9,1,4,10:09 PM,8:40,,,,,,1.0,0,,,,,,0,0,,,,,,0,0,,,,,
0021500274,509,8,0,4,10:11 PM,8:40,SUB: Lawson FOR Thornton,,,,,4.0,201977,Marcus Thornton,1610612745.0,Houston,Rockets,HOU,4,201951,Ty Lawson,1610612745.0,Houston,Rockets,HOU,0,0,,,,,
0021500274,511,5,4,4,10:12 PM,8:29,,,Anderson Traveling Turnover (P6.T20),,,5.0,201583,Ryan Anderson,1610612740.0,New Orleans,Pelicans,NOP,0,0,,,,,,1,0,,,,,
0021500274,512,1,80,4,10:13 PM,8:11,Harden 11' Step Back Jump Shot (18 PTS),,,87 - 88,1,4.0,201935,James Harden,1610612745.0,Houston,Rockets,HOU,0,0,,,,,,0,0,,,,,
0021500274,513,2,41,4,10:13 PM,8:05,Harden BLOCK (1 BLK),,MISS Cole 4' Running Layup,,,5.0,202708,Norris Cole,1610612740.0,New Orleans,Pelicans,NOP,0,0,,,,,,4,201935,James Harden,1610612745.0,Houston,Rockets,HOU
0021500274,514,4,0,4,10:13 PM,8:03,Harden REBOUND (Off:0 Def:8),,,,,4.0,201935,James Harden,1610612745.0,Houston,Rockets,HOU,0,0,,,,,,0,0,,,,,
0021500274,515,2,79,4,10:13 PM,7:55,MISS Harden 25' 3PT Pullup Jump Shot,,,,,4.0,201935,James Harden,1610612745.0,Houston,Rockets,HOU,0,0,,,,,,0,0,,,,,
0021500274,516,4,0,4,10:13 PM,7:54,,,Smith REBOUND (Off:1 Def:6),,,5.0,202397,Ish Smith,1610612740.0,New Orleans,Pelicans,NOP,0,0,,,,,,0,0,,,,,
0021500274,517,2,1,4,10:13 PM,7:39,,,MISS Anderson 3' Jump Shot,,,5.0,201583,Ryan Anderson,1610612740.0,New Orleans,Pelicans,NOP,0,0,,,,,,0,0,,,,,
0021500274,518,4,0,4,10:13 PM,7:38,,,Asik REBOUND (Off:2 Def:1),,,5.0,201600,Omer Asik,1610612740.0,New Orleans,Pelicans,NOP,0,0,,,,,,0,0,,,,,
0021500274,519,2,72,4,10:13 PM,7:37,,,MISS Asik 2' Putback Layup,,,5.0,201600,Omer Asik,1610612740.0,New Orleans,Pelicans,NOP,0,0,,,,,,0,0,,,,,
0021500274,520,4,0,4,10:13 PM,7:36,Howard REBOUND (Off:4 Def:8),,,,,4.0,2730,Dwight Howard,1610612745.0,Houston,Rockets,HOU,0,0,,,,,,0,0,,,,,
0021500274,521,5,1,4,10:13 PM,7:33,Lawson Bad Pass Turnover (P2.T9),,Douglas STEAL (1 STL),,,4.0,201951,Ty Lawson,1610612745.0,Houston,Rockets,HOU,5,201962,Toney Douglas,1610612740.0,New Orleans,Pelicans,NOP,0,0,,,,,
0021500274,522,2,1,4,10:14 PM,7:13,,,MISS Anderson 25' 3PT Jump Shot,,,5.0,201583,Ryan Anderson,1610612740.0,New Orleans,Pelicans,NOP,0,0,,,,,,0,0,,,,,
0021500274,523,4,0,4,10:14 PM,7:12,,,Smith REBOUND (Off:2 Def:6),,,5.0,202397,Ish Smith,1610612740.0,New Orleans,Pelicans,NOP,0,0,,,,,,0,0,,,,,
0021500274,524,2,1,4,10:14 PM,7:05,,,MISS Douglas 27' 3PT Jump Shot,,,5.0,201962,Toney Douglas,1610612740.0,New Orleans,Pelicans,NOP,0,0,,,,,,0,0,,,,,
0021500274,525,4,0,4,10:14 PM,7:05,Howard REBOUND (Off:4 Def:9),,,,,4.0,2730,Dwight Howard,1610612745.0,Houston,Rockets,HOU,0,0,,,,,,0,0,,,,,
0021500274,526,1,42,4,10:14 PM,6:54,Harden 2' Driving Layup (20 PTS),,,87 - 90,3,4.0,201935,James Harden,1610612745.0,Houston,Rockets,HOU,0,0,,,,,,0,0,,,,,
0021500274,527,6,2,4,10:14 PM,6:54,,,Anderson S.FOUL (P4.T2) (G.Zielinski),,,5.0,201583,Ryan Anderson,1610612740.0,New Orleans,Pelicans,NOP,4,201935,James Harden,1610612745.0,Houston,Rockets,HOU,1,0,,,,,
0021500274,528,8,0,4,10:14 PM,6:54,SUB: Ariza FOR Brewer,,,,,4.0,201147,Corey Brewer,1610612745.0,Houston,Rockets,HOU,4,2772,Trevor Ariza,1610612745.0,Houston,Rockets,HOU,0,0,,,,,
0021500274,529,8,0,4,10:14 PM,6:54,,,SUB: Davis FOR Anderson,,,5.0,201583,Ryan Anderson,1610612740.0,New Orleans,Pelicans,NOP,5,203076,Anthony Davis,1610612740.0,New Orleans,Pelicans,NOP,0,0,,,,,
0021500274,530,8,0,4,10:14 PM,6:54,,,SUB: Evans FOR Smith,,,5.0,202397,Ish Smith,1610612740.0,New Orleans,Pelicans,NOP,5,201936,Tyreke Evans,1610612740.0,New Orleans,Pelicans,NOP,0,0,,,,,
0021500274,531,8,0,4,10:14 PM,6:54,,,SUB: Gordon FOR Douglas,,,5.0,201962,Toney Douglas,1610612740.0,New Orleans,Pelicans,NOP,5,201569,Eric Gordon,1610612740.0,New Orleans,Pelicans,NOP,0,0,,,,,
0021500274,532,3,10,4,10:14 PM,6:54,Harden Free Throw 1 of 1 (21 PTS),,,87 - 91,4,4.0,201935,James Harden,1610612745.0,Houston,Rockets,HOU,0,0,,,,,,0,0,,,,,
0021500274,535,2,1,4,10:15 PM,6:29,,,MISS Evans 11' Jump Shot,,,5.0,201936,Tyreke Evans,1610612740.0,New Orleans,Pelicans,NOP,0,0,,,,,,0,0,,,,,
0021500274,537,4,0,4,10:15 PM,6:28,,,Asik REBOUND (Off:3 Def:1),,,5.0,201600,Omer Asik,1610612740.0,New Orleans,Pelicans,NOP,0,0,,,,,,0,0,,,,,
0021500274,536,2,97,4,10:15 PM,6:28,,,MISS Asik 1' Tip Layup Shot,,,5.0,201600,Omer Asik,1610612740.0,New Orleans,Pelicans,NOP,0,0,,,,,,0,0,,,,,
0021500274,538,4,0,4,10:15 PM,6:27,Harden REBOUND (Off:0 Def:9),,,,,4.0,201935,James Harden,1610612745.0,Houston,Rockets,HOU,0,0,,,,,,0,0,,,,,
0021500274,539,8,0,4,10:15 PM,6:20,,,SUB: Gee FOR Cole,,,5.0,202708,Norris Cole,1610612740.0,New Orleans,Pelicans,NOP,5,202087,Alonzo Gee,1610612740.0,New Orleans,Pelicans,NOP,0,0,,,,,
0021500274,540,8,0,4,10:16 PM,6:20,SUB: Brewer FOR Harden,,,,,4.0,201935,James Harden,1610612745.0,Houston,Rockets,HOU,4,201147,Corey Brewer,1610612745.0,Houston,Rockets,HOU,0,0,,,,,
0021500274,541,10,0,4,10:16 PM,6:20,Jump Ball Lawson vs. Evans: Tip to Davis,,,,,4.0,201951,Ty Lawson,1610612745.0,Houston,Rockets,HOU,5,201936,Tyreke Evans,1610612740.0,New Orleans,Pelicans,NOP,5,203076,Anthony Davis,1610612740.0,New Orleans,Pelicans,NOP
0021500274,542,5,2,4,10:16 PM,6:20,Lawson Lost Ball Turnover (P3.T10),,Davis STEAL (2 STL),,,4.0,201951,Ty Lawson,1610612745.0,Houston,Rockets,HOU,5,203076,Anthony Davis,1610612740.0,New Orleans,Pelicans,NOP,0,0,,,,,
0021500274,543,2,3,4,10:16 PM,5:57,,,MISS Davis 10' Hook Shot,,,5.0,203076,Anthony Davis,1610612740.0,New Orleans,Pelicans,NOP,0,0,,,,,,0,0,,,,,
0021500274,544,4,0,4,10:16 PM,5:56,Howard REBOUND (Off:4 Def:10),,,,,4.0,2730,Dwight Howard,1610612745.0,Houston,Rockets,HOU,0,0,,,,,,0,0,,,,,
0021500274,545,2,5,4,10:16 PM,5:51,MISS Brewer 1' Layup,,,,,4.0,201147,Corey Brewer,1610612745.0,Houston,Rockets,HOU,0,0,,,,,,0,0,,,,,
0021500274,546,4,0,4,10:16 PM,5:50,,,Davis REBOUND (Off:2 Def:9),,,5.0,203076,Anthony Davis,1610612740.0,New Orleans,Pelicans,NOP,0,0,,,,,,0,0,,,,,
0021500274,547,5,2,4,10:17 PM,5:35,Beverley STEAL (2 STL),,Gee Lost Ball Turnover (P1.T21),,,5.0,202087,Alonzo Gee,1610612740.0,New Orleans,Pelicans,NOP,4,201976,Patrick Beverley,1610612745.0,Houston,Rockets,HOU,0,0,,,,,
0021500274,548,1,1,4,10:17 PM,5:24,Ariza  3PT Jump Shot (13 PTS) (Lawson 6 AST),,,87 - 94,7,4.0,2772,Trevor Ariza,1610612745.0,Houston,Rockets,HOU,4,201951,Ty Lawson,1610612745.0,Houston,Rockets,HOU,0,0,,,,,
0021500274,549,5,2,4,10:17 PM,5:08,Brewer STEAL (2 STL),,Gordon Lost Ball Turnover (P2.T22),,,5.0,201569,Eric Gordon,1610612740.0,New Orleans,Pelicans,NOP,4,201147,Corey Brewer,1610612745.0,Houston,Rockets,HOU,0,0,,,,,
0021500274,550,1,41,4,10:17 PM,5:04,Beverley 3' Running Layup (8 PTS) (Brewer 2 AST),,,87 - 96,9,4.0,201976,Patrick Beverley,1610612745.0,Houston,Rockets,HOU,4,201147,Corey Brewer,1610612745.0,Houston,Rockets,HOU,0,0,,,,,
0021500274,551,9,1,4,10:17 PM,5:03,,,Pelicans Timeout: Regular (Reg.4 Short 0),,,3.0,1610612740,,,,,,0,0,,,,,,0,0,,,,,
0021500274,553,8,0,4,10:19 PM,5:03,SUB: Harden FOR Lawson,,,,,4.0,201951,Ty Lawson,1610612745.0,Houston,Rockets,HOU,4,201935,James Harden,1610612745.0,Houston,Rockets,HOU,0,0,,,,,
0021500274,554,8,0,4,10:19 PM,5:03,,,SUB: Anderson FOR Asik,,,5.0,201600,Omer Asik,1610612740.0,New Orleans,Pelicans,NOP,5,201583,Ryan Anderson,1610612740.0,New Orleans,Pelicans,NOP,0,0,,,,,
0021500274,556,2,79,4,10:20 PM,4:51,,,MISS Davis 17' Pullup Jump Shot,,,5.0,203076,Anthony Davis,1610612740.0,New Orleans,Pelicans,NOP,0,0,,,,,,0,0,,,,,
0021500274,557,4,0,4,10:20 PM,4:48,,,Gee REBOUND (Off:2 Def:1),,,5.0,202087,Alonzo Gee,1610612740.0,New Orleans,Pelicans,NOP,0,0,,,,,,0,0,,,,,
0021500274,558,6,29,4,10:20 PM,4:39,Beverley Shooting Block Foul (P5.T3) (G.Zielinski),,,,,4.0,201976,Patrick Beverley,1610612745.0,Houston,Rockets,HOU,5,202087,Alonzo Gee,1610612740.0,New Orleans,Pelicans,NOP,1,0,,,,,
0021500274,559,3,11,4,10:21 PM,4:39,,,Gee Free Throw 1 of 2 (3 PTS),88 - 96,8,5.0,202087,Alonzo Gee,1610612740.0,New Orleans,Pelicans,NOP,0,0,,,,,,0,0,,,,,
0021500274,561,3,12,4,10:21 PM,4:39,,,Gee Free Throw 2 of 2 (4 PTS),89 - 96,7,5.0,202087,Alonzo Gee,1610612740.0,New Orleans,Pelicans,NOP,0,0,,,,,,0,0,,,,,
0021500274,563,2,79,4,10:21 PM,4:26,MISS Harden 16' Pullup Jump Shot,,,,,4.0,201935,James Harden,1610612745.0,Houston,Rockets,HOU,0,0,,,,,,0,0,,,,,
0021500274,564,4,0,4,10:21 PM,4:25,,,Davis REBOUND (Off:2 Def:10),,,5.0,203076,Anthony Davis,1610612740.0,New Orleans,Pelicans,NOP,0,0,,,,,,0,0,,,,,
0021500274,565,1,1,4,10:21 PM,4:11,,,Davis 20' Jump Shot (22 PTS) (Evans 8 AST),91 - 96,5,5.0,203076,Anthony Davis,1610612740.0,New Orleans,Pelicans,NOP,5,201936,Tyreke Evans,1610612740.0,New Orleans,Pelicans,NOP,0,0,,,,,
0021500274,566,2,3,4,10:22 PM,3:53,MISS Howard 6' Hook Shot,,,,,4.0,2730,Dwight Howard,1610612745.0,Houston,Rockets,HOU,0,0,,,,,,0,0,,,,,
0021500274,567,4,0,4,10:22 PM,3:51,,,Anderson REBOUND (Off:4 Def:5),,,5.0,201583,Ryan Anderson,1610612740.0,New Orleans,Pelicans,NOP,0,0,,,,,,0,0,,,,,
0021500274,568,5,2,4,10:22 PM,3:50,Brewer STEAL (3 STL),,Evans Lost Ball Turnover (P3.T23),,,5.0,201936,Tyreke Evans,1610612740.0,New Orleans,Pelicans,NOP,4,201147,Corey Brewer,1610612745.0,Houston,Rockets,HOU,0,0,,,,,
0021500274,569,2,1,4,10:22 PM,3:44,MISS Ariza 26' 3PT Jump Shot,,,,,4.0,2772,Trevor Ariza,1610612745.0,Houston,Rockets,HOU,0,0,,,,,,0,0,,,,,
0021500274,570,4,0,4,10:22 PM,3:43,,,Evans REBOUND (Off:0 Def:6),,,5.0,201936,Tyreke Evans,1610612740.0,New Orleans,Pelicans,NOP,0,0,,,,,,0,0,,,,,
0021500274,571,6,2,4,10:22 PM,3:29,Ariza S.FOUL (P1.T4) (K.Scott),,,,,4.0,2772,Trevor Ariza,1610612745.0,Houston,Rockets,HOU,5,201936,Tyreke Evans,1610612740.0,New Orleans,Pelicans,NOP,1,0,,,,,
0021500274,572,3,11,4,10:22 PM,3:29,,,Evans Free Throw 1 of 2 (10 PTS),92 - 96,4,5.0,201936,Tyreke Evans,1610612740.0,New Orleans,Pelicans,NOP,0,0,,,,,,0,0,,,,,
0021500274,574,8,0,4,10:23 PM,3:29,SUB: Lawson FOR Beverley,,,,,4.0,201976,Patrick Beverley,1610612745.0,Houston,Rockets,HOU,4,201951,Ty Lawson,1610612745.0,Houston,Rockets,HOU,0,0,,,,,
0021500274,575,3,12,4,10:23 PM,3:29,,,MISS Evans Free Throw 2 of 2,,,5.0,201936,Tyreke Evans,1610612740.0,New Orleans,Pelicans,NOP,0,0,,,,,,0,0,,,,,
0021500274,577,4,0,4,10:23 PM,3:29,Ariza REBOUND (Off:1 Def:1),,,,,4.0,2772,Trevor Ariza,1610612745.0,Houston,Rockets,HOU,0,0,,,,,,0,0,,,,,
0021500274,578,1,1,4,10:23 PM,3:13,Harden 25' 3PT Jump Shot (24 PTS),,,92 - 99,7,4.0,201935,James Harden,1610612745.0,Houston,Rockets,HOU,0,0,,,,,,0,0,,,,,
0021500274,579,2,5,4,10:24 PM,2:58,,,MISS Davis 3' Layup,,,5.0,203076,Anthony Davis,1610612740.0,New Orleans,Pelicans,NOP,0,0,,,,,,0,0,,,,,
0021500274,581,4,0,4,10:24 PM,2:57,,,Anderson REBOUND (Off:5 Def:5),,,5.0,201583,Ryan Anderson,1610612740.0,New Orleans,Pelicans,NOP,0,0,,,,,,0,0,,,,,
0021500274,580,1,97,4,10:24 PM,2:57,,,Anderson 2' Tip Layup Shot (19 PTS),94 - 99,5,5.0,201583,Ryan Anderson,1610612740.0,New Orleans,Pelicans,NOP,0,0,,,,,,0,0,,,,,
0021500274,582,2,42,4,10:24 PM,2:32,MISS Harden 2' Driving Layup,,,,,4.0,201935,James Harden,1610612745.0,Houston,Rockets,HOU,0,0,,,,,,0,0,,,,,
0021500274,583,4,0,4,10:24 PM,2:31,Howard REBOUND (Off:5 Def:10),,,,,4.0,2730,Dwight Howard,1610612745.0,Houston,Rockets,HOU,0,0,,,,,,0,0,,,,,
0021500274,584,1,72,4,10:24 PM,2:30,Howard 2' Putback Layup (6 PTS),,,94 - 101,7,4.0,2730,Dwight Howard,1610612745.0,Houston,Rockets,HOU,0,0,,,,,,0,0,,,,,
0021500274,585,6,28,4,10:24 PM,2:22,Lawson Personal Take Foul (P2.PN) (K.Scott),,,,,4.0,201951,Ty Lawson,1610612745.0,Houston,Rockets,HOU,5,203076,Anthony Davis,1610612740.0,New Orleans,Pelicans,NOP,1,0,,,,,
0021500274,586,9,1,4,10:25 PM,2:22,ROCKETS Timeout: Regular (Full 4 Short 1),,,,,2.0,1610612745,,,,,,0,0,,,,,,0,0,,,,,
0021500274,588,2,1,4,10:27 PM,2:09,,,MISS Gordon 24' 3PT Jump Shot,,,5.0,201569,Eric Gordon,1610612740.0,New Orleans,Pelicans,NOP,0,0,,,,,,0,0,,,,,
0021500274,589,4,0,4,10:27 PM,2:08,Howard REBOUND (Off:5 Def:11),,,,,4.0,2730,Dwight Howard,1610612745.0,Houston,Rockets,HOU,0,0,,,,,,0,0,,,,,
0021500274,590,2,80,4,10:28 PM,1:47,MISS Harden 24' 3PT Step Back Jump Shot,,,,,4.0,201935,James Harden,1610612745.0,Houston,Rockets,HOU,0,0,,,,,,0,0,,,,,
0021500274,591,4,0,4,10:28 PM,1:46,,,Davis REBOUND (Off:2 Def:11),,,5.0,203076,Anthony Davis,1610612740.0,New Orleans,Pelicans,NOP,0,0,,,,,,0,0,,,,,
0021500274,592,2,42,4,10:28 PM,1:40,,,MISS Evans 2' Driving Layup,,,5.0,201936,Tyreke Evans,1610612740.0,New Orleans,Pelicans,NOP,0,0,,,,,,0,0,,,,,
0021500274,593,4,0,4,10:28 PM,1:39,Harden REBOUND (Off:0 Def:10),,,,,4.0,201935,James Harden,1610612745.0,Houston,Rockets,HOU,0,0,,,,,,0,0,,,,,
0021500274,594,6,1,4,10:28 PM,1:39,,,Davis P.FOUL (P2.T3) (G.Zielinski),,,5.0,203076,Anthony Davis,1610612740.0,New Orleans,Pelicans,NOP,4,201935,James Harden,1610612745.0,Houston,Rockets,HOU,1,0,,,,,
0021500274,595,2,80,4,10:28 PM,1:14,MISS Harden 24' 3PT Step Back Jump Shot,,,,,4.0,201935,James Harden,1610612745.0,Houston,Rockets,HOU,0,0,,,,,,0,0,,,,,
0021500274,596,4,0,4,10:28 PM,1:14,,,Pelicans Rebound,,,3.0,1610612740,,,,,,0,0,,,,,,0,0,,,,,
0021500274,597,6,1,4,10:28 PM,1:14,Howard P.FOUL (P5.PN) (K.Scott),,,,,4.0,2730,Dwight Howard,1610612745.0,Houston,Rockets,HOU,5,203076,Anthony Davis,1610612740.0,New Orleans,Pelicans,NOP,1,0,,,,,
0021500274,598,3,11,4,10:29 PM,1:14,,,Davis Free Throw 1 of 2 (23 PTS),95 - 101,6,5.0,203076,Anthony Davis,1610612740.0,New Orleans,Pelicans,NOP,0,0,,,,,,0,0,,,,,
0021500274,600,8,0,4,10:29 PM,1:14,,,SUB: Cole FOR Gordon,,,5.0,201569,Eric Gordon,1610612740.0,New Orleans,Pelicans,NOP,5,202708,Norris Cole,1610612740.0,New Orleans,Pelicans,NOP,0,0,,,,,
0021500274,601,3,12,4,10:29 PM,1:14,,,Davis Free Throw 2 of 2 (24 PTS),96 - 101,5,5.0,203076,Anthony Davis,1610612740.0,New Orleans,Pelicans,NOP,0,0,,,,,,0,0,,,,,
0021500274,603,6,28,4,10:30 PM,1:14,,,Cole Personal Take Foul (P3.PN) (G.Zielinski),,,5.0,202708,Norris Cole,1610612740.0,New Orleans,Pelicans,NOP,4,2730,Dwight Howard,1610612745.0,Houston,Rockets,HOU,1,0,,,,,
0021500274,604,3,11,4,10:30 PM,1:14,Howard Free Throw 1 of 2 (7 PTS),,,96 - 102,6,4.0,2730,Dwight Howard,1610612745.0,Houston,Rockets,HOU,0,0,,,,,,0,0,,,,,
0021500274,606,8,0,4,10:30 PM,1:14,SUB: Beverley FOR Lawson,,,,,4.0,201951,Ty Lawson,1610612745.0,Houston,Rockets,HOU,4,201976,Patrick Beverley,1610612745.0,Houston,Rockets,HOU,0,0,,,,,
0021500274,607,3,12,4,10:30 PM,1:14,Howard Free Throw 2 of 2 (8 PTS),,,96 - 103,7,4.0,2730,Dwight Howard,1610612745.0,Houston,Rockets,HOU,0,0,,,,,,0,0,,,,,
0021500274,609,9,1,4,10:31 PM,1:14,,,Pelicans Timeout: Regular (Reg.5 Short 0),,,3.0,1610612740,,,,,,0,0,,,,,,0,0,,,,,
0021500274,611,2,1,4,10:32 PM,1:02,,,MISS Anderson 24' 3PT Jump Shot,,,5.0,201583,Ryan Anderson,1610612740.0,New Orleans,Pelicans,NOP,0,0,,,,,,0,0,,,,,
0021500274,612,4,0,4,10:32 PM,1:01,Brewer REBOUND (Off:0 Def:1),,,,,4.0,201147,Corey Brewer,1610612745.0,Houston,Rockets,HOU,0,0,,,,,,0,0,,,,,
0021500274,613,1,101,4,10:33 PM,0:45,Beverley 11' Driving Floating Jump Shot (10 PTS),,,96 - 105,9,4.0,201976,Patrick Beverley,1610612745.0,Houston,Rockets,HOU,0,0,,,,,,0,0,,,,,
0021500274,614,1,49,4,10:33 PM,0:34,,,Davis  Driving Dunk (26 PTS) (Cole 3 AST),98 - 105,7,5.0,203076,Anthony Davis,1610612740.0,New Orleans,Pelicans,NOP,5,202708,Norris Cole,1610612740.0,New Orleans,Pelicans,NOP,0,0,,,,,
0021500274,615,6,28,4,10:33 PM,0:30,,,Cole Personal Take Foul (P4.PN) (G.Zielinski),,,5.0,202708,Norris Cole,1610612740.0,New Orleans,Pelicans,NOP,4,201147,Corey Brewer,1610612745.0,Houston,Rockets,HOU,1,0,,,,,
0021500274,616,3,11,4,10:33 PM,0:30,Brewer Free Throw 1 of 2 (12 PTS),,,98 - 106,8,4.0,201147,Corey Brewer,1610612745.0,Houston,Rockets,HOU,0,0,,,,,,0,0,,,,,
0021500274,618,3,12,4,10:34 PM,0:30,Brewer Free Throw 2 of 2 (13 PTS),,,98 - 107,9,4.0,201147,Corey Brewer,1610612745.0,Houston,Rockets,HOU,0,0,,,,,,0,0,,,,,
0021500274,620,9,2,4,10:34 PM,0:30,,,Pelicans Timeout: Short (Reg.5 Short 1),,,3.0,1610612740,,,,,,0,0,,,,,,0,0,,,,,
0021500274,621,6,6,4,10:35 PM,0:30,Howard AWAY.FROM.PLAY.FOUL (P6.PN) (G.Zielinski),,,,,4.0,2730,Dwight Howard,1610612745.0,Houston,Rockets,HOU,5,203076,Anthony Davis,1610612740.0,New Orleans,Pelicans,NOP,1,0,,,,,
0021500274,622,8,0,4,10:35 PM,0:30,SUB: Jones FOR Howard,,,,,4.0,2730,Dwight Howard,1610612745.0,Houston,Rockets,HOU,4,203093,Terrence Jones,1610612745.0,Houston,Rockets,HOU,0,0,,,,,
0021500274,623,3,10,4,10:36 PM,0:30,,,Davis Free Throw 1 of 1 (27 PTS),99 - 107,8,5.0,203076,Anthony Davis,1610612740.0,New Orleans,Pelicans,NOP,0,0,,,,,,0,0,,,,,
0021500274,625,1,79,4,10:36 PM,0:26,,,Davis 18' Pullup Jump Shot (29 PTS),101 - 107,6,5.0,203076,Anthony Davis,1610612740.0,New Orleans,Pelicans,NOP,0,0,,,,,,0,0,,,,,
0021500274,626,6,28,4,10:36 PM,0:24,,,Anderson Personal Take Foul (P5.PN) (B.Forte),,,5.0,201583,Ryan Anderson,1610612740.0,New Orleans,Pelicans,NOP,4,201147,Corey Brewer,1610612745.0,Houston,Rockets,HOU,1,0,,,,,
0021500274,627,3,11,4,10:36 PM,0:24,MISS Brewer Free Throw 1 of 2,,,,,4.0,201147,Corey Brewer,1610612745.0,Houston,Rockets,HOU,0,0,,,,,,0,0,,,,,
0021500274,629,4,1,4,10:36 PM,0:24,ROCKETS Rebound,,,,,2.0,1610612745,,,,,,0,0,,,,,,0,0,,,,,
0021500274,630,3,12,4,10:37 PM,0:24,Brewer Free Throw 2 of 2 (14 PTS),,,101 - 108,7,4.0,201147,Corey Brewer,1610612745.0,Houston,Rockets,HOU,0,0,,,,,,0,0,,,,,
0021500274,633,2,1,4,10:37 PM,0:17,,,MISS Anderson 24' 3PT Jump Shot,,,5.0,201583,Ryan Anderson,1610612740.0,New Orleans,Pelicans,NOP,0,0,,,,,,0,0,,,,,
0021500274,634,4,0,4,10:37 PM,0:16,Beverley REBOUND (Off:0 Def:2),,,,,4.0,201976,Patrick Beverley,1610612745.0,Houston,Rockets,HOU,0,0,,,,,,0,0,,,,,
0021500274,636,13,0,4,10:37 PM,0:00,,,,101 - 108,7,0.0,0,,,,,,0,0,,,,,,0,0,,,,,
