GAME_ID,EVENTNUM,EVENTMSGTYPE,EVENTMSGACTIONTYPE,PERIOD,WCTIMESTRING,PCTIMESTRING,HOMEDESCRIPTION,NEUTRALDESCRIPTION,VISITORDESCRIPTION,SCORE,SCOREMARGIN,PERSON1TYPE,PLAYER1_ID,PLAYER1_NAME,PLAYER1_TEAM_ID,PLAYER1_TEAM_CITY,PLAYER1_TEAM_NICKNAME,PLAYER1_TEAM_ABBREVIATION,PERSON2TYPE,PLAYER2_ID,PLAYER2_NAME,PLAYER2_TEAM_ID,PLAYER2_TEAM_CITY,PLAYER2_TEAM_NICKNAME,PLAYER2_TEAM_ABBREVIATION,PERSON3TYPE,PLAYER3_ID,PLAYER3_NAME,PLAYER3_TEAM_ID,PLAYER3_TEAM_CITY,PLAYER3_TEAM_NICKNAME,PLAYER3_TEAM_ABBREVIATION
0021500061,0,12,0,1,7:12 PM,12:00,,,,,,0.0,0,,,,,,0,0,,,,,,0,0,,,,,
0021500061,1,10,0,1,7:12 PM,12:00,Jump Ball Gortat vs. Duncan: Tip to Humphries,,,,,4.0,101162,Marcin Gortat,1610612764.0,Washington,Wizards,WAS,5,1495,Tim Duncan,1610612759.0,San Antonio,Spurs,SAS,4,2743,Kris Humphries,1610612764.0,Washington,Wizards,WAS
0021500061,2,1,63,1,7:12 PM,11:43,Gortat 17' Fadeaway Jumper (2 PTS) (Wall 1 AST),,,0 - 2,2,4.0,101162,Marcin Gortat,1610612764.0,Washington,Wizards,WAS,4,202322,John Wall,1610612764.0,Washington,Wizards,WAS,0,0,,,,,
0021500061,3,2,1,1,7:12 PM,11:21,,,MISS Duncan 15' Jump Shot,,,5.0,1495,Tim Duncan,1610612759.0,San Antonio,Spurs,SAS,0,0,,,,,,0,0,,,,,
0021500061,4,4,0,1,7:12 PM,11:19,Humphries REBOUND (Off:0 Def:1),,,,,4.0,2743,Kris Humphries,1610612764.0,Washington,Wizards,WAS,0,0,,,,,,0,0,,,,,
0021500061,5,1,82,1,7:12 PM,11:09,Humphries 4' Driving Bank Shot (2 PTS) (Wall 2 AST),,,0 - 4,4,4.0,2743,Kris Humphries,1610612764.0,Washington,Wizards,WAS,4,202322,John Wall,1610612764.0,Washington,Wizards,WAS,0,0,,,,,
0021500061,6,2,1,1,7:13 PM,10:51,,,MISS Aldridge 19' Jump Shot,,,5.0,200746,LaMarcus Aldridge,1610612759.0,San Antonio,Spurs,SAS,0,0,,,,,,0,0,,,,,
0021500061,7,4,0,1,7:13 PM,10:50,,,Duncan REBOUND (Off:1 Def:0),,,5.0,1495,Tim Duncan,1610612759.0,San Antonio,Spurs,SAS,0,0,,,,,,0,0,,,,,
0021500061,8,5,1,1,7:13 PM,10:40,Beal STEAL (1 STL),,Parker Bad Pass Turnover (P1.T1),,,5.0,2225,Tony Parker,1610612759.0,San Antonio,Spurs,SAS,4,203078,Bradley Beal,1610612764.0,Washington,Wizards,WAS,0,0,,,,,
0021500061,9,1,79,1,7:13 PM,10:34,Beal 26' 3PT Pullup Jump Shot (3 PTS) (Wall 3 AST),,,0 - 7,7,4.0,203078,Bradley Beal,1610612764.0,Washington,Wizards,WAS,4,202322,John Wall,1610612764.0,Washington,Wizards,WAS,0,0,,,,,
0021500061,10,9,1,1,7:13 PM,10:34,,,Spurs Timeout: Regular (Reg.1 Short 0),,,3.0,1610612759,,,,,,0,0,,,,,,0,0,,,,,
0021500061,12,6,27,1,7:16 PM,10:16,Gortat Personal Block Foul (P1.T1) (N.Buchert),,,,,4.0,101162,Marcin Gortat,1610612764.0,Washington,Wizards,WAS,5,202695,Kawhi Leonard,1610612759.0,San Antonio,Spurs,SAS,1,0,,,,,
0021500061,13,2,1,1,7:16 PM,10:13,Gortat BLOCK (1 BLK),,MISS Parker 6' Jump Shot,,,5.0,2225,Tony Parker,1610612759.0,San Antonio,Spurs,SAS,0,0,,,,,,4,101162,Marcin Gortat,1610612764.0,Washington,Wizards,WAS
0021500061,14,4,0,1,7:16 PM,10:11,Humphries REBOUND (Off:0 Def:2),,,,,4.0,2743,Kris Humphries,1610612764.0,Washington,Wizards,WAS,0,0,,,,,,0,0,,,,,
0021500061,15,2,5,1,7:16 PM,10:02,MISS Wall 2' Layup,,,,,4.0,202322,John Wall,1610612764.0,Washington,Wizards,WAS,0,0,,,,,,0,0,,,,,
0021500061,16,4,0,1,7:16 PM,10:01,,,Duncan REBOUND (Off:1 Def:1),,,5.0,1495,Tim Duncan,1610612759.0,San Antonio,Spurs,SAS,0,0,,,,,,0,0,,,,,
0021500061,17,6,2,1,7:17 PM,9:55,Gortat S.FOUL (P2.T2) (T.Ford),,,,,4.0,101162,Marcin Gortat,1610612764.0,Washington,Wizards,WAS,5,2225,Tony Parker,1610612759.0,San Antonio,Spurs,SAS,1,0,,,,,
0021500061,18,3,11,1,7:17 PM,9:55,,,Parker Free Throw 1 of 2 (1 PTS),1 - 7,6,5.0,2225,Tony Parker,1610612759.0,San Antonio,Spurs,SAS,0,0,,,,,,0,0,,,,,
0021500061,20,8,0,1,7:17 PM,9:55,SUB: Nene FOR Gortat,,,,,4.0,101162,Marcin Gortat,1610612764.0,Washington,Wizards,WAS,4,2403,Nene,1610612764.0,Washington,Wizards,WAS,0,0,,,,,
0021500061,21,3,12,1,7:17 PM,9:55,,,Parker Free Throw 2 of 2 (2 PTS),2 - 7,5,5.0,2225,Tony Parker,1610612759.0,San Antonio,Spurs,SAS,0,0,,,,,,0,0,,,,,
0021500061,24,6,1,1,7:18 PM,9:46,,,Leonard P.FOUL (P1.T1) (M.Callahan),,,5.0,202695,Kawhi Leonard,1610612759.0,San Antonio,Spurs,SAS,4,2743,Kris Humphries,1610612764.0,Washington,Wizards,WAS,1,0,,,,,
0021500061,25,1,1,1,7:18 PM,9:30,Porter Jr. 18' Jump Shot (2 PTS) (Beal 1 AST),,,2 - 9,7,4.0,203490,Otto Porter Jr.,1610612764.0,Washington,Wizards,WAS,4,203078,Bradley Beal,1610612764.0,Washington,Wizards,WAS,0,0,,,,,
0021500061,27,2,1,1,7:19 PM,9:05,,,MISS Green 27' 3PT Jump Shot,,,5.0,201980,Danny Green,1610612759.0,San Antonio,Spurs,SAS,0,0,,,,,,0,0,,,,,
0021500061,28,4,0,1,7:19 PM,9:04,Nene REBOUND (Off:0 Def:1),,,,,4.0,2403,Nene,1610612764.0,Washington,Wizards,WAS,0,0,,,,,,0,0,,,,,
0021500061,29,1,1,1,7:19 PM,8:51,Nene 18' Jump Shot (2 PTS),,,2 - 11,9,4.0,2403,Nene,1610612764.0,Washington,Wizards,WAS,0,0,,,,,,0,0,,,,,
0021500061,30,2,1,1,7:19 PM,8:33,,,MISS Leonard 25' 3PT Jump Shot,,,5.0,202695,Kawhi Leonard,1610612759.0,San Antonio,Spurs,SAS,0,0,,,,,,0,0,,,,,
0021500061,31,4,0,1,7:19 PM,8:33,Nene REBOUND (Off:0 Def:2),,,,,4.0,2403,Nene,1610612764.0,Washington,Wizards,WAS,0,0,,,,,,0,0,,,,,
0021500061,32,6,2,1,7:20 PM,8:29,,,Duncan S.FOUL (P1.T2) (T.Ford),,,5.0,1495,Tim Duncan,1610612759.0,San Antonio,Spurs,SAS,4,203490,Otto Porter Jr.,1610612764.0,Washington,Wizards,WAS,1,0,,,,,
0021500061,33,3,11,1,7:20 PM,8:29,Porter Jr. Free Throw 1 of 2 (3 PTS),,,2 - 12,10,4.0,203490,Otto Porter Jr.,1610612764.0,Washington,Wizards,WAS,0,0,,,,,,0,0,,,,,
0021500061,35,3,12,1,7:20 PM,8:29,Porter Jr. Free Throw 2 of 2 (4 PTS),,,2 - 13,11,4.0,203490,Otto Porter Jr.,1610612764.0,Washington,Wizards,WAS,0,0,,,,,,0,0,,,,,
0021500061,39,2,1,1,7:21 PM,8:08,,,MISS Parker 18' Jump Shot,,,5.0,2225,Tony Parker,1610612759.0,San Antonio,Spurs,SAS,0,0,,,,,,0,0,,,,,
0021500061,40,4,0,1,7:21 PM,8:07,Porter Jr. REBOUND (Off:0 Def:1),,,,,4.0,203490,Otto Porter Jr.,1610612764.0,Washington,Wizards,WAS,0,0,,,,,,0,0,,,,,
0021500061,41,1,98,1,7:21 PM,7:59,Porter Jr. 1' Cutting Layup Shot (6 PTS) (Wall 4 AST),,,2 - 15,13,4.0,203490,Otto Porter Jr.,1610612764.0,Washington,Wizards,WAS,4,202322,John Wall,1610612764.0,Washington,Wizards,WAS,0,0,,,,,
0021500061,42,2,1,1,7:21 PM,7:31,,,MISS Green 24' 3PT Jump Shot,,,5.0,201980,Danny Green,1610612759.0,San Antonio,Spurs,SAS,0,0,,,,,,0,0,,,,,
0021500061,43,4,0,1,7:21 PM,7:29,Humphries REBOUND (Off:0 Def:3),,,,,4.0,2743,Kris Humphries,1610612764.0,Washington,Wizards,WAS,0,0,,,,,,0,0,,,,,
0021500061,45,1,78,1,7:22 PM,7:23,Beal 9' Floating Jump Shot (5 PTS) (Wall 5 AST),,,2 - 17,15,4.0,203078,Bradley Beal,1610612764.0,Washington,Wizards,WAS,4,202322,John Wall,1610612764.0,Washington,Wizards,WAS,0,0,,,,,
0021500061,46,2,1,1,7:22 PM,7:13,,,MISS Leonard 14' Jump Shot,,,5.0,202695,Kawhi Leonard,1610612759.0,San Antonio,Spurs,SAS,0,0,,,,,,0,0,,,,,
0021500061,47,4,0,1,7:22 PM,7:12,Beal REBOUND (Off:0 Def:1),,,,,4.0,203078,Bradley Beal,1610612764.0,Washington,Wizards,WAS,0,0,,,,,,0,0,,,,,
0021500061,48,1,49,1,7:22 PM,7:09,Humphries  Driving Dunk (4 PTS) (Wall 6 AST),,,2 - 19,17,4.0,2743,Kris Humphries,1610612764.0,Washington,Wizards,WAS,4,202322,John Wall,1610612764.0,Washington,Wizards,WAS,0,0,,,,,
0021500061,49,1,44,1,7:22 PM,6:51,,,Leonard 1' Reverse Layup (2 PTS) (Duncan 1 AST),4 - 19,15,5.0,202695,Kawhi Leonard,1610612759.0,San Antonio,Spurs,SAS,5,1495,Tim Duncan,1610612759.0,San Antonio,Spurs,SAS,0,0,,,,,
0021500061,50,2,1,1,7:22 PM,6:32,MISS Humphries 27' 3PT Jump Shot,,,,,4.0,2743,Kris Humphries,1610612764.0,Washington,Wizards,WAS,0,0,,,,,,0,0,,,,,
0021500061,51,4,0,1,7:22 PM,6:31,,,Duncan REBOUND (Off:1 Def:2),,,5.0,1495,Tim Duncan,1610612759.0,San Antonio,Spurs,SAS,0,0,,,,,,0,0,,,,,
0021500061,52,1,1,1,7:23 PM,6:12,,,Parker 21' Jump Shot (4 PTS) (Duncan 2 AST),6 - 19,13,5.0,2225,Tony Parker,1610612759.0,San Antonio,Spurs,SAS,5,1495,Tim Duncan,1610612759.0,San Antonio,Spurs,SAS,0,0,,,,,
0021500061,53,2,1,1,7:23 PM,5:48,MISS Humphries 24' 3PT Jump Shot,,,,,4.0,2743,Kris Humphries,1610612764.0,Washington,Wizards,WAS,0,0,,,,,,0,0,,,,,
0021500061,54,4,0,1,7:23 PM,5:47,,,Duncan REBOUND (Off:1 Def:3),,,5.0,1495,Tim Duncan,1610612759.0,San Antonio,Spurs,SAS,0,0,,,,,,0,0,,,,,
0021500061,55,1,49,1,7:23 PM,5:37,,,Aldridge  Driving Dunk (2 PTS),8 - 19,11,5.0,200746,LaMarcus Aldridge,1610612759.0,San Antonio,Spurs,SAS,0,0,,,,,,0,0,,,,,
0021500061,56,6,28,1,7:24 PM,5:27,,,Parker Personal Take Foul (P1.T3) (T.Ford),,,5.0,2225,Tony Parker,1610612759.0,San Antonio,Spurs,SAS,4,202322,John Wall,1610612764.0,Washington,Wizards,WAS,1,0,,,,,
0021500061,57,8,0,1,7:24 PM,5:27,SUB: Gooden FOR Humphries,,,,,4.0,2743,Kris Humphries,1610612764.0,Washington,Wizards,WAS,4,2400,Drew Gooden,1610612764.0,Washington,Wizards,WAS,0,0,,,,,
0021500061,58,8,0,1,7:24 PM,5:27,,,SUB: Diaw FOR Duncan,,,5.0,1495,Tim Duncan,1610612759.0,San Antonio,Spurs,SAS,5,2564,Boris Diaw,1610612759.0,San Antonio,Spurs,SAS,0,0,,,,,
0021500061,59,8,0,1,7:24 PM,5:27,,,SUB: Ginobili FOR Green,,,5.0,201980,Danny Green,1610612759.0,San Antonio,Spurs,SAS,5,1938,Manu Ginobili,1610612759.0,San Antonio,Spurs,SAS,0,0,,,,,
0021500061,60,8,0,1,7:24 PM,5:27,,,SUB: Mills FOR Parker,,,5.0,2225,Tony Parker,1610612759.0,San Antonio,Spurs,SAS,5,201988,Patty Mills,1610612759.0,San Antonio,Spurs,SAS,0,0,,,,,
0021500061,62,2,1,1,7:24 PM,5:17,MISS Wall 19' Jump Shot,,,,,4.0,202322,John Wall,1610612764.0,Washington,Wizards,WAS,0,0,,,,,,0,0,,,,,
0021500061,63,4,0,1,7:24 PM,5:16,,,Leonard REBOUND (Off:0 Def:1),,,5.0,202695,Kawhi Leonard,1610612759.0,San Antonio,Spurs,SAS,0,0,,,,,,0,0,,,,,
0021500061,64,2,1,1,7:25 PM,4:58,,,MISS Aldridge 18' Jump Shot,,,5.0,200746,LaMarcus Aldridge,1610612759.0,San Antonio,Spurs,SAS,0,0,,,,,,0,0,,,,,
0021500061,65,4,0,1,7:25 PM,4:57,Wall REBOUND (Off:0 Def:1),,,,,4.0,202322,John Wall,1610612764.0,Washington,Wizards,WAS,0,0,,,,,,0,0,,,,,
0021500061,67,2,1,1,7:25 PM,4:39,MISS Gooden 26' 3PT Jump Shot,,,,,4.0,2400,Drew Gooden,1610612764.0,Washington,Wizards,WAS,0,0,,,,,,0,0,,,,,
0021500061,68,4,0,1,7:25 PM,4:39,,,Leonard REBOUND (Off:0 Def:2),,,5.0,202695,Kawhi Leonard,1610612759.0,San Antonio,Spurs,SAS,0,0,,,,,,0,0,,,,,
0021500061,69,1,86,1,7:25 PM,4:23,,,Leonard 16' Turnaround Fadeaway (4 PTS),10 - 19,9,5.0,202695,Kawhi Leonard,1610612759.0,San Antonio,Spurs,SAS,0,0,,,,,,0,0,,,,,
0021500061,70,2,1,1,7:26 PM,4:08,MISS Beal 25' 3PT Jump Shot,,,,,4.0,203078,Bradley Beal,1610612764.0,Washington,Wizards,WAS,0,0,,,,,,0,0,,,,,
0021500061,71,4,0,1,7:26 PM,4:07,,,Aldridge REBOUND (Off:0 Def:1),,,5.0,200746,LaMarcus Aldridge,1610612759.0,San Antonio,Spurs,SAS,0,0,,,,,,0,0,,,,,
0021500061,72,1,1,1,7:26 PM,3:51,,,Leonard 26' 3PT Jump Shot (7 PTS) (Aldridge 1 AST),13 - 19,6,5.0,202695,Kawhi Leonard,1610612759.0,San Antonio,Spurs,SAS,5,200746,LaMarcus Aldridge,1610612759.0,San Antonio,Spurs,SAS,0,0,,,,,
0021500061,73,9,1,1,7:26 PM,3:50,WIZARDS Timeout: Regular (Full 1 Short 0),,,,,2.0,1610612764,,,,,,0,0,,,,,,0,0,,,,,
0021500061,75,8,0,1,7:28 PM,3:50,SUB: Sessions FOR Wall,,,,,4.0,202322,John Wall,1610612764.0,Washington,Wizards,WAS,4,201196,Ramon Sessions,1610612764.0,Washington,Wizards,WAS,0,0,,,,,
0021500061,76,2,1,1,7:29 PM,3:37,MISS Porter Jr. 20' Jump Shot,,,,,4.0,203490,Otto Porter Jr.,1610612764.0,Washington,Wizards,WAS,0,0,,,,,,0,0,,,,,
0021500061,77,4,0,1,7:29 PM,3:36,,,Aldridge REBOUND (Off:0 Def:2),,,5.0,200746,LaMarcus Aldridge,1610612759.0,San Antonio,Spurs,SAS,0,0,,,,,,0,0,,,,,
0021500061,78,1,75,1,7:29 PM,3:21,,,Aldridge 1' Driving Finger Roll Layup (4 PTS),15 - 19,4,5.0,200746,LaMarcus Aldridge,1610612759.0,San Antonio,Spurs,SAS,0,0,,,,,,0,0,,,,,
0021500061,79,6,4,1,7:29 PM,3:12,Nene OFF.Foul (P1) (N.Buchert),,,,,4.0,2403,Nene,1610612764.0,Washington,Wizards,WAS,5,2564,Boris Diaw,1610612759.0,San Antonio,Spurs,SAS,1,0,,,,,
0021500061,80,5,5,1,7:29 PM,3:12,Nene Foul Turnover (P1.T1),,,,,4.0,2403,Nene,1610612764.0,Washington,Wizards,WAS,0,0,,,,,,1,0,,,,,
0021500061,81,2,1,1,7:30 PM,2:56,,,MISS Aldridge 9' Jump Shot,,,5.0,200746,LaMarcus Aldridge,1610612759.0,San Antonio,Spurs,SAS,0,0,,,,,,0,0,,,,,
0021500061,82,4,0,1,7:30 PM,2:55,Nene REBOUND (Off:0 Def:3),,,,,4.0,2403,Nene,1610612764.0,Washington,Wizards,WAS,0,0,,,,,,0,0,,,,,
0021500061,83,5,45,1,7:30 PM,2:54,Nene Out of Bounds - Bad Pass Turnover Turnover (P2.T2),,,,,4.0,2403,Nene,1610612764.0,Washington,Wizards,WAS,0,0,,,,,,1,0,,,,,
0021500061,84,8,0,1,7:30 PM,2:54,,,SUB: Green FOR Leonard,,,5.0,202695,Kawhi Leonard,1610612759.0,San Antonio,Spurs,SAS,5,201980,Danny Green,1610612759.0,San Antonio,Spurs,SAS,0,0,,,,,
0021500061,85,8,0,1,7:30 PM,2:54,SUB: Neal FOR Porter Jr.,,,,,4.0,203490,Otto Porter Jr.,1610612764.0,Washington,Wizards,WAS,4,202390,Gary Neal,1610612764.0,Washington,Wizards,WAS,0,0,,,,,
0021500061,86,6,26,1,7:30 PM,2:46,,,Mills Offensive Charge Foul (P1.T4) (M.Callahan),,,5.0,201988,Patty Mills,1610612759.0,San Antonio,Spurs,SAS,4,2400,Drew Gooden,1610612764.0,Washington,Wizards,WAS,1,0,,,,,
0021500061,87,5,5,1,7:30 PM,2:46,,,Mills Foul Turnover (P1.T2),,,5.0,201988,Patty Mills,1610612759.0,San Antonio,Spurs,SAS,0,0,,,,,,1,0,,,,,
0021500061,88,1,1,1,7:31 PM,2:35,Beal 26' 3PT Jump Shot (8 PTS) (Nene 1 AST),,,15 - 22,7,4.0,203078,Bradley Beal,1610612764.0,Washington,Wizards,WAS,4,2403,Nene,1610612764.0,Washington,Wizards,WAS,0,0,,,,,
0021500061,89,2,1,1,7:31 PM,2:26,,,MISS Green 5' Jump Shot,,,5.0,201980,Danny Green,1610612759.0,San Antonio,Spurs,SAS,0,0,,,,,,0,0,,,,,
0021500061,90,4,0,1,7:31 PM,2:25,,,Aldridge REBOUND (Off:1 Def:2),,,5.0,200746,LaMarcus Aldridge,1610612759.0,San Antonio,Spurs,SAS,0,0,,,,,,0,0,,,,,
0021500061,91,1,72,1,7:31 PM,2:23,,,Aldridge 1' Putback Layup (6 PTS),17 - 22,5,5.0,200746,LaMarcus Aldridge,1610612759.0,San Antonio,Spurs,SAS,0,0,,,,,,0,0,,,,,
0021500061,92,2,1,1,7:31 PM,2:10,MISS Gooden 10' Jump Shot,,Green BLOCK (1 BLK),,,4.0,2400,Drew Gooden,1610612764.0,Washington,Wizards,WAS,0,0,,,,,,5,201980,Danny Green,1610612759.0,San Antonio,Spurs,SAS
0021500061,93,4,0,1,7:31 PM,2:08,,,Aldridge REBOUND (Off:1 Def:3),,,5.0,200746,LaMarcus Aldridge,1610612759.0,San Antonio,Spurs,SAS,0,0,,,,,,0,0,,,,,
0021500061,94,5,1,1,7:31 PM,1:55,Sessions STEAL (1 STL),,Aldridge Bad Pass Turnover (P1.T3),,,5.0,200746,LaMarcus Aldridge,1610612759.0,San Antonio,Spurs,SAS,4,201196,Ramon Sessions,1610612764.0,Washington,Wizards,WAS,0,0,,,,,
0021500061,95,5,40,1,7:32 PM,1:51,Sessions Out of Bounds Lost Ball Turnover (P1.T3),,,,,4.0,201196,Ramon Sessions,1610612764.0,Washington,Wizards,WAS,0,0,,,,,,1,0,,,,,
0021500061,96,8,0,1,7:32 PM,1:51,,,SUB: Anderson FOR Green,,,5.0,201980,Danny Green,1610612759.0,San Antonio,Spurs,SAS,5,203937,Kyle Anderson,1610612759.0,San Antonio,Spurs,SAS,0,0,,,,,
0021500061,97,2,1,1,7:32 PM,1:39,,,MISS Aldridge 14' Jump Shot,,,5.0,200746,LaMarcus Aldridge,1610612759.0,San Antonio,Spurs,SAS,0,0,,,,,,0,0,,,,,
0021500061,98,4,0,1,7:32 PM,1:38,Gooden REBOUND (Off:0 Def:1),,,,,4.0,2400,Drew Gooden,1610612764.0,Washington,Wizards,WAS,0,0,,,,,,0,0,,,,,
0021500061,99,5,39,1,7:32 PM,1:24,Beal Step Out of Bounds Turnover (P1.T4),,,,,4.0,203078,Bradley Beal,1610612764.0,Washington,Wizards,WAS,0,0,,,,,,1,0,,,,,
0021500061,100,1,75,1,7:33 PM,1:10,,,Ginobili 2' Driving Finger Roll Layup (2 PTS) (Diaw 1 AST),19 - 22,3,5.0,1938,Manu Ginobili,1610612759.0,San Antonio,Spurs,SAS,5,2564,Boris Diaw,1610612759.0,San Antonio,Spurs,SAS,0,0,,,,,
0021500061,101,2,1,1,7:33 PM,0:58,MISS Sessions 7' Jump Shot,,,,,4.0,201196,Ramon Sessions,1610612764.0,Washington,Wizards,WAS,0,0,,,,,,0,0,,,,,
0021500061,102,4,0,1,7:33 PM,0:57,,,Anderson REBOUND (Off:0 Def:1),,,5.0,203937,Kyle Anderson,1610612759.0,San Antonio,Spurs,SAS,0,0,,,,,,0,0,,,,,
0021500061,103,1,80,1,7:33 PM,0:35,,,Anderson 11' Step Back Jump Shot (2 PTS),21 - 22,1,5.0,203937,Kyle Anderson,1610612759.0,San Antonio,Spurs,SAS,0,0,,,,,,0,0,,,,,
0021500061,104,6,1,1,7:33 PM,0:29,,,Anderson P.FOUL (P1.PN) (N.Buchert),,,5.0,203937,Kyle Anderson,1610612759.0,San Antonio,Spurs,SAS,4,203078,Bradley Beal,1610612764.0,Washington,Wizards,WAS,1,0,,,,,
0021500061,105,8,0,1,7:34 PM,0:29,,,SUB: Duncan FOR Aldridge,,,5.0,200746,LaMarcus Aldridge,1610612759.0,San Antonio,Spurs,SAS,5,1495,Tim Duncan,1610612759.0,San Antonio,Spurs,SAS,0,0,,,,,
0021500061,106,2,5,1,7:34 PM,0:24,MISS Nene 3' Layup,,,,,4.0,2403,Nene,1610612764.0,Washington,Wizards,WAS,0,0,,,,,,0,0,,,,,
0021500061,107,4,0,1,7:34 PM,0:23,,,Ginobili REBOUND (Off:0 Def:1),,,5.0,1938,Manu Ginobili,1610612759.0,San Antonio,Spurs,SAS,0,0,,,,,,0,0,,,,,
0021500061,108,6,28,1,7:34 PM,0:06,Beal Personal Take Foul (P1.T3) (M.Callahan),,,,,4.0,203078,Bradley Beal,1610612764.0,Washington,Wizards,WAS,5,1938,Manu Ginobili,1610612759.0,San Antonio,Spurs,SAS,1,0,,,,,
0021500061,109,8,0,1,7:34 PM,0:06,SUB: Temple FOR Beal,,,,,4.0,203078,Bradley Beal,1610612764.0,Washington,Wizards,WAS,4,202066,Garrett Temple,1610612764.0,Washington,Wizards,WAS,0,0,,,,,
0021500061,110,6,2,1,7:35 PM,0:01,Gooden S.FOUL (P1.PN) (N.Buchert),,,,,4.0,2400,Drew Gooden,1610612764.0,Washington,Wizards,WAS,5,203937,Kyle Anderson,1610612759.0,San Antonio,Spurs,SAS,1,0,,,,,
0021500061,111,3,11,1,7:35 PM,0:01,,,Anderson Free Throw 1 of 2 (3 PTS),22 - 22,TIE,5.0,203937,Kyle Anderson,1610612759.0,San Antonio,Spurs,SAS,0,0,,,,,,0,0,,,,,
0021500061,113,3,12,1,7:35 PM,0:01,,,Anderson Free Throw 2 of 2 (4 PTS),23 - 22,-1,5.0,203937,Kyle Anderson,1610612759.0,San Antonio,Spurs,SAS,0,0,,,,,,0,0,,,,,
0021500061,116,13,0,1,7:36 PM,0:00,,,,23 - 22,-1,0.0,0,,,,,,0,0,,,,,,0,0,,,,,
0021500061,118,12,0,2,7:38 PM,12:00,,,,23 - 22,-1,0.0,0,,,,,,0,0,,,,,,0,0,,,,,
0021500061,119,1,1,2,7:38 PM,11:45,,,Ginobili 25' 3PT Jump Shot (5 PTS) (Duncan 3 AST),26 - 22,-4,5.0,1938,Manu Ginobili,1610612759.0,San Antonio,Spurs,SAS,5,1495,Tim Duncan,1610612759.0,San Antonio,Spurs,SAS,0,0,,,,,
0021500061,120,5,2,2,7:39 PM,11:26,Gortat Lost Ball Turnover (P1.T5),,Ginobili STEAL (1 STL),,,4.0,101162,Marcin Gortat,1610612764.0,Washington,Wizards,WAS,5,1938,Manu Ginobili,1610612759.0,San Antonio,Spurs,SAS,0,0,,,,,
0021500061,121,2,1,2,7:39 PM,11:20,,,MISS Anderson 27' 3PT Jump Shot,,,5.0,203937,Kyle Anderson,1610612759.0,San Antonio,Spurs,SAS,0,0,,,,,,0,0,,,,,
0021500061,122,4,0,2,7:39 PM,11:18,Gooden REBOUND (Off:0 Def:2),,,,,4.0,2400,Drew Gooden,1610612764.0,Washington,Wizards,WAS,0,0,,,,,,0,0,,,,,
0021500061,123,2,1,2,7:39 PM,11:02,MISS Neal 20' Jump Shot,,,,,4.0,202390,Gary Neal,1610612764.0,Washington,Wizards,WAS,0,0,,,,,,0,0,,,,,
0021500061,124,4,0,2,7:39 PM,11:00,Gooden REBOUND (Off:1 Def:2),,,,,4.0,2400,Drew Gooden,1610612764.0,Washington,Wizards,WAS,0,0,,,,,,0,0,,,,,
0021500061,125,2,5,2,7:39 PM,10:59,MISS Gooden 2' Layup,,,,,4.0,2400,Drew Gooden,1610612764.0,Washington,Wizards,WAS,0,0,,,,,,0,0,,,,,
0021500061,126,4,0,2,7:39 PM,10:58,,,Duncan REBOUND (Off:1 Def:4),,,5.0,1495,Tim Duncan,1610612759.0,San Antonio,Spurs,SAS,0,0,,,,,,0,0,,,,,
0021500061,127,1,79,2,7:39 PM,10:53,,,Mills 13' Pullup Jump Shot (2 PTS),28 - 22,-6,5.0,201988,Patty Mills,1610612759.0,San Antonio,Spurs,SAS,0,0,,,,,,0,0,,,,,
0021500061,128,2,1,2,7:40 PM,10:28,MISS Gortat 4' Jump Shot,,,,,4.0,101162,Marcin Gortat,1610612764.0,Washington,Wizards,WAS,0,0,,,,,,0,0,,,,,
0021500061,129,4,0,2,7:40 PM,10:26,,,Duncan REBOUND (Off:1 Def:5),,,5.0,1495,Tim Duncan,1610612759.0,San Antonio,Spurs,SAS,0,0,,,,,,0,0,,,,,
0021500061,130,5,2,2,7:40 PM,10:17,Gooden STEAL (1 STL),,Duncan Lost Ball Turnover (P1.T4),,,5.0,1495,Tim Duncan,1610612759.0,San Antonio,Spurs,SAS,4,2400,Drew Gooden,1610612764.0,Washington,Wizards,WAS,0,0,,,,,
0021500061,131,1,78,2,7:40 PM,10:06,Neal 12' Floating Jump Shot (2 PTS) (Temple 1 AST),,,28 - 24,-4,4.0,202390,Gary Neal,1610612764.0,Washington,Wizards,WAS,4,202066,Garrett Temple,1610612764.0,Washington,Wizards,WAS,0,0,,,,,
0021500061,132,2,1,2,7:40 PM,9:45,,,MISS Ginobili 26' 3PT Jump Shot,,,5.0,1938,Manu Ginobili,1610612759.0,San Antonio,Spurs,SAS,0,0,,,,,,0,0,,,,,
0021500061,133,4,0,2,7:40 PM,9:44,,,Duncan REBOUND (Off:2 Def:5),,,5.0,1495,Tim Duncan,1610612759.0,San Antonio,Spurs,SAS,0,0,,,,,,0,0,,,,,
0021500061,134,1,97,2,7:40 PM,9:40,,,Duncan 2' Tip Layup Shot (2 PTS),30 - 24,-6,5.0,1495,Tim Duncan,1610612759.0,San Antonio,Spurs,SAS,0,0,,,,,,0,0,,,,,
0021500061,135,2,1,2,7:41 PM,9:19,MISS Gooden 27' 3PT Jump Shot,,,,,4.0,2400,Drew Gooden,1610612764.0,Washington,Wizards,WAS,0,0,,,,,,0,0,,,,,
0021500061,136,4,0,2,7:41 PM,9:19,,,Spurs Rebound,,,3.0,1610612759,,,,,,0,0,,,,,,0,0,,,,,
0021500061,137,8,0,2,7:41 PM,9:19,SUB: Wall FOR Gooden,,,,,4.0,2400,Drew Gooden,1610612764.0,Washington,Wizards,WAS,4,202322,John Wall,1610612764.0,Washington,Wizards,WAS,0,0,,,,,
0021500061,138,8,0,2,7:41 PM,9:19,SUB: Porter Jr. FOR Sessions,,,,,4.0,201196,Ramon Sessions,1610612764.0,Washington,Wizards,WAS,4,203490,Otto Porter Jr.,1610612764.0,Washington,Wizards,WAS,0,0,,,,,
0021500061,139,8,0,2,7:41 PM,9:19,SUB: Humphries FOR Temple,,,,,4.0,202066,Garrett Temple,1610612764.0,Washington,Wizards,WAS,4,2743,Kris Humphries,1610612764.0,Washington,Wizards,WAS,0,0,,,,,
0021500061,140,8,0,2,7:41 PM,9:19,,,SUB: Green FOR Ginobili,,,5.0,1938,Manu Ginobili,1610612759.0,San Antonio,Spurs,SAS,5,201980,Danny Green,1610612759.0,San Antonio,Spurs,SAS,0,0,,,,,
0021500061,141,8,0,2,7:41 PM,9:19,,,SUB: Parker FOR Anderson,,,5.0,203937,Kyle Anderson,1610612759.0,San Antonio,Spurs,SAS,5,2225,Tony Parker,1610612759.0,San Antonio,Spurs,SAS,0,0,,,,,
0021500061,142,2,1,2,7:42 PM,8:55,,,MISS Diaw 25' 3PT Jump Shot,,,5.0,2564,Boris Diaw,1610612759.0,San Antonio,Spurs,SAS,0,0,,,,,,0,0,,,,,
0021500061,143,4,0,2,7:42 PM,8:55,,,Spurs Rebound,,,3.0,1610612759,,,,,,0,0,,,,,,0,0,,,,,
0021500061,144,5,11,2,7:42 PM,8:55,,,Spurs Turnover: Shot Clock (T#5),,,3.0,1610612759,,,,,,0,0,,,,,,1,0,,,,,
0021500061,145,9,4,2,7:42 PM,8:55,,,,,,1.0,0,,,,,,0,0,,,,,,0,0,,,,,
0021500061,151,8,0,2,7:42 PM,8:55,,,SUB: West FOR Diaw,,,5.0,2564,Boris Diaw,1610612759.0,San Antonio,Spurs,SAS,5,2561,David West,1610612759.0,San Antonio,Spurs,SAS,0,0,,,,,
0021500061,147,1,1,2,7:44 PM,8:39,Neal 27' 3PT Jump Shot (5 PTS) (Wall 7 AST),,,30 - 27,-3,4.0,202390,Gary Neal,1610612764.0,Washington,Wizards,WAS,4,202322,John Wall,1610612764.0,Washington,Wizards,WAS,0,0,,,,,
0021500061,148,1,1,2,7:45 PM,8:19,,,Green 26' 3PT Jump Shot (3 PTS) (Parker 1 AST),33 - 27,-6,5.0,201980,Danny Green,1610612759.0,San Antonio,Spurs,SAS,5,2225,Tony Parker,1610612759.0,San Antonio,Spurs,SAS,0,0,,,,,
0021500061,149,1,1,2,7:45 PM,8:06,Humphries 25' 3PT Jump Shot (7 PTS) (Wall 8 AST),,,33 - 30,-3,4.0,2743,Kris Humphries,1610612764.0,Washington,Wizards,WAS,4,202322,John Wall,1610612764.0,Washington,Wizards,WAS,0,0,,,,,
0021500061,150,6,1,2,7:45 PM,7:52,Wall P.FOUL (P1.T1) (N.Buchert),,,,,4.0,202322,John Wall,1610612764.0,Washington,Wizards,WAS,5,2561,David West,1610612759.0,San Antonio,Spurs,SAS,1,0,,,,,
0021500061,152,1,63,2,7:46 PM,7:43,,,Mills 20' Fadeaway Jumper (4 PTS) (Parker 2 AST),35 - 30,-5,5.0,201988,Patty Mills,1610612759.0,San Antonio,Spurs,SAS,5,2225,Tony Parker,1610612759.0,San Antonio,Spurs,SAS,0,0,,,,,
0021500061,155,8,0,2,7:46 PM,7:29,,,SUB: Leonard FOR Mills,,,5.0,201988,Patty Mills,1610612759.0,San Antonio,Spurs,SAS,5,202695,Kawhi Leonard,1610612759.0,San Antonio,Spurs,SAS,0,0,,,,,
0021500061,156,2,1,2,7:46 PM,7:19,MISS Neal 20' Jump Shot,,,,,4.0,202390,Gary Neal,1610612764.0,Washington,Wizards,WAS,0,0,,,,,,0,0,,,,,
0021500061,157,4,0,2,7:46 PM,7:19,,,West REBOUND (Off:0 Def:1),,,5.0,2561,David West,1610612759.0,San Antonio,Spurs,SAS,0,0,,,,,,0,0,,,,,
0021500061,158,2,1,2,7:47 PM,7:03,,,MISS Leonard 25' 3PT Jump Shot,,,5.0,202695,Kawhi Leonard,1610612759.0,San Antonio,Spurs,SAS,0,0,,,,,,0,0,,,,,
0021500061,159,4,0,2,7:47 PM,7:02,Humphries REBOUND (Off:0 Def:4),,,,,4.0,2743,Kris Humphries,1610612764.0,Washington,Wizards,WAS,0,0,,,,,,0,0,,,,,
0021500061,160,1,63,2,7:47 PM,6:45,Porter Jr. 20' Fadeaway Jumper (8 PTS),,,35 - 32,-3,4.0,203490,Otto Porter Jr.,1610612764.0,Washington,Wizards,WAS,0,0,,,,,,0,0,,,,,
0021500061,161,1,98,2,7:47 PM,6:28,,,Leonard  Cutting Layup Shot (9 PTS) (Duncan 4 AST),37 - 32,-5,5.0,202695,Kawhi Leonard,1610612759.0,San Antonio,Spurs,SAS,5,1495,Tim Duncan,1610612759.0,San Antonio,Spurs,SAS,0,0,,,,,
0021500061,162,6,2,2,7:47 PM,6:28,Humphries S.FOUL (P1.T2) (M.Callahan),,,,,4.0,2743,Kris Humphries,1610612764.0,Washington,Wizards,WAS,5,202695,Kawhi Leonard,1610612759.0,San Antonio,Spurs,SAS,1,0,,,,,
0021500061,163,8,0,2,7:48 PM,6:28,SUB: Beal FOR Neal,,,,,4.0,202390,Gary Neal,1610612764.0,Washington,Wizards,WAS,4,203078,Bradley Beal,1610612764.0,Washington,Wizards,WAS,0,0,,,,,
0021500061,164,3,10,2,7:48 PM,6:28,,,Leonard Free Throw 1 of 1 (10 PTS),38 - 32,-6,5.0,202695,Kawhi Leonard,1610612759.0,San Antonio,Spurs,SAS,0,0,,,,,,0,0,,,,,
0021500061,167,1,1,2,7:48 PM,6:14,Porter Jr. 25' 3PT Jump Shot (11 PTS) (Wall 9 AST),,,38 - 35,-3,4.0,203490,Otto Porter Jr.,1610612764.0,Washington,Wizards,WAS,4,202322,John Wall,1610612764.0,Washington,Wizards,WAS,0,0,,,,,
0021500061,168,5,2,2,7:48 PM,5:53,Wall STEAL (1 STL),,West Lost Ball Turnover (P1.T6),,,5.0,2561,David West,1610612759.0,San Antonio,Spurs,SAS,4,202322,John Wall,1610612764.0,Washington,Wizards,WAS,0,0,,,,,
0021500061,169,2,1,2,7:49 PM,5:47,MISS Wall 26' 3PT Jump Shot,,,,,4.0,202322,John Wall,1610612764.0,Washington,Wizards,WAS,0,0,,,,,,0,0,,,,,
0021500061,170,4,0,2,7:49 PM,5:45,,,West REBOUND (Off:0 Def:2),,,5.0,2561,David West,1610612759.0,San Antonio,Spurs,SAS,0,0,,,,,,0,0,,,,,
0021500061,171,9,1,2,7:49 PM,5:43,,,Spurs Timeout: Regular (Reg.2 Short 0),,,3.0,1610612759,,,,,,0,0,,,,,,0,0,,,,,
0021500061,173,2,5,2,7:52 PM,5:34,Porter Jr. BLOCK (1 BLK),,MISS Leonard 2' Layup,,,5.0,202695,Kawhi Leonard,1610612759.0,San Antonio,Spurs,SAS,0,0,,,,,,4,203490,Otto Porter Jr.,1610612764.0,Washington,Wizards,WAS
0021500061,174,4,0,2,7:52 PM,5:33,,,Leonard REBOUND (Off:1 Def:2),,,5.0,202695,Kawhi Leonard,1610612759.0,San Antonio,Spurs,SAS,0,0,,,,,,0,0,,,,,
0021500061,175,2,5,2,7:52 PM,5:30,,,MISS Leonard 3' Layup,,,5.0,202695,Kawhi Leonard,1610612759.0,San Antonio,Spurs,SAS,0,0,,,,,,0,0,,,,,
0021500061,176,4,0,2,7:52 PM,5:29,Gortat REBOUND (Off:0 Def:1),,,,,4.0,101162,Marcin Gortat,1610612764.0,Washington,Wizards,WAS,0,0,,,,,,0,0,,,,,
0021500061,177,1,41,2,7:52 PM,5:26,Wall 2' Running Layup (2 PTS),,,38 - 37,-1,4.0,202322,John Wall,1610612764.0,Washington,Wizards,WAS,0,0,,,,,,0,0,,,,,
0021500061,178,6,2,2,7:52 PM,5:15,Wall S.FOUL (P2.T3) (N.Buchert),,,,,4.0,202322,John Wall,1610612764.0,Washington,Wizards,WAS,5,201980,Danny Green,1610612759.0,San Antonio,Spurs,SAS,1,0,,,,,
0021500061,179,3,13,2,7:52 PM,5:15,,,Green Free Throw 1 of 3 (4 PTS),39 - 37,-2,5.0,201980,Danny Green,1610612759.0,San Antonio,Spurs,SAS,0,0,,,,,,0,0,,,,,
0021500061,181,3,14,2,7:52 PM,5:15,,,Green Free Throw 2 of 3 (5 PTS),40 - 37,-3,5.0,201980,Danny Green,1610612759.0,San Antonio,Spurs,SAS,0,0,,,,,,0,0,,,,,
0021500061,183,8,0,2,7:53 PM,5:15,,,SUB: Aldridge FOR Duncan,,,5.0,1495,Tim Duncan,1610612759.0,San Antonio,Spurs,SAS,5,200746,LaMarcus Aldridge,1610612759.0,San Antonio,Spurs,SAS,0,0,,,,,
0021500061,184,3,15,2,7:53 PM,5:15,,,Green Free Throw 3 of 3 (6 PTS),41 - 37,-4,5.0,201980,Danny Green,1610612759.0,San Antonio,Spurs,SAS,0,0,,,,,,0,0,,,,,
0021500061,187,1,63,2,7:53 PM,5:01,Beal 19' Fadeaway Jumper (10 PTS),,,41 - 39,-2,4.0,203078,Bradley Beal,1610612764.0,Washington,Wizards,WAS,0,0,,,,,,0,0,,,,,
0021500061,188,6,1,2,7:53 PM,4:53,Humphries P.FOUL (P2.T4) (M.Callahan),,,,,4.0,2743,Kris Humphries,1610612764.0,Washington,Wizards,WAS,5,200746,LaMarcus Aldridge,1610612759.0,San Antonio,Spurs,SAS,1,0,,,,,
0021500061,189,2,1,2,7:54 PM,4:38,,,MISS Aldridge 17' Jump Shot,,,5.0,200746,LaMarcus Aldridge,1610612759.0,San Antonio,Spurs,SAS,0,0,,,,,,0,0,,,,,
0021500061,190,4,0,2,7:54 PM,4:37,WIZARDS Rebound,,,,,2.0,1610612764,,,,,,0,0,,,,,,0,0,,,,,
0021500061,191,6,3,2,7:54 PM,4:37,,,West L.B.FOUL (P1.T1) (N.Buchert),,,5.0,2561,David West,1610612759.0,San Antonio,Spurs,SAS,4,2743,Kris Humphries,1610612764.0,Washington,Wizards,WAS,1,0,,,,,
0021500061,192,5,1,2,7:54 PM,4:27,Gortat Bad Pass Turnover (P2.T6),,Leonard STEAL (1 STL),,,4.0,101162,Marcin Gortat,1610612764.0,Washington,Wizards,WAS,5,202695,Kawhi Leonard,1610612759.0,San Antonio,Spurs,SAS,0,0,,,,,
0021500061,193,1,50,2,7:54 PM,4:23,,,Leonard  Running Dunk (12 PTS),43 - 39,-4,5.0,202695,Kawhi Leonard,1610612759.0,San Antonio,Spurs,SAS,0,0,,,,,,0,0,,,,,
0021500061,194,2,1,2,7:55 PM,4:10,MISS Porter Jr. 17' Jump Shot,,,,,4.0,203490,Otto Porter Jr.,1610612764.0,Washington,Wizards,WAS,0,0,,,,,,0,0,,,,,
0021500061,195,4,0,2,7:55 PM,4:09,,,Green REBOUND (Off:0 Def:1),,,5.0,201980,Danny Green,1610612759.0,San Antonio,Spurs,SAS,0,0,,,,,,0,0,,,,,
0021500061,196,1,99,2,7:55 PM,4:04,,,Leonard 1' Cutting Finger Roll Layup Shot (14 PTS) (Parker 3 AST),45 - 39,-6,5.0,202695,Kawhi Leonard,1610612759.0,San Antonio,Spurs,SAS,5,2225,Tony Parker,1610612759.0,San Antonio,Spurs,SAS,0,0,,,,,
0021500061,197,2,1,2,7:55 PM,3:47,MISS Beal 25' 3PT Jump Shot,,,,,4.0,203078,Bradley Beal,1610612764.0,Washington,Wizards,WAS,0,0,,,,,,0,0,,,,,
0021500061,198,4,0,2,7:55 PM,3:46,,,Aldridge REBOUND (Off:1 Def:4),,,5.0,200746,LaMarcus Aldridge,1610612759.0,San Antonio,Spurs,SAS,0,0,,,,,,0,0,,,,,
0021500061,199,1,1,2,7:55 PM,3:30,,,Leonard 18' Jump Shot (16 PTS) (West 1 AST),47 - 39,-8,5.0,202695,Kawhi Leonard,1610612759.0,San Antonio,Spurs,SAS,5,2561,David West,1610612759.0,San Antonio,Spurs,SAS,0,0,,,,,
0021500061,200,9,1,2,7:55 PM,3:29,WIZARDS Timeout: Regular (Full 2 Short 0),,,,,2.0,1610612764,,,,,,0,0,,,,,,0,0,,,,,
0021500061,202,2,1,2,7:58 PM,3:17,MISS Wall 17' Jump Shot,,,,,4.0,202322,John Wall,1610612764.0,Washington,Wizards,WAS,0,0,,,,,,0,0,,,,,
0021500061,203,4,0,2,7:58 PM,3:16,,,Aldridge REBOUND (Off:1 Def:5),,,5.0,200746,LaMarcus Aldridge,1610612759.0,San Antonio,Spurs,SAS,0,0,,,,,,0,0,,,,,
0021500061,204,1,42,2,7:58 PM,3:08,,,Parker  Driving Layup (6 PTS),49 - 39,-10,5.0,2225,Tony Parker,1610612759.0,San Antonio,Spurs,SAS,0,0,,,,,,0,0,,,,,
0021500061,205,2,1,2,7:58 PM,2:54,MISS Beal 16' Jump Shot,,,,,4.0,203078,Bradley Beal,1610612764.0,Washington,Wizards,WAS,0,0,,,,,,0,0,,,,,
0021500061,206,4,0,2,7:58 PM,2:53,,,Aldridge REBOUND (Off:1 Def:6),,,5.0,200746,LaMarcus Aldridge,1610612759.0,San Antonio,Spurs,SAS,0,0,,,,,,0,0,,,,,
0021500061,207,1,42,2,7:59 PM,2:43,,,Leonard 1' Driving Layup (18 PTS),51 - 39,-12,5.0,202695,Kawhi Leonard,1610612759.0,San Antonio,Spurs,SAS,0,0,,,,,,0,0,,,,,
0021500061,208,2,5,2,7:59 PM,2:37,MISS Beal 1' Layup,,,,,4.0,203078,Bradley Beal,1610612764.0,Washington,Wizards,WAS,0,0,,,,,,0,0,,,,,
0021500061,209,4,0,2,7:59 PM,2:36,Porter Jr. REBOUND (Off:1 Def:1),,,,,4.0,203490,Otto Porter Jr.,1610612764.0,Washington,Wizards,WAS,0,0,,,,,,0,0,,,,,
0021500061,210,1,5,2,7:59 PM,2:36,Porter Jr. 1' Layup (13 PTS),,,51 - 41,-10,4.0,203490,Otto Porter Jr.,1610612764.0,Washington,Wizards,WAS,0,0,,,,,,0,0,,,,,
0021500061,211,2,1,2,7:59 PM,2:13,,,MISS Aldridge 21' Jump Shot,,,5.0,200746,LaMarcus Aldridge,1610612759.0,San Antonio,Spurs,SAS,0,0,,,,,,0,0,,,,,
0021500061,212,4,0,2,7:59 PM,2:13,WIZARDS Rebound,,,,,2.0,1610612764,,,,,,0,0,,,,,,0,0,,,,,
0021500061,213,1,86,2,7:59 PM,2:00,Porter Jr. 13' Turnaround Fadeaway (15 PTS) (Beal 2 AST),,,51 - 43,-8,4.0,203490,Otto Porter Jr.,1610612764.0,Washington,Wizards,WAS,4,203078,Bradley Beal,1610612764.0,Washington,Wizards,WAS,0,0,,,,,
0021500061,214,6,26,2,8:00 PM,1:40,,,Aldridge Offensive Charge Foul (P1.T2) (N.Buchert),,,5.0,200746,LaMarcus Aldridge,1610612759.0,San Antonio,Spurs,SAS,4,101162,Marcin Gortat,1610612764.0,Washington,Wizards,WAS,1,0,,,,,
0021500061,215,5,5,2,8:00 PM,1:40,,,Aldridge Foul Turnover (P2.T7),,,5.0,200746,LaMarcus Aldridge,1610612759.0,San Antonio,Spurs,SAS,0,0,,,,,,1,0,,,,,
0021500061,216,8,0,2,8:00 PM,1:40,,,SUB: Ginobili FOR Parker,,,5.0,2225,Tony Parker,1610612759.0,San Antonio,Spurs,SAS,5,1938,Manu Ginobili,1610612759.0,San Antonio,Spurs,SAS,0,0,,,,,
0021500061,217,8,0,2,8:00 PM,1:40,SUB: Sessions FOR Wall,,,,,4.0,202322,John Wall,1610612764.0,Washington,Wizards,WAS,4,201196,Ramon Sessions,1610612764.0,Washington,Wizards,WAS,0,0,,,,,
0021500061,218,8,0,2,8:00 PM,1:40,SUB: Nene FOR Gortat,,,,,4.0,101162,Marcin Gortat,1610612764.0,Washington,Wizards,WAS,4,2403,Nene,1610612764.0,Washington,Wizards,WAS,0,0,,,,,
0021500061,219,8,0,2,8:00 PM,1:40,SUB: Dudley FOR Humphries,,,,,4.0,2743,Kris Humphries,1610612764.0,Washington,Wizards,WAS,4,201162,Jared Dudley,1610612764.0,Washington,Wizards,WAS,0,0,,,,,
0021500061,220,8,0,2,8:00 PM,1:40,,,SUB: Mills FOR Green,,,5.0,201980,Danny Green,1610612759.0,San Antonio,Spurs,SAS,5,201988,Patty Mills,1610612759.0,San Antonio,Spurs,SAS,0,0,,,,,
0021500061,221,1,5,2,8:00 PM,1:26,Nene 3' Layup (4 PTS) (Sessions 1 AST),,,51 - 45,-6,4.0,2403,Nene,1610612764.0,Washington,Wizards,WAS,4,201196,Ramon Sessions,1610612764.0,Washington,Wizards,WAS,0,0,,,,,
0021500061,222,6,2,2,8:01 PM,1:26,,,West S.FOUL (P2.PN) (T.Ford),,,5.0,2561,David West,1610612759.0,San Antonio,Spurs,SAS,4,2403,Nene,1610612764.0,Washington,Wizards,WAS,1,0,,,,,
0021500061,223,8,0,2,8:01 PM,1:26,,,SUB: Diaw FOR West,,,5.0,2561,David West,1610612759.0,San Antonio,Spurs,SAS,5,2564,Boris Diaw,1610612759.0,San Antonio,Spurs,SAS,0,0,,,,,
0021500061,224,3,10,2,8:01 PM,1:26,MISS Nene Free Throw 1 of 1,,,,,4.0,2403,Nene,1610612764.0,Washington,Wizards,WAS,0,0,,,,,,0,0,,,,,
0021500061,226,4,0,2,8:01 PM,1:24,,,Leonard REBOUND (Off:1 Def:3),,,5.0,202695,Kawhi Leonard,1610612759.0,San Antonio,Spurs,SAS,0,0,,,,,,0,0,,,,,
0021500061,229,2,1,2,8:02 PM,1:00,,,MISS Ginobili 27' 3PT Jump Shot,,,5.0,1938,Manu Ginobili,1610612759.0,San Antonio,Spurs,SAS,0,0,,,,,,0,0,,,,,
0021500061,230,4,0,2,8:02 PM,0:59,Dudley REBOUND (Off:0 Def:1),,,,,4.0,201162,Jared Dudley,1610612764.0,Washington,Wizards,WAS,0,0,,,,,,0,0,,,,,
0021500061,231,1,46,2,8:02 PM,0:43,Beal 3' Running Jump Shot (12 PTS),,,51 - 47,-4,4.0,203078,Bradley Beal,1610612764.0,Washington,Wizards,WAS,0,0,,,,,,0,0,,,,,
0021500061,232,2,1,2,8:02 PM,0:26,,,MISS Mills 28' 3PT Jump Shot,,,5.0,201988,Patty Mills,1610612759.0,San Antonio,Spurs,SAS,0,0,,,,,,0,0,,,,,
0021500061,233,4,0,2,8:02 PM,0:25,Beal REBOUND (Off:0 Def:2),,,,,4.0,203078,Bradley Beal,1610612764.0,Washington,Wizards,WAS,0,0,,,,,,0,0,,,,,
0021500061,234,2,1,2,8:03 PM,0:04,MISS Beal 17' Jump Shot,,,,,4.0,203078,Bradley Beal,1610612764.0,Washington,Wizards,WAS,0,0,,,,,,0,0,,,,,
0021500061,235,4,0,2,8:03 PM,0:03,,,Leonard REBOUND (Off:1 Def:4),,,5.0,202695,Kawhi Leonard,1610612759.0,San Antonio,Spurs,SAS,0,0,,,,,,0,0,,,,,
0021500061,236,2,1,2,8:03 PM,0:00,,,MISS Leonard 34' 3PT Jump Shot,,,5.0,202695,Kawhi Leonard,1610612759.0,San Antonio,Spurs,SAS,0,0,,,,,,0,0,,,,,
0021500061,237,4,0,2,8:03 PM,0:00,,,Spurs Rebound,,,3.0,1610612759,,,,,,0,0,,,,,,0,0,,,,,
0021500061,238,13,0,2,8:03 PM,0:00,,,,51 - 47,-4,0.0,0,,,,,,0,0,,,,,,0,0,,,,,
0021500061,240,12,0,3,8:19 PM,12:00,,,,51 - 47,-4,0.0,0,,,,,,0,0,,,,,,0,0,,,,,
0021500061,241,1,47,3,8:19 PM,11:37,,,Duncan 7' Turnaround Jump Shot (4 PTS),53 - 47,-6,5.0,1495,Tim Duncan,1610612759.0,San Antonio,Spurs,SAS,0,0,,,,,,0,0,,,,,
0021500061,242,2,1,3,8:20 PM,11:18,MISS Gortat 7' Jump Shot,,,,,4.0,101162,Marcin Gortat,1610612764.0,Washington,Wizards,WAS,0,0,,,,,,0,0,,,,,
0021500061,243,4,0,3,8:20 PM,11:17,,,Duncan REBOUND (Off:2 Def:6),,,5.0,1495,Tim Duncan,1610612759.0,San Antonio,Spurs,SAS,0,0,,,,,,0,0,,,,,
0021500061,244,2,1,3,8:20 PM,11:06,,,MISS Aldridge 14' Jump Shot,,,5.0,200746,LaMarcus Aldridge,1610612759.0,San Antonio,Spurs,SAS,0,0,,,,,,0,0,,,,,
0021500061,245,4,0,3,8:20 PM,11:05,Gortat REBOUND (Off:0 Def:2),,,,,4.0,101162,Marcin Gortat,1610612764.0,Washington,Wizards,WAS,0,0,,,,,,0,0,,,,,
0021500061,246,5,1,3,8:20 PM,10:44,Wall Bad Pass Turnover (P1.T7),,Aldridge STEAL (1 STL),,,4.0,202322,John Wall,1610612764.0,Washington,Wizards,WAS,5,200746,LaMarcus Aldridge,1610612759.0,San Antonio,Spurs,SAS,0,0,,,,,
0021500061,247,1,79,3,8:20 PM,10:38,,,Green 28' 3PT Pullup Jump Shot (9 PTS),56 - 47,-9,5.0,201980,Danny Green,1610612759.0,San Antonio,Spurs,SAS,0,0,,,,,,0,0,,,,,
0021500061,248,2,1,3,8:20 PM,10:26,MISS Beal 26' 3PT Jump Shot,,,,,4.0,203078,Bradley Beal,1610612764.0,Washington,Wizards,WAS,0,0,,,,,,0,0,,,,,
0021500061,249,4,0,3,8:21 PM,10:25,,,Duncan REBOUND (Off:2 Def:7),,,5.0,1495,Tim Duncan,1610612759.0,San Antonio,Spurs,SAS,0,0,,,,,,0,0,,,,,
0021500061,250,5,1,3,8:21 PM,10:20,Beal STEAL (2 STL),,Duncan Bad Pass Turnover (P2.T8),,,5.0,1495,Tim Duncan,1610612759.0,San Antonio,Spurs,SAS,4,203078,Bradley Beal,1610612764.0,Washington,Wizards,WAS,0,0,,,,,
0021500061,251,1,1,3,8:21 PM,10:10,Porter Jr. 22' Jump Shot (17 PTS),,,56 - 49,-7,4.0,203490,Otto Porter Jr.,1610612764.0,Washington,Wizards,WAS,0,0,,,,,,0,0,,,,,
0021500061,252,2,1,3,8:21 PM,9:46,,,MISS Green 26' 3PT Jump Shot,,,5.0,201980,Danny Green,1610612759.0,San Antonio,Spurs,SAS,0,0,,,,,,0,0,,,,,
0021500061,253,4,0,3,8:21 PM,9:46,Gortat REBOUND (Off:0 Def:3),,,,,4.0,101162,Marcin Gortat,1610612764.0,Washington,Wizards,WAS,0,0,,,,,,0,0,,,,,
0021500061,254,1,80,3,8:21 PM,9:35,Wall 21' Step Back Jump Shot (4 PTS),,,56 - 51,-5,4.0,202322,John Wall,1610612764.0,Washington,Wizards,WAS,0,0,,,,,,0,0,,,,,
0021500061,255,2,1,3,8:22 PM,9:14,,,MISS Parker 6' Jump Shot,,,5.0,2225,Tony Parker,1610612759.0,San Antonio,Spurs,SAS,0,0,,,,,,0,0,,,,,
0021500061,256,4,0,3,8:22 PM,9:14,Humphries REBOUND (Off:0 Def:5),,,,,4.0,2743,Kris Humphries,1610612764.0,Washington,Wizards,WAS,0,0,,,,,,0,0,,,,,
0021500061,257,2,1,3,8:22 PM,9:02,MISS Humphries 16' Jump Shot,,,,,4.0,2743,Kris Humphries,1610612764.0,Washington,Wizards,WAS,0,0,,,,,,0,0,,,,,
0021500061,258,4,0,3,8:22 PM,9:01,,,Green REBOUND (Off:0 Def:2),,,5.0,201980,Danny Green,1610612759.0,San Antonio,Spurs,SAS,0,0,,,,,,0,0,,,,,
0021500061,259,2,1,3,8:22 PM,8:52,Wall BLOCK (1 BLK),,MISS Leonard 3' Jump Shot,,,5.0,202695,Kawhi Leonard,1610612759.0,San Antonio,Spurs,SAS,0,0,,,,,,4,202322,John Wall,1610612764.0,Washington,Wizards,WAS
0021500061,260,4,0,3,8:22 PM,8:50,,,Leonard REBOUND (Off:2 Def:4),,,5.0,202695,Kawhi Leonard,1610612759.0,San Antonio,Spurs,SAS,0,0,,,,,,0,0,,,,,
0021500061,261,2,1,3,8:22 PM,8:47,,,MISS Leonard 16' Jump Shot,,,5.0,202695,Kawhi Leonard,1610612759.0,San Antonio,Spurs,SAS,0,0,,,,,,0,0,,,,,
0021500061,262,4,0,3,8:22 PM,8:46,Gortat REBOUND (Off:0 Def:4),,,,,4.0,101162,Marcin Gortat,1610612764.0,Washington,Wizards,WAS,0,0,,,,,,0,0,,,,,
0021500061,263,6,3,3,8:22 PM,8:46,,,Duncan L.B.FOUL (P2.T1) (T.Ford),,,5.0,1495,Tim Duncan,1610612759.0,San Antonio,Spurs,SAS,4,101162,Marcin Gortat,1610612764.0,Washington,Wizards,WAS,1,0,,,,,
0021500061,264,6,1,3,8:23 PM,8:39,,,Leonard P.FOUL (P2.T2) (N.Buchert),,,5.0,202695,Kawhi Leonard,1610612759.0,San Antonio,Spurs,SAS,4,203078,Bradley Beal,1610612764.0,Washington,Wizards,WAS,1,0,,,,,
0021500061,265,2,1,3,8:23 PM,8:29,MISS Gortat 7' Jump Shot,,,,,4.0,101162,Marcin Gortat,1610612764.0,Washington,Wizards,WAS,0,0,,,,,,0,0,,,,,
0021500061,266,4,0,3,8:23 PM,8:29,WIZARDS Rebound,,,,,2.0,1610612764,,,,,,0,0,,,,,,0,0,,,,,
0021500061,267,6,3,3,8:23 PM,8:29,,,Green L.B.FOUL (P1.T3) (T.Ford),,,5.0,201980,Danny Green,1610612759.0,San Antonio,Spurs,SAS,4,203490,Otto Porter Jr.,1610612764.0,Washington,Wizards,WAS,1,0,,,,,
0021500061,268,2,1,3,8:24 PM,8:14,MISS Humphries 25' 3PT Jump Shot,,,,,4.0,2743,Kris Humphries,1610612764.0,Washington,Wizards,WAS,0,0,,,,,,0,0,,,,,
0021500061,269,4,0,3,8:24 PM,8:13,,,Leonard REBOUND (Off:2 Def:5),,,5.0,202695,Kawhi Leonard,1610612759.0,San Antonio,Spurs,SAS,0,0,,,,,,0,0,,,,,
0021500061,272,1,72,3,8:24 PM,8:04,,,Aldridge 2' Putback Layup (8 PTS),58 - 51,-7,5.0,200746,LaMarcus Aldridge,1610612759.0,San Antonio,Spurs,SAS,0,0,,,,,,0,0,,,,,
0021500061,271,4,0,3,8:24 PM,8:04,,,Aldridge REBOUND (Off:2 Def:6),,,5.0,200746,LaMarcus Aldridge,1610612759.0,San Antonio,Spurs,SAS,0,0,,,,,,0,0,,,,,
0021500061,270,2,1,3,8:24 PM,8:04,,,MISS Leonard 7' Jump Shot,,,5.0,202695,Kawhi Leonard,1610612759.0,San Antonio,Spurs,SAS,0,0,,,,,,0,0,,,,,
0021500061,273,2,1,3,8:24 PM,7:54,MISS Beal 4' Jump Shot,,,,,4.0,203078,Bradley Beal,1610612764.0,Washington,Wizards,WAS,0,0,,,,,,0,0,,,,,
0021500061,274,4,0,3,8:24 PM,7:53,,,Parker REBOUND (Off:0 Def:1),,,5.0,2225,Tony Parker,1610612759.0,San Antonio,Spurs,SAS,0,0,,,,,,0,0,,,,,
0021500061,275,2,1,3,8:24 PM,7:48,,,MISS Green 27' 3PT Jump Shot,,,5.0,201980,Danny Green,1610612759.0,San Antonio,Spurs,SAS,0,0,,,,,,0,0,,,,,
0021500061,276,4,0,3,8:24 PM,7:47,,,Aldridge REBOUND (Off:3 Def:6),,,5.0,200746,LaMarcus Aldridge,1610612759.0,San Antonio,Spurs,SAS,0,0,,,,,,0,0,,,,,
0021500061,277,6,2,3,8:24 PM,7:47,Wall S.FOUL (P3.T1) (T.Ford),,,,,4.0,202322,John Wall,1610612764.0,Washington,Wizards,WAS,5,200746,LaMarcus Aldridge,1610612759.0,San Antonio,Spurs,SAS,1,0,,,,,
0021500061,278,3,11,3,8:24 PM,7:47,,,Aldridge Free Throw 1 of 2 (9 PTS),59 - 51,-8,5.0,200746,LaMarcus Aldridge,1610612759.0,San Antonio,Spurs,SAS,0,0,,,,,,0,0,,,,,
0021500061,280,3,12,3,8:25 PM,7:47,,,Aldridge Free Throw 2 of 2 (10 PTS),60 - 51,-9,5.0,200746,LaMarcus Aldridge,1610612759.0,San Antonio,Spurs,SAS,0,0,,,,,,0,0,,,,,
0021500061,285,5,2,3,8:25 PM,7:36,Gortat Lost Ball Turnover (P3.T8),,Parker STEAL (1 STL),,,4.0,101162,Marcin Gortat,1610612764.0,Washington,Wizards,WAS,5,2225,Tony Parker,1610612759.0,San Antonio,Spurs,SAS,0,0,,,,,
0021500061,287,2,1,3,8:26 PM,7:13,,,MISS Parker 7' Jump Shot,,,5.0,2225,Tony Parker,1610612759.0,San Antonio,Spurs,SAS,0,0,,,,,,0,0,,,,,
0021500061,288,4,0,3,8:26 PM,7:12,Beal REBOUND (Off:0 Def:3),,,,,4.0,203078,Bradley Beal,1610612764.0,Washington,Wizards,WAS,0,0,,,,,,0,0,,,,,
0021500061,289,6,2,3,8:26 PM,7:02,,,Green S.FOUL (P2.T4) (N.Buchert),,,5.0,201980,Danny Green,1610612759.0,San Antonio,Spurs,SAS,4,101162,Marcin Gortat,1610612764.0,Washington,Wizards,WAS,1,0,,,,,
0021500061,290,3,11,3,8:26 PM,7:02,Gortat Free Throw 1 of 2 (3 PTS),,,60 - 52,-8,4.0,101162,Marcin Gortat,1610612764.0,Washington,Wizards,WAS,0,0,,,,,,0,0,,,,,
0021500061,292,9,1,3,8:26 PM,7:02,,,Spurs Timeout: Regular (Reg.3 Short 0),,,3.0,1610612759,,,,,,0,0,,,,,,0,0,,,,,
0021500061,294,3,12,3,8:29 PM,7:02,Gortat Free Throw 2 of 2 (4 PTS),,,60 - 53,-7,4.0,101162,Marcin Gortat,1610612764.0,Washington,Wizards,WAS,0,0,,,,,,0,0,,,,,
0021500061,296,2,1,3,8:29 PM,6:47,,,MISS Green 24' 3PT Jump Shot,,,5.0,201980,Danny Green,1610612759.0,San Antonio,Spurs,SAS,0,0,,,,,,0,0,,,,,
0021500061,297,4,0,3,8:29 PM,6:46,Gortat REBOUND (Off:0 Def:5),,,,,4.0,101162,Marcin Gortat,1610612764.0,Washington,Wizards,WAS,0,0,,,,,,0,0,,,,,
0021500061,298,1,99,3,8:29 PM,6:41,Porter Jr.  Cutting Finger Roll Layup Shot (19 PTS) (Wall 10 AST),,,60 - 55,-5,4.0,203490,Otto Porter Jr.,1610612764.0,Washington,Wizards,WAS,4,202322,John Wall,1610612764.0,Washington,Wizards,WAS,0,0,,,,,
0021500061,299,6,17,3,8:30 PM,6:24,WIZARDS T.Foul (Def. 3 Sec Wall ) (M.Callahan),,,,,4.0,202322,John Wall,1610612764.0,Washington,Wizards,WAS,0,0,,,,,,1,0,,,,,
0021500061,300,3,16,3,8:30 PM,6:24,,,Leonard Free Throw Technical (19 PTS),61 - 55,-6,5.0,202695,Kawhi Leonard,1610612759.0,San Antonio,Spurs,SAS,0,0,,,,,,0,0,,,,,
0021500061,302,2,1,3,8:30 PM,6:13,,,MISS Green 21' Jump Shot,,,5.0,201980,Danny Green,1610612759.0,San Antonio,Spurs,SAS,0,0,,,,,,0,0,,,,,
0021500061,303,4,0,3,8:31 PM,6:12,,,Leonard REBOUND (Off:3 Def:5),,,5.0,202695,Kawhi Leonard,1610612759.0,San Antonio,Spurs,SAS,0,0,,,,,,0,0,,,,,
0021500061,304,2,1,3,8:31 PM,6:01,,,MISS Aldridge 16' Jump Shot,,,5.0,200746,LaMarcus Aldridge,1610612759.0,San Antonio,Spurs,SAS,0,0,,,,,,0,0,,,,,
0021500061,305,4,0,3,8:31 PM,6:01,WIZARDS Rebound,,,,,2.0,1610612764,,,,,,0,0,,,,,,0,0,,,,,
0021500061,306,1,43,3,8:31 PM,5:52,Beal 1' Alley Oop Layup (14 PTS) (Wall 11 AST),,,61 - 57,-4,4.0,203078,Bradley Beal,1610612764.0,Washington,Wizards,WAS,4,202322,John Wall,1610612764.0,Washington,Wizards,WAS,0,0,,,,,
0021500061,307,6,4,3,8:31 PM,5:34,,,Duncan OFF.Foul (P3) (T.Ford),,,5.0,1495,Tim Duncan,1610612759.0,San Antonio,Spurs,SAS,4,203078,Bradley Beal,1610612764.0,Washington,Wizards,WAS,1,0,,,,,
0021500061,308,5,5,3,8:31 PM,5:34,,,Duncan Foul Turnover (P3.T9),,,5.0,1495,Tim Duncan,1610612759.0,San Antonio,Spurs,SAS,0,0,,,,,,1,0,,,,,
0021500061,309,8,0,3,8:31 PM,5:34,,,SUB: Ginobili FOR Green,,,5.0,201980,Danny Green,1610612759.0,San Antonio,Spurs,SAS,5,1938,Manu Ginobili,1610612759.0,San Antonio,Spurs,SAS,0,0,,,,,
0021500061,310,8,0,3,8:32 PM,5:34,,,SUB: Diaw FOR Duncan,,,5.0,1495,Tim Duncan,1610612759.0,San Antonio,Spurs,SAS,5,2564,Boris Diaw,1610612759.0,San Antonio,Spurs,SAS,0,0,,,,,
0021500061,311,2,1,3,8:32 PM,5:14,MISS Wall 10' Jump Shot,,,,,4.0,202322,John Wall,1610612764.0,Washington,Wizards,WAS,0,0,,,,,,0,0,,,,,
0021500061,312,4,0,3,8:32 PM,5:13,,,Spurs Rebound,,,3.0,1610612759,,,,,,0,0,,,,,,0,0,,,,,
0021500061,314,2,5,3,8:33 PM,4:50,,,MISS Leonard 2' Layup,,,5.0,202695,Kawhi Leonard,1610612759.0,San Antonio,Spurs,SAS,0,0,,,,,,0,0,,,,,
0021500061,315,4,0,3,8:33 PM,4:49,Humphries REBOUND (Off:0 Def:6),,,,,4.0,2743,Kris Humphries,1610612764.0,Washington,Wizards,WAS,0,0,,,,,,0,0,,,,,
0021500061,316,2,1,3,8:33 PM,4:40,MISS Gortat 15' Jump Shot,,,,,4.0,101162,Marcin Gortat,1610612764.0,Washington,Wizards,WAS,0,0,,,,,,0,0,,,,,
0021500061,317,4,0,3,8:33 PM,4:39,,,Parker REBOUND (Off:0 Def:2),,,5.0,2225,Tony Parker,1610612759.0,San Antonio,Spurs,SAS,0,0,,,,,,0,0,,,,,
0021500061,318,6,1,3,8:33 PM,4:33,Beal P.FOUL (P2.T2) (M.Callahan),,,,,4.0,203078,Bradley Beal,1610612764.0,Washington,Wizards,WAS,5,200746,LaMarcus Aldridge,1610612759.0,San Antonio,Spurs,SAS,1,0,,,,,
0021500061,319,8,0,3,8:33 PM,4:33,SUB: Nene FOR Gortat,,,,,4.0,101162,Marcin Gortat,1610612764.0,Washington,Wizards,WAS,4,2403,Nene,1610612764.0,Washington,Wizards,WAS,0,0,,,,,
0021500061,320,8,0,3,8:33 PM,4:33,SUB: Sessions FOR Wall,,,,,4.0,202322,John Wall,1610612764.0,Washington,Wizards,WAS,4,201196,Ramon Sessions,1610612764.0,Washington,Wizards,WAS,0,0,,,,,
0021500061,321,8,0,3,8:33 PM,4:33,,,SUB: Mills FOR Parker,,,5.0,2225,Tony Parker,1610612759.0,San Antonio,Spurs,SAS,5,201988,Patty Mills,1610612759.0,San Antonio,Spurs,SAS,0,0,,,,,
0021500061,322,1,42,3,8:34 PM,4:24,,,Ginobili 3' Driving Layup (7 PTS) (Mills 1 AST),63 - 57,-6,5.0,1938,Manu Ginobili,1610612759.0,San Antonio,Spurs,SAS,5,201988,Patty Mills,1610612759.0,San Antonio,Spurs,SAS,0,0,,,,,
0021500061,323,1,42,3,8:34 PM,4:05,Beal  Driving Layup (16 PTS),,,63 - 59,-4,4.0,203078,Bradley Beal,1610612764.0,Washington,Wizards,WAS,0,0,,,,,,0,0,,,,,
0021500061,324,1,1,3,8:34 PM,3:45,,,Ginobili 25' 3PT Jump Shot (10 PTS) (Diaw 2 AST),66 - 59,-7,5.0,1938,Manu Ginobili,1610612759.0,San Antonio,Spurs,SAS,5,2564,Boris Diaw,1610612759.0,San Antonio,Spurs,SAS,0,0,,,,,
0021500061,325,2,5,3,8:34 PM,3:36,MISS Sessions 1' Layup,,,,,4.0,201196,Ramon Sessions,1610612764.0,Washington,Wizards,WAS,0,0,,,,,,0,0,,,,,
0021500061,326,4,0,3,8:34 PM,3:35,,,Diaw REBOUND (Off:0 Def:1),,,5.0,2564,Boris Diaw,1610612759.0,San Antonio,Spurs,SAS,0,0,,,,,,0,0,,,,,
0021500061,327,6,26,3,8:35 PM,3:32,,,Aldridge Offensive Charge Foul (P2.PN) (N.Buchert),,,5.0,200746,LaMarcus Aldridge,1610612759.0,San Antonio,Spurs,SAS,4,203078,Bradley Beal,1610612764.0,Washington,Wizards,WAS,1,0,,,,,
0021500061,328,5,5,3,8:35 PM,3:32,,,Aldridge Foul Turnover (P3.T10),,,5.0,200746,LaMarcus Aldridge,1610612759.0,San Antonio,Spurs,SAS,0,0,,,,,,1,0,,,,,
0021500061,329,8,0,3,8:35 PM,3:32,SUB: Dudley FOR Humphries,,,,,4.0,2743,Kris Humphries,1610612764.0,Washington,Wizards,WAS,4,201162,Jared Dudley,1610612764.0,Washington,Wizards,WAS,0,0,,,,,
0021500061,330,9,1,3,8:35 PM,3:32,WIZARDS Timeout: Regular (Full 3 Short 0),,,,,2.0,1610612764,,,,,,0,0,,,,,,0,0,,,,,
0021500061,332,1,1,3,8:38 PM,3:12,Sessions 25' 3PT Jump Shot (3 PTS) (Beal 3 AST),,,66 - 62,-4,4.0,201196,Ramon Sessions,1610612764.0,Washington,Wizards,WAS,4,203078,Bradley Beal,1610612764.0,Washington,Wizards,WAS,0,0,,,,,
0021500061,333,1,1,3,8:38 PM,2:51,,,Leonard 18' Jump Shot (21 PTS) (Ginobili 1 AST),68 - 62,-6,5.0,202695,Kawhi Leonard,1610612759.0,San Antonio,Spurs,SAS,5,1938,Manu Ginobili,1610612759.0,San Antonio,Spurs,SAS,0,0,,,,,
0021500061,334,6,1,3,8:38 PM,2:33,,,Aldridge P.FOUL (P3.PN) (M.Callahan),,,5.0,200746,LaMarcus Aldridge,1610612759.0,San Antonio,Spurs,SAS,4,2403,Nene,1610612764.0,Washington,Wizards,WAS,1,0,,,,,
0021500061,335,3,11,3,8:39 PM,2:33,MISS Nene Free Throw 1 of 2,,,,,4.0,2403,Nene,1610612764.0,Washington,Wizards,WAS,0,0,,,,,,0,0,,,,,
0021500061,336,4,1,3,8:39 PM,2:33,WIZARDS Rebound,,,,,2.0,1610612764,,,,,,0,0,,,,,,0,0,,,,,
0021500061,337,8,0,3,8:39 PM,2:33,SUB: Neal FOR Beal,,,,,4.0,203078,Bradley Beal,1610612764.0,Washington,Wizards,WAS,4,202390,Gary Neal,1610612764.0,Washington,Wizards,WAS,0,0,,,,,
0021500061,338,3,12,3,8:39 PM,2:33,MISS Nene Free Throw 2 of 2,,,,,4.0,2403,Nene,1610612764.0,Washington,Wizards,WAS,0,0,,,,,,0,0,,,,,
0021500061,340,4,0,3,8:39 PM,2:32,,,Aldridge REBOUND (Off:3 Def:7),,,5.0,200746,LaMarcus Aldridge,1610612759.0,San Antonio,Spurs,SAS,0,0,,,,,,0,0,,,,,
0021500061,342,2,1,3,8:39 PM,2:21,,,MISS Ginobili 13' Jump Shot,,,5.0,1938,Manu Ginobili,1610612759.0,San Antonio,Spurs,SAS,0,0,,,,,,0,0,,,,,
0021500061,343,4,0,3,8:39 PM,2:20,Sessions REBOUND (Off:0 Def:1),,,,,4.0,201196,Ramon Sessions,1610612764.0,Washington,Wizards,WAS,0,0,,,,,,0,0,,,,,
0021500061,344,6,26,3,8:39 PM,2:16,Porter Jr. Offensive Charge Foul (P1.T3) (N.Buchert),,,,,4.0,203490,Otto Porter Jr.,1610612764.0,Washington,Wizards,WAS,5,1938,Manu Ginobili,1610612759.0,San Antonio,Spurs,SAS,1,0,,,,,
0021500061,345,5,5,3,8:39 PM,2:16,Porter Jr. Foul Turnover (P1.T9),,,,,4.0,203490,Otto Porter Jr.,1610612764.0,Washington,Wizards,WAS,0,0,,,,,,1,0,,,,,
0021500061,346,8,0,3,8:40 PM,2:16,,,SUB: Butler FOR Leonard,,,5.0,202695,Kawhi Leonard,1610612759.0,San Antonio,Spurs,SAS,5,2446,Rasual Butler,1610612759.0,San Antonio,Spurs,SAS,0,0,,,,,
0021500061,347,5,4,3,8:40 PM,1:59,,,Aldridge Traveling Turnover (P4.T11),,,5.0,200746,LaMarcus Aldridge,1610612759.0,San Antonio,Spurs,SAS,0,0,,,,,,1,0,,,,,
0021500061,348,2,1,3,8:40 PM,1:41,MISS Nene 11' Jump Shot,,,,,4.0,2403,Nene,1610612764.0,Washington,Wizards,WAS,0,0,,,,,,0,0,,,,,
0021500061,349,4,0,3,8:41 PM,1:40,,,Mills REBOUND (Off:0 Def:1),,,5.0,201988,Patty Mills,1610612759.0,San Antonio,Spurs,SAS,0,0,,,,,,0,0,,,,,
0021500061,350,1,63,3,8:41 PM,1:23,,,Butler 17' Fadeaway Jumper (2 PTS) (Diaw 3 AST),70 - 62,-8,5.0,2446,Rasual Butler,1610612759.0,San Antonio,Spurs,SAS,5,2564,Boris Diaw,1610612759.0,San Antonio,Spurs,SAS,0,0,,,,,
0021500061,352,8,0,3,8:41 PM,1:15,,,SUB: Duncan FOR Aldridge,,,5.0,200746,LaMarcus Aldridge,1610612759.0,San Antonio,Spurs,SAS,5,1495,Tim Duncan,1610612759.0,San Antonio,Spurs,SAS,0,0,,,,,
0021500061,353,1,75,3,8:41 PM,1:06,Neal 2' Driving Finger Roll Layup (7 PTS) (Sessions 2 AST),,,70 - 64,-6,4.0,202390,Gary Neal,1610612764.0,Washington,Wizards,WAS,4,201196,Ramon Sessions,1610612764.0,Washington,Wizards,WAS,0,0,,,,,
0021500061,354,2,1,3,8:42 PM,0:47,,,MISS Butler 24' 3PT Jump Shot,,,5.0,2446,Rasual Butler,1610612759.0,San Antonio,Spurs,SAS,0,0,,,,,,0,0,,,,,
0021500061,355,4,0,3,8:42 PM,0:47,Sessions REBOUND (Off:0 Def:2),,,,,4.0,201196,Ramon Sessions,1610612764.0,Washington,Wizards,WAS,0,0,,,,,,0,0,,,,,
0021500061,356,6,2,3,8:42 PM,0:43,,,Mills S.FOUL (P2.PN) (M.Callahan),,,5.0,201988,Patty Mills,1610612759.0,San Antonio,Spurs,SAS,4,201196,Ramon Sessions,1610612764.0,Washington,Wizards,WAS,1,0,,,,,
0021500061,357,3,11,3,8:42 PM,0:43,Sessions Free Throw 1 of 2 (4 PTS),,,70 - 65,-5,4.0,201196,Ramon Sessions,1610612764.0,Washington,Wizards,WAS,0,0,,,,,,0,0,,,,,
0021500061,359,3,12,3,8:42 PM,0:43,Sessions Free Throw 2 of 2 (5 PTS),,,70 - 66,-4,4.0,201196,Ramon Sessions,1610612764.0,Washington,Wizards,WAS,0,0,,,,,,0,0,,,,,
0021500061,362,6,29,3,8:43 PM,0:33,Nene Shooting Block Foul (P2.T4) (M.Callahan),,,,,4.0,2403,Nene,1610612764.0,Washington,Wizards,WAS,5,2564,Boris Diaw,1610612759.0,San Antonio,Spurs,SAS,1,0,,,,,
0021500061,363,3,11,3,8:43 PM,0:33,,,MISS Diaw Free Throw 1 of 2,,,5.0,2564,Boris Diaw,1610612759.0,San Antonio,Spurs,SAS,0,0,,,,,,0,0,,,,,
0021500061,364,4,1,3,8:43 PM,0:33,,,Spurs Rebound,,,3.0,1610612759,,,,,,0,0,,,,,,0,0,,,,,
0021500061,365,3,12,3,8:43 PM,0:33,,,Diaw Free Throw 2 of 2 (1 PTS),71 - 66,-5,5.0,2564,Boris Diaw,1610612759.0,San Antonio,Spurs,SAS,0,0,,,,,,0,0,,,,,
0021500061,367,2,5,3,8:44 PM,0:22,MISS Sessions 1' Layup,,Butler BLOCK (1 BLK),,,4.0,201196,Ramon Sessions,1610612764.0,Washington,Wizards,WAS,0,0,,,,,,5,2446,Rasual Butler,1610612759.0,San Antonio,Spurs,SAS
0021500061,368,4,0,3,8:44 PM,0:20,,,Duncan REBOUND (Off:2 Def:8),,,5.0,1495,Tim Duncan,1610612759.0,San Antonio,Spurs,SAS,0,0,,,,,,0,0,,,,,
0021500061,369,6,2,3,8:44 PM,0:03,Nene S.FOUL (P3.PN) (T.Ford),,,,,4.0,2403,Nene,1610612764.0,Washington,Wizards,WAS,5,1938,Manu Ginobili,1610612759.0,San Antonio,Spurs,SAS,1,0,,,,,
0021500061,370,3,11,3,8:44 PM,0:03,,,Ginobili Free Throw 1 of 2 (11 PTS),72 - 66,-6,5.0,1938,Manu Ginobili,1610612759.0,San Antonio,Spurs,SAS,0,0,,,,,,0,0,,,,,
0021500061,372,8,0,3,8:44 PM,0:03,SUB: Wall FOR Sessions,,,,,4.0,201196,Ramon Sessions,1610612764.0,Washington,Wizards,WAS,4,202322,John Wall,1610612764.0,Washington,Wizards,WAS,0,0,,,,,
0021500061,373,8,0,3,8:45 PM,0:03,,,SUB: Parker FOR Butler,,,5.0,2446,Rasual Butler,1610612759.0,San Antonio,Spurs,SAS,5,2225,Tony Parker,1610612759.0,San Antonio,Spurs,SAS,0,0,,,,,
0021500061,374,8,0,3,8:45 PM,0:03,,,SUB: Leonard FOR Diaw,,,5.0,2564,Boris Diaw,1610612759.0,San Antonio,Spurs,SAS,5,202695,Kawhi Leonard,1610612759.0,San Antonio,Spurs,SAS,0,0,,,,,
0021500061,375,3,12,3,8:45 PM,0:03,,,Ginobili Free Throw 2 of 2 (12 PTS),73 - 66,-7,5.0,1938,Manu Ginobili,1610612759.0,San Antonio,Spurs,SAS,0,0,,,,,,0,0,,,,,
0021500061,378,2,1,3,8:45 PM,0:00,MISS Wall 31' 3PT Jump Shot,,,,,4.0,202322,John Wall,1610612764.0,Washington,Wizards,WAS,0,0,,,,,,0,0,,,,,
0021500061,379,4,0,3,8:45 PM,0:00,WIZARDS Rebound,,,,,2.0,1610612764,,,,,,0,0,,,,,,0,0,,,,,
0021500061,381,13,0,3,8:46 PM,0:00,,,,73 - 66,-7,0.0,0,,,,,,0,0,,,,,,0,0,,,,,
0021500061,383,12,0,4,8:48 PM,12:00,,,,73 - 66,-7,0.0,0,,,,,,0,0,,,,,,0,0,,,,,
0021500061,384,1,75,4,8:48 PM,11:47,Nene 2' Driving Finger Roll Layup (6 PTS),,,73 - 68,-5,4.0,2403,Nene,1610612764.0,Washington,Wizards,WAS,0,0,,,,,,0,0,,,,,
0021500061,385,1,1,4,8:48 PM,11:23,,,Green  3PT Jump Shot (12 PTS) (Butler 1 AST),76 - 68,-8,5.0,201980,Danny Green,1610612759.0,San Antonio,Spurs,SAS,5,2446,Rasual Butler,1610612759.0,San Antonio,Spurs,SAS,0,0,,,,,
0021500061,386,1,1,4,8:49 PM,11:01,Dudley 19' Jump Shot (2 PTS),,,76 - 70,-6,4.0,201162,Jared Dudley,1610612764.0,Washington,Wizards,WAS,0,0,,,,,,0,0,,,,,
0021500061,387,1,98,4,8:49 PM,10:42,,,West 2' Cutting Layup Shot (2 PTS) (Ginobili 2 AST),78 - 70,-8,5.0,2561,David West,1610612759.0,San Antonio,Spurs,SAS,5,1938,Manu Ginobili,1610612759.0,San Antonio,Spurs,SAS,0,0,,,,,
0021500061,388,2,5,4,8:49 PM,10:26,MISS Wall 1' Layup,,,,,4.0,202322,John Wall,1610612764.0,Washington,Wizards,WAS,0,0,,,,,,0,0,,,,,
0021500061,389,4,0,4,8:49 PM,10:25,,,Green REBOUND (Off:0 Def:3),,,5.0,201980,Danny Green,1610612759.0,San Antonio,Spurs,SAS,0,0,,,,,,0,0,,,,,
0021500061,390,5,1,4,8:49 PM,10:23,Sessions STEAL (2 STL),,Green Bad Pass Turnover (P1.T12),,,5.0,201980,Danny Green,1610612759.0,San Antonio,Spurs,SAS,4,201196,Ramon Sessions,1610612764.0,Washington,Wizards,WAS,0,0,,,,,
0021500061,391,5,2,4,8:49 PM,10:18,Dudley Lost Ball Turnover (P1.T10),,Butler STEAL (1 STL),,,4.0,201162,Jared Dudley,1610612764.0,Washington,Wizards,WAS,5,2446,Rasual Butler,1610612759.0,San Antonio,Spurs,SAS,0,0,,,,,
0021500061,392,5,1,4,8:50 PM,10:15,Wall STEAL (2 STL),,Green Bad Pass Turnover (P2.T13),,,5.0,201980,Danny Green,1610612759.0,San Antonio,Spurs,SAS,4,202322,John Wall,1610612764.0,Washington,Wizards,WAS,0,0,,,,,
0021500061,393,1,78,4,8:50 PM,10:07,Neal 8' Floating Jump Shot (9 PTS) (Sessions 3 AST),,,78 - 72,-6,4.0,202390,Gary Neal,1610612764.0,Washington,Wizards,WAS,4,201196,Ramon Sessions,1610612764.0,Washington,Wizards,WAS,0,0,,,,,
0021500061,394,1,80,4,8:50 PM,9:46,,,Butler 18' Step Back Jump Shot (4 PTS) (Green 1 AST),80 - 72,-8,5.0,2446,Rasual Butler,1610612759.0,San Antonio,Spurs,SAS,5,201980,Danny Green,1610612759.0,San Antonio,Spurs,SAS,0,0,,,,,
0021500061,395,1,5,4,8:50 PM,9:32,Wall 1' Layup (6 PTS) (Nene 2 AST),,,80 - 74,-6,4.0,202322,John Wall,1610612764.0,Washington,Wizards,WAS,4,2403,Nene,1610612764.0,Washington,Wizards,WAS,0,0,,,,,
0021500061,396,9,1,4,8:50 PM,9:26,,,Spurs Timeout: Regular (Reg.4 Short 0),,,3.0,1610612759,,,,,,0,0,,,,,,0,0,,,,,
0021500061,400,6,1,4,8:53 PM,9:21,Neal P.FOUL (P1.T1) (M.Callahan),,,,,4.0,202390,Gary Neal,1610612764.0,Washington,Wizards,WAS,5,1938,Manu Ginobili,1610612759.0,San Antonio,Spurs,SAS,1,0,,,,,
0021500061,401,2,1,4,8:53 PM,9:17,,,MISS Mills 25' 3PT Jump Shot,,,5.0,201988,Patty Mills,1610612759.0,San Antonio,Spurs,SAS,0,0,,,,,,0,0,,,,,
0021500061,402,4,0,4,8:53 PM,9:17,Wall REBOUND (Off:0 Def:2),,,,,4.0,202322,John Wall,1610612764.0,Washington,Wizards,WAS,0,0,,,,,,0,0,,,,,
0021500061,403,2,5,4,8:54 PM,9:13,MISS Sessions  Layup,,Butler BLOCK (2 BLK),,,4.0,201196,Ramon Sessions,1610612764.0,Washington,Wizards,WAS,0,0,,,,,,5,2446,Rasual Butler,1610612759.0,San Antonio,Spurs,SAS
0021500061,404,4,0,4,8:54 PM,9:10,,,Butler REBOUND (Off:0 Def:1),,,5.0,2446,Rasual Butler,1610612759.0,San Antonio,Spurs,SAS,0,0,,,,,,0,0,,,,,
0021500061,405,5,39,4,8:54 PM,9:00,,,Green Step Out of Bounds Turnover (P3.T14),,,5.0,201980,Danny Green,1610612759.0,San Antonio,Spurs,SAS,0,0,,,,,,1,0,,,,,
0021500061,406,2,1,4,8:54 PM,8:40,MISS Wall 18' Jump Shot,,,,,4.0,202322,John Wall,1610612764.0,Washington,Wizards,WAS,0,0,,,,,,0,0,,,,,
0021500061,407,4,0,4,8:54 PM,8:39,,,Butler REBOUND (Off:0 Def:2),,,5.0,2446,Rasual Butler,1610612759.0,San Antonio,Spurs,SAS,0,0,,,,,,0,0,,,,,
0021500061,408,6,1,4,8:54 PM,8:27,Nene P.FOUL (P4.T2) (T.Ford),,,,,4.0,2403,Nene,1610612764.0,Washington,Wizards,WAS,5,201980,Danny Green,1610612759.0,San Antonio,Spurs,SAS,1,0,,,,,
0021500061,409,8,0,4,8:55 PM,8:27,,,SUB: Parker FOR Ginobili,,,5.0,1938,Manu Ginobili,1610612759.0,San Antonio,Spurs,SAS,5,2225,Tony Parker,1610612759.0,San Antonio,Spurs,SAS,0,0,,,,,
0021500061,410,8,0,4,8:55 PM,8:27,SUB: Beal FOR Sessions,,,,,4.0,201196,Ramon Sessions,1610612764.0,Washington,Wizards,WAS,4,203078,Bradley Beal,1610612764.0,Washington,Wizards,WAS,0,0,,,,,
0021500061,411,8,0,4,8:55 PM,8:27,,,SUB: Leonard FOR Green,,,5.0,201980,Danny Green,1610612759.0,San Antonio,Spurs,SAS,5,202695,Kawhi Leonard,1610612759.0,San Antonio,Spurs,SAS,0,0,,,,,
0021500061,412,5,1,4,8:55 PM,8:14,Wall STEAL (3 STL),,Mills Bad Pass Turnover (P2.T15),,,5.0,201988,Patty Mills,1610612759.0,San Antonio,Spurs,SAS,4,202322,John Wall,1610612764.0,Washington,Wizards,WAS,0,0,,,,,
0021500061,413,1,41,4,8:55 PM,8:11,Wall 1' Running Layup (8 PTS),,,80 - 76,-4,4.0,202322,John Wall,1610612764.0,Washington,Wizards,WAS,0,0,,,,,,0,0,,,,,
0021500061,414,6,2,4,8:55 PM,8:11,,,Leonard S.FOUL (P3.T1) (N.Buchert),,,5.0,202695,Kawhi Leonard,1610612759.0,San Antonio,Spurs,SAS,4,202322,John Wall,1610612764.0,Washington,Wizards,WAS,1,0,,,,,
0021500061,415,8,0,4,8:55 PM,8:11,SUB: Gortat FOR Nene,,,,,4.0,2403,Nene,1610612764.0,Washington,Wizards,WAS,4,101162,Marcin Gortat,1610612764.0,Washington,Wizards,WAS,0,0,,,,,
0021500061,416,3,10,4,8:56 PM,8:11,Wall Free Throw 1 of 1 (9 PTS),,,80 - 77,-3,4.0,202322,John Wall,1610612764.0,Washington,Wizards,WAS,0,0,,,,,,0,0,,,,,
0021500061,419,1,79,4,8:56 PM,7:57,,,Butler 9' Pullup Jump Shot (6 PTS),82 - 77,-5,5.0,2446,Rasual Butler,1610612759.0,San Antonio,Spurs,SAS,0,0,,,,,,0,0,,,,,
0021500061,420,1,3,4,8:56 PM,7:44,Gortat 5' Hook Shot (6 PTS) (Dudley 1 AST),,,82 - 79,-3,4.0,101162,Marcin Gortat,1610612764.0,Washington,Wizards,WAS,4,201162,Jared Dudley,1610612764.0,Washington,Wizards,WAS,0,0,,,,,
0021500061,421,6,4,4,8:57 PM,7:36,,,Leonard OFF.Foul (P4) (N.Buchert),,,5.0,202695,Kawhi Leonard,1610612759.0,San Antonio,Spurs,SAS,4,203078,Bradley Beal,1610612764.0,Washington,Wizards,WAS,1,0,,,,,
0021500061,422,5,5,4,8:57 PM,7:36,,,Leonard Foul Turnover (P1.T16),,,5.0,202695,Kawhi Leonard,1610612759.0,San Antonio,Spurs,SAS,0,0,,,,,,1,0,,,,,
0021500061,423,8,0,4,8:57 PM,7:36,,,SUB: Aldridge FOR West,,,5.0,2561,David West,1610612759.0,San Antonio,Spurs,SAS,5,200746,LaMarcus Aldridge,1610612759.0,San Antonio,Spurs,SAS,0,0,,,,,
0021500061,425,2,1,4,8:57 PM,7:18,MISS Wall 26' 3PT Jump Shot,,,,,4.0,202322,John Wall,1610612764.0,Washington,Wizards,WAS,0,0,,,,,,0,0,,,,,
0021500061,426,4,0,4,8:57 PM,7:17,Beal REBOUND (Off:1 Def:3),,,,,4.0,203078,Bradley Beal,1610612764.0,Washington,Wizards,WAS,0,0,,,,,,0,0,,,,,
0021500061,427,2,1,4,8:57 PM,7:14,MISS Beal 5' Jump Shot,,,,,4.0,203078,Bradley Beal,1610612764.0,Washington,Wizards,WAS,0,0,,,,,,0,0,,,,,
0021500061,428,4,0,4,8:57 PM,7:14,Beal REBOUND (Off:2 Def:3),,,,,4.0,203078,Bradley Beal,1610612764.0,Washington,Wizards,WAS,0,0,,,,,,0,0,,,,,
0021500061,429,2,1,4,8:57 PM,7:11,MISS Beal 13' Jump Shot,,,,,4.0,203078,Bradley Beal,1610612764.0,Washington,Wizards,WAS,0,0,,,,,,0,0,,,,,
0021500061,430,4,0,4,8:57 PM,7:10,,,Leonard REBOUND (Off:3 Def:6),,,5.0,202695,Kawhi Leonard,1610612759.0,San Antonio,Spurs,SAS,0,0,,,,,,0,0,,,,,
0021500061,431,1,71,4,8:57 PM,7:05,,,Parker 2' Finger Roll Layup (8 PTS),84 - 79,-5,5.0,2225,Tony Parker,1610612759.0,San Antonio,Spurs,SAS,0,0,,,,,,0,0,,,,,
0021500061,432,6,2,4,8:57 PM,7:05,Dudley S.FOUL (P1.T3) (T.Ford),,,,,4.0,201162,Jared Dudley,1610612764.0,Washington,Wizards,WAS,5,2225,Tony Parker,1610612759.0,San Antonio,Spurs,SAS,1,0,,,,,
0021500061,433,8,0,4,8:58 PM,7:05,SUB: Porter Jr. FOR Neal,,,,,4.0,202390,Gary Neal,1610612764.0,Washington,Wizards,WAS,4,203490,Otto Porter Jr.,1610612764.0,Washington,Wizards,WAS,0,0,,,,,
0021500061,434,3,10,4,8:58 PM,7:05,,,Parker Free Throw 1 of 1 (9 PTS),85 - 79,-6,5.0,2225,Tony Parker,1610612759.0,San Antonio,Spurs,SAS,0,0,,,,,,0,0,,,,,
0021500061,437,6,1,4,8:58 PM,6:59,,,Mills P.FOUL (P3.T2) (M.Callahan),,,5.0,201988,Patty Mills,1610612759.0,San Antonio,Spurs,SAS,4,202322,John Wall,1610612764.0,Washington,Wizards,WAS,1,0,,,,,
0021500061,439,8,0,4,8:59 PM,6:51,,,SUB: Green FOR Mills,,,5.0,201988,Patty Mills,1610612759.0,San Antonio,Spurs,SAS,5,201980,Danny Green,1610612759.0,San Antonio,Spurs,SAS,0,0,,,,,
0021500061,440,2,1,4,8:59 PM,6:48,MISS Beal 29' 3PT Jump Shot,,,,,4.0,203078,Bradley Beal,1610612764.0,Washington,Wizards,WAS,0,0,,,,,,0,0,,,,,
0021500061,441,4,0,4,8:59 PM,6:47,,,Aldridge REBOUND (Off:3 Def:8),,,5.0,200746,LaMarcus Aldridge,1610612759.0,San Antonio,Spurs,SAS,0,0,,,,,,0,0,,,,,
0021500061,442,9,2,4,8:59 PM,6:32,,,Spurs Timeout: Short (Reg.4 Short 1),,,3.0,1610612759,,,,,,0,0,,,,,,0,0,,,,,
0021500061,444,2,1,4,9:01 PM,6:22,,,MISS Aldridge 18' Jump Shot,,,5.0,200746,LaMarcus Aldridge,1610612759.0,San Antonio,Spurs,SAS,0,0,,,,,,0,0,,,,,
0021500061,445,4,0,4,9:01 PM,6:21,Gortat REBOUND (Off:0 Def:6),,,,,4.0,101162,Marcin Gortat,1610612764.0,Washington,Wizards,WAS,0,0,,,,,,0,0,,,,,
0021500061,446,1,80,4,9:01 PM,6:00,Dudley 18' Step Back Jump Shot (4 PTS) (Porter Jr. 1 AST),,,85 - 81,-4,4.0,201162,Jared Dudley,1610612764.0,Washington,Wizards,WAS,4,203490,Otto Porter Jr.,1610612764.0,Washington,Wizards,WAS,0,0,,,,,
0021500061,447,1,98,4,9:01 PM,5:37,,,Parker 2' Cutting Layup Shot (11 PTS) (Butler 2 AST),87 - 81,-6,5.0,2225,Tony Parker,1610612759.0,San Antonio,Spurs,SAS,5,2446,Rasual Butler,1610612759.0,San Antonio,Spurs,SAS,0,0,,,,,
0021500061,448,1,49,4,9:02 PM,5:22,Gortat  Driving Dunk (8 PTS) (Beal 4 AST),,,87 - 83,-4,4.0,101162,Marcin Gortat,1610612764.0,Washington,Wizards,WAS,4,203078,Bradley Beal,1610612764.0,Washington,Wizards,WAS,0,0,,,,,
0021500061,449,6,29,4,9:02 PM,5:16,Beal Shooting Block Foul (P3.T4) (M.Callahan),,,,,4.0,203078,Bradley Beal,1610612764.0,Washington,Wizards,WAS,5,2225,Tony Parker,1610612759.0,San Antonio,Spurs,SAS,1,0,,,,,
0021500061,450,9,4,4,9:02 PM,5:16,,,,,,1.0,0,,,,,,0,0,,,,,,0,0,,,,,
0021500061,452,8,0,4,9:04 PM,5:16,,,SUB: Duncan FOR Butler,,,5.0,2446,Rasual Butler,1610612759.0,San Antonio,Spurs,SAS,5,1495,Tim Duncan,1610612759.0,San Antonio,Spurs,SAS,0,0,,,,,
0021500061,453,3,11,4,9:04 PM,5:16,,,MISS Parker Free Throw 1 of 2,,,5.0,2225,Tony Parker,1610612759.0,San Antonio,Spurs,SAS,0,0,,,,,,0,0,,,,,
0021500061,454,4,1,4,9:04 PM,5:16,,,Spurs Rebound,,,3.0,1610612759,,,,,,0,0,,,,,,0,0,,,,,
0021500061,455,3,12,4,9:05 PM,5:16,,,Parker Free Throw 2 of 2 (12 PTS),88 - 83,-5,5.0,2225,Tony Parker,1610612759.0,San Antonio,Spurs,SAS,0,0,,,,,,0,0,,,,,
0021500061,457,1,79,4,9:05 PM,5:06,Beal 8' Pullup Jump Shot (18 PTS),,,88 - 85,-3,4.0,203078,Bradley Beal,1610612764.0,Washington,Wizards,WAS,0,0,,,,,,0,0,,,,,
0021500061,458,2,1,4,9:05 PM,4:45,,,MISS Duncan 16' Jump Shot,,,5.0,1495,Tim Duncan,1610612759.0,San Antonio,Spurs,SAS,0,0,,,,,,0,0,,,,,
0021500061,459,4,0,4,9:05 PM,4:44,Dudley REBOUND (Off:0 Def:2),,,,,4.0,201162,Jared Dudley,1610612764.0,Washington,Wizards,WAS,0,0,,,,,,0,0,,,,,
0021500061,460,1,108,4,9:05 PM,4:39,Gortat  Cutting Dunk Shot (10 PTS) (Wall 12 AST),,,88 - 87,-1,4.0,101162,Marcin Gortat,1610612764.0,Washington,Wizards,WAS,4,202322,John Wall,1610612764.0,Washington,Wizards,WAS,0,0,,,,,
0021500061,461,1,1,4,9:06 PM,4:21,,,Duncan 12' Jump Shot (6 PTS) (Parker 4 AST),90 - 87,-3,5.0,1495,Tim Duncan,1610612759.0,San Antonio,Spurs,SAS,5,2225,Tony Parker,1610612759.0,San Antonio,Spurs,SAS,0,0,,,,,
0021500061,462,2,5,4,9:06 PM,4:14,MISS Gortat 1' Layup,,,,,4.0,101162,Marcin Gortat,1610612764.0,Washington,Wizards,WAS,0,0,,,,,,0,0,,,,,
0021500061,463,4,0,4,9:06 PM,4:12,,,Duncan REBOUND (Off:2 Def:9),,,5.0,1495,Tim Duncan,1610612759.0,San Antonio,Spurs,SAS,0,0,,,,,,0,0,,,,,
0021500061,464,2,1,4,9:06 PM,4:03,,,MISS Parker 11' Jump Shot,,,5.0,2225,Tony Parker,1610612759.0,San Antonio,Spurs,SAS,0,0,,,,,,0,0,,,,,
0021500061,465,4,0,4,9:06 PM,4:02,Gortat REBOUND (Off:0 Def:7),,,,,4.0,101162,Marcin Gortat,1610612764.0,Washington,Wizards,WAS,0,0,,,,,,0,0,,,,,
0021500061,466,1,80,4,9:06 PM,3:51,Wall 28' 3PT Step Back Jump Shot (12 PTS),,,90 - 90,TIE,4.0,202322,John Wall,1610612764.0,Washington,Wizards,WAS,0,0,,,,,,0,0,,,,,
0021500061,467,5,2,4,9:07 PM,3:28,Dudley STEAL (1 STL),,Aldridge Lost Ball Turnover (P5.T17),,,5.0,200746,LaMarcus Aldridge,1610612759.0,San Antonio,Spurs,SAS,4,201162,Jared Dudley,1610612764.0,Washington,Wizards,WAS,0,0,,,,,
0021500061,468,1,49,4,9:07 PM,3:22,Beal  Driving Dunk (20 PTS) (Porter Jr. 2 AST),,,90 - 92,2,4.0,203078,Bradley Beal,1610612764.0,Washington,Wizards,WAS,4,203490,Otto Porter Jr.,1610612764.0,Washington,Wizards,WAS,0,0,,,,,
0021500061,469,6,1,4,9:07 PM,3:08,Gortat P.FOUL (P3.PN) (N.Buchert),,,,,4.0,101162,Marcin Gortat,1610612764.0,Washington,Wizards,WAS,5,1495,Tim Duncan,1610612759.0,San Antonio,Spurs,SAS,1,0,,,,,
0021500061,470,3,11,4,9:07 PM,3:08,,,Duncan Free Throw 1 of 2 (7 PTS),91 - 92,1,5.0,1495,Tim Duncan,1610612759.0,San Antonio,Spurs,SAS,0,0,,,,,,0,0,,,,,
0021500061,472,8,0,4,9:08 PM,3:08,,,SUB: Ginobili FOR Green,,,5.0,201980,Danny Green,1610612759.0,San Antonio,Spurs,SAS,5,1938,Manu Ginobili,1610612759.0,San Antonio,Spurs,SAS,0,0,,,,,
0021500061,473,3,12,4,9:08 PM,3:08,,,Duncan Free Throw 2 of 2 (8 PTS),92 - 92,TIE,5.0,1495,Tim Duncan,1610612759.0,San Antonio,Spurs,SAS,0,0,,,,,,0,0,,,,,
0021500061,476,1,78,4,9:08 PM,2:59,Wall 9' Floating Jump Shot (14 PTS),,,92 - 94,2,4.0,202322,John Wall,1610612764.0,Washington,Wizards,WAS,0,0,,,,,,0,0,,,,,
0021500061,477,5,40,4,9:08 PM,2:44,,,Parker Out of Bounds Lost Ball Turnover (P2.T18),,,5.0,2225,Tony Parker,1610612759.0,San Antonio,Spurs,SAS,0,0,,,,,,1,0,,,,,
0021500061,478,9,1,4,9:08 PM,2:44,WIZARDS Timeout: Regular (Full 4 Short 0),,,,,2.0,1610612764,,,,,,0,0,,,,,,0,0,,,,,
0021500061,480,2,1,4,9:11 PM,2:31,MISS Wall 27' 3PT Jump Shot,,,,,4.0,202322,John Wall,1610612764.0,Washington,Wizards,WAS,0,0,,,,,,0,0,,,,,
0021500061,481,4,0,4,9:11 PM,2:30,,,Aldridge REBOUND (Off:3 Def:9),,,5.0,200746,LaMarcus Aldridge,1610612759.0,San Antonio,Spurs,SAS,0,0,,,,,,0,0,,,,,
0021500061,482,5,8,4,9:11 PM,2:13,,,Duncan 3 Second Violation Turnover (P4.T19),,,5.0,1495,Tim Duncan,1610612759.0,San Antonio,Spurs,SAS,0,0,,,,,,1,0,,,,,
0021500061,484,1,63,4,9:12 PM,1:59,Beal 16' Fadeaway Jumper (22 PTS) (Gortat 1 AST),,,92 - 96,4,4.0,203078,Bradley Beal,1610612764.0,Washington,Wizards,WAS,4,101162,Marcin Gortat,1610612764.0,Washington,Wizards,WAS,0,0,,,,,
0021500061,485,1,80,4,9:12 PM,1:37,,,Leonard 21' Step Back Jump Shot (23 PTS) (Duncan 5 AST),94 - 96,2,5.0,202695,Kawhi Leonard,1610612759.0,San Antonio,Spurs,SAS,5,1495,Tim Duncan,1610612759.0,San Antonio,Spurs,SAS,0,0,,,,,
0021500061,486,2,1,4,9:13 PM,1:22,MISS Dudley 26' 3PT Jump Shot,,,,,4.0,201162,Jared Dudley,1610612764.0,Washington,Wizards,WAS,0,0,,,,,,0,0,,,,,
0021500061,487,4,0,4,9:13 PM,1:20,,,Aldridge REBOUND (Off:3 Def:10),,,5.0,200746,LaMarcus Aldridge,1610612759.0,San Antonio,Spurs,SAS,0,0,,,,,,0,0,,,,,
0021500061,488,1,63,4,9:13 PM,1:12,,,Parker 16' Fadeaway Jumper (14 PTS),96 - 96,TIE,5.0,2225,Tony Parker,1610612759.0,San Antonio,Spurs,SAS,0,0,,,,,,0,0,,,,,
0021500061,489,2,1,4,9:13 PM,1:06,MISS Beal 26' 3PT Jump Shot,,,,,4.0,203078,Bradley Beal,1610612764.0,Washington,Wizards,WAS,0,0,,,,,,0,0,,,,,
0021500061,490,4,0,4,9:13 PM,1:03,,,Ginobili REBOUND (Off:0 Def:2),,,5.0,1938,Manu Ginobili,1610612759.0,San Antonio,Spurs,SAS,0,0,,,,,,0,0,,,,,
0021500061,491,5,2,4,9:13 PM,1:00,Beal STEAL (3 STL),,Parker Lost Ball Turnover (P3.T20),,,5.0,2225,Tony Parker,1610612759.0,San Antonio,Spurs,SAS,4,203078,Bradley Beal,1610612764.0,Washington,Wizards,WAS,0,0,,,,,
0021500061,492,6,2,4,9:13 PM,0:51,,,Aldridge S.FOUL (P4.T3) (M.Callahan),,,5.0,200746,LaMarcus Aldridge,1610612759.0,San Antonio,Spurs,SAS,4,202322,John Wall,1610612764.0,Washington,Wizards,WAS,1,0,,,,,
0021500061,493,3,11,4,9:14 PM,0:51,Wall Free Throw 1 of 2 (15 PTS),,,96 - 97,1,4.0,202322,John Wall,1610612764.0,Washington,Wizards,WAS,0,0,,,,,,0,0,,,,,
0021500061,495,3,12,4,9:14 PM,0:51,MISS Wall Free Throw 2 of 2,,,,,4.0,202322,John Wall,1610612764.0,Washington,Wizards,WAS,0,0,,,,,,0,0,,,,,
0021500061,497,4,0,4,9:14 PM,0:50,,,Aldridge REBOUND (Off:3 Def:11),,,5.0,200746,LaMarcus Aldridge,1610612759.0,San Antonio,Spurs,SAS,0,0,,,,,,0,0,,,,,
0021500061,498,9,2,4,9:14 PM,0:50,,,Spurs Timeout: Short (Reg.4 Short 2),,,3.0,1610612759,,,,,,0,0,,,,,,0,0,,,,,
0021500061,500,2,1,4,9:16 PM,0:44,,,MISS Aldridge 19' Jump Shot,,,5.0,200746,LaMarcus Aldridge,1610612759.0,San Antonio,Spurs,SAS,0,0,,,,,,0,0,,,,,
0021500061,501,4,0,4,9:16 PM,0:43,,,Spurs Rebound,,,3.0,1610612759,,,,,,0,0,,,,,,0,0,,,,,
0021500061,502,18,0,4,9:16 PM,0:43,,,,,,,501,,,,,,0,0,,,,,,1,0,,,,,
0021500061,505,2,1,4,9:18 PM,0:27,,,MISS Leonard 21' Jump Shot,,,5.0,202695,Kawhi Leonard,1610612759.0,San Antonio,Spurs,SAS,0,0,,,,,,0,0,,,,,
0021500061,506,4,0,4,9:18 PM,0:26,,,Aldridge REBOUND (Off:4 Def:11),,,5.0,200746,LaMarcus Aldridge,1610612759.0,San Antonio,Spurs,SAS,0,0,,,,,,0,0,,,,,
0021500061,507,2,1,4,9:18 PM,0:23,,,MISS Leonard 14' Jump Shot,,,5.0,202695,Kawhi Leonard,1610612759.0,San Antonio,Spurs,SAS,0,0,,,,,,0,0,,,,,
0021500061,508,4,0,4,9:18 PM,0:22,Gortat REBOUND (Off:0 Def:8),,,,,4.0,101162,Marcin Gortat,1610612764.0,Washington,Wizards,WAS,0,0,,,,,,0,0,,,,,
0021500061,509,6,28,4,9:18 PM,0:18,,,Duncan Personal Take Foul (P4.PN) (T.Ford),,,5.0,1495,Tim Duncan,1610612759.0,San Antonio,Spurs,SAS,4,202322,John Wall,1610612764.0,Washington,Wizards,WAS,1,0,,,,,
0021500061,510,3,11,4,9:18 PM,0:18,Wall Free Throw 1 of 2 (16 PTS),,,96 - 98,2,4.0,202322,John Wall,1610612764.0,Washington,Wizards,WAS,0,0,,,,,,0,0,,,,,
0021500061,512,3,12,4,9:19 PM,0:18,Wall Free Throw 2 of 2 (17 PTS),,,96 - 99,3,4.0,202322,John Wall,1610612764.0,Washington,Wizards,WAS,0,0,,,,,,0,0,,,,,
0021500061,514,9,1,4,9:19 PM,0:18,,,Spurs Timeout: Regular (Reg.5 Short 2),,,3.0,1610612759,,,,,,0,0,,,,,,0,0,,,,,
0021500061,516,8,0,4,9:21 PM,0:18,,,SUB: Green FOR Ginobili,,,5.0,1938,Manu Ginobili,1610612759.0,San Antonio,Spurs,SAS,5,201980,Danny Green,1610612759.0,San Antonio,Spurs,SAS,0,0,,,,,
0021500061,517,1,1,4,9:21 PM,0:07,,,Parker 26' 3PT Jump Shot (17 PTS) (Green 2 AST),99 - 99,TIE,5.0,2225,Tony Parker,1610612759.0,San Antonio,Spurs,SAS,5,201980,Danny Green,1610612759.0,San Antonio,Spurs,SAS,0,0,,,,,
0021500061,518,9,1,4,9:21 PM,0:07,WIZARDS Timeout: Regular (Full 5 Short 0),,,,,2.0,1610612764,,,,,,0,0,,,,,,0,0,,,,,
0021500061,521,8,0,4,9:23 PM,0:07,,,SUB: Ginobili FOR Duncan,,,5.0,1495,Tim Duncan,1610612759.0,San Antonio,Spurs,SAS,5,1938,Manu Ginobili,1610612759.0,San Antonio,Spurs,SAS,0,0,,,,,
0021500061,522,9,2,4,9:24 PM,0:07,WIZARDS Timeout: Short (Full 5 Short 1),,,,,2.0,1610612764,,,,,,0,0,,,,,,0,0,,,,,
0021500061,523,1,80,4,9:25 PM,0:00,Beal 26' 3PT Step Back Jump Shot (25 PTS) (Wall 13 AST),,,99 - 102,3,4.0,203078,Bradley Beal,1610612764.0,Washington,Wizards,WAS,4,202322,John Wall,1610612764.0,Washington,Wizards,WAS,0,0,,,,,
0021500061,524,5,1,4,9:25 PM,0:00,Wall STEAL (4 STL),,Green Bad Pass Turnover (P4.T21),,,5.0,201980,Danny Green,1610612759.0,San Antonio,Spurs,SAS,4,202322,John Wall,1610612764.0,Washington,Wizards,WAS,0,0,,,,,
0021500061,525,13,0,4,9:25 PM,0:00,,,,99 - 102,3,0.0,0,,,,,,0,0,,,,,,0,0,,,,,
