GAME_ID,EVENTNUM,EVENTMSGTYPE,EVENTMSGACTIONTYPE,PERIOD,WCTIMESTRING,PCTIMESTRING,HOMEDESCRIPTION,NEUTRALDESCRIPTION,VISITORDESCRIPTION,SCORE,SCOREMARGIN,PERSON1TYPE,PLAYER1_ID,PLAYER1_NAME,PLAYER1_TEAM_ID,PLAYER1_TEAM_CITY,PLAYER1_TEAM_NICKNAME,PLAYER1_TEAM_ABBREVIATION,PERSON2TYPE,PLAYER2_ID,PLAYER2_NAME,PLAYER2_TEAM_ID,PLAYER2_TEAM_CITY,PLAYER2_TEAM_NICKNAME,PLAYER2_TEAM_ABBREVIATION,PERSON3TYPE,PLAYER3_ID,PLAYER3_NAME,PLAYER3_TEAM_ID,PLAYER3_TEAM_CITY,PLAYER3_TEAM_NICKNAME,PLAYER3_TEAM_ABBREVIATION
0021500484,0,12,0,1,6:11 PM,12:00,,,,,,0.0,0,,,,,,0,0,,,,,,0,0,,,,,
0021500484,1,10,0,1,6:11 PM,12:00,Jump Ball Allen vs. Monroe: Tip to Parker,,,,,4.0,202730,Lavoy Allen,1610612754.0,Indiana,Pacers,IND,5,202328,Greg Monroe,1610612749.0,Milwaukee,Bucks,MIL,5,203953,Jabari Parker,1610612749.0,Milwaukee,Bucks,MIL
0021500484,3,2,1,1,6:11 PM,11:40,,,MISS Middleton 27' 3PT Jump Shot,,,5.0,203114,Khris Middleton,1610612749.0,Milwaukee,Bucks,MIL,0,0,,,,,,0,0,,,,,
0021500484,4,4,0,1,6:11 PM,11:38,PACERS Rebound,,,,,2.0,1610612754,,,,,,0,0,,,,,,0,0,,,,,
0021500484,5,2,5,1,6:12 PM,11:27,MISS Miles 2' Layup,,Antetokounmpo BLOCK (1 BLK),,,4.0,101139,CJ Miles,1610612754.0,Indiana,Pacers,IND,0,0,,,,,,5,203507,Giannis Antetokounmpo,1610612749.0,Milwaukee,Bucks,MIL
0021500484,6,4,0,1,6:12 PM,11:26,,,Middleton REBOUND (Off:0 Def:1),,,5.0,203114,Khris Middleton,1610612749.0,Milwaukee,Bucks,MIL,0,0,,,,,,0,0,,,,,
0021500484,7,6,2,1,6:12 PM,11:18,George S.FOUL (P1.T1) (J.Orr),,,,,4.0,202331,Paul George,1610612754.0,Indiana,Pacers,IND,5,203507,Giannis Antetokounmpo,1610612749.0,Milwaukee,Bucks,MIL,1,0,,,,,
0021500484,8,3,11,1,6:12 PM,11:18,,,Antetokounmpo Free Throw 1 of 2 (1 PTS),1 - 0,-1,5.0,203507,Giannis Antetokounmpo,1610612749.0,Milwaukee,Bucks,MIL,0,0,,,,,,0,0,,,,,
0021500484,10,3,12,1,6:13 PM,11:18,,,Antetokounmpo Free Throw 2 of 2 (2 PTS),2 - 0,-2,5.0,203507,Giannis Antetokounmpo,1610612749.0,Milwaukee,Bucks,MIL,0,0,,,,,,0,0,,,,,
0021500484,13,7,2,1,6:13 PM,11:08,,,Antetokounmpo Violation:Defensive Goaltending (J.Goble),,,5.0,203507,Giannis Antetokounmpo,1610612749.0,Milwaukee,Bucks,MIL,0,0,,,,,,1,0,,,,,
0021500484,12,1,98,1,6:13 PM,11:08,Allen 1' Cutting Layup Shot (2 PTS) (George 1 AST),,,2 - 2,TIE,4.0,202730,Lavoy Allen,1610612754.0,Indiana,Pacers,IND,4,202331,Paul George,1610612754.0,Indiana,Pacers,IND,0,0,,,,,
0021500484,14,2,5,1,6:13 PM,10:58,Allen BLOCK (1 BLK),,MISS Parker 2' Layup,,,5.0,203953,Jabari Parker,1610612749.0,Milwaukee,Bucks,MIL,0,0,,,,,,4,202730,Lavoy Allen,1610612754.0,Indiana,Pacers,IND
0021500484,15,4,0,1,6:13 PM,10:57,George REBOUND (Off:0 Def:1),,,,,4.0,202331,Paul George,1610612754.0,Indiana,Pacers,IND,0,0,,,,,,0,0,,,,,
0021500484,16,1,1,1,6:14 PM,10:38,G. Hill 26' 3PT Jump Shot (3 PTS),,,2 - 5,3,4.0,201588,George Hill,1610612754.0,Indiana,Pacers,IND,0,0,,,,,,0,0,,,,,
0021500484,17,5,45,1,6:14 PM,10:24,,,Carter-Williams Out of Bounds - Bad Pass Turnover Turnover (P1.T1),,,5.0,203487,Michael Carter-Williams,1610612749.0,Milwaukee,Bucks,MIL,0,0,,,,,,0,0,,,,,
0021500484,18,5,2,1,6:14 PM,10:10,Ellis Lost Ball Turnover (P1.T1),,Carter-Williams STEAL (1 STL),,,4.0,101145,Monta Ellis,1610612754.0,Indiana,Pacers,IND,5,203487,Michael Carter-Williams,1610612749.0,Milwaukee,Bucks,MIL,0,0,,,,,
0021500484,19,6,2,1,6:14 PM,10:06,Allen S.FOUL (P1.T2) (J.Goble),,,,,4.0,202730,Lavoy Allen,1610612754.0,Indiana,Pacers,IND,5,203507,Giannis Antetokounmpo,1610612749.0,Milwaukee,Bucks,MIL,1,0,,,,,
0021500484,20,3,11,1,6:15 PM,10:06,,,MISS Antetokounmpo Free Throw 1 of 2,,,5.0,203507,Giannis Antetokounmpo,1610612749.0,Milwaukee,Bucks,MIL,0,0,,,,,,0,0,,,,,
0021500484,21,4,1,1,6:15 PM,10:06,,,Bucks Rebound,,,3.0,1610612749,,,,,,0,0,,,,,,0,0,,,,,
0021500484,22,3,12,1,6:15 PM,10:06,,,Antetokounmpo Free Throw 2 of 2 (3 PTS),3 - 5,2,5.0,203507,Giannis Antetokounmpo,1610612749.0,Milwaukee,Bucks,MIL,0,0,,,,,,0,0,,,,,
0021500484,24,2,1,1,6:15 PM,9:56,MISS Miles 27' 3PT Jump Shot,,Antetokounmpo BLOCK (2 BLK),,,4.0,101139,CJ Miles,1610612754.0,Indiana,Pacers,IND,0,0,,,,,,5,203507,Giannis Antetokounmpo,1610612749.0,Milwaukee,Bucks,MIL
0021500484,25,4,0,1,6:15 PM,9:55,,,Carter-Williams REBOUND (Off:0 Def:1),,,5.0,203487,Michael Carter-Williams,1610612749.0,Milwaukee,Bucks,MIL,0,0,,,,,,0,0,,,,,
0021500484,26,1,78,1,6:16 PM,9:47,,,Parker 12' Floating Jump Shot (2 PTS) (Middleton 1 AST),5 - 5,TIE,5.0,203953,Jabari Parker,1610612749.0,Milwaukee,Bucks,MIL,5,203114,Khris Middleton,1610612749.0,Milwaukee,Bucks,MIL,0,0,,,,,
0021500484,27,2,1,1,6:16 PM,9:31,MISS George 26' 3PT Jump Shot,,,,,4.0,202331,Paul George,1610612754.0,Indiana,Pacers,IND,0,0,,,,,,0,0,,,,,
0021500484,28,4,0,1,6:16 PM,9:29,Allen REBOUND (Off:1 Def:0),,,,,4.0,202730,Lavoy Allen,1610612754.0,Indiana,Pacers,IND,0,0,,,,,,0,0,,,,,
0021500484,30,2,1,1,6:16 PM,9:18,MISS Ellis 24' 3PT Jump Shot,,,,,4.0,101145,Monta Ellis,1610612754.0,Indiana,Pacers,IND,0,0,,,,,,0,0,,,,,
0021500484,31,4,0,1,6:16 PM,9:17,,,Carter-Williams REBOUND (Off:0 Def:2),,,5.0,203487,Michael Carter-Williams,1610612749.0,Milwaukee,Bucks,MIL,0,0,,,,,,0,0,,,,,
0021500484,32,6,2,1,6:17 PM,9:05,Miles S.FOUL (P1.T3) (N.Buchert),,,,,4.0,101139,CJ Miles,1610612754.0,Indiana,Pacers,IND,5,202328,Greg Monroe,1610612749.0,Milwaukee,Bucks,MIL,1,0,,,,,
0021500484,33,3,11,1,6:17 PM,9:05,,,Monroe Free Throw 1 of 2 (1 PTS),6 - 5,-1,5.0,202328,Greg Monroe,1610612749.0,Milwaukee,Bucks,MIL,0,0,,,,,,0,0,,,,,
0021500484,35,3,12,1,6:17 PM,9:05,,,Monroe Free Throw 2 of 2 (2 PTS),7 - 5,-2,5.0,202328,Greg Monroe,1610612749.0,Milwaukee,Bucks,MIL,0,0,,,,,,0,0,,,,,
0021500484,37,1,1,1,6:17 PM,8:53,George 25' 3PT Jump Shot (3 PTS) (Ellis 1 AST),,,7 - 8,1,4.0,202331,Paul George,1610612754.0,Indiana,Pacers,IND,4,101145,Monta Ellis,1610612754.0,Indiana,Pacers,IND,0,0,,,,,
0021500484,38,1,3,1,6:18 PM,8:31,,,Monroe 5' Hook Shot (4 PTS),9 - 8,-1,5.0,202328,Greg Monroe,1610612749.0,Milwaukee,Bucks,MIL,0,0,,,,,,0,0,,,,,
0021500484,39,2,1,1,6:18 PM,8:14,MISS Allen 10' Jump Shot,,,,,4.0,202730,Lavoy Allen,1610612754.0,Indiana,Pacers,IND,0,0,,,,,,0,0,,,,,
0021500484,40,4,0,1,6:18 PM,8:11,George REBOUND (Off:1 Def:1),,,,,4.0,202331,Paul George,1610612754.0,Indiana,Pacers,IND,0,0,,,,,,0,0,,,,,
0021500484,41,5,4,1,6:18 PM,8:06,George Traveling Turnover (P1.T2),,,,,4.0,202331,Paul George,1610612754.0,Indiana,Pacers,IND,0,0,,,,,,1,0,,,,,
0021500484,42,1,82,1,6:19 PM,7:45,,,Carter-Williams 5' Driving Bank Shot (2 PTS),11 - 8,-3,5.0,203487,Michael Carter-Williams,1610612749.0,Milwaukee,Bucks,MIL,0,0,,,,,,0,0,,,,,
0021500484,43,5,1,1,6:19 PM,7:28,Ellis Bad Pass Turnover (P2.T3),,Antetokounmpo STEAL (1 STL),,,4.0,101145,Monta Ellis,1610612754.0,Indiana,Pacers,IND,5,203507,Giannis Antetokounmpo,1610612749.0,Milwaukee,Bucks,MIL,0,0,,,,,
0021500484,44,1,41,1,6:19 PM,7:23,,,Antetokounmpo 1' Running Layup (5 PTS),13 - 8,-5,5.0,203507,Giannis Antetokounmpo,1610612749.0,Milwaukee,Bucks,MIL,0,0,,,,,,0,0,,,,,
0021500484,45,9,1,1,6:19 PM,7:23,PACERS Timeout: Regular (Full 1 Short 0),,,,,2.0,1610612754,,,,,,0,0,,,,,,0,0,,,,,
0021500484,47,7,1,1,6:22 PM,7:23,PACERS Violation: Delay of game Violation,,,,,2.0,1610612754,,,,,,0,0,,,,,,1,0,,,,,
0021500484,48,6,1,1,6:22 PM,7:16,,,Parker P.FOUL (P1.T1) (N.Buchert),,,5.0,203953,Jabari Parker,1610612749.0,Milwaukee,Bucks,MIL,4,202331,Paul George,1610612754.0,Indiana,Pacers,IND,1,0,,,,,
0021500484,49,1,3,1,6:22 PM,6:58,Allen 14' Hook Shot (4 PTS) (George 2 AST),,,13 - 10,-3,4.0,202730,Lavoy Allen,1610612754.0,Indiana,Pacers,IND,4,202331,Paul George,1610612754.0,Indiana,Pacers,IND,0,0,,,,,
0021500484,50,2,3,1,6:23 PM,6:37,,,MISS Monroe 6' Hook Shot,,,5.0,202328,Greg Monroe,1610612749.0,Milwaukee,Bucks,MIL,0,0,,,,,,0,0,,,,,
0021500484,51,4,0,1,6:23 PM,6:37,Allen REBOUND (Off:1 Def:1),,,,,4.0,202730,Lavoy Allen,1610612754.0,Indiana,Pacers,IND,0,0,,,,,,0,0,,,,,
0021500484,52,2,75,1,6:23 PM,6:23,MISS Ellis 1' Driving Finger Roll Layup,,,,,4.0,101145,Monta Ellis,1610612754.0,Indiana,Pacers,IND,0,0,,,,,,0,0,,,,,
0021500484,53,4,0,1,6:23 PM,6:22,,,Carter-Williams REBOUND (Off:0 Def:3),,,5.0,203487,Michael Carter-Williams,1610612749.0,Milwaukee,Bucks,MIL,0,0,,,,,,0,0,,,,,
0021500484,54,1,1,1,6:23 PM,6:14,,,Middleton 24' 3PT Jump Shot (3 PTS) (Parker 1 AST),16 - 10,-6,5.0,203114,Khris Middleton,1610612749.0,Milwaukee,Bucks,MIL,5,203953,Jabari Parker,1610612749.0,Milwaukee,Bucks,MIL,0,0,,,,,
0021500484,55,1,101,1,6:24 PM,5:48,G. Hill 6' Driving Floating Jump Shot (5 PTS),,,16 - 12,-4,4.0,201588,George Hill,1610612754.0,Indiana,Pacers,IND,0,0,,,,,,0,0,,,,,
0021500484,56,2,1,1,6:24 PM,5:35,,,MISS Carter-Williams 11' Jump Shot,,,5.0,203487,Michael Carter-Williams,1610612749.0,Milwaukee,Bucks,MIL,0,0,,,,,,0,0,,,,,
0021500484,57,4,0,1,6:24 PM,5:35,Miles REBOUND (Off:0 Def:1),,,,,4.0,101139,CJ Miles,1610612754.0,Indiana,Pacers,IND,0,0,,,,,,0,0,,,,,
0021500484,58,5,4,1,6:24 PM,5:28,Miles Traveling Turnover (P1.T4),,,,,4.0,101139,CJ Miles,1610612754.0,Indiana,Pacers,IND,0,0,,,,,,1,0,,,,,
0021500484,59,8,0,1,6:24 PM,5:28,,,SUB: Henson FOR Monroe,,,5.0,202328,Greg Monroe,1610612749.0,Milwaukee,Bucks,MIL,5,203089,John Henson,1610612749.0,Milwaukee,Bucks,MIL,0,0,,,,,
0021500484,60,1,1,1,6:24 PM,5:20,,,Middleton 25' 3PT Jump Shot (6 PTS) (Carter-Williams 1 AST),19 - 12,-7,5.0,203114,Khris Middleton,1610612749.0,Milwaukee,Bucks,MIL,5,203487,Michael Carter-Williams,1610612749.0,Milwaukee,Bucks,MIL,0,0,,,,,
0021500484,61,2,1,1,6:25 PM,5:04,MISS G. Hill 14' Jump Shot,,,,,4.0,201588,George Hill,1610612754.0,Indiana,Pacers,IND,0,0,,,,,,0,0,,,,,
0021500484,62,4,0,1,6:25 PM,5:03,,,Middleton REBOUND (Off:0 Def:2),,,5.0,203114,Khris Middleton,1610612749.0,Milwaukee,Bucks,MIL,0,0,,,,,,0,0,,,,,
0021500484,63,1,108,1,6:25 PM,4:58,,,Parker  Cutting Dunk Shot (4 PTS) (Middleton 2 AST),21 - 12,-9,5.0,203953,Jabari Parker,1610612749.0,Milwaukee,Bucks,MIL,5,203114,Khris Middleton,1610612749.0,Milwaukee,Bucks,MIL,0,0,,,,,
0021500484,64,2,80,1,6:25 PM,4:38,MISS Miles 26' 3PT Step Back Jump Shot,,,,,4.0,101139,CJ Miles,1610612754.0,Indiana,Pacers,IND,0,0,,,,,,0,0,,,,,
0021500484,65,4,0,1,6:25 PM,4:38,,,Antetokounmpo REBOUND (Off:0 Def:1),,,5.0,203507,Giannis Antetokounmpo,1610612749.0,Milwaukee,Bucks,MIL,0,0,,,,,,0,0,,,,,
0021500484,66,6,2,1,6:25 PM,4:34,Ellis S.FOUL (P1.T4) (J.Goble),,,,,4.0,101145,Monta Ellis,1610612754.0,Indiana,Pacers,IND,5,203507,Giannis Antetokounmpo,1610612749.0,Milwaukee,Bucks,MIL,1,0,,,,,
0021500484,67,3,11,1,6:25 PM,4:34,,,Antetokounmpo Free Throw 1 of 2 (6 PTS),22 - 12,-10,5.0,203507,Giannis Antetokounmpo,1610612749.0,Milwaukee,Bucks,MIL,0,0,,,,,,0,0,,,,,
0021500484,69,8,0,1,6:26 PM,4:34,SUB: Stuckey FOR G. Hill,,,,,4.0,201588,George Hill,1610612754.0,Indiana,Pacers,IND,4,201155,Rodney Stuckey,1610612754.0,Indiana,Pacers,IND,0,0,,,,,
0021500484,70,8,0,1,6:26 PM,4:34,SUB: Turner FOR Allen,,,,,4.0,202730,Lavoy Allen,1610612754.0,Indiana,Pacers,IND,4,1626167,Myles Turner,1610612754.0,Indiana,Pacers,IND,0,0,,,,,
0021500484,71,3,12,1,6:26 PM,4:34,,,Antetokounmpo Free Throw 2 of 2 (7 PTS),23 - 12,-11,5.0,203507,Giannis Antetokounmpo,1610612749.0,Milwaukee,Bucks,MIL,0,0,,,,,,0,0,,,,,
0021500484,73,2,1,1,6:26 PM,4:21,MISS Ellis 27' 3PT Jump Shot,,,,,4.0,101145,Monta Ellis,1610612754.0,Indiana,Pacers,IND,0,0,,,,,,0,0,,,,,
0021500484,74,4,0,1,6:26 PM,4:20,,,Henson REBOUND (Off:0 Def:1),,,5.0,203089,John Henson,1610612749.0,Milwaukee,Bucks,MIL,0,0,,,,,,0,0,,,,,
0021500484,75,2,1,1,6:27 PM,4:07,,,MISS Antetokounmpo 25' 3PT Jump Shot,,,5.0,203507,Giannis Antetokounmpo,1610612749.0,Milwaukee,Bucks,MIL,0,0,,,,,,0,0,,,,,
0021500484,76,4,0,1,6:27 PM,4:07,Turner REBOUND (Off:0 Def:1),,,,,4.0,1626167,Myles Turner,1610612754.0,Indiana,Pacers,IND,0,0,,,,,,0,0,,,,,
0021500484,77,1,50,1,6:27 PM,4:03,Miles  Running Dunk (2 PTS) (George 3 AST),,,23 - 14,-9,4.0,101139,CJ Miles,1610612754.0,Indiana,Pacers,IND,4,202331,Paul George,1610612754.0,Indiana,Pacers,IND,0,0,,,,,
0021500484,78,5,2,1,6:27 PM,3:47,Ellis STEAL (1 STL),,Carter-Williams Lost Ball Turnover (P2.T2),,,5.0,203487,Michael Carter-Williams,1610612749.0,Milwaukee,Bucks,MIL,4,101145,Monta Ellis,1610612754.0,Indiana,Pacers,IND,0,0,,,,,
0021500484,79,5,40,1,6:27 PM,3:43,George Out of Bounds Lost Ball Turnover (P2.T5),,,,,4.0,202331,Paul George,1610612754.0,Indiana,Pacers,IND,0,0,,,,,,0,0,,,,,
0021500484,80,8,0,1,6:27 PM,3:43,,,SUB: Mayo FOR Antetokounmpo,,,5.0,203507,Giannis Antetokounmpo,1610612749.0,Milwaukee,Bucks,MIL,5,201564,O.J. Mayo,1610612749.0,Milwaukee,Bucks,MIL,0,0,,,,,
0021500484,81,1,47,1,6:28 PM,3:30,,,Parker 4' Turnaround Jump Shot (6 PTS) (Henson 1 AST),25 - 14,-11,5.0,203953,Jabari Parker,1610612749.0,Milwaukee,Bucks,MIL,5,203089,John Henson,1610612749.0,Milwaukee,Bucks,MIL,0,0,,,,,
0021500484,82,5,1,1,6:28 PM,3:10,Miles Bad Pass Turnover (P2.T6),,Henson STEAL (1 STL),,,4.0,101139,CJ Miles,1610612754.0,Indiana,Pacers,IND,5,203089,John Henson,1610612749.0,Milwaukee,Bucks,MIL,0,0,,,,,
0021500484,83,1,76,1,6:28 PM,3:04,,,Middleton 1' Running Finger Roll Layup (8 PTS),27 - 14,-13,5.0,203114,Khris Middleton,1610612749.0,Milwaukee,Bucks,MIL,0,0,,,,,,0,0,,,,,
0021500484,84,9,2,1,6:28 PM,3:04,PACERS Timeout: Short (Full 1 Short 1),,,,,2.0,1610612754,,,,,,0,0,,,,,,0,0,,,,,
0021500484,87,8,0,1,6:29 PM,3:04,SUB: S. Hill FOR Miles,,,,,4.0,101139,CJ Miles,1610612754.0,Indiana,Pacers,IND,4,203524,Solomon Hill,1610612754.0,Indiana,Pacers,IND,0,0,,,,,
0021500484,88,6,2,1,6:30 PM,2:47,,,Carter-Williams S.FOUL (P1.T2) (J.Orr),,,5.0,203487,Michael Carter-Williams,1610612749.0,Milwaukee,Bucks,MIL,4,101145,Monta Ellis,1610612754.0,Indiana,Pacers,IND,1,0,,,,,
0021500484,89,9,1,1,6:30 PM,2:47,,,Bucks Timeout: Regular (Reg.1 Short 0),,,3.0,1610612749,,,,,,0,0,,,,,,0,0,,,,,
0021500484,91,8,0,1,6:32 PM,2:47,,,SUB: Bayless FOR Carter-Williams,,,5.0,203487,Michael Carter-Williams,1610612749.0,Milwaukee,Bucks,MIL,5,201573,Jerryd Bayless,1610612749.0,Milwaukee,Bucks,MIL,0,0,,,,,
0021500484,92,3,11,1,6:32 PM,2:47,MISS Ellis Free Throw 1 of 2,,,,,4.0,101145,Monta Ellis,1610612754.0,Indiana,Pacers,IND,0,0,,,,,,0,0,,,,,
0021500484,93,4,1,1,6:32 PM,2:47,PACERS Rebound,,,,,2.0,1610612754,,,,,,0,0,,,,,,0,0,,,,,
0021500484,94,3,12,1,6:32 PM,2:47,Ellis Free Throw 2 of 2 (1 PTS),,,27 - 15,-12,4.0,101145,Monta Ellis,1610612754.0,Indiana,Pacers,IND,0,0,,,,,,0,0,,,,,
0021500484,96,2,58,1,6:33 PM,2:37,,,MISS Parker 9' Turnaround Hook Shot,,,5.0,203953,Jabari Parker,1610612749.0,Milwaukee,Bucks,MIL,0,0,,,,,,0,0,,,,,
0021500484,97,4,0,1,6:33 PM,2:35,Turner REBOUND (Off:0 Def:2),,,,,4.0,1626167,Myles Turner,1610612754.0,Indiana,Pacers,IND,0,0,,,,,,0,0,,,,,
0021500484,98,1,80,1,6:33 PM,2:20,George 24' 3PT Step Back Jump Shot (6 PTS),,,27 - 18,-9,4.0,202331,Paul George,1610612754.0,Indiana,Pacers,IND,0,0,,,,,,0,0,,,,,
0021500484,99,6,4,1,6:33 PM,2:13,,,Henson OFF.Foul (P1) (J.Orr),,,5.0,203089,John Henson,1610612749.0,Milwaukee,Bucks,MIL,4,201155,Rodney Stuckey,1610612754.0,Indiana,Pacers,IND,1,0,,,,,
0021500484,100,5,5,1,6:33 PM,2:13,,,Henson Foul Turnover (P1.T3),,,5.0,203089,John Henson,1610612749.0,Milwaukee,Bucks,MIL,0,0,,,,,,1,0,,,,,
0021500484,101,8,0,1,6:34 PM,2:13,,,SUB: Antetokounmpo FOR Parker,,,5.0,203953,Jabari Parker,1610612749.0,Milwaukee,Bucks,MIL,5,203507,Giannis Antetokounmpo,1610612749.0,Milwaukee,Bucks,MIL,0,0,,,,,
0021500484,102,8,0,1,6:34 PM,2:13,,,SUB: Monroe FOR Henson,,,5.0,203089,John Henson,1610612749.0,Milwaukee,Bucks,MIL,5,202328,Greg Monroe,1610612749.0,Milwaukee,Bucks,MIL,0,0,,,,,
0021500484,103,5,1,1,6:34 PM,1:59,Ellis Bad Pass Turnover (P3.T7),,Monroe STEAL (1 STL),,,4.0,101145,Monta Ellis,1610612754.0,Indiana,Pacers,IND,5,202328,Greg Monroe,1610612749.0,Milwaukee,Bucks,MIL,0,0,,,,,
0021500484,104,5,4,1,6:34 PM,1:57,,,Antetokounmpo Traveling Turnover (P1.T4),,,5.0,203507,Giannis Antetokounmpo,1610612749.0,Milwaukee,Bucks,MIL,0,0,,,,,,1,0,,,,,
0021500484,106,2,3,1,6:34 PM,1:40,MISS Turner 11' Hook Shot,,,,,4.0,1626167,Myles Turner,1610612754.0,Indiana,Pacers,IND,0,0,,,,,,0,0,,,,,
0021500484,107,4,0,1,6:34 PM,1:40,,,Antetokounmpo REBOUND (Off:0 Def:2),,,5.0,203507,Giannis Antetokounmpo,1610612749.0,Milwaukee,Bucks,MIL,0,0,,,,,,0,0,,,,,
0021500484,109,1,42,1,6:34 PM,1:32,,,Mayo 1' Driving Layup (2 PTS),29 - 18,-11,5.0,201564,O.J. Mayo,1610612749.0,Milwaukee,Bucks,MIL,0,0,,,,,,0,0,,,,,
0021500484,110,6,29,1,6:35 PM,1:26,,,Bayless Shooting Block Foul (P1.T3) (J.Goble),,,5.0,201573,Jerryd Bayless,1610612749.0,Milwaukee,Bucks,MIL,4,101145,Monta Ellis,1610612754.0,Indiana,Pacers,IND,1,0,,,,,
0021500484,111,3,11,1,6:35 PM,1:26,Ellis Free Throw 1 of 2 (2 PTS),,,29 - 19,-10,4.0,101145,Monta Ellis,1610612754.0,Indiana,Pacers,IND,0,0,,,,,,0,0,,,,,
0021500484,113,3,12,1,6:35 PM,1:26,Ellis Free Throw 2 of 2 (3 PTS),,,29 - 20,-9,4.0,101145,Monta Ellis,1610612754.0,Indiana,Pacers,IND,0,0,,,,,,0,0,,,,,
0021500484,115,1,58,1,6:36 PM,1:14,,,Monroe 4' Turnaround Hook Shot (6 PTS),31 - 20,-11,5.0,202328,Greg Monroe,1610612749.0,Milwaukee,Bucks,MIL,0,0,,,,,,0,0,,,,,
0021500484,116,5,13,1,6:36 PM,1:08,Ellis Backcourt Turnover (P4.T8),,,,,4.0,101145,Monta Ellis,1610612754.0,Indiana,Pacers,IND,0,0,,,,,,1,0,,,,,
0021500484,117,1,5,1,6:36 PM,0:49,,,Monroe 1' Layup (8 PTS),33 - 20,-13,5.0,202328,Greg Monroe,1610612749.0,Milwaukee,Bucks,MIL,0,0,,,,,,0,0,,,,,
0021500484,118,6,1,1,6:36 PM,0:44,,,Mayo P.FOUL (P1.PN) (J.Goble),,,5.0,201564,O.J. Mayo,1610612749.0,Milwaukee,Bucks,MIL,4,201155,Rodney Stuckey,1610612754.0,Indiana,Pacers,IND,1,0,,,,,
0021500484,119,3,11,1,6:37 PM,0:44,Stuckey Free Throw 1 of 2 (1 PTS),,,33 - 21,-12,4.0,201155,Rodney Stuckey,1610612754.0,Indiana,Pacers,IND,0,0,,,,,,0,0,,,,,
0021500484,121,3,12,1,6:37 PM,0:44,Stuckey Free Throw 2 of 2 (2 PTS),,,33 - 22,-11,4.0,201155,Rodney Stuckey,1610612754.0,Indiana,Pacers,IND,0,0,,,,,,0,0,,,,,
0021500484,123,5,1,1,6:37 PM,0:32,George STEAL (1 STL),,Bayless Bad Pass Turnover (P1.T5),,,5.0,201573,Jerryd Bayless,1610612749.0,Milwaukee,Bucks,MIL,4,202331,Paul George,1610612754.0,Indiana,Pacers,IND,0,0,,,,,
0021500484,124,1,98,1,6:37 PM,0:27,Stuckey 1' Cutting Layup Shot (4 PTS) (George 4 AST),,,33 - 24,-9,4.0,201155,Rodney Stuckey,1610612754.0,Indiana,Pacers,IND,4,202331,Paul George,1610612754.0,Indiana,Pacers,IND,0,0,,,,,
0021500484,125,2,1,1,6:38 PM,0:03,,,MISS Middleton 20' Jump Shot,,,5.0,203114,Khris Middleton,1610612749.0,Milwaukee,Bucks,MIL,0,0,,,,,,0,0,,,,,
0021500484,126,4,0,1,6:38 PM,0:02,Turner REBOUND (Off:0 Def:3),,,,,4.0,1626167,Myles Turner,1610612754.0,Indiana,Pacers,IND,0,0,,,,,,0,0,,,,,
0021500484,127,2,1,1,6:38 PM,0:00,MISS Stuckey 48' 3PT Jump Shot,,Middleton BLOCK (1 BLK),,,4.0,201155,Rodney Stuckey,1610612754.0,Indiana,Pacers,IND,0,0,,,,,,5,203114,Khris Middleton,1610612749.0,Milwaukee,Bucks,MIL
0021500484,129,4,0,1,6:38 PM,0:00,PACERS Rebound,,,,,2.0,1610612754,,,,,,0,0,,,,,,0,0,,,,,
0021500484,131,18,0,1,6:38 PM,0:00,,,,,,,131,,,,,,0,0,,,,,,1,0,,,,,
0021500484,132,13,0,1,6:39 PM,0:00,,,,33 - 24,-9,0.0,0,,,,,,0,0,,,,,,0,0,,,,,
0021500484,134,12,0,2,6:41 PM,12:00,,,,33 - 24,-9,0.0,0,,,,,,0,0,,,,,,0,0,,,,,
0021500484,135,2,1,2,6:41 PM,11:47,MISS Turner 19' Jump Shot,,,,,4.0,1626167,Myles Turner,1610612754.0,Indiana,Pacers,IND,0,0,,,,,,0,0,,,,,
0021500484,136,4,0,2,6:41 PM,11:47,,,Mayo REBOUND (Off:0 Def:1),,,5.0,201564,O.J. Mayo,1610612749.0,Milwaukee,Bucks,MIL,0,0,,,,,,0,0,,,,,
0021500484,137,1,3,2,6:41 PM,11:29,,,Monroe 5' Hook Shot (10 PTS),35 - 24,-11,5.0,202328,Greg Monroe,1610612749.0,Milwaukee,Bucks,MIL,0,0,,,,,,0,0,,,,,
0021500484,139,2,79,2,6:42 PM,11:13,MISS Stuckey 18' Pullup Jump Shot,,,,,4.0,201155,Rodney Stuckey,1610612754.0,Indiana,Pacers,IND,0,0,,,,,,0,0,,,,,
0021500484,140,4,0,2,6:42 PM,11:12,,,Monroe REBOUND (Off:0 Def:1),,,5.0,202328,Greg Monroe,1610612749.0,Milwaukee,Bucks,MIL,0,0,,,,,,0,0,,,,,
0021500484,141,1,49,2,6:42 PM,11:03,,,Antetokounmpo  Driving Dunk (9 PTS),37 - 24,-13,5.0,203507,Giannis Antetokounmpo,1610612749.0,Milwaukee,Bucks,MIL,0,0,,,,,,0,0,,,,,
0021500484,142,2,5,2,6:42 PM,10:39,MISS Stuckey 4' Layup,,,,,4.0,201155,Rodney Stuckey,1610612754.0,Indiana,Pacers,IND,0,0,,,,,,0,0,,,,,
0021500484,143,4,0,2,6:42 PM,10:39,,,Monroe REBOUND (Off:0 Def:2),,,5.0,202328,Greg Monroe,1610612749.0,Milwaukee,Bucks,MIL,0,0,,,,,,0,0,,,,,
0021500484,144,2,44,2,6:43 PM,10:27,,,MISS Antetokounmpo 2' Reverse Layup,,,5.0,203507,Giannis Antetokounmpo,1610612749.0,Milwaukee,Bucks,MIL,0,0,,,,,,0,0,,,,,
0021500484,145,4,0,2,6:43 PM,10:27,Turner REBOUND (Off:0 Def:4),,,,,4.0,1626167,Myles Turner,1610612754.0,Indiana,Pacers,IND,0,0,,,,,,0,0,,,,,
0021500484,146,2,74,2,6:43 PM,10:20,MISS G. Hill 2' Running Reverse Layup,,,,,4.0,201588,George Hill,1610612754.0,Indiana,Pacers,IND,0,0,,,,,,0,0,,,,,
0021500484,147,4,0,2,6:43 PM,10:19,,,Antetokounmpo REBOUND (Off:0 Def:3),,,5.0,203507,Giannis Antetokounmpo,1610612749.0,Milwaukee,Bucks,MIL,0,0,,,,,,0,0,,,,,
0021500484,148,2,1,2,6:43 PM,10:08,,,MISS Mayo 24' 3PT Jump Shot,,,5.0,201564,O.J. Mayo,1610612749.0,Milwaukee,Bucks,MIL,0,0,,,,,,0,0,,,,,
0021500484,149,4,0,2,6:43 PM,10:07,Turner REBOUND (Off:0 Def:5),,,,,4.0,1626167,Myles Turner,1610612754.0,Indiana,Pacers,IND,0,0,,,,,,0,0,,,,,
0021500484,150,6,1,2,6:43 PM,10:01,,,Monroe P.FOUL (P1.T1) (J.Goble),,,5.0,202328,Greg Monroe,1610612749.0,Milwaukee,Bucks,MIL,4,201588,George Hill,1610612754.0,Indiana,Pacers,IND,1,0,,,,,
0021500484,151,8,0,2,6:43 PM,10:01,SUB: Allen FOR Turner,,,,,4.0,1626167,Myles Turner,1610612754.0,Indiana,Pacers,IND,4,202730,Lavoy Allen,1610612754.0,Indiana,Pacers,IND,0,0,,,,,
0021500484,152,1,5,2,6:44 PM,9:52,Allen 2' Layup (6 PTS) (Stuckey 1 AST),,,37 - 26,-11,4.0,202730,Lavoy Allen,1610612754.0,Indiana,Pacers,IND,4,201155,Rodney Stuckey,1610612754.0,Indiana,Pacers,IND,0,0,,,,,
0021500484,153,1,1,2,6:44 PM,9:33,,,Monroe 15' Jump Shot (12 PTS) (Mayo 1 AST),39 - 26,-13,5.0,202328,Greg Monroe,1610612749.0,Milwaukee,Bucks,MIL,5,201564,O.J. Mayo,1610612749.0,Milwaukee,Bucks,MIL,0,0,,,,,
0021500484,154,1,1,2,6:44 PM,9:22,Allen 21' Jump Shot (8 PTS) (Stuckey 2 AST),,,39 - 28,-11,4.0,202730,Lavoy Allen,1610612754.0,Indiana,Pacers,IND,4,201155,Rodney Stuckey,1610612754.0,Indiana,Pacers,IND,0,0,,,,,
0021500484,155,5,1,2,6:44 PM,9:03,Budinger STEAL (1 STL),,Vaughn Bad Pass Turnover (P1.T6),,,5.0,1626173,Rashad Vaughn,1610612749.0,Milwaukee,Bucks,MIL,4,201978,Chase Budinger,1610612754.0,Indiana,Pacers,IND,0,0,,,,,
0021500484,156,2,75,2,6:44 PM,8:58,MISS G. Hill 2' Driving Finger Roll Layup,,,,,4.0,201588,George Hill,1610612754.0,Indiana,Pacers,IND,0,0,,,,,,0,0,,,,,
0021500484,157,4,0,2,6:44 PM,8:57,,,Vaughn REBOUND (Off:0 Def:1),,,5.0,1626173,Rashad Vaughn,1610612749.0,Milwaukee,Bucks,MIL,0,0,,,,,,0,0,,,,,
0021500484,158,5,39,2,6:45 PM,8:54,,,Bayless Step Out of Bounds Turnover (P2.T7),,,5.0,201573,Jerryd Bayless,1610612749.0,Milwaukee,Bucks,MIL,0,0,,,,,,0,0,,,,,
0021500484,159,9,4,2,6:45 PM,8:54,,,,,,1.0,0,,,,,,0,0,,,,,,0,0,,,,,
0021500484,161,5,2,2,6:47 PM,8:39,G. Hill Lost Ball Turnover (P1.T9),,Mayo STEAL (1 STL),,,4.0,201588,George Hill,1610612754.0,Indiana,Pacers,IND,5,201564,O.J. Mayo,1610612749.0,Milwaukee,Bucks,MIL,0,0,,,,,
0021500484,162,1,3,2,6:48 PM,8:20,,,Monroe 6' Hook Shot (14 PTS),41 - 28,-13,5.0,202328,Greg Monroe,1610612749.0,Milwaukee,Bucks,MIL,0,0,,,,,,0,0,,,,,
0021500484,163,6,1,2,6:48 PM,8:08,,,Bayless P.FOUL (P2.T2) (J.Goble),,,5.0,201573,Jerryd Bayless,1610612749.0,Milwaukee,Bucks,MIL,4,202730,Lavoy Allen,1610612754.0,Indiana,Pacers,IND,1,0,,,,,
0021500484,164,1,108,2,6:48 PM,8:04,Budinger  Cutting Dunk Shot (2 PTS) (Allen 1 AST),,,41 - 30,-11,4.0,201978,Chase Budinger,1610612754.0,Indiana,Pacers,IND,4,202730,Lavoy Allen,1610612754.0,Indiana,Pacers,IND,0,0,,,,,
0021500484,165,2,1,2,6:48 PM,7:47,,,MISS Mayo 20' Jump Shot,,,5.0,201564,O.J. Mayo,1610612749.0,Milwaukee,Bucks,MIL,0,0,,,,,,0,0,,,,,
0021500484,166,4,0,2,6:48 PM,7:46,Allen REBOUND (Off:1 Def:2),,,,,4.0,202730,Lavoy Allen,1610612754.0,Indiana,Pacers,IND,0,0,,,,,,0,0,,,,,
0021500484,167,1,47,2,6:49 PM,7:33,Stuckey 5' Turnaround Jump Shot (6 PTS) (Budinger 1 AST),,,41 - 32,-9,4.0,201155,Rodney Stuckey,1610612754.0,Indiana,Pacers,IND,4,201978,Chase Budinger,1610612754.0,Indiana,Pacers,IND,0,0,,,,,
0021500484,168,2,5,2,6:49 PM,7:16,,,MISS Mayo 1' Layup,,,5.0,201564,O.J. Mayo,1610612749.0,Milwaukee,Bucks,MIL,0,0,,,,,,0,0,,,,,
0021500484,169,4,0,2,6:49 PM,7:16,Budinger REBOUND (Off:0 Def:1),,,,,4.0,201978,Chase Budinger,1610612754.0,Indiana,Pacers,IND,0,0,,,,,,0,0,,,,,
0021500484,170,1,1,2,6:49 PM,7:07,Allen 19' Jump Shot (10 PTS) (Stuckey 3 AST),,,41 - 34,-7,4.0,202730,Lavoy Allen,1610612754.0,Indiana,Pacers,IND,4,201155,Rodney Stuckey,1610612754.0,Indiana,Pacers,IND,0,0,,,,,
0021500484,171,9,1,2,6:49 PM,6:59,,,Bucks Timeout: Regular (Reg.2 Short 0),,,3.0,1610612749,,,,,,0,0,,,,,,0,0,,,,,
0021500484,173,8,0,2,6:51 PM,6:59,,,SUB: Carter-Williams FOR Monroe,,,5.0,202328,Greg Monroe,1610612749.0,Milwaukee,Bucks,MIL,5,203487,Michael Carter-Williams,1610612749.0,Milwaukee,Bucks,MIL,0,0,,,,,
0021500484,174,8,0,2,6:51 PM,6:59,,,SUB: Henson FOR Bayless,,,5.0,201573,Jerryd Bayless,1610612749.0,Milwaukee,Bucks,MIL,5,203089,John Henson,1610612749.0,Milwaukee,Bucks,MIL,0,0,,,,,
0021500484,176,1,44,2,6:52 PM,6:43,,,Antetokounmpo 1' Reverse Layup (11 PTS),43 - 34,-9,5.0,203507,Giannis Antetokounmpo,1610612749.0,Milwaukee,Bucks,MIL,0,0,,,,,,0,0,,,,,
0021500484,177,6,1,2,6:52 PM,6:30,,,Vaughn P.FOUL (P1.T3) (J.Goble),,,5.0,1626173,Rashad Vaughn,1610612749.0,Milwaukee,Bucks,MIL,4,201978,Chase Budinger,1610612754.0,Indiana,Pacers,IND,1,0,,,,,
0021500484,178,8,0,2,6:52 PM,6:30,SUB: Turner FOR Allen,,,,,4.0,202730,Lavoy Allen,1610612754.0,Indiana,Pacers,IND,4,1626167,Myles Turner,1610612754.0,Indiana,Pacers,IND,0,0,,,,,
0021500484,179,2,1,2,6:53 PM,6:18,MISS S. Hill 4' Jump Shot,,Carter-Williams BLOCK (1 BLK),,,4.0,203524,Solomon Hill,1610612754.0,Indiana,Pacers,IND,0,0,,,,,,5,203487,Michael Carter-Williams,1610612749.0,Milwaukee,Bucks,MIL
0021500484,180,4,0,2,6:53 PM,6:18,PACERS Rebound,,,,,2.0,1610612754,,,,,,0,0,,,,,,0,0,,,,,
0021500484,181,2,1,2,6:53 PM,6:15,MISS G. Hill 17' Jump Shot,,,,,4.0,201588,George Hill,1610612754.0,Indiana,Pacers,IND,0,0,,,,,,0,0,,,,,
0021500484,182,4,0,2,6:53 PM,6:15,Turner REBOUND (Off:1 Def:5),,,,,4.0,1626167,Myles Turner,1610612754.0,Indiana,Pacers,IND,0,0,,,,,,0,0,,,,,
0021500484,183,1,72,2,6:53 PM,6:13,Turner  Putback Layup (2 PTS),,,43 - 36,-7,4.0,1626167,Myles Turner,1610612754.0,Indiana,Pacers,IND,0,0,,,,,,0,0,,,,,
0021500484,184,2,1,2,6:53 PM,5:48,,,MISS Carter-Williams 18' Jump Shot,,,5.0,203487,Michael Carter-Williams,1610612749.0,Milwaukee,Bucks,MIL,0,0,,,,,,0,0,,,,,
0021500484,185,4,0,2,6:53 PM,5:47,Turner REBOUND (Off:1 Def:6),,,,,4.0,1626167,Myles Turner,1610612754.0,Indiana,Pacers,IND,0,0,,,,,,0,0,,,,,
0021500484,186,2,42,2,6:54 PM,5:37,MISS Stuckey  Driving Layup,,Antetokounmpo BLOCK (3 BLK),,,4.0,201155,Rodney Stuckey,1610612754.0,Indiana,Pacers,IND,0,0,,,,,,5,203507,Giannis Antetokounmpo,1610612749.0,Milwaukee,Bucks,MIL
0021500484,187,4,0,2,6:54 PM,5:37,,,Bucks Rebound,,,3.0,1610612749,,,,,,0,0,,,,,,0,0,,,,,
0021500484,188,2,3,2,6:54 PM,5:19,,,MISS Henson 5' Hook Shot,,,5.0,203089,John Henson,1610612749.0,Milwaukee,Bucks,MIL,0,0,,,,,,0,0,,,,,
0021500484,189,4,0,2,6:54 PM,5:18,G. Hill REBOUND (Off:0 Def:1),,,,,4.0,201588,George Hill,1610612754.0,Indiana,Pacers,IND,0,0,,,,,,0,0,,,,,
0021500484,190,6,29,2,6:54 PM,5:09,,,Carter-Williams Shooting Block Foul (P2.T4) (N.Buchert),,,5.0,203487,Michael Carter-Williams,1610612749.0,Milwaukee,Bucks,MIL,4,1626167,Myles Turner,1610612754.0,Indiana,Pacers,IND,1,0,,,,,
0021500484,191,3,11,2,6:54 PM,5:09,MISS Turner Free Throw 1 of 2,,,,,4.0,1626167,Myles Turner,1610612754.0,Indiana,Pacers,IND,0,0,,,,,,0,0,,,,,
0021500484,192,4,1,2,6:54 PM,5:09,PACERS Rebound,,,,,2.0,1610612754,,,,,,0,0,,,,,,0,0,,,,,
0021500484,193,8,0,2,6:55 PM,5:09,SUB: Miles FOR G. Hill,,,,,4.0,201588,George Hill,1610612754.0,Indiana,Pacers,IND,4,101139,CJ Miles,1610612754.0,Indiana,Pacers,IND,0,0,,,,,
0021500484,194,8,0,2,6:55 PM,5:09,SUB: Ellis FOR S. Hill,,,,,4.0,203524,Solomon Hill,1610612754.0,Indiana,Pacers,IND,4,101145,Monta Ellis,1610612754.0,Indiana,Pacers,IND,0,0,,,,,
0021500484,195,8,0,2,6:55 PM,5:09,,,SUB: Parker FOR Antetokounmpo,,,5.0,203507,Giannis Antetokounmpo,1610612749.0,Milwaukee,Bucks,MIL,5,203953,Jabari Parker,1610612749.0,Milwaukee,Bucks,MIL,0,0,,,,,
0021500484,196,8,0,2,6:55 PM,5:09,,,SUB: Middleton FOR Vaughn,,,5.0,1626173,Rashad Vaughn,1610612749.0,Milwaukee,Bucks,MIL,5,203114,Khris Middleton,1610612749.0,Milwaukee,Bucks,MIL,0,0,,,,,
0021500484,197,3,12,2,6:55 PM,5:09,Turner Free Throw 2 of 2 (3 PTS),,,43 - 37,-6,4.0,1626167,Myles Turner,1610612754.0,Indiana,Pacers,IND,0,0,,,,,,0,0,,,,,
0021500484,199,2,42,2,6:55 PM,4:55,,,MISS Carter-Williams 1' Driving Layup,,,5.0,203487,Michael Carter-Williams,1610612749.0,Milwaukee,Bucks,MIL,0,0,,,,,,0,0,,,,,
0021500484,200,4,0,2,6:55 PM,4:54,,,Henson REBOUND (Off:1 Def:1),,,5.0,203089,John Henson,1610612749.0,Milwaukee,Bucks,MIL,0,0,,,,,,0,0,,,,,
0021500484,201,1,72,2,6:56 PM,4:51,,,Henson 1' Putback Layup (2 PTS),45 - 37,-8,5.0,203089,John Henson,1610612749.0,Milwaukee,Bucks,MIL,0,0,,,,,,0,0,,,,,
0021500484,202,7,5,2,6:56 PM,4:32,,,Carter-Williams Violation:Kicked Ball (.),,,5.0,203487,Michael Carter-Williams,1610612749.0,Milwaukee,Bucks,MIL,0,0,,,,,,0,0,,,,,
0021500484,203,8,0,2,6:56 PM,4:32,,,SUB: Bayless FOR Mayo,,,5.0,201564,O.J. Mayo,1610612749.0,Milwaukee,Bucks,MIL,5,201573,Jerryd Bayless,1610612749.0,Milwaukee,Bucks,MIL,0,0,,,,,
0021500484,204,5,2,2,6:56 PM,4:28,Ellis Lost Ball Turnover (P5.T10),,Carter-Williams STEAL (2 STL),,,4.0,101145,Monta Ellis,1610612754.0,Indiana,Pacers,IND,5,203487,Michael Carter-Williams,1610612749.0,Milwaukee,Bucks,MIL,0,0,,,,,
0021500484,205,2,7,2,6:56 PM,4:23,,,MISS Henson  Dunk,,,5.0,203089,John Henson,1610612749.0,Milwaukee,Bucks,MIL,0,0,,,,,,0,0,,,,,
0021500484,206,4,0,2,6:56 PM,4:22,Stuckey REBOUND (Off:0 Def:1),,,,,4.0,201155,Rodney Stuckey,1610612754.0,Indiana,Pacers,IND,0,0,,,,,,0,0,,,,,
0021500484,207,1,1,2,6:57 PM,4:13,Miles  3PT Jump Shot (5 PTS) (Ellis 2 AST),,,45 - 40,-5,4.0,101139,CJ Miles,1610612754.0,Indiana,Pacers,IND,4,101145,Monta Ellis,1610612754.0,Indiana,Pacers,IND,0,0,,,,,
0021500484,208,6,2,2,6:57 PM,3:59,Ellis S.FOUL (P2.T1) (J.Orr),,,,,4.0,101145,Monta Ellis,1610612754.0,Indiana,Pacers,IND,5,203487,Michael Carter-Williams,1610612749.0,Milwaukee,Bucks,MIL,1,0,,,,,
0021500484,209,3,11,2,6:57 PM,3:59,,,MISS Carter-Williams Free Throw 1 of 2,,,5.0,203487,Michael Carter-Williams,1610612749.0,Milwaukee,Bucks,MIL,0,0,,,,,,0,0,,,,,
0021500484,210,4,1,2,6:57 PM,3:59,,,Bucks Rebound,,,3.0,1610612749,,,,,,0,0,,,,,,0,0,,,,,
0021500484,211,8,0,2,6:57 PM,3:59,SUB: George FOR Budinger,,,,,4.0,201978,Chase Budinger,1610612754.0,Indiana,Pacers,IND,4,202331,Paul George,1610612754.0,Indiana,Pacers,IND,0,0,,,,,
0021500484,212,3,12,2,6:57 PM,3:59,,,Carter-Williams Free Throw 2 of 2 (3 PTS),46 - 40,-6,5.0,203487,Michael Carter-Williams,1610612749.0,Milwaukee,Bucks,MIL,0,0,,,,,,0,0,,,,,
0021500484,214,2,1,2,6:58 PM,3:44,MISS Miles 26' 3PT Jump Shot,,,,,4.0,101139,CJ Miles,1610612754.0,Indiana,Pacers,IND,0,0,,,,,,0,0,,,,,
0021500484,215,4,0,2,6:58 PM,3:43,Turner REBOUND (Off:2 Def:6),,,,,4.0,1626167,Myles Turner,1610612754.0,Indiana,Pacers,IND,0,0,,,,,,0,0,,,,,
0021500484,216,6,2,2,6:58 PM,3:42,,,Middleton S.FOUL (P1.PN) (J.Orr),,,5.0,203114,Khris Middleton,1610612749.0,Milwaukee,Bucks,MIL,4,1626167,Myles Turner,1610612754.0,Indiana,Pacers,IND,1,0,,,,,
0021500484,217,3,11,2,6:58 PM,3:42,Turner Free Throw 1 of 2 (4 PTS),,,46 - 41,-5,4.0,1626167,Myles Turner,1610612754.0,Indiana,Pacers,IND,0,0,,,,,,0,0,,,,,
0021500484,219,3,12,2,6:58 PM,3:42,Turner Free Throw 2 of 2 (5 PTS),,,46 - 42,-4,4.0,1626167,Myles Turner,1610612754.0,Indiana,Pacers,IND,0,0,,,,,,0,0,,,,,
0021500484,221,1,79,2,6:59 PM,3:33,,,Middleton 20' Pullup Jump Shot (10 PTS),48 - 42,-6,5.0,203114,Khris Middleton,1610612749.0,Milwaukee,Bucks,MIL,0,0,,,,,,0,0,,,,,
0021500484,222,6,4,2,6:59 PM,3:27,Turner OFF.Foul (P1) (N.Buchert),,,,,4.0,1626167,Myles Turner,1610612754.0,Indiana,Pacers,IND,5,203487,Michael Carter-Williams,1610612749.0,Milwaukee,Bucks,MIL,1,0,,,,,
0021500484,223,5,5,2,6:59 PM,3:27,Turner Foul Turnover (P1.T11),,,,,4.0,1626167,Myles Turner,1610612754.0,Indiana,Pacers,IND,0,0,,,,,,1,0,,,,,
0021500484,224,6,27,2,6:59 PM,3:20,George Personal Block Foul (P2.T2) (N.Buchert),,,,,4.0,202331,Paul George,1610612754.0,Indiana,Pacers,IND,5,203487,Michael Carter-Williams,1610612749.0,Milwaukee,Bucks,MIL,1,0,,,,,
0021500484,225,1,1,2,7:00 PM,3:09,,,Bayless 26' 3PT Jump Shot (3 PTS) (Carter-Williams 2 AST),51 - 42,-9,5.0,201573,Jerryd Bayless,1610612749.0,Milwaukee,Bucks,MIL,5,203487,Michael Carter-Williams,1610612749.0,Milwaukee,Bucks,MIL,0,0,,,,,
0021500484,226,2,73,2,7:00 PM,2:56,MISS Turner 2' Driving Reverse Layup,,,,,4.0,1626167,Myles Turner,1610612754.0,Indiana,Pacers,IND,0,0,,,,,,0,0,,,,,
0021500484,227,4,0,2,7:00 PM,2:55,,,Henson REBOUND (Off:1 Def:2),,,5.0,203089,John Henson,1610612749.0,Milwaukee,Bucks,MIL,0,0,,,,,,0,0,,,,,
0021500484,228,5,1,2,7:00 PM,2:46,Stuckey STEAL (1 STL),,Henson Bad Pass Turnover (P2.T8),,,5.0,203089,John Henson,1610612749.0,Milwaukee,Bucks,MIL,4,201155,Rodney Stuckey,1610612754.0,Indiana,Pacers,IND,0,0,,,,,
0021500484,229,1,1,2,7:00 PM,2:40,George 24' 3PT Jump Shot (9 PTS) (Stuckey 4 AST),,,51 - 45,-6,4.0,202331,Paul George,1610612754.0,Indiana,Pacers,IND,4,201155,Rodney Stuckey,1610612754.0,Indiana,Pacers,IND,0,0,,,,,
0021500484,230,1,1,2,7:00 PM,2:25,,,Middleton 24' 3PT Jump Shot (13 PTS) (Carter-Williams 3 AST),54 - 45,-9,5.0,203114,Khris Middleton,1610612749.0,Milwaukee,Bucks,MIL,5,203487,Michael Carter-Williams,1610612749.0,Milwaukee,Bucks,MIL,0,0,,,,,
0021500484,231,9,1,2,7:00 PM,2:25,PACERS Timeout: Regular (Full 2 Short 1),,,,,2.0,1610612754,,,,,,0,0,,,,,,0,0,,,,,
0021500484,233,8,0,2,7:03 PM,2:25,,,SUB: Monroe FOR Henson,,,5.0,203089,John Henson,1610612749.0,Milwaukee,Bucks,MIL,5,202328,Greg Monroe,1610612749.0,Milwaukee,Bucks,MIL,0,0,,,,,
0021500484,234,8,0,2,7:03 PM,2:25,SUB: G. Hill FOR Stuckey,,,,,4.0,201155,Rodney Stuckey,1610612754.0,Indiana,Pacers,IND,4,201588,George Hill,1610612754.0,Indiana,Pacers,IND,0,0,,,,,
0021500484,235,8,0,2,7:03 PM,2:25,SUB: Allen FOR Turner,,,,,4.0,1626167,Myles Turner,1610612754.0,Indiana,Pacers,IND,4,202730,Lavoy Allen,1610612754.0,Indiana,Pacers,IND,0,0,,,,,
0021500484,236,2,73,2,7:03 PM,2:09,MISS Miles 1' Driving Reverse Layup,,,,,4.0,101139,CJ Miles,1610612754.0,Indiana,Pacers,IND,0,0,,,,,,0,0,,,,,
0021500484,237,4,0,2,7:03 PM,2:08,,,Monroe REBOUND (Off:0 Def:3),,,5.0,202328,Greg Monroe,1610612749.0,Milwaukee,Bucks,MIL,0,0,,,,,,0,0,,,,,
0021500484,238,5,1,2,7:03 PM,1:57,Miles STEAL (1 STL),,Carter-Williams Bad Pass Turnover (P3.T9),,,5.0,203487,Michael Carter-Williams,1610612749.0,Milwaukee,Bucks,MIL,4,101139,CJ Miles,1610612754.0,Indiana,Pacers,IND,0,0,,,,,
0021500484,239,5,1,2,7:03 PM,1:53,Miles Bad Pass Turnover (P3.T12),,Middleton STEAL (1 STL),,,4.0,101139,CJ Miles,1610612754.0,Indiana,Pacers,IND,5,203114,Khris Middleton,1610612749.0,Milwaukee,Bucks,MIL,0,0,,,,,
0021500484,240,6,1,2,7:03 PM,1:52,George P.FOUL (P3.T3) (J.Orr),,,,,4.0,202331,Paul George,1610612754.0,Indiana,Pacers,IND,5,203114,Khris Middleton,1610612749.0,Milwaukee,Bucks,MIL,1,0,,,,,
0021500484,241,8,0,2,7:04 PM,1:52,SUB: Budinger FOR George,,,,,4.0,202331,Paul George,1610612754.0,Indiana,Pacers,IND,4,201978,Chase Budinger,1610612754.0,Indiana,Pacers,IND,0,0,,,,,
0021500484,242,2,1,2,7:04 PM,1:31,,,MISS Parker 20' Jump Shot,,,5.0,203953,Jabari Parker,1610612749.0,Milwaukee,Bucks,MIL,0,0,,,,,,0,0,,,,,
0021500484,243,4,0,2,7:04 PM,1:30,G. Hill REBOUND (Off:0 Def:2),,,,,4.0,201588,George Hill,1610612754.0,Indiana,Pacers,IND,0,0,,,,,,0,0,,,,,
0021500484,244,1,98,2,7:04 PM,1:23,Allen 2' Cutting Layup Shot (12 PTS) (Ellis 3 AST),,,54 - 47,-7,4.0,202730,Lavoy Allen,1610612754.0,Indiana,Pacers,IND,4,101145,Monta Ellis,1610612754.0,Indiana,Pacers,IND,0,0,,,,,
0021500484,245,1,98,2,7:05 PM,1:03,,,Monroe 1' Cutting Layup Shot (16 PTS) (Middleton 3 AST),56 - 47,-9,5.0,202328,Greg Monroe,1610612749.0,Milwaukee,Bucks,MIL,5,203114,Khris Middleton,1610612749.0,Milwaukee,Bucks,MIL,0,0,,,,,
0021500484,246,5,45,2,7:05 PM,0:54,Allen Out of Bounds - Bad Pass Turnover Turnover (P1.T13),,,,,4.0,202730,Lavoy Allen,1610612754.0,Indiana,Pacers,IND,0,0,,,,,,0,0,,,,,
0021500484,247,6,2,2,7:05 PM,0:45,Allen S.FOUL (P2.PN) (N.Buchert),,,,,4.0,202730,Lavoy Allen,1610612754.0,Indiana,Pacers,IND,5,202328,Greg Monroe,1610612749.0,Milwaukee,Bucks,MIL,1,0,,,,,
0021500484,248,3,11,2,7:05 PM,0:45,,,Monroe Free Throw 1 of 2 (17 PTS),57 - 47,-10,5.0,202328,Greg Monroe,1610612749.0,Milwaukee,Bucks,MIL,0,0,,,,,,0,0,,,,,
0021500484,250,8,0,2,7:06 PM,0:45,SUB: Stuckey FOR Ellis,,,,,4.0,101145,Monta Ellis,1610612754.0,Indiana,Pacers,IND,4,201155,Rodney Stuckey,1610612754.0,Indiana,Pacers,IND,0,0,,,,,
0021500484,251,8,0,2,7:06 PM,0:45,SUB: Turner FOR Allen,,,,,4.0,202730,Lavoy Allen,1610612754.0,Indiana,Pacers,IND,4,1626167,Myles Turner,1610612754.0,Indiana,Pacers,IND,0,0,,,,,
0021500484,253,8,0,2,7:06 PM,0:45,,,SUB: Antetokounmpo FOR Carter-Williams,,,5.0,203487,Michael Carter-Williams,1610612749.0,Milwaukee,Bucks,MIL,5,203507,Giannis Antetokounmpo,1610612749.0,Milwaukee,Bucks,MIL,0,0,,,,,
0021500484,254,3,12,2,7:06 PM,0:45,,,MISS Monroe Free Throw 2 of 2,,,5.0,202328,Greg Monroe,1610612749.0,Milwaukee,Bucks,MIL,0,0,,,,,,0,0,,,,,
0021500484,256,4,0,2,7:06 PM,0:45,Budinger REBOUND (Off:0 Def:2),,,,,4.0,201978,Chase Budinger,1610612754.0,Indiana,Pacers,IND,0,0,,,,,,0,0,,,,,
0021500484,257,1,79,2,7:06 PM,0:28,Miles 16' Pullup Jump Shot (7 PTS) (Budinger 2 AST),,,57 - 49,-8,4.0,101139,CJ Miles,1610612754.0,Indiana,Pacers,IND,4,201978,Chase Budinger,1610612754.0,Indiana,Pacers,IND,0,0,,,,,
0021500484,258,1,79,2,7:07 PM,0:07,,,Bayless 19' Pullup Jump Shot (5 PTS),59 - 49,-10,5.0,201573,Jerryd Bayless,1610612749.0,Milwaukee,Bucks,MIL,0,0,,,,,,0,0,,,,,
0021500484,259,1,1,2,7:07 PM,0:00,Miles 26' 3PT Jump Shot (10 PTS) (G. Hill 1 AST),,,59 - 52,-7,4.0,101139,CJ Miles,1610612754.0,Indiana,Pacers,IND,4,201588,George Hill,1610612754.0,Indiana,Pacers,IND,0,0,,,,,
0021500484,260,13,0,2,7:07 PM,0:00,,,,59 - 52,-7,0.0,0,,,,,,0,0,,,,,,0,0,,,,,
0021500484,262,12,0,3,7:23 PM,12:00,,,,59 - 52,-7,0.0,0,,,,,,0,0,,,,,,0,0,,,,,
0021500484,263,2,5,3,7:23 PM,11:47,MISS Miles 1' Layup,,Carter-Williams BLOCK (2 BLK),,,4.0,101139,CJ Miles,1610612754.0,Indiana,Pacers,IND,0,0,,,,,,5,203487,Michael Carter-Williams,1610612749.0,Milwaukee,Bucks,MIL
0021500484,264,4,0,3,7:23 PM,11:46,,,Parker REBOUND (Off:0 Def:1),,,5.0,203953,Jabari Parker,1610612749.0,Milwaukee,Bucks,MIL,0,0,,,,,,0,0,,,,,
0021500484,265,5,1,3,7:23 PM,11:34,Allen STEAL (1 STL),,Antetokounmpo Bad Pass Turnover (P2.T10),,,5.0,203507,Giannis Antetokounmpo,1610612749.0,Milwaukee,Bucks,MIL,4,202730,Lavoy Allen,1610612754.0,Indiana,Pacers,IND,0,0,,,,,
0021500484,266,2,1,3,7:24 PM,11:19,MISS George 26' 3PT Jump Shot,,,,,4.0,202331,Paul George,1610612754.0,Indiana,Pacers,IND,0,0,,,,,,0,0,,,,,
0021500484,267,4,0,3,7:24 PM,11:18,,,Antetokounmpo REBOUND (Off:0 Def:4),,,5.0,203507,Giannis Antetokounmpo,1610612749.0,Milwaukee,Bucks,MIL,0,0,,,,,,0,0,,,,,
0021500484,268,2,1,3,7:24 PM,10:59,,,MISS Antetokounmpo 26' 3PT Jump Shot,,,5.0,203507,Giannis Antetokounmpo,1610612749.0,Milwaukee,Bucks,MIL,0,0,,,,,,0,0,,,,,
0021500484,269,4,0,3,7:24 PM,10:58,Allen REBOUND (Off:1 Def:3),,,,,4.0,202730,Lavoy Allen,1610612754.0,Indiana,Pacers,IND,0,0,,,,,,0,0,,,,,
0021500484,270,1,1,3,7:24 PM,10:47,G. Hill 24' 3PT Jump Shot (8 PTS) (Miles 1 AST),,,59 - 55,-4,4.0,201588,George Hill,1610612754.0,Indiana,Pacers,IND,4,101139,CJ Miles,1610612754.0,Indiana,Pacers,IND,0,0,,,,,
0021500484,271,1,79,3,7:24 PM,10:34,,,Middleton 16' Pullup Jump Shot (15 PTS),61 - 55,-6,5.0,203114,Khris Middleton,1610612749.0,Milwaukee,Bucks,MIL,0,0,,,,,,0,0,,,,,
0021500484,272,7,5,3,7:25 PM,10:21,,,Monroe Violation:Kicked Ball (.),,,5.0,202328,Greg Monroe,1610612749.0,Milwaukee,Bucks,MIL,0,0,,,,,,0,0,,,,,
0021500484,273,2,1,3,7:25 PM,10:13,MISS George 25' 3PT Jump Shot,,,,,4.0,202331,Paul George,1610612754.0,Indiana,Pacers,IND,0,0,,,,,,0,0,,,,,
0021500484,274,4,0,3,7:25 PM,10:12,G. Hill REBOUND (Off:1 Def:2),,,,,4.0,201588,George Hill,1610612754.0,Indiana,Pacers,IND,0,0,,,,,,0,0,,,,,
0021500484,275,6,1,3,7:25 PM,10:12,,,Middleton P.FOUL (P2.T1) (J.Goble),,,5.0,203114,Khris Middleton,1610612749.0,Milwaukee,Bucks,MIL,4,201588,George Hill,1610612754.0,Indiana,Pacers,IND,1,0,,,,,
0021500484,276,1,98,3,7:25 PM,10:07,George 1' Cutting Layup Shot (11 PTS) (Allen 2 AST),,,61 - 57,-4,4.0,202331,Paul George,1610612754.0,Indiana,Pacers,IND,4,202730,Lavoy Allen,1610612754.0,Indiana,Pacers,IND,0,0,,,,,
0021500484,278,2,1,3,7:26 PM,9:50,Ellis BLOCK (1 BLK),,MISS Middleton 18' Jump Shot,,,5.0,203114,Khris Middleton,1610612749.0,Milwaukee,Bucks,MIL,0,0,,,,,,4,101145,Monta Ellis,1610612754.0,Indiana,Pacers,IND
0021500484,279,4,0,3,7:26 PM,9:50,,,Bucks Rebound,,,3.0,1610612749,,,,,,0,0,,,,,,0,0,,,,,
0021500484,280,2,5,3,7:26 PM,9:42,,,MISS Antetokounmpo 2' Layup,,,5.0,203507,Giannis Antetokounmpo,1610612749.0,Milwaukee,Bucks,MIL,0,0,,,,,,0,0,,,,,
0021500484,281,4,0,3,7:26 PM,9:40,,,Parker REBOUND (Off:1 Def:1),,,5.0,203953,Jabari Parker,1610612749.0,Milwaukee,Bucks,MIL,0,0,,,,,,0,0,,,,,
0021500484,282,2,1,3,7:26 PM,9:36,,,MISS Middleton 24' 3PT Jump Shot,,,5.0,203114,Khris Middleton,1610612749.0,Milwaukee,Bucks,MIL,0,0,,,,,,0,0,,,,,
0021500484,283,4,0,3,7:26 PM,9:35,Miles REBOUND (Off:0 Def:2),,,,,4.0,101139,CJ Miles,1610612754.0,Indiana,Pacers,IND,0,0,,,,,,0,0,,,,,
0021500484,284,1,1,3,7:26 PM,9:28,Miles 26' 3PT Jump Shot (13 PTS) (G. Hill 2 AST),,,61 - 60,-1,4.0,101139,CJ Miles,1610612754.0,Indiana,Pacers,IND,4,201588,George Hill,1610612754.0,Indiana,Pacers,IND,0,0,,,,,
0021500484,285,9,1,3,7:26 PM,9:26,,,Bucks Timeout: Regular (Reg.3 Short 0),,,3.0,1610612749,,,,,,0,0,,,,,,0,0,,,,,
0021500484,287,6,2,3,7:29 PM,9:08,Ellis S.FOUL (P3.T1) (N.Buchert),,,,,4.0,101145,Monta Ellis,1610612754.0,Indiana,Pacers,IND,5,203507,Giannis Antetokounmpo,1610612749.0,Milwaukee,Bucks,MIL,1,0,,,,,
0021500484,288,3,11,3,7:29 PM,9:08,,,MISS Antetokounmpo Free Throw 1 of 2,,,5.0,203507,Giannis Antetokounmpo,1610612749.0,Milwaukee,Bucks,MIL,0,0,,,,,,0,0,,,,,
0021500484,289,4,1,3,7:29 PM,9:08,,,Bucks Rebound,,,3.0,1610612749,,,,,,0,0,,,,,,0,0,,,,,
0021500484,290,3,12,3,7:30 PM,9:08,,,MISS Antetokounmpo Free Throw 2 of 2,,,5.0,203507,Giannis Antetokounmpo,1610612749.0,Milwaukee,Bucks,MIL,0,0,,,,,,0,0,,,,,
0021500484,292,4,0,3,7:30 PM,9:08,Miles REBOUND (Off:0 Def:3),,,,,4.0,101139,CJ Miles,1610612754.0,Indiana,Pacers,IND,0,0,,,,,,0,0,,,,,
0021500484,293,1,1,3,7:30 PM,8:53,George 26' 3PT Jump Shot (14 PTS) (Ellis 4 AST),,,61 - 63,2,4.0,202331,Paul George,1610612754.0,Indiana,Pacers,IND,4,101145,Monta Ellis,1610612754.0,Indiana,Pacers,IND,0,0,,,,,
0021500484,294,1,75,3,7:30 PM,8:38,,,Carter-Williams 1' Driving Finger Roll Layup (5 PTS),63 - 63,TIE,5.0,203487,Michael Carter-Williams,1610612749.0,Milwaukee,Bucks,MIL,0,0,,,,,,0,0,,,,,
0021500484,295,5,1,3,7:31 PM,8:17,George Bad Pass Turnover (P3.T14),,Parker STEAL (1 STL),,,4.0,202331,Paul George,1610612754.0,Indiana,Pacers,IND,5,203953,Jabari Parker,1610612749.0,Milwaukee,Bucks,MIL,0,0,,,,,
0021500484,296,1,1,3,7:31 PM,8:11,,,Middleton 24' 3PT Jump Shot (18 PTS) (Carter-Williams 4 AST),66 - 63,-3,5.0,203114,Khris Middleton,1610612749.0,Milwaukee,Bucks,MIL,5,203487,Michael Carter-Williams,1610612749.0,Milwaukee,Bucks,MIL,0,0,,,,,
0021500484,298,5,11,3,7:32 PM,7:46,PACERS Turnover: Shot Clock (T#15),,,,,2.0,1610612754,,,,,,0,0,,,,,,1,0,,,,,
0021500484,299,1,5,3,7:32 PM,7:36,,,Monroe 2' Layup (19 PTS) (Carter-Williams 5 AST),68 - 63,-5,5.0,202328,Greg Monroe,1610612749.0,Milwaukee,Bucks,MIL,5,203487,Michael Carter-Williams,1610612749.0,Milwaukee,Bucks,MIL,0,0,,,,,
0021500484,300,9,1,3,7:32 PM,7:36,PACERS Timeout: Regular (Full 3 Short 1),,,,,2.0,1610612754,,,,,,0,0,,,,,,0,0,,,,,
0021500484,304,7,2,3,7:35 PM,7:19,,,Carter-Williams Violation:Defensive Goaltending (J.Orr),,,5.0,203487,Michael Carter-Williams,1610612749.0,Milwaukee,Bucks,MIL,0,0,,,,,,1,0,,,,,
0021500484,303,1,1,3,7:35 PM,7:19,Ellis 10' Jump Shot (5 PTS),,,68 - 65,-3,4.0,101145,Monta Ellis,1610612754.0,Indiana,Pacers,IND,0,0,,,,,,0,0,,,,,
0021500484,305,1,79,3,7:35 PM,6:58,,,Middleton 16' Pullup Jump Shot (20 PTS),70 - 65,-5,5.0,203114,Khris Middleton,1610612749.0,Milwaukee,Bucks,MIL,0,0,,,,,,0,0,,,,,
0021500484,306,6,2,3,7:35 PM,6:58,Ellis S.FOUL (P4.T2) (N.Buchert),,,,,4.0,101145,Monta Ellis,1610612754.0,Indiana,Pacers,IND,5,203114,Khris Middleton,1610612749.0,Milwaukee,Bucks,MIL,1,0,,,,,
0021500484,307,3,10,3,7:35 PM,6:58,,,Middleton Free Throw 1 of 1 (21 PTS),71 - 65,-6,5.0,203114,Khris Middleton,1610612749.0,Milwaukee,Bucks,MIL,0,0,,,,,,0,0,,,,,
0021500484,309,2,1,3,7:36 PM,6:44,MISS Miles 26' 3PT Jump Shot,,,,,4.0,101139,CJ Miles,1610612754.0,Indiana,Pacers,IND,0,0,,,,,,0,0,,,,,
0021500484,310,4,0,3,7:36 PM,6:44,,,Middleton REBOUND (Off:0 Def:3),,,5.0,203114,Khris Middleton,1610612749.0,Milwaukee,Bucks,MIL,0,0,,,,,,0,0,,,,,
0021500484,311,1,76,3,7:36 PM,6:38,,,Middleton 1' Running Finger Roll Layup (23 PTS),73 - 65,-8,5.0,203114,Khris Middleton,1610612749.0,Milwaukee,Bucks,MIL,0,0,,,,,,0,0,,,,,
0021500484,312,5,1,3,7:36 PM,6:22,Ellis Bad Pass Turnover (P6.T16),,Carter-Williams STEAL (3 STL),,,4.0,101145,Monta Ellis,1610612754.0,Indiana,Pacers,IND,5,203487,Michael Carter-Williams,1610612749.0,Milwaukee,Bucks,MIL,0,0,,,,,
0021500484,313,1,41,3,7:36 PM,6:17,,,Antetokounmpo 1' Running Layup (13 PTS) (Carter-Williams 6 AST),75 - 65,-10,5.0,203507,Giannis Antetokounmpo,1610612749.0,Milwaukee,Bucks,MIL,5,203487,Michael Carter-Williams,1610612749.0,Milwaukee,Bucks,MIL,0,0,,,,,
0021500484,314,1,75,3,7:37 PM,6:01,Ellis 1' Driving Finger Roll Layup (7 PTS),,,75 - 67,-8,4.0,101145,Monta Ellis,1610612754.0,Indiana,Pacers,IND,0,0,,,,,,0,0,,,,,
0021500484,315,6,26,3,7:37 PM,5:45,,,Middleton Offensive Charge Foul (P3.T2) (J.Goble),,,5.0,203114,Khris Middleton,1610612749.0,Milwaukee,Bucks,MIL,4,101145,Monta Ellis,1610612754.0,Indiana,Pacers,IND,1,0,,,,,
0021500484,316,5,5,3,7:37 PM,5:45,,,Middleton Foul Turnover (P1.T11),,,5.0,203114,Khris Middleton,1610612749.0,Milwaukee,Bucks,MIL,0,0,,,,,,1,0,,,,,
0021500484,317,8,0,3,7:37 PM,5:45,,,SUB: Henson FOR Monroe,,,5.0,202328,Greg Monroe,1610612749.0,Milwaukee,Bucks,MIL,5,203089,John Henson,1610612749.0,Milwaukee,Bucks,MIL,0,0,,,,,
0021500484,318,8,0,3,7:37 PM,5:45,SUB: Stuckey FOR Allen,,,,,4.0,202730,Lavoy Allen,1610612754.0,Indiana,Pacers,IND,4,201155,Rodney Stuckey,1610612754.0,Indiana,Pacers,IND,0,0,,,,,
0021500484,319,8,0,3,7:37 PM,5:45,SUB: Turner FOR Ellis,,,,,4.0,101145,Monta Ellis,1610612754.0,Indiana,Pacers,IND,4,1626167,Myles Turner,1610612754.0,Indiana,Pacers,IND,0,0,,,,,
0021500484,320,2,1,3,7:38 PM,5:30,MISS G. Hill 24' 3PT Jump Shot,,,,,4.0,201588,George Hill,1610612754.0,Indiana,Pacers,IND,0,0,,,,,,0,0,,,,,
0021500484,321,4,0,3,7:38 PM,5:30,,,Parker REBOUND (Off:1 Def:2),,,5.0,203953,Jabari Parker,1610612749.0,Milwaukee,Bucks,MIL,0,0,,,,,,0,0,,,,,
0021500484,323,2,1,3,7:38 PM,5:07,,,MISS Antetokounmpo 19' Jump Shot,,,5.0,203507,Giannis Antetokounmpo,1610612749.0,Milwaukee,Bucks,MIL,0,0,,,,,,0,0,,,,,
0021500484,324,4,0,3,7:38 PM,5:04,,,Middleton REBOUND (Off:1 Def:3),,,5.0,203114,Khris Middleton,1610612749.0,Milwaukee,Bucks,MIL,0,0,,,,,,0,0,,,,,
0021500484,325,1,47,3,7:39 PM,4:50,,,Carter-Williams 5' Turnaround Jump Shot (7 PTS),77 - 67,-10,5.0,203487,Michael Carter-Williams,1610612749.0,Milwaukee,Bucks,MIL,0,0,,,,,,0,0,,,,,
0021500484,326,2,1,3,7:39 PM,4:42,MISS George 25' 3PT Jump Shot,,,,,4.0,202331,Paul George,1610612754.0,Indiana,Pacers,IND,0,0,,,,,,0,0,,,,,
0021500484,327,4,0,3,7:39 PM,4:41,,,Middleton REBOUND (Off:1 Def:4),,,5.0,203114,Khris Middleton,1610612749.0,Milwaukee,Bucks,MIL,0,0,,,,,,0,0,,,,,
0021500484,328,6,1,3,7:39 PM,4:35,G. Hill P.FOUL (P1.T3) (J.Goble),,,,,4.0,201588,George Hill,1610612754.0,Indiana,Pacers,IND,5,203487,Michael Carter-Williams,1610612749.0,Milwaukee,Bucks,MIL,1,0,,,,,
0021500484,329,8,0,3,7:39 PM,4:35,,,SUB: Mayo FOR Antetokounmpo,,,5.0,203507,Giannis Antetokounmpo,1610612749.0,Milwaukee,Bucks,MIL,5,201564,O.J. Mayo,1610612749.0,Milwaukee,Bucks,MIL,0,0,,,,,
0021500484,330,1,79,3,7:39 PM,4:23,,,Middleton 19' Pullup Jump Shot (25 PTS),79 - 67,-12,5.0,203114,Khris Middleton,1610612749.0,Milwaukee,Bucks,MIL,0,0,,,,,,0,0,,,,,
0021500484,331,1,5,3,7:40 PM,4:04,Turner 2' Layup (7 PTS),,,79 - 69,-10,4.0,1626167,Myles Turner,1610612754.0,Indiana,Pacers,IND,0,0,,,,,,0,0,,,,,
0021500484,332,1,108,3,7:40 PM,3:51,,,Parker  Cutting Dunk Shot (8 PTS) (Carter-Williams 7 AST),81 - 69,-12,5.0,203953,Jabari Parker,1610612749.0,Milwaukee,Bucks,MIL,5,203487,Michael Carter-Williams,1610612749.0,Milwaukee,Bucks,MIL,0,0,,,,,
0021500484,333,9,2,3,7:40 PM,3:51,PACERS Timeout: Short (Full 3 Short 2),,,,,2.0,1610612754,,,,,,0,0,,,,,,0,0,,,,,
0021500484,335,8,0,3,7:41 PM,3:51,SUB: S. Hill FOR Miles,,,,,4.0,101139,CJ Miles,1610612754.0,Indiana,Pacers,IND,4,203524,Solomon Hill,1610612754.0,Indiana,Pacers,IND,0,0,,,,,
0021500484,336,6,1,3,7:41 PM,3:36,,,Mayo P.FOUL (P2.T3) (N.Buchert),,,5.0,201564,O.J. Mayo,1610612749.0,Milwaukee,Bucks,MIL,4,202331,Paul George,1610612754.0,Indiana,Pacers,IND,1,0,,,,,
0021500484,337,2,1,3,7:42 PM,3:32,MISS Turner 20' Jump Shot,,,,,4.0,1626167,Myles Turner,1610612754.0,Indiana,Pacers,IND,0,0,,,,,,0,0,,,,,
0021500484,338,4,0,3,7:42 PM,3:31,George REBOUND (Off:2 Def:1),,,,,4.0,202331,Paul George,1610612754.0,Indiana,Pacers,IND,0,0,,,,,,0,0,,,,,
0021500484,339,6,3,3,7:42 PM,3:31,,,Carter-Williams L.B.FOUL (P3.T4) (J.Goble),,,5.0,203487,Michael Carter-Williams,1610612749.0,Milwaukee,Bucks,MIL,4,202331,Paul George,1610612754.0,Indiana,Pacers,IND,1,0,,,,,
0021500484,340,1,1,3,7:42 PM,3:21,G. Hill 25' 3PT Jump Shot (11 PTS) (George 5 AST),,,81 - 72,-9,4.0,201588,George Hill,1610612754.0,Indiana,Pacers,IND,4,202331,Paul George,1610612754.0,Indiana,Pacers,IND,0,0,,,,,
0021500484,341,2,1,3,7:43 PM,3:03,,,MISS Mayo 24' 3PT Jump Shot,,,5.0,201564,O.J. Mayo,1610612749.0,Milwaukee,Bucks,MIL,0,0,,,,,,0,0,,,,,
0021500484,342,4,0,3,7:43 PM,3:02,G. Hill REBOUND (Off:1 Def:3),,,,,4.0,201588,George Hill,1610612754.0,Indiana,Pacers,IND,0,0,,,,,,0,0,,,,,
0021500484,343,2,42,3,7:43 PM,2:40,MISS S. Hill  Driving Layup,,Henson BLOCK (1 BLK),,,4.0,203524,Solomon Hill,1610612754.0,Indiana,Pacers,IND,0,0,,,,,,5,203089,John Henson,1610612749.0,Milwaukee,Bucks,MIL
0021500484,344,4,0,3,7:43 PM,2:39,,,Carter-Williams REBOUND (Off:0 Def:4),,,5.0,203487,Michael Carter-Williams,1610612749.0,Milwaukee,Bucks,MIL,0,0,,,,,,0,0,,,,,
0021500484,345,1,43,3,7:43 PM,2:19,,,Henson 1' Alley Oop Layup (4 PTS) (Mayo 2 AST),83 - 72,-11,5.0,203089,John Henson,1610612749.0,Milwaukee,Bucks,MIL,5,201564,O.J. Mayo,1610612749.0,Milwaukee,Bucks,MIL,0,0,,,,,
0021500484,346,5,2,3,7:43 PM,2:09,G. Hill Lost Ball Turnover (P2.T17),,Middleton STEAL (2 STL),,,4.0,201588,George Hill,1610612754.0,Indiana,Pacers,IND,5,203114,Khris Middleton,1610612749.0,Milwaukee,Bucks,MIL,0,0,,,,,
0021500484,347,1,106,3,7:44 PM,2:05,,,Parker  Running Alley Oop Dunk Shot (10 PTS) (Middleton 4 AST),85 - 72,-13,5.0,203953,Jabari Parker,1610612749.0,Milwaukee,Bucks,MIL,5,203114,Khris Middleton,1610612749.0,Milwaukee,Bucks,MIL,0,0,,,,,
0021500484,348,1,79,3,7:44 PM,1:45,Stuckey 20' Pullup Jump Shot (8 PTS),,,85 - 74,-11,4.0,201155,Rodney Stuckey,1610612754.0,Indiana,Pacers,IND,0,0,,,,,,0,0,,,,,
0021500484,349,1,79,3,7:44 PM,1:24,,,Parker 18' Pullup Jump Shot (12 PTS) (Carter-Williams 8 AST),87 - 74,-13,5.0,203953,Jabari Parker,1610612749.0,Milwaukee,Bucks,MIL,5,203487,Michael Carter-Williams,1610612749.0,Milwaukee,Bucks,MIL,0,0,,,,,
0021500484,350,6,26,3,7:44 PM,1:12,George Offensive Charge Foul (P4.T4) (N.Buchert),,,,,4.0,202331,Paul George,1610612754.0,Indiana,Pacers,IND,5,201564,O.J. Mayo,1610612749.0,Milwaukee,Bucks,MIL,1,0,,,,,
0021500484,351,5,5,3,7:44 PM,1:12,George Foul Turnover (P4.T18),,,,,4.0,202331,Paul George,1610612754.0,Indiana,Pacers,IND,0,0,,,,,,1,0,,,,,
0021500484,352,8,0,3,7:45 PM,1:12,,,SUB: Bayless FOR Parker,,,5.0,203953,Jabari Parker,1610612749.0,Milwaukee,Bucks,MIL,5,201573,Jerryd Bayless,1610612749.0,Milwaukee,Bucks,MIL,0,0,,,,,
0021500484,353,8,0,3,7:45 PM,1:12,,,SUB: Antetokounmpo FOR Carter-Williams,,,5.0,203487,Michael Carter-Williams,1610612749.0,Milwaukee,Bucks,MIL,5,203507,Giannis Antetokounmpo,1610612749.0,Milwaukee,Bucks,MIL,0,0,,,,,
0021500484,354,8,0,3,7:45 PM,1:12,SUB: Budinger FOR George,,,,,4.0,202331,Paul George,1610612754.0,Indiana,Pacers,IND,4,201978,Chase Budinger,1610612754.0,Indiana,Pacers,IND,0,0,,,,,
0021500484,355,2,5,3,7:45 PM,0:52,,,MISS Antetokounmpo 1' Layup,,,5.0,203507,Giannis Antetokounmpo,1610612749.0,Milwaukee,Bucks,MIL,0,0,,,,,,0,0,,,,,
0021500484,356,4,0,3,7:45 PM,0:50,,,Mayo REBOUND (Off:1 Def:1),,,5.0,201564,O.J. Mayo,1610612749.0,Milwaukee,Bucks,MIL,0,0,,,,,,0,0,,,,,
0021500484,357,6,2,3,7:45 PM,0:49,Turner S.FOUL (P2.PN) (N.Buchert),,,,,4.0,1626167,Myles Turner,1610612754.0,Indiana,Pacers,IND,5,201564,O.J. Mayo,1610612749.0,Milwaukee,Bucks,MIL,1,0,,,,,
0021500484,358,3,11,3,7:45 PM,0:49,,,Mayo Free Throw 1 of 2 (3 PTS),88 - 74,-14,5.0,201564,O.J. Mayo,1610612749.0,Milwaukee,Bucks,MIL,0,0,,,,,,0,0,,,,,
0021500484,360,3,12,3,7:46 PM,0:49,,,Mayo Free Throw 2 of 2 (4 PTS),89 - 74,-15,5.0,201564,O.J. Mayo,1610612749.0,Milwaukee,Bucks,MIL,0,0,,,,,,0,0,,,,,
0021500484,362,6,27,3,7:46 PM,0:34,,,Bayless Personal Block Foul (P3.PN) (J.Orr),,,5.0,201573,Jerryd Bayless,1610612749.0,Milwaukee,Bucks,MIL,4,201588,George Hill,1610612754.0,Indiana,Pacers,IND,1,0,,,,,
0021500484,363,2,1,3,7:47 PM,0:26,MISS Budinger 24' 3PT Jump Shot,,,,,4.0,201978,Chase Budinger,1610612754.0,Indiana,Pacers,IND,0,0,,,,,,0,0,,,,,
0021500484,364,4,0,3,7:47 PM,0:26,PACERS Rebound,,,,,2.0,1610612754,,,,,,0,0,,,,,,0,0,,,,,
0021500484,365,6,3,3,7:47 PM,0:26,,,Bayless L.B.FOUL (P4.PN) (J.Orr),,,5.0,201573,Jerryd Bayless,1610612749.0,Milwaukee,Bucks,MIL,4,1626167,Myles Turner,1610612754.0,Indiana,Pacers,IND,1,0,,,,,
0021500484,366,3,11,3,7:47 PM,0:26,MISS Turner Free Throw 1 of 2,,,,,4.0,1626167,Myles Turner,1610612754.0,Indiana,Pacers,IND,0,0,,,,,,0,0,,,,,
0021500484,367,4,1,3,7:47 PM,0:26,PACERS Rebound,,,,,2.0,1610612754,,,,,,0,0,,,,,,0,0,,,,,
0021500484,368,3,12,3,7:47 PM,0:26,Turner Free Throw 2 of 2 (8 PTS),,,89 - 75,-14,4.0,1626167,Myles Turner,1610612754.0,Indiana,Pacers,IND,0,0,,,,,,0,0,,,,,
0021500484,370,6,2,3,7:48 PM,0:06,Budinger S.FOUL (P1.PN) (J.Orr),,,,,4.0,201978,Chase Budinger,1610612754.0,Indiana,Pacers,IND,5,203089,John Henson,1610612749.0,Milwaukee,Bucks,MIL,1,0,,,,,
0021500484,371,3,11,3,7:48 PM,0:06,,,MISS Henson Free Throw 1 of 2,,,5.0,203089,John Henson,1610612749.0,Milwaukee,Bucks,MIL,0,0,,,,,,0,0,,,,,
0021500484,372,4,1,3,7:48 PM,0:06,,,Bucks Rebound,,,3.0,1610612749,,,,,,0,0,,,,,,0,0,,,,,
0021500484,373,3,12,3,7:48 PM,0:06,,,MISS Henson Free Throw 2 of 2,,,5.0,203089,John Henson,1610612749.0,Milwaukee,Bucks,MIL,0,0,,,,,,0,0,,,,,
0021500484,375,4,0,3,7:48 PM,0:06,Turner REBOUND (Off:2 Def:7),,,,,4.0,1626167,Myles Turner,1610612754.0,Indiana,Pacers,IND,0,0,,,,,,0,0,,,,,
0021500484,376,6,2,3,7:49 PM,0:00,,,Henson S.FOUL (P2.PN) (J.Orr),,,5.0,203089,John Henson,1610612749.0,Milwaukee,Bucks,MIL,4,203524,Solomon Hill,1610612754.0,Indiana,Pacers,IND,1,0,,,,,
0021500484,377,6,11,3,7:49 PM,0:00,,,Monroe T.FOUL (P1.PN) (J.Orr),,,5.0,202328,Greg Monroe,1610612749.0,Milwaukee,Bucks,MIL,0,0,,,,,,1,0,,,,,
0021500484,378,3,16,3,7:50 PM,0:00,MISS Stuckey Free Throw Technical,,,,,4.0,201155,Rodney Stuckey,1610612754.0,Indiana,Pacers,IND,0,0,,,,,,0,0,,,,,
0021500484,386,4,0,3,7:50 PM,0:00,PACERS Rebound,,,,,2.0,1610612754,,,,,,0,0,,,,,,0,0,,,,,
0021500484,380,3,11,3,7:50 PM,0:00,S. Hill Free Throw 1 of 2 (1 PTS),,,89 - 76,-13,4.0,203524,Solomon Hill,1610612754.0,Indiana,Pacers,IND,0,0,,,,,,0,0,,,,,
0021500484,382,3,12,3,7:50 PM,0:00,S. Hill Free Throw 2 of 2 (2 PTS),,,89 - 77,-12,4.0,203524,Solomon Hill,1610612754.0,Indiana,Pacers,IND,0,0,,,,,,0,0,,,,,
0021500484,384,13,0,3,7:50 PM,0:00,,,,89 - 77,-12,0.0,0,,,,,,0,0,,,,,,0,0,,,,,
0021500484,387,12,0,4,7:53 PM,12:00,,,,89 - 77,-12,0.0,0,,,,,,0,0,,,,,,0,0,,,,,
0021500484,388,2,3,4,7:53 PM,11:39,,,MISS Monroe 2' Hook Shot,,,5.0,202328,Greg Monroe,1610612749.0,Milwaukee,Bucks,MIL,0,0,,,,,,0,0,,,,,
0021500484,389,4,0,4,7:53 PM,11:39,Whittington REBOUND (Off:0 Def:1),,,,,4.0,203963,Shayne Whittington,1610612754.0,Indiana,Pacers,IND,0,0,,,,,,0,0,,,,,
0021500484,390,5,1,4,7:53 PM,11:30,Ellis Bad Pass Turnover (P7.T19),,Antetokounmpo STEAL (2 STL),,,4.0,101145,Monta Ellis,1610612754.0,Indiana,Pacers,IND,5,203507,Giannis Antetokounmpo,1610612749.0,Milwaukee,Bucks,MIL,0,0,,,,,
0021500484,391,6,1,4,7:53 PM,11:26,Stuckey P.FOUL (P1.T1) (J.Goble),,,,,4.0,201155,Rodney Stuckey,1610612754.0,Indiana,Pacers,IND,5,203507,Giannis Antetokounmpo,1610612749.0,Milwaukee,Bucks,MIL,1,0,,,,,
0021500484,392,1,71,4,7:54 PM,11:15,,,Monroe 1' Finger Roll Layup (21 PTS),91 - 77,-14,5.0,202328,Greg Monroe,1610612749.0,Milwaukee,Bucks,MIL,0,0,,,,,,0,0,,,,,
0021500484,393,5,1,4,7:54 PM,10:52,Ellis Bad Pass Turnover (P8.T20),,Antetokounmpo STEAL (3 STL),,,4.0,101145,Monta Ellis,1610612754.0,Indiana,Pacers,IND,5,203507,Giannis Antetokounmpo,1610612749.0,Milwaukee,Bucks,MIL,0,0,,,,,
0021500484,394,6,2,4,7:54 PM,10:48,Budinger S.FOUL (P2.T2) (J.Orr),,,,,4.0,201978,Chase Budinger,1610612754.0,Indiana,Pacers,IND,5,201564,O.J. Mayo,1610612749.0,Milwaukee,Bucks,MIL,1,0,,,,,
0021500484,395,3,11,4,7:54 PM,10:48,,,Mayo Free Throw 1 of 2 (5 PTS),92 - 77,-15,5.0,201564,O.J. Mayo,1610612749.0,Milwaukee,Bucks,MIL,0,0,,,,,,0,0,,,,,
0021500484,397,3,12,4,7:54 PM,10:48,,,Mayo Free Throw 2 of 2 (6 PTS),93 - 77,-16,5.0,201564,O.J. Mayo,1610612749.0,Milwaukee,Bucks,MIL,0,0,,,,,,0,0,,,,,
0021500484,399,2,1,4,7:55 PM,10:34,MISS Stuckey 13' Jump Shot,,Carter-Williams BLOCK (3 BLK),,,4.0,201155,Rodney Stuckey,1610612754.0,Indiana,Pacers,IND,0,0,,,,,,5,203487,Michael Carter-Williams,1610612749.0,Milwaukee,Bucks,MIL
0021500484,400,4,0,4,7:55 PM,10:34,PACERS Rebound,,,,,2.0,1610612754,,,,,,0,0,,,,,,0,0,,,,,
0021500484,401,1,98,4,7:55 PM,10:30,Ellis 2' Cutting Layup Shot (9 PTS) (Whittington 1 AST),,,93 - 79,-14,4.0,101145,Monta Ellis,1610612754.0,Indiana,Pacers,IND,4,203963,Shayne Whittington,1610612754.0,Indiana,Pacers,IND,0,0,,,,,
0021500484,402,6,1,4,7:56 PM,10:19,Whittington P.FOUL (P1.T3) (J.Goble),,,,,4.0,203963,Shayne Whittington,1610612754.0,Indiana,Pacers,IND,5,203507,Giannis Antetokounmpo,1610612749.0,Milwaukee,Bucks,MIL,1,0,,,,,
0021500484,403,2,5,4,7:56 PM,10:11,Whittington BLOCK (1 BLK),,MISS Antetokounmpo 1' Layup,,,5.0,203507,Giannis Antetokounmpo,1610612749.0,Milwaukee,Bucks,MIL,0,0,,,,,,4,203963,Shayne Whittington,1610612754.0,Indiana,Pacers,IND
0021500484,404,4,0,4,7:56 PM,10:11,PACERS Rebound,,,,,2.0,1610612754,,,,,,0,0,,,,,,0,0,,,,,
0021500484,405,1,46,4,7:56 PM,9:52,Ellis 9' Running Jump Shot (11 PTS),,,93 - 81,-12,4.0,101145,Monta Ellis,1610612754.0,Indiana,Pacers,IND,0,0,,,,,,0,0,,,,,
0021500484,407,6,11,4,7:57 PM,9:40,Ellis T.FOUL (P4.T3) (J.Goble),,,,,4.0,101145,Monta Ellis,1610612754.0,Indiana,Pacers,IND,0,0,,,,,,1,0,,,,,
0021500484,408,3,16,4,7:57 PM,9:40,,,Mayo Free Throw Technical (7 PTS),94 - 81,-13,5.0,201564,O.J. Mayo,1610612749.0,Milwaukee,Bucks,MIL,0,0,,,,,,0,0,,,,,
0021500484,410,8,0,4,7:57 PM,9:40,SUB: G. Hill FOR Ellis,,,,,4.0,101145,Monta Ellis,1610612754.0,Indiana,Pacers,IND,4,201588,George Hill,1610612754.0,Indiana,Pacers,IND,0,0,,,,,
0021500484,411,1,58,4,7:58 PM,9:25,,,Monroe 5' Turnaround Hook Shot (23 PTS),96 - 81,-15,5.0,202328,Greg Monroe,1610612749.0,Milwaukee,Bucks,MIL,0,0,,,,,,0,0,,,,,
0021500484,412,2,79,4,7:58 PM,9:07,MISS Stuckey 14' Pullup Jump Shot,,,,,4.0,201155,Rodney Stuckey,1610612754.0,Indiana,Pacers,IND,0,0,,,,,,0,0,,,,,
0021500484,413,4,0,4,7:58 PM,9:04,,,Bayless REBOUND (Off:0 Def:1),,,5.0,201573,Jerryd Bayless,1610612749.0,Milwaukee,Bucks,MIL,0,0,,,,,,0,0,,,,,
0021500484,414,5,1,4,7:58 PM,8:54,Budinger STEAL (2 STL),,Monroe Bad Pass Turnover (P1.T12),,,5.0,202328,Greg Monroe,1610612749.0,Milwaukee,Bucks,MIL,4,201978,Chase Budinger,1610612754.0,Indiana,Pacers,IND,0,0,,,,,
0021500484,415,6,1,4,7:58 PM,8:47,,,Antetokounmpo P.FOUL (P1.T1) (J.Orr),,,5.0,203507,Giannis Antetokounmpo,1610612749.0,Milwaukee,Bucks,MIL,4,201588,George Hill,1610612754.0,Indiana,Pacers,IND,1,0,,,,,
0021500484,416,9,4,4,7:58 PM,8:47,,,,,,1.0,0,,,,,,0,0,,,,,,0,0,,,,,
0021500484,418,8,0,4,8:00 PM,8:47,SUB: George FOR Budinger,,,,,4.0,201978,Chase Budinger,1610612754.0,Indiana,Pacers,IND,4,202331,Paul George,1610612754.0,Indiana,Pacers,IND,0,0,,,,,
0021500484,419,6,1,4,8:01 PM,8:41,,,Mayo P.FOUL (P3.T2) (J.Goble),,,5.0,201564,O.J. Mayo,1610612749.0,Milwaukee,Bucks,MIL,4,202331,Paul George,1610612754.0,Indiana,Pacers,IND,1,0,,,,,
0021500484,420,1,80,4,8:01 PM,8:32,Allen 12' Step Back Jump Shot (14 PTS) (Whittington 2 AST),,,96 - 83,-13,4.0,202730,Lavoy Allen,1610612754.0,Indiana,Pacers,IND,4,203963,Shayne Whittington,1610612754.0,Indiana,Pacers,IND,0,0,,,,,
0021500484,421,1,1,4,8:02 PM,8:18,,,Bayless 25' 3PT Jump Shot (8 PTS) (Mayo 3 AST),99 - 83,-16,5.0,201573,Jerryd Bayless,1610612749.0,Milwaukee,Bucks,MIL,5,201564,O.J. Mayo,1610612749.0,Milwaukee,Bucks,MIL,0,0,,,,,
0021500484,422,1,42,4,8:02 PM,7:59,Whittington 1' Driving Layup (2 PTS),,,99 - 85,-14,4.0,203963,Shayne Whittington,1610612754.0,Indiana,Pacers,IND,0,0,,,,,,0,0,,,,,
0021500484,424,8,0,4,8:02 PM,7:42,,,SUB: Middleton FOR Mayo,,,5.0,201564,O.J. Mayo,1610612749.0,Milwaukee,Bucks,MIL,5,203114,Khris Middleton,1610612749.0,Milwaukee,Bucks,MIL,0,0,,,,,
0021500484,425,8,0,4,8:02 PM,7:42,SUB: Ellis FOR Stuckey,,,,,4.0,201155,Rodney Stuckey,1610612754.0,Indiana,Pacers,IND,4,101145,Monta Ellis,1610612754.0,Indiana,Pacers,IND,0,0,,,,,
0021500484,426,2,1,4,8:03 PM,7:39,Ellis BLOCK (2 BLK),,MISS Bayless 24' 3PT Jump Shot,,,5.0,201573,Jerryd Bayless,1610612749.0,Milwaukee,Bucks,MIL,0,0,,,,,,4,101145,Monta Ellis,1610612754.0,Indiana,Pacers,IND
0021500484,427,4,0,4,8:03 PM,7:38,,,Bayless REBOUND (Off:1 Def:1),,,5.0,201573,Jerryd Bayless,1610612749.0,Milwaukee,Bucks,MIL,0,0,,,,,,0,0,,,,,
0021500484,428,1,46,4,8:03 PM,7:34,,,Bayless 11' Running Jump Shot (10 PTS),101 - 85,-16,5.0,201573,Jerryd Bayless,1610612749.0,Milwaukee,Bucks,MIL,0,0,,,,,,0,0,,,,,
0021500484,429,6,2,4,8:03 PM,7:30,,,Monroe S.FOUL (P2.T3) (J.Goble),,,5.0,202328,Greg Monroe,1610612749.0,Milwaukee,Bucks,MIL,4,202331,Paul George,1610612754.0,Indiana,Pacers,IND,1,0,,,,,
0021500484,430,3,11,4,8:03 PM,7:30,MISS George Free Throw 1 of 2,,,,,4.0,202331,Paul George,1610612754.0,Indiana,Pacers,IND,0,0,,,,,,0,0,,,,,
0021500484,431,4,1,4,8:03 PM,7:30,PACERS Rebound,,,,,2.0,1610612754,,,,,,0,0,,,,,,0,0,,,,,
0021500484,432,3,12,4,8:03 PM,7:30,George Free Throw 2 of 2 (15 PTS),,,101 - 86,-15,4.0,202331,Paul George,1610612754.0,Indiana,Pacers,IND,0,0,,,,,,0,0,,,,,
0021500484,434,8,0,4,8:04 PM,7:16,SUB: Miles FOR Whittington,,,,,4.0,203963,Shayne Whittington,1610612754.0,Indiana,Pacers,IND,4,101139,CJ Miles,1610612754.0,Indiana,Pacers,IND,0,0,,,,,
0021500484,435,1,78,4,8:04 PM,7:10,,,Bayless 14' Floating Jump Shot (12 PTS),103 - 86,-17,5.0,201573,Jerryd Bayless,1610612749.0,Milwaukee,Bucks,MIL,0,0,,,,,,0,0,,,,,
0021500484,436,2,78,4,8:04 PM,6:58,MISS G. Hill 10' Floating Jump Shot,,,,,4.0,201588,George Hill,1610612754.0,Indiana,Pacers,IND,0,0,,,,,,0,0,,,,,
0021500484,438,4,0,4,8:04 PM,6:56,G. Hill REBOUND (Off:2 Def:3),,,,,4.0,201588,George Hill,1610612754.0,Indiana,Pacers,IND,0,0,,,,,,0,0,,,,,
0021500484,437,1,97,4,8:04 PM,6:56,G. Hill 1' Tip Layup Shot (13 PTS),,,103 - 88,-15,4.0,201588,George Hill,1610612754.0,Indiana,Pacers,IND,0,0,,,,,,0,0,,,,,
0021500484,439,2,1,4,8:05 PM,6:34,,,MISS Bayless 26' 3PT Jump Shot,,,5.0,201573,Jerryd Bayless,1610612749.0,Milwaukee,Bucks,MIL,0,0,,,,,,0,0,,,,,
0021500484,440,4,0,4,8:05 PM,6:33,Miles REBOUND (Off:0 Def:4),,,,,4.0,101139,CJ Miles,1610612754.0,Indiana,Pacers,IND,0,0,,,,,,0,0,,,,,
0021500484,441,1,1,4,8:05 PM,6:25,Miles 27' 3PT Jump Shot (16 PTS) (Ellis 5 AST),,,103 - 91,-12,4.0,101139,CJ Miles,1610612754.0,Indiana,Pacers,IND,4,101145,Monta Ellis,1610612754.0,Indiana,Pacers,IND,0,0,,,,,
0021500484,442,6,2,4,8:05 PM,6:04,G. Hill S.FOUL (P2.T4) (J.Orr),,,,,4.0,201588,George Hill,1610612754.0,Indiana,Pacers,IND,5,203114,Khris Middleton,1610612749.0,Milwaukee,Bucks,MIL,1,0,,,,,
0021500484,443,3,11,4,8:05 PM,6:04,,,Middleton Free Throw 1 of 2 (26 PTS),104 - 91,-13,5.0,203114,Khris Middleton,1610612749.0,Milwaukee,Bucks,MIL,0,0,,,,,,0,0,,,,,
0021500484,445,8,0,4,8:06 PM,6:04,,,SUB: Parker FOR Antetokounmpo,,,5.0,203507,Giannis Antetokounmpo,1610612749.0,Milwaukee,Bucks,MIL,5,203953,Jabari Parker,1610612749.0,Milwaukee,Bucks,MIL,0,0,,,,,
0021500484,446,3,12,4,8:06 PM,6:04,,,Middleton Free Throw 2 of 2 (27 PTS),105 - 91,-14,5.0,203114,Khris Middleton,1610612749.0,Milwaukee,Bucks,MIL,0,0,,,,,,0,0,,,,,
0021500484,448,7,5,4,8:06 PM,5:53,,,Middleton Violation:Kicked Ball (.),,,5.0,203114,Khris Middleton,1610612749.0,Milwaukee,Bucks,MIL,0,0,,,,,,0,0,,,,,
0021500484,449,9,1,4,8:06 PM,5:53,PACERS Timeout: Regular (Full 4 Short 2),,,,,2.0,1610612754,,,,,,0,0,,,,,,0,0,,,,,
0021500484,451,2,42,4,8:09 PM,5:43,MISS Miles 1' Driving Layup,,Monroe BLOCK (1 BLK),,,4.0,101139,CJ Miles,1610612754.0,Indiana,Pacers,IND,0,0,,,,,,5,202328,Greg Monroe,1610612749.0,Milwaukee,Bucks,MIL
0021500484,452,4,0,4,8:09 PM,5:42,,,Carter-Williams REBOUND (Off:0 Def:5),,,5.0,203487,Michael Carter-Williams,1610612749.0,Milwaukee,Bucks,MIL,0,0,,,,,,0,0,,,,,
0021500484,453,1,48,4,8:09 PM,5:36,,,Parker  Dunk (14 PTS) (Bayless 1 AST),107 - 91,-16,5.0,203953,Jabari Parker,1610612749.0,Milwaukee,Bucks,MIL,5,201573,Jerryd Bayless,1610612749.0,Milwaukee,Bucks,MIL,0,0,,,,,
0021500484,454,1,98,4,8:09 PM,5:23,George 1' Cutting Layup Shot (17 PTS) (Allen 3 AST),,,107 - 93,-14,4.0,202331,Paul George,1610612754.0,Indiana,Pacers,IND,4,202730,Lavoy Allen,1610612754.0,Indiana,Pacers,IND,0,0,,,,,
0021500484,455,1,80,4,8:09 PM,5:01,,,Middleton 17' Step Back Jump Shot (29 PTS),109 - 93,-16,5.0,203114,Khris Middleton,1610612749.0,Milwaukee,Bucks,MIL,0,0,,,,,,0,0,,,,,
0021500484,456,6,2,4,8:10 PM,4:55,,,Parker S.FOUL (P2.T4) (J.Goble),,,5.0,203953,Jabari Parker,1610612749.0,Milwaukee,Bucks,MIL,4,202331,Paul George,1610612754.0,Indiana,Pacers,IND,1,0,,,,,
0021500484,457,3,11,4,8:10 PM,4:55,George Free Throw 1 of 2 (18 PTS),,,109 - 94,-15,4.0,202331,Paul George,1610612754.0,Indiana,Pacers,IND,0,0,,,,,,0,0,,,,,
0021500484,459,3,12,4,8:10 PM,4:55,George Free Throw 2 of 2 (19 PTS),,,109 - 95,-14,4.0,202331,Paul George,1610612754.0,Indiana,Pacers,IND,0,0,,,,,,0,0,,,,,
0021500484,461,1,1,4,8:10 PM,4:41,,,Carter-Williams 11' Jump Shot (9 PTS),111 - 95,-16,5.0,203487,Michael Carter-Williams,1610612749.0,Milwaukee,Bucks,MIL,0,0,,,,,,0,0,,,,,
0021500484,462,9,1,4,8:11 PM,4:41,PACERS Timeout: Regular (Full 5 Short 2),,,,,2.0,1610612754,,,,,,0,0,,,,,,0,0,,,,,
0021500484,464,8,0,4,8:13 PM,4:41,SUB: S. Hill FOR Allen,,,,,4.0,202730,Lavoy Allen,1610612754.0,Indiana,Pacers,IND,4,203524,Solomon Hill,1610612754.0,Indiana,Pacers,IND,0,0,,,,,
0021500484,465,8,0,4,8:13 PM,4:41,,,SUB: Antetokounmpo FOR Monroe,,,5.0,202328,Greg Monroe,1610612749.0,Milwaukee,Bucks,MIL,5,203507,Giannis Antetokounmpo,1610612749.0,Milwaukee,Bucks,MIL,0,0,,,,,
0021500484,466,6,2,4,8:14 PM,4:35,,,Antetokounmpo S.FOUL (P2.PN) (N.Buchert),,,5.0,203507,Giannis Antetokounmpo,1610612749.0,Milwaukee,Bucks,MIL,4,202331,Paul George,1610612754.0,Indiana,Pacers,IND,1,0,,,,,
0021500484,467,3,11,4,8:14 PM,4:35,George Free Throw 1 of 2 (20 PTS),,,111 - 96,-15,4.0,202331,Paul George,1610612754.0,Indiana,Pacers,IND,0,0,,,,,,0,0,,,,,
0021500484,469,3,12,4,8:14 PM,4:35,George Free Throw 2 of 2 (21 PTS),,,111 - 97,-14,4.0,202331,Paul George,1610612754.0,Indiana,Pacers,IND,0,0,,,,,,0,0,,,,,
0021500484,471,5,2,4,8:14 PM,4:28,George STEAL (2 STL),,Middleton Lost Ball Turnover (P2.T13),,,5.0,203114,Khris Middleton,1610612749.0,Milwaukee,Bucks,MIL,4,202331,Paul George,1610612754.0,Indiana,Pacers,IND,0,0,,,,,
0021500484,472,6,29,4,8:14 PM,4:26,,,Middleton Shooting Block Foul (P4.PN) (J.Orr),,,5.0,203114,Khris Middleton,1610612749.0,Milwaukee,Bucks,MIL,4,202331,Paul George,1610612754.0,Indiana,Pacers,IND,1,0,,,,,
0021500484,473,6,11,4,8:15 PM,4:26,,,Middleton T.FOUL (P4.PN) (J.Orr),,,5.0,203114,Khris Middleton,1610612749.0,Milwaukee,Bucks,MIL,0,0,,,,,,1,0,,,,,
0021500484,474,3,16,4,8:15 PM,4:26,George Free Throw Technical (22 PTS),,,111 - 98,-13,4.0,202331,Paul George,1610612754.0,Indiana,Pacers,IND,0,0,,,,,,0,0,,,,,
0021500484,476,3,11,4,8:15 PM,4:26,George Free Throw 1 of 2 (23 PTS),,,111 - 99,-12,4.0,202331,Paul George,1610612754.0,Indiana,Pacers,IND,0,0,,,,,,0,0,,,,,
0021500484,478,3,12,4,8:15 PM,4:26,George Free Throw 2 of 2 (24 PTS),,,111 - 100,-11,4.0,202331,Paul George,1610612754.0,Indiana,Pacers,IND,0,0,,,,,,0,0,,,,,
0021500484,480,6,1,4,8:16 PM,4:22,G. Hill P.FOUL (P3.PN) (J.Orr),,,,,4.0,201588,George Hill,1610612754.0,Indiana,Pacers,IND,5,201573,Jerryd Bayless,1610612749.0,Milwaukee,Bucks,MIL,1,0,,,,,
0021500484,481,3,11,4,8:16 PM,4:22,,,Bayless Free Throw 1 of 2 (13 PTS),112 - 100,-12,5.0,201573,Jerryd Bayless,1610612749.0,Milwaukee,Bucks,MIL,0,0,,,,,,0,0,,,,,
0021500484,483,3,12,4,8:16 PM,4:22,,,Bayless Free Throw 2 of 2 (14 PTS),113 - 100,-13,5.0,201573,Jerryd Bayless,1610612749.0,Milwaukee,Bucks,MIL,0,0,,,,,,0,0,,,,,
0021500484,485,2,1,4,8:17 PM,4:14,MISS George 12' Jump Shot,,Antetokounmpo BLOCK (4 BLK),,,4.0,202331,Paul George,1610612754.0,Indiana,Pacers,IND,0,0,,,,,,5,203507,Giannis Antetokounmpo,1610612749.0,Milwaukee,Bucks,MIL
0021500484,486,4,0,4,8:17 PM,4:13,,,Antetokounmpo REBOUND (Off:0 Def:5),,,5.0,203507,Giannis Antetokounmpo,1610612749.0,Milwaukee,Bucks,MIL,0,0,,,,,,0,0,,,,,
0021500484,487,6,3,4,8:17 PM,4:13,George L.B.FOUL (P5.PN) (J.Orr),,,,,4.0,202331,Paul George,1610612754.0,Indiana,Pacers,IND,5,203507,Giannis Antetokounmpo,1610612749.0,Milwaukee,Bucks,MIL,1,0,,,,,
0021500484,488,3,11,4,8:17 PM,4:13,,,Antetokounmpo Free Throw 1 of 2 (14 PTS),114 - 100,-14,5.0,203507,Giannis Antetokounmpo,1610612749.0,Milwaukee,Bucks,MIL,0,0,,,,,,0,0,,,,,
0021500484,490,3,12,4,8:17 PM,4:13,,,MISS Antetokounmpo Free Throw 2 of 2,,,5.0,203507,Giannis Antetokounmpo,1610612749.0,Milwaukee,Bucks,MIL,0,0,,,,,,0,0,,,,,
0021500484,492,4,0,4,8:18 PM,4:12,George REBOUND (Off:2 Def:2),,,,,4.0,202331,Paul George,1610612754.0,Indiana,Pacers,IND,0,0,,,,,,0,0,,,,,
0021500484,493,1,75,4,8:18 PM,3:55,Ellis 1' Driving Finger Roll Layup (13 PTS),,,114 - 102,-12,4.0,101145,Monta Ellis,1610612754.0,Indiana,Pacers,IND,0,0,,,,,,0,0,,,,,
0021500484,494,6,1,4,8:18 PM,3:42,Ellis P.FOUL (P5.PN) (J.Goble),,,,,4.0,101145,Monta Ellis,1610612754.0,Indiana,Pacers,IND,5,203487,Michael Carter-Williams,1610612749.0,Milwaukee,Bucks,MIL,1,0,,,,,
0021500484,495,3,11,4,8:18 PM,3:42,,,Carter-Williams Free Throw 1 of 2 (10 PTS),115 - 102,-13,5.0,203487,Michael Carter-Williams,1610612749.0,Milwaukee,Bucks,MIL,0,0,,,,,,0,0,,,,,
0021500484,497,3,12,4,8:19 PM,3:42,,,MISS Carter-Williams Free Throw 2 of 2,,,5.0,203487,Michael Carter-Williams,1610612749.0,Milwaukee,Bucks,MIL,0,0,,,,,,0,0,,,,,
0021500484,499,4,0,4,8:19 PM,3:41,George REBOUND (Off:2 Def:3),,,,,4.0,202331,Paul George,1610612754.0,Indiana,Pacers,IND,0,0,,,,,,0,0,,,,,
0021500484,500,1,80,4,8:19 PM,3:31,George 14' Step Back Jump Shot (26 PTS),,,115 - 104,-11,4.0,202331,Paul George,1610612754.0,Indiana,Pacers,IND,0,0,,,,,,0,0,,,,,
0021500484,501,5,2,4,8:19 PM,3:16,S. Hill STEAL (1 STL),,Bayless Lost Ball Turnover (P3.T14),,,5.0,201573,Jerryd Bayless,1610612749.0,Milwaukee,Bucks,MIL,4,203524,Solomon Hill,1610612754.0,Indiana,Pacers,IND,0,0,,,,,
0021500484,502,1,82,4,8:19 PM,3:11,G. Hill 5' Driving Bank Shot (15 PTS),,,115 - 106,-9,4.0,201588,George Hill,1610612754.0,Indiana,Pacers,IND,0,0,,,,,,0,0,,,,,
0021500484,503,9,1,4,8:19 PM,3:11,,,Bucks Timeout: Regular (Reg.4 Short 0),,,3.0,1610612749,,,,,,0,0,,,,,,0,0,,,,,
0021500484,505,2,42,4,8:22 PM,2:51,S. Hill BLOCK (1 BLK),,MISS Bayless 2' Driving Layup,,,5.0,201573,Jerryd Bayless,1610612749.0,Milwaukee,Bucks,MIL,0,0,,,,,,4,203524,Solomon Hill,1610612754.0,Indiana,Pacers,IND
0021500484,506,4,0,4,8:22 PM,2:51,,,Bucks Rebound,,,3.0,1610612749,,,,,,0,0,,,,,,0,0,,,,,
0021500484,507,2,5,4,8:22 PM,2:49,G. Hill BLOCK (1 BLK),,MISS Middleton 3' Layup,,,5.0,203114,Khris Middleton,1610612749.0,Milwaukee,Bucks,MIL,0,0,,,,,,4,201588,George Hill,1610612754.0,Indiana,Pacers,IND
0021500484,508,4,0,4,8:22 PM,2:48,G. Hill REBOUND (Off:2 Def:4),,,,,4.0,201588,George Hill,1610612754.0,Indiana,Pacers,IND,0,0,,,,,,0,0,,,,,
0021500484,509,1,1,4,8:22 PM,2:43,George 26' 3PT Jump Shot (29 PTS) (Ellis 6 AST),,,115 - 109,-6,4.0,202331,Paul George,1610612754.0,Indiana,Pacers,IND,4,101145,Monta Ellis,1610612754.0,Indiana,Pacers,IND,0,0,,,,,
0021500484,511,5,10,4,8:23 PM,2:29,,,Bucks Turnover: 8 Second Violation (T#15),,,3.0,1610612749,,,,,,0,0,,,,,,1,0,,,,,
0021500484,512,8,0,4,8:23 PM,2:29,,,SUB: Mayo FOR Bayless,,,5.0,201573,Jerryd Bayless,1610612749.0,Milwaukee,Bucks,MIL,5,201564,O.J. Mayo,1610612749.0,Milwaukee,Bucks,MIL,0,0,,,,,
0021500484,513,2,42,4,8:23 PM,2:20,MISS S. Hill 2' Driving Layup,,,,,4.0,203524,Solomon Hill,1610612754.0,Indiana,Pacers,IND,0,0,,,,,,0,0,,,,,
0021500484,514,4,0,4,8:23 PM,2:20,,,Mayo REBOUND (Off:1 Def:2),,,5.0,201564,O.J. Mayo,1610612749.0,Milwaukee,Bucks,MIL,0,0,,,,,,0,0,,,,,
0021500484,515,5,40,4,8:23 PM,2:04,,,Carter-Williams Out of Bounds Lost Ball Turnover (P4.T16),,,5.0,203487,Michael Carter-Williams,1610612749.0,Milwaukee,Bucks,MIL,0,0,,,,,,0,0,,,,,
0021500484,516,1,1,4,8:24 PM,1:58,Miles 26' 3PT Jump Shot (19 PTS) (G. Hill 3 AST),,,115 - 112,-3,4.0,101139,CJ Miles,1610612754.0,Indiana,Pacers,IND,4,201588,George Hill,1610612754.0,Indiana,Pacers,IND,0,0,,,,,
0021500484,517,9,2,4,8:24 PM,1:58,,,Bucks Timeout: Short (Reg.4 Short 1),,,3.0,1610612749,,,,,,0,0,,,,,,0,0,,,,,
0021500484,519,8,0,4,8:25 PM,1:58,,,SUB: Bayless FOR Parker,,,5.0,203953,Jabari Parker,1610612749.0,Milwaukee,Bucks,MIL,5,201573,Jerryd Bayless,1610612749.0,Milwaukee,Bucks,MIL,0,0,,,,,
0021500484,520,1,47,4,8:26 PM,1:40,,,Middleton 6' Turnaround Jump Shot (31 PTS),117 - 112,-5,5.0,203114,Khris Middleton,1610612749.0,Milwaukee,Bucks,MIL,0,0,,,,,,0,0,,,,,
0021500484,521,6,2,4,8:26 PM,1:40,S. Hill S.FOUL (P1.PN) (J.Goble),,,,,4.0,203524,Solomon Hill,1610612754.0,Indiana,Pacers,IND,5,203114,Khris Middleton,1610612749.0,Milwaukee,Bucks,MIL,1,0,,,,,
0021500484,522,3,10,4,8:26 PM,1:40,,,MISS Middleton Free Throw 1 of 1,,,5.0,203114,Khris Middleton,1610612749.0,Milwaukee,Bucks,MIL,0,0,,,,,,0,0,,,,,
0021500484,524,4,0,4,8:26 PM,1:40,George REBOUND (Off:2 Def:4),,,,,4.0,202331,Paul George,1610612754.0,Indiana,Pacers,IND,0,0,,,,,,0,0,,,,,
0021500484,525,2,1,4,8:26 PM,1:28,MISS Miles 27' 3PT Jump Shot,,,,,4.0,101139,CJ Miles,1610612754.0,Indiana,Pacers,IND,0,0,,,,,,0,0,,,,,
0021500484,526,4,0,4,8:26 PM,1:27,,,Mayo REBOUND (Off:1 Def:3),,,5.0,201564,O.J. Mayo,1610612749.0,Milwaukee,Bucks,MIL,0,0,,,,,,0,0,,,,,
0021500484,527,6,26,4,8:26 PM,1:21,,,Mayo Offensive Charge Foul (P4.PN) (J.Goble),,,5.0,201564,O.J. Mayo,1610612749.0,Milwaukee,Bucks,MIL,4,101139,CJ Miles,1610612754.0,Indiana,Pacers,IND,1,0,,,,,
0021500484,528,5,5,4,8:26 PM,1:21,,,Mayo Foul Turnover (P1.T17),,,5.0,201564,O.J. Mayo,1610612749.0,Milwaukee,Bucks,MIL,0,0,,,,,,1,0,,,,,
0021500484,529,6,29,4,8:27 PM,1:16,,,Middleton Shooting Block Foul (P5.PN) (J.Goble),,,5.0,203114,Khris Middleton,1610612749.0,Milwaukee,Bucks,MIL,4,202331,Paul George,1610612754.0,Indiana,Pacers,IND,1,0,,,,,
0021500484,530,3,11,4,8:27 PM,1:16,George Free Throw 1 of 2 (30 PTS),,,117 - 113,-4,4.0,202331,Paul George,1610612754.0,Indiana,Pacers,IND,0,0,,,,,,0,0,,,,,
0021500484,532,3,12,4,8:27 PM,1:16,George Free Throw 2 of 2 (31 PTS),,,117 - 114,-3,4.0,202331,Paul George,1610612754.0,Indiana,Pacers,IND,0,0,,,,,,0,0,,,,,
0021500484,534,2,42,4,8:28 PM,1:01,,,MISS Carter-Williams  Driving Layup,,,5.0,203487,Michael Carter-Williams,1610612749.0,Milwaukee,Bucks,MIL,0,0,,,,,,0,0,,,,,
0021500484,536,4,0,4,8:28 PM,1:00,,,Carter-Williams REBOUND (Off:1 Def:5),,,5.0,203487,Michael Carter-Williams,1610612749.0,Milwaukee,Bucks,MIL,0,0,,,,,,0,0,,,,,
0021500484,535,2,97,4,8:28 PM,1:00,,,MISS Carter-Williams 1' Tip Layup Shot,,,5.0,203487,Michael Carter-Williams,1610612749.0,Milwaukee,Bucks,MIL,0,0,,,,,,0,0,,,,,
0021500484,537,4,0,4,8:28 PM,0:58,S. Hill REBOUND (Off:0 Def:1),,,,,4.0,203524,Solomon Hill,1610612754.0,Indiana,Pacers,IND,0,0,,,,,,0,0,,,,,
0021500484,538,2,1,4,8:28 PM,0:44,MISS G. Hill  3PT Jump Shot,,,,,4.0,201588,George Hill,1610612754.0,Indiana,Pacers,IND,0,0,,,,,,0,0,,,,,
0021500484,539,4,0,4,8:28 PM,0:43,,,Antetokounmpo REBOUND (Off:0 Def:6),,,5.0,203507,Giannis Antetokounmpo,1610612749.0,Milwaukee,Bucks,MIL,0,0,,,,,,0,0,,,,,
0021500484,540,2,1,4,8:28 PM,0:24,,,MISS Middleton 22' Jump Shot,,,5.0,203114,Khris Middleton,1610612749.0,Milwaukee,Bucks,MIL,0,0,,,,,,0,0,,,,,
0021500484,541,4,0,4,8:28 PM,0:23,Miles REBOUND (Off:0 Def:5),,,,,4.0,101139,CJ Miles,1610612754.0,Indiana,Pacers,IND,0,0,,,,,,0,0,,,,,
0021500484,542,2,1,4,8:29 PM,0:13,MISS Ellis 24' 3PT Jump Shot,,,,,4.0,101145,Monta Ellis,1610612754.0,Indiana,Pacers,IND,0,0,,,,,,0,0,,,,,
0021500484,543,4,0,4,8:29 PM,0:13,,,Carter-Williams REBOUND (Off:1 Def:6),,,5.0,203487,Michael Carter-Williams,1610612749.0,Milwaukee,Bucks,MIL,0,0,,,,,,0,0,,,,,
0021500484,544,6,28,4,8:29 PM,0:13,Miles Personal Take Foul (P2.PN) (J.Orr),,,,,4.0,101139,CJ Miles,1610612754.0,Indiana,Pacers,IND,5,203487,Michael Carter-Williams,1610612749.0,Milwaukee,Bucks,MIL,1,0,,,,,
0021500484,545,3,11,4,8:29 PM,0:13,,,MISS Carter-Williams Free Throw 1 of 2,,,5.0,203487,Michael Carter-Williams,1610612749.0,Milwaukee,Bucks,MIL,0,0,,,,,,0,0,,,,,
0021500484,546,4,1,4,8:29 PM,0:13,,,Bucks Rebound,,,3.0,1610612749,,,,,,0,0,,,,,,0,0,,,,,
0021500484,547,3,12,4,8:29 PM,0:13,,,Carter-Williams Free Throw 2 of 2 (11 PTS),118 - 114,-4,5.0,203487,Michael Carter-Williams,1610612749.0,Milwaukee,Bucks,MIL,0,0,,,,,,0,0,,,,,
0021500484,549,9,1,4,8:30 PM,0:13,PACERS Timeout: Regular (Full 6 Short 2),,,,,2.0,1610612754,,,,,,0,0,,,,,,0,0,,,,,
0021500484,553,1,49,4,8:32 PM,0:07,S. Hill  Driving Dunk (4 PTS) (Ellis 7 AST),,,118 - 116,-2,4.0,203524,Solomon Hill,1610612754.0,Indiana,Pacers,IND,4,101145,Monta Ellis,1610612754.0,Indiana,Pacers,IND,0,0,,,,,
0021500484,554,6,28,4,8:32 PM,0:06,George Personal Take Foul (P6.PN) (J.Orr),,,,,4.0,202331,Paul George,1610612754.0,Indiana,Pacers,IND,5,203114,Khris Middleton,1610612749.0,Milwaukee,Bucks,MIL,1,0,,,,,
0021500484,555,8,0,4,8:32 PM,0:06,SUB: Budinger FOR George,,,,,4.0,202331,Paul George,1610612754.0,Indiana,Pacers,IND,4,201978,Chase Budinger,1610612754.0,Indiana,Pacers,IND,0,0,,,,,
0021500484,556,3,11,4,8:32 PM,0:06,,,Middleton Free Throw 1 of 2 (32 PTS),119 - 116,-3,5.0,203114,Khris Middleton,1610612749.0,Milwaukee,Bucks,MIL,0,0,,,,,,0,0,,,,,
0021500484,558,3,12,4,8:33 PM,0:06,,,Middleton Free Throw 2 of 2 (33 PTS),120 - 116,-4,5.0,203114,Khris Middleton,1610612749.0,Milwaukee,Bucks,MIL,0,0,,,,,,0,0,,,,,
0021500484,560,2,1,4,8:33 PM,0:00,MISS G. Hill 26' 3PT Jump Shot,,,,,4.0,201588,George Hill,1610612754.0,Indiana,Pacers,IND,0,0,,,,,,0,0,,,,,
0021500484,561,4,0,4,8:33 PM,0:00,PACERS Rebound,,,,,2.0,1610612754,,,,,,0,0,,,,,,0,0,,,,,
0021500484,562,13,0,4,8:33 PM,0:00,,,,120 - 116,-4,0.0,0,,,,,,0,0,,,,,,0,0,,,,,
