GAME_ID,EVENTNUM,EVENTMSGTYPE,EVENTMSGACTIONTYPE,PERIOD,WCTIMESTRING,PCTIMESTRING,HOMEDESCRIPTION,NEUTRALDESCRIPTION,VISITORDESCRIPTION,SCORE,SCOREMARGIN,PERSON1TYPE,PLAYER1_ID,PLAYER1_NAME,PLAYER1_TEAM_ID,PLAYER1_TEAM_CITY,PLAYER1_TEAM_NICKNAME,PLAYER1_TEAM_ABBREVIATION,PERSON2TYPE,PLAYER2_ID,PLAYER2_NAME,PLAYER2_TEAM_ID,PLAYER2_TEAM_CITY,PLAYER2_TEAM_NICKNAME,PLAYER2_TEAM_ABBREVIATION,PERSON3TYPE,PLAYER3_ID,PLAYER3_NAME,PLAYER3_TEAM_ID,PLAYER3_TEAM_CITY,PLAYER3_TEAM_NICKNAME,PLAYER3_TEAM_ABBREVIATION
0021500117,0,12,0,1,8:12 PM,12:00,,,,,,0.0,0,,,,,,0,0,,,,,,0,0,,,,,
0021500117,1,10,0,1,8:12 PM,12:00,Jump Ball Horford vs. Asik: Tip to Teague,,,,,4.0,201143,Al Horford,1610612737.0,Atlanta,Hawks,ATL,5,201600,Omer Asik,1610612740.0,New Orleans,Pelicans,NOP,4,201952,Jeff Teague,1610612737.0,Atlanta,Hawks,ATL
0021500117,2,5,1,1,8:13 PM,11:47,Horford Bad Pass Turnover (P1.T1),,Gordon STEAL (1 STL),,,4.0,201143,Al Horford,1610612737.0,Atlanta,Hawks,ATL,5,201569,Eric Gordon,1610612740.0,New Orleans,Pelicans,NOP,0,0,,,,,
0021500117,3,1,1,1,8:13 PM,11:27,,,Babbitt  3PT Jump Shot (3 PTS) (Gordon 1 AST),3 - 0,-3,5.0,202337,Luke Babbitt,1610612740.0,New Orleans,Pelicans,NOP,5,201569,Eric Gordon,1610612740.0,New Orleans,Pelicans,NOP,0,0,,,,,
0021500117,4,1,42,1,8:13 PM,11:10,Bazemore 2' Driving Layup (2 PTS) (Millsap 1 AST),,,3 - 2,-1,4.0,203145,Kent Bazemore,1610612737.0,Atlanta,Hawks,ATL,4,200794,Paul Millsap,1610612737.0,Atlanta,Hawks,ATL,0,0,,,,,
0021500117,5,2,1,1,8:13 PM,10:55,,,MISS Gordon 15' Jump Shot,,,5.0,201569,Eric Gordon,1610612740.0,New Orleans,Pelicans,NOP,0,0,,,,,,0,0,,,,,
0021500117,6,4,0,1,8:14 PM,10:54,Bazemore REBOUND (Off:0 Def:1),,,,,4.0,203145,Kent Bazemore,1610612737.0,Atlanta,Hawks,ATL,0,0,,,,,,0,0,,,,,
0021500117,7,6,1,1,8:14 PM,10:46,,,Babbitt P.FOUL (P1.T1) (S.Foster),,,5.0,202337,Luke Babbitt,1610612740.0,New Orleans,Pelicans,NOP,4,2594,Kyle Korver,1610612737.0,Atlanta,Hawks,ATL,1,0,,,,,
0021500117,8,1,1,1,8:14 PM,10:38,Korver 17' Jump Shot (2 PTS) (Teague 1 AST),,,3 - 4,1,4.0,2594,Kyle Korver,1610612737.0,Atlanta,Hawks,ATL,4,201952,Jeff Teague,1610612737.0,Atlanta,Hawks,ATL,0,0,,,,,
0021500117,9,6,2,1,8:14 PM,10:28,Teague S.FOUL (P1.T1) (S.Foster),,,,,4.0,201952,Jeff Teague,1610612737.0,Atlanta,Hawks,ATL,5,201600,Omer Asik,1610612740.0,New Orleans,Pelicans,NOP,1,0,,,,,
0021500117,10,3,11,1,8:14 PM,10:28,,,Asik Free Throw 1 of 2 (1 PTS),4 - 4,TIE,5.0,201600,Omer Asik,1610612740.0,New Orleans,Pelicans,NOP,0,0,,,,,,0,0,,,,,
0021500117,12,3,12,1,8:15 PM,10:28,,,MISS Asik Free Throw 2 of 2,,,5.0,201600,Omer Asik,1610612740.0,New Orleans,Pelicans,NOP,0,0,,,,,,0,0,,,,,
0021500117,14,4,0,1,8:15 PM,10:27,Bazemore REBOUND (Off:0 Def:2),,,,,4.0,203145,Kent Bazemore,1610612737.0,Atlanta,Hawks,ATL,0,0,,,,,,0,0,,,,,
0021500117,16,2,79,1,8:15 PM,10:11,MISS Teague 20' Pullup Jump Shot,,,,,4.0,201952,Jeff Teague,1610612737.0,Atlanta,Hawks,ATL,0,0,,,,,,0,0,,,,,
0021500117,17,4,0,1,8:15 PM,10:09,,,Anderson REBOUND (Off:0 Def:1),,,5.0,201583,Ryan Anderson,1610612740.0,New Orleans,Pelicans,NOP,0,0,,,,,,0,0,,,,,
0021500117,18,2,46,1,8:15 PM,10:04,Horford BLOCK (1 BLK),,MISS Gordon 4' Running Jump Shot,,,5.0,201569,Eric Gordon,1610612740.0,New Orleans,Pelicans,NOP,0,0,,,,,,4,201143,Al Horford,1610612737.0,Atlanta,Hawks,ATL
0021500117,19,4,0,1,8:15 PM,10:01,Horford REBOUND (Off:0 Def:1),,,,,4.0,201143,Al Horford,1610612737.0,Atlanta,Hawks,ATL,0,0,,,,,,0,0,,,,,
0021500117,20,5,41,1,8:16 PM,9:58,Bazemore Poss Lost Ball Turnover (P1.T2),,,,,4.0,203145,Kent Bazemore,1610612737.0,Atlanta,Hawks,ATL,0,0,,,,,,0,0,,,,,
0021500117,21,5,39,1,8:16 PM,9:44,,,Smith Step Out of Bounds Turnover (P1.T1),,,5.0,202397,Ish Smith,1610612740.0,New Orleans,Pelicans,NOP,0,0,,,,,,0,0,,,,,
0021500117,22,2,1,1,8:16 PM,9:34,MISS Korver 25' 3PT Jump Shot,,,,,4.0,2594,Kyle Korver,1610612737.0,Atlanta,Hawks,ATL,0,0,,,,,,0,0,,,,,
0021500117,23,4,0,1,8:16 PM,9:33,,,Asik REBOUND (Off:0 Def:1),,,5.0,201600,Omer Asik,1610612740.0,New Orleans,Pelicans,NOP,0,0,,,,,,0,0,,,,,
0021500117,24,2,42,1,8:17 PM,9:17,Horford BLOCK (2 BLK),,MISS Anderson 2' Driving Layup,,,5.0,201583,Ryan Anderson,1610612740.0,New Orleans,Pelicans,NOP,0,0,,,,,,4,201143,Al Horford,1610612737.0,Atlanta,Hawks,ATL
0021500117,25,4,0,1,8:17 PM,9:17,Millsap REBOUND (Off:0 Def:1),,,,,4.0,200794,Paul Millsap,1610612737.0,Atlanta,Hawks,ATL,0,0,,,,,,0,0,,,,,
0021500117,26,6,1,1,8:17 PM,9:17,,,Asik P.FOUL (P1.T2) (G.Zielinski),,,5.0,201600,Omer Asik,1610612740.0,New Orleans,Pelicans,NOP,4,200794,Paul Millsap,1610612737.0,Atlanta,Hawks,ATL,1,0,,,,,
0021500117,28,2,1,1,8:17 PM,9:03,MISS Horford 18' Jump Shot,,,,,4.0,201143,Al Horford,1610612737.0,Atlanta,Hawks,ATL,0,0,,,,,,0,0,,,,,
0021500117,29,4,0,1,8:17 PM,9:02,,,Anderson REBOUND (Off:0 Def:2),,,5.0,201583,Ryan Anderson,1610612740.0,New Orleans,Pelicans,NOP,0,0,,,,,,0,0,,,,,
0021500117,30,2,1,1,8:17 PM,8:54,,,MISS Anderson 26' 3PT Jump Shot,,,5.0,201583,Ryan Anderson,1610612740.0,New Orleans,Pelicans,NOP,0,0,,,,,,0,0,,,,,
0021500117,31,4,0,1,8:17 PM,8:53,,,Pelicans Rebound,,,3.0,1610612740,,,,,,0,0,,,,,,0,0,,,,,
0021500117,32,6,3,1,8:17 PM,8:53,Bazemore L.B.FOUL (P1.T2) (E.Roe),,,,,4.0,203145,Kent Bazemore,1610612737.0,Atlanta,Hawks,ATL,5,201600,Omer Asik,1610612740.0,New Orleans,Pelicans,NOP,1,0,,,,,
0021500117,33,5,1,1,8:17 PM,8:47,Teague STEAL (1 STL),,Smith Bad Pass Turnover (P2.T2),,,5.0,202397,Ish Smith,1610612740.0,New Orleans,Pelicans,NOP,4,201952,Jeff Teague,1610612737.0,Atlanta,Hawks,ATL,0,0,,,,,
0021500117,34,1,41,1,8:18 PM,8:43,Teague 1' Running Layup (2 PTS),,,4 - 6,2,4.0,201952,Jeff Teague,1610612737.0,Atlanta,Hawks,ATL,0,0,,,,,,0,0,,,,,
0021500117,36,2,1,1,8:18 PM,8:27,,,MISS Anderson 25' 3PT Jump Shot,,,5.0,201583,Ryan Anderson,1610612740.0,New Orleans,Pelicans,NOP,0,0,,,,,,0,0,,,,,
0021500117,37,4,0,1,8:18 PM,8:25,Korver REBOUND (Off:0 Def:1),,,,,4.0,2594,Kyle Korver,1610612737.0,Atlanta,Hawks,ATL,0,0,,,,,,0,0,,,,,
0021500117,38,6,26,1,8:18 PM,8:18,Millsap Offensive Charge Foul (P1.T3) (E.Roe),,,,,4.0,200794,Paul Millsap,1610612737.0,Atlanta,Hawks,ATL,5,201600,Omer Asik,1610612740.0,New Orleans,Pelicans,NOP,1,0,,,,,
0021500117,39,5,5,1,8:18 PM,8:18,Millsap Foul Turnover (P1.T3),,,,,4.0,200794,Paul Millsap,1610612737.0,Atlanta,Hawks,ATL,0,0,,,,,,1,0,,,,,
0021500117,40,2,1,1,8:18 PM,8:04,,,MISS Gordon 24' 3PT Jump Shot,,,5.0,201569,Eric Gordon,1610612740.0,New Orleans,Pelicans,NOP,0,0,,,,,,0,0,,,,,
0021500117,41,4,0,1,8:18 PM,8:02,,,Anderson REBOUND (Off:1 Def:2),,,5.0,201583,Ryan Anderson,1610612740.0,New Orleans,Pelicans,NOP,0,0,,,,,,0,0,,,,,
0021500117,42,2,42,1,8:19 PM,8:00,Teague BLOCK (1 BLK),,MISS Smith 2' Driving Layup,,,5.0,202397,Ish Smith,1610612740.0,New Orleans,Pelicans,NOP,0,0,,,,,,4,201952,Jeff Teague,1610612737.0,Atlanta,Hawks,ATL
0021500117,43,4,0,1,8:19 PM,8:00,,,Pelicans Rebound,,,3.0,1610612740,,,,,,0,0,,,,,,0,0,,,,,
0021500117,44,2,1,1,8:19 PM,7:56,,,MISS Gordon 15' Jump Shot,,,5.0,201569,Eric Gordon,1610612740.0,New Orleans,Pelicans,NOP,0,0,,,,,,0,0,,,,,
0021500117,45,4,0,1,8:19 PM,7:54,Horford REBOUND (Off:0 Def:2),,,,,4.0,201143,Al Horford,1610612737.0,Atlanta,Hawks,ATL,0,0,,,,,,0,0,,,,,
0021500117,46,2,105,1,8:19 PM,7:45,MISS Millsap 11' Turnaround Fadeaway Bank Jump Shot,,,,,4.0,200794,Paul Millsap,1610612737.0,Atlanta,Hawks,ATL,0,0,,,,,,0,0,,,,,
0021500117,47,4,0,1,8:19 PM,7:42,,,Asik REBOUND (Off:0 Def:2),,,5.0,201600,Omer Asik,1610612740.0,New Orleans,Pelicans,NOP,0,0,,,,,,0,0,,,,,
0021500117,48,1,80,1,8:19 PM,7:31,,,Anderson 13' Step Back Jump Shot (2 PTS),6 - 6,TIE,5.0,201583,Ryan Anderson,1610612740.0,New Orleans,Pelicans,NOP,0,0,,,,,,0,0,,,,,
0021500117,49,1,1,1,8:19 PM,7:22,Horford 17' Jump Shot (2 PTS) (Teague 2 AST),,,6 - 8,2,4.0,201143,Al Horford,1610612737.0,Atlanta,Hawks,ATL,4,201952,Jeff Teague,1610612737.0,Atlanta,Hawks,ATL,0,0,,,,,
0021500117,50,1,1,1,8:20 PM,7:06,,,Anderson 25' 3PT Jump Shot (5 PTS) (Babbitt 1 AST),9 - 8,-1,5.0,201583,Ryan Anderson,1610612740.0,New Orleans,Pelicans,NOP,5,202337,Luke Babbitt,1610612740.0,New Orleans,Pelicans,NOP,0,0,,,,,
0021500117,51,1,1,1,8:20 PM,6:55,Horford 24' 3PT Jump Shot (5 PTS) (Teague 3 AST),,,9 - 11,2,4.0,201143,Al Horford,1610612737.0,Atlanta,Hawks,ATL,4,201952,Jeff Teague,1610612737.0,Atlanta,Hawks,ATL,0,0,,,,,
0021500117,52,1,42,1,8:20 PM,6:43,,,Gordon 2' Driving Layup (2 PTS),11 - 11,TIE,5.0,201569,Eric Gordon,1610612740.0,New Orleans,Pelicans,NOP,0,0,,,,,,0,0,,,,,
0021500117,53,1,42,1,8:20 PM,6:32,Horford 1' Driving Layup (7 PTS) (Teague 4 AST),,,11 - 13,2,4.0,201143,Al Horford,1610612737.0,Atlanta,Hawks,ATL,4,201952,Jeff Teague,1610612737.0,Atlanta,Hawks,ATL,0,0,,,,,
0021500117,54,1,75,1,8:21 PM,6:16,,,Smith 1' Driving Finger Roll Layup (2 PTS),13 - 13,TIE,5.0,202397,Ish Smith,1610612740.0,New Orleans,Pelicans,NOP,0,0,,,,,,0,0,,,,,
0021500117,55,2,1,1,8:21 PM,6:07,MISS Korver 25' 3PT Jump Shot,,,,,4.0,2594,Kyle Korver,1610612737.0,Atlanta,Hawks,ATL,0,0,,,,,,0,0,,,,,
0021500117,56,4,0,1,8:21 PM,6:06,,,Anderson REBOUND (Off:1 Def:3),,,5.0,201583,Ryan Anderson,1610612740.0,New Orleans,Pelicans,NOP,0,0,,,,,,0,0,,,,,
0021500117,58,2,45,1,8:21 PM,5:48,,,MISS Anderson 21' Jump Shot,,,5.0,201583,Ryan Anderson,1610612740.0,New Orleans,Pelicans,NOP,0,0,,,,,,0,0,,,,,
0021500117,59,4,0,1,8:21 PM,5:46,,,Anderson REBOUND (Off:2 Def:3),,,5.0,201583,Ryan Anderson,1610612740.0,New Orleans,Pelicans,NOP,0,0,,,,,,0,0,,,,,
0021500117,60,1,42,1,8:21 PM,5:41,,,Smith 1' Driving Layup (4 PTS) (Gordon 2 AST),15 - 13,-2,5.0,202397,Ish Smith,1610612740.0,New Orleans,Pelicans,NOP,5,201569,Eric Gordon,1610612740.0,New Orleans,Pelicans,NOP,0,0,,,,,
0021500117,61,9,1,1,8:21 PM,5:41,HAWKS Timeout: Regular (Full 1 Short 0),,,,,2.0,1610612737,,,,,,0,0,,,,,,0,0,,,,,
0021500117,63,8,0,1,8:24 PM,5:41,SUB: Sefolosha FOR Bazemore,,,,,4.0,203145,Kent Bazemore,1610612737.0,Atlanta,Hawks,ATL,4,200757,Thabo Sefolosha,1610612737.0,Atlanta,Hawks,ATL,0,0,,,,,
0021500117,64,8,0,1,8:24 PM,5:41,SUB: Splitter FOR Horford,,,,,4.0,201143,Al Horford,1610612737.0,Atlanta,Hawks,ATL,4,201168,Tiago Splitter,1610612737.0,Atlanta,Hawks,ATL,0,0,,,,,
0021500117,65,8,0,1,8:24 PM,5:41,SUB: Schroder FOR Teague,,,,,4.0,201952,Jeff Teague,1610612737.0,Atlanta,Hawks,ATL,4,203471,Dennis Schroder,1610612737.0,Atlanta,Hawks,ATL,0,0,,,,,
0021500117,66,8,0,1,8:24 PM,5:41,,,SUB: Cunningham FOR Asik,,,5.0,201600,Omer Asik,1610612740.0,New Orleans,Pelicans,NOP,5,201967,Dante Cunningham,1610612740.0,New Orleans,Pelicans,NOP,0,0,,,,,
0021500117,67,5,39,1,8:24 PM,5:36,Schroder Step Out of Bounds Turnover (P1.T4),,,,,4.0,203471,Dennis Schroder,1610612737.0,Atlanta,Hawks,ATL,0,0,,,,,,0,0,,,,,
0021500117,68,2,79,1,8:25 PM,5:15,,,MISS Smith 13' Pullup Jump Shot,,,5.0,202397,Ish Smith,1610612740.0,New Orleans,Pelicans,NOP,0,0,,,,,,0,0,,,,,
0021500117,69,4,0,1,8:25 PM,5:14,Splitter REBOUND (Off:0 Def:1),,,,,4.0,201168,Tiago Splitter,1610612737.0,Atlanta,Hawks,ATL,0,0,,,,,,0,0,,,,,
0021500117,70,1,1,1,8:25 PM,5:03,Schroder 24' 3PT Jump Shot (3 PTS),,,15 - 16,1,4.0,203471,Dennis Schroder,1610612737.0,Atlanta,Hawks,ATL,0,0,,,,,,0,0,,,,,
0021500117,71,1,1,1,8:25 PM,4:46,,,Cunningham 20' Jump Shot (2 PTS) (Smith 1 AST),17 - 16,-1,5.0,201967,Dante Cunningham,1610612740.0,New Orleans,Pelicans,NOP,5,202397,Ish Smith,1610612740.0,New Orleans,Pelicans,NOP,0,0,,,,,
0021500117,72,2,5,1,8:25 PM,4:23,MISS Sefolosha 1' Layup,,,,,4.0,200757,Thabo Sefolosha,1610612737.0,Atlanta,Hawks,ATL,0,0,,,,,,0,0,,,,,
0021500117,73,4,0,1,8:25 PM,4:21,,,Cunningham REBOUND (Off:0 Def:1),,,5.0,201967,Dante Cunningham,1610612740.0,New Orleans,Pelicans,NOP,0,0,,,,,,0,0,,,,,
0021500117,74,5,39,1,8:26 PM,4:16,,,Cunningham Step Out of Bounds Turnover (P1.T3),,,5.0,201967,Dante Cunningham,1610612740.0,New Orleans,Pelicans,NOP,0,0,,,,,,0,0,,,,,
0021500117,75,8,0,1,8:26 PM,4:16,,,SUB: Ajinca FOR Anderson,,,5.0,201583,Ryan Anderson,1610612740.0,New Orleans,Pelicans,NOP,5,201582,Alexis Ajinca,1610612740.0,New Orleans,Pelicans,NOP,0,0,,,,,
0021500117,76,8,0,1,8:26 PM,4:16,,,SUB: Douglas FOR Smith,,,5.0,202397,Ish Smith,1610612740.0,New Orleans,Pelicans,NOP,5,201962,Toney Douglas,1610612740.0,New Orleans,Pelicans,NOP,0,0,,,,,
0021500117,77,8,0,1,8:26 PM,4:16,SUB: Holiday FOR Korver,,,,,4.0,2594,Kyle Korver,1610612737.0,Atlanta,Hawks,ATL,4,203200,Justin Holiday,1610612737.0,Atlanta,Hawks,ATL,0,0,,,,,
0021500117,78,6,2,1,8:26 PM,4:02,,,Gordon S.FOUL (P1.T3) (G.Zielinski),,,5.0,201569,Eric Gordon,1610612740.0,New Orleans,Pelicans,NOP,4,200757,Thabo Sefolosha,1610612737.0,Atlanta,Hawks,ATL,1,0,,,,,
0021500117,79,3,11,1,8:27 PM,4:02,Sefolosha Free Throw 1 of 2 (1 PTS),,,17 - 17,TIE,4.0,200757,Thabo Sefolosha,1610612737.0,Atlanta,Hawks,ATL,0,0,,,,,,0,0,,,,,
0021500117,81,3,12,1,8:27 PM,4:02,MISS Sefolosha Free Throw 2 of 2,,,,,4.0,200757,Thabo Sefolosha,1610612737.0,Atlanta,Hawks,ATL,0,0,,,,,,0,0,,,,,
0021500117,83,4,0,1,8:27 PM,4:00,,,Babbitt REBOUND (Off:0 Def:1),,,5.0,202337,Luke Babbitt,1610612740.0,New Orleans,Pelicans,NOP,0,0,,,,,,0,0,,,,,
0021500117,85,6,2,1,8:27 PM,3:51,Schroder S.FOUL (P1.T4) (G.Zielinski),,,,,4.0,203471,Dennis Schroder,1610612737.0,Atlanta,Hawks,ATL,5,201569,Eric Gordon,1610612740.0,New Orleans,Pelicans,NOP,1,0,,,,,
0021500117,86,3,11,1,8:28 PM,3:51,,,MISS Gordon Free Throw 1 of 2,,,5.0,201569,Eric Gordon,1610612740.0,New Orleans,Pelicans,NOP,0,0,,,,,,0,0,,,,,
0021500117,87,4,1,1,8:28 PM,3:51,,,Pelicans Rebound,,,3.0,1610612740,,,,,,0,0,,,,,,0,0,,,,,
0021500117,88,3,12,1,8:28 PM,3:51,,,Gordon Free Throw 2 of 2 (3 PTS),18 - 17,-1,5.0,201569,Eric Gordon,1610612740.0,New Orleans,Pelicans,NOP,0,0,,,,,,0,0,,,,,
0021500117,90,2,1,1,8:28 PM,3:32,MISS Millsap 24' 3PT Jump Shot,,,,,4.0,200794,Paul Millsap,1610612737.0,Atlanta,Hawks,ATL,0,0,,,,,,0,0,,,,,
0021500117,91,4,0,1,8:28 PM,3:31,,,Babbitt REBOUND (Off:0 Def:2),,,5.0,202337,Luke Babbitt,1610612740.0,New Orleans,Pelicans,NOP,0,0,,,,,,0,0,,,,,
0021500117,92,6,1,1,8:29 PM,3:17,Splitter P.FOUL (P1.PN) (E.Roe),,,,,4.0,201168,Tiago Splitter,1610612737.0,Atlanta,Hawks,ATL,5,201582,Alexis Ajinca,1610612740.0,New Orleans,Pelicans,NOP,1,0,,,,,
0021500117,93,8,0,1,8:29 PM,3:17,,,SUB: Gee FOR Babbitt,,,5.0,202337,Luke Babbitt,1610612740.0,New Orleans,Pelicans,NOP,5,202087,Alonzo Gee,1610612740.0,New Orleans,Pelicans,NOP,0,0,,,,,
0021500117,94,2,1,1,8:29 PM,3:10,,,MISS Ajinca 20' Jump Shot,,,5.0,201582,Alexis Ajinca,1610612740.0,New Orleans,Pelicans,NOP,0,0,,,,,,0,0,,,,,
0021500117,95,4,0,1,8:29 PM,3:09,Millsap REBOUND (Off:0 Def:2),,,,,4.0,200794,Paul Millsap,1610612737.0,Atlanta,Hawks,ATL,0,0,,,,,,0,0,,,,,
0021500117,96,2,1,1,8:29 PM,2:57,MISS Holiday  3PT Jump Shot,,,,,4.0,203200,Justin Holiday,1610612737.0,Atlanta,Hawks,ATL,0,0,,,,,,0,0,,,,,
0021500117,97,4,0,1,8:29 PM,2:55,,,Gordon REBOUND (Off:0 Def:1),,,5.0,201569,Eric Gordon,1610612740.0,New Orleans,Pelicans,NOP,0,0,,,,,,0,0,,,,,
0021500117,98,2,74,1,8:29 PM,2:50,,,MISS Gordon 2' Running Reverse Layup,,,5.0,201569,Eric Gordon,1610612740.0,New Orleans,Pelicans,NOP,0,0,,,,,,0,0,,,,,
0021500117,99,4,0,1,8:29 PM,2:47,Millsap REBOUND (Off:0 Def:3),,,,,4.0,200794,Paul Millsap,1610612737.0,Atlanta,Hawks,ATL,0,0,,,,,,0,0,,,,,
0021500117,100,6,1,1,8:29 PM,2:43,,,Gee P.FOUL (P1.T4) (G.Zielinski),,,5.0,202087,Alonzo Gee,1610612740.0,New Orleans,Pelicans,NOP,4,203200,Justin Holiday,1610612737.0,Atlanta,Hawks,ATL,1,0,,,,,
0021500117,101,9,1,1,8:30 PM,2:43,,,Pelicans Timeout: Regular (Reg.1 Short 0),,,3.0,1610612740,,,,,,0,0,,,,,,0,0,,,,,
0021500117,104,1,79,1,8:32 PM,2:32,Millsap 9' Pullup Jump Shot (2 PTS),,,18 - 19,1,4.0,200794,Paul Millsap,1610612737.0,Atlanta,Hawks,ATL,0,0,,,,,,0,0,,,,,
0021500117,105,2,1,1,8:32 PM,2:12,,,MISS Ajinca 3' Jump Shot,,,5.0,201582,Alexis Ajinca,1610612740.0,New Orleans,Pelicans,NOP,0,0,,,,,,0,0,,,,,
0021500117,138,4,0,1,8:32 PM,2:12,,,Ajinca REBOUND (Off:1 Def:0),,,5.0,201582,Alexis Ajinca,1610612740.0,New Orleans,Pelicans,NOP,0,0,,,,,,0,0,,,,,
0021500117,139,2,97,1,8:32 PM,2:12,,,MISS Ajinca 2' Tip Layup Shot,,,5.0,201582,Alexis Ajinca,1610612740.0,New Orleans,Pelicans,NOP,0,0,,,,,,0,0,,,,,
0021500117,106,4,0,1,8:33 PM,2:09,,,Cunningham REBOUND (Off:1 Def:1),,,5.0,201967,Dante Cunningham,1610612740.0,New Orleans,Pelicans,NOP,0,0,,,,,,0,0,,,,,
0021500117,107,1,1,1,8:33 PM,2:05,,,Gordon 25' 3PT Jump Shot (6 PTS) (Cunningham 1 AST),21 - 19,-2,5.0,201569,Eric Gordon,1610612740.0,New Orleans,Pelicans,NOP,5,201967,Dante Cunningham,1610612740.0,New Orleans,Pelicans,NOP,0,0,,,,,
0021500117,108,1,71,1,8:33 PM,1:52,Splitter 2' Finger Roll Layup (2 PTS) (Millsap 2 AST),,,21 - 21,TIE,4.0,201168,Tiago Splitter,1610612737.0,Atlanta,Hawks,ATL,4,200794,Paul Millsap,1610612737.0,Atlanta,Hawks,ATL,0,0,,,,,
0021500117,110,7,2,1,8:33 PM,1:43,Holiday Violation:Defensive Goaltending (E.Roe),,,,,4.0,203200,Justin Holiday,1610612737.0,Atlanta,Hawks,ATL,0,0,,,,,,1,0,,,,,
0021500117,109,1,42,1,8:33 PM,1:43,,,Gordon 1' Driving Layup (8 PTS),23 - 21,-2,5.0,201569,Eric Gordon,1610612740.0,New Orleans,Pelicans,NOP,0,0,,,,,,0,0,,,,,
0021500117,112,8,0,1,8:33 PM,1:35,,,SUB: Smith FOR Gordon,,,5.0,201569,Eric Gordon,1610612740.0,New Orleans,Pelicans,NOP,5,202397,Ish Smith,1610612740.0,New Orleans,Pelicans,NOP,0,0,,,,,
0021500117,113,8,0,1,8:34 PM,1:35,SUB: Horford FOR Millsap,,,,,4.0,200794,Paul Millsap,1610612737.0,Atlanta,Hawks,ATL,4,201143,Al Horford,1610612737.0,Atlanta,Hawks,ATL,0,0,,,,,
0021500117,114,8,0,1,8:34 PM,1:35,SUB: Scott FOR Splitter,,,,,4.0,201168,Tiago Splitter,1610612737.0,Atlanta,Hawks,ATL,4,203118,Mike Scott,1610612737.0,Atlanta,Hawks,ATL,0,0,,,,,
0021500117,115,2,79,1,8:34 PM,1:30,MISS Schroder 17' Pullup Jump Shot,,,,,4.0,203471,Dennis Schroder,1610612737.0,Atlanta,Hawks,ATL,0,0,,,,,,0,0,,,,,
0021500117,116,4,0,1,8:34 PM,1:28,,,Ajinca REBOUND (Off:1 Def:1),,,5.0,201582,Alexis Ajinca,1610612740.0,New Orleans,Pelicans,NOP,0,0,,,,,,0,0,,,,,
0021500117,117,2,1,1,8:34 PM,1:06,,,MISS Smith 24' 3PT Jump Shot,,,5.0,202397,Ish Smith,1610612740.0,New Orleans,Pelicans,NOP,0,0,,,,,,0,0,,,,,
0021500117,118,4,0,1,8:34 PM,1:03,Holiday REBOUND (Off:0 Def:1),,,,,4.0,203200,Justin Holiday,1610612737.0,Atlanta,Hawks,ATL,0,0,,,,,,0,0,,,,,
0021500117,119,5,2,1,8:34 PM,0:51,Sefolosha Lost Ball Turnover (P1.T5),,Smith STEAL (1 STL),,,4.0,200757,Thabo Sefolosha,1610612737.0,Atlanta,Hawks,ATL,5,202397,Ish Smith,1610612740.0,New Orleans,Pelicans,NOP,0,0,,,,,
0021500117,120,6,29,1,8:34 PM,0:48,Holiday Shooting Block Foul (P1.PN) (G.Zielinski),,,,,4.0,203200,Justin Holiday,1610612737.0,Atlanta,Hawks,ATL,5,201967,Dante Cunningham,1610612740.0,New Orleans,Pelicans,NOP,1,0,,,,,
0021500117,121,3,11,1,8:35 PM,0:48,,,Cunningham Free Throw 1 of 2 (3 PTS),24 - 21,-3,5.0,201967,Dante Cunningham,1610612740.0,New Orleans,Pelicans,NOP,0,0,,,,,,0,0,,,,,
0021500117,125,3,12,1,8:35 PM,0:48,,,MISS Cunningham Free Throw 2 of 2,,,5.0,201967,Dante Cunningham,1610612740.0,New Orleans,Pelicans,NOP,0,0,,,,,,0,0,,,,,
0021500117,127,4,0,1,8:35 PM,0:42,Sefolosha REBOUND (Off:0 Def:1),,,,,4.0,200757,Thabo Sefolosha,1610612737.0,Atlanta,Hawks,ATL,0,0,,,,,,0,0,,,,,
0021500117,128,1,1,1,8:35 PM,0:33,Horford 25' 3PT Jump Shot (10 PTS) (Schroder 1 AST),,,24 - 24,TIE,4.0,201143,Al Horford,1610612737.0,Atlanta,Hawks,ATL,4,203471,Dennis Schroder,1610612737.0,Atlanta,Hawks,ATL,0,0,,,,,
0021500117,130,7,2,1,8:36 PM,0:20,Sefolosha Violation:Defensive Goaltending (E.Roe),,,,,4.0,200757,Thabo Sefolosha,1610612737.0,Atlanta,Hawks,ATL,0,0,,,,,,1,0,,,,,
0021500117,129,1,42,1,8:36 PM,0:20,,,Smith 2' Driving Layup (6 PTS) (Douglas 1 AST),26 - 24,-2,5.0,202397,Ish Smith,1610612740.0,New Orleans,Pelicans,NOP,5,201962,Toney Douglas,1610612740.0,New Orleans,Pelicans,NOP,0,0,,,,,
0021500117,132,2,42,1,8:36 PM,0:02,MISS Schroder 1' Driving Layup,,,,,4.0,203471,Dennis Schroder,1610612737.0,Atlanta,Hawks,ATL,0,0,,,,,,0,0,,,,,
0021500117,133,4,0,1,8:36 PM,0:01,Horford REBOUND (Off:1 Def:2),,,,,4.0,201143,Al Horford,1610612737.0,Atlanta,Hawks,ATL,0,0,,,,,,0,0,,,,,
0021500117,134,2,1,1,8:36 PM,0:00,MISS Holiday 24' 3PT Jump Shot,,,,,4.0,203200,Justin Holiday,1610612737.0,Atlanta,Hawks,ATL,0,0,,,,,,0,0,,,,,
0021500117,135,4,0,1,8:36 PM,0:00,HAWKS Rebound,,,,,2.0,1610612737,,,,,,0,0,,,,,,0,0,,,,,
0021500117,136,13,0,1,8:36 PM,0:00,,,,26 - 24,-2,0.0,0,,,,,,0,0,,,,,,0,0,,,,,
0021500117,140,12,0,2,8:39 PM,12:00,,,,26 - 24,-2,0.0,0,,,,,,0,0,,,,,,0,0,,,,,
0021500117,141,6,4,2,8:39 PM,11:49,,,Ajinca OFF.Foul (P1) (G.Zielinski),,,5.0,201582,Alexis Ajinca,1610612740.0,New Orleans,Pelicans,NOP,4,2594,Kyle Korver,1610612737.0,Atlanta,Hawks,ATL,1,0,,,,,
0021500117,142,5,5,2,8:39 PM,11:49,,,Ajinca Foul Turnover (P1.T4),,,5.0,201582,Alexis Ajinca,1610612740.0,New Orleans,Pelicans,NOP,0,0,,,,,,1,0,,,,,
0021500117,143,2,42,2,8:40 PM,11:36,MISS Schroder 1' Driving Layup,,,,,4.0,203471,Dennis Schroder,1610612737.0,Atlanta,Hawks,ATL,0,0,,,,,,0,0,,,,,
0021500117,144,4,0,2,8:40 PM,11:35,,,Ajinca REBOUND (Off:1 Def:2),,,5.0,201582,Alexis Ajinca,1610612740.0,New Orleans,Pelicans,NOP,0,0,,,,,,0,0,,,,,
0021500117,145,1,1,2,8:40 PM,11:28,,,Douglas 25' 3PT Jump Shot (3 PTS) (Ajinca 1 AST),29 - 24,-5,5.0,201962,Toney Douglas,1610612740.0,New Orleans,Pelicans,NOP,5,201582,Alexis Ajinca,1610612740.0,New Orleans,Pelicans,NOP,0,0,,,,,
0021500117,146,5,45,2,8:40 PM,11:13,Schroder Out of Bounds - Bad Pass Turnover Turnover (P2.T6),,,,,4.0,203471,Dennis Schroder,1610612737.0,Atlanta,Hawks,ATL,0,0,,,,,,0,0,,,,,
0021500117,147,5,39,2,8:40 PM,11:00,,,Douglas Step Out of Bounds Turnover (P1.T5),,,5.0,201962,Toney Douglas,1610612740.0,New Orleans,Pelicans,NOP,0,0,,,,,,0,0,,,,,
0021500117,148,8,0,2,8:41 PM,11:00,,,SUB: Anderson FOR Ajinca,,,5.0,201582,Alexis Ajinca,1610612740.0,New Orleans,Pelicans,NOP,5,201583,Ryan Anderson,1610612740.0,New Orleans,Pelicans,NOP,0,0,,,,,
0021500117,149,5,2,2,8:41 PM,10:50,Schroder Lost Ball Turnover (P3.T7),,Douglas STEAL (1 STL),,,4.0,203471,Dennis Schroder,1610612737.0,Atlanta,Hawks,ATL,5,201962,Toney Douglas,1610612740.0,New Orleans,Pelicans,NOP,0,0,,,,,
0021500117,150,6,26,2,8:41 PM,10:50,,,Douglas Offensive Charge Foul (P1.T1) (E.Roe),,,5.0,201962,Toney Douglas,1610612740.0,New Orleans,Pelicans,NOP,4,203471,Dennis Schroder,1610612737.0,Atlanta,Hawks,ATL,1,0,,,,,
0021500117,151,5,5,2,8:41 PM,10:50,,,Douglas Foul Turnover (P2.T6),,,5.0,201962,Toney Douglas,1610612740.0,New Orleans,Pelicans,NOP,0,0,,,,,,1,0,,,,,
0021500117,152,1,5,2,8:41 PM,10:33,Horford 1' Layup (12 PTS) (Sefolosha 1 AST),,,29 - 26,-3,4.0,201143,Al Horford,1610612737.0,Atlanta,Hawks,ATL,4,200757,Thabo Sefolosha,1610612737.0,Atlanta,Hawks,ATL,0,0,,,,,
0021500117,153,1,1,2,8:42 PM,10:22,,,Babbitt  3PT Jump Shot (6 PTS) (Smith 2 AST),32 - 26,-6,5.0,202337,Luke Babbitt,1610612740.0,New Orleans,Pelicans,NOP,5,202397,Ish Smith,1610612740.0,New Orleans,Pelicans,NOP,0,0,,,,,
0021500117,155,2,3,2,8:42 PM,10:06,MISS Horford 8' Hook Shot,,,,,4.0,201143,Al Horford,1610612737.0,Atlanta,Hawks,ATL,0,0,,,,,,0,0,,,,,
0021500117,156,4,0,2,8:42 PM,10:03,Horford REBOUND (Off:2 Def:2),,,,,4.0,201143,Al Horford,1610612737.0,Atlanta,Hawks,ATL,0,0,,,,,,0,0,,,,,
0021500117,157,1,72,2,8:42 PM,10:01,Horford 1' Putback Layup (14 PTS),,,32 - 28,-4,4.0,201143,Al Horford,1610612737.0,Atlanta,Hawks,ATL,0,0,,,,,,0,0,,,,,
0021500117,159,1,1,2,8:42 PM,9:47,,,Douglas 25' 3PT Jump Shot (6 PTS) (Smith 3 AST),35 - 28,-7,5.0,201962,Toney Douglas,1610612740.0,New Orleans,Pelicans,NOP,5,202397,Ish Smith,1610612740.0,New Orleans,Pelicans,NOP,0,0,,,,,
0021500117,160,2,1,2,8:42 PM,9:34,MISS Horford 26' 3PT Jump Shot,,,,,4.0,201143,Al Horford,1610612737.0,Atlanta,Hawks,ATL,0,0,,,,,,0,0,,,,,
0021500117,161,4,0,2,8:42 PM,9:31,Sefolosha REBOUND (Off:1 Def:1),,,,,4.0,200757,Thabo Sefolosha,1610612737.0,Atlanta,Hawks,ATL,0,0,,,,,,0,0,,,,,
0021500117,162,1,79,2,8:43 PM,9:23,Schroder 25' 3PT Pullup Jump Shot (6 PTS),,,35 - 31,-4,4.0,203471,Dennis Schroder,1610612737.0,Atlanta,Hawks,ATL,0,0,,,,,,0,0,,,,,
0021500117,164,5,2,2,8:43 PM,9:01,Schroder STEAL (1 STL),,Anderson Lost Ball Turnover (P1.T7),,,5.0,201583,Ryan Anderson,1610612740.0,New Orleans,Pelicans,NOP,4,203471,Dennis Schroder,1610612737.0,Atlanta,Hawks,ATL,0,0,,,,,
0021500117,165,1,50,2,8:43 PM,8:57,Sefolosha  Running Dunk (3 PTS) (Schroder 2 AST),,,35 - 33,-2,4.0,200757,Thabo Sefolosha,1610612737.0,Atlanta,Hawks,ATL,4,203471,Dennis Schroder,1610612737.0,Atlanta,Hawks,ATL,0,0,,,,,
0021500117,166,1,79,2,8:43 PM,8:36,,,Smith 25' 3PT Pullup Jump Shot (9 PTS),38 - 33,-5,5.0,202397,Ish Smith,1610612740.0,New Orleans,Pelicans,NOP,0,0,,,,,,0,0,,,,,
0021500117,167,1,71,2,8:44 PM,8:16,Horford  Finger Roll Layup (16 PTS) (Korver 1 AST),,,38 - 35,-3,4.0,201143,Al Horford,1610612737.0,Atlanta,Hawks,ATL,4,2594,Kyle Korver,1610612737.0,Atlanta,Hawks,ATL,0,0,,,,,
0021500117,168,1,41,2,8:44 PM,8:08,,,Smith 1' Running Layup (11 PTS),40 - 35,-5,5.0,202397,Ish Smith,1610612740.0,New Orleans,Pelicans,NOP,0,0,,,,,,0,0,,,,,
0021500117,169,9,1,2,8:44 PM,8:03,HAWKS Timeout: Regular (Full 2 Short 0),,,,,2.0,1610612737,,,,,,0,0,,,,,,0,0,,,,,
0021500117,171,8,0,2,8:46 PM,8:03,SUB: Teague FOR Schroder,,,,,4.0,203471,Dennis Schroder,1610612737.0,Atlanta,Hawks,ATL,4,201952,Jeff Teague,1610612737.0,Atlanta,Hawks,ATL,0,0,,,,,
0021500117,172,8,0,2,8:46 PM,8:03,SUB: Splitter FOR Sefolosha,,,,,4.0,200757,Thabo Sefolosha,1610612737.0,Atlanta,Hawks,ATL,4,201168,Tiago Splitter,1610612737.0,Atlanta,Hawks,ATL,0,0,,,,,
0021500117,173,8,0,2,8:46 PM,8:03,SUB: Bazemore FOR Scott,,,,,4.0,203118,Mike Scott,1610612737.0,Atlanta,Hawks,ATL,4,203145,Kent Bazemore,1610612737.0,Atlanta,Hawks,ATL,0,0,,,,,
0021500117,175,1,101,2,8:47 PM,7:53,Teague 6' Driving Floating Jump Shot (4 PTS),,,40 - 37,-3,4.0,201952,Jeff Teague,1610612737.0,Atlanta,Hawks,ATL,0,0,,,,,,0,0,,,,,
0021500117,176,1,1,2,8:47 PM,7:35,,,Anderson 24' 3PT Jump Shot (8 PTS) (Douglas 2 AST),43 - 37,-6,5.0,201583,Ryan Anderson,1610612740.0,New Orleans,Pelicans,NOP,5,201962,Toney Douglas,1610612740.0,New Orleans,Pelicans,NOP,0,0,,,,,
0021500117,177,6,1,2,8:47 PM,7:23,,,Gee P.FOUL (P2.T2) (S.Foster),,,5.0,202087,Alonzo Gee,1610612740.0,New Orleans,Pelicans,NOP,4,2594,Kyle Korver,1610612737.0,Atlanta,Hawks,ATL,1,0,,,,,
0021500117,178,8,0,2,8:48 PM,7:23,,,SUB: Asik FOR Babbitt,,,5.0,202337,Luke Babbitt,1610612740.0,New Orleans,Pelicans,NOP,5,201600,Omer Asik,1610612740.0,New Orleans,Pelicans,NOP,0,0,,,,,
0021500117,179,5,11,2,8:48 PM,7:08,HAWKS Turnover: Shot Clock (T#8),,,,,2.0,1610612737,,,,,,0,0,,,,,,1,0,,,,,
0021500117,180,1,1,2,8:48 PM,6:46,,,Gee  3PT Jump Shot (3 PTS) (Smith 4 AST),46 - 37,-9,5.0,202087,Alonzo Gee,1610612740.0,New Orleans,Pelicans,NOP,5,202397,Ish Smith,1610612740.0,New Orleans,Pelicans,NOP,0,0,,,,,
0021500117,181,2,79,2,8:49 PM,6:30,MISS Bazemore 17' Pullup Jump Shot,,,,,4.0,203145,Kent Bazemore,1610612737.0,Atlanta,Hawks,ATL,0,0,,,,,,0,0,,,,,
0021500117,182,4,0,2,8:49 PM,6:28,,,Asik REBOUND (Off:0 Def:3),,,5.0,201600,Omer Asik,1610612740.0,New Orleans,Pelicans,NOP,0,0,,,,,,0,0,,,,,
0021500117,183,1,42,2,8:49 PM,6:22,,,Smith 1' Driving Layup (13 PTS),48 - 37,-11,5.0,202397,Ish Smith,1610612740.0,New Orleans,Pelicans,NOP,0,0,,,,,,0,0,,,,,
0021500117,185,1,1,2,8:49 PM,6:06,Horford 18' Jump Shot (18 PTS) (Teague 5 AST),,,48 - 39,-9,4.0,201143,Al Horford,1610612737.0,Atlanta,Hawks,ATL,4,201952,Jeff Teague,1610612737.0,Atlanta,Hawks,ATL,0,0,,,,,
0021500117,186,2,79,2,8:50 PM,5:44,,,MISS Douglas 25' 3PT Pullup Jump Shot,,,5.0,201962,Toney Douglas,1610612740.0,New Orleans,Pelicans,NOP,0,0,,,,,,0,0,,,,,
0021500117,187,4,0,2,8:50 PM,5:41,,,Anderson REBOUND (Off:3 Def:3),,,5.0,201583,Ryan Anderson,1610612740.0,New Orleans,Pelicans,NOP,0,0,,,,,,0,0,,,,,
0021500117,188,1,1,2,8:50 PM,5:36,,,Smith 25' 3PT Jump Shot (16 PTS) (Douglas 3 AST),51 - 39,-12,5.0,202397,Ish Smith,1610612740.0,New Orleans,Pelicans,NOP,5,201962,Toney Douglas,1610612740.0,New Orleans,Pelicans,NOP,0,0,,,,,
0021500117,190,2,1,2,8:50 PM,5:13,MISS Bazemore  3PT Jump Shot,,,,,4.0,203145,Kent Bazemore,1610612737.0,Atlanta,Hawks,ATL,0,0,,,,,,0,0,,,,,
0021500117,191,4,0,2,8:50 PM,5:12,,,Smith REBOUND (Off:0 Def:1),,,5.0,202397,Ish Smith,1610612740.0,New Orleans,Pelicans,NOP,0,0,,,,,,0,0,,,,,
0021500117,192,2,1,2,8:50 PM,4:58,Splitter BLOCK (1 BLK),,MISS Anderson 7' Jump Shot,,,5.0,201583,Ryan Anderson,1610612740.0,New Orleans,Pelicans,NOP,0,0,,,,,,4,201168,Tiago Splitter,1610612737.0,Atlanta,Hawks,ATL
0021500117,193,4,0,2,8:50 PM,4:56,,,Asik REBOUND (Off:1 Def:3),,,5.0,201600,Omer Asik,1610612740.0,New Orleans,Pelicans,NOP,0,0,,,,,,0,0,,,,,
0021500117,194,5,2,2,8:50 PM,4:55,Korver STEAL (1 STL),,Asik Lost Ball Turnover (P1.T8),,,5.0,201600,Omer Asik,1610612740.0,New Orleans,Pelicans,NOP,4,2594,Kyle Korver,1610612737.0,Atlanta,Hawks,ATL,0,0,,,,,
0021500117,195,2,42,2,8:51 PM,4:44,MISS Teague 1' Driving Layup,,,,,4.0,201952,Jeff Teague,1610612737.0,Atlanta,Hawks,ATL,0,0,,,,,,0,0,,,,,
0021500117,197,4,0,2,8:51 PM,4:43,Horford REBOUND (Off:3 Def:2),,,,,4.0,201143,Al Horford,1610612737.0,Atlanta,Hawks,ATL,0,0,,,,,,0,0,,,,,
0021500117,196,1,97,2,8:51 PM,4:43,Horford 1' Tip Layup Shot (20 PTS),,,51 - 41,-10,4.0,201143,Al Horford,1610612737.0,Atlanta,Hawks,ATL,0,0,,,,,,0,0,,,,,
0021500117,198,5,39,2,8:51 PM,4:34,,,Douglas Step Out of Bounds Turnover (P3.T9),,,5.0,201962,Toney Douglas,1610612740.0,New Orleans,Pelicans,NOP,0,0,,,,,,0,0,,,,,
0021500117,199,9,4,2,8:51 PM,4:34,,,,,,1.0,0,,,,,,0,0,,,,,,0,0,,,,,
0021500117,200,18,0,2,8:51 PM,4:34,,,,,,,179,Bryant Stith,,,,,0,0,,,,,,1,0,,,,,
0021500117,201,8,0,2,8:53 PM,4:34,SUB: Millsap FOR Bazemore,,,,,4.0,203145,Kent Bazemore,1610612737.0,Atlanta,Hawks,ATL,4,200794,Paul Millsap,1610612737.0,Atlanta,Hawks,ATL,0,0,,,,,
0021500117,202,8,0,2,8:53 PM,4:34,SUB: Sefolosha FOR Horford,,,,,4.0,201143,Al Horford,1610612737.0,Atlanta,Hawks,ATL,4,200757,Thabo Sefolosha,1610612737.0,Atlanta,Hawks,ATL,0,0,,,,,
0021500117,203,8,0,2,8:53 PM,4:34,,,SUB: Gordon FOR Smith,,,5.0,202397,Ish Smith,1610612740.0,New Orleans,Pelicans,NOP,5,201569,Eric Gordon,1610612740.0,New Orleans,Pelicans,NOP,0,0,,,,,
0021500117,205,2,79,2,8:54 PM,4:16,MISS Korver 20' Pullup Jump Shot,,,,,4.0,2594,Kyle Korver,1610612737.0,Atlanta,Hawks,ATL,0,0,,,,,,0,0,,,,,
0021500117,206,4,0,2,8:54 PM,4:15,,,Asik REBOUND (Off:1 Def:4),,,5.0,201600,Omer Asik,1610612740.0,New Orleans,Pelicans,NOP,0,0,,,,,,0,0,,,,,
0021500117,207,5,1,2,8:54 PM,3:59,Splitter STEAL (1 STL),,Anderson Bad Pass Turnover (P2.T10),,,5.0,201583,Ryan Anderson,1610612740.0,New Orleans,Pelicans,NOP,4,201168,Tiago Splitter,1610612737.0,Atlanta,Hawks,ATL,0,0,,,,,
0021500117,208,1,44,2,8:54 PM,3:50,Splitter 2' Reverse Layup (4 PTS) (Teague 6 AST),,,51 - 43,-8,4.0,201168,Tiago Splitter,1610612737.0,Atlanta,Hawks,ATL,4,201952,Jeff Teague,1610612737.0,Atlanta,Hawks,ATL,0,0,,,,,
0021500117,209,2,79,2,8:54 PM,3:41,,,MISS Douglas 26' 3PT Pullup Jump Shot,,,5.0,201962,Toney Douglas,1610612740.0,New Orleans,Pelicans,NOP,0,0,,,,,,0,0,,,,,
0021500117,210,4,0,2,8:54 PM,3:40,Millsap REBOUND (Off:0 Def:4),,,,,4.0,200794,Paul Millsap,1610612737.0,Atlanta,Hawks,ATL,0,0,,,,,,0,0,,,,,
0021500117,211,2,79,2,8:55 PM,3:26,MISS Teague 15' Pullup Jump Shot,,,,,4.0,201952,Jeff Teague,1610612737.0,Atlanta,Hawks,ATL,0,0,,,,,,0,0,,,,,
0021500117,212,4,0,2,8:55 PM,3:24,Splitter REBOUND (Off:1 Def:1),,,,,4.0,201168,Tiago Splitter,1610612737.0,Atlanta,Hawks,ATL,0,0,,,,,,0,0,,,,,
0021500117,213,2,1,2,8:55 PM,3:21,MISS Korver 24' 3PT Jump Shot,,,,,4.0,2594,Kyle Korver,1610612737.0,Atlanta,Hawks,ATL,0,0,,,,,,0,0,,,,,
0021500117,214,4,0,2,8:55 PM,3:19,,,Asik REBOUND (Off:1 Def:5),,,5.0,201600,Omer Asik,1610612740.0,New Orleans,Pelicans,NOP,0,0,,,,,,0,0,,,,,
0021500117,215,6,1,2,8:55 PM,3:05,Teague P.FOUL (P2.T1) (E.Roe),,,,,4.0,201952,Jeff Teague,1610612737.0,Atlanta,Hawks,ATL,5,201583,Ryan Anderson,1610612740.0,New Orleans,Pelicans,NOP,1,0,,,,,
0021500117,216,8,0,2,8:55 PM,3:05,SUB: Bazemore FOR Korver,,,,,4.0,2594,Kyle Korver,1610612737.0,Atlanta,Hawks,ATL,4,203145,Kent Bazemore,1610612737.0,Atlanta,Hawks,ATL,0,0,,,,,
0021500117,217,2,102,2,8:55 PM,2:57,,,MISS Gordon 10' Driving Floating Bank Jump Shot,,,5.0,201569,Eric Gordon,1610612740.0,New Orleans,Pelicans,NOP,0,0,,,,,,0,0,,,,,
0021500117,218,4,0,2,8:55 PM,2:56,Millsap REBOUND (Off:0 Def:5),,,,,4.0,200794,Paul Millsap,1610612737.0,Atlanta,Hawks,ATL,0,0,,,,,,0,0,,,,,
0021500117,220,9,1,2,8:56 PM,2:49,,,Pelicans Timeout: Regular (Reg.2 Short 0),,,3.0,1610612740,,,,,,0,0,,,,,,0,0,,,,,
0021500117,223,8,0,2,8:58 PM,2:49,,,SUB: Babbitt FOR Douglas,,,5.0,201962,Toney Douglas,1610612740.0,New Orleans,Pelicans,NOP,5,202337,Luke Babbitt,1610612740.0,New Orleans,Pelicans,NOP,0,0,,,,,
0021500117,224,8,0,2,8:58 PM,2:49,,,SUB: Smith FOR Gee,,,5.0,202087,Alonzo Gee,1610612740.0,New Orleans,Pelicans,NOP,5,202397,Ish Smith,1610612740.0,New Orleans,Pelicans,NOP,0,0,,,,,
0021500117,225,1,101,2,8:58 PM,2:45,Teague 14' Driving Floating Jump Shot (6 PTS) (Splitter 1 AST),,,51 - 45,-6,4.0,201952,Jeff Teague,1610612737.0,Atlanta,Hawks,ATL,4,201168,Tiago Splitter,1610612737.0,Atlanta,Hawks,ATL,0,0,,,,,
0021500117,226,2,79,2,8:59 PM,2:30,,,MISS Babbitt 24' 3PT Pullup Jump Shot,,,5.0,202337,Luke Babbitt,1610612740.0,New Orleans,Pelicans,NOP,0,0,,,,,,0,0,,,,,
0021500117,227,4,0,2,8:59 PM,2:27,Millsap REBOUND (Off:0 Def:6),,,,,4.0,200794,Paul Millsap,1610612737.0,Atlanta,Hawks,ATL,0,0,,,,,,0,0,,,,,
0021500117,228,2,78,2,8:59 PM,2:18,MISS Millsap 9' Floating Jump Shot,,,,,4.0,200794,Paul Millsap,1610612737.0,Atlanta,Hawks,ATL,0,0,,,,,,0,0,,,,,
0021500117,229,4,0,2,8:59 PM,2:16,Millsap REBOUND (Off:1 Def:6),,,,,4.0,200794,Paul Millsap,1610612737.0,Atlanta,Hawks,ATL,0,0,,,,,,0,0,,,,,
0021500117,230,1,72,2,8:59 PM,2:14,Millsap  Putback Layup (4 PTS),,,51 - 47,-4,4.0,200794,Paul Millsap,1610612737.0,Atlanta,Hawks,ATL,0,0,,,,,,0,0,,,,,
0021500117,231,1,79,2,8:59 PM,1:53,,,Gordon 25' 3PT Pullup Jump Shot (11 PTS) (Babbitt 2 AST),54 - 47,-7,5.0,201569,Eric Gordon,1610612740.0,New Orleans,Pelicans,NOP,5,202337,Luke Babbitt,1610612740.0,New Orleans,Pelicans,NOP,0,0,,,,,
0021500117,232,2,42,2,8:59 PM,1:38,MISS Millsap 2' Driving Layup,,,,,4.0,200794,Paul Millsap,1610612737.0,Atlanta,Hawks,ATL,0,0,,,,,,0,0,,,,,
0021500117,233,4,0,2,8:59 PM,1:37,,,Smith REBOUND (Off:0 Def:2),,,5.0,202397,Ish Smith,1610612740.0,New Orleans,Pelicans,NOP,0,0,,,,,,0,0,,,,,
0021500117,234,2,105,2,9:00 PM,1:23,,,MISS Anderson 18' Turnaround Fadeaway Bank Jump Shot,,,5.0,201583,Ryan Anderson,1610612740.0,New Orleans,Pelicans,NOP,0,0,,,,,,0,0,,,,,
0021500117,235,4,0,2,9:00 PM,1:20,Millsap REBOUND (Off:1 Def:7),,,,,4.0,200794,Paul Millsap,1610612737.0,Atlanta,Hawks,ATL,0,0,,,,,,0,0,,,,,
0021500117,236,2,79,2,9:00 PM,1:09,MISS Teague 20' Pullup Jump Shot,,,,,4.0,201952,Jeff Teague,1610612737.0,Atlanta,Hawks,ATL,0,0,,,,,,0,0,,,,,
0021500117,237,4,0,2,9:00 PM,1:07,,,Anderson REBOUND (Off:3 Def:4),,,5.0,201583,Ryan Anderson,1610612740.0,New Orleans,Pelicans,NOP,0,0,,,,,,0,0,,,,,
0021500117,238,5,1,2,9:00 PM,1:06,Teague STEAL (2 STL),,Anderson Bad Pass Turnover (P3.T11),,,5.0,201583,Ryan Anderson,1610612740.0,New Orleans,Pelicans,NOP,4,201952,Jeff Teague,1610612737.0,Atlanta,Hawks,ATL,0,0,,,,,
0021500117,239,2,1,2,9:00 PM,0:59,MISS Millsap 25' 3PT Jump Shot,,,,,4.0,200794,Paul Millsap,1610612737.0,Atlanta,Hawks,ATL,0,0,,,,,,0,0,,,,,
0021500117,240,4,0,2,9:00 PM,0:56,,,Asik REBOUND (Off:1 Def:6),,,5.0,201600,Omer Asik,1610612740.0,New Orleans,Pelicans,NOP,0,0,,,,,,0,0,,,,,
0021500117,242,2,101,2,9:01 PM,0:32,,,MISS Smith 9' Driving Floating Jump Shot,,,5.0,202397,Ish Smith,1610612740.0,New Orleans,Pelicans,NOP,0,0,,,,,,0,0,,,,,
0021500117,243,4,0,2,9:01 PM,0:31,Millsap REBOUND (Off:1 Def:8),,,,,4.0,200794,Paul Millsap,1610612737.0,Atlanta,Hawks,ATL,0,0,,,,,,0,0,,,,,
0021500117,244,5,1,2,9:01 PM,0:12,Teague Bad Pass Turnover (P1.T9),,Gordon STEAL (2 STL),,,4.0,201952,Jeff Teague,1610612737.0,Atlanta,Hawks,ATL,5,201569,Eric Gordon,1610612740.0,New Orleans,Pelicans,NOP,0,0,,,,,
0021500117,245,1,41,2,9:01 PM,0:08,,,Gordon 1' Running Layup (13 PTS),56 - 47,-9,5.0,201569,Eric Gordon,1610612740.0,New Orleans,Pelicans,NOP,0,0,,,,,,0,0,,,,,
0021500117,246,6,28,2,9:01 PM,0:03,,,Gordon Personal Take Foul (P2.T3) (S.Foster),,,5.0,201569,Eric Gordon,1610612740.0,New Orleans,Pelicans,NOP,4,203145,Kent Bazemore,1610612737.0,Atlanta,Hawks,ATL,1,0,,,,,
0021500117,247,8,0,2,9:01 PM,0:03,SUB: Korver FOR Splitter,,,,,4.0,201168,Tiago Splitter,1610612737.0,Atlanta,Hawks,ATL,4,2594,Kyle Korver,1610612737.0,Atlanta,Hawks,ATL,0,0,,,,,
0021500117,248,8,0,2,9:02 PM,0:03,,,SUB: Cunningham FOR Asik,,,5.0,201600,Omer Asik,1610612740.0,New Orleans,Pelicans,NOP,5,201967,Dante Cunningham,1610612740.0,New Orleans,Pelicans,NOP,0,0,,,,,
0021500117,249,8,0,2,9:02 PM,0:03,SUB: Horford FOR Sefolosha,,,,,4.0,200757,Thabo Sefolosha,1610612737.0,Atlanta,Hawks,ATL,4,201143,Al Horford,1610612737.0,Atlanta,Hawks,ATL,0,0,,,,,
0021500117,250,2,63,2,9:02 PM,0:00,MISS Millsap 15' Fadeaway Jumper,,,,,4.0,200794,Paul Millsap,1610612737.0,Atlanta,Hawks,ATL,0,0,,,,,,0,0,,,,,
0021500117,251,4,0,2,9:02 PM,0:00,HAWKS Rebound,,,,,2.0,1610612737,,,,,,0,0,,,,,,0,0,,,,,
0021500117,253,13,0,2,9:02 PM,0:00,,,,56 - 47,-9,0.0,0,,,,,,0,0,,,,,,0,0,,,,,
0021500117,255,12,0,3,9:18 PM,12:00,,,,56 - 47,-9,0.0,0,,,,,,0,0,,,,,,0,0,,,,,
0021500117,256,6,4,3,9:18 PM,11:45,,,Asik OFF.Foul (P2) (S.Foster),,,5.0,201600,Omer Asik,1610612740.0,New Orleans,Pelicans,NOP,4,200794,Paul Millsap,1610612737.0,Atlanta,Hawks,ATL,1,0,,,,,
0021500117,257,5,5,3,9:18 PM,11:45,,,Asik Foul Turnover (P2.T12),,,5.0,201600,Omer Asik,1610612740.0,New Orleans,Pelicans,NOP,0,0,,,,,,1,0,,,,,
0021500117,258,1,1,3,9:18 PM,11:31,Horford 25' 3PT Jump Shot (23 PTS) (Teague 7 AST),,,56 - 50,-6,4.0,201143,Al Horford,1610612737.0,Atlanta,Hawks,ATL,4,201952,Jeff Teague,1610612737.0,Atlanta,Hawks,ATL,0,0,,,,,
0021500117,259,2,79,3,9:19 PM,11:08,Horford BLOCK (3 BLK),,MISS Babbitt 20' Pullup Jump Shot,,,5.0,202337,Luke Babbitt,1610612740.0,New Orleans,Pelicans,NOP,0,0,,,,,,4,201143,Al Horford,1610612737.0,Atlanta,Hawks,ATL
0021500117,260,4,0,3,9:19 PM,11:06,Horford REBOUND (Off:3 Def:3),,,,,4.0,201143,Al Horford,1610612737.0,Atlanta,Hawks,ATL,0,0,,,,,,0,0,,,,,
0021500117,261,6,1,3,9:19 PM,10:57,,,Babbitt P.FOUL (P2.T1) (S.Foster),,,5.0,202337,Luke Babbitt,1610612740.0,New Orleans,Pelicans,NOP,4,201952,Jeff Teague,1610612737.0,Atlanta,Hawks,ATL,1,0,,,,,
0021500117,262,2,79,3,9:19 PM,10:41,MISS Bazemore 24' 3PT Pullup Jump Shot,,,,,4.0,203145,Kent Bazemore,1610612737.0,Atlanta,Hawks,ATL,0,0,,,,,,0,0,,,,,
0021500117,263,4,0,3,9:19 PM,10:38,,,Babbitt REBOUND (Off:0 Def:3),,,5.0,202337,Luke Babbitt,1610612740.0,New Orleans,Pelicans,NOP,0,0,,,,,,0,0,,,,,
0021500117,264,2,98,3,9:20 PM,10:28,,,MISS Asik 1' Cutting Layup Shot,,,5.0,201600,Omer Asik,1610612740.0,New Orleans,Pelicans,NOP,0,0,,,,,,0,0,,,,,
0021500117,265,4,0,3,9:20 PM,10:26,Korver REBOUND (Off:0 Def:2),,,,,4.0,2594,Kyle Korver,1610612737.0,Atlanta,Hawks,ATL,0,0,,,,,,0,0,,,,,
0021500117,266,2,1,3,9:20 PM,10:21,MISS Horford 24' 3PT Jump Shot,,,,,4.0,201143,Al Horford,1610612737.0,Atlanta,Hawks,ATL,0,0,,,,,,0,0,,,,,
0021500117,267,4,0,3,9:20 PM,10:20,,,Gordon REBOUND (Off:0 Def:2),,,5.0,201569,Eric Gordon,1610612740.0,New Orleans,Pelicans,NOP,0,0,,,,,,0,0,,,,,
0021500117,268,2,1,3,9:20 PM,10:02,,,MISS Smith  3PT Jump Shot,,,5.0,202397,Ish Smith,1610612740.0,New Orleans,Pelicans,NOP,0,0,,,,,,0,0,,,,,
0021500117,269,4,0,3,9:20 PM,10:00,Bazemore REBOUND (Off:0 Def:3),,,,,4.0,203145,Kent Bazemore,1610612737.0,Atlanta,Hawks,ATL,0,0,,,,,,0,0,,,,,
0021500117,270,1,41,3,9:20 PM,9:53,Millsap 2' Running Layup (6 PTS) (Bazemore 1 AST),,,56 - 52,-4,4.0,200794,Paul Millsap,1610612737.0,Atlanta,Hawks,ATL,4,203145,Kent Bazemore,1610612737.0,Atlanta,Hawks,ATL,0,0,,,,,
0021500117,271,2,1,3,9:20 PM,9:37,,,MISS Babbitt  3PT Jump Shot,,,5.0,202337,Luke Babbitt,1610612740.0,New Orleans,Pelicans,NOP,0,0,,,,,,0,0,,,,,
0021500117,272,10,0,3,9:21 PM,9:33,Jump Ball Korver vs. Smith: Tip to Smith,,,,,4.0,2594,Kyle Korver,1610612737.0,Atlanta,Hawks,ATL,5,202397,Ish Smith,1610612740.0,New Orleans,Pelicans,NOP,5,202397,Ish Smith,1610612740.0,New Orleans,Pelicans,NOP
0021500117,273,4,0,3,9:21 PM,9:33,,,Pelicans Rebound,,,3.0,1610612740,,,,,,0,0,,,,,,0,0,,,,,
0021500117,275,1,1,3,9:21 PM,9:15,,,Gordon 11' Jump Shot (15 PTS) (Smith 5 AST),58 - 52,-6,5.0,201569,Eric Gordon,1610612740.0,New Orleans,Pelicans,NOP,5,202397,Ish Smith,1610612740.0,New Orleans,Pelicans,NOP,0,0,,,,,
0021500117,276,6,2,3,9:21 PM,9:15,Millsap S.FOUL (P2.T1) (S.Foster),,,,,4.0,200794,Paul Millsap,1610612737.0,Atlanta,Hawks,ATL,5,201569,Eric Gordon,1610612740.0,New Orleans,Pelicans,NOP,1,0,,,,,
0021500117,277,3,10,3,9:22 PM,9:15,,,Gordon Free Throw 1 of 1 (16 PTS),59 - 52,-7,5.0,201569,Eric Gordon,1610612740.0,New Orleans,Pelicans,NOP,0,0,,,,,,0,0,,,,,
0021500117,279,6,1,3,9:22 PM,9:07,,,Gordon P.FOUL (P3.T2) (S.Foster),,,5.0,201569,Eric Gordon,1610612740.0,New Orleans,Pelicans,NOP,4,201952,Jeff Teague,1610612737.0,Atlanta,Hawks,ATL,1,0,,,,,
0021500117,280,8,0,3,9:22 PM,9:07,,,SUB: Cunningham FOR Asik,,,5.0,201600,Omer Asik,1610612740.0,New Orleans,Pelicans,NOP,5,201967,Dante Cunningham,1610612740.0,New Orleans,Pelicans,NOP,0,0,,,,,
0021500117,281,2,1,3,9:22 PM,9:00,MISS Bazemore 24' 3PT Jump Shot,,,,,4.0,203145,Kent Bazemore,1610612737.0,Atlanta,Hawks,ATL,0,0,,,,,,0,0,,,,,
0021500117,282,4,0,3,9:23 PM,8:58,,,Smith REBOUND (Off:0 Def:3),,,5.0,202397,Ish Smith,1610612740.0,New Orleans,Pelicans,NOP,0,0,,,,,,0,0,,,,,
0021500117,283,2,1,3,9:23 PM,8:52,,,MISS Anderson 24' 3PT Jump Shot,,,5.0,201583,Ryan Anderson,1610612740.0,New Orleans,Pelicans,NOP,0,0,,,,,,0,0,,,,,
0021500117,284,4,0,3,9:23 PM,8:50,Horford REBOUND (Off:3 Def:4),,,,,4.0,201143,Al Horford,1610612737.0,Atlanta,Hawks,ATL,0,0,,,,,,0,0,,,,,
0021500117,285,5,40,3,9:23 PM,8:38,Bazemore Out of Bounds Lost Ball Turnover (P2.T10),,,,,4.0,203145,Kent Bazemore,1610612737.0,Atlanta,Hawks,ATL,0,0,,,,,,0,0,,,,,
0021500117,287,5,1,3,9:23 PM,8:32,Millsap STEAL (1 STL),,Gordon Bad Pass Turnover (P1.T13),,,5.0,201569,Eric Gordon,1610612740.0,New Orleans,Pelicans,NOP,4,200794,Paul Millsap,1610612737.0,Atlanta,Hawks,ATL,0,0,,,,,
0021500117,288,6,2,3,9:23 PM,8:28,,,Cunningham S.FOUL (P1.T3) (G.Zielinski),,,5.0,201967,Dante Cunningham,1610612740.0,New Orleans,Pelicans,NOP,4,200794,Paul Millsap,1610612737.0,Atlanta,Hawks,ATL,1,0,,,,,
0021500117,289,3,11,3,9:23 PM,8:28,Millsap Free Throw 1 of 2 (7 PTS),,,59 - 53,-6,4.0,200794,Paul Millsap,1610612737.0,Atlanta,Hawks,ATL,0,0,,,,,,0,0,,,,,
0021500117,291,3,12,3,9:24 PM,8:28,Millsap Free Throw 2 of 2 (8 PTS),,,59 - 54,-5,4.0,200794,Paul Millsap,1610612737.0,Atlanta,Hawks,ATL,0,0,,,,,,0,0,,,,,
0021500117,293,2,79,3,9:24 PM,8:06,,,MISS Gordon 22' Pullup Jump Shot,,,5.0,201569,Eric Gordon,1610612740.0,New Orleans,Pelicans,NOP,0,0,,,,,,0,0,,,,,
0021500117,294,4,0,3,9:24 PM,8:06,,,Pelicans Rebound,,,3.0,1610612740,,,,,,0,0,,,,,,0,0,,,,,
0021500117,295,6,3,3,9:24 PM,8:06,Korver L.B.FOUL (P1.T2) (S.Foster),,,,,4.0,2594,Kyle Korver,1610612737.0,Atlanta,Hawks,ATL,5,201967,Dante Cunningham,1610612740.0,New Orleans,Pelicans,NOP,1,0,,,,,
0021500117,296,1,80,3,9:25 PM,7:57,,,Anderson 14' Step Back Jump Shot (10 PTS),61 - 54,-7,5.0,201583,Ryan Anderson,1610612740.0,New Orleans,Pelicans,NOP,0,0,,,,,,0,0,,,,,
0021500117,298,1,1,3,9:25 PM,7:43,Korver 24' 3PT Jump Shot (5 PTS) (Teague 8 AST),,,61 - 57,-4,4.0,2594,Kyle Korver,1610612737.0,Atlanta,Hawks,ATL,4,201952,Jeff Teague,1610612737.0,Atlanta,Hawks,ATL,0,0,,,,,
0021500117,299,5,2,3,9:25 PM,7:33,Millsap STEAL (2 STL),,Babbitt Lost Ball Turnover (P1.T14),,,5.0,202337,Luke Babbitt,1610612740.0,New Orleans,Pelicans,NOP,4,200794,Paul Millsap,1610612737.0,Atlanta,Hawks,ATL,0,0,,,,,
0021500117,300,6,27,3,9:25 PM,7:30,,,Anderson Personal Block Foul (P1.T4) (G.Zielinski),,,5.0,201583,Ryan Anderson,1610612740.0,New Orleans,Pelicans,NOP,4,200794,Paul Millsap,1610612737.0,Atlanta,Hawks,ATL,1,0,,,,,
0021500117,301,8,0,3,9:26 PM,7:30,,,SUB: Gee FOR Babbitt,,,5.0,202337,Luke Babbitt,1610612740.0,New Orleans,Pelicans,NOP,5,202087,Alonzo Gee,1610612740.0,New Orleans,Pelicans,NOP,0,0,,,,,
0021500117,302,1,1,3,9:26 PM,7:23,Horford 24' 3PT Jump Shot (26 PTS) (Teague 9 AST),,,61 - 60,-1,4.0,201143,Al Horford,1610612737.0,Atlanta,Hawks,ATL,4,201952,Jeff Teague,1610612737.0,Atlanta,Hawks,ATL,0,0,,,,,
0021500117,303,1,1,3,9:27 PM,7:04,,,Anderson 15' Jump Shot (12 PTS),63 - 60,-3,5.0,201583,Ryan Anderson,1610612740.0,New Orleans,Pelicans,NOP,0,0,,,,,,0,0,,,,,
0021500117,304,6,1,3,9:27 PM,6:59,,,Gee P.FOUL (P3.PN) (E.Roe),,,5.0,202087,Alonzo Gee,1610612740.0,New Orleans,Pelicans,NOP,4,200794,Paul Millsap,1610612737.0,Atlanta,Hawks,ATL,1,0,,,,,
0021500117,305,3,11,3,9:27 PM,6:59,Millsap Free Throw 1 of 2 (9 PTS),,,63 - 61,-2,4.0,200794,Paul Millsap,1610612737.0,Atlanta,Hawks,ATL,0,0,,,,,,0,0,,,,,
0021500117,307,8,0,3,9:27 PM,6:59,SUB: Sefolosha FOR Korver,,,,,4.0,2594,Kyle Korver,1610612737.0,Atlanta,Hawks,ATL,4,200757,Thabo Sefolosha,1610612737.0,Atlanta,Hawks,ATL,0,0,,,,,
0021500117,308,3,12,3,9:27 PM,6:59,Millsap Free Throw 2 of 2 (10 PTS),,,63 - 62,-1,4.0,200794,Paul Millsap,1610612737.0,Atlanta,Hawks,ATL,0,0,,,,,,0,0,,,,,
0021500117,310,6,1,3,9:28 PM,6:52,Bazemore P.FOUL (P2.T3) (E.Roe),,,,,4.0,203145,Kent Bazemore,1610612737.0,Atlanta,Hawks,ATL,5,201569,Eric Gordon,1610612740.0,New Orleans,Pelicans,NOP,1,0,,,,,
0021500117,311,2,102,3,9:28 PM,6:46,,,MISS Smith 7' Driving Floating Bank Jump Shot,,,5.0,202397,Ish Smith,1610612740.0,New Orleans,Pelicans,NOP,0,0,,,,,,0,0,,,,,
0021500117,312,4,0,3,9:28 PM,6:44,Millsap REBOUND (Off:1 Def:9),,,,,4.0,200794,Paul Millsap,1610612737.0,Atlanta,Hawks,ATL,0,0,,,,,,0,0,,,,,
0021500117,313,1,1,3,9:28 PM,6:30,Teague 25' 3PT Jump Shot (9 PTS) (Sefolosha 2 AST),,,63 - 65,2,4.0,201952,Jeff Teague,1610612737.0,Atlanta,Hawks,ATL,4,200757,Thabo Sefolosha,1610612737.0,Atlanta,Hawks,ATL,0,0,,,,,
0021500117,314,1,1,3,9:29 PM,6:16,,,Cunningham 20' Jump Shot (5 PTS) (Smith 6 AST),65 - 65,TIE,5.0,201967,Dante Cunningham,1610612740.0,New Orleans,Pelicans,NOP,5,202397,Ish Smith,1610612740.0,New Orleans,Pelicans,NOP,0,0,,,,,
0021500117,315,5,2,3,9:29 PM,6:06,Millsap Lost Ball Turnover (P2.T11),,Gee STEAL (1 STL),,,4.0,200794,Paul Millsap,1610612737.0,Atlanta,Hawks,ATL,5,202087,Alonzo Gee,1610612740.0,New Orleans,Pelicans,NOP,0,0,,,,,
0021500117,316,5,2,3,9:29 PM,6:02,Sefolosha STEAL (1 STL),,Cunningham Lost Ball Turnover (P2.T15),,,5.0,201967,Dante Cunningham,1610612740.0,New Orleans,Pelicans,NOP,4,200757,Thabo Sefolosha,1610612737.0,Atlanta,Hawks,ATL,0,0,,,,,
0021500117,318,2,1,3,9:30 PM,5:50,MISS Millsap 20' Jump Shot,,,,,4.0,200794,Paul Millsap,1610612737.0,Atlanta,Hawks,ATL,0,0,,,,,,0,0,,,,,
0021500117,319,4,0,3,9:30 PM,5:47,,,Anderson REBOUND (Off:3 Def:5),,,5.0,201583,Ryan Anderson,1610612740.0,New Orleans,Pelicans,NOP,0,0,,,,,,0,0,,,,,
0021500117,320,6,1,3,9:30 PM,5:42,Teague P.FOUL (P3.T4) (G.Zielinski),,,,,4.0,201952,Jeff Teague,1610612737.0,Atlanta,Hawks,ATL,5,201583,Ryan Anderson,1610612740.0,New Orleans,Pelicans,NOP,1,0,,,,,
0021500117,321,9,1,3,9:30 PM,5:42,HAWKS Timeout: Regular (Full 3 Short 0),,,,,2.0,1610612737,,,,,,0,0,,,,,,0,0,,,,,
0021500117,323,18,0,3,9:31 PM,5:42,,,,,,,298,,,,,,0,0,,,,,,1,0,,,,,
0021500117,325,8,0,3,9:32 PM,5:42,SUB: Splitter FOR Horford,,,,,4.0,201143,Al Horford,1610612737.0,Atlanta,Hawks,ATL,4,201168,Tiago Splitter,1610612737.0,Atlanta,Hawks,ATL,0,0,,,,,
0021500117,327,2,42,3,9:33 PM,5:28,,,MISS Smith 3' Driving Layup,,,5.0,202397,Ish Smith,1610612740.0,New Orleans,Pelicans,NOP,0,0,,,,,,0,0,,,,,
0021500117,328,4,0,3,9:33 PM,5:26,Millsap REBOUND (Off:1 Def:10),,,,,4.0,200794,Paul Millsap,1610612737.0,Atlanta,Hawks,ATL,0,0,,,,,,0,0,,,,,
0021500117,329,2,42,3,9:33 PM,5:09,MISS Bazemore 1' Driving Layup,,,,,4.0,203145,Kent Bazemore,1610612737.0,Atlanta,Hawks,ATL,0,0,,,,,,0,0,,,,,
0021500117,330,4,0,3,9:33 PM,5:07,,,Gordon REBOUND (Off:0 Def:3),,,5.0,201569,Eric Gordon,1610612740.0,New Orleans,Pelicans,NOP,0,0,,,,,,0,0,,,,,
0021500117,331,1,73,3,9:34 PM,4:57,,,Anderson 2' Driving Reverse Layup (14 PTS) (Gordon 3 AST),67 - 65,-2,5.0,201583,Ryan Anderson,1610612740.0,New Orleans,Pelicans,NOP,5,201569,Eric Gordon,1610612740.0,New Orleans,Pelicans,NOP,0,0,,,,,
0021500117,332,6,2,3,9:34 PM,4:57,Splitter S.FOUL (P2.PN) (S.Foster),,,,,4.0,201168,Tiago Splitter,1610612737.0,Atlanta,Hawks,ATL,5,201583,Ryan Anderson,1610612740.0,New Orleans,Pelicans,NOP,1,0,,,,,
0021500117,333,3,10,3,9:34 PM,4:57,,,Anderson Free Throw 1 of 1 (15 PTS),68 - 65,-3,5.0,201583,Ryan Anderson,1610612740.0,New Orleans,Pelicans,NOP,0,0,,,,,,0,0,,,,,
0021500117,335,1,1,3,9:34 PM,4:46,Sefolosha 25' 3PT Jump Shot (6 PTS) (Teague 10 AST),,,68 - 68,TIE,4.0,200757,Thabo Sefolosha,1610612737.0,Atlanta,Hawks,ATL,4,201952,Jeff Teague,1610612737.0,Atlanta,Hawks,ATL,0,0,,,,,
0021500117,336,1,75,3,9:35 PM,4:32,,,Smith 2' Driving Finger Roll Layup (18 PTS),70 - 68,-2,5.0,202397,Ish Smith,1610612740.0,New Orleans,Pelicans,NOP,0,0,,,,,,0,0,,,,,
0021500117,337,2,101,3,9:35 PM,4:20,MISS Teague 10' Driving Floating Jump Shot,,,,,4.0,201952,Jeff Teague,1610612737.0,Atlanta,Hawks,ATL,0,0,,,,,,0,0,,,,,
0021500117,338,4,0,3,9:35 PM,4:19,HAWKS Rebound,,,,,2.0,1610612737,,,,,,0,0,,,,,,0,0,,,,,
0021500117,339,8,0,3,9:35 PM,4:19,,,SUB: Asik FOR Anderson,,,5.0,201583,Ryan Anderson,1610612740.0,New Orleans,Pelicans,NOP,5,201600,Omer Asik,1610612740.0,New Orleans,Pelicans,NOP,0,0,,,,,
0021500117,340,2,42,3,9:35 PM,4:12,MISS Teague 1' Driving Layup,,,,,4.0,201952,Jeff Teague,1610612737.0,Atlanta,Hawks,ATL,0,0,,,,,,0,0,,,,,
0021500117,341,4,0,3,9:35 PM,4:10,,,Smith REBOUND (Off:0 Def:4),,,5.0,202397,Ish Smith,1610612740.0,New Orleans,Pelicans,NOP,0,0,,,,,,0,0,,,,,
0021500117,342,6,29,3,9:35 PM,4:04,Splitter Shooting Block Foul (P3.PN) (G.Zielinski),,,,,4.0,201168,Tiago Splitter,1610612737.0,Atlanta,Hawks,ATL,5,201600,Omer Asik,1610612740.0,New Orleans,Pelicans,NOP,1,0,,,,,
0021500117,343,3,11,3,9:36 PM,4:04,,,Asik Free Throw 1 of 2 (2 PTS),71 - 68,-3,5.0,201600,Omer Asik,1610612740.0,New Orleans,Pelicans,NOP,0,0,,,,,,0,0,,,,,
0021500117,345,8,0,3,9:36 PM,4:04,SUB: Schroder FOR Teague,,,,,4.0,201952,Jeff Teague,1610612737.0,Atlanta,Hawks,ATL,4,203471,Dennis Schroder,1610612737.0,Atlanta,Hawks,ATL,0,0,,,,,
0021500117,346,8,0,3,9:36 PM,4:04,,,SUB: Douglas FOR Gordon,,,5.0,201569,Eric Gordon,1610612740.0,New Orleans,Pelicans,NOP,5,201962,Toney Douglas,1610612740.0,New Orleans,Pelicans,NOP,0,0,,,,,
0021500117,347,3,12,3,9:36 PM,4:04,,,Asik Free Throw 2 of 2 (3 PTS),72 - 68,-4,5.0,201600,Omer Asik,1610612740.0,New Orleans,Pelicans,NOP,0,0,,,,,,0,0,,,,,
0021500117,350,6,2,3,9:37 PM,3:46,,,Cunningham S.FOUL (P2.PN) (G.Zielinski),,,5.0,201967,Dante Cunningham,1610612740.0,New Orleans,Pelicans,NOP,4,200794,Paul Millsap,1610612737.0,Atlanta,Hawks,ATL,1,0,,,,,
0021500117,351,3,11,3,9:37 PM,3:46,MISS Millsap Free Throw 1 of 2,,,,,4.0,200794,Paul Millsap,1610612737.0,Atlanta,Hawks,ATL,0,0,,,,,,0,0,,,,,
0021500117,352,4,1,3,9:37 PM,3:46,HAWKS Rebound,,,,,2.0,1610612737,,,,,,0,0,,,,,,0,0,,,,,
0021500117,353,8,0,3,9:37 PM,3:46,,,SUB: Babbitt FOR Gee,,,5.0,202087,Alonzo Gee,1610612740.0,New Orleans,Pelicans,NOP,5,202337,Luke Babbitt,1610612740.0,New Orleans,Pelicans,NOP,0,0,,,,,
0021500117,354,3,12,3,9:37 PM,3:46,Millsap Free Throw 2 of 2 (11 PTS),,,72 - 69,-3,4.0,200794,Paul Millsap,1610612737.0,Atlanta,Hawks,ATL,0,0,,,,,,0,0,,,,,
0021500117,356,2,101,3,9:38 PM,3:37,Sefolosha BLOCK (1 BLK),,MISS Douglas 14' Driving Floating Jump Shot,,,5.0,201962,Toney Douglas,1610612740.0,New Orleans,Pelicans,NOP,0,0,,,,,,4,200757,Thabo Sefolosha,1610612737.0,Atlanta,Hawks,ATL
0021500117,357,4,0,3,9:38 PM,3:35,Sefolosha REBOUND (Off:1 Def:2),,,,,4.0,200757,Thabo Sefolosha,1610612737.0,Atlanta,Hawks,ATL,0,0,,,,,,0,0,,,,,
0021500117,358,1,41,3,9:38 PM,3:32,Bazemore  Running Layup (4 PTS),,,72 - 71,-1,4.0,203145,Kent Bazemore,1610612737.0,Atlanta,Hawks,ATL,0,0,,,,,,0,0,,,,,
0021500117,360,8,0,3,9:38 PM,3:20,SUB: Korver FOR Bazemore,,,,,4.0,203145,Kent Bazemore,1610612737.0,Atlanta,Hawks,ATL,4,2594,Kyle Korver,1610612737.0,Atlanta,Hawks,ATL,0,0,,,,,
0021500117,362,2,42,3,9:39 PM,3:07,,,MISS Smith 1' Driving Layup,,,5.0,202397,Ish Smith,1610612740.0,New Orleans,Pelicans,NOP,0,0,,,,,,0,0,,,,,
0021500117,363,4,0,3,9:39 PM,3:07,HAWKS Rebound,,,,,2.0,1610612737,,,,,,0,0,,,,,,0,0,,,,,
0021500117,364,6,3,3,9:39 PM,3:07,,,Asik L.B.FOUL (P3.PN) (G.Zielinski),,,5.0,201600,Omer Asik,1610612740.0,New Orleans,Pelicans,NOP,4,200757,Thabo Sefolosha,1610612737.0,Atlanta,Hawks,ATL,1,0,,,,,
0021500117,365,3,11,3,9:39 PM,3:07,MISS Sefolosha Free Throw 1 of 2,,,,,4.0,200757,Thabo Sefolosha,1610612737.0,Atlanta,Hawks,ATL,0,0,,,,,,0,0,,,,,
0021500117,366,4,1,3,9:39 PM,3:07,HAWKS Rebound,,,,,2.0,1610612737,,,,,,0,0,,,,,,0,0,,,,,
0021500117,367,3,12,3,9:40 PM,3:07,Sefolosha Free Throw 2 of 2 (7 PTS),,,72 - 72,TIE,4.0,200757,Thabo Sefolosha,1610612737.0,Atlanta,Hawks,ATL,0,0,,,,,,0,0,,,,,
0021500117,370,6,4,3,9:40 PM,2:59,,,Asik OFF.Foul (P4) (S.Foster),,,5.0,201600,Omer Asik,1610612740.0,New Orleans,Pelicans,NOP,4,200794,Paul Millsap,1610612737.0,Atlanta,Hawks,ATL,1,0,,,,,
0021500117,371,5,5,3,9:40 PM,2:59,,,Asik Foul Turnover (P3.T16),,,5.0,201600,Omer Asik,1610612740.0,New Orleans,Pelicans,NOP,0,0,,,,,,1,0,,,,,
0021500117,372,9,1,3,9:40 PM,2:59,,,Pelicans Timeout: Regular (Reg.3 Short 0),,,3.0,1610612740,,,,,,0,0,,,,,,0,0,,,,,
0021500117,376,2,1,3,9:43 PM,2:41,MISS Splitter 21' Jump Shot,,,,,4.0,201168,Tiago Splitter,1610612737.0,Atlanta,Hawks,ATL,0,0,,,,,,0,0,,,,,
0021500117,377,4,0,3,9:43 PM,2:40,,,Douglas REBOUND (Off:0 Def:1),,,5.0,201962,Toney Douglas,1610612740.0,New Orleans,Pelicans,NOP,0,0,,,,,,0,0,,,,,
0021500117,378,2,80,3,9:43 PM,2:17,,,MISS Douglas 24' 3PT Step Back Jump Shot,,,5.0,201962,Toney Douglas,1610612740.0,New Orleans,Pelicans,NOP,0,0,,,,,,0,0,,,,,
0021500117,379,4,0,3,9:43 PM,2:15,Millsap REBOUND (Off:1 Def:11),,,,,4.0,200794,Paul Millsap,1610612737.0,Atlanta,Hawks,ATL,0,0,,,,,,0,0,,,,,
0021500117,380,2,79,3,9:43 PM,2:04,MISS Schroder 18' Pullup Jump Shot,,,,,4.0,203471,Dennis Schroder,1610612737.0,Atlanta,Hawks,ATL,0,0,,,,,,0,0,,,,,
0021500117,381,4,0,3,9:43 PM,2:02,,,Smith REBOUND (Off:0 Def:5),,,5.0,202397,Ish Smith,1610612740.0,New Orleans,Pelicans,NOP,0,0,,,,,,0,0,,,,,
0021500117,382,1,1,3,9:43 PM,1:54,,,Cunningham 21' Jump Shot (7 PTS) (Smith 7 AST),74 - 72,-2,5.0,201967,Dante Cunningham,1610612740.0,New Orleans,Pelicans,NOP,5,202397,Ish Smith,1610612740.0,New Orleans,Pelicans,NOP,0,0,,,,,
0021500117,383,2,47,3,9:44 PM,1:38,MISS Millsap 9' Turnaround Jump Shot,,,,,4.0,200794,Paul Millsap,1610612737.0,Atlanta,Hawks,ATL,0,0,,,,,,0,0,,,,,
0021500117,384,4,0,3,9:44 PM,1:36,,,Pelicans Rebound,,,3.0,1610612740,,,,,,0,0,,,,,,0,0,,,,,
0021500117,386,6,2,3,9:44 PM,1:25,Millsap S.FOUL (P3.PN) (G.Zielinski),,,,,4.0,200794,Paul Millsap,1610612737.0,Atlanta,Hawks,ATL,5,201600,Omer Asik,1610612740.0,New Orleans,Pelicans,NOP,1,0,,,,,
0021500117,387,3,11,3,9:45 PM,1:25,,,Asik Free Throw 1 of 2 (4 PTS),75 - 72,-3,5.0,201600,Omer Asik,1610612740.0,New Orleans,Pelicans,NOP,0,0,,,,,,0,0,,,,,
0021500117,389,8,0,3,9:45 PM,1:25,SUB: Horford FOR Millsap,,,,,4.0,200794,Paul Millsap,1610612737.0,Atlanta,Hawks,ATL,4,201143,Al Horford,1610612737.0,Atlanta,Hawks,ATL,0,0,,,,,
0021500117,390,8,0,3,9:45 PM,1:25,,,SUB: Gee FOR Smith,,,5.0,202397,Ish Smith,1610612740.0,New Orleans,Pelicans,NOP,5,202087,Alonzo Gee,1610612740.0,New Orleans,Pelicans,NOP,0,0,,,,,
0021500117,391,3,12,3,9:45 PM,1:25,,,MISS Asik Free Throw 2 of 2,,,5.0,201600,Omer Asik,1610612740.0,New Orleans,Pelicans,NOP,0,0,,,,,,0,0,,,,,
0021500117,393,4,0,3,9:45 PM,1:24,Sefolosha REBOUND (Off:1 Def:3),,,,,4.0,200757,Thabo Sefolosha,1610612737.0,Atlanta,Hawks,ATL,0,0,,,,,,0,0,,,,,
0021500117,395,1,5,3,9:46 PM,1:00,Splitter 1' Layup (6 PTS) (Horford 1 AST),,,75 - 74,-1,4.0,201168,Tiago Splitter,1610612737.0,Atlanta,Hawks,ATL,4,201143,Al Horford,1610612737.0,Atlanta,Hawks,ATL,0,0,,,,,
0021500117,396,2,79,3,9:46 PM,0:48,,,MISS Babbitt 16' Pullup Jump Shot,,,5.0,202337,Luke Babbitt,1610612740.0,New Orleans,Pelicans,NOP,0,0,,,,,,0,0,,,,,
0021500117,397,4,0,3,9:46 PM,0:46,Korver REBOUND (Off:0 Def:3),,,,,4.0,2594,Kyle Korver,1610612737.0,Atlanta,Hawks,ATL,0,0,,,,,,0,0,,,,,
0021500117,398,2,79,3,9:46 PM,0:33,MISS Schroder 24' 3PT Pullup Jump Shot,,,,,4.0,203471,Dennis Schroder,1610612737.0,Atlanta,Hawks,ATL,0,0,,,,,,0,0,,,,,
0021500117,399,4,0,3,9:46 PM,0:31,,,Asik REBOUND (Off:1 Def:7),,,5.0,201600,Omer Asik,1610612740.0,New Orleans,Pelicans,NOP,0,0,,,,,,0,0,,,,,
0021500117,400,2,1,3,9:47 PM,0:17,,,MISS Babbitt 25' 3PT Jump Shot,,,5.0,202337,Luke Babbitt,1610612740.0,New Orleans,Pelicans,NOP,0,0,,,,,,0,0,,,,,
0021500117,401,4,0,3,9:47 PM,0:15,Schroder REBOUND (Off:0 Def:1),,,,,4.0,203471,Dennis Schroder,1610612737.0,Atlanta,Hawks,ATL,0,0,,,,,,0,0,,,,,
0021500117,402,1,5,3,9:47 PM,0:03,Splitter 1' Layup (8 PTS) (Horford 2 AST),,,75 - 76,1,4.0,201168,Tiago Splitter,1610612737.0,Atlanta,Hawks,ATL,4,201143,Al Horford,1610612737.0,Atlanta,Hawks,ATL,0,0,,,,,
0021500117,406,18,0,3,9:48 PM,0:00,,,,75 - 76,1,0.0,0,,,,,,0,0,,,,,,1,0,,,,,
0021500117,407,13,0,3,9:49 PM,0:00,,,,75 - 76,1,0.0,0,,,,,,0,0,,,,,,0,0,,,,,
0021500117,408,12,0,4,9:50 PM,12:00,,,,75 - 76,1,0.0,0,,,,,,0,0,,,,,,0,0,,,,,
0021500117,409,6,11,4,9:50 PM,12:00,Bazemore T.FOUL (P2.T0) (S.Foster),,,,,4.0,203145,Kent Bazemore,1610612737.0,Atlanta,Hawks,ATL,0,0,,,,,,1,0,,,,,
0021500117,410,3,16,4,9:50 PM,12:00,,,Douglas Free Throw Technical (7 PTS),76 - 76,TIE,5.0,201962,Toney Douglas,1610612740.0,New Orleans,Pelicans,NOP,0,0,,,,,,0,0,,,,,
0021500117,413,1,42,4,9:51 PM,11:38,Schroder 2' Driving Layup (8 PTS),,,76 - 78,2,4.0,203471,Dennis Schroder,1610612737.0,Atlanta,Hawks,ATL,0,0,,,,,,0,0,,,,,
0021500117,414,2,1,4,9:51 PM,11:27,,,MISS Babbitt 15' Jump Shot,,,5.0,202337,Luke Babbitt,1610612740.0,New Orleans,Pelicans,NOP,0,0,,,,,,0,0,,,,,
0021500117,415,4,0,4,9:51 PM,11:26,Splitter REBOUND (Off:1 Def:2),,,,,4.0,201168,Tiago Splitter,1610612737.0,Atlanta,Hawks,ATL,0,0,,,,,,0,0,,,,,
0021500117,416,7,5,4,9:52 PM,11:14,,,Cunningham Violation:Kicked Ball (.),,,5.0,201967,Dante Cunningham,1610612740.0,New Orleans,Pelicans,NOP,0,0,,,,,,0,0,,,,,
0021500117,417,8,0,4,9:52 PM,11:14,SUB: Muscala FOR Splitter,,,,,4.0,201168,Tiago Splitter,1610612737.0,Atlanta,Hawks,ATL,4,203488,Mike Muscala,1610612737.0,Atlanta,Hawks,ATL,0,0,,,,,
0021500117,418,2,49,4,9:52 PM,10:59,MISS Muscala  Driving Dunk,,,,,4.0,203488,Mike Muscala,1610612737.0,Atlanta,Hawks,ATL,0,0,,,,,,0,0,,,,,
0021500117,419,4,0,4,9:52 PM,10:57,,,Ajinca REBOUND (Off:1 Def:3),,,5.0,201582,Alexis Ajinca,1610612740.0,New Orleans,Pelicans,NOP,0,0,,,,,,0,0,,,,,
0021500117,420,1,46,4,9:52 PM,10:52,,,Douglas 7' Running Jump Shot (9 PTS),78 - 78,TIE,5.0,201962,Toney Douglas,1610612740.0,New Orleans,Pelicans,NOP,0,0,,,,,,0,0,,,,,
0021500117,423,8,0,4,9:53 PM,10:34,SUB: Bazemore FOR Sefolosha,,,,,4.0,200757,Thabo Sefolosha,1610612737.0,Atlanta,Hawks,ATL,4,203145,Kent Bazemore,1610612737.0,Atlanta,Hawks,ATL,0,0,,,,,
0021500117,424,2,1,4,9:53 PM,10:27,MISS Schroder 24' 3PT Jump Shot,,,,,4.0,203471,Dennis Schroder,1610612737.0,Atlanta,Hawks,ATL,0,0,,,,,,0,0,,,,,
0021500117,425,4,0,4,9:53 PM,10:25,,,Gee REBOUND (Off:0 Def:1),,,5.0,202087,Alonzo Gee,1610612740.0,New Orleans,Pelicans,NOP,0,0,,,,,,0,0,,,,,
0021500117,426,2,79,4,9:53 PM,10:04,,,MISS Douglas 25' 3PT Pullup Jump Shot,,,5.0,201962,Toney Douglas,1610612740.0,New Orleans,Pelicans,NOP,0,0,,,,,,0,0,,,,,
0021500117,427,4,0,4,9:54 PM,10:01,Korver REBOUND (Off:0 Def:4),,,,,4.0,2594,Kyle Korver,1610612737.0,Atlanta,Hawks,ATL,0,0,,,,,,0,0,,,,,
0021500117,428,1,1,4,9:54 PM,9:49,Muscala 25' 3PT Jump Shot (3 PTS) (Schroder 3 AST),,,78 - 81,3,4.0,203488,Mike Muscala,1610612737.0,Atlanta,Hawks,ATL,4,203471,Dennis Schroder,1610612737.0,Atlanta,Hawks,ATL,0,0,,,,,
0021500117,430,2,101,4,9:54 PM,9:30,,,MISS Douglas 13' Driving Floating Jump Shot,,,5.0,201962,Toney Douglas,1610612740.0,New Orleans,Pelicans,NOP,0,0,,,,,,0,0,,,,,
0021500117,431,4,0,4,9:54 PM,9:29,Muscala REBOUND (Off:0 Def:1),,,,,4.0,203488,Mike Muscala,1610612737.0,Atlanta,Hawks,ATL,0,0,,,,,,0,0,,,,,
0021500117,432,5,1,4,9:54 PM,9:18,Bazemore Bad Pass Turnover (P3.T12),,Douglas STEAL (2 STL),,,4.0,203145,Kent Bazemore,1610612737.0,Atlanta,Hawks,ATL,5,201962,Toney Douglas,1610612740.0,New Orleans,Pelicans,NOP,0,0,,,,,
0021500117,433,1,41,4,9:54 PM,9:12,,,Gee 1' Running Layup (5 PTS) (Douglas 4 AST),80 - 81,1,5.0,202087,Alonzo Gee,1610612740.0,New Orleans,Pelicans,NOP,5,201962,Toney Douglas,1610612740.0,New Orleans,Pelicans,NOP,0,0,,,,,
0021500117,435,1,78,4,9:55 PM,8:55,Schroder 11' Floating Jump Shot (10 PTS),,,80 - 83,3,4.0,203471,Dennis Schroder,1610612737.0,Atlanta,Hawks,ATL,0,0,,,,,,0,0,,,,,
0021500117,436,5,4,4,9:55 PM,8:35,,,Gee Traveling Turnover (P1.T17),,,5.0,202087,Alonzo Gee,1610612740.0,New Orleans,Pelicans,NOP,0,0,,,,,,1,0,,,,,
0021500117,437,9,4,4,9:55 PM,8:35,,,,,,1.0,0,,,,,,0,0,,,,,,0,0,,,,,
0021500117,440,8,0,4,9:58 PM,8:35,,,SUB: Smith FOR Babbitt,,,5.0,202337,Luke Babbitt,1610612740.0,New Orleans,Pelicans,NOP,5,202397,Ish Smith,1610612740.0,New Orleans,Pelicans,NOP,0,0,,,,,
0021500117,441,8,0,4,9:58 PM,8:35,,,SUB: Gordon FOR Ajinca,,,5.0,201582,Alexis Ajinca,1610612740.0,New Orleans,Pelicans,NOP,5,201569,Eric Gordon,1610612740.0,New Orleans,Pelicans,NOP,0,0,,,,,
0021500117,442,8,0,4,9:58 PM,8:35,,,SUB: Anderson FOR Douglas,,,5.0,201962,Toney Douglas,1610612740.0,New Orleans,Pelicans,NOP,5,201583,Ryan Anderson,1610612740.0,New Orleans,Pelicans,NOP,0,0,,,,,
0021500117,443,1,42,4,9:58 PM,8:24,Schroder 2' Driving Layup (12 PTS),,,80 - 85,5,4.0,203471,Dennis Schroder,1610612737.0,Atlanta,Hawks,ATL,0,0,,,,,,0,0,,,,,
0021500117,444,5,1,4,9:58 PM,8:04,Korver STEAL (2 STL),,Smith Bad Pass Turnover (P3.T18),,,5.0,202397,Ish Smith,1610612740.0,New Orleans,Pelicans,NOP,4,2594,Kyle Korver,1610612737.0,Atlanta,Hawks,ATL,0,0,,,,,
0021500117,445,2,1,4,9:58 PM,7:51,MISS Bazemore 24' 3PT Jump Shot,,,,,4.0,203145,Kent Bazemore,1610612737.0,Atlanta,Hawks,ATL,0,0,,,,,,0,0,,,,,
0021500117,446,4,0,4,9:58 PM,7:49,,,Cunningham REBOUND (Off:1 Def:2),,,5.0,201967,Dante Cunningham,1610612740.0,New Orleans,Pelicans,NOP,0,0,,,,,,0,0,,,,,
0021500117,447,1,101,4,9:59 PM,7:39,,,Gordon 8' Driving Floating Jump Shot (18 PTS),82 - 85,3,5.0,201569,Eric Gordon,1610612740.0,New Orleans,Pelicans,NOP,0,0,,,,,,0,0,,,,,
0021500117,448,1,79,4,9:59 PM,7:26,Korver 21' Pullup Jump Shot (7 PTS) (Schroder 4 AST),,,82 - 87,5,4.0,2594,Kyle Korver,1610612737.0,Atlanta,Hawks,ATL,4,203471,Dennis Schroder,1610612737.0,Atlanta,Hawks,ATL,0,0,,,,,
0021500117,449,6,1,4,9:59 PM,7:15,Bazemore P.FOUL (P3.T1) (G.Zielinski),,,,,4.0,203145,Kent Bazemore,1610612737.0,Atlanta,Hawks,ATL,5,201569,Eric Gordon,1610612740.0,New Orleans,Pelicans,NOP,1,0,,,,,
0021500117,450,8,0,4,9:59 PM,7:15,SUB: Millsap FOR Horford,,,,,4.0,201143,Al Horford,1610612737.0,Atlanta,Hawks,ATL,4,200794,Paul Millsap,1610612737.0,Atlanta,Hawks,ATL,0,0,,,,,
0021500117,451,8,0,4,9:59 PM,7:15,SUB: Teague FOR Korver,,,,,4.0,2594,Kyle Korver,1610612737.0,Atlanta,Hawks,ATL,4,201952,Jeff Teague,1610612737.0,Atlanta,Hawks,ATL,0,0,,,,,
0021500117,452,1,1,4,10:00 PM,7:00,,,Gordon 24' 3PT Jump Shot (21 PTS) (Smith 8 AST),85 - 87,2,5.0,201569,Eric Gordon,1610612740.0,New Orleans,Pelicans,NOP,5,202397,Ish Smith,1610612740.0,New Orleans,Pelicans,NOP,0,0,,,,,
0021500117,453,1,98,4,10:00 PM,6:41,Millsap 1' Cutting Layup Shot (13 PTS) (Muscala 1 AST),,,85 - 89,4,4.0,200794,Paul Millsap,1610612737.0,Atlanta,Hawks,ATL,4,203488,Mike Muscala,1610612737.0,Atlanta,Hawks,ATL,0,0,,,,,
0021500117,454,2,1,4,10:00 PM,6:25,,,MISS Gee  3PT Jump Shot,,,5.0,202087,Alonzo Gee,1610612740.0,New Orleans,Pelicans,NOP,0,0,,,,,,0,0,,,,,
0021500117,455,4,0,4,10:00 PM,6:23,Millsap REBOUND (Off:1 Def:12),,,,,4.0,200794,Paul Millsap,1610612737.0,Atlanta,Hawks,ATL,0,0,,,,,,0,0,,,,,
0021500117,457,6,29,4,10:01 PM,6:02,,,Cunningham Shooting Block Foul (P3.T1) (E.Roe),,,5.0,201967,Dante Cunningham,1610612740.0,New Orleans,Pelicans,NOP,4,203145,Kent Bazemore,1610612737.0,Atlanta,Hawks,ATL,1,0,,,,,
0021500117,458,3,11,4,10:01 PM,6:02,Bazemore Free Throw 1 of 2 (5 PTS),,,85 - 90,5,4.0,203145,Kent Bazemore,1610612737.0,Atlanta,Hawks,ATL,0,0,,,,,,0,0,,,,,
0021500117,460,3,12,4,10:01 PM,6:02,Bazemore Free Throw 2 of 2 (6 PTS),,,85 - 91,6,4.0,203145,Kent Bazemore,1610612737.0,Atlanta,Hawks,ATL,0,0,,,,,,0,0,,,,,
0021500117,462,2,80,4,10:01 PM,5:46,,,MISS Anderson 21' Step Back Jump Shot,,,5.0,201583,Ryan Anderson,1610612740.0,New Orleans,Pelicans,NOP,0,0,,,,,,0,0,,,,,
0021500117,463,4,0,4,10:02 PM,5:44,Schroder REBOUND (Off:0 Def:2),,,,,4.0,203471,Dennis Schroder,1610612737.0,Atlanta,Hawks,ATL,0,0,,,,,,0,0,,,,,
0021500117,464,2,79,4,10:02 PM,5:27,MISS Teague 24' 3PT Pullup Jump Shot,,,,,4.0,201952,Jeff Teague,1610612737.0,Atlanta,Hawks,ATL,0,0,,,,,,0,0,,,,,
0021500117,465,4,0,4,10:02 PM,5:25,,,Cunningham REBOUND (Off:1 Def:3),,,5.0,201967,Dante Cunningham,1610612740.0,New Orleans,Pelicans,NOP,0,0,,,,,,0,0,,,,,
0021500117,466,5,2,4,10:02 PM,5:19,Millsap STEAL (3 STL),,Gordon Lost Ball Turnover (P2.T19),,,5.0,201569,Eric Gordon,1610612740.0,New Orleans,Pelicans,NOP,4,200794,Paul Millsap,1610612737.0,Atlanta,Hawks,ATL,0,0,,,,,
0021500117,467,1,101,4,10:02 PM,5:10,Teague 5' Driving Floating Jump Shot (11 PTS),,,85 - 93,8,4.0,201952,Jeff Teague,1610612737.0,Atlanta,Hawks,ATL,0,0,,,,,,0,0,,,,,
0021500117,468,9,1,4,10:02 PM,5:10,,,Pelicans Timeout: Regular (Reg.4 Short 0),,,3.0,1610612740,,,,,,0,0,,,,,,0,0,,,,,
0021500117,470,8,0,4,10:04 PM,5:10,,,SUB: Babbitt FOR Cunningham,,,5.0,201967,Dante Cunningham,1610612740.0,New Orleans,Pelicans,NOP,5,202337,Luke Babbitt,1610612740.0,New Orleans,Pelicans,NOP,0,0,,,,,
0021500117,471,8,0,4,10:05 PM,5:10,SUB: Korver FOR Schroder,,,,,4.0,203471,Dennis Schroder,1610612737.0,Atlanta,Hawks,ATL,4,2594,Kyle Korver,1610612737.0,Atlanta,Hawks,ATL,0,0,,,,,
0021500117,472,2,101,4,10:05 PM,4:49,Muscala BLOCK (1 BLK),,MISS Gordon 3' Driving Floating Jump Shot,,,5.0,201569,Eric Gordon,1610612740.0,New Orleans,Pelicans,NOP,0,0,,,,,,4,203488,Mike Muscala,1610612737.0,Atlanta,Hawks,ATL
0021500117,474,4,0,4,10:05 PM,4:44,,,Anderson REBOUND (Off:4 Def:5),,,5.0,201583,Ryan Anderson,1610612740.0,New Orleans,Pelicans,NOP,0,0,,,,,,0,0,,,,,
0021500117,473,1,72,4,10:05 PM,4:44,,,Anderson  Putback Layup (17 PTS),87 - 93,6,5.0,201583,Ryan Anderson,1610612740.0,New Orleans,Pelicans,NOP,0,0,,,,,,0,0,,,,,
0021500117,475,1,73,4,10:05 PM,4:39,Teague  Driving Reverse Layup (13 PTS),,,87 - 95,8,4.0,201952,Jeff Teague,1610612737.0,Atlanta,Hawks,ATL,0,0,,,,,,0,0,,,,,
0021500117,476,1,79,4,10:05 PM,4:25,,,Gordon 25' 3PT Pullup Jump Shot (24 PTS),90 - 95,5,5.0,201569,Eric Gordon,1610612740.0,New Orleans,Pelicans,NOP,0,0,,,,,,0,0,,,,,
0021500117,477,1,79,4,10:06 PM,4:00,Bazemore 20' Pullup Jump Shot (8 PTS),,,90 - 97,7,4.0,203145,Kent Bazemore,1610612737.0,Atlanta,Hawks,ATL,0,0,,,,,,0,0,,,,,
0021500117,479,2,1,4,10:06 PM,3:50,,,MISS Gordon 25' 3PT Jump Shot,,,5.0,201569,Eric Gordon,1610612740.0,New Orleans,Pelicans,NOP,0,0,,,,,,0,0,,,,,
0021500117,480,4,0,4,10:06 PM,3:49,Millsap REBOUND (Off:1 Def:13),,,,,4.0,200794,Paul Millsap,1610612737.0,Atlanta,Hawks,ATL,0,0,,,,,,0,0,,,,,
0021500117,481,2,73,4,10:06 PM,3:42,MISS Teague 2' Driving Reverse Layup,,,,,4.0,201952,Jeff Teague,1610612737.0,Atlanta,Hawks,ATL,0,0,,,,,,0,0,,,,,
0021500117,482,4,0,4,10:06 PM,3:42,,,Pelicans Rebound,,,3.0,1610612740,,,,,,0,0,,,,,,0,0,,,,,
0021500117,483,8,0,4,10:07 PM,3:42,SUB: Horford FOR Muscala,,,,,4.0,203488,Mike Muscala,1610612737.0,Atlanta,Hawks,ATL,4,201143,Al Horford,1610612737.0,Atlanta,Hawks,ATL,0,0,,,,,
0021500117,485,6,2,4,10:07 PM,3:36,Teague S.FOUL (P4.T2) (E.Roe),,,,,4.0,201952,Jeff Teague,1610612737.0,Atlanta,Hawks,ATL,5,202337,Luke Babbitt,1610612740.0,New Orleans,Pelicans,NOP,1,0,,,,,
0021500117,486,3,11,4,10:07 PM,3:36,,,MISS Babbitt Free Throw 1 of 2,,,5.0,202337,Luke Babbitt,1610612740.0,New Orleans,Pelicans,NOP,0,0,,,,,,0,0,,,,,
0021500117,487,4,1,4,10:07 PM,3:36,,,Pelicans Rebound,,,3.0,1610612740,,,,,,0,0,,,,,,0,0,,,,,
0021500117,488,3,12,4,10:07 PM,3:36,,,Babbitt Free Throw 2 of 2 (7 PTS),91 - 97,6,5.0,202337,Luke Babbitt,1610612740.0,New Orleans,Pelicans,NOP,0,0,,,,,,0,0,,,,,
0021500117,491,1,47,4,10:08 PM,3:21,Millsap 11' Turnaround Jump Shot (15 PTS) (Bazemore 2 AST),,,91 - 99,8,4.0,200794,Paul Millsap,1610612737.0,Atlanta,Hawks,ATL,4,203145,Kent Bazemore,1610612737.0,Atlanta,Hawks,ATL,0,0,,,,,
0021500117,492,6,2,4,10:08 PM,3:21,,,Gee S.FOUL (P4.T2) (G.Zielinski),,,5.0,202087,Alonzo Gee,1610612740.0,New Orleans,Pelicans,NOP,4,200794,Paul Millsap,1610612737.0,Atlanta,Hawks,ATL,1,0,,,,,
0021500117,493,8,0,4,10:08 PM,3:21,,,SUB: Douglas FOR Babbitt,,,5.0,202337,Luke Babbitt,1610612740.0,New Orleans,Pelicans,NOP,5,201962,Toney Douglas,1610612740.0,New Orleans,Pelicans,NOP,0,0,,,,,
0021500117,494,3,10,4,10:08 PM,3:21,Millsap Free Throw 1 of 1 (16 PTS),,,91 - 100,9,4.0,200794,Paul Millsap,1610612737.0,Atlanta,Hawks,ATL,0,0,,,,,,0,0,,,,,
0021500117,496,2,42,4,10:08 PM,3:11,,,MISS Smith 2' Driving Layup,,,5.0,202397,Ish Smith,1610612740.0,New Orleans,Pelicans,NOP,0,0,,,,,,0,0,,,,,
0021500117,497,4,0,4,10:08 PM,3:09,Horford REBOUND (Off:3 Def:5),,,,,4.0,201143,Al Horford,1610612737.0,Atlanta,Hawks,ATL,0,0,,,,,,0,0,,,,,
0021500117,498,2,46,4,10:08 PM,3:03,MISS Teague 5' Running Jump Shot,,,,,4.0,201952,Jeff Teague,1610612737.0,Atlanta,Hawks,ATL,0,0,,,,,,0,0,,,,,
0021500117,499,4,0,4,10:09 PM,3:01,Millsap REBOUND (Off:2 Def:13),,,,,4.0,200794,Paul Millsap,1610612737.0,Atlanta,Hawks,ATL,0,0,,,,,,0,0,,,,,
0021500117,500,9,1,4,10:09 PM,3:00,HAWKS Timeout: Regular (Full 4 Short 0),,,,,2.0,1610612737,,,,,,0,0,,,,,,0,0,,,,,
0021500117,504,5,45,4,10:11 PM,2:48,Horford Out of Bounds - Bad Pass Turnover Turnover (P2.T13),,,,,4.0,201143,Al Horford,1610612737.0,Atlanta,Hawks,ATL,0,0,,,,,,0,0,,,,,
0021500117,505,2,42,4,10:12 PM,2:31,,,MISS Gordon 1' Driving Layup,,,5.0,201569,Eric Gordon,1610612740.0,New Orleans,Pelicans,NOP,0,0,,,,,,0,0,,,,,
0021500117,506,4,0,4,10:12 PM,2:29,Korver REBOUND (Off:0 Def:5),,,,,4.0,2594,Kyle Korver,1610612737.0,Atlanta,Hawks,ATL,0,0,,,,,,0,0,,,,,
0021500117,507,1,5,4,10:12 PM,2:12,Bazemore  Layup (10 PTS) (Horford 3 AST),,,91 - 102,11,4.0,203145,Kent Bazemore,1610612737.0,Atlanta,Hawks,ATL,4,201143,Al Horford,1610612737.0,Atlanta,Hawks,ATL,0,0,,,,,
0021500117,508,2,42,4,10:12 PM,2:02,,,MISS Douglas 2' Driving Layup,,,5.0,201962,Toney Douglas,1610612740.0,New Orleans,Pelicans,NOP,0,0,,,,,,0,0,,,,,
0021500117,510,4,0,4,10:12 PM,2:00,,,Anderson REBOUND (Off:5 Def:5),,,5.0,201583,Ryan Anderson,1610612740.0,New Orleans,Pelicans,NOP,0,0,,,,,,0,0,,,,,
0021500117,509,2,97,4,10:12 PM,2:00,,,MISS Anderson 1' Tip Layup Shot,,,5.0,201583,Ryan Anderson,1610612740.0,New Orleans,Pelicans,NOP,0,0,,,,,,0,0,,,,,
0021500117,511,4,0,4,10:12 PM,1:59,Millsap REBOUND (Off:2 Def:14),,,,,4.0,200794,Paul Millsap,1610612737.0,Atlanta,Hawks,ATL,0,0,,,,,,0,0,,,,,
0021500117,513,1,79,4,10:13 PM,1:40,Millsap 20' Pullup Jump Shot (18 PTS),,,91 - 104,13,4.0,200794,Paul Millsap,1610612737.0,Atlanta,Hawks,ATL,0,0,,,,,,0,0,,,,,
0021500117,514,6,2,4,10:13 PM,1:40,,,Gee S.FOUL (P5.T3) (S.Foster),,,5.0,202087,Alonzo Gee,1610612740.0,New Orleans,Pelicans,NOP,4,200794,Paul Millsap,1610612737.0,Atlanta,Hawks,ATL,1,0,,,,,
0021500117,515,8,0,4,10:14 PM,1:40,SUB: Muscala FOR Horford,,,,,4.0,201143,Al Horford,1610612737.0,Atlanta,Hawks,ATL,4,203488,Mike Muscala,1610612737.0,Atlanta,Hawks,ATL,0,0,,,,,
0021500117,516,3,10,4,10:14 PM,1:40,Millsap Free Throw 1 of 1 (19 PTS),,,91 - 105,14,4.0,200794,Paul Millsap,1610612737.0,Atlanta,Hawks,ATL,0,0,,,,,,0,0,,,,,
0021500117,518,9,1,4,10:14 PM,1:40,,,Pelicans Timeout: Regular (Reg.5 Short 0),,,3.0,1610612740,,,,,,0,0,,,,,,0,0,,,,,
0021500117,520,8,0,4,10:16 PM,1:40,SUB: Schroder FOR Korver,,,,,4.0,2594,Kyle Korver,1610612737.0,Atlanta,Hawks,ATL,4,203471,Dennis Schroder,1610612737.0,Atlanta,Hawks,ATL,0,0,,,,,
0021500117,521,8,0,4,10:16 PM,1:40,SUB: Sefolosha FOR Muscala,,,,,4.0,203488,Mike Muscala,1610612737.0,Atlanta,Hawks,ATL,4,200757,Thabo Sefolosha,1610612737.0,Atlanta,Hawks,ATL,0,0,,,,,
0021500117,523,1,49,4,10:16 PM,1:29,,,Gordon  Driving Dunk (26 PTS),93 - 105,12,5.0,201569,Eric Gordon,1610612740.0,New Orleans,Pelicans,NOP,0,0,,,,,,0,0,,,,,
0021500117,524,2,42,4,10:17 PM,1:09,MISS Teague 1' Driving Layup,,,,,4.0,201952,Jeff Teague,1610612737.0,Atlanta,Hawks,ATL,0,0,,,,,,0,0,,,,,
0021500117,525,4,0,4,10:17 PM,1:07,,,Anderson REBOUND (Off:5 Def:6),,,5.0,201583,Ryan Anderson,1610612740.0,New Orleans,Pelicans,NOP,0,0,,,,,,0,0,,,,,
0021500117,526,1,108,4,10:17 PM,0:53,,,Gee  Cutting Dunk Shot (7 PTS) (Smith 9 AST),95 - 105,10,5.0,202087,Alonzo Gee,1610612740.0,New Orleans,Pelicans,NOP,5,202397,Ish Smith,1610612740.0,New Orleans,Pelicans,NOP,0,0,,,,,
0021500117,527,2,1,4,10:17 PM,0:28,MISS Bazemore 7' Jump Shot,,,,,4.0,203145,Kent Bazemore,1610612737.0,Atlanta,Hawks,ATL,0,0,,,,,,0,0,,,,,
0021500117,528,4,0,4,10:17 PM,0:25,Sefolosha REBOUND (Off:2 Def:3),,,,,4.0,200757,Thabo Sefolosha,1610612737.0,Atlanta,Hawks,ATL,0,0,,,,,,0,0,,,,,
0021500117,529,6,2,4,10:18 PM,0:06,,,Gordon S.FOUL (P4.PN) (S.Foster),,,5.0,201569,Eric Gordon,1610612740.0,New Orleans,Pelicans,NOP,4,201952,Jeff Teague,1610612737.0,Atlanta,Hawks,ATL,1,0,,,,,
0021500117,530,3,11,4,10:18 PM,0:06,MISS Teague Free Throw 1 of 2,,,,,4.0,201952,Jeff Teague,1610612737.0,Atlanta,Hawks,ATL,0,0,,,,,,0,0,,,,,
0021500117,531,4,1,4,10:18 PM,0:06,HAWKS Rebound,,,,,2.0,1610612737,,,,,,0,0,,,,,,0,0,,,,,
0021500117,532,8,0,4,10:18 PM,0:06,SUB: Muscala FOR Millsap,,,,,4.0,200794,Paul Millsap,1610612737.0,Atlanta,Hawks,ATL,4,203488,Mike Muscala,1610612737.0,Atlanta,Hawks,ATL,0,0,,,,,
0021500117,533,3,12,4,10:18 PM,0:06,Teague Free Throw 2 of 2 (14 PTS),,,95 - 106,11,4.0,201952,Jeff Teague,1610612737.0,Atlanta,Hawks,ATL,0,0,,,,,,0,0,,,,,
0021500117,535,1,1,4,10:19 PM,0:00,,,Douglas 25' 3PT Jump Shot (12 PTS) (Smith 10 AST),98 - 106,8,5.0,201962,Toney Douglas,1610612740.0,New Orleans,Pelicans,NOP,5,202397,Ish Smith,1610612740.0,New Orleans,Pelicans,NOP,0,0,,,,,
0021500117,536,13,0,4,10:19 PM,0:00,,,,98 - 106,8,0.0,0,,,,,,0,0,,,,,,0,0,,,,,
