GAME_ID,EVENTNUM,EVENTMSGTYPE,EVENTMSGACTIONTYPE,PERIOD,WCTIMESTRING,PCTIMESTRING,HOMEDESCRIPTION,NEUTRALDESCRIPTION,VISITORDESCRIPTION,SCORE,SCOREMARGIN,PERSON1TYPE,PLAYER1_ID,PLAYER1_NAME,PLAYER1_TEAM_ID,PLAYER1_TEAM_CITY,PLAYER1_TEAM_NICKNAME,PLAYER1_TEAM_ABBREVIATION,PERSON2TYPE,PLAYER2_ID,PLAYER2_NAME,PLAYER2_TEAM_ID,PLAYER2_TEAM_CITY,PLAYER2_TEAM_NICKNAME,PLAYER2_TEAM_ABBREVIATION,PERSON3TYPE,PLAYER3_ID,PLAYER3_NAME,PLAYER3_TEAM_ID,PLAYER3_TEAM_CITY,PLAYER3_TEAM_NICKNAME,PLAYER3_TEAM_ABBREVIATION
0021500324,0,12,0,1,8:11 PM,12:00,,,,,,0.0,0,,,,,,0,0,,,,,,0,0,,,,,
0021500324,1,10,0,1,8:11 PM,12:00,Jump Ball Monroe vs. Jordan: Tip to Paul,,,,,4.0,202328,Greg Monroe,1610612749.0,Milwaukee,Bucks,MIL,5,201599,DeAndre Jordan,1610612746.0,LA,Clippers,LAC,5,101108,Chris Paul,1610612746.0,LA,Clippers,LAC
0021500324,2,2,1,1,8:11 PM,11:44,,,MISS Redick 15' Jump Shot,,,5.0,200755,JJ Redick,1610612746.0,LA,Clippers,LAC,0,0,,,,,,0,0,,,,,
0021500324,3,4,0,1,8:11 PM,11:43,Parker REBOUND (Off:0 Def:1),,,,,4.0,203953,Jabari Parker,1610612749.0,Milwaukee,Bucks,MIL,0,0,,,,,,0,0,,,,,
0021500324,4,5,2,1,8:12 PM,11:20,Antetokounmpo Lost Ball Turnover (P1.T1),,Mbah a Moute STEAL (1 STL),,,4.0,203507,Giannis Antetokounmpo,1610612749.0,Milwaukee,Bucks,MIL,5,201601,Luc Mbah a Moute,1610612746.0,LA,Clippers,LAC,0,0,,,,,
0021500324,5,2,1,1,8:12 PM,11:12,,,MISS Redick 21' Jump Shot,,,5.0,200755,JJ Redick,1610612746.0,LA,Clippers,LAC,0,0,,,,,,0,0,,,,,
0021500324,6,4,0,1,8:12 PM,11:11,Antetokounmpo REBOUND (Off:0 Def:1),,,,,4.0,203507,Giannis Antetokounmpo,1610612749.0,Milwaukee,Bucks,MIL,0,0,,,,,,0,0,,,,,
0021500324,7,2,1,1,8:12 PM,10:58,MISS Mayo 20' Jump Shot,,,,,4.0,201564,O.J. Mayo,1610612749.0,Milwaukee,Bucks,MIL,0,0,,,,,,0,0,,,,,
0021500324,8,4,0,1,8:12 PM,10:56,,,Griffin REBOUND (Off:0 Def:1),,,5.0,201933,Blake Griffin,1610612746.0,LA,Clippers,LAC,0,0,,,,,,0,0,,,,,
0021500324,9,5,1,1,8:12 PM,10:38,Monroe STEAL (1 STL),,Redick Bad Pass Turnover (P1.T1),,,5.0,200755,JJ Redick,1610612746.0,LA,Clippers,LAC,4,202328,Greg Monroe,1610612749.0,Milwaukee,Bucks,MIL,0,0,,,,,
0021500324,10,2,3,1,8:13 PM,10:29,MISS Monroe 5' Hook Shot,,Jordan BLOCK (1 BLK),,,4.0,202328,Greg Monroe,1610612749.0,Milwaukee,Bucks,MIL,0,0,,,,,,5,201599,DeAndre Jordan,1610612746.0,LA,Clippers,LAC
0021500324,11,4,0,1,8:13 PM,10:27,,,Jordan REBOUND (Off:0 Def:1),,,5.0,201599,DeAndre Jordan,1610612746.0,LA,Clippers,LAC,0,0,,,,,,0,0,,,,,
0021500324,12,6,1,1,8:13 PM,10:20,Middleton P.FOUL (P1.T1) (B.Barnaky),,,,,4.0,203114,Khris Middleton,1610612749.0,Milwaukee,Bucks,MIL,5,101108,Chris Paul,1610612746.0,LA,Clippers,LAC,1,0,,,,,
0021500324,13,5,1,1,8:13 PM,10:16,Mayo STEAL (1 STL),,Griffin Bad Pass Turnover (P1.T2),,,5.0,201933,Blake Griffin,1610612746.0,LA,Clippers,LAC,4,201564,O.J. Mayo,1610612749.0,Milwaukee,Bucks,MIL,0,0,,,,,
0021500324,14,1,7,1,8:13 PM,10:12,Parker  Dunk (2 PTS) (Mayo 1 AST),,,0 - 2,2,4.0,203953,Jabari Parker,1610612749.0,Milwaukee,Bucks,MIL,4,201564,O.J. Mayo,1610612749.0,Milwaukee,Bucks,MIL,0,0,,,,,
0021500324,15,1,1,1,8:13 PM,10:01,,,Redick 24' 3PT Jump Shot (3 PTS) (Griffin 1 AST),3 - 2,-1,5.0,200755,JJ Redick,1610612746.0,LA,Clippers,LAC,5,201933,Blake Griffin,1610612746.0,LA,Clippers,LAC,0,0,,,,,
0021500324,16,2,1,1,8:14 PM,9:48,MISS Middleton 17' Jump Shot,,,,,4.0,203114,Khris Middleton,1610612749.0,Milwaukee,Bucks,MIL,0,0,,,,,,0,0,,,,,
0021500324,17,4,0,1,8:14 PM,9:47,,,Jordan REBOUND (Off:0 Def:2),,,5.0,201599,DeAndre Jordan,1610612746.0,LA,Clippers,LAC,0,0,,,,,,0,0,,,,,
0021500324,18,2,1,1,8:14 PM,9:35,,,MISS Griffin 17' Jump Shot,,,5.0,201933,Blake Griffin,1610612746.0,LA,Clippers,LAC,0,0,,,,,,0,0,,,,,
0021500324,20,4,0,1,8:14 PM,9:34,,,Mbah a Moute REBOUND (Off:1 Def:0),,,5.0,201601,Luc Mbah a Moute,1610612746.0,LA,Clippers,LAC,0,0,,,,,,0,0,,,,,
0021500324,19,2,97,1,8:14 PM,9:34,,,MISS Mbah a Moute  Tip Layup Shot,,,5.0,201601,Luc Mbah a Moute,1610612746.0,LA,Clippers,LAC,0,0,,,,,,0,0,,,,,
0021500324,21,4,0,1,8:14 PM,9:31,Mayo REBOUND (Off:0 Def:1),,,,,4.0,201564,O.J. Mayo,1610612749.0,Milwaukee,Bucks,MIL,0,0,,,,,,0,0,,,,,
0021500324,22,1,41,1,8:14 PM,9:26,Parker 1' Running Layup (4 PTS) (Mayo 2 AST),,,3 - 4,1,4.0,203953,Jabari Parker,1610612749.0,Milwaukee,Bucks,MIL,4,201564,O.J. Mayo,1610612749.0,Milwaukee,Bucks,MIL,0,0,,,,,
0021500324,23,1,1,1,8:14 PM,9:12,,,Redick 26' 3PT Jump Shot (6 PTS) (Paul 1 AST),6 - 4,-2,5.0,200755,JJ Redick,1610612746.0,LA,Clippers,LAC,5,101108,Chris Paul,1610612746.0,LA,Clippers,LAC,0,0,,,,,
0021500324,25,2,1,1,8:15 PM,8:50,MISS Antetokounmpo 19' Jump Shot,,,,,4.0,203507,Giannis Antetokounmpo,1610612749.0,Milwaukee,Bucks,MIL,0,0,,,,,,0,0,,,,,
0021500324,26,4,0,1,8:15 PM,8:47,,,Griffin REBOUND (Off:0 Def:2),,,5.0,201933,Blake Griffin,1610612746.0,LA,Clippers,LAC,0,0,,,,,,0,0,,,,,
0021500324,27,2,7,1,8:15 PM,8:33,Antetokounmpo BLOCK (1 BLK),,MISS Mbah a Moute  Dunk,,,5.0,201601,Luc Mbah a Moute,1610612746.0,LA,Clippers,LAC,0,0,,,,,,4,203507,Giannis Antetokounmpo,1610612749.0,Milwaukee,Bucks,MIL
0021500324,28,4,0,1,8:15 PM,8:33,,,Clippers Rebound,,,3.0,1610612746,,,,,,0,0,,,,,,0,0,,,,,
0021500324,29,1,5,1,8:16 PM,8:27,,,Griffin 2' Layup (2 PTS),8 - 4,-4,5.0,201933,Blake Griffin,1610612746.0,LA,Clippers,LAC,0,0,,,,,,0,0,,,,,
0021500324,30,1,5,1,8:16 PM,8:18,Antetokounmpo 3' Layup (2 PTS) (Mayo 3 AST),,,8 - 6,-2,4.0,203507,Giannis Antetokounmpo,1610612749.0,Milwaukee,Bucks,MIL,4,201564,O.J. Mayo,1610612749.0,Milwaukee,Bucks,MIL,0,0,,,,,
0021500324,31,2,1,1,8:16 PM,8:04,,,MISS Paul 11' Jump Shot,,,5.0,101108,Chris Paul,1610612746.0,LA,Clippers,LAC,0,0,,,,,,0,0,,,,,
0021500324,32,4,0,1,8:16 PM,8:03,Middleton REBOUND (Off:0 Def:1),,,,,4.0,203114,Khris Middleton,1610612749.0,Milwaukee,Bucks,MIL,0,0,,,,,,0,0,,,,,
0021500324,33,1,3,1,8:16 PM,7:52,Monroe 4' Hook Shot (2 PTS),,,8 - 8,TIE,4.0,202328,Greg Monroe,1610612749.0,Milwaukee,Bucks,MIL,0,0,,,,,,0,0,,,,,
0021500324,34,7,2,1,8:16 PM,7:52,,,Jordan Violation:Defensive Goaltending (S.Corbin),,,5.0,201599,DeAndre Jordan,1610612746.0,LA,Clippers,LAC,0,0,,,,,,1,0,,,,,
0021500324,37,2,45,1,8:17 PM,7:40,,,MISS Redick 25' 3PT Jump Shot,,,5.0,200755,JJ Redick,1610612746.0,LA,Clippers,LAC,0,0,,,,,,0,0,,,,,
0021500324,35,4,0,1,8:17 PM,7:36,Monroe REBOUND (Off:0 Def:1),,,,,4.0,202328,Greg Monroe,1610612749.0,Milwaukee,Bucks,MIL,0,0,,,,,,0,0,,,,,
0021500324,36,1,63,1,8:17 PM,7:27,Mayo 13' Fadeaway Jumper (2 PTS),,,8 - 10,2,4.0,201564,O.J. Mayo,1610612749.0,Milwaukee,Bucks,MIL,0,0,,,,,,0,0,,,,,
0021500324,38,1,42,1,8:17 PM,7:04,,,Mbah a Moute 1' Driving Layup (2 PTS) (Paul 2 AST),10 - 10,TIE,5.0,201601,Luc Mbah a Moute,1610612746.0,LA,Clippers,LAC,5,101108,Chris Paul,1610612746.0,LA,Clippers,LAC,0,0,,,,,
0021500324,39,2,5,1,8:18 PM,6:38,MISS Antetokounmpo 1' Layup,,,,,4.0,203507,Giannis Antetokounmpo,1610612749.0,Milwaukee,Bucks,MIL,0,0,,,,,,0,0,,,,,
0021500324,40,4,0,1,8:18 PM,6:36,Parker REBOUND (Off:1 Def:1),,,,,4.0,203953,Jabari Parker,1610612749.0,Milwaukee,Bucks,MIL,0,0,,,,,,0,0,,,,,
0021500324,41,2,1,1,8:18 PM,6:34,MISS Monroe 12' Jump Shot,,,,,4.0,202328,Greg Monroe,1610612749.0,Milwaukee,Bucks,MIL,0,0,,,,,,0,0,,,,,
0021500324,42,4,0,1,8:18 PM,6:32,,,Griffin REBOUND (Off:0 Def:3),,,5.0,201933,Blake Griffin,1610612746.0,LA,Clippers,LAC,0,0,,,,,,0,0,,,,,
0021500324,43,1,108,1,8:18 PM,6:26,,,Jordan  Cutting Dunk Shot (2 PTS) (Paul 3 AST),12 - 10,-2,5.0,201599,DeAndre Jordan,1610612746.0,LA,Clippers,LAC,5,101108,Chris Paul,1610612746.0,LA,Clippers,LAC,0,0,,,,,
0021500324,44,6,2,1,8:18 PM,6:26,Monroe S.FOUL (P1.T2) (S.Corbin),,,,,4.0,202328,Greg Monroe,1610612749.0,Milwaukee,Bucks,MIL,5,201599,DeAndre Jordan,1610612746.0,LA,Clippers,LAC,1,0,,,,,
0021500324,45,3,10,1,8:19 PM,6:26,,,MISS Jordan Free Throw 1 of 1,,,5.0,201599,DeAndre Jordan,1610612746.0,LA,Clippers,LAC,0,0,,,,,,0,0,,,,,
0021500324,47,4,0,1,8:19 PM,6:25,,,Mbah a Moute REBOUND (Off:2 Def:0),,,5.0,201601,Luc Mbah a Moute,1610612746.0,LA,Clippers,LAC,0,0,,,,,,0,0,,,,,
0021500324,48,2,1,1,8:20 PM,6:15,,,MISS Mbah a Moute  3PT Jump Shot,,,5.0,201601,Luc Mbah a Moute,1610612746.0,LA,Clippers,LAC,0,0,,,,,,0,0,,,,,
0021500324,49,4,0,1,8:20 PM,6:13,,,Jordan REBOUND (Off:1 Def:2),,,5.0,201599,DeAndre Jordan,1610612746.0,LA,Clippers,LAC,0,0,,,,,,0,0,,,,,
0021500324,50,6,2,1,8:20 PM,6:10,Antetokounmpo S.FOUL (P1.T3) (B.Barnaky),,,,,4.0,203507,Giannis Antetokounmpo,1610612749.0,Milwaukee,Bucks,MIL,5,201933,Blake Griffin,1610612746.0,LA,Clippers,LAC,1,0,,,,,
0021500324,52,3,11,1,8:20 PM,6:10,,,MISS Griffin Free Throw 1 of 2,,,5.0,201933,Blake Griffin,1610612746.0,LA,Clippers,LAC,0,0,,,,,,0,0,,,,,
0021500324,53,4,1,1,8:20 PM,6:10,,,Clippers Rebound,,,3.0,1610612746,,,,,,0,0,,,,,,0,0,,,,,
0021500324,54,3,12,1,8:20 PM,6:10,,,Griffin Free Throw 2 of 2 (3 PTS),13 - 10,-3,5.0,201933,Blake Griffin,1610612746.0,LA,Clippers,LAC,0,0,,,,,,0,0,,,,,
0021500324,57,2,1,1,8:21 PM,6:00,MISS Antetokounmpo 25' 3PT Jump Shot,,,,,4.0,203507,Giannis Antetokounmpo,1610612749.0,Milwaukee,Bucks,MIL,0,0,,,,,,0,0,,,,,
0021500324,58,4,0,1,8:21 PM,5:58,Monroe REBOUND (Off:1 Def:1),,,,,4.0,202328,Greg Monroe,1610612749.0,Milwaukee,Bucks,MIL,0,0,,,,,,0,0,,,,,
0021500324,60,1,3,1,8:21 PM,5:49,Monroe 4' Hook Shot (4 PTS),,,13 - 12,-1,4.0,202328,Greg Monroe,1610612749.0,Milwaukee,Bucks,MIL,0,0,,,,,,0,0,,,,,
0021500324,62,5,45,1,8:21 PM,5:27,,,Paul Out of Bounds - Bad Pass Turnover Turnover (P1.T3),,,5.0,101108,Chris Paul,1610612746.0,LA,Clippers,LAC,0,0,,,,,,0,0,,,,,
0021500324,63,9,1,1,8:21 PM,5:27,BUCKS Timeout: Regular (Full 1 Short 0),,,,,2.0,1610612749,,,,,,0,0,,,,,,0,0,,,,,
0021500324,65,8,0,1,8:23 PM,5:27,,,SUB: W. Johnson FOR Mbah a Moute,,,5.0,201601,Luc Mbah a Moute,1610612746.0,LA,Clippers,LAC,5,202325,Wesley Johnson,1610612746.0,LA,Clippers,LAC,0,0,,,,,
0021500324,66,8,0,1,8:24 PM,5:27,SUB: Carter-Williams FOR Mayo,,,,,4.0,201564,O.J. Mayo,1610612749.0,Milwaukee,Bucks,MIL,4,203487,Michael Carter-Williams,1610612749.0,Milwaukee,Bucks,MIL,0,0,,,,,
0021500324,67,6,1,1,8:24 PM,5:21,,,Griffin P.FOUL (P1.T1) (B.Barnaky),,,5.0,201933,Blake Griffin,1610612746.0,LA,Clippers,LAC,4,203953,Jabari Parker,1610612749.0,Milwaukee,Bucks,MIL,1,0,,,,,
0021500324,68,2,1,1,8:24 PM,5:09,MISS Parker 16' Jump Shot,,,,,4.0,203953,Jabari Parker,1610612749.0,Milwaukee,Bucks,MIL,0,0,,,,,,0,0,,,,,
0021500324,69,4,0,1,8:24 PM,5:08,,,Paul REBOUND (Off:0 Def:1),,,5.0,101108,Chris Paul,1610612746.0,LA,Clippers,LAC,0,0,,,,,,0,0,,,,,
0021500324,70,6,2,1,8:25 PM,4:47,Antetokounmpo S.FOUL (P2.T4) (B.Barnaky),,,,,4.0,203507,Giannis Antetokounmpo,1610612749.0,Milwaukee,Bucks,MIL,5,202325,Wesley Johnson,1610612746.0,LA,Clippers,LAC,1,0,,,,,
0021500324,71,3,11,1,8:25 PM,4:47,,,MISS W. Johnson Free Throw 1 of 2,,,5.0,202325,Wesley Johnson,1610612746.0,LA,Clippers,LAC,0,0,,,,,,0,0,,,,,
0021500324,72,4,1,1,8:25 PM,4:47,,,Clippers Rebound,,,3.0,1610612746,,,,,,0,0,,,,,,0,0,,,,,
0021500324,73,8,0,1,8:25 PM,4:47,SUB: Vaughn FOR Antetokounmpo,,,,,4.0,203507,Giannis Antetokounmpo,1610612749.0,Milwaukee,Bucks,MIL,4,1626173,Rashad Vaughn,1610612749.0,Milwaukee,Bucks,MIL,0,0,,,,,
0021500324,74,3,12,1,8:25 PM,4:47,,,W. Johnson Free Throw 2 of 2 (1 PTS),14 - 12,-2,5.0,202325,Wesley Johnson,1610612746.0,LA,Clippers,LAC,0,0,,,,,,0,0,,,,,
0021500324,76,2,1,1,8:26 PM,4:38,MISS Carter-Williams 16' Jump Shot,,,,,4.0,203487,Michael Carter-Williams,1610612749.0,Milwaukee,Bucks,MIL,0,0,,,,,,0,0,,,,,
0021500324,77,4,0,1,8:26 PM,4:36,,,Griffin REBOUND (Off:0 Def:4),,,5.0,201933,Blake Griffin,1610612746.0,LA,Clippers,LAC,0,0,,,,,,0,0,,,,,
0021500324,78,1,101,1,8:26 PM,4:26,,,Paul 9' Driving Floating Jump Shot (2 PTS) (Griffin 2 AST),16 - 12,-4,5.0,101108,Chris Paul,1610612746.0,LA,Clippers,LAC,5,201933,Blake Griffin,1610612746.0,LA,Clippers,LAC,0,0,,,,,
0021500324,79,2,5,1,8:26 PM,4:12,MISS Carter-Williams 1' Layup,,,,,4.0,203487,Michael Carter-Williams,1610612749.0,Milwaukee,Bucks,MIL,0,0,,,,,,0,0,,,,,
0021500324,80,4,0,1,8:26 PM,4:10,,,Griffin REBOUND (Off:0 Def:5),,,5.0,201933,Blake Griffin,1610612746.0,LA,Clippers,LAC,0,0,,,,,,0,0,,,,,
0021500324,81,2,1,1,8:26 PM,4:05,,,MISS Redick 28' 3PT Jump Shot,,,5.0,200755,JJ Redick,1610612746.0,LA,Clippers,LAC,0,0,,,,,,0,0,,,,,
0021500324,83,4,0,1,8:26 PM,4:03,,,Griffin REBOUND (Off:1 Def:5),,,5.0,201933,Blake Griffin,1610612746.0,LA,Clippers,LAC,0,0,,,,,,0,0,,,,,
0021500324,82,2,97,1,8:26 PM,4:03,,,MISS Griffin 1' Tip Layup Shot,,,5.0,201933,Blake Griffin,1610612746.0,LA,Clippers,LAC,0,0,,,,,,0,0,,,,,
0021500324,84,4,0,1,8:26 PM,4:01,Parker REBOUND (Off:1 Def:2),,,,,4.0,203953,Jabari Parker,1610612749.0,Milwaukee,Bucks,MIL,0,0,,,,,,0,0,,,,,
0021500324,85,1,1,1,8:27 PM,3:44,Middleton 27' 3PT Jump Shot (3 PTS),,,16 - 15,-1,4.0,203114,Khris Middleton,1610612749.0,Milwaukee,Bucks,MIL,0,0,,,,,,0,0,,,,,
0021500324,86,1,1,1,8:27 PM,3:25,,,Redick 23' Jump Shot (8 PTS) (Paul 4 AST),18 - 15,-3,5.0,200755,JJ Redick,1610612746.0,LA,Clippers,LAC,5,101108,Chris Paul,1610612746.0,LA,Clippers,LAC,0,0,,,,,
0021500324,87,2,1,1,8:27 PM,3:08,MISS Vaughn  3PT Jump Shot,,,,,4.0,1626173,Rashad Vaughn,1610612749.0,Milwaukee,Bucks,MIL,0,0,,,,,,0,0,,,,,
0021500324,88,4,0,1,8:27 PM,3:07,BUCKS Rebound,,,,,2.0,1610612749,,,,,,0,0,,,,,,0,0,,,,,
0021500324,89,8,0,1,8:27 PM,3:07,SUB: O'Bryant III FOR Parker,,,,,4.0,203953,Jabari Parker,1610612749.0,Milwaukee,Bucks,MIL,4,203948,Johnny O'Bryant III,1610612749.0,Milwaukee,Bucks,MIL,0,0,,,,,
0021500324,90,8,0,1,8:28 PM,3:07,,,SUB: Crawford FOR Jordan,,,5.0,201599,DeAndre Jordan,1610612746.0,LA,Clippers,LAC,5,2037,Jamal Crawford,1610612746.0,LA,Clippers,LAC,0,0,,,,,
0021500324,91,8,0,1,8:28 PM,3:07,,,SUB: Smith FOR Redick,,,5.0,200755,JJ Redick,1610612746.0,LA,Clippers,LAC,5,2746,Josh Smith,1610612746.0,LA,Clippers,LAC,0,0,,,,,
0021500324,92,2,1,1,8:28 PM,2:54,MISS Middleton  3PT Jump Shot,,,,,4.0,203114,Khris Middleton,1610612749.0,Milwaukee,Bucks,MIL,0,0,,,,,,0,0,,,,,
0021500324,93,4,0,1,8:28 PM,2:53,,,Griffin REBOUND (Off:1 Def:6),,,5.0,201933,Blake Griffin,1610612746.0,LA,Clippers,LAC,0,0,,,,,,0,0,,,,,
0021500324,94,2,5,1,8:28 PM,2:44,,,MISS Smith 3' Layup,,,5.0,2746,Josh Smith,1610612746.0,LA,Clippers,LAC,0,0,,,,,,0,0,,,,,
0021500324,95,4,0,1,8:28 PM,2:42,,,Smith REBOUND (Off:1 Def:0),,,5.0,2746,Josh Smith,1610612746.0,LA,Clippers,LAC,0,0,,,,,,0,0,,,,,
0021500324,96,2,1,1,8:28 PM,2:38,,,MISS W. Johnson 27' 3PT Jump Shot,,,5.0,202325,Wesley Johnson,1610612746.0,LA,Clippers,LAC,0,0,,,,,,0,0,,,,,
0021500324,97,4,0,1,8:28 PM,2:37,Monroe REBOUND (Off:1 Def:2),,,,,4.0,202328,Greg Monroe,1610612749.0,Milwaukee,Bucks,MIL,0,0,,,,,,0,0,,,,,
0021500324,98,1,58,1,8:28 PM,2:24,Monroe 7' Turnaround Hook Shot (6 PTS) (Carter-Williams 1 AST),,,18 - 17,-1,4.0,202328,Greg Monroe,1610612749.0,Milwaukee,Bucks,MIL,4,203487,Michael Carter-Williams,1610612749.0,Milwaukee,Bucks,MIL,0,0,,,,,
0021500324,99,1,1,1,8:29 PM,2:11,,,Griffin 18' Jump Shot (5 PTS) (Paul 5 AST),20 - 17,-3,5.0,201933,Blake Griffin,1610612746.0,LA,Clippers,LAC,5,101108,Chris Paul,1610612746.0,LA,Clippers,LAC,0,0,,,,,
0021500324,100,1,71,1,8:29 PM,1:53,Carter-Williams 2' Finger Roll Layup (2 PTS),,,20 - 19,-1,4.0,203487,Michael Carter-Williams,1610612749.0,Milwaukee,Bucks,MIL,0,0,,,,,,0,0,,,,,
0021500324,101,9,1,1,8:29 PM,1:51,,,Clippers Timeout: Regular (Reg.1 Short 0),,,3.0,1610612746,,,,,,0,0,,,,,,0,0,,,,,
0021500324,104,8,0,1,8:31 PM,1:51,,,SUB: Rivers FOR Paul,,,5.0,101108,Chris Paul,1610612746.0,LA,Clippers,LAC,5,203085,Austin Rivers,1610612746.0,LA,Clippers,LAC,0,0,,,,,
0021500324,105,5,1,1,8:32 PM,1:27,Vaughn STEAL (1 STL),,Crawford Bad Pass Turnover (P1.T4),,,5.0,2037,Jamal Crawford,1610612746.0,LA,Clippers,LAC,4,1626173,Rashad Vaughn,1610612749.0,Milwaukee,Bucks,MIL,0,0,,,,,
0021500324,106,5,1,1,8:32 PM,1:24,Carter-Williams Bad Pass Turnover (P1.T2),,W. Johnson STEAL (1 STL),,,4.0,203487,Michael Carter-Williams,1610612749.0,Milwaukee,Bucks,MIL,5,202325,Wesley Johnson,1610612746.0,LA,Clippers,LAC,0,0,,,,,
0021500324,107,6,2,1,8:32 PM,1:22,O'Bryant III S.FOUL (P1.PN) (K.Scott),,,,,4.0,203948,Johnny O'Bryant III,1610612749.0,Milwaukee,Bucks,MIL,5,2746,Josh Smith,1610612746.0,LA,Clippers,LAC,1,0,,,,,
0021500324,108,3,11,1,8:32 PM,1:22,,,Smith Free Throw 1 of 2 (1 PTS),21 - 19,-2,5.0,2746,Josh Smith,1610612746.0,LA,Clippers,LAC,0,0,,,,,,0,0,,,,,
0021500324,110,8,0,1,8:33 PM,1:22,,,SUB: Pierce FOR Griffin,,,5.0,201933,Blake Griffin,1610612746.0,LA,Clippers,LAC,5,1718,Paul Pierce,1610612746.0,LA,Clippers,LAC,0,0,,,,,
0021500324,111,3,12,1,8:33 PM,1:22,,,Smith Free Throw 2 of 2 (2 PTS),22 - 19,-3,5.0,2746,Josh Smith,1610612746.0,LA,Clippers,LAC,0,0,,,,,,0,0,,,,,
0021500324,113,2,5,1,8:33 PM,1:11,MISS Monroe 1' Layup,,Smith BLOCK (1 BLK),,,4.0,202328,Greg Monroe,1610612749.0,Milwaukee,Bucks,MIL,0,0,,,,,,5,2746,Josh Smith,1610612746.0,LA,Clippers,LAC
0021500324,114,4,0,1,8:33 PM,1:09,,,Pierce REBOUND (Off:0 Def:1),,,5.0,1718,Paul Pierce,1610612746.0,LA,Clippers,LAC,0,0,,,,,,0,0,,,,,
0021500324,115,5,2,1,8:33 PM,1:03,Carter-Williams STEAL (1 STL),,Rivers Lost Ball Turnover (P1.T5),,,5.0,203085,Austin Rivers,1610612746.0,LA,Clippers,LAC,4,203487,Michael Carter-Williams,1610612749.0,Milwaukee,Bucks,MIL,0,0,,,,,
0021500324,116,1,5,1,8:33 PM,1:01,Carter-Williams 1' Layup (4 PTS),,,22 - 21,-1,4.0,203487,Michael Carter-Williams,1610612749.0,Milwaukee,Bucks,MIL,0,0,,,,,,0,0,,,,,
0021500324,117,6,2,1,8:33 PM,1:01,,,Pierce S.FOUL (P1.T2) (K.Scott),,,5.0,1718,Paul Pierce,1610612746.0,LA,Clippers,LAC,4,203487,Michael Carter-Williams,1610612749.0,Milwaukee,Bucks,MIL,1,0,,,,,
0021500324,118,3,10,1,8:34 PM,1:01,Carter-Williams Free Throw 1 of 1 (5 PTS),,,22 - 22,TIE,4.0,203487,Michael Carter-Williams,1610612749.0,Milwaukee,Bucks,MIL,0,0,,,,,,0,0,,,,,
0021500324,120,2,1,1,8:34 PM,0:49,,,MISS Crawford 16' Jump Shot,,,5.0,2037,Jamal Crawford,1610612746.0,LA,Clippers,LAC,0,0,,,,,,0,0,,,,,
0021500324,121,4,0,1,8:34 PM,0:48,Middleton REBOUND (Off:0 Def:2),,,,,4.0,203114,Khris Middleton,1610612749.0,Milwaukee,Bucks,MIL,0,0,,,,,,0,0,,,,,
0021500324,122,1,101,1,8:34 PM,0:42,Carter-Williams 5' Driving Floating Jump Shot (7 PTS) (Middleton 1 AST),,,22 - 24,2,4.0,203487,Michael Carter-Williams,1610612749.0,Milwaukee,Bucks,MIL,4,203114,Khris Middleton,1610612749.0,Milwaukee,Bucks,MIL,0,0,,,,,
0021500324,123,2,5,1,8:35 PM,0:29,,,MISS W. Johnson 2' Layup,,,5.0,202325,Wesley Johnson,1610612746.0,LA,Clippers,LAC,0,0,,,,,,0,0,,,,,
0021500324,124,4,0,1,8:35 PM,0:27,Vaughn REBOUND (Off:0 Def:1),,,,,4.0,1626173,Rashad Vaughn,1610612749.0,Milwaukee,Bucks,MIL,0,0,,,,,,0,0,,,,,
0021500324,125,1,49,1,8:35 PM,0:07,Carter-Williams  Driving Dunk (9 PTS),,,22 - 26,4,4.0,203487,Michael Carter-Williams,1610612749.0,Milwaukee,Bucks,MIL,0,0,,,,,,0,0,,,,,
0021500324,126,1,1,1,8:35 PM,0:00,,,Smith  3PT Jump Shot (5 PTS) (Rivers 1 AST),25 - 26,1,5.0,2746,Josh Smith,1610612746.0,LA,Clippers,LAC,5,203085,Austin Rivers,1610612746.0,LA,Clippers,LAC,0,0,,,,,
0021500324,127,18,0,1,8:35 PM,0:00,,,,,,,126,,,,,,0,0,,,,,,1,0,,,,,
0021500324,128,13,0,1,8:36 PM,0:00,,,,25 - 26,1,0.0,0,,,,,,0,0,,,,,,0,0,,,,,
0021500324,130,12,0,2,8:38 PM,12:00,,,,25 - 26,1,0.0,0,,,,,,0,0,,,,,,0,0,,,,,
0021500324,131,1,3,2,8:38 PM,11:42,Henson 6' Hook Shot (2 PTS) (Carter-Williams 2 AST),,,25 - 28,3,4.0,203089,John Henson,1610612749.0,Milwaukee,Bucks,MIL,4,203487,Michael Carter-Williams,1610612749.0,Milwaukee,Bucks,MIL,0,0,,,,,
0021500324,132,6,1,2,8:39 PM,11:21,Henson P.FOUL (P1.T1) (K.Scott),,,,,4.0,203089,John Henson,1610612749.0,Milwaukee,Bucks,MIL,5,201599,DeAndre Jordan,1610612746.0,LA,Clippers,LAC,1,0,,,,,
0021500324,133,2,1,2,8:39 PM,11:05,,,MISS Crawford 28' 3PT Jump Shot,,,5.0,2037,Jamal Crawford,1610612746.0,LA,Clippers,LAC,0,0,,,,,,0,0,,,,,
0021500324,134,4,0,2,8:39 PM,11:04,Mayo REBOUND (Off:0 Def:2),,,,,4.0,201564,O.J. Mayo,1610612749.0,Milwaukee,Bucks,MIL,0,0,,,,,,0,0,,,,,
0021500324,135,1,1,2,8:40 PM,10:38,O'Bryant III 24' 3PT Jump Shot (3 PTS) (Mayo 4 AST),,,25 - 31,6,4.0,203948,Johnny O'Bryant III,1610612749.0,Milwaukee,Bucks,MIL,4,201564,O.J. Mayo,1610612749.0,Milwaukee,Bucks,MIL,0,0,,,,,
0021500324,137,2,1,2,8:40 PM,10:13,,,MISS Pierce 26' 3PT Jump Shot,,,5.0,1718,Paul Pierce,1610612746.0,LA,Clippers,LAC,0,0,,,,,,0,0,,,,,
0021500324,138,4,0,2,8:40 PM,10:12,Vaughn REBOUND (Off:0 Def:2),,,,,4.0,1626173,Rashad Vaughn,1610612749.0,Milwaukee,Bucks,MIL,0,0,,,,,,0,0,,,,,
0021500324,139,6,29,2,8:40 PM,10:01,,,Rivers Shooting Block Foul (P1.T1) (K.Scott),,,5.0,203085,Austin Rivers,1610612746.0,LA,Clippers,LAC,4,203487,Michael Carter-Williams,1610612749.0,Milwaukee,Bucks,MIL,1,0,,,,,
0021500324,141,3,11,2,8:41 PM,10:01,Carter-Williams Free Throw 1 of 2 (10 PTS),,,25 - 32,7,4.0,203487,Michael Carter-Williams,1610612749.0,Milwaukee,Bucks,MIL,0,0,,,,,,0,0,,,,,
0021500324,143,3,12,2,8:41 PM,10:01,MISS Carter-Williams Free Throw 2 of 2,,,,,4.0,203487,Michael Carter-Williams,1610612749.0,Milwaukee,Bucks,MIL,0,0,,,,,,0,0,,,,,
0021500324,145,4,0,2,8:41 PM,10:00,,,Jordan REBOUND (Off:1 Def:3),,,5.0,201599,DeAndre Jordan,1610612746.0,LA,Clippers,LAC,0,0,,,,,,0,0,,,,,
0021500324,146,2,1,2,8:41 PM,9:48,,,MISS Crawford 8' Jump Shot,,,5.0,2037,Jamal Crawford,1610612746.0,LA,Clippers,LAC,0,0,,,,,,0,0,,,,,
0021500324,148,4,0,2,8:41 PM,9:46,,,Crawford REBOUND (Off:1 Def:0),,,5.0,2037,Jamal Crawford,1610612746.0,LA,Clippers,LAC,0,0,,,,,,0,0,,,,,
0021500324,147,2,97,2,8:41 PM,9:46,,,MISS Crawford 1' Tip Layup Shot,,,5.0,2037,Jamal Crawford,1610612746.0,LA,Clippers,LAC,0,0,,,,,,0,0,,,,,
0021500324,149,4,0,2,8:41 PM,9:45,Vaughn REBOUND (Off:0 Def:3),,,,,4.0,1626173,Rashad Vaughn,1610612749.0,Milwaukee,Bucks,MIL,0,0,,,,,,0,0,,,,,
0021500324,150,6,1,2,8:42 PM,9:40,,,Stephenson P.FOUL (P1.T2) (S.Corbin),,,5.0,202362,Lance Stephenson,1610612746.0,LA,Clippers,LAC,4,201564,O.J. Mayo,1610612749.0,Milwaukee,Bucks,MIL,1,0,,,,,
0021500324,152,8,0,2,8:42 PM,9:40,,,SUB: Paul FOR Rivers,,,5.0,203085,Austin Rivers,1610612746.0,LA,Clippers,LAC,5,101108,Chris Paul,1610612746.0,LA,Clippers,LAC,0,0,,,,,
0021500324,153,1,5,2,8:42 PM,9:27,Henson 1' Layup (4 PTS) (Vaughn 1 AST),,,25 - 34,9,4.0,203089,John Henson,1610612749.0,Milwaukee,Bucks,MIL,4,1626173,Rashad Vaughn,1610612749.0,Milwaukee,Bucks,MIL,0,0,,,,,
0021500324,154,1,1,2,8:42 PM,9:18,,,Crawford 25' 3PT Jump Shot (3 PTS) (Paul 6 AST),28 - 34,6,5.0,2037,Jamal Crawford,1610612746.0,LA,Clippers,LAC,5,101108,Chris Paul,1610612746.0,LA,Clippers,LAC,0,0,,,,,
0021500324,156,2,5,2,8:42 PM,9:05,MISS Vaughn 2' Layup,,Jordan BLOCK (2 BLK),,,4.0,1626173,Rashad Vaughn,1610612749.0,Milwaukee,Bucks,MIL,0,0,,,,,,5,201599,DeAndre Jordan,1610612746.0,LA,Clippers,LAC
0021500324,157,4,0,2,8:42 PM,9:02,,,Paul REBOUND (Off:0 Def:2),,,5.0,101108,Chris Paul,1610612746.0,LA,Clippers,LAC,0,0,,,,,,0,0,,,,,
0021500324,159,6,2,2,8:43 PM,8:50,Henson S.FOUL (P2.T2) (S.Corbin),,,,,4.0,203089,John Henson,1610612749.0,Milwaukee,Bucks,MIL,5,1718,Paul Pierce,1610612746.0,LA,Clippers,LAC,1,0,,,,,
0021500324,160,9,4,2,8:43 PM,8:50,,,,,,1.0,0,,,,,,0,0,,,,,,0,0,,,,,
0021500324,164,3,11,2,8:46 PM,8:50,,,MISS Pierce Free Throw 1 of 2,,,5.0,1718,Paul Pierce,1610612746.0,LA,Clippers,LAC,0,0,,,,,,0,0,,,,,
0021500324,165,4,1,2,8:46 PM,8:50,,,Clippers Rebound,,,3.0,1610612746,,,,,,0,0,,,,,,0,0,,,,,
0021500324,166,3,12,2,8:46 PM,8:50,,,Pierce Free Throw 2 of 2 (1 PTS),29 - 34,5,5.0,1718,Paul Pierce,1610612746.0,LA,Clippers,LAC,0,0,,,,,,0,0,,,,,
0021500324,168,1,1,2,8:46 PM,8:40,Mayo 15' Jump Shot (4 PTS) (Carter-Williams 3 AST),,,29 - 36,7,4.0,201564,O.J. Mayo,1610612749.0,Milwaukee,Bucks,MIL,4,203487,Michael Carter-Williams,1610612749.0,Milwaukee,Bucks,MIL,0,0,,,,,
0021500324,169,2,79,2,8:46 PM,8:21,,,MISS Crawford 13' Pullup Jump Shot,,,5.0,2037,Jamal Crawford,1610612746.0,LA,Clippers,LAC,0,0,,,,,,0,0,,,,,
0021500324,170,4,0,2,8:46 PM,8:20,Henson REBOUND (Off:0 Def:1),,,,,4.0,203089,John Henson,1610612749.0,Milwaukee,Bucks,MIL,0,0,,,,,,0,0,,,,,
0021500324,171,2,5,2,8:47 PM,8:06,MISS Henson 2' Layup,,,,,4.0,203089,John Henson,1610612749.0,Milwaukee,Bucks,MIL,0,0,,,,,,0,0,,,,,
0021500324,172,4,0,2,8:47 PM,8:04,,,Jordan REBOUND (Off:1 Def:4),,,5.0,201599,DeAndre Jordan,1610612746.0,LA,Clippers,LAC,0,0,,,,,,0,0,,,,,
0021500324,173,2,1,2,8:47 PM,7:54,,,MISS Paul 26' 3PT Jump Shot,,,5.0,101108,Chris Paul,1610612746.0,LA,Clippers,LAC,0,0,,,,,,0,0,,,,,
0021500324,174,4,0,2,8:47 PM,7:53,Mayo REBOUND (Off:0 Def:3),,,,,4.0,201564,O.J. Mayo,1610612749.0,Milwaukee,Bucks,MIL,0,0,,,,,,0,0,,,,,
0021500324,175,1,1,2,8:47 PM,7:44,Mayo 17' Jump Shot (6 PTS),,,29 - 38,9,4.0,201564,O.J. Mayo,1610612749.0,Milwaukee,Bucks,MIL,0,0,,,,,,0,0,,,,,
0021500324,176,6,1,2,8:47 PM,7:30,Carter-Williams P.FOUL (P1.T3) (S.Corbin),,,,,4.0,203487,Michael Carter-Williams,1610612749.0,Milwaukee,Bucks,MIL,5,101108,Chris Paul,1610612746.0,LA,Clippers,LAC,1,0,,,,,
0021500324,177,8,0,2,8:47 PM,7:30,,,SUB: Griffin FOR Pierce,,,5.0,1718,Paul Pierce,1610612746.0,LA,Clippers,LAC,5,201933,Blake Griffin,1610612746.0,LA,Clippers,LAC,0,0,,,,,
0021500324,178,8,0,2,8:48 PM,7:30,,,SUB: Redick FOR Crawford,,,5.0,2037,Jamal Crawford,1610612746.0,LA,Clippers,LAC,5,200755,JJ Redick,1610612746.0,LA,Clippers,LAC,0,0,,,,,
0021500324,179,6,4,2,8:48 PM,7:19,,,Griffin OFF.Foul (P2) (S.Corbin),,,5.0,201933,Blake Griffin,1610612746.0,LA,Clippers,LAC,4,201564,O.J. Mayo,1610612749.0,Milwaukee,Bucks,MIL,1,0,,,,,
0021500324,180,5,5,2,8:48 PM,7:19,,,Griffin Foul Turnover (P2.T6),,,5.0,201933,Blake Griffin,1610612746.0,LA,Clippers,LAC,0,0,,,,,,1,0,,,,,
0021500324,181,8,0,2,8:48 PM,7:19,SUB: Parker FOR O'Bryant III,,,,,4.0,203948,Johnny O'Bryant III,1610612749.0,Milwaukee,Bucks,MIL,4,203953,Jabari Parker,1610612749.0,Milwaukee,Bucks,MIL,0,0,,,,,
0021500324,182,1,3,2,8:48 PM,7:05,Henson  Hook Shot (6 PTS) (Carter-Williams 4 AST),,,29 - 40,11,4.0,203089,John Henson,1610612749.0,Milwaukee,Bucks,MIL,4,203487,Michael Carter-Williams,1610612749.0,Milwaukee,Bucks,MIL,0,0,,,,,
0021500324,183,2,1,2,8:49 PM,6:55,,,MISS Griffin 18' Jump Shot,,,5.0,201933,Blake Griffin,1610612746.0,LA,Clippers,LAC,0,0,,,,,,0,0,,,,,
0021500324,184,4,0,2,8:49 PM,6:55,,,Clippers Rebound,,,3.0,1610612746,,,,,,0,0,,,,,,0,0,,,,,
0021500324,185,6,3,2,8:49 PM,6:55,Mayo L.B.FOUL (P1.T4) (K.Scott),,,,,4.0,201564,O.J. Mayo,1610612749.0,Milwaukee,Bucks,MIL,5,201599,DeAndre Jordan,1610612746.0,LA,Clippers,LAC,1,0,,,,,
0021500324,186,8,0,2,8:49 PM,6:55,SUB: Middleton FOR Vaughn,,,,,4.0,1626173,Rashad Vaughn,1610612749.0,Milwaukee,Bucks,MIL,4,203114,Khris Middleton,1610612749.0,Milwaukee,Bucks,MIL,0,0,,,,,
0021500324,187,8,0,2,8:49 PM,6:55,,,SUB: W. Johnson FOR Stephenson,,,5.0,202362,Lance Stephenson,1610612746.0,LA,Clippers,LAC,5,202325,Wesley Johnson,1610612746.0,LA,Clippers,LAC,0,0,,,,,
0021500324,188,2,1,2,8:49 PM,6:40,,,MISS Redick 19' Jump Shot,,,5.0,200755,JJ Redick,1610612746.0,LA,Clippers,LAC,0,0,,,,,,0,0,,,,,
0021500324,189,4,0,2,8:49 PM,6:39,,,Jordan REBOUND (Off:2 Def:4),,,5.0,201599,DeAndre Jordan,1610612746.0,LA,Clippers,LAC,0,0,,,,,,0,0,,,,,
0021500324,190,5,1,2,8:50 PM,6:26,Mayo STEAL (2 STL),,Paul Bad Pass Turnover (P2.T7),,,5.0,101108,Chris Paul,1610612746.0,LA,Clippers,LAC,4,201564,O.J. Mayo,1610612749.0,Milwaukee,Bucks,MIL,0,0,,,,,
0021500324,191,2,5,2,8:50 PM,6:21,MISS Parker 1' Layup,,W. Johnson BLOCK (1 BLK),,,4.0,203953,Jabari Parker,1610612749.0,Milwaukee,Bucks,MIL,0,0,,,,,,5,202325,Wesley Johnson,1610612746.0,LA,Clippers,LAC
0021500324,192,4,0,2,8:50 PM,6:18,,,Redick REBOUND (Off:0 Def:1),,,5.0,200755,JJ Redick,1610612746.0,LA,Clippers,LAC,0,0,,,,,,0,0,,,,,
0021500324,193,6,1,2,8:50 PM,6:15,Mayo P.FOUL (P2.PN) (S.Corbin),,,,,4.0,201564,O.J. Mayo,1610612749.0,Milwaukee,Bucks,MIL,5,201933,Blake Griffin,1610612746.0,LA,Clippers,LAC,1,0,,,,,
0021500324,194,3,11,2,8:50 PM,6:15,,,Griffin Free Throw 1 of 2 (6 PTS),30 - 40,10,5.0,201933,Blake Griffin,1610612746.0,LA,Clippers,LAC,0,0,,,,,,0,0,,,,,
0021500324,196,3,12,2,8:51 PM,6:15,,,Griffin Free Throw 2 of 2 (7 PTS),31 - 40,9,5.0,201933,Blake Griffin,1610612746.0,LA,Clippers,LAC,0,0,,,,,,0,0,,,,,
0021500324,199,6,1,2,8:51 PM,5:58,,,Paul P.FOUL (P1.T3) (S.Corbin),,,5.0,101108,Chris Paul,1610612746.0,LA,Clippers,LAC,4,203114,Khris Middleton,1610612749.0,Milwaukee,Bucks,MIL,1,0,,,,,
0021500324,200,9,1,2,8:51 PM,5:58,BUCKS Timeout: Regular (Full 2 Short 0),,,,,2.0,1610612749,,,,,,0,0,,,,,,0,0,,,,,
0021500324,203,8,0,2,8:54 PM,5:58,SUB: Monroe FOR Henson,,,,,4.0,203089,John Henson,1610612749.0,Milwaukee,Bucks,MIL,4,202328,Greg Monroe,1610612749.0,Milwaukee,Bucks,MIL,0,0,,,,,
0021500324,207,8,0,2,8:54 PM,5:58,SUB: Antetokounmpo FOR Carter-Williams,,,,,4.0,203487,Michael Carter-Williams,1610612749.0,Milwaukee,Bucks,MIL,4,203507,Giannis Antetokounmpo,1610612749.0,Milwaukee,Bucks,MIL,0,0,,,,,
0021500324,204,5,1,2,8:54 PM,5:46,Mayo Bad Pass Turnover (P1.T3),,W. Johnson STEAL (2 STL),,,4.0,201564,O.J. Mayo,1610612749.0,Milwaukee,Bucks,MIL,5,202325,Wesley Johnson,1610612746.0,LA,Clippers,LAC,0,0,,,,,
0021500324,205,5,1,2,8:54 PM,5:42,Parker STEAL (1 STL),,Redick Bad Pass Turnover (P2.T8),,,5.0,200755,JJ Redick,1610612746.0,LA,Clippers,LAC,4,203953,Jabari Parker,1610612749.0,Milwaukee,Bucks,MIL,0,0,,,,,
0021500324,208,5,39,2,8:55 PM,5:36,Middleton Step Out of Bounds Turnover (P1.T4),,,,,4.0,203114,Khris Middleton,1610612749.0,Milwaukee,Bucks,MIL,0,0,,,,,,1,0,,,,,
0021500324,210,1,5,2,8:55 PM,5:25,,,Griffin 1' Layup (9 PTS) (Redick 1 AST),33 - 40,7,5.0,201933,Blake Griffin,1610612746.0,LA,Clippers,LAC,5,200755,JJ Redick,1610612746.0,LA,Clippers,LAC,0,0,,,,,
0021500324,212,1,86,2,8:56 PM,5:08,Mayo 17' Turnaround Fadeaway (8 PTS),,,33 - 42,9,4.0,201564,O.J. Mayo,1610612749.0,Milwaukee,Bucks,MIL,0,0,,,,,,0,0,,,,,
0021500324,213,2,1,2,8:56 PM,4:51,,,MISS W. Johnson 27' 3PT Jump Shot,,,5.0,202325,Wesley Johnson,1610612746.0,LA,Clippers,LAC,0,0,,,,,,0,0,,,,,
0021500324,214,4,0,2,8:56 PM,4:49,,,Jordan REBOUND (Off:3 Def:4),,,5.0,201599,DeAndre Jordan,1610612746.0,LA,Clippers,LAC,0,0,,,,,,0,0,,,,,
0021500324,215,1,42,2,8:56 PM,4:43,,,Paul  Driving Layup (4 PTS),35 - 42,7,5.0,101108,Chris Paul,1610612746.0,LA,Clippers,LAC,0,0,,,,,,0,0,,,,,
0021500324,216,2,1,2,8:56 PM,4:23,MISS Mayo 20' Jump Shot,,,,,4.0,201564,O.J. Mayo,1610612749.0,Milwaukee,Bucks,MIL,0,0,,,,,,0,0,,,,,
0021500324,217,4,0,2,8:56 PM,4:22,,,Redick REBOUND (Off:0 Def:2),,,5.0,200755,JJ Redick,1610612746.0,LA,Clippers,LAC,0,0,,,,,,0,0,,,,,
0021500324,218,5,8,2,8:57 PM,4:11,,,Jordan 3 Second Violation Turnover (P1.T9),,,5.0,201599,DeAndre Jordan,1610612746.0,LA,Clippers,LAC,0,0,,,,,,1,0,,,,,
0021500324,219,2,1,2,8:57 PM,4:01,MISS Monroe 16' Jump Shot,,W. Johnson BLOCK (2 BLK),,,4.0,202328,Greg Monroe,1610612749.0,Milwaukee,Bucks,MIL,0,0,,,,,,5,202325,Wesley Johnson,1610612746.0,LA,Clippers,LAC
0021500324,220,4,0,2,8:57 PM,3:59,,,W. Johnson REBOUND (Off:0 Def:1),,,5.0,202325,Wesley Johnson,1610612746.0,LA,Clippers,LAC,0,0,,,,,,0,0,,,,,
0021500324,221,1,50,2,8:57 PM,3:57,,,W. Johnson  Running Dunk (3 PTS),37 - 42,5,5.0,202325,Wesley Johnson,1610612746.0,LA,Clippers,LAC,0,0,,,,,,0,0,,,,,
0021500324,222,1,5,2,8:57 PM,3:39,Antetokounmpo 1' Layup (4 PTS) (Mayo 5 AST),,,37 - 44,7,4.0,203507,Giannis Antetokounmpo,1610612749.0,Milwaukee,Bucks,MIL,4,201564,O.J. Mayo,1610612749.0,Milwaukee,Bucks,MIL,0,0,,,,,
0021500324,223,1,52,2,8:57 PM,3:32,,,W. Johnson  Alley Oop Dunk (5 PTS) (Paul 7 AST),39 - 44,5,5.0,202325,Wesley Johnson,1610612746.0,LA,Clippers,LAC,5,101108,Chris Paul,1610612746.0,LA,Clippers,LAC,0,0,,,,,
0021500324,224,2,1,2,8:58 PM,3:14,MISS Mayo 5' Jump Shot,,,,,4.0,201564,O.J. Mayo,1610612749.0,Milwaukee,Bucks,MIL,0,0,,,,,,0,0,,,,,
0021500324,225,4,0,2,8:58 PM,3:13,BUCKS Rebound,,,,,2.0,1610612749,,,,,,0,0,,,,,,0,0,,,,,
0021500324,226,2,1,2,8:58 PM,3:10,MISS Mayo 14' Jump Shot,,,,,4.0,201564,O.J. Mayo,1610612749.0,Milwaukee,Bucks,MIL,0,0,,,,,,0,0,,,,,
0021500324,227,4,0,2,8:58 PM,3:09,,,Redick REBOUND (Off:0 Def:3),,,5.0,200755,JJ Redick,1610612746.0,LA,Clippers,LAC,0,0,,,,,,0,0,,,,,
0021500324,228,1,41,2,8:58 PM,3:05,,,Paul 1' Running Layup (6 PTS) (Redick 2 AST),41 - 44,3,5.0,101108,Chris Paul,1610612746.0,LA,Clippers,LAC,5,200755,JJ Redick,1610612746.0,LA,Clippers,LAC,0,0,,,,,
0021500324,229,9,2,2,8:58 PM,2:58,BUCKS Timeout: Short (Full 2 Short 1),,,,,2.0,1610612749,,,,,,0,0,,,,,,0,0,,,,,
0021500324,230,9,1,2,8:59 PM,2:58,,,Clippers Timeout: Regular (Reg.2 Short 0),,,3.0,1610612746,,,,,,0,0,,,,,,0,0,,,,,
0021500324,232,8,0,2,9:01 PM,2:58,SUB: Carter-Williams FOR Mayo,,,,,4.0,201564,O.J. Mayo,1610612749.0,Milwaukee,Bucks,MIL,4,203487,Michael Carter-Williams,1610612749.0,Milwaukee,Bucks,MIL,0,0,,,,,
0021500324,233,2,1,2,9:02 PM,2:44,MISS Monroe 14' Jump Shot,,,,,4.0,202328,Greg Monroe,1610612749.0,Milwaukee,Bucks,MIL,0,0,,,,,,0,0,,,,,
0021500324,234,4,0,2,9:02 PM,2:43,,,Jordan REBOUND (Off:3 Def:5),,,5.0,201599,DeAndre Jordan,1610612746.0,LA,Clippers,LAC,0,0,,,,,,0,0,,,,,
0021500324,235,2,1,2,9:02 PM,2:32,,,MISS W. Johnson 26' 3PT Jump Shot,,,5.0,202325,Wesley Johnson,1610612746.0,LA,Clippers,LAC,0,0,,,,,,0,0,,,,,
0021500324,236,4,0,2,9:02 PM,2:30,Monroe REBOUND (Off:1 Def:3),,,,,4.0,202328,Greg Monroe,1610612749.0,Milwaukee,Bucks,MIL,0,0,,,,,,0,0,,,,,
0021500324,237,6,4,2,9:02 PM,2:26,Middleton OFF.Foul (P2) (K.Scott),,,,,4.0,203114,Khris Middleton,1610612749.0,Milwaukee,Bucks,MIL,5,200755,JJ Redick,1610612746.0,LA,Clippers,LAC,1,0,,,,,
0021500324,238,5,5,2,9:02 PM,2:26,Middleton Foul Turnover (P2.T5),,,,,4.0,203114,Khris Middleton,1610612749.0,Milwaukee,Bucks,MIL,0,0,,,,,,1,0,,,,,
0021500324,239,2,1,2,9:03 PM,2:13,,,MISS Griffin 19' Jump Shot,,,5.0,201933,Blake Griffin,1610612746.0,LA,Clippers,LAC,0,0,,,,,,0,0,,,,,
0021500324,240,4,0,2,9:03 PM,2:12,Antetokounmpo REBOUND (Off:0 Def:2),,,,,4.0,203507,Giannis Antetokounmpo,1610612749.0,Milwaukee,Bucks,MIL,0,0,,,,,,0,0,,,,,
0021500324,241,6,1,2,9:03 PM,2:05,,,Paul P.FOUL (P2.T4) (S.Corbin),,,5.0,101108,Chris Paul,1610612746.0,LA,Clippers,LAC,4,203507,Giannis Antetokounmpo,1610612749.0,Milwaukee,Bucks,MIL,1,0,,,,,
0021500324,242,2,80,2,9:03 PM,1:55,MISS Middleton 17' Step Back Jump Shot,,,,,4.0,203114,Khris Middleton,1610612749.0,Milwaukee,Bucks,MIL,0,0,,,,,,0,0,,,,,
0021500324,243,4,0,2,9:04 PM,1:54,Monroe REBOUND (Off:2 Def:3),,,,,4.0,202328,Greg Monroe,1610612749.0,Milwaukee,Bucks,MIL,0,0,,,,,,0,0,,,,,
0021500324,244,1,72,2,9:04 PM,1:53,Monroe 1' Putback Layup (8 PTS),,,41 - 46,5,4.0,202328,Greg Monroe,1610612749.0,Milwaukee,Bucks,MIL,0,0,,,,,,0,0,,,,,
0021500324,245,6,1,2,9:04 PM,1:42,Middleton P.FOUL (P3.PN) (S.Corbin),,,,,4.0,203114,Khris Middleton,1610612749.0,Milwaukee,Bucks,MIL,5,200755,JJ Redick,1610612746.0,LA,Clippers,LAC,1,0,,,,,
0021500324,246,3,11,2,9:04 PM,1:42,,,MISS Redick Free Throw 1 of 2,,,5.0,200755,JJ Redick,1610612746.0,LA,Clippers,LAC,0,0,,,,,,0,0,,,,,
0021500324,247,4,1,2,9:04 PM,1:42,,,Clippers Rebound,,,3.0,1610612746,,,,,,0,0,,,,,,0,0,,,,,
0021500324,248,8,0,2,9:04 PM,1:42,SUB: Vaughn FOR Middleton,,,,,4.0,203114,Khris Middleton,1610612749.0,Milwaukee,Bucks,MIL,4,1626173,Rashad Vaughn,1610612749.0,Milwaukee,Bucks,MIL,0,0,,,,,
0021500324,249,3,12,2,9:04 PM,1:42,,,Redick Free Throw 2 of 2 (9 PTS),42 - 46,4,5.0,200755,JJ Redick,1610612746.0,LA,Clippers,LAC,0,0,,,,,,0,0,,,,,
0021500324,251,5,2,2,9:05 PM,1:23,Monroe Lost Ball Turnover (P1.T6),,Griffin STEAL (1 STL),,,4.0,202328,Greg Monroe,1610612749.0,Milwaukee,Bucks,MIL,5,201933,Blake Griffin,1610612746.0,LA,Clippers,LAC,0,0,,,,,
0021500324,252,6,2,2,9:05 PM,1:21,Antetokounmpo S.FOUL (P3.PN) (B.Barnaky),,,,,4.0,203507,Giannis Antetokounmpo,1610612749.0,Milwaukee,Bucks,MIL,5,201933,Blake Griffin,1610612746.0,LA,Clippers,LAC,1,0,,,,,
0021500324,253,3,11,2,9:06 PM,1:21,,,Griffin Free Throw 1 of 2 (10 PTS),43 - 46,3,5.0,201933,Blake Griffin,1610612746.0,LA,Clippers,LAC,0,0,,,,,,0,0,,,,,
0021500324,255,3,12,2,9:06 PM,1:21,,,MISS Griffin Free Throw 2 of 2,,,5.0,201933,Blake Griffin,1610612746.0,LA,Clippers,LAC,0,0,,,,,,0,0,,,,,
0021500324,257,4,0,2,9:06 PM,1:20,,,Jordan REBOUND (Off:4 Def:5),,,5.0,201599,DeAndre Jordan,1610612746.0,LA,Clippers,LAC,0,0,,,,,,0,0,,,,,
0021500324,258,1,1,2,9:06 PM,1:15,,,Paul 17' Jump Shot (8 PTS),45 - 46,1,5.0,101108,Chris Paul,1610612746.0,LA,Clippers,LAC,0,0,,,,,,0,0,,,,,
0021500324,259,1,1,2,9:06 PM,0:56,Parker 16' Jump Shot (6 PTS) (Carter-Williams 5 AST),,,45 - 48,3,4.0,203953,Jabari Parker,1610612749.0,Milwaukee,Bucks,MIL,4,203487,Michael Carter-Williams,1610612749.0,Milwaukee,Bucks,MIL,0,0,,,,,
0021500324,260,1,5,2,9:06 PM,0:52,,,Griffin  Layup (12 PTS) (Paul 8 AST),47 - 48,1,5.0,201933,Blake Griffin,1610612746.0,LA,Clippers,LAC,5,101108,Chris Paul,1610612746.0,LA,Clippers,LAC,0,0,,,,,
0021500324,261,2,1,2,9:07 PM,0:35,MISS Carter-Williams 15' Jump Shot,,,,,4.0,203487,Michael Carter-Williams,1610612749.0,Milwaukee,Bucks,MIL,0,0,,,,,,0,0,,,,,
0021500324,262,4,0,2,9:07 PM,0:34,,,Jordan REBOUND (Off:4 Def:6),,,5.0,201599,DeAndre Jordan,1610612746.0,LA,Clippers,LAC,0,0,,,,,,0,0,,,,,
0021500324,263,2,1,2,9:07 PM,0:27,,,MISS Paul 27' 3PT Jump Shot,,,5.0,101108,Chris Paul,1610612746.0,LA,Clippers,LAC,0,0,,,,,,0,0,,,,,
0021500324,264,4,0,2,9:07 PM,0:27,Antetokounmpo REBOUND (Off:0 Def:3),,,,,4.0,203507,Giannis Antetokounmpo,1610612749.0,Milwaukee,Bucks,MIL,0,0,,,,,,0,0,,,,,
0021500324,266,8,0,2,9:07 PM,0:27,,,SUB: Rivers FOR Paul,,,5.0,101108,Chris Paul,1610612746.0,LA,Clippers,LAC,5,203085,Austin Rivers,1610612746.0,LA,Clippers,LAC,0,0,,,,,
0021500324,267,8,0,2,9:07 PM,0:27,,,SUB: Smith FOR Griffin,,,5.0,201933,Blake Griffin,1610612746.0,LA,Clippers,LAC,5,2746,Josh Smith,1610612746.0,LA,Clippers,LAC,0,0,,,,,
0021500324,268,8,0,2,9:07 PM,0:27,SUB: O'Bryant III FOR Antetokounmpo,,,,,4.0,203507,Giannis Antetokounmpo,1610612749.0,Milwaukee,Bucks,MIL,4,203948,Johnny O'Bryant III,1610612749.0,Milwaukee,Bucks,MIL,0,0,,,,,
0021500324,269,8,0,2,9:08 PM,0:27,,,SUB: Mbah a Moute FOR Redick,,,5.0,200755,JJ Redick,1610612746.0,LA,Clippers,LAC,5,201601,Luc Mbah a Moute,1610612746.0,LA,Clippers,LAC,0,0,,,,,
0021500324,270,5,11,2,9:08 PM,0:04,BUCKS Turnover: Shot Clock (T#7),,,,,2.0,1610612749,,,,,,0,0,,,,,,1,0,,,,,
0021500324,271,9,2,2,9:08 PM,0:04,,,Clippers Timeout: Short (Reg.2 Short 1),,,3.0,1610612746,,,,,,0,0,,,,,,0,0,,,,,
0021500324,272,8,0,2,9:09 PM,0:04,,,SUB: Redick FOR Mbah a Moute,,,5.0,201601,Luc Mbah a Moute,1610612746.0,LA,Clippers,LAC,5,200755,JJ Redick,1610612746.0,LA,Clippers,LAC,0,0,,,,,
0021500324,273,8,0,2,9:09 PM,0:04,,,SUB: Crawford FOR Jordan,,,5.0,201599,DeAndre Jordan,1610612746.0,LA,Clippers,LAC,5,2037,Jamal Crawford,1610612746.0,LA,Clippers,LAC,0,0,,,,,
0021500324,274,8,0,2,9:09 PM,0:04,,,SUB: Paul FOR Smith,,,5.0,2746,Josh Smith,1610612746.0,LA,Clippers,LAC,5,101108,Chris Paul,1610612746.0,LA,Clippers,LAC,0,0,,,,,
0021500324,275,8,0,2,9:09 PM,0:04,,,SUB: Griffin FOR Rivers,,,5.0,203085,Austin Rivers,1610612746.0,LA,Clippers,LAC,5,201933,Blake Griffin,1610612746.0,LA,Clippers,LAC,0,0,,,,,
0021500324,277,2,5,2,9:10 PM,0:01,,,MISS Paul 1' Layup,,,5.0,101108,Chris Paul,1610612746.0,LA,Clippers,LAC,0,0,,,,,,0,0,,,,,
0021500324,278,4,0,2,9:10 PM,0:00,O'Bryant III REBOUND (Off:0 Def:1),,,,,4.0,203948,Johnny O'Bryant III,1610612749.0,Milwaukee,Bucks,MIL,0,0,,,,,,0,0,,,,,
0021500324,279,13,0,2,9:10 PM,0:00,,,,47 - 48,1,0.0,0,,,,,,0,0,,,,,,0,0,,,,,
0021500324,281,12,0,3,9:26 PM,12:00,,,,47 - 48,1,0.0,0,,,,,,0,0,,,,,,0,0,,,,,
0021500324,282,2,1,3,9:26 PM,11:47,MISS Middleton 16' Jump Shot,,,,,4.0,203114,Khris Middleton,1610612749.0,Milwaukee,Bucks,MIL,0,0,,,,,,0,0,,,,,
0021500324,283,4,0,3,9:26 PM,11:46,,,Griffin REBOUND (Off:1 Def:7),,,5.0,201933,Blake Griffin,1610612746.0,LA,Clippers,LAC,0,0,,,,,,0,0,,,,,
0021500324,284,2,1,3,9:26 PM,11:29,,,MISS Griffin 18' Jump Shot,,,5.0,201933,Blake Griffin,1610612746.0,LA,Clippers,LAC,0,0,,,,,,0,0,,,,,
0021500324,285,4,0,3,9:27 PM,11:28,Antetokounmpo REBOUND (Off:0 Def:4),,,,,4.0,203507,Giannis Antetokounmpo,1610612749.0,Milwaukee,Bucks,MIL,0,0,,,,,,0,0,,,,,
0021500324,286,1,5,3,9:27 PM,11:17,Parker 1' Layup (8 PTS) (Antetokounmpo 1 AST),,,47 - 50,3,4.0,203953,Jabari Parker,1610612749.0,Milwaukee,Bucks,MIL,4,203507,Giannis Antetokounmpo,1610612749.0,Milwaukee,Bucks,MIL,0,0,,,,,
0021500324,287,1,1,3,9:27 PM,11:00,,,Redick 24' 3PT Jump Shot (12 PTS) (Paul 9 AST),50 - 50,TIE,5.0,200755,JJ Redick,1610612746.0,LA,Clippers,LAC,5,101108,Chris Paul,1610612746.0,LA,Clippers,LAC,0,0,,,,,
0021500324,288,2,1,3,9:27 PM,10:43,MISS Parker 18' Jump Shot,,,,,4.0,203953,Jabari Parker,1610612749.0,Milwaukee,Bucks,MIL,0,0,,,,,,0,0,,,,,
0021500324,289,4,0,3,9:27 PM,10:42,,,Jordan REBOUND (Off:4 Def:7),,,5.0,201599,DeAndre Jordan,1610612746.0,LA,Clippers,LAC,0,0,,,,,,0,0,,,,,
0021500324,290,5,1,3,9:27 PM,10:32,Middleton STEAL (1 STL),,Griffin Bad Pass Turnover (P3.T10),,,5.0,201933,Blake Griffin,1610612746.0,LA,Clippers,LAC,4,203114,Khris Middleton,1610612749.0,Milwaukee,Bucks,MIL,0,0,,,,,
0021500324,291,5,45,3,9:28 PM,10:28,Middleton Out of Bounds - Bad Pass Turnover Turnover (P3.T8),,,,,4.0,203114,Khris Middleton,1610612749.0,Milwaukee,Bucks,MIL,0,0,,,,,,0,0,,,,,
0021500324,292,2,1,3,9:28 PM,10:17,,,MISS Redick 21' Jump Shot,,,5.0,200755,JJ Redick,1610612746.0,LA,Clippers,LAC,0,0,,,,,,0,0,,,,,
0021500324,293,4,0,3,9:28 PM,10:16,Middleton REBOUND (Off:0 Def:3),,,,,4.0,203114,Khris Middleton,1610612749.0,Milwaukee,Bucks,MIL,0,0,,,,,,0,0,,,,,
0021500324,294,1,108,3,9:28 PM,10:04,Parker  Cutting Dunk Shot (10 PTS) (Middleton 2 AST),,,50 - 52,2,4.0,203953,Jabari Parker,1610612749.0,Milwaukee,Bucks,MIL,4,203114,Khris Middleton,1610612749.0,Milwaukee,Bucks,MIL,0,0,,,,,
0021500324,295,5,45,3,9:28 PM,9:46,,,Mbah a Moute Out of Bounds - Bad Pass Turnover Turnover (P1.T11),,,5.0,201601,Luc Mbah a Moute,1610612746.0,LA,Clippers,LAC,0,0,,,,,,0,0,,,,,
0021500324,296,1,98,3,9:29 PM,9:33,Middleton  Cutting Layup Shot (5 PTS) (Monroe 1 AST),,,50 - 54,4,4.0,203114,Khris Middleton,1610612749.0,Milwaukee,Bucks,MIL,4,202328,Greg Monroe,1610612749.0,Milwaukee,Bucks,MIL,0,0,,,,,
0021500324,297,1,85,3,9:29 PM,9:02,,,Griffin 11' Turnaround Bank Shot (14 PTS),52 - 54,2,5.0,201933,Blake Griffin,1610612746.0,LA,Clippers,LAC,0,0,,,,,,0,0,,,,,
0021500324,298,1,58,3,9:30 PM,8:45,Monroe  Turnaround Hook Shot (10 PTS),,,52 - 56,4,4.0,202328,Greg Monroe,1610612749.0,Milwaukee,Bucks,MIL,0,0,,,,,,0,0,,,,,
0021500324,299,1,1,3,9:30 PM,8:31,,,Redick 25' 3PT Jump Shot (15 PTS) (Paul 10 AST),55 - 56,1,5.0,200755,JJ Redick,1610612746.0,LA,Clippers,LAC,5,101108,Chris Paul,1610612746.0,LA,Clippers,LAC,0,0,,,,,
0021500324,300,2,1,3,9:30 PM,8:08,MISS Mayo 27' 3PT Jump Shot,,,,,4.0,201564,O.J. Mayo,1610612749.0,Milwaukee,Bucks,MIL,0,0,,,,,,0,0,,,,,
0021500324,301,4,0,3,9:30 PM,8:06,,,Jordan REBOUND (Off:4 Def:8),,,5.0,201599,DeAndre Jordan,1610612746.0,LA,Clippers,LAC,0,0,,,,,,0,0,,,,,
0021500324,303,1,101,3,9:31 PM,7:43,,,Redick 6' Driving Floating Jump Shot (17 PTS),57 - 56,-1,5.0,200755,JJ Redick,1610612746.0,LA,Clippers,LAC,0,0,,,,,,0,0,,,,,
0021500324,304,2,5,3,9:31 PM,7:21,MISS Parker 2' Layup,,,,,4.0,203953,Jabari Parker,1610612749.0,Milwaukee,Bucks,MIL,0,0,,,,,,0,0,,,,,
0021500324,306,4,0,3,9:31 PM,7:19,Monroe REBOUND (Off:3 Def:3),,,,,4.0,202328,Greg Monroe,1610612749.0,Milwaukee,Bucks,MIL,0,0,,,,,,0,0,,,,,
0021500324,305,2,97,3,9:31 PM,7:19,MISS Monroe 2' Tip Layup Shot,,,,,4.0,202328,Greg Monroe,1610612749.0,Milwaukee,Bucks,MIL,0,0,,,,,,0,0,,,,,
0021500324,307,4,0,3,9:31 PM,7:17,,,Griffin REBOUND (Off:1 Def:8),,,5.0,201933,Blake Griffin,1610612746.0,LA,Clippers,LAC,0,0,,,,,,0,0,,,,,
0021500324,309,1,45,3,9:32 PM,7:08,,,Redick 25' 3PT Jump Shot (20 PTS) (Griffin 3 AST),60 - 56,-4,5.0,200755,JJ Redick,1610612746.0,LA,Clippers,LAC,5,201933,Blake Griffin,1610612746.0,LA,Clippers,LAC,0,0,,,,,
0021500324,310,7,5,3,9:32 PM,6:54,,,Jordan Violation:Kicked Ball (S.Corbin),,,5.0,201599,DeAndre Jordan,1610612746.0,LA,Clippers,LAC,0,0,,,,,,1,0,,,,,
0021500324,311,2,1,3,9:32 PM,6:39,MISS Parker 5' Jump Shot,,,,,4.0,203953,Jabari Parker,1610612749.0,Milwaukee,Bucks,MIL,0,0,,,,,,0,0,,,,,
0021500324,312,4,0,3,9:32 PM,6:38,,,Clippers Rebound,,,3.0,1610612746,,,,,,0,0,,,,,,0,0,,,,,
0021500324,313,2,1,3,9:33 PM,6:22,,,MISS Griffin 13' Jump Shot,,,5.0,201933,Blake Griffin,1610612746.0,LA,Clippers,LAC,0,0,,,,,,0,0,,,,,
0021500324,314,4,0,3,9:33 PM,6:21,Antetokounmpo REBOUND (Off:0 Def:5),,,,,4.0,203507,Giannis Antetokounmpo,1610612749.0,Milwaukee,Bucks,MIL,0,0,,,,,,0,0,,,,,
0021500324,315,2,1,3,9:33 PM,6:05,MISS Antetokounmpo 26' 3PT Jump Shot,,,,,4.0,203507,Giannis Antetokounmpo,1610612749.0,Milwaukee,Bucks,MIL,0,0,,,,,,0,0,,,,,
0021500324,316,4,0,3,9:33 PM,6:04,,,Jordan REBOUND (Off:4 Def:9),,,5.0,201599,DeAndre Jordan,1610612746.0,LA,Clippers,LAC,0,0,,,,,,0,0,,,,,
0021500324,317,1,1,3,9:33 PM,5:40,,,Paul 27' 3PT Jump Shot (11 PTS),63 - 56,-7,5.0,101108,Chris Paul,1610612746.0,LA,Clippers,LAC,0,0,,,,,,0,0,,,,,
0021500324,318,9,1,3,9:33 PM,5:40,BUCKS Timeout: Regular (Full 3 Short 1),,,,,2.0,1610612749,,,,,,0,0,,,,,,0,0,,,,,
0021500324,321,8,0,3,9:36 PM,5:40,SUB: Carter-Williams FOR Parker,,,,,4.0,203953,Jabari Parker,1610612749.0,Milwaukee,Bucks,MIL,4,203487,Michael Carter-Williams,1610612749.0,Milwaukee,Bucks,MIL,0,0,,,,,
0021500324,322,1,42,3,9:36 PM,5:33,Carter-Williams 2' Driving Layup (12 PTS) (Mayo 6 AST),,,63 - 58,-5,4.0,203487,Michael Carter-Williams,1610612749.0,Milwaukee,Bucks,MIL,4,201564,O.J. Mayo,1610612749.0,Milwaukee,Bucks,MIL,0,0,,,,,
0021500324,323,1,1,3,9:36 PM,5:15,,,Redick 19' Jump Shot (22 PTS) (Jordan 1 AST),65 - 58,-7,5.0,200755,JJ Redick,1610612746.0,LA,Clippers,LAC,5,201599,DeAndre Jordan,1610612746.0,LA,Clippers,LAC,0,0,,,,,
0021500324,324,1,5,3,9:37 PM,4:50,Monroe 3' Layup (12 PTS),,,65 - 60,-5,4.0,202328,Greg Monroe,1610612749.0,Milwaukee,Bucks,MIL,0,0,,,,,,0,0,,,,,
0021500324,325,6,1,3,9:37 PM,4:42,Mayo P.FOUL (P3.T1) (K.Scott),,,,,4.0,201564,O.J. Mayo,1610612749.0,Milwaukee,Bucks,MIL,5,201601,Luc Mbah a Moute,1610612746.0,LA,Clippers,LAC,1,0,,,,,
0021500324,326,1,1,3,9:37 PM,4:30,,,Redick 20' Jump Shot (24 PTS) (Paul 11 AST),67 - 60,-7,5.0,200755,JJ Redick,1610612746.0,LA,Clippers,LAC,5,101108,Chris Paul,1610612746.0,LA,Clippers,LAC,0,0,,,,,
0021500324,327,1,5,3,9:38 PM,4:16,Carter-Williams 3' Layup (14 PTS) (Mayo 7 AST),,,67 - 62,-5,4.0,203487,Michael Carter-Williams,1610612749.0,Milwaukee,Bucks,MIL,4,201564,O.J. Mayo,1610612749.0,Milwaukee,Bucks,MIL,0,0,,,,,
0021500324,328,2,1,3,9:38 PM,3:54,,,MISS Paul 17' Jump Shot,,,5.0,101108,Chris Paul,1610612746.0,LA,Clippers,LAC,0,0,,,,,,0,0,,,,,
0021500324,329,4,0,3,9:38 PM,3:53,Middleton REBOUND (Off:0 Def:4),,,,,4.0,203114,Khris Middleton,1610612749.0,Milwaukee,Bucks,MIL,0,0,,,,,,0,0,,,,,
0021500324,330,6,1,3,9:38 PM,3:47,,,Paul P.FOUL (P3.T1) (K.Scott),,,5.0,101108,Chris Paul,1610612746.0,LA,Clippers,LAC,4,203507,Giannis Antetokounmpo,1610612749.0,Milwaukee,Bucks,MIL,1,0,,,,,
0021500324,331,8,0,3,9:38 PM,3:47,,,SUB: W. Johnson FOR Mbah a Moute,,,5.0,201601,Luc Mbah a Moute,1610612746.0,LA,Clippers,LAC,5,202325,Wesley Johnson,1610612746.0,LA,Clippers,LAC,0,0,,,,,
0021500324,332,1,44,3,9:39 PM,3:34,Carter-Williams 1' Reverse Layup (16 PTS) (Monroe 2 AST),,,67 - 64,-3,4.0,203487,Michael Carter-Williams,1610612749.0,Milwaukee,Bucks,MIL,4,202328,Greg Monroe,1610612749.0,Milwaukee,Bucks,MIL,0,0,,,,,
0021500324,333,2,1,3,9:39 PM,3:09,,,MISS Paul 17' Jump Shot,,,5.0,101108,Chris Paul,1610612746.0,LA,Clippers,LAC,0,0,,,,,,0,0,,,,,
0021500324,334,4,0,3,9:39 PM,3:08,Antetokounmpo REBOUND (Off:0 Def:6),,,,,4.0,203507,Giannis Antetokounmpo,1610612749.0,Milwaukee,Bucks,MIL,0,0,,,,,,0,0,,,,,
0021500324,335,2,1,3,9:39 PM,2:57,MISS Middleton 16' Jump Shot,,,,,4.0,203114,Khris Middleton,1610612749.0,Milwaukee,Bucks,MIL,0,0,,,,,,0,0,,,,,
0021500324,336,4,0,3,9:39 PM,2:55,,,Jordan REBOUND (Off:4 Def:10),,,5.0,201599,DeAndre Jordan,1610612746.0,LA,Clippers,LAC,0,0,,,,,,0,0,,,,,
0021500324,337,2,1,3,9:39 PM,2:49,,,MISS Redick 30' 3PT Jump Shot,,,5.0,200755,JJ Redick,1610612746.0,LA,Clippers,LAC,0,0,,,,,,0,0,,,,,
0021500324,338,4,0,3,9:39 PM,2:48,,,Griffin REBOUND (Off:2 Def:8),,,5.0,201933,Blake Griffin,1610612746.0,LA,Clippers,LAC,0,0,,,,,,0,0,,,,,
0021500324,339,6,1,3,9:39 PM,2:47,Carter-Williams P.FOUL (P2.T2) (K.Scott),,,,,4.0,203487,Michael Carter-Williams,1610612749.0,Milwaukee,Bucks,MIL,5,201933,Blake Griffin,1610612746.0,LA,Clippers,LAC,1,0,,,,,
0021500324,340,9,1,3,9:40 PM,2:47,,,Clippers Timeout: Regular (Reg.3 Short 1),,,3.0,1610612746,,,,,,0,0,,,,,,0,0,,,,,
0021500324,343,8,0,3,9:42 PM,2:47,,,SUB: Smith FOR Griffin,,,5.0,201933,Blake Griffin,1610612746.0,LA,Clippers,LAC,5,2746,Josh Smith,1610612746.0,LA,Clippers,LAC,0,0,,,,,
0021500324,346,5,4,3,9:43 PM,2:35,,,Jordan Traveling Turnover (P2.T12),,,5.0,201599,DeAndre Jordan,1610612746.0,LA,Clippers,LAC,0,0,,,,,,1,0,,,,,
0021500324,347,2,3,3,9:43 PM,2:26,MISS Antetokounmpo 4' Hook Shot,,,,,4.0,203507,Giannis Antetokounmpo,1610612749.0,Milwaukee,Bucks,MIL,0,0,,,,,,0,0,,,,,
0021500324,348,4,0,3,9:43 PM,2:25,,,Smith REBOUND (Off:1 Def:1),,,5.0,2746,Josh Smith,1610612746.0,LA,Clippers,LAC,0,0,,,,,,0,0,,,,,
0021500324,349,1,41,3,9:43 PM,2:20,,,Paul 1' Running Layup (13 PTS),69 - 64,-5,5.0,101108,Chris Paul,1610612746.0,LA,Clippers,LAC,0,0,,,,,,0,0,,,,,
0021500324,350,6,2,3,9:43 PM,2:04,,,Jordan S.FOUL (P1.T2) (B.Barnaky),,,5.0,201599,DeAndre Jordan,1610612746.0,LA,Clippers,LAC,4,203507,Giannis Antetokounmpo,1610612749.0,Milwaukee,Bucks,MIL,1,0,,,,,
0021500324,351,3,11,3,9:44 PM,2:04,Antetokounmpo Free Throw 1 of 2 (5 PTS),,,69 - 65,-4,4.0,203507,Giannis Antetokounmpo,1610612749.0,Milwaukee,Bucks,MIL,0,0,,,,,,0,0,,,,,
0021500324,353,8,0,3,9:44 PM,2:04,,,SUB: Crawford FOR Redick,,,5.0,200755,JJ Redick,1610612746.0,LA,Clippers,LAC,5,2037,Jamal Crawford,1610612746.0,LA,Clippers,LAC,0,0,,,,,
0021500324,354,3,12,3,9:44 PM,2:04,Antetokounmpo Free Throw 2 of 2 (6 PTS),,,69 - 66,-3,4.0,203507,Giannis Antetokounmpo,1610612749.0,Milwaukee,Bucks,MIL,0,0,,,,,,0,0,,,,,
0021500324,356,2,1,3,9:44 PM,1:53,,,MISS Crawford 24' 3PT Jump Shot,,,5.0,2037,Jamal Crawford,1610612746.0,LA,Clippers,LAC,0,0,,,,,,0,0,,,,,
0021500324,357,4,0,3,9:44 PM,1:52,Monroe REBOUND (Off:3 Def:4),,,,,4.0,202328,Greg Monroe,1610612749.0,Milwaukee,Bucks,MIL,0,0,,,,,,0,0,,,,,
0021500324,358,2,1,3,9:44 PM,1:45,MISS Antetokounmpo 18' Jump Shot,,,,,4.0,203507,Giannis Antetokounmpo,1610612749.0,Milwaukee,Bucks,MIL,0,0,,,,,,0,0,,,,,
0021500324,359,4,0,3,9:44 PM,1:44,,,Jordan REBOUND (Off:4 Def:11),,,5.0,201599,DeAndre Jordan,1610612746.0,LA,Clippers,LAC,0,0,,,,,,0,0,,,,,
0021500324,360,1,1,3,9:45 PM,1:25,,,Smith 25' 3PT Jump Shot (8 PTS) (Paul 12 AST),72 - 66,-6,5.0,2746,Josh Smith,1610612746.0,LA,Clippers,LAC,5,101108,Chris Paul,1610612746.0,LA,Clippers,LAC,0,0,,,,,
0021500324,361,5,2,3,9:45 PM,1:12,Middleton Lost Ball Turnover (P4.T9),,W. Johnson STEAL (3 STL),,,4.0,203114,Khris Middleton,1610612749.0,Milwaukee,Bucks,MIL,5,202325,Wesley Johnson,1610612746.0,LA,Clippers,LAC,0,0,,,,,
0021500324,362,1,7,3,9:45 PM,1:08,,,Jordan  Dunk (4 PTS) (Paul 13 AST),74 - 66,-8,5.0,201599,DeAndre Jordan,1610612746.0,LA,Clippers,LAC,5,101108,Chris Paul,1610612746.0,LA,Clippers,LAC,0,0,,,,,
0021500324,363,6,2,3,9:45 PM,1:08,Antetokounmpo S.FOUL (P4.T3) (S.Corbin),,,,,4.0,203507,Giannis Antetokounmpo,1610612749.0,Milwaukee,Bucks,MIL,5,201599,DeAndre Jordan,1610612746.0,LA,Clippers,LAC,1,0,,,,,
0021500324,364,8,0,3,9:45 PM,1:08,SUB: Parker FOR Antetokounmpo,,,,,4.0,203507,Giannis Antetokounmpo,1610612749.0,Milwaukee,Bucks,MIL,4,203953,Jabari Parker,1610612749.0,Milwaukee,Bucks,MIL,0,0,,,,,
0021500324,365,8,0,3,9:45 PM,1:08,SUB: Henson FOR Monroe,,,,,4.0,202328,Greg Monroe,1610612749.0,Milwaukee,Bucks,MIL,4,203089,John Henson,1610612749.0,Milwaukee,Bucks,MIL,0,0,,,,,
0021500324,366,8,0,3,9:46 PM,1:08,,,SUB: Rivers FOR Paul,,,5.0,101108,Chris Paul,1610612746.0,LA,Clippers,LAC,5,203085,Austin Rivers,1610612746.0,LA,Clippers,LAC,0,0,,,,,
0021500324,367,3,10,3,9:46 PM,1:08,,,MISS Jordan Free Throw 1 of 1,,,5.0,201599,DeAndre Jordan,1610612746.0,LA,Clippers,LAC,0,0,,,,,,0,0,,,,,
0021500324,369,4,0,3,9:46 PM,1:07,Carter-Williams REBOUND (Off:0 Def:1),,,,,4.0,203487,Michael Carter-Williams,1610612749.0,Milwaukee,Bucks,MIL,0,0,,,,,,0,0,,,,,
0021500324,370,2,1,3,9:46 PM,0:54,MISS Carter-Williams 18' Jump Shot,,,,,4.0,203487,Michael Carter-Williams,1610612749.0,Milwaukee,Bucks,MIL,0,0,,,,,,0,0,,,,,
0021500324,371,4,0,3,9:46 PM,0:53,,,Rivers REBOUND (Off:0 Def:1),,,5.0,203085,Austin Rivers,1610612746.0,LA,Clippers,LAC,0,0,,,,,,0,0,,,,,
0021500324,372,2,1,3,9:46 PM,0:45,,,MISS W. Johnson 26' 3PT Jump Shot,,,5.0,202325,Wesley Johnson,1610612746.0,LA,Clippers,LAC,0,0,,,,,,0,0,,,,,
0021500324,374,4,0,3,9:46 PM,0:43,BUCKS Rebound,,,,,2.0,1610612749,,,,,,0,0,,,,,,0,0,,,,,
0021500324,375,8,0,3,9:46 PM,0:43,,,SUB: Griffin FOR Jordan,,,5.0,201599,DeAndre Jordan,1610612746.0,LA,Clippers,LAC,5,201933,Blake Griffin,1610612746.0,LA,Clippers,LAC,0,0,,,,,
0021500324,376,7,1,3,9:47 PM,0:43,,,Clippers Violation: Delay of game Violation,,,3.0,1610612746,,,,,,0,0,,,,,,1,0,,,,,
0021500324,377,2,1,3,9:47 PM,0:28,MISS Carter-Williams 9' Jump Shot,,,,,4.0,203487,Michael Carter-Williams,1610612749.0,Milwaukee,Bucks,MIL,0,0,,,,,,0,0,,,,,
0021500324,378,4,0,3,9:47 PM,0:27,,,W. Johnson REBOUND (Off:0 Def:2),,,5.0,202325,Wesley Johnson,1610612746.0,LA,Clippers,LAC,0,0,,,,,,0,0,,,,,
0021500324,379,6,29,3,9:47 PM,0:06,Henson Shooting Block Foul (P3.PN) (B.Barnaky),,,,,4.0,203089,John Henson,1610612749.0,Milwaukee,Bucks,MIL,5,2746,Josh Smith,1610612746.0,LA,Clippers,LAC,1,0,,,,,
0021500324,380,3,11,3,9:48 PM,0:06,,,MISS Smith Free Throw 1 of 2,,,5.0,2746,Josh Smith,1610612746.0,LA,Clippers,LAC,0,0,,,,,,0,0,,,,,
0021500324,381,4,1,3,9:48 PM,0:06,,,Clippers Rebound,,,3.0,1610612746,,,,,,0,0,,,,,,0,0,,,,,
0021500324,382,8,0,3,9:48 PM,0:06,,,SUB: Mbah a Moute FOR Griffin,,,5.0,201933,Blake Griffin,1610612746.0,LA,Clippers,LAC,5,201601,Luc Mbah a Moute,1610612746.0,LA,Clippers,LAC,0,0,,,,,
0021500324,383,3,12,3,9:48 PM,0:06,,,Smith Free Throw 2 of 2 (9 PTS),75 - 66,-9,5.0,2746,Josh Smith,1610612746.0,LA,Clippers,LAC,0,0,,,,,,0,0,,,,,
0021500324,385,6,28,3,9:48 PM,0:04,,,Rivers Personal Take Foul (P2.T3) (S.Corbin),,,5.0,203085,Austin Rivers,1610612746.0,LA,Clippers,LAC,4,203487,Michael Carter-Williams,1610612749.0,Milwaukee,Bucks,MIL,1,0,,,,,
0021500324,386,1,5,3,9:49 PM,0:00,Mayo 1' Layup (10 PTS) (Henson 1 AST),,,75 - 68,-7,4.0,201564,O.J. Mayo,1610612749.0,Milwaukee,Bucks,MIL,4,203089,John Henson,1610612749.0,Milwaukee,Bucks,MIL,0,0,,,,,
0021500324,387,13,0,3,9:49 PM,0:00,,,,75 - 68,-7,0.0,0,,,,,,0,0,,,,,,0,0,,,,,
0021500324,389,12,0,4,9:52 PM,12:00,,,,75 - 68,-7,0.0,0,,,,,,0,0,,,,,,0,0,,,,,
0021500324,390,7,1,4,9:52 PM,12:00,BUCKS Violation: Delay of game Violation,,,,,2.0,1610612749,,,,,,0,0,,,,,,1,0,,,,,
0021500324,391,2,1,4,9:53 PM,11:42,,,MISS Griffin 19' Jump Shot,,,5.0,201933,Blake Griffin,1610612746.0,LA,Clippers,LAC,0,0,,,,,,0,0,,,,,
0021500324,392,4,0,4,9:53 PM,11:41,Mayo REBOUND (Off:0 Def:4),,,,,4.0,201564,O.J. Mayo,1610612749.0,Milwaukee,Bucks,MIL,0,0,,,,,,0,0,,,,,
0021500324,393,5,1,4,9:53 PM,11:32,Mayo Bad Pass Turnover (P2.T10),,W. Johnson STEAL (4 STL),,,4.0,201564,O.J. Mayo,1610612749.0,Milwaukee,Bucks,MIL,5,202325,Wesley Johnson,1610612746.0,LA,Clippers,LAC,0,0,,,,,
0021500324,394,1,44,4,9:53 PM,11:28,,,W. Johnson 1' Reverse Layup (7 PTS) (Griffin 4 AST),77 - 68,-9,5.0,202325,Wesley Johnson,1610612746.0,LA,Clippers,LAC,5,201933,Blake Griffin,1610612746.0,LA,Clippers,LAC,0,0,,,,,
0021500324,395,6,2,4,9:53 PM,11:28,Henson S.FOUL (P4.T1) (K.Scott),,,,,4.0,203089,John Henson,1610612749.0,Milwaukee,Bucks,MIL,5,202325,Wesley Johnson,1610612746.0,LA,Clippers,LAC,1,0,,,,,
0021500324,396,3,10,4,9:53 PM,11:28,,,MISS W. Johnson Free Throw 1 of 1,,,5.0,202325,Wesley Johnson,1610612746.0,LA,Clippers,LAC,0,0,,,,,,0,0,,,,,
0021500324,398,4,0,4,9:53 PM,11:26,Parker REBOUND (Off:1 Def:3),,,,,4.0,203953,Jabari Parker,1610612749.0,Milwaukee,Bucks,MIL,0,0,,,,,,0,0,,,,,
0021500324,399,1,66,4,9:54 PM,11:03,Carter-Williams 6' Jump Bank Shot (18 PTS),,,77 - 70,-7,4.0,203487,Michael Carter-Williams,1610612749.0,Milwaukee,Bucks,MIL,0,0,,,,,,0,0,,,,,
0021500324,400,2,1,4,9:54 PM,10:37,,,MISS Griffin 22' Jump Shot,,,5.0,201933,Blake Griffin,1610612746.0,LA,Clippers,LAC,0,0,,,,,,0,0,,,,,
0021500324,401,4,0,4,9:54 PM,10:35,,,Smith REBOUND (Off:2 Def:1),,,5.0,2746,Josh Smith,1610612746.0,LA,Clippers,LAC,0,0,,,,,,0,0,,,,,
0021500324,402,2,1,4,9:54 PM,10:31,,,MISS W. Johnson 25' 3PT Jump Shot,,,5.0,202325,Wesley Johnson,1610612746.0,LA,Clippers,LAC,0,0,,,,,,0,0,,,,,
0021500324,403,4,0,4,9:54 PM,10:30,Vaughn REBOUND (Off:0 Def:4),,,,,4.0,1626173,Rashad Vaughn,1610612749.0,Milwaukee,Bucks,MIL,0,0,,,,,,0,0,,,,,
0021500324,404,2,1,4,9:55 PM,10:22,MISS Mayo 27' 3PT Jump Shot,,,,,4.0,201564,O.J. Mayo,1610612749.0,Milwaukee,Bucks,MIL,0,0,,,,,,0,0,,,,,
0021500324,405,4,0,4,9:55 PM,10:21,,,W. Johnson REBOUND (Off:0 Def:3),,,5.0,202325,Wesley Johnson,1610612746.0,LA,Clippers,LAC,0,0,,,,,,0,0,,,,,
0021500324,406,2,1,4,9:55 PM,10:10,,,MISS Smith 26' 3PT Jump Shot,,,5.0,2746,Josh Smith,1610612746.0,LA,Clippers,LAC,0,0,,,,,,0,0,,,,,
0021500324,407,4,0,4,9:55 PM,10:09,Vaughn REBOUND (Off:0 Def:5),,,,,4.0,1626173,Rashad Vaughn,1610612749.0,Milwaukee,Bucks,MIL,0,0,,,,,,0,0,,,,,
0021500324,408,5,1,4,9:55 PM,9:48,Mayo Bad Pass Turnover (P3.T11),,Griffin STEAL (2 STL),,,4.0,201564,O.J. Mayo,1610612749.0,Milwaukee,Bucks,MIL,5,201933,Blake Griffin,1610612746.0,LA,Clippers,LAC,0,0,,,,,
0021500324,409,6,1,4,9:55 PM,9:37,Mayo P.FOUL (P4.T2) (K.Scott),,,,,4.0,201564,O.J. Mayo,1610612749.0,Milwaukee,Bucks,MIL,5,2037,Jamal Crawford,1610612746.0,LA,Clippers,LAC,1,0,,,,,
0021500324,410,8,0,4,9:55 PM,9:37,,,SUB: Stephenson FOR W. Johnson,,,5.0,202325,Wesley Johnson,1610612746.0,LA,Clippers,LAC,5,202362,Lance Stephenson,1610612746.0,LA,Clippers,LAC,0,0,,,,,
0021500324,412,8,0,4,9:56 PM,9:37,SUB: Middleton FOR Mayo,,,,,4.0,201564,O.J. Mayo,1610612749.0,Milwaukee,Bucks,MIL,4,203114,Khris Middleton,1610612749.0,Milwaukee,Bucks,MIL,0,0,,,,,
0021500324,413,1,42,4,9:56 PM,9:33,,,Rivers 2' Driving Layup (2 PTS),79 - 70,-9,5.0,203085,Austin Rivers,1610612746.0,LA,Clippers,LAC,0,0,,,,,,0,0,,,,,
0021500324,414,6,2,4,9:56 PM,9:33,Vaughn S.FOUL (P1.T3) (B.Barnaky),,,,,4.0,1626173,Rashad Vaughn,1610612749.0,Milwaukee,Bucks,MIL,5,203085,Austin Rivers,1610612746.0,LA,Clippers,LAC,1,0,,,,,
0021500324,415,3,10,4,9:56 PM,9:33,,,Rivers Free Throw 1 of 1 (3 PTS),80 - 70,-10,5.0,203085,Austin Rivers,1610612746.0,LA,Clippers,LAC,0,0,,,,,,0,0,,,,,
0021500324,417,6,27,4,9:57 PM,9:27,,,Rivers Personal Block Foul (P3.T1) (S.Corbin),,,5.0,203085,Austin Rivers,1610612746.0,LA,Clippers,LAC,4,203487,Michael Carter-Williams,1610612749.0,Milwaukee,Bucks,MIL,1,0,,,,,
0021500324,418,1,3,4,9:57 PM,9:20,Henson 5' Hook Shot (8 PTS) (Carter-Williams 6 AST),,,80 - 72,-8,4.0,203089,John Henson,1610612749.0,Milwaukee,Bucks,MIL,4,203487,Michael Carter-Williams,1610612749.0,Milwaukee,Bucks,MIL,0,0,,,,,
0021500324,419,2,1,4,9:57 PM,9:01,,,MISS Griffin 21' Jump Shot,,,5.0,201933,Blake Griffin,1610612746.0,LA,Clippers,LAC,0,0,,,,,,0,0,,,,,
0021500324,420,4,0,4,9:57 PM,8:59,Middleton REBOUND (Off:0 Def:5),,,,,4.0,203114,Khris Middleton,1610612749.0,Milwaukee,Bucks,MIL,0,0,,,,,,0,0,,,,,
0021500324,421,2,44,4,9:57 PM,8:49,MISS Parker  Reverse Layup,,Smith BLOCK (2 BLK),,,4.0,203953,Jabari Parker,1610612749.0,Milwaukee,Bucks,MIL,0,0,,,,,,5,2746,Josh Smith,1610612746.0,LA,Clippers,LAC
0021500324,422,4,0,4,9:57 PM,8:47,,,Griffin REBOUND (Off:2 Def:9),,,5.0,201933,Blake Griffin,1610612746.0,LA,Clippers,LAC,0,0,,,,,,0,0,,,,,
0021500324,423,2,1,4,9:58 PM,8:40,,,MISS Crawford 19' Jump Shot,,,5.0,2037,Jamal Crawford,1610612746.0,LA,Clippers,LAC,0,0,,,,,,0,0,,,,,
0021500324,424,4,0,4,9:58 PM,8:39,Middleton REBOUND (Off:0 Def:6),,,,,4.0,203114,Khris Middleton,1610612749.0,Milwaukee,Bucks,MIL,0,0,,,,,,0,0,,,,,
0021500324,425,6,11,4,9:58 PM,8:36,,,Crawford T.FOUL (P0.T1) (K.Scott),,,5.0,2037,Jamal Crawford,1610612746.0,LA,Clippers,LAC,0,0,,,,,,1,0,,,,,
0021500324,426,9,4,4,9:58 PM,8:36,,,,,,1.0,0,,,,,,0,0,,,,,,0,0,,,,,
0021500324,430,3,16,4,10:00 PM,8:36,Middleton Free Throw Technical (6 PTS),,,80 - 73,-7,4.0,203114,Khris Middleton,1610612749.0,Milwaukee,Bucks,MIL,0,0,,,,,,0,0,,,,,
0021500324,432,2,3,4,10:01 PM,8:24,MISS Henson 6' Hook Shot,,,,,4.0,203089,John Henson,1610612749.0,Milwaukee,Bucks,MIL,0,0,,,,,,0,0,,,,,
0021500324,433,4,0,4,10:01 PM,8:23,Henson REBOUND (Off:1 Def:1),,,,,4.0,203089,John Henson,1610612749.0,Milwaukee,Bucks,MIL,0,0,,,,,,0,0,,,,,
0021500324,434,2,5,4,10:01 PM,8:22,MISS Henson 2' Layup,,,,,4.0,203089,John Henson,1610612749.0,Milwaukee,Bucks,MIL,0,0,,,,,,0,0,,,,,
0021500324,435,4,0,4,10:01 PM,8:20,,,Smith REBOUND (Off:2 Def:2),,,5.0,2746,Josh Smith,1610612746.0,LA,Clippers,LAC,0,0,,,,,,0,0,,,,,
0021500324,436,5,40,4,10:01 PM,8:03,,,Stephenson Out of Bounds Lost Ball Turnover (P1.T13),,,5.0,202362,Lance Stephenson,1610612746.0,LA,Clippers,LAC,0,0,,,,,,0,0,,,,,
0021500324,437,1,47,4,10:02 PM,7:49,Middleton 15' Turnaround Jump Shot (8 PTS) (Carter-Williams 7 AST),,,80 - 75,-5,4.0,203114,Khris Middleton,1610612749.0,Milwaukee,Bucks,MIL,4,203487,Michael Carter-Williams,1610612749.0,Milwaukee,Bucks,MIL,0,0,,,,,
0021500324,438,6,1,4,10:02 PM,7:30,Henson P.FOUL (P5.T4) (S.Corbin),,,,,4.0,203089,John Henson,1610612749.0,Milwaukee,Bucks,MIL,5,2037,Jamal Crawford,1610612746.0,LA,Clippers,LAC,1,0,,,,,
0021500324,439,8,0,4,10:02 PM,7:30,,,SUB: Paul FOR Rivers,,,5.0,203085,Austin Rivers,1610612746.0,LA,Clippers,LAC,5,101108,Chris Paul,1610612746.0,LA,Clippers,LAC,0,0,,,,,
0021500324,440,8,0,4,10:02 PM,7:30,,,SUB: Redick FOR Stephenson,,,5.0,202362,Lance Stephenson,1610612746.0,LA,Clippers,LAC,5,200755,JJ Redick,1610612746.0,LA,Clippers,LAC,0,0,,,,,
0021500324,441,8,0,4,10:02 PM,7:30,SUB: Monroe FOR Henson,,,,,4.0,203089,John Henson,1610612749.0,Milwaukee,Bucks,MIL,4,202328,Greg Monroe,1610612749.0,Milwaukee,Bucks,MIL,0,0,,,,,
0021500324,442,1,1,4,10:03 PM,7:22,,,Crawford 4' Jump Shot (5 PTS),82 - 75,-7,5.0,2037,Jamal Crawford,1610612746.0,LA,Clippers,LAC,0,0,,,,,,0,0,,,,,
0021500324,443,1,5,4,10:03 PM,7:05,Monroe 1' Layup (14 PTS) (Carter-Williams 8 AST),,,82 - 77,-5,4.0,202328,Greg Monroe,1610612749.0,Milwaukee,Bucks,MIL,4,203487,Michael Carter-Williams,1610612749.0,Milwaukee,Bucks,MIL,0,0,,,,,
0021500324,444,6,2,4,10:03 PM,6:47,Parker S.FOUL (P1.PN) (K.Scott),,,,,4.0,203953,Jabari Parker,1610612749.0,Milwaukee,Bucks,MIL,5,201933,Blake Griffin,1610612746.0,LA,Clippers,LAC,1,0,,,,,
0021500324,445,3,11,4,10:04 PM,6:47,,,MISS Griffin Free Throw 1 of 2,,,5.0,201933,Blake Griffin,1610612746.0,LA,Clippers,LAC,0,0,,,,,,0,0,,,,,
0021500324,446,4,1,4,10:04 PM,6:47,,,Clippers Rebound,,,3.0,1610612746,,,,,,0,0,,,,,,0,0,,,,,
0021500324,447,8,0,4,10:04 PM,6:47,,,SUB: Jordan FOR Smith,,,5.0,2746,Josh Smith,1610612746.0,LA,Clippers,LAC,5,201599,DeAndre Jordan,1610612746.0,LA,Clippers,LAC,0,0,,,,,
0021500324,448,3,12,4,10:04 PM,6:47,,,Griffin Free Throw 2 of 2 (15 PTS),83 - 77,-6,5.0,201933,Blake Griffin,1610612746.0,LA,Clippers,LAC,0,0,,,,,,0,0,,,,,
0021500324,450,2,1,4,10:04 PM,6:29,MISS Parker 14' Jump Shot,,,,,4.0,203953,Jabari Parker,1610612749.0,Milwaukee,Bucks,MIL,0,0,,,,,,0,0,,,,,
0021500324,451,4,0,4,10:05 PM,6:28,,,Paul REBOUND (Off:0 Def:3),,,5.0,101108,Chris Paul,1610612746.0,LA,Clippers,LAC,0,0,,,,,,0,0,,,,,
0021500324,452,1,43,4,10:05 PM,6:24,,,Griffin 1' Alley Oop Layup (17 PTS) (Paul 14 AST),85 - 77,-8,5.0,201933,Blake Griffin,1610612746.0,LA,Clippers,LAC,5,101108,Chris Paul,1610612746.0,LA,Clippers,LAC,0,0,,,,,
0021500324,453,2,1,4,10:05 PM,6:07,MISS Monroe 4' Jump Shot,,,,,4.0,202328,Greg Monroe,1610612749.0,Milwaukee,Bucks,MIL,0,0,,,,,,0,0,,,,,
0021500324,454,4,0,4,10:05 PM,6:07,Parker REBOUND (Off:2 Def:3),,,,,4.0,203953,Jabari Parker,1610612749.0,Milwaukee,Bucks,MIL,0,0,,,,,,0,0,,,,,
0021500324,455,6,1,4,10:05 PM,6:07,,,Jordan P.FOUL (P2.T2) (K.Scott),,,5.0,201599,DeAndre Jordan,1610612746.0,LA,Clippers,LAC,4,203953,Jabari Parker,1610612749.0,Milwaukee,Bucks,MIL,1,0,,,,,
0021500324,456,8,0,4,10:05 PM,6:07,SUB: Mayo FOR Vaughn,,,,,4.0,1626173,Rashad Vaughn,1610612749.0,Milwaukee,Bucks,MIL,4,201564,O.J. Mayo,1610612749.0,Milwaukee,Bucks,MIL,0,0,,,,,
0021500324,457,2,1,4,10:06 PM,5:54,MISS Carter-Williams 15' Jump Shot,,,,,4.0,203487,Michael Carter-Williams,1610612749.0,Milwaukee,Bucks,MIL,0,0,,,,,,0,0,,,,,
0021500324,458,4,0,4,10:06 PM,5:54,BUCKS Rebound,,,,,2.0,1610612749,,,,,,0,0,,,,,,0,0,,,,,
0021500324,459,6,3,4,10:06 PM,5:54,,,Paul L.B.FOUL (P4.T3) (S.Corbin),,,5.0,101108,Chris Paul,1610612746.0,LA,Clippers,LAC,4,203953,Jabari Parker,1610612749.0,Milwaukee,Bucks,MIL,1,0,,,,,
0021500324,460,9,1,4,10:06 PM,5:54,BUCKS Timeout: Regular (Full 4 Short 1),,,,,2.0,1610612749,,,,,,0,0,,,,,,0,0,,,,,
0021500324,464,2,3,4,10:09 PM,5:47,MISS Monroe 2' Hook Shot,,,,,4.0,202328,Greg Monroe,1610612749.0,Milwaukee,Bucks,MIL,0,0,,,,,,0,0,,,,,
0021500324,465,4,0,4,10:09 PM,5:45,,,Jordan REBOUND (Off:4 Def:12),,,5.0,201599,DeAndre Jordan,1610612746.0,LA,Clippers,LAC,0,0,,,,,,0,0,,,,,
0021500324,466,1,1,4,10:09 PM,5:38,,,Crawford 24' 3PT Jump Shot (8 PTS) (Paul 15 AST),88 - 77,-11,5.0,2037,Jamal Crawford,1610612746.0,LA,Clippers,LAC,5,101108,Chris Paul,1610612746.0,LA,Clippers,LAC,0,0,,,,,
0021500324,468,2,5,4,10:10 PM,5:16,MISS Parker 1' Layup,,Jordan BLOCK (3 BLK),,,4.0,203953,Jabari Parker,1610612749.0,Milwaukee,Bucks,MIL,0,0,,,,,,5,201599,DeAndre Jordan,1610612746.0,LA,Clippers,LAC
0021500324,469,4,0,4,10:10 PM,5:15,,,Jordan REBOUND (Off:4 Def:13),,,5.0,201599,DeAndre Jordan,1610612746.0,LA,Clippers,LAC,0,0,,,,,,0,0,,,,,
0021500324,470,5,45,4,10:10 PM,5:15,,,Jordan Out of Bounds - Bad Pass Turnover Turnover (P3.T14),,,5.0,201599,DeAndre Jordan,1610612746.0,LA,Clippers,LAC,0,0,,,,,,0,0,,,,,
0021500324,471,2,1,4,10:10 PM,5:05,MISS Mayo 7' Jump Shot,,,,,4.0,201564,O.J. Mayo,1610612749.0,Milwaukee,Bucks,MIL,0,0,,,,,,0,0,,,,,
0021500324,472,4,0,4,10:10 PM,5:03,,,Griffin REBOUND (Off:2 Def:10),,,5.0,201933,Blake Griffin,1610612746.0,LA,Clippers,LAC,0,0,,,,,,0,0,,,,,
0021500324,473,6,28,4,10:10 PM,5:02,Parker Personal Take Foul (P2.PN) (B.Barnaky),,,,,4.0,203953,Jabari Parker,1610612749.0,Milwaukee,Bucks,MIL,5,201599,DeAndre Jordan,1610612746.0,LA,Clippers,LAC,1,0,,,,,
0021500324,474,3,11,4,10:11 PM,5:02,,,MISS Jordan Free Throw 1 of 2,,,5.0,201599,DeAndre Jordan,1610612746.0,LA,Clippers,LAC,0,0,,,,,,0,0,,,,,
0021500324,475,4,1,4,10:11 PM,5:02,,,Clippers Rebound,,,3.0,1610612746,,,,,,0,0,,,,,,0,0,,,,,
0021500324,476,3,12,4,10:11 PM,5:02,,,MISS Jordan Free Throw 2 of 2,,,5.0,201599,DeAndre Jordan,1610612746.0,LA,Clippers,LAC,0,0,,,,,,0,0,,,,,
0021500324,478,4,0,4,10:11 PM,5:01,,,Jordan REBOUND (Off:5 Def:13),,,5.0,201599,DeAndre Jordan,1610612746.0,LA,Clippers,LAC,0,0,,,,,,0,0,,,,,
0021500324,479,1,1,4,10:11 PM,4:56,,,Redick 26' 3PT Jump Shot (27 PTS) (Jordan 2 AST),91 - 77,-14,5.0,200755,JJ Redick,1610612746.0,LA,Clippers,LAC,5,201599,DeAndre Jordan,1610612746.0,LA,Clippers,LAC,0,0,,,,,
0021500324,480,6,2,4,10:11 PM,4:50,,,Redick S.FOUL (P1.T4) (K.Scott),,,5.0,200755,JJ Redick,1610612746.0,LA,Clippers,LAC,4,203114,Khris Middleton,1610612749.0,Milwaukee,Bucks,MIL,1,0,,,,,
0021500324,481,3,11,4,10:12 PM,4:50,Middleton Free Throw 1 of 2 (9 PTS),,,91 - 78,-13,4.0,203114,Khris Middleton,1610612749.0,Milwaukee,Bucks,MIL,0,0,,,,,,0,0,,,,,
0021500324,483,3,12,4,10:12 PM,4:50,MISS Middleton Free Throw 2 of 2,,,,,4.0,203114,Khris Middleton,1610612749.0,Milwaukee,Bucks,MIL,0,0,,,,,,0,0,,,,,
0021500324,485,4,0,4,10:12 PM,4:48,,,Griffin REBOUND (Off:2 Def:11),,,5.0,201933,Blake Griffin,1610612746.0,LA,Clippers,LAC,0,0,,,,,,0,0,,,,,
0021500324,486,6,28,4,10:12 PM,4:48,Carter-Williams Personal Take Foul (P3.PN) (B.Barnaky),,,,,4.0,203487,Michael Carter-Williams,1610612749.0,Milwaukee,Bucks,MIL,5,201599,DeAndre Jordan,1610612746.0,LA,Clippers,LAC,1,0,,,,,
0021500324,487,3,11,4,10:12 PM,4:48,,,MISS Jordan Free Throw 1 of 2,,,5.0,201599,DeAndre Jordan,1610612746.0,LA,Clippers,LAC,0,0,,,,,,0,0,,,,,
0021500324,488,4,1,4,10:12 PM,4:48,,,Clippers Rebound,,,3.0,1610612746,,,,,,0,0,,,,,,0,0,,,,,
0021500324,489,8,0,4,10:13 PM,4:48,SUB: Antetokounmpo FOR Parker,,,,,4.0,203953,Jabari Parker,1610612749.0,Milwaukee,Bucks,MIL,4,203507,Giannis Antetokounmpo,1610612749.0,Milwaukee,Bucks,MIL,0,0,,,,,
0021500324,490,3,12,4,10:13 PM,4:48,,,Jordan Free Throw 2 of 2 (5 PTS),92 - 78,-14,5.0,201599,DeAndre Jordan,1610612746.0,LA,Clippers,LAC,0,0,,,,,,0,0,,,,,
0021500324,492,2,1,4,10:13 PM,4:34,MISS Carter-Williams 4' Jump Shot,,Griffin BLOCK (1 BLK),,,4.0,203487,Michael Carter-Williams,1610612749.0,Milwaukee,Bucks,MIL,0,0,,,,,,5,201933,Blake Griffin,1610612746.0,LA,Clippers,LAC
0021500324,493,4,0,4,10:13 PM,4:31,Monroe REBOUND (Off:4 Def:4),,,,,4.0,202328,Greg Monroe,1610612749.0,Milwaukee,Bucks,MIL,0,0,,,,,,0,0,,,,,
0021500324,494,1,1,4,10:14 PM,4:29,Antetokounmpo 12' Jump Shot (8 PTS) (Carter-Williams 9 AST),,,92 - 80,-12,4.0,203507,Giannis Antetokounmpo,1610612749.0,Milwaukee,Bucks,MIL,4,203487,Michael Carter-Williams,1610612749.0,Milwaukee,Bucks,MIL,0,0,,,,,
0021500324,495,6,28,4,10:14 PM,4:22,Antetokounmpo Personal Take Foul (P5.PN) (S.Corbin),,,,,4.0,203507,Giannis Antetokounmpo,1610612749.0,Milwaukee,Bucks,MIL,5,201599,DeAndre Jordan,1610612746.0,LA,Clippers,LAC,1,0,,,,,
0021500324,496,3,11,4,10:14 PM,4:22,,,Jordan Free Throw 1 of 2 (6 PTS),93 - 80,-13,5.0,201599,DeAndre Jordan,1610612746.0,LA,Clippers,LAC,0,0,,,,,,0,0,,,,,
0021500324,498,3,12,4,10:14 PM,4:22,,,Jordan Free Throw 2 of 2 (7 PTS),94 - 80,-14,5.0,201599,DeAndre Jordan,1610612746.0,LA,Clippers,LAC,0,0,,,,,,0,0,,,,,
0021500324,500,1,66,4,10:15 PM,4:11,Mayo 15' Jump Bank Shot (12 PTS) (Carter-Williams 10 AST),,,94 - 82,-12,4.0,201564,O.J. Mayo,1610612749.0,Milwaukee,Bucks,MIL,4,203487,Michael Carter-Williams,1610612749.0,Milwaukee,Bucks,MIL,0,0,,,,,
0021500324,501,6,28,4,10:15 PM,4:05,Carter-Williams Personal Take Foul (P4.PN) (S.Corbin),,,,,4.0,203487,Michael Carter-Williams,1610612749.0,Milwaukee,Bucks,MIL,5,201599,DeAndre Jordan,1610612746.0,LA,Clippers,LAC,1,0,,,,,
0021500324,502,3,11,4,10:16 PM,4:05,,,MISS Jordan Free Throw 1 of 2,,,5.0,201599,DeAndre Jordan,1610612746.0,LA,Clippers,LAC,0,0,,,,,,0,0,,,,,
0021500324,503,4,1,4,10:16 PM,4:05,,,Clippers Rebound,,,3.0,1610612746,,,,,,0,0,,,,,,0,0,,,,,
0021500324,504,3,12,4,10:16 PM,4:05,,,Jordan Free Throw 2 of 2 (8 PTS),95 - 82,-13,5.0,201599,DeAndre Jordan,1610612746.0,LA,Clippers,LAC,0,0,,,,,,0,0,,,,,
0021500324,506,2,1,4,10:16 PM,3:52,MISS Middleton 27' 3PT Jump Shot,,,,,4.0,203114,Khris Middleton,1610612749.0,Milwaukee,Bucks,MIL,0,0,,,,,,0,0,,,,,
0021500324,507,4,0,4,10:16 PM,3:51,,,Jordan REBOUND (Off:5 Def:14),,,5.0,201599,DeAndre Jordan,1610612746.0,LA,Clippers,LAC,0,0,,,,,,0,0,,,,,
0021500324,508,2,1,4,10:16 PM,3:45,,,MISS Crawford 25' 3PT Jump Shot,,,5.0,2037,Jamal Crawford,1610612746.0,LA,Clippers,LAC,0,0,,,,,,0,0,,,,,
0021500324,509,4,0,4,10:16 PM,3:44,Monroe REBOUND (Off:4 Def:5),,,,,4.0,202328,Greg Monroe,1610612749.0,Milwaukee,Bucks,MIL,0,0,,,,,,0,0,,,,,
0021500324,510,1,1,4,10:17 PM,3:35,Mayo 6' Jump Shot (14 PTS),,,95 - 84,-11,4.0,201564,O.J. Mayo,1610612749.0,Milwaukee,Bucks,MIL,0,0,,,,,,0,0,,,,,
0021500324,511,1,101,4,10:17 PM,3:19,,,Redick 4' Driving Floating Jump Shot (29 PTS) (Paul 16 AST),97 - 84,-13,5.0,200755,JJ Redick,1610612746.0,LA,Clippers,LAC,5,101108,Chris Paul,1610612746.0,LA,Clippers,LAC,0,0,,,,,
0021500324,512,9,1,4,10:17 PM,3:18,BUCKS Timeout: Regular (Full 5 Short 1),,,,,2.0,1610612749,,,,,,0,0,,,,,,0,0,,,,,
0021500324,515,1,5,4,10:20 PM,3:04,Antetokounmpo 2' Layup (10 PTS) (Carter-Williams 11 AST),,,97 - 86,-11,4.0,203507,Giannis Antetokounmpo,1610612749.0,Milwaukee,Bucks,MIL,4,203487,Michael Carter-Williams,1610612749.0,Milwaukee,Bucks,MIL,0,0,,,,,
0021500324,516,1,1,4,10:20 PM,2:43,,,Griffin 19' Jump Shot (19 PTS) (Paul 17 AST),99 - 86,-13,5.0,201933,Blake Griffin,1610612746.0,LA,Clippers,LAC,5,101108,Chris Paul,1610612746.0,LA,Clippers,LAC,0,0,,,,,
0021500324,517,6,2,4,10:21 PM,2:32,,,Jordan S.FOUL (P3.PN) (S.Corbin),,,5.0,201599,DeAndre Jordan,1610612746.0,LA,Clippers,LAC,4,203507,Giannis Antetokounmpo,1610612749.0,Milwaukee,Bucks,MIL,1,0,,,,,
0021500324,518,3,11,4,10:21 PM,2:32,Antetokounmpo Free Throw 1 of 2 (11 PTS),,,99 - 87,-12,4.0,203507,Giannis Antetokounmpo,1610612749.0,Milwaukee,Bucks,MIL,0,0,,,,,,0,0,,,,,
0021500324,520,3,12,4,10:21 PM,2:32,Antetokounmpo Free Throw 2 of 2 (12 PTS),,,99 - 88,-11,4.0,203507,Giannis Antetokounmpo,1610612749.0,Milwaukee,Bucks,MIL,0,0,,,,,,0,0,,,,,
0021500324,522,6,1,4,10:22 PM,2:23,Middleton P.FOUL (P4.PN) (S.Corbin),,,,,4.0,203114,Khris Middleton,1610612749.0,Milwaukee,Bucks,MIL,5,200755,JJ Redick,1610612746.0,LA,Clippers,LAC,1,0,,,,,
0021500324,523,3,11,4,10:22 PM,2:23,,,Redick Free Throw 1 of 2 (30 PTS),100 - 88,-12,5.0,200755,JJ Redick,1610612746.0,LA,Clippers,LAC,0,0,,,,,,0,0,,,,,
0021500324,525,3,12,4,10:22 PM,2:23,,,Redick Free Throw 2 of 2 (31 PTS),101 - 88,-13,5.0,200755,JJ Redick,1610612746.0,LA,Clippers,LAC,0,0,,,,,,0,0,,,,,
0021500324,527,1,5,4,10:23 PM,2:15,Monroe 1' Layup (16 PTS) (Mayo 8 AST),,,101 - 90,-11,4.0,202328,Greg Monroe,1610612749.0,Milwaukee,Bucks,MIL,4,201564,O.J. Mayo,1610612749.0,Milwaukee,Bucks,MIL,0,0,,,,,
0021500324,528,6,1,4,10:23 PM,2:03,Mayo P.FOUL (P5.PN) (S.Corbin),,,,,4.0,201564,O.J. Mayo,1610612749.0,Milwaukee,Bucks,MIL,5,101108,Chris Paul,1610612746.0,LA,Clippers,LAC,1,0,,,,,
0021500324,529,3,11,4,10:23 PM,2:03,,,Paul Free Throw 1 of 2 (14 PTS),102 - 90,-12,5.0,101108,Chris Paul,1610612746.0,LA,Clippers,LAC,0,0,,,,,,0,0,,,,,
0021500324,531,3,12,4,10:23 PM,2:03,,,Paul Free Throw 2 of 2 (15 PTS),103 - 90,-13,5.0,101108,Chris Paul,1610612746.0,LA,Clippers,LAC,0,0,,,,,,0,0,,,,,
0021500324,533,1,1,4,10:24 PM,1:54,Antetokounmpo 18' Jump Shot (14 PTS),,,103 - 92,-11,4.0,203507,Giannis Antetokounmpo,1610612749.0,Milwaukee,Bucks,MIL,0,0,,,,,,0,0,,,,,
0021500324,535,6,1,4,10:24 PM,1:35,Middleton P.FOUL (P5.PN) (S.Corbin),,,,,4.0,203114,Khris Middleton,1610612749.0,Milwaukee,Bucks,MIL,5,201599,DeAndre Jordan,1610612746.0,LA,Clippers,LAC,1,0,,,,,
0021500324,536,3,11,4,10:25 PM,1:35,,,MISS Jordan Free Throw 1 of 2,,,5.0,201599,DeAndre Jordan,1610612746.0,LA,Clippers,LAC,0,0,,,,,,0,0,,,,,
0021500324,537,4,1,4,10:25 PM,1:35,,,Clippers Rebound,,,3.0,1610612746,,,,,,0,0,,,,,,0,0,,,,,
0021500324,538,3,12,4,10:25 PM,1:35,,,Jordan Free Throw 2 of 2 (9 PTS),104 - 92,-12,5.0,201599,DeAndre Jordan,1610612746.0,LA,Clippers,LAC,0,0,,,,,,0,0,,,,,
0021500324,540,6,29,4,10:25 PM,1:24,,,Jordan Shooting Block Foul (P4.PN) (S.Corbin),,,5.0,201599,DeAndre Jordan,1610612746.0,LA,Clippers,LAC,4,203507,Giannis Antetokounmpo,1610612749.0,Milwaukee,Bucks,MIL,1,0,,,,,
0021500324,541,3,11,4,10:26 PM,1:24,Antetokounmpo Free Throw 1 of 2 (15 PTS),,,104 - 93,-11,4.0,203507,Giannis Antetokounmpo,1610612749.0,Milwaukee,Bucks,MIL,0,0,,,,,,0,0,,,,,
0021500324,543,3,12,4,10:26 PM,1:24,MISS Antetokounmpo Free Throw 2 of 2,,,,,4.0,203507,Giannis Antetokounmpo,1610612749.0,Milwaukee,Bucks,MIL,0,0,,,,,,0,0,,,,,
0021500324,545,4,0,4,10:26 PM,1:21,,,Griffin REBOUND (Off:2 Def:12),,,5.0,201933,Blake Griffin,1610612746.0,LA,Clippers,LAC,0,0,,,,,,0,0,,,,,
0021500324,546,1,1,4,10:27 PM,1:08,,,Griffin 19' Jump Shot (21 PTS) (Paul 18 AST),106 - 93,-13,5.0,201933,Blake Griffin,1610612746.0,LA,Clippers,LAC,5,101108,Chris Paul,1610612746.0,LA,Clippers,LAC,0,0,,,,,
0021500324,547,5,45,4,10:27 PM,1:03,Carter-Williams Out of Bounds - Bad Pass Turnover Turnover (P2.T12),,,,,4.0,203487,Michael Carter-Williams,1610612749.0,Milwaukee,Bucks,MIL,0,0,,,,,,0,0,,,,,
0021500324,548,1,1,4,10:27 PM,0:44,,,Paul 27' 3PT Jump Shot (18 PTS),109 - 93,-16,5.0,101108,Chris Paul,1610612746.0,LA,Clippers,LAC,0,0,,,,,,0,0,,,,,
0021500324,549,1,102,4,10:28 PM,0:33,Carter-Williams 9' Driving Floating Bank Jump Shot (20 PTS),,,109 - 95,-14,4.0,203487,Michael Carter-Williams,1610612749.0,Milwaukee,Bucks,MIL,0,0,,,,,,0,0,,,,,
0021500324,550,2,1,4,10:28 PM,0:11,,,MISS Griffin 23' Jump Shot,,,5.0,201933,Blake Griffin,1610612746.0,LA,Clippers,LAC,0,0,,,,,,0,0,,,,,
0021500324,551,4,0,4,10:28 PM,0:10,Monroe REBOUND (Off:4 Def:6),,,,,4.0,202328,Greg Monroe,1610612749.0,Milwaukee,Bucks,MIL,0,0,,,,,,0,0,,,,,
0021500324,552,2,1,4,10:28 PM,0:00,MISS Mayo 25' 3PT Jump Shot,,,,,4.0,201564,O.J. Mayo,1610612749.0,Milwaukee,Bucks,MIL,0,0,,,,,,0,0,,,,,
0021500324,553,4,0,4,10:28 PM,0:00,,,Clippers Rebound,,,3.0,1610612746,,,,,,0,0,,,,,,0,0,,,,,
0021500324,554,13,0,4,10:28 PM,0:00,,,,109 - 95,-14,0.0,0,,,,,,0,0,,,,,,0,0,,,,,
