GAME_ID,EVENTNUM,EVENTMSGTYPE,EVENTMSGACTIONTYPE,PERIOD,WCTIMESTRING,PCTIMESTRING,HOMEDESCRIPTION,NEUTRALDESCRIPTION,VISITORDESCRIPTION,SCORE,SCOREMARGIN,PERSON1TYPE,PLAYER1_ID,PLAYER1_NAME,PLAYER1_TEAM_ID,PLAYER1_TEAM_CITY,PLAYER1_TEAM_NICKNAME,PLAYER1_TEAM_ABBREVIATION,PERSON2TYPE,PLAYER2_ID,PLAYER2_NAME,PLAYER2_TEAM_ID,PLAYER2_TEAM_CITY,PLAYER2_TEAM_NICKNAME,PLAYER2_TEAM_ABBREVIATION,PERSON3TYPE,PLAYER3_ID,PLAYER3_NAME,PLAYER3_TEAM_ID,PLAYER3_TEAM_CITY,PLAYER3_TEAM_NICKNAME,PLAYER3_TEAM_ABBREVIATION
0021500158,1,12,0,1,7:13 PM,12:00,,,,,,0.0,0,,,,,,0,0,,,,,,0,0,,,,,
0021500158,2,10,0,1,7:13 PM,12:00,Jump Ball Gortat vs. Monroe: Tip to Humphries,,,,,4.0,101162,Marcin Gortat,1610612764.0,Washington,Wizards,WAS,5,202328,Greg Monroe,1610612749.0,Milwaukee,Bucks,MIL,4,2743,Kris Humphries,1610612764.0,Washington,Wizards,WAS
0021500158,3,2,1,1,7:14 PM,11:33,MISS Gortat 20' Jump Shot,,,,,4.0,101162,Marcin Gortat,1610612764.0,Washington,Wizards,WAS,0,0,,,,,,0,0,,,,,
0021500158,4,4,0,1,7:14 PM,11:32,,,Carter-Williams REBOUND (Off:0 Def:1),,,5.0,203487,Michael Carter-Williams,1610612749.0,Milwaukee,Bucks,MIL,0,0,,,,,,0,0,,,,,
0021500158,5,2,1,1,7:14 PM,11:07,,,MISS Carter-Williams 11' Jump Shot,,,5.0,203487,Michael Carter-Williams,1610612749.0,Milwaukee,Bucks,MIL,0,0,,,,,,0,0,,,,,
0021500158,6,4,0,1,7:14 PM,11:06,,,Bucks Rebound,,,3.0,1610612749,,,,,,0,0,,,,,,0,0,,,,,
0021500158,7,1,63,1,7:14 PM,11:00,,,Middleton 12' Fadeaway Jumper (2 PTS),2 - 0,-2,5.0,203114,Khris Middleton,1610612749.0,Milwaukee,Bucks,MIL,0,0,,,,,,0,0,,,,,
0021500158,8,1,49,1,7:15 PM,10:49,Wall  Driving Dunk (2 PTS),,,2 - 2,TIE,4.0,202322,John Wall,1610612764.0,Washington,Wizards,WAS,0,0,,,,,,0,0,,,,,
0021500158,9,5,1,1,7:15 PM,10:36,Temple STEAL (1 STL),,Carter-Williams Bad Pass Turnover (P1.T1),,,5.0,203487,Michael Carter-Williams,1610612749.0,Milwaukee,Bucks,MIL,4,202066,Garrett Temple,1610612764.0,Washington,Wizards,WAS,0,0,,,,,
0021500158,10,1,1,1,7:15 PM,10:24,Porter Jr. 24' 3PT Jump Shot (3 PTS) (Temple 1 AST),,,2 - 5,3,4.0,203490,Otto Porter Jr.,1610612764.0,Washington,Wizards,WAS,4,202066,Garrett Temple,1610612764.0,Washington,Wizards,WAS,0,0,,,,,
0021500158,11,5,1,1,7:15 PM,10:10,Porter Jr. STEAL (1 STL),,Carter-Williams Bad Pass Turnover (P2.T2),,,5.0,203487,Michael Carter-Williams,1610612749.0,Milwaukee,Bucks,MIL,4,203490,Otto Porter Jr.,1610612764.0,Washington,Wizards,WAS,0,0,,,,,
0021500158,12,1,75,1,7:15 PM,10:06,Wall 1' Driving Finger Roll Layup (4 PTS) (Porter Jr. 1 AST),,,2 - 7,5,4.0,202322,John Wall,1610612764.0,Washington,Wizards,WAS,4,203490,Otto Porter Jr.,1610612764.0,Washington,Wizards,WAS,0,0,,,,,
0021500158,13,6,4,1,7:16 PM,9:52,,,Middleton OFF.Foul (P1) (L.Richardson),,,5.0,203114,Khris Middleton,1610612749.0,Milwaukee,Bucks,MIL,4,2743,Kris Humphries,1610612764.0,Washington,Wizards,WAS,1,0,,,,,
0021500158,14,5,5,1,7:16 PM,9:52,,,Middleton Foul Turnover (P1.T3),,,5.0,203114,Khris Middleton,1610612749.0,Milwaukee,Bucks,MIL,0,0,,,,,,1,0,,,,,
0021500158,16,2,1,1,7:16 PM,9:38,MISS Porter Jr. 26' 3PT Jump Shot,,,,,4.0,203490,Otto Porter Jr.,1610612764.0,Washington,Wizards,WAS,0,0,,,,,,0,0,,,,,
0021500158,17,4,0,1,7:16 PM,9:37,,,Bayless REBOUND (Off:0 Def:1),,,5.0,201573,Jerryd Bayless,1610612749.0,Milwaukee,Bucks,MIL,0,0,,,,,,0,0,,,,,
0021500158,18,5,45,1,7:16 PM,9:28,,,Antetokounmpo Out of Bounds - Bad Pass Turnover Turnover (P1.T4),,,5.0,203507,Giannis Antetokounmpo,1610612749.0,Milwaukee,Bucks,MIL,0,0,,,,,,1,0,,,,,
0021500158,19,5,40,1,7:17 PM,9:19,Porter Jr. Out of Bounds Lost Ball Turnover (P1.T1),,,,,4.0,203490,Otto Porter Jr.,1610612764.0,Washington,Wizards,WAS,0,0,,,,,,1,0,,,,,
0021500158,20,1,80,1,7:17 PM,9:05,,,Middleton 25' 3PT Step Back Jump Shot (5 PTS) (Monroe 1 AST),5 - 7,2,5.0,203114,Khris Middleton,1610612749.0,Milwaukee,Bucks,MIL,5,202328,Greg Monroe,1610612749.0,Milwaukee,Bucks,MIL,0,0,,,,,
0021500158,21,2,1,1,7:17 PM,8:49,MISS Wall 31' 3PT Jump Shot,,,,,4.0,202322,John Wall,1610612764.0,Washington,Wizards,WAS,0,0,,,,,,0,0,,,,,
0021500158,22,4,0,1,7:17 PM,8:48,,,Antetokounmpo REBOUND (Off:0 Def:1),,,5.0,203507,Giannis Antetokounmpo,1610612749.0,Milwaukee,Bucks,MIL,0,0,,,,,,0,0,,,,,
0021500158,23,1,1,1,7:18 PM,8:30,,,Bayless 24' 3PT Jump Shot (3 PTS) (Antetokounmpo 1 AST),8 - 7,-1,5.0,201573,Jerryd Bayless,1610612749.0,Milwaukee,Bucks,MIL,5,203507,Giannis Antetokounmpo,1610612749.0,Milwaukee,Bucks,MIL,0,0,,,,,
0021500158,24,2,5,1,7:18 PM,8:24,MISS Gortat 1' Layup,,Monroe BLOCK (1 BLK),,,4.0,101162,Marcin Gortat,1610612764.0,Washington,Wizards,WAS,0,0,,,,,,5,202328,Greg Monroe,1610612749.0,Milwaukee,Bucks,MIL
0021500158,25,4,0,1,7:18 PM,8:19,,,Bayless REBOUND (Off:0 Def:2),,,5.0,201573,Jerryd Bayless,1610612749.0,Milwaukee,Bucks,MIL,0,0,,,,,,0,0,,,,,
0021500158,26,1,1,1,7:18 PM,8:09,,,Middleton 18' Jump Shot (7 PTS) (Monroe 2 AST),10 - 7,-3,5.0,203114,Khris Middleton,1610612749.0,Milwaukee,Bucks,MIL,5,202328,Greg Monroe,1610612749.0,Milwaukee,Bucks,MIL,0,0,,,,,
0021500158,27,2,1,1,7:18 PM,8:03,MISS Porter Jr. 20' Jump Shot,,,,,4.0,203490,Otto Porter Jr.,1610612764.0,Washington,Wizards,WAS,0,0,,,,,,0,0,,,,,
0021500158,28,4,0,1,7:18 PM,8:01,,,Bayless REBOUND (Off:0 Def:3),,,5.0,201573,Jerryd Bayless,1610612749.0,Milwaukee,Bucks,MIL,0,0,,,,,,0,0,,,,,
0021500158,30,6,2,1,7:18 PM,7:50,Wall S.FOUL (P1.T1) (B.Taylor),,,,,4.0,202322,John Wall,1610612764.0,Washington,Wizards,WAS,5,203507,Giannis Antetokounmpo,1610612749.0,Milwaukee,Bucks,MIL,1,0,,,,,
0021500158,31,3,11,1,7:19 PM,7:50,,,Antetokounmpo Free Throw 1 of 2 (1 PTS),11 - 7,-4,5.0,203507,Giannis Antetokounmpo,1610612749.0,Milwaukee,Bucks,MIL,0,0,,,,,,0,0,,,,,
0021500158,33,3,12,1,7:19 PM,7:50,,,Antetokounmpo Free Throw 2 of 2 (2 PTS),12 - 7,-5,5.0,203507,Giannis Antetokounmpo,1610612749.0,Milwaukee,Bucks,MIL,0,0,,,,,,0,0,,,,,
0021500158,36,5,4,1,7:20 PM,7:37,Wall Traveling Turnover (P1.T2),,,,,4.0,202322,John Wall,1610612764.0,Washington,Wizards,WAS,0,0,,,,,,1,0,,,,,
0021500158,37,2,1,1,7:20 PM,7:23,,,MISS Antetokounmpo 6' Jump Shot,,,5.0,203507,Giannis Antetokounmpo,1610612749.0,Milwaukee,Bucks,MIL,0,0,,,,,,0,0,,,,,
0021500158,38,4,0,1,7:20 PM,7:21,Gortat REBOUND (Off:0 Def:1),,,,,4.0,101162,Marcin Gortat,1610612764.0,Washington,Wizards,WAS,0,0,,,,,,0,0,,,,,
0021500158,39,6,2,1,7:20 PM,7:17,,,Middleton S.FOUL (P2.T1) (K.Mauer),,,5.0,203114,Khris Middleton,1610612749.0,Milwaukee,Bucks,MIL,4,203490,Otto Porter Jr.,1610612764.0,Washington,Wizards,WAS,1,0,,,,,
0021500158,40,3,11,1,7:20 PM,7:17,Porter Jr. Free Throw 1 of 2 (4 PTS),,,12 - 8,-4,4.0,203490,Otto Porter Jr.,1610612764.0,Washington,Wizards,WAS,0,0,,,,,,0,0,,,,,
0021500158,44,8,0,1,7:21 PM,7:17,,,SUB: Vaughn FOR Middleton,,,5.0,203114,Khris Middleton,1610612749.0,Milwaukee,Bucks,MIL,5,1626173,Rashad Vaughn,1610612749.0,Milwaukee,Bucks,MIL,0,0,,,,,
0021500158,45,3,12,1,7:21 PM,7:17,Porter Jr. Free Throw 2 of 2 (5 PTS),,,12 - 9,-3,4.0,203490,Otto Porter Jr.,1610612764.0,Washington,Wizards,WAS,0,0,,,,,,0,0,,,,,
0021500158,48,2,1,1,7:21 PM,6:54,,,MISS Bayless 17' Jump Shot,,,5.0,201573,Jerryd Bayless,1610612749.0,Milwaukee,Bucks,MIL,0,0,,,,,,0,0,,,,,
0021500158,49,4,0,1,7:21 PM,6:53,Wall REBOUND (Off:0 Def:1),,,,,4.0,202322,John Wall,1610612764.0,Washington,Wizards,WAS,0,0,,,,,,0,0,,,,,
0021500158,50,2,5,1,7:21 PM,6:47,MISS Temple 3' Layup,,,,,4.0,202066,Garrett Temple,1610612764.0,Washington,Wizards,WAS,0,0,,,,,,0,0,,,,,
0021500158,51,4,0,1,7:21 PM,6:47,Humphries REBOUND (Off:1 Def:0),,,,,4.0,2743,Kris Humphries,1610612764.0,Washington,Wizards,WAS,0,0,,,,,,0,0,,,,,
0021500158,52,6,1,1,7:21 PM,6:47,,,Carter-Williams P.FOUL (P1.T2) (B.Taylor),,,5.0,203487,Michael Carter-Williams,1610612749.0,Milwaukee,Bucks,MIL,4,2743,Kris Humphries,1610612764.0,Washington,Wizards,WAS,1,0,,,,,
0021500158,53,6,2,1,7:22 PM,6:39,,,Monroe S.FOUL (P1.T3) (K.Mauer),,,5.0,202328,Greg Monroe,1610612749.0,Milwaukee,Bucks,MIL,4,101162,Marcin Gortat,1610612764.0,Washington,Wizards,WAS,1,0,,,,,
0021500158,54,3,11,1,7:22 PM,6:39,Gortat Free Throw 1 of 2 (1 PTS),,,12 - 10,-2,4.0,101162,Marcin Gortat,1610612764.0,Washington,Wizards,WAS,0,0,,,,,,0,0,,,,,
0021500158,56,3,12,1,7:22 PM,6:39,Gortat Free Throw 2 of 2 (2 PTS),,,12 - 11,-1,4.0,101162,Marcin Gortat,1610612764.0,Washington,Wizards,WAS,0,0,,,,,,0,0,,,,,
0021500158,59,2,1,1,7:23 PM,6:22,,,MISS Carter-Williams 18' Jump Shot,,,5.0,203487,Michael Carter-Williams,1610612749.0,Milwaukee,Bucks,MIL,0,0,,,,,,0,0,,,,,
0021500158,60,4,0,1,7:23 PM,6:21,Wall REBOUND (Off:0 Def:2),,,,,4.0,202322,John Wall,1610612764.0,Washington,Wizards,WAS,0,0,,,,,,0,0,,,,,
0021500158,61,2,1,1,7:23 PM,6:10,MISS Temple 25' 3PT Jump Shot,,,,,4.0,202066,Garrett Temple,1610612764.0,Washington,Wizards,WAS,0,0,,,,,,0,0,,,,,
0021500158,62,4,0,1,7:23 PM,6:09,,,Monroe REBOUND (Off:0 Def:1),,,5.0,202328,Greg Monroe,1610612749.0,Milwaukee,Bucks,MIL,0,0,,,,,,0,0,,,,,
0021500158,63,2,5,1,7:23 PM,6:02,Humphries BLOCK (1 BLK),,MISS Antetokounmpo 1' Layup,,,5.0,203507,Giannis Antetokounmpo,1610612749.0,Milwaukee,Bucks,MIL,0,0,,,,,,4,2743,Kris Humphries,1610612764.0,Washington,Wizards,WAS
0021500158,64,4,0,1,7:23 PM,6:01,,,Monroe REBOUND (Off:1 Def:1),,,5.0,202328,Greg Monroe,1610612749.0,Milwaukee,Bucks,MIL,0,0,,,,,,0,0,,,,,
0021500158,65,2,1,1,7:23 PM,5:58,Porter Jr. BLOCK (1 BLK),,MISS Monroe 6' Jump Shot,,,5.0,202328,Greg Monroe,1610612749.0,Milwaukee,Bucks,MIL,0,0,,,,,,4,203490,Otto Porter Jr.,1610612764.0,Washington,Wizards,WAS
0021500158,66,4,0,1,7:23 PM,5:58,,,Bucks Rebound,,,3.0,1610612749,,,,,,0,0,,,,,,0,0,,,,,
0021500158,67,9,1,1,7:23 PM,5:58,WIZARDS Timeout: Regular (Full 1 Short 0),,,,,2.0,1610612764,,,,,,0,0,,,,,,0,0,,,,,
0021500158,69,8,0,1,7:25 PM,5:58,,,SUB: O'Bryant III FOR Antetokounmpo,,,5.0,203507,Giannis Antetokounmpo,1610612749.0,Milwaukee,Bucks,MIL,5,203948,Johnny O'Bryant III,1610612749.0,Milwaukee,Bucks,MIL,0,0,,,,,
0021500158,70,2,1,1,7:26 PM,5:46,,,MISS Carter-Williams 14' Jump Shot,,,5.0,203487,Michael Carter-Williams,1610612749.0,Milwaukee,Bucks,MIL,0,0,,,,,,0,0,,,,,
0021500158,71,4,0,1,7:26 PM,5:45,WIZARDS Rebound,,,,,2.0,1610612764,,,,,,0,0,,,,,,0,0,,,,,
0021500158,72,1,98,1,7:26 PM,5:26,Gortat 1' Cutting Layup Shot (4 PTS) (Wall 1 AST),,,12 - 13,1,4.0,101162,Marcin Gortat,1610612764.0,Washington,Wizards,WAS,4,202322,John Wall,1610612764.0,Washington,Wizards,WAS,0,0,,,,,
0021500158,73,2,1,1,7:27 PM,5:08,,,MISS Carter-Williams 27' 3PT Jump Shot,,,5.0,203487,Michael Carter-Williams,1610612749.0,Milwaukee,Bucks,MIL,0,0,,,,,,0,0,,,,,
0021500158,74,4,0,1,7:27 PM,5:07,Gortat REBOUND (Off:0 Def:2),,,,,4.0,101162,Marcin Gortat,1610612764.0,Washington,Wizards,WAS,0,0,,,,,,0,0,,,,,
0021500158,75,1,98,1,7:27 PM,4:57,Gortat 1' Cutting Layup Shot (6 PTS) (Temple 2 AST),,,12 - 15,3,4.0,101162,Marcin Gortat,1610612764.0,Washington,Wizards,WAS,4,202066,Garrett Temple,1610612764.0,Washington,Wizards,WAS,0,0,,,,,
0021500158,76,6,4,1,7:27 PM,4:43,,,Carter-Williams OFF.Foul (P2) (L.Richardson),,,5.0,203487,Michael Carter-Williams,1610612749.0,Milwaukee,Bucks,MIL,4,203490,Otto Porter Jr.,1610612764.0,Washington,Wizards,WAS,1,0,,,,,
0021500158,77,5,5,1,7:27 PM,4:43,,,Carter-Williams Foul Turnover (P3.T5),,,5.0,203487,Michael Carter-Williams,1610612749.0,Milwaukee,Bucks,MIL,0,0,,,,,,1,0,,,,,
0021500158,78,8,0,1,7:27 PM,4:43,,,SUB: Vasquez FOR Carter-Williams,,,5.0,203487,Michael Carter-Williams,1610612749.0,Milwaukee,Bucks,MIL,5,202349,Greivis Vasquez,1610612749.0,Milwaukee,Bucks,MIL,0,0,,,,,
0021500158,79,8,0,1,7:27 PM,4:43,SUB: Sessions FOR Wall,,,,,4.0,202322,John Wall,1610612764.0,Washington,Wizards,WAS,4,201196,Ramon Sessions,1610612764.0,Washington,Wizards,WAS,0,0,,,,,
0021500158,81,1,1,1,7:28 PM,4:31,Temple 26' 3PT Jump Shot (3 PTS) (Gortat 1 AST),,,12 - 18,6,4.0,202066,Garrett Temple,1610612764.0,Washington,Wizards,WAS,4,101162,Marcin Gortat,1610612764.0,Washington,Wizards,WAS,0,0,,,,,
0021500158,82,2,1,1,7:28 PM,4:19,,,MISS Monroe 19' Jump Shot,,,5.0,202328,Greg Monroe,1610612749.0,Milwaukee,Bucks,MIL,0,0,,,,,,0,0,,,,,
0021500158,83,4,0,1,7:28 PM,4:17,Humphries REBOUND (Off:1 Def:1),,,,,4.0,2743,Kris Humphries,1610612764.0,Washington,Wizards,WAS,0,0,,,,,,0,0,,,,,
0021500158,84,5,1,1,7:28 PM,4:06,Sessions Bad Pass Turnover (P1.T3),,Bayless STEAL (1 STL),,,4.0,201196,Ramon Sessions,1610612764.0,Washington,Wizards,WAS,5,201573,Jerryd Bayless,1610612749.0,Milwaukee,Bucks,MIL,0,0,,,,,
0021500158,86,8,0,1,7:29 PM,3:50,SUB: Neal FOR Porter Jr.,,,,,4.0,203490,Otto Porter Jr.,1610612764.0,Washington,Wizards,WAS,4,202390,Gary Neal,1610612764.0,Washington,Wizards,WAS,0,0,,,,,
0021500158,87,8,0,1,7:29 PM,3:50,,,SUB: Henson FOR Monroe,,,5.0,202328,Greg Monroe,1610612749.0,Milwaukee,Bucks,MIL,5,203089,John Henson,1610612749.0,Milwaukee,Bucks,MIL,0,0,,,,,
0021500158,88,1,78,1,7:29 PM,3:46,,,Bayless 13' Floating Jump Shot (5 PTS) (Henson 1 AST),14 - 18,4,5.0,201573,Jerryd Bayless,1610612749.0,Milwaukee,Bucks,MIL,5,203089,John Henson,1610612749.0,Milwaukee,Bucks,MIL,0,0,,,,,
0021500158,89,2,1,1,7:29 PM,3:30,MISS Gortat 4' Jump Shot,,,,,4.0,101162,Marcin Gortat,1610612764.0,Washington,Wizards,WAS,0,0,,,,,,0,0,,,,,
0021500158,90,4,0,1,7:29 PM,3:29,,,Henson REBOUND (Off:0 Def:1),,,5.0,203089,John Henson,1610612749.0,Milwaukee,Bucks,MIL,0,0,,,,,,0,0,,,,,
0021500158,91,1,57,1,7:30 PM,3:16,,,Henson 6' Driving Hook Shot (2 PTS) (Vasquez 1 AST),16 - 18,2,5.0,203089,John Henson,1610612749.0,Milwaukee,Bucks,MIL,5,202349,Greivis Vasquez,1610612749.0,Milwaukee,Bucks,MIL,0,0,,,,,
0021500158,92,6,1,1,7:30 PM,3:04,,,Bayless P.FOUL (P1.T4) (K.Mauer),,,5.0,201573,Jerryd Bayless,1610612749.0,Milwaukee,Bucks,MIL,4,201196,Ramon Sessions,1610612764.0,Washington,Wizards,WAS,1,0,,,,,
0021500158,93,8,0,1,7:30 PM,3:04,SUB: Nene FOR Gortat,,,,,4.0,101162,Marcin Gortat,1610612764.0,Washington,Wizards,WAS,4,2403,Nene,1610612764.0,Washington,Wizards,WAS,0,0,,,,,
0021500158,94,2,1,1,7:30 PM,2:50,MISS Humphries 25' 3PT Jump Shot,,,,,4.0,2743,Kris Humphries,1610612764.0,Washington,Wizards,WAS,0,0,,,,,,0,0,,,,,
0021500158,95,4,0,1,7:30 PM,2:49,,,O'Bryant III REBOUND (Off:0 Def:1),,,5.0,203948,Johnny O'Bryant III,1610612749.0,Milwaukee,Bucks,MIL,0,0,,,,,,0,0,,,,,
0021500158,96,2,1,1,7:31 PM,2:38,,,MISS Vaughn 9' Jump Shot,,,5.0,1626173,Rashad Vaughn,1610612749.0,Milwaukee,Bucks,MIL,0,0,,,,,,0,0,,,,,
0021500158,97,4,0,1,7:31 PM,2:37,,,Henson REBOUND (Off:1 Def:1),,,5.0,203089,John Henson,1610612749.0,Milwaukee,Bucks,MIL,0,0,,,,,,0,0,,,,,
0021500158,98,1,5,1,7:31 PM,2:34,,,Henson 1' Layup (4 PTS),18 - 18,TIE,5.0,203089,John Henson,1610612749.0,Milwaukee,Bucks,MIL,0,0,,,,,,0,0,,,,,
0021500158,99,6,1,1,7:31 PM,2:26,,,O'Bryant III P.FOUL (P1.PN) (K.Mauer),,,5.0,203948,Johnny O'Bryant III,1610612749.0,Milwaukee,Bucks,MIL,4,2743,Kris Humphries,1610612764.0,Washington,Wizards,WAS,1,0,,,,,
0021500158,100,9,1,1,7:31 PM,2:26,,,Bucks Timeout: Regular (Reg.1 Short 0),,,3.0,1610612749,,,,,,0,0,,,,,,0,0,,,,,
0021500158,102,8,0,1,7:33 PM,2:26,,,SUB: Antetokounmpo FOR Vaughn,,,5.0,1626173,Rashad Vaughn,1610612749.0,Milwaukee,Bucks,MIL,5,203507,Giannis Antetokounmpo,1610612749.0,Milwaukee,Bucks,MIL,0,0,,,,,
0021500158,103,3,11,1,7:33 PM,2:26,Humphries Free Throw 1 of 2 (1 PTS),,,18 - 19,1,4.0,2743,Kris Humphries,1610612764.0,Washington,Wizards,WAS,0,0,,,,,,0,0,,,,,
0021500158,105,3,12,1,7:33 PM,2:26,Humphries Free Throw 2 of 2 (2 PTS),,,18 - 20,2,4.0,2743,Kris Humphries,1610612764.0,Washington,Wizards,WAS,0,0,,,,,,0,0,,,,,
0021500158,108,1,78,1,7:34 PM,2:08,,,Vasquez 12' Floating Jump Shot (2 PTS),20 - 20,TIE,5.0,202349,Greivis Vasquez,1610612749.0,Milwaukee,Bucks,MIL,0,0,,,,,,0,0,,,,,
0021500158,109,1,99,1,7:34 PM,1:55,Sessions 1' Cutting Finger Roll Layup Shot (2 PTS) (Nene 1 AST),,,20 - 22,2,4.0,201196,Ramon Sessions,1610612764.0,Washington,Wizards,WAS,4,2403,Nene,1610612764.0,Washington,Wizards,WAS,0,0,,,,,
0021500158,110,1,1,1,7:34 PM,1:48,,,Bayless 26' 3PT Jump Shot (8 PTS) (Vasquez 2 AST),23 - 22,-1,5.0,201573,Jerryd Bayless,1610612749.0,Milwaukee,Bucks,MIL,5,202349,Greivis Vasquez,1610612749.0,Milwaukee,Bucks,MIL,0,0,,,,,
0021500158,111,1,93,1,7:34 PM,1:27,Nene 6' Driving Bank Hook Shot (2 PTS),,,23 - 24,1,4.0,2403,Nene,1610612764.0,Washington,Wizards,WAS,0,0,,,,,,0,0,,,,,
0021500158,112,1,1,1,7:35 PM,1:07,,,Vasquez  3PT Jump Shot (5 PTS) (O'Bryant III 1 AST),26 - 24,-2,5.0,202349,Greivis Vasquez,1610612749.0,Milwaukee,Bucks,MIL,5,203948,Johnny O'Bryant III,1610612749.0,Milwaukee,Bucks,MIL,0,0,,,,,
0021500158,113,1,1,1,7:35 PM,0:45,Humphries 26' 3PT Jump Shot (5 PTS) (Sessions 1 AST),,,26 - 27,1,4.0,2743,Kris Humphries,1610612764.0,Washington,Wizards,WAS,4,201196,Ramon Sessions,1610612764.0,Washington,Wizards,WAS,0,0,,,,,
0021500158,114,1,108,1,7:35 PM,0:38,,,Antetokounmpo  Cutting Dunk Shot (4 PTS) (Vasquez 3 AST),28 - 27,-1,5.0,203507,Giannis Antetokounmpo,1610612749.0,Milwaukee,Bucks,MIL,5,202349,Greivis Vasquez,1610612749.0,Milwaukee,Bucks,MIL,0,0,,,,,
0021500158,115,2,1,1,7:36 PM,0:29,MISS Sessions 5' Jump Shot,,,,,4.0,201196,Ramon Sessions,1610612764.0,Washington,Wizards,WAS,0,0,,,,,,0,0,,,,,
0021500158,116,4,0,1,7:36 PM,0:27,,,Vasquez REBOUND (Off:0 Def:1),,,5.0,202349,Greivis Vasquez,1610612749.0,Milwaukee,Bucks,MIL,0,0,,,,,,0,0,,,,,
0021500158,117,2,1,1,7:36 PM,0:12,,,MISS Bayless  3PT Jump Shot,,,5.0,201573,Jerryd Bayless,1610612749.0,Milwaukee,Bucks,MIL,0,0,,,,,,0,0,,,,,
0021500158,118,4,0,1,7:36 PM,0:11,,,Henson REBOUND (Off:2 Def:1),,,5.0,203089,John Henson,1610612749.0,Milwaukee,Bucks,MIL,0,0,,,,,,0,0,,,,,
0021500158,119,6,2,1,7:36 PM,0:10,Temple S.FOUL (P1.T2) (K.Mauer),,,,,4.0,202066,Garrett Temple,1610612764.0,Washington,Wizards,WAS,5,203089,John Henson,1610612749.0,Milwaukee,Bucks,MIL,1,0,,,,,
0021500158,120,3,11,1,7:36 PM,0:10,,,Henson Free Throw 1 of 2 (5 PTS),29 - 27,-2,5.0,203089,John Henson,1610612749.0,Milwaukee,Bucks,MIL,0,0,,,,,,0,0,,,,,
0021500158,122,8,0,1,7:36 PM,0:10,,,SUB: Ennis FOR Bayless,,,5.0,201573,Jerryd Bayless,1610612749.0,Milwaukee,Bucks,MIL,5,203898,Tyler Ennis,1610612749.0,Milwaukee,Bucks,MIL,0,0,,,,,
0021500158,123,8,0,1,7:37 PM,0:10,SUB: Dudley FOR Humphries,,,,,4.0,2743,Kris Humphries,1610612764.0,Washington,Wizards,WAS,4,201162,Jared Dudley,1610612764.0,Washington,Wizards,WAS,0,0,,,,,
0021500158,124,8,0,1,7:37 PM,0:10,SUB: Wall FOR Temple,,,,,4.0,202066,Garrett Temple,1610612764.0,Washington,Wizards,WAS,4,202322,John Wall,1610612764.0,Washington,Wizards,WAS,0,0,,,,,
0021500158,125,8,0,1,7:37 PM,0:10,SUB: Oubre Jr. FOR Sessions,,,,,4.0,201196,Ramon Sessions,1610612764.0,Washington,Wizards,WAS,4,1626162,Kelly Oubre Jr.,1610612764.0,Washington,Wizards,WAS,0,0,,,,,
0021500158,126,3,12,1,7:37 PM,0:10,,,MISS Henson Free Throw 2 of 2,,,5.0,203089,John Henson,1610612749.0,Milwaukee,Bucks,MIL,0,0,,,,,,0,0,,,,,
0021500158,128,4,0,1,7:37 PM,0:09,Dudley REBOUND (Off:0 Def:1),,,,,4.0,201162,Jared Dudley,1610612764.0,Washington,Wizards,WAS,0,0,,,,,,0,0,,,,,
0021500158,129,2,1,1,7:37 PM,0:03,MISS Dudley 29' 3PT Jump Shot,,,,,4.0,201162,Jared Dudley,1610612764.0,Washington,Wizards,WAS,0,0,,,,,,0,0,,,,,
0021500158,130,4,0,1,7:37 PM,0:02,Nene REBOUND (Off:1 Def:0),,,,,4.0,2403,Nene,1610612764.0,Washington,Wizards,WAS,0,0,,,,,,0,0,,,,,
0021500158,131,2,1,1,7:37 PM,0:01,MISS Nene 5' Jump Shot,,Henson BLOCK (1 BLK),,,4.0,2403,Nene,1610612764.0,Washington,Wizards,WAS,0,0,,,,,,5,203089,John Henson,1610612749.0,Milwaukee,Bucks,MIL
0021500158,132,4,0,1,7:37 PM,0:00,,,Vasquez REBOUND (Off:0 Def:2),,,5.0,202349,Greivis Vasquez,1610612749.0,Milwaukee,Bucks,MIL,0,0,,,,,,0,0,,,,,
0021500158,133,13,0,1,7:37 PM,0:00,,,,29 - 27,-2,0.0,0,,,,,,0,0,,,,,,0,0,,,,,
0021500158,135,12,0,2,7:40 PM,12:00,,,,29 - 27,-2,0.0,0,,,,,,0,0,,,,,,0,0,,,,,
0021500158,136,1,49,2,7:40 PM,11:47,,,Antetokounmpo  Driving Dunk (6 PTS) (Bayless 1 AST),31 - 27,-4,5.0,203507,Giannis Antetokounmpo,1610612749.0,Milwaukee,Bucks,MIL,5,201573,Jerryd Bayless,1610612749.0,Milwaukee,Bucks,MIL,0,0,,,,,
0021500158,137,6,2,2,7:40 PM,11:29,,,Henson S.FOUL (P1.T1) (B.Taylor),,,5.0,203089,John Henson,1610612749.0,Milwaukee,Bucks,MIL,4,2403,Nene,1610612764.0,Washington,Wizards,WAS,1,0,,,,,
0021500158,138,3,11,2,7:41 PM,11:29,Nene Free Throw 1 of 2 (3 PTS),,,31 - 28,-3,4.0,2403,Nene,1610612764.0,Washington,Wizards,WAS,0,0,,,,,,0,0,,,,,
0021500158,140,3,12,2,7:41 PM,11:29,Nene Free Throw 2 of 2 (4 PTS),,,31 - 29,-2,4.0,2403,Nene,1610612764.0,Washington,Wizards,WAS,0,0,,,,,,0,0,,,,,
0021500158,142,1,79,2,7:41 PM,11:08,,,Vasquez 17' Pullup Jump Shot (7 PTS),33 - 29,-4,5.0,202349,Greivis Vasquez,1610612749.0,Milwaukee,Bucks,MIL,0,0,,,,,,0,0,,,,,
0021500158,144,1,78,2,7:42 PM,10:49,Sessions 6' Floating Jump Shot (4 PTS),,,33 - 31,-2,4.0,201196,Ramon Sessions,1610612764.0,Washington,Wizards,WAS,0,0,,,,,,0,0,,,,,
0021500158,145,1,93,2,7:42 PM,10:30,,,Henson 5' Driving Bank Hook Shot (7 PTS) (Antetokounmpo 2 AST),35 - 31,-4,5.0,203089,John Henson,1610612749.0,Milwaukee,Bucks,MIL,5,203507,Giannis Antetokounmpo,1610612749.0,Milwaukee,Bucks,MIL,0,0,,,,,
0021500158,146,9,1,2,7:42 PM,10:18,WIZARDS Timeout: Regular (Full 2 Short 0),,,,,2.0,1610612764,,,,,,0,0,,,,,,0,0,,,,,
0021500158,148,8,0,2,7:44 PM,10:18,SUB: Porter Jr. FOR Oubre Jr.,,,,,4.0,1626162,Kelly Oubre Jr.,1610612764.0,Washington,Wizards,WAS,4,203490,Otto Porter Jr.,1610612764.0,Washington,Wizards,WAS,0,0,,,,,
0021500158,149,6,2,2,7:45 PM,10:11,,,Antetokounmpo S.FOUL (P1.T2) (B.Taylor),,,5.0,203507,Giannis Antetokounmpo,1610612749.0,Milwaukee,Bucks,MIL,4,203490,Otto Porter Jr.,1610612764.0,Washington,Wizards,WAS,1,0,,,,,
0021500158,150,3,13,2,7:45 PM,10:11,MISS Porter Jr. Free Throw 1 of 3,,,,,4.0,203490,Otto Porter Jr.,1610612764.0,Washington,Wizards,WAS,0,0,,,,,,0,0,,,,,
0021500158,151,4,1,2,7:45 PM,10:11,WIZARDS Rebound,,,,,2.0,1610612764,,,,,,0,0,,,,,,0,0,,,,,
0021500158,152,3,14,2,7:45 PM,10:11,Porter Jr. Free Throw 2 of 3 (6 PTS),,,35 - 32,-3,4.0,203490,Otto Porter Jr.,1610612764.0,Washington,Wizards,WAS,0,0,,,,,,0,0,,,,,
0021500158,154,3,15,2,7:46 PM,10:11,Porter Jr. Free Throw 3 of 3 (7 PTS),,,35 - 33,-2,4.0,203490,Otto Porter Jr.,1610612764.0,Washington,Wizards,WAS,0,0,,,,,,0,0,,,,,
0021500158,157,7,5,2,7:46 PM,9:59,Nene Violation:Kicked Ball (L.Richardson),,,,,4.0,2403,Nene,1610612764.0,Washington,Wizards,WAS,0,0,,,,,,1,0,,,,,
0021500158,159,2,1,2,7:47 PM,9:48,,,MISS Antetokounmpo 5' Jump Shot,,,5.0,203507,Giannis Antetokounmpo,1610612749.0,Milwaukee,Bucks,MIL,0,0,,,,,,0,0,,,,,
0021500158,160,4,0,2,7:47 PM,9:47,Nene REBOUND (Off:1 Def:1),,,,,4.0,2403,Nene,1610612764.0,Washington,Wizards,WAS,0,0,,,,,,0,0,,,,,
0021500158,161,6,2,2,7:47 PM,9:38,,,Vasquez S.FOUL (P1.T3) (L.Richardson),,,5.0,202349,Greivis Vasquez,1610612749.0,Milwaukee,Bucks,MIL,4,201196,Ramon Sessions,1610612764.0,Washington,Wizards,WAS,1,0,,,,,
0021500158,162,3,11,2,7:47 PM,9:38,Sessions Free Throw 1 of 2 (5 PTS),,,35 - 34,-1,4.0,201196,Ramon Sessions,1610612764.0,Washington,Wizards,WAS,0,0,,,,,,0,0,,,,,
0021500158,164,3,12,2,7:47 PM,9:38,Sessions Free Throw 2 of 2 (6 PTS),,,35 - 35,TIE,4.0,201196,Ramon Sessions,1610612764.0,Washington,Wizards,WAS,0,0,,,,,,0,0,,,,,
0021500158,166,6,2,2,7:48 PM,9:27,Nene S.FOUL (P1.T1) (L.Richardson),,,,,4.0,2403,Nene,1610612764.0,Washington,Wizards,WAS,5,203507,Giannis Antetokounmpo,1610612749.0,Milwaukee,Bucks,MIL,1,0,,,,,
0021500158,167,3,11,2,7:48 PM,9:27,,,MISS Antetokounmpo Free Throw 1 of 2,,,5.0,203507,Giannis Antetokounmpo,1610612749.0,Milwaukee,Bucks,MIL,0,0,,,,,,0,0,,,,,
0021500158,168,4,1,2,7:48 PM,9:27,,,Bucks Rebound,,,3.0,1610612749,,,,,,0,0,,,,,,0,0,,,,,
0021500158,169,3,12,2,7:48 PM,9:27,,,Antetokounmpo Free Throw 2 of 2 (7 PTS),36 - 35,-1,5.0,203507,Giannis Antetokounmpo,1610612749.0,Milwaukee,Bucks,MIL,0,0,,,,,,0,0,,,,,
0021500158,171,2,1,2,7:49 PM,9:02,MISS Nene 5' Jump Shot,,,,,4.0,2403,Nene,1610612764.0,Washington,Wizards,WAS,0,0,,,,,,0,0,,,,,
0021500158,172,4,0,2,7:49 PM,9:01,,,O'Bryant III REBOUND (Off:0 Def:2),,,5.0,203948,Johnny O'Bryant III,1610612749.0,Milwaukee,Bucks,MIL,0,0,,,,,,0,0,,,,,
0021500158,173,2,1,2,7:49 PM,8:50,,,MISS Bayless 27' 3PT Jump Shot,,,5.0,201573,Jerryd Bayless,1610612749.0,Milwaukee,Bucks,MIL,0,0,,,,,,0,0,,,,,
0021500158,174,4,0,2,7:49 PM,8:48,Neal REBOUND (Off:0 Def:1),,,,,4.0,202390,Gary Neal,1610612764.0,Washington,Wizards,WAS,0,0,,,,,,0,0,,,,,
0021500158,175,2,5,2,7:49 PM,8:42,MISS Sessions 1' Layup,,,,,4.0,201196,Ramon Sessions,1610612764.0,Washington,Wizards,WAS,0,0,,,,,,0,0,,,,,
0021500158,176,4,0,2,7:49 PM,8:42,,,Bucks Rebound,,,3.0,1610612749,,,,,,0,0,,,,,,0,0,,,,,
0021500158,178,5,1,2,7:50 PM,8:32,Porter Jr. STEAL (2 STL),,Henson Bad Pass Turnover (P1.T6),,,5.0,203089,John Henson,1610612749.0,Milwaukee,Bucks,MIL,4,203490,Otto Porter Jr.,1610612764.0,Washington,Wizards,WAS,0,0,,,,,
0021500158,179,6,2,2,7:50 PM,8:29,,,O'Bryant III S.FOUL (P2.T4) (K.Mauer),,,5.0,203948,Johnny O'Bryant III,1610612749.0,Milwaukee,Bucks,MIL,4,201196,Ramon Sessions,1610612764.0,Washington,Wizards,WAS,1,0,,,,,
0021500158,180,3,11,2,7:50 PM,8:29,MISS Sessions Free Throw 1 of 2,,,,,4.0,201196,Ramon Sessions,1610612764.0,Washington,Wizards,WAS,0,0,,,,,,0,0,,,,,
0021500158,181,4,1,2,7:50 PM,8:29,WIZARDS Rebound,,,,,2.0,1610612764,,,,,,0,0,,,,,,0,0,,,,,
0021500158,182,3,12,2,7:50 PM,8:29,Sessions Free Throw 2 of 2 (7 PTS),,,36 - 36,TIE,4.0,201196,Ramon Sessions,1610612764.0,Washington,Wizards,WAS,0,0,,,,,,0,0,,,,,
0021500158,184,1,46,2,7:51 PM,8:09,,,Vasquez 5' Running Jump Shot (9 PTS),38 - 36,-2,5.0,202349,Greivis Vasquez,1610612749.0,Milwaukee,Bucks,MIL,0,0,,,,,,0,0,,,,,
0021500158,185,2,1,2,7:51 PM,7:50,MISS Nene 20' Jump Shot,,,,,4.0,2403,Nene,1610612764.0,Washington,Wizards,WAS,0,0,,,,,,0,0,,,,,
0021500158,186,4,0,2,7:51 PM,7:49,,,Bayless REBOUND (Off:0 Def:4),,,5.0,201573,Jerryd Bayless,1610612749.0,Milwaukee,Bucks,MIL,0,0,,,,,,0,0,,,,,
0021500158,189,8,0,2,7:52 PM,7:30,SUB: Wall FOR Sessions,,,,,4.0,201196,Ramon Sessions,1610612764.0,Washington,Wizards,WAS,4,202322,John Wall,1610612764.0,Washington,Wizards,WAS,0,0,,,,,
0021500158,190,2,1,2,7:52 PM,7:27,,,MISS Vasquez 24' 3PT Jump Shot,,,5.0,202349,Greivis Vasquez,1610612749.0,Milwaukee,Bucks,MIL,0,0,,,,,,0,0,,,,,
0021500158,191,4,0,2,7:52 PM,7:25,Nene REBOUND (Off:1 Def:2),,,,,4.0,2403,Nene,1610612764.0,Washington,Wizards,WAS,0,0,,,,,,0,0,,,,,
0021500158,192,6,2,2,7:52 PM,7:18,,,Vasquez S.FOUL (P2.PN) (B.Taylor),,,5.0,202349,Greivis Vasquez,1610612749.0,Milwaukee,Bucks,MIL,4,202322,John Wall,1610612764.0,Washington,Wizards,WAS,1,0,,,,,
0021500158,193,3,11,2,7:52 PM,7:18,MISS Wall Free Throw 1 of 2,,,,,4.0,202322,John Wall,1610612764.0,Washington,Wizards,WAS,0,0,,,,,,0,0,,,,,
0021500158,194,4,1,2,7:52 PM,7:18,WIZARDS Rebound,,,,,2.0,1610612764,,,,,,0,0,,,,,,0,0,,,,,
0021500158,195,8,0,2,7:53 PM,7:18,SUB: Gortat FOR Nene,,,,,4.0,2403,Nene,1610612764.0,Washington,Wizards,WAS,4,101162,Marcin Gortat,1610612764.0,Washington,Wizards,WAS,0,0,,,,,
0021500158,196,8,0,2,7:53 PM,7:18,,,SUB: Monroe FOR Henson,,,5.0,203089,John Henson,1610612749.0,Milwaukee,Bucks,MIL,5,202328,Greg Monroe,1610612749.0,Milwaukee,Bucks,MIL,0,0,,,,,
0021500158,197,8,0,2,7:53 PM,7:18,,,SUB: Middleton FOR Bayless,,,5.0,201573,Jerryd Bayless,1610612749.0,Milwaukee,Bucks,MIL,5,203114,Khris Middleton,1610612749.0,Milwaukee,Bucks,MIL,0,0,,,,,
0021500158,198,3,12,2,7:53 PM,7:18,Wall Free Throw 2 of 2 (5 PTS),,,38 - 37,-1,4.0,202322,John Wall,1610612764.0,Washington,Wizards,WAS,0,0,,,,,,0,0,,,,,
0021500158,201,5,4,2,7:53 PM,7:08,,,O'Bryant III Traveling Turnover (P1.T7),,,5.0,203948,Johnny O'Bryant III,1610612749.0,Milwaukee,Bucks,MIL,0,0,,,,,,1,0,,,,,
0021500158,202,1,63,2,7:54 PM,6:52,Porter Jr. 18' Fadeaway Jumper (9 PTS) (Wall 2 AST),,,38 - 39,1,4.0,203490,Otto Porter Jr.,1610612764.0,Washington,Wizards,WAS,4,202322,John Wall,1610612764.0,Washington,Wizards,WAS,0,0,,,,,
0021500158,204,8,0,2,7:54 PM,6:38,SUB: Temple FOR Neal,,,,,4.0,202390,Gary Neal,1610612764.0,Washington,Wizards,WAS,4,202066,Garrett Temple,1610612764.0,Washington,Wizards,WAS,0,0,,,,,
0021500158,205,2,5,2,7:54 PM,6:31,,,MISS Monroe 1' Layup,,,5.0,202328,Greg Monroe,1610612749.0,Milwaukee,Bucks,MIL,0,0,,,,,,0,0,,,,,
0021500158,206,4,0,2,7:54 PM,6:30,Gortat REBOUND (Off:0 Def:3),,,,,4.0,101162,Marcin Gortat,1610612764.0,Washington,Wizards,WAS,0,0,,,,,,0,0,,,,,
0021500158,207,2,1,2,7:55 PM,6:20,MISS Gortat 5' Jump Shot,,,,,4.0,101162,Marcin Gortat,1610612764.0,Washington,Wizards,WAS,0,0,,,,,,0,0,,,,,
0021500158,208,4,0,2,7:55 PM,6:19,Dudley REBOUND (Off:1 Def:1),,,,,4.0,201162,Jared Dudley,1610612764.0,Washington,Wizards,WAS,0,0,,,,,,0,0,,,,,
0021500158,209,1,1,2,7:55 PM,6:15,Temple 26' 3PT Jump Shot (6 PTS) (Wall 3 AST),,,38 - 42,4,4.0,202066,Garrett Temple,1610612764.0,Washington,Wizards,WAS,4,202322,John Wall,1610612764.0,Washington,Wizards,WAS,0,0,,,,,
0021500158,211,1,108,2,7:55 PM,6:02,,,Middleton  Cutting Dunk Shot (9 PTS) (Monroe 3 AST),40 - 42,2,5.0,203114,Khris Middleton,1610612749.0,Milwaukee,Bucks,MIL,5,202328,Greg Monroe,1610612749.0,Milwaukee,Bucks,MIL,0,0,,,,,
0021500158,212,6,1,2,7:55 PM,5:48,,,Middleton P.FOUL (P3.PN) (K.Mauer),,,5.0,203114,Khris Middleton,1610612749.0,Milwaukee,Bucks,MIL,4,101162,Marcin Gortat,1610612764.0,Washington,Wizards,WAS,1,0,,,,,
0021500158,213,9,4,2,7:56 PM,5:48,,,,,,1.0,0,,,,,,0,0,,,,,,0,0,,,,,
0021500158,214,8,0,2,7:58 PM,5:48,,,SUB: Carter-Williams FOR Middleton,,,5.0,203114,Khris Middleton,1610612749.0,Milwaukee,Bucks,MIL,5,203487,Michael Carter-Williams,1610612749.0,Milwaukee,Bucks,MIL,0,0,,,,,
0021500158,215,8,0,2,7:58 PM,5:48,,,SUB: Copeland FOR O'Bryant III,,,5.0,203948,Johnny O'Bryant III,1610612749.0,Milwaukee,Bucks,MIL,5,203142,Chris Copeland,1610612749.0,Milwaukee,Bucks,MIL,0,0,,,,,
0021500158,216,8,0,2,7:58 PM,5:48,,,SUB: Bayless FOR Vasquez,,,5.0,202349,Greivis Vasquez,1610612749.0,Milwaukee,Bucks,MIL,5,201573,Jerryd Bayless,1610612749.0,Milwaukee,Bucks,MIL,0,0,,,,,
0021500158,217,3,11,2,7:58 PM,5:48,Gortat Free Throw 1 of 2 (7 PTS),,,40 - 43,3,4.0,101162,Marcin Gortat,1610612764.0,Washington,Wizards,WAS,0,0,,,,,,0,0,,,,,
0021500158,219,3,12,2,7:58 PM,5:48,Gortat Free Throw 2 of 2 (8 PTS),,,40 - 44,4,4.0,101162,Marcin Gortat,1610612764.0,Washington,Wizards,WAS,0,0,,,,,,0,0,,,,,
0021500158,222,5,40,2,7:59 PM,5:30,,,Antetokounmpo Out of Bounds Lost Ball Turnover (P2.T8),,,5.0,203507,Giannis Antetokounmpo,1610612749.0,Milwaukee,Bucks,MIL,0,0,,,,,,1,0,,,,,
0021500158,223,1,1,2,7:59 PM,5:21,Dudley 18' Jump Shot (2 PTS) (Wall 4 AST),,,40 - 46,6,4.0,201162,Jared Dudley,1610612764.0,Washington,Wizards,WAS,4,202322,John Wall,1610612764.0,Washington,Wizards,WAS,0,0,,,,,
0021500158,224,1,82,2,7:59 PM,5:00,,,Carter-Williams 4' Driving Bank Shot (2 PTS),42 - 46,4,5.0,203487,Michael Carter-Williams,1610612749.0,Milwaukee,Bucks,MIL,0,0,,,,,,0,0,,,,,
0021500158,225,1,1,2,7:59 PM,4:41,Dudley 27' 3PT Jump Shot (5 PTS) (Wall 5 AST),,,42 - 49,7,4.0,201162,Jared Dudley,1610612764.0,Washington,Wizards,WAS,4,202322,John Wall,1610612764.0,Washington,Wizards,WAS,0,0,,,,,
0021500158,226,1,1,2,8:00 PM,4:21,,,Bayless 16' Jump Shot (10 PTS) (Copeland 1 AST),44 - 49,5,5.0,201573,Jerryd Bayless,1610612749.0,Milwaukee,Bucks,MIL,5,203142,Chris Copeland,1610612749.0,Milwaukee,Bucks,MIL,0,0,,,,,
0021500158,228,1,86,2,8:00 PM,4:04,Porter Jr. 10' Turnaround Fadeaway (11 PTS) (Dudley 1 AST),,,44 - 51,7,4.0,203490,Otto Porter Jr.,1610612764.0,Washington,Wizards,WAS,4,201162,Jared Dudley,1610612764.0,Washington,Wizards,WAS,0,0,,,,,
0021500158,229,2,1,2,8:01 PM,3:39,,,MISS Bayless 4' Jump Shot,,,5.0,201573,Jerryd Bayless,1610612749.0,Milwaukee,Bucks,MIL,0,0,,,,,,0,0,,,,,
0021500158,230,4,0,2,8:01 PM,3:38,Dudley REBOUND (Off:1 Def:2),,,,,4.0,201162,Jared Dudley,1610612764.0,Washington,Wizards,WAS,0,0,,,,,,0,0,,,,,
0021500158,231,1,1,2,8:01 PM,3:31,Dudley 26' 3PT Jump Shot (8 PTS) (Porter Jr. 2 AST),,,44 - 54,10,4.0,201162,Jared Dudley,1610612764.0,Washington,Wizards,WAS,4,203490,Otto Porter Jr.,1610612764.0,Washington,Wizards,WAS,0,0,,,,,
0021500158,232,9,1,2,8:01 PM,3:29,,,Bucks Timeout: Regular (Reg.2 Short 0),,,3.0,1610612749,,,,,,0,0,,,,,,0,0,,,,,
0021500158,234,8,0,2,8:03 PM,3:29,,,SUB: Middleton FOR Copeland,,,5.0,203142,Chris Copeland,1610612749.0,Milwaukee,Bucks,MIL,5,203114,Khris Middleton,1610612749.0,Milwaukee,Bucks,MIL,0,0,,,,,
0021500158,235,5,1,2,8:04 PM,3:12,,,Monroe Bad Pass Turnover (P1.T9),,,5.0,202328,Greg Monroe,1610612749.0,Milwaukee,Bucks,MIL,0,0,,,,,,1,0,,,,,
0021500158,236,2,1,2,8:04 PM,2:51,MISS Wall 26' 3PT Jump Shot,,,,,4.0,202322,John Wall,1610612764.0,Washington,Wizards,WAS,0,0,,,,,,0,0,,,,,
0021500158,237,4,0,2,8:04 PM,2:50,,,Monroe REBOUND (Off:1 Def:2),,,5.0,202328,Greg Monroe,1610612749.0,Milwaukee,Bucks,MIL,0,0,,,,,,0,0,,,,,
0021500158,238,6,2,2,8:04 PM,2:41,Porter Jr. S.FOUL (P1.T2) (L.Richardson),,,,,4.0,203490,Otto Porter Jr.,1610612764.0,Washington,Wizards,WAS,5,202328,Greg Monroe,1610612749.0,Milwaukee,Bucks,MIL,1,0,,,,,
0021500158,239,3,11,2,8:05 PM,2:41,,,MISS Monroe Free Throw 1 of 2,,,5.0,202328,Greg Monroe,1610612749.0,Milwaukee,Bucks,MIL,0,0,,,,,,0,0,,,,,
0021500158,240,4,1,2,8:05 PM,2:41,,,Bucks Rebound,,,3.0,1610612749,,,,,,0,0,,,,,,0,0,,,,,
0021500158,241,3,12,2,8:05 PM,2:41,,,MISS Monroe Free Throw 2 of 2,,,5.0,202328,Greg Monroe,1610612749.0,Milwaukee,Bucks,MIL,0,0,,,,,,0,0,,,,,
0021500158,243,4,0,2,8:05 PM,2:40,Gortat REBOUND (Off:0 Def:4),,,,,4.0,101162,Marcin Gortat,1610612764.0,Washington,Wizards,WAS,0,0,,,,,,0,0,,,,,
0021500158,244,5,1,2,8:05 PM,2:28,Wall Bad Pass Turnover (P2.T4),,,,,4.0,202322,John Wall,1610612764.0,Washington,Wizards,WAS,0,0,,,,,,1,0,,,,,
0021500158,245,2,5,2,8:06 PM,2:14,,,MISS Antetokounmpo 2' Layup,,,5.0,203507,Giannis Antetokounmpo,1610612749.0,Milwaukee,Bucks,MIL,0,0,,,,,,0,0,,,,,
0021500158,246,4,0,2,8:06 PM,2:13,Dudley REBOUND (Off:1 Def:3),,,,,4.0,201162,Jared Dudley,1610612764.0,Washington,Wizards,WAS,0,0,,,,,,0,0,,,,,
0021500158,247,2,1,2,8:06 PM,2:08,MISS Temple 25' 3PT Jump Shot,,,,,4.0,202066,Garrett Temple,1610612764.0,Washington,Wizards,WAS,0,0,,,,,,0,0,,,,,
0021500158,248,4,0,2,8:06 PM,2:06,Gortat REBOUND (Off:1 Def:4),,,,,4.0,101162,Marcin Gortat,1610612764.0,Washington,Wizards,WAS,0,0,,,,,,0,0,,,,,
0021500158,249,1,66,2,8:06 PM,2:03,Gortat 4' Jump Bank Shot (10 PTS),,,44 - 56,12,4.0,101162,Marcin Gortat,1610612764.0,Washington,Wizards,WAS,0,0,,,,,,0,0,,,,,
0021500158,250,6,1,2,8:06 PM,1:38,Porter Jr. P.FOUL (P2.T3) (L.Richardson),,,,,4.0,203490,Otto Porter Jr.,1610612764.0,Washington,Wizards,WAS,5,203114,Khris Middleton,1610612749.0,Milwaukee,Bucks,MIL,1,0,,,,,
0021500158,251,8,0,2,8:06 PM,1:38,SUB: Oubre Jr. FOR Porter Jr.,,,,,4.0,203490,Otto Porter Jr.,1610612764.0,Washington,Wizards,WAS,4,1626162,Kelly Oubre Jr.,1610612764.0,Washington,Wizards,WAS,0,0,,,,,
0021500158,252,5,40,2,8:07 PM,1:33,,,Monroe Out of Bounds Lost Ball Turnover (P2.T10),,,5.0,202328,Greg Monroe,1610612749.0,Milwaukee,Bucks,MIL,0,0,,,,,,1,0,,,,,
0021500158,254,1,42,2,8:07 PM,1:17,Wall 2' Driving Layup (7 PTS),,,44 - 58,14,4.0,202322,John Wall,1610612764.0,Washington,Wizards,WAS,0,0,,,,,,0,0,,,,,
0021500158,255,2,1,2,8:08 PM,0:53,,,MISS Antetokounmpo 14' Jump Shot,,,5.0,203507,Giannis Antetokounmpo,1610612749.0,Milwaukee,Bucks,MIL,0,0,,,,,,0,0,,,,,
0021500158,256,4,0,2,8:08 PM,0:52,Gortat REBOUND (Off:1 Def:5),,,,,4.0,101162,Marcin Gortat,1610612764.0,Washington,Wizards,WAS,0,0,,,,,,0,0,,,,,
0021500158,257,1,41,2,8:08 PM,0:46,Wall 2' Running Layup (9 PTS),,,44 - 60,16,4.0,202322,John Wall,1610612764.0,Washington,Wizards,WAS,0,0,,,,,,0,0,,,,,
0021500158,258,6,28,2,8:08 PM,0:35,Temple Personal Take Foul (P2.PN) (L.Richardson),,,,,4.0,202066,Garrett Temple,1610612764.0,Washington,Wizards,WAS,5,203487,Michael Carter-Williams,1610612749.0,Milwaukee,Bucks,MIL,1,0,,,,,
0021500158,259,3,11,2,8:08 PM,0:35,,,MISS Carter-Williams Free Throw 1 of 2,,,5.0,203487,Michael Carter-Williams,1610612749.0,Milwaukee,Bucks,MIL,0,0,,,,,,0,0,,,,,
0021500158,260,4,1,2,8:08 PM,0:35,,,Bucks Rebound,,,3.0,1610612749,,,,,,0,0,,,,,,0,0,,,,,
0021500158,261,3,12,2,8:08 PM,0:35,,,MISS Carter-Williams Free Throw 2 of 2,,,5.0,203487,Michael Carter-Williams,1610612749.0,Milwaukee,Bucks,MIL,0,0,,,,,,0,0,,,,,
0021500158,263,4,0,2,8:09 PM,0:34,Wall REBOUND (Off:0 Def:3),,,,,4.0,202322,John Wall,1610612764.0,Washington,Wizards,WAS,0,0,,,,,,0,0,,,,,
0021500158,265,1,108,2,8:09 PM,0:14,Gortat  Cutting Dunk Shot (12 PTS) (Wall 6 AST),,,44 - 62,18,4.0,101162,Marcin Gortat,1610612764.0,Washington,Wizards,WAS,4,202322,John Wall,1610612764.0,Washington,Wizards,WAS,0,0,,,,,
0021500158,266,2,1,2,8:09 PM,0:04,,,MISS Antetokounmpo 9' Jump Shot,,,5.0,203507,Giannis Antetokounmpo,1610612749.0,Milwaukee,Bucks,MIL,0,0,,,,,,0,0,,,,,
0021500158,267,4,0,2,8:09 PM,0:03,,,Monroe REBOUND (Off:2 Def:2),,,5.0,202328,Greg Monroe,1610612749.0,Milwaukee,Bucks,MIL,0,0,,,,,,0,0,,,,,
0021500158,268,1,5,2,8:09 PM,0:03,,,Monroe 1' Layup (2 PTS),46 - 62,16,5.0,202328,Greg Monroe,1610612749.0,Milwaukee,Bucks,MIL,0,0,,,,,,0,0,,,,,
0021500158,269,1,75,2,8:09 PM,0:00,Temple  Driving Finger Roll Layup (8 PTS) (Dudley 2 AST),,,46 - 64,18,4.0,202066,Garrett Temple,1610612764.0,Washington,Wizards,WAS,4,201162,Jared Dudley,1610612764.0,Washington,Wizards,WAS,0,0,,,,,
0021500158,270,18,0,2,8:10 PM,0:00,,,,,,,269,,,,,,0,0,,,,,,1,0,,,,,
0021500158,271,13,0,2,8:11 PM,0:00,,,,46 - 64,18,0.0,0,,,,,,0,0,,,,,,0,0,,,,,
0021500158,273,12,0,3,8:27 PM,12:00,,,,46 - 64,18,0.0,0,,,,,,0,0,,,,,,0,0,,,,,
0021500158,274,5,4,3,8:27 PM,11:49,,,Carter-Williams Traveling Turnover (P4.T11),,,5.0,203487,Michael Carter-Williams,1610612749.0,Milwaukee,Bucks,MIL,0,0,,,,,,1,0,,,,,
0021500158,275,2,1,3,8:27 PM,11:35,MISS Gortat 5' Jump Shot,,,,,4.0,101162,Marcin Gortat,1610612764.0,Washington,Wizards,WAS,0,0,,,,,,0,0,,,,,
0021500158,276,4,0,3,8:27 PM,11:34,,,Middleton REBOUND (Off:0 Def:1),,,5.0,203114,Khris Middleton,1610612749.0,Milwaukee,Bucks,MIL,0,0,,,,,,0,0,,,,,
0021500158,277,2,1,3,8:28 PM,11:24,,,MISS Antetokounmpo 4' Jump Shot,,,5.0,203507,Giannis Antetokounmpo,1610612749.0,Milwaukee,Bucks,MIL,0,0,,,,,,0,0,,,,,
0021500158,278,4,0,3,8:28 PM,11:23,,,Antetokounmpo REBOUND (Off:1 Def:1),,,5.0,203507,Giannis Antetokounmpo,1610612749.0,Milwaukee,Bucks,MIL,0,0,,,,,,0,0,,,,,
0021500158,279,2,1,3,8:28 PM,11:20,,,MISS Antetokounmpo 4' Jump Shot,,,5.0,203507,Giannis Antetokounmpo,1610612749.0,Milwaukee,Bucks,MIL,0,0,,,,,,0,0,,,,,
0021500158,280,4,0,3,8:28 PM,11:19,Wall REBOUND (Off:0 Def:4),,,,,4.0,202322,John Wall,1610612764.0,Washington,Wizards,WAS,0,0,,,,,,0,0,,,,,
0021500158,281,6,1,3,8:28 PM,11:18,,,Antetokounmpo P.FOUL (P2.T1) (L.Richardson),,,5.0,203507,Giannis Antetokounmpo,1610612749.0,Milwaukee,Bucks,MIL,4,202322,John Wall,1610612764.0,Washington,Wizards,WAS,1,0,,,,,
0021500158,282,2,5,3,8:28 PM,11:00,MISS Temple 2' Layup,,Antetokounmpo BLOCK (1 BLK),,,4.0,202066,Garrett Temple,1610612764.0,Washington,Wizards,WAS,0,0,,,,,,5,203507,Giannis Antetokounmpo,1610612749.0,Milwaukee,Bucks,MIL
0021500158,283,4,0,3,8:28 PM,11:00,WIZARDS Rebound,,,,,2.0,1610612764,,,,,,0,0,,,,,,0,0,,,,,
0021500158,284,1,1,3,8:29 PM,10:57,Wall 17' Jump Shot (11 PTS) (Humphries 1 AST),,,46 - 66,20,4.0,202322,John Wall,1610612764.0,Washington,Wizards,WAS,4,2743,Kris Humphries,1610612764.0,Washington,Wizards,WAS,0,0,,,,,
0021500158,286,1,1,3,8:29 PM,10:36,,,Middleton 25' 3PT Jump Shot (12 PTS) (Antetokounmpo 3 AST),49 - 66,17,5.0,203114,Khris Middleton,1610612749.0,Milwaukee,Bucks,MIL,5,203507,Giannis Antetokounmpo,1610612749.0,Milwaukee,Bucks,MIL,0,0,,,,,
0021500158,328,18,1,3,8:29 PM,10:36,,,,,,,286,,,,,,0,0,,,,,,1,0,,,,,
0021500158,287,6,1,3,8:29 PM,10:17,,,Bayless P.FOUL (P2.T2) (L.Richardson),,,5.0,201573,Jerryd Bayless,1610612749.0,Milwaukee,Bucks,MIL,4,101162,Marcin Gortat,1610612764.0,Washington,Wizards,WAS,1,0,,,,,
0021500158,288,2,1,3,8:30 PM,10:08,MISS Wall 24' 3PT Jump Shot,,,,,4.0,202322,John Wall,1610612764.0,Washington,Wizards,WAS,0,0,,,,,,0,0,,,,,
0021500158,289,4,0,3,8:30 PM,10:07,,,Antetokounmpo REBOUND (Off:1 Def:2),,,5.0,203507,Giannis Antetokounmpo,1610612749.0,Milwaukee,Bucks,MIL,0,0,,,,,,0,0,,,,,
0021500158,290,1,1,3,8:30 PM,9:59,,,Bayless 26' 3PT Jump Shot (13 PTS) (Antetokounmpo 4 AST),52 - 66,14,5.0,201573,Jerryd Bayless,1610612749.0,Milwaukee,Bucks,MIL,5,203507,Giannis Antetokounmpo,1610612749.0,Milwaukee,Bucks,MIL,0,0,,,,,
0021500158,291,6,4,3,8:30 PM,9:49,Gortat OFF.Foul (P1) (B.Taylor),,,,,4.0,101162,Marcin Gortat,1610612764.0,Washington,Wizards,WAS,5,202328,Greg Monroe,1610612749.0,Milwaukee,Bucks,MIL,1,0,,,,,
0021500158,292,5,5,3,8:30 PM,9:49,Gortat Foul Turnover (P1.T5),,,,,4.0,101162,Marcin Gortat,1610612764.0,Washington,Wizards,WAS,0,0,,,,,,1,0,,,,,
0021500158,294,2,1,3,8:31 PM,9:36,,,MISS Middleton 16' Jump Shot,,,5.0,203114,Khris Middleton,1610612749.0,Milwaukee,Bucks,MIL,0,0,,,,,,0,0,,,,,
0021500158,295,4,0,3,8:31 PM,9:34,Humphries REBOUND (Off:1 Def:2),,,,,4.0,2743,Kris Humphries,1610612764.0,Washington,Wizards,WAS,0,0,,,,,,0,0,,,,,
0021500158,296,2,1,3,8:31 PM,9:22,MISS Porter Jr. 25' 3PT Jump Shot,,,,,4.0,203490,Otto Porter Jr.,1610612764.0,Washington,Wizards,WAS,0,0,,,,,,0,0,,,,,
0021500158,297,4,0,3,8:31 PM,9:21,,,Bayless REBOUND (Off:0 Def:5),,,5.0,201573,Jerryd Bayless,1610612749.0,Milwaukee,Bucks,MIL,0,0,,,,,,0,0,,,,,
0021500158,298,2,1,3,8:31 PM,9:13,,,MISS Bayless 15' Jump Shot,,,5.0,201573,Jerryd Bayless,1610612749.0,Milwaukee,Bucks,MIL,0,0,,,,,,0,0,,,,,
0021500158,299,4,0,3,8:31 PM,9:12,Humphries REBOUND (Off:1 Def:3),,,,,4.0,2743,Kris Humphries,1610612764.0,Washington,Wizards,WAS,0,0,,,,,,0,0,,,,,
0021500158,300,5,1,3,8:31 PM,9:00,Wall Bad Pass Turnover (P3.T6),,Bayless STEAL (2 STL),,,4.0,202322,John Wall,1610612764.0,Washington,Wizards,WAS,5,201573,Jerryd Bayless,1610612749.0,Milwaukee,Bucks,MIL,0,0,,,,,
0021500158,301,1,58,3,8:31 PM,8:54,,,Carter-Williams 4' Turnaround Hook Shot (4 PTS) (Antetokounmpo 5 AST),54 - 66,12,5.0,203487,Michael Carter-Williams,1610612749.0,Milwaukee,Bucks,MIL,5,203507,Giannis Antetokounmpo,1610612749.0,Milwaukee,Bucks,MIL,0,0,,,,,
0021500158,302,2,5,3,8:31 PM,8:45,MISS Temple 2' Layup,,,,,4.0,202066,Garrett Temple,1610612764.0,Washington,Wizards,WAS,0,0,,,,,,0,0,,,,,
0021500158,303,4,0,3,8:31 PM,8:44,Porter Jr. REBOUND (Off:1 Def:0),,,,,4.0,203490,Otto Porter Jr.,1610612764.0,Washington,Wizards,WAS,0,0,,,,,,0,0,,,,,
0021500158,304,1,97,3,8:32 PM,8:43,Porter Jr. 2' Tip Layup Shot (13 PTS),,,54 - 68,14,4.0,203490,Otto Porter Jr.,1610612764.0,Washington,Wizards,WAS,0,0,,,,,,0,0,,,,,
0021500158,305,2,5,3,8:32 PM,8:21,,,MISS Antetokounmpo  Layup,,,5.0,203507,Giannis Antetokounmpo,1610612749.0,Milwaukee,Bucks,MIL,0,0,,,,,,0,0,,,,,
0021500158,306,4,0,3,8:32 PM,8:20,Gortat REBOUND (Off:1 Def:6),,,,,4.0,101162,Marcin Gortat,1610612764.0,Washington,Wizards,WAS,0,0,,,,,,0,0,,,,,
0021500158,307,1,98,3,8:32 PM,8:15,Humphries 1' Cutting Layup Shot (7 PTS) (Wall 7 AST),,,54 - 70,16,4.0,2743,Kris Humphries,1610612764.0,Washington,Wizards,WAS,4,202322,John Wall,1610612764.0,Washington,Wizards,WAS,0,0,,,,,
0021500158,308,1,46,3,8:32 PM,7:55,,,Middleton 5' Running Jump Shot (14 PTS),56 - 70,14,5.0,203114,Khris Middleton,1610612749.0,Milwaukee,Bucks,MIL,0,0,,,,,,0,0,,,,,
0021500158,309,5,2,3,8:32 PM,7:45,Humphries Lost Ball Turnover (P1.T7),,Middleton STEAL (1 STL),,,4.0,2743,Kris Humphries,1610612764.0,Washington,Wizards,WAS,5,203114,Khris Middleton,1610612749.0,Milwaukee,Bucks,MIL,0,0,,,,,
0021500158,311,1,1,3,8:33 PM,7:31,,,Carter-Williams 26' 3PT Jump Shot (7 PTS) (Bayless 2 AST),59 - 70,11,5.0,203487,Michael Carter-Williams,1610612749.0,Milwaukee,Bucks,MIL,5,201573,Jerryd Bayless,1610612749.0,Milwaukee,Bucks,MIL,0,0,,,,,
0021500158,312,6,2,3,8:33 PM,7:21,,,Bayless S.FOUL (P3.T3) (L.Richardson),,,5.0,201573,Jerryd Bayless,1610612749.0,Milwaukee,Bucks,MIL,4,202322,John Wall,1610612764.0,Washington,Wizards,WAS,1,0,,,,,
0021500158,313,3,11,3,8:33 PM,7:21,Wall Free Throw 1 of 2 (12 PTS),,,59 - 71,12,4.0,202322,John Wall,1610612764.0,Washington,Wizards,WAS,0,0,,,,,,0,0,,,,,
0021500158,315,3,12,3,8:34 PM,7:21,Wall Free Throw 2 of 2 (13 PTS),,,59 - 72,13,4.0,202322,John Wall,1610612764.0,Washington,Wizards,WAS,0,0,,,,,,0,0,,,,,
0021500158,318,6,2,3,8:34 PM,7:02,Humphries S.FOUL (P1.T1) (L.Richardson),,,,,4.0,2743,Kris Humphries,1610612764.0,Washington,Wizards,WAS,5,202328,Greg Monroe,1610612749.0,Milwaukee,Bucks,MIL,1,0,,,,,
0021500158,319,3,11,3,8:34 PM,7:02,,,Monroe Free Throw 1 of 2 (3 PTS),60 - 72,12,5.0,202328,Greg Monroe,1610612749.0,Milwaukee,Bucks,MIL,0,0,,,,,,0,0,,,,,
0021500158,321,3,12,3,8:35 PM,7:02,,,Monroe Free Throw 2 of 2 (4 PTS),61 - 72,11,5.0,202328,Greg Monroe,1610612749.0,Milwaukee,Bucks,MIL,0,0,,,,,,0,0,,,,,
0021500158,323,2,1,3,8:35 PM,6:47,MISS Porter Jr. 19' Jump Shot,,,,,4.0,203490,Otto Porter Jr.,1610612764.0,Washington,Wizards,WAS,0,0,,,,,,0,0,,,,,
0021500158,324,4,0,3,8:35 PM,6:46,,,Bayless REBOUND (Off:0 Def:6),,,5.0,201573,Jerryd Bayless,1610612749.0,Milwaukee,Bucks,MIL,0,0,,,,,,0,0,,,,,
0021500158,325,1,1,3,8:35 PM,6:36,,,Carter-Williams 25' 3PT Jump Shot (10 PTS) (Antetokounmpo 6 AST),64 - 72,8,5.0,203487,Michael Carter-Williams,1610612749.0,Milwaukee,Bucks,MIL,5,203507,Giannis Antetokounmpo,1610612749.0,Milwaukee,Bucks,MIL,0,0,,,,,
0021500158,326,9,1,3,8:35 PM,6:36,WIZARDS Timeout: Regular (Full 3 Short 0),,,,,2.0,1610612764,,,,,,0,0,,,,,,0,0,,,,,
0021500158,329,2,1,3,8:38 PM,6:13,MISS Humphries 5' Jump Shot,,,,,4.0,2743,Kris Humphries,1610612764.0,Washington,Wizards,WAS,0,0,,,,,,0,0,,,,,
0021500158,330,4,0,3,8:38 PM,6:09,,,Middleton REBOUND (Off:0 Def:2),,,5.0,203114,Khris Middleton,1610612749.0,Milwaukee,Bucks,MIL,0,0,,,,,,0,0,,,,,
0021500158,331,1,49,3,8:39 PM,5:50,,,Carter-Williams  Driving Dunk (12 PTS) (Monroe 4 AST),66 - 72,6,5.0,203487,Michael Carter-Williams,1610612749.0,Milwaukee,Bucks,MIL,5,202328,Greg Monroe,1610612749.0,Milwaukee,Bucks,MIL,0,0,,,,,
0021500158,332,6,4,3,8:39 PM,5:26,Porter Jr. OFF.Foul (P3) (L.Richardson),,,,,4.0,203490,Otto Porter Jr.,1610612764.0,Washington,Wizards,WAS,5,202328,Greg Monroe,1610612749.0,Milwaukee,Bucks,MIL,1,0,,,,,
0021500158,333,5,5,3,8:39 PM,5:26,Porter Jr. Foul Turnover (P2.T8),,,,,4.0,203490,Otto Porter Jr.,1610612764.0,Washington,Wizards,WAS,0,0,,,,,,1,0,,,,,
0021500158,335,2,1,3,8:40 PM,5:04,,,MISS Monroe 4' Jump Shot,,,5.0,202328,Greg Monroe,1610612749.0,Milwaukee,Bucks,MIL,0,0,,,,,,0,0,,,,,
0021500158,336,4,0,3,8:40 PM,5:02,Gortat REBOUND (Off:1 Def:7),,,,,4.0,101162,Marcin Gortat,1610612764.0,Washington,Wizards,WAS,0,0,,,,,,0,0,,,,,
0021500158,337,1,1,3,8:40 PM,4:46,Porter Jr. 19' Jump Shot (15 PTS) (Wall 8 AST),,,66 - 74,8,4.0,203490,Otto Porter Jr.,1610612764.0,Washington,Wizards,WAS,4,202322,John Wall,1610612764.0,Washington,Wizards,WAS,0,0,,,,,
0021500158,338,2,5,3,8:40 PM,4:22,,,MISS Antetokounmpo 1' Layup,,,5.0,203507,Giannis Antetokounmpo,1610612749.0,Milwaukee,Bucks,MIL,0,0,,,,,,0,0,,,,,
0021500158,339,4,0,3,8:40 PM,4:21,Temple REBOUND (Off:0 Def:1),,,,,4.0,202066,Garrett Temple,1610612764.0,Washington,Wizards,WAS,0,0,,,,,,0,0,,,,,
0021500158,340,6,2,3,8:41 PM,4:17,,,Monroe S.FOUL (P2.T4) (B.Taylor),,,5.0,202328,Greg Monroe,1610612749.0,Milwaukee,Bucks,MIL,4,202322,John Wall,1610612764.0,Washington,Wizards,WAS,1,0,,,,,
0021500158,341,3,11,3,8:41 PM,4:17,MISS Wall Free Throw 1 of 2,,,,,4.0,202322,John Wall,1610612764.0,Washington,Wizards,WAS,0,0,,,,,,0,0,,,,,
0021500158,342,4,1,3,8:41 PM,4:17,WIZARDS Rebound,,,,,2.0,1610612764,,,,,,0,0,,,,,,0,0,,,,,
0021500158,343,3,12,3,8:41 PM,4:17,MISS Wall Free Throw 2 of 2,,,,,4.0,202322,John Wall,1610612764.0,Washington,Wizards,WAS,0,0,,,,,,0,0,,,,,
0021500158,345,4,0,3,8:42 PM,4:16,WIZARDS Rebound,,,,,2.0,1610612764,,,,,,0,0,,,,,,0,0,,,,,
0021500158,346,6,3,3,8:42 PM,4:16,,,Antetokounmpo L.B.FOUL (P3.PN) (K.Mauer),,,5.0,203507,Giannis Antetokounmpo,1610612749.0,Milwaukee,Bucks,MIL,4,2743,Kris Humphries,1610612764.0,Washington,Wizards,WAS,1,0,,,,,
0021500158,347,3,11,3,8:42 PM,4:16,Humphries Free Throw 1 of 2 (8 PTS),,,66 - 75,9,4.0,2743,Kris Humphries,1610612764.0,Washington,Wizards,WAS,0,0,,,,,,0,0,,,,,
0021500158,349,3,12,3,8:42 PM,4:16,Humphries Free Throw 2 of 2 (9 PTS),,,66 - 76,10,4.0,2743,Kris Humphries,1610612764.0,Washington,Wizards,WAS,0,0,,,,,,0,0,,,,,
0021500158,352,2,1,3,8:42 PM,4:06,,,MISS Carter-Williams 27' 3PT Jump Shot,,,5.0,203487,Michael Carter-Williams,1610612749.0,Milwaukee,Bucks,MIL,0,0,,,,,,0,0,,,,,
0021500158,353,4,0,3,8:42 PM,4:05,Gortat REBOUND (Off:1 Def:8),,,,,4.0,101162,Marcin Gortat,1610612764.0,Washington,Wizards,WAS,0,0,,,,,,0,0,,,,,
0021500158,355,1,82,3,8:43 PM,3:51,Porter Jr. 7' Driving Bank Shot (17 PTS),,,66 - 78,12,4.0,203490,Otto Porter Jr.,1610612764.0,Washington,Wizards,WAS,0,0,,,,,,0,0,,,,,
0021500158,357,2,1,3,8:43 PM,3:23,,,MISS Middleton 25' 3PT Jump Shot,,,5.0,203114,Khris Middleton,1610612749.0,Milwaukee,Bucks,MIL,0,0,,,,,,0,0,,,,,
0021500158,358,4,0,3,8:43 PM,3:22,Wall REBOUND (Off:0 Def:5),,,,,4.0,202322,John Wall,1610612764.0,Washington,Wizards,WAS,0,0,,,,,,0,0,,,,,
0021500158,359,1,1,3,8:43 PM,3:08,Wall 27' 3PT Jump Shot (16 PTS) (Porter Jr. 3 AST),,,66 - 81,15,4.0,202322,John Wall,1610612764.0,Washington,Wizards,WAS,4,203490,Otto Porter Jr.,1610612764.0,Washington,Wizards,WAS,0,0,,,,,
0021500158,360,9,1,3,8:43 PM,3:06,,,Bucks Timeout: Regular (Reg.3 Short 0),,,3.0,1610612749,,,,,,0,0,,,,,,0,0,,,,,
0021500158,362,8,0,3,8:46 PM,3:06,SUB: Dudley FOR Humphries,,,,,4.0,2743,Kris Humphries,1610612764.0,Washington,Wizards,WAS,4,201162,Jared Dudley,1610612764.0,Washington,Wizards,WAS,0,0,,,,,
0021500158,363,8,0,3,8:46 PM,3:06,SUB: Sessions FOR Wall,,,,,4.0,202322,John Wall,1610612764.0,Washington,Wizards,WAS,4,201196,Ramon Sessions,1610612764.0,Washington,Wizards,WAS,0,0,,,,,
0021500158,364,8,0,3,8:46 PM,3:06,,,SUB: O'Bryant III FOR Antetokounmpo,,,5.0,203507,Giannis Antetokounmpo,1610612749.0,Milwaukee,Bucks,MIL,5,203948,Johnny O'Bryant III,1610612749.0,Milwaukee,Bucks,MIL,0,0,,,,,
0021500158,365,8,0,3,8:46 PM,3:06,,,SUB: Vasquez FOR Carter-Williams,,,5.0,203487,Michael Carter-Williams,1610612749.0,Milwaukee,Bucks,MIL,5,202349,Greivis Vasquez,1610612749.0,Milwaukee,Bucks,MIL,0,0,,,,,
0021500158,366,6,1,3,8:46 PM,2:48,Sessions P.FOUL (P1.T2) (B.Taylor),,,,,4.0,201196,Ramon Sessions,1610612764.0,Washington,Wizards,WAS,5,202349,Greivis Vasquez,1610612749.0,Milwaukee,Bucks,MIL,1,0,,,,,
0021500158,367,8,0,3,8:46 PM,2:48,SUB: Neal FOR Porter Jr.,,,,,4.0,203490,Otto Porter Jr.,1610612764.0,Washington,Wizards,WAS,4,202390,Gary Neal,1610612764.0,Washington,Wizards,WAS,0,0,,,,,
0021500158,368,2,1,3,8:47 PM,2:39,Dudley BLOCK (1 BLK),,MISS Monroe 8' Jump Shot,,,5.0,202328,Greg Monroe,1610612749.0,Milwaukee,Bucks,MIL,0,0,,,,,,4,201162,Jared Dudley,1610612764.0,Washington,Wizards,WAS
0021500158,369,4,0,3,8:47 PM,2:39,,,Bucks Rebound,,,3.0,1610612749,,,,,,0,0,,,,,,0,0,,,,,
0021500158,370,5,1,3,8:48 PM,2:34,,,Bayless Bad Pass Turnover (P1.T12),,,5.0,201573,Jerryd Bayless,1610612749.0,Milwaukee,Bucks,MIL,0,0,,,,,,1,0,,,,,
0021500158,372,1,82,3,8:48 PM,2:17,Neal 3' Driving Bank Shot (2 PTS),,,66 - 83,17,4.0,202390,Gary Neal,1610612764.0,Washington,Wizards,WAS,0,0,,,,,,0,0,,,,,
0021500158,373,2,1,3,8:48 PM,2:01,,,MISS Bayless  3PT Jump Shot,,,5.0,201573,Jerryd Bayless,1610612749.0,Milwaukee,Bucks,MIL,0,0,,,,,,0,0,,,,,
0021500158,374,4,0,3,8:48 PM,2:00,,,Monroe REBOUND (Off:3 Def:2),,,5.0,202328,Greg Monroe,1610612749.0,Milwaukee,Bucks,MIL,0,0,,,,,,0,0,,,,,
0021500158,375,5,1,3,8:48 PM,1:57,Temple STEAL (2 STL),,Monroe Bad Pass Turnover (P3.T13),,,5.0,202328,Greg Monroe,1610612749.0,Milwaukee,Bucks,MIL,4,202066,Garrett Temple,1610612764.0,Washington,Wizards,WAS,0,0,,,,,
0021500158,376,6,29,3,8:48 PM,1:54,,,Middleton Shooting Block Foul (P4.PN) (K.Mauer),,,5.0,203114,Khris Middleton,1610612749.0,Milwaukee,Bucks,MIL,4,202066,Garrett Temple,1610612764.0,Washington,Wizards,WAS,1,0,,,,,
0021500158,377,3,11,3,8:49 PM,1:54,Temple Free Throw 1 of 2 (9 PTS),,,66 - 84,18,4.0,202066,Garrett Temple,1610612764.0,Washington,Wizards,WAS,0,0,,,,,,0,0,,,,,
0021500158,379,8,0,3,8:49 PM,1:54,,,SUB: Henson FOR Monroe,,,5.0,202328,Greg Monroe,1610612749.0,Milwaukee,Bucks,MIL,5,203089,John Henson,1610612749.0,Milwaukee,Bucks,MIL,0,0,,,,,
0021500158,380,3,12,3,8:49 PM,1:54,Temple Free Throw 2 of 2 (10 PTS),,,66 - 85,19,4.0,202066,Garrett Temple,1610612764.0,Washington,Wizards,WAS,0,0,,,,,,0,0,,,,,
0021500158,382,2,1,3,8:49 PM,1:41,,,MISS O'Bryant III 17' Jump Shot,,,5.0,203948,Johnny O'Bryant III,1610612749.0,Milwaukee,Bucks,MIL,0,0,,,,,,0,0,,,,,
0021500158,383,4,0,3,8:49 PM,1:40,Neal REBOUND (Off:0 Def:2),,,,,4.0,202390,Gary Neal,1610612764.0,Washington,Wizards,WAS,0,0,,,,,,0,0,,,,,
0021500158,384,2,5,3,8:49 PM,1:36,MISS Temple 2' Layup,,,,,4.0,202066,Garrett Temple,1610612764.0,Washington,Wizards,WAS,0,0,,,,,,0,0,,,,,
0021500158,385,4,0,3,8:49 PM,1:34,Temple REBOUND (Off:1 Def:1),,,,,4.0,202066,Garrett Temple,1610612764.0,Washington,Wizards,WAS,0,0,,,,,,0,0,,,,,
0021500158,386,6,1,3,8:50 PM,1:23,,,Henson P.FOUL (P2.PN) (L.Richardson),,,5.0,203089,John Henson,1610612749.0,Milwaukee,Bucks,MIL,4,101162,Marcin Gortat,1610612764.0,Washington,Wizards,WAS,1,0,,,,,
0021500158,387,3,11,3,8:50 PM,1:23,MISS Gortat Free Throw 1 of 2,,,,,4.0,101162,Marcin Gortat,1610612764.0,Washington,Wizards,WAS,0,0,,,,,,0,0,,,,,
0021500158,388,4,1,3,8:50 PM,1:23,WIZARDS Rebound,,,,,2.0,1610612764,,,,,,0,0,,,,,,0,0,,,,,
0021500158,389,3,12,3,8:50 PM,1:23,MISS Gortat Free Throw 2 of 2,,,,,4.0,101162,Marcin Gortat,1610612764.0,Washington,Wizards,WAS,0,0,,,,,,0,0,,,,,
0021500158,391,4,0,3,8:50 PM,1:22,,,Henson REBOUND (Off:2 Def:2),,,5.0,203089,John Henson,1610612749.0,Milwaukee,Bucks,MIL,0,0,,,,,,0,0,,,,,
0021500158,393,6,1,3,8:51 PM,1:11,Temple P.FOUL (P3.T3) (B.Taylor),,,,,4.0,202066,Garrett Temple,1610612764.0,Washington,Wizards,WAS,5,202349,Greivis Vasquez,1610612749.0,Milwaukee,Bucks,MIL,1,0,,,,,
0021500158,394,8,0,3,8:51 PM,1:11,SUB: Nene FOR Gortat,,,,,4.0,101162,Marcin Gortat,1610612764.0,Washington,Wizards,WAS,4,2403,Nene,1610612764.0,Washington,Wizards,WAS,0,0,,,,,
0021500158,395,2,1,3,8:51 PM,1:07,,,MISS Middleton 10' Jump Shot,,,5.0,203114,Khris Middleton,1610612749.0,Milwaukee,Bucks,MIL,0,0,,,,,,0,0,,,,,
0021500158,396,4,0,3,8:51 PM,1:06,Neal REBOUND (Off:0 Def:3),,,,,4.0,202390,Gary Neal,1610612764.0,Washington,Wizards,WAS,0,0,,,,,,0,0,,,,,
0021500158,397,2,1,3,8:51 PM,0:48,MISS Sessions 21' Jump Shot,,,,,4.0,201196,Ramon Sessions,1610612764.0,Washington,Wizards,WAS,0,0,,,,,,0,0,,,,,
0021500158,398,4,0,3,8:51 PM,0:47,,,O'Bryant III REBOUND (Off:0 Def:3),,,5.0,203948,Johnny O'Bryant III,1610612749.0,Milwaukee,Bucks,MIL,0,0,,,,,,0,0,,,,,
0021500158,399,5,40,3,8:51 PM,0:45,,,O'Bryant III Out of Bounds Lost Ball Turnover (P2.T14),,,5.0,203948,Johnny O'Bryant III,1610612749.0,Milwaukee,Bucks,MIL,0,0,,,,,,1,0,,,,,
0021500158,401,2,1,3,8:52 PM,0:43,MISS Neal 14' Jump Shot,,,,,4.0,202390,Gary Neal,1610612764.0,Washington,Wizards,WAS,0,0,,,,,,0,0,,,,,
0021500158,402,4,0,3,8:52 PM,0:42,,,Henson REBOUND (Off:2 Def:3),,,5.0,203089,John Henson,1610612749.0,Milwaukee,Bucks,MIL,0,0,,,,,,0,0,,,,,
0021500158,403,2,1,3,8:52 PM,0:31,,,MISS Vasquez 16' Jump Shot,,,5.0,202349,Greivis Vasquez,1610612749.0,Milwaukee,Bucks,MIL,0,0,,,,,,0,0,,,,,
0021500158,404,4,0,3,8:52 PM,0:30,Dudley REBOUND (Off:1 Def:4),,,,,4.0,201162,Jared Dudley,1610612764.0,Washington,Wizards,WAS,0,0,,,,,,0,0,,,,,
0021500158,405,2,1,3,8:52 PM,0:06,MISS Neal 13' Jump Shot,,,,,4.0,202390,Gary Neal,1610612764.0,Washington,Wizards,WAS,0,0,,,,,,0,0,,,,,
0021500158,406,4,0,3,8:52 PM,0:05,,,Henson REBOUND (Off:2 Def:4),,,5.0,203089,John Henson,1610612749.0,Milwaukee,Bucks,MIL,0,0,,,,,,0,0,,,,,
0021500158,407,2,1,3,8:52 PM,0:01,,,MISS Middleton 27' 3PT Jump Shot,,,5.0,203114,Khris Middleton,1610612749.0,Milwaukee,Bucks,MIL,0,0,,,,,,0,0,,,,,
0021500158,408,4,0,3,8:52 PM,0:00,Dudley REBOUND (Off:1 Def:5),,,,,4.0,201162,Jared Dudley,1610612764.0,Washington,Wizards,WAS,0,0,,,,,,0,0,,,,,
0021500158,409,13,0,3,8:53 PM,0:00,,,,66 - 85,19,0.0,0,,,,,,0,0,,,,,,0,0,,,,,
0021500158,411,12,0,4,8:55 PM,12:00,,,,66 - 85,19,0.0,0,,,,,,0,0,,,,,,0,0,,,,,
0021500158,412,5,45,4,8:55 PM,11:48,Wall Out of Bounds - Bad Pass Turnover Turnover (P4.T9),,,,,4.0,202322,John Wall,1610612764.0,Washington,Wizards,WAS,0,0,,,,,,1,0,,,,,
0021500158,413,6,1,4,8:56 PM,11:29,Nene P.FOUL (P2.T1) (B.Taylor),,,,,4.0,2403,Nene,1610612764.0,Washington,Wizards,WAS,5,202349,Greivis Vasquez,1610612749.0,Milwaukee,Bucks,MIL,1,0,,,,,
0021500158,414,6,2,4,8:56 PM,11:24,Nene S.FOUL (P3.T2) (K.Mauer),,,,,4.0,2403,Nene,1610612764.0,Washington,Wizards,WAS,5,203089,John Henson,1610612749.0,Milwaukee,Bucks,MIL,1,0,,,,,
0021500158,415,3,11,4,8:56 PM,11:24,,,Henson Free Throw 1 of 2 (8 PTS),67 - 85,18,5.0,203089,John Henson,1610612749.0,Milwaukee,Bucks,MIL,0,0,,,,,,0,0,,,,,
0021500158,417,3,12,4,8:57 PM,11:24,,,MISS Henson Free Throw 2 of 2,,,5.0,203089,John Henson,1610612749.0,Milwaukee,Bucks,MIL,0,0,,,,,,0,0,,,,,
0021500158,419,4,0,4,8:57 PM,11:22,Dudley REBOUND (Off:1 Def:6),,,,,4.0,201162,Jared Dudley,1610612764.0,Washington,Wizards,WAS,0,0,,,,,,0,0,,,,,
0021500158,420,1,82,4,8:57 PM,11:09,Neal 3' Driving Bank Shot (4 PTS) (Wall 9 AST),,,67 - 87,20,4.0,202390,Gary Neal,1610612764.0,Washington,Wizards,WAS,4,202322,John Wall,1610612764.0,Washington,Wizards,WAS,0,0,,,,,
0021500158,422,5,1,4,8:57 PM,10:48,Neal STEAL (1 STL),,Antetokounmpo Bad Pass Turnover (P3.T15),,,5.0,203507,Giannis Antetokounmpo,1610612749.0,Milwaukee,Bucks,MIL,4,202390,Gary Neal,1610612764.0,Washington,Wizards,WAS,0,0,,,,,
0021500158,423,6,2,4,8:58 PM,10:31,,,Henson S.FOUL (P3.T1) (L.Richardson),,,5.0,203089,John Henson,1610612749.0,Milwaukee,Bucks,MIL,4,2403,Nene,1610612764.0,Washington,Wizards,WAS,1,0,,,,,
0021500158,424,3,11,4,8:58 PM,10:31,MISS Nene Free Throw 1 of 2,,,,,4.0,2403,Nene,1610612764.0,Washington,Wizards,WAS,0,0,,,,,,0,0,,,,,
0021500158,425,4,1,4,8:58 PM,10:31,WIZARDS Rebound,,,,,2.0,1610612764,,,,,,0,0,,,,,,0,0,,,,,
0021500158,426,3,12,4,8:58 PM,10:31,Nene Free Throw 2 of 2 (5 PTS),,,67 - 88,21,4.0,2403,Nene,1610612764.0,Washington,Wizards,WAS,0,0,,,,,,0,0,,,,,
0021500158,429,2,1,4,8:59 PM,10:08,,,MISS Middleton 26' 3PT Jump Shot,,,5.0,203114,Khris Middleton,1610612749.0,Milwaukee,Bucks,MIL,0,0,,,,,,0,0,,,,,
0021500158,430,4,0,4,8:59 PM,10:07,Wall REBOUND (Off:0 Def:6),,,,,4.0,202322,John Wall,1610612764.0,Washington,Wizards,WAS,0,0,,,,,,0,0,,,,,
0021500158,431,2,1,4,8:59 PM,9:59,MISS Nene 27' 3PT Jump Shot,,,,,4.0,2403,Nene,1610612764.0,Washington,Wizards,WAS,0,0,,,,,,0,0,,,,,
0021500158,432,4,0,4,8:59 PM,9:58,,,Antetokounmpo REBOUND (Off:1 Def:3),,,5.0,203507,Giannis Antetokounmpo,1610612749.0,Milwaukee,Bucks,MIL,0,0,,,,,,0,0,,,,,
0021500158,433,1,1,4,8:59 PM,9:47,,,Vasquez 30' 3PT Jump Shot (12 PTS) (Antetokounmpo 7 AST),70 - 88,18,5.0,202349,Greivis Vasquez,1610612749.0,Milwaukee,Bucks,MIL,5,203507,Giannis Antetokounmpo,1610612749.0,Milwaukee,Bucks,MIL,0,0,,,,,
0021500158,434,2,1,4,9:00 PM,9:31,MISS Dudley 20' Jump Shot,,,,,4.0,201162,Jared Dudley,1610612764.0,Washington,Wizards,WAS,0,0,,,,,,0,0,,,,,
0021500158,435,4,0,4,9:00 PM,9:30,,,Antetokounmpo REBOUND (Off:1 Def:4),,,5.0,203507,Giannis Antetokounmpo,1610612749.0,Milwaukee,Bucks,MIL,0,0,,,,,,0,0,,,,,
0021500158,436,2,1,4,9:00 PM,9:13,,,MISS Middleton 27' 3PT Jump Shot,,,5.0,203114,Khris Middleton,1610612749.0,Milwaukee,Bucks,MIL,0,0,,,,,,0,0,,,,,
0021500158,437,4,0,4,9:00 PM,9:12,Nene REBOUND (Off:1 Def:3),,,,,4.0,2403,Nene,1610612764.0,Washington,Wizards,WAS,0,0,,,,,,0,0,,,,,
0021500158,438,5,1,4,9:00 PM,9:02,Wall Bad Pass Turnover (P5.T10),,Antetokounmpo STEAL (1 STL),,,4.0,202322,John Wall,1610612764.0,Washington,Wizards,WAS,5,203507,Giannis Antetokounmpo,1610612749.0,Milwaukee,Bucks,MIL,0,0,,,,,
0021500158,439,6,28,4,9:00 PM,9:00,Sessions Personal Take Foul (P2.T3) (B.Taylor),,,,,4.0,201196,Ramon Sessions,1610612764.0,Washington,Wizards,WAS,5,203507,Giannis Antetokounmpo,1610612749.0,Milwaukee,Bucks,MIL,1,0,,,,,
0021500158,440,6,2,4,9:01 PM,8:53,Nene S.FOUL (P4.T4) (B.Taylor),,,,,4.0,2403,Nene,1610612764.0,Washington,Wizards,WAS,5,203089,John Henson,1610612749.0,Milwaukee,Bucks,MIL,1,0,,,,,
0021500158,441,9,4,4,9:01 PM,8:53,,,,,,1.0,0,,,,,,0,0,,,,,,0,0,,,,,
0021500158,442,8,0,4,9:03 PM,8:53,SUB: Porter Jr. FOR Sessions,,,,,4.0,201196,Ramon Sessions,1610612764.0,Washington,Wizards,WAS,4,203490,Otto Porter Jr.,1610612764.0,Washington,Wizards,WAS,0,0,,,,,
0021500158,447,8,0,4,9:03 PM,8:53,,,SUB: Bayless FOR O'Bryant III,,,5.0,203948,Johnny O'Bryant III,1610612749.0,Milwaukee,Bucks,MIL,5,201573,Jerryd Bayless,1610612749.0,Milwaukee,Bucks,MIL,0,0,,,,,
0021500158,443,3,11,4,9:03 PM,8:53,,,Henson Free Throw 1 of 2 (9 PTS),71 - 88,17,5.0,203089,John Henson,1610612749.0,Milwaukee,Bucks,MIL,0,0,,,,,,0,0,,,,,
0021500158,445,3,12,4,9:04 PM,8:53,,,Henson Free Throw 2 of 2 (10 PTS),72 - 88,16,5.0,203089,John Henson,1610612749.0,Milwaukee,Bucks,MIL,0,0,,,,,,0,0,,,,,
0021500158,448,1,80,4,9:04 PM,8:29,Nene 16' Step Back Jump Shot (7 PTS),,,72 - 90,18,4.0,2403,Nene,1610612764.0,Washington,Wizards,WAS,0,0,,,,,,0,0,,,,,
0021500158,450,6,1,4,9:05 PM,8:11,Porter Jr. P.FOUL (P4.PN) (L.Richardson),,,,,4.0,203490,Otto Porter Jr.,1610612764.0,Washington,Wizards,WAS,5,203507,Giannis Antetokounmpo,1610612749.0,Milwaukee,Bucks,MIL,1,0,,,,,
0021500158,451,3,11,4,9:05 PM,8:11,,,MISS Antetokounmpo Free Throw 1 of 2,,,5.0,203507,Giannis Antetokounmpo,1610612749.0,Milwaukee,Bucks,MIL,0,0,,,,,,0,0,,,,,
0021500158,452,4,1,4,9:05 PM,8:11,,,Bucks Rebound,,,3.0,1610612749,,,,,,0,0,,,,,,0,0,,,,,
0021500158,453,3,12,4,9:05 PM,8:11,,,MISS Antetokounmpo Free Throw 2 of 2,,,5.0,203507,Giannis Antetokounmpo,1610612749.0,Milwaukee,Bucks,MIL,0,0,,,,,,0,0,,,,,
0021500158,455,4,0,4,9:05 PM,8:10,Nene REBOUND (Off:1 Def:4),,,,,4.0,2403,Nene,1610612764.0,Washington,Wizards,WAS,0,0,,,,,,0,0,,,,,
0021500158,456,6,2,4,9:06 PM,7:56,,,Henson S.FOUL (P4.T2) (L.Richardson),,,5.0,203089,John Henson,1610612749.0,Milwaukee,Bucks,MIL,4,2403,Nene,1610612764.0,Washington,Wizards,WAS,1,0,,,,,
0021500158,457,3,11,4,9:06 PM,7:56,MISS Nene Free Throw 1 of 2,,,,,4.0,2403,Nene,1610612764.0,Washington,Wizards,WAS,0,0,,,,,,0,0,,,,,
0021500158,458,4,1,4,9:06 PM,7:56,WIZARDS Rebound,,,,,2.0,1610612764,,,,,,0,0,,,,,,0,0,,,,,
0021500158,459,3,12,4,9:06 PM,7:56,Nene Free Throw 2 of 2 (8 PTS),,,72 - 91,19,4.0,2403,Nene,1610612764.0,Washington,Wizards,WAS,0,0,,,,,,0,0,,,,,
0021500158,461,1,79,4,9:07 PM,7:37,,,Antetokounmpo 19' Pullup Jump Shot (9 PTS) (Bayless 3 AST),74 - 91,17,5.0,203507,Giannis Antetokounmpo,1610612749.0,Milwaukee,Bucks,MIL,5,201573,Jerryd Bayless,1610612749.0,Milwaukee,Bucks,MIL,0,0,,,,,
0021500158,462,6,2,4,9:07 PM,7:16,,,Antetokounmpo S.FOUL (P4.T3) (L.Richardson),,,5.0,203507,Giannis Antetokounmpo,1610612749.0,Milwaukee,Bucks,MIL,4,201162,Jared Dudley,1610612764.0,Washington,Wizards,WAS,1,0,,,,,
0021500158,463,3,11,4,9:07 PM,7:16,Dudley Free Throw 1 of 2 (9 PTS),,,74 - 92,18,4.0,201162,Jared Dudley,1610612764.0,Washington,Wizards,WAS,0,0,,,,,,0,0,,,,,
0021500158,465,3,12,4,9:07 PM,7:16,Dudley Free Throw 2 of 2 (10 PTS),,,74 - 93,19,4.0,201162,Jared Dudley,1610612764.0,Washington,Wizards,WAS,0,0,,,,,,0,0,,,,,
0021500158,468,5,2,4,9:08 PM,7:06,Neal STEAL (2 STL),,Bayless Lost Ball Turnover (P2.T16),,,5.0,201573,Jerryd Bayless,1610612749.0,Milwaukee,Bucks,MIL,4,202390,Gary Neal,1610612764.0,Washington,Wizards,WAS,0,0,,,,,
0021500158,469,1,1,4,9:08 PM,6:48,Neal 27' 3PT Jump Shot (7 PTS) (Nene 2 AST),,,74 - 96,22,4.0,202390,Gary Neal,1610612764.0,Washington,Wizards,WAS,4,2403,Nene,1610612764.0,Washington,Wizards,WAS,0,0,,,,,
0021500158,471,5,1,4,9:08 PM,6:30,Porter Jr. STEAL (3 STL),,Antetokounmpo Bad Pass Turnover (P4.T17),,,5.0,203507,Giannis Antetokounmpo,1610612749.0,Milwaukee,Bucks,MIL,4,203490,Otto Porter Jr.,1610612764.0,Washington,Wizards,WAS,0,0,,,,,
0021500158,472,1,76,4,9:08 PM,6:24,Porter Jr. 2' Running Finger Roll Layup (19 PTS),,,74 - 98,24,4.0,203490,Otto Porter Jr.,1610612764.0,Washington,Wizards,WAS,0,0,,,,,,0,0,,,,,
0021500158,473,9,1,4,9:09 PM,6:23,,,Bucks Timeout: Regular (Reg.4 Short 0),,,3.0,1610612749,,,,,,0,0,,,,,,0,0,,,,,
0021500158,475,8,0,4,9:11 PM,6:23,,,SUB: Copeland FOR Middleton,,,5.0,203114,Khris Middleton,1610612749.0,Milwaukee,Bucks,MIL,5,203142,Chris Copeland,1610612749.0,Milwaukee,Bucks,MIL,0,0,,,,,
0021500158,476,8,0,4,9:11 PM,6:23,,,SUB: Vaughn FOR Antetokounmpo,,,5.0,203507,Giannis Antetokounmpo,1610612749.0,Milwaukee,Bucks,MIL,5,1626173,Rashad Vaughn,1610612749.0,Milwaukee,Bucks,MIL,0,0,,,,,
0021500158,477,8,0,4,9:11 PM,6:23,,,SUB: Ennis FOR Bayless,,,5.0,201573,Jerryd Bayless,1610612749.0,Milwaukee,Bucks,MIL,5,203898,Tyler Ennis,1610612749.0,Milwaukee,Bucks,MIL,0,0,,,,,
0021500158,478,8,0,4,9:11 PM,6:23,,,SUB: Plumlee FOR Vasquez,,,5.0,202349,Greivis Vasquez,1610612749.0,Milwaukee,Bucks,MIL,5,203101,Miles Plumlee,1610612749.0,Milwaukee,Bucks,MIL,0,0,,,,,
0021500158,479,8,0,4,9:11 PM,6:23,,,SUB: O'Bryant III FOR Henson,,,5.0,203089,John Henson,1610612749.0,Milwaukee,Bucks,MIL,5,203948,Johnny O'Bryant III,1610612749.0,Milwaukee,Bucks,MIL,0,0,,,,,
0021500158,480,2,1,4,9:11 PM,6:02,,,MISS Vaughn 27' 3PT Jump Shot,,,5.0,1626173,Rashad Vaughn,1610612749.0,Milwaukee,Bucks,MIL,0,0,,,,,,0,0,,,,,
0021500158,481,4,0,4,9:11 PM,6:01,Nene REBOUND (Off:1 Def:5),,,,,4.0,2403,Nene,1610612764.0,Washington,Wizards,WAS,0,0,,,,,,0,0,,,,,
0021500158,482,1,1,4,9:12 PM,5:38,Dudley 24' 3PT Jump Shot (13 PTS) (Porter Jr. 4 AST),,,74 - 101,27,4.0,201162,Jared Dudley,1610612764.0,Washington,Wizards,WAS,4,203490,Otto Porter Jr.,1610612764.0,Washington,Wizards,WAS,0,0,,,,,
0021500158,484,2,1,4,9:12 PM,5:11,,,MISS Copeland 16' Jump Shot,,,5.0,203142,Chris Copeland,1610612749.0,Milwaukee,Bucks,MIL,0,0,,,,,,0,0,,,,,
0021500158,485,4,0,4,9:12 PM,5:10,Porter Jr. REBOUND (Off:1 Def:1),,,,,4.0,203490,Otto Porter Jr.,1610612764.0,Washington,Wizards,WAS,0,0,,,,,,0,0,,,,,
0021500158,486,1,80,4,9:13 PM,4:55,Wall 27' 3PT Step Back Jump Shot (19 PTS),,,74 - 104,30,4.0,202322,John Wall,1610612764.0,Washington,Wizards,WAS,0,0,,,,,,0,0,,,,,
0021500158,487,6,1,4,9:13 PM,4:34,Neal P.FOUL (P1.PN) (L.Richardson),,,,,4.0,202390,Gary Neal,1610612764.0,Washington,Wizards,WAS,5,203898,Tyler Ennis,1610612749.0,Milwaukee,Bucks,MIL,1,0,,,,,
0021500158,488,3,11,4,9:13 PM,4:34,,,MISS Ennis Free Throw 1 of 2,,,5.0,203898,Tyler Ennis,1610612749.0,Milwaukee,Bucks,MIL,0,0,,,,,,0,0,,,,,
0021500158,489,4,1,4,9:13 PM,4:34,,,Bucks Rebound,,,3.0,1610612749,,,,,,0,0,,,,,,0,0,,,,,
0021500158,490,8,0,4,9:14 PM,4:34,SUB: Oubre Jr. FOR Porter Jr.,,,,,4.0,203490,Otto Porter Jr.,1610612764.0,Washington,Wizards,WAS,4,1626162,Kelly Oubre Jr.,1610612764.0,Washington,Wizards,WAS,0,0,,,,,
0021500158,491,8,0,4,9:14 PM,4:34,SUB: Blair FOR Wall,,,,,4.0,202322,John Wall,1610612764.0,Washington,Wizards,WAS,4,201971,DeJuan Blair,1610612764.0,Washington,Wizards,WAS,0,0,,,,,
0021500158,492,8,0,4,9:14 PM,4:34,SUB: Gooden FOR Nene,,,,,4.0,2403,Nene,1610612764.0,Washington,Wizards,WAS,4,2400,Drew Gooden,1610612764.0,Washington,Wizards,WAS,0,0,,,,,
0021500158,493,8,0,4,9:14 PM,4:34,SUB: Sessions FOR Dudley,,,,,4.0,201162,Jared Dudley,1610612764.0,Washington,Wizards,WAS,4,201196,Ramon Sessions,1610612764.0,Washington,Wizards,WAS,0,0,,,,,
0021500158,494,3,12,4,9:14 PM,4:34,,,Ennis Free Throw 2 of 2 (1 PTS),75 - 104,29,5.0,203898,Tyler Ennis,1610612749.0,Milwaukee,Bucks,MIL,0,0,,,,,,0,0,,,,,
0021500158,496,1,1,4,9:14 PM,4:18,Neal 25' 3PT Jump Shot (10 PTS) (Blair 1 AST),,,75 - 107,32,4.0,202390,Gary Neal,1610612764.0,Washington,Wizards,WAS,4,201971,DeJuan Blair,1610612764.0,Washington,Wizards,WAS,0,0,,,,,
0021500158,498,2,1,4,9:14 PM,4:00,,,MISS Vaughn 17' Jump Shot,,,5.0,1626173,Rashad Vaughn,1610612749.0,Milwaukee,Bucks,MIL,0,0,,,,,,0,0,,,,,
0021500158,499,4,0,4,9:14 PM,3:59,Oubre Jr. REBOUND (Off:0 Def:1),,,,,4.0,1626162,Kelly Oubre Jr.,1610612764.0,Washington,Wizards,WAS,0,0,,,,,,0,0,,,,,
0021500158,500,2,1,4,9:15 PM,3:50,MISS Oubre Jr. 4' Jump Shot,,,,,4.0,1626162,Kelly Oubre Jr.,1610612764.0,Washington,Wizards,WAS,0,0,,,,,,0,0,,,,,
0021500158,501,4,0,4,9:15 PM,3:49,,,O'Bryant III REBOUND (Off:0 Def:4),,,5.0,203948,Johnny O'Bryant III,1610612749.0,Milwaukee,Bucks,MIL,0,0,,,,,,0,0,,,,,
0021500158,503,6,2,4,9:15 PM,3:35,Oubre Jr. S.FOUL (P1.PN) (B.Taylor),,,,,4.0,1626162,Kelly Oubre Jr.,1610612764.0,Washington,Wizards,WAS,5,1626173,Rashad Vaughn,1610612749.0,Milwaukee,Bucks,MIL,1,0,,,,,
0021500158,504,3,11,4,9:15 PM,3:35,,,Vaughn Free Throw 1 of 2 (1 PTS),76 - 107,31,5.0,1626173,Rashad Vaughn,1610612749.0,Milwaukee,Bucks,MIL,0,0,,,,,,0,0,,,,,
0021500158,506,3,12,4,9:16 PM,3:35,,,Vaughn Free Throw 2 of 2 (2 PTS),77 - 107,30,5.0,1626173,Rashad Vaughn,1610612749.0,Milwaukee,Bucks,MIL,0,0,,,,,,0,0,,,,,
0021500158,508,2,1,4,9:16 PM,3:10,MISS Blair 22' Jump Shot,,,,,4.0,201971,DeJuan Blair,1610612764.0,Washington,Wizards,WAS,0,0,,,,,,0,0,,,,,
0021500158,509,4,0,4,9:16 PM,3:09,,,Ennis REBOUND (Off:0 Def:1),,,5.0,203898,Tyler Ennis,1610612749.0,Milwaukee,Bucks,MIL,0,0,,,,,,0,0,,,,,
0021500158,510,2,1,4,9:16 PM,2:56,,,MISS Plumlee 15' Jump Shot,,,5.0,203101,Miles Plumlee,1610612749.0,Milwaukee,Bucks,MIL,0,0,,,,,,0,0,,,,,
0021500158,511,4,0,4,9:16 PM,2:54,Oubre Jr. REBOUND (Off:0 Def:2),,,,,4.0,1626162,Kelly Oubre Jr.,1610612764.0,Washington,Wizards,WAS,0,0,,,,,,0,0,,,,,
0021500158,512,6,2,4,9:17 PM,2:43,,,Copeland S.FOUL (P1.T4) (B.Taylor),,,5.0,203142,Chris Copeland,1610612749.0,Milwaukee,Bucks,MIL,4,1626162,Kelly Oubre Jr.,1610612764.0,Washington,Wizards,WAS,1,0,,,,,
0021500158,513,9,1,4,9:17 PM,2:43,WIZARDS Timeout: Regular (Full 4 Short 0),,,,,2.0,1610612764,,,,,,0,0,,,,,,0,0,,,,,
0021500158,514,3,11,4,9:19 PM,2:43,Oubre Jr. Free Throw 1 of 2 (1 PTS),,,77 - 108,31,4.0,1626162,Kelly Oubre Jr.,1610612764.0,Washington,Wizards,WAS,0,0,,,,,,0,0,,,,,
0021500158,516,3,12,4,9:19 PM,2:43,Oubre Jr. Free Throw 2 of 2 (2 PTS),,,77 - 109,32,4.0,1626162,Kelly Oubre Jr.,1610612764.0,Washington,Wizards,WAS,0,0,,,,,,0,0,,,,,
0021500158,519,6,1,4,9:20 PM,2:35,Sessions P.FOUL (P3.PN) (K.Mauer),,,,,4.0,201196,Ramon Sessions,1610612764.0,Washington,Wizards,WAS,5,203898,Tyler Ennis,1610612749.0,Milwaukee,Bucks,MIL,1,0,,,,,
0021500158,520,3,11,4,9:20 PM,2:35,,,Ennis Free Throw 1 of 2 (2 PTS),78 - 109,31,5.0,203898,Tyler Ennis,1610612749.0,Milwaukee,Bucks,MIL,0,0,,,,,,0,0,,,,,
0021500158,522,3,12,4,9:20 PM,2:35,,,Ennis Free Throw 2 of 2 (3 PTS),79 - 109,30,5.0,203898,Tyler Ennis,1610612749.0,Milwaukee,Bucks,MIL,0,0,,,,,,0,0,,,,,
0021500158,524,1,1,4,9:20 PM,2:16,Oubre Jr. 26' 3PT Jump Shot (5 PTS) (Blair 2 AST),,,79 - 112,33,4.0,1626162,Kelly Oubre Jr.,1610612764.0,Washington,Wizards,WAS,4,201971,DeJuan Blair,1610612764.0,Washington,Wizards,WAS,0,0,,,,,
0021500158,525,6,4,4,9:21 PM,1:59,,,Vaughn OFF.Foul (P1) (L.Richardson),,,5.0,1626173,Rashad Vaughn,1610612749.0,Milwaukee,Bucks,MIL,4,201971,DeJuan Blair,1610612764.0,Washington,Wizards,WAS,1,0,,,,,
0021500158,526,5,5,4,9:21 PM,1:59,,,Vaughn Foul Turnover (P1.T18),,,5.0,1626173,Rashad Vaughn,1610612749.0,Milwaukee,Bucks,MIL,0,0,,,,,,1,0,,,,,
0021500158,528,5,2,4,9:21 PM,1:46,Oubre Jr. Lost Ball Turnover (P1.T11),,Copeland STEAL (1 STL),,,4.0,1626162,Kelly Oubre Jr.,1610612764.0,Washington,Wizards,WAS,5,203142,Chris Copeland,1610612749.0,Milwaukee,Bucks,MIL,0,0,,,,,
0021500158,529,2,1,4,9:21 PM,1:37,,,MISS Ennis 4' Jump Shot,,,5.0,203898,Tyler Ennis,1610612749.0,Milwaukee,Bucks,MIL,0,0,,,,,,0,0,,,,,
0021500158,530,4,0,4,9:21 PM,1:36,Oubre Jr. REBOUND (Off:0 Def:3),,,,,4.0,1626162,Kelly Oubre Jr.,1610612764.0,Washington,Wizards,WAS,0,0,,,,,,0,0,,,,,
0021500158,531,6,2,4,9:22 PM,1:34,,,Copeland S.FOUL (P2.PN) (K.Mauer),,,5.0,203142,Chris Copeland,1610612749.0,Milwaukee,Bucks,MIL,4,1626162,Kelly Oubre Jr.,1610612764.0,Washington,Wizards,WAS,1,0,,,,,
0021500158,532,3,11,4,9:22 PM,1:34,MISS Oubre Jr. Free Throw 1 of 2,,,,,4.0,1626162,Kelly Oubre Jr.,1610612764.0,Washington,Wizards,WAS,0,0,,,,,,0,0,,,,,
0021500158,533,4,1,4,9:22 PM,1:34,WIZARDS Rebound,,,,,2.0,1610612764,,,,,,0,0,,,,,,0,0,,,,,
0021500158,534,3,12,4,9:22 PM,1:34,MISS Oubre Jr. Free Throw 2 of 2,,,,,4.0,1626162,Kelly Oubre Jr.,1610612764.0,Washington,Wizards,WAS,0,0,,,,,,0,0,,,,,
0021500158,536,4,0,4,9:22 PM,1:32,,,O'Bryant III REBOUND (Off:0 Def:5),,,5.0,203948,Johnny O'Bryant III,1610612749.0,Milwaukee,Bucks,MIL,0,0,,,,,,0,0,,,,,
0021500158,537,1,1,4,9:22 PM,1:19,,,Copeland 5' Jump Shot (2 PTS),81 - 112,31,5.0,203142,Chris Copeland,1610612749.0,Milwaukee,Bucks,MIL,0,0,,,,,,0,0,,,,,
0021500158,538,6,2,4,9:22 PM,1:15,,,Vaughn S.FOUL (P2.PN) (L.Richardson),,,5.0,1626173,Rashad Vaughn,1610612749.0,Milwaukee,Bucks,MIL,4,201971,DeJuan Blair,1610612764.0,Washington,Wizards,WAS,1,0,,,,,
0021500158,539,3,11,4,9:23 PM,1:15,Blair Free Throw 1 of 2 (1 PTS),,,81 - 113,32,4.0,201971,DeJuan Blair,1610612764.0,Washington,Wizards,WAS,0,0,,,,,,0,0,,,,,
0021500158,541,3,12,4,9:23 PM,1:15,MISS Blair Free Throw 2 of 2,,,,,4.0,201971,DeJuan Blair,1610612764.0,Washington,Wizards,WAS,0,0,,,,,,0,0,,,,,
0021500158,543,4,0,4,9:23 PM,1:13,,,Ennis REBOUND (Off:0 Def:2),,,5.0,203898,Tyler Ennis,1610612749.0,Milwaukee,Bucks,MIL,0,0,,,,,,0,0,,,,,
0021500158,545,5,1,4,9:23 PM,1:02,Sessions STEAL (1 STL),,Ennis Bad Pass Turnover (P1.T19),,,5.0,203898,Tyler Ennis,1610612749.0,Milwaukee,Bucks,MIL,4,201196,Ramon Sessions,1610612764.0,Washington,Wizards,WAS,0,0,,,,,
0021500158,546,1,5,4,9:23 PM,0:58,Oubre Jr. 3' Layup (7 PTS) (Blair 3 AST),,,81 - 115,34,4.0,1626162,Kelly Oubre Jr.,1610612764.0,Washington,Wizards,WAS,4,201971,DeJuan Blair,1610612764.0,Washington,Wizards,WAS,0,0,,,,,
0021500158,547,1,1,4,9:23 PM,0:45,,,Vaughn  3PT Jump Shot (5 PTS) (Ennis 1 AST),84 - 115,31,5.0,1626173,Rashad Vaughn,1610612749.0,Milwaukee,Bucks,MIL,5,203898,Tyler Ennis,1610612749.0,Milwaukee,Bucks,MIL,0,0,,,,,
0021500158,548,5,4,4,9:24 PM,0:31,Gooden Traveling Turnover (P1.T12),,,,,4.0,2400,Drew Gooden,1610612764.0,Washington,Wizards,WAS,0,0,,,,,,1,0,,,,,
0021500158,550,1,52,4,9:24 PM,0:19,,,Plumlee 1' Alley Oop Dunk (2 PTS) (Ennis 2 AST),86 - 115,29,5.0,203101,Miles Plumlee,1610612749.0,Milwaukee,Bucks,MIL,5,203898,Tyler Ennis,1610612749.0,Milwaukee,Bucks,MIL,0,0,,,,,
0021500158,551,13,0,4,9:25 PM,0:00,,,,86 - 115,29,0.0,0,,,,,,0,0,,,,,,0,0,,,,,
