GAME_ID,EVENTNUM,EVENTMSGTYPE,EVENTMSGACTIONTYPE,PERIOD,WCTIMESTRING,PCTIMESTRING,HOMEDESCRIPTION,NEUTRALDESCRIPTION,VISITORDESCRIPTION,SCORE,SCOREMARGIN,PERSON1TYPE,PLAYER1_ID,PLAYER1_NAME,PLAYER1_TEAM_ID,PLAYER1_TEAM_CITY,PLAYER1_TEAM_NICKNAME,PLAYER1_TEAM_ABBREVIATION,PERSON2TYPE,PLAYER2_ID,PLAYER2_NAME,PLAYER2_TEAM_ID,PLAYER2_TEAM_CITY,PLAYER2_TEAM_NICKNAME,PLAYER2_TEAM_ABBREVIATION,PERSON3TYPE,PLAYER3_ID,PLAYER3_NAME,PLAYER3_TEAM_ID,PLAYER3_TEAM_CITY,PLAYER3_TEAM_NICKNAME,PLAYER3_TEAM_ABBREVIATION
0021500066,0,12,0,1,8:11 PM,12:00,,,,,,0.0,0,,,,,,0,0,,,,,,0,0,,,,,
0021500066,1,10,0,1,8:11 PM,12:00,Jump Ball Adams vs. Valanciunas: Tip to Scola,,,,,4.0,203500,Steven Adams,1610612760.0,Oklahoma City,Thunder,OKC,5,202685,Jonas Valanciunas,1610612761.0,Toronto,Raptors,TOR,5,2449,Luis Scola,1610612761.0,Toronto,Raptors,TOR
0021500066,2,5,40,1,8:11 PM,11:44,,,Lowry Out of Bounds Lost Ball Turnover (P1.T1),,,5.0,200768,Kyle Lowry,1610612761.0,Toronto,Raptors,TOR,0,0,,,,,,1,0,,,,,
0021500066,5,2,1,1,8:12 PM,11:25,MISS Westbrook 25' 3PT Jump Shot,,,,,4.0,201566,Russell Westbrook,1610612760.0,Oklahoma City,Thunder,OKC,0,0,,,,,,0,0,,,,,
0021500066,7,4,0,1,8:12 PM,11:25,,,Scola REBOUND (Off:0 Def:1),,,5.0,2449,Luis Scola,1610612761.0,Toronto,Raptors,TOR,0,0,,,,,,0,0,,,,,
0021500066,8,6,1,1,8:12 PM,11:25,Westbrook P.FOUL (P1.T1) (S.Wright),,,,,4.0,201566,Russell Westbrook,1610612760.0,Oklahoma City,Thunder,OKC,5,2449,Luis Scola,1610612761.0,Toronto,Raptors,TOR,1,0,,,,,
0021500066,9,2,1,1,8:12 PM,11:09,,,MISS Scola 19' Jump Shot,,,5.0,2449,Luis Scola,1610612761.0,Toronto,Raptors,TOR,0,0,,,,,,0,0,,,,,
0021500066,10,4,0,1,8:12 PM,11:09,Durant REBOUND (Off:0 Def:1),,,,,4.0,201142,Kevin Durant,1610612760.0,Oklahoma City,Thunder,OKC,0,0,,,,,,0,0,,,,,
0021500066,11,1,78,1,8:12 PM,10:54,Adams 9' Floating Jump Shot (2 PTS) (Durant 1 AST),,,0 - 2,2,4.0,203500,Steven Adams,1610612760.0,Oklahoma City,Thunder,OKC,4,201142,Kevin Durant,1610612760.0,Oklahoma City,Thunder,OKC,0,0,,,,,
0021500066,12,2,46,1,8:13 PM,10:34,,,MISS DeRozan 7' Running Jump Shot,,,5.0,201942,DeMar DeRozan,1610612761.0,Toronto,Raptors,TOR,0,0,,,,,,0,0,,,,,
0021500066,13,4,0,1,8:13 PM,10:34,Adams REBOUND (Off:0 Def:1),,,,,4.0,203500,Steven Adams,1610612760.0,Oklahoma City,Thunder,OKC,0,0,,,,,,0,0,,,,,
0021500066,14,1,79,1,8:13 PM,10:28,Westbrook 15' Pullup Jump Shot (2 PTS),,,0 - 4,4,4.0,201566,Russell Westbrook,1610612760.0,Oklahoma City,Thunder,OKC,0,0,,,,,,0,0,,,,,
0021500066,15,2,101,1,8:13 PM,10:02,,,MISS Scola 6' Driving Floating Jump Shot,,,5.0,2449,Luis Scola,1610612761.0,Toronto,Raptors,TOR,0,0,,,,,,0,0,,,,,
0021500066,16,4,0,1,8:13 PM,10:01,Ibaka REBOUND (Off:0 Def:1),,,,,4.0,201586,Serge Ibaka,1610612760.0,Oklahoma City,Thunder,OKC,0,0,,,,,,0,0,,,,,
0021500066,17,1,7,1,8:13 PM,9:55,Adams  Dunk (4 PTS) (Westbrook 1 AST),,,0 - 6,6,4.0,203500,Steven Adams,1610612760.0,Oklahoma City,Thunder,OKC,4,201566,Russell Westbrook,1610612760.0,Oklahoma City,Thunder,OKC,0,0,,,,,
0021500066,18,6,1,1,8:14 PM,9:35,Adams P.FOUL (P1.T2) (S.Corbin),,,,,4.0,203500,Steven Adams,1610612760.0,Oklahoma City,Thunder,OKC,5,202685,Jonas Valanciunas,1610612761.0,Toronto,Raptors,TOR,1,0,,,,,
0021500066,19,1,3,1,8:14 PM,9:22,,,Valanciunas 4' Hook Shot (2 PTS),2 - 6,4,5.0,202685,Jonas Valanciunas,1610612761.0,Toronto,Raptors,TOR,0,0,,,,,,0,0,,,,,
0021500066,20,2,1,1,8:14 PM,9:09,MISS Durant 24' 3PT Jump Shot,,,,,4.0,201142,Kevin Durant,1610612760.0,Oklahoma City,Thunder,OKC,0,0,,,,,,0,0,,,,,
0021500066,21,4,0,1,8:14 PM,9:08,,,Carroll REBOUND (Off:0 Def:1),,,5.0,201960,DeMarre Carroll,1610612761.0,Toronto,Raptors,TOR,0,0,,,,,,0,0,,,,,
0021500066,22,2,1,1,8:15 PM,8:55,,,MISS Lowry 25' 3PT Jump Shot,,,5.0,200768,Kyle Lowry,1610612761.0,Toronto,Raptors,TOR,0,0,,,,,,0,0,,,,,
0021500066,23,4,0,1,8:15 PM,8:54,Adams REBOUND (Off:0 Def:2),,,,,4.0,203500,Steven Adams,1610612760.0,Oklahoma City,Thunder,OKC,0,0,,,,,,0,0,,,,,
0021500066,24,6,1,1,8:15 PM,8:50,,,Lowry P.FOUL (P1.T1) (D.Taylor),,,5.0,200768,Kyle Lowry,1610612761.0,Toronto,Raptors,TOR,4,201142,Kevin Durant,1610612760.0,Oklahoma City,Thunder,OKC,1,0,,,,,
0021500066,27,2,3,1,8:15 PM,8:41,MISS Adams 4' Hook Shot,,,,,4.0,203500,Steven Adams,1610612760.0,Oklahoma City,Thunder,OKC,0,0,,,,,,0,0,,,,,
0021500066,28,4,0,1,8:15 PM,8:41,,,Carroll REBOUND (Off:0 Def:2),,,5.0,201960,DeMarre Carroll,1610612761.0,Toronto,Raptors,TOR,0,0,,,,,,0,0,,,,,
0021500066,29,1,1,1,8:16 PM,8:24,,,Scola 17' Jump Shot (2 PTS) (Lowry 1 AST),4 - 6,2,5.0,2449,Luis Scola,1610612761.0,Toronto,Raptors,TOR,5,200768,Kyle Lowry,1610612761.0,Toronto,Raptors,TOR,0,0,,,,,
0021500066,31,5,45,1,8:16 PM,8:14,Westbrook Out of Bounds - Bad Pass Turnover Turnover (P1.T1),,,,,4.0,201566,Russell Westbrook,1610612760.0,Oklahoma City,Thunder,OKC,0,0,,,,,,1,0,,,,,
0021500066,33,2,41,1,8:16 PM,7:56,Ibaka BLOCK (1 BLK),,MISS Scola 3' Running Layup,,,5.0,2449,Luis Scola,1610612761.0,Toronto,Raptors,TOR,0,0,,,,,,4,201586,Serge Ibaka,1610612760.0,Oklahoma City,Thunder,OKC
0021500066,34,4,0,1,8:16 PM,7:55,Adams REBOUND (Off:0 Def:3),,,,,4.0,203500,Steven Adams,1610612760.0,Oklahoma City,Thunder,OKC,0,0,,,,,,0,0,,,,,
0021500066,35,5,1,1,8:16 PM,7:53,Adams Bad Pass Turnover (P1.T2),,Scola STEAL (1 STL),,,4.0,203500,Steven Adams,1610612760.0,Oklahoma City,Thunder,OKC,5,2449,Luis Scola,1610612761.0,Toronto,Raptors,TOR,0,0,,,,,
0021500066,36,2,5,1,8:16 PM,7:48,Adams BLOCK (1 BLK),,MISS Scola 1' Layup,,,5.0,2449,Luis Scola,1610612761.0,Toronto,Raptors,TOR,0,0,,,,,,4,203500,Steven Adams,1610612760.0,Oklahoma City,Thunder,OKC
0021500066,37,4,0,1,8:16 PM,7:47,,,Raptors Rebound,,,3.0,1610612761,,,,,,0,0,,,,,,0,0,,,,,
0021500066,38,2,5,1,8:17 PM,7:45,Adams BLOCK (2 BLK),,MISS Carroll 1' Layup,,,5.0,201960,DeMarre Carroll,1610612761.0,Toronto,Raptors,TOR,0,0,,,,,,4,203500,Steven Adams,1610612760.0,Oklahoma City,Thunder,OKC
0021500066,39,4,0,1,8:17 PM,7:45,,,Raptors Rebound,,,3.0,1610612761,,,,,,0,0,,,,,,0,0,,,,,
0021500066,40,2,5,1,8:17 PM,7:39,Adams BLOCK (3 BLK),,MISS DeRozan 2' Layup,,,5.0,201942,DeMar DeRozan,1610612761.0,Toronto,Raptors,TOR,0,0,,,,,,4,203500,Steven Adams,1610612760.0,Oklahoma City,Thunder,OKC
0021500066,41,4,0,1,8:17 PM,7:39,THUNDER Rebound,,,,,2.0,1610612760,,,,,,0,0,,,,,,0,0,,,,,
0021500066,42,1,7,1,8:17 PM,7:25,Ibaka  Dunk (2 PTS) (Westbrook 2 AST),,,4 - 8,4,4.0,201586,Serge Ibaka,1610612760.0,Oklahoma City,Thunder,OKC,4,201566,Russell Westbrook,1610612760.0,Oklahoma City,Thunder,OKC,0,0,,,,,
0021500066,43,2,42,1,8:18 PM,6:57,,,MISS Lowry 1' Driving Layup,,,5.0,200768,Kyle Lowry,1610612761.0,Toronto,Raptors,TOR,0,0,,,,,,0,0,,,,,
0021500066,44,4,0,1,8:18 PM,6:57,Ibaka REBOUND (Off:0 Def:2),,,,,4.0,201586,Serge Ibaka,1610612760.0,Oklahoma City,Thunder,OKC,0,0,,,,,,0,0,,,,,
0021500066,45,5,1,1,8:18 PM,6:54,Westbrook Bad Pass Turnover (P2.T3),,DeRozan STEAL (1 STL),,,4.0,201566,Russell Westbrook,1610612760.0,Oklahoma City,Thunder,OKC,5,201942,DeMar DeRozan,1610612761.0,Toronto,Raptors,TOR,0,0,,,,,
0021500066,46,2,1,1,8:18 PM,6:49,,,MISS Lowry 24' 3PT Jump Shot,,,5.0,200768,Kyle Lowry,1610612761.0,Toronto,Raptors,TOR,0,0,,,,,,0,0,,,,,
0021500066,47,4,0,1,8:18 PM,6:49,Westbrook REBOUND (Off:0 Def:1),,,,,4.0,201566,Russell Westbrook,1610612760.0,Oklahoma City,Thunder,OKC,0,0,,,,,,0,0,,,,,
0021500066,48,1,1,1,8:18 PM,6:43,Durant 25' 3PT Jump Shot (3 PTS) (Westbrook 3 AST),,,4 - 11,7,4.0,201142,Kevin Durant,1610612760.0,Oklahoma City,Thunder,OKC,4,201566,Russell Westbrook,1610612760.0,Oklahoma City,Thunder,OKC,0,0,,,,,
0021500066,50,9,1,1,8:19 PM,6:34,,,Raptors Timeout: Regular (Reg.1 Short 0),,,3.0,1610612761,,,,,,0,0,,,,,,0,0,,,,,
0021500066,53,2,1,1,8:21 PM,6:15,Durant BLOCK (1 BLK),,MISS Carroll 19' Jump Shot,,,5.0,201960,DeMarre Carroll,1610612761.0,Toronto,Raptors,TOR,0,0,,,,,,4,201142,Kevin Durant,1610612760.0,Oklahoma City,Thunder,OKC
0021500066,54,4,0,1,8:21 PM,6:15,,,Raptors Rebound,,,3.0,1610612761,,,,,,0,0,,,,,,0,0,,,,,
0021500066,55,5,11,1,8:21 PM,6:15,,,Raptors Turnover: Shot Clock (T#2),,,3.0,1610612761,,,,,,0,0,,,,,,1,0,,,,,
0021500066,56,5,1,1,8:21 PM,6:07,Westbrook Bad Pass Turnover (P3.T4),,Lowry STEAL (1 STL),,,4.0,201566,Russell Westbrook,1610612760.0,Oklahoma City,Thunder,OKC,5,200768,Kyle Lowry,1610612761.0,Toronto,Raptors,TOR,0,0,,,,,
0021500066,57,2,5,1,8:21 PM,6:01,Ibaka BLOCK (2 BLK),,MISS Lowry 2' Layup,,,5.0,200768,Kyle Lowry,1610612761.0,Toronto,Raptors,TOR,0,0,,,,,,4,201586,Serge Ibaka,1610612760.0,Oklahoma City,Thunder,OKC
0021500066,58,4,0,1,8:21 PM,6:00,Adams REBOUND (Off:0 Def:4),,,,,4.0,203500,Steven Adams,1610612760.0,Oklahoma City,Thunder,OKC,0,0,,,,,,0,0,,,,,
0021500066,59,1,5,1,8:21 PM,5:56,Durant 2' Layup (5 PTS) (Westbrook 4 AST),,,4 - 13,9,4.0,201142,Kevin Durant,1610612760.0,Oklahoma City,Thunder,OKC,4,201566,Russell Westbrook,1610612760.0,Oklahoma City,Thunder,OKC,0,0,,,,,
0021500066,60,2,1,1,8:22 PM,5:39,,,MISS Carroll 24' 3PT Jump Shot,,,5.0,201960,DeMarre Carroll,1610612761.0,Toronto,Raptors,TOR,0,0,,,,,,0,0,,,,,
0021500066,61,4,0,1,8:22 PM,5:38,Ibaka REBOUND (Off:0 Def:3),,,,,4.0,201586,Serge Ibaka,1610612760.0,Oklahoma City,Thunder,OKC,0,0,,,,,,0,0,,,,,
0021500066,62,1,78,1,8:22 PM,5:29,Adams 5' Floating Jump Shot (6 PTS) (Westbrook 5 AST),,,4 - 15,11,4.0,203500,Steven Adams,1610612760.0,Oklahoma City,Thunder,OKC,4,201566,Russell Westbrook,1610612760.0,Oklahoma City,Thunder,OKC,0,0,,,,,
0021500066,63,2,63,1,8:22 PM,5:09,,,MISS DeRozan 12' Fadeaway Jumper,,,5.0,201942,DeMar DeRozan,1610612761.0,Toronto,Raptors,TOR,0,0,,,,,,0,0,,,,,
0021500066,64,4,0,1,8:22 PM,5:08,Westbrook REBOUND (Off:0 Def:2),,,,,4.0,201566,Russell Westbrook,1610612760.0,Oklahoma City,Thunder,OKC,0,0,,,,,,0,0,,,,,
0021500066,65,2,1,1,8:22 PM,4:58,MISS Durant 24' 3PT Jump Shot,,,,,4.0,201142,Kevin Durant,1610612760.0,Oklahoma City,Thunder,OKC,0,0,,,,,,0,0,,,,,
0021500066,66,4,0,1,8:22 PM,4:57,,,DeRozan REBOUND (Off:0 Def:1),,,5.0,201942,DeMar DeRozan,1610612761.0,Toronto,Raptors,TOR,0,0,,,,,,0,0,,,,,
0021500066,67,2,78,1,8:23 PM,4:42,,,MISS Carroll 4' Floating Jump Shot,,,5.0,201960,DeMarre Carroll,1610612761.0,Toronto,Raptors,TOR,0,0,,,,,,0,0,,,,,
0021500066,68,4,0,1,8:23 PM,4:41,,,Carroll REBOUND (Off:1 Def:2),,,5.0,201960,DeMarre Carroll,1610612761.0,Toronto,Raptors,TOR,0,0,,,,,,0,0,,,,,
0021500066,69,2,5,1,8:23 PM,4:40,,,MISS Carroll 1' Layup,,,5.0,201960,DeMarre Carroll,1610612761.0,Toronto,Raptors,TOR,0,0,,,,,,0,0,,,,,
0021500066,70,4,0,1,8:23 PM,4:39,,,Raptors Rebound,,,3.0,1610612761,,,,,,0,0,,,,,,0,0,,,,,
0021500066,87,8,0,1,8:23 PM,4:39,,,SUB: Biyombo FOR Valanciunas,,,5.0,202685,Jonas Valanciunas,1610612761.0,Toronto,Raptors,TOR,5,202687,Bismack Biyombo,1610612761.0,Toronto,Raptors,TOR,0,0,,,,,
0021500066,72,8,0,1,8:23 PM,4:39,,,SUB: Patterson FOR Scola,,,5.0,2449,Luis Scola,1610612761.0,Toronto,Raptors,TOR,5,202335,Patrick Patterson,1610612761.0,Toronto,Raptors,TOR,0,0,,,,,
0021500066,73,1,1,1,8:23 PM,4:32,,,Lowry 25' 3PT Jump Shot (3 PTS) (Patterson 1 AST),7 - 15,8,5.0,200768,Kyle Lowry,1610612761.0,Toronto,Raptors,TOR,5,202335,Patrick Patterson,1610612761.0,Toronto,Raptors,TOR,0,0,,,,,
0021500066,74,2,1,1,8:23 PM,4:16,MISS Westbrook 25' 3PT Jump Shot,,,,,4.0,201566,Russell Westbrook,1610612760.0,Oklahoma City,Thunder,OKC,0,0,,,,,,0,0,,,,,
0021500066,75,4,0,1,8:24 PM,4:16,,,Lowry REBOUND (Off:0 Def:1),,,5.0,200768,Kyle Lowry,1610612761.0,Toronto,Raptors,TOR,0,0,,,,,,0,0,,,,,
0021500066,76,7,5,1,8:24 PM,4:05,Adams Violation:Kicked Ball (S.Corbin),,,,,4.0,203500,Steven Adams,1610612760.0,Oklahoma City,Thunder,OKC,0,0,,,,,,1,0,,,,,
0021500066,77,6,4,1,8:24 PM,3:57,,,Patterson OFF.Foul (P1) (S.Wright),,,5.0,202335,Patrick Patterson,1610612761.0,Toronto,Raptors,TOR,4,203460,Andre Roberson,1610612760.0,Oklahoma City,Thunder,OKC,1,0,,,,,
0021500066,78,5,5,1,8:24 PM,3:57,,,Patterson Foul Turnover (P1.T3),,,5.0,202335,Patrick Patterson,1610612761.0,Toronto,Raptors,TOR,0,0,,,,,,1,0,,,,,
0021500066,80,8,0,1,8:24 PM,3:57,,,SUB: Ross FOR DeRozan,,,5.0,201942,DeMar DeRozan,1610612761.0,Toronto,Raptors,TOR,5,203082,Terrence Ross,1610612761.0,Toronto,Raptors,TOR,0,0,,,,,
0021500066,81,1,7,1,8:25 PM,3:48,Ibaka  Dunk (4 PTS) (Westbrook 6 AST),,,7 - 17,10,4.0,201586,Serge Ibaka,1610612760.0,Oklahoma City,Thunder,OKC,4,201566,Russell Westbrook,1610612760.0,Oklahoma City,Thunder,OKC,0,0,,,,,
0021500066,85,6,1,1,8:25 PM,3:38,Roberson P.FOUL (P1.T3) (S.Corbin),,,,,4.0,203460,Andre Roberson,1610612760.0,Oklahoma City,Thunder,OKC,5,202687,Bismack Biyombo,1610612761.0,Toronto,Raptors,TOR,1,0,,,,,
0021500066,88,8,0,1,8:25 PM,3:38,SUB: Kanter FOR Ibaka,,,,,4.0,201586,Serge Ibaka,1610612760.0,Oklahoma City,Thunder,OKC,4,202683,Enes Kanter,1610612760.0,Oklahoma City,Thunder,OKC,0,0,,,,,
0021500066,89,8,0,1,8:25 PM,3:38,SUB: Waiters FOR Adams,,,,,4.0,203500,Steven Adams,1610612760.0,Oklahoma City,Thunder,OKC,4,203079,Dion Waiters,1610612760.0,Oklahoma City,Thunder,OKC,0,0,,,,,
0021500066,90,8,0,1,8:25 PM,3:38,SUB: Collison FOR Roberson,,,,,4.0,203460,Andre Roberson,1610612760.0,Oklahoma City,Thunder,OKC,4,2555,Nick Collison,1610612760.0,Oklahoma City,Thunder,OKC,0,0,,,,,
0021500066,92,6,2,1,8:26 PM,3:27,Kanter S.FOUL (P1.T4) (S.Wright),,,,,4.0,202683,Enes Kanter,1610612760.0,Oklahoma City,Thunder,OKC,5,202687,Bismack Biyombo,1610612761.0,Toronto,Raptors,TOR,1,0,,,,,
0021500066,93,3,11,1,8:26 PM,3:27,,,MISS Biyombo Free Throw 1 of 2,,,5.0,202687,Bismack Biyombo,1610612761.0,Toronto,Raptors,TOR,0,0,,,,,,0,0,,,,,
0021500066,94,4,1,1,8:26 PM,3:27,,,Raptors Rebound,,,3.0,1610612761,,,,,,0,0,,,,,,0,0,,,,,
0021500066,95,3,12,1,8:26 PM,3:27,,,Biyombo Free Throw 2 of 2 (1 PTS),8 - 17,9,5.0,202687,Bismack Biyombo,1610612761.0,Toronto,Raptors,TOR,0,0,,,,,,0,0,,,,,
0021500066,97,9,1,1,8:26 PM,3:25,THUNDER Timeout: Regular (Full 1 Short 0),,,,,2.0,1610612760,,,,,,0,0,,,,,,0,0,,,,,
0021500066,101,2,5,1,8:29 PM,3:06,MISS Collison 3' Layup,,Patterson BLOCK (1 BLK),,,4.0,2555,Nick Collison,1610612760.0,Oklahoma City,Thunder,OKC,0,0,,,,,,5,202335,Patrick Patterson,1610612761.0,Toronto,Raptors,TOR
0021500066,102,4,0,1,8:29 PM,3:05,,,Biyombo REBOUND (Off:0 Def:1),,,5.0,202687,Bismack Biyombo,1610612761.0,Toronto,Raptors,TOR,0,0,,,,,,0,0,,,,,
0021500066,103,2,1,1,8:29 PM,2:55,,,MISS Lowry 18' Jump Shot,,,5.0,200768,Kyle Lowry,1610612761.0,Toronto,Raptors,TOR,0,0,,,,,,0,0,,,,,
0021500066,104,4,0,1,8:29 PM,2:55,,,Biyombo REBOUND (Off:1 Def:1),,,5.0,202687,Bismack Biyombo,1610612761.0,Toronto,Raptors,TOR,0,0,,,,,,0,0,,,,,
0021500066,105,6,1,1,8:29 PM,2:51,Collison P.FOUL (P1.PN) (S.Corbin),,,,,4.0,2555,Nick Collison,1610612760.0,Oklahoma City,Thunder,OKC,5,202687,Bismack Biyombo,1610612761.0,Toronto,Raptors,TOR,1,0,,,,,
0021500066,106,3,11,1,8:30 PM,2:51,,,Biyombo Free Throw 1 of 2 (2 PTS),9 - 17,8,5.0,202687,Bismack Biyombo,1610612761.0,Toronto,Raptors,TOR,0,0,,,,,,0,0,,,,,
0021500066,108,8,0,1,8:30 PM,2:51,,,SUB: Joseph FOR Lowry,,,5.0,200768,Kyle Lowry,1610612761.0,Toronto,Raptors,TOR,5,202709,Cory Joseph,1610612761.0,Toronto,Raptors,TOR,0,0,,,,,
0021500066,109,3,12,1,8:30 PM,2:51,,,MISS Biyombo Free Throw 2 of 2,,,5.0,202687,Bismack Biyombo,1610612761.0,Toronto,Raptors,TOR,0,0,,,,,,0,0,,,,,
0021500066,111,4,0,1,8:30 PM,2:50,Durant REBOUND (Off:0 Def:2),,,,,4.0,201142,Kevin Durant,1610612760.0,Oklahoma City,Thunder,OKC,0,0,,,,,,0,0,,,,,
0021500066,112,1,7,1,8:30 PM,2:38,Durant  Dunk (7 PTS) (Westbrook 7 AST),,,9 - 19,10,4.0,201142,Kevin Durant,1610612760.0,Oklahoma City,Thunder,OKC,4,201566,Russell Westbrook,1610612760.0,Oklahoma City,Thunder,OKC,0,0,,,,,
0021500066,113,1,42,1,8:31 PM,2:15,,,Joseph 2' Driving Layup (2 PTS),11 - 19,8,5.0,202709,Cory Joseph,1610612761.0,Toronto,Raptors,TOR,0,0,,,,,,0,0,,,,,
0021500066,114,1,5,1,8:31 PM,1:54,Kanter 1' Layup (2 PTS) (Westbrook 8 AST),,,11 - 21,10,4.0,202683,Enes Kanter,1610612760.0,Oklahoma City,Thunder,OKC,4,201566,Russell Westbrook,1610612760.0,Oklahoma City,Thunder,OKC,0,0,,,,,
0021500066,115,1,42,1,8:31 PM,1:38,,,Carroll 2' Driving Layup (2 PTS),13 - 21,8,5.0,201960,DeMarre Carroll,1610612761.0,Toronto,Raptors,TOR,0,0,,,,,,0,0,,,,,
0021500066,116,2,5,1,8:32 PM,1:23,MISS Collison 3' Layup,,,,,4.0,2555,Nick Collison,1610612760.0,Oklahoma City,Thunder,OKC,0,0,,,,,,0,0,,,,,
0021500066,117,4,0,1,8:32 PM,1:22,Waiters REBOUND (Off:1 Def:0),,,,,4.0,203079,Dion Waiters,1610612760.0,Oklahoma City,Thunder,OKC,0,0,,,,,,0,0,,,,,
0021500066,118,2,1,1,8:32 PM,1:16,MISS Waiters 15' Jump Shot,,,,,4.0,203079,Dion Waiters,1610612760.0,Oklahoma City,Thunder,OKC,0,0,,,,,,0,0,,,,,
0021500066,119,4,0,1,8:32 PM,1:15,,,Carroll REBOUND (Off:1 Def:3),,,5.0,201960,DeMarre Carroll,1610612761.0,Toronto,Raptors,TOR,0,0,,,,,,0,0,,,,,
0021500066,120,2,1,1,8:32 PM,1:07,,,MISS Patterson  3PT Jump Shot,,,5.0,202335,Patrick Patterson,1610612761.0,Toronto,Raptors,TOR,0,0,,,,,,0,0,,,,,
0021500066,121,4,0,1,8:32 PM,1:06,Kanter REBOUND (Off:0 Def:1),,,,,4.0,202683,Enes Kanter,1610612760.0,Oklahoma City,Thunder,OKC,0,0,,,,,,0,0,,,,,
0021500066,123,2,1,1,8:32 PM,0:55,MISS Durant 16' Jump Shot,,,,,4.0,201142,Kevin Durant,1610612760.0,Oklahoma City,Thunder,OKC,0,0,,,,,,0,0,,,,,
0021500066,124,4,0,1,8:32 PM,0:54,,,Joseph REBOUND (Off:0 Def:1),,,5.0,202709,Cory Joseph,1610612761.0,Toronto,Raptors,TOR,0,0,,,,,,0,0,,,,,
0021500066,126,8,0,1,8:32 PM,0:37,SUB: Singler FOR Durant,,,,,4.0,201142,Kevin Durant,1610612760.0,Oklahoma City,Thunder,OKC,4,202713,Kyle Singler,1610612760.0,Oklahoma City,Thunder,OKC,0,0,,,,,
0021500066,127,8,0,1,8:32 PM,0:37,SUB: Augustin FOR Westbrook,,,,,4.0,201566,Russell Westbrook,1610612760.0,Oklahoma City,Thunder,OKC,4,201571,D.J. Augustin,1610612760.0,Oklahoma City,Thunder,OKC,0,0,,,,,
0021500066,128,10,0,1,8:33 PM,0:37,Jump Ball Collison vs. Biyombo: Tip to Singler,,,,,4.0,2555,Nick Collison,1610612760.0,Oklahoma City,Thunder,OKC,5,202687,Bismack Biyombo,1610612761.0,Toronto,Raptors,TOR,4,202713,Kyle Singler,1610612760.0,Oklahoma City,Thunder,OKC
0021500066,129,5,2,1,8:33 PM,0:37,Collison STEAL (1 STL),,Biyombo Lost Ball Turnover (P1.T4),,,5.0,202687,Bismack Biyombo,1610612761.0,Toronto,Raptors,TOR,4,2555,Nick Collison,1610612760.0,Oklahoma City,Thunder,OKC,0,0,,,,,
0021500066,130,1,1,1,8:33 PM,0:27,Kanter 14' Jump Shot (4 PTS) (Waiters 1 AST),,,13 - 23,10,4.0,202683,Enes Kanter,1610612760.0,Oklahoma City,Thunder,OKC,4,203079,Dion Waiters,1610612760.0,Oklahoma City,Thunder,OKC,0,0,,,,,
0021500066,131,2,1,1,8:33 PM,0:04,,,MISS Ross 24' 3PT Jump Shot,,,5.0,203082,Terrence Ross,1610612761.0,Toronto,Raptors,TOR,0,0,,,,,,0,0,,,,,
0021500066,132,4,0,1,8:33 PM,0:04,Kanter REBOUND (Off:0 Def:2),,,,,4.0,202683,Enes Kanter,1610612760.0,Oklahoma City,Thunder,OKC,0,0,,,,,,0,0,,,,,
0021500066,133,5,2,1,8:33 PM,0:00,Augustin Lost Ball Turnover (P1.T5),,Patterson STEAL (1 STL),,,4.0,201571,D.J. Augustin,1610612760.0,Oklahoma City,Thunder,OKC,5,202335,Patrick Patterson,1610612761.0,Toronto,Raptors,TOR,0,0,,,,,
0021500066,134,13,0,1,8:34 PM,0:00,,,,13 - 23,10,0.0,0,,,,,,0,0,,,,,,0,0,,,,,
0021500066,136,12,0,2,8:36 PM,12:00,,,,13 - 23,10,0.0,0,,,,,,0,0,,,,,,0,0,,,,,
0021500066,137,6,1,2,8:36 PM,11:52,,,Biyombo P.FOUL (P1.T1) (S.Corbin),,,5.0,202687,Bismack Biyombo,1610612761.0,Toronto,Raptors,TOR,4,202683,Enes Kanter,1610612760.0,Oklahoma City,Thunder,OKC,1,0,,,,,
0021500066,138,1,1,2,8:37 PM,11:45,Kanter 15' Jump Shot (6 PTS) (Augustin 1 AST),,,13 - 25,12,4.0,202683,Enes Kanter,1610612760.0,Oklahoma City,Thunder,OKC,4,201571,D.J. Augustin,1610612760.0,Oklahoma City,Thunder,OKC,0,0,,,,,
0021500066,139,2,3,2,8:37 PM,11:27,,,MISS Biyombo 3' Hook Shot,,,5.0,202687,Bismack Biyombo,1610612761.0,Toronto,Raptors,TOR,0,0,,,,,,0,0,,,,,
0021500066,140,4,0,2,8:37 PM,11:27,Waiters REBOUND (Off:1 Def:1),,,,,4.0,203079,Dion Waiters,1610612760.0,Oklahoma City,Thunder,OKC,0,0,,,,,,0,0,,,,,
0021500066,141,2,5,2,8:37 PM,11:19,MISS Kanter 2' Layup,,Biyombo BLOCK (1 BLK),,,4.0,202683,Enes Kanter,1610612760.0,Oklahoma City,Thunder,OKC,0,0,,,,,,5,202687,Bismack Biyombo,1610612761.0,Toronto,Raptors,TOR
0021500066,142,4,0,2,8:37 PM,11:18,Waiters REBOUND (Off:2 Def:1),,,,,4.0,203079,Dion Waiters,1610612760.0,Oklahoma City,Thunder,OKC,0,0,,,,,,0,0,,,,,
0021500066,143,2,73,2,8:37 PM,11:11,MISS Waiters 1' Driving Reverse Layup,,,,,4.0,203079,Dion Waiters,1610612760.0,Oklahoma City,Thunder,OKC,0,0,,,,,,0,0,,,,,
0021500066,145,4,0,2,8:37 PM,11:09,Collison REBOUND (Off:1 Def:0),,,,,4.0,2555,Nick Collison,1610612760.0,Oklahoma City,Thunder,OKC,0,0,,,,,,0,0,,,,,
0021500066,144,2,5,2,8:37 PM,11:09,MISS Collison 2' Layup,,,,,4.0,2555,Nick Collison,1610612760.0,Oklahoma City,Thunder,OKC,0,0,,,,,,0,0,,,,,
0021500066,146,4,0,2,8:37 PM,11:09,,,DeRozan REBOUND (Off:0 Def:2),,,5.0,201942,DeMar DeRozan,1610612761.0,Toronto,Raptors,TOR,0,0,,,,,,0,0,,,,,
0021500066,147,1,1,2,8:38 PM,11:01,,,Ross 24' 3PT Jump Shot (3 PTS) (DeRozan 1 AST),16 - 25,9,5.0,203082,Terrence Ross,1610612761.0,Toronto,Raptors,TOR,5,201942,DeMar DeRozan,1610612761.0,Toronto,Raptors,TOR,0,0,,,,,
0021500066,148,6,4,2,8:38 PM,10:48,Augustin OFF.Foul (P1) (S.Wright),,,,,4.0,201571,D.J. Augustin,1610612760.0,Oklahoma City,Thunder,OKC,5,202687,Bismack Biyombo,1610612761.0,Toronto,Raptors,TOR,1,0,,,,,
0021500066,149,5,5,2,8:38 PM,10:48,Augustin Foul Turnover (P2.T6),,,,,4.0,201571,D.J. Augustin,1610612760.0,Oklahoma City,Thunder,OKC,0,0,,,,,,1,0,,,,,
0021500066,150,2,78,2,8:38 PM,10:27,,,MISS Joseph 9' Floating Jump Shot,,,5.0,202709,Cory Joseph,1610612761.0,Toronto,Raptors,TOR,0,0,,,,,,0,0,,,,,
0021500066,151,4,0,2,8:38 PM,10:26,,,Joseph REBOUND (Off:1 Def:1),,,5.0,202709,Cory Joseph,1610612761.0,Toronto,Raptors,TOR,0,0,,,,,,0,0,,,,,
0021500066,152,5,45,2,8:39 PM,10:22,,,Ross Out of Bounds - Bad Pass Turnover Turnover (P1.T5),,,5.0,203082,Terrence Ross,1610612761.0,Toronto,Raptors,TOR,0,0,,,,,,1,0,,,,,
0021500066,153,5,40,2,8:39 PM,10:11,Kanter Out of Bounds Lost Ball Turnover (P1.T7),,,,,4.0,202683,Enes Kanter,1610612760.0,Oklahoma City,Thunder,OKC,0,0,,,,,,1,0,,,,,
0021500066,154,2,79,2,8:39 PM,9:59,,,MISS DeRozan 9' Pullup Jump Shot,,,5.0,201942,DeMar DeRozan,1610612761.0,Toronto,Raptors,TOR,0,0,,,,,,0,0,,,,,
0021500066,155,4,0,2,8:39 PM,9:58,Collison REBOUND (Off:1 Def:1),,,,,4.0,2555,Nick Collison,1610612760.0,Oklahoma City,Thunder,OKC,0,0,,,,,,0,0,,,,,
0021500066,156,7,5,2,8:40 PM,9:48,,,Ross Violation:Kicked Ball (S.Wright),,,5.0,203082,Terrence Ross,1610612761.0,Toronto,Raptors,TOR,0,0,,,,,,1,0,,,,,
0021500066,158,2,3,2,8:40 PM,9:35,MISS Kanter 4' Hook Shot,,,,,4.0,202683,Enes Kanter,1610612760.0,Oklahoma City,Thunder,OKC,0,0,,,,,,0,0,,,,,
0021500066,159,4,0,2,8:40 PM,9:35,,,DeRozan REBOUND (Off:0 Def:3),,,5.0,201942,DeMar DeRozan,1610612761.0,Toronto,Raptors,TOR,0,0,,,,,,0,0,,,,,
0021500066,160,2,1,2,8:40 PM,9:16,,,MISS Joseph 8' Jump Shot,,,5.0,202709,Cory Joseph,1610612761.0,Toronto,Raptors,TOR,0,0,,,,,,0,0,,,,,
0021500066,161,4,0,2,8:40 PM,9:16,,,Raptors Rebound,,,3.0,1610612761,,,,,,0,0,,,,,,0,0,,,,,
0021500066,162,6,3,2,8:41 PM,9:16,Collison L.B.FOUL (P2.T1) (S.Corbin),,,,,4.0,2555,Nick Collison,1610612760.0,Oklahoma City,Thunder,OKC,5,202687,Bismack Biyombo,1610612761.0,Toronto,Raptors,TOR,1,0,,,,,
0021500066,163,6,2,2,8:41 PM,8:56,Singler S.FOUL (P1.T2) (S.Wright),,,,,4.0,202713,Kyle Singler,1610612760.0,Oklahoma City,Thunder,OKC,5,202687,Bismack Biyombo,1610612761.0,Toronto,Raptors,TOR,1,0,,,,,
0021500066,165,9,4,2,8:41 PM,8:56,,,,,,1.0,0,,,,,,0,0,,,,,,0,0,,,,,
0021500066,169,3,11,2,8:44 PM,8:56,,,Biyombo Free Throw 1 of 2 (3 PTS),17 - 25,8,5.0,202687,Bismack Biyombo,1610612761.0,Toronto,Raptors,TOR,0,0,,,,,,0,0,,,,,
0021500066,171,3,12,2,8:44 PM,8:56,,,MISS Biyombo Free Throw 2 of 2,,,5.0,202687,Bismack Biyombo,1610612761.0,Toronto,Raptors,TOR,0,0,,,,,,0,0,,,,,
0021500066,173,4,0,2,8:44 PM,8:56,Waiters REBOUND (Off:2 Def:2),,,,,4.0,203079,Dion Waiters,1610612760.0,Oklahoma City,Thunder,OKC,0,0,,,,,,0,0,,,,,
0021500066,174,5,13,2,8:44 PM,8:35,Singler Backcourt Turnover (P1.T8),,,,,4.0,202713,Kyle Singler,1610612760.0,Oklahoma City,Thunder,OKC,0,0,,,,,,1,0,,,,,
0021500066,175,8,0,2,8:45 PM,8:35,SUB: Ibaka FOR Collison,,,,,4.0,2555,Nick Collison,1610612760.0,Oklahoma City,Thunder,OKC,4,201586,Serge Ibaka,1610612760.0,Oklahoma City,Thunder,OKC,0,0,,,,,
0021500066,177,5,2,2,8:45 PM,8:25,Waiters STEAL (1 STL),,DeRozan Lost Ball Turnover (P1.T6),,,5.0,201942,DeMar DeRozan,1610612761.0,Toronto,Raptors,TOR,4,203079,Dion Waiters,1610612760.0,Oklahoma City,Thunder,OKC,0,0,,,,,
0021500066,178,1,1,2,8:45 PM,8:14,Kanter 15' Jump Shot (8 PTS) (Augustin 2 AST),,,17 - 27,10,4.0,202683,Enes Kanter,1610612760.0,Oklahoma City,Thunder,OKC,4,201571,D.J. Augustin,1610612760.0,Oklahoma City,Thunder,OKC,0,0,,,,,
0021500066,179,2,79,2,8:45 PM,7:59,,,MISS Ross 18' Pullup Jump Shot,,,5.0,203082,Terrence Ross,1610612761.0,Toronto,Raptors,TOR,0,0,,,,,,0,0,,,,,
0021500066,180,4,0,2,8:45 PM,7:58,Kanter REBOUND (Off:0 Def:3),,,,,4.0,202683,Enes Kanter,1610612760.0,Oklahoma City,Thunder,OKC,0,0,,,,,,0,0,,,,,
0021500066,181,5,2,2,8:46 PM,7:44,Augustin Lost Ball Turnover (P3.T9),,DeRozan STEAL (2 STL),,,4.0,201571,D.J. Augustin,1610612760.0,Oklahoma City,Thunder,OKC,5,201942,DeMar DeRozan,1610612761.0,Toronto,Raptors,TOR,0,0,,,,,
0021500066,182,1,7,2,8:46 PM,7:34,,,Biyombo  Dunk (5 PTS) (Joseph 1 AST),19 - 27,8,5.0,202687,Bismack Biyombo,1610612761.0,Toronto,Raptors,TOR,5,202709,Cory Joseph,1610612761.0,Toronto,Raptors,TOR,0,0,,,,,
0021500066,183,5,1,2,8:46 PM,7:14,Ibaka Bad Pass Turnover (P1.T10),,Joseph STEAL (1 STL),,,4.0,201586,Serge Ibaka,1610612760.0,Oklahoma City,Thunder,OKC,5,202709,Cory Joseph,1610612761.0,Toronto,Raptors,TOR,0,0,,,,,
0021500066,184,6,2,2,8:46 PM,7:04,Singler S.FOUL (P2.T3) (D.Taylor),,,,,4.0,202713,Kyle Singler,1610612760.0,Oklahoma City,Thunder,OKC,5,201942,DeMar DeRozan,1610612761.0,Toronto,Raptors,TOR,1,0,,,,,
0021500066,185,3,11,2,8:46 PM,7:04,,,DeRozan Free Throw 1 of 2 (1 PTS),20 - 27,7,5.0,201942,DeMar DeRozan,1610612761.0,Toronto,Raptors,TOR,0,0,,,,,,0,0,,,,,
0021500066,187,8,0,2,8:47 PM,7:04,,,SUB: Lowry FOR Ross,,,5.0,203082,Terrence Ross,1610612761.0,Toronto,Raptors,TOR,5,200768,Kyle Lowry,1610612761.0,Toronto,Raptors,TOR,0,0,,,,,
0021500066,188,3,12,2,8:47 PM,7:04,,,DeRozan Free Throw 2 of 2 (2 PTS),21 - 27,6,5.0,201942,DeMar DeRozan,1610612761.0,Toronto,Raptors,TOR,0,0,,,,,,0,0,,,,,
0021500066,190,5,1,2,8:47 PM,6:55,Augustin Bad Pass Turnover (P4.T11),,Lowry STEAL (2 STL),,,4.0,201571,D.J. Augustin,1610612760.0,Oklahoma City,Thunder,OKC,5,200768,Kyle Lowry,1610612761.0,Toronto,Raptors,TOR,0,0,,,,,
0021500066,191,6,2,2,8:47 PM,6:49,Singler S.FOUL (P3.T4) (S.Wright),,,,,4.0,202713,Kyle Singler,1610612760.0,Oklahoma City,Thunder,OKC,5,201942,DeMar DeRozan,1610612761.0,Toronto,Raptors,TOR,1,0,,,,,
0021500066,192,3,11,2,8:48 PM,6:49,,,DeRozan Free Throw 1 of 2 (3 PTS),22 - 27,5,5.0,201942,DeMar DeRozan,1610612761.0,Toronto,Raptors,TOR,0,0,,,,,,0,0,,,,,
0021500066,194,8,0,2,8:48 PM,6:49,SUB: Westbrook FOR Augustin,,,,,4.0,201571,D.J. Augustin,1610612760.0,Oklahoma City,Thunder,OKC,4,201566,Russell Westbrook,1610612760.0,Oklahoma City,Thunder,OKC,0,0,,,,,
0021500066,195,8,0,2,8:48 PM,6:49,SUB: Durant FOR Singler,,,,,4.0,202713,Kyle Singler,1610612760.0,Oklahoma City,Thunder,OKC,4,201142,Kevin Durant,1610612760.0,Oklahoma City,Thunder,OKC,0,0,,,,,
0021500066,196,8,0,2,8:48 PM,6:49,,,SUB: Carroll FOR Joseph,,,5.0,202709,Cory Joseph,1610612761.0,Toronto,Raptors,TOR,5,201960,DeMarre Carroll,1610612761.0,Toronto,Raptors,TOR,0,0,,,,,
0021500066,197,3,12,2,8:48 PM,6:49,,,DeRozan Free Throw 2 of 2 (4 PTS),23 - 27,4,5.0,201942,DeMar DeRozan,1610612761.0,Toronto,Raptors,TOR,0,0,,,,,,0,0,,,,,
0021500066,199,1,5,2,8:49 PM,6:34,Kanter 1' Layup (10 PTS) (Westbrook 9 AST),,,23 - 29,6,4.0,202683,Enes Kanter,1610612760.0,Oklahoma City,Thunder,OKC,4,201566,Russell Westbrook,1610612760.0,Oklahoma City,Thunder,OKC,0,0,,,,,
0021500066,200,5,1,2,8:49 PM,6:25,Durant STEAL (1 STL),,Lowry Bad Pass Turnover (P2.T7),,,5.0,200768,Kyle Lowry,1610612761.0,Toronto,Raptors,TOR,4,201142,Kevin Durant,1610612760.0,Oklahoma City,Thunder,OKC,0,0,,,,,
0021500066,201,2,1,2,8:49 PM,6:12,MISS Waiters 16' Jump Shot,,,,,4.0,203079,Dion Waiters,1610612760.0,Oklahoma City,Thunder,OKC,0,0,,,,,,0,0,,,,,
0021500066,202,4,0,2,8:49 PM,6:12,Kanter REBOUND (Off:1 Def:3),,,,,4.0,202683,Enes Kanter,1610612760.0,Oklahoma City,Thunder,OKC,0,0,,,,,,0,0,,,,,
0021500066,203,1,97,2,8:49 PM,6:11,Kanter 1' Tip Layup Shot (12 PTS),,,23 - 31,8,4.0,202683,Enes Kanter,1610612760.0,Oklahoma City,Thunder,OKC,0,0,,,,,,0,0,,,,,
0021500066,204,1,78,2,8:49 PM,5:49,,,DeRozan 4' Floating Jump Shot (6 PTS),25 - 31,6,5.0,201942,DeMar DeRozan,1610612761.0,Toronto,Raptors,TOR,0,0,,,,,,0,0,,,,,
0021500066,205,1,47,2,8:50 PM,5:32,Durant 9' Turnaround Jump Shot (9 PTS),,,25 - 33,8,4.0,201142,Kevin Durant,1610612760.0,Oklahoma City,Thunder,OKC,0,0,,,,,,0,0,,,,,
0021500066,206,6,2,2,8:50 PM,5:12,Waiters S.FOUL (P1.PN) (S.Corbin),,,,,4.0,203079,Dion Waiters,1610612760.0,Oklahoma City,Thunder,OKC,5,201942,DeMar DeRozan,1610612761.0,Toronto,Raptors,TOR,1,0,,,,,
0021500066,207,9,1,2,8:50 PM,5:12,THUNDER Timeout: Regular (Full 2 Short 0),,,,,2.0,1610612760,,,,,,0,0,,,,,,0,0,,,,,
0021500066,209,8,0,2,8:52 PM,5:12,SUB: Adams FOR Kanter,,,,,4.0,202683,Enes Kanter,1610612760.0,Oklahoma City,Thunder,OKC,4,203500,Steven Adams,1610612760.0,Oklahoma City,Thunder,OKC,0,0,,,,,
0021500066,210,8,0,2,8:52 PM,5:12,SUB: Roberson FOR Waiters,,,,,4.0,203079,Dion Waiters,1610612760.0,Oklahoma City,Thunder,OKC,4,203460,Andre Roberson,1610612760.0,Oklahoma City,Thunder,OKC,0,0,,,,,
0021500066,211,8,0,2,8:52 PM,5:12,,,SUB: Scola FOR Biyombo,,,5.0,202687,Bismack Biyombo,1610612761.0,Toronto,Raptors,TOR,5,2449,Luis Scola,1610612761.0,Toronto,Raptors,TOR,0,0,,,,,
0021500066,212,8,0,2,8:52 PM,5:12,,,SUB: Valanciunas FOR Patterson,,,5.0,202335,Patrick Patterson,1610612761.0,Toronto,Raptors,TOR,5,202685,Jonas Valanciunas,1610612761.0,Toronto,Raptors,TOR,0,0,,,,,
0021500066,213,3,11,2,8:52 PM,5:12,,,DeRozan Free Throw 1 of 2 (7 PTS),26 - 33,7,5.0,201942,DeMar DeRozan,1610612761.0,Toronto,Raptors,TOR,0,0,,,,,,0,0,,,,,
0021500066,215,3,12,2,8:53 PM,5:12,,,DeRozan Free Throw 2 of 2 (8 PTS),27 - 33,6,5.0,201942,DeMar DeRozan,1610612761.0,Toronto,Raptors,TOR,0,0,,,,,,0,0,,,,,
0021500066,217,2,1,2,8:53 PM,4:59,MISS Westbrook 5' Jump Shot,,,,,4.0,201566,Russell Westbrook,1610612760.0,Oklahoma City,Thunder,OKC,0,0,,,,,,0,0,,,,,
0021500066,218,4,0,2,8:53 PM,4:59,,,Scola REBOUND (Off:0 Def:2),,,5.0,2449,Luis Scola,1610612761.0,Toronto,Raptors,TOR,0,0,,,,,,0,0,,,,,
0021500066,219,1,1,2,8:53 PM,4:50,,,Lowry 25' 3PT Jump Shot (6 PTS),30 - 33,3,5.0,200768,Kyle Lowry,1610612761.0,Toronto,Raptors,TOR,0,0,,,,,,0,0,,,,,
0021500066,220,2,3,2,8:54 PM,4:29,MISS Ibaka 7' Hook Shot,,,,,4.0,201586,Serge Ibaka,1610612760.0,Oklahoma City,Thunder,OKC,0,0,,,,,,0,0,,,,,
0021500066,222,4,0,2,8:54 PM,4:28,Adams REBOUND (Off:1 Def:4),,,,,4.0,203500,Steven Adams,1610612760.0,Oklahoma City,Thunder,OKC,0,0,,,,,,0,0,,,,,
0021500066,221,1,97,2,8:54 PM,4:28,Adams 2' Tip Layup Shot (8 PTS),,,30 - 35,5,4.0,203500,Steven Adams,1610612760.0,Oklahoma City,Thunder,OKC,0,0,,,,,,0,0,,,,,
0021500066,223,2,1,2,8:54 PM,4:11,,,MISS DeRozan 3' Jump Shot,,,5.0,201942,DeMar DeRozan,1610612761.0,Toronto,Raptors,TOR,0,0,,,,,,0,0,,,,,
0021500066,224,4,0,2,8:54 PM,4:09,,,Valanciunas REBOUND (Off:1 Def:0),,,5.0,202685,Jonas Valanciunas,1610612761.0,Toronto,Raptors,TOR,0,0,,,,,,0,0,,,,,
0021500066,225,1,5,2,8:54 PM,4:09,,,Valanciunas 2' Layup (4 PTS),32 - 35,3,5.0,202685,Jonas Valanciunas,1610612761.0,Toronto,Raptors,TOR,0,0,,,,,,0,0,,,,,
0021500066,226,6,1,2,8:54 PM,3:57,,,DeRozan P.FOUL (P1.T2) (S.Corbin),,,5.0,201942,DeMar DeRozan,1610612761.0,Toronto,Raptors,TOR,4,203500,Steven Adams,1610612760.0,Oklahoma City,Thunder,OKC,1,0,,,,,
0021500066,228,2,1,2,8:55 PM,3:49,MISS Westbrook 25' 3PT Jump Shot,,,,,4.0,201566,Russell Westbrook,1610612760.0,Oklahoma City,Thunder,OKC,0,0,,,,,,0,0,,,,,
0021500066,229,4,0,2,8:55 PM,3:48,Adams REBOUND (Off:2 Def:4),,,,,4.0,203500,Steven Adams,1610612760.0,Oklahoma City,Thunder,OKC,0,0,,,,,,0,0,,,,,
0021500066,230,2,1,2,8:55 PM,3:42,MISS Roberson  3PT Jump Shot,,,,,4.0,203460,Andre Roberson,1610612760.0,Oklahoma City,Thunder,OKC,0,0,,,,,,0,0,,,,,
0021500066,231,4,0,2,8:55 PM,3:41,Ibaka REBOUND (Off:1 Def:3),,,,,4.0,201586,Serge Ibaka,1610612760.0,Oklahoma City,Thunder,OKC,0,0,,,,,,0,0,,,,,
0021500066,232,6,1,2,8:55 PM,3:35,,,Lowry P.FOUL (P2.T3) (S.Wright),,,5.0,200768,Kyle Lowry,1610612761.0,Toronto,Raptors,TOR,4,201586,Serge Ibaka,1610612760.0,Oklahoma City,Thunder,OKC,1,0,,,,,
0021500066,233,5,1,2,8:56 PM,3:20,Westbrook Bad Pass Turnover (P4.T12),,Carroll STEAL (1 STL),,,4.0,201566,Russell Westbrook,1610612760.0,Oklahoma City,Thunder,OKC,5,201960,DeMarre Carroll,1610612761.0,Toronto,Raptors,TOR,0,0,,,,,
0021500066,234,6,4,2,8:56 PM,3:14,,,Valanciunas OFF.Foul (P1) (S.Corbin),,,5.0,202685,Jonas Valanciunas,1610612761.0,Toronto,Raptors,TOR,4,203500,Steven Adams,1610612760.0,Oklahoma City,Thunder,OKC,1,0,,,,,
0021500066,235,5,5,2,8:56 PM,3:14,,,Valanciunas Foul Turnover (P1.T8),,,5.0,202685,Jonas Valanciunas,1610612761.0,Toronto,Raptors,TOR,0,0,,,,,,1,0,,,,,
0021500066,237,2,1,2,8:56 PM,3:02,MISS Durant 15' Jump Shot,,,,,4.0,201142,Kevin Durant,1610612760.0,Oklahoma City,Thunder,OKC,0,0,,,,,,0,0,,,,,
0021500066,238,4,0,2,8:56 PM,3:01,,,Valanciunas REBOUND (Off:1 Def:1),,,5.0,202685,Jonas Valanciunas,1610612761.0,Toronto,Raptors,TOR,0,0,,,,,,0,0,,,,,
0021500066,239,2,86,2,8:57 PM,2:41,,,MISS Valanciunas 6' Turnaround Fadeaway Shot,,,5.0,202685,Jonas Valanciunas,1610612761.0,Toronto,Raptors,TOR,0,0,,,,,,0,0,,,,,
0021500066,240,4,0,2,8:57 PM,2:40,Ibaka REBOUND (Off:1 Def:4),,,,,4.0,201586,Serge Ibaka,1610612760.0,Oklahoma City,Thunder,OKC,0,0,,,,,,0,0,,,,,
0021500066,241,6,2,2,8:57 PM,2:36,,,Valanciunas S.FOUL (P2.T4) (D.Taylor),,,5.0,202685,Jonas Valanciunas,1610612761.0,Toronto,Raptors,TOR,4,203460,Andre Roberson,1610612760.0,Oklahoma City,Thunder,OKC,1,0,,,,,
0021500066,242,9,1,2,8:57 PM,2:36,,,Raptors Timeout: Regular (Reg.2 Short 0),,,3.0,1610612761,,,,,,0,0,,,,,,0,0,,,,,
0021500066,245,8,0,2,8:59 PM,2:36,,,SUB: Joseph FOR DeRozan,,,5.0,201942,DeMar DeRozan,1610612761.0,Toronto,Raptors,TOR,5,202709,Cory Joseph,1610612761.0,Toronto,Raptors,TOR,0,0,,,,,
0021500066,246,3,11,2,8:59 PM,2:36,Roberson Free Throw 1 of 2 (1 PTS),,,32 - 36,4,4.0,203460,Andre Roberson,1610612760.0,Oklahoma City,Thunder,OKC,0,0,,,,,,0,0,,,,,
0021500066,248,3,12,2,8:59 PM,2:36,Roberson Free Throw 2 of 2 (2 PTS),,,32 - 37,5,4.0,203460,Andre Roberson,1610612760.0,Oklahoma City,Thunder,OKC,0,0,,,,,,0,0,,,,,
0021500066,250,6,1,2,9:00 PM,2:26,Westbrook P.FOUL (P2.PN) (S.Wright),,,,,4.0,201566,Russell Westbrook,1610612760.0,Oklahoma City,Thunder,OKC,5,200768,Kyle Lowry,1610612761.0,Toronto,Raptors,TOR,1,0,,,,,
0021500066,251,3,11,2,9:00 PM,2:26,,,Lowry Free Throw 1 of 2 (7 PTS),33 - 37,4,5.0,200768,Kyle Lowry,1610612761.0,Toronto,Raptors,TOR,0,0,,,,,,0,0,,,,,
0021500066,253,3,12,2,9:00 PM,2:26,,,Lowry Free Throw 2 of 2 (8 PTS),34 - 37,3,5.0,200768,Kyle Lowry,1610612761.0,Toronto,Raptors,TOR,0,0,,,,,,0,0,,,,,
0021500066,255,5,1,2,9:01 PM,2:16,Adams Bad Pass Turnover (P2.T13),,Carroll STEAL (2 STL),,,4.0,203500,Steven Adams,1610612760.0,Oklahoma City,Thunder,OKC,5,201960,DeMarre Carroll,1610612761.0,Toronto,Raptors,TOR,0,0,,,,,
0021500066,256,2,1,2,9:01 PM,2:08,Ibaka BLOCK (3 BLK),,MISS Carroll 4' Jump Shot,,,5.0,201960,DeMarre Carroll,1610612761.0,Toronto,Raptors,TOR,0,0,,,,,,4,201586,Serge Ibaka,1610612760.0,Oklahoma City,Thunder,OKC
0021500066,257,4,0,2,9:01 PM,2:07,Westbrook REBOUND (Off:0 Def:3),,,,,4.0,201566,Russell Westbrook,1610612760.0,Oklahoma City,Thunder,OKC,0,0,,,,,,0,0,,,,,
0021500066,258,1,71,2,9:01 PM,2:04,Durant 1' Finger Roll Layup (11 PTS) (Westbrook 10 AST),,,34 - 39,5,4.0,201142,Kevin Durant,1610612760.0,Oklahoma City,Thunder,OKC,4,201566,Russell Westbrook,1610612760.0,Oklahoma City,Thunder,OKC,0,0,,,,,
0021500066,259,2,1,2,9:01 PM,1:43,,,MISS Lowry 25' 3PT Jump Shot,,,5.0,200768,Kyle Lowry,1610612761.0,Toronto,Raptors,TOR,0,0,,,,,,0,0,,,,,
0021500066,260,4,0,2,9:01 PM,1:43,Durant REBOUND (Off:0 Def:3),,,,,4.0,201142,Kevin Durant,1610612760.0,Oklahoma City,Thunder,OKC,0,0,,,,,,0,0,,,,,
0021500066,261,5,1,2,9:01 PM,1:39,Durant Bad Pass Turnover (P1.T14),,Carroll STEAL (3 STL),,,4.0,201142,Kevin Durant,1610612760.0,Oklahoma City,Thunder,OKC,5,201960,DeMarre Carroll,1610612761.0,Toronto,Raptors,TOR,0,0,,,,,
0021500066,262,1,78,2,9:02 PM,1:34,,,Carroll 4' Floating Jump Shot (4 PTS) (Scola 1 AST),36 - 39,3,5.0,201960,DeMarre Carroll,1610612761.0,Toronto,Raptors,TOR,5,2449,Luis Scola,1610612761.0,Toronto,Raptors,TOR,0,0,,,,,
0021500066,263,2,1,2,9:02 PM,1:21,MISS Westbrook 26' 3PT Jump Shot,,,,,4.0,201566,Russell Westbrook,1610612760.0,Oklahoma City,Thunder,OKC,0,0,,,,,,0,0,,,,,
0021500066,264,4,0,2,9:02 PM,1:20,,,Valanciunas REBOUND (Off:1 Def:2),,,5.0,202685,Jonas Valanciunas,1610612761.0,Toronto,Raptors,TOR,0,0,,,,,,0,0,,,,,
0021500066,265,2,1,2,9:02 PM,1:08,,,MISS Lowry 25' 3PT Jump Shot,,,5.0,200768,Kyle Lowry,1610612761.0,Toronto,Raptors,TOR,0,0,,,,,,0,0,,,,,
0021500066,266,4,0,2,9:02 PM,1:08,Ibaka REBOUND (Off:1 Def:5),,,,,4.0,201586,Serge Ibaka,1610612760.0,Oklahoma City,Thunder,OKC,0,0,,,,,,0,0,,,,,
0021500066,267,2,7,2,9:02 PM,1:03,MISS Westbrook  Dunk,,,,,4.0,201566,Russell Westbrook,1610612760.0,Oklahoma City,Thunder,OKC,0,0,,,,,,0,0,,,,,
0021500066,268,4,0,2,9:02 PM,1:00,,,Scola REBOUND (Off:0 Def:3),,,5.0,2449,Luis Scola,1610612761.0,Toronto,Raptors,TOR,0,0,,,,,,0,0,,,,,
0021500066,269,1,3,2,9:02 PM,0:41,,,Valanciunas 3' Hook Shot (6 PTS) (Joseph 2 AST),38 - 39,1,5.0,202685,Jonas Valanciunas,1610612761.0,Toronto,Raptors,TOR,5,202709,Cory Joseph,1610612761.0,Toronto,Raptors,TOR,0,0,,,,,
0021500066,270,2,1,2,9:03 PM,0:26,MISS Adams 18' Jump Shot,,,,,4.0,203500,Steven Adams,1610612760.0,Oklahoma City,Thunder,OKC,0,0,,,,,,0,0,,,,,
0021500066,271,4,0,2,9:03 PM,0:26,,,Scola REBOUND (Off:0 Def:4),,,5.0,2449,Luis Scola,1610612761.0,Toronto,Raptors,TOR,0,0,,,,,,0,0,,,,,
0021500066,272,1,78,2,9:03 PM,0:02,,,Joseph 6' Floating Jump Shot (4 PTS),40 - 39,-1,5.0,202709,Cory Joseph,1610612761.0,Toronto,Raptors,TOR,0,0,,,,,,0,0,,,,,
0021500066,273,13,0,2,9:03 PM,0:00,,,,40 - 39,-1,0.0,0,,,,,,0,0,,,,,,0,0,,,,,
0021500066,275,12,0,3,9:19 PM,12:00,,,,40 - 39,-1,0.0,0,,,,,,0,0,,,,,,0,0,,,,,
0021500066,276,2,1,3,9:19 PM,11:48,MISS Durant 3' Jump Shot,,,,,4.0,201142,Kevin Durant,1610612760.0,Oklahoma City,Thunder,OKC,0,0,,,,,,0,0,,,,,
0021500066,277,4,0,3,9:19 PM,11:48,,,Carroll REBOUND (Off:1 Def:4),,,5.0,201960,DeMarre Carroll,1610612761.0,Toronto,Raptors,TOR,0,0,,,,,,0,0,,,,,
0021500066,278,1,3,3,9:20 PM,11:22,,,Valanciunas 1' Hook Shot (8 PTS) (DeRozan 2 AST),42 - 39,-3,5.0,202685,Jonas Valanciunas,1610612761.0,Toronto,Raptors,TOR,5,201942,DeMar DeRozan,1610612761.0,Toronto,Raptors,TOR,0,0,,,,,
0021500066,279,6,1,3,9:20 PM,11:04,,,Carroll P.FOUL (P1.T1) (S.Corbin),,,5.0,201960,DeMarre Carroll,1610612761.0,Toronto,Raptors,TOR,4,201586,Serge Ibaka,1610612760.0,Oklahoma City,Thunder,OKC,1,0,,,,,
0021500066,280,1,1,3,9:21 PM,10:59,Westbrook 24' 3PT Jump Shot (5 PTS) (Adams 1 AST),,,42 - 42,TIE,4.0,201566,Russell Westbrook,1610612760.0,Oklahoma City,Thunder,OKC,4,203500,Steven Adams,1610612760.0,Oklahoma City,Thunder,OKC,0,0,,,,,
0021500066,281,5,1,3,9:21 PM,10:44,Westbrook STEAL (1 STL),,Lowry Bad Pass Turnover (P3.T9),,,5.0,200768,Kyle Lowry,1610612761.0,Toronto,Raptors,TOR,4,201566,Russell Westbrook,1610612760.0,Oklahoma City,Thunder,OKC,0,0,,,,,
0021500066,282,1,71,3,9:21 PM,10:38,Westbrook 1' Finger Roll Layup (7 PTS),,,42 - 44,2,4.0,201566,Russell Westbrook,1610612760.0,Oklahoma City,Thunder,OKC,0,0,,,,,,0,0,,,,,
0021500066,283,2,42,3,9:21 PM,10:22,,,MISS DeRozan 3' Driving Layup,,,5.0,201942,DeMar DeRozan,1610612761.0,Toronto,Raptors,TOR,0,0,,,,,,0,0,,,,,
0021500066,284,4,0,3,9:21 PM,10:21,Durant REBOUND (Off:0 Def:4),,,,,4.0,201142,Kevin Durant,1610612760.0,Oklahoma City,Thunder,OKC,0,0,,,,,,0,0,,,,,
0021500066,285,6,1,3,9:21 PM,10:19,,,Carroll P.FOUL (P2.T2) (S.Corbin),,,5.0,201960,DeMarre Carroll,1610612761.0,Toronto,Raptors,TOR,4,201142,Kevin Durant,1610612760.0,Oklahoma City,Thunder,OKC,1,0,,,,,
0021500066,286,1,78,3,9:22 PM,10:09,Ibaka 6' Floating Jump Shot (6 PTS) (Westbrook 11 AST),,,42 - 46,4,4.0,201586,Serge Ibaka,1610612760.0,Oklahoma City,Thunder,OKC,4,201566,Russell Westbrook,1610612760.0,Oklahoma City,Thunder,OKC,0,0,,,,,
0021500066,287,6,1,3,9:22 PM,9:54,Roberson P.FOUL (P2.T1) (S.Wright),,,,,4.0,203460,Andre Roberson,1610612760.0,Oklahoma City,Thunder,OKC,5,201942,DeMar DeRozan,1610612761.0,Toronto,Raptors,TOR,1,0,,,,,
0021500066,289,6,2,3,9:22 PM,9:45,Roberson S.FOUL (P3.T2) (D.Taylor),,,,,4.0,203460,Andre Roberson,1610612760.0,Oklahoma City,Thunder,OKC,5,201942,DeMar DeRozan,1610612761.0,Toronto,Raptors,TOR,1,0,,,,,
0021500066,290,3,11,3,9:23 PM,9:45,,,DeRozan Free Throw 1 of 2 (9 PTS),43 - 46,3,5.0,201942,DeMar DeRozan,1610612761.0,Toronto,Raptors,TOR,0,0,,,,,,0,0,,,,,
0021500066,292,3,12,3,9:23 PM,9:45,,,DeRozan Free Throw 2 of 2 (10 PTS),44 - 46,2,5.0,201942,DeMar DeRozan,1610612761.0,Toronto,Raptors,TOR,0,0,,,,,,0,0,,,,,
0021500066,294,1,79,3,9:23 PM,9:30,Durant 16' Pullup Jump Shot (13 PTS),,,44 - 48,4,4.0,201142,Kevin Durant,1610612760.0,Oklahoma City,Thunder,OKC,0,0,,,,,,0,0,,,,,
0021500066,297,2,5,3,9:24 PM,9:06,Adams BLOCK (4 BLK),,MISS Carroll 1' Layup,,,5.0,201960,DeMarre Carroll,1610612761.0,Toronto,Raptors,TOR,0,0,,,,,,4,203500,Steven Adams,1610612760.0,Oklahoma City,Thunder,OKC
0021500066,298,4,0,3,9:24 PM,9:05,Roberson REBOUND (Off:0 Def:1),,,,,4.0,203460,Andre Roberson,1610612760.0,Oklahoma City,Thunder,OKC,0,0,,,,,,0,0,,,,,
0021500066,299,1,1,3,9:24 PM,8:57,Ibaka 17' Jump Shot (8 PTS) (Westbrook 12 AST),,,44 - 50,6,4.0,201586,Serge Ibaka,1610612760.0,Oklahoma City,Thunder,OKC,4,201566,Russell Westbrook,1610612760.0,Oklahoma City,Thunder,OKC,0,0,,,,,
0021500066,300,9,1,3,9:24 PM,8:50,,,Raptors Timeout: Regular (Reg.3 Short 0),,,3.0,1610612761,,,,,,0,0,,,,,,0,0,,,,,
0021500066,304,1,79,3,9:27 PM,8:35,,,DeRozan 15' Pullup Jump Shot (12 PTS),46 - 50,4,5.0,201942,DeMar DeRozan,1610612761.0,Toronto,Raptors,TOR,0,0,,,,,,0,0,,,,,
0021500066,305,2,46,3,9:27 PM,8:21,MISS Ibaka 5' Running Jump Shot,,,,,4.0,201586,Serge Ibaka,1610612760.0,Oklahoma City,Thunder,OKC,0,0,,,,,,0,0,,,,,
0021500066,306,4,0,3,9:27 PM,8:20,,,Scola REBOUND (Off:0 Def:5),,,5.0,2449,Luis Scola,1610612761.0,Toronto,Raptors,TOR,0,0,,,,,,0,0,,,,,
0021500066,307,2,5,3,9:27 PM,8:11,Durant BLOCK (2 BLK),,MISS Scola 3' Layup,,,5.0,2449,Luis Scola,1610612761.0,Toronto,Raptors,TOR,0,0,,,,,,4,201142,Kevin Durant,1610612760.0,Oklahoma City,Thunder,OKC
0021500066,308,4,0,3,9:27 PM,8:10,Durant REBOUND (Off:0 Def:5),,,,,4.0,201142,Kevin Durant,1610612760.0,Oklahoma City,Thunder,OKC,0,0,,,,,,0,0,,,,,
0021500066,309,5,40,3,9:28 PM,8:07,Westbrook Out of Bounds Lost Ball Turnover (P5.T15),,,,,4.0,201566,Russell Westbrook,1610612760.0,Oklahoma City,Thunder,OKC,0,0,,,,,,1,0,,,,,
0021500066,310,5,4,3,9:28 PM,7:53,,,Lowry Traveling Turnover (P4.T10),,,5.0,200768,Kyle Lowry,1610612761.0,Toronto,Raptors,TOR,0,0,,,,,,1,0,,,,,
0021500066,311,1,79,3,9:28 PM,7:42,Westbrook 14' Pullup Jump Shot (9 PTS),,,46 - 52,6,4.0,201566,Russell Westbrook,1610612760.0,Oklahoma City,Thunder,OKC,0,0,,,,,,0,0,,,,,
0021500066,312,1,42,3,9:29 PM,7:22,,,Valanciunas 3' Driving Layup (10 PTS),48 - 52,4,5.0,202685,Jonas Valanciunas,1610612761.0,Toronto,Raptors,TOR,0,0,,,,,,0,0,,,,,
0021500066,313,6,2,3,9:29 PM,7:22,Ibaka S.FOUL (P1.T3) (S.Corbin),,,,,4.0,201586,Serge Ibaka,1610612760.0,Oklahoma City,Thunder,OKC,5,202685,Jonas Valanciunas,1610612761.0,Toronto,Raptors,TOR,1,0,,,,,
0021500066,314,3,10,3,9:29 PM,7:22,,,Valanciunas Free Throw 1 of 1 (11 PTS),49 - 52,3,5.0,202685,Jonas Valanciunas,1610612761.0,Toronto,Raptors,TOR,0,0,,,,,,0,0,,,,,
0021500066,316,9,1,3,9:29 PM,7:14,THUNDER Timeout: Regular (Full 3 Short 0),,,,,2.0,1610612760,,,,,,0,0,,,,,,0,0,,,,,
0021500066,319,1,1,3,9:32 PM,7:08,Durant 17' Jump Shot (15 PTS) (Westbrook 13 AST),,,49 - 54,5,4.0,201142,Kevin Durant,1610612760.0,Oklahoma City,Thunder,OKC,4,201566,Russell Westbrook,1610612760.0,Oklahoma City,Thunder,OKC,0,0,,,,,
0021500066,320,1,79,3,9:32 PM,6:46,,,DeRozan 14' Pullup Jump Shot (14 PTS),51 - 54,3,5.0,201942,DeMar DeRozan,1610612761.0,Toronto,Raptors,TOR,0,0,,,,,,0,0,,,,,
0021500066,321,6,1,3,9:33 PM,6:33,,,Lowry P.FOUL (P3.T3) (S.Wright),,,5.0,200768,Kyle Lowry,1610612761.0,Toronto,Raptors,TOR,4,201566,Russell Westbrook,1610612760.0,Oklahoma City,Thunder,OKC,1,0,,,,,
0021500066,323,2,1,3,9:33 PM,6:25,MISS Roberson  3PT Jump Shot,,,,,4.0,203460,Andre Roberson,1610612760.0,Oklahoma City,Thunder,OKC,0,0,,,,,,0,0,,,,,
0021500066,324,4,0,3,9:33 PM,6:24,Adams REBOUND (Off:3 Def:4),,,,,4.0,203500,Steven Adams,1610612760.0,Oklahoma City,Thunder,OKC,0,0,,,,,,0,0,,,,,
0021500066,325,1,5,3,9:33 PM,6:24,Adams 1' Layup (10 PTS),,,51 - 56,5,4.0,203500,Steven Adams,1610612760.0,Oklahoma City,Thunder,OKC,0,0,,,,,,0,0,,,,,
0021500066,326,2,47,3,9:33 PM,6:06,,,MISS DeRozan 15' Turnaround Jump Shot,,,5.0,201942,DeMar DeRozan,1610612761.0,Toronto,Raptors,TOR,0,0,,,,,,0,0,,,,,
0021500066,327,4,0,3,9:33 PM,6:05,Durant REBOUND (Off:0 Def:6),,,,,4.0,201142,Kevin Durant,1610612760.0,Oklahoma City,Thunder,OKC,0,0,,,,,,0,0,,,,,
0021500066,328,1,1,3,9:34 PM,5:56,Roberson  3PT Jump Shot (5 PTS) (Westbrook 14 AST),,,51 - 59,8,4.0,203460,Andre Roberson,1610612760.0,Oklahoma City,Thunder,OKC,4,201566,Russell Westbrook,1610612760.0,Oklahoma City,Thunder,OKC,0,0,,,,,
0021500066,329,6,2,3,9:34 PM,5:32,Ibaka S.FOUL (P2.T4) (D.Taylor),,,,,4.0,201586,Serge Ibaka,1610612760.0,Oklahoma City,Thunder,OKC,5,201942,DeMar DeRozan,1610612761.0,Toronto,Raptors,TOR,1,0,,,,,
0021500066,330,3,11,3,9:34 PM,5:32,,,DeRozan Free Throw 1 of 2 (15 PTS),52 - 59,7,5.0,201942,DeMar DeRozan,1610612761.0,Toronto,Raptors,TOR,0,0,,,,,,0,0,,,,,
0021500066,332,8,0,3,9:35 PM,5:32,,,SUB: Patterson FOR Scola,,,5.0,2449,Luis Scola,1610612761.0,Toronto,Raptors,TOR,5,202335,Patrick Patterson,1610612761.0,Toronto,Raptors,TOR,0,0,,,,,
0021500066,333,3,12,3,9:35 PM,5:32,,,DeRozan Free Throw 2 of 2 (16 PTS),53 - 59,6,5.0,201942,DeMar DeRozan,1610612761.0,Toronto,Raptors,TOR,0,0,,,,,,0,0,,,,,
0021500066,335,6,2,3,9:35 PM,5:13,,,Valanciunas S.FOUL (P3.T4) (D.Taylor),,,5.0,202685,Jonas Valanciunas,1610612761.0,Toronto,Raptors,TOR,4,201566,Russell Westbrook,1610612760.0,Oklahoma City,Thunder,OKC,1,0,,,,,
0021500066,336,7,1,3,9:36 PM,5:13,,,Raptors Violation: Delay of game Violation,,,3.0,1610612761,,,,,,0,0,,,,,,1,0,,,,,
0021500066,337,3,11,3,9:36 PM,5:13,Westbrook Free Throw 1 of 2 (10 PTS),,,53 - 60,7,4.0,201566,Russell Westbrook,1610612760.0,Oklahoma City,Thunder,OKC,0,0,,,,,,0,0,,,,,
0021500066,339,3,12,3,9:36 PM,5:13,Westbrook Free Throw 2 of 2 (11 PTS),,,53 - 61,8,4.0,201566,Russell Westbrook,1610612760.0,Oklahoma City,Thunder,OKC,0,0,,,,,,0,0,,,,,
0021500066,341,1,1,3,9:37 PM,4:54,,,Lowry 24' 3PT Jump Shot (11 PTS) (Valanciunas 1 AST),56 - 61,5,5.0,200768,Kyle Lowry,1610612761.0,Toronto,Raptors,TOR,5,202685,Jonas Valanciunas,1610612761.0,Toronto,Raptors,TOR,0,0,,,,,
0021500066,342,1,79,3,9:37 PM,4:44,Westbrook 16' Pullup Jump Shot (13 PTS),,,56 - 63,7,4.0,201566,Russell Westbrook,1610612760.0,Oklahoma City,Thunder,OKC,0,0,,,,,,0,0,,,,,
0021500066,343,6,2,3,9:37 PM,4:28,Ibaka S.FOUL (P3.PN) (S.Wright),,,,,4.0,201586,Serge Ibaka,1610612760.0,Oklahoma City,Thunder,OKC,5,200768,Kyle Lowry,1610612761.0,Toronto,Raptors,TOR,1,0,,,,,
0021500066,344,3,11,3,9:37 PM,4:28,,,Lowry Free Throw 1 of 2 (12 PTS),57 - 63,6,5.0,200768,Kyle Lowry,1610612761.0,Toronto,Raptors,TOR,0,0,,,,,,0,0,,,,,
0021500066,346,8,0,3,9:38 PM,4:28,SUB: Collison FOR Ibaka,,,,,4.0,201586,Serge Ibaka,1610612760.0,Oklahoma City,Thunder,OKC,4,2555,Nick Collison,1610612760.0,Oklahoma City,Thunder,OKC,0,0,,,,,
0021500066,347,3,12,3,9:38 PM,4:28,,,Lowry Free Throw 2 of 2 (13 PTS),58 - 63,5,5.0,200768,Kyle Lowry,1610612761.0,Toronto,Raptors,TOR,0,0,,,,,,0,0,,,,,
0021500066,349,1,79,3,9:38 PM,4:18,Westbrook 25' 3PT Pullup Jump Shot (16 PTS),,,58 - 66,8,4.0,201566,Russell Westbrook,1610612760.0,Oklahoma City,Thunder,OKC,0,0,,,,,,0,0,,,,,
0021500066,350,1,79,3,9:38 PM,3:59,,,DeRozan 9' Pullup Jump Shot (18 PTS),60 - 66,6,5.0,201942,DeMar DeRozan,1610612761.0,Toronto,Raptors,TOR,0,0,,,,,,0,0,,,,,
0021500066,351,5,1,3,9:39 PM,3:47,Westbrook Bad Pass Turnover (P6.T16),,Patterson STEAL (2 STL),,,4.0,201566,Russell Westbrook,1610612760.0,Oklahoma City,Thunder,OKC,5,202335,Patrick Patterson,1610612761.0,Toronto,Raptors,TOR,0,0,,,,,
0021500066,352,1,7,3,9:39 PM,3:43,,,Carroll  Dunk (6 PTS) (DeRozan 3 AST),62 - 66,4,5.0,201960,DeMarre Carroll,1610612761.0,Toronto,Raptors,TOR,5,201942,DeMar DeRozan,1610612761.0,Toronto,Raptors,TOR,0,0,,,,,
0021500066,353,1,1,3,9:39 PM,3:14,Durant 24' 3PT Jump Shot (18 PTS) (Westbrook 15 AST),,,62 - 69,7,4.0,201142,Kevin Durant,1610612760.0,Oklahoma City,Thunder,OKC,4,201566,Russell Westbrook,1610612760.0,Oklahoma City,Thunder,OKC,0,0,,,,,
0021500066,354,2,1,3,9:39 PM,2:56,Durant BLOCK (3 BLK),,MISS Carroll 5' Jump Shot,,,5.0,201960,DeMarre Carroll,1610612761.0,Toronto,Raptors,TOR,0,0,,,,,,4,201142,Kevin Durant,1610612760.0,Oklahoma City,Thunder,OKC
0021500066,355,4,0,3,9:39 PM,2:56,,,Valanciunas REBOUND (Off:2 Def:2),,,5.0,202685,Jonas Valanciunas,1610612761.0,Toronto,Raptors,TOR,0,0,,,,,,0,0,,,,,
0021500066,356,2,3,3,9:39 PM,2:54,,,MISS Valanciunas 4' Hook Shot,,,5.0,202685,Jonas Valanciunas,1610612761.0,Toronto,Raptors,TOR,0,0,,,,,,0,0,,,,,
0021500066,357,4,0,3,9:40 PM,2:52,,,Valanciunas REBOUND (Off:3 Def:2),,,5.0,202685,Jonas Valanciunas,1610612761.0,Toronto,Raptors,TOR,0,0,,,,,,0,0,,,,,
0021500066,358,9,2,3,9:40 PM,2:52,,,Raptors Timeout: Short (Reg.3 Short 1),,,3.0,1610612761,,,,,,0,0,,,,,,0,0,,,,,
0021500066,360,8,0,3,9:41 PM,2:52,,,SUB: Joseph FOR DeRozan,,,5.0,201942,DeMar DeRozan,1610612761.0,Toronto,Raptors,TOR,5,202709,Cory Joseph,1610612761.0,Toronto,Raptors,TOR,0,0,,,,,
0021500066,361,1,40,3,9:41 PM,2:48,,,Carroll 2' Layup (8 PTS) (Patterson 2 AST),64 - 69,5,5.0,201960,DeMarre Carroll,1610612761.0,Toronto,Raptors,TOR,5,202335,Patrick Patterson,1610612761.0,Toronto,Raptors,TOR,0,0,,,,,
0021500066,362,6,2,3,9:41 PM,2:48,Durant S.FOUL (P1.PN) (D.Taylor),,,,,4.0,201142,Kevin Durant,1610612760.0,Oklahoma City,Thunder,OKC,5,201960,DeMarre Carroll,1610612761.0,Toronto,Raptors,TOR,1,0,,,,,
0021500066,363,3,10,3,9:41 PM,2:48,,,Carroll Free Throw 1 of 1 (9 PTS),65 - 69,4,5.0,201960,DeMarre Carroll,1610612761.0,Toronto,Raptors,TOR,0,0,,,,,,0,0,,,,,
0021500066,364,1,79,3,9:42 PM,2:38,Westbrook 20' Pullup Jump Shot (18 PTS),,,65 - 71,6,4.0,201566,Russell Westbrook,1610612760.0,Oklahoma City,Thunder,OKC,0,0,,,,,,0,0,,,,,
0021500066,365,2,86,3,9:42 PM,2:21,,,MISS Patterson 9' Turnaround Fadeaway Shot,,,5.0,202335,Patrick Patterson,1610612761.0,Toronto,Raptors,TOR,0,0,,,,,,0,0,,,,,
0021500066,366,4,0,3,9:42 PM,2:21,THUNDER Rebound,,,,,2.0,1610612760,,,,,,0,0,,,,,,0,0,,,,,
0021500066,367,6,3,3,9:42 PM,2:21,,,Carroll L.B.FOUL (P3.PN) (D.Taylor),,,5.0,201960,DeMarre Carroll,1610612761.0,Toronto,Raptors,TOR,4,201142,Kevin Durant,1610612760.0,Oklahoma City,Thunder,OKC,1,0,,,,,
0021500066,368,8,0,3,9:42 PM,2:21,SUB: Augustin FOR Westbrook,,,,,4.0,201566,Russell Westbrook,1610612760.0,Oklahoma City,Thunder,OKC,4,201571,D.J. Augustin,1610612760.0,Oklahoma City,Thunder,OKC,0,0,,,,,
0021500066,369,3,11,3,9:42 PM,2:21,Durant Free Throw 1 of 2 (19 PTS),,,65 - 72,7,4.0,201142,Kevin Durant,1610612760.0,Oklahoma City,Thunder,OKC,0,0,,,,,,0,0,,,,,
0021500066,371,3,12,3,9:42 PM,2:21,Durant Free Throw 2 of 2 (20 PTS),,,65 - 73,8,4.0,201142,Kevin Durant,1610612760.0,Oklahoma City,Thunder,OKC,0,0,,,,,,0,0,,,,,
0021500066,373,2,79,3,9:43 PM,2:10,,,MISS Lowry 25' 3PT Pullup Jump Shot,,,5.0,200768,Kyle Lowry,1610612761.0,Toronto,Raptors,TOR,0,0,,,,,,0,0,,,,,
0021500066,375,4,0,3,9:43 PM,2:08,,,Valanciunas REBOUND (Off:4 Def:2),,,5.0,202685,Jonas Valanciunas,1610612761.0,Toronto,Raptors,TOR,0,0,,,,,,0,0,,,,,
0021500066,374,1,97,3,9:43 PM,2:08,,,Valanciunas 1' Tip Layup Shot (13 PTS),67 - 73,6,5.0,202685,Jonas Valanciunas,1610612761.0,Toronto,Raptors,TOR,0,0,,,,,,0,0,,,,,
0021500066,376,2,1,3,9:43 PM,1:55,MISS Durant 11' Jump Shot,,,,,4.0,201142,Kevin Durant,1610612760.0,Oklahoma City,Thunder,OKC,0,0,,,,,,0,0,,,,,
0021500066,377,4,0,3,9:43 PM,1:54,,,Valanciunas REBOUND (Off:4 Def:3),,,5.0,202685,Jonas Valanciunas,1610612761.0,Toronto,Raptors,TOR,0,0,,,,,,0,0,,,,,
0021500066,378,1,5,3,9:43 PM,1:45,,,Patterson 2' Layup (2 PTS),69 - 73,4,5.0,202335,Patrick Patterson,1610612761.0,Toronto,Raptors,TOR,0,0,,,,,,0,0,,,,,
0021500066,379,2,1,3,9:43 PM,1:33,MISS Durant 26' 3PT Jump Shot,,,,,4.0,201142,Kevin Durant,1610612760.0,Oklahoma City,Thunder,OKC,0,0,,,,,,0,0,,,,,
0021500066,380,4,0,3,9:44 PM,1:32,,,Lowry REBOUND (Off:0 Def:2),,,5.0,200768,Kyle Lowry,1610612761.0,Toronto,Raptors,TOR,0,0,,,,,,0,0,,,,,
0021500066,381,6,1,3,9:44 PM,1:30,Adams P.FOUL (P2.PN) (S.Corbin),,,,,4.0,203500,Steven Adams,1610612760.0,Oklahoma City,Thunder,OKC,5,201960,DeMarre Carroll,1610612761.0,Toronto,Raptors,TOR,1,0,,,,,
0021500066,382,3,11,3,9:44 PM,1:30,,,Carroll Free Throw 1 of 2 (10 PTS),70 - 73,3,5.0,201960,DeMarre Carroll,1610612761.0,Toronto,Raptors,TOR,0,0,,,,,,0,0,,,,,
0021500066,384,8,0,3,9:44 PM,1:30,SUB: Waiters FOR Roberson,,,,,4.0,203460,Andre Roberson,1610612760.0,Oklahoma City,Thunder,OKC,4,203079,Dion Waiters,1610612760.0,Oklahoma City,Thunder,OKC,0,0,,,,,
0021500066,385,8,0,3,9:44 PM,1:30,SUB: Kanter FOR Adams,,,,,4.0,203500,Steven Adams,1610612760.0,Oklahoma City,Thunder,OKC,4,202683,Enes Kanter,1610612760.0,Oklahoma City,Thunder,OKC,0,0,,,,,
0021500066,386,8,0,3,9:44 PM,1:30,,,SUB: Biyombo FOR Valanciunas,,,5.0,202685,Jonas Valanciunas,1610612761.0,Toronto,Raptors,TOR,5,202687,Bismack Biyombo,1610612761.0,Toronto,Raptors,TOR,0,0,,,,,
0021500066,387,3,12,3,9:44 PM,1:30,,,Carroll Free Throw 2 of 2 (11 PTS),71 - 73,2,5.0,201960,DeMarre Carroll,1610612761.0,Toronto,Raptors,TOR,0,0,,,,,,0,0,,,,,
0021500066,389,1,1,3,9:45 PM,1:16,Waiters  3PT Jump Shot (3 PTS) (Durant 2 AST),,,71 - 76,5,4.0,203079,Dion Waiters,1610612760.0,Oklahoma City,Thunder,OKC,4,201142,Kevin Durant,1610612760.0,Oklahoma City,Thunder,OKC,0,0,,,,,
0021500066,390,5,1,3,9:45 PM,1:00,Waiters STEAL (2 STL),,Carroll Bad Pass Turnover (P1.T11),,,5.0,201960,DeMarre Carroll,1610612761.0,Toronto,Raptors,TOR,4,203079,Dion Waiters,1610612760.0,Oklahoma City,Thunder,OKC,0,0,,,,,
0021500066,391,2,1,3,9:45 PM,0:54,MISS Waiters  3PT Jump Shot,,,,,4.0,203079,Dion Waiters,1610612760.0,Oklahoma City,Thunder,OKC,0,0,,,,,,0,0,,,,,
0021500066,392,4,0,3,9:45 PM,0:54,,,Biyombo REBOUND (Off:1 Def:2),,,5.0,202687,Bismack Biyombo,1610612761.0,Toronto,Raptors,TOR,0,0,,,,,,0,0,,,,,
0021500066,393,1,42,3,9:45 PM,0:41,,,Lowry 2' Driving Layup (15 PTS),73 - 76,3,5.0,200768,Kyle Lowry,1610612761.0,Toronto,Raptors,TOR,0,0,,,,,,0,0,,,,,
0021500066,394,1,42,3,9:46 PM,0:28,Durant 2' Driving Layup (22 PTS),,,73 - 78,5,4.0,201142,Kevin Durant,1610612760.0,Oklahoma City,Thunder,OKC,0,0,,,,,,0,0,,,,,
0021500066,395,6,2,3,9:46 PM,0:08,Kanter S.FOUL (P2.PN) (D.Taylor),,,,,4.0,202683,Enes Kanter,1610612760.0,Oklahoma City,Thunder,OKC,5,200768,Kyle Lowry,1610612761.0,Toronto,Raptors,TOR,1,0,,,,,
0021500066,396,3,11,3,9:46 PM,0:08,,,MISS Lowry Free Throw 1 of 2,,,5.0,200768,Kyle Lowry,1610612761.0,Toronto,Raptors,TOR,0,0,,,,,,0,0,,,,,
0021500066,397,4,1,3,9:46 PM,0:08,,,Raptors Rebound,,,3.0,1610612761,,,,,,0,0,,,,,,0,0,,,,,
0021500066,398,3,12,3,9:47 PM,0:08,,,MISS Lowry Free Throw 2 of 2,,,5.0,200768,Kyle Lowry,1610612761.0,Toronto,Raptors,TOR,0,0,,,,,,0,0,,,,,
0021500066,400,4,0,3,9:47 PM,0:08,Durant REBOUND (Off:0 Def:7),,,,,4.0,201142,Kevin Durant,1610612760.0,Oklahoma City,Thunder,OKC,0,0,,,,,,0,0,,,,,
0021500066,401,1,1,3,9:47 PM,0:00,Kanter 25' 3PT Jump Shot (15 PTS) (Durant 3 AST),,,73 - 81,8,4.0,202683,Enes Kanter,1610612760.0,Oklahoma City,Thunder,OKC,4,201142,Kevin Durant,1610612760.0,Oklahoma City,Thunder,OKC,0,0,,,,,
0021500066,402,18,0,3,9:47 PM,0:00,,,,,,,401,,,,,,0,0,,,,,,1,0,,,,,
0021500066,404,13,0,3,9:48 PM,0:00,,,,73 - 81,8,0.0,0,,,,,,0,0,,,,,,0,0,,,,,
0021500066,406,12,0,4,9:50 PM,12:00,,,,73 - 81,8,0.0,0,,,,,,0,0,,,,,,0,0,,,,,
0021500066,407,2,1,4,9:50 PM,11:48,,,MISS Joseph 8' Jump Shot,,,5.0,202709,Cory Joseph,1610612761.0,Toronto,Raptors,TOR,0,0,,,,,,0,0,,,,,
0021500066,408,4,0,4,9:50 PM,11:47,,,Biyombo REBOUND (Off:2 Def:2),,,5.0,202687,Bismack Biyombo,1610612761.0,Toronto,Raptors,TOR,0,0,,,,,,0,0,,,,,
0021500066,409,1,42,4,9:50 PM,11:35,,,Joseph 2' Driving Layup (6 PTS),75 - 81,6,5.0,202709,Cory Joseph,1610612761.0,Toronto,Raptors,TOR,0,0,,,,,,0,0,,,,,
0021500066,410,1,78,4,9:51 PM,11:12,Collison 5' Floating Jump Shot (2 PTS) (Augustin 3 AST),,,75 - 83,8,4.0,2555,Nick Collison,1610612760.0,Oklahoma City,Thunder,OKC,4,201571,D.J. Augustin,1610612760.0,Oklahoma City,Thunder,OKC,0,0,,,,,
0021500066,411,1,1,4,9:51 PM,10:56,,,Patterson 25' 3PT Jump Shot (5 PTS) (Joseph 3 AST),78 - 83,5,5.0,202335,Patrick Patterson,1610612761.0,Toronto,Raptors,TOR,5,202709,Cory Joseph,1610612761.0,Toronto,Raptors,TOR,0,0,,,,,
0021500066,429,5,1,4,9:51 PM,10:37,Waiters Bad Pass Turnover (P1.T17),,Joseph STEAL (2 STL),,,4.0,203079,Dion Waiters,1610612760.0,Oklahoma City,Thunder,OKC,5,202709,Cory Joseph,1610612761.0,Toronto,Raptors,TOR,0,0,,,,,
0021500066,430,5,41,4,9:51 PM,10:35,Collison STEAL (2 STL),,Joseph Poss Lost Ball Turnover (P1.T12),,,5.0,202709,Cory Joseph,1610612761.0,Toronto,Raptors,TOR,4,2555,Nick Collison,1610612760.0,Oklahoma City,Thunder,OKC,0,0,,,,,
0021500066,413,2,1,4,9:52 PM,10:25,MISS Morrow 25' 3PT Jump Shot,,,,,4.0,201627,Anthony Morrow,1610612760.0,Oklahoma City,Thunder,OKC,0,0,,,,,,0,0,,,,,
0021500066,414,4,0,4,9:52 PM,10:24,Collison REBOUND (Off:2 Def:1),,,,,4.0,2555,Nick Collison,1610612760.0,Oklahoma City,Thunder,OKC,0,0,,,,,,0,0,,,,,
0021500066,415,2,78,4,9:52 PM,10:20,MISS Morrow 6' Floating Jump Shot,,,,,4.0,201627,Anthony Morrow,1610612760.0,Oklahoma City,Thunder,OKC,0,0,,,,,,0,0,,,,,
0021500066,416,4,0,4,9:52 PM,10:19,,,Ross REBOUND (Off:0 Def:1),,,5.0,203082,Terrence Ross,1610612761.0,Toronto,Raptors,TOR,0,0,,,,,,0,0,,,,,
0021500066,417,2,1,4,9:53 PM,10:06,,,MISS DeRozan 11' Jump Shot,,,5.0,201942,DeMar DeRozan,1610612761.0,Toronto,Raptors,TOR,0,0,,,,,,0,0,,,,,
0021500066,418,4,0,4,9:53 PM,10:06,Waiters REBOUND (Off:2 Def:3),,,,,4.0,203079,Dion Waiters,1610612760.0,Oklahoma City,Thunder,OKC,0,0,,,,,,0,0,,,,,
0021500066,419,1,73,4,9:53 PM,9:59,Waiters 2' Driving Reverse Layup (5 PTS),,,78 - 85,7,4.0,203079,Dion Waiters,1610612760.0,Oklahoma City,Thunder,OKC,0,0,,,,,,0,0,,,,,
0021500066,420,1,42,4,9:53 PM,9:41,,,Patterson 1' Driving Layup (7 PTS),80 - 85,5,5.0,202335,Patrick Patterson,1610612761.0,Toronto,Raptors,TOR,0,0,,,,,,0,0,,,,,
0021500066,421,2,1,4,9:53 PM,9:18,MISS Kanter 16' Jump Shot,,,,,4.0,202683,Enes Kanter,1610612760.0,Oklahoma City,Thunder,OKC,0,0,,,,,,0,0,,,,,
0021500066,422,4,0,4,9:53 PM,9:18,,,Patterson REBOUND (Off:0 Def:1),,,5.0,202335,Patrick Patterson,1610612761.0,Toronto,Raptors,TOR,0,0,,,,,,0,0,,,,,
0021500066,423,2,1,4,9:54 PM,9:06,,,MISS Ross  3PT Jump Shot,,,5.0,203082,Terrence Ross,1610612761.0,Toronto,Raptors,TOR,0,0,,,,,,0,0,,,,,
0021500066,424,4,0,4,9:54 PM,9:06,,,Biyombo REBOUND (Off:3 Def:2),,,5.0,202687,Bismack Biyombo,1610612761.0,Toronto,Raptors,TOR,0,0,,,,,,0,0,,,,,
0021500066,425,2,86,4,9:54 PM,8:42,,,MISS DeRozan 15' Turnaround Fadeaway Shot,,,5.0,201942,DeMar DeRozan,1610612761.0,Toronto,Raptors,TOR,0,0,,,,,,0,0,,,,,
0021500066,426,4,0,4,9:54 PM,8:42,Kanter REBOUND (Off:1 Def:4),,,,,4.0,202683,Enes Kanter,1610612760.0,Oklahoma City,Thunder,OKC,0,0,,,,,,0,0,,,,,
0021500066,427,1,1,4,9:54 PM,8:30,Waiters 16' Jump Shot (7 PTS) (Kanter 1 AST),,,80 - 87,7,4.0,203079,Dion Waiters,1610612760.0,Oklahoma City,Thunder,OKC,4,202683,Enes Kanter,1610612760.0,Oklahoma City,Thunder,OKC,0,0,,,,,
0021500066,428,9,1,4,9:54 PM,8:23,,,Raptors Timeout: Regular (Reg.4 Short 1),,,3.0,1610612761,,,,,,0,0,,,,,,0,0,,,,,
0021500066,432,8,0,4,9:56 PM,8:23,SUB: Ibaka FOR Collison,,,,,4.0,2555,Nick Collison,1610612760.0,Oklahoma City,Thunder,OKC,4,201586,Serge Ibaka,1610612760.0,Oklahoma City,Thunder,OKC,0,0,,,,,
0021500066,434,6,1,4,9:57 PM,8:14,Waiters P.FOUL (P2.T1) (S.Corbin),,,,,4.0,203079,Dion Waiters,1610612760.0,Oklahoma City,Thunder,OKC,5,201942,DeMar DeRozan,1610612761.0,Toronto,Raptors,TOR,1,0,,,,,
0021500066,435,1,3,4,9:58 PM,8:02,,,Biyombo 3' Hook Shot (7 PTS) (Patterson 3 AST),82 - 87,5,5.0,202687,Bismack Biyombo,1610612761.0,Toronto,Raptors,TOR,5,202335,Patrick Patterson,1610612761.0,Toronto,Raptors,TOR,0,0,,,,,
0021500066,436,2,1,4,9:58 PM,7:40,MISS Morrow 25' 3PT Jump Shot,,,,,4.0,201627,Anthony Morrow,1610612760.0,Oklahoma City,Thunder,OKC,0,0,,,,,,0,0,,,,,
0021500066,437,4,0,4,9:58 PM,7:40,,,Patterson REBOUND (Off:0 Def:2),,,5.0,202335,Patrick Patterson,1610612761.0,Toronto,Raptors,TOR,0,0,,,,,,0,0,,,,,
0021500066,441,6,1,4,9:59 PM,7:29,Augustin P.FOUL (P2.T2) (S.Wright),,,,,4.0,201571,D.J. Augustin,1610612760.0,Oklahoma City,Thunder,OKC,5,202709,Cory Joseph,1610612761.0,Toronto,Raptors,TOR,1,0,,,,,
0021500066,442,3,11,4,9:59 PM,7:29,,,MISS Joseph Free Throw 1 of 2,,,5.0,202709,Cory Joseph,1610612761.0,Toronto,Raptors,TOR,0,0,,,,,,0,0,,,,,
0021500066,443,4,1,4,9:59 PM,7:29,,,Raptors Rebound,,,3.0,1610612761,,,,,,0,0,,,,,,0,0,,,,,
0021500066,444,8,0,4,9:59 PM,7:29,SUB: Westbrook FOR Augustin,,,,,4.0,201571,D.J. Augustin,1610612760.0,Oklahoma City,Thunder,OKC,4,201566,Russell Westbrook,1610612760.0,Oklahoma City,Thunder,OKC,0,0,,,,,
0021500066,445,8,0,4,9:59 PM,7:29,SUB: Durant FOR Morrow,,,,,4.0,201627,Anthony Morrow,1610612760.0,Oklahoma City,Thunder,OKC,4,201142,Kevin Durant,1610612760.0,Oklahoma City,Thunder,OKC,0,0,,,,,
0021500066,446,3,12,4,9:59 PM,7:29,,,Joseph Free Throw 2 of 2 (7 PTS),83 - 87,4,5.0,202709,Cory Joseph,1610612761.0,Toronto,Raptors,TOR,0,0,,,,,,0,0,,,,,
0021500066,448,2,5,4,9:59 PM,7:19,MISS Westbrook 2' Layup,,Patterson BLOCK (2 BLK),,,4.0,201566,Russell Westbrook,1610612760.0,Oklahoma City,Thunder,OKC,0,0,,,,,,5,202335,Patrick Patterson,1610612761.0,Toronto,Raptors,TOR
0021500066,449,4,0,4,9:59 PM,7:18,Waiters REBOUND (Off:3 Def:3),,,,,4.0,203079,Dion Waiters,1610612760.0,Oklahoma City,Thunder,OKC,0,0,,,,,,0,0,,,,,
0021500066,450,2,5,4,10:00 PM,7:07,MISS Westbrook 2' Layup,,,,,4.0,201566,Russell Westbrook,1610612760.0,Oklahoma City,Thunder,OKC,0,0,,,,,,0,0,,,,,
0021500066,451,4,0,4,10:00 PM,7:04,,,Joseph REBOUND (Off:1 Def:2),,,5.0,202709,Cory Joseph,1610612761.0,Toronto,Raptors,TOR,0,0,,,,,,0,0,,,,,
0021500066,452,5,1,4,10:00 PM,6:59,Durant STEAL (2 STL),,DeRozan Bad Pass Turnover (P2.T13),,,5.0,201942,DeMar DeRozan,1610612761.0,Toronto,Raptors,TOR,4,201142,Kevin Durant,1610612760.0,Oklahoma City,Thunder,OKC,0,0,,,,,
0021500066,453,2,5,4,10:00 PM,6:51,MISS Westbrook 2' Layup,,,,,4.0,201566,Russell Westbrook,1610612760.0,Oklahoma City,Thunder,OKC,0,0,,,,,,0,0,,,,,
0021500066,455,4,0,4,10:00 PM,6:49,Kanter REBOUND (Off:2 Def:4),,,,,4.0,202683,Enes Kanter,1610612760.0,Oklahoma City,Thunder,OKC,0,0,,,,,,0,0,,,,,
0021500066,454,2,97,4,10:00 PM,6:49,MISS Kanter 2' Tip Layup Shot,,,,,4.0,202683,Enes Kanter,1610612760.0,Oklahoma City,Thunder,OKC,0,0,,,,,,0,0,,,,,
0021500066,456,4,0,4,10:00 PM,6:49,,,Ross REBOUND (Off:0 Def:2),,,5.0,203082,Terrence Ross,1610612761.0,Toronto,Raptors,TOR,0,0,,,,,,0,0,,,,,
0021500066,457,6,4,4,10:00 PM,6:37,,,Biyombo OFF.Foul (P2) (D.Taylor),,,5.0,202687,Bismack Biyombo,1610612761.0,Toronto,Raptors,TOR,4,201566,Russell Westbrook,1610612760.0,Oklahoma City,Thunder,OKC,1,0,,,,,
0021500066,458,5,5,4,10:00 PM,6:37,,,Biyombo Foul Turnover (P2.T14),,,5.0,202687,Bismack Biyombo,1610612761.0,Toronto,Raptors,TOR,0,0,,,,,,1,0,,,,,
0021500066,459,6,11,4,10:00 PM,6:37,,,Biyombo T.FOUL (P2.T0) (D.Taylor),,,5.0,202687,Bismack Biyombo,1610612761.0,Toronto,Raptors,TOR,0,0,,,,,,1,0,,,,,
0021500066,460,3,16,4,10:01 PM,6:37,Durant Free Throw Technical (23 PTS),,,83 - 88,5,4.0,201142,Kevin Durant,1610612760.0,Oklahoma City,Thunder,OKC,0,0,,,,,,0,0,,,,,
0021500066,462,8,0,4,10:01 PM,6:37,SUB: Adams FOR Kanter,,,,,4.0,202683,Enes Kanter,1610612760.0,Oklahoma City,Thunder,OKC,4,203500,Steven Adams,1610612760.0,Oklahoma City,Thunder,OKC,0,0,,,,,
0021500066,465,8,0,4,10:01 PM,6:37,,,SUB: Carroll FOR Ross,,,5.0,203082,Terrence Ross,1610612761.0,Toronto,Raptors,TOR,5,201960,DeMarre Carroll,1610612761.0,Toronto,Raptors,TOR,0,0,,,,,
0021500066,463,1,1,4,10:02 PM,6:23,Westbrook 26' 3PT Jump Shot (21 PTS) (Durant 4 AST),,,83 - 91,8,4.0,201566,Russell Westbrook,1610612760.0,Oklahoma City,Thunder,OKC,4,201142,Kevin Durant,1610612760.0,Oklahoma City,Thunder,OKC,0,0,,,,,
0021500066,464,6,1,4,10:02 PM,6:06,Westbrook P.FOUL (P3.T3) (D.Taylor),,,,,4.0,201566,Russell Westbrook,1610612760.0,Oklahoma City,Thunder,OKC,5,201960,DeMarre Carroll,1610612761.0,Toronto,Raptors,TOR,1,0,,,,,
0021500066,466,2,78,4,10:02 PM,5:51,,,MISS Biyombo 9' Floating Jump Shot,,,5.0,202687,Bismack Biyombo,1610612761.0,Toronto,Raptors,TOR,0,0,,,,,,0,0,,,,,
0021500066,467,4,0,4,10:02 PM,5:51,Westbrook REBOUND (Off:0 Def:4),,,,,4.0,201566,Russell Westbrook,1610612760.0,Oklahoma City,Thunder,OKC,0,0,,,,,,0,0,,,,,
0021500066,468,2,1,4,10:03 PM,5:38,MISS Ibaka 18' Jump Shot,,,,,4.0,201586,Serge Ibaka,1610612760.0,Oklahoma City,Thunder,OKC,0,0,,,,,,0,0,,,,,
0021500066,469,4,0,4,10:03 PM,5:38,,,Raptors Rebound,,,3.0,1610612761,,,,,,0,0,,,,,,0,0,,,,,
0021500066,470,9,4,4,10:03 PM,5:38,,,,,,1.0,0,,,,,,0,0,,,,,,0,0,,,,,
0021500066,473,8,0,4,10:05 PM,5:38,,,SUB: Lowry FOR Biyombo,,,5.0,202687,Bismack Biyombo,1610612761.0,Toronto,Raptors,TOR,5,200768,Kyle Lowry,1610612761.0,Toronto,Raptors,TOR,0,0,,,,,
0021500066,474,8,0,4,10:05 PM,5:38,,,SUB: Valanciunas FOR Patterson,,,5.0,202335,Patrick Patterson,1610612761.0,Toronto,Raptors,TOR,5,202685,Jonas Valanciunas,1610612761.0,Toronto,Raptors,TOR,0,0,,,,,
0021500066,476,1,73,4,10:06 PM,5:29,,,DeRozan 1' Driving Reverse Layup (20 PTS),85 - 91,6,5.0,201942,DeMar DeRozan,1610612761.0,Toronto,Raptors,TOR,0,0,,,,,,0,0,,,,,
0021500066,477,6,2,4,10:06 PM,5:29,Adams S.FOUL (P3.T4) (D.Taylor),,,,,4.0,203500,Steven Adams,1610612760.0,Oklahoma City,Thunder,OKC,5,201942,DeMar DeRozan,1610612761.0,Toronto,Raptors,TOR,1,0,,,,,
0021500066,478,3,10,4,10:06 PM,5:29,,,MISS DeRozan Free Throw 1 of 1,,,5.0,201942,DeMar DeRozan,1610612761.0,Toronto,Raptors,TOR,0,0,,,,,,0,0,,,,,
0021500066,480,4,0,4,10:06 PM,5:28,Westbrook REBOUND (Off:0 Def:5),,,,,4.0,201566,Russell Westbrook,1610612760.0,Oklahoma City,Thunder,OKC,0,0,,,,,,0,0,,,,,
0021500066,481,1,1,4,10:06 PM,5:13,Durant 17' Jump Shot (25 PTS) (Westbrook 16 AST),,,85 - 93,8,4.0,201142,Kevin Durant,1610612760.0,Oklahoma City,Thunder,OKC,4,201566,Russell Westbrook,1610612760.0,Oklahoma City,Thunder,OKC,0,0,,,,,
0021500066,482,2,46,4,10:07 PM,4:55,,,MISS DeRozan 5' Running Jump Shot,,,5.0,201942,DeMar DeRozan,1610612761.0,Toronto,Raptors,TOR,0,0,,,,,,0,0,,,,,
0021500066,483,4,0,4,10:07 PM,4:54,,,Valanciunas REBOUND (Off:5 Def:3),,,5.0,202685,Jonas Valanciunas,1610612761.0,Toronto,Raptors,TOR,0,0,,,,,,0,0,,,,,
0021500066,484,2,58,4,10:07 PM,4:53,,,MISS Valanciunas 5' Turnaround Hook Shot,,,5.0,202685,Jonas Valanciunas,1610612761.0,Toronto,Raptors,TOR,0,0,,,,,,0,0,,,,,
0021500066,485,4,0,4,10:07 PM,4:51,,,DeRozan REBOUND (Off:1 Def:3),,,5.0,201942,DeMar DeRozan,1610612761.0,Toronto,Raptors,TOR,0,0,,,,,,0,0,,,,,
0021500066,486,1,73,4,10:07 PM,4:35,,,Joseph 1' Driving Reverse Layup (9 PTS),87 - 93,6,5.0,202709,Cory Joseph,1610612761.0,Toronto,Raptors,TOR,0,0,,,,,,0,0,,,,,
0021500066,488,2,1,4,10:08 PM,4:16,MISS Westbrook 24' 3PT Jump Shot,,,,,4.0,201566,Russell Westbrook,1610612760.0,Oklahoma City,Thunder,OKC,0,0,,,,,,0,0,,,,,
0021500066,489,4,0,4,10:08 PM,4:15,,,Lowry REBOUND (Off:0 Def:3),,,5.0,200768,Kyle Lowry,1610612761.0,Toronto,Raptors,TOR,0,0,,,,,,0,0,,,,,
0021500066,490,2,5,4,10:08 PM,4:05,,,MISS Lowry 2' Layup,,,5.0,200768,Kyle Lowry,1610612761.0,Toronto,Raptors,TOR,0,0,,,,,,0,0,,,,,
0021500066,491,4,0,4,10:08 PM,4:05,THUNDER Rebound,,,,,2.0,1610612760,,,,,,0,0,,,,,,0,0,,,,,
0021500066,492,6,11,4,10:08 PM,4:05,,,Lowry T.FOUL (P3.T0) (D.Taylor),,,5.0,200768,Kyle Lowry,1610612761.0,Toronto,Raptors,TOR,0,0,,,,,,1,0,,,,,
0021500066,493,8,0,4,10:08 PM,4:05,SUB: Roberson FOR Adams,,,,,4.0,203500,Steven Adams,1610612760.0,Oklahoma City,Thunder,OKC,4,203460,Andre Roberson,1610612760.0,Oklahoma City,Thunder,OKC,0,0,,,,,
0021500066,494,3,16,4,10:08 PM,4:05,Durant Free Throw Technical (26 PTS),,,87 - 94,7,4.0,201142,Kevin Durant,1610612760.0,Oklahoma City,Thunder,OKC,0,0,,,,,,0,0,,,,,
0021500066,496,5,2,4,10:09 PM,3:51,Westbrook Lost Ball Turnover (P7.T18),,Joseph STEAL (3 STL),,,4.0,201566,Russell Westbrook,1610612760.0,Oklahoma City,Thunder,OKC,5,202709,Cory Joseph,1610612761.0,Toronto,Raptors,TOR,0,0,,,,,
0021500066,497,6,2,4,10:09 PM,3:36,Ibaka S.FOUL (P4.PN) (D.Taylor),,,,,4.0,201586,Serge Ibaka,1610612760.0,Oklahoma City,Thunder,OKC,5,201942,DeMar DeRozan,1610612761.0,Toronto,Raptors,TOR,1,0,,,,,
0021500066,498,3,11,4,10:09 PM,3:36,,,DeRozan Free Throw 1 of 2 (21 PTS),88 - 94,6,5.0,201942,DeMar DeRozan,1610612761.0,Toronto,Raptors,TOR,0,0,,,,,,0,0,,,,,
0021500066,500,3,12,4,10:10 PM,3:36,,,DeRozan Free Throw 2 of 2 (22 PTS),89 - 94,5,5.0,201942,DeMar DeRozan,1610612761.0,Toronto,Raptors,TOR,0,0,,,,,,0,0,,,,,
0021500066,502,6,2,4,10:10 PM,3:26,,,Valanciunas S.FOUL (P4.T1) (S.Wright),,,5.0,202685,Jonas Valanciunas,1610612761.0,Toronto,Raptors,TOR,4,201566,Russell Westbrook,1610612760.0,Oklahoma City,Thunder,OKC,1,0,,,,,
0021500066,503,3,11,4,10:10 PM,3:26,Westbrook Free Throw 1 of 2 (22 PTS),,,89 - 95,6,4.0,201566,Russell Westbrook,1610612760.0,Oklahoma City,Thunder,OKC,0,0,,,,,,0,0,,,,,
0021500066,505,3,12,4,10:10 PM,3:26,MISS Westbrook Free Throw 2 of 2,,,,,4.0,201566,Russell Westbrook,1610612760.0,Oklahoma City,Thunder,OKC,0,0,,,,,,0,0,,,,,
0021500066,507,4,0,4,10:11 PM,3:25,,,Joseph REBOUND (Off:1 Def:3),,,5.0,202709,Cory Joseph,1610612761.0,Toronto,Raptors,TOR,0,0,,,,,,0,0,,,,,
0021500066,508,1,78,4,10:11 PM,3:10,,,DeRozan 4' Floating Jump Shot (24 PTS),91 - 95,4,5.0,201942,DeMar DeRozan,1610612761.0,Toronto,Raptors,TOR,0,0,,,,,,0,0,,,,,
0021500066,509,2,1,4,10:11 PM,2:44,MISS Westbrook 27' 3PT Jump Shot,,,,,4.0,201566,Russell Westbrook,1610612760.0,Oklahoma City,Thunder,OKC,0,0,,,,,,0,0,,,,,
0021500066,510,4,0,4,10:11 PM,2:43,,,Valanciunas REBOUND (Off:5 Def:4),,,5.0,202685,Jonas Valanciunas,1610612761.0,Toronto,Raptors,TOR,0,0,,,,,,0,0,,,,,
0021500066,511,5,1,4,10:12 PM,2:24,Westbrook STEAL (2 STL),,Lowry Bad Pass Turnover (P5.T15),,,5.0,200768,Kyle Lowry,1610612761.0,Toronto,Raptors,TOR,4,201566,Russell Westbrook,1610612760.0,Oklahoma City,Thunder,OKC,0,0,,,,,
0021500066,512,6,2,4,10:12 PM,2:18,,,Lowry S.FOUL (P4.T2) (S.Corbin),,,5.0,200768,Kyle Lowry,1610612761.0,Toronto,Raptors,TOR,4,201586,Serge Ibaka,1610612760.0,Oklahoma City,Thunder,OKC,1,0,,,,,
0021500066,513,9,1,4,10:12 PM,2:18,THUNDER Timeout: Regular (Full 4 Short 0),,,,,2.0,1610612760,,,,,,0,0,,,,,,0,0,,,,,
0021500066,517,3,11,4,10:15 PM,2:18,Ibaka Free Throw 1 of 2 (9 PTS),,,91 - 96,5,4.0,201586,Serge Ibaka,1610612760.0,Oklahoma City,Thunder,OKC,0,0,,,,,,0,0,,,,,
0021500066,519,3,12,4,10:15 PM,2:18,Ibaka Free Throw 2 of 2 (10 PTS),,,91 - 97,6,4.0,201586,Serge Ibaka,1610612760.0,Oklahoma City,Thunder,OKC,0,0,,,,,,0,0,,,,,
0021500066,521,6,1,4,10:16 PM,2:11,Roberson P.FOUL (P4.PN) (S.Corbin),,,,,4.0,203460,Andre Roberson,1610612760.0,Oklahoma City,Thunder,OKC,5,202685,Jonas Valanciunas,1610612761.0,Toronto,Raptors,TOR,1,0,,,,,
0021500066,522,3,11,4,10:16 PM,2:11,,,Valanciunas Free Throw 1 of 2 (14 PTS),92 - 97,5,5.0,202685,Jonas Valanciunas,1610612761.0,Toronto,Raptors,TOR,0,0,,,,,,0,0,,,,,
0021500066,524,3,12,4,10:16 PM,2:11,,,Valanciunas Free Throw 2 of 2 (15 PTS),93 - 97,4,5.0,202685,Jonas Valanciunas,1610612761.0,Toronto,Raptors,TOR,0,0,,,,,,0,0,,,,,
0021500066,526,2,1,4,10:17 PM,1:57,MISS Waiters 25' 3PT Jump Shot,,,,,4.0,203079,Dion Waiters,1610612760.0,Oklahoma City,Thunder,OKC,0,0,,,,,,0,0,,,,,
0021500066,527,4,0,4,10:17 PM,1:57,,,Carroll REBOUND (Off:1 Def:5),,,5.0,201960,DeMarre Carroll,1610612761.0,Toronto,Raptors,TOR,0,0,,,,,,0,0,,,,,
0021500066,528,1,5,4,10:17 PM,1:36,,,Lowry 2' Layup (17 PTS),95 - 97,2,5.0,200768,Kyle Lowry,1610612761.0,Toronto,Raptors,TOR,0,0,,,,,,0,0,,,,,
0021500066,529,9,1,4,10:17 PM,1:25,THUNDER Timeout: Regular (Full 5 Short 0),,,,,2.0,1610612760,,,,,,0,0,,,,,,0,0,,,,,
0021500066,531,8,0,4,10:19 PM,1:25,SUB: Morrow FOR Roberson,,,,,4.0,203460,Andre Roberson,1610612760.0,Oklahoma City,Thunder,OKC,4,201627,Anthony Morrow,1610612760.0,Oklahoma City,Thunder,OKC,0,0,,,,,
0021500066,532,2,42,4,10:19 PM,1:17,MISS Westbrook 3' Driving Layup,,,,,4.0,201566,Russell Westbrook,1610612760.0,Oklahoma City,Thunder,OKC,0,0,,,,,,0,0,,,,,
0021500066,533,4,0,4,10:19 PM,1:17,,,Valanciunas REBOUND (Off:5 Def:5),,,5.0,202685,Jonas Valanciunas,1610612761.0,Toronto,Raptors,TOR,0,0,,,,,,0,0,,,,,
0021500066,534,6,1,4,10:20 PM,1:17,Ibaka P.FOUL (P5.PN) (S.Corbin),,,,,4.0,201586,Serge Ibaka,1610612760.0,Oklahoma City,Thunder,OKC,5,202685,Jonas Valanciunas,1610612761.0,Toronto,Raptors,TOR,1,0,,,,,
0021500066,535,3,11,4,10:20 PM,1:17,,,Valanciunas Free Throw 1 of 2 (16 PTS),96 - 97,1,5.0,202685,Jonas Valanciunas,1610612761.0,Toronto,Raptors,TOR,0,0,,,,,,0,0,,,,,
0021500066,537,3,12,4,10:20 PM,1:17,,,Valanciunas Free Throw 2 of 2 (17 PTS),97 - 97,TIE,5.0,202685,Jonas Valanciunas,1610612761.0,Toronto,Raptors,TOR,0,0,,,,,,0,0,,,,,
0021500066,539,2,47,4,10:21 PM,0:58,MISS Durant 14' Turnaround Jump Shot,,,,,4.0,201142,Kevin Durant,1610612760.0,Oklahoma City,Thunder,OKC,0,0,,,,,,0,0,,,,,
0021500066,540,4,0,4,10:21 PM,0:57,,,Lowry REBOUND (Off:0 Def:4),,,5.0,200768,Kyle Lowry,1610612761.0,Toronto,Raptors,TOR,0,0,,,,,,0,0,,,,,
0021500066,541,1,42,4,10:21 PM,0:47,,,DeRozan 2' Driving Layup (26 PTS),99 - 97,-2,5.0,201942,DeMar DeRozan,1610612761.0,Toronto,Raptors,TOR,0,0,,,,,,0,0,,,,,
0021500066,542,9,2,4,10:21 PM,0:47,THUNDER Timeout: Short (Full 5 Short 1),,,,,2.0,1610612760,,,,,,0,0,,,,,,0,0,,,,,
0021500066,544,2,5,4,10:22 PM,0:37,MISS Westbrook 1' Layup,,,,,4.0,201566,Russell Westbrook,1610612760.0,Oklahoma City,Thunder,OKC,0,0,,,,,,0,0,,,,,
0021500066,545,4,0,4,10:22 PM,0:36,,,DeRozan REBOUND (Off:1 Def:4),,,5.0,201942,DeMar DeRozan,1610612761.0,Toronto,Raptors,TOR,0,0,,,,,,0,0,,,,,
0021500066,546,2,1,4,10:23 PM,0:16,,,MISS DeRozan 5' Jump Shot,,,5.0,201942,DeMar DeRozan,1610612761.0,Toronto,Raptors,TOR,0,0,,,,,,0,0,,,,,
0021500066,547,4,0,4,10:23 PM,0:16,,,Carroll REBOUND (Off:2 Def:5),,,5.0,201960,DeMarre Carroll,1610612761.0,Toronto,Raptors,TOR,0,0,,,,,,0,0,,,,,
0021500066,548,6,1,4,10:23 PM,0:16,Westbrook P.FOUL (P4.PN) (S.Wright),,,,,4.0,201566,Russell Westbrook,1610612760.0,Oklahoma City,Thunder,OKC,5,201960,DeMarre Carroll,1610612761.0,Toronto,Raptors,TOR,1,0,,,,,
0021500066,550,3,11,4,10:23 PM,0:16,,,Carroll Free Throw 1 of 2 (12 PTS),100 - 97,-3,5.0,201960,DeMarre Carroll,1610612761.0,Toronto,Raptors,TOR,0,0,,,,,,0,0,,,,,
0021500066,552,3,12,4,10:23 PM,0:16,,,Carroll Free Throw 2 of 2 (13 PTS),101 - 97,-4,5.0,201960,DeMarre Carroll,1610612761.0,Toronto,Raptors,TOR,0,0,,,,,,0,0,,,,,
0021500066,554,9,2,4,10:24 PM,0:16,THUNDER Timeout: Short (Full 5 Short 2),,,,,2.0,1610612760,,,,,,0,0,,,,,,0,0,,,,,
0021500066,558,6,2,4,10:25 PM,0:14,,,Valanciunas S.FOUL (P5.T3) (S.Wright),,,5.0,202685,Jonas Valanciunas,1610612761.0,Toronto,Raptors,TOR,4,201142,Kevin Durant,1610612760.0,Oklahoma City,Thunder,OKC,1,0,,,,,
0021500066,559,3,11,4,10:25 PM,0:14,Durant Free Throw 1 of 2 (27 PTS),,,101 - 98,-3,4.0,201142,Kevin Durant,1610612760.0,Oklahoma City,Thunder,OKC,0,0,,,,,,0,0,,,,,
0021500066,561,3,12,4,10:25 PM,0:14,MISS Durant Free Throw 2 of 2,,,,,4.0,201142,Kevin Durant,1610612760.0,Oklahoma City,Thunder,OKC,0,0,,,,,,0,0,,,,,
0021500066,563,4,0,4,10:26 PM,0:11,,,Valanciunas REBOUND (Off:5 Def:6),,,5.0,202685,Jonas Valanciunas,1610612761.0,Toronto,Raptors,TOR,0,0,,,,,,0,0,,,,,
0021500066,564,10,0,4,10:26 PM,0:11,Jump Ball Ibaka vs. Valanciunas: Tip to DeRozan,,,,,4.0,201586,Serge Ibaka,1610612760.0,Oklahoma City,Thunder,OKC,5,202685,Jonas Valanciunas,1610612761.0,Toronto,Raptors,TOR,5,201942,DeMar DeRozan,1610612761.0,Toronto,Raptors,TOR
0021500066,565,6,28,4,10:27 PM,0:09,Morrow Personal Take Foul (P1.PN) (S.Corbin),,,,,4.0,201627,Anthony Morrow,1610612760.0,Oklahoma City,Thunder,OKC,5,201942,DeMar DeRozan,1610612761.0,Toronto,Raptors,TOR,1,0,,,,,
0021500066,567,3,11,4,10:27 PM,0:09,,,DeRozan Free Throw 1 of 2 (27 PTS),102 - 98,-4,5.0,201942,DeMar DeRozan,1610612761.0,Toronto,Raptors,TOR,0,0,,,,,,0,0,,,,,
0021500066,569,3,12,4,10:27 PM,0:09,,,DeRozan Free Throw 2 of 2 (28 PTS),103 - 98,-5,5.0,201942,DeMar DeRozan,1610612761.0,Toronto,Raptors,TOR,0,0,,,,,,0,0,,,,,
0021500066,571,5,2,4,10:27 PM,0:06,Westbrook Lost Ball Turnover (P8.T19),,Carroll STEAL (4 STL),,,4.0,201566,Russell Westbrook,1610612760.0,Oklahoma City,Thunder,OKC,5,201960,DeMarre Carroll,1610612761.0,Toronto,Raptors,TOR,0,0,,,,,
0021500066,572,13,0,4,10:28 PM,0:00,,,,103 - 98,-5,0.0,0,,,,,,0,0,,,,,,0,0,,,,,
