GAME_ID,EVENTNUM,EVENTMSGTYPE,EVENTMSGACTIONTYPE,PERIOD,WCTIMESTRING,PCTIMESTRING,HOMEDESCRIPTION,NEUTRALDESCRIPTION,VISITORDESCRIPTION,SCORE,SCOREMARGIN,PERSON1TYPE,PLAYER1_ID,PLAYER1_NAME,PLAYER1_TEAM_ID,PLAYER1_TEAM_CITY,PLAYER1_TEAM_NICKNAME,PLAYER1_TEAM_ABBREVIATION,PERSON2TYPE,PLAYER2_ID,PLAYER2_NAME,PLAYER2_TEAM_ID,PLAYER2_TEAM_CITY,PLAYER2_TEAM_NICKNAME,PLAYER2_TEAM_ABBREVIATION,PERSON3TYPE,PLAYER3_ID,PLAYER3_NAME,PLAYER3_TEAM_ID,PLAYER3_TEAM_CITY,PLAYER3_TEAM_NICKNAME,PLAYER3_TEAM_ABBREVIATION
0021500215,0,12,0,1,7:12 PM,12:00,,,,,,0.0,0,,,,,,0,0,,,,,,0,0,,,,,
0021500215,1,10,0,1,7:12 PM,12:00,Jump Ball Jefferson vs. Gortat: Tip to Humphries,,,,,4.0,2744,Al Jefferson,1610612766.0,Charlotte,Hornets,CHA,5,101162,Marcin Gortat,1610612764.0,Washington,Wizards,WAS,5,2743,Kris Humphries,1610612764.0,Washington,Wizards,WAS
0021500215,2,2,1,1,7:12 PM,11:42,,,MISS Humphries  3PT Jump Shot,,,5.0,2743,Kris Humphries,1610612764.0,Washington,Wizards,WAS,0,0,,,,,,0,0,,,,,
0021500215,3,4,0,1,7:13 PM,11:39,,,Gortat REBOUND (Off:1 Def:0),,,5.0,101162,Marcin Gortat,1610612764.0,Washington,Wizards,WAS,0,0,,,,,,0,0,,,,,
0021500215,4,1,3,1,7:13 PM,11:35,,,Gortat 3' Hook Shot (2 PTS),2 - 0,-2,5.0,101162,Marcin Gortat,1610612764.0,Washington,Wizards,WAS,0,0,,,,,,0,0,,,,,
0021500215,5,5,2,1,7:13 PM,11:18,Williams Lost Ball Turnover (P1.T1),,Wall STEAL (1 STL),,,4.0,101107,Marvin Williams,1610612766.0,Charlotte,Hornets,CHA,5,202322,John Wall,1610612764.0,Washington,Wizards,WAS,0,0,,,,,
0021500215,6,5,1,1,7:13 PM,11:13,Batum STEAL (1 STL),,Wall Bad Pass Turnover (P1.T1),,,5.0,202322,John Wall,1610612764.0,Washington,Wizards,WAS,4,201587,Nicolas Batum,1610612766.0,Charlotte,Hornets,CHA,0,0,,,,,
0021500215,7,2,5,1,7:13 PM,11:06,MISS Walker 3' Layup,,Beal BLOCK (1 BLK),,,4.0,202689,Kemba Walker,1610612766.0,Charlotte,Hornets,CHA,0,0,,,,,,5,203078,Bradley Beal,1610612764.0,Washington,Wizards,WAS
0021500215,8,4,0,1,7:13 PM,11:04,,,Gortat REBOUND (Off:1 Def:1),,,5.0,101162,Marcin Gortat,1610612764.0,Washington,Wizards,WAS,0,0,,,,,,0,0,,,,,
0021500215,9,1,1,1,7:13 PM,10:52,,,Wall 26' 3PT Jump Shot (3 PTS) (Porter Jr. 1 AST),5 - 0,-5,5.0,202322,John Wall,1610612764.0,Washington,Wizards,WAS,5,203490,Otto Porter Jr.,1610612764.0,Washington,Wizards,WAS,0,0,,,,,
0021500215,10,2,1,1,7:14 PM,10:38,MISS Jefferson 6' Jump Shot,,,,,4.0,2744,Al Jefferson,1610612766.0,Charlotte,Hornets,CHA,0,0,,,,,,0,0,,,,,
0021500215,11,4,0,1,7:14 PM,10:37,,,Humphries REBOUND (Off:0 Def:1),,,5.0,2743,Kris Humphries,1610612764.0,Washington,Wizards,WAS,0,0,,,,,,0,0,,,,,
0021500215,12,2,1,1,7:14 PM,10:29,,,MISS Wall 19' Jump Shot,,,5.0,202322,John Wall,1610612764.0,Washington,Wizards,WAS,0,0,,,,,,0,0,,,,,
0021500215,13,4,0,1,7:14 PM,10:27,Williams REBOUND (Off:0 Def:1),,,,,4.0,101107,Marvin Williams,1610612766.0,Charlotte,Hornets,CHA,0,0,,,,,,0,0,,,,,
0021500215,14,2,46,1,7:14 PM,10:18,MISS Batum 4' Running Jump Shot,,,,,4.0,201587,Nicolas Batum,1610612766.0,Charlotte,Hornets,CHA,0,0,,,,,,0,0,,,,,
0021500215,15,4,0,1,7:14 PM,10:17,,,Humphries REBOUND (Off:0 Def:2),,,5.0,2743,Kris Humphries,1610612764.0,Washington,Wizards,WAS,0,0,,,,,,0,0,,,,,
0021500215,16,2,1,1,7:14 PM,10:03,,,MISS Beal 19' Jump Shot,,,5.0,203078,Bradley Beal,1610612764.0,Washington,Wizards,WAS,0,0,,,,,,0,0,,,,,
0021500215,17,4,0,1,7:14 PM,10:02,Batum REBOUND (Off:0 Def:1),,,,,4.0,201587,Nicolas Batum,1610612766.0,Charlotte,Hornets,CHA,0,0,,,,,,0,0,,,,,
0021500215,18,2,5,1,7:14 PM,9:56,MISS Batum 2' Layup,,,,,4.0,201587,Nicolas Batum,1610612766.0,Charlotte,Hornets,CHA,0,0,,,,,,0,0,,,,,
0021500215,20,4,0,1,7:14 PM,9:55,Williams REBOUND (Off:1 Def:1),,,,,4.0,101107,Marvin Williams,1610612766.0,Charlotte,Hornets,CHA,0,0,,,,,,0,0,,,,,
0021500215,19,1,72,1,7:14 PM,9:55,Williams 2' Putback Layup (2 PTS),,,5 - 2,-3,4.0,101107,Marvin Williams,1610612766.0,Charlotte,Hornets,CHA,0,0,,,,,,0,0,,,,,
0021500215,21,2,3,1,7:15 PM,9:33,,,MISS Gortat 10' Hook Shot,,,5.0,101162,Marcin Gortat,1610612764.0,Washington,Wizards,WAS,0,0,,,,,,0,0,,,,,
0021500215,22,4,0,1,7:15 PM,9:31,Williams REBOUND (Off:1 Def:2),,,,,4.0,101107,Marvin Williams,1610612766.0,Charlotte,Hornets,CHA,0,0,,,,,,0,0,,,,,
0021500215,23,5,2,1,7:15 PM,9:23,Walker Lost Ball Turnover (P1.T2),,Wall STEAL (2 STL),,,4.0,202689,Kemba Walker,1610612766.0,Charlotte,Hornets,CHA,5,202322,John Wall,1610612764.0,Washington,Wizards,WAS,0,0,,,,,
0021500215,24,1,5,1,7:15 PM,9:18,,,Wall 2' Layup (5 PTS) (Porter Jr. 2 AST),7 - 2,-5,5.0,202322,John Wall,1610612764.0,Washington,Wizards,WAS,5,203490,Otto Porter Jr.,1610612764.0,Washington,Wizards,WAS,0,0,,,,,
0021500215,25,1,1,1,7:15 PM,9:00,Williams 24' 3PT Jump Shot (5 PTS) (Hairston 1 AST),,,7 - 5,-2,4.0,101107,Marvin Williams,1610612766.0,Charlotte,Hornets,CHA,4,203798,PJ Hairston,1610612766.0,Charlotte,Hornets,CHA,0,0,,,,,
0021500215,26,2,1,1,7:15 PM,8:43,,,MISS Wall 27' 3PT Jump Shot,,,5.0,202322,John Wall,1610612764.0,Washington,Wizards,WAS,0,0,,,,,,0,0,,,,,
0021500215,27,4,0,1,7:16 PM,8:42,HORNETS Rebound,,,,,2.0,1610612766,,,,,,0,0,,,,,,0,0,,,,,
0021500215,28,2,1,1,7:16 PM,8:34,MISS Walker 25' 3PT Jump Shot,,,,,4.0,202689,Kemba Walker,1610612766.0,Charlotte,Hornets,CHA,0,0,,,,,,0,0,,,,,
0021500215,29,4,0,1,7:16 PM,8:33,,,Gortat REBOUND (Off:1 Def:2),,,5.0,101162,Marcin Gortat,1610612764.0,Washington,Wizards,WAS,0,0,,,,,,0,0,,,,,
0021500215,30,1,1,1,7:16 PM,8:24,,,Beal 27' 3PT Jump Shot (3 PTS),10 - 5,-5,5.0,203078,Bradley Beal,1610612764.0,Washington,Wizards,WAS,0,0,,,,,,0,0,,,,,
0021500215,31,1,5,1,7:16 PM,8:11,Jefferson 3' Layup (2 PTS) (Hairston 2 AST),,,10 - 7,-3,4.0,2744,Al Jefferson,1610612766.0,Charlotte,Hornets,CHA,4,203798,PJ Hairston,1610612766.0,Charlotte,Hornets,CHA,0,0,,,,,
0021500215,32,5,1,1,7:16 PM,7:55,Williams STEAL (1 STL),,Wall Bad Pass Turnover (P2.T2),,,5.0,202322,John Wall,1610612764.0,Washington,Wizards,WAS,4,101107,Marvin Williams,1610612766.0,Charlotte,Hornets,CHA,0,0,,,,,
0021500215,33,2,1,1,7:17 PM,7:43,MISS Walker 6' Jump Shot,,Humphries BLOCK (1 BLK),,,4.0,202689,Kemba Walker,1610612766.0,Charlotte,Hornets,CHA,0,0,,,,,,5,2743,Kris Humphries,1610612764.0,Washington,Wizards,WAS
0021500215,34,4,0,1,7:17 PM,7:41,,,Wall REBOUND (Off:0 Def:1),,,5.0,202322,John Wall,1610612764.0,Washington,Wizards,WAS,0,0,,,,,,0,0,,,,,
0021500215,35,2,5,1,7:17 PM,7:37,,,MISS Wall 2' Layup,,,5.0,202322,John Wall,1610612764.0,Washington,Wizards,WAS,0,0,,,,,,0,0,,,,,
0021500215,37,4,0,1,7:17 PM,7:35,,,Wall REBOUND (Off:1 Def:1),,,5.0,202322,John Wall,1610612764.0,Washington,Wizards,WAS,0,0,,,,,,0,0,,,,,
0021500215,36,2,5,1,7:17 PM,7:35,,,MISS Wall 2' Layup,,,5.0,202322,John Wall,1610612764.0,Washington,Wizards,WAS,0,0,,,,,,0,0,,,,,
0021500215,38,4,0,1,7:17 PM,7:33,,,Humphries REBOUND (Off:1 Def:2),,,5.0,2743,Kris Humphries,1610612764.0,Washington,Wizards,WAS,0,0,,,,,,0,0,,,,,
0021500215,39,1,1,1,7:17 PM,7:27,,,Beal 24' 3PT Jump Shot (6 PTS) (Humphries 1 AST),13 - 7,-6,5.0,203078,Bradley Beal,1610612764.0,Washington,Wizards,WAS,5,2743,Kris Humphries,1610612764.0,Washington,Wizards,WAS,0,0,,,,,
0021500215,40,9,1,1,7:17 PM,7:23,HORNETS Timeout: Regular (Full 1 Short 0),,,,,2.0,1610612766,,,,,,0,0,,,,,,0,0,,,,,
0021500215,42,1,1,1,7:20 PM,7:13,Williams 26' 3PT Jump Shot (8 PTS) (Batum 1 AST),,,13 - 10,-3,4.0,101107,Marvin Williams,1610612766.0,Charlotte,Hornets,CHA,4,201587,Nicolas Batum,1610612766.0,Charlotte,Hornets,CHA,0,0,,,,,
0021500215,43,1,1,1,7:20 PM,7:02,,,Beal 26' 3PT Jump Shot (9 PTS),16 - 10,-6,5.0,203078,Bradley Beal,1610612764.0,Washington,Wizards,WAS,0,0,,,,,,0,0,,,,,
0021500215,44,1,1,1,7:20 PM,6:39,Hairston 26' 3PT Jump Shot (3 PTS) (Batum 2 AST),,,16 - 13,-3,4.0,203798,PJ Hairston,1610612766.0,Charlotte,Hornets,CHA,4,201587,Nicolas Batum,1610612766.0,Charlotte,Hornets,CHA,0,0,,,,,
0021500215,45,2,1,1,7:20 PM,6:27,,,MISS Beal 26' 3PT Jump Shot,,,5.0,203078,Bradley Beal,1610612764.0,Washington,Wizards,WAS,0,0,,,,,,0,0,,,,,
0021500215,46,4,0,1,7:20 PM,6:25,Jefferson REBOUND (Off:0 Def:1),,,,,4.0,2744,Al Jefferson,1610612766.0,Charlotte,Hornets,CHA,0,0,,,,,,0,0,,,,,
0021500215,50,2,40,1,7:20 PM,6:09,MISS Walker 1' Layup,,Gortat BLOCK (1 BLK),,,4.0,202689,Kemba Walker,1610612766.0,Charlotte,Hornets,CHA,0,0,,,,,,5,101162,Marcin Gortat,1610612764.0,Washington,Wizards,WAS
0021500215,48,4,0,1,7:21 PM,6:08,,,Humphries REBOUND (Off:1 Def:3),,,5.0,2743,Kris Humphries,1610612764.0,Washington,Wizards,WAS,0,0,,,,,,0,0,,,,,
0021500215,49,5,4,1,7:21 PM,5:58,,,Humphries Traveling Turnover (P1.T3),,,5.0,2743,Kris Humphries,1610612764.0,Washington,Wizards,WAS,0,0,,,,,,1,0,,,,,
0021500215,51,2,1,1,7:21 PM,5:35,MISS Hairston 25' 3PT Jump Shot,,,,,4.0,203798,PJ Hairston,1610612766.0,Charlotte,Hornets,CHA,0,0,,,,,,0,0,,,,,
0021500215,52,4,0,1,7:21 PM,5:32,,,Wall REBOUND (Off:1 Def:2),,,5.0,202322,John Wall,1610612764.0,Washington,Wizards,WAS,0,0,,,,,,0,0,,,,,
0021500215,53,2,1,1,7:22 PM,5:24,Walker BLOCK (1 BLK),,MISS Wall 4' Jump Shot,,,5.0,202322,John Wall,1610612764.0,Washington,Wizards,WAS,0,0,,,,,,4,202689,Kemba Walker,1610612766.0,Charlotte,Hornets,CHA
0021500215,54,4,0,1,7:22 PM,5:22,,,Porter Jr. REBOUND (Off:1 Def:0),,,5.0,203490,Otto Porter Jr.,1610612764.0,Washington,Wizards,WAS,0,0,,,,,,0,0,,,,,
0021500215,55,2,1,1,7:22 PM,5:18,,,MISS Wall 24' 3PT Jump Shot,,,5.0,202322,John Wall,1610612764.0,Washington,Wizards,WAS,0,0,,,,,,0,0,,,,,
0021500215,56,4,0,1,7:22 PM,5:15,,,Wall REBOUND (Off:2 Def:2),,,5.0,202322,John Wall,1610612764.0,Washington,Wizards,WAS,0,0,,,,,,0,0,,,,,
0021500215,57,1,1,1,7:22 PM,5:08,,,Porter Jr. 25' 3PT Jump Shot (3 PTS) (Wall 1 AST),19 - 13,-6,5.0,203490,Otto Porter Jr.,1610612764.0,Washington,Wizards,WAS,5,202322,John Wall,1610612764.0,Washington,Wizards,WAS,0,0,,,,,
0021500215,58,5,1,1,7:22 PM,4:47,Williams Bad Pass Turnover (P2.T3),,Wall STEAL (3 STL),,,4.0,101107,Marvin Williams,1610612766.0,Charlotte,Hornets,CHA,5,202322,John Wall,1610612764.0,Washington,Wizards,WAS,0,0,,,,,
0021500215,59,5,40,1,7:22 PM,4:47,,,Wall Out of Bounds Lost Ball Turnover (P3.T4),,,5.0,202322,John Wall,1610612764.0,Washington,Wizards,WAS,0,0,,,,,,0,0,,,,,
0021500215,60,8,0,1,7:22 PM,4:47,,,SUB: Dudley FOR Humphries,,,5.0,2743,Kris Humphries,1610612764.0,Washington,Wizards,WAS,5,201162,Jared Dudley,1610612764.0,Washington,Wizards,WAS,0,0,,,,,
0021500215,61,8,0,1,7:23 PM,4:47,SUB: Zeller FOR Williams,,,,,4.0,101107,Marvin Williams,1610612766.0,Charlotte,Hornets,CHA,4,203469,Cody Zeller,1610612766.0,Charlotte,Hornets,CHA,0,0,,,,,
0021500215,62,1,1,1,7:23 PM,4:41,Batum 27' 3PT Jump Shot (3 PTS) (Jefferson 1 AST),,,19 - 16,-3,4.0,201587,Nicolas Batum,1610612766.0,Charlotte,Hornets,CHA,4,2744,Al Jefferson,1610612766.0,Charlotte,Hornets,CHA,0,0,,,,,
0021500215,63,6,2,1,7:23 PM,4:25,Hairston S.FOUL (P1.T1) (K.Scott),,,,,4.0,203798,PJ Hairston,1610612766.0,Charlotte,Hornets,CHA,5,101162,Marcin Gortat,1610612764.0,Washington,Wizards,WAS,1,0,,,,,
0021500215,64,3,11,1,7:23 PM,4:25,,,Gortat Free Throw 1 of 2 (3 PTS),20 - 16,-4,5.0,101162,Marcin Gortat,1610612764.0,Washington,Wizards,WAS,0,0,,,,,,0,0,,,,,
0021500215,66,3,12,1,7:24 PM,4:25,,,MISS Gortat Free Throw 2 of 2,,,5.0,101162,Marcin Gortat,1610612764.0,Washington,Wizards,WAS,0,0,,,,,,0,0,,,,,
0021500215,68,4,0,1,7:24 PM,4:23,Zeller REBOUND (Off:0 Def:1),,,,,4.0,203469,Cody Zeller,1610612766.0,Charlotte,Hornets,CHA,0,0,,,,,,0,0,,,,,
0021500215,69,1,1,1,7:24 PM,4:08,Jefferson 4' Jump Shot (4 PTS) (Batum 3 AST),,,20 - 18,-2,4.0,2744,Al Jefferson,1610612766.0,Charlotte,Hornets,CHA,4,201587,Nicolas Batum,1610612766.0,Charlotte,Hornets,CHA,0,0,,,,,
0021500215,70,1,1,1,7:24 PM,3:42,,,Wall 20' Jump Shot (7 PTS),22 - 18,-4,5.0,202322,John Wall,1610612764.0,Washington,Wizards,WAS,0,0,,,,,,0,0,,,,,
0021500215,71,1,1,1,7:25 PM,3:23,Jefferson 19' Jump Shot (6 PTS) (Batum 4 AST),,,22 - 20,-2,4.0,2744,Al Jefferson,1610612766.0,Charlotte,Hornets,CHA,4,201587,Nicolas Batum,1610612766.0,Charlotte,Hornets,CHA,0,0,,,,,
0021500215,72,2,1,1,7:25 PM,3:04,,,MISS Porter Jr.  3PT Jump Shot,,,5.0,203490,Otto Porter Jr.,1610612764.0,Washington,Wizards,WAS,0,0,,,,,,0,0,,,,,
0021500215,73,4,0,1,7:25 PM,3:03,Hairston REBOUND (Off:0 Def:1),,,,,4.0,203798,PJ Hairston,1610612766.0,Charlotte,Hornets,CHA,0,0,,,,,,0,0,,,,,
0021500215,75,9,1,1,7:25 PM,2:52,,,Wizards Timeout: Regular (Reg.1 Short 0),,,3.0,1610612764,,,,,,0,0,,,,,,0,0,,,,,
0021500215,77,8,0,1,7:27 PM,2:52,SUB: Kaminsky FOR Hairston,,,,,4.0,203798,PJ Hairston,1610612766.0,Charlotte,Hornets,CHA,4,1626163,Frank Kaminsky,1610612766.0,Charlotte,Hornets,CHA,0,0,,,,,
0021500215,78,8,0,1,7:28 PM,2:52,SUB: Lamb FOR Jefferson,,,,,4.0,2744,Al Jefferson,1610612766.0,Charlotte,Hornets,CHA,4,203087,Jeremy Lamb,1610612766.0,Charlotte,Hornets,CHA,0,0,,,,,
0021500215,80,8,0,1,7:28 PM,2:52,,,SUB: Nene FOR Gortat,,,5.0,101162,Marcin Gortat,1610612764.0,Washington,Wizards,WAS,5,2403,Nene,1610612764.0,Washington,Wizards,WAS,0,0,,,,,
0021500215,86,8,0,1,7:28 PM,2:52,,,SUB: Sessions FOR Wall,,,5.0,202322,John Wall,1610612764.0,Washington,Wizards,WAS,5,201196,Ramon Sessions,1610612764.0,Washington,Wizards,WAS,0,0,,,,,
0021500215,79,6,1,1,7:28 PM,2:49,,,Porter Jr. P.FOUL (P1.T1) (K.Scott),,,5.0,203490,Otto Porter Jr.,1610612764.0,Washington,Wizards,WAS,4,203469,Cody Zeller,1610612766.0,Charlotte,Hornets,CHA,1,0,,,,,
0021500215,81,2,1,1,7:28 PM,2:41,MISS Kaminsky 24' 3PT Jump Shot,,,,,4.0,1626163,Frank Kaminsky,1610612766.0,Charlotte,Hornets,CHA,0,0,,,,,,0,0,,,,,
0021500215,82,4,0,1,7:28 PM,2:39,,,Beal REBOUND (Off:0 Def:1),,,5.0,203078,Bradley Beal,1610612764.0,Washington,Wizards,WAS,0,0,,,,,,0,0,,,,,
0021500215,83,1,5,1,7:28 PM,2:31,,,Nene 3' Layup (2 PTS),24 - 20,-4,5.0,2403,Nene,1610612764.0,Washington,Wizards,WAS,0,0,,,,,,0,0,,,,,
0021500215,84,2,1,1,7:29 PM,2:04,MISS Batum 19' Jump Shot,,,,,4.0,201587,Nicolas Batum,1610612766.0,Charlotte,Hornets,CHA,0,0,,,,,,0,0,,,,,
0021500215,85,4,0,1,7:29 PM,2:03,,,Nene REBOUND (Off:0 Def:1),,,5.0,2403,Nene,1610612764.0,Washington,Wizards,WAS,0,0,,,,,,0,0,,,,,
0021500215,87,2,1,1,7:29 PM,1:42,,,MISS Sessions 24' 3PT Jump Shot,,,5.0,201196,Ramon Sessions,1610612764.0,Washington,Wizards,WAS,0,0,,,,,,0,0,,,,,
0021500215,88,4,0,1,7:29 PM,1:41,Batum REBOUND (Off:0 Def:2),,,,,4.0,201587,Nicolas Batum,1610612766.0,Charlotte,Hornets,CHA,0,0,,,,,,0,0,,,,,
0021500215,89,1,7,1,7:29 PM,1:36,Zeller  Dunk (2 PTS) (Batum 5 AST),,,24 - 22,-2,4.0,203469,Cody Zeller,1610612766.0,Charlotte,Hornets,CHA,4,201587,Nicolas Batum,1610612766.0,Charlotte,Hornets,CHA,0,0,,,,,
0021500215,90,2,5,1,7:30 PM,1:21,,,MISS Beal 2' Layup,,,5.0,203078,Bradley Beal,1610612764.0,Washington,Wizards,WAS,0,0,,,,,,0,0,,,,,
0021500215,91,4,0,1,7:30 PM,1:20,Zeller REBOUND (Off:0 Def:2),,,,,4.0,203469,Cody Zeller,1610612766.0,Charlotte,Hornets,CHA,0,0,,,,,,0,0,,,,,
0021500215,92,1,5,1,7:30 PM,1:16,Batum 3' Layup (5 PTS),,,24 - 24,TIE,4.0,201587,Nicolas Batum,1610612766.0,Charlotte,Hornets,CHA,0,0,,,,,,0,0,,,,,
0021500215,93,6,1,1,7:30 PM,0:55,Lamb P.FOUL (P1.T2) (J.Tiven),,,,,4.0,203087,Jeremy Lamb,1610612766.0,Charlotte,Hornets,CHA,5,203078,Bradley Beal,1610612764.0,Washington,Wizards,WAS,1,0,,,,,
0021500215,94,8,0,1,7:30 PM,0:55,SUB: Lin FOR Batum,,,,,4.0,201587,Nicolas Batum,1610612766.0,Charlotte,Hornets,CHA,4,202391,Jeremy Lin,1610612766.0,Charlotte,Hornets,CHA,0,0,,,,,
0021500215,95,8,0,1,7:30 PM,0:55,,,SUB: Neal FOR Beal,,,5.0,203078,Bradley Beal,1610612764.0,Washington,Wizards,WAS,5,202390,Gary Neal,1610612764.0,Washington,Wizards,WAS,0,0,,,,,
0021500215,96,6,4,1,7:31 PM,0:44,,,Sessions OFF.Foul (P1) (T.Brothers),,,5.0,201196,Ramon Sessions,1610612764.0,Washington,Wizards,WAS,4,202689,Kemba Walker,1610612766.0,Charlotte,Hornets,CHA,1,0,,,,,
0021500215,97,5,5,1,7:31 PM,0:44,,,Sessions Foul Turnover (P1.T5),,,5.0,201196,Ramon Sessions,1610612764.0,Washington,Wizards,WAS,0,0,,,,,,1,0,,,,,
0021500215,98,8,0,1,7:31 PM,0:44,,,SUB: Temple FOR Porter Jr.,,,5.0,203490,Otto Porter Jr.,1610612764.0,Washington,Wizards,WAS,5,202066,Garrett Temple,1610612764.0,Washington,Wizards,WAS,0,0,,,,,
0021500215,99,1,42,1,7:31 PM,0:38,Walker 4' Driving Layup (2 PTS),,,24 - 26,2,4.0,202689,Kemba Walker,1610612766.0,Charlotte,Hornets,CHA,0,0,,,,,,0,0,,,,,
0021500215,100,2,5,1,7:31 PM,0:28,,,MISS Sessions 1' Layup,,,5.0,201196,Ramon Sessions,1610612764.0,Washington,Wizards,WAS,0,0,,,,,,0,0,,,,,
0021500215,101,4,0,1,7:31 PM,0:27,Zeller REBOUND (Off:0 Def:3),,,,,4.0,203469,Cody Zeller,1610612766.0,Charlotte,Hornets,CHA,0,0,,,,,,0,0,,,,,
0021500215,102,1,80,1,7:32 PM,0:04,Lin 17' Step Back Jump Shot (2 PTS),,,24 - 28,4,4.0,202391,Jeremy Lin,1610612766.0,Charlotte,Hornets,CHA,0,0,,,,,,0,0,,,,,
0021500215,103,2,1,1,7:32 PM,0:00,Lamb BLOCK (1 BLK),,MISS Temple 19' Jump Shot,,,5.0,202066,Garrett Temple,1610612764.0,Washington,Wizards,WAS,0,0,,,,,,4,203087,Jeremy Lamb,1610612766.0,Charlotte,Hornets,CHA
0021500215,104,4,0,1,7:32 PM,0:00,,,Wizards Rebound,,,3.0,1610612764,,,,,,0,0,,,,,,0,0,,,,,
0021500215,105,13,0,1,7:32 PM,0:00,,,,24 - 28,4,0.0,0,,,,,,0,0,,,,,,0,0,,,,,
0021500215,107,12,0,2,7:35 PM,12:00,,,,24 - 28,4,0.0,0,,,,,,0,0,,,,,,0,0,,,,,
0021500215,108,1,1,2,7:36 PM,11:43,Lamb 8' Jump Shot (2 PTS),,,24 - 30,6,4.0,203087,Jeremy Lamb,1610612766.0,Charlotte,Hornets,CHA,0,0,,,,,,0,0,,,,,
0021500215,110,2,47,2,7:36 PM,11:24,,,MISS Dudley 12' Turnaround Jump Shot,,,5.0,201162,Jared Dudley,1610612764.0,Washington,Wizards,WAS,0,0,,,,,,0,0,,,,,
0021500215,111,4,0,2,7:36 PM,11:22,Zeller REBOUND (Off:0 Def:4),,,,,4.0,203469,Cody Zeller,1610612766.0,Charlotte,Hornets,CHA,0,0,,,,,,0,0,,,,,
0021500215,112,2,1,2,7:36 PM,11:13,MISS Zeller 25' 3PT Jump Shot,,,,,4.0,203469,Cody Zeller,1610612766.0,Charlotte,Hornets,CHA,0,0,,,,,,0,0,,,,,
0021500215,113,4,0,2,7:36 PM,11:12,,,Sessions REBOUND (Off:0 Def:1),,,5.0,201196,Ramon Sessions,1610612764.0,Washington,Wizards,WAS,0,0,,,,,,0,0,,,,,
0021500215,114,2,1,2,7:36 PM,10:53,,,MISS Nene 18' Jump Shot,,,5.0,2403,Nene,1610612764.0,Washington,Wizards,WAS,0,0,,,,,,0,0,,,,,
0021500215,115,4,0,2,7:36 PM,10:52,Lamb REBOUND (Off:0 Def:1),,,,,4.0,203087,Jeremy Lamb,1610612766.0,Charlotte,Hornets,CHA,0,0,,,,,,0,0,,,,,
0021500215,116,2,1,2,7:37 PM,10:46,MISS Lamb 27' 3PT Jump Shot,,,,,4.0,203087,Jeremy Lamb,1610612766.0,Charlotte,Hornets,CHA,0,0,,,,,,0,0,,,,,
0021500215,117,4,0,2,7:37 PM,10:43,,,Dudley REBOUND (Off:0 Def:1),,,5.0,201162,Jared Dudley,1610612764.0,Washington,Wizards,WAS,0,0,,,,,,0,0,,,,,
0021500215,118,2,1,2,7:37 PM,10:25,,,MISS Sessions 26' 3PT Jump Shot,,,5.0,201196,Ramon Sessions,1610612764.0,Washington,Wizards,WAS,0,0,,,,,,0,0,,,,,
0021500215,119,4,0,2,7:37 PM,10:23,Kaminsky REBOUND (Off:0 Def:1),,,,,4.0,1626163,Frank Kaminsky,1610612766.0,Charlotte,Hornets,CHA,0,0,,,,,,0,0,,,,,
0021500215,120,5,40,2,7:37 PM,10:17,Lamb Out of Bounds Lost Ball Turnover (P1.T4),,,,,4.0,203087,Jeremy Lamb,1610612766.0,Charlotte,Hornets,CHA,0,0,,,,,,0,0,,,,,
0021500215,121,1,1,2,7:37 PM,10:02,,,Neal 20' Jump Shot (2 PTS),26 - 30,4,5.0,202390,Gary Neal,1610612764.0,Washington,Wizards,WAS,0,0,,,,,,0,0,,,,,
0021500215,122,1,5,2,7:38 PM,9:46,Lin 1' Layup (4 PTS),,,26 - 32,6,4.0,202391,Jeremy Lin,1610612766.0,Charlotte,Hornets,CHA,0,0,,,,,,0,0,,,,,
0021500215,123,6,2,2,7:38 PM,9:46,,,Nene S.FOUL (P1.T1) (J.Tiven),,,5.0,2403,Nene,1610612764.0,Washington,Wizards,WAS,4,202391,Jeremy Lin,1610612766.0,Charlotte,Hornets,CHA,1,0,,,,,
0021500215,124,3,10,2,7:38 PM,9:46,Lin Free Throw 1 of 1 (5 PTS),,,26 - 33,7,4.0,202391,Jeremy Lin,1610612766.0,Charlotte,Hornets,CHA,0,0,,,,,,0,0,,,,,
0021500215,127,6,2,2,7:38 PM,9:31,Kaminsky S.FOUL (P1.T1) (K.Scott),,,,,4.0,1626163,Frank Kaminsky,1610612766.0,Charlotte,Hornets,CHA,5,201162,Jared Dudley,1610612764.0,Washington,Wizards,WAS,1,0,,,,,
0021500215,128,3,11,2,7:39 PM,9:31,,,Dudley Free Throw 1 of 2 (1 PTS),27 - 33,6,5.0,201162,Jared Dudley,1610612764.0,Washington,Wizards,WAS,0,0,,,,,,0,0,,,,,
0021500215,130,3,12,2,7:39 PM,9:31,,,Dudley Free Throw 2 of 2 (2 PTS),28 - 33,5,5.0,201162,Jared Dudley,1610612764.0,Washington,Wizards,WAS,0,0,,,,,,0,0,,,,,
0021500215,132,2,1,2,7:39 PM,9:12,MISS Williams 23' Jump Shot,,,,,4.0,101107,Marvin Williams,1610612766.0,Charlotte,Hornets,CHA,0,0,,,,,,0,0,,,,,
0021500215,133,4,0,2,7:40 PM,9:11,,,Sessions REBOUND (Off:0 Def:2),,,5.0,201196,Ramon Sessions,1610612764.0,Washington,Wizards,WAS,0,0,,,,,,0,0,,,,,
0021500215,134,1,47,2,7:40 PM,8:55,,,Nene 9' Turnaround Jump Shot (4 PTS),30 - 33,3,5.0,2403,Nene,1610612764.0,Washington,Wizards,WAS,0,0,,,,,,0,0,,,,,
0021500215,135,5,2,2,7:40 PM,8:45,Lin Lost Ball Turnover (P1.T5),,Sessions STEAL (1 STL),,,4.0,202391,Jeremy Lin,1610612766.0,Charlotte,Hornets,CHA,5,201196,Ramon Sessions,1610612764.0,Washington,Wizards,WAS,0,0,,,,,
0021500215,136,2,5,2,7:40 PM,8:39,,,MISS Sessions 1' Layup,,,5.0,201196,Ramon Sessions,1610612764.0,Washington,Wizards,WAS,0,0,,,,,,0,0,,,,,
0021500215,138,4,0,2,7:40 PM,8:36,,,Temple REBOUND (Off:1 Def:0),,,5.0,202066,Garrett Temple,1610612764.0,Washington,Wizards,WAS,0,0,,,,,,0,0,,,,,
0021500215,137,2,5,2,7:40 PM,8:36,,,MISS Temple 1' Layup,,,5.0,202066,Garrett Temple,1610612764.0,Washington,Wizards,WAS,0,0,,,,,,0,0,,,,,
0021500215,140,4,0,2,7:40 PM,8:27,Zeller REBOUND (Off:0 Def:5),,,,,4.0,203469,Cody Zeller,1610612766.0,Charlotte,Hornets,CHA,0,0,,,,,,0,0,,,,,
0021500215,139,1,1,2,7:40 PM,8:27,Lamb 3' Jump Shot (4 PTS),,,30 - 35,5,4.0,203087,Jeremy Lamb,1610612766.0,Charlotte,Hornets,CHA,0,0,,,,,,0,0,,,,,
0021500215,141,6,2,2,7:41 PM,8:20,Lin S.FOUL (P1.T2) (T.Brothers),,,,,4.0,202391,Jeremy Lin,1610612766.0,Charlotte,Hornets,CHA,5,2403,Nene,1610612764.0,Washington,Wizards,WAS,1,0,,,,,
0021500215,142,9,4,2,7:41 PM,8:20,,,,,,1.0,0,,,,,,0,0,,,,,,0,0,,,,,
0021500215,144,8,0,2,7:42 PM,8:20,,,SUB: Beal FOR Temple,,,5.0,202066,Garrett Temple,1610612764.0,Washington,Wizards,WAS,5,203078,Bradley Beal,1610612764.0,Washington,Wizards,WAS,0,0,,,,,
0021500215,146,3,11,2,7:43 PM,8:20,,,Nene Free Throw 1 of 2 (5 PTS),31 - 35,4,5.0,2403,Nene,1610612764.0,Washington,Wizards,WAS,0,0,,,,,,0,0,,,,,
0021500215,148,3,12,2,7:43 PM,8:20,,,Nene Free Throw 2 of 2 (6 PTS),32 - 35,3,5.0,2403,Nene,1610612764.0,Washington,Wizards,WAS,0,0,,,,,,0,0,,,,,
0021500215,150,1,1,2,7:44 PM,8:04,Lamb 27' 3PT Jump Shot (7 PTS),,,32 - 38,6,4.0,203087,Jeremy Lamb,1610612766.0,Charlotte,Hornets,CHA,0,0,,,,,,0,0,,,,,
0021500215,151,2,1,2,7:44 PM,7:49,,,MISS Dudley 20' Jump Shot,,,5.0,201162,Jared Dudley,1610612764.0,Washington,Wizards,WAS,0,0,,,,,,0,0,,,,,
0021500215,152,4,0,2,7:44 PM,7:48,Lamb REBOUND (Off:0 Def:2),,,,,4.0,203087,Jeremy Lamb,1610612766.0,Charlotte,Hornets,CHA,0,0,,,,,,0,0,,,,,
0021500215,153,1,1,2,7:44 PM,7:35,Zeller 3' Jump Shot (4 PTS) (Lamb 1 AST),,,32 - 40,8,4.0,203469,Cody Zeller,1610612766.0,Charlotte,Hornets,CHA,4,203087,Jeremy Lamb,1610612766.0,Charlotte,Hornets,CHA,0,0,,,,,
0021500215,154,2,1,2,7:44 PM,7:21,,,MISS Beal 26' 3PT Jump Shot,,,5.0,203078,Bradley Beal,1610612764.0,Washington,Wizards,WAS,0,0,,,,,,0,0,,,,,
0021500215,155,4,0,2,7:44 PM,7:20,Williams REBOUND (Off:1 Def:3),,,,,4.0,101107,Marvin Williams,1610612766.0,Charlotte,Hornets,CHA,0,0,,,,,,0,0,,,,,
0021500215,156,2,1,2,7:45 PM,7:12,MISS Lamb 26' 3PT Jump Shot,,,,,4.0,203087,Jeremy Lamb,1610612766.0,Charlotte,Hornets,CHA,0,0,,,,,,0,0,,,,,
0021500215,157,4,0,2,7:45 PM,7:11,,,Neal REBOUND (Off:0 Def:1),,,5.0,202390,Gary Neal,1610612764.0,Washington,Wizards,WAS,0,0,,,,,,0,0,,,,,
0021500215,158,6,1,2,7:45 PM,7:07,Lin P.FOUL (P2.T3) (J.Tiven),,,,,4.0,202391,Jeremy Lin,1610612766.0,Charlotte,Hornets,CHA,5,202390,Gary Neal,1610612764.0,Washington,Wizards,WAS,1,0,,,,,
0021500215,159,8,0,2,7:45 PM,7:07,,,SUB: Gortat FOR Nene,,,5.0,2403,Nene,1610612764.0,Washington,Wizards,WAS,5,101162,Marcin Gortat,1610612764.0,Washington,Wizards,WAS,0,0,,,,,
0021500215,160,8,0,2,7:45 PM,7:07,,,SUB: Wall FOR Sessions,,,5.0,201196,Ramon Sessions,1610612764.0,Washington,Wizards,WAS,5,202322,John Wall,1610612764.0,Washington,Wizards,WAS,0,0,,,,,
0021500215,161,8,0,2,7:45 PM,7:07,SUB: Jefferson FOR Zeller,,,,,4.0,203469,Cody Zeller,1610612766.0,Charlotte,Hornets,CHA,4,2744,Al Jefferson,1610612766.0,Charlotte,Hornets,CHA,0,0,,,,,
0021500215,162,8,0,2,7:45 PM,7:07,SUB: Walker FOR Lin,,,,,4.0,202391,Jeremy Lin,1610612766.0,Charlotte,Hornets,CHA,4,202689,Kemba Walker,1610612766.0,Charlotte,Hornets,CHA,0,0,,,,,
0021500215,163,1,1,2,7:45 PM,6:57,,,Neal 22' Jump Shot (4 PTS) (Wall 2 AST),34 - 40,6,5.0,202390,Gary Neal,1610612764.0,Washington,Wizards,WAS,5,202322,John Wall,1610612764.0,Washington,Wizards,WAS,0,0,,,,,
0021500215,164,2,1,2,7:46 PM,6:37,MISS Kaminsky 5' Jump Shot,,,,,4.0,1626163,Frank Kaminsky,1610612766.0,Charlotte,Hornets,CHA,0,0,,,,,,0,0,,,,,
0021500215,165,4,0,2,7:46 PM,6:36,,,Gortat REBOUND (Off:1 Def:3),,,5.0,101162,Marcin Gortat,1610612764.0,Washington,Wizards,WAS,0,0,,,,,,0,0,,,,,
0021500215,166,1,1,2,7:46 PM,6:15,,,Neal 27' 3PT Jump Shot (7 PTS) (Dudley 1 AST),37 - 40,3,5.0,202390,Gary Neal,1610612764.0,Washington,Wizards,WAS,5,201162,Jared Dudley,1610612764.0,Washington,Wizards,WAS,0,0,,,,,
0021500215,167,6,1,2,7:46 PM,5:56,,,Wall P.FOUL (P1.T2) (J.Tiven),,,5.0,202322,John Wall,1610612764.0,Washington,Wizards,WAS,4,101107,Marvin Williams,1610612766.0,Charlotte,Hornets,CHA,1,0,,,,,
0021500215,168,9,1,2,7:47 PM,5:56,HORNETS Timeout: Regular (Full 2 Short 0),,,,,2.0,1610612766,,,,,,0,0,,,,,,0,0,,,,,
0021500215,171,8,0,2,7:49 PM,5:56,SUB: Batum FOR Kaminsky,,,,,4.0,1626163,Frank Kaminsky,1610612766.0,Charlotte,Hornets,CHA,4,201587,Nicolas Batum,1610612766.0,Charlotte,Hornets,CHA,0,0,,,,,
0021500215,172,1,1,2,7:49 PM,5:47,Lamb 20' Jump Shot (9 PTS) (Batum 6 AST),,,37 - 42,5,4.0,203087,Jeremy Lamb,1610612766.0,Charlotte,Hornets,CHA,4,201587,Nicolas Batum,1610612766.0,Charlotte,Hornets,CHA,0,0,,,,,
0021500215,173,10,0,2,7:50 PM,5:25,Jump Ball Lamb vs. Beal: Tip to Jefferson,,,,,4.0,203087,Jeremy Lamb,1610612766.0,Charlotte,Hornets,CHA,5,203078,Bradley Beal,1610612764.0,Washington,Wizards,WAS,4,2744,Al Jefferson,1610612766.0,Charlotte,Hornets,CHA
0021500215,174,5,2,2,7:50 PM,5:25,Lamb STEAL (1 STL),,Beal Lost Ball Turnover (P1.T6),,,5.0,203078,Bradley Beal,1610612764.0,Washington,Wizards,WAS,4,203087,Jeremy Lamb,1610612766.0,Charlotte,Hornets,CHA,0,0,,,,,
0021500215,175,1,1,2,7:50 PM,5:14,Jefferson 13' Jump Shot (8 PTS) (Walker 1 AST),,,37 - 44,7,4.0,2744,Al Jefferson,1610612766.0,Charlotte,Hornets,CHA,4,202689,Kemba Walker,1610612766.0,Charlotte,Hornets,CHA,0,0,,,,,
0021500215,176,1,1,2,7:50 PM,5:00,,,Neal 26' 3PT Jump Shot (10 PTS),40 - 44,4,5.0,202390,Gary Neal,1610612764.0,Washington,Wizards,WAS,0,0,,,,,,0,0,,,,,
0021500215,177,2,1,2,7:51 PM,4:45,MISS Jefferson 18' Jump Shot,,,,,4.0,2744,Al Jefferson,1610612766.0,Charlotte,Hornets,CHA,0,0,,,,,,0,0,,,,,
0021500215,178,4,0,2,7:51 PM,4:44,,,Dudley REBOUND (Off:0 Def:2),,,5.0,201162,Jared Dudley,1610612764.0,Washington,Wizards,WAS,0,0,,,,,,0,0,,,,,
0021500215,179,6,2,2,7:51 PM,4:22,Jefferson S.FOUL (P1.T4) (J.Tiven),,,,,4.0,2744,Al Jefferson,1610612766.0,Charlotte,Hornets,CHA,5,101162,Marcin Gortat,1610612764.0,Washington,Wizards,WAS,1,0,,,,,
0021500215,180,3,11,2,7:52 PM,4:22,,,Gortat Free Throw 1 of 2 (4 PTS),41 - 44,3,5.0,101162,Marcin Gortat,1610612764.0,Washington,Wizards,WAS,0,0,,,,,,0,0,,,,,
0021500215,182,8,0,2,7:52 PM,4:22,,,SUB: Porter Jr. FOR Dudley,,,5.0,201162,Jared Dudley,1610612764.0,Washington,Wizards,WAS,5,203490,Otto Porter Jr.,1610612764.0,Washington,Wizards,WAS,0,0,,,,,
0021500215,183,3,12,2,7:52 PM,4:22,,,Gortat Free Throw 2 of 2 (5 PTS),42 - 44,2,5.0,101162,Marcin Gortat,1610612764.0,Washington,Wizards,WAS,0,0,,,,,,0,0,,,,,
0021500215,185,2,1,2,7:53 PM,3:57,MISS Jefferson 5' Jump Shot,,,,,4.0,2744,Al Jefferson,1610612766.0,Charlotte,Hornets,CHA,0,0,,,,,,0,0,,,,,
0021500215,187,4,0,2,7:53 PM,3:56,Williams REBOUND (Off:2 Def:3),,,,,4.0,101107,Marvin Williams,1610612766.0,Charlotte,Hornets,CHA,0,0,,,,,,0,0,,,,,
0021500215,186,1,97,2,7:53 PM,3:56,Williams 3' Tip Layup Shot (10 PTS),,,42 - 46,4,4.0,101107,Marvin Williams,1610612766.0,Charlotte,Hornets,CHA,0,0,,,,,,0,0,,,,,
0021500215,188,1,7,2,7:53 PM,3:45,,,Gortat  Dunk (7 PTS) (Beal 1 AST),44 - 46,2,5.0,101162,Marcin Gortat,1610612764.0,Washington,Wizards,WAS,5,203078,Bradley Beal,1610612764.0,Washington,Wizards,WAS,0,0,,,,,
0021500215,189,10,0,2,7:53 PM,3:31,Jump Ball Jefferson vs. Beal: Tip to Lamb,,,,,4.0,2744,Al Jefferson,1610612766.0,Charlotte,Hornets,CHA,5,203078,Bradley Beal,1610612764.0,Washington,Wizards,WAS,4,203087,Jeremy Lamb,1610612766.0,Charlotte,Hornets,CHA
0021500215,190,2,1,2,7:54 PM,3:19,MISS Lamb 30' 3PT Jump Shot,,,,,4.0,203087,Jeremy Lamb,1610612766.0,Charlotte,Hornets,CHA,0,0,,,,,,0,0,,,,,
0021500215,191,4,0,2,7:54 PM,3:18,HORNETS Rebound,,,,,2.0,1610612766,,,,,,0,0,,,,,,0,0,,,,,
0021500215,192,6,3,2,7:54 PM,3:18,,,Neal L.B.FOUL (P1.T3) (J.Tiven),,,5.0,202390,Gary Neal,1610612764.0,Washington,Wizards,WAS,4,101107,Marvin Williams,1610612766.0,Charlotte,Hornets,CHA,1,0,,,,,
0021500215,193,6,2,2,7:54 PM,3:15,,,Neal S.FOUL (P2.T4) (T.Brothers),,,5.0,202390,Gary Neal,1610612764.0,Washington,Wizards,WAS,4,201587,Nicolas Batum,1610612766.0,Charlotte,Hornets,CHA,1,0,,,,,
0021500215,194,18,0,2,7:54 PM,3:15,,,,,,,193,Anthony Mason,,,,,0,0,,,,,,1,0,,,,,
0021500215,195,3,13,2,7:55 PM,3:15,Batum Free Throw 1 of 3 (6 PTS),,,44 - 47,3,4.0,201587,Nicolas Batum,1610612766.0,Charlotte,Hornets,CHA,0,0,,,,,,0,0,,,,,
0021500215,197,3,14,2,7:55 PM,3:15,Batum Free Throw 2 of 3 (7 PTS),,,44 - 48,4,4.0,201587,Nicolas Batum,1610612766.0,Charlotte,Hornets,CHA,0,0,,,,,,0,0,,,,,
0021500215,199,3,15,2,7:55 PM,3:15,Batum Free Throw 3 of 3 (8 PTS),,,44 - 49,5,4.0,201587,Nicolas Batum,1610612766.0,Charlotte,Hornets,CHA,0,0,,,,,,0,0,,,,,
0021500215,201,6,4,2,7:56 PM,3:03,,,Gortat OFF.Foul (P1) (J.Tiven),,,5.0,101162,Marcin Gortat,1610612764.0,Washington,Wizards,WAS,4,202689,Kemba Walker,1610612766.0,Charlotte,Hornets,CHA,1,0,,,,,
0021500215,202,5,5,2,7:56 PM,3:03,,,Gortat Foul Turnover (P1.T7),,,5.0,101162,Marcin Gortat,1610612764.0,Washington,Wizards,WAS,0,0,,,,,,1,0,,,,,
0021500215,203,5,1,2,7:56 PM,2:46,Batum Bad Pass Turnover (P1.T6),,Gortat STEAL (1 STL),,,4.0,201587,Nicolas Batum,1610612766.0,Charlotte,Hornets,CHA,5,101162,Marcin Gortat,1610612764.0,Washington,Wizards,WAS,0,0,,,,,
0021500215,204,1,1,2,7:56 PM,2:35,,,Gortat 7' Jump Shot (9 PTS) (Neal 1 AST),46 - 49,3,5.0,101162,Marcin Gortat,1610612764.0,Washington,Wizards,WAS,5,202390,Gary Neal,1610612764.0,Washington,Wizards,WAS,0,0,,,,,
0021500215,205,1,1,2,7:57 PM,2:19,Walker 18' Jump Shot (4 PTS),,,46 - 51,5,4.0,202689,Kemba Walker,1610612766.0,Charlotte,Hornets,CHA,0,0,,,,,,0,0,,,,,
0021500215,206,1,7,2,7:57 PM,2:12,,,Beal  Dunk (11 PTS) (Wall 3 AST),48 - 51,3,5.0,203078,Bradley Beal,1610612764.0,Washington,Wizards,WAS,5,202322,John Wall,1610612764.0,Washington,Wizards,WAS,0,0,,,,,
0021500215,207,9,2,2,7:57 PM,2:04,HORNETS Timeout: Short (Full 2 Short 1),,,,,2.0,1610612766,,,,,,0,0,,,,,,0,0,,,,,
0021500215,209,9,1,2,7:59 PM,2:04,,,Wizards Timeout: Regular (Reg.2 Short 0),,,3.0,1610612764,,,,,,0,0,,,,,,0,0,,,,,
0021500215,210,8,0,2,7:59 PM,2:04,,,SUB: Humphries FOR Neal,,,5.0,202390,Gary Neal,1610612764.0,Washington,Wizards,WAS,5,2743,Kris Humphries,1610612764.0,Washington,Wizards,WAS,0,0,,,,,
0021500215,212,2,1,2,8:00 PM,1:54,MISS Batum 26' 3PT Jump Shot,,,,,4.0,201587,Nicolas Batum,1610612766.0,Charlotte,Hornets,CHA,0,0,,,,,,0,0,,,,,
0021500215,213,4,0,2,8:00 PM,1:52,,,Gortat REBOUND (Off:1 Def:4),,,5.0,101162,Marcin Gortat,1610612764.0,Washington,Wizards,WAS,0,0,,,,,,0,0,,,,,
0021500215,214,2,1,2,8:00 PM,1:35,,,MISS Porter Jr. 26' 3PT Jump Shot,,,5.0,203490,Otto Porter Jr.,1610612764.0,Washington,Wizards,WAS,0,0,,,,,,0,0,,,,,
0021500215,215,4,0,2,8:00 PM,1:34,Williams REBOUND (Off:2 Def:4),,,,,4.0,101107,Marvin Williams,1610612766.0,Charlotte,Hornets,CHA,0,0,,,,,,0,0,,,,,
0021500215,216,2,1,2,8:01 PM,1:22,MISS Jefferson 8' Jump Shot,,,,,4.0,2744,Al Jefferson,1610612766.0,Charlotte,Hornets,CHA,0,0,,,,,,0,0,,,,,
0021500215,217,4,0,2,8:01 PM,1:21,,,Humphries REBOUND (Off:1 Def:4),,,5.0,2743,Kris Humphries,1610612764.0,Washington,Wizards,WAS,0,0,,,,,,0,0,,,,,
0021500215,218,1,5,2,8:01 PM,1:15,,,Gortat 1' Layup (11 PTS) (Wall 4 AST),50 - 51,1,5.0,101162,Marcin Gortat,1610612764.0,Washington,Wizards,WAS,5,202322,John Wall,1610612764.0,Washington,Wizards,WAS,0,0,,,,,
0021500215,219,1,80,2,8:01 PM,1:01,Walker 10' Step Back Jump Shot (6 PTS),,,50 - 53,3,4.0,202689,Kemba Walker,1610612766.0,Charlotte,Hornets,CHA,0,0,,,,,,0,0,,,,,
0021500215,220,6,2,2,8:01 PM,0:54,Jefferson S.FOUL (P2.PN) (K.Scott),,,,,4.0,2744,Al Jefferson,1610612766.0,Charlotte,Hornets,CHA,5,101162,Marcin Gortat,1610612764.0,Washington,Wizards,WAS,1,0,,,,,
0021500215,221,3,11,2,8:01 PM,0:54,,,Gortat Free Throw 1 of 2 (12 PTS),51 - 53,2,5.0,101162,Marcin Gortat,1610612764.0,Washington,Wizards,WAS,0,0,,,,,,0,0,,,,,
0021500215,223,8,0,2,8:02 PM,0:54,SUB: Zeller FOR Jefferson,,,,,4.0,2744,Al Jefferson,1610612766.0,Charlotte,Hornets,CHA,4,203469,Cody Zeller,1610612766.0,Charlotte,Hornets,CHA,0,0,,,,,
0021500215,224,3,12,2,8:02 PM,0:54,,,Gortat Free Throw 2 of 2 (13 PTS),52 - 53,1,5.0,101162,Marcin Gortat,1610612764.0,Washington,Wizards,WAS,0,0,,,,,,0,0,,,,,
0021500215,226,1,3,2,8:02 PM,0:44,Zeller 7' Hook Shot (6 PTS) (Walker 2 AST),,,52 - 55,3,4.0,203469,Cody Zeller,1610612766.0,Charlotte,Hornets,CHA,4,202689,Kemba Walker,1610612766.0,Charlotte,Hornets,CHA,0,0,,,,,
0021500215,227,1,1,2,8:02 PM,0:34,,,Beal 20' Jump Shot (13 PTS),54 - 55,1,5.0,203078,Bradley Beal,1610612764.0,Washington,Wizards,WAS,0,0,,,,,,0,0,,,,,
0021500215,228,1,5,2,8:03 PM,0:27,Zeller  Layup (8 PTS) (Walker 3 AST),,,54 - 57,3,4.0,203469,Cody Zeller,1610612766.0,Charlotte,Hornets,CHA,4,202689,Kemba Walker,1610612766.0,Charlotte,Hornets,CHA,0,0,,,,,
0021500215,229,6,2,2,8:03 PM,0:27,,,Gortat S.FOUL (P2.PN) (J.Tiven),,,5.0,101162,Marcin Gortat,1610612764.0,Washington,Wizards,WAS,4,203469,Cody Zeller,1610612766.0,Charlotte,Hornets,CHA,1,0,,,,,
0021500215,230,9,2,2,8:03 PM,0:27,,,Wizards Timeout: Short (Reg.2 Short 1),,,3.0,1610612764,,,,,,0,0,,,,,,0,0,,,,,
0021500215,231,8,0,2,8:04 PM,0:27,,,SUB: Dudley FOR Humphries,,,5.0,2743,Kris Humphries,1610612764.0,Washington,Wizards,WAS,5,201162,Jared Dudley,1610612764.0,Washington,Wizards,WAS,0,0,,,,,
0021500215,233,3,10,2,8:04 PM,0:27,Zeller Free Throw 1 of 1 (9 PTS),,,54 - 58,4,4.0,203469,Cody Zeller,1610612766.0,Charlotte,Hornets,CHA,0,0,,,,,,0,0,,,,,
0021500215,235,2,1,2,8:05 PM,0:05,,,MISS Porter Jr. 29' 3PT Jump Shot,,,5.0,203490,Otto Porter Jr.,1610612764.0,Washington,Wizards,WAS,0,0,,,,,,0,0,,,,,
0021500215,236,4,0,2,8:05 PM,0:04,Walker REBOUND (Off:0 Def:1),,,,,4.0,202689,Kemba Walker,1610612766.0,Charlotte,Hornets,CHA,0,0,,,,,,0,0,,,,,
0021500215,237,13,0,2,8:05 PM,0:00,,,,54 - 58,4,0.0,0,,,,,,0,0,,,,,,0,0,,,,,
0021500215,239,12,0,3,8:20 PM,12:00,,,,54 - 58,4,0.0,0,,,,,,0,0,,,,,,0,0,,,,,
0021500215,240,2,1,3,8:21 PM,11:48,MISS Williams 25' 3PT Jump Shot,,,,,4.0,101107,Marvin Williams,1610612766.0,Charlotte,Hornets,CHA,0,0,,,,,,0,0,,,,,
0021500215,241,4,0,3,8:21 PM,11:47,,,Beal REBOUND (Off:0 Def:2),,,5.0,203078,Bradley Beal,1610612764.0,Washington,Wizards,WAS,0,0,,,,,,0,0,,,,,
0021500215,242,2,1,3,8:21 PM,11:30,,,MISS Humphries 27' 3PT Jump Shot,,,5.0,2743,Kris Humphries,1610612764.0,Washington,Wizards,WAS,0,0,,,,,,0,0,,,,,
0021500215,243,4,0,3,8:21 PM,11:29,Jefferson REBOUND (Off:0 Def:2),,,,,4.0,2744,Al Jefferson,1610612766.0,Charlotte,Hornets,CHA,0,0,,,,,,0,0,,,,,
0021500215,244,2,80,3,8:21 PM,11:17,MISS Walker 13' Step Back Jump Shot,,,,,4.0,202689,Kemba Walker,1610612766.0,Charlotte,Hornets,CHA,0,0,,,,,,0,0,,,,,
0021500215,245,4,0,3,8:21 PM,11:14,,,Gortat REBOUND (Off:1 Def:5),,,5.0,101162,Marcin Gortat,1610612764.0,Washington,Wizards,WAS,0,0,,,,,,0,0,,,,,
0021500215,246,2,1,3,8:21 PM,11:09,,,MISS Gortat 5' Jump Shot,,,5.0,101162,Marcin Gortat,1610612764.0,Washington,Wizards,WAS,0,0,,,,,,0,0,,,,,
0021500215,247,4,0,3,8:21 PM,11:08,Jefferson REBOUND (Off:0 Def:3),,,,,4.0,2744,Al Jefferson,1610612766.0,Charlotte,Hornets,CHA,0,0,,,,,,0,0,,,,,
0021500215,248,1,5,3,8:21 PM,10:54,Williams 2' Layup (12 PTS) (Batum 7 AST),,,54 - 60,6,4.0,101107,Marvin Williams,1610612766.0,Charlotte,Hornets,CHA,4,201587,Nicolas Batum,1610612766.0,Charlotte,Hornets,CHA,0,0,,,,,
0021500215,249,2,1,3,8:22 PM,10:37,,,MISS Porter Jr. 22' Jump Shot,,,5.0,203490,Otto Porter Jr.,1610612764.0,Washington,Wizards,WAS,0,0,,,,,,0,0,,,,,
0021500215,250,4,0,3,8:22 PM,10:36,Jefferson REBOUND (Off:0 Def:4),,,,,4.0,2744,Al Jefferson,1610612766.0,Charlotte,Hornets,CHA,0,0,,,,,,0,0,,,,,
0021500215,251,2,1,3,8:22 PM,10:26,MISS Hairston 26' 3PT Jump Shot,,,,,4.0,203798,PJ Hairston,1610612766.0,Charlotte,Hornets,CHA,0,0,,,,,,0,0,,,,,
0021500215,252,4,0,3,8:22 PM,10:24,,,Gortat REBOUND (Off:1 Def:6),,,5.0,101162,Marcin Gortat,1610612764.0,Washington,Wizards,WAS,0,0,,,,,,0,0,,,,,
0021500215,253,1,1,3,8:22 PM,10:10,,,Gortat 14' Jump Shot (15 PTS) (Porter Jr. 3 AST),56 - 60,4,5.0,101162,Marcin Gortat,1610612764.0,Washington,Wizards,WAS,5,203490,Otto Porter Jr.,1610612764.0,Washington,Wizards,WAS,0,0,,,,,
0021500215,255,1,1,3,8:23 PM,9:50,Batum 18' Jump Shot (10 PTS),,,56 - 62,6,4.0,201587,Nicolas Batum,1610612766.0,Charlotte,Hornets,CHA,0,0,,,,,,0,0,,,,,
0021500215,256,6,4,3,8:23 PM,9:47,,,Porter Jr. OFF.Foul (P2) (T.Brothers),,,5.0,203490,Otto Porter Jr.,1610612764.0,Washington,Wizards,WAS,4,202689,Kemba Walker,1610612766.0,Charlotte,Hornets,CHA,1,0,,,,,
0021500215,257,5,5,3,8:23 PM,9:47,,,Porter Jr. Foul Turnover (P1.T8),,,5.0,203490,Otto Porter Jr.,1610612764.0,Washington,Wizards,WAS,0,0,,,,,,1,0,,,,,
0021500215,258,2,1,3,8:23 PM,9:30,MISS Jefferson 17' Jump Shot,,,,,4.0,2744,Al Jefferson,1610612766.0,Charlotte,Hornets,CHA,0,0,,,,,,0,0,,,,,
0021500215,259,4,0,3,8:23 PM,9:29,Williams REBOUND (Off:3 Def:4),,,,,4.0,101107,Marvin Williams,1610612766.0,Charlotte,Hornets,CHA,0,0,,,,,,0,0,,,,,
0021500215,260,2,1,3,8:23 PM,9:26,MISS Walker 28' 3PT Jump Shot,,,,,4.0,202689,Kemba Walker,1610612766.0,Charlotte,Hornets,CHA,0,0,,,,,,0,0,,,,,
0021500215,261,4,0,3,8:23 PM,9:25,,,Beal REBOUND (Off:0 Def:3),,,5.0,203078,Bradley Beal,1610612764.0,Washington,Wizards,WAS,0,0,,,,,,0,0,,,,,
0021500215,262,1,1,3,8:24 PM,9:13,,,Beal 19' Jump Shot (15 PTS),58 - 62,4,5.0,203078,Bradley Beal,1610612764.0,Washington,Wizards,WAS,0,0,,,,,,0,0,,,,,
0021500215,263,6,4,3,8:24 PM,9:02,Batum OFF.Foul (P1) (J.Tiven),,,,,4.0,201587,Nicolas Batum,1610612766.0,Charlotte,Hornets,CHA,5,203490,Otto Porter Jr.,1610612764.0,Washington,Wizards,WAS,1,0,,,,,
0021500215,264,5,5,3,8:24 PM,9:02,Batum Foul Turnover (P2.T7),,,,,4.0,201587,Nicolas Batum,1610612766.0,Charlotte,Hornets,CHA,0,0,,,,,,1,0,,,,,
0021500215,265,2,1,3,8:24 PM,8:47,,,MISS Beal 18' Jump Shot,,,5.0,203078,Bradley Beal,1610612764.0,Washington,Wizards,WAS,0,0,,,,,,0,0,,,,,
0021500215,266,4,0,3,8:24 PM,8:46,Jefferson REBOUND (Off:0 Def:5),,,,,4.0,2744,Al Jefferson,1610612766.0,Charlotte,Hornets,CHA,0,0,,,,,,0,0,,,,,
0021500215,267,2,1,3,8:24 PM,8:34,MISS Batum 13' Jump Shot,,,,,4.0,201587,Nicolas Batum,1610612766.0,Charlotte,Hornets,CHA,0,0,,,,,,0,0,,,,,
0021500215,268,4,0,3,8:24 PM,8:33,,,Humphries REBOUND (Off:1 Def:5),,,5.0,2743,Kris Humphries,1610612764.0,Washington,Wizards,WAS,0,0,,,,,,0,0,,,,,
0021500215,269,1,1,3,8:25 PM,8:22,,,Wall 25' 3PT Jump Shot (10 PTS) (Humphries 2 AST),61 - 62,1,5.0,202322,John Wall,1610612764.0,Washington,Wizards,WAS,5,2743,Kris Humphries,1610612764.0,Washington,Wizards,WAS,0,0,,,,,
0021500215,270,2,1,3,8:25 PM,8:05,MISS Hairston 25' 3PT Jump Shot,,,,,4.0,203798,PJ Hairston,1610612766.0,Charlotte,Hornets,CHA,0,0,,,,,,0,0,,,,,
0021500215,271,4,0,3,8:25 PM,8:02,Batum REBOUND (Off:1 Def:2),,,,,4.0,201587,Nicolas Batum,1610612766.0,Charlotte,Hornets,CHA,0,0,,,,,,0,0,,,,,
0021500215,272,2,7,3,8:25 PM,7:56,MISS Batum  Dunk,,Gortat BLOCK (2 BLK),,,4.0,201587,Nicolas Batum,1610612766.0,Charlotte,Hornets,CHA,0,0,,,,,,5,101162,Marcin Gortat,1610612764.0,Washington,Wizards,WAS
0021500215,273,4,0,3,8:25 PM,7:55,,,Gortat REBOUND (Off:1 Def:7),,,5.0,101162,Marcin Gortat,1610612764.0,Washington,Wizards,WAS,0,0,,,,,,0,0,,,,,
0021500215,274,2,1,3,8:25 PM,7:51,,,MISS Wall 16' Jump Shot,,,5.0,202322,John Wall,1610612764.0,Washington,Wizards,WAS,0,0,,,,,,0,0,,,,,
0021500215,275,4,0,3,8:25 PM,7:48,Hairston REBOUND (Off:0 Def:2),,,,,4.0,203798,PJ Hairston,1610612766.0,Charlotte,Hornets,CHA,0,0,,,,,,0,0,,,,,
0021500215,276,6,2,3,8:25 PM,7:45,,,Humphries S.FOUL (P1.T1) (K.Scott),,,5.0,2743,Kris Humphries,1610612764.0,Washington,Wizards,WAS,4,203798,PJ Hairston,1610612766.0,Charlotte,Hornets,CHA,1,0,,,,,
0021500215,277,3,11,3,8:26 PM,7:45,Hairston Free Throw 1 of 2 (4 PTS),,,61 - 63,2,4.0,203798,PJ Hairston,1610612766.0,Charlotte,Hornets,CHA,0,0,,,,,,0,0,,,,,
0021500215,279,3,12,3,8:26 PM,7:45,Hairston Free Throw 2 of 2 (5 PTS),,,61 - 64,3,4.0,203798,PJ Hairston,1610612766.0,Charlotte,Hornets,CHA,0,0,,,,,,0,0,,,,,
0021500215,281,2,1,3,8:26 PM,7:27,,,MISS Humphries 26' 3PT Jump Shot,,,5.0,2743,Kris Humphries,1610612764.0,Washington,Wizards,WAS,0,0,,,,,,0,0,,,,,
0021500215,282,4,0,3,8:26 PM,7:25,Hairston REBOUND (Off:0 Def:3),,,,,4.0,203798,PJ Hairston,1610612766.0,Charlotte,Hornets,CHA,0,0,,,,,,0,0,,,,,
0021500215,283,6,4,3,8:27 PM,7:15,Hairston OFF.Foul (P2) (T.Brothers),,,,,4.0,203798,PJ Hairston,1610612766.0,Charlotte,Hornets,CHA,5,2743,Kris Humphries,1610612764.0,Washington,Wizards,WAS,1,0,,,,,
0021500215,284,5,5,3,8:27 PM,7:15,Hairston Foul Turnover (P1.T8),,,,,4.0,203798,PJ Hairston,1610612766.0,Charlotte,Hornets,CHA,0,0,,,,,,1,0,,,,,
0021500215,285,6,2,3,8:27 PM,7:10,Hairston S.FOUL (P3.T1) (J.Tiven),,,,,4.0,203798,PJ Hairston,1610612766.0,Charlotte,Hornets,CHA,5,203078,Bradley Beal,1610612764.0,Washington,Wizards,WAS,1,0,,,,,
0021500215,286,3,11,3,8:27 PM,7:10,,,Beal Free Throw 1 of 2 (16 PTS),62 - 64,2,5.0,203078,Bradley Beal,1610612764.0,Washington,Wizards,WAS,0,0,,,,,,0,0,,,,,
0021500215,288,3,12,3,8:27 PM,7:10,,,Beal Free Throw 2 of 2 (17 PTS),63 - 64,1,5.0,203078,Bradley Beal,1610612764.0,Washington,Wizards,WAS,0,0,,,,,,0,0,,,,,
0021500215,290,2,1,3,8:28 PM,6:55,MISS Batum 25' 3PT Jump Shot,,,,,4.0,201587,Nicolas Batum,1610612766.0,Charlotte,Hornets,CHA,0,0,,,,,,0,0,,,,,
0021500215,291,4,0,3,8:28 PM,6:53,Jefferson REBOUND (Off:1 Def:5),,,,,4.0,2744,Al Jefferson,1610612766.0,Charlotte,Hornets,CHA,0,0,,,,,,0,0,,,,,
0021500215,292,6,2,3,8:28 PM,6:44,,,Wall S.FOUL (P2.T2) (J.Tiven),,,5.0,202322,John Wall,1610612764.0,Washington,Wizards,WAS,4,2744,Al Jefferson,1610612766.0,Charlotte,Hornets,CHA,1,0,,,,,
0021500215,293,3,11,3,8:28 PM,6:44,Jefferson Free Throw 1 of 2 (9 PTS),,,63 - 65,2,4.0,2744,Al Jefferson,1610612766.0,Charlotte,Hornets,CHA,0,0,,,,,,0,0,,,,,
0021500215,295,3,12,3,8:29 PM,6:44,Jefferson Free Throw 2 of 2 (10 PTS),,,63 - 66,3,4.0,2744,Al Jefferson,1610612766.0,Charlotte,Hornets,CHA,0,0,,,,,,0,0,,,,,
0021500215,297,7,5,3,8:29 PM,6:40,Walker Violation:Kicked Ball (K.Scott),,,,,4.0,202689,Kemba Walker,1610612766.0,Charlotte,Hornets,CHA,0,0,,,,,,1,0,,,,,
0021500215,298,1,1,3,8:29 PM,6:19,,,Humphries  3PT Jump Shot (3 PTS) (Wall 5 AST),66 - 66,TIE,5.0,2743,Kris Humphries,1610612764.0,Washington,Wizards,WAS,5,202322,John Wall,1610612764.0,Washington,Wizards,WAS,0,0,,,,,
0021500215,299,2,1,3,8:30 PM,6:06,MISS Batum 20' Jump Shot,,,,,4.0,201587,Nicolas Batum,1610612766.0,Charlotte,Hornets,CHA,0,0,,,,,,0,0,,,,,
0021500215,300,4,0,3,8:30 PM,6:05,Jefferson REBOUND (Off:2 Def:5),,,,,4.0,2744,Al Jefferson,1610612766.0,Charlotte,Hornets,CHA,0,0,,,,,,0,0,,,,,
0021500215,301,1,1,3,8:30 PM,6:01,Walker 19' Jump Shot (8 PTS),,,66 - 68,2,4.0,202689,Kemba Walker,1610612766.0,Charlotte,Hornets,CHA,0,0,,,,,,0,0,,,,,
0021500215,302,2,1,3,8:30 PM,5:43,,,MISS Wall 26' 3PT Jump Shot,,,5.0,202322,John Wall,1610612764.0,Washington,Wizards,WAS,0,0,,,,,,0,0,,,,,
0021500215,303,4,0,3,8:30 PM,5:41,,,Gortat REBOUND (Off:2 Def:7),,,5.0,101162,Marcin Gortat,1610612764.0,Washington,Wizards,WAS,0,0,,,,,,0,0,,,,,
0021500215,304,2,5,3,8:30 PM,5:37,Walker BLOCK (2 BLK),,MISS Wall 2' Layup,,,5.0,202322,John Wall,1610612764.0,Washington,Wizards,WAS,0,0,,,,,,4,202689,Kemba Walker,1610612766.0,Charlotte,Hornets,CHA
0021500215,305,4,0,3,8:30 PM,5:34,,,Gortat REBOUND (Off:3 Def:7),,,5.0,101162,Marcin Gortat,1610612764.0,Washington,Wizards,WAS,0,0,,,,,,0,0,,,,,
0021500215,306,5,4,3,8:30 PM,5:34,,,Porter Jr. Traveling Turnover (P2.T9),,,5.0,203490,Otto Porter Jr.,1610612764.0,Washington,Wizards,WAS,0,0,,,,,,1,0,,,,,
0021500215,307,9,1,3,8:31 PM,5:34,HORNETS Timeout: Regular (Full 3 Short 1),,,,,2.0,1610612766,,,,,,0,0,,,,,,0,0,,,,,
0021500215,309,8,0,3,8:32 PM,5:34,SUB: Zeller FOR Williams,,,,,4.0,101107,Marvin Williams,1610612766.0,Charlotte,Hornets,CHA,4,203469,Cody Zeller,1610612766.0,Charlotte,Hornets,CHA,0,0,,,,,
0021500215,310,1,1,3,8:33 PM,5:16,Zeller 4' Jump Shot (11 PTS) (Batum 8 AST),,,66 - 70,4,4.0,203469,Cody Zeller,1610612766.0,Charlotte,Hornets,CHA,4,201587,Nicolas Batum,1610612766.0,Charlotte,Hornets,CHA,0,0,,,,,
0021500215,311,2,1,3,8:33 PM,5:00,,,MISS Beal 16' Jump Shot,,,5.0,203078,Bradley Beal,1610612764.0,Washington,Wizards,WAS,0,0,,,,,,0,0,,,,,
0021500215,313,4,0,3,8:33 PM,4:58,,,Humphries REBOUND (Off:2 Def:5),,,5.0,2743,Kris Humphries,1610612764.0,Washington,Wizards,WAS,0,0,,,,,,0,0,,,,,
0021500215,312,1,97,3,8:33 PM,4:58,,,Humphries 1' Tip Layup Shot (5 PTS),68 - 70,2,5.0,2743,Kris Humphries,1610612764.0,Washington,Wizards,WAS,0,0,,,,,,0,0,,,,,
0021500215,314,9,2,3,8:34 PM,4:56,HORNETS Timeout: Short (Full 3 Short 2),,,,,2.0,1610612766,,,,,,0,0,,,,,,0,0,,,,,
0021500215,316,8,0,3,8:34 PM,4:56,,,SUB: Neal FOR Porter Jr.,,,5.0,203490,Otto Porter Jr.,1610612764.0,Washington,Wizards,WAS,5,202390,Gary Neal,1610612764.0,Washington,Wizards,WAS,0,0,,,,,
0021500215,317,8,0,3,8:34 PM,4:56,SUB: Lamb FOR Hairston,,,,,4.0,203798,PJ Hairston,1610612766.0,Charlotte,Hornets,CHA,4,203087,Jeremy Lamb,1610612766.0,Charlotte,Hornets,CHA,0,0,,,,,
0021500215,318,1,1,3,8:35 PM,4:39,Jefferson 20' Jump Shot (12 PTS) (Batum 9 AST),,,68 - 72,4,4.0,2744,Al Jefferson,1610612766.0,Charlotte,Hornets,CHA,4,201587,Nicolas Batum,1610612766.0,Charlotte,Hornets,CHA,0,0,,,,,
0021500215,319,5,1,3,8:35 PM,4:23,Batum STEAL (2 STL),,Wall Bad Pass Turnover (P4.T10),,,5.0,202322,John Wall,1610612764.0,Washington,Wizards,WAS,4,201587,Nicolas Batum,1610612766.0,Charlotte,Hornets,CHA,0,0,,,,,
0021500215,320,1,5,3,8:35 PM,4:17,Walker 1' Layup (10 PTS) (Batum 10 AST),,,68 - 74,6,4.0,202689,Kemba Walker,1610612766.0,Charlotte,Hornets,CHA,4,201587,Nicolas Batum,1610612766.0,Charlotte,Hornets,CHA,0,0,,,,,
0021500215,321,2,1,3,8:36 PM,4:06,,,MISS Humphries 27' 3PT Jump Shot,,,5.0,2743,Kris Humphries,1610612764.0,Washington,Wizards,WAS,0,0,,,,,,0,0,,,,,
0021500215,322,4,0,3,8:36 PM,4:04,Batum REBOUND (Off:1 Def:3),,,,,4.0,201587,Nicolas Batum,1610612766.0,Charlotte,Hornets,CHA,0,0,,,,,,0,0,,,,,
0021500215,323,5,1,3,8:36 PM,3:55,Lamb Bad Pass Turnover (P2.T9),,Wall STEAL (4 STL),,,4.0,203087,Jeremy Lamb,1610612766.0,Charlotte,Hornets,CHA,5,202322,John Wall,1610612764.0,Washington,Wizards,WAS,0,0,,,,,
0021500215,325,8,0,3,8:36 PM,3:49,,,SUB: Dudley FOR Humphries,,,5.0,2743,Kris Humphries,1610612764.0,Washington,Wizards,WAS,5,201162,Jared Dudley,1610612764.0,Washington,Wizards,WAS,0,0,,,,,
0021500215,326,8,0,3,8:36 PM,3:49,SUB: Kaminsky FOR Jefferson,,,,,4.0,2744,Al Jefferson,1610612766.0,Charlotte,Hornets,CHA,4,1626163,Frank Kaminsky,1610612766.0,Charlotte,Hornets,CHA,0,0,,,,,
0021500215,327,1,51,3,8:36 PM,3:42,,,Gortat  Reverse Dunk (17 PTS) (Beal 2 AST),70 - 74,4,5.0,101162,Marcin Gortat,1610612764.0,Washington,Wizards,WAS,5,203078,Bradley Beal,1610612764.0,Washington,Wizards,WAS,0,0,,,,,
0021500215,328,6,27,3,8:37 PM,3:33,,,Dudley Personal Block Foul (P1.T3) (J.Tiven),,,5.0,201162,Jared Dudley,1610612764.0,Washington,Wizards,WAS,4,202689,Kemba Walker,1610612766.0,Charlotte,Hornets,CHA,1,0,,,,,
0021500215,329,8,0,3,8:37 PM,3:33,,,SUB: Nene FOR Gortat,,,5.0,101162,Marcin Gortat,1610612764.0,Washington,Wizards,WAS,5,2403,Nene,1610612764.0,Washington,Wizards,WAS,0,0,,,,,
0021500215,330,2,1,3,8:37 PM,3:23,MISS Zeller 27' 3PT Jump Shot,,,,,4.0,203469,Cody Zeller,1610612766.0,Charlotte,Hornets,CHA,0,0,,,,,,0,0,,,,,
0021500215,331,4,0,3,8:37 PM,3:22,HORNETS Rebound,,,,,2.0,1610612766,,,,,,0,0,,,,,,0,0,,,,,
0021500215,332,2,1,3,8:38 PM,3:15,MISS Lamb 13' Jump Shot,,,,,4.0,203087,Jeremy Lamb,1610612766.0,Charlotte,Hornets,CHA,0,0,,,,,,0,0,,,,,
0021500215,333,4,0,3,8:38 PM,3:14,,,Beal REBOUND (Off:0 Def:4),,,5.0,203078,Bradley Beal,1610612764.0,Washington,Wizards,WAS,0,0,,,,,,0,0,,,,,
0021500215,334,1,1,3,8:38 PM,3:09,,,Wall 4' Jump Shot (12 PTS),72 - 74,2,5.0,202322,John Wall,1610612764.0,Washington,Wizards,WAS,0,0,,,,,,0,0,,,,,
0021500215,335,7,2,3,8:38 PM,3:08,Zeller Violation:Defensive Goaltending (J.Tiven),,,,,4.0,203469,Cody Zeller,1610612766.0,Charlotte,Hornets,CHA,0,0,,,,,,1,0,,,,,
0021500215,336,5,2,3,8:38 PM,2:57,Kaminsky Lost Ball Turnover (P1.T10),,Wall STEAL (5 STL),,,4.0,1626163,Frank Kaminsky,1610612766.0,Charlotte,Hornets,CHA,5,202322,John Wall,1610612764.0,Washington,Wizards,WAS,0,0,,,,,
0021500215,337,2,1,3,8:38 PM,2:50,,,MISS Beal 25' 3PT Jump Shot,,,5.0,203078,Bradley Beal,1610612764.0,Washington,Wizards,WAS,0,0,,,,,,0,0,,,,,
0021500215,338,4,0,3,8:38 PM,2:49,Lamb REBOUND (Off:0 Def:3),,,,,4.0,203087,Jeremy Lamb,1610612766.0,Charlotte,Hornets,CHA,0,0,,,,,,0,0,,,,,
0021500215,339,5,1,3,8:39 PM,2:38,Walker Bad Pass Turnover (P2.T11),,Wall STEAL (6 STL),,,4.0,202689,Kemba Walker,1610612766.0,Charlotte,Hornets,CHA,5,202322,John Wall,1610612764.0,Washington,Wizards,WAS,0,0,,,,,
0021500215,340,1,7,3,8:39 PM,2:35,,,Wall  Dunk (14 PTS),74 - 74,TIE,5.0,202322,John Wall,1610612764.0,Washington,Wizards,WAS,0,0,,,,,,0,0,,,,,
0021500215,341,9,1,3,8:39 PM,2:35,HORNETS Timeout: Regular (Full 4 Short 2),,,,,2.0,1610612766,,,,,,0,0,,,,,,0,0,,,,,
0021500215,343,8,0,3,8:40 PM,2:35,SUB: Lin FOR Batum,,,,,4.0,201587,Nicolas Batum,1610612766.0,Charlotte,Hornets,CHA,4,202391,Jeremy Lin,1610612766.0,Charlotte,Hornets,CHA,0,0,,,,,
0021500215,345,2,5,3,8:41 PM,2:26,MISS Walker 3' Layup,,,,,4.0,202689,Kemba Walker,1610612766.0,Charlotte,Hornets,CHA,0,0,,,,,,0,0,,,,,
0021500215,346,4,0,3,8:41 PM,2:25,,,Nene REBOUND (Off:0 Def:2),,,5.0,2403,Nene,1610612764.0,Washington,Wizards,WAS,0,0,,,,,,0,0,,,,,
0021500215,347,1,1,3,8:41 PM,2:17,,,Dudley 26' 3PT Jump Shot (5 PTS) (Wall 6 AST),77 - 74,-3,5.0,201162,Jared Dudley,1610612764.0,Washington,Wizards,WAS,5,202322,John Wall,1610612764.0,Washington,Wizards,WAS,0,0,,,,,
0021500215,348,5,4,3,8:42 PM,1:52,Zeller Traveling Turnover (P1.T12),,,,,4.0,203469,Cody Zeller,1610612766.0,Charlotte,Hornets,CHA,0,0,,,,,,1,0,,,,,
0021500215,349,2,1,3,8:42 PM,1:34,,,MISS Dudley 17' Jump Shot,,,5.0,201162,Jared Dudley,1610612764.0,Washington,Wizards,WAS,0,0,,,,,,0,0,,,,,
0021500215,350,4,0,3,8:42 PM,1:33,Zeller REBOUND (Off:0 Def:6),,,,,4.0,203469,Cody Zeller,1610612766.0,Charlotte,Hornets,CHA,0,0,,,,,,0,0,,,,,
0021500215,351,2,1,3,8:43 PM,1:20,MISS Lamb 9' Jump Shot,,,,,4.0,203087,Jeremy Lamb,1610612766.0,Charlotte,Hornets,CHA,0,0,,,,,,0,0,,,,,
0021500215,352,4,0,3,8:43 PM,1:18,,,Neal REBOUND (Off:0 Def:2),,,5.0,202390,Gary Neal,1610612764.0,Washington,Wizards,WAS,0,0,,,,,,0,0,,,,,
0021500215,353,1,79,3,8:43 PM,1:14,,,Neal 17' Pullup Jump Shot (12 PTS),79 - 74,-5,5.0,202390,Gary Neal,1610612764.0,Washington,Wizards,WAS,0,0,,,,,,0,0,,,,,
0021500215,355,8,0,3,8:43 PM,0:56,,,SUB: Temple FOR Beal,,,5.0,203078,Bradley Beal,1610612764.0,Washington,Wizards,WAS,5,202066,Garrett Temple,1610612764.0,Washington,Wizards,WAS,0,0,,,,,
0021500215,356,5,1,3,8:44 PM,0:54,Zeller Bad Pass Turnover (P2.T13),,Nene STEAL (1 STL),,,4.0,203469,Cody Zeller,1610612766.0,Charlotte,Hornets,CHA,5,2403,Nene,1610612764.0,Washington,Wizards,WAS,0,0,,,,,
0021500215,357,1,1,3,8:44 PM,0:50,,,Neal 16' Jump Shot (14 PTS),81 - 74,-7,5.0,202390,Gary Neal,1610612764.0,Washington,Wizards,WAS,0,0,,,,,,0,0,,,,,
0021500215,358,2,1,3,8:44 PM,0:36,MISS Lamb 17' Jump Shot,,,,,4.0,203087,Jeremy Lamb,1610612766.0,Charlotte,Hornets,CHA,0,0,,,,,,0,0,,,,,
0021500215,359,4,0,3,8:44 PM,0:36,HORNETS Rebound,,,,,2.0,1610612766,,,,,,0,0,,,,,,0,0,,,,,
0021500215,360,6,3,3,8:44 PM,0:36,,,Dudley L.B.FOUL (P2.T4) (T.Brothers),,,5.0,201162,Jared Dudley,1610612764.0,Washington,Wizards,WAS,4,203469,Cody Zeller,1610612766.0,Charlotte,Hornets,CHA,1,0,,,,,
0021500215,361,5,2,3,8:44 PM,0:26,Lin Lost Ball Turnover (P2.T14),,Temple STEAL (1 STL),,,4.0,202391,Jeremy Lin,1610612766.0,Charlotte,Hornets,CHA,5,202066,Garrett Temple,1610612764.0,Washington,Wizards,WAS,0,0,,,,,
0021500215,362,6,1,3,8:45 PM,0:08,Lin P.FOUL (P3.T2) (K.Scott),,,,,4.0,202391,Jeremy Lin,1610612766.0,Charlotte,Hornets,CHA,5,202322,John Wall,1610612764.0,Washington,Wizards,WAS,1,0,,,,,
0021500215,363,2,1,3,8:45 PM,0:01,,,MISS Temple 19' Jump Shot,,,5.0,202066,Garrett Temple,1610612764.0,Washington,Wizards,WAS,0,0,,,,,,0,0,,,,,
0021500215,365,4,0,3,8:45 PM,0:00,,,Wizards Rebound,,,3.0,1610612764,,,,,,0,0,,,,,,0,0,,,,,
0021500215,364,13,0,3,8:45 PM,0:00,,,,81 - 74,-7,0.0,0,,,,,,0,0,,,,,,0,0,,,,,
0021500215,367,12,0,4,8:48 PM,12:00,,,,81 - 74,-7,0.0,0,,,,,,0,0,,,,,,0,0,,,,,
0021500215,369,2,66,4,8:48 PM,11:39,,,MISS Sessions 2' Jump Bank Shot,,,5.0,201196,Ramon Sessions,1610612764.0,Washington,Wizards,WAS,0,0,,,,,,0,0,,,,,
0021500215,368,4,0,4,8:48 PM,11:39,Zeller REBOUND (Off:0 Def:7),,,,,4.0,203469,Cody Zeller,1610612766.0,Charlotte,Hornets,CHA,0,0,,,,,,0,0,,,,,
0021500215,370,2,1,4,8:49 PM,11:23,MISS Kaminsky 5' Jump Shot,,,,,4.0,1626163,Frank Kaminsky,1610612766.0,Charlotte,Hornets,CHA,0,0,,,,,,0,0,,,,,
0021500215,371,4,0,4,8:49 PM,11:21,,,Dudley REBOUND (Off:0 Def:3),,,5.0,201162,Jared Dudley,1610612764.0,Washington,Wizards,WAS,0,0,,,,,,0,0,,,,,
0021500215,372,6,1,4,8:49 PM,11:21,Zeller P.FOUL (P1.T1) (T.Brothers),,,,,4.0,203469,Cody Zeller,1610612766.0,Charlotte,Hornets,CHA,5,201162,Jared Dudley,1610612764.0,Washington,Wizards,WAS,1,0,,,,,
0021500215,373,2,1,4,8:49 PM,11:08,Lin BLOCK (1 BLK),,MISS Nene 8' Jump Shot,,,5.0,2403,Nene,1610612764.0,Washington,Wizards,WAS,0,0,,,,,,4,202391,Jeremy Lin,1610612766.0,Charlotte,Hornets,CHA
0021500215,374,4,0,4,8:49 PM,11:06,Walker REBOUND (Off:0 Def:2),,,,,4.0,202689,Kemba Walker,1610612766.0,Charlotte,Hornets,CHA,0,0,,,,,,0,0,,,,,
0021500215,375,2,1,4,8:49 PM,11:00,MISS Lin 27' 3PT Jump Shot,,,,,4.0,202391,Jeremy Lin,1610612766.0,Charlotte,Hornets,CHA,0,0,,,,,,0,0,,,,,
0021500215,376,4,0,4,8:49 PM,10:59,Kaminsky REBOUND (Off:1 Def:1),,,,,4.0,1626163,Frank Kaminsky,1610612766.0,Charlotte,Hornets,CHA,0,0,,,,,,0,0,,,,,
0021500215,378,1,5,4,8:49 PM,10:56,Kaminsky 3' Layup (2 PTS),,,81 - 76,-5,4.0,1626163,Frank Kaminsky,1610612766.0,Charlotte,Hornets,CHA,0,0,,,,,,0,0,,,,,
0021500215,379,5,1,4,8:50 PM,10:41,,,Nene Bad Pass Turnover (P1.T11),,,5.0,2403,Nene,1610612764.0,Washington,Wizards,WAS,0,0,,,,,,0,0,,,,,
0021500215,380,2,1,4,8:50 PM,10:25,MISS Walker 27' 3PT Jump Shot,,,,,4.0,202689,Kemba Walker,1610612766.0,Charlotte,Hornets,CHA,0,0,,,,,,0,0,,,,,
0021500215,381,4,0,4,8:50 PM,10:23,,,Nene REBOUND (Off:0 Def:3),,,5.0,2403,Nene,1610612764.0,Washington,Wizards,WAS,0,0,,,,,,0,0,,,,,
0021500215,382,1,1,4,8:50 PM,10:13,,,Neal 20' Jump Shot (16 PTS),83 - 76,-7,5.0,202390,Gary Neal,1610612764.0,Washington,Wizards,WAS,0,0,,,,,,0,0,,,,,
0021500215,384,5,2,4,8:51 PM,9:56,Walker Lost Ball Turnover (P3.T15),,Dudley STEAL (1 STL),,,4.0,202689,Kemba Walker,1610612766.0,Charlotte,Hornets,CHA,5,201162,Jared Dudley,1610612764.0,Washington,Wizards,WAS,0,0,,,,,
0021500215,385,6,2,4,8:51 PM,9:53,Walker S.FOUL (P1.T2) (K.Scott),,,,,4.0,202689,Kemba Walker,1610612766.0,Charlotte,Hornets,CHA,5,201162,Jared Dudley,1610612764.0,Washington,Wizards,WAS,1,0,,,,,
0021500215,386,3,11,4,8:51 PM,9:53,,,Dudley Free Throw 1 of 2 (6 PTS),84 - 76,-8,5.0,201162,Jared Dudley,1610612764.0,Washington,Wizards,WAS,0,0,,,,,,0,0,,,,,
0021500215,389,3,12,4,8:51 PM,9:53,,,Dudley Free Throw 2 of 2 (7 PTS),85 - 76,-9,5.0,201162,Jared Dudley,1610612764.0,Washington,Wizards,WAS,0,0,,,,,,0,0,,,,,
0021500215,392,6,1,4,8:52 PM,9:45,,,Sessions P.FOUL (P2.T1) (J.Tiven),,,5.0,201196,Ramon Sessions,1610612764.0,Washington,Wizards,WAS,4,202689,Kemba Walker,1610612766.0,Charlotte,Hornets,CHA,1,0,,,,,
0021500215,393,6,1,4,8:52 PM,9:38,,,Nene P.FOUL (P2.T2) (K.Scott),,,5.0,2403,Nene,1610612764.0,Washington,Wizards,WAS,4,202689,Kemba Walker,1610612766.0,Charlotte,Hornets,CHA,1,0,,,,,
0021500215,394,5,1,4,8:53 PM,9:25,Walker Bad Pass Turnover (P4.T16),,Temple STEAL (2 STL),,,4.0,202689,Kemba Walker,1610612766.0,Charlotte,Hornets,CHA,5,202066,Garrett Temple,1610612764.0,Washington,Wizards,WAS,0,0,,,,,
0021500215,395,2,1,4,8:53 PM,9:16,,,MISS Neal 21' Jump Shot,,,5.0,202390,Gary Neal,1610612764.0,Washington,Wizards,WAS,0,0,,,,,,0,0,,,,,
0021500215,396,4,0,4,8:53 PM,9:15,Lamb REBOUND (Off:0 Def:4),,,,,4.0,203087,Jeremy Lamb,1610612766.0,Charlotte,Hornets,CHA,0,0,,,,,,0,0,,,,,
0021500215,397,6,4,4,8:53 PM,9:09,Lamb OFF.Foul (P2) (T.Brothers),,,,,4.0,203087,Jeremy Lamb,1610612766.0,Charlotte,Hornets,CHA,5,2403,Nene,1610612764.0,Washington,Wizards,WAS,1,0,,,,,
0021500215,398,5,5,4,8:53 PM,9:09,Lamb Foul Turnover (P3.T17),,,,,4.0,203087,Jeremy Lamb,1610612766.0,Charlotte,Hornets,CHA,0,0,,,,,,1,0,,,,,
0021500215,399,2,80,4,8:54 PM,8:44,,,MISS Nene 18' Step Back Jump Shot,,,5.0,2403,Nene,1610612764.0,Washington,Wizards,WAS,0,0,,,,,,0,0,,,,,
0021500215,400,4,0,4,8:54 PM,8:42,Lamb REBOUND (Off:0 Def:5),,,,,4.0,203087,Jeremy Lamb,1610612766.0,Charlotte,Hornets,CHA,0,0,,,,,,0,0,,,,,
0021500215,401,6,2,4,8:54 PM,8:30,,,Nene S.FOUL (P3.T3) (K.Scott),,,5.0,2403,Nene,1610612764.0,Washington,Wizards,WAS,4,203087,Jeremy Lamb,1610612766.0,Charlotte,Hornets,CHA,1,0,,,,,
0021500215,402,9,4,4,8:54 PM,8:30,,,,,,1.0,0,,,,,,0,0,,,,,,0,0,,,,,
0021500215,405,3,11,4,8:56 PM,8:30,Lamb Free Throw 1 of 2 (10 PTS),,,85 - 77,-8,4.0,203087,Jeremy Lamb,1610612766.0,Charlotte,Hornets,CHA,0,0,,,,,,0,0,,,,,
0021500215,407,3,12,4,8:57 PM,8:30,Lamb Free Throw 2 of 2 (11 PTS),,,85 - 78,-7,4.0,203087,Jeremy Lamb,1610612766.0,Charlotte,Hornets,CHA,0,0,,,,,,0,0,,,,,
0021500215,409,2,1,4,8:57 PM,8:10,Lin BLOCK (2 BLK),,MISS Neal 7' Jump Shot,,,5.0,202390,Gary Neal,1610612764.0,Washington,Wizards,WAS,0,0,,,,,,4,202391,Jeremy Lin,1610612766.0,Charlotte,Hornets,CHA
0021500215,410,10,0,4,8:58 PM,8:10,Jump Ball Lin vs. Neal: Tip to Walker,,,,,4.0,202391,Jeremy Lin,1610612766.0,Charlotte,Hornets,CHA,5,202390,Gary Neal,1610612764.0,Washington,Wizards,WAS,4,202689,Kemba Walker,1610612766.0,Charlotte,Hornets,CHA
0021500215,411,4,0,4,8:58 PM,8:10,HORNETS Rebound,,,,,2.0,1610612766,,,,,,0,0,,,,,,0,0,,,,,
0021500215,412,1,5,4,8:58 PM,8:04,Walker 2' Layup (12 PTS),,,85 - 80,-5,4.0,202689,Kemba Walker,1610612766.0,Charlotte,Hornets,CHA,0,0,,,,,,0,0,,,,,
0021500215,413,2,1,4,8:58 PM,7:42,,,MISS Nene 4' Jump Shot,,,5.0,2403,Nene,1610612764.0,Washington,Wizards,WAS,0,0,,,,,,0,0,,,,,
0021500215,414,4,0,4,8:58 PM,7:41,Zeller REBOUND (Off:0 Def:8),,,,,4.0,203469,Cody Zeller,1610612766.0,Charlotte,Hornets,CHA,0,0,,,,,,0,0,,,,,
0021500215,415,5,1,4,8:59 PM,7:26,Walker Bad Pass Turnover (P5.T18),,Neal STEAL (1 STL),,,4.0,202689,Kemba Walker,1610612766.0,Charlotte,Hornets,CHA,5,202390,Gary Neal,1610612764.0,Washington,Wizards,WAS,0,0,,,,,
0021500215,416,6,1,4,8:59 PM,7:18,Zeller P.FOUL (P2.T3) (J.Tiven),,,,,4.0,203469,Cody Zeller,1610612766.0,Charlotte,Hornets,CHA,5,2403,Nene,1610612764.0,Washington,Wizards,WAS,1,0,,,,,
0021500215,417,3,11,4,8:59 PM,7:18,,,MISS Nene Free Throw 1 of 2,,,5.0,2403,Nene,1610612764.0,Washington,Wizards,WAS,0,0,,,,,,0,0,,,,,
0021500215,418,4,1,4,8:59 PM,7:18,,,Wizards Rebound,,,3.0,1610612764,,,,,,0,0,,,,,,0,0,,,,,
0021500215,419,8,0,4,8:59 PM,7:18,,,SUB: Beal FOR Temple,,,5.0,202066,Garrett Temple,1610612764.0,Washington,Wizards,WAS,5,203078,Bradley Beal,1610612764.0,Washington,Wizards,WAS,0,0,,,,,
0021500215,420,8,0,4,8:59 PM,7:18,,,SUB: Wall FOR Sessions,,,5.0,201196,Ramon Sessions,1610612764.0,Washington,Wizards,WAS,5,202322,John Wall,1610612764.0,Washington,Wizards,WAS,0,0,,,,,
0021500215,421,8,0,4,8:59 PM,7:18,SUB: Jefferson FOR Zeller,,,,,4.0,203469,Cody Zeller,1610612766.0,Charlotte,Hornets,CHA,4,2744,Al Jefferson,1610612766.0,Charlotte,Hornets,CHA,0,0,,,,,
0021500215,426,8,0,4,9:00 PM,7:18,SUB: Batum FOR Walker,,,,,4.0,202689,Kemba Walker,1610612766.0,Charlotte,Hornets,CHA,4,201587,Nicolas Batum,1610612766.0,Charlotte,Hornets,CHA,0,0,,,,,
0021500215,429,8,0,4,9:00 PM,7:18,SUB: Williams FOR Kaminsky,,,,,4.0,1626163,Frank Kaminsky,1610612766.0,Charlotte,Hornets,CHA,4,101107,Marvin Williams,1610612766.0,Charlotte,Hornets,CHA,0,0,,,,,
0021500215,422,3,12,4,9:00 PM,7:18,,,MISS Nene Free Throw 2 of 2,,,5.0,2403,Nene,1610612764.0,Washington,Wizards,WAS,0,0,,,,,,0,0,,,,,
0021500215,424,4,0,4,9:00 PM,7:15,Batum REBOUND (Off:1 Def:4),,,,,4.0,201587,Nicolas Batum,1610612766.0,Charlotte,Hornets,CHA,0,0,,,,,,0,0,,,,,
0021500215,425,6,1,4,9:00 PM,7:08,,,Nene P.FOUL (P4.T4) (T.Brothers),,,5.0,2403,Nene,1610612764.0,Washington,Wizards,WAS,4,202391,Jeremy Lin,1610612766.0,Charlotte,Hornets,CHA,1,0,,,,,
0021500215,427,6,4,4,9:00 PM,7:05,Lin OFF.Foul (P4) (K.Scott),,,,,4.0,202391,Jeremy Lin,1610612766.0,Charlotte,Hornets,CHA,5,2403,Nene,1610612764.0,Washington,Wizards,WAS,1,0,,,,,
0021500215,428,5,5,4,9:00 PM,7:05,Lin Foul Turnover (P3.T19),,,,,4.0,202391,Jeremy Lin,1610612766.0,Charlotte,Hornets,CHA,0,0,,,,,,1,0,,,,,
0021500215,430,2,1,4,9:01 PM,6:50,,,MISS Wall 18' Jump Shot,,,5.0,202322,John Wall,1610612764.0,Washington,Wizards,WAS,0,0,,,,,,0,0,,,,,
0021500215,431,4,0,4,9:01 PM,6:48,Jefferson REBOUND (Off:2 Def:6),,,,,4.0,2744,Al Jefferson,1610612766.0,Charlotte,Hornets,CHA,0,0,,,,,,0,0,,,,,
0021500215,432,1,1,4,9:01 PM,6:39,Batum 25' 3PT Jump Shot (13 PTS) (Lamb 2 AST),,,85 - 83,-2,4.0,201587,Nicolas Batum,1610612766.0,Charlotte,Hornets,CHA,4,203087,Jeremy Lamb,1610612766.0,Charlotte,Hornets,CHA,0,0,,,,,
0021500215,433,2,1,4,9:01 PM,6:22,Williams BLOCK (1 BLK),,MISS Nene 5' Jump Shot,,,5.0,2403,Nene,1610612764.0,Washington,Wizards,WAS,0,0,,,,,,4,101107,Marvin Williams,1610612766.0,Charlotte,Hornets,CHA
0021500215,434,4,0,4,9:01 PM,6:22,,,Wizards Rebound,,,3.0,1610612764,,,,,,0,0,,,,,,0,0,,,,,
0021500215,435,2,1,4,9:02 PM,6:19,,,MISS Beal 21' Jump Shot,,,5.0,203078,Bradley Beal,1610612764.0,Washington,Wizards,WAS,0,0,,,,,,0,0,,,,,
0021500215,436,4,0,4,9:02 PM,6:18,Jefferson REBOUND (Off:2 Def:7),,,,,4.0,2744,Al Jefferson,1610612766.0,Charlotte,Hornets,CHA,0,0,,,,,,0,0,,,,,
0021500215,438,8,0,4,9:02 PM,6:11,,,SUB: Gortat FOR Nene,,,5.0,2403,Nene,1610612764.0,Washington,Wizards,WAS,5,101162,Marcin Gortat,1610612764.0,Washington,Wizards,WAS,0,0,,,,,
0021500215,439,2,1,4,9:03 PM,5:56,MISS Batum 27' 3PT Jump Shot,,,,,4.0,201587,Nicolas Batum,1610612766.0,Charlotte,Hornets,CHA,0,0,,,,,,0,0,,,,,
0021500215,440,4,0,4,9:03 PM,5:56,Williams REBOUND (Off:4 Def:4),,,,,4.0,101107,Marvin Williams,1610612766.0,Charlotte,Hornets,CHA,0,0,,,,,,0,0,,,,,
0021500215,441,6,2,4,9:03 PM,5:56,,,Neal S.FOUL (P3.PN) (T.Brothers),,,5.0,202390,Gary Neal,1610612764.0,Washington,Wizards,WAS,4,101107,Marvin Williams,1610612766.0,Charlotte,Hornets,CHA,1,0,,,,,
0021500215,442,9,1,4,9:03 PM,5:56,HORNETS Timeout: Regular (Full 5 Short 2),,,,,2.0,1610612766,,,,,,0,0,,,,,,0,0,,,,,
0021500215,444,3,11,4,9:05 PM,5:56,Williams Free Throw 1 of 2 (13 PTS),,,85 - 84,-1,4.0,101107,Marvin Williams,1610612766.0,Charlotte,Hornets,CHA,0,0,,,,,,0,0,,,,,
0021500215,446,3,12,4,9:05 PM,5:56,Williams Free Throw 2 of 2 (14 PTS),,,85 - 85,TIE,4.0,101107,Marvin Williams,1610612766.0,Charlotte,Hornets,CHA,0,0,,,,,,0,0,,,,,
0021500215,448,2,1,4,9:06 PM,5:40,,,MISS Dudley 26' 3PT Jump Shot,,,5.0,201162,Jared Dudley,1610612764.0,Washington,Wizards,WAS,0,0,,,,,,0,0,,,,,
0021500215,449,4,0,4,9:06 PM,5:37,,,Wall REBOUND (Off:3 Def:2),,,5.0,202322,John Wall,1610612764.0,Washington,Wizards,WAS,0,0,,,,,,0,0,,,,,
0021500215,450,2,1,4,9:06 PM,5:28,,,MISS Neal 19' Jump Shot,,,5.0,202390,Gary Neal,1610612764.0,Washington,Wizards,WAS,0,0,,,,,,0,0,,,,,
0021500215,451,4,0,4,9:06 PM,5:27,Williams REBOUND (Off:4 Def:5),,,,,4.0,101107,Marvin Williams,1610612766.0,Charlotte,Hornets,CHA,0,0,,,,,,0,0,,,,,
0021500215,452,2,1,4,9:06 PM,5:14,MISS Lin 21' Jump Shot,,,,,4.0,202391,Jeremy Lin,1610612766.0,Charlotte,Hornets,CHA,0,0,,,,,,0,0,,,,,
0021500215,453,4,0,4,9:06 PM,5:13,,,Wizards Rebound,,,3.0,1610612764,,,,,,0,0,,,,,,0,0,,,,,
0021500215,454,6,4,4,9:07 PM,5:08,,,Gortat OFF.Foul (P3) (J.Tiven),,,5.0,101162,Marcin Gortat,1610612764.0,Washington,Wizards,WAS,4,202391,Jeremy Lin,1610612766.0,Charlotte,Hornets,CHA,1,0,,,,,
0021500215,455,5,5,4,9:07 PM,5:08,,,Gortat Foul Turnover (P2.T12),,,5.0,101162,Marcin Gortat,1610612764.0,Washington,Wizards,WAS,0,0,,,,,,1,0,,,,,
0021500215,456,8,0,4,9:07 PM,5:08,SUB: Walker FOR Lin,,,,,4.0,202391,Jeremy Lin,1610612766.0,Charlotte,Hornets,CHA,4,202689,Kemba Walker,1610612766.0,Charlotte,Hornets,CHA,0,0,,,,,
0021500215,457,1,1,4,9:07 PM,4:59,Batum 27' 3PT Jump Shot (16 PTS) (Walker 4 AST),,,85 - 88,3,4.0,201587,Nicolas Batum,1610612766.0,Charlotte,Hornets,CHA,4,202689,Kemba Walker,1610612766.0,Charlotte,Hornets,CHA,0,0,,,,,
0021500215,458,2,1,4,9:07 PM,4:40,,,MISS Wall 27' 3PT Jump Shot,,,5.0,202322,John Wall,1610612764.0,Washington,Wizards,WAS,0,0,,,,,,0,0,,,,,
0021500215,459,4,0,4,9:07 PM,4:37,Batum REBOUND (Off:1 Def:5),,,,,4.0,201587,Nicolas Batum,1610612766.0,Charlotte,Hornets,CHA,0,0,,,,,,0,0,,,,,
0021500215,460,1,1,4,9:08 PM,4:19,Lamb 18' Jump Shot (13 PTS),,,85 - 90,5,4.0,203087,Jeremy Lamb,1610612766.0,Charlotte,Hornets,CHA,0,0,,,,,,0,0,,,,,
0021500215,461,9,1,4,9:08 PM,4:19,,,Wizards Timeout: Regular (Reg.3 Short 1),,,3.0,1610612764,,,,,,0,0,,,,,,0,0,,,,,
0021500215,463,8,0,4,9:10 PM,4:19,,,SUB: Porter Jr. FOR Dudley,,,5.0,201162,Jared Dudley,1610612764.0,Washington,Wizards,WAS,5,203490,Otto Porter Jr.,1610612764.0,Washington,Wizards,WAS,0,0,,,,,
0021500215,464,2,1,4,9:10 PM,4:08,,,MISS Neal 17' Jump Shot,,,5.0,202390,Gary Neal,1610612764.0,Washington,Wizards,WAS,0,0,,,,,,0,0,,,,,
0021500215,465,4,0,4,9:10 PM,4:07,Williams REBOUND (Off:4 Def:6),,,,,4.0,101107,Marvin Williams,1610612766.0,Charlotte,Hornets,CHA,0,0,,,,,,0,0,,,,,
0021500215,466,1,5,4,9:11 PM,3:48,Jefferson 3' Layup (14 PTS) (Lamb 3 AST),,,85 - 92,7,4.0,2744,Al Jefferson,1610612766.0,Charlotte,Hornets,CHA,4,203087,Jeremy Lamb,1610612766.0,Charlotte,Hornets,CHA,0,0,,,,,
0021500215,467,2,1,4,9:11 PM,3:28,,,MISS Wall 26' 3PT Jump Shot,,,5.0,202322,John Wall,1610612764.0,Washington,Wizards,WAS,0,0,,,,,,0,0,,,,,
0021500215,468,4,0,4,9:11 PM,3:26,Lamb REBOUND (Off:0 Def:6),,,,,4.0,203087,Jeremy Lamb,1610612766.0,Charlotte,Hornets,CHA,0,0,,,,,,0,0,,,,,
0021500215,469,1,5,4,9:11 PM,3:09,Walker 2' Layup (14 PTS) (Batum 11 AST),,,85 - 94,9,4.0,202689,Kemba Walker,1610612766.0,Charlotte,Hornets,CHA,4,201587,Nicolas Batum,1610612766.0,Charlotte,Hornets,CHA,0,0,,,,,
0021500215,470,9,1,4,9:12 PM,3:09,,,Wizards Timeout: Regular (Reg.4 Short 1),,,3.0,1610612764,,,,,,0,0,,,,,,0,0,,,,,
0021500215,472,5,1,4,9:13 PM,3:00,,,Beal Bad Pass Turnover (P2.T13),,,5.0,203078,Bradley Beal,1610612764.0,Washington,Wizards,WAS,0,0,,,,,,0,0,,,,,
0021500215,473,2,1,4,9:14 PM,2:48,MISS Batum 25' 3PT Jump Shot,,,,,4.0,201587,Nicolas Batum,1610612766.0,Charlotte,Hornets,CHA,0,0,,,,,,0,0,,,,,
0021500215,474,4,0,4,9:14 PM,2:46,Jefferson REBOUND (Off:3 Def:7),,,,,4.0,2744,Al Jefferson,1610612766.0,Charlotte,Hornets,CHA,0,0,,,,,,0,0,,,,,
0021500215,475,2,1,4,9:14 PM,2:43,MISS Jefferson 16' Jump Shot,,,,,4.0,2744,Al Jefferson,1610612766.0,Charlotte,Hornets,CHA,0,0,,,,,,0,0,,,,,
0021500215,476,4,0,4,9:14 PM,2:42,,,Wizards Rebound,,,3.0,1610612764,,,,,,0,0,,,,,,0,0,,,,,
0021500215,477,2,1,4,9:14 PM,2:35,,,MISS Neal 20' Jump Shot,,,5.0,202390,Gary Neal,1610612764.0,Washington,Wizards,WAS,0,0,,,,,,0,0,,,,,
0021500215,478,4,0,4,9:14 PM,2:34,Williams REBOUND (Off:4 Def:7),,,,,4.0,101107,Marvin Williams,1610612766.0,Charlotte,Hornets,CHA,0,0,,,,,,0,0,,,,,
0021500215,479,2,1,4,9:15 PM,2:16,MISS Jefferson 5' Jump Shot,,,,,4.0,2744,Al Jefferson,1610612766.0,Charlotte,Hornets,CHA,0,0,,,,,,0,0,,,,,
0021500215,480,4,0,4,9:15 PM,2:15,,,Gortat REBOUND (Off:3 Def:8),,,5.0,101162,Marcin Gortat,1610612764.0,Washington,Wizards,WAS,0,0,,,,,,0,0,,,,,
0021500215,481,5,1,4,9:15 PM,2:03,Jefferson STEAL (1 STL),,Wall Bad Pass Turnover (P5.T14),,,5.0,202322,John Wall,1610612764.0,Washington,Wizards,WAS,4,2744,Al Jefferson,1610612766.0,Charlotte,Hornets,CHA,0,0,,,,,
0021500215,482,1,1,4,9:15 PM,1:52,Walker 7' Jump Shot (16 PTS),,,85 - 96,11,4.0,202689,Kemba Walker,1610612766.0,Charlotte,Hornets,CHA,0,0,,,,,,0,0,,,,,
0021500215,483,2,1,4,9:15 PM,1:42,,,MISS Beal 26' 3PT Jump Shot,,,5.0,203078,Bradley Beal,1610612764.0,Washington,Wizards,WAS,0,0,,,,,,0,0,,,,,
0021500215,484,4,0,4,9:15 PM,1:41,Jefferson REBOUND (Off:3 Def:8),,,,,4.0,2744,Al Jefferson,1610612766.0,Charlotte,Hornets,CHA,0,0,,,,,,0,0,,,,,
0021500215,485,2,1,4,9:16 PM,1:22,MISS Walker 16' Jump Shot,,,,,4.0,202689,Kemba Walker,1610612766.0,Charlotte,Hornets,CHA,0,0,,,,,,0,0,,,,,
0021500215,486,4,0,4,9:16 PM,1:21,,,Neal REBOUND (Off:0 Def:3),,,5.0,202390,Gary Neal,1610612764.0,Washington,Wizards,WAS,0,0,,,,,,0,0,,,,,
0021500215,487,2,1,4,9:16 PM,1:07,,,MISS Neal 25' 3PT Jump Shot,,,5.0,202390,Gary Neal,1610612764.0,Washington,Wizards,WAS,0,0,,,,,,0,0,,,,,
0021500215,488,4,0,4,9:16 PM,1:05,,,Gortat REBOUND (Off:4 Def:8),,,5.0,101162,Marcin Gortat,1610612764.0,Washington,Wizards,WAS,0,0,,,,,,0,0,,,,,
0021500215,489,2,1,4,9:16 PM,1:02,,,MISS Beal 27' 3PT Jump Shot,,,5.0,203078,Bradley Beal,1610612764.0,Washington,Wizards,WAS,0,0,,,,,,0,0,,,,,
0021500215,490,4,0,4,9:16 PM,1:01,Batum REBOUND (Off:1 Def:6),,,,,4.0,201587,Nicolas Batum,1610612766.0,Charlotte,Hornets,CHA,0,0,,,,,,0,0,,,,,
0021500215,491,6,28,4,9:16 PM,0:55,,,Beal Personal Take Foul (P1.PN) (T.Brothers),,,5.0,203078,Bradley Beal,1610612764.0,Washington,Wizards,WAS,4,203087,Jeremy Lamb,1610612766.0,Charlotte,Hornets,CHA,1,0,,,,,
0021500215,492,3,11,4,9:16 PM,0:55,Lamb Free Throw 1 of 2 (14 PTS),,,85 - 97,12,4.0,203087,Jeremy Lamb,1610612766.0,Charlotte,Hornets,CHA,0,0,,,,,,0,0,,,,,
0021500215,494,3,12,4,9:16 PM,0:55,Lamb Free Throw 2 of 2 (15 PTS),,,85 - 98,13,4.0,203087,Jeremy Lamb,1610612766.0,Charlotte,Hornets,CHA,0,0,,,,,,0,0,,,,,
0021500215,496,9,1,4,9:17 PM,0:55,,,Wizards Timeout: Regular (Reg.5 Short 1),,,3.0,1610612764,,,,,,0,0,,,,,,0,0,,,,,
0021500215,498,8,0,4,9:18 PM,0:55,SUB: Zeller FOR Jefferson,,,,,4.0,2744,Al Jefferson,1610612766.0,Charlotte,Hornets,CHA,4,203469,Cody Zeller,1610612766.0,Charlotte,Hornets,CHA,0,0,,,,,
0021500215,499,2,1,4,9:19 PM,0:48,,,MISS Porter Jr. 28' 3PT Jump Shot,,,5.0,203490,Otto Porter Jr.,1610612764.0,Washington,Wizards,WAS,0,0,,,,,,0,0,,,,,
0021500215,500,4,0,4,9:19 PM,0:47,Lamb REBOUND (Off:0 Def:7),,,,,4.0,203087,Jeremy Lamb,1610612766.0,Charlotte,Hornets,CHA,0,0,,,,,,0,0,,,,,
0021500215,501,1,1,4,9:19 PM,0:27,Lamb 27' 3PT Jump Shot (18 PTS) (Walker 5 AST),,,85 - 101,16,4.0,203087,Jeremy Lamb,1610612766.0,Charlotte,Hornets,CHA,4,202689,Kemba Walker,1610612766.0,Charlotte,Hornets,CHA,0,0,,,,,
0021500215,502,6,2,4,9:19 PM,0:23,Zeller S.FOUL (P3.T4) (K.Scott),,,,,4.0,203469,Cody Zeller,1610612766.0,Charlotte,Hornets,CHA,5,202390,Gary Neal,1610612764.0,Washington,Wizards,WAS,1,0,,,,,
0021500215,503,3,11,4,9:20 PM,0:23,,,Neal Free Throw 1 of 2 (17 PTS),86 - 101,15,5.0,202390,Gary Neal,1610612764.0,Washington,Wizards,WAS,0,0,,,,,,0,0,,,,,
0021500215,505,3,12,4,9:20 PM,0:23,,,Neal Free Throw 2 of 2 (18 PTS),87 - 101,14,5.0,202390,Gary Neal,1610612764.0,Washington,Wizards,WAS,0,0,,,,,,0,0,,,,,
0021500215,507,13,0,4,9:20 PM,0:00,,,,87 - 101,14,0.0,0,,,,,,0,0,,,,,,0,0,,,,,
