GAME_ID,EVENTNUM,EVENTMSGTYPE,EVENTMSGACTIONTYPE,PERIOD,WCTIMESTRING,PCTIMESTRING,HOMEDESCRIPTION,NEUTRALDESCRIPTION,VISITORDESCRIPTION,SCORE,SCOREMARGIN,PERSON1TYPE,PLAYER1_ID,PLAYER1_NAME,PLAYER1_TEAM_ID,PLAYER1_TEAM_CITY,PLAYER1_TEAM_NICKNAME,PLAYER1_TEAM_ABBREVIATION,PERSON2TYPE,PLAYER2_ID,PLAYER2_NAME,PLAYER2_TEAM_ID,PLAYER2_TEAM_CITY,PLAYER2_TEAM_NICKNAME,PLAYER2_TEAM_ABBREVIATION,PERSON3TYPE,PLAYER3_ID,PLAYER3_NAME,PLAYER3_TEAM_ID,PLAYER3_TEAM_CITY,PLAYER3_TEAM_NICKNAME,PLAYER3_TEAM_ABBREVIATION
0021500189,0,12,0,1,5:11 PM,12:00,,,,,,0.0,0,,,,,,0,0,,,,,,0,0,,,,,
0021500189,1,10,0,1,5:11 PM,12:00,Jump Ball Vucevic vs. Cauley-Stein: Tip to Payton,,,,,4.0,202696,Nikola Vucevic,1610612753.0,Orlando,Magic,ORL,5,1626161,Willie Cauley-Stein,1610612758.0,Sacramento,Kings,SAC,4,203901,Elfrid Payton,1610612753.0,Orlando,Magic,ORL
0021500189,2,5,2,1,5:11 PM,11:43,Vucevic Lost Ball Turnover (P1.T1),,Collison STEAL (1 STL),,,4.0,202696,Nikola Vucevic,1610612753.0,Orlando,Magic,ORL,5,201954,Darren Collison,1610612758.0,Sacramento,Kings,SAC,0,0,,,,,
0021500189,3,2,46,1,5:11 PM,11:37,,,MISS Collison 4' Running Jump Shot,,,5.0,201954,Darren Collison,1610612758.0,Sacramento,Kings,SAC,0,0,,,,,,0,0,,,,,
0021500189,5,4,0,1,5:11 PM,11:36,,,Cauley-Stein REBOUND (Off:1 Def:0),,,5.0,1626161,Willie Cauley-Stein,1610612758.0,Sacramento,Kings,SAC,0,0,,,,,,0,0,,,,,
0021500189,4,2,97,1,5:11 PM,11:36,,,MISS Cauley-Stein 2' Tip Layup Shot,,,5.0,1626161,Willie Cauley-Stein,1610612758.0,Sacramento,Kings,SAC,0,0,,,,,,0,0,,,,,
0021500189,7,4,0,1,5:11 PM,11:34,,,Cauley-Stein REBOUND (Off:2 Def:0),,,5.0,1626161,Willie Cauley-Stein,1610612758.0,Sacramento,Kings,SAC,0,0,,,,,,0,0,,,,,
0021500189,6,2,97,1,5:11 PM,11:34,,,MISS Cauley-Stein 2' Tip Layup Shot,,,5.0,1626161,Willie Cauley-Stein,1610612758.0,Sacramento,Kings,SAC,0,0,,,,,,0,0,,,,,
0021500189,8,4,0,1,5:11 PM,11:33,Oladipo REBOUND (Off:0 Def:1),,,,,4.0,203506,Victor Oladipo,1610612753.0,Orlando,Magic,ORL,0,0,,,,,,0,0,,,,,
0021500189,9,1,41,1,5:11 PM,11:29,Harris 1' Running Layup (2 PTS) (Oladipo 1 AST),,,0 - 2,2,4.0,202699,Tobias Harris,1610612753.0,Orlando,Magic,ORL,4,203506,Victor Oladipo,1610612753.0,Orlando,Magic,ORL,0,0,,,,,
0021500189,10,2,42,1,5:12 PM,11:11,,,MISS Cousins 2' Driving Layup,,,5.0,202326,DeMarcus Cousins,1610612758.0,Sacramento,Kings,SAC,0,0,,,,,,0,0,,,,,
0021500189,11,4,0,1,5:12 PM,11:10,Vucevic REBOUND (Off:0 Def:1),,,,,4.0,202696,Nikola Vucevic,1610612753.0,Orlando,Magic,ORL,0,0,,,,,,0,0,,,,,
0021500189,12,2,1,1,5:12 PM,11:03,MISS Fournier 25' 3PT Jump Shot,,,,,4.0,203095,Evan Fournier,1610612753.0,Orlando,Magic,ORL,0,0,,,,,,0,0,,,,,
0021500189,13,4,0,1,5:12 PM,11:03,,,Cousins REBOUND (Off:0 Def:1),,,5.0,202326,DeMarcus Cousins,1610612758.0,Sacramento,Kings,SAC,0,0,,,,,,0,0,,,,,
0021500189,14,2,3,1,5:12 PM,10:54,,,MISS Cauley-Stein 5' Hook Shot,,,5.0,1626161,Willie Cauley-Stein,1610612758.0,Sacramento,Kings,SAC,0,0,,,,,,0,0,,,,,
0021500189,15,4,0,1,5:12 PM,10:53,Vucevic REBOUND (Off:0 Def:2),,,,,4.0,202696,Nikola Vucevic,1610612753.0,Orlando,Magic,ORL,0,0,,,,,,0,0,,,,,
0021500189,16,2,1,1,5:12 PM,10:33,MISS Fournier 7' Jump Shot,,,,,4.0,203095,Evan Fournier,1610612753.0,Orlando,Magic,ORL,0,0,,,,,,0,0,,,,,
0021500189,17,4,0,1,5:12 PM,10:32,,,Cousins REBOUND (Off:0 Def:2),,,5.0,202326,DeMarcus Cousins,1610612758.0,Sacramento,Kings,SAC,0,0,,,,,,0,0,,,,,
0021500189,18,5,4,1,5:13 PM,10:19,,,Collison Traveling Turnover (P1.T1),,,5.0,201954,Darren Collison,1610612758.0,Sacramento,Kings,SAC,0,0,,,,,,1,0,,,,,
0021500189,20,6,1,1,5:13 PM,10:11,,,Cousins P.FOUL (P1.T1) (C.Blair),,,5.0,202326,DeMarcus Cousins,1610612758.0,Sacramento,Kings,SAC,4,202696,Nikola Vucevic,1610612753.0,Orlando,Magic,ORL,1,0,,,,,
0021500189,21,5,1,1,5:13 PM,10:06,Payton Bad Pass Turnover (P1.T2),,Rondo STEAL (1 STL),,,4.0,203901,Elfrid Payton,1610612753.0,Orlando,Magic,ORL,5,200765,Rajon Rondo,1610612758.0,Sacramento,Kings,SAC,0,0,,,,,
0021500189,22,1,50,1,5:14 PM,10:02,,,McLemore  Running Dunk (2 PTS) (Rondo 1 AST),2 - 2,TIE,5.0,203463,Ben McLemore,1610612758.0,Sacramento,Kings,SAC,5,200765,Rajon Rondo,1610612758.0,Sacramento,Kings,SAC,0,0,,,,,
0021500189,23,2,1,1,5:14 PM,9:44,MISS Harris  3PT Jump Shot,,,,,4.0,202699,Tobias Harris,1610612753.0,Orlando,Magic,ORL,0,0,,,,,,0,0,,,,,
0021500189,24,4,0,1,5:14 PM,9:43,,,Rondo REBOUND (Off:0 Def:1),,,5.0,200765,Rajon Rondo,1610612758.0,Sacramento,Kings,SAC,0,0,,,,,,0,0,,,,,
0021500189,25,2,79,1,5:14 PM,9:32,,,MISS McLemore 15' Pullup Jump Shot,,,5.0,203463,Ben McLemore,1610612758.0,Sacramento,Kings,SAC,0,0,,,,,,0,0,,,,,
0021500189,26,4,0,1,5:14 PM,9:31,Oladipo REBOUND (Off:0 Def:2),,,,,4.0,203506,Victor Oladipo,1610612753.0,Orlando,Magic,ORL,0,0,,,,,,0,0,,,,,
0021500189,27,2,1,1,5:14 PM,9:21,MISS Fournier 24' 3PT Jump Shot,,,,,4.0,203095,Evan Fournier,1610612753.0,Orlando,Magic,ORL,0,0,,,,,,0,0,,,,,
0021500189,28,4,0,1,5:14 PM,9:19,,,Cauley-Stein REBOUND (Off:2 Def:1),,,5.0,1626161,Willie Cauley-Stein,1610612758.0,Sacramento,Kings,SAC,0,0,,,,,,0,0,,,,,
0021500189,29,1,1,1,5:14 PM,9:07,,,Rondo  3PT Jump Shot (3 PTS) (McLemore 1 AST),5 - 2,-3,5.0,200765,Rajon Rondo,1610612758.0,Sacramento,Kings,SAC,5,203463,Ben McLemore,1610612758.0,Sacramento,Kings,SAC,0,0,,,,,
0021500189,30,2,1,1,5:15 PM,8:44,MISS Fournier  3PT Jump Shot,,,,,4.0,203095,Evan Fournier,1610612753.0,Orlando,Magic,ORL,0,0,,,,,,0,0,,,,,
0021500189,31,4,0,1,5:15 PM,8:43,,,Rondo REBOUND (Off:0 Def:2),,,5.0,200765,Rajon Rondo,1610612758.0,Sacramento,Kings,SAC,0,0,,,,,,0,0,,,,,
0021500189,32,2,1,1,5:15 PM,8:37,,,MISS McLemore  3PT Jump Shot,,,5.0,203463,Ben McLemore,1610612758.0,Sacramento,Kings,SAC,0,0,,,,,,0,0,,,,,
0021500189,33,4,0,1,5:15 PM,8:35,Vucevic REBOUND (Off:0 Def:3),,,,,4.0,202696,Nikola Vucevic,1610612753.0,Orlando,Magic,ORL,0,0,,,,,,0,0,,,,,
0021500189,34,1,1,1,5:15 PM,8:25,Vucevic 18' Jump Shot (2 PTS) (Fournier 1 AST),,,5 - 4,-1,4.0,202696,Nikola Vucevic,1610612753.0,Orlando,Magic,ORL,4,203095,Evan Fournier,1610612753.0,Orlando,Magic,ORL,0,0,,,,,
0021500189,35,6,2,1,5:15 PM,8:13,Vucevic S.FOUL (P1.T1) (J.Tiven),,,,,4.0,202696,Nikola Vucevic,1610612753.0,Orlando,Magic,ORL,5,202326,DeMarcus Cousins,1610612758.0,Sacramento,Kings,SAC,1,0,,,,,
0021500189,36,3,11,1,5:16 PM,8:13,,,Cousins Free Throw 1 of 2 (1 PTS),6 - 4,-2,5.0,202326,DeMarcus Cousins,1610612758.0,Sacramento,Kings,SAC,0,0,,,,,,0,0,,,,,
0021500189,38,8,0,1,5:16 PM,8:13,,,SUB: Casspi FOR Cauley-Stein,,,5.0,1626161,Willie Cauley-Stein,1610612758.0,Sacramento,Kings,SAC,5,201956,Omri Casspi,1610612758.0,Sacramento,Kings,SAC,0,0,,,,,
0021500189,39,3,12,1,5:16 PM,8:13,,,Cousins Free Throw 2 of 2 (2 PTS),7 - 4,-3,5.0,202326,DeMarcus Cousins,1610612758.0,Sacramento,Kings,SAC,0,0,,,,,,0,0,,,,,
0021500189,41,2,1,1,5:16 PM,7:55,MISS Vucevic 14' Jump Shot,,,,,4.0,202696,Nikola Vucevic,1610612753.0,Orlando,Magic,ORL,0,0,,,,,,0,0,,,,,
0021500189,42,4,0,1,5:16 PM,7:53,,,Collison REBOUND (Off:0 Def:1),,,5.0,201954,Darren Collison,1610612758.0,Sacramento,Kings,SAC,0,0,,,,,,0,0,,,,,
0021500189,43,1,42,1,5:17 PM,7:44,,,Cousins  Driving Layup (4 PTS),9 - 4,-5,5.0,202326,DeMarcus Cousins,1610612758.0,Sacramento,Kings,SAC,0,0,,,,,,0,0,,,,,
0021500189,44,2,1,1,5:17 PM,7:29,MISS Harris 25' 3PT Jump Shot,,,,,4.0,202699,Tobias Harris,1610612753.0,Orlando,Magic,ORL,0,0,,,,,,0,0,,,,,
0021500189,45,4,0,1,5:17 PM,7:29,,,Kings Rebound,,,3.0,1610612758,,,,,,0,0,,,,,,0,0,,,,,
0021500189,46,6,1,1,5:17 PM,7:27,Oladipo P.FOUL (P1.T2) (C.Blair),,,,,4.0,203506,Victor Oladipo,1610612753.0,Orlando,Magic,ORL,5,201954,Darren Collison,1610612758.0,Sacramento,Kings,SAC,1,0,,,,,
0021500189,47,6,17,1,5:18 PM,7:13,MAGIC T.Foul (Def. 3 Sec Fournier ) (T.Washington),,,,,4.0,203095,Evan Fournier,1610612753.0,Orlando,Magic,ORL,0,0,,,,,,1,0,,,,,
0021500189,48,3,16,1,5:18 PM,7:13,,,MISS Cousins Free Throw Technical,,,5.0,202326,DeMarcus Cousins,1610612758.0,Sacramento,Kings,SAC,0,0,,,,,,0,0,,,,,
0021500189,49,4,1,1,5:18 PM,7:13,,,Kings Rebound,,,3.0,1610612758,,,,,,0,0,,,,,,0,0,,,,,
0021500189,51,5,2,1,5:18 PM,7:05,Fournier STEAL (1 STL),,Cousins Lost Ball Turnover (P1.T2),,,5.0,202326,DeMarcus Cousins,1610612758.0,Sacramento,Kings,SAC,4,203095,Evan Fournier,1610612753.0,Orlando,Magic,ORL,0,0,,,,,
0021500189,52,5,1,1,5:19 PM,6:56,Fournier Bad Pass Turnover (P1.T3),,Cousins STEAL (1 STL),,,4.0,203095,Evan Fournier,1610612753.0,Orlando,Magic,ORL,5,202326,DeMarcus Cousins,1610612758.0,Sacramento,Kings,SAC,0,0,,,,,
0021500189,53,5,1,1,5:19 PM,6:50,Harris STEAL (1 STL),,Rondo Bad Pass Turnover (P1.T3),,,5.0,200765,Rajon Rondo,1610612758.0,Sacramento,Kings,SAC,4,202699,Tobias Harris,1610612753.0,Orlando,Magic,ORL,0,0,,,,,
0021500189,55,2,41,1,5:19 PM,6:45,MISS Payton 2' Running Layup,,Cousins BLOCK (1 BLK),,,4.0,203901,Elfrid Payton,1610612753.0,Orlando,Magic,ORL,0,0,,,,,,5,202326,DeMarcus Cousins,1610612758.0,Sacramento,Kings,SAC
0021500189,56,4,0,1,5:19 PM,6:42,Oladipo REBOUND (Off:1 Def:2),,,,,4.0,203506,Victor Oladipo,1610612753.0,Orlando,Magic,ORL,0,0,,,,,,0,0,,,,,
0021500189,57,1,97,1,5:19 PM,6:41,Oladipo 2' Tip Layup Shot (2 PTS),,,9 - 6,-3,4.0,203506,Victor Oladipo,1610612753.0,Orlando,Magic,ORL,0,0,,,,,,0,0,,,,,
0021500189,58,1,42,1,5:19 PM,6:33,,,Collison 1' Driving Layup (2 PTS),11 - 6,-5,5.0,201954,Darren Collison,1610612758.0,Sacramento,Kings,SAC,0,0,,,,,,0,0,,,,,
0021500189,59,1,1,1,5:19 PM,6:16,Vucevic 3' Jump Shot (4 PTS) (Harris 1 AST),,,11 - 8,-3,4.0,202696,Nikola Vucevic,1610612753.0,Orlando,Magic,ORL,4,202699,Tobias Harris,1610612753.0,Orlando,Magic,ORL,0,0,,,,,
0021500189,60,2,1,1,5:19 PM,6:09,,,MISS Collison 27' 3PT Jump Shot,,,5.0,201954,Darren Collison,1610612758.0,Sacramento,Kings,SAC,0,0,,,,,,0,0,,,,,
0021500189,61,4,0,1,5:19 PM,6:08,Oladipo REBOUND (Off:1 Def:3),,,,,4.0,203506,Victor Oladipo,1610612753.0,Orlando,Magic,ORL,0,0,,,,,,0,0,,,,,
0021500189,62,2,78,1,5:20 PM,5:56,MISS Fournier 8' Floating Jump Shot,,,,,4.0,203095,Evan Fournier,1610612753.0,Orlando,Magic,ORL,0,0,,,,,,0,0,,,,,
0021500189,63,4,0,1,5:20 PM,5:55,,,Cousins REBOUND (Off:0 Def:3),,,5.0,202326,DeMarcus Cousins,1610612758.0,Sacramento,Kings,SAC,0,0,,,,,,0,0,,,,,
0021500189,64,2,1,1,5:20 PM,5:47,,,MISS Cousins 25' 3PT Jump Shot,,,5.0,202326,DeMarcus Cousins,1610612758.0,Sacramento,Kings,SAC,0,0,,,,,,0,0,,,,,
0021500189,65,4,0,1,5:20 PM,5:45,Vucevic REBOUND (Off:0 Def:4),,,,,4.0,202696,Nikola Vucevic,1610612753.0,Orlando,Magic,ORL,0,0,,,,,,0,0,,,,,
0021500189,66,1,79,1,5:20 PM,5:39,Payton 19' Pullup Jump Shot (2 PTS),,,11 - 10,-1,4.0,203901,Elfrid Payton,1610612753.0,Orlando,Magic,ORL,0,0,,,,,,0,0,,,,,
0021500189,67,5,2,1,5:20 PM,5:28,Vucevic STEAL (1 STL),,Cousins Lost Ball Turnover (P2.T4),,,5.0,202326,DeMarcus Cousins,1610612758.0,Sacramento,Kings,SAC,4,202696,Nikola Vucevic,1610612753.0,Orlando,Magic,ORL,0,0,,,,,
0021500189,68,1,5,1,5:20 PM,5:25,Harris 1' Layup (4 PTS) (Oladipo 2 AST),,,11 - 12,1,4.0,202699,Tobias Harris,1610612753.0,Orlando,Magic,ORL,4,203506,Victor Oladipo,1610612753.0,Orlando,Magic,ORL,0,0,,,,,
0021500189,69,6,2,1,5:20 PM,5:25,,,Casspi S.FOUL (P1.T2) (J.Tiven),,,5.0,201956,Omri Casspi,1610612758.0,Sacramento,Kings,SAC,4,202699,Tobias Harris,1610612753.0,Orlando,Magic,ORL,1,0,,,,,
0021500189,70,9,1,1,5:21 PM,5:25,MAGIC Timeout: Regular (Full 1 Short 0),,,,,2.0,1610612753,,,,,,0,0,,,,,,0,0,,,,,
0021500189,71,8,0,1,5:23 PM,5:25,SUB: Hezonja FOR Fournier,,,,,4.0,203095,Evan Fournier,1610612753.0,Orlando,Magic,ORL,4,1626209,Mario Hezonja,1610612753.0,Orlando,Magic,ORL,0,0,,,,,
0021500189,73,3,10,1,5:23 PM,5:25,Harris Free Throw 1 of 1 (5 PTS),,,11 - 13,2,4.0,202699,Tobias Harris,1610612753.0,Orlando,Magic,ORL,0,0,,,,,,0,0,,,,,
0021500189,76,1,1,1,5:23 PM,5:08,,,McLemore 22' Jump Shot (4 PTS) (Rondo 2 AST),13 - 13,TIE,5.0,203463,Ben McLemore,1610612758.0,Sacramento,Kings,SAC,5,200765,Rajon Rondo,1610612758.0,Sacramento,Kings,SAC,0,0,,,,,
0021500189,78,2,1,1,5:24 PM,4:52,MISS Oladipo 17' Jump Shot,,,,,4.0,203506,Victor Oladipo,1610612753.0,Orlando,Magic,ORL,0,0,,,,,,0,0,,,,,
0021500189,79,4,0,1,5:24 PM,4:49,Hezonja REBOUND (Off:1 Def:0),,,,,4.0,1626209,Mario Hezonja,1610612753.0,Orlando,Magic,ORL,0,0,,,,,,0,0,,,,,
0021500189,80,1,1,1,5:24 PM,4:38,Oladipo 26' 3PT Jump Shot (5 PTS) (Payton 1 AST),,,13 - 16,3,4.0,203506,Victor Oladipo,1610612753.0,Orlando,Magic,ORL,4,203901,Elfrid Payton,1610612753.0,Orlando,Magic,ORL,0,0,,,,,
0021500189,82,1,44,1,5:24 PM,4:17,,,Cousins 2' Reverse Layup (6 PTS),15 - 16,1,5.0,202326,DeMarcus Cousins,1610612758.0,Sacramento,Kings,SAC,0,0,,,,,,0,0,,,,,
0021500189,83,6,11,1,5:25 PM,4:11,Harris T.FOUL (P0.T2) (J.Tiven),,,,,4.0,202699,Tobias Harris,1610612753.0,Orlando,Magic,ORL,0,0,,,,,,1,0,,,,,
0021500189,84,3,16,1,5:25 PM,4:11,,,Collison Free Throw Technical (3 PTS),16 - 16,TIE,5.0,201954,Darren Collison,1610612758.0,Sacramento,Kings,SAC,0,0,,,,,,0,0,,,,,
0021500189,86,8,0,1,5:25 PM,4:11,,,SUB: Belinelli FOR Collison,,,5.0,201954,Darren Collison,1610612758.0,Sacramento,Kings,SAC,5,201158,Marco Belinelli,1610612758.0,Sacramento,Kings,SAC,0,0,,,,,
0021500189,87,8,0,1,5:25 PM,4:11,SUB: Gordon FOR Harris,,,,,4.0,202699,Tobias Harris,1610612753.0,Orlando,Magic,ORL,4,203932,Aaron Gordon,1610612753.0,Orlando,Magic,ORL,0,0,,,,,
0021500189,88,6,11,1,5:25 PM,4:11,,,,,,6.0,1654,,,,,,0,0,,,,,,1,0,,,,,
0021500189,89,3,16,1,5:26 PM,4:11,,,MISS Belinelli Free Throw Technical,,,5.0,201158,Marco Belinelli,1610612758.0,Sacramento,Kings,SAC,0,0,,,,,,0,0,,,,,
0021500189,90,4,1,1,5:26 PM,4:11,MAGIC Rebound,,,,,2.0,1610612753,,,,,,0,0,,,,,,0,0,,,,,
0021500189,91,2,1,1,5:26 PM,4:01,MISS Payton 18' Jump Shot,,,,,4.0,203901,Elfrid Payton,1610612753.0,Orlando,Magic,ORL,0,0,,,,,,0,0,,,,,
0021500189,92,4,0,1,5:26 PM,3:58,,,McLemore REBOUND (Off:0 Def:1),,,5.0,203463,Ben McLemore,1610612758.0,Sacramento,Kings,SAC,0,0,,,,,,0,0,,,,,
0021500189,93,6,2,1,5:27 PM,3:55,Gordon S.FOUL (P1.T3) (C.Blair),,,,,4.0,203932,Aaron Gordon,1610612753.0,Orlando,Magic,ORL,5,201158,Marco Belinelli,1610612758.0,Sacramento,Kings,SAC,1,0,,,,,
0021500189,95,3,13,1,5:27 PM,3:55,,,Belinelli Free Throw 1 of 3 (1 PTS),17 - 16,-1,5.0,201158,Marco Belinelli,1610612758.0,Sacramento,Kings,SAC,0,0,,,,,,0,0,,,,,
0021500189,97,3,14,1,5:27 PM,3:55,,,Belinelli Free Throw 2 of 3 (2 PTS),18 - 16,-2,5.0,201158,Marco Belinelli,1610612758.0,Sacramento,Kings,SAC,0,0,,,,,,0,0,,,,,
0021500189,99,8,0,1,5:27 PM,3:55,SUB: Dedmon FOR Vucevic,,,,,4.0,202696,Nikola Vucevic,1610612753.0,Orlando,Magic,ORL,4,203473,Dewayne Dedmon,1610612753.0,Orlando,Magic,ORL,0,0,,,,,
0021500189,100,8,0,1,5:27 PM,3:55,,,SUB: Koufos FOR McLemore,,,5.0,203463,Ben McLemore,1610612758.0,Sacramento,Kings,SAC,5,201585,Kosta Koufos,1610612758.0,Sacramento,Kings,SAC,0,0,,,,,
0021500189,101,3,15,1,5:27 PM,3:55,,,Belinelli Free Throw 3 of 3 (3 PTS),19 - 16,-3,5.0,201158,Marco Belinelli,1610612758.0,Sacramento,Kings,SAC,0,0,,,,,,0,0,,,,,
0021500189,103,5,2,1,5:28 PM,3:45,Oladipo Lost Ball Turnover (P1.T4),,Rondo STEAL (2 STL),,,4.0,203506,Victor Oladipo,1610612753.0,Orlando,Magic,ORL,5,200765,Rajon Rondo,1610612758.0,Sacramento,Kings,SAC,0,0,,,,,
0021500189,104,1,78,1,5:28 PM,3:22,,,Casspi 6' Floating Jump Shot (2 PTS) (Rondo 3 AST),21 - 16,-5,5.0,201956,Omri Casspi,1610612758.0,Sacramento,Kings,SAC,5,200765,Rajon Rondo,1610612758.0,Sacramento,Kings,SAC,0,0,,,,,
0021500189,105,1,79,1,5:28 PM,3:06,Oladipo 18' Pullup Jump Shot (7 PTS),,,21 - 18,-3,4.0,203506,Victor Oladipo,1610612753.0,Orlando,Magic,ORL,0,0,,,,,,0,0,,,,,
0021500189,106,1,1,1,5:29 PM,2:43,,,Rondo 27' 3PT Jump Shot (6 PTS) (Belinelli 1 AST),24 - 18,-6,5.0,200765,Rajon Rondo,1610612758.0,Sacramento,Kings,SAC,5,201158,Marco Belinelli,1610612758.0,Sacramento,Kings,SAC,0,0,,,,,
0021500189,107,1,7,1,5:29 PM,2:25,Gordon  Dunk (2 PTS) (Payton 2 AST),,,24 - 20,-4,4.0,203932,Aaron Gordon,1610612753.0,Orlando,Magic,ORL,4,203901,Elfrid Payton,1610612753.0,Orlando,Magic,ORL,0,0,,,,,
0021500189,108,6,1,1,5:30 PM,2:14,Dedmon P.FOUL (P1.T4) (T.Washington),,,,,4.0,203473,Dewayne Dedmon,1610612753.0,Orlando,Magic,ORL,5,202326,DeMarcus Cousins,1610612758.0,Sacramento,Kings,SAC,1,0,,,,,
0021500189,110,9,1,1,5:30 PM,2:14,,,Kings Timeout: Regular (Reg.1 Short 0),,,3.0,1610612758,,,,,,0,0,,,,,,0,0,,,,,
0021500189,113,8,0,1,5:32 PM,2:14,SUB: Fournier FOR Oladipo,,,,,4.0,203506,Victor Oladipo,1610612753.0,Orlando,Magic,ORL,4,203095,Evan Fournier,1610612753.0,Orlando,Magic,ORL,0,0,,,,,
0021500189,114,2,1,1,5:32 PM,2:05,,,MISS Belinelli 16' Jump Shot,,,5.0,201158,Marco Belinelli,1610612758.0,Sacramento,Kings,SAC,0,0,,,,,,0,0,,,,,
0021500189,115,4,0,1,5:32 PM,2:04,Hezonja REBOUND (Off:1 Def:1),,,,,4.0,1626209,Mario Hezonja,1610612753.0,Orlando,Magic,ORL,0,0,,,,,,0,0,,,,,
0021500189,116,6,4,1,5:32 PM,1:53,Dedmon OFF.Foul (P2) (C.Blair),,,,,4.0,203473,Dewayne Dedmon,1610612753.0,Orlando,Magic,ORL,5,201158,Marco Belinelli,1610612758.0,Sacramento,Kings,SAC,1,0,,,,,
0021500189,117,5,5,1,5:32 PM,1:53,Dedmon Foul Turnover (P1.T5),,,,,4.0,203473,Dewayne Dedmon,1610612753.0,Orlando,Magic,ORL,0,0,,,,,,1,0,,,,,
0021500189,118,8,0,1,5:33 PM,1:53,SUB: Smith FOR Dedmon,,,,,4.0,203473,Dewayne Dedmon,1610612753.0,Orlando,Magic,ORL,4,201160,Jason Smith,1610612753.0,Orlando,Magic,ORL,0,0,,,,,
0021500189,120,5,11,1,5:33 PM,1:29,,,Kings Turnover: Shot Clock (T#5),,,3.0,1610612758,,,,,,0,0,,,,,,1,0,,,,,
0021500189,121,5,1,1,5:34 PM,1:18,Hezonja Bad Pass Turnover (P1.T6),,Koufos STEAL (1 STL),,,4.0,1626209,Mario Hezonja,1610612753.0,Orlando,Magic,ORL,5,201585,Kosta Koufos,1610612758.0,Sacramento,Kings,SAC,0,0,,,,,
0021500189,122,1,1,1,5:34 PM,1:08,,,Rondo 26' 3PT Jump Shot (9 PTS) (Cousins 1 AST),27 - 20,-7,5.0,200765,Rajon Rondo,1610612758.0,Sacramento,Kings,SAC,5,202326,DeMarcus Cousins,1610612758.0,Sacramento,Kings,SAC,0,0,,,,,
0021500189,123,2,5,1,5:34 PM,0:54,MISS Payton 1' Layup,,,,,4.0,203901,Elfrid Payton,1610612753.0,Orlando,Magic,ORL,0,0,,,,,,0,0,,,,,
0021500189,124,4,0,1,5:34 PM,0:52,,,Koufos REBOUND (Off:0 Def:1),,,5.0,201585,Kosta Koufos,1610612758.0,Sacramento,Kings,SAC,0,0,,,,,,0,0,,,,,
0021500189,125,2,46,1,5:34 PM,0:47,,,MISS Casspi 25' 3PT Running Jump Shot,,,5.0,201956,Omri Casspi,1610612758.0,Sacramento,Kings,SAC,0,0,,,,,,0,0,,,,,
0021500189,126,4,0,1,5:34 PM,0:45,Gordon REBOUND (Off:0 Def:1),,,,,4.0,203932,Aaron Gordon,1610612753.0,Orlando,Magic,ORL,0,0,,,,,,0,0,,,,,
0021500189,127,2,79,1,5:34 PM,0:39,MISS Gordon 11' Pullup Jump Shot,,,,,4.0,203932,Aaron Gordon,1610612753.0,Orlando,Magic,ORL,0,0,,,,,,0,0,,,,,
0021500189,128,4,0,1,5:35 PM,0:38,,,Cousins REBOUND (Off:0 Def:4),,,5.0,202326,DeMarcus Cousins,1610612758.0,Sacramento,Kings,SAC,0,0,,,,,,0,0,,,,,
0021500189,129,2,5,1,5:35 PM,0:27,,,MISS Koufos 2' Layup,,,5.0,201585,Kosta Koufos,1610612758.0,Sacramento,Kings,SAC,0,0,,,,,,0,0,,,,,
0021500189,130,4,0,1,5:35 PM,0:26,Payton REBOUND (Off:0 Def:1),,,,,4.0,203901,Elfrid Payton,1610612753.0,Orlando,Magic,ORL,0,0,,,,,,0,0,,,,,
0021500189,131,1,50,1,5:35 PM,0:22,Gordon  Running Dunk (4 PTS) (Hezonja 1 AST),,,27 - 22,-5,4.0,203932,Aaron Gordon,1610612753.0,Orlando,Magic,ORL,4,1626209,Mario Hezonja,1610612753.0,Orlando,Magic,ORL,0,0,,,,,
0021500189,132,2,5,1,5:35 PM,0:00,,,MISS Casspi 3' Layup,,,5.0,201956,Omri Casspi,1610612758.0,Sacramento,Kings,SAC,0,0,,,,,,0,0,,,,,
0021500189,133,4,0,1,5:35 PM,0:00,,,Kings Rebound,,,3.0,1610612758,,,,,,0,0,,,,,,0,0,,,,,
0021500189,134,13,0,1,5:35 PM,0:00,,,,27 - 22,-5,0.0,0,,,,,,0,0,,,,,,0,0,,,,,
0021500189,136,12,0,2,5:38 PM,12:00,,,,27 - 22,-5,0.0,0,,,,,,0,0,,,,,,0,0,,,,,
0021500189,137,7,1,2,5:38 PM,12:00,,,Kings Violation: Delay of game Violation,,,3.0,1610612758,,,,,,0,0,,,,,,1,0,,,,,
0021500189,138,6,1,2,5:39 PM,11:49,Napier P.FOUL (P1.T1) (C.Blair),,,,,4.0,203894,Shabazz Napier,1610612753.0,Orlando,Magic,ORL,5,200765,Rajon Rondo,1610612758.0,Sacramento,Kings,SAC,1,0,,,,,
0021500189,141,1,98,2,5:40 PM,11:35,,,Cauley-Stein 2' Cutting Layup Shot (2 PTS) (Rondo 4 AST),29 - 22,-7,5.0,1626161,Willie Cauley-Stein,1610612758.0,Sacramento,Kings,SAC,5,200765,Rajon Rondo,1610612758.0,Sacramento,Kings,SAC,0,0,,,,,
0021500189,142,6,1,2,5:40 PM,11:23,,,Belinelli P.FOUL (P1.T1) (J.Tiven),,,5.0,201158,Marco Belinelli,1610612758.0,Sacramento,Kings,SAC,4,203095,Evan Fournier,1610612753.0,Orlando,Magic,ORL,1,0,,,,,
0021500189,143,1,1,2,5:41 PM,11:15,Smith 4' Jump Shot (2 PTS) (Napier 1 AST),,,29 - 24,-5,4.0,201160,Jason Smith,1610612753.0,Orlando,Magic,ORL,4,203894,Shabazz Napier,1610612753.0,Orlando,Magic,ORL,0,0,,,,,
0021500189,144,6,1,2,5:41 PM,11:04,Smith P.FOUL (P1.T2) (T.Washington),,,,,4.0,201160,Jason Smith,1610612753.0,Orlando,Magic,ORL,5,200765,Rajon Rondo,1610612758.0,Sacramento,Kings,SAC,1,0,,,,,
0021500189,145,8,0,2,5:41 PM,11:04,,,SUB: Collison FOR Rondo,,,5.0,200765,Rajon Rondo,1610612758.0,Sacramento,Kings,SAC,5,201954,Darren Collison,1610612758.0,Sacramento,Kings,SAC,0,0,,,,,
0021500189,146,2,1,2,5:42 PM,10:55,,,MISS Casspi 4' Jump Shot,,,5.0,201956,Omri Casspi,1610612758.0,Sacramento,Kings,SAC,0,0,,,,,,0,0,,,,,
0021500189,148,4,0,2,5:42 PM,10:53,,,Koufos REBOUND (Off:1 Def:1),,,5.0,201585,Kosta Koufos,1610612758.0,Sacramento,Kings,SAC,0,0,,,,,,0,0,,,,,
0021500189,147,2,97,2,5:42 PM,10:53,,,MISS Koufos 2' Tip Layup Shot,,,5.0,201585,Kosta Koufos,1610612758.0,Sacramento,Kings,SAC,0,0,,,,,,0,0,,,,,
0021500189,149,4,0,2,5:42 PM,10:52,Smith REBOUND (Off:0 Def:1),,,,,4.0,201160,Jason Smith,1610612753.0,Orlando,Magic,ORL,0,0,,,,,,0,0,,,,,
0021500189,150,1,1,2,5:42 PM,10:44,Hezonja  3PT Jump Shot (3 PTS),,,29 - 27,-2,4.0,1626209,Mario Hezonja,1610612753.0,Orlando,Magic,ORL,0,0,,,,,,0,0,,,,,
0021500189,151,6,1,2,5:42 PM,10:33,Hezonja P.FOUL (P1.T3) (J.Tiven),,,,,4.0,1626209,Mario Hezonja,1610612753.0,Orlando,Magic,ORL,5,201956,Omri Casspi,1610612758.0,Sacramento,Kings,SAC,1,0,,,,,
0021500189,152,2,1,2,5:42 PM,10:20,,,MISS Collison 13' Jump Shot,,,5.0,201954,Darren Collison,1610612758.0,Sacramento,Kings,SAC,0,0,,,,,,0,0,,,,,
0021500189,153,4,0,2,5:43 PM,10:18,MAGIC Rebound,,,,,2.0,1610612753,,,,,,0,0,,,,,,0,0,,,,,
0021500189,154,6,3,2,5:43 PM,10:18,,,Koufos L.B.FOUL (P1.T2) (T.Washington),,,5.0,201585,Kosta Koufos,1610612758.0,Sacramento,Kings,SAC,4,201160,Jason Smith,1610612753.0,Orlando,Magic,ORL,1,0,,,,,
0021500189,155,2,1,2,5:43 PM,10:07,MISS Fournier 4' Jump Shot,,,,,4.0,203095,Evan Fournier,1610612753.0,Orlando,Magic,ORL,0,0,,,,,,0,0,,,,,
0021500189,156,4,0,2,5:43 PM,10:06,,,Belinelli REBOUND (Off:0 Def:1),,,5.0,201158,Marco Belinelli,1610612758.0,Sacramento,Kings,SAC,0,0,,,,,,0,0,,,,,
0021500189,157,2,1,2,5:43 PM,9:49,,,MISS Belinelli 31' 3PT Jump Shot,,,5.0,201158,Marco Belinelli,1610612758.0,Sacramento,Kings,SAC,0,0,,,,,,0,0,,,,,
0021500189,158,4,0,2,5:43 PM,9:47,,,Koufos REBOUND (Off:2 Def:1),,,5.0,201585,Kosta Koufos,1610612758.0,Sacramento,Kings,SAC,0,0,,,,,,0,0,,,,,
0021500189,159,6,2,2,5:43 PM,9:47,Smith S.FOUL (P2.T4) (T.Washington),,,,,4.0,201160,Jason Smith,1610612753.0,Orlando,Magic,ORL,5,201585,Kosta Koufos,1610612758.0,Sacramento,Kings,SAC,1,0,,,,,
0021500189,160,3,11,2,5:44 PM,9:47,,,Koufos Free Throw 1 of 2 (1 PTS),30 - 27,-3,5.0,201585,Kosta Koufos,1610612758.0,Sacramento,Kings,SAC,0,0,,,,,,0,0,,,,,
0021500189,162,8,0,2,5:44 PM,9:47,SUB: Vucevic FOR Smith,,,,,4.0,201160,Jason Smith,1610612753.0,Orlando,Magic,ORL,4,202696,Nikola Vucevic,1610612753.0,Orlando,Magic,ORL,0,0,,,,,
0021500189,163,8,0,2,5:44 PM,9:47,SUB: Nicholson FOR Gordon,,,,,4.0,203932,Aaron Gordon,1610612753.0,Orlando,Magic,ORL,4,203094,Andrew Nicholson,1610612753.0,Orlando,Magic,ORL,0,0,,,,,
0021500189,164,3,12,2,5:44 PM,9:47,,,Koufos Free Throw 2 of 2 (2 PTS),31 - 27,-4,5.0,201585,Kosta Koufos,1610612758.0,Sacramento,Kings,SAC,0,0,,,,,,0,0,,,,,
0021500189,166,2,1,2,5:44 PM,9:29,MISS Fournier 24' 3PT Jump Shot,,,,,4.0,203095,Evan Fournier,1610612753.0,Orlando,Magic,ORL,0,0,,,,,,0,0,,,,,
0021500189,167,4,0,2,5:44 PM,9:27,,,Casspi REBOUND (Off:0 Def:1),,,5.0,201956,Omri Casspi,1610612758.0,Sacramento,Kings,SAC,0,0,,,,,,0,0,,,,,
0021500189,168,7,5,2,5:45 PM,9:14,Nicholson Violation:Kicked Ball (J.Tiven),,,,,4.0,203094,Andrew Nicholson,1610612753.0,Orlando,Magic,ORL,0,0,,,,,,1,0,,,,,
0021500189,169,2,1,2,5:45 PM,9:03,,,MISS Belinelli 25' 3PT Jump Shot,,,5.0,201158,Marco Belinelli,1610612758.0,Sacramento,Kings,SAC,0,0,,,,,,0,0,,,,,
0021500189,170,4,0,2,5:45 PM,9:02,,,Cauley-Stein REBOUND (Off:3 Def:1),,,5.0,1626161,Willie Cauley-Stein,1610612758.0,Sacramento,Kings,SAC,0,0,,,,,,0,0,,,,,
0021500189,171,2,5,2,5:45 PM,8:56,,,MISS Casspi 1' Layup,,,5.0,201956,Omri Casspi,1610612758.0,Sacramento,Kings,SAC,0,0,,,,,,0,0,,,,,
0021500189,172,4,0,2,5:45 PM,8:54,Vucevic REBOUND (Off:0 Def:5),,,,,4.0,202696,Nikola Vucevic,1610612753.0,Orlando,Magic,ORL,0,0,,,,,,0,0,,,,,
0021500189,173,6,1,2,5:45 PM,8:54,,,Cauley-Stein P.FOUL (P1.T3) (C.Blair),,,5.0,1626161,Willie Cauley-Stein,1610612758.0,Sacramento,Kings,SAC,4,202696,Nikola Vucevic,1610612753.0,Orlando,Magic,ORL,1,0,,,,,
0021500189,174,9,4,2,5:46 PM,8:54,,,,,,1.0,0,,,,,,0,0,,,,,,0,0,,,,,
0021500189,176,18,0,2,5:46 PM,8:54,,,,,,,150,,,,,,0,0,,,,,,1,0,,,,,
0021500189,178,8,0,2,5:48 PM,8:54,,,SUB: McLemore FOR Casspi,,,5.0,201956,Omri Casspi,1610612758.0,Sacramento,Kings,SAC,5,203463,Ben McLemore,1610612758.0,Sacramento,Kings,SAC,0,0,,,,,
0021500189,180,2,1,2,5:48 PM,8:36,MISS Nicholson 7' Jump Shot,,,,,4.0,203094,Andrew Nicholson,1610612753.0,Orlando,Magic,ORL,0,0,,,,,,0,0,,,,,
0021500189,181,4,0,2,5:48 PM,8:35,,,Koufos REBOUND (Off:2 Def:2),,,5.0,201585,Kosta Koufos,1610612758.0,Sacramento,Kings,SAC,0,0,,,,,,0,0,,,,,
0021500189,182,5,1,2,5:48 PM,8:29,Fournier STEAL (2 STL),,Collison Bad Pass Turnover (P2.T6),,,5.0,201954,Darren Collison,1610612758.0,Sacramento,Kings,SAC,4,203095,Evan Fournier,1610612753.0,Orlando,Magic,ORL,0,0,,,,,
0021500189,183,1,50,2,5:48 PM,8:24,Fournier  Running Dunk (2 PTS),,,31 - 29,-2,4.0,203095,Evan Fournier,1610612753.0,Orlando,Magic,ORL,0,0,,,,,,0,0,,,,,
0021500189,184,7,1,2,5:49 PM,8:23,MAGIC Violation: Delay of game Violation,,,,,2.0,1610612753,,,,,,0,0,,,,,,1,0,,,,,
0021500189,185,2,1,2,5:49 PM,8:06,,,MISS McLemore 7' Jump Shot,,,5.0,203463,Ben McLemore,1610612758.0,Sacramento,Kings,SAC,0,0,,,,,,0,0,,,,,
0021500189,186,4,0,2,5:49 PM,8:05,Hezonja REBOUND (Off:1 Def:2),,,,,4.0,1626209,Mario Hezonja,1610612753.0,Orlando,Magic,ORL,0,0,,,,,,0,0,,,,,
0021500189,187,2,1,2,5:49 PM,7:58,MISS Nicholson 7' Jump Shot,,Cauley-Stein BLOCK (1 BLK),,,4.0,203094,Andrew Nicholson,1610612753.0,Orlando,Magic,ORL,0,0,,,,,,5,1626161,Willie Cauley-Stein,1610612758.0,Sacramento,Kings,SAC
0021500189,188,4,0,2,5:49 PM,7:56,Napier REBOUND (Off:1 Def:0),,,,,4.0,203894,Shabazz Napier,1610612753.0,Orlando,Magic,ORL,0,0,,,,,,0,0,,,,,
0021500189,189,2,1,2,5:49 PM,7:52,MISS Fournier 24' 3PT Jump Shot,,,,,4.0,203095,Evan Fournier,1610612753.0,Orlando,Magic,ORL,0,0,,,,,,0,0,,,,,
0021500189,190,4,0,2,5:49 PM,7:51,Nicholson REBOUND (Off:1 Def:0),,,,,4.0,203094,Andrew Nicholson,1610612753.0,Orlando,Magic,ORL,0,0,,,,,,0,0,,,,,
0021500189,191,1,5,2,5:49 PM,7:49,Nicholson 2' Layup (2 PTS),,,31 - 31,TIE,4.0,203094,Andrew Nicholson,1610612753.0,Orlando,Magic,ORL,0,0,,,,,,0,0,,,,,
0021500189,192,1,1,2,5:49 PM,7:33,,,Belinelli 26' 3PT Jump Shot (6 PTS) (McLemore 2 AST),34 - 31,-3,5.0,201158,Marco Belinelli,1610612758.0,Sacramento,Kings,SAC,5,203463,Ben McLemore,1610612758.0,Sacramento,Kings,SAC,0,0,,,,,
0021500189,193,6,2,2,5:50 PM,7:16,,,McLemore S.FOUL (P1.T4) (C.Blair),,,5.0,203463,Ben McLemore,1610612758.0,Sacramento,Kings,SAC,4,202696,Nikola Vucevic,1610612753.0,Orlando,Magic,ORL,1,0,,,,,
0021500189,194,3,11,2,5:50 PM,7:16,Vucevic Free Throw 1 of 2 (5 PTS),,,34 - 32,-2,4.0,202696,Nikola Vucevic,1610612753.0,Orlando,Magic,ORL,0,0,,,,,,0,0,,,,,
0021500189,196,8,0,2,5:50 PM,7:16,,,SUB: Cousins FOR Koufos,,,5.0,201585,Kosta Koufos,1610612758.0,Sacramento,Kings,SAC,5,202326,DeMarcus Cousins,1610612758.0,Sacramento,Kings,SAC,0,0,,,,,
0021500189,197,8,0,2,5:51 PM,7:16,SUB: Payton FOR Fournier,,,,,4.0,203095,Evan Fournier,1610612753.0,Orlando,Magic,ORL,4,203901,Elfrid Payton,1610612753.0,Orlando,Magic,ORL,0,0,,,,,
0021500189,198,8,0,2,5:51 PM,7:16,SUB: Oladipo FOR Hezonja,,,,,4.0,1626209,Mario Hezonja,1610612753.0,Orlando,Magic,ORL,4,203506,Victor Oladipo,1610612753.0,Orlando,Magic,ORL,0,0,,,,,
0021500189,199,8,0,2,5:51 PM,7:16,SUB: Harris FOR Napier,,,,,4.0,203894,Shabazz Napier,1610612753.0,Orlando,Magic,ORL,4,202699,Tobias Harris,1610612753.0,Orlando,Magic,ORL,0,0,,,,,
0021500189,200,3,12,2,5:51 PM,7:16,MISS Vucevic Free Throw 2 of 2,,,,,4.0,202696,Nikola Vucevic,1610612753.0,Orlando,Magic,ORL,0,0,,,,,,0,0,,,,,
0021500189,202,4,0,2,5:51 PM,7:15,,,McLemore REBOUND (Off:0 Def:2),,,5.0,203463,Ben McLemore,1610612758.0,Sacramento,Kings,SAC,0,0,,,,,,0,0,,,,,
0021500189,203,5,1,2,5:51 PM,7:05,Harris STEAL (2 STL),,Collison Bad Pass Turnover (P3.T7),,,5.0,201954,Darren Collison,1610612758.0,Sacramento,Kings,SAC,4,202699,Tobias Harris,1610612753.0,Orlando,Magic,ORL,0,0,,,,,
0021500189,204,2,1,2,5:51 PM,6:58,MISS Oladipo  3PT Jump Shot,,,,,4.0,203506,Victor Oladipo,1610612753.0,Orlando,Magic,ORL,0,0,,,,,,0,0,,,,,
0021500189,205,4,0,2,5:51 PM,6:57,,,Cauley-Stein REBOUND (Off:3 Def:2),,,5.0,1626161,Willie Cauley-Stein,1610612758.0,Sacramento,Kings,SAC,0,0,,,,,,0,0,,,,,
0021500189,206,2,49,2,5:51 PM,6:52,,,MISS McLemore  Driving Dunk,,,5.0,203463,Ben McLemore,1610612758.0,Sacramento,Kings,SAC,0,0,,,,,,0,0,,,,,
0021500189,207,4,0,2,5:51 PM,6:50,Vucevic REBOUND (Off:0 Def:6),,,,,4.0,202696,Nikola Vucevic,1610612753.0,Orlando,Magic,ORL,0,0,,,,,,0,0,,,,,
0021500189,208,2,5,2,5:51 PM,6:43,MISS Oladipo 1' Layup,,Cousins BLOCK (2 BLK),,,4.0,203506,Victor Oladipo,1610612753.0,Orlando,Magic,ORL,0,0,,,,,,5,202326,DeMarcus Cousins,1610612758.0,Sacramento,Kings,SAC
0021500189,209,4,0,2,5:51 PM,6:41,Oladipo REBOUND (Off:2 Def:3),,,,,4.0,203506,Victor Oladipo,1610612753.0,Orlando,Magic,ORL,0,0,,,,,,0,0,,,,,
0021500189,211,2,1,2,5:52 PM,6:36,MISS Harris  3PT Jump Shot,,,,,4.0,202699,Tobias Harris,1610612753.0,Orlando,Magic,ORL,0,0,,,,,,0,0,,,,,
0021500189,212,4,0,2,5:52 PM,6:36,,,Kings Rebound,,,3.0,1610612758,,,,,,0,0,,,,,,0,0,,,,,
0021500189,213,6,3,2,5:52 PM,6:36,Nicholson L.B.FOUL (P1.PN) (J.Tiven),,,,,4.0,203094,Andrew Nicholson,1610612753.0,Orlando,Magic,ORL,5,203463,Ben McLemore,1610612758.0,Sacramento,Kings,SAC,1,0,,,,,
0021500189,214,3,11,2,5:52 PM,6:36,,,McLemore Free Throw 1 of 2 (5 PTS),35 - 32,-3,5.0,203463,Ben McLemore,1610612758.0,Sacramento,Kings,SAC,0,0,,,,,,0,0,,,,,
0021500189,217,8,0,2,5:52 PM,6:36,,,SUB: Casspi FOR Cauley-Stein,,,5.0,1626161,Willie Cauley-Stein,1610612758.0,Sacramento,Kings,SAC,5,201956,Omri Casspi,1610612758.0,Sacramento,Kings,SAC,0,0,,,,,
0021500189,218,3,12,2,5:52 PM,6:36,,,McLemore Free Throw 2 of 2 (6 PTS),36 - 32,-4,5.0,203463,Ben McLemore,1610612758.0,Sacramento,Kings,SAC,0,0,,,,,,0,0,,,,,
0021500189,220,2,44,2,5:53 PM,6:19,MISS Payton 3' Reverse Layup,,,,,4.0,203901,Elfrid Payton,1610612753.0,Orlando,Magic,ORL,0,0,,,,,,0,0,,,,,
0021500189,221,4,0,2,5:53 PM,6:16,Payton REBOUND (Off:1 Def:1),,,,,4.0,203901,Elfrid Payton,1610612753.0,Orlando,Magic,ORL,0,0,,,,,,0,0,,,,,
0021500189,222,2,1,2,5:53 PM,6:11,MISS Oladipo 30' 3PT Jump Shot,,,,,4.0,203506,Victor Oladipo,1610612753.0,Orlando,Magic,ORL,0,0,,,,,,0,0,,,,,
0021500189,223,4,0,2,5:53 PM,6:09,,,Cousins REBOUND (Off:0 Def:5),,,5.0,202326,DeMarcus Cousins,1610612758.0,Sacramento,Kings,SAC,0,0,,,,,,0,0,,,,,
0021500189,224,2,1,2,5:53 PM,6:01,,,MISS Belinelli 25' 3PT Jump Shot,,,5.0,201158,Marco Belinelli,1610612758.0,Sacramento,Kings,SAC,0,0,,,,,,0,0,,,,,
0021500189,225,4,0,2,5:53 PM,6:00,,,McLemore REBOUND (Off:1 Def:2),,,5.0,203463,Ben McLemore,1610612758.0,Sacramento,Kings,SAC,0,0,,,,,,0,0,,,,,
0021500189,226,1,5,2,5:53 PM,5:51,,,Casspi 2' Layup (4 PTS) (Belinelli 2 AST),38 - 32,-6,5.0,201956,Omri Casspi,1610612758.0,Sacramento,Kings,SAC,5,201158,Marco Belinelli,1610612758.0,Sacramento,Kings,SAC,0,0,,,,,
0021500189,227,7,5,2,5:54 PM,5:30,,,McLemore Violation:Kicked Ball (J.Tiven),,,5.0,203463,Ben McLemore,1610612758.0,Sacramento,Kings,SAC,0,0,,,,,,1,0,,,,,
0021500189,229,9,1,2,5:54 PM,5:30,MAGIC Timeout: Regular (Full 2 Short 0),,,,,2.0,1610612753,,,,,,0,0,,,,,,0,0,,,,,
0021500189,232,2,1,2,5:56 PM,5:21,MISS Oladipo 20' Jump Shot,,,,,4.0,203506,Victor Oladipo,1610612753.0,Orlando,Magic,ORL,0,0,,,,,,0,0,,,,,
0021500189,233,4,0,2,5:56 PM,5:20,,,Cousins REBOUND (Off:0 Def:6),,,5.0,202326,DeMarcus Cousins,1610612758.0,Sacramento,Kings,SAC,0,0,,,,,,0,0,,,,,
0021500189,234,6,2,2,5:57 PM,5:08,Vucevic S.FOUL (P2.PN) (J.Tiven),,,,,4.0,202696,Nikola Vucevic,1610612753.0,Orlando,Magic,ORL,5,202326,DeMarcus Cousins,1610612758.0,Sacramento,Kings,SAC,1,0,,,,,
0021500189,235,3,11,2,5:57 PM,5:08,,,Cousins Free Throw 1 of 2 (7 PTS),39 - 32,-7,5.0,202326,DeMarcus Cousins,1610612758.0,Sacramento,Kings,SAC,0,0,,,,,,0,0,,,,,
0021500189,237,8,0,2,5:57 PM,5:08,,,SUB: Rondo FOR Belinelli,,,5.0,201158,Marco Belinelli,1610612758.0,Sacramento,Kings,SAC,5,200765,Rajon Rondo,1610612758.0,Sacramento,Kings,SAC,0,0,,,,,
0021500189,238,3,12,2,5:57 PM,5:08,,,Cousins Free Throw 2 of 2 (8 PTS),40 - 32,-8,5.0,202326,DeMarcus Cousins,1610612758.0,Sacramento,Kings,SAC,0,0,,,,,,0,0,,,,,
0021500189,240,2,1,2,5:58 PM,4:47,MISS Harris 8' Jump Shot,,,,,4.0,202699,Tobias Harris,1610612753.0,Orlando,Magic,ORL,0,0,,,,,,0,0,,,,,
0021500189,241,4,0,2,5:58 PM,4:45,,,Casspi REBOUND (Off:0 Def:2),,,5.0,201956,Omri Casspi,1610612758.0,Sacramento,Kings,SAC,0,0,,,,,,0,0,,,,,
0021500189,242,2,63,2,5:58 PM,4:28,,,MISS Cousins 15' Fadeaway Jumper,,,5.0,202326,DeMarcus Cousins,1610612758.0,Sacramento,Kings,SAC,0,0,,,,,,0,0,,,,,
0021500189,243,4,0,2,5:58 PM,4:27,Harris REBOUND (Off:0 Def:1),,,,,4.0,202699,Tobias Harris,1610612753.0,Orlando,Magic,ORL,0,0,,,,,,0,0,,,,,
0021500189,244,2,1,2,5:58 PM,4:19,MISS Vucevic 18' Jump Shot,,,,,4.0,202696,Nikola Vucevic,1610612753.0,Orlando,Magic,ORL,0,0,,,,,,0,0,,,,,
0021500189,245,4,0,2,5:58 PM,4:18,Nicholson REBOUND (Off:2 Def:0),,,,,4.0,203094,Andrew Nicholson,1610612753.0,Orlando,Magic,ORL,0,0,,,,,,0,0,,,,,
0021500189,246,1,3,2,5:58 PM,4:16,Nicholson 3' Hook Shot (4 PTS),,,40 - 34,-6,4.0,203094,Andrew Nicholson,1610612753.0,Orlando,Magic,ORL,0,0,,,,,,0,0,,,,,
0021500189,247,2,41,2,5:58 PM,4:08,,,MISS Collison 2' Running Layup,,,5.0,201954,Darren Collison,1610612758.0,Sacramento,Kings,SAC,0,0,,,,,,0,0,,,,,
0021500189,248,4,0,2,5:58 PM,4:06,,,Casspi REBOUND (Off:1 Def:2),,,5.0,201956,Omri Casspi,1610612758.0,Sacramento,Kings,SAC,0,0,,,,,,0,0,,,,,
0021500189,249,1,1,2,5:58 PM,4:00,,,Collison  3PT Jump Shot (6 PTS) (Rondo 5 AST),43 - 34,-9,5.0,201954,Darren Collison,1610612758.0,Sacramento,Kings,SAC,5,200765,Rajon Rondo,1610612758.0,Sacramento,Kings,SAC,0,0,,,,,
0021500189,250,1,1,2,5:59 PM,3:45,Oladipo 24' 3PT Jump Shot (10 PTS) (Nicholson 1 AST),,,43 - 37,-6,4.0,203506,Victor Oladipo,1610612753.0,Orlando,Magic,ORL,4,203094,Andrew Nicholson,1610612753.0,Orlando,Magic,ORL,0,0,,,,,
0021500189,251,1,98,2,5:59 PM,3:35,,,Cousins 1' Cutting Layup Shot (10 PTS) (Rondo 6 AST),45 - 37,-8,5.0,202326,DeMarcus Cousins,1610612758.0,Sacramento,Kings,SAC,5,200765,Rajon Rondo,1610612758.0,Sacramento,Kings,SAC,0,0,,,,,
0021500189,252,2,3,2,5:59 PM,3:11,MISS Nicholson 3' Hook Shot,,,,,4.0,203094,Andrew Nicholson,1610612753.0,Orlando,Magic,ORL,0,0,,,,,,0,0,,,,,
0021500189,254,4,0,2,5:59 PM,3:09,Vucevic REBOUND (Off:1 Def:6),,,,,4.0,202696,Nikola Vucevic,1610612753.0,Orlando,Magic,ORL,0,0,,,,,,0,0,,,,,
0021500189,253,1,97,2,5:59 PM,3:09,Vucevic 2' Tip Layup Shot (7 PTS),,,45 - 39,-6,4.0,202696,Nikola Vucevic,1610612753.0,Orlando,Magic,ORL,0,0,,,,,,0,0,,,,,
0021500189,255,1,1,2,6:00 PM,2:48,,,Casspi 27' 3PT Jump Shot (7 PTS) (Cousins 2 AST),48 - 39,-9,5.0,201956,Omri Casspi,1610612758.0,Sacramento,Kings,SAC,5,202326,DeMarcus Cousins,1610612758.0,Sacramento,Kings,SAC,0,0,,,,,
0021500189,257,2,5,2,6:00 PM,2:28,MISS Payton 3' Layup,,Cousins BLOCK (3 BLK),,,4.0,203901,Elfrid Payton,1610612753.0,Orlando,Magic,ORL,0,0,,,,,,5,202326,DeMarcus Cousins,1610612758.0,Sacramento,Kings,SAC
0021500189,258,4,0,2,6:00 PM,2:27,Oladipo REBOUND (Off:3 Def:3),,,,,4.0,203506,Victor Oladipo,1610612753.0,Orlando,Magic,ORL,0,0,,,,,,0,0,,,,,
0021500189,259,6,1,2,6:00 PM,2:26,,,McLemore P.FOUL (P2.PN) (J.Tiven),,,5.0,203463,Ben McLemore,1610612758.0,Sacramento,Kings,SAC,4,203506,Victor Oladipo,1610612753.0,Orlando,Magic,ORL,1,0,,,,,
0021500189,260,9,1,2,6:00 PM,2:26,,,Kings Timeout: Regular (Reg.2 Short 0),,,3.0,1610612758,,,,,,0,0,,,,,,0,0,,,,,
0021500189,262,8,0,2,6:02 PM,2:26,SUB: Gordon FOR Vucevic,,,,,4.0,202696,Nikola Vucevic,1610612753.0,Orlando,Magic,ORL,4,203932,Aaron Gordon,1610612753.0,Orlando,Magic,ORL,0,0,,,,,
0021500189,263,8,0,2,6:02 PM,2:26,SUB: Smith FOR Nicholson,,,,,4.0,203094,Andrew Nicholson,1610612753.0,Orlando,Magic,ORL,4,201160,Jason Smith,1610612753.0,Orlando,Magic,ORL,0,0,,,,,
0021500189,264,8,0,2,6:02 PM,2:26,,,SUB: Koufos FOR Casspi,,,5.0,201956,Omri Casspi,1610612758.0,Sacramento,Kings,SAC,5,201585,Kosta Koufos,1610612758.0,Sacramento,Kings,SAC,0,0,,,,,
0021500189,265,3,11,2,6:02 PM,2:26,MISS Oladipo Free Throw 1 of 2,,,,,4.0,203506,Victor Oladipo,1610612753.0,Orlando,Magic,ORL,0,0,,,,,,0,0,,,,,
0021500189,266,4,1,2,6:02 PM,2:26,MAGIC Rebound,,,,,2.0,1610612753,,,,,,0,0,,,,,,0,0,,,,,
0021500189,267,3,12,2,6:03 PM,2:26,Oladipo Free Throw 2 of 2 (11 PTS),,,48 - 40,-8,4.0,203506,Victor Oladipo,1610612753.0,Orlando,Magic,ORL,0,0,,,,,,0,0,,,,,
0021500189,270,2,47,2,6:03 PM,2:08,,,MISS McLemore 4' Turnaround Jump Shot,,,5.0,203463,Ben McLemore,1610612758.0,Sacramento,Kings,SAC,0,0,,,,,,0,0,,,,,
0021500189,271,4,0,2,6:03 PM,2:07,Gordon REBOUND (Off:0 Def:2),,,,,4.0,203932,Aaron Gordon,1610612753.0,Orlando,Magic,ORL,0,0,,,,,,0,0,,,,,
0021500189,272,1,82,2,6:04 PM,1:55,Harris 4' Driving Bank Shot (7 PTS) (Gordon 1 AST),,,48 - 42,-6,4.0,202699,Tobias Harris,1610612753.0,Orlando,Magic,ORL,4,203932,Aaron Gordon,1610612753.0,Orlando,Magic,ORL,0,0,,,,,
0021500189,273,6,2,2,6:04 PM,1:46,Smith S.FOUL (P3.PN) (C.Blair),,,,,4.0,201160,Jason Smith,1610612753.0,Orlando,Magic,ORL,5,202326,DeMarcus Cousins,1610612758.0,Sacramento,Kings,SAC,1,0,,,,,
0021500189,274,3,13,2,6:04 PM,1:46,,,Cousins Free Throw 1 of 3 (11 PTS),49 - 42,-7,5.0,202326,DeMarcus Cousins,1610612758.0,Sacramento,Kings,SAC,0,0,,,,,,0,0,,,,,
0021500189,276,3,14,2,6:04 PM,1:46,,,Cousins Free Throw 2 of 3 (12 PTS),50 - 42,-8,5.0,202326,DeMarcus Cousins,1610612758.0,Sacramento,Kings,SAC,0,0,,,,,,0,0,,,,,
0021500189,278,8,0,2,6:05 PM,1:46,,,SUB: Belinelli FOR Collison,,,5.0,201954,Darren Collison,1610612758.0,Sacramento,Kings,SAC,5,201158,Marco Belinelli,1610612758.0,Sacramento,Kings,SAC,0,0,,,,,
0021500189,279,8,0,2,6:05 PM,1:46,SUB: Dedmon FOR Smith,,,,,4.0,201160,Jason Smith,1610612753.0,Orlando,Magic,ORL,4,203473,Dewayne Dedmon,1610612753.0,Orlando,Magic,ORL,0,0,,,,,
0021500189,280,8,0,2,6:05 PM,1:46,SUB: Napier FOR Oladipo,,,,,4.0,203506,Victor Oladipo,1610612753.0,Orlando,Magic,ORL,4,203894,Shabazz Napier,1610612753.0,Orlando,Magic,ORL,0,0,,,,,
0021500189,281,3,15,2,6:05 PM,1:46,,,Cousins Free Throw 3 of 3 (13 PTS),51 - 42,-9,5.0,202326,DeMarcus Cousins,1610612758.0,Sacramento,Kings,SAC,0,0,,,,,,0,0,,,,,
0021500189,283,1,1,2,6:05 PM,1:25,Napier 26' 3PT Jump Shot (3 PTS) (Harris 2 AST),,,51 - 45,-6,4.0,203894,Shabazz Napier,1610612753.0,Orlando,Magic,ORL,4,202699,Tobias Harris,1610612753.0,Orlando,Magic,ORL,0,0,,,,,
0021500189,284,1,5,2,6:06 PM,1:07,,,Cousins 2' Layup (15 PTS),53 - 45,-8,5.0,202326,DeMarcus Cousins,1610612758.0,Sacramento,Kings,SAC,0,0,,,,,,0,0,,,,,
0021500189,285,5,45,2,6:06 PM,0:46,Harris Out of Bounds - Bad Pass Turnover Turnover (P1.T7),,,,,4.0,202699,Tobias Harris,1610612753.0,Orlando,Magic,ORL,0,0,,,,,,0,0,,,,,
0021500189,286,6,26,2,6:06 PM,0:32,,,McLemore Offensive Charge Foul (P3.PN) (J.Tiven),,,5.0,203463,Ben McLemore,1610612758.0,Sacramento,Kings,SAC,4,203473,Dewayne Dedmon,1610612753.0,Orlando,Magic,ORL,1,0,,,,,
0021500189,287,5,5,2,6:06 PM,0:32,,,McLemore Foul Turnover (P1.T8),,,5.0,203463,Ben McLemore,1610612758.0,Sacramento,Kings,SAC,0,0,,,,,,1,0,,,,,
0021500189,288,8,0,2,6:07 PM,0:32,,,SUB: Collison FOR McLemore,,,5.0,203463,Ben McLemore,1610612758.0,Sacramento,Kings,SAC,5,201954,Darren Collison,1610612758.0,Sacramento,Kings,SAC,0,0,,,,,
0021500189,289,7,5,2,6:07 PM,0:27,,,Koufos Violation:Kicked Ball (T.Washington),,,5.0,201585,Kosta Koufos,1610612758.0,Sacramento,Kings,SAC,0,0,,,,,,1,0,,,,,
0021500189,290,1,79,2,6:07 PM,0:19,Gordon 16' Pullup Jump Shot (6 PTS),,,53 - 47,-6,4.0,203932,Aaron Gordon,1610612753.0,Orlando,Magic,ORL,0,0,,,,,,0,0,,,,,
0021500189,291,2,5,2,6:08 PM,0:01,Dedmon BLOCK (1 BLK),,MISS Rondo 2' Layup,,,5.0,200765,Rajon Rondo,1610612758.0,Sacramento,Kings,SAC,0,0,,,,,,4,203473,Dewayne Dedmon,1610612753.0,Orlando,Magic,ORL
0021500189,292,4,0,2,6:08 PM,0:01,,,Kings Rebound,,,3.0,1610612758,,,,,,0,0,,,,,,0,0,,,,,
0021500189,293,9,2,2,6:08 PM,0:01,,,Kings Timeout: Short (Reg.2 Short 1),,,3.0,1610612758,,,,,,0,0,,,,,,0,0,,,,,
0021500189,297,2,1,2,6:09 PM,0:01,,,MISS Cousins 15' Jump Shot,,,5.0,202326,DeMarcus Cousins,1610612758.0,Sacramento,Kings,SAC,0,0,,,,,,0,0,,,,,
0021500189,298,4,0,2,6:09 PM,0:00,Napier REBOUND (Off:1 Def:1),,,,,4.0,203894,Shabazz Napier,1610612753.0,Orlando,Magic,ORL,0,0,,,,,,0,0,,,,,
0021500189,299,13,0,2,6:09 PM,0:00,,,,53 - 47,-6,0.0,0,,,,,,0,0,,,,,,0,0,,,,,
0021500189,302,12,0,3,6:25 PM,12:00,,,,53 - 47,-6,0.0,0,,,,,,0,0,,,,,,0,0,,,,,
0021500189,303,2,1,3,6:25 PM,11:44,,,MISS Collison 16' Jump Shot,,,5.0,201954,Darren Collison,1610612758.0,Sacramento,Kings,SAC,0,0,,,,,,0,0,,,,,
0021500189,304,4,0,3,6:25 PM,11:42,,,Kings Rebound,,,3.0,1610612758,,,,,,0,0,,,,,,0,0,,,,,
0021500189,305,5,2,3,6:26 PM,11:32,Harris STEAL (3 STL),,McLemore Lost Ball Turnover (P2.T9),,,5.0,203463,Ben McLemore,1610612758.0,Sacramento,Kings,SAC,4,202699,Tobias Harris,1610612753.0,Orlando,Magic,ORL,0,0,,,,,
0021500189,306,2,1,3,6:26 PM,11:15,MISS Harris 18' Jump Shot,,,,,4.0,202699,Tobias Harris,1610612753.0,Orlando,Magic,ORL,0,0,,,,,,0,0,,,,,
0021500189,307,4,0,3,6:26 PM,11:14,Vucevic REBOUND (Off:2 Def:6),,,,,4.0,202696,Nikola Vucevic,1610612753.0,Orlando,Magic,ORL,0,0,,,,,,0,0,,,,,
0021500189,308,2,5,3,6:26 PM,11:12,MISS Vucevic 1' Layup,,Cauley-Stein BLOCK (2 BLK),,,4.0,202696,Nikola Vucevic,1610612753.0,Orlando,Magic,ORL,0,0,,,,,,5,1626161,Willie Cauley-Stein,1610612758.0,Sacramento,Kings,SAC
0021500189,309,4,0,3,6:26 PM,11:10,Vucevic REBOUND (Off:3 Def:6),,,,,4.0,202696,Nikola Vucevic,1610612753.0,Orlando,Magic,ORL,0,0,,,,,,0,0,,,,,
0021500189,310,2,71,3,6:26 PM,11:07,MISS Payton 2' Finger Roll Layup,,,,,4.0,203901,Elfrid Payton,1610612753.0,Orlando,Magic,ORL,0,0,,,,,,0,0,,,,,
0021500189,311,4,0,3,6:26 PM,11:02,,,Collison REBOUND (Off:0 Def:2),,,5.0,201954,Darren Collison,1610612758.0,Sacramento,Kings,SAC,0,0,,,,,,0,0,,,,,
0021500189,312,5,40,3,6:27 PM,10:49,,,Collison Out of Bounds Lost Ball Turnover (P4.T10),,,5.0,201954,Darren Collison,1610612758.0,Sacramento,Kings,SAC,0,0,,,,,,0,0,,,,,
0021500189,313,2,1,3,6:27 PM,10:36,MISS Fournier 19' Jump Shot,,,,,4.0,203095,Evan Fournier,1610612753.0,Orlando,Magic,ORL,0,0,,,,,,0,0,,,,,
0021500189,314,4,0,3,6:27 PM,10:35,,,Rondo REBOUND (Off:0 Def:3),,,5.0,200765,Rajon Rondo,1610612758.0,Sacramento,Kings,SAC,0,0,,,,,,0,0,,,,,
0021500189,315,2,1,3,6:27 PM,10:26,,,MISS Cousins 9' Jump Shot,,,5.0,202326,DeMarcus Cousins,1610612758.0,Sacramento,Kings,SAC,0,0,,,,,,0,0,,,,,
0021500189,316,4,0,3,6:27 PM,10:25,Fournier REBOUND (Off:0 Def:1),,,,,4.0,203095,Evan Fournier,1610612753.0,Orlando,Magic,ORL,0,0,,,,,,0,0,,,,,
0021500189,317,1,58,3,6:27 PM,10:05,Vucevic 5' Turnaround Hook Shot (9 PTS) (Oladipo 3 AST),,,53 - 49,-4,4.0,202696,Nikola Vucevic,1610612753.0,Orlando,Magic,ORL,4,203506,Victor Oladipo,1610612753.0,Orlando,Magic,ORL,0,0,,,,,
0021500189,318,6,1,3,6:28 PM,9:55,Fournier P.FOUL (P1.T1) (J.Tiven),,,,,4.0,203095,Evan Fournier,1610612753.0,Orlando,Magic,ORL,5,203463,Ben McLemore,1610612758.0,Sacramento,Kings,SAC,1,0,,,,,
0021500189,319,2,1,3,6:28 PM,9:39,,,MISS McLemore 28' 3PT Jump Shot,,,5.0,203463,Ben McLemore,1610612758.0,Sacramento,Kings,SAC,0,0,,,,,,0,0,,,,,
0021500189,320,4,0,3,6:28 PM,9:38,Harris REBOUND (Off:0 Def:2),,,,,4.0,202699,Tobias Harris,1610612753.0,Orlando,Magic,ORL,0,0,,,,,,0,0,,,,,
0021500189,321,1,79,3,6:28 PM,9:27,Payton 12' Pullup Jump Shot (4 PTS) (Harris 3 AST),,,53 - 51,-2,4.0,203901,Elfrid Payton,1610612753.0,Orlando,Magic,ORL,4,202699,Tobias Harris,1610612753.0,Orlando,Magic,ORL,0,0,,,,,
0021500189,322,2,5,3,6:29 PM,9:07,,,MISS McLemore 2' Layup,,,5.0,203463,Ben McLemore,1610612758.0,Sacramento,Kings,SAC,0,0,,,,,,0,0,,,,,
0021500189,323,4,0,3,6:29 PM,9:05,Vucevic REBOUND (Off:3 Def:7),,,,,4.0,202696,Nikola Vucevic,1610612753.0,Orlando,Magic,ORL,0,0,,,,,,0,0,,,,,
0021500189,324,5,45,3,6:29 PM,8:58,Payton Out of Bounds - Bad Pass Turnover Turnover (P2.T8),,,,,4.0,203901,Elfrid Payton,1610612753.0,Orlando,Magic,ORL,0,0,,,,,,0,0,,,,,
0021500189,325,6,1,3,6:29 PM,8:48,Fournier P.FOUL (P2.T2) (T.Washington),,,,,4.0,203095,Evan Fournier,1610612753.0,Orlando,Magic,ORL,5,1626161,Willie Cauley-Stein,1610612758.0,Sacramento,Kings,SAC,1,0,,,,,
0021500189,326,2,1,3,6:30 PM,8:41,,,MISS Collison 27' 3PT Jump Shot,,,5.0,201954,Darren Collison,1610612758.0,Sacramento,Kings,SAC,0,0,,,,,,0,0,,,,,
0021500189,327,4,0,3,6:30 PM,8:39,Harris REBOUND (Off:0 Def:3),,,,,4.0,202699,Tobias Harris,1610612753.0,Orlando,Magic,ORL,0,0,,,,,,0,0,,,,,
0021500189,328,1,1,3,6:30 PM,8:31,Payton 24' 3PT Jump Shot (7 PTS) (Oladipo 4 AST),,,53 - 54,1,4.0,203901,Elfrid Payton,1610612753.0,Orlando,Magic,ORL,4,203506,Victor Oladipo,1610612753.0,Orlando,Magic,ORL,0,0,,,,,
0021500189,329,1,5,3,6:30 PM,8:10,,,Cousins  Layup (17 PTS),55 - 54,-1,5.0,202326,DeMarcus Cousins,1610612758.0,Sacramento,Kings,SAC,0,0,,,,,,0,0,,,,,
0021500189,331,9,1,3,6:30 PM,8:00,MAGIC Timeout: Regular (Full 3 Short 0),,,,,2.0,1610612753,,,,,,0,0,,,,,,0,0,,,,,
0021500189,335,1,3,3,6:33 PM,7:50,Harris 5' Hook Shot (9 PTS) (Payton 3 AST),,,55 - 56,1,4.0,202699,Tobias Harris,1610612753.0,Orlando,Magic,ORL,4,203901,Elfrid Payton,1610612753.0,Orlando,Magic,ORL,0,0,,,,,
0021500189,336,6,2,3,6:33 PM,7:50,,,Cauley-Stein S.FOUL (P2.T1) (J.Tiven),,,5.0,1626161,Willie Cauley-Stein,1610612758.0,Sacramento,Kings,SAC,4,202699,Tobias Harris,1610612753.0,Orlando,Magic,ORL,1,0,,,,,
0021500189,337,3,10,3,6:33 PM,7:50,Harris Free Throw 1 of 1 (10 PTS),,,55 - 57,2,4.0,202699,Tobias Harris,1610612753.0,Orlando,Magic,ORL,0,0,,,,,,0,0,,,,,
0021500189,339,1,1,3,6:34 PM,7:25,,,McLemore 15' Jump Shot (8 PTS) (Cousins 3 AST),57 - 57,TIE,5.0,203463,Ben McLemore,1610612758.0,Sacramento,Kings,SAC,5,202326,DeMarcus Cousins,1610612758.0,Sacramento,Kings,SAC,0,0,,,,,
0021500189,340,1,1,3,6:34 PM,7:06,Fournier 24' 3PT Jump Shot (5 PTS) (Vucevic 1 AST),,,57 - 60,3,4.0,203095,Evan Fournier,1610612753.0,Orlando,Magic,ORL,4,202696,Nikola Vucevic,1610612753.0,Orlando,Magic,ORL,0,0,,,,,
0021500189,341,5,45,3,6:35 PM,6:42,,,McLemore Out of Bounds - Bad Pass Turnover Turnover (P3.T11),,,5.0,203463,Ben McLemore,1610612758.0,Sacramento,Kings,SAC,0,0,,,,,,0,0,,,,,
0021500189,342,8,0,3,6:35 PM,6:42,,,SUB: Casspi FOR Cauley-Stein,,,5.0,1626161,Willie Cauley-Stein,1610612758.0,Sacramento,Kings,SAC,5,201956,Omri Casspi,1610612758.0,Sacramento,Kings,SAC,0,0,,,,,
0021500189,343,2,1,3,6:35 PM,6:30,MISS Vucevic 20' Jump Shot,,,,,4.0,202696,Nikola Vucevic,1610612753.0,Orlando,Magic,ORL,0,0,,,,,,0,0,,,,,
0021500189,344,4,0,3,6:35 PM,6:29,,,Casspi REBOUND (Off:1 Def:3),,,5.0,201956,Omri Casspi,1610612758.0,Sacramento,Kings,SAC,0,0,,,,,,0,0,,,,,
0021500189,345,6,2,3,6:35 PM,6:20,Payton S.FOUL (P1.T3) (C.Blair),,,,,4.0,203901,Elfrid Payton,1610612753.0,Orlando,Magic,ORL,5,202326,DeMarcus Cousins,1610612758.0,Sacramento,Kings,SAC,1,0,,,,,
0021500189,346,3,11,3,6:36 PM,6:20,,,Cousins Free Throw 1 of 2 (18 PTS),58 - 60,2,5.0,202326,DeMarcus Cousins,1610612758.0,Sacramento,Kings,SAC,0,0,,,,,,0,0,,,,,
0021500189,348,3,12,3,6:36 PM,6:20,,,Cousins Free Throw 2 of 2 (19 PTS),59 - 60,1,5.0,202326,DeMarcus Cousins,1610612758.0,Sacramento,Kings,SAC,0,0,,,,,,0,0,,,,,
0021500189,351,1,1,3,6:37 PM,6:00,Fournier 27' 3PT Jump Shot (8 PTS) (Vucevic 2 AST),,,59 - 63,4,4.0,203095,Evan Fournier,1610612753.0,Orlando,Magic,ORL,4,202696,Nikola Vucevic,1610612753.0,Orlando,Magic,ORL,0,0,,,,,
0021500189,352,5,2,3,6:37 PM,5:38,Fournier STEAL (3 STL),,Cousins Lost Ball Turnover (P3.T12),,,5.0,202326,DeMarcus Cousins,1610612758.0,Sacramento,Kings,SAC,4,203095,Evan Fournier,1610612753.0,Orlando,Magic,ORL,0,0,,,,,
0021500189,353,6,28,3,6:37 PM,5:38,,,Casspi Personal Take Foul (P2.T2) (T.Washington),,,5.0,201956,Omri Casspi,1610612758.0,Sacramento,Kings,SAC,4,203095,Evan Fournier,1610612753.0,Orlando,Magic,ORL,1,0,,,,,
0021500189,354,8,0,3,6:38 PM,5:38,,,SUB: Belinelli FOR McLemore,,,5.0,203463,Ben McLemore,1610612758.0,Sacramento,Kings,SAC,5,201158,Marco Belinelli,1610612758.0,Sacramento,Kings,SAC,0,0,,,,,
0021500189,355,2,1,3,6:38 PM,5:20,MISS Payton  3PT Jump Shot,,,,,4.0,203901,Elfrid Payton,1610612753.0,Orlando,Magic,ORL,0,0,,,,,,0,0,,,,,
0021500189,356,4,0,3,6:38 PM,5:19,,,Cousins REBOUND (Off:0 Def:7),,,5.0,202326,DeMarcus Cousins,1610612758.0,Sacramento,Kings,SAC,0,0,,,,,,0,0,,,,,
0021500189,357,1,41,3,6:38 PM,5:14,,,Casspi 1' Running Layup (9 PTS) (Rondo 7 AST),61 - 63,2,5.0,201956,Omri Casspi,1610612758.0,Sacramento,Kings,SAC,5,200765,Rajon Rondo,1610612758.0,Sacramento,Kings,SAC,0,0,,,,,
0021500189,358,1,1,3,6:38 PM,5:03,Vucevic 16' Jump Shot (11 PTS) (Payton 4 AST),,,61 - 65,4,4.0,202696,Nikola Vucevic,1610612753.0,Orlando,Magic,ORL,4,203901,Elfrid Payton,1610612753.0,Orlando,Magic,ORL,0,0,,,,,
0021500189,359,1,5,3,6:38 PM,4:57,,,Cousins 2' Layup (21 PTS) (Collison 1 AST),63 - 65,2,5.0,202326,DeMarcus Cousins,1610612758.0,Sacramento,Kings,SAC,5,201954,Darren Collison,1610612758.0,Sacramento,Kings,SAC,0,0,,,,,
0021500189,360,6,2,3,6:38 PM,4:57,Vucevic S.FOUL (P3.T4) (C.Blair),,,,,4.0,202696,Nikola Vucevic,1610612753.0,Orlando,Magic,ORL,5,202326,DeMarcus Cousins,1610612758.0,Sacramento,Kings,SAC,1,0,,,,,
0021500189,361,3,10,3,6:39 PM,4:57,,,Cousins Free Throw 1 of 1 (22 PTS),64 - 65,1,5.0,202326,DeMarcus Cousins,1610612758.0,Sacramento,Kings,SAC,0,0,,,,,,0,0,,,,,
0021500189,363,6,1,3,6:39 PM,4:44,,,Cousins P.FOUL (P2.T3) (C.Blair),,,5.0,202326,DeMarcus Cousins,1610612758.0,Sacramento,Kings,SAC,4,203095,Evan Fournier,1610612753.0,Orlando,Magic,ORL,1,0,,,,,
0021500189,364,5,1,3,6:39 PM,4:39,Payton Bad Pass Turnover (P3.T9),,Cousins STEAL (2 STL),,,4.0,203901,Elfrid Payton,1610612753.0,Orlando,Magic,ORL,5,202326,DeMarcus Cousins,1610612758.0,Sacramento,Kings,SAC,0,0,,,,,
0021500189,365,1,41,3,6:40 PM,4:34,,,Belinelli 1' Running Layup (8 PTS) (Casspi 1 AST),66 - 65,-1,5.0,201158,Marco Belinelli,1610612758.0,Sacramento,Kings,SAC,5,201956,Omri Casspi,1610612758.0,Sacramento,Kings,SAC,0,0,,,,,
0021500189,366,2,1,3,6:40 PM,4:11,MISS Oladipo 25' 3PT Jump Shot,,,,,4.0,203506,Victor Oladipo,1610612753.0,Orlando,Magic,ORL,0,0,,,,,,0,0,,,,,
0021500189,367,4,0,3,6:40 PM,4:10,Vucevic REBOUND (Off:4 Def:7),,,,,4.0,202696,Nikola Vucevic,1610612753.0,Orlando,Magic,ORL,0,0,,,,,,0,0,,,,,
0021500189,368,5,41,3,6:40 PM,4:08,Harris Poss Lost Ball Turnover (P2.T10),,Cousins STEAL (3 STL),,,4.0,202699,Tobias Harris,1610612753.0,Orlando,Magic,ORL,5,202326,DeMarcus Cousins,1610612758.0,Sacramento,Kings,SAC,5,202326,DeMarcus Cousins,1610612758.0,Sacramento,Kings,SAC
0021500189,370,6,1,3,6:40 PM,4:07,Oladipo P.FOUL (P2.PN) (J.Tiven),,,,,4.0,203506,Victor Oladipo,1610612753.0,Orlando,Magic,ORL,5,201954,Darren Collison,1610612758.0,Sacramento,Kings,SAC,1,0,,,,,
0021500189,371,3,11,3,6:41 PM,4:07,,,Collison Free Throw 1 of 2 (7 PTS),67 - 65,-2,5.0,201954,Darren Collison,1610612758.0,Sacramento,Kings,SAC,0,0,,,,,,0,0,,,,,
0021500189,372,3,12,3,6:41 PM,4:07,,,Collison Free Throw 2 of 2 (8 PTS),68 - 65,-3,5.0,201954,Darren Collison,1610612758.0,Sacramento,Kings,SAC,0,0,,,,,,0,0,,,,,
0021500189,374,5,4,3,6:41 PM,3:55,Payton Traveling Turnover (P4.T11),,,,,4.0,203901,Elfrid Payton,1610612753.0,Orlando,Magic,ORL,0,0,,,,,,1,0,,,,,
0021500189,375,8,0,3,6:42 PM,3:55,,,SUB: Koufos FOR Collison,,,5.0,201954,Darren Collison,1610612758.0,Sacramento,Kings,SAC,5,201585,Kosta Koufos,1610612758.0,Sacramento,Kings,SAC,0,0,,,,,
0021500189,376,8,0,3,6:42 PM,3:55,SUB: Hezonja FOR Oladipo,,,,,4.0,203506,Victor Oladipo,1610612753.0,Orlando,Magic,ORL,4,1626209,Mario Hezonja,1610612753.0,Orlando,Magic,ORL,0,0,,,,,
0021500189,377,1,5,3,6:42 PM,3:38,,,Koufos 1' Layup (4 PTS) (Cousins 4 AST),70 - 65,-5,5.0,201585,Kosta Koufos,1610612758.0,Sacramento,Kings,SAC,5,202326,DeMarcus Cousins,1610612758.0,Sacramento,Kings,SAC,0,0,,,,,
0021500189,378,5,2,3,6:42 PM,3:29,Harris Lost Ball Turnover (P3.T12),,Casspi STEAL (1 STL),,,4.0,202699,Tobias Harris,1610612753.0,Orlando,Magic,ORL,5,201956,Omri Casspi,1610612758.0,Sacramento,Kings,SAC,0,0,,,,,
0021500189,379,5,40,3,6:42 PM,3:28,,,Casspi Out of Bounds Lost Ball Turnover (P1.T13),,,5.0,201956,Omri Casspi,1610612758.0,Sacramento,Kings,SAC,0,0,,,,,,0,0,,,,,
0021500189,380,8,0,3,6:42 PM,3:28,SUB: Napier FOR Payton,,,,,4.0,203901,Elfrid Payton,1610612753.0,Orlando,Magic,ORL,4,203894,Shabazz Napier,1610612753.0,Orlando,Magic,ORL,0,0,,,,,
0021500189,382,5,1,3,6:43 PM,3:16,Fournier Bad Pass Turnover (P2.T13),,Rondo STEAL (3 STL),,,4.0,203095,Evan Fournier,1610612753.0,Orlando,Magic,ORL,5,200765,Rajon Rondo,1610612758.0,Sacramento,Kings,SAC,0,0,,,,,
0021500189,384,7,2,3,6:43 PM,3:12,Hezonja Violation:Defensive Goaltending (T.Washington),,,,,4.0,1626209,Mario Hezonja,1610612753.0,Orlando,Magic,ORL,0,0,,,,,,1,0,,,,,
0021500189,383,1,5,3,6:43 PM,3:12,,,Rondo 2' Layup (11 PTS),72 - 65,-7,5.0,200765,Rajon Rondo,1610612758.0,Sacramento,Kings,SAC,0,0,,,,,,0,0,,,,,
0021500189,385,2,1,3,6:44 PM,2:58,MISS Vucevic 16' Jump Shot,,,,,4.0,202696,Nikola Vucevic,1610612753.0,Orlando,Magic,ORL,0,0,,,,,,0,0,,,,,
0021500189,386,4,0,3,6:44 PM,2:57,,,Cousins REBOUND (Off:0 Def:8),,,5.0,202326,DeMarcus Cousins,1610612758.0,Sacramento,Kings,SAC,0,0,,,,,,0,0,,,,,
0021500189,387,1,5,3,6:44 PM,2:42,,,Koufos 1' Layup (6 PTS) (Cousins 5 AST),74 - 65,-9,5.0,201585,Kosta Koufos,1610612758.0,Sacramento,Kings,SAC,5,202326,DeMarcus Cousins,1610612758.0,Sacramento,Kings,SAC,0,0,,,,,
0021500189,388,1,42,3,6:44 PM,2:30,Fournier 1' Driving Layup (10 PTS),,,74 - 67,-7,4.0,203095,Evan Fournier,1610612753.0,Orlando,Magic,ORL,0,0,,,,,,0,0,,,,,
0021500189,389,6,2,3,6:44 PM,2:23,Hezonja S.FOUL (P2.PN) (J.Tiven),,,,,4.0,1626209,Mario Hezonja,1610612753.0,Orlando,Magic,ORL,5,201585,Kosta Koufos,1610612758.0,Sacramento,Kings,SAC,1,0,,,,,
0021500189,390,9,1,3,6:44 PM,2:23,,,Kings Timeout: Regular (Reg.3 Short 1),,,3.0,1610612758,,,,,,0,0,,,,,,0,0,,,,,
0021500189,392,8,0,3,6:47 PM,2:23,SUB: Oladipo FOR Fournier,,,,,4.0,203095,Evan Fournier,1610612753.0,Orlando,Magic,ORL,4,203506,Victor Oladipo,1610612753.0,Orlando,Magic,ORL,0,0,,,,,
0021500189,393,8,0,3,6:47 PM,2:23,SUB: Gordon FOR Harris,,,,,4.0,202699,Tobias Harris,1610612753.0,Orlando,Magic,ORL,4,203932,Aaron Gordon,1610612753.0,Orlando,Magic,ORL,0,0,,,,,
0021500189,394,8,0,3,6:47 PM,2:23,SUB: Smith FOR Vucevic,,,,,4.0,202696,Nikola Vucevic,1610612753.0,Orlando,Magic,ORL,4,201160,Jason Smith,1610612753.0,Orlando,Magic,ORL,0,0,,,,,
0021500189,395,3,11,3,6:47 PM,2:23,,,Koufos Free Throw 1 of 2 (7 PTS),75 - 67,-8,5.0,201585,Kosta Koufos,1610612758.0,Sacramento,Kings,SAC,0,0,,,,,,0,0,,,,,
0021500189,397,3,12,3,6:47 PM,2:23,,,Koufos Free Throw 2 of 2 (8 PTS),76 - 67,-9,5.0,201585,Kosta Koufos,1610612758.0,Sacramento,Kings,SAC,0,0,,,,,,0,0,,,,,
0021500189,399,6,1,3,6:47 PM,2:16,,,Rondo P.FOUL (P1.T4) (T.Washington),,,5.0,200765,Rajon Rondo,1610612758.0,Sacramento,Kings,SAC,4,203506,Victor Oladipo,1610612753.0,Orlando,Magic,ORL,1,0,,,,,
0021500189,400,2,1,3,6:48 PM,2:06,MISS Hezonja 24' 3PT Jump Shot,,,,,4.0,1626209,Mario Hezonja,1610612753.0,Orlando,Magic,ORL,0,0,,,,,,0,0,,,,,
0021500189,401,4,0,3,6:48 PM,2:03,,,Cousins REBOUND (Off:0 Def:9),,,5.0,202326,DeMarcus Cousins,1610612758.0,Sacramento,Kings,SAC,0,0,,,,,,0,0,,,,,
0021500189,402,1,3,3,6:48 PM,1:50,,,Koufos 5' Hook Shot (10 PTS) (Cousins 6 AST),78 - 67,-11,5.0,201585,Kosta Koufos,1610612758.0,Sacramento,Kings,SAC,5,202326,DeMarcus Cousins,1610612758.0,Sacramento,Kings,SAC,0,0,,,,,
0021500189,403,2,66,3,6:48 PM,1:35,MISS Smith 19' Jump Bank Shot,,,,,4.0,201160,Jason Smith,1610612753.0,Orlando,Magic,ORL,0,0,,,,,,0,0,,,,,
0021500189,404,4,0,3,6:48 PM,1:34,,,Belinelli REBOUND (Off:0 Def:2),,,5.0,201158,Marco Belinelli,1610612758.0,Sacramento,Kings,SAC,0,0,,,,,,0,0,,,,,
0021500189,405,1,1,3,6:49 PM,1:19,,,Belinelli 26' 3PT Jump Shot (11 PTS) (Rondo 8 AST),81 - 67,-14,5.0,201158,Marco Belinelli,1610612758.0,Sacramento,Kings,SAC,5,200765,Rajon Rondo,1610612758.0,Sacramento,Kings,SAC,0,0,,,,,
0021500189,406,2,73,3,6:49 PM,1:02,MISS Oladipo 2' Driving Reverse Layup,,,,,4.0,203506,Victor Oladipo,1610612753.0,Orlando,Magic,ORL,0,0,,,,,,0,0,,,,,
0021500189,407,4,0,3,6:49 PM,1:00,,,Rondo REBOUND (Off:0 Def:4),,,5.0,200765,Rajon Rondo,1610612758.0,Sacramento,Kings,SAC,0,0,,,,,,0,0,,,,,
0021500189,408,1,42,3,6:49 PM,0:48,,,Casspi 2' Driving Layup (11 PTS) (Belinelli 3 AST),83 - 67,-16,5.0,201956,Omri Casspi,1610612758.0,Sacramento,Kings,SAC,5,201158,Marco Belinelli,1610612758.0,Sacramento,Kings,SAC,0,0,,,,,
0021500189,409,2,1,3,6:49 PM,0:34,MISS Gordon 24' 3PT Jump Shot,,,,,4.0,203932,Aaron Gordon,1610612753.0,Orlando,Magic,ORL,0,0,,,,,,0,0,,,,,
0021500189,410,4,0,3,6:49 PM,0:33,,,Casspi REBOUND (Off:1 Def:4),,,5.0,201956,Omri Casspi,1610612758.0,Sacramento,Kings,SAC,0,0,,,,,,0,0,,,,,
0021500189,411,2,5,3,6:49 PM,0:27,Gordon BLOCK (1 BLK),,MISS Cousins 2' Layup,,,5.0,202326,DeMarcus Cousins,1610612758.0,Sacramento,Kings,SAC,0,0,,,,,,4,203932,Aaron Gordon,1610612753.0,Orlando,Magic,ORL
0021500189,412,4,0,3,6:50 PM,0:24,Gordon REBOUND (Off:0 Def:3),,,,,4.0,203932,Aaron Gordon,1610612753.0,Orlando,Magic,ORL,0,0,,,,,,0,0,,,,,
0021500189,413,2,1,3,6:50 PM,0:03,MISS Hezonja 25' 3PT Jump Shot,,,,,4.0,1626209,Mario Hezonja,1610612753.0,Orlando,Magic,ORL,0,0,,,,,,0,0,,,,,
0021500189,414,4,0,3,6:50 PM,0:01,,,Cousins REBOUND (Off:0 Def:10),,,5.0,202326,DeMarcus Cousins,1610612758.0,Sacramento,Kings,SAC,0,0,,,,,,0,0,,,,,
0021500189,415,13,0,3,6:50 PM,0:00,,,,83 - 67,-16,0.0,0,,,,,,0,0,,,,,,0,0,,,,,
0021500189,417,12,0,4,6:53 PM,12:00,,,,83 - 67,-16,0.0,0,,,,,,0,0,,,,,,0,0,,,,,
0021500189,418,6,1,4,6:53 PM,11:40,,,Rondo P.FOUL (P2.T1) (J.Tiven),,,5.0,200765,Rajon Rondo,1610612758.0,Sacramento,Kings,SAC,4,203932,Aaron Gordon,1610612753.0,Orlando,Magic,ORL,1,0,,,,,
0021500189,419,2,1,4,6:54 PM,11:26,MISS Payton 17' Jump Shot,,,,,4.0,203901,Elfrid Payton,1610612753.0,Orlando,Magic,ORL,0,0,,,,,,0,0,,,,,
0021500189,420,4,0,4,6:54 PM,11:24,,,Casspi REBOUND (Off:1 Def:5),,,5.0,201956,Omri Casspi,1610612758.0,Sacramento,Kings,SAC,0,0,,,,,,0,0,,,,,
0021500189,421,2,5,4,6:54 PM,11:14,Harris BLOCK (1 BLK),,MISS Koufos 2' Layup,,,5.0,201585,Kosta Koufos,1610612758.0,Sacramento,Kings,SAC,0,0,,,,,,4,202699,Tobias Harris,1610612753.0,Orlando,Magic,ORL
0021500189,422,4,0,4,6:54 PM,11:12,Payton REBOUND (Off:1 Def:2),,,,,4.0,203901,Elfrid Payton,1610612753.0,Orlando,Magic,ORL,0,0,,,,,,0,0,,,,,
0021500189,423,2,1,4,6:54 PM,11:07,MISS Fournier 25' 3PT Jump Shot,,,,,4.0,203095,Evan Fournier,1610612753.0,Orlando,Magic,ORL,0,0,,,,,,0,0,,,,,
0021500189,424,4,0,4,6:54 PM,11:07,MAGIC Rebound,,,,,2.0,1610612753,,,,,,0,0,,,,,,0,0,,,,,
0021500189,425,6,3,4,6:54 PM,11:07,,,Casspi L.B.FOUL (P3.T2) (T.Washington),,,5.0,201956,Omri Casspi,1610612758.0,Sacramento,Kings,SAC,4,202699,Tobias Harris,1610612753.0,Orlando,Magic,ORL,1,0,,,,,
0021500189,426,1,42,4,6:55 PM,10:59,Fournier 1' Driving Layup (12 PTS) (Payton 5 AST),,,83 - 69,-14,4.0,203095,Evan Fournier,1610612753.0,Orlando,Magic,ORL,4,203901,Elfrid Payton,1610612753.0,Orlando,Magic,ORL,0,0,,,,,
0021500189,427,1,1,4,6:55 PM,10:39,,,Koufos 4' Jump Shot (12 PTS) (Casspi 2 AST),85 - 69,-16,5.0,201585,Kosta Koufos,1610612758.0,Sacramento,Kings,SAC,5,201956,Omri Casspi,1610612758.0,Sacramento,Kings,SAC,0,0,,,,,
0021500189,428,2,3,4,6:55 PM,10:22,MISS Smith 4' Hook Shot,,,,,4.0,201160,Jason Smith,1610612753.0,Orlando,Magic,ORL,0,0,,,,,,0,0,,,,,
0021500189,429,4,0,4,6:55 PM,10:21,,,Casspi REBOUND (Off:1 Def:6),,,5.0,201956,Omri Casspi,1610612758.0,Sacramento,Kings,SAC,0,0,,,,,,0,0,,,,,
0021500189,430,2,7,4,6:55 PM,10:14,Smith BLOCK (1 BLK),,MISS Cauley-Stein  Dunk,,,5.0,1626161,Willie Cauley-Stein,1610612758.0,Sacramento,Kings,SAC,0,0,,,,,,4,201160,Jason Smith,1610612753.0,Orlando,Magic,ORL
0021500189,431,4,0,4,6:55 PM,10:10,Gordon REBOUND (Off:0 Def:4),,,,,4.0,203932,Aaron Gordon,1610612753.0,Orlando,Magic,ORL,0,0,,,,,,0,0,,,,,
0021500189,432,6,29,4,6:56 PM,10:07,,,Cauley-Stein Shooting Block Foul (P3.T3) (C.Blair),,,5.0,1626161,Willie Cauley-Stein,1610612758.0,Sacramento,Kings,SAC,4,202699,Tobias Harris,1610612753.0,Orlando,Magic,ORL,1,0,,,,,
0021500189,433,3,11,4,6:56 PM,10:07,Harris Free Throw 1 of 2 (11 PTS),,,85 - 70,-15,4.0,202699,Tobias Harris,1610612753.0,Orlando,Magic,ORL,0,0,,,,,,0,0,,,,,
0021500189,435,8,0,4,6:56 PM,10:07,,,SUB: McLemore FOR Casspi,,,5.0,201956,Omri Casspi,1610612758.0,Sacramento,Kings,SAC,5,203463,Ben McLemore,1610612758.0,Sacramento,Kings,SAC,0,0,,,,,
0021500189,436,3,12,4,6:56 PM,10:07,Harris Free Throw 2 of 2 (12 PTS),,,85 - 71,-14,4.0,202699,Tobias Harris,1610612753.0,Orlando,Magic,ORL,0,0,,,,,,0,0,,,,,
0021500189,438,6,1,4,6:57 PM,9:58,Harris P.FOUL (P1.T1) (C.Blair),,,,,4.0,202699,Tobias Harris,1610612753.0,Orlando,Magic,ORL,5,203463,Ben McLemore,1610612758.0,Sacramento,Kings,SAC,1,0,,,,,
0021500189,439,8,0,4,6:57 PM,9:58,SUB: Frye FOR Smith,,,,,4.0,201160,Jason Smith,1610612753.0,Orlando,Magic,ORL,4,101112,Channing Frye,1610612753.0,Orlando,Magic,ORL,0,0,,,,,
0021500189,440,8,0,4,6:57 PM,9:58,,,SUB: Collison FOR Belinelli,,,5.0,201158,Marco Belinelli,1610612758.0,Sacramento,Kings,SAC,5,201954,Darren Collison,1610612758.0,Sacramento,Kings,SAC,0,0,,,,,
0021500189,441,2,79,4,6:57 PM,9:49,,,MISS McLemore 18' Pullup Jump Shot,,,5.0,203463,Ben McLemore,1610612758.0,Sacramento,Kings,SAC,0,0,,,,,,0,0,,,,,
0021500189,442,4,0,4,6:57 PM,9:48,Frye REBOUND (Off:0 Def:1),,,,,4.0,101112,Channing Frye,1610612753.0,Orlando,Magic,ORL,0,0,,,,,,0,0,,,,,
0021500189,443,1,73,4,6:57 PM,9:31,Harris 1' Driving Reverse Layup (14 PTS),,,85 - 73,-12,4.0,202699,Tobias Harris,1610612753.0,Orlando,Magic,ORL,0,0,,,,,,0,0,,,,,
0021500189,445,5,13,4,6:58 PM,9:13,,,McLemore Backcourt Turnover (P4.T14),,,5.0,203463,Ben McLemore,1610612758.0,Sacramento,Kings,SAC,0,0,,,,,,1,0,,,,,
0021500189,446,9,1,4,6:58 PM,9:13,,,Kings Timeout: Regular (Reg.4 Short 1),,,3.0,1610612758,,,,,,0,0,,,,,,0,0,,,,,
0021500189,448,8,0,4,7:00 PM,9:13,,,SUB: Cousins FOR Cauley-Stein,,,5.0,1626161,Willie Cauley-Stein,1610612758.0,Sacramento,Kings,SAC,5,202326,DeMarcus Cousins,1610612758.0,Sacramento,Kings,SAC,0,0,,,,,
0021500189,449,2,1,4,7:00 PM,9:02,MISS Frye 26' 3PT Jump Shot,,,,,4.0,101112,Channing Frye,1610612753.0,Orlando,Magic,ORL,0,0,,,,,,0,0,,,,,
0021500189,450,4,0,4,7:00 PM,9:01,,,Koufos REBOUND (Off:2 Def:3),,,5.0,201585,Kosta Koufos,1610612758.0,Sacramento,Kings,SAC,0,0,,,,,,0,0,,,,,
0021500189,451,2,1,4,7:01 PM,8:40,,,MISS Cousins 22' Jump Shot,,,5.0,202326,DeMarcus Cousins,1610612758.0,Sacramento,Kings,SAC,0,0,,,,,,0,0,,,,,
0021500189,452,4,0,4,7:01 PM,8:39,Frye REBOUND (Off:0 Def:2),,,,,4.0,101112,Channing Frye,1610612753.0,Orlando,Magic,ORL,0,0,,,,,,0,0,,,,,
0021500189,453,2,1,4,7:01 PM,8:25,MISS Fournier 16' Jump Shot,,,,,4.0,203095,Evan Fournier,1610612753.0,Orlando,Magic,ORL,0,0,,,,,,0,0,,,,,
0021500189,454,4,0,4,7:01 PM,8:24,,,Cousins REBOUND (Off:0 Def:11),,,5.0,202326,DeMarcus Cousins,1610612758.0,Sacramento,Kings,SAC,0,0,,,,,,0,0,,,,,
0021500189,455,5,2,4,7:01 PM,8:08,Gordon STEAL (1 STL),,Cousins Lost Ball Turnover (P4.T15),,,5.0,202326,DeMarcus Cousins,1610612758.0,Sacramento,Kings,SAC,4,203932,Aaron Gordon,1610612753.0,Orlando,Magic,ORL,0,0,,,,,
0021500189,456,1,50,4,7:01 PM,8:02,Harris  Running Dunk (16 PTS) (Payton 6 AST),,,85 - 75,-10,4.0,202699,Tobias Harris,1610612753.0,Orlando,Magic,ORL,4,203901,Elfrid Payton,1610612753.0,Orlando,Magic,ORL,0,0,,,,,
0021500189,457,2,1,4,7:02 PM,7:45,,,MISS McLemore 26' 3PT Jump Shot,,,5.0,203463,Ben McLemore,1610612758.0,Sacramento,Kings,SAC,0,0,,,,,,0,0,,,,,
0021500189,458,4,0,4,7:02 PM,7:45,,,Kings Rebound,,,3.0,1610612758,,,,,,0,0,,,,,,0,0,,,,,
0021500189,459,6,3,4,7:02 PM,7:45,Gordon L.B.FOUL (P2.T2) (T.Washington),,,,,4.0,203932,Aaron Gordon,1610612753.0,Orlando,Magic,ORL,5,202326,DeMarcus Cousins,1610612758.0,Sacramento,Kings,SAC,1,0,,,,,
0021500189,460,8,0,4,7:02 PM,7:45,,,SUB: Casspi FOR McLemore,,,5.0,203463,Ben McLemore,1610612758.0,Sacramento,Kings,SAC,5,201956,Omri Casspi,1610612758.0,Sacramento,Kings,SAC,0,0,,,,,
0021500189,461,5,38,4,7:02 PM,7:45,,,Kings Turnover: 5 Second Inbound (T#16),,,3.0,1610612758,,,,,,0,0,,,,,,1,0,,,,,
0021500189,462,2,5,4,7:03 PM,7:33,MISS Frye 2' Layup,,,,,4.0,101112,Channing Frye,1610612753.0,Orlando,Magic,ORL,0,0,,,,,,0,0,,,,,
0021500189,464,4,0,4,7:03 PM,7:31,Gordon REBOUND (Off:1 Def:4),,,,,4.0,203932,Aaron Gordon,1610612753.0,Orlando,Magic,ORL,0,0,,,,,,0,0,,,,,
0021500189,463,2,5,4,7:03 PM,7:31,MISS Gordon 1' Layup,,,,,4.0,203932,Aaron Gordon,1610612753.0,Orlando,Magic,ORL,0,0,,,,,,0,0,,,,,
0021500189,466,4,0,4,7:03 PM,7:28,Payton REBOUND (Off:2 Def:2),,,,,4.0,203901,Elfrid Payton,1610612753.0,Orlando,Magic,ORL,0,0,,,,,,0,0,,,,,
0021500189,465,5,2,4,7:03 PM,7:28,Payton Lost Ball Turnover (P5.T14),,Collison STEAL (2 STL),,,4.0,203901,Elfrid Payton,1610612753.0,Orlando,Magic,ORL,5,201954,Darren Collison,1610612758.0,Sacramento,Kings,SAC,0,0,,,,,
0021500189,467,2,5,4,7:03 PM,7:24,Harris BLOCK (2 BLK),,MISS Collison 1' Layup,,,5.0,201954,Darren Collison,1610612758.0,Sacramento,Kings,SAC,0,0,,,,,,4,202699,Tobias Harris,1610612753.0,Orlando,Magic,ORL
0021500189,468,4,0,4,7:03 PM,7:22,Gordon REBOUND (Off:1 Def:5),,,,,4.0,203932,Aaron Gordon,1610612753.0,Orlando,Magic,ORL,0,0,,,,,,0,0,,,,,
0021500189,469,1,42,4,7:03 PM,7:15,Harris 3' Driving Layup (18 PTS) (Fournier 2 AST),,,85 - 77,-8,4.0,202699,Tobias Harris,1610612753.0,Orlando,Magic,ORL,4,203095,Evan Fournier,1610612753.0,Orlando,Magic,ORL,0,0,,,,,
0021500189,471,6,1,4,7:04 PM,6:53,Gordon P.FOUL (P3.T3) (J.Tiven),,,,,4.0,203932,Aaron Gordon,1610612753.0,Orlando,Magic,ORL,5,202326,DeMarcus Cousins,1610612758.0,Sacramento,Kings,SAC,1,0,,,,,
0021500189,472,1,42,4,7:04 PM,6:48,,,Rondo 3' Driving Layup (13 PTS),87 - 77,-10,5.0,200765,Rajon Rondo,1610612758.0,Sacramento,Kings,SAC,0,0,,,,,,0,0,,,,,
0021500189,473,1,1,4,7:04 PM,6:33,Frye 26' 3PT Jump Shot (3 PTS) (Payton 7 AST),,,87 - 80,-7,4.0,101112,Channing Frye,1610612753.0,Orlando,Magic,ORL,4,203901,Elfrid Payton,1610612753.0,Orlando,Magic,ORL,0,0,,,,,
0021500189,474,6,1,4,7:05 PM,6:14,Gordon P.FOUL (P4.T4) (C.Blair),,,,,4.0,203932,Aaron Gordon,1610612753.0,Orlando,Magic,ORL,5,202326,DeMarcus Cousins,1610612758.0,Sacramento,Kings,SAC,1,0,,,,,
0021500189,475,8,0,4,7:05 PM,6:14,,,SUB: Belinelli FOR Koufos,,,5.0,201585,Kosta Koufos,1610612758.0,Sacramento,Kings,SAC,5,201158,Marco Belinelli,1610612758.0,Sacramento,Kings,SAC,0,0,,,,,
0021500189,476,2,1,4,7:05 PM,6:05,,,MISS Rondo 27' 3PT Jump Shot,,,5.0,200765,Rajon Rondo,1610612758.0,Sacramento,Kings,SAC,0,0,,,,,,0,0,,,,,
0021500189,477,4,0,4,7:05 PM,6:04,Fournier REBOUND (Off:0 Def:2),,,,,4.0,203095,Evan Fournier,1610612753.0,Orlando,Magic,ORL,0,0,,,,,,0,0,,,,,
0021500189,478,6,4,4,7:05 PM,5:59,Fournier OFF.Foul (P3) (J.Tiven),,,,,4.0,203095,Evan Fournier,1610612753.0,Orlando,Magic,ORL,5,201954,Darren Collison,1610612758.0,Sacramento,Kings,SAC,1,0,,,,,
0021500189,479,5,5,4,7:05 PM,5:59,Fournier Foul Turnover (P3.T15),,,,,4.0,203095,Evan Fournier,1610612753.0,Orlando,Magic,ORL,0,0,,,,,,1,0,,,,,
0021500189,480,6,11,4,7:05 PM,5:59,Fournier T.FOUL (P3.T4) (J.Tiven),,,,,4.0,203095,Evan Fournier,1610612753.0,Orlando,Magic,ORL,0,0,,,,,,1,0,,,,,
0021500189,481,9,4,4,7:06 PM,5:59,,,,,,1.0,0,,,,,,0,0,,,,,,0,0,,,,,
0021500189,485,3,16,4,7:08 PM,5:59,,,Collison Free Throw Technical (9 PTS),88 - 80,-8,5.0,201954,Darren Collison,1610612758.0,Sacramento,Kings,SAC,0,0,,,,,,0,0,,,,,
0021500189,487,1,3,4,7:09 PM,5:42,,,Cousins 4' Hook Shot (24 PTS),90 - 80,-10,5.0,202326,DeMarcus Cousins,1610612758.0,Sacramento,Kings,SAC,0,0,,,,,,0,0,,,,,
0021500189,488,6,1,4,7:09 PM,5:34,,,Belinelli P.FOUL (P2.T4) (T.Washington),,,5.0,201158,Marco Belinelli,1610612758.0,Sacramento,Kings,SAC,4,101112,Channing Frye,1610612753.0,Orlando,Magic,ORL,1,0,,,,,
0021500189,489,2,1,4,7:09 PM,5:22,MISS Harris 24' 3PT Jump Shot,,,,,4.0,202699,Tobias Harris,1610612753.0,Orlando,Magic,ORL,0,0,,,,,,0,0,,,,,
0021500189,490,4,0,4,7:09 PM,5:20,,,Casspi REBOUND (Off:1 Def:7),,,5.0,201956,Omri Casspi,1610612758.0,Sacramento,Kings,SAC,0,0,,,,,,0,0,,,,,
0021500189,491,2,1,4,7:09 PM,5:04,,,MISS Casspi 32' 3PT Jump Shot,,,5.0,201956,Omri Casspi,1610612758.0,Sacramento,Kings,SAC,0,0,,,,,,0,0,,,,,
0021500189,492,4,0,4,7:10 PM,5:01,Frye REBOUND (Off:0 Def:3),,,,,4.0,101112,Channing Frye,1610612753.0,Orlando,Magic,ORL,0,0,,,,,,0,0,,,,,
0021500189,493,2,1,4,7:10 PM,4:52,MISS Frye 28' 3PT Jump Shot,,,,,4.0,101112,Channing Frye,1610612753.0,Orlando,Magic,ORL,0,0,,,,,,0,0,,,,,
0021500189,494,4,0,4,7:10 PM,4:51,,,Rondo REBOUND (Off:0 Def:5),,,5.0,200765,Rajon Rondo,1610612758.0,Sacramento,Kings,SAC,0,0,,,,,,0,0,,,,,
0021500189,495,6,2,4,7:10 PM,4:47,Frye S.FOUL (P1.PN) (T.Washington),,,,,4.0,101112,Channing Frye,1610612753.0,Orlando,Magic,ORL,5,202326,DeMarcus Cousins,1610612758.0,Sacramento,Kings,SAC,1,0,,,,,
0021500189,496,3,11,4,7:10 PM,4:47,,,MISS Cousins Free Throw 1 of 2,,,5.0,202326,DeMarcus Cousins,1610612758.0,Sacramento,Kings,SAC,0,0,,,,,,0,0,,,,,
0021500189,497,4,1,4,7:10 PM,4:47,,,Kings Rebound,,,3.0,1610612758,,,,,,0,0,,,,,,0,0,,,,,
0021500189,498,3,12,4,7:10 PM,4:47,,,Cousins Free Throw 2 of 2 (25 PTS),91 - 80,-11,5.0,202326,DeMarcus Cousins,1610612758.0,Sacramento,Kings,SAC,0,0,,,,,,0,0,,,,,
0021500189,500,1,5,4,7:11 PM,4:34,Fournier 1' Layup (14 PTS) (Gordon 2 AST),,,91 - 82,-9,4.0,203095,Evan Fournier,1610612753.0,Orlando,Magic,ORL,4,203932,Aaron Gordon,1610612753.0,Orlando,Magic,ORL,0,0,,,,,
0021500189,501,2,1,4,7:11 PM,4:18,,,MISS Cousins 26' 3PT Jump Shot,,,5.0,202326,DeMarcus Cousins,1610612758.0,Sacramento,Kings,SAC,0,0,,,,,,0,0,,,,,
0021500189,502,4,0,4,7:11 PM,4:17,Fournier REBOUND (Off:0 Def:3),,,,,4.0,203095,Evan Fournier,1610612753.0,Orlando,Magic,ORL,0,0,,,,,,0,0,,,,,
0021500189,503,1,7,4,7:11 PM,4:05,Harris  Dunk (20 PTS) (Fournier 3 AST),,,91 - 84,-7,4.0,202699,Tobias Harris,1610612753.0,Orlando,Magic,ORL,4,203095,Evan Fournier,1610612753.0,Orlando,Magic,ORL,0,0,,,,,
0021500189,504,2,5,4,7:12 PM,3:47,,,MISS Collison 1' Layup,,,5.0,201954,Darren Collison,1610612758.0,Sacramento,Kings,SAC,0,0,,,,,,0,0,,,,,
0021500189,505,4,0,4,7:12 PM,3:46,Payton REBOUND (Off:2 Def:3),,,,,4.0,203901,Elfrid Payton,1610612753.0,Orlando,Magic,ORL,0,0,,,,,,0,0,,,,,
0021500189,506,2,1,4,7:12 PM,3:41,MISS Fournier 24' 3PT Jump Shot,,,,,4.0,203095,Evan Fournier,1610612753.0,Orlando,Magic,ORL,0,0,,,,,,0,0,,,,,
0021500189,507,4,0,4,7:12 PM,3:38,Gordon REBOUND (Off:2 Def:5),,,,,4.0,203932,Aaron Gordon,1610612753.0,Orlando,Magic,ORL,0,0,,,,,,0,0,,,,,
0021500189,508,2,1,4,7:12 PM,3:33,MISS Gordon 26' 3PT Jump Shot,,,,,4.0,203932,Aaron Gordon,1610612753.0,Orlando,Magic,ORL,0,0,,,,,,0,0,,,,,
0021500189,509,4,0,4,7:12 PM,3:31,,,Rondo REBOUND (Off:0 Def:6),,,5.0,200765,Rajon Rondo,1610612758.0,Sacramento,Kings,SAC,0,0,,,,,,0,0,,,,,
0021500189,510,1,52,4,7:12 PM,3:25,,,Cousins  Alley Oop Dunk (27 PTS) (Rondo 9 AST),93 - 84,-9,5.0,202326,DeMarcus Cousins,1610612758.0,Sacramento,Kings,SAC,5,200765,Rajon Rondo,1610612758.0,Sacramento,Kings,SAC,0,0,,,,,
0021500189,512,9,1,4,7:12 PM,3:23,MAGIC Timeout: Regular (Full 4 Short 0),,,,,2.0,1610612753,,,,,,0,0,,,,,,0,0,,,,,
0021500189,514,5,2,4,7:15 PM,3:12,Gordon Lost Ball Turnover (P1.T16),,Collison STEAL (3 STL),,,4.0,203932,Aaron Gordon,1610612753.0,Orlando,Magic,ORL,5,201954,Darren Collison,1610612758.0,Sacramento,Kings,SAC,0,0,,,,,
0021500189,515,6,2,4,7:15 PM,3:09,Harris S.FOUL (P2.PN) (T.Washington),,,,,4.0,202699,Tobias Harris,1610612753.0,Orlando,Magic,ORL,5,201158,Marco Belinelli,1610612758.0,Sacramento,Kings,SAC,1,0,,,,,
0021500189,516,3,11,4,7:15 PM,3:09,,,Belinelli Free Throw 1 of 2 (12 PTS),94 - 84,-10,5.0,201158,Marco Belinelli,1610612758.0,Sacramento,Kings,SAC,0,0,,,,,,0,0,,,,,
0021500189,518,3,12,4,7:15 PM,3:09,,,Belinelli Free Throw 2 of 2 (13 PTS),95 - 84,-11,5.0,201158,Marco Belinelli,1610612758.0,Sacramento,Kings,SAC,0,0,,,,,,0,0,,,,,
0021500189,520,2,1,4,7:16 PM,2:59,MISS Payton 3' Jump Shot,,,,,4.0,203901,Elfrid Payton,1610612753.0,Orlando,Magic,ORL,0,0,,,,,,0,0,,,,,
0021500189,521,4,0,4,7:16 PM,2:57,,,Cousins REBOUND (Off:0 Def:12),,,5.0,202326,DeMarcus Cousins,1610612758.0,Sacramento,Kings,SAC,0,0,,,,,,0,0,,,,,
0021500189,522,2,5,4,7:16 PM,2:45,Frye BLOCK (1 BLK),,MISS Cousins 1' Layup,,,5.0,202326,DeMarcus Cousins,1610612758.0,Sacramento,Kings,SAC,0,0,,,,,,4,101112,Channing Frye,1610612753.0,Orlando,Magic,ORL
0021500189,523,4,0,4,7:16 PM,2:43,,,Casspi REBOUND (Off:2 Def:7),,,5.0,201956,Omri Casspi,1610612758.0,Sacramento,Kings,SAC,0,0,,,,,,0,0,,,,,
0021500189,524,6,1,4,7:16 PM,2:39,Fournier P.FOUL (P4.PN) (C.Blair),,,,,4.0,203095,Evan Fournier,1610612753.0,Orlando,Magic,ORL,5,202326,DeMarcus Cousins,1610612758.0,Sacramento,Kings,SAC,1,0,,,,,
0021500189,525,3,11,4,7:16 PM,2:39,,,Cousins Free Throw 1 of 2 (28 PTS),96 - 84,-12,5.0,202326,DeMarcus Cousins,1610612758.0,Sacramento,Kings,SAC,0,0,,,,,,0,0,,,,,
0021500189,527,8,0,4,7:17 PM,2:39,SUB: Hezonja FOR Gordon,,,,,4.0,203932,Aaron Gordon,1610612753.0,Orlando,Magic,ORL,4,1626209,Mario Hezonja,1610612753.0,Orlando,Magic,ORL,0,0,,,,,
0021500189,528,3,12,4,7:17 PM,2:39,,,Cousins Free Throw 2 of 2 (29 PTS),97 - 84,-13,5.0,202326,DeMarcus Cousins,1610612758.0,Sacramento,Kings,SAC,0,0,,,,,,0,0,,,,,
0021500189,530,1,1,4,7:17 PM,2:28,Harris 6' Jump Shot (22 PTS) (Payton 8 AST),,,97 - 86,-11,4.0,202699,Tobias Harris,1610612753.0,Orlando,Magic,ORL,4,203901,Elfrid Payton,1610612753.0,Orlando,Magic,ORL,0,0,,,,,
0021500189,531,2,1,4,7:17 PM,2:04,,,MISS Rondo 21' Jump Shot,,,5.0,200765,Rajon Rondo,1610612758.0,Sacramento,Kings,SAC,0,0,,,,,,0,0,,,,,
0021500189,532,4,0,4,7:17 PM,2:03,Frye REBOUND (Off:0 Def:4),,,,,4.0,101112,Channing Frye,1610612753.0,Orlando,Magic,ORL,0,0,,,,,,0,0,,,,,
0021500189,533,5,39,4,7:18 PM,1:59,Hezonja Step Out of Bounds Turnover (P2.T17),,,,,4.0,1626209,Mario Hezonja,1610612753.0,Orlando,Magic,ORL,0,0,,,,,,1,0,,,,,
0021500189,534,8,0,4,7:18 PM,1:59,SUB: Napier FOR Payton,,,,,4.0,203901,Elfrid Payton,1610612753.0,Orlando,Magic,ORL,4,203894,Shabazz Napier,1610612753.0,Orlando,Magic,ORL,0,0,,,,,
0021500189,535,2,1,4,7:18 PM,1:37,,,MISS Cousins 20' Jump Shot,,,5.0,202326,DeMarcus Cousins,1610612758.0,Sacramento,Kings,SAC,0,0,,,,,,0,0,,,,,
0021500189,537,4,0,4,7:18 PM,1:35,,,Rondo REBOUND (Off:1 Def:6),,,5.0,200765,Rajon Rondo,1610612758.0,Sacramento,Kings,SAC,0,0,,,,,,0,0,,,,,
0021500189,536,2,97,4,7:18 PM,1:35,,,MISS Rondo 1' Tip Layup Shot,,,5.0,200765,Rajon Rondo,1610612758.0,Sacramento,Kings,SAC,0,0,,,,,,0,0,,,,,
0021500189,538,4,0,4,7:18 PM,1:34,,,Casspi REBOUND (Off:3 Def:7),,,5.0,201956,Omri Casspi,1610612758.0,Sacramento,Kings,SAC,0,0,,,,,,0,0,,,,,
0021500189,539,2,5,4,7:18 PM,1:32,,,MISS Casspi 3' Layup,,,5.0,201956,Omri Casspi,1610612758.0,Sacramento,Kings,SAC,0,0,,,,,,0,0,,,,,
0021500189,540,4,0,4,7:18 PM,1:31,Fournier REBOUND (Off:0 Def:4),,,,,4.0,203095,Evan Fournier,1610612753.0,Orlando,Magic,ORL,0,0,,,,,,0,0,,,,,
0021500189,541,1,5,4,7:19 PM,1:22,Harris 2' Layup (24 PTS) (Napier 2 AST),,,97 - 88,-9,4.0,202699,Tobias Harris,1610612753.0,Orlando,Magic,ORL,4,203894,Shabazz Napier,1610612753.0,Orlando,Magic,ORL,0,0,,,,,
0021500189,542,2,40,4,7:19 PM,1:00,Harris BLOCK (3 BLK),,MISS Cousins 1' Layup,,,5.0,202326,DeMarcus Cousins,1610612758.0,Sacramento,Kings,SAC,0,0,,,,,,4,202699,Tobias Harris,1610612753.0,Orlando,Magic,ORL
0021500189,549,4,0,4,7:19 PM,1:00,Harris REBOUND (Off:0 Def:4),,,,,4.0,202699,Tobias Harris,1610612753.0,Orlando,Magic,ORL,0,0,,,,,,0,0,,,,,
0021500189,543,1,1,4,7:19 PM,0:55,Fournier 24' 3PT Jump Shot (17 PTS) (Napier 3 AST),,,97 - 91,-6,4.0,203095,Evan Fournier,1610612753.0,Orlando,Magic,ORL,4,203894,Shabazz Napier,1610612753.0,Orlando,Magic,ORL,0,0,,,,,
0021500189,544,2,1,4,7:19 PM,0:30,,,MISS Collison 18' Jump Shot,,,5.0,201954,Darren Collison,1610612758.0,Sacramento,Kings,SAC,0,0,,,,,,0,0,,,,,
0021500189,546,4,0,4,7:20 PM,0:29,Napier REBOUND (Off:1 Def:2),,,,,4.0,203894,Shabazz Napier,1610612753.0,Orlando,Magic,ORL,0,0,,,,,,0,0,,,,,
0021500189,547,2,1,4,7:20 PM,0:22,MISS Fournier 26' 3PT Jump Shot,,,,,4.0,203095,Evan Fournier,1610612753.0,Orlando,Magic,ORL,0,0,,,,,,0,0,,,,,
0021500189,548,4,0,4,7:20 PM,0:21,,,Casspi REBOUND (Off:3 Def:8),,,5.0,201956,Omri Casspi,1610612758.0,Sacramento,Kings,SAC,0,0,,,,,,0,0,,,,,
0021500189,550,13,0,4,7:20 PM,0:00,,,,97 - 91,-6,0.0,0,,,,,,0,0,,,,,,0,0,,,,,
